Instituição;Código;TCB;TD;TC;SR;Segmento;Cidade;UF;Data;Total da Carteira de Pessoa Física;Empréstimo com Consignação em Folha;Empréstimo com Consignação em Folha - A Vencer em até 90 Dias;Empréstimo com Consignação em Folha - A Vencer Entre 91 a 360 Dias;Empréstimo com Consignação em Folha - A Vencer Entre 361 a 1080 Dias;Empréstimo com Consignação em Folha - A Vencer Entre 1081 a 1800 Dias;Empréstimo com Consignação em Folha - A Vencer Entre 1801 a 5400 Dias;Empréstimo com Consignação em Folha - A vencer Acima de 5400 Dias;Empréstimo com Consignação em Folha - Total;Empréstimo sem Consignação em Folha;Empréstimo sem Consignação em Folha - A Vencer em até 90 Dias;Empréstimo sem Consignação em Folha - A Vencer Entre 91 a 360 Dias;Empréstimo sem Consignação em Folha - A Vencer Entre 361 a 1080 Dias;Empréstimo sem Consignação em Folha - A Vencer Entre 1081 a 1800 Dias;Empréstimo sem Consignação em Folha - A Vencer Entre 1801 a 5400 Dias;Empréstimo sem Consignação em Folha - A vencer Acima de 5400 Dias;Empréstimo sem Consignação em Folha - Total;Veículos;Veículos - A Vencer em até 90 Dias;Veículos - A Vencer Entre 91 a 360 Dias;Veículos - A Vencer Entre 361 a 1080 Dias;Veículos - A Vencer Entre 1081 a 1800 Dias;Veículos - A Vencer Entre 1801 a 5400 Dias;Veículos - A vencer Acima de 5400 Dias;Veículos - Total;Habitação;Habitação - A Vencer em até 90 Dias;Habitação - A Vencer Entre 91 a 360 Dias;Habitação - A Vencer Entre 361 a 1080 Dias;Habitação - A Vencer Entre 1081 a 1800 Dias;Habitação - A Vencer Entre 1801 a 5400 Dias;Habitação - A vencer Acima de 5400 Dias;Habitação - Total;Cartão de Crédito;Cartão de Crédito - A Vencer em até 90 Dias;Cartão de Crédito - A Vencer Entre 91 a 360 Dias;Cartão de Crédito - A Vencer Entre 361 a 1080 Dias;Cartão de Crédito - A Vencer Entre 1081 a 1800 Dias;Cartão de Crédito - A Vencer Entre 1801 a 5400 Dias;Cartão de Crédito - A vencer Acima de 5400 Dias;Cartão de Crédito - Total;Rural e Agroindustrial;Rural e Agroindustrial - A Vencer em até 90 Dias;Rural e Agroindustrial - A Vencer Entre 91 a 360 Dias;Rural e Agroindustrial - A Vencer Entre 361 a 1080 Dias;Rural e Agroindustrial - A Vencer Entre 1081 a 1800 dias;Rural e Agroindustrial - A Vencer Entre 1801 a 5400 Dias;Rural e Agroindustrial - A Vencer Acima de 5400 Dias;Rural e Agroindustrial - Total;Outros Créditos;Outros Créditos - A Vencer em até 90 Dias;Outros Créditos - A Vencer Entre 91 a 360 Dias;Outros Créditos - A Vencer Entre 361 a 1080 Dias;Outros Créditos - A Vencer Entre 1081 a 1800 Dias;Outros Créditos - A Vencer Entre 1801 a 5400 Dias;Outros Créditos - A vencer Acima de 5400 Dias;Outros Créditos - Total;Total Exterior Pessoa Física
CAIXA ECONOMICA FEDERAL;360.305;b1;I;1;S1;6;BRASILIA;DF;09/2020;584.352.212;2.462.625;5.007.919;13.130.242;23.699.553;12.520.939;9.661.913;69;66.483.261;690.284;1.061.528;2.268.211;2.691.102;228.133;22.014;10.364;6.971.635;26.382;79.916;107.370;94.518;13.934;38;16;322.174;637.934;12.848.662;37.507.033;87.011.697;71.015.085;199.270.839;80.127.609;488.418.858;1.147.643;5.937.273;1.999.287;184.936;23.881;23.671;0;9.316.690;136.775;607.017;1.736.873;574.509;174.328;83.255;597;3.313.355;1.419.693;2.740.999;2.134.881;1.724.816;780.721;693.498;31.629;9.526.238;0
BB;49.906;b1;C;1;S1;199;BRASILIA;DF;09/2020;382.276.910;226.656;4.753.111;13.841.028;30.124.937;20.863.193;16.598.383;3.557.441;89.964.749;473.893;2.777.860;8.155.128;11.041.151;5.404.670;2.991.678;392.939;31.237.319;32.001;430.164;1.151.522;1.810.912;424.143;22;103.715;3.952.478;56.839;411.177;1.296.453;3.479.395;3.437.992;17.659.477;20.782.563;47.123.896;1.461.480;21.873.882;5.125.730;291.348;241;0;193.690;28.946.370;1.705.212;15.149.846;52.711.111;47.816.162;26.114.813;23.162.142;227.372;166.886.659;500.549;1.071.178;2.819.085;2.011.989;1.400.605;1.714.023;130.924;9.648.354;4.517.085
ITAU;10.069;b1;C;2;S1;199;SAO PAULO;SP;09/2020;318.763.117;482.933;4.560.217;12.349.177;20.531.836;9.299.561;3.523.860;7;50.747.591;319.661;1.746.762;3.969.221;3.466.668;873.628;64.319;0;10.440.259;185.518;2.651.111;6.820.149;10.094.282;1.742.171;4.078;0;21.497.309;36.832;1.618.302;4.591.118;10.494.737;8.237.645;20.304.356;5.638.131;50.921.120;5.901.407;48.275.989;21.813.584;1.512.242;27.695;9;0;77.530.926;749;171.551;729.964;176.671;48.444;29.287;0;1.156.667;2.236.935;8.444.344;9.776.192;9.035.239;2.297.403;399.671;2;32.189.786;74.279.458
BRADESCO;10.045;b1;C;2;S1;199;OSASCO;SP;09/2020;239.747.910;305.953;5.482.782;14.979.594;26.105.842;13.022.549;6.469.553;597;66.366.870;875.317;5.912.472;8.622.058;8.125.466;1.447.213;410.067;541;25.393.134;196.122;3.613.178;9.335.285;13.267.944;2.049.850;9.931;31;28.472.341;30.346;1.702.369;4.684.329;10.611.192;8.171.753;20.475.159;6.226.920;51.902.069;3.264.523;23.113.756;8.491.594;1.070.667;142.977;19.526;0;36.103.043;112.918;1.806.388;4.874.659;5.464.411;1.223.191;446.188;1.247;13.929.002;960.973;4.675.931;3.387.701;4.811.236;1.808.589;945.206;13.694;16.603.329;978.122
SANTANDER;30.379;b1;C;3;S1;199;SAO PAULO;SP;09/2020;215.776.268;742.742;3.453.300;9.486.031;16.880.352;8.882.310;6.175.177;882;45.620.794;521.929;1.399.892;3.007.217;3.908.286;1.601.167;480.026;16.977;10.935.493;568.559;6.420.279;16.454.848;24.739.620;4.798.942;28.737;4.148;53.015.132;33.873;1.268.052;3.647.369;8.348.447;6.495.644;16.043.801;5.059.369;40.896.556;1.527.563;22.255.088;8.212.806;965.376;275.365;141.640;39;33.377.876;45.353;780.631;2.858.701;2.129.527;1.003.739;656.147;0;7.474.097;1.345.938;4.505.922;4.662.426;5.547.103;3.276.368;2.408.190;114.942;21.860.889;2.595.430
VOTORANTIM;51.011;b1;C;2;S2;199;SAO PAULO;SP;09/2020;44.127.264;65.047;126.987;269.764;214.191;11.894;28;0;687.910;48.140;108.231;348.791;261.131;89.826;6.380;0;862.499;642.298;5.142.348;12.862.511;18.597.273;2.594.469;2.868;0;39.841.766;0;0;0;0;0;0;0;0;444.322;1.500.493;633.408;53.384;0;0;0;2.631.607;0;509;2.012;3.459;1.391;0;0;7.371;20.067;12.829;15.982;28.018;9.905;9.177;133;96.111;0
BANRISUL;30.173;b1;C;1;S2;199;PORTO ALEGRE;RS;09/2020;27.116.436;56.902;1.085.124;3.044.655;6.293.856;3.954.244;2.417.900;99;16.852.781;25.317;558.787;426.407;268.807;50.288;15.974;96;1.345.675;70;1.416;4.243;6.465;1.697;9;0;13.899;1.943;65.136;155.164;405.200;376.551;1.482.540;1.110.870;3.597.403;49.013;1.028.460;292.503;3.549;0;0;0;1.373.525;37.120;167.403;1.124.291;563.496;268.888;180.326;66.768;2.408.292;102.042;883.805;199.673;176.058;82.091;81.148;43;1.524.860;0
SAFRA;10.083;b1;C;2;S2;199;SAO PAULO;SP;09/2020;24.340.978;32.918;602.959;1.672.143;3.218.473;1.761.046;768.492;0;8.056.030;8.117;277.295;1.053.605;811.497;174.476;6.878;0;2.331.868;185.854;1.704.476;4.380.669;6.347.457;693.167;628;0;13.312.252;0;32;395;679;175;264;0;1.545;6.594;182.858;59.031;149;0;0;0;248.633;98;35.855;70.085;61.749;37.466;11.647;0;216.900;14.727;90.777;58.856;605;0;0;0;164.965;8.785
PAN;31.323;b1;C;2;S3;199;SAO PAULO;SP;09/2020;23.772.645;119.456;733.862;2.113.955;3.905.093;2.089.410;1.045.105;0;10.006.880;1.403;11.052;15.762;981;13;0;0;29.212;301.943;1.345.334;3.242.538;4.487.150;466.513;227;0;9.843.705;852;3.823;9.711;20.912;15.267;31.209;4.635;86.409;530.223;2.670.376;282.773;8.107;217;2;0;3.491.697;0;0;0;0;0;0;0;0;14.585;21.496;48.734;96.537;59.388;72.103;1.899;314.742;0
BANCO RABOBANK INTERNATIONAL BRASIL S.A.;1.023.570;b1;I;3;S3;8;SAO PAULO;SP;09/2020;17.193.893;0;0;0;0;0;0;0;0;0;0;0;0;0;0;0;0;0;0;0;0;0;0;0;0;0;0;0;0;0;0;0;0;0;0;0;0;0;0;0;0;78.704;1.151.190;1.580.838;1.335.518;640.212;363.387;3.142;5.152.991;268.179;1.805.760;4.582.807;3.688.539;1.376.389;316.664;2.563;12.040.902;0
BRB;31.976;b1;C;1;S3;199;BRASILIA;DF;09/2020;12.482.803;21.896;395.208;1.049.935;2.318.794;1.712.794;2.354.811;0;7.853.437;29.459;365.476;460.312;815.868;500.599;356.273;0;2.527.987;502;5.983;14.492;20.619;4.141;0;0;45.738;475;26.360;61.667;161.477;155.405;658.673;527.896;1.591.952;0;0;0;0;0;0;0;0;2.645;36.664;117.378;33.492;21.057;23.949;0;235.185;8.688;21.555;105.494;16.989;9.079;8.670;58.029;228.504;0
NU PAGAMENTOS S.A.;18.236.120;n4;I;2;S4;41;SAO PAULO;SP;09/2020;12.123.281;0;0;0;0;0;0;0;0;0;0;0;0;0;0;0;0;0;0;0;0;0;0;0;0;0;0;0;0;0;0;0;0;0;8.660.572;2.184.940;712;0;0;0;10.846.224;0;0;0;0;0;0;0;0;625.195;416.426;230.058;5.377;0;0;0;1.277.057;0
BANCO COOPERATIVO SICREDI S.A.;1.181.521;b1;I;2;S3;11;PORTO ALEGRE;RS;09/2020;10.926.198;2;42.053;108.961;174.969;68.991;25.467;0;420.442;0;65;140;391;205;120;0;922;0;2.280;6.335;14.009;2.592;1.131;0;26.347;0;6.874;16.663;43.535;42.719;193.050;180.616;483.457;0;0;0;0;0;0;0;0;0;592.643;1.359.787;3.313.988;2.284.752;2.379.664;246;9.931.080;76;4.866;16.460;33.834;8.669;45;0;63.950;0
BMG;30.290;b1;C;2;S3;199;SAO PAULO;SP;09/2020;10.723.715;11.543;74.238;219.208;411.581;234.073;144.780;26;1.095.448;235.178;303.948;271.454;12.975;383;229;0;824.167;30;10;19;27;0;0;0;85;0;0;0;0;0;0;0;0;383.652;3.847.955;1.237.783;1.759.228;563.369;86.587;0;7.878.575;0;0;0;0;0;0;0;0;617;24.819;15.916;13.585;3.594;4.149;0;62.681;862.760
BANCO CSF S.A.;8.357.240;b2;I;3;S3;8;SAO PAULO;SP;09/2020;10.102.565;0;0;0;0;0;0;0;0;0;0;0;0;0;0;0;0;0;0;0;0;0;0;0;0;0;0;0;0;0;0;0;0;1.379.294;5.595.149;2.623.623;504.470;29;0;0;10.102.565;0;0;0;0;0;0;0;0;0;0;0;0;0;0;0;0;0
DAYCOVAL;51.987;b1;C;2;S3;199;SAO PAULO;SP;09/2020;8.506.269;98.762;467.853;1.267.127;2.415.405;1.412.483;752.136;0;6.413.766;2.256;9.421;23.253;34.853;10.389;1;0;80.173;35.691;156.698;366.560;481.051;42.507;1.447;0;1.083.954;29;44;76;209;221;1.431;364;2.375;36.084;504.588;11.995;2.957;1.110;136;0;556.870;0;563;267;483;0;0;0;1.313;3.162;58.597;88.022;146.725;29.923;39.787;1.603;367.818;0
PORTO SEGURO;51.444;n1;C;2;S4;197;SAO PAULO;SP;09/2020;8.424.055;3.736;13.397;30.597;37.225;7.298;53;0;92.306;2.034;3.995;10.128;1.229;6;0;0;17.392;18.229;174.083;449.201;677.080;123.590;195;0;1.442.378;0;0;0;0;0;0;0;0;445.415;4.240.815;1.962.604;140.539;27.352;2;0;6.816.727;0;0;0;0;0;0;0;0;922;8.310;19.850;23.528;2.641;1;0;55.253;0
BNP PARIBAS;51.516;b1;C;3;S3;199;SAO PAULO;SP;09/2020;7.730.441;66.810;365.381;1.059.026;1.709.209;951.763;527.777;836;4.680.802;39.146;47.799;80.017;12.059;1;0;0;179.023;355;575;1.485;2.727;348;0;0;5.490;0;0;0;0;0;0;0;0;93.634;1.704.147;628.513;171.772;11.518;0;0;2.609.584;0;3.145;7.094;0;0;0;0;10.239;13.997;38.183;70.592;83.124;28.578;10.829;0;245.302;0
BANCO VOLKSWAGEN S.A.;59.109.165;b2;I;3;S3;8;SAO PAULO;SP;09/2020;7.681.825;1.105;6.388;16.690;17.867;1.979;19;0;44.047;477;7.787;28.939;77.361;37.202;42;0;151.808;102.071;968.757;2.531.004;3.348.634;534.101;1.402;0;7.485.970;0;0;0;0;0;0;0;0;0;0;0;0;0;0;0;0;0;0;0;0;0;0;0;0;0;0;0;0;0;0;0;0;0
BANCOOB;51.750;b1;C;2;S3;199;BRASILIA;DF;09/2020;7.680.791;3.947;81.352;205.699;414.447;219.928;67.666;0;993.039;1.140;22.163;57.421;111.027;50.506;25.608;0;267.865;0;3;0;4;2;0;0;9;21;2.281;5.238;13.922;13.286;62.598;65.155;162.502;21.534;679.327;3.074.259;17.001;42;0;0;3.792.163;0;153.151;306.770;754.812;578.273;633.865;0;2.426.870;94;1.035;2.997;8.687;8.281;17.248;0;38.343;0
BANCO GM S.A.;59.274.605;b2;I;3;S3;8;SAO PAULO;SP;09/2020;6.860.021;0;0;0;0;0;0;0;0;0;0;0;0;0;0;0;0;59.171;913.091;2.217.192;3.109.015;560.467;1.085;0;6.860.021;0;0;0;0;0;0;0;0;0;0;0;0;0;0;0;0;0;0;0;0;0;0;0;0;0;0;0;0;0;0;0;0;0
BANCO DO ESTADO DO PARÁ S.A.;4.913.711;b1;I;1;S3;8;BELEM;PA;09/2020;6.093.836;9.816;226.569;860.599;1.588.943;908.201;1.032.614;0;4.626.742;19.235;286.689;402.661;412.121;132.709;31.294;0;1.284.708;0;0;0;0;0;0;0;0;0;666;2.010;4.722;3.829;11.328;4.778;27.332;4.458;38.014;14.163;893;0;0;1;57.529;2.208;1.174;1.365;935;283;191;0;6.157;2.301;10.824;20.590;29.973;14.783;12.691;205;91.367;0
BANCO JOHN DEERE S.A.;91.884.981;b1;I;3;S3;8;INDAIATUBA;SP;09/2020;6.011.642;0;0;0;0;0;0;0;0;0;0;0;0;0;0;0;0;0;0;0;0;0;0;0;0;0;0;0;0;0;0;0;0;0;0;0;0;0;0;0;0;39.170;223.681;1.430.487;2.377.153;1.398.236;417.485;0;5.886.211;6.963;32.474;56.511;24.929;3.992;562;0;125.431;0
BANCO DO NORDESTE DO BRASIL S.A.;7.237.373;b1;I;1;S2;8;FORTALEZA;CE;09/2020;5.543.758;372;14.389;37.047;54.958;19.632;466;0;126.865;1.410;6.563;12.487;9.591;73;1;0;30.124;0;0;0;0;0;0;0;0;0;0;0;0;0;0;0;0;3.223;31.261;11.275;506;0;0;0;46.264;23.016;50.454;148.304;659.534;3.013;3.875;0;888.197;68.044;2.585.445;1.691.669;103.853;1.961;1.180;157;4.452.308;0
BANCO TOYOTA DO BRASIL S.A.;3.215.790;b2;I;3;S3;8;SAO PAULO;SP;09/2020;5.519.667;0;0;0;0;0;0;0;0;5;139;357;544;44;0;0;1.090;16.113;712.265;1.966.041;2.574.795;211.190;1.552;0;5.481.957;0;0;0;0;0;0;0;0;0;0;0;0;0;0;0;0;0;0;0;0;0;0;0;0;78;5.396;13.290;16.266;1.572;18;0;36.620;0
BANCO CNH INDUSTRIAL CAPITAL S.A.;2.992.446;b2;I;3;S3;8;CURITIBA;PR;09/2020;5.384.338;0;0;0;0;0;0;0;0;5;780;2.531;4.498;1.437;3;0;9.254;569;6.474;18.419;34.178;15.862;147;0;75.648;0;0;0;0;0;0;0;0;0;0;0;0;0;0;0;0;39.640;69.461;1.329.292;2.103.622;1.359.158;365.771;0;5.266.944;5;7.601;24.886;0;0;0;0;32.492;0
PARANÁ BANCO;30.881;b1;C;2;S4;199;CURITIBA;PR;09/2020;5.147.704;23.390;342.298;998.084;1.927.269;1.135.081;699.486;0;5.125.608;0;0;0;0;0;0;0;0;0;0;0;0;0;0;0;0;0;0;0;0;0;0;0;0;0;0;0;0;0;0;0;0;0;0;0;0;0;0;0;0;498;1.335;3.394;6.805;4.284;5.758;22;22.097;0
INTER;51.884;b1;C;2;S4;199;BELO HORIZONTE;MG;09/2020;5.125.389;12.029;74.826;232.743;436.304;277.929;224.612;0;1.258.444;25;22;58;79;4;0;0;188;0;0;0;0;0;0;0;0;7.216;42.191;93.796;237.347;216.687;738.805;416.100;1.752.141;132.143;949.554;265.109;18.160;2.069;492;4.789;1.372.317;0;1.500;2.813;14.344;1.006;0;0;19.663;13.233;47.295;76.636;169.730;147.920;258.956;8.865;722.636;0
BANCO DE LAGE LANDEN BRASIL S.A.;5.040.481;b2;I;3;S4;8;PORTO ALEGRE;RS;09/2020;4.711.469;0;0;0;0;0;0;0;0;21;905;2.926;5.442;2.169;9;0;11.472;0;0;0;0;0;0;0;0;0;0;0;0;0;0;0;0;0;0;0;0;0;0;0;0;22.294;230.140;1.166.651;1.937.588;930.275;317.866;0;4.604.812;0;5.275;14.872;33.429;22.500;19.109;0;95.185;0
MERCANTIL DO BRASIL;20.152;b1;C;2;S3;199;BELO HORIZONTE;MG;09/2020;4.475.362;15.401;164.036;569.537;994.095;477.954;206.645;0;2.427.667;79.615;309.167;612.658;467.258;89.434;11.878;0;1.570.010;5;637;1.408;715;1;0;0;2.767;9;140;4.567;8.080;6.987;21.410;9.295;50.487;11.470;231.471;38.804;500;0;0;0;282.245;10.449;562;7.776;9.638;1.186;0;0;29.611;12.614;34.262;39.843;21.231;4.586;39;0;112.576;0
ALFA;51.293;b1;C;2;S3;199;SAO PAULO;SP;09/2020;4.168.778;3.697;230.156;591.794;1.046.631;568.105;343.537;0;2.783.920;446;15.238;30.131;90.047;7.723;305;0;143.890;3.166;168.932;430.733;567.931;69.531;95;0;1.240.389;0;0;0;0;0;0;0;0;0;0;0;0;0;0;0;0;0;0;0;0;0;0;0;0;0;349;168;62;0;0;0;580;0
ORIGINAL;51.781;b1;C;2;S3;199;SAO PAULO;SP;09/2020;3.924.375;0;0;0;0;0;0;0;0;15.766;50.108;132.351;226.489;10.222;259;0;435.195;0;0;0;0;0;0;0;0;7;51;133;322;101;243;64;922;44.080;297.675;90.146;1.528;1;0;0;433.428;0;3.696;10.380;11.771;0;0;0;25.848;15.343;646.218;666.191;1.491.802;132.638;4.327;72.464;3.028.983;0
HONDA;51.396;b2;C;3;S4;198;SAO PAULO;SP;09/2020;3.710.526;0;0;0;0;0;0;0;0;11;29;40;0;0;0;0;81;55.016;543.292;1.280.980;1.730.586;100.569;2;0;3.710.446;0;0;0;0;0;0;0;0;0;0;0;0;0;0;0;0;0;0;0;0;0;0;0;0;0;0;0;0;0;0;0;0;0
MIDWAY S.A. - CRÉDITO, FINANCIAMENTO E INVESTIMENTO;9.464.032;n1;I;2;S4;14;SAO PAULO;SP;09/2020;3.708.361;192;545;1.312;519;0;0;0;2.568;232.300;108.294;66.077;2.268;0;0;0;408.939;0;0;0;0;0;0;0;0;0;0;0;0;0;0;0;0;751.865;1.818.143;716.396;10.450;0;0;0;3.296.854;0;0;0;0;0;0;0;0;0;0;0;0;0;0;0;0;0
CREDIT SUISSE;30.771;b1;C;3;S3;199;SAO PAULO;SP;09/2020;3.453.132;0;0;0;0;0;0;0;0;0;42.719;291.432;2.712.559;256.510;0;0;3.303.219;0;0;0;0;0;0;0;0;0;0;0;0;0;0;0;0;0;0;0;0;0;0;0;0;0;0;0;0;0;0;0;0;0;0;241;472;149.200;0;0;149.913;0
OMNI;50.940;b1;C;2;S4;199;SAO PAULO;SP;09/2020;3.126.729;0;0;0;0;0;0;0;0;33.173;90.843;123.126;66.805;3.078;0;0;317.025;116.650;369.236;785.467;846.157;64.765;0;0;2.182.276;0;0;0;0;0;0;0;0;154.034;319.332;78.197;2.848;0;0;0;554.412;0;0;0;0;0;0;0;0;7.427;31.809;31.846;1.934;0;0;0;73.016;0
BANESTES;30.159;b1;C;1;S3;199;VITORIA;ES;09/2020;3.041.693;6.823;94.703;275.203;572.655;364.825;306.913;0;1.621.122;4.922;37.375;65.713;69.826;20.888;1.472;0;200.195;135;2.700;7.751;13.407;3.101;18;0;27.111;153;6.100;18.088;47.553;46.078;193.811;159.195;470.978;10.710;353.236;14.560;3.375;0;0;0;381.881;2.364;35.606;38.090;31.618;13.688;3.594;0;124.961;6.295;46.933;63.870;77.497;13.753;7.089;9;215.446;0
BANCO REGIONAL DE DESENVOLVIMENTO DO EXTREMO SUL;92.816.560;b4;I;1;S3;5;PORTO ALEGRE;RS;09/2020;2.878.574;0;0;0;0;0;0;0;0;0;0;0;0;0;0;0;0;0;0;0;0;0;0;0;0;0;0;0;0;0;0;0;0;0;0;0;0;0;0;0;0;12.304;195.482;486.448;1.066.019;568.279;479.382;30;2.807.943;61;3.964;9.536;23.571;16.225;17.274;0;70.630;0
REALIZE CRÉDITO, FINANCIAMENTO E INVESTIMENTO S.A.;27.351.731;n1;I;3;S4;14;PORTO ALEGRE;RS;09/2020;2.867.335;0;0;0;0;0;0;0;0;14.091;10.570;4.326;102;0;0;0;29.089;0;0;0;0;0;0;0;0;0;0;0;0;0;0;0;0;591.262;1.633.615;591.554;21.815;0;0;0;2.838.246;0;0;0;0;0;0;0;0;0;0;0;0;0;0;0;0;0
COOPERATIVA DE CREDITO CREDICITRUS;54.037.916;b3S;I;2;S4;9;BEBEDOURO;SP;09/2020;2.841.421;8;359;1.299;2.161;821;0;0;4.648;8.368;177.885;466.768;424.666;111.145;3.151;0;1.191.983;379;14.692;43.230;74.126;14.095;102;0;146.625;0;0;0;0;0;0;0;0;0;0;0;0;0;0;0;0;3.885;386.242;709.140;236.225;32.196;934;0;1.368.622;14.677;69.375;35.535;6.557;2.890;509;0;129.543;0
COOPERATIVA DE CREDITO VALE DO ITAJAI - VIACREDI;82.639.451;b3S;I;2;S5;9;BLUMENAU;SC;09/2020;2.698.614;42;432;1.078;1.263;106;2;0;2.923;22.886;246.779;613.050;821.879;173.140;84.510;9.981;1.972.225;858;14.926;40.578;64.633;11.315;70;0;132.378;0;0;0;0;0;0;0;0;0;0;0;0;0;0;0;0;0;0;0;0;0;0;0;0;16.828;92.270;230.160;194.291;39.053;18.105;380;591.087;0
PEFISA S.A. - CRÉDITO, FINANCIAMENTO E INVESTIMENTO;43.180.355;n1;I;2;S4;14;SAO PAULO;SP;09/2020;2.389.284;2;2;202;1;0;0;0;206;0;0;0;0;0;0;0;0;0;0;0;0;0;0;0;0;0;0;0;0;0;0;0;0;393.197;943.050;903.719;105.966;0;0;0;2.345.932;0;0;0;0;0;0;0;0;7.832;33.950;1.358;6;0;0;0;43.146;0
COOPERATIVA DE CRÉDITO, POUPANÇA E INVESTIMENTO OURO VERDE DO MATO GROSSO - SICREDI OURO VERDE MT;26.529.420;b3S;I;2;S4;9;LUCAS DO RIO VERDE;MT;09/2020;2.270.619;266;7.884;28.110;59.704;37.183;27.388;0;160.536;3.659;63.713;158.647;128.965;13.693;1.393;0;370.069;261;10.700;30.870;65.124;26.017;159;0;133.131;0;0;0;0;0;0;0;0;5.388;61.861;19.170;24;0;0;0;86.443;1.672;103.066;513.180;225.706;55.476;4.840;0;903.940;7.157;51.212;356.558;127.322;46.112;28.140;0;616.501;0
CCB;32.119;b1;C;3;S3;199;SAO PAULO;SP;09/2020;2.216.370;39.356;171.811;454.019;828.390;457.421;216.118;3;2.167.118;3;78;381;764;120;299;35;1.680;3.350;6.251;9.408;3.926;38;0;0;22.972;0;37;120;308;301;828;171;1.765;50;543;0;0;0;0;0;593;0;0;0;0;0;0;0;0;808;1.421;5.726;8.401;5.045;841;0;22.242;0
BANCO DO ESTADO DE SERGIPE S.A.;13.009.717;b1;I;1;S4;8;ARACAJU;SE;09/2020;2.157.783;4.084;53.451;105.344;248.222;212.922;324.117;41;948.180;5.772;60.291;77.686;135.529;84.368;36.918;64;400.628;0;0;0;0;0;0;0;0;405;4.773;14.453;37.471;35.567;146.326;114.382;353.377;32.998;202.312;63.541;412;0;0;0;299.264;1.100;8.372;34.153;34.604;21.986;17.698;0;117.912;2.341;14.904;16.615;3.011;1.267;285;0;38.422;0
ASSOCIACAO DE POUPANCA E EMPRESTIMO - POUPEX;655.522;n1;I;2;S3;25;BRASILIA;DF;09/2020;1.968.377;0;0;0;0;0;0;0;0;0;0;0;0;0;0;0;0;0;0;0;0;0;0;0;0;59.090;74.304;165.993;339.728;255.450;734.436;324.096;1.953.096;0;0;0;0;0;0;0;0;0;0;0;0;0;0;0;0;101;363;1.007;2.585;2.347;7.505;1.372;15.281;0
BANCO DA AMAZONIA S.A.;4.902.979;b1;I;1;S3;2;BELEM;PA;09/2020;1.903.261;333;2.360;4.524;6.571;1.128;3;0;14.920;18.937;85.685;275.754;94.677;17.298;4.486;33.351;530.189;9;1.426;5.582;8.866;2.531;29;0;18.444;0;0;0;0;0;0;0;0;0;0;0;0;0;0;0;0;45.912;190.458;491.414;346.310;102.884;100.619;4.284;1.281.882;4.623;28.344;20.840;960;1.253;1.806;0;57.827;0
AGIBANK;51.956;b1;C;2;S4;199;PORTO ALEGRE;RS;09/2020;1.900.602;2.403;46.628;119.966;217.667;121.804;65.634;0;574.102;178.681;349.768;468.014;68.283;78;0;0;1.064.824;0;0;0;0;0;0;0;0;0;0;0;0;0;0;0;0;34.054;210.495;11.572;2;0;0;0;256.123;0;0;0;0;0;0;0;0;2.859;546;1.560;590;0;0;0;5.554;0
COOPERATIVA DE CRÉDITO, POUPANÇA E INVESTIMENTO UNIÃO PARANÁ/SÃO PAULO - SICREDI UNIÃO PR/SP;79.342.069;b3S;I;2;S4;9;MARINGA;PR;09/2020;1.870.331;1.162;27.026;69.198;150.486;103.993;96.846;0;448.712;1.884;19.080;40.869;37.737;3.788;18;0;103.375;438;5.111;17.664;32.667;5.213;14;0;61.106;0;0;0;0;0;0;0;0;6.777;95.924;29.927;28;0;0;0;132.656;3.951;151.976;361.937;275.239;81.089;5.704;0;879.895;9.477;56.394;77.424;68.748;26.979;5.565;0;244.587;0
COOPERFORTE - COOPERATIVA DE ECONOMIA E CRÉDITO MÚTUO DE FUNCIONÁRIOS DE INSTITUIÇÕES FINANCEIRAS PÚBLICAS FEDERAIS LTDA.;1.658.426;b3S;I;2;S5;9;BRASILIA;DF;09/2020;1.795.986;135;7.300;26.735;34.364;20.664;5.589;0;94.786;15.562;137.863;419.666;627.564;392.790;107.754;0;1.701.200;0;0;0;0;0;0;0;0;0;0;0;0;0;0;0;0;0;0;0;0;0;0;0;0;0;0;0;0;0;0;0;0;0;0;0;0;0;0;0;0;0
BANCO DIGIO S.A.;27.098.060;b2;I;3;S4;8;BARUERI;SP;09/2020;1.726.981;1.186;6.996;19.506;33.862;12.296;2.914;0;76.759;62.380;64.720;97.679;33.768;38;0;1;258.586;0;0;0;0;0;0;0;0;0;0;0;0;0;0;0;0;146.230;905.854;331.382;8.171;0;0;0;1.391.637;0;0;0;0;0;0;0;0;0;0;0;0;0;0;0;0;0
CREFISA;52.010;b1;C;2;S4;199;SAO PAULO;SP;09/2020;1.601.094;0;413;1.620;3.097;1.696;1.010;0;7.837;656.007;547.577;387.848;997;0;0;0;1.592.429;0;0;0;0;0;0;0;0;0;0;0;0;0;0;0;0;26;12;1;0;0;0;0;39;0;0;0;0;0;0;0;0;13;185;409;182;0;0;0;789;0
SICOOB COCRED COOPERATIVA DE CRÉDITO;71.328.769;b3S;I;2;S4;9;SERTAOZINHO;SP;09/2020;1.547.833;0;0;0;0;0;0;0;0;26.651;65.967;94.097;215.583;114.559;53.917;39;570.812;28;2.183;6.120;11.043;2.410;11;0;21.796;0;0;0;0;0;0;0;0;0;0;0;0;0;0;0;0;8.113;100.735;383.328;264.489;94.506;14.274;0;865.446;4.102;28.350;18.619;21.448;9.404;7.857;0;89.779;0
BTG PACTUAL;49.944;b1;C;2;S1;199;RIO DE JANEIRO;RJ;09/2020;1.535.434;586;6.172;16.332;31.262;15.463;0;0;69.815;4;143.326;314.301;320.960;145.325;250;0;924.166;0;0;0;0;0;0;0;0;0;0;5.129;0;0;0;0;5.129;0;3.484;3.534;63;0;0;0;7.080;25;2.399;2.072;4.507;4.672;22.920;0;36.595;4.176;77.064;56.503;115.366;6.587;1.395;0;261.090;231.558
COOPERATIVA DE CRÉDITO, POUPANÇA E INVESTIMENTO PLANALTO – SICREDI PLANALTO RS/MG;88.038.260;b3S;I;2;S4;9;CRUZ ALTA;RS;09/2020;1.531.969;21;688;1.877;3.453;1.063;300;0;7.403;824;19.706;125.328;160.240;40.134;264;0;346.495;46;2.735;7.783;14.968;3.378;10;0;28.919;0;0;0;0;0;0;0;0;1.231;20.056;6.367;8;0;0;0;27.662;119;39.170;569.733;185.843;129.253;1.534;0;925.652;6.044;29.680;56.578;52.480;32.962;18.093;0;195.838;0
BANCO DIGIMAIS S.A.;92.874.270;b1;I;3;S4;8;PORTO ALEGRE;RS;09/2020;1.477.595;492;2.687;6.945;4.814;137;0;0;15.076;223;1.264;2.733;2.846;150;0;0;7.215;47.840;179.974;440.354;673.080;92.578;0;0;1.433.825;0;0;0;0;0;0;0;0;7.574;11.457;1.697;7;0;0;0;20.735;0;0;0;0;0;0;0;0;76;451;212;5;0;0;0;743;0
BANCO CARGILL S.A.;3.609.817;b1;I;3;S4;8;SAO PAULO;SP;09/2020;1.442.795;0;0;0;0;0;0;0;0;0;0;0;0;0;0;0;0;0;0;0;0;0;0;0;0;0;0;0;0;0;0;0;0;0;0;0;0;0;0;0;0;0;0;0;0;0;0;0;0;30.147;325.647;874.056;205.933;7.012;0;0;1.442.795;0
COOPERATIVA DE CRÉDITO, POUPANÇA E INVESTIMENTO VALE DO PIQUIRI ABCD - SICREDI VALE DO PIQUIRI ABCD PR/SP;81.099.491;b3S;I;2;S4;9;PALOTINA;PR;09/2020;1.417.426;218;5.480;13.325;27.239;13.077;10.028;0;69.366;2.693;38.965;93.107;117.030;11.939;2.453;0;266.187;1.078;12.224;35.045;60.442;12.584;79;0;121.453;0;0;0;0;0;0;0;0;6.771;62.210;21.620;23;0;0;0;90.625;1.700;95.572;304.961;111.695;45.331;8.242;0;567.501;6.918;48.405;64.368;80.530;48.727;53.347;0;302.295;0
COOPERATIVA DE CRÉDITO, POUPANÇA E INVESTIMENTO SERRO AZUL – SICREDI UNIÃO RS;88.894.548;b3S;I;2;S4;9;CERRO LARGO;RS;09/2020;1.397.569;227;7.797;21.935;49.317;35.567;61.018;0;175.861;1.202;22.952;47.922;56.005;6.436;397;0;134.914;316;8.619;24.936;46.595;10.285;58;0;90.809;0;0;0;0;0;0;0;0;1.417;34.307;10.888;27;0;0;0;46.638;870;58.704;513.027;68.521;25.809;8.356;0;675.287;4.087;33.167;67.971;81.086;42.388;45.279;82;274.059;0
CREDICOAMO CREDITO RURAL COOPERATIVA;81.723.108;b3S;I;2;S4;9;CAMPO MOURAO;PR;09/2020;1.361.568;0;0;0;0;0;0;0;0;0;0;0;0;0;0;0;0;0;2.593;12.693;18.346;1.738;0;0;35.370;0;0;0;0;0;0;0;0;0;0;0;0;0;0;0;0;17;164.866;910.328;4.512;2.571;450;0;1.082.744;1.864;29.111;111.778;73.778;18.445;8.477;0;243.454;0
COOPERATIVA DE CRÉDITO, POUPANÇA E INVESTIMENTO VANGUARDA DA REGIÃO DAS CATARATAS DO IGUAÇU E VALE DO PARAÍBA - SICREDI VANGUARDA PR/SP/RJ;78.414.067;b3S;I;2;S4;9;MEDIANEIRA;PR;09/2020;1.346.103;560;11.601;30.551;64.176;37.976;31.884;0;176.748;2.378;17.304;39.211;29.934;2.574;39;0;91.439;1.473;16.188;44.154;71.997;13.256;48;0;147.116;0;0;0;0;0;0;0;0;6.072;79.334;26.300;35;0;0;0;111.741;633;84.840;281.751;116.476;80.487;45.267;0;609.453;6.542;37.051;48.564;61.634;30.482;25.312;21;209.606;0
BANCO YAMAHA MOTOR DO BRASIL S.A.;10.371.492;b2;I;3;S4;8;GUARULHOS;SP;09/2020;1.342.930;0;0;0;0;0;0;0;0;0;0;0;0;0;0;0;0;24.945;151.649;394.997;697.782;73.557;0;0;1.342.930;0;0;0;0;0;0;0;0;0;0;0;0;0;0;0;0;0;0;0;0;0;0;0;0;0;0;0;0;0;0;0;0;0
COOPERATIVA DE CRÉDITO DE LIVRE ADMISSÃO DO SUDOESTE GOIANO;24.795.049;b3S;I;2;S5;9;RIO VERDE;GO;09/2020;1.331.212;0;104;294;582;45;0;0;1.025;1.144;40.176;175.044;157.621;71.963;30.666;0;476.613;17;2.968;11.617;15.307;2.618;4;0;32.530;0;0;0;0;0;0;0;0;0;0;0;0;0;0;0;0;1.751;43.463;586.157;114.923;40.207;19.364;0;805.864;314;9.840;4.956;69;0;0;0;15.180;0
COOPERATIVA DE CRÉDITO, POUPANÇA E INVESTIMENTO DO ARAGUAIA E XINGU - SICREDI ARAXINGU;33.021.064;b3S;I;2;S4;9;CANARANA;MT;09/2020;1.303.688;1;281;840;1.665;548;229;0;3.563;5.152;33.943;70.039;42.127;11.529;139;0;162.929;155;5.476;14.582;25.351;7.189;49;0;52.803;0;0;0;0;0;0;0;0;1.516;18.990;6.526;8;0;0;0;27.040;6.331;73.328;568.231;219.927;81.868;1.010;0;950.694;4.533;20.818;43.270;25.154;9.033;3.853;0;106.660;0
C6 BANK;52.072;b1;C;2;S4;199;SAO PAULO;SP;09/2020;1.268.260;553;43.093;176.760;361.247;225.743;164.502;0;971.899;49;1.423;5.562;21.030;255;0;0;28.318;0;0;0;0;0;0;0;0;0;0;0;0;0;0;0;0;15.869;147.432;48.494;212;0;0;0;212.006;0;0;0;0;0;0;0;0;1.728;46;1.758;52.505;0;0;0;56.037;0
COOPERATIVA DE CRÉDITO, POUPANÇA E INVESTIMENTO DO CENTRO SUL DO MATO GROSSO DO SUL – SICREDI CENTRO-SUL MS;26.408.161;b3S;I;2;S4;9;DOURADOS;MS;09/2020;1.225.505;30;3.287;9.744;21.009;13.081;13.355;0;60.506;1.461;43.186;91.910;46.857;9.686;137;0;193.238;130;6.942;20.367;34.275;6.740;51;0;68.504;0;0;0;0;0;0;0;0;2.956;41.509;14.063;19;0;0;0;58.547;1.013;113.822;390.618;55.177;18.349;250;0;579.230;3.113;53.081;100.331;57.402;34.178;17.366;10;265.480;0
COOPERATIVA DE CRÉDITO, POUPANÇA E INVESTIMENTO VALE DO CERRADO - SICREDI VALE DO CERRADO;32.983.165;b3S;I;2;S4;9;CAMPO VERDE;MT;09/2020;1.217.049;134;1.586;4.002;8.787;5.976;5.984;0;26.469;1.404;15.337;30.145;46.832;13.662;2.593;17;109.990;275;2.793;8.288;16.651;4.959;17;0;32.984;0;0;0;0;0;0;0;0;2.312;20.488;6.257;8;0;0;0;29.066;1.514;83.314;317.693;250.055;25.908;1.066;0;679.550;3.408;50.809;206.527;56.924;11.659;9.454;211;338.991;0
BMW;51.420;n1;C;3;S4;197;SAO PAULO;SP;09/2020;1.124.500;0;0;0;0;0;0;0;0;0;0;0;0;0;0;0;0;5.740;122.493;349.208;618.899;28.106;53;0;1.124.500;0;0;0;0;0;0;0;0;0;0;0;0;0;0;0;0;0;0;0;0;0;0;0;0;0;0;0;0;0;0;0;0;0
COOPERATIVA DE CRÉDITO DE LIVRE ADMISSÃO DO SUDOESTE DA AMAZÔNIA LTDA. - SICOOB CREDISUL.;3.632.872;b3S;I;2;S5;9;VILHENA;RO;09/2020;1.025.006;191;1.059;2.634;4.749;1.469;57;0;10.159;5.738;63.733;108.424;149.057;72.074;7.458;0;406.486;189;2.854;8.928;15.018;4.524;65;0;31.577;0;0;0;0;0;0;0;0;0;0;0;0;0;0;0;0;6.578;47.969;288.151;164.380;25.937;4.879;0;537.894;5.145;31.208;2.536;1;0;0;0;38.890;0
COOPERATIVA DE CRÉDITO, POUPANÇA E INVESTIMENTO UNIÃO DE ESTADOS RIO GRANDE DO SUL, SANTA CATARINA E MINAS GERAIS - SICREDI UNIESTADOS;87.780.268;b3S;I;2;S4;9;ERECHIM;RS;09/2020;1.024.964;27;918;2.359;4.324;1.570;882;0;10.079;799;23.571;60.430;71.789;13.003;989;2;170.584;113;5.412;14.926;27.948;7.388;22;0;55.809;0;0;0;0;0;0;0;0;1.647;36.685;12.033;15;0;0;0;50.379;305;42.715;301.988;56.272;41.172;36.050;0;478.501;3.847;30.834;53.474;61.335;37.054;72.452;615;259.612;0
COOPERATIVA DE CRÉDITO, POUPANÇA E INVESTIMENTO SORRISO - SICREDI CELEIRO DO MT;26.555.235;b3S;I;2;S4;9;SORRISO;MT;09/2020;985.695;16;935;3.297;7.184;4.234;2.944;0;18.610;4.424;22.010;106.343;89.281;24.260;26;0;246.345;245;9.269;26.286;49.676;12.765;50;0;98.291;0;0;0;0;0;0;0;0;3.356;42.268;11.738;17;0;0;0;57.379;425;38.571;318.725;88.886;0;0;0;446.607;4.600;16.720;56.390;27.618;11.581;1.555;0;118.463;0
MÁXIMA;50.201;b1;C;2;S4;199;RIO DE JANEIRO;RJ;09/2020;962.782;6.186;85.269;210.155;284.722;88.640;34.821;0;709.793;1.174;6.036;24.141;2.344;240;0;0;33.935;0;0;0;0;0;0;0;0;922;4.989;12.064;24.022;12.931;6.499;0;61.426;2.829;30.274;41.224;41.015;10.168;1.998;0;127.506;0;0;0;0;0;0;0;0;590;3.778;8.564;9.371;3.423;4.340;57;30.122;0
XP;52.120;b1;C;2;S3;199;RIO DE JANEIRO;RJ;09/2020;955.510;0;0;0;0;0;0;0;0;0;62.500;149.255;391.877;280.180;63.637;0;947.450;0;0;0;0;0;0;0;0;0;0;0;0;0;0;0;0;6;6.457;1.591;6;0;0;0;8.061;0;0;0;0;0;0;0;0;0;0;0;0;0;0;0;0;0
COOPERATIVA DE CRÉDITO, POUPANÇA E INVESTIMENTO CAMPOS GERAIS - SICREDI CAMPOS GERAIS PR/SP;81.466.286;b3S;I;2;S4;9;PONTA GROSSA;PR;09/2020;942.456;112;2.823;7.580;12.382;5.123;3.953;0;31.972;1.146;12.245;54.334;41.351;14.065;4.691;0;127.833;326;5.801;17.027;29.284;4.649;7;0;57.095;0;0;0;0;0;0;0;0;3.536;49.681;16.911;34;0;0;0;70.162;633;66.838;445.011;22.237;8.459;2.279;0;545.457;4.835;22.782;38.704;23.644;11.055;8.915;0;109.936;0
COOPERATIVA DE CRÉDITO, POUPANÇA E INVESTIMENTO UNIÃO DOS ESTADOS DE MATO GROSSO DO SUL, TOCANTINS E OESTE DA BAHIA - SICREDI UNIÃO MS/TO;24.654.881;b3S;I;2;S4;9;CAMPO GRANDE;MS;09/2020;888.625;247;8.343;22.978;51.424;37.828;37.996;0;158.815;1.179;15.011;28.426;9.727;880;776;0;56.000;77;1.788;4.310;6.806;900;0;0;13.881;0;0;0;0;0;0;0;0;4.337;39.612;11.999;11;0;0;0;55.959;3.874;23.704;249.945;118.034;24.311;827;0;420.694;6.691;31.865;107.973;31.329;5.199;218;0;183.276;0
COOPERATIVA DE CRÉDITO, POUPANÇA E INVESTIMENTO DO SUDOESTE MT/PA - SICREDI SUDOESTE MT/PA;32.995.755;b3S;I;2;S4;9;TANGARA DA SERRA;MT;09/2020;873.476;199;3.893;12.119;26.732;16.569;13.328;0;72.839;3.193;29.801;91.157;70.556;5.235;7;0;199.950;183;6.137;18.300;33.139;6.328;12;0;64.100;0;0;0;0;0;0;0;0;5.365;43.585;13.090;22;0;0;0;62.062;402;59.277;193.899;68.725;14.706;4.044;0;341.053;8.741;38.137;63.185;19.702;3.567;140;0;133.472;0
COOPERATIVA DE CRÉDITO MAXI ALFA DE LIVRE ADMISSÃO DE ASSOCIADOS - SICOOB MAXICRÉDITO;78.825.270;b3S;I;2;S5;9;CHAPECO;SC;09/2020;870.090;106;3.299;8.645;20.016;15.599;21.117;0;68.782;3.362;41.419;106.849;183.701;60.258;57.787;0;453.374;660;7.923;21.610;37.393;9.301;58;0;76.946;0;0;0;0;0;0;0;0;0;0;0;0;0;0;0;0;375;24.351;114.762;45.074;27.121;36.200;0;247.883;3.391;10.008;5.874;1.535;913;1.383;0;23.105;0
FACTA FINANCEIRA S.A. - CRÉDITO FINANCIAMENTO E INVESTIMENTO;15.581.638;n1;I;2;S4;14;PORTO ALEGRE;RS;09/2020;851.012;10.226;86.104;202.896;300.554;136.694;46.993;3;783.469;14.344;26.067;26.429;429;63;169;17;67.519;0;0;0;0;0;0;0;0;0;0;0;0;0;0;0;0;0;0;0;0;0;0;0;0;0;0;0;0;0;0;0;0;0;3;8;11;2;0;0;24;0
NOVO BANCO CONTINENTAL S.A. - BANCO MÚLTIPLO;74.828.799;b1;I;3;S4;8;PORTO ALEGRE;RS;09/2020;847.418;6.831;69.674;186.769;333.463;172.316;71.470;0;840.524;282;751;1.901;1.095;0;0;0;4.029;0;0;0;0;0;0;0;0;0;0;0;0;0;0;0;0;340;580;186;0;0;0;0;1.106;0;0;0;0;0;0;0;0;156;482;400;587;134;0;0;1.760;0
COOPERATIVA DE CRÉDITO, POUPANÇA E INVESTIMENTO CELEIRO CENTRO OESTE – SICREDI CELEIRO CENTRO OESTE;3.566.655;b3S;I;2;S4;9;SAO GABRIEL DO OESTE;MS;09/2020;824.838;111;1.911;4.205;7.980;3.673;1.565;0;19.447;6.135;21.296;37.593;16.891;1.903;1;0;83.818;109;1.849;5.253;8.704;979;0;0;16.895;0;0;0;0;0;0;0;0;3.956;31.787;11.467;19;0;0;0;47.230;4.696;30.820;220.455;146.674;12.389;0;0;415.033;6.235;52.556;149.709;26.601;4.754;2.560;0;242.415;0
COOPERATIVA DE CRÉDITO DE LIVRE ADMISSÃO DO CENTRO SUL RONDONIENSE - SICOOB CREDIP.;2.015.588;b3S;I;2;S5;9;PIMENTA BUENO;RO;09/2020;802.368;110;2.646;6.573;15.421;8.689;750;0;34.189;6.070;86.821;123.269;74.865;8.407;838;3;300.273;286;4.980;13.708;27.350;4.730;3;0;51.057;0;0;0;0;0;0;0;0;0;0;0;0;0;0;0;0;2.036;54.289;163.992;146.701;25.166;6.062;0;398.246;2.262;12.838;3.431;35;32;4;0;18.603;0
COOPERATIVA DE CRÉDITO, POUPANÇA E INVESTIMENTO NORTE MATO-GROSSENSE E OESTE PARAENSE – SICREDI GRANDES RIOS MT/PA;37.442.605;b3S;I;2;S4;9;COLIDER;MT;09/2020;792.135;126;3.790;9.644;21.354;15.003;14.256;0;64.173;2.316;36.033;94.991;100.444;16.102;50;0;249.935;341;9.739;27.716;58.271;17.245;58;0;113.368;0;0;0;0;0;0;0;0;2.899;36.109;11.076;9;0;0;0;50.093;67;17.117;88.165;70.758;22.198;7.533;0;205.837;4.993;20.601;37.523;26.134;12.216;7.261;0;108.729;0
BADESUL DESENVOLVIMENTO S.A - AGÊNCIA DE FOMENTO/RS;2.885.855;n1;I;1;S4;30;PORTO ALEGRE;RS;09/2020;766.796;0;0;0;0;0;0;0;0;0;0;0;0;0;0;0;0;0;6;18;38;0;0;0;63;0;0;0;0;0;0;0;0;0;0;0;0;0;0;0;0;4.429;56.204;99.894;271.133;137.642;171.904;0;741.206;0;721;1.060;4.850;4.498;14.398;0;25.527;0
COOPERATIVA DE CRÉDITO, POUPANÇA E INVESTIMENTO SICREDI EVOLUÇÃO - SICREDI EVOLUÇÃO;35.571.249;b3S;I;2;S5;9;JOAO PESSOA;PB;09/2020;759.147;186;23.060;73.717;174.946;138.939;178.696;0;589.545;286;11.867;28.900;33.388;6.702;2.372;10;83.526;41;2.414;6.351;10.104;2.160;4;0;21.075;0;0;0;0;0;0;0;0;582;18.853;6.327;7;0;0;0;25.769;0;26;1.587;2.537;1.662;219;0;6.032;716;5.671;5.246;10.673;6.656;4.223;15;33.200;0
COOPERATIVA DE CRÉDITO, POUPANÇA E INVESTIMENTO ALTO URUGUAI - SICREDI ALTO URUGUAI RS/SC/MG;87.733.770;b3S;I;2;S4;9;RODEIO BONITO;RS;09/2020;752.491;5;273;708;1.123;332;161;0;2.603;519;22.170;50.731;70.224;15.101;217;0;158.962;157;2.900;8.212;14.549;2.566;3;0;28.388;0;0;0;0;0;0;0;0;954;21.924;8.092;9;0;0;0;30.978;107;28.521;212.936;37.323;21.727;23.848;0;324.462;2.439;25.160;55.075;64.199;33.837;26.389;0;207.099;0
COOPERATIVA DE CRÉDITO, POUPANÇA E INVESTIMENTO DE CAMPO GRANDE E REGIÃO - SICREDI CAMPO GRANDE MS;3.042.597;b3S;I;2;S4;9;CAMPO GRANDE;MS;09/2020;705.029;437;5.177;19.312;43.972;35.819;41.298;24;146.039;1.026;7.317;14.119;14.977;2.975;867;0;41.282;30;1.074;2.870;4.936;1.196;0;0;10.106;0;0;0;0;0;0;0;0;2.593;26.883;8.463;14;0;0;0;37.953;2.465;68.866;204.135;61.934;25.146;2.042;0;364.589;4.326;31.455;50.960;11.231;4.100;2.988;0;105.060;0
BARIGUI;51.774;b2;C;2;S4;198;CURITIBA;PR;09/2020;697.752;1.526;15.999;44.764;85.837;49.979;33.929;0;232.035;17;24;1.087;65;11;2;0;1.206;1;10;27;29;18;4;0;89;1.373;7.627;19.982;38.201;24.604;36.760;1.794;130.340;0;172;55;0;0;0;0;227;0;0;0;0;0;0;0;0;1.760;17.048;54.763;108.262;71.512;80.173;338;333.856;0
COOPERATIVA DE CRÉDITO DE LIVRE ADMISSÃO CENTRO BRASILEIRA LTDA.;37.395.399;b3S;I;2;S5;9;GOIANIA;GO;09/2020;692.571;9;197;471;873;211;0;0;1.761;2.361;41.433;102.315;200.472;91.180;76.749;1.549;516.058;70;2.403;6.155;11.412;3.669;0;0;23.710;0;0;0;0;0;0;0;0;0;0;0;0;0;0;0;0;2.417;13.567;42.574;49.443;25.348;0;0;133.349;2.294;13.246;449;552;256;894;0;17.693;0
COOPERATIVA DE CRÉDITO, POUPANÇA E INVESTIMENTO DE CARLOS BARBOSA - SICREDI SERRANA RS;90.608.712;b3S;I;2;S4;9;CARLOS BARBOSA;RS;09/2020;685.226;17;301;746;1.028;199;94;0;2.385;625;16.493;44.104;45.723;12.262;2.902;0;122.109;81;5.219;14.873;27.690;8.297;225;0;56.385;0;0;0;0;0;0;0;0;1.622;53.190;18.544;27;0;0;0;73.383;230;9.099;116.029;31.371;24.838;35.395;0;216.963;2.899;24.090;28.959;57.340;39.387;61.313;14;214.001;0
COOPERATIVA DE CRÉDITO, POUPANÇA E INVESTIMENTO PAMPA GAÚCHO - SICREDI PAMPA GAÚCHO;87.733.077;b3S;I;2;S4;9;ITAQUI;RS;09/2020;668.464;4;575;1.682;2.665;150;111;0;5.186;665;9.038;19.992;8.731;566;11;0;39.004;129;4.144;12.699;21.028;5.660;60;0;43.720;0;0;0;0;0;0;0;0;1.731;16.757;5.246;9;0;0;0;23.743;961;66.060;215.143;65.580;8.408;216;0;356.367;8.495;23.117;46.164;63.440;36.954;22.273;0;200.443;0
COOPERATIVA DE CRÉDITO, POUPANÇA E INVESTIMENTO SICREDI PIONEIRA RS - SICREDI PIONEIRA RS;91.586.982;b3S;I;2;S4;9;NOVA PETROPOLIS;RS;09/2020;661.622;29;1.755;4.863;8.958;4.233;3.134;0;22.973;1.114;17.938;44.033;57.950;16.200;5.743;0;142.979;634;12.409;35.472;60.021;12.753;429;0;121.718;0;0;0;0;0;0;0;0;3.305;64.446;21.736;41;0;0;0;89.528;631;16.157;88.769;35.966;16.959;9.709;0;168.192;2.213;20.160;27.787;36.763;17.340;11.969;0;116.232;0
COOPERATIVA DE CRÉDITO, POUPANÇA E INVESTIMENTO DA REGIÃO ALTOS DA SERRA - SICREDI ALTOS DA SERRA RS/SC;92.555.150;b3S;I;2;S4;9;TAPEJARA;RS;09/2020;648.351;6;263;628;781;158;3;0;1.839;518;12.961;32.662;24.889;3.643;455;0;75.128;118;5.880;17.484;33.077;8.498;42;0;65.098;0;0;0;0;0;0;0;0;1.077;18.863;6.096;6;0;0;0;26.043;80;16.930;268.969;53.593;35.734;8.578;0;383.885;2.281;13.261;22.976;28.590;13.692;15.559;0;96.358;0
COOPERATIVA DE CRÉDITO, POUPANÇA E INVESTIMENTO UNIVALES – SICREDI UNIVALES MT/RO;70.431.630;b3S;I;2;S4;9;JUINA;MT;09/2020;626.936;16;972;2.575;4.062;706;70;0;8.402;1.574;32.333;89.898;89.195;3.024;3;0;216.026;113;4.455;13.006;23.642;6.747;38;0;48.001;0;0;0;0;0;0;0;0;2.636;29.312;10.216;7;0;0;0;42.171;2.815;20.998;79.498;96.777;32.992;932;0;234.012;2.502;32.314;30.773;9.858;2.724;153;0;78.325;0
COOPERATIVA DE CRÉDITO, POUPANÇA E INVESTIMENTO BOTUCARAÍ – SICREDI BOTUCARAÍ RS/MG;87.900.601;b3S;I;2;S4;9;SOLEDADE;RS;09/2020;612.655;25;770;2.125;4.317;2.039;1.384;0;10.661;549;12.099;35.527;43.784;19.950;28.707;101;140.717;78;2.732;9.388;16.457;4.809;289;0;33.751;0;0;0;0;0;0;0;0;506;12.306;4.617;8;0;0;0;17.438;61;9.983;196.772;49.560;34.516;8.043;0;298.935;2.758;21.144;28.216;23.898;16.669;18.415;52;111.153;0
ABC-BRASIL;41.856;b1;C;3;S3;199;SAO PAULO;SP;09/2020;612.225;0;1;1;0;0;0;0;2;0;3.854;109.898;7.948;0;0;0;121.700;0;0;0;0;0;0;0;0;0;0;0;0;0;0;0;0;0;0;0;0;0;0;0;0;0;464;11.671;3.128;687;0;0;15.951;2.255;39.064;85.517;148.364;19.094;3;0;294.297;180.275
COOPERATIVA DE CRÉDITO DO TRIÂNGULO MINEIRO E SÃO FRANCISCO LTDA. - SICOOB ARACOOP;3.320.525;b3S;I;2;S5;9;ARAGUARI;MG;09/2020;607.492;51;1.620;3.536;8.090;6.640;7.996;0;27.933;6.212;36.448;66.844;111.686;26.112;6.396;0;253.697;85;1.663;4.782;6.330;818;0;0;13.678;0;0;0;0;0;0;0;0;0;0;0;0;0;0;0;0;1.418;44.600;112.368;111.611;14.752;3.009;0;287.758;1.638;15.847;5.521;1.048;296;76;0;24.427;0
COOPERATIVA DE CRÉDITO INTEGRAÇÃO ROTA DAS TERRAS – SICREDI INTEGRAÇÃO ROTA DAS TERRAS RS/MG;87.510.475;b3S;I;2;S4;9;TAPERA;RS;09/2020;605.668;2;266;701;1.448;746;727;0;3.889;351;6.822;14.345;15.753;3.159;1.656;0;42.085;86;2.153;6.155;11.096;3.111;22;0;22.623;0;0;0;0;0;0;0;0;463;9.974;3.283;3;0;0;0;13.723;53;15.126;249.901;63.805;45.736;4.666;0;379.287;3.085;16.175;39.557;37.777;24.425;22.874;167;144.060;0
COOPERATIVA DE CRÉDITO, POUPANÇA E INVESTIMENTO REGIÕES DAS CULTURAS – SICREDI DAS CULTURAS RS/MG;90.729.369;b3S;I;2;S4;9;IJUI;RS;09/2020;595.070;35;1.156;3.324;6.617;3.307;4.684;0;19.123;955;11.736;43.463;42.246;9.862;677;0;108.938;36;2.120;7.660;12.141;2.800;33;0;24.790;0;0;0;0;0;0;0;0;891;17.936;5.875;6;0;0;0;24.709;410;19.974;252.961;23.430;15.293;4.706;0;316.773;1.936;13.013;31.016;31.642;15.690;7.440;0;100.736;0
COOPERATIVA DE CREDITO RURAL COM INTERACAO SOLIDARIA PIONEIRA - CRESOL PIONEIRA;971.300;b3S;I;2;S5;9;DOIS VIZINHOS;PR;09/2020;570.324;0;0;0;0;0;0;0;0;371;7.696;21.393;28.624;11.554;5.674;0;75.312;70;693;1.790;3.134;674;1;0;6.362;0;0;0;0;0;0;0;0;3;621;122;0;0;0;0;746;715;43.637;124.704;96.752;75.829;114.858;0;456.494;762;5.456;7.938;11.391;3.731;2.053;79;31.410;0
COOPERATIVA DE CRÉDITO, POUPANÇA E INVESTIMENTO DAS REGIÕES CENTRO DO RS E MG – SICREDI REGIÃO CENTRO RS/MG;95.594.941;b3S;I;2;S4;9;SANTA MARIA;RS;09/2020;565.017;25;505;1.314;1.869;262;41;0;4.016;1.173;11.222;22.344;15.120;1.452;78;0;51.388;132;4.260;11.687;19.055;3.871;48;0;39.053;0;0;0;0;0;0;0;0;2.302;27.041;9.354;17;0;0;0;38.714;971;24.325;201.392;53.709;9.278;559;0;290.235;5.969;18.893;35.721;40.525;22.092;18.397;13;141.610;0
COOPERATIVA DE CRÉDITO, POUPANÇA E INVESTIMENTO NOROESTE RS – SICREDI NOROESTE RS;89.049.738;b3S;I;2;S4;9;TRES DE MAIO;RS;09/2020;559.664;76;2.455;6.634;14.341;9.371;14.724;0;47.601;255;11.325;30.859;25.573;4.150;26;0;72.188;46;2.538;7.385;14.285;4.225;73;0;28.553;0;0;0;0;0;0;0;0;410;14.150;5.224;8;0;0;0;19.792;10;8.329;227.435;8.782;7.258;5.146;0;256.960;1.374;19.044;42.296;30.704;18.517;22.636;0;134.570;0
COOPERATIVA DE CRÉDITO E INVESTIMENTO DE LIVRE ADMISSÃO AGROEMPRESARIAL - SICREDI AGROEMPRESARIAL PR/SP;79.457.883;b3S;I;2;S4;9;MANDAGUARI;PR;09/2020;559.366;445;6.945;18.289;40.133;28.779;46.104;0;140.694;912;9.250;24.576;26.744;6.913;750;0;69.146;931;8.805;25.118;43.137;7.615;12;0;85.619;0;0;0;0;0;0;0;0;2.443;32.389;10.096;11;0;0;0;44.939;51;39.822;89.333;29.605;9.414;927;0;169.152;2.084;11.854;17.027;12.405;5.511;934;0;49.816;0
ZEMA CRÉDITO, FINANCIAMENTO E INVESTIMENTO S/A;5.351.887;n1;I;2;S4;14;ARAXA;MG;09/2020;523.862;4;0;0;0;0;0;0;5;84.816;194.278;215.151;29.590;21;0;0;523.857;0;0;0;0;0;0;0;0;0;0;0;0;0;0;0;0;0;0;0;0;0;0;0;0;0;0;0;0;0;0;0;0;0;0;0;0;0;0;0;0;0
COOPERATIVA DE CRÉDITO, POUPANÇA E INVESTIMENTO DA REGIÃO DA PRODUÇÃO -  SICREDI REGIÃO DA PRODUÇÃO RS/SC/MG;89.468.565;b3S;I;2;S4;9;SARANDI;RS;09/2020;518.333;18;668;1.655;3.431;2.345;3.890;0;12.007;408;13.934;43.167;52.231;17.097;11.857;0;138.694;28;1.726;4.935;8.047;1.455;8;0;16.199;0;0;0;0;0;0;0;0;903;18.962;6.315;6;0;0;0;26.187;56;14.031;161.865;23.752;15.030;9.962;0;224.696;1.193;16.394;32.487;29.117;13.032;8.326;1;100.550;0
BANCO TRIANGULO S.A.;17.351.180;b1;I;2;S4;8;UBERLANDIA;MG;09/2020;517.036;0;0;0;0;0;0;0;0;0;307;1.860;2.149;0;0;0;4.316;0;0;0;0;0;0;0;0;0;0;0;0;0;0;0;0;109.235;344.629;53.723;1.994;0;0;0;509.582;0;0;0;0;0;0;0;0;17;310;1.530;1.058;223;0;0;3.138;0
COOPERATIVA DE CRÉDITO, POUPANÇA E INVESTIMENTO DO NOROESTE DE MATO GROSSO, ACRE E AMAZONAS - SICREDI BIOMAS;33.022.690;b3S;I;2;S4;9;ARAPUTANGA;MT;09/2020;513.810;57;3.440;10.183;22.823;15.469;16.927;0;68.899;1.437;31.360;50.613;38.018;2.448;6;0;123.883;123;3.108;8.606;16.330;3.674;10;0;31.851;0;0;0;0;0;0;0;0;2.011;21.930;7.825;11;0;0;0;31.777;637;21.142;71.561;81.182;14.886;3.634;0;193.042;2.320;19.362;26.208;12.658;3.441;369;0;64.357;0
COOPERATIVA DE CRÉDITO, POUPANÇA E INVESTIMENTO RAÍZES – SICREDI RAÍZES RS/SC/MG;88.099.247;b3S;I;2;S4;9;CAMPO NOVO;RS;09/2020;510.506;48;1.321;2.990;5.206;1.783;980;0;12.328;530;11.816;27.289;30.242;4.169;29;0;74.074;90;2.085;5.781;8.834;1.658;47;0;18.496;0;0;0;0;0;0;0;0;968;14.645;5.391;6;0;0;0;21.010;372;20.589;148.873;13.138;7.922;2.603;0;193.497;2.750;23.490;55.426;61.819;30.100;17.515;0;191.101;0
BANCO RODOBENS S.A.;33.603.457;b1;I;2;S4;8;SAO PAULO;SP;09/2020;505.994;0;0;0;0;0;0;0;0;110;212;1.052;2.641;810;0;0;4.826;2.457;42.961;114.258;175.801;33.155;202;4;368.838;458;2.976;7.023;14.386;9.290;14.358;2.246;50.738;0;0;0;0;0;0;0;0;0;0;0;0;0;0;0;0;452;2.803;7.953;17.999;9.982;24.794;17.610;81.593;0
COOPERATIVA DE CRÉDITO, POUPANÇA E INVESTIMENTO DE IBIRAIARAS – SICREDI IBIRAIARAS RS/MG;89.990.501;b3S;I;2;S4;9;IBIRAIARAS;RS;09/2020;505.981;0;1;1;0;0;0;0;1;354;14.693;32.572;40.488;18.011;14.824;0;120.942;49;3.532;9.955;18.649;5.619;806;0;38.611;0;0;0;0;0;0;0;0;407;12.040;4.256;4;0;0;0;16.708;141;11.515;183.421;26.149;21.137;17.486;0;259.848;1.176;9.663;18.521;13.247;9.641;17.562;61;69.871;0
MERCEDES-BENZ;51.262;b2;C;3;S3;198;SAO PAULO;SP;09/2020;488.623;0;0;0;0;0;0;0;0;32;320;962;2.498;1.295;3;0;5.110;2.346;54.624;137.503;224.839;63.804;235;0;483.350;0;0;0;0;0;0;0;0;0;0;0;0;0;0;0;0;0;0;0;0;0;0;0;0;2;21;55;71;14;0;0;162;0
BANCO DE DESENVOLVIMENTO DO ESPIRITO SANTO S.A.;28.145.829;b4;I;1;S4;5;VITORIA;ES;09/2020;478.905;0;0;0;0;0;0;0;0;0;0;0;0;0;0;0;0;0;0;0;0;0;0;0;0;0;0;0;0;0;0;0;0;0;0;0;0;0;0;0;0;19.147;44.122;78.234;189.246;108.324;31.804;0;470.876;340;991;3.320;2.134;922;323;0;8.029;0
JP MORGAN CHASE;20.107;b1;C;3;S3;199;SAO PAULO;SP;09/2020;478.284;0;0;0;0;0;0;0;0;0;5.773;37.851;312.093;122.567;0;0;478.284;0;0;0;0;0;0;0;0;0;0;0;0;0;0;0;0;0;0;0;0;0;0;0;0;0;0;0;0;0;0;0;0;0;0;0;0;0;0;0;0;0
COOPERATIVA DE CRÉDITO DE LIVRE ADMISSÃO DE ASSOCIADOS SÃO MIGUEL DO OESTE - SICOOB SÃO MIGUEL SC;81.607.046;b3S;I;2;S5;9;SAO MIGUEL D'OESTE;SC;09/2020;477.992;77;3.068;7.882;19.317;15.697;19.730;0;65.771;1.650;15.955;41.833;63.997;26.355;17.981;143;167.913;123;2.577;7.210;13.688;3.889;22;0;27.509;0;0;0;0;0;0;0;0;0;0;0;0;0;0;0;0;384;15.047;129.926;22.245;14.846;16.880;0;199.328;1.701;6.434;1.886;3.583;1.795;2.072;0;17.470;0
COOPERATIVA DE CREDITO, POUPANÇA E INVESTIMENTO ALIANÇA - SICREDI ALIANÇA PR/SP;79.052.122;b3S;I;2;S4;9;MARECHAL CANDIDO RONDON;PR;09/2020;472.865;60;2.645;7.199;14.163;6.766;4.722;0;35.554;697;11.266;25.817;29.311;5.417;48;0;72.556;474;6.325;17.885;30.776;5.974;35;0;61.469;0;0;0;0;0;0;0;0;1.768;30.388;10.346;14;0;0;0;42.517;491;26.582;92.628;28.771;18.632;5.615;0;172.718;1.846;15.428;20.524;26.210;12.478;11.549;16;88.051;0
INDUSTRIAL DO BRASIL;50.988;b1;C;2;S4;199;SAO PAULO;SP;09/2020;470.200;2.547;37.833;96.934;165.678;78.228;43.220;0;424.440;194;650;1.780;219;0;0;0;2.843;0;0;0;0;0;0;0;0;0;0;0;0;0;0;0;0;4.821;27.508;727;1;0;0;0;33.056;0;0;0;0;0;0;0;0;8;3.014;1.677;3.557;1.605;0;0;9.861;0
PORTOCRED S.A. - CREDITO, FINANCIAMENTO E INVESTIMENTO;1.800.019;n1;I;2;S4;14;PORTO ALEGRE;RS;09/2020;466.811;12.277;27.061;54.808;45.240;7.048;1.976;0;148.410;100.593;87.524;92.405;11.855;215;1;0;292.593;1.048;4.392;9.413;10.139;816;0;0;25.808;0;0;0;0;0;0;0;0;0;0;0;0;0;0;0;0;0;0;0;0;0;0;0;0;0;0;0;0;0;0;0;0;0
CREDIARE S.A. - CRÉDITO, FINANCIAMENTO E INVESTIMENTO;5.676.026;n1;I;2;S4;14;FARROUPILHA;RS;09/2020;459.566;1.464;27.458;65.901;92.933;34.007;10.302;0;232.065;10.378;54.962;75.788;10.098;69;0;0;151.296;0;1;4;7;4;0;0;16;0;0;0;0;0;0;0;0;5.240;34.805;19.999;199;0;0;0;60.244;0;0;0;0;0;0;0;0;1.172;5.620;8.148;1.004;0;0;0;15.944;0
COOPERATIVA DE CRÉDITO, POUPANÇA E INVESTIMENTO OURO BRANCO – SICREDI OURO BRANCO RS;87.853.206;b3S;I;2;S4;9;TEUTONIA;RS;09/2020;456.888;89;1.253;3.253;5.124;1.162;951;0;11.832;671;12.959;27.263;27.001;7.010;4.656;0;79.560;58;3.405;9.156;14.839;3.344;17;0;30.819;0;0;0;0;0;0;0;0;1.398;23.800;8.615;17;0;0;0;33.830;115;19.485;78.220;35.649;24.298;22.946;0;180.714;2.389;20.466;31.824;32.076;17.667;15.707;5;120.132;0
CREDI SHOP SA ADMINISTRADORA DE CARTOES DE CREDITO;62.895.230;n4;I;2;;41;TERESINA;PI;09/2020;455.172;0;0;0;0;0;0;0;0;0;0;0;0;0;0;0;0;0;0;0;0;0;0;0;0;0;0;0;0;0;0;0;0;18.698;105.355;140.889;190.230;0;0;0;455.172;0;0;0;0;0;0;0;0;0;0;0;0;0;0;0;0;0
COOPERATIVA DE CRÉDITO, POUPANÇA E INVESTIMENTO DO PLANALTO CENTRAL - SICREDI PLANALTO CENTRAL;10.736.214;b3S;I;2;S4;9;CRISTALINA;GO;09/2020;446.553;92;938;1.387;2.827;1.222;133;0;6.598;1.018;25.577;37.230;32.352;4.530;227;0;100.933;53;1.893;5.228;9.040;2.081;20;0;18.315;0;0;0;0;0;0;0;0;2.403;19.985;5.790;11;0;0;0;28.189;964;17.065;90.555;22.705;8.173;178;0;139.641;4.590;31.516;59.903;32.238;17.922;6.708;0;152.877;0
COOPERATIVA DE CRÉDITO POUPANÇA E INVESTIMENTO PANTANAL DO MATO GROSSO DO SUL - SICREDI PANTANAL MS;26.408.187;b3S;I;2;S4;9;MARACAJU;MS;09/2020;443.652;29;145;317;503;8;0;0;1.003;673;17.875;57.783;48.412;1.073;0;0;125.816;0;119;268;425;88;0;0;899;0;0;0;0;0;0;0;0;948;9.588;3.113;2;0;0;0;13.651;0;36.739;148.126;23.443;312;139;0;208.760;1.746;11.838;46.060;17.924;11.222;4.733;0;93.522;0
COOPERATIVA DE CRÉDITO, POUPANÇA E INVESTIMENTO INTEGRAÇÃO DE ESTADOS DO RIO GRANDE DO SUL E SANTA CATARINA - SICREDI INTEGRAÇÃO DE ESTADOS RS/SC;87.781.530;b3S;I;2;S4;9;PASSO FUNDO;RS;09/2020;435.938;44;460;980;1.610;365;80;0;3.539;535;7.947;34.009;34.889;17.848;23.113;0;118.341;50;2.625;7.792;14.387;3.743;76;0;28.673;0;0;0;0;0;0;0;0;1.101;14.837;4.607;7;0;0;0;20.552;21;11.310;175.101;12.497;9.696;1.731;0;210.356;1.506;8.812;19.249;15.264;7.044;2.602;0;54.477;0
COOPERATIVA DE CRÉDITO, POUPANÇA E INVESTIMENTO FRONTEIRAS DO PARANÁ, SANTA CATARINA E SÃO PAULO - SICREDI FRONTEIRAS PR/SC/SP;82.527.557;b3S;I;2;S4;9;CAPANEMA;PR;09/2020;432.518;23;1.900;5.227;10.598;4.939;3.926;0;26.613;606;8.880;20.511;22.796;2.768;108;0;55.669;90;3.947;10.717;16.682;2.425;13;0;33.875;0;0;0;0;0;0;0;0;1.300;22.839;7.519;17;0;0;0;31.675;153;23.819;124.032;24.164;15.974;15.504;0;203.646;1.522;16.955;18.146;25.989;11.773;6.655;0;81.040;0
COOPERATIVA DE CRÉDITO, POUPANÇA E INVESTIMENTO DE ESPUMOSO – SICREDI ESPUMOSO RS/MG;87.900.411;b3S;I;2;S4;9;ESPUMOSO;RS;09/2020;428.723;5;310;761;1.567;1.048;1.312;0;5.003;320;3.497;12.815;8.736;2.192;25;0;27.585;30;919;2.798;4.597;1.162;3;0;9.509;0;0;0;0;0;0;0;0;233;6.708;2.333;2;0;0;0;9.276;349;20.195;188.882;35.324;16.619;1.730;0;263.099;1.299;14.386;43.477;27.844;17.406;9.838;0;114.251;0
COOPERATIVA DE CRÉDITO, POUPANÇA E INVESTIMENTO DO SUL DE MATO GROSSO – SICREDI SUL MT;26.549.311;b3S;I;2;S4;9;RONDONOPOLIS;MT;09/2020;424.713;66;1.993;7.559;17.499;13.050;13.437;0;53.603;1.369;21.006;24.360;30.825;6.231;23;0;83.814;77;3.345;9.172;16.502;3.345;1;0;32.442;0;0;0;0;0;0;0;0;1.961;20.677;6.264;11;0;0;0;28.912;600;11.130;77.577;64.980;6.500;961;0;161.747;1.549;14.441;15.652;18.916;8.173;5.441;24;64.195;0
COOPERATIVA DE CRÉDITO DE LIVRE ADMISSÃO DO PONTAL DO TRIANGULO LTDA - SICOOB CREDIPONTAL;26.178.533;b3S;I;2;S5;9;ITUIUTABA;MG;09/2020;421.240;0;4;12;1;0;0;0;16;3.124;16.624;42.967;34.585;19.531;10.125;177;127.134;26;234;480;936;78;0;0;1.755;0;0;0;0;0;0;0;0;0;0;0;0;0;0;0;0;868;18.932;113.925;122.922;13.767;3.472;0;273.885;336;3.600;2.556;3.965;2.557;5.159;277;18.449;0
COOPERATIVA DE CRÉDITO DO LESTE DE SANTA CATARINA E DO PARANÁ LTDA - UNICRED UNIÃO;74.114.042;b3S;I;2;S5;9;ITAJAI;SC;09/2020;417.159;0;0;0;0;0;0;0;0;1.358;34.094;91.476;134.306;24.878;19.372;13;305.496;63;5.812;14.987;19.254;1.922;0;0;42.038;4;625;1.953;4.989;4.432;14.398;138;26.538;0;0;0;0;0;0;0;0;0;0;0;0;0;0;0;0;398;6.295;5.248;6.897;6.365;17.792;92;43.087;0
COOPERATIVA DE CRÉDITO ALIANÇA RS/SC - SICREDI ALIANÇA RS/SC;87.795.639;b3S;I;2;S4;9;MARAU;RS;09/2020;413.294;6;699;1.940;3.518;2.044;1.483;0;9.689;380;5.848;16.873;17.585;2.370;126;0;43.182;29;2.349;6.797;11.958;2.695;11;0;23.840;0;0;0;0;0;0;0;0;1.194;18.154;5.921;7;0;0;0;25.276;5;10.263;161.366;26.190;19.106;16.019;0;232.949;1.290;11.665;25.405;18.755;10.413;10.821;10;78.359;0
SOROCRED   CRÉDITO, FINANCIAMENTO E INVESTIMENTO S.A.;4.814.563;n1;I;2;S4;14;SOROCABA;SP;09/2020;408.926;1;70;126;127;9;0;0;333;4.263;6.603;7.004;1.144;74;1;0;19.089;164;258;308;0;0;0;0;730;0;0;0;0;0;0;0;0;80.245;194.112;110.356;4.058;3;0;0;388.773;0;0;0;0;0;0;0;0;0;0;0;0;0;0;0;0;0
FORTBRASIL ADMINISTRADORA DE CARTOES DE CREDITO S/A;2.732.968;n4;I;2;;41;EUSEBIO;CE;09/2020;403.993;0;0;0;0;0;0;0;0;0;0;0;0;0;0;0;0;0;0;0;0;0;0;0;0;0;0;0;0;0;0;0;0;0;208.058;64.989;38;0;0;0;273.085;0;0;0;0;0;0;0;0;94.499;26.696;9.543;171;0;0;0;130.908;0
COOPERATIVA DE CRÉDITO LESTE CAPIXABA - SICOOB LESTE CAPIXABA;32.430.233;b3S;I;2;S5;9;LINHARES;ES;09/2020;401.442;64;600;1.914;3.180;1.301;4;0;7.064;2.887;22.523;66.226;78.919;27.037;8.794;0;206.387;235;3.952;10.759;19.074;3.752;8;0;37.780;0;0;0;0;0;0;0;0;0;0;0;0;0;0;0;0;846;32.829;69.223;22.060;4.411;6.746;0;136.116;2.975;7.260;1.658;918;561;723;0;14.095;0
COOPERATIVA DE CRÉDITO, POUPANÇA E INVESTIMENTO CENTRO SUL - SICREDI CENTRO SUL PR/SC/RJ;78.907.607;b3S;I;2;S4;9;PRUDENTOPOLIS;PR;09/2020;397.469;84;3.981;10.611;23.940;17.346;20.047;0;76.008;722;4.116;23.904;10.046;528;57;0;39.375;158;1.921;6.550;10.154;1.444;3;0;20.230;0;0;0;0;0;0;0;0;1.342;14.863;5.101;12;0;0;0;21.317;713;10.749;110.582;41.642;22.468;1.483;0;187.638;3.468;7.321;24.541;14.722;2.617;231;0;52.901;0
COOPERATIVA DE CRÉDITO POUPANÇA E INVESTIMENTO DA ZONA SUL - SICREDI ZONA SUL RS;90.497.256;b3S;I;2;S4;9;PELOTAS;RS;09/2020;392.299;19;980;2.629;5.601;3.672;4.160;0;17.062;898;7.336;18.528;12.352;1.302;137;0;40.553;92;3.287;10.860;18.212;2.798;1;0;35.250;0;0;0;0;0;0;0;0;1.348;16.407;5.716;6;0;0;0;23.478;991;13.473;138.779;26.873;11.542;3.482;0;195.140;3.629;13.036;25.549;23.347;10.320;4.934;0;80.816;0
COOPERATIVA DE CRÉDITO, POUPANÇA E INVESTIMENTO PROGRESSO - SICREDI PROGRESSO PR/SP;76.059.997;b3S;I;2;S4;9;TOLEDO;PR;09/2020;387.697;50;2.365;6.690;14.598;9.502;11.989;0;45.195;1.187;7.311;12.711;12.040;1.120;36;0;34.405;177;2.503;7.299;13.021;3.098;23;0;26.122;0;0;0;0;0;0;0;0;1.500;19.019;6.767;12;0;0;0;27.298;28;30.527;76.127;30.290;19.438;6.029;0;162.439;1.895;12.812;20.737;25.066;15.973;15.754;1;92.238;0
COOPERATIVA DE CRÉDITO, POUPANÇA E INVESTIMENTO VALE DO JAGUARI E ZONA DA MATA – SICREDI VALE DO JAGUARI E ZONA DA MATA RS/MG;87.780.284;b3S;I;2;S4;9;SANTIAGO;RS;09/2020;386.765;40;723;1.886;3.760;2.044;1.921;0;10.375;265;8.315;18.185;12.292;2.352;163;0;41.573;36;2.346;6.945;12.461;3.221;46;0;25.055;0;0;0;0;0;0;0;0;373;9.797;3.166;5;0;0;0;13.341;89;28.639;141.539;39.836;4.915;143;0;215.160;1.112;10.526;30.521;21.452;10.230;7.422;0;81.263;0
SAX S.A. - CRÉDITO, FINANCIAMENTO E INVESTIMENTO;7.747.410;n1;I;2;S4;14;BARUERI;SP;09/2020;379.223;441;1.981;3.077;950;91;0;0;6.539;50.378;52.141;30.844;73;0;0;0;133.436;0;0;0;0;0;0;0;0;0;0;0;0;0;0;0;0;143.715;59.122;36.301;109;0;0;0;239.247;0;0;0;0;0;0;0;0;0;0;0;0;0;0;0;0;0
COOPERATIVA DE CREDITO, POUPANÇA E INVESTIMENTO PARQUE DAS ARAUCARIAS - SICREDI PARQUE DAS ARAUCARIAS PR/SC/SP;82.065.285;b3S;I;2;S4;9;MARIOPOLIS;PR;09/2020;376.142;82;2.030;4.916;9.311;3.912;1.308;0;21.559;627;11.299;23.498;23.251;2.868;253;0;61.796;278;4.026;11.985;18.196;2.457;6;0;36.947;0;0;0;0;0;0;0;0;1.837;23.978;7.881;5;0;0;0;33.701;343;16.484;94.839;35.883;11.795;3.061;0;162.405;2.498;14.068;15.823;16.191;6.785;4.368;0;59.733;0
COOPERATIVA DE CRÉDITO SICOOB OURO VERDE;5.582.619;b3S;I;2;S5;9;LONDRINA;PR;09/2020;376.057;546;8.028;19.793;50.341;45.196;98.011;0;221.913;1.887;10.534;21.076;30.335;9.913;3.342;0;77.088;26;174;485;1.043;262;0;0;1.990;0;0;0;0;0;0;0;0;0;0;0;0;0;0;0;0;302;13.953;30.303;12.287;6.829;1.690;0;65.364;3.234;2.394;3.453;312;269;39;0;9.701;0
COOPERATIVA DE CREDITO, POUPANCA E INVESTIMENTO IGUACU - SICREDI IGUACU PR/SC/SP;84.974.278;b3S;I;2;S4;9;SAO JOAO;PR;09/2020;375.771;3;732;2.029;3.570;1.247;599;0;8.180;519;11.042;26.753;31.964;3.934;147;0;74.359;52;966;2.603;4.422;1.225;10;0;9.278;0;0;0;0;0;0;0;0;1.136;19.073;6.382;18;0;0;0;26.610;174;37.026;78.340;19.298;15.127;5.196;0;155.161;1.627;13.085;28.997;29.340;16.240;12.894;1;102.182;0
COOPERATIVA DE CRÉDITO CENTRO LESTE - SICREDI CENTRO LESTE RS;88.471.024;b3S;I;2;S4;9;CACHOEIRA DO SUL;RS;09/2020;361.961;4;72;205;264;1;0;0;545;638;9.166;33.731;24.528;6.100;657;0;74.820;38;1.719;5.514;9.387;2.169;26;0;18.852;0;0;0;0;0;0;0;0;825;11.636;3.991;6;0;0;0;16.458;26;3.580;80.902;38.447;24.579;2.034;0;149.568;1.525;8.257;18.402;32.143;19.352;22.040;0;101.718;0
SICREDI ALAGOAS - COOPERATIVA DE CRÉDITO;41.180.092;b3S;I;2;S5;9;MACEIO;AL;09/2020;361.706;179;10.335;32.822;78.785;58.765;55.360;0;236.246;422;10.596;27.026;30.024;4.057;2.117;15;74.256;106;2.054;5.675;8.000;889;3;0;16.728;0;0;0;0;0;0;0;0;561;14.749;5.176;7;0;0;0;20.493;0;0;0;0;0;0;0;0;585;4.627;2.377;4.493;1.438;463;0;13.982;0
SICOOB CREDICOM - COOPERATIVA DE ECONOMIA E CREDITO MUTUO DOS MEDICOS E PROFISSIONAIS DA AREA DE SAUDE DO BRASIL LTDA.;42.898.825;b3S;I;2;S5;9;BELO HORIZONTE;MG;09/2020;356.631;0;228;547;635;15;0;0;1.425;886;30.656;82.221;91.966;15.467;9.767;8;230.971;56;6.156;16.781;24.527;1.729;0;0;49.250;0;0;0;0;0;0;0;0;0;0;0;0;0;0;0;0;0;1.266;7.769;13.229;8.205;4.335;0;34.804;1.569;13.842;2.369;5.683;4.722;11.961;36;40.181;0
COOPERATIVA DE CRÉDITO COM INTERAÇÃO SOLIDÁRIA FRONTEIRAS PR/SC/SP - CRESOL FRONTEIRAS PR/SC/SP;5.276.770;b3S;I;2;S5;9;REALEZA;PR;09/2020;356.205;0;0;0;0;0;0;0;0;406;5.210;15.346;19.414;7.492;4.397;0;52.265;51;934;2.267;4.278;1.335;13;0;8.878;0;0;0;0;0;0;0;0;7;341;76;0;0;0;0;424;685;27.246;91.759;52.258;39.204;46.376;0;257.527;1.716;5.303;10.668;13.159;4.068;2.161;35;37.110;0
COOPERATIVA DE ECONOMIA E CREDITO MUTUO DOS MEDICOS DE PORTO ALEGRE LTDA-UNICRED PORTO ALEGRE;94.433.109;b3S;I;2;S5;9;PORTO ALEGRE;RS;09/2020;354.699;3;149;389;411;1;0;0;952;506;20.376;62.584;92.098;32.960;20.197;0;228.722;14;5.004;13.744;20.060;2.876;27;0;41.724;1;847;2.904;6.826;5.418;12.685;2.429;31.111;0;49;12;0;0;0;0;62;0;0;0;0;0;0;0;0;260;9.126;10.549;14.079;8.367;9.749;0;52.129;0
UNIPRIME NORTE DO PARANÁ - COOPERATIVA DE CRÉDITO LTDA;2.398.976;b3S;I;2;S4;9;LONDRINA;PR;09/2020;352.229;1;118;421;616;67;0;0;1.222;338;14.936;40.334;53.636;13.022;2.873;70;125.209;5;1.912;4.951;5.455;151;0;0;12.475;82;2.409;6.958;15.484;11.282;25.310;5.127;66.652;1.717;92.504;0;0;0;0;0;94.221;0;0;0;0;0;0;0;0;112;10.935;22.175;15.007;2.858;1.313;51;52.450;0
COOPERATIVA DE CRÉDITO, POUPANÇA E INVESTIMENTO PARANAPANEMA PR/SP - SICREDI PARANAPANEMA PR/SP;79.086.997;b3S;I;2;S4;9;CAMBARA;PR;09/2020;351.106;75;3.314;8.513;19.829;15.106;23.405;0;70.242;576;10.420;20.827;22.218;3.414;87;0;57.542;15;974;2.566;4.237;1.017;10;0;8.820;0;0;0;0;0;0;0;0;1.600;16.886;6.089;7;0;0;0;24.581;138;28.442;53.174;17.123;8.223;3.024;0;110.124;1.353;14.988;25.605;24.121;10.499;3.232;0;79.798;0
BANCO SEMEAR S.A.;795.423;b1;I;2;S4;8;BELO HORIZONTE;MG;09/2020;350.209;22;168;359;188;2;0;0;740;41.452;124.742;129.066;4.437;0;0;0;299.697;0;0;0;0;0;0;0;0;0;0;0;0;0;0;0;0;0;0;0;0;0;0;0;0;0;0;0;0;0;0;0;0;1.052;1.756;3.886;12.287;13.801;16.032;958;49.772;0
COOPERATIVA DE CRÉDITO, POUPANÇA E INVESTIMENTO DA REGIÃO DOS VALES - SICREDI REGIÃO DOS VALES RS;89.126.130;b3S;I;2;S4;9;ENCANTADO;RS;09/2020;349.101;24;750;1.946;3.122;954;154;0;6.951;156;10.552;28.970;39.816;18.426;26.342;96;124.359;45;1.934;5.363;9.284;2.415;280;0;19.320;0;0;0;0;0;0;0;0;255;21.169;7.438;6;0;0;0;28.869;14;3.479;58.632;8.030;5.390;5.678;0;81.222;1.049;18.768;18.550;22.726;12.941;14.332;15;88.380;0
COOPERATIVA DE CRÉDITO SUL-SERRANA DO ESPÍRITO SANTO;815.319;b3S;I;2;S5;9;VENDA NOVA DO IMIGRANTE;ES;09/2020;346.585;76;1.172;3.216;6.273;3.043;103;0;13.884;2.711;27.492;50.585;67.688;29.482;23.261;0;201.219;149;3.301;8.757;15.751;2.927;80;0;30.965;0;0;0;0;0;0;0;0;0;0;0;0;0;0;0;0;562;34.711;19.523;12.326;5.662;6.078;0;78.862;3.026;10.860;1.880;2.544;1.900;1.445;0;21.655;0
COOPERATIVA DE CRÉDITO, POUPANÇA E INVESTIMENTO CENTRO SERRA - SICREDI CENTRO SERRA RS;87.067.757;b3S;I;2;S4;9;AGUDO;RS;09/2020;343.106;0;359;826;1.725;1.037;780;0;4.727;228;5.027;38.633;28.624;16.571;15.849;87;105.019;110;3.196;13.675;22.186;6.763;69;0;45.999;0;0;0;0;0;0;0;0;200;6.888;2.246;2;0;0;0;9.336;97;3.834;102.780;12.202;9.382;3.366;0;131.661;1.442;5.785;15.679;11.040;6.806;5.612;0;46.364;0
AVISTA S.A. CRÉDITO, FINANCIAMENTO E INVESTIMENTO;23.862.762;n1;I;2;S4;14;VITORIA;ES;09/2020;340.777;0;0;0;0;0;0;0;0;0;360;281;159;0;0;0;800;0;0;0;0;0;0;0;0;0;0;0;0;0;0;0;0;144.176;172.463;19.963;3.375;0;0;0;339.978;0;0;0;0;0;0;0;0;0;0;0;0;0;0;0;0;0
COOPERATIVA DE CRÉDITO DA FRONTEIRA SUL – SICREDI FRONTEIRA SUL RS;88.530.142;b3S;I;2;S4;9;BAGE;RS;09/2020;340.598;13;232;535;819;211;113;0;1.922;219;7.146;10.581;10.695;955;3;0;29.600;63;1.413;3.646;6.109;1.374;15;0;12.619;0;0;0;0;0;0;0;0;492;8.129;2.692;5;0;0;0;11.319;3.651;29.075;113.192;26.146;2.920;0;0;174.983;3.183;18.494;28.383;40.956;16.351;2.788;0;110.155;0
COOPERATIVA DE CRÉDITO DA AMAZÔNIA – SICOOB AMAZÔNIA;5.203.605;b3S;I;2;S5;9;BURITIS;RO;09/2020;336.074;173;2.965;8.020;18.629;12.131;1.428;0;43.347;1.337;26.134;67.208;17.529;1.843;517;0;114.568;151;750;1.953;2.320;397;0;0;5.570;0;0;0;0;0;0;0;0;0;0;0;0;0;0;0;0;284;15.363;47.930;82.330;4.350;51;0;150.307;3.358;17.382;1.532;12;0;0;0;22.283;0
COOPERATIVA DE CRÉDITO COM INTERAÇÃO SOLIDÁRIA DO VALE EUROPEU - CRESOL VALE EUROPEU;7.512.780;b3S;I;2;S5;9;AGUAS MORNAS;SC;09/2020;331.332;0;0;0;0;0;0;0;0;555;6.061;17.083;25.847;9.929;5.488;0;64.963;139;1.587;4.823;8.730;2.319;21;0;17.618;0;0;0;0;0;0;0;0;4;179;50;0;0;0;0;233;761;15.200;90.046;39.938;29.110;36.605;0;211.660;741;5.791;9.999;14.831;4.730;687;80;36.858;0
COOPERATIVA DE CRÉDITO COM INTERAÇÃO SOLIDÁRIA INTEGRAÇÃO - CRESOL INTEGRAÇÃO;7.268.499;b3S;I;2;S5;9;TOLEDO;PR;09/2020;325.608;0;0;0;0;0;0;0;0;461;4.293;10.658;12.984;3.717;616;0;32.730;91;536;1.643;3.031;919;13;0;6.233;0;0;0;0;0;0;0;0;3;276;46;0;0;0;0;324;732;24.074;81.329;52.151;38.908;61.330;0;258.525;753;6.191;7.478;9.665;2.987;667;55;27.796;0
TODESCREDI S/A - CRÉDITO, FINANCIAMENTO E INVESTIMENTO;9.473.806;n1;I;2;S5;14;BENTO GONCALVES;RS;09/2020;322.419;0;154;191;30;0;0;0;375;9.757;107.042;151.698;53.441;107;0;0;322.044;0;0;0;0;0;0;0;0;0;0;0;0;0;0;0;0;0;0;0;0;0;0;0;0;0;0;0;0;0;0;0;0;0;0;0;0;0;0;0;0;0
COOPERATIVA DE CRÉDITO SICREDI PERNAMBUCRED;4.146.333;b3S;I;2;S5;9;RECIFE;PE;09/2020;319.309;145;17.689;47.010;95.556;63.842;59.733;0;283.974;499;2.499;3.874;3.532;14;0;0;10.418;7;174;426;612;87;0;0;1.306;0;0;0;0;0;0;0;0;1.408;10.182;4.059;3;0;0;0;15.653;0;0;0;0;0;0;0;0;545;2.375;2.126;2.716;181;14;0;7.958;0
COOPERATIVA DE CRÉDITO, POUPANÇA E INVESTIMENTO SUL MINAS DO RIO GRANDE DO SUL E MINAS GERAIS – SICREDI SUL MINAS RS/MG.;87.784.088;b3S;I;2;S4;9;ESTACAO;RS;09/2020;303.625;5;346;905;1.390;455;294;0;3.395;226;2.804;14.370;16.125;1.678;551;0;35.754;55;933;2.681;5.073;1.401;2;0;10.145;0;0;0;0;0;0;0;0;693;7.730;2.751;5;0;0;0;11.180;5;8.108;116.098;14.024;8.456;2.765;0;149.455;806;8.261;16.560;18.949;14.650;34.396;75;93.696;0
COOPERATIVA DE CREDITO DO ALTO PARANAIBA E REGIÃO LTDA. - SICOOB CREDIPATOS;25.387.671;b3S;I;2;S5;9;PATOS DE MINAS;MG;09/2020;302.480;28;436;1.150;1.228;1;0;0;2.844;331;8.752;16.195;36.332;13.287;6.566;0;81.462;0;337;940;1.597;514;28;0;3.416;0;0;0;0;0;0;0;0;0;0;0;0;0;0;0;0;162;26.208;78.507;50.714;19.973;28.024;0;203.587;274;5.367;1.437;1.104;1.022;1.967;0;11.171;0
COOPERATIVA DE CRÉDITO, POUPANÇA E INVESTIMENTO NOSSA TERRA - SICREDI NOSSA TERRA PR/SP;81.192.106;b3S;I;2;S4;9;CAFELANDIA;PR;09/2020;302.355;109;2.225;5.813;11.545;7.241;12.585;0;39.518;596;7.341;14.908;13.670;730;1;0;37.247;61;1.451;4.013;6.661;1.282;22;0;13.491;0;0;0;0;0;0;0;0;2.116;15.840;5.470;8;0;0;0;23.434;692;23.153;64.980;11.695;6.972;2.792;0;110.284;2.563;15.981;17.154;18.792;11.193;12.686;14;78.382;0
COOPERATIVA DE CRÉDITO DE LIVRE ADMISSÃO DE ASSOCIADOS DO ALTO URUGUAI CATARINENSE – SICOOB CREDIAUC;78.840.071;b3S;I;2;S5;9;CONCORDIA;SC;09/2020;301.269;6;478;1.156;2.481;1.418;974;0;6.513;1.283;10.558;25.324;39.260;15.502;16.934;107;108.968;505;6.623;18.678;38.951;8.851;61;0;73.668;0;0;0;0;0;0;0;0;0;0;0;0;0;0;0;0;54;8.049;37.270;17.969;10.951;12.173;0;86.466;1.195;8.561;4.161;4.038;2.874;4.825;0;25.655;0
COOPERATIVA DE CREDITO, POUPANÇA E INVESTIMENTO RIO PARANA - SICREDI RIO PARANA PR/SP;81.206.039;b3S;I;2;S4;9;NOVA LONDRINA;PR;09/2020;296.187;69;2.131;5.234;10.622;6.994;6.375;0;31.425;483;5.894;11.012;10.950;1.313;10;0;29.663;38;2.183;6.420;11.058;2.706;34;0;22.440;0;0;0;0;0;0;0;0;1.847;21.030;6.818;9;0;0;0;29.705;139;9.898;47.975;62.123;7.708;822;0;128.665;2.197;17.172;26.670;6.976;1.142;134;0;54.290;0
COOPERATIVA DE CRÉDITO DE LIVRE ADMISSÃO DO CENTRO NORTE GOIANO;2.282.709;b3S;I;2;S5;9;ANAPOLIS;GO;09/2020;294.855;0;0;0;0;0;0;0;0;653;10.834;24.271;33.565;6.602;1.096;0;77.021;75;1.429;4.171;7.291;1.115;0;0;14.081;0;0;0;0;0;0;0;0;0;0;0;0;0;0;0;0;0;5.381;57.271;84.790;13.240;0;0;160.683;1.830;24.722;8.261;4.823;1.709;1.726;0;43.071;0
COOPERATIVA DE CRÉDITO UNICRED CENTRO-SUL LTDA – UNICRED CENTRO-SUL;75.847;b3S;I;2;S5;9;CRICIUMA;SC;09/2020;293.053;0;0;0;0;0;0;0;0;608;18.077;46.234;70.424;28.237;27.036;13;190.629;62;3.708;9.874;15.361;3.374;5;0;32.384;0;1.085;3.235;7.895;7.281;23.485;5.910;48.891;0;8;0;0;0;0;0;8;0;0;0;0;0;0;0;0;305;4.173;3.122;3.868;3.503;6.124;45;21.140;0
COOPERATIVA DE CRÉDITO NORTE DO ESPÍRITO SANTO - SICOOB NORTE;31.815.293;b3S;I;2;S5;9;SAO GABRIEL DA PALHA;ES;09/2020;291.428;37;651;1.717;3.424;1.705;50;0;7.584;6.675;13.830;40.457;39.538;17.410;12.789;0;130.699;125;1.644;4.462;7.395;1.143;1;0;14.770;0;0;0;0;0;0;0;0;0;0;0;0;0;0;0;0;6.563;38.267;28.041;43.020;5.871;3.322;0;125.085;2.407;6.984;2.962;594;290;53;0;13.290;0
COOPERATIVA DE CREDITO CENTRO-SERRANA DO ESPIRITO SANTO - SICOOB CENTRO-SERRANO;31.804.966;b3S;I;2;S5;9;SANTA MARIA DE JETIBA;ES;09/2020;291.049;32;529;1.621;3.019;1.643;2;0;6.846;2.943;15.452;37.126;55.617;26.707;12.156;0;150.001;55;1.829;5.081;10.165;2.392;15;0;19.538;0;0;0;0;0;0;0;0;0;0;0;0;0;0;0;0;688;21.406;33.642;28.713;13.532;3.761;0;101.742;2.176;6.455;2.006;1.191;631;462;0;12.921;0
COOPERATIVA DE CRÉDITO UNICRED VALOR CAPITAL LTDA – UNICRED VALOR CAPITAL;74.064.502;b3S;I;2;S5;9;FLORIANOPOLIS;SC;09/2020;288.942;0;0;0;0;0;0;0;0;520;21.364;58.173;80.304;25.340;15.074;0;200.774;0;2.258;6.323;8.654;1.203;14;0;18.453;40;1.000;2.967;8.023;7.819;23.535;2.495;45.878;0;30;3;0;0;0;0;33;0;0;0;0;0;0;0;0;196;5.530;4.203;5.603;4.925;3.347;0;23.803;0
COOPERATIVA DE CRÉDITO, POUPANÇA E INVESTIMENTO DO VALE DO RIO PARDO - SICREDI VALE DO RIO PARDO RS;95.424.891;b3S;I;2;S4;9;SANTA CRUZ DO SUL;RS;09/2020;287.203;56;1.229;3.461;6.322;1.417;244;0;12.729;334;5.220;23.337;11.349;1.856;9;0;42.105;62;2.661;10.421;18.391;5.377;46;0;36.958;0;0;0;0;0;0;0;0;527;9.629;3.034;4;0;0;0;13.194;172;2.075;61.123;25.961;19.288;8.056;0;116.675;2.023;9.635;21.089;15.918;8.831;8.030;16;65.542;0
COOPERATIVA DE CRÉDITO SICOOB VALE SUL;2.466.552;b3S;I;2;S5;9;FRANCISCO BELTRAO;PR;09/2020;282.205;74;3.213;7.603;16.151;9.997;10.531;0;47.570;953;5.684;17.048;19.497;7.255;3.167;0;53.603;21;489;1.436;2.851;777;7;0;5.581;0;0;0;0;0;0;0;0;0;0;0;0;0;0;0;0;261;26.993;94.648;24.436;12.262;10.080;0;168.679;1.130;3.084;2.333;117;56;53;0;6.773;0
COOPERATIVA DE CRÉDITO COOPERAÇÃO RS/SC – SICREDI COOPERAÇÃO RS/SC;87.779.625;b3S;I;2;S4;9;NAO-ME-TOQUE;RS;09/2020;281.005;9;283;695;1.118;402;252;0;2.759;197;3.043;7.112;7.505;1.224;269;0;19.349;19;1.043;2.895;4.937;1.076;6;0;9.977;0;0;0;0;0;0;0;0;659;10.364;3.519;1;0;0;0;14.544;0;7.981;129.437;25.154;19.725;2.629;0;184.926;702;8.353;15.093;12.721;6.470;6.083;29;49.451;0
COOPERATIVA DE CRÉDITO RURAL COM INTERAÇÃO SOLIDÁRIA LIDERANÇA - CRESOL LIDERANÇA;2.934.201;b3S;I;2;S5;9;CHOPINZINHO;PR;09/2020;279.782;0;0;0;0;0;0;0;0;224;4.112;9.633;13.566;4.728;4.781;0;37.042;13;367;1.023;1.629;408;2;0;3.442;0;0;0;0;0;0;0;0;0;342;49;0;0;0;0;392;893;25.079;74.286;43.604;32.149;40.020;0;216.029;373;2.125;4.507;8.241;4.075;3.540;15;22.876;0
KREDILIG S.A. - CRÉDITO, FINANCIAMENTO E INVESTIMENTO;6.040.559;n1;I;2;S5;14;BIGUACU;SC;09/2020;276.081;39;265;582;479;0;0;0;1.365;9.338;39.970;63.519;16.693;192;0;0;129.712;0;0;0;0;0;0;0;0;0;0;0;0;0;0;0;0;17.294;51.785;65.092;10.834;0;0;0;145.004;0;0;0;0;0;0;0;0;0;0;0;0;0;0;0;0;0
COOPERATIVA DE CRÉDITO COM INTERAÇÃO SOLIDÁRIA TRADIÇÃO – CRESOL TRADIÇÃO;4.350.225;b3S;I;2;S5;9;FRANCISCO BELTRAO;PR;09/2020;274.814;0;0;0;0;0;0;0;0;337;3.387;13.176;16.533;8.042;7.321;0;48.796;51;335;1.000;1.695;513;1;0;3.595;0;0;0;0;0;0;0;0;0;408;74;0;0;0;0;483;1.179;18.074;66.989;43.215;33.496;42.869;0;205.822;186;2.287;3.218;6.710;2.757;938;23;16.119;0
COOPERATIVA DE CRÉDITO CREDILIVRE LTDA. - SICOOB CREDILIVRE;41.697.103;b3S;I;2;S5;9;MANHUACU;MG;09/2020;271.122;0;0;0;0;0;0;0;0;1.119;10.556;9.848;23.300;5.879;40;0;50.741;11;874;2.458;4.529;828;0;0;8.700;0;0;0;0;0;0;0;0;0;0;0;0;0;0;0;0;948;29.782;136.336;19.043;8.944;10.558;0;205.610;783;3.243;1.037;378;630;0;0;6.071;0
COOPERATIVA DE CRÉDITO DOS MÉDICOS, PROFISSIONAIS DA SAÚDE E EMPRESÁRIOS DE MATO GROSSO;36.900.256;b3S;I;2;S5;9;CUIABA;MT;09/2020;270.756;0;0;0;0;0;0;0;0;349;7.238;18.027;25.499;9.387;5.245;10;65.755;70;4.636;12.837;20.817;4.104;15;0;42.479;0;975;3.834;8.604;6.949;12.828;53;33.243;0;13;4;0;0;0;0;18;0;0;0;0;0;0;0;0;961;15.163;35.026;48.435;18.227;11.449;0;129.262;0
COOPERATIVA DE CREDITO E ECONOMIA COM INTERACAO SOLIDARIA DE CONSTANTINA - CRESOL CONSTANTINA.;2.663.426;b3S;I;2;S5;9;CONSTANTINA;RS;09/2020;268.722;1;16;37;81;13;0;0;148;123;2.835;11.790;12.212;5.730;4.511;8;37.208;15;436;1.255;2.309;477;22;0;4.514;0;0;0;0;0;0;0;0;4;308;68;0;0;0;0;380;205;9.684;117.472;24.003;17.379;32.079;0;200.823;946;4.452;8.124;9.546;2.011;559;10;25.649;0
COOPERATIVA DE CRÉDITO DE LIVRE ADMISSÃO DO ALTO VALE DO ITAJAÍ - VIACREDI ALTO VALE;16.779.741;b3S;I;2;S5;9;IBIRAMA;SC;09/2020;268.711;0;90;224;230;0;0;0;544;2.093;21.290;51.842;69.633;14.899;7.081;3;166.841;72;2.439;6.651;10.030;2.090;53;0;21.334;0;0;0;0;0;0;0;0;0;0;0;0;0;0;0;0;0;0;0;0;0;0;0;0;2.450;11.718;28.677;28.448;5.659;3.039;0;79.992;0
COOPERATIVA DE CRÉDITO DE LIVRE ADMISSÃO DE ASSOCIADOS DO VALE DO CANOINHAS - SICOOB CREDICANOINHAS/SC;78.834.975;b3S;I;2;S5;9;CANOINHAS;SC;09/2020;268.101;38;873;1.852;2.667;698;51;0;6.180;2.175;6.873;43.033;38.144;12.546;929;0;103.699;64;1.208;4.718;7.720;1.438;20;0;15.166;0;0;0;0;0;0;0;0;0;0;0;0;0;0;0;0;186;1.761;123.860;7.825;2.246;2.015;0;137.894;1.085;3.053;917;38;42;25;0;5.161;0
COOPERATIVA DE CRÉDITO, POUPANÇA E INVESTIMENTO GRANDES LAGOS DO PARANÁ E LITORAL PAULISTA – SICREDI GRANDES LAGOS PR/SP;81.115.149;b3S;I;2;S4;9;LARANJEIRAS DO SUL;PR;09/2020;264.734;39;1.884;4.905;10.367;6.804;7.536;0;31.535;334;5.247;11.306;12.227;1.594;144;0;30.851;23;1.112;2.974;4.439;855;4;0;9.407;0;0;0;0;0;0;0;0;1.203;14.399;4.630;15;0;0;0;20.248;256;15.101;64.158;37.105;11.817;2.687;0;131.124;1.976;9.029;14.358;10.139;3.101;2.958;8;41.569;0
COOPERATIVA DE CREDITO DE LIVRE ADMISSÃO DE ASSOCIADOS ITAIPU SICOOB CREDITAIPU;81.014.060;b3S;I;2;S5;9;PINHALZINHO;SC;09/2020;264.590;2;138;378;669;252;73;0;1.511;987;12.959;39.233;62.001;28.210;24.514;2;167.906;19;906;2.377;4.706;1.566;2;0;9.577;0;0;0;0;0;0;0;0;0;0;0;0;0;0;0;0;23;3.869;30.056;14.862;10.112;14.405;0;73.327;686;3.183;1.249;2.382;1.709;3.055;4;12.269;0
COOPERATIVA DE CRÉDITO, POUPANÇA E INVESTIMENTO DO NORTE DO PARANÁ E SUL DE SÃO PAULO - SICREDI NORTE SUL PR/SP;79.063.574;b3S;I;2;S4;9;SANTO ANTONIO DA PLATINA;PR;09/2020;261.517;29;916;2.335;4.534;1.672;627;0;10.113;385;8.451;14.837;13.295;2.210;52;0;39.231;11;1.390;3.775;5.501;916;2;0;11.594;0;0;0;0;0;0;0;0;1.009;18.427;7.068;7;0;0;0;26.511;0;20.335;44.741;31.477;8.563;5.470;0;110.586;1.874;15.809;23.946;14.331;5.410;2.113;0;63.482;0
COOPERATIVA DE ECONOMIA E CREDITO MUTUO DOS MEDICOS E DEMAIS PROFISSIONAIS DA AREA DE SAUDE DO ESTADO DE SAO PAULO LTDA    UNICRED DO ESTADO DE SAO PAULO;71.884.498;b3S;I;2;S5;9;CAMPINAS;SP;09/2020;258.626;0;0;0;0;0;0;0;0;935;15.441;43.448;70.606;31.049;26.285;2;187.767;2;1.503;4.345;6.887;1.870;17;0;14.624;0;33;116;289;262;774;2;1.476;0;15;1;0;0;0;0;16;0;0;0;0;0;0;0;0;254;6.346;9.955;15.574;9.595;13.019;0;54.744;0
COOPERATIVA DE CRÉDITO DE LIVRE ADMISSÃO DO VALE DO PARANAÍBA LTDA.;24.799.033;b3S;I;2;S5;9;QUIRINOPOLIS;GO;09/2020;254.696;0;80;184;357;116;1;0;737;961;10.394;26.486;28.700;6.530;1.571;936;75.577;106;956;3.048;4.743;552;0;0;9.405;0;0;0;0;0;0;0;0;0;0;0;0;0;0;0;0;2.565;21.630;58.611;75.820;1.448;0;0;160.075;665;6.080;1.639;241;241;36;0;8.902;0
COOPERATIVA DE CRÉDITO CREDIVAR LTDA. - SICOOB CREDIVAR;25.798.596;b3S;I;2;S5;9;VARGINHA;MG;09/2020;254.481;0;0;0;0;0;0;0;0;1.036;41.208;41.220;21.863;9.211;3.140;0;117.680;16;663;1.835;3.330;192;0;0;6.036;0;0;0;0;0;0;0;0;0;0;0;0;0;0;0;0;18;31.636;18.293;49.428;7.117;573;0;107.066;703;8.145;3.208;6.984;3.362;1.298;0;23.699;0
BANCO DE DESENVOLVIMENTO DE MINAS GERAIS S.A.-BDMG;38.486.817;b4;I;1;S3;5;BELO HORIZONTE;MG;09/2020;252.166;0;0;0;0;0;0;0;0;0;0;0;0;0;0;0;0;0;0;0;0;0;0;0;0;0;0;0;0;0;0;0;0;0;0;0;0;0;0;0;0;460;13.543;8.875;198.624;11.304;9.149;0;241.954;194;657;2.002;3.696;1.269;2.394;0;10.212;0
BRASIL CARD ADMINISTRADORA DE CARTAO DE CREDITO LTDA;3.130.170;n4;I;2;S5;41;MONTE BELO;MG;09/2020;251.473;0;0;0;0;0;0;0;0;0;0;0;0;0;0;0;0;0;0;0;0;0;0;0;0;0;0;0;0;0;0;0;0;0;130.550;36.042;559;0;0;0;167.150;0;0;0;0;0;0;0;0;73.252;10.581;472;18;0;0;0;84.323;0
COOPERATIVA DE CREDITO DO CENTRO DO ESTADO DE RONDONIA - SICOOB CENTRO;8.044.854;b3S;I;2;S5;9;JI-PARANA;RO;09/2020;250.962;0;7;29;68;43;1;0;148;1.449;29.094;47.017;29.329;5.954;35;0;112.879;18;415;1.497;2.634;744;0;0;5.307;0;0;0;0;0;0;0;0;0;0;0;0;0;0;0;0;90;8.281;51.339;49.924;7.592;1.902;0;119.129;742;11.899;860;0;0;0;0;13.500;0
COOPERATIVA DE CRÉDITO DE LIVRE ADMISSÃO DE ASSOCIADOS OESTE CATARINENSE;78.825.023;b3S;I;2;S5;9;PALMITOS;SC;09/2020;250.323;2;55;144;273;99;32;0;604;998;10.262;26.670;40.678;18.887;20.778;0;118.274;46;1.611;4.573;9.808;3.466;10;0;19.515;0;0;0;0;0;0;0;0;0;0;0;0;0;0;0;0;189;10.093;55.007;17.368;10.945;15.147;0;108.749;350;1.506;1.325;0;0;0;0;3.181;0
COOPERATIVA DE CRÉDITO DO NORTE CATARINENSE E SUL PARANAENSE - SICOOB CREDINORTE;81.011.686;b3S;I;2;S5;9;MAFRA;SC;09/2020;249.204;4;273;684;1.383;755;240;0;3.339;1.335;3.698;33.863;25.063;8.702;732;0;73.393;66;1.150;7.562;8.939;698;0;0;18.417;0;0;0;0;0;0;0;0;0;0;0;0;0;0;0;0;147;2.951;94.498;26.352;12.661;8.735;0;145.346;358;2.640;2.138;2.015;1.317;240;0;8.709;0
COOPERATIVA DE CRÉDITO MÚTUO DOS EMPREGADOS DA EMBRAER E DA BOEING BRASIL COMMERCIAL - COOPEREMB;46.642.294;b3S;I;2;S5;9;SAO JOSE DOS CAMPOS;SP;09/2020;248.776;1.573;11.661;41.982;99.341;71.250;8.175;0;233.982;1.191;863;2.291;3.946;515;5;0;8.811;0;40;118;322;223;1;0;703;0;0;0;0;0;0;0;0;0;0;0;0;0;0;0;0;0;0;0;0;0;0;0;0;745;517;1.168;2.309;541;0;0;5.280;0
COOPERATIVA DE CRÉDITO AGROCREDI LTDA. - SICOOB AGROCREDI;42.873.828;b3S;I;2;S4;9;GUAXUPE;MG;09/2020;247.510;28;773;1.910;2.977;595;3;0;6.286;1.364;26.830;22.016;31.034;5.182;18;0;86.445;31;2.759;6.009;11.223;5.188;1;0;25.212;0;0;0;0;0;0;0;0;0;0;0;0;0;0;0;0;442;54.420;16.849;23.491;1.589;12;0;96.804;2.842;16.594;5.458;5.114;2.754;0;0;32.762;0
COOPERATIVA DE CRÉDITO DE CASCAVEL E REGIÃO - SICOOB CREDICAPITAL;4.529.074;b3S;I;2;S5;9;CASCAVEL;PR;09/2020;241.292;195;3.418;8.155;16.977;9.576;8.342;0;46.664;1.657;8.020;31.518;30.198;8.618;1.885;0;81.897;35;597;1.640;3.331;925;5;0;6.532;0;0;0;0;0;0;0;0;0;0;0;0;0;0;0;0;697;11.010;40.656;19.423;7.599;1.960;0;81.345;1.881;5.587;2.840;6.201;4.407;3.939;0;24.853;0
AGORACRED S/A SOCIEDADE DE CRÉDITO, FINANCIAMENTO E INVESTIMENTO;36.321.990;n1;I;2;S4;14;VITORIA;ES;09/2020;240.369;0;0;0;0;0;0;0;0;66.728;84.978;82.981;5.681;0;0;0;240.369;0;0;0;0;0;0;0;0;0;0;0;0;0;0;0;0;0;0;0;0;0;0;0;0;0;0;0;0;0;0;0;0;0;0;0;0;0;0;0;0;0
COOPERATIVA DE CRÉDITO RURAL E ECONOMIA COM INTERAÇÃO SOLIDÁRIA DO PLANALTO SERRA DO RIO GRANDE DO SUL - CRESOL PLANALTO SERRA;5.863.726;b3S;I;2;S5;9;SANANDUVA;RS;09/2020;238.298;0;5;33;110;97;176;0;422;259;2.725;8.104;13.646;6.907;5.830;0;37.471;111;1.128;3.065;5.449;1.198;32;0;10.982;0;0;0;0;0;0;0;0;6;312;52;0;0;0;0;370;345;9.198;74.377;28.166;20.220;29.187;0;161.493;564;4.599;9.905;10.489;1.682;280;41;27.560;0
COOPERATIVA DE CRÉDITO, POUPANÇA E INVESTIMENTO DO CERRADO DE GOIÁS - SICREDI CERRADO GO;6.332.931;b3S;I;2;S4;9;GOIANIA;GO;09/2020;237.534;25;350;807;1.355;291;44;0;2.872;308;6.172;15.283;15.243;3.812;2;0;40.820;76;690;1.663;2.399;366;0;0;5.195;0;0;0;0;0;0;0;0;1.210;11.406;3.253;7;0;0;0;15.875;1.856;13.198;56.923;32.593;1.926;137;0;106.634;2.138;19.495;30.281;10.186;3.408;630;0;66.138;0
COOPERATIVA DE CRÉDITO DE LIVRE ADMISSÃO DA REGIÃO DE GUARIBA;44.469.161;b3S;I;2;S4;9;GUARIBA;SP;09/2020;237.412;0;125;346;755;124;0;0;1.350;303;6.092;24.319;9.649;1.157;0;0;41.519;0;186;1.184;2.280;828;0;0;4.478;0;0;0;0;0;0;0;0;0;0;0;0;0;0;0;0;0;3.194;74.384;104.818;2.930;16;0;185.343;530;1.821;1.869;382;120;0;0;4.722;0
COOPERATIVA DE CRÉDITO UNICRED DESBRAVADORA LTDA - UNICRED DESBRAVADORA;1.039.011;b3S;I;2;S5;9;CHAPECO;SC;09/2020;236.990;0;0;0;0;0;0;0;0;677;16.268;46.985;72.384;27.744;17.468;52;181.577;26;1.551;4.287;6.967;1.277;5;0;14.113;0;605;1.770;4.448;3.841;11.196;2.773;24.633;0;5;1;0;0;0;0;6;0;0;0;0;0;0;0;0;258;3.392;2.843;3.039;2.307;4.821;0;16.660;0
COOPERATIVA DE CRÉDITO SICREDI RECIFE - SICREDI RECIFE;70.241.658;b3S;I;2;S5;9;RECIFE;PE;09/2020;233.360;238;10.916;31.517;71.259;49.327;44.144;0;207.403;39;1.889;5.506;5.446;267;90;0;13.238;2;356;945;941;158;1;0;2.402;0;0;0;0;0;0;0;0;64;3.166;1.131;2;0;0;0;4.363;0;0;0;0;0;0;0;0;43;1.386;1.485;2.742;285;12;0;5.953;0
COOPERATIVA DE CRÉDITO COM INTERAÇÃO SOLIDÁRIA OESTE CATARINENSE - CRESOL OESTE CATARINENSE;3.965.737;b3S;I;2;S5;9;XAXIM;SC;09/2020;232.966;0;0;0;0;0;0;0;0;70;2.583;7.269;8.278;3.934;1.500;0;23.634;20;355;965;1.758;416;2;0;3.516;0;0;0;0;0;0;0;0;0;113;12;0;0;0;0;125;278;13.813;47.471;37.780;31.740;50.345;0;181.428;315;2.543;6.638;10.111;3.167;1.476;11;24.263;0
COOPERATIVA DE CRÉDITO DO NOROESTE DE MINAS LTDA. - SICOOB NOROESTE DE MINAS;86.564.051;b3S;I;2;S5;9;UNAI;MG;09/2020;232.540;0;0;0;0;0;0;0;0;523;6.116;14.811;18.372;9.557;2.470;0;51.848;6;489;1.369;2.506;306;0;0;4.676;0;0;0;0;0;0;0;0;0;0;0;0;0;0;0;0;318;16.149;97.577;50.959;5.832;131;0;170.966;274;3.169;1.380;115;110;2;0;5.051;0
BANCO FIBRA S.A.;58.616.418;b1;I;2;S3;8;SAO PAULO;SP;09/2020;227.436;129;57;134;168;15;0;0;503;0;0;0;0;0;0;0;0;0;0;0;0;0;0;0;0;0;0;0;0;0;0;0;0;0;0;0;0;0;0;0;0;0;0;0;0;0;0;0;0;20.589;85.716;56.601;44.611;19.416;0;0;226.932;0
VIA CERTA FINANCIADORA S.A. - CRÉDITO, FINANCIAMENTO E INVESTIMENTOS;5.192.316;n1;I;2;S4;14;SANTO CRISTO;RS;09/2020;226.723;54;274;663;952;383;110;0;2.435;23.382;34.582;43.117;7.330;58;0;0;108.469;0;0;0;0;0;0;0;0;0;0;0;0;0;0;0;0;7.998;26.438;28.476;2.503;1;0;0;65.416;0;0;0;0;0;0;0;0;14.322;14.122;17.364;4.547;48;0;0;50.403;0
COOPERATIVA DE CREDITO RURAL DE PRIMAVERA DO LESTE;26.563.270;b3S;I;2;S5;9;PRIMAVERA DO LESTE;MT;09/2020;226.652;15;163;423;505;1;0;0;1.106;3.401;43.375;25.095;20.781;7.770;1.311;0;101.733;1;504;1.408;2.262;155;1;0;4.331;0;0;0;0;0;0;0;0;0;0;0;0;0;0;0;0;1.874;20.757;67.049;20.830;711;0;0;111.220;168;6.723;739;406;225;1;0;8.262;0
COOPERATIVA DE ECONOMIA E CRÉDITO MÚTUO UNICRED INTEGRAÇÃO LTDA.;73.750.424;b3S;I;2;S5;9;CAXIAS DO SUL;RS;09/2020;226.605;0;81;210;196;0;0;0;487;148;8.514;24.367;34.451;16.529;24.686;2.718;111.414;52;3.117;8.621;13.812;3.930;21;0;29.552;1;1.156;4.082;10.052;8.625;24.715;4.640;53.270;0;7;3;0;0;0;0;11;0;0;0;0;0;0;0;0;415;5.554;6.513;8.583;4.301;6.495;10;31.872;0
COOPERATIVA DE CRÉDITO, POUPANÇA E INVESTIMENTO NOVOS HORIZONTES - SICREDI NOVOS HORIZONTES PR/SP;7.206.072;b3S;I;2;S5;9;ARAPOTI;PR;09/2020;225.964;74;1.695;4.240;8.224;4.928;6.506;0;25.666;258;5.582;12.923;9.867;1.599;447;0;30.676;54;1.297;3.450;6.623;1.455;4;0;12.883;0;0;0;0;0;0;0;0;536;8.855;2.796;3;0;0;0;12.191;0;17.476;85.665;4.294;3.949;967;0;112.351;865;6.992;10.915;8.046;3.095;2.277;7;32.196;0
COOPERATIVA DE CRÉDITO CREDICOCAPEC;67.096.909;b3S;I;2;S4;9;FRANCA;SP;09/2020;223.834;0;0;0;0;0;0;0;0;3.238;22.308;20.164;28.877;20.533;1.016;0;96.136;32;1.137;2.574;3.342;839;0;0;7.924;0;0;0;0;0;0;0;0;0;0;0;0;0;0;0;0;738;96.744;16.728;769;123;18;0;115.120;194;4.357;103;0;0;0;0;4.654;0
COOPERATIVA DE CRÉDITO COM INTERAÇÃO SOLIDÁRIA UNIÃO DOS PINHAIS - CRESOL UNIÃO DOS PINHAIS;2.446.089;b3S;I;2;S5;9;CORONEL VIVIDA;PR;09/2020;221.455;0;0;0;0;0;0;0;0;247;3.115;9.480;12.275;3.125;78;7;28.328;50;497;1.606;2.853;802;17;0;5.825;0;0;0;0;0;0;0;0;5;367;66;0;0;0;0;439;1.293;14.014;71.179;31.823;23.535;23.461;0;165.304;333;2.276;5.189;7.619;3.488;2.647;7;21.558;0
COOPERATIVA DE CRÉDITO, POUPANÇA E INVESTIMENTO TERRA DOS PINHEIRAIS DO PARANÁ E NOROESTE PAULISTA - SICREDI PLANALTO DAS ÁGUAS PR/SP;77.984.870;b3S;I;2;S4;9;GUARAPUAVA;PR;09/2020;221.171;48;716;1.843;3.311;1.464;999;0;8.381;258;3.590;6.883;6.048;827;46;0;17.651;26;917;2.555;4.173;743;6;0;8.420;0;0;0;0;0;0;0;0;937;12.755;4.112;11;0;0;0;17.816;98;9.214;100.221;9.995;3.754;608;0;123.888;1.810;6.838;15.059;13.690;5.238;2.381;0;45.015;0
COOPERATIVA DE CRÉDITO DE LIVRE ADMISSÃO DO LESTE DE MINAS LTDA. - SICOOB CREDICAF;25.395.435;b3S;I;2;S5;9;LAJINHA;MG;09/2020;216.344;0;0;0;0;0;0;0;0;1.803;17.101;19.400;43.975;18.162;4.521;0;104.962;5;600;835;3.520;1.391;3;0;6.354;0;0;0;0;0;0;0;0;0;0;0;0;0;0;0;0;98;2.567;45.551;30.590;9.594;13.580;0;101.979;402;1.587;889;171;0;0;0;3.049;0
COOPERATIVA DE CRÉDITO DE LIVRE ADMISSÃO DE ASSOCIADOS AURIVERDE   SICOOB CREDIAL/SC;78.858.107;b3S;I;2;S5;9;CUNHA PORA;SC;09/2020;215.539;0;16;37;77;51;13;0;193;252;7.520;21.084;40.361;17.389;16.886;3;103.494;68;2.185;6.050;12.681;2.746;12;0;23.742;0;0;0;0;0;0;0;0;0;0;0;0;0;0;0;0;129;4.715;41.285;14.366;9.380;13.778;0;83.653;183;3.140;453;280;208;194;0;4.457;0
COOPERATIVA DE CRÉDITO DE LIVRE ADMISSÃO DO MÉDIO LESTE DE MATO GROSSO - SICOOB PRIMAVERA MT;5.241.619;b3S;I;2;S5;9;PRIMAVERA DO LESTE;MT;09/2020;215.298;18;118;255;461;91;0;0;943;1.755;9.181;33.540;39.733;21.431;5.774;0;111.413;5;226;827;1.663;611;1;0;3.334;0;0;0;0;0;0;0;0;0;0;0;0;0;0;0;0;160;8.568;57.875;20.576;3.495;53;0;90.727;947;4.200;1.150;735;706;1.143;0;8.881;0
COOPERATIVA DE CREDITO CREDISUDESTE LTDA. - SICOOB CREDISUDESTE;22.656.789;b3S;I;2;S5;9;MURIAE;MG;09/2020;214.495;4;507;1.154;2.722;1.467;178;0;6.032;402;12.843;18.191;31.603;19.810;3.589;0;86.437;66;1.055;2.980;5.762;1.407;3;0;11.273;0;0;0;0;0;0;0;0;0;0;0;0;0;0;0;0;359;18.926;28.879;38.108;19.260;963;0;106.496;328;2.589;1.187;147;6;0;0;4.257;0
COOPERATIVA DE CRÉDITO SICOOB METROPOLITANO;3.459.850;b3S;I;2;S5;9;MARINGA;PR;09/2020;212.244;244;2.688;6.989;13.167;4.233;859;0;28.180;2.468;11.096;26.110;34.931;8.731;695;0;84.031;88;1.017;3.119;5.950;1.572;48;0;11.794;0;0;0;0;0;0;0;0;0;0;0;0;0;0;0;0;917;4.159;26.115;35.770;7.202;173;0;74.337;4.849;4.465;4.483;102;0;4;0;13.903;0
NEGRESCO S.A. - CREDITO, FINANCIAMENTO E INVESTIMENTOS;4.379.829;n1;I;2;S5;14;CURITIBA;PR;09/2020;209.667;0;0;0;0;0;0;0;0;48.181;76.338;78.796;6.151;0;0;0;209.467;0;0;0;0;0;0;0;0;0;0;0;0;0;0;0;0;0;0;0;0;0;0;0;0;0;0;0;0;0;0;0;0;3;56;114;26;0;0;0;200;0
COOPERATIVA DE CRÉDITO SUL DO ESPÍRITO SANTO - SICOOB SUL;32.467.086;b3S;I;2;S5;9;CACHOEIRO DE ITAPEMIRIM;ES;09/2020;208.151;164;753;1.633;2.534;758;74;0;5.915;889;8.960;22.722;28.575;4.414;1.255;0;66.815;140;2.687;7.203;12.281;2.182;11;0;24.505;0;0;0;0;0;0;0;0;0;0;0;0;0;0;0;0;151;20.350;29.249;31.366;7.017;3.373;0;91.506;2.867;9.386;2.344;2.973;978;860;0;19.409;0
COOPERATIVA DE CRÉDITO DE LIVRE ADMISSÃO DE ASSOCIADOS - SICOOB CREDICARU SC/RS;694.389;b3S;I;2;S5;9;SAO JOSE DO CERRITO;SC;09/2020;207.666;11;687;1.388;3.006;1.606;302;0;7.000;517;7.308;13.600;22.530;8.619;6.529;0;59.103;54;2.013;5.389;10.478;2.208;6;0;20.147;0;0;0;0;0;0;0;0;0;0;0;0;0;0;0;0;568;5.074;65.675;29.925;8.071;4.215;0;113.529;478;6.323;914;172;0;0;0;7.887;0
COOPERATIVA DE CRÉDITO, POUPANÇA E INVESTIMENTO DE LAJEADO - SICREDI INTEGRAÇÃO RS/MG;91.159.764;b3S;I;2;S4;9;LAJEADO;RS;09/2020;205.054;0;322;835;1.369;349;52;0;2.928;240;8.265;22.435;22.842;4.957;255;0;58.994;36;2.453;6.813;10.969;2.312;11;0;22.594;0;0;0;0;0;0;0;0;508;18.801;6.613;8;0;0;0;25.929;3;1.541;20.411;5.763;3.341;5.429;0;36.489;1.064;9.465;11.981;17.990;10.478;7.141;0;58.120;0
COOPERATIVA DE CRÉDITO DA REGIÃO MERIDIONAL DO BRASIL - SICOOB UNICOOB MERIDIONAL;5.392.810;b3S;I;2;S5;9;TOLEDO;PR;09/2020;204.804;91;4.576;10.586;25.679;20.785;32.797;0;94.515;673;6.930;16.666;24.829;5.241;3.646;0;57.984;10;449;1.260;2.494;441;0;0;4.654;0;0;0;0;0;0;0;0;2;44;36;0;0;0;0;82;0;4.844;21.592;1.886;1.366;288;0;29.975;1.153;1.953;3.746;3.592;2.604;4.545;0;17.593;0
COOPERATIVA DE CRÉDITO DE LIVRE ADMISSÃO DO CENTRO NORTE DOS ESTADOS DE MATO GROSSO E MATO GROSSO DO SUL – SICOOB UNIÃO MT/MS;3.326.437;b3S;I;2;S5;9;CUIABA;MT;09/2020;204.617;18;1.368;3.585;9.183;6.981;8.041;0;29.175;1.358;10.872;50.525;40.524;5.671;1.912;0;110.862;36;599;2.047;4.654;706;0;0;8.042;0;0;0;0;0;0;0;0;0;0;0;0;0;0;0;0;0;9.275;35.023;7.224;271;91;0;51.884;2.040;1.845;768;0;0;0;0;4.653;0
COOPERATIVA DE CRÉDITO CREDISG LTDA. - SICOOB CREDISG;3.645.752;b3S;I;2;S5;9;SAO GOTARDO;MG;09/2020;202.063;0;15;51;136;56;0;0;259;116;10.695;25.968;26.744;7.263;2.502;0;73.288;7;798;2.167;3.789;399;0;0;7.159;0;0;0;0;0;0;0;0;0;0;0;0;0;0;0;0;28;25.066;51.092;26.503;13.362;825;0;116.875;230;3.864;360;27;0;0;0;4.482;0
SICREDI CEARÁ CENTRO NORTE - COOPERATIVA DE CRÉDITO DA REGIÃO CENTRO NORTE DO CEARÁ;72.257.793;b3S;I;2;S5;9;FORTALEZA;CE;09/2020;201.012;31;1.935;5.844;12.268;8.048;7.533;0;35.659;554;17.496;42.338;40.412;2.687;478;0;103.965;43;2.559;6.926;12.216;3.290;25;0;25.058;0;0;0;0;0;0;0;0;445;10.948;4.158;6;0;0;0;15.556;0;0;0;0;0;0;0;0;350;4.059;4.233;7.811;2.765;1.544;13;20.773;0
COOPERATIVA DE CRÉDITO, POUPANÇA E INVESTIMENTO INTEGRAÇÃO - SICREDI INTEGRAÇÃO PR/SC;81.054.686;b3S;I;2;S4;9;LAPA;PR;09/2020;199.782;78;1.410;3.547;7.136;3.612;926;0;16.710;762;3.751;24.045;8.138;415;25;0;37.136;32;896;3.414;5.091;931;0;0;10.365;0;0;0;0;0;0;0;0;1.078;10.654;3.324;2;0;0;0;15.058;191;3.441;57.702;15.120;7.147;318;0;83.918;2.742;3.306;17.033;9.445;3.971;100;0;36.596;0
COOPERATIVA DE CREDITO CREDICERIPA - SICOOB CREDICERIPA;966.246;b3S;I;2;S4;9;ITAI;SP;09/2020;199.531;32;236;653;804;99;0;0;1.823;312;7.595;30.336;27.546;8.855;34;0;74.679;6;699;1.869;3.366;644;3;0;6.588;0;0;0;0;0;0;0;0;0;0;0;0;0;0;0;0;1.219;26.506;63.510;13.572;3.627;164;0;108.598;933;5.377;1.243;289;0;0;0;7.842;0
COOPERATIVA DE CRÉDITO, POUPANÇA E INVESTIMENTO SUL RIOGRANDENSE - SICREDI UNIÃO METROPOLITANA RS;92.796.564;b3S;I;2;S4;9;PORTO ALEGRE;RS;09/2020;199.185;17;1.261;3.424;6.053;1.183;21;0;11.960;716;4.181;13.731;9.082;997;734;0;29.441;81;1.900;5.355;8.146;1.596;8;0;17.086;0;0;0;0;0;0;0;0;1.783;29.658;9.904;18;0;0;0;41.363;361;3.108;14.591;10.375;3.630;813;0;32.879;1.449;8.719;12.911;21.794;11.931;9.652;0;66.457;0
COOPERATIVA DE CRÉDITO DOS SERVIDORES MILITARES, POLÍCIA CIVIL E DA SECRETARIA DE EDUCAÇÃO DO ESTADO DE MINAS GERAIS LTDA – SICOOB COOPEMG;3.269.540;b3S;I;2;S5;9;BELO HORIZONTE;MG;09/2020;198.306;325;8.542;21.773;53.910;45.164;56.720;0;186.434;156;2.726;1.364;1.678;277;16;0;6.217;25;375;937;2.007;440;15;0;3.799;0;0;0;0;0;0;0;0;0;0;0;0;0;0;0;0;0;0;0;0;0;0;0;0;401;784;672;0;0;0;0;1.856;0
COOPERATIVA DE CRÉDITO COM INTERAÇÃO SOLIDÁRIA UNIÃO DOS VALES – CRESOL UNIÃO DOS VALES;5.231.945;b3S;I;2;S5;9;IVAIPORA;PR;09/2020;197.847;0;0;0;0;0;0;0;0;300;3.866;9.633;11.743;4.941;1.705;0;32.187;14;312;797;1.475;551;11;0;3.159;0;0;0;0;0;0;0;0;1;239;50;0;0;0;0;289;591;18.936;60.280;26.264;14.528;10.720;0;131.319;282;5.429;13.384;7.898;2.649;1.240;10;30.892;0
COOPERATIVA DE CRÉDITO DO NORTE DE RONDÔNIA LTDA. – CREDISIS CREDIARI;3.222.753;b3S;I;2;S5;9;ARIQUEMES;RO;09/2020;197.506;0;0;0;0;0;0;0;0;1.249;20.570;83.423;34.603;1.157;1;0;141.004;92;1.275;3.309;3.487;303;0;0;8.467;0;0;0;0;0;0;0;0;0;0;0;0;0;0;0;0;0;0;16.794;8.100;0;0;0;24.893;646;11.833;10.141;448;74;0;0;23.142;0
COOPERATIVA DE CRÉDITO NOSSOCRÉDITO LTDA - SICOOB NOSSOCRÉDITO;22.760.839;b3S;I;2;S5;9;SAO SEBASTIAO DO PARAISO;MG;09/2020;197.359;0;31;90;152;32;0;0;306;1.642;18.284;23.454;53.980;36.101;19.509;0;152.970;2;115;357;703;236;18;0;1.431;0;0;0;0;0;0;0;0;0;0;0;0;0;0;0;0;137;8.746;9.855;7.094;2.010;926;0;28.768;407;3.894;1.724;2.880;2.022;2.957;0;13.884;0
SICREDI CREDUNI - COOPERATIVA DE ECONOMIA E CRÉDITO MÚTUO DOS SERV DAS INST PÚBLICAS DE ENSINO SUPERIOR DO ESTADO DA PARAÍBA E DAS DEMAIS INSTITUIÇÕES E ÓRGÃOS PÚBLICOS NO ESTADO DA PARAIBA LTDA.;3.428.338;b3S;I;2;S5;9;CAMPINA GRANDE;PB;09/2020;196.677;79;9.196;26.336;59.435;43.714;45.548;0;184.309;14;1.304;2.058;1.678;177;0;0;5.231;0;18;55;91;16;0;0;179;0;0;0;0;0;0;0;0;60;1.315;408;0;0;0;0;1.783;0;0;0;0;0;0;0;0;108;1.202;831;1.965;831;238;0;5.174;0
COOPERATIVA DE CRÉDITO DE LIVRE ADMISSÃO DE ASSOCIADOS DO VALE DO VINHO - SICOOB VALE DO VINHO;81.016.131;b3S;I;2;S5;9;VIDEIRA;SC;09/2020;196.078;133;671;1.476;2.997;2.011;1.948;0;9.236;1.353;7.610;20.154;29.338;8.718;2.932;0;70.104;588;2.607;7.286;16.602;3.793;4;0;30.880;0;0;0;0;0;0;0;0;0;0;0;0;0;0;0;0;80;5.981;42.265;14.836;7.344;9.719;0;80.225;1.565;2.143;1.904;21;0;0;0;5.633;0
COOPERATIVA DE CRÉDITO DE LIVRE ADMISSÃO DA REGIÃO METROPOLITANA DE GOIÂNIA LTDA. - SECOVICRED;7.599.206;b3S;I;2;S5;9;GOIANIA;GO;09/2020;195.403;18;435;1.113;1.367;14;0;0;2.947;5.242;16.119;31.440;34.805;11.056;4.702;0;103.365;49;200;514;1.019;215;0;0;1.997;0;0;0;0;0;0;0;0;0;0;0;0;0;0;0;0;5.562;8.600;31.687;21.647;636;16;0;68.148;3.862;13.031;1.409;186;188;270;0;18.947;0
COOPERATIVA DE CRÉDITO SUL - SICOOB SUL;5.888.589;b3S;I;2;S5;9;CURITIBA;PR;09/2020;194.489;112;6.386;16.262;34.156;22.313;21.930;0;101.159;197;5.965;15.138;28.200;10.962;438;0;60.900;11;280;820;1.831;507;0;0;3.449;0;0;0;0;0;0;0;0;0;0;0;0;0;0;0;0;214;7.151;14.906;1.979;1.317;58;0;25.625;748;1.136;1.125;129;116;101;0;3.356;0
COOPERATIVA DE CRÉDITO, POUPANÇA E INVESTIMENTO VALOR SUSTENTÁVEL - SICREDI VALOR SUSTENTÁVEL PR/SP;81.706.616;b3S;I;2;S4;9;JANDAIA DO SUL;PR;09/2020;192.763;38;1.077;2.696;4.973;2.364;2.219;0;13.367;319;6.338;20.241;22.092;6.339;2.656;0;57.985;7;683;2.189;3.880;896;37;0;7.691;0;0;0;0;0;0;0;0;430;7.908;2.637;2;0;0;0;10.977;0;9.090;30.507;24.641;11.959;203;0;76.399;643;6.179;12.770;5.451;1.180;122;0;26.345;0
COOPERATIVA DE CRÉDITO DOS INTEGRANTES DO PODER JUDICIÁRIO E DO MINISTÉRIO PÚBLICO DO ESTADO DE MINAS GERAIS LTDA. - SICOOB JUS-MP;3.519.240;b3S;I;2;S5;9;BELO HORIZONTE;MG;09/2020;192.404;82;6.280;16.048;40.700;37.228;64.385;0;164.721;48;622;1.089;2.013;716;984;75;5.547;21;369;942;1.730;443;10;0;3.515;0;0;0;0;0;0;0;0;0;0;0;0;0;0;0;0;0;44;47;110;71;0;0;273;220;1.219;1.025;2.729;2.604;8.780;1.770;18.348;0
COOPERATIVA DE CRÉDITO COM INTERAÇÃO SOLIDÁRIA DE MINAS GERAIS - CRESOL MINAS;8.624.548;b3S;I;2;S5;9;MURIAE;MG;09/2020;191.821;0;0;0;0;0;0;0;0;393;2.773;7.151;9.028;3.743;496;0;23.584;97;550;1.485;2.697;752;4;0;5.585;0;0;0;0;0;0;0;0;6;397;106;0;0;0;0;509;1.034;19.003;28.204;30.213;22.142;23.402;0;124.000;581;6.485;11.600;13.944;4.476;991;65;38.142;0
COOPERATIVA DE CRÉDITO CREDIVERTENTES LTDA. – SICOOB CREDIVERTENTES;22.724.710;b3S;I;2;S5;9;SAO TIAGO;MG;09/2020;186.633;6;419;761;1.288;417;24;0;2.916;559;9.301;23.654;42.785;17.103;3.382;0;96.783;20;971;2.562;4.258;789;0;0;8.600;0;0;0;0;0;0;0;0;0;0;0;0;0;0;0;0;846;10.153;28.014;29.820;4.803;559;0;74.194;482;2.919;720;20;0;0;0;4.141;0
COOPERATIVA DE CRÉDITO COOPACREDI LTDA. – SICOOB COOPACREDI;65.229.254;b3S;I;2;S5;9;PATROCINIO;MG;09/2020;185.654;0;55;141;236;107;13;0;552;2.302;11.512;19.546;14.954;4.053;421;0;52.788;5;968;3.121;5.033;963;1;0;10.091;0;0;0;0;0;0;0;0;0;0;0;0;0;0;0;0;391;19.748;71.200;22.329;3.603;56;0;117.327;670;2.601;548;676;400;1;0;4.896;0
COOPERATIVA DE CRÉDITO SICOOB COOPMIL;62.673.470;b3S;I;2;S4;9;SAO PAULO;SP;09/2020;185.153;974;8.267;20.596;50.666;44.774;39.882;0;165.160;1.083;5.177;4.825;6.128;595;17;0;17.826;0;3;8;12;0;0;0;23;0;0;0;0;0;0;0;0;0;0;0;0;0;0;0;0;0;0;0;0;0;0;0;0;1.027;1.068;49;0;0;0;0;2.144;0
COOPERATIVA DE CREDITO - SICOOB CREDICOONAI;53.923.116;b3S;I;2;S4;9;RIBEIRAO PRETO;SP;09/2020;182.615;0;20;89;225;59;0;0;394;2.220;16.328;24.496;23.563;5.511;1;0;72.118;41;1.625;4.673;7.080;981;0;0;14.400;0;0;0;0;0;0;0;0;0;0;0;0;0;0;0;0;2.947;33.003;30.200;8.341;963;239;0;75.693;2.491;13.775;2.643;700;401;0;0;20.010;0
COOPERATIVA DE CRÉDITO DE LIVRE ADMISSÃO LTDA. – SICOOB CREDIJUSTRA;37.079.720;b3S;I;2;S5;9;BRASILIA;DF;09/2020;181.335;227;6.356;16.562;40.379;35.775;76.126;0;175.424;69;1.342;1.095;677;282;555;0;4.020;0;40;121;274;95;11;0;541;0;0;0;0;0;0;0;0;0;0;0;0;0;0;0;0;0;0;0;0;0;0;0;0;230;1.117;2;0;0;0;0;1.349;0
FINAMAX S.A. - CREDITO, FINANCIAMENTO E INVESTIMENTO;411.939;n1;I;2;S5;14;JUNDIAI;SP;09/2020;180.862;396;1.065;2.116;1.047;1;0;0;4.625;7.014;9.315;13.668;7.281;161;0;0;37.439;4.800;20.442;47.169;61.956;4.396;0;0;138.764;0;0;0;0;0;0;0;0;0;0;0;0;0;0;0;0;0;0;0;0;0;0;0;0;5;21;5;3;0;0;0;34;0
COOPERATIVA DE CREDITO DE LIVRE ADMISSÃO DO SUL DE MINAS LTDA - SICOOB CREDIVASS;1.604.998;b3S;I;2;S5;9;SAO GONCALO DO SAPUCAI;MG;09/2020;180.451;4;368;983;2.003;497;4;0;3.859;799;6.918;14.156;20.847;3.525;357;0;46.602;54;2.701;7.540;15.445;3.452;0;0;29.192;0;0;0;0;0;0;0;0;0;0;0;0;0;0;0;0;103;23.553;33.972;28.454;1.501;128;0;87.712;1.175;6.471;3.282;1.326;249;584;0;13.087;0
COOPERATIVA DE CRÉDITO UNICRED VALE EUROPEU SANTA CATARINA LTDA - UNICRED VALE EUROPEU;73.443.863;b3S;I;2;S5;9;BLUMENAU;SC;09/2020;177.618;1;65;170;183;15;0;0;434;652;11.840;31.625;46.808;15.104;9.481;0;115.509;5;2.453;6.763;10.035;2.327;29;0;21.612;0;643;2.022;5.090;4.129;12.352;2.516;26.752;0;5;0;0;0;0;0;5;0;0;0;0;0;0;0;0;139;2.279;2.151;2.877;2.038;3.814;8;13.306;0
COOPERATIVA DE CRÉDITO ORIGINAL - SICOOB ORIGINAL;81.292.278;b3S;I;2;S5;9;SAO LOURENCO D'OESTE;SC;09/2020;176.808;23;324;853;1.270;421;38;0;2.929;872;5.324;13.514;19.646;10.406;5.286;0;55.047;26;1.225;3.305;5.930;1.381;10;0;11.876;0;0;0;0;0;0;0;0;0;0;0;0;0;0;0;0;533;5.771;80.118;9.646;2.565;2.346;0;100.979;342;2.683;1.418;198;185;1.151;0;5.977;0
LEBES FINANCEIRA S.A. - CRÉDITO, FINANCIAMENTO E INVESTIMENTO;11.271.860;n1;I;2;S5;14;ELDORADO;RS;09/2020;173.122;0;0;0;0;0;0;0;0;24.025;50.956;78.600;19.541;0;0;0;173.122;0;0;0;0;0;0;0;0;0;0;0;0;0;0;0;0;0;0;0;0;0;0;0;0;0;0;0;0;0;0;0;0;0;0;0;0;0;0;0;0;0
COOPERATIVA DE CRÉDITO, POUPANÇA E INVESTIMENTO ENCOSTA SUPERIOR DO NORDESTE RS – SICREDI NORDESTE RS;95.213.211;b3S;I;2;S4;9;ROLANTE;RS;09/2020;172.870;25;481;1.241;2.008;1.004;1.510;0;6.269;539;4.054;9.563;8.312;1.051;67;0;23.587;52;2.569;7.261;12.132;2.393;12;0;24.417;0;0;0;0;0;0;0;0;1.266;11.695;3.836;4;0;0;0;16.800;191;4.981;21.334;15.527;7.539;1.589;0;51.162;1.192;7.600;11.435;17.861;8.109;4.437;0;50.634;0
COOPERATIVA DE CRÉDITO RURAL COM INTERAÇÃO SOLIDÁRIA VALE DAS ÁGUAS - CRESOL VALE DAS ÁGUAS;4.663.561;b3S;I;2;S5;9;LARANJEIRAS DO SUL;PR;09/2020;170.852;0;0;0;0;0;0;0;0;250;3.317;8.213;8.763;2.924;205;0;23.672;31;315;905;1.879;795;42;0;3.967;0;0;0;0;0;0;0;0;2;307;62;0;0;0;0;372;247;9.844;53.996;28.755;16.165;13.826;0;122.832;356;2.706;6.023;7.522;2.933;426;44;20.009;0
COOPERATIVA DE ECONOMIA E CRÉDITO MÚTUO UNICRED PONTO CAPITAL - UNICRED PONTO CAPITAL.;2.641.032;b3S;I;2;S5;9;SANTA MARIA;RS;09/2020;170.515;1;85;188;159;10;0;0;443;1.322;5.694;19.992;25.972;10.546;5.084;6;68.615;7;1.432;3.687;4.558;707;5;0;10.396;0;197;635;1.668;1.543;5.096;1.338;10.478;0;1;0;0;0;0;0;2;0;0;0;0;0;0;0;0;351;9.265;21.521;31.942;10.601;6.901;0;80.582;0
COOPERATIVA DE CRÉDITO CREDICARPA LTDA. - SICOOB CREDICARPA;23.949.522;b3S;I;2;S5;9;CARMO DO PARANAIBA;MG;09/2020;170.080;0;91;245;214;0;0;0;551;343;7.202;3.846;12.029;3.409;1.887;0;28.716;0;120;309;421;74;0;0;924;0;0;0;0;0;0;0;0;0;0;0;0;0;0;0;0;0;23.946;51.742;40.143;11.565;7.108;0;134.503;42;3.769;742;833;0;0;0;5.386;0
COOPERATIVA DE CREDITO RURAL COM INTERACAO SOLIDARIA DE ERECHIM - CRESOL ERECHIM;2.910.987;b3S;I;2;S5;9;ERECHIM;RS;09/2020;169.909;0;0;0;0;0;0;0;0;259;3.515;7.997;16.235;7.930;1.886;0;37.822;28;500;1.323;2.950;887;7;0;5.695;0;0;0;0;0;0;0;0;0;94;27;0;0;0;0;121;28;7.201;48.967;18.684;8.754;13.877;0;97.511;1.132;4.761;10.759;8.202;2.366;1.522;18;28.760;0
COOPERATIVA DE CRÉDITO, POUPANÇA E INVESTIMENTO DA REGIÃO CENTRO OESTE PAULISTA - SICREDI CENTRO OESTE PAULISTA;4.463.602;b3S;I;2;S4;9;MARILIA;SP;09/2020;169.865;96;1.765;5.008;9.190;3.971;4.681;0;24.710;268;8.659;17.243;21.425;4.440;943;0;52.978;15;1.535;4.193;6.639;1.428;3;0;13.814;0;0;0;0;0;0;0;0;1.785;17.785;5.965;13;0;0;0;25.547;0;1.428;4.747;6.904;143;0;0;13.223;956;10.496;10.070;11.046;4.796;2.230;0;39.594;0
COOPERATIVA DE CRÉDITO RURAL COM INTERAÇÃO SOLIDÁRIA HORIZONTE - CRESOL HORIZONTE;5.277.312;b3S;I;2;S5;9;UNIAO DA VITORIA;PR;09/2020;169.488;0;0;0;0;0;0;0;0;253;3.796;14.539;12.403;3.998;187;0;35.176;37;542;1.380;2.243;852;78;0;5.131;0;0;0;0;0;0;0;0;3;349;105;0;0;0;0;457;534;7.458;37.109;24.922;16.766;20.902;0;107.692;678;2.319;7.145;7.675;2.748;382;86;21.032;0
COOPERATIVA DE CRÉDITO DE LIVRE ADMISSÃO DO VALE DO ARAGUAIA LTDA.;24.830.879;b3S;I;2;S5;9;MINEIROS;GO;09/2020;168.647;0;0;0;0;0;0;0;0;1.837;11.117;42.945;13.384;430;0;0;69.713;30;1.293;3.793;5.918;739;0;0;11.773;0;0;0;0;0;0;0;0;0;0;0;0;0;0;0;0;1.756;10.023;44.260;10.333;3.903;444;0;70.718;1.421;12.566;2.210;125;120;0;0;16.442;0
COOPERATIVA DE CRÉDITO RURAL COM INTERAÇÃO SOLIDÁRIA DE IBIRAIARAS - CRESOL NORDESTE;6.139.650;b3S;I;2;S5;9;IBIRAIARAS;RS;09/2020;168.453;0;0;0;0;0;0;0;0;779;2.889;8.278;8.576;4.764;1.177;0;26.464;7;347;877;1.906;670;50;0;3.858;0;0;0;0;0;0;0;0;4;96;24;0;0;0;0;124;780;6.991;60.497;17.402;13.292;20.470;0;119.432;536;2.244;4.446;7.966;2.705;635;44;18.575;0
COOPERATIVA DE CRÉDITO COM INTERAÇÃO SOLIDÁRIA PROGRESSO - CRESOL PROGRESSO;2.448.310;b3S;I;2;S5;9;CASCAVEL;PR;09/2020;167.471;0;0;0;0;0;0;0;0;182;1.951;5.585;5.972;3.063;3.203;4;19.960;2;287;857;2.015;1.048;11;0;4.219;0;0;0;0;0;0;0;0;1;114;18;0;0;0;0;133;217;9.938;36.614;26.652;21.811;33.747;0;128.979;419;2.626;3.333;5.384;1.718;690;10;14.181;0
COOPERATIVA DE CRÉDITO LITORÂNEA;85.291.086;b3S;I;2;S5;9;JACINTO MACHADO;SC;09/2020;166.219;5;319;820;1.556;521;104;0;3.324;479;7.349;19.256;29.516;9.899;2.917;6;69.423;59;3.941;10.990;20.133;5.249;32;0;40.404;0;0;0;0;0;0;0;0;0;0;0;0;0;0;0;0;18;758;32.008;5.926;4.584;4.419;0;47.713;464;2.087;1.354;887;432;131;0;5.356;0
STARA FINANCEIRA S.A. - CRÉDITO FINANCIAMENTO E INVESTIMENTO;17.359.351;n1;I;2;S5;14;NAO-ME-TOQUE;RS;09/2020;164.076;0;27;83;125;19;0;0;254;0;0;0;0;0;0;0;0;0;0;0;0;0;0;0;0;0;0;0;0;0;0;0;0;0;0;0;0;0;0;0;0;0;620;49.038;75.858;34.054;4.252;0;163.822;0;0;0;0;0;0;0;0;0
COOPERATIVA DE CRÉDITO DO VALE DO ITAJAÍ E LITORAL CATARINENSE – SICREDI VALE LITORAL SC;10.348.181;b3S;I;2;S4;9;ITAPEMA;SC;09/2020;163.748;52;1.342;3.530;7.992;5.378;4.091;0;22.387;1.022;6.087;16.411;20.672;3.747;242;0;48.180;70;3.516;10.979;20.403;4.687;64;0;39.719;0;0;0;0;0;0;0;0;1.675;21.933;7.232;9;0;0;0;30.849;0;395;1.213;313;183;6;0;2.110;1.562;5.999;4.357;6.015;2.053;516;0;20.503;0
COOPERATIVA DE ECONOMIA E CRÉDITO MÚTUO DOS SERVIDORES MUNICIPAIS DA REGIÃO METROPOLITANA DO VALE DO PARAÍBA E LITORAL NORTE - SICOOB-CRESSEM;54.190.525;b3S;I;2;S5;9;SAO JOSE DOS CAMPOS;SP;09/2020;162.276;621;9.684;22.852;57.173;45.806;16.412;0;152.549;23;901;1.229;3.086;1.090;0;0;6.328;7;107;371;806;99;0;0;1.391;0;0;0;0;0;0;0;0;0;0;0;0;0;0;0;0;0;0;0;0;0;0;0;0;614;965;430;0;0;0;0;2.008;0
COOPERATIVA DE CRÉDITO DE LIVRE ADMISSÃO DO ALTO PARANAÍBA, NOROESTE E OESTE DE MINAS LTDA - UNICRED INTEGRAÇÃO DE MINAS;1.727.929;b3S;I;2;S5;9;PATOS DE MINAS;MG;09/2020;159.789;0;0;0;0;0;0;0;0;300;11.391;28.719;49.218;22.585;22.892;0;135.105;3;691;1.859;2.520;479;3;0;5.555;0;130;366;810;542;587;0;2.434;0;0;0;0;0;0;0;0;0;0;0;0;0;0;0;0;70;2.894;4.292;3.856;2.666;2.916;0;16.694;0
COOPERATIVA DE CRÉDITO DE LIVRE ADMISSÃO DA UNIÃO DOS VALES DO PIRANGA E MATIPÓ LTDA.   SICOOB UNIÃO;1.060.307;b3S;I;2;S5;9;RAUL SOARES;MG;09/2020;157.393;11;461;1.103;2.092;939;429;0;5.034;1.049;7.007;16.517;18.096;4.943;210;0;47.822;69;2.391;6.542;12.732;2.951;5;0;24.689;0;0;0;0;0;0;0;0;0;0;0;0;0;0;0;0;108;8.444;34.298;20.453;6.909;4.657;0;74.868;802;2.775;1.185;170;47;0;0;4.980;0
SANTINVEST S.A. - CREDITO, FINANCIAMENTO E INVESTIMENTOS;122.327;n1;I;2;S5;14;FLORIANOPOLIS;SC;09/2020;156.373;494;12.379;32.212;56.183;30.509;22.907;0;154.684;0;0;0;0;0;0;0;0;0;0;0;0;0;0;0;0;0;0;0;0;0;0;0;0;0;0;0;0;0;0;0;0;0;0;0;0;0;0;0;0;0;125;342;894;328;0;0;1.689;0
COOPERATIVA DE CRÉDITO DE LIVRE ADMISSÃO DO VALE DO MACHADO - CREDISIS JICRED;2.309.070;b3S;I;2;S5;9;JI-PARANA;RO;09/2020;155.352;0;0;0;0;0;0;0;0;1.015;22.148;72.461;20.749;2.006;1;0;118.380;86;1.556;4.441;6.740;903;1;0;13.728;0;0;0;0;0;0;0;0;0;0;0;0;0;0;0;0;0;0;11.082;0;0;0;0;11.082;209;8.544;2.660;506;175;69;0;12.162;0
UNIPRIME ALLIANCE - COOPERATIVA DE ECONOMIA E CRÉDITO MÚTUO;1.736.243;b3S;I;2;S5;9;CASCAVEL;PR;09/2020;155.277;0;0;0;0;0;0;0;0;66;5.402;13.295;18.762;9.064;12.921;0;59.510;0;836;2.308;2.706;199;0;0;6.050;0;368;1.141;2.566;1.974;5.214;51;11.314;6;0;0;0;0;0;0;6;0;0;0;0;0;0;0;0;90;4.348;13.660;26.539;13.761;19.928;72;78.398;0
COOPERATIVA DE CRÉDITO RURAL COOPAVEL;76.461.557;b3S;I;2;S5;9;CASCAVEL;PR;09/2020;154.986;0;0;0;0;0;0;0;0;1.498;9.752;69.162;44.773;8.836;2.087;0;136.107;0;0;0;0;0;0;0;0;0;0;0;0;0;0;0;0;0;0;0;0;0;0;0;0;15;260;5.508;408;45;0;0;6.236;179;1.046;6.931;3.850;637;0;0;12.643;0
COOPERATIVA DE CRÉDITO DE LIVRE ADMISSÃO DE BELO HORIZONTE E CIDADES POLO DO ESTADO DE MINAS GERAIS LTDA. – SICOOB NOSSACOOP;1.760.242;b3S;I;2;S5;9;BELO HORIZONTE;MG;09/2020;154.034;437;6.103;13.116;34.460;34.695;45.048;7;133.866;126;747;2.037;4.139;1.381;722;207;9.359;2;229;659;1.590;655;26;0;3.161;0;0;0;0;0;0;0;0;0;0;0;0;0;0;0;0;0;2;5;6;0;0;0;13;279;1.498;337;1.063;531;2.837;1.092;7.636;0
COOPERATIVA DE CRÉDITO DE LIVRE ADMISSÃO SICOOB ARENITO;7.026.923;b3S;I;2;S5;9;UMUARAMA;PR;09/2020;151.438;89;1.943;4.580;11.137;9.329;15.635;0;42.713;338;3.109;9.777;10.361;2.348;360;0;26.294;22;360;1.016;1.890;343;0;0;3.632;0;0;0;0;0;0;0;0;0;0;0;0;0;0;0;0;315;5.270;35.375;26.888;6.423;1.169;0;75.441;657;1.864;834;4;0;0;0;3.359;0
UNIPRIME CENTRO-OESTE DO BRASIL - COOPERATIVA DE CRÉDITO;73.647.935;b3S;I;2;S5;9;CAMPO GRANDE;MS;09/2020;151.044;0;20;41;96;4;0;0;161;103;7.107;18.592;26.321;8.483;7.789;0;68.393;52;2.655;6.916;11.000;2.950;24;0;23.597;0;301;909;2.249;1.670;3.850;156;9.135;201;18;55;106;0;0;0;382;0;0;0;0;0;0;0;0;202;6.845;13.422;17.059;7.568;4.281;0;49.377;0
BANCO VOLVO BRASIL S.A.;58.017.179;b2;I;3;S4;8;CURITIBA;PR;09/2020;150.962;0;0;0;0;0;0;0;0;104;5.317;13.559;18.147;3.855;10;0;40.992;158;11.265;31.195;51.139;14.913;37;0;108.707;0;0;0;0;0;0;0;0;0;0;0;0;0;0;0;0;0;0;0;0;0;0;0;0;71;362;574;214;43;0;0;1.263;0
COOPERATIVA DE CRÉDITO DE LIVRE ADMISSÃO DE SÃO ROQUE DE MINAS LTDA.   SICOOB SAROMCREDI;66.402.207;b3S;I;2;S5;9;SAO ROQUE DE MINAS;MG;09/2020;150.727;11;421;1.273;2.703;1.371;299;0;6.078;447;6.540;12.856;23.387;10.831;10.630;254;64.945;12;1.000;2.582;4.763;1.733;213;0;10.303;0;0;0;0;0;0;0;0;0;0;0;0;0;0;0;0;160;7.013;27.101;14.779;8.867;5.061;0;62.981;927;4.526;590;291;86;0;0;6.420;0
COOPERATIVA DE CRÉDITO RURAL COM INTERAÇÃO SOLIDÁRIA TRIUNFO - CRESOL TRIUNFO;8.560.508;b3S;I;2;S5;9;SAO JOAO DO TRIUNFO;PR;09/2020;149.434;0;0;0;0;0;0;0;0;169;1.070;4.078;5.083;2.517;133;0;13.049;28;205;1.142;2.205;999;35;0;4.614;0;0;0;0;0;0;0;0;2;125;37;0;0;0;0;164;939;3.838;40.416;20.852;16.647;20.318;0;103.011;1.627;3.705;11.394;7.735;2.660;1.465;10;28.596;0
COOPERATIVA DE CRÉDITO COCRE;54.401.286;b3S;I;2;S4;9;PIRACICABA;SP;09/2020;148.729;0;38;111;229;57;13;0;448;478;10.085;14.589;13.525;5.577;420;0;44.674;33;691;1.886;3.452;765;0;0;6.827;0;0;0;0;0;0;0;0;0;0;0;0;0;0;0;0;0;34.045;25.465;21.329;5.214;1.176;0;87.230;880;3.258;4.813;490;108;0;0;9.549;0
PINE;50.304;b1;C;2;S3;199;SAO PAULO;SP;09/2020;147.957;0;0;0;0;0;0;0;0;0;2.931;1.956;8.408;0;0;0;13.295;0;0;0;0;0;0;0;0;0;0;0;0;0;0;0;0;0;0;0;0;0;0;0;0;0;0;0;0;0;0;0;0;0;23.200;20.039;69.903;16.004;5.516;0;134.662;0
COOPERATIVA DE CRÉDITO CREDINOR LTDA - SICOOB CREDINOR;21.866.694;b3S;I;2;S5;9;MONTES CLAROS;MG;09/2020;146.786;3;125;346;860;494;1;0;1.830;1.679;12.828;37.060;31.205;4.518;7;0;87.297;17;426;1.178;2.014;457;0;0;4.091;0;0;0;0;0;0;0;0;0;0;0;0;0;0;0;0;527;3.570;12.111;16.653;6.911;4.300;0;44.072;1.141;7.325;611;244;140;36;0;9.497;0
COOPERATIVA DE CRÉDITO DE LIVRE ADMISSÃO DA REGIÃO CENTRAL DE RONDÔNIA   SICOOB OUROCREDI;2.144.899;b3S;I;2;S5;9;OURO PRETO DO OESTE;RO;09/2020;145.400;12;76;186;420;20;0;0;713;1.162;9.151;8.432;2.049;25;0;0;20.819;3;283;751;1.162;114;0;0;2.313;0;0;0;0;0;0;0;0;0;0;0;0;0;0;0;0;624;12.255;41.631;50.489;5.914;1.267;0;112.179;658;7.142;1.197;380;0;0;0;9.377;0
COOPERATIVA DE CRÉDITO CREDCOOPER LTDA – SICOOB CREDCOOPER;19.449.602;b3S;I;2;S5;9;CARATINGA;MG;09/2020;145.375;1;57;96;137;31;0;0;323;1.255;4.453;9.450;18.021;5.254;1.292;0;39.725;8;996;2.496;4.490;1.385;1;0;9.375;0;0;0;0;0;0;0;0;0;0;0;0;0;0;0;0;1.726;18.617;31.396;16.844;11.216;9.615;0;89.414;487;4.891;1.085;36;37;3;0;6.538;0
COOPERATIVA DE ECONOMIA E CRÉDITO MÚTUO DOS MÉDICOS DOS VALES DO TAQUARI E RIO PARDO E REGIÃO DA PRODUÇÃO LTDA;1.635.462;b3S;I;2;S5;9;LAJEADO;RS;09/2020;143.991;0;0;0;0;0;0;0;0;255;6.392;16.783;24.974;10.639;8.307;0;67.351;25;1.999;5.759;9.582;3.055;53;0;20.473;1;727;2.219;4.968;3.975;5.930;0;17.819;0;2;0;0;0;0;0;2;0;0;0;0;0;0;0;0;71;3.221;6.690;11.894;7.928;8.542;0;38.345;0
COOPERATIVA DE CRÉDITO RURAL COM INTERAÇÃO SOLIDÁRIA DE RONDÔNIA - CRESOL RONDÔNIA;10.520.232;b3S;I;2;S5;9;JI-PARANA;RO;09/2020;143.548;0;0;0;0;0;0;0;0;219;1.923;6.275;5.063;1.091;1;0;14.572;27;369;1.020;2.285;690;134;0;4.524;0;0;0;0;0;0;0;0;3;285;86;0;0;0;0;374;358;9.133;26.053;32.644;16.184;14.214;0;98.585;291;7.478;7.411;7.632;2.026;619;35;25.493;0
COOPERATIVA DE CRÉDITO DO NORTE E NOROESTE DE MINAS GERAIS LTDA. - SICOOB CREDIGERAIS;698.609;b3S;I;2;S5;9;PARACATU;MG;09/2020;140.788;0;0;0;0;0;0;0;0;962;4.201;16.556;23.080;8.474;1.362;0;54.635;3;195;471;918;278;2;0;1.866;0;0;0;0;0;0;0;0;0;0;0;0;0;0;0;0;0;16.349;31.926;21.479;5.348;2.255;0;77.358;561;5.643;465;145;114;0;0;6.928;0
COOPERATIVA DE CRÉDITO DO RIO GRANDE DO NORTE - SICOOB RIO GRANDE DO NORTE;4.138.455;b3S;I;2;S5;9;NATAL;RN;09/2020;140.608;287;5.204;12.273;33.180;34.361;43.406;0;128.711;147;1.520;1.909;3.443;2.328;38;0;9.385;18;54;142;327;75;0;0;617;0;0;0;0;0;0;0;0;0;0;0;0;0;0;0;0;0;0;0;0;0;0;0;0;369;1.026;488;10;0;0;0;1.894;0
COOPERATIVA DE CRÉDITO CREDIGUAÇU - SICOOB CREDIGUAÇU;67.960.229;b3S;I;2;S4;9;DESCALVADO;SP;09/2020;140.303;0;0;0;0;0;0;0;0;1.041;7.390;15.608;9.021;1.238;5;0;34.302;8;321;858;1.313;104;0;0;2.604;0;0;0;0;0;0;0;0;0;0;0;0;0;0;0;0;1.270;11.144;15.292;66.160;298;0;0;94.164;534;4.373;4.289;37;0;0;0;9.233;0
COOPERATIVA DE CRÉDITO ALTO VALE DO ITAJAÍ - SICOOB ALTO VALE;80.959.612;b3S;I;2;S5;9;RIO DO SUL;SC;09/2020;139.563;0;226;599;1.467;749;317;0;3.359;448;5.166;16.637;26.268;9.576;2.378;0;60.472;62;1.931;6.501;12.456;2.553;3;0;23.506;0;0;0;0;0;0;0;0;0;0;0;0;0;0;0;0;118;519;27.158;8.993;6.181;5.570;0;48.540;356;1.423;846;396;299;367;0;3.686;0
BANCO RIBEIRAO PRETO S.A.;517.645;b1;I;2;S4;8;RIBEIRAO PRETO;SP;09/2020;139.379;47;234;517;233;0;0;0;1.032;0;657;3.407;5.013;978;0;0;10.055;0;0;0;0;0;0;0;0;993;3.245;8.427;16.633;10.159;5.977;0;45.432;0;0;0;0;0;0;0;0;0;8.087;6.669;4.336;138;0;0;19.230;1.218;7.305;9.118;18.723;13.430;13.836;0;63.630;0
COOPERATIVA DE CRÉDITO COM INTERAÇÃO SOLIDÁRIA DO VALE DAS ARAUCÁRIAS- CRESOL VALE DAS ARAUCÁRIAS;6.126.780;b3S;I;2;S5;9;GUARAPUAVA;PR;09/2020;138.090;0;0;0;0;0;0;0;0;324;2.333;10.177;6.016;2.416;506;0;21.772;16;164;571;916;320;3;0;1.989;0;0;0;0;0;0;0;0;1;433;78;0;0;0;0;512;400;6.361;46.331;22.212;11.151;9.654;0;96.109;611;2.123;5.868;6.258;2.155;664;31;17.709;0
COOPERATIVA DE CRÉDITO CREDINTER LTDA. – SICOOB CREDINTER;24.048.910;b3S;I;2;S5;9;GUARANESIA;MG;09/2020;135.308;2;130;432;1.143;807;1;0;2.514;267;7.296;15.213;17.283;7.977;1.187;0;49.222;3;296;953;1.989;960;45;0;4.245;0;0;0;0;0;0;0;0;0;0;0;0;0;0;0;0;101;22.331;19.537;18.683;5.820;4.661;0;71.133;457;2.548;2.562;1.437;1.049;140;0;8.193;0
COOPERATIVA DE CRÉDITO DE LIVRE ADMISSÃO DE ASSOCIADOS DO PLANALTO CATARINENSE SICOOB CREDIPLANALTO SC/RS;1.389.651;b3S;I;2;S5;9;PAPANDUVA;SC;09/2020;131.028;5;64;132;227;35;0;0;463;156;5.392;24.995;19.841;3.821;620;0;54.825;1;412;1.481;2.549;357;0;0;4.799;0;0;0;0;0;0;0;0;0;0;0;0;0;0;0;0;7;1.798;45.945;12.288;6.278;1.766;0;68.081;132;2.004;515;188;21;0;0;2.860;0
COOPERATIVA DE CRÉDITO DE LIVRE ADMISSÃO DE  LAGOA DA PRATA E REGIÃO LTDA.   SICOOB LAGOACRED GERAIS;1.739.375;b3S;I;2;S5;9;LAGOA DA PRATA;MG;09/2020;129.500;0;0;0;0;0;0;0;0;832;9.150;22.139;37.170;7.947;673;0;77.911;8;215;591;1.297;177;0;0;2.289;0;0;0;0;0;0;0;0;886;13.050;3.834;76;0;0;0;17.845;0;73;4.103;3.736;934;826;0;9.674;442;16.170;2.635;1.413;1.120;0;0;21.781;0
COOPERATIVA ECONOMIA CRÉDITO MÚTUO SERVIDORES PODER JUDICIÁRIO, TRIBUNAL CONTAS ESTADUAL E SERVIDORES ÓRGÃOS ENTIDADES ÁREA CIÊNCIA TECNOLOGIA NO ESTADO DO RIO DE JANEIRO LTDA.;2.000.895;b3S;I;2;S5;9;RIO DE JANEIRO;RJ;09/2020;128.082;71;6.459;14.754;36.902;31.889;37.174;0;127.248;1;126;242;271;12;0;0;652;0;2;4;0;0;0;0;6;0;0;0;0;0;0;0;0;0;0;0;0;0;0;0;0;0;0;0;0;0;0;0;0;14;134;28;0;0;0;0;176;0
COOPERATIVA DE CRÉDITO RURAL COM INTERAÇÃO SOLIDÁRIA DE SANTO CRISTO - CRESOL SANTO CRISTO;6.031.727;b3S;I;2;S5;9;SANTO CRISTO;RS;09/2020;126.052;0;0;0;0;0;0;0;0;114;668;1.985;3.922;1.932;1.172;0;9.793;47;489;1.312;2.574;658;4;0;5.082;0;0;0;0;0;0;0;0;7;531;98;0;0;0;0;636;18;4.647;37.823;8.641;6.359;9.896;0;67.385;864;5.486;12.453;16.344;5.156;2.723;128;43.155;0
COOPERATIVA DE CRÉDITO DE LIVRE ADMISSÃO DO TRIÂNGULO MINEIRO E SUDESTE DE GOIÁS LTDA. - SICOOB ARACREDI;68.987;b3S;I;2;S5;9;ARAGUARI;MG;09/2020;125.412;0;0;0;0;0;0;0;0;1.542;4.400;8.164;9.985;2.873;18;0;26.982;50;417;1.415;2.330;576;8;0;4.796;0;0;0;0;0;0;0;0;0;0;0;0;0;0;0;0;970;10.167;41.807;24.982;7.138;3.283;0;88.348;1.061;2.144;1.509;311;261;0;0;5.286;0
COOPERATIVA DE ECONOMIA E CRÉDITO MÚTUO DOS SERVIDORES DA FEDERAÇÃO DO COMÉRCIO, SESC E SENAC DE SÃO PAULO;62.928.320;b3S;I;2;S5;9;SAO PAULO;SP;09/2020;124.547;462;9.035;38.909;63.519;11.812;0;0;123.737;129;108;262;281;31;0;0;810;0;0;0;0;0;0;0;0;0;0;0;0;0;0;0;0;0;0;0;0;0;0;0;0;0;0;0;0;0;0;0;0;0;0;0;0;0;0;0;0;0
BANCO FIDIS S/A;62.237.425;b2;I;3;S4;8;BETIM;MG;09/2020;123.928;0;0;0;0;0;0;0;0;0;0;0;0;0;0;0;0;0;1;0;0;0;0;0;1;0;0;0;0;0;0;0;0;0;0;0;0;0;0;0;0;0;0;0;0;0;0;0;0;2.134;121.793;0;0;0;0;0;123.927;0
COOPERATIVA DE CREDITO RURAL COM INTERAÇÃO SOLIDÁRIA DE TENENTE PORTELA - CRESOL TENENTE PORTELA;4.622.657;b3S;I;2;S5;9;TENENTE PORTELA;RS;09/2020;123.924;2;67;109;245;66;0;0;490;35;1.410;5.038;9.974;6.063;2.691;0;25.211;18;259;687;1.359;376;6;0;2.706;0;0;0;0;0;0;0;0;2;216;43;0;0;0;0;261;38;7.558;40.087;8.958;5.231;7.620;0;69.492;608;3.362;8.115;8.594;3.107;1.971;8;25.764;0
COOPERATIVA DE CRÉDITO DE LIVRE ADMISSÃO DE ASSOCIADOS ITAPIRANGA - SICOOB CREDITAPIRANGA SC/RS;78.483.310;b3S;I;2;S5;9;ITAPIRANGA;SC;09/2020;123.847;0;0;0;0;0;0;0;0;61;4.780;12.485;22.073;12.227;14.984;868;67.478;4;911;2.533;5.361;2.384;9;0;11.203;0;0;0;0;0;0;0;0;0;0;0;0;0;0;0;0;113;6.764;22.495;6.185;3.219;4.833;0;43.609;48;462;230;246;209;362;0;1.557;0
COOPERATIVA DE CRÉDITO, POUPANÇA E INVESTIMENTO DO SUL DO ESTADO DE SANTA CATARINA – SICREDI SUL SC;3.793.242;b3S;I;2;S4;9;CRICIUMA;SC;09/2020;123.412;5;220;578;920;173;0;0;1.896;294;2.803;6.174;6.226;1.256;316;0;17.069;26;1.788;5.020;8.409;1.501;4;0;16.748;0;0;0;0;0;0;0;0;962;13.245;4.852;4;0;0;0;19.064;0;4.053;30.675;9.049;3.197;2.133;0;49.106;599;3.946;3.691;5.972;3.796;1.525;0;19.530;0
COOPERATIVA DE CRÉDITO CREDIBOM LTDA. – SICOOB CREDIBOM;21.670.187;b3S;I;2;S5;9;BOM DESPACHO;MG;09/2020;122.884;0;21;62;163;70;0;0;317;548;8.735;25.044;35.865;6.297;258;0;76.747;22;869;2.295;4.077;787;2;0;8.053;0;0;0;0;0;0;0;0;0;0;0;0;0;0;0;0;0;5.892;13.893;8.258;1.619;210;0;29.872;482;4.921;1.510;863;120;0;0;7.896;0
SANTANA S.A. - CRÉDITO, FINANCIAMENTO E INVESTIMENTO;5.503.849;n1;I;2;S5;14;SAO PAULO;SP;09/2020;122.801;0;0;0;0;0;0;0;0;152;584;1.209;1.223;103;2;0;3.273;4.282;19.563;43.488;49.245;2.662;0;0;119.240;0;0;0;0;0;0;0;0;0;0;0;0;0;0;0;0;0;0;0;0;0;0;0;0;0;11;57;123;98;0;0;289;0
COOPERATIVA DE CRÉDITO DE LIVRE ADMISSÃO DE SANTO ANTÔNIO DO MONTE LTDA.   SICOOB CREDIMONTE;41.707.258;b3S;I;2;S5;9;SANTO ANTONIO DO MONTE;MG;09/2020;120.980;1;135;279;479;167;12;0;1.072;696;7.038;18.602;28.977;7.517;766;0;63.595;92;519;1.172;3.204;1.852;0;0;6.840;0;0;0;0;0;0;0;0;0;0;0;0;0;0;0;0;248;3.623;12.680;7.619;4.646;7.057;0;35.873;819;8.687;2.202;692;182;1.019;0;13.601;0
COOPERATIVA DE CRÉDITO DE LIVRE ADMISSÃO DE ASSOCIADOS CAMPOS NOVOS - SICOOB CAMPOS NOVOS;78.862.083;b3S;I;2;S5;9;CAMPOS NOVOS;SC;09/2020;120.715;29;629;1.315;2.171;1.075;271;0;5.490;584;4.999;17.364;28.283;6.003;451;0;57.684;0;241;908;1.240;129;0;0;2.518;0;0;0;0;0;0;0;0;0;0;0;0;0;0;0;0;9;2.233;35.808;8.818;3.591;716;0;51.174;395;2.861;552;42;0;0;0;3.849;0
COOPERATIVA DE CRÉDITO, POUPANÇA E INVESTIMENTO DO NORTE E NORDESTE DE SANTA CATARINA - SICREDI NORTE SC;2.843.443;b3S;I;2;S4;9;JOINVILLE;SC;09/2020;120.472;98;1.528;3.869;6.020;2.478;1.475;0;15.468;542;4.609;10.771;11.810;1.318;182;0;29.231;15;2.908;8.220;14.029;3.161;20;0;28.355;0;0;0;0;0;0;0;0;1.296;19.802;6.862;7;0;0;0;27.967;0;122;197;676;552;462;0;2.010;1.223;5.949;3.411;4.827;1.455;576;0;17.441;0
DESENBAHIA - AGENCIA DE FOMENTO DO ESTADO DA BAHIA S.A.;15.163.587;n1;I;1;S4;30;SALVADOR;BA;09/2020;119.747;0;0;0;0;0;0;0;0;19;0;61;116;99;86;0;381;238;144;323;152;0;0;0;858;0;0;0;0;0;0;0;0;0;0;0;0;0;0;0;0;1.452;7.331;15.907;39.579;24.220;21.769;0;110.258;1.065;3.077;3.672;436;0;0;0;8.250;0
COOPERATIVA DE CRÉDITO RURAL COM INTERAÇÃO SOLIDÁRIA DA COSTA OESTE - CRESOL COSTA OESTE;11.969.853;b3S;I;2;S5;9;SAO MIGUEL DO IGUACU;PR;09/2020;118.957;0;0;0;0;0;0;0;0;146;1.607;4.267;6.676;3.323;1.904;0;17.922;9;196;611;1.247;422;2;0;2.486;0;0;0;0;0;0;0;0;1;41;8;0;0;0;0;50;126;3.797;28.116;18.533;14.797;23.620;0;88.989;164;1.128;2.128;4.486;1.211;390;4;9.510;0
PAGSEGURO INTERNET S.A.;8.561.701;n4;I;2;S4;41;SAO PAULO;SP;09/2020;118.277;0;0;0;0;0;0;0;0;0;0;0;0;0;0;0;0;0;0;0;0;0;0;0;0;0;0;0;0;0;0;0;0;0;99.413;18.859;6;0;0;0;118.277;0;0;0;0;0;0;0;0;0;0;0;0;0;0;0;0;0
COOPERATIVA DE CRÉDITO COOCRELIVRE;53.935.029;b3S;I;2;S4;9;ORLANDIA;SP;09/2020;118.188;0;33;71;55;0;0;0;160;743;7.372;15.200;20.980;8.869;3.163;0;56.328;1;59;92;234;80;0;0;466;0;0;0;0;0;0;0;0;0;0;0;0;0;0;0;0;4.142;14.474;29.666;8.049;1.679;0;0;58.010;602;768;1.096;456;303;0;0;3.225;0
COOPERATIVA DE CRÉDITO DE LIVRE ADMISSÃO DE GOIÂNIA, SENADOR CANEDO E REGIÕES LTDA. - CREDIGOIÁS;37.255.049;b3S;I;2;S5;9;GOIANIA;GO;09/2020;118.072;0;0;0;0;0;0;0;0;30;5.500;20.291;7.198;5.181;1.615;0;39.814;0;38;152;256;49;0;0;496;0;0;0;0;0;0;0;0;0;0;0;0;0;0;0;0;1.881;9.576;34.407;28.431;855;0;0;75.150;0;1.462;396;754;0;0;0;2.612;0
COOPERATIVA DE CRÉDITO DOS PROFISSIONAIS DA ÁREA DA SAÚDE E DE LIVRE ADMISSÃO LTDA - UNICRED ALIANÇA;70.937.271;b3S;I;2;S5;9;UBERLANDIA;MG;09/2020;117.832;0;17;37;26;0;0;0;79;505;11.602;27.232;39.314;13.502;5.376;0;97.530;8;990;2.521;3.788;848;0;0;8.156;0;164;504;1.104;824;1.130;0;3.725;0;9;1;0;0;0;0;10;0;0;0;0;0;0;0;0;82;3.451;2.383;1.322;716;377;0;8.332;0
COOPERATIVA DE CRÉDITO DE LIVRE ADMISSÃO DE ASSOCIADOS VALE DO CHAPECOZINHO - SICOOB VALCREDI SUL;2.090.126;b3S;I;2;S5;9;PASSOS MAIA;SC;09/2020;117.585;3;65;143;301;137;18;0;667;1.652;5.799;12.648;19.151;7.759;8.140;0;55.149;45;954;2.723;6.457;2.377;301;0;12.856;0;0;0;0;0;0;0;0;0;0;0;0;0;0;0;0;60;4.095;15.604;15.840;6.631;1.840;0;44.071;774;1.239;808;615;396;989;22;4.842;0
COOPERATIVA DE CRÉDITO DOS SERVIDORES PÚBLICOS NO ESTADO DA BAHIA LTDA. - SICOOB CRED EXECUTIVO;4.321.309;b3S;I;2;S5;9;SALVADOR;BA;09/2020;116.228;136;4.218;11.466;29.997;29.007;37.819;0;112.643;82;294;1.175;340;43;9;0;1.943;10;97;392;803;60;0;0;1.362;0;0;0;0;0;0;0;0;0;0;0;0;0;0;0;0;0;0;0;0;0;0;0;0;96;146;39;0;0;0;0;280;0
COOPERATIVA DE CRÉDITO CREDIRAMA LTDA - SICOOB CREDIRAMA;3.412.878;b3S;I;2;S5;9;ITURAMA;MG;09/2020;115.415;0;0;0;0;0;0;0;0;140;2.581;8.181;11.777;872;2;0;23.552;0;338;940;1.969;843;13;0;4.103;0;0;0;0;0;0;0;0;0;0;0;0;0;0;0;0;0;12.418;33.899;27.938;859;0;0;75.114;144;7.066;4.597;838;0;0;0;12.645;0
COOPERATIVA DE ECONOMIA E CRÉDITO MÚTUO UNICRED ELEVA LTDA.;95.163.002;b3S;I;2;S5;9;SANTO ANGELO;RS;09/2020;115.184;3;280;678;820;105;0;0;1.886;170;5.601;16.318;26.622;7.126;3.952;1;59.791;28;1.238;3.130;4.402;535;1;0;9.334;9;835;2.384;5.696;4.131;9.708;35;22.799;0;5;0;0;0;0;0;5;0;0;0;0;0;0;0;0;84;5.868;10.107;1.896;1.261;2.154;0;21.369;0
COOPERATIVA DE CRÉDITO DE LIVRE ADMISSÃO DA REGIÃO DE FRUTAL LTDA.   SICOOB FRUTAL;71.419.600;b3S;I;2;S5;9;FRUTAL;MG;09/2020;114.277;12;220;542;857;405;98;0;2.134;546;4.291;17.494;35.958;2.812;188;0;61.289;1;400;1.112;1.923;135;0;0;3.570;0;0;0;0;0;0;0;0;0;0;0;0;0;0;0;0;913;5.771;18.313;16.917;935;218;0;43.067;364;1.699;1.377;727;0;0;51;4.219;0
COOPERATIVA DE CRÉDITO DE LIVRE ADMISSÃO DE ASSOCIADOS SUL CATARINENSE - SICOOB CREDISULCA SC;81.367.880;b3S;I;2;S5;9;TURVO;SC;09/2020;112.940;0;15;36;46;16;0;0;112;415;3.332;7.897;11.857;4.027;3.754;7;31.290;4;882;2.479;5.099;1.462;6;0;9.931;0;0;0;0;0;0;0;0;0;0;0;0;0;0;0;0;52;3.313;41.000;10.857;7.157;6.979;0;69.357;162;1.602;64;86;82;251;1;2.249;0
COOPERATIVA DE CRÉDITO INTEGRADO - SICOOB UNICOOB INTEGRADO;7.122.321;b3S;I;2;S5;9;PATO BRANCO;PR;09/2020;112.700;8;366;921;1.504;327;3;0;3.129;1.010;6.064;17.922;22.268;4.778;1.988;0;54.030;7;66;191;425;46;0;0;735;0;0;0;0;0;0;0;0;0;0;0;0;0;0;0;0;206;5.586;36.886;4.981;912;294;0;48.865;851;3.444;1.646;0;0;0;0;5.941;0
COOPERATIVA DE CRÉDITO DOS EMPRESÁRIOS DE TRANSPORTES DO SUL DO BRASIL - TRANSPOCRED;8.075.352;b3S;I;2;S5;9;FLORIANOPOLIS;SC;09/2020;111.985;0;0;0;0;0;0;0;0;316;4.865;12.720;11.889;2.387;1.650;238;34.065;76;3.290;9.523;16.672;6.290;62;0;35.914;0;0;0;0;0;0;0;0;0;0;0;0;0;0;0;0;0;0;0;0;0;0;0;0;601;5.067;12.450;17.458;5.419;1.013;0;42.006;0
COOPERATIVA DE CRÉDITO DO SERVIDOR FEDERAL E DE EMPRESAS LTDA. - SICOOB CREDFAZ;952.415;b3S;I;2;S5;9;BRASILIA;DF;09/2020;111.817;93;4.339;10.121;27.336;25.666;34.955;0;102.510;234;1.290;2.206;4.245;803;2;0;8.781;0;0;0;0;0;0;0;0;0;0;0;0;0;0;0;0;0;0;0;0;0;0;0;0;0;0;0;0;0;0;0;0;91;435;0;0;0;0;0;526;0
COOPERATIVA DE CRÉDITO UNICRED COOMARCA LTDA. - COOMARCA;4.355.489;b3S;I;2;S5;9;FLORIANOPOLIS;SC;09/2020;110.044;6;3.987;11.437;25.939;16.961;20.489;2;78.821;0;1.033;2.665;4.863;2.337;1.561;0;12.459;0;647;1.771;3.050;1.124;21;0;6.612;0;377;1.005;2.530;2.014;4.690;1;10.617;0;3;0;0;0;0;0;3;0;0;0;0;0;0;0;0;30;436;228;291;218;329;0;1.532;0
COOPERATIVA DE CREDITO CECRES - SICOOB CECRES;54.603.022;b3S;I;2;S5;9;SAO PAULO;SP;09/2020;108.655;696;5.315;19.024;38.493;22.477;4.814;0;90.819;298;2.122;3.013;6.653;3.572;1.155;0;16.813;0;0;0;0;0;0;0;0;0;0;0;0;0;0;0;0;0;0;0;0;0;0;0;0;0;0;0;0;0;0;0;0;488;531;4;0;0;0;0;1.023;0
COOPERATIVA DE POUPANÇA E CRÉDITO DO VALE DO RIO DOCE LTDA – SICOOB CREDIRIODOCE;25.606.237;b3S;I;2;S5;9;GOVERNADOR VALADARES;MG;09/2020;108.534;9;300;480;844;299;0;0;1.933;362;5.043;12.463;20.165;6.483;1.207;0;45.724;5;435;1.168;2.054;412;0;0;4.074;0;0;0;0;0;0;0;0;0;0;0;0;0;0;0;0;317;4.566;20.021;22.380;1.092;173;0;48.549;611;5.061;1.719;499;185;181;0;8.255;0
COOPERATIVA DE ECONOMIA E CREDITO MÚTUO DOS MÉDICOS DO PLANALTO MÉDIO DO RIO GRANDE DO SUL LTDA - CREDIPLAN;97.259.253;b3S;I;2;S5;9;PASSO FUNDO;RS;09/2020;107.368;0;0;0;0;0;0;0;0;0;2.219;6.191;13.350;9.524;13.165;0;44.450;0;473;1.268;1.964;591;33;0;4.329;0;0;0;0;0;0;0;0;0;0;0;0;0;0;0;0;0;0;0;0;0;0;0;0;9;3.520;9.210;18.130;12.427;15.294;0;58.590;0
COOPERATIVA DE CRÉDITO COM INTERAÇÃO SOLIDÁRIA DE GOIÁS - CRESOL GOIÁS;4.490.531;b3S;I;2;S5;9;ORIZONA;GO;09/2020;106.854;0;0;0;0;0;0;0;0;28;1.538;4.005;3.037;1.488;526;0;10.621;24;305;723;1.779;822;15;0;3.668;0;0;0;0;0;0;0;0;3;73;13;0;0;0;0;88;227;3.682;24.108;23.429;15.522;12.786;0;79.754;69;2.859;2.817;4.492;1.182;1.286;19;12.723;0
COOPERATIVA DE CREDITO DE LIVRE ADMISSÃO DA ALTA PAULISTA - SICOOB COCREALPA;59.869.560;b3S;I;2;S5;9;ADAMANTINA;SP;09/2020;106.498;0;0;0;0;0;0;0;0;1.035;11.210;16.506;13.482;2.528;4;0;44.765;7;726;2.113;4.181;1.034;53;0;8.114;0;0;0;0;0;0;0;0;0;0;0;0;0;0;0;0;76;7.810;24.770;13.482;1;0;0;46.138;695;4.691;2.081;13;0;0;0;7.481;0
COOPERATIVA DE CRÉDITO COM INTERAÇÃO SOLIDÁRIA NORTE PARANAENSE - CRESOL NORTE PARANAENSE;7.925.729;b3S;I;2;S5;9;GRANDES RIOS;PR;09/2020;106.061;0;0;0;0;0;0;0;0;157;1.971;6.965;6.276;2.216;347;0;17.932;5;192;935;1.750;764;2;0;3.648;0;0;0;0;0;0;0;0;8;96;27;0;0;0;0;131;164;7.403;26.920;17.520;8.661;9.250;0;69.918;243;4.117;4.036;4.632;1.166;217;20;14.431;0
COOPERATIVA DE CRÉDITO DE LIVRE ADMISSÃO DO OESTE MINEIRO LTDA. - SICOOB CREDICOPA;71.297.899;b3S;I;2;S5;9;PATOS DE MINAS;MG;09/2020;106.052;0;20;50;34;0;0;0;104;639;6.374;12.509;21.799;13.680;1.608;0;56.609;11;224;560;819;0;0;0;1.614;0;0;0;0;0;0;0;0;0;0;0;0;0;0;0;0;3.281;8.656;2.483;5.843;3.221;271;0;23.755;209;5.885;3.874;8.735;3.395;1.872;0;23.970;0
COOPERATIVA DE CRÉDITO DE LIVRE ADMISSÃO DE CONSELHEIRO PENA E REGIÃO LTDA. - SICOOB CREDICOPE;38.588.174;b3S;I;2;S5;9;CONSELHEIRO PENA;MG;09/2020;105.947;0;129;357;781;324;69;0;1.661;142;4.739;10.621;15.333;5.977;681;0;37.494;10;646;1.716;3.433;1.058;67;0;6.929;0;0;0;0;0;0;0;0;0;0;0;0;0;0;0;0;107;4.645;15.501;22.501;10.002;2.667;0;55.424;181;1.809;1.588;260;162;439;0;4.440;0
COOPERATIVA DE ECONOMIA E CRÉDITO MÚTUO DOS FUNCIONÁRIOS DA SECRETARIA DE ESTADO DA FAZENDA E ÓRGÃOS OFICIAIS DO ESTADO DE MINAS GERAIS LTDA – SICOOB COOPSEF;16.721.078;b3S;I;2;S5;9;BELO HORIZONTE;MG;09/2020;105.427;278;4.881;12.230;30.543;23.196;21.758;0;92.887;148;4.670;1.397;1.996;1.126;750;0;10.086;2;1;2;8;8;0;0;20;0;0;0;0;0;0;0;0;0;0;0;0;0;0;0;0;0;0;0;0;0;0;0;0;44;2.385;0;5;0;0;0;2.433;0
COOPERATIVA DE CRÉDITO DA REGIÃO DE ARAXÁ LTDA. - SICOOB CREDIARA;66.398.496;b3S;I;2;S5;9;ARAXA;MG;09/2020;104.193;0;125;335;701;202;0;0;1.364;202;5.493;9.659;9.829;1.597;134;0;26.912;7;509;1.264;2.096;463;0;0;4.338;0;0;0;0;0;0;0;0;0;0;0;0;0;0;0;0;1;9.727;28.284;20.033;1.126;456;0;59.627;364;2.753;3.604;4.207;978;0;45;11.952;0
COOPERATIVA DE CRÉDITO RURAL COM INTERAÇÃO SOLIDÁRIA DE FREDERICO WESTPHALEN - CRESOL FREDERICO WESTPHALEN;17.343.510;b3S;I;2;S5;9;FREDERICO WESTPHALEN;RS;09/2020;102.023;0;0;0;0;0;0;0;0;20;1.593;3.961;8.756;4.770;4.184;0;23.284;9;280;693;1.137;417;4;0;2.540;0;0;0;0;0;0;0;0;3;170;45;0;0;0;0;219;22;4.174;35.976;7.942;6.251;9.887;0;64.252;135;1.609;4.374;3.392;1.353;854;11;11.728;0
COOPERATIVA DE CRÉDITO E CAPTAÇÃO SICOOB UNICIDADES;3.047.549;b3S;I;2;S5;9;RIO VERDE;GO;09/2020;101.711;0;27;67;90;17;0;0;201;425;8.370;16.844;23.986;6.648;2.392;0;58.665;31;553;1.197;2.300;595;0;0;4.675;0;0;0;0;0;0;0;0;0;0;0;0;0;0;0;0;0;2.670;7.688;12.583;5.557;86;0;28.584;947;2.620;2.718;1.136;990;1.175;0;9.586;0
SCANIA BANCO S.A.;11.417.016;b2;I;3;S4;8;SAO BERNARDO DO CAMPO;SP;09/2020;101.215;0;0;0;0;0;0;0;0;0;0;0;0;0;0;0;0;424;8.479;24.211;50.021;18.049;30;0;101.215;0;0;0;0;0;0;0;0;0;0;0;0;0;0;0;0;0;0;0;0;0;0;0;0;0;0;0;0;0;0;0;0;0
COOPERATIVA DE ECONOMIA E CRÉDITO MÚTUO DOS FUNCIONÁRIOS DO GRUPO COSAN - BARRACRED COSAN;1.439.107;b3S;I;2;S5;9;BARRA BONITA;SP;09/2020;99.540;418;6.791;12.705;9.052;25;0;0;28.991;153;6.191;15.398;17.143;1.861;114;0;40.860;72;2.196;6.896;15.687;4.749;30;0;29.631;0;0;0;0;0;0;0;0;0;0;0;0;0;0;0;0;0;0;0;0;0;0;0;0;12;29;16;1;0;0;0;58;0
COOPERATIVA DE CRÉDITO DOS EMPREGADOS DO GRUPO VALLOUREC NO BRASIL - COOVALL LTDA.;64.293.582;b3S;I;2;S5;9;BELO HORIZONTE;MG;09/2020;99.249;108;4.962;21.273;46.735;25.485;395;0;98.960;29;36;78;127;20;0;0;290;0;0;0;0;0;0;0;0;0;0;0;0;0;0;0;0;0;0;0;0;0;0;0;0;0;0;0;0;0;0;0;0;0;0;0;0;0;0;0;0;0
COOPERATIVA DE CRÉDITO SICOOB ENGECRED LTDA.;4.388.688;b3S;I;2;S5;9;GOIANIA;GO;09/2020;98.963;0;7;21;18;0;0;0;46;443;3.632;9.495;10.161;3.954;3.624;0;31.310;3;561;1.661;4.877;1.375;0;0;8.477;0;0;0;0;0;0;0;0;0;0;0;0;0;0;0;0;0;2.024;21.595;15.729;10.263;500;0;50.112;420;2.261;2.256;2.294;901;885;0;9.019;0
BANCO INBURSA S.A.;4.866.275;b1;I;3;S4;8;SAO PAULO;SP;09/2020;98.951;1.588;15.213;34.356;34.898;4.917;385;0;91.358;207;994;2.388;3.188;16;0;0;6.793;1;73;211;424;90;0;0;800;0;0;0;0;0;0;0;0;0;0;0;0;0;0;0;0;0;0;0;0;0;0;0;0;0;0;0;0;0;0;0;0;0
COOPERATIVA DE ECONOMIA E CRÉDITO MÚTUO BRF - CREDIBRF;82.096.447;b3S;I;2;S5;9;CURITIBA;PR;09/2020;98.689;532;19.742;39.812;30.778;4.631;2.548;263;98.307;0;4;6;8;0;0;0;17;0;52;126;169;17;0;0;365;0;0;0;0;0;0;0;0;0;0;0;0;0;0;0;0;0;0;0;0;0;0;0;0;0;0;0;0;0;0;0;0;0
BOCOM;52.003;b1;C;3;S4;199;SALVADOR;BA;09/2020;98.242;0;0;0;0;0;0;0;0;0;0;0;0;0;0;0;0;0;0;0;0;0;0;0;0;0;0;0;0;0;0;0;0;0;0;0;0;0;0;0;0;0;0;0;0;0;0;0;0;0;10.046;17.562;70.133;500;0;0;98.242;0
SENFF S.A. - CRÉDITO, FINANCIAMENTO E INVESTIMENTO;11.970.623;n1;I;2;S4;14;CURITIBA;PR;09/2020;97.876;222;1.835;5.575;9.689;4.789;2.863;0;24.974;8.267;20.234;25.903;5.229;5;0;0;59.637;0;8;13;18;0;0;0;38;0;0;0;0;0;0;0;0;4.831;1.253;243;110;23;0;0;6.459;0;0;0;0;0;0;0;0;1.208;1.755;2.610;1.194;1;0;0;6.768;0
COOPERATIVA DE CRÉDITO DE LIVRE ADMISSÃO DA REGIÃO DO CIRCUITO CAMPOS DAS VERTENTES LTDA - SICOOB COPERMEC;2.232.383;b3S;I;2;S5;9;CLAUDIO;MG;09/2020;97.064;20;300;575;1.352;756;84;0;3.087;252;5.529;19.853;23.346;10.866;8.469;0;68.317;17;777;2.207;4.410;1.628;234;0;9.273;0;0;0;0;0;0;0;0;0;0;0;0;0;0;0;0;0;1.069;2.968;1.651;107;75;0;5.871;424;6.525;2.019;887;565;96;0;10.517;0
COOPERATIVA DE CRÉDITO DE LIVRE ADMISSÃO UNIÃO E NEGÓCIOS - SICOOB INTEGRAÇÃO;8.742.188;b3S;I;2;S5;9;CUIABA;MT;09/2020;96.413;57;1.378;2.641;5.349;4.734;9.472;0;23.630;969;3.958;13.886;12.202;2.921;447;0;34.383;11;242;654;1.238;249;0;0;2.395;0;0;0;0;0;0;0;0;0;0;0;0;0;0;0;0;141;3.686;12.792;12.900;1.049;0;0;30.567;1.497;1.720;1.099;438;248;435;0;5.437;0
COOPERATIVA DE CRÉDITO DA REGIÃO DO CONTESTADO - CIVIA;10.218.474;b3S;I;2;S5;9;SAO BENTO DO SUL;SC;09/2020;95.770;276;2.110;5.190;8.390;2.552;906;0;19.425;1.000;6.106;14.204;16.025;2.974;2.393;13;42.716;27;599;1.623;2.847;694;5;0;5.795;0;0;0;0;0;0;0;0;0;0;0;0;0;0;0;0;0;0;0;0;0;0;0;0;2.030;3.953;8.798;10.104;2.138;812;0;27.835;0
COOPERATIVA DE CREDITO DE LIVRE ADMISSÃO DO VALE DO SÃO PATRICIO LTDA.;968.602;b3S;I;2;S5;9;GOIANESIA;GO;09/2020;95.207;0;2;5;7;0;0;0;14;910;6.303;15.006;2.985;382;0;0;25.586;0;79;250;333;0;0;0;661;0;0;0;0;0;0;0;0;0;0;0;0;0;0;0;0;157;7.921;41.695;9.368;991;0;0;60.133;529;3.302;859;4.124;0;0;0;8.814;0
COOPERATIVA DE CRÉDITO DE LIVRE ADMISSÃO CREDIEMBRAPA LTDA - SICOOB.;2.338.666;b3S;I;2;S5;9;BRASILIA;DF;09/2020;94.875;185;3.494;7.646;21.018;20.261;22.844;0;75.447;1.140;2.644;3.104;6.522;3.090;581;0;17.080;20;83;188;323;83;0;0;697;0;0;0;0;0;0;0;0;0;0;0;0;0;0;0;0;0;0;0;0;0;0;0;0;382;1.250;5;11;4;0;0;1.652;0
CENTROCRED S.A. CRÉDITO, FINANCIAMENTO E INVESTIMENTOS;26.225.776;n1;I;2;S5;14;SANTA CRUZ DO SUL;RS;09/2020;94.813;0;0;0;0;0;0;0;0;10.426;39.215;43.062;2.109;0;0;0;94.813;0;0;0;0;0;0;0;0;0;0;0;0;0;0;0;0;0;0;0;0;0;0;0;0;0;0;0;0;0;0;0;0;0;0;0;0;0;0;0;0;0
SINOSSERRA FINANCEIRA S/A - SOCIEDADE DE CRÉDITO, FINANCIAMENTO E INVESTIMENTO;22.639.377;n1;I;2;S4;14;NOVO HAMBURGO;RS;09/2020;93.441;12;169;299;132;0;0;0;612;183;1.476;1.697;630;15;0;0;4.001;338;9.143;25.362;46.919;7.048;5;0;88.814;0;0;0;0;0;0;0;0;0;0;0;0;0;0;0;0;0;0;0;0;0;0;0;0;0;0;10;3;0;0;0;14;0
UNIPRIME PIONEIRA COOPERATIVA DE CRÉDITO;1.286.361;b3S;I;2;S5;9;TOLEDO;PR;09/2020;92.875;0;0;0;0;0;0;0;0;114;4.648;12.455;20.065;7.963;5.669;0;50.914;5;1.328;3.653;5.599;774;5;0;11.365;0;275;978;2.264;1.763;2.820;0;8.101;142;0;1;3;0;0;0;147;0;0;0;0;0;0;0;0;223;2.937;6.529;6.733;2.808;3.119;0;22.349;0
COOPERATIVA DE ECONOMIA E CRÉDITO MÚTUO SERVIDORES PJ, MP, ENSINO SUPERIOR ADVOGADOS PÚBLICOS, DEFENSORES PÚBLICOS E DELEGADOS POLÍCIA FEDERAL NO DISTRITO FEDERAL - SICOOB JUDICIÁRIO;37.076.205;b3S;I;2;S5;9;BRASILIA;DF;09/2020;92.688;93;4.030;11.244;23.680;19.846;23.398;0;82.291;66;2.145;3.143;2.907;250;277;0;8.789;0;0;0;0;0;0;0;0;0;0;0;0;0;0;0;0;0;0;0;0;0;0;0;0;0;0;0;0;0;0;0;0;36;318;492;762;0;0;0;1.608;0
COOPERATIVA DE CRÉDITO DE LIVRE ADMISSÃO MÉDIO OESTE - SICOOB MÉDIO OESTE;7.318.874;b3S;I;2;S5;9;ASSIS CHATEAUBRIAND;PR;09/2020;91.925;18;653;1.435;2.912;1.475;745;0;7.238;1.657;3.129;7.731;10.190;3.649;1.484;0;27.840;8;306;917;1.938;519;1;0;3.688;0;0;0;0;0;0;0;0;0;0;0;0;0;0;0;0;509;5.048;26.061;8.162;5.023;3.604;0;48.407;442;1.596;2.003;459;252;0;0;4.751;0
COOPERATIVA DE CRÉDITO DA FOZ DO RIO ITAJAÍ AÇU - CREDIFOZ;9.512.539;b3S;I;2;S5;9;ITAJAI;SC;09/2020;91.172;6;70;59;36;1;0;0;172;1.126;6.651;14.386;14.327;2.929;4.636;13;44.068;200;1.507;3.851;5.760;691;0;0;12.009;0;0;0;0;0;0;0;0;0;0;0;0;0;0;0;0;0;0;0;0;0;0;0;0;2.589;7.163;11.184;10.641;2.247;1.096;3;34.923;0
COOPERATIVA DE CREDITO DE LIVRE ADMISSAO DE RUBIATABA E REGIAO LTDA;73.422.792;b3S;I;2;S5;9;RUBIATABA;GO;09/2020;90.807;0;18;81;120;0;0;0;220;484;1.897;7.667;11.283;4.674;10;0;26.015;78;942;2.519;4.188;540;0;0;8.267;0;0;0;0;0;0;0;0;0;0;0;0;0;0;0;0;602;11.704;12.649;18.431;5.544;0;0;48.930;860;5.186;933;365;31;0;0;7.376;0
COOPERATIVA DE CRÉDITO DE LIVRE ADMISSÃO DO VALE - SICOOB CREDIVALE/SC;86.829.827;b3S;I;2;S5;9;BRACO DO NORTE;SC;09/2020;90.353;0;0;0;0;0;0;0;0;103;2.751;6.220;8.874;2.888;1.226;0;22.063;10;543;1.584;3.297;938;9;0;6.381;0;0;0;0;0;0;0;0;0;0;0;0;0;0;0;0;5;7.843;27.536;11.885;6.532;5.944;0;59.744;128;1.370;667;0;0;0;0;2.165;0
COOPERATIVA DE CRÉDITO DE LIVRE ADMISSÃO DO NORTE DE MATO GROSSO - SICOOB NORTE MT;23.623.636;b3S;I;2;S5;9;SINOP;MT;09/2020;90.181;0;0;0;0;0;0;0;0;107;3.415;6.927;9.592;3.567;3;0;23.612;9;1.107;3.181;6.465;932;2;0;11.697;0;0;0;0;0;0;0;0;0;0;0;0;0;0;0;0;0;2.159;35.930;11.792;1.798;314;0;51.993;544;1.722;595;17;0;0;0;2.879;0
COOPERATIVA DE CRÉDITO MONTECREDI LTDA. – SICOOB MONTECREDI;71.392.047;b3S;I;2;S5;9;MONTE CARMELO;MG;09/2020;89.556;1;31;77;115;15;0;0;240;202;5.604;10.037;15.353;776;300;3;32.276;1;328;911;1.153;100;0;0;2.493;0;0;0;0;0;0;0;0;0;0;0;0;0;0;0;0;124;16.156;8.170;20.581;5.384;655;0;51.071;170;2.829;418;44;15;0;0;3.477;0
COOPERATIVA DE CRÉDITO POUPANÇA E INVESTIMENTO DA ALTA NOROESTE DE SÃO PAULO - SICREDI ALTA NOROESTE SP;4.484.490;b3S;I;2;S5;9;BIRIGUI;SP;09/2020;89.294;32;1.563;4.322;10.093;8.716;17.072;0;41.797;85;1.563;3.616;4.081;453;59;0;9.857;6;406;1.091;1.714;301;0;0;3.518;0;0;0;0;0;0;0;0;457;6.197;1.961;3;0;0;0;8.618;0;425;2.382;500;0;0;0;3.308;372;4.720;6.029;6.324;2.838;1.915;0;22.197;0
COOPERATIVA DE CRÉDITO DE LIVRE ADMISSÃO DO VALE DO PARANAPANEMA;1.637.949;b3S;I;2;S5;9;PRESIDENTE PRUDENTE;SP;09/2020;89.215;0;0;0;0;0;0;0;0;3.313;29.390;17.845;9.232;1.445;187;0;61.412;23;703;1.809;2.830;204;0;0;5.570;0;0;0;0;0;0;0;0;0;0;0;0;0;0;0;0;255;2.165;11.431;1.267;0;0;0;15.117;708;5.668;739;0;0;0;0;7.116;0
SOCIEDADE COOPERATIVA DE CRÉDITO COOPERE LTDA.  - SICOOB COOPERE;73.398.646;b3S;I;2;S5;9;VALENTE;BA;09/2020;88.822;1.987;5.584;8.777;20.783;14.974;16.153;0;68.259;180;860;1.837;2.117;431;59;0;5.484;19;148;504;1.009;333;0;0;2.014;0;0;0;0;0;0;0;0;0;0;0;0;0;0;0;0;0;2.422;2.619;972;863;781;0;7.657;672;3.916;653;166;0;0;0;5.409;0
COOPERATIVA DE CRÉDITO SICOOB ALIANÇA;6.174.009;b3S;I;2;S5;9;APUCARANA;PR;09/2020;88.449;23;1.370;3.724;9.418;8.541;13.247;0;36.323;136;2.653;4.613;6.006;1.125;5;0;14.537;32;227;651;1.460;378;1;0;2.750;0;0;0;0;0;0;0;0;0;0;0;0;0;0;0;0;0;4.719;14.740;7.945;3.405;1.015;0;31.824;375;1.182;1.071;233;149;4;0;3.013;0
COOPERATIVA DE CRÉDITO DO NORTE CATARINENSE - ACREDICOOP;3.461.243;b3S;I;2;S5;9;JOINVILLE;SC;09/2020;88.392;1;43;119;179;42;0;0;384;323;2.859;6.904;8.634;1.448;173;0;20.342;100;1.493;3.876;6.458;1.225;59;0;13.211;0;0;0;0;0;0;0;0;0;0;0;0;0;0;0;0;0;0;0;0;0;0;0;0;1.535;7.006;16.168;19.847;5.629;4.269;2;54.456;0
COOPERATIVA DE CRÉDITO RURAL COM INTERAÇÃO SOLIDÁRIA DE PAIM FILHO - CRESOL PAIM FILHO;7.252.614;b3S;I;2;S5;9;PAIM FILHO;RS;09/2020;87.759;0;0;0;0;0;0;0;0;14;733;1.787;2.780;1.071;766;0;7.151;1;37;96;230;53;0;0;417;0;0;0;0;0;0;0;0;0;43;11;0;0;0;0;54;93;2.758;41.750;8.884;6.478;9.746;0;69.709;89;1.506;3.672;3.147;945;862;207;10.429;0
COOPERATIVA DE CRÉDITO UNICRED REGIÃO DOS VALES LTDA. - UNICRED REGIÃO DOS VALES;1.796.302;b3S;I;2;S5;9;NOVO HAMBURGO;RS;09/2020;87.172;0;95;229;166;21;0;0;511;167;4.630;13.912;23.251;8.728;7.750;3;58.442;0;692;1.936;2.561;337;1;0;5.528;0;51;226;537;450;751;0;2.015;0;0;0;0;0;0;0;0;0;0;0;0;0;0;0;0;122;2.703;5.022;7.061;3.303;2.426;39;20.676;0
COOPERATIVA DE CRÉDITO SICREDI ARACAJU;2.923.389;b3S;I;2;S5;9;ARACAJU;SE;09/2020;86.654;5;1.764;5.232;11.684;9.220;13.701;0;41.605;33;2.424;6.001;7.412;2.128;4.067;8;22.074;37;858;2.254;3.502;655;3;0;7.309;0;0;0;0;0;0;0;0;174;4.364;1.771;1;0;0;0;6.310;0;0;0;0;0;0;0;0;139;1.120;1.417;2.309;1.199;3.161;11;9.357;0
COOPERATIVA DE CRÉDITO DOS INTEGRANTES DO PODER JUDICIÁRIO E DAS INSTITUIÇÕES JURÍDICAS DA UNIÃO EM MINAS GERAIS LTDA.   SICOOB COOPJUS;25.363.615;b3S;I;2;S5;9;BELO HORIZONTE;MG;09/2020;86.234;42;4.390;11.969;25.792;17.463;23.162;0;82.818;48;635;1.131;640;81;0;0;2.534;0;0;0;0;0;0;0;0;0;0;0;0;0;0;0;0;0;0;0;0;0;0;0;0;0;0;0;0;0;0;0;0;186;605;91;0;0;0;0;882;0
COOPERATIVA DE CRÉDITO DE LIVRE ADMISSÃO TRÊS FRONTEIRAS - SICOOB TRÊS FRONTEIRAS;4.876.393;b3S;I;2;S5;9;FOZ DO IGUACU;PR;09/2020;85.893;247;2.148;4.803;9.585;5.915;5.319;0;28.017;1.030;3.451;9.397;15.893;5.980;1.738;0;37.489;27;132;350;549;100;0;0;1.157;0;0;0;0;0;0;0;0;0;0;0;0;0;0;0;0;5;209;6.343;5.638;1.034;832;0;14.062;1.140;1.422;1.527;769;203;106;0;5.168;0
COOPERATIVA DE ECONOMIA E CRÉDITO MÚTUO DOS MÉDICOS E DEMAIS PROFISSIONAIS DA SAÚDE, ENGENHARIA, ARQUITETURA, CONTABILIDADE, ADMINISTRAÇÃO, ECONOMIA E EMPRESÁRIOS DE ERECHIM LTDA;1.572.667;b3S;I;2;S5;9;ERECHIM;RS;09/2020;84.266;0;7;20;30;2;0;0;59;1;2.453;7.236;14.333;8.497;9.649;67;42.235;2;328;913;1.288;303;0;0;2.834;0;216;817;2.013;1.705;4.212;778;9.740;0;0;0;0;0;0;0;0;0;0;0;0;0;0;0;0;32;1.888;6.603;10.468;5.382;5.023;0;29.397;0
COOPERATIVA DE CRÉDITO DE LIVRE ADMISSÃO DO TOCANTINS LTDA;26.960.328;b3S;I;2;S5;9;PARAISO DO NORTE DO TOCANTINS;TO;09/2020;84.220;130;243;474;1.315;989;0;0;3.151;1.132;4.703;9.297;12.618;3.082;2.176;0;33.009;27;457;1.211;2.333;677;2;0;4.707;0;0;0;0;0;0;0;0;0;0;0;0;0;0;0;0;305;2.676;15.520;19.751;1.256;0;0;39.508;789;2.472;416;50;50;69;0;3.846;0
COOPERATIVA DE CRÉDITO DE LIVRE ADMISSÃO DA REGIÃO DO ALTO SÃO FRANCISCO LTDA. - SICOOB CREDIPRATA;26.178.111;b3S;I;2;S5;9;LAGOA DA PRATA;MG;09/2020;84.096;11;116;326;603;83;0;0;1.139;113;5.529;15.191;22.424;6.423;5;0;49.686;0;5;17;43;13;0;0;77;0;0;0;0;0;0;0;0;0;0;0;0;0;0;0;0;0;2.357;6.486;13.893;1.492;1.703;0;25.931;309;4.530;2.296;111;18;0;0;7.263;0
COOPERATIVA DE CRÉDITO NOSSA SENHORA DO DESTERRO - SICOOB CREDISC;3.419.786;b3S;I;2;S5;9;FLORIANOPOLIS;SC;09/2020;83.446;40;3.121;7.584;20.480;19.304;25.766;0;76.295;24;741;1.428;2.129;519;200;0;5.040;0;138;368;731;181;0;0;1.418;0;0;0;0;0;0;0;0;0;0;0;0;0;0;0;0;0;0;0;0;0;0;0;0;80;113;192;80;81;145;0;692;0
COOPERATIVA DE CRÉDITO - SICREDI RIO GRANDE DO NORTE;70.038.237;b3S;I;2;S5;9;NATAL;RN;09/2020;81.913;1;211;624;1.455;921;665;0;3.876;151;5.849;11.985;13.603;2.340;603;0;34.531;1;1.500;3.968;5.956;888;2;0;12.314;0;0;0;0;0;0;0;0;200;9.562;3.322;5;0;0;0;13.089;0;0;0;0;0;0;0;0;127;2.497;3.144;6.628;3.767;1.936;4;18.103;0
COOPERATIVA DE CRÉDITO DO DISTRITO FEDERAL E ENTORNO LTDA;1.187.961;b3S;I;2;S5;9;BRASILIA;DF;09/2020;81.540;14;163;439;950;628;915;0;3.109;250;2.444;7.160;10.045;3.409;381;0;23.689;3;437;1.037;2.290;1.143;3;0;4.912;0;0;0;0;0;0;0;0;0;0;0;0;0;0;0;0;256;2.827;28.061;12.600;3.834;474;0;48.052;182;866;730;0;0;0;0;1.778;0
COOPERATIVA DE CRÉDITO DOS PROPRIETÁRIOS DA INDÚSTRIA DE ROCHAS ORNAMENTAIS, CAL E CALCÁRIOS DO ESTADO DO ESPÍRITO SANTO - SICOOB CREDIROCHAS;3.358.914;b3S;I;2;S5;9;CACHOEIRO DE ITAPEMIRIM;ES;09/2020;81.531;130;1.296;3.453;7.152;2.826;207;0;15.064;549;4.597;11.020;15.417;3.998;1.545;0;37.126;28;1.129;3.123;5.784;1.265;2;0;11.330;0;0;0;0;0;0;0;0;0;0;0;0;0;0;0;0;75;1.929;3.328;4.694;2.078;110;0;12.214;1.361;3.437;547;193;118;142;0;5.798;0
CREDIALIANÇA COOPERATIVA DE CRÉDITO RURAL;78.157.146;b3S;I;2;S5;9;ROLANDIA;PR;09/2020;81.391;0;30;126;249;42;0;0;448;0;666;4.018;7.037;2.049;16;0;13.787;0;218;641;962;126;0;0;1.948;0;421;2.887;6.352;1.937;4;0;11.601;0;0;0;0;0;0;0;0;0;16.009;26.564;537;0;0;0;43.110;23;3.091;4.906;2.456;22;0;0;10.498;0
COOPERATIVA DE CRÉDITO DE LIVRE ADMISSÃO DE BOA ESPERANÇA LTDA. - SICOOB BELCREDI;869.687;b3S;I;2;S5;9;BOA ESPERANCA;MG;09/2020;81.315;0;0;0;0;0;0;0;0;104;7.345;9.618;11.950;61;0;0;29.078;1;129;287;412;29;0;0;857;0;0;0;0;0;0;0;0;0;0;0;0;0;0;0;0;86;13.431;8.797;20.993;5.799;349;0;49.456;102;1.101;62;531;51;79;0;1.925;0
COOPERATIVA DE CRÉDITO DA REGIÃO DE FRONTEIRAS DE RO/MT LTDA. - SICOOB FRONTEIRAS;3.612.764;b3S;I;2;S5;9;CACOAL;RO;09/2020;81.025;6;46;131;212;0;0;0;395;1.693;11.257;20.338;13.707;1.089;0;0;48.084;43;166;628;1.261;440;0;0;2.537;0;0;0;0;0;0;0;0;0;0;0;0;0;0;0;0;0;473;9.155;9.335;500;0;0;19.463;430;9.041;1.009;66;0;0;0;10.547;0
COOPERATIVA DE CRÉDITO CARLOS CHAGAS LTDA. - SICOOB CARLOS CHAGAS;41.753.500;b3S;I;2;S5;9;CARLOS CHAGAS;MG;09/2020;80.781;0;0;0;0;0;0;0;0;174;7.322;14.944;10.912;4.432;1.311;0;39.096;2;231;593;993;111;0;0;1.930;0;0;0;0;0;0;0;0;0;0;0;0;0;0;0;0;201;4.511;13.168;18.031;141;0;0;36.052;139;2.802;695;66;0;0;0;3.703;0
COOPERATIVA DE CRÉDITO DE LIVRE ADMISSÃO DE POMPÉU LTDA. - SICOOB CREDIPÉU;66.262.643;b3S;I;2;S5;9;POMPEU;MG;09/2020;80.216;0;36;101;255;205;2;0;599;274;3.438;7.439;10.503;1.625;1.163;0;24.443;2;311;902;1.932;397;0;0;3.544;0;0;0;0;0;0;0;0;0;0;0;0;0;0;0;0;1;6.553;21.314;9.290;5.345;5.988;0;48.491;328;2.047;490;139;135;0;0;3.140;0
COOPERATIVA DE CRÉDITO CREDIFOR LTDA – SICOOB CREDIFOR;41.931.445;b3S;I;2;S5;9;FORMIGA;MG;09/2020;79.945;4;67;140;237;53;0;0;501;201;4.700;11.439;18.078;5.381;771;0;40.571;2;180;475;968;179;0;0;1.803;0;0;0;0;0;0;0;0;0;0;0;0;0;0;0;0;0;8.913;8.696;12.357;476;1.069;0;31.511;352;2.593;1.210;776;463;164;0;5.559;0
SOCINAL S.A. - CRÉDITO, FINANCIAMENTO E INVESTIMENTO;3.881.423;n1;I;2;S5;14;ARARUAMA;RJ;09/2020;79.429;338;317;753;945;202;0;0;2.554;730;1.741;4.669;10.651;8.311;20.034;4.611;50.748;0;0;0;0;0;0;0;0;0;0;0;0;0;0;0;0;0;0;0;0;0;0;0;0;0;0;0;0;0;0;0;0;61;709;2.052;4.849;3.889;10.926;3.642;26.127;0
COOPERATIVA DE ECONOMIA E CRÉDITO MÚTUO DOS EMPREGADOS DA JOHNSON & JOHNSON;45.691.128;b3S;I;2;S5;9;SAO JOSE DOS CAMPOS;SP;09/2020;79.220;14;6.136;17.698;32.735;16.993;434;0;74.010;1.326;1.678;1.674;466;66;0;0;5.209;0;0;0;0;0;0;0;0;0;0;0;0;0;0;0;0;0;0;0;0;0;0;0;0;0;0;0;0;0;0;0;0;0;0;0;0;0;0;0;0;0
COOPERATIVA DE CRÉDITO TEIXEIRA DE FREITAS LTDA. – SICOOB EXTREMO SUL;2.447.120;b3S;I;2;S5;9;TEIXEIRA DE FREITAS;BA;09/2020;78.717;89;855;1.726;2.662;865;341;0;6.538;480;5.442;12.180;6.256;1.585;175;0;26.118;51;941;2.694;4.866;924;1;0;9.476;0;0;0;0;0;0;0;0;0;0;0;0;0;0;0;0;0;7.890;17.472;8.894;351;36;0;34.643;346;825;770;0;0;0;0;1.942;0
COOPERATIVA DE CRÉDITO DE LIVRE ADMISSÃO DA REGIÃO DE TIROS E MATUTINA LTDA - SICOOB CREDITIROS;42.880.617;b3S;I;2;S5;9;TIROS;MG;09/2020;78.701;0;0;0;0;0;0;0;0;336;7.475;10.318;8.591;1.019;0;0;27.739;0;224;559;888;2;0;0;1.674;0;0;0;0;0;0;0;0;0;0;0;0;0;0;0;0;0;5.228;17.029;18.167;4.134;165;0;44.723;25;4.181;359;0;0;0;0;4.565;0
COOPERATIVA DE CRÉDITO RURAL COM INTERAÇÃO SOLIDÁRIA DE DONA EMMA - CRESOL DONA EMMA;4.261.151;b3S;I;2;S5;9;DONA EMMA;SC;09/2020;77.979;0;0;0;0;0;0;0;0;14;961;3.118;5.586;1.975;820;0;12.473;54;642;1.749;4.086;1.364;22;0;7.918;0;0;0;0;0;0;0;0;1;158;27;0;0;0;0;186;35;2.249;15.754;7.610;5.625;9.040;0;40.314;166;1.636;4.917;7.284;2.496;581;9;17.088;0
COOPERATIVA DE CRÉDITO MÚTUO DOS ADVOGADOS DE SANTA CATARINA;5.861.932;b3S;I;2;S5;9;FLORIANOPOLIS;SC;09/2020;77.258;0;29;72;173;33;1;0;308;318;5.178;13.697;26.529;6.825;3.703;0;56.249;15;1.034;2.778;5.047;788;5;0;9.667;0;0;0;0;0;0;0;0;0;0;0;0;0;0;0;0;0;0;0;0;0;0;0;0;291;4.203;827;1.715;1.668;2.330;0;11.034;0
BANCO ARBI S.A.;54.403.563;b1;I;2;S4;2;RIO DE JANEIRO;RJ;09/2020;76.897;412;6.433;17.051;29.772;15.414;4.073;0;73.155;185;157;559;405;6;0;0;1.312;0;0;0;0;0;0;0;0;0;0;0;0;0;0;0;0;0;0;0;0;0;0;0;0;0;0;0;0;0;0;0;0;26;250;553;1.059;435;108;0;2.430;0
BECKER FINANCEIRA S.A. - CRÉDITO, FINANCIAMENTO E INVESTIMENTO;20.443.996;n1;I;2;S5;14;CERRO LARGO;RS;09/2020;76.855;12;678;1.076;245;0;0;0;2.011;3.646;29.827;37.614;2.358;90;0;0;73.535;6;65;165;189;0;0;0;424;0;0;0;0;0;0;0;0;2;698;184;2;0;0;0;886;0;0;0;0;0;0;0;0;0;0;0;0;0;0;0;0;0
COOPERATIVA DE CRÉDITO DOS SERVIDORES DOS PODERES LEGISLATIVOS DO ESTADO DE MINAS GERAIS E DO SEU ÓRGÃO AUXILIAR LTDA. - SICOOB COFAL;21.797.311;b3S;I;2;S5;9;BELO HORIZONTE;MG;09/2020;76.373;55;5.699;12.682;25.630;17.475;8.233;0;69.774;34;1.313;1.694;2.526;424;0;0;5.991;0;4;11;8;0;0;0;23;0;0;0;0;0;0;0;0;0;0;0;0;0;0;0;0;0;0;0;0;0;0;0;0;35;274;276;0;0;0;0;585;0
COOPERATIVA DE CRÉDITO CREDILUZ LTDA. - SICOOB CREDILUZ;25.536.764;b3S;I;2;S5;9;LUZ;MG;09/2020;76.219;10;454;920;2.116;1.223;1.021;0;5.743;182;4.228;13.095;16.151;5.848;3.184;0;42.688;25;578;1.617;3.343;1.175;3;0;6.740;0;0;0;0;0;0;0;0;0;0;0;0;0;0;0;0;0;2.531;8.263;8.065;796;369;0;20.022;111;499;328;85;1;0;0;1.025;0
FINSOL SOCIEDADE DE CRÉDITO AO MICROEMPREENDEDOR E À EMPRESA DE PEQUENO PORTE S.A.;18.810.553;n1;I;3;S4;10;RECIFE;PE;09/2020;75.337;0;0;0;0;0;0;0;0;0;0;0;0;0;0;0;0;0;0;0;0;0;0;0;0;0;0;0;0;0;0;0;0;0;0;0;0;0;0;0;0;0;0;0;0;0;0;0;0;6.795;31.613;36.259;670;0;0;0;75.337;0
COOPERATIVA DE CRÉDITO DE LIVRE ADMISSÃO DE RIO BRANCO LTDA;1.608.685;b3S;I;2;S5;9;RIO BRANCO;AC;09/2020;74.304;30;1.192;2.958;6.114;3.384;1.519;0;15.196;165;2.349;6.539;12.091;3.054;820;0;25.018;30;289;776;1.034;78;0;0;2.206;0;0;0;0;0;0;0;0;0;0;0;0;0;0;0;0;150;6.506;10.357;13.633;0;0;0;30.646;120;896;196;10;10;6;0;1.237;0
COOPERATIVA DE CRÉDITO DE LIVRE ADMISSÃO DO ALTO SÃO FRANCISCO LTDA.;41.805.003;b3S;I;2;S5;9;PIUMHI;MG;09/2020;74.223;0;92;221;296;38;0;0;647;127;4.281;9.048;10.813;2.393;489;0;27.151;20;321;800;1.315;176;1;0;2.632;0;0;0;0;0;0;0;0;0;0;0;0;0;0;0;0;57;4.287;25.407;7.808;1.250;1.171;0;39.981;140;2.793;812;67;0;0;0;3.813;0
BANCO CATERPILLAR S.A.;2.658.435;b2;I;3;S4;8;SAO PAULO;SP;09/2020;73.995;0;0;0;0;0;0;0;0;132;8.853;23.103;29.434;3.824;30;0;65.375;0;340;1.130;1.799;115;0;0;3.384;0;0;0;0;0;0;0;0;0;0;0;0;0;0;0;0;0;0;0;0;0;0;0;0;0;371;1.674;2.514;679;0;0;5.237;0
COOPERATIVA DE CRÉDITO RURAL COM INTERAÇÃO SOLIDÁRIA DE GUARANI DAS MISSÕES - CRESOL GUARANI DAS MISSÕES;8.488.377;b3S;I;2;S5;9;GUARANI DAS MISSOES;RS;09/2020;73.492;2;4;14;13;0;0;0;32;51;926;3.027;6.676;3.077;1.008;0;14.765;24;246;653;1.502;668;42;0;3.134;0;0;0;0;0;0;0;0;1;115;27;0;0;0;0;143;54;1.894;31.073;5.642;3.342;5.247;0;47.250;418;1.222;2.937;2.579;721;285;6;8.168;0
COOPERATIVA DE CRÉDITO DE EMPRESÁRIOS - SICOOB/TRANSCREDI;4.247.370;b3S;I;2;S5;9;CONCORDIA;SC;09/2020;73.073;0;15;35;48;14;0;0;111;367;6.995;17.827;20.998;6.237;1.172;0;53.596;24;1.679;4.744;9.049;1.144;9;0;16.649;0;0;0;0;0;0;0;0;0;0;0;0;0;0;0;0;0;0;0;0;0;0;0;0;172;1.310;1.226;11;0;0;0;2.717;0
COOPERATIVA DE ECONOMIA E CRÉDITO MÚTUO UNICRED REGIÃO DA CAMPANHA LTDA - UNICRED REGIÃO DA CAMPANHA;1.705.236;b3S;I;2;S5;9;SANTANA DO LIVRAMENTO;RS;09/2020;72.754;0;0;0;0;0;0;0;0;473;4.985;13.001;18.741;5.218;962;0;43.379;38;1.172;3.389;4.574;414;1;0;9.588;0;0;0;0;0;0;0;0;0;2;1;0;0;0;0;2;0;0;0;0;0;0;0;0;89;4.471;6.293;7.382;1.499;49;0;19.785;0
COOPERATIVA DE CRÉDITO MÚTUO DOS EMPREGADOS DA MAXION - CREDMAXION;58.290.800;b3S;I;2;S5;9;CRUZEIRO;SP;09/2020;72.736;72;3.030;17.268;32.762;11.513;648;0;65.292;153;2.287;404;473;77;8;0;3.402;0;0;0;0;0;0;0;0;0;0;0;0;0;0;0;0;0;0;0;0;0;0;0;0;0;0;0;0;0;0;0;0;0;244;1.199;2.236;362;0;0;4.042;0
COOPERATIVA DE ECONOMIA E CRÉDITO MÚTUO DOS INTEGRANTES DO MINISTÉRIO PÚBLICO E DA DEFENSORIA PÚBLICA NO ESTADO DO RIO DE JANEIRO LIMITADA. - SICOOB COMPERJ;4.694.278;b3S;I;2;S5;9;RIO DE JANEIRO;RJ;09/2020;72.322;119;2.809;10.516;23.127;12.717;6.539;0;55.827;99;1.292;1.787;4.258;3.056;4.898;464;15.854;0;20;81;124;18;0;0;243;0;0;0;0;0;0;0;0;0;0;0;0;0;0;0;0;0;0;0;0;0;0;0;0;170;120;109;0;0;0;0;399;0
COOPERATIVA DE CRÉDITO DE LIVRE ADMISSÃO DE PITANGUI, PAPAGAIOS, MARAVILHAS E REGIÃO LTDA. - SICOOB CREDICOOP;41.931.221;b3S;I;2;S5;9;PITANGUI;MG;09/2020;71.317;0;17;43;56;1;0;0;117;142;7.692;20.155;19.819;4.314;150;0;52.271;1;323;982;1.605;468;1;0;3.379;0;0;0;0;0;0;0;0;0;0;0;0;0;0;0;0;0;2.040;2.039;6.174;0;0;0;10.253;164;3.952;1.180;0;0;0;0;5.297;0
SICREDI NORTE - COOPERATIVA DE CRÉDITO;83.315.408;b3S;I;2;S5;9;BELEM;PA;09/2020;71.106;17;1.424;4.293;8.985;6.425;10.291;0;31.434;136;3.347;8.827;12.389;1.723;9;0;26.431;5;210;553;998;110;1;0;1.876;0;0;0;0;0;0;0;0;163;2.808;921;0;0;0;0;3.892;0;0;0;0;0;0;0;0;152;1.664;1.502;3.063;1.070;23;0;7.474;0
COOPERATIVA DE CRÉDITO CREDIUNA LTDA – SICOOB CREDIUNA;64.237.530;b3S;I;2;S5;9;ITAUNA;MG;09/2020;70.850;1;41;100;195;24;0;0;362;706;5.024;10.686;13.582;3.932;1.588;0;35.517;2;110;289;564;147;0;0;1.112;0;0;0;0;0;0;0;0;0;0;0;0;0;0;0;0;12;1.734;7.235;11.676;5.834;2.884;0;29.376;217;2.627;935;692;13;0;0;4.484;0
COOPERATIVA DE CRÉDITO DE VAZANTE LTDA. – SICOOB CREDIVAZ;803.287;b3S;I;2;S5;9;VAZANTE;MG;09/2020;70.803;0;0;0;0;0;0;0;0;38;4.496;9.021;4.006;738;113;0;18.412;5;544;1.491;2.212;354;0;0;4.606;0;0;0;0;0;0;0;0;0;0;0;0;0;0;0;0;0;7.117;18.503;13.628;5.344;835;0;45.428;88;1.832;437;0;0;0;0;2.357;0
HS FINANCEIRA S/A CREDITO, FINANCIAMENTO E INVESTIMENTOS;7.512.441;n1;I;2;S4;14;DOIS IRMAOS;RS;09/2020;69.846;62;300;635;338;0;0;0;1.335;5.476;20.190;18.413;1.733;3;0;0;45.815;0;0;0;0;0;0;0;0;0;0;0;0;0;0;0;0;9.417;8.501;4.613;164;0;0;0;22.696;0;0;0;0;0;0;0;0;0;0;0;0;0;0;0;0;0
COOPERATIVA DE CRÉDITO DE LIVRE ADMISSÃO DE PERNAMBUCO - SICOOB PERNAMBUCO;3.732.359;b3S;I;2;S5;9;SAO JOSE DO EGITO;PE;09/2020;69.788;329;3.110;5.590;14.009;12.437;14.850;15;50.339;209;1.425;2.956;3.868;759;235;27;9.479;30;239;658;1.092;60;0;0;2.079;0;0;0;0;0;0;0;0;0;0;0;0;0;0;0;0;0;238;1.507;457;801;303;0;3.306;714;1.960;388;858;281;287;97;4.585;0
COOPERATIVA DE CREDITO CREDIMOTA   SICOOB CREDIMOTA;66.788.142;b3S;I;2;S5;9;CANDIDO MOTA;SP;09/2020;69.301;1;142;420;1.024;381;118;0;2.085;156;9.940;7.828;6.650;1.918;804;0;27.296;4;145;418;802;124;0;0;1.494;0;0;0;0;0;0;0;0;0;0;0;0;0;0;0;0;0;8.848;22.916;3.309;1.241;486;0;36.799;215;1.408;3;0;0;0;0;1.626;0
SICOOB UNIMAIS MANTIQUEIRA - COOPERATIVA DE CRÉDITO DE LIVRE ADMISSÃO;71.698.674;b3S;I;2;S5;9;TAUBATE;SP;09/2020;68.387;0;0;0;0;0;0;0;0;322;5.125;13.927;25.094;7.951;2.950;22;55.392;18;748;2.147;3.851;591;2;0;7.356;0;0;0;0;0;0;0;0;0;0;0;0;0;0;0;0;0;0;0;0;0;0;0;0;585;3.264;682;941;106;47;12;5.638;0
COOPERATIVA DE CRÉDITO DE LIVRE ADMISSÃO DO CENTRO-SUL GOIANO LTDA;33.579.731;b3S;I;2;S5;9;MORRINHOS;GO;09/2020;67.659;3;134;328;603;376;41;0;1.484;747;5.655;6.752;8.152;1.157;285;0;22.749;12;379;950;1.738;204;0;0;3.282;0;0;0;0;0;0;0;0;0;0;0;0;0;0;0;0;349;5.453;10.924;16.812;742;0;0;34.281;726;4.514;421;203;0;0;0;5.863;0
COOPERATIVA DE CRÉDITO RURAL COM INTERAÇÃO SOLIDÁRIA DE ALFREDO WAGNER - CRESOL ALFREDO WAGNER;5.494.591;b3S;I;2;S5;9;ALFREDO WAGNER;SC;09/2020;67.307;0;8;25;68;22;0;0;124;36;387;3.109;2.292;852;71;0;6.747;14;149;425;1.027;271;0;0;1.885;0;0;0;0;0;0;0;0;0;130;26;0;0;0;0;156;21;1.353;29.352;4.978;3.939;6.861;0;46.505;550;1.028;4.310;3.329;1.775;895;3;11.890;0
COOPERATIVA DE CRÉDITO CREDICAMPO LTDA.- SICOOB CREDICAMPO;21.661.202;b3S;I;2;S5;9;ENTRE RIOS DE MINAS;MG;09/2020;66.603;0;16;28;48;9;0;0;100;110;2.701;20.189;7.121;1.081;0;0;31.203;2;192;564;1.177;518;0;0;2.453;0;0;0;0;0;0;0;0;0;0;0;0;0;0;0;0;5;3.479;10.286;13.287;1.706;26;0;28.790;142;2.723;753;388;50;0;0;4.057;0
COOPERATIVA DE CRÉDITO DE PRODUTORES RURAIS E DE LIVRE ADMISSÃO DO TRIÂNGULO LTDA    SICOOB CREDITRIL;41.669.227;b3S;I;2;S5;9;UBERLANDIA;MG;09/2020;66.025;0;0;0;0;0;0;0;0;186;10.235;25.795;22.192;740;41;0;59.188;21;349;949;1.471;214;0;0;3.005;0;0;0;0;0;0;0;0;0;0;0;0;0;0;0;0;69;302;341;13;0;0;0;724;79;1.839;544;647;0;0;0;3.109;0
COOPERATIVA DE CRÉDITO RURAL COM INTERAÇÃO SOLIDÁRIA DE HUMAITÁ - CRESOL HUMAITÁ;5.983.995;b3S;I;2;S5;9;HUMAITA;RS;09/2020;65.855;0;0;0;0;0;0;0;0;64;1.776;4.326;8.126;4.067;2.622;0;20.981;22;238;632;1.287;248;1;0;2.427;0;0;0;0;0;0;0;0;6;125;19;0;0;0;0;150;19;2.093;21.467;3.697;2.606;3.662;0;33.543;115;1.663;3.209;2.753;767;233;14;8.754;0
COOPERATIVA DE CRÉDITO DE LIVRE ADMISSÃO SICOOB UNIMAIS CENTRO LESTE PAULISTA - SICOOB UNIMAIS CENTRO LESTE PAULISTA;1.259.518;b3S;I;2;S5;9;RIO CLARO;SP;09/2020;65.755;27;347;1.081;2.147;995;0;0;4.597;233;2.022;5.388;10.287;4.636;5.888;0;28.454;9;1.067;3.072;5.259;1.513;5;0;10.926;0;0;0;0;0;0;0;0;0;0;0;0;0;0;0;0;0;0;0;0;0;0;0;0;767;2.687;2.080;5.715;5.029;5.500;0;21.778;0
COOPERATIVA DE CRÉDITO UNICOOB OURO BRANCO - SICOOB UNICOOB OURO BRANCO;5.772.229;b3S;I;2;S5;9;PARANAVAI;PR;09/2020;65.559;26;798;2.005;4.315;2.283;2.654;0;12.081;1.381;3.678;10.807;18.887;3.580;350;0;38.684;1;101;330;649;166;0;0;1.247;0;0;0;0;0;0;0;0;0;0;0;0;0;0;0;0;347;1.287;2.580;2.874;188;0;0;7.276;1.820;3.007;1.444;0;0;0;0;6.272;0
COOPERATIVA DE CREDITO DE LIVRE ADMISSAO DA MATA MINEIRA LTDA - SICOOB CREDIMATA;1.152.097;b3S;I;2;S5;9;VOLTA GRANDE;MG;09/2020;64.850;16;542;974;1.728;776;135;0;4.170;303;2.764;6.453;10.403;1.881;470;0;22.273;10;265;771;1.351;364;2;0;2.764;0;0;0;0;0;0;0;0;0;0;0;0;0;0;0;0;252;3.291;16.299;11.466;799;0;0;32.107;446;2.324;547;100;39;80;0;3.536;0
COOPERATIVA DE CRÉDITO DE LIVRE ADMISSÃO DA REGIÃO DE TRÊS PONTAS LTDA. - SICOOB COPERSUL;18.966.739;b3S;I;2;S5;9;TRES PONTAS;MG;09/2020;64.651;0;0;0;0;0;0;0;0;409;9.334;12.895;3.278;186;0;0;26.102;0;68;197;349;161;0;0;774;0;0;0;0;0;0;0;0;0;0;0;0;0;0;0;0;23;21.477;5.166;8.933;542;0;0;36.141;174;569;239;494;53;105;0;1.634;0
COOPERATIVA DE ECONOMIA E CRÉDITO MÚTUO DOS SERVIDORES DO PODER EXECUTIVO FEDERAL, DOS SERVIDORES DA SECRETARIA DE SAÚDE E DOS TRABALHADORES EM ENSINO DO DISTRITO FEDERAL LTDA.   SICOOB EXECUTIVO;694.877;b3S;I;2;S5;9;BRASILIA;DF;09/2020;64.435;153;2.110;5.535;14.085;12.773;18.100;0;52.757;265;1.120;2.099;3.349;1.081;139;0;8.054;19;93;246;442;130;0;0;930;0;0;0;0;0;0;0;0;0;0;0;0;0;0;0;0;0;0;0;0;0;0;0;0;1.139;1.322;234;0;0;0;0;2.694;0
COOPERATIVA DE CRÉDITO DO SERTÃO BAIANO LTDA - SICOOB SERTÃO;2.057.584;b3S;I;2;S5;9;PINTADAS;BA;09/2020;64.285;316;2.098;3.193;7.661;6.049;9.089;0;28.407;342;2.883;6.271;9.039;1.945;655;0;21.135;39;366;958;1.901;641;1;0;3.908;0;0;0;0;0;0;0;0;0;0;0;0;0;0;0;0;0;1.273;3.440;1.749;78;0;0;6.540;774;3.177;333;11;0;0;0;4.295;0
COOPERATIVA DE CRÉDITO RURAL COM INTERAÇÃO SOLIDÁRIA DE WITMARSUM - CRESOL WITMARSUM;7.465.539;b3S;I;2;S5;9;WITMARSUM;SC;09/2020;64.228;0;0;0;0;0;0;0;0;68;779;2.689;4.858;2.321;2.897;0;13.611;32;247;704;1.645;637;26;0;3.293;0;0;0;0;0;0;0;0;3;213;44;0;0;0;0;259;75;1.856;13.162;6.867;5.348;8.073;0;35.381;262;1.711;3.186;4.545;1.612;356;11;11.683;0
COOPERATIVA DE CRÉDITO DA REGIÃO E COLAR METROPOLITANO DO VALE DO AÇO LTDA. - SICOOB COSMIPA;17.361.536;b3S;I;2;S5;9;IPATINGA;MG;09/2020;63.277;126;3.011;6.462;13.967;8.972;6.722;0;39.261;78;2.056;4.908;8.634;3.066;2.350;0;21.092;9;197;517;957;104;0;0;1.783;0;0;0;0;0;0;0;0;0;0;0;0;0;0;0;0;0;0;0;0;0;0;0;0;179;662;298;3;0;0;0;1.142;0
COOPERATIVA DE CRÉDITO MÚTUO SERRA MAR LTDA. - UNICRED SERRA MAR;86.803.939;b3S;I;2;S5;9;NOVA IGUACU;RJ;09/2020;63.271;0;0;0;0;0;0;0;0;220;5.511;13.260;9.451;2.025;2.822;0;33.289;30;1.726;4.689;7.346;1.126;0;0;14.917;0;69;200;536;529;2.269;15;3.619;0;23;4;0;0;0;0;27;0;0;0;0;0;0;0;0;555;3.431;4.296;2.639;359;138;0;11.420;0
COOPERATIVA DE CREDITO, POUPANCA E INVESTIMENTO DO RIO DE JANEIRO - SICREDI RIO RJ;72.128.440;b3S;I;2;S5;9;RIO DE JANEIRO;RJ;09/2020;63.240;3;108;305;317;46;17;0;796;477;4.168;10.037;11.461;969;32;0;27.144;31;755;2.247;4.468;1.401;1;0;8.904;0;0;0;0;0;0;0;0;722;4.208;1.443;3;0;0;0;6.376;0;0;0;0;0;0;0;0;1.065;4.023;2.932;5.136;2.406;4.458;0;20.019;0
COOPERATIVA DE ECONOMIA E CRÉDITO MÚTUO DOS EMPREGADOS DO GRUPO PÃO DE AÇÚCAR;46.277.273;b3S;I;2;S5;9;SAO PAULO;SP;09/2020;62.762;455;11.942;35.819;14.487;55;4;0;62.762;0;0;0;0;0;0;0;0;0;0;0;0;0;0;0;0;0;0;0;0;0;0;0;0;0;0;0;0;0;0;0;0;0;0;0;0;0;0;0;0;0;0;0;0;0;0;0;0;0
COOPERATIVA DE ECONOMIA E CRÉDITO MÚTUO DOS SERVIDORES PÚBLICOS NOS ESTADOS DE ALAGOAS, SERGIPE, BAHIA E EMPRESÁRIOS DA REGIÃO METROPOLITANA DO AGRESTE ALAGOANO - SICOOB LESTE;2.493.000;b3S;I;2;S5;9;MACEIO;AL;09/2020;62.523;26;1.827;4.284;11.623;11.934;13.448;0;43.142;79;3.077;3.435;7.205;3.592;13;0;17.400;15;61;181;447;139;0;0;844;0;0;0;0;0;0;0;0;0;0;0;0;0;0;0;0;0;0;0;0;0;0;0;0;113;802;221;0;0;0;0;1.137;0
COOPERATIVA DE CRÉDITO, INVESTIMENTO E SERVIÇOS FINANCEIROS SICOOB UNI SUDESTE;86.389.236;b3S;I;2;S5;9;UBA;MG;09/2020;62.417;5;11;25;12;0;0;0;53;391;5.215;13.057;22.512;7.188;5.751;0;54.114;11;473;1.251;2.049;299;4;0;4.087;0;0;0;0;0;0;0;0;0;0;0;0;0;0;0;0;0;0;62;264;367;343;0;1.036;508;2.269;138;138;74;0;0;3.127;0
COOPERATIVA DE CRÉDITO DO CENTRO SUL MINEIRO LTDA. - SICOOB CENTRO SUL MINEIRO;71.238.232;b3S;I;2;S5;9;CARMOPOLIS DE MINAS;MG;09/2020;62.093;0;0;0;0;0;0;0;0;276;3.240;7.415;10.747;3.534;4.285;0;29.497;1;648;1.716;2.390;203;0;0;4.958;0;0;0;0;0;0;0;0;0;0;0;0;0;0;0;0;77;3.920;9.863;10.002;1.300;238;0;25.400;156;1.629;454;0;0;0;0;2.239;0
COOPERATIVA DE CRÉDITO DE LIVRE ADMISSÃO DO ESTADO DO RIO DE JANEIRO - SICOOB FLUMINENSE;2.931.668;b3S;I;2;S5;9;CAMPOS DOS GOYTACAZES;RJ;09/2020;62.020;9;1.601;3.840;9.685;8.751;9.528;0;33.413;207;1.590;2.965;4.932;2.060;1.028;0;12.780;7;71;165;289;72;0;0;604;0;0;0;0;0;0;0;0;0;0;0;0;0;0;0;0;0;1.411;4.059;5.463;2.080;391;0;13.404;513;696;605;0;4;0;0;1.819;0
COOPERATIVA DE CREDITO RURAL E ECONOMIA COM INTERAÇÃO SOLIDARIA DAS ENCOSTAS DA SERRA GERAL – CRESOL ENCOSTAS DA SERRA GERAL;3.485.130;b3S;I;2;S5;9;SANTA ROSA DE LIMA;SC;09/2020;61.838;0;2;7;18;12;0;0;39;50;1.688;4.570;7.992;2.919;758;0;17.977;18;824;2.204;3.577;673;0;0;7.296;0;0;0;0;0;0;0;0;2;82;21;0;0;0;0;105;73;2.126;6.033;6.852;4.152;5.328;0;24.564;213;2.184;3.701;4.924;772;57;7;11.858;0
COOPERATIVA DE CRÉDITO DE LIVRE ADMISSÃO DO VALE DO RIO GRANDE LTDA. - SICOOB UBERABA;25.683.475;b3S;I;2;S5;9;UBERABA;MG;09/2020;61.657;3;90;209;319;31;0;0;653;70;4.153;4.923;6.776;1.861;381;0;18.164;21;213;571;1.007;243;0;0;2.055;0;0;0;0;0;0;0;0;0;0;0;0;0;0;0;0;215;1.751;14.655;12.740;1.297;0;0;30.659;546;5.365;1.760;1.255;982;217;0;10.127;0
COOPERATIVA DE CRÉDITO DE LIVRE ADMISSÃO DE ASSOCIADOS VALE DO RIO DO PEIXE - SICOOB CREDIRIO SC;78.865.995;b3S;I;2;S5;9;JOACABA;SC;09/2020;61.614;0;3;7;22;17;4;0;53;196;2.669;5.785;9.084;2.950;497;0;21.180;22;522;1.371;2.423;591;6;0;4.935;0;0;0;0;0;0;0;0;0;0;0;0;0;0;0;0;0;798;12.841;9.484;3.900;5.793;0;32.816;83;1.364;358;586;234;3;0;2.629;0
COOPERATIVA DE CRÉDITO DE LIVRE ADMISSÃO DO NORDESTE DE MINAS GERAIS E SUL DA BAHIA LTDA - SICOOB CREDINORTE;64.276.058;b3S;I;2;S5;9;NANUQUE;MG;09/2020;60.890;0;0;0;0;0;0;0;0;12;1.586;3.732;2.247;279;0;0;7.855;3;442;1.162;2.136;446;0;0;4.189;0;0;0;0;0;0;0;0;0;0;0;0;0;0;0;0;0;3.309;17.123;25.863;163;0;0;46.458;38;2.022;328;0;0;0;0;2.387;0
COOPERATIVA  DE CRÉDITO DE LIVRE ADMISSÃO DE ASSOCIADOS UNIRONDÔNIA LTDA;1.664.968;b3S;I;2;S5;9;PORTO VELHO;RO;09/2020;60.798;0;0;0;0;0;0;0;0;514;4.396;11.590;16.937;3.725;481;0;37.643;2;305;899;1.330;144;0;0;2.680;0;0;0;0;0;0;0;0;0;0;0;0;0;0;0;0;0;45;6.418;8.004;2.106;0;0;16.573;650;3.147;103;0;2;0;0;3.902;0
SICOOB UNIMAIS METROPOLITANA – COOPERATIVA DE CRÉDITO DE LIVRE ADMISSÃO;259.231;b3S;I;2;S5;9;SANTOS;SP;09/2020;60.518;4;147;395;613;183;0;0;1.342;523;5.351;13.663;18.755;3.055;462;42;41.850;34;964;2.543;2.827;79;0;0;6.447;0;0;0;0;0;0;0;0;0;0;0;0;0;0;0;0;0;0;0;0;0;0;0;0;765;4.363;825;1.982;1.365;1.578;0;10.879;0
COOPERATIVA DE CRÉDITO DE LIVRE ADMISSÃO DE ASSOCIADOS DO PLANALTO SERRANO - SICOOB CREDISERRA SC;1.692.448;b3S;I;2;S5;9;URUPEMA;SC;09/2020;59.864;8;187;393;837;499;135;0;2.059;78;5.722;8.421;10.136;2.180;553;0;27.089;1;205;729;1.214;285;0;0;2.433;0;0;0;0;0;0;0;0;0;0;0;0;0;0;0;0;1;233;20.809;1.899;634;603;0;24.179;61;2.774;443;248;230;348;0;4.105;0
COOPERATIVA DE CRÉDITO RURAL COM INTERAÇÃO SOLIDÁRIA DE TANGARÁ - CRESOL TANGARÁ;7.946.451;b3S;I;2;S5;9;TANGARA;SC;09/2020;59.566;0;0;0;0;0;0;0;0;58;569;1.160;2.343;1.424;994;0;6.547;25;424;1.161;2.773;866;3;0;5.253;0;0;0;0;0;0;0;0;3;104;26;0;0;0;0;133;147;1.083;24.866;3.823;2.389;3.332;0;35.640;373;2.032;3.388;4.672;1.173;321;34;11.993;0
SOFISA;31.873;b1;C;2;S4;199;SAO PAULO;SP;09/2020;59.498;0;0;0;0;0;0;0;0;47;2.701;1.148;5.274;6.416;0;0;15.586;0;0;0;0;0;0;0;0;16;45;102;274;304;1.519;0;2.260;0;0;0;0;0;0;0;0;0;0;0;0;0;0;0;0;484;3.474;4.069;6.376;8.431;18.818;0;41.652;0
COOPERATIVA DE CRÉDITO RURAL DE ABELARDO LUZ - SULCREDI/CREDILUZ;1.073.966;b3S;I;2;S5;9;ABELARDO LUZ;SC;09/2020;59.244;0;0;0;0;0;0;0;0;875;3.663;8.955;11.348;8.387;5.082;0;38.309;110;931;2.379;2.967;424;2;0;6.812;0;0;0;0;0;0;0;0;0;0;0;0;0;0;0;0;361;1.694;9.107;170;13;0;0;11.344;15;1.617;655;443;48;0;0;2.778;0
COOPERATIVA DE CRÉDITO DOS INTEGRANTES DO MINISTÉRIO PÚBLICO E DO PODER JUDICIÁRIO NOS ESTADOS DO AMAPÁ E CEARÁ E LIVRE ADMISSÃO NO ESTADO DO PARÁ - SICOOB COIMPPA;84.156.470;b3S;I;2;S5;9;BELEM;PA;09/2020;58.984;102;1.873;7.859;16.369;11.228;18.475;0;55.907;13;418;538;1.278;310;118;0;2.674;0;16;46;85;41;0;0;189;0;0;0;0;0;0;0;0;0;0;0;0;0;0;0;0;0;0;0;0;0;0;0;0;36;164;14;0;0;0;0;214;0
COOPERATIVA DE ECONOMIA E CRÉDITO MÚTUO DOS TRABALHADORES DO GRUPO SÃO MARTINHO   USICRED;2.562.412;b3S;I;2;S5;9;PRADOPOLIS;SP;09/2020;58.898;6;3.515;13.723;22.505;10.461;4.533;0;54.743;3;0;52;0;0;0;0;55;0;194;843;1.948;967;110;0;4.061;0;0;0;0;0;0;0;0;0;0;0;0;0;0;0;0;0;0;0;0;0;0;0;0;38;0;0;0;0;0;0;38;0
COOPERATIVA DE CRÉDITO CREDIALP LTDA - SICOOB CREDIALP;25.353.939;b3S;I;2;S5;9;ALPINOPOLIS;MG;09/2020;58.804;0;6;22;47;0;0;0;74;438;2.144;6.617;5.068;1.926;239;0;16.432;1;149;400;502;36;0;0;1.088;0;0;0;0;0;0;0;0;0;0;0;0;0;0;0;0;246;7.213;18.515;10.341;2.729;632;0;39.677;101;523;545;4;8;350;0;1.532;0
COOPERATIVA DE CRÉDITO DE LIVRE ADMISSÃO DE PALMEIRAS E REGIÃO LTDA.;37.631.058;b3S;I;2;S5;9;PALMEIRAS DE GOIAS;GO;09/2020;58.738;0;0;0;0;0;0;0;0;12;2.113;8.948;8.217;4.383;613;0;24.286;0;171;664;1.326;117;0;0;2.278;0;0;0;0;0;0;0;0;0;0;0;0;0;0;0;0;112;905;17.888;9.024;2.488;0;0;30.416;3;1.666;57;33;0;0;0;1.759;0
COOPERATIVA DE CRÉDITO DOS PROFISSIONAIS DOS CREAS E DEMAIS ÁREAS TECNOLÓGICAS – CREDCREA;5.979.692;b3S;I;2;S5;9;FLORIANOPOLIS;SC;09/2020;58.679;0;24;71;150;56;0;0;301;537;5.841;13.776;16.269;2.339;1.197;0;39.960;6;346;870;1.236;107;0;0;2.565;0;0;0;0;0;0;0;0;0;0;0;0;0;0;0;0;0;0;0;0;0;0;0;0;650;2.443;4.925;4.817;2.148;871;0;15.853;0
COOPERATIVA DE CRÉDITO RURAL COM INTERAÇÃO SOLIDÁRIA DE CURITIBANOS - CRESOL CURITIBANOS;1.155.801;b3S;I;2;S5;9;CURITIBANOS;SC;09/2020;58.677;0;0;0;0;0;0;0;0;43;914;1.455;2.586;1.013;813;0;6.823;22;267;718;1.698;564;0;0;3.269;0;0;0;0;0;0;0;0;5;199;30;0;0;0;0;234;503;2.216;18.583;5.406;3.126;3.798;0;33.633;494;2.788;5.072;4.599;1.520;232;13;14.719;0
COOPERATIVA DE CRÉDITO SICREDI CENTRO PERNAMBUCANA;41.255.225;b3S;I;2;S5;9;CARUARU;PE;09/2020;58.528;11;1.840;5.231;10.397;6.340;4.823;0;28.642;207;2.866;5.999;6.072;1.262;269;0;16.675;35;639;1.524;2.084;352;0;0;4.635;0;0;0;0;0;0;0;0;156;2.009;728;2;0;0;0;2.895;0;0;0;0;0;0;0;0;84;1.061;1.340;2.180;883;133;0;5.682;0
COOPERATIVA DE CRÉDITO DE LIVRE ADMISSÃO DA REGIÃO DE  PARÁ DE MINAS LTDA - SICOOB CREDIRURAL;25.387.713;b3S;I;2;S5;9;PARA DE MINAS;MG;09/2020;58.165;0;0;0;0;0;0;0;0;27;4.532;6.704;5.998;1.651;369;0;19.281;2;1.386;3.984;8.709;2.305;0;0;16.387;0;0;0;0;0;0;0;0;0;0;0;0;0;0;0;0;2;1.683;14.640;2.963;511;0;0;19.798;17;2.545;137;0;0;0;0;2.699;0
GAZINCRED S.A. SOCIEDADE DE CRÉDITO, FINANCIAMENTO E INVESTIMENTO;11.760.553;n1;I;2;S4;14;DOURADINA;PR;09/2020;57.939;489;5.438;12.221;11.434;2.135;170;0;31.887;7.020;10.420;7.811;194;0;0;0;25.446;1;82;210;289;25;0;0;606;0;0;0;0;0;0;0;0;0;0;0;0;0;0;0;0;0;0;0;0;0;0;0;0;0;0;0;0;0;0;0;0;0
COOPERATIVA DE CRÉDITO RURAL E ECONOMIA COM INTERAÇÃO SOLIDÁRIA DE JACUTINGA - CRESOL JACUTINGA;2.904.125;b3S;I;2;S5;9;JACUTINGA;RS;09/2020;57.898;0;0;0;0;0;0;0;0;32;381;1.288;1.931;926;461;0;5.019;20;248;722;1.577;569;22;0;3.158;0;0;0;0;0;0;0;0;5;117;27;0;0;0;0;149;265;2.381;22.441;5.448;3.764;4.146;0;38.445;413;1.673;4.083;3.916;982;53;5;11.126;0
COOPERATIVA DE CRÉDITO E ECONOMIA COM INTERAÇÃO SOLIDÁRIA DE XAVANTINA - CRESOL XAVANTINA;8.055.016;b3S;I;2;S5;9;XAVANTINA;SC;09/2020;57.654;0;0;0;0;0;0;0;0;5;465;1.487;2.285;1.262;1.321;0;6.825;10;209;551;867;210;11;0;1.858;0;0;0;0;0;0;0;0;0;0;0;0;0;0;0;0;65;4.031;10.428;9.277;6.900;10.558;0;41.258;98;1.538;1.841;2.544;934;755;3;7.713;0
COOPERATIVA DE CRÉDITO CREDICAMPINA LTDA. - SICOOB CREDICAMPINA;1.609.345;b3S;I;2;S5;9;CAMPINA VERDE;MG;09/2020;57.449;0;34;103;142;0;0;0;279;39;2.525;3.968;3.169;1.672;791;0;12.163;0;284;921;1.781;330;5;0;3.322;0;0;0;0;0;0;0;0;0;0;0;0;0;0;0;0;0;4.777;17.773;18.060;249;0;0;40.859;3;653;124;47;0;0;0;827;0
COOPERATIVA DE CRÉDITO CREDSAOPAULO - SICOOB CREDSAOPAULO;2.197.569;b3S;I;2;S5;9;SAO JOSE DOS CAMPOS;SP;09/2020;57.274;83;679;1.923;2.910;781;3;0;6.379;321;3.046;7.144;11.826;5.688;5.545;0;33.569;32;805;2.112;3.248;395;4;0;6.597;0;0;0;0;0;0;0;0;0;0;0;0;0;0;0;0;0;0;0;0;0;0;0;0;394;2.914;1.120;2.294;1.546;2.159;302;10.729;0
COOPERATIVA DE CRÉDITO COGEM;44.401.800;b3S;I;2;S5;9;SAO BERNARDO DO CAMPO;SP;09/2020;57.154;656;5.249;19.914;30.492;810;0;0;57.121;0;7;15;11;0;0;0;32;0;0;0;0;0;0;0;0;0;0;0;0;0;0;0;0;0;0;0;0;0;0;0;0;0;0;0;0;0;0;0;0;1;0;0;0;0;0;0;1;0
COOPERATIVA DE CREDITO COOPLIVRE;49.389.307;b3S;I;2;S5;9;CAPIVARI;SP;09/2020;56.895;0;0;0;0;0;0;0;0;446;8.220;12.611;12.262;4.441;99;0;38.079;11;398;1.065;2.006;522;3;0;4.004;0;0;0;0;0;0;0;0;0;0;0;0;0;0;0;0;0;2.300;4.617;2.499;729;0;0;10.145;319;2.618;551;1.054;123;0;0;4.666;0
AL5 S.A. CRÉDITO, FINANCIAMENTO E INVESTIMENTO;27.214.112;n1;I;2;S4;14;CUIABA;MT;09/2020;56.839;456;2.976;5.844;3.412;39;7;0;12.734;7.103;9.713;16.447;7.223;421;1;0;40.908;12;114;302;360;4;0;0;793;0;0;0;0;0;0;0;0;0;0;0;0;0;0;0;0;0;0;0;0;0;0;0;0;0;0;2.404;0;0;0;0;2.404;0
COOPERATIVA DE CRÉDITO SACRAMENTO LTDA - SICOOB SACRAMENTO;71.154.256;b3S;I;2;S5;9;SACRAMENTO;MG;09/2020;56.577;0;0;0;0;0;0;0;0;65;3.463;4.691;3.785;1.415;841;0;14.261;4;146;436;977;256;1;0;1.822;0;0;0;0;0;0;0;0;0;0;0;0;0;0;0;0;3;4.835;12.637;6.768;3.351;4.968;0;32.563;55;720;849;2.259;1.757;2.291;0;7.931;0
GRAZZIOTIN FINANCIADORA S/A - CRÉDITO, FINANCIAMENTO E INVESTIMENTOS;6.339.468;n1;I;2;S5;14;PASSO FUNDO;RS;09/2020;56.214;0;0;0;0;0;0;0;0;45;29.629;26.540;0;0;0;0;56.214;0;0;0;0;0;0;0;0;0;0;0;0;0;0;0;0;0;0;0;0;0;0;0;0;0;0;0;0;0;0;0;0;0;0;0;0;0;0;0;0;0
COOPERATIVA DE CREDITO RURAL COM INTERACAO SOLIDARIA DE SAO JOAQUIM-CRESOL SÃO JOAQUIM;2.766.672;b3S;I;2;S5;9;SAO JOAQUIM;SC;09/2020;55.828;0;0;0;0;0;0;0;0;74;602;1.905;4.030;1.519;15;0;8.144;51;331;825;1.652;458;2;0;3.320;0;0;0;0;0;0;0;0;3;280;54;0;0;0;0;337;171;2.237;21.752;4.248;3.294;3.601;0;35.304;294;1.769;3.286;2.544;534;262;33;8.723;0
COOPERATIVA DE CRÉDITO RURAL DOS FORNECEDORES DE CANA DA REGIÃO DE CATANDUVA-COFOCRED;49.654.502;b3S;I;2;S5;9;CATANDUVA;SP;09/2020;55.507;0;0;0;0;0;0;0;0;0;0;0;0;0;0;0;0;0;0;0;0;0;0;0;0;0;0;0;0;0;0;0;0;0;0;0;0;0;0;0;0;1.396;8.913;15.463;11.703;0;0;0;37.475;0;2.582;2.424;404;3.474;9.149;0;18.032;0
UNIPRIME DO IGUAÇU - COOPERATIVA DE ECONOMIA E CRÉDITO MÚTUO DOS PROFISSIONAIS DA SAÚDE, DAS CIÊNCIAS, DAS ARTES E EMPRESÁRIOS;1.848.322;b3S;I;2;S5;9;PATO BRANCO;PR;09/2020;55.372;0;0;0;0;0;0;0;0;4;2.032;5.427;9.047;3.659;2.325;0;22.494;0;582;1.508;2.424;559;38;0;5.111;0;397;1.222;2.756;2.034;2.739;0;9.147;15;0;0;0;0;0;0;15;0;0;0;0;0;0;0;0;15;2.143;4.094;6.588;3.414;2.351;0;18.606;0
COOPERATIVA DE CRÉDITO SICOOB CRED-ACIF;4.013.172;b3S;I;2;S5;9;FRANCA;SP;09/2020;54.974;0;139;324;763;403;77;0;1.706;34;3.054;8.932;9.885;3.986;3;0;25.894;0;73;183;254;68;0;0;578;0;0;0;0;0;0;0;0;0;0;0;0;0;0;0;0;0;9.747;5.259;7.129;2.353;479;0;24.965;149;1.187;208;287;0;0;0;1.831;0
COOPERATIVA DE CRÉDITO, POUPANÇA E INVESTIMENTO DOS JUÍZES E CARREIRAS PÚBLICAS DO DIREITO DO ESTADO DO RIO GRANDE DO SUL – SICREDI AJURIS RS;3.750.034;b3S;I;2;S4;9;PORTO ALEGRE;RS;09/2020;54.600;1;1.143;4.911;10.172;6.323;6.505;0;29.055;11;723;440;730;402;130;0;2.435;0;0;0;0;0;0;0;0;0;0;0;0;0;0;0;0;14;2.191;640;1;0;0;0;2.847;0;0;0;0;0;0;0;0;29;765;1.903;4.453;3.647;9.411;54;20.262;0
COOPERATIVA DE CREDITO RURAL COM INTERACAO SOLIDARIA DE GETULIO VARGAS-CRESOL GETÚLIO VARGAS;5.241.145;b3S;I;2;S5;9;GETULIO VARGAS;RS;09/2020;54.442;0;0;0;0;0;0;0;0;29;850;3.424;4.076;1.828;1.924;6;12.138;24;293;790;1.179;223;9;0;2.518;0;0;0;0;0;0;0;0;2;65;18;0;0;0;0;85;45;3.045;15.756;6.567;4.124;5.100;0;34.637;187;589;1.386;2.117;600;183;1;5.063;0
COOPERATIVA DE CRÉDITO CREDIOESTE LTDA. - SICOOB CREDIOESTE;25.420.696;b3S;I;2;S5;9;ABAETE;MG;09/2020;54.300;3;42;116;211;40;0;0;412;250;3.182;6.691;9.935;2.031;245;0;22.334;2;120;321;517;63;0;0;1.023;0;0;0;0;0;0;0;0;0;0;0;0;0;0;0;0;19;2.883;12.665;9.176;914;315;0;25.972;539;1.173;641;566;563;1.076;0;4.558;0
COOPERATIVA DE CRÉDITO CREDIBELO LTDA. - SICOOB CREDIBELO;71.237.184;b3S;I;2;S5;9;CAMPO BELO;MG;09/2020;53.918;0;0;0;0;0;0;0;0;322;3.033;5.891;6.929;856;86;0;17.118;3;158;427;572;59;0;0;1.218;0;0;0;0;0;0;0;0;0;0;0;0;0;0;0;0;249;6.020;10.579;10.729;4.499;161;0;32.236;257;1.468;442;289;230;660;0;3.347;0
COOPERATIVA DE CRÉDITO DE LIVRE ADMISSÃO DO MÉDIO PIRACICABA E DO CIRCUITO DO OURO LTDA. - SICOOB CREDIMEPI;1.644.264;b3S;I;2;S5;9;JOAO MONLEVADE;MG;09/2020;53.869;17;325;478;994;749;884;0;3.447;153;3.381;9.114;18.602;6.777;3.477;155;41.660;0;524;1.491;2.917;456;0;0;5.388;0;0;0;0;0;0;0;0;0;0;0;0;0;0;0;0;0;0;0;0;0;0;0;0;239;1.473;1.285;90;71;216;0;3.375;0
COOPERATIVA DE CRÉDITO SUL-LITORÂNEA DO ESPÍRITO SANTO;32.474.884;b3S;I;2;S5;9;ALFREDO CHAVES;ES;09/2020;53.564;21;253;713;1.221;370;21;0;2.599;346;3.888;8.118;8.883;1.570;453;0;23.258;18;1.098;2.940;4.662;782;2;0;9.501;0;0;0;0;0;0;0;0;0;0;0;0;0;0;0;0;4;2.127;2.645;3.170;2.079;2.619;0;12.643;793;3.825;681;177;86;0;0;5.562;0
CITIBANK;30.403;b1;C;3;S2;199;SAO PAULO;SP;09/2020;53.233;0;0;0;0;0;0;0;0;0;0;0;0;0;0;0;0;0;0;0;0;0;0;0;0;0;0;0;0;0;0;0;0;0;0;0;0;0;0;0;0;0;28.554;0;0;0;0;0;28.554;28;7.096;8.759;5.658;1.818;1.321;0;24.679;0
COOPERATIVA DE CRÉDITO DOS MÉDICOS, TÉCNICOS E DEMAIS PROFISSIONAIS DA SAÚDE DO SUL DE MINAS LTDA., UNICRED SUL DE MINAS;71.418.784;b3S;I;2;S5;9;VARGINHA;MG;09/2020;53.034;0;144;297;216;1;0;0;659;114;3.532;10.568;17.892;6.058;3.756;0;41.920;5;458;1.169;1.591;205;5;0;3.432;0;90;216;497;388;464;0;1.655;0;0;0;0;0;0;0;0;0;0;0;0;0;0;0;0;51;1.527;1.174;1.202;728;685;0;5.367;0
COOPERATIVA DE CRÉDITO, POUPANÇA E INVESTIMENTO DE ARARAQUARA E REGIÃO - SICREDI CENTRO NORTE SP;73.113.243;b3S;I;2;S4;9;ARARAQUARA;SP;09/2020;52.817;60;760;2.005;3.451;885;398;0;7.559;118;2.363;5.277;6.453;1.779;362;0;16.351;7;629;1.678;2.282;346;2;0;4.943;0;0;0;0;0;0;0;0;323;7.023;2.315;6;0;0;0;9.666;0;0;0;0;0;0;0;0;228;2.704;2.638;4.170;2.250;2.304;3;14.298;0
COOPERATIVA DE CRÉDITO DE LIVRE ADMISSÃO CENTRO OESTE LTDA.;7.502.031;b3S;I;2;S5;9;GOIANESIA;GO;09/2020;52.375;0;0;0;0;0;0;0;0;137;5.477;6.682;7.706;1.771;4;0;21.775;7;225;651;1.694;593;0;0;3.171;0;0;0;0;0;0;0;0;0;0;0;0;0;0;0;0;0;2.928;9.558;10.898;101;12;0;23.498;189;3.697;45;0;0;0;0;3.931;0
COOPERATIVA DE CRÉDITO DE LIVRE ADMISSÃO DE PIRACANJUBA LTDA;5.222.094;b3S;I;2;S5;9;PIRACANJUBA;GO;09/2020;52.271;2;91;241;314;9;0;0;657;508;1.756;4.933;7.065;3.453;1.729;0;19.444;2;122;371;513;160;1;0;1.169;0;0;0;0;0;0;0;0;0;0;0;0;0;0;0;0;443;3.401;13.948;9.098;1.134;126;0;28.151;320;1.340;258;311;311;311;0;2.850;0
COOPERATIVA DE CRÉDITO CREDIJEQUITINHONHA LTDA. – SICOOB CREDIJEQUITINHONHA;71.243.034;b3S;I;2;S5;9;CAPELINHA;MG;09/2020;51.865;0;0;0;0;0;0;0;0;316;2.766;7.741;7.102;1.014;0;0;18.938;14;391;1.034;1.780;295;0;0;3.512;0;0;0;0;0;0;0;0;0;0;0;0;0;0;0;0;0;6.650;5.946;8.910;3.745;1.702;0;26.952;296;1.592;552;21;0;0;0;2.462;0
COOPERATIVA DE CRÉDITO DE LIVRE ADMISSÃO DO CENTRO OESTE MINEIRO LTDA.   SICOOB UNIÃO CENTRO OESTE;26.072.728;b3S;I;2;S5;9;ARCOS;MG;09/2020;51.442;0;0;0;0;0;0;0;0;93;2.440;7.485;10.738;3.499;40;0;24.296;0;133;373;891;383;4;0;1.784;0;0;0;0;0;0;0;0;0;0;0;0;0;0;0;0;0;3.995;8.440;7.648;1.634;1.511;0;23.230;64;1.728;341;0;0;0;0;2.132;0
COOPERATIVA DE CRÉDITO, POUPANÇA E INVESTIMENTO DOS MILITARES ESTADUAIS DO RIO GRANDE DO SUL – SICREDI MIL RS;3.212.823;b3S;I;2;S4;9;PORTO ALEGRE;RS;09/2020;51.415;102;3.072;8.336;14.606;7.587;2.947;0;36.649;44;1.016;1.544;1.361;165;75;0;4.204;0;73;209;213;15;0;0;510;0;0;0;0;0;0;0;0;223;3.949;1.449;2;0;0;0;5.624;0;0;0;0;0;0;0;0;110;1.318;1.424;901;395;280;0;4.428;0
COOPERATIVA DE CRÉDITO DE LIVRE ADMISSÃO DO NOROESTE DE MINAS GERAIS LTDA.   SICOOB CREDIPINHO;71.154.876;b3S;I;2;S5;9;JOAO PINHEIRO;MG;09/2020;51.308;0;0;0;0;0;0;0;0;330;3.956;12.255;10.319;1.253;447;0;28.559;10;291;828;1.225;202;0;0;2.556;0;0;0;0;0;0;0;0;0;0;0;0;0;0;0;0;51;1.391;8.133;7.604;1.258;0;0;18.437;101;1.585;70;0;0;0;0;1.756;0
COOPERATIVA DE CRÉDITO DA REGIÃO CENTRAL DE MINAS LTDA. – SICOOB UNIÃO CENTRAL;22.749.014;b3S;I;2;S5;9;PARAOPEBA;MG;09/2020;51.241;7;651;1.560;4.017;2.875;288;0;9.398;143;2.974;6.942;10.813;1.833;66;0;22.771;30;370;981;1.347;257;0;0;2.985;0;0;0;0;0;0;0;0;0;0;0;0;0;0;0;0;751;1.444;4.443;5.719;1.087;128;0;13.573;173;1.742;371;125;104;0;0;2.515;0
COOPERATIVA DE CRÉDITO CREDISETE LTDA. - SICOOB CREDISETE;22.753.982;b3S;I;2;S5;9;SETE LAGOAS;MG;09/2020;50.950;0;0;0;0;0;0;0;0;456;3.047;6.631;10.626;3.252;625;0;24.637;2;738;2.139;4.366;867;0;0;8.113;0;0;0;0;0;0;0;0;0;0;0;0;0;0;0;0;120;1.655;2.229;8.158;1.483;0;0;13.646;244;1.458;741;761;781;571;0;4.555;0
COOPERATIVA DE CRÉDITO E ECONOMIA COM INTERAÇÃO SOLIDÁRIA DE PINHALZINHO - CRESOL PINHALZINHO;7.412.987;b3S;I;2;S5;9;PINHALZINHO;SC;09/2020;50.819;0;9;25;14;0;0;0;47;9;560;1.628;3.388;2.361;3.435;0;11.381;18;361;1.022;1.873;439;1;0;3.713;0;0;0;0;0;0;0;0;0;28;1;0;0;0;0;29;129;2.289;9.643;6.740;5.120;7.501;0;31.423;78;647;1.436;1.541;417;99;8;4.227;0
COOPERATIVA DE CRÉDITO RURAL E ECONOMIA COM INTERAÇÃO SOLIDÁRIA DE ARATIBA – CRESOL ARATIBA;4.565.791;b3S;I;2;S5;9;ARATIBA;RS;09/2020;50.804;0;0;0;0;0;0;0;0;12;564;1.603;2.159;735;359;0;5.433;13;202;553;969;158;1;0;1.897;0;0;0;0;0;0;0;0;0;36;6;0;0;0;0;43;62;3.084;14.597;6.847;5.155;7.406;0;37.152;120;1.373;1.749;2.085;641;304;7;6.280;0
COOPERATIVA DE CRÉDITO RURAL COM INTERAÇÃO SOLIDÁRIA DE POUSO REDONDO - CRESOL POUSO REDONDO;10.453.077;b3S;I;2;S5;9;POUSO REDONDO;SC;09/2020;50.581;0;0;0;0;0;0;0;0;85;708;2.146;3.683;1.439;766;0;8.827;13;167;474;1.202;600;10;0;2.465;0;0;0;0;0;0;0;0;6;75;15;0;0;0;0;96;74;1.724;9.953;5.060;4.040;6.686;0;27.536;176;1.377;3.035;3.974;1.621;1.454;19;11.656;0
COOPERATIVA DE ECONOMIA E CRÉDITO MÚTUO DOS PROFISSIONAIS DA SAÚDE DA REGIÃO DA ALTA MOGIANA - SICOOB CREDIMOGIANA;69.346.856;b3S;I;2;S5;9;FRANCA;SP;09/2020;50.009;43;639;1.837;2.532;636;304;0;5.992;202;3.155;13.745;13.084;4.033;823;0;35.041;6;436;1.288;2.326;324;0;0;4.380;0;0;0;0;0;0;0;0;0;0;0;0;0;0;0;0;0;0;0;0;0;0;0;0;332;2.251;470;675;403;330;136;4.597;0
COOPERATIVA DE ECONOMIA E CRÉDITO MÚTUO DOS MILITARES ESTADUAIS DE SANTA CATARINA - CREDPOM;4.572.960;b3S;I;2;S5;9;FLORIANOPOLIS;SC;09/2020;49.828;110;2.563;7.529;16.083;11.231;10.703;0;48.219;32;77;961;184;58;8;0;1.321;0;1;4;2;0;0;0;6;0;0;0;0;0;0;0;0;0;0;0;0;0;0;0;0;0;0;0;0;0;0;0;0;134;148;0;0;0;0;0;282;0
COOPERATIVA DE CREDITO DE LIVRE ADMISSAO DO CENTRO NORDESTE MINEIRO LTDA - SICOOB CREDICENM;2.173.447;b3S;I;2;S5;9;GUANHAES;MG;09/2020;49.596;37;1.252;2.373;5.900;4.631;4.801;0;18.994;101;1.424;3.828;6.523;2.349;677;0;14.902;0;131;371;719;160;0;0;1.381;0;0;0;0;0;0;0;0;0;0;0;0;0;0;0;0;0;838;2.522;5.316;1.332;126;0;10.134;216;3.501;449;19;0;0;0;4.185;0
COOPERATIVA DE CRÉDITO DE LIVRE ADMISSÃO DE RIO VERDE E REGIÃO LTDA.;9.033.698;b3S;I;2;S5;9;RIO VERDE;GO;09/2020;48.537;0;24;72;63;0;0;0;158;9;850;3.045;8.675;1.219;262;0;14.059;3;555;1.745;3.474;1.079;27;0;6.882;0;0;0;0;0;0;0;0;0;0;0;0;0;0;0;0;236;1.415;11.486;6.976;2.511;525;0;23.149;21;960;978;1.859;470;0;0;4.288;0
BANCO LUSO BRASILEIRO S.A.;59.118.133;b1;I;2;S4;8;SAO PAULO;SP;09/2020;48.524;2;0;0;0;0;0;0;2;0;366;23.098;1.573;5;0;0;25.042;0;986;2.805;2.954;182;0;0;6.927;238;412;1.047;2.709;2.653;7.625;683;15.367;0;0;0;0;0;0;0;0;0;0;0;0;0;0;0;0;5;179;313;573;114;2;0;1.186;0
COOPERATIVA DE CRÉDITO DO MÉDIO SUL BAIANO LTDA. – SICOOB COSTA DO DESCOBRIMENTO;1.205.736;b3S;I;2;S5;9;ITAMARAJU;BA;09/2020;48.509;8;172;281;446;246;14;0;1.166;260;2.228;4.867;5.102;996;0;0;13.453;92;289;840;1.397;299;0;0;2.917;0;0;0;0;0;0;0;0;0;0;0;0;0;0;0;0;145;5.071;15.235;5.122;0;0;0;25.572;536;3.736;895;171;62;0;0;5.400;0
MODAL;51.963;b1;C;2;S4;199;RIO DE JANEIRO;RJ;09/2020;48.443;0;0;0;0;0;0;0;0;59;3.528;3.976;1.380;5.622;0;0;14.566;0;0;0;0;0;0;0;0;0;0;0;0;0;0;0;0;32;3.039;832;0;0;0;0;3.903;0;0;0;0;0;0;0;0;10.932;7.375;10.501;1.167;0;0;0;29.974;0
COOPERATIVA DE CRÉDITO DO CENTRO LESTE E NORTE MARANHENSE - SICOOB CENTRO LESTE E NORTE MARANHENSE;9.403.026;b3S;I;2;S5;9;GRAJAU;MA;09/2020;48.273;23;170;493;460;4;0;0;1.149;147;1.128;3.122;2.937;210;0;0;7.544;0;22;50;97;46;0;0;216;0;0;0;0;0;0;0;0;0;0;0;0;0;0;0;0;64;1.917;2.368;16.240;12.292;0;0;32.881;756;5.008;720;0;0;0;0;6.484;0
COOPERATIVA DE CRÉDITO RURAL DE SÃO MIGUEL DO OESTE - SULCREDI/SÃO MIGUEL;8.253.539;b3S;I;2;S5;9;SAO MIGUEL D'OESTE;SC;09/2020;47.859;0;0;0;0;0;0;0;0;162;3.851;8.160;9.414;2.527;726;0;24.841;0;5;15;42;0;0;0;62;0;0;0;0;0;0;0;0;0;0;0;0;0;0;0;0;8;64;289;242;0;0;0;603;227;3.510;5.206;6.230;3.508;3.556;117;22.354;0
COOPERATIVA DE CRÉDITO DOS MAGISTRADOS, SERVIDORES DA JUSTIÇA DO ESTADO DE GOIÁS E EMPREGADOS DA CELG LTDA.;9.552.111;b3S;I;2;S5;9;GOIANIA;GO;09/2020;47.846;120;2.355;6.455;16.892;8.398;3.246;0;37.466;85;1.600;2.164;2.459;688;359;0;7.355;10;150;423;836;103;0;0;1.522;0;0;0;0;0;0;0;0;0;0;0;0;0;0;0;0;0;0;0;0;0;0;0;0;203;1.246;39;16;0;0;0;1.504;0
COOPERATIVA DE ECONOMIA E CRÉDITO MÚTUO DOS MÉDICOS E DEMAIS PROFISSIONAIS DA ÁREA DE SAÚDE DE NÍVEL SUPERIOR DE JUIZ DE FORA LTDA. - UNICRED JUIZ DE FORA;71.479.653;b3S;I;2;S5;9;JUIZ DE FORA;MG;09/2020;46.769;0;0;0;0;0;0;0;0;35;3.118;8.437;13.897;5.764;4.783;5;36.038;0;493;1.346;2.273;640;2;0;4.755;0;70;203;490;417;1.150;1;2.329;0;1;0;0;0;0;0;1;0;0;0;0;0;0;0;0;23;620;1.511;698;185;602;8;3.646;0
COOPERATIVA DE CREDITO CREDIAGRO LTDA. - SICOOB CREDIAGRO;429.890;b3S;I;2;S5;9;CAMPOS ALTOS;MG;09/2020;46.708;0;0;0;0;0;0;0;0;684;2.704;4.856;6.586;427;86;0;15.342;3;108;279;490;161;0;0;1.041;0;0;0;0;0;0;0;0;0;0;0;0;0;0;0;0;82;10.539;7.003;6.856;2.285;1.978;0;28.744;100;1.012;428;40;0;0;0;1.581;0
COOPERATIVA DE CRÉDITO DE LIVRE ADMISSÃO DE CAMPOS GERAIS E CAMPO DO MEIO LTDA - SICOOB CREDCAM;71.146.450;b3S;I;2;S5;9;CAMPOS GERAIS;MG;09/2020;46.587;0;52;117;157;33;0;0;359;169;7.740;8.026;3.239;121;0;0;19.295;14;103;244;388;74;0;0;821;0;0;0;0;0;0;0;0;0;0;0;0;0;0;0;0;16;8.810;4.599;8.680;2.437;486;0;25.027;63;189;405;310;117;0;0;1.084;0
COOPERATIVA DE CRÉDITO DE LIVRE ADMISSÃO DE ASSOCIADOS NOVA TRENTO   SICOOB TRENTOCREDI SC;2.641.969;b3S;I;2;S5;9;NOVA TRENTO;SC;09/2020;46.371;0;131;317;765;516;499;0;2.228;200;2.320;6.115;9.881;3.219;668;0;22.402;54;1.791;4.817;9.318;2.804;6;0;18.791;0;0;0;0;0;0;0;0;0;0;0;0;0;0;0;0;0;48;80;141;159;213;0;641;220;1.540;372;68;86;22;0;2.309;0
COOPERATIVA DE ECONOMIA CRÉDITO MÚTUO MAGISTRADOS MEMBROS SERVIDORES PODER JUDICIÁRIO MINISTÉRIO PÚBLICO DEFENSORIA PÚBLICA PGE PGM  POLÍCIA JUDICIÁRIA OFICIAIS REGISTRADORES CEARÁ SICREDI COOPERJURIS;8.041.950;b3S;I;2;S5;9;FORTALEZA;CE;09/2020;46.016;20;2.018;5.975;13.979;10.821;10.719;0;43.532;17;212;186;247;43;0;0;705;0;18;61;138;85;2;0;305;0;0;0;0;0;0;0;0;58;841;239;0;0;0;0;1.138;0;0;0;0;0;0;0;0;109;95;28;65;40;0;0;337;0
COOPERATIVA DE CRÉDITO, POUPANÇA E INVESTIMENTO DO NOROESTE DO ESTADO DE SÃO PAULO - SICREDI NOROESTE SP;3.065.046;b3S;I;2;S4;9;SAO JOSE DO RIO PRETO;SP;09/2020;45.876;34;533;1.403;1.938;281;3;0;4.193;95;1.870;3.995;4.971;364;0;0;11.296;21;804;2.135;2.986;374;0;0;6.320;0;0;0;0;0;0;0;0;410;6.454;2.141;1;0;0;0;9.006;0;40;231;291;125;0;0;688;331;3.076;3.018;4.338;2.115;1.494;0;14.373;0
COOPERATIVA DE CRÉDITO DE LIVRE ADMISSÃO DE ASSOCIADOS URUBICI - SICOOB CREDIARAUCÁRIA/SC;2.587.492;b3S;I;2;S5;9;URUBICI;SC;09/2020;45.796;7;171;352;744;377;366;0;2.016;500;1.117;3.081;5.222;2.631;1.142;1;13.694;105;364;958;1.600;490;3;0;3.521;0;0;0;0;0;0;0;0;0;0;0;0;0;0;0;0;57;1.602;14.278;4.470;2.940;1.424;0;24.771;465;855;69;163;73;170;0;1.794;0
COOPERATIVA DE CRÉDITO RURAL DE IRAÍ DE MINAS LTDA -SICOOB CREDIMIL;71.207.740;b3S;I;2;S5;9;IRAI DE MINAS;MG;09/2020;45.466;0;0;0;0;0;0;0;0;0;1.269;2.519;237;46;0;0;4.070;0;0;0;0;0;0;0;0;0;0;0;0;0;0;0;0;0;0;0;0;0;0;0;0;0;3.168;33.280;2.402;1.058;1.100;0;41.009;0;385;1;0;0;0;0;387;0
COOPERATIVA DE ECONOMIA E CRÉDITO MÚTUO UNICRED IJUÍ LTDA - UNICRED IJUÍ;1.526.924;b3S;I;2;S5;9;IJUI;RS;09/2020;45.175;0;0;0;0;0;0;0;0;61;3.031;7.772;12.816;5.270;3.540;2;32.491;22;597;1.589;2.391;635;2;0;5.235;2;114;324;736;491;684;0;2.350;0;0;0;0;0;0;0;0;0;0;0;0;0;0;0;0;16;1.338;1.036;1.360;720;628;0;5.098;0
COOPERATIVA DE CRÉDITO RURAL E ECONOMIA COM INTERAÇÃO SOLIDÁRIA CONCÓRDIA - CRESOL CONCÓRDIA;5.425.526;b3S;I;2;S5;9;CONCORDIA;SC;09/2020;45.025;0;0;0;0;0;0;0;0;7;576;1.746;3.287;1.506;882;50;8.054;37;488;1.405;2.805;603;2;0;5.340;0;0;0;0;0;0;0;0;0;19;1;0;0;0;0;20;4;2.262;5.142;6.364;4.628;6.765;0;25.165;159;791;1.647;2.477;932;434;5;6.445;0
COOPERATIVA DE ECONOMIA E CRÉDITO MÚTUO DOS FUNCIONÁRIOS DO ATACADÃO;52.046.299;b3S;I;2;S5;9;SAO PAULO;SP;09/2020;44.942;1.106;8.702;20.764;9.617;67;0;0;40.256;0;0;0;0;0;0;0;0;66;431;1.385;2.324;423;0;0;4.630;0;0;0;0;0;0;0;0;0;0;0;0;0;0;0;0;0;0;0;0;0;0;0;0;4;11;40;0;0;0;0;56;0
COOPERATIVA DE CRÉDITO MÚTUO DOS POLICIAIS FEDERAIS E SERVIDORES DA UNIÃO NO CEARÁ E LIVRE ADMISSÃO NAS MESORREGIÕES METROPOLITANA DE FORTALEZA E SUL CEARENSE - SICOOB CEARÁ;3.620.772;b3S;I;2;S5;9;FORTALEZA;CE;09/2020;44.607;37;1.457;3.380;9.356;10.348;17.016;0;41.594;7;609;722;987;69;0;0;2.393;0;0;0;0;0;0;0;0;0;0;0;0;0;0;0;0;0;0;0;0;0;0;0;0;0;0;0;0;0;0;0;0;28;562;30;0;0;0;0;620;0
COOPERATIVA DE ECONOMIA E CRÉDITO MÚTUO DOS EMPREGADOS DO GRUPO FEMSA BRASIL;43.488.782;b3S;I;2;S5;9;SAO PAULO;SP;09/2020;44.575;227;4.034;15.249;20.876;4.156;0;0;44.543;0;1;2;0;0;0;0;3;0;1;7;22;0;0;0;30;0;0;0;0;0;0;0;0;0;0;0;0;0;0;0;0;0;0;0;0;0;0;0;0;0;0;0;0;0;0;0;0;0
COOPERATIVA DE CREDITO DO PLANALTO SUL - SICOOB CREDISSERRANA;3.033.469;b3S;I;2;S5;9;LAGES;SC;09/2020;44.326;29;368;1.001;2.243;1.850;2.296;0;7.787;116;778;1.483;1.522;476;156;25;4.556;2;119;273;583;177;1;0;1.155;0;0;0;0;0;0;0;0;0;0;0;0;0;0;0;0;388;2.385;11.084;8.429;3.347;969;0;26.601;265;2.832;792;161;90;87;0;4.227;0
COOPERATIVA DE CRÉDITO DE LIVRE ADMISSÃO DA REGIÃO LESTE DA BACIA DO RIO DOCE LTDA   SICOOB CREDILESTE;5.158.093;b3S;I;2;S5;9;CARATINGA;MG;09/2020;44.109;0;0;0;0;0;0;0;0;343;2.092;5.800;11.246;6.009;5.262;0;30.752;13;701;1.863;3.657;1.279;4;0;7.516;0;0;0;0;0;0;0;0;0;0;0;0;0;0;0;0;0;0;0;0;0;0;0;0;396;2.150;1.060;1.776;460;0;0;5.841;0
COOPERATIVA DE ECONOMIA E CRÉDITO MÚTUO DOS EMPREGADOS DE FURNAS E DAS DEMAIS EMPRESAS DO SISTEMA ELETROBRÁS LTDA. – SICOOB CECREMEF;33.370.115;b3S;I;2;S5;9;RIO DE JANEIRO;RJ;09/2020;44.068;774;2.783;7.285;14.056;5.231;276;0;30.406;296;1.066;2.273;4.742;1.711;407;0;10.495;17;153;386;425;43;0;0;1.025;0;0;0;0;0;0;0;0;0;0;0;0;0;0;0;0;0;0;0;0;0;0;0;0;251;1.891;0;0;0;0;0;2.141;0
UNIPRIME CAMPOS GERAIS - COOPERATIVA DE CRÉDITO LTDA.;3.234.384;b3S;I;2;S5;9;PONTA GROSSA;PR;09/2020;43.724;0;0;0;0;0;0;0;0;27;1.272;3.600;6.396;3.125;4.645;0;19.065;0;629;1.825;2.857;658;4;0;5.973;0;132;445;1.018;704;986;112;3.397;0;0;0;0;0;0;0;0;0;0;0;0;0;0;0;0;4;1.053;2.984;5.242;2.800;3.206;0;15.290;0
COOPERATIVA DE ECONOMIA E CREDITO MUTUO SICOOB COOPERCREDI - SP;915.950;b3S;I;2;S5;9;SAO PAULO;SP;09/2020;43.547;530;3.413;7.056;15.906;10.832;1.947;0;39.684;206;417;799;1.005;259;78;0;2.764;3;41;107;192;44;0;0;387;0;0;0;0;0;0;0;0;0;0;0;0;0;0;0;0;0;0;0;0;0;0;0;0;362;317;30;2;0;1;0;713;0
COOPERATIVA DE CRÉDITO DE LIVRE ADMISSÃO DA GRANDE GOIÂNIA LTDA.;10.209.619;b3S;I;2;S5;9;GOIANIA;GO;09/2020;43.313;604;447;1.201;2.340;1.033;34;0;5.659;973;2.860;7.400;12.294;3.913;997;0;28.436;27;242;670;1.480;18;0;0;2.438;0;0;0;0;0;0;0;0;0;0;0;0;0;0;0;0;0;0;0;0;0;0;0;0;2.736;3.711;326;6;0;0;0;6.780;0
COOPERATIVA DE CRÉDITO DE LIVRE ADMISSÃO DE ASSOCIADOS DO MEIO OESTE CATARINENSE - SICOOB CREDIMOC SC;80.959.638;b3S;I;2;S5;9;XANXERE;SC;09/2020;43.273;0;0;0;0;0;0;0;0;274;4.496;9.372;10.450;3.226;1.590;0;29.409;1;201;575;1.441;429;0;0;2.647;0;0;0;0;0;0;0;0;0;0;0;0;0;0;0;0;0;567;5.307;1.403;898;956;0;9.131;50;374;406;611;638;7;0;2.087;0
COOPERATIVA DE CRÉDITO DE LIVRE ADMISSÃO DE CARMO DO RIO CLARO LTDA - SICOOB CREDICARMO;25.743.311;b3S;I;2;S5;9;CARMO DO RIO CLARO;MG;09/2020;42.971;0;13;33;77;19;0;0;141;19;1.299;3.643;4.344;2.097;2;0;11.403;0;41;47;81;6;0;0;176;0;0;0;0;0;0;0;0;0;0;0;0;0;0;0;0;12;12.329;9.329;6.999;1.611;198;0;30.476;105;344;326;0;0;0;0;775;0
COOPERATIVA DE ECONOMIA E CRÉDITO MÚTUO DOS EMPREGADOS DO BANRISUL;92.935.741;b3S;I;2;S5;9;PORTO ALEGRE;RS;09/2020;42.770;13;2.258;5.515;8.656;4.379;680;0;21.501;76;1.515;3.488;3.370;1.412;371;16;10.248;0;0;0;0;0;0;0;0;0;0;0;0;0;0;0;0;0;0;0;0;0;0;0;0;0;0;0;0;0;0;0;0;1;839;2.324;4.214;2.240;1.403;0;11.022;0
UNICRED REGIONAL NORTE LAGOS - COOPERATIVA DE ECONOMIA E CRÉDITO MÚTUO REGIONAL NORTE LAGOS LTDA;4.445.917;b3S;I;2;S5;9;CAMPOS DOS GOYTACAZES;RJ;09/2020;42.211;0;0;0;0;0;0;0;0;24;3.306;8.923;12.739;2.715;666;0;28.373;5;428;1.181;1.883;368;0;0;3.866;0;5;14;39;37;180;0;275;0;6;4;0;0;0;0;10;0;0;0;0;0;0;0;0;21;1.215;1.821;2.115;1.327;3.188;0;9.686;0
COOPERATIVA DE CRÉDITO E ECONOMIA COM INTERAÇÃO SOLIDÁRIA DE VITOR MEIRELES - CRESOL VITOR MEIRELES;7.320.890;b3S;I;2;S5;9;VITOR MEIRELES;SC;09/2020;41.666;0;8;7;16;7;0;0;37;91;255;1.786;1.157;460;308;0;4.057;3;104;327;631;261;15;0;1.341;0;0;0;0;0;0;0;0;3;83;14;0;0;0;0;99;303;1.732;5.949;5.714;4.204;4.746;0;22.647;812;818;3.450;4.104;1.987;2.312;3;13.485;0
COOPERATIVA DE CREDITO RURAL SEARA - CREDISEARA;204.963;b3S;I;2;S5;9;SEARA;SC;09/2020;41.546;0;0;0;0;0;0;0;0;0;3;0;0;0;0;0;3;0;0;0;0;0;0;0;0;0;0;0;0;0;0;0;0;24;4;0;0;0;0;0;29;29;3.234;7.154;2.991;1.774;1.086;0;16.269;323;4.277;7.678;9.515;2.173;1.278;0;25.245;0
COOPERATIVA DE ECONOMIA E CRÉDITO MÚTUO DOS SERVIDORES MUNICIPAIS DE SÃO JOÃO DA BOA VISTA - CREDIVISTA;74.248.949;b3S;I;2;S5;9;SAO JOAO DA BOA VISTA;SP;09/2020;41.460;0;1.559;3.921;9.597;7.374;5.807;0;28.258;0;1.019;2.284;4.373;2.415;1.381;0;11.471;0;0;0;0;0;0;0;0;0;0;0;0;0;0;0;0;0;0;0;0;0;0;0;0;0;0;0;0;0;0;0;0;73;1.657;0;0;0;0;0;1.730;0
COOPERATIVA DE CREDITO RURAL COM INTERACAO SOLIDARIA DE SARANDI-CRESOL SARANDI;5.220.243;b3S;I;2;S5;9;SARANDI;RS;09/2020;41.251;0;0;0;0;0;0;0;0;6;503;1.401;3.062;1.931;1.519;0;8.422;16;233;651;1.447;569;2;0;2.917;0;0;0;0;0;0;0;0;0;147;27;0;0;0;0;174;5;1.495;15.752;1.946;767;1.028;0;20.993;102;1.174;3.146;3.059;937;320;7;8.744;0
COOPERATIVA DE CREDITO E ECONOMIA COM INTERACAO SOLIDARIA DE CHAPECO - CRESOL CHAPECO;4.281.182;b3S;I;2;S5;9;CHAPECO;SC;09/2020;41.234;1;52;134;241;64;8;0;501;33;770;2.199;3.368;647;193;0;7.210;43;324;884;1.365;215;0;0;2.830;0;0;0;0;0;0;0;0;0;172;36;0;0;0;0;208;241;1.929;7.945;4.978;3.268;4.432;0;22.792;253;1.512;2.258;2.868;622;137;42;7.692;0
COOPERATIVA DE CRÉDITO RURAL E ECONOMIA COM INTERAÇÃO SOLIDÁRIA DE SÃO VALENTIM - CRESOL SÃO VALENTIM;3.015.152;b3S;I;2;S5;9;SAO VALENTIM;RS;09/2020;40.960;0;0;0;0;0;0;0;0;13;442;1.088;1.523;502;353;0;3.921;1;38;98;241;101;0;0;478;0;0;0;0;0;0;0;0;0;50;13;0;0;0;0;63;0;2.460;14.955;5.040;3.205;3.898;0;29.558;190;1.619;1.930;2.388;576;235;2;6.940;0
COOPERATIVA DE CRÉDITO DE LIVRE ADMISSÃO DAS MICRO-REGIÕES DE GOIÂNIA E ANÁPOLIS LTDA;2.935.307;b3S;I;2;S5;9;GOIANIA;GO;09/2020;40.798;0;0;0;0;0;0;0;0;175;2.495;7.483;10.026;2.806;1.103;0;24.088;86;218;477;717;89;0;0;1.587;0;0;0;0;0;0;0;0;0;0;0;0;0;0;0;0;0;0;0;1.590;1.190;0;0;2.780;283;3.268;2.999;3.895;1.062;836;0;12.342;0
COOPERATIVA DE CRÉDITO DOS MÉDICOS, SERVIDORES PÚBLICOS E EMPRESÁRIOS DO NORDESTE LTDA - UNICRED DO NORDESTE;2.602.922;b3S;I;2;S5;9;FEIRA DE SANTANA;BA;09/2020;40.754;117;833;2.684;4.332;2.226;1.358;0;11.551;359;2.525;6.407;9.723;3.325;2.296;35;24.670;11;165;445;557;135;9;0;1.322;0;74;212;432;315;452;0;1.485;0;0;0;0;0;0;0;0;0;0;0;0;0;0;0;0;96;522;585;231;148;143;0;1.726;0
COOPERATIVA DE CRÉDITO DE LIVRE ADMISSÃO E DOS ADVOGADOS LTDA. - SICOOB CREDIJUR;2.480.577;b3S;I;2;S5;9;GOIANIA;GO;09/2020;40.523;0;0;0;0;0;0;0;0;1.200;3.489;6.666;11.334;3.024;1.999;0;27.711;32;426;1.048;1.256;137;5;0;2.904;0;0;0;0;0;0;0;0;0;0;0;0;0;0;0;0;0;0;0;0;0;0;0;0;1.157;3.208;1.964;1.740;888;951;0;9.908;0
COOPERATIVA DE ECONOMIA E CRÉDITO MÚTUO DOS SERVIDORES PÚBLICOS NO ESTADO DO ESPÍRITO SANTO;1.330.295;b3S;I;2;S5;9;VITORIA;ES;09/2020;40.374;70;1.188;4.010;9.478;7.836;6.139;0;28.721;5;3.139;2.905;3.082;320;27;0;9.478;0;139;374;617;104;0;0;1.234;0;0;0;0;0;0;0;0;0;0;0;0;0;0;0;0;0;0;0;0;0;0;0;0;436;493;8;4;0;0;0;941;0
COOPERATIVA DE CREDITO DE LIVRE ADMISSÃO DO VALE DO GORUTUBA LTDA - SICOOB CREDIVAG;25.404.542;b3S;I;2;S5;9;JANAUBA;MG;09/2020;40.290;0;0;0;0;0;0;0;0;119;4.470;7.391;5.524;359;7;0;17.870;0;112;296;583;80;0;0;1.072;0;0;0;0;0;0;0;0;0;0;0;0;0;0;0;0;94;1.932;4.362;5.482;2.172;4.046;0;18.089;141;2.065;1.054;0;0;0;0;3.260;0
COOPERATIVA DE CRÉDITO E ECONOMIA COM INTERAÇÃO SOLIDARIA DE PORTO XAVIER – CRESOL PORTO XAVIER;5.442.759;b3S;I;2;S5;9;PORTO XAVIER;RS;09/2020;40.177;0;0;0;0;0;0;0;0;6;345;967;1.926;1.087;842;1;5.172;18;169;468;866;211;0;0;1.732;0;0;0;0;0;0;0;0;0;1;0;0;0;0;0;1;140;2.338;12.078;5.088;3.402;4.190;0;27.236;151;1.134;2.341;2.081;298;25;5;6.036;0
COOPERATIVA DE CRÉDITO SICOOB TRANSAMAZÔNICA;24.431.221;b3S;I;2;S5;9;PACAJA;PA;09/2020;40.104;11;135;304;528;158;4;0;1.138;1.374;5.181;23.185;3.856;350;0;0;33.946;0;41;247;534;108;0;0;930;0;0;0;0;0;0;0;0;0;0;0;0;0;0;0;0;0;0;0;0;0;0;0;0;2.405;1.533;151;0;0;0;0;4.090;0
COOPERATIVA DE CRÉDITO DE LIVRE ADMISSÃO DO ACRE LTDA.;5.439.425;b3S;I;2;S5;9;RIO BRANCO;AC;09/2020;40.089;0;0;0;0;0;0;0;0;0;12.815;15.882;915;0;0;0;29.613;10;711;1.707;1.640;1;0;0;4.070;0;0;0;0;0;0;0;0;0;0;0;0;0;0;0;0;0;0;3.095;0;0;0;0;3.095;163;1.262;1.743;144;0;0;0;3.311;0
COOPERATIVA DE ECONOMIA E CRÉDITO MÚTUO DOS SERVIDORES DA UNIVERSIDADE FEDERAL DE VIÇOSA LTDA. - SICOOB UFVCREDI;2.794.761;b3S;I;2;S5;9;VICOSA;MG;09/2020;40.033;14;1.424;3.348;8.071;6.486;6.532;0;25.875;48;1.857;2.230;5.275;3.046;321;0;12.778;9;40;109;256;70;1;0;484;0;0;0;0;0;0;0;0;0;0;0;0;0;0;0;0;0;0;0;0;0;0;0;0;144;492;260;0;0;0;0;896;0
COOPERATIVA DE CRÉDITO DOS MILITARES E DA SEGURANÇA PÚBLICA NO DISTRITO FEDERAL LTDA. - SICOOB DFMIL;4.649.337;b3S;I;2;S5;9;BRASILIA;DF;09/2020;39.956;15;1.689;4.189;10.751;9.200;11.660;0;37.506;20;257;435;863;286;219;0;2.080;0;14;40;70;43;1;0;168;0;0;0;0;0;0;0;0;0;0;0;0;0;0;0;0;0;0;0;0;0;0;0;0;6;133;62;0;0;0;0;201;0
COOPERATIVA DE CRÉDITO SICREDI REGIÃO SUL DA BAHIA -SICREDI REGIÃO SUL DA BAHIA;97.489.280;b3S;I;2;S5;9;ITABUNA;BA;09/2020;39.857;4;583;1.603;3.780;2.595;2.857;0;11.422;51;2.315;5.772;7.052;477;172;0;15.839;3;274;748;1.168;182;0;0;2.376;0;0;0;0;0;0;0;0;13;1.510;533;1;0;0;0;2.057;0;436;2.084;2.715;0;0;0;5.234;46;1.341;472;829;215;27;0;2.930;0
COOPERATIVA DE CRÉDITO DOS PROFISSIONAIS DE SAÚDE DO TRIÂNGULO MINEIRO E SUL DE MINAS LTDA.;71.432.926;b3S;I;2;S5;9;UBERABA;MG;09/2020;39.302;0;79;165;128;9;0;0;381;15;3.216;8.375;12.501;4.509;2.883;0;31.499;1;404;964;788;36;0;0;2.193;0;105;307;659;502;586;0;2.160;0;0;0;0;0;0;0;0;0;0;0;0;0;0;0;0;5;734;641;694;481;514;0;3.069;0
COOPERATIVA DE CRÉDITO MÚTUO DOS PROFISSIONAIS DE NÍVEL SUPERIOR DA SAÚDE, ARQUITETOS E URBANISTAS DE SETE LAGOAS E REGIÃO LTDA - UNICRED SETE LAGOAS;71.163.315;b3S;I;2;S5;9;SETE LAGOAS;MG;09/2020;39.261;0;0;0;0;0;0;0;0;32;2.533;6.103;9.799;4.666;4.659;55;27.847;1;497;1.230;1.747;362;1;0;3.839;0;93;269;556;425;777;0;2.120;0;0;0;0;0;0;0;0;0;0;0;0;0;0;0;0;22;771;919;1.069;819;1.839;16;5.455;0
COOPERATIVA DE CRÉDITO RURAL COM INTERAÇÃO SOLIDÁRIA DE TIRADENTES DO SUL - CRESOL TIRADENTES DO SUL;8.805.562;b3S;I;2;S5;9;TIRADENTES DO SUL;RS;09/2020;39.260;0;0;0;0;0;0;0;0;8;781;2.650;5.291;2.688;776;0;12.194;8;72;181;347;140;0;0;748;0;0;0;0;0;0;0;0;0;44;7;0;0;0;0;51;33;1.688;14.041;2.274;1.611;2.470;0;22.116;60;770;1.659;1.196;323;139;3;4.151;0
COOPERATIVA DE CRÉDITO UNIÃO DO CENTRO OESTE DE MINAS LTDA. - SICOOB CENTRO UNIÃO;65.239.402;b3S;I;2;S5;9;CARMO DO CAJURU;MG;09/2020;39.248;0;3;0;0;0;0;0;3;142;2.849;6.788;9.496;3.089;8;0;22.371;8;299;919;1.352;237;0;0;2.814;0;0;0;0;0;0;0;0;0;0;0;0;0;0;0;0;0;1.342;1.818;3.933;921;1.216;0;9.230;187;2.356;1.055;1.029;203;0;0;4.829;0
COOPERATIVA DE CRÉDITO VALE DO CANOAS - SICOOB/SC CREDICANOAS;707.903;b3S;I;2;S5;9;ABDON BATISTA;SC;09/2020;39.068;0;98;212;478;165;0;0;954;278;1.708;4.352;5.868;2.217;910;0;15.333;19;558;1.552;2.743;942;2;0;5.815;0;0;0;0;0;0;0;0;0;0;0;0;0;0;0;0;7;677;10.506;1.875;1.003;522;0;14.590;64;1.765;257;232;58;0;0;2.377;0
CREDISAN COOPERATIVA DE CRÉDITO;62.109.566;b3S;I;2;S5;9;SAO JOAO DA BOA VISTA;SP;09/2020;38.738;0;0;0;0;0;0;0;0;0;0;0;0;0;0;0;0;14;683;1.580;2.184;215;0;0;4.677;0;0;0;0;0;0;0;0;0;0;0;0;0;0;0;0;0;0;0;0;0;0;0;0;476;13.863;13.635;5.789;231;67;0;34.061;0
COOPERATIVA DE CRÉDITO NORTE SUL DA BAHIA LTDA - SICOOB NORTE SUL;2.876.918;b3S;I;2;S5;9;GANDU;BA;09/2020;38.687;37;763;2.150;5.976;5.568;8.244;0;22.738;207;1.293;4.171;4.032;531;14;0;10.247;9;143;378;682;142;0;0;1.354;0;0;0;0;0;0;0;0;0;0;0;0;0;0;0;0;68;1.292;2.062;118;0;0;0;3.541;255;537;15;0;0;0;0;806;0
COOPERATIVA DE ECONOMIA E CRÉDITO MÚTUO DOS FUNCIONÁRIOS DA NESTLÉ - CREDI NESTLÉ;62.562.012;b3S;I;2;S5;9;SAO PAULO;SP;09/2020;38.518;153;3.265;13.092;19.563;2.043;0;0;38.116;88;193;72;47;1;0;0;401;0;0;0;0;0;0;0;0;0;0;0;0;0;0;0;0;0;0;0;0;0;0;0;0;0;0;0;0;0;0;0;0;0;0;0;0;0;0;0;0;0
COOPERATIVA DE CRÉDITO RURAL COM INTERAÇÃO SOLIDÁRIA DE APIÚNA - CRESOL APIÚNA;7.215.632;b3S;I;2;S5;9;APIUNA;SC;09/2020;38.373;0;0;0;0;0;0;0;0;35;500;1.768;3.585;2.194;1.170;0;9.252;8;109;318;685;261;2;0;1.383;0;0;0;0;0;0;0;0;1;65;15;0;0;0;0;81;85;965;5.418;3.305;2.473;4.104;0;16.349;70;878;2.719;3.537;1.999;2.100;4;11.308;0
COOPERATIVA DE ECONOMIA E CRÉDITO MÚTUO DOS SERVIDORES DA FUNDAÇÃO HOSPITALAR E EMPREGADOS DOS ESTABELECIMENTOS HOSPITALARES DE BELO HORIZONTE, REGIÃO METROPOLITANA E ZONA DA MATA LTDA.- SICOOB CECREF;19.402.130;b3S;I;2;S5;9;BELO HORIZONTE;MG;09/2020;38.324;141;2.580;6.365;12.935;7.785;6.289;0;36.096;44;389;593;669;22;0;0;1.717;6;37;86;71;0;0;0;200;0;0;0;0;0;0;0;0;0;0;0;0;0;0;0;0;0;0;0;0;0;0;0;0;22;289;0;0;0;0;0;312;0
COOPERATIVA DE CRÉDITO DO VALE DO SÃO FRANCISCO - SICREDI VALE DO SÃO FRANCISCO;4.237.413;b3S;I;2;S5;9;PETROLINA;PE;09/2020;38.240;20;1.443;4.130;8.842;5.844;4.765;0;25.044;88;1.158;2.239;2.312;218;8;0;6.023;0;208;584;1.149;229;0;0;2.171;0;0;0;0;0;0;0;0;146;1.421;543;3;0;0;0;2.113;0;0;0;0;0;0;0;0;134;622;635;1.000;484;13;0;2.888;0
COOPERATIVA DE ECONOMIA E CRÉDITO MÚTUO DOS FUNCIONÁRIOS DA CEPLAC LTDA. - SICOOB COOPEC;32.615.247;b3S;I;2;S5;9;ILHEUS;BA;09/2020;37.710;21;1.463;3.388;8.218;6.573;6.514;0;26.177;79;2.167;2.794;4.359;337;5;0;9.740;0;0;0;0;0;0;0;0;0;0;0;0;0;0;0;0;0;0;0;0;0;0;0;0;0;0;0;0;0;0;0;0;22;1.180;588;3;0;0;0;1.793;0
COOPERATIVA DE CRÉDITO, POUPANÇA E INVESTIMENTO DA REGIÃO DAS FLORES, DAS ÁGUAS E DOS VENTOS SP - SICREDI FORÇA DOS VENTOS SP;57.647.653;b3S;I;2;S4;9;JAGUARIUNA;SP;09/2020;37.699;49;507;1.451;1.800;200;18;0;4.025;94;1.177;2.695;2.806;729;468;0;7.968;6;270;734;1.288;371;5;0;2.674;0;0;0;0;0;0;0;0;216;3.994;1.229;0;0;0;0;5.440;0;733;5.248;577;447;0;0;7.005;208;1.485;1.581;2.990;1.569;2.691;64;10.588;0
COOPERATIVA DE ECONOMIA E CREDITO MUTUO DOS EMPREGADOS DAS EMPRESAS RANDON;89.280.960;b3S;I;2;S5;9;CAXIAS DO SUL;RS;09/2020;37.377;385;3.987;10.013;17.749;3.587;5;0;35.727;99;604;291;483;108;66;0;1.650;0;0;0;0;0;0;0;0;0;0;0;0;0;0;0;0;0;0;0;0;0;0;0;0;0;0;0;0;0;0;0;0;0;0;0;0;0;0;0;0;0
COOPERATIVA DE CRÉDITO SICOOB IPÊ - SICOOB IPÊ;24.610.065;b3S;I;2;S5;9;CAMPO GRANDE;MS;09/2020;37.362;97;1.129;4.353;11.529;7.856;10.607;0;35.571;47;214;199;352;77;0;0;888;0;45;122;255;133;0;0;555;0;0;0;0;0;0;0;0;0;0;0;0;0;0;0;0;0;0;0;0;0;0;0;0;86;49;205;7;0;0;0;347;0
COOPERATIVA DE CRÉDITO, POUPANÇA E INVESTIMENTO DOS MÉDICOS E DEMAIS PROFISSIONAIS DA SAÚDE E LIVRE ADMISSÃO MINAS - ESPÍRITO SANTO LTDA. - UNICRED MINAS - ES;1.110.032;b3S;I;2;S5;9;VITORIA;ES;09/2020;37.334;0;0;0;0;0;0;0;0;19;2.869;8.122;12.239;4.503;3.152;0;30.905;0;284;746;825;155;4;0;2.014;0;16;47;104;85;124;0;375;0;0;0;0;0;0;0;0;0;0;0;0;0;0;0;0;21;785;915;878;646;794;0;4.040;0
COOPERATIVA DE CRÉDITO E INVESTIMENTOS DE RONDÔNIA – SICOOB CREDJURD;4.751.713;b3S;I;2;S5;9;PORTO VELHO;RO;09/2020;37.087;45;1.339;3.244;8.646;6.541;7.567;0;27.381;239;919;1.544;4.592;1.720;66;0;9.080;0;7;21;63;4;0;0;95;0;0;0;0;0;0;0;0;0;0;0;0;0;0;0;0;0;0;0;0;0;0;0;0;290;241;0;0;0;0;0;531;0
COOPERATIVA DE CRÉDITO DE LIVRE ADMISSÃO DA MARGEM ESQUERDA DO URUCUIA E SÃO FRANCISCO LTDA - SICOOB CREDICHAPADA;14.046.512;b3S;I;2;S5;9;CHAPADA GAUCHA;MG;09/2020;36.628;15;277;586;1.307;568;36;0;2.789;201;596;1.542;2.858;1.344;443;0;6.984;16;71;187;239;59;0;0;573;0;0;0;0;0;0;0;0;0;0;0;0;0;0;0;0;124;2.375;9.989;8.316;4.430;127;0;25.362;332;371;201;17;0;0;0;920;0
COOPERATIVA DE ECONOMIA E CRÉDITO MÚTUO DOS PROFISSIONAIS DA ÁREA NOTARIAL E REGISTRAL - COOPNORE;7.714.057;b3S;I;2;S5;9;PORTO ALEGRE;RS;09/2020;36.587;0;0;0;0;0;0;0;0;292;3.810;9.034;9.476;741;0;0;23.352;19;80;202;221;32;0;0;553;0;0;0;0;0;0;0;0;0;0;0;0;0;0;0;0;0;0;0;0;0;0;0;0;181;1.345;3.908;5.310;1.632;305;0;12.682;0
COOPERATIVA DE CRÉDITO SICOOB CREDCOOP LTDA.;2.528.151;b3S;I;2;S5;9;VITORIA DA CONQUISTA;BA;09/2020;36.542;72;1.470;3.186;7.853;7.217;13.002;0;32.800;64;239;576;1.109;334;81;0;2.402;18;72;207;523;104;0;0;924;0;0;0;0;0;0;0;0;0;0;0;0;0;0;0;0;0;0;0;0;0;0;0;0;190;225;0;0;0;0;0;415;0
COOPERATIVA DE CRÉDITO DE LIVRE ADMISSÃO DE ASSOCIADOS SICOOB ECOCREDI;11.565.109;b3S;I;2;S5;9;TRES COROAS;RS;09/2020;36.331;0;0;1;3;3;0;0;8;509;1.480;5.632;9.798;2.354;233;0;20.005;0;149;512;917;216;6;0;1.801;0;0;0;0;0;0;0;0;0;0;0;0;0;0;0;0;1.125;1.579;4.982;2.708;308;8;0;10.711;534;385;624;574;1.099;590;0;3.807;0
COOPERATIVA DE CRÉDITO DE LIVRE ADMISSÃO DA REGIÃO DE DIVINÓPOLIS LTDA - SICOOB CREDIVERDE;25.528.753;b3S;I;2;S5;9;DIVINOPOLIS;MG;09/2020;35.750;0;100;83;87;18;0;0;288;127;2.703;7.050;10.782;2.581;1;0;23.244;10;227;683;1.115;156;0;0;2.191;0;0;0;0;0;0;0;0;0;0;0;0;0;0;0;0;8;491;1.688;2.785;1.307;0;0;6.279;532;2.669;514;34;0;0;0;3.749;0
COOPERATIVA DE ECONOMIA E CRÉDITO MÚTUO DO GRUPO BASF;74.244.344;b3S;I;2;S5;9;SAO PAULO;SP;09/2020;35.721;0;2.205;9.331;18.549;5.030;0;0;35.115;587;18;0;0;0;0;0;605;0;0;0;0;0;0;0;0;0;0;0;0;0;0;0;0;0;0;0;0;0;0;0;0;0;0;0;0;0;0;0;0;0;0;0;0;0;0;0;0;0
COOPERATIVA DE CRÉDITO DE LIVRE ADMISSÃO DE ANÁPOLIS E REGIÃO LTDA;33.615.055;b3S;I;2;S5;9;ANAPOLIS;GO;09/2020;35.661;0;3;9;18;0;0;0;31;408;3.027;3.666;5.791;1.699;454;0;15.045;21;449;1.207;1.781;125;0;0;3.583;0;0;0;0;0;0;0;0;0;0;0;0;0;0;0;0;0;1.273;6.302;3.885;143;1;0;11.605;434;4.443;401;5;113;0;0;5.397;0
COOPERATIVA DE CRÉDITO DE LIVRE ADMISSÃO DE BAMBUÍ LTDA. - SICOOB CREDIBAM;66.259.110;b3S;I;2;S5;9;BAMBUI;MG;09/2020;35.614;40;416;1.117;1.277;110;0;0;2.959;95;2.239;4.630;4.311;502;321;0;12.099;10;194;476;665;35;0;0;1.379;0;0;0;0;0;0;0;0;0;0;0;0;0;0;0;0;796;2.154;6.861;5.576;296;298;0;15.982;306;2.316;573;0;0;0;0;3.194;0
COOPERATIVA DE CREDITO DE LIVRE ADMISSAO DO VALE DO AÇO LTDA - SICOOB VALE DO AÇO;19.869.338;b3S;I;2;S5;9;IPATINGA;MG;09/2020;35.566;145;1.040;3.767;7.085;1.088;29;0;13.153;112;1.383;3.633;7.751;2.073;42;0;14.994;26;452;1.225;2.169;206;0;0;4.078;0;0;0;0;0;0;0;0;0;0;0;0;0;0;0;0;0;0;205;316;80;0;0;601;435;489;674;564;578;0;0;2.740;0
COOPERATIVA DE CRÉDITO E ECONOMIA COM INTERAÇÃO SOLIDÁRIA DE DIONÍSIO CERQUEIRA - CRESOL DIONÍSIO CERQUEIRA;2.844.024;b3S;I;2;S5;9;DIONISIO CERQUEIRA;SC;09/2020;35.292;0;0;0;0;0;0;0;0;36;375;1.050;1.735;525;258;0;3.978;11;108;320;417;157;1;0;1.014;0;0;0;0;0;0;0;0;0;17;4;0;0;0;0;21;166;2.160;7.234;5.197;3.855;5.552;0;24.164;225;1.111;1.580;2.070;718;400;10;6.115;0
COOPERATIVA DE CRÉDITO DE LIVRE ADMISSÃO VALE DO MUCURI LTDA. - SICOOB CREDIVALE;25.387.655;b3S;I;2;S5;9;TEOFILO OTONI;MG;09/2020;35.252;0;0;0;0;0;0;0;0;79;4.064;7.148;5.680;875;0;0;17.847;0;39;109;161;11;0;0;319;0;0;0;0;0;0;0;0;0;0;0;0;0;0;0;0;0;552;4.756;7.294;0;0;0;12.603;141;3.343;893;107;0;0;0;4.483;0
SICREDI CARIRI - COOPERATIVA DE CRÉDITO DA REGIÃO DO CARIRI;86.913.993;b3S;I;2;S5;9;JUAZEIRO DO NORTE;CE;09/2020;34.778;0;18;39;31;0;0;0;89;111;1.723;4.138;4.321;607;66;0;10.966;43;1.204;3.356;4.720;537;1;0;9.860;0;0;0;0;0;0;0;0;215;2.453;1.034;0;0;0;0;3.703;0;0;0;0;0;0;0;0;190;1.205;1.308;2.759;1.944;2.756;0;10.161;0
COOPERATIVA DE CRÉDITO DE LIVRE ADMISSÃO DO ESTADO DO PARÁ - SICOOB COOESA;83.836.114;b3S;I;2;S5;9;BELEM;PA;09/2020;34.529;33;1.286;5.108;11.187;7.064;5.885;0;30.564;46;387;1.020;1.215;217;2;0;2.887;19;42;111;254;103;3;0;532;0;0;0;0;0;0;0;0;0;0;0;0;0;0;0;0;0;0;0;0;0;0;0;0;222;169;143;10;2;0;0;546;0
COOPERATIVA DE CRÉDITO DOS FUNCIONÁRIOS DA ABB - COOPERABB;51.010.858;b3S;I;2;S5;9;GUARULHOS;SP;09/2020;34.428;87;2.112;7.680;15.886;7.383;1.188;0;34.336;8;62;8;11;3;0;0;91;0;0;0;0;0;0;0;0;0;0;0;0;0;0;0;0;0;0;0;0;0;0;0;0;0;0;0;0;0;0;0;0;0;0;0;0;0;0;0;0;0
COOPERATIVA DE CRÉDITO DE LIVRE ADMISSÃO DO ESTADO DE SÃO PAULO - SICOOB PAULISTA;10.262.276;b3S;I;2;S5;9;PRESIDENTE PRUDENTE;SP;09/2020;34.150;43;442;1.402;1.586;23;0;0;3.495;139;3.920;10.504;7.595;1.691;319;23;24.190;0;74;188;305;124;0;0;691;0;0;0;0;0;0;0;0;0;0;0;0;0;0;0;0;0;1.246;421;526;0;0;0;2.193;298;2.381;871;30;0;0;0;3.580;0
COOPERATIVA DE CRÉDITO, POUPANÇA E INVESTIMENTO DOS INTEGRANTES DA MAGISTRATURA E DO MINISTÉRIO PÚBLICO NO ESTADO DO PARANÁ - SICREDI CREDJURIS;4.886.317;b3S;I;2;S5;9;CURITIBA;PR;09/2020;34.139;0;1.560;4.282;7.948;5.171;6.725;0;25.686;0;352;221;431;205;28;0;1.236;0;0;0;0;0;0;0;0;0;0;0;0;0;0;0;0;9;3.732;1.067;2;0;0;0;4.809;0;0;0;0;0;0;0;0;3;403;405;724;508;366;0;2.408;0
COOPERATIVA DE CRÉDITO DE LIVRE ADMISSÃO UNIÃO DO CENTRO OESTE DE MINAS LTDA - SICOOB CREDESP;1.703.620;b3S;I;2;S5;9;BOM DESPACHO;MG;09/2020;33.834;0;0;0;0;0;0;0;0;117;3.759;9.618;13.663;2.303;31;0;29.491;0;97;245;321;11;0;0;674;0;0;0;0;0;0;0;0;0;0;0;0;0;0;0;0;0;183;606;0;0;0;0;789;120;1.826;392;542;0;0;0;2.880;0
CREDITÁ S/A CRÉDITO, FINANCIAMENTO E INVESTIMENTO;12.599.971;n1;I;2;S5;14;PORTO ALEGRE;RS;09/2020;33.685;0;22;16;1;0;0;0;39;509;239;22.044;385;0;0;0;23.176;0;0;0;0;0;0;0;0;0;0;0;0;0;0;0;0;0;0;0;0;0;0;0;0;0;0;0;0;0;0;0;0;5;1.250;8.826;389;0;0;0;10.470;0
COOPERATIVA DE ECONOMIA E CRÉDITO MÚTUO DOS SERVIDORES DA JUSTIÇA DO ESTADO DE MINAS GERAIS LTDA. - SICOOB CREDJUS;4.894.460;b3S;I;2;S5;9;BELO HORIZONTE;MG;09/2020;33.655;6;2.176;4.478;10.116;8.986;7.892;0;33.655;0;0;0;0;0;0;0;0;0;0;0;0;0;0;0;0;0;0;0;0;0;0;0;0;0;0;0;0;0;0;0;0;0;0;0;0;0;0;0;0;0;0;0;0;0;0;0;0;0
COOPERATIVA DE CRÉDITO E INVESTIMENTOS DO ACRE - SICOOB ACRE;3.528.402;b3S;I;2;S5;9;RIO BRANCO;AC;09/2020;33.638;121;2.549;5.959;12.532;6.075;2.895;0;30.131;57;341;1.149;1.402;261;29;0;3.239;0;0;0;0;0;0;0;0;0;0;0;0;0;0;0;0;0;0;0;0;0;0;0;0;0;0;0;0;0;0;0;0;115;128;25;0;0;0;0;268;0
COOPERATIVA DE CRÉDITO DE LIVRE ADMISSÃO DE MARECHAL CÂNDIDO RONDON E REGIÃO - SICOOB MARECHAL;7.097.064;b3S;I;2;S5;9;MARECHAL CANDIDO RONDON;PR;09/2020;33.554;6;225;521;1.258;863;790;0;3.663;76;1.345;4.569;4.703;2.252;1.005;0;13.951;3;181;500;1.195;410;2;0;2.290;0;0;0;0;0;0;0;0;0;0;0;0;0;0;0;0;53;951;5.750;1.722;676;982;0;10.134;226;609;549;653;573;908;0;3.517;0
BIORC FINANCEIRA - CRÉDITO, FINANCIAMENTO E INVESTIMENTO S.A.;11.285.104;n1;I;2;S5;14;FLORIANOPOLIS;SC;09/2020;33.545;1.703;6.946;15.004;9.764;104;0;0;33.521;5;6;10;3;0;0;0;23;0;0;0;0;0;0;0;0;0;0;0;0;0;0;0;0;0;0;0;0;0;0;0;0;0;0;0;0;0;0;0;0;0;0;0;0;0;0;0;0;0
COOPERATIVA DE ECONOMIA E CRÉDITO MÚTUO DOS SERVIDORES DO PODER LEGISLATIVO FEDERAL E DO DISTRITO FEDERAL - SICOOB LEGISLATIVO;3.329.154;b3S;I;2;S5;9;BRASILIA;DF;09/2020;33.231;34;1.710;4.690;9.970;6.486;6.594;0;29.483;73;443;747;1.028;314;257;0;2.863;0;10;30;87;17;0;0;143;0;0;0;0;0;0;0;0;0;0;0;0;0;0;0;0;0;0;0;0;0;0;0;0;74;430;13;45;59;122;0;741;0
COOPERATIVA DE CRÉDITO DA REGIÃO DO SUDOESTE DO PARANÁ - EVOLUA;10.311.218;b3S;I;2;S5;9;FRANCISCO BELTRAO;PR;09/2020;33.147;0;0;0;0;0;0;0;0;193;2.795;6.774;8.172;1.824;514;0;20.272;9;355;992;1.644;428;7;0;3.435;0;0;0;0;0;0;0;0;0;0;0;0;0;0;0;0;0;0;0;0;0;0;0;0;489;1.884;2.580;2.888;893;705;0;9.440;0
COOPERATIVA DE CREDITO RURAL COM INTERACAO SOLIDARIA DE MARCELINO RAMOS-CRESOL MARCELINO RAMOS;5.211.129;b3S;I;2;S5;9;MARCELINO RAMOS;RS;09/2020;32.855;0;0;0;0;0;0;0;0;20;454;1.183;2.514;1.561;1.226;0;6.959;3;53;139;259;130;1;0;585;0;0;0;0;0;0;0;0;0;15;3;0;0;0;0;19;3;1.256;11.179;3.118;2.267;3.708;0;21.530;20;610;1.526;1.068;370;165;5;3.763;0
COOPERATIVA DE CRÉDITO COOPCRED;53.623.781;b3S;I;2;S5;9;VALPARAISO;SP;09/2020;32.786;0;0;0;0;0;0;0;0;18;2.004;2.991;6.125;1.673;0;0;12.812;2;267;723;1.341;402;0;0;2.735;0;0;0;0;0;0;0;0;0;0;0;0;0;0;0;0;23;3.040;6.803;2.226;85;0;0;12.178;222;2.479;2.335;25;0;0;0;5.061;0
COOPERATIVA DE CREDITO E ECONOMIA COM INTERAÇÃO SOLIDARIA DE QUILOMBO - CRESOL QUILOMBO;73.254.757;b3S;I;2;S5;9;QUILOMBO;SC;09/2020;32.541;0;0;0;0;0;0;0;0;7;440;1.212;1.924;637;261;0;4.482;2;117;324;634;194;1;0;1.272;0;0;0;0;0;0;0;0;0;35;3;0;0;0;0;39;16;2.358;9.677;3.937;2.633;3.287;0;21.908;112;770;1.675;1.464;520;299;1;4.841;0
COOPERATIVA DE CRÉDITO DE LIVRE ADMISSÃO DO SUL CATARINENSE - ACENTRA;3.427.097;b3S;I;2;S5;9;CRICIUMA;SC;09/2020;32.321;7;198;490;465;71;20;0;1.250;256;2.675;6.182;6.301;570;172;0;16.156;36;546;1.436;2.568;510;0;0;5.095;0;0;0;0;0;0;0;0;0;0;0;0;0;0;0;0;0;0;0;0;0;0;0;0;750;1.422;2.966;3.351;1.038;293;0;9.820;0
COOPERATIVA DE CRÉDITO, POUPANÇA E INVESTIMENTO DOS POLICIAIS FEDERAIS DO RIO GRANDE DO SUL E SANTA CATARINA – SICREDI POL RS/SC;3.000.142;b3S;I;2;S4;9;PORTO ALEGRE;RS;09/2020;32.309;0;1.266;3.718;8.560;6.326;5.927;0;25.797;1;600;475;533;87;0;0;1.697;0;41;122;204;16;0;0;383;0;0;0;0;0;0;0;0;24;2.921;721;1;0;0;0;3.667;0;0;0;0;0;0;0;0;9;304;75;107;55;215;0;765;0
COOPERATIVA DE CREDITO DE LIVRE ADMISSAO DE PITANGUI E REGIAO LTDA. - SICOOB CREDPIT;4.181.542;b3S;I;2;S5;9;PITANGUI;MG;09/2020;32.199;0;36;91;174;23;0;0;324;157;2.999;7.827;11.220;2.888;71;0;25.163;1;190;535;1.078;104;0;0;1.908;0;0;0;0;0;0;0;0;58;1.191;523;0;0;0;0;1.772;0;0;0;0;0;0;0;0;267;2.570;157;39;0;0;0;3.032;0
COOPERATIVA DE CRÉDITO RURAL COM INTERAÇÃO SOLIDÁRIA DE IRINEÓPOLIS - CRESOL IRINEÓPOLIS;9.433.005;b3S;I;2;S5;9;IRINEOPOLIS;SC;09/2020;31.931;0;0;0;0;0;0;0;0;254;193;1.869;1.263;107;0;0;3.685;6;76;198;414;94;0;0;787;0;0;0;0;0;0;0;0;2;76;22;0;0;0;0;101;793;620;6.409;3.301;2.329;3.949;0;17.402;404;705;5.986;2.360;439;55;5;9.955;0
COOPERATIVA DE CRÉDITO E ECONOMIA COM INTERAÇÃO SOLIDÁRIA DE FORMOSA DO SUL - CRESOL FORMOSA;5.269.976;b3S;I;2;S5;9;FORMOSA DO SUL;SC;09/2020;31.859;0;0;0;0;0;0;0;0;16;380;1.114;2.208;1.390;2.011;0;7.119;22;203;553;1.007;222;6;0;2.012;0;0;0;0;0;0;0;0;0;52;7;0;0;0;0;59;26;1.886;7.106;3.444;2.298;2.916;0;17.675;174;649;1.358;2.251;507;53;2;4.994;0
COOPERATIVA DE CRÉDITO SICOOB UNIDAS;1.042.487;b3S;I;2;S5;9;BELEM;PA;09/2020;31.738;83;1.196;2.955;7.355;5.788;10.420;0;27.796;108;426;868;907;157;61;0;2.525;18;59;147;363;152;0;0;739;0;0;0;0;0;0;0;0;0;0;0;0;0;0;0;0;0;0;0;0;0;0;0;0;236;304;139;0;0;0;0;678;0
ANDBANK;51.949;b1;C;3;S4;199;SAO PAULO;SP;09/2020;31.721;0;0;0;0;0;0;0;0;0;0;2.007;0;0;0;0;2.007;0;0;0;0;0;0;0;0;0;0;0;0;0;0;0;0;0;0;0;0;0;0;0;0;0;0;0;0;0;0;0;0;0;1.652;19.077;7.266;217;216;1.287;29.714;0
COOPERATIVA DE CRÉDITO DE LIVRE ADMISSÃO DE ASSOCIADOS DE MANAUS;1.566.038;b3S;I;2;S5;9;MANAUS;AM;09/2020;31.687;0;0;0;0;0;0;0;0;657;3.353;7.142;10.427;1.290;197;0;23.065;106;651;1.711;2.857;275;0;0;5.599;0;0;0;0;0;0;0;0;0;0;0;0;0;0;0;0;0;0;0;0;0;0;0;0;1.065;1.797;101;59;0;0;0;3.022;0
COOPERATIVA DE CRÉDITO DE LIVRE ADMISSÃO DE ITAÚNA E REGIÃO LTDA - SICOOB CENTRO-OESTE;66.463.407;b3S;I;2;S5;9;ITAUNA;MG;09/2020;31.417;14;21;32;14;0;0;0;80;143;2.587;6.965;13.121;5.528;15;0;28.360;0;74;200;333;32;1;0;641;0;0;0;0;0;0;0;0;0;0;0;0;0;0;0;0;0;0;0;0;0;0;0;0;251;1.782;108;195;0;0;0;2.336;0
COOPERATIVA DE CRÉDITO RURAL E ECONOMIA COM INTERAÇÃO SOLIDÁRIA DE JAGUARUNA – CRESOL JAGUARUNA;5.410.056;b3S;I;2;S5;9;JAGUARUNA;SC;09/2020;31.313;0;0;0;0;0;0;0;0;23;830;2.223;4.089;1.885;408;0;9.458;45;616;1.549;2.598;316;0;0;5.125;0;0;0;0;0;0;0;0;0;88;10;0;0;0;0;98;153;1.084;2.776;2.922;2.094;2.677;0;11.707;44;1.047;1.481;1.556;404;387;8;4.926;0
COOPERATIVA DE CRÉDITO DE LIVRE ADMISSÃO DE ASSOCIADOS DE CAÇADOR   SICOOB CAÇADOR SC;86.791.837;b3S;I;2;S5;9;CACADOR;SC;09/2020;31.313;0;0;0;0;0;0;0;0;190;1.398;2.722;3.929;1.112;284;0;9.636;20;482;1.339;4.105;1.796;3;0;7.745;0;0;0;0;0;0;0;0;0;0;0;0;0;0;0;0;0;135;3.451;8.960;489;278;0;13.313;36;464;119;0;0;0;0;618;0
COOPERATIVA DE CRÉDITO E ECONOMIA COM INTERAÇÃO SOLIDÁRIA DE CORONEL MARTINS - CRESOL PEDRA BRANCA;5.070.112;b3S;I;2;S5;9;CORONEL MARTINS;SC;09/2020;31.028;0;7;17;33;7;0;0;64;17;370;1.136;1.636;354;77;0;3.589;15;176;516;1.004;266;2;0;1.979;0;0;0;0;0;0;0;0;0;16;4;0;0;0;0;20;24;2.038;5.957;5.201;3.094;3.422;0;19.734;197;835;2.094;2.214;256;37;8;5.642;0
COOPERATIVA DE CREDITO DE ITAPAGIPE LTDA - SICOOB ITAPAGIPE;71.506.513;b3S;I;2;S5;9;ITAPAGIPE;MG;09/2020;30.737;0;14;31;24;0;0;0;68;35;848;1.931;1.480;194;0;0;4.488;5;178;491;725;271;2;0;1.672;0;0;0;0;0;0;0;0;0;0;0;0;0;0;0;0;53;2.364;7.472;9.757;1.380;2.855;0;23.881;77;444;106;0;0;0;0;627;0
COOPERATIVA DE ECONOMIA E CRÉDITO MÚTUO DOS MÉDICOS, DEMAIS PROFISSIONAIS DA SAÚDE E EMPRESÁRIOS DE CRUZ ALTA LTDA - SICOOB CRUZ ALTA;73.326.449;b3S;I;2;S5;9;CRUZ ALTA;RS;09/2020;30.632;0;882;1.957;2.391;42;0;0;5.273;225;1.672;5.356;9.038;2.668;1.252;0;20.211;0;99;261;486;152;2;0;1.000;0;0;0;0;0;0;0;0;0;0;0;0;0;0;0;0;0;213;2.044;0;0;0;0;2.257;77;758;274;318;241;224;0;1.891;0
COOPERATIVA DE CRÉDITO GUARANICREDI LTDA. - SICOOB GUARANICREDI;26.014.175;b3S;I;2;S5;9;GUARANI;MG;09/2020;30.298;0;21;56;120;42;0;0;239;15;1.329;3.156;5.631;1.249;10;0;11.390;0;512;1.305;2.090;255;0;0;4.162;0;0;0;0;0;0;0;0;0;0;0;0;0;0;0;0;7;2.105;3.855;5.266;1.204;100;0;12.537;47;1.874;51;0;0;0;0;1.972;0
COOPERATIVA DE CRÉDITO DE LIVRE ADMISSÃO DO CERRADO MATO-GROSSENSE - SICOOB CERRADO MT;5.247.312;b3S;I;2;S5;9;RONDONOPOLIS;MT;09/2020;30.175;1;198;560;1.287;996;265;0;3.308;1.054;2.064;5.532;3.165;912;85;0;12.812;5;81;329;635;175;0;0;1.225;0;0;0;0;0;0;0;0;0;0;0;0;0;0;0;0;0;2.599;5.574;2.404;44;12;0;10.633;578;1.065;402;151;1;0;0;2.196;0
COOPERATIVA DE CRÉDITO E INVESTIMENTO DO SUDOESTE DE RONDÔNIA LTDA. – CREDISIS SUDOESTE/RO;3.985.375;b3S;I;2;S5;9;ROLIM DE MOURA;RO;09/2020;29.933;0;0;0;0;0;0;0;0;178;2.345;3.265;3.945;995;329;0;11.057;20;158;310;376;14;0;0;878;0;0;0;0;0;0;0;0;0;0;0;0;0;0;0;0;0;1.063;8.251;1.207;0;0;0;10.521;293;3.433;2.281;1.164;270;36;0;7.477;0
COOPERATIVA DE CRÉDITO DE LIVRE ADMISSÃO DE DORES DO INDAIÁ LTDA. - SICOOB CREDINDAIÁ;71.069.587;b3S;I;2;S5;9;DORES DO INDAIA;MG;09/2020;29.595;0;0;0;0;0;0;0;0;32;1.051;3.574;6.857;2.720;22;0;14.256;2;51;131;218;36;0;0;438;0;0;0;0;0;0;0;0;0;0;0;0;0;0;0;0;0;522;4.673;5.352;1.783;1.350;0;13.680;34;954;178;21;0;33;0;1.220;0
COOPERATIVA DE CRÉDITO DE RIO RUFINO - SICOOB CREDIUNIÃO;2.448.839;b3S;I;2;S5;9;RIO RUFINO;SC;09/2020;29.510;1;40;116;241;147;18;0;563;32;1.213;3.888;3.502;694;181;0;9.510;6;253;643;1.001;133;0;0;2.037;0;0;0;0;0;0;0;0;0;0;0;0;0;0;0;0;92;266;8.953;2.175;796;688;0;12.970;239;3.543;611;38;0;0;0;4.431;0
COOPERATIVA DE ECONOMIA E CRÉDITO MÚTUO DOS EMPREGADOS DO GRUPO SCHAEFFLER;62.284.385;b3S;I;2;S5;9;SOROCABA;SP;09/2020;29.203;3;1.545;6.434;13.530;7.654;14;0;29.179;0;5;19;0;0;0;0;24;0;0;0;0;0;0;0;0;0;0;0;0;0;0;0;0;0;0;0;0;0;0;0;0;0;0;0;0;0;0;0;0;0;0;0;0;0;0;0;0;0
COOPERATIVA DE ECONOMIA E CREDITO MUTUO DOS MEDICOS E CATEGORIAS AFINS-UNICRED NITEROI LTDA;1.090.027;b3S;I;2;S5;9;NITEROI;RJ;09/2020;29.196;0;0;0;0;0;0;0;0;107;2.562;6.854;5.892;1.262;951;0;17.628;0;334;946;1.225;210;0;0;2.714;0;55;197;518;522;1.068;0;2.360;0;1;0;0;0;0;0;1;0;0;0;0;0;0;0;0;84;1.464;1.712;2.085;729;418;0;6.492;0
COOPERATIVA DE CRÉDITO DE LIVRE ADMISSÃO DE CAPITÓLIO LTDA   SICOOB CREDICAPI;804.046;b3S;I;2;S5;9;CAPITOLIO;MG;09/2020;29.012;0;66;163;170;17;0;0;416;118;1.455;3.854;6.061;1.987;21;0;13.496;2;202;538;884;170;0;0;1.796;0;0;0;0;0;0;0;0;0;0;0;0;0;0;0;0;0;1.087;5.727;2.446;672;1.483;0;11.415;63;1.005;301;451;70;0;0;1.890;0
COOPERATIVA DE CREDITO RURAL E ECONOMIA COM INTERAÇÃO SOLIDARIA DE RIO FORTUNA - CRESOL RIO FORTUNA;7.958.405;b3S;I;2;S5;9;RIO FORTUNA;SC;09/2020;28.987;2;80;186;298;37;0;0;604;19;491;1.501;2.433;794;91;0;5.329;117;906;2.494;4.980;854;1;0;9.351;0;0;0;0;0;0;0;0;1;41;5;0;0;0;0;47;33;913;4.050;2.349;1.689;1.634;0;10.668;59;456;1.386;954;93;36;4;2.988;0
COOPERATIVA DE CRÉDITO DO VALE DO ITAJAÍ E VALE DO ITAPOCÚ - SICOOB MULTICREDI;2.883.398;b3S;I;2;S5;9;BLUMENAU;SC;09/2020;28.961;27;55;173;216;7;0;0;479;121;2.594;5.651;9.258;2.726;2.482;0;22.833;9;425;1.185;2.019;149;0;0;3.788;0;0;0;0;0;0;0;0;0;0;0;0;0;0;0;0;0;0;0;0;0;0;0;0;307;909;646;0;0;0;0;1.862;0
COOPERATIVA DE ECONOMIA E CRÉDITO MÚTUO DOS MÉDICOS E DEMAIS PROFISSIONAIS DE NÍVEL SUPERIOR DA ÁREA DE SAÚDE DE OURINHOS - OURICRED;2.179.673;b3S;I;2;S5;9;OURINHOS;SP;09/2020;28.868;7;28;95;141;13;0;0;283;167;1.569;3.656;7.872;2.595;3.752;5;19.615;10;490;1.245;1.957;150;0;0;3.852;0;0;0;0;0;0;0;0;0;0;0;0;0;0;0;0;0;0;0;0;0;0;0;0;135;1.030;434;757;695;2.055;11;5.118;0
SICREDI COOMAMP - COOPERATIVA DE CRÉDITO DOS MEMBROS DE INSTITUIÇÕES PÚBLICAS DAS CARREIRAS JURÍDICAS E DOS SERVIDORES PÚBLICOS FEDERAIS, ESTADUAIS E MUNICIPAIS EM SÃO LUÍS/MA E MUNICÍPIOS CIRCUNVIZIN;5.545.390;b3S;I;2;S5;9;SAO LUIS;MA;09/2020;28.861;2;1.637;4.759;9.335;5.896;4.356;0;25.984;3;71;137;136;5;0;0;353;0;14;42;106;29;0;0;191;0;0;0;0;0;0;0;0;28;1.315;461;0;0;0;0;1.804;0;0;0;0;0;0;0;0;26;172;84;166;69;11;0;529;0
SICOOB CREDINOVA - COOPERATIVA DE CRÉDITO DE LIVRE ADMISSÃO DE NOVA SERRANA E REGIÃO CENTRO-OESTE LTDA.;1.667.766;b3S;I;2;S5;9;NOVA SERRANA;MG;09/2020;28.824;0;33;6;6;0;0;0;45;296;1.859;7.051;11.347;5.664;482;0;26.699;0;52;117;79;0;0;0;248;0;0;0;0;0;0;0;0;0;0;0;0;0;0;0;0;0;0;0;0;0;0;0;0;176;1.598;47;10;0;0;0;1.831;0
COOPERATIVA DE CRÉDITO E ECONOMIA COM INTERAÇÃO SOLIDÁRIA DE XANXERÊ - CRESOL XANXERÊ;7.509.426;b3S;I;2;S5;9;XANXERE;SC;09/2020;28.719;0;5;24;55;27;1;0;112;6;296;934;1.875;888;597;33;4.630;0;141;441;821;142;1;0;1.546;0;0;0;0;0;0;0;0;0;0;0;0;0;0;0;0;11;1.693;4.827;4.473;3.075;4.236;0;18.315;34;685;1.139;1.582;460;216;2;4.117;0
COOPERATIVA DE CRÉDITO DOS SERVIDORES DA UNIÃO, EMPRESÁRIOS, PROFISSIONAIS AUTÔNOMOS E LIBERAIS - SICOOB CENTRO NORDESTE;3.102.185;b3S;I;2;S5;9;JOAO PESSOA;PB;09/2020;28.617;34;846;2.077;6.126;6.131;8.682;0;23.896;16;1.347;1.094;1.164;306;245;0;4.172;0;40;102;112;20;0;0;274;0;0;0;0;0;0;0;0;0;0;0;0;0;0;0;0;0;0;0;0;0;0;0;0;6;245;22;0;0;0;0;274;0
COOPERATIVA DE CRÉDITO DO VALE EUROPEU - SICOOB EURO VALE;82.133.182;b3S;I;2;S5;9;TIMBO;SC;09/2020;28.403;2;94;280;500;113;3;0;991;131;2.154;8.130;10.111;2.423;1.016;0;23.965;5;153;440;866;206;2;0;1.672;0;0;0;0;0;0;0;0;0;0;0;0;0;0;0;0;0;11;205;85;99;141;0;539;74;772;29;51;64;246;0;1.237;0
COOPERATIVA DE CRÉDITO DA GRANDE FLORIANÓPOLIS - ÚNILOS;2.405.189;b3S;I;2;S5;9;FLORIANOPOLIS;SC;09/2020;28.370;0;0;0;0;0;0;0;0;279;3.140;7.986;8.352;849;855;0;21.461;8;233;602;859;189;1;0;1.892;0;0;0;0;0;0;0;0;0;0;0;0;0;0;0;0;0;0;0;0;0;0;0;0;386;637;1.785;1.362;565;281;0;5.016;0
COOPERATIVA DE ECONOMIA E CRÉDITO MÚTUO - COOPERSERV;5.667.301;b3S;I;2;S5;9;LENCOIS PAULISTA;SP;09/2020;28.298;70;964;3.938;9.901;8.458;2.983;0;26.314;1;551;328;558;133;0;0;1.572;0;0;0;0;0;0;0;0;0;0;0;0;0;0;0;0;0;0;0;0;0;0;0;0;0;0;0;0;0;0;0;0;170;228;11;3;0;0;0;412;0
PLURAL;51.839;b1;C;2;S4;199;RIO DE JANEIRO;RJ;09/2020;27.432;0;0;0;0;0;0;0;0;7.534;1.591;4.462;6.452;350;0;0;20.389;0;0;0;0;0;0;0;0;0;0;0;0;0;0;0;0;0;0;0;0;0;0;0;0;0;0;0;0;0;0;0;0;0;0;0;0;0;0;7.043;7.043;0
COOPERATIVA DE ECONOMIA E CRÉDITO MÚTUO SICOOB SANTA;65.560.658;b3S;I;2;S5;9;SAO PAULO;SP;09/2020;27.420;593;3.664;8.736;12.084;1.625;3;0;26.705;35;68;140;168;27;0;0;439;0;0;0;0;0;0;0;0;0;0;0;0;0;0;0;0;0;0;0;0;0;0;0;0;0;0;0;0;0;0;0;0;152;79;42;3;0;0;0;276;0
COOPERATIVA DE CRÉDITO DE LIVRE ADMISSÃO DA PARAÍBA – SICOOB PARAÍBA;11.907.520;b3S;I;2;S5;9;CAMPINA GRANDE;PB;09/2020;27.099;15;291;749;1.629;872;516;0;4.072;127;1.608;3.924;7.521;2.073;18;0;15.271;68;610;1.617;3.088;652;2;0;6.038;0;0;0;0;0;0;0;0;0;0;0;0;0;0;0;0;0;0;0;0;0;0;0;0;429;1.019;270;0;0;0;0;1.718;0
COOPERATIVA DE ECONOMIA E CRÉDITO MÚTUO DOS EMPREGADOS DA COOP - COOPERATIVA DE CONSUMO E DOS EMPREGADOS DO SUPER MERCADO ZONA SUL S/A;47.074.323;b3S;I;2;S5;9;SANTO ANDRE;SP;09/2020;26.893;347;2.738;7.364;7.821;1.402;36;0;19.709;87;879;1.675;2.083;583;32;0;5.339;0;0;0;0;0;0;0;0;0;0;0;0;0;0;0;0;0;0;0;0;0;0;0;0;0;0;0;0;0;0;0;0;198;1.647;0;1;0;0;0;1.845;0
COOPERATIVA DE CRÉDITO DE LIVRE ADMISSÃO DA ZONA DA MATA LTDA   SICOOB COOPEMATA;2.335.109;b3S;I;2;S5;9;CATAGUASES;MG;09/2020;26.388;0;0;0;0;0;0;0;0;206;2.129;5.987;9.672;1.337;25;0;19.355;8;366;1.047;2.303;246;0;0;3.969;0;0;0;0;0;0;0;0;0;0;0;0;0;0;0;0;0;0;0;0;0;0;0;0;277;1.166;636;944;40;0;0;3.064;0
UNIPRIME SUL MS - COOPERATIVA DE CRÉDITO;37.554.441;b3S;I;2;S5;9;DOURADOS;MS;09/2020;26.304;0;0;0;0;0;0;0;0;43;1.419;3.643;4.722;1.308;1.055;31;12.221;9;596;1.636;2.751;869;17;0;5.878;0;62;224;531;450;1.474;160;2.900;48;0;0;0;0;0;0;48;0;0;0;0;0;0;0;0;37;967;1.213;1.857;993;182;7;5.258;0
SICOOB AC CREDI - COOPERATIVA DE CRÉDITO DE LIVRE ADMISSÃO DO LESTE E NORDESTE MINEIRO LTDA.;1.559.914;b3S;I;2;S5;9;GOVERNADOR VALADARES;MG;09/2020;26.209;13;239;584;1.338;551;43;0;2.767;167;1.522;4.155;8.695;3.565;39;0;18.142;4;280;782;1.680;326;2;0;3.074;0;0;0;0;0;0;0;0;0;0;0;0;0;0;0;0;0;0;0;0;0;0;0;0;220;1.625;139;203;21;18;0;2.226;0
COOPERATIVA DE CRÉDITO SICOOBMAIS  LTDA. – SICOOBMAIS;26.359.745;b3S;I;2;S5;9;IGUATAMA;MG;09/2020;26.108;0;16;0;0;0;0;0;16;63;3.057;6.901;4.763;592;0;0;15.375;0;205;590;1.101;324;0;0;2.220;0;0;0;0;0;0;0;0;0;0;0;0;0;0;0;0;0;12;3.874;1.829;1.224;456;0;7.396;26;681;284;68;41;0;0;1.100;0
BANCO TRICURY S.A.;57.839.805;b2;I;2;S4;8;SAO PAULO;SP;09/2020;25.703;0;0;0;0;0;0;0;0;234;2.338;11.316;11.814;0;0;0;25.703;0;0;0;0;0;0;0;0;0;0;0;0;0;0;0;0;0;0;0;0;0;0;0;0;0;0;0;0;0;0;0;0;0;0;0;0;0;0;0;0;0
COOPERATIVA DE ECONOMIA E CRÉDITO MÚTUO DOS FUNCIONÁRIOS DA CARGILL;68.228.006;b3S;I;2;S5;9;SAO PAULO;SP;09/2020;25.697;151;3.768;9.354;11.697;38;0;0;25.008;86;123;250;227;3;0;0;689;0;0;0;0;0;0;0;0;0;0;0;0;0;0;0;0;0;0;0;0;0;0;0;0;0;0;0;0;0;0;0;0;0;0;0;0;0;0;0;0;0
UNICRED COSTA DO SOL RJ – COOPERATIVA DE ECONOMIA E CRÉDITO MÚTUO LTDA.;39.231.527;b3S;I;2;S5;9;MACAE;RJ;09/2020;25.335;0;0;0;0;0;0;0;0;47;2.100;4.612;4.415;353;9;0;11.538;4;367;1.031;1.592;216;6;0;3.217;0;42;142;372;344;1.359;0;2.259;0;0;0;0;0;0;0;0;0;0;0;0;0;0;0;0;22;1.177;2.553;3.107;732;727;3;8.321;0
COOPERATIVA DE ECONOMIA E CRÉDITO MÚTUO DO VALE DAS ANTAS LTDA. - UNICRED VALE DAS ANTAS;94.243.839;b3S;I;2;S5;9;CASCA;RS;09/2020;25.000;0;0;0;0;0;0;0;0;66;1.368;3.416;5.793;3.129;3.278;0;17.050;0;182;543;869;260;11;0;1.865;0;26;74;159;129;157;0;544;0;0;0;0;0;0;0;0;0;0;0;0;0;0;0;0;55;559;555;2.626;755;990;0;5.540;0
CHB - COMPANHIA HIPOTECARIA BRASILEIRA;10.694.628;n1;I;2;S4;29;NATAL;RN;09/2020;24.912;0;0;0;0;0;0;0;0;0;0;0;0;0;0;0;0;0;0;0;0;0;0;0;0;423;583;924;2.751;2.771;11.617;548;19.615;0;0;0;0;0;0;0;0;0;0;0;0;0;0;0;0;130;181;461;1.069;1.009;2.446;0;5.296;0
RENDIMENTO;51.468;b1;C;2;S4;199;SAO PAULO;SP;09/2020;24.561;0;0;0;0;0;0;0;0;538;2.198;3.553;8.537;348;0;0;15.173;0;0;0;0;0;0;0;0;0;0;0;0;0;0;0;0;0;0;0;0;0;0;0;0;0;0;0;0;0;0;0;0;434;7.397;1.399;133;26;0;0;9.388;0
COOPERATIVA DE CRÉDITO MÚTUO DOS SERVIDORES PÚBLICOS MUNICIPAIS DE SÃO BERNARDO DO CAMPO - CREDIABC;3.612.679;b3S;I;2;S5;9;SAO BERNARDO DO CAMPO;SP;09/2020;24.483;68;1.528;6.163;11.914;4.455;210;0;24.338;61;37;41;5;0;0;0;145;0;0;0;0;0;0;0;0;0;0;0;0;0;0;0;0;0;0;0;0;0;0;0;0;0;0;0;0;0;0;0;0;0;0;0;0;0;0;0;0;0
JBCRED S.A. SOCIEDADE DE CREDITO, FINANCIAMENTO E INVESTIMENTO;4.230.630;n1;I;2;S5;14;SAO PAULO;SP;09/2020;24.425;0;0;0;0;0;0;0;0;14.311;7.336;2.778;0;0;0;0;24.425;0;0;0;0;0;0;0;0;0;0;0;0;0;0;0;0;0;0;0;0;0;0;0;0;0;0;0;0;0;0;0;0;0;0;0;0;0;0;0;0;0
COOPERATIVA DE ECONOMIA E CRÉDITO MÚTUO SICOOB METALCRED;4.833.655;b3S;I;2;S5;9;SAO PAULO;SP;09/2020;24.416;603;4.048;9.714;8.441;320;24;0;23.149;66;241;385;306;9;0;0;1.007;0;0;0;0;0;0;0;0;0;0;0;0;0;0;0;0;0;0;0;0;0;0;0;0;0;0;0;0;0;0;0;0;148;94;7;0;6;0;5;259;0
COOPERATIVA DE CREDITO RURAL ASCOOB SISAL;63.229.629;b3S;I;2;S5;9;SERRINHA;BA;09/2020;24.291;200;329;463;890;327;0;0;2.209;523;1.666;3.552;3.641;557;85;0;10.024;101;463;1.150;2.099;579;4;0;4.396;0;0;0;0;0;0;0;0;17;589;122;0;0;0;0;727;0;0;0;0;0;0;0;0;336;1.825;3.034;1.507;187;34;11;6.934;0
INDUSVAL;50.531;b1;C;2;S4;199;SAO PAULO;SP;09/2020;23.982;14;131;427;346;0;0;0;918;0;0;0;0;0;0;0;0;0;0;0;0;0;0;0;0;0;0;0;0;0;0;0;0;0;0;0;0;0;0;0;0;0;0;0;0;0;0;0;0;1.551;3.244;6.949;6.060;3.756;1.505;0;23.064;0
COOPERATIVA DE CRÉDITO DE LIVRE ADMISSÃO DE ASSOCIADOS DE GUARAMIRIM - CREVISC;10.143.743;b3S;I;2;S5;9;GUARAMIRIM;SC;09/2020;23.732;0;1;2;0;0;0;0;2;456;2.858;6.356;6.037;1.116;748;0;17.571;23;357;869;1.203;175;35;0;2.661;0;0;0;0;0;0;0;0;0;0;0;0;0;0;0;0;0;0;0;0;0;0;0;0;383;820;1.073;1.019;197;6;0;3.498;0
COOPERATIVA DE CRÉDITO DE LIVRE ADMISSÃO DE PEDRO LEOPOLDO LTDA - SICOOB CREDIPEL;71.441.406;b3S;I;2;S5;9;PEDRO LEOPOLDO;MG;09/2020;23.642;63;441;533;1.091;304;31;0;2.462;94;1.957;3.964;5.210;522;3;0;11.749;12;505;1.321;1.810;167;0;0;3.815;0;0;0;0;0;0;0;0;0;0;0;0;0;0;0;0;84;480;1.393;1.715;0;0;0;3.671;156;1.434;354;0;0;0;0;1.944;0
COOPERATIVA DE ECONOMIA E CRÉDITO DOS EMPREGADOS DOS CORREIOS LTDA. - SICOOB COOPERCORREIOS;3.862.898;b3S;I;2;S5;9;BELO HORIZONTE;MG;09/2020;23.378;643;1.909;4.680;7.675;2.263;189;0;17.360;115;652;1.518;2.683;481;165;0;5.615;0;0;0;0;0;0;0;0;0;0;0;0;0;0;0;0;0;0;0;0;0;0;0;0;0;0;0;0;0;0;0;0;143;204;53;3;0;0;0;403;0
COOPERATIVA DE CRÉDITO E INVESTIMENTO D'OESTE DE RONDÔNIA;5.597.773;b3S;I;2;S5;9;NOVA BRASILANDIA;RO;09/2020;23.367;1;13;12;13;2;0;0;41;21;2.756;6.380;1.205;5;0;0;10.366;2;86;420;298;8;0;0;814;0;0;0;0;0;0;0;0;0;0;0;0;0;0;0;0;44;2.162;5.095;489;0;0;0;7.790;69;2.272;1.896;118;0;0;0;4.355;0
COOPERÁGUIA - COOPERATIVA DE ECONOMIA E CRÉDITO MÚTUO DOS EMPREGADOS DO GRUPO ÁGUIA BRANCA;27.171.974;b3S;I;2;S5;9;CARIACICA;ES;09/2020;23.363;86;3.019;9.891;9.289;1.079;0;0;23.363;0;0;0;0;0;0;0;0;0;0;0;0;0;0;0;0;0;0;0;0;0;0;0;0;0;0;0;0;0;0;0;0;0;0;0;0;0;0;0;0;0;0;0;0;0;0;0;0;0
COOPERATIVA DE ECONOMIA E CRÉDITO MÚTUO DOS EMPREGADOS DO GRUPO COLORADO;2.024.442;b3S;I;2;S5;9;GUAIRA;SP;09/2020;23.261;59;2.301;6.951;9.109;2.146;1;0;20.566;22;169;257;144;9;0;0;601;0;0;0;0;0;0;0;0;0;0;0;0;0;0;0;0;0;0;0;0;0;0;0;0;0;0;0;0;0;0;0;0;3;109;476;1.069;437;0;0;2.093;0
COOPERATIVA DE CREDITO DE LIVRE ADMISSÃO DE MARTINHO CAMPOS LTDA - SICOOB CREDIMAC;64.480.833;b3S;I;2;S5;9;MARTINHO CAMPOS;MG;09/2020;23.174;0;28;71;130;48;0;0;277;45;1.232;2.927;5.040;778;0;0;10.022;0;331;889;1.969;322;0;0;3.511;0;0;0;0;0;0;0;0;0;0;0;0;0;0;0;0;0;1.481;2.683;1.950;1.180;620;0;7.914;55;1.190;90;115;0;0;0;1.450;0
COOPERATIVA DE CRÉDITO RURAL COM INTERAÇÃO SOLIDÁRIA DE SÃO JOÃO DO SUL - CRESOL SÃO JOÃO DO SUL;9.488.496;b3S;I;2;S5;9;SAO JOAO DO SUL;SC;09/2020;23.118;0;0;0;0;0;0;0;0;9;369;1.417;1.818;599;131;0;4.344;5;342;908;1.725;281;1;0;3.263;0;0;0;0;0;0;0;0;1;33;6;0;0;0;0;40;35;901;3.120;3.176;2.497;3.085;0;12.814;17;733;849;828;170;57;3;2.656;0
COOPERATIVA DE CRÉDITO RURAL ASCOOB ITAPICURU - ASCOOB ITAPICURU.;3.921.543;b3S;I;2;S5;9;SANTALUZ;BA;09/2020;23.010;52;143;6;3;0;0;0;205;343;1.105;2.408;1.953;366;117;0;6.293;73;271;736;1.467;425;1;0;2.974;0;0;0;0;0;0;0;0;9;340;73;0;0;0;0;422;0;0;0;0;0;0;0;0;1.157;3.937;6.112;1.771;106;6;28;13.117;0
COOPERATIVA DE CRÉDITO RURAL COM INTERAÇÃO SOLIDÁRIA DE ÁUREA - CRESOL ÁUREA;2.904.138;b3S;I;2;S5;9;AUREA;RS;09/2020;22.989;0;0;0;0;0;0;0;0;62;190;715;1.256;321;192;0;2.736;3;48;133;303;124;36;0;645;0;0;0;0;0;0;0;0;0;23;6;0;0;0;0;29;6;1.084;5.991;3.140;2.065;2.710;0;14.997;87;679;1.418;2.001;303;88;5;4.582;0
BANCO KOMATSU DO BRASIL S.A.;23.903.068;b2;I;3;S4;8;SAO PAULO;SP;09/2020;22.935;0;0;0;0;0;0;0;0;0;3.106;7.802;10.191;1.837;0;0;22.935;0;0;0;0;0;0;0;0;0;0;0;0;0;0;0;0;0;0;0;0;0;0;0;0;0;0;0;0;0;0;0;0;0;0;0;0;0;0;0;0;0
COOPERATIVA DE CRÉDITO DE LIVRE ADMISSÃO DA REGIÃO CENTRAL E OESTE MINEIRO LTDA. - SICOOB DIVICRED;1.736.516;b3S;I;2;S5;9;DIVINOPOLIS;MG;09/2020;22.896;0;54;165;357;145;1;0;721;96;1.650;5.432;8.015;1.869;3;0;17.065;12;281;874;1.412;71;0;0;2.651;0;0;0;0;0;0;0;0;0;0;0;0;0;0;0;0;0;0;0;0;0;0;0;0;451;829;724;305;150;0;0;2.459;0
COOPERATIVA DE CRÉDITO RURAL COM INTERAÇÃO SOLIDÁRIA DE JACINTO MACHADO - CRESOL JACINTO MACHADO;9.463.721;b3S;I;2;S5;9;JACINTO MACHADO;SC;09/2020;22.351;0;0;0;0;0;0;0;0;30;468;1.478;2.032;661;103;0;4.773;15;231;600;981;145;0;0;1.972;0;0;0;0;0;0;0;0;0;42;8;0;0;0;0;50;9;770;4.415;3.006;2.278;2.973;0;13.451;58;492;640;748;125;29;12;2.105;0
COOPERATIVA DE ECONOMIA E CRÉDITO MÚTUO DOS EMPREGADOS DAS EMPRESAS DO GRUPO ECONÔMICO RHODIA - CREDIRHODIA;57.563.728;b3S;I;2;S5;9;PAULINIA;SP;09/2020;22.200;41;1.505;6.480;12.323;1.480;0;0;21.830;11;53;111;107;48;0;0;328;0;0;0;0;0;0;0;0;0;0;0;0;0;0;0;0;0;0;0;0;0;0;0;0;0;0;0;0;0;0;0;0;6;34;0;2;0;0;0;42;0
COOPERATIVA DE CRÉDITO DE LIVRE ADMISSÃO DE SANTA CRUZ DAS PALMEIRAS E REGIÃO;6.910.457;b3S;I;2;S5;9;SANTA CRUZ DAS PALMEIRAS;SP;09/2020;22.147;17;136;349;648;66;0;0;1.215;208;1.707;3.444;5.911;1.642;1;0;12.913;15;97;196;213;2;0;0;524;0;0;0;0;0;0;0;0;0;0;0;0;0;0;0;0;0;2.309;157;202;88;0;0;2.756;554;2.618;564;813;190;0;0;4.738;0
COOPERATIVA DE CRÉDITO RURAL DE OURO   SULCREDI/OURO;7.853.842;b3S;I;2;S5;9;OURO;SC;09/2020;21.981;0;0;0;0;0;0;0;0;1.105;1.715;4.306;3.117;458;188;0;10.890;15;106;295;424;108;0;0;948;0;0;0;0;0;0;0;0;0;0;0;0;0;0;0;0;101;358;1.635;2.102;0;0;0;4.195;1.676;1.295;1.068;1.313;447;148;0;5.948;0
COOPERATIVA DE ECONOMIA E CRÉDITO MÚTUO DOS EMPREGADOS DA CBMM LTDA.;18.140.913;b3S;I;2;S5;9;ARAXA;MG;09/2020;21.900;30;1.703;5.093;8.615;2.688;20;0;18.150;20;55;391;347;57;0;0;870;0;0;0;0;0;0;0;0;0;0;0;0;0;0;0;0;0;0;0;0;0;0;0;0;0;0;0;0;0;0;0;0;23;288;854;1.475;239;1;0;2.880;0
VALOR SOCIEDADE DE CRÉDITO DIRETO S.A.;7.799.277;n1;I;2;S5;43;SAO PAULO;SP;09/2020;21.353;0;0;0;0;0;0;0;0;0;0;0;0;0;0;0;0;0;0;0;0;0;0;0;0;0;0;0;0;0;0;0;0;0;0;0;0;0;0;0;0;0;0;0;0;0;0;0;0;7.721;4.014;5.421;3.689;229;279;0;21.353;0
COOPERATIVA DE CRÉDITO RURAL COM INTERAÇÃO SOLIDÁRIA DE TREZE DE MAIO - CRESOL TREZE DE MAIO;9.330.158;b3S;I;2;S5;9;TREZE DE MAIO;SC;09/2020;21.055;0;0;0;0;0;0;0;0;31;336;873;1.823;910;159;0;4.133;46;452;1.212;2.342;334;0;0;4.385;0;0;0;0;0;0;0;0;2;35;9;0;0;0;0;46;41;725;1.991;1.988;1.492;1.893;0;8.130;84;838;1.186;1.772;378;88;14;4.360;0
COOPERATIVA DE CRÉDITO DE SÃO FRANCISCO DE SALES LTDA. – SICOOB CREDISALES;1.374.196;b3S;I;2;S5;9;SAO FRANCISCO DE SALES;MG;09/2020;20.653;0;0;0;0;0;0;0;0;38;874;1.591;1.465;97;59;0;4.125;3;18;51;21;0;0;0;93;0;0;0;0;0;0;0;0;0;0;0;0;0;0;0;0;0;2.078;6.342;6.748;151;123;0;15.443;44;745;185;18;0;0;0;992;0
BANCO MONEO S.A.;7.441.209;b2;I;2;S4;8;CAXIAS DO SUL;RS;09/2020;20.539;0;0;0;0;0;0;0;0;0;0;0;0;0;0;0;0;139;2.202;6.103;8.144;1.195;24;0;17.808;0;0;0;0;0;0;0;0;0;0;0;0;0;0;0;0;0;0;0;0;0;0;0;0;16;347;1.053;1.115;189;10;0;2.732;0
COOPERATIVA DE CRÉDITO, POUPANÇA E INVESTIMENTO ALTO RIO GRANDE MG - SICREDI CREDIGRANDE MG;25.626.490;b3S;I;2;S4;9;LAVRAS;MG;09/2020;20.416;0;1;1;0;0;0;0;2;16;941;2.263;3.190;1.022;2;0;7.435;1;97;239;347;57;0;0;741;0;0;0;0;0;0;0;0;30;1.021;269;0;0;0;0;1.320;0;682;4.222;903;0;0;0;5.808;65;1.588;2.367;788;303;0;0;5.111;0
COOPERATIVA DE CREDITO RURAL COM INTERACAO SOLIDARIA DE SANTA MARIA-CRESOL SANTA MARIA;5.220.232;b3S;I;2;S5;9;SANTA MARIA;RS;09/2020;20.148;0;0;0;0;0;0;0;0;21;322;844;1.265;831;103;0;3.386;15;91;234;498;246;2;0;1.086;0;0;0;0;0;0;0;0;1;48;13;0;0;0;0;62;34;556;4.053;1.816;877;1.127;0;8.463;236;928;2.046;2.720;689;527;3;7.150;0
COOPERATIVA DE CREDITO DE LIVRE ADMISSÃO DA REGIÃO SUDESTE DE MINAS GERAIS LTDA. - SICOOB CREDISUCESSO;42.887.133;b3S;I;2;S5;9;BOM SUCESSO;MG;09/2020;20.147;6;369;850;1.324;124;0;0;2.673;14;3.277;10.416;1.988;464;2;0;16.162;0;110;286;353;35;0;0;785;0;0;0;0;0;0;0;0;0;0;0;0;0;0;0;0;0;5;7;0;0;0;0;12;7;313;180;15;1;0;0;515;0
COOPERATIVA DE CREDITO DE LIVRE ADMISSAO DE PARA DE MINAS LTDA - SICOOB ASCICRED;1.009.908;b3S;I;2;S5;9;PARA DE MINAS;MG;09/2020;20.107;0;0;0;0;0;0;0;0;53;1.813;4.546;5.150;752;1;0;12.314;2;653;1.884;3.004;122;1;0;5.666;0;0;0;0;0;0;0;0;0;0;0;0;0;0;0;0;0;0;0;0;0;0;0;0;100;1.706;316;5;0;0;0;2.127;0
COOPERATIVA DE CRÉDITO DE SERVIDORES PÚBLICOS COOPERPLAN LTDA. - SICOOB COOPERPLAN;2.674.113;b3S;I;2;S5;9;BRASILIA;DF;09/2020;20.093;20;699;1.655;4.841;5.035;6.504;10;18.763;31;378;251;156;56;66;1;938;0;0;0;0;0;0;0;0;0;0;0;0;0;0;0;0;0;0;0;0;0;0;0;0;0;0;0;0;0;0;0;0;21;371;0;0;0;0;0;392;0
COOPERATIVA DE CRÉDITO DE GUAPÉ LTDA - SICOOB CREDIGUAPÉ;71.009.237;b3S;I;2;S5;9;GUAPE;MG;09/2020;20.037;0;0;0;0;0;0;0;0;86;1.385;1.577;1.645;415;113;0;5.220;4;24;47;61;0;0;0;137;0;0;0;0;0;0;0;0;0;0;0;0;0;0;0;0;27;4.260;3.958;3.774;1.235;122;0;13.376;83;446;339;415;22;0;0;1.304;0
COOPERATIVA DE CRÉDITO E ECONOMIA COM INTERAÇÃO SOLIDÁRIA DE GUARACIABA - CRESOL GUARACIABA;5.400.634;b3S;I;2;S5;9;GUARACIABA;SC;09/2020;19.850;0;0;0;0;0;0;0;0;7;157;385;592;262;96;0;1.498;7;112;266;505;163;2;0;1.056;0;0;0;0;0;0;0;0;0;15;4;0;0;0;0;18;22;1.351;5.222;2.381;1.502;2.039;0;12.518;373;646;1.230;1.534;655;317;3;4.759;0
BANCOSEGURO S.A.;10.264.663;b1;I;2;S4;8;SAO PAULO;SP;09/2020;19.641;35;1.504;3.857;4.448;908;69;0;10.821;3.546;2.986;2.286;3;0;0;0;8.820;0;0;0;0;0;0;0;0;0;0;0;0;0;0;0;0;0;0;0;0;0;0;0;0;0;0;0;0;0;0;0;0;0;0;0;0;0;0;0;0;0
COOPERATIVA DE CRÉDITO CREDIESMERALDAS LTDA. – SICOOB CREDIESMERALDAS;68.512.748;b3S;I;2;S5;9;ESMERALDAS;MG;09/2020;19.620;0;15;24;53;21;0;0;113;166;920;2.387;4.392;1.686;39;0;9.590;61;424;1.270;2.534;512;0;0;4.801;0;0;0;0;0;0;0;0;0;0;0;0;0;0;0;0;48;122;1.134;1.764;263;0;0;3.331;902;740;126;7;7;2;0;1.784;0
COOPERATIVA DE CRÉDITO E ECONOMIA COM INTERAÇÃO SOLIDÁRIA DE CORONEL FREITAS - CRESOL CORONEL FREITAS;8.647.473;b3S;I;2;S5;9;CORONEL FREITAS;SC;09/2020;18.975;0;0;0;0;0;0;0;0;10;130;338;529;62;0;0;1.070;6;131;364;741;123;1;0;1.365;0;0;0;0;0;0;0;0;0;6;1;0;0;0;0;7;99;1.421;4.780;3.072;1.981;2.748;0;14.100;139;425;754;882;212;11;10;2.432;0
BANCO TOPÁZIO S.A.;7.679.404;b1;I;3;S4;8;PORTO ALEGRE;RS;09/2020;18.968;0;0;0;0;0;0;0;0;0;16.768;2.084;36;0;0;0;18.888;0;0;0;0;0;0;0;0;0;0;0;0;0;0;0;0;0;0;0;0;0;0;0;0;0;0;0;0;0;0;0;0;0;24;56;0;0;0;0;80;0
COOPERATIVA DE CRÉDITO DE LIVRE ADMISSÃO DO SERTÃO DE MINAS GERAIS LTDA. - SICOOB SERTÃO MINAS;1.667.352;b3S;I;2;S5;9;PIRAPORA;MG;09/2020;18.922;191;884;1.940;2.550;786;730;0;7.081;29;639;1.213;1.827;519;41;0;4.269;4;156;448;898;237;0;0;1.743;0;0;0;0;0;0;0;0;0;0;0;0;0;0;0;0;0;113;1.607;2.638;842;0;0;5.200;96;379;145;8;0;0;0;629;0
COOPERATIVA DE CRÉDITO DE LIVRE ADMISSÃO DE CERES E RIALMA LTDA;9.576.849;b3S;I;2;S5;9;CERES;GO;09/2020;18.900;0;0;0;0;0;0;0;0;5;3.561;3.646;1.665;603;0;0;9.480;2;68;131;238;1;0;0;440;0;0;0;0;0;0;0;0;0;0;0;0;0;0;0;0;0;333;4.677;1.636;0;0;0;6.646;6;1.987;283;58;0;0;0;2.334;0
COOPERATIVA DE CRÉDITO MÚTUO DOS EMPREGADOS DO MAGAZINE LUIZA, EMPRESAS CONTROLADAS E COLIGADAS – SICOOB COOPLUIZA;2.093.154;b3S;I;2;S5;9;FRANCA;SP;09/2020;18.802;121;3.475;7.872;7.187;142;1;0;18.798;2;1;1;0;0;0;0;4;0;0;0;0;0;0;0;0;0;0;0;0;0;0;0;0;0;0;0;0;0;0;0;0;0;0;0;0;0;0;0;0;0;0;0;0;0;0;0;0;0
LECCA;51.523;n1;C;2;S4;197;RIO DE JANEIRO;RJ;09/2020;18.618;1.410;2.854;6.007;2.898;4;0;0;13.174;5;844;4.049;257;0;0;0;5.155;0;0;0;0;0;0;0;0;0;0;0;0;0;0;0;0;0;0;0;0;0;0;0;0;0;0;0;0;0;0;0;0;0;219;70;0;0;0;0;289;0
COOPERATIVA DE ECONOMIA E CRÉDITO MÚTUO DOS MAGISTRADOS DE SÃO PAULO - MAGISCRED;51.489.318;b3S;I;2;S5;9;SAO PAULO;SP;09/2020;18.489;0;8;21;0;0;0;0;28;129;2.980;5.804;5.936;3.056;16;0;17.921;0;0;0;0;0;0;0;0;0;0;0;0;0;0;0;0;0;0;0;0;0;0;0;0;0;0;0;0;0;0;0;0;0;420;120;0;0;0;0;540;0
COOPERATIVA DE ECONOMIA E CRÉDITO MÚTUO DOS SERVIDORES PÚBLICOS FEDERAIS DO MUNICÍPIO DE UBERABA E SUAS FUNDAÇÕES - SICOOB - CREDIMED LTDA.;71.336.432;b3S;I;2;S5;9;UBERABA;MG;09/2020;18.484;19;1.044;2.607;6.015;3.356;275;0;13.316;20;1.074;1.235;1.753;10;0;0;4.092;3;45;98;157;14;0;0;317;0;0;0;0;0;0;0;0;0;0;0;0;0;0;0;0;0;0;0;0;0;0;0;0;89;669;0;0;0;0;0;759;0
SICOOB CRED COPERCANA COOPERATIVA DE CRÉDITO;64.739.121;b3S;I;2;S5;9;SERTAOZINHO;SP;09/2020;18.322;0;0;0;0;0;0;0;0;70;1.624;3.260;5.296;1.494;2.069;42;13.856;6;287;783;1.856;616;0;0;3.548;0;0;0;0;0;0;0;0;0;0;0;0;0;0;0;0;0;0;0;0;0;0;0;0;82;189;111;115;104;317;0;918;0
GREENCRED - COOPERATIVA DE CREDITO DOS MEDICOS, DEMAIS CATEGORIAS AFINS E PROFESSORES DE ENSINO SUPERIOR DE CURITIBA, REGIAO METROPOLITANA E LITORAL;2.347.114;b3S;I;2;S5;9;CURITIBA;PR;09/2020;18.282;0;0;0;0;0;0;0;0;24;2.123;5.262;7.566;2.260;295;0;17.530;0;0;0;0;0;0;0;0;0;0;0;0;0;0;0;0;0;0;0;0;0;0;0;0;0;0;0;0;0;0;0;0;8;540;200;0;0;0;4;752;0
COOPERATIVA DE CRÉDITO DE LIVRE ADMISSÃO DA REGIÃO DO CAPARAÓ LTDA. - SICOOB SAÚDE;71.261.184;b3S;I;2;S5;9;CARATINGA;MG;09/2020;18.034;0;0;0;0;0;0;0;0;39;1.473;3.288;5.923;3.338;438;0;14.499;7;231;702;1.117;169;0;0;2.227;0;0;0;0;0;0;0;0;0;0;0;0;0;0;0;0;0;0;0;0;0;0;0;0;19;1.155;135;0;0;0;0;1.308;0
COOPERATIVA DE CREDITO , POUPANÇA E INVESTIMENTO DO ESTADO DO PIAUÍ - SICREDI PIAUÍ;3.128.973;b3S;I;2;S5;9;TERESINA;PI;09/2020;18.001;0;87;265;355;112;108;0;928;35;1.186;3.003;3.782;333;0;0;8.339;31;111;284;411;132;0;0;969;0;0;0;0;0;0;0;0;27;1.467;610;0;0;0;0;2.104;0;0;0;0;0;0;0;0;36;697;1.162;2.481;966;320;0;5.662;0
COOPERATIVA DE CRÉDITO DA SERRA CATARINENSE - CREDICOMIN;9.590.601;b3S;I;2;S5;9;LAGES;SC;09/2020;17.949;0;98;264;357;67;0;0;786;107;1.568;3.709;3.845;600;63;0;9.893;5;110;323;523;142;0;0;1.103;0;0;0;0;0;0;0;0;0;0;0;0;0;0;0;0;0;0;0;0;0;0;0;0;231;1.084;1.834;2.152;647;219;0;6.167;0
COOPERATIVA DE ECONOMIA E CRÉDITO MÚTUO DOS PETROLEIROS NO ESTADO DE MINAS GERAIS LTDA. - COPETRO;26.758.433;b3S;I;2;S5;9;BELO HORIZONTE;MG;09/2020;17.762;0;21;60;84;35;66;0;267;70;1.234;3.395;6.329;3.800;2.596;71;17.495;0;0;0;0;0;0;0;0;0;0;0;0;0;0;0;0;0;0;0;0;0;0;0;0;0;0;0;0;0;0;0;0;0;0;0;0;0;0;0;0;0
COOPERATIVA DE CRÉDITO DE PIMENTA LTDA. - SICOOB CREDIPIMENTA;42.934.794;b3S;I;2;S5;9;PIMENTA;MG;09/2020;17.624;0;26;47;89;11;0;0;174;4;202;941;1.365;833;777;0;4.121;0;55;158;355;109;0;0;677;0;0;0;0;0;0;0;0;0;0;0;0;0;0;0;0;17;1.823;6.075;3.072;384;95;0;11.466;32;861;243;49;0;0;0;1.186;0
AGÊNCIA DE FOMENTO DO PARANÁ S.A.;3.584.906;n1;I;1;S4;30;CURITIBA;PR;09/2020;17.583;0;0;0;0;0;0;0;0;0;0;0;0;0;0;0;0;293;558;1.369;1.830;638;42;0;4.730;0;0;0;0;0;0;0;0;0;0;0;0;0;0;0;0;0;0;0;0;0;0;0;0;615;1.409;4.201;5.919;693;16;0;12.853;0
COOPERATIVA DE CRÉDITO RURAL - CREDICANA;44.373.041;b3S;I;2;S5;9;ASSIS;SP;09/2020;17.463;0;0;0;0;0;0;0;0;0;0;0;0;0;0;0;0;0;0;0;0;0;0;0;0;0;0;0;0;0;0;0;0;0;0;0;0;0;0;0;0;0;3.345;404;7.088;0;0;0;10.837;0;2.721;3.140;766;0;0;0;6.626;0
COOPERATIVA DE CRÉDITO SICOOB COOPERBOM LTDA;74.026.998;b3S;I;2;S5;9;SALVADOR;BA;09/2020;17.423;865;2.135;6.536;5.657;471;0;0;15.665;4;59;152;342;34;0;0;590;0;46;153;442;444;0;0;1.085;0;0;0;0;0;0;0;0;0;0;0;0;0;0;0;0;0;0;0;0;0;0;0;0;46;24;12;0;0;0;0;83;0
COOPERATIVA DE CRÉDITO MÚTUO DOS SERVIDORES DO MINISTERIO DA EDUCAÇÃO EM SÃO PAULO - COOPEMESP;73.092.827;b3S;I;2;S5;9;SAO PAULO;SP;09/2020;17.338;7;1.062;2.470;5.223;3.462;2.638;0;14.862;7;149;317;830;544;132;0;1.979;0;1;4;3;0;0;0;9;0;0;0;0;0;0;0;0;0;0;0;0;0;0;0;0;0;0;0;0;0;0;0;0;48;294;146;0;0;0;0;488;0
COOPERATIVA DE CRÉDITO HORIZONTE - SICOOB HORIZONTE;7.194.313;b3S;I;2;S5;9;ARAPONGAS;PR;09/2020;17.251;31;247;379;578;85;0;0;1.320;318;737;2.025;2.043;117;0;0;5.241;20;55;146;293;149;0;0;663;0;0;0;0;0;0;0;0;0;0;0;0;0;0;0;0;0;858;2.968;2.127;1.601;227;0;7.781;950;1.199;93;4;1;0;0;2.247;0
COOPERATIVA DE ECONOMIA E CREDITO MUTUO DOS SERV DA SEC  DE E  DA SEG  PUB  E DA DEFESA SOCIAL DO E DO RN E DOS TRAB  SINDICALIZADOS DA AREA DE SAUDE E AFINS NA REG  MET  DE NATAL - SICOOB POTIGUAR;2.382.755;b3S;I;2;S5;9;NATAL;RN;09/2020;17.185;164;585;1.998;4.951;3.370;1.122;0;12.189;53;418;1.090;1.836;941;66;0;4.404;0;27;74;167;23;0;0;291;0;0;0;0;0;0;0;0;0;0;0;0;0;0;0;0;0;0;0;0;0;0;0;0;133;156;11;0;0;0;0;300;0
COOPERATIVA DE ECONOMIA E CRÉDITO MÚTUO DOS SERVIDORES DA UNIVERSIDADE ESTADUAL DE CAMPINAS - COOPERUNICAMP;2.285.107;b3S;I;2;S5;9;CAMPINAS;SP;09/2020;17.127;229;1.468;3.649;7.631;2.121;82;0;15.179;0;0;0;0;0;0;0;0;0;0;0;0;0;0;0;0;0;0;0;0;0;0;0;0;0;0;0;0;0;0;0;0;0;0;0;0;0;0;0;0;1.943;5;0;0;0;0;0;1.948;0
COOPERATIVA DE CRÉDITO E ECONOMIA COM INTERAÇÃO SOLIDÁRIA DE SANTA TEREZINHA DO PROGRESSO - CRESOL SANTA TEREZINHA DO PROGRESSO;8.652.872;b3S;I;2;S5;9;SANTA TEREZINHA DO PROGRESSO;SC;09/2020;17.035;0;0;0;0;0;0;0;0;8;99;263;455;232;52;0;1.108;8;82;196;351;85;1;0;722;0;0;0;0;0;0;0;0;1;27;11;0;0;0;0;39;58;1.108;3.096;2.856;2.072;1.265;0;10.455;199;642;1.684;1.699;407;66;13;4.711;0
COOPERATIVA DE CRÉDITO SICREDI ALTO SERTÃO PARAIBANO - SICREDI ALTO SERTÃO PARAIBANO;9.343.038;b3S;I;2;S5;9;SOUSA;PB;09/2020;16.825;5;288;760;1.401;502;191;0;3.147;29;1.085;2.157;2.347;225;0;0;5.844;28;223;600;861;61;0;0;1.772;0;0;0;0;0;0;0;0;50;910;350;0;0;0;0;1.309;0;0;0;0;0;0;0;0;76;485;883;2.128;1.172;10;0;4.753;0
COOPERATIVA DE ECONOMIA E CRÉDITO MÚTUO DOS EMPREGADOS DA JOYSON SAFETY SYSTEMS - COOPERJSS;47.944.277;b3S;I;2;S5;9;JUNDIAI;SP;09/2020;16.794;0;490;1.683;1.820;19;0;0;4.012;0;1.798;4.382;6.380;223;0;0;12.782;0;0;0;0;0;0;0;0;0;0;0;0;0;0;0;0;0;0;0;0;0;0;0;0;0;0;0;0;0;0;0;0;0;0;0;0;0;0;0;0;0
BRK S.A. CRÉDITO, FINANCIAMENTO E INVESTIMENTO;12.865.507;n1;I;2;S4;14;SAO PAULO;SP;09/2020;16.772;0;0;0;0;0;0;0;0;0;0;0;0;0;0;0;0;0;0;0;0;0;0;0;0;0;0;0;0;0;0;0;0;0;0;0;0;0;0;0;0;0;0;0;0;0;0;0;0;3.176;1.915;4.705;6.440;536;0;0;16.772;0
COOPERATIVA DE ECONOMIA E CRÉDITO MÚTUO DOS EMPREGADOS DA MONDELEZ BRASIL, PHILIP MORRIS BRASIL E K&S ALIMENTOS - SICOOB COOPMOND;62.795.257;b3S;I;2;S5;9;SAO PAULO;SP;09/2020;16.517;41;1.046;4.288;8.158;2.902;12;0;16.447;13;53;0;0;0;0;0;66;0;0;0;0;0;0;0;0;0;0;0;0;0;0;0;0;0;0;0;0;0;0;0;0;0;0;0;0;0;0;0;0;4;0;0;0;0;0;0;4;0
COOPERATIVA DE ECONOMIA E CRÉDITO MÚTUO DOS SERVIDORES DA SECRETARIA DE ESTADO DE FAZENDA DO DISTRITO FEDERAL - SICOOB CREDSEF;3.603.683;b3S;I;2;S5;9;BRASILIA;DF;09/2020;16.140;19;740;2.074;4.776;3.081;2.745;0;13.436;7;870;851;764;119;0;0;2.611;0;11;26;50;1;0;0;88;0;0;0;0;0;0;0;0;0;0;0;0;0;0;0;0;0;0;0;0;0;0;0;0;0;6;0;0;0;0;0;6;0
COOPERATIVA DE CRÉDITO DOS MAGISTRADOS DO ESTADO DO RIO DE JANEIRO LTDA. - MAGICREDI-RJ;5.040.680;b3S;I;2;S5;9;RIO DE JANEIRO;RJ;09/2020;16.038;6;867;3.423;6.495;2.893;439;0;14.123;0;109;473;969;321;43;0;1.915;0;0;0;0;0;0;0;0;0;0;0;0;0;0;0;0;0;0;0;0;0;0;0;0;0;0;0;0;0;0;0;0;0;0;0;0;0;0;0;0;0
SERVICOOP - COOPERATIVA DE CRÉDITO DOS SERVIDORES PÚBLICOS ESTADUAIS DO RIO GRANDE DO SUL;3.973.814;b3S;I;2;S5;9;PORTO ALEGRE;RS;09/2020;16.027;324;1.431;4.702;3.261;147;0;0;9.865;504;1.088;2.437;1.806;179;0;0;6.014;0;0;0;0;0;0;0;0;0;0;0;0;0;0;0;0;0;0;0;0;0;0;0;0;0;0;0;0;0;0;0;0;32;31;82;3;0;0;0;147;0
COOPERATIVA DE CRÉDITO, POUPANÇA E INVESTIMENTO DOS PROFISSIONAIS MÉDICOS E DA SAÚDE DE CURITIBA E REGIÃO METROPOLITANA - SICREDI MEDICRED PR;2.924.977;b3S;I;2;S4;9;CURITIBA;PR;09/2020;15.929;0;39;104;225;13;0;0;382;14;1.331;3.161;3.780;354;0;0;8.639;1;136;374;466;42;0;0;1.019;0;0;0;0;0;0;0;0;5;1.670;544;1;0;0;0;2.219;0;0;0;0;0;0;0;0;42;955;658;1.446;476;92;0;3.670;0
SIMPALA S.A. CRÉDITO, FINANCIAMENTO E INVESTIMENTO;34.991.938;n1;I;2;S4;14;PORTO ALEGRE;RS;09/2020;15.831;10;60;159;162;12;0;0;403;245;1.934;4.613;4.980;644;0;0;12.415;15;239;609;1.115;326;0;0;2.305;0;0;0;0;0;0;0;0;0;0;0;0;0;0;0;0;0;0;0;0;0;0;0;0;0;3;86;381;230;8;0;708;0
COOPERATIVA DE CRÉDITO MÚTUO DOS SERVIDORES FEDERAIS NA PARAÍBA - SICOOB COOPERCRET;2.275.781;b3S;I;2;S5;9;JOAO PESSOA;PB;09/2020;15.448;13;888;2.233;5.041;3.157;3.166;0;14.498;13;146;153;230;53;16;0;611;0;0;0;0;0;0;0;0;0;0;0;0;0;0;0;0;0;0;0;0;0;0;0;0;0;0;0;0;0;0;0;0;131;103;104;0;0;0;0;338;0
COOPERATIVA DE CRÉDITO SICOOB COOPEMAR LTDA;4.174.720;b3S;I;2;S5;9;MAIRI;BA;09/2020;15.360;33;653;810;1.936;1.558;1.195;0;6.186;37;1.221;2.555;2.781;73;0;0;6.667;4;93;265;381;56;0;0;798;0;0;0;0;0;0;0;0;0;0;0;0;0;0;0;0;0;0;56;54;0;0;0;110;164;1.398;35;0;0;0;0;1.598;0
COOPERATIVA DE ECONOMIA E CRÉDITO MÚTUO DOS FUNCIONÁRIOS DA VILLARES METALS;53.846.242;b3S;I;2;S5;9;SUMARE;SP;09/2020;15.049;0;655;2.896;7.180;4.259;58;0;15.049;0;0;0;0;0;0;0;0;0;0;0;0;0;0;0;0;0;0;0;0;0;0;0;0;0;0;0;0;0;0;0;0;0;0;0;0;0;0;0;0;0;0;0;0;0;0;0;0;0
COOPERATIVA DE CRÉDITO RURAL  E ECONOMIA COM INTERAÇÃO SOLIDÁRIA DE ITATIBA DO SUL - CRESOL ITATIBA DO SUL;5.745.533;b3S;I;2;S5;9;ITATIBA DO SUL;RS;09/2020;14.736;0;0;0;0;0;0;0;0;4;142;405;720;141;58;0;1.469;2;45;132;321;28;0;0;529;0;0;0;0;0;0;0;0;1;33;8;0;0;0;0;42;66;831;3.907;1.965;1.321;2.077;0;10.167;85;559;724;846;223;85;7;2.529;0
COOPERATIVA DE ECONOMIA E CRÉDITO MÚTUO DOS FUNCIONÁRIOS DA FUNDAÇÃO ZERBINI E DA FUNDAÇÃO FACULDADE DE MEDICINA (FFM) – COOPINCOR;1.997.612;b3S;I;2;S5;9;SAO PAULO;SP;09/2020;14.495;22;1.004;3.809;6.152;2.695;813;0;14.495;0;0;0;0;0;0;0;0;0;0;0;0;0;0;0;0;0;0;0;0;0;0;0;0;0;0;0;0;0;0;0;0;0;0;0;0;0;0;0;0;0;0;0;0;0;0;0;0;0
COOPERATIVA ECONOMIA CRÉDITO MÚTUO SERVIDORES E EMPREGADOS MUNIC PREF MUNIC BELO HORIZONTE BETIM BRUMADINHO CONTAGEM IBIRITÉ NOVA LIMA RIBEIRÃO DAS NEVES SABARÁ SANTA LUZIA VESPASIANO SICOOB CREDISERV;1.864.151;b3S;I;2;S5;9;BELO HORIZONTE;MG;09/2020;14.463;275;1.533;3.184;6.207;2.666;15;0;13.879;4;53;93;147;64;9;0;370;0;0;0;0;0;0;0;0;0;0;0;0;0;0;0;0;0;0;0;0;0;0;0;0;0;0;0;0;0;0;0;0;65;86;63;0;0;0;0;214;0
COOPERATIVA DE ECONOMIA E CRÉDITO MÚTUO DAS EMPRESAS, EMPREGADOS E PRESTADORES DE SERVIÇO DAS METALÚRGICAS, SIDERÚRGICAS E INDUSTRIAIS – SICOOB COPESITA;19.875.244;b3S;I;2;S5;9;TIMOTEO;MG;09/2020;14.393;16;591;1.574;2.272;97;2;0;4.553;57;834;1.867;2.910;571;115;0;6.353;6;186;540;1.125;172;0;0;2.030;0;0;0;0;0;0;0;0;0;0;0;0;0;0;0;0;0;0;0;0;0;0;0;0;218;593;251;393;2;0;0;1.457;0
COOPERATIVA DE CREDITO CREDLIDER - SICOOB CREDLIDER;5.463.934;b3S;I;2;S5;9;VOTUPORANGA;SP;09/2020;13.927;0;0;0;0;0;0;0;0;54;854;995;1.296;251;78;0;3.527;0;0;0;0;0;0;0;0;0;0;0;0;0;0;0;0;0;0;0;0;0;0;0;0;60;1.651;2.276;4.710;0;0;0;8.697;185;1.411;107;0;0;0;0;1.703;0
COOPERATIVA DE ECONOMIA E CRÉDITO MÚTUO DE LIVRE ADMISSÃO DE ARARAQUARA E REGIÃO - SICOOB;53.236.808;b3S;I;2;S5;9;ARARAQUARA;SP;09/2020;13.864;151;469;1.089;2.277;1.668;420;0;6.074;318;513;1.141;1.820;870;226;0;4.888;32;198;532;726;27;0;0;1.516;0;0;0;0;0;0;0;0;0;0;0;0;0;0;0;0;0;0;0;0;0;0;0;0;370;655;99;79;84;100;0;1.387;0
UNIPRIME PAULISTA-COOPERATIVA DE CRÉDITO;74.220.948;b3S;I;2;S5;9;PRESIDENTE PRUDENTE;SP;09/2020;13.830;0;0;0;0;0;0;0;0;106;1.106;2.770;4.069;1.846;1.382;0;11.279;0;138;369;531;38;0;0;1.077;0;64;178;364;209;178;0;994;0;0;0;0;0;0;0;0;0;0;0;0;0;0;0;0;26;76;365;13;0;0;0;480;0
COMPANHIA HIPOTECÁRIA PIRATINI - CHP;18.282.093;n1;I;2;S4;29;PORTO ALEGRE;RS;09/2020;13.800;0;0;0;0;0;0;0;0;0;0;0;0;0;0;0;0;0;0;0;0;0;0;0;0;4;43;115;301;223;56;0;742;0;0;0;0;0;0;0;0;0;0;0;0;0;0;0;0;62;661;1.941;4.553;3.102;1.797;942;13.058;0
COOPERUFPA  - COOPERATIVA DE ECONOMIA E CRÉDITO MÚTUO DOS SERVIDORES PÚBLICOS FEDERAIS E ESTADUAIS E DAS ENTIDADES DE ENSINO COM SEUS RESPECTIVOS FUNCIONÁRIOS NO ESTADO DO PARÁ;83.325.811;b3S;I;2;S5;9;BELEM;PA;09/2020;13.668;6;445;1.386;2.111;646;149;0;4.742;179;1.436;3.115;3.496;671;14;0;8.912;0;0;0;0;0;0;0;0;0;0;0;0;0;0;0;0;0;0;0;0;0;0;0;0;0;0;0;0;0;0;0;0;0;1;4;6;3;0;0;14;0
COOPERATIVA DE CRÉDITO DE LIVRE ADMISSÃO DA REGIÃO DE SÃO SEBASTIÃO DO PARAÍSO LTDA. - SICOOB PARAÍSOCRED;1.657.678;b3S;I;2;S5;9;SAO SEBASTIAO DO PARAISO;MG;09/2020;13.655;0;0;0;0;0;0;0;0;100;1.194;2.767;4.499;1.329;24;0;9.914;12;235;643;1.264;312;0;0;2.466;0;0;0;0;0;0;0;0;0;0;0;0;0;0;0;0;0;0;0;0;0;0;0;0;233;752;109;137;43;0;0;1.274;0
COOPERATIVA DE ECONOMIA E CRÉDITO MÚTUO DOS COLABORADORES DA CEBRACE;53.184.438;b3S;I;2;S5;9;JACAREI;SP;09/2020;13.651;111;1.614;3.181;6.693;1.541;508;0;13.649;0;0;1;0;0;0;0;2;0;0;0;0;0;0;0;0;0;0;0;0;0;0;0;0;0;0;0;0;0;0;0;0;0;0;0;0;0;0;0;0;0;0;0;0;0;0;0;0;0
COOPERATIVA DE CRÉDITO DE LIVRE ADMISSÃO DE GOIÂNIA E MICRORREGIÕES LTDA.;1.720.488;b3S;I;2;S5;9;GOIANIA;GO;09/2020;13.590;18;15;9;3;0;0;0;44;119;1.431;2.709;4.453;779;0;0;9.490;0;0;0;0;0;0;0;0;0;0;0;0;0;0;0;0;0;0;0;0;0;0;0;0;0;0;2.727;737;0;0;0;3.464;116;306;169;0;0;0;0;591;0
COOPERATIVA DE ECONOMIA E CREDITO MUTUO DOS FUNCIONARIOS DA COMIGO;1.062.439;b3S;I;2;S5;9;RIO VERDE;GO;09/2020;13.509;5;1.367;3.602;5.798;1.374;189;0;12.335;0;446;126;225;48;0;0;844;0;16;35;73;6;0;0;130;0;0;0;0;0;0;0;0;0;0;0;0;0;0;0;0;0;0;0;0;0;0;0;0;7;45;148;0;0;0;0;200;0
COOPERATIVA DE ECONOMIA E CRÉDITO MÚTUO DOS SERVIDORES DA PREFEITURA MUNICIPAL DE ORLÂNDIA - CRED SERV;946.465;b3S;I;2;S5;9;ORLANDIA;SP;09/2020;13.367;6;404;1.757;4.668;4.851;1.682;0;13.367;0;0;0;0;0;0;0;0;0;0;0;0;0;0;0;0;0;0;0;0;0;0;0;0;0;0;0;0;0;0;0;0;0;0;0;0;0;0;0;0;0;0;0;0;0;0;0;0;0
COOPERATIVA DE ECONOMIA E CREDITO MUTUO DOS INTEGRANTES DO MINISTERIO PUBLICO DO RIO GRANDE DO SUL - SICREDI MP;3.662.047;b3S;I;2;S4;9;PORTO ALEGRE;RS;09/2020;13.169;0;775;2.034;3.785;1.991;1.885;0;10.470;0;232;106;171;2;0;0;510;0;18;58;146;66;0;0;288;0;0;0;0;0;0;0;0;0;702;253;0;0;0;0;956;0;0;0;0;0;0;0;0;0;143;105;258;122;316;1;945;0
COOPERATIVA DE CRÉDITO DE LIVRE ADMISSÃO DE ARAXÁ LTDA - SICOOB COOCREZ;71.378.426;b3S;I;2;S5;9;ARAXA;MG;09/2020;13.006;0;0;0;0;0;0;0;0;104;1.586;3.053;2.639;289;0;0;7.672;48;318;850;1.052;189;1;0;2.458;0;0;0;0;0;0;0;0;0;0;0;0;0;0;0;0;1;255;638;637;241;0;0;1.772;64;315;207;396;73;48;0;1.104;0
COOPERATIVA DE CRÉDITO DE LIVRE ADMISSÃO DO OESTE MARANHENSE - SICOOB OESTE MARANHENSE;9.424.988;b3S;I;2;S5;9;ACAILANDIA;MA;09/2020;12.984;448;333;607;1.171;186;0;0;2.744;86;853;1.442;1.072;66;0;0;3.520;6;51;130;154;21;0;0;361;0;0;0;0;0;0;0;0;0;0;0;0;0;0;0;0;0;0;1.599;3.431;0;0;0;5.030;62;1.014;253;3;0;0;0;1.331;0
COOPERATIVA DE CRÉDITO DE LIVRE ADMISSÃO DO VALE RIO CRIXÁS LTDA.;7.108.146;b3S;I;2;S5;9;CRIXAS;GO;09/2020;12.905;0;0;0;0;0;0;0;0;20;583;629;36;0;0;0;1.268;0;0;0;0;0;0;0;0;0;0;0;0;0;0;0;0;0;0;0;0;0;0;0;0;8;1.164;4.723;3.796;0;0;0;9.691;550;1.330;66;1;0;0;0;1.946;0
AGENCIA DE FOMENTO DE GOIAS S/A;3.918.382;n1;I;1;S4;30;GOIANIA;GO;09/2020;12.849;0;0;0;0;0;0;0;0;13;385;1.199;1.741;196;16;0;3.550;0;0;0;0;0;0;0;0;0;0;0;0;0;0;0;0;0;0;0;0;0;0;0;0;430;610;1.506;2.806;998;181;0;6.532;0;131;582;1.600;454;0;0;2.767;0
ASPECIR - SOCIEDADE DE CRÉDITO AO MICROEMPREENDEDOR E À EMPRESA DE PEQUENO PORTE LTDA.;5.289.612;n1;I;2;S5;10;PORTO ALEGRE;RS;09/2020;12.839;0;0;0;0;0;0;0;0;0;0;0;0;0;0;0;0;0;0;0;0;0;0;0;0;0;0;0;0;0;0;0;0;0;0;0;0;0;0;0;0;0;0;0;0;0;0;0;0;67;573;1.518;4.232;4.248;2.202;0;12.839;0
BANCO PAULISTA S.A.;61.820.817;b1;I;2;S4;8;SAO PAULO;SP;09/2020;12.774;0;0;0;0;0;0;0;0;1.728;423;980;0;0;0;0;3.131;0;0;0;0;0;0;0;0;0;0;0;0;0;0;0;0;0;0;0;0;0;0;0;0;0;0;0;0;0;0;0;0;24;376;838;2.059;1.901;4.430;17;9.643;0
COOPERATIVA DE ECONOMIA E CRÉDITO MÚTUO DOS MÉDICOS E DEMAIS PROFISSIONAIS DA SAÚDE DE TEÓFILO OTONI LTDA.;1.709.266;b3S;I;2;S5;9;TEOFILO OTONI;MG;09/2020;12.501;0;56;129;57;0;0;0;241;70;1.044;2.471;3.611;968;448;0;8.612;1;138;303;276;34;0;0;751;0;0;0;0;0;0;0;0;0;0;0;0;0;0;0;0;0;0;0;0;0;0;0;0;26;590;483;700;518;579;0;2.896;0
COOPERATIVA DE CRÉDITO DOS MEDICOS E DEMAIS PROFISSIONAIS DE NIVEL SUPERIOR DA AREA DE SAUDE DE SALVADOR E REGIAO METROPOLITANA LTDA - SICOOB CREDMED;7.440.317;b3S;I;2;S5;9;SALVADOR;BA;09/2020;12.369;1;44;112;61;0;0;0;218;163;1.324;3.305;4.486;409;0;0;9.688;1;137;409;716;200;7;0;1.469;0;0;0;0;0;0;0;0;0;0;0;0;0;0;0;0;0;0;0;0;0;0;0;0;282;646;66;0;0;0;0;994;0
COOPERATIVA DE CRÉDITO CLÁSSICA DOS EMPREGADOS DA VALE S/A E ENTIDADES VINCULADAS LTDA. – SICOOB COOPVALE;33.924.028;b3S;I;2;S5;9;RIO DE JANEIRO;RJ;09/2020;12.368;198;1.408;5.338;2.990;116;50;0;10.100;47;81;1.808;213;18;0;0;2.167;0;0;0;0;0;0;0;0;0;0;0;0;0;0;0;0;0;0;0;0;0;0;0;0;0;0;0;0;0;0;0;0;15;86;0;0;0;0;0;101;0
COOPERATIVA DE ECONOMIA E CRÉDITO MÚTUO DOS SERVIDORES PÚBLICOS MUNICIPAIS EM JOÃO MONLEVADE LTDA. - COPREMON;18.310.649;b3S;I;2;S5;9;JOAO MONLEVADE;MG;09/2020;12.179;21;809;2.425;4.469;2.589;1.829;0;12.143;3;1;0;0;0;0;0;5;0;0;0;0;0;0;0;0;0;0;0;0;0;0;0;0;0;0;0;0;0;0;0;0;0;0;0;0;0;0;0;0;32;0;0;0;0;0;0;32;0
COOPERATIVA DE ECONOMIA E CRÉDITO MÚTUO CECREB;67.087.569;b3S;I;2;S5;9;SAO PAULO;SP;09/2020;11.850;20;79;191;177;10;0;0;478;11.356;0;0;0;0;0;0;11.356;14;0;0;0;0;0;0;14;0;0;0;0;0;0;0;0;0;0;0;0;0;0;0;0;0;0;0;0;0;0;0;0;2;0;0;0;0;0;0;2;0
COOPERATIVA DE CRÉDITO DE LIVRE ADMISSÃO DE ITAJUBÁ LTDA - SICOOB SUL DE MINAS;4.079.285;b3S;I;2;S5;9;ITAJUBA;MG;09/2020;11.811;19;155;376;589;51;0;0;1.189;73;593;1.381;2.670;1.294;1.001;0;7.011;2;175;476;641;129;2;0;1.425;0;0;0;0;0;0;0;0;0;0;0;0;0;0;0;0;0;0;29;19;23;0;0;71;155;413;358;541;300;347;0;2.114;0
COOPERATIVA DE CRÉDITO, POUPANÇA E INVESTIMENTO DOS PROFESSORES, FUNCIONÁRIOS E ALUNOS DA UNIVERSIDADE DE CAXIAS DO SUL – SICREDI COOPERUCS;4.525.997;b3S;I;2;S4;9;CAXIAS DO SUL;RS;09/2020;11.748;41;223;548;706;55;0;0;1.573;21;401;873;1.114;240;0;0;2.649;0;85;281;398;58;0;0;822;0;0;0;0;0;0;0;0;64;1.824;585;0;0;0;0;2.474;0;0;0;0;0;0;0;0;58;583;725;1.144;506;1.216;0;4.231;0
GOLCRED S/A - CRÉDITO, FINANCIAMENTO E INVESTIMENTO;7.631.026;n1;I;2;S4;14;SAO JOSE;SC;09/2020;11.746;21;223;287;58;0;0;0;589;1.638;1.887;2.692;1.058;9;0;0;7.283;76;688;1.507;1.535;68;0;0;3.874;0;0;0;0;0;0;0;0;0;0;0;0;0;0;0;0;0;0;0;0;0;0;0;0;0;0;0;0;0;0;0;0;0
GRUPO BONSUCESSO - BS2;52.034;b1;C;2;S4;199;BELO HORIZONTE;MG;09/2020;11.664;106;453;1.072;21;6;0;0;1.657;2.820;529;877;1.317;212;7;0;5.761;0;18;49;37;0;0;0;105;0;0;0;0;0;0;0;0;91;2.737;696;0;0;0;0;3.524;0;0;0;0;0;0;0;0;503;68;46;0;0;0;0;617;0
COOPERATIVA DE ECONOMIA E CRÉDITO MÚTUO DOS FUNCIONÁRIOS DA TETRA PAK;67.341.487;b3S;I;2;S5;9;MONTE MOR;SP;09/2020;11.643;0;751;3.070;6.020;1.382;0;0;11.222;21;19;51;85;5;0;0;181;0;0;0;0;0;0;0;0;0;0;0;0;0;0;0;0;0;0;0;0;0;0;0;0;0;0;0;0;0;0;0;0;2;0;0;0;0;0;238;240;0
COOPERATIVA DE CRÉDITO DA REGIÃO DO VALE DO RIO GRANDE LTDA. - SICOOB CREDILEITE;86.585.049;b3S;I;2;S5;9;UBERABA;MG;09/2020;11.496;0;0;0;0;0;0;0;0;3;2.115;1.318;1.043;192;6;0;4.676;2;90;224;366;26;0;0;707;0;0;0;0;0;0;0;0;0;0;0;0;0;0;0;0;0;1.834;1.865;0;0;0;0;3.699;43;1.793;306;272;0;0;0;2.414;0
BANCO OURINVEST S.A.;78.632.767;b1;I;2;S4;8;SAO PAULO;SP;09/2020;11.449;0;0;0;0;0;0;0;0;0;9.552;54;1.598;60;172;0;11.435;0;0;0;0;0;0;0;0;0;0;0;0;0;0;0;0;14;0;0;0;0;0;0;14;0;0;0;0;0;0;0;0;0;0;0;0;0;0;0;0;0
COOPERATIVA DE CRÉDITO DE LIVRE ADMISSÃO E DOS TRANSPORTADORES RODOVIÁRIOS DE VEÍCULOS – SICOOB CREDCEG;7.789.195;b3S;I;2;S5;9;SAO BERNARDO DO CAMPO;SP;09/2020;11.383;0;0;0;0;0;0;0;0;116;1.225;2.916;2.437;253;0;0;6.946;58;305;925;1.805;189;0;0;3.282;0;0;0;0;0;0;0;0;0;0;0;0;0;0;0;0;0;0;0;0;0;0;0;0;206;547;402;0;0;0;0;1.155;0
COOPERATIVA DE ECONOMIA E CRÉDITO MÚTUO DOS FUNCIONÁRIOS DA ERICSSON;48.718.183;b3S;I;2;S5;9;SAO PAULO;SP;09/2020;11.248;160;993;3.560;5.610;531;16;0;10.870;0;0;0;0;0;0;0;0;0;18;66;174;66;1;0;325;0;0;0;0;0;0;0;0;0;0;0;0;0;0;0;0;0;0;0;0;0;0;0;0;14;38;0;0;0;0;0;52;0
COOPERATIVA DE CRÉDITO DE LIVRE ADMISSÃO DE ASSOCIADOS DE DORES DO INDAIÁ LTDA - COOPCREDI;2.254.376;b3S;I;2;S5;9;DORES DO INDAIA;MG;09/2020;11.064;0;0;0;0;0;0;0;0;65;1.098;1.949;3.210;825;0;0;7.147;1;170;431;760;140;0;0;1.501;0;0;0;0;0;0;0;0;0;0;0;0;0;0;0;0;0;0;0;0;0;0;0;0;100;881;628;657;147;3;0;2.416;0
COOPERATIVA DE ECONOMIA E CREDITO MUTUO DOS TRABALHADORES PORTUARIOS DA GRANDE VITORIA - CREDESTIVA.;3.844.699;b3S;I;2;S5;9;VITORIA;ES;09/2020;11.046;0;0;0;0;0;0;0;0;558;768;1.889;1.642;36;0;0;4.893;0;0;0;0;0;0;0;0;0;0;0;0;0;0;0;0;0;0;0;0;0;0;0;0;0;0;0;0;0;0;0;0;452;768;2.424;2.413;96;0;0;6.153;0
COOPERATIVA DE ECONOMIA E CRÉDITO MÚTUO DOS EMPREGADOS DAS EMPRESAS CONTROLADAS E COLIGADAS DA USINA SANTA ADELIA - USAGRO;68.969.625;b3S;I;2;S5;9;JABOTICABAL;SP;09/2020;10.958;63;681;1.470;2.941;2.485;2.380;0;10.021;8;160;56;84;64;50;0;422;2;23;51;136;119;9;0;341;0;0;0;0;0;0;0;0;0;0;0;0;0;0;0;0;0;0;0;0;0;0;0;0;82;59;24;10;0;0;0;174;0
CARUANA S.A. - SOCIEDADE DE CRÉDITO, FINANCIAMENTO E INVESTIMENTO;9.313.766;n1;I;2;S4;14;SAO PAULO;SP;09/2020;10.912;0;0;0;0;0;0;0;0;0;1;1;1;0;0;0;3;0;428;1.192;1.295;13;0;0;2.927;0;0;0;0;0;0;0;0;3.275;4.707;0;0;0;0;0;7.982;0;0;0;0;0;0;0;0;0;0;0;0;0;0;0;0;0
COOPERATIVA DE CRÉDITO DOS EMPREGADOS DE ELEVADORES ATLAS;43.730.498;b3S;I;2;S5;9;SAO PAULO;SP;09/2020;10.909;16;948;3.681;5.676;575;0;0;10.896;0;0;0;0;0;0;0;0;0;0;0;0;0;0;0;0;0;0;0;0;0;0;0;0;0;0;0;0;0;0;0;0;0;0;0;0;0;0;0;0;13;0;0;0;0;0;0;13;0
TULLETT PREBON BRASIL;52.027;n2;C;3;S4;196;SAO PAULO;SP;09/2020;10.886;0;0;0;0;0;0;0;0;0;0;0;0;0;0;0;0;0;0;0;0;0;0;0;0;0;0;0;0;0;0;0;0;0;0;0;0;0;0;0;0;0;0;0;0;0;0;0;0;0;0;0;0;0;0;10.886;10.886;0
COOPERATIVA DE CRÉDITO DOS MÉDICOS E PROFISSIONAIS DE SAÚDE DE SÃO LUÍS - SICREDI SÃO LUÍS;8.143.326;b3S;I;2;S5;9;SAO LUIS;MA;09/2020;10.855;1;227;682;1.500;1.075;912;0;4.396;28;429;922;931;14;0;0;2.323;24;186;409;539;10;0;0;1.168;0;0;0;0;0;0;0;0;58;1.147;442;0;0;0;0;1.647;0;0;0;0;0;0;0;0;68;489;353;409;3;0;0;1.321;0
COOPERATIVA DE ECONOMIA E CREDITO MUTUO DOS SERVIDORES PUBLICOS DE PINHÃO - CRESERV-PINHÃO;4.831.810;b3S;I;2;S5;9;PINHAO;PR;09/2020;10.827;0;427;1.644;3.367;2.213;608;0;8.259;8;546;759;1.037;116;21;0;2.486;0;0;0;0;0;0;0;0;0;0;0;0;0;0;0;0;0;0;0;0;0;0;0;0;0;0;0;0;0;0;0;0;2;13;24;2;14;27;0;82;0
COOPERATIVA DE CRÉDITO RURAL DE ALTEROSA LTDA - SICOOB COOPEROSA;71.437.123;b3S;I;2;S5;9;ALTEROSA;MG;09/2020;10.823;0;0;0;0;0;0;0;0;85;1.434;1.273;1.133;15;0;0;3.940;9;90;204;230;16;0;0;550;0;0;0;0;0;0;0;0;0;0;0;0;0;0;0;0;146;1.022;2.993;984;416;79;0;5.640;37;604;52;0;0;0;0;693;0
COOPERATIVA DE CRÉDITO DOS EMPRESÁRIOS DO ESTADO DE GOIÁS LTDA;4.406.371;b3S;I;2;S5;9;GOIANIA;GO;09/2020;10.767;0;0;0;0;0;0;0;0;191;1.108;2.095;3.206;655;8;0;7.263;9;211;563;1.313;353;0;0;2.448;0;0;0;0;0;0;0;0;0;0;0;0;0;0;0;0;0;0;0;0;0;0;0;0;446;333;144;30;29;74;0;1.056;0
COOPERATIVA DE ECONOMIA E CRÉDITO MÚTUO DOS EMPREGADOS DA COMPANHIA BRASILEIRA DE ALUMÍNIO;54.335.401;b3S;I;2;S5;9;ALUMINIO;SP;09/2020;10.744;51;529;2.240;5.281;1.725;0;0;9.827;57;565;83;175;37;0;0;916;0;0;0;0;0;0;0;0;0;0;0;0;0;0;0;0;0;0;0;0;0;0;0;0;0;0;0;0;0;0;0;0;0;0;0;0;0;0;0;0;0
COOPERATIVA DE ECONOMIA E CRÉDITO MÚTUO DOS EMPREGADOS DA MINERACÃO RIO DO NORTE S/A, EM PORTO TROMBETAS LIMITADA -  CREDNORTE;4.998.845;b3S;I;2;S5;9;ORIXIMINA;PA;09/2020;10.656;5;676;2.811;5.101;1.726;85;0;10.404;0;34;55;121;42;0;0;252;0;0;0;0;0;0;0;0;0;0;0;0;0;0;0;0;0;0;0;0;0;0;0;0;0;0;0;0;0;0;0;0;0;0;0;0;0;0;0;0;0
CREBEL - COOPERATIVA DE ECONOMIA E CRÉDITO MÚTUO DOS COLABORADORES DAS EMPRESAS BELGO BEKAERT - CREBEL LTDA.;23.241.540;b3S;I;2;S5;9;CONTAGEM;MG;09/2020;10.642;0;836;3.235;5.500;1.070;0;0;10.642;0;0;0;0;0;0;0;0;0;0;0;0;0;0;0;0;0;0;0;0;0;0;0;0;0;0;0;0;0;0;0;0;0;0;0;0;0;0;0;0;0;0;0;0;0;0;0;0;0
COOPERATIVA DE CRÉDITO MÚTUO DE SERVIDORES PÚBLICOS DO ESTADO DE SÃO PAULO - CREDIFISCO;4.546.162;b3S;I;2;S5;9;SAO PAULO;SP;09/2020;10.620;26;591;1.515;3.146;2.384;1.887;0;9.549;18;105;224;414;149;76;0;986;0;3;10;31;3;0;0;46;0;0;0;0;0;0;0;0;0;0;0;0;0;0;0;0;0;0;0;0;0;0;0;0;39;0;0;0;0;0;0;39;0
AGENCIA DE FOMENTO DO RIO GRANDE DO NORTE S.A.;3.848.103;n1;I;1;S4;30;NATAL;RN;09/2020;10.508;0;0;0;0;0;0;0;0;0;0;0;0;0;0;0;0;0;0;0;0;0;0;0;0;0;0;0;0;0;0;0;0;0;0;0;0;0;0;0;0;50;174;509;383;84;0;0;1.199;643;2.496;5.339;830;0;0;0;9.309;0
COOPERATIVA DE CRÉDITO RURAL ASCOOB COOPERAR;2.025.743;b3S;I;2;S5;9;ARACI;BA;09/2020;10.417;24;156;4;5;0;0;0;188;169;575;1.188;1.183;217;83;0;3.415;28;172;447;946;257;0;0;1.850;0;0;0;0;0;0;0;0;6;279;60;0;0;0;0;345;1;5;14;0;0;0;0;20;267;1.210;2.114;990;0;3;15;4.599;0
COOPERATIVA DE ECONOMIA E CRÉDITO MÚTUO DOS COLABORADORES DO GRUPO EMPRESARIAL A COSTA LTDA.;20.062.766;b3S;I;2;S5;9;VISCONDE DO RIO BRANCO;MG;09/2020;10.410;125;2.117;4.605;2.941;7;0;0;9.794;10;36;89;169;50;0;0;354;0;0;0;0;0;0;0;0;0;0;0;0;0;0;0;0;0;0;0;0;0;0;0;0;0;0;0;0;0;0;0;0;9;174;71;7;0;0;0;262;0
COOPERATIVA    DE    ECONOMIA    E    CRÉDITO   MÚTUO  MINUANO;88.325.113;b3S;I;2;S5;9;CANOAS;RS;09/2020;10.311;70;632;2.553;4.200;1.547;217;0;9.220;18;192;281;413;171;17;0;1.091;0;0;0;0;0;0;0;0;0;0;0;0;0;0;0;0;0;0;0;0;0;0;0;0;0;0;0;0;0;0;0;0;0;0;0;0;0;0;0;0;0
COOPERATIVA DE ECONOMIA E CREDITO MUTUO DOS EMPREGADOS DO GRUPO BAYER LTDA;73.631.483;b3S;I;2;S5;9;BELFORD ROXO;RJ;09/2020;10.272;0;0;0;0;0;0;0;0;21;971;3.604;4.978;697;0;0;10.272;0;0;0;0;0;0;0;0;0;0;0;0;0;0;0;0;0;0;0;0;0;0;0;0;0;0;0;0;0;0;0;0;0;0;0;0;0;0;0;0;0
COOPERATIVA DE CRÉDITO MÚTUO DOS POLICIAIS FEDERAIS E SERVIDORES DA UNIÃO NO ESPÍRITO SANTO - CREDFEDERAL;2.083.914;b3S;I;2;S5;9;VILA VELHA;ES;09/2020;10.255;22;847;1.828;3.135;2.169;1.344;0;9.345;11;24;34;132;223;169;0;593;0;0;0;0;0;0;0;0;0;0;0;0;0;0;0;0;0;0;0;0;0;0;0;0;0;0;0;0;0;0;0;0;187;37;18;52;12;12;0;317;0
COOPERATIVA DE CRÉDITO DE LIVRE ADMISSÃO DA GRANDE TERESINA E MICRORREGIÕES DE CAMPO MAIOR, MÉDIO PARNAÍBA, ALTO MÉDIO GURGUEIA, FLORIANO, PICOS E LITORAL PIAUIENSE – SICOOB PIAUÍ;5.477.038;b3S;I;2;S5;9;TERESINA;PI;09/2020;10.117;9;341;1.228;2.660;1.401;1.066;0;6.704;88;291;641;605;114;49;0;1.788;5;52;157;238;43;0;0;496;0;0;0;0;0;0;0;0;0;0;0;0;0;0;0;0;0;0;0;0;0;0;0;0;90;170;19;67;92;485;207;1.129;0
COOPERATIVA DE CREDITO DOS FORNECEDORES DE CANA E DEMAIS PRODUTORES RURAIS DO CENTRO DO ESTADO DE SAO PAULO - CREDICENTRO;53.776.852;b3S;I;2;S5;9;ARARAQUARA;SP;09/2020;10.109;0;0;0;0;0;0;0;0;303;1.226;2.707;4.172;22;1.113;0;9.543;0;0;0;0;0;0;0;0;0;0;0;0;0;0;0;0;0;0;0;0;0;0;0;0;0;0;0;0;0;0;0;0;8;303;256;0;0;0;0;567;0
COOPERATIVA DE CREDITO DOS SERVIDORES DA UNIVERSIDADE FEDERAL DO ESPIRITO SANTO;27.302.181;b3S;I;2;S5;9;VITORIA;ES;09/2020;10.018;171;1.242;2.433;4.094;1.335;569;0;9.844;0;0;0;0;0;0;0;0;0;1;5;17;0;0;0;22;0;0;0;0;0;0;0;0;0;0;0;0;0;0;0;0;0;0;0;0;0;0;0;0;32;119;0;0;0;0;0;151;0
COOPERATIVA DE CRÉDITO MÚTUO DOS SERVIDORES DA ASSEMBLEIA LEGISLATIVA DO ESTADO DE SÃO PAULO - COOPERALESP;4.791.645;b3S;I;2;S5;9;SAO PAULO;SP;09/2020;9.906;0;515;1.342;2.384;1.202;919;0;6.362;33;312;878;1.763;557;0;0;3.544;0;0;0;0;0;0;0;0;0;0;0;0;0;0;0;0;0;0;0;0;0;0;0;0;0;0;0;0;0;0;0;0;0;0;0;0;0;0;0;0;0
BANCO GUANABARA S.A.;31.880.826;b1;I;2;S4;8;RIO DE JANEIRO;RJ;09/2020;9.837;0;0;0;0;0;0;0;0;880;1.310;4.176;3.345;4;0;0;9.714;0;19;51;53;0;0;0;123;0;0;0;0;0;0;0;0;0;0;0;0;0;0;0;0;0;0;0;0;0;0;0;0;0;0;0;0;0;0;0;0;0
COOPERATIVA DE CRÉDITO DOS SERVIDORES PÚBLICOS MUNICIPAIS DA GRANDE VITÓRIA/ES;1.235.921;b3S;I;2;S5;9;VITORIA;ES;09/2020;9.584;74;1.049;2.972;3.871;418;1;0;8.385;224;501;100;88;3;0;0;915;0;0;0;0;0;0;0;0;0;0;0;0;0;0;0;0;0;0;0;0;0;0;0;0;0;0;0;0;0;0;0;0;5;180;99;0;0;0;0;285;0
BANCO RNX S.A.;80.271.455;b2;I;2;S4;8;CURITIBA;PR;09/2020;9.566;0;0;0;0;0;0;0;0;27;27;62;58;0;0;0;174;64;1.130;2.809;4.531;857;0;0;9.392;0;0;0;0;0;0;0;0;0;0;0;0;0;0;0;0;0;0;0;0;0;0;0;0;0;0;0;0;0;0;0;0;0
COOPERATIVA DE CRÉDITO SICOOB CREDMETAL;3.535.065;b3S;I;2;S5;9;OSASCO;SP;09/2020;9.490;144;1.293;2.914;3.220;206;0;0;7.776;40;155;376;731;247;8;0;1.557;0;0;0;0;0;0;0;0;0;0;0;0;0;0;0;0;0;0;0;0;0;0;0;0;0;0;0;0;0;0;0;0;126;26;5;0;0;0;0;157;0
COOPERATIVA DE CRÉDITO MÚTUO DOS EMPREGADOS DA SKF E COLIGADAS;49.091.119;b3S;I;2;S5;9;CAJAMAR;SP;09/2020;9.481;0;1.031;2.701;5.689;23;0;0;9.444;24;13;0;0;0;0;0;37;0;0;0;0;0;0;0;0;0;0;0;0;0;0;0;0;0;0;0;0;0;0;0;0;0;0;0;0;0;0;0;0;0;0;0;0;0;0;0;0;0
COOPERATIVA DE ECONOMIA E CRÉDITO MÚTUO DOS SERVIDORES PÚBLICOS DO PODER EXECUTIVO FEDERAL NO ESTADO DO ESPÍRITO SANTO - COOPSEFES;3.639.902;b3S;I;2;S5;9;VITORIA;ES;09/2020;9.455;179;713;969;1.710;865;864;0;5.300;80;640;1.535;1.198;0;0;0;3.453;0;26;67;153;32;24;0;302;0;0;0;0;0;0;0;0;0;0;0;0;0;0;0;0;0;0;0;0;0;0;0;0;100;28;43;146;82;0;0;400;0
COOPERATIVA DE CRÉDITO DE LIVRE ADMISSÃO DE RORAIMA LTDA.;2.137.018;b3S;I;2;S5;9;BOA VISTA;RR;09/2020;9.376;0;0;0;0;0;0;0;0;70;612;1.436;2.108;129;0;0;4.355;25;194;485;610;0;0;0;1.314;0;0;0;0;0;0;0;0;0;0;0;0;0;0;0;0;203;632;1.484;966;0;0;0;3.285;101;235;1;86;0;0;0;422;0
CREDJUST - COOPERATIVA DE CRÉDITO MÚTUO DOS INTEGRANTES DA JUSTIÇA DO TRABALHO DA 13ª REGIÃO LTDA.;4.608.925;b3S;I;2;S5;9;JOAO PESSOA;PB;09/2020;9.304;0;485;1.172;2.642;1.984;2.813;0;9.095;0;32;68;93;13;0;0;205;0;0;0;0;0;0;0;0;0;0;0;0;0;0;0;0;0;0;0;0;0;0;0;0;0;0;0;0;0;0;0;0;0;4;0;0;0;0;0;4;0
COOPERATIVA DE ECONOMIA E CRÉDITO MÚTUO DOS EMPREGADOS DA CENTRAIS ELÉTRICAS DE SANTA CATARINA - CREDELESC;8.850.613;b3S;I;2;S5;9;FLORIANOPOLIS;SC;09/2020;9.296;0;0;0;0;0;0;0;0;188;1.313;2.820;2.491;96;0;0;6.907;5;33;77;62;0;0;0;177;0;0;0;0;0;0;0;0;0;0;0;0;0;0;0;0;0;0;0;0;0;0;0;0;229;411;623;615;206;129;0;2.213;0
COOPERATIVA DE ECONOMIA E CRÉDITO MÚTUO DOS SERVIDORES DO SEMASA - SICOOB CECRESA;512.839;b3S;I;2;S5;9;SANTO ANDRE;SP;09/2020;9.270;27;485;1.064;2.776;2.523;701;0;7.575;12;87;208;607;649;107;0;1.670;0;0;0;0;0;0;0;0;0;0;0;0;0;0;0;0;0;0;0;0;0;0;0;0;0;0;0;0;0;0;0;0;11;14;0;0;0;0;0;25;0
COOPERATIVA DE ECONOMIA E CRÉDITO MÚTUO DOS SERVIDORES PÚBLICOS DO ESTADO DE SÃO PAULO - CREDIPAULISTA;3.139.644;b3S;I;2;S5;9;SAO PAULO;SP;09/2020;9.248;125;767;2.744;4.068;1.236;228;0;9.167;0;0;0;0;0;0;0;0;0;0;0;0;0;0;0;0;0;0;0;0;0;0;0;0;0;0;0;0;0;0;0;0;0;0;0;0;0;0;0;0;81;0;0;0;0;0;0;81;0
COOPERATIVA DE ECONOMIA E CRÉDITO MÚTUO DOS EMPREGADOS DA NOVELIS;57.545.436;b3S;I;2;S5;9;SANTO ANDRE;SP;09/2020;9.113;27;1.196;3.240;4.335;316;0;0;9.113;0;0;0;0;0;0;0;0;0;0;0;0;0;0;0;0;0;0;0;0;0;0;0;0;0;0;0;0;0;0;0;0;0;0;0;0;0;0;0;0;0;0;0;0;0;0;0;0;0
COOPERATIVA DE ECONOMIA E CREDITO MUTUO DOS COLABORADORES DA SG INDUSTRIA E COMERCIO DE MATERIAIS DE CONSTRUCAO, VIDROS E AFINS;61.039.038;b3S;I;2;S5;9;SAO PAULO;SP;09/2020;9.084;24;1.415;3.746;3.542;354;0;0;9.080;2;0;0;0;0;0;0;2;0;0;0;0;0;0;0;0;0;0;0;0;0;0;0;0;0;0;0;0;0;0;0;0;0;0;0;0;0;0;0;0;2;0;0;0;0;0;0;2;0
COOPERATIVA DE CRÉDITO POUPANÇA E INVESTIMENTO DOS ADVOGADOS DO ESTADO DO RIO GRANDE DO SUL - SICREDI COOABCRED RS;19.962.468;b3S;I;2;S4;9;PORTO ALEGRE;RS;09/2020;8.996;13;161;388;674;94;0;0;1.332;48;422;1.020;1.228;168;85;0;2.971;12;38;108;90;17;0;0;265;0;0;0;0;0;0;0;0;92;1.593;553;1;0;0;0;2.239;0;0;0;0;0;0;0;0;72;523;448;829;267;52;0;2.190;0
COOPERATIVA DE CRÉDITO, POUPANÇA E INVESTIMENTO EMPREENDEDORES - SICREDI EMPREENDEDORES PR;7.070.495;b3S;I;2;S5;9;CURITIBA;PR;09/2020;8.917;7;164;418;292;4;0;0;885;157;591;1.281;1.428;58;0;0;3.515;11;98;251;348;25;0;0;734;0;0;0;0;0;0;0;0;226;1.903;542;0;0;0;0;2.671;0;0;0;0;0;0;0;0;77;492;219;236;88;0;0;1.111;0
COOPERATIVA DE ECONOMIA E CRÉDITO MÚTUO DOS FUNCIONÁRIOS DA INTERNATIONAL INDÚSTRIA AUTOMOTIVA DA AMÉRICA DO SUL;59.620.708;b3S;I;2;S5;9;SAO PAULO;SP;09/2020;8.888;8;725;2.867;4.383;904;0;0;8.888;0;0;0;0;0;0;0;0;0;0;0;0;0;0;0;0;0;0;0;0;0;0;0;0;0;0;0;0;0;0;0;0;0;0;0;0;0;0;0;0;0;0;0;0;0;0;0;0;0
AGÊNCIA DE FOMENTO DO ESTADO DE PERNAMBUCO S.A.;13.178.690;n1;I;1;S4;30;RECIFE;PE;09/2020;8.869;0;0;0;0;0;0;0;0;0;0;0;0;0;0;0;0;0;0;0;0;0;0;0;0;0;0;0;0;0;0;0;0;0;0;0;0;0;0;0;0;0;0;0;0;0;0;0;0;267;2.786;5.436;380;0;0;0;8.869;0
COOPERATIVA DE ECONOMIA E CRÉDITO MÚTUO DOS FUNCIONÁRIOS DA ABRIL;43.438.662;b3S;I;2;S5;9;SAO PAULO;SP;09/2020;8.815;552;1.154;2.062;2.487;418;0;0;6.672;0;0;0;0;0;0;0;0;0;0;0;0;0;0;0;0;0;0;0;0;0;0;0;0;0;0;0;0;0;0;0;0;0;0;0;0;0;0;0;0;1.903;22;53;82;56;27;0;2.143;0
COOPERATIVA DE CRÉDITO, POUPANÇA E INVESTIMENTO BANDEIRANTES – SICREDI BANDEIRANTES SP;4.853.988;b3S;I;2;S5;9;SAO CARLOS;SP;09/2020;8.813;0;6;19;20;0;0;0;45;52;577;1.296;1.667;160;0;0;3.752;0;97;227;419;38;0;0;781;0;0;0;0;0;0;0;0;121;1.051;322;0;0;0;0;1.494;0;0;0;0;0;0;0;0;138;1.084;678;580;146;110;5;2.740;0
COOPERATIVA DE ECONOMIA E CRÉDITO MÚTUO DOS FUNCIONÁRIOS PÚBLICOS MUNICIPAIS DE ITAPIRA - CREDITA;2.115.870;b3S;I;2;S5;9;ITAPIRA;SP;09/2020;8.710;7;492;2.015;3.684;1.799;713;0;8.710;0;0;0;0;0;0;0;0;0;0;0;0;0;0;0;0;0;0;0;0;0;0;0;0;0;0;0;0;0;0;0;0;0;0;0;0;0;0;0;0;0;0;0;0;0;0;0;0;0
DEUTSCHE SPARKASSEN LEASING DO BRASIL BANCO MÚLTIPLO S.A.;23.511.655;b2;I;3;S4;8;SAO PAULO;SP;09/2020;8.616;0;0;0;0;0;0;0;0;0;0;0;0;0;0;0;0;9;476;2.783;4.482;866;0;0;8.616;0;0;0;0;0;0;0;0;0;0;0;0;0;0;0;0;0;0;0;0;0;0;0;0;0;0;0;0;0;0;0;0;0
COOPERATIVA DE ECONOMIA E CREDITO MUTUO DOS EMPREGADOS DE ELEVADORES ATLAS SCHINDLER LTDA.;42.107.706;b3S;I;2;S5;9;RIO DE JANEIRO;RJ;09/2020;8.546;0;0;0;0;0;0;0;0;11;702;2.681;3.902;1.089;25;90;8.500;0;0;0;0;0;0;0;0;0;0;0;0;0;0;0;0;0;0;0;0;0;0;0;0;0;0;0;0;0;0;0;0;46;0;0;0;0;0;0;46;0
COOPERATIVA DE CRÉDITO MÚTUO DOS FUNCIONÁRIOS DO GRUPO ABC - COOPER 7;4.414.354;b3S;I;2;S5;9;SAO BERNARDO DO CAMPO;SP;09/2020;8.487;68;852;2.150;3.802;346;4;0;7.222;88;364;431;306;0;0;0;1.189;0;0;0;0;0;0;0;0;0;0;0;0;0;0;0;0;0;0;0;0;0;0;0;0;0;0;0;0;0;0;0;0;75;1;0;0;0;0;0;76;0
COOPERATIVA DE CRÉDITO DOS MÉDICOS E DEMAIS PROFISSIONAIS DA SAÚDE DE VITÓRIA DA CONQUISTA;2.833.202;b3S;I;2;S5;9;VITORIA DA CONQUISTA;BA;09/2020;8.347;0;0;0;0;0;0;0;0;27;732;2.222;2.693;274;7;0;5.956;6;241;601;797;182;1;0;1.828;1;21;51;112;89;32;0;306;0;0;0;0;0;0;0;0;0;0;0;0;0;0;0;0;23;173;62;0;0;0;0;258;0
COOPERATIVA DE ECONOMIA E CRÉDITO MÚTUO DOS EMPREGADOS DO SISTEMA FIERGS - CRESUL;92.675.578;b3S;I;2;S5;9;PORTO ALEGRE;RS;09/2020;8.329;4;943;3.368;2.945;18;0;0;7.279;49;71;174;130;0;0;0;424;0;0;0;0;0;0;0;0;0;0;0;0;0;0;0;0;0;0;0;0;0;0;0;0;0;0;0;0;0;0;0;0;0;71;255;291;9;0;0;625;0
COOPERATIVA DE ECONOMIA E CRÉDITO MÚTUO DOS EMPREGADOS DAS EMPRESAS METALÚRGICAS DE MATÃO - METALCOOPERCRED;53.505.681;b3S;I;2;S5;9;MATAO;SP;09/2020;8.224;22;1.075;2.457;3.808;552;0;0;7.915;17;150;143;1;0;0;0;310;0;0;0;0;0;0;0;0;0;0;0;0;0;0;0;0;0;0;0;0;0;0;0;0;0;0;0;0;0;0;0;0;0;0;0;0;0;0;0;0;0
COOPERATIVA DE ECONOMIA E CRÉDITO MÚTUO DOS FUNCIONÁRIOS DA BOMBRIL;57.038.408;b3S;I;2;S5;9;SAO BERNARDO DO CAMPO;SP;09/2020;8.176;9;489;1.971;3.804;1.903;0;0;8.176;0;0;0;0;0;0;0;0;0;0;0;0;0;0;0;0;0;0;0;0;0;0;0;0;0;0;0;0;0;0;0;0;0;0;0;0;0;0;0;0;0;0;0;0;0;0;0;0;0
COOPERATIVA DE ECONOMIA E CRÉDITO MÚTUO DE LEME - SICOOB CREDIACIL;8.795.285;b3S;I;2;S5;9;LEME;SP;09/2020;8.150;0;26;71;82;23;4;0;206;27;542;1.668;3.793;684;0;0;6.714;4;88;225;356;14;0;0;688;0;0;0;0;0;0;0;0;0;0;0;0;0;0;0;0;0;0;0;0;0;0;0;0;57;270;39;97;74;5;0;542;0
COPERCRED - COOPERATIVA DE ECONOMIA E CRÉDITO MÚTUO DOS EMPREGADOS DAS EMPRESAS ZILLO LORENZETTI;58.022.195;b3S;I;2;S5;9;LENCOIS PAULISTA;SP;09/2020;8.137;12;1.036;3.676;3.214;0;0;0;7.938;0;21;57;96;0;0;0;175;0;0;0;0;0;0;0;0;0;0;0;0;0;0;0;0;0;0;0;0;0;0;0;0;0;0;0;0;0;0;0;0;0;23;1;0;0;0;0;25;0
BR PARTNERS;51.822;b2;C;2;S4;198;SAO PAULO;SP;09/2020;7.974;0;0;0;0;0;0;0;0;0;142;372;1.381;1.918;4.161;0;7.974;0;0;0;0;0;0;0;0;0;0;0;0;0;0;0;0;0;0;0;0;0;0;0;0;0;0;0;0;0;0;0;0;0;0;0;0;0;0;0;0;0
COOPERATIVA DE ECONOMIA E CRÉDITO MÚTUO DOS COLABORADORES DA UNIÃO BRASILEIRA DE EDUCAÇÃO E ENSINO, UNIÃO NORTE BRASILEIRA DE EDUCAÇÃO E CULTURA & UNIÃO BRASILEIRA DE EDUCAÇÃO CATÓLICA LTDA - COOMAR;2.588.819;b3S;I;2;S5;9;BELO HORIZONTE;MG;09/2020;7.797;59;1.367;2.829;2.929;561;0;0;7.745;0;0;52;0;0;0;0;52;0;0;0;0;0;0;0;0;0;0;0;0;0;0;0;0;0;0;0;0;0;0;0;0;0;0;0;0;0;0;0;0;0;0;0;0;0;0;0;0;0
COOPERATIVA DE CRÉDITO DE LIVRE ADMISSÃO DO CENTRO SUL DE MATO GROSSO DO SUL – SICOOB CENTRO SUL MS;10.319.386;b3S;I;2;S5;9;DOURADOS;MS;09/2020;7.782;0;0;0;0;0;0;0;0;34;647;3.035;2.011;608;9;0;6.344;0;44;123;143;1;0;0;310;0;0;0;0;0;0;0;0;0;0;0;0;0;0;0;0;0;0;0;0;0;0;0;0;374;539;35;94;86;0;0;1.128;0
COOPERATIVA DE ECONOMIA E CRÉDITO MÚTUO DOS EMPREGADOS DA EATON;73.077.398;b3S;I;2;S5;9;VALINHOS;SP;09/2020;7.745;11;677;2.743;4.127;159;15;0;7.732;2;2;5;4;0;0;0;13;0;0;0;0;0;0;0;0;0;0;0;0;0;0;0;0;0;0;0;0;0;0;0;0;0;0;0;0;0;0;0;0;0;0;0;0;0;0;0;0;0
COOPERATIVA DE ECONOMIA E CRÉDITO MÚTUO DOS FUNCIONÁRIOS DO GRUPO OWENS-ILLINOIS DO BRASIL;43.182.278;b3S;I;2;S5;9;SAO PAULO;SP;09/2020;7.724;49;1.012;3.597;2.862;0;0;0;7.520;9;194;0;0;0;0;0;204;0;0;0;0;0;0;0;0;0;0;0;0;0;0;0;0;0;0;0;0;0;0;0;0;0;0;0;0;0;0;0;0;0;0;0;0;0;0;0;0;0
SICOOB CREDIMONTES - COOPERATIVA DE CRÉDITO DE LIVRE ADMISSÃO REGIONAL DE MONTES CLAROS LTDA;2.031.139;b3S;I;2;S5;9;MONTES CLAROS;MG;09/2020;7.680;0;0;0;0;0;0;0;0;6;367;895;2.466;502;0;0;4.236;0;15;45;32;3;0;0;94;0;0;0;0;0;0;0;0;0;0;0;0;0;0;0;0;0;219;1.254;1.155;214;113;0;2.955;3;346;46;0;0;0;0;395;0
COOPERATIVA DE CRÉDITO E INVESTIMENTO DOS EMPREGADOS E SERVIDORES DA SECRETARIA ESTADUAL DE LOGÍSTICA E TRANSPORTES E ÓRGÃOS SUBORDINADOS DO ESTADO DE SÃO PAULO - SICOOB COOPTRANSP;66.555.665;b3S;I;2;S5;9;SAO PAULO;SP;09/2020;7.536;22;252;540;798;115;1;0;1.727;214;606;1.174;2.229;574;89;0;4.886;7;49;156;294;50;0;0;555;0;0;0;0;0;0;0;0;0;0;0;0;0;0;0;0;0;0;0;0;0;0;0;0;109;259;0;0;0;0;0;368;0
COOPERATIVA DE ECONOMIA E CRÉDITO MÚTUO DOS EMPREGADOS DA MERCK SHARP & DOHME FARMACÊUTICA - COOPERMSD;2.814.832;b3S;I;2;S5;9;SAO PAULO;SP;09/2020;7.518;0;663;2.577;3.500;549;0;0;7.288;35;68;106;21;0;0;0;229;0;0;0;0;0;0;0;0;0;0;0;0;0;0;0;0;0;0;0;0;0;0;0;0;0;0;0;0;0;0;0;0;0;0;0;0;0;0;0;0;0
COOPERATIVA DE ECONOMIA E CRÉDITO MÚTUO DOS SERVIDORES PÚBLICOS DA REGIÃO METROPOLITANA DE BELÉM - CREDISIS CREDBEM METROPOLITANA;991.739;b3S;I;2;S5;9;BELEM;PA;09/2020;7.420;11;754;2.470;3.025;409;0;0;6.670;4;116;312;289;29;1;0;751;0;0;0;0;0;0;0;0;0;0;0;0;0;0;0;0;0;0;0;0;0;0;0;0;0;0;0;0;0;0;0;0;0;0;0;0;0;0;0;0;0
COOPERATIVA DE CREDITO RURAL DE IBIAM - SULCREDI/IBIAM;8.240.446;b3S;I;2;S5;9;IBIAM;SC;09/2020;7.303;1;10;26;19;1;0;0;57;41;1.030;1.981;1.065;116;0;0;4.234;2;29;74;143;33;0;0;281;0;0;0;0;0;0;0;0;0;0;0;0;0;0;0;0;0;139;707;71;0;0;0;917;27;366;782;578;61;0;0;1.814;0
COOPERATIVA DE ECONOMIA E CREDITO MUTUO JOHN F. KENNEDY LTDA;33.735.192;b3S;I;2;S5;9;RIO DE JANEIRO;RJ;09/2020;7.290;94;1.201;2.786;2.607;412;8;0;7.109;16;160;5;0;0;0;0;181;0;0;0;0;0;0;0;0;0;0;0;0;0;0;0;0;0;0;0;0;0;0;0;0;0;0;0;0;0;0;0;0;0;0;0;0;0;0;0;0;0
COOPERATIVA DE CRÉDITO DO SUDOESTE BAIANO LTDA – SICOOB CREDICONQUISTA;2.282.165;b3S;I;2;S5;9;VITORIA DA CONQUISTA;BA;09/2020;7.205;0;28;76;114;22;0;0;240;86;674;1.134;1.225;190;12;0;3.322;13;144;402;671;62;0;0;1.293;0;0;0;0;0;0;0;0;0;0;0;0;0;0;0;0;0;392;465;115;22;0;0;994;323;842;191;0;0;0;0;1.357;0
COOPERATIVA DE ECONOMIA E CRÉDITO MÚTUO DOS SERVIDORES MUNICIPAIS DE POÇOS DE CALDAS LTDA. - COOPOÇOS;41.791.005;b3S;I;2;S5;9;POCOS DE CALDAS;MG;09/2020;7.019;37;759;1.933;4.121;169;1;0;7.019;0;0;0;0;0;0;0;0;0;0;0;0;0;0;0;0;0;0;0;0;0;0;0;0;0;0;0;0;0;0;0;0;0;0;0;0;0;0;0;0;0;0;0;0;0;0;0;0;0
COOPERATIVA DE ECONOMIA E CRÉDITO MÚTUO DOS TRABALHADORES DA CIA. DE PROCESSAMENTO DE DADOS DO ESTADO DE SÃO PAULO - CREDIPRODESP;67.915.868;b3S;I;2;S5;9;TABOAO DA SERRA;SP;09/2020;6.912;2;719;1.243;2.096;695;0;0;4.755;31;151;319;725;284;0;0;1.509;1;52;139;284;32;0;0;508;0;0;0;0;0;0;0;0;0;0;0;0;0;0;0;0;0;0;0;0;0;0;0;0;49;81;12;0;0;0;0;141;0
COOPERATIVA DE ECONOMIA E CRÉDITO MÚTUO DOS FUNCIONÁRIOS DA CIA AÇUCAREIRA VALE DO ROSÁRIO - COOPERVALE;44.958.981;b3S;I;2;S5;9;MORRO AGUDO;SP;09/2020;6.855;32;308;1.347;3.132;1.787;242;0;6.848;1;4;2;0;0;0;0;7;0;0;0;0;0;0;0;0;0;0;0;0;0;0;0;0;0;0;0;0;0;0;0;0;0;0;0;0;0;0;0;0;0;0;0;0;0;0;0;0;0
ATRIA S.A.- CRÉDITO, FINANCIAMENTO E INVESTIMENTO;5.956.581;n1;I;2;S5;14;ARAUCARIA;PR;09/2020;6.761;0;0;0;0;0;0;0;0;0;2.263;4.304;53;0;0;0;6.620;0;0;0;0;0;0;0;0;0;0;0;0;0;0;0;0;0;0;0;0;0;0;0;0;0;0;0;0;0;0;0;0;0;3;26;62;45;5;0;141;0
COOPERATIVA DE ECONOMIA E CRÉDITO MÚTUO DE SOROCABA E REGIÃO – SICOOB COOPERASO;10.175.348;b3S;I;2;S5;9;SOROCABA;SP;09/2020;6.760;17;415;1.252;1.929;252;0;0;3.864;18;245;704;692;290;42;0;1.992;1;57;161;335;104;0;0;657;0;0;0;0;0;0;0;0;0;0;0;0;0;0;0;0;0;0;0;0;0;0;0;0;53;65;129;0;0;0;0;247;0
COOPERATIVA DE CRÉDITO, POUPANÇA E INVESTIMENTO DOS ESCRIVÃES, NOTÁRIOS E REGISTRADORES NO ESTADO DO PARANÁ - SICREDI CREDENOREG PR;6.078.926;b3S;I;2;S5;9;CURITIBA;PR;09/2020;6.741;13;167;359;175;0;0;0;715;19;746;1.325;732;24;3;0;2.849;3;88;225;173;0;0;0;489;0;0;0;0;0;0;0;0;105;1.258;428;0;0;0;0;1.792;0;0;0;0;0;0;0;0;43;478;183;164;22;7;0;897;0
COOPERATIVA DE ECONOMIA E CRÉDITO MÚTUO DOS FUNCIONÁRIOS DO GRUPO AVIBRAS - COOPER AVIBRAS;43.268.960;b3S;I;2;S5;9;JACAREI;SP;09/2020;6.727;0;811;2.966;2.949;0;0;0;6.727;0;0;0;0;0;0;0;0;0;0;0;0;0;0;0;0;0;0;0;0;0;0;0;0;0;0;0;0;0;0;0;0;0;0;0;0;0;0;0;0;0;0;0;0;0;0;0;0;0
COOPERATIVA DE ECONOMIA E CRÉDITO MÚTUO DOS TRABALHADORES NA ÁREA DE SAÚDE, AFINS E EMPRESÁRIOS VINCULADOS À ACCI DE ERECHIM-RS-CREDISUL;7.494.300;b3S;I;2;S5;9;ERECHIM;RS;09/2020;6.727;0;0;0;0;0;0;0;0;0;0;0;0;0;0;0;0;0;0;0;0;0;0;0;0;0;0;0;0;0;0;0;0;0;0;0;0;0;0;0;0;0;0;0;0;0;0;0;0;345;1.263;1.832;2.584;637;41;26;6.727;0
COOPERATIVA DE ECONOMIA E CRÉDITO MÚTUO DOS FUNCIONÁRIOS DO GRUPO JAL LTDA.;5.548.335;b3S;I;2;S5;9;SAO JOAO DE MERITI;RJ;09/2020;6.620;0;0;0;0;0;0;0;0;1.034;1.159;2.771;1.655;0;0;0;6.620;0;0;0;0;0;0;0;0;0;0;0;0;0;0;0;0;0;0;0;0;0;0;0;0;0;0;0;0;0;0;0;0;0;0;0;0;0;0;0;0;0
PARATI - CREDITO, FINANCIAMENTO E INVESTIMENTO S.A.;3.311.443;n1;I;2;S5;14;VITORIA;ES;09/2020;6.619;54;562;1.429;2.500;1.293;702;0;6.539;0;75;2;3;0;0;0;80;0;0;0;0;0;0;0;0;0;0;0;0;0;0;0;0;0;0;0;0;0;0;0;0;0;0;0;0;0;0;0;0;0;0;0;0;0;0;0;0;0
COOPERATIVA DE CRÉDITO DE LIVRE ADMISSÃO DO CIRCUITO DAS ÁGUAS - SICOOB CIRCUITO DAS ÁGUAS;3.941.182;b3S;I;2;S5;9;AGUAS DE LINDOIA;SP;09/2020;6.593;0;2;6;7;3;0;0;18;54;285;646;1.066;763;574;66;3.455;0;12;34;91;10;0;0;147;0;0;0;0;0;0;0;0;0;0;0;0;0;0;0;0;30;134;187;257;20;0;0;628;266;1.141;665;272;0;0;0;2.344;0
COOPERATIVA DE ECONOMIA E CRÉDITO MÚTUO DOS FUNCIONÁRIOS DO GRUPO COMOLATTI - SÃO PAULO;47.196.084;b3S;I;2;S5;9;SAO PAULO;SP;09/2020;6.558;202;775;2.356;3.046;91;77;0;6.548;0;0;0;0;0;0;0;0;0;0;0;0;0;0;0;0;0;0;0;0;0;0;0;0;0;0;0;0;0;0;0;0;0;0;0;0;0;0;0;0;10;0;0;0;0;0;0;10;0
COOPERATIVA DE CRÉDITO E SERVIÇOS FINANCEIROS DE CURITIBA E REGIÃO METROPOLITANA;5.097.757;b3S;I;2;S5;9;CURITIBA;PR;09/2020;6.536;54;396;947;790;5;0;0;2.192;244;1.071;1.423;857;8;0;0;3.603;0;0;0;0;0;0;0;0;0;0;0;0;0;0;0;0;0;0;0;0;0;0;0;0;0;0;0;0;0;0;0;0;0;115;596;30;0;0;0;741;0
COOPERATIVA DE CRÉDITO RURAL DOS PLANTADORES DE CANA DE ALAGOAS;12.272.183;b3S;I;2;S5;9;MACEIO;AL;09/2020;6.450;0;0;0;0;0;0;0;0;0;0;0;0;0;0;0;0;0;0;0;0;0;0;0;0;0;0;0;0;0;0;0;0;0;0;0;0;0;0;0;0;0;0;0;0;0;0;0;0;486;97;5.840;27;0;0;0;6.450;0
COOPERATIVA DE ECONOMIA E CRÉDITO MÚTUO DOS SERVIDORES DO DISTRITO FEDERAL LTDA. - COOSERVCRED;778.858;b3S;I;2;S5;9;BRASILIA;DF;09/2020;6.351;9;587;1.541;2.788;1.077;18;0;6.020;0;51;111;135;30;4;0;331;0;0;0;0;0;0;0;0;0;0;0;0;0;0;0;0;0;0;0;0;0;0;0;0;0;0;0;0;0;0;0;0;0;0;0;0;0;0;0;0;0
COOPERATIVA DE ECONOMIA E CRÉDITO DE LIVRE ADMISSÃO LTDA. - SICOOB EMPRESARIAL;5.856.736;b3S;I;2;S5;9;BRASILIA;DF;09/2020;6.274;0;16;64;86;0;0;0;166;125;675;984;2.115;1.074;0;0;4.974;0;35;119;277;74;0;0;505;0;0;0;0;0;0;0;0;0;0;0;0;0;0;0;0;0;0;0;0;0;0;0;0;203;76;351;0;0;0;0;630;0
COOPERATIVA DE CRÉDITO DOS SERVIDORES PÚBLICOS MUNICIPAIS DE TIMÓTEO LTDA. - COOPERTIM;20.833.976;b3S;I;2;S5;9;TIMOTEO;MG;09/2020;6.147;4;443;1.112;2.135;1.227;870;0;5.791;17;24;315;0;0;0;0;356;0;0;0;0;0;0;0;0;0;0;0;0;0;0;0;0;0;0;0;0;0;0;0;0;0;0;0;0;0;0;0;0;0;0;0;0;0;0;0;0;0
COOPERATIVA DE ECONOMIA E CRÉDITO MÚTUO DOS EMPREGADOS DA TEKSID DO BRASIL LTDA., E NEMAK ALUMÍNIO DO BRASIL LTDA.;4.249.235;b3S;I;2;S5;9;BETIM;MG;09/2020;6.099;8;529;1.953;2.052;379;0;0;4.922;0;0;0;0;0;0;0;0;0;0;0;0;0;0;0;0;0;0;0;0;0;0;0;0;0;0;0;0;0;0;0;0;0;0;0;0;0;0;0;0;2;104;441;628;3;0;0;1.178;0
COOPERATIVA DE ECONOMIA E CRÉDITO MÚTUO DOS EMPREGADOS DA CEMIG E DAS INDÚSTRIAS METALÚRGICAS E DE MATERIAL ELÉTRICO E DOS SERVIDORES PÚBLICOS MUNICIPAIS DE JUIZ DE FORA LTDA. - SICOOB CECREMEC;17.502.881;b3S;I;2;S5;9;BELO HORIZONTE;MG;09/2020;6.070;20;183;786;1.396;114;0;0;2.498;45;264;520;1.102;436;1;0;2.368;0;46;159;441;154;0;0;801;0;0;0;0;0;0;0;0;0;0;0;0;0;0;0;0;0;0;0;0;0;0;0;0;21;381;0;0;0;0;0;402;0
BANCO RANDON S.A.;11.476.673;b2;I;2;S4;8;CAXIAS DO SUL;RS;09/2020;6.048;0;426;1.151;1.488;3;0;0;3.068;28;267;751;1.364;2;0;0;2.413;0;0;0;0;0;0;0;0;0;0;0;0;0;0;0;0;0;0;0;0;0;0;0;0;0;0;0;0;0;0;0;0;0;254;253;59;0;0;0;567;0
COOPERATIVA DE ECONOMIA E CRÉDITO MÚTUO DOS FUNCIONÁRIOS DA FACULDADE DE CIÊNCIAS AGRÁRIAS E VETERINÁRIAS - CAMPUS DE JABOTICABAL/SP - COOPERFAC;57.259.525;b3S;I;2;S5;9;JABOTICABAL;SP;09/2020;6.040;0;131;509;693;172;57;0;1.562;23;624;1.335;2.080;414;2;0;4.477;0;0;0;0;0;0;0;0;0;0;0;0;0;0;0;0;0;0;0;0;0;0;0;0;0;0;0;0;0;0;0;0;0;0;0;0;0;0;0;0;0
COOPERATIVA DE ECONOMIA E CRÉDITO MÚTUO DOS TRABALHADORES NAS INDÚSTRIAS DE EXTRAÇÃO DE FERRO E METAIS BÁSICOS DA REGIÃO DE CONGONHAS LTDA. - COOFERSE;71.384.697;b3S;I;2;S5;9;CONGONHAS;MG;09/2020;5.924;3;364;1.427;2.679;1.038;413;0;5.924;0;0;0;0;0;0;0;0;0;0;0;0;0;0;0;0;0;0;0;0;0;0;0;0;0;0;0;0;0;0;0;0;0;0;0;0;0;0;0;0;0;0;0;0;0;0;0;0;0
COOPERATIVA DE ECONOMIA E CRÉDITO MÚTUO DOS MÉDICOS E DEMAIS PROFISSIONAIS DA ÁREA DE SAÚDE DA REGIÃO DE RIBEIRÃO PRETO - MEDCRED DE RIBEIRÃO PRETO;3.575.699;b3S;I;2;S5;9;RIBEIRAO PRETO;SP;09/2020;5.898;0;0;0;0;0;0;0;0;4;238;592;569;170;0;0;1.573;0;11;32;77;44;1;0;165;0;0;0;0;0;0;0;0;0;0;0;0;0;0;0;0;0;0;0;0;0;0;0;0;63;482;701;1.332;1.215;357;10;4.161;0
COOPERATIVA DE ECONOMIA E CRÉDITO MÚTUO DOS EMPREGADOS DO GRUPO ALGAR E EMPREENDEDORES DO TRIÂNGULO MINEIRO LTDA - SICOOB TRIÂNGULO;1.296.040;b3S;I;2;S5;9;UBERLANDIA;MG;09/2020;5.879;26;617;1.894;1.458;67;0;0;4.063;4;154;493;773;122;0;0;1.547;0;2;9;33;0;0;0;45;0;0;0;0;0;0;0;0;0;0;0;0;0;0;0;0;0;0;0;0;0;0;0;0;73;29;91;31;0;0;0;224;0
COOPERATIVA DE ECONOMIA E CREDITO MUTUO DOS SERVIDORES ESTATUTARIOS DA ADMINISTRACAO DIRETA DO ESTADO DO ESPIRITO SANTO - COOPFISCO;2.475.222;b3S;I;2;S5;9;VITORIA;ES;09/2020;5.874;1;369;1.267;2.561;1.080;8;0;5.285;0;24;86;142;21;0;0;272;0;0;0;0;0;0;0;0;0;0;0;0;0;0;0;0;0;0;0;0;0;0;0;0;0;0;0;0;0;0;0;0;0;181;136;0;0;0;0;317;0
COOPERATIVA DE ECONOMIA E CRÉDITO MÚTUO DOS FUNCIONÁRIOS DA ASTRAZENECA DO BRASIL;1.288.797;b3S;I;2;S5;9;COTIA;SP;09/2020;5.859;229;596;2.309;2.553;2;0;0;5.690;0;0;0;0;0;0;0;0;0;0;0;0;0;0;0;0;0;0;0;0;0;0;0;0;0;0;0;0;0;0;0;0;0;0;0;0;0;0;0;0;10;26;51;83;0;0;0;170;0
COOPERATIVA DE CRÉDITO E INVESTIMENTO DO OESTE - CREDISIS OESTE;4.985.665;b3S;I;2;S5;9;ESPIGAO D'OESTE;RO;09/2020;5.839;0;0;0;0;0;0;0;0;2;785;1.272;280;0;0;0;2.340;0;87;257;172;0;0;0;516;0;0;0;0;0;0;0;0;0;0;0;0;0;0;0;0;0;0;910;0;0;0;0;910;15;1.971;88;0;0;0;0;2.073;0
COOPERATIVA DE ECONOMIA E CRÉDITO MÚTUO DOS EMPREGADOS DAS EMPRESAS PLASCAR;17.411.307;b3S;I;2;S5;9;JUNDIAI;SP;09/2020;5.680;5;595;2.439;2.642;0;0;0;5.680;0;0;0;0;0;0;0;0;0;0;0;0;0;0;0;0;0;0;0;0;0;0;0;0;0;0;0;0;0;0;0;0;0;0;0;0;0;0;0;0;0;0;0;0;0;0;0;0;0
COOPERATIVA DE CRÉDITO MÚTUO DOS DESPACHANTES DE TRÂNSITO DE SANTA CATARINA E RIO GRANDE DO SUL - SICOOB CREDITRAN;4.715.685;b3S;I;2;S5;9;FLORIANOPOLIS;SC;09/2020;5.604;0;0;0;0;0;0;0;0;0;592;1.402;1.327;54;0;0;3.375;0;204;524;763;126;0;0;1.617;0;0;0;0;0;0;0;0;0;0;0;0;0;0;0;0;0;0;0;0;0;0;0;0;10;271;307;24;0;0;0;613;0
NOSSA TERRA COOPERATIVA DE CRÉDITO DOS EMPREGADOS DAS EMPRESAS DE AGRONEGÓCIO E AFINS;49.204.605;b3S;I;2;S5;9;CAJATI;SP;09/2020;5.531;26;707;1.628;2.858;208;0;0;5.427;17;86;1;0;0;0;0;105;0;0;0;0;0;0;0;0;0;0;0;0;0;0;0;0;0;0;0;0;0;0;0;0;0;0;0;0;0;0;0;0;0;0;0;0;0;0;0;0;0
COOPERATIVA DE ECONOMIA E CRÉDITO MÚTUO DOS SERVIDORES DA ADMINISTRAÇÃO PÚBLICA MUNICIPAL DE PORTO ALEGRE;5.460.750;b3S;I;2;S5;9;PORTO ALEGRE;RS;09/2020;5.510;504;590;1.873;1.741;64;0;0;4.772;446;91;101;91;9;0;0;738;0;0;0;0;0;0;0;0;0;0;0;0;0;0;0;0;0;0;0;0;0;0;0;0;0;0;0;0;0;0;0;0;0;0;0;0;0;0;0;0;0
COOPERATIVA DE ECONOMIA E CRÉDITO MÚTUO DOS FUNCIONÁRIOS DA MORLAN - CRED MORLAN;731.320;b3S;I;2;S5;9;ORLANDIA;SP;09/2020;5.505;0;565;1.571;2.975;394;0;0;5.505;0;0;0;0;0;0;0;0;0;0;0;0;0;0;0;0;0;0;0;0;0;0;0;0;0;0;0;0;0;0;0;0;0;0;0;0;0;0;0;0;0;0;0;0;0;0;0;0;0
COOPERATIVA DE ECONOMIA E CRÉDITO MÚTUO DOS EMPREGADOS DO GRUPO SBF LTDA. - COOPER ATIVA SBF;2.232.228;b3S;I;2;S5;9;SAO PAULO;SP;09/2020;5.488;359;1.618;2.589;915;0;0;0;5.481;0;2;4;1;0;0;0;7;0;0;0;0;0;0;0;0;0;0;0;0;0;0;0;0;0;0;0;0;0;0;0;0;0;0;0;0;0;0;0;0;0;0;0;0;0;0;0;0;0
COOPERATIVA DE CRÉDITO CREDIFIEMG LTDA. – SICOOB CREDIFIEMG;7.469.260;b3S;I;2;S5;9;BELO HORIZONTE;MG;09/2020;5.443;1;0;0;0;0;0;0;1;26;363;1.584;2.233;964;15;0;5.185;0;7;12;12;0;0;0;31;0;0;0;0;0;0;0;0;0;0;0;0;0;0;0;0;0;0;0;0;0;0;0;0;35;152;38;0;0;0;0;225;0
COOPERATIVA DE CRÉDITO MÚTUO DOS EMPREGADOS DA PILKINGTON BRASIL;2.104.058;b3S;I;2;S5;9;CACAPAVA;SP;09/2020;5.298;11;328;1.342;2.382;1.233;3;0;5.298;0;0;0;0;0;0;0;0;0;0;0;0;0;0;0;0;0;0;0;0;0;0;0;0;0;0;0;0;0;0;0;0;0;0;0;0;0;0;0;0;0;0;0;0;0;0;0;0;0
COOPERATIVA DE CRÉDITO DE LIVRE ADMISSÃO DE ARCOS LTDA. - SICOOB ARCOMCREDI;71.230.338;b3S;I;2;S5;9;ARCOS;MG;09/2020;5.287;0;0;0;0;0;0;0;0;21;433;1.055;1.590;340;125;0;3.563;6;107;299;642;133;0;0;1.186;0;0;0;0;0;0;0;0;5;2;0;0;0;0;0;8;0;0;0;0;0;0;0;0;139;304;79;8;0;0;0;530;0
CRETOVALE - COOPERATIVA DE ECONOMIA E CRÉDITO MÚTUO DOS TRABALHADORES DA VALE;28.145.589;b3S;I;2;S5;9;VITORIA;ES;09/2020;5.242;18;543;2.339;2.074;3;0;0;4.976;5;23;233;5;0;0;0;266;0;0;0;0;0;0;0;0;0;0;0;0;0;0;0;0;0;0;0;0;0;0;0;0;0;0;0;0;0;0;0;0;0;0;0;0;0;0;0;0;0
BANCO PACCAR S.A.;28.517.628;b2;I;3;S4;8;PONTA GROSSA;PR;09/2020;5.226;0;0;0;0;0;0;0;0;0;0;0;0;0;0;0;0;0;401;1.247;2.788;789;0;0;5.226;0;0;0;0;0;0;0;0;0;0;0;0;0;0;0;0;0;0;0;0;0;0;0;0;0;0;0;0;0;0;0;0;0
DESENVOLVE SP - AGÊNCIA DE FOMENTO DO ESTADO DE SÃO PAULO S.A.;10.663.610;n1;I;1;S4;30;SAO PAULO;SP;09/2020;5.127;0;0;0;0;0;0;0;0;0;0;0;0;0;0;0;0;85;642;1.781;2.322;61;0;0;4.891;0;0;0;0;0;0;0;0;0;0;0;0;0;0;0;0;0;0;0;0;0;0;0;0;0;7;29;100;48;51;0;235;0
COOPERATIVA DE ECONOMIA E CRÉDITO DOS EMPRESÁRIOS, PROFISSIONAIS DO MERCADO IMOBILIÁRIO E DA CMI / SECOVI - SICOOB SECOVICRED MG;14.913.919;b3S;I;2;S5;9;BELO HORIZONTE;MG;09/2020;5.095;0;0;0;0;0;0;0;0;18;145;370;675;88;0;0;1.297;0;64;157;282;24;0;0;527;0;0;0;0;0;0;0;0;0;0;0;0;0;0;0;0;0;0;0;0;0;0;0;0;21;198;436;926;862;828;0;3.271;0
COOPERATIVA DE CRÉDITO DOS FORNECEDORES DE CANA DE BARRA BONITA E REGIÃO;44.746.352;b3S;I;2;S5;9;BARRA BONITA;SP;09/2020;5.077;0;0;0;0;0;0;0;0;1;0;0;0;0;0;0;1;0;0;0;0;0;0;0;0;0;0;0;0;0;0;0;0;0;0;0;0;0;0;0;0;24;1.379;2.070;749;0;0;0;4.222;0;324;235;265;30;0;0;854;0
COOPERATIVA DE ECONOMIA E CRÉDITO MÚTUO ALIANÇA - COOPERNITRO;52.935.442;b3S;I;2;S5;9;SAO PAULO;SP;09/2020;5.075;6;427;1.761;2.337;321;1;0;4.852;7;16;57;79;31;32;0;223;0;0;0;0;0;0;0;0;0;0;0;0;0;0;0;0;0;0;0;0;0;0;0;0;0;0;0;0;0;0;0;0;0;0;0;0;0;0;0;0;0
COOPERATIVA DE ECONOMIA E CRÉDITO MÚTUO DOS FUNCIONÁRIOS DA OWENS CORNING FIBERGLAS AMÉRICA DO SUL;48.172.860;b3S;I;2;S5;9;RIO CLARO;SP;09/2020;5.072;20;379;1.445;2.217;293;0;0;4.354;15;97;255;319;33;0;0;718;0;0;0;0;0;0;0;0;0;0;0;0;0;0;0;0;0;0;0;0;0;0;0;0;0;0;0;0;0;0;0;0;0;0;0;0;0;0;0;0;0
CARTOS SOCIEDADE DE CRÉDITO DIRETO S.A.;21.332.862;n1;I;2;S5;43;SAO PAULO;SP;09/2020;5.034;0;0;0;0;0;0;0;0;0;890;878;986;718;642;0;4.114;0;0;0;0;0;0;0;0;0;0;0;0;0;0;0;0;0;0;0;0;0;0;0;0;0;0;0;0;0;0;0;0;14;334;348;110;71;42;0;920;0
COOPERATIVA DE ECONOMIA E CRÉDITO MÚTUO DOS SERVIDORES MUNICIPAIS DE ITABIRA LTDA. - SICOOB COSEMI;16.651.002;b3S;I;2;S5;9;ITABIRA;MG;09/2020;4.916;85;514;1.190;2.076;832;193;0;4.890;0;3;8;13;0;0;0;24;0;0;0;0;0;0;0;0;0;0;0;0;0;0;0;0;0;0;0;0;0;0;0;0;0;0;0;0;0;0;0;0;0;1;1;0;0;0;0;2;0
COOPERATIVA DE ECONOMIA E CREDITO MUTUO DOS MEDICOS E DEMAIS PROFISSIONAIS DA SAUDE DE JOACABA;2.853.045;b3S;I;2;S5;9;JOACABA;SC;09/2020;4.907;0;0;0;0;0;0;0;0;0;0;0;0;0;0;0;0;0;0;0;0;0;0;0;0;0;0;0;0;0;0;0;0;0;0;0;0;0;0;0;0;0;0;0;0;0;0;0;0;0;654;1.242;2.418;593;0;0;4.907;0
COOPERATIVA DE ECONOMIA E CRÉDITO MÚTUO DOS EMPREGADOS DA CONFAB;59.305.565;b3S;I;2;S5;9;PINDAMONHANGABA;SP;09/2020;4.888;12;753;2.518;1.605;0;0;0;4.888;0;0;0;0;0;0;0;0;0;0;0;0;0;0;0;0;0;0;0;0;0;0;0;0;0;0;0;0;0;0;0;0;0;0;0;0;0;0;0;0;0;0;0;0;0;0;0;0;0
COOPERATIVA DE ECONOMIA E CRÉDITO MÚTUO DOS SERVIDORES DA FACULDADE DE ENGENHARIA DE ILHA SOLTEIRA - COOPERFEIS;96.409.263;b3S;I;2;S5;9;ILHA SOLTEIRA;SP;09/2020;4.885;0;319;868;1.458;500;0;0;3.145;0;172;479;800;289;0;0;1.740;0;0;0;0;0;0;0;0;0;0;0;0;0;0;0;0;0;0;0;0;0;0;0;0;0;0;0;0;0;0;0;0;0;0;0;0;0;0;0;0;0
COOPERATIVA DE CRÉDITO DE LIVRE ADMISSÃO DE ASSOCIADOS DE JARAGUÁ DO SUL E REGIÃO - SICOOB CEJASCRED;12.384.953;b3S;I;2;S5;9;JARAGUA DO SUL;SC;09/2020;4.859;0;44;98;117;12;0;0;270;24;366;851;853;221;253;0;2.567;1;166;468;910;175;0;0;1.721;0;0;0;0;0;0;0;0;0;0;0;0;0;0;0;0;0;0;0;0;0;0;0;0;28;99;175;0;0;0;0;301;0
CREDITAS SOCIEDADE DE CRÉDITO DIRETO S.A.;32.997.490;n1;I;2;S5;43;SAO PAULO;SP;09/2020;4.737;0;0;0;0;0;0;0;0;12;318;1.082;1.883;516;15;0;3.827;0;72;279;469;91;0;0;911;0;0;0;0;0;0;0;0;0;0;0;0;0;0;0;0;0;0;0;0;0;0;0;0;0;0;0;0;0;0;0;0;0
COOPERATIVA DE ECONOMIA E CRÉDITO MÚTUO DOS EMPREGADOS DA SAINT-GOBAIN DO BRASIL PRODUTOS INDUSTRIAIS E PARA CONSTRUÇÃO - DIVISÃO VIDRO PLANO;48.140.925;b3S;I;2;S5;9;MAUA;SP;09/2020;4.724;4;351;1.393;2.187;318;0;0;4.253;52;260;76;76;7;0;0;471;0;0;0;0;0;0;0;0;0;0;0;0;0;0;0;0;0;0;0;0;0;0;0;0;0;0;0;0;0;0;0;0;0;0;0;0;0;0;0;0;0
SOCIALCRED S/A - SOCIEDADE DE CRÉDITO AO MICROEMPREENDEDOR E À EMPRESA DE PEQUENO PORTE;4.316.357;n1;I;2;S5;10;RIO DE JANEIRO;RJ;09/2020;4.686;0;0;0;0;0;0;0;0;0;0;0;0;0;0;0;0;0;0;0;0;0;0;0;0;0;0;0;0;0;0;0;0;0;0;0;0;0;0;0;0;0;0;0;0;0;0;0;0;169;2.096;1.762;636;22;0;0;4.686;0
COOPERATIVA DE ECONOMIA E CRÉDITO MÚTUO DOS EMPREGADOS DO GRUPO TELEFÔNICA;57.598.120;b3S;I;2;S5;9;SAO PAULO;SP;09/2020;4.684;20;555;2.002;2.010;3;0;0;4.589;19;13;33;29;0;0;0;95;0;0;0;0;0;0;0;0;0;0;0;0;0;0;0;0;0;0;0;0;0;0;0;0;0;0;0;0;0;0;0;0;0;0;0;0;0;0;0;0;0
COOPERATIVA DE CRÉDITO DOS PLANTADORES DE CANA DA REGIÃO DE LENÇÓIS PAULISTA;50.848.910;b3S;I;2;S5;9;LENCOIS PAULISTA;SP;09/2020;4.634;0;0;0;0;0;0;0;0;0;0;4.615;0;0;0;0;4.615;0;0;0;0;0;0;0;0;0;0;0;0;0;0;0;0;0;0;0;0;0;0;0;0;0;0;0;0;0;0;0;0;0;17;2;0;0;0;0;19;0
COOPERATIVA DE ECONOMIA E CRÉDITO MÚTUO DOS EMPREGADOS, APOSENTADOS E PENSIONISTAS DA COMPANHIA ESTADUAL DE ENERGIA ELÉTRICA E ELETRICITÁRIOS DO RIO GRANDE DO SUL   CRECE;92.825.397;b3S;I;2;S5;9;PORTO ALEGRE;RS;09/2020;4.592;50;444;1.713;2.297;29;0;0;4.533;0;59;0;0;0;0;0;59;0;0;0;0;0;0;0;0;0;0;0;0;0;0;0;0;0;0;0;0;0;0;0;0;0;0;0;0;0;0;0;0;0;0;0;0;0;0;0;0;0
ECONOMISA COMPANHIA HIPOTECÁRIA.;17.441.197;n1;I;2;S5;29;BELO HORIZONTE;MG;09/2020;4.577;0;0;0;0;0;0;0;0;0;0;0;0;0;0;0;0;0;0;0;0;0;0;0;0;236;284;655;1.332;873;1.074;121;4.577;0;0;0;0;0;0;0;0;0;0;0;0;0;0;0;0;0;0;0;0;0;0;0;0;0
COOPERATIVA DE ECONOMIA E CRÉDITO MÚTUO DOS FUNCIONÁRIOS DO FLEURY;71.965.313;b3S;I;2;S5;9;SAO PAULO;SP;09/2020;4.515;8;353;1.429;2.287;343;2;0;4.422;0;19;58;15;0;0;0;93;0;0;0;0;0;0;0;0;0;0;0;0;0;0;0;0;0;0;0;0;0;0;0;0;0;0;0;0;0;0;0;0;0;0;0;0;0;0;0;0;0
CREDIT AGRICOLE;51.066;b1;C;3;S3;199;SAO PAULO;SP;09/2020;4.490;0;0;0;0;0;0;0;0;0;2;450;0;0;0;0;452;0;0;0;0;0;0;0;0;0;0;0;0;0;0;0;0;0;0;0;0;0;0;0;0;0;0;0;0;0;0;0;0;0;0;4.038;0;0;0;0;4.038;0
COOPERATIVA DE CRÉDITO DE LIVRE ADMISSÃO DA REGIÃO SUL DO MARANHÃO – SICREDI SUL DO MARANHÃO;26.191.078;b3S;I;2;S5;9;IMPERATRIZ;MA;09/2020;4.473;12;61;161;241;20;0;0;495;19;283;619;829;125;0;0;1.876;0;58;133;94;0;0;0;285;0;0;0;0;0;0;0;0;66;656;212;3;0;0;0;937;0;0;0;0;0;0;0;0;29;153;225;343;130;0;0;880;0
AGENCIA DE FOMENTO DO AMAPA S.A.;2.929.977;n1;I;1;S4;30;MACAPA;AP;09/2020;4.403;0;0;0;0;0;0;0;0;212;141;171;180;53;4;0;761;117;83;204;290;4;0;0;698;0;0;0;0;0;0;0;0;0;0;0;0;0;0;0;0;0;0;0;0;0;0;0;0;86;447;1.165;1.244;1;0;0;2.944;0
COOPERATIVA DE CRÉDITO MÚTUO DOS SERVIDORES MUNICIPAIS DE BEBEDOURO - COOCRESB.;5.969.937;b3S;I;2;S5;9;BEBEDOURO;SP;09/2020;4.401;9;253;570;1.294;1.001;1.236;0;4.363;1;2;6;5;0;0;0;14;0;0;0;0;0;0;0;0;0;0;0;0;0;0;0;0;0;0;0;0;0;0;0;0;0;0;0;0;0;0;0;0;13;10;1;0;0;0;0;24;0
COOPERATIVA DE CRÉDITO DE LIVRE ADMISSÃO DE JATAÍ E REGIÃO LTDA.;10.143.499;b3S;I;2;S5;9;JATAI;GO;09/2020;4.372;0;0;0;0;0;0;0;0;9;260;585;1.008;333;434;0;2.630;0;141;413;757;211;0;0;1.522;0;0;0;0;0;0;0;0;0;0;0;0;0;0;0;0;0;0;0;0;0;0;0;0;5;216;0;0;0;0;0;220;0
COOPERATIVA DE CRÉDITO MÚTUO DOS FUNCIONÁRIOS DAS EMPRESAS FERROVIÁRIAS NO ESTADO DE SÃO PAULO;53.932.869;b3S;I;2;S5;9;OSASCO;SP;09/2020;4.286;4;293;1.088;2.062;836;2;0;4.286;0;0;0;0;0;0;0;0;0;0;0;0;0;0;0;0;0;0;0;0;0;0;0;0;0;0;0;0;0;0;0;0;0;0;0;0;0;0;0;0;0;0;0;0;0;0;0;0;0
COOPERATIVA DE CRÉDITO DOS BANCÁRIOS DE SÃO PAULO E MUNICÍPIOS LIMÍTROFES;3.422.007;b3S;I;2;S5;9;SAO PAULO;SP;09/2020;4.264;2;98;323;102;0;0;0;525;667;1.784;957;314;17;0;0;3.739;0;0;0;0;0;0;0;0;0;0;0;0;0;0;0;0;0;0;0;0;0;0;0;0;0;0;0;0;0;0;0;0;0;0;0;0;0;0;0;0;0
COOPERATIVA DE CRÉDITO DE LIVRE ADMISSÃO DA REGIÃO DE GUAXUPÉ LTDA. - SICOOB ACICREDI;1.699.652;b3S;I;2;S5;9;GUAXUPE;MG;09/2020;4.256;0;0;0;0;0;0;0;0;63;782;1.246;1.195;20;0;0;3.306;0;0;0;0;0;0;0;0;0;0;0;0;0;0;0;0;18;62;7;0;0;0;0;88;0;0;0;0;0;0;0;0;81;740;42;0;0;0;0;863;0
COOPERATIVA DE CRÉDITO MÚTUO DOS SERVIDORES DE ÓRGAOS GESTORES DE RECURSOS HÍDRICOS DO ESTADO DE SÃO PAULO - COOPERHIDRO;53.800.488;b3S;I;2;S5;9;SAO PAULO;SP;09/2020;4.219;5;149;332;552;236;43;0;1.316;49;458;781;1.085;470;28;0;2.871;0;0;0;0;0;0;0;0;0;0;0;0;0;0;0;0;0;0;0;0;0;0;0;0;0;0;0;0;0;0;0;0;32;0;0;0;0;0;0;32;0
CENTRAL DE COOPERATIVAS DE ECONOMIA E CRÉDITO MÚTUO DO ESTADO DO RIO GRANDE DO SUL LTDA - UNICRED CENTRAL RS;1.634.601;b3C;I;2;S4;9;PORTO ALEGRE;RS;09/2020;4.214;0;0;0;0;0;0;0;0;0;5;1.176;3.033;0;0;0;4.214;0;0;0;0;0;0;0;0;0;0;0;0;0;0;0;0;0;0;0;0;0;0;0;0;0;0;0;0;0;0;0;0;0;0;0;0;0;0;0;0;0
COOPERATIVA DE CRÉDITO E INVESTIMENTO SICOOB INDEPENDÊNCIA - SICOOB INDEPENDÊNCIA;4.306.351;b3S;I;2;S5;9;SAO PAULO;SP;09/2020;4.154;98;214;538;545;58;0;0;1.454;185;278;695;1.048;134;0;0;2.340;5;10;18;1;0;0;0;34;0;0;0;0;0;0;0;0;0;0;0;0;0;0;0;0;0;0;0;0;0;0;0;0;97;12;211;6;0;0;0;326;0
COOPERATIVA DE ECONOMIA E CRÉDITO MÚTUO DOS EMPREGADOS DA AÇO MINAS GERAIS S.A. - AÇOMINAS E EMPRESAS SUBSIDIÁRIAS EM OURO BRANCO LTDA. - COOPAÇO;17.314.501;b3S;I;2;S5;9;OURO BRANCO;MG;09/2020;4.120;10;106;256;363;76;31;0;841;44;399;1.116;1.369;226;106;0;3.260;0;0;0;0;0;0;0;0;0;0;0;0;0;0;0;0;0;0;0;0;0;0;0;0;0;0;0;0;0;0;0;0;18;0;0;0;0;0;0;18;0
LISTO SOCIEDADE DE CREDITO DIRETO S.A.;34.088.029;n1;I;2;S5;43;SAO PAULO;SP;09/2020;4.097;0;0;0;0;0;0;0;0;0;0;0;0;0;0;0;0;0;646;1.702;1.749;0;0;0;4.097;0;0;0;0;0;0;0;0;0;0;0;0;0;0;0;0;0;0;0;0;0;0;0;0;0;0;0;0;0;0;0;0;0
COOPERATIVA DE ECONOMIA E CRÉDITO MÚTUO DOS TRABALHADORES DA UNIVERSIDADE FEDERAL DE MINAS GERAIS LTDA. - COOPECREMT-UFMG;1.918.144;b3S;I;2;S5;9;BELO HORIZONTE;MG;09/2020;4.053;0;2;0;0;0;0;0;2;174;918;1.494;1.241;219;4;0;4.051;0;0;0;0;0;0;0;0;0;0;0;0;0;0;0;0;0;0;0;0;0;0;0;0;0;0;0;0;0;0;0;0;0;0;0;0;0;0;0;0;0
COOPERATIVA DE ECONOMIA E CREDITO MUTUO DOS EMPREGADOS DAS EMPRESAS DE TRANSPORTES COLETIVOS RODOVIÁRIOS DE PASSAGEIROS DO GRANDE RIO LTDA;141.155;b3S;I;2;S5;9;SAO GONCALO;RJ;09/2020;4.032;533;869;1.683;804;37;0;0;3.926;0;0;0;0;0;0;0;0;0;0;0;0;0;0;0;0;0;0;0;0;0;0;0;0;0;0;0;0;0;0;0;0;0;0;0;0;0;0;0;0;100;6;0;0;0;0;0;106;0
COOPERATIVA DE CRÉDITO MÚTUO DOS FUNCIONÁRIOS DA RICLAN;6.077.760;b3S;I;2;S5;9;RIO CLARO;SP;09/2020;4.007;32;408;1.392;1.790;316;0;0;3.938;3;10;23;28;4;0;0;69;0;0;0;0;0;0;0;0;0;0;0;0;0;0;0;0;0;0;0;0;0;0;0;0;0;0;0;0;0;0;0;0;0;0;0;0;0;0;0;0;0
COOPERATIVA DE ECONOMIA E CREDITO MUTUO DOS EMPREGADOS DE CHOCOLATES GAROTO LTDA. - CREDI-GAROTO;30.949.267;b3S;I;2;S5;9;VILA VELHA;ES;09/2020;3.951;30;219;759;793;57;3;0;1.861;46;387;772;725;26;1;0;1.956;0;0;0;0;0;0;0;0;0;0;0;0;0;0;0;0;0;0;0;0;0;0;0;0;0;0;0;0;0;0;0;0;30;101;2;0;0;0;0;134;0
BANCO WOORI BANK DO BRASIL S.A.;15.357.060;b1;I;3;S4;8;SAO PAULO;SP;09/2020;3.882;0;0;0;0;0;0;0;0;19;311;897;2.505;150;0;0;3.882;0;0;0;0;0;0;0;0;0;0;0;0;0;0;0;0;0;0;0;0;0;0;0;0;0;0;0;0;0;0;0;0;0;0;0;0;0;0;0;0;0
COOPERATIVA DE ECONOMIA E CRÉDITO MÚTUO SERVIDORES PÚBLICOS ATIVOS, INATIVOS E PENSIONISTAS DA ADMINISTRAÇÃO DIRETA, INDIRETA E ASSEMBLÉIA LEGISLATIVA DO ESTADO DO RIO GRANDE SUL - COOPSERGS;5.591.437;b3S;I;2;S5;9;PORTO ALEGRE;RS;09/2020;3.862;182;383;1.326;1.596;318;57;0;3.862;0;0;0;0;0;0;0;0;0;0;0;0;0;0;0;0;0;0;0;0;0;0;0;0;0;0;0;0;0;0;0;0;0;0;0;0;0;0;0;0;0;0;0;0;0;0;0;0;0
MS SOCIEDADE DE CRÉDITO AO MICROEMPREENDEDOR E À EMPRESA DE PEQUENO PORTE LTDA;17.826.860;n1;I;2;S5;10;FORTALEZA;CE;09/2020;3.857;0;0;0;0;0;0;0;0;0;0;0;0;0;0;0;0;0;0;0;0;0;0;0;0;0;0;0;0;0;0;0;0;0;0;0;0;0;0;0;0;0;0;0;0;0;0;0;0;2.563;729;565;0;0;0;0;3.857;0
COOPERATIVA DE ECONOMIA E CREDITO MUTUO DOS SERVIDORES DA EMPRESA BRASILEIRA DE CORREIOS E TELEGRAFOS LTDA;42.100.982;b3S;I;2;S5;9;RIO DE JANEIRO;RJ;09/2020;3.843;41;263;964;1.180;27;0;0;2.475;29;204;368;311;12;17;0;942;0;0;0;0;0;0;0;0;0;0;0;0;0;0;0;0;0;0;0;0;0;0;0;0;0;0;0;0;0;0;0;0;426;0;0;0;0;0;0;426;0
COOPERATIVA DE CREDITO CLASSICA DOS FUNCIONARIOS E PRESTADORES DE SERVIÇOS DAS EMPRESAS LIGADAS AO GRUPO EUCATUR LTDA. - EUCRED;21.110.927;b3S;I;2;S5;9;JI-PARANA;RO;09/2020;3.842;147;518;854;248;0;0;0;1.766;20;205;368;210;9;0;0;812;0;1;3;12;0;0;0;16;0;0;0;0;0;0;0;0;0;0;0;0;0;0;0;0;0;0;0;0;0;0;0;0;108;378;234;463;65;0;0;1.248;0
ACCESSCRÉDITO - SOCIEDADE DE CRÉDITO AO MICROEMPREENDEDOR E À EMPRESA DE PEQUENO PORTE S.A;13.058.743;n1;I;3;S5;10;MANAUS;AM;09/2020;3.836;0;0;0;0;0;0;0;0;0;0;0;0;0;0;0;0;0;0;0;0;0;0;0;0;0;0;0;0;0;0;0;0;0;0;0;0;0;0;0;0;0;0;0;0;0;0;0;0;334;1.278;1.785;431;9;0;0;3.836;0
AGÊNCIA DE FOMENTO DO ESTADO DE SANTA CATARINA S.A.-BADESC;82.937.293;n1;I;1;S4;30;FLORIANOPOLIS;SC;09/2020;3.730;0;0;0;0;0;0;0;0;0;0;0;0;0;0;0;0;0;0;0;0;0;0;0;0;0;0;0;0;0;0;0;0;0;0;0;0;0;0;0;0;0;77;751;249;145;76;0;1.299;1;183;504;1.086;628;30;0;2.431;0
SCB CRÉDITO SOCIEDADE DE CRÉDITO AO MICROEMPREENDEDOR E À EMPRESA DE PEQUENO PORTE LTDA.;8.430.732;n1;I;2;S5;10;FORTALEZA;CE;09/2020;3.707;0;0;0;0;0;0;0;0;0;0;0;0;0;0;0;0;0;0;0;0;0;0;0;0;0;0;0;0;0;0;0;0;0;0;0;0;0;0;0;0;0;0;0;0;0;0;0;0;2.090;1.617;0;0;0;0;0;3.707;0
COOPERATIVA DE CRÉDITO RURAL DOS PLANTADORES DE CANA DA REGIÃO DE IGARAPAVA;52.623.311;b3S;I;2;S5;9;IGARAPAVA;SP;09/2020;3.638;0;0;0;0;0;0;0;0;0;0;0;0;0;0;0;0;0;0;0;0;0;0;0;0;0;0;0;0;0;0;0;0;0;0;0;0;0;0;0;0;179;0;0;0;0;0;0;179;231;3.124;52;52;0;0;0;3.460;0
COOPERATIVA DE CRÉDITO, POUPANÇA E SERVIÇOS FINANCEIROS DO CENTRO OESTE;5.491.616;b3S;I;2;S5;9;MINEIROS;GO;09/2020;3.598;0;0;0;0;0;0;0;0;22;489;934;783;151;11;0;2.391;0;0;0;0;0;0;0;0;0;90;234;252;22;0;0;599;0;0;0;0;0;0;0;0;0;0;0;0;0;0;0;0;19;159;202;126;24;9;70;608;0
COOPERATIVA DE ECONOMIA E CRÉDITO MÚTUO DOS FUNCIONÁRIOS DAS EMPRESAS MELHORAMENTOS DE SÃO PAULO;1.504.952;b3S;I;2;S5;9;SAO PAULO;SP;09/2020;3.550;6;443;1.467;1.590;5;0;0;3.511;3;3;14;18;0;0;0;39;0;0;0;0;0;0;0;0;0;0;0;0;0;0;0;0;0;0;0;0;0;0;0;0;0;0;0;0;0;0;0;0;0;0;0;0;0;0;0;0;0
COOPERATIVA DE ECONOMIA E CRÉDITO MÚTUO DOS EMPREGADOS DA SAMARCO MINERAÇÃO S.A. LTDA - CREDISAM;20.622.809;b3S;I;2;S5;9;BELO HORIZONTE;MG;09/2020;3.504;1;592;2.039;872;0;0;0;3.504;0;0;0;0;0;0;0;0;0;0;0;0;0;0;0;0;0;0;0;0;0;0;0;0;0;0;0;0;0;0;0;0;0;0;0;0;0;0;0;0;0;0;0;0;0;0;0;0;0
AGÊNCIA DE FOMENTO DO ESTADO DE MATO GROSSO S/A - DESENVOLVE MT;6.284.531;n1;I;1;S4;30;CUIABA;MT;09/2020;3.488;0;0;0;0;0;0;0;0;0;0;0;0;0;0;0;0;15;155;348;196;4;0;0;718;0;0;0;0;0;0;0;0;0;0;0;0;0;0;0;0;14;43;1.158;1.031;221;9;0;2.475;2;21;57;154;61;0;0;296;0
COOPERATIVA DE ECONOMIA E CRÉDITO MÚTUO DOS COLABORADORES DA VALE S.A LTDA. – SICOOB CREDIVALE;20.961.629;b3S;I;2;S5;9;ITABIRA;MG;09/2020;3.433;10;192;1.804;654;3;0;0;2.663;9;88;176;243;3;0;0;519;0;11;24;39;5;0;0;79;0;0;0;0;0;0;0;0;0;0;0;0;0;0;0;0;0;0;0;0;0;0;0;0;49;122;0;0;0;0;0;172;0
COOPERATIVA DE CRÉDITO MÚTUO DOS SERVIDORES DA SEGURANÇA PÚBLICA DE SÃO PAULO - CREDIAFAM;4.804.353;b3S;I;2;S5;9;SAO PAULO;SP;09/2020;3.413;17;459;973;463;45;1;0;1.958;181;251;585;436;1;0;0;1.455;0;0;0;0;0;0;0;0;0;0;0;0;0;0;0;0;0;0;0;0;0;0;0;0;0;0;0;0;0;0;0;0;0;0;0;0;0;0;0;0;0
COOPERATIVA DE CRÉDITO MÚTUO DOS FUNCIONÁRIOS PÚBLICOS DO PODER JUDICIÁRIO DA CAPITAL DO ESTADO DE SÃO PAULO - JUDCRED;7.651.495;b3S;I;2;S5;9;SAO PAULO;SP;09/2020;3.342;18;167;394;917;863;983;0;3.342;0;0;0;0;0;0;0;0;0;0;0;0;0;0;0;0;0;0;0;0;0;0;0;0;0;0;0;0;0;0;0;0;0;0;0;0;0;0;0;0;0;0;0;0;0;0;0;0;0
AGÊNCIA DE FOMENTO DE ALAGOAS S.A.;10.769.660;n1;I;1;S4;30;MACEIO;AL;09/2020;3.310;0;0;0;0;0;0;0;0;50;8;9;0;0;0;0;67;10;0;0;0;0;0;0;10;0;0;0;0;0;0;0;0;0;0;0;0;0;0;0;0;0;0;0;0;0;0;0;0;523;1.875;650;153;31;0;0;3.232;0
COOPERATIVA DE ECONOMIA E CRÉDITO MÚTUO DOS CONTABILISTAS E CORRETORES DE SEGUROS DA GRANDE BELO HORIZONTE LTDA. - SICOOB CREDITABIL;2.217.068;b3S;I;2;S5;9;BELO HORIZONTE;MG;09/2020;3.265;0;0;0;0;0;0;0;0;43;589;994;932;109;0;0;2.667;0;0;0;0;0;0;0;0;0;0;0;0;0;0;0;0;0;0;0;0;0;0;0;0;0;0;0;0;0;0;0;0;48;550;1;0;0;0;0;599;0
COOPERATIVA DE CRÉDITO DE LIVRE ADMISSÃO SUL MARANHENSE - SICOOB SUL MARANHENSE;26.526.166;b3S;I;2;S5;9;BALSAS;MA;09/2020;3.238;0;3;4;1;0;0;0;8;30;1.184;229;67;1;0;0;1.510;13;45;147;235;24;0;0;463;0;0;0;0;0;0;0;0;0;0;0;0;0;0;0;0;0;0;1.004;0;0;0;0;1.004;14;66;35;93;46;0;0;253;0
COOPERATIVA DE CRÉDITO MÚTUO DOS EMPREGADOS EM INSTITUIÇÕES DO SISTEMA FINANCEIRO NAS REGIÕES DE SÃO PAULO E CAMPINAS (SP) - CREDISCOOP;3.674.133;b3S;I;2;S5;9;SAO PAULO;SP;09/2020;3.217;0;83;241;314;1;0;0;638;53;373;1.018;1.122;13;0;0;2.579;0;0;0;0;0;0;0;0;0;0;0;0;0;0;0;0;0;0;0;0;0;0;0;0;0;0;0;0;0;0;0;0;0;0;0;0;0;0;0;0;0
CREFAZ SOCIEDADE DE CRÉDITO AO MICROEMPREENDEDOR E A EMPRESA DE PEQUENO PORTE LTDA.;18.188.384;n1;I;2;S5;10;MARINGA;PR;09/2020;3.210;0;0;0;0;0;0;0;0;0;0;0;0;0;0;0;0;0;0;0;0;0;0;0;0;0;0;0;0;0;0;0;0;0;0;0;0;0;0;0;0;0;0;0;0;0;0;0;0;566;489;1.398;732;25;0;0;3.210;0
COOPERATIVA DE ECONOMIA E CRÉDITO MÚTUO DOS SERVIDORES DA CNC SESC E SENAC ADMINISTRAÇÕES NACIONAIS LTDA;30.304.919;b3S;I;2;S5;9;RIO DE JANEIRO;RJ;09/2020;3.143;52;367;1.321;1.401;3;0;0;3.143;0;0;0;0;0;0;0;0;0;0;0;0;0;0;0;0;0;0;0;0;0;0;0;0;0;0;0;0;0;0;0;0;0;0;0;0;0;0;0;0;0;0;0;0;0;0;0;0;0
COOPERATIVA DE ECONOMIA E CREDITO MUTUO DOS APOSENTADOS, PENSIONISTAS E IDOSOS LIGADOS AO SINDICATO NACIONAL DOS APOSENTADOS, PENSIONISTAS E IDOSOS DA FORÇA SINDICAL - SICOOB COOPERNAPI;16.564.240;b3S;I;2;S5;9;SAO PAULO;SP;09/2020;3.142;11;299;689;1.064;494;128;0;2.686;7;85;175;159;4;0;0;429;0;0;0;0;0;0;0;0;0;0;0;0;0;0;0;0;0;0;0;0;0;0;0;0;0;0;0;0;0;0;0;0;4;8;15;0;0;0;0;27;0
COOPERATIVA DE ECONOMIA E CRÉDITO MÚTUO DOS FUNCIONÁRIOS DA ACUMENT BRASIL;45.068.632;b3S;I;2;S5;9;ATIBAIA;SP;09/2020;3.079;13;206;666;1.034;407;3;0;2.328;1;148;275;307;21;0;0;751;0;0;0;0;0;0;0;0;0;0;0;0;0;0;0;0;0;0;0;0;0;0;0;0;0;0;0;0;0;0;0;0;0;0;0;0;0;0;0;0;0
COOPERATIVA DE ECONOMIA E CREDITO MUTUO DOS SERVIDORES DA COMLURB LTDA;29.341.260;b3S;I;2;S5;9;RIO DE JANEIRO;RJ;09/2020;3.012;550;745;1.571;146;0;0;0;3.012;0;0;0;0;0;0;0;0;0;0;0;0;0;0;0;0;0;0;0;0;0;0;0;0;0;0;0;0;0;0;0;0;0;0;0;0;0;0;0;0;0;0;0;0;0;0;0;0;0
COOPERATIVA DE ECONOMIA E CRÉDITO MÚTUO DOS FUNCIONÁRIOS DA NAKATA;9.128.022;b3S;I;2;S5;9;OSASCO;SP;09/2020;3.011;0;268;996;1.559;187;0;0;3.011;0;0;0;0;0;0;0;0;0;0;0;0;0;0;0;0;0;0;0;0;0;0;0;0;0;0;0;0;0;0;0;0;0;0;0;0;0;0;0;0;0;0;0;0;0;0;0;0;0
COOPERATIVA DE ECONOMIA CRÉDITO MÚTUO – SICOOB CREDSAÚDE;2.072.790;b3S;I;2;S5;9;PIRACICABA;SP;09/2020;3.008;0;60;182;191;0;0;0;434;1;246;462;786;262;0;0;1.757;1;69;163;174;0;0;0;407;0;0;0;0;0;0;0;0;0;0;0;0;0;0;0;0;0;0;0;0;0;0;0;0;2;330;76;3;0;0;0;411;0
COOPERATIVA DE ECONOMIA E CRÉDITO MÚTUO DOS FUNCIONÁRIOS DA ELGIN;45.045.671;b3S;I;2;S5;9;MOGI DAS CRUZES;SP;09/2020;2.999;2;230;854;1.494;419;0;0;2.999;0;0;0;0;0;0;0;0;0;0;0;0;0;0;0;0;0;0;0;0;0;0;0;0;0;0;0;0;0;0;0;0;0;0;0;0;0;0;0;0;0;0;0;0;0;0;0;0;0
COOPERATIVA DE CRÉDITO DOS EMPREGADOS DA COMPANHIA INDUSTRIAL CATAGUASES E DA BAUMINAS LTDA. - SICOOB COOPECIC;19.495.266;b3S;I;2;S5;9;CATAGUASES;MG;09/2020;2.974;107;376;979;884;175;4;0;2.525;11;40;40;19;6;0;0;117;4;36;107;170;4;0;0;321;0;0;0;0;0;0;0;0;0;11;0;0;0;0;0;11;0;0;0;0;0;0;0;0;0;0;0;0;0;0;0;0;0
COOPERATIVA DE ECONOMIA E CRÉDITO MÚTUO DOS FUNCIONÁRIOS DAS EMPRESAS DO GRUPO DANA - COOPDANA;91.018.408;b3S;I;2;S5;9;GRAVATAI;RS;09/2020;2.915;1;507;1.664;742;0;0;0;2.915;0;0;0;0;0;0;0;0;0;0;0;0;0;0;0;0;0;0;0;0;0;0;0;0;0;0;0;0;0;0;0;0;0;0;0;0;0;0;0;0;0;0;0;0;0;0;0;0;0
COOPERATIVA DE ECONOMIA E CRÉDITO MÚTUO DOS EMPREGADOS DA RECKITT BENCKISER;44.223.196;b3S;I;2;S5;9;SAO PAULO;SP;09/2020;2.881;9;309;1.120;1.443;0;0;0;2.881;0;0;0;0;0;0;0;0;0;0;0;0;0;0;0;0;0;0;0;0;0;0;0;0;0;0;0;0;0;0;0;0;0;0;0;0;0;0;0;0;0;0;0;0;0;0;0;0;0
COOPERATIVA DE ECONOMIA E CREDITO MUTUO DOS FUNCIONARIOS DO EXPRESSO PRINCESA DOS CAMPOS;1.551.820;b3S;I;2;S5;9;PONTA GROSSA;PR;09/2020;2.834;10;246;930;1.442;206;0;0;2.834;0;0;0;0;0;0;0;0;0;0;0;0;0;0;0;0;0;0;0;0;0;0;0;0;0;0;0;0;0;0;0;0;0;0;0;0;0;0;0;0;0;0;0;0;0;0;0;0;0
COOPERATIVA DE CRÉDITO RURAL DO SERTÃO ALAGOANO ASCOOB COCREAL;7.564.184;b3S;I;2;S5;9;PAO DE ACUCAR;AL;09/2020;2.792;0;4;12;4;0;0;0;19;62;364;704;380;22;0;0;1.532;0;0;0;0;0;0;0;0;0;0;0;0;0;0;0;0;4;179;48;0;0;0;0;231;0;0;0;0;0;0;0;0;53;312;512;123;5;0;4;1.009;0
COOPERATIVA DE ECONOMIA E CRÉDITO MÚTUO DOS SERVIDORES DA SECRETARIA DE DEFESA SOCIAL DO ESTADO DE MINAS GERAIS LTDA. - COOPSESP;5.746.715;b3S;I;2;S5;9;BELO HORIZONTE;MG;09/2020;2.776;29;305;694;965;125;2;0;2.120;7;260;258;131;0;0;0;656;0;0;0;0;0;0;0;0;0;0;0;0;0;0;0;0;0;0;0;0;0;0;0;0;0;0;0;0;0;0;0;0;0;0;0;0;0;0;0;0;0
COOPSEBRAE - COOPERATIVA DE CRÉDITO MÚTUO DOS FUNCIONÁRIOS DO SEBRAE/PB, SEBRAE/RN E SESC, SENAC E SENAR EM JOÃO PESSOA;41.219.353;b3S;I;2;S5;9;JOAO PESSOA;PB;09/2020;2.747;1;382;840;1.102;239;21;0;2.586;6;55;41;44;10;0;0;155;0;0;0;0;0;0;0;0;0;0;0;0;0;0;0;0;0;0;0;0;0;0;0;0;0;0;0;0;0;0;0;0;6;0;0;0;0;0;0;6;0
COOPERATIVA DE ECONOMIA E CRÉDITO MÚTUO DOS EMPREGADOS DAS EMPRESAS SIDERÚRGICAS, METALÚRGICAS E ELETRO-MECÂNICAS DE JOÃO MONLEVADE LTDA. - CREDIBELGO;24.235.459;b3S;I;2;S5;9;JOAO MONLEVADE;MG;09/2020;2.608;0;0;0;0;0;0;0;0;90;623;469;737;407;1;0;2.327;0;0;0;0;0;0;0;0;0;0;0;0;0;0;0;0;0;0;0;0;0;0;0;0;0;0;0;0;0;0;0;0;280;0;0;0;0;0;0;280;0
COOPERATIVA DE ECONOMIA E CREDITO MUTUO DOS SERVIDORES PUBLICOS MUNICIPAIS DE PORTO ALEGRE;3.990.888;b3S;I;2;S5;9;PORTO ALEGRE;RS;09/2020;2.600;50;250;719;1.031;287;6;0;2.343;31;65;69;30;7;0;0;201;0;0;0;0;0;0;0;0;0;0;0;0;0;0;0;0;0;0;0;0;0;0;0;0;0;0;0;0;0;0;0;0;2;7;22;13;5;7;0;56;0
COOPERATIVA DE ECONOMIA E CRÉDITO MÚTUO DOS EMPREGADOS DA MOSAIC FERTILIZANTES DE UBERABA - COPERURA LTDA.;17.607.375;b3S;I;2;S5;9;UBERABA;MG;09/2020;2.583;1;324;959;1.009;125;0;0;2.419;0;23;63;77;1;0;0;164;0;0;0;0;0;0;0;0;0;0;0;0;0;0;0;0;0;0;0;0;0;0;0;0;0;0;0;0;0;0;0;0;0;0;0;0;0;0;0;0;0
COOPESTADO - COOPERATIVA DE ECONOMIA E CRÉDITO MÚTUO DOS SERVIDORES PÚBLICOS NA REGIÃO METROPOLITANA DO ESTADO DO RIO DE JANEIRO LIMITADA;4.995.006;b3S;I;2;S5;9;RIO DE JANEIRO;RJ;09/2020;2.583;45;375;1.028;1.134;1;0;0;2.583;0;0;0;0;0;0;0;0;0;0;0;0;0;0;0;0;0;0;0;0;0;0;0;0;0;0;0;0;0;0;0;0;0;0;0;0;0;0;0;0;0;0;0;0;0;0;0;0;0
COOPERATIVA DE ECONOMIA E CRÉDITO MÚTUO DOS EMPREGADOS DOS SUPERMERCADOS RUSSI;2.230.138;b3S;I;2;S5;9;JUNDIAI;SP;09/2020;2.575;85;293;848;1.234;103;0;0;2.563;0;0;0;0;0;0;0;0;0;0;0;0;0;0;0;0;0;0;0;0;0;0;0;0;0;0;0;0;0;0;0;0;0;0;0;0;0;0;0;0;12;0;0;0;0;0;0;12;0
COOPERATIVA DE ECONOMIA E CRÉDITO MÚTUO DOS FUNCIONÁRIOS DO GRUPO GERDAU - AÇOS FINOS PIRATINI;88.952.130;b3S;I;2;S5;9;CHARQUEADAS;RS;09/2020;2.510;0;0;0;0;0;0;0;0;36;240;707;1.283;243;0;0;2.510;0;0;0;0;0;0;0;0;0;0;0;0;0;0;0;0;0;0;0;0;0;0;0;0;0;0;0;0;0;0;0;0;0;0;0;0;0;0;0;0;0
COOPERATIVA DE CRÉDITO MÚTUO DOS FUNCIONÁRIOS DA CAMDA-COCREALPA - CREDI-CAMDA;5.165.103;b3S;I;2;S5;9;ADAMANTINA;SP;09/2020;2.504;11;401;881;996;175;5;0;2.468;0;0;0;0;0;0;0;0;0;6;18;11;0;0;0;35;0;0;0;0;0;0;0;0;0;0;0;0;0;0;0;0;0;0;0;0;0;0;0;0;0;0;0;0;0;0;0;0;0
CREDEXTRA - COOPERATIVA DE ECONOMIA E CRÉDITO MÚTUO DOS EMPREGADOS DA REALMAR DISTRIBUIDORA LTDA;4.899.135;b3S;I;2;S5;9;SERRA;ES;09/2020;2.435;30;586;1.369;437;13;0;0;2.435;0;0;0;0;0;0;0;0;0;0;0;0;0;0;0;0;0;0;0;0;0;0;0;0;0;0;0;0;0;0;0;0;0;0;0;0;0;0;0;0;0;0;0;0;0;0;0;0;0
COOPERATIVA DE ECONOMIA E CRÉDITO MÚTUO – SICOOB COOPERAC;8.071.414;b3S;I;2;S5;9;RIBEIRAO PRETO;SP;09/2020;2.394;8;45;97;87;22;0;0;258;13;168;476;486;103;11;0;1.257;0;52;145;241;24;0;0;462;0;0;0;0;0;0;0;0;0;0;0;0;0;0;0;0;0;0;0;0;0;0;0;0;8;263;56;88;0;0;0;416;0
COOPERATIVA DE ECONOMIA E CRÉDITO MÚTUO DOS EMPRESÁRIOS DE ITAPETININGA - SICOOB CRED-ACI;8.844.074;b3S;I;2;S5;9;ITAPETININGA;SP;09/2020;2.389;0;0;0;0;0;0;0;0;0;109;549;1.270;233;0;0;2.160;0;13;38;100;13;0;0;163;0;0;0;0;0;0;0;0;0;0;0;0;0;0;0;0;0;0;0;0;0;0;0;0;5;61;0;0;0;0;0;66;0
COOPERATIVA DE CREDITO RURAL DE GUACUI - CREDIGUAÇUÍ;32.422.628;b3S;I;2;S5;9;GUACUI;ES;09/2020;2.356;0;0;0;0;0;0;0;0;62;643;713;80;4;0;0;1.502;0;0;0;0;0;0;0;0;0;0;0;0;0;0;0;0;0;0;0;0;0;0;0;0;0;0;0;0;0;0;0;0;11;765;59;18;0;0;0;853;0
COOPERATIVA DE ECONOMIA E CRÉDITO MÚTUO DOS SERVIDORES DA UNESP - COOPUNESP;69.136.075;b3S;I;2;S5;9;RIO CLARO;SP;09/2020;2.352;0;95;373;620;189;0;0;1.278;27;119;333;538;58;0;0;1.074;0;0;0;0;0;0;0;0;0;0;0;0;0;0;0;0;0;0;0;0;0;0;0;0;0;0;0;0;0;0;0;0;0;0;0;0;0;0;0;0;0
COOPERATIVA DE ECONOMIA E CRÉDITO MÚTUO DOS FUNCIONÁRIOS DA ASSEMBLÉIA LEGISLATIVA DO ESTADO DA PARAÍBA LTDA. -  COOPERLEGIS;41.146.382;b3S;I;2;S5;9;JOAO PESSOA;PB;09/2020;2.337;24;411;969;836;98;0;0;2.337;0;0;0;0;0;0;0;0;0;0;0;0;0;0;0;0;0;0;0;0;0;0;0;0;0;0;0;0;0;0;0;0;0;0;0;0;0;0;0;0;0;0;0;0;0;0;0;0;0
COOPERATIVA DE CRÉDITO MÚTUO DOS EMPREGADOS DA FIAÇÃO ALPINA - COOPERALPINA;55.319.370;b3S;I;2;S5;9;MORUNGABA;SP;09/2020;2.323;2;223;876;1.033;169;0;0;2.302;1;5;10;5;1;0;0;21;0;0;0;0;0;0;0;0;0;0;0;0;0;0;0;0;0;0;0;0;0;0;0;0;0;0;0;0;0;0;0;0;0;0;0;0;0;0;0;0;0
COOPERATIVA DE ECONOMIA E CRÉDITO MÚTUO DOS FABRICANTES DE CALÇADOS DE SAPIRANGA LTDA.;5.841.967;b3S;I;2;S5;9;SAPIRANGA;RS;09/2020;2.306;7;8;4;0;0;0;0;18;52;86;182;142;20;0;0;482;62;58;154;269;26;0;0;570;0;0;0;0;0;0;0;0;0;0;0;0;0;0;0;0;0;0;0;0;0;0;0;0;164;219;155;318;143;236;0;1.235;0
BANCO INDUSCRED DE INVESTIMENTO S.A.;33.588.252;b2;I;2;S4;13;SAO PAULO;SP;09/2020;2.286;0;0;0;0;0;0;0;0;0;347;1.766;173;0;0;0;2.286;0;0;0;0;0;0;0;0;0;0;0;0;0;0;0;0;0;0;0;0;0;0;0;0;0;0;0;0;0;0;0;0;0;0;0;0;0;0;0;0;0
COOPERATIVA DE ECONOMIA E CREDITO MUTUO DOS EMPREGADOS DE ESTABELECIMENTOS HOSPITALARES DO SUL DO ESTADO DO ESPIRITO SANTO - SULCRED;31.746.993;b3S;I;2;S5;9;CACHOEIRO DE ITAPEMIRIM;ES;09/2020;2.278;60;368;968;725;64;0;0;2.185;6;16;29;29;0;0;0;79;0;0;0;0;0;0;0;0;0;0;0;0;0;0;0;0;0;0;0;0;0;0;0;0;0;0;0;0;0;0;0;0;2;12;0;0;0;0;0;14;0
COOPERATIVA DE CRÉDITO DOS EMPREGADOS DO GRUPO AKZO NOBEL BRASIL - COOP AKZONOBEL;57.996.878;b3S;I;2;S5;9;MAUA;SP;09/2020;2.264;10;276;995;974;9;0;0;2.264;0;0;0;0;0;0;0;0;0;0;0;0;0;0;0;0;0;0;0;0;0;0;0;0;0;0;0;0;0;0;0;0;0;0;0;0;0;0;0;0;0;0;0;0;0;0;0;0;0
COOPERATIVA DE ECONOMIA E CRÉDITO MÚTUO DOS SECURITARIOS, DOS CORRETORES DE SEGUROS E DE CAPITALIZACAO DO RIO DE JANEIRO LTDA.;3.930.587;b3S;I;2;S5;9;RIO DE JANEIRO;RJ;09/2020;2.258;6;60;151;144;0;0;0;362;12;230;430;483;77;0;0;1.232;0;21;51;72;16;0;0;160;0;0;0;0;0;0;0;0;0;0;0;0;0;0;0;0;0;0;0;0;0;0;0;0;31;110;353;11;0;0;0;504;0
COOPERATIVA DE ECONOMIA E CREDITO MUTUO DOS FUNCIONARIOS DE INSTITUICOES FINANCEIRAS PUBLICAS NO ESTADO DO ESPIRITO SANTO - CREDBRASIL-ES;2.869.663;b3S;I;2;S5;9;VITORIA;ES;09/2020;2.227;11;90;71;160;81;0;0;413;18;110;271;550;536;260;70;1.814;0;0;0;0;0;0;0;0;0;0;0;0;0;0;0;0;0;0;0;0;0;0;0;0;0;0;0;0;0;0;0;0;0;0;0;0;0;0;0;0;0
FATOR;50.122;b1;C;2;S4;199;SAO PAULO;SP;09/2020;2.223;0;0;0;0;0;0;0;0;0;0;2;1;0;0;0;2;0;0;0;0;0;0;0;0;0;0;0;0;0;0;0;0;0;0;0;0;0;0;0;0;0;0;0;0;0;0;0;0;237;0;1.983;0;0;0;0;2.221;0
COOPERATIVA DE ECONOMIA E CRÉDITO MÚTUO DOS EMPREGADOS DAS INDÚSTRIAS UNILEVER DO BRASIL;53.272.365;b3S;I;2;S5;9;VALINHOS;SP;09/2020;2.189;0;2;8;19;0;0;0;29;64;478;1.013;581;24;0;0;2.160;0;0;0;0;0;0;0;0;0;0;0;0;0;0;0;0;0;0;0;0;0;0;0;0;0;0;0;0;0;0;0;0;0;0;0;0;0;0;0;0;0
COOPERATIVA DE ECONOMIA E CRÉDITO MÚTUO DOS FUNCIONÁRIOS DAS EMPRESAS ITAÚ;43.446.335;b3S;I;2;S5;9;SAO PAULO;SP;09/2020;2.181;26;216;788;1.090;49;12;0;2.181;0;0;0;0;0;0;0;0;0;0;0;0;0;0;0;0;0;0;0;0;0;0;0;0;0;0;0;0;0;0;0;0;0;0;0;0;0;0;0;0;0;0;0;0;0;0;0;0;0
COOPERATIVA DE CRÉDITO CREDINOSSO LTDA - SICOOB CREDINOSSO;6.324.872;b3S;I;2;S5;9;MONTES CLAROS;MG;09/2020;2.180;0;26;57;58;0;0;0;141;20;158;471;767;141;9;0;1.566;0;37;111;158;7;0;0;313;0;0;0;0;0;0;0;0;0;0;0;0;0;0;0;0;0;0;0;0;0;0;0;0;8;150;2;0;0;0;0;161;0
COOPERATIVA DE ECONOMIA E CRÉDITO MÚTUO DOS EMPREGADOS DA MAGNESITA REFRATÁRIOS S.A. LTDA. - CECREM;913.314;b3S;I;2;S5;9;CONTAGEM;MG;09/2020;2.111;34;386;911;753;28;0;0;2.111;0;0;0;0;0;0;0;0;0;0;0;0;0;0;0;0;0;0;0;0;0;0;0;0;0;0;0;0;0;0;0;0;0;0;0;0;0;0;0;0;0;0;0;0;0;0;0;0;0
FONTECRED - SOCIEDADE DE CRÉDITO DIRETO S/A;33.890.605;n1;I;2;S5;43;LAGOA DA PRATA;MG;09/2020;2.108;0;0;0;0;0;0;0;0;3;20;46;8;0;0;0;77;3;242;652;1.001;132;0;0;2.030;0;0;0;0;0;0;0;0;0;0;0;0;0;0;0;0;0;0;0;0;0;0;0;0;0;0;0;0;0;0;0;0;0
COOPERATIVA DE CRÉDITO DOS FUNCIONÁRIOS DA PERPART, DO IPA E DA ADAGRO - COOPEMATER;11.356.599;b3S;I;2;S5;9;RECIFE;PE;09/2020;2.083;1;157;402;460;80;2;0;1.103;17;205;439;318;2;0;0;980;0;0;0;0;0;0;0;0;0;0;0;0;0;0;0;0;0;0;0;0;0;0;0;0;0;0;0;0;0;0;0;0;0;0;0;0;0;0;0;0;0
COOPERATIVA DE ECONOMIA E CRÉDITO MÚTUO DOS FUNCIONÁRIOS DO GRUPO LORENZETTI;44.905.255;b3S;I;2;S5;9;SAO PAULO;SP;09/2020;2.069;0;526;1.505;38;0;0;0;2.069;0;0;0;0;0;0;0;0;0;0;0;0;0;0;0;0;0;0;0;0;0;0;0;0;0;0;0;0;0;0;0;0;0;0;0;0;0;0;0;0;0;0;0;0;0;0;0;0;0
COOPERATIVA DE ECONOMIA E CREDITO MUTUO DOS EMPREGADOS DOS LABORATORIOS B.BRAUN LTDA;30.586.895;b3S;I;2;S5;9;SAO GONCALO;RJ;09/2020;2.034;1;307;1.069;652;0;0;0;2.029;0;3;2;0;0;0;0;5;0;0;0;0;0;0;0;0;0;0;0;0;0;0;0;0;0;0;0;0;0;0;0;0;0;0;0;0;0;0;0;0;0;0;0;0;0;0;0;0;0
COOPERATIVA DE ECONOMIA E CRÉDITO MÚTUO DOS FUNCIONÁRIOS DA TICKET SERVIÇOS COMÉRCIO E ADMINISTRAÇÃO;57.440.521;b3S;I;2;S5;9;SAO PAULO;SP;09/2020;2.019;39;555;1.210;196;0;0;0;2.001;0;5;9;4;0;0;0;18;0;0;0;0;0;0;0;0;0;0;0;0;0;0;0;0;0;0;0;0;0;0;0;0;0;0;0;0;0;0;0;0;0;0;0;0;0;0;0;0;0
COOPERATIVA DE ECONOMIA E CRÉDITO MÚTUO DOS ENGENHEIROS, ARQUITETOS, AGRÔNOMOS E AFINS DO ESTADO DO RIO GRANDE DO SUL - PROJETA UNICRED;9.187.555;b3S;I;2;S5;9;PORTO ALEGRE;RS;09/2020;1.926;0;4;10;6;0;0;0;20;7;163;411;365;8;0;0;952;13;20;53;89;16;0;0;191;0;0;0;0;0;0;0;0;0;0;0;0;0;0;0;0;0;0;0;0;0;0;0;0;59;163;275;230;35;0;0;762;0
COOPERATIVA DE CRÉDITO MÚTUO DOS CORRETORES DE SEGUROS DO ESTADO DE SÃO PAULO - SICOOB CREDICOR/SP;8.030.602;b3S;I;2;S5;9;SAO PAULO;SP;09/2020;1.902;0;45;130;55;0;0;0;230;10;373;664;241;11;1;0;1.300;0;5;14;47;25;0;0;91;0;0;0;0;0;0;0;0;0;0;0;0;0;0;0;0;0;0;0;0;0;0;0;0;16;264;0;0;0;0;0;280;0
COOPERATIVA DE ECONOMIA E CREDITO MUTUO DOS FUNCIONARIOS DO GRUPO MAUA LTDA;5.048.575;b3S;I;2;S5;9;SAO GONCALO;RJ;09/2020;1.876;326;227;473;612;161;2;0;1.800;0;0;0;0;0;0;0;0;0;0;0;0;0;0;0;0;0;0;0;0;0;0;0;0;0;0;0;0;0;0;0;0;0;0;0;0;0;0;0;0;75;0;0;0;0;0;0;75;0
COOPERATIVA DE ECONOMIA E CRÉDITO MÚTUO DOS FUNCIONÁRIOS DA SELENE;72.952.138;b3S;I;2;S5;9;CERQUILHO;SP;09/2020;1.857;28;206;761;856;0;0;0;1.851;0;1;2;2;0;0;0;5;0;0;0;0;0;0;0;0;0;0;0;0;0;0;0;0;0;0;0;0;0;0;0;0;0;0;0;0;0;0;0;0;0;0;0;0;0;0;0;0;0
COOPERATIVA DE ECONOMIA E CREDITO MUTUO DOS FUNCIONARIOS DA VIACAO NOSSA SENHORA DO AMPARO LTDA. - COPERFAMP;2.192.115;b3S;I;2;S5;9;MARICA;RJ;09/2020;1.853;355;266;601;627;0;0;0;1.848;0;0;0;0;0;0;0;0;0;0;0;0;0;0;0;0;0;0;0;0;0;0;0;0;0;0;0;0;0;0;0;0;0;0;0;0;0;0;0;0;5;0;0;0;0;0;0;5;0
COOPERATIVA DE ECONOMIA E CRÉDITO MÚTUO SICOOB CRED-ACILPA;9.004.796;b3S;I;2;S5;9;LENCOIS PAULISTA;SP;09/2020;1.814;0;93;225;463;302;81;0;1.164;17;84;148;131;2;0;0;382;0;12;18;32;2;0;0;63;0;0;0;0;0;0;0;0;0;0;0;0;0;0;0;0;0;0;0;0;0;0;0;0;31;81;93;0;0;0;0;205;0
COOPERATIVA DE ECONOMIA E CRÉDITO MÚTUO DOS FUNCIONÁRIOS DAS EMPRESAS DE CERÂMICA - COOPASPACER;2.541.707;b3S;I;2;S5;9;SANTA GERTRUDES;SP;09/2020;1.764;33;283;855;567;26;0;0;1.764;0;0;0;0;0;0;0;0;0;0;0;0;0;0;0;0;0;0;0;0;0;0;0;0;0;0;0;0;0;0;0;0;0;0;0;0;0;0;0;0;0;0;0;0;0;0;0;0;0
COOPERATIVA DE ECONOMIA E CRÉDITO MÚTUO DOS SERVIDORES DA POLÍCIA MILITAR DO ESTADO DE SÃO PAULO DA REGIÃO CENTRO-OESTE PAULISTA - CREDMIL;4.152.107;b3S;I;2;S5;9;BAURU;SP;09/2020;1.756;4;67;181;335;157;144;0;889;14;172;224;392;57;8;0;867;0;0;0;0;0;0;0;0;0;0;0;0;0;0;0;0;0;0;0;0;0;0;0;0;0;0;0;0;0;0;0;0;0;0;0;0;0;0;0;0;0
COOPERATIVA DE ECONOMIA E CRÉDITO MÚTUO DOS EMPREGADOS DA PRODAM/SP - CREDIPRODAM;67.031.757;b3S;I;2;S5;9;SAO PAULO;SP;09/2020;1.719;0;83;300;645;424;155;0;1.607;29;20;39;24;0;0;0;112;0;0;0;0;0;0;0;0;0;0;0;0;0;0;0;0;0;0;0;0;0;0;0;0;0;0;0;0;0;0;0;0;0;0;0;0;0;0;0;0;0
COOPERATIVA DE ECONOMIA E CREDITO MUTUO DOS SERVIDORES MUNICIPAIS DO SUL FLUMINENSE LTDA.;1.819.799;b3S;I;2;S5;9;VOLTA REDONDA;RJ;09/2020;1.713;13;254;574;847;24;0;0;1.713;0;0;0;0;0;0;0;0;0;0;0;0;0;0;0;0;0;0;0;0;0;0;0;0;0;0;0;0;0;0;0;0;0;0;0;0;0;0;0;0;0;0;0;0;0;0;0;0;0
COOPERATIVA DE CRÉDITO RURAL ASCOOB COOPEC - ASCOOB COOPEC;9.244.973;b3S;I;2;S5;9;POCO VERDE;SE;09/2020;1.638;0;2;6;4;0;0;0;12;24;99;191;143;34;0;0;491;0;0;0;0;0;0;0;0;0;0;0;0;0;0;0;0;0;107;35;0;0;0;0;142;1;5;1;0;0;0;0;7;34;283;494;171;0;3;0;985;0
MOVA SOCIEDADE DE EMPRÉSTIMO ENTRE PESSOAS S.A.;33.959.738;n1;I;2;S5;44;SAO PAULO;SP;09/2020;1.636;0;0;0;0;0;0;0;0;7;612;795;178;44;0;0;1.636;0;0;0;0;0;0;0;0;0;0;0;0;0;0;0;0;0;0;0;0;0;0;0;0;0;0;0;0;0;0;0;0;0;0;0;0;0;0;0;0;0
MONEY PLUS;52.137;n1;C;2;S5;197;SAO PAULO;SP;09/2020;1.634;0;0;0;0;0;0;0;0;0;0;0;0;0;0;0;0;0;0;0;0;0;0;0;0;0;0;0;0;0;0;0;0;0;0;0;0;0;0;0;0;0;0;0;0;0;0;0;0;323;445;684;173;9;0;0;1.634;0
COOPERATIVA DE ECONOMIA E CRÉDITO MÚTUO DOS EMPREGADOS DA PROLEC GE BRASIL TRANSMISSÃO DE ENERGIA S.A.;88.043.187;b3S;I;2;S5;9;CANOAS;RS;09/2020;1.627;16;133;528;837;113;0;0;1.627;0;0;0;0;0;0;0;0;0;0;0;0;0;0;0;0;0;0;0;0;0;0;0;0;0;0;0;0;0;0;0;0;0;0;0;0;0;0;0;0;0;0;0;0;0;0;0;0;0
COOPERATIVA DE ECONOMIA E CRÉDITO MÚTUO DOS EMPREGADOS DA PONTIFÍCIA UNIVERSIDADE CATÓLICA DO RIO DE JANEIRO E EMPREGADOS EM ESTABELECIMENTOS PRIVADOS DE ENSINO DO MUNICÍPIO DO RIO DE JANEIRO LTDA.;42.445.122;b3S;I;2;S5;9;RIO DE JANEIRO;RJ;09/2020;1.580;89;256;620;533;81;0;0;1.580;0;0;0;0;0;0;0;0;0;0;0;0;0;0;0;0;0;0;0;0;0;0;0;0;0;0;0;0;0;0;0;0;0;0;0;0;0;0;0;0;0;0;0;0;0;0;0;0;0
COOPERASA - COOPERATIVA DE ECONOMIA E CRÉDITO MÚTUO DOS FUNCIONARIOS DAS EMPRESAS DA AGUIA PARTICIPAÇÕES;5.296.712;b3S;I;2;S5;9;PONTA GROSSA;PR;09/2020;1.505;7;163;578;637;120;0;0;1.505;0;0;0;0;0;0;0;0;0;0;0;0;0;0;0;0;0;0;0;0;0;0;0;0;0;0;0;0;0;0;0;0;0;0;0;0;0;0;0;0;0;0;0;0;0;0;0;0;0
COOPERATIVA DE ECONOMIA E CREDITO MUTUO DOS SERVIDORES DA UERJ LTDA. - COOPUERJ;28.885.036;b3S;I;2;S5;9;RIO DE JANEIRO;RJ;09/2020;1.490;108;118;252;603;293;116;0;1.490;0;0;0;0;0;0;0;0;0;0;0;0;0;0;0;0;0;0;0;0;0;0;0;0;0;0;0;0;0;0;0;0;0;0;0;0;0;0;0;0;0;0;0;0;0;0;0;0;0
COOPERATIVA DE ECONOMIA E CRÉDITO MÚTUO DOS FUNCIONÁRIOS DOS CORREIOS NOS ESTADOS DO RIO GRANDE DO SUL, SANTA CATARINA E PARANÁ - CREDCORREIOS;87.956.355;b3S;I;2;S5;9;PORTO ALEGRE;RS;09/2020;1.488;18;141;405;246;9;2;0;820;11;101;261;214;42;19;0;647;0;3;4;0;0;0;0;7;0;0;0;0;0;0;0;0;0;0;0;0;0;0;0;0;0;0;0;0;0;0;0;0;0;3;11;0;0;0;0;14;0
COOPERATIVA DE CRÉDITO DOS EMPREGADOS DAS EMPRESAS DO GRUPO INDORAMA NO BRASIL;62.605.290;b3S;I;2;S5;9;POCOS DE CALDAS;MG;09/2020;1.470;2;199;766;502;0;0;0;1.470;0;0;0;0;0;0;0;0;0;0;0;0;0;0;0;0;0;0;0;0;0;0;0;0;0;0;0;0;0;0;0;0;0;0;0;0;0;0;0;0;0;0;0;0;0;0;0;0;0
COOPERATIVA DE CRÉDITO MÚTUO DOS MICRO E PEQUENOS EMPRESÁRIOS E MICROEMPREENDEDORES DO GRANDE ABC - SICOOB GRANDE ABC.;7.946.216;b3S;I;2;S5;9;SANTO ANDRE;SP;09/2020;1.460;0;23;40;12;0;0;0;75;13;206;229;365;297;10;0;1.120;0;12;33;70;37;0;0;152;0;0;0;0;0;0;0;0;0;0;0;0;0;0;0;0;0;0;0;0;0;0;0;0;9;104;0;0;0;0;0;112;0
BANCO XCMG BRASIL S.A.;36.658.769;b2;I;3;S4;8;POUSO ALEGRE;MG;09/2020;1.453;0;0;0;0;0;0;0;0;0;40;586;676;151;0;0;1.453;0;0;0;0;0;0;0;0;0;0;0;0;0;0;0;0;0;0;0;0;0;0;0;0;0;0;0;0;0;0;0;0;0;0;0;0;0;0;0;0;0
COOPERATIVA DE ECONOMIA E CRÉDITO MÚTUO DOS FUNCIONÁRIOS DA COMPANHIA PAULISTA DE TRENS METROPOLITANOS - COOPERTREM;1.530.136;b3S;I;2;S5;9;OSASCO;SP;09/2020;1.445;1;111;425;766;142;0;0;1.445;0;0;0;0;0;0;0;0;0;0;0;0;0;0;0;0;0;0;0;0;0;0;0;0;0;0;0;0;0;0;0;0;0;0;0;0;0;0;0;0;0;0;0;0;0;0;0;0;0
COOPERATIVA DE ECONOMIA E CRÉDITO MÚTUO DOS EMPREGADOS DAS INSTITUIÇÕES DE ENSINO SUPERIOR DO SUL DE MINAS LTDA. - CREDFENAS;2.414.044;b3S;I;2;S5;9;ALFENAS;MG;09/2020;1.432;28;244;439;330;0;0;0;1.041;12;87;84;92;3;0;0;278;0;0;0;0;0;0;0;0;0;0;0;0;0;0;0;0;0;0;0;0;0;0;0;0;0;0;0;0;0;0;0;0;19;95;0;0;0;0;0;113;0
COOPERATIVA DE CRÉDITO MÚTUO DOS MICROS E PEQUENOS EMPRESÁRIOS E MICROEMPREENDEDORES DE SÃO CARLOS - SICOOB CREDIACISC;7.669.921;b3S;I;2;S5;9;SAO CARLOS;SP;09/2020;1.425;0;11;23;25;0;0;0;60;12;115;295;364;58;0;0;845;0;28;39;85;0;0;0;152;0;0;0;0;0;0;0;0;0;0;0;0;0;0;0;0;0;0;0;0;0;0;0;0;2;87;132;103;45;0;0;369;0
COOPERATIVA DE ECONOMIA E CREDITO MUTUO DOS FUNCIONARIOS DA GKN DO BRASIL LTDA;5.331.882;b3S;I;2;S5;9;PORTO ALEGRE;RS;09/2020;1.422;66;416;900;41;0;0;0;1.422;0;0;0;0;0;0;0;0;0;0;0;0;0;0;0;0;0;0;0;0;0;0;0;0;0;0;0;0;0;0;0;0;0;0;0;0;0;0;0;0;0;0;0;0;0;0;0;0;0
COOPERATIVA DE ECONOMIA E CRÉDITO MÚTUO DOS COLABORADORES DA COOPEDER LTDA - COOPCREDER;21.130.869;b3S;I;2;S5;9;BELO HORIZONTE;MG;09/2020;1.381;1;65;227;289;0;0;0;583;14;161;290;322;10;0;0;798;0;0;0;0;0;0;0;0;0;0;0;0;0;0;0;0;0;0;0;0;0;0;0;0;0;0;0;0;0;0;0;0;0;0;0;0;0;0;0;0;0
COOPERATIVA DE ECONOMIA E CRÉDITO MÚTUO DOS CORRETORES DE SEGUROS DO RIO GRANDE DO SUL – CREDICOR;2.999.687;b3S;I;2;S5;9;PORTO ALEGRE;RS;09/2020;1.370;0;0;0;0;0;0;0;0;16;230;477;330;53;6;0;1.112;0;0;0;0;0;0;0;0;0;0;0;0;0;0;0;0;0;0;0;0;0;0;0;0;0;0;0;0;0;0;0;0;2;46;195;14;0;0;0;258;0
COOPERATIVA DE ECONOMIA E CRÉDITO MÚTUO DOS EMPRESÁRIOS DE AMERICANA, LIMEIRA E REGIÃO - SICOOB ACICRED;9.579.249;b3S;I;2;S5;9;AMERICANA;SP;09/2020;1.368;0;0;0;0;0;0;0;0;11;82;219;328;83;0;0;723;0;30;83;185;12;0;0;311;0;0;0;0;0;0;0;0;0;0;0;0;0;0;0;0;0;0;0;0;0;0;0;0;117;214;3;0;0;0;0;334;0
COOPERATIVA DE CRÉDITO MÚTUO DOS EMPREGADOS EM EMPRESAS ADMINISTRADORAS DE AEROPORTOS - AEROCRED;5.292.849;b3S;I;2;S5;9;GUARULHOS;SP;09/2020;1.366;68;221;521;403;4;0;0;1.217;35;41;59;14;0;0;0;150;0;0;0;0;0;0;0;0;0;0;0;0;0;0;0;0;0;0;0;0;0;0;0;0;0;0;0;0;0;0;0;0;0;0;0;0;0;0;0;0;0
COOPERATIVA DE ECONOMIA E CRÉDITO MÚTUO DOS MEMBROS DO MINISTÉRIO PÚBLICO DE SÃO PAULO - PROMOCRED;4.478.231;b3S;I;2;S5;9;SAO PAULO;SP;09/2020;1.339;5;393;562;373;6;0;0;1.339;0;0;0;0;0;0;0;0;0;0;0;0;0;0;0;0;0;0;0;0;0;0;0;0;0;0;0;0;0;0;0;0;0;0;0;0;0;0;0;0;0;0;0;0;0;0;0;0;0
COOPERATIVA DE ECONOMIA E CRÉDITO MÚTUO DOS SERVENTUÁRIOS DA CIMENTO TUPI S.A. E EMPRESAS COLIGADAS LTDA. - TUPICRED;19.551.787;b3S;I;2;S5;9;CARANDAI;MG;09/2020;1.339;3;138;434;237;0;0;0;812;3;42;4;3;0;0;0;52;0;0;0;0;0;0;0;0;0;0;0;0;0;0;0;0;0;0;0;0;0;0;0;0;0;0;0;0;0;0;0;0;0;34;147;261;34;0;0;475;0
AGÊNCIA DE FOMENTO E DESENVOLVIMENTO DO ESTADO DO PIAUÍ S.A. PIAUÍ FOMENTO;11.836.226;n1;I;1;S4;30;TERESINA;PI;09/2020;1.334;0;0;0;0;0;0;0;0;0;0;0;0;0;0;0;0;102;80;103;73;0;0;0;359;0;0;0;0;0;0;0;0;0;0;0;0;0;0;0;0;0;0;0;0;0;0;0;0;147;323;380;124;0;0;0;975;0
SOCRED S.A. - SOCIEDADE DE CRÉDITO AO MICROEMPREENDEDOR E À EMPRESA DE PEQUENO PORTE;9.210.106;n1;I;2;S5;10;BELEM;PA;09/2020;1.319;0;0;0;0;0;0;0;0;0;0;0;0;0;0;0;0;0;0;0;0;0;0;0;0;0;0;0;0;0;0;0;0;0;0;0;0;0;0;0;0;0;0;0;0;0;0;0;0;99;488;472;234;26;1;0;1.319;0
COOPERATIVA DE CREDITO RURAL COM INTERACAO SOLIDARIA DE OLIVEIRA DOS BREJINHOS - CRESOL OLIVEIRA DOS BREJINHOS;5.428.587;b3S;I;2;S5;9;OLIVEIRA DOS BREJINHOS;BA;09/2020;1.303;0;0;0;0;0;0;0;0;0;12;39;32;1;0;0;84;0;25;62;72;4;0;0;163;0;0;0;0;0;0;0;0;0;0;0;0;0;0;0;0;0;19;94;59;21;3;0;196;13;256;411;176;4;0;0;860;0
COBUCCIO SOCIEDADE DE CRÉDITO DIRETO S.A.;36.947.229;n1;I;2;S5;43;MONTE BELO;MG;09/2020;1.248;0;0;0;0;0;0;0;0;0;635;572;40;0;0;0;1.248;0;0;0;0;0;0;0;0;0;0;0;0;0;0;0;0;0;0;0;0;0;0;0;0;0;0;0;0;0;0;0;0;0;0;0;0;0;0;0;0;0
ATIVA INVESTIMENTOS S.A. CORRETORA DE TÍTULOS, CÂMBIO E VALORES;33.775.974;n2;I;2;S4;15;RIO DE JANEIRO;RJ;09/2020;1.238;0;0;0;0;0;0;0;0;0;0;0;0;0;0;0;0;0;0;0;0;0;0;0;0;0;0;0;0;0;0;0;0;0;0;0;0;0;0;0;0;0;0;0;0;0;0;0;0;0;0;0;0;0;0;1.238;1.238;0
COOPERATIVA DE CRÉDITO MÚTUO DOS SERVIDORES PÚBLICOS MUNICIPAIS DE JABOTICABAL - COOPERSERV;881.829;b3S;I;2;S5;9;JABOTICABAL;SP;09/2020;1.234;13;55;130;248;158;225;0;829;5;71;119;168;41;0;0;405;0;0;0;0;0;0;0;0;0;0;0;0;0;0;0;0;0;0;0;0;0;0;0;0;0;0;0;0;0;0;0;0;0;0;0;0;0;0;0;0;0
COOPERATIVA DE ECONOMIA E CRÉDITO MÚTUO DOS EMPREGADOS DA JOLIMODE ROUPAS E EMPRESAS COLIGADAS LTDA;28.244.622;b3S;I;2;S5;9;RIO DE JANEIRO;RJ;09/2020;1.202;151;365;509;147;0;0;0;1.171;0;0;0;0;0;0;0;0;0;0;0;0;0;0;0;0;0;0;0;0;0;0;0;0;0;0;0;0;0;0;0;0;0;0;0;0;0;0;0;0;32;0;0;0;0;0;0;32;0
COOPERATIVA DE ECONOMIA E CRÉDITO MÚTUO DOS EMPRESÁRIOS DE PRAIA GRANDE E REGIÃO - SICOOB COOPERACE;9.639.338;b3S;I;2;S5;9;PRAIA GRANDE;SP;09/2020;1.183;0;16;29;21;0;0;0;65;16;72;208;310;13;0;0;619;0;0;0;0;0;0;0;0;0;0;0;0;0;0;0;0;0;0;0;0;0;0;0;0;0;0;0;0;0;0;0;0;15;132;57;148;148;0;0;499;0
COOPERATIVA DE ECONOMIA E CREDITO MUTUO DOS SERVIDORES DO COLEGIO PEDRO II;2.910.387;b3S;I;2;S5;9;RIO DE JANEIRO;RJ;09/2020;1.175;0;54;129;185;42;0;0;411;12;106;229;313;97;6;0;763;0;0;0;0;0;0;0;0;0;0;0;0;0;0;0;0;0;0;0;0;0;0;0;0;0;0;0;0;0;0;0;0;0;0;0;0;0;0;0;0;0
COOPERATIVA DE CRÉDITO DOS FUNCIONÁRIOS DO GRUPO PPG;3.657.230;b3S;I;2;S5;9;SUMARE;SP;09/2020;1.161;0;101;383;520;35;0;0;1.039;0;1;121;0;0;0;0;122;0;0;0;0;0;0;0;0;0;0;0;0;0;0;0;0;0;0;0;0;0;0;0;0;0;0;0;0;0;0;0;0;0;0;0;0;0;0;0;0;0
COOPERATIVA DE ECONOMIA E CRÉDITO MÚTUO DOS FUNCIONÁRIOS DO GRUPO SUGGAR LTDA.;548.980;b3S;I;2;S5;9;BELO HORIZONTE;MG;09/2020;1.150;8;243;642;179;0;0;0;1.072;4;49;24;0;0;0;0;77;0;0;0;0;0;0;0;0;0;0;0;0;0;0;0;0;0;0;0;0;0;0;0;0;0;0;0;0;0;0;0;0;0;0;0;0;0;0;0;0;0
COOPERATIVA DE ECONOMIA E CRÉDITO MÚTUO DOS EMPREGADOS DO SEBRAE BAHIA LTDA.;5.658.367;b3S;I;2;S5;9;SALVADOR;BA;09/2020;1.135;18;114;291;519;193;0;0;1.135;0;0;0;0;0;0;0;0;0;0;0;0;0;0;0;0;0;0;0;0;0;0;0;0;0;0;0;0;0;0;0;0;0;0;0;0;0;0;0;0;0;0;0;0;0;0;0;0;0
COOPERATIVA DE ECONOMIA E CRÉDITO MÚTUO DOS EMPREGADOS DA FUNDAÇÃO ARTHUR BERNARDES LTDA. - COOFAB;2.738.981;b3S;I;2;S5;9;VICOSA;MG;09/2020;1.110;8;148;281;491;158;25;0;1.110;0;0;0;0;0;0;0;0;0;0;0;0;0;0;0;0;0;0;0;0;0;0;0;0;0;0;0;0;0;0;0;0;0;0;0;0;0;0;0;0;0;0;0;0;0;0;0;0;0
COOPERATIVA DE CRÉDITO MÚTUO DOS EMPREGADOS DAS INDÚSTRIAS DO PAPEL, PAPELÃO E CORTIÇA DE OTACÍLIO COSTA, LAGES E CORREA PINTO - PAPELCREDI;6.369.729;b3S;I;2;S5;9;OTACILIO COSTA;SC;09/2020;1.104;30;114;259;201;12;0;0;616;49;166;222;46;5;0;0;489;0;0;0;0;0;0;0;0;0;0;0;0;0;0;0;0;0;0;0;0;0;0;0;0;0;0;0;0;0;0;0;0;0;0;0;0;0;0;0;0;0
FFA SOCIEDADE DE CRÉDITO AO MICROEMPREENDEDOR E À EMPRESA DE PEQUENO PORTE LTDA.;24.537.861;n1;I;2;S5;10;SAO PAULO;SP;09/2020;1.093;0;0;0;0;0;0;0;0;0;0;0;0;0;0;0;0;0;0;0;0;0;0;0;0;0;0;0;0;0;0;0;0;0;0;0;0;0;0;0;0;0;0;0;0;0;0;0;0;52;176;388;408;69;0;0;1.093;0
COOPERATIVA DE ECONOMIA E CRÉDITO MÚTUO DOS EMPREGADOS DO GRUPO PARAMOUNT;88.183.173;b3S;I;2;S5;9;SAPUCAIA DO SUL;RS;09/2020;1.071;0;115;360;329;31;0;0;836;0;0;0;0;0;0;0;0;0;0;0;0;0;0;0;0;0;0;0;0;0;0;0;0;0;0;0;0;0;0;0;0;0;0;0;0;0;0;0;0;0;20;81;119;16;0;0;236;0
COOPERATIVA DE CRÉDITO DOS EMPREGADOS DO IRB-BRASIL RE LTDA.;42.153.585;b3S;I;2;S5;9;RIO DE JANEIRO;RJ;09/2020;1.063;0;186;406;323;28;0;0;943;0;31;52;36;1;0;0;120;0;0;0;0;0;0;0;0;0;0;0;0;0;0;0;0;0;0;0;0;0;0;0;0;0;0;0;0;0;0;0;0;0;0;0;0;0;0;0;0;0
COOPERATIVA DE ECONOMIA E CRÉDITO MÚTUO DOS FUNCIONÁRIOS DA USINA SANTA MARIA - PILONCRED;1.107.759;b3S;I;2;S5;9;CERQUILHO;SP;09/2020;1.056;0;253;491;312;0;0;0;1.056;0;0;0;0;0;0;0;0;0;0;0;0;0;0;0;0;0;0;0;0;0;0;0;0;0;0;0;0;0;0;0;0;0;0;0;0;0;0;0;0;0;0;0;0;0;0;0;0;0
COOPERATIVA DE CRÉDITO MÚTUO DOS FUNCIONÁRIOS DA FIEP, SESI, SENAI, IEL E COND EDIFÍCIO AGOSTINHO VELLOSO DA SILVEIRA (CEAVS) - CREDFISP LTDA.;5.747.018;b3S;I;2;S5;9;CAMPINA GRANDE;PB;09/2020;1.055;6;196;573;276;2;0;0;1.053;0;2;0;0;0;0;0;2;0;0;0;0;0;0;0;0;0;0;0;0;0;0;0;0;0;0;0;0;0;0;0;0;0;0;0;0;0;0;0;0;0;0;0;0;0;0;0;0;0
COOPERATIVA DE ECONOMIA E CRÉDITO MÚTUO DOS FUNCIONÁRIOS DO GRUPO VOTORANTIM LIMITADA.;75.174.953;b3S;I;2;S5;9;RIO BRANCO DO SUL;PR;09/2020;1.045;0;178;453;414;0;0;0;1.045;0;0;0;0;0;0;0;0;0;0;0;0;0;0;0;0;0;0;0;0;0;0;0;0;0;0;0;0;0;0;0;0;0;0;0;0;0;0;0;0;0;0;0;0;0;0;0;0;0
COOPERATIVA DE ECONOMIA E CREDITO MUTUO DOS EMPREGADOS DO COLEGIO SANTO INACIO - COESI;2.447.184;b3S;I;2;S5;9;RIO DE JANEIRO;RJ;09/2020;1.013;19;117;401;402;74;0;0;1.013;0;0;0;0;0;0;0;0;0;0;0;0;0;0;0;0;0;0;0;0;0;0;0;0;0;0;0;0;0;0;0;0;0;0;0;0;0;0;0;0;0;0;0;0;0;0;0;0;0
COOPERATIVA DE ECONOMIA E CREDITO MUTUO DOS SERVIDORES DA ASCAR/EMATER-RS LTDA-CRESAL;90.278.987;b3S;I;2;S5;9;PORTO ALEGRE;RS;09/2020;984;10;163;440;258;0;0;0;870;12;22;48;31;0;0;0;113;0;0;0;0;0;0;0;0;0;0;0;0;0;0;0;0;0;0;0;0;0;0;0;0;0;0;0;0;0;0;0;0;0;0;0;0;0;0;0;0;0
COOPERATIVA DE CRÉDITO MÚTUO DOS TRABALHADORES DO SISTEMA FINANCEIRO DE CURITIBA E REGIÃO - COOPCREFI;6.942.423;b3S;I;2;S5;9;CURITIBA;PR;09/2020;975;0;1;2;1;0;0;0;4;20;151;383;387;30;0;0;971;0;0;0;0;0;0;0;0;0;0;0;0;0;0;0;0;0;0;0;0;0;0;0;0;0;0;0;0;0;0;0;0;0;0;0;0;0;0;0;0;0
COOPERATIVA DE CRÉDITO RURAL DO AGRESTE ALAGOANO - COOPERAGRE;8.482.873;b3S;I;2;S5;9;IGACI;AL;09/2020;962;0;0;0;0;0;0;0;0;16;27;37;16;0;0;0;96;0;0;0;0;0;0;0;0;0;0;0;0;0;0;0;0;0;0;0;0;0;0;0;0;0;0;0;0;0;0;0;0;100;159;538;67;2;0;0;866;0
COOPERATIVA DE ECONOMIA E CRÉDITO MÚTUO DOS EMPREGADOS DA BECTON DICKINSON INDÚSTRIAS CIRÚRGICAS LTDA., LTDA.;21.597.133;b3S;I;2;S5;9;JUIZ DE FORA;MG;09/2020;958;0;151;391;292;0;0;0;835;0;33;90;0;0;0;0;123;0;0;0;0;0;0;0;0;0;0;0;0;0;0;0;0;0;0;0;0;0;0;0;0;0;0;0;0;0;0;0;0;0;0;0;0;0;0;0;0;0
COOPERATIVA DE CRÉDITO DOS EMPREGADOS DA ARCONIC E EMPREGADOS DE EMPRESAS PRESTADORAS DE SERVIÇOS INDUSTRIAIS;8.931.800;b3S;I;2;S5;9;ITAPISSUMA;PE;09/2020;940;9;135;402;378;13;0;0;937;0;0;4;0;0;0;0;4;0;0;0;0;0;0;0;0;0;0;0;0;0;0;0;0;0;0;0;0;0;0;0;0;0;0;0;0;0;0;0;0;0;0;0;0;0;0;0;0;0
COOPERATIVA DE ECONOMIA E CRÉDITO MÚTUO DOS EMPREGADOS DA UNIFI - CREDIUNIFI;3.685.335;b3S;I;2;S5;9;SAO PAULO;SP;09/2020;924;0;111;376;386;21;0;0;895;2;4;10;13;1;0;0;30;0;0;0;0;0;0;0;0;0;0;0;0;0;0;0;0;0;0;0;0;0;0;0;0;0;0;0;0;0;0;0;0;0;0;0;0;0;0;0;0;0
CASA DO CRÉDITO S.A. SOCIEDADE DE CRÉDITO AO MICROEMPREENDEDOR;5.442.029;n1;I;2;S5;10;SAO PAULO;SP;09/2020;904;0;0;0;0;0;0;0;0;0;0;0;0;0;0;0;0;0;0;0;0;0;0;0;0;0;0;0;0;0;0;0;0;0;0;0;0;0;0;0;0;0;0;0;0;0;0;0;0;51;133;357;362;0;0;0;904;0
COOPERATIVA DE CRÉDITO RURAL DE PEQUENOS AGRICULTORES E DA REFORMA AGRÁRIA DO CENTRO OESTE DO PARANÁ - CREHNOR LARANJEIRAS;1.330.387;b3S;I;2;S5;9;LARANJEIRAS DO SUL;PR;09/2020;891;0;0;0;0;0;0;0;0;13;105;281;163;10;1;0;572;0;0;0;0;0;0;0;0;0;0;0;0;0;0;0;0;0;0;0;0;0;0;0;0;0;0;0;0;0;0;0;0;10;72;178;47;11;0;0;319;0
RPW SOCIEDADE DE CRÉDITO AO MICROEMPREENDEDOR E À EMPRESA DE PEQUENO PORTE S.A.;6.249.129;n1;I;2;S5;10;SAO PAULO;SP;09/2020;855;0;0;0;0;0;0;0;0;0;0;0;0;0;0;0;0;0;0;0;0;0;0;0;0;0;0;0;0;0;0;0;0;0;0;0;0;0;0;0;0;0;0;0;0;0;0;0;0;48;120;295;390;1;0;0;855;0
COOPERATIVA DE ECONOMIA E CREDITO MUTUO DOS EMPREGADOS DA CIA DE ELETRICIDADE DO ESTADO DO RJ CREDICERJ LTDA;30.138.226;b3S;I;2;S5;9;NITEROI;RJ;09/2020;855;7;197;389;96;5;0;0;694;15;49;79;18;0;0;0;161;0;0;0;0;0;0;0;0;0;0;0;0;0;0;0;0;0;0;0;0;0;0;0;0;0;0;0;0;0;0;0;0;0;0;0;0;0;0;0;0;0
COOPSERJ - COOPERATIVA DE CRÉDITO MÚTUO DOS SERVIDORES PÚBLICOS DO PODER EXECUTIVO DO ESTADO DO RIO DE JANEIRO LTDA.;2.723.075;b3S;I;2;S5;9;RIO DE JANEIRO;RJ;09/2020;846;32;159;351;304;0;0;0;846;0;0;0;0;0;0;0;0;0;0;0;0;0;0;0;0;0;0;0;0;0;0;0;0;0;0;0;0;0;0;0;0;0;0;0;0;0;0;0;0;0;0;0;0;0;0;0;0;0
COOPERATIVA DE ECONOMIA E CREDITO MUTUO DOS TRABALHADORES EM CONSELHOS DE FISCALIZACAO PROFISSIONAL NO MUNICIPIO DO RIO DE JANEIRO LTDA.;2.850.075;b3S;I;2;S5;9;RIO DE JANEIRO;RJ;09/2020;837;0;0;0;0;0;0;0;0;15;127;368;257;55;16;0;837;0;0;0;0;0;0;0;0;0;0;0;0;0;0;0;0;0;0;0;0;0;0;0;0;0;0;0;0;0;0;0;0;0;0;0;0;0;0;0;0;0
ZANON CRÉDITO, FINANCIAMENTO E INVESTIMENTO S.A.;35.479.592;n1;I;2;S5;14;PORTO ALEGRE;RS;09/2020;828;0;97;277;354;2;0;0;730;0;73;14;11;0;0;0;98;0;0;0;0;0;0;0;0;0;0;0;0;0;0;0;0;0;0;0;0;0;0;0;0;0;0;0;0;0;0;0;0;0;0;0;0;0;0;0;0;0
AGENCIA DE FOMENTO DO ESTADO DO RIO DE JANEIRO S.A.;5.940.203;n1;I;1;S4;30;RIO DE JANEIRO;RJ;09/2020;822;0;0;0;0;0;0;0;0;0;0;0;0;0;0;0;0;0;0;0;0;0;0;0;0;0;0;0;0;0;0;0;0;0;0;0;0;0;0;0;0;0;0;0;0;0;0;0;0;119;266;364;66;8;0;0;822;0
COOPERATIVA DE ECONOMIA E CREDITO MUTUO DOS TRABALHADORES DO GRUPO EMPRESARIAL ITATIAIA LTDA. - COOPERITA;20.177.390;b3S;I;2;S5;9;UBA;MG;09/2020;819;10;17;35;12;0;0;0;75;3;174;412;155;0;0;0;744;0;0;0;0;0;0;0;0;0;0;0;0;0;0;0;0;0;0;0;0;0;0;0;0;0;0;0;0;0;0;0;0;0;0;0;0;0;0;0;0;0
COOPERATIVA DE ECONOMIA E CRÉDITO MÚTUO DOS EMPREGADOS DA EMPRESA SUPERMERCADOS JAU SERVE - COOPERJS;3.400.651;b3S;I;2;S5;9;JAU;SP;09/2020;806;4;311;423;68;0;0;0;806;0;0;0;0;0;0;0;0;0;0;0;0;0;0;0;0;0;0;0;0;0;0;0;0;0;0;0;0;0;0;0;0;0;0;0;0;0;0;0;0;0;0;0;0;0;0;0;0;0
COOPESA-COOPERATIVA DE ECONOMIA E CREDITO MUTUO DOS FUNCIONARIOS DA COESA TRANSPORTES E EMPRESAS COLIGADAS LTDA;68.848.563;b3S;I;2;S5;9;SAO GONCALO;RJ;09/2020;792;91;66;129;324;173;0;0;783;0;0;0;0;0;0;0;0;0;0;0;0;0;0;0;0;0;0;0;0;0;0;0;0;0;0;0;0;0;0;0;0;0;0;0;0;0;0;0;0;9;0;0;0;0;0;0;9;0
EASYNVEST - TÍTULO CORRETORA DE VALORES SA;62.169.875;n2;I;2;S4;15;SAO PAULO;SP;09/2020;742;0;0;0;0;0;0;0;0;0;0;0;0;0;0;0;0;0;0;0;0;0;0;0;0;0;0;0;0;0;0;0;0;0;0;0;0;0;0;0;0;0;0;0;0;0;0;0;0;0;0;0;0;0;0;742;742;0
COOPERATIVA DE ECONOMIA E CRÉDITO MÚTUO DOS PEQUENOS EMPRESÁRIOS, MICROEMPRESÁRIOS E MICROEMPREENDEDORES DA REGIÃO METROPOLITANA DE PORTO ALEGRE - COOPESA;6.975.532;b3S;I;2;S5;9;PORTO ALEGRE;RS;09/2020;730;0;6;14;18;1;0;0;39;0;31;84;154;37;0;0;307;0;2;8;17;0;0;0;27;0;0;0;0;0;0;0;0;0;0;0;0;0;0;0;0;0;0;0;0;0;0;0;0;5;30;107;132;36;46;0;357;0
COOPSEBRAM – COOPERATIVA DE ECONOMIA E CRÉDITO LTDA.;2.321.862;b3S;I;2;S5;9;MANAUS;AM;09/2020;726;31;91;296;202;0;0;0;621;99;1;4;2;0;0;0;105;0;0;0;0;0;0;0;0;0;0;0;0;0;0;0;0;0;0;0;0;0;0;0;0;0;0;0;0;0;0;0;0;0;0;0;0;0;0;0;0;0
BANCO CEDULA S.A.;33.132.044;b1;I;2;S4;8;RIO DE JANEIRO;RJ;09/2020;722;0;0;0;0;0;0;0;0;0;0;0;0;0;0;0;0;0;0;0;0;0;0;0;0;0;0;0;0;0;0;0;0;0;0;0;0;0;0;0;0;0;0;0;0;0;0;0;0;30;678;14;0;0;0;0;722;0
COOPERATIVA DE ECONOMIA E CRÉDITO MÚTUO DOS EMPREGADOS DAS EMPRESAS DE DIVERSÕES DO ESTADO DE SÃO PAULO;68.314.921;b3S;I;2;S5;9;SAO PAULO;SP;09/2020;697;136;44;170;246;67;31;0;694;2;0;0;0;0;0;0;3;0;0;0;0;0;0;0;0;0;0;0;0;0;0;0;0;0;0;0;0;0;0;0;0;0;0;0;0;0;0;0;0;0;0;0;0;0;0;0;0;0
FINANCRED - SOCIEDADE DE CRÉDITO AO MICROEMPREENDEDOR E A EMPRESA DE PEQUENO PORTE LTDA.;27.348.513;n1;I;2;S5;10;CAMPO GRANDE;MS;09/2020;696;0;0;0;0;0;0;0;0;0;0;0;0;0;0;0;0;0;0;0;0;0;0;0;0;0;0;0;0;0;0;0;0;0;0;0;0;0;0;0;0;0;0;0;0;0;0;0;0;1;250;172;194;78;0;0;696;0
AGENCIA DE FOMENTO DO ESTADO DE RORAIMA S/A;3.058.464;n1;I;1;S4;30;BOA VISTA;RR;09/2020;695;0;0;0;0;0;0;0;0;0;0;0;0;0;0;0;0;0;0;0;0;0;0;0;0;0;0;0;0;0;0;0;0;0;0;0;0;0;0;0;0;0;0;0;0;0;0;0;0;27;138;194;336;0;0;0;695;0
COOPERATIVA DE ECONOMIA E CREDITO MUTUO DOS FUNCIONARIOS DA FMC LTDA;42.258.376;b3S;I;2;S5;9;RIO DE JANEIRO;RJ;09/2020;674;0;69;198;301;69;0;0;636;0;18;12;4;0;0;0;34;0;0;0;0;0;0;0;0;0;0;0;0;0;0;0;0;0;0;0;0;0;0;0;0;0;0;0;0;0;0;0;0;5;0;0;0;0;0;0;5;0
COOPERATIVA CENTRAL DE CRÉDITO COM INTERAÇÃO SOLIDÁRIA - CENTRAL CRESOL BASER;1.401.771;b3C;I;2;S4;9;FRANCISCO BELTRAO;PR;09/2020;669;0;0;0;0;0;0;0;0;14;33;52;105;45;18;0;266;0;0;0;0;0;0;0;0;0;0;0;0;0;0;0;0;0;0;0;0;0;0;0;0;315;78;0;0;0;0;0;393;2;7;0;0;0;0;0;10;0
COOPERATIVA DE ECONOMIA E CRÉDITO MÚTUO DOS EMPREGADOS DA MOSAIC FERTILIZANTES DO BRASIL - COCRESGO LTDA.;968.834;b3S;I;2;S5;9;CATALAO;GO;09/2020;655;1;65;243;346;1;0;0;655;0;0;0;0;0;0;0;0;0;0;0;0;0;0;0;0;0;0;0;0;0;0;0;0;0;0;0;0;0;0;0;0;0;0;0;0;0;0;0;0;0;0;0;0;0;0;0;0;0
COOPERATIVA DE CRÉDITO DE SERVIDORES DA UESC - UESCOOP;10.548.608;b3S;I;2;S5;9;ILHEUS;BA;09/2020;642;9;74;185;306;60;0;0;634;0;0;0;0;0;0;0;0;0;0;0;0;0;0;0;0;0;0;0;0;0;0;0;0;0;0;0;0;0;0;0;0;0;0;0;0;0;0;0;0;8;0;0;0;0;0;0;8;0
COOPERATIVA DE CRÉDITO UNICOPER;977.212;b3S;I;2;S5;9;SAO PAULO;SP;09/2020;636;0;112;329;195;0;0;0;636;0;0;0;0;0;0;0;0;0;0;0;0;0;0;0;0;0;0;0;0;0;0;0;0;0;0;0;0;0;0;0;0;0;0;0;0;0;0;0;0;0;0;0;0;0;0;0;0;0
COOPERATIVA DE ECONOMIA E CRÉDITO MÚTUO DOS SERVIDORES DA PREFEITURA MUNICIPAL DE VOTORANTIM;52.137.361;b3S;I;2;S5;9;VOTORANTIM;SP;09/2020;633;9;107;217;295;0;0;0;627;0;0;0;0;0;0;0;0;0;0;0;0;0;0;0;0;0;0;0;0;0;0;0;0;0;0;0;0;0;0;0;0;0;0;0;0;0;0;0;0;5;0;0;0;0;0;0;5;0
COOPERATIVA DE ECONOMIA E CRÉDITO MÚTUO DOS EMPREGADOS DAS EMPRESAS SOMART LTDA.;129.753;b3S;I;2;S5;9;URUCANIA;MG;09/2020;607;26;424;156;0;0;0;0;607;0;0;0;0;0;0;0;0;0;0;0;0;0;0;0;0;0;0;0;0;0;0;0;0;0;0;0;0;0;0;0;0;0;0;0;0;0;0;0;0;0;0;0;0;0;0;0;0;0
COOPERATIVA DE ECONOMIA E CREDITO MUTUO DOS EMPREGADOS NAS INDUSTRIAS QUIMICAS, FARMACEUTICAS E SIMILARES DA REGIAO METROPOLITANA DO RIO DE JANEIRO LTDA;5.424.088;b3S;I;2;S5;9;SAO GONCALO;RJ;09/2020;588;28;126;290;144;0;0;0;588;0;0;0;0;0;0;0;0;0;0;0;0;0;0;0;0;0;0;0;0;0;0;0;0;0;0;0;0;0;0;0;0;0;0;0;0;0;0;0;0;0;0;0;0;0;0;0;0;0
COOPERATIVA DE ECONOMIA E CRÉDITO MÚTUO DOS FUNCIONÁRIOS DA GERDAU S/A-UNIDADE MOGI DAS CRUZES;52.575.206;b3S;I;2;S5;9;MOGI DAS CRUZES;SP;09/2020;587;0;0;0;0;0;0;0;0;35;64;160;327;1;0;0;587;0;0;0;0;0;0;0;0;0;0;0;0;0;0;0;0;0;0;0;0;0;0;0;0;0;0;0;0;0;0;0;0;0;0;0;0;0;0;0;0;0
COOPERATIVA DE ECONOMIA E CRÉDITO MÚTUO DOS FUNCIONÁRIOS DO BANESPA DE BOTUCATU E CIDADES LIMÍTROFES;3.219.207;b3S;I;2;S5;9;BOTUCATU;SP;09/2020;584;0;0;0;0;0;0;0;0;1;73;168;274;47;22;0;584;0;0;0;0;0;0;0;0;0;0;0;0;0;0;0;0;0;0;0;0;0;0;0;0;0;0;0;0;0;0;0;0;0;0;0;0;0;0;0;0;0
COOPERATIVA DE CREDITO CLASSICA DO ESTADO DO RIO DE JANEIRO - SICOOB EMPRESAS RJ;4.120.633;b3S;I;2;S5;9;RIO DE JANEIRO;RJ;09/2020;570;0;0;0;0;0;0;0;0;41;100;187;37;0;0;0;363;0;0;0;0;0;0;0;0;0;0;0;0;0;0;0;0;0;0;0;0;0;0;0;0;0;0;0;0;0;0;0;0;53;144;10;0;0;0;0;207;0
COOPERATIVA DE ECONOMIA E CREDITO MÚTUO DOS PROFESSORES ESTADUAIS DA REGIÃO METROPOLITANA DE PORTO ALEGRE - EDUCREDI;5.419.025;b3S;I;2;S5;9;PORTO ALEGRE;RS;09/2020;553;2;65;243;202;5;0;0;517;11;11;11;3;0;0;0;36;0;0;0;0;0;0;0;0;0;0;0;0;0;0;0;0;0;0;0;0;0;0;0;0;0;0;0;0;0;0;0;0;0;0;0;0;0;0;0;0;0
LAMARA SOCIEDADE DE CRÉDITO DIRETO S.A.;19.324.634;n1;I;2;S5;43;FORTALEZA;CE;09/2020;553;0;0;0;0;0;0;0;0;0;0;0;0;0;0;0;0;0;0;0;0;0;0;0;0;0;0;0;0;0;0;0;0;0;0;0;0;0;0;0;0;0;0;0;0;0;0;0;0;178;267;108;0;0;0;0;553;0
HR SOCIEDADE DE CRÉDITO AO MICROEMPREENDEDOR E À EMPRESA DE PEQUENO PORTE LTDA.;20.158.571;n1;I;2;S5;10;MACEIO;AL;09/2020;544;0;0;0;0;0;0;0;0;0;0;0;0;0;0;0;0;0;0;0;0;0;0;0;0;0;0;0;0;0;0;0;0;0;0;0;0;0;0;0;0;0;0;0;0;0;0;0;0;252;167;126;0;0;0;0;544;0
GLOBAL FINANÇAS SOCIEDADE DE CRÉDITO AO MICROEMPREENDEDOR E À EMPRESA DE PEQUENO PORTE LTDA.;11.165.756;n1;I;2;S5;10;AMERICANA;SP;09/2020;543;0;0;0;0;0;0;0;0;0;0;0;0;0;0;0;0;0;0;0;0;0;0;0;0;0;0;0;0;0;0;0;0;0;0;0;0;0;0;0;0;0;0;0;0;0;0;0;0;140;204;151;48;0;0;0;543;0
COOPERATIVA DE ECONOMIA E CRÉDITO MÚTUO DOS TRABALHADORES DAS INDÚSTRIAS METALÚRGICAS DE PORTO ALEGRE E GRANDE PORTO ALEGRE;90.560.434;b3S;I;2;S5;9;CACHOEIRINHA;RS;09/2020;521;46;168;266;41;0;0;0;521;0;0;0;0;0;0;0;0;0;0;0;0;0;0;0;0;0;0;0;0;0;0;0;0;0;0;0;0;0;0;0;0;0;0;0;0;0;0;0;0;0;0;0;0;0;0;0;0;0
COOPERATIVA DE CRÉDITO DE CAPITAL E EMPRÉSTIMO DOS EMPREGADOS CELETISTAS DE COOPERATIVAS DOS ESTADOS DE SÃO PAULO E MINAS GERAIS - COCREUNI;57.987.273;b3S;I;2;S5;9;RIBEIRAO PRETO;SP;09/2020;520;1;51;193;214;0;0;0;459;1;8;24;29;0;0;0;61;0;0;0;0;0;0;0;0;0;0;0;0;0;0;0;0;0;0;0;0;0;0;0;0;0;0;0;0;0;0;0;0;0;0;0;0;0;0;0;0;0
COOPERATIVA DE ECONOMIA E CRÉDITO MÚTUO DOS EMPREGADOS DA INDÚSTRIA DE PAPÉIS SUDESTE LTDA . - CREDESTE;18.340.695;b3S;I;2;S5;9;JUIZ DE FORA;MG;09/2020;505;0;106;301;97;0;0;0;504;0;0;0;0;0;0;0;0;0;0;0;0;0;0;0;0;0;0;0;0;0;0;0;0;0;0;0;0;0;0;0;0;0;0;0;0;0;0;0;0;0;0;0;0;0;0;0;0;0
COOPERATIVA DE CRÉDITO DOS EMPRESÁRIOS DE MANAUS - SICOOB CREDEMPRESAS-AM;10.808.037;b3S;I;2;S5;9;MANAUS;AM;09/2020;481;0;0;0;0;0;0;0;0;19;36;155;69;58;5;0;342;0;5;16;23;0;0;0;45;0;0;0;0;0;0;0;0;0;0;0;0;0;0;0;0;0;0;0;0;0;0;0;0;19;75;1;0;0;0;0;95;0
COOPERATIVA DE ECONOMIA E CREDITO MUTUO DOS EMPREGADOS DO GRUPO USINA PAINEIRAS LTDA - CRED-PAN;27.140.946;b3S;I;2;S5;9;ITAPEMIRIM;ES;09/2020;477;0;0;0;0;0;0;0;0;1;76;263;137;0;0;0;477;0;0;0;0;0;0;0;0;0;0;0;0;0;0;0;0;0;0;0;0;0;0;0;0;0;0;0;0;0;0;0;0;0;0;0;0;0;0;0;0;0
COOPERATIVA DE ECONOMIA E CREDITO MUTUO DOS FUNCIONARIOS DO GRUPO PROGRESSO LTDA - PROCRED;2.931.166;b3S;I;2;S5;9;TRES RIOS;RJ;09/2020;467;228;99;123;6;0;0;0;457;0;0;0;0;0;0;0;0;0;0;0;0;0;0;0;0;0;0;0;0;0;0;0;0;0;0;0;0;0;0;0;0;0;0;0;0;0;0;0;0;11;0;0;0;0;0;0;11;0
PINTOS S.A. CREDITO, FINANCIAMENTO E INVESTIMENTO;35.274.306;n1;I;2;S5;14;TERESINA;PI;09/2020;451;2;78;205;148;13;0;0;447;0;1;3;0;0;0;0;4;0;0;0;0;0;0;0;0;0;0;0;0;0;0;0;0;0;0;0;0;0;0;0;0;0;0;0;0;0;0;0;0;0;0;0;0;0;0;0;0;0
COOPERATIVA DE ECONOMIA E CREDITO MUTUO DOS FUNCIONARIOS DO GRUPO HELIO ALONSO-COOPERHA-LTDA;2.786.691;b3S;I;2;S5;9;RIO DE JANEIRO;RJ;09/2020;439;230;56;99;34;0;0;0;419;0;0;0;0;0;0;0;0;0;0;0;0;0;0;0;0;0;0;0;0;0;0;0;0;0;0;0;0;0;0;0;0;0;0;0;0;0;0;0;0;20;0;0;0;0;0;0;20;0
COOPERATIVA DE CRÉDITO DE CAPITAL E EMPRÉSTIMO DOS FUNCIONÁRIOS DA SAÚDE DO SETOR PRIVADO DE MANAUS LTDA - COOPCRESP MANAUS;34.503.581;b3S;I;2;S5;9;MANAUS;AM;09/2020;429;139;98;148;44;0;0;0;429;0;0;0;0;0;0;0;0;0;0;0;0;0;0;0;0;0;0;0;0;0;0;0;0;0;0;0;0;0;0;0;0;0;0;0;0;0;0;0;0;0;0;0;0;0;0;0;0;0
COOPERATIVA DE ECONOMIA E CREDITO MUTUO DOS FUNCIONARIOS DA SANEPAR - CREDISANEPAR;3.165.497;b3S;I;2;S5;9;CASCAVEL;PR;09/2020;428;0;0;0;0;0;0;0;0;0;0;0;0;0;0;0;0;0;0;0;0;0;0;0;0;0;0;0;0;0;0;0;0;0;0;0;0;0;0;0;0;0;0;0;0;0;0;0;0;7;90;253;78;0;0;0;428;0
COOPERATIVA DE ECONOMIA E CREDITO MUTUO DOS EMPREGADOS DO GRUPO JOSE NEFFA LTDA;29.985.421;b3S;I;2;S5;9;VITORIA;ES;09/2020;418;0;86;217;111;0;0;0;413;0;0;0;0;0;0;0;0;0;0;0;0;0;0;0;0;0;0;0;0;0;0;0;0;0;0;0;0;0;0;0;0;0;0;0;0;0;0;0;0;0;4;0;0;0;0;0;5;0
SOLUÇÃO FINANÇAS SOCIEDADE DE CRÉDITO DIRETO S.A.;37.134.759;n1;I;2;S5;43;BELO HORIZONTE;MG;09/2020;411;0;0;0;0;0;0;0;0;0;0;0;0;0;0;0;0;0;0;0;0;0;0;0;0;0;0;0;0;0;0;0;0;0;0;0;0;0;0;0;0;0;0;0;0;0;0;0;0;0;32;98;203;79;0;0;411;0
ATLANTA SOCIEDADE DE CRÉDITO AO MICROEMPREENDEDOR LTDA;4.772.908;n1;I;2;S5;10;PASSOS;MG;09/2020;383;0;0;0;0;0;0;0;0;0;0;0;0;0;0;0;0;0;0;0;0;0;0;0;0;0;0;0;0;0;0;0;0;0;0;0;0;0;0;0;0;0;0;0;0;0;0;0;0;122;241;19;0;0;0;0;383;0
COOPERATIVA DE ECONOMIA E CRÉDITO MÚTUO DOS COMERCIANTES DO VESTUÁRIO, CONFECÇÕES E ROCHAS ORNAMENTAIS - CREDSUL.;2.330.334;b3S;I;2;S5;9;CACHOEIRO DE ITAPEMIRIM;ES;09/2020;381;0;0;0;0;0;0;0;0;11;23;36;25;8;0;0;103;0;0;0;0;0;0;0;0;0;0;0;0;0;0;0;0;0;0;0;0;0;0;0;0;0;0;0;0;0;0;0;0;19;77;111;63;2;8;0;278;0
VNK SOCIEDADE DE CRÉDITO AO MICROEMPREENDEDOR E À EMPRESA DE PEQUENO PORTE LTDA.;20.269.566;n1;I;2;S5;10;FORTALEZA;CE;09/2020;372;0;0;0;0;0;0;0;0;0;0;0;0;0;0;0;0;0;0;0;0;0;0;0;0;0;0;0;0;0;0;0;0;0;0;0;0;0;0;0;0;0;0;0;0;0;0;0;0;122;155;96;0;0;0;0;372;0
COOPERATIVA DE CRÉDITO MÚTUO DOS EMPREGADOS DO CENTRO UNIVERSITÁRIO NEWTON PAIVA LTDA. - CREDIPAIVA;20.833.992;b3S;I;2;S5;9;BELO HORIZONTE;MG;09/2020;357;0;0;0;0;0;0;0;0;13;80;162;79;22;0;0;357;0;0;0;0;0;0;0;0;0;0;0;0;0;0;0;0;0;0;0;0;0;0;0;0;0;0;0;0;0;0;0;0;0;0;0;0;0;0;0;0;0
COOPERATIVA DE CRÉDITO MÚTUO DOS FUNCIONÁRIOS DA FÁBRICA DE CIMENTO VOTORAN;45.421.856;b3S;I;2;S5;9;VOTORANTIM;SP;09/2020;352;12;47;158;96;0;0;0;314;0;0;0;0;0;0;0;0;0;0;0;0;0;0;0;0;0;0;0;0;0;0;0;0;0;0;0;0;0;0;0;0;0;0;0;0;0;0;0;0;38;0;0;0;0;0;0;38;0
COOPERATIVA DE CRÉDITO DE CAPITAL E EMPRÉSTIMO DOS TRABALHADORES NAS EMPRESAS DE TECNOLOGIA E INFORMÁTICA DE BELO HORIZONTE E CIDADES LIMÍTROFES LTDA - COOPERINFOR;28.435.685;b3S;I;2;S5;9;BELO HORIZONTE;MG;09/2020;350;0;67;131;128;20;0;0;346;2;0;1;1;0;0;0;3;0;0;0;0;0;0;0;0;0;0;0;0;0;0;0;0;0;0;0;0;0;0;0;0;0;0;0;0;0;0;0;0;0;0;0;0;0;0;0;0;0
COOPERATIVA DE ECONOMIA E CRÉDITO MÚTUO DOS BANCÁRIOS DE BELO HORIZONTE E REGIÃO METROPOLITANA LTDA. - COOPEB;71.502.181;b3S;I;2;S5;9;BELO HORIZONTE;MG;09/2020;349;0;0;0;0;0;0;0;0;0;141;162;45;0;0;0;349;0;0;0;0;0;0;0;0;0;0;0;0;0;0;0;0;0;0;0;0;0;0;0;0;0;0;0;0;0;0;0;0;0;0;0;0;0;0;0;0;0
DIRECAO S.A. CREDITO, FINANCIAMENTO E INVESTIMENTO;58.158.387;n1;I;2;S5;14;SANTOS;SP;09/2020;311;0;0;0;0;0;0;0;0;80;58;127;46;0;0;0;311;0;0;0;0;0;0;0;0;0;0;0;0;0;0;0;0;0;0;0;0;0;0;0;0;0;0;0;0;0;0;0;0;0;0;0;0;0;0;0;0;0
COOPERATIVA DE ECONOMIA E CRÉDITO MÚTUO DOS BANCÁRIOS DE JUIZ DE FORA LTDA. - COCBAN;4.158.581;b3S;I;2;S5;9;JUIZ DE FORA;MG;09/2020;294;0;0;0;0;0;0;0;0;7;107;99;82;0;0;0;294;0;0;0;0;0;0;0;0;0;0;0;0;0;0;0;0;0;0;0;0;0;0;0;0;0;0;0;0;0;0;0;0;0;0;0;0;0;0;0;0;0
EGONCRED - SOCIEDADE DE CRÉDITO AO MICROEMPREENDEDOR E À EMPRESA DE PEQUENO PORTE LTDA.;20.251.847;n1;I;2;S5;10;CAMPINAS;SP;09/2020;284;0;0;0;0;0;0;0;0;0;0;0;0;0;0;0;0;0;0;0;0;0;0;0;0;0;0;0;0;0;0;0;0;0;0;0;0;0;0;0;0;0;0;0;0;0;0;0;0;247;28;10;0;0;0;0;284;0
CORPORE SOCIEDADE DE CRÉDITO AO MICROEMPREENDEDOR E ÀS EMPRESAS DE PEQUENO PORTE LTDA.;7.327.045;n1;I;2;S5;10;DOURADOS;MS;09/2020;281;0;0;0;0;0;0;0;0;0;0;0;0;0;0;0;0;0;0;0;0;0;0;0;0;0;0;0;0;0;0;0;0;0;0;0;0;0;0;0;0;0;0;0;0;0;0;0;0;29;72;111;69;0;0;0;281;0
COOPERATIVA DE CRÉDITO RURAL DOS AGROPECUARISTAS DA REGIÃO DE PORTO FELIZ;50.334.234;b3S;I;2;S5;9;PORTO FELIZ;SP;09/2020;279;0;0;0;0;0;0;0;0;0;0;0;0;0;0;0;0;0;0;0;0;0;0;0;0;0;0;0;0;0;0;0;0;0;0;0;0;0;0;0;0;65;92;122;0;0;0;0;279;0;0;0;0;0;0;0;0;0
AGÊNCIA DE FOMENTO DO ESTADO DO TOCANTINS S.A.;5.474.540;n1;I;1;S4;30;PALMAS;TO;09/2020;270;0;0;0;0;0;0;0;0;0;1;2;3;0;0;0;6;0;0;0;0;0;0;0;0;0;0;0;0;0;0;0;0;0;0;0;0;0;0;0;0;0;0;0;0;0;0;0;0;35;35;84;103;6;0;0;264;0
UP.P SOCIEDADE DE EMPRÉSTIMO ENTRE PESSOAS S.A.;35.977.097;n1;I;2;S5;44;SAO PAULO;SP;09/2020;253;0;1;2;0;0;0;0;2;0;53;117;80;0;0;0;251;0;0;0;0;0;0;0;0;0;0;0;0;0;0;0;0;0;0;0;0;0;0;0;0;0;0;0;0;0;0;0;0;0;0;0;0;0;0;0;0;0
QI;52.151;n1;I;2;S5;197;SAO PAULO;SP;09/2020;244;0;0;0;0;0;0;0;0;0;0;0;0;0;0;0;0;0;0;0;0;0;0;0;0;0;0;0;0;0;0;0;0;0;0;0;0;0;0;0;0;0;0;0;0;0;0;0;0;32;161;51;0;0;0;0;244;0
COOPERATIVA DE ECONOMIA E CRÉDITO MÚTUO DOS TRABALHADORES DA COOPER STANDARD AUTOMOTIVE BRASIL SEALING LTDA. E FLUID SYSTEMS LTDA.;4.464.352;b3S;I;2;S5;9;VARGINHA;MG;09/2020;237;1;53;144;38;0;0;0;237;0;0;0;0;0;0;0;0;0;0;0;0;0;0;0;0;0;0;0;0;0;0;0;0;0;0;0;0;0;0;0;0;0;0;0;0;0;0;0;0;0;0;0;0;0;0;0;0;0
FAMÍLIA PAULISTA COMPANHIA HIPOTECÁRIA;53.146.221;n1;I;2;S5;29;SANTOS;SP;09/2020;199;0;0;0;0;0;0;0;0;0;0;0;0;0;0;0;0;0;0;0;0;0;0;0;0;0;1;0;0;0;93;0;94;0;0;0;0;0;0;0;0;0;0;0;0;0;0;0;0;6;99;0;0;0;0;0;105;0
COOPERATIVA DE ECONOMIA E CRÉDITO MÚTUO DOS BANCÁRIOS DE SOROCABA E REGIÃO;71.491.609;b3S;I;2;S5;9;SOROCABA;SP;09/2020;174;2;0;0;0;0;0;0;2;12;38;86;36;0;0;0;173;0;0;0;0;0;0;0;0;0;0;0;0;0;0;0;0;0;0;0;0;0;0;0;0;0;0;0;0;0;0;0;0;0;0;0;0;0;0;0;0;0
COOPERATIVA DE ECONOMIA E CREDITO MUTUO DOS EMPREGADOS DA TEADIT E OUTRAS EMPRESAS ASSOCIADAS LTDA;27.669.753;b3S;I;2;S5;9;RIO DE JANEIRO;RJ;09/2020;173;1;65;107;0;0;0;0;173;0;0;0;0;0;0;0;0;0;0;0;0;0;0;0;0;0;0;0;0;0;0;0;0;0;0;0;0;0;0;0;0;0;0;0;0;0;0;0;0;1;0;0;0;0;0;0;1;0
CREDBRASIL - SOCIEDADE DE CRÉDITO AO MICROEMPREENDEDOR LTDA;3.635.061;n1;I;2;S5;10;PAULINIA;SP;09/2020;169;0;0;0;0;0;0;0;0;0;0;0;0;0;0;0;0;0;0;0;0;0;0;0;0;0;0;0;0;0;0;0;0;0;0;0;0;0;0;0;0;0;0;0;0;0;0;0;0;70;72;20;7;0;0;0;169;0
COOPERATIVA DE CRÉDITO MÚTUO DOS DISTRIBUIDORES DE BEBIDAS DO ESTADO DE SÃO PAULO - SICOOB CREDIBESP;7.753.938;b3S;I;2;S5;9;SAO PAULO;SP;09/2020;159;7;50;75;23;0;0;0;155;NI;NI;NI;NI;NI;NI;NI;NI;NI;NI;NI;NI;NI;NI;NI;NI;NI;NI;NI;NI;NI;NI;NI;NI;NI;NI;NI;NI;NI;NI;NI;NI;NI;NI;NI;NI;NI;NI;NI;NI;4;0;0;0;0;0;0;4;NI
SOCIETE GENERALE;31.859;b1;C;3;S3;199;SAO PAULO;SP;09/2020;146;0;36;88;22;0;0;0;146;0;0;0;0;0;0;0;0;0;0;0;0;0;0;0;0;0;0;0;0;0;0;0;0;0;0;0;0;0;0;0;0;0;0;0;0;0;0;0;0;0;0;0;0;0;0;0;0;0
CREDILON SOCIEDADE DE CRÉDITO AO MICROEMPREENDEDOR DA REGIÃO DE LONDRINA LTDA.;4.223.451;n1;I;2;S5;10;LONDRINA;PR;09/2020;146;0;0;0;0;0;0;0;0;16;102;28;0;0;0;0;146;0;0;0;0;0;0;0;0;0;0;0;0;0;0;0;0;0;0;0;0;0;0;0;0;0;0;0;0;0;0;0;0;0;0;0;0;0;0;0;0;0
COOPERATIVA DE ECONOMIA E CRÉDITO MÚTUO DOS BANCÁRIOS DO TRIÂNGULO LTDA.;1.301.541;b3S;I;2;S5;9;UBERLANDIA;MG;09/2020;143;0;0;0;0;0;0;0;0;0;48;95;1;0;0;0;143;0;0;0;0;0;0;0;0;0;0;0;0;0;0;0;0;0;0;0;0;0;0;0;0;0;0;0;0;0;0;0;0;0;0;0;0;0;0;0;0;0
BANCO CAPITAL S.A.;15.173.776;b1;I;2;S4;8;SALVADOR;BA;09/2020;137;0;0;0;0;0;0;0;0;0;0;0;0;0;0;0;0;0;0;0;0;0;0;0;0;0;0;0;0;0;0;0;0;0;0;0;0;0;0;0;0;0;0;0;0;0;0;0;0;0;61;71;5;0;0;0;137;0
EMCASH SERVIÇOS FINANCEIROS SOCIEDADE DE EMPRÉSTIMO ENTRE PESSOAS S.A.;34.139.916;n1;I;2;S5;44;BELO HORIZONTE;MG;09/2020;117;0;32;62;22;0;0;0;117;0;0;0;0;0;0;0;0;0;0;0;0;0;0;0;0;0;0;0;0;0;0;0;0;0;0;0;0;0;0;0;0;0;0;0;0;0;0;0;0;0;0;0;0;0;0;0;0;0
FIDÚCIA SOCIEDADE DE CRÉDITO AO MICROEMPREENDEDOR E À EMPRESA DE PEQUENO PORTE LIMITADA.;4.307.598;n1;I;2;S5;10;BELO HORIZONTE;MG;09/2020;114;0;0;0;0;0;0;0;0;0;0;0;0;0;0;0;0;0;0;0;0;0;0;0;0;0;0;0;0;0;0;0;0;0;0;0;0;0;0;0;0;0;0;0;0;0;0;0;0;8;28;60;18;0;0;0;114;0
BOM CRÉDITO   SOCIEDADE DE CRÉDITO AO MICROEMPREENDEDOR E À EMPRESA DE PEQUENO PORTE LTDA.;5.669.150;n1;I;2;S5;10;VOLTA REDONDA;RJ;09/2020;114;0;0;0;0;0;0;0;0;0;0;0;0;0;0;0;0;0;0;0;0;0;0;0;0;0;0;0;0;0;0;0;0;0;0;0;0;0;0;0;0;0;0;0;0;0;0;0;0;21;61;18;14;0;0;0;114;0
COOPERATIVA DE ECONOMIA E CRÉDITO MÚTUO DOS FUNCIONÁRIOS DO GRUPO GARDÊNIA LTDA. - COOPERGARDÊNIA;1.499.278;b3S;I;2;S5;9;POUSO ALEGRE;MG;09/2020;106;20;19;38;24;0;0;0;102;0;0;0;0;0;0;0;0;0;0;0;0;0;0;0;0;0;0;0;0;0;0;0;0;0;0;0;0;0;0;0;0;0;0;0;0;0;0;0;0;5;0;0;0;0;0;0;5;0
TANGER SOCIEDADE DE CRÉDITO DIRETO S.A.;34.846.868;n1;I;2;S5;43;LINS;SP;09/2020;102;0;0;0;0;0;0;0;0;0;18;78;7;0;0;0;102;0;0;0;0;0;0;0;0;0;0;0;0;0;0;0;0;0;0;0;0;0;0;0;0;0;0;0;0;0;0;0;0;0;0;0;0;0;0;0;0;0
COOPERATIVA DE ECONOMIA E CREDITO MUTUO DOS EMPREGADOS IND.ALIMENTACAO REG.GRDE.VITORIA EST.ES-CREDI-ALIMENTO;3.973.743;b3S;I;2;S5;9;VITORIA;ES;09/2020;95;49;27;18;1;0;0;0;95;0;0;0;0;0;0;0;0;0;0;0;0;0;0;0;0;0;0;0;0;0;0;0;0;0;0;0;0;0;0;0;0;0;0;0;0;0;0;0;0;0;0;0;0;0;0;0;0;0
BANCO VIPAL S.A.;9.526.594;b2;I;2;S4;8;PORTO ALEGRE;RS;09/2020;87;30;0;0;0;0;0;0;30;57;0;0;0;0;0;0;57;0;0;0;0;0;0;0;0;0;0;0;0;0;0;0;0;0;0;0;0;0;0;0;0;0;0;0;0;0;0;0;0;0;0;0;0;0;0;0;0;0
FACILICRED SOCIEDADE DE CRÉDITO AO MICROEMPREENDEDOR LTDA;4.849.745;n1;I;2;S5;10;CURITIBA;PR;09/2020;80;0;0;0;0;0;0;0;0;0;0;0;0;0;0;0;0;0;0;0;0;0;0;0;0;0;0;0;0;0;0;0;0;0;0;0;0;0;0;0;0;0;0;0;0;0;0;0;0;5;61;13;0;0;0;0;80;0
COOPERATIVA DE ECONOMIA E CRÉDITO MÚTUO DOS TRABALHADORES NAS INDÚSTRIAS METALÚRGICAS, MECÂNICA E MATERIAL ELÉTRICO DE SÃO LEOPOLDO E REGIÃO - COOPERMETAL;10.719.496;b3S;I;2;S5;9;SAO LEOPOLDO;RS;09/2020;80;0;0;0;0;0;0;0;0;11;37;28;4;0;0;0;80;0;0;0;0;0;0;0;0;0;0;0;0;0;0;0;0;0;0;0;0;0;0;0;0;0;0;0;0;0;0;0;0;0;0;0;0;0;0;0;0;0
BANCO PORTO REAL DE INVESTIMENTOS S.A;40.429.946;b2;I;2;S4;13;PORTO REAL;RJ;09/2020;79;0;0;0;0;0;0;0;0;0;7;19;10;0;0;0;36;0;0;0;0;0;0;0;0;0;0;0;0;0;0;0;0;0;0;0;0;0;0;0;0;0;0;0;0;0;0;0;0;0;0;43;0;0;0;0;43;0
COOPERATIVA DE ECONOMIA E CRÉDITO MÚTUO DOS EMPREGADOS DAS EMPRESAS DE REDUTORES DE TRANSMISSÃO DO ESTADO DE SÃO PAULO - COOPER-PTI;62.035.456;b3S;I;2;S5;9;SAO PAULO;SP;09/2020;67;0;29;35;3;0;0;0;67;0;0;0;0;0;0;0;0;0;0;0;0;0;0;0;0;0;0;0;0;0;0;0;0;0;0;0;0;0;0;0;0;0;0;0;0;0;0;0;0;0;0;0;0;0;0;0;0;0
BIGCASH SOCIEDADE DE CREDITO DIRETO S.A.;36.452.762;n1;I;2;S5;43;GOVERNADOR VALADARES;MG;09/2020;62;0;0;0;0;0;0;0;0;0;35;26;0;0;0;0;62;0;0;0;0;0;0;0;0;0;0;0;0;0;0;0;0;0;0;0;0;0;0;0;0;0;0;0;0;0;0;0;0;0;0;0;0;0;0;0;0;0
COOPERATIVA DE CRÉDITO DOS METALÚRGICOS DO ABC - CREDABC;5.740.092;b3S;I;2;S5;9;SAO BERNARDO DO CAMPO;SP;09/2020;60;0;18;23;2;0;0;0;42;0;7;10;0;0;0;0;18;0;0;0;0;0;0;0;0;0;0;0;0;0;0;0;0;0;0;0;0;0;0;0;0;0;0;0;0;0;0;0;0;0;0;0;0;0;0;0;0;0
AGÊNCIA DE FOMENTO DO ESTADO DO AMAZONAS S.A. - AFEAM;3.183.937;n1;I;1;S4;30;MANAUS;AM;09/2020;54;0;0;0;0;0;0;0;0;0;0;0;0;0;0;0;0;0;0;0;0;0;0;0;0;0;0;0;0;0;0;0;0;0;0;0;0;0;0;0;0;14;0;40;0;0;0;0;54;0;0;0;0;0;0;0;0;0
FINANSINOS S.A. CREDITO, FINANCIAMENTO E INVESTIMENTO;91.669.747;n1;I;2;S5;14;NOVO HAMBURGO;RS;09/2020;27;0;0;0;0;0;0;0;0;11;12;5;0;0;0;0;27;0;0;0;0;0;0;0;0;0;0;0;0;0;0;0;0;0;0;0;0;0;0;0;0;0;0;0;0;0;0;0;0;0;0;0;0;0;0;0;0;0
BANCO DE LA NACION ARGENTINA;33.042.151;b1;I;3;S4;28;SAO PAULO;SP;09/2020;19;0;0;0;0;0;0;0;0;0;5;9;5;0;0;0;19;0;0;0;0;0;0;0;0;0;0;0;0;0;0;0;0;0;0;0;0;0;0;0;0;0;0;0;0;0;0;0;0;0;0;0;0;0;0;0;0;0
PÓLOCRED   SOCIEDADE DE CRÉDITO AO MICROEMPREENDEDOR E À EMPRESA DE PEQUENO PORTE LTDA.;7.945.233;n1;I;2;S5;10;FLORIANOPOLIS;SC;09/2020;13;0;0;0;0;0;0;0;0;0;0;0;0;0;0;0;0;0;0;0;0;0;0;0;0;0;0;0;0;0;0;0;0;0;0;0;0;0;0;0;0;0;0;0;0;0;0;0;0;3;9;1;0;0;0;0;13;0
VR;50.524;b1;C;2;S4;199;SAO PAULO;SP;09/2020;0;0;0;0;0;0;0;0;0;0;0;0;0;0;0;0;0;0;0;0;0;0;0;0;0;0;0;0;0;0;0;0;0;0;0;0;0;0;0;0;0;0;0;0;0;0;0;0;0;0;0;0;0;0;0;0;0;0
ING;51.073;b1;C;3;S3;199;SAO PAULO;SP;09/2020;0;0;0;0;0;0;0;0;0;0;0;0;0;0;0;0;0;0;0;0;0;0;0;0;0;0;0;0;0;0;0;0;0;0;0;0;0;0;0;0;0;0;0;0;0;0;0;0;0;0;0;0;0;0;0;0;0;0
BOFA MERRILL LYNCH;51.255;b1;C;3;S3;199;SAO PAULO;SP;09/2020;0;0;0;0;0;0;0;0;0;0;0;0;0;0;0;0;0;0;0;0;0;0;0;0;0;0;0;0;0;0;0;0;0;0;0;0;0;0;0;0;0;0;0;0;0;0;0;0;0;0;0;0;0;0;0;0;0;0
HAITONG;51.482;b2;C;3;S3;198;SAO PAULO;SP;09/2020;0;0;0;0;0;0;0;0;0;0;0;0;0;0;0;0;0;0;0;0;0;0;0;0;0;0;0;0;0;0;0;0;0;0;0;0;0;0;0;0;0;0;0;0;0;0;0;0;0;0;0;0;0;0;0;0;0;0
MIZUHO;51.554;b1;I;3;S4;199;SAO PAULO;SP;09/2020;0;0;0;0;0;0;0;0;0;0;0;0;0;0;0;0;0;0;0;0;0;0;0;0;0;0;0;0;0;0;0;0;0;0;0;0;0;0;0;0;0;0;0;0;0;0;0;0;0;0;0;0;0;0;0;0;0;0
GOLDMAN SACHS;51.585;b2;C;3;S3;198;SAO PAULO;SP;09/2020;0;0;0;0;0;0;0;0;0;0;0;0;0;0;0;0;0;0;0;0;0;0;0;0;0;0;0;0;0;0;0;0;0;0;0;0;0;0;0;0;0;0;0;0;0;0;0;0;0;0;0;0;0;0;0;0;0;0
CAIXA GERAL;51.815;b1;C;3;S4;199;SAO PAULO;SP;09/2020;0;0;0;0;0;0;0;0;0;0;0;0;0;0;0;0;0;0;0;0;0;0;0;0;0;0;0;0;0;0;0;0;0;0;0;0;0;0;0;0;0;0;0;0;0;0;0;0;0;0;0;0;0;0;0;0;0;0
NUBANK;52.058;n1;I;2;S4;197;SAO PAULO;SP;09/2020;0;0;0;0;0;0;0;0;0;0;0;0;0;0;0;0;0;0;0;0;0;0;0;0;0;0;0;0;0;0;0;0;0;0;0;0;0;0;0;0;0;0;0;0;0;0;0;0;0;0;0;0;0;0;0;0;0;0
CODEPE;52.089;n1;C;2;S4;197;RECIFE;PE;09/2020;0;NI;NI;NI;NI;NI;NI;NI;NI;NI;NI;NI;NI;NI;NI;NI;NI;NI;NI;NI;NI;NI;NI;NI;NI;NI;NI;NI;NI;NI;NI;NI;NI;NI;NI;NI;NI;NI;NI;NI;NI;NI;NI;NI;NI;NI;NI;NI;NI;NI;NI;NI;NI;NI;NI;NI;NI;NI
BBC;52.209;n1;I;2;S4;197;SAO PAULO;SP;09/2020;0;0;0;0;0;0;0;0;0;0;0;0;0;0;0;0;0;0;0;0;0;0;0;0;0;0;0;0;0;0;0;0;0;0;0;0;0;0;0;0;0;0;0;0;0;0;0;0;0;0;0;0;0;0;0;0;0;0
CENTRAL DAS COOPERATIVAS DE CRÉDITO DOS ESTADOS DE MATO GROSSO, MATO GROSSO DO SUL E DO MUNICÍPIO DE CACOAL/RO - SICOOB CENTRAL RONDON;106.180;b3C;I;2;S4;9;CUIABA;MT;09/2020;0;0;0;0;0;0;0;0;0;0;0;0;0;0;0;0;0;0;0;0;0;0;0;0;0;0;0;0;0;0;0;0;0;0;0;0;0;0;0;0;0;0;0;0;0;0;0;0;0;0;0;0;0;0;0;0;0;0
COOPERATIVA DE CRÉDITO UNICRED CENTRAL MULTIRREGIONAL LTDA. - UCM;184.068;b3C;I;2;S4;9;BELO HORIZONTE;MG;09/2020;0;0;0;0;0;0;0;0;0;0;0;0;0;0;0;0;0;0;0;0;0;0;0;0;0;0;0;0;0;0;0;0;0;0;0;0;0;0;0;0;0;0;0;0;0;0;0;0;0;0;0;0;0;0;0;0;0;0
AGK CORRETORA DE CAMBIO S.A.;250.699;n2;I;2;S4;21;SAO PAULO;SP;09/2020;0;NA;NA;NA;NA;NA;NA;NA;NA;NA;NA;NA;NA;NA;NA;NA;NA;NA;NA;NA;NA;NA;NA;NA;NA;NA;NA;NA;NA;NA;NA;NA;NA;NA;NA;NA;NA;NA;NA;NA;NA;NA;NA;NA;NA;NA;NA;NA;NA;NA;NA;NA;NA;NA;NA;NA;NA;NA
CENTRAL DAS COOPERATIVAS DE ECONOMIA E CREDITO DO ESTADO DE MINAS GERAIS LTDA. - SICOOB CENTRAL CECREMGE;309.024;b3C;I;2;S4;9;BELO HORIZONTE;MG;09/2020;0;0;0;0;0;0;0;0;0;0;0;0;0;0;0;0;0;0;0;0;0;0;0;0;0;0;0;0;0;0;0;0;0;0;0;0;0;0;0;0;0;0;0;0;0;0;0;0;0;0;0;0;0;0;0;0;0;0
CONFEDERAÇÃO NACIONAL DAS COOPERATIVAS CENTRAIS UNICRED LTDA. - UNICRED DO BRASIL.;315.557;b3C;I;2;S4;9;SAO PAULO;SP;09/2020;0;NI;NI;NI;NI;NI;NI;NI;NI;NI;NI;NI;NI;NI;NI;NI;NI;NI;NI;NI;NI;NI;NI;NI;NI;NI;NI;NI;NI;NI;NI;NI;NI;NI;NI;NI;NI;NI;NI;NI;NI;NI;NI;NI;NI;NI;NI;NI;NI;NI;NI;NI;NI;NI;NI;NI;NI;NI
ÍNDIGO INVESTIMENTOS DISTRIBUIDORA DE TÍTULOS E VALORES MOBILIÁRIOS LTDA.;329.598;n2;I;2;S4;16;SAO PAULO;SP;09/2020;0;NI;NI;NI;NI;NI;NI;NI;NI;NI;NI;NI;NI;NI;NI;NI;NI;NI;NI;NI;NI;NI;NI;NI;NI;NI;NI;NI;NI;NI;NI;NI;NI;NI;NI;NI;NI;NI;NI;NI;NI;NI;NI;NI;NI;NI;NI;NI;NI;NI;NI;NI;NI;NI;NI;NI;NI;NI
COLUNA S/A DISTRIBUIDORA DE TITULOS E VALORES MOBILIÁRIOS;460.065;n2;I;2;S4;16;RIO DE JANEIRO;RJ;09/2020;0;NI;NI;NI;NI;NI;NI;NI;NI;NI;NI;NI;NI;NI;NI;NI;NI;NI;NI;NI;NI;NI;NI;NI;NI;NI;NI;NI;NI;NI;NI;NI;NI;NI;NI;NI;NI;NI;NI;NI;NI;NI;NI;NI;NI;NI;NI;NI;NI;NI;NI;NI;NI;NI;NI;NI;NI;NI
COOPERATIVA CENTRAL DE ECONOMIA E CRÉDITO MÚTUO DAS UNICRED'S DE SANTA CATARINA E DO PARANÁ LTDA - UNICRED CENTRAL SC/PR;543.968;b3C;I;2;S4;9;FLORIANOPOLIS;SC;09/2020;0;NI;NI;NI;NI;NI;NI;NI;NI;NI;NI;NI;NI;NI;NI;NI;NI;NI;NI;NI;NI;NI;NI;NI;NI;NI;NI;NI;NI;NI;NI;NI;NI;NI;NI;NI;NI;NI;NI;NI;NI;NI;NI;NI;NI;NI;NI;NI;NI;NI;NI;NI;NI;NI;NI;NI;NI;NI
CENTRAL DAS COOPERATIVAS DE ECONOMIA E CRÉDITO DO PLANALTO CENTRAL LTDA - SICOOB PLANALTO CENTRAL;692.214;b3C;I;2;S4;9;BRASILIA;DF;09/2020;0;0;0;0;0;0;0;0;0;0;0;0;0;0;0;0;0;0;0;0;0;0;0;0;0;0;0;0;0;0;0;0;0;0;0;0;0;0;0;0;0;0;0;0;0;0;0;0;0;0;0;0;0;0;0;0;0;0
BANCO B3 S.A.;997.185;b1;I;2;S4;2;SAO PAULO;SP;09/2020;0;NI;NI;NI;NI;NI;NI;NI;NI;NI;NI;NI;NI;NI;NI;NI;NI;NI;NI;NI;NI;NI;NI;NI;NI;NI;NI;NI;NI;NI;NI;NI;NI;NI;NI;NI;NI;NI;NI;NI;NI;NI;NI;NI;NI;NI;NI;NI;NI;NI;NI;NI;NI;NI;NI;NI;NI;NI
CIELO S.A.;1.027.058;n4;I;2;;41;BARUERI;SP;09/2020;0;NI;NI;NI;NI;NI;NI;NI;NI;NI;NI;NI;NI;NI;NI;NI;NI;NI;NI;NI;NI;NI;NI;NI;NI;NI;NI;NI;NI;NI;NI;NI;NI;NI;NI;NI;NI;NI;NI;NI;NI;NI;NI;NI;NI;NI;NI;NI;NI;NI;NI;NI;NI;NI;NI;NI;NI;NI
REDECARD S.A.;1.425.787;n4;I;2;S1;41;SAO PAULO;SP;09/2020;0;NI;NI;NI;NI;NI;NI;NI;NI;NI;NI;NI;NI;NI;NI;NI;NI;NI;NI;NI;NI;NI;NI;NI;NI;NI;NI;NI;NI;NI;NI;NI;NI;NI;NI;NI;NI;NI;NI;NI;NI;NI;NI;NI;NI;NI;NI;NI;NI;NI;NI;NI;NI;NI;NI;NI;NI;NI
OPPORTUNITY DISTRIBUIDORA DE TÍTULOS E VALORES MOBILIÁRIOS LTDA;1.582.158;n2;I;2;S4;16;RIO DE JANEIRO;RJ;09/2020;0;NI;NI;NI;NI;NI;NI;NI;NI;NI;NI;NI;NI;NI;NI;NI;NI;NI;NI;NI;NI;NI;NI;NI;NI;NI;NI;NI;NI;NI;NI;NI;NI;NI;NI;NI;NI;NI;NI;NI;NI;NI;NI;NI;NI;NI;NI;NI;NI;NI;NI;NI;NI;NI;NI;NI;NI;NI
H.COMMCOR DISTRIBUIDORA DE TÍTULOS E VALORES MOBILIÁRIOS LTDA.;1.788.147;n2;I;2;S4;16;SAO PAULO;SP;09/2020;0;NI;NI;NI;NI;NI;NI;NI;NI;NI;NI;NI;NI;NI;NI;NI;NI;NI;NI;NI;NI;NI;NI;NI;NI;NI;NI;NI;NI;NI;NI;NI;NI;NI;NI;NI;NI;NI;NI;NI;NI;NI;NI;NI;NI;NI;NI;NI;NI;NI;NI;NI;NI;NI;NI;NI;NI;NI
TRINUS CAPITAL DISTRIBUIDORA DE TÍTULOS E VALORES MOBILIÁRIOS S.A.;2.276.653;n2;I;2;S4;16;GOIANIA;GO;09/2020;0;NI;NI;NI;NI;NI;NI;NI;NI;NI;NI;NI;NI;NI;NI;NI;NI;NI;NI;NI;NI;NI;NI;NI;NI;NI;NI;NI;NI;NI;NI;NI;NI;NI;NI;NI;NI;NI;NI;NI;NI;NI;NI;NI;NI;NI;NI;NI;NI;NI;NI;NI;NI;NI;NI;NI;NI;NI
BANCO KEB HANA DO BRASIL S.A.;2.318.507;b1;I;3;S4;2;SAO PAULO;SP;09/2020;0;0;0;0;0;0;0;0;0;0;0;0;0;0;0;0;0;0;0;0;0;0;0;0;0;0;0;0;0;0;0;0;0;0;0;0;0;0;0;0;0;0;0;0;0;0;0;0;0;0;0;0;0;0;0;0;0;0
TREVISO CORRETORA DE CÂMBIO S.A.;2.992.317;n2;I;2;S4;21;SAO PAULO;SP;09/2020;0;NA;NA;NA;NA;NA;NA;NA;NA;NA;NA;NA;NA;NA;NA;NA;NA;NA;NA;NA;NA;NA;NA;NA;NA;NA;NA;NA;NA;NA;NA;NA;NA;NA;NA;NA;NA;NA;NA;NA;NA;NA;NA;NA;NA;NA;NA;NA;NA;NA;NA;NA;NA;NA;NA;NA;NA;NA
INFINITY CORRETORA DE CÂMBIO, TÍTULOS E VALORES MOBILIÁRIOS S.A.;3.014.007;n2;I;2;S4;15;SAO PAULO;SP;09/2020;0;NI;NI;NI;NI;NI;NI;NI;NI;NI;NI;NI;NI;NI;NI;NI;NI;NI;NI;NI;NI;NI;NI;NI;NI;NI;NI;NI;NI;NI;NI;NI;NI;NI;NI;NI;NI;NI;NI;NI;NI;NI;NI;NI;NI;NI;NI;NI;NI;NI;NI;NI;NI;NI;NI;NI;NI;NI
UNIPRIME CENTRAL - CENTRAL INTERESTADUAL DE COOPERATIVAS DE CREDITO LTDA.;3.046.391;b3C;I;2;S4;9;LONDRINA;PR;09/2020;0;NI;NI;NI;NI;NI;NI;NI;NI;NI;NI;NI;NI;NI;NI;NI;NI;NI;NI;NI;NI;NI;NI;NI;NI;NI;NI;NI;NI;NI;NI;NI;NI;NI;NI;NI;NI;NI;NI;NI;NI;NI;NI;NI;NI;NI;NI;NI;NI;NI;NI;NI;NI;NI;NI;NI;NI;NI
AVIPAM CORRETORA DE CAMBIO LTDA;3.443.143;n2;I;2;S4;21;RIO DE JANEIRO;RJ;09/2020;0;NA;NA;NA;NA;NA;NA;NA;NA;NA;NA;NA;NA;NA;NA;NA;NA;NA;NA;NA;NA;NA;NA;NA;NA;NA;NA;NA;NA;NA;NA;NA;NA;NA;NA;NA;NA;NA;NA;NA;NA;NA;NA;NA;NA;NA;NA;NA;NA;NA;NA;NA;NA;NA;NA;NA;NA;NA
COOPERATIVA CENTRAL DE CRÉDITO DO NORTE DO BRASIL - SICOOB NORTE;3.502.131;b3C;I;2;S4;9;PORTO VELHO;RO;09/2020;0;0;0;0;0;0;0;0;0;0;0;0;0;0;0;0;0;0;0;0;0;0;0;0;0;0;0;0;0;0;0;0;0;0;0;0;0;0;0;0;0;0;0;0;0;0;0;0;0;0;0;0;0;0;0;0;0;0
BANCO ABN AMRO S.A.;3.532.415;b1;I;3;S4;8;SAO PAULO;SP;09/2020;0;0;0;0;0;0;0;0;0;0;0;0;0;0;0;0;0;0;0;0;0;0;0;0;0;0;0;0;0;0;0;0;0;0;0;0;0;0;0;0;0;0;0;0;0;0;0;0;0;0;0;0;0;0;0;0;0;0
CENTRAL DAS COOPERATIVAS DE CRÉDITO MÚTUO DO RIO GRANDE DO SUL, SANTA CATARINA E PARANÁ - CECRESUL;3.618.104;b3C;I;2;S4;9;PORTO ALEGRE;RS;09/2020;0;NI;NI;NI;NI;NI;NI;NI;NI;NI;NI;NI;NI;NI;NI;NI;NI;NI;NI;NI;NI;NI;NI;NI;NI;NI;NI;NI;NI;NI;NI;NI;NI;NI;NI;NI;NI;NI;NI;NI;NI;NI;NI;NI;NI;NI;NI;NI;NI;NI;NI;NI;NI;NI;NI;NI;NI;NI
VISION S.A. CORRETORA DE CAMBIO;4.062.902;n2;I;2;S4;21;SAO PAULO;SP;09/2020;0;NA;NA;NA;NA;NA;NA;NA;NA;NA;NA;NA;NA;NA;NA;NA;NA;NA;NA;NA;NA;NA;NA;NA;NA;NA;NA;NA;NA;NA;NA;NA;NA;NA;NA;NA;NA;NA;NA;NA;NA;NA;NA;NA;NA;NA;NA;NA;NA;NA;NA;NA;NA;NA;NA;NA;NA;NA
CENTRAL SICOOB UNI DE COOPERATIVAS DE CRÉDITO;4.243.780;b3C;I;2;S4;9;GOIANIA;GO;09/2020;0;0;0;0;0;0;0;0;0;0;0;0;0;0;0;0;0;0;0;0;0;0;0;0;0;0;0;0;0;0;0;0;0;0;0;0;0;0;0;0;0;0;0;0;0;0;0;0;0;0;0;0;0;0;0;0;0;0
NOVA FUTURA CORRETORA DE TÍTULOS E VALORES MOBILIÁRIOS LTDA.;4.257.795;n2;I;2;S4;15;SAO PAULO;SP;09/2020;0;NI;NI;NI;NI;NI;NI;NI;NI;NI;NI;NI;NI;NI;NI;NI;NI;NI;NI;NI;NI;NI;NI;NI;NI;NI;NI;NI;NI;NI;NI;NI;NI;NI;NI;NI;NI;NI;NI;NI;NI;NI;NI;NI;NI;NI;NI;NI;NI;NI;NI;NI;NI;NI;NI;NI;NI;NI
CORRETORA AMAZONENSE DE CAMBIO LTDA.;4.623.781;n2;I;2;S5;21;MANAUS;AM;09/2020;0;NA;NA;NA;NA;NA;NA;NA;NA;NA;NA;NA;NA;NA;NA;NA;NA;NA;NA;NA;NA;NA;NA;NA;NA;NA;NA;NA;NA;NA;NA;NA;NA;NA;NA;NA;NA;NA;NA;NA;NA;NA;NA;NA;NA;NA;NA;NA;NA;NA;NA;NA;NA;NA;NA;NA;NA;NA
CREDISIS - CENTRAL DE COOPERATIVAS DE CRÉDITO LTDA.;4.632.856;b3C;I;2;S4;9;JI-PARANA;RO;09/2020;0;0;0;0;0;0;0;0;0;0;0;0;0;0;0;0;0;0;0;0;0;0;0;0;0;0;0;0;0;0;0;0;0;0;0;0;0;0;0;0;0;0;0;0;0;0;0;0;0;0;0;0;0;0;0;0;0;0
ARC CORRETORA DE CAMBIO, ASSOCIADOS GOUVEIA, CAMPEDELLI S.A.;4.684.647;n2;I;2;S4;21;SANTOS;SP;09/2020;0;NA;NA;NA;NA;NA;NA;NA;NA;NA;NA;NA;NA;NA;NA;NA;NA;NA;NA;NA;NA;NA;NA;NA;NA;NA;NA;NA;NA;NA;NA;NA;NA;NA;NA;NA;NA;NA;NA;NA;NA;NA;NA;NA;NA;NA;NA;NA;NA;NA;NA;NA;NA;NA;NA;NA;NA;NA
LEASEPLAN ARRENDAMENTO MERCANTIL S.A.;4.836.002;n1;I;3;S4;19;BARUERI;SP;09/2020;0;0;0;0;0;0;0;0;0;0;0;0;0;0;0;0;0;0;0;0;0;0;0;0;0;0;0;0;0;0;0;0;0;0;0;0;0;0;0;0;0;0;0;0;0;0;0;0;0;0;0;0;0;0;0;0;0;0
CENTRAL DAS COOPERATIVAS DE CREDITO UNICOOB - SICOOB CENTRAL UNICOOB;5.036.532;b3C;I;2;S4;9;MARINGA;PR;09/2020;0;0;0;0;0;0;0;0;0;0;0;0;0;0;0;0;0;0;0;0;0;0;0;0;0;0;0;0;0;0;0;0;0;0;0;0;0;0;0;0;0;0;0;0;0;0;0;0;0;0;0;0;0;0;0;0;0;0
COOPERATIVA CENTRAL DE CRÉDITO - AILOS;5.463.212;b3C;I;2;S4;9;BLUMENAU;SC;09/2020;0;0;0;0;0;0;0;0;0;0;0;0;0;0;0;0;0;0;0;0;0;0;0;0;0;0;0;0;0;0;0;0;0;0;0;0;0;0;0;0;0;0;0;0;0;0;0;0;0;0;0;0;0;0;0;0;0;0
CENTRAL COOPERATIVA DE CRÉDITO NO ESTADO DO ESPÍRITO SANTO - CECOOP;5.790.149;b3C;I;2;S4;9;VITORIA;ES;09/2020;0;NI;NI;NI;NI;NI;NI;NI;NI;NI;NI;NI;NI;NI;NI;NI;NI;NI;NI;NI;NI;NI;NI;NI;NI;NI;NI;NI;NI;NI;NI;NI;NI;NI;NI;NI;NI;NI;NI;NI;NI;NI;NI;NI;NI;NI;NI;NI;NI;NI;NI;NI;NI;NI;NI;NI;NI;NI
CSILATINA ARRENDAMENTO MERCANTIL S.A.;5.883.884;n1;I;3;S4;19;BARUERI;SP;09/2020;0;0;0;0;0;0;0;0;0;0;0;0;0;0;0;0;0;0;0;0;0;0;0;0;0;0;0;0;0;0;0;0;0;0;0;0;0;0;0;0;0;0;0;0;0;0;0;0;0;0;0;0;0;0;0;0;0;0
LABOR SOCIEDADE CORRETORA DE CÂMBIO LTDA.;6.132.348;n2;I;2;S5;21;RECIFE;PE;09/2020;0;NA;NA;NA;NA;NA;NA;NA;NA;NA;NA;NA;NA;NA;NA;NA;NA;NA;NA;NA;NA;NA;NA;NA;NA;NA;NA;NA;NA;NA;NA;NA;NA;NA;NA;NA;NA;NA;NA;NA;NA;NA;NA;NA;NA;NA;NA;NA;NA;NA;NA;NA;NA;NA;NA;NA;NA;NA
BOA VIAGEM SOCIEDADE CORRETORA DE CÂMBIO LTDA.;6.373.777;n2;I;2;S4;21;RECIFE;PE;09/2020;0;NA;NA;NA;NA;NA;NA;NA;NA;NA;NA;NA;NA;NA;NA;NA;NA;NA;NA;NA;NA;NA;NA;NA;NA;NA;NA;NA;NA;NA;NA;NA;NA;NA;NA;NA;NA;NA;NA;NA;NA;NA;NA;NA;NA;NA;NA;NA;NA;NA;NA;NA;NA;NA;NA;NA;NA;NA
COOPERATIVA CENTRAL DE CRÉDITO RURAL COM INTERAÇÃO SOLIDÁRIA - CRESOL CENTRAL SC/RS;7.202.627;b3C;I;2;S4;9;CHAPECO;SC;09/2020;0;0;0;0;0;0;0;0;0;0;0;0;0;0;0;0;0;0;0;0;0;0;0;0;0;0;0;0;0;0;0;0;0;0;0;0;0;0;0;0;0;0;0;0;0;0;0;0;0;0;0;0;0;0;0;0;0;0
HEDGE INVESTMENTS DISTRIBUIDORA DE TÍTULOS E VALORES MOBILIÁRIOS LTDA.;7.253.654;n2;I;2;S4;16;SAO PAULO;SP;09/2020;0;NI;NI;NI;NI;NI;NI;NI;NI;NI;NI;NI;NI;NI;NI;NI;NI;NI;NI;NI;NI;NI;NI;NI;NI;NI;NI;NI;NI;NI;NI;NI;NI;NI;NI;NI;NI;NI;NI;NI;NI;NI;NI;NI;NI;NI;NI;NI;NI;NI;NI;NI;NI;NI;NI;NI;NI;NI
ONNIX CORRETORA DE CÂMBIO LTDA.;7.333.726;n2;I;2;S4;21;PORTO ALEGRE;RS;09/2020;0;NA;NA;NA;NA;NA;NA;NA;NA;NA;NA;NA;NA;NA;NA;NA;NA;NA;NA;NA;NA;NA;NA;NA;NA;NA;NA;NA;NA;NA;NA;NA;NA;NA;NA;NA;NA;NA;NA;NA;NA;NA;NA;NA;NA;NA;NA;NA;NA;NA;NA;NA;NA;NA;NA;NA;NA;NA
WESTERN ASSET MANAGEMENT COMPANY DISTRIBUIDORA DE TÍTULOS E VALORES MOBILIÁRIOS LIMITADA;7.437.241;n2;I;3;S4;16;SAO PAULO;SP;09/2020;0;NI;NI;NI;NI;NI;NI;NI;NI;NI;NI;NI;NI;NI;NI;NI;NI;NI;NI;NI;NI;NI;NI;NI;NI;NI;NI;NI;NI;NI;NI;NI;NI;NI;NI;NI;NI;NI;NI;NI;NI;NI;NI;NI;NI;NI;NI;NI;NI;NI;NI;NI;NI;NI;NI;NI;NI;NI
BANCO KDB DO BRASIL S.A.;7.656.500;b1;I;3;S4;8;SAO PAULO;SP;09/2020;0;0;0;0;0;0;0;0;0;0;0;0;0;0;0;0;0;0;0;0;0;0;0;0;0;0;0;0;0;0;0;0;0;0;0;0;0;0;0;0;0;0;0;0;0;0;0;0;0;0;0;0;0;0;0;0;0;0
HSCM - SOCIEDADE DE CRÉDITO AO MICROEMPREENDEDOR E À EMPRESA DE PEQUENO PORTE LTDA.;7.693.858;n1;I;2;S5;10;IBIA;MG;09/2020;0;NI;NI;NI;NI;NI;NI;NI;NI;NI;NI;NI;NI;NI;NI;NI;NI;NI;NI;NI;NI;NI;NI;NI;NI;NI;NI;NI;NI;NI;NI;NI;NI;NI;NI;NI;NI;NI;NI;NI;NI;NI;NI;NI;NI;NI;NI;NI;NI;NI;NI;NI;NI;NI;NI;NI;NI;NI
COOPERATIVA DE CRÉDITO MÚTUO DOS EMPREGADOS NA CAIXA ECONÔMICA FEDERAL NO ESTADO DE SÃO PAULO - APCEFCREDI-SP;7.814.673;b3S;I;2;S5;9;SAO PAULO;SP;09/2020;0;0;0;0;0;0;0;0;0;0;0;0;0;0;0;0;0;0;0;0;0;0;0;0;0;0;0;0;0;0;0;0;0;0;0;0;0;0;0;0;0;0;0;0;0;0;0;0;0;0;0;0;0;0;0;0;0;0
BNS SOCIEDADE DE CRÉDITO AO MICROEMPREENDEDOR E À EMPRESA DE PEQUENO PORTE LTDA.;7.835.244;n1;I;2;S5;10;JACUTINGA;MG;09/2020;0;0;0;0;0;0;0;0;0;0;0;0;0;0;0;0;0;0;0;0;0;0;0;0;0;0;0;0;0;0;0;0;0;0;0;0;0;0;0;0;0;0;0;0;0;0;0;0;0;0;0;0;0;0;0;0;0;0
COOPERATIVA DE CRÉDITO RURAL DO AGRESTE CENTRAL ALAGOANO LTDA. - COOPCRAL;8.202.793;b3S;I;2;S5;9;ARAPIRACA;AL;09/2020;0;NI;NI;NI;NI;NI;NI;NI;NI;NI;NI;NI;NI;NI;NI;NI;NI;NI;NI;NI;NI;NI;NI;NI;NI;NI;NI;NI;NI;NI;NI;NI;NI;NI;NI;NI;NI;NI;NI;NI;NI;NI;NI;NI;NI;NI;NI;NI;NI;NI;NI;NI;NI;NI;NI;NI;NI;NI
SOL CORRETORA DE CÂMBIO LTDA.;8.520.517;n2;I;2;S4;21;NATAL;RN;09/2020;0;NA;NA;NA;NA;NA;NA;NA;NA;NA;NA;NA;NA;NA;NA;NA;NA;NA;NA;NA;NA;NA;NA;NA;NA;NA;NA;NA;NA;NA;NA;NA;NA;NA;NA;NA;NA;NA;NA;NA;NA;NA;NA;NA;NA;NA;NA;NA;NA;NA;NA;NA;NA;NA;NA;NA;NA;NA
MONEYCORP BANCO DE CÂMBIO S.A.;8.609.934;b2;I;2;S4;39;SAO PAULO;SP;09/2020;0;NI;NI;NI;NI;NI;NI;NI;NI;NI;NI;NI;NI;NI;NI;NI;NI;NI;NI;NI;NI;NI;NI;NI;NI;NI;NI;NI;NI;NI;NI;NI;NI;NI;NI;NI;NI;NI;NI;NI;NI;NI;NI;NI;NI;NI;NI;NI;NI;NI;NI;NI;NI;NI;NI;NI;NI;NI
F.D'GOLD - DISTRIBUIDORA DE TÍTULOS E VALORES MOBILIÁRIOS LTDA.;8.673.569;n2;I;2;S4;16;SAO PAULO;SP;09/2020;0;NI;NI;NI;NI;NI;NI;NI;NI;NI;NI;NI;NI;NI;NI;NI;NI;NI;NI;NI;NI;NI;NI;NI;NI;NI;NI;NI;NI;NI;NI;NI;NI;NI;NI;NI;NI;NI;NI;NI;NI;NI;NI;NI;NI;NI;NI;NI;NI;NI;NI;NI;NI;NI;NI;NI;NI;NI
WIRECARD BRAZIL S.A.;8.718.431;n4;I;2;;41;SAO PAULO;SP;09/2020;0;NI;NI;NI;NI;NI;NI;NI;NI;NI;NI;NI;NI;NI;NI;NI;NI;NI;NI;NI;NI;NI;NI;NI;NI;NI;NI;NI;NI;NI;NI;NI;NI;NI;NI;NI;NI;NI;NI;NI;NI;NI;NI;NI;NI;NI;NI;NI;NI;NI;NI;NI;NI;NI;NI;NI;NI;NI
GERENCIANET PAGAMENTOS DO BRASIL LTDA;9.089.356;n4;I;2;S5;41;OURO PRETO;MG;09/2020;0;NI;NI;NI;NI;NI;NI;NI;NI;NI;NI;NI;NI;NI;NI;NI;NI;NI;NI;NI;NI;NI;NI;NI;NI;NI;NI;NI;NI;NI;NI;NI;NI;NI;NI;NI;NI;NI;NI;NI;NI;NI;NI;NI;NI;NI;NI;NI;NI;NI;NI;NI;NI;NI;NI;NI;NI;NI
STATE STREET BRASIL S.A. – BANCO COMERCIAL;9.274.232;b1;I;3;S4;2;SAO PAULO;SP;09/2020;0;NI;NI;NI;NI;NI;NI;NI;NI;NI;NI;NI;NI;NI;NI;NI;NI;NI;NI;NI;NI;NI;NI;NI;NI;NI;NI;NI;NI;NI;NI;NI;NI;NI;NI;NI;NI;NI;NI;NI;NI;NI;NI;NI;NI;NI;NI;NI;NI;NI;NI;NI;NI;NI;NI;NI;NI;NI
SUPER PAGAMENTOS E ADMINISTRAÇÃO DE MEIOS ELETRÔNICOS S.A.;9.554.480;n4;I;3;S1;41;SAO PAULO;SP;09/2020;0;NI;NI;NI;NI;NI;NI;NI;NI;NI;NI;NI;NI;NI;NI;NI;NI;NI;NI;NI;NI;NI;NI;NI;NI;NI;NI;NI;NI;NI;NI;NI;NI;NI;NI;NI;NI;NI;NI;NI;NI;NI;NI;NI;NI;NI;NI;NI;NI;NI;NI;NI;NI;NI;NI;NI;NI;NI
COOPERATIVA CENTRAL DE CRÉDITO DA AGRICULTURA FAMILIAR E ECONOMIA SOLIDÁRIA - ASCOOB CENTRAL;10.013.534;b3C;I;2;S4;9;SERRINHA;BA;09/2020;0;0;0;0;0;0;0;0;0;0;0;0;0;0;0;0;0;0;0;0;0;0;0;0;0;0;0;0;0;0;0;0;0;0;0;0;0;0;0;0;0;0;0;0;0;0;0;0;0;0;0;0;0;0;0;0;0;0
FIDUCIAL DISTRIBUIDORA DE TÍTULOS E VALORES MOBILIÁRIOS LTDA.;10.280.601;n2;I;2;S5;16;BELO HORIZONTE;MG;09/2020;0;NI;NI;NI;NI;NI;NI;NI;NI;NI;NI;NI;NI;NI;NI;NI;NI;NI;NI;NI;NI;NI;NI;NI;NI;NI;NI;NI;NI;NI;NI;NI;NI;NI;NI;NI;NI;NI;NI;NI;NI;NI;NI;NI;NI;NI;NI;NI;NI;NI;NI;NI;NI;NI;NI;NI;NI;NI
GREEN NET ADMINISTRADORA DE CARTAO LTDA;10.314.753;n4;I;2;;41;CUIABA;MT;09/2020;0;NI;NI;NI;NI;NI;NI;NI;NI;NI;NI;NI;NI;NI;NI;NI;NI;NI;NI;NI;NI;NI;NI;NI;NI;NI;NI;NI;NI;NI;NI;NI;NI;NI;NI;NI;NI;NI;NI;NI;NI;NI;NI;NI;NI;NI;NI;NI;NI;NI;NI;NI;NI;NI;NI;NI;NI;NI
CONFEDERAÇÃO NACIONAL DAS COOPERATIVAS CENTRAIS DE CRÉDITO E ECONOMIA FAMILIAR E SOLIDÁRIA – CRESOL CONFEDERAÇÃO;10.398.952;b3C;I;2;S4;9;FLORIANOPOLIS;SC;09/2020;0;0;0;0;0;0;0;0;0;0;0;0;0;0;0;0;0;0;0;0;0;0;0;0;0;0;0;0;0;0;0;0;0;0;0;0;0;0;0;0;0;0;0;0;0;0;0;0;0;0;0;0;0;0;0;0;0;0
GETNET ADQUIRÊNCIA E SERVIÇOS PARA MEIOS DE PAGAMENTO S.A.;10.440.482;n4;I;3;S1;41;SAO PAULO;SP;09/2020;0;NI;NI;NI;NI;NI;NI;NI;NI;NI;NI;NI;NI;NI;NI;NI;NI;NI;NI;NI;NI;NI;NI;NI;NI;NI;NI;NI;NI;NI;NI;NI;NI;NI;NI;NI;NI;NI;NI;NI;NI;NI;NI;NI;NI;NI;NI;NI;NI;NI;NI;NI;NI;NI;NI;NI;NI;NI
MERCADOPAGO.COM REPRESENTACOES LTDA.;10.573.521;n4;I;2;;41;OSASCO;SP;09/2020;0;NI;NI;NI;NI;NI;NI;NI;NI;NI;NI;NI;NI;NI;NI;NI;NI;NI;NI;NI;NI;NI;NI;NI;NI;NI;NI;NI;NI;NI;NI;NI;NI;NI;NI;NI;NI;NI;NI;NI;NI;NI;NI;NI;NI;NI;NI;NI;NI;NI;NI;NI;NI;NI;NI;NI;NI;NI
BANCO DA CHINA BRASIL S.A.;10.690.848;b1;I;3;S4;8;SAO PAULO;SP;09/2020;0;0;0;0;0;0;0;0;0;0;0;0;0;0;0;0;0;0;0;0;0;0;0;0;0;0;0;0;0;0;0;0;0;0;0;0;0;0;0;0;0;0;0;0;0;0;0;0;0;0;0;0;0;0;0;0;0;0
GDC PARTNERS SERVIÇOS FIDUCIÁRIOS DISTRIBUIDORA DE TÍTULOS E VALORES MOBILIÁRIOS LTDA.;10.749.264;n2;I;2;S5;16;RIO DE JANEIRO;RJ;09/2020;0;NI;NI;NI;NI;NI;NI;NI;NI;NI;NI;NI;NI;NI;NI;NI;NI;NI;NI;NI;NI;NI;NI;NI;NI;NI;NI;NI;NI;NI;NI;NI;NI;NI;NI;NI;NI;NI;NI;NI;NI;NI;NI;NI;NI;NI;NI;NI;NI;NI;NI;NI;NI;NI;NI;NI;NI;NI
GET MONEY CORRETORA DE CÂMBIO S.A.;10.853.017;n2;I;2;S5;21;SAO PAULO;SP;09/2020;0;NA;NA;NA;NA;NA;NA;NA;NA;NA;NA;NA;NA;NA;NA;NA;NA;NA;NA;NA;NA;NA;NA;NA;NA;NA;NA;NA;NA;NA;NA;NA;NA;NA;NA;NA;NA;NA;NA;NA;NA;NA;NA;NA;NA;NA;NA;NA;NA;NA;NA;NA;NA;NA;NA;NA;NA;NA
PAYPAL DO BRASIL SERVICOS DE PAGAMENTOS LTDA.;10.878.448;n4;I;2;;41;SAO PAULO;SP;09/2020;0;NI;NI;NI;NI;NI;NI;NI;NI;NI;NI;NI;NI;NI;NI;NI;NI;NI;NI;NI;NI;NI;NI;NI;NI;NI;NI;NI;NI;NI;NI;NI;NI;NI;NI;NI;NI;NI;NI;NI;NI;NI;NI;NI;NI;NI;NI;NI;NI;NI;NI;NI;NI;NI;NI;NI;NI;NI
OM DISTRIBUIDORA DE TÍTULOS E VALORES MOBILIÁRIOS LTDA;11.495.073;n2;I;2;S4;16;SAO PAULO;SP;09/2020;0;NI;NI;NI;NI;NI;NI;NI;NI;NI;NI;NI;NI;NI;NI;NI;NI;NI;NI;NI;NI;NI;NI;NI;NI;NI;NI;NI;NI;NI;NI;NI;NI;NI;NI;NI;NI;NI;NI;NI;NI;NI;NI;NI;NI;NI;NI;NI;NI;NI;NI;NI;NI;NI;NI;NI;NI;NI
DOURADA - SOCIEDADE DE CRÉDITO AO MICROEMPREENDEDOR E À EMPRESA DE PEQUENO PORTE LTDA;11.545.653;n1;I;2;S5;10;LAGOA DOURADA;MG;09/2020;0;NI;NI;NI;NI;NI;NI;NI;NI;NI;NI;NI;NI;NI;NI;NI;NI;NI;NI;NI;NI;NI;NI;NI;NI;NI;NI;NI;NI;NI;NI;NI;NI;NI;NI;NI;NI;NI;NI;NI;NI;NI;NI;NI;NI;NI;NI;NI;NI;NI;NI;NI;NI;NI;NI;NI;NI;NI
MIRAE ASSET WEALTH MANAGEMENT (BRAZIL) CORRETORA DE CÂMBIO, TÍTULOS E VALORES MOBILIÁRIOS LTDA.;12.392.983;n2;I;3;S4;15;SAO PAULO;SP;09/2020;0;NI;NI;NI;NI;NI;NI;NI;NI;NI;NI;NI;NI;NI;NI;NI;NI;NI;NI;NI;NI;NI;NI;NI;NI;NI;NI;NI;NI;NI;NI;NI;NI;NI;NI;NI;NI;NI;NI;NI;NI;NI;NI;NI;NI;NI;NI;NI;NI;NI;NI;NI;NI;NI;NI;NI;NI;NI
ACESSO SOLUÇÕES DE PAGAMENTO S.A.;13.140.088;n4;I;2;;41;SAO PAULO;SP;09/2020;0;NI;NI;NI;NI;NI;NI;NI;NI;NI;NI;NI;NI;NI;NI;NI;NI;NI;NI;NI;NI;NI;NI;NI;NI;NI;NI;NI;NI;NI;NI;NI;NI;NI;NI;NI;NI;NI;NI;NI;NI;NI;NI;NI;NI;NI;NI;NI;NI;NI;NI;NI;NI;NI;NI;NI;NI;NI
ÓRAMA DISTRIBUIDORA DE TÍTULOS E VALORES MOBILIÁRIOS S.A.;13.293.225;n2;I;2;S4;16;RIO DE JANEIRO;RJ;09/2020;0;NI;NI;NI;NI;NI;NI;NI;NI;NI;NI;NI;NI;NI;NI;NI;NI;NI;NI;NI;NI;NI;NI;NI;NI;NI;NI;NI;NI;NI;NI;NI;NI;NI;NI;NI;NI;NI;NI;NI;NI;NI;NI;NI;NI;NI;NI;NI;NI;NI;NI;NI;NI;NI;NI;NI;NI;NI
BPP INSTITUIÇÃO DE PAGAMENTO S.A.;13.370.835;n4;I;2;;41;BARUERI;SP;09/2020;0;NI;NI;NI;NI;NI;NI;NI;NI;NI;NI;NI;NI;NI;NI;NI;NI;NI;NI;NI;NI;NI;NI;NI;NI;NI;NI;NI;NI;NI;NI;NI;NI;NI;NI;NI;NI;NI;NI;NI;NI;NI;NI;NI;NI;NI;NI;NI;NI;NI;NI;NI;NI;NI;NI;NI;NI;NI
BRL TRUST DISTRIBUIDORA DE TÍTULOS E VALORES MOBILIÁRIOS S.A.;13.486.793;n2;I;2;S4;16;SAO PAULO;SP;09/2020;0;NI;NI;NI;NI;NI;NI;NI;NI;NI;NI;NI;NI;NI;NI;NI;NI;NI;NI;NI;NI;NI;NI;NI;NI;NI;NI;NI;NI;NI;NI;NI;NI;NI;NI;NI;NI;NI;NI;NI;NI;NI;NI;NI;NI;NI;NI;NI;NI;NI;NI;NI;NI;NI;NI;NI;NI;NI
FRAM CAPITAL DISTRIBUIDORA DE TÍTULOS E VALORES MOBILIÁRIOS S.A.;13.673.855;n2;I;2;S4;16;SAO PAULO;SP;09/2020;0;NI;NI;NI;NI;NI;NI;NI;NI;NI;NI;NI;NI;NI;NI;NI;NI;NI;NI;NI;NI;NI;NI;NI;NI;NI;NI;NI;NI;NI;NI;NI;NI;NI;NI;NI;NI;NI;NI;NI;NI;NI;NI;NI;NI;NI;NI;NI;NI;NI;NI;NI;NI;NI;NI;NI;NI;NI
AGILLITAS SOLUÇÕES DE PAGAMENTOS LTDA.;13.776.742;n4;I;2;S4;41;SAO PAULO;SP;09/2020;0;NI;NI;NI;NI;NI;NI;NI;NI;NI;NI;NI;NI;NI;NI;NI;NI;NI;NI;NI;NI;NI;NI;NI;NI;NI;NI;NI;NI;NI;NI;NI;NI;NI;NI;NI;NI;NI;NI;NI;NI;NI;NI;NI;NI;NI;NI;NI;NI;NI;NI;NI;NI;NI;NI;NI;NI;NI
MELHOR - CORRETORA DE CÂMBIO LTDA.;13.839.639;n2;I;2;S4;21;CURITIBA;PR;09/2020;0;NA;NA;NA;NA;NA;NA;NA;NA;NA;NA;NA;NA;NA;NA;NA;NA;NA;NA;NA;NA;NA;NA;NA;NA;NA;NA;NA;NA;NA;NA;NA;NA;NA;NA;NA;NA;NA;NA;NA;NA;NA;NA;NA;NA;NA;NA;NA;NA;NA;NA;NA;NA;NA;NA;NA;NA;NA
CAMBIONET CORRETORA DE CÂMBIO LTDA.;14.190.547;n2;I;2;S4;21;PORTO ALEGRE;RS;09/2020;0;NA;NA;NA;NA;NA;NA;NA;NA;NA;NA;NA;NA;NA;NA;NA;NA;NA;NA;NA;NA;NA;NA;NA;NA;NA;NA;NA;NA;NA;NA;NA;NA;NA;NA;NA;NA;NA;NA;NA;NA;NA;NA;NA;NA;NA;NA;NA;NA;NA;NA;NA;NA;NA;NA;NA;NA;NA
VIC-DISTRIBUIDORA DE TITULOS E VALORES MOBILIARIOS S/A;14.388.516;n2;I;2;S4;16;RIO DE JANEIRO;RJ;09/2020;0;NI;NI;NI;NI;NI;NI;NI;NI;NI;NI;NI;NI;NI;NI;NI;NI;NI;NI;NI;NI;NI;NI;NI;NI;NI;NI;NI;NI;NI;NI;NI;NI;NI;NI;NI;NI;NI;NI;NI;NI;NI;NI;NI;NI;NI;NI;NI;NI;NI;NI;NI;NI;NI;NI;NI;NI;NI
COOPERATIVA CENTRAL DE CRÉDITO DO RIO DE JANEIRO LTDA.;14.568.725;b3C;I;2;S4;9;RIO DE JANEIRO;RJ;09/2020;0;0;0;0;0;0;0;0;0;0;0;0;0;0;0;0;0;0;0;0;0;0;0;0;0;0;0;0;0;0;0;0;0;0;0;0;0;0;0;0;0;0;0;0;0;0;0;0;0;0;0;0;0;0;0;0;0;0
MEGA CORRETORA DE CÂMBIO LTDA.;15.077.393;n2;I;2;S4;21;RIO CLARO;SP;09/2020;0;NA;NA;NA;NA;NA;NA;NA;NA;NA;NA;NA;NA;NA;NA;NA;NA;NA;NA;NA;NA;NA;NA;NA;NA;NA;NA;NA;NA;NA;NA;NA;NA;NA;NA;NA;NA;NA;NA;NA;NA;NA;NA;NA;NA;NA;NA;NA;NA;NA;NA;NA;NA;NA;NA;NA;NA;NA
IUGU SERVICOS NA INTERNET S/A;15.111.975;n4;I;2;;41;SAO PAULO;SP;09/2020;0;NI;NI;NI;NI;NI;NI;NI;NI;NI;NI;NI;NI;NI;NI;NI;NI;NI;NI;NI;NI;NI;NI;NI;NI;NI;NI;NI;NI;NI;NI;NI;NI;NI;NI;NI;NI;NI;NI;NI;NI;NI;NI;NI;NI;NI;NI;NI;NI;NI;NI;NI;NI;NI;NI;NI;NI;NI
LÚMINA CORRETORA DE CÂMBIO LTDA.;15.122.605;n2;I;2;S5;21;SALVADOR;BA;09/2020;0;NA;NA;NA;NA;NA;NA;NA;NA;NA;NA;NA;NA;NA;NA;NA;NA;NA;NA;NA;NA;NA;NA;NA;NA;NA;NA;NA;NA;NA;NA;NA;NA;NA;NA;NA;NA;NA;NA;NA;NA;NA;NA;NA;NA;NA;NA;NA;NA;NA;NA;NA;NA;NA;NA;NA;NA;NA
CONSEGTUR CORRETORA DE CÂMBIO LTDA.;15.168.152;n2;I;2;S4;21;SAO PAULO;SP;09/2020;0;NA;NA;NA;NA;NA;NA;NA;NA;NA;NA;NA;NA;NA;NA;NA;NA;NA;NA;NA;NA;NA;NA;NA;NA;NA;NA;NA;NA;NA;NA;NA;NA;NA;NA;NA;NA;NA;NA;NA;NA;NA;NA;NA;NA;NA;NA;NA;NA;NA;NA;NA;NA;NA;NA;NA;NA;NA
SIMPLIFIC PAVARINI DISTRIBUIDORA DE TÍTULOS E VALORES MOBILIÁRIOS LTDA;15.227.994;n2;I;2;S4;16;RIO DE JANEIRO;RJ;09/2020;0;NI;NI;NI;NI;NI;NI;NI;NI;NI;NI;NI;NI;NI;NI;NI;NI;NI;NI;NI;NI;NI;NI;NI;NI;NI;NI;NI;NI;NI;NI;NI;NI;NI;NI;NI;NI;NI;NI;NI;NI;NI;NI;NI;NI;NI;NI;NI;NI;NI;NI;NI;NI;NI;NI;NI;NI;NI
TURCÂMBIO - CORRETORA DE CÂMBIO LTDA.;15.482.499;n2;I;2;S4;21;GAROPABA;SC;09/2020;0;NA;NA;NA;NA;NA;NA;NA;NA;NA;NA;NA;NA;NA;NA;NA;NA;NA;NA;NA;NA;NA;NA;NA;NA;NA;NA;NA;NA;NA;NA;NA;NA;NA;NA;NA;NA;NA;NA;NA;NA;NA;NA;NA;NA;NA;NA;NA;NA;NA;NA;NA;NA;NA;NA;NA;NA;NA
INTRADER DISTRIBUIDORA DE TÍTULOS E VALORES MOBILIÁRIOS LTDA;15.489.568;n2;I;2;S4;16;SAO PAULO;SP;09/2020;0;NI;NI;NI;NI;NI;NI;NI;NI;NI;NI;NI;NI;NI;NI;NI;NI;NI;NI;NI;NI;NI;NI;NI;NI;NI;NI;NI;NI;NI;NI;NI;NI;NI;NI;NI;NI;NI;NI;NI;NI;NI;NI;NI;NI;NI;NI;NI;NI;NI;NI;NI;NI;NI;NI;NI;NI;NI
CORRETORA DE CÂMBIO AÇORIANA LIMITADA.;15.761.217;n2;I;2;S4;21;FLORIANOPOLIS;SC;09/2020;0;NA;NA;NA;NA;NA;NA;NA;NA;NA;NA;NA;NA;NA;NA;NA;NA;NA;NA;NA;NA;NA;NA;NA;NA;NA;NA;NA;NA;NA;NA;NA;NA;NA;NA;NA;NA;NA;NA;NA;NA;NA;NA;NA;NA;NA;NA;NA;NA;NA;NA;NA;NA;NA;NA;NA;NA;NA
STONE PAGAMENTOS S.A.;16.501.555;n4;I;2;S5;41;SAO PAULO;SP;09/2020;0;NI;NI;NI;NI;NI;NI;NI;NI;NI;NI;NI;NI;NI;NI;NI;NI;NI;NI;NI;NI;NI;NI;NI;NI;NI;NI;NI;NI;NI;NI;NI;NI;NI;NI;NI;NI;NI;NI;NI;NI;NI;NI;NI;NI;NI;NI;NI;NI;NI;NI;NI;NI;NI;NI;NI;NI;NI
TURISCAM CORRETORA DE CÂMBIO LTDA.;16.789.470;n2;I;2;S4;21;MACEIO;AL;09/2020;0;NA;NA;NA;NA;NA;NA;NA;NA;NA;NA;NA;NA;NA;NA;NA;NA;NA;NA;NA;NA;NA;NA;NA;NA;NA;NA;NA;NA;NA;NA;NA;NA;NA;NA;NA;NA;NA;NA;NA;NA;NA;NA;NA;NA;NA;NA;NA;NA;NA;NA;NA;NA;NA;NA;NA;NA;NA
SINGRATUR CORRETORA DE CÂMBIO LTDA;16.854.999;n2;I;2;S4;21;MARINGA;PR;09/2020;0;NA;NA;NA;NA;NA;NA;NA;NA;NA;NA;NA;NA;NA;NA;NA;NA;NA;NA;NA;NA;NA;NA;NA;NA;NA;NA;NA;NA;NA;NA;NA;NA;NA;NA;NA;NA;NA;NA;NA;NA;NA;NA;NA;NA;NA;NA;NA;NA;NA;NA;NA;NA;NA;NA;NA;NA;NA
AMAZÔNIA CORRETORA DE CÂMBIO LTDA.;16.927.221;n2;I;2;S4;21;MANAUS;AM;09/2020;0;NA;NA;NA;NA;NA;NA;NA;NA;NA;NA;NA;NA;NA;NA;NA;NA;NA;NA;NA;NA;NA;NA;NA;NA;NA;NA;NA;NA;NA;NA;NA;NA;NA;NA;NA;NA;NA;NA;NA;NA;NA;NA;NA;NA;NA;NA;NA;NA;NA;NA;NA;NA;NA;NA;NA;NA;NA
BROKER BRASIL CORRETORA DE CÂMBIO LTDA.;16.944.141;n2;I;2;S4;21;SAO PAULO;SP;09/2020;0;NA;NA;NA;NA;NA;NA;NA;NA;NA;NA;NA;NA;NA;NA;NA;NA;NA;NA;NA;NA;NA;NA;NA;NA;NA;NA;NA;NA;NA;NA;NA;NA;NA;NA;NA;NA;NA;NA;NA;NA;NA;NA;NA;NA;NA;NA;NA;NA;NA;NA;NA;NA;NA;NA;NA;NA;NA
AMARIL FRANKLIN CORRETORA DE TÍTULOS E VALORES LTDA;17.312.661;n2;I;2;S4;15;BELO HORIZONTE;MG;09/2020;0;NI;NI;NI;NI;NI;NI;NI;NI;NI;NI;NI;NI;NI;NI;NI;NI;NI;NI;NI;NI;NI;NI;NI;NI;NI;NI;NI;NI;NI;NI;NI;NI;NI;NI;NI;NI;NI;NI;NI;NI;NI;NI;NI;NI;NI;NI;NI;NI;NI;NI;NI;NI;NI;NI;NI;NI;NI
SITA SOCIEDADE CORRETORA DE CAMBIO E VALORES MOBILIARIOS S.A;17.315.359;n2;I;2;S4;15;BELO HORIZONTE;MG;09/2020;0;NI;NI;NI;NI;NI;NI;NI;NI;NI;NI;NI;NI;NI;NI;NI;NI;NI;NI;NI;NI;NI;NI;NI;NI;NI;NI;NI;NI;NI;NI;NI;NI;NI;NI;NI;NI;NI;NI;NI;NI;NI;NI;NI;NI;NI;NI;NI;NI;NI;NI;NI;NI;NI;NI;NI;NI;NI
PENTAGONO S/A DISTRIBUIDORA DE TITULOS E VALORES MOBILIARIOS;17.343.682;n2;I;2;S5;16;RIO DE JANEIRO;RJ;09/2020;0;NI;NI;NI;NI;NI;NI;NI;NI;NI;NI;NI;NI;NI;NI;NI;NI;NI;NI;NI;NI;NI;NI;NI;NI;NI;NI;NI;NI;NI;NI;NI;NI;NI;NI;NI;NI;NI;NI;NI;NI;NI;NI;NI;NI;NI;NI;NI;NI;NI;NI;NI;NI;NI;NI;NI;NI;NI
SENSO CORRETORA DE CAMBIO E VALORES MOBILIARIOS S.A;17.352.220;n2;I;2;S4;15;RIO DE JANEIRO;RJ;09/2020;0;NI;NI;NI;NI;NI;NI;NI;NI;NI;NI;NI;NI;NI;NI;NI;NI;NI;NI;NI;NI;NI;NI;NI;NI;NI;NI;NI;NI;NI;NI;NI;NI;NI;NI;NI;NI;NI;NI;NI;NI;NI;NI;NI;NI;NI;NI;NI;NI;NI;NI;NI;NI;NI;NI;NI;NI;NI
ICBC DO BRASIL BANCO MÚLTIPLO S.A.;17.453.575;b1;I;3;S4;8;SAO PAULO;SP;09/2020;0;0;0;0;0;0;0;0;0;0;0;0;0;0;0;0;0;0;0;0;0;0;0;0;0;0;0;0;0;0;0;0;0;0;0;0;0;0;0;0;0;0;0;0;0;0;0;0;0;0;0;0;0;0;0;0;0;0
UNIÃO ALTERNATIVA CORRETORA DE CÂMBIO LTDA.;17.508.380;n2;I;2;S4;21;PORTO ALEGRE;RS;09/2020;0;NA;NA;NA;NA;NA;NA;NA;NA;NA;NA;NA;NA;NA;NA;NA;NA;NA;NA;NA;NA;NA;NA;NA;NA;NA;NA;NA;NA;NA;NA;NA;NA;NA;NA;NA;NA;NA;NA;NA;NA;NA;NA;NA;NA;NA;NA;NA;NA;NA;NA;NA;NA;NA;NA;NA;NA;NA
CONEXION CORRETORA DE CÂMBIO LTDA.;17.635.177;n2;I;2;S4;21;RIBEIRAO PRETO;SP;09/2020;0;NA;NA;NA;NA;NA;NA;NA;NA;NA;NA;NA;NA;NA;NA;NA;NA;NA;NA;NA;NA;NA;NA;NA;NA;NA;NA;NA;NA;NA;NA;NA;NA;NA;NA;NA;NA;NA;NA;NA;NA;NA;NA;NA;NA;NA;NA;NA;NA;NA;NA;NA;NA;NA;NA;NA;NA;NA
VIP'S CORRETORA DE CÂMBIO LTDA.;17.772.370;n2;I;2;S5;21;SAO PAULO;SP;09/2020;0;NA;NA;NA;NA;NA;NA;NA;NA;NA;NA;NA;NA;NA;NA;NA;NA;NA;NA;NA;NA;NA;NA;NA;NA;NA;NA;NA;NA;NA;NA;NA;NA;NA;NA;NA;NA;NA;NA;NA;NA;NA;NA;NA;NA;NA;NA;NA;NA;NA;NA;NA;NA;NA;NA;NA;NA;NA
BRX CORRETORA DE CÂMBIO LTDA.;17.904.906;n2;I;2;S4;21;RIO DE JANEIRO;RJ;09/2020;0;NA;NA;NA;NA;NA;NA;NA;NA;NA;NA;NA;NA;NA;NA;NA;NA;NA;NA;NA;NA;NA;NA;NA;NA;NA;NA;NA;NA;NA;NA;NA;NA;NA;NA;NA;NA;NA;NA;NA;NA;NA;NA;NA;NA;NA;NA;NA;NA;NA;NA;NA;NA;NA;NA;NA;NA;NA
NUMATUR CORRETORA DE CÂMBIO LTDA.;18.145.784;n2;I;2;S5;21;SAO PAULO;SP;09/2020;0;NA;NA;NA;NA;NA;NA;NA;NA;NA;NA;NA;NA;NA;NA;NA;NA;NA;NA;NA;NA;NA;NA;NA;NA;NA;NA;NA;NA;NA;NA;NA;NA;NA;NA;NA;NA;NA;NA;NA;NA;NA;NA;NA;NA;NA;NA;NA;NA;NA;NA;NA;NA;NA;NA;NA;NA;NA
CONECTA CORRETORA DE CÂMBIO LTDA.;18.287.740;n2;I;2;S5;21;SALVADOR;BA;09/2020;0;NA;NA;NA;NA;NA;NA;NA;NA;NA;NA;NA;NA;NA;NA;NA;NA;NA;NA;NA;NA;NA;NA;NA;NA;NA;NA;NA;NA;NA;NA;NA;NA;NA;NA;NA;NA;NA;NA;NA;NA;NA;NA;NA;NA;NA;NA;NA;NA;NA;NA;NA;NA;NA;NA;NA;NA;NA
TORRES MENDES & MENDES SOCIEDADE DE CRÉDITO AO MICROEMPREENDEDOR E À EMPRESA DE PEQUENO PORTE LTDA.;18.394.228;n1;I;2;S5;10;JAU;SP;09/2020;0;0;0;0;0;0;0;0;0;0;0;0;0;0;0;0;0;0;0;0;0;0;0;0;0;0;0;0;0;0;0;0;0;0;0;0;0;0;0;0;0;0;0;0;0;0;0;0;0;0;0;0;0;0;0;0;0;0
CHG-MERIDIAN DO BRASIL ARRENDAMENTO MERCANTIL S.A.;18.539.102;n1;I;3;S4;19;BARUERI;SP;09/2020;0;0;0;0;0;0;0;0;0;0;0;0;0;0;0;0;0;0;0;0;0;0;0;0;0;0;0;0;0;0;0;0;0;0;0;0;0;0;0;0;0;0;0;0;0;0;0;0;0;0;0;0;0;0;0;0;0;0
AZIMUT BRASIL DISTRIBUIDORA DE TÍTULOS E VALORES MOBILIÁRIOS LTDA;18.684.408;n2;I;2;S4;16;SAO PAULO;SP;09/2020;0;NI;NI;NI;NI;NI;NI;NI;NI;NI;NI;NI;NI;NI;NI;NI;NI;NI;NI;NI;NI;NI;NI;NI;NI;NI;NI;NI;NI;NI;NI;NI;NI;NI;NI;NI;NI;NI;NI;NI;NI;NI;NI;NI;NI;NI;NI;NI;NI;NI;NI;NI;NI;NI;NI;NI;NI;NI
MUTUAL APETRIM CREDITO IMOBILIARIO S/A;18.941.229;n1;I;2;S4;31;BELO HORIZONTE;MG;09/2020;0;NI;NI;NI;NI;NI;NI;NI;NI;NI;NI;NI;NI;NI;NI;NI;NI;NI;NI;NI;NI;NI;NI;NI;NI;NI;NI;NI;NI;NI;NI;NI;NI;NI;NI;NI;NI;NI;NI;NI;NI;NI;NI;NI;NI;NI;NI;NI;NI;NI;NI;NI;NI;NI;NI;NI;NI;NI
EXECUTIVE CORRETORA DE CÂMBIO LTDA.;19.086.249;n2;I;2;S5;21;NOVO HAMBURGO;RS;09/2020;0;NA;NA;NA;NA;NA;NA;NA;NA;NA;NA;NA;NA;NA;NA;NA;NA;NA;NA;NA;NA;NA;NA;NA;NA;NA;NA;NA;NA;NA;NA;NA;NA;NA;NA;NA;NA;NA;NA;NA;NA;NA;NA;NA;NA;NA;NA;NA;NA;NA;NA;NA;NA;NA;NA;NA;NA;NA
MS BANK S.A. BANCO DE CÂMBIO;19.307.785;b2;I;2;S4;39;CURITIBA;PR;09/2020;0;NI;NI;NI;NI;NI;NI;NI;NI;NI;NI;NI;NI;NI;NI;NI;NI;NI;NI;NI;NI;NI;NI;NI;NI;NI;NI;NI;NI;NI;NI;NI;NI;NI;NI;NI;NI;NI;NI;NI;NI;NI;NI;NI;NI;NI;NI;NI;NI;NI;NI;NI;NI;NI;NI;NI;NI;NI
PARMETAL DISTRIBUIDORA DE TÍTULOS E VALORES MOBILIÁRIOS LTDA;20.155.248;n2;I;2;S4;16;SAO PAULO;SP;09/2020;0;NI;NI;NI;NI;NI;NI;NI;NI;NI;NI;NI;NI;NI;NI;NI;NI;NI;NI;NI;NI;NI;NI;NI;NI;NI;NI;NI;NI;NI;NI;NI;NI;NI;NI;NI;NI;NI;NI;NI;NI;NI;NI;NI;NI;NI;NI;NI;NI;NI;NI;NI;NI;NI;NI;NI;NI;NI
ADIQ SOLUCOES DE PAGAMENTO S.A.;20.520.298;n4;I;2;S4;41;BELO HORIZONTE;MG;09/2020;0;NI;NI;NI;NI;NI;NI;NI;NI;NI;NI;NI;NI;NI;NI;NI;NI;NI;NI;NI;NI;NI;NI;NI;NI;NI;NI;NI;NI;NI;NI;NI;NI;NI;NI;NI;NI;NI;NI;NI;NI;NI;NI;NI;NI;NI;NI;NI;NI;NI;NI;NI;NI;NI;NI;NI;NI;NI
BOLETOBANCÁRIO.COM TECNOLOGIA DE PAGAMENTOS LTDA.;21.018.182;n4;I;2;;41;CURITIBA;PR;09/2020;0;NI;NI;NI;NI;NI;NI;NI;NI;NI;NI;NI;NI;NI;NI;NI;NI;NI;NI;NI;NI;NI;NI;NI;NI;NI;NI;NI;NI;NI;NI;NI;NI;NI;NI;NI;NI;NI;NI;NI;NI;NI;NI;NI;NI;NI;NI;NI;NI;NI;NI;NI;NI;NI;NI;NI;NI;NI
GLOBAL EXCHANGE DO BRASIL SOCIEDADE CORRETORA DE CÂMBIO LTDA.;21.040.668;n2;I;3;S4;21;RIO DE JANEIRO;RJ;09/2020;0;NA;NA;NA;NA;NA;NA;NA;NA;NA;NA;NA;NA;NA;NA;NA;NA;NA;NA;NA;NA;NA;NA;NA;NA;NA;NA;NA;NA;NA;NA;NA;NA;NA;NA;NA;NA;NA;NA;NA;NA;NA;NA;NA;NA;NA;NA;NA;NA;NA;NA;NA;NA;NA;NA;NA;NA;NA
VINCI DISTRIBUIDORA DE TÍTULOS E VALORES MOBILIÁRIOS LTDA.;21.112.244;n2;I;2;S4;16;RIO DE JANEIRO;RJ;09/2020;0;NI;NI;NI;NI;NI;NI;NI;NI;NI;NI;NI;NI;NI;NI;NI;NI;NI;NI;NI;NI;NI;NI;NI;NI;NI;NI;NI;NI;NI;NI;NI;NI;NI;NI;NI;NI;NI;NI;NI;NI;NI;NI;NI;NI;NI;NI;NI;NI;NI;NI;NI;NI;NI;NI;NI;NI;NI
COOPERATIVA CENTRAL DE CREDITO RURAL COM INTERAÇÃO SOLIDÁRIA   CENTRAL CRESOL SICOPER;21.198.087;b3C;I;2;S4;9;PASSO FUNDO;RS;09/2020;0;NI;NI;NI;NI;NI;NI;NI;NI;NI;NI;NI;NI;NI;NI;NI;NI;NI;NI;NI;NI;NI;NI;NI;NI;NI;NI;NI;NI;NI;NI;NI;NI;NI;NI;NI;NI;NI;NI;NI;NI;NI;NI;NI;NI;NI;NI;NI;NI;NI;NI;NI;NI;NI;NI;NI;NI;NI
VORTX DISTRIBUIDORA DE TITULOS E VALORES MOBILIARIOS LTDA.;22.610.500;n2;I;2;S4;16;SAO PAULO;SP;09/2020;0;NI;NI;NI;NI;NI;NI;NI;NI;NI;NI;NI;NI;NI;NI;NI;NI;NI;NI;NI;NI;NI;NI;NI;NI;NI;NI;NI;NI;NI;NI;NI;NI;NI;NI;NI;NI;NI;NI;NI;NI;NI;NI;NI;NI;NI;NI;NI;NI;NI;NI;NI;NI;NI;NI;NI;NI;NI
GOOD CORRETORA DE CÂMBIO LTDA;23.010.182;n2;I;2;S4;21;PORTO ALEGRE;RS;09/2020;0;NA;NA;NA;NA;NA;NA;NA;NA;NA;NA;NA;NA;NA;NA;NA;NA;NA;NA;NA;NA;NA;NA;NA;NA;NA;NA;NA;NA;NA;NA;NA;NA;NA;NA;NA;NA;NA;NA;NA;NA;NA;NA;NA;NA;NA;NA;NA;NA;NA;NA;NA;NA;NA;NA;NA;NA;NA
COMMERZBANK BRASIL S.A. - BANCO MÚLTIPLO;23.522.214;b1;I;3;S4;8;SAO PAULO;SP;09/2020;0;0;0;0;0;0;0;0;0;0;0;0;0;0;0;0;0;0;0;0;0;0;0;0;0;0;0;0;0;0;0;0;0;0;0;0;0;0;0;0;0;0;0;0;0;0;0;0;0;0;0;0;0;0;0;0;0;0
GUITTA CORRETORA DE CAMBIO LTDA.;24.074.692;n2;I;2;S4;21;SAO PAULO;SP;09/2020;0;NA;NA;NA;NA;NA;NA;NA;NA;NA;NA;NA;NA;NA;NA;NA;NA;NA;NA;NA;NA;NA;NA;NA;NA;NA;NA;NA;NA;NA;NA;NA;NA;NA;NA;NA;NA;NA;NA;NA;NA;NA;NA;NA;NA;NA;NA;NA;NA;NA;NA;NA;NA;NA;NA;NA;NA;NA
LIMINE TRUST DISTRIBUIDORA DE TÍTULOS E VALORES MOBILIÁRIOS LTDA.;24.361.690;n2;I;2;S4;16;SAO PAULO;SP;09/2020;0;NI;NI;NI;NI;NI;NI;NI;NI;NI;NI;NI;NI;NI;NI;NI;NI;NI;NI;NI;NI;NI;NI;NI;NI;NI;NI;NI;NI;NI;NI;NI;NI;NI;NI;NI;NI;NI;NI;NI;NI;NI;NI;NI;NI;NI;NI;NI;NI;NI;NI;NI;NI;NI;NI;NI;NI;NI
AVS CORRETORA DE CÂMBIO LTDA.;25.280.945;n2;I;2;S5;21;CURITIBA;PR;09/2020;0;NA;NA;NA;NA;NA;NA;NA;NA;NA;NA;NA;NA;NA;NA;NA;NA;NA;NA;NA;NA;NA;NA;NA;NA;NA;NA;NA;NA;NA;NA;NA;NA;NA;NA;NA;NA;NA;NA;NA;NA;NA;NA;NA;NA;NA;NA;NA;NA;NA;NA;NA;NA;NA;NA;NA;NA;NA
MUNDINVEST S.A.-CORRETORA DE CAMBIO E VALORES MOBILIARIOS;25.674.235;n2;I;2;S4;15;BELO HORIZONTE;MG;09/2020;0;NI;NI;NI;NI;NI;NI;NI;NI;NI;NI;NI;NI;NI;NI;NI;NI;NI;NI;NI;NI;NI;NI;NI;NI;NI;NI;NI;NI;NI;NI;NI;NI;NI;NI;NI;NI;NI;NI;NI;NI;NI;NI;NI;NI;NI;NI;NI;NI;NI;NI;NI;NI;NI;NI;NI;NI;NI
COOPERATIVA CENTRAL DE CRÉDITO DE MINAS GERAIS LTDA. - SICOOB CENTRAL CREDIMINAS;25.683.434;b3C;I;2;S4;9;BELO HORIZONTE;MG;09/2020;0;0;0;0;0;0;0;0;0;0;0;0;0;0;0;0;0;0;0;0;0;0;0;0;0;0;0;0;0;0;0;0;0;0;0;0;0;0;0;0;0;0;0;0;0;0;0;0;0;0;0;0;0;0;0;0;0;0
IB CORRETORA DE CÂMBIO, TÍTULOS E VALORES MOBILIÁRIOS S.A.;27.842.177;n2;I;2;S4;15;SAO PAULO;SP;09/2020;0;NI;NI;NI;NI;NI;NI;NI;NI;NI;NI;NI;NI;NI;NI;NI;NI;NI;NI;NI;NI;NI;NI;NI;NI;NI;NI;NI;NI;NI;NI;NI;NI;NI;NI;NI;NI;NI;NI;NI;NI;NI;NI;NI;NI;NI;NI;NI;NI;NI;NI;NI;NI;NI;NI;NI;NI;NI
ELITE CORRETORA DE CÂMBIO E VALORES MOBILIÁRIOS LTDA;28.048.783;n2;I;2;S4;15;RIO DE JANEIRO;RJ;09/2020;0;NI;NI;NI;NI;NI;NI;NI;NI;NI;NI;NI;NI;NI;NI;NI;NI;NI;NI;NI;NI;NI;NI;NI;NI;NI;NI;NI;NI;NI;NI;NI;NI;NI;NI;NI;NI;NI;NI;NI;NI;NI;NI;NI;NI;NI;NI;NI;NI;NI;NI;NI;NI;NI;NI;NI;NI;NI
BOLT CARD CREDENCIADORA DE CARTAO DE CREDITO LTDA;28.080.769;n4;I;2;S5;41;MONTE BELO;MG;09/2020;0;NI;NI;NI;NI;NI;NI;NI;NI;NI;NI;NI;NI;NI;NI;NI;NI;NI;NI;NI;NI;NI;NI;NI;NI;NI;NI;NI;NI;NI;NI;NI;NI;NI;NI;NI;NI;NI;NI;NI;NI;NI;NI;NI;NI;NI;NI;NI;NI;NI;NI;NI;NI;NI;NI;NI;NI;NI
SADOC SOCIEDADE CORRETORA DE CÂMBIO LTDA.;28.762.249;n2;I;2;S5;21;FORTALEZA;CE;09/2020;0;NA;NA;NA;NA;NA;NA;NA;NA;NA;NA;NA;NA;NA;NA;NA;NA;NA;NA;NA;NA;NA;NA;NA;NA;NA;NA;NA;NA;NA;NA;NA;NA;NA;NA;NA;NA;NA;NA;NA;NA;NA;NA;NA;NA;NA;NA;NA;NA;NA;NA;NA;NA;NA;NA;NA;NA;NA
SCOTIABANK BRASIL S.A. BANCO MÚLTIPLO;29.030.467;b1;I;3;S4;8;SAO PAULO;SP;09/2020;0;0;0;0;0;0;0;0;0;0;0;0;0;0;0;0;0;0;0;0;0;0;0;0;0;0;0;0;0;0;0;0;0;0;0;0;0;0;0;0;0;0;0;0;0;0;0;0;0;0;0;0;0;0;0;0;0;0
TORO CORRETORA DE TÍTULOS E VALORES MOBILIÁRIOS LTDA;29.162.769;n2;I;2;S4;15;BELO HORIZONTE;MG;09/2020;0;NI;NI;NI;NI;NI;NI;NI;NI;NI;NI;NI;NI;NI;NI;NI;NI;NI;NI;NI;NI;NI;NI;NI;NI;NI;NI;NI;NI;NI;NI;NI;NI;NI;NI;NI;NI;NI;NI;NI;NI;NI;NI;NI;NI;NI;NI;NI;NI;NI;NI;NI;NI;NI;NI;NI;NI;NI
TURMA CORRETORA DE CÂMBIO LTDA;30.183.111;n2;I;2;S4;21;URUGUAIANA;RS;09/2020;0;NA;NA;NA;NA;NA;NA;NA;NA;NA;NA;NA;NA;NA;NA;NA;NA;NA;NA;NA;NA;NA;NA;NA;NA;NA;NA;NA;NA;NA;NA;NA;NA;NA;NA;NA;NA;NA;NA;NA;NA;NA;NA;NA;NA;NA;NA;NA;NA;NA;NA;NA;NA;NA;NA;NA;NA;NA
BANCO CLASSICO S.A.;31.597.552;b1;I;2;S3;8;RIO DE JANEIRO;RJ;09/2020;0;NI;NI;NI;NI;NI;NI;NI;NI;NI;NI;NI;NI;NI;NI;NI;NI;NI;NI;NI;NI;NI;NI;NI;NI;NI;NI;NI;NI;NI;NI;NI;NI;NI;NI;NI;NI;NI;NI;NI;NI;NI;NI;NI;NI;NI;NI;NI;NI;NI;NI;NI;NI;NI;NI;NI;NI;NI
IDEAL CORRETORA DE TÍTULOS E VALORES MOBILIÁRIOS S.A.;31.749.596;n2;I;2;S4;15;SAO PAULO;SP;09/2020;0;NI;NI;NI;NI;NI;NI;NI;NI;NI;NI;NI;NI;NI;NI;NI;NI;NI;NI;NI;NI;NI;NI;NI;NI;NI;NI;NI;NI;NI;NI;NI;NI;NI;NI;NI;NI;NI;NI;NI;NI;NI;NI;NI;NI;NI;NI;NI;NI;NI;NI;NI;NI;NI;NI;NI;NI;NI
SUL AMERICA INVESTIMENTOS DISTRIBUIDORA DE TITULOS E VALORES MOBILIARIOS S.A.;32.206.435;n2;I;3;S4;16;SAO PAULO;SP;09/2020;0;NI;NI;NI;NI;NI;NI;NI;NI;NI;NI;NI;NI;NI;NI;NI;NI;NI;NI;NI;NI;NI;NI;NI;NI;NI;NI;NI;NI;NI;NI;NI;NI;NI;NI;NI;NI;NI;NI;NI;NI;NI;NI;NI;NI;NI;NI;NI;NI;NI;NI;NI;NI;NI;NI;NI;NI;NI
COOPERATIVA CENTRAL DE CREDITO DO ESPIRITO SANTO - SICOOB CENTRAL ES;32.428.294;b3C;I;2;S4;9;VITORIA;ES;09/2020;0;0;0;0;0;0;0;0;0;0;0;0;0;0;0;0;0;0;0;0;0;0;0;0;0;0;0;0;0;0;0;0;0;0;0;0;0;0;0;0;0;0;0;0;0;0;0;0;0;0;0;0;0;0;0;0;0;0
FAIR CORRETORA DE CAMBIO S.A.;32.648.370;n2;I;2;S4;21;SAO PAULO;SP;09/2020;0;NA;NA;NA;NA;NA;NA;NA;NA;NA;NA;NA;NA;NA;NA;NA;NA;NA;NA;NA;NA;NA;NA;NA;NA;NA;NA;NA;NA;NA;NA;NA;NA;NA;NA;NA;NA;NA;NA;NA;NA;NA;NA;NA;NA;NA;NA;NA;NA;NA;NA;NA;NA;NA;NA;NA;NA;NA
COOPERATIVA CENTRAL DE CRÉDITO DE GOIÁS LTDA;33.416.108;b3C;I;2;S4;9;GOIANIA;GO;09/2020;0;0;0;0;0;0;0;0;0;0;0;0;0;0;0;0;0;0;0;0;0;0;0;0;0;0;0;0;0;0;0;0;0;0;0;0;0;0;0;0;0;0;0;0;0;0;0;0;0;0;0;0;0;0;0;0;0;0
BANCO NACIONAL DE DESENVOLVIMENTO ECONOMICO E SOCIAL;33.657.248;b4;I;1;S2;4;RIO DE JANEIRO;RJ;09/2020;0;0;0;0;0;0;0;0;0;0;0;0;0;0;0;0;0;0;0;0;0;0;0;0;0;0;0;0;0;0;0;0;0;0;0;0;0;0;0;0;0;0;0;0;0;0;0;0;0;0;0;0;0;0;0;0;0;0
COOPERATIVA CENTRAL DE CRÉDITO, POUPANÇA E INVESTIMENTO DO CENTRO NORTE DO BRASIL - CENTRAL SICREDI CENTRO NORTE;33.667.205;b3C;I;2;S4;9;CUIABA;MT;09/2020;0;0;0;0;0;0;0;0;0;0;0;0;0;0;0;0;0;0;0;0;0;0;0;0;0;0;0;0;0;0;0;0;0;0;0;0;0;0;0;0;0;0;0;0;0;0;0;0;0;0;0;0;0;0;0;0;0;0
COOPERATIVA CENTRAL DE CRÉDITO, POUPANÇA E INVESTIMENTO DE MATO GROSSO DO SUL, GOIÁS, DISTRITO FEDERAL E TOCANTINS – CENTRAL SICREDI BRASIL CENTRAL;33.737.818;b3C;I;2;S4;9;GOIANIA;GO;09/2020;0;0;0;0;0;0;0;0;0;0;0;0;0;0;0;0;0;0;0;0;0;0;0;0;0;0;0;0;0;0;0;0;0;0;0;0;0;0;0;0;0;0;0;0;0;0;0;0;0;0;0;0;0;0;0;0;0;0
DILLON S/A DISTRIBUIDORA DE TITULOS E VALORES MOBILIARIOS;33.851.064;n2;I;2;S4;16;RIO DE JANEIRO;RJ;09/2020;0;NI;NI;NI;NI;NI;NI;NI;NI;NI;NI;NI;NI;NI;NI;NI;NI;NI;NI;NI;NI;NI;NI;NI;NI;NI;NI;NI;NI;NI;NI;NI;NI;NI;NI;NI;NI;NI;NI;NI;NI;NI;NI;NI;NI;NI;NI;NI;NI;NI;NI;NI;NI;NI;NI;NI;NI;NI
BGC LIQUIDEZ DISTRIBUIDORA DE TÍTULOS E VALORES MOBILIÁRIOS LTDA;33.862.244;n2;I;3;S4;16;RIO DE JANEIRO;RJ;09/2020;0;NI;NI;NI;NI;NI;NI;NI;NI;NI;NI;NI;NI;NI;NI;NI;NI;NI;NI;NI;NI;NI;NI;NI;NI;NI;NI;NI;NI;NI;NI;NI;NI;NI;NI;NI;NI;NI;NI;NI;NI;NI;NI;NI;NI;NI;NI;NI;NI;NI;NI;NI;NI;NI;NI;NI;NI;NI
BRKB DISTRIBUIDORA DE TÍTULOS E VALORES MOBILIÁRIOS S.A.;33.923.111;n2;I;3;S4;16;RIO DE JANEIRO;RJ;09/2020;0;NI;NI;NI;NI;NI;NI;NI;NI;NI;NI;NI;NI;NI;NI;NI;NI;NI;NI;NI;NI;NI;NI;NI;NI;NI;NI;NI;NI;NI;NI;NI;NI;NI;NI;NI;NI;NI;NI;NI;NI;NI;NI;NI;NI;NI;NI;NI;NI;NI;NI;NI;NI;NI;NI;NI;NI;NI
COOPERATIVA CENTRAL DE CRÉDITO DA BAHIA LTDA – SICOOB CENTRAL BA;34.148.882;b3C;I;2;S4;9;SALVADOR;BA;09/2020;0;0;0;0;0;0;0;0;0;0;0;0;0;0;0;0;0;0;0;0;0;0;0;0;0;0;0;0;0;0;0;0;0;0;0;0;0;0;0;0;0;0;0;0;0;0;0;0;0;0;0;0;0;0;0;0;0;0
EUROINVEST S.A. CORRETORA DE CÂMBIO, TÍTULOS E VALORES MOBILIÁRIOS;34.190.991;n2;I;2;S4;15;RIO DE JANEIRO;RJ;09/2020;0;NI;NI;NI;NI;NI;NI;NI;NI;NI;NI;NI;NI;NI;NI;NI;NI;NI;NI;NI;NI;NI;NI;NI;NI;NI;NI;NI;NI;NI;NI;NI;NI;NI;NI;NI;NI;NI;NI;NI;NI;NI;NI;NI;NI;NI;NI;NI;NI;NI;NI;NI;NI;NI;NI;NI;NI;NI
NEXOOS SOCIEDADE DE EMPRÉSTIMO ENTRE PESSOAS S.A.;34.254.279;n1;I;2;S5;44;SAO PAULO;SP;09/2020;0;0;0;0;0;0;0;0;0;0;0;0;0;0;0;0;0;0;0;0;0;0;0;0;0;0;0;0;0;0;0;0;0;0;0;0;0;0;0;0;0;0;0;0;0;0;0;0;0;0;0;0;0;0;0;0;0;0
INTERCAM CORRETORA DE CÂMBIO LTDA.;34.265.629;n2;I;2;S4;21;SAO PAULO;SP;09/2020;0;NA;NA;NA;NA;NA;NA;NA;NA;NA;NA;NA;NA;NA;NA;NA;NA;NA;NA;NA;NA;NA;NA;NA;NA;NA;NA;NA;NA;NA;NA;NA;NA;NA;NA;NA;NA;NA;NA;NA;NA;NA;NA;NA;NA;NA;NA;NA;NA;NA;NA;NA;NA;NA;NA;NA;NA;NA
BANCO IBM S.A.;34.270.520;b2;I;3;S4;8;RIO DE JANEIRO;RJ;09/2020;0;0;0;0;0;0;0;0;0;0;0;0;0;0;0;0;0;0;0;0;0;0;0;0;0;0;0;0;0;0;0;0;0;0;0;0;0;0;0;0;0;0;0;0;0;0;0;0;0;0;0;0;0;0;0;0;0;0
STONE SOCIEDADE DE CRÉDITO DIRETO S.A.;34.590.184;n1;I;2;S5;43;SAO PAULO;SP;09/2020;0;NI;NI;NI;NI;NI;NI;NI;NI;NI;NI;NI;NI;NI;NI;NI;NI;NI;NI;NI;NI;NI;NI;NI;NI;NI;NI;NI;NI;NI;NI;NI;NI;NI;NI;NI;NI;NI;NI;NI;NI;NI;NI;NI;NI;NI;NI;NI;NI;NI;NI;NI;NI;NI;NI;NI;NI;NI
MONOPÓLIO CORRETORA DE CÂMBIO LTDA.;34.666.362;n2;I;2;S4;21;BELEM;PA;09/2020;0;NA;NA;NA;NA;NA;NA;NA;NA;NA;NA;NA;NA;NA;NA;NA;NA;NA;NA;NA;NA;NA;NA;NA;NA;NA;NA;NA;NA;NA;NA;NA;NA;NA;NA;NA;NA;NA;NA;NA;NA;NA;NA;NA;NA;NA;NA;NA;NA;NA;NA;NA;NA;NA;NA;NA;NA;NA
VITREO DISTRIBUIDORA DE TÍTULOS E VALORES MOBILIÁRIOS S.A.;34.711.571;n2;I;2;S4;16;SAO PAULO;SP;09/2020;0;NI;NI;NI;NI;NI;NI;NI;NI;NI;NI;NI;NI;NI;NI;NI;NI;NI;NI;NI;NI;NI;NI;NI;NI;NI;NI;NI;NI;NI;NI;NI;NI;NI;NI;NI;NI;NI;NI;NI;NI;NI;NI;NI;NI;NI;NI;NI;NI;NI;NI;NI;NI;NI;NI;NI;NI;NI
REAG DISTRIBUIDORA DE TÍTULOS E VALORES MOBILIÁRIOS S.A.;34.829.992;n2;I;2;S4;16;SAO PAULO;SP;09/2020;0;NI;NI;NI;NI;NI;NI;NI;NI;NI;NI;NI;NI;NI;NI;NI;NI;NI;NI;NI;NI;NI;NI;NI;NI;NI;NI;NI;NI;NI;NI;NI;NI;NI;NI;NI;NI;NI;NI;NI;NI;NI;NI;NI;NI;NI;NI;NI;NI;NI;NI;NI;NI;NI;NI;NI;NI;NI
BULLLA SOCIEDADE DE EMPRÉSTIMO ENTRE PESSOAS S.A.;34.831.910;n1;I;2;S5;44;SAO PAULO;SP;09/2020;0;NI;NI;NI;NI;NI;NI;NI;NI;NI;NI;NI;NI;NI;NI;NI;NI;NI;NI;NI;NI;NI;NI;NI;NI;NI;NI;NI;NI;NI;NI;NI;NI;NI;NI;NI;NI;NI;NI;NI;NI;NI;NI;NI;NI;NI;NI;NI;NI;NI;NI;NI;NI;NI;NI;NI;NI;NI
INTEGRAL ACCESS DISTRIBUIDORA DE TÍTULOS E VALORES MOBILIÁRIOS LTDA.;34.978.626;n2;I;2;S4;16;SAO PAULO;SP;09/2020;0;NI;NI;NI;NI;NI;NI;NI;NI;NI;NI;NI;NI;NI;NI;NI;NI;NI;NI;NI;NI;NI;NI;NI;NI;NI;NI;NI;NI;NI;NI;NI;NI;NI;NI;NI;NI;NI;NI;NI;NI;NI;NI;NI;NI;NI;NI;NI;NI;NI;NI;NI;NI;NI;NI;NI;NI;NI
ED&F MAN CAPITAL MARKETS DISTRIBUIDORA DE TÍTULOS  E VALORES MOBILIÁRIOS LTDA.;35.470.647;n2;I;2;S4;16;CAMPINAS;SP;09/2020;0;NI;NI;NI;NI;NI;NI;NI;NI;NI;NI;NI;NI;NI;NI;NI;NI;NI;NI;NI;NI;NI;NI;NI;NI;NI;NI;NI;NI;NI;NI;NI;NI;NI;NI;NI;NI;NI;NI;NI;NI;NI;NI;NI;NI;NI;NI;NI;NI;NI;NI;NI;NI;NI;NI;NI;NI;NI
STARCRED SOCIEDADE DE CRÉDITO DIRETO S.A.;35.911.258;n1;I;2;S5;43;TAQUARA;RS;09/2020;0;0;0;0;0;0;0;0;0;0;0;0;0;0;0;0;0;0;0;0;0;0;0;0;0;0;0;0;0;0;0;0;0;0;0;0;0;0;0;0;0;0;0;0;0;0;0;0;0;0;0;0;0;0;0;0;0;0
OLIVEIRA TRUST DISTRIBUIDORA DE TÍTULOS E VALORES MOBILIARIOS S.A.;36.113.876;n2;I;2;S4;16;RIO DE JANEIRO;RJ;09/2020;0;NI;NI;NI;NI;NI;NI;NI;NI;NI;NI;NI;NI;NI;NI;NI;NI;NI;NI;NI;NI;NI;NI;NI;NI;NI;NI;NI;NI;NI;NI;NI;NI;NI;NI;NI;NI;NI;NI;NI;NI;NI;NI;NI;NI;NI;NI;NI;NI;NI;NI;NI;NI;NI;NI;NI;NI;NI
PROSPER S/A CORRETORA DE VALORES E CAMBIO;36.178.887;n2;I;2;S4;15;RIO DE JANEIRO;RJ;09/2020;0;NI;NI;NI;NI;NI;NI;NI;NI;NI;NI;NI;NI;NI;NI;NI;NI;NI;NI;NI;NI;NI;NI;NI;NI;NI;NI;NI;NI;NI;NI;NI;NI;NI;NI;NI;NI;NI;NI;NI;NI;NI;NI;NI;NI;NI;NI;NI;NI;NI;NI;NI;NI;NI;NI;NI;NI;NI
SUMUP SOCIEDADE DE CRÉDITO DIRETO S.A.;37.241.230;n1;I;2;S5;43;SAO PAULO;SP;09/2020;0;NI;NI;NI;NI;NI;NI;NI;NI;NI;NI;NI;NI;NI;NI;NI;NI;NI;NI;NI;NI;NI;NI;NI;NI;NI;NI;NI;NI;NI;NI;NI;NI;NI;NI;NI;NI;NI;NI;NI;NI;NI;NI;NI;NI;NI;NI;NI;NI;NI;NI;NI;NI;NI;NI;NI;NI;NI
ZIPDIN SOLUÇÕES DIGITAIS SOCIEDADE DE CRÉDITO DIRETO S/A;37.414.009;n1;I;2;S5;43;RIO DE JANEIRO;RJ;09/2020;0;NI;NI;NI;NI;NI;NI;NI;NI;NI;NI;NI;NI;NI;NI;NI;NI;NI;NI;NI;NI;NI;NI;NI;NI;NI;NI;NI;NI;NI;NI;NI;NI;NI;NI;NI;NI;NI;NI;NI;NI;NI;NI;NI;NI;NI;NI;NI;NI;NI;NI;NI;NI;NI;NI;NI;NI;NI
WORK SOCIEDADE DE CRÉDITO DIRETO S.A.;37.526.080;n1;I;2;S5;43;SAO PAULO;SP;09/2020;0;NI;NI;NI;NI;NI;NI;NI;NI;NI;NI;NI;NI;NI;NI;NI;NI;NI;NI;NI;NI;NI;NI;NI;NI;NI;NI;NI;NI;NI;NI;NI;NI;NI;NI;NI;NI;NI;NI;NI;NI;NI;NI;NI;NI;NI;NI;NI;NI;NI;NI;NI;NI;NI;NI;NI;NI;NI
FIDD DISTRIBUIDORA DE TÍTULOS E VALORES MOBILIÁRIOS LTDA.;37.678.915;n2;I;2;S4;16;SAO PAULO;SP;09/2020;0;NI;NI;NI;NI;NI;NI;NI;NI;NI;NI;NI;NI;NI;NI;NI;NI;NI;NI;NI;NI;NI;NI;NI;NI;NI;NI;NI;NI;NI;NI;NI;NI;NI;NI;NI;NI;NI;NI;NI;NI;NI;NI;NI;NI;NI;NI;NI;NI;NI;NI;NI;NI;NI;NI;NI;NI;NI
ACCREDITO - SOCIEDADE DE CRÉDITO DIRETO S.A.;37.715.993;n1;I;2;S5;43;SAO PAULO;SP;09/2020;0;0;0;0;0;0;0;0;0;0;0;0;0;0;0;0;0;0;0;0;0;0;0;0;0;0;0;0;0;0;0;0;0;0;0;0;0;0;0;0;0;0;0;0;0;0;0;0;0;0;0;0;0;0;0;0;0;0
CORA SOCIEDADE DE CRÉDITO DIRETO S.A.;37.880.206;n1;I;3;S5;43;SAO PAULO;SP;09/2020;0;NI;NI;NI;NI;NI;NI;NI;NI;NI;NI;NI;NI;NI;NI;NI;NI;NI;NI;NI;NI;NI;NI;NI;NI;NI;NI;NI;NI;NI;NI;NI;NI;NI;NI;NI;NI;NI;NI;NI;NI;NI;NI;NI;NI;NI;NI;NI;NI;NI;NI;NI;NI;NI;NI;NI;NI;NI
FOURTRADE CORRETORA DE CÂMBIO LTDA.;40.353.377;n2;I;2;S4;21;RIO DE JANEIRO;RJ;09/2020;0;NA;NA;NA;NA;NA;NA;NA;NA;NA;NA;NA;NA;NA;NA;NA;NA;NA;NA;NA;NA;NA;NA;NA;NA;NA;NA;NA;NA;NA;NA;NA;NA;NA;NA;NA;NA;NA;NA;NA;NA;NA;NA;NA;NA;NA;NA;NA;NA;NA;NA;NA;NA;NA;NA;NA;NA;NA
RJI CORRETORA DE TITULOS E VALORES MOBILIARIOS LTDA;42.066.258;n2;I;2;S4;15;SALVADOR;BA;09/2020;0;NI;NI;NI;NI;NI;NI;NI;NI;NI;NI;NI;NI;NI;NI;NI;NI;NI;NI;NI;NI;NI;NI;NI;NI;NI;NI;NI;NI;NI;NI;NI;NI;NI;NI;NI;NI;NI;NI;NI;NI;NI;NI;NI;NI;NI;NI;NI;NI;NI;NI;NI;NI;NI;NI;NI;NI;NI
NOVINVEST CORRETORA DE VALORES MOBILIARIOS LTDA.;43.060.029;n2;I;2;S4;15;SAO PAULO;SP;09/2020;0;NI;NI;NI;NI;NI;NI;NI;NI;NI;NI;NI;NI;NI;NI;NI;NI;NI;NI;NI;NI;NI;NI;NI;NI;NI;NI;NI;NI;NI;NI;NI;NI;NI;NI;NI;NI;NI;NI;NI;NI;NI;NI;NI;NI;NI;NI;NI;NI;NI;NI;NI;NI;NI;NI;NI;NI;NI
BR-CAPITAL DISTRIBUIDORA DE TÍTULOS E VALORES MOBILIÁRIOS S.A.;44.077.014;n2;I;2;S4;16;SAO PAULO;SP;09/2020;0;NI;NI;NI;NI;NI;NI;NI;NI;NI;NI;NI;NI;NI;NI;NI;NI;NI;NI;NI;NI;NI;NI;NI;NI;NI;NI;NI;NI;NI;NI;NI;NI;NI;NI;NI;NI;NI;NI;NI;NI;NI;NI;NI;NI;NI;NI;NI;NI;NI;NI;NI;NI;NI;NI;NI;NI;NI
BANCO DE LA PROVINCIA DE BUENOS AIRES;44.189.447;b1;I;3;S4;28;SAO PAULO;SP;09/2020;0;0;0;0;0;0;0;0;0;0;0;0;0;0;0;0;0;0;0;0;0;0;0;0;0;0;0;0;0;0;0;0;0;0;0;0;0;0;0;0;0;0;0;0;0;0;0;0;0;0;0;0;0;0;0;0;0;0
BBVA BRASIL BANCO DE INVESTIMENTO S.A.;45.283.173;b2;I;3;S4;13;SAO PAULO;SP;09/2020;0;NI;NI;NI;NI;NI;NI;NI;NI;NI;NI;NI;NI;NI;NI;NI;NI;NI;NI;NI;NI;NI;NI;NI;NI;NI;NI;NI;NI;NI;NI;NI;NI;NI;NI;NI;NI;NI;NI;NI;NI;NI;NI;NI;NI;NI;NI;NI;NI;NI;NI;NI;NI;NI;NI;NI;NI;NI
LEVYCAM - CORRETORA DE CAMBIO E VALORES LTDA.;50.579.044;n2;I;2;S4;15;SAO PAULO;SP;09/2020;0;NI;NI;NI;NI;NI;NI;NI;NI;NI;NI;NI;NI;NI;NI;NI;NI;NI;NI;NI;NI;NI;NI;NI;NI;NI;NI;NI;NI;NI;NI;NI;NI;NI;NI;NI;NI;NI;NI;NI;NI;NI;NI;NI;NI;NI;NI;NI;NI;NI;NI;NI;NI;NI;NI;NI;NI;NI
SLW CORRETORA DE VALORES E CÂMBIO LTDA.;50.657.675;n2;I;2;S4;15;SAO PAULO;SP;09/2020;0;NI;NI;NI;NI;NI;NI;NI;NI;NI;NI;NI;NI;NI;NI;NI;NI;NI;NI;NI;NI;NI;NI;NI;NI;NI;NI;NI;NI;NI;NI;NI;NI;NI;NI;NI;NI;NI;NI;NI;NI;NI;NI;NI;NI;NI;NI;NI;NI;NI;NI;NI;NI;NI;NI;NI;NI;NI
NECTON INVESTIMENTOS  S.A. CORRETORA DE VALORES MOBILIÁRIOS E COMMODITIES;52.904.364;n2;I;2;S4;15;SAO PAULO;SP;09/2020;0;NI;NI;NI;NI;NI;NI;NI;NI;NI;NI;NI;NI;NI;NI;NI;NI;NI;NI;NI;NI;NI;NI;NI;NI;NI;NI;NI;NI;NI;NI;NI;NI;NI;NI;NI;NI;NI;NI;NI;NI;NI;NI;NI;NI;NI;NI;NI;NI;NI;NI;NI;NI;NI;NI;NI;NI;NI
COBANSA COMPANHIA HIPOTECARIA;53.263.331;n1;I;2;S5;29;GUARULHOS;SP;09/2020;0;NI;NI;NI;NI;NI;NI;NI;NI;NI;NI;NI;NI;NI;NI;NI;NI;NI;NI;NI;NI;NI;NI;NI;NI;NI;NI;NI;NI;NI;NI;NI;NI;NI;NI;NI;NI;NI;NI;NI;NI;NI;NI;NI;NI;NI;NI;NI;NI;NI;NI;NI;NI;NI;NI;NI;NI;NI
BANCO HSBC S.A.;53.518.684;b1;I;3;S4;8;SAO PAULO;SP;09/2020;0;0;0;0;0;0;0;0;0;0;0;0;0;0;0;0;0;0;0;0;0;0;0;0;0;0;0;0;0;0;0;0;0;0;0;0;0;0;0;0;0;0;0;0;0;0;0;0;0;0;0;0;0;0;0;0;0;0
INTESA SANPAOLO BRASIL S.A. - BANCO MÚLTIPLO;55.230.916;b1;I;3;S4;8;SAO PAULO;SP;09/2020;0;0;0;0;0;0;0;0;0;0;0;0;0;0;0;0;0;0;0;0;0;0;0;0;0;0;0;0;0;0;0;0;0;0;0;0;0;0;0;0;0;0;0;0;0;0;0;0;0;0;0;0;0;0;0;0;0;0
PATACÃO DISTRIBUIDORA DE TÍTULOS E VALORES MOBILIÁRIOS LTDA.;59.615.005;n2;I;2;S4;16;SOROCABA;SP;09/2020;0;NI;NI;NI;NI;NI;NI;NI;NI;NI;NI;NI;NI;NI;NI;NI;NI;NI;NI;NI;NI;NI;NI;NI;NI;NI;NI;NI;NI;NI;NI;NI;NI;NI;NI;NI;NI;NI;NI;NI;NI;NI;NI;NI;NI;NI;NI;NI;NI;NI;NI;NI;NI;NI;NI;NI;NI;NI
SOROCRED MEIOS DE PAGAMENTOS LTDA.;60.114.865;n4;I;2;S4;41;SOROCABA;SP;09/2020;0;NI;NI;NI;NI;NI;NI;NI;NI;NI;NI;NI;NI;NI;NI;NI;NI;NI;NI;NI;NI;NI;NI;NI;NI;NI;NI;NI;NI;NI;NI;NI;NI;NI;NI;NI;NI;NI;NI;NI;NI;NI;NI;NI;NI;NI;NI;NI;NI;NI;NI;NI;NI;NI;NI;NI;NI;NI
BANCO MUFG BRASIL S.A.;60.498.557;b1;I;3;S3;8;SAO PAULO;SP;09/2020;0;0;0;0;0;0;0;0;0;0;0;0;0;0;0;0;0;0;0;0;0;0;0;0;0;0;0;0;0;0;0;0;0;0;0;0;0;0;0;0;0;0;0;0;0;0;0;0;0;0;0;0;0;0;0;0;0;0
SAGITUR CORRETORA DE CÂMBIO LTDA.;61.444.949;n2;I;2;S4;21;SAO PAULO;SP;09/2020;0;NA;NA;NA;NA;NA;NA;NA;NA;NA;NA;NA;NA;NA;NA;NA;NA;NA;NA;NA;NA;NA;NA;NA;NA;NA;NA;NA;NA;NA;NA;NA;NA;NA;NA;NA;NA;NA;NA;NA;NA;NA;NA;NA;NA;NA;NA;NA;NA;NA;NA;NA;NA;NA;NA;NA;NA;NA
MAGLIANO S.A. CORRETORA DE CAMBIO E VALORES MOBILIARIOS;61.723.847;n2;I;2;S4;15;SAO PAULO;SP;09/2020;0;NI;NI;NI;NI;NI;NI;NI;NI;NI;NI;NI;NI;NI;NI;NI;NI;NI;NI;NI;NI;NI;NI;NI;NI;NI;NI;NI;NI;NI;NI;NI;NI;NI;NI;NI;NI;NI;NI;NI;NI;NI;NI;NI;NI;NI;NI;NI;NI;NI;NI;NI;NI;NI;NI;NI;NI;NI
LEROSA S.A. CORRETORA DE VALORES E CAMBIO;61.973.863;n2;I;2;S4;15;SAO PAULO;SP;09/2020;0;NI;NI;NI;NI;NI;NI;NI;NI;NI;NI;NI;NI;NI;NI;NI;NI;NI;NI;NI;NI;NI;NI;NI;NI;NI;NI;NI;NI;NI;NI;NI;NI;NI;NI;NI;NI;NI;NI;NI;NI;NI;NI;NI;NI;NI;NI;NI;NI;NI;NI;NI;NI;NI;NI;NI;NI;NI
CAROL DISTRIBUIDORA DE TITULOS E VALORES MOBILIARIOS LTDA.;62.237.649;n2;I;2;S5;16;SAO PAULO;SP;09/2020;0;NI;NI;NI;NI;NI;NI;NI;NI;NI;NI;NI;NI;NI;NI;NI;NI;NI;NI;NI;NI;NI;NI;NI;NI;NI;NI;NI;NI;NI;NI;NI;NI;NI;NI;NI;NI;NI;NI;NI;NI;NI;NI;NI;NI;NI;NI;NI;NI;NI;NI;NI;NI;NI;NI;NI;NI;NI
CP & FRIZZO - DISTRIBUIDORA DE TÍTULOS E VALORES MOBILIÁRIOS LTDA;62.264.924;n2;I;2;S4;16;SAO PAULO;SP;09/2020;0;NI;NI;NI;NI;NI;NI;NI;NI;NI;NI;NI;NI;NI;NI;NI;NI;NI;NI;NI;NI;NI;NI;NI;NI;NI;NI;NI;NI;NI;NI;NI;NI;NI;NI;NI;NI;NI;NI;NI;NI;NI;NI;NI;NI;NI;NI;NI;NI;NI;NI;NI;NI;NI;NI;NI;NI;NI
DIBRAN DISTRIBUIDORA DE TÍTULOS E VALORES MOBILIÁRIOS LTDA.;62.280.490;n2;I;2;S4;16;SAO PAULO;SP;09/2020;0;NI;NI;NI;NI;NI;NI;NI;NI;NI;NI;NI;NI;NI;NI;NI;NI;NI;NI;NI;NI;NI;NI;NI;NI;NI;NI;NI;NI;NI;NI;NI;NI;NI;NI;NI;NI;NI;NI;NI;NI;NI;NI;NI;NI;NI;NI;NI;NI;NI;NI;NI;NI;NI;NI;NI;NI;NI
SOCOPA SOCIEDADE CORRETORA PAULISTA S.A.;62.285.390;n2;I;2;S4;15;SAO PAULO;SP;09/2020;0;NI;NI;NI;NI;NI;NI;NI;NI;NI;NI;NI;NI;NI;NI;NI;NI;NI;NI;NI;NI;NI;NI;NI;NI;NI;NI;NI;NI;NI;NI;NI;NI;NI;NI;NI;NI;NI;NI;NI;NI;NI;NI;NI;NI;NI;NI;NI;NI;NI;NI;NI;NI;NI;NI;NI;NI;NI
RENASCENCA DISTRIBUIDORA DE TÍTULOS E VALORES MOBILIÁRIOS LTDA;62.287.735;n2;I;2;S4;16;SAO PAULO;SP;09/2020;0;NI;NI;NI;NI;NI;NI;NI;NI;NI;NI;NI;NI;NI;NI;NI;NI;NI;NI;NI;NI;NI;NI;NI;NI;NI;NI;NI;NI;NI;NI;NI;NI;NI;NI;NI;NI;NI;NI;NI;NI;NI;NI;NI;NI;NI;NI;NI;NI;NI;NI;NI;NI;NI;NI;NI;NI;NI
CENTRAL DAS COOPERATIVAS DE CRÉDITO DO ESTADO DE SÃO PAULO - SICOOB CENTRAL CECRESP;62.931.522;b3C;I;2;S4;9;SAO PAULO;SP;09/2020;0;0;0;0;0;0;0;0;0;0;0;0;0;0;0;0;0;0;0;0;0;0;0;0;0;0;0;0;0;0;0;0;0;0;0;0;0;0;0;0;0;0;0;0;0;0;0;0;0;0;0;0;0;0;0;0;0;0
COOPERATIVA CENTRAL DE CRÉDITO DO ESTADO DE SÃO PAULO - SICOOB SÃO PAULO;63.917.579;b3C;I;2;S4;9;RIBEIRAO PRETO;SP;09/2020;0;0;0;0;0;0;0;0;0;0;0;0;0;0;0;0;0;0;0;0;0;0;0;0;0;0;0;0;0;0;0;0;0;0;0;0;0;0;0;0;0;0;0;0;0;0;0;0;0;0;0;0;0;0;0;0;0;0
NGO ASSOCIADOS CORRETORA DE CÂMBIO LTDA.;65.635.377;n2;I;2;S5;21;SAO PAULO;SP;09/2020;0;NA;NA;NA;NA;NA;NA;NA;NA;NA;NA;NA;NA;NA;NA;NA;NA;NA;NA;NA;NA;NA;NA;NA;NA;NA;NA;NA;NA;NA;NA;NA;NA;NA;NA;NA;NA;NA;NA;NA;NA;NA;NA;NA;NA;NA;NA;NA;NA;NA;NA;NA;NA;NA;NA;NA;NA;NA
DASCAM CORRETORA DE CÂMBIO LTDA.;65.645.137;n2;I;2;S5;21;SAO PAULO;SP;09/2020;0;NA;NA;NA;NA;NA;NA;NA;NA;NA;NA;NA;NA;NA;NA;NA;NA;NA;NA;NA;NA;NA;NA;NA;NA;NA;NA;NA;NA;NA;NA;NA;NA;NA;NA;NA;NA;NA;NA;NA;NA;NA;NA;NA;NA;NA;NA;NA;NA;NA;NA;NA;NA;NA;NA;NA;NA;NA
REPOM S.A.;65.697.260;n4;I;2;;41;BARUERI;SP;09/2020;0;NI;NI;NI;NI;NI;NI;NI;NI;NI;NI;NI;NI;NI;NI;NI;NI;NI;NI;NI;NI;NI;NI;NI;NI;NI;NI;NI;NI;NI;NI;NI;NI;NI;NI;NI;NI;NI;NI;NI;NI;NI;NI;NI;NI;NI;NI;NI;NI;NI;NI;NI;NI;NI;NI;NI;NI;NI
NUMBER ONE SOCIEDADE CORRETORA DE CAMBIO LTDA.;68.742.204;n2;I;2;S5;21;RIO DE JANEIRO;RJ;09/2020;0;NA;NA;NA;NA;NA;NA;NA;NA;NA;NA;NA;NA;NA;NA;NA;NA;NA;NA;NA;NA;NA;NA;NA;NA;NA;NA;NA;NA;NA;NA;NA;NA;NA;NA;NA;NA;NA;NA;NA;NA;NA;NA;NA;NA;NA;NA;NA;NA;NA;NA;NA;NA;NA;NA;NA;NA;NA
SOLIDUS S.A. CORRETORA DE CAMBIO E VALORES MOBILIARIOS;68.757.681;n2;I;2;S4;15;PORTO ALEGRE;RS;09/2020;0;NI;NI;NI;NI;NI;NI;NI;NI;NI;NI;NI;NI;NI;NI;NI;NI;NI;NI;NI;NI;NI;NI;NI;NI;NI;NI;NI;NI;NI;NI;NI;NI;NI;NI;NI;NI;NI;NI;NI;NI;NI;NI;NI;NI;NI;NI;NI;NI;NI;NI;NI;NI;NI;NI;NI;NI;NI
CENTRAL DAS COOPERATIVAS DE CRÉDITO DO NORDESTE - SICOOB CENTRAL NE;70.116.611;b3C;I;2;S4;9;JOAO PESSOA;PB;09/2020;0;0;0;0;0;0;0;0;0;0;0;0;0;0;0;0;0;0;0;0;0;0;0;0;0;0;0;0;0;0;0;0;0;0;0;0;0;0;0;0;0;0;0;0;0;0;0;0;0;0;0;0;0;0;0;0;0;0
COOPERATIVA CENTRAL DE CRÉDITO DO NORTE/NORDESTE - CENTRAL SICREDI NORTE/NORDESTE;70.119.680;b3C;I;2;S4;9;CABEDELO;PB;09/2020;0;0;0;0;0;0;0;0;0;0;0;0;0;0;0;0;0;0;0;0;0;0;0;0;0;0;0;0;0;0;0;0;0;0;0;0;0;0;0;0;0;0;0;0;0;0;0;0;0;0;0;0;0;0;0;0;0;0
LASTRO RDV DISTRIBUIDORA DE TÍTULOS E VALORES MOBILIÁRIOS LTDA.;71.590.442;n2;I;2;S4;16;ARARAS;SP;09/2020;0;NI;NI;NI;NI;NI;NI;NI;NI;NI;NI;NI;NI;NI;NI;NI;NI;NI;NI;NI;NI;NI;NI;NI;NI;NI;NI;NI;NI;NI;NI;NI;NI;NI;NI;NI;NI;NI;NI;NI;NI;NI;NI;NI;NI;NI;NI;NI;NI;NI;NI;NI;NI;NI;NI;NI;NI;NI
FRENTE CORRETORA DE CÂMBIO LTDA.;71.677.850;n2;I;2;S4;21;SAO PAULO;SP;09/2020;0;NA;NA;NA;NA;NA;NA;NA;NA;NA;NA;NA;NA;NA;NA;NA;NA;NA;NA;NA;NA;NA;NA;NA;NA;NA;NA;NA;NA;NA;NA;NA;NA;NA;NA;NA;NA;NA;NA;NA;NA;NA;NA;NA;NA;NA;NA;NA;NA;NA;NA;NA;NA;NA;NA;NA;NA;NA
ÍCARO CORRETORA DE CÂMBIO LTDA;72.556.996;n2;I;2;S5;21;CURITIBA;PR;09/2020;0;NA;NA;NA;NA;NA;NA;NA;NA;NA;NA;NA;NA;NA;NA;NA;NA;NA;NA;NA;NA;NA;NA;NA;NA;NA;NA;NA;NA;NA;NA;NA;NA;NA;NA;NA;NA;NA;NA;NA;NA;NA;NA;NA;NA;NA;NA;NA;NA;NA;NA;NA;NA;NA;NA;NA;NA;NA
COOPERATIVA CENTRAL DE ECONOMIA E CRÉDITO MÚTUO  - SICOOB UNIMAIS;73.085.573;b3C;I;2;S4;9;SAO PAULO;SP;09/2020;0;0;0;0;0;0;0;0;0;0;0;0;0;0;0;0;0;0;0;0;0;0;0;0;0;0;0;0;0;0;0;0;0;0;0;0;0;0;0;0;0;0;0;0;0;0;0;0;0;0;0;0;0;0;0;0;0;0
PACIFIC INVEST DISTRIBUIDORA DE TITULOS E VALORES MOBILIARIOS LTDA;73.279.093;n2;I;2;S4;16;JOACABA;SC;09/2020;0;NI;NI;NI;NI;NI;NI;NI;NI;NI;NI;NI;NI;NI;NI;NI;NI;NI;NI;NI;NI;NI;NI;NI;NI;NI;NI;NI;NI;NI;NI;NI;NI;NI;NI;NI;NI;NI;NI;NI;NI;NI;NI;NI;NI;NI;NI;NI;NI;NI;NI;NI;NI;NI;NI;NI;NI;NI
EXIM CORRETORA DE CAMBIO LTDA;73.302.408;n2;I;2;S4;21;PORTO ALEGRE;RS;09/2020;0;NA;NA;NA;NA;NA;NA;NA;NA;NA;NA;NA;NA;NA;NA;NA;NA;NA;NA;NA;NA;NA;NA;NA;NA;NA;NA;NA;NA;NA;NA;NA;NA;NA;NA;NA;NA;NA;NA;NA;NA;NA;NA;NA;NA;NA;NA;NA;NA;NA;NA;NA;NA;NA;NA;NA;NA;NA
B&T CORRETORA DE CAMBIO LTDA.;73.622.748;n2;I;2;S4;21;RIO DE JANEIRO;RJ;09/2020;0;NA;NA;NA;NA;NA;NA;NA;NA;NA;NA;NA;NA;NA;NA;NA;NA;NA;NA;NA;NA;NA;NA;NA;NA;NA;NA;NA;NA;NA;NA;NA;NA;NA;NA;NA;NA;NA;NA;NA;NA;NA;NA;NA;NA;NA;NA;NA;NA;NA;NA;NA;NA;NA;NA;NA;NA;NA
DOURADA CORRETORA DE CÂMBIO LTDA.;76.641.497;n2;I;2;S4;21;CURITIBA;PR;09/2020;0;NA;NA;NA;NA;NA;NA;NA;NA;NA;NA;NA;NA;NA;NA;NA;NA;NA;NA;NA;NA;NA;NA;NA;NA;NA;NA;NA;NA;NA;NA;NA;NA;NA;NA;NA;NA;NA;NA;NA;NA;NA;NA;NA;NA;NA;NA;NA;NA;NA;NA;NA;NA;NA;NA;NA;NA;NA
DEBONI DISTRIBUIDORA DE TITULOS E VALORES MOBILIARIOS LTDA;77.162.881;n2;I;2;S4;16;CURITIBA;PR;09/2020;0;NI;NI;NI;NI;NI;NI;NI;NI;NI;NI;NI;NI;NI;NI;NI;NI;NI;NI;NI;NI;NI;NI;NI;NI;NI;NI;NI;NI;NI;NI;NI;NI;NI;NI;NI;NI;NI;NI;NI;NI;NI;NI;NI;NI;NI;NI;NI;NI;NI;NI;NI;NI;NI;NI;NI;NI;NI
COOPERATIVA CENTRAL DE CRÉDITO DE SANTA CATARINA E RIO GRANDE DO SUL - SICOOB CENTRAL SC/RS;80.160.260;b3C;I;2;S4;9;FLORIANOPOLIS;SC;09/2020;0;0;0;0;0;0;0;0;0;0;0;0;0;0;0;0;0;0;0;0;0;0;0;0;0;0;0;0;0;0;0;0;0;0;0;0;0;0;0;0;0;0;0;0;0;0;0;0;0;0;0;0;0;0;0;0;0;0
CORREPARTI CORRETORA DE CAMBIO LTDA;80.202.872;n2;I;2;S4;21;SAO JOSE DOS PINHAIS;PR;09/2020;0;NA;NA;NA;NA;NA;NA;NA;NA;NA;NA;NA;NA;NA;NA;NA;NA;NA;NA;NA;NA;NA;NA;NA;NA;NA;NA;NA;NA;NA;NA;NA;NA;NA;NA;NA;NA;NA;NA;NA;NA;NA;NA;NA;NA;NA;NA;NA;NA;NA;NA;NA;NA;NA;NA;NA;NA;NA
COOPERATIVA CENTRAL DE CRÉDITO, POUPANÇA E INVESTIMENTO DOS ESTADOS DO PARANÁ, SÃO PAULO E RIO DE JANEIRO - CENTRAL SICREDI PR/SP/RJ;80.230.774;b3C;I;2;S3;9;CURITIBA;PR;09/2020;0;0;0;0;0;0;0;0;0;0;0;0;0;0;0;0;0;0;0;0;0;0;0;0;0;0;0;0;0;0;0;0;0;0;0;0;0;0;0;0;0;0;0;0;0;0;0;0;0;0;0;0;0;0;0;0;0;0
COOPERATIVA CENTRAL DE ECONOMIA E CRÉDITO MÚTUO DAS UNICREDS DO ESTADO DO RIO DE JANEIRO E DO MATO GROSSO LTDA   UNICRED CENTRAL RJ/MT;86.774.775;b3C;I;2;S4;9;RIO DE JANEIRO;RJ;09/2020;0;NI;NI;NI;NI;NI;NI;NI;NI;NI;NI;NI;NI;NI;NI;NI;NI;NI;NI;NI;NI;NI;NI;NI;NI;NI;NI;NI;NI;NI;NI;NI;NI;NI;NI;NI;NI;NI;NI;NI;NI;NI;NI;NI;NI;NI;NI;NI;NI;NI;NI;NI;NI;NI;NI;NI;NI;NI
COMPANHIA PROVINCIA DE CREDITO IMOBILIARIO;87.091.716;n1;I;2;S4;31;PORTO ALEGRE;RS;09/2020;0;0;0;0;0;0;0;0;0;0;0;0;0;0;0;0;0;0;0;0;0;0;0;0;0;0;0;0;0;0;0;0;0;0;0;0;0;0;0;0;0;0;0;0;0;0;0;0;0;0;0;0;0;0;0;0;0;0
COOPERATIVA CENTRAL DE CRÉDITO, POUPANÇA E INVESTIMENTO DO SUL E SUDESTE - CENTRAL SICREDI SUL/SUDESTE;87.437.687;b3C;I;2;S3;9;PORTO ALEGRE;RS;09/2020;0;NI;NI;NI;NI;NI;NI;NI;NI;NI;NI;NI;NI;NI;NI;NI;NI;NI;NI;NI;NI;NI;NI;NI;NI;NI;NI;NI;NI;NI;NI;NI;NI;NI;NI;NI;NI;NI;NI;NI;NI;NI;NI;NI;NI;NI;NI;NI;NI;NI;NI;NI;NI;NI;NI;NI;NI;NI
MAGNETIS - DISTRIBUIDORA DE TÍTULOS E VALORES MOBILIÁRIOS LTDA;87.963.450;n2;I;3;S4;16;SAO PAULO;SP;09/2020;0;NI;NI;NI;NI;NI;NI;NI;NI;NI;NI;NI;NI;NI;NI;NI;NI;NI;NI;NI;NI;NI;NI;NI;NI;NI;NI;NI;NI;NI;NI;NI;NI;NI;NI;NI;NI;NI;NI;NI;NI;NI;NI;NI;NI;NI;NI;NI;NI;NI;NI;NI;NI;NI;NI;NI;NI;NI
EBADIVAL - E. BAGGIO DISTRIBUIDORA DE TÍTULOS E VALORES MOBILIÁRIOS LTDA.;89.784.367;n2;I;2;S5;16;CURITIBA;PR;09/2020;0;NI;NI;NI;NI;NI;NI;NI;NI;NI;NI;NI;NI;NI;NI;NI;NI;NI;NI;NI;NI;NI;NI;NI;NI;NI;NI;NI;NI;NI;NI;NI;NI;NI;NI;NI;NI;NI;NI;NI;NI;NI;NI;NI;NI;NI;NI;NI;NI;NI;NI;NI;NI;NI;NI;NI;NI;NI
RB CAPITAL INVESTIMENTOS DISTRIBUIDORA DE TÍTULOS E VALORES MOBILIÁRIOS LIMITADA;89.960.090;n2;I;2;S4;16;SAO PAULO;SP;09/2020;0;NI;NI;NI;NI;NI;NI;NI;NI;NI;NI;NI;NI;NI;NI;NI;NI;NI;NI;NI;NI;NI;NI;NI;NI;NI;NI;NI;NI;NI;NI;NI;NI;NI;NI;NI;NI;NI;NI;NI;NI;NI;NI;NI;NI;NI;NI;NI;NI;NI;NI;NI;NI;NI;NI;NI;NI;NI
BANCO FORD S.A.;90.731.688;b2;I;3;S4;8;SAO BERNARDO DO CAMPO;SP;09/2020;0;0;0;0;0;0;0;0;0;0;0;0;0;0;0;0;0;0;0;0;0;0;0;0;0;0;0;0;0;0;0;0;0;0;0;0;0;0;0;0;0;0;0;0;0;0;0;0;0;0;0;0;0;0;0;0;0;0
ADVANCED CORRETORA DE CÂMBIO LTDA;92.856.905;n2;I;2;S4;21;SAO PAULO;SP;09/2020;0;NA;NA;NA;NA;NA;NA;NA;NA;NA;NA;NA;NA;NA;NA;NA;NA;NA;NA;NA;NA;NA;NA;NA;NA;NA;NA;NA;NA;NA;NA;NA;NA;NA;NA;NA;NA;NA;NA;NA;NA;NA;NA;NA;NA;NA;NA;NA;NA;NA;NA;NA;NA;NA;NA;NA;NA;NA
CORRETORA GERAL DE VALORES E CÂMBIO LTDA;92.858.380;n2;I;2;S4;15;PORTO ALEGRE;RS;09/2020;0;NI;NI;NI;NI;NI;NI;NI;NI;NI;NI;NI;NI;NI;NI;NI;NI;NI;NI;NI;NI;NI;NI;NI;NI;NI;NI;NI;NI;NI;NI;NI;NI;NI;NI;NI;NI;NI;NI;NI;NI;NI;NI;NI;NI;NI;NI;NI;NI;NI;NI;NI;NI;NI;NI;NI;NI;NI
WARREN CORRETORA DE VALORES MOBILIÁRIOS E CÂMBIO LTDA.;92.875.780;n2;I;2;S4;15;PORTO ALEGRE;RS;09/2020;0;NI;NI;NI;NI;NI;NI;NI;NI;NI;NI;NI;NI;NI;NI;NI;NI;NI;NI;NI;NI;NI;NI;NI;NI;NI;NI;NI;NI;NI;NI;NI;NI;NI;NI;NI;NI;NI;NI;NI;NI;NI;NI;NI;NI;NI;NI;NI;NI;NI;NI;NI;NI;NI;NI;NI;NI;NI
ORLA DISTRIBUIDORA DE TÍTULOS E VALORES MOBILIÁRIOS S.A.;92.904.564;n2;I;2;S4;16;RIO DE JANEIRO;RJ;09/2020;0;NI;NI;NI;NI;NI;NI;NI;NI;NI;NI;NI;NI;NI;NI;NI;NI;NI;NI;NI;NI;NI;NI;NI;NI;NI;NI;NI;NI;NI;NI;NI;NI;NI;NI;NI;NI;NI;NI;NI;NI;NI;NI;NI;NI;NI;NI;NI;NI;NI;NI;NI;NI;NI;NI;NI;NI;NI
DECYSEO CORRETORA DE CAMBIO LTDA.;94.968.518;n2;I;2;S4;21;SAO PAULO;SP;09/2020;0;NA;NA;NA;NA;NA;NA;NA;NA;NA;NA;NA;NA;NA;NA;NA;NA;NA;NA;NA;NA;NA;NA;NA;NA;NA;NA;NA;NA;NA;NA;NA;NA;NA;NA;NA;NA;NA;NA;NA;NA;NA;NA;NA;NA;NA;NA;NA;NA;NA;NA;NA;NA;NA;NA;NA;NA;NA
SOLIDEZ - CORRETORA DE CÂMBIO, TÍTULOS E VALORES MOBILIÁRIOS LTDA;96.477.906;n2;I;2;S4;15;SAO PAULO;SP;09/2020;0;0;0;0;0;0;0;0;0;0;0;0;0;0;0;0;0;0;0;0;0;0;0;0;0;0;0;0;0;0;0;0;0;0;0;0;0;0;0;0;0;0;0;0;0;0;0;0;0;0;0;0;0;0;0;0;0;0
HP FINANCIAL SERVICES ARRENDAMENTO MERCANTIL S.A.;97.406.706;n1;I;3;S4;19;BARUERI;SP;09/2020;0;0;0;0;0;0;0;0;0;0;0;0;0;0;0;0;0;0;0;0;0;0;0;0;0;0;0;0;0;0;0;0;0;0;0;0;0;0;0;0;0;0;0;0;0;0;0;0;0;0;0;0;0;0;0;0;0;0
MOMENTO DISTRIBUIDORA DE TITULOS E VALORES MOBILIARIOS LTDA;97.447.304;n2;I;2;S4;16;RIO DE JANEIRO;RJ;09/2020;0;NI;NI;NI;NI;NI;NI;NI;NI;NI;NI;NI;NI;NI;NI;NI;NI;NI;NI;NI;NI;NI;NI;NI;NI;NI;NI;NI;NI;NI;NI;NI;NI;NI;NI;NI;NI;NI;NI;NI;NI;NI;NI;NI;NI;NI;NI;NI;NI;NI;NI;NI;NI;NI;NI;NI;NI;NI
BANCO SUMITOMO MITSUI BRASILEIRO S.A.;60.518.222;b1;I;3;S3;8;SAO PAULO;SP;09/2020;0;0;0;0;0;0;0;0;0;0;0;0;0;0;0;0;0;0;0;0;0;0;0;0;0;0;0;0;0;0;0;0;0;0;0;0;0;0;0;0;0;0;0;0;0;0;0;0;0;0;0;0;0;0;0;0;0;0
DEUTSCHE BANK S.A. - BANCO ALEMAO;62.331.228;b1;I;3;S3;8;SAO PAULO;SP;09/2020;0;0;0;0;0;0;0;0;0;0;0;0;0;0;0;0;0;0;0;0;0;0;0;0;0;0;0;0;0;0;0;0;0;0;0;0;0;0;0;0;0;0;0;0;0;0;0;0;0;0;0;0;0;0;0;0;0;0
TERRA;52.113;n2;C;2;S4;196;SAO PAULO;SP;09/2020;NI;NI;NI;NI;NI;NI;NI;NI;NI;NI;NI;NI;NI;NI;NI;NI;NI;NI;NI;NI;NI;NI;NI;NI;NI;NI;NI;NI;NI;NI;NI;NI;NI;NI;NI;NI;NI;NI;NI;NI;NI;NI;NI;NI;NI;NI;NI;NI;NI;NI;NI;NI;NI;NI;NI;NI;NI;NI
GUIDE RBDTVM;52.065;n2;C;3;S4;196;SAO PAULO;SP;09/2020;NI;NI;NI;NI;NI;NI;NI;NI;NI;NI;NI;NI;NI;NI;NI;NI;NI;NI;NI;NI;NI;NI;NI;NI;NI;NI;NI;NI;NI;NI;NI;NI;NI;NI;NI;NI;NI;NI;NI;NI;NI;NI;NI;NI;NI;NI;NI;NI;NI;NI;NI;NI;NI;NI;NI;NI;NI;NI
INTL FCSTONE;52.041;b2;C;3;S4;198;SAO PAULO;SP;09/2020;NI;NI;NI;NI;NI;NI;NI;NI;NI;NI;NI;NI;NI;NI;NI;NI;NI;NI;NI;NI;NI;NI;NI;NI;NI;NI;NI;NI;NI;NI;NI;NI;NI;NI;NI;NI;NI;NI;NI;NI;NI;NI;NI;NI;NI;NI;NI;NI;NI;NI;NI;NI;NI;NI;NI;NI;NI;NI
UBS;51.877;b2;C;3;S4;198;SAO PAULO;SP;09/2020;NI;NI;NI;NI;NI;NI;NI;NI;NI;NI;NI;NI;NI;NI;NI;NI;NI;NI;NI;NI;NI;NI;NI;NI;NI;NI;NI;NI;NI;NI;NI;NI;NI;NI;NI;NI;NI;NI;NI;NI;NI;NI;NI;NI;NI;NI;NI;NI;NI;NI;NI;NI;NI;NI;NI;NI;NI;NI
BNY MELLON;51.808;b1;C;3;S4;199;RIO DE JANEIRO;RJ;09/2020;NI;NI;NI;NI;NI;NI;NI;NI;NI;NI;NI;NI;NI;NI;NI;NI;NI;NI;NI;NI;NI;NI;NI;NI;NI;NI;NI;NI;NI;NI;NI;NI;NI;NI;NI;NI;NI;NI;NI;NI;NI;NI;NI;NI;NI;NI;NI;NI;NI;NI;NI;NI;NI;NI;NI;NI;NI;NI
WESTERN UNION;51.767;b1;C;3;S4;199;SAO PAULO;SP;09/2020;NI;NI;NI;NI;NI;NI;NI;NI;NI;NI;NI;NI;NI;NI;NI;NI;NI;NI;NI;NI;NI;NI;NI;NI;NI;NI;NI;NI;NI;NI;NI;NI;NI;NI;NI;NI;NI;NI;NI;NI;NI;NI;NI;NI;NI;NI;NI;NI;NI;NI;NI;NI;NI;NI;NI;NI;NI;NI
BEXS;51.743;b2;C;2;S4;198;SAO PAULO;SP;09/2020;NI;NI;NI;NI;NI;NI;NI;NI;NI;NI;NI;NI;NI;NI;NI;NI;NI;NI;NI;NI;NI;NI;NI;NI;NI;NI;NI;NI;NI;NI;NI;NI;NI;NI;NI;NI;NI;NI;NI;NI;NI;NI;NI;NI;NI;NI;NI;NI;NI;NI;NI;NI;NI;NI;NI;NI;NI;NI
FINAXIS;51.688;b1;C;2;S4;199;CURITIBA;PR;09/2020;NI;NI;NI;NI;NI;NI;NI;NI;NI;NI;NI;NI;NI;NI;NI;NI;NI;NI;NI;NI;NI;NI;NI;NI;NI;NI;NI;NI;NI;NI;NI;NI;NI;NI;NI;NI;NI;NI;NI;NI;NI;NI;NI;NI;NI;NI;NI;NI;NI;NI;NI;NI;NI;NI;NI;NI;NI;NI
CONFIDENCE;51.671;b2;C;2;S4;198;SAO PAULO;SP;09/2020;NI;NI;NI;NI;NI;NI;NI;NI;NI;NI;NI;NI;NI;NI;NI;NI;NI;NI;NI;NI;NI;NI;NI;NI;NI;NI;NI;NI;NI;NI;NI;NI;NI;NI;NI;NI;NI;NI;NI;NI;NI;NI;NI;NI;NI;NI;NI;NI;NI;NI;NI;NI;NI;NI;NI;NI;NI;NI
COINVALORES;51.561;n2;C;2;S5;196;SAO PAULO;SP;09/2020;NI;NI;NI;NI;NI;NI;NI;NI;NI;NI;NI;NI;NI;NI;NI;NI;NI;NI;NI;NI;NI;NI;NI;NI;NI;NI;NI;NI;NI;NI;NI;NI;NI;NI;NI;NI;NI;NI;NI;NI;NI;NI;NI;NI;NI;NI;NI;NI;NI;NI;NI;NI;NI;NI;NI;NI;NI;NI
MORGAN STANLEY;51.413;b1;C;3;S3;199;SAO PAULO;SP;09/2020;NI;NI;NI;NI;NI;NI;NI;NI;NI;NI;NI;NI;NI;NI;NI;NI;NI;NI;NI;NI;NI;NI;NI;NI;NI;NI;NI;NI;NI;NI;NI;NI;NI;NI;NI;NI;NI;NI;NI;NI;NI;NI;NI;NI;NI;NI;NI;NI;NI;NI;NI;NI;NI;NI;NI;NI;NI;NI
PLANNER;51.341;n1;C;2;S4;197;SAO PAULO;SP;09/2020;NI;NI;NI;NI;NI;NI;NI;NI;NI;NI;NI;NI;NI;NI;NI;NI;NI;NI;NI;NI;NI;NI;NI;NI;NI;NI;NI;NI;NI;NI;NI;NI;NI;NI;NI;NI;NI;NI;NI;NI;NI;NI;NI;NI;NI;NI;NI;NI;NI;NI;NI;NI;NI;NI;NI;NI;NI;NI
CM CAPITAL MARKETS;51.248;n2;C;3;S4;196;SAO PAULO;SP;09/2020;NI;NI;NI;NI;NI;NI;NI;NI;NI;NI;NI;NI;NI;NI;NI;NI;NI;NI;NI;NI;NI;NI;NI;NI;NI;NI;NI;NI;NI;NI;NI;NI;NI;NI;NI;NI;NI;NI;NI;NI;NI;NI;NI;NI;NI;NI;NI;NI;NI;NI;NI;NI;NI;NI;NI;NI;NI;NI
H.H.PICCHIONI;30.829;n2;C;2;S4;196;BELO HORIZONTE;MG;09/2020;NI;NI;NI;NI;NI;NI;NI;NI;NI;NI;NI;NI;NI;NI;NI;NI;NI;NI;NI;NI;NI;NI;NI;NI;NI;NI;NI;NI;NI;NI;NI;NI;NI;NI;NI;NI;NI;NI;NI;NI;NI;NI;NI;NI;NI;NI;NI;NI;NI;NI;NI;NI;NI;NI;NI;NI;NI;NI
