Instituição;Código;TCB;TD;TC;SR;Segmento;Cidade;UF;Data;Total Geral;AA;A;B;C;D;E;F;G;H;Total Exterior
ITAU;10.069;b1;C;2;S1;199;SAO PAULO;SP;09/2021;855.078.950;254.602.689;166.763.055;34.448.635;27.969.022;9.228.782;4.135.879;5.767.094;5.193.105;11.603.670;335.367.019
CAIXA ECONÔMICA FEDERAL;51.626;b1;C;1;S1;199;BRASILIA;DF;09/2021;835.860.012;430.967.561;133.504.726;110.466.312;95.241.421;27.637.500;8.040.016;7.545.362;9.217.399;13.239.714;0
BB;49.906;b1;C;1;S1;199;BRASILIA;DF;09/2021;731.579.277;314.027.123;71.167.685;167.266.612;91.323.039;15.986.628;7.489.412;2.258.417;3.227.260;27.692.183;31.140.919
BRADESCO;10.045;b1;C;2;S1;199;OSASCO;SP;09/2021;626.658.738;160.630.045;122.056.175;125.036.303;70.579.370;20.304.045;8.261.869;4.805.971;4.618.704;17.605.634;92.760.621
SANTANDER;30.379;b1;C;3;S1;199;SAO PAULO;SP;09/2021;449.279.468;150.762.757;123.290.754;42.643.411;31.239.964;12.655.652;4.661.851;3.979.310;3.746.185;11.164.829;65.134.754
BANCO NACIONAL DE DESENVOLVIMENTO ECONOMICO E SOCIAL;33.657.248;b4;I;1;S2;4;RIO DE JANEIRO;RJ;09/2021;271.051.609;37.803.582;104.171.407;75.717.120;19.602.614;13.839.635;5.099.253;2.423.253;813.522;11.581.223;0
SAFRA;10.083;b1;C;2;S2;199;SAO PAULO;SP;09/2021;101.732.583;52.811.940;4.169.022;27.434.666;4.629.725;755.756;204.987;1.076.637;178.363;818.909;9.652.577
BTG PACTUAL;49.944;b1;C;2;S1;199;RIO DE JANEIRO;RJ;09/2021;95.122.789;18.268.054;41.361.413;10.187.773;2.316.663;1.077.235;608.791;763.233;467.224;1.400.273;18.672.129
VOTORANTIM;51.011;b1;C;2;S2;199;SAO PAULO;SP;09/2021;62.004.778;2.364.763;26.154.161;12.103.798;11.984.966;2.022.192;1.788.140;448.873;2.093.221;1.919.512;1.125.153
BANRISUL;30.173;b1;C;1;S2;199;PORTO ALEGRE;RS;09/2021;38.596.796;4.009.640;20.829.884;8.628.159;1.476.394;677.195;254.343;200.080;575.357;1.807.753;137.991
DAYCOVAL;51.987;b1;C;2;S3;199;SAO PAULO;SP;09/2021;36.367.338;4.604.660;12.520.367;15.150.435;2.075.019;515.245;190.606;144.004;89.865;560.418;516.719
BANCO RABOBANK INTERNATIONAL BRASIL S.A.;1.023.570;b1;I;3;S3;8;SAO PAULO;SP;09/2021;27.522.732;6.421.030;5.608.766;12.164.395;1.057.620;666.185;390.834;629.527;195.667;388.708;0
CITIBANK;30.403;b1;C;3;S2;199;SAO PAULO;SP;09/2021;25.476.695;12.245.895;10.449.143;2.265.100;243.770;159.970;81.837;508;25.841;4.631;0
BANCO VOLKSWAGEN S.A.;59.109.165;b2;I;3;S3;8;SAO PAULO;SP;09/2021;22.178.346;4.503.428;13.163.866;2.280.081;1.105.520;410.749;113.052;183.876;59.237;358.536;0
ABC-BRASIL;41.856;b1;C;3;S3;199;SAO PAULO;SP;09/2021;21.746.543;3.208.127;7.085.357;7.179.757;1.293.589;233.657;202.723;154.702;89.029;241.392;2.058.211
BRB;31.976;b1;C;1;S3;199;BRASILIA;DF;09/2021;19.649.340;12.470.721;3.408.785;2.166.466;898.761;260.784;88.728;66.041;55.181;233.873;0
NU PAGAMENTOS S.A. - INSTITUIÇÃO DE PAGAMENTO;18.236.120;n4;I;2;S4;41;SAO PAULO;SP;09/2021;19.004.400;0;18.878.796;2.994;3.034;1.284;615;690;725;116.261;0
BANCO COOPERATIVO SICREDI S.A.;1.181.521;b1;I;2;S3;11;PORTO ALEGRE;RS;09/2021;16.479.867;12.962.314;3.323.718;109.152;82.960;234;115;67;152;1.154;0
BANCO DO NORDESTE DO BRASIL S.A.;7.237.373;b1;I;1;S2;8;FORTALEZA;CE;09/2021;14.828.044;4.262.495;8.035.338;686.517;796.115;249.247;86.402;171.281;55.082;485.568;0
BNP PARIBAS;51.516;b1;C;3;S3;199;SAO PAULO;SP;09/2021;14.777.993;5.483.914;8.147.267;277.618;313.697;41.870;17.633;53.396;37.048;405.551;0
BANCO SICOOB;51.750;b1;C;2;S3;199;BRASILIA;DF;09/2021;14.700.756;1.082.586;10.203.108;1.928.851;1.068.329;234.193;103.141;32.127;12.186;36.234;0
INTER;51.884;b1;C;2;S3;199;BELO HORIZONTE;MG;09/2021;14.531.554;5.458.856;7.437.719;566.087;542.135;134.200;106.356;64.033;58.334;163.836;0
MERCEDES-BENZ;51.262;b2;C;3;S3;198;SAO PAULO;SP;09/2021;14.185.561;728.131;7.723.237;4.114.812;547.001;309.739;407.838;84.264;214.723;55.815;0
XP;52.120;b1;C;2;S3;199;RIO DE JANEIRO;RJ;09/2021;13.578.116;12.027.729;1.524.144;17.574;6.255;1.300;958;90;33;34;0
BANCO REGIONAL DE DESENVOLVIMENTO DO EXTREMO SUL;92.816.560;b4;I;1;S3;5;PORTO ALEGRE;RS;09/2021;13.229.456;6.094.047;5.189.921;1.123.179;377.217;161.390;25.831;16.627;59.657;181.586;0
ORIGINAL;51.781;b1;C;2;S3;199;SAO PAULO;SP;09/2021;12.952.718;2.629.665;6.162.126;520.017;742.102;329.679;327.153;129.487;115.930;158.739;1.837.821
BMG;30.290;b1;C;2;S3;199;SAO PAULO;SP;09/2021;12.869.607;471.840;9.946.606;224.653;217.703;64.921;93.747;96.899;61.383;471.631;1.220.225
ALFA;51.293;b1;C;2;S3;199;SAO PAULO;SP;09/2021;12.808.461;2.372.020;9.397.762;685.095;262.704;48.237;5.305;8.699;6.451;22.189;0
PORTO SEGURO;51.444;n1;C;2;S3;197;SAO PAULO;SP;09/2021;12.192.373;312.367;10.169.582;240.899;527.746;242.746;159.955;113.498;82.102;343.477;0
BANCO CSF S.A.;8.357.240;b2;I;3;S3;8;SAO PAULO;SP;09/2021;12.131.014;0;9.768.068;284.234;242.700;243.369;285.937;196.991;192.707;917.008;0
BANCO CNH INDUSTRIAL CAPITAL S.A.;2.992.446;b2;I;3;S3;8;CURITIBA;PR;09/2021;11.988.188;1.610.073;5.368.043;2.493.692;1.634.499;516.314;211.687;68.731;13.065;72.083;0
C6 BANK;52.072;b1;C;2;S4;199;SAO PAULO;SP;09/2021;11.360.804;94.941;10.321.316;373.838;112.797;66.290;65.845;94.289;47.744;183.743;0
CREDIT SUISSE;30.771;b1;C;3;S3;199;SAO PAULO;SP;09/2021;11.235.987;6.498.036;4.407.603;31.656;4.165;4.204;0;0;48.963;497;240.862
CCB;32.119;b1;C;3;S3;199;SAO PAULO;SP;09/2021;9.748.950;1.944.742;2.989.313;2.303.336;149.586;5.287;1.354;7.738;63.933;199.898;2.083.763
BOCOM;52.003;b1;C;3;S3;199;SALVADOR;BA;09/2021;9.648.968;2.334.503;2.694.167;721.099;209.455;857;15.161;9.016;0;2.803;3.661.908
BANCO DA AMAZONIA S.A.;4.902.979;b1;I;1;S3;2;BELEM;PA;09/2021;9.375.026;1.837.510;4.225.534;1.426.202;1.238.620;178.044;284.069;22.751;27.488;134.807;0
BANCO JOHN DEERE S.A.;91.884.981;b1;I;3;S3;8;INDAIATUBA;SP;09/2021;8.472.081;794.911;2.279.986;2.510.875;2.538.997;114.284;31.552;43.798;32.009;125.670;0
MERCANTIL DO BRASIL;20.152;b1;C;2;S3;199;BELO HORIZONTE;MG;09/2021;8.114.074;266.879;6.838.310;231.878;143.980;122.956;65.080;88.691;150.052;206.248;0
BANCO DO ESTADO DO PARÁ S.A.;4.913.711;b1;I;1;S3;8;BELEM;PA;09/2021;8.005.843;4.655.163;2.910.823;109.287;77.067;64.788;17.715;20.228;49.048;101.725;0
BANCO DE LAGE LANDEN BRASIL S.A.;5.040.481;b2;I;3;S4;8;PORTO ALEGRE;RS;09/2021;7.811.144;0;5.322.730;1.907.221;461.767;34.541;29.010;12.230;13.243;30.402;0
BANCO VOLVO BRASIL S.A.;58.017.179;b2;I;3;S4;8;CURITIBA;PR;09/2021;7.460.516;1.832.040;2.480.923;2.043.147;727.937;205.672;55.936;28.005;12.153;74.702;0
NUBANK;52.058;n1;C;2;S4;197;SAO PAULO;SP;09/2021;7.166.559;0;5.563.001;264.200;304.006;190.773;162.995;145.743;127.998;407.843;0
BANCO GM S.A.;59.274.605;b2;I;3;S3;8;SAO PAULO;SP;09/2021;7.116.793;37.894;4.440.899;551.889;1.555.167;283.085;63.088;41.379;30.571;112.822;0
BANCO TOYOTA DO BRASIL S.A.;3.215.790;b2;I;3;S3;8;SAO PAULO;SP;09/2021;6.492.804;580.072;3.476.106;1.127.915;1.057.600;183.667;22.316;8.684;9.248;27.196;0
COOPERATIVA DE CREDITO VALE DO ITAJAI - VIACREDI;82.639.451;b3S;I;2;S4;9;BLUMENAU;SC;09/2021;6.211.047;102.687;3.921.920;1.081.347;432.326;212.845;105.039;83.903;63.638;207.342;0
BANESTES;30.159;b1;C;1;S3;199;VITORIA;ES;09/2021;6.110.839;2.625.689;1.667.766;980.209;434.846;93.932;31.073;50.179;78.709;148.438;0
SCANIA BANCO S.A.;11.417.016;b2;I;3;S4;8;SAO BERNARDO DO CAMPO;SP;09/2021;6.080.239;443.099;2.098.024;3.228.979;260.653;25.387;7.468;754;2.298;13.578;0
SOFISA;31.873;b1;C;2;S4;199;SAO PAULO;SP;09/2021;5.880.909;1.281;4.688.094;715.606;312.062;73.375;62.568;4.518;4.265;19.140;0
BANCO DE DESENVOLVIMENTO DE MINAS GERAIS S.A.-BDMG;38.486.817;b4;I;1;S3;5;BELO HORIZONTE;MG;09/2021;5.876.438;2.032.267;1.514.353;862.416;643.940;208.060;122.567;13.826;228.452;250.556;0
PARANÁ BANCO;30.881;b1;C;2;S4;199;CURITIBA;PR;09/2021;5.813.685;0;5.497.935;91.437;66.223;29.815;28.632;21.810;17.649;60.183;0
AGIBANK;51.956;b1;C;2;S4;199;CAMPINAS;SP;09/2021;5.470.317;0;4.828.912;177.721;84.974;68.678;47.771;44.413;41.633;176.216;0
BANCO FIDIS S/A;62.237.425;b2;I;3;S4;8;BETIM;MG;09/2021;5.020.985;0;4.711.681;278.547;11.057;15.660;4.040;0;0;0;0
OMNI;50.940;b1;C;2;S4;199;SAO PAULO;SP;09/2021;4.806.294;1.414;787.528;1.813.615;1.166.851;436.495;106.004;79.491;70.699;344.198;0
INDUSTRIAL DO BRASIL;50.988;b1;C;2;S4;199;SAO PAULO;SP;09/2021;4.541.199;3.147.844;1.048.789;169.224;43.070;51.586;7.629;10.844;2.620;14.924;44.668
MASTER;50.201;b1;C;2;S4;199;RIO DE JANEIRO;RJ;09/2021;4.483.716;2.756.866;1.027.293;451.336;116.146;27.337;21.770;37.809;14.657;30.501;0
MIDWAY S.A. - CRÉDITO, FINANCIAMENTO E INVESTIMENTO;9.464.032;n1;I;2;S4;14;SAO PAULO;SP;09/2021;4.428.122;0;3.419.047;127.435;126.005;89.616;76.892;72.256;71.314;445.557;0
PINE;50.304;b1;C;2;S3;199;SAO PAULO;SP;09/2021;4.203.988;476.397;1.083.312;1.282.722;996.597;74.176;55.010;90.472;93.640;26.809;24.852
JP MORGAN CHASE;20.107;b1;C;3;S3;199;SAO PAULO;SP;09/2021;4.170.444;3.371.818;377.338;198.545;10.959;0;0;211.784;0;0;0
COOPERATIVA DE CRÉDITO, POUPANÇA E INVESTIMENTO OURO VERDE DO MATO GROSSO - SICREDI OURO VERDE MT;26.529.420;b3S;I;2;S4;9;LUCAS DO RIO VERDE;MT;09/2021;4.077.782;246.340;1.987.765;1.389.465;211.037;111.207;29.011;19.543;11.264;72.150;0
COOPERATIVA DE CREDITO CREDICITRUS;54.037.916;b3S;I;2;S4;9;BEBEDOURO;SP;09/2021;4.016.747;939.900;1.468.981;793.827;415.702;117.854;72.124;24.210;18.437;165.711;0
HONDA;51.396;b2;C;3;S4;198;SAO PAULO;SP;09/2021;3.986.418;10;1.844.156;105.596;1.646.884;138.520;67.771;41.347;28.474;113.661;0
BANCO FIBRA S.A.;58.616.418;b1;I;2;S3;8;SAO PAULO;SP;09/2021;3.917.850;2.500.149;700.456;600.171;25.699;14.455;1.026;4.197;20.011;14.556;37.130
SICOOB COCRED COOPERATIVA DE CRÉDITO;71.328.769;b3S;I;2;S4;9;SERTAOZINHO;SP;09/2021;3.851.957;75.876;1.807.734;897.858;566.216;207.107;61.588;29.124;9.407;197.048;0
REALIZE CRÉDITO, FINANCIAMENTO E INVESTIMENTO S.A.;27.351.731;n1;I;3;S4;14;PORTO ALEGRE;RS;09/2021;3.750.204;0;2.816.156;149.743;145.932;114.427;75.129;57.813;54.326;336.678;0
COOPERATIVA DE CRÉDITO, POUPANÇA E INVESTIMENTO VANGUARDA DA REGIÃO DAS CATARATAS DO IGUAÇU E VALE DO PARAÍBA - SICREDI VANGUARDA PR/SP/RJ;78.414.067;b3S;I;2;S4;9;MEDIANEIRA;PR;09/2021;3.688.704;81.536;1.910.006;1.246.998;224.815;97.499;38.468;23.961;16.706;48.715;0
COOPERATIVA DE CRÉDITO, POUPANÇA E INVESTIMENTO VALE DO PIQUIRI ABCD - SICREDI VALE DO PIQUIRI ABCD PR/SP;81.099.491;b3S;I;2;S4;9;PALOTINA;PR;09/2021;3.560.394;143.495;1.678.574;1.256.453;251.530;113.802;32.852;14.349;18.477;50.862;0
COOPERATIVA DE CRÉDITO, POUPANÇA E INVESTIMENTO UNIÃO PARANÁ/SÃO PAULO - SICREDI UNIÃO PR/SP;79.342.069;b3S;I;2;S4;9;MARINGA;PR;09/2021;3.508.717;348.903;2.270.295;561.257;145.485;58.753;33.887;15.493;14.744;59.900;0
COOPERATIVA DE CRÉDITO MAXI ALFA DE LIVRE ADMISSÃO DE ASSOCIADOS - SICOOB MAXICRÉDITO;78.825.270;b3S;I;2;S5;9;CHAPECO;SC;09/2021;3.432.584;252.902;1.116.356;926.953;792.275;154.858;52.924;26.907;8.869;100.540;0
COOPERATIVA DE CRÉDITO DE LIVRE ADMISSÃO DO SUDOESTE DA AMAZÔNIA LTDA. - SICOOB CREDISUL.;3.632.872;b3S;I;2;S5;9;VILHENA;RO;09/2021;3.260.068;335.901;1.070.894;953.131;674.068;99.455;26.157;21.754;16.986;61.721;0
BANCO DO ESTADO DE SERGIPE S.A.;13.009.717;b1;I;1;S4;8;ARACAJU;SE;09/2021;3.198.519;1.167.075;1.115.006;532.782;198.124;58.416;24.041;27.550;22.900;52.624;0
CREDIT AGRICOLE;51.066;b1;C;3;S3;199;SAO PAULO;SP;09/2021;3.196.420;3.135.819;0;0;0;0;0;0;0;60.601;0
BANCO SUMITOMO MITSUI BRASILEIRO S.A.;60.518.222;b1;I;3;S3;8;SAO PAULO;SP;09/2021;3.183.778;2.424.041;708.073;13.495;0;0;0;0;0;0;38.169
COOPERATIVA DE CRÉDITO SICREDI SERRANA RS/ES;90.608.712;b3S;I;2;S4;9;CARLOS BARBOSA;RS;09/2021;2.910.400;25.809;1.299.942;1.045.782;329.735;121.766;45.084;13.989;6.583;21.708;0
BANCO CATERPILLAR S.A.;2.658.435;b2;I;3;S4;8;SAO PAULO;SP;09/2021;2.883.999;172.366;2.002.728;474.471;154.868;32.050;28.648;795;15.941;2.133;0
BANCO CARGILL S.A.;3.609.817;b1;I;3;S4;8;SAO PAULO;SP;09/2021;2.845.076;1.297.935;1.107.331;242.369;101.824;0;5.671;3.786;86.161;0;0
COOPERATIVA DE CRÉDITO, POUPANÇA E INVESTIMENTO UNIÃO DE ESTADOS RIO GRANDE DO SUL, SANTA CATARINA E MINAS GERAIS - SICREDI UNIESTADOS;87.780.268;b3S;I;2;S4;9;ERECHIM;RS;09/2021;2.843.184;96.158;1.339.506;1.095.523;188.654;46.696;28.169;9.860;9.018;29.600;0
ASSOCIACAO DE POUPANCA E EMPRESTIMO - POUPEX;655.522;n1;I;2;S3;25;BRASILIA;DF;09/2021;2.817.492;1.876.974;798.713;70.158;26.872;8.961;3.244;1.715;854;30.001;0
COOPERATIVA DE CRÉDITO DE LIVRE ADMISSÃO DO SUDOESTE GOIANO;24.795.049;b3S;I;2;S5;9;RIO VERDE;GO;09/2021;2.723.435;1.039;452.214;846.278;1.275.456;87.266;18.892;15.735;10.584;15.969;0
BANCO MUFG BRASIL S.A.;60.498.557;b1;I;3;S3;8;SAO PAULO;SP;09/2021;2.637.119;2.572.978;0;64.141;0;0;0;0;0;0;0
COOPERATIVA DE CRéDITO, POUPANçA E INVESTIMENTO UNIãO - SICREDI UNIAO RS/ES;88.894.548;b3S;I;2;S4;9;CERRO LARGO;RS;09/2021;2.628.179;115.989;1.382.304;953.384;87.991;31.827;12.686;6.779;11.028;26.190;0
BANCO TRIANGULO S.A.;17.351.180;b1;I;2;S4;8;UBERLANDIA;MG;09/2021;2.606.209;642.690;1.220.006;223.798;307.504;43.926;33.816;29.286;30.158;75.026;0
COOPERATIVA DE CRÉDITO DE LIVRE ADMISSÃO CENTRO BRASILEIRA LTDA.;37.395.399;b3S;I;2;S5;9;GOIANIA;GO;09/2021;2.595.667;282.896;702.251;670.577;653.414;115.038;29.720;33.872;11.967;95.932;0
COOPERATIVA DE CRÉDITO, POUPANÇA E INVESTIMENTO SICREDI PIONEIRA RS - SICREDI PIONEIRA RS;91.586.982;b3S;I;2;S4;9;NOVA PETROPOLIS;RS;09/2021;2.583.727;196.090;1.395.026;620.048;215.211;98.333;18.827;6.313;6.267;27.611;0
COOPERATIVA DE CRÉDITO, POUPANÇA E INVESTIMENTO VALE DO CERRADO - SICREDI VALE DO CERRADO;32.983.165;b3S;I;2;S4;9;CAMPO VERDE;MT;09/2021;2.537.181;62.774;1.093.266;973.232;191.446;74.035;19.843;20.109;24.832;77.643;0
COOPERATIVA DE CRÉDITO, POUPANÇA E INVESTIMENTO DO SUDOESTE MT/PA - SICREDI SUDOESTE MT/PA;32.995.755;b3S;I;2;S4;9;TANGARA DA SERRA;MT;09/2021;2.482.780;85.479;1.411.110;642.601;175.533;65.612;26.962;10.666;15.970;48.848;0
BANCO IBM S.A.;34.270.520;b2;I;3;S4;8;RIO DE JANEIRO;RJ;09/2021;2.478.147;2.213.619;210.301;44.100;4.928;607;11;0;0;4.582;0
COOPERATIVA DE CRÉDITO, POUPANÇA E INVESTIMENTO CAMPOS GERAIS - SICREDI CAMPOS GERAIS PR/SP;81.466.286;b3S;I;2;S4;9;PONTA GROSSA;PR;09/2021;2.447.669;98.633;1.523.460;612.932;112.320;45.593;20.341;7.495;7.602;19.294;0
COOPERATIVA DE CRÉDITO, POUPANÇA E INVESTIMENTO DO CENTRO SUL DO MATO GROSSO DO SUL - SICREDI CENTRO-SUL MS;26.408.161;b3S;I;2;S4;9;DOURADOS;MS;09/2021;2.437.611;43.067;1.257.970;908.612;134.281;36.960;25.638;10.106;6.229;14.747;0
COOPERATIVA DE CRÉDITO, POUPANÇA E INVESTIMENTO DO ARAGUAIA E XINGU - SICREDI ARAXINGU;33.021.064;b3S;I;2;S4;9;CANARANA;MT;09/2021;2.436.693;50.676;1.035.706;1.113.881;134.994;36.808;13.560;4.833;5.806;40.430;0
COOPERATIVA DE CRÉDITO, POUPANÇA E INVESTIMENTO PLANALTO - SICREDI PLANALTO RS/MG;88.038.260;b3S;I;2;S4;9;CRUZ ALTA;RS;09/2021;2.403.949;37.507;547.385;1.406.787;293.460;56.701;19.554;3.162;8.640;30.753;0
BANCO RODOBENS S.A.;33.603.457;b1;I;2;S4;8;SAO PAULO;SP;09/2021;2.327.348;328.895;1.192.562;622.261;78.780;19.304;9.843;21.889;44.913;8.902;0
BANCO DIGIMAIS S.A.;92.874.270;b1;I;3;S4;8;SAO PAULO;SP;09/2021;2.323.504;27.978;1.458.654;387.027;220.026;77.900;47.257;26.058;21.735;56.869;0
BMW;51.420;n1;C;3;S4;197;SAO PAULO;SP;09/2021;2.290.197;54.944;1.012.522;896.715;289.909;6.875;18.559;1.565;2.459;6.649;0
UNIPRIME NORTE DO PARANÁ - COOPERATIVA DE CRÉDITO LTDA;2.398.976;b3S;I;2;S4;9;LONDRINA;PR;09/2021;2.270.789;0;1.343.242;693.547;137.487;30.903;16.851;10.766;2.679;35.315;0
BANCO DIGIO S.A.;27.098.060;b2;I;3;S4;8;BARUERI;SP;09/2021;2.213.104;0;1.625.037;56.630;58.297;119.659;59.642;48.783;47.177;197.880;0
SICOOB CREDICOM - COOPERATIVA DE ECONOMIA E CREDITO MUTUO DOS MEDICOS E PROFISSIONAIS DA AREA DE SAUDE DO BRASIL LTDA.;42.898.825;b3S;I;2;S5;9;BELO HORIZONTE;MG;09/2021;2.184.347;24.963;989.575;484.276;569.854;76.848;12.870;9.579;4.449;11.933;0
COOPERATIVA DE CRÉDITO, POUPANÇA E INVESTIMENTO NORTE MATO-GROSSENSE E OESTE PARAENSE - SICREDI GRANDES RIOS MT/PA;37.442.605;b3S;I;2;S4;9;COLIDER;MT;09/2021;2.165.159;59.932;1.160.082;694.443;143.801;39.130;18.019;8.540;7.912;33.301;0
CREFISA;52.010;b1;C;2;S4;199;SAO PAULO;SP;09/2021;2.117.041;311.901;854.944;91.722;99.630;84.416;217.864;80.369;55.665;320.530;0
COOPERATIVA DE CRÉDITO LESTE CAPIXABA - SICOOB LESTE CAPIXABA;32.430.233;b3S;I;2;S5;9;LINHARES;ES;09/2021;2.096.514;45.328;342.281;425.539;834.941;295.290;49.253;12.954;4.654;86.273;0
INTESA SANPAOLO BRASIL S.A. - BANCO MÚLTIPLO;55.230.916;b1;I;3;S4;8;SAO PAULO;SP;09/2021;2.035.513;1.668.135;105.897;257.938;3.542;0;0;0;0;0;0
FACTA FINANCEIRA S.A. - CRÉDITO FINANCIAMENTO E INVESTIMENTO;15.581.638;n1;I;2;S4;14;PORTO ALEGRE;RS;09/2021;2.027.053;0;1.625.781;89.528;131.016;39.289;32.375;27.520;17.490;64.055;0
BANCO HSBC S.A.;53.518.684;b1;I;3;S4;8;SAO PAULO;SP;09/2021;1.998.717;623.298;1.321.613;53.806;0;0;0;0;0;0;0
BADESUL DESENVOLVIMENTO S.A - AGÊNCIA DE FOMENTO/RS;2.885.855;n1;I;1;S4;30;PORTO ALEGRE;RS;09/2021;1.992.318;264.016;538.155;591.168;325.190;63.192;14.550;8.410;22.137;165.499;0
DEUTSCHE BANK S.A. - BANCO ALEMAO;62.331.228;b1;I;3;S3;8;SAO PAULO;SP;09/2021;1.991.019;1.718.978;59.780;169.546;0;0;0;0;0;42.715;0
BANCO MIZUHO DO BRASIL S.A.;61.088.183;b1;I;3;S4;8;SAO PAULO;SP;09/2021;1.967.107;1.926.312;40.795;0;0;0;0;0;0;0;0
DESENVOLVE SP - AGÊNCIA DE FOMENTO DO ESTADO DE SÃO PAULO S.A.;10.663.610;n1;I;1;S4;30;SAO PAULO;SP;09/2021;1.966.359;347.220;427.340;385.749;647.712;40.225;11.014;9.201;44.363;53.535;0
PEFISA S.A. - CRÉDITO, FINANCIAMENTO E INVESTIMENTO;43.180.355;n1;I;2;S4;14;SAO PAULO;SP;09/2021;1.957.928;0;1.451.077;64.969;82.368;86.202;52.470;47.176;53.216;120.448;0
COOPERFORTE - COOPERATIVA DE ECONOMIA E CRÉDITO MÚTUO DE FUNCIONÁRIOS DE INSTITUIÇÕES FINANCEIRAS PÚBLICAS FEDERAIS LTDA.;1.658.426;b3S;I;2;S5;9;BRASILIA;DF;09/2021;1.942.337;70.908;991.247;429.619;192.450;105.324;44.090;15.966;33.298;59.434;0
COOPERATIVA DE CRÉDITO, POUPANÇA E INVESTIMENTO UNIÃO DOS ESTADOS DE MATO GROSSO DO SUL, TOCANTINS E OESTE DA BAHIA - SICREDI UNIÃO MS/TO;24.654.881;b3S;I;2;S4;9;CAMPO GRANDE;MS;09/2021;1.937.952;58.559;1.082.741;567.880;119.884;45.848;19.715;6.243;5.659;31.423;0
SOCIETE GENERALE;31.859;b1;C;3;S3;199;SAO PAULO;SP;09/2021;1.907.975;1.082.626;378.315;380.724;48.927;130;2.215;656;0;14.384;0
CREDICOAMO CREDITO RURAL COOPERATIVA;81.723.108;b3S;I;2;S4;9;CAMPO MOURAO;PR;09/2021;1.905.517;233.449;1.043.767;406.784;211.921;8.153;85;358;0;999;0
SCOTIABANK;52.230;b1;C;3;S4;199;SAO PAULO;SP;09/2021;1.887.617;1.761.651;0;0;0;0;0;0;0;125.966;0
COOPERATIVA DE CRÉDITO, POUPANÇA E INVESTIMENTO ALTO URUGUAI - SICREDI ALTO URUGUAI RS/SC/MG;87.733.770;b3S;I;2;S4;9;RODEIO BONITO;RS;09/2021;1.842.495;42.636;821.440;715.619;158.816;48.745;19.745;7.446;8.573;19.476;0
COOPERATIVA DE CRÉDITO SICOOB METROPOLITANO;3.459.850;b3S;I;2;S5;9;MARINGA;PR;09/2021;1.766.292;172.981;452.378;527.941;373.469;70.032;36.452;29.046;24.005;79.987;0
BANCO DA CHINA BRASIL S.A.;10.690.848;b1;I;3;S4;8;SAO PAULO;SP;09/2021;1.734.811;361.477;1.241.821;105.168;0;26.346;0;0;0;0;0
COOPERATIVA DE CRÉDITO, POUPANÇA E INVESTIMENTO CELEIRO CENTRO OESTE - SICREDI CELEIRO CENTRO OESTE;3.566.655;b3S;I;2;S4;9;SAO GABRIEL DO OESTE;MS;09/2021;1.711.645;54.446;901.890;568.902;110.356;24.728;7.184;11.662;7.403;25.075;0
COOPERATIVA DE CRÉDITO, POUPANÇA E INVESTIMENTO SORRISO - SICREDI CELEIRO MT/RR;26.555.235;b3S;I;2;S4;9;SORRISO;MT;09/2021;1.690.753;68.628;798.924;547.834;66.390;92.897;16.576;10.739;21.422;67.343;0
COOPERATIVA DE CRÉDITO DE LIVRE ADMISSÃO DO CENTRO SUL RONDONIENSE - SICOOB CREDIP.;2.015.588;b3S;I;2;S5;9;PIMENTA BUENO;RO;09/2021;1.627.333;20.550;639.602;446.170;369.986;73.119;35.052;12.113;7.012;23.730;0
BANCO YAMAHA MOTOR DO BRASIL S.A.;10.371.492;b2;I;3;S4;8;GUARULHOS;SP;09/2021;1.600.352;198;1.904;1.149.916;323.702;39.928;16.199;11.032;9.365;48.108;0
COOPERATIVA DE CRÉDITO DE LIVRE ADMISSÃO DE ASSOCIADOS SÃO MIGUEL DO OESTE - SICOOB SÃO MIGUEL SC/PR/RS;81.607.046;b3S;I;2;S5;9;SAO MIGUEL D'OESTE;SC;09/2021;1.593.876;253.296;683.164;408.249;180.050;19.264;11.420;8.645;2.588;27.200;0
COOPERATIVA DE CRÉDITO, POUPANÇA E INVESTIMENTO DA REGIÃO DA PRODUÇÃO -  SICREDI REGIÃO DA PRODUÇÃO RS/SC/MG;89.468.565;b3S;I;2;S4;9;SARANDI;RS;09/2021;1.567.355;66.311;786.791;567.022;92.101;28.306;6.622;3.256;4.617;12.328;0
COOPERATIVA DE CRÉDITO SUL-SERRANA DO ESPÍRITO SANTO;815.319;b3S;I;2;S5;9;VENDA NOVA DO IMIGRANTE;ES;09/2021;1.490.178;73.710;353.966;396.663;441.563;118.468;29.766;17.232;14.892;43.916;0
HP FINANCIAL SERVICES ARRENDAMENTO MERCANTIL S.A.;97.406.706;n1;I;3;S4;19;BARUERI;SP;09/2021;1.457.102;20.605;332.404;597.034;337.428;49.562;56.568;1.897;40.974;20.630;0
COOPERATIVA DE CRÉDITO, POUPANÇA E INVESTIMENTO DA REGIÃO ALTOS DA SERRA - SICREDI ALTOS DA SERRA RS/SC;92.555.150;b3S;I;2;S4;9;TAPEJARA;RS;09/2021;1.453.470;30.538;513.195;736.532;113.823;26.198;8.859;6.285;3.659;14.380;0
BANCO LUSO BRASILEIRO S.A.;59.118.133;b1;I;2;S4;8;SAO PAULO;SP;09/2021;1.448.910;0;476.615;733.166;170.312;32.135;14.390;2.120;6.939;13.232;0
COOPERATIVA DE CRÉDITO, POUPANÇA E INVESTIMENTO FRONTEIRAS DO PARANÁ, SANTA CATARINA E SÃO PAULO - SICREDI FRONTEIRAS PR/SC/SP;82.527.557;b3S;I;2;S4;9;CAPANEMA;PR;09/2021;1.438.835;69.205;681.176;504.052;109.695;28.068;13.972;7.055;7.275;18.338;0
COOPERATIVA DE CRÉDITO, POUPANÇA E INVESTIMENTO UNIVALES - SICREDI UNIVALES MT/RO;70.431.630;b3S;I;2;S4;9;JUINA;MT;09/2021;1.429.409;17.583;562.996;608.021;174.186;22.296;11.379;9.179;5.825;17.943;0
NOVO BANCO CONTINENTAL S.A. - BANCO MÚLTIPLO;74.828.799;b1;I;3;S4;8;PORTO ALEGRE;RS;09/2021;1.383.091;38.061;1.244.475;38.307;23.480;6.824;20.803;2.988;3.047;5.108;0
COOPERATIVA DE CRÉDITO E INVESTIMENTO DE LIVRE ADMISSÃO AGROEMPRESARIAL - SICREDI AGROEMPRESARIAL PR/SP;79.457.883;b3S;I;2;S4;9;MANDAGUARI;PR;09/2021;1.332.913;52.594;840.347;314.295;70.165;22.208;9.809;3.881;3.803;15.810;0
COOPERATIVA DE CRÉDITO, POUPANÇA E INVESTIMENTO DAS REGIÕES CENTRO DO RS E MG - SICREDI REGIÃO CENTRO RS/MG;95.594.941;b3S;I;2;S4;9;SANTA MARIA;RS;09/2021;1.331.653;29.468;574.934;518.725;116.330;24.121;21.462;5.574;8.758;32.279;0
COOPERATIVA DE CRÉDITO, POUPANÇA E INVESTIMENTO SICREDI EVOLUÇÃO - SICREDI EVOLUÇÃO;35.571.249;b3S;I;2;S5;9;JOAO PESSOA;PB;09/2021;1.326.970;18.062;939.397;149.504;71.880;78.343;22.976;7.025;9.622;30.160;0
AGÊNCIA DE FOMENTO DO PARANÁ S.A.;3.584.906;n1;I;1;S4;30;CURITIBA;PR;09/2021;1.325.118;162.376;756.526;243.986;94.556;18.071;7.453;6.319;4.997;30.834;0
COOPERATIVA DE CRÉDITO, POUPANÇA E INVESTIMENTO OURO BRANCO - SICREDI OURO BRANCO RS;87.853.206;b3S;I;2;S4;9;TEUTONIA;RS;09/2021;1.316.511;26.679;608.959;350.906;144.508;122.682;29.010;11.102;4.861;17.802;0
BANCO PACCAR S.A.;28.517.628;b2;I;3;S4;8;PONTA GROSSA;PR;09/2021;1.312.759;109.886;218.617;964.780;6.386;1.318;0;0;0;11.772;0
COOPERATIVA DE CREDITO, POUPANÇA E INVESTIMENTO ALIANÇA - SICREDI ALIANÇA PR/SP;79.052.122;b3S;I;2;S4;9;MARECHAL CANDIDO RONDON;PR;09/2021;1.310.818;44.124;644.255;441.068;107.411;34.763;11.022;5.979;6.145;16.050;0
COOPERATIVA DE CRÉDITO ALIANÇA RS/SC/ES - SICREDI ALIANÇA RS/SC/ES;87.795.639;b3S;I;2;S4;9;MARAU;RS;09/2021;1.284.694;46.469;709.069;429.445;50.251;18.956;8.089;4.835;5.613;11.967;0
COOPERATIVA DE CRÉDITO ARACOOP LTDA. - SICOOB ARACOOP;3.320.525;b3S;I;2;S5;9;ARAGUARI;MG;09/2021;1.279.209;15.963;626.487;341.975;171.525;60.264;11.389;22.858;3.759;24.989;0
COOPERATIVA DE CRÉDITO, POUPANÇA E INVESTIMENTO DA REGIÃO DOS VALES - SICREDI REGIÃO DOS VALES RS;89.126.130;b3S;I;2;S4;9;ENCANTADO;RS;09/2021;1.235.254;32.554;334.061;407.193;256.985;130.720;17.926;14.917;12.087;28.811;0
COOPERATIVA DE CRÉDITO, POUPANÇA E INVESTIMENTO BOTUCARAÍ - SICREDI BOTUCARAÍ RS/MG;87.900.601;b3S;I;2;S4;9;SOLEDADE;RS;09/2021;1.192.315;16.704;332.391;594.087;145.054;60.425;17.769;5.495;5.048;15.344;0
COOPERATIVA DE CRÉDITO, POUPANÇA E INVESTIMENTO INTEGRAÇÃO DE ESTADOS DO RIO GRANDE DO SUL E SANTA CATARINA - SICREDI INTEGRAÇÃO DE ESTADOS RS/SC;87.781.530;b3S;I;2;S4;9;PASSO FUNDO;RS;09/2021;1.183.556;18.000;521.926;517.739;70.799;24.433;9.931;5.309;4.339;11.080;0
COOPERATIVA DE CRÉDITO, POUPANÇA E INVESTIMENTO DE CAMPO GRANDE E REGIÃO - SICREDI CAMPO GRANDE MS;3.042.597;b3S;I;2;S4;9;CAMPO GRANDE;MS;09/2021;1.181.728;31.894;736.097;285.018;43.457;31.719;15.687;7.768;4.762;25.327;0
COOPERATIVA DE CRÉDITO, POUPANÇA E INVESTIMENTO DE IBIRAIARAS - SICREDI IBIRAIARAS RS/MG;89.990.501;b3S;I;2;S4;9;IBIRAIARAS;RS;09/2021;1.174.578;32.578;444.420;560.093;79.259;31.404;10.096;2.898;3.223;10.607;0
COOPERATIVA DE CRÉDITO, POUPANÇA E INVESTIMENTO REGIÕES DAS CULTURAS - SICREDI DAS CULTURAS RS/MG;90.729.369;b3S;I;2;S4;9;IJUI;RS;09/2021;1.172.996;24.760;458.421;533.550;92.501;25.286;10.818;6.363;3.166;18.131;0
COOPERATIVA DE CREDITO, POUPANCA E INVESTIMENTO IGUACU - SICREDI IGUACU PR/SC/SP;84.974.278;b3S;I;2;S4;9;SAO JOAO;PR;09/2021;1.165.591;36.108;506.204;457.633;104.697;23.018;13.356;3.371;2.749;18.455;0
COOPERATIVA DE CRÉDITO, POUPANÇA E INVESTIMENTO ESSÊNCIA RS/ES - SICREDI ESSÊNCIA;87.733.077;b3S;I;2;S4;9;ITAQUI;RS;09/2021;1.153.213;49.189;549.798;379.200;73.723;50.675;10.870;4.129;4.872;30.756;0
COOPERATIVA DE CRÉDITO SUL DO ESPÍRITO SANTO - SICOOB SUL;32.467.086;b3S;I;2;S5;9;CACHOEIRO DE ITAPEMIRIM;ES;09/2021;1.122.649;84.202;346.466;267.570;285.951;57.016;20.928;8.002;5.770;46.745;0
COOPERATIVA DE CRÉDITO, POUPANÇA E INVESTIMENTO DO NOROESTE DE MATO GROSSO, ACRE E AMAZONAS - SICREDI BIOMAS;33.022.690;b3S;I;2;S4;9;ARAPUTANGA;MT;09/2021;1.109.460;32.490;627.756;326.279;72.787;15.911;8.213;4.265;3.894;17.865;0
COOPERATIVA DE CRÉDITO DE LIVRE ADMISSÃO DE ASSOCIADOS DO ALTO URUGUAI CATARINENSE - SICOOB CREDIAUC;78.840.071;b3S;I;2;S5;9;CONCORDIA;SC;09/2021;1.101.614;202.395;417.362;304.368;123.254;22.396;7.324;4.011;2.775;17.728;0
COOPERATIVA DE CRÉDITO SICOOB OURO VERDE;5.582.619;b3S;I;2;S5;9;LONDRINA;PR;09/2021;1.073.671;104.059;398.344;259.560;195.643;34.403;24.227;16.005;7.990;33.439;0
COOPERATIVA DE CRéDITO, POUPANçA E INVESTIMENTO INTERESTADOS - SICREDI INTERESTADOS RS/ES;90.497.256;b3S;I;2;S4;9;PELOTAS;RS;09/2021;1.059.655;27.462;573.719;334.769;56.309;24.870;14.539;4.459;4.754;18.775;0
COOPERATIVA DE CRÉDITO INTEGRAÇÃO ROTA DAS TERRAS - SICREDI INTEGRAÇÃO ROTA DAS TERRAS RS/MG;87.510.475;b3S;I;2;S4;9;TAPERA;RS;09/2021;1.052.722;55.991;400.720;454.666;80.877;23.427;13.254;5.656;3.458;14.673;0
COOPERATIVA DE CRÉDITO UNICRED VALOR CAPITAL LTDA - UNICRED VALOR CAPITAL;74.064.502;b3S;I;2;S5;9;FLORIANOPOLIS;SC;09/2021;1.042.096;274.502;383.932;248.741;79.104;20.130;14.806;5.376;1.757;13.746;0
COOPERATIVA DE CRÉDITO, POUPANÇA E INVESTIMENTO NOROESTE RS - SICREDI NOROESTE RS;89.049.738;b3S;I;2;S4;9;TRES DE MAIO;RS;09/2021;1.041.495;34.107;435.241;379.305;90.681;62.300;16.933;5.127;1.850;15.952;0
BANCO RANDON S.A.;11.476.673;b2;I;2;S4;8;CAXIAS DO SUL;RS;09/2021;1.040.575;0;395.175;613.177;24.317;303;4.698;77;43;2.784;0
COOPERATIVA DE CRÉDITO, POUPANÇA E INVESTIMENTO RAÍZES - SICREDI RAÍZES RS/SC/MG;88.099.247;b3S;I;2;S4;9;CAMPO NOVO;RS;09/2021;1.039.112;44.955;375.840;443.121;79.328;59.913;13.685;3.372;2.975;15.924;0
COOPERATIVA DE CRÉDITO DO VALE DO ITAJAÍ E LITORAL CATARINENSE - SICREDI VALE LITORAL SC;10.348.181;b3S;I;2;S4;9;ITAPEMA;SC;09/2021;1.030.583;32.964;475.363;340.197;91.183;51.299;11.795;5.307;8.459;14.017;0
BOFA MERRILL LYNCH;51.255;b1;C;3;S3;199;SAO PAULO;SP;09/2021;1.021.615;897.727;81.500;42.388;0;0;0;0;0;0;0
COOPERATIVA DE CRÉDITO DE LIVRE ADMISSÃO DO CENTRO NORTE GOIANO;2.282.709;b3S;I;2;S5;9;ANAPOLIS;GO;09/2021;1.009.031;182.325;333.108;242.174;190.028;29.354;10.997;6.136;4.037;10.873;0
COOPERATIVA DE CRÉDITO, POUPANÇA E INVESTIMENTO DE LAJEADO - SICREDI INTEGRAÇÃO RS/MG;91.159.764;b3S;I;2;S4;9;LAJEADO;RS;09/2021;997.400;21.750;549.270;325.337;52.878;19.735;11.512;4.382;753;11.784;0
COOPERATIVA DE CRÉDITO DE LIVRE ADMISSÃO DE ASSOCIADOS DO VALE DO CANOINHAS - SICOOB CREDICANOINHAS/SC;78.834.975;b3S;I;2;S5;9;CANOINHAS;SC;09/2021;980.774;115.339;326.788;257.165;163.524;67.308;18.867;7.591;5.885;18.306;0
COOPERATIVA DE CRÉDITO, POUPANÇA E INVESTIMENTO SUL RIOGRANDENSE - SICREDI UNIÃO METROPOLITANA RS;92.796.564;b3S;I;2;S4;9;PORTO ALEGRE;RS;09/2021;973.711;62.836;578.746;210.767;55.361;31.252;11.134;4.077;3.086;16.453;0
COOPERATIVA DE CRÉDITO, POUPANÇA E INVESTIMENTO PROGRESSO - SICREDI PROGRESSO PR/SP;76.059.997;b3S;I;2;S4;9;TOLEDO;PR;09/2021;970.742;28.295;514.032;296.257;70.807;25.304;11.028;8.016;2.613;14.391;0
COOPERATIVA DE CREDITO CENTRO-SERRANA DO ESPIRITO SANTO - SICOOB CENTRO-SERRANO;31.804.966;b3S;I;2;S5;9;SANTA MARIA DE JETIBA;ES;09/2021;963.884;23.193;219.159;283.773;273.753;70.149;21.646;25.940;6.753;39.517;0
COOPERATIVA DE CRÉDITO, POUPANÇA E INVESTIMENTO DO NORTE E NORDESTE DE SANTA CATARINA - SICREDI NORTE SC;2.843.443;b3S;I;2;S4;9;JOINVILLE;SC;09/2021;942.745;32.327;552.553;245.753;57.822;18.956;9.405;3.613;7.553;14.764;0
COOPERATIVA DE CRÉDITO UNICRED UNIÃO LTDA - UNICRED UNIÃO;74.114.042;b3S;I;2;S5;9;ITAJAI;SC;09/2021;942.706;173.406;342.632;236.214;132.945;29.057;9.812;3.522;2.005;13.111;0
COOPERATIVA DE CREDITO, POUPANÇA E INVESTIMENTO PARQUE DAS ARAUCARIAS - SICREDI PARQUE DAS ARAUCARIAS PR/SC/SP;82.065.285;b3S;I;2;S4;9;MARIOPOLIS;PR;09/2021;931.052;90.336;478.024;244.794;67.093;18.101;10.806;4.613;4.719;12.566;0
BARIGUI;51.774;b1;C;2;S4;199;CURITIBA;PR;09/2021;928.180;39.015;638.438;154.595;67.620;9.914;7.002;4.411;2.436;4.749;0
COOPERATIVA DE CREDITO COM INTERACAO SOLIDARIA PIONEIRA - CRESOL PIONEIRA;971.300;b3S;I;2;S5;9;DOIS VIZINHOS;PR;09/2021;914.741;0;411.054;453.624;22.210;7.253;4.443;2.917;2.268;10.972;0
MODAL;51.963;b1;C;2;S4;199;RIO DE JANEIRO;RJ;09/2021;912.672;523.408;165.781;213.046;1.970;2.641;2.277;831;695;2.025;0
COOPERATIVA DE CRÉDITO DE CASCAVEL E REGIÃO - SICOOB CREDICAPITAL;4.529.074;b3S;I;2;S5;9;CASCAVEL;PR;09/2021;888.847;58.804;255.213;289.514;223.495;32.204;11.383;5.683;4.181;8.371;0
COOPERATIVA DE CREDITO DO ALTO PARANAIBA E REGIÃO LTDA. - SICOOB CREDIPATOS;25.387.671;b3S;I;2;S5;9;PATOS DE MINAS;MG;09/2021;884.223;98.474;362.079;274.540;106.800;24.748;5.227;2.664;2.136;7.555;0
CENTRAL DAS COOPERATIVAS DE ECONOMIA E CREDITO DO ESTADO DE MINAS GERAIS LTDA. - SICOOB CENTRAL CECREMGE;309.024;b3C;I;2;S4;9;BELO HORIZONTE;MG;09/2021;878.992;0;601.869;276.313;810;0;0;0;0;0;0
COOPERATIVA DE ECONOMIA E CREDITO MUTUO DOS MEDICOS DE PORTO ALEGRE LTDA-UNICRED PORTO ALEGRE;94.433.109;b3S;I;2;S5;9;PORTO ALEGRE;RS;09/2021;867.767;176.700;247.539;272.059;135.290;17.700;5.439;4.231;903;7.906;0
COOPERATIVA DE CRÉDITO, POUPANÇA E INVESTIMENTO DO VALE DO RIO PARDO - SICREDI VALE DO RIO PARDO RS;95.424.891;b3S;I;2;S4;9;SANTA CRUZ DO SUL;RS;09/2021;852.786;39.826;413.782;278.435;75.541;20.187;5.634;4.681;3.077;11.622;0
COOPERATIVA DE CRÉDITO POUPANÇA E INVESTIMENTO PANTANAL DO MATO GROSSO DO SUL - SICREDI PANTANAL MS;26.408.187;b3S;I;2;S4;9;MARACAJU;MS;09/2021;841.360;23.204;372.147;366.985;43.529;11.322;9.167;847;3.683;10.476;0
COOPERATIVA DE CRÉDITO, POUPANÇA E INVESTIMENTO DO PLANALTO CENTRAL - SICREDI PLANALTO CENTRAL;10.736.214;b3S;I;2;S4;9;CRISTALINA;GO;09/2021;841.039;23.831;359.994;305.238;87.513;18.883;16.333;7.173;4.877;17.197;0
COOPERATIVA DE CRÉDITO DE LIVRE ADMISSÃO DA ZONA DA MATA LTDA   SICOOB COOPEMATA;2.335.109;b3S;I;2;S5;9;CATAGUASES;MG;09/2021;840.384;123.703;269.656;239.466;177.537;14.039;10.131;2.950;546;2.357;0
AGÊNCIA DE FOMENTO DO ESTADO DE SANTA CATARINA S.A.-BADESC;82.937.293;n1;I;1;S4;30;FLORIANOPOLIS;SC;09/2021;834.615;166.977;352.776;218.310;33.639;19.427;822;782;52;41.829;0
SICREDI EXPANSÃO - COOPERATIVA DE CRÉDITO;41.180.092;b3S;I;2;S5;9;MACEIO;AL;09/2021;824.137;15.265;583.388;125.777;53.145;17.666;11.192;3.484;5.568;8.652;0
COOPERATIVA DE CRÉDITO SICOOB VALE SUL;2.466.552;b3S;I;2;S5;9;FRANCISCO BELTRAO;PR;09/2021;823.420;73.949;298.935;287.799;127.723;16.145;4.742;2.742;1.846;9.540;0
COOPERATIVA DE CRÉDITO SICOOB ENGECRED LTDA.;4.388.688;b3S;I;2;S5;9;GOIANIA;GO;09/2021;820.948;0;358.155;365.445;77.177;6.106;5.204;767;2.882;5.211;0
COOPERATIVA DE CRÉDITO DE LIVRE ADMISSÃO DE ASSOCIADOS AURIVERDE -  SICOOB - CREDIAL SC/RS;78.858.107;b3S;I;2;S5;9;CUNHA PORA;SC;09/2021;811.995;116.284;337.407;243.333;93.035;13.857;4.673;1.769;522;1.115;0
COOPERATIVA DE CRÉDITO DE EMPRESÁRIOS - SICOOB/TRANSCREDI;4.247.370;b3S;I;2;S5;9;CONCORDIA;SC;09/2021;807.844;92.891;243.775;298.507;152.535;10.234;3.444;3.233;936;2.290;0
RENDIMENTO;51.468;b1;C;2;S4;199;SAO PAULO;SP;09/2021;807.359;0;454.988;147.860;77.543;56.733;17.743;99;10.669;41.725;0
COOPERATIVA DE CRÉDITO, POUPANÇA E INVESTIMENTO CENTRO SUL - SICREDI CENTRO SUL PR/SC/RJ;78.907.607;b3S;I;2;S4;9;PRUDENTOPOLIS;PR;09/2021;806.006;50.159;429.153;234.194;34.539;22.517;8.810;4.953;3.584;18.097;0
BANCO TOPÁZIO S.A.;7.679.404;b1;I;3;S4;8;PORTO ALEGRE;RS;09/2021;799.270;649.855;42.287;59.562;22.724;4.370;6.581;887;4.403;8.601;0
COOPERATIVA DE CRÉDITO, POUPANÇA E INVESTIMENTO DO SUL DO ESTADO DE SANTA CATARINA - SICREDI SUL SC;3.793.242;b3S;I;2;S4;9;CRICIUMA;SC;09/2021;799.180;52.527;428.493;212.527;61.556;19.395;10.356;3.364;4.204;6.759;0
COOPERATIVA DE CRÉDITO, POUPANÇA E INVESTIMENTO INTEGRAÇÃO DO SUL DE MATO GROSSO, AMAPÁ E PARÁ - SICREDI INTEGRAÇÃO MT/AP/PA;26.549.311;b3S;I;2;S4;9;RONDONOPOLIS;MT;09/2021;797.432;42.003;504.332;163.143;40.728;15.088;5.018;3.871;5.297;17.952;0
COOPERATIVA DE CREDITO DO CENTRO DO ESTADO DE RONDONIA - SICOOB CENTRO;8.044.854;b3S;I;2;S5;9;JI-PARANA;RO;09/2021;793.502;19.158;366.418;228.271;141.380;20.213;4.933;2.916;1.500;8.714;0
COOPERATIVA DE CRÉDITO CENTRO LESTE - SICREDI CENTRO LESTE RS;88.471.024;b3S;I;2;S4;9;CACHOEIRA DO SUL;RS;09/2021;778.608;8.837;329.947;306.444;59.356;44.642;9.676;6.653;4.709;8.343;0
COOPERATIVA DE CRÉDITO CREDIVAR LTDA. - SICOOB CREDIVAR;25.798.596;b3S;I;2;S5;9;VARGINHA;MG;09/2021;768.571;64.974;321.816;168.977;149.985;28.450;13.783;4.904;2.019;13.664;0
COOPERATIVA DE CRÉDITO UNICRED CENTRO-SUL LTDA - UNICRED CENTRO-SUL;75.847;b3S;I;2;S5;9;CRICIUMA;SC;09/2021;768.455;216.153;270.882;185.051;71.474;10.080;8.052;1.608;1.429;3.727;0
COOPERATIVA DE CRÉDITO, POUPANÇA E INVESTIMENTO DE ESPUMOSO - SICREDI ESPUMOSO RS/MG;87.900.411;b3S;I;2;S4;9;ESPUMOSO;RS;09/2021;765.346;9.778;166.427;418.544;78.748;49.018;15.277;2.553;4.353;20.647;0
HAITONG;51.482;b2;C;3;S3;198;SAO PAULO;SP;09/2021;756.326;321.179;15.001;204.631;65.835;36.666;13.144;0;0;0;99.871
COOPERATIVA DE CRÉDITO DE LIVRE ADMISSÃO DO PONTAL DO TRIANGULO LTDA - SICOOB CREDIPONTAL;26.178.533;b3S;I;2;S5;9;ITUIUTABA;MG;09/2021;751.064;122.969;312.761;167.642;102.292;23.757;9.784;949;164;10.746;0
COOPERATIVA DE CRÉDITO DA REGIÃO MERIDIONAL DO BRASIL - SICOOB UNICOOB MERIDIONAL;5.392.810;b3S;I;2;S5;9;TOLEDO;PR;09/2021;737.716;70.579;282.383;210.282;133.701;17.208;8.710;4.812;3.729;6.313;0
COOPERATIVA DE ECONOMIA E CRÉDITO MÚTUO UNICRED INTEGRAÇÃO LTDA.;73.750.424;b3S;I;2;S5;9;CAXIAS DO SUL;RS;09/2021;728.135;129.632;275.988;155.619;124.847;12.541;14.168;2.206;284;12.850;0
COOPERATIVA DE CRéDITO, POUPANçA E INVESTIMENTO CAMINHO DAS ÁGUAS RS - SICREDI CAMINHO DAS ÁGUAS RS;95.213.211;b3S;I;2;S4;9;ROLANTE;RS;09/2021;725.497;12.583;449.845;169.190;52.937;21.698;6.671;2.276;2.159;8.139;0
GRUPO BONSUCESSO - BS2;52.034;b1;C;2;S3;199;BELO HORIZONTE;MG;09/2021;723.624;122.518;404.901;113.454;69.904;1.765;1.827;1.958;369;2.772;4.157
COOPERATIVA DE CRÉDITO, POUPANÇA E INVESTIMENTO NOSSA TERRA - SICREDI NOSSA TERRA PR/SP;81.192.106;b3S;I;2;S4;9;CAFELANDIA;PR;09/2021;721.079;59.773;367.541;209.884;39.957;25.012;3.577;1.980;3.812;9.544;0
ZEMA CRÉDITO, FINANCIAMENTO E INVESTIMENTO S/A;5.351.887;n1;I;2;S4;14;ARAXA;MG;09/2021;719.176;0;404.712;44.473;41.522;31.521;27.320;21.477;22.374;125.777;0
BANCO SEMEAR S.A.;795.423;b1;I;2;S4;8;BELO HORIZONTE;MG;09/2021;718.826;16.525;484.258;118.167;35.760;23.227;10.561;5.961;4.026;20.340;0
COOPERATIVA DE CRÉDITO DE LIVRE ADMISSÃO DO MÉDIO PIRACICABA E DO CIRCUITO DO OURO LTDA. - SICOOB CREDIMEPI;1.644.264;b3S;I;2;S5;9;JOAO MONLEVADE;MG;09/2021;716.557;57.024;181.056;285.187;154.619;26.535;3.514;1.849;382;6.390;0
BANCO MONEO S.A.;7.441.209;b2;I;2;S4;8;CAXIAS DO SUL;RS;09/2021;713.828;13.615;121.061;375.580;144.450;23.612;3.298;18.084;4.194;9.934;0
COOPERATIVA DE CRÉDITO, POUPANÇA E INVESTIMENTO SUL MINAS DO RIO GRANDE DO SUL E MINAS GERAIS - SICREDI SUL MINAS RS/MG.;87.784.088;b3S;I;2;S4;9;ESTACAO;RS;09/2021;706.582;21.128;263.980;345.018;46.951;17.164;5.460;1.189;1.310;4.382;0
COOPERATIVA DE CRÉDITO UNICRED DESBRAVADORA LTDA - UNICRED DESBRAVADORA;1.039.011;b3S;I;2;S5;9;CHAPECO;SC;09/2021;704.637;133.697;270.722;190.551;84.251;8.806;3.480;3.508;972;8.650;0
COOPERATIVA DE CREDITO DE LIVRE ADMISSÃO DE ASSOCIADOS ITAIPU SICOOB CREDITAIPU;81.014.060;b3S;I;2;S5;9;PINHALZINHO;SC;09/2021;701.699;92.495;295.669;182.216;86.665;20.550;6.646;6.829;1.989;8.640;0
BANCO PAULISTA S.A.;61.820.817;b1;I;2;S4;8;SAO PAULO;SP;09/2021;695.929;0;42.965;623.942;25.204;3.117;548;0;0;154;0
GENIAL;51.839;b1;C;2;S4;199;RIO DE JANEIRO;RJ;09/2021;694.222;663.353;30.310;517;0;0;0;0;0;42;0
COOPERATIVA DE CRÉDITO DOS PROPRIETÁRIOS DA INDÚSTRIA DE ROCHAS ORNAMENTAIS, CAL E CALCÁRIOS DO ESTADO DO ESPÍRITO SANTO - SICOOB CREDIROCHAS;3.358.914;b3S;I;2;S5;9;CACHOEIRO DE ITAPEMIRIM;ES;09/2021;694.006;52.459;165.122;187.391;183.792;52.711;13.003;9.099;5.011;25.417;0
COOPERATIVA DE CRÉDITO DO NORTE CATARINENSE E SUL PARANAENSE - SICOOB CREDINORTE;81.011.686;b3S;I;2;S5;9;MAFRA;SC;09/2021;693.037;57.466;289.043;193.350;117.509;15.765;3.885;4.153;2.738;9.126;0
COOPERATIVA DE CRÉDITO NORTE DO ESPÍRITO SANTO - SICOOB NORTE;31.815.293;b3S;I;2;S5;9;SAO GABRIEL DA PALHA;ES;09/2021;692.843;38.121;144.452;206.878;151.563;75.834;18.326;8.231;5.083;44.354;0
COOPERATIVA DE CRÉDITO, POUPANÇA E INVESTIMENTO PARANAPANEMA PR/SP - SICREDI PARANAPANEMA PR/SP;79.086.997;b3S;I;2;S4;9;CAMBARA;PR;09/2021;679.922;16.204;369.308;194.386;54.402;23.065;7.594;4.511;2.474;7.978;0
COOPERATIVA DE CRÉDITO, POUPANÇA E INVESTIMENTO VALE DO JAGUARI E ZONA DA MATA - SICREDI VALE DO JAGUARI E ZONA DA MATA RS/MG;87.780.284;b3S;I;2;S4;9;SANTIAGO;RS;09/2021;679.524;11.440;268.575;315.623;53.499;13.248;7.597;1.118;1.527;6.897;0
COOPERATIVA DE CRÉDITO DE LIVRE ADMISSÃO DA REGIÃO METROPOLITANA DE GOIÂNIA LTDA.;7.599.206;b3S;I;2;S5;9;GOIANIA;GO;09/2021;679.272;127.081;178.423;169.452;123.250;22.445;10.550;4.188;2.901;40.982;0
COOPERATIVA DE CREDITO, POUPANÇA E INVESTIMENTO RIO PARANA - SICREDI RIO PARANA PR/SP;81.206.039;b3S;I;2;S4;9;NOVA LONDRINA;PR;09/2021;677.597;20.552;290.559;251.662;73.415;16.687;7.198;5.785;2.189;9.551;0
COOPERATIVA DE ECONOMIA E CREDITO MUTUO DOS MEDICOS E DEMAIS PROFISSIONAIS DA AREA DE SAUDE DO ESTADO DE SAO PAULO LTDA    UNICRED DO ESTADO DE SAO PAULO;71.884.498;b3S;I;2;S5;9;CAMPINAS;SP;09/2021;676.868;142.945;253.495;144.037;78.620;30.285;10.907;8.922;846;6.812;0
COOPERATIVA DE CRÉDITO DOS MÉDICOS, PROFISSIONAIS DA SAÚDE E EMPRESÁRIOS DE MATO GROSSO;36.900.256;b3S;I;2;S5;9;CUIABA;MT;09/2021;673.078;91.504;194.041;160.133;172.006;20.417;15.828;2.557;2.299;14.295;0
COOPERATIVA DE CRÉDITO SUL - SICOOB SUL;5.888.589;b3S;I;2;S5;9;CURITIBA;PR;09/2021;671.553;56.204;198.124;190.827;149.841;30.488;16.442;8.455;3.215;17.957;0
CARUANA S.A. - SOCIEDADE DE CRÉDITO, FINANCIAMENTO E INVESTIMENTO;9.313.766;n1;I;2;S4;14;SAO PAULO;SP;09/2021;667.499;0;58.423;164.324;294.395;59.887;32.005;15.288;11.519;31.658;0
CREDIARE S.A. - CRÉDITO, FINANCIAMENTO E INVESTIMENTO;5.676.026;n1;I;2;S4;14;FARROUPILHA;RS;09/2021;662.456;2.471;559.861;26.332;13.059;9.900;7.515;6.717;6.654;29.946;0
COOPERATIVA DE CRÉDITO, POUPANÇA E INVESTIMENTO CENTRO SERRA - SICREDI CENTRO SERRA RS;87.067.757;b3S;I;2;S4;9;AGUDO;RS;09/2021;661.925;21.147;229.302;258.549;50.573;75.553;11.387;2.178;1.677;11.559;0
DESENBAHIA - AGENCIA DE FOMENTO DO ESTADO DA BAHIA S.A.;15.163.587;n1;I;1;S4;30;SALVADOR;BA;09/2021;658.409;188.159;180.193;157.492;66.499;30.403;3.206;475;11.730;20.253;0
BANCO DE DESENVOLVIMENTO DO ESPIRITO SANTO S.A.;28.145.829;b4;I;1;S4;5;VITORIA;ES;09/2021;657.827;52.226;260.203;169.342;22.738;7.127;7.258;53.680;13.413;71.839;0
BANCO GUANABARA S.A.;31.880.826;b1;I;2;S4;8;RIO DE JANEIRO;RJ;09/2021;657.433;0;27.974;244.478;301.904;44.479;25.029;1.908;55;11.607;0
COOPERATIVA DE CRÉDITO DE LIVRE ADMISSÃO DO MÉDIO LESTE DE MATO GROSSO - SICOOB PRIMAVERA MT;5.241.619;b3S;I;2;S5;9;PRIMAVERA DO LESTE;MT;09/2021;648.783;88.234;258.538;164.047;109.242;16.627;1.472;1.938;1.411;7.274;0
COOPERATIVA DE CRÉDITO, POUPANÇA E INVESTIMENTO DO NORTE DO PARANÁ E SUL DE SÃO PAULO - SICREDI NORTE SUL PR/SP;79.063.574;b3S;I;2;S4;9;SANTO ANTONIO DA PLATINA;PR;09/2021;642.483;40.189;396.340;146.476;33.977;9.868;3.798;2.920;1.825;7.090;0
COOPERATIVA DE CRÉDITO DOS EMPRESÁRIOS E EMPREGADOS DOS TRANSPORTES E CORREIOS DO SUL DO BRASIL - TRANSPOCRED;8.075.352;b3S;I;2;S5;9;FLORIANOPOLIS;SC;09/2021;641.138;35.258;415.819;111.712;34.319;22.655;5.579;4.406;2.871;8.518;0
VOITER;50.531;b1;C;2;S4;199;SAO PAULO;SP;09/2021;634.298;186.490;184.239;203.738;34.245;700;854;4.267;4.662;15.103;0
WILL FINANCEIRA S.A. CRÉDITO, FINANCIAMENTO E INVESTIMENTO;23.862.762;n1;I;2;S4;14;SAO PAULO;SP;09/2021;632.944;0;254.404;90.459;57.700;57.690;55.693;71.278;45.526;194;0
COOPERATIVA DE CRÉDITO, POUPANÇA E INVESTIMENTO GRANDES LAGOS DO PARANÁ E LITORAL PAULISTA - SICREDI GRANDES LAGOS PR/SP;81.115.149;b3S;I;2;S4;9;LARANJEIRAS DO SUL;PR;09/2021;632.039;20.409;361.920;167.390;47.448;10.478;7.073;4.145;6.150;7.028;0
COOPERATIVA DE CRÉDITO LITORÂNEA;85.291.086;b3S;I;2;S5;9;JACINTO MACHADO;SC;09/2021;628.828;55.289;231.248;153.541;142.673;20.400;10.846;3.900;1.429;9.503;0
COOPERATIVA DE CRÉDITO DE LIVRE ADMISSÃO DO ALTO VALE DO ITAJAÍ - VIACREDI ALTO VALE;16.779.741;b3S;I;2;S5;9;IBIRAMA;SC;09/2021;622.363;13.449;432.835;83.252;32.403;17.305;11.678;9.121;5.847;16.474;0
COOPERATIVA DE CRÉDITO COOPERAÇÃO RS/SC - SICREDI COOPERAÇÃO RS/SC;87.779.625;b3S;I;2;S4;9;NAO-ME-TOQUE;RS;09/2021;620.320;17.977;226.688;319.990;34.798;10.500;2.800;2.196;1.884;3.487;0
COOPERATIVA DE CRÉDITO DA AMAZÔNIA - SICOOB AMAZÔNIA;5.203.605;b3S;I;2;S5;9;BURITIS;RO;09/2021;618.988;48.893;256.190;209.730;75.412;10.382;5.109;2.191;1.831;9.248;0
COOPERATIVA DE CRÉDITO DE LIVRE ADMISSÃO DO ALTO PARANAÍBA, NOROESTE E OESTE DE MINAS LTDA - UNICRED INTEGRAÇÃO DE MINAS;1.727.929;b3S;I;2;S5;9;PATOS DE MINAS;MG;09/2021;618.316;76.497;189.036;186.667;135.057;11.163;4.650;4.050;242;10.954;0
COOPERATIVA DE CRÉDITO DE LIVRE ADMISSÃO DE ASSOCIADOS DO VALE DO VINHO - SICOOB VALE DO VINHO;81.016.131;b3S;I;2;S5;9;VIDEIRA;SC;09/2021;616.907;56.220;197.916;198.782;110.081;24.677;6.680;4.954;3.459;14.139;0
COOPERATIVA DE CRÉDITO COM INTERAÇÃO SOLIDÁRIA DO VALE EUROPEU - CRESOL VALE EUROPEU;7.512.780;b3S;I;2;S5;9;AGUAS MORNAS;SC;09/2021;612.841;0;384.378;197.897;15.668;5.031;2.545;1.339;922;5.061;0
FORTBRASIL ADMINISTRADORA DE CARTOES DE CREDITO S/A;2.732.968;n4;I;2;;41;FORTALEZA;CE;09/2021;604.745;0;437.249;24.556;24.148;17.192;17.814;15.756;15.575;52.456;0
COOPERATIVA DE CREDITO DE LIVRE ADMISSÃO DO SUL DE MINAS LTDA - SICOOB CREDIVASS;1.604.998;b3S;I;2;S5;9;SAO GONCALO DO SAPUCAI;MG;09/2021;590.894;54.063;195.103;218.729;93.475;13.760;6.021;2.450;1.737;5.556;0
COOPERATIVA DE CRÉDITO, POUPANÇA E INVESTIMENTO DO CERRADO DE GOIÁS - SICREDI CERRADO GO;6.332.931;b3S;I;2;S4;9;GOIANIA;GO;09/2021;588.150;18.706;278.073;204.996;40.151;22.234;5.470;3.216;2.791;12.514;0
COOPERATIVA DE CRÉDITO CREDILIVRE LTDA. - SICOOB CREDILIVRE;41.697.103;b3S;I;2;S5;9;MANHUACU;MG;09/2021;587.945;35.825;197.834;176.728;106.000;32.478;9.097;6.318;4.221;19.444;0
COOPERATIVA DE CRÉDITO, POUPANÇA E INVESTIMENTO NOVOS HORIZONTES - SICREDI NOVOS HORIZONTES PR/SP;7.206.072;b3S;I;2;S4;9;ARAPOTI;PR;09/2021;587.027;31.851;361.067;141.413;22.049;12.839;5.757;5.494;1.327;5.229;0
COOPERATIVA DE CRÉDITO COM INTERAÇÃO SOLIDÁRIA FRONTEIRAS PR/SC/SP/ES - CRESOL FRONTEIRAS PR/SC/SP/ES;5.276.770;b3S;I;2;S5;9;REALEZA;PR;09/2021;585.242;0;327.836;221.484;15.492;5.999;2.464;1.904;1.568;8.495;0
BANCO RIBEIRAO PRETO S.A.;517.645;b1;I;2;S4;8;RIBEIRAO PRETO;SP;09/2021;580.089;94.418;343.765;89.368;33.003;6.495;3.683;1.597;1.837;5.923;0
COOPERATIVA DE CRÉDITO DE LIVRE ADMISSÃO DE ASSOCIADOS OESTE CATARINENSE;78.825.023;b3S;I;2;S5;9;PALMITOS;SC;09/2021;575.697;69.333;242.364;134.144;85.972;19.324;7.888;5.966;2.444;8.262;0
COOPERATIVA DE CRÉDITO DE LIVRE ADMISSÃO DA REGIÃO CENTRAL E OESTE MINEIRO LTDA. - SICOOB DIVICRED;1.736.516;b3S;I;2;S5;9;DIVINOPOLIS;MG;09/2021;569.024;73.291;229.773;144.693;91.591;19.971;2.625;999;561;5.520;0
COOPERATIVA DE CRÉDITO DE LIVRE ADMISSÃO DO CENTRO NORTE DOS ESTADOS DE MATO GROSSO E MATO GROSSO DO SUL - SICOOB UNIÃO MT/MS;3.326.437;b3S;I;2;S5;9;CUIABA;MT;09/2021;552.710;83.660;221.294;120.025;89.964;13.888;7.351;4.427;2.290;9.810;0
COOPERATIVA DE CRÉDITO, POUPANÇA E INVESTIMENTO VALOR SUSTENTÁVEL - SICREDI VALOR SUSTENTÁVEL PR/SP;81.706.616;b3S;I;2;S4;9;JANDAIA DO SUL;PR;09/2021;552.288;20.596;229.828;224.748;53.851;11.112;4.198;1.472;1.450;5.034;0
COOPERATIVA DE CRÉDITO DE LIVRE ADMISSÃO DO OESTE MINEIRO LTDA. - SICOOB CREDICOPA;71.297.899;b3S;I;2;S5;9;PATOS DE MINAS;MG;09/2021;544.410;101.186;206.235;137.249;75.746;10.712;3.516;7.138;619;2.009;0
COOPERATIVA DE CRÉDITO UNICRED VALE EUROPEU SANTA CATARINA LTDA - UNICRED VALE EUROPEU;73.443.863;b3S;I;2;S5;9;BLUMENAU;SC;09/2021;542.131;127.097;216.446;122.089;45.005;13.746;5.580;6.861;1.182;4.125;0
BRK S.A. CRÉDITO, FINANCIAMENTO E INVESTIMENTO;12.865.507;n1;I;2;S4;14;SAO PAULO;SP;09/2021;542.054;84.040;57.668;35.528;170.743;168.023;13.413;3.324;1.066;8.249;0
COOPERATIVA DE CRÉDITO DE LIVRE ADMISSÃO DA REGIÃO DO CIRCUITO CAMPOS DAS VERTENTES LTDA - SICOOB COPERMEC;2.232.383;b3S;I;2;S5;9;CLAUDIO;MG;09/2021;538.495;41.285;150.368;191.566;115.936;27.128;4.402;3.991;1.150;2.670;0
COOPERATIVA DE CRÉDITO DE LIVRE ADMISSÃO DE ASSOCIADOS SUL CATARINENSE - SICOOB CREDISULCA SC;81.367.880;b3S;I;2;S5;9;TURVO;SC;09/2021;531.452;87.630;225.047;156.852;52.703;4.153;2.121;1.205;297;1.443;0
COOPERATIVA DE CRÉDITO COM INTERAÇÃO SOLIDÁRIA TRADIÇÃO - CRESOL TRADIÇÃO;4.350.225;b3S;I;2;S5;9;FRANCISCO BELTRAO;PR;09/2021;531.308;0;295.055;210.337;15.070;3.853;3.241;434;371;2.948;0
COOPERATIVA DE CRÉDITO AGROCREDI LTDA. - SICOOB AGROCREDI;42.873.828;b3S;I;2;S4;9;GUAXUPE;MG;09/2021;530.027;56.484;206.375;123.266;94.298;22.708;7.541;4.701;3.482;11.173;0
CREDISIS CREDIARI - COOPERATIVA DE CRÉDITO LTDA.;3.222.753;b3S;I;2;S5;9;ARIQUEMES;RO;09/2021;521.891;0;74.827;388.968;47.757;6.899;1.262;665;699;814;0
COOPERATIVA DE CRÉDITO DA FRONTEIRA SUL - SICREDI FRONTEIRA SUL RS;88.530.142;b3S;I;2;S4;9;BAGE;RS;09/2021;521.420;14.991;261.651;179.195;25.994;20.382;7.436;3.659;2.768;5.343;0
COOPERATIVA DE CRÉDITO, POUPANÇA E INVESTIMENTO DA REGIÃO CENTRO OESTE PAULISTA - SICREDI CENTRO OESTE PAULISTA;4.463.602;b3S;I;2;S4;9;MARILIA;SP;09/2021;508.678;12.224;233.459;153.329;64.613;20.947;8.608;3.223;3.631;8.644;0
COOPERATIVA DE CRÉDITO DE LIVRE ADMISSÃO DO VALE - SICOOB CREDIVALE/SC;86.829.827;b3S;I;2;S5;9;BRACO DO NORTE;SC;09/2021;505.637;57.074;181.139;163.981;72.848;11.008;3.855;5.091;1.405;9.236;0
PORTOCRED S.A. - CREDITO, FINANCIAMENTO E INVESTIMENTO;1.800.019;n1;I;2;S4;14;PORTO ALEGRE;RS;09/2021;503.540;0;322.962;22.882;25.338;16.995;15.167;15.134;12.597;72.465;0
COOPERATIVA DE CRÉDITO DO NORTE E NOROESTE DE MINAS GERAIS LTDA. - SICOOB CREDIGERAIS;698.609;b3S;I;2;S5;9;PARACATU;MG;09/2021;503.018;16.939;145.213;200.352;107.619;14.114;7.301;3.554;1.624;6.303;0
COOPERATIVA CENTRAL DE CRÉDITO - AILOS;5.463.212;b3C;I;2;S4;9;BLUMENAU;SC;09/2021;500.923;0;102.643;398.049;231;0;0;0;0;0;0
COOPERATIVA DE CRÉDITO COM INTERAÇÃO SOLIDÁRIA UNIÃO DOS PINHAIS - CRESOL UNIÃO DOS PINHAIS;2.446.089;b3S;I;2;S5;9;CORONEL VIVIDA;PR;09/2021;495.680;0;231.622;225.244;19.699;6.087;1.504;2.170;1.630;7.724;0
COOPERATIVA DE CREDITO CREDICERIPA - SICOOB CREDICERIPA;966.246;b3S;I;2;S4;9;ITAI;SP;09/2021;492.845;77.518;198.143;138.605;62.284;8.516;1.751;1.044;1.028;3.957;0
SICOOB UNIMAIS MANTIQUEIRA - COOPERATIVA DE CRÉDITO DE LIVRE ADMISSÃO;71.698.674;b3S;I;2;S5;9;TAUBATE;SP;09/2021;489.997;34.834;124.895;158.488;127.205;21.424;9.209;3.889;3.511;6.542;0
COOPERATIVA DE CRÉDITO DE LIVRE ADMISSÃO DO LESTE DE MINAS LTDA. - SICOOB CREDICAF;25.395.435;b3S;I;2;S5;9;LAJINHA;MG;09/2021;483.886;20.238;205.790;153.500;74.622;11.294;2.867;2.580;1.139;11.857;0
COOPERATIVA DE CRÉDITO ALTO VALE DO ITAJAÍ - SICOOB ALTO VALE;80.959.612;b3S;I;2;S5;9;RIO DO SUL;SC;09/2021;483.008;43.937;204.344;150.527;72.080;4.303;1.414;1.048;1.706;3.650;0
COOPERATIVA DE CRÉDITO, POUPANÇA E INVESTIMENTO TERRA DOS PINHEIRAIS DO PARANÁ E NOROESTE PAULISTA - SICREDI PLANALTO DAS ÁGUAS PR/SP;77.984.870;b3S;I;2;S4;9;GUARAPUAVA;PR;09/2021;481.627;28.105;206.715;183.473;32.805;10.730;6.683;2.194;1.777;9.144;0
CREDI-SHOP S/A - INSTITUIÇÃO DE PAGAMENTO;62.895.230;n4;I;2;;41;TERESINA;PI;09/2021;479.190;366.556;44.497;34.343;8.564;3.351;3.599;3.145;3.417;11.719;0
COOPERATIVA DE CRÉDITO COM INTERAÇÃO SOLIDÁRIA INTEGRAÇÃO - CRESOL INTEGRAÇÃO;7.268.499;b3S;I;2;S5;9;TOLEDO;PR;09/2021;479.132;0;274.525;187.552;6.006;3.883;1.091;1.379;729;3.967;0
COOPECREDI GUARIBA - COOPERATIVA DE CREDITO;44.469.161;b3S;I;2;S4;9;GUARIBA;SP;09/2021;478.390;120.903;164.419;99.158;76.933;11.294;461;41;1.078;4.103;0
NEON PAGAMENTOS S.A.;20.855.875;n4;I;2;;41;SAO PAULO;SP;09/2021;473.842;473.842;0;0;0;0;0;0;0;0;0
CHG-MERIDIAN DO BRASIL ARRENDAMENTO MERCANTIL S.A.;18.539.102;n1;I;3;S4;19;BARUERI;SP;09/2021;472.890;332.833;79.997;16.698;40.701;236;2.426;0;0;0;0
COOPERATIVA DE CRéDITO NOROESTE DE MINAS LTDA. - SICOOB NOROESTE DE MINAS;86.564.051;b3S;I;2;S5;9;UNAI;MG;09/2021;470.767;64.802;173.588;94.031;99.440;24.038;8.974;1.182;436;4.277;0
COOPERATIVA DE CREDITO RURAL DE PRIMAVERA DO LESTE;26.563.270;b3S;I;2;S5;9;PRIMAVERA DO LESTE;MT;09/2021;470.277;0;208.999;130.854;84.531;27.267;2.802;1.343;1.882;12.599;0
COOPERATIVA DE CRÉDITO DE LIVRE ADMISSÃO DA UNIÃO DOS VALES DO PIRANGA E MATIPÓ LTDA.   SICOOB UNIÃO;1.060.307;b3S;I;2;S5;9;RAUL SOARES;MG;09/2021;469.727;37.811;171.609;139.622;89.773;12.083;3.593;7.836;1.860;5.539;0
COOPERATIVA DE CRÉDITO E ECONOMIA COM INTERAÇÃO SOLIDÁRIA DO NOROESTE - CRESOL NOROESTE RS/PE/CE;2.663.426;b3S;I;2;S5;9;CONSTANTINA;RS;09/2021;469.272;0;234.723;201.714;24.850;2.280;614;1.624;704;2.762;0
MONEY PLUS;52.137;n1;C;2;S5;197;SAO PAULO;SP;09/2021;460.422;459.018;586;24;59;60;57;90;3;523;0
COOPERATIVA DE CRÉDITO COOPACREDI LTDA. - SICOOB COOPACREDI;65.229.254;b3S;I;2;S5;9;PATROCINIO;MG;09/2021;454.905;77.495;168.485;122.827;59.243;10.879;2.717;3.123;1.018;9.116;0
SOROCRED INSTITUIÇÃO DE PAGAMENTO S.A.;60.114.865;n4;I;2;S4;41;BARUERI;SP;09/2021;453.764;453.764;0;0;0;0;0;0;0;0;0
BANCO KOMATSU DO BRASIL S.A.;23.903.068;b2;I;3;S4;8;SAO PAULO;SP;09/2021;453.328;0;139.042;311.345;1.971;0;0;875;94;0;0
COOPERATIVA DE CRÉDITO CREDIGUAÇU - SICOOB CREDIGUAÇU;67.960.229;b3S;I;2;S4;9;DESCALVADO;SP;09/2021;451.910;65.758;110.551;108.562;128.937;18.414;7.173;3.556;1.614;7.344;0
COOPERATIVA DE CREDITO CREDISUDESTE LTDA. - SICOOB CREDISUDESTE;22.656.789;b3S;I;2;S5;9;MURIAE;MG;09/2021;439.103;23.041;138.167;125.100;101.527;24.880;8.799;5.024;2.228;10.336;0
COOPERATIVA DE CRÉDITO DE LIVRE ADMISSÃO DE ASSOCIADOS DO PLANALTO CATARINENSE SICOOB CREDIPLANALTO SC/RS;1.389.651;b3S;I;2;S5;9;PAPANDUVA;SC;09/2021;438.455;24.422;132.645;125.547;116.666;23.963;7.588;3.722;1.239;2.663;0
UNIPRIME CENTRO-OESTE DO BRASIL - COOPERATIVA DE CRÉDITO;73.647.935;b3S;I;2;S5;9;CAMPO GRANDE;MS;09/2021;431.652;0;155.192;224.439;41.941;4.656;1.171;883;233;3.135;0
COOPERATIVA DE CRÉDITO DE LIVRE ADMISSÃO DA PARAÍBA - SICOOB PARAÍBA;11.907.520;b3S;I;2;S5;9;CAMPINA GRANDE;PB;09/2021;431.315;23.423;71.607;151.472;133.740;24.490;9.419;5.360;1.713;10.091;0
COOPERATIVA DE CRÉDITO COM INTERAÇÃO SOLIDÁRIA LIDERANÇA - CRESOL LIDERANÇA;2.934.201;b3S;I;2;S5;9;CHOPINZINHO;PR;09/2021;429.251;0;234.894;170.178;12.467;2.473;2.143;1.665;929;4.501;0
M PAGAMENTOS S.A. - CRÉDITO FINANCIAMENTO E INVESTIMENTO;7.747.410;n1;I;2;S4;14;BARUERI;SP;09/2021;426.664;0;235.162;24.888;27.227;24.568;22.308;16.596;16.168;59.747;0
SICREDI CEARÁ CENTRO NORTE - COOPERATIVA DE CRÉDITO DA REGIÃO CENTRO NORTE DO CEARÁ;72.257.793;b3S;I;2;S5;9;FORTALEZA;CE;09/2021;426.117;12.264;213.694;128.045;42.242;13.142;5.001;3.140;2.134;6.458;0
COOPERATIVA DE CRÉDITO - SICREDI RIO GRANDE DO NORTE;70.038.237;b3S;I;2;S5;9;NATAL;RN;09/2021;420.270;5.281;204.724;142.558;44.566;9.020;8.111;952;693;4.365;0
COOPERATIVA DE CRÉDITO DOS PROFISSIONAIS DA ÁREA DA SAÚDE E DE LIVRE ADMISSÃO LTDA - UNICRED ALIANÇA;70.937.271;b3S;I;2;S5;9;UBERLANDIA;MG;09/2021;418.026;57.528;122.018;112.594;106.800;10.075;2.489;3.640;302;2.579;0
COOPERATIVA DE CRÉDITO DE LIVRE ADMISSÃO DE ASSOCIADOS - SICOOB CREDICARU SC/RS;694.389;b3S;I;2;S5;9;SAO JOSE DO CERRITO;SC;09/2021;416.004;48.078;164.533;103.245;69.271;16.503;6.583;2.781;1.324;3.687;0
COOPERATIVA DE CRÉDITO RURAL COM INTERAÇÃO SOLIDÁRIA CENTRO-SUL RS/MS - CRESOL CENTRO-SUL RS/MS;2.910.987;b3S;I;2;S5;9;ERECHIM;RS;09/2021;415.574;0;197.686;179.772;20.043;4.388;5.028;1.464;931;6.263;0
ICBC DO BRASIL BANCO MÚLTIPLO S.A.;17.453.575;b1;I;3;S4;8;SAO PAULO;SP;09/2021;415.242;166.926;77.513;26.361;45.758;55.552;0;0;0;43.132;0
COOPERATIVA DE ECONOMIA E CRÉDITO MÚTUO UNICRED PONTO CAPITAL - UNICRED PONTO CAPITAL.;2.641.032;b3S;I;2;S5;9;SANTA MARIA;RS;09/2021;409.029;86.786;119.003;101.493;73.738;9.785;8.164;1.227;1.046;7.788;0
COOPERATIVA DE CRÉDITO CREDIVERTENTES LTDA. - SICOOB CREDIVERTENTES;22.724.710;b3S;I;2;S5;9;SAO TIAGO;MG;09/2021;399.531;31.911;151.162;112.788;68.354;9.792;7.003;4.328;2.283;11.909;0
COOPERATIVA DE CRÉDITO DE LIVRE ADMISSÃO SICOOB ARENITO;7.026.923;b3S;I;2;S5;9;UMUARAMA;PR;09/2021;393.922;55.193;118.779;113.683;80.389;13.538;3.741;2.248;1.752;4.600;0
COOPERATIVA DE CRÉDITO CREDINOR LTDA - SICOOB CREDINOR;21.866.694;b3S;I;2;S5;9;MONTES CLAROS;MG;09/2021;392.665;13.277;103.827;126.739;90.736;20.569;12.907;4.609;2.578;17.423;0
CREDISIS JICRED - COOPERATIVA DE CRÉDITO DE LIVRE ADMISSÃO JICRED;2.309.070;b3S;I;2;S5;9;JI-PARANA;RO;09/2021;391.384;0;166.877;193.095;23.714;3.020;1.072;989;1.222;1.394;0
COOPERATIVA DE CREDITO CREDIMOTA   SICOOB CREDIMOTA;66.788.142;b3S;I;2;S5;9;CANDIDO MOTA;SP;09/2021;389.938;112.305;143.645;76.483;50.072;3.503;652;892;436;1.951;0
COOPERATIVA DE CRÉDITO, POUPANÇA E INVESTIMENTO INTEGRAÇÃO - SICREDI INTEGRAÇÃO PR/SC;81.054.686;b3S;I;2;S4;9;LAPA;PR;09/2021;389.328;18.062;189.673;138.222;19.214;7.893;2.849;2.098;1.761;9.556;0
COOPERATIVA DE ECONOMIA E CRÉDITO MÚTUO DOS MÉDICOS DOS VALES DO TAQUARI E RIO PARDO E REGIÃO DA PRODUÇÃO LTDA;1.635.462;b3S;I;2;S5;9;LAJEADO;RS;09/2021;388.743;88.365;151.266;90.955;45.106;9.210;1.564;399;269;1.609;0
COOPERATIVA DE CRÉDITO, POUPANÇA E INVESTIMENTO SICREDI RECIFE - SICREDI RECIFE;70.241.658;b3S;I;2;S5;9;RECIFE;PE;09/2021;388.618;6.800;333.162;25.934;9.315;9.361;828;689;500;2.029;0
COOPERATIVA DE CRÉDITO SICOOB ALIANÇA;6.174.009;b3S;I;2;S5;9;APUCARANA;PR;09/2021;387.325;26.759;126.062;116.812;97.773;10.149;3.781;1.566;825;3.597;0
STARA FINANCEIRA S.A. - CRÉDITO FINANCIAMENTO E INVESTIMENTO;17.359.351;n1;I;2;S5;14;NAO-ME-TOQUE;RS;09/2021;386.624;11.293;71.691;187.039;115.337;19;0;68;1.177;0;0
COOPERATIVA DE CRÉDITO NOSSOCRÉDITO LTDA - SICOOB NOSSOCRÉDITO;22.760.839;b3S;I;2;S5;9;SAO SEBASTIAO DO PARAISO;MG;09/2021;384.530;45.775;122.115;92.936;70.419;25.873;9.184;2.850;3.284;12.095;0
COOPERATIVA DE CRÉDITO CREDICOCAPEC;67.096.909;b3S;I;2;S4;9;FRANCA;SP;09/2021;380.938;0;190.404;92.482;50.972;20.418;2.393;3.563;40;20.666;0
COOPERATIVA DE CRÉDITO DE LIVRE ADMISSÃO DE BELO HORIZONTE E CIDADES POLO DO ESTADO DE MINAS GERAIS LTDA. - SICOOB NOSSACOOP;1.760.242;b3S;I;2;S5;9;BELO HORIZONTE;MG;09/2021;380.309;31.231;156.194;90.677;69.214;11.555;11.918;3.235;1.126;5.158;0
COOPERATIVA DE CRÉDITO DE LIVRE ADMISSÃO DO VALE DO PARANAÍBA LTDA.;24.799.033;b3S;I;2;S5;9;QUIRINOPOLIS;GO;09/2021;380.247;113.474;168.541;57.687;26.919;5.969;1.305;1.382;146;4.825;0
COOPERATIVA DE CREDITO NOSSO - SICOOB NOSSO;59.869.560;b3S;I;2;S5;9;ADAMANTINA;SP;09/2021;379.484;19.728;133.902;91.999;107.214;14.166;2.260;2.603;417;7.194;0
COOPERATIVA DE CRÉDITO CREDISG LTDA. - SICOOB CREDISG;3.645.752;b3S;I;2;S5;9;SAO GOTARDO;MG;09/2021;375.986;47.025;162.584;89.648;54.401;8.817;783;2.759;194;9.776;0
COOPERATIVA DE CRÉDITO COCRE;54.401.286;b3S;I;2;S4;9;PIRACICABA;SP;09/2021;372.895;60.530;101.727;91.021;68.495;16.987;17.393;5.047;1.096;10.598;0
PAGSEGURO INTERNET S.A.;8.561.701;n4;I;2;S4;41;SAO PAULO;SP;09/2021;372.048;372.048;0;0;0;0;0;0;0;0;0
COOPERATIVA DE CRÉDITO SICREDI PERNAMBUCRED;4.146.333;b3S;I;2;S5;9;RECIFE;PE;09/2021;369.659;956;340.372;11.232;5.895;3.108;1.283;1.233;954;4.625;0
COOPERATIVA DE CRÉDITO INTEGRADO - SICOOB INTEGRADO;7.122.321;b3S;I;2;S5;9;PATO BRANCO;PR;09/2021;369.549;32.979;94.772;107.326;84.811;16.925;13.378;4.189;4.948;10.222;0
DEUTSCHE SPARKASSEN LEASING DO BRASIL BANCO MÚLTIPLO S.A.;23.511.655;b2;I;3;S4;8;SAO PAULO;SP;09/2021;367.537;180.716;146.772;15.574;2.699;10.650;1.795;2.000;4.904;2.427;0
COOPERATIVA DE CRÉDITO DE LIVRE ADMISSÃO UNIÃO E NEGÓCIOS - SICOOB INTEGRAÇÃO;8.742.188;b3S;I;2;S5;9;CUIABA;MT;09/2021;365.333;46.112;94.906;87.439;73.325;22.457;7.009;4.589;11.222;18.274;0
KREDILIG S.A. - CRÉDITO, FINANCIAMENTO E INVESTIMENTO;6.040.559;n1;I;2;S5;14;BIGUACU;SC;09/2021;363.567;0;272.360;21.060;9.547;8.007;7.662;6.298;5.758;32.874;0
COOPERATIVA DE CRÉDITO DE LIVRE ADMISSÃO DO NORTE DE MATO GROSSO - SICOOB NORTE MT;23.623.636;b3S;I;2;S5;9;SINOP;MT;09/2021;361.854;43.273;105.506;114.827;83.474;7.714;2.309;863;538;3.350;0
COOPERATIVA DE CRÉDITO DE LIVRE ADMISSÃO DO ESTADO DE SÃO PAULO - SICOOB PAULISTA;10.262.276;b3S;I;2;S5;9;PRESIDENTE PRUDENTE;SP;09/2021;360.766;6.659;130.910;81.423;102.515;23.686;5.756;1.663;4.278;3.877;0
COOPERATIVA DE CRÉDITO DO NORTE CATARINENSE - ACREDICOOP;3.461.243;b3S;I;2;S5;9;JOINVILLE;SC;09/2021;360.060;5.044;229.196;82.015;22.849;7.806;3.999;1.748;1.470;5.934;0
COOPERATIVA DE CRÉDITO DE LIVRE ADMISSÃO DE SÃO ROQUE DE MINAS LTDA.   SICOOB SAROMCREDI;66.402.207;b3S;I;2;S5;9;SAO ROQUE DE MINAS;MG;09/2021;359.617;36.834;163.961;89.877;49.329;7.441;3.960;1.162;761;6.294;0
COOPERATIVA DE CRÉDITO COM INTERAÇÃO SOLIDÁRIA UNIÃO DOS VALES - CRESOL UNIÃO DOS VALES;5.231.945;b3S;I;2;S5;9;IVAIPORA;PR;09/2021;355.131;0;178.612;152.197;13.155;2.748;2.428;1.138;636;4.216;0
COOPERATIVA DE CRÉDITO COM INTERAÇÃO SOLIDÁRIA OESTE CATARINENSE - CRESOL OESTE CATARINENSE;3.965.737;b3S;I;2;S5;9;XAXIM;SC;09/2021;348.368;0;228.863;102.093;7.790;4.385;2.045;611;509;2.071;0
COOPERATIVA DE CRÉDITO COM INTERAÇÃO SOLIDÁRIA DE MINAS GERAIS - CRESOL MINAS GERAIS;8.624.548;b3S;I;2;S5;9;MURIAE;MG;09/2021;346.247;0;224.986;97.136;10.027;5.525;2.779;872;654;4.267;0
COOPERATIVA DE CRÉDITO RURAL E ECONOMIA COM INTERAÇÃO SOLIDÁRIA DO PLANALTO SERRA DO RIO GRANDE DO SUL - CRESOL PLANALTO SERRA;5.863.726;b3S;I;2;S5;9;SANANDUVA;RS;09/2021;344.794;0;206.547;107.054;21.260;2.154;3.134;500;1.307;2.837;0
TODESCREDI S/A - CRÉDITO, FINANCIAMENTO E INVESTIMENTO;9.473.806;n1;I;2;S5;14;BENTO GONCALVES;RS;09/2021;338.064;0;228.704;75.360;9.006;3.513;3.481;2.329;2.684;12.987;0
COOPERATIVA DE CRÉDITO DA REGIÃO DO SUDOESTE DO PARANÁ - EVOLUA;10.311.218;b3S;I;2;S5;9;FRANCISCO BELTRAO;PR;09/2021;337.782;3.114;238.481;45.483;27.289;9.231;3.662;4.341;1.073;5.107;0
COOPERATIVA DE CRÉDITO CREDINTER LTDA. - SICOOB CREDINTER;24.048.910;b3S;I;2;S5;9;GUARANESIA;MG;09/2021;334.351;80.455;117.241;75.505;38.832;11.552;2.346;2.842;1.828;3.749;0
COOPERATIVA DE CRÉDITO DE LIVRE ADMISSÃO TRÊS FRONTEIRAS - SICOOB TRÊS FRONTEIRAS;4.876.393;b3S;I;2;S5;9;FOZ DO IGUACU;PR;09/2021;332.602;16.205;102.216;97.464;84.714;13.411;5.784;4.107;2.621;6.081;0
COOPERATIVA DE CRÉDITO DE LIVRE ADMISSÃO DE  LAGOA DA PRATA E REGIÃO LTDA.   SICOOB LAGOACRED GERAIS;1.739.375;b3S;I;2;S5;9;LAGOA DA PRATA;MG;09/2021;330.097;0;113.717;92.710;85.746;20.854;9.142;2.855;1.162;3.911;0
SICOOB UNIMAIS METROPOLITANA - COOPERATIVA DE CRÉDITO DE LIVRE ADMISSÃO;259.231;b3S;I;2;S5;9;SANTOS;SP;09/2021;326.771;33.425;80.460;79.790;90.790;20.287;3.348;4.774;2.297;11.600;0
BANCO SOROCRED S.A. - BANCO MÚLTIPLO;4.814.563;b1;I;2;S4;8;BARUERI;SP;09/2021;326.364;0;105.941;19.849;52.467;32.627;34.874;36.512;31.356;12.738;0
COOPERATIVA DE CRÉDITO CREDIFOR LTDA - SICOOB CREDIFOR;41.931.445;b3S;I;2;S5;9;FORMIGA;MG;09/2021;324.740;18.374;140.077;96.418;46.798;10.223;4.333;1.559;808;6.151;0
COOPERATIVA DE CRÉDITO COM INTERAÇÃO SOLIDÁRIA HORIZONTE - CRESOL HORIZONTE;5.277.312;b3S;I;2;S5;9;UNIAO DA VITORIA;PR;09/2021;323.899;0;165.834;123.782;16.936;5.902;2.956;2.926;1.499;4.065;0
COOPERATIVA DE ECONOMIA E CRÉDITO MÚTUO UNICRED ELEVA LTDA.;95.163.002;b3S;I;2;S5;9;SANTO ANGELO;RS;09/2021;323.542;57.499;95.568;111.482;41.504;7.889;3.602;2.299;398;3.301;0
LEBES FINANCEIRA S.A. - CRÉDITO, FINANCIAMENTO E INVESTIMENTO;11.271.860;n1;I;2;S5;14;ELDORADO;RS;09/2021;320.170;0;239.368;23.085;15.211;9.277;6.160;4.786;3.756;18.527;0
COOPERATIVA DE CRÉDITO ORIGINAL - SICOOB ORIGINAL;81.292.278;b3S;I;2;S5;9;SAO LOURENCO D'OESTE;SC;09/2021;318.959;36.052;136.417;79.173;42.982;8.889;2.554;3.761;1.049;8.083;0
COOPERATIVA DE CRÉDITO SUL-LITORÂNEA DO ESPÍRITO SANTO;32.474.884;b3S;I;2;S5;9;ALFREDO CHAVES;ES;09/2021;316.020;16.656;72.898;80.837;94.938;23.055;5.258;9.316;2.967;10.095;0
COOPERATIVA DE CRÉDITO DA FOZ DO RIO ITAJAÍ AÇU - CREDIFOZ;9.512.539;b3S;I;2;S5;9;ITAJAI;SC;09/2021;315.047;7.134;190.544;70.411;15.980;7.998;4.544;3.979;4.677;9.779;0
COOPERATIVA DE POUPANÇA E CRÉDITO DO VALE DO RIO DOCE LTDA - SICOOB CREDIRIODOCE;25.606.237;b3S;I;2;S5;9;GOVERNADOR VALADARES;MG;09/2021;313.461;28.672;95.876;102.044;57.302;16.090;3.005;2.656;613;7.204;0
UNIPRIME PIONEIRA COOPERATIVA DE CRÉDITO;1.286.361;b3S;I;2;S5;9;TOLEDO;PR;09/2021;312.470;0;140.383;123.108;29.243;8.111;3.878;2.623;833;4.291;0
COOPERATIVA DE CRéDITO CREDICOPE LTDA. - SICOOB CREDICOPE;38.588.174;b3S;I;2;S5;9;CONSELHEIRO PENA;MG;09/2021;311.925;12.907;113.283;96.402;69.036;8.943;3.465;1.694;1.624;4.571;0
COOPERATIVA DE CRÉDITO COM INTERAÇÃO SOLIDÁRIA PROGRESSO - CRESOL PROGRESSO;2.448.310;b3S;I;2;S5;9;CASCAVEL;PR;09/2021;311.849;0;192.857;106.149;6.708;1.283;1.978;487;802;1.584;0
AGENCIA DE FOMENTO DO ESTADO DO RIO DE JANEIRO S.A.;5.940.203;n1;I;1;S4;30;RIO DE JANEIRO;RJ;09/2021;311.434;0;95.605;89.165;93.615;8.184;3.130;4.467;9.354;7.914;0
COOPERATIVA DE CRÉDITO DE LIVRE ADMISSÃO SICOOB UNIMAIS CENTRO LESTE PAULISTA - SICOOB UNIMAIS CENTRO LESTE PAULISTA;1.259.518;b3S;I;2;S5;9;RIO CLARO;SP;09/2021;310.005;41.788;100.916;95.331;46.664;13.614;4.444;830;987;5.432;0
CSILATINA ARRENDAMENTO MERCANTIL S.A.;5.883.884;n1;I;3;S4;19;BARUERI;SP;09/2021;308.023;34.953;248.206;22.497;2.367;0;0;0;0;0;0
COOPERATIVA DE CRÉDITO DE LIVRE ADMISSÃO DE ITAÚNA E REGIÃO LTDA - SICOOB CENTRO-OESTE;66.463.407;b3S;I;2;S5;9;ITAUNA;MG;09/2021;307.368;8.497;86.899;85.197;75.513;23.106;11.900;5.019;588;10.650;0
AGORACRED S/A SOCIEDADE DE CRÉDITO, FINANCIAMENTO E INVESTIMENTO;36.321.990;n1;I;2;S4;14;VITORIA;ES;09/2021;306.256;0;171.603;13.555;14.707;11.526;10.345;9.641;10.322;64.558;0
CAIXA GERAL;51.815;b1;C;3;S4;199;SAO PAULO;SP;09/2021;305.429;11.231;52.881;133.706;15.288;16.058;30.346;39.206;6.713;0;0
BANCO TRICURY S.A.;57.839.805;b2;I;2;S4;8;SAO PAULO;SP;09/2021;304.919;151;91.934;151.062;58.460;2.730;0;0;0;580;0
COOPERATIVA DE CRÉDITO DE LIVRE ADMISSÃO DE ASSOCIADOS VALE DO CHAPECOZINHO - SICOOB VALCREDI SUL;2.090.126;b3S;I;2;S5;9;PASSOS MAIA;SC;09/2021;298.133;45.669;85.785;77.865;47.684;17.408;10.297;3.709;1.872;7.844;0
COOPERATIVA DE CRÉDITO CREDCOOPER LTDA - SICOOB CREDCOOPER;19.449.602;b3S;I;2;S5;9;CARATINGA;MG;09/2021;298.018;15.924;104.434;82.210;58.728;12.742;3.664;3.251;1.269;15.796;0
COOPERATIVA DE CRÉDITO CREDIUNA LTDA - SICOOB CREDIUNA;64.237.530;b3S;I;2;S5;9;ITAUNA;MG;09/2021;293.642;21.373;89.912;96.806;51.811;17.017;3.690;2.101;248;10.684;0
COOPERATIVA DE CRÉDITO CREDICARPA LTDA. - SICOOB CREDICARPA;23.949.522;b3S;I;2;S5;9;CARMO DO PARANAIBA;MG;09/2021;290.024;39.794;141.901;75.220;22.926;1.966;801;204;126;7.086;0
COOPERATIVA DE CRÉDITO COM INTERAÇÃO SOLIDÁRIA DO RIO GRANDE DO SUL - CRESOL RIO GRANDE DO SUL;6.139.650;b3S;I;2;S5;9;BENTO GONCALVES;RS;09/2021;287.055;0;161.339;106.554;8.631;2.941;2.033;1.176;456;3.925;0
COOPERATIVA DE CRÉDITO SICOOB ARACREDI LTDA - SICOOB ARACREDI;68.987;b3S;I;2;S5;9;ARAGUARI;MG;09/2021;284.002;52.060;108.143;76.189;29.849;6.760;3.328;648;1.000;6.025;0
COOPERATIVA DE CRÉDITO DE LIVRE ADMISSÃO DE PERNAMBUCO - SICOOB PERNAMBUCO;3.732.359;b3S;I;2;S5;9;SAO JOSE DO EGITO;PE;09/2021;282.557;23.467;79.788;85.472;53.968;14.949;4.623;4.878;2.490;12.923;0
COOPERATIVA DE CRÉDITO CREDISETE LTDA. - SICOOB CREDISETE;22.753.982;b3S;I;2;S5;9;SETE LAGOAS;MG;09/2021;282.053;13.271;70.851;80.967;86.514;15.736;4.083;2.770;1.174;6.687;0
COOPERATIVA DE CRÉDITO DE LIVRE ADMISSÃO DE ASSOCIADOS ITAPIRANGA - SICOOB CREDITAPIRANGA SC/RS;78.483.310;b3S;I;2;S5;9;ITAPIRANGA;SC;09/2021;280.476;25.182;126.815;78.154;30.836;6.561;3.825;2.491;2.818;3.794;0
COOPERATIVA DE CRÉDITO DE LIVRE ADMISSÃO DA GRANDE GOIÂNIA LTDA.;10.209.619;b3S;I;2;S5;9;GOIANIA;GO;09/2021;279.996;12.983;54.033;98.836;64.006;14.862;14.047;4.806;3.795;12.628;0
COOPERATIVA DE CRÉDITO POUPANÇA E INVESTIMENTO DA ALTA NOROESTE DE SÃO PAULO - SICREDI ALTA NOROESTE SP;4.484.490;b3S;I;2;S4;9;BIRIGUI;SP;09/2021;279.790;4.438;177.185;62.443;24.928;5.194;1.599;636;651;2.716;0
SANTINVEST S.A. - CREDITO, FINANCIAMENTO E INVESTIMENTOS;122.327;n1;I;2;S5;14;FLORIANOPOLIS;SC;09/2021;277.739;0;193.038;28.216;5.876;3.032;2.301;1.138;606;43.531;0
BRASIL CARD MEIOS DE PAGAMENTOS LTDA;3.130.170;n4;I;2;S4;41;MONTE BELO;MG;09/2021;275.766;0;262.747;2.633;4.985;4.329;998;19;6;50;0
COOPERATIVA DE CRÉDITO DE LIVRE ADMISSÃO DA REGIÃO CENTRAL DE RONDÔNIA   SICOOB OUROCREDI;2.144.899;b3S;I;2;S5;9;OURO PRETO DO OESTE;RO;09/2021;274.398;24.021;124.202;104.885;17.059;1.617;500;202;257;1.655;0
COOPERATIVA DE CRÉDITO CREDIFIEMG LTDA. - SICOOB CREDIFIEMG;7.469.260;b3S;I;2;S5;9;BELO HORIZONTE;MG;09/2021;273.011;27.628;77.241;68.541;76.758;16.470;1.166;2.311;126;2.769;0
VIA CERTA FINANCIADORA S.A. - CRÉDITO, FINANCIAMENTO E INVESTIMENTOS;5.192.316;n1;I;2;S4;14;SANTO CRISTO;RS;09/2021;271.372;0;185.953;15.165;9.917;7.427;7.314;6.543;7.035;32.019;0
COOPERATIVA DE CRÉDITO DE LIVRE ADMISSÃO DO VALE DO ARAGUAIA LTDA.;24.830.879;b3S;I;2;S5;9;MINEIROS;GO;09/2021;270.436;15.128;102.929;99.735;37.625;5.991;1.060;242;3.106;4.619;0
COOPERATIVA DE CRÉDITO, POUPANÇA E INVESTIMENTO SICREDI ARACAJU - SICREDI ARACAJU;2.923.389;b3S;I;2;S5;9;ARACAJU;SE;09/2021;267.078;589;161.104;57.918;23.870;10.256;8.069;1.933;847;2.492;0
COOPERATIVA DE CRÉDITO DE LIVRE ADMISSÃO DE ASSOCIADOS CAMPOS NOVOS - SICOOB CAMPOS NOVOS;78.862.083;b3S;I;2;S5;9;CAMPOS NOVOS;SC;09/2021;265.036;42.483;120.115;51.833;33.276;11.459;1.495;1.584;540;2.249;0
COOPERATIVA DE CRÉDITO DA REGIÃO DO CONTESTADO - CIVIA;10.218.474;b3S;I;2;S5;9;SAO BENTO DO SUL;SC;09/2021;261.504;3.771;168.134;46.116;19.097;7.226;3.911;2.783;1.954;8.510;0
COOPERATIVA DE CRÉDITO, INVESTIMENTO E SERVIÇOS FINANCEIROS SICOOB UNI SUDESTE;86.389.236;b3S;I;2;S5;9;UBA;MG;09/2021;256.507;0;99.754;67.799;64.573;11.148;4.843;1.681;1.952;4.757;0
COOPERATIVA DE CRÉDITO CREDIBOM LTDA. - SICOOB CREDIBOM;21.670.187;b3S;I;2;S5;9;BOM DESPACHO;MG;09/2021;253.255;21.943;92.646;69.718;40.945;10.427;3.454;4.119;1.973;8.029;0
COOPERATIVA DE CRÉDITO DA REGIÃO DE FRONTEIRAS DE RO/MT LTDA. - SICOOB FRONTEIRAS;3.612.764;b3S;I;2;S5;9;CACOAL;RO;09/2021;252.308;21.026;94.680;63.316;53.729;8.789;3.159;4.002;699;2.908;0
COOPERATIVA DE CRÉDITO DE LIVRE ADMISSÃO E DOS TRANSPORTADORES RODOVIÁRIOS DE VEÍCULOS - SICOOB CREDCEG;7.789.195;b3S;I;2;S5;9;SAO BERNARDO DO CAMPO;SP;09/2021;252.130;17.068;48.330;87.676;54.990;15.554;9.037;10.131;3.847;5.497;0
COOPERATIVA DE CRÉDITO DOS SERVIDORES MILITARES, POLÍCIA CIVIL E DA SECRETARIA DE EDUCAÇÃO DO ESTADO DE MINAS GERAIS LTDA - SICOOB COOPEMG;3.269.540;b3S;I;2;S5;9;BELO HORIZONTE;MG;09/2021;251.198;1.761;122.067;67.709;44.698;7.421;2.592;2.356;442;2.152;0
COOPERATIVA DE CRÉDITO DO RIO GRANDE DO NORTE - SICOOB RIO GRANDE DO NORTE;4.138.455;b3S;I;2;S5;9;NATAL;RN;09/2021;250.565;37.426;57.849;56.974;62.041;19.090;5.412;4.008;3.587;4.178;0
BANCO INBURSA S.A.;4.866.275;b1;I;3;S4;8;SAO PAULO;SP;09/2021;249.147;0;150.747;59.379;29.743;1.382;1.105;1.046;1.062;4.684;0
COOPERATIVA DE CRÉDITO CREDILUZ LTDA. - SICOOB CREDILUZ;25.536.764;b3S;I;2;S5;9;LUZ;MG;09/2021;248.601;26.972;83.304;61.423;48.183;11.813;3.614;2.925;690;9.677;0
COOPERATIVA DE CRÉDITO DA REGIÃO DE ARAXÁ LTDA. - SICOOB CREDIARA;66.398.496;b3S;I;2;S5;9;ARAXA;MG;09/2021;247.373;44.153;105.424;64.523;24.666;3.397;1.833;387;496;2.494;0
COOPERATIVA DE CRÉDITO DOS PROFISSIONAIS DOS CREAS E DEMAIS ÁREAS TECNOLÓGICAS - CREDCREA;5.979.692;b3S;I;2;S5;9;FLORIANOPOLIS;SC;09/2021;246.281;4.460;158.890;41.180;19.144;6.652;2.773;2.569;2.664;7.949;0
COOPERATIVA DE CRÉDITO DE LIVRE ADMISSÃO DO ALTO SÃO FRANCISCO LTDA.;41.805.003;b3S;I;2;S5;9;PIUMHI;MG;09/2021;245.230;0;111.517;74.567;49.207;5.402;1.336;1.136;414;1.652;0
COOPERATIVA DE CRÉDITO RURAL COOPAVEL;76.461.557;b3S;I;2;S5;9;CASCAVEL;PR;09/2021;243.292;0;42.965;68.659;57.530;48.002;7.165;8.708;2.964;7.298;0
COOPERATIVA DE CRÉDITO DE LIVRE ADMISSÃO DE SANTO ANTÔNIO DO MONTE LTDA.   SICOOB CREDIMONTE;41.707.258;b3S;I;2;S5;9;SANTO ANTONIO DO MONTE;MG;09/2021;243.231;25.689;89.194;53.379;48.272;7.612;4.924;2.236;1.596;10.329;0
COOPERATIVA DE CRÉDITO COM INTERAÇÃO SOLIDÁRIA DE RONDÔNIA - CRESOL RONDÔNIA;10.520.232;b3S;I;2;S5;9;JI-PARANA;RO;09/2021;241.517;0;128.455;102.416;5.857;1.480;413;628;269;1.998;0
COOPERATIVA DE CRÉDITO COM INTERAÇÃO SOLIDÁRIA TRIUNFO - CRESOL TRIUNFO;8.560.508;b3S;I;2;S5;9;SAO JOAO DO TRIUNFO;PR;09/2021;240.752;0;128.754;93.690;9.152;4.631;1.231;681;408;2.205;0
COOPERATIVA DE ECONOMIA E CRÉDITO MÚTUO UNICRED REGIÃO DA CAMPANHA LTDA - UNICRED REGIÃO DA CAMPANHA;1.705.236;b3S;I;2;S5;9;SANTANA DO LIVRAMENTO;RS;09/2021;240.632;15.148;48.743;50.474;72.474;46.247;3.065;2.588;0;1.892;0
BANCO KEB HANA DO BRASIL S.A.;2.318.507;b1;I;3;S4;2;SAO PAULO;SP;09/2021;238.471;238.471;0;0;0;0;0;0;0;0;0
COOPERATIVA DE CRÉDITO COM INTERAÇÃO SOLIDÁRIA VALE DAS ÁGUAS - CRESOL VALE DAS ÁGUAS;4.663.561;b3S;I;2;S5;9;LARANJEIRAS DO SUL;PR;09/2021;238.401;0;113.478;106.720;11.147;1.884;1.922;457;531;2.262;0
SICREDI NORTE - COOPERATIVA DE CRÉDITO;83.315.408;b3S;I;2;S5;9;BELEM;PA;09/2021;238.004;5.009;125.334;57.385;24.330;10.899;3.893;1.236;4.706;5.212;0
COOPERATIVA DE CRÉDITO RURAL COM INTERAÇÃO SOLIDÁRIA GERAÇÕES - CRESOL GERAÇÕES;4.622.657;b3S;I;2;S5;9;TENENTE PORTELA;RS;09/2021;237.707;0;114.719;100.805;13.322;4.538;1.169;617;489;2.047;0
COOPERATIVA  DE CRÉDITO DE LIVRE ADMISSÃO DE ASSOCIADOS UNIRONDÔNIA LTDA;1.664.968;b3S;I;2;S5;9;PORTO VELHO;RO;09/2021;236.748;0;44.838;79.166;55.814;26.984;7.351;12.294;2.044;8.255;0
COOPERATIVA DE CRÉDITO UNICRED REGIÃO DOS VALES LTDA. - UNICRED REGIÃO DOS VALES;1.796.302;b3S;I;2;S5;9;NOVO HAMBURGO;RS;09/2021;235.800;33.114;64.305;71.022;45.012;11.176;4.131;3.112;247;3.682;0
COOPERATIVA DE CRÉDITO SICOOB CREDSEGURO LTDA.;2.935.307;b3S;I;2;S5;9;GOIANIA;GO;09/2021;235.581;0;55.150;52.249;75.524;14.629;12.638;5.734;1.779;17.879;0
COMMERZBANK BRASIL S.A. - BANCO MÚLTIPLO;23.522.214;b1;I;3;S4;8;SAO PAULO;SP;09/2021;235.503;186.695;48.808;0;0;0;0;0;0;0;0
COOPERATIVA DE CREDITO COOPLIVRE;49.389.307;b3S;I;2;S5;9;CAPIVARI;SP;09/2021;235.196;22.257;69.177;76.235;46.260;9.760;5.111;2.798;1.144;2.454;0
SOCIEDADE COOPERATIVA DE CRÉDITO COOPERE LTDA.  - SICOOB COOPERE;73.398.646;b3S;I;2;S5;9;VALENTE;BA;09/2021;234.845;30.874;82.241;63.912;38.005;6.868;3.127;2.816;1.656;5.346;0
COOPERATIVA DE CRÉDITO DE LIVRE ADMISSÃO DA REGIÃO LESTE DA BACIA DO RIO DOCE LTDA   SICOOB CREDILESTE;5.158.093;b3S;I;2;S5;9;CARATINGA;MG;09/2021;234.413;16.986;60.253;73.643;55.400;15.933;3.572;2.195;1.285;5.146;0
COOPERATIVA DE CRÉDITO E CAPTAÇÃO SICOOB UNICIDADES;3.047.549;b3S;I;2;S5;9;RIO VERDE;GO;09/2021;232.801;0;153.322;38.187;27.732;5.228;4.120;1.012;669;2.533;0
COOPERATIVA DE CRÉDITO DE LIVRE ADMISSÃO DA REGIÃO DE FRUTAL LTDA.   SICOOB FRUTAL;71.419.600;b3S;I;2;S5;9;FRUTAL;MG;09/2021;232.173;40.055;84.731;66.403;25.563;5.504;1.612;1.706;2.307;4.292;0
BBC LEASING S.A. - ARRENDAMENTO MERCANTIL;1.852.137;n1;I;3;S4;19;SAO PAULO;SP;09/2021;229.066;0;117.601;52.740;33.916;13.584;2.907;2.531;1.434;4.352;0
COOPERATIVA DE CRÉDITO DE LIVRE ADMISSÃO MÉDIO OESTE - SICOOB MÉDIO OESTE;7.318.874;b3S;I;2;S5;9;ASSIS CHATEAUBRIAND;PR;09/2021;227.326;20.221;77.124;58.728;46.720;12.127;4.843;1.968;2.220;3.374;0
COOPERATIVA DE CRÉDITO RURAL COM INTERAÇÃO SOLIDÁRIA RAIZ - CRESOL RAIZ;17.343.510;b3S;I;2;S5;9;FREDERICO WESTPHALEN;RS;09/2021;226.269;0;105.970;106.023;11.173;1.682;523;179;251;467;0
NEGRESCO S.A. - CREDITO, FINANCIAMENTO E INVESTIMENTOS;4.379.829;n1;I;2;S5;14;CURITIBA;PR;09/2021;224.116;0;136.684;13.492;10.341;7.391;6.865;6.982;7.069;35.293;0
COOPERATIVA DE CRÉDITO DE LIVRE ADMISSÃO DE ASSOCIADOS VALE DO RIO DO PEIXE - SICOOB CREDIRIO SC;78.865.995;b3S;I;2;S5;9;JOACABA;SC;09/2021;221.880;30.648;91.924;61.621;27.099;4.231;2.401;860;350;2.747;0
COOPERATIVA DE CREDITO DE LIVRE ADMISSAO DO CENTRO NORDESTE MINEIRO LTDA - SICOOB CREDICENM;2.173.447;b3S;I;2;S5;9;GUANHAES;MG;09/2021;220.114;18.247;75.811;66.979;47.993;7.757;1.470;962;260;635;0
COOPERATIVA DE CRÉDITO SICOOB COOPMIL;62.673.470;b3S;I;2;S4;9;SAO PAULO;SP;09/2021;219.397;28.260;75.554;51.668;43.630;5.975;3.236;2.724;1.065;7.286;0
COOPERATIVA DE CRÉDITO RURAL COM INTERAÇÃO SOLIDÁRIA DE SANTO CRISTO - CRESOL SANTO CRISTO;6.031.727;b3S;I;2;S5;9;SANTO CRISTO;RS;09/2021;217.747;0;130.626;68.978;8.424;2.920;2.477;1.232;614;2.477;0
COOPERATIVA DE CRÉDITO COM INTERAÇÃO SOLIDÁRIA DO VALE DAS ARAUCÁRIAS- CRESOL VALE DAS ARAUCÁRIAS;6.126.780;b3S;I;2;S5;9;GUARAPUAVA;PR;09/2021;216.401;0;115.132;77.817;12.751;4.259;1.897;639;510;3.397;0
SICREDI CREDUNI - COOPERATIVA DE ECONOMIA E CRÉDITO MÚTUO DOS SERV DAS INST PÚBLICAS DE ENSINO SUPERIOR DO ESTADO DA PARAÍBA E DAS DEMAIS INSTITUIÇÕES E ÓRGÃOS PÚBLICOS NO ESTADO DA PARAIBA LTDA.;3.428.338;b3S;I;2;S5;9;CAMPINA GRANDE;PB;09/2021;214.707;0;194.318;8.005;5.126;3.674;856;429;544;1.755;0
COOPERATIVA DE CRÉDITO DE LIVRE ADMISSÃO DO VALE DO PARANAPANEMA;1.637.949;b3S;I;2;S5;9;PRESIDENTE PRUDENTE;SP;09/2021;214.435;3.725;88.690;60.055;41.234;11.089;3.323;2.574;933;2.812;0
COOPERATIVA DE CREDITO DE LIVRE ADMISSAO DO VALE DO AÇO LTDA - SICOOB VALE DO AÇO;19.869.338;b3S;I;2;S5;9;IPATINGA;MG;09/2021;213.615;11.651;48.514;64.434;67.724;14.279;3.801;412;450;2.350;0
COOPERATIVA DE CRÉDITO MÚTUO SERRA MAR LTDA. - UNICRED SERRA MAR;86.803.939;b3S;I;2;S5;9;RIO DE JANEIRO;RJ;09/2021;213.215;37.261;72.817;59.836;33.238;6.241;1.059;665;353;1.745;0
COOPERATIVA DE CRÉDITO DE LIVRE ADMISSÃO DE ASSOCIADOS NOVA TRENTO   SICOOB TRENTOCREDI SC;2.641.969;b3S;I;2;S5;9;NOVA TRENTO;SC;09/2021;210.062;11.192;55.945;68.951;50.767;11.845;4.758;1.616;1.405;3.583;0
COOPERATIVA DE CRÉDITO MÚTUO DOS EMPREGADOS DA EMBRAER - COOPEREMB;46.642.294;b3S;I;2;S5;9;SAO JOSE DOS CAMPOS;SP;09/2021;207.594;11.137;103.253;43.900;35.295;5.219;2.960;1.982;1.226;2.623;0
COOPERATIVA DE ECONOMIA E CRÉDITO MÚTUO UNICRED ERECHIM LTDA;1.572.667;b3S;I;2;S5;9;ERECHIM;RS;09/2021;206.972;55.616;67.795;51.602;26.205;2.287;470;780;2.173;43;0
COOPERATIVA DE CRÉDITO DE LIVRE ADMISSÃO DA REGIÃO DE  PARÁ DE MINAS LTDA - SICOOB CREDIRURAL;25.387.713;b3S;I;2;S5;9;PARA DE MINAS;MG;09/2021;205.428;38.305;72.145;48.705;40.450;4.903;511;274;85;51;0
COOPERATIVA DE CRÉDITO SICOOB CRED-ACIF;4.013.172;b3S;I;2;S5;9;FRANCA;SP;09/2021;203.350;31.434;68.786;47.815;37.302;6.098;1.132;290;1.129;9.364;0
COOPERATIVA DE CRÉDITO DE LIVRE ADMISSÃO DE PITANGUI, PAPAGAIOS, MARAVILHAS E REGIÃO LTDA. - SICOOB CREDICOOP;41.931.221;b3S;I;2;S5;9;PITANGUI;MG;09/2021;201.564;12.403;70.318;68.176;40.249;5.742;1.319;989;959;1.408;0
COOPERATIVA CENTRAL DE CRÉDITO DE SANTA CATARINA E RIO GRANDE DO SUL - SICOOB CENTRAL SC/RS;80.160.260;b3C;I;2;S3;9;FLORIANOPOLIS;SC;09/2021;201.221;182.406;8.965;9.362;0;488;0;0;0;0;0
COOPERATIVA DE CRÉDITO CREDIRAMA LTDA - SICOOB CREDIRAMA;3.412.878;b3S;I;2;S5;9;ITURAMA;MG;09/2021;199.155;23.465;104.383;45.200;19.266;2.144;1.165;292;213;3.028;0
COOPERATIVA DE CRÉDITO COM INTERAÇÃO SOLIDÁRIA NORTE PARANAENSE - CRESOL NORTE PARANAENSE;7.925.729;b3S;I;2;S5;9;GRANDES RIOS;PR;09/2021;199.087;0;106.481;81.995;4.857;1.353;1.094;1.190;323;1.794;0
COOPERATIVA DE CRÉDITO DE LIVRE ADMISSÃO LTDA. - SICOOB CREDIJUSTRA;37.079.720;b3S;I;2;S5;9;BRASILIA;DF;09/2021;197.448;62.584;71.650;32.683;20.113;4.977;1.906;1.022;616;1.898;0
COOPERATIVA DE CRÉDITO, POUPANÇA E INVESTIMENTO DE ARARAQUARA E REGIÃO - SICREDI CENTRO NORTE SP;73.113.243;b3S;I;2;S4;9;ARARAQUARA;SP;09/2021;197.299;8.518;111.288;50.414;14.744;5.428;2.199;603;854;3.251;0
COOPERATIVA DE CRÉDITO CREDIMATA LTDA. - SICOOB CREDIMATA;1.152.097;b3S;I;2;S5;9;VOLTA GRANDE;MG;09/2021;194.943;17.948;63.484;56.576;39.712;6.037;2.251;2.414;1.565;4.956;0
UNIPRIME DO IGUAÇU - COOPERATIVA DE CRÉDITO, POUPANÇA E INVESTIMENTO;1.848.322;b3S;I;2;S5;9;PATO BRANCO;PR;09/2021;194.713;0;66.474;87.414;22.098;11.387;1.715;821;3.712;1.092;0
COOPERATIVA DE CRÉDITO DE LIVRE ADMISSÃO DO ESTADO DO RIO DE JANEIRO - SICOOB FLUMINENSE;2.931.668;b3S;I;2;S5;9;CAMPOS DOS GOYTACAZES;RJ;09/2021;194.239;22.274;56.586;59.747;37.379;7.641;1.523;4.806;581;3.701;0
COOPERATIVA DE CRÉDITO DE LIVRE ADMISSÃO UNIÃO DO CENTRO OESTE DE MINAS LTDA - SICOOB CREDESP;1.703.620;b3S;I;2;S5;9;BOM DESPACHO;MG;09/2021;194.156;2.139;51.313;54.330;69.144;13.101;2.008;828;331;963;0
AL5 S.A. CRÉDITO, FINANCIAMENTO E INVESTIMENTO;27.214.112;n1;I;2;S4;14;CUIABA;MT;09/2021;191.319;0;114.707;17.846;42.914;2.048;1.104;1.143;3.176;8.381;0
COOPERATIVA CENTRAL DE CRÉDITO DE MINAS GERAIS LTDA. - SICOOB CENTRAL CREDIMINAS;25.683.434;b3C;I;2;S4;9;BELO HORIZONTE;MG;09/2021;189.477;0;189.477;0;0;0;0;0;0;0;0
SICOOB AC CREDI - COOPERATIVA DE CRÉDITO DE LIVRE ADMISSÃO DO LESTE E NORDESTE MINEIRO LTDA.;1.559.914;b3S;I;2;S5;9;GOVERNADOR VALADARES;MG;09/2021;189.381;19.099;54.876;62.379;37.392;5.045;3.270;1.190;557;5.574;0
COOPERATIVA DE CRÉDITO DE LIVRE ADMISSÃO DE ASSOCIADOS DE MANAUS;1.566.038;b3S;I;2;S5;9;MANAUS;AM;09/2021;188.870;0;26.667;24.084;66.574;25.457;12.365;9.499;2.807;21.418;0
COOPERATIVA DE CRÉDITO COOCRELIVRE;53.935.029;b3S;I;2;S4;9;ORLANDIA;SP;09/2021;188.738;31.354;69.112;38.600;29.450;3.726;3.590;1.715;284;10.905;0
COOPERATIVA DE CRÉDITO DE LIVRE ADMISSÃO CENTRO OESTE LTDA.;7.502.031;b3S;I;2;S5;9;GOIANESIA;GO;09/2021;185.693;24.545;56.358;56.979;35.407;3.295;3.055;2.769;195;3.091;0
COOPERATIVA DE CRÉDITO, POUPANÇA E INVESTIMENTO DO NOROESTE DO ESTADO DE SÃO PAULO - SICREDI NOROESTE SP;3.065.046;b3S;I;2;S4;9;SAO JOSE DO RIO PRETO;SP;09/2021;183.561;5.520;96.425;50.444;20.098;4.266;3.357;675;834;1.943;0
COOPERATIVA DE CRÉDITO RURAL COM INTERAÇÃO SOLIDÁRIA COOPERAR - CRESOL COOPERAR;5.983.995;b3S;I;2;S5;9;HUMAITA;RS;09/2021;183.455;0;108.524;56.271;14.142;1.417;1.278;430;185;1.208;0
COOPERATIVA DE CRÉDITO TEIXEIRA DE FREITAS LTDA. - SICOOB EXTREMO SUL;2.447.120;b3S;I;2;S5;9;TEIXEIRA DE FREITAS;BA;09/2021;180.711;20.054;65.026;45.537;38.252;4.481;1.694;514;1.338;3.815;0
COOPERATIVA DE CRÉDITO COM INTERAÇÃO SOLIDÁRIA DA COSTA OESTE - CRESOL COSTA OESTE;11.969.853;b3S;I;2;S5;9;MEDIANEIRA;PR;09/2021;178.750;0;98.408;70.135;4.778;1.894;1.115;506;300;1.615;0
CENTRAL DAS COOPERATIVAS DE ECONOMIA E CRÉDITO DO PLANALTO CENTRAL LTDA - SICOOB PLANALTO CENTRAL;692.214;b3C;I;2;S4;9;BRASILIA;DF;09/2021;178.418;11.407;113.993;34.941;18.076;0;0;0;0;0;0
COOPERATIVA DE CRÉDITO DA REGIÃO E COLAR METROPOLITANO DO VALE DO AÇO LTDA. - SICOOB COSMIPA;17.361.536;b3S;I;2;S5;9;IPATINGA;MG;09/2021;178.106;2.361;60.964;49.269;52.755;9.931;1.165;353;225;1.084;0
SICOOB CREDIGOIÁS COOPERATIVA DE CRÉDITO LTDA.;37.255.049;b3S;I;2;S5;9;GOIANIA;GO;09/2021;177.989;0;119.860;34.373;10.132;1.402;51;164;0;12.005;0
BANCO ARBI S.A.;54.403.563;b1;I;2;S4;2;RIO DE JANEIRO;RJ;09/2021;177.044;0;129.286;20.499;11.286;12.857;1.282;295;763;775;0
COOPERATIVA DE CRÉDITO DE LIVRE ADMISSÃO DE POMPÉU LTDA. - SICOOB CREDIPÉU;66.262.643;b3S;I;2;S5;9;POMPEU;MG;09/2021;176.998;22.599;81.553;43.939;14.279;5.180;2.772;614;475;5.586;0
SOCINAL S.A. - CRÉDITO, FINANCIAMENTO E INVESTIMENTO;3.881.423;n1;I;2;S5;14;ARARUAMA;RJ;09/2021;175.919;0;126.546;20.135;13.968;5.975;8.069;501;300;424;0
COOPERATIVA DE CRÉDITO DE LIVRE ADMISSÃO DE RIO VERDE E REGIÃO LTDA.;9.033.698;b3S;I;2;S5;9;RIO VERDE;GO;09/2021;175.314;0;98.696;46.383;25.121;3.248;899;197;590;180;0
COOPERATIVA DE CRÉDITO COM INTERAÇÃO SOLIDÁRIA DE GOIÁS - CRESOL GOIÁS;4.490.531;b3S;I;2;S5;9;ORIZONA;GO;09/2021;174.754;0;136.683;27.187;6.981;2.045;1.219;195;171;273;0
COOPERATIVA DE CRÉDITO DE LIVRE ADMISSÃO DE ASSOCIADOS DO MEIO OESTE CATARINENSE - SICOOB CREDIMOC SC;80.959.638;b3S;I;2;S5;9;XANXERE;SC;09/2021;174.630;16.249;47.688;45.231;40.489;14.018;5.049;2.110;1.432;2.365;0
COOPERATIVA DE ECONOMIA E CRÉDITO MÚTUO DOS SERVIDORES MUNICIPAIS DA REGIÃO METROPOLITANA DO VALE DO PARAÍBA E LITORAL NORTE - SICOOB-CRESSEM;54.190.525;b3S;I;2;S5;9;SAO JOSE DOS CAMPOS;SP;09/2021;174.604;8.591;71.126;36.394;31.780;13.850;5.252;3.951;1.266;2.393;0
COOPERATIVA DE ECONOMIA E CRÉDITO MÚTUO DOS PROFISSIONAIS DA SAÚDE DA REGIÃO DA ALTA MOGIANA - SICOOB CREDIMOGIANA;69.346.856;b3S;I;2;S5;9;FRANCA;SP;09/2021;174.601;0;49.079;64.209;32.949;14.048;3.933;1.979;934;7.470;0
COOPERATIVA DE CRÉDITO DE LIVRE ADMISSÃO DA REGIÃO DO ALTO SÃO FRANCISCO LTDA. - SICOOB CREDIPRATA;26.178.111;b3S;I;2;S5;9;LAGOA DA PRATA;MG;09/2021;173.750;0;69.442;52.515;29.463;12.190;1.757;2.064;968;5.351;0
MOVA SOCIEDADE DE EMPRÉSTIMO ENTRE PESSOAS S.A.;33.959.738;n1;I;2;S5;44;SAO PAULO;SP;09/2021;172.853;5.880;8.096;39.636;34.544;30.500;10.324;13.104;11.114;19.654;0
COOPERATIVA DE CRÉDITO CREDSAOPAULO - SICOOB CREDSAOPAULO;2.197.569;b3S;I;2;S5;9;SAO JOSE DOS CAMPOS;SP;09/2021;171.328;26.378;48.461;35.655;43.973;9.736;3.738;722;1.022;1.644;0
COOPERATIVA DE CRÉDITO CENTRO LESTE NORTE MARANHENSE - SICOOB CENTROLESTE;9.403.026;b3S;I;2;S5;9;GRAJAU;MA;09/2021;169.863;11.212;68.592;54.209;27.242;2.999;2.075;454;578;2.502;0
COOPERATIVA DE CREDITO DE LIVRE ADMISSÃO DO VALE DO SÃO PATRICIO LTDA.;968.602;b3S;I;2;S5;9;GOIANESIA;GO;09/2021;169.788;651;55.971;44.349;52.414;7.010;2.995;1.358;792;4.248;0
FINAMAX S.A. - CREDITO, FINANCIAMENTO E INVESTIMENTO;411.939;n1;I;2;S5;14;JUNDIAI;SP;09/2021;169.391;0;127.569;11.822;10.359;4.418;2.613;2.126;2.087;8.398;0
SICOOB CREDINOVA - COOPERATIVA DE CRÉDITO DE LIVRE ADMISSÃO DE NOVA SERRANA E REGIÃO CENTRO-OESTE LTDA.;1.667.766;b3S;I;2;S5;9;NOVA SERRANA;MG;09/2021;169.199;12.781;43.282;47.303;43.275;11.078;2.087;651;2.573;6.169;0
COOPERATIVA DE CRÉDITO DO VALE DO ITAJAÍ E VALE DO ITAPOCÚ - SICOOB MULTICREDI;2.883.398;b3S;I;2;S5;9;BLUMENAU;SC;09/2021;168.818;3.932;52.546;51.993;47.020;4.089;1.702;1.405;686;5.445;0
COOPERATIVA DE CRÉDITO DOS INTEGRANTES DO PODER JUDICIÁRIO E DO MINISTÉRIO PÚBLICO DO ESTADO DE MINAS GERAIS LTDA. - SICOOB JUS-MP;3.519.240;b3S;I;2;S5;9;BELO HORIZONTE;MG;09/2021;168.525;53.891;57.896;30.253;19.028;3.488;1.403;1.488;178;900;0
COOPERATIVA DE CREDITO DE LIVRE ADMISSAO DE RUBIATABA E REGIAO LTDA;73.422.792;b3S;I;2;S5;9;RUBIATABA;GO;09/2021;168.390;27.879;49.657;46.569;26.695;5.984;2.437;602;1.509;7.058;0
COOPERATIVA DE CRÉDITO DE LIVRE ADMISSÃO DO VALE DO RIO GRANDE LTDA. - SICOOB UBERABA;25.683.475;b3S;I;2;S5;9;UBERABA;MG;09/2021;167.971;76;87.956;43.036;24.710;4.607;3.758;1.622;359;1.846;0
LEASEPLAN ARRENDAMENTO MERCANTIL S.A.;4.836.002;n1;I;3;S4;19;BARUERI;SP;09/2021;167.693;165.888;1.806;0;0;0;0;0;0;0;0
COOPERATIVA DE CRÉDITO DE LIVRE ADMISSÃO DO CERRADO MATO-GROSSENSE - SICOOB CERRADO MT;5.247.312;b3S;I;2;S5;9;RONDONOPOLIS;MT;09/2021;167.618;14.615;35.729;59.198;41.923;5.803;2.356;1.685;1.732;4.578;0
COOPERATIVA DE CRÉDITO DO DISTRITO FEDERAL E ENTORNO LTDA;1.187.961;b3S;I;2;S5;9;BRASILIA;DF;09/2021;166.690;34.292;60.671;37.866;18.362;5.754;3.147;918;1.358;4.323;0
COOPERATIVA DE CRÉDITO DE LIVRE ADMISSÃO DO CENTRO-SUL GOIANO LTDA;33.579.731;b3S;I;2;S5;9;MORRINHOS;GO;09/2021;166.101;36.975;63.539;32.511;20.740;3.957;1.709;1.407;429;4.834;0
COOPERATIVA CENTRAL DE CRÉDITO, POUPANÇA E INVESTIMENTO DO NORTE/NORDESTE - CENTRAL SICREDI NORTE/NORDESTE;70.119.680;b3C;I;2;S4;9;CABEDELO;PB;09/2021;163.568;101.576;61.992;0;0;0;0;0;0;0;0
SINOSSERRA FINANCEIRA S/A - SOCIEDADE DE CRÉDITO, FINANCIAMENTO E INVESTIMENTO;22.639.377;n1;I;2;S4;14;NOVO HAMBURGO;RS;09/2021;162.404;0;103.434;48.564;5.738;1.723;732;664;165;1.384;0
AGENCIA DE FOMENTO DE GOIAS S/A;3.918.382;n1;I;1;S4;30;GOIANIA;GO;09/2021;161.996;0;8.210;128.099;7.621;3.668;4.788;2.124;2.452;5.033;0
COOPERATIVA DE CRÉDITO DE LIVRE ADMISSÃO CREDFAZ LTDA. - SICOOB CREDFAZ;952.415;b3S;I;2;S5;9;BRASILIA;DF;09/2021;161.361;30.843;47.912;35.611;28.508;9.272;2.799;1.961;419;4.035;0
COOPERATIVA DE CRÉDITO DE LIVRE ADMISSÃO DO TOCANTINS LTDA;26.960.328;b3S;I;2;S5;9;PARAISO DO NORTE DO TOCANTINS;TO;09/2021;160.022;11.011;49.129;43.468;33.171;9.674;3.739;1.292;594;7.944;0
COOPERATIVA DE CRÉDITO SICOOB SERTÃO LTDA;2.057.584;b3S;I;2;S5;9;PINTADAS;BA;09/2021;159.477;9.411;61.249;42.992;32.231;5.813;1.606;1.168;754;4.253;0
BANCO SENFF S.A.;11.970.623;b1;I;2;S4;8;CURITIBA;PR;09/2021;158.703;0;116.622;11.242;5.916;4.133;3.938;2.812;2.614;11.426;0
COOPERATIVA DE CRÉDITO DE LIVRE ADMISSÃO VALE DO MUCURI LTDA. - SICOOB CREDIVALE;25.387.655;b3S;I;2;S5;9;TEOFILO OTONI;MG;09/2021;158.292;19.689;52.119;55.410;26.745;2.490;734;353;239;512;0
COOPERATIVA DE CRÉDITO MÚTUO DOS ADVOGADOS DE SANTA CATARINA;5.861.932;b3S;I;2;S5;9;SAO JOSE;SC;09/2021;156.645;7.207;40.778;35.640;54.242;8.392;3.263;2.016;2.280;2.827;0
SANTANA S.A. - CRÉDITO, FINANCIAMENTO E INVESTIMENTO;5.503.849;n1;I;2;S5;14;SAO PAULO;SP;09/2021;155.568;0;119.202;7.178;9.872;5.109;2.992;1.946;1.614;7.654;0
COOPERATIVA DE ECONOMIA E CREDITO MÚTUO DOS MÉDICOS DO PLANALTO MÉDIO DO RIO GRANDE DO SUL LTDA - CREDIPLAN;97.259.253;b3S;I;2;S5;9;PASSO FUNDO;RS;09/2021;155.400;0;150.971;775;3.654;0;0;0;0;0;0
COOPERATIVA DE CRÉDITO SACRAMENTO LTDA - SICOOB SACRAMENTO;71.154.256;b3S;I;2;S5;9;SACRAMENTO;MG;09/2021;154.909;6.570;68.938;30.681;29.100;11.386;1.633;1.751;118;4.734;0
COOPERATIVA DE CREDITO, POUPANCA E INVESTIMENTO DO RIO DE JANEIRO - SICREDI RIO RJ;72.128.440;b3S;I;2;S4;9;RIO DE JANEIRO;RJ;09/2021;152.814;6.124;73.536;29.290;20.601;10.600;4.199;2.030;1.873;4.562;0
COOPERATIVA DE CRÉDITO CREDIOESTE LTDA. - SICOOB CREDIOESTE;25.420.696;b3S;I;2;S5;9;ABAETE;MG;09/2021;152.694;11.861;62.516;37.550;24.112;4.112;4.115;3.752;792;3.885;0
COOPERATIVA DE ECONOMIA E CRéDITO MúTUO DOS SERVIDORES DO PODER JUDICIáRIO, DO TRIBUNAL DE CONTAS ESTADUAL E DEMAIS ÓRGãOS PúBLICOS MUNICIPAIS, ESTADUAIS E FEDERAIS NO ESTADO DO RIO DE JANEIRO LTDA. -;2.000.895;b3S;I;2;S5;9;RIO DE JANEIRO;RJ;09/2021;151.521;33.414;68.635;28.538;18.927;1.057;478;144;182;147;0
COOPERATIVA DE CRÉDITO DE LIVRE ADMISSÃO CREDIEMBRAPA LTDA - SICOOB.;2.338.666;b3S;I;2;S5;9;BRASILIA;DF;09/2021;151.221;23.642;47.677;30.067;22.422;11.203;6.997;2.984;2.127;4.100;0
COOPERATIVA DE CRÉDITO DE PRODUTORES RURAIS E DE LIVRE ADMISSÃO DO TRIÂNGULO LTDA    SICOOB CREDITRIL;41.669.227;b3S;I;2;S5;9;UBERLANDIA;MG;09/2021;151.009;0;71.939;37.972;31.322;3.963;4.418;204;9;1.183;0
COOPERATIVA DE CRÉDITO DE LIVRE ADMISSÃO DE GOIÂNIA E MICRORREGIÕES LTDA.;1.720.488;b3S;I;2;S5;9;GOIANIA;GO;09/2021;150.713;0;31.031;27.910;72.736;8.690;2.336;2.528;453;5.030;0
COOPERATIVA DE CREDITO CECRES - SICOOB CECRES;54.603.022;b3S;I;2;S5;9;SAO PAULO;SP;09/2021;150.528;9.967;59.436;29.441;30.013;8.443;2.257;1.965;1.913;7.094;0
COOPERATIVA DE ECONOMIA E CRÉDITO MÚTUO DOS EMPREGADOS DE FURNAS E DAS DEMAIS EMPRESAS DO SISTEMA ELETROBRÁS LTDA. - SICOOB CECREMEF;33.370.115;b3S;I;2;S5;9;RIO DE JANEIRO;RJ;09/2021;149.701;6.476;39.168;38.751;43.787;13.066;2.963;1.921;986;2.584;0
COOPERATIVA DE CRÉDITO DO CENTRO SUL MINEIRO LTDA. - SICOOB CENTRO SUL MINEIRO;71.238.232;b3S;I;2;S5;9;CARMOPOLIS DE MINAS;MG;09/2021;146.243;0;27.784;50.790;55.317;8.686;1.387;777;281;1.222;0
COOPERATIVA DE CRÉDITO CREDIJEQUITINHONHA LTDA. - SICOOB CREDIJEQUITINHONHA;71.243.034;b3S;I;2;S5;9;CAPELINHA;MG;09/2021;146.086;20.680;56.119;42.997;20.026;2.927;807;368;358;1.805;0
COOPERATIVA DE CRÉDITO DOS SERVIDORES PÚBLICOS NO ESTADO DA BAHIA LTDA. - SICOOB CRED EXECUTIVO;4.321.309;b3S;I;2;S5;9;SALVADOR;BA;09/2021;145.897;27.755;50.819;34.818;28.047;2.038;652;702;197;869;0
COOPERATIVA DE CRÉDITO DO MÉDIO SUL BAIANO LTDA. - SICOOB COSTA DO DESCOBRIMENTO;1.205.736;b3S;I;2;S5;9;ITAMARAJU;BA;09/2021;144.350;12.926;37.957;32.130;40.380;9.935;2.393;2.186;1.579;4.864;0
BANCO FORD S.A.;90.731.688;b2;I;3;S4;8;SAO BERNARDO DO CAMPO;SP;09/2021;144.286;0;76.171;60.097;2.448;5.569;0;0;0;1;0
COOPERATIVA DE CRÉDITO RURAL COM INTERAÇÃO SOLIDÁRIA DE DONA EMMA - CRESOL DONA EMMA;4.261.151;b3S;I;2;S5;9;DONA EMMA;SC;09/2021;142.777;0;78.690;52.229;7.267;3.057;710;374;61;390;0
COOPERATIVA DE CRÉDITO DE LIVRE ADMISSÃO DO SUL CATARINENSE - ACENTRA;3.427.097;b3S;I;2;S5;9;CRICIUMA;SC;09/2021;142.286;971;103.923;24.437;3.917;3.114;1.239;504;536;3.646;0
COOPERATIVA DE CRÉDITO DE LIVRE ADMISSÃO DE RIO BRANCO LTDA;1.608.685;b3S;I;2;S5;9;RIO BRANCO;AC;09/2021;142.200;0;49.555;31.490;32.124;14.891;3.765;4.425;1.171;4.779;0
COOPERATIVA DE CRÉDITO DE LIVRE ADMISSÃO DO NOROESTE DE MINAS GERAIS LTDA.   SICOOB CREDIPINHO;71.154.876;b3S;I;2;S5;9;JOAO PINHEIRO;MG;09/2021;141.902;3.197;61.210;50.190;19.680;1.671;1.622;439;231;3.661;0
COOPERATIVA DE CRÉDITO CREDICAMPO LTDA.- SICOOB CREDICAMPO;21.661.202;b3S;I;2;S5;9;ENTRE RIOS DE MINAS;MG;09/2021;141.850;125;70.493;42.187;21.580;3.453;1.503;345;429;1.737;0
NEXOOS SOCIEDADE DE EMPRÉSTIMO ENTRE PESSOAS S.A.;34.254.279;n1;I;2;S5;44;SAO PAULO;SP;09/2021;141.767;11.992;49.317;14.064;3.365;2.985;2.618;1.921;2.535;52.971;0
COOPERATIVA DE CRÉDITO RURAL COM INTERAÇÃO SOLIDÁRIA CONFIANÇA - CRESOL CONFIANÇA;7.252.614;b3S;I;2;S5;9;PAIM FILHO;RS;09/2021;141.587;0;88.908;45.058;5.137;605;265;39;204;1.371;0
BANCO XCMG BRASIL S.A.;36.658.769;b2;I;3;S4;8;POUSO ALEGRE;MG;09/2021;139.862;0;9.975;86.162;43.227;497;0;0;0;0;0
COOPERATIVA DE CRÉDITO DO VALE EUROPEU - SICOOB EURO VALE;82.133.182;b3S;I;2;S5;9;TIMBO;SC;09/2021;137.862;19.373;34.713;37.304;32.606;7.932;3.774;659;301;1.199;0
CREDIALIANÇA COOPERATIVA DE CRÉDITO RURAL;78.157.146;b3S;I;2;S5;9;ROLANDIA;PR;09/2021;135.769;0;30.434;103.722;1.593;11;0;0;8;0;0
VERDE - ADMINISTRADORA DE CARTOES DE CREDITO S.A.;1.722.480;n4;I;2;;41;CACHOEIRINHA;RS;09/2021;134.794;134.794;0;0;0;0;0;0;0;0;0
COOPERATIVA DE CRÉDITO DE LIVRE ADMISSÃO DA REGIÃO DE DIVINÓPOLIS LTDA - SICOOB CREDIVERDE;25.528.753;b3S;I;2;S5;9;DIVINOPOLIS;MG;09/2021;134.086;5.358;35.713;37.811;30.520;10.998;5.319;1.840;2.885;3.641;0
COOPERATIVA DE CRÉDITO UNICRED COOMARCA LTDA. - COOMARCA;4.355.489;b3S;I;2;S5;9;FLORIANOPOLIS;SC;09/2021;134.070;51.954;32.037;27.299;17.606;4.584;179;385;11;17;0
COOPERATIVA DE CREDITO DE LIVRE ADMISSAO DE PITANGUI E REGIAO LTDA. - SICOOB CREDPIT;4.181.542;b3S;I;2;S5;9;PITANGUI;MG;09/2021;133.135;6.068;45.581;46.782;27.524;3.679;1.410;519;529;1.043;0
COOPERATIVA DE CRÉDITO NOSSA SENHORA DO DESTERRO - SICOOB CREDISC;3.419.786;b3S;I;2;S5;9;FLORIANOPOLIS;SC;09/2021;131.720;36.062;51.017;28.233;14.735;877;438;94;97;167;0
COOPERATIVA DE CRÉDITO MONTECREDI LTDA. - SICOOB MONTECREDI;71.392.047;b3S;I;2;S5;9;MONTE CARMELO;MG;09/2021;130.655;20.763;60.347;27.742;9.519;6.500;866;548;103;4.267;0
COOPERATIVA DE CRÉDITO DA REGIÃO CENTRAL DE MINAS LTDA. - SICOOB UNIÃO CENTRAL;22.749.014;b3S;I;2;S5;9;PARAOPEBA;MG;09/2021;130.646;6.562;55.018;36.419;23.320;4.460;1.623;888;720;1.637;0
COOPERATIVA DE CRÉDITO DE LIVRE ADMISSÃO DE PALMEIRAS E REGIÃO LTDA.;37.631.058;b3S;I;2;S5;9;PALMEIRAS DE GOIAS;GO;09/2021;130.552;10.932;69.765;37.909;9.423;1.823;361;25;85;231;0
COOPERATIVA DE CRÉDITO CARLOS CHAGAS LTDA. - SICOOB CARLOS CHAGAS;41.753.500;b3S;I;2;S5;9;CARLOS CHAGAS;MG;09/2021;130.351;22.653;56.991;28.401;9.602;3.053;3.414;1.143;437;4.658;0
COOPERATIVA DE CREDITO DE LIVRE ADMISSAO DE PARA DE MINAS LTDA - SICOOB ASCICRED;1.009.908;b3S;I;2;S5;9;PARA DE MINAS;MG;09/2021;129.283;12.059;51.856;37.266;23.313;3.359;620;345;76;389;0
COOPERATIVA DE CRÉDITO DE LIVRE ADMISSÃO DE MARECHAL CÂNDIDO RONDON E REGIÃO - SICOOB CONFIANÇA;7.097.064;b3S;I;2;S5;9;MARECHAL CANDIDO RONDON;PR;09/2021;128.432;13.896;49.382;40.970;17.229;2.923;1.682;622;340;1.388;0
COOPERATIVA DE CRÉDITO CREDIALP LTDA - SICOOB CREDIALP;25.353.939;b3S;I;2;S5;9;ALPINOPOLIS;MG;09/2021;127.341;24.708;52.786;29.190;11.267;4.014;638;725;1.279;2.735;0
COOPERATIVA DE CRÉDITO RURAL DE ABELARDO LUZ - SULCREDI/CREDILUZ;1.073.966;b3S;I;2;S5;9;ABELARDO LUZ;SC;09/2021;126.498;0;16.924;64.984;35.394;3.338;2.157;511;1.060;2.130;0
COOPERATIVA DE CRÉDITO DOS INTEGRANTES DO PODER JUDICIÁRIO E DAS INSTITUIÇÕES JURÍDICAS DA UNIÃO EM MINAS GERAIS LTDA.   SICOOB COOPJUS;25.363.615;b3S;I;2;S5;9;BELO HORIZONTE;MG;09/2021;126.043;51.956;54.085;9.305;9.144;906;248;109;42;249;0
COOPERATIVA DE ECONOMIA E CRÉDITO MÚTUO DOS SERVIDORES DA FEDERAÇÃO DO COMÉRCIO, SESC E SENAC DE SÃO PAULO;62.928.320;b3S;I;2;S5;9;SAO PAULO;SP;09/2021;125.865;0;121.882;995;139;560;436;495;253;1.105;0
COOPERATIVA DE CRÉDITO DE LIVRE ADMISSÃO DE BOA ESPERANÇA LTDA. - SICOOB BELCREDI;869.687;b3S;I;2;S5;9;BOA ESPERANCA;MG;09/2021;124.931;15.440;55.289;38.432;12.612;1.683;674;613;39;149;0
COOPERATIVA DE CRéDITO CREDIVAZ LTDA. - SICOOB CREDIVAZ;803.287;b3S;I;2;S5;9;VAZANTE;MG;09/2021;124.504;0;82.146;28.592;10.066;1.778;178;593;24;1.126;0
COOPERATIVA DE CRÉDITO DE LIVRE ADMISSÃO DE ASSOCIADOS URUBICI - SICOOB CREDIARAUCÁRIA/SC;2.587.492;b3S;I;2;S5;9;URUBICI;SC;09/2021;121.743;10.159;47.844;35.918;18.632;3.217;2.236;1.267;854;1.616;0
COOPERATIVA DE ECONOMIA E CRÉDITO MÚTUO DOS FUNCIONÁRIOS DO GRUPO COSAN - BARRACRED COSAN;1.439.107;b3S;I;2;S5;9;BARRA BONITA;SP;09/2021;121.096;0;92.887;22.764;4.622;283;79;31;38;392;0
HS FINANCEIRA S/A CREDITO, FINANCIAMENTO E INVESTIMENTOS;7.512.441;n1;I;2;S4;14;DOIS IRMAOS;RS;09/2021;121.062;0;95.418;4.118;3.099;2.316;2.139;1.950;1.697;10.325;0
COOPERATIVA DE CRéDITO COPERSUL LTDA - SICOOB COPERSUL;18.966.739;b3S;I;2;S5;9;TRES PONTAS;MG;09/2021;120.540;17.023;52.315;33.831;12.416;2.690;572;340;265;1.088;0
SICREDI CARIRI - COOPERATIVA DE CRÉDITO DA REGIÃO DO CARIRI;86.913.993;b3S;I;2;S5;9;JUAZEIRO DO NORTE;CE;09/2021;120.241;4.696;49.854;37.806;14.785;5.847;4.196;1.369;475;1.213;0
COOPERATIVA DE CRéDITO DE TIROS E MATUTINA LTDA.- SICOOB CREDITIROS;42.880.617;b3S;I;2;S5;9;TIROS;MG;09/2021;119.736;7.121;63.232;32.743;11.299;2.606;2.469;48;8;211;0
COOPERATIVA DE CRÉDITO DOS EMPRESÁRIOS DO ESTADO DE GOIÁS LTDA;4.406.371;b3S;I;2;S5;9;GOIANIA;GO;09/2021;119.171;0;41.297;36.148;26.222;6.755;1.710;1.718;502;4.819;0
COOPERATIVA DE CRÉDITO UNIÃO CENTRO OESTE LTDA. - SICOOB UNIÃO CENTRO OESTE;26.072.728;b3S;I;2;S5;9;ARCOS;MG;09/2021;118.856;13.819;54.022;28.921;14.543;2.198;1.486;1.327;438;2.102;0
COOPERATIVA DE CRÉDITO RURAL COM INTERAÇÃO SOLIDÁRIA DE GUARANI DAS MISSÕES - CRESOL GUARANI DAS MISSÕES;8.488.377;b3S;I;2;S5;9;GUARANI DAS MISSOES;RS;09/2021;118.232;0;80.883;30.229;4.033;868;352;120;366;1.381;0
COOPERATIVA DE CRÉDITO DO VALE DO SÃO FRANCISCO - SICREDI VALE DO SÃO FRANCISCO;4.237.413;b3S;I;2;S5;9;PETROLINA;PE;09/2021;118.004;3.876;69.577;23.281;12.923;4.112;560;571;1.702;1.401;0
GAZINCRED S.A. SOCIEDADE DE CRÉDITO, FINANCIAMENTO E INVESTIMENTO;11.760.553;n1;I;2;S4;14;DOURADINA;PR;09/2021;116.351;0;104.714;2.589;1.461;944;892;820;850;4.081;0
COOPERATIVA DE CRÉDITO DE LIVRE ADMISSÃO DE ASSOCIADOS LTDA. - SICOOB JUDICIÁRIO;37.076.205;b3S;I;2;S5;9;BRASILIA;DF;09/2021;116.006;29.535;45.999;19.171;14.555;3.912;736;934;244;918;0
COOPERATIVA DE ECONOMIA E CRÉDITO MÚTUO NOS ESTADOS DE ALAGOAS, SERGIPE E BAHIA - SICOOB LESTE;2.493.000;b3S;I;2;S5;9;MACEIO;AL;09/2021;115.922;14.039;30.443;29.145;21.658;11.115;3.905;4.389;114;1.114;0
COOPERATIVA DE CRÉDITO DA SERRA CATARINENSE - CREDICOMIN;9.590.601;b3S;I;2;S5;9;LAGES;SC;09/2021;115.002;4.966;70.357;27.561;6.893;1.660;951;1.168;328;1.119;0
COOPERATIVA DE CRÉDITO CREDIBELO LTDA. - SICOOB CREDIBELO;71.237.184;b3S;I;2;S5;9;CAMPO BELO;MG;09/2021;114.488;8.775;40.517;32.662;23.437;5.292;1.464;434;125;1.783;0
COOPERATIVA DE CRÉDITO RURAL COM INTERAÇÃO SOLIDÁRIA DE CURITIBANOS - CRESOL CURITIBANOS;1.155.801;b3S;I;2;S5;9;CURITIBANOS;SC;09/2021;113.947;0;66.330;37.033;6.298;964;1.180;412;299;1.430;0
COOPERATIVA DE CRÉDITO HORIZONTE - SICOOB HORIZONTE;7.194.313;b3S;I;2;S5;9;ARAPONGAS;PR;09/2021;112.855;13.453;40.715;35.505;17.463;1.594;994;782;242;2.108;0
COOPERATIVA DE ECONOMIA E CRÉDITO MÚTUO BRF - CREDIBRF;82.096.447;b3S;I;2;S5;9;CURITIBA;PR;09/2021;112.237;105;81.866;26.959;1.486;124;504;280;265;648;0
COOPERATIVA CENTRAL DE CRÉDITO COM INTERAÇÃO SOLIDÁRIA - CENTRAL CRESOL BASER;1.401.771;b3C;I;2;S4;9;FRANCISCO BELTRAO;PR;09/2021;112.108;0;111.908;0;0;0;21;0;0;180;0
COOPERATIVA DE CRÉDITO DE LIVRE ADMISSÃO DE PIRACANJUBA LTDA;5.222.094;b3S;I;2;S5;9;PIRACANJUBA;GO;09/2021;111.136;24.234;62.274;17.504;3.148;1.763;285;93;43;1.791;0
COOPERATIVA DE CRÉDITO DE LIVRE ADMISSÃO DE ANÁPOLIS E REGIÃO LTDA;33.615.055;b3S;I;2;S5;9;ANAPOLIS;GO;09/2021;111.027;13.388;30.583;27.461;27.324;7.427;1.970;1.276;290;1.308;0
COOPERATIVA DE CRÉDITO RURAL COM INTERAÇÃO SOLIDÁRIA DE WITMARSUM - CRESOL WITMARSUM;7.465.539;b3S;I;2;S5;9;WITMARSUM;SC;09/2021;110.939;0;44.777;47.554;14.914;1.231;884;405;416;760;0
COOPERATIVA DE ECONOMIA E CRÉDITO DE LIVRE ADMISSÃO LTDA. - SICOOB EMPRESARIAL;5.856.736;b3S;I;2;S5;9;BRASILIA;DF;09/2021;110.806;2.404;18.798;29.151;27.048;12.844;7.459;3.383;1.415;8.302;0
COOPERATIVA DE ECONOMIA E CRÉDITO MÚTUO DOS FUNCIONÁRIOS DA SECRETARIA DE ESTADO DA FAZENDA E ÓRGÃOS OFICIAIS DO ESTADO DE MINAS GERAIS LTDA - SICOOB COOPSEF;16.721.078;b3S;I;2;S5;9;BELO HORIZONTE;MG;09/2021;109.955;37.480;37.952;14.979;12.443;3.734;1.703;908;172;583;0
COOPERATIVA DE CRÉDITO, POUPANÇA E INVESTIMENTO DA REGIÃO DAS FLORES, DAS ÁGUAS E DOS VENTOS SP - SICREDI FORÇA DOS VENTOS SP;57.647.653;b3S;I;2;S4;9;JAGUARIUNA;SP;09/2021;109.751;8.547;61.741;25.974;8.620;2.747;602;286;400;835;0
COOPERATIVA DE CRÉDITO GUARANICREDI LTDA. - SICOOB GUARANICREDI;26.014.175;b3S;I;2;S5;9;GUARANI;MG;09/2021;109.746;6.590;44.418;36.652;17.497;3.190;677;151;96;474;0
COOPERATIVA DE CRÉDITO DOS MÉDICOS, SERVIDORES PÚBLICOS E EMPRESÁRIOS DO NORDESTE LTDA - UNICRED DO NORDESTE;2.602.922;b3S;I;2;S5;9;FEIRA DE SANTANA;BA;09/2021;109.286;8.809;34.120;27.174;27.655;7.418;1.759;254;648;1.449;0
COOPERATIVA DE CRÉDITO RURAL COM INTERAÇÃO SOLIDÁRIA MEIO OESTE - CRESOL MEIO OESTE;7.946.451;b3S;I;2;S5;9;TANGARA;SC;09/2021;108.741;0;67.886;33.088;4.364;1.624;568;240;285;686;0
COOPERATIVA DE CRÉDITO SICREDI CENTRO PERNAMBUCANA;41.255.225;b3S;I;2;S5;9;CARUARU;PE;09/2021;107.772;2.942;64.436;19.449;12.462;3.843;1.239;723;991;1.688;0
COOPERATIVA DE CRÉDITO DE LIVRE ADMISSÃO DA REGIÃO DE SÃO SEBASTIÃO DO PARAÍSO LTDA. - SICOOB PARAÍSOCRED;1.657.678;b3S;I;2;S5;9;SAO SEBASTIAO DO PARAISO;MG;09/2021;107.492;3.830;25.963;28.103;35.252;6.572;4.809;894;652;1.416;0
COOPERATIVA DE ECONOMIA E CRÉDITO MÚTUO UNICRED HORIZONTES LTDA - UNICRED HORIZONTES;1.526.924;b3S;I;2;S5;9;IJUI;RS;09/2021;106.882;24.895;32.414;26.405;18.725;3.260;414;376;0;393;0
COOPERATIVA CENTRAL DE CREDITO DO ESPIRITO SANTO - SICOOB CENTRAL ES;32.428.294;b3C;I;2;S4;9;VITORIA;ES;09/2021;106.316;38.681;67.634;0;0;0;0;0;0;0;0
COOPERATIVA DE CRÉDITO DE LIVRE ADMISSÃO DE ASSOCIADOS DO PLANALTO SERRANO - SICOOB CREDISERRA SC;1.692.448;b3S;I;2;S5;9;URUPEMA;SC;09/2021;105.948;12.314;53.871;24.067;10.088;2.012;1.314;866;282;1.135;0
BECKER FINANCEIRA S.A. - CRÉDITO, FINANCIAMENTO E INVESTIMENTO;20.443.996;n1;I;2;S5;14;CERRO LARGO;RS;09/2021;104.921;0;85.316;5.662;3.157;1.665;1.596;1.360;920;5.245;0
COOPERATIVA DE CRÉDITO DOS MAGISTRADOS, SERVIDORES DA JUSTIÇA DO ESTADO DE GOIÁS E EMPREGADOS DA CELG LTDA.;9.552.111;b3S;I;2;S5;9;GOIANIA;GO;09/2021;104.865;10.354;26.152;27.173;16.341;17.592;1.706;1.216;271;4.060;0
COOPERATIVA DE ECONOMIA E CRÉDITO MÚTUO DOS INTEGRANTES DO MINISTÉRIO PÚBLICO E DA DEFENSORIA PÚBLICA NO ESTADO DO RIO DE JANEIRO LIMITADA. - SICOOB COMPERJ;4.694.278;b3S;I;2;S5;9;RIO DE JANEIRO;RJ;09/2021;104.578;28.763;23.931;22.877;13.336;4.467;5.234;605;616;4.749;0
CREDISIS CAPITALCREDI - COOPERATIVA DE CRÉDITO DE LIVRE ADMISSÃO DO ACRE LTDA;5.439.425;b3S;I;2;S5;9;RIO BRANCO;AC;09/2021;104.072;0;53.568;17.856;23.989;695;0;121;373;7.470;0
CREDISAN COOPERATIVA DE CRÉDITO;62.109.566;b3S;I;2;S5;9;SAO JOAO DA BOA VISTA;SP;09/2021;104.031;0;59.600;36.337;3.510;1.885;1.118;316;411;855;0
COOPERATIVA DE CRÉDITO DA GRANDE FLORIANÓPOLIS - ÚNILOS;2.405.189;b3S;I;2;S5;9;FLORIANOPOLIS;SC;09/2021;103.377;1.511;69.449;19.314;4.439;2.336;1.878;869;1.008;2.574;0
COOPERATIVA DE ECONOMIA E CRÉDITO MÚTUO DO VALE DAS ANTAS LTDA. - UNICRED VALE DAS ANTAS;94.243.839;b3S;I;2;S5;9;CASCA;RS;09/2021;103.159;11.483;49.354;25.528;10.541;5.437;109;210;159;339;0
COOPERATIVA DE CREDITO DO PLANALTO SUL - SICOOB CREDISSERRANA;3.033.469;b3S;I;2;S5;9;LAGES;SC;09/2021;101.676;7.018;45.337;24.912;16.304;2.741;1.155;1.026;1.517;1.668;0
COOPERATIVA DE CRÉDITO DE LIVRE ADMISSÃO DE PEDRO LEOPOLDO LTDA - SICOOB CREDIPEL;71.441.406;b3S;I;2;S5;9;PEDRO LEOPOLDO;MG;09/2021;100.060;3.002;25.805;32.610;23.106;9.123;2.719;808;664;2.223;0
COOPERATIVA DE CRÉDITO RURAL COM INTERAÇÃO SOLIDÁRIA DE ALFREDO WAGNER - CRESOL ALFREDO WAGNER;5.494.591;b3S;I;2;S5;9;ALFREDO WAGNER;SC;09/2021;99.079;0;53.287;34.834;7.749;1.163;1.122;420;113;391;0
COOPERATIVA DE CRÉDITO CREDINORTE LTDA. - SICOOB CREDINORTE;64.276.058;b3S;I;2;S5;9;NANUQUE;MG;09/2021;98.093;8.129;46.122;27.346;11.037;3.869;641;208;283;457;0
COOPERATIVA DE CREDITO CREDIAGRO LTDA. - SICOOB CREDIAGRO;429.890;b3S;I;2;S5;9;CAMPOS ALTOS;MG;09/2021;97.532;693;37.780;27.742;19.829;8.325;460;102;14;2.588;0
COOPERATIVA DE CRÉDITO DE LIVRE ADMISSÃO DO SERTÃO DE MINAS GERAIS LTDA. - SICOOB SERTÃO MINAS;1.667.352;b3S;I;2;S5;9;PIRAPORA;MG;09/2021;97.361;6.095;25.118;33.980;16.772;7.354;2.025;1.475;1.442;3.101;0
COOPERATIVA DE CRÉDITO SICOOB NORTE SUL LTDA;2.876.918;b3S;I;2;S5;9;GANDU;BA;09/2021;96.313;5.660;37.310;30.883;17.742;1.699;813;413;270;1.523;0
COOPERATIVA DE ECONOMIA E CRÉDITO MÚTUO DOS MÉDICOS E DEMAIS PROFISSIONAIS DA ÁREA DE SAÚDE DE NÍVEL SUPERIOR DE JUIZ DE FORA LTDA. - UNICRED JUIZ DE FORA;71.479.653;b3S;I;2;S5;9;JUIZ DE FORA;MG;09/2021;95.696;27.309;35.895;20.661;7.985;2.570;570;375;109;221;0
BANCO RNX S.A.;80.271.455;b2;I;2;S4;8;CURITIBA;PR;09/2021;95.212;0;36.404;37.676;14.563;3.040;1.449;450;536;1.094;0
COOPERATIVA DE CRÉDITO CREDICAMPINA LTDA. - SICOOB CREDICAMPINA;1.609.345;b3S;I;2;S5;9;CAMPINA VERDE;MG;09/2021;94.284;17.151;46.122;19.926;4.642;4.226;319;631;816;451;0
BANCO WOORI BANK DO BRASIL S.A.;15.357.060;b1;I;3;S4;8;SAO PAULO;SP;09/2021;93.312;76.818;9.471;6.508;515;0;0;0;0;0;0
COOPERATIVA DE CRÉDITO E ECONOMIA COM INTERAÇÃO SOLIDÁRIA CRESOL EVOLUÇÃO;2.844.024;b3S;I;2;S5;9;DIONISIO CERQUEIRA;SC;09/2021;93.013;0;43.947;34.092;9.670;1.975;599;467;235;2.030;0
COOPERATIVA DE CREDITO RURAL E ECONOMIA COM INTERAÇÃO SOLIDARIA DAS ENCOSTAS DA SERRA GERAL - CRESOL ENCOSTAS DA SERRA GERAL;3.485.130;b3S;I;2;S5;9;SANTA ROSA DE LIMA;SC;09/2021;92.455;0;60.767;22.708;6.820;836;533;247;77;465;0
COOPERATIVA DE CRÉDITO DE LIVRE ADMISSÃO DO CENTRO SUL DE MATO GROSSO DO SUL - SICOOB CENTRO SUL MS;10.319.386;b3S;I;2;S5;9;DOURADOS;MS;09/2021;91.980;6.236;30.226;26.882;19.783;4.707;1.083;308;120;2.635;0
COOPERATIVA DE CRÉDITO DOS MÉDICOS, TÉCNICOS E DEMAIS PROFISSIONAIS DA SAÚDE DO SUL DE MINAS LTDA., UNICRED SUL DE MINAS;71.418.784;b3S;I;2;S5;9;VARGINHA;MG;09/2021;91.649;19.056;42.162;17.682;8.902;2.537;549;129;41;591;0
FINSOL SOCIEDADE DE CRÉDITO AO MICROEMPREENDEDOR E À EMPRESA DE PEQUENO PORTE S.A.;18.810.553;n1;I;3;S4;10;RECIFE;PE;09/2021;91.301;0;72.548;5.940;2.915;1.699;1.115;956;1.132;4.996;0
COOPERATIVA DE CRÉDITO COOPCRED;53.623.781;b3S;I;2;S5;9;VALPARAISO;SP;09/2021;91.256;9.663;25.165;23.006;18.572;8.432;3.078;985;623;1.732;0
COOPERATIVA DE CRÉDITO DE LIVRE ADMISSÃO DE ASSOCIADOS DO SUL DO BRASIL - CREVISC;10.143.743;b3S;I;2;S5;9;GUARAMIRIM;SC;09/2021;91.025;683;60.512;13.508;10.052;1.550;1.060;609;493;2.558;0
COOPERATIVA DE CRÉDITO DE LIVRE ADMISSÃO DE CARMO DO RIO CLARO LTDA - SICOOB CREDICARMO;25.743.311;b3S;I;2;S5;9;CARMO DO RIO CLARO;MG;09/2021;90.881;16.875;26.568;26.022;15.952;2.296;1.523;128;186;1.330;0
COOPERATIVA DE CRÉDITO DOS EMPREGADOS DO GRUPO VALLOUREC NO BRASIL - COOVALL LTDA.;64.293.582;b3S;I;2;S5;9;BELO HORIZONTE;MG;09/2021;90.336;451;70.149;14.364;3.184;1.186;260;162;229;351;0
COOPERATIVA DE CRÉDITO RURAL COM INTERAÇÃO SOLIDÁRIA PLANALTO SERRANO - CRESOL PLANALTO SERRANO;2.766.672;b3S;I;2;S5;9;SAO JOAQUIM;SC;09/2021;89.962;0;45.040;37.271;5.471;635;577;181;250;538;0
COOPERATIVA DE CRÉDITO DE LIVRE ADMISSÃO DE CAMPOS GERAIS E CAMPO DO MEIO LTDA - SICOOB CREDCAM;71.146.450;b3S;I;2;S5;9;CAMPOS GERAIS;MG;09/2021;89.104;6.539;31.839;25.729;20.291;2.931;421;687;51;615;0
COOPERATIVA DE CRÉDITO RURAL COM INTERAÇÃO SOLIDÁRIA ALTERNATIVA - CRESOL ALTERNATIVA;7.215.632;b3S;I;2;S5;9;APIUNA;SC;09/2021;88.819;0;43.551;37.433;5.438;1.222;377;161;98;539;0
COOPERATIVA DE CRéDITO DE LIVRE ADMISSãO SICOOB CREDIACIL;8.795.285;b3S;I;2;S5;9;LEME;SP;09/2021;88.525;6.502;21.650;40.818;14.378;3.253;562;829;105;428;0
COOPERATIVA DE CREDITO RURAL COM INTERACAO SOLIDARIA DE SARANDI-CRESOL SARANDI;5.220.243;b3S;I;2;S5;9;SARANDI;RS;09/2021;88.304;0;55.152;22.677;5.769;661;1.461;929;1.045;609;0
COOPERATIVA DE CRÉDITO, POUPANÇA E INVESTIMENTO SICREDI INTEGRAÇÃO BAHIA - SICREDI INTEGRAÇÃO BAHIA;97.489.280;b3S;I;2;S5;9;ITABUNA;BA;09/2021;87.008;2.264;37.029;30.858;8.485;4.572;1.107;1.063;496;1.134;0
CENTROCRED S.A. CRÉDITO, FINANCIAMENTO E INVESTIMENTOS;26.225.776;n1;I;2;S5;14;SANTA CRUZ DO SUL;RS;09/2021;86.705;0;69.433;5.402;2.162;1.356;1.061;1.002;1.096;5.193;0
COOPERATIVA DE CRÉDITO UNIÃO DO CENTRO OESTE DE MINAS LTDA. - SICOOB CENTRO UNIÃO;65.239.402;b3S;I;2;S5;9;CARMO DO CAJURU;MG;09/2021;86.696;6.453;29.045;21.786;16.482;6.589;3.072;690;576;2.002;0
COOPERATIVA DE ECONOMIA E CRÉDITO MÚTUO DOS SERVIDORES DO PODER EXECUTIVO FEDERAL, DOS SERVIDORES DA SECRETARIA DE SAÚDE E DOS TRABALHADORES EM ENSINO DO DISTRITO FEDERAL LTDA.   SICOOB EXECUTIVO;694.877;b3S;I;2;S5;9;BRASILIA;DF;09/2021;86.510;6.172;31.299;22.374;16.062;3.065;2.069;2.011;900;2.559;0
COOPERATIVA DE CRÉDITO E ECONOMIA COM INTERAÇÃO SOLIDÁRIA DE XAVANTINA - CRESOL XAVANTINA;8.055.016;b3S;I;2;S5;9;XAVANTINA;SC;09/2021;85.239;0;41.451;32.716;6.379;1.699;211;262;99;2.422;0
COOPERATIVA DE ECONOMIA E CRÉDITO MÚTUO DOS EMPREGADOS DO GRUPO CASINO, GRUPO PÃO DE AÇÚCAR E GRUPO ASSAÍ;46.277.273;b3S;I;2;S5;9;SAO PAULO;SP;09/2021;84.708;0;82.898;517;0;439;251;166;123;314;0
COOPERATIVA DE CRÉDITO DE LIVRE ADMISSÃO DE ASSOCIADOS DE CAÇADOR   SICOOB CAÇADOR SC;86.791.837;b3S;I;2;S5;9;CACADOR;SC;09/2021;83.935;3.053;18.221;21.037;28.657;6.488;2.325;1.417;398;2.339;0
COOPERATIVA DE CRÉDITO RURAL DE SÃO MIGUEL DO OESTE - SULCREDI/SÃO MIGUEL;8.253.539;b3S;I;2;S5;9;SAO MIGUEL D'OESTE;SC;09/2021;83.421;0;40.995;18.657;14.869;4.082;1.762;274;142;2.639;0
COOPERATIVA DE CRÉDITO DE LIVRE ADMISSÃO E DOS ADVOGADOS LTDA. - SICOOB CREDIJUR;2.480.577;b3S;I;2;S5;9;GOIANIA;GO;09/2021;83.047;2.563;19.617;15.564;17.858;9.916;5.173;1.826;2.636;7.894;0
COOPERATIVA DE CREDITO E ECONOMIA COM INTERACAO SOLIDARIA DE CHAPECO - CRESOL CHAPECO;4.281.182;b3S;I;2;S5;9;CHAPECO;SC;09/2021;81.590;0;33.641;31.494;11.196;1.517;765;954;230;1.794;0
COOPERATIVA DE CRÉDITO SICOOBMAIS  LTDA. - SICOOBMAIS;26.359.745;b3S;I;2;S5;9;IGUATAMA;MG;09/2021;81.114;5.767;24.847;28.803;13.858;4.546;1.390;313;466;1.125;0
COOPERATIVA DE CRÉDITO RURAL E ECONOMIA COM INTERAÇÃO SOLIDÁRIA DE JACUTINGA - CRESOL JACUTINGA;2.904.125;b3S;I;2;S5;9;JACUTINGA;RS;09/2021;80.995;0;52.335;20.604;4.348;400;423;421;261;2.204;0
BANCO KDB DO BRASIL S.A.;7.656.500;b1;I;3;S4;8;SAO PAULO;SP;09/2021;80.310;80.310;0;0;0;0;0;0;0;0;0
COOPERATIVA DE CRÉDITO RURAL E ECONOMIA COM INTERAÇÃO SOLIDÁRIA DE ARATIBA - CRESOL ARATIBA;4.565.791;b3S;I;2;S5;9;ARATIBA;RS;09/2021;80.063;0;39.860;27.607;10.134;569;326;126;81;1.359;0
COOPERATIVA DE ECONOMIA E CRÉDITO MÚTUO DOS EMPREGADOS DA JOHNSON & JOHNSON;45.691.128;b3S;I;2;S5;9;SAO JOSE DOS CAMPOS;SP;09/2021;79.633;0;40.400;6.632;30.638;410;513;43;75;923;0
COOPERATIVA DE CRÉDITO DOS SERVIDORES DOS PODERES LEGISLATIVOS DO ESTADO DE MINAS GERAIS E DO SEU ÓRGÃO AUXILIAR LTDA. - SICOOB COFAL;21.797.311;b3S;I;2;S5;9;BELO HORIZONTE;MG;09/2021;79.219;0;55.720;7.945;9.491;3.203;2.285;295;78;203;0
COOPERATIVA DE CRÉDITO MÚTUO DOS PROFISSIONAIS DE NÍVEL SUPERIOR DA SAÚDE, ARQUITETOS E URBANISTAS DE SETE LAGOAS E REGIÃO LTDA - UNICRED SETE LAGOAS;71.163.315;b3S;I;2;S5;9;SETE LAGOAS;MG;09/2021;77.431;16.225;31.220;14.753;11.556;2.908;281;393;0;93;0
COOPERATIVA DE CREDITO DOS PROFISSIONAIS DE SAUDE DO TRIANGULO MINEIRO E SUL DE MINAS LTDA.-UNICRED PROGRESSO;71.432.926;b3S;I;2;S5;9;UBERABA;MG;09/2021;77.409;16.699;30.058;14.369;15.532;198;247;40;43;224;0
COOPERATIVA DE CRÉDITO RURAL E ECONOMIA COM INTERAÇÃO SOLIDÁRIA DE GETÚLIO VARGAS - CRESOL GETÚLIO VARGAS;5.241.145;b3S;I;2;S5;9;GETULIO VARGAS;RS;09/2021;76.901;0;44.652;27.708;2.655;477;169;135;42;1.065;0
COOPERATIVA DE CRÉDITO DE LIVRE ADMISSÃO DA MARGEM ESQUERDA DO URUCUIA E SÃO FRANCISCO LTDA - SICOOB CREDICHAPADA;14.046.512;b3S;I;2;S5;9;CHAPADA GAUCHA;MG;09/2021;76.235;2.306;39.790;21.804;7.121;607;596;328;778;2.905;0
COOPERATIVA DE ECONOMIA E CREDITO MUTUO SICOOB COOPERCREDI - SP;915.950;b3S;I;2;S5;9;SAO PAULO;SP;09/2021;75.722;8.766;26.738;20.970;13.781;1.747;1.001;644;579;1.496;0
COOPERATIVA DE CRÉDITO VALE DO CANOAS - SICOOB/SC CREDICANOAS;707.903;b3S;I;2;S5;9;ABDON BATISTA;SC;09/2021;75.549;7.538;33.886;19.601;8.910;2.821;1.373;760;33;627;0
COOPERATIVA DE CREDITO DE LIVRE ADMISSÃO DO VALE DO GORUTUBA LTDA - SICOOB CREDIVAG;25.404.542;b3S;I;2;S5;9;JANAUBA;MG;09/2021;75.532;0;28.322;18.632;19.007;2.635;1.101;1.897;651;3.288;0
COOPERATIVA DE CRÉDITO RURAL COM INTERAÇÃO SOLIDÁRIA CENTRO NORTE - CRESOL CENTRO NORTE;5.211.129;b3S;I;2;S5;9;MARCELINO RAMOS;RS;09/2021;74.705;0;40.349;30.532;2.155;1.232;186;164;31;55;0
UNIPRIME SUL MS - COOPERATIVA DE CRÉDITO;37.554.441;b3S;I;2;S5;9;DOURADOS;MS;09/2021;74.575;0;17.854;39.470;13.638;1.454;362;520;606;670;0
COOPERATIVA DE CRÉDITO CREDIESMERALDAS LTDA. - SICOOB CREDIESMERALDAS;68.512.748;b3S;I;2;S5;9;ESMERALDAS;MG;09/2021;73.306;2.651;16.451;22.257;20.340;5.436;2.468;1.180;631;1.892;0
CENTRAL DAS COOPERATIVAS DE CRÉDITO DO NORDESTE - SICOOB CENTRAL NE;70.116.611;b3C;I;2;S4;9;JOAO PESSOA;PB;09/2021;72.760;72.760;0;0;0;0;0;0;0;0;0
COOPERATIVA DE CRÉDITO, POUPANÇA E INVESTIMENTO DOS MÉDICOS E DEMAIS PROFISSIONAIS DA SAÚDE E LIVRE ADMISSÃO MINAS - ESPÍRITO SANTO LTDA. - UNICRED MINAS - ES;1.110.032;b3S;I;2;S5;9;VITORIA;ES;09/2021;71.578;11.718;23.517;19.513;13.271;2.046;775;418;55;265;0
COOPERATIVA DE CRÉDITO MÚTUO DOS EMPREGADOS DA MAXION - CREDMAXION;58.290.800;b3S;I;2;S5;9;CRUZEIRO;SP;09/2021;71.477;0;57.551;7.586;3.426;1.659;496;186;113;460;0
COOPERATIVA DE CRÉDITO DOS INTEGRANTES DO MINISTÉRIO PÚBLICO E DO PODER JUDICIÁRIO NOS ESTADOS DO AMAPÁ E CEARÁ E LIVRE ADMISSÃO NO ESTADO DO PARÁ - SICOOB COIMPPA;84.156.470;b3S;I;2;S5;9;BELEM;PA;09/2021;71.248;15.425;25.427;12.670;10.270;3.470;682;721;1.314;1.268;0
COOPERATIVA DE CRÉDITO RURAL E ECONOMIA COM INTERAÇÃO SOLIDÁRIA CONCÓRDIA - CRESOL CONCÓRDIA;5.425.526;b3S;I;2;S5;9;CONCORDIA;SC;09/2021;71.178;0;38.294;26.896;3.016;1.335;426;141;338;732;0
COOPERATIVA DE CRÉDITO SICOOB TRANSAMAZÔNICA;24.431.221;b3S;I;2;S5;9;PACAJA;PA;09/2021;71.024;7.595;17.129;17.740;13.053;2.970;1.103;851;1.736;8.846;0
UNICRED REGIONAL NORTE LAGOS - COOPERATIVA DE ECONOMIA E CRÉDITO MÚTUO REGIONAL NORTE LAGOS LTDA;4.445.917;b3S;I;2;S5;9;CAMPOS DOS GOYTACAZES;RJ;09/2021;70.835;10.147;22.763;21.978;14.135;1.148;188;263;29;183;0
COOPERATIVA DE CREDITO POTIGUAR - SICOOB POTIGUAR;2.382.755;b3S;I;2;S5;9;NATAL;RN;09/2021;69.499;3.872;15.159;20.147;24.913;3.621;468;473;368;477;0
COOPERATIVA DE CRÉDITO E ECONOMIA COM INTERAÇÃO SOLIDÁRIA - CRESOL ALIANÇA;7.412.987;b3S;I;2;S5;9;PINHALZINHO;SC;09/2021;69.402;0;33.523;24.958;9.112;567;156;566;23;496;0
FC FINANCEIRA S.A. - CRÉDITO, FINANCIAMENTO E INVESTIMENTO;36.583.700;n1;I;2;S4;14;SAO PAULO;SP;09/2021;69.394;0;49.188;3.426;4.686;3.225;2.684;1.943;1.355;2.887;0
COOPERATIVA DE CRÉDITO RURAL COM INTERAÇÃO SOLIDÁRIA DE POUSO REDONDO - CRESOL POUSO REDONDO;10.453.077;b3S;I;2;S5;9;POUSO REDONDO;SC;09/2021;69.134;0;40.308;22.121;3.255;1.360;843;191;234;824;0
LECCA;51.523;n1;C;2;S4;197;RIO DE JANEIRO;RJ;09/2021;68.647;0;62.854;1.175;650;1.721;329;342;308;1.269;0
COOPERATIVA DE CRÉDITO SICOOB IPÊ - SICOOB IPÊ;24.610.065;b3S;I;2;S5;9;CAMPO GRANDE;MS;09/2021;68.556;7.056;21.659;20.504;13.801;2.346;716;452;584;1.437;0
BR PARTNERS BANCO DE INVESTIMENTO S.A.;13.220.493;b2;I;2;S4;13;SAO PAULO;SP;09/2021;67.868;47.505;10.036;10.327;0;0;0;0;0;0;0
BIORC FINANCEIRA - CRÉDITO, FINANCIAMENTO E INVESTIMENTO S.A.;11.285.104;n1;I;2;S5;14;FLORIANOPOLIS;SC;09/2021;67.830;0;52.524;1.724;2.109;2.121;1.163;1.178;1.223;5.788;0
COOPERATIVA DE CRÉDITO RURAL DE IRAÍ DE MINAS LTDA -SICOOB CREDIMIL;71.207.740;b3S;I;2;S5;9;IRAI DE MINAS;MG;09/2021;67.605;9.073;46.370;11.377;327;357;100;0;0;0;0
BANCOSEGURO S.A.;10.264.663;b1;I;2;S4;8;SAO PAULO;SP;09/2021;66.371;0;57.788;896;774;486;605;810;438;4.574;0
SIMPALA S.A. CRÉDITO, FINANCIAMENTO E INVESTIMENTO;34.991.938;n1;I;2;S4;14;PORTO ALEGRE;RS;09/2021;66.217;0;54.985;2.380;1.656;1.587;1.491;1.615;773;1.731;0
COOPERATIVA CENTRAL DE CRÉDITO DO NORTE DO BRASIL - SICOOB NORTE;3.502.131;b3C;I;2;S4;9;PORTO VELHO;RO;09/2021;65.884;50.000;14.589;0;1.296;0;0;0;0;0;0
COOPERATIVA DE CREDITO RURAL SEARA - CREDISEARA;204.963;b3S;I;2;S5;9;SEARA;SC;09/2021;65.242;0;31.240;16.883;10.268;2.322;1.558;1.258;163;1.551;0
COOPERATIVA DE CRÉDITO RURAL E ECONOMIA COM INTERAÇÃO SOLIDÁRIA DE SÃO VALENTIM - CRESOL SÃO VALENTIM;3.015.152;b3S;I;2;S5;9;SAO VALENTIM;RS;09/2021;64.482;0;32.161;24.893;6.429;384;130;107;55;323;0
ATRIA S.A.- CRÉDITO, FINANCIAMENTO E INVESTIMENTO;5.956.581;n1;I;2;S5;14;ARAUCARIA;PR;09/2021;64.327;0;111;11.047;36.247;110;4.870;1.134;2.691;8.118;0
COOPERATIVA DE CRÉDITO RURAL COM INTERAÇÃO SOLIDÁRIA VALE DO CONTESTADO - CRESOL VALE DO CONTESTADO;9.433.005;b3S;I;2;S5;9;IRINEOPOLIS;SC;09/2021;63.958;0;38.322;19.237;3.538;618;322;355;703;863;0
COOPERATIVA DE CRÉDITO SICOOB UNIDAS;1.042.487;b3S;I;2;S5;9;BELEM;PA;09/2021;63.848;2.602;17.221;19.052;17.167;2.120;1.508;997;873;2.307;0
MERCADO CRÉDITO SOCIEDADE DE CRÉDITO, FINANCIAMENTO E INVESTIMENTO S.A.;37.679.449;n1;I;2;S4;14;OSASCO;SP;09/2021;63.568;0;0;0;21.154;8.299;18.873;16;15.222;4;0
GOLDMAN SACHS;51.585;b2;C;3;S3;198;SAO PAULO;SP;09/2021;63.029;63.029;0;0;0;0;0;0;0;0;0
COOPERATIVA DE CRÉDITO UNICRED CENTRAL MULTIRREGIONAL LTDA. - UCM;184.068;b3C;I;2;S4;9;BELO HORIZONTE;MG;09/2021;62.861;0;20.743;42.119;0;0;0;0;0;0;0
COOPERATIVA DE CRéDITO CREDIBAM LTDA. - SICOOB CREDIBAM;66.259.110;b3S;I;2;S5;9;BAMBUI;MG;09/2021;62.067;0;31.461;19.956;7.159;1.521;517;491;172;790;0
COOPERATIVA DE CRÉDITO COGEM;44.401.800;b3S;I;2;S5;9;SAO BERNARDO DO CAMPO;SP;09/2021;61.698;0;58.600;209;473;753;564;188;171;740;0
COOPERATIVA DE CRÉDITO, POUPANÇA E INVESTIMENTO DOS MILITARES ESTADUAIS DO RIO GRANDE DO SUL - SICREDI MIL RS;3.212.823;b3S;I;2;S4;9;PORTO ALEGRE;RS;09/2021;61.430;606;47.236;7.484;2.698;992;393;479;245;1.298;0
CENTRAL DE COOPERATIVAS DE ECONOMIA E CRÉDITO MÚTUO DO ESTADO DO RIO GRANDE DO SUL LTDA - UNICRED CENTRAL RS;1.634.601;b3C;I;2;S4;9;PORTO ALEGRE;RS;09/2021;60.637;7.285;53.352;0;0;0;0;0;0;0;0
COOPERATIVA DE CRÉDITO SICOOB CREDCOOP LTDA.;2.528.151;b3S;I;2;S5;9;VITORIA DA CONQUISTA;BA;09/2021;60.515;4.717;25.157;15.265;8.881;3.012;832;257;506;1.890;0
COOPERATIVA DE CRÉDITO DO SUDOESTE BAIANO LTDA - SICOOB CREDICONQUISTA;2.282.165;b3S;I;2;S5;9;VITORIA DA CONQUISTA;BA;09/2021;60.427;3.079;15.403;13.059;19.897;3.278;1.458;458;909;2.886;0
COOPERATIVA DE ECONOMIA E CRÉDITO MÚTUO DOS TRABALHADORES DO GRUPO SÃO MARTINHO   USICRED;2.562.412;b3S;I;2;S5;9;PRADOPOLIS;SP;09/2021;59.756;0;59.251;264;127;33;3;9;1;67;0
DUFRIO FINANCEIRA, CRÉDITO, FINANCIAMENTO E INVESTIMENTOS S.A.;35.479.592;n1;I;2;S5;14;PORTO ALEGRE;RS;09/2021;59.389;0;47.790;7.715;2.005;660;587;31;244;356;0
COOPERATIVA DE CRÉDITO SICREDI ALTO SERTÃO PARAIBANO - SICREDI ALTO SERTÃO PARAIBANO;9.343.038;b3S;I;2;S5;9;SOUSA;PB;09/2021;59.284;6.855;27.350;18.619;2.974;2.006;365;91;285;740;0
COOPERATIVA DE CRÉDITO MÚTUO DO CEARÁ - SICOOB CEARÁ;3.620.772;b3S;I;2;S5;9;FORTALEZA;CE;09/2021;59.149;9.927;20.250;12.936;12.214;2.037;469;703;428;185;0
COOPERATIVA DE CRÉDITO DE LIVRE ADMISSÃO DE ITAJUBÁ LTDA - SICOOB SUL DE MINAS;4.079.285;b3S;I;2;S5;9;ITAJUBA;MG;09/2021;58.697;4.242;23.030;14.176;10.309;3.137;1.645;382;750;1.025;0
COOPERATIVA DE CRÉDITO DE LIVRE ADMISSÃO DE ASSOCIADOS - SICOOB CRUZ ALTA;73.326.449;b3S;I;2;S5;9;CRUZ ALTA;RS;09/2021;58.510;2.896;14.247;15.117;17.268;6.607;1.013;826;237;299;0
CREDISIS SUDOESTE/RO - COOPERATIVA DE CRÉDITO E INVESTIMENTO DO SUDOESTE DE RONDÔNIA LTDA.;3.985.375;b3S;I;2;S5;9;ROLIM DE MOURA;RO;09/2021;58.047;0;29.001;18.607;4.505;1.411;1.607;651;672;1.594;0
COOPERATIVA DE ECONOMIA E CREDITO MUTUO DOS MEDICOS E CATEGORIAS AFINS-UNICRED NITEROI LTDA;1.090.027;b3S;I;2;S5;9;NITEROI;RJ;09/2021;57.851;7.046;23.656;10.472;11.268;3.663;1.036;444;88;179;0
COOPERATIVA DE CRÉDITO DOS MILITARES E DA SEGURANÇA PÚBLICA NO DISTRITO FEDERAL LTDA. - SICOOB DFMIL;4.649.337;b3S;I;2;S5;9;BRASILIA;DF;09/2021;57.158;14.364;20.487;9.824;8.520;2.236;523;492;145;569;0
COOPERATIVA DE CRÉDITO DE LIVRE ADMISSÃO DA REGIÃO DO CAPARAÓ LTDA. - SICOOB SAÚDE;71.261.184;b3S;I;2;S5;9;CARATINGA;MG;09/2021;56.696;8.417;18.552;15.266;10.322;2.068;339;504;135;1.092;0
COOPERATIVA DE CRÉDITO CREDICAPI LTDA - SICOOB CREDICAPI;804.046;b3S;I;2;S5;9;CAPITOLIO;MG;09/2021;56.220;186;26.173;14.388;10.954;3.167;495;300;150;408;0
COOPERATIVA DE ECONOMIA E CRÉDITO MÚTUO DOS FUNCIONÁRIOS DO ATACADÃO;52.046.299;b3S;I;2;S5;9;SAO PAULO;SP;09/2021;56.193;0;51.669;2.051;492;439;405;309;227;601;0
COOPERATIVA DE CRÉDITO E INVESTIMENTOS DO ACRE - SICOOB ACRE;3.528.402;b3S;I;2;S5;9;RIO BRANCO;AC;09/2021;54.777;7.328;23.057;9.846;4.618;1.763;1.320;1.126;1.165;4.553;0
COOPERATIVA DE ECONOMIA E CRÉDITO MÚTUO DOS EMPREGADOS DO GRUPO FEMSA BRASIL;43.488.782;b3S;I;2;S5;9;SAO PAULO;SP;09/2021;54.406;0;52.386;370;251;328;249;134;110;579;0
COOPERATIVA DE CREDITO E ECONOMIA COM INTERAÇÃO SOLIDARIA DE QUILOMBO - CRESOL QUILOMBO;73.254.757;b3S;I;2;S5;9;QUILOMBO;SC;09/2021;54.379;0;29.511;20.328;3.110;398;162;63;77;730;0
BANCO OURINVEST S.A.;78.632.767;b1;I;2;S4;8;SAO PAULO;SP;09/2021;54.205;4.555;48.886;29;597;15;14;7;12;91;0
COOPERATIVA DE CREDITO DE LIVRE ADMISSÃO DE MARTINHO CAMPOS LTDA - SICOOB CREDIMAC;64.480.833;b3S;I;2;S5;9;MARTINHO CAMPOS;MG;09/2021;54.116;3.115;20.573;11.822;15.865;1.145;314;537;124;620;0
COOPERATIVA DE CRÉDITO E ECONOMIA COM INTERAÇÃO SOLIDARIA DE PORTO XAVIER - CRESOL PORTO XAVIER;5.442.759;b3S;I;2;S5;9;PORTO XAVIER;RS;09/2021;54.050;0;31.383;18.319;2.560;231;149;231;185;993;0
COOPERATIVA DE CRÉDITO DA REGIÃO DO VALE DO RIO GRANDE LTDA. - SICOOB CREDILEITE;86.585.049;b3S;I;2;S5;9;UBERABA;MG;09/2021;53.636;5.312;17.240;16.052;9.020;3.320;501;925;376;890;0
COOPERATIVA DE CRÉDITO, POUPANÇA E INVESTIMENTO DOS JUÍZES E CARREIRAS PÚBLICAS DO DIREITO DO ESTADO DO RIO GRANDE DO SUL - SICREDI AJURIS RS;3.750.034;b3S;I;2;S4;9;PORTO ALEGRE;RS;09/2021;52.654;67;45.520;5.268;1.448;304;25;21;0;0;0
COOPERATIVA DE CRÉDITO DE LIVRE ADMISSÃO DO ESTADO DO PARÁ - SICOOB COOESA;83.836.114;b3S;I;2;S5;9;BELEM;PA;09/2021;52.440;13.298;19.782;9.289;6.402;1.901;388;321;288;771;0
COOPERATIVA DE CRÉDITO, POUPANÇA E INVESTIMENTO DO SISTEMA DE JUSTIÇA NO ESTADO DO CEARÁ - SICREDI COOPERJURIS;8.041.950;b3S;I;2;S5;9;FORTALEZA;CE;09/2021;52.133;0;49.929;504;552;652;7;267;60;161;0
COOPERATIVA DE ECONOMIA E CRÉDITO MÚTUO DOS SERVIDORES DA UNIVERSIDADE FEDERAL DE VIÇOSA LTDA. - SICOOB UFVCREDI;2.794.761;b3S;I;2;S5;9;VICOSA;MG;09/2021;52.097;6.118;22.424;10.250;6.540;3.425;1.891;621;140;689;0
COOPERATIVA DE CRÉDITO, POUPANÇA E INVESTIMENTO ALTO RIO GRANDE MG - SICREDI CREDIGRANDE MG;25.626.490;b3S;I;2;S4;9;LAVRAS;MG;09/2021;50.899;845;19.272;18.427;8.249;2.233;1.128;110;212;423;0
COOPERATIVA DE CRÉDITO E ECONOMIA COM INTERAÇÃO SOLIDÁRIA DE VITOR MEIRELES - CRESOL VITOR MEIRELES;7.320.890;b3S;I;2;S5;9;VITOR MEIRELES;SC;09/2021;50.645;0;24.675;8.556;4.259;838;553;548;510;10.706;0
COOPERATIVA DE CRÉDITO DE LIVRE ADMISSÃO DE JATAÍ E REGIÃO LTDA.;10.143.499;b3S;I;2;S5;9;JATAI;GO;09/2021;50.180;0;22.380;13.938;10.086;3.287;238;33;75;143;0
COOPERATIVA DE CRÉDITO DE LIVRE ADMISSÃO DE SANTA CRUZ DAS PALMEIRAS E REGIÃO;6.910.457;b3S;I;2;S5;9;SANTA CRUZ DAS PALMEIRAS;SP;09/2021;49.903;4.289;10.707;10.365;12.507;4.185;2.304;2.457;619;2.469;0
COOPERATIVA DE CRÉDITO, POUPANÇA E INVESTIMENTO DOS POLICIAIS FEDERAIS DO RIO GRANDE DO SUL E SANTA CATARINA - SICREDI POL RS/SC;3.000.142;b3S;I;2;S4;9;PORTO ALEGRE;RS;09/2021;49.849;0;43.309;5.105;1.141;157;42;58;0;38;0
COOPERATIVA DE CREDITO RURAL COM INTERACAO SOLIDARIA CONEXÕES -CRESOL CONEXÕES;5.220.232;b3S;I;2;S5;9;SANTA MARIA;RS;09/2021;49.537;0;29.216;14.417;4.064;982;274;14;151;420;0
COOPERATIVA DE CRÉDITO, POUPANÇA E INVESTIMENTO EMPREENDEDORES - SICREDI EMPREENDEDORES PR;7.070.495;b3S;I;2;S4;9;CURITIBA;PR;09/2021;49.260;3.044;23.498;13.623;5.285;1.812;355;349;134;1.160;0
COOPERATIVA DE CRÉDITO DE LIVRE ADMISSÃO DE DORES DO INDAIÁ LTDA. - SICOOB CREDINDAIÁ;71.069.587;b3S;I;2;S5;9;DORES DO INDAIA;MG;09/2021;49.118;4.824;20.774;9.691;9.903;2.255;552;204;54;862;0
COOPERATIVA DE CRÉDITO E ECONOMIA COM INTERAÇÃO SOLIDÁRIA DE XANXERÊ - CRESOL XANXERÊ;7.509.426;b3S;I;2;S5;9;XANXERE;SC;09/2021;48.804;0;28.206;15.619;3.352;618;272;150;21;567;0
SICOOB CREDIMONTES - COOPERATIVA DE CRÉDITO DE LIVRE ADMISSÃO REGIONAL DE MONTES CLAROS LTDA;2.031.139;b3S;I;2;S5;9;MONTES CLAROS;MG;09/2021;48.210;4.608;22.591;14.548;3.309;1.860;702;125;35;432;0
COOPERATIVA DE CRÉDITO E ECONOMIA COM INTERAÇÃO SOLIDÁRIA DE FORMOSA DO SUL - CRESOL FORMOSA;5.269.976;b3S;I;2;S5;9;FORMOSA DO SUL;SC;09/2021;47.933;0;25.873;15.264;4.954;346;311;70;74;1.041;0
COOPERATIVA DE ECONOMIA E CRÉDITO MÚTUO DOS MILITARES ESTADUAIS DE SANTA CATARINA - CREDPOM;4.572.960;b3S;I;2;S5;9;FLORIANOPOLIS;SC;09/2021;47.641;10.033;20.370;9.343;5.290;1.495;277;439;87;307;0
COOPERATIVA DE CRÉDITO DE LIVRE ADMISSÃO DE ARCOS LTDA. - SICOOB ARCOMCREDI;71.230.338;b3S;I;2;S5;9;ARCOS;MG;09/2021;47.353;2.809;13.601;18.782;8.807;2.246;176;59;81;791;0
COOPERATIVA DE CRÉDITO DE RIO RUFINO - SICOOB CREDIUNIÃO;2.448.839;b3S;I;2;S5;9;RIO RUFINO;SC;09/2021;46.573;6.427;18.456;11.685;5.622;2.275;1.275;559;11;262;0
COOPERATIVA DE CRÉDITO E ECONOMIA COM INTERAÇÃO SOLIDÁRIA DE CORONEL MARTINS - CRESOL PEDRA BRANCA;5.070.112;b3S;I;2;S5;9;CORONEL MARTINS;SC;09/2021;46.501;0;25.529;16.239;3.339;556;255;308;85;190;0
COOPERATIVA DE CRÉDITO RURAL E ECONOMIA COM INTERAÇÃO SOLIDÁRIA DE JAGUARUNA - CRESOL JAGUARUNA;5.410.056;b3S;I;2;S5;9;JAGUARUNA;SC;09/2021;46.277;0;32.386;7.175;3.961;467;531;441;649;666;0
COOPERATIVA DE ECONOMIA E CRÉDITO MÚTUO DAS EMPRESAS, EMPREGADOS E PRESTADORES DE SERVIÇO DAS METALÚRGICAS, SIDERÚRGICAS E INDUSTRIAIS - SICOOB COPESITA;19.875.244;b3S;I;2;S5;9;TIMOTEO;MG;09/2021;46.151;694;11.484;13.740;14.257;4.201;662;389;241;481;0
COOPERATIVA DE ECONOMIA E CRÉDITO MÚTUO DOS MÉDICOS E DEMAIS PROFISSIONAIS DE NÍVEL SUPERIOR DA ÁREA DE SAÚDE DE OURINHOS - OURICRED;2.179.673;b3S;I;2;S5;9;OURINHOS;SP;09/2021;46.000;9.252;14.090;7.477;6.145;4.590;1.707;549;474;1.717;0
COOPERATIVA DE ECONOMIA E CRÉDITO MÚTUO SICOOB METALCRED;4.833.655;b3S;I;2;S5;9;SAO PAULO;SP;09/2021;45.972;724;17.240;7.429;11.160;3.499;1.154;1.662;568;2.537;0
COOPERATIVA DE ECONOMIA E CRÉDITO MÚTUO DOS SERVIDORES DO PODER LEGISLATIVO FEDERAL E DO DISTRITO FEDERAL - SICOOB LEGISLATIVO;3.329.154;b3S;I;2;S5;9;BRASILIA;DF;09/2021;45.164;19.198;13.831;4.605;4.664;792;816;470;254;534;0
COOPERATIVA DE CREDITO , POUPANÇA E INVESTIMENTO DO ESTADO DO PIAUÍ - SICREDI PIAUÍ;3.128.973;b3S;I;2;S5;9;TERESINA;PI;09/2021;45.045;1.430;15.185;15.388;8.798;2.246;870;406;111;612;0
COOPERATIVA DE ECONOMIA E CRÉDITO MÚTUO DOS SERVIDORES DA FUNDAÇÃO HOSPITALAR E EMPREGADOS DOS ESTABELECIMENTOS HOSPITALARES DE BELO HORIZONTE, REGIÃO METROPOLITANA E ZONA DA MATA LTDA.- SICOOB CECREF;19.402.130;b3S;I;2;S5;9;BELO HORIZONTE;MG;09/2021;45.018;0;26.152;12.016;4.835;1.019;291;123;54;528;0
COOPERATIVA DE CRÉDITO DE LIVRE ADMISSÃO DE ASSOCIADOS DE JARAGUÁ DO SUL E REGIÃO - SICOOB CEJASCRED;12.384.953;b3S;I;2;S5;9;JARAGUA DO SUL;SC;09/2021;44.982;1.378;9.155;15.911;10.145;4.376;717;1.772;93;1.433;0
COOPERATIVA DE CRÉDITO DE LIVRE ADMISSÃO DO CIRCUITO DAS ÁGUAS - SICOOB CIRCUITO DAS ÁGUAS;3.941.182;b3S;I;2;S5;9;AGUAS DE LINDOIA;SP;09/2021;44.834;7.632;12.712;10.931;8.064;3.135;1.003;377;257;724;0
AGÊNCIA DE FOMENTO DO ESTADO DE MATO GROSSO S/A - DESENVOLVE MT;6.284.531;n1;I;1;S4;30;CUIABA;MT;09/2021;44.698;0;10.662;17.432;8.430;5.183;355;125;100;2.411;0
CREDISIS CREDIBRÁS COOPERATIVA DE CRÉDITO E INVESTIMENTO DE LIVRE ADMISSÃO DO OESTE DE RONDÔNIA;5.597.773;b3S;I;2;S5;9;NOVA BRASILANDIA;RO;09/2021;44.609;0;10.090;7.354;20.695;5.824;228;57;44;318;0
AGÊNCIA DE FOMENTO DO ESTADO DE PERNAMBUCO S.A.;13.178.690;n1;I;1;S4;30;RECIFE;PE;09/2021;44.533;0;29.908;6.689;3.290;671;607;589;287;2.490;0
COOPERATIVA DE CRÉDITO SICOOB COOPEMAR LTDA;4.174.720;b3S;I;2;S5;9;MAIRI;BA;09/2021;44.445;4.395;17.079;11.866;8.212;1.087;217;225;263;1.101;0
COOPERATIVA DE CRÉDITO MÚTUO DOS SERVIDORES MUNICIPAIS DE SÃO JOÃO DA BOA VISTA - CREDIVISTA;74.248.949;b3S;I;2;S5;9;SAO JOAO DA BOA VISTA;SP;09/2021;43.853;0;36.932;3.892;2.276;77;482;0;41;153;0
COOPERATIVA DE ECONOMIA E CRÉDITO MÚTUO DOS EMPREGADOS DO BANRISUL;92.935.741;b3S;I;2;S5;9;PORTO ALEGRE;RS;09/2021;43.640;2.036;17.747;15.025;5.810;1.915;568;141;169;229;0
COOPERATIVA DE ECONOMIA E CRÉDITO MÚTUO - SICOOB COOPERAC;8.071.414;b3S;I;2;S5;9;RIBEIRAO PRETO;SP;09/2021;43.610;4.079;16.076;13.051;6.493;902;741;964;673;631;0
COOPERATIVA DE CRÉDITO SICOOB ITAPAGIPE LTDA - SICOOB ITAPAGIPE;71.506.513;b3S;I;2;S5;9;ITAPAGIPE;MG;09/2021;43.242;4.445;25.380;9.112;3.059;809;23;34;17;364;0
COOPERATIVA DE CRÉDITO DE LIVRE ADMISSÃO DO OESTE MARANHENSE - SICOOB OESTE MARANHENSE;9.424.988;b3S;I;2;S5;9;ACAILANDIA;MA;09/2021;43.195;6.644;10.126;12.423;9.937;1.692;627;742;208;797;0
UNICRED COSTA DO SOL RJ - COOPERATIVA DE ECONOMIA E CRÉDITO MÚTUO LTDA.;39.231.527;b3S;I;2;S5;9;MACAE;RJ;09/2021;42.702;9.972;11.875;13.887;5.013;985;351;184;52;384;0
COOPERATIVA DE CRÉDITO DE LIVRE ADMISSÃO DE ARAXÁ LTDA - SICOOB COOCREZ;71.378.426;b3S;I;2;S5;9;ARAXA;MG;09/2021;42.647;1.801;12.065;13.781;11.873;1.326;300;98;6;1.396;0
COOPERATIVA DE CREDITO RURAL E ECONOMIA COM INTERAÇÃO SOLIDARIA DE RIO FORTUNA - CRESOL RIO FORTUNA;7.958.405;b3S;I;2;S5;9;RIO FORTUNA;SC;09/2021;41.944;0;28.050;9.575;2.913;977;70;53;68;238;0
COOPERATIVA DE CRÉDITO DOS SERVIDORES DA UNIÃO, EMPRESÁRIOS, PROFISSIONAIS AUTÔNOMOS E LIBERAIS - SICOOB CENTRO NORDESTE;3.102.185;b3S;I;2;S5;9;JOAO PESSOA;PB;09/2021;41.837;4.185;14.159;13.021;6.263;2.125;689;587;36;772;0
COOPERATIVA DE ECONOMIA E CRÉDITO MÚTUO DOS SERVIDORES PÚBLICOS NO ESTADO DO ESPÍRITO SANTO;1.330.295;b3S;I;2;S5;9;VITORIA;ES;09/2021;41.054;6.069;14.608;7.054;7.376;3.323;669;853;217;885;0
COOPERATIVA DE CREDITO DE LIVRE ADMISSÃO DA REGIÃO SUDESTE DE MINAS GERAIS LTDA. - SICOOB CREDISUCESSO;42.887.133;b3S;I;2;S5;9;BOM SUCESSO;MG;09/2021;40.820;3.883;18.606;10.907;6.225;472;160;27;77;463;0
COOPERATIVA DE ECONOMIA E CRÉDITO MÚTUO DOS FUNCIONÁRIOS DA CEPLAC LTDA. - SICOOB COOPEC;32.615.247;b3S;I;2;S5;9;ITABUNA;BA;09/2021;40.715;4.275;11.822;8.132;10.559;3.358;1.114;781;69;605;0
COOPERATIVA DE CRÉDITO RURAL DOS FORNECEDORES DE CANA DA REGIÃO DE CATANDUVA-COFOCRED;49.654.502;b3S;I;2;S5;9;CATANDUVA;SP;09/2021;40.145;0;3.050;5.619;13.010;17.212;194;0;0;1.060;0
COOPERATIVA DE CRÉDITO NO PIAUÍ - SICOOB PIAUÍ;5.477.038;b3S;I;2;S5;9;TERESINA;PI;09/2021;40.074;3.705;10.618;12.236;10.436;733;1.143;185;200;818;0
COOPERATIVA DE ECONOMIA E CRÉDITO MÚTUO DOS PROFISSIONAIS DA ÁREA NOTARIAL E REGISTRAL - COOPNORE;7.714.057;b3S;I;2;S5;9;PORTO ALEGRE;RS;09/2021;40.044;8.149;14.171;7.817;5.557;1.697;1.489;324;36;804;0
COOPERATIVA DE ECONOMIA E CRÉDITO MÚTUO - COOPERSERV;5.667.301;b3S;I;2;S5;9;LENCOIS PAULISTA;SP;09/2021;39.793;2.012;23.608;8.132;3.461;1.120;503;440;228;291;0
COOPERATIVA DE CRÉDITO DE SÃO FRANCISCO DE SALES LTDA. - SICOOB CREDISALES;1.374.196;b3S;I;2;S5;9;SAO FRANCISCO DE SALES;MG;09/2021;39.567;3.390;20.350;8.437;5.087;243;335;5;19;1.701;0
COOPERATIVA DE CRÉDITO, POUPANÇA E INVESTIMENTO BANDEIRANTES - SICREDI BANDEIRANTES SP;4.853.988;b3S;I;2;S4;9;SAO CARLOS;SP;09/2021;39.314;1.036;15.137;15.180;4.814;1.449;325;153;105;1.114;0
BANCO INDUSCRED DE INVESTIMENTO S.A.;33.588.252;b2;I;2;S4;13;SAO PAULO;SP;09/2021;39.085;0;34.749;419;0;0;1.988;1.929;0;0;0
COOPERATIVA DE ECONOMIA E CRÉDITO MÚTUO DOS SERVIDORES DA JUSTIÇA DO ESTADO DE MINAS GERAIS LTDA. - SICOOB CREDJUS;4.894.460;b3S;I;2;S5;9;BELO HORIZONTE;MG;09/2021;38.212;8.150;21.449;5.231;3.305;77;0;0;0;0;0
AGENCIA DE FOMENTO DO RIO GRANDE DO NORTE S.A.;3.848.103;n1;I;1;S4;30;NATAL;RN;09/2021;38.037;0;31.969;1.659;1.043;550;620;349;461;1.385;0
COOPERATIVA DE CRÉDITO DE LIVRE ADMISSÃO DE CERES E RIALMA LTDA;9.576.849;b3S;I;2;S5;9;CERES;GO;09/2021;37.805;0;22.338;8.209;5.598;949;163;30;322;196;0
COOPERATIVA DE CRÉDITO DE LIVRE ADMISSÃO DA REGIÃO DE GUAXUPÉ LTDA. - SICOOB ACICREDI;1.699.652;b3S;I;2;S5;9;GUAXUPE;MG;09/2021;37.600;1.545;9.504;13.883;7.917;1.842;318;1.041;607;943;0
COOPERATIVA DE CAPITAL E EMPRÉSTIMO COOPERMULTICRED - COOPERMC;51.010.858;b3S;I;2;S5;9;GUARULHOS;SP;09/2021;37.206;0;35.871;23;827;86;16;27;10;346;0
COOPERATIVA DE CRÉDITO RURAL E ECONOMIA COM INTERAÇÃO SOLIDÁRIA DE ÁUREA - CRESOL ÁUREA;2.904.138;b3S;I;2;S5;9;AUREA;RS;09/2021;36.537;0;19.075;14.932;736;494;243;8;9;1.041;0
COOPERATIVA DE ECONOMIA E CRÉDITO MÚTUO DO GRUPO BASF;74.244.344;b3S;I;2;S5;9;SAO PAULO;SP;09/2021;36.355;0;31.575;3.904;103;78;28;86;53;530;0
AGÊNCIA DE FOMENTO DO ESTADO DO AMAZONAS S.A. - AFEAM;3.183.937;n1;I;1;S4;30;MANAUS;AM;09/2021;36.316;0;6.826;5.718;13.954;754;359;343;0;8.363;0
COOPERATIVA DE ECONOMIA E CREDITO MUTUO DOS EMPREGADOS DAS EMPRESAS RANDON;89.280.960;b3S;I;2;S5;9;CAXIAS DO SUL;RS;09/2021;35.713;576;24.609;6.661;1.830;447;143;204;152;1.091;0
AGÊNCIA DE FOMENTO E DESENVOLVIMENTO DO ESTADO DO PIAUÍ S.A. PIAUÍ FOMENTO;11.836.226;n1;I;1;S4;30;TERESINA;PI;09/2021;35.625;0;20.493;10.299;2.264;655;708;183;47;976;0
CENTRAL SICOOB UNI DE COOPERATIVAS DE CRÉDITO;4.243.780;b3C;I;2;S4;9;GOIANIA;GO;09/2021;35.460;35.000;0;460;0;0;0;0;0;0;0
CREDITÁ S/A CRÉDITO, FINANCIAMENTO E INVESTIMENTO;12.599.971;n1;I;2;S5;14;PORTO ALEGRE;RS;09/2021;35.397;0;6.874;7.992;19.761;463;0;307;0;0;0
COOPERATIVA DE ECONOMIA E CRÉDITO MÚTUO DOS FUNCIONÁRIOS DA NESTLÉ - CREDI NESTLÉ;62.562.012;b3S;I;2;S5;9;SAO PAULO;SP;09/2021;35.189;0;33.641;215;673;230;180;52;23;175;0
COOPERATIVA DE CREDITO CREDLIDER - SICOOB CREDLIDER;5.463.934;b3S;I;2;S5;9;VOTUPORANGA;SP;09/2021;35.171;2.190;12.297;7.546;10.126;759;902;649;87;616;0
AGÊNCIA DE FOMENTO DE ALAGOAS S.A.;10.769.660;n1;I;1;S4;30;MACEIO;AL;09/2021;34.978;0;11.453;14.922;3.456;1.486;254;415;121;2.871;0
COOPERATIVA CENTRAL DE CRÉDITO DA BAHIA LTDA - SICOOB CENTRAL BA;34.148.882;b3C;I;2;S4;9;SALVADOR;BA;09/2021;34.110;0;24.737;9.373;0;0;0;0;0;0;0
COOPERATIVA DE CRÉDITO, POUPANÇA E INVESTIMENTO DOS PROFESSORES, FUNCIONÁRIOS E ALUNOS DA UNIVERSIDADE DE CAXIAS DO SUL - SICREDI COOPERUCS;4.525.997;b3S;I;2;S4;9;CAXIAS DO SUL;RS;09/2021;33.872;1.350;13.183;11.335;5.695;1.479;147;72;40;571;0
SICREDI COOMAMP - COOPERATIVA DE CRÉDITO DOS MEMBROS DE INSTITUIÇÕES PÚBLICAS DAS CARREIRAS JURÍDICAS E DOS SERVIDORES PÚBLICOS FEDERAIS, ESTADUAIS E MUNICIPAIS EM SÃO LUÍS/MA E MUNICÍPIOS CIRCUNVIZIN;5.545.390;b3S;I;2;S5;9;SAO LUIS;MA;09/2021;33.724;0;30.489;1.156;735;738;191;152;166;97;0
COOPERATIVA DE CRÉDITO E INVESTIMENTOS DE RONDÔNIA - SICOOB CREDJURD;4.751.713;b3S;I;2;S5;9;PORTO VELHO;RO;09/2021;33.264;5.116;11.307;4.699;6.488;3.436;575;354;91;1.199;0
COOPERATIVA DE ECONOMIA E CRÉDITO MÚTUO DE LIVRE ADMISSÃO DE ARARAQUARA E REGIÃO - SICOOB;53.236.808;b3S;I;2;S5;9;ARARAQUARA;SP;09/2021;33.135;2.056;10.383;7.203;6.471;2.921;830;976;304;1.991;0
COOPERATIVA DE CRÉDITO CLÁSSICA DOS EMPREGADOS DA VALE S/A E ENTIDADES VINCULADAS LTDA. - SICOOB COOPVALE;33.924.028;b3S;I;2;S5;9;RIO DE JANEIRO;RJ;09/2021;32.802;2.281;9.062;8.056;8.207;2.362;933;221;574;1.107;0
ANDBANK;51.949;b1;C;3;S4;199;SAO PAULO;SP;09/2021;32.784;11.027;15.723;6.034;0;0;0;0;0;0;0
COOPERATIVA DE CRÉDITO E ECONOMIA COM INTERAÇÃO SOLIDÁRIA DE CORONEL FREITAS - CRESOL CORONEL FREITAS;8.647.473;b3S;I;2;S5;9;CORONEL FREITAS;SC;09/2021;32.599;0;14.754;14.311;1.423;380;803;66;71;791;0
COOPERATIVA DE CRÉDITO DE LIVRE ADMISSÃO DE ASSOCIADOS DE DORES DO INDAIÁ LTDA - COOPCREDI;2.254.376;b3S;I;2;S5;9;DORES DO INDAIA;MG;09/2021;32.510;2.477;11.866;5.524;8.322;2.656;636;388;305;337;0
COOPERATIVA DE CRÉDITO, POUPANÇA E INVESTIMENTO DOS INTEGRANTES DA MAGISTRATURA E DO MINISTÉRIO PÚBLICO NO ESTADO DO PARANÁ - SICREDI CREDJURIS;4.886.317;b3S;I;2;S4;9;CURITIBA;PR;09/2021;32.378;464;30.250;1.016;552;44;23;11;0;19;0
COOPERATIVA DE CREDITO RURAL E ECONOMIA COM INTERAÇÃO SOLIDARIA DE SÃO JOÃO DO SUL - CRESOL SÃO JOÃO DO SUL;9.488.496;b3S;I;2;S5;9;SAO JOAO DO SUL;SC;09/2021;32.055;0;20.058;8.405;2.793;393;99;53;25;231;0
COOPERATIVA DE CRÉDITO CREDINOSSO LTDA - SICOOB CREDINOSSO;6.324.872;b3S;I;2;S5;9;MONTES CLAROS;MG;09/2021;31.597;0;10.143;8.002;10.206;2.261;178;382;59;365;0
COOPERATIVA DE CRÉDITO RURAL DE OURO   SULCREDI/OURO;7.853.842;b3S;I;2;S5;9;OURO;SC;09/2021;31.437;0;10.986;7.229;5.623;856;1.121;494;675;4.454;0
COOPERATIVA DE CREDITO RURAL ASCOOB SISAL;63.229.629;b3S;I;2;S5;9;SERRINHA;BA;09/2021;31.303;0;22.607;3.020;1.620;1.033;504;576;503;1.441;0
CREDISIS OESTE - COOPERATIVA DE CRÉDITO E INVESTIMENTO DO OESTE;4.985.665;b3S;I;2;S5;9;ESPIGAO D'OESTE;RO;09/2021;31.226;0;4.874;19.703;6.342;24;78;141;2;60;0
COOPERATIVA DE CRéDITO MúTUO DE LIVRE ADMISSãO DA REGIãO ADMINISTRATIVA DE SOROCABA - SICOOB COOPERASO;10.175.348;b3S;I;2;S5;9;SOROCABA;SP;09/2021;31.218;1.102;12.199;8.925;5.731;1.690;475;526;40;530;0
COOPERATIVA DE CRÉDITO RURAL E ECONOMIA COM INTERAÇÃO SOLIDÁRIA DE JACINTO MACHADO - CRESOL JACINTO MACHADO;9.463.721;b3S;I;2;S5;9;JACINTO MACHADO;SC;09/2021;31.211;0;19.915;7.716;2.385;257;183;111;78;566;0
COOPERATIVA DE CRÉDITO MÚTUO DOS EMPREGADOS DO MAGAZINE LUIZA, EMPRESAS CONTROLADAS E COLIGADAS - COOPLUIZA;2.093.154;b3S;I;2;S5;9;FRANCA;SP;09/2021;30.729;0;27.294;965;673;853;175;154;139;476;0
SICOOB CREDICONSUMO - COOPERATIVA DE CRéDITO;47.074.323;b3S;I;2;S5;9;SANTO ANDRE;SP;09/2021;30.570;436;19.404;4.132;2.311;1.423;1.277;259;182;1.146;0
GREENCRED - COOPERATIVA DE CREDITO;2.347.114;b3S;I;2;S5;9;CURITIBA;PR;09/2021;30.048;0;12.987;9.185;2.734;2.508;1.124;353;282;875;0
COOPERATIVA CENTRAL DE ECONOMIA E CRÉDITO MÚTUO  - SICOOB UNIMAIS;73.085.573;b3C;I;2;S4;9;SAO PAULO;SP;09/2021;30.000;0;28.000;0;2.000;0;0;0;0;0;0
COOPERATIVA DE CRÉDITO RURAL ASCOOB ITAPICURU - ASCOOB ITAPICURU.;3.921.543;b3S;I;2;S5;9;SANTALUZ;BA;09/2021;29.298;0;17.881;2.822;1.644;928;635;724;664;4.000;0
COOPERATIVA DE ECONOMIA E CRÉDITO MÚTUO SICOOB SANTA;65.560.658;b3S;I;2;S5;9;SAO PAULO;SP;09/2021;29.032;0;13.804;5.689;2.523;898;1.079;756;1.250;3.034;0
COOPERATIVA DE ECONOMIA E CRÉDITO DOS EMPREGADOS DOS CORREIOS LTDA. - SICOOB COOPERCORREIOS;3.862.898;b3S;I;2;S5;9;BELO HORIZONTE;MG;09/2021;28.919;103;15.216;4.979;3.685;1.878;651;590;452;1.364;0
COOPERATIVA DE ECONOMIA E CRÉDITO MÚTUO DOS FUNCIONÁRIOS DA CARGILL;68.228.006;b3S;I;2;S5;9;SAO PAULO;SP;09/2021;28.756;0;24.872;398;1.514;195;194;105;61;1.419;0
COOPERÁGUIA - COOPERATIVA DE ECONOMIA E CRÉDITO MÚTUO DOS EMPREGADOS DO GRUPO ÁGUIA BRANCA;27.171.974;b3S;I;2;S5;9;CARIACICA;ES;09/2021;28.594;0;28.437;19;5;24;27;11;15;56;0
COOPERATIVA DE CREDITO CLASSICA DO ESTADO DO RIO DE JANEIRO - SICOOB EMPRESAS RJ;4.120.633;b3S;I;2;S5;9;RIO DE JANEIRO;RJ;09/2021;28.462;1.410;3.198;5.992;10.711;3.954;1.531;514;320;832;0
COOPERATIVA DE ECONOMIA E CRÉDITO MÚTUO DOS EMPRESÁRIOS DE AMERICANA, LIMEIRA E REGIÃO - SICOOB ACICRED;9.579.249;b3S;I;2;S5;9;AMERICANA;SP;09/2021;28.363;3.844;8.813;5.784;5.600;1.498;113;361;329;2.020;0
COOPERATIVA DE CRÉDITO SICOOB COOPERBOM LTDA;74.026.998;b3S;I;2;S5;9;SALVADOR;BA;09/2021;27.936;707;11.544;5.215;5.770;528;1.205;102;194;2.672;0
CENTRAL DAS COOPERATIVAS DE CREDITO UNICOOB - SICOOB CENTRAL UNICOOB;5.036.532;b3C;I;2;S4;9;MARINGA;PR;09/2021;27.933;0;24.433;3.500;0;0;0;0;0;0;0
COOPERATIVA DE CRÉDITO DE SERVIDORES PÚBLICOS COOPERPLAN LTDA. - SICOOB COOPERPLAN;2.674.113;b3S;I;2;S5;9;BRASILIA;DF;09/2021;27.413;7.909;7.573;5.397;4.746;489;160;359;100;681;0
COOPERATIVA DE CRÉDITO MÚTUO DOS SERVIDORES PÚBLICOS MUNICIPAIS DE SÃO BERNARDO DO CAMPO - CREDIABC;3.612.679;b3S;I;2;S5;9;SAO BERNARDO DO CAMPO;SP;09/2021;27.345;0;26.842;112;40;85;18;11;4;233;0
COOPERATIVA DE CREDITO RURAL E ECONOMIA COM INTERAÇÃO SOLIDARIA DE TREZE DE MAIO - CRESOL TREZE DE MAIO;9.330.158;b3S;I;2;S5;9;TREZE DE MAIO;SC;09/2021;27.269;0;13.893;4.501;6.375;1.083;458;392;23;543;0
COOPERATIVA DE ECONOMIA E CRÉDITO MÚTUO DOS EMPREGADOS DO GRUPO SCHAEFFLER;62.284.385;b3S;I;2;S5;9;SOROCABA;SP;09/2021;27.244;0;26.044;948;96;1;35;120;0;0;0
JBCRED S.A. SOCIEDADE DE CREDITO, FINANCIAMENTO E INVESTIMENTO;4.230.630;n1;I;2;S5;14;SAO PAULO;SP;09/2021;27.187;0;8.982;1.923;3.381;1.402;1.474;1.405;1.200;7.420;0
COOPERATIVA DE ECONOMIA E CRÉDITO DOS EMPRESÁRIOS, PROFISSIONAIS DO MERCADO IMOBILIÁRIO E DA CMI / SECOVI - SICOOB SECOVICRED MG;14.913.919;b3S;I;2;S5;9;BELO HORIZONTE;MG;09/2021;27.112;2.213;10.725;10.043;2.696;830;40;81;0;486;0
GRAZZIOTIN FINANCIADORA S/A - CRÉDITO, FINANCIAMENTO E INVESTIMENTOS;6.339.468;n1;I;2;S5;14;PASSO FUNDO;RS;09/2021;26.911;0;21.761;1.858;757;2.038;274;110;39;73;0
VALOR SOCIEDADE DE CRÉDITO DIRETO S.A.;7.799.277;n1;I;2;S5;43;SAO PAULO;SP;09/2021;26.432;0;15.220;1.132;940;650;754;903;767;6.064;0
COOPERATIVA DE ECONOMIA E CRÉDITO MÚTUO DOS EMPREGADOS DO GRUPO COLORADO;2.024.442;b3S;I;2;S5;9;GUAIRA;SP;09/2021;26.091;0;20.637;1.634;1.532;1.051;652;189;78;319;0
SICOOB CRED COPERCANA COOPERATIVA DE CRÉDITO;64.739.121;b3S;I;2;S5;9;SERTAOZINHO;SP;09/2021;25.805;1.351;11.942;4.013;3.518;3.073;683;537;155;533;0
COOPERATIVA DE ECONOMIA E CRÉDITO MÚTUO DOS TRABALHADORES NA ÁREA DE SAÚDE, AFINS E EMPRESÁRIOS VINCULADOS À ACCI DE ERECHIM-RS-CREDISUL;7.494.300;b3S;I;2;S5;9;ERECHIM;RS;09/2021;25.804;0;13.326;5.872;5.208;289;353;224;37;496;0
COOPERATIVA CENTRAL DE CRÉDITO DO RIO DE JANEIRO LTDA.;14.568.725;b3C;I;2;S4;9;RIO DE JANEIRO;RJ;09/2021;25.132;6.688;18.444;0;0;0;0;0;0;0;0
BANCO PORTO REAL DE INVESTIMENTOS S.A;40.429.946;b2;I;2;S4;13;PORTO REAL;RJ;09/2021;25.109;13.741;8.432;2.936;0;0;0;0;0;0;0
COOPERATIVA DE CRÉDITO DE LIVRE ADMISSÃO DO VALE RIO CRIXÁS LTDA.;7.108.146;b3S;I;2;S5;9;CRIXAS;GO;09/2021;24.953;7.168;9.235;5.494;1.588;161;129;582;21;575;0
COOPERATIVA DE CRÉDITO DE LIVRE ADMISSÃO DE RORAIMA LTDA.;2.137.018;b3S;I;2;S5;9;BOA VISTA;RR;09/2021;24.670;0;4.155;10.140;8.018;1.322;278;45;92;619;0
COOPERATIVA DE CRÉDITO DE LIVRE ADMISSÃO SICOOB DO GRANDE ABC - SICOOB GRANDE ABC;7.946.216;b3S;I;2;S5;9;SANTO ANDRE;SP;09/2021;24.421;4.871;7.735;8.195;2.915;170;93;330;45;67;0
COOPERATIVA DE CRÉDITO RURAL  E ECONOMIA COM INTERAÇÃO SOLIDÁRIA DE ITATIBA DO SUL - CRESOL ITATIBA DO SUL;5.745.533;b3S;I;2;S5;9;ITATIBA DO SUL;RS;09/2021;24.114;0;11.400;8.377;3.002;479;482;4;190;179;0
COOPERATIVA DE CRÉDITO CREDIPIMENTA LTDA. - SICOOB CREDIPIMENTA;42.934.794;b3S;I;2;S5;9;PIMENTA;MG;09/2021;24.070;3.836;13.567;5.139;931;382;60;91;14;51;0
COOPERATIVA CENTRAL DE CREDITO RURAL COM INTERAÇÃO SOLIDÁRIA   CENTRAL CRESOL SICOPER;21.198.087;b3C;I;2;S4;9;PASSO FUNDO;RS;09/2021;23.620;0;23.620;0;0;0;0;0;0;0;0
COOPERATIVA DE ECONOMIA E CRÉDITO MÚTUO DOS EMPREGADOS DA CBMM LTDA.;18.140.913;b3S;I;2;S5;9;ARAXA;MG;09/2021;23.410;0;20.251;1.011;777;932;168;144;65;62;0
COOPERATIVA DE CRÉDITO DOS MÉDICOS E PROFISSIONAIS DE SAÚDE DE SÃO LUÍS - SICREDI SÃO LUÍS;8.143.326;b3S;I;2;S5;9;SAO LUIS;MA;09/2021;23.329;387;12.174;4.163;3.243;2.304;250;168;222;418;0
SICOOB CREDIMED - COOPERATIVA DE CRÉDITO DE LIVRE ADMISSÃO DA CIDADE DE UBERABA LTDA.;71.336.432;b3S;I;2;S5;9;UBERABA;MG;09/2021;23.289;2.559;11.453;3.695;2.505;1.591;736;579;49;123;0
PARATI - CREDITO, FINANCIAMENTO E INVESTIMENTO S.A.;3.311.443;n1;I;2;S5;14;VITORIA;ES;09/2021;23.198;0;18.565;795;1.426;818;371;609;8;607;0
COOPERATIVA DE CRÉDITO MÚTUO DOS SERVIDORES FEDERAIS NA PARAÍBA - SICOOB COOPERCRET;2.275.781;b3S;I;2;S5;9;JOAO PESSOA;PB;09/2021;23.089;7.170;8.710;3.734;2.884;186;55;157;15;179;0
COOPERATIVA DE ECONOMIA E CRÉDITO MÚTUO DOS SERVIDORES DA SECRETARIA DE ESTADO DE FAZENDA DO DISTRITO FEDERAL - SICOOB CREDSEF;3.603.683;b3S;I;2;S5;9;BRASILIA;DF;09/2021;23.029;8.725;8.082;2.342;2.593;1.093;35;35;0;125;0
FATOR;50.122;b1;C;2;S4;199;SAO PAULO;SP;09/2021;22.889;22.888;0;0;0;1;0;0;0;1;0
COOPERATIVA DE ECONOMIA E CRÉDITO MÚTUO DOS EMPREGADOS DAS EMPRESAS DO GRUPO ECONÔMICO RHODIA - CREDIRHODIA;57.563.728;b3S;I;2;S5;9;PAULINIA;SP;09/2021;22.647;1.066;14.795;4.044;2.187;454;55;30;14;1;0
COOPERATIVA DE CRÉDITO DOS EMPRESÁRIOS DE MANAUS - SICOOB CREDEMPRESAS-AM;10.808.037;b3S;I;2;S5;9;MANAUS;AM;09/2021;22.419;799;6.262;4.067;6.684;2.255;1.068;654;252;378;0
COOPERATIVA DE CRÉDITO E ECONOMIA COM INTERAÇÃO SOLIDÁRIA DE SANTA TEREZINHA DO PROGRESSO - CRESOL SANTA TEREZINHA DO PROGRESSO;8.652.872;b3S;I;2;S5;9;SANTA TEREZINHA DO PROGRESSO;SC;09/2021;22.233;0;10.922;5.710;2.690;21;972;551;75;1.292;0
COOPERATIVA DE CRÉDITO MÚTUO DOS DESPACHANTES DE TRÂNSITO DE SANTA CATARINA E RIO GRANDE DO SUL - SICOOB CREDITRAN;4.715.685;b3S;I;2;S5;9;FLORIANOPOLIS;SC;09/2021;22.176;1.426;7.378;7.706;4.270;552;348;279;130;86;0
COOPERATIVA DE CRéDITO MúTUO DOS PROFISSIONAIS DA SAúDE E LIVRE ADMISSãO DE TEóFILO OTONI LTDA. - UNICRED TRêS VALES;1.709.266;b3S;I;2;S5;9;TEOFILO OTONI;MG;09/2021;21.508;3.315;4.642;5.435;5.442;2.041;341;42;15;236;0
COOPERATIVA DE CRÉDITO, POUPANÇA E INVESTIMENTO DOS PROFISSIONAIS MÉDICOS E DA SAÚDE DE CURITIBA E REGIÃO METROPOLITANA - SICREDI MEDICRED PR;2.924.977;b3S;I;2;S4;9;CURITIBA;PR;09/2021;21.266;0;8.521;7.268;3.214;1.307;542;77;155;181;0
ACCREDITO - SOCIEDADE DE CRÉDITO DIRETO S.A.;37.715.993;n1;I;2;S5;43;SAO PAULO;SP;09/2021;21.186;0;16.376;1.863;945;713;853;252;163;22;0
CREDITAS SOCIEDADE DE CRÉDITO DIRETO S.A.;32.997.490;n1;I;2;S5;43;SAO PAULO;SP;09/2021;20.807;0;20.337;94;110;145;43;0;0;78;0
CENTRAL DAS COOPERATIVAS DE CRÉDITO DOS ESTADOS DE MATO GROSSO, MATO GROSSO DO SUL E DO MUNICÍPIO DE CACOAL/RO - SICOOB CENTRAL RONDON;106.180;b3C;I;2;S4;9;CUIABA;MT;09/2021;20.054;8.867;11.187;0;0;0;0;0;0;0;0
COOPERATIVA DE ECONOMIA E CRÉDITO MÚTUO DOS EMPREGADOS DA CENTRAIS ELÉTRICAS DE SANTA CATARINA - CREDELESC;8.850.613;b3S;I;2;S5;9;FLORIANOPOLIS;SC;09/2021;19.748;22;10.281;4.208;2.618;610;259;208;416;1.128;0
COOPERATIVA DE CRÉDITO DOS MÉDICOS E DEMAIS PROFISSIONAIS DA SAÚDE DE VITÓRIA DA CONQUISTA;2.833.202;b3S;I;2;S5;9;VITORIA DA CONQUISTA;BA;09/2021;19.575;3.701;8.209;3.667;2.189;1.263;299;0;39;207;0
COOPERATIVA DE ECONOMIA E CRÉDITO MÚTUO DOS MAGISTRADOS DE SÃO PAULO - MAGISCRED;51.489.318;b3S;I;2;S5;9;SAO PAULO;SP;09/2021;18.853;2.238;4.554;3.075;3.864;2.150;1.612;891;61;408;0
BANCO DE LA NACION ARGENTINA;33.042.151;b1;I;3;S4;28;SAO PAULO;SP;09/2021;18.841;2.570;16.271;0;0;0;0;0;0;0;0
COOPERATIVA DE ECONOMIA E CRÉDITO MÚTUO DOS EMPREGADOS DA JOYSON SAFETY SYSTEMS - COOPERJSS;47.944.277;b3S;I;2;S5;9;JUNDIAI;SP;09/2021;18.759;0;13.695;2.939;2.126;0;0;0;0;0;0
COOPERATIVA  ECONOMIA CRÉDITO MÚTUO  SERVS E EMPREGADOS PÚBLICOS MUNIC DE BELO HORIZONTE BETIM BRUMADINHO CONTAGEM IBIRITÉ NOVA LIMA RIBEIRÃO DAS NEVES SABARÁ SANTA LUZIA E VESPASIANO SICOOB CREDISERV;1.864.151;b3S;I;2;S5;9;BELO HORIZONTE;MG;09/2021;18.403;274;10.551;4.075;1.772;458;334;239;151;550;0
AGÊNCIA DE FOMENTO DO ESTADO DO TOCANTINS S.A.;5.474.540;n1;I;1;S4;30;PALMAS;TO;09/2021;18.258;1.681;3.822;4.819;4.466;1.004;270;591;498;1.108;0
COOPERATIVA DE CRÉDITO MÚTUO DOS SERVIDORES DO MINISTERIO DA EDUCAÇÃO EM SÃO PAULO - COOPEMESP;73.092.827;b3S;I;2;S5;9;SAO PAULO;SP;09/2021;18.106;2.974;8.400;2.952;2.148;905;383;229;0;114;0
CREFAZ SOCIEDADE DE CRÉDITO AO MICROEMPREENDEDOR E A EMPRESA DE PEQUENO PORTE LTDA.;18.188.384;n1;I;2;S5;10;MARINGA;PR;09/2021;18.039;0;4.969;1.523;2.575;2.376;1.963;1.160;816;2.656;0
SERVICOOP - COOPERATIVA DE CRÉDITO DOS SERVIDORES PÚBLICOS ESTADUAIS DO RIO GRANDE DO SUL;3.973.814;b3S;I;2;S5;9;PORTO ALEGRE;RS;09/2021;17.967;0;14.141;812;415;677;300;191;223;1.209;0
COOPERATIVA DE ECONOMIA E CRÉDITO MÚTUO DOS SERVIDORES DA UNIVERSIDADE ESTADUAL DE CAMPINAS - COOPERUNICAMP;2.285.107;b3S;I;2;S5;9;CAMPINAS;SP;09/2021;17.771;0;14.227;427;117;50;29;31;14;2.876;0
COOPERATIVA DE ECONOMIA E CRÉDITO MÚTUO DOS EMPREGADOS DA MONDELEZ BRASIL, PHILIP MORRIS BRASIL E K&S ALIMENTOS - SICOOB COOPMOND;62.795.257;b3S;I;2;S5;9;SAO PAULO;SP;09/2021;17.306;403;12.095;3.639;714;205;7;43;0;199;0
COOPERATIVA DE ECONOMIA E CRÉDITO MÚTUO DOS FUNCIONÁRIOS DA VILLARES METALS;53.846.242;b3S;I;2;S5;9;SUMARE;SP;09/2021;16.543;165;10.018;3.030;2.357;840;72;37;0;23;0
COOPERATIVA DE CRÉDITO, POUPANÇA E INVESTIMENTO DAS CARREIRAS DO MINISTÉRIO PÚBLICO, TRIBUNAL DE CONTAS E SECRETARIA DA FAZENDA DO RIO GRANDE DO SUL - SICREDI MP RS;3.662.047;b3S;I;2;S4;9;PORTO ALEGRE;RS;09/2021;16.542;278;13.252;1.711;1.195;19;87;0;0;0;0
COOPERATIVA DE ECONOMIA E CREDITO MUTUO DOS FUNCIONARIOS DA COMIGO;1.062.439;b3S;I;2;S5;9;RIO VERDE;GO;09/2021;16.061;0;12.269;2.398;1.118;203;45;11;1;16;0
COOPERATIVA DE ECONOMIA E CRÉDITO MÚTUO DOS PETROLEIROS NO ESTADO DE MINAS GERAIS LTDA. - COPETRO;26.758.433;b3S;I;2;S5;9;BELO HORIZONTE;MG;09/2021;16.007;0;15.305;158;131;235;0;53;0;124;0
COOPERATIVA DE CRÉDITO CLÁSSICA DOS FUNCIONÁRIOS E PRESTADORES DE SERVIÇOS DAS EMPRESAS LIGADAS AO GRUPO EUCATUR LTDA. - SICOOB EUCRED;21.110.927;b3S;I;2;S5;9;JI-PARANA;RO;09/2021;15.724;24;5.040;4.110;5.119;718;226;229;145;113;0
CENTRAL DAS COOPERATIVAS DE CRÉDITO DO ESTADO DE SÃO PAULO - SICOOB CENTRAL CECRESP;62.931.522;b3C;I;2;S4;9;SAO PAULO;SP;09/2021;15.424;5.969;8.399;0;216;841;0;0;0;0;0
COOPERATIVA DE CRÉDITO RURAL ASCOOB COOPERAR;2.025.743;b3S;I;2;S5;9;ARACI;BA;09/2021;15.290;0;10.297;2.401;932;279;297;274;257;553;0
COOPERATIVA CENTRAL DE CRÉDITO DE GOIÁS LTDA;33.416.108;b3C;I;2;S4;9;GOIANIA;GO;09/2021;15.199;5.264;5.271;4.665;0;0;0;0;0;0;0
COOPERATIVA DE ECONOMIA E CRÉDITO MÚTUO DOS FUNCIONÁRIOS DA FUNDAÇÃO ZERBINI E DA FUNDAÇÃO FACULDADE DE MEDICINA (FFM) - COOPINCOR;1.997.612;b3S;I;2;S5;9;SAO PAULO;SP;09/2021;15.128;0;12.088;2.387;483;124;21;2;0;22;0
COOPERATIVA DE ECONOMIA E CRÉDITO MÚTUO DOS SERVIDORES DA PREFEITURA MUNICIPAL DE ORLÂNDIA - CRED SERV;946.465;b3S;I;2;S5;9;ORLANDIA;SP;09/2021;14.877;365;9.744;4.195;573;0;0;0;0;0;0
COOPERATIVA DE CRÉDITO RURAL DE ALTEROSA LTDA - SICOOB COOPEROSA;71.437.123;b3S;I;2;S5;9;ALTEROSA;MG;09/2021;14.681;968;5.002;3.609;2.693;885;495;157;133;739;0
COMPANHIA HIPOTECÁRIA PIRATINI - CHP;18.282.093;n1;I;2;S4;29;PORTO ALEGRE;RS;09/2021;14.462;0;3.099;5.321;2.857;960;2.225;0;0;0;0
COOPERATIVA DE ECONOMIA E CRÉDITO MÚTUO DOS SERVIDORES PÚBLICOS MUNICIPAIS EM JOÃO MONLEVADE LTDA. - COPREMON;18.310.649;b3S;I;2;S5;9;JOAO MONLEVADE;MG;09/2021;14.337;0;14.111;72;8;59;16;21;14;34;0
SICOOB UNISP - COOPERATIVA DE CRÉDITO;74.220.948;b3S;I;2;S5;9;PRESIDENTE PRUDENTE;SP;09/2021;14.237;86;4.757;5.174;2.700;800;587;5;42;86;0
QI SOCIEDADE DE CRÉDITO DIRETO S.A.;32.402.502;n1;I;2;S5;43;SAO PAULO;SP;09/2021;14.108;13.297;336;213;221;2;1;11;1;27;0
COOPERATIVA DE CRÉDITO RURAL - CREDICANA;44.373.041;b3S;I;2;S5;9;ASSIS;SP;09/2021;14.029;5.210;6.423;2.357;0;0;38;0;0;0;0
COOPERATIVA DE ECONOMIA E CRÉDITO MÚTUO DOS COLABORADORES DA VALE S.A LTDA. - SICOOB CREDIVALE;20.961.629;b3S;I;2;S5;9;ITABIRA;MG;09/2021;13.635;115;3.894;3.874;4.610;706;80;128;14;213;0
COOPERUFPA  - COOPERATIVA DE ECONOMIA E CRÉDITO MÚTUO DOS SERVIDORES PÚBLICOS FEDERAIS E ESTADUAIS E DAS ENTIDADES DE ENSINO COM SEUS RESPECTIVOS FUNCIONÁRIOS NO ESTADO DO PARÁ;83.325.811;b3S;I;2;S5;9;BELEM;PA;09/2021;13.562;0;6.168;1.867;1.711;747;1.352;484;504;731;0
COOPERATIVA DE CRÉDITO DE LIVRE ADMISSÃO SUL MARANHENSE - SICOOB SUL MARANHENSE;26.526.166;b3S;I;2;S5;9;BALSAS;MA;09/2021;13.329;919;5.425;3.660;2.629;611;43;10;3;29;0
COOPERATIVA DE CRÉDITO DOS MAGISTRADOS DO ESTADO DO RIO DE JANEIRO LTDA. - MAGICREDI-RJ;5.040.680;b3S;I;2;S5;9;RIO DE JANEIRO;RJ;09/2021;13.253;10.969;0;1.557;146;0;58;271;251;0;0
ASPECIR - SOCIEDADE DE CRÉDITO AO MICROEMPREENDEDOR E À EMPRESA DE PEQUENO PORTE LTDA.;5.289.612;n1;I;2;S5;10;PORTO ALEGRE;RS;09/2021;13.177;0;9.190;1.191;1.592;231;124;30;89;729;0
COOPERATIVA DE CRéDITO, POUPANçA E INVESTIMENTO DOS ADVOGADOS E SERVENTUáRIOS DO PODER JUDICIáRIO NO ESTADO DO RIO GRANDE DO SUL - SICREDI COOABCRED RS;19.962.468;b3S;I;2;S4;9;PORTO ALEGRE;RS;09/2021;13.104;301;6.378;2.218;1.822;874;753;209;112;437;0
COOPERATIVA DE ECONOMIA E CREDITO MUTUO DOS SERVIDORES PUBLICOS DE PINHÃO - CRESERV-PINHÃO;4.831.810;b3S;I;2;S5;9;PINHAO;PR;09/2021;13.029;0;8.389;2.271;1.331;670;155;84;20;109;0
COOPERATIVA DE ECONOMIA E CRÉDITO MÚTUO DOS COLABORADORES DA CEBRACE;53.184.438;b3S;I;2;S5;9;JACAREI;SP;09/2021;13.002;0;12.085;74;206;503;20;8;11;96;0
COOPERATIVA DE ECONOMIA E CREDITO MUTUO DOS COLABORADORES DA SG INDUSTRIA E COMERCIO DE MATERIAIS DE CONSTRUCAO, VIDROS E AFINS;61.039.038;b3S;I;2;S5;9;SAO PAULO;SP;09/2021;12.828;0;12.729;44;0;13;9;3;10;21;0
COOPERATIVA DE CRÉDITO, POUPANÇA E INVESTIMENTO DOS ESCRIVÃES, NOTÁRIOS E REGISTRADORES NO ESTADO DO PARANÁ - SICREDI CREDENOREG PR;6.078.926;b3S;I;2;S4;9;CURITIBA;PR;09/2021;12.626;63;7.409;1.563;2.012;757;204;77;72;469;0
COOPERATIVA DE ECONOMIA E CRÉDITO MÚTUO DOS FUNCIONÁRIOS DA TETRA PAK;67.341.487;b3S;I;2;S5;9;MONTE MOR;SP;09/2021;12.248;0;8.531;3.328;52;13;6;5;12;299;0
COOPERATIVA DE CRÉDITO MÚTUO DOS SERVIDORES DA ASSEMBLEIA LEGISLATIVA DO ESTADO DE SÃO PAULO - COOPERALESP;4.791.645;b3S;I;2;S5;9;SAO PAULO;SP;09/2021;12.214;0;12.018;112;0;0;69;14;0;0;0
COOPERATIVA DE CRÉDITO SICOOB CREDMETAL;3.535.065;b3S;I;2;S5;9;OSASCO;SP;09/2021;12.111;0;7.203;2.203;1.226;260;430;141;61;588;0
COOPERATIVA DE ECONOMIA E CRÉDITO MÚTUO DOS COLABORADORES DO GRUPO EMPRESARIAL A COSTA LTDA.;20.062.766;b3S;I;2;S5;9;VISCONDE DO RIO BRANCO;MG;09/2021;12.103;0;10.540;818;458;60;66;58;31;73;0
UP.P SOCIEDADE DE EMPRÉSTIMO ENTRE PESSOAS S.A.;35.977.097;n1;I;2;S5;44;SAO PAULO;SP;09/2021;12.010;0;0;39;1.965;8.629;571;113;605;89;0
COOPERATIVA DE ECONOMIA E CRÉDITO MÚTUO DOS FUNCIONÁRIOS DA ERICSSON - COOPERICSSON;48.718.183;b3S;I;2;S5;9;SAO PAULO;SP;09/2021;11.838;0;11.562;30;0;2;5;0;48;190;0
COOPERATIVA DE ECONOMIA E CREDITO MUTUO DOS EMPREGADOS DO GRUPO BAYER LTDA;73.631.483;b3S;I;2;S5;9;BELFORD ROXO;RJ;09/2021;11.668;0;11.376;52;0;42;93;47;5;53;0
COOPERATIVA DE ECONOMIA E CRÉDITO MÚTUO DOS EMPRESÁRIOS DE PRAIA GRANDE E REGIÃO - SICOOB COOPERACE;9.639.338;b3S;I;2;S5;9;PRAIA GRANDE;SP;09/2021;11.613;214;2.177;2.905;2.026;346;2.006;162;0;1.777;0
COOPERATIVA DE ECONOMIA E CRÉDITO MÚTUO DOS EMPREGADOS DA COMPANHIA BRASILEIRA DE ALUMÍNIO;54.335.401;b3S;I;2;S5;9;ALUMINIO;SP;09/2021;11.437;0;9.296;556;304;266;111;79;71;753;0
COOPERATIVA DE CRéDITO MúTUO - SICOOB CREDIACISC;7.669.921;b3S;I;2;S5;9;SAO CARLOS;SP;09/2021;11.430;582;3.586;1.996;2.239;1.128;784;155;757;203;0
COOPERATIVA DE CREDITO RURAL DE IBIAM - SULCREDI/IBIAM;8.240.446;b3S;I;2;S5;9;IBIAM;SC;09/2021;11.307;0;6.819;3.443;834;82;94;14;4;17;0
LISTO SOCIEDADE DE CREDITO DIRETO S.A.;34.088.029;n1;I;2;S5;43;SAO PAULO;SP;09/2021;11.200;0;8.886;658;738;414;353;151;0;0;0
MEDCRED COOPERATIVA DE CRÉDITO;3.575.699;b3S;I;2;S5;9;RIBEIRAO PRETO;SP;09/2021;11.194;1.375;5.059;2.516;1.558;437;218;24;0;6;0
COOPERATIVA DE CRÉDITO MÚTUO DOS POLICIAIS FEDERAIS E SERVIDORES DA UNIÃO NO ESPÍRITO SANTO - CREDFEDERAL;2.083.914;b3S;I;2;S5;9;VILA VELHA;ES;09/2021;11.178;0;8.531;2.435;5;0;59;0;0;148;0
COOPERATIVA DE CRÉDITO MÚTUO DE SERVIDORES PÚBLICOS DO ESTADO DE SÃO PAULO - CREDIFISCO;4.546.162;b3S;I;2;S5;9;SAO PAULO;SP;09/2021;11.115;0;10.353;239;314;23;0;4;72;110;0
TENTOS S.A. CRÉDITO, FINANCIAMENTO E INVESTIMENTO;41.498.340;n1;I;2;S5;14;IJUI;RS;09/2021;11.066;0;2.879;4.095;3.732;360;0;0;0;0;0
COOPERATIVA DE CREDITO DOS SERVIDORES DA UNIVERSIDADE FEDERAL DO ESPIRITO SANTO;27.302.181;b3S;I;2;S5;9;VITORIA;ES;09/2021;10.902;0;8.451;1.417;413;150;79;7;198;188;0
COOPERATIVA DE CRÉDITO DE LIVRE ADMISSÃO DA REGIÃO SUL DO MARANHÃO - SICREDI SUL DO MARANHÃO;26.191.078;b3S;I;2;S5;9;IMPERATRIZ;MA;09/2021;10.833;509;5.388;2.964;939;125;261;102;42;502;0
COOPERATIVA DE CRÉDITO DOS EMPREGADOS DE ELEVADORES ATLAS;43.730.498;b3S;I;2;S5;9;SAO PAULO;SP;09/2021;10.784;0;10.497;108;4;54;53;5;8;55;0
DIRECAO S.A. CREDITO, FINANCIAMENTO E INVESTIMENTO;58.158.387;n1;I;2;S5;14;SANTOS;SP;09/2021;10.747;2.002;116;11;143;12;0;0;0;8.463;0
COOPERATIVA DE ECONOMIA E CRÉDITO MÚTUO DOS EMPREGADOS DA MINERACÃO RIO DO NORTE S/A, EM PORTO TROMBETAS LIMITADA -  CREDNORTE;4.998.845;b3S;I;2;S5;9;ORIXIMINA;PA;09/2021;10.641;0;9.908;320;264;76;43;0;0;29;0
SOCIALCRED S/A - SOCIEDADE DE CRÉDITO AO MICROEMPREENDEDOR E À EMPRESA DE PEQUENO PORTE;4.316.357;n1;I;2;S5;10;RIO DE JANEIRO;RJ;09/2021;10.627;0;0;6.509;984;272;913;67;266;1.616;0
COOPERATIVA DE ECONOMIA E CRÉDITO MÚTUO DOS EMPREGADOS DAS EMPRESAS CONTROLADAS E COLIGADAS DA USINA SANTA ADELIA - USAGRO;68.969.625;b3S;I;2;S5;9;JABOTICABAL;SP;09/2021;10.586;69;5.908;2.535;1.251;356;239;53;57;118;0
COOPERATIVA DE CRÉDITO MÚTUO DOS CORRETORES DE SEGUROS DO ESTADO DE SÃO PAULO - SICOOB CREDICOR/SP;8.030.602;b3S;I;2;S5;9;SAO PAULO;SP;09/2021;10.529;68;4.026;1.741;2.462;1.541;371;196;0;124;0
COOPERATIVA    DE    ECONOMIA    E    CRÉDITO   MÚTUO  MINUANO;88.325.113;b3S;I;2;S5;9;CANOAS;RS;09/2021;10.041;0;9.277;590;94;9;11;5;12;43;0
COOPERATIVA DE CRÉDITO MÚTUO DOS EMPREGADOS DA SKF E COLIGADAS;49.091.119;b3S;I;2;S5;9;CAJAMAR;SP;09/2021;9.736;401;8.770;488;12;10;0;5;16;34;0
COOPERATIVA DE ECONOMIA E CRÉDITO MÚTUO DOS FUNCIONÁRIOS PÚBLICOS MUNICIPAIS DE ITAPIRA - CREDITA;2.115.870;b3S;I;2;S5;9;ITAPIRA;SP;09/2021;9.711;0;8.640;702;367;3;0;0;0;0;0
COOPERATIVA DE CREDITO DOS FORNECEDORES DE CANA E DEMAIS PRODUTORES RURAIS DO CENTRO DO ESTADO DE SAO PAULO - CREDICENTRO;53.776.852;b3S;I;2;S5;9;ARARAQUARA;SP;09/2021;9.615;375;2.922;2.028;1.350;355;8;0;547;2.031;0
COOPERATIVA DE ECONOMIA E CRÉDITO MÚTUO SICOOB CRED-ACILPA;9.004.796;b3S;I;2;S5;9;LENCOIS PAULISTA;SP;09/2021;9.597;832;4.163;1.959;1.383;573;87;138;38;425;0
COOPERATIVA DE CRÉDITO MÚTUO DO ABC - COOPER 7;4.414.354;b3S;I;2;S5;9;SAO BERNARDO DO CAMPO;SP;09/2021;9.594;0;3.780;1.642;593;1.718;539;91;704;526;0
COOPERATIVA DE ECONOMIA E CRÉDITO MÚTUO DOS EMPREGADOS DAS EMPRESAS METALÚRGICAS DE MATÃO - METALCOOPERCRED;53.505.681;b3S;I;2;S5;9;MATAO;SP;09/2021;9.504;0;6.870;1.764;382;204;103;40;48;94;0
CREDJUST - COOPERATIVA DE CRÉDITO MÚTUO DOS INTEGRANTES DA JUSTIÇA DO TRABALHO DA 13ª REGIÃO LTDA.;4.608.925;b3S;I;2;S5;9;JOAO PESSOA;PB;09/2021;9.428;0;6.587;1.838;925;0;14;0;0;64;0
COOPERATIVA DE ECONOMIA E CREDITO MUTUO DOS EMPREGADOS DE ELEVADORES ATLAS SCHINDLER LTDA.;42.107.706;b3S;I;2;S5;9;RIO DE JANEIRO;RJ;09/2021;9.365;0;9.249;25;0;13;15;3;11;48;0
COOPERATIVA DE ECONOMIA E CRÉDITO MÚTUO DOS FUNCIONÁRIOS DA INTERNATIONAL INDÚSTRIA AUTOMOTIVA DA AMÉRICA DO SUL;59.620.708;b3S;I;2;S5;9;SAO PAULO;SP;09/2021;9.337;0;9.273;27;0;0;4;0;0;34;0
CREBEL - COOPERATIVA DE ECONOMIA E CRÉDITO MÚTUO DOS COLABORADORES DAS EMPRESAS BELGO BEKAERT - CREBEL LTDA.;23.241.540;b3S;I;2;S5;9;CONTAGEM;MG;09/2021;9.223;0;9.188;0;31;0;0;0;0;4;0
COOPERATIVA DE ECONOMIA E CREDITO MUTUO DOS TRABALHADORES PORTUARIOS DA GRANDE VITORIA - CREDESTIVA.;3.844.699;b3S;I;2;S5;9;VITORIA;ES;09/2021;9.145;0;5.445;873;1.222;474;464;248;56;361;0
COOPERATIVA DE ECONOMIA E CRÉDITO MÚTUO DOS SERVIDORES PÚBLICOS DO PODER EXECUTIVO FEDERAL NO ESTADO DO ESPÍRITO SANTO - COOPSEFES;3.639.902;b3S;I;2;S5;9;VITORIA;ES;09/2021;9.086;0;8.244;229;64;116;42;43;146;204;0
COOPERATIVA DE ECONOMIA E CRÉDITO MÚTUO DOS EMPREGADOS DA NOVELIS;57.545.436;b3S;I;2;S5;9;SANTO ANDRE;SP;09/2021;8.970;0;5.949;2.520;418;27;22;6;1;26;0
COOPERATIVA DE ECONOMIA E CRÉDITO MÚTUO DOS FUNCIONÁRIOS DO GRUPO OWENS-ILLINOIS DO BRASIL;43.182.278;b3S;I;2;S5;9;SAO PAULO;SP;09/2021;8.959;0;7.033;420;1.260;92;44;23;30;56;0
SOLUÇÃO FINANÇAS SOCIEDADE DE CRÉDITO DIRETO S.A.;37.134.759;n1;I;2;S5;43;BELO HORIZONTE;MG;09/2021;8.949;0;8.407;511;30;0;0;0;0;0;0
COPERCRED - COOPERATIVA DE ECONOMIA E CRÉDITO MÚTUO DOS EMPREGADOS DAS EMPRESAS ZILLO LORENZETTI;58.022.195;b3S;I;2;S5;9;LENCOIS PAULISTA;SP;09/2021;8.932;47;6.332;1.253;1.202;42;5;9;2;41;0
COOPERATIVA DE CRÉDITO E SERVIÇOS FINANCEIROS DE CURITIBA E REGIÃO METROPOLITANA;5.097.757;b3S;I;2;S5;9;CURITIBA;PR;09/2021;8.878;0;5.957;629;1.037;72;82;128;72;899;0
COOPERATIVA DE CRÉDITO DOS SERVIDORES PÚBLICOS MUNICIPAIS DA GRANDE VITÓRIA/ES;1.235.921;b3S;I;2;S5;9;VITORIA;ES;09/2021;8.849;0;8.454;31;92;27;27;49;17;152;0
COOPERATIVA DE ECONOMIA E CRÉDITO MÚTUO DOS SERVIDORES DO MUNICIPIO DE SANTO ANDRÉ - SP - SICOOB CECRESA;512.839;b3S;I;2;S5;9;SANTO ANDRE;SP;09/2021;8.598;42;2.530;2.964;1.787;381;61;279;71;485;0
COOPERATIVA DE ECONOMIA E CRÉDITO MÚTUO DOS CONTABILISTAS E CORRETORES DE SEGUROS DA GRANDE BELO HORIZONTE LTDA. - SICOOB CREDITABIL;2.217.068;b3S;I;2;S5;9;BELO HORIZONTE;MG;09/2021;8.402;179;2.142;2.327;1.658;892;418;221;190;376;0
PLANTAE S.A. - CRÉDITO, FINANCIAMENTO E INVESTIMENTO;35.551.187;n1;I;2;S4;14;PRESIDENTE PRUDENTE;SP;09/2021;8.372;0;4.234;1.750;2.387;0;0;0;0;0;0
COOPERATIVA DE ECONOMIA E CRÉDITO MÚTUO DOS COLABORADORES DA UNIÃO BRASILEIRA DE EDUCAÇÃO E ENSINO, UNIÃO NORTE BRASILEIRA DE EDUCAÇÃO E CULTURA & UNIÃO BRASILEIRA DE EDUCAÇÃO CATÓLICA LTDA - COOMAR;2.588.819;b3S;I;2;S5;9;BELO HORIZONTE;MG;09/2021;8.161;0;4.937;2.018;731;259;102;38;16;61;0
COOPERATIVA DE ECONOMIA E CRÉDITO MÚTUO DOS EMPREGADOS DA AÇO MINAS GERAIS S.A. - AÇOMINAS E EMPRESAS SUBSIDIÁRIAS EM OURO BRANCO LTDA. - COOPAÇO;17.314.501;b3S;I;2;S5;9;OURO BRANCO;MG;09/2021;7.914;0;7.455;190;42;38;17;36;12;124;0
COOPERATIVA DE ECONOMIA E CRÉDITO MÚTUO DOS FUNCIONÁRIOS DA BOMBRIL;57.038.408;b3S;I;2;S5;9;SAO BERNARDO DO CAMPO;SP;09/2021;7.875;0;7.526;169;141;0;0;0;37;2;0
COOPERATIVA DE ECONOMIA E CRÉDITO MÚTUO DOS EMPREGADOS DA MERCK SHARP & DOHME FARMACÊUTICA - COOPERMSD;2.814.832;b3S;I;2;S5;9;SAO PAULO;SP;09/2021;7.810;0;3.480;2.711;1.415;117;21;2;0;64;0
COOPERATIVA DE ECONOMIA E CRÉDITO MÚTUO DOS SERVIDORES PÚBLICOS DA REGIÃO METROPOLITANA DE BELÉM - CREDISIS CREDBEM METROPOLITANA;991.739;b3S;I;2;S5;9;BELEM;PA;09/2021;7.691;0;2.237;3.905;767;646;58;32;1;47;0
COOPERATIVA DE ECONOMIA E CRÉDITO MÚTUO DOS EMPREGADOS DO SISTEMA FIERGS - CRESUL;92.675.578;b3S;I;2;S5;9;PORTO ALEGRE;RS;09/2021;7.654;0;6.075;943;251;303;70;10;2;0;0
COOPERATIVA DE ECONOMIA E CREDITO MUTUO JOHN F. KENNEDY LTDA;33.735.192;b3S;I;2;S5;9;RIO DE JANEIRO;RJ;09/2021;7.488;0;5.444;822;534;488;57;5;16;121;0
SOCRED S.A. - SOCIEDADE DE CRÉDITO AO MICROEMPREENDEDOR E À EMPRESA DE PEQUENO PORTE;9.210.106;n1;I;2;S5;10;BELEM;PA;09/2021;7.341;0;6.086;126;258;188;70;57;32;524;0
COOPERATIVA DE ECONOMIA E CRÉDITO MÚTUO DOS SERVIDORES MUNICIPAIS DE POÇOS DE CALDAS LTDA. - COOPOÇOS;41.791.005;b3S;I;2;S5;9;POCOS DE CALDAS;MG;09/2021;7.231;0;4.010;1.748;1.122;143;59;44;33;72;0
COOPERATIVA DE ECONOMIA E CRÉDITO MÚTUO DOS EMPREGADOS DA CEMIG E DAS INDÚSTRIAS METALÚRGICAS E DE MATERIAL ELÉTRICO E DOS SERVIDORES PÚBLICOS MUNICIPAIS DE JUIZ DE FORA LTDA. - SICOOB CECREMEC;17.502.881;b3S;I;2;S5;9;BELO HORIZONTE;MG;09/2021;7.125;57;1.795;623;1.345;1.795;621;829;25;35;0
COOPERATIVA DE ECONOMIA E CRÉDITO MÚTUO DOS SERVIDORES PÚBLICOS DO ESTADO DE SÃO PAULO - CREDIPAULISTA;3.139.644;b3S;I;2;S5;9;SAO PAULO;SP;09/2021;7.080;0;5.976;352;196;84;35;56;41;340;0
BMS SOCIEDADE DE CRÉDITO DIRETO S.A.;17.826.860;n1;I;2;S5;43;FORTALEZA;CE;09/2021;6.989;0;3.115;766;925;361;237;242;113;1.231;0
SCB CRÉDITO SOCIEDADE DE CRÉDITO AO MICROEMPREENDEDOR E À EMPRESA DE PEQUENO PORTE LTDA.;8.430.732;n1;I;2;S5;10;FORTALEZA;CE;09/2021;6.850;0;4.494;592;408;238;139;137;167;674;0
COOPERATIVA DE CRÉDITO DOS SERVIDORES PÚBLICOS MUNICIPAIS DE TIMÓTEO LTDA. - COOPERTIM;20.833.976;b3S;I;2;S5;9;TIMOTEO;MG;09/2021;6.773;0;5.561;907;177;49;20;3;0;57;0
COOPERATIVA DE ECONOMIA E CRÉDITO MÚTUO DOS SERVIDORES DO DISTRITO FEDERAL LTDA. - COOSERVCRED;778.858;b3S;I;2;S5;9;BRASILIA;DF;09/2021;6.764;0;5.679;518;377;26;0;117;0;47;0
COOPERATIVA DE ECONOMIA E CRÉDITO MÚTUO DOS EMPRESÁRIOS DE ITAPETININGA - SICOOB CRED-ACI;8.844.074;b3S;I;2;S5;9;ITAPETININGA;SP;09/2021;6.650;937;2.557;1.951;892;134;78;22;0;80;0
COOPERATIVA DE ECONOMIA CRÉDITO MÚTUO - SICOOB CREDSAÚDE;2.072.790;b3S;I;2;S5;9;PIRACICABA;SP;09/2021;6.556;553;1.643;1.076;1.846;729;405;0;32;271;0
MIRAE ASSET WEALTH MANAGEMENT (BRAZIL) CORRETORA DE CÂMBIO, TÍTULOS E VALORES MOBILIÁRIOS LTDA.;12.392.983;n2;I;3;S4;15;SAO PAULO;SP;09/2021;6.554;6.554;0;0;0;0;0;0;0;0;0
COOPERATIVA DE ECONOMIA E CRÉDITO MÚTUO DOS EMPREGADOS DO GRUPO ALGAR E EMPREENDEDORES DO TRIÂNGULO MINEIRO LTDA - SICOOB TRIÂNGULO;1.296.040;b3S;I;2;S5;9;UBERLANDIA;MG;09/2021;6.501;1.301;2.553;1.844;562;39;31;28;32;111;0
COOPERATIVA DE ECONOMIA E CRÉDITO MÚTUO DOS FUNCIONÁRIOS DO GRUPO COMOLATTI - SÃO PAULO;47.196.084;b3S;I;2;S5;9;SAO PAULO;SP;09/2021;6.439;0;5.672;56;141;47;4;52;21;446;0
COOPERATIVA DE ECONOMIA E CRÉDITO MÚTUO DOS TRABALHADORES DA CIA. DE PROCESSAMENTO DE DADOS DO ESTADO DE SÃO PAULO - CREDIPRODESP;67.915.868;b3S;I;2;S5;9;TABOAO DA SERRA;SP;09/2021;6.355;0;3.696;961;884;399;135;53;166;61;0
COOPERATIVA DE ECONOMIA E CRÉDITO MÚTUO DOS FUNCIONÁRIOS DA CIA AÇUCAREIRA VALE DO ROSÁRIO - COOPERVALE;44.958.981;b3S;I;2;S5;9;MORRO AGUDO;SP;09/2021;6.147;0;3.973;1.294;461;166;87;60;28;77;0
COOPERATIVA DE CRÉDITO, POUPANÇA E SERVIÇOS FINANCEIROS DO CENTRO OESTE - CREDITAG;5.491.616;b3S;I;2;S5;9;MINEIROS;GO;09/2021;6.142;0;4.772;355;631;117;38;82;20;128;0
GOLCRED S/A - CRÉDITO, FINANCIAMENTO E INVESTIMENTO;7.631.026;n1;I;2;S4;14;SAO JOSE;SC;09/2021;5.943;0;3.399;305;254;212;232;215;243;1.082;0
COOPERATIVA DE ECONOMIA E CRÉDITO MÚTUO DOS EMPREGADOS DO GRUPO SBF LTDA. - COOPER ATIVA SBF;2.232.228;b3S;I;2;S5;9;SAO PAULO;SP;09/2021;5.767;0;5.421;58;45;10;12;1;17;203;0
COOPERATIVA DE ECONOMIA E CRÉDITO MÚTUO DOS FUNCIONÁRIOS DA FACULDADE DE CIÊNCIAS AGRÁRIAS E VETERINÁRIAS - CAMPUS DE JABOTICABAL/SP - COOPERFAC;57.259.525;b3S;I;2;S5;9;JABOTICABAL;SP;09/2021;5.738;0;3.457;1.441;530;173;75;20;4;39;0
COOPERATIVA DE ECONOMIA E CRÉDITO MÚTUO DOS EMPREGADOS DA EATON;73.077.398;b3S;I;2;S5;9;VALINHOS;SP;09/2021;5.726;0;4.454;1.100;161;6;0;0;0;6;0
CRETOVALE - COOPERATIVA DE ECONOMIA E CRÉDITO MÚTUO DOS TRABALHADORES DA VALE;28.145.589;b3S;I;2;S5;9;VITORIA;ES;09/2021;5.724;0;4.592;690;34;303;25;24;13;44;0
COOPERATIVA DE ECONOMIA E CREDITO MUTUO DOS SERVIDORES ESTATUTARIOS DA ADMINISTRACAO DIRETA DO ESTADO DO ESPIRITO SANTO - COOPFISCO;2.475.222;b3S;I;2;S5;9;VITORIA;ES;09/2021;5.688;0;5.503;96;0;0;78;0;0;12;0
COOPERATIVA DE CRÉDITO RURAL DOS PLANTADORES DE CANA DE ALAGOAS;12.272.183;b3S;I;2;S5;9;MACEIO;AL;09/2021;5.665;0;5.425;0;239;0;0;0;0;0;0
COOPERATIVA DE ECONOMIA E CRÉDITO MÚTUO DOS EMPREGADOS DA TEKSID DO BRASIL LTDA., E NEMAK ALUMÍNIO DO BRASIL LTDA.;4.249.235;b3S;I;2;S5;9;BETIM;MG;09/2021;5.622;0;5.210;92;132;20;122;16;8;22;0
COOPERATIVA DE ECONOMIA E CRÉDITO MÚTUO DOS SERVIDORES MUNICIPAIS DE ITABIRA LTDA. - SICOOB COSEMI;16.651.002;b3S;I;2;S5;9;ITABIRA;MG;09/2021;5.570;0;4.010;1.027;471;24;5;5;4;24;0
COOPERATIVA DE ECONOMIA E CRÉDITO MÚTUO DOS FUNCIONÁRIOS DA MORLAN - CRED MORLAN;731.320;b3S;I;2;S5;9;ORLANDIA;SP;09/2021;5.531;0;5.531;0;0;0;0;0;0;0;0
COOPERATIVA DE ECONOMIA E CREDITO MUTUO DOS EMPREGADOS DE CHOCOLATES GAROTO LTDA. - CREDI-GAROTO;30.949.267;b3S;I;2;S5;9;VILA VELHA;ES;09/2021;5.529;0;3.810;204;1.162;35;38;37;8;234;0
COOPERATIVA DE ECONOMIA E CRÉDITO MÚTUO DOS FUNCIONÁRIOS DA ABRIL;43.438.662;b3S;I;2;S5;9;SAO PAULO;SP;09/2021;5.526;0;1.905;108;139;218;103;172;105;2.775;0
HSCM - SOCIEDADE DE CRÉDITO AO MICROEMPREENDEDOR E À EMPRESA DE PEQUENO PORTE LTDA.;7.693.858;n1;I;2;S5;10;IBIA;MG;09/2021;5.501;0;4.810;184;71;43;139;0;0;254;0
COOPERATIVA DE ECONOMIA E CREDITO MUTUO DOS MEDICOS E DEMAIS PROFISSIONAIS DA SAUDE DE JOACABA;2.853.045;b3S;I;2;S5;9;JOACABA;SC;09/2021;5.344;0;5.294;50;0;0;0;0;0;0;0
INDEPENDÊNCIA COOPERATIVA DE CRÉDITO E INVESTIMENTO - INDEPENDÊNCIA COOPERATIVA DE CRÉDITO;4.306.351;b3S;I;2;S5;9;SAO PAULO;SP;09/2021;5.183;0;2.584;352;245;250;88;19;97;1.549;0
CARTOS SOCIEDADE DE CRÉDITO DIRETO S.A.;21.332.862;n1;I;2;S5;43;SAO PAULO;SP;09/2021;5.134;0;4.934;64;121;0;14;0;0;0;0
COOPERATIVA DE CREDITO RURAL DE GUACUI - CREDIGUAÇUÍ;32.422.628;b3S;I;2;S5;9;GUACUI;ES;09/2021;5.133;0;3.626;302;317;135;3;7;315;428;0
COOPERATIVA DE ECONOMIA E CRÉDITO MÚTUO DOS FUNCIONÁRIOS DO GRUPO AVIBRAS - COOPER AVIBRAS;43.268.960;b3S;I;2;S5;9;JACAREI;SP;09/2021;5.127;0;5.127;0;0;0;0;0;0;0;0
COOPERATIVA DE ECONOMIA E CRÉDITO MÚTUO DOS TRABALHADORES NAS INDÚSTRIAS DE EXTRAÇÃO DE FERRO E METAIS BÁSICOS DA REGIÃO DE CONGONHAS LTDA. - COOFERSE;71.384.697;b3S;I;2;S5;9;CONGONHAS;MG;09/2021;5.065;0;4.766;168;43;37;37;0;8;6;0
COOPERATIVA DE ECONOMIA E CRÉDITO MÚTUO ALIANÇA - COOPERNITRO;52.935.442;b3S;I;2;S5;9;SAO PAULO;SP;09/2021;5.056;0;4.681;160;2;9;59;5;6;134;0
COOPERATIVA DE ECONOMIA E CRÉDITO MÚTUO DOS FUNCIONÁRIOS DO GRUPO JAL LTDA.;5.548.335;b3S;I;2;S5;9;SAO JOAO DE MERITI;RJ;09/2021;5.027;0;3.667;234;204;265;231;167;52;207;0
COOPERATIVA DE CRÉDITO RURAL DO SERTÃO ALAGOANO ASCOOB COCREAL;7.564.184;b3S;I;2;S5;9;PAO DE ACUCAR;AL;09/2021;5.017;0;3.132;603;531;321;121;136;27;146;0
AGENCIA DE FOMENTO DO AMAPA S.A.;2.929.977;n1;I;1;S4;30;MACAPA;AP;09/2021;4.924;0;3.090;178;214;56;79;32;48;1.227;0
COOPERATIVA DE CRÉDITO MÚTUO DOS EMPREGADOS DA PILKINGTON BRASIL;2.104.058;b3S;I;2;S5;9;CACAPAVA;SP;09/2021;4.829;0;4.434;155;38;27;56;13;9;97;0
COOPERATIVA DE ECONOMIA E CRéDITO MúTUO DOS APOSENTADOS, PENSIONISTAS E IDOSOS - SICOOB COOPERNAPI;16.564.240;b3S;I;2;S5;9;SAO PAULO;SP;09/2021;4.793;180;3.416;632;261;98;115;45;5;40;0
COOPERATIVA DE CRÉDITO DOS FORNECEDORES DE CANA DE BARRA BONITA E REGIÃO;44.746.352;b3S;I;2;S5;9;BARRA BONITA;SP;09/2021;4.782;0;3.065;637;373;212;307;24;2;162;0
COBUCCIO SOCIEDADE DE CRÉDITO DIRETO S.A.;36.947.229;n1;I;2;S4;43;MONTE BELO;MG;09/2021;4.755;282;2.322;2;4;2.142;2;0;0;0;0
COOPERATIVA DE ECONOMIA E CRÉDITO MÚTUO DOS EMPREGADOS DA CONFAB;59.305.565;b3S;I;2;S5;9;PINDAMONHANGABA;SP;09/2021;4.743;0;4.596;39;39;31;5;25;0;7;0
ECONOMISA COMPANHIA HIPOTECÁRIA.;17.441.197;n1;I;2;S5;29;BELO HORIZONTE;MG;09/2021;4.742;0;1.264;113;696;321;346;308;213;1.482;0
COOPERATIVA DE ECONOMIA E CRÉDITO MÚTUO DOS FABRICANTES DE CALÇADOS DE SAPIRANGA LTDA.;5.841.967;b3S;I;2;S5;9;SAPIRANGA;RS;09/2021;4.697;0;577;689;150;1.770;296;190;65;961;0
COOPERATIVA DE ECONOMIA E CRÉDITO MÚTUO DOS SERVIDORES DA FACULDADE DE ENGENHARIA DE ILHA SOLTEIRA - COOPERFEIS;96.409.263;b3S;I;2;S5;9;ILHA SOLTEIRA;SP;09/2021;4.647;0;4.647;0;0;0;0;0;0;0;0
COOPERATIVA DE ECONOMIA E CRÉDITO MÚTUO DOS FUNCIONÁRIOS DO FLEURY;71.965.313;b3S;I;2;S5;9;SAO PAULO;SP;09/2021;4.645;0;4.442;45;43;13;26;20;6;50;0
COOPERATIVA DE CRÉDITO MÚTUO DOS SERVIDORES MUNICIPAIS DE BEBEDOURO - COOCRESB.;5.969.937;b3S;I;2;S5;9;BEBEDOURO;SP;09/2021;4.632;75;2.698;1.135;461;145;63;2;3;49;0
TULLETT PREBON BRASIL;52.027;n2;C;3;S4;196;SAO PAULO;SP;09/2021;4.560;1.739;2.771;43;0;0;0;0;0;8;0
COOPERATIVA DE ECONOMIA E CRÉDITO MÚTUO DOS EMPREGADOS, APOSENTADOS E PENSIONISTAS DA COMPANHIA ESTADUAL DE ENERGIA ELÉTRICA E ELETRICITÁRIOS DO RIO GRANDE DO SUL   CRECE;92.825.397;b3S;I;2;S5;9;PORTO ALEGRE;RS;09/2021;4.509;0;4.106;147;98;58;25;6;3;67;0
COOPERATIVA DE ECONOMIA E CRÉDITO MÚTUO DOS FUNCIONÁRIOS DA OWENS CORNING FIBERGLAS AMÉRICA DO SUL;48.172.860;b3S;I;2;S5;9;RIO CLARO;SP;09/2021;4.451;0;4.046;101;49;50;40;26;0;139;0
COOPERATIVA DE CRÉDITO DOS BANCÁRIOS DE SÃO PAULO E MUNICÍPIOS LIMÍTROFES;3.422.007;b3S;I;2;S5;9;SAO PAULO;SP;09/2021;4.389;0;3.339;97;230;90;42;74;54;463;0
COOPERATIVA DE CRÉDITO MÚTUO DOS FUNCIONÁRIOS DA RICLAN;6.077.760;b3S;I;2;S5;9;RIO CLARO;SP;09/2021;4.294;0;4.143;60;39;1;18;3;8;22;0
COOPERATIVA DE ECONOMIA E CRÉDITO MÚTUO DOS EMPREGADOS DA SAINT-GOBAIN DO BRASIL PRODUTOS INDUSTRIAIS E PARA CONSTRUÇÃO - DIVISÃO VIDRO PLANO;48.140.925;b3S;I;2;S5;9;MAUA;SP;09/2021;4.209;0;2.938;836;169;126;41;29;16;55;0
FFA SOCIEDADE DE CRÉDITO AO MICROEMPREENDEDOR E À EMPRESA DE PEQUENO PORTE LTDA.;24.537.861;n1;I;2;S5;10;SAO PAULO;SP;09/2021;4.080;0;1.267;1.151;43;372;142;300;27;778;0
EMCASH SERVIÇOS FINANCEIROS SOCIEDADE DE EMPRÉSTIMO ENTRE PESSOAS S.A.;34.139.916;n1;I;2;S5;44;BELO HORIZONTE;MG;09/2021;4.059;0;0;0;0;0;0;0;0;0;0
COOPERATIVA DE ECONOMIA E CRÉDITO MÚTUO DOS FUNCIONÁRIOS DA ASTRAZENECA DO BRASIL;1.288.797;b3S;I;2;S5;9;COTIA;SP;09/2021;3.956;0;3.686;2;1;0;0;0;0;267;0
COOPERATIVA DE ECONOMIA E CRÉDITO MÚTUO DOS EMPREGADOS DO GRUPO TELEFÔNICA;57.598.120;b3S;I;2;S5;9;SAO PAULO;SP;09/2021;3.921;0;3.829;24;7;6;16;9;5;25;0
COOPERATIVA DE CRÉDITO RURAL DE PEQUENOS AGRICULTORES E DA REFORMA AGRÁRIA DO CENTRO OESTE DO PARANÁ - CREHNOR LARANJEIRAS;1.330.387;b3S;I;2;S5;9;LARANJEIRAS DO SUL;PR;09/2021;3.863;0;3.514;158;47;62;1;27;0;54;0
COOPERATIVA DE ECONOMIA E CREDITO MUTUO DOS SERVIDORES DA EMPRESA BRASILEIRA DE CORREIOS E TELEGRAFOS LTDA;42.100.982;b3S;I;2;S5;9;RIO DE JANEIRO;RJ;09/2021;3.799;0;1.389;589;154;351;664;167;42;443;0
COOPERATIVA DE ECONOMIA E CRÉDITO MÚTUO DOS SERVIDORES DA SECRETARIA DE DEFESA SOCIAL DO ESTADO DE MINAS GERAIS LTDA. - COOPSESP;5.746.715;b3S;I;2;S5;9;BELO HORIZONTE;MG;09/2021;3.770;0;2.071;875;274;179;124;26;116;105;0
COOPERATIVA DE ECONOMIA E CRÉDITO MÚTUO DOS SERVIDORES DA CNC SESC E SENAC ADMINISTRAÇÕES NACIONAIS LTDA;30.304.919;b3S;I;2;S5;9;RIO DE JANEIRO;RJ;09/2021;3.739;0;3.719;7;0;5;0;1;0;8;0
COOPERATIVA DE ECONOMIA E CRÉDITO MÚTUO DOS EMPREGADOS DA SAMARCO MINERAÇÃO S.A. LTDA - CREDISAM;20.622.809;b3S;I;2;S5;9;BELO HORIZONTE;MG;09/2021;3.670;0;3.664;4;0;0;0;0;3;0;0
COOPERATIVA DE ECONOMIA E CREDITO MUTUO DOS SERVIDORES DA COMLURB LTDA;29.341.260;b3S;I;2;S5;9;RIO DE JANEIRO;RJ;09/2021;3.662;0;2.412;206;6;124;131;68;69;646;0
COOPERATIVA DE ECONOMIA E CRÉDITO MÚTUO DOS TRABALHADORES DA UNIVERSIDADE FEDERAL DE MINAS GERAIS LTDA. - COOPECREMT-UFMG;1.918.144;b3S;I;2;S5;9;BELO HORIZONTE;MG;09/2021;3.653;0;1.962;272;216;130;174;131;81;687;0
COOPERATIVA DE CRÉDITO MÚTUO DOS FUNCIONÁRIOS DAS EMPRESAS FERROVIÁRIAS NO ESTADO DE SÃO PAULO;53.932.869;b3S;I;2;S5;9;OSASCO;SP;09/2021;3.631;0;3.559;19;45;2;0;6;0;1;0
COOPERATIVA DE CRÉDITO MÚTUO DOS SERVIDORES DE ÓRGAOS GESTORES DE RECURSOS HÍDRICOS DO ESTADO DE SÃO PAULO - COOPERHIDRO;53.800.488;b3S;I;2;S5;9;SAO PAULO;SP;09/2021;3.628;0;2.853;222;191;45;40;35;33;210;0
NOSSA TERRA COOPERATIVA DE CRÉDITO DOS EMPREGADOS DAS EMPRESAS DE AGRONEGÓCIO E AFINS;49.204.605;b3S;I;2;S5;9;CAJATI;SP;09/2021;3.623;0;2.562;414;385;185;14;4;26;32;0
COOPERATIVA DE CRÉDITO MÚTUO DOS SERVIDORES DA SEGURANÇA PÚBLICA DE SÃO PAULO - CREDIAFAM;4.804.353;b3S;I;2;S5;9;SAO PAULO;SP;09/2021;3.600;0;2.905;408;54;40;50;8;33;102;0
ALESTA SOCIEDADE DE CREDITO DIRETO S.A.;38.316.293;n1;I;2;S5;43;JAGUARIUNA;SP;09/2021;3.456;1.155;469;376;499;374;384;199;0;0;0
COOPERATIVA DE ECONOMIA E CRÉDITO MÚTUO SERVIDORES PÚBLICOS ATIVOS, INATIVOS E PENSIONISTAS DA ADMINISTRAÇÃO DIRETA, INDIRETA E ASSEMBLÉIA LEGISLATIVA DO ESTADO DO RIO GRANDE SUL - COOPSERGS;5.591.437;b3S;I;2;S5;9;PORTO ALEGRE;RS;09/2021;3.452;0;1.473;172;435;423;207;238;92;413;0
COOPERATIVA DE ECONOMIA E CRÉDITO MÚTUO DOS FUNCIONÁRIOS DAS EMPRESAS MELHORAMENTOS DE SÃO PAULO - COOPERMEL;1.504.952;b3S;I;2;S5;9;SAO PAULO;SP;09/2021;3.365;0;2.860;118;191;105;45;3;14;29;0
CF GROUP SOCIEDADE DE EMPRÉSTIMO ENTRE PESSOAS S.A.;41.349.521;n1;I;2;S5;44;PORTO ALEGRE;RS;09/2021;3.280;0;2.193;1.087;0;0;0;0;0;0;0
COOPSEBRAE - COOPERATIVA DE CRÉDITO MÚTUO DOS FUNCIONÁRIOS DO SEBRAE/PB, SEBRAE/RN E SESC, SENAC E SENAR EM JOÃO PESSOA;41.219.353;b3S;I;2;S5;9;JOAO PESSOA;PB;09/2021;3.177;0;3.018;6;0;70;33;0;0;51;0
COOPERATIVA DE CRéDITO MúTUO DOS FUNCIONáRIOS PúBLICOS DO PODER JUDICIáRIO DA CAPITAL DO ESTADO DE SãO PAULO - SICOOB JUDCRED;7.651.495;b3S;I;2;S5;9;SAO PAULO;SP;09/2021;3.147;0;1.269;1.067;516;156;0;64;15;59;0
COOPERATIVA DE ECONOMIA E CRÉDITO MÚTUO DOS FUNCIONÁRIOS DA ELGIN;45.045.671;b3S;I;2;S5;9;MOGI DAS CRUZES;SP;09/2021;3.094;0;2.231;672;36;82;30;11;2;30;0
FONTECRED - SOCIEDADE DE CRÉDITO DIRETO S/A;33.890.605;n1;I;2;S5;43;LAGOA DA PRATA;MG;09/2021;3.071;0;2.722;136;56;64;27;18;7;41;0
COOPERATIVA DE ECONOMIA E CREDITO MUTUO DOS SERVIDORES PUBLICOS MUNICIPAIS DE PORTO ALEGRE;3.990.888;b3S;I;2;S5;9;PORTO ALEGRE;RS;09/2021;2.945;0;610;1.093;797;276;55;49;0;66;0
COOPERATIVA DE CREDITO RURAL E ECONOMIA COM INTERAÇÃO SOLIDÁRIA DE OLIVEIRA DOS BREJINHOS - CRESOL OLIVEIRA DOS BREJINHOS;5.428.587;b3S;I;2;S5;9;OLIVEIRA DOS BREJINHOS;BA;09/2021;2.901;0;2.718;130;21;1;11;8;0;12;0
BIGCASH SOCIEDADE DE CREDITO DIRETO S.A.;36.452.762;n1;I;2;S5;43;GOVERNADOR VALADARES;MG;09/2021;2.882;0;2.851;31;0;0;0;0;0;0;0
COOPERATIVA DE ECONOMIA E CRÉDITO MÚTUO DOS EMPREGADOS DAS EMPRESAS SIDERÚRGICAS, METALÚRGICAS E ELETRO-MECÂNICAS DE JOÃO MONLEVADE LTDA. - CREDIBELGO;24.235.459;b3S;I;2;S5;9;JOAO MONLEVADE;MG;09/2021;2.853;0;1.768;138;114;180;65;131;42;414;0
COOPERATIVA DE ECONOMIA E CRÉDITO MÚTUO DOS EMPREGADOS DA RECKITT BENCKISER;44.223.196;b3S;I;2;S5;9;SAO PAULO;SP;09/2021;2.841;0;2.808;33;0;0;0;0;0;0;0
COOPERATIVA DE CRÉDITO MÚTUO DOS EMPREGADOS EM INSTITUIÇÕES DO SISTEMA FINANCEIRO NAS REGIÕES DE SÃO PAULO E CAMPINAS (SP) - CREDISCOOP;3.674.133;b3S;I;2;S5;9;SAO PAULO;SP;09/2021;2.834;0;2.510;9;40;59;34;61;0;121;0
COOPERATIVA DE ECONOMIA E CREDITO MUTUO DOS EMPREGADOS DAS EMPRESAS DE TRANSPORTES COLETIVOS RODOVIÁRIOS DE PASSAGEIROS DO GRANDE RIO LTDA;141.155;b3S;I;2;S5;9;SAO GONCALO;RJ;09/2021;2.820;0;2.390;22;2;36;57;88;90;135;0
COOPERATIVA DE ECONOMIA E CRÉDITO MÚTUO DOS FUNCIONÁRIOS DAS EMPRESAS DO GRUPO DANA - COOPDANA;91.018.408;b3S;I;2;S5;9;GRAVATAI;RS;09/2021;2.761;0;2.743;4;2;0;0;3;6;2;0
COOPERATIVA DE ECONOMIA E CRÉDITO MÚTUO DOS SERVIDORES DA ADMINISTRAÇÃO PÚBLICA MUNICIPAL DE PORTO ALEGRE - MUNICRED;5.460.750;b3S;I;2;S5;9;PORTO ALEGRE;RS;09/2021;2.708;0;1.274;85;16;52;26;47;89;1.118;0
COOPERATIVA DE ECONOMIA E CRÉDITO MÚTUO DOS EMPREGADOS DOS SUPERMERCADOS RUSSI;2.230.138;b3S;I;2;S5;9;JUNDIAI;SP;09/2021;2.651;0;2.148;303;29;7;47;18;1;98;0
COOPERATIVA DE ECONOMIA E CRÉDITO MÚTUO DOS EMPREGADOS DAS INDÚSTRIAS UNILEVER DO BRASIL;53.272.365;b3S;I;2;S5;9;VALINHOS;SP;09/2021;2.633;0;2.263;106;98;59;18;34;9;46;0
COOPERATIVA CENTRAL DE CRÉDITO RURAL COM INTERAÇÃO SOLIDÁRIA - CRESOL CENTRAL SC/RS;7.202.627;b3C;I;2;S4;9;CHAPECO;SC;09/2021;2.630;0;2.630;0;0;0;0;0;0;0;0
COOPERATIVA DE CRÉDITO DOS EMPREGADOS DA COMPANHIA INDUSTRIAL CATAGUASES E DA BAUMINAS LTDA. - SICOOB COOPECIC;19.495.266;b3S;I;2;S5;9;CATAGUASES;MG;09/2021;2.578;0;1.927;195;182;53;60;22;16;122;0
COOPERATIVA DE ECONOMIA E CRÉDITO MÚTUO DOS FUNCIONÁRIOS DA ACUMENT BRASIL;45.068.632;b3S;I;2;S5;9;ATIBAIA;SP;09/2021;2.570;0;2.483;38;0;5;3;9;0;32;0
COOPERATIVA DE ECONOMIA E CREDITO MUTUO DOS FUNCIONARIOS DO EXPRESSO PRINCESA DOS CAMPOS;1.551.820;b3S;I;2;S5;9;PONTA GROSSA;PR;09/2021;2.551;0;2.358;19;79;35;14;15;18;13;0
COOPERATIVA DE ECONOMIA E CRÉDITO MÚTUO DOS FUNCIONÁRIOS DO GRUPO LORENZETTI;44.905.255;b3S;I;2;S5;9;SAO PAULO;SP;09/2021;2.544;0;2.544;0;0;0;0;0;0;0;0
SOCIAL BANK BANCO MÚLTIPLO S/A;15.173.776;b1;I;2;S4;8;SALVADOR;BA;09/2021;2.508;0;1.636;0;376;0;467;0;15;14;0
CREDEXTRA - COOPERATIVA DE ECONOMIA E CRÉDITO MÚTUO DOS EMPREGADOS DA REALMAR DISTRIBUIDORA LTDA;4.899.135;b3S;I;2;S5;9;SERRA;ES;09/2021;2.493;0;2.390;23;7;13;9;4;4;43;0
COOPERATIVA DE CRÉDITO MÚTUO DOS EMPREGADOS DA FIAÇÃO ALPINA - COOPERALPINA;55.319.370;b3S;I;2;S5;9;MORUNGABA;SP;09/2021;2.441;0;2.256;38;54;38;11;0;0;44;0
COOPERATIVA DE ECONOMIA E CRÉDITO MÚTUO DOS MEMBROS DO MINISTÉRIO PÚBLICO DE SÃO PAULO - PROMOCRED;4.478.231;b3S;I;2;S5;9;SAO PAULO;SP;09/2021;2.414;0;1.540;386;356;92;0;0;39;0;0
COOPERATIVA DE ECONOMIA E CRÉDITO MÚTUO DOS COLABORADORES DA COOPEDER LTDA - COOPCREDER;21.130.869;b3S;I;2;S5;9;BELO HORIZONTE;MG;09/2021;2.352;0;2.029;67;100;35;31;0;25;65;0
COOPERATIVA DE ECONOMIA E CRÉDITO MÚTUO DOS EMPREGADOS DA MOSAIC FERTILIZANTES DE UBERABA - COPERURA LTDA.;17.607.375;b3S;I;2;S5;9;UBERABA;MG;09/2021;2.263;0;2.221;19;22;1;0;0;0;0;0
COOPERATIVA DE ECONOMIA E CRÉDITO MÚTUO DOS FUNCIONÁRIOS DA TICKET SERVIÇOS COMÉRCIO E ADMINISTRAÇÃO;57.440.521;b3S;I;2;S5;9;SAO PAULO;SP;09/2021;2.253;0;2.106;21;21;84;9;3;2;7;0
COOPERATIVA CENTRAL DE CRÉDITO DO ESTADO DE SÃO PAULO - SICOOB SÃO PAULO;63.917.579;b3C;I;2;S4;9;RIBEIRAO PRETO;SP;09/2021;2.239;0;2.239;0;0;0;0;0;0;0;0
COOPERATIVA DE ECONOMIA E CRÉDITO MÚTUO DOS FUNCIONÁRIOS DA ASSEMBLÉIA LEGISLATIVA DO ESTADO DA PARAÍBA LTDA. -  COOPERLEGIS;41.146.382;b3S;I;2;S5;9;JOAO PESSOA;PB;09/2021;2.218;0;1.305;562;128;46;1;26;8;143;0
BRCARD SOCIEDADE DE CRÉDITO DIRETO S/A;39.431.423;n1;I;2;S5;43;CALDAS NOVAS;GO;09/2021;2.215;0;1.937;76;81;27;28;37;16;14;0
TANGER SOCIEDADE DE CRÉDITO DIRETO S.A.;34.846.868;n1;I;2;S5;43;LINS;SP;09/2021;2.215;0;1.463;164;129;93;56;63;109;139;0
COOPERATIVA DE ECONOMIA E CRÉDITO MÚTUO DOS EMPREGADOS DA MAGNESITA REFRATÁRIOS S.A. LTDA. - CECREM;913.314;b3S;I;2;S5;9;CONTAGEM;MG;09/2021;2.202;0;2.093;72;16;5;6;1;4;5;0
COOPERATIVA DE ECONOMIA E CRÉDITO MÚTUO DOS FUNCIONÁRIOS DO GRUPO GERDAU - AÇOS FINOS PIRATINI;88.952.130;b3S;I;2;S5;9;CHARQUEADAS;RS;09/2021;2.200;0;1.811;184;53;28;64;31;13;15;0
COOPERATIVA DE ECONOMIA E CRÉDITO MÚTUO DOS SERVIDORES DA UNESP - COOPUNESP;69.136.075;b3S;I;2;S5;9;RIO CLARO;SP;09/2021;2.189;0;1.890;93;16;102;51;0;0;37;0
COOPERATIVA DE ECONOMIA E CRÉDITO MÚTUO DOS FUNCIONÁRIOS DA NAKATA;9.128.022;b3S;I;2;S5;9;OSASCO;SP;09/2021;2.177;0;2.144;0;0;31;2;0;0;0;0
COOPERATIVA DE CRÉDITO RURAL ASCOOB COOPEC - ASCOOB COOPEC;9.244.973;b3S;I;2;S5;9;POCO VERDE;SE;09/2021;2.166;0;1.257;601;126;70;13;34;9;54;0
COOPERATIVA DE ECONOMIA E CRÉDITO MÚTUO DOS FUNCIONÁRIOS DAS EMPRESAS DE CERÂMICA - COOPASPACER;2.541.707;b3S;I;2;S5;9;SANTA GERTRUDES;SP;09/2021;2.126;0;1.974;29;8;10;22;15;7;60;0
FINANCRED - SOCIEDADE DE CRÉDITO AO MICROEMPREENDEDOR E A EMPRESA DE PEQUENO PORTE LTDA.;27.348.513;n1;I;2;S5;10;CAMPO GRANDE;MS;09/2021;2.036;0;558;1.082;110;121;5;0;0;159;0
COOPERATIVA DE CRÉDITO RURAL DOS PLANTADORES DE CANA DA REGIÃO DE IGARAPAVA;52.623.311;b3S;I;2;S5;9;IGARAPAVA;SP;09/2021;2.022;0;1.124;402;321;0;74;101;0;0;0
COOPERATIVA DE CRÉDITO DOS FUNCIONÁRIOS DA PERPART, DO IPA E DA ADAGRO - COOPEMATER;11.356.599;b3S;I;2;S5;9;RECIFE;PE;09/2021;2.006;0;1.518;228;111;47;43;12;34;14;0
CREDISIS - CENTRAL DE COOPERATIVAS DE CRÉDITO LTDA.;4.632.856;b3C;I;2;S4;9;JI-PARANA;RO;09/2021;2.003;0;2.003;0;0;0;0;0;0;0;0
COOPESTADO - COOPERATIVA DE ECONOMIA E CRÉDITO MÚTUO DOS SERVIDORES PÚBLICOS NA REGIÃO METROPOLITANA DO ESTADO DO RIO DE JANEIRO LIMITADA;4.995.006;b3S;I;2;S5;9;RIO DE JANEIRO;RJ;09/2021;1.978;0;1.902;51;4;3;1;8;0;8;0
COOPERATIVA DE CRÉDITO DOS EMPREGADOS DO GRUPO AKZO NOBEL BRASIL - COOP AKZONOBEL;57.996.878;b3S;I;2;S5;9;MAUA;SP;09/2021;1.954;0;1.924;0;0;3;22;0;0;5;0
COOPERATIVA DE ECONOMIA E CREDITO MUTUO DOS FUNCIONARIOS DE INSTITUICOES FINANCEIRAS PUBLICAS NO ESTADO DO ESPIRITO SANTO - CREDBRASIL-ES;2.869.663;b3S;I;2;S5;9;VITORIA;ES;09/2021;1.885;0;1.385;0;65;114;0;0;71;250;0
FFCRED SOCIEDADE DE CRÉDITO DIRETO S.A..;39.738.065;n1;I;2;S5;43;ERECHIM;RS;09/2021;1.837;0;1.743;37;57;0;0;0;0;0;0
ACCESSCRÉDITO - SOCIEDADE DE CRÉDITO AO MICROEMPREENDEDOR E À EMPRESA DE PEQUENO PORTE S.A;13.058.743;n1;I;3;S5;10;MANAUS;AM;09/2021;1.822;0;922;43;107;75;66;58;80;471;0
COOPERATIVA DE ECONOMIA E CRÉDITO MÚTUO DOS FUNCIONÁRIOS DAS EMPRESAS ITAÚ;43.446.335;b3S;I;2;S5;9;SAO PAULO;SP;09/2021;1.811;0;1.743;13;17;0;0;1;0;37;0
COOPERATIVA DE ECONOMIA E CRÉDITO MÚTUO DOS FUNCIONÁRIOS DA SELENE;72.952.138;b3S;I;2;S5;9;CERQUILHO;SP;09/2021;1.796;0;1.651;31;28;12;14;9;4;48;0
CALCRED S.A. - CRÉDITO, FINANCIAMENTO E INVESTIMENTO;37.122.487;n1;I;2;S4;14;SAO JOSE;SC;09/2021;1.767;0;1.656;90;22;0;0;0;0;0;0
COOPERATIVA DE ECONOMIA E CRÉDITO MÚTUO DOS EMPREGADOS DAS EMPRESAS PLASCAR;17.411.307;b3S;I;2;S5;9;JUNDIAI;SP;09/2021;1.764;0;1.705;21;6;21;0;6;0;5;0
PINTOS S.A. CREDITO, FINANCIAMENTO E INVESTIMENTO;35.274.306;n1;I;2;S5;14;TERESINA;PI;09/2021;1.762;0;1.596;64;60;19;3;4;11;4;0
ATIVA INVESTIMENTOS S.A. CORRETORA DE TÍTULOS, CÂMBIO E VALORES;33.775.974;n2;I;2;S4;15;RIO DE JANEIRO;RJ;09/2021;1.700;1.700;0;0;0;0;0;0;0;0;0
COOPERATIVA DE CRÉDITO MÚTUO DOS SERVIDORES PÚBLICOS MUNICIPAIS DE JABOTICABAL - COOPERSERV;881.829;b3S;I;2;S5;9;JABOTICABAL;SP;09/2021;1.627;0;1.582;16;4;16;2;3;3;0;0
BANCO CEDULA S.A.;33.132.044;b1;I;2;S4;8;RIO DE JANEIRO;RJ;09/2021;1.624;2;0;6;96;0;4;0;0;1.515;0
COOPERATIVA DE ECONOMIA E CREDITO MUTUO DOS EMPREGADOS DOS LABORATORIOS B.BRAUN LTDA;30.586.895;b3S;I;2;S5;9;SAO GONCALO;RJ;09/2021;1.621;0;1.572;13;35;0;0;0;2;0;0
COOPERATIVA DE ECONOMIA E CREDITO MUTUO DOS SERVIDORES DA UERJ LTDA. - COOPUERJ;28.885.036;b3S;I;2;S5;9;RIO DE JANEIRO;RJ;09/2021;1.615;0;612;277;326;280;84;33;0;2;0
COOPERATIVA DE CRÉDITO MÚTUO DOS EMPREGADOS EM EMPRESAS ADMINISTRADORAS DE AEROPORTOS - AEROCRED;5.292.849;b3S;I;2;S5;9;GUARULHOS;SP;09/2021;1.609;0;1.162;126;79;71;36;57;18;60;0
COOPERATIVA DE ECONOMIA E CREDITO MUTUO DOS SERVIDORES MUNICIPAIS DO SUL FLUMINENSE LTDA.;1.819.799;b3S;I;2;S5;9;VOLTA REDONDA;RJ;09/2021;1.594;0;1.586;0;1;0;0;0;0;6;0
COOPSERJ - COOPERATIVA DE CRÉDITO MÚTUO DOS SERVIDORES PÚBLICOS DO PODER EXECUTIVO DO ESTADO DO RIO DE JANEIRO LTDA.;2.723.075;b3S;I;2;S5;9;RIO DE JANEIRO;RJ;09/2021;1.591;0;1.440;63;0;17;63;0;0;8;0
COOPERATIVA DE ECONOMIA E CRÉDITO MÚTUO DOS EMPREGADOS DA PROLEC GE BRASIL TRANSMISSÃO DE ENERGIA S.A.;88.043.187;b3S;I;2;S5;9;CANOAS;RS;09/2021;1.587;0;1.399;47;0;90;0;34;0;18;0
COOPERATIVA DE ECONOMIA E CRÉDITO MÚTUO DOS SERVIDORES DA POLÍCIA MILITAR DO ESTADO DE SÃO PAULO DA REGIÃO CENTRO-OESTE PAULISTA - CREDMIL;4.152.107;b3S;I;2;S5;9;BAURU;SP;09/2021;1.552;4;690;163;213;276;78;33;38;58;0
COOPERATIVA DE ECONOMIA E CRÉDITO MÚTUO DOS EMPREGADOS DA PONTIFÍCIA UNIVERSIDADE CATÓLICA DO RIO DE JANEIRO E EMPREGADOS EM ESTABELECIMENTOS PRIVADOS DE ENSINO DO MUNICÍPIO DO RIO DE JANEIRO LTDA.;42.445.122;b3S;I;2;S5;9;RIO DE JANEIRO;RJ;09/2021;1.548;0;1.232;56;79;40;45;21;16;59;0
CASA DO CRÉDITO S.A. SOCIEDADE DE CRÉDITO AO MICROEMPREENDEDOR;5.442.029;n1;I;2;S5;10;SAO PAULO;SP;09/2021;1.543;0;679;242;238;68;130;0;40;146;0
ATLANTA SOCIEDADE DE CRÉDITO AO MICROEMPREENDEDOR LTDA;4.772.908;n1;I;2;S5;10;PASSOS;MG;09/2021;1.494;0;1.210;133;9;130;6;4;2;0;0
LAR COOPERATIVA DE CRÉDITO - LAR CREDI;39.343.350;b3S;I;2;S5;9;MEDIANEIRA;PR;09/2021;1.460;0;450;529;482;0;0;0;0;0;0
COOPERATIVA DE ECONOMIA E CRÉDITO MÚTUO DOS FUNCIONÁRIOS DO GRUPO SUGGAR LTDA.;548.980;b3S;I;2;S5;9;BELO HORIZONTE;MG;09/2021;1.419;0;1.303;26;23;23;25;6;5;9;0
STARCRED SOCIEDADE DE CRÉDITO DIRETO S.A.;35.911.258;n1;I;2;S5;43;TAQUARA;RS;09/2021;1.412;0;1.299;0;114;0;0;0;0;0;0
COOPERATIVA DE ECONOMIA E CRÉDITO MÚTUO DOS SERVENTUÁRIOS DA CIMENTO TUPI S.A. E EMPRESAS COLIGADAS LTDA. - TUPICRED;19.551.787;b3S;I;2;S5;9;CARANDAI;MG;09/2021;1.381;0;826;225;309;17;2;0;0;3;0
COOPERATIVA DE CRÉDITO MÚTUO DOS FUNCIONÁRIOS DA FIEP, SESI, SENAI, IEL E DO CONDOMÍNIO AGOSTINHO VELLOSO DA SILVEIRA (CEAVS) - CREDFISP LTDA.;5.747.018;b3S;I;2;S5;9;CAMPINA GRANDE;PB;09/2021;1.375;0;1.291;84;0;0;0;0;0;0;0
RPW SOCIEDADE DE CRÉDITO AO MICROEMPREENDEDOR E À EMPRESA DE PEQUENO PORTE S.A.;6.249.129;n1;I;2;S5;10;SAO PAULO;SP;09/2021;1.365;0;1.142;28;3;1;101;20;7;63;0
COOPERATIVA DE ECONOMIA E CREDITO MUTUO DOS FUNCIONARIOS DA GKN DO BRASIL LTDA;5.331.882;b3S;I;2;S5;9;PORTO ALEGRE;RS;09/2021;1.354;0;920;41;2;182;124;43;7;35;0
COOPERATIVA DE CRÉDITO DOS EMPREGADOS DAS EMPRESAS DO GRUPO INDORAMA NO BRASIL;62.605.290;b3S;I;2;S5;9;POCOS DE CALDAS;MG;09/2021;1.331;0;1.235;34;5;1;0;4;0;52;0
AGENCIA DE FOMENTO DO ESTADO DE RORAIMA S/A;3.058.464;n1;I;1;S4;30;BOA VISTA;RR;09/2021;1.295;0;939;0;0;181;9;7;2;156;0
COOPERATIVA DE ECONOMIA E CRÉDITO MÚTUO DOS EMPREGADOS DA EMPRESA SUPERMERCADOS JAU SERVE - COOPERJS;3.400.651;b3S;I;2;S5;9;JAU;SP;09/2021;1.215;0;1.017;171;15;5;4;0;0;4;0
COOPERATIVA CENTRAL DE CRÉDITO DA AGRICULTURA FAMILIAR E ECONOMIA SOLIDÁRIA - ASCOOB CENTRAL;10.013.534;b3C;I;2;S4;9;SERRINHA;BA;09/2021;1.205;0;1.205;0;0;0;0;0;0;0;0
COOPERATIVA DE ECONOMIA E CRÉDITO MÚTUO DOS FUNCIONÁRIOS DO GRUPO VOTORANTIM LIMITADA.;75.174.953;b3S;I;2;S5;9;RIO BRANCO DO SUL;PR;09/2021;1.195;80;1.115;0;0;0;0;0;0;0;0
COOPERATIVA DE ECONOMIA E CREDITO MUTUO DOS EMPREGADOS DO COLEGIO SANTO INACIO - COESI;2.447.184;b3S;I;2;S5;9;RIO DE JANEIRO;RJ;09/2021;1.162;0;1.074;0;0;0;30;0;0;58;0
COOPERATIVA DE CRÉDITO MÚTUO DOS TRABALHADORES DO SISTEMA FINANCEIRO DE CURITIBA E REGIÃO - COOPCREFI;6.942.423;b3S;I;2;S5;9;CURITIBA;PR;09/2021;1.156;0;937;113;105;1;0;0;0;0;0
COOPERATIVA DE ECONOMIA E CRÉDITO MÚTUO DOS FUNCIONÁRIOS DA COMPANHIA PAULISTA DE TRENS METROPOLITANOS - COOPERTREM;1.530.136;b3S;I;2;S5;9;OSASCO;SP;09/2021;1.145;0;308;386;407;11;0;0;15;18;0
COOPERATIVA DE ECONOMIA E CREDITO MUTUO DOS FUNCIONARIOS DA VIACAO NOSSA SENHORA DO AMPARO LTDA. - COPERFAMP;2.192.115;b3S;I;2;S5;9;MARICA;RJ;09/2021;1.145;0;692;241;92;38;6;16;7;53;0
RAPIDIUM SOCIEDADE DE CRÉDITO AO MICROEMPREENDEDOR E À EMPRESA DE PEQUENO PORTE S.A.;40.269.467;n1;I;2;S5;10;TOLEDO;PR;09/2021;1.136;0;1.109;28;0;0;0;0;0;0;0
COOPERATIVA DE ECONOMIA E CRÉDITO MÚTUO DOS EMPREGADOS DO GRUPO PARAMOUNT;88.183.173;b3S;I;2;S5;9;SAPUCAIA DO SUL;RS;09/2021;1.129;0;1.129;0;0;0;0;0;0;0;0
COOPERATIVA DE ECONOMIA E CRÉDITO MÚTUO DOS EMPREGADOS DA JOLIMODE ROUPAS E EMPRESAS COLIGADAS LTDA;28.244.622;b3S;I;2;S5;9;RIO DE JANEIRO;RJ;09/2021;1.118;0;850;13;35;52;41;46;19;62;0
COOPERATIVA DE ECONOMIA E CREDITO MUTUO DOS FUNCIONARIOS DO GRUPO MAUA LTDA;5.048.575;b3S;I;2;S5;9;SAO GONCALO;RJ;09/2021;1.114;0;790;26;57;43;39;39;23;98;0
COOPERATIVA DE ECONOMIA E CRÉDITO MÚTUO DOS FUNCIONÁRIOS DA USINA SANTA MARIA - PILONCRED;1.107.759;b3S;I;2;S5;9;CERQUILHO;SP;09/2021;1.113;0;1.100;5;7;0;0;0;0;0;0
BARU SOCIEDADE DE CRéDITO DIRETO S/A;42.723.848;n1;I;2;S5;43;PORTO ALEGRE;RS;09/2021;1.104;0;1.104;0;0;0;0;0;0;0;0
COOPERATIVA DE ECONOMIA E CRÉDITO MÚTUO DOS EMPREGADOS DA FUNDAÇÃO ARTHUR BERNARDES LTDA. - COOFAB;2.738.981;b3S;I;2;S5;9;VICOSA;MG;09/2021;1.079;0;983;35;24;15;0;2;0;20;0
COOPERATIVA DE ECONOMIA E CREDITO MUTUO DOS SERVIDORES DO COLEGIO PEDRO II;2.910.387;b3S;I;2;S5;9;RIO DE JANEIRO;RJ;09/2021;1.068;0;1.022;34;6;1;0;5;0;0;0
NOVINVEST CORRETORA DE VALORES MOBILIARIOS LTDA.;43.060.029;n2;I;2;S4;15;SAO PAULO;SP;09/2021;1.067;1.067;0;0;0;0;0;0;0;0;0
COOPERATIVA DE ECONOMIA E CRÉDITO MÚTUO DOS EMPREGADOS DA BECTON DICKINSON INDÚSTRIAS CIRÚRGICAS LTDA., LTDA.;21.597.133;b3S;I;2;S5;9;JUIZ DE FORA;MG;09/2021;1.025;0;1.025;0;0;0;0;0;0;0;0
COOPERATIVA DE CRÉDITO MÚTUO DOS EMPREGADOS DAS INDÚSTRIAS DO PAPEL, PAPELÃO E CORTIÇA DE OTACÍLIO COSTA, LAGES E CORREA PINTO - PAPELCREDI;6.369.729;b3S;I;2;S5;9;OTACILIO COSTA;SC;09/2021;997;0;725;79;15;25;8;10;13;122;0
COOPERATIVA DE CRÉDITO DOS EMPREGADOS DA CBA ITAPISSUMA E EMPREGADOS DE EMPRESAS PRESTADORA DE SERVIÇOS INDUSTRIAIS, NO ESTADO DE PERNAMBUCO - CREDCOOPE;8.931.800;b3S;I;2;S5;9;ITAPISSUMA;PE;09/2021;962;0;780;2;128;38;11;0;1;1;0
CREDIFIT SOCIEDADE DE CRÉDITO DIRETO S.A.;39.676.772;n1;I;2;S5;43;SALVADOR;BA;09/2021;953;0;250;704;0;0;0;0;0;0;0
COOPERATIVA DE ECONOMIA E CREDITO MUTUO DOS TRABALHADORES EM CONSELHOS DE FISCALIZACAO PROFISSIONAL NO MUNICIPIO DO RIO DE JANEIRO LTDA.;2.850.075;b3S;I;2;S5;9;RIO DE JANEIRO;RJ;09/2021;938;0;918;0;8;0;0;0;0;13;0
GLOBAL FINANÇAS SOCIEDADE DE CRÉDITO AO MICROEMPREENDEDOR E À EMPRESA DE PEQUENO PORTE LTDA.;11.165.756;n1;I;2;S5;10;AMERICANA;SP;09/2021;927;0;785;0;0;0;0;0;0;142;0
COOPERATIVA DE ECONOMIA E CREDITO MUTUO DOS SERVIDORES DA ASCAR/EMATER-RS LTDA-CRESAL;90.278.987;b3S;I;2;S5;9;PORTO ALEGRE;RS;09/2021;914;0;858;23;0;0;0;6;17;9;0
COOPERATIVA DE ECONOMIA E CRÉDITO MÚTUO DOS EMPREGADOS DA UNIFI - CREDIUNIFI;3.685.335;b3S;I;2;S5;9;SAO PAULO;SP;09/2021;882;0;865;2;0;0;9;4;0;2;0
COOPERATIVA DE CRÉDITO DOS FUNCIONÁRIOS DO GRUPO PPG;3.657.230;b3S;I;2;S5;9;SUMARE;SP;09/2021;874;0;874;0;0;0;0;0;0;0;0
COOPERATIVA DE ECONOMIA E CRÉDITO MÚTUO DOS EMPREGADOS DO SEBRAE BAHIA LTDA.;5.658.367;b3S;I;2;S5;9;SALVADOR;BA;09/2021;847;0;839;0;0;0;8;0;0;0;0
COOPERATIVA DE ECONOMIA E CRÉDITO MÚTUO DOS PEQUENOS EMPRESÁRIOS, MICROEMPRESÁRIOS E MICROEMPREENDEDORES DA REGIÃO METROPOLITANA DE PORTO ALEGRE - COOPESA;6.975.532;b3S;I;2;S5;9;PORTO ALEGRE;RS;09/2021;827;0;470;129;0;24;95;23;0;86;0
COOPERATIVA DE ECONOMIA E CREDITO MUTUO DOS EMPREGADOS DA CIA DE ELETRICIDADE DO ESTADO DO RJ CREDICERJ LTDA;30.138.226;b3S;I;2;S5;9;NITEROI;RJ;09/2021;814;0;745;44;16;3;6;1;0;0;0
COOPERATIVA DE CRÉDITO DOS EMPREGADOS DO IRB-BRASIL RE LTDA.;42.153.585;b3S;I;2;S5;9;RIO DE JANEIRO;RJ;09/2021;802;0;802;0;0;0;0;0;0;0;0
COOPERATIVA DE ECONOMIA E CREDITO MUTUO DOS TRABALHADORES DO GRUPO EMPRESARIAL ITATIAIA LTDA. - COOPERITA;20.177.390;b3S;I;2;S5;9;UBA;MG;09/2021;784;0;559;77;49;43;31;10;2;13;0
COOPERASA - COOPERATIVA DE ECONOMIA E CRÉDITO MÚTUO DOS FUNCIONARIOS DAS EMPRESAS DA AGUIA PARTICIPAÇÕES;5.296.712;b3S;I;2;S5;9;PONTA GROSSA;PR;09/2021;748;0;723;0;0;0;0;0;0;25;0
COOPERATIVA DE ECONOMIA E CRÉDITO MÚTUO DOS SERVIDORES DA PREFEITURA MUNICIPAL DE VOTORANTIM;52.137.361;b3S;I;2;S5;9;VOTORANTIM;SP;09/2021;731;0;658;44;7;1;2;3;1;15;0
COOPERATIVA DE CRÉDITO RURAL DO AGRESTE ALAGOANO - COOPERAGRE;8.482.873;b3S;I;2;S5;9;IGACI;AL;09/2021;709;0;460;34;16;103;22;31;21;22;0
COOPERATIVA DE ECONOMIA E CRÉDITO MÚTUO DOS EMPREGADOS DAS EMPRESAS DE DIVERSÕES DO ESTADO DE SÃO PAULO;68.314.921;b3S;I;2;S5;9;SAO PAULO;SP;09/2021;673;0;587;78;0;6;0;0;0;1;0
COOPERATIVA DE ECONOMIA E CRÉDITO MÚTUO DOS EMPREGADOS DAS EMPRESAS SOMART LTDA.;129.753;b3S;I;2;S5;9;URUCANIA;MG;09/2021;644;0;626;6;0;2;0;2;2;5;0
COOPERATIVA DE ECONOMIA E CRÉDITO MÚTUO DOS EMPREGADOS DA MOSAIC FERTILIZANTES DO BRASIL - COCRESGO LTDA.;968.834;b3S;I;2;S5;9;CATALAO;GO;09/2021;641;0;641;0;0;0;0;0;0;0;0
COOPERATIVA DE ECONOMIA E CREDITO MUTUO DOS EMPREGADOS NAS INDUSTRIAS QUIMICAS, FARMACEUTICAS E SIMILARES DA REGIAO METROPOLITANA DO RIO DE JANEIRO LTDA;5.424.088;b3S;I;2;S5;9;SAO GONCALO;RJ;09/2021;634;0;553;27;0;0;0;2;0;52;0
COOPERATIVA DE ECONOMIA E CRÉDITO MÚTUO DOS EMPREGADOS DA INDÚSTRIA DE PAPÉIS SUDESTE LTDA . - CREDESTE;18.340.695;b3S;I;2;S5;9;JUIZ DE FORA;MG;09/2021;632;0;632;0;0;0;0;0;0;0;0
COOPERATIVA DE ECONOMIA E CREDITO MUTUO DOS FUNCIONARIOS DA FMC LTDA;42.258.376;b3S;I;2;S5;9;RIO DE JANEIRO;RJ;09/2021;626;0;573;33;18;1;0;0;0;0;0
COOPERATIVA DE ECONOMIA E CRÉDITO MÚTUO DOS FUNCIONÁRIOS DO BANESPA DE BOTUCATU E CIDADES LIMÍTROFES;3.219.207;b3S;I;2;S5;9;BOTUCATU;SP;09/2021;621;0;585;36;0;0;0;0;0;0;0
COOPERATIVA DE CRÉDITO DE SERVIDORES DA UESC - UESCOOP;10.548.608;b3S;I;2;S5;9;ILHEUS;BA;09/2021;617;0;584;15;2;0;0;0;0;16;0
COOPESA-COOPERATIVA DE ECONOMIA E CREDITO MUTUO DOS FUNCIONARIOS DA COESA TRANSPORTES E EMPRESAS COLIGADAS LTDA;68.848.563;b3S;I;2;S5;9;SAO GONCALO;RJ;09/2021;598;0;214;55;9;62;71;24;42;121;0
LAMARA SOCIEDADE DE CRÉDITO DIRETO S.A.;19.324.634;n1;I;2;S5;43;FORTALEZA;CE;09/2021;564;0;443;22;23;9;11;11;9;38;0
COOPERATIVA DE ECONOMIA E CRÉDITO MÚTUO DOS FUNCIONÁRIOS DA GERDAU S/A-UNIDADE MOGI DAS CRUZES;52.575.206;b3S;I;2;S5;9;MOGI DAS CRUZES;SP;09/2021;563;0;409;29;11;46;49;7;0;13;0
CONFEDERAÇÃO NACIONAL DAS COOPERATIVAS CENTRAIS DE CRÉDITO E ECONOMIA FAMILIAR E SOLIDÁRIA - CRESOL CONFEDERAÇÃO;10.398.952;b3C;I;2;S4;9;FLORIANOPOLIS;SC;09/2021;560;0;560;0;0;0;0;0;0;0;0
COOPERATIVA DE ECONOMIA E CRÉDITO MÚTUO DOS TRABALHADORES DAS INDÚSTRIAS METALÚRGICAS DE PORTO ALEGRE E GRANDE PORTO ALEGRE;90.560.434;b3S;I;2;S5;9;CACHOEIRINHA;RS;09/2021;545;0;490;18;8;3;3;1;7;14;0
COOPERATIVA DE ECONOMIA E CREDITO MÚTUO DOS PROFESSORES ESTADUAIS DA REGIÃO METROPOLITANA DE PORTO ALEGRE - EDUCREDI;5.419.025;b3S;I;2;S5;9;PORTO ALEGRE;RS;09/2021;541;0;516;17;1;0;5;0;1;1;0
COOPERATIVA DE CRÉDITO DE CAPITAL E EMPRÉSTIMO DOS EMPREGADOS CELETISTAS DE COOPERATIVAS DOS ESTADOS DE SÃO PAULO E MINAS GERAIS - COCREUNI;57.987.273;b3S;I;2;S5;9;RIBEIRAO PRETO;SP;09/2021;512;0;461;14;6;31;0;0;0;0;0
COOPERATIVA DE ECONOMIA E CREDITO MUTUO DOS EMPREGADOS DO GRUPO JOSE NEFFA LTDA;29.985.421;b3S;I;2;S5;9;VITORIA;ES;09/2021;498;0;430;48;5;15;0;0;0;0;0
COOPERATIVA DE ECONOMIA E CRÉDITO MÚTUO DOS BANCÁRIOS DE BELO HORIZONTE E REGIÃO METROPOLITANA LTDA. - COOPEB;71.502.181;b3S;I;2;S5;9;BELO HORIZONTE;MG;09/2021;490;0;490;0;0;0;0;0;0;0;0
VNK SOCIEDADE DE CRÉDITO AO MICROEMPREENDEDOR E À EMPRESA DE PEQUENO PORTE LTDA.;20.269.566;n1;I;2;S5;10;FORTALEZA;CE;09/2021;488;0;293;35;36;11;25;27;11;51;0
FIDÚCIA SOCIEDADE DE CRÉDITO AO MICROEMPREENDEDOR E À EMPRESA DE PEQUENO PORTE LIMITADA.;4.307.598;n1;I;2;S5;10;SOROCABA;SP;09/2021;469;0;466;0;3;1;0;0;0;0;0
COOPERATIVA DE ECONOMIA E CREDITO MUTUO DOS FUNCIONARIOS DA SANEPAR - CREDISANEPAR;3.165.497;b3S;I;2;S5;9;CASCAVEL;PR;09/2021;464;0;336;81;32;9;0;0;5;0;0
COOPERATIVA DE ECONOMIA E CRÉDITO MÚTUO DOS BANCÁRIOS DE JUIZ DE FORA LTDA. - COCBAN;4.158.581;b3S;I;2;S5;9;JUIZ DE FORA;MG;09/2021;456;0;448;3;0;0;5;0;0;0;0
COOPERATIVA DE ECONOMIA E CREDITO MUTUO DOS EMPREGADOS DO GRUPO USINA PAINEIRAS LTDA - CRED-PAN;27.140.946;b3S;I;2;S5;9;ITAPEMIRIM;ES;09/2021;411;0;378;29;4;0;0;0;0;0;0
CDC SOCIEDADE DE CRÉDITO AO MICROEMPREENDEDOR E À EMPRESADE PEQUENO PORTE LTDA.;18.394.228;n1;I;2;S5;10;JAU;SP;09/2021;383;0;383;0;0;0;0;0;0;0;0
COOPERATIVA DE CRÉDITO MÚTUO DOS EMPREGADOS DO CENTRO UNIVERSITÁRIO NEWTON PAIVA LTDA. - CREDIPAIVA;20.833.992;b3S;I;2;S5;9;BELO HORIZONTE;MG;09/2021;369;0;345;6;6;3;7;1;0;0;0
COOPERATIVA DE CRÉDITO DE CAPITAL E EMPRÉSTIMO DOS TRABALHADORES NAS EMPRESAS DE TECNOLOGIA E INFORMÁTICA DE BELO HORIZONTE E CIDADES LIMÍTROFES LTDA - COOPERINFOR;28.435.685;b3S;I;2;S5;9;BELO HORIZONTE;MG;09/2021;366;0;363;0;0;0;0;0;0;3;0
FACILICRED SOCIEDADE DE CRÉDITO AO MICROEMPREENDEDOR LTDA;4.849.745;n1;I;2;S5;10;CURITIBA;PR;09/2021;341;0;289;22;0;0;0;30;0;0;0
HR SOCIEDADE DE CRÉDITO AO MICROEMPREENDEDOR E À EMPRESA DE PEQUENO PORTE LTDA.;20.158.571;n1;I;2;S5;10;MACEIO;AL;09/2021;341;0;159;2;7;26;13;10;35;89;0
CORPORE SOCIEDADE DE CRÉDITO AO MICROEMPREENDEDOR E ÀS EMPRESAS DE PEQUENO PORTE LTDA.;7.327.045;n1;I;2;S5;10;DOURADOS;MS;09/2021;326;0;310;0;6;8;0;0;0;3;0
COOPERATIVA DE ECONOMIA E CREDITO MUTUO DOS FUNCIONARIOS DO GRUPO PROGRESSO LTDA - PROCRED;2.931.166;b3S;I;2;S5;9;TRES RIOS;RJ;09/2021;323;0;221;1;10;2;0;1;9;80;0
CREDILON SOCIEDADE DE CRÉDITO AO MICROEMPREENDEDOR DA REGIÃO DE LONDRINA LTDA.;4.223.451;n1;I;2;S5;10;LONDRINA;PR;09/2021;308;0;162;28;2;69;20;1;7;18;0
BOM CRÉDITO   SOCIEDADE DE CRÉDITO AO MICROEMPREENDEDOR E À EMPRESA DE PEQUENO PORTE LTDA.;5.669.150;n1;I;2;S5;10;VOLTA REDONDA;RJ;09/2021;272;0;115;85;25;0;0;0;6;40;0
COOPERATIVA DE CRÉDITO MÚTUO DOS FUNCIONÁRIOS DA FÁBRICA DE CIMENTO VOTORAN;45.421.856;b3S;I;2;S5;9;VOTORANTIM;SP;09/2021;254;0;213;0;0;1;0;0;11;29;0
CAPITAL CONSIG SOCIEDADE DE CRÉDITO DIRETO S.A.;40.083.667;n1;I;2;S5;43;SAO PAULO;SP;09/2021;253;0;252;1;0;0;0;0;0;0;0
COOPERATIVA DE CRÉDITO UNICOPER;977.212;b3S;I;2;S5;9;SAO PAULO;SP;09/2021;243;0;242;0;0;0;0;0;0;1;0
EGONCRED - SOCIEDADE DE CRÉDITO AO MICROEMPREENDEDOR E À EMPRESA DE PEQUENO PORTE LTDA.;20.251.847;n1;I;2;S5;10;CAMPINAS;SP;09/2021;232;0;126;39;26;19;7;4;4;5;0
PLATACRED SOCIEDADE DE CRÉDITO DIRETO S.A.;39.587.424;n1;I;2;S4;43;PORTO ALEGRE;RS;09/2021;226;0;226;0;0;0;0;0;0;0;0
COOPERATIVA DE ECONOMIA E CRÉDITO MÚTUO DOS TRABALHADORES DA COOPER STANDARD AUTOMOTIVE BRASIL SEALING LTDA. E FLUID SYSTEMS LTDA.;4.464.352;b3S;I;2;S5;9;VARGINHA;MG;09/2021;204;0;202;0;0;0;0;2;0;0;0
FAMÍLIA PAULISTA COMPANHIA HIPOTECÁRIA;53.146.221;n1;I;2;S5;29;SANTOS;SP;09/2021;195;0;91;0;0;0;0;0;0;104;0
COOPERATIVA DE ECONOMIA E CRÉDITO MÚTUO DOS BANCÁRIOS DO TRIÂNGULO LTDA.;1.301.541;b3S;I;2;S5;9;UBERLANDIA;MG;09/2021;185;0;175;6;0;3;0;0;0;0;0
MULTICRED SOCIEDADE DE CRÉDITO DIRETO S.A.;38.593.706;n1;I;2;S5;43;SALVADOR;BA;09/2021;170;0;170;0;0;0;0;0;0;0;0
COOPERATIVA DE CRÉDITO RURAL DOS AGROPECUARISTAS DA REGIÃO DE PORTO FELIZ;50.334.234;b3S;I;2;S5;9;PORTO FELIZ;SP;09/2021;164;0;15;0;32;57;25;0;0;34;0
COOPERATIVA DE ECONOMIA E CRÉDITO MÚTUO DOS BANCÁRIOS DE SOROCABA E REGIÃO;71.491.609;b3S;I;2;S5;9;SOROCABA;SP;09/2021;132;0;127;1;0;0;0;0;0;5;0
CODEPE;52.089;n1;C;2;S4;197;RECIFE;PE;09/2021;130;0;130;0;0;0;0;0;0;0;0
COOPERATIVA DE CRÉDITO MÚTUO DOS DISTRIBUIDORES DE BEBIDAS DO ESTADO DE SÃO PAULO - SICOOB CREDIBESP;7.753.938;b3S;I;2;S5;9;SAO PAULO;SP;09/2021;102;0;81;0;11;6;0;0;0;4;0
ZIPDIN SOLUÇÕES DIGITAIS SOCIEDADE DE CRÉDITO DIRETO S/A;37.414.009;n1;I;2;S5;43;RIO DE JANEIRO;RJ;09/2021;99;0;93;5;1;0;0;0;0;0;0
CREDBRASIL - SOCIEDADE DE CRÉDITO AO MICROEMPREENDEDOR LTDA;3.635.061;n1;I;2;S5;10;PAULINIA;SP;09/2021;95;0;45;20;12;0;11;0;0;6;0
GERENCIANET S.A.;9.089.356;n4;I;2;S5;41;OURO PRETO;MG;09/2021;94;0;94;1;0;0;0;0;0;0;0
COOPERATIVA DE CRÉDITO DOS METALÚRGICOS DO ABC - CREDABC;5.740.092;b3S;I;2;S5;9;SAO BERNARDO DO CAMPO;SP;09/2021;58;0;58;0;0;0;0;0;0;0;0
COOPERATIVA DE ECONOMIA E CRÉDITO MÚTUO DOS TRABALHADORES NAS INDÚSTRIAS METALÚRGICAS, MECÂNICA E MATERIAL ELÉTRICO DE SÃO LEOPOLDO E REGIÃO - COOPERMETAL;10.719.496;b3S;I;2;S5;9;SAO LEOPOLDO;RS;09/2021;29;0;12;0;0;0;1;0;6;10;0
PÓLOCRED   SOCIEDADE DE CRÉDITO AO MICROEMPREENDEDOR E À EMPRESA DE PEQUENO PORTE LTDA.;7.945.233;n1;I;2;S5;10;FLORIANOPOLIS;SC;09/2021;23;0;0;19;4;0;0;0;0;0;0
AGILLITAS SOLUÇÕES DE PAGAMENTOS LTDA.;13.776.742;n4;I;2;S4;41;SAO PAULO;SP;09/2021;7;0;7;0;0;0;0;0;0;0;0
GERENCIANET S.A. - CRéDITO, FINANCIAMENTO E INVESTIMENTO;37.229.413;n1;I;2;S5;14;OURO PRETO;MG;09/2021;2;0;2;0;0;0;0;0;0;0;0
DELCRED SOCIEDADE DE CRÉDITO DIRETO S.A.;38.224.857;n1;I;2;S5;43;ARACAJU;SE;09/2021;1;0;1;0;0;0;0;0;0;0;0
DMCARD SOCIEDADE DE CRÉDITO DIRETO S.A.;37.555.231;n1;I;2;S5;43;SAO JOSE DOS CAMPOS;SP;09/2021;0;0;0;0;0;0;0;0;0;0;0
VR;50.524;b1;C;2;S4;199;SAO PAULO;SP;09/2021;0;0;0;0;0;0;0;0;0;0;0
AGK CORRETORA DE CAMBIO S.A.;250.699;n2;I;2;S4;21;SAO PAULO;SP;09/2021;0;NA;NA;NA;NA;NA;NA;NA;NA;NA;0
CONFEDERAÇÃO NACIONAL DAS COOPERATIVAS CENTRAIS UNICRED LTDA. - UNICRED DO BRASIL.;315.557;b3C;I;2;S4;9;SAO PAULO;SP;09/2021;0;NI;NI;NI;NI;NI;NI;NI;NI;NI;0
ÍNDIGO INVESTIMENTOS DISTRIBUIDORA DE TÍTULOS E VALORES MOBILIÁRIOS LTDA.;329.598;n2;I;2;S4;16;SAO PAULO;SP;09/2021;0;NI;NI;NI;NI;NI;NI;NI;NI;NI;0
COLUNA S/A DISTRIBUIDORA DE TITULOS E VALORES MOBILIÁRIOS;460.065;n2;I;2;S4;16;RIO DE JANEIRO;RJ;09/2021;0;NI;NI;NI;NI;NI;NI;NI;NI;NI;0
COOPERATIVA CENTRAL DE CRÉDITO UNICRED CONEXÃO LTDA - UNICRED CENTRAL CONEXÃO;543.968;b3C;I;2;S4;9;FLORIANOPOLIS;SC;09/2021;0;NI;NI;NI;NI;NI;NI;NI;NI;NI;0
BANCO B3 S.A.;997.185;b1;I;2;S4;2;SAO PAULO;SP;09/2021;0;NI;NI;NI;NI;NI;NI;NI;NI;NI;0
CIELO S.A.;1.027.058;n4;I;2;;41;BARUERI;SP;09/2021;0;NI;NI;NI;NI;NI;NI;NI;NI;NI;0
REDECARD INSTITUIÇÃO DE PAGAMENTO S.A.;1.425.787;n4;I;2;S1;41;SAO PAULO;SP;09/2021;0;NI;NI;NI;NI;NI;NI;NI;NI;NI;0
OPPORTUNITY DISTRIBUIDORA DE TÍTULOS E VALORES MOBILIÁRIOS LTDA;1.582.158;n2;I;2;S4;16;RIO DE JANEIRO;RJ;09/2021;0;NI;NI;NI;NI;NI;NI;NI;NI;NI;0
H.COMMCOR DISTRIBUIDORA DE TÍTULOS E VALORES MOBILIÁRIOS LTDA.;1.788.147;n2;I;2;S4;16;SAO PAULO;SP;09/2021;0;NI;NI;NI;NI;NI;NI;NI;NI;NI;0
TREVISO CORRETORA DE CÂMBIO S.A.;2.992.317;n2;I;2;S4;21;SAO PAULO;SP;09/2021;0;NA;NA;NA;NA;NA;NA;NA;NA;NA;0
INFINITY CORRETORA DE CÂMBIO, TÍTULOS E VALORES MOBILIÁRIOS S.A.;3.014.007;n2;I;2;S4;15;SAO PAULO;SP;09/2021;0;NI;NI;NI;NI;NI;NI;NI;NI;NI;0
UNIPRIME CENTRAL - CENTRAL INTERESTADUAL DE COOPERATIVAS DE CREDITO LTDA.;3.046.391;b3C;I;2;S4;9;LONDRINA;PR;09/2021;0;NI;NI;NI;NI;NI;NI;NI;NI;NI;0
AVIPAM CORRETORA DE CAMBIO LTDA;3.443.143;n2;I;2;S4;21;RIO DE JANEIRO;RJ;09/2021;0;NA;NA;NA;NA;NA;NA;NA;NA;NA;0
BANCO ABN AMRO S.A.;3.532.415;b1;I;3;S4;8;SAO PAULO;SP;09/2021;0;NI;NI;NI;NI;NI;NI;NI;NI;NI;0
COOPERATIVA DE ECONOMIA E CREDITO MUTUO DOS EMPREGADOS IND.ALIMENTACAO REG.GRDE.VITORIA EST.ES-CREDI-ALIMENTO;3.973.743;b3S;I;2;S5;9;VITORIA;ES;09/2021;0;NI;NI;NI;NI;NI;NI;NI;NI;NI;0
VISION S.A. CORRETORA DE CAMBIO;4.062.902;n2;I;2;S4;21;SAO PAULO;SP;09/2021;0;NA;NA;NA;NA;NA;NA;NA;NA;NA;0
NOVA FUTURA CORRETORA DE TÍTULOS E VALORES MOBILIÁRIOS LTDA.;4.257.795;n2;I;2;S4;15;SAO PAULO;SP;09/2021;0;NI;NI;NI;NI;NI;NI;NI;NI;NI;0
CRED-SYSTEM ADMINISTRADORA DE CARTÕES DE CRÉDITO LTDA.;4.670.195;n4;I;2;S5;41;BARUERI;SP;09/2021;0;NI;NI;NI;NI;NI;NI;NI;NI;NI;0
ARC CORRETORA DE CAMBIO, ASSOCIADOS GOUVEIA, CAMPEDELLI S.A.;4.684.647;n2;I;2;S4;21;SANTOS;SP;09/2021;0;NA;NA;NA;NA;NA;NA;NA;NA;NA;0
CENTRAL COOPERATIVA DE CRÉDITO NO ESTADO DO ESPÍRITO SANTO - CECOOP;5.790.149;b3C;I;2;S4;9;VITORIA;ES;09/2021;0;NI;NI;NI;NI;NI;NI;NI;NI;NI;0
LABOR SOCIEDADE CORRETORA DE CÂMBIO LTDA.;6.132.348;n2;I;2;S5;21;RECIFE;PE;09/2021;0;NA;NA;NA;NA;NA;NA;NA;NA;NA;0
BOA VIAGEM SOCIEDADE CORRETORA DE CÂMBIO LTDA.;6.373.777;n2;I;2;S4;21;RECIFE;PE;09/2021;0;NA;NA;NA;NA;NA;NA;NA;NA;NA;0
HEDGE INVESTMENTS DISTRIBUIDORA DE TÍTULOS E VALORES MOBILIÁRIOS LTDA.;7.253.654;n2;I;2;S4;16;SAO PAULO;SP;09/2021;0;NI;NI;NI;NI;NI;NI;NI;NI;NI;0
ONNIX CORRETORA DE CÂMBIO LTDA.;7.333.726;n2;I;2;S4;21;PORTO ALEGRE;RS;09/2021;0;NA;NA;NA;NA;NA;NA;NA;NA;NA;0
WESTERN ASSET MANAGEMENT COMPANY DISTRIBUIDORA DE TÍTULOS E VALORES MOBILIÁRIOS LIMITADA;7.437.241;n2;I;3;S4;16;SAO PAULO;SP;09/2021;0;NI;NI;NI;NI;NI;NI;NI;NI;NI;0
BNS SOCIEDADE DE CRÉDITO AO MICROEMPREENDEDOR E À EMPRESA DE PEQUENO PORTE LTDA.;7.835.244;n1;I;2;S5;10;JACUTINGA;MG;09/2021;0;0;0;0;0;0;0;0;0;0;0
SOL CORRETORA DE CÂMBIO LTDA.;8.520.517;n2;I;2;S4;21;NATAL;RN;09/2021;0;NA;NA;NA;NA;NA;NA;NA;NA;NA;0
MONEYCORP BANCO DE CÂMBIO S.A.;8.609.934;b2;I;2;S4;39;SAO PAULO;SP;09/2021;0;NI;NI;NI;NI;NI;NI;NI;NI;NI;0
F.D'GOLD - DISTRIBUIDORA DE TÍTULOS E VALORES MOBILIÁRIOS LTDA.;8.673.569;n2;I;2;S4;16;SAO PAULO;SP;09/2021;0;NI;NI;NI;NI;NI;NI;NI;NI;NI;0
WIRECARD BRAZIL S.A.;8.718.431;n4;I;2;S4;41;SAO PAULO;SP;09/2021;0;NI;NI;NI;NI;NI;NI;NI;NI;NI;0
STATE STREET BRASIL S.A. - BANCO COMERCIAL;9.274.232;b1;I;3;S4;2;SAO PAULO;SP;09/2021;0;NI;NI;NI;NI;NI;NI;NI;NI;NI;0
BANCO VIPAL S.A.;9.526.594;b2;I;2;S4;8;PORTO ALEGRE;RS;09/2021;0;0;0;0;0;0;0;0;0;0;0
SUPER PAGAMENTOS E ADMINISTRAÇÃO DE MEIOS ELETRÔNICOS S.A.;9.554.480;n4;I;3;S1;41;SAO PAULO;SP;09/2021;0;NI;NI;NI;NI;NI;NI;NI;NI;NI;0
FIDUCIAL DISTRIBUIDORA DE TÍTULOS E VALORES MOBILIÁRIOS LTDA.;10.280.601;n2;I;2;S5;16;BELO HORIZONTE;MG;09/2021;0;NI;NI;NI;NI;NI;NI;NI;NI;NI;0
GREEN NET INSTITUIÇÃO DE PAGAMENTO LTDA;10.314.753;n4;I;2;;41;CUIABA;MT;09/2021;0;NI;NI;NI;NI;NI;NI;NI;NI;NI;0
GETNET ADQUIRÊNCIA E SERVIÇOS PARA MEIOS DE PAGAMENTO S.A.;10.440.482;n4;I;3;S1;41;SAO PAULO;SP;09/2021;0;NI;NI;NI;NI;NI;NI;NI;NI;NI;0
MERCADOPAGO.COM REPRESENTACOES LTDA.;10.573.521;n4;I;2;S4;41;OSASCO;SP;09/2021;0;NI;NI;NI;NI;NI;NI;NI;NI;NI;0
GDC PARTNERS SERVIÇOS FIDUCIÁRIOS DISTRIBUIDORA DE TÍTULOS E VALORES MOBILIÁRIOS LTDA.;10.749.264;n2;I;2;S5;16;RIO DE JANEIRO;RJ;09/2021;0;NI;NI;NI;NI;NI;NI;NI;NI;NI;0
GET MONEY CORRETORA DE CÂMBIO S.A.;10.853.017;n2;I;2;S5;21;SAO PAULO;SP;09/2021;0;NA;NA;NA;NA;NA;NA;NA;NA;NA;0
PAYPAL DO BRASIL SERVICOS DE PAGAMENTOS LTDA;10.878.448;n4;I;2;;41;SAO PAULO;SP;09/2021;0;NI;NI;NI;NI;NI;NI;NI;NI;NI;0
OM DISTRIBUIDORA DE TÍTULOS E VALORES MOBILIÁRIOS LTDA;11.495.073;n2;I;2;S4;16;SAO PAULO;SP;09/2021;0;NI;NI;NI;NI;NI;NI;NI;NI;NI;0
DOURADA - SOCIEDADE DE CRÉDITO AO MICROEMPREENDEDOR E À EMPRESA DE PEQUENO PORTE LTDA;11.545.653;n1;I;2;S5;10;LAGOA DOURADA;MG;09/2021;0;NI;NI;NI;NI;NI;NI;NI;NI;NI;0
ACESSO SOLUÇÕES DE PAGAMENTO S.A.;13.140.088;n4;I;2;;41;SAO PAULO;SP;09/2021;0;NI;NI;NI;NI;NI;NI;NI;NI;NI;0
FITBANK PAGAMENTOS ELETRONICOS S.A.;13.203.354;n4;I;2;;41;SAO PAULO;SP;09/2021;0;NI;NI;NI;NI;NI;NI;NI;NI;NI;0
ÓRAMA DISTRIBUIDORA DE TÍTULOS E VALORES MOBILIÁRIOS S.A.;13.293.225;n2;I;2;S4;16;RIO DE JANEIRO;RJ;09/2021;0;NI;NI;NI;NI;NI;NI;NI;NI;NI;0
BPP INSTITUIÇÃO DE PAGAMENTO S.A.;13.370.835;n4;I;2;;41;BARUERI;SP;09/2021;0;NI;NI;NI;NI;NI;NI;NI;NI;NI;0
BRL TRUST DISTRIBUIDORA DE TÍTULOS E VALORES MOBILIÁRIOS S.A.;13.486.793;n2;I;2;S4;16;SAO PAULO;SP;09/2021;0;NI;NI;NI;NI;NI;NI;NI;NI;NI;0
FRAM CAPITAL DISTRIBUIDORA DE TÍTULOS E VALORES MOBILIÁRIOS S.A.;13.673.855;n2;I;2;S4;16;SAO PAULO;SP;09/2021;0;NI;NI;NI;NI;NI;NI;NI;NI;NI;0
HUB PAGAMENTOS S.A;13.884.775;n4;I;2;;41;BARUERI;SP;09/2021;0;NI;NI;NI;NI;NI;NI;NI;NI;NI;0
CAMBIONET CORRETORA DE CÂMBIO LTDA.;14.190.547;n2;I;2;S5;21;PORTO ALEGRE;RS;09/2021;0;NA;NA;NA;NA;NA;NA;NA;NA;NA;0
VIC-DISTRIBUIDORA DE TITULOS E VALORES MOBILIARIOS S/A;14.388.516;n2;I;2;S4;16;RIO DE JANEIRO;RJ;09/2021;0;NI;NI;NI;NI;NI;NI;NI;NI;NI;0
MEGA CORRETORA DE CÂMBIO LTDA.;15.077.393;n2;I;2;S4;21;RIO CLARO;SP;09/2021;0;NA;NA;NA;NA;NA;NA;NA;NA;NA;0
IUGU INSTITUIÇÃO DE PAGAMENTO S.A.;15.111.975;n4;I;2;;41;SAO PAULO;SP;09/2021;0;NI;NI;NI;NI;NI;NI;NI;NI;NI;0
LÚMINA CORRETORA DE CÂMBIO LTDA.;15.122.605;n2;I;2;S5;21;SALVADOR;BA;09/2021;0;NA;NA;NA;NA;NA;NA;NA;NA;NA;0
CONSEGTUR CORRETORA DE CÂMBIO LTDA.;15.168.152;n2;I;2;S4;21;SAO PAULO;SP;09/2021;0;NA;NA;NA;NA;NA;NA;NA;NA;NA;0
SIMPLIFIC PAVARINI DISTRIBUIDORA DE TÍTULOS E VALORES MOBILIÁRIOS LTDA;15.227.994;n2;I;2;S4;16;RIO DE JANEIRO;RJ;09/2021;0;NI;NI;NI;NI;NI;NI;NI;NI;NI;0
TURCÂMBIO - CORRETORA DE CÂMBIO LTDA.;15.482.499;n2;I;2;S4;21;GAROPABA;SC;09/2021;0;NA;NA;NA;NA;NA;NA;NA;NA;NA;0
INTRADER DISTRIBUIDORA DE TÍTULOS E VALORES MOBILIÁRIOS LTDA;15.489.568;n2;I;2;S4;16;SAO PAULO;SP;09/2021;0;NI;NI;NI;NI;NI;NI;NI;NI;NI;0
CORRETORA DE CÂMBIO AÇORIANA LIMITADA.;15.761.217;n2;I;2;S4;21;FLORIANOPOLIS;SC;09/2021;0;NA;NA;NA;NA;NA;NA;NA;NA;NA;0
STONE PAGAMENTOS S.A.;16.501.555;n4;I;2;S5;41;SAO PAULO;SP;09/2021;0;NI;NI;NI;NI;NI;NI;NI;NI;NI;0
ID CORRETORA DE TÍTULOS E VALORES MOBILIÁRIOS S.A.;16.695.922;n2;I;2;S4;15;SAO PAULO;SP;09/2021;0;NI;NI;NI;NI;NI;NI;NI;NI;NI;0
SINGRATUR CORRETORA DE CÂMBIO LTDA;16.854.999;n2;I;2;S4;21;MARINGA;PR;09/2021;0;NA;NA;NA;NA;NA;NA;NA;NA;NA;0
AMAZÔNIA CORRETORA DE CÂMBIO LTDA.;16.927.221;n2;I;2;S4;21;MANAUS;AM;09/2021;0;NA;NA;NA;NA;NA;NA;NA;NA;NA;0
BROKER BRASIL CORRETORA DE CÂMBIO LTDA.;16.944.141;n2;I;2;S4;21;SAO PAULO;SP;09/2021;0;NA;NA;NA;NA;NA;NA;NA;NA;NA;0
AMARIL FRANKLIN CORRETORA DE TÍTULOS E VALORES LTDA;17.312.661;n2;I;2;S4;15;BELO HORIZONTE;MG;09/2021;0;NI;NI;NI;NI;NI;NI;NI;NI;NI;0
SITA SOCIEDADE CORRETORA DE CAMBIO E VALORES MOBILIARIOS S.A;17.315.359;n2;I;2;S4;15;BELO HORIZONTE;MG;09/2021;0;NI;NI;NI;NI;NI;NI;NI;NI;NI;0
PENTAGONO S/A DISTRIBUIDORA DE TITULOS E VALORES MOBILIARIOS;17.343.682;n2;I;2;S5;16;RIO DE JANEIRO;RJ;09/2021;0;NI;NI;NI;NI;NI;NI;NI;NI;NI;0
SENSO CORRETORA DE CAMBIO E VALORES MOBILIARIOS S.A;17.352.220;n2;I;2;S4;15;RIO DE JANEIRO;RJ;09/2021;0;NI;NI;NI;NI;NI;NI;NI;NI;NI;0
INVEST CORRETORA DE CÂMBIO LTDA.;17.508.380;n2;I;2;S4;21;PORTO ALEGRE;RS;09/2021;0;NA;NA;NA;NA;NA;NA;NA;NA;NA;0
CONEXION CORRETORA DE CÂMBIO LTDA.;17.635.177;n2;I;2;S4;21;RIBEIRAO PRETO;SP;09/2021;0;NA;NA;NA;NA;NA;NA;NA;NA;NA;0
VIP'S CORRETORA DE CÂMBIO LTDA.;17.772.370;n2;I;2;S5;21;SAO PAULO;SP;09/2021;0;NA;NA;NA;NA;NA;NA;NA;NA;NA;0
BRX CORRETORA DE CÂMBIO LTDA.;17.904.906;n2;I;2;S4;21;RIO DE JANEIRO;RJ;09/2021;0;NA;NA;NA;NA;NA;NA;NA;NA;NA;0
NUMATUR CORRETORA DE CÂMBIO LTDA.;18.145.784;n2;I;2;S5;21;SAO PAULO;SP;09/2021;0;NA;NA;NA;NA;NA;NA;NA;NA;NA;0
CONECTA CORRETORA DE CÂMBIO LTDA.;18.287.740;n2;I;2;S5;21;SALVADOR;BA;09/2021;0;NA;NA;NA;NA;NA;NA;NA;NA;NA;0
AZIMUT BRASIL DISTRIBUIDORA DE TÍTULOS E VALORES MOBILIÁRIOS LTDA;18.684.408;n2;I;2;S4;16;SAO PAULO;SP;09/2021;0;NI;NI;NI;NI;NI;NI;NI;NI;NI;0
MUTUAL APETRIM CREDITO IMOBILIARIO S/A;18.941.229;n1;I;2;S4;31;BELO HORIZONTE;MG;09/2021;0;NI;NI;NI;NI;NI;NI;NI;NI;NI;0
EXECUTIVE CORRETORA DE CÂMBIO LTDA.;19.086.249;n2;I;2;S5;21;NOVO HAMBURGO;RS;09/2021;0;NA;NA;NA;NA;NA;NA;NA;NA;NA;0
MS BANK S.A. BANCO DE CÂMBIO;19.307.785;b2;I;2;S4;39;CURITIBA;PR;09/2021;0;NI;NI;NI;NI;NI;NI;NI;NI;NI;0
ASAAS GESTAO FINANCEIRA S.A.;19.540.550;n4;I;2;;41;JOINVILLE;SC;09/2021;0;NI;NI;NI;NI;NI;NI;NI;NI;NI;0
PARMETAL DISTRIBUIDORA DE TÍTULOS E VALORES MOBILIÁRIOS LTDA;20.155.248;n2;I;2;S4;16;BARUERI;SP;09/2021;0;NI;NI;NI;NI;NI;NI;NI;NI;NI;0
ADIQ INSTITUIÇÃO DE PAGAMENTO S.A.;20.520.298;n4;I;2;S3;41;BELO HORIZONTE;MG;09/2021;0;NI;NI;NI;NI;NI;NI;NI;NI;NI;0
BOLETOBANCÁRIO.COM TECNOLOGIA DE PAGAMENTOS LTDA.;21.018.182;n4;I;2;;41;CURITIBA;PR;09/2021;0;NI;NI;NI;NI;NI;NI;NI;NI;NI;0
GLOBAL EXCHANGE DO BRASIL SOCIEDADE CORRETORA DE CÂMBIO LTDA.;21.040.668;n2;I;3;S4;21;RIO DE JANEIRO;RJ;09/2021;0;NA;NA;NA;NA;NA;NA;NA;NA;NA;0
VORTX DISTRIBUIDORA DE TITULOS E VALORES MOBILIARIOS LTDA.;22.610.500;n2;I;2;S4;16;SAO PAULO;SP;09/2021;0;NI;NI;NI;NI;NI;NI;NI;NI;NI;0
PICPAY SERVICOS S.A.;22.896.431;n4;I;2;S3;41;SAO PAULO;SP;09/2021;0;NI;NI;NI;NI;NI;NI;NI;NI;NI;0
GOOD CORRETORA DE CÂMBIO LTDA;23.010.182;n2;I;2;S4;21;PORTO ALEGRE;RS;09/2021;0;NA;NA;NA;NA;NA;NA;NA;NA;NA;0
GUITTA CORRETORA DE CAMBIO LTDA.;24.074.692;n2;I;2;S4;21;SAO PAULO;SP;09/2021;0;NA;NA;NA;NA;NA;NA;NA;NA;NA;0
LIMINE TRUST DISTRIBUIDORA DE TÍTULOS E VALORES MOBILIÁRIOS LTDA.;24.361.690;n2;I;2;S4;16;SAO PAULO;SP;09/2021;0;NI;NI;NI;NI;NI;NI;NI;NI;NI;0
AVS CORRETORA DE CÂMBIO LTDA.;25.280.945;n2;I;2;S5;21;CURITIBA;PR;09/2021;0;NA;NA;NA;NA;NA;NA;NA;NA;NA;0
MUNDINVEST S.A.-CORRETORA DE CAMBIO E VALORES MOBILIARIOS;25.674.235;n2;I;2;S4;15;BELO HORIZONTE;MG;09/2021;0;NI;NI;NI;NI;NI;NI;NI;NI;NI;0
IB CORRETORA DE CÂMBIO, TÍTULOS E VALORES MOBILIÁRIOS S.A.;27.842.177;n2;I;2;S4;15;SAO PAULO;SP;09/2021;0;NI;NI;NI;NI;NI;NI;NI;NI;NI;0
ELITE CORRETORA DE CÂMBIO E VALORES MOBILIÁRIOS LTDA;28.048.783;n2;I;2;S4;15;RIO DE JANEIRO;RJ;09/2021;0;NI;NI;NI;NI;NI;NI;NI;NI;NI;0
BOLT CARD CREDENCIADORA DE CARTAO DE CREDITO LTDA;28.080.769;n4;I;2;S4;41;MONTE BELO;MG;09/2021;0;NI;NI;NI;NI;NI;NI;NI;NI;NI;0
SADOC SOCIEDADE CORRETORA DE CÂMBIO LTDA.;28.762.249;n2;I;2;S5;21;FORTALEZA;CE;09/2021;0;NA;NA;NA;NA;NA;NA;NA;NA;NA;0
TURMA CORRETORA DE CÂMBIO LTDA;30.183.111;n2;I;2;S4;21;URUGUAIANA;RS;09/2021;0;NA;NA;NA;NA;NA;NA;NA;NA;NA;0
BANCO CLASSICO S.A.;31.597.552;b1;I;2;S3;8;RIO DE JANEIRO;RJ;09/2021;0;NI;NI;NI;NI;NI;NI;NI;NI;NI;0
COOPERATIVA DE ECONOMIA E CREDITO MUTUO DOS EMPREGADOS DE ESTABELECIMENTOS HOSPITALARES DO SUL DO ESTADO DO ESPIRITO SANTO - SULCRED;31.746.993;b3S;I;2;S5;9;CACHOEIRO DE ITAPEMIRIM;ES;09/2021;0;NI;NI;NI;NI;NI;NI;NI;NI;NI;0
IDEAL CORRETORA DE TÍTULOS E VALORES MOBILIÁRIOS S.A.;31.749.596;n2;I;2;S4;15;SAO PAULO;SP;09/2021;0;NI;NI;NI;NI;NI;NI;NI;NI;NI;0
SUL AMERICA INVESTIMENTOS DISTRIBUIDORA DE TITULOS E VALORES MOBILIARIOS S.A.;32.206.435;n2;I;3;S4;16;SAO PAULO;SP;09/2021;0;NI;NI;NI;NI;NI;NI;NI;NI;NI;0
FAIR CORRETORA DE CAMBIO S.A.;32.648.370;n2;I;2;S4;21;SAO PAULO;SP;09/2021;0;NA;NA;NA;NA;NA;NA;NA;NA;NA;0
COOPERATIVA CENTRAL DE CRÉDITO, POUPANÇA E INVESTIMENTO DO CENTRO NORTE DO BRASIL - CENTRAL SICREDI CENTRO NORTE;33.667.205;b3C;I;2;S4;9;CUIABA;MT;09/2021;0;0;0;0;0;0;0;0;0;0;0
COOPERATIVA CENTRAL DE CRÉDITO, POUPANÇA E INVESTIMENTO DE MATO GROSSO DO SUL, GOIÁS, DISTRITO FEDERAL E TOCANTINS - CENTRAL SICREDI BRASIL CENTRAL;33.737.818;b3C;I;2;S4;9;GOIANIA;GO;09/2021;0;0;0;0;0;0;0;0;0;0;0
DILLON S/A DISTRIBUIDORA DE TITULOS E VALORES MOBILIARIOS;33.851.064;n2;I;2;S4;16;RIO DE JANEIRO;RJ;09/2021;0;NI;NI;NI;NI;NI;NI;NI;NI;NI;0
BGC LIQUIDEZ DISTRIBUIDORA DE TÍTULOS E VALORES MOBILIÁRIOS LTDA;33.862.244;n2;I;3;S4;16;RIO DE JANEIRO;RJ;09/2021;0;NI;NI;NI;NI;NI;NI;NI;NI;NI;0
BRKB DISTRIBUIDORA DE TÍTULOS E VALORES MOBILIÁRIOS S.A.;33.923.111;n2;I;3;S4;16;RIO DE JANEIRO;RJ;09/2021;0;NI;NI;NI;NI;NI;NI;NI;NI;NI;0
EUROINVEST S.A. CORRETORA DE CÂMBIO, TÍTULOS E VALORES MOBILIÁRIOS;34.190.991;n2;I;2;S4;15;RIO DE JANEIRO;RJ;09/2021;0;NI;NI;NI;NI;NI;NI;NI;NI;NI;0
INTERCAM CORRETORA DE CÂMBIO LTDA.;34.265.629;n2;I;2;S4;21;SAO PAULO;SP;09/2021;0;NA;NA;NA;NA;NA;NA;NA;NA;NA;0
STONE SOCIEDADE DE CRÉDITO DIRETO S.A.;34.590.184;n1;I;2;S5;43;SAO PAULO;SP;09/2021;0;NI;NI;NI;NI;NI;NI;NI;NI;NI;0
MONOPÓLIO CORRETORA DE CÂMBIO LTDA.;34.666.362;n2;I;2;S4;21;BELEM;PA;09/2021;0;NA;NA;NA;NA;NA;NA;NA;NA;NA;0
VITREO DISTRIBUIDORA DE TÍTULOS E VALORES MOBILIÁRIOS S.A.;34.711.571;n2;I;2;S4;16;SAO PAULO;SP;09/2021;0;NI;NI;NI;NI;NI;NI;NI;NI;NI;0
REAG DISTRIBUIDORA DE TÍTULOS E VALORES MOBILIÁRIOS S.A.;34.829.992;n2;I;2;S4;16;SAO PAULO;SP;09/2021;0;NI;NI;NI;NI;NI;NI;NI;NI;NI;0
BULLLA SOCIEDADE DE EMPRÉSTIMO ENTRE PESSOAS S.A.;34.831.910;n1;I;2;S5;44;SAO PAULO;SP;09/2021;0;NI;NI;NI;NI;NI;NI;NI;NI;NI;0
INTEGRAL ACCESS DISTRIBUIDORA DE TÍTULOS E VALORES MOBILIÁRIOS LTDA.;34.978.626;n2;I;2;S4;16;SAO PAULO;SP;09/2021;0;NI;NI;NI;NI;NI;NI;NI;NI;NI;0
QI SOCIEDADE DE EMPRÉSTIMO ENTRE PESSOAS S.A.;35.340.796;n1;I;2;S5;44;SAO PAULO;SP;09/2021;0;NI;NI;NI;NI;NI;NI;NI;NI;NI;0
ED&F MAN CAPITAL MARKETS DISTRIBUIDORA DE TÍTULOS  E VALORES MOBILIÁRIOS LTDA.;35.470.647;n2;I;2;S4;16;CAMPINAS;SP;09/2021;0;NI;NI;NI;NI;NI;NI;NI;NI;NI;0
OLIVEIRA TRUST DISTRIBUIDORA DE TÍTULOS E VALORES MOBILIARIOS S.A.;36.113.876;n2;I;2;S4;16;RIO DE JANEIRO;RJ;09/2021;0;NI;NI;NI;NI;NI;NI;NI;NI;NI;0
CAPTALYS DISTRIBUIDORA DE TÍTULOS E VALORES MOBILIÁRIOS LTDA.;36.266.751;n2;I;2;S4;16;SAO PAULO;SP;09/2021;0;NI;NI;NI;NI;NI;NI;NI;NI;NI;0
BONUSPAGO SOCIEDADE DE CRÉDITO DIRETO S.A.;36.586.946;n1;I;2;S5;43;CASCAVEL;PR;09/2021;0;NI;NI;NI;NI;NI;NI;NI;NI;NI;0
TRANSFERWISE BRASIL CORRETORA DE CÂMBIO LTDA.;36.588.217;n2;I;2;S4;21;SAO PAULO;SP;09/2021;0;NA;NA;NA;NA;NA;NA;NA;NA;NA;0
SUMUP SOCIEDADE DE CRÉDITO DIRETO S.A.;37.241.230;n1;I;2;S5;43;SAO PAULO;SP;09/2021;0;NI;NI;NI;NI;NI;NI;NI;NI;NI;0
WORK SOCIEDADE DE CRÉDITO DIRETO S.A.;37.526.080;n1;I;2;S5;43;SAO PAULO;SP;09/2021;0;NI;NI;NI;NI;NI;NI;NI;NI;NI;0
FIDD DISTRIBUIDORA DE TÍTULOS E VALORES MOBILIÁRIOS LTDA.;37.678.915;n2;I;2;S4;16;SAO PAULO;SP;09/2021;0;NI;NI;NI;NI;NI;NI;NI;NI;NI;0
GERU SOCIEDADE DE CRÉDITO DIRETO S.A.;37.763.847;n1;I;2;S5;43;SAO PAULO;SP;09/2021;0;NI;NI;NI;NI;NI;NI;NI;NI;NI;0
HARMONIA DISTRIBUIDORA DE TÍTULOS E VALORES MOBILIÁRIOS S.A.;37.800.856;n2;I;2;S4;16;SAO PAULO;SP;09/2021;0;NI;NI;NI;NI;NI;NI;NI;NI;NI;0
CORA SOCIEDADE DE CRÉDITO DIRETO S.A.;37.880.206;n1;I;3;S5;43;SAO PAULO;SP;09/2021;0;NI;NI;NI;NI;NI;NI;NI;NI;NI;0
NUMBRS SOCIEDADE DE CRÉDITO DIRETO S.A.;38.129.006;n1;I;2;S5;43;SAO PAULO;SP;09/2021;0;NI;NI;NI;NI;NI;NI;NI;NI;NI;0
FÊNIX DISTRIBUIDORA DE TÍTULOS E VALORES MOBILIÁRIOS LTDA.;38.429.045;n2;I;2;S4;16;CUIABA;MT;09/2021;0;NI;NI;NI;NI;NI;NI;NI;NI;NI;0
FACEBOOK INSTITUIÇÃO DE PAGAMENTO DO BRASIL LTDA.;39.321.657;n4;I;2;;41;SAO PAULO;SP;09/2021;0;NI;NI;NI;NI;NI;NI;NI;NI;NI;0
CREDIHOME SOCIEDADE DE CRÉDITO DIRETO S.A.;39.416.705;n1;I;2;S5;43;SAO PAULO;SP;09/2021;0;NI;NI;NI;NI;NI;NI;NI;NI;NI;0
MARÚ SOCIEDADE DE CRÉDITO DIRETO S.A.;39.519.944;n1;I;2;S5;43;SAO PAULO;SP;09/2021;0;NI;NI;NI;NI;NI;NI;NI;NI;NI;0
CRED-SYSTEM SOCIEDADE DE CRÉDITO DIRETO S.A.;39.664.698;n1;I;2;S5;43;BARUERI;SP;09/2021;0;NI;NI;NI;NI;NI;NI;NI;NI;NI;0
HEMERA DISTRIBUIDORA DE TÍTULOS E VALORES MOBILIÁRIOS LTDA.;39.669.186;n2;I;2;S4;16;CURITIBA;PR;09/2021;0;NI;NI;NI;NI;NI;NI;NI;NI;NI;0
STARK SOCIEDADE DE CRÉDITO DIRETO S.A.;39.908.427;n1;I;2;S5;43;SAO PAULO;SP;09/2021;0;NI;NI;NI;NI;NI;NI;NI;NI;NI;0
GIRO - SOCIEDADE DE CRÉDITO DIRETO S/A;40.112.555;n1;I;2;S5;43;CURITIBA;PR;09/2021;0;NI;NI;NI;NI;NI;NI;NI;NI;NI;0
PROSEFTUR CORRETORA DE CÂMBIO LTDA.;40.333.582;n2;I;2;S4;21;JUNDIAI;SP;09/2021;0;NA;NA;NA;NA;NA;NA;NA;NA;NA;0
FOURTRADE CORRETORA DE CÂMBIO LTDA.;40.353.377;n2;I;2;S4;21;RIO DE JANEIRO;RJ;09/2021;0;NA;NA;NA;NA;NA;NA;NA;NA;NA;0
AZUMI DISTRIBUIDORA DE TíTULOS E VALORES MOBILIáRIOS LTDA.;40.434.681;n2;I;2;S4;16;SAO PAULO;SP;09/2021;0;NI;NI;NI;NI;NI;NI;NI;NI;NI;0
LIONS TRUST DISTRIBUIDORA DE TÍTULOS E VALORES MOBILIÁRIOS LTDA.;40.768.766;n2;I;2;S4;16;SAO PAULO;SP;09/2021;0;NI;NI;NI;NI;NI;NI;NI;NI;NI;0
FIDO SOCIEDADE DE EMPRÉSTIMO ENTRE PESSOAS S.A.;40.819.834;n1;I;2;S5;44;BRASILIA;DF;09/2021;0;NI;NI;NI;NI;NI;NI;NI;NI;NI;0
N26 SOCIEDADE DE CRÉDITO DIRETO S.A.;40.867.163;n1;I;2;S5;43;SAO PAULO;SP;09/2021;0;NI;NI;NI;NI;NI;NI;NI;NI;NI;0
OPUS PLATAFORMA DIGITAL SOCIEDADE DE CRÉDITO DIRETO S.A.;42.047.025;n1;I;2;S5;43;MARINGA;PR;09/2021;0;NI;NI;NI;NI;NI;NI;NI;NI;NI;0
RJI CORRETORA DE TITULOS E VALORES MOBILIARIOS LTDA;42.066.258;n2;I;2;S4;15;SALVADOR;BA;09/2021;0;NI;NI;NI;NI;NI;NI;NI;NI;NI;0
BR-CAPITAL DISTRIBUIDORA DE TÍTULOS E VALORES MOBILIÁRIOS S.A.;44.077.014;n2;I;2;S4;16;SAO PAULO;SP;09/2021;0;NI;NI;NI;NI;NI;NI;NI;NI;NI;0
BANCO DE LA PROVINCIA DE BUENOS AIRES;44.189.447;b1;I;3;S4;28;SAO PAULO;SP;09/2021;0;0;0;0;0;0;0;0;0;0;0
BBVA BRASIL BANCO DE INVESTIMENTO S.A.;45.283.173;b2;I;3;S4;13;SAO PAULO;SP;09/2021;0;NI;NI;NI;NI;NI;NI;NI;NI;NI;0
LEVYCAM - CORRETORA DE CAMBIO E VALORES LTDA.;50.579.044;n2;I;2;S4;15;SAO PAULO;SP;09/2021;0;NI;NI;NI;NI;NI;NI;NI;NI;NI;0
SLW CORRETORA DE VALORES E CÂMBIO LTDA.;50.657.675;n2;I;2;S4;15;SAO PAULO;SP;09/2021;0;NI;NI;NI;NI;NI;NI;NI;NI;NI;0
COBANSA COMPANHIA HIPOTECARIA;53.263.331;n1;I;2;S5;29;GUARULHOS;SP;09/2021;0;NI;NI;NI;NI;NI;NI;NI;NI;NI;0
PATACÃO DISTRIBUIDORA DE TÍTULOS E VALORES MOBILIÁRIOS LTDA.;59.615.005;n2;I;2;S4;16;SOROCABA;SP;09/2021;0;NI;NI;NI;NI;NI;NI;NI;NI;NI;0
SAGITUR CORRETORA DE CÂMBIO LTDA.;61.444.949;n2;I;2;S4;21;SAO PAULO;SP;09/2021;0;NA;NA;NA;NA;NA;NA;NA;NA;NA;0
MAGLIANO S.A. CORRETORA DE TÍTULOS E VALORES MOBILIÁRIOS;61.723.847;n2;I;2;S4;15;SAO PAULO;SP;09/2021;0;NI;NI;NI;NI;NI;NI;NI;NI;NI;0
LEROSA S.A. CORRETORA DE VALORES E CAMBIO;61.973.863;n2;I;2;S4;15;SAO PAULO;SP;09/2021;0;NI;NI;NI;NI;NI;NI;NI;NI;NI;0
CAROL DISTRIBUIDORA DE TITULOS E VALORES MOBILIARIOS LTDA.;62.237.649;n2;I;2;S5;16;SAO PAULO;SP;09/2021;0;NI;NI;NI;NI;NI;NI;NI;NI;NI;0
CP & FRIZZO - DISTRIBUIDORA DE TÍTULOS E VALORES MOBILIÁRIOS LTDA;62.264.924;n2;I;2;S4;16;SAO PAULO;SP;09/2021;0;NI;NI;NI;NI;NI;NI;NI;NI;NI;0
DIBRAN DISTRIBUIDORA DE TÍTULOS E VALORES MOBILIÁRIOS LTDA.;62.280.490;n2;I;2;S4;16;SAO PAULO;SP;09/2021;0;NI;NI;NI;NI;NI;NI;NI;NI;NI;0
SINGULARE CORRETORA DE TÍTULOS E VALORES MOBILIÁRIOS S.A.;62.285.390;n2;I;2;S4;15;SAO PAULO;SP;09/2021;0;NI;NI;NI;NI;NI;NI;NI;NI;NI;0
RENASCENCA DISTRIBUIDORA DE TÍTULOS E VALORES MOBILIÁRIOS LTDA;62.287.735;n2;I;2;S4;16;SAO PAULO;SP;09/2021;0;NI;NI;NI;NI;NI;NI;NI;NI;NI;0
NGO ASSOCIADOS CORRETORA DE CÂMBIO LTDA.;65.635.377;n2;I;2;S5;21;SAO PAULO;SP;09/2021;0;NA;NA;NA;NA;NA;NA;NA;NA;NA;0
DASCAM CORRETORA DE CÂMBIO LTDA.;65.645.137;n2;I;2;S5;21;SAO PAULO;SP;09/2021;0;NA;NA;NA;NA;NA;NA;NA;NA;NA;0
REPOM S.A.;65.697.260;n4;I;2;;41;BARUERI;SP;09/2021;0;NI;NI;NI;NI;NI;NI;NI;NI;NI;0
COOPERATIVA DE ECONOMIA E CRÉDITO MÚTUO DOS EMPREGADOS DA PRODAM/SP - CREDIPRODAM;67.031.757;b3S;I;2;S5;9;SAO PAULO;SP;09/2021;0;NI;NI;NI;NI;NI;NI;NI;NI;NI;0
NUMBER ONE SOCIEDADE CORRETORA DE CAMBIO LTDA.;68.742.204;n2;I;2;S5;21;RIO DE JANEIRO;RJ;09/2021;0;NA;NA;NA;NA;NA;NA;NA;NA;NA;0
SIMPAUL CORRETORA DE CAMBIO E VALORES MOBILIARIOS  S.A.;68.757.681;n2;I;2;S4;15;PORTO ALEGRE;RS;09/2021;0;NI;NI;NI;NI;NI;NI;NI;NI;NI;0
LASTRO RDV DISTRIBUIDORA DE TÍTULOS E VALORES MOBILIÁRIOS LTDA.;71.590.442;n2;I;2;S4;16;ARARAS;SP;09/2021;0;NI;NI;NI;NI;NI;NI;NI;NI;NI;0
FRENTE CORRETORA DE CÂMBIO LTDA.;71.677.850;n2;I;2;S4;21;SAO PAULO;SP;09/2021;0;NA;NA;NA;NA;NA;NA;NA;NA;NA;0
ÍCARO CORRETORA DE CÂMBIO LTDA;72.556.996;n2;I;2;S5;21;CURITIBA;PR;09/2021;0;NA;NA;NA;NA;NA;NA;NA;NA;NA;0
PACIFIC INVEST DISTRIBUIDORA DE TITULOS E VALORES MOBILIARIOS LTDA;73.279.093;n2;I;2;S4;16;JOACABA;SC;09/2021;0;NI;NI;NI;NI;NI;NI;NI;NI;NI;0
EXIM CORRETORA DE CAMBIO LTDA;73.302.408;n2;I;2;S4;21;PORTO ALEGRE;RS;09/2021;0;NA;NA;NA;NA;NA;NA;NA;NA;NA;0
B&T CORRETORA DE CAMBIO LTDA.;73.622.748;n2;I;2;S4;21;RIO DE JANEIRO;RJ;09/2021;0;NA;NA;NA;NA;NA;NA;NA;NA;NA;0
DOURADA CORRETORA DE CÂMBIO LTDA.;76.641.497;n2;I;2;S4;21;CURITIBA;PR;09/2021;0;NA;NA;NA;NA;NA;NA;NA;NA;NA;0
DEBONI DISTRIBUIDORA DE TITULOS E VALORES MOBILIARIOS LTDA;77.162.881;n2;I;2;S4;16;CURITIBA;PR;09/2021;0;NI;NI;NI;NI;NI;NI;NI;NI;NI;0
CORREPARTI CORRETORA DE CAMBIO LTDA;80.202.872;n2;I;2;S4;21;SAO JOSE DOS PINHAIS;PR;09/2021;0;NA;NA;NA;NA;NA;NA;NA;NA;NA;0
COOPERATIVA CENTRAL DE CRÉDITO, POUPANÇA E INVESTIMENTO DOS ESTADOS DO PARANÁ, SÃO PAULO E RIO DE JANEIRO - CENTRAL SICREDI PR/SP/RJ;80.230.774;b3C;I;2;S3;9;CURITIBA;PR;09/2021;0;0;0;0;0;0;0;0;0;0;0
COOPERATIVA CENTRAL DE ECONOMIA E CRÉDITO MÚTUO DAS UNICREDS DO ESTADO DO RIO DE JANEIRO E DO MATO GROSSO LTDA   UNICRED CENTRAL RJ/MT;86.774.775;b3C;I;2;S4;9;RIO DE JANEIRO;RJ;09/2021;0;NI;NI;NI;NI;NI;NI;NI;NI;NI;0
CPCI - COMPANHIA DE CRÉDITO IMOBILIÁRIO S/A;87.091.716;n1;I;2;S5;31;PORTO ALEGRE;RS;09/2021;0;0;0;0;0;0;0;0;0;0;0
COOPERATIVA CENTRAL DE CRÉDITO, POUPANÇA E INVESTIMENTO DO SUL E SUDESTE - CENTRAL SICREDI SUL/SUDESTE;87.437.687;b3C;I;2;S3;9;PORTO ALEGRE;RS;09/2021;0;NI;NI;NI;NI;NI;NI;NI;NI;NI;0
MAGNETIS - DISTRIBUIDORA DE TÍTULOS E VALORES MOBILIÁRIOS LTDA;87.963.450;n2;I;3;S4;16;SAO PAULO;SP;09/2021;0;NI;NI;NI;NI;NI;NI;NI;NI;NI;0
EBADIVAL - E. BAGGIO DISTRIBUIDORA DE TÍTULOS E VALORES MOBILIÁRIOS LTDA.;89.784.367;n2;I;2;S5;16;CURITIBA;PR;09/2021;0;NI;NI;NI;NI;NI;NI;NI;NI;NI;0
RB INVESTIMENTOS DISTRIBUIDORA DE TITULOS E VALORES MOBILIARIOS LIMITADA;89.960.090;n2;I;2;S4;16;SAO PAULO;SP;09/2021;0;NI;NI;NI;NI;NI;NI;NI;NI;NI;0
FINANSINOS S.A. CREDITO, FINANCIAMENTO E INVESTIMENTO;91.669.747;n1;I;2;S5;14;NOVO HAMBURGO;RS;09/2021;0;0;0;0;0;0;0;0;0;0;0
ADVANCED CORRETORA DE CÂMBIO LTDA;92.856.905;n2;I;2;S5;21;SAO PAULO;SP;09/2021;0;NA;NA;NA;NA;NA;NA;NA;NA;NA;0
CORRETORA GERAL DE VALORES E CÂMBIO LTDA;92.858.380;n2;I;2;S4;15;PORTO ALEGRE;RS;09/2021;0;NI;NI;NI;NI;NI;NI;NI;NI;NI;0
WARREN CORRETORA DE VALORES MOBILIÁRIOS E CÂMBIO LTDA.;92.875.780;n2;I;2;S4;15;PORTO ALEGRE;RS;09/2021;0;NI;NI;NI;NI;NI;NI;NI;NI;NI;0
DECYSEO CORRETORA DE CAMBIO LTDA.;94.968.518;n2;I;2;S4;21;SAO PAULO;SP;09/2021;0;NA;NA;NA;NA;NA;NA;NA;NA;NA;0
SOLIDEZ - CORRETORA DE CÂMBIO, TÍTULOS E VALORES MOBILIÁRIOS LTDA;96.477.906;n2;I;2;S4;15;SAO PAULO;SP;09/2021;0;0;0;0;0;0;0;0;0;0;0
MOMENTO DISTRIBUIDORA DE TITULOS E VALORES MOBILIARIOS LTDA;97.447.304;n2;I;2;S4;16;RIO DE JANEIRO;RJ;09/2021;0;NI;NI;NI;NI;NI;NI;NI;NI;NI;0
BANQI INSTITUICAO DE PAGAMENTO LTDA.;30.723.871;n4;I;2;S5;41;SAO PAULO;SP;09/2021;NI;NI;NI;NI;NI;NI;NI;NI;NI;NI;NI
TRINUS;52.223;n1;I;2;S4;197;GOIANIA;GO;09/2021;NI;NI;NI;NI;NI;NI;NI;NI;NI;NI;NI
TERRA;52.113;n2;C;2;S4;196;SAO PAULO;SP;09/2021;NI;NI;NI;NI;NI;NI;NI;NI;NI;NI;NI
GUIDE RBDTVM;52.065;n2;C;3;S4;196;SAO PAULO;SP;09/2021;NI;NI;NI;NI;NI;NI;NI;NI;NI;NI;NI
INTL FCSTONE;52.041;b2;C;3;S4;198;SAO PAULO;SP;09/2021;NI;NI;NI;NI;NI;NI;NI;NI;NI;NI;NI
UBS;51.877;b2;C;3;S4;198;SAO PAULO;SP;09/2021;NI;NI;NI;NI;NI;NI;NI;NI;NI;NI;NI
BNY MELLON;51.808;b1;C;3;S4;199;RIO DE JANEIRO;RJ;09/2021;NI;NI;NI;NI;NI;NI;NI;NI;NI;NI;NI
WESTERN UNION;51.767;b1;C;3;S4;199;SAO PAULO;SP;09/2021;NI;NI;NI;NI;NI;NI;NI;NI;NI;NI;NI
BEXS;51.743;b2;C;2;S4;198;SAO PAULO;SP;09/2021;NI;NI;NI;NI;NI;NI;NI;NI;NI;NI;NI
FINAXIS;51.688;b1;C;2;S4;199;CURITIBA;PR;09/2021;NI;NI;NI;NI;NI;NI;NI;NI;NI;NI;NI
CONFIDENCE;51.671;b2;C;2;S4;198;SAO PAULO;SP;09/2021;NI;NI;NI;NI;NI;NI;NI;NI;NI;NI;NI
COINVALORES;51.561;n2;C;2;S5;196;SAO PAULO;SP;09/2021;NI;NI;NI;NI;NI;NI;NI;NI;NI;NI;NI
MORGAN STANLEY;51.413;b1;C;3;S3;199;SAO PAULO;SP;09/2021;NI;NI;NI;NI;NI;NI;NI;NI;NI;NI;NI
PLANNER;51.341;n1;C;2;S4;197;SAO PAULO;SP;09/2021;NI;NI;NI;NI;NI;NI;NI;NI;NI;NI;NI
CM CAPITAL MARKETS;51.248;n2;C;3;S4;196;SAO PAULO;SP;09/2021;NI;NI;NI;NI;NI;NI;NI;NI;NI;NI;NI
H.H.PICCHIONI;30.829;n2;C;2;S4;196;BELO HORIZONTE;MG;09/2021;NI;NI;NI;NI;NI;NI;NI;NI;NI;NI;NI
