Instituição;Código;TCB;SR;TD;TC;Cidade;UF;Data;Ativo Total;Carteira de Crédito Classificada;Passivo Circulante e Exigível a Longo Prazo e Resultados de Exercícios Futuros;Captações;Patrimônio Líquido;Lucro Líquido;Número de Agências;Número de Postos de Atendimento
ITAU;10069;b1;S1;C;2;SAO PAULO;SP;06/2023;2.357.281.136;897.252.194;2.178.812.290;1.725.709.382;178.468.846;16.808.519;2.463;1.004
BB;49906;b1;S1;C;1;BRASILIA;DF;06/2023;2.080.486.246;921.659.171;1.922.521.725;1.656.318.779;157.964.521;16.842.180;3.992;674
CAIXA ECONÔMICA FEDERAL;51626;b1;S1;C;1;BRASILIA;DF;06/2023;1.722.891.520;1.061.636.643;1.635.875.490;1.445.903.539;87.016.030;4.217.933;3.374;889
BRADESCO;10045;b1;S1;C;2;OSASCO;SP;06/2023;1.573.923.085;626.729.000;1.409.568.433;1.178.936.443;164.354.652;8.835.137;2.829;1.214
SANTANDER;30379;b1;S1;C;3;SAO PAULO;SP;06/2023;1.127.188.238;496.114.435;1.041.782.560;828.029.151;85.405.678;4.278.089;2.577;1.576
BANCO NACIONAL DE DESENVOLVIMENTO ECONOMICO E SOCIAL;33657248;b4;S2;C;1;RIO DE JANEIRO;RJ;06/2023;710.263.339;272.550.994;569.640.166;153.068.867;140.623.173;9.503.166;5;0
BTG PACTUAL;49944;b1;S1;C;2;RIO DE JANEIRO;RJ;06/2023;465.868.249;102.398.350;417.101.903;313.951.076;48.766.346;4.574.469;72;0
SAFRA;10083;b1;S2;C;2;SAO PAULO;SP;06/2023;248.193.146;103.243.233;223.932.128;185.011.000;24.261.018;1.326.721;132;4
CITIBANK;30403;b1;S2;C;3;SAO PAULO;SP;06/2023;185.925.676;28.999.170;172.820.019;101.666.767;13.105.657;866.333;57;8
BANCO COOPERATIVO SICREDI S.A.;1181521;b1;S3;C;2;PORTO ALEGRE;RS;06/2023;169.664.661;23.280.342;165.425.968;151.962.991;4.238.693;155.645;6;0
XP;52120;b1;S3;C;2;RIO DE JANEIRO;RJ;06/2023;169.385.183;24.199.458;159.401.194;107.045.533;9.983.989;107.569;8;0
VOTORANTIM;51011;b1;S2;C;2;SAO PAULO;SP;06/2023;139.369.016;71.341.158;126.464.797;94.737.625;12.904.218;564.749;7;5
BANCO SICOOB;51750;b1;S3;C;2;BRASILIA;DF;06/2023;118.430.553;22.526.400;114.994.484;99.455.216;3.436.069;223.052;7;0
BANRISUL;30173;b1;S2;C;1;PORTO ALEGRE;RS;06/2023;115.942.181;51.501.014;106.519.246;90.257.316;9.422.936;439.289;500;63
BNP PARIBAS;51516;b1;S3;C;3;SAO PAULO;SP;06/2023;113.949.158;12.826.077;109.799.775;30.327.103;4.149.383;-149.111;4;0
JP MORGAN CHASE;20107;b1;S3;C;3;SAO PAULO;SP;06/2023;107.240.387;3.777.555;98.424.239;62.876.948;8.816.148;291.861;9;0
REDECARD INSTITUIÇÃO DE PAGAMENTO S.A.;1425787;n4;S1;C;2;SAO PAULO;SP;06/2023;107.146.007;0;60.111.599;0;47.034.408;2.050.369;1;0
CIELO S.A. - INSTITUIÇÃO DE PAGAMENTO;1027058;n4;;C;2;BARUERI;SP;06/2023;102.183.364;0;90.507.820;7.406.721;11.675.544;1.149.331;1;0
NUBANK;52058;n1;S3;C;2;SAO PAULO;SP;06/2023;102.030.701;33.071.217;94.816.562;87.224.623;7.214.139;1.693.492;6;0
DAYCOVAL;51987;b1;S3;C;2;SAO PAULO;SP;06/2023;73.782.779;45.231.464;67.796.152;58.193.400;5.986.628;458.863;54;0
NU PAGAMENTOS S.A. - INSTITUIÇÃO DE PAGAMENTO;18236120;n4;S3;C;2;SAO PAULO;SP;06/2023;68.409.244;38.914.991;60.252.303;9.119.149;8.156.941;1.679.687;1;0
BANCO DO NORDESTE DO BRASIL S.A.;7237373;b1;S2;I;1;FORTALEZA;CE;06/2023;66.816.705;13.827.428;56.954.384;20.945.508;9.862.321;918.782;296;1
GETNET ADQUIRÊNCIA E SERVIÇOS PARA MEIOS DE PAGAMENTO S.A. INSTITUIÇÃO DE PAGAMENTO;10440482;n4;S1;C;3;SAO PAULO;SP;06/2023;62.533.075;0;59.407.699;1.603.892;3.125.375;350.063;1;0
C6 BANK;52072;b1;S3;C;2;SAO PAULO;SP;06/2023;55.754.512;37.384.810;52.470.649;41.566.583;3.283.864;-473.487;6;1
ABC-BRASIL;41856;b1;S3;C;3;SAO PAULO;SP;06/2023;52.983.404;22.967.049;47.562.592;39.838.514;5.420.811;391.901;15;0
INTER;51884;b1;S3;C;2;BELO HORIZONTE;MG;06/2023;49.349.199;24.665.092;42.092.730;35.405.791;7.256.468;26.562;21;0
BANCO RABOBANK INTERNATIONAL BRASIL S.A.;1023570;b1;S3;I;3;SAO PAULO;SP;06/2023;47.551.668;28.874.534;42.285.509;33.163.910;5.266.159;407.468;19;0
BRB;31976;b1;S3;C;1;BRASILIA;DF;06/2023;45.413.713;31.911.190;43.007.460;39.124.055;2.406.253;42.140;131;102
BMG;30290;b1;S3;C;2;SAO PAULO;SP;06/2023;44.443.198;23.958.252;40.603.716;34.062.422;3.839.482;8.614;35;0
BANCO DA AMAZONIA S.A.;4902979;b1;S3;I;1;BELEM;PA;06/2023;40.760.173;21.021.981;35.297.560;11.710.289;5.462.613;565.925;117;0
BANCO CRÉDIT AGRICOLE BRASIL S.A.;75647891;b1;S3;C;3;SAO PAULO;SP;06/2023;40.565.925;5.241.439;38.001.255;11.763.798;2.564.670;49.778;2;0
BANCO VOLKSWAGEN S.A.;59109165;b2;S3;C;3;SAO PAULO;SP;06/2023;39.774.429;34.386.358;36.344.031;31.981.832;3.430.399;151.156;2;0
BANESTES;30159;b1;S3;C;1;VITORIA;ES;06/2023;38.634.767;8.829.986;36.541.441;35.029.036;2.093.326;185.242;97;59
BANCO MUFG BRASIL S.A.;60498557;b1;S3;I;3;SAO PAULO;SP;06/2023;38.346.893;1.903.148;36.914.784;8.438.090;1.432.110;39.665;2;0
BOFA MERRILL LYNCH;51255;b1;S3;C;3;SAO PAULO;SP;06/2023;36.660.526;1.260.995;31.715.736;17.177.837;4.944.790;403.636;3;0
BANCO HSBC S.A.;53518684;b1;S3;I;3;SAO PAULO;SP;06/2023;35.916.759;1.431.745;34.836.153;6.363.549;1.080.606;15.383;2;0
GOLDMAN SACHS;51585;b2;S3;C;3;SAO PAULO;SP;06/2023;34.966.156;435.992;32.084.750;12.162.603;2.881.406;26.965;4;0
ORIGINAL;51781;b1;S3;C;2;SAO PAULO;SP;06/2023;34.403.733;17.828.167;32.255.954;28.941.756;2.147.779;-774.134;8;0
STONE INSTITUIÇÃO DE PAGAMENTO S.A.;16501555;n4;S5;C;3;SAO PAULO;SP;06/2023;33.560.374;0;31.803.280;5.228.053;1.757.094;272.859;1;0
PAGSEGURO INTERNET INSTITUIÇÃO DE PAGAMENTO S.A.;8561701;n4;S4;C;2;SAO PAULO;SP;06/2023;27.556.685;433.983;17.747.008;965.621;9.809.677;517.732;1;0
CREDIT SUISSE;30771;b1;S3;C;3;SAO PAULO;SP;06/2023;27.503.589;6.050.108;21.023.805;12.795.406;6.479.784;79.380;10;0
MASTER;50201;b1;S4;C;2;RIO DE JANEIRO;RJ;06/2023;27.349.683;11.600.541;25.494.339;24.510.521;1.855.344;290.556;8;5
BANCO CLASSICO S.A.;31597552;b1;S3;C;2;RIO DE JANEIRO;RJ;06/2023;24.338.460;0;9.854.905;2.000.569;14.483.555;143.813;2;0
BOCOM;52003;b1;S3;C;3;SALVADOR;BA;06/2023;24.312.043;12.408.355;23.205.039;20.465.690;1.107.004;129.461;8;0
MERCADO PAGO INSTITUIÇÃO DE PAGAMENTO LTDA.;10573521;n4;S4;C;3;OSASCO;SP;06/2023;23.695.395;2.254.850;21.900.431;8.801.578;1.794.964;424.335;1;0
BANCO CNH INDUSTRIAL CAPITAL S.A.;2992446;b2;S3;I;3;CURITIBA;PR;06/2023;22.446.735;21.598.161;20.122.980;18.430.952;2.323.755;107.677;2;0
MORGAN STANLEY;51413;b1;S3;C;3;SAO PAULO;SP;06/2023;21.958.346;0;16.777.668;8.010.649;5.180.677;168.393;4;0
CCB;32119;b1;S3;C;3;SAO PAULO;SP;06/2023;21.595.926;10.504.434;19.971.459;15.438.478;1.624.467;-15.978;14;0
SOCIETE GENERALE;31859;b1;S3;C;3;SAO PAULO;SP;06/2023;21.523.100;787.724;19.842.931;3.501.538;1.680.169;12.239;4;0
ALFA;51293;b1;S3;C;2;SAO PAULO;SP;06/2023;21.438.713;12.194.801;18.657.200;17.496.671;2.781.514;38.879;44;4
DEUTSCHE BANK S.A. - BANCO ALEMAO;62331228;b1;S3;I;3;SAO PAULO;SP;06/2023;20.928.235;2.487.003;18.428.531;9.075.289;2.499.704;21.529;2;0
SCOTIABANK;52230;b1;S3;C;3;SAO PAULO;SP;06/2023;20.710.245;315.346;17.459.698;15.135.227;3.250.547;98.608;4;0
PAGBANK-PAGSEGURO;52182;b1;S4;C;2;SAO PAULO;SP;06/2023;20.676.487;1.098.549;19.898.345;19.299.398;778.141;33.980;4;0
BANCO REGIONAL DE DESENVOLVIMENTO DO EXTREMO SUL;92816560;b4;S3;C;1;PORTO ALEGRE;RS;06/2023;19.787.872;16.513.009;15.735.722;14.531.687;4.052.150;240.619;4;0
MERCEDES-BENZ;51262;b2;S3;C;3;SAO BERNARDO DO CAMPO;SP;06/2023;19.097.462;18.418.678;16.760.476;16.157.006;2.336.986;73.204;4;0
PINE;50304;b1;S3;C;2;SAO PAULO;SP;06/2023;17.971.952;6.718.956;17.033.594;14.307.414;938.358;73.437;5;0
COOPERATIVA CENTRAL DE CRÉDITO DE MINAS GERAIS LTDA. - SICOOB CENTRAL CREDIMINAS;25683434;b3C;S3;I;2;BELO HORIZONTE;MG;06/2023;17.520.189;208.160;16.595.599;263.747;924.590;54.008;0;0
MERCANTIL DO BRASIL;20152;b1;S3;C;2;BELO HORIZONTE;MG;06/2023;17.320.820;12.715.462;15.896.064;13.164.498;1.424.756;168.737;11;260
BANCO CSF S.A.;8357240;b2;S3;I;2;SAO PAULO;SP;06/2023;17.299.719;16.947.396;14.201.442;3.895.353;3.098.278;74.419;2;0
BANCO JOHN DEERE S.A.;91884981;b1;S3;I;3;INDAIATUBA;SP;06/2023;16.885.634;15.932.874;14.734.684;14.522.793;2.150.951;145.097;2;0
BANCO MIZUHO DO BRASIL S.A.;61088183;b1;S4;I;3;SAO PAULO;SP;06/2023;16.380.318;4.385.246;15.393.275;7.825.021;987.043;53.149;2;0
AGIBANK;51956;b1;S4;C;2;CAMPINAS;SP;06/2023;15.806.436;12.504.599;14.586.886;11.191.030;1.219.550;146.560;4;1
BANCO DO ESTADO DO PARÁ S.A.;4913711;b1;S3;I;1;BELEM;PA;06/2023;15.495.454;11.890.066;13.686.951;13.062.177;1.808.503;115.093;159;34
PORTO SEGURO;51444;n1;S3;C;2;SAO PAULO;SP;06/2023;15.479.193;15.561.115;14.479.664;3.268.596;999.530;-63.567;4;0
COOPERATIVA CENTRAL DE CRÉDITO DE SANTA CATARINA E RIO GRANDE DO SUL - SICOOB CENTRAL SC/RS;80160260;b3C;S3;I;2;FLORIANOPOLIS;SC;06/2023;14.987.932;112.800;14.091.787;1.317.575;896.145;38.048;0;0
BANCO VOLVO BRASIL S.A.;58017179;b2;S4;C;3;CURITIBA;PR;06/2023;14.762.366;12.664.629;12.193.087;12.077.702;2.569.279;154.704;2;0
BANCO FIBRA S.A.;58616418;b1;S3;C;2;SAO PAULO;SP;06/2023;13.831.494;3.703.918;12.664.375;11.255.376;1.167.119;-21.460;2;0
SOFISA;31873;b1;S4;C;2;SAO PAULO;SP;06/2023;13.321.623;7.780.362;12.272.731;11.582.750;1.048.892;63.486;23;0
CENTRAL DAS COOPERATIVAS DE ECONOMIA E CREDITO DO ESTADO DE MINAS GERAIS LTDA. - SICOOB CENTRAL CECREMGE;309024;b3C;S4;I;2;BELO HORIZONTE;MG;06/2023;13.308.924;753.408;12.737.557;503;571.368;27.699;0;0
BANCO DE LAGE LANDEN BRASIL S.A.;5040481;b2;S4;I;3;PORTO ALEGRE;RS;06/2023;13.297.110;12.611.482;11.895.258;10.369.005;1.401.852;37.360;3;0
COOPERATIVA DE CREDITO CREDICITRUS;54037916;b3S;S3;I;2;BEBEDOURO;SP;06/2023;13.229.290;6.341.870;10.745.919;8.880.203;2.483.371;220.153;0;129
WARREN;52333;n2;S4;C;2;PORTO ALEGRE;RS;06/2023;13.001.744;0;12.916.058;12.864.540;85.686;6.264;4;0
BANCO GM S.A.;59274605;b2;S3;C;3;SAO PAULO;SP;06/2023;12.173.545;8.923.970;9.353.694;7.571.489;2.819.851;106.839;2;0
COOPERATIVA CENTRAL DE CRÉDITO DO ESTADO DE SÃO PAULO - SICOOB SÃO PAULO;63917579;b3C;S3;I;2;RIBEIRAO PRETO;SP;06/2023;12.062.308;597;11.615.949;1.527.241;446.358;28.736;0;0
COOPERATIVA DE CREDITO VALE DO ITAJAI - VIACREDI;82639451;b3S;S3;I;2;BLUMENAU;SC;06/2023;11.799.292;7.812.731;9.373.359;8.581.492;2.425.933;150.183;0;113
ASSOCIACAO DE POUPANCA E EMPRESTIMO - POUPEX;655522;n1;S3;I;2;BRASILIA;DF;06/2023;11.189.421;4.947.452;3.730.730;3.583.443;7.458.691;96.320;63;0
BANCO TOYOTA DO BRASIL S.A.;3215790;b2;S3;C;3;SAO PAULO;SP;06/2023;10.935.016;9.032.069;9.870.839;8.491.403;1.064.176;-12.600;2;0
SCANIA BANCO S.A.;11417016;b2;S4;C;3;SAO BERNARDO DO CAMPO;SP;06/2023;10.415.249;10.341.825;9.327.563;9.166.782;1.087.686;72.180;2;0
SICOOB COCRED COOPERATIVA DE CRÉDITO;71328769;b3S;S4;I;2;SERTAOZINHO;SP;06/2023;10.161.035;5.264.060;8.935.097;7.000.673;1.225.938;107.208;0;43
PARANÁ BANCO;30881;b1;S4;C;2;CURITIBA;PR;06/2023;9.664.729;6.834.097;8.481.274;8.293.991;1.183.454;46.442;4;0
COOPERATIVA DE CRÉDITO, POUPANÇA E INVESTIMENTO DEXIS - SICREDI DEXIS;79342069;b3S;S4;I;2;MARINGA;PR;06/2023;9.588.091;4.934.119;8.597.902;5.096.154;990.189;71.199;0;113
BR PARTNERS BANCO DE INVESTIMENTO S.A.;13220493;b2;S4;C;2;SAO PAULO;SP;06/2023;9.569.917;476.119;8.862.893;7.687.021;707.024;22.293;2;0
ADIQ INSTITUIÇÃO DE PAGAMENTO S.A.;20520298;n4;S3;C;2;BELO HORIZONTE;MG;06/2023;9.489.795;0;9.239.808;1;249.987;38.508;1;0
BANCO SUMITOMO MITSUI BRASILEIRO S.A.;60518222;b1;S3;C;3;SAO PAULO;SP;06/2023;9.337.746;2.937.284;7.158.574;5.488.762;2.179.171;76.555;2;0
TERRA;52113;n2;S4;C;2;SAO PAULO;SP;06/2023;9.259.837;0;9.173.329;2.222.423;86.508;-3.278;6;0
COOPERATIVA DE CRÉDITO, POUPANÇA E INVESTIMENTO OURO VERDE DO MATO GROSSO - SICREDI OURO VERDE MT;26529420;b3S;S4;I;2;LUCAS DO RIO VERDE;MT;06/2023;8.822.339;4.880.983;7.613.920;3.848.181;1.208.419;107.419;0;32
BANCO DO ESTADO DE SERGIPE S.A.;13009717;b1;S4;C;1;ARACAJU;SE;06/2023;8.627.368;3.816.801;8.029.776;7.510.843;597.592;2.670;65;9
BANCO FIDIS S/A;62237425;b2;S4;I;3;BETIM;MG;06/2023;8.610.676;7.451.496;7.352.462;7.084.848;1.258.214;107.855;2;0
COOPERATIVA CENTRAL DE CRÉDITO COM INTERAÇÃO SOLIDÁRIA - CENTRAL CRESOL BASER;1401771;b3C;S4;I;2;FRANCISCO BELTRAO;PR;06/2023;8.503.141;40.308;8.142.192;5.341.160;360.949;20.799;0;0
BANCO DE DESENVOLVIMENTO DE MINAS GERAIS S.A.-BDMG;38486817;b4;S3;I;1;BELO HORIZONTE;MG;06/2023;8.193.707;5.530.531;6.053.397;4.699.954;2.140.310;31.184;2;0
MODAL;51963;b1;S4;C;2;RIO DE JANEIRO;RJ;06/2023;8.168.822;1.382.296;7.227.149;4.918.541;941.673;-306.921;6;0
COOPERATIVA DE CRÉDITO MAXI ALFA DE LIVRE ADMISSÃO DE ASSOCIADOS - SICOOB MAXICRÉDITO;78825270;b3S;S5;I;2;CHAPECO;SC;06/2023;7.947.847;4.888.529;7.083.062;6.148.697;864.785;106.231;0;100
COOPERATIVA CENTRAL DE CRÉDITO - AILOS;5463212;b3C;S4;I;2;BLUMENAU;SC;06/2023;7.877.952;708.621;7.195.804;1.125.673;682.148;0;0;0
COOPERATIVA DE CRÉDITO, POUPANÇA E INVESTIMENTO VANGUARDA - SICREDI VANGUARDA PR/SP/RJ;78414067;b3S;S4;I;2;MEDIANEIRA;PR;06/2023;7.834.019;4.715.012;6.972.139;3.749.204;861.880;58.471;0;89
COOPERATIVA CENTRAL DE CREDITO DO ESPIRITO SANTO - SICOOB CENTRAL ES;32428294;b3C;S4;I;2;VITORIA;ES;06/2023;7.769.638;119.665;7.389.340;223.537;380.298;14.851;0;0
COOPERATIVA DE CRÉDITO, POUPANÇA E INVESTIMENTO VALE DO PIQUIRI ABCD - SICREDI VALE DO PIQUIRI ABCD PR/SP;81099491;b3S;S4;I;2;PALOTINA;PR;06/2023;7.719.150;4.811.319;6.920.183;4.226.795;798.968;63.697;0;96
OMNI;50940;b1;S4;C;2;SAO PAULO;SP;06/2023;7.706.358;5.773.026;6.951.869;6.253.531;754.489;-107.485;8;0
BANCO DIGIMAIS S.A.;92874270;b1;S4;C;3;SAO PAULO;SP;06/2023;7.642.963;2.690.444;7.355.506;6.142.019;287.457;31.247;4;3
COOPERATIVA CENTRAL DE CRÉDITO, POUPANÇA E INVESTIMENTO DO SUL E SUDESTE - CENTRAL SICREDI SUL/SUDESTE;87437687;b3C;S3;I;2;PORTO ALEGRE;RS;06/2023;7.587.096;0;6.450.992;0;1.136.104;0;0;0
CLOUDWALK INSTITUIÇÃO DE PAGAMENTO E SERVICOS LTDA;18189547;n4;;C;3;SAO PAULO;SP;06/2023;7.532.638;0;6.896.273;0;636.365;72.860;1;0
CREFISA;52010;b1;S4;C;2;SAO PAULO;SP;06/2023;7.303.186;3.518.551;1.120.121;462.523;6.183.065;124.918;4;10
COOPERATIVA DE CRÉDITO, POUPANÇA E INVESTIMENTO SICREDI PIONEIRA RS - SICREDI PIONEIRA RS;91586982;b3S;S4;I;2;NOVA PETROPOLIS;RS;06/2023;7.010.031;4.159.292;6.250.328;4.881.074;759.702;73.131;0;50
CENTRAL SICOOB UNI DE COOPERATIVAS DE CRÉDITO;4243780;b3C;S4;I;2;GOIANIA;GO;06/2023;6.917.053;53.847;6.688.714;0;228.338;23.713;0;0
COOPERATIVA DE CRÉDITO CONEXÃO - SICOOB CONEXÃO;32430233;b3S;S5;I;2;LINHARES;ES;06/2023;6.846.760;4.210.539;5.457.945;4.491.963;1.388.815;167.411;0;44
HAITONG;51482;b2;S3;C;3;SAO PAULO;SP;06/2023;6.717.678;548.597;6.166.416;5.775.003;551.262;125;6;0
COOPERATIVA DE CRÉDITO, POUPANÇA E INVESTIMENTO CAMPOS GERAIS E GRANDE CURITIBA - SICREDI CAMPOS GERAIS E GRANDE CURITIBA PR/SP;81466286;b3S;S4;I;2;PONTA GROSSA;PR;06/2023;6.715.409;3.020.445;6.026.985;4.464.671;688.424;81.217;0;41
COOPERATIVA DE CRÉDITO, POUPANÇA E INVESTIMENTO DO SUDOESTE MT/PA - SICREDI SUDOESTE MT/PA;32995755;b3S;S4;I;2;TANGARA DA SERRA;MT;06/2023;6.699.491;4.101.847;5.834.645;3.345.240;864.846;81.671;0;83
COOPERATIVA DE CRÉDITO DE LIVRE ADMISSÃO CENTRO BRASILEIRA LTDA.;37395399;b3S;S5;I;2;GOIANIA;GO;06/2023;6.696.335;3.947.990;5.836.495;5.304.146;859.841;37.102;0;114
PAYPAL DO BRASIL INSTITUIÇÃO DE PAGAMENTO LTDA.;10878448;n4;;I;3;SAO PAULO;SP;06/2023;6.469.451;0;5.888.135;399.315;581.316;-150.789;1;0
COOPERATIVA DE CRÉDITO SICREDI SERRANA RS/ES;90608712;b3S;S4;I;2;CARLOS BARBOSA;RS;06/2023;6.441.986;3.954.205;5.692.723;4.002.567;749.262;92.710;0;41
SISPRIME DO BRASIL - COOPERATIVA DE CRÉDITO;2398976;b3S;S4;I;2;LONDRINA;PR;06/2023;6.365.255;3.088.969;5.388.293;5.000.398;976.961;116.544;0;43
MIDWAY S.A. - CRÉDITO, FINANCIAMENTO E INVESTIMENTO;9464032;n1;S4;I;2;SAO PAULO;SP;06/2023;6.345.862;5.691.095;5.206.907;1.608.514;1.138.955;-20.969;2;0
SICOOB CREDICOM - COOPERATIVA DE ECONOMIA E CREDITO MUTUO DOS MEDICOS E PROFISSIONAIS DA AREA DE SAUDE DO BRASIL LTDA.;42898825;b3S;S5;I;2;BELO HORIZONTE;MG;06/2023;6.206.776;3.474.991;5.330.087;4.854.064;876.689;101.268;0;38
INDUSTRIAL DO BRASIL;50988;b1;S4;C;2;SAO PAULO;SP;06/2023;6.203.786;4.813.781;5.487.301;5.098.668;716.484;47.740;13;0
PICPAY INSTITUIÇÃO DE PAGAMENTO S.A.;22896431;n4;S3;C;2;SAO PAULO;SP;06/2023;6.152.347;0;5.088.599;1.621.864;1.063.748;-4.872;1;0
COOPERATIVA CENTRAL DE CRÉDITO, POUPANÇA E INVESTIMENTO DOS ESTADOS DO PARANÁ, SÃO PAULO E RIO DE JANEIRO - CENTRAL SICREDI PR/SP/RJ;80230774;b3C;S3;I;2;CURITIBA;PR;06/2023;6.124.771;0;5.177.858;14.827;946.913;0;0;0
COOPERATIVA DE CRÉDITO, POUPANÇA E INVESTIMENTO UNIÃO - SICREDI UNIAO RS/ES;88894548;b3S;S4;I;2;CERRO LARGO;RS;06/2023;6.118.790;3.237.420;5.380.019;3.129.566;738.771;82.309;0;63
BANCO BS2 S.A.;71027866;b1;S3;C;2;BELO HORIZONTE;MG;06/2023;5.974.256;1.622.813;5.287.915;4.513.733;686.341;22.882;3;0
REALIZE CRÉDITO, FINANCIAMENTO E INVESTIMENTO S.A.;27351731;n1;S4;I;3;PORTO ALEGRE;RS;06/2023;5.960.527;6.237.936;4.856.887;1.162.972;1.103.640;-44.008;2;0
NEON PAGAMENTOS S.A. - INSTITUIÇÃO DE PAGAMENTO;20855875;n4;S4;C;2;SAO PAULO;SP;06/2023;5.823.703;2.503.992;5.003.326;644.314;820.377;-476.071;1;0
COOPERATIVA DE CRÉDITO, POUPANÇA E INVESTIMENTO UNIÃO DE ESTADOS RIO GRANDE DO SUL, SANTA CATARINA E MINAS GERAIS - SICREDI UNIESTADOS;87780268;b3S;S4;I;2;ERECHIM;RS;06/2023;5.748.586;3.498.303;5.095.683;3.194.273;652.903;63.453;0;65
COOPERATIVA DE CRÉDITO DE LIVRE ADMISSÃO DO SUDOESTE DA AMAZÔNIA LTDA. - SICOOB CREDISUL.;3632872;b3S;S5;I;2;VILHENA;RO;06/2023;5.698.583;4.102.140;4.768.612;3.343.423;929.971;139.078;0;47
FACTA FINANCEIRA S.A. - CRÉDITO FINANCIAMENTO E INVESTIMENTO;15581638;n1;S4;C;2;PORTO ALEGRE;RS;06/2023;5.525.606;4.743.554;5.132.397;3.725.743;393.208;33.096;2;0
COOPERATIVA DE CRÉDITO, POUPANÇA E INVESTIMENTO DO CENTRO SUL DO MATO GROSSO DO SUL - SICREDI CENTRO-SUL MS;26408161;b3S;S4;I;2;DOURADOS;MS;06/2023;5.525.292;2.803.742;4.620.086;3.051.175;905.206;91.735;0;45
COOPERATIVA DE CRÉDITO, POUPANÇA E INVESTIMENTO NORTE MATO-GROSSENSE E OESTE PARAENSE - SICREDI GRANDES RIOS MT/PA/AM;37442605;b3S;S4;I;2;COLIDER;MT;06/2023;5.458.479;2.797.602;4.833.622;2.359.109;624.858;26.564;0;46
COOPERATIVA DE CRÉDITO, POUPANÇA E INVESTIMENTO DO ARAGUAIA E XINGU - SICREDI ARAXINGU;33021064;b3S;S4;I;2;CANARANA;MT;06/2023;5.451.164;3.076.078;4.600.808;1.898.048;850.356;131.560;0;31
COOPERATIVA DE CRÉDITO, POUPANÇA E INVESTIMENTO UNIÃO DOS ESTADOS DE MATO GROSSO DO SUL, TOCANTINS E OESTE DA BAHIA - SICREDI UNIÃO MS/TO;24654881;b3S;S4;I;2;CAMPO GRANDE;MS;06/2023;5.440.017;2.723.108;4.850.445;2.931.185;589.572;71.201;0;39
MERCADO CRÉDITO SOCIEDADE DE CRÉDITO, FINANCIAMENTO E INVESTIMENTO S.A.;37679449;n1;S4;C;3;OSASCO;SP;06/2023;5.416.326;1.844.590;4.896.974;4.628.611;519.352;-110.183;2;0
COOPERATIVA DE CRÉDITO, POUPANÇA E INVESTIMENTO SORRISO - SICREDI CELEIRO MT/RR;26555235;b3S;S4;I;2;SORRISO;MT;06/2023;5.295.215;1.980.579;4.515.848;3.247.072;779.367;114.032;0;20
COOPERATIVA DE CRÉDITO DE LIVRE ADMISSÃO DO SUDOESTE GOIANO;24795049;b3S;S5;I;2;RIO VERDE;GO;06/2023;5.263.818;3.694.138;3.969.572;3.113.796;1.294.246;159.838;0;33
COOPERATIVA CENTRAL DE CRÉDITO UNICRED CONEXÃO LTDA - UNICRED CENTRAL CONEXÃO;543968;b3C;S4;I;2;FLORIANOPOLIS;SC;06/2023;5.242.489;0;5.028.482;0;214.007;1.589;0;0
HONDA;51396;b2;S4;C;3;SAO PAULO;SP;06/2023;5.212.298;4.820.905;4.171.175;3.824.862;1.041.123;31.724;4;0
PEFISA S.A. - CRÉDITO, FINANCIAMENTO E INVESTIMENTO;43180355;n1;S4;I;2;SAO PAULO;SP;06/2023;5.177.647;3.827.956;4.476.301;2.360.543;701.346;-26.768;2;0
CENTRAL DAS COOPERATIVAS DE CREDITO UNICOOB - SICOOB CENTRAL UNICOOB;5036532;b3C;S4;I;2;MARINGA;PR;06/2023;5.030.374;11.000;4.806.103;0;224.271;18.725;0;0
BANCO CATERPILLAR S.A.;2658435;b2;S4;I;3;SAO PAULO;SP;06/2023;4.966.183;4.817.033;3.889.393;3.554.273;1.076.790;45.835;2;0
BANCO PACCAR S.A.;28517628;b2;S4;I;3;PONTA GROSSA;PR;06/2023;4.849.773;4.603.815;3.637.521;3.366.489;1.212.252;25.724;2;0
DESENVOLVE SP - AGÊNCIA DE FOMENTO DO ESTADO DE SÃO PAULO S.A.;10663610;n1;S4;I;1;SAO PAULO;SP;06/2023;4.759.042;2.260.731;1.430.785;1.238.826;3.328.257;113.580;1;0
VOITER;50531;b1;S4;C;2;SAO PAULO;SP;06/2023;4.693.114;660.731;4.259.590;3.796.804;433.524;-4.040;5;0
INTESA SANPAOLO BRASIL S.A. - BANCO MÚLTIPLO;55230916;b1;S4;I;3;SAO PAULO;SP;06/2023;4.639.680;2.330.065;3.596.589;3.125.111;1.043.091;16.695;2;0
WILL FINANCEIRA S.A. CRÉDITO, FINANCIAMENTO E INVESTIMENTO;23862762;n1;S4;C;2;SAO PAULO;SP;06/2023;4.623.447;1.795.143;4.305.467;4.194.560;317.980;-102.512;2;0
COOPERATIVA DE CRÉDITO, POUPANÇA E INVESTIMENTO PLANALTO - SICREDI PLANALTO RS/MG;88038260;b3S;S4;I;2;CRUZ ALTA;RS;06/2023;4.603.419;2.023.641;3.661.636;1.769.956;941.783;124.621;0;32
BANCO CARGILL S.A.;3609817;b1;S4;I;2;SAO PAULO;SP;06/2023;4.475.833;2.432.765;3.688.120;2.361.547;787.714;23.785;2;0
BANCO RODOBENS S.A.;33603457;b1;S4;C;2;SAO PAULO;SP;06/2023;4.415.221;3.260.154;3.694.191;3.530.362;721.030;45.757;2;0
BANCO DA CHINA BRASIL S.A.;10690848;b1;S4;I;3;SAO PAULO;SP;06/2023;4.301.595;2.376.064;3.810.047;3.681.051;491.548;20.214;2;1
BANCO TRIANGULO S.A.;17351180;b1;S4;C;2;UBERLANDIA;MG;06/2023;4.278.815;1.756.031;3.726.965;2.617.779;551.850;-16.789;2;0
COOPERATIVA DE CRÉDITO, POUPANÇA E INVESTIMENTO DA REGIÃO DOS VALES - SICREDI REGIÃO DOS VALES RS;89126130;b3S;S4;I;2;ENCANTADO;RS;06/2023;4.248.693;1.610.822;3.408.327;2.924.434;840.366;97.581;0;21
COOPERATIVA CENTRAL DE CRÉDITO DE GOIÁS, DISTRITO FEDERAL E TOCANTINS LTDA. - SICOOB NOVA CENTRAL;33416108;b3C;S4;I;2;GOIANIA;GO;06/2023;4.246.481;157.047;3.756.241;0;490.240;27.214;0;1
COOPERATIVA DE CRÉDITO, POUPANÇA E INVESTIMENTO CELEIRO CENTRO OESTE - SICREDI CELEIRO CENTRO OESTE;3566655;b3S;S4;I;2;SAO GABRIEL DO OESTE;MS;06/2023;4.203.518;2.154.116;3.645.561;1.938.452;557.957;64.012;0;29
COOPERATIVA DE CRÉDITO SICOOB METROPOLITANO;3459850;b3S;S5;I;2;MARINGA;PR;06/2023;4.137.575;1.899.200;3.696.908;3.150.705;440.667;49.442;0;98
FISERV DO BRASIL  INSTITUIÇÃO DE PAGAMENTO LTDA;4962772;n4;S5;C;3;SAO PAULO;SP;06/2023;3.934.499;0;2.755.053;833.613;1.179.446;11.209;1;0
COOPERATIVA CENTRAL DE CRÉDITO, POUPANÇA E INVESTIMENTO DO NORDESTE - CENTRAL SICREDI NORDESTE;70119680;b3C;S4;I;2;JOAO PESSOA;PB;06/2023;3.915.600;39.187;3.816.751;0;98.849;24.891;0;0
COOPERATIVA CENTRAL DE CRÉDITO, POUPANÇA E INVESTIMENTO DO CENTRO NORTE DO BRASIL - CENTRAL SICREDI CENTRO NORTE;33667205;b3C;S4;I;2;CUIABA;MT;06/2023;3.889.126;0;3.171.000;0;718.126;20.012;0;0
RENDIMENTO;51468;b1;S4;C;2;SAO PAULO;SP;06/2023;3.877.276;710.456;3.422.908;2.106.532;454.368;47.084;13;1
COOPERATIVA DE CRÉDITO, POUPANÇA E INVESTIMENTO VALE DO CERRADO - SICREDI VALE DO CERRADO;32983165;b3S;S4;I;2;CAMPO VERDE;MT;06/2023;3.830.080;2.200.783;3.395.948;1.410.889;434.132;-1.565;0;21
COOPERATIVA CENTRAL DE CRÉDITO DO NORTE DO BRASIL - SICOOB NORTE;3502131;b3C;S4;I;2;PORTO VELHO;RO;06/2023;3.800.218;1.669;3.617.727;21.362;182.491;14.184;0;0
CREDICOAMO CREDITO RURAL COOPERATIVA;81723108;b3S;S4;I;2;CAMPO MOURAO;PR;06/2023;3.771.531;1.826.482;2.520.115;2.363.070;1.251.416;117.732;0;51
WILL S.A. INSTITUICAO DE PAGAMENTO;36272465;n4;S4;C;2;SAO PAULO;SP;06/2023;3.769.720;1.571.949;3.868.827;50.714;-99.107;-268.850;1;0
COOPERATIVA DE CRÉDITO DE LIVRE ADMISSÃO DO CENTRO SUL RONDONIENSE - SICOOB CREDIP.;2015588;b3S;S5;I;2;PIMENTA BUENO;RO;06/2023;3.758.213;2.227.388;3.243.990;2.568.517;514.223;56.362;0;48
COOPERATIVA DE CRÉDITO SUL-SERRANA DO ESPÍRITO SANTO;815319;b3S;S5;I;2;VENDA NOVA DO IMIGRANTE;ES;06/2023;3.634.216;2.411.324;2.901.411;2.609.139;732.805;111.081;0;36
COOPERATIVA DE CRÉDITO ALIANÇA RS/SC/ES - SICREDI ALIANÇA RS/SC/ES;87795639;b3S;S4;I;2;MARAU;RS;06/2023;3.625.177;1.918.558;3.282.739;2.429.179;342.438;36.689;0;42
COOPERATIVA DE CRÉDITO, POUPANÇA E INVESTIMENTO DA REGIÃO DA PRODUÇÃO - SICREDI REGIÃO DA PRODUÇÃO RS/SC/MG;89468565;b3S;S4;I;2;SARANDI;RS;06/2023;3.601.837;2.175.719;3.251.819;2.372.321;350.018;26.978;0;33
COOPERATIVA DE CRÉDITO DE LIVRE ADMISSÃO DE ASSOCIADOS SÃO MIGUEL DO OESTE - SICOOB SÃO MIGUEL SC/PR/RS;81607046;b3S;S5;I;2;SAO MIGUEL D'OESTE;SC;06/2023;3.560.237;2.082.980;3.109.214;2.414.514;451.023;44.044;0;54
COOPERATIVA DE CRÉDITO, POUPANÇA E INVESTIMENTO CONEXÃO - SICREDI CONEXÃO;87733770;b3S;S4;I;2;RODEIO BONITO;RS;06/2023;3.523.119;2.256.719;3.035.270;2.295.008;487.849;37.434;0;48
STATE STREET BRASIL S.A. - BANCO COMERCIAL;9274232;b1;S4;I;3;SAO PAULO;SP;06/2023;3.474.981;0;3.073.164;1.186.317;401.817;-8.523;2;0
COOPERATIVA DE CRÉDITO, POUPANÇA E INVESTIMENTO UNIVALES - SICREDI UNIVALES MT/RO;70431630;b3S;S4;I;2;JUINA;MT;06/2023;3.390.846;1.950.119;2.920.851;1.580.941;469.995;38.724;0;38
GENIAL;51839;b1;S4;C;2;RIO DE JANEIRO;RJ;06/2023;3.305.696;197.591;3.117.444;2.401.828;188.252;-2.591;11;0
COOPERATIVA DE CRÉDITO UNICRED VALOR CAPITAL LTDA - UNICRED VALOR CAPITAL;74064502;b3S;S5;I;2;FLORIANOPOLIS;SC;06/2023;3.248.790;1.639.492;2.885.383;2.766.243;363.407;2.071;0;22
COOPERATIVA DE CRÉDITO ARACOOP LTDA. - SICOOB ARACOOP;3320525;b3S;S5;I;2;ARAGUARI;MG;06/2023;3.209.355;2.173.181;2.773.078;1.923.965;436.277;43.812;0;31
COOPERATIVA DE CRÉDITO E INVESTIMENTO DE LIVRE ADMISSÃO AGROEMPRESARIAL - SICREDI AGROEMPRESARIAL PR/SP;79457883;b3S;S4;I;2;MANDAGUARI;PR;06/2023;3.198.829;1.717.789;2.876.946;2.220.441;321.883;36.399;0;38
COOPERATIVA DE CRÉDITO, POUPANÇA E INVESTIMENTO FRONTEIRAS DO PARANÁ, SANTA CATARINA E SÃO PAULO - SICREDI FRONTEIRAS PR/SC/SP;82527557;b3S;S4;I;2;CAPANEMA;PR;06/2023;3.101.307;2.217.990;2.734.880;1.639.707;366.427;37.141;0;42
COOPERFORTE - COOPERATIVA DE ECONOMIA E CRÉDITO MÚTUO DE FUNCIONÁRIOS DE INSTITUIÇÕES FINANCEIRAS PÚBLICAS FEDERAIS LTDA.;1658426;b3S;S5;I;2;BRASILIA;DF;06/2023;3.085.478;2.238.828;2.377.026;2.303.443;708.451;67.225;0;4
COOPERATIVA DE CRÉDITO SUL DO ESPÍRITO SANTO - SICOOB SUL;32467086;b3S;S5;I;2;CACHOEIRO DE ITAPEMIRIM;ES;06/2023;3.058.980;1.676.155;2.448.526;2.182.872;610.455;84.366;0;38
BMW;51420;n1;S4;C;3;SAO PAULO;SP;06/2023;3.002.660;2.769.007;2.463.439;2.221.046;539.221;21.985;4;0
COOPERATIVA DE CRÉDITO, POUPANÇA E INVESTIMENTO DA REGIÃO ALTOS DA SERRA - SICREDI ALTOS DA SERRA RS/SC;92555150;b3S;S4;I;2;TAPEJARA;RS;06/2023;2.971.834;1.742.546;2.613.961;1.626.246;357.872;29.722;0;37
COOPERATIVA CENTRAL DE CRÉDITO E INVESTIMENTO COM INTERAÇÃO SOLIDÁRIA - CENTRAL CRESOL SICOPER;21198087;b3C;S4;I;2;PASSO FUNDO;RS;06/2023;2.964.048;52.765;2.780.141;1.522.949;183.907;1.311;0;0
COOPERATIVA DE CRÉDITO, POUPANÇA E INVESTIMENTO SUL RIOGRANDENSE - SICREDI UNIÃO METROPOLITANA RS;92796564;b3S;S4;I;2;PORTO ALEGRE;RS;06/2023;2.962.127;1.564.446;2.736.723;2.431.169;225.404;22.009;0;26
COOPERATIVA DE CRÉDITO, POUPANÇA E INVESTIMENTO DAS REGIÕES CENTRO DO RS E MG - SICREDI REGIÃO CENTRO RS/MG;95594941;b3S;S4;I;2;SANTA MARIA;RS;06/2023;2.957.093;1.752.979;2.461.390;1.777.044;495.704;52.641;0;39
COOPERATIVA DE CRÉDITO, POUPANÇA E INVESTIMENTO INTERESTADOS - SICREDI INTERESTADOS RS/ES;90497256;b3S;S4;I;2;PELOTAS;RS;06/2023;2.947.347;1.457.576;2.565.651;1.853.242;381.696;60.973;0;30
COOPERATIVA DE CREDITO, POUPANÇA E INVESTIMENTO ALIANÇA - SICREDI ALIANÇA PR/SP;79052122;b3S;S4;I;2;MARECHAL CANDIDO RONDON;PR;06/2023;2.912.681;1.964.876;2.570.198;1.604.809;342.483;27.992;0;34
COOPERATIVA DE CRÉDITO DO VALE DO ITAJAÍ E LITORAL CATARINENSE - SICREDI VALE LITORAL SC;10348181;b3S;S4;I;2;ITAPEMA;SC;06/2023;2.892.955;1.746.461;2.572.494;2.254.920;320.461;44.324;0;29
AGÊNCIA DE FOMENTO DO PARANÁ S.A.;3584906;n1;S4;C;1;CURITIBA;PR;06/2023;2.892.851;1.351.177;549.031;417.875;2.343.820;96.320;2;0
COOPERATIVA CENTRAL DE CRÉDITO RURAL COM INTERAÇÃO SOLIDÁRIA -  CRESOL CENTRAL BRASIL;7202627;b3C;S4;I;2;CHAPECO;SC;06/2023;2.862.329;114.412;2.715.864;1.470.711;146.465;0;0;0
COOPERATIVA DE CRÉDITO, POUPANÇA E INVESTIMENTO OURO BRANCO - SICREDI OURO BRANCO RS/MG;87853206;b3S;S4;I;2;TEUTONIA;RS;06/2023;2.835.569;1.686.704;2.389.540;1.800.475;446.029;60.801;0;26
COOPERATIVA DE CRÉDITO, POUPANÇA E INVESTIMENTO REGIÕES DAS CULTURAS - SICREDI DAS CULTURAS RS/MG;90729369;b3S;S4;I;2;IJUI;RS;06/2023;2.833.540;1.692.357;2.386.898;1.570.492;446.642;53.462;0;26
BANCO YAMAHA MOTOR DO BRASIL S.A.;10371492;b1;S4;C;3;GUARULHOS;SP;06/2023;2.815.981;2.616.301;2.453.037;2.263.361;362.943;-21.660;2;0
COOPERATIVA DE CRÉDITO, POUPANÇA E INVESTIMENTO DE LAJEADO - SICREDI INTEGRAÇÃO RS/MG;91159764;b3S;S4;I;2;LAJEADO;RS;06/2023;2.807.383;1.450.079;2.421.905;2.158.945;385.478;49.892;0;27
COOPERATIVA DE CRÉDITO, POUPANÇA E INVESTIMENTO SICREDI EVOLUÇÃO - SICREDI EVOLUÇÃO;35571249;b3S;S5;I;2;JOAO PESSOA;PB;06/2023;2.803.352;1.662.528;2.283.215;2.037.541;520.137;34.044;0;31
COOPERATIVA CENTRAL DE CRÉDITO UNICRED GERAÇÃO LTDA. - UNICRED CENTRAL GERAÇÃO;1634601;b3C;S4;I;2;PORTO ALEGRE;RS;06/2023;2.796.529;0;2.639.929;0;156.600;2.017;0;0
COOPERATIVA DE CRÉDITO, POUPANÇA E INVESTIMENTO DO NOROESTE DE MATO GROSSO, ACRE E AMAZONAS - SICREDI BIOMAS;33022690;b3S;S4;I;2;ARAPUTANGA;MT;06/2023;2.762.160;1.567.061;2.479.518;1.144.131;282.642;7.424;0;29
COOPERATIVA DE CRÉDITO SICOOB ENGECRED LTDA.;4388688;b3S;S5;I;2;GOIANIA;GO;06/2023;2.751.631;1.314.354;2.384.990;1.803.877;366.642;34.437;0;12
BADESUL DESENVOLVIMENTO S.A - AGÊNCIA DE FOMENTO/RS;2885855;n1;S4;I;1;PORTO ALEGRE;RS;06/2023;2.718.553;2.150.369;1.875.602;1.689.247;842.951;13.539;2;0
ABN AMRO;52302;b1;S4;C;3;SAO PAULO;SP;06/2023;2.700.552;0;2.078.828;749.564;621.724;22.248;4;0
COOPERATIVA DE CRÉDITO DE LIVRE ADMISSÃO DE ASSOCIADOS DO ALTO URUGUAI CATARINENSE - SICOOB CREDIAUC;78840071;b3S;S5;I;2;CONCORDIA;SC;06/2023;2.674.624;1.652.132;2.364.094;1.818.301;310.530;22.104;0;29
COOPERATIVA DE CRÉDITO, POUPANÇA E INVESTIMENTO DO NORTE E NORDESTE DE SANTA CATARINA - SICREDI NORTE SC;2843443;b3S;S4;I;2;JOINVILLE;SC;06/2023;2.650.280;1.665.138;2.293.801;2.041.931;356.480;47.428;0;29
NOVO BANCO CONTINENTAL S.A. - BANCO MÚLTIPLO;74828799;b1;S4;I;3;PORTO ALEGRE;RS;06/2023;2.636.168;2.114.274;2.385.319;2.269.597;250.849;-6.401;4;0
COOPERATIVA DE CRÉDITO, POUPANÇA E INVESTIMENTO DO PLANALTO CENTRAL - SICREDI PLANALTO CENTRAL;10736214;b3S;S4;I;2;CRISTALINA;GO;06/2023;2.605.612;1.231.947;2.292.776;1.612.560;312.836;29.099;0;30
COOPERATIVA DE CRÉDITO, POUPANÇA E INVESTIMENTO ESSÊNCIA RS/ES - SICREDI ESSÊNCIA;87733077;b3S;S4;I;2;ITAQUI;RS;06/2023;2.572.205;1.576.851;2.095.365;1.326.086;476.841;5.086;0;17
COOPERATIVA DE CREDITO, POUPANÇA E INVESTIMENTO PARQUE DAS ARAUCARIAS - SICREDI PARQUE DAS ARAUCARIAS PR/SC/SP;82065285;b3S;S4;I;2;MARIOPOLIS;PR;06/2023;2.571.124;1.467.340;2.317.126;1.641.467;253.998;26.854;0;43
COOPERATIVA DE CRÉDITO DE LIVRE ADMISSÃO DE ASSOCIADOS DO VALE DO CANOINHAS - SICOOB CREDICANOINHAS/SC;78834975;b3S;S5;I;2;CANOINHAS;SC;06/2023;2.564.211;1.419.157;2.290.572;1.876.987;273.639;45.238;0;38
BANCO LUSO BRASILEIRO S.A.;59118133;b1;S4;I;3;SAO PAULO;SP;06/2023;2.561.940;2.018.388;2.299.528;2.100.378;262.412;19.191;2;0
COOPERATIVA DE CRÉDITO, POUPANÇA E INVESTIMENTO INTEGRAÇÃO DE ESTADOS DO RIO GRANDE DO SUL, SANTA CATARINA E MINAS GERAIS - SICREDI INTEGRAÇÃO DE ESTADOS RS/SC/MG;87781530;b3S;S4;I;2;PASSO FUNDO;RS;06/2023;2.552.073;1.600.325;2.224.741;1.464.500;327.332;42.644;0;25
BANCO IBM S.A.;34270520;b2;S4;I;3;RIO DE JANEIRO;RJ;06/2023;2.539.348;1.968.785;2.091.993;1.780.723;447.356;20.024;2;0
HUB INSTITUIÇÃO DE PAGAMENTO S.A.;13884775;n4;;I;2;BARUERI;SP;06/2023;2.519.860;324;2.124.867;182.288;394.993;34.750;1;0
COOPERATIVA DE CRÉDITO, POUPANÇA E INVESTIMENTO DE IBIRAIARAS - SICREDI IBIRAIARAS RS/MG;89990501;b3S;S4;I;2;IBIRAIARAS;RS;06/2023;2.515.838;1.626.837;2.075.489;1.463.992;440.349;51.037;0;30
COOPERATIVA DE CRÉDITO, POUPANÇA E INVESTIMENTO DE CAMPO GRANDE E REGIÃO - SICREDI CAMPO GRANDE MS;3042597;b3S;S4;I;2;CAMPO GRANDE;MS;06/2023;2.511.122;1.353.332;2.195.984;1.301.089;315.137;29.959;0;19
CONFEDERAÇÃO NACIONAL DAS COOPERATIVAS CENTRAIS DE CRÉDITO E ECONOMIA FAMILIAR E SOLIDÁRIA - CRESOL CONFEDERAÇÃO;10398952;b3C;S4;I;2;FLORIANOPOLIS;SC;06/2023;2.508.197;52.370;2.399.021;75.228;109.177;85;0;0
COOPERATIVA CENTRAL DE ECONOMIA E CRÉDITO SICOOB UNIMAIS RIO LTDA.;14568725;b3C;S4;I;2;RIO DE JANEIRO;RJ;06/2023;2.491.667;8.067;2.340.314;0;151.353;3.469;0;6
COOPERATIVA DE CREDITO, POUPANCA E INVESTIMENTO IGUACU - SICREDI IGUACU PR/SC/SP;84974278;b3S;S4;I;2;SAO JOAO;PR;06/2023;2.490.424;1.531.552;2.115.578;1.467.299;374.846;46.676;0;30
COOPERATIVA DE ECONOMIA E CREDITO MUTUO DOS MEDICOS DE PORTO ALEGRE LTDA-UNICRED PORTO ALEGRE;94433109;b3S;S5;I;2;PORTO ALEGRE;RS;06/2023;2.439.305;1.556.276;2.152.714;1.989.824;286.592;11.207;0;34
BANCO TOPÁZIO S.A.;7679404;b1;S4;I;3;PORTO ALEGRE;RS;06/2023;2.423.362;626.839;2.191.012;1.106.627;232.351;30.035;2;0
COOPERATIVA DE CRÉDITO COOPERMAIS - SICOOB COOPERMAIS;31804966;b3S;S5;I;2;SANTA MARIA DE JETIBA;ES;06/2023;2.389.072;1.383.877;2.011.998;1.772.016;377.074;47.206;0;23
BANCO KDB DO BRASIL S.A.;7656500;b1;S4;C;3;SAO PAULO;SP;06/2023;2.346.850;245.748;1.910.243;1.660.371;436.607;40.120;2;0
COOPERATIVA DE CRÉDITO UNICRED CENTRO-SUL LTDA - UNICRED CENTRO-SUL;75847;b3S;S5;I;2;CRICIUMA;SC;06/2023;2.300.730;1.187.838;2.068.439;1.965.623;232.291;15.719;0;19
COOPERATIVA DE CRÉDITO DE LIVRE ADMISSÃO DO CENTRO NORTE BRASILEIRO;2282709;b3S;S5;I;2;ANAPOLIS;GO;06/2023;2.293.924;1.657.259;2.047.706;1.319.545;246.217;18.554;0;43
COOPERATIVA DE CRÉDITO UNICRED UNIÃO LTDA - UNICRED UNIÃO;74114042;b3S;S5;I;2;ITAJAI;SC;06/2023;2.227.770;1.251.441;2.001.470;1.885.406;226.300;11.099;0;21
GRANITO INSTITUIÇÃO DE PAGAMENTO S.A.;22177858;n4;;I;2;BARUERI;SP;06/2023;2.207.586;0;2.257.271;1.474.065;-49.684;-54.108;1;0
CREDSYSTEM INSTITUIÇÃO DE PAGAMENTO LTDA;4670195;n4;S5;C;2;BARUERI;SP;06/2023;2.205.731;1.607.318;1.883.441;247;322.290;33.827;1;0
COOPERATIVA DE CRÉDITO, POUPANÇA E INVESTIMENTO INTEGRAÇÃO DO SUL DE MATO GROSSO, AMAPÁ E PARÁ - SICREDI INTEGRAÇÃO MT/AP/PA;26549311;b3S;S4;I;2;RONDONOPOLIS;MT;06/2023;2.187.933;1.096.406;1.932.341;1.311.741;255.592;15.236;0;25
COOPERATIVA DE CRÉDITO, POUPANÇA E INVESTIMENTO PROGRESSO - SICREDI PROGRESSO PR/SP;76059997;b3S;S4;I;2;TOLEDO;PR;06/2023;2.185.347;1.404.586;1.955.864;1.324.837;229.483;8.296;0;24
COOPERATIVA DE CRÉDITO, POUPANÇA E INVESTIMENTO RAÍZES - SICREDI RAÍZES RS/SC/MG;88099247;b3S;S4;I;2;CAMPO NOVO;RS;06/2023;2.164.780;1.329.567;1.758.393;1.236.164;406.388;49.286;0;38
COOPERATIVA DE CRÉDITO, POUPANÇA E INVESTIMENTO BOTUCARAÍ - SICREDI BOTUCARAÍ RS/MG;87900601;b3S;S4;I;2;SOLEDADE;RS;06/2023;2.148.019;1.406.336;1.836.374;1.154.451;311.645;24.766;0;22
COOPERATIVA DE CRÉDITO, POUPANÇA E INVESTIMENTO DO SUL DO ESTADO DE SANTA CATARINA - SICREDI SUL SC;3793242;b3S;S4;I;2;CRICIUMA;SC;06/2023;2.137.778;1.010.662;1.937.817;1.654.897;199.961;20.332;0;19
COOPERATIVA DE CRÉDITO DE LIVRE ADMISSÃO DO PONTAL DO TRIANGULO LTDA - SICOOB CREDIPONTAL;26178533;b3S;S5;I;2;ITUIUTABA;MG;06/2023;2.136.216;1.400.853;1.927.740;1.102.010;208.476;26.595;0;10
COOPERATIVA DE CRÉDITO AGROCREDI LTDA. - SICOOB AGROCREDI;42873828;b3S;S4;I;2;GUAXUPE;MG;06/2023;2.135.724;821.961;1.703.189;1.463.997;432.534;57.516;0;27
ANDBANK;51949;b1;S4;C;3;SAO PAULO;SP;06/2023;2.135.555;1.134.665;1.733.129;1.660.954;402.426;-20.888;4;2
ICBC DO BRASIL BANCO MÚLTIPLO S.A.;17453575;b1;S4;I;3;SAO PAULO;SP;06/2023;2.121.221;708.971;1.980.287;1.722.047;140.934;-23.802;2;0
COOPERATIVA DE CRÉDITO ROTA DAS TERRAS - SICREDI ROTA DAS TERRAS RS/MG;87510475;b3S;S4;I;2;TAPERA;RS;06/2023;2.118.048;1.486.802;1.795.319;858.748;322.729;27.038;0;18
COOPERATIVA DE CRÉDITO, POUPANÇA E INVESTIMENTO CENTRO SUL - SICREDI CENTRO SUL PR/SC/RJ;78907607;b3S;S4;I;2;PRUDENTOPOLIS;PR;06/2023;2.088.811;1.401.126;1.845.372;1.155.270;243.439;30.985;0;30
COOPERATIVA DE CREDITO DE LIVRE ADMISSÃO DE ASSOCIADOS ITAIPU SICOOB CREDITAIPU;81014060;b3S;S5;I;2;PINHALZINHO;SC;06/2023;2.069.483;1.081.389;1.804.577;1.385.587;264.906;20.122;0;23
COOPERATIVA CENTRAL DE CRÉDITO, POUPANÇA E INVESTIMENTO DE MATO GROSSO DO SUL, GOIÁS, DISTRITO FEDERAL E TOCANTINS - CENTRAL SICREDI BRASIL CENTRAL;33737818;b3C;S4;I;2;GOIANIA;GO;06/2023;2.063.022;0;1.827.713;0;235.309;4.675;0;0
BANCO OURINVEST S.A.;78632767;b1;S4;I;2;SAO PAULO;SP;06/2023;2.049.650;82.692;1.855.873;430.632;193.778;57.058;2;0
SICREDI EXPANSÃO - COOPERATIVA DE CRÉDITO;41180092;b3S;S5;I;2;MACEIO;AL;06/2023;2.035.948;1.314.933;1.752.907;1.611.785;283.040;2.532;0;36
SHPP BRASIL INSTITUIÇÃO DE PAGAMENTO E SERVIÇOS DE PAGAMENTOS LTDA.;38372267;n4;;I;3;SAO PAULO;SP;06/2023;2.035.341;0;1.954.462;265.649;80.879;-5.773;1;0
COOPERATIVA DE CRÉDITO, POUPANÇA E INVESTIMENTO NOROESTE RS/MG - SICREDI NOROESTE RS/MG;89049738;b3S;S4;I;2;TRES DE MAIO;RS;06/2023;2.026.795;1.135.747;1.581.695;1.141.568;445.101;52.105;0;18
BANCO INBURSA S.A.;4866275;b1;S4;I;3;SAO PAULO;SP;06/2023;1.989.574;1.776.756;1.672.569;1.653.933;317.004;-53.367;2;1
COOPECREDI GUARIBA - COOPERATIVA DE CREDITO;44469161;b3S;S4;I;2;GUARIBA;SP;06/2023;1.983.443;595.269;1.614.135;1.454.145;369.308;25.958;0;9
BANCO RANDON S.A.;11476673;b2;S4;C;2;CAXIAS DO SUL;RS;06/2023;1.963.323;1.829.054;1.616.335;1.589.368;346.987;7.972;2;0
COOPERATIVA DE CRÉDITO, POUPANÇA E INVESTIMENTO NOVOS HORIZONTES - SICREDI NOVOS HORIZONTES PR/SP;7206072;b3S;S4;I;2;ARAPOTI;PR;06/2023;1.942.424;886.178;1.763.708;1.331.690;178.716;20.122;0;21
COOPERATIVA DE CRÉDITO DE LIVRE ADMISSÃO DE ASSOCIADOS AURIVERDE -  SICOOB - CREDIAL SC/RS;78858107;b3S;S5;I;2;CUNHA PORA;SC;06/2023;1.934.623;906.376;1.654.114;1.404.749;280.509;30.585;0;16
COOPERATIVA DE CRÉDITO POUPANÇA E INVESTIMENTO PANTANAL DO MATO GROSSO DO SUL - SICREDI PANTANAL MS;26408187;b3S;S4;I;2;MARACAJU;MS;06/2023;1.909.847;816.284;1.573.391;761.269;336.456;48.962;0;9
COOPERATIVA DE CRÉDITO SICOOB OURO VERDE;5582619;b3S;S5;I;2;LONDRINA;PR;06/2023;1.885.619;1.136.416;1.710.873;1.397.109;174.745;5.128;0;67
DOCK INSTITUIÇÃO DE PAGAMENTO S.A.;13370835;n4;;I;2;BARUERI;SP;06/2023;1.878.351;0;1.754.495;1.502.150;123.855;17.881;1;0
COOPERATIVA DE CRÉDITO DE LIVRE ADMISSÃO DO MÉDIO PIRACICABA E DO CIRCUITO DO OURO LTDA. - SICOOB CREDIMEPI;1644264;b3S;S5;I;2;JOAO MONLEVADE;MG;06/2023;1.871.986;947.566;1.643.837;1.569.528;228.149;31.147;0;27
COOPERATIVA DE CRÉDITO, POUPANÇA E INVESTIMENTO DO VALE DO RIO PARDO - SICREDI VALE DO RIO PARDO RS;95424891;b3S;S4;I;2;SANTA CRUZ DO SUL;RS;06/2023;1.859.969;1.086.373;1.574.283;1.318.096;285.686;25.946;0;15
COOPERATIVA DE CREDITO DO ALTO PARANAIBA E REGIÃO LTDA. - SICOOB CREDIPATOS;25387671;b3S;S5;I;2;PATOS DE MINAS;MG;06/2023;1.846.811;1.433.554;1.610.821;988.759;235.990;28.124;0;17
COOPERATIVA DE CRÉDITO DE LIVRE ADMISSÃO DE ASSOCIADOS SUL CATARINENSE - SICOOB CREDISULCA SC;81367880;b3S;S5;I;2;TURVO;SC;06/2023;1.844.487;868.254;1.579.440;1.352.583;265.047;39.309;0;26
COOPERATIVA DE CRÉDITO SICOOB VALE SUL;2466552;b3S;S5;I;2;FRANCISCO BELTRAO;PR;06/2023;1.820.671;1.174.567;1.622.355;1.202.075;198.316;27.847;0;40
COOPERATIVA DE CRÉDITO CREDIVAR LTDA. - SICOOB CREDIVAR;25798596;b3S;S5;I;2;VARGINHA;MG;06/2023;1.800.678;1.044.769;1.544.004;1.337.180;256.674;33.860;0;28
HP FINANCIAL SERVICES ARRENDAMENTO MERCANTIL S.A.;97406706;n1;S4;I;3;BARUERI;SP;06/2023;1.796.938;1.668.634;917.597;723.955;879.340;33.522;4;0
COOPERATIVA DE CRÉDITO, POUPANÇA E INVESTIMENTO DO NORTE DO PARANÁ E SUL DE SÃO PAULO - SICREDI NORTE SUL PR/SP;79063574;b3S;S4;I;2;SANTO ANTONIO DA PLATINA;PR;06/2023;1.774.860;1.008.256;1.578.074;1.025.941;196.786;23.396;0;27
COOPERATIVA DE CRÉDITO, POUPANÇA E INVESTIMENTO NOSSA TERRA - SICREDI NOSSA TERRA PR/SP;81192106;b3S;S4;I;2;CAFELANDIA;PR;06/2023;1.767.558;1.173.996;1.584.709;966.250;182.849;6.875;0;28
COOPERATIVA DE CRÉDITO, POUPANÇA E INVESTIMENTO RIO PARANÁ - SICREDI RIO PARANÁ;81206039;b3S;S4;I;2;NOVA LONDRINA;PR;06/2023;1.745.629;1.039.266;1.509.339;1.000.654;236.290;29.304;0;32
CAIXA GERAL;51815;b1;S4;C;3;SAO PAULO;SP;06/2023;1.710.984;556.758;1.405.163;1.286.249;305.820;2.307;4;0
COOPERATIVA DE CRÉDITO, POUPANÇA E INVESTIMENTO CENTRO SERRA - SICREDI CENTRO SERRA RS;87067757;b3S;S4;I;2;AGUDO;RS;06/2023;1.705.467;854.809;1.326.404;1.001.496;379.062;52.134;0;15
BANCO PAULISTA S.A.;61820817;b1;S4;C;2;SAO PAULO;SP;06/2023;1.705.003;1.105.947;1.520.189;1.423.397;184.814;-4.556;2;0
COOPERATIVA DE CREDITO CREDIROCHAS - SICOOB CREDIROCHAS;3358914;b3S;S5;I;2;CACHOEIRO DE ITAPEMIRIM;ES;06/2023;1.696.692;1.137.105;1.470.314;1.398.085;226.378;23.085;0;23
COOPERATIVA DE CRÉDITO CENTRO LESTE - SICREDI CENTRO LESTE RS;88471024;b3S;S4;I;2;CACHOEIRA DO SUL;RS;06/2023;1.682.660;941.464;1.451.982;1.078.762;230.677;37.046;0;21
AME DIGITAL BRASIL INSTITUICAO DE PAGAMENTO LTDA;32778350;n4;S5;C;2;SAO PAULO;SP;06/2023;1.679.517;0;1.386.621;380.125;292.897;-136.262;1;0
COOPERATIVA DE CRÉDITO, POUPANÇA E INVESTIMENTO CAMINHO DAS ÁGUAS RS - SICREDI CAMINHO DAS ÁGUAS RS;95213211;b3S;S4;I;2;ROLANTE;RS;06/2023;1.665.572;1.126.320;1.530.398;1.255.162;135.175;10.600;0;27
COOPERATIVA DE CRÉDITO UNICRED CENTRAL MULTIRREGIONAL LTDA. - UCM;184068;b3C;S4;I;2;BELO HORIZONTE;MG;06/2023;1.663.388;46.783;1.556.800;0;106.588;480;0;0
COOPERATIVA DE CRÉDITO DE LIVRE ADMISSÃO DE ASSOCIADOS OESTE CATARINENSE;78825023;b3S;S5;I;2;PALMITOS;SC;06/2023;1.661.440;832.646;1.486.854;1.138.044;174.586;15.251;0;18
COOPERATIVA DE CRÉDITO, POUPANÇA E INVESTIMENTO DE ESPUMOSO - SICREDI ESPUMOSO RS/MG;87900411;b3S;S4;I;2;ESPUMOSO;RS;06/2023;1.657.248;1.025.312;1.303.443;679.138;353.806;33.832;0;20
COOPERATIVA DE CREDITO E INVESTIMENTO COM INTERACAO SOLIDARIA PIONEIRA - CRESOL PIONEIRA;971300;b3S;S5;I;2;DOIS VIZINHOS;PR;06/2023;1.646.048;1.290.934;1.412.285;647.361;233.763;33.223;0;29
BRAZA BANK S.A. BANCO DE CÂMBIO;19307785;b2;S4;I;2;CURITIBA;PR;06/2023;1.644.736;0;1.589.754;15.487;54.982;-6.806;3;0
COOPERATIVA DE CRÉDITO COCRE;54401286;b3S;S4;I;2;PIRACICABA;SP;06/2023;1.622.596;712.719;1.451.253;1.265.112;171.344;16.612;0;27
CENTRAL DAS COOPERATIVAS DE CRÉDITO DO ESTADO DE SÃO PAULO - SICOOB CENTRAL CECRESP;62931522;b3C;S4;I;2;SAO PAULO;SP;06/2023;1.621.550;13.089;1.411.269;1.212.435;210.281;9.007;0;0
COOPERATIVA DE CRÉDITO DE LIVRE ADMISSÃO DA REGIÃO CENTRAL E OESTE MINEIRO LTDA. - SICOOB DIVICRED;1736516;b3S;S5;I;2;DIVINOPOLIS;MG;06/2023;1.621.037;912.015;1.452.228;1.407.064;168.809;25.501;0;29
COOPERATIVA DE CRÉDITO, POUPANÇA E INVESTIMENTO SUL MINAS DO RIO GRANDE DO SUL E MINAS GERAIS - SICREDI SUL MINAS RS/MG.;87784088;b3S;S4;I;2;ESTACAO;RS;06/2023;1.612.771;733.615;1.429.533;942.994;183.238;8.576;0;19
COOPERATIVA DE CRÉDITO DE CASCAVEL E REGIÃO - SICOOB CREDICAPITAL;4529074;b3S;S5;I;2;CASCAVEL;PR;06/2023;1.612.011;1.026.784;1.472.858;1.188.925;139.153;-21.482;0;47
COOPERATIVA DE CRÉDITO UNICRED DESBRAVADORA LTDA - UNICRED DESBRAVADORA;1039011;b3S;S5;I;2;CHAPECO;SC;06/2023;1.594.584;1.046.733;1.440.841;1.367.609;153.743;1.837;0;22
COOPERATIVA DE CRÉDITO DO NORTE CATARINENSE E SUL PARANAENSE - SICOOB CREDINORTE;81011686;b3S;S5;I;2;MAFRA;SC;06/2023;1.593.106;926.357;1.409.954;1.047.351;183.152;21.363;0;15
COOPERATIVA DE CRÉDITO LITORÂNEA;85291086;b3S;S5;I;2;JACINTO MACHADO;SC;06/2023;1.590.314;912.284;1.381.915;1.179.524;208.398;36.246;0;15
COOPERATIVA DE CRÉDITO, POUPANÇA E INVESTIMENTO DO CERRADO DE GOIÁS - SICREDI CERRADO GO;6332931;b3S;S4;I;2;GOIANIA;GO;06/2023;1.580.677;943.575;1.390.074;900.316;190.603;9.280;0;23
BARIGUI;51774;b1;S4;C;2;CURITIBA;PR;06/2023;1.576.624;1.176.706;1.424.635;1.373.044;151.989;4.769;4;0
COOPERATIVA DE CRÉDITO DOS MÉDICOS, PROFISSIONAIS DA SAÚDE E EMPRESÁRIOS DE MATO GROSSO;36900256;b3S;S5;I;2;CUIABA;MT;06/2023;1.574.027;1.023.460;1.349.327;1.241.214;224.701;21.380;0;16
COOPERATIVA DE CRÉDITO DE LIVRE ADMISSÃO DA ZONA DA MATA LTDA   SICOOB COOPEMATA;2335109;b3S;S5;I;2;CATAGUASES;MG;06/2023;1.569.793;1.076.912;1.346.556;1.208.952;223.237;18.498;0;31
COOPERATIVA DE CRÉDITO DA REGIÃO MERIDIONAL DO BRASIL - SICOOB UNICOOB MERIDIONAL;5392810;b3S;S5;I;2;TOLEDO;PR;06/2023;1.568.995;938.187;1.400.977;1.153.444;168.018;12.018;0;29
CENTRAL DAS COOPERATIVAS DE CRÉDITO DOS ESTADOS DE MATO GROSSO, MATO GROSSO DO SUL E DO MUNICÍPIO DE CACOAL/RO - SICOOB CENTRAL RONDON;106180;b3C;S4;I;2;CUIABA;MT;06/2023;1.552.861;5.966;1.455.746;0;97.115;397;0;2
CONFIDENCE;51671;b2;S4;C;3;SAO PAULO;SP;06/2023;1.551.703;32.379;1.296.278;275.704;255.425;29.575;20;0
MONEY PLUS;52137;n1;S5;C;2;SAO PAULO;SP;06/2023;1.547.286;52.502;1.365.139;1.149.448;182.146;61.983;4;0
UBS;51877;b2;S4;C;3;SAO PAULO;SP;06/2023;1.537.108;0;963.843;3.901;573.265;18.313;5;0
COOPERATIVA DE CRÉDITO DE LIVRE ADMISSÃO DE ASSOCIADOS DO VALE DO VINHO - SICOOB VALE DO VINHO;81016131;b3S;S5;I;2;VIDEIRA;SC;06/2023;1.536.236;898.499;1.341.622;1.003.360;194.613;16.645;0;33
COOPERATIVA DE CRÉDITO DE LIVRE ADMISSÃO DO MÉDIO LESTE DE MATO GROSSO - SICOOB PRIMAVERA MT;5241619;b3S;S5;I;2;PRIMAVERA DO LESTE;MT;06/2023;1.532.645;897.769;1.366.356;1.062.342;166.289;3.701;0;17
COOPERATIVA DE CREDITO DE LIVRE ADMISSÃO DO SUL DE MINAS LTDA - SICOOB CREDIVASS;1604998;b3S;S5;I;2;SAO GONCALO DO SAPUCAI;MG;06/2023;1.532.061;787.913;1.348.186;1.121.178;183.875;26.789;0;40
SUMUP INSTITUICAO DE PAGAMENTO BRASIL LTDA;16668076;n4;S5;C;3;SAO PAULO;SP;06/2023;1.531.129;0;1.243.935;80.730;287.195;61.999;1;0
COOPERATIVA DE ECONOMIA E CRÉDITO MÚTUO UNICRED INTEGRAÇÃO LTDA.;73750424;b3S;S5;I;2;CAXIAS DO SUL;RS;06/2023;1.523.666;870.146;1.372.148;1.300.701;151.518;1.013;0;17
PRIMACREDI COOPERATIVA DE CRÉDITO DE PRIMAVERA DO LESTE;26563270;b3S;S5;I;2;PRIMAVERA DO LESTE;MT;06/2023;1.507.022;757.033;1.360.804;1.342.753;146.218;5.401;0;5
COOPERATIVA DE CREDITO DO CENTRO DO ESTADO DE RONDONIA - SICOOB CENTRO;8044854;b3S;S5;I;2;JI-PARANA;RO;06/2023;1.497.353;1.056.913;1.297.360;764.551;199.993;18.616;0;20
COOPERATIVA DE CRÉDITO, POUPANÇA E INVESTIMENTO PARANAPANEMA PR/SP/RJ - SICREDI PARANAPANEMA PR/SP/RJ;79086997;b3S;S4;I;2;CAMBARA;PR;06/2023;1.495.800;1.099.176;1.328.345;920.145;167.455;26.579;0;34
COOPERATIVA DE CRÉDITO, POUPANÇA E INVESTIMENTO TERRA DOS PINHEIRAIS DO PARANÁ E NOROESTE PAULISTA - SICREDI PLANALTO DAS ÁGUAS PR/SP;77984870;b3S;S4;I;2;GUARAPUAVA;PR;06/2023;1.487.179;866.039;1.299.609;772.091;187.570;13.328;0;23
COOPERATIVA DE CRÉDITO CREDILIVRE LTDA. - SICOOB CREDILIVRE;41697103;b3S;S5;I;2;MANHUACU;MG;06/2023;1.486.590;753.751;1.281.992;909.441;204.598;26.935;0;21
COOPERATIVA DE CREDITO CREDICERIPA - SICOOB CREDICERIPA;966246;b3S;S4;I;2;ITAI;SP;06/2023;1.485.153;555.684;1.336.590;1.124.196;148.562;13.410;0;32
COOPERATIVA DE CRÉDITO DE EMPRESÁRIOS - SICOOB/TRANSCREDI;4247370;b3S;S5;I;2;CONCORDIA;SC;06/2023;1.457.595;993.936;1.217.496;1.186.389;240.099;35.943;0;5
COOPERATIVA DE CRÉDITO SUL - SICOOB SUL;5888589;b3S;S5;I;2;CURITIBA;PR;06/2023;1.446.830;727.771;1.265.141;1.156.371;181.689;27.438;0;40
LEASEPLAN ARRENDAMENTO MERCANTIL S.A.;4836002;n1;S4;I;3;BARUERI;SP;06/2023;1.443.974;488.767;1.098.696;927.821;345.278;32.851;2;0
TULLETT PREBON BRASIL;52027;n2;S4;C;3;SAO PAULO;SP;06/2023;1.428.930;1.798;1.322.050;41.142;106.880;7.849;7;0
COOPERATIVA DE CRÉDITO DE LIVRE ADMISSÃO DA REGIÃO METROPOLITANA DE GOIÂNIA LTDA.;7599206;b3S;S5;I;2;GOIANIA;GO;06/2023;1.425.241;1.020.681;1.113.314;927.601;311.927;52.583;0;12
S3 CACEIS BRASIL DISTRIBUIDORA DE TÍTULOS E VALORES MOBILIÁRIOS S.A.;62318407;n2;S4;I;3;SAO PAULO;SP;06/2023;1.420.830;0;244.534;0;1.176.296;68.207;2;0
COOPERATIVA DE CRÉDITO, POUPANÇA E INVESTIMENTO GRANDES LAGOS DO PARANÁ E LITORAL PAULISTA - SICREDI GRANDES LAGOS PR/SP;81115149;b3S;S4;I;2;LARANJEIRAS DO SUL;PR;06/2023;1.405.550;976.762;1.236.365;785.504;169.185;15.298;0;26
COOPERATIVA DE CRÉDITO DE LIVRE ADMISSÃO DO VALE - SICOOB CREDIVALE/SC;86829827;b3S;S5;I;2;BRACO DO NORTE;SC;06/2023;1.393.448;837.541;1.243.088;968.083;150.359;24.030;0;16
COOPERATIVA DE CRÉDITO NOROESTE DE MINAS LTDA. - SICOOB NOROESTE DE MINAS;86564051;b3S;S5;I;2;UNAI;MG;06/2023;1.381.572;739.665;1.217.556;900.444;164.016;19.133;0;6
BANCO DE DESENVOLVIMENTO DO ESPIRITO SANTO S.A.;28145829;b4;S4;I;1;VITORIA;ES;06/2023;1.377.337;439.106;951.373;517.986;425.963;39.428;2;0
COOPERATIVA DE CRÉDITO DE LIVRE ADMISSÃO DA REGIÃO DO CIRCUITO CAMPOS DAS VERTENTES LTDA - SICOOB COPERMEC;2232383;b3S;S5;I;2;CLAUDIO;MG;06/2023;1.360.950;652.411;1.184.739;1.124.599;176.211;21.431;0;20
COOPERATIVA DE CRÉDITO, POUPANÇA E INVESTIMENTO INTEGRAÇÃO - SICREDI INTEGRAÇÃO PR/SC;81054686;b3S;S4;I;2;LAPA;PR;06/2023;1.359.991;542.467;1.209.166;913.758;150.826;18.893;0;24
COOPERATIVA DE CRÉDITO ALTO VALE DO ITAJAÍ - SICOOB ALTO VALE;80959612;b3S;S5;I;2;RIO DO SUL;SC;06/2023;1.348.882;723.927;1.205.102;1.005.726;143.780;24.495;0;26
COOPERATIVA DE CRÉDITO DE LIVRE ADMISSÃO DO OESTE MINEIRO LTDA. - SICOOB CREDICOPA;71297899;b3S;S5;I;2;PATOS DE MINAS;MG;06/2023;1.342.796;814.000;1.125.292;952.026;217.504;32.840;0;11
SICREDI CEARÁ - COOPERATIVA DE CRÉDITO DO ESTADO DO CEARÁ;72257793;b3S;S5;I;2;FORTALEZA;CE;06/2023;1.340.230;609.391;1.161.909;1.025.163;178.321;4.188;0;24
COOPERATIVA DE CRÉDITO, POUPANÇA E INVESTIMENTO VALE DO JAGUARI E ZONA DA MATA - SICREDI VALE DO JAGUARI E ZONA DA MATA RS/MG;87780284;b3S;S4;I;2;SANTIAGO;RS;06/2023;1.331.422;879.896;1.006.082;536.046;325.339;26.138;0;25
COOPERATIVA DE CRÉDITO DOS EMPRESÁRIOS E EMPREGADOS DOS TRANSPORTES E CORREIOS DO SUL DO BRASIL - TRANSPOCRED;8075352;b3S;S5;I;2;FLORIANOPOLIS;SC;06/2023;1.326.781;1.115.636;1.168.911;877.604;157.869;14.399;0;38
COOPERATIVA DE CRÉDITO DOS MÉDICOS, DENTISTAS, PROFISSIONAIS DA ÁREA DE SAÚDE E DE LIVRE ADMISSÃO DO ESTADO DE SÃO PAULO LTDA. - UNICRED DO ESTADO DE SÃO PAULO;71884498;b3S;S5;I;2;CAMPINAS;SP;06/2023;1.322.793;775.601;1.133.538;1.074.995;189.255;9.549;0;30
BANCO KEB HANA DO BRASIL S.A.;2318507;b1;S4;I;3;SAO PAULO;SP;06/2023;1.309.806;214.818;1.131.915;1.089.639;177.891;8.280;2;0
COOPERATIVA DE CRÉDITO UNICRED VALE LTDA - UNICRED VALE;73443863;b3S;S5;I;2;BLUMENAU;SC;06/2023;1.303.266;778.674;1.186.468;1.124.285;116.798;601;0;17
COOPERATIVA DE CRÉDITO CREDIGUAÇU - SICOOB CREDIGUAÇU;67960229;b3S;S4;I;2;DESCALVADO;SP;06/2023;1.301.522;655.787;1.119.035;1.092.060;182.487;18.622;0;36
BANCO RIBEIRAO PRETO S.A.;517645;b1;S4;I;3;RIBEIRAO PRETO;SP;06/2023;1.294.433;628.861;1.082.326;1.061.796;212.107;9.657;2;0
AGÊNCIA DE FOMENTO DO ESTADO DE SANTA CATARINA S.A.-BADESC;82937293;n1;S4;C;1;FLORIANOPOLIS;SC;06/2023;1.293.878;828.450;444.970;342.050;848.908;32.859;2;0
CREDISIS - CENTRAL DE COOPERATIVAS DE CRÉDITO LTDA.;4632856;b3C;S4;I;2;JI-PARANA;RO;06/2023;1.292.222;0;1.210.803;110.506;81.418;10.926;0;0
COOPERATIVA DE CRÉDITO E INVESTIMENTO COM INTERAÇÃO SOLIDÁRIA DO VALE EUROPEU - CRESOL VALE EUROPEU;7512780;b3S;S5;I;2;AGUAS MORNAS;SC;06/2023;1.275.308;812.855;1.094.028;727.856;181.279;16.764;0;44
CORA SOCIEDADE DE CRÉDITO DIRETO S.A.;37880206;n1;S5;I;2;SAO PAULO;SP;06/2023;1.263.222;123.808;1.109.555;1.007.211;153.667;-5.576;2;0
BANCO GUANABARA S.A.;31880826;b1;S4;C;2;RIO DE JANEIRO;RJ;06/2023;1.254.627;920.847;1.043.685;1.019.356;210.942;21.076;3;0
COOPERATIVA DE CRÉDITO, POUPANÇA E INVESTIMENTO DA REGIÃO CENTRO OESTE PAULISTA - SICREDI CENTRO OESTE PAULISTA;4463602;b3S;S4;I;2;MARILIA;SP;06/2023;1.247.785;692.543;1.118.884;959.965;128.902;6.598;0;20
COOPERATIVA DE CRÉDITO DE LIVRE ADMISSÃO DO ALTO VALE DO ITAJAÍ - VIACREDI ALTO VALE;16779741;b3S;S5;I;2;IBIRAMA;SC;06/2023;1.211.751;916.579;1.032.288;959.879;179.463;12.425;0;26
SICOOB UNIMAIS MANTIQUEIRA - COOPERATIVA DE CRÉDITO DE LIVRE ADMISSÃO;71698674;b3S;S5;I;2;TAUBATE;SP;06/2023;1.199.551;798.444;1.075.899;1.021.180;123.652;2.816;0;25
FORTBRASIL INSTITUIÇÃO DE PAGAMENTO S/A;2732968;n4;;C;2;FORTALEZA;CE;06/2023;1.198.861;1.075.540;1.159.320;47.617;39.541;-590;1;0
CONFEDERAÇÃO NACIONAL DAS COOPERATIVAS CENTRAIS UNICRED LTDA. - UNICRED DO BRASIL.;315557;b3C;S4;I;2;SAO PAULO;SP;06/2023;1.193.307;0;996.346;0;196.960;16.253;0;1
COOPERATIVA DE CRÉDITO, POUPANÇA E INVESTIMENTO VALOR SUSTENTÁVEL - SICREDI VALOR SUSTENTÁVEL PR/SP;81706616;b3S;S4;I;2;JANDAIA DO SUL;PR;06/2023;1.182.839;787.715;1.043.300;580.346;139.538;11.089;0;20
COOPERATIVA CENTRAL DE CRÉDITO DA BAHIA LTDA - SICOOB CENTRAL BA;34148882;b3C;S4;I;2;SALVADOR;BA;06/2023;1.179.085;18.898;1.075.106;114.832;103.979;4.292;0;0
COOPERATIVA DE CRÉDITO COOPERAÇÃO - SICREDI COOPERAÇÃO;87779625;b3S;S4;I;2;NAO-ME-TOQUE;RS;06/2023;1.167.406;608.144;943.978;654.422;223.428;18.706;0;20
BANCO WOORI BANK DO BRASIL S.A.;15357060;b1;S4;I;3;SAO PAULO;SP;06/2023;1.157.135;88.734;1.054.559;1.002.403;102.576;-2.525;3;0
COOPERATIVA DE CRÉDITO COOPACREDI LTDA. - SICOOB COOPACREDI;65229254;b3S;S5;I;2;PATROCINIO;MG;06/2023;1.154.592;819.510;983.344;721.657;171.248;21.551;0;20
COOPERATIVA DE CRÉDITO DA AMAZÔNIA - SICOOB AMAZÔNIA;5203605;b3S;S5;I;2;BURITIS;RO;06/2023;1.151.245;859.828;970.938;676.646;180.307;5.041;0;28
COOPERATIVA DE CRÉDITO UNICRED EVOLUÇÃO LTDA. - UNICRED EVOLUÇÃO;1727929;b3S;S5;I;2;PATOS DE MINAS;MG;06/2023;1.148.322;828.491;994.314;931.644;154.007;19.034;0;19
BANCO SEMEAR S.A.;795423;b1;S4;I;2;BELO HORIZONTE;MG;06/2023;1.141.349;676.804;1.023.710;955.408;117.639;-1.718;2;0
COOPERATIVA DE CRÉDITO DE LIVRE ADMISSÃO DA UNIÃO DOS VALES DO PIRANGA E MATIPÓ LTDA. - SICOOB UNIÃO DOS VALES;1060307;b3S;S5;I;2;RAUL SOARES;MG;06/2023;1.136.603;691.318;1.022.879;771.713;113.724;8.772;0;37
COOPERATIVA DE CRÉDITO DE LIVRE ADMISSÃO DE ASSOCIADOS DO PLANALTO CATARINENSE SICOOB CREDIPLANALTO SC/RS;1389651;b3S;S5;I;2;PAPANDUVA;SC;06/2023;1.128.402;655.840;1.013.094;852.885;115.308;7.239;0;17
COOPERATIVA DE CRÉDITO - SICREDI RIO GRANDE DO NORTE;70038237;b3S;S5;I;2;NATAL;RN;06/2023;1.116.314;575.736;962.097;867.289;154.217;28.900;0;9
COOPERATIVA DE CRÉDITO DE LIVRE ADMISSÃO DE ITAÚNA E REGIÃO LTDA - SICOOB CENTRO-OESTE;66463407;b3S;S5;I;2;ITAUNA;MG;06/2023;1.115.222;536.751;979.105;954.643;136.117;18.797;0;8
COOPERATIVA DE CRÉDITO E INVESTIMENTO COM INTERAÇÃO SOLIDÁRIA TRADIÇÃO - CRESOL TRADIÇÃO;4350225;b3S;S5;I;2;FRANCISCO BELTRAO;PR;06/2023;1.114.642;789.519;957.782;563.666;156.861;14.127;0;20
BANCO AFINZ S.A. - BANCO MÚLTIPLO;4814563;b1;S4;C;2;BARUERI;SP;06/2023;1.111.555;458.110;1.001.163;975.168;110.392;-3.179;2;1
COOPERATIVA DE CRÉDITO E INVESTIMENTO LIBERDADE - SICREDI LIBERDADE;88530142;b3S;S4;I;2;BAGE;RS;06/2023;1.108.683;679.265;885.900;622.098;222.783;22.234;0;16
COOPERATIVA DE CRÉDITO E ECONOMIA COM INTERAÇÃO SOLIDÁRIA - CRESOL NOROESTE;2663426;b3S;S5;I;2;CONSTANTINA;RS;06/2023;1.108.379;855.241;972.642;565.456;135.737;12.122;0;32
COOPERATIVA DE CRÉDITO DO NORTE E NOROESTE DE MINAS GERAIS LTDA. - SICOOB CREDIGERAIS;698609;b3S;S5;I;2;PARACATU;MG;06/2023;1.106.910;857.635;900.066;634.483;206.844;21.469;0;22
COOPERATIVA DE CRÉDITO CREDINTER LTDA. - SICOOB CREDINTER;24048910;b3S;S5;I;2;GUARANESIA;MG;06/2023;1.096.544;809.868;952.636;716.998;143.908;12.977;0;18
BNY MELLON;51808;b1;S4;C;3;RIO DE JANEIRO;RJ;06/2023;1.087.714;0;509.950;340.674;577.765;3.171;5;0
DESENBAHIA - AGENCIA DE FOMENTO DO ESTADO DA BAHIA S.A.;15163587;n1;S4;I;1;SALVADOR;BA;06/2023;1.080.577;626.719;359.536;260.226;721.041;23.874;2;0
COOPERATIVA DE CRÉDITO SUL-LITORÂNEA DO ESPÍRITO SANTO;32474884;b3S;S5;I;2;ALFREDO CHAVES;ES;06/2023;1.048.356;644.907;856.536;789.710;191.820;26.558;0;17
CHG-MERIDIAN DO BRASIL ARRENDAMENTO MERCANTIL S.A.;18539102;n1;S4;I;3;BARUERI;SP;06/2023;1.046.249;808.338;923.056;772.879;123.193;21.367;2;0
COOPERATIVA DE CRÉDITO DE LIVRE ADMISSÃO SICOOB ARENITO;7026923;b3S;S5;I;2;UMUARAMA;PR;06/2023;1.032.819;631.042;922.195;710.006;110.624;10.691;0;28
COOPERATIVA DE CRÉDITO DE LIVRE ADMISSÃO DO NORTE DE MATO GROSSO - SICOOB NORTE MT;23623636;b3S;S5;I;2;SINOP;MT;06/2023;1.027.571;831.905;895.529;735.756;132.042;8.825;0;25
NEON;52285;n1;S4;C;2;SAO PAULO;SP;06/2023;1.024.471;733.900;909.880;809.834;114.592;6.669;4;0
COOPERATIVA DE CRÉDITO INTEGRADO - SICOOB INTEGRADO;7122321;b3S;S5;I;2;PATO BRANCO;PR;06/2023;1.022.879;521.849;929.899;803.220;92.980;10.764;0;52
COOPERATIVA DE CRÉDITO CREDICAF LTDA - SICOOB CREDICAF;25395435;b3S;S5;I;2;LAJINHA;MG;06/2023;1.021.750;684.414;881.069;544.244;140.681;13.406;0;18
VÓRTX;52364;n2;S4;C;2;SAO PAULO;SP;06/2023;1.016.973;0;985.412;952.850;31.561;14.071;6;0
COOPERATIVA DE CRÉDITO E INVESTIMENTO COM INTERAÇÃO SOLIDÁRIA FRONTEIRAS PR/SC/SP/ES - CRESOL FRONTEIRAS PR/SC/SP/ES;5276770;b3S;S5;I;2;REALEZA;PR;06/2023;998.306;742.280;842.055;442.166;156.251;16.230;0;31
COOPERATIVA DE CREDITO NOSSO - SICOOB NOSSO;59869560;b3S;S5;I;2;ADAMANTINA;SP;06/2023;985.389;552.669;861.284;708.654;124.105;16.712;0;18
COOPERATIVA DE CRÉDITO DE LIVRE ADMISSÃO DE SÃO ROQUE DE MINAS LTDA.;66402207;b3S;S5;I;2;SAO ROQUE DE MINAS;MG;06/2023;970.534;602.730;867.677;698.656;102.857;12.539;0;28
CREDISIS CREDIARI - COOPERATIVA DE CRÉDITO LTDA.;3222753;b3S;S5;I;2;ARIQUEMES;RO;06/2023;970.220;707.031;635.126;548.418;335.094;32.345;0;18
BANCO B3 S.A.;997185;b1;S4;I;2;SAO PAULO;SP;06/2023;969.817;0;804.654;774.008;165.163;24.391;2;0
COOPERATIVA DE CRÉDITO CREDIVERTENTES LTDA. - SICOOB CREDIVERTENTES;22724710;b3S;S5;I;2;SAO TIAGO;MG;06/2023;960.510;489.787;826.799;756.451;133.710;20.774;0;21
COOPERATIVA DE CRÉDITO DE LIVRE ADMISSÃO DE ASSOCIADOS - SICOOB CREDICARU SC/RS;694389;b3S;S5;I;2;SAO JOSE DO CERRITO;SC;06/2023;958.095;656.413;788.614;487.262;169.481;16.539;0;14
CARUANA S.A. - SOCIEDADE DE CRÉDITO, FINANCIAMENTO E INVESTIMENTO;9313766;n1;S4;I;2;SAO PAULO;SP;06/2023;957.787;767.372;829.016;792.135;128.771;7.412;2;0
CREDIARE S.A. - CRÉDITO, FINANCIAMENTO E INVESTIMENTO;5676026;n1;S4;C;2;FARROUPILHA;RS;06/2023;952.770;882.392;862.803;548.696;89.967;-3.156;2;0
COOPERATIVA DE CRÉDITO DE LIVRE ADMISSÃO DO CENTRO NORTE DOS ESTADOS DE MATO GROSSO E MATO GROSSO DO SUL - SICOOB UNIÃO MT/MS;3326437;b3S;S5;I;2;CUIABA;MT;06/2023;950.998;613.022;844.719;735.389;106.279;643;0;29
COOPERATIVA DE CRÉDITO E INVESTIMENTO COM INTERAÇÃO SOLIDÁRIA UNIÃO - CRESOL UNIÃO;2446089;b3S;S5;I;2;CORONEL VIVIDA;PR;06/2023;948.447;764.021;833.526;505.171;114.921;11.684;0;15
SINGULARE CORRETORA DE TÍTULOS E VALORES MOBILIÁRIOS S.A.;62285390;n2;S4;I;2;SAO PAULO;SP;06/2023;945.985;0;874.481;822.302;71.503;27.839;2;0
COOPERATIVA DE CRÉDITO CREDIFOR LTDA - SICOOB CREDIFOR;41931445;b3S;S5;I;2;FORMIGA;MG;06/2023;939.462;540.597;844.454;712.228;95.008;12.869;0;9
COOPERATIVA DE CRÉDITO DOS PROFISSIONAIS DA ÁREA DA SAÚDE E DE LIVRE ADMISSÃO LTDA - UNICRED ALIANÇA;70937271;b3S;S5;I;2;UBERLANDIA;MG;06/2023;935.726;623.559;844.195;766.778;91.531;-4.028;0;38
COOPERATIVA DE ECONOMIA E CRÉDITO MÚTUO UNICRED PONTO CAPITAL - UNICRED PONTO CAPITAL.;2641032;b3S;S5;I;2;SANTA MARIA;RS;06/2023;922.688;658.061;825.770;789.618;96.917;3.305;0;11
BANCO MONEO S.A.;7441209;b2;S4;I;2;CAXIAS DO SUL;RS;06/2023;918.984;838.644;661.059;645.236;257.925;16.158;2;0
COOPERATIVA DE CRÉDITO DE LIVRE ADMISSÃO DO ESTADO DE SÃO PAULO - SICOOB PAULISTA;10262276;b3S;S5;I;2;PRESIDENTE PRUDENTE;SP;06/2023;907.152;558.978;831.963;772.803;75.189;-21.936;0;22
COOPERATIVA DE CREDITO CREDISUDESTE LTDA. - SICOOB CREDISUDESTE;22656789;b3S;S5;I;2;MURIAE;MG;06/2023;905.232;499.956;807.732;604.294;97.501;3.706;0;25
COOPERATIVA DE CRÉDITO CREDINOR LTDA - SICOOB CREDINOR;21866694;b3S;S5;I;2;MONTES CLAROS;MG;06/2023;903.852;488.050;774.338;669.720;129.514;10.586;0;30
CENTRAL DAS COOPERATIVAS DE CRÉDITO DO NORDESTE - SICOOB CENTRAL NE;70116611;b3C;S4;I;2;JOAO PESSOA;PB;06/2023;891.165;58.870;840.393;86.857;50.772;2.801;0;0
IUGU INSTITUIÇÃO DE PAGAMENTO S.A.;15111975;n4;;C;2;SAO PAULO;SP;06/2023;856.743;0;802.847;251.464;53.896;-2.659;1;0
AFINZ INSTITUIÇÃO DE PAGAMENTO S.A.;60114865;n4;S4;C;2;BARUERI;SP;06/2023;853.562;461.674;803.716;84.449;49.845;39;1;0
BITZ INSTITUICAO DE PAGAMENTO S.A.;15011719;n4;S1;C;2;OSASCO;SP;06/2023;850.792;0;23.652;16.833;827.140;-35.186;1;0
COOPERATIVA DE CRÉDITO E INVESTIMENTO COM INTERAÇÃO SOLIDÁRIA INTEGRAÇÃO - CRESOL INTEGRAÇÃO;7268499;b3S;S5;I;2;TOLEDO;PR;06/2023;849.385;680.674;740.066;349.222;109.319;9.940;0;24
BANCO KOMATSU DO BRASIL S.A.;23903068;b2;S4;I;3;SAO PAULO;SP;06/2023;843.706;809.412;664.861;562.985;178.845;5.244;2;0
COOPERATIVA DE CREDITO COOPLIVRE;49389307;b3S;S5;I;2;CAPIVARI;SP;06/2023;836.771;393.562;747.287;684.197;89.484;8.773;0;15
COOPERATIVA DE CRÉDITO UNIQUE BR;73647935;b3S;S5;I;2;CAMPO GRANDE;MS;06/2023;836.339;500.107;690.883;651.535;145.456;7.691;0;18
CREDISIS JICRED - COOPERATIVA DE CRÉDITO DE LIVRE ADMISSÃO JICRED;2309070;b3S;S5;I;2;JI-PARANA;RO;06/2023;831.421;579.621;682.913;598.814;148.509;16.205;0;22
DEUTSCHE SPARKASSEN LEASING DO BRASIL BANCO MÚLTIPLO S.A.;23511655;b2;S4;I;3;SAO PAULO;SP;06/2023;830.812;602.392;747.380;531.958;83.432;2.876;2;0
COOPERATIVA DE CRÉDITO DE LIVRE ADMISSÃO DE ASSOCIADOS ITAPIRANGA - SICOOB CREDITAPIRANGA SC/RS;78483310;b3S;S5;I;2;ITAPIRANGA;SC;06/2023;825.049;427.239;736.422;561.254;88.627;8.381;0;9
ZEMA CRÉDITO, FINANCIAMENTO E INVESTIMENTO S/A;5351887;n1;S4;C;2;ARAXA;MG;06/2023;824.490;796.948;610.452;558.469;214.038;12.138;2;0
COOPERATIVA DE CRÉDITO CREDCOOPER LTDA - SICOOB CREDCOOPER;19449602;b3S;S5;I;2;CARATINGA;MG;06/2023;823.400;433.475;718.525;481.489;104.875;9.329;0;11
COOPERATIVA DE CRÉDITO EVOLUA;10311218;b3S;S5;I;2;FRANCISCO BELTRAO;PR;06/2023;821.527;694.708;704.646;509.407;116.880;3.872;0;18
COOPERATIVA DE CRÉDITO DE LIVRE ADMISSÃO DA PARAÍBA - SICOOB PARAÍBA;11907520;b3S;S5;I;2;CAMPINA GRANDE;PB;06/2023;818.873;516.777;660.719;632.404;158.155;21.223;0;8
COOPERATIVA DE CRÉDITO DE LIVRE ADMISSÃO TRÊS FRONTEIRAS - SICOOB TRÊS FRONTEIRAS;4876393;b3S;S5;I;2;FOZ DO IGUACU;PR;06/2023;817.747;477.208;736.766;594.067;80.981;8.368;0;21
COOPERATIVA DE CRÉDITO DE LIVRE ADMISSÃO DO VALE DO ARAGUAIA LTDA.;24830879;b3S;S5;I;2;MINEIROS;GO;06/2023;816.947;510.194;525.688;459.025;291.260;32.813;0;4
COOPERATIVA DE CRÉDITO E INVESTIMENTO COM INTERAÇÃO SOLIDÁRIA CENTRO SUL RS/MS - CRESOL CENTRO SUL RS/MS;2910987;b3S;S5;I;2;ERECHIM;RS;06/2023;815.240;562.230;696.907;480.547;118.333;13.493;0;16
COOPERATIVA DE ECONOMIA E CRÉDITO MÚTUO DOS MÉDICOS DOS VALES DO TAQUARI E RIO PARDO E REGIÃO DA PRODUÇÃO LTDA. - UNICRED PREMIUM;1635462;b3S;S5;I;2;LAJEADO;RS;06/2023;814.911;561.211;723.376;679.087;91.535;5.236;0;13
COOPERATIVA DE CRÉDITO CREDICOCAPEC;67096909;b3S;S4;I;2;FRANCA;SP;06/2023;814.643;453.873;632.779;481.585;181.864;17.628;0;10
BANCO BRASILEIRO DE CRÉDITO SOCIEDADE ANÔNIMA;1852137;b1;S4;C;2;SAO PAULO;SP;06/2023;813.684;570.458;702.770;520.719;110.914;-7.734;2;0
COOPERATIVA DE CRÉDITO NOSSOCRÉDITO LTDA - SICOOB NOSSOCRÉDITO;22760839;b3S;S5;I;2;SAO SEBASTIAO DO PARAISO;MG;06/2023;812.021;467.903;692.440;608.244;119.581;11.455;0;11
COOPERATIVA DE CRÉDITO CREDIUNA LTDA - SICOOB CREDIUNA;64237530;b3S;S5;I;2;ITAUNA;MG;06/2023;803.515;414.289;676.107;564.151;127.409;20.612;0;11
COOPERATIVA DE CRÉDITO E CAPTAÇÃO SICOOB UNICIDADES;3047549;b3S;S5;I;2;RIO VERDE;GO;06/2023;799.535;578.384;667.884;449.809;131.651;15.256;0;12
CSILATINA ARRENDAMENTO MERCANTIL S.A.;5883884;n1;S4;I;3;BARUERI;SP;06/2023;798.712;535.527;679.288;468.778;119.423;15.716;2;0
M PAGAMENTOS S.A. - CRÉDITO FINANCIAMENTO E INVESTIMENTO;7747410;n1;S4;I;2;SAO PAULO;SP;06/2023;797.522;545.564;630.739;571.380;166.784;-43.512;2;0
COOPERATIVA DE CRÉDITO DE LIVRE ADMISSÃO DE BELO HORIZONTE E CIDADES POLO DO ESTADO DE MINAS GERAIS LTDA. - SICOOB NOSSACOOP;1760242;b3S;S5;I;2;BELO HORIZONTE;MG;06/2023;790.084;558.233;708.589;675.689;81.495;7.879;0;38
COOPERATIVA DE CRÉDITO CREDISG LTDA. - SICOOB CREDISG;3645752;b3S;S5;I;2;SAO GOTARDO;MG;06/2023;789.976;453.235;662.465;440.133;127.510;14.294;0;1
COOPERATIVA DE POUPANÇA E CRÉDITO DO VALE DO RIO DOCE LTDA - SICOOB CREDIRIODOCE;25606237;b3S;S5;I;2;GOVERNADOR VALADARES;MG;06/2023;789.483;371.326;703.053;626.767;86.429;7.593;0;26
COOPERATIVA DE CRÉDITO DE LIVRE ADMISSÃO DE ASSOCIADOS NOVA TRENTO   SICOOB TRENTOCREDI SC;2641969;b3S;S5;I;2;NOVA TRENTO;SC;06/2023;786.180;432.854;652.707;633.435;133.473;15.658;0;15
COOPERATIVA DE CRÉDITO E ECONOMIA COM INTERAÇÃO SOLIDÁRIA DO PLANALTO SERRA DO RIO GRANDE DO SUL - CRESOL PLANALTO SERRA;5863726;b3S;S5;I;2;SANANDUVA;RS;06/2023;783.355;507.726;701.066;459.772;82.289;10.499;0;25
COOPERATIVA DE CRÉDITO DE LIVRE ADMISSÃO DO VALE DO PARANAÍBA LTDA.;24799033;b3S;S5;I;2;QUIRINOPOLIS;GO;06/2023;777.340;384.423;582.944;462.986;194.396;19.407;0;16
SICREDI RECIFE - COOPERATIVA DE CRÉDITO, POUPANÇA E INVESTIMENTO SICREDI RECIFE;70241658;b3S;S5;I;2;RECIFE;PE;06/2023;771.439;481.359;682.814;634.686;88.625;406;0;6
COOPERATIVA DE CRÉDITO CREDISETE LTDA. - SICOOB CREDISETE;22753982;b3S;S5;I;2;SETE LAGOAS;MG;06/2023;764.760;363.698;674.281;651.195;90.479;9.413;0;11
COOPERATIVA DE CRÉDITO DE LIVRE ADMISSÃO DE ASSOCIADOS VALE DO RIO DO PEIXE - SICOOB CREDIRIO SC;78865995;b3S;S5;I;2;JOACABA;SC;06/2023;753.942;314.483;682.815;585.006;71.127;10.956;0;11
COOPERATIVA DE CRÉDITO DE LIVRE ADMISSÃO DE ASSOCIADOS VALE DO CHAPECOZINHO - SICOOB VALCREDI SUL;2090126;b3S;S5;I;2;PASSOS MAIA;SC;06/2023;752.021;476.320;662.772;565.938;89.249;5.121;0;15
STONE SOCIEDADE DE CRÉDITO DIRETO S.A.;34590184;n1;S5;C;3;SAO PAULO;SP;06/2023;751.989;0;25.944;0;726.045;32.622;2;0
BANCO FATOR S.A.;33644196;b1;S4;C;2;SAO PAULO;SP;06/2023;748.688;1.246;448.533;441.525;300.156;-6.388;2;0
COOPERATIVA DE CRÉDITO DO NORTE CATARINENSE - ACREDICOOP;3461243;b3S;S5;I;2;JOINVILLE;SC;06/2023;746.392;568.387;661.817;585.807;84.575;1.235;0;23
COOPERATIVA DE CRÉDITO E INVESTIMENTO COM INTERAÇÃO SOLIDÁRIA UNIÃO DOS VALES - CRESOL UNIÃO DOS VALES;5231945;b3S;S5;I;2;IVAIPORA;PR;06/2023;746.177;642.797;641.390;323.539;104.787;12.889;0;19
COOPERATIVA DE ECONOMIA E CRÉDITO MÚTUO UNICRED ELEVA LTDA.;95163002;b3S;S5;I;2;SANTO ANGELO;RS;06/2023;737.541;472.102;656.823;627.067;80.718;6.415;0;8
COOPERATIVA DE CRÉDITO ORIGINAL - SICOOB ORIGINAL;81292278;b3S;S5;I;2;SAO LOURENCO D'OESTE;SC;06/2023;736.326;358.297;618.249;457.550;118.077;14.640;0;13
COOPERATIVA DE CRÉDITO CREDIBOM LTDA. - SICOOB CREDIBOM;21670187;b3S;S5;I;2;BOM DESPACHO;MG;06/2023;732.875;340.923;633.976;568.221;98.899;13.782;0;7
BANCO TRICURY S.A.;57839805;b2;S4;I;2;SAO PAULO;SP;06/2023;732.655;384.495;468.436;454.820;264.219;16.153;2;0
COOPERATIVA DE CRÉDITO DE LIVRE ADMISSÃO UNIÃO E NEGÓCIOS - SICOOB INTEGRAÇÃO;8742188;b3S;S5;I;2;CUIABA;MT;06/2023;730.444;502.800;639.204;555.664;91.240;5.942;0;24
COOPERATIVA DE CRÉDITO DOS PROFISSIONAIS DOS CREAS E DEMAIS ÁREAS TECNOLÓGICAS - CREDCREA;5979692;b3S;S5;I;2;FLORIANOPOLIS;SC;06/2023;727.982;422.971;612.681;566.348;115.301;7.951;0;21
COOPERATIVA DE CRÉDITO E INVESTIMENTO COM INTERAÇÃO SOLIDÁRIA LIDERANÇA - CRESOL LIDERANÇA;2934201;b3S;S5;I;2;CHOPINZINHO;PR;06/2023;724.652;568.560;606.254;274.160;118.399;7.143;0;17
COOPERATIVA DE CRÉDITO DE LIVRE ADMISSÃO DO VALE DO PARANAPANEMA;1637949;b3S;S5;I;2;PRESIDENTE PRUDENTE;SP;06/2023;720.878;332.856;603.315;538.710;117.563;1.462;0;15
SWAP MEIOS DE PAGAMENTOS INSTITUICAO DE PAGAMENTO S.A.;31680151;n4;;I;3;SAO PAULO;SP;06/2023;708.191;0;694.331;76.869;13.859;-30.227;1;0
UNIPRIME CENTRAL NACIONAL - CENTRAL NACIONAL DE COOPERATIVA DE CREDITO;3046391;b3C;S4;I;2;LONDRINA;PR;06/2023;701.916;0;686.980;4.446;14.936;40;0;1
COOPERATIVA DE CRÉDITO, POUPANÇA E INVESTIMENTO DO NOROESTE DO ESTADO DE SÃO PAULO - SICREDI NOROESTE SP;3065046;b3S;S4;I;2;SAO JOSE DO RIO PRETO;SP;06/2023;695.173;385.174;618.631;519.616;76.542;9.518;0;9
COOPERATIVA DE CRÉDITO, POUPANÇA E INVESTIMENTO SICREDI ARACAJU - SICREDI ARACAJU;2923389;b3S;S5;I;2;ARACAJU;SE;06/2023;693.345;277.676;610.733;551.022;82.612;5.331;0;8
SICOOB UNIMAIS METROPOLITANA - COOPERATIVA DE CRÉDITO DE LIVRE ADMISSÃO;259231;b3S;S5;I;2;SANTOS;SP;06/2023;693.147;408.710;585.087;559.329;108.060;10.733;0;32
CREDI-SHOP S/A - INSTITUIÇÃO DE PAGAMENTO;62895230;n4;;I;2;TERESINA;PI;06/2023;689.388;505.014;393.371;0;296.017;13.779;1;0
COOPERATIVA DE CRÉDITO UNIÃO CENTRO OESTE LTDA. - SICOOB UNIÃO CENTRO OESTE;26178111;b3S;S5;I;2;LAGOA DA PRATA;MG;06/2023;684.453;318.916;580.558;479.353;103.895;6.914;0;6
SERVNET INSTITUIÇÃO DE PAGAMENTO LTDA.;29759316;n4;;I;2;UBERLANDIA;MG;06/2023;682.493;4.038;669.056;3.400;13.437;6.600;1;0
COOPERATIVA DE CRÉDITO COOCRELIVRE;53935029;b3S;S4;I;2;ORLANDIA;SP;06/2023;682.052;232.563;486.327;377.868;195.725;15.073;0;13
COOPERATIVA DE CREDITO CREDIMOTA   SICOOB CREDIMOTA;66788142;b3S;S5;I;2;CANDIDO MOTA;SP;06/2023;677.641;415.684;604.394;507.901;73.248;-318;0;23
AGENCIA DE FOMENTO DO ESTADO DO RIO DE JANEIRO S.A.;5940203;n1;S4;C;1;RIO DE JANEIRO;RJ;06/2023;674.367;350.938;159.152;101.155;515.215;-6.749;1;0
MIRAE ASSET WEALTH MANAGEMENT (BRAZIL) CORRETORA DE CÂMBIO, TÍTULOS E VALORES MOBILIÁRIOS LTDA.;12392983;n2;S4;I;3;SAO PAULO;SP;06/2023;671.753;29;355.967;303.864;315.786;12.115;2;0
COOPERATIVA DE CRÉDITO DE PRODUTORES RURAIS E DE LIVRE ADMISSÃO DO TRIÂNGULO LTDA    SICOOB CREDITRIL;41669227;b3S;S5;I;2;UBERLANDIA;MG;06/2023;671.701;168.004;563.740;552.129;107.960;15.537;0;8
COOPERATIVA DE CRÉDITO DA FOZ DO RIO ITAJAÍ AÇU - CREDIFOZ;9512539;b3S;S5;I;2;ITAJAI;SC;06/2023;668.976;532.452;546.258;497.035;122.717;5.804;0;22
COOPERATIVA DE CRÉDITO DE LIVRE ADMISSÃO DA REGIÃO DE FRUTAL LTDA.   SICOOB FRUTAL;71419600;b3S;S5;I;2;FRUTAL;MG;06/2023;666.845;366.487;563.976;473.458;102.869;9.354;0;7
UNIPRIME PIONEIRA COOPERATIVA DE CRÉDITO;1286361;b3S;S5;I;2;TOLEDO;PR;06/2023;654.587;371.664;573.900;553.721;80.687;3.555;0;15
ASAAS GESTÃO FINANCEIRA INSTITUIÇÃO DE PAGAMENTO S.A.;19540550;n4;S5;C;2;JOINVILLE;SC;06/2023;650.987;1;622.244;324.319;28.743;-3.830;1;0
RECARGAPAY INSTITUICAO DE PAGAMENTO LTDA.;11275560;n4;S5;C;3;SAO PAULO;SP;06/2023;649.237;0;569.695;166.497;79.542;23.510;1;0
COOPERATIVA DE CRÉDITO E INVESTIMENTO COM INTERAÇÃO SOLIDÁRIA DE MINAS GERAIS - CRESOL MINAS GERAIS;8624548;b3S;S5;I;2;MURIAE;MG;06/2023;645.906;450.991;576.633;339.611;69.273;-1.177;0;22
COOPERATIVA DE CRÉDITO SICOOB EXTREMO SUL LTDA.;2447120;b3S;S5;I;2;TEIXEIRA DE FREITAS;BA;06/2023;645.751;245.307;494.866;399.714;150.885;15.900;0;9
COOPERATIVA DE CREDITO DE LIVRE ADMISSAO DO VALE DO AÇO LTDA - SICOOB VALE DO AÇO;19869338;b3S;S5;I;2;IPATINGA;MG;06/2023;644.859;340.031;549.796;521.245;95.064;13.021;0;21
COOPERATIVA DE CRÉDITO E INVESTIMENTO COM INTERAÇÃO SOLIDÁRIA RAIZ - CRESOL RAIZ;17343510;b3S;S5;I;2;FREDERICO WESTPHALEN;RS;06/2023;640.969;425.198;570.512;365.322;70.457;6.206;0;23
COOPERATIVA DE CRÉDITO CREDICARPA LTDA. - SICOOB CREDICARPA;23949522;b3S;S5;I;2;CARMO DO PARANAIBA;MG;06/2023;633.510;424.226;482.868;327.078;150.643;15.352;0;4
COOPERATIVA DE CRÉDITO CREDICOPE LTDA. - SICOOB CREDICOPE;38588174;b3S;S5;I;2;CONSELHEIRO PENA;MG;06/2023;629.586;323.393;562.782;443.496;66.804;1.726;0;19
STARA FINANCEIRA S.A. - CRÉDITO FINANCIAMENTO E INVESTIMENTO;17359351;n1;S5;I;2;NAO-ME-TOQUE;RS;06/2023;625.060;568.160;478.150;464.756;146.911;16.433;2;0
LEBES FINANCEIRA S.A. - CRÉDITO, FINANCIAMENTO E INVESTIMENTO;11271860;n1;S5;I;2;ELDORADO;RS;06/2023;624.773;554.307;517.543;491.849;107.230;13.165;2;0
COOPERATIVA DE CRÉDITO E INVESTIMENTO COM INTERAÇÃO SOLIDÁRIA PROGRESSO - CRESOL PROGRESSO;2448310;b3S;S5;I;2;CASCAVEL;PR;06/2023;618.288;477.658;559.303;285.201;58.985;2.393;0;13
COOPERATIVA DE CRÉDITO POUPANÇA E INVESTIMENTO DA ALTA NOROESTE DE SÃO PAULO - SICREDI ALTA NOROESTE SP;4484490;b3S;S4;I;2;BIRIGUI;SP;06/2023;608.961;422.845;539.662;454.984;69.299;6.803;0;10
COOPERATIVA DE CRÉDITO SICOOB CREDSEGURO LTDA.;2935307;b3S;S5;I;2;GOIANIA;GO;06/2023;607.941;322.473;418.671;378.855;189.270;21.752;0;9
COOPERATIVA DE CRÉDITO DE LIVRE ADMISSÃO DE  LAGOA DA PRATA E REGIÃO LTDA.   SICOOB LAGOACRED GERAIS;1739375;b3S;S5;I;2;LAGOA DA PRATA;MG;06/2023;605.025;339.978;510.385;425.780;94.640;9.633;0;3
COOPERATIVA DE CRÉDITO, POUPANÇA E INVESTIMENTO DE ARARAQUARA E REGIÃO - SICREDI MORADA DO SOL SP;73113243;b3S;S4;I;2;ARARAQUARA;SP;06/2023;605.017;323.536;541.391;456.192;63.627;6.354;0;7
COOPERATIVA DE CRÉDITO SICOOB ALIANÇA;6174009;b3S;S5;I;2;APUCARANA;PR;06/2023;604.744;405.415;518.225;431.208;86.518;6.256;0;38
COOPERATIVA DE CRÉDITO DE LIVRE ADMISSÃO DA GRANDE GOIÂNIA LTDA.;10209619;b3S;S5;I;2;GOIANIA;GO;06/2023;599.002;414.806;479.647;437.490;119.355;8.952;0;4
COOPERATIVA DE CRÉDITO E INVESTIMENTO COM INTERAÇÃO SOLIDÁRIA VANGUARDA - CRESOL VANGUARDA;3965737;b3S;S5;I;2;CHAPECO;SC;06/2023;587.884;460.474;525.886;247.750;61.998;1.226;0;19
QI;52395;n1;S4;C;2;SAO PAULO;SP;06/2023;587.631;62.838;453.396;425.916;134.235;35.324;4;0
COOPERATIVA DE CRÉDITO DE LIVRE ADMISSÃO DE ASSOCIADOS CAMPOS NOVOS - SICOOB CAMPOS NOVOS;78862083;b3S;S5;I;2;CAMPOS NOVOS;SC;06/2023;585.510;370.247;509.019;374.596;76.491;5.197;0;13
SICOOB CREDINOVA - COOPERATIVA DE CRÉDITO DE LIVRE ADMISSÃO DE NOVA SERRANA E REGIÃO CENTRO-OESTE LTDA.;1667766;b3S;S5;I;2;NOVA SERRANA;MG;06/2023;584.040;204.535;504.815;475.968;79.225;8.796;0;10
BANCO ARBI S.A.;54403563;b1;S4;I;2;RIO DE JANEIRO;RJ;06/2023;579.757;148.735;531.098;523.285;48.660;-325;5;0
COOPERATIVA DE CREDITO DE LIVRE ADMISSAO DO CENTRO NORDESTE MINEIRO LTDA - SICOOB CREDICENM;2173447;b3S;S5;I;2;GUANHAES;MG;06/2023;579.400;290.219;507.916;482.962;71.484;10.010;0;25
COOPERATIVA DE CRÉDITO SICOOB UNI SUDESTE;86389236;b3S;S5;I;2;UBA;MG;06/2023;579.006;376.411;521.456;488.724;57.550;-18.020;0;31
COOPERATIVA DE CRÉDITO E INVESTIMENTO COM INTERAÇÃO SOLIDÁRIA HORIZONTE - CRESOL HORIZONTE;5277312;b3S;S5;I;2;UNIAO DA VITORIA;PR;06/2023;576.360;463.003;503.855;294.258;72.505;3.092;0;17
COOPERATIVA DE CRÉDITO CREDIARA LTDA - SICOOB CREDIARA;66398496;b3S;S5;I;2;ARAXA;MG;06/2023;574.579;301.588;493.842;406.882;80.738;11.686;0;10
ACG INSTITUIÇÃO DE PAGAMENTO S.A.;10868663;n4;;I;2;SAO PAULO;SP;06/2023;572.939;22.002;536.023;505.364;36.916;9.321;1;0
COOPERATIVA DE CRÉDITO DE LIVRE ADMISSÃO DE PERNAMBUCO - SICOOB PERNAMBUCO;3732359;b3S;S5;I;2;SAO JOSE DO EGITO;PE;06/2023;565.434;406.867;493.670;447.196;71.764;8.166;0;32
COOPERATIVA DE CRÉDITO MÚTUO DOS ADVOGADOS DE SANTA CATARINA;5861932;b3S;S5;I;2;SAO JOSE;SC;06/2023;563.580;201.515;488.658;477.236;74.922;9.645;0;13
COOPERATIVA DE CRÉDITO DE LIVRE ADMISSÃO SICOOB UNIMAIS CENTRO LESTE PAULISTA - SICOOB UNIMAIS CENTRO LESTE PAULISTA;1259518;b3S;S5;I;2;RIO CLARO;SP;06/2023;561.743;406.059;489.358;479.663;72.386;9.129;0;11
BEXS;51743;b2;S4;C;2;SAO PAULO;SP;06/2023;561.403;0;477.892;654;83.511;1.463;4;0
COOPERATIVA DE CRÉDITO CREDIFIEMG LTDA. - SICOOB CREDIFIEMG;7469260;b3S;S5;I;2;BELO HORIZONTE;MG;06/2023;560.090;330.975;483.773;476.351;76.317;3.944;0;0
COOPERATIVA DE CRÉDITO CREDIMATA LTDA. - SICOOB CREDIMATA;1152097;b3S;S5;I;2;VOLTA GRANDE;MG;06/2023;559.484;282.866;492.713;407.250;66.772;7.128;0;22
COOPERATIVA DE CRÉDITO CREDIPEU LTDA.  - SICOOB CREDIPEU;66262643;b3S;S5;I;2;POMPEU;MG;06/2023;553.796;254.280;473.842;385.927;79.954;9.465;0;1
COOPERATIVA DE CRÉDITO CREDIVALE LTDA - SICOOB CREDIVALE;25387655;b3S;S5;I;2;TEOFILO OTONI;MG;06/2023;548.903;209.602;467.943;423.596;80.960;10.087;0;25
COOPERATIVA DE CRÉDITO DA REGIÃO DO CONTESTADO - CIVIA;10218474;b3S;S5;I;2;SAO BENTO DO SUL;SC;06/2023;547.586;443.082;476.976;437.455;70.611;48;0;19
COOPERATIVA DE CRÉDITO ARACREDI LTDA. - SICOOB ARACREDI;68987;b3S;S5;I;2;ARAGUARI;MG;06/2023;541.524;344.287;470.429;290.053;71.094;3.691;0;11
COOPERATIVA DE CRÉDITO DE LIVRE ADMISSÃO DA REGIÃO CENTRAL DE RONDÔNIA   SICOOB OUROCREDI;2144899;b3S;S5;I;2;OURO PRETO DO OESTE;RO;06/2023;536.227;420.225;438.230;235.084;97.997;16.080;0;14
WIRECARD BRAZIL INSTITUIÇÃO DE PAGAMENTO S.A.;8718431;n4;S4;C;2;SAO PAULO;SP;06/2023;533.929;0;417.790;105.291;116.139;-14.652;1;0
COOPERATIVA DE CRÉDITO SICOOB 3 COLINAS;4013172;b3S;S5;I;2;FRANCA;SP;06/2023;533.135;261.132;489.609;482.450;43.526;3.327;0;11
COOPERATIVA DE CRÉDITO DE LIVRE ADMISSÃO DE ASSOCIADOS DO MEIO OESTE CATARINENSE - SICOOB CREDIMOC SC;80959638;b3S;S5;I;2;XANXERE;SC;06/2023;531.998;176.513;461.651;430.741;70.347;8.996;0;4
SUPERDIGITAL INSTITUIÇÃO DE PAGAMENTO S.A.;9554480;n4;S1;C;3;SAO PAULO;SP;06/2023;531.899;0;227.011;179.122;304.888;-53.424;1;0
COOPERATIVA DE CRÉDITO DE LIVRE ADMISSÃO DA REGIÃO DE  PARÁ DE MINAS LTDA - SICOOB CREDIRURAL;25387713;b3S;S5;I;2;PARA DE MINAS;MG;06/2023;529.690;281.154;464.826;452.245;64.864;9.657;0;7
COOPERATIVA DE CREDITO DE LIVRE ADMISSAO DE PARA DE MINAS LTDA - SICOOB ASCICRED;1009908;b3S;S5;I;2;PARA DE MINAS;MG;06/2023;525.354;178.200;459.327;445.317;66.027;10.171;0;4
COOPERATIVA DE ECONOMIA E CRÉDITO MÚTUO DOS PROFISSIONAIS DA SAÚDE DA REGIÃO DA ALTA MOGIANA - SICOOB CREDIMOGIANA;69346856;b3S;S5;I;2;FRANCA;SP;06/2023;520.275;299.831;459.711;439.233;60.564;6.434;0;8
COOPERATIVA DE CRÉDITO CREDSAOPAULO - SICOOB CREDSAOPAULO;2197569;b3S;S5;I;2;SAO JOSE DOS CAMPOS;SP;06/2023;517.647;273.790;439.197;427.263;78.449;-23.270;0;15
COOPERATIVA DE CREDITO DE LIVRE ADMISSÃO DO VALE DO SÃO PATRICIO LTDA.;968602;b3S;S5;I;2;GOIANESIA;GO;06/2023;514.610;332.346;382.782;272.353;131.828;9.335;0;4
BRASIL CARD INSTITUIÇÃO DE PAGAMENTOS LTDA;3130170;n4;S4;C;2;MONTE BELO;MG;06/2023;512.161;485.312;457.147;0;55.014;-8.370;1;0
COOPERATIVA DE CRÉDITO  DE FRONTEIRAS  LTDA. - SICOOB FRONTEIRAS;3612764;b3S;S5;I;2;CACOAL;RO;06/2023;509.529;387.628;429.444;335.326;80.085;-1.545;0;23
COOPERATIVA DE CRÉDITO E INVESTIMENTO COM INTERAÇÃO SOLIDÁRIA NORTE PARANAENSE - CRESOL NORTE PARANAENSE;7925729;b3S;S5;I;2;LONDRINA;PR;06/2023;508.637;384.263;468.125;315.398;40.512;-3.859;0;15
COOPERATIVA DE CRÉDITO CREDILUZ LTDA. - SICOOB CREDILUZ;25536764;b3S;S5;I;2;LUZ;MG;06/2023;507.936;221.062;464.109;408.430;43.827;-2.478;0;5
SENFFNET INSTITUIÇÃO DE PAGAMENTO LTDA.;3877288;n4;S4;C;2;CURITIBA;PR;06/2023;506.426;335.871;461.881;3.699;44.545;-3.291;1;0
COOPERATIVA DE CRÉDITO DE LIVRE ADMISSÃO MÉDIO OESTE - SICOOB MÉDIO OESTE;7318874;b3S;S5;I;2;ASSIS CHATEAUBRIAND;PR;06/2023;505.815;376.107;442.170;295.420;63.645;5.751;0;8
BLU INSTITUIÇÃO DE PAGAMENTO LTDA.;10506341;n4;S5;C;2;RIO DE JANEIRO;RJ;06/2023;495.486;0;461.536;59.067;33.950;-10.771;1;0
COOPERATIVA DE CRÉDITO DE LIVRE ADMISSÃO E DOS TRANSPORTADORES RODOVIÁRIOS DE VEÍCULOS - SICOOB CREDCEG;7789195;b3S;S5;I;2;SAO BERNARDO DO CAMPO;SP;06/2023;494.559;305.585;375.704;366.416;118.855;17.548;0;2
COOPERATIVA DE CRÉDITO E INVESTIMENTO COM INTERAÇÃO SOLIDÁRIA GRANDES LAGOS PR/SP - CRESOL GRANDES LAGOS PR/SP;6126780;b3S;S5;I;2;GUARAPUAVA;PR;06/2023;492.291;381.151;429.480;235.016;62.812;3.078;0;15
COOPERATIVA  DE CRÉDITO DE LIVRE ADMISSÃO DE ASSOCIADOS UNIRONDÔNIA LTDA;1664968;b3S;S5;I;2;PORTO VELHO;RO;06/2023;489.620;296.206;438.594;319.878;51.026;-617;0;7
COOPERATIVA DE CRÉDITO E INVESTIMENTO COM INTERAÇÃO SOLIDÁRIA DO RIO GRANDE DO SUL - CRESOL RIO GRANDE DO SUL;6139650;b3S;S5;I;2;BENTO GONCALVES;RS;06/2023;489.296;388.653;428.937;239.907;60.359;3.562;0;23
COOPERATIVA DE CRÉDITO CREDIJEQUITINHONHA LTDA. - SICOOB CREDIJEQUITINHONHA;71243034;b3S;S5;I;2;CAPELINHA;MG;06/2023;487.352;253.969;404.118;347.083;83.235;9.306;0;24
COOPERATIVA DE CRÉDITO E INVESTIMENTO COM INTERAÇÃO SOLIDÁRIA TRIUNFO - CRESOL TRIUNFO;8560508;b3S;S5;I;2;SAO JOAO DO TRIUNFO;PR;06/2023;480.480;385.260;414.452;221.111;66.028;7.412;0;10
COOPERATIVA DE ECONOMIA E CRÉDITO MÚTUO DOS EMPREGADOS DE FURNAS E DAS DEMAIS EMPRESAS DO SISTEMA ELETROBRÁS LTDA. - SICOOB CECREMEF;33370115;b3S;S5;I;2;RIO DE JANEIRO;RJ;06/2023;475.234;187.893;427.586;419.989;47.648;-4.135;0;19
COOPERATIVA DE CREDITO DE LIVRE ADMISSAO DE RUBIATABA E REGIAO LTDA;73422792;b3S;S5;I;2;RUBIATABA;GO;06/2023;474.657;276.403;384.239;308.133;90.418;10.464;0;12
COOPERATIVA DE CRÉDITO DO CENTRO SUL MINEIRO LTDA. - SICOOB CENTRO SUL MINEIRO;71238232;b3S;S5;I;2;CARMOPOLIS DE MINAS;MG;06/2023;473.076;204.558;405.819;361.246;67.257;11.456;0;13
COOPERATIVA DE CRÉDITO E INVESTIMENTO COM INTERAÇÃO SOLIDÁRIA DA AMAZÔNIA - CRESOL AMAZÔNIA;10520232;b3S;S5;I;2;JI-PARANA;RO;06/2023;471.636;372.569;406.244;183.777;65.392;1.565;0;17
COOPERATIVA DE CRÉDITO DE LIVRE ADMISSÃO DE SANTO ANTÔNIO DO MONTE LTDA.   SICOOB CREDIMONTE;41707258;b3S;S5;I;2;SANTO ANTONIO DO MONTE;MG;06/2023;470.456;268.846;421.094;335.523;49.361;-1.609;0;8
COOPERATIVA DE CRÉDITO DE LIVRE ADMISSÃO DO TOCANTINS LTDA;26960328;b3S;S5;I;2;PARAISO DO NORTE DO TOCANTINS;TO;06/2023;466.944;261.658;406.282;367.919;60.662;5.457;0;16
COOPERATIVA DE CRÉDITO MONTECREDI LTDA. - SICOOB MONTECREDI;71392047;b3S;S5;I;2;MONTE CARMELO;MG;06/2023;464.147;222.775;406.414;278.897;57.733;2.374;0;1
COOPERATIVA DE CRÉDITO E INVESTIMENTO COM INTERAÇÃO SOLIDÁRIA ESSÊNCIA - CRESOL ESSÊNCIA;6031727;b3S;S5;I;2;SANTO CRISTO;RS;06/2023;463.402;319.416;406.721;288.182;56.682;5.562;0;19
COOPERATIVA DE CRÉDITO DE LIVRE ADMISSÃO DO ALTO SÃO FRANCISCO LTDA.;41805003;b3S;S5;I;2;PIUMHI;MG;06/2023;459.511;287.814;400.401;299.175;59.109;5.382;0;6
COOPERATIVA DE CRÉDITO MÚTUO DOS EMPREGADOS DA EMBRAER - COOPEREMB;46642294;b3S;S5;I;2;SAO JOSE DOS CAMPOS;SP;06/2023;459.436;296.640;94.391;69.737;365.046;20.213;0;18
COOPERATIVA DE CRÉDITO DO DISTRITO FEDERAL E ENTORNO LTDA;1187961;b3S;S5;I;2;BRASILIA;DF;06/2023;456.702;176.416;390.647;330.823;66.055;1.858;0;6
GUIDE RBDTVM;52065;n2;S4;C;3;SAO PAULO;SP;06/2023;456.644;0;325.465;211.531;131.179;-60.506;8;0
COOPERATIVA DE CRÉDITO UNICRED REGIÃO DOS VALES LTDA. - UNICRED REGIÃO DOS VALES;1796302;b3S;S5;I;2;NOVO HAMBURGO;RS;06/2023;455.067;310.153;408.607;378.019;46.460;-2.566;0;11
SICOOB AC CREDI - COOPERATIVA DE CRÉDITO DE LIVRE ADMISSÃO DO LESTE E NORDESTE MINEIRO LTDA.;1559914;b3S;S5;I;2;GOVERNADOR VALADARES;MG;06/2023;450.026;264.820;379.210;359.984;70.816;10.331;0;15
BANCO SENFF S.A.;11970623;b1;S4;C;2;CURITIBA;PR;06/2023;446.652;258.310;371.193;358.517;75.459;4.190;2;0
REPOM S.A.;65697260;n4;;I;3;BARUERI;SP;06/2023;445.974;47.646;342.574;89.102;103.400;21.794;1;0
BEN BENEFÍCIOS E SERVIÇOS INSTITUIÇÃO DE PAGAMENTO S.A.;30798783;n4;S1;C;3;SAO PAULO;SP;06/2023;444.146;0;387.114;0;57.033;-2.180;1;0
COOPERATIVA DE CRÉDITO E INVESTIMENTO COM INTERAÇÃO SOLIDÁRIA GERAÇÕES - CRESOL GERAÇÕES;4622657;b3S;S5;I;2;TENENTE PORTELA;RS;06/2023;438.415;308.542;385.580;265.248;52.835;-6.453;0;19
SICREDI NORTE - COOPERATIVA DE CRÉDITO;83315408;b3S;S4;I;2;BELEM;PA;06/2023;438.154;262.086;405.304;334.183;32.850;-8.842;0;9
COOPERATIVA DE CRÉDITO CREDIVERDE LTDA. - SICOOB CREDIVERDE;25528753;b3S;S5;I;2;DIVINOPOLIS;MG;06/2023;434.884;240.594;368.427;346.727;66.457;8.183;0;14
COOPERATIVA DE CRÉDITO CREDINACIONAL LTDA. - SICOOB CREDINACIONAL;25420696;b3S;S5;I;2;ABAETE;MG;06/2023;432.407;208.035;379.889;294.665;52.518;6.110;0;11
COOPERATIVA DE CRÉDITO E INVESTIMENTO COM INTERAÇÃO SOLIDÁRIA CONEXÃO - CRESOL CONEXÃO;11969853;b3S;S5;I;2;MEDIANEIRA;PR;06/2023;431.809;335.437;390.054;220.551;41.755;2.729;0;9
VIA CERTA FINANCIADORA S.A. - CRÉDITO, FINANCIAMENTO E INVESTIMENTOS;5192316;n1;S4;I;2;SANTO CRISTO;RS;06/2023;430.765;384.125;393.976;368.601;36.789;-5.578;2;0
COOPERATIVA DE ECONOMIA E CRÉDITO MÚTUO UNICRED PROSPERAR LTDA. - UNICRED PROSPERAR;1705236;b3S;S5;I;2;SANTANA DO LIVRAMENTO;RS;06/2023;429.631;264.835;382.971;361.444;46.660;1.796;0;5
COOPERATIVA DE CRÉDITO DE LIVRE ADMISSÃO DA REGIÃO LESTE DA BACIA DO RIO DOCE LTDA   SICOOB CREDILESTE;5158093;b3S;S5;I;2;CARATINGA;MG;06/2023;428.671;229.986;350.579;340.115;78.092;7.860;0;4
COOPERATIVA DE CRÉDITO DE LIVRE ADMISSÃO DE RIO VERDE E REGIÃO LTDA.;9033698;b3S;S5;I;2;RIO VERDE;GO;06/2023;427.770;310.336;365.255;282.959;62.515;5.823;0;3
COOPERATIVA DE CRÉDITO RURAL COOPAVEL;76461557;b3S;S5;I;2;CASCAVEL;PR;06/2023;425.923;325.112;265.337;254.919;160.586;24.651;0;2
COOPERATIVA DE CRÉDITO CREDICAMPO LTDA.- SICOOB CREDICAMPO;21661202;b3S;S5;I;2;ENTRE RIOS DE MINAS;MG;06/2023;423.333;207.228;356.550;318.375;66.783;9.432;0;9
KREDILIG S.A. - CRÉDITO, FINANCIAMENTO E INVESTIMENTO;6040559;n1;S5;I;2;BIGUACU;SC;06/2023;422.770;484.317;239.036;97.964;183.734;9.734;2;0
CELCOIN INSTITUICAO DE PAGAMENTO S.A.;13935893;n4;;I;2;BARUERI;SP;06/2023;421.299;0;360.512;181.596;60.787;-13.237;1;0
COOPERATIVA DE CRÉDITO DE LIVRE ADMISSÃO DO NOROESTE DE MINAS GERAIS LTDA.   SICOOB CREDIPINHO;71154876;b3S;S5;I;2;JOAO PINHEIRO;MG;06/2023;413.555;261.386;361.743;261.707;51.812;-355;0;12
SICOOB CREDIGOIÁS COOPERATIVA DE CRÉDITO LTDA.;37255049;b3S;S5;I;2;GOIANIA;GO;06/2023;411.271;221.396;290.808;238.022;120.463;19.651;0;0
COOPERATIVA DE CRÉDITO DE LIVRE ADMISSÃO LTDA. - SICOOB CREDIJUSTRA;37079720;b3S;S5;I;2;BRASILIA;DF;06/2023;410.367;229.190;347.293;341.034;63.073;-68;0;14
COOPERATIVA DE CRÉDITO DE LIVRE ADMISSÃO DO VALE DO RIO GRANDE LTDA. - SICOOB UBERABA;25683475;b3S;S5;I;2;UBERABA;MG;06/2023;409.850;270.366;351.779;282.052;58.071;6.862;0;6
BANCO XCMG BRASIL S.A.;36658769;b2;S4;I;3;POUSO ALEGRE;MG;06/2023;403.502;345.563;268.332;254.085;135.170;3.781;2;0
BANQI INSTITUICAO DE PAGAMENTO LTDA.;30723871;n4;S5;C;2;SAO PAULO;SP;06/2023;403.176;2.965;171.827;46.582;231.350;-31.576;1;0
COOPERATIVA DE ECONOMIA E CRÉDITO MÚTUO UNICRED ERECHIM LTDA;1572667;b3S;S5;I;2;ERECHIM;RS;06/2023;399.480;216.728;358.584;353.377;40.896;1.050;0;5
COOPERATIVA DE CRÉDITO DE LIVRE ADMISSÃO BURITIS - SICOOB BURITIS;5247312;b3S;S5;I;2;RONDONOPOLIS;MT;06/2023;397.887;254.575;339.544;289.036;58.344;203;0;21
COOPERATIVA DE CRÉDITO DA REGIÃO E COLAR METROPOLITANO DO VALE DO AÇO LTDA. - SICOOB COSMIPA;17361536;b3S;S5;I;2;IPATINGA;MG;06/2023;391.692;281.516;298.104;277.502;93.588;3.853;0;21
SOCIEDADE COOPERATIVA DE CRÉDITO COOPERE LTDA.  - SICOOB COOPERE;73398646;b3S;S5;I;2;VALENTE;BA;06/2023;385.966;221.557;298.459;272.450;87.506;6.015;0;20
COOPERATIVA E ECONOMIA E CRÉDITO MÚTUO DOS MÉDICOS DO PLANALTO MÉDIO DO RIO GRANDE DO SUL LTDA. - CREDISIS/CREDIPLAN;97259253;b3S;S5;I;2;PASSO FUNDO;RS;06/2023;385.755;134.773;352.272;347.157;33.482;6.067;0;4
COOPERATIVA DE CRÉDITO DE LIVRE ADMISSÃO CENTRO OESTE LTDA.;7502031;b3S;S5;I;2;GOIANESIA;GO;06/2023;385.629;230.473;298.626;268.249;87.003;9.214;0;8
COOPERATIVA DE CRÉDITO, POUPANÇA E INVESTIMENTO DA REGIÃO DAS FLORES, DAS ÁGUAS E DOS VENTOS SP - SICREDI FORÇA DOS VENTOS SP;57647653;b3S;S4;I;2;JAGUARIUNA;SP;06/2023;384.696;197.011;354.864;310.904;29.832;2.457;0;7
COOPERATIVA DE CRÉDITO DE LIVRE ADMISSÃO DO ESTADO DO RIO DE JANEIRO - SICOOB FLUMINENSE;2931668;b3S;S5;I;2;CAMPOS DOS GOYTACAZES;RJ;06/2023;382.418;274.964;325.256;287.694;57.162;2.089;0;18
COOPERATIVA DE CRÉDITO DA SERRA CATARINENSE - CREDICOMIN;9590601;b3S;S5;I;2;LAGES;SC;06/2023;377.664;241.551;326.400;279.345;51.264;6.041;0;11
COOPERATIVA DE CRÉDITO DA REGIÃO CENTRAL DE MINAS LTDA. - SICOOB UNIÃO CENTRAL;22749014;b3S;S5;I;2;PARAOPEBA;MG;06/2023;376.907;168.053;313.170;268.344;63.737;6.868;0;10
CREDIBRF - COOPERATIVA DE CRÉDITO;82096447;b3S;S5;I;2;CURITIBA;PR;06/2023;375.211;161.559;208.726;200.103;166.485;13.284;0;26
COOPERATIVA DE CRÉDITO GUARANICREDI LTDA. - SICOOB GUARANICREDI;26014175;b3S;S5;I;2;GUARANI;MG;06/2023;374.724;141.503;339.495;321.521;35.229;3.941;0;9
COOPERATIVA DE CRÉDITO CENTRO LESTE NORTE MARANHENSE - SICOOB CENTROLESTE;9403026;b3S;S5;I;2;GRAJAU;MA;06/2023;374.647;317.693;307.938;188.144;66.709;804;0;22
COOPERATIVA DE CRÉDITO SICOOB SERTÃO LTDA;2057584;b3S;S5;I;2;PINTADAS;BA;06/2023;373.885;209.414;295.697;268.096;78.188;5.497;0;21
COOPERATIVA DE CRÉDITO DE LIVRE ADMISSÃO UNIÃO DO CENTRO OESTE DE MINAS LTDA - SICOOB CREDESP;1703620;b3S;S5;I;2;BOM DESPACHO;MG;06/2023;370.257;255.793;316.568;307.019;53.688;7.723;0;5
EFÍ S.A. - INSTITUIÇÃO DE PAGAMENTO;9089356;n4;S5;C;2;OURO PRETO;MG;06/2023;369.872;14.659;331.404;290.167;38.468;892;1;0
COOPERATIVA DE CRÉDITO E INVESTIMENTO COM INTERAÇÃO SOLIDÁRIA PLANALTO SUL - CRESOL PLANALTO SUL;2766672;b3S;S5;I;2;SAO JOAQUIM;SC;06/2023;363.397;229.413;317.876;191.783;45.521;1.425;0;13
COOPERATIVA DE CRÉDITO E INVESTIMENTO COM INTERAÇÃO SOLIDÁRIA VALE DAS ÁGUAS PR/MG - CRESOL VALE DAS ÁGUAS PR/MG;4663561;b3S;S5;I;2;LARANJEIRAS DO SUL;PR;06/2023;360.370;281.205;291.653;144.867;68.717;6.097;0;12
COOPERATIVA DE CRÉDITO COPERSUL LTDA - SICOOB COPERSUL;18966739;b3S;S5;I;2;TRES PONTAS;MG;06/2023;357.549;202.806;312.851;202.660;44.698;3.991;0;4
COOPERATIVA DE CRÉDITO DE LIVRE ADMISSÃO DE BOA ESPERANÇA LTDA. - SICOOB BELCREDI;869687;b3S;S5;I;2;BOA ESPERANCA;MG;06/2023;356.929;216.519;312.455;191.905;44.474;4.148;0;1
COOPERATIVA DE ECONOMIA E CRÉDITO MÚTUO DOS INTEGRANTES DO MINISTÉRIO PÚBLICO E DA DEFENSORIA PÚBLICA NO ESTADO DO RIO DE JANEIRO LIMITADA. - SICOOB COMPERJ;4694278;b3S;S5;I;2;RIO DE JANEIRO;RJ;06/2023;354.362;117.363;317.042;312.409;37.320;1.293;0;11
WORLDPAY DO BRASIL INSTITUICAO DE PAGAMENTO LTDA;991143;n4;;I;3;SAO PAULO;SP;06/2023;354.334;0;330.370;0;23.964;3.566;1;0
ATIVA INVESTIMENTOS S.A. CORRETORA DE TÍTULOS, CÂMBIO E VALORES;33775974;n2;S4;I;2;RIO DE JANEIRO;RJ;06/2023;352.498;0;289.914;133.481;62.583;-3.615;3;0
QUERO-QUERO VERDECARD INSTITUIÇÃO DE PAGAMENTO S.A.;1722480;n4;;I;2;CACHOEIRINHA;RS;06/2023;352.411;131.353;289.108;4.030;63.304;7.194;1;0
COOPERATIVA DE CRÉDITO DOS INTEGRANTES DO PODER JUDICIÁRIO E DO MINISTÉRIO PÚBLICO DO ESTADO DE MINAS GERAIS LTDA. - SICOOB JUS-MP;3519240;b3S;S5;I;2;BELO HORIZONTE;MG;06/2023;352.396;159.612;291.792;287.469;60.604;2.229;0;4
TODESCREDI S/A - CRÉDITO, FINANCIAMENTO E INVESTIMENTO;9473806;n1;S5;I;2;BENTO GONCALVES;RS;06/2023;350.629;350.295;283.894;278.771;66.735;1.862;2;0
COOPERATIVA DE CRÉDITO DE LIVRE ADMISSÃO DE ASSOCIADOS DE MANAUS;1566038;b3S;S5;I;2;MANAUS;AM;06/2023;349.587;239.914;271.227;255.296;78.361;3.252;0;6
COOPERATIVA DE CRÉDITO DE LIVRE ADMISSÃO DE PITANGUI, PAPAGAIOS, MARAVILHAS E REGIÃO LTDA. - SICOOB CREDICOOP;41931221;b3S;S5;I;2;PITANGUI;MG;06/2023;347.182;200.988;304.886;266.150;42.296;1.681;0;3
AL5 S.A. CRÉDITO, FINANCIAMENTO E INVESTIMENTO;27214112;n1;S4;I;2;CUIABA;MT;06/2023;344.889;185.561;262.353;257.616;82.536;150;2;0
BOLT CARD INSTITUIÇÃO DE PAGAMENTOS LTDA.;28080769;n4;S4;C;2;MONTE BELO;MG;06/2023;342.171;331.646;275.348;0;66.823;19.333;1;0
COOPERATIVA DE CRÉDITO DE LIVRE ADMISSÃO DE ASSOCIADOS URUBICI - SICOOB CREDIARAUCÁRIA/SC;2587492;b3S;S5;I;2;URUBICI;SC;06/2023;341.961;202.656;291.541;249.597;50.420;5.345;0;9
COOPERATIVA DE CRÉDITO DO VALE DO ITAJAÍ E VALE DO ITAPOCÚ - SICOOB MULTICREDI;2883398;b3S;S5;I;2;BLUMENAU;SC;06/2023;340.888;225.516;268.268;260.086;72.620;5.610;0;10
AGÊNCIA DE FOMENTO DO ESTADO DO AMAZONAS S.A. - AFEAM;3183937;n1;S4;I;1;MANAUS;AM;06/2023;340.822;47.897;225.456;11.278;115.366;6.450;2;0
COOPERATIVA DE CRÉDITO DOS SERVIDORES MILITARES, POLÍCIA CIVIL E DA SECRETARIA DE EDUCAÇÃO DO ESTADO DE MINAS GERAIS LTDA - SICOOB COOPEMG;3269540;b3S;S5;I;2;BELO HORIZONTE;MG;06/2023;339.622;273.180;278.576;271.380;61.046;1.184;0;0
COOPER CARD INSTITUIÇÃO DE PAGAMENTO LTDA.;5938780;n4;;C;2;BARUERI;SP;06/2023;336.907;115.076;169.422;45.052;167.485;885;1;0
SANTINVEST S.A. - CREDITO, FINANCIAMENTO E INVESTIMENTOS;122327;n1;S5;I;2;FLORIANOPOLIS;SC;06/2023;334.476;322.969;192.116;189.011;142.360;2.667;6;0
ÓRAMA DISTRIBUIDORA DE TÍTULOS E VALORES MOBILIÁRIOS S.A.;13293225;n2;S4;I;2;RIO DE JANEIRO;RJ;06/2023;333.705;0;303.948;251.215;29.757;-448;2;0
COOPERATIVA DE CRÉDITO NOSSA SENHORA DO DESTERRO - SICOOB CREDISC;3419786;b3S;S5;I;2;FLORIANOPOLIS;SC;06/2023;333.174;193.323;294.541;286.871;38.634;3.316;0;7
COOPERATIVA DE CRÉDITO CARLOS CHAGAS LTDA. - SICOOB CARLOS CHAGAS;41753500;b3S;S5;I;2;CARLOS CHAGAS;MG;06/2023;331.620;206.213;248.624;202.051;82.995;8.383;0;7
CREDISAN COOPERATIVA DE CRÉDITO;62109566;b3S;S5;I;2;SAO JOAO DA BOA VISTA;SP;06/2023;330.652;106.571;282.301;254.610;48.351;3.780;0;14
COOPERATIVA DE CRÉDITO DE LIVRE ADMISSÃO DO SUL CATARINENSE - ACENTRA;3427097;b3S;S5;I;2;CRICIUMA;SC;06/2023;329.496;259.122;278.407;259.472;51.090;2.626;0;12
COOPERATIVA DE CRÉDITO E INVESTIMENTO COM INTERAÇÃO SOLIDÁRIA CONFIANÇA - CRESOL CONFIANÇA;7252614;b3S;S5;I;2;PAIM FILHO;RS;06/2023;326.671;226.678;283.861;158.759;42.810;2.570;0;14
UNIPRIME DO IGUAÇU - COOPERATIVA DE CRÉDITO, POUPANÇA E INVESTIMENTO;1848322;b3S;S5;I;2;PATO BRANCO;PR;06/2023;326.531;165.656;288.875;282.514;37.656;5.431;0;13
COOPERATIVA DE CRÉDITO SACRAMENTO LTDA - SICOOB SACRAMENTO;71154256;b3S;S5;I;2;SACRAMENTO;MG;06/2023;326.351;204.054;285.991;205.238;40.360;2.180;0;3
SEM PARAR SOCIEDADE DE CRÉDITO DIRETO S.A.;45879000;n1;S5;I;2;SAO PAULO;SP;06/2023;326.084;173.395;20.902;0;305.182;-7.848;2;0
COOPERATIVA DE CRÉDITO DOS SERVIDORES DOS PODERES LEGISLATIVOS DO ESTADO DE MINAS GERAIS E DO SEU ÓRGÃO AUXILIAR E DE LIVRE ADMISSÃO LTDA. - SICOOB COFAL;21797311;b3S;S5;I;2;BELO HORIZONTE;MG;06/2023;321.711;73.873;269.051;263.332;52.660;4.274;0;3
COOPERATIVA DE CRÉDITO DOS MÉDICOS, TÉCNICOS E DEMAIS PROFISSIONAIS DA SAÚDE DO SUL DE MINAS LTDA., UNICRED SUL DE MINAS;71418784;b3S;S5;I;2;VARGINHA;MG;06/2023;320.865;132.090;281.711;262.254;39.154;6.342;0;11
COOPERATIVA DE CRÉDITO DE LIVRE ADMISSÃO DO CENTRO-SUL GOIANO LTDA;33579731;b3S;S5;I;2;MORRINHOS;GO;06/2023;317.569;167.987;259.459;199.392;58.110;4.331;0;9
FITBANK INSTITUIÇÃO DE PAGAMENTOS ELETRÔNICOS S.A.;13203354;n4;;I;2;SAO PAULO;SP;06/2023;317.234;0;251.454;230.335;65.780;7.384;1;0
COOPERATIVA DE CRÉDITO CREDIRAMA LTDA - SICOOB CREDIRAMA;3412878;b3S;S5;I;2;ITURAMA;MG;06/2023;316.681;216.872;238.569;162.011;78.112;7.532;0;5
COOPERATIVA DE CRÉDITO E INVESTIMENTO COM INTERAÇÃO SOLIDÁRIA ALTO VALE - CRESOL ALTO VALE;7465539;b3S;S5;I;2;WITMARSUM;SC;06/2023;316.316;238.153;264.476;157.277;51.840;2.242;0;13
COOPERATIVA DE CRÉDITO CREDIALP LTDA - SICOOB CREDIALP;25353939;b3S;S5;I;2;ALPINOPOLIS;MG;06/2023;313.412;240.324;270.004;165.504;43.408;5.217;0;4
COOPERATIVA DE CRÉDITO E INVESTIMENTO COM INTERAÇÃO SOLIDÁRIA COOPERAR - CRESOL COOPERAR;5983995;b3S;S5;I;2;HUMAITA;RS;06/2023;312.226;223.963;270.786;183.808;41.440;4.950;0;13
COOPERATIVA DE CREDITO, POUPANCA E INVESTIMENTO DO RIO DE JANEIRO - SICREDI RIO RJ;72128440;b3S;S4;I;2;RIO DE JANEIRO;RJ;06/2023;311.420;193.366;253.094;204.991;58.327;306;0;11
COOPERATIVA DE CRÉDITO UNIÃO DO CENTRO OESTE DE MINAS LTDA. - SICOOB CENTRO UNIÃO;65239402;b3S;S5;I;2;CARMO DO CAJURU;MG;06/2023;310.758;126.436;261.969;227.810;48.789;6.501;0;5
COOPERATIVA DE CRÉDITO DO VALE EUROPEU - SICOOB EURO VALE;82133182;b3S;S5;I;2;TIMBO;SC;06/2023;309.992;213.683;271.697;258.740;38.295;1.338;0;14
VR;50524;b1;S4;C;2;SAO PAULO;SP;06/2023;308.449;5.048;274.741;229.660;33.708;66;4;0
COOPERATIVA DE CRÉDITO DO VALE DO SÃO FRANCISCO - SICREDI VALE DO SÃO FRANCISCO;4237413;b3S;S5;I;2;PETROLINA;PE;06/2023;307.437;147.738;262.974;242.755;44.463;1.672;0;6
COOPERATIVA DE CRÉDITO DE LIVRE ADMISSÃO SICOOB CREDIACIL;8795285;b3S;S5;I;2;LEME;SP;06/2023;306.905;135.482;283.347;275.441;23.558;1.403;0;4
COOPERATIVA DE CRÉDITO E INVESTIMENTO COM INTERAÇÃO SOLIDÁRIA TRANSFORMAÇÃO - CRESOL TRANSFORMAÇÃO;4261151;b3S;S5;I;2;DONA EMMA;SC;06/2023;305.098;206.715;266.974;174.414;38.124;2.818;0;9
COOPERATIVA DE CRÉDITO E INVESTIMENTO COM INTERAÇÃO SOLIDÁRIA DE GOIÁS - CRESOL GOIÁS;4490531;b3S;S5;I;2;ORIZONA;GO;06/2023;304.795;257.102;249.562;111.396;55.233;5.043;0;8
SICREDI CREDUNI - COOPERATIVA DE ECONOMIA E CRÉDITO MÚTUO DOS SERV DAS INST PÚBLICAS DE ENSINO SUPERIOR DO ESTADO DA PARAÍBA E DAS DEMAIS INSTITUIÇÕES E ÓRGÃOS PÚBLICOS NO ESTADO DA PARAÍBA;3428338;b3S;S5;I;2;CAMPINA GRANDE;PB;06/2023;302.526;231.696;238.186;213.835;64.340;3.078;0;7
COOPERATIVA DE CREDITO DE LIVRE ADMISSAO DE PITANGUI E REGIAO LTDA. - SICOOB CREDPIT;4181542;b3S;S5;I;2;PITANGUI;MG;06/2023;301.641;152.868;262.714;249.342;38.928;5.685;0;7
COOPERATIVA DE CRÉDITO DE LIVRE ADMISSÃO DE ANÁPOLIS E REGIÃO LTDA;33615055;b3S;S5;I;2;ANAPOLIS;GO;06/2023;300.624;187.331;241.583;227.638;59.041;4.829;0;6
C&A PAY SOCIEDADE DE CRÉDITO DIRETO S.A.;49173791;n1;S5;I;2;BARUERI;SP;06/2023;300.065;0;295.675;0;4.391;-3.292;1;0
SOCINAL S.A. - CRÉDITO, FINANCIAMENTO E INVESTIMENTO;3881423;n1;S5;I;2;ARARUAMA;RJ;06/2023;299.640;259.481;251.728;244.161;47.912;5.842;2;0
COOPERATIVA DE CRÉDITO UNICRED COOMARCA LTDA. - COOMARCA;4355489;b3S;S5;I;2;FLORIANOPOLIS;SC;06/2023;296.225;168.562;264.420;248.324;31.805;-1.085;0;2
COOPERATIVA DE CRÉDITO CREDINORTE LTDA. - SICOOB CREDINORTE;64276058;b3S;S5;I;2;NANUQUE;MG;06/2023;295.697;137.741;227.978;175.203;67.719;8.433;0;6
COOPERATIVA DE CRÉDITO DE LIVRE ADMISSÃO E DOS ADVOGADOS LTDA. - SICOOB CREDIJUR;2480577;b3S;S5;I;2;GOIANIA;GO;06/2023;292.910;131.113;235.573;227.525;57.336;1.031;0;3
COOPERATIVA DE CRÉDITO DE LIVRE ADMISSÃO DE PIRACANJUBA LTDA. - SICOOB CERRADO;5222094;b3S;S5;I;2;PIRACANJUBA;GO;06/2023;290.937;196.739;250.218;182.808;40.719;5.311;0;3
AGORACRED S/A SOCIEDADE DE CRÉDITO, FINANCIAMENTO E INVESTIMENTO;36321990;n1;S5;I;2;VITORIA;ES;06/2023;290.272;346.318;233.304;220.809;56.968;2.409;2;0
BGC LIQUIDEZ DISTRIBUIDORA DE TÍTULOS E VALORES MOBILIÁRIOS LTDA;33862244;n2;S4;I;3;RIO DE JANEIRO;RJ;06/2023;290.033;0;131.277;0;158.756;17.927;3;0
COOPERATIVA DE CRÉDITO RURAL DE SÃO MIGUEL DO OESTE - SULCREDI/SÃO MIGUEL;8253539;b3S;S5;I;2;SAO MIGUEL D'OESTE;SC;06/2023;287.468;141.217;257.618;256.478;29.850;1.003;0;5
ACESSO SOLUÇÕES DE PAGAMENTO S.A. - INSTITUIÇÃO DE PAGAMENTO;13140088;n4;;I;2;SAO PAULO;SP;06/2023;284.028;75.800;249.822;133.908;34.205;-15.159;1;0
COOPERATIVA DE CRÉDITO DE LIVRE ADMISSÃO DO ESTADO DO ACRE LTDA.;1608685;b3S;S5;I;2;RIO BRANCO;AC;06/2023;283.305;220.814;239.577;152.843;43.727;3.560;0;2
COOPERATIVA DE CRÉDITO SICOOB COOPMIL;62673470;b3S;S4;I;2;SAO PAULO;SP;06/2023;282.604;211.944;192.239;182.773;90.365;-10.846;0;33
COOPERATIVA DE CRÉDITO E INVESTIMENTO COM INTERAÇÃO SOLIDÁRIA MEIO OESTE - CRESOL MEIO OESTE;7946451;b3S;S5;I;2;TANGARA;SC;06/2023;281.006;195.811;243.998;166.686;37.009;3.448;0;18
COOPERATIVA DE CRÉDITO DE LIVRE ADMISSÃO DE CARMO DO RIO CLARO LTDA - SICOOB CREDICARMO;25743311;b3S;S5;I;2;CARMO DO RIO CLARO;MG;06/2023;280.923;173.294;223.165;176.835;57.758;5.750;0;2
FINAMAX S.A. - CREDITO, FINANCIAMENTO E INVESTIMENTO;411939;n1;S5;I;2;JUNDIAI;SP;06/2023;280.805;205.971;252.528;246.571;28.276;-8.206;4;0
COOPERATIVA DE CRÉDITO CREDIVAZ LTDA. - SICOOB CREDIVAZ;803287;b3S;S5;I;2;VAZANTE;MG;06/2023;279.654;180.004;225.151;189.521;54.503;3.579;0;4
COOPERATIVA DE CRÉDITO SICOOB CONFIANÇA;7097064;b3S;S5;I;2;MARECHAL CANDIDO RONDON;PR;06/2023;278.851;181.885;249.319;204.238;29.532;1.053;0;10
COOPERATIVA DE CRÉDITO DE LIVRE ADMISSÃO DO ESTADO DE GOIÁS;4406371;b3S;S5;I;2;GOIANIA;GO;06/2023;278.424;165.451;242.921;218.638;35.503;426;0;11
COOPERATIVA DE CRÉDITO RURAL DE IRAÍ DE MINAS LTDA -SICOOB CREDIMIL;71207740;b3S;S5;I;2;IRAI DE MINAS;MG;06/2023;276.962;98.723;228.680;156.636;48.282;5.430;0;0
COOPERATIVA DE CRÉDITO DE LIVRE ADMISSÃO DO SERTÃO DE MINAS GERAIS LTDA. - SICOOB SERTÃO MINAS;1667352;b3S;S5;I;2;PIRAPORA;MG;06/2023;276.436;195.037;246.032;208.351;30.404;99;0;5
VIC-DISTRIBUIDORA DE TITULOS E VALORES MOBILIARIOS S/A;14388516;n2;S4;I;2;RIO DE JANEIRO;RJ;06/2023;276.089;6.055;91.789;0;184.301;4.576;2;0
BANCO LETSBANK S.A.;58497702;b1;S4;I;2;SAO PAULO;SP;06/2023;275.210;60.773;247.916;225.955;27.293;-36.996;2;0
COOPERATIVA DE CREDITO CREDIAGRO LTDA. - SICOOB CREDIAGRO;429890;b3S;S5;I;2;CAMPOS ALTOS;MG;06/2023;275.115;166.429;225.986;142.731;49.129;5.034;0;4
WESTERN UNION;51767;b1;S4;C;3;SAO PAULO;SP;06/2023;274.990;0;93.396;0;181.593;14.250;4;0
COOPERATIVA DE ECONOMIA E CRÉDITO MÚTUO DOS SERVIDORES DO PODER JUDICIÁRIO, DO TRIBUNAL DE CONTAS ESTADUAL E DEMAIS ÓRGÃOS PÚBLICOS MUNICIPAIS, ESTADUAIS E FEDERAIS NO ESTADO DO RIO DE JANEIRO LTDA.;2000895;b3S;S5;I;2;RIO DE JANEIRO;RJ;06/2023;274.233;203.423;190.063;178.179;84.169;6.333;0;0
COOPERATIVA DE CREDITO DO PLANALTO SUL - SICOOB CREDISSERRANA;3033469;b3S;S5;I;2;LAGES;SC;06/2023;273.254;182.960;243.801;192.705;29.453;2.248;0;8
COOPERATIVA DE CRÉDITO DO RIO GRANDE DO NORTE - SICOOB RIO GRANDE DO NORTE;4138455;b3S;S5;I;2;NATAL;RN;06/2023;273.198;224.793;244.366;213.047;28.833;-4.368;0;5
COOPERATIVA DE CRÉDITO SICOOB COSTA DO DESCOBRIMENTO LTDA.;1205736;b3S;S5;I;2;ITAMARAJU;BA;06/2023;270.084;143.747;230.185;195.116;39.900;8.359;0;7
COOPERATIVA DE CRÉDITO E INVESTIMENTO COM INTERAÇÃO SOLIDÁRIA ORIGENS - CRESOL ORIGENS;5220243;b3S;S5;I;2;SARANDI;RS;06/2023;269.755;210.674;241.536;170.069;28.219;2.805;0;11
COOPERATIVA DE CRÉDITO DE LIVRE ADMISSÃO DE ASSOCIADOS LTDA. - SICOOB JUDICIÁRIO;37076205;b3S;S5;I;2;BRASILIA;DF;06/2023;269.730;166.684;217.908;213.372;51.822;-1.956;0;11
COOPERATIVA DE CRÉDITO COOPCRED;53623781;b3S;S5;I;2;VALPARAISO;SP;06/2023;268.656;121.808;233.077;192.336;35.579;-342;0;8
COOPERATIVA DE CRÉDITO CREDIBELO LTDA. - SICOOB CREDIBELO;71237184;b3S;S5;I;2;CAMPO BELO;MG;06/2023;267.826;134.743;232.305;185.272;35.521;2.584;0;7
COOPERATIVA DE ECONOMIA E CRÉDITO DE LIVRE ADMISSÃO LTDA. - SICOOB EMPRESARIAL;5856736;b3S;S5;I;2;BRASILIA;DF;06/2023;267.536;86.490;212.663;202.149;54.873;5.656;0;4
NVIO BRASIL INSTITUICAO DE PAGAMENTO LTDA;35136120;n4;S5;C;3;OSASCO;SP;06/2023;266.284;0;98.219;6.826;168.065;14.855;1;0
SUMUP SOCIEDADE DE CRÉDITO DIRETO S.A.;37241230;n1;S5;C;3;SAO PAULO;SP;06/2023;266.026;21;209.489;199.915;56.537;-4.750;2;0
COOPERATIVA DE CRÉDITO DE LIVRE ADMISSÃO CREDFAZ LTDA. - SICOOB CREDFAZ;952415;b3S;S5;I;2;BRASILIA;DF;06/2023;265.395;165.165;167.022;155.110;98.373;4.264;0;6
CREDISIS CAPITALCREDI - COOPERATIVA DE CRÉDITO DE LIVRE ADMISSÃO DO ACRE LTDA;5439425;b3S;S5;I;2;RIO BRANCO;AC;06/2023;263.380;107.566;208.996;197.037;54.384;8.595;0;1
COOPERATIVA DE CRÉDITO E ECONOMIA COM INTERAÇÃO SOLIDÁRIA - CRESOL INTERAÇÃO;8055016;b3S;S5;I;2;XAVANTINA;SC;06/2023;262.086;190.241;233.289;132.813;28.796;2.945;0;7
COOPERATIVA DE ECONOMIA E CRÉDITO MÚTUO DOS FUNCIONÁRIOS DA SECRETARIA DE ESTADO DA FAZENDA  DO ESTADO DE MINAS GERAIS E DE LIVRE ADMISSÃO LTDA - SICOOB COOPSEF;16721078;b3S;S5;I;2;BELO HORIZONTE;MG;06/2023;261.890;104.217;183.985;166.283;77.905;2.838;0;0
GREEN NET INSTITUIÇÃO DE PAGAMENTO LTDA;10314753;n4;;I;3;CUIABA;MT;06/2023;260.584;0;225.677;117.963;34.907;-87;1;0
CREDIALIANÇA COOPERATIVA DE CRÉDITO RURAL;78157146;b3S;S5;I;2;ROLANDIA;PR;06/2023;259.801;145.805;206.376;197.383;53.425;2.600;0;13
COOPERATIVA DE CRÉDITO RURAL DE ABELARDO LUZ - SULCREDI/CREDILUZ;1073966;b3S;S5;I;2;ABELARDO LUZ;SC;06/2023;259.080;176.324;214.231;208.675;44.848;1.494;0;16
COOPERATIVA DE CRÉDITO SICREDI CENTRO PERNAMBUCANA;41255225;b3S;S5;I;2;CARUARU;PE;06/2023;258.389;124.672;199.274;180.872;59.115;3.268;0;10
INTL FCSTONE;52041;b2;S4;C;3;SAO PAULO;SP;06/2023;258.343;0;128.347;7.083;129.996;10.323;4;0
CALCRED S.A. - CRÉDITO, FINANCIAMENTO E INVESTIMENTO;37122487;n1;S4;I;2;SAO JOSE;SC;06/2023;256.802;160.228;219.900;204.875;36.902;-10.114;2;0
COOPERATIVA DE CREDITO DO MERCADO IMOBILIÁRIO - SICOOB IMOB.VC;14913919;b3S;S5;I;2;BELO HORIZONTE;MG;06/2023;255.420;74.490;219.285;213.478;36.135;7.858;0;1
COOPERATIVA DE ECONOMIA E CRÉDITO MÚTUO DO VALE DAS ANTAS LTDA. - UNICRED PIONEIRA;94243839;b3S;S5;I;2;CASCA;RS;06/2023;253.694;166.092;226.857;221.777;26.837;1.983;0;3
COOPERATIVA DE CRÉDITO DE LIVRE ADMISSÃO DE PALMEIRAS E REGIÃO LTDA.;37631058;b3S;S5;I;2;PALMEIRAS DE GOIAS;GO;06/2023;251.328;162.646;168.288;118.291;83.040;7.709;0;4
COOPERATIVA DE CRÉDITO DE LIVRE ADMISSÃO DE PEDRO LEOPOLDO LTDA - SICOOB CREDIPEL;71441406;b3S;S5;I;2;PEDRO LEOPOLDO;MG;06/2023;250.744;118.422;216.128;201.033;34.616;5.130;0;10
NEGRESCO S.A. - CREDITO, FINANCIAMENTO E INVESTIMENTOS;4379829;n1;S5;I;2;CURITIBA;PR;06/2023;249.492;274.483;166.055;153.266;83.437;7.652;2;0
AGENCIA DE FOMENTO DE GOIAS S/A;3918382;n1;S4;I;1;GOIANIA;GO;06/2023;246.376;106.202;57.281;46.292;189.094;-8.440;2;0
COOPERATIVA DE CRÉDITO DA GRANDE FLORIANÓPOLIS - ÚNILOS;2405189;b3S;S5;I;2;FLORIANOPOLIS;SC;06/2023;246.018;152.899;206.581;201.094;39.438;2.348;0;9
COOPERATIVA DE CRÉDITO E INVESTIMENTO COM INTERAÇÃO SOLIDÁRIA NASCENTE - CRESOL NASCENTE;5494591;b3S;S5;I;2;ALFREDO WAGNER;SC;06/2023;245.599;176.862;216.866;113.066;28.732;2.823;0;5
LAUNCH PAD SOCIEDADE DE CRÉDITO DIRETO S.A.;45220646;n1;S5;I;2;BELO HORIZONTE;MG;06/2023;243.997;0;227.372;216.471;16.625;8.176;2;0
COOPERATIVA DE CRÉDITO DOS SERVIDORES PÚBLICOS NO ESTADO DA BAHIA LTDA. - SICOOB CRED EXECUTIVO;4321309;b3S;S5;I;2;SALVADOR;BA;06/2023;243.513;169.368;211.052;205.472;32.460;1.530;0;7
QISTA S.A. - CRÉDITO, FINANCIAMENTO E INVESTIMENTO;36583700;n1;S4;I;2;SAO PAULO;SP;06/2023;243.392;89.086;194.175;190.595;49.217;-5.414;2;0
COOPERATIVA DE CRÉDITO E ECONOMIA COM INTERAÇÃO SOLIDÁRIA CRESOL EVOLUÇÃO;2844024;b3S;S5;I;2;DIONISIO CERQUEIRA;SC;06/2023;242.159;170.161;216.797;138.977;25.363;1.411;0;9
COOPERATIVA DE CRÉDITO E ECONOMIA COM INTERAÇÃO SOLIDÁRIA - CRESOL ENCOSTAS DA SERRA GERAL;3485130;b3S;S5;I;2;SANTA ROSA DE LIMA;SC;06/2023;240.458;169.071;218.709;162.593;21.749;1.132;0;10
COOPERATIVA DE CRÉDITO DE LIVRE ADMISSÃO DE ASSOCIADOS DO PLANALTO SERRANO - SICOOB CREDISERRA SC;1692448;b3S;S5;I;2;URUPEMA;SC;06/2023;240.024;130.755;201.854;152.663;38.170;3.853;0;4
COOPERATIVA DE CRÉDITO DE LIVRE ADMISSÃO DO CENTRO SUL DE MATO GROSSO DO SUL - SICOOB CENTRO SUL MS;10319386;b3S;S5;I;2;DOURADOS;MS;06/2023;239.909;181.338;209.481;171.485;30.429;2.222;0;5
GAZINCRED S.A. SOCIEDADE DE CRÉDITO, FINANCIAMENTO E INVESTIMENTO;11760553;n1;S4;C;2;DOURADINA;PR;06/2023;235.681;189.308;106.113;70.016;129.568;12.679;2;0
COOPERATIVA DE ECONOMIA E CRÉDITO MÚTUO UNICRED HORIZONTES LTDA - UNICRED HORIZONTES;1526924;b3S;S5;I;2;IJUI;RS;06/2023;233.907;142.057;183.481;170.650;50.426;5.566;0;3
COOPERATIVA DE CRÉDITO DE LIVRE ADMISSÃO SICOOB COOPJUS LTDA.;25363615;b3S;S5;I;2;BELO HORIZONTE;MG;06/2023;233.247;147.426;162.229;153.542;71.018;1.578;0;2
COOPERATIVA DE CRÉDITO, POUPANÇA E INVESTIMENTO DOS JUÍZES E CARREIRAS PÚBLICAS DO DIREITO DO ESTADO DO RIO GRANDE DO SUL - SICREDI AJURIS RS;3750034;b3S;S4;I;2;PORTO ALEGRE;RS;06/2023;232.448;47.046;211.735;203.581;20.713;1.905;0;1
COOPERATIVA DE ECONOMIA E CRÉDITO MÚTUO NOS ESTADOS DE ALAGOAS, SERGIPE E BAHIA - SICOOB LESTE;2493000;b3S;S5;I;2;MACEIO;AL;06/2023;230.563;144.478;179.870;165.792;50.693;1.977;0;8
COOPERATIVA DE ECONOMIA E CRÉDITO MÚTUO DOS SERVIDORES MUNICIPAIS DA REGIÃO METROPOLITANA DO VALE DO PARAÍBA E LITORAL NORTE - SICOOB-CRESSEM;54190525;b3S;S5;I;2;SAO JOSE DOS CAMPOS;SP;06/2023;230.162;189.104;81.668;67.585;148.494;4.688;0;4
COOPERATIVA DE CRÉDITO HORIZONTE - SICOOB HORIZONTE;7194313;b3S;S5;I;2;ARAPONGAS;PR;06/2023;228.146;140.178;201.957;187.526;26.189;1.590;0;8
AGÊNCIA DE FOMENTO DO ESTADO DE MATO GROSSO S/A - DESENVOLVE MT;6284531;n1;S4;I;1;CUIABA;MT;06/2023;227.381;56.564;12.828;9.441;214.553;2.750;1;0
COOPERATIVA DE CRÉDITO CREDICAMPINA LTDA. - SICOOB CREDICAMPINA;1609345;b3S;S5;I;2;CAMPINA VERDE;MG;06/2023;227.363;147.991;202.515;132.316;24.848;641;0;1
COOPERATIVA DE CREDITO DE LIVRE ADMISSÃO DO VALE DO GORUTUBA LTDA - SICOOB CREDIVAG;25404542;b3S;S5;I;2;JANAUBA;MG;06/2023;224.266;100.294;178.227;149.811;46.039;4.577;0;7
COOPERATIVA DE CRÉDITO DE LIVRE ADMISSÃO DE CAMPOS GERAIS E CAMPO DO MEIO LTDA - SICOOB CREDCAM;71146450;b3S;S5;I;2;CAMPOS GERAIS;MG;06/2023;221.496;154.841;189.803;107.474;31.693;3.258;0;2
COOPERATIVA DE CRÉDITO DOS MAGISTRADOS, SERVIDORES DA JUSTIÇA DO ESTADO DE GOIÁS E EMPREGADOS DA CELG LTDA.;9552111;b3S;S5;I;2;GOIANIA;GO;06/2023;220.802;109.146;170.772;162.981;50.030;-2.705;0;2
BARRACRED - COOPERATIVA DE ECONOMIA E CRÉDITO MÚTUO;1439107;b3S;S5;I;2;BARRA BONITA;SP;06/2023;217.452;161.562;4.443;0;213.009;14.843;0;0
COOPERATIVA DE CRÉDITO, POUPANÇA E INVESTIMENTO SICREDI INTEGRAÇÃO BAHIA - SICREDI INTEGRAÇÃO BAHIA;97489280;b3S;S5;I;2;ITABUNA;BA;06/2023;215.847;102.927;170.052;146.638;45.795;1.469;0;5
WISE BRASIL CORRETORA DE CÂMBIO LTDA;36588217;n2;S4;C;3;SAO PAULO;SP;06/2023;213.791;0;121.545;0;92.245;25.844;2;0
SUPERLÓGICA SOCIEDADE DE CRÉDITO DIRETO S.A.;43599047;n1;S5;I;2;BARUERI;SP;06/2023;213.731;0;208.990;205.356;4.741;1.617;2;0
COOPERATIVA DE CRÉDITO DE LIVRE ADMISSÃO CREDIEMBRAPA LTDA - SICOOB.;2338666;b3S;S5;I;2;BRASILIA;DF;06/2023;213.180;140.602;164.280;157.635;48.900;-1.241;0;2
COOPERATIVA DE CRÉDITO DOS PROFISSIONAIS DE SAÚDE E DE LIVRE ADMISSÃO DO TRIÂNGULO MINEIRO E SUL DE MINAS LTDA. - UNICRED PROGRESSO;71432926;b3S;S5;I;2;UBERABA;MG;06/2023;213.043;103.032;182.673;165.969;30.370;1.594;0;4
EBANX INSTITUICAO DE PAGAMENTOS LTDA.;21018182;n4;;I;2;CURITIBA;PR;06/2023;212.125;0;98.272;88.806;113.853;6.861;1;0
COOPERATIVA DE CRÉDITO DE LIVRE ADMISSÃO DE ASSOCIADOS DO SUL DO BRASIL - CREVISC;10143743;b3S;S5;I;2;GUARAMIRIM;SC;06/2023;211.939;146.252;173.637;164.619;38.302;1.941;0;8
COOPERATIVA DE ECONOMIA E CRÉDITO MÚTUO - SICOOB COOPERAC;8071414;b3S;S5;I;2;RIBEIRAO PRETO;SP;06/2023;211.702;59.052;186.937;181.624;24.766;2.503;0;6
COOPERATIVA DE CRÉDITO E INVESTIMENTO COM INTERAÇÃO SOLIDÁRIA ALTERNATIVA - CRESOL ALTERNATIVA;7215632;b3S;S5;I;2;RIO DO SUL;SC;06/2023;211.056;171.149;185.645;110.610;25.411;1.251;0;10
COOPERATIVA DE CRÉDITO E INVESTIMENTO COM INTERAÇÃO SOLIDÁRIA MISSÕES FRONTEIRA RS - CRESOL MISSÕES FRONTEIRA RS;8488377;b3S;S5;I;2;GUARANI DAS MISSOES;RS;06/2023;207.809;146.916;182.793;106.538;25.017;1.901;0;9
COOPERATIVA DE CRÉDITO DE LIVRE ADMISSÃO DA REGIÃO DE SÃO SEBASTIÃO DO PARAÍSO LTDA. - SICOOB PARAÍSOCRED;1657678;b3S;S5;I;2;SAO SEBASTIAO DO PARAISO;MG;06/2023;207.466;143.709;180.202;174.010;27.264;-170;0;6
REAG DISTRIBUIDORA DE TÍTULOS E VALORES MOBILIÁRIOS S.A.;34829992;n2;S4;C;2;SAO PAULO;SP;06/2023;206.218;0;203.548;198.377;2.670;-795;2;0
COOPERATIVA DE CRÉDITO DE TIROS E MATUTINA LTDA.- SICOOB CREDITIROS;42880617;b3S;S5;I;2;TIROS;MG;06/2023;205.878;144.961;168.340;110.092;37.538;3.022;0;1
COOPERATIVA DE CRÉDITO E INVESTIMENTO COM INTERAÇÃO SOLIDÁRIA CENTRO SERRA - CRESOL CENTRO SERRA;1155801;b3S;S5;I;2;CURITIBANOS;SC;06/2023;205.732;156.786;173.996;95.716;31.736;2.105;0;10
OLIVEIRA TRUST DISTRIBUIDORA DE TÍTULOS E VALORES MOBILIARIOS S.A.;36113876;n2;S4;I;2;RIO DE JANEIRO;RJ;06/2023;204.246;0;148.769;92.562;55.477;22.730;3;0
COOPERATIVA DE CRÉDITO VALE DO CANOAS - SICOOB/SC CREDICANOAS;707903;b3S;S5;I;2;ABDON BATISTA;SC;06/2023;203.983;111.681;171.888;138.753;32.094;3.727;0;4
COOPERATIVA DE CRÉDITO CREDIBAM LTDA. - SICOOB CREDIBAM;66259110;b3S;S5;I;2;BAMBUI;MG;06/2023;202.355;89.903;161.618;145.506;40.737;4.870;0;3
BECKER FINANCEIRA S.A. - CRÉDITO, FINANCIAMENTO E INVESTIMENTO;20443996;n1;S5;I;2;CERRO LARGO;RS;06/2023;196.701;195.333;141.376;65.190;55.325;14.198;2;0
CM CAPITAL MARKETS;51248;n2;S4;C;3;SAO PAULO;SP;06/2023;193.670;0;162.276;106.688;31.394;546;4;0
ACQIO ADQUIRENCIA INSTITUICAO DE PAGAMENTO S.A.;33171211;n4;;C;2;SAO PAULO;SP;06/2023;190.709;0;186.295;126.921;4.414;-1.005;1;0
COOPERATIVA DE CRÉDITO E ECONOMIA COM INTERAÇÃO SOLIDÁRIA DE ARATIBA - CRESOL ARATIBA;4565791;b3S;S5;I;2;ARATIBA;RS;06/2023;189.520;124.441;169.658;111.323;19.862;1.207;0;5
COOPERATIVA DE CRÉDITO DA REGIÃO DO VALE DO RIO GRANDE LTDA. - SICOOB CREDILEITE;86585049;b3S;S5;I;2;UBERABA;MG;06/2023;189.171;90.673;166.308;149.097;22.863;2.396;0;4
COOPERATIVA DE ECONOMIA E CRÉDITO MÚTUO DOS SERVIDORES DA FEDERAÇÃO DO COMÉRCIO, SESC E SENAC DE SÃO PAULO;62928320;b3S;S5;I;2;SAO PAULO;SP;06/2023;186.725;149.694;7.286;0;179.439;9.902;0;0
STRIPE BRASIL SOLUCOES DE PAGAMENTO INSTITUICAO DE PAGAMENTO LTDA;22121209;n4;;I;3;SAO PAULO;SP;06/2023;186.561;0;172.113;0;14.448;-26.946;1;0
COOPERATIVA DE CRÉDITO DE LIVRE ADMISSÃO DE JATAÍ E REGIÃO LTDA.;10143499;b3S;S5;I;2;JATAI;GO;06/2023;186.342;115.410;156.309;144.059;30.033;3.611;0;4
BANCO DE LA PROVINCIA DE BUENOS AIRES;44189447;b1;S4;I;3;SAO PAULO;SP;06/2023;185.118;26.399;48.546;44.731;136.572;-225;2;0
COOPERATIVA DE CRÉDITO DO SUDOESTE BAIANO LTDA - SICOOB CREDICONQUISTA;2282165;b3S;S5;I;2;VITORIA DA CONQUISTA;BA;06/2023;184.542;81.828;150.309;144.104;34.233;4.500;0;6
COOPERATIVA DE CREDITO E ECONOMIA COM INTERACAO SOLIDARIA DE CHAPECO - CRESOL CHAPECO;4281182;b3S;S5;I;2;CHAPECO;SC;06/2023;183.143;140.904;172.156;112.055;10.988;-10.577;0;8
COOPERATIVA DE CRÉDITO SICREDI ALTO SERTÃO PARAIBANO - SICREDI ALTO SERTÃO PARAIBANO;9343038;b3S;S5;I;2;SOUSA;PB;06/2023;182.597;70.168;127.157;117.181;55.439;3.345;0;7
LIONS TRUST DISTRIBUIDORA DE TÍTULOS E VALORES MOBILIÁRIOS LTDA.;40768766;n2;S4;I;2;SAO PAULO;SP;06/2023;182.301;0;180.492;179.838;1.809;1.126;2;0
COOPERATIVA DE CRÉDITO SICOOBMAIS  LTDA. - SICOOBMAIS;26359745;b3S;S5;I;2;IGUATAMA;MG;06/2023;181.808;130.956;152.145;134.180;29.663;2.060;0;11
COOPERATIVA DE CRÉDITO E ECONOMIA COM INTERAÇÃO SOLIDÁRIA DE JACUTINGA - CRESOL JACUTINGA;2904125;b3S;S5;I;2;JACUTINGA;RS;06/2023;181.656;133.007;161.061;108.742;20.595;1.077;0;14
HS FINANCEIRA S/A CREDITO, FINANCIAMENTO E INVESTIMENTOS;7512441;n1;S4;C;2;DOIS IRMAOS;RS;06/2023;180.693;185.453;117.992;95.373;62.702;290;2;0
COOPERATIVA DE ECONOMIA E CRÉDITO MÚTUO DOS PROFISSIONAIS DA ÁREA NOTARIAL E REGISTRAL - COOPNORE;7714057;b3S;S5;I;2;PORTO ALEGRE;RS;06/2023;179.879;66.076;166.028;151.845;13.851;711;0;5
SUL AMERICA INVESTIMENTOS DISTRIBUIDORA DE TITULOS E VALORES MOBILIARIOS S.A.;32206435;n2;S4;I;3;SAO PAULO;SP;06/2023;179.371;0;22.796;0;156.575;7.763;3;0
COOPERATIVA DE CRÉDITO CREDIESMERALDAS LTDA. - SICOOB CREDIESMERALDAS;68512748;b3S;S5;I;2;ESMERALDAS;MG;06/2023;178.078;99.289;159.757;152.477;18.321;-2.646;0;14
COOPERATIVA DE ECONOMIA E CRÉDITO MÚTUO DE LIVRE ADMISSÃO DE ARARAQUARA E REGIÃO - SICOOB;53236808;b3S;S5;I;2;ARARAQUARA;SP;06/2023;177.531;52.984;159.977;155.789;17.553;1.483;0;6
COOPERATIVA DE CRÉDITO DE LIVRE ADMISSÃO DE ITAJUBÁ LTDA - SICOOB SUDESTE MAIS;4079285;b3S;S5;I;2;ITAJUBA;MG;06/2023;176.250;99.371;156.797;151.025;19.453;1.559;0;14
COOPERATIVA DE CREDITO CLASSICA DO ESTADO DO RIO DE JANEIRO - SICOOB EMPRESAS RJ;4120633;b3S;S5;I;2;RIO DE JANEIRO;RJ;06/2023;174.185;35.979;134.354;121.587;39.831;4.152;0;7
COOPERATIVA DE CRÉDITO DE LIVRE ADMISSÃO DO BRASIL CENTRAL LTDA. - SICOOB EXECUTIVO;694877;b3S;S5;I;2;BRASILIA;DF;06/2023;173.502;117.741;138.379;133.369;35.123;-204;0;5
COOPERATIVA DE CRÉDITO DOS MÉDICOS, SERVIDORES PÚBLICOS E EMPRESÁRIOS DO NORDESTE LTDA - UNICRED DO NORDESTE;2602922;b3S;S5;I;2;FEIRA DE SANTANA;BA;06/2023;172.952;128.133;152.781;130.039;20.171;-2.102;0;13
COOPERATIVA DE CRÉDITO DE LIVRE ADMISSÃO DE CERES E RIALMA LTDA;9576849;b3S;S5;I;2;CERES;GO;06/2023;172.785;47.662;148.706;137.395;24.079;2.583;0;3
COOPERATIVA DE CREDITO CECRES - SICOOB CECRES;54603022;b3S;S5;I;2;SAO PAULO;SP;06/2023;171.960;91.389;88.843;44.075;83.117;-114;0;11
COOPERATIVA DE CRÉDITO SICOOB NORTE SUL LTDA;2876918;b3S;S5;I;2;GANDU;BA;06/2023;171.321;119.213;146.627;136.896;24.693;191;0;9
COOPERATIVA DE CRÉDITO DO VALE DOS PINHAIS - SICOOB VALE DOS PINHAIS;86791837;b3S;S5;I;2;CACADOR;SC;06/2023;170.281;107.895;147.896;138.855;22.385;1.335;0;8
SIMPALA S.A. CRÉDITO, FINANCIAMENTO E INVESTIMENTO;34991938;n1;S4;C;2;PORTO ALEGRE;RS;06/2023;169.899;120.730;164.438;156.156;5.461;-60;2;0
COOPERATIVA DE CREDITO POTIGUAR - SICOOB POTIGUAR;2382755;b3S;S5;I;2;NATAL;RN;06/2023;168.053;125.994;143.466;137.819;24.587;-286;0;5
COOPERATIVA DE CRÉDITO, POUPANÇA E INVESTIMENTO EMPREENDEDORES - SICREDI EMPREENDEDORES PR;7070495;b3S;S4;I;2;CURITIBA;PR;06/2023;167.976;73.002;152.626;135.712;15.349;1.046;0;4
COOPERATIVA DE CRÉDITO E INVESTIMENTO COM INTERAÇÃO SOLIDÁRIA CENTRO NORTE - CRESOL CENTRO NORTE;5211129;b3S;S5;I;2;MARCELINO RAMOS;RS;06/2023;167.921;133.199;151.365;102.502;16.556;308;0;7
COOPERATIVA DE CRÉDITO DE LIVRE ADMISSÃO DE SANTA CRUZ DAS PALMEIRAS E REGIÃO;6910457;b3S;S5;I;2;SANTA CRUZ DAS PALMEIRAS;SP;06/2023;166.174;107.055;147.249;139.610;18.926;-2.325;0;3
PINBANK BRASIL INSTITUIÇÃO DE PAGAMENTO S.A.;17079937;n4;S5;C;3;SAO PAULO;SP;06/2023;166.138;0;135.966;106.065;30.171;3.082;1;0
COOPERATIVA DE CRÉDITO E ECONOMIA COM INTERAÇÃO SOLIDÁRIA - CRESOL DESENVOLVIMENTO;5425526;b3S;S5;I;2;CONCORDIA;SC;06/2023;165.994;116.766;148.688;96.842;17.306;575;0;7
COOPERATIVA DE CRÉDITO MÚTUO DOS PROFISSIONAIS DE NÍVEL SUPERIOR DA SAÚDE, ARQUITETOS E URBANISTAS DE SETE LAGOAS E REGIÃO LTDA - UNICRED SETE LAGOAS;71163315;b3S;S5;I;2;SETE LAGOAS;MG;06/2023;165.275;120.609;134.301;121.458;30.974;3.224;0;1
PAGUEVELOZ INSTITUIÇÃO DE PAGAMENTO LTDA.;3816413;n4;;C;3;BLUMENAU;SC;06/2023;163.077;0;132.536;56.027;30.541;6.908;1;0
BRINKS PAY INSTITUICAO DE PAGAMENTO LTDA;9437293;n4;;C;3;CAMPINAS;SP;06/2023;162.009;0;137.174;10.301;24.835;-5.522;1;0
SF3 CRÉDITO, FINANCIAMENTO E INVESTIMENTO S.A.;5503849;n1;S5;I;2;SAO PAULO;SP;06/2023;161.914;153.703;132.263;130.659;29.651;-3.363;2;0
SINOSSERRA FINANCEIRA S/A - SOCIEDADE DE CRÉDITO, FINANCIAMENTO E INVESTIMENTO;22639377;n1;S4;C;2;NOVO HAMBURGO;RS;06/2023;161.707;155.446;152.779;150.095;8.928;-2.214;2;0
COOPERATIVA DE ECONOMIA E CRÉDITO MÚTUO DOS MÉDICOS E DEMAIS PROFISSIONAIS DA ÁREA DE SAÚDE DE NÍVEL SUPERIOR DE JUIZ DE FORA LTDA. - UNICRED CAMINHO NOVO;71479653;b3S;S5;I;2;JUIZ DE FORA;MG;06/2023;160.884;103.885;140.032;128.540;20.852;1.204;0;5
COOPERATIVA DE CRÉDITO E INVESTIMENTO COM INTERAÇÃO SOLIDÁRIA TRANSAMAZÔNICA - CRESOL TRANSAMAZÔNICA;24431221;b3S;S5;I;2;PACAJA;PA;06/2023;159.196;124.516;140.395;107.864;18.801;114;0;11
COOPERATIVA DE CRÉDITO DE LIVRE ADMISSÃO DA MARGEM ESQUERDA DO URUCUIA E SÃO FRANCISCO LTDA - SICOOB CREDICHAPADA;14046512;b3S;S5;I;2;CHAPADA GAUCHA;MG;06/2023;159.077;112.023;128.546;73.973;30.531;3.377;0;2
PLANTAE S.A. - CRÉDITO, FINANCIAMENTO E INVESTIMENTO;35551187;n1;S4;I;2;PRESIDENTE PRUDENTE;SP;06/2023;157.392;141.033;135.247;134.113;22.146;1.471;2;0
COOPERATIVA DE CRÉDITO SICOOB COOPEMAR LTDA;4174720;b3S;S5;I;2;MAIRI;BA;06/2023;157.151;53.160;135.306;130.276;21.845;2.385;0;8
COOPERATIVA DE CREDITO DE LIVRE ADMISSÃO DA REGIÃO SUDESTE DE MINAS GERAIS LTDA. - SICOOB CREDISUCESSO;42887133;b3S;S5;I;2;BOM SUCESSO;MG;06/2023;154.673;51.456;133.977;129.942;20.696;3.781;0;6
COOPERATIVA DE ECONOMIA E CRÉDITO MÚTUO DOS MÉDICOS E DEMAIS PROFISSIONAIS DE NÍVEL SUPERIOR DA ÁREA DE SAÚDE DE OURINHOS - OURICRED;2179673;b3S;S5;I;2;OURINHOS;SP;06/2023;153.466;50.471;129.639;127.079;23.827;2.186;0;4
ALESTA SOCIEDADE DE CREDITO DIRETO S.A.;38316293;n1;S5;I;3;JAGUARIUNA;SP;06/2023;153.341;77.912;6.076;0;147.265;28.618;2;0
COOPERATIVA DE CRÉDITO DE LIVRE ADMISSÃO DE ARCOS LTDA. - SICOOB ARCOMCREDI;71230338;b3S;S5;I;2;ARCOS;MG;06/2023;151.164;72.388;129.983;126.584;21.181;3.145;0;2
COOPERATIVA DE CRÉDITO SICOOB ITAPAGIPE LTDA - SICOOB ITAPAGIPE;71506513;b3S;S5;I;2;ITAPAGIPE;MG;06/2023;150.471;70.062;114.309;74.276;36.162;2.681;0;0
PAY4FUN INSTITUICAO DE PAGAMENTO S.A.;20757199;n4;;I;2;SAO PAULO;SP;06/2023;149.498;0;118.749;108.538;30.749;3.490;1;0
COOPERATIVA DE CRÉDITO SICOOB UNI SUL MS;37554441;b3S;S5;I;2;DOURADOS;MS;06/2023;148.532;95.342;107.736;100.815;40.796;3.315;0;3
N26 SOCIEDADE DE CRÉDITO DIRETO S.A.;40867163;n1;S5;I;3;SAO PAULO;SP;06/2023;147.651;57.127;127.685;72.975;19.965;-31.941;2;0
RPW S/A SOCIEDADE DE CRÉDITO, FINANCIAMENTO E INVESTIMENTO;6249129;n1;S5;I;2;SAO PAULO;SP;06/2023;147.532;109.694;128.834;126.558;18.698;-1.080;2;0
BANCO RNX S.A.;80271455;b2;S4;I;2;CURITIBA;PR;06/2023;145.990;111.675;125.152;117.855;20.838;-48;2;0
COOPERATIVA DE CRÉDITO, POUPANÇA E INVESTIMENTO BANDEIRANTES - SICREDI BANDEIRANTES SP;4853988;b3S;S4;I;2;SAO CARLOS;SP;06/2023;144.634;88.837;125.082;106.870;19.552;3.518;0;6
COOPERATIVA DE CRÉDITO E ECONOMIA COM INTERAÇÃO SOLIDÁRIA - CRESOL ALIANÇA;7412987;b3S;S5;I;2;PINHALZINHO;SC;06/2023;144.084;110.854;126.281;78.946;17.803;1.539;0;7
B&T CORRETORA DE CAMBIO LTDA.;73622748;n2;S4;I;2;SAO PAULO;SP;06/2023;143.719;0;116.305;0;27.414;1.564;4;0
LAR COOPERATIVA DE CRÉDITO - LAR CREDI;39343350;b3S;S5;I;2;MEDIANEIRA;PR;06/2023;143.479;94.481;115.746;112.333;27.734;2.812;0;32
COOPERATIVA DE CRÉDITO DOS INTEGRANTES DO MINISTÉRIO PÚBLICO E DO PODER JUDICIÁRIO NOS ESTADOS DO AMAPÁ E CEARÁ E LIVRE ADMISSÃO NO ESTADO DO PARÁ - SICOOB COIMPPA;84156470;b3S;S5;I;2;BELEM;PA;06/2023;142.613;82.469;76.309;67.972;66.304;3.162;0;0
COOPERATIVA DE ECONOMIA E CRÉDITO MÚTUO DOS EMPREGADOS DO GRUPO CASINO, GRUPO PÃO DE AÇÚCAR E GRUPO ASSAÍ;46277273;b3S;S5;I;2;SAO PAULO;SP;06/2023;142.065;91.535;41.586;0;100.479;13.024;0;0
COMPANHIA HIPOTECÁRIA PIRATINI - CHP;18282093;n1;S4;I;2;PORTO ALEGRE;RS;06/2023;142.041;54.839;104.764;41.116;37.277;3.532;2;0
COOPERATIVA DE CREDITO CREDLIDER - SICOOB CREDLIDER;5463934;b3S;S5;I;2;VOTUPORANGA;SP;06/2023;142.034;30.264;115.230;101.039;26.804;2.260;0;3
COOPERATIVA DE CREDITO RURAL SEARA - CREDISEARA;204963;b3S;S5;I;2;SEARA;SC;06/2023;141.965;73.973;118.759;114.479;23.206;964;0;4
CREDITÁ S/A CRÉDITO, FINANCIAMENTO E INVESTIMENTO;12599971;n1;S5;I;2;PORTO ALEGRE;RS;06/2023;140.658;85.515;108.899;102.704;31.759;4.984;2;0
COOPERATIVA DE ECONOMIA E CRÉDITO MÚTUO DOS MÉDICOS E CATEGORIAS AFINS - UNICRED MÚLTIPLO VALOR LTDA.;1090027;b3S;S5;I;2;NITEROI;RJ;06/2023;140.027;90.330;116.456;105.369;23.571;-445;0;6
COOPERATIVA DE ECONOMIA E CRÉDITO MÚTUO DOS EMPREGADOS DA JOHNSON & JOHNSON;45691128;b3S;S5;I;2;SAO JOSE DOS CAMPOS;SP;06/2023;139.002;90.581;15.438;0;123.564;7.660;0;0
NOVA FUTURA CORRETORA DE TÍTULOS E VALORES MOBILIÁRIOS LTDA.;4257795;n2;S4;I;2;SAO PAULO;SP;06/2023;137.016;0;106.143;55.217;30.873;70;5;0
COOPERATIVA DE CRÉDITO E ECONOMIA COM INTERAÇÃO SOLIDÁRIA CRESOL VALE;7320890;b3S;S5;I;2;VITOR MEIRELES;SC;06/2023;136.587;91.409;116.559;83.872;20.028;2.948;0;5
WESTERN ASSET MANAGEMENT COMPANY DISTRIBUIDORA DE TÍTULOS E VALORES MOBILIÁRIOS LIMITADA;7437241;n2;S4;I;3;SAO PAULO;SP;06/2023;135.975;0;30.623;0;105.352;6.198;2;0
COOPERATIVA DE CRÉDITO, POUPANÇA E INVESTIMENTO DOS INTEGRANTES DA MAGISTRATURA E DO MINISTÉRIO PÚBLICO NO ESTADO DO PARANÁ - SICREDI CREDJURIS;4886317;b3S;S4;I;2;CURITIBA;PR;06/2023;134.972;38.961;113.238;103.201;21.734;1.512;0;2
UNICRED REGIONAL NORTE LAGOS - COOPERATIVA DE ECONOMIA E CRÉDITO MÚTUO REGIONAL NORTE LAGOS LTDA;4445917;b3S;S5;I;2;CAMPOS DOS GOYTACAZES;RJ;06/2023;133.887;89.804;114.282;105.780;19.605;-235;0;2
CREDISIS SUDOESTE/RO - COOPERATIVA DE CRÉDITO E INVESTIMENTO DO SUDOESTE DE RONDÔNIA;3985375;b3S;S5;I;2;ROLIM DE MOURA;RO;06/2023;129.784;73.802;107.911;103.584;21.873;1.524;0;3
COOPERATIVA DE CRÉDITO RURAL E ECONOMIA COM INTERAÇÃO SOLIDÁRIA DE GETÚLIO VARGAS - CRESOL GETÚLIO VARGAS;5241145;b3S;S5;I;2;GETULIO VARGAS;RS;06/2023;127.659;93.206;109.330;72.047;18.329;1.877;0;8
COOPERATIVA DE ECONOMIA E CRÉDITO MÚTUO DOS FUNCIONÁRIOS DO ATACADÃO;52046299;b3S;S5;I;2;SAO PAULO;SP;06/2023;127.586;66.862;9.418;0;118.168;9.941;0;0
COOPERATIVA DE CRÉDITO E ECONOMIA COM INTERAÇÃO SOLIDÁRIA - CRESOL INOVAÇÃO;5070112;b3S;S5;I;2;CORONEL MARTINS;SC;06/2023;127.583;95.684;109.335;65.153;18.248;485;0;8
COOPERATIVA CENTRAL DE ECONOMIA E CRÉDITO MÚTUO DAS UNICREDS DO ESTADO DO RIO DE JANEIRO E DO MATO GROSSO LTDA   UNICRED CENTRAL RJ/MT;86774775;b3C;S4;I;2;RIO DE JANEIRO;RJ;06/2023;127.276;0;103.151;8.222;24.125;0;0;0
LATAM TECNOLOGIA INSTITUICAO DE PAGAMENTO LTDA;33630661;n4;;I;2;MARINGA;PR;06/2023;126.343;0;123.153;40.352;3.190;1.894;1;0
COOPERATIVA DE CRÉDITO DE RIO RUFINO - SICOOB CREDIUNIÃO;2448839;b3S;S5;I;2;RIO RUFINO;SC;06/2023;124.809;78.224;105.986;82.370;18.822;1.703;0;3
COOPERATIVA DE CRÉDITO DE LIVRE ADMISSÃO DE ASSOCIADOS DE JARAGUÁ DO SUL E REGIÃO - SICOOB CEJASCRED;12384953;b3S;S5;I;2;JARAGUA DO SUL;SC;06/2023;124.672;62.687;102.218;97.645;22.454;3.976;0;4
COOPERATIVA DE CRÉDITO DE LIVRE ADMISSÃO DO OESTE MARANHENSE - SICOOB OESTE MARANHENSE;9424988;b3S;S5;I;2;ACAILANDIA;MA;06/2023;124.189;46.224;98.783;86.020;25.405;1.140;0;11
ADVANCED CORRETORA DE CÂMBIO LTDA;92856905;n2;S5;I;2;SAO PAULO;SP;06/2023;123.967;0;106.214;0;17.753;7.351;2;0
COOPERATIVA DE CREDITO DE LIVRE ADMISSÃO DE MARTINHO CAMPOS LTDA - SICOOB CREDIMAC;64480833;b3S;S5;I;2;MARTINHO CAMPOS;MG;06/2023;123.488;59.350;102.632;91.805;20.856;1.620;0;1
COOPERATIVA DE ECONOMIA E CRÉDITO MÚTUO DOS TRABALHADORES DO GRUPO SÃO MARTINHO   USICRED;2562412;b3S;S5;I;2;PRADOPOLIS;SP;06/2023;123.322;76.923;5.545;2.451;117.776;8.079;0;0
COOPERATIVA DE CRÉDITO E INVESTIMENTOS DE RONDÔNIA - SICOOB CREDJURD;4751713;b3S;S5;I;2;PORTO VELHO;RO;06/2023;123.139;53.113;88.962;84.870;34.177;5.241;0;4
COOPERATIVA DE ECONOMIA E CRÉDITO MÚTUO DOS MILITARES ESTADUAIS DE SANTA CATARINA - CREDPOM;4572960;b3S;S5;I;2;FLORIANOPOLIS;SC;06/2023;122.824;56.295;110.067;107.824;12.757;501;0;6
COOPERATIVA DE CREDITO E ECONOMIA COM INTERAÇÃO SOLIDÁRIA - CRESOL SERRA MAR;7958405;b3S;S5;I;2;RIO FORTUNA;SC;06/2023;122.617;74.231;111.314;89.646;11.303;888;0;5
COOPERATIVA DE CRÉDITO CREDICAPI LTDA - SICOOB CREDICAPI;804046;b3S;S5;I;2;CAPITOLIO;MG;06/2023;121.253;81.555;99.595;74.737;21.658;1.859;0;0
COOPERATIVA DE CRÉDITO DE LIVRE ADMISSÃO DE ASSOCIADOS - SICOOB CRUZ ALTA;73326449;b3S;S5;I;2;CRUZ ALTA;RS;06/2023;121.253;90.528;101.054;95.741;20.199;2.781;0;6
BBVA BRASIL BANCO DE INVESTIMENTO S.A.;45283173;b2;S4;I;3;SAO PAULO;SP;06/2023;119.059;0;3.873;0;115.185;-570;2;0
GREENCRED - COOPERATIVA DE CREDITO;2347114;b3S;S5;I;2;CURITIBA;PR;06/2023;118.811;34.130;91.493;79.059;27.319;2.128;0;2
MAF DISTRIBUIDORA DE TÍTULOS E VALORES MOBILIÁRIOS S.A.;36864992;n2;S4;C;3;RIO DE JANEIRO;RJ;06/2023;118.748;0;50.881;9.035;67.867;3.277;3;0
SICOOB CREDIMONTES - COOPERATIVA DE CRÉDITO DE LIVRE ADMISSÃO REGIONAL DE MONTES CLAROS LTDA;2031139;b3S;S5;I;2;MONTES CLAROS;MG;06/2023;118.649;58.740;95.953;90.253;22.697;3.364;0;3
BANCO CEDULA S.A.;33132044;b1;S4;I;2;RIO DE JANEIRO;RJ;06/2023;118.461;1.067;92.828;89.681;25.633;-928;2;0
COOPERATIVA DE CRÉDITO RURAL DOS FORNECEDORES DE CANA DA REGIÃO DE CATANDUVA-COFOCRED;49654502;b3S;S5;I;2;CATANDUVA;SP;06/2023;117.506;69.057;12.401;0;105.105;7.062;0;0
COOPERATIVA DE CRÉDITO, POUPANÇA E INVESTIMENTO ALTO RIO GRANDE MG - SICREDI CREDIGRANDE MG;25626490;b3S;S4;I;2;LAVRAS;MG;06/2023;115.943;70.217;104.629;86.398;11.314;-484;0;4
COOPERATIVA DE CRÉDITO DE LIVRE ADMISSÃO DA REGIÃO DE GUAXUPÉ LTDA. - SICOOB ACICREDI;1699652;b3S;S5;I;2;GUAXUPE;MG;06/2023;115.631;69.614;96.703;93.230;18.927;3.237;0;4
COOPERATIVA DE CRÉDITO DE LIVRE ADMISSÃO DO CIRCUITO DAS ÁGUAS - SICOOB CIRCUITO DAS ÁGUAS;3941182;b3S;S5;I;2;AGUAS DE LINDOIA;SP;06/2023;114.567;55.556;103.259;100.626;11.308;-570;0;5
COOPERATIVA DE CRÉDITO DOS EMPREGADOS DO GRUPO VALLOUREC NO BRASIL - COOVALL LTDA.;64293582;b3S;S5;I;2;BELO HORIZONTE;MG;06/2023;113.575;98.885;14.072;0;99.503;7.035;0;1
GOOGLE PAY BRASIL INSTITUICAO DE PAGAMENTO LTDA.;43394419;n4;;I;3;SAO PAULO;SP;06/2023;110.100;0;8.289;0;101.811;2.959;1;0
UNICRED COSTA DO SOL RJ - COOPERATIVA DE ECONOMIA E CRÉDITO MÚTUO LTDA.;39231527;b3S;S5;I;2;MACAE;RJ;06/2023;109.544;73.764;94.663;84.391;14.880;-540;0;4
COOPERATIVA DE CRÉDITO DE LIVRE ADMISSÃO DE RORAIMA LTDA.;2137018;b3S;S5;I;2;BOA VISTA;RR;06/2023;109.401;75.894;88.962;55.309;20.439;1.380;0;4
COOPERATIVA DE CRÉDITO MÚTUO DOS EMPREGADOS DA MAXION - CREDMAXION;58290800;b3S;S5;I;2;CRUZEIRO;SP;06/2023;109.297;84.511;3.128;0;106.169;7.056;0;1
BANCO DE LA NACION ARGENTINA;33042151;b1;S4;I;3;SAO PAULO;SP;06/2023;108.856;54.853;68.336;63.077;40.520;-1.885;2;0
COOPERATIVA DE CRÉDITO SICOOB IPÊ - SICOOB IPÊ;24610065;b3S;S5;I;2;CAMPO GRANDE;MS;06/2023;108.726;86.101;96.918;94.256;11.807;-136;0;2
COOPERATIVA DE CREDITO E ECONOMIA COM INTERAÇÃO SOLIDARIA - CRESOL LITORAL;5410056;b3S;S5;I;2;JAGUARUNA;SC;06/2023;108.583;76.318;99.262;78.101;9.322;-221;0;5
BRL TRUST DISTRIBUIDORA DE TÍTULOS E VALORES MOBILIÁRIOS S.A.;13486793;n2;S4;I;2;SAO PAULO;SP;06/2023;108.208;0;67.906;47.536;40.302;19.555;1;0
COOPERATIVA DE CRÉDITO DE LIVRE ADMISSÃO DA REGIÃO DO CAPARAÓ LTDA. - SICOOB SAÚDE;71261184;b3S;S5;I;2;CARATINGA;MG;06/2023;107.617;58.059;90.466;85.899;17.151;793;0;2
COOPERATIVA DE CRÉDITO DE LIVRE ADMISSÃO DFMIL LTDA. - SICOOB DFMIL;4649337;b3S;S5;I;2;BRASILIA;DF;06/2023;107.582;72.768;87.065;84.271;20.517;524;0;0
COOPERATIVA DE CRÉDITO, POUPANÇA E INVESTIMENTO DOS MILITARES ESTADUAIS E SERVIDORES DA SEGURANÇA DO ESTADO DO RIO GRANDE DO SUL - SICREDI MIL RS;3212823;b3S;S4;I;2;PORTO ALEGRE;RS;06/2023;107.531;71.689;90.039;78.877;17.492;-118;0;4
COOPERATIVA DE CRÉDITO E ECONOMIA COM INTERAÇÃO SOLIDÁRIA DE SÃO VALENTIM - CRESOL SÃO VALENTIM;3015152;b3S;S5;I;2;SAO VALENTIM;RS;06/2023;107.448;76.852;93.759;57.760;13.689;914;0;6
COOPERATIVA DE CREDITO E ECONOMIA COM INTERAÇÃO SOLIDARIA DE QUILOMBO - CRESOL QUILOMBO;73254757;b3S;S5;I;2;QUILOMBO;SC;06/2023;104.264;73.038;89.203;54.035;15.061;1.112;0;6
COOPERATIVA DE CRÉDITO DE LIVRE ADMISSÃO SICOOB UNIÃO SUDESTE;7946216;b3S;S5;I;2;SANTO ANDRE;SP;06/2023;103.464;65.503;93.047;86.785;10.417;1.320;0;7
COOPERATIVA DE CRÉDITO E ECONOMIA COM INTERAÇÃO SOLIDÁRIA - CRESOL XANXERÊ;7509426;b3S;S5;I;2;XANXERE;SC;06/2023;102.220;77.799;89.615;56.445;12.604;821;0;5
COOPERATIVA DE ECONOMIA E CRÉDITO MÚTUO DOS SERVIDORES PÚBLICOS NO ESTADO DO ESPÍRITO SANTO;1330295;b3S;S5;I;2;VITORIA;ES;06/2023;102.083;71.446;67.528;62.243;34.555;-574;0;6
FLAGSHIP INSTITUICAO DE PAGAMENTOS LTDA;23114447;n4;;I;2;SAO PAULO;SP;06/2023;101.810;0;63.732;56.707;38.079;2.717;1;0
AGROLEND SOCIEDADE DE CREDITO, FINANCIAMENTO E INVESTIMENTO S.A.;43774196;n1;S5;I;2;SAO PAULO;SP;06/2023;101.767;49.316;924;0;100.843;1.287;2;0
CENTROCRED S.A. CRÉDITO, FINANCIAMENTO E INVESTIMENTOS;26225776;n1;S5;I;2;SANTA CRUZ DO SUL;RS;06/2023;101.405;93.130;46.603;43.084;54.802;2.985;2;0
CREDISIS CREDIBRÁS COOPERATIVA DE CRÉDITO E INVESTIMENTO DE LIVRE ADMISSÃO DO OESTE DE RONDÔNIA;5597773;b3S;S5;I;2;NOVA BRASILANDIA;RO;06/2023;101.381;53.162;76.232;67.274;25.149;4.030;0;2
RENDIMENTOPAY INSTITUIÇÃO DE PAGAMENTO S.A.;13776742;n4;S4;C;2;SAO PAULO;SP;06/2023;101.373;5.882;89.739;61.907;11.633;525;1;0
AGÊNCIA DE FOMENTO E DESENVOLVIMENTO DO ESTADO DO PIAUÍ S.A. PIAUÍ FOMENTO;11836226;n1;S4;I;1;TERESINA;PI;06/2023;101.371;40.339;42.526;14.180;58.845;-988;1;0
COOPERATIVA DE ECONOMIA E CRÉDITO MÚTUO DOS SERVIDORES DA UNIVERSIDADE FEDERAL DE VIÇOSA LTDA. - SICOOB UFVCREDI;2794761;b3S;S5;I;2;VICOSA;MG;06/2023;100.763;57.272;68.914;66.567;31.849;1.727;0;2
COOPERATIVA DE CRÉDITO CREDPLUS LTDA. - SICOOB CREDPLUS;71069587;b3S;S5;I;2;DORES DO INDAIA;MG;06/2023;100.126;65.540;82.575;71.847;17.551;1.811;0;2
COOPERATIVA DE CRÉDITO CREDINOSSO LTDA - SICOOB CREDINOSSO;6324872;b3S;S5;I;2;MONTES CLAROS;MG;06/2023;99.406;62.743;85.591;83.039;13.815;1.578;0;2
COOPERATIVA DE ECONOMIA E CRÉDITO MÚTUO DOS MAGISTRADOS DE SÃO PAULO - MAGISCRED;51489318;b3S;S5;I;2;SAO PAULO;SP;06/2023;98.744;21.882;83.576;82.516;15.168;222;0;0
PLANNER;51341;n1;S4;C;2;SAO PAULO;SP;06/2023;98.391;2.034;73.870;43.613;24.521;-638;5;0
COOPERATIVA DE CRÉDITO MÚTUO DO CEARÁ - SICOOB CEARÁ;3620772;b3S;S5;I;2;FORTALEZA;CE;06/2023;98.308;80.852;85.226;81.179;13.082;-865;0;2
STARK SOCIEDADE DE CRÉDITO DIRETO S.A.;39908427;n1;S5;I;2;SAO PAULO;SP;06/2023;97.165;0;66.340;63.805;30.825;5.804;1;0
COOPERATIVA DE CRÉDITO RURAL - CREDICANA;44373041;b3S;S5;I;2;ASSIS;SP;06/2023;96.659;17.762;80.626;79.496;16.034;1.232;0;1
COOPERATIVA DE CRÉDITO MÚTUO DOS CORRETORES DE SEGUROS DO ESTADO DE SÃO PAULO - SICOOB CREDICOR/SP;8030602;b3S;S5;I;2;SAO PAULO;SP;06/2023;96.405;9.225;85.264;83.831;11.141;1.871;0;0
LECCA CRÉDITO, FINANCIAMENTO E INVESTIMENTO S/A;7652226;n1;S4;I;2;RIO DE JANEIRO;RJ;06/2023;95.776;91.721;76.496;73.654;19.281;-694;2;0
FAIR CORRETORA DE CAMBIO S.A.;32648370;n2;S4;I;2;SAO PAULO;SP;06/2023;95.284;0;81.656;0;13.628;-104;3;0
COOPERATIVA DE CRÉDITO E ECONOMIA COM INTERAÇÃO SOLIDÁRIA DE FORMOSA DO SUL - CRESOL FORMOSA;5269976;b3S;S5;I;2;FORMOSA DO SUL;SC;06/2023;94.772;56.303;82.505;54.753;12.267;619;0;4
COOPERATIVA DE CRÉDITO COGEM;44401800;b3S;S5;I;2;SAO BERNARDO DO CAMPO;SP;06/2023;94.307;69.145;13.252;2.201;81.055;5.457;0;8
COOPERATIVA DE ECONOMIA E CRÉDITO MÚTUO DOS SERVIDORES DA JUSTIÇA DO ESTADO DE MINAS GERAIS LTDA. - SICOOB CREDJUS;4894460;b3S;S5;I;2;BELO HORIZONTE;MG;06/2023;94.232;37.539;50.419;45.861;43.813;2.217;0;2
COOPERATIVA DE CRÉDITO NO PIAUÍ - SICOOB PIAUÍ;5477038;b3S;S5;I;2;TERESINA;PI;06/2023;94.162;43.799;79.820;74.067;14.342;-118;0;3
TENTOS S.A. CRÉDITO, FINANCIAMENTO E INVESTIMENTO;41498340;n1;S5;I;2;IJUI;RS;06/2023;94.056;71.745;77.410;75.272;16.646;470;2;0
ATRIA S.A.- CRÉDITO, FINANCIAMENTO E INVESTIMENTO;5956581;n1;S5;I;2;ARAUCARIA;PR;06/2023;93.505;68.394;15.053;0;78.452;2.553;2;0
COOPERATIVA DE CRÉDITO DE SÃO FRANCISCO DE SALES LTDA. - SICOOB CREDISALES;1374196;b3S;S5;I;2;SAO FRANCISCO DE SALES;MG;06/2023;93.179;48.024;76.457;49.772;16.721;1.867;0;0
COOPERATIVA DE CRÉDITO DE LIVRE ADMISSÃO - SICOOB COPESITA;19875244;b3S;S5;I;2;TIMOTEO;MG;06/2023;92.932;53.096;66.449;63.174;26.483;1.228;0;2
COOPERATIVA DE CRÉDITO MÚTUO DOS DESPACHANTES DE TRÂNSITO DE SANTA CATARINA E RIO GRANDE DO SUL - SICOOB CREDITRAN;4715685;b3S;S5;I;2;FLORIANOPOLIS;SC;06/2023;92.422;30.179;73.632;51.975;18.790;2.627;0;2
COOPERATIVA DE CRÉDITO SICOOB CREDCOOP LTDA.;2528151;b3S;S5;I;2;VITORIA DA CONQUISTA;BA;06/2023;92.231;68.812;68.541;66.627;23.690;443;0;3
COOPERATIVA DE CRÉDITO SICOOB UNIDAS;1042487;b3S;S5;I;2;BELEM;PA;06/2023;92.108;69.256;77.061;72.469;15.048;-2.800;0;10
COOPERATIVA DE CRÉDITO E INVESTIMENTO COM INTERAÇÃO SOLIDÁRIA VALE DO OURO - CRESOL VALE DO OURO;2025743;b3S;S5;I;2;EUCLIDES DA CUNHA;BA;06/2023;91.281;79.136;86.054;83.304;5.227;-7.018;0;23
COOPERATIVA DE ECONOMIA E CRÉDITO MÚTUO SICOOB METALCRED;4833655;b3S;S5;I;2;SAO PAULO;SP;06/2023;90.904;63.974;43.496;38.436;47.409;1.721;0;6
SITA SOCIEDADE CORRETORA DE CAMBIO E VALORES MOBILIARIOS S.A;17315359;n2;S4;I;2;BELO HORIZONTE;MG;06/2023;90.555;1.701;33.562;0;56.992;1.568;2;0
ÍNDIGO INVESTIMENTOS DISTRIBUIDORA DE TÍTULOS E VALORES MOBILIÁRIOS LTDA.;329598;n2;S4;I;3;SAO PAULO;SP;06/2023;88.453;0;68.175;38.685;20.278;2.724;2;0
COOPERATIVA DE CRÉDITO DE LIVRE ADMISSÃO DO ESTADO DO PARÁ - SICOOB COOESA;83836114;b3S;S5;I;2;BELEM;PA;06/2023;88.401;65.515;70.333;66.146;18.068;253;0;3
COOPERATIVA DE ECONOMIA E CRÉDITO MÚTUO DOS EMPREGADOS DO GRUPO FEMSA BRASIL;43488782;b3S;S5;I;2;SAO PAULO;SP;06/2023;88.258;73.124;9.742;0;78.516;6.334;0;0
COOPERATIVA DE CRÉDITO DE LIVRE ADMISSÃO DE ASSOCIADOS DE DORES DO INDAIÁ LTDA - COOPCREDI;2254376;b3S;S5;I;2;DORES DO INDAIA;MG;06/2023;87.720;44.270;72.311;70.725;15.409;1.643;0;1
JBCRED S.A. SOCIEDADE DE CREDITO, FINANCIAMENTO E INVESTIMENTO;4230630;n1;S5;I;2;SAO PAULO;SP;06/2023;87.683;29.356;3.204;0;84.479;904;2;0
COOPERATIVA DE ECONOMIA E CRÉDITO MÚTUO DOS FUNCIONÁRIOS DA NESTLÉ - CREDI NESTLÉ;62562012;b3S;S5;I;2;SAO PAULO;SP;06/2023;87.238;39.575;889;0;86.349;4.672;0;0
COOPERATIVA DE ECONOMIA E CRÉDITO MÚTUO DOS SERVIDORES PÚBLICOS - SICOOB COOPERPLAN CREDSEF;3603683;b3S;S5;I;2;BRASILIA;DF;06/2023;86.896;55.870;64.734;62.136;22.162;99;0;1
COOPERATIVA DE ECONOMIA E CRÉDITO DE LIVRE ADMISSÃO DOS EMPREGADOS DOS CORREIOS LTDA. - SICOOB COOPERCORREIOS;3862898;b3S;S5;I;2;BELO HORIZONTE;MG;06/2023;86.860;33.398;54.873;52.189;31.987;1.709;0;2
COOPERATIVA DE CRÉDITO MÚTUO DE LIVRE ADMISSÃO DA REGIÃO ADMINISTRATIVA DE SOROCABA - SICOOB COOPERASO;10175348;b3S;S5;I;2;SOROCABA;SP;06/2023;86.680;43.438;72.002;69.070;14.678;-1.731;0;4
COOPERATIVA DE CRÉDITO DE LIVRE ADMISSÃO SUL MARANHENSE - SICOOB SUL MARANHENSE;26526166;b3S;S5;I;2;BALSAS;MA;06/2023;86.584;45.337;74.483;70.082;12.100;2.503;0;0
COOPERATIVA DE CRÉDITO, POUPANÇA E INVESTIMENTO DOS POLICIAIS FEDERAIS DO RIO GRANDE DO SUL E SANTA CATARINA - SICREDI POL RS/SC;3000142;b3S;S4;I;2;PORTO ALEGRE;RS;06/2023;86.093;57.708;79.059;67.518;7.034;-221;0;2
COOPERATIVA DE CREDITO RURAL ASCOOB SISAL;63229629;b3S;S5;I;2;SERRINHA;BA;06/2023;83.951;42.752;82.066;79.287;1.884;-3.378;0;7
COOPERATIVA DE CRÉDITO, POUPANÇA E INVESTIMENTO DOS ESCRIVÃES, NOTÁRIOS E REGISTRADORES NO ESTADO DO PARANÁ - SICREDI CREDENOREG PR;6078926;b3S;S4;I;2;CURITIBA;PR;06/2023;83.313;19.410;70.018;62.930;13.295;2.005;0;1
COOPERATIVA DE CRÉDITO, POUPANÇA E INVESTIMENTO DOS PROFESSORES, FUNCIONÁRIOS E ALUNOS DA UNIVERSIDADE DE CAXIAS DO SUL - SICREDI COOPERUCS;4525997;b3S;S4;I;2;CAXIAS DO SUL;RS;06/2023;82.290;58.386;68.913;61.040;13.377;1.253;0;1
AVENUE SECURITIES DISTRIBUIDORA DE TÍTULOS E VALORES MOBILIÁRIOS LTDA.;61384004;n2;S4;I;2;SAO PAULO;SP;06/2023;81.211;0;77.655;70.088;3.556;-599;2;0
AGENCIA DE FOMENTO DO RIO GRANDE DO NORTE S.A.;3848103;n1;S4;I;1;NATAL;RN;06/2023;81.075;34.902;21.651;4.709;59.423;1.346;2;0
AGÊNCIA DE FOMENTO DE ALAGOAS S.A.;10769660;n1;S4;I;1;MACEIO;AL;06/2023;79.773;36.107;22.182;17.329;57.590;-1.039;1;0
ECONOMISA COMPANHIA HIPOTECÁRIA.;17441197;n1;S5;I;2;BELO HORIZONTE;MG;06/2023;79.300;5.863;56.519;14.693;22.781;379;3;0
COOPERATIVA CENTRAL DE CRÉDITO COM INTERAÇÃO SOLIDÁRIA - CENTRAL CRESOL NORDESTE;10013534;b3C;S4;I;2;LAURO DE FREITAS;BA;06/2023;79.068;11.540;71.487;10.381;7.581;32;0;0
SICOOB UNISP - COOPERATIVA DE CRÉDITO;74220948;b3S;S5;I;2;PRESIDENTE PRUDENTE;SP;06/2023;78.959;16.696;70.070;67.866;8.889;-149;0;3
COOPERATIVA DE ECONOMIA E CRÉDITO MÚTUO DOS EMPRESÁRIOS DE AMERICANA, LIMEIRA E REGIÃO - SICOOB ACICRED;9579249;b3S;S5;I;2;AMERICANA;SP;06/2023;77.810;35.556;67.268;63.979;10.542;-158;0;8
OPEA SOCIEDADE DE CRÉDITO DIRETO S.A.;39519944;n1;S5;I;3;SAO PAULO;SP;06/2023;77.732;0;75.117;74.651;2.615;1.430;2;0
COOPERATIVA DE CREDITO E ECONOMIA COM INTERAÇÃO SOLIDÁRIA - CRESOL TREZE DE MAIO;9330158;b3S;S5;I;2;TREZE DE MAIO;SC;06/2023;77.334;50.863;70.419;53.742;6.915;333;0;3
SICOOB CRED COPERCANA COOPERATIVA DE CRÉDITO;64739121;b3S;S5;I;2;SERTAOZINHO;SP;06/2023;77.113;29.093;45.815;44.095;31.297;1.541;0;1
COOPERATIVA DE ECONOMIA E CRÉDITO MÚTUO DOS EMPREGADOS DO BANRISUL;92935741;b3S;S5;I;2;PORTO ALEGRE;RS;06/2023;76.204;49.820;38.003;32.970;38.201;3.072;0;0
OM DISTRIBUIDORA DE TÍTULOS E VALORES MOBILIÁRIOS LTDA;11495073;n2;S4;I;2;SAO PAULO;SP;06/2023;75.950;0;44.312;0;31.638;5.564;2;0
COOPERATIVA DE CREDITO E ECONOMIA COM INTERAÇÃO SOLIDÁRIA - CRESOL JACINTO MACHADO;9463721;b3S;S5;I;2;JACINTO MACHADO;SC;06/2023;75.692;42.657;68.433;53.769;7.259;861;0;3
COOPERATIVA DE CRÉDITO CLÁSSICA DOS EMPREGADOS DA VALE S/A E ENTIDADES VINCULADAS LTDA. - SICOOB COOPVALE;33924028;b3S;S5;I;2;RIO DE JANEIRO;RJ;06/2023;75.239;43.582;61.991;58.271;13.248;-1.759;0;7
COOPERATIVA DE CRÉDITO RURAL E ECONOMIA COM INTERAÇÃO SOLIDÁRIA DE ÁUREA - CRESOL ÁUREA;2904138;b3S;S5;I;2;AUREA;RS;06/2023;74.246;52.294;64.163;38.738;10.083;1.028;0;4
COOPERATIVA DE CRÉDITO MÚTUO DOS SERVIDORES MUNICIPAIS DE SÃO JOÃO DA BOA VISTA - CREDIVISTA;74248949;b3S;S5;I;2;SAO JOAO DA BOA VISTA;SP;06/2023;73.979;53.557;50.451;48.785;23.528;661;0;0
AGÊNCIA DE FOMENTO DO ESTADO DE PERNAMBUCO S.A.;13178690;n1;S4;I;1;RECIFE;PE;06/2023;73.155;19.548;3.442;1.530;69.713;-142;1;0
COOPERATIVA DE CRÉDITO, POUPANÇA E INVESTIMENTO DO SISTEMA DE JUSTIÇA NO ESTADO DO CEARÁ - SICREDI COOPERJURIS;8041950;b3S;S5;I;2;FORTALEZA;CE;06/2023;73.013;55.661;62.651;57.535;10.362;51;0;2
COOPERATIVA DE CRÉDITO, POUPANÇA E INVESTIMENTO DAS CARREIRAS DO MINISTÉRIO PÚBLICO, TRIBUNAL DE CONTAS E SECRETARIA DA FAZENDA DO RIO GRANDE DO SUL - SICREDI MP RS;3662047;b3S;S4;I;2;PORTO ALEGRE;RS;06/2023;71.732;20.512;64.302;60.873;7.431;433;0;1
BELLUNO INSTITUICAO DE PAGAMENTO LTDA;25238191;n4;;I;2;JARAGUA DO SUL;SC;06/2023;70.632;0;66.158;9.942;4.474;561;1;0
COOPERATIVA DE ECONOMIA E CREDITO MUTUO DOS EMPREGADOS DAS EMPRESAS RANDON;89280960;b3S;S5;I;2;CAXIAS DO SUL;RS;06/2023;70.573;43.431;9.906;3.503;60.668;3.946;0;0
COOPERATIVA DE CRÉDITO DE LIVRE ADMISSÃO DE VITÓRIA DA CONQUISTA;2833202;b3S;S5;I;2;VITORIA DA CONQUISTA;BA;06/2023;70.211;43.179;53.544;47.626;16.667;776;0;2
COOPERATIVA DE ECONOMIA E CRÉDITO MÚTUO DOS SERVIDORES DA FUNDAÇÃO HOSPITALAR E EMPREGADOS DOS ESTABELECIMENTOS HOSPITALARES DE BELO HORIZONTE, REGIÃO METROPOLITANA E ZONA DA MATA LTDA.- SICOOB CECREF;19402130;b3S;S5;I;2;BELO HORIZONTE;MG;06/2023;69.986;44.971;40.976;35.000;29.010;1.715;0;3
COOPERATIVA DE ECONOMIA E CRÉDITO MÚTUO - COOPERSERV;5667301;b3S;S5;I;2;LENCOIS PAULISTA;SP;06/2023;69.510;44.924;50.780;48.964;18.730;299;0;2
M18 INSTITUIÇÃO DE PAGAMENTO S.A.;22575466;n4;;I;2;SAO PAULO;SP;06/2023;69.242;0;59.214;57.601;10.029;788;1;0
COOPERATIVA DE CRÉDITO, POUPANÇA E INVESTIMENTO DOS PROFISSIONAIS MÉDICOS E DA SAÚDE DE CURITIBA E REGIÃO METROPOLITANA - SICREDI MEDICRED PR;2924977;b3S;S4;I;2;CURITIBA;PR;06/2023;69.205;27.745;56.834;50.364;12.372;359;0;2
COOPERATIVA DE CREDITO E ECONOMIA COM INTERAÇÃO SOLIDARIA - CRESOL SÃO JOÃO DO SUL;9488496;b3S;S5;I;2;SAO JOAO DO SUL;SC;06/2023;68.687;41.396;60.672;43.703;8.015;673;0;3
COOPERATIVA DE CRÉDITO E ECONOMIA COM INTERAÇÃO SOLIDÁRIA DE CORONEL FREITAS - CRESOL CORONEL FREITAS;8647473;b3S;S5;I;2;CORONEL FREITAS;SC;06/2023;66.463;49.408;61.356;35.599;5.107;-1.366;0;3
MOVA SOCIEDADE DE EMPRÉSTIMO ENTRE PESSOAS S.A.;33959738;n1;S5;I;2;SAO PAULO;SP;06/2023;66.375;0;39.161;0;27.215;-9.279;2;0
COOPERATIVA DE CRÉDITO DOS CONTADORES, ADMINISTRADORES DE EMPRESAS, ECONOMISTAS E CORRETORES DE SEGUROS LTDA. - SICOOB CREDITABIL;2217068;b3S;S5;I;2;BELO HORIZONTE;MG;06/2023;65.360;5.402;55.392;54.310;9.968;1.286;0;0
CREDISIS OESTE - COOPERATIVA DE CRÉDITO E INVESTIMENTO DO OESTE;4985665;b3S;S5;I;2;ESPIGAO D'OESTE;RO;06/2023;64.971;35.846;47.228;41.493;17.743;3.232;0;0
COOPERATIVA DE ECONOMIA E CRÉDITO MÚTUO DO GRUPO BASF;74244344;b3S;S5;I;2;SAO PAULO;SP;06/2023;64.779;40.279;1.578;0;63.200;3.641;0;1
TREVISO CORRETORA DE CÂMBIO S.A.;2992317;n2;S4;I;2;SAO PAULO;SP;06/2023;64.273;0;47.051;0;17.223;2.079;2;0
COOPERATIVA DE CRÉDITO DOS SERVIDORES DA UNIÃO, EMPRESÁRIOS, PROFISSIONAIS AUTÔNOMOS E LIBERAIS - SICOOB CENTRO NORDESTE;3102185;b3S;S5;I;2;JOAO PESSOA;PB;06/2023;63.705;50.868;46.701;44.046;17.005;458;0;2
EWALLY INSTITUIÇÃO DE PAGAMENTO S.A.;714671;n4;;I;2;SAO PAULO;SP;06/2023;62.320;0;55.535;47.486;6.785;-2.073;1;0
SICOOB CREDICONSUMO - COOPERATIVA DE CRÉDITO;47074323;b3S;S5;I;2;SANTO ANDRE;SP;06/2023;62.187;34.897;29.195;25.400;32.992;1.234;0;5
COOPERATIVA DE CRÉDITO CREDIPIMENTA LTDA. - SICOOB CREDIPIMENTA;42934794;b3S;S5;I;2;PIMENTA;MG;06/2023;62.050;26.383;53.220;43.145;8.830;837;0;0
COOPERATIVA DE CRÉDITO, POUPANÇA E INVESTIMENTO DA ADVOCACIA E SERVENTUÁRIOS DO PODER JUDICIÁRIO NO ESTADO DO RIO GRANDE DO SUL - SICREDI COOABCRED RS;19962468;b3S;S4;I;2;PORTO ALEGRE;RS;06/2023;61.657;21.257;55.313;50.968;6.345;448;0;1
COOPERATIVA DE ECONOMIA E CRÉDITO MÚTUO DOS SERVIDORES PÚBLICOS DO ESTADO DE SÃO PAULO - CREDIPAULISTA;3139644;b3S;S5;I;2;SAO PAULO;SP;06/2023;61.467;6.061;3.437;0;58.030;2.620;0;0
SICOOB CREDIMED - COOPERATIVA DE CRÉDITO DE LIVRE ADMISSÃO DA CIDADE DE UBERABA LTDA.;71336432;b3S;S5;I;2;UBERABA;MG;06/2023;58.902;37.261;45.621;43.920;13.281;260;0;0
COOPERATIVA DE CREDITO SICOOB COOPEC LTDA.;32615247;b3S;S5;I;2;ITABUNA;BA;06/2023;58.319;42.588;27.059;23.957;31.260;193;0;1
GUITTA CORRETORA DE CAMBIO LTDA.;24074692;n2;S4;I;2;SAO PAULO;SP;06/2023;57.919;0;45.092;0;12.826;1.662;2;0
H H PICCHIONI S/A CORRETORA DE CAMBIO E VALORES MOBILIARIOS;17312083;n2;S4;I;2;BELO HORIZONTE;MG;06/2023;57.208;0;50.586;0;6.622;-115;3;0
COOPERATIVA DE CRÉDITO MÚTUO DOS PROFISSIONAIS DA SAÚDE E LIVRE ADMISSÃO DE TEÓFILO OTONI LTDA. - UNICRED TRÊS VALES;1709266;b3S;S5;I;2;TEOFILO OTONI;MG;06/2023;56.769;32.574;45.638;40.622;11.131;-322;0;0
GRAZZIOTIN FINANCEIRA S/A - CRÉDITO, FINANCIAMENTO E INVESTIMENTOS;6339468;n1;S5;I;2;PASSO FUNDO;RS;06/2023;56.475;64.183;25.444;20.447;31.031;1.909;2;0
COOPERATIVA DE CRÉDITO MÚTUO - SICOOB CREDIACISC;7669921;b3S;S5;I;2;SAO CARLOS;SP;06/2023;56.382;20.573;48.457;47.084;7.926;1.169;0;3
SICREDI COOMAMP - COOPERATIVA DE CRÉDITO DOS MEMBROS DE INSTITUIÇÕES PÚBLICAS DAS CARREIRAS JURÍDICAS E DOS SERVIDORES PÚBLICOS FEDERAIS, ESTADUAIS E MUNICIPAIS EM SÃO LUÍS/MA E MUNICÍPIOS CIRCUNVIZIN;5545390;b3S;S5;I;2;SAO LUIS;MA;06/2023;55.579;36.532;39.273;33.219;16.306;653;0;2
COOPERÁGUIA - COOPERATIVA DE ECONOMIA E CRÉDITO MÚTUO DOS EMPREGADOS DO GRUPO ÁGUIA BRANCA;27171974;b3S;S5;I;2;CARIACICA;ES;06/2023;55.557;39.717;9.874;0;45.683;2.962;0;0
DIRECAO S.A. CREDITO, FINANCIAMENTO E INVESTIMENTO;58158387;n1;S5;I;2;SANTOS;SP;06/2023;55.299;968;163;0;55.135;4.799;3;0
COOPERATIVA DE ECONOMIA E CRÉDITO MÚTUO DOS FUNCIONÁRIOS DA CARGILL;68228006;b3S;S5;I;2;SAO PAULO;SP;06/2023;52.861;46.373;10.848;9.863;42.013;1.779;0;0
CODEPE;52089;n1;S4;C;2;BARUERI;SP;06/2023;51.914;409;1.990;1.012;49.924;44;5;0
COOPERATIVA DE ECONOMIA E CREDITO MUTUO DOS MEDICOS E DEMAIS PROFISSIONAIS DA SAUDE DE JOACABA;2853045;b3S;S5;I;2;JOACABA;SC;06/2023;51.911;6.021;38.181;36.925;13.730;846;0;0
FRENTE CORRETORA DE CÂMBIO S.A.;71677850;n2;S4;I;2;SAO PAULO;SP;06/2023;51.746;0;47.274;649;4.473;2.324;2;0
FORIS GFS BR INSTITUICAO DE PAGAMENTO LTDA;39993186;n4;;I;3;SAO PAULO;SP;06/2023;51.698;0;35.044;11.980;16.654;-5.177;1;0
COOPERATIVA DE ECONOMIA E CRÉDITO MÚTUO DOS EMPREGADOS DA CENTRAIS ELÉTRICAS DE SANTA CATARINA - CREDELESC;8850613;b3S;S5;I;2;FLORIANOPOLIS;SC;06/2023;51.588;24.628;43.003;41.233;8.585;320;0;5
SUPERBID PAY INSTITUICAO DE PAGAMENTO LTDA;35084163;n4;;I;2;SAO PAULO;SP;06/2023;51.233;0;47.161;46.587;4.072;1.052;1;0
FINAXIS;51688;b1;S4;C;2;CURITIBA;PR;06/2023;51.136;0;27.749;13.493;23.387;1.074;4;0
COOPERATIVA DE ECONOMIA E CRÉDITO MÚTUO DOS TRABALHADORES NA ÁREA DE SAÚDE, AFINS E EMPRESÁRIOS VINCULADOS À ACCI DE ERECHIM - RS - CREDISIS/CREDISUL;7494300;b3S;S5;I;2;ERECHIM;RS;06/2023;50.987;32.952;44.429;43.271;6.558;1.499;0;0
PAGOL SOCIEDADE DE CRÉDITO DIRETO S.A.;48176336;n1;S5;I;2;BARUERI;SP;06/2023;50.664;181;39.681;5.648;10.983;895;2;0
CORRETORA GERAL DE VALORES E CÂMBIO LTDA;92858380;n2;S4;I;2;PORTO ALEGRE;RS;06/2023;48.781;0;21.397;5.312;27.383;-160;2;0
GALAPAGOS CAPITAL DISTRIBUIDORA DE TÍTULOS E VALORES MOBILIÁRIOS S.A.;28650236;n2;S4;I;2;SAO PAULO;SP;06/2023;48.766;0;18.726;17.130;30.040;-692;2;0
ACCREDITO - SOCIEDADE DE CRÉDITO DIRETO S.A.;37715993;n1;S5;I;2;SAO PAULO;SP;06/2023;48.240;39.633;2.014;1.065;46.226;-7.823;2;0
COOPERATIVA DE CRÉDITO DOS EMPRESÁRIOS DE MANAUS - SICOOB CREDEMPRESAS-AM;10808037;b3S;S5;I;2;MANAUS;AM;06/2023;47.965;29.832;37.006;36.032;10.960;1.513;0;0
WE PAY OUT INSTITUICAO DE PAGAMENTO LTDA.;32708748;n4;;I;2;CURITIBA;PR;06/2023;47.956;0;44.562;835;3.394;1.751;1;0
COOPERATIVA DE CRÉDITO DOS MÉDICOS E PROFISSIONAIS DE SAÚDE DE SÃO LUÍS - SICREDI SÃO LUÍS;8143326;b3S;S5;I;2;SAO LUIS;MA;06/2023;47.727;28.383;42.881;36.855;4.846;72;0;1
COOPERATIVA DE CAPITAL E EMPRÉSTIMO COOPERMULTICRED - COOPERMC;51010858;b3S;S5;I;2;GUARULHOS;SP;06/2023;47.045;43.575;618;0;46.427;2.346;0;0
COOPERATIVA DE CRÉDITO MÚTUO DOS EMPREGADOS DO MAGAZINE LUIZA, EMPRESAS CONTROLADAS E COLIGADAS - COOPLUIZA;2093154;b3S;S5;I;2;FRANCA;SP;06/2023;46.866;39.612;5.200;0;41.666;6.023;0;0
COOPERATIVA DE ECONOMIA E CRÉDITO MÚTUO DOS EMPREGADOS DA MONDELEZ BRASIL, PHILIP MORRIS BRASIL E K&S ALIMENTOS - SICOOB COOPMOND;62795257;b3S;S5;I;2;SAO PAULO;SP;06/2023;46.470;16.760;3.810;0;42.660;2.370;0;0
COOPERATIVA DE ECONOMIA E CRÉDITO MÚTUO DOS COLABORADORES DA VALE S.A LTDA. - SICOOB CREDIVALE;20961629;b3S;S5;I;2;ITABIRA;MG;06/2023;45.078;26.710;37.728;34.071;7.350;217;0;6
CREDITAS SOCIEDADE DE CRÉDITO DIRETO S.A.;32997490;n1;S5;I;3;SAO PAULO;SP;06/2023;44.716;7.516;37.991;0;6.725;-7.154;2;0
COOPERATIVA DE CRÉDITO MÚTUO DOS SERVIDORES PÚBLICOS MUNICIPAIS DE SÃO BERNARDO DO CAMPO - CREDIABC;3612679;b3S;S5;I;2;SAO BERNARDO DO CAMPO;SP;06/2023;44.082;32.024;16.964;13.351;27.118;984;0;0
COOPERATIVA  ECONOMIA CRÉDITO MÚTUO  SERVS E EMPREGADOS PÚBLICOS MUNIC DE BELO HORIZONTE BETIM BRUMADINHO CONTAGEM IBIRITÉ NOVA LIMA RIBEIRÃO DAS NEVES SABARÁ SANTA LUZIA E VESPASIANO SICOOB CREDISERV;1864151;b3S;S5;I;2;BELO HORIZONTE;MG;06/2023;43.603;23.985;22.952;21.152;20.650;867;0;0
UNIPRIME OURO - COOPERATIVA DE CRÉDITO DE OURO;7853842;b3S;S5;I;2;OURO;SC;06/2023;43.533;31.082;36.384;34.664;7.149;-3.275;0;6
MONEYCORP BANCO DE CÂMBIO S.A.;8609934;b2;S4;I;3;SAO PAULO;SP;06/2023;41.973;0;24.302;0;17.670;-1.747;2;0
MEDCRED COOPERATIVA DE CRÉDITO;3575699;b3S;S5;I;2;RIBEIRAO PRETO;SP;06/2023;41.749;16.380;38.992;37.537;2.757;-173;0;3
PARATI - CREDITO, FINANCIAMENTO E INVESTIMENTO S.A.;3311443;n1;S5;C;2;SAO PAULO;SP;06/2023;41.398;3.386;30.221;18.144;11.176;-640;2;0
AGÊNCIA DE FOMENTO DO ESTADO DO TOCANTINS S.A.;5474540;n1;S4;I;1;PALMAS;TO;06/2023;41.153;24.738;9.442;8.777;31.712;461;1;0
SERVICOOP - COOPERATIVA DE CRÉDITO DOS SERVIDORES PÚBLICOS ESTADUAIS E MUNICIPAIS DO RIO GRANDE DO SUL;3973814;b3S;S5;I;2;PORTO ALEGRE;RS;06/2023;40.422;19.996;26.821;24.911;13.602;-1.009;0;4
AGK CORRETORA DE CAMBIO S.A.;250699;n2;S4;I;2;SAO PAULO;SP;06/2023;40.281;0;34.111;0;6.170;293;2;0
COOPERATIVA DE CRÉDITO E ECONOMIA COM INTERAÇÃO SOLIDÁRIA DE ITATIBA DO SUL - CRESOL ITATIBA DO SUL;5745533;b3S;S5;I;2;ITATIBA DO SUL;RS;06/2023;40.266;26.753;35.750;22.497;4.516;-301;0;3
CREDISIS COOPERUFPA - COOPERATIVA DE ECONOMIA E CRÉDITO MÚTUO DOS SERVIDORES PÚBLICOS FEDERAIS E ESTADUAIS E DAS ENTIDADES DE ENSINO COM SEUS RESPECTIVOS FUNCIONÁRIOS NO ESTADO DO PARÁ;83325811;b3S;S5;I;2;BELEM;PA;06/2023;40.127;20.659;5.782;1.601;34.344;1.779;0;0
PARMETAL DISTRIBUIDORA DE TÍTULOS E VALORES MOBILIÁRIOS LTDA;20155248;n2;S4;I;2;BARUERI;SP;06/2023;39.421;0;10.891;0;28.530;2.574;5;0
F.D'GOLD - DISTRIBUIDORA DE TÍTULOS E VALORES MOBILIÁRIOS LTDA.;8673569;n2;S4;I;2;SAO PAULO;SP;06/2023;39.039;0;10.034;0;29.004;1.653;2;0
COOPERATIVA DE ECONOMIA E CRÉDITO MÚTUO DOS EMPREGADOS DO GRUPO COLORADO;2024442;b3S;S5;I;2;GUAIRA;SP;06/2023;38.733;36.363;2.968;0;35.764;2.372;0;0
DUFRIO FINANCEIRA, CRÉDITO, FINANCIAMENTO E INVESTIMENTOS S.A.;35479592;n1;S5;I;2;PORTO ALEGRE;RS;06/2023;38.321;42.300;20.541;20.089;17.780;-10.495;2;0
COOPERATIVA DE CRÉDITO DE ITAPETININGA - SICOOB CRED-ACI;8844074;b3S;S5;I;2;ITAPETININGA;SP;06/2023;38.226;5.406;31.855;30.796;6.371;856;0;0
COOPERATIVA DE CRÉDITO DE LIVRE ADMISSÃO DA REGIÃO SUL DO MARANHÃO - SICREDI SUL DO MARANHÃO;26191078;b3S;S5;I;2;IMPERATRIZ;MA;06/2023;38.156;17.032;31.393;27.194;6.763;-200;0;1
COOPERATIVA DE ECONOMIA E CRÉDITO MÚTUO SICOOB CRED-ACILPA;9004796;b3S;S5;I;2;LENCOIS PAULISTA;SP;06/2023;38.120;12.143;28.219;27.115;9.901;827;0;2
HINOVA PAY INSTITUICAO DE PAGAMENTO S.A.;27970567;n4;;I;2;BELO HORIZONTE;MG;06/2023;37.232;0;32.445;18.878;4.787;-2.185;1;0
CONTA PRONTA INSTITUICAO DE PAGAMENTO LTDA;12473687;n4;;I;2;BARUERI;SP;06/2023;36.726;0;21.310;21.063;15.416;726;1;0
HEDGEPOINT GLOBAL MARKETS DISTRIBUIDORA DE TITULOS E VALORES MOBILIÁRIOS LTDA.;35470647;n2;S4;I;3;CAMPINAS;SP;06/2023;35.836;0;16.720;0;19.116;1.471;2;0
COOPERATIVA DE ECONOMIA E CRÉDITO MÚTUO DOS EMPREGADOS DO GRUPO SCHAEFFLER;62284385;b3S;S5;I;2;SOROCABA;SP;06/2023;35.777;26.554;579;0;35.198;1.818;0;0
COOPERATIVA DE CRÉDITO MÚTUO DOS SERVIDORES FEDERAIS NA PARAÍBA - SICOOB COOPERCRET;2275781;b3S;S5;I;2;JOAO PESSOA;PB;06/2023;35.368;27.526;25.132;23.771;10.236;63;0;1
COOPERATIVA DE CREDITO DOS FORNECEDORES DE CANA E DEMAIS PRODUTORES RURAIS DO CENTRO DO ESTADO DE SAO PAULO - CREDICENTRO;53776852;b3S;S5;I;2;ARARAQUARA;SP;06/2023;33.996;7.982;15.245;13.214;18.750;693;0;0
COOPERATIVA DE ECONOMIA E CRÉDITO MÚTUO DOS FUNCIONÁRIOS DA FUNDAÇÃO ZERBINI E DA FUNDAÇÃO FACULDADE DE MEDICINA (FFM) - COOPINCOR;1997612;b3S;S5;I;2;SAO PAULO;SP;06/2023;33.671;16.717;972;0;32.699;1.865;0;0
VALOR SOCIEDADE DE CRÉDITO DIRETO S.A.;7799277;n1;S5;I;2;SAO PAULO;SP;06/2023;33.492;31.935;13.187;0;20.305;2.740;2;0
COOPERATIVA DE ECONOMIA E CRÉDITO MÚTUO DOS PEQUENOS EMPRESÁRIOS, MICROEMPRESÁRIOS E MICROEMPREENDEDORES DA REGIÃO METROPOLITANA DE PORTO ALEGRE - CREDISIS/COOPESA;6975532;b3S;S5;I;2;PORTO ALEGRE;RS;06/2023;32.250;2.148;19.923;18.895;12.327;1.578;0;0
FRAM CAPITAL DISTRIBUIDORA DE TÍTULOS E VALORES MOBILIÁRIOS S.A.;13673855;n2;S4;I;2;SAO PAULO;SP;06/2023;32.194;0;27.018;22.625;5.175;915;2;0
BANCO INDUSCRED DE INVESTIMENTO S.A.;33588252;b2;S4;I;2;SAO PAULO;SP;06/2023;32.004;38.031;10.563;10.354;21.441;-10.167;2;0
BRKB DISTRIBUIDORA DE TÍTULOS E VALORES MOBILIÁRIOS S.A.;33923111;n2;S4;I;3;SAO PAULO;SP;06/2023;31.985;0;13.759;0;18.226;-526;2;0
COOPERATIVA DE ECONOMIA E CREDITO MUTUO DOS FUNCIONARIOS DA COMIGO;1062439;b3S;S5;I;2;RIO VERDE;GO;06/2023;31.917;17.497;14.237;12.051;17.680;788;0;0
COOPERATIVA DE CRÉDITO CLÁSSICA DOS FUNCIONÁRIOS E PRESTADORES DE SERVIÇOS DAS EMPRESAS LIGADAS AO GRUPO EUCATUR LTDA. - SICOOB EUCRED;21110927;b3S;S5;I;2;JI-PARANA;RO;06/2023;31.617;21.087;25.775;24.762;5.842;39;0;4
COOPERATIVA DE CRÉDITO RURAL DOS PLANTADORES DE CANA DE ALAGOAS;12272183;b3S;S5;I;2;MACEIO;AL;06/2023;31.452;6.160;3.713;2.489;27.738;51;0;0
COOPERATIVA DE ECONOMIA E CRÉDITO MÚTUO DOS EMPREGADOS DA CBMM LTDA.;18140913;b3S;S5;I;2;ARAXA;MG;06/2023;31.342;24.912;1.685;0;29.657;2.776;0;1
PINTOS S.A. CREDITO, FINANCIAMENTO E INVESTIMENTO;35274306;n1;S5;I;2;TERESINA;PI;06/2023;31.254;13.559;902;0;30.352;1.236;2;0
H.COMMCOR DISTRIBUIDORA DE TÍTULOS E VALORES MOBILIÁRIOS LTDA.;1788147;n2;S4;I;2;SAO PAULO;SP;06/2023;31.010;0;16.481;6.096;14.529;425;2;0
SOCIAL BANK BANCO MÚLTIPLO S/A;15173776;b1;S4;I;2;SALVADOR;BA;06/2023;30.782;2.280;10.286;9.907;20.496;438;2;0
TRUSTEE DISTRIBUIDORA DE TÍTULOS E VALORES MOBILIÁRIOS LTDA.;67030395;n2;S4;I;2;SAO PAULO;SP;06/2023;30.725;0;13.985;9.008;16.740;156;2;0
COOPERATIVA    DE    ECONOMIA    E    CRÉDITO   MÚTUO  MINUANO;88325113;b3S;S5;I;2;CANOAS;RS;06/2023;30.714;13.646;12.207;10.890;18.507;794;0;5
COOPERATIVA DE ECONOMIA E CRÉDITO MÚTUO DOS SERVIDORES DA UNIVERSIDADE ESTADUAL DE CAMPINAS - COOPERUNICAMP;2285107;b3S;S5;I;2;CAMPINAS;SP;06/2023;30.232;24.412;2.572;0;27.661;1.396;0;0
COOPERATIVA DE CRÉDITO MÚTUO DOS SERVIDORES DO MINISTERIO DA EDUCAÇÃO EM SÃO PAULO - COOPEMESP;73092827;b3S;S5;I;2;SAO PAULO;SP;06/2023;30.202;24.176;12.301;11.315;17.901;363;0;0
CREFAZ SOCIEDADE DE CRÉDITO AO MICROEMPREENDEDOR E A EMPRESA DE PEQUENO PORTE LTDA.;18188384;n1;S5;I;2;MARINGA;PR;06/2023;29.595;15.888;9.168;0;20.427;6.941;2;0
BANCO PORTO REAL DE INVESTIMENTOS S.A;40429946;b2;S4;I;2;PORTO REAL;RJ;06/2023;29.356;20.722;705;0;28.651;856;2;0
COBUCCIO S/A - SOCIEDADE DE CRÉDITO, FINANCIAMENTO E INVESTIMENTOS;36947229;n1;S4;C;2;MONTE BELO;MG;06/2023;28.679;6;20.673;1.332;8.006;359;3;0
FIDÚCIA SOCIEDADE DE CRÉDITO AO MICROEMPREENDEDOR E À EMPRESA DE PEQUENO PORTE LIMITADA.;4307598;n1;S5;I;2;SOROCABA;SP;06/2023;28.491;1.164;23.358;21.774;5.133;702;2;0
COOPERATIVA DE ECONOMIA E CRÉDITO MÚTUO DOS FUNCIONÁRIOS DA ERICSSON - COOPERICSSON;48718183;b3S;S5;I;2;SAO PAULO;SP;06/2023;28.395;15.723;662;0;27.733;1.314;0;0
BROKER BRASIL CORRETORA DE CÂMBIO LTDA.;16944141;n2;S4;I;2;SAO PAULO;SP;06/2023;28.052;0;20.838;0;7.214;933;2;0
COOPERATIVA DE CRÉDITO DOS FORNECEDORES DE CANA DE BARRA BONITA E REGIÃO;44746352;b3S;S5;I;2;BARRA BONITA;SP;06/2023;28.044;13.583;7.316;4.406;20.728;576;0;0
COOPERATIVA DE CRÉDITO DOS MAGISTRADOS DO ESTADO DO RIO DE JANEIRO LTDA. - MAGICREDI-RJ;5040680;b3S;S5;I;2;RIO DE JANEIRO;RJ;06/2023;27.926;17.724;18.564;17.520;9.362;-26;0;2
COINVALORES CORRETORA DE CÂMBIO E VALORES MOBILIÁRIOS LTDA.;336036;n2;S5;I;2;SAO PAULO;SP;06/2023;27.869;0;5.430;0;22.439;-395;2;0
COOPERATIVA DE ECONOMIA E CRÉDITO MÚTUO DOS EMPREGADOS DAS EMPRESAS DO GRUPO ECONÔMICO RHODIA - CREDIRHODIA;57563728;b3S;S5;I;2;PAULINIA;SP;06/2023;27.637;22.074;6.182;5.483;21.455;323;0;1
LISTO SOCIEDADE DE CREDITO DIRETO S.A.;34088029;n1;S5;I;3;SAO PAULO;SP;06/2023;27.277;57;18.657;0;8.620;405;2;0
MERCADO BITCOIN INSTITUICAO DE PAGAMENTO LTDA;11351086;n4;;I;2;SAO PAULO;SP;06/2023;27.266;0;15.726;14.446;11.540;-5.562;1;0
CREBEL - COOPERATIVA DE ECONOMIA E CRÉDITO MÚTUO DOS COLABORADORES DAS EMPRESAS BELGO BEKAERT - CREBEL LTDA.;23241540;b3S;S5;I;2;CONTAGEM;MG;06/2023;26.311;9.426;2.189;0;24.122;1.633;0;0
SENSO CORRETORA DE CAMBIO E VALORES MOBILIARIOS S.A;17352220;n2;S4;I;2;RIO DE JANEIRO;RJ;06/2023;26.237;0;9.080;0;17.157;-6.056;2;0
COOPERATIVA DE CRÉDITO RURAL DE PEQUENOS AGRICULTORES E DA REFORMA AGRÁRIA DO CENTRO OESTE DO PARANÁ - CREHNOR LARANJEIRAS;1330387;b3S;S5;I;2;LARANJEIRAS DO SUL;PR;06/2023;25.330;11.462;21.950;21.241;3.380;752;0;3
COOPERATIVA DE ECONOMIA E CRÉDITO MÚTUO DOS FUNCIONÁRIOS DA TETRA PAK;67341487;b3S;S5;I;2;MONTE MOR;SP;06/2023;24.590;13.871;126;0;24.464;1.961;0;0
COOPERATIVA DE ECONOMIA E CRÉDITO MÚTUO DOS EMPREGADOS DA JOYSON SAFETY SYSTEMS - COOPERJSS;47944277;b3S;S5;I;2;JUNDIAI;SP;06/2023;24.553;24.306;4.058;0;20.495;2.391;0;0
RB INVESTIMENTOS DISTRIBUIDORA DE TITULOS E VALORES MOBILIARIOS LIMITADA;89960090;n2;S4;I;2;SAO PAULO;SP;06/2023;24.466;0;10.315;8.101;14.151;-785;2;0
COOPERATIVA DE ECONOMIA E CRÉDITO MÚTUO DOS TRABALHADORES DA CIA. DE PROCESSAMENTO DE DADOS DO ESTADO DE SÃO PAULO - CREDIPRODESP;67915868;b3S;S5;I;2;TABOAO DA SERRA;SP;06/2023;24.398;6.459;1.086;0;23.312;1.082;0;0
FÊNIX DISTRIBUIDORA DE TÍTULOS E VALORES MOBILIÁRIOS LTDA.;38429045;n2;S4;I;2;CUIABA;MT;06/2023;24.337;0;16.516;0;7.822;-35;2;0
AGENCIA DE FOMENTO DO AMAPA S.A.;2929977;n1;S4;I;1;MACAPA;AP;06/2023;24.273;18.578;6.804;2.352;17.469;-775;2;0
COOPERATIVA DE ECONOMIA CRÉDITO MÚTUO - SICOOB CREDSAÚDE;2072790;b3S;S5;I;2;PIRACICABA;SP;06/2023;23.820;9.816;20.019;19.003;3.801;414;0;2
MUNDINVEST S.A.-CORRETORA DE CAMBIO E VALORES MOBILIARIOS;25674235;n2;S4;I;2;BELO HORIZONTE;MG;06/2023;23.782;0;427;0;23.355;-4.854;1;0
PROTEGE PAY CASH INSTITUICAO DE PAGAMENTO S/A;40276692;n4;;I;2;SAO PAULO;SP;06/2023;23.012;0;19.629;18.835;3.383;-2.559;1;0
COOPERATIVA DE CRÉDITO SICOOB CREDMETAL;3535065;b3S;S5;I;2;OSASCO;SP;06/2023;22.924;17.673;11.314;10.120;11.610;189;0;3
COOPERATIVA DE CREDITO RURAL DE IBIAM - SULCREDI/IBIAM;8240446;b3S;S5;I;2;IBIAM;SC;06/2023;21.991;15.321;17.160;16.733;4.831;33;0;4
COOPERATIVA DE ECONOMIA E CRÉDITO MÚTUO DOS FUNCIONÁRIOS DO GRUPO OWENS-ILLINOIS DO BRASIL;43182278;b3S;S5;I;2;SAO PAULO;SP;06/2023;21.615;9.949;408;0;21.207;1.138;0;0
COBANSA COMPANHIA HIPOTECARIA;53263331;n1;S5;I;2;SAO PAULO;SP;06/2023;21.499;0;17.574;0;3.926;-210;2;0
INDEPENDÊNCIA COOPERATIVA DE CRÉDITO E INVESTIMENTO - INDEPENDÊNCIA COOPERATIVA DE CRÉDITO;4306351;b3S;S5;I;2;SAO PAULO;SP;06/2023;21.268;6.073;10.678;4.220;10.589;820;0;0
AMARIL FRANKLIN CORRETORA DE TÍTULOS E VALORES LTDA;17312661;n2;S4;I;2;BELO HORIZONTE;MG;06/2023;21.220;0;8.613;4.709;12.607;-744;2;0
U4C INSTITUIÇÃO DE PAGAMENTO S.A.;30980539;n4;;I;2;BELO HORIZONTE;MG;06/2023;21.214;0;21.747;6.739;-532;-1.976;1;0
COOPERATIVA DE ECONOMIA E CRÉDITO MÚTUO DOS FUNCIONÁRIOS DA VILLARES METALS;53846242;b3S;S5;I;2;SUMARE;SP;06/2023;20.794;17.612;220;0;20.574;980;0;0
COMPREV SOCIEDADE DE CRÉDITO DIRETO S.A.;46241852;n1;S5;I;2;RIO DE JANEIRO;RJ;06/2023;20.701;148;161;0;20.540;305;2;0
COOPERATIVA DE ECONOMIA E CRÉDITO MÚTUO DOS EMPREGADOS DA COMPANHIA BRASILEIRA DE ALUMÍNIO;54335401;b3S;S5;I;2;ALUMINIO;SP;06/2023;20.598;16.733;625;104;19.973;720;0;0
DELCRED SOCIEDADE DE CRÉDITO DIRETO S.A.;38224857;n1;S5;I;2;ARACAJU;SE;06/2023;20.364;4.554;18.356;12.879;2.007;-762;2;0
COOPERATIVA DE CRÉDITO MÚTUO DOS SERVIDORES DA ASSEMBLEIA LEGISLATIVA DO ESTADO DE SÃO PAULO - COOPERALESP;4791645;b3S;S5;I;2;SAO PAULO;SP;06/2023;20.361;17.443;844;0;19.517;1.059;0;0
COOPERATIVA DE ECONOMIA E CRÉDITO MÚTUO DOS FUNCIONÁRIOS DO GRUPO JAL LTDA.;5548335;b3S;S5;I;2;SAO JOAO DE MERITI;RJ;06/2023;19.997;6.393;3.452;0;16.545;792;0;0
UZZIPAY INSTITUIÇÃO DE PAGAMENTO S.A.;32192325;n4;;I;2;PORTO VELHO;RO;06/2023;19.965;0;15.166;1.611;4.798;-3.703;1;0
COOPERATIVA DE ECONOMIA E CRÉDITO MÚTUO DOS COLABORADORES DO GRUPO EMPRESARIAL A COSTA LTDA.;20062766;b3S;S5;I;2;VISCONDE DO RIO BRANCO;MG;06/2023;19.911;14.840;1.369;1;18.542;720;0;0
COOPERATIVA DE ECONOMIA E CRÉDITO MÚTUO DOS EMPREGADOS DA AÇO MINAS GERAIS S.A. - AÇOMINAS E EMPRESAS SUBSIDIÁRIAS EM OURO BRANCO LTDA. - COOPAÇO;17314501;b3S;S5;I;2;OURO BRANCO;MG;06/2023;19.647;8.093;2.560;0;17.087;1.088;0;0
TAMBASA SOCIEDADE DE CRÉDITO DIRETO S.A.;37134759;n1;S5;I;2;BELO HORIZONTE;MG;06/2023;19.473;13.021;334;0;19.139;-1.086;2;0
ID CORRETORA DE TÍTULOS E VALORES MOBILIÁRIOS S.A.;16695922;n2;S4;I;2;SAO PAULO;SP;06/2023;19.428;0;16.100;10.556;3.328;1.447;2;0
COOPERATIVA DE ECONOMIA E CREDITO MUTUO DOS SERVIDORES PUBLICOS DE PINHÃO - CRESERV-PINHÃO;4831810;b3S;S5;I;2;PINHAO;PR;06/2023;19.358;16.281;12.719;11.917;6.638;543;0;1
HEDGE INVESTMENTS DISTRIBUIDORA DE TÍTULOS E VALORES MOBILIÁRIOS LTDA.;7253654;n2;S4;I;2;SAO PAULO;SP;06/2023;19.335;0;6.567;0;12.767;1.021;2;0
COOPERATIVA DE CRÉDITO DOS EMPREGADOS DE ELEVADORES ATLAS;43730498;b3S;S5;I;2;SAO PAULO;SP;06/2023;19.247;11.772;1.143;0;18.104;734;0;0
INVEST CORRETORA DE CÂMBIO LTDA.;17508380;n2;S5;I;2;PORTO ALEGRE;RS;06/2023;19.038;0;14.847;0;4.192;-153;2;0
COOPERATIVA DE ECONOMIA E CRÉDITO MÚTUO DOS SERVIDORES DA PREFEITURA MUNICIPAL DE ORLÂNDIA - CRED SERV;946465;b3S;S5;I;2;ORLANDIA;SP;06/2023;19.018;15.890;2.266;1.888;16.752;803;0;0
COOPERATIVA DE ECONOMIA E CRÉDITO MÚTUO DOS EMPREGADOS DA MINERACÃO RIO DO NORTE S/A, EM PORTO TROMBETAS LIMITADA -  CREDNORTE;4998845;b3S;S5;I;2;ORIXIMINA;PA;06/2023;18.833;13.978;531;0;18.302;606;0;0
INTERCAM CORRETORA DE CÂMBIO LTDA.;34265629;n2;S4;I;2;SAO PAULO;SP;06/2023;18.781;0;7.768;0;11.013;486;2;0
DMCARD;52357;n1;S5;C;2;SAO JOSE DOS CAMPOS;SP;06/2023;18.592;1;3.680;2.445;14.912;-61;4;0
COOPERATIVA DE CRÉDITO RURAL ASCOOB SERTÕES - ASCOOB SERTÕES;7564184;b3S;S5;I;2;PAO DE ACUCAR;AL;06/2023;18.095;13.348;16.998;11.644;1.097;-1.156;0;3
COOPERATIVA DE CRÉDITO MÚTUO DO ABC - COOPER 7;4414354;b3S;S5;I;2;SAO BERNARDO DO CAMPO;SP;06/2023;18.087;15.199;5.061;3.708;13.026;257;0;2
COOPERATIVA DE ECONOMIA E CRÉDITO MÚTUO DOS EMPREGADOS DAS EMPRESAS METALÚRGICAS DE MATÃO - METALCOOPERCRED;53505681;b3S;S5;I;2;MATAO;SP;06/2023;18.084;11.210;1.785;0;16.299;909;0;0
COPERCRED - COOPERATIVA DE ECONOMIA E CRÉDITO MÚTUO DOS EMPREGADOS DAS EMPRESAS ZILLO LORENZETTI;58022195;b3S;S5;I;2;LENCOIS PAULISTA;SP;06/2023;18.036;8.887;4.008;3.096;14.028;239;0;2
COOPERATIVA DE ECONOMIA E CRÉDITO MÚTUO DOS PETROLEIROS NO ESTADO DE MINAS GERAIS LTDA. - COPETRO;26758433;b3S;S5;I;2;BELO HORIZONTE;MG;06/2023;17.896;15.470;1.522;0;16.374;-1.120;0;0
GOLCRED S/A - CRÉDITO, FINANCIAMENTO E INVESTIMENTO;7631026;n1;S4;I;2;SAO JOSE;SC;06/2023;17.689;15.652;9.836;9.476;7.853;72;2;0
COOPERATIVA DE ECONOMIA E CRÉDITO MÚTUO DOS COLABORADORES DA CEBRACE;53184438;b3S;S5;I;2;JACAREI;SP;06/2023;17.569;13.533;197;0;17.372;1.089;0;2
OPPORTUNITY DISTRIBUIDORA DE TÍTULOS E VALORES MOBILIÁRIOS LTDA;1582158;n2;S4;I;2;RIO DE JANEIRO;RJ;06/2023;17.558;0;3.889;0;13.669;592;3;0
COOPERATIVA DE CRÉDITO DOS SERVIDORES PÚBLICOS MUNICIPAIS DA GRANDE VITÓRIA/ES;1235921;b3S;S5;I;2;VITORIA;ES;06/2023;17.432;8.279;1.393;0;16.039;217;0;1
COOPERATIVA DE ECONOMIA E CRÉDITO MÚTUO DOS EMPREGADOS DA TEKSID DO BRASIL LTDA., NEMAK ALUMÍNIO DO BRASIL LTDA. E TUPY MINAS GERAIS LTDA.;4249235;b3S;S5;I;2;BETIM;MG;06/2023;17.391;6.954;1.005;0;16.386;875;0;0
GLOBAL EXCHANGE DO BRASIL SOCIEDADE CORRETORA DE CÂMBIO LTDA.;21040668;n2;S4;I;3;RIO DE JANEIRO;RJ;06/2023;17.267;0;1.143;0;16.124;743;5;0
ASPECIR - SOCIEDADE DE CRÉDITO AO MICROEMPREENDEDOR E À EMPRESA DE PEQUENO PORTE LTDA.;5289612;n1;S5;I;2;PORTO ALEGRE;RS;06/2023;17.172;15.362;3.436;0;13.736;761;2;0
COOPERATIVA DE ECONOMIA E CRÉDÍTO MÚTUO DOS FUNCIONÁRIOS DA MWM TUPY DO BRASIL;59620708;b3S;S5;I;2;SAO PAULO;SP;06/2023;16.878;12.293;163;0;16.715;899;0;0
COOPERATIVA DE CRÉDITO MÚTUO DOS POLICIAIS FEDERAIS E SERVIDORES DA UNIÃO NO ESPÍRITO SANTO - CREDFEDERAL;2083914;b3S;S5;I;2;VILA VELHA;ES;06/2023;16.670;11.667;11.972;11.357;4.697;-74;0;1
COOPERATIVA DE ECONOMIA E CREDITO MUTUO DOS EMPREGADOS DO GRUPO BAYER LTDA;73631483;b3S;S5;I;2;BELFORD ROXO;RJ;06/2023;16.486;8.561;1.432;0;15.055;918;0;0
COOPERATIVA DE ECONOMIA E CRÉDITO MÚTUO DOS SERVIDORES PÚBLICOS MUNICIPAIS EM JOÃO MONLEVADE LTDA. - COPREMON;18310649;b3S;S5;I;2;JOAO MONLEVADE;MG;06/2023;16.423;15.031;1.242;0;15.181;570;0;0
COOPERATIVA DE ECONOMIA E CREDITO MUTUO DOS EMPREGADOS DE CHOCOLATES GAROTO LTDA. - CREDI-GAROTO;30949267;b3S;S5;I;2;VILA VELHA;ES;06/2023;16.324;6.014;13.768;13.299;2.556;-84;0;0
COOPERATIVA DE CRÉDITO E SERVIÇOS FINANCEIROS DE CURITIBA E REGIÃO METROPOLITANA;5097757;b3S;S5;I;2;CURITIBA;PR;06/2023;16.264;12.376;7.785;7.449;8.479;-66;0;0
COOPERATIVA DE ECONOMIA E CRÉDITO MÚTUO DOS EMPREGADOS DAS EMPRESAS CONTROLADAS E COLIGADAS DA USINA SANTA ADELIA - USAGRO;68969625;b3S;S5;I;2;JABOTICABAL;SP;06/2023;16.215;13.227;1.715;663;14.500;780;0;0
PAGPRIME INSTITUICAO DE PAGAMENTO LTDA;30944783;n4;;I;2;GOIANIA;GO;06/2023;16.167;0;11.421;1.000;4.746;1.452;1;0
COOPERATIVA DE ECONOMIA E CRÉDITO MÚTUO DOS EMPREGADOS DA CEMIG E DAS INDÚSTRIAS METALÚRGICAS E DE MATERIAL ELÉTRICO E DOS SERVIDORES PÚBLICOS MUNICIPAIS DE JUIZ DE FORA LTDA. - SICOOB CECREMEC;17502881;b3S;S5;I;2;BELO HORIZONTE;MG;06/2023;16.157;8.827;7.736;6.502;8.421;354;0;0
COOPERATIVA DE ECONOMIA E CRÉDITO MÚTUO DOS COLABORADORES DA UNIÃO BRASILEIRA DE EDUCAÇÃO E ENSINO, UNIÃO NORTE BRASILEIRA DE EDUCAÇÃO E CULTURA & UNIÃO BRASILEIRA DE EDUCAÇÃO CATÓLICA LTDA - COOMAR;2588819;b3S;S5;I;2;BELO HORIZONTE;MG;06/2023;16.156;10.245;1.567;0;14.589;546;0;0
COOPERATIVA DE CREDITO RURAL DE GUACUI - CREDIGUAÇUÍ;32422628;b3S;S5;I;2;GUACUI;ES;06/2023;16.061;4.985;7.459;6.339;8.602;23;0;0
COOPERATIVA DE CRÉDITO COOPHARMA;2814832;b3S;S5;I;2;SAO PAULO;SP;06/2023;15.847;13.524;301;0;15.546;506;0;0
DIBRAN DISTRIBUIDORA DE TÍTULOS E VALORES MOBILIÁRIOS LTDA.;62280490;n2;S4;I;2;SAO PAULO;SP;06/2023;15.261;0;775;0;14.485;-304;2;0
COOPERATIVA DE ECONOMIA E CRÉDITO MÚTUO DOS FUNCIONÁRIOS DA TICKET SERVIÇOS COMÉRCIO E ADMINISTRAÇÃO;57440521;b3S;S5;I;2;SAO PAULO;SP;06/2023;15.023;2.813;3.492;0;11.532;566;0;0
QESH INSTITUICAO DE PAGAMENTO LTDA;31818873;n4;;I;2;NOVA LIMA;MG;06/2023;14.984;0;11.735;4.069;3.249;-997;1;0
TRINUS;52223;n1;S4;C;2;GOIANIA;GO;06/2023;14.850;609;8.897;7.965;5.953;370;4;0
COOPERATIVA DE ECONOMIA E CREDITO MUTUO DOS EMPREGADOS DE ELEVADORES ATLAS SCHINDLER LTDA.;42107706;b3S;S5;I;2;RIO DE JANEIRO;RJ;06/2023;14.648;11.743;965;0;13.683;911;0;0
LEV DISTRIBUIDORA DE TÍTULOS E VALORES MOBILIÁRIOS LTDA.;45457891;n2;S4;I;2;SAO PAULO;SP;06/2023;14.502;0;3.964;0;10.539;-3.132;2;0
COOPERATIVA DE ECONOMIA E CRÉDITO MÚTUO DOS SERVIDORES PÚBLICOS DO PODER EXECUTIVO FEDERAL NO ESTADO DO ESPÍRITO SANTO - CREDES;3639902;b3S;S5;I;2;VITORIA;ES;06/2023;14.263;9.249;1.681;580;12.581;21;0;0
FAMÍLIA PAULISTA COMPANHIA HIPOTECÁRIA;53146221;n1;S5;I;2;SANTOS;SP;06/2023;14.026;200;3.248;0;10.778;-597;2;0
RAPIDIUM SOCIEDADE DE CRÉDITO AO MICROEMPREENDEDOR E À EMPRESA DE PEQUENO PORTE S.A.;40269467;n1;S5;I;2;TOLEDO;PR;06/2023;14.007;6.617;10.198;8.863;3.809;-35;2;0
COOPERATIVA DE CREDITO DOS SERVIDORES DA UNIVERSIDADE FEDERAL DO ESPIRITO SANTO;27302181;b3S;S5;I;2;VITORIA;ES;06/2023;13.954;13.006;3.987;1.374;9.967;176;0;4
RJI CORRETORA DE TITULOS E VALORES MOBILIARIOS LTDA;42066258;n2;S4;I;2;RIO DE JANEIRO;RJ;06/2023;13.733;0;5.573;0;8.161;3.154;3;0
COOPERATIVA DE ECONOMIA E CRÉDITO MÚTUO DOS EMPREGADOS DO SISTEMA FIERGS - CRESUL;92675578;b3S;S5;I;2;PORTO ALEGRE;RS;06/2023;13.689;12.173;840;0;12.848;751;0;0
COOPERATIVA DE ECONOMIA E CRÉDITO MÚTUO DOS FUNCIONÁRIOS PÚBLICOS MUNICIPAIS DE ITAPIRA - CREDITA;2115870;b3S;S5;I;2;ITAPIRA;SP;06/2023;13.652;11.912;572;0;13.080;639;0;0
COOPERATIVA DE ECONOMIA E CRÉDITO MÚTUO DOS EMPREGADOS DA NOVELIS;57545436;b3S;S5;I;2;SANTO ANDRE;SP;06/2023;13.452;10.810;1.061;0;12.390;397;0;0
COOPERATIVA DE ECONOMIA E CREDITO MUTUO DOS TRABALHADORES PORTUARIOS DA GRANDE VITORIA - CREDESTIVA.;3844699;b3S;S5;I;2;VITORIA;ES;06/2023;13.326;8.612;2.548;1.259;10.778;-165;0;0
CREDSYSTEM SOCIEDADE DE CRÉDITO DIRETO S.A.;39664698;n1;S5;C;2;BARUERI;SP;06/2023;13.163;0;4.432;1.699;8.731;897;1;0
FACEBOOK INSTITUIÇÃO DE PAGAMENTO DO BRASIL LTDA.;39321657;n4;;I;3;SAO PAULO;SP;06/2023;13.123;0;3.200;0;9.923;1.394;1;0
COOPERATIVA DE ECONOMIA E CRÉDITO MÚTUO DOS SERVIDORES MUNICIPAIS DE ITABIRA LTDA. - SICOOB COSEMI;16651002;b3S;S5;I;2;ITABIRA;MG;06/2023;12.928;11.090;4.828;4.102;8.100;545;0;0
CARTOS SOCIEDADE DE CRÉDITO DIRETO S.A.;21332862;n1;S5;I;2;SAO PAULO;SP;06/2023;12.922;2.323;9.793;8.128;3.129;47;2;0
COOPERATIVA DE CRÉDITO MÚTUO DOS EMPREGADOS DA SKF E COLIGADAS;49091119;b3S;S5;I;2;CAJAMAR;SP;06/2023;12.849;7.591;207;0;12.642;845;0;0
COOPERATIVA DE ECONOMIA E CRÉDITO MÚTUO DOS SERVIDORES MUNICIPAIS DE POÇOS DE CALDAS LTDA. - COOPOÇOS;41791005;b3S;S5;I;2;POCOS DE CALDAS;MG;06/2023;12.762;9.416;3.194;639;9.568;-162;0;0
COOPERATIVA DE ECONOMIA E CRÉDITO MÚTUO DOS FUNCIONÁRIOS DA ASTRAZENECA DO BRASIL;1288797;b3S;S5;I;2;COTIA;SP;06/2023;12.622;7.785;604;0;12.018;322;0;0
COOPERATIVA DE ECONOMIA E CREDITO MUTUO DOS SERVIDORES DA COMLURB LTDA;29341260;b3S;S5;I;2;RIO DE JANEIRO;RJ;06/2023;12.610;5.648;856;0;11.754;240;0;0
COOPERATIVA DE ECONOMIA E CRÉDITO MÚTUO DOS FUNCIONÁRIOS DO GRUPO COMOLATTI - SÃO PAULO;47196084;b3S;S5;I;2;SAO PAULO;SP;06/2023;12.557;7.356;1.287;0;11.270;797;0;0
COOPERATIVA DE CRÉDITO DOS SERVIDORES PÚBLICOS MUNICIPAIS DE TIMÓTEO LTDA. - COOPERTIM;20833976;b3S;S5;I;2;TIMOTEO;MG;06/2023;12.531;8.512;1.224;0;11.307;741;0;0
SOCIEDADE DE CRÉDITO, FINANCIAMENTO E INVESTIMENTO EFÍ S.A.;37229413;n1;S5;C;2;OURO PRETO;MG;06/2023;12.460;10.547;6.030;2.081;6.430;-4.667;2;0
COOPERATIVA DE ECONOMIA E CRÉDITO MÚTUO DOS APOSENTADOS, PENSIONISTAS E IDOSOS - SICOOB COOPERNAPI;16564240;b3S;S5;I;2;SAO PAULO;SP;06/2023;12.450;7.627;9.340;9.093;3.110;58;0;10
AGENCIA DE FOMENTO DO ESTADO DE RORAIMA S/A;3058464;n1;S4;I;1;BOA VISTA;RR;06/2023;12.390;11.158;1.413;0;10.978;-1.243;2;0
DOURADA CORRETORA DE CÂMBIO LTDA.;76641497;n2;S4;I;2;CURITIBA;PR;06/2023;12.261;0;9.601;0;2.660;1.303;3;0
ACTIVTRADES CORRETORA DE CÂMBIO, TÍTULOS E VALORES MOBILIÁRIOS LTDA.;43050917;n2;S4;I;3;FLORIANOPOLIS;SC;06/2023;11.874;0;1.233;3;10.641;-5.277;2;0
COOPERATIVA DE ECONOMIA E CRÉDITO MÚTUO DOS EMPREGADOS DA SAMARCO MINERAÇÃO S.A. LTDA - CREDISAM;20622809;b3S;S5;I;2;BELO HORIZONTE;MG;06/2023;11.837;4.528;760;0;11.077;275;0;0
COOPERATIVA DE ECONOMIA E CRÉDITO MÚTUO DOS SERVIDORES PÚBLICOS DA REGIÃO METROPOLITANA DE BELÉM - CREDISIS CREDBEM METROPOLITANA;991739;b3S;S5;I;2;BELEM;PA;06/2023;11.777;8.207;1.655;0;10.122;651;0;0
AZIMUT BRASIL DISTRIBUIDORA DE TÍTULOS E VALORES MOBILIÁRIOS LTDA;18684408;n2;S4;I;3;SAO PAULO;SP;06/2023;11.585;0;7.749;6.963;3.836;-578;2;0
COOPERATIVA DE ECONOMIA E CRÉDITO MÚTUO DOS FUNCIONÁRIOS DA BOMBRIL;57038408;b3S;S5;I;2;SAO BERNARDO DO CAMPO;SP;06/2023;11.564;9.894;1.145;0;10.419;642;0;0
AZUMI DISTRIBUIDORA DE TÍTULOS E VALORES MOBILIÁRIOS LTDA.;40434681;n2;S4;I;2;SAO PAULO;SP;06/2023;11.434;0;9.803;4.044;1.632;-1.565;2;0
J17 - SOCIEDADE DE CRÉDITO DIRETO S/A;40475846;n1;S5;I;2;LONDRINA;PR;06/2023;11.401;4.384;8.238;4.201;3.163;-332;2;0
SIMPAUL CORRETORA DE CAMBIO E VALORES MOBILIARIOS  S.A.;68757681;n2;S4;I;2;PORTO ALEGRE;RS;06/2023;11.315;0;636;61;10.679;328;2;0
COOPERATIVA DE ECONOMIA E CRÉDITO MÚTUO DOS FUNCIONÁRIOS DO FLEURY;71965313;b3S;S5;I;2;SAO PAULO;SP;06/2023;11.296;5.667;285;0;11.012;407;0;0
COOPERATIVA DE ECONOMIA E CREDITO MUTUO JOHN F. KENNEDY LTDA;33735192;b3S;S5;I;2;RIO DE JANEIRO;RJ;06/2023;11.260;8.027;4.681;3.742;6.579;191;0;2
DILLON S/A DISTRIBUIDORA DE TITULOS E VALORES MOBILIARIOS;33851064;n2;S4;I;2;RIO DE JANEIRO;RJ;06/2023;11.234;0;2.323;8;8.911;1.842;3;0
CAPITAL CONSIG SOCIEDADE DE CRÉDITO DIRETO S.A.;40083667;n1;S5;I;2;SAO PAULO;SP;06/2023;11.073;548;4.736;0;6.337;985;2;0
COOPERATIVA DE ECONOMIA E CRÉDITO MÚTUO DOS MEMBROS DO MINISTÉRIO PÚBLICO DE SÃO PAULO - PROMOCRED;4478231;b3S;S5;I;2;SAO PAULO;SP;06/2023;11.057;6.018;1.019;0;10.037;483;0;0
COOPERATIVA DE ECONOMIA E CREDITO MUTUO DOS SERVIDORES ESTATUTARIOS DA ADMINISTRACAO DIRETA DO ESTADO DO ESPIRITO SANTO - COOPFISCO;2475222;b3S;S5;I;2;VITORIA;ES;06/2023;11.036;8.091;4.292;3.401;6.744;131;0;0
COOPERATIVA DE ECONOMIA E CRÉDITO MÚTUO DOS EMPREGADOS DO GRUPO SBF LTDA. - COOPER ATIVA SBF;2232228;b3S;S5;I;2;SAO PAULO;SP;06/2023;10.962;9.467;946;0;10.015;616;0;0
LEVYCAM - CORRETORA DE CAMBIO E VALORES LTDA.;50579044;n2;S4;I;2;SAO PAULO;SP;06/2023;10.945;0;8.791;0;2.155;246;5;0
BNQI SOCIEDADE DE CREDITO DIRETO S.A.;43167610;n1;S5;C;2;SAO PAULO;SP;06/2023;10.917;7;117;0;10.800;422;2;0
COOPERATIVA DE ECONOMIA E CRÉDITO MÚTUO DOS EMPREGADOS DA CONFAB;59305565;b3S;S5;I;2;PINDAMONHANGABA;SP;06/2023;10.824;5.320;312;0;10.512;458;0;0
NOSSA TERRA COOPERATIVA DE CRÉDITO DOS EMPREGADOS DAS EMPRESAS DE AGRONEGÓCIO E AFINS;49204605;b3S;S5;I;2;CAJATI;SP;06/2023;10.592;3.265;338;0;10.254;188;0;0
GET MONEY CORRETORA DE CÂMBIO S.A.;10853017;n2;S5;I;2;SAO PAULO;SP;06/2023;10.473;0;1.823;0;8.650;986;2;0
BIGCASH SOCIEDADE DE CREDITO DIRETO S.A.;36452762;n1;S5;I;2;GOVERNADOR VALADARES;MG;06/2023;10.373;8.474;460;0;9.914;2.250;2;0
COOPERATIVA DE CRÉDITO MÚTUO DE SERVIDORES PÚBLICOS DO ESTADO DE SÃO PAULO - CREDIFISCO;4546162;b3S;S5;I;2;SAO PAULO;SP;06/2023;10.274;7.771;8.815;8.102;1.460;-931;0;0
IDEA MAKER INSTITUICAO DE PAGAMENTO LTDA;45860531;n4;;I;2;SAO PAULO;SP;06/2023;10.228;0;554;0;9.674;-395;1;0
CREDJUST - COOPERATIVA DE CRÉDITO MÚTUO DOS INTEGRANTES DA JUSTIÇA DO TRABALHO DA 13ª REGIÃO LTDA.;4608925;b3S;S5;I;2;JOAO PESSOA;PB;06/2023;10.200;9.196;3.299;2.928;6.902;85;0;1
EAGLE SOCIEDADE DE CRÉDITO DIRETO S.A.;45745537;n1;S5;I;2;PORTO ALEGRE;RS;06/2023;10.081;2.365;8.141;0;1.941;66;2;0
COLUNA S/A DISTRIBUIDORA DE TITULOS E VALORES MOBILIÁRIOS;460065;n2;S4;I;2;RIO DE JANEIRO;RJ;06/2023;9.956;0;1.674;0;8.282;-89;3;0
SOCIALCRED S/A - SOCIEDADE DE CRÉDITO AO MICROEMPREENDEDOR E À EMPRESA DE PEQUENO PORTE;4316357;n1;S5;I;2;RIO DE JANEIRO;RJ;06/2023;9.912;8.518;199;0;9.714;383;2;0
FOURTRADE CORRETORA DE CÂMBIO LTDA.;40353377;n2;S4;I;2;RIO DE JANEIRO;RJ;06/2023;9.861;0;4.502;0;5.359;704;3;0
PROSEFTUR CORRETORA DE CAMBIO S.A;40333582;n2;S4;I;2;JUNDIAI;SP;06/2023;9.856;0;8.709;0;1.147;-667;2;0
COOPERATIVA DE CRÉDITO RURAL DOS PLANTADORES DE CANA DA REGIÃO DE IGARAPAVA;52623311;b3S;S5;I;2;IGARAPAVA;SP;06/2023;9.677;4.563;1.358;0;8.319;534;0;0
LABOR SOCIEDADE CORRETORA DE CÂMBIO LTDA.;6132348;n2;S5;I;2;RECIFE;PE;06/2023;9.643;0;2.873;0;6.770;-379;12;0
COOPERATIVA DE CRÉDITO MÚTUO DOS EMPREGADOS DA PILKINGTON BRASIL;2104058;b3S;S5;I;2;CACAPAVA;SP;06/2023;9.461;5.262;253;0;9.209;469;0;0
COOPERATIVA DE CRÉDITO, POUPANÇA E SERVIÇOS FINANCEIROS;5491616;b3S;S5;I;2;MINEIROS;GO;06/2023;9.401;7.169;8.047;7.925;1.354;-389;0;1
OZ CORRETORA DE CÂMBIO S.A.;4062902;n2;S4;I;2;SAO PAULO;SP;06/2023;9.142;0;7.527;0;1.614;-567;2;0
BMS SOCIEDADE DE CRÉDITO DIRETO S.A.;17826860;n1;S5;I;2;FORTALEZA;CE;06/2023;9.090;2.642;1.116;571;7.973;-462;2;0
IB CORRETORA DE CÂMBIO, TÍTULOS E VALORES MOBILIÁRIOS S.A.;27842177;n2;S4;I;2;SAO PAULO;SP;06/2023;9.065;0;5.142;27;3.923;38;2;0
COOPERATIVA DE ECONOMIA E CRÉDITO MÚTUO DOS EMPREGADOS DA EATON;73077398;b3S;S5;I;2;VALINHOS;SP;06/2023;9.056;4.814;507;0;8.549;234;0;0
COOPERATIVA DE ECONOMIA E CRÉDITO MÚTUO DOS TRABALHADORES NAS INDÚSTRIAS DE EXTRAÇÃO DE FERRO E METAIS BÁSICOS DA REGIÃO DE CONGONHAS LTDA. - COOFERSE;71384697;b3S;S5;I;2;CONGONHAS;MG;06/2023;8.973;6.388;868;0;8.105;232;0;0
COOPERATIVA DE CRÉDITO MÚTUO DOS SERVIDORES DA SEGURANÇA PÚBLICA DE SÃO PAULO - CREDIAFAM;4804353;b3S;S5;I;2;SAO PAULO;SP;06/2023;8.955;4.061;579;0;8.376;255;0;0
COOPERATIVA DE ECONOMIA E CRÉDITO MÚTUO DOS SERVIDORES DO DISTRITO FEDERAL LTDA. - COOSERVCRED;778858;b3S;S5;I;2;BRASILIA;DF;06/2023;8.928;7.807;4.129;3.029;4.798;233;0;0
COOPERATIVA DE ECONOMIA E CRÉDITO MÚTUO DOS SERVIDORES DA SECRETARIA DE DEFESA SOCIAL DO ESTADO DE MINAS GERAIS LTDA. - COOPSESP;5746715;b3S;S5;I;2;BELO HORIZONTE;MG;06/2023;8.914;4.317;982;0;7.932;106;0;0
BEETELLER INSTITUIÇÃO DE PAGAMENTO LTDA.;32074986;n4;;I;2;CAMPO GRANDE;MS;06/2023;8.775;0;5.408;4.339;3.366;450;1;0
COOPERATIVA DE CREDITO E ECONOMIA COM INTERAÇÃO SOLIDARIA - CRESOL OLIVEIRA DOS BREJINHOS;5428587;b3S;S5;I;2;OLIVEIRA DOS BREJINHOS;BA;06/2023;8.570;5.448;7.671;6.794;899;-12;0;0
COOPERATIVA DE ECONOMIA E CRÉDITO MÚTUO DOS FUNCIONÁRIOS DO GRUPO LORENZETTI;44905255;b3S;S5;I;2;SAO PAULO;SP;06/2023;8.445;2.625;316;0;8.130;381;0;0
EMBRACRED S/A SOCIEDADE DE CRÉDITO DIRETO;48703388;n1;S5;I;2;SANTANA DE PARNAIBA;SP;06/2023;8.325;2.410;102;0;8.223;-18;2;0
COOPERATIVA DE ECONOMIA E CRÉDITO MÚTUO DOS FUNCIONÁRIOS DA FACULDADE DE CIÊNCIAS AGRÁRIAS E VETERINÁRIAS - CAMPUS DE JABOTICABAL/SP - COOPERFAC;57259525;b3S;S5;I;2;JABOTICABAL;SP;06/2023;8.223;7.370;538;0;7.685;204;0;0
COOPERATIVA DE ECONOMIA E CRÉDITO MÚTUO DOS FUNCIONÁRIOS DA MORLAN - CRED MORLAN;731320;b3S;S5;I;2;ORLANDIA;SP;06/2023;8.073;6.707;166;0;7.907;543;0;0
FINVEST DISTRIBUIDORA DE TÍTULOS E VALORES MOBILIÁRIOS LTDA.;36266751;n2;S4;I;2;SAO PAULO;SP;06/2023;8.006;0;2.124;1.816;5.882;-252;2;0
CRETOVALE - COOPERATIVA DE ECONOMIA E CRÉDITO MÚTUO DOS TRABALHADORES DA VALE;28145589;b3S;S5;I;2;VITORIA;ES;06/2023;7.979;4.283;1.429;0;6.550;246;0;1
COOPERATIVA DE ECONOMIA E CRÉDITO MÚTUO ALIANÇA - COOPERNITRO;52935442;b3S;S5;I;2;SAO PAULO;SP;06/2023;7.942;6.015;247;0;7.694;339;0;0
SOMAPAY SOCIEDADE DE CRÉDITO DIRETO S.A.;44705774;n1;S5;I;2;FORTALEZA;CE;06/2023;7.858;5.165;3.222;0;4.637;-468;2;0
CAMBIONET CORRETORA DE CÂMBIO LTDA.;14190547;n2;S5;I;2;PORTO ALEGRE;RS;06/2023;7.822;0;4.151;0;3.671;28;2;0
COOPERATIVA DE ECONOMIA E CRÉDITO MÚTUO DOS FUNCIONÁRIOS DO GRUPO AVIBRAS - COOPER AVIBRAS;43268960;b3S;S5;I;2;JACAREI;SP;06/2023;7.754;2.385;646;0;7.108;272;0;0
COOPERATIVA DE ECONOMIA E CRÉDITO MÚTUO DOS SERVIDORES DO MUNICIPIO DE SANTO ANDRÉ - SP - SICOOB CECRESA;512839;b3S;S5;I;2;SANTO ANDRE;SP;06/2023;7.598;6.314;2.675;2.358;4.922;-361;0;0
COOPERATIVA DE ECONOMIA E CRÉDITO MÚTUO DOS EMPREGADOS DO GRUPO TELEFÔNICA;57598120;b3S;S5;I;2;SAO PAULO;SP;06/2023;7.567;5.249;299;0;7.269;195;0;0
COOPERATIVA DE ECONOMIA E CRÉDITO MÚTUO DOS SERVIDORES DA FACULDADE DE ENGENHARIA DE ILHA SOLTEIRA - COOPERFEIS;96409263;b3S;S5;I;2;ILHA SOLTEIRA;SP;06/2023;7.566;4.953;188;0;7.378;245;0;0
COOPERATIVA DE ECONOMIA E CRÉDITO MÚTUO DOS EMPREGADOS DA SAINT-GOBAIN DO BRASIL PRODUTOS INDUSTRIAIS E PARA CONSTRUÇÃO - DIVISÃO VIDRO PLANO;48140925;b3S;S5;I;2;MAUA;SP;06/2023;7.409;4.828;695;0;6.715;280;0;0
HSCM - SOCIEDADE DE CRÉDITO AO MICROEMPREENDEDOR E À EMPRESA DE PEQUENO PORTE LTDA.;7693858;n1;S5;I;2;IBIA;MG;06/2023;7.408;5.978;1.086;0;6.322;532;2;0
POMELO INSTITUICAO DE PAGAMENTO LTDA.;44128548;n4;;I;3;SAO PAULO;SP;06/2023;7.307;2.325;6.380;0;926;-8.797;1;0
MULTICRED SOCIEDADE DE CRÉDITO DIRETO S.A.;38593706;n1;S5;I;2;SALVADOR;BA;06/2023;7.303;5.995;139;0;7.163;384;2;0
PENTAGONO S/A DISTRIBUIDORA DE TITULOS E VALORES MOBILIARIOS;17343682;n2;S5;I;2;RIO DE JANEIRO;RJ;06/2023;7.290;0;3.077;0;4.213;3.167;3;0
NATURA &CO PAY SOCIEDADE DE CRÉDITO DIRETO S.A.;48805820;n1;S5;I;2;SAO PAULO;SP;06/2023;7.267;3;101;0;7.166;166;2;0
COOPERATIVA DE ECONOMIA E CRÉDITO MÚTUO DOS FABRICANTES DE CALÇADOS DE SAPIRANGA LTDA.;5841967;b3S;S5;I;2;SAPIRANGA;RS;06/2023;7.214;6.348;3.058;2.564;4.155;157;0;0
EFX CORRETORA DE CÂMBIO LTDA.;94968518;n2;S4;I;2;SAO PAULO;SP;06/2023;7.137;0;3.064;0;4.073;-197;2;0
COOPERATIVA DE ECONOMIA E CRÉDITO MÚTUO DOS FUNCIONÁRIOS DA OWENS CORNING FIBERGLAS AMÉRICA DO SUL;48172860;b3S;S5;I;2;RIO CLARO;SP;06/2023;7.126;4.951;1.513;1.126;5.613;241;0;0
CPCI - COMPANHIA DE CRÉDITO IMOBILIÁRIO S/A;87091716;n1;S5;I;2;PORTO ALEGRE;RS;06/2023;7.106;0;1.643;579;5.463;-150;1;0
UNAVANTI SOCIEDADE DE CRÉDITO DIRETO S/A;42047025;n1;S5;I;2;MARINGA;PR;06/2023;7.057;709;4.182;2.341;2.874;-82;2;0
COOPERATIVA DE ECONOMIA E CREDITO MUTUO DOS SERVIDORES DA EMPRESA BRASILEIRA DE CORREIOS E TELEGRAFOS LTDA;42100982;b3S;S5;I;2;RIO DE JANEIRO;RJ;06/2023;6.982;2.906;246;38;6.736;-101;0;1
SCB CRÉDITO SOCIEDADE DE CRÉDITO AO MICROEMPREENDEDOR E À EMPRESA DE PEQUENO PORTE LTDA.;8430732;n1;S5;I;2;FORTALEZA;CE;06/2023;6.977;4.955;4.904;0;2.072;733;2;0
MONOPÓLIO CORRETORA DE CÂMBIO LTDA.;34666362;n2;S4;I;2;BELEM;PA;06/2023;6.827;0;2.098;0;4.729;138;2;0
SUPPLIER SOCIEDADE DE CRÉDITO DIRETO S.A.;46743997;n1;S5;I;2;SAO PAULO;SP;06/2023;6.810;250;3.740;0;3.070;130;2;0
EXIM CORRETORA DE CAMBIO LTDA;73302408;n2;S4;I;2;PORTO ALEGRE;RS;06/2023;6.730;0;5.778;0;952;56;2;0
COOPSEBRAE - COOPERATIVA DE CRÉDITO MÚTUO DOS FUNCIONÁRIOS DO SEBRAE/PB, SEBRAE/RN E SESC, SENAC E SENAR EM JOÃO PESSOA;41219353;b3S;S5;I;2;JOAO PESSOA;PB;06/2023;6.719;4.281;2.105;1.841;4.614;207;0;0
COOPERATIVA DE ECONOMIA E CRÉDITO MÚTUO DOS FUNCIONÁRIOS DA ELGIN;45045671;b3S;S5;I;2;MOGI DAS CRUZES;SP;06/2023;6.677;5.101;260;0;6.417;168;0;0
TRYBE SOCIEDADE DE CRÉDITO DIRETO S.A.;42622791;n1;S5;I;2;SAO PAULO;SP;06/2023;6.676;96;278;0;6.399;-145;2;0
COOPERATIVA DE CRÉDITO MÚTUO DOS FUNCIONÁRIOS DA RICLAN;6077760;b3S;S5;I;2;RIO CLARO;SP;06/2023;6.509;4.432;337;0;6.172;194;0;0
BOA VIAGEM SOCIEDADE CORRETORA DE CÂMBIO LTDA.;6373777;n2;S4;I;2;RECIFE;PE;06/2023;6.442;0;1.831;0;4.612;627;14;0
COOPERATIVA DE ECONOMIA E CREDITO MUTUO DOS EMPREGADOS DAS EMPRESAS DE TRANSPORTES COLETIVOS RODOVIÁRIOS DE PASSAGEIROS DO GRANDE RIO LTDA;141155;b3S;S5;I;2;SAO GONCALO;RJ;06/2023;6.434;2.421;880;0;5.553;-13;0;1
COOPERATIVA DE ECONOMIA E CRÉDITO MÚTUO DOS ELETRICITÁRIOS E DOS TRABALHADORES DAS EMPRESAS DO SETOR DE ENERGIA - COOPCRECE;92825397;b3S;S5;I;2;PORTO ALEGRE;RS;06/2023;6.431;5.912;4.183;3.487;2.248;-135;0;1
COOPERATIVA DE ECONOMIA E CRÉDITO MÚTUO DOS EMPREGADOS DA PRODAM/SP - CREDIPRODAM;67031757;b3S;S5;I;2;SAO PAULO;SP;06/2023;6.399;746;114;0;6.285;102;0;0
COOPERATIVA DE ECONOMIA E CRÉDITO MÚTUO DOS EMPREGADOS DA MAGNESITA REFRATÁRIOS S.A. LTDA. - CECREM;913314;b3S;S5;I;2;CONTAGEM;MG;06/2023;6.383;2.201;531;0;5.851;182;0;0
COOPERATIVA DE ECONOMIA E CRÉDITO MÚTUO DOS FUNCIONÁRIOS DAS EMPRESAS ITAÚ;43446335;b3S;S5;I;2;OSASCO;SP;06/2023;6.351;2.036;558;0;5.793;275;0;0
COOPERATIVA DE ECONOMIA E CRÉDITO MÚTUO DOS FUNCIONÁRIOS DO GRUPO MAUÁ E EMPRESAS COLIGADAS LTDA. - COOPMAUÁ;5048575;b3S;S5;I;2;SAO GONCALO;RJ;06/2023;6.261;1.355;668;0;5.592;96;0;0
TURCÂMBIO - CORRETORA DE CÂMBIO LTDA.;15482499;n2;S5;I;2;IMBITUBA;SC;06/2023;6.257;0;1.660;0;4.597;560;9;0
FFCRED SOCIEDADE DE CRÉDITO DIRETO S.A..;39738065;n1;S5;I;2;ERECHIM;RS;06/2023;6.224;4.183;85;0;6.139;-114;2;0
COOPERATIVA DE CRÉDITO MÚTUO DOS SERVIDORES MUNICIPAIS DE BEBEDOURO - COOCRESB.;5969937;b3S;S5;I;2;BEBEDOURO;SP;06/2023;6.191;5.359;3.252;3.128;2.939;24;0;0
FOR YOU SOCIEDADE DE CRÉDITO DIRETO S.A.;46009412;n1;S5;I;2;GOIANIA;GO;06/2023;6.181;0;12.306;0;-6.125;-7.251;2;0
COOPERATIVA DE ECONOMIA E CRÉDITO MÚTUO DOS EMPREGADOS DA MOSAIC FERTILIZANTES DE UBERABA - COPERURA LTDA.;17607375;b3S;S5;I;2;UBERABA;MG;06/2023;6.178;3.058;291;0;5.887;303;0;0
HR DIGITAL - SOCIEDADE DE CRÉDITO DIRETO S/A;44292580;n1;S5;I;2;BRASILIA;DF;06/2023;6.163;1.675;1.042;599;5.121;-371;2;0
TROCKA CORRETORA DE CAMBIO LTDA.;30183111;n2;S4;I;2;RIO DE JANEIRO;RJ;06/2023;6.140;0;5.156;0;984;229;2;0
OPEN CO SOCIEDADE DE CRÉDITO DIRETO S.A;37763847;n1;S5;I;2;SAO PAULO;SP;06/2023;6.137;0;56;0;6.081;65;2;0
BNK DIGITAL SOCIEDADE DE CRÉDITO DIRETO S.A.;45331622;n1;S5;I;2;SAO JOSE DO RIO PRETO;SP;06/2023;6.115;1.039;2.934;315;3.181;-434;2;0
COOPERATIVA DE CRÉDITO MÚTUO DOS FUNCIONÁRIOS DAS EMPRESAS FERROVIÁRIAS NO ESTADO DE SÃO PAULO;53932869;b3S;S5;I;2;OSASCO;SP;06/2023;5.924;3.811;245;0;5.679;208;0;0
COOPERATIVA DE ECONOMIA E CRÉDITO MÚTUO DOS FUNCIONÁRIOS DAS EMPRESAS MELHORAMENTOS DE SÃO PAULO - COOPERMEL;1504952;b3S;S5;I;2;SAO PAULO;SP;06/2023;5.886;3.204;441;0;5.445;242;0;0
SOCRED S.A. - SOCIEDADE DE CRÉDITO AO MICROEMPREENDEDOR E À EMPRESA DE PEQUENO PORTE;9210106;n1;S5;I;2;BELEM;PA;06/2023;5.882;5.362;1.905;1.530;3.976;582;2;0
CDC SOCIEDADE DE CRÉDITO DIRETO S.A.;18394228;n1;S5;I;2;BELO HORIZONTE;MG;06/2023;5.749;4.680;2.563;84;3.186;94;2;0
COOPERATIVA DE CRÉDITO DOS BANCÁRIOS DE SÃO PAULO E MUNICÍPIOS LIMÍTROFES;3422007;b3S;S5;I;2;SAO PAULO;SP;06/2023;5.711;4.611;3.690;3.547;2.021;-281;0;4
COOPERATIVA DE CRÉDITO MÚTUO DOS SERVIDORES DE ÓRGAOS GESTORES DE RECURSOS HÍDRICOS DO ESTADO DE SÃO PAULO - COOPERHIDRO;53800488;b3S;S5;I;2;SAO PAULO;SP;06/2023;5.673;3.410;699;317;4.974;115;0;0
COOPERATIVA DE ECONOMIA E CRÉDITO MÚTUO DOS FUNCIONÁRIOS DO GRUPO GERDAU - AÇOS FINOS PIRATINI;88952130;b3S;S5;I;2;CHARQUEADAS;RS;06/2023;5.489;1.990;115;0;5.375;242;0;0
FIDD DISTRIBUIDORA DE TÍTULOS E VALORES MOBILIÁRIOS LTDA.;37678915;n2;S4;I;2;SAO PAULO;SP;06/2023;5.478;0;5.023;0;455;-779;2;0
COOPERATIVA DE ECONOMIA E CREDITO MÚTUO DOS PROFESSORES ESTADUAIS DA REGIÃO METROPOLITANA DE PORTO ALEGRE - EDUCREDI;5419025;b3S;S5;I;2;PORTO ALEGRE;RS;06/2023;5.438;1.170;1.804;0;3.634;265;0;0
ARC CORRETORA DE CAMBIO, ASSOCIADOS GOUVEIA, CAMPEDELLI S.A.;4684647;n2;S4;I;2;SANTOS;SP;06/2023;5.381;0;2.189;0;3.192;602;2;0
COOPERATIVA DE ECONOMIA E CREDITO MUTUO DOS SERVIDORES MUNICIPAIS DO SUL FLUMINENSE LTDA.;1819799;b3S;S5;I;2;VOLTA REDONDA;RJ;06/2023;5.377;2.136;918;0;4.459;98;0;0
UY3 SOCIEDADE DE CRÉDITO DIRETO S/A;39587424;n1;S5;I;2;PORTO ALEGRE;RS;06/2023;5.372;2.125;1.744;0;3.629;543;2;0
COOPERATIVA DE CRÉDITO DOS EMPREGADOS DO GRUPO AKZO NOBEL BRASIL - COOP AKZONOBEL;57996878;b3S;S5;I;2;MAUA;SP;06/2023;5.332;1.930;635;0;4.697;7;0;0
EXECUTIVE CORRETORA DE CÂMBIO LTDA.;19086249;n2;S5;I;2;NOVO HAMBURGO;RS;06/2023;5.328;0;1.929;0;3.399;-129;2;0
COOPERATIVA DE CRÉDITO MÚTUO DOS EMPREGADOS DA FIAÇÃO ALPINA - COOPERALPINA;55319370;b3S;S5;I;2;MORUNGABA;SP;06/2023;5.328;3.009;264;0;5.064;358;0;0
NOVINVEST CORRETORA DE VALORES MOBILIARIOS LTDA.;43060029;n2;S4;I;2;SAO PAULO;SP;06/2023;5.308;0;2.000;0;3.308;-3.523;2;0
CAROL DISTRIBUIDORA DE TITULOS E VALORES MOBILIARIOS LTDA.;62237649;n2;S5;I;2;SAO PAULO;SP;06/2023;5.257;0;853;0;4.404;-412;2;0
FFA SOCIEDADE DE CRÉDITO AO MICROEMPREENDEDOR E À EMPRESA DE PEQUENO PORTE LTDA.;24537861;n1;S5;I;2;SAO PAULO;SP;06/2023;5.227;1.951;4.226;0;1.001;-927;2;0
COOPERATIVA DE CRÉDITO DOS EMPREGADOS DA COMPANHIA INDUSTRIAL CATAGUASES E DA BAUMINAS LTDA. - COOPECIC;19495266;b3S;S5;I;2;CATAGUASES;MG;06/2023;5.207;3.918;630;0;4.577;222;0;0
COOPERATIVA DE ECONOMIA E CRÉDITO MÚTUO DOS FUNCIONÁRIOS DA EDUCAÇÃO E COMUNICAÇÃO;43438662;b3S;S5;I;2;SAO PAULO;SP;06/2023;5.136;2.873;766;0;4.370;-343;0;0
INTRA INVESTIMENTOS DISTRIBUIDORA DE TÍTULOS E VALORES MOBILIÁRIOS LTDA;15489568;n2;S4;C;2;SAO PAULO;SP;06/2023;5.126;0;3.086;0;2.040;-174;2;0
COOPERATIVA DE ECONOMIA E CRÉDITO MÚTUO DOS EMPREGADOS DAS INDÚSTRIAS UNILEVER DO BRASIL;53272365;b3S;S5;I;2;VALINHOS;SP;06/2023;5.120;4.114;259;0;4.861;190;0;0
COOPERATIVA DE ECONOMIA E CRÉDITO MÚTUO DOS FUNCIONÁRIOS DAS EMPRESAS DO GRUPO DANA - COOPDANA;91018408;b3S;S5;I;2;GRAVATAI;RS;06/2023;5.114;4.601;168;0;4.947;124;0;0
COOPERATIVA DE CRÉDITO DOS METALÚRGICOS DO ABC - CREDABC;5740092;b3S;S5;I;2;SAO BERNARDO DO CAMPO;SP;06/2023;4.924;80;1.186;983;3.738;114;0;0
COOPERATIVA DE ECONOMIA E CRÉDITO MÚTUO DOS EMPREGADOS DA RECKITT BENCKISER;44223196;b3S;S5;I;2;SAO PAULO;SP;06/2023;4.904;3.735;125;0;4.779;155;0;0
COOPESTADO - COOPERATIVA DE ECONOMIA E CRÉDITO MÚTUO DOS SERVIDORES PÚBLICOS NA REGIÃO METROPOLITANA DO ESTADO DO RIO DE JANEIRO LIMITADA;4995006;b3S;S5;I;2;RIO DE JANEIRO;RJ;06/2023;4.853;1.250;1.332;0;3.521;-81;0;0
SUDACRED - SOCIEDADE DE CRÉDITO AO MICROEMPREENDEDOR E À EMPRESA DE PEQUENO PORTE LTDA.;20251847;n1;S5;I;2;CURITIBA;PR;06/2023;4.790;2.657;943;3;3.847;1.720;2;0
GLOBAL FINANÇAS SOCIEDADE DE CRÉDITO AO MICROEMPREENDEDOR E À EMPRESA DE PEQUENO PORTE LTDA.;11165756;n1;S5;I;2;AMERICANA;SP;06/2023;4.770;1.222;2.217;2.088;2.553;-14;2;0
DASCAM CORRETORA DE CÂMBIO LTDA.;65645137;n2;S5;I;2;SAO PAULO;SP;06/2023;4.685;0;1.704;0;2.981;-237;2;0
BONUSPAGO SOCIEDADE DE CRÉDITO DIRETO S.A.;36586946;n1;S5;I;2;CASCAVEL;PR;06/2023;4.674;2.341;2.626;2.576;2.047;38;2;0
COOPERATIVA DE ECONOMIA E CREDITO MUTUO DOS SERVIDORES PUBLICOS MUNICIPAIS DE PORTO ALEGRE;3990888;b3S;S5;I;2;PORTO ALEGRE;RS;06/2023;4.595;3.318;975;125;3.620;34;0;0
COOPERATIVA DE ECONOMIA E CRÉDITO MÚTUO DOS SERVIDORES DA UNESP - COOPUNESP;69136075;b3S;S5;I;2;RIO CLARO;SP;06/2023;4.539;2.322;1.040;809;3.500;0;0;0
UP.P SOCIEDADE DE EMPRÉSTIMO ENTRE PESSOAS S.A.;35977097;n1;S5;I;2;SAO PAULO;SP;06/2023;4.535;0;1.540;339;2.995;463;2;0
FONTECRED - SOCIEDADE DE CRÉDITO DIRETO S/A;33890605;n1;S5;I;2;LAGOA DA PRATA;MG;06/2023;4.505;3.661;1.218;0;3.287;52;2;0
MAG INSTITUICAO DE PAGAMENTO LTDA;21995256;n4;;I;2;RIO DE JANEIRO;RJ;06/2023;4.473;0;1.131;804;3.343;-912;1;0
WNT CAPITAL DISTRIBUIDORA DE TÍTULOS E VALORES MOBILIÁRIOS S.A.;45854066;n2;S4;I;2;SAO PAULO;SP;06/2023;4.457;0;1.017;163;3.440;-343;2;0
NEXOOS SOCIEDADE DE EMPRÉSTIMO ENTRE PESSOAS S.A.;34254279;n1;S5;I;2;SAO PAULO;SP;06/2023;4.413;0;2.362;0;2.051;991;2;0
COOPERATIVA DE ECONOMIA E CRÉDITO MÚTUO DOS EMPREGADOS KYN COMÉRCIO VAREJISTA E ATACADISTA LTDA.;2230138;b3S;S5;I;2;JUNDIAI;SP;06/2023;4.353;2.449;308;0;4.045;143;0;0
COOPERATIVA DE ECONOMIA E CRÉDITO MÚTUO DOS FUNCIONÁRIOS DAS EMPRESAS DE CERÂMICA - COOPASPACER;2541707;b3S;S5;I;2;SANTA GERTRUDES;SP;06/2023;4.326;3.166;1.062;888;3.264;209;0;0
BRX CORRETORA DE CÂMBIO LTDA.;17904906;n2;S4;I;2;RIO DE JANEIRO;RJ;06/2023;4.317;0;3.182;0;1.135;-73;2;0
COOPERATIVA DE ECONOMIA E CRÉDITO MÚTUO DOS FUNCIONÁRIOS DA SELENE;72952138;b3S;S5;I;2;CERQUILHO;SP;06/2023;4.201;2.152;167;0;4.033;293;0;0
BR-CAPITAL DISTRIBUIDORA DE TÍTULOS E VALORES MOBILIÁRIOS S.A.;44077014;n2;S4;C;2;SAO PAULO;SP;06/2023;4.157;0;562;8;3.595;392;2;0
COOPERATIVA DE ECONOMIA E CRÉDITO MÚTUO DOS EMPREGADOS DA CNC, SESC E SENAC ADMINISTRAÇÕES NACIONAIS LTDA.;30304919;b3S;S5;I;2;RIO DE JANEIRO;RJ;06/2023;4.128;3.271;271;0;3.857;46;0;0
COOPERATIVA DE ECONOMIA E CRÉDITO MÚTUO DOS EMPREGADOS DAS EMPRESAS SIDERÚRGICAS, METALÚRGICAS E ELETRO-MECÂNICAS DE JOÃO MONLEVADE LTDA. - CREDIBELGO;24235459;b3S;S5;I;2;JOAO MONLEVADE;MG;06/2023;4.006;2.345;409;179;3.597;-31;0;0
COOPERATIVA DE ECONOMIA E CREDITO MUTUO DOS EMPREGADOS DOS LABORATORIOS B.BRAUN LTDA;30586895;b3S;S5;I;2;SAO GONCALO;RJ;06/2023;3.999;1.810;227;0;3.771;154;0;0
TANGER SOCIEDADE DE CRÉDITO DIRETO S.A.;34846868;n1;S5;I;2;LINS;SP;06/2023;3.946;1.385;158;0;3.788;-95;2;0
GDC PARTNERS SERVIÇOS FIDUCIÁRIOS DISTRIBUIDORA DE TÍTULOS E VALORES MOBILIÁRIOS LTDA.;10749264;n2;S5;I;2;RIO DE JANEIRO;RJ;06/2023;3.910;0;1.953;0;1.957;558;3;0
COOPERATIVA DE ECONOMIA E CREDITO MUTUO DOS EMPREGADOS DE ESTABELECIMENTOS HOSPITALARES DO SUL DO ESTADO DO ESPIRITO SANTO - SULCRED;31746993;b3S;S5;I;2;CACHOEIRO DE ITAPEMIRIM;ES;06/2023;3.853;3.609;121;0;3.732;273;0;0
COOPERATIVA DE ECONOMIA E CRÉDITO MÚTUO DOS COLABORADORES DA COOPEDER LTDA - COOPCREDER;21130869;b3S;S5;I;2;BELO HORIZONTE;MG;06/2023;3.799;1.218;525;0;3.274;-89;0;0
NUMBRS SOCIEDADE DE CRÉDITO DIRETO S.A.;38129006;n1;S5;I;2;SAO PAULO;SP;06/2023;3.794;109;340;268;3.454;211;2;0
BANSUR JM SOCIEDADE DE CRÉDITO DIRETO S/A;42963742;n1;S5;I;2;BELO HORIZONTE;MG;06/2023;3.774;3.040;120;0;3.654;-331;2;0
CONECTA CORRETORA DE CÂMBIO LTDA.;18287740;n2;S5;I;2;SALVADOR;BA;06/2023;3.731;0;3.515;0;216;-338;2;0
DEBONI DISTRIBUIDORA DE TITULOS E VALORES MOBILIARIOS LTDA;77162881;n2;S4;I;2;CURITIBA;PR;06/2023;3.726;0;2.251;0;1.474;-460;3;0
CASA DO CRÉDITO S.A. SOCIEDADE DE CRÉDITO AO MICROEMPREENDEDOR;5442029;n1;S5;I;2;SAO PAULO;SP;06/2023;3.715;1.113;2.112;2.030;1.603;-1.036;2;0
RED SOCIEDADE DE CRÉDITO DIRETO S.A.;47593544;n1;S5;I;2;SAO PAULO;SP;06/2023;3.711;0;178;0;3.532;108;2;0
ZIPDIN SOLUÇÕES DIGITAIS SOCIEDADE DE CRÉDITO DIRETO S/A;37414009;n1;S5;I;2;SAO PAULO;SP;06/2023;3.705;413;2.649;0;1.056;47;2;0
SER FINANCE SOCIEDADE DE CRÉDITO DIRETO S.A.;47873449;n1;S5;I;2;RECIFE;PE;06/2023;3.676;0;549;0;3.126;-71;2;0
COOPERATIVA DE ECONOMIA E CREDITO MUTUO DOS FUNCIONARIOS DO EXPRESSO PRINCESA DOS CAMPOS;1551820;b3S;S5;I;2;PONTA GROSSA;PR;06/2023;3.642;3.252;35;0;3.606;169;0;0
COOPERATIVA DE ECONOMIA E CRÉDITO MUTUO DOS FUNCIONÁRIOS DE INSTITUIÇÕES FINANCEIRAS PUBLICAS E PRIVADAS NO TERRITÓRIO NACIONAL - CREDBRASIL;2869663;b3S;S5;I;2;VITORIA;ES;06/2023;3.637;1.978;553;0;3.084;40;0;0
SOLFÁCIL SOCIEDADE DE CRÉDITO DIRETO S.A.;48755901;n1;S5;I;2;SAO PAULO;SP;06/2023;3.636;98;2.218;0;1.418;3;2;0
ONCRED - SOCIEDADE DE CRÉDITO DIRETO S.A.;44650156;n1;S5;I;2;SAO CAETANO DO SUL;SP;06/2023;3.633;5.276;404;0;3.229;-1.377;2;0
COOPERATIVA DE ECONOMIA E CRÉDITO MÚTUO DOS FUNCIONÁRIOS DA COMPANHIA PAULISTA DE TRENS METROPOLITANOS - COOPERTREM;1530136;b3S;S5;I;2;OSASCO;SP;06/2023;3.568;501;191;0;3.377;-96;0;0
COOPERATIVA DE CRÉDITO MÚTUO DOS FUNCIONÁRIOS DA FIEP, SESI, SENAI, IEL E DO CONDOMÍNIO EDIFÍCIO AGOSTINHO VELLOSO DA SILVEIRA (CEAVS  - CREDFISP LTDA.;5747018;b3S;S5;I;2;CAMPINA GRANDE;PB;06/2023;3.543;1.997;282;0;3.260;202;0;0
CREDIFIT SOCIEDADE DE CRÉDITO DIRETO S.A.;39676772;n1;S5;I;2;SALVADOR;BA;06/2023;3.525;897;429;153;3.096;-501;2;0
ZM SOCIEDADE DE CRÉDITO DIRETO S.A.;49947715;n1;S5;I;2;AGUAS LINDAS DE GOIAS;GO;06/2023;3.397;1.453;169;0;3.228;228;2;0
MONETARIE SOCIEDADE DE CRÉDITO DIRETO S.A.;46026562;n1;S5;I;2;PORTO ALEGRE;RS;06/2023;3.383;2.088;978;850;2.405;-463;2;0
COOPERATIVA DE ECONOMIA E CRÉDITO MÚTUO DOS FUNCIONÁRIOS DA ACUMENT BRASIL;45068632;b3S;S5;I;2;ATIBAIA;SP;06/2023;3.362;2.894;225;0;3.137;24;0;0
COOPERATIVA DE ECONOMIA E CREDITO MUTUO DOS SERVIDORES DA ASCAR/EMATER-RS LTDA-CRESAL;90278987;b3S;S5;I;2;PORTO ALEGRE;RS;06/2023;3.354;1.338;604;391;2.750;120;0;0
INTEGRAL ACCESS DISTRIBUIDORA DE TÍTULOS E VALORES MOBILIÁRIOS LTDA.;34978626;n2;S4;I;2;SAO PAULO;SP;06/2023;3.327;0;40;0;3.287;-113;2;0
COOPERATIVA DE CRÉDITO MÚTUO DOS EMPREGADOS EM INSTITUIÇÕES DO SISTEMA FINANCEIRO NAS REGIÕES DE SÃO PAULO E CAMPINAS (SP) - CREDISCOOP;3674133;b3S;S5;I;2;SAO PAULO;SP;06/2023;3.309;2.952;1.743;1.433;1.566;-169;0;0
COOPERATIVA DE ECONOMIA E CRÉDITO MÚTUO DOS FUNCIONÁRIOS DA USINA SANTA MARIA - PILONCRED;1107759;b3S;S5;I;2;CERQUILHO;SP;06/2023;3.298;1.083;155;0;3.143;209;0;0
HEMERA DISTRIBUIDORA DE TÍTULOS E VALORES MOBILIÁRIOS LTDA.;39669186;n2;S4;I;2;CURITIBA;PR;06/2023;3.281;0;982;0;2.298;161;2;0
COOPERATIVA DE ECONOMIA E CREDITO MUTUO DOS SERVIDORES DA UERJ LTDA. - COOPUERJ;28885036;b3S;S5;I;2;RIO DE JANEIRO;RJ;06/2023;3.228;2.533;445;0;2.782;40;0;0
COOPERATIVA DE ECONOMIA E CRÉDITO MÚTUO DOS EMPREGADOS DA PONTIFÍCIA UNIVERSIDADE CATÓLICA DO RIO DE JANEIRO E EMPREGADOS EM ESTABELECIMENTOS PRIVADOS DE ENSINO DO MUNICÍPIO DO RIO DE JANEIRO LTDA.;42445122;b3S;S5;I;2;RIO DE JANEIRO;RJ;06/2023;3.169;1.636;1.183;0;1.987;-28;0;1
COOPERATIVA DE ECONOMIA E CRÉDITO MÚTUO DOS EMPREGADOS DA EMPRESA SUPERMERCADOS JAU SERVE - COOPERJS;3400651;b3S;S5;I;2;JAU;SP;06/2023;3.126;1.307;47;0;3.080;146;0;0
COOPERATIVA DE ECONOMIA E CRÉDITO MÚTUO DOS FUNCIONÁRIOS DA NAKATA;9128022;b3S;S5;I;2;OSASCO;SP;06/2023;3.102;1.874;81;0;3.021;123;0;0
RP SOCIEDADE DE CRÉDITO DIRETO  S.A.;44431743;n1;S5;C;3;SAO PAULO;SP;06/2023;3.063;4.108;505;0;2.558;-883;2;0
PACIFIC INVEST DISTRIBUIDORA DE TITULOS E VALORES MOBILIARIOS LTDA;73279093;n2;S4;I;2;JOACABA;SC;06/2023;2.999;0;974;0;2.025;240;8;0
COOPERATIVA DE ECONOMIA E CRÉDITO MÚTUO DOS FUNCIONÁRIOS DO PODER JUDICIÁRIO E SERVIDORES PÚBLICOS DO ESTADO DE SÃO PAULO - JUDCRED;7651495;b3S;S5;I;2;SAO PAULO;SP;06/2023;2.995;2.467;865;114;2.130;67;0;0
DGB CREDIT S.A. - SOCIEDADE DE CRÉDITO DIRETO;48584954;n1;S5;I;2;SALVADOR;BA;06/2023;2.957;0;3;0;2.954;-40;2;0
COOPERATIVA DE ECONOMIA E CRÉDITO MÚTUO DOS FUNCIONÁRIOS DO GRUPO SUGGAR LTDA.;548980;b3S;S5;I;2;BELO HORIZONTE;MG;06/2023;2.922;2.576;99;0;2.823;287;0;0
COOPERATIVA DE CRÉDITO DOS EMPREGADOS DAS EMPRESAS DO GRUPO INDORAMA NO BRASIL;62605290;b3S;S5;I;2;POCOS DE CALDAS;MG;06/2023;2.891;1.900;248;0;2.643;23;0;0
MOMENTO DISTRIBUIDORA DE TITULOS E VALORES MOBILIARIOS LTDA;97447304;n2;S4;I;2;RIO DE JANEIRO;RJ;06/2023;2.839;0;454;0;2.385;69;2;0
COOPERATIVA DE CRÉDITO DOS FUNCIONÁRIOS DA PERPART, DO IPA E DA ADAGRO - COOPEMATER;11356599;b3S;S5;I;2;RECIFE;PE;06/2023;2.791;2.532;148;0;2.642;-61;0;0
COOPSERJ - COOPERATIVA DE CRÉDITO MÚTUO DOS SERVIDORES PÚBLICOS DO PODER EXECUTIVO DO ESTADO DO RIO DE JANEIRO LTDA.;2723075;b3S;S5;I;2;RIO DE JANEIRO;RJ;06/2023;2.718;2.028;813;0;1.905;158;0;0
COOPERATIVA DE ECONOMIA E CRÉDITO MÚTUO DOS EMPREGADOS DA BECTON DICKINSON INDÚSTRIAS CIRÚRGICAS LTDA., LTDA.;21597133;b3S;S5;I;2;JUIZ DE FORA;MG;06/2023;2.702;1.411;372;0;2.330;102;0;0
COOPERATIVA DE CRÉDITO MÚTUO DOS EMPREGADOS EM EMPRESAS ADMINISTRADORAS DE AEROPORTOS - AEROCRED;5292849;b3S;S5;I;2;GUARULHOS;SP;06/2023;2.648;1.453;106;0;2.543;67;0;0
GOOD CORRETORA DE CÂMBIO LTDA;23010182;n2;S5;I;2;PORTO ALEGRE;RS;06/2023;2.559;0;400;0;2.159;17;2;0
AVS CORRETORA DE CÂMBIO LTDA.;25280945;n2;S5;I;2;CURITIBA;PR;06/2023;2.534;0;613;0;1.921;555;3;0
NUMATUR CORRETORA DE CÂMBIO LTDA.;18145784;n2;S5;I;2;SAO PAULO;SP;06/2023;2.512;0;82;0;2.430;98;3;0
COOPERATIVA DE ECONOMIA E CREDITO MUTUO DOS FUNCIONARIOS DA VIACAO NOSSA SENHORA DO AMPARO LTDA. - COPERFAMP;2192115;b3S;S5;I;2;MARICA;RJ;06/2023;2.477;1.025;194;0;2.283;70;0;0
EUROINVEST S.A. CORRETORA DE CÂMBIO, TÍTULOS E VALORES MOBILIÁRIOS;34190991;n2;S4;I;2;RIO DE JANEIRO;RJ;06/2023;2.475;0;272;0;2.204;126;2;0
SADOC SOCIEDADE CORRETORA DE CÂMBIO LTDA.;28762249;n2;S5;I;2;FORTALEZA;CE;06/2023;2.447;0;185;0;2.262;-34;2;0
COOPERATIVA DE ECONOMIA E CRÉDITO MÚTUO DOS EMPREGADOS DO GRUPO PARAMOUNT;88183173;b3S;S5;I;2;SAPUCAIA DO SUL;RS;06/2023;2.412;1.383;89;0;2.323;57;0;0
COOPERATIVA DE ECONOMIA E CREDITO MUTUO DOS SERVIDORES DO COLEGIO PEDRO II;2910387;b3S;S5;I;2;RIO DE JANEIRO;RJ;06/2023;2.403;1.148;152;0;2.251;43;0;0
AMAZÔNIA CORRETORA DE CÂMBIO LTDA.;16927221;n2;S4;I;2;MANAUS;AM;06/2023;2.363;0;307;0;2.055;74;2;0
COOPERATIVA DE ECONOMIA E CRÉDITO MÚTUO DOS EMPREGADOS DA JOLIMODE ROUPAS E EMPRESAS COLIGADAS LTDA;28244622;b3S;S5;I;2;RIO DE JANEIRO;RJ;06/2023;2.349;1.125;147;0;2.202;-590;0;0
COOPERATIVA DE ECONOMIA E CREDITO MUTUO DOS TRABALHADORES EM CONSELHOS DE FISCALIZACAO PROFISSIONAL NO MUNICIPIO DO RIO DE JANEIRO LTDA.;2850075;b3S;S5;I;2;RIO DE JANEIRO;RJ;06/2023;2.304;1.190;316;0;1.988;30;0;0
NUMBER ONE SOCIEDADE CORRETORA DE CAMBIO LTDA.;68742204;n2;S5;I;2;RIO DE JANEIRO;RJ;06/2023;2.285;0;726;0;1.559;-388;3;0
COOPERATIVA DE ECONOMIA E CREDITO MUTUO DOS FUNCIONARIOS DA GKN DO BRASIL LTDA;5331882;b3S;S5;I;2;PORTO ALEGRE;RS;06/2023;2.245;1.552;52;0;2.194;209;0;0
COOPERATIVA DE ECONOMIA E CRÉDITO MÚTUO SERVIDORES PÚBLICOS ATIVOS, INATIVOS E PENSIONISTAS DA ADMINISTRAÇÃO DIRETA, INDIRETA E ASSEMBLÉIA LEGISLATIVA DO ESTADO DO RIO GRANDE SUL - COOPSERGS;5591437;b3S;S5;I;2;PORTO ALEGRE;RS;06/2023;2.232;1.734;1.840;0;392;-416;0;0
FRIDAY INSTITUIÇÃO DE PAGAMENTOS LTDA.;42926025;n4;;I;2;RIO DE JANEIRO;RJ;06/2023;2.209;0;21;0;2.188;51;1;0
FINANCRED - SOCIEDADE DE CRÉDITO AO MICROEMPREENDEDOR E A EMPRESA DE PEQUENO PORTE LTDA.;27348513;n1;S5;I;2;CAMPO GRANDE;MS;06/2023;2.208;2.408;264;12;1.945;44;2;0
COOPERATIVA DE ECONOMIA E CRÉDITO MÚTUO DOS EMPREGADOS DO SEBRAE BAHIA LTDA.;5658367;b3S;S5;I;2;SALVADOR;BA;06/2023;2.159;998;73;0;2.086;71;0;0
BIZCAPITAL SOCIEDADE DE CRÉDITO DIRETO S.A.;45597546;n1;S5;I;2;RIO DE JANEIRO;RJ;06/2023;2.157;0;77;0;2.080;-2.075;2;0
MAGNETIS - DISTRIBUIDORA DE TÍTULOS E VALORES MOBILIÁRIOS LTDA;87963450;n2;S4;I;2;SAO PAULO;SP;06/2023;2.129;0;547;230;1.582;-162;2;0
MÉRITO DISTRIBUIDORA DE TÍTULOS E VALORES MOBILIÁRIOS LTDA.;41592532;n2;S4;I;2;SAO PAULO;SP;06/2023;2.111;0;156;0;1.955;-113;2;0
BARU SOCIEDADE DE CRÉDITO DIRETO S/A;42723848;n1;S5;I;2;PORTO ALEGRE;RS;06/2023;2.100;1.374;292;0;1.808;186;2;0
BRCARD SOCIEDADE DE CRÉDITO DIRETO S/A;39431423;n1;S5;I;2;CALDAS NOVAS;GO;06/2023;2.089;2.346;76;0;2.014;-16;2;0
COOPERATIVA DE ECONOMIA E CRÉDITO MÚTUO DOS BANCÁRIOS DO TRIÂNGULO LTDA.;1301541;b3S;S5;I;2;UBERLANDIA;MG;06/2023;2.067;156;1.260;0;807;-8;0;0
CORPORE SOCIEDADE DE CRÉDITO DIRETO S.A.;7327045;n1;S5;I;2;DOURADOS;MS;06/2023;2.054;1.478;85;0;1.968;243;2;0
COOPERATIVA DE ECONOMIA E CRÉDITO MÚTUO DOS SERVENTUÁRIOS DA CIMENTO TUPI S.A. E EMPRESAS COLIGADAS LTDA. - TUPICRED;19551787;b3S;S5;I;2;CARANDAI;MG;06/2023;2.051;1.482;105;0;1.947;116;0;0
SBCASH SOCIEDADE DE CRÉDITO DIRETO S.A.;42259084;n1;S5;I;2;SAO PAULO;SP;06/2023;1.989;0;1.187;0;802;-1.161;2;0
PAY2ALL INSTITUICAO DE PAGAMENTO LTDA;44815065;n4;S1;C;2;RIO DE JANEIRO;RJ;06/2023;1.946;0;19;0;1.927;-19;1;0
COOPERATIVA DE CRÉDITO DOS EMPREGADOS DA CBA ITAPISSUMA E EMPREGADOS DE EMPRESAS PRESTADORA DE SERVIÇOS INDUSTRIAIS, NO ESTADO DE PERNAMBUCO - CREDCOOPE;8931800;b3S;S5;I;2;ITAPISSUMA;PE;06/2023;1.932;1.127;100;0;1.833;44;0;0
ATF CREDIT SOCIEDADE DE CRÉDITO DIRETO S.A.;44728700;n1;S5;I;2;PORTO ALEGRE;RS;06/2023;1.902;0;13;0;1.889;-1.111;2;0
QUEROCRED SOCIEDADE DE CRÉDITO DIRETO S.A.;49035310;n1;S5;I;2;CANOAS;RS;06/2023;1.874;152;17;0;1.857;-143;2;0
CUMBUCA INSTITUIÇÃO DE PAGAMENTO LTDA.;44353942;n4;;I;2;SAO PAULO;SP;06/2023;1.868;0;11;0;1.857;-1.570;1;0
COOPERATIVA DE ECONOMIA E CRÉDITO MÚTUO DOS EMPREGADOS DAS EMPRESAS PLASCAR;17411307;b3S;S5;I;2;JUNDIAI;SP;06/2023;1.847;2.579;1.513;0;334;1.374;0;0
FINAZO SOCIEDADE DE CRÉDITO DIRETO S.A.;48703302;n1;S5;I;2;BALNEARIO CAMBORIU;SC;06/2023;1.843;1;5;0;1.838;-162;2;0
INCO SOCIEDADE DE EMPRÉSTIMO ENTRE PESSOAS S.A.;35340796;n1;S5;I;2;SAO PAULO;SP;06/2023;1.839;0;314;0;1.525;462;2;0
STARCRED SOCIEDADE DE CRÉDITO DIRETO S.A.;35911258;n1;S5;I;2;TAQUARA;RS;06/2023;1.826;541;5;0;1.821;127;2;0
COOPERATIVA DE ECONOMIA E CRÉDITO MÚTUO DOS EMPREGADOS DAS EMPRESAS SOMART LTDA.;129753;b3S;S5;I;2;URUCANIA;MG;06/2023;1.812;979;221;0;1.591;140;0;0
COOPERATIVA DE ECONOMIA E CRÉDITO MÚTUO DOS EMPREGADOS DA PROLEC GE BRASIL TRANSMISSÃO DE ENERGIA S.A.;88043187;b3S;S5;I;2;CANOAS;RS;06/2023;1.803;1.327;345;300;1.459;18;0;0
LAMARA SOCIEDADE DE CRÉDITO DIRETO S.A.;19324634;n1;S5;I;2;FORTALEZA;CE;06/2023;1.800;899;270;0;1.530;6;2;0
ATICCA - SOCIEDADE DE CRÉDITO DIRETO S.A.;44478623;n1;S5;I;2;ARARAQUARA;SP;06/2023;1.792;1.485;119;0;1.673;-26;2;0
LOAN BRASIL SOCIEDADE DE CRÉDITO DIRETO S.A.;50032584;n1;S5;I;2;MANAUS;AM;06/2023;1.766;0;193;0;1.573;73;2;0
LÚMINA CORRETORA DE CÂMBIO LTDA.;15122605;n2;S5;I;2;SALVADOR;BA;06/2023;1.745;0;258;0;1.487;64;2;0
COOPERATIVA DE CRÉDITO MÚTUO DOS TRABALHADORES DO SISTEMA FINANCEIRO DE CURITIBA E REGIÃO - COOPCREFI;6942423;b3S;S5;I;2;CURITIBA;PR;06/2023;1.743;1.397;112;0;1.631;41;0;0
LIMINE TRUST DISTRIBUIDORA DE TÍTULOS E VALORES MOBILIÁRIOS LTDA.;24361690;n2;S4;I;2;SAO PAULO;SP;06/2023;1.741;0;642;0;1.099;-119;2;0
CONSEGTUR CORRETORA DE CÂMBIO LTDA.;15168152;n2;S4;I;2;SAO PAULO;SP;06/2023;1.740;0;1.219;0;521;141;2;0
MAGNUM SOCIEDADE DE CRÉDITO DIRETO S.A.;44683140;n1;S5;I;2;SAO PAULO;SP;06/2023;1.736;0;578;1;1.157;-2.980;2;0
GIRO - SOCIEDADE DE CRÉDITO DIRETO S/A;40112555;n1;S5;I;2;CURITIBA;PR;06/2023;1.724;0;205;0;1.520;35;2;0
COOPERATIVA DE CRÉDITO MÚTUO DOS SERVIDORES PÚBLICOS MUNICIPAIS DE JABOTICABAL - COOPERSERV;881829;b3S;S5;I;2;JABOTICABAL;SP;06/2023;1.724;1.686;245;0;1.479;29;0;0
COOPERATIVA DE ECONOMIA E CRÉDITO MÚTUO DOS EMPREGADOS DA FUNDAÇÃO ARTHUR BERNARDES LTDA. - COOFAB;2738981;b3S;S5;I;2;VICOSA;MG;06/2023;1.677;1.369;132;0;1.546;92;0;0
SAGITUR CORRETORA DE CÂMBIO S.A.;61444949;n2;S4;I;2;SAO PAULO;SP;06/2023;1.652;0;2.239;0;-587;-588;1;0
PROVU SOCIEDADE DE CRÉDITO DIRETO S.A.;42627615;n1;S5;I;2;SAO PAULO;SP;06/2023;1.615;200;266;0;1.349;-1.176;2;0
SINGRATUR CORRETORA DE CÂMBIO LTDA;16854999;n2;S4;I;2;MARINGA;PR;06/2023;1.594;0;194;0;1.400;259;2;0
FALCON DISTRIBUIDORA DE TÍTULOS E VALORES MOBILIÁRIOS LTDA.;47215387;n2;S4;I;2;CURITIBA;PR;06/2023;1.556;0;3;0;1.553;24;1;0
COOPERATIVA DE ECONOMIA E CRÉDITO MÚTUO DOS SERVIDORES DA POLÍCIA MILITAR DO ESTADO DE SÃO PAULO DA REGIÃO CENTRO-OESTE PAULISTA - CREDMIL;4152107;b3S;S5;I;2;BAURU;SP;06/2023;1.555;1.420;426;0;1.129;2;0;0
ATLANTA SOCIEDADE DE CRÉDITO AO MICROEMPREENDEDOR LTDA;4772908;n1;S5;I;2;PASSOS;MG;06/2023;1.550;1.503;12;0;1.537;-39;2;0
COOPERATIVA DE ECONOMIA E CRÉDITO MÚTUO DOS FUNCIONÁRIOS DO GRUPO VOTORANTIM LIMITADA.;75174953;b3S;S5;I;2;RIO BRANCO DO SUL;PR;06/2023;1.531;1.294;46;0;1.485;3;0;0
PEAK SOCIEDADE DE EMPRÉSTIMO ENTRE PESSOAS S.A.;44019481;n1;S5;I;2;SAO PAULO;SP;06/2023;1.502;0;365;0;1.137;0;2;0
COOPERATIVA DE CRÉDITO DOS FUNCIONÁRIOS DO GRUPO PPG;3657230;b3S;S5;I;2;SUMARE;SP;06/2023;1.498;925;25;0;1.473;-3;0;0
PÓLOCRED   SOCIEDADE DE CRÉDITO AO MICROEMPREENDEDOR E À EMPRESA DE PEQUENO PORTE LTDA.;7945233;n1;S5;I;2;FLORIANOPOLIS;SC;06/2023;1.460;169;400;0;1.060;-204;2;0
COOPERATIVA DE ECONOMIA E CRÉDITO MÚTUO DOS EMPREGADOS DAS EMPRESAS DE DIVERSÕES DO ESTADO DE SÃO PAULO;68314921;b3S;S5;I;2;SAO PAULO;SP;06/2023;1.434;1.330;162;0;1.272;36;0;0
GREEN ALTERNATIVE INVESTMENTS DISTRIBUIDORA DE TÍTULOS E VALORES MOBILIÁRIOS S.A.;37800856;n2;S4;I;2;SAO PAULO;SP;06/2023;1.423;0;153;0;1.270;-7;2;0
ÍCARO CORRETORA DE CÂMBIO LTDA;72556996;n2;S5;I;2;CURITIBA;PR;06/2023;1.413;0;250;0;1.163;88;2;0
VIP'S CORRETORA DE CÂMBIO LTDA.;17772370;n2;S5;I;2;SAO PAULO;SP;06/2023;1.408;0;221;0;1.187;-226;2;0
BOM CRÉDITO   SOCIEDADE DE CRÉDITO AO MICROEMPREENDEDOR E À EMPRESA DE PEQUENO PORTE LTDA.;5669150;n1;S5;I;2;VOLTA REDONDA;RJ;06/2023;1.386;0;0;0;1.386;-34;2;0
BULLLA SOCIEDADE DE EMPRÉSTIMO ENTRE PESSOAS S.A.;34831910;n1;S5;I;2;SAO PAULO;SP;06/2023;1.377;0;325;0;1.052;-206;2;0
ONNIX CORRETORA DE CÂMBIO LTDA.;7333726;n2;S4;I;2;PORTO ALEGRE;RS;06/2023;1.358;0;252;0;1.106;80;2;0
COOPERATIVA DE ECONOMIA E CRÉDITO MÚTUO DOS SERVIDORES DA PREFEITURA MUNICIPAL DE VOTORANTIM;52137361;b3S;S5;I;2;VOTORANTIM;SP;06/2023;1.352;1.297;52;0;1.299;27;0;0
COOPERATIVA DE ECONOMIA E CREDITO MUTUO DOS EMPREGADOS DO COLEGIO SANTO INACIO - COESI;2447184;b3S;S5;I;2;RIO DE JANEIRO;RJ;06/2023;1.351;1.065;106;0;1.245;-83;0;0
COOPERATIVA DE CRÉDITO MÚTUO DOS EMPREGADOS DAS INDÚSTRIAS DO PAPEL, PAPELÃO E CORTIÇA DE OTACÍLIO COSTA, LAGES E CORREA PINTO - PAPELCREDI;6369729;b3S;S5;I;2;OTACILIO COSTA;SC;06/2023;1.350;1.350;727;696;623;-50;0;0
BEZZ SOCIEDADE DE CRÉDITO DIRETO S.A.;46130566;n1;S5;I;2;RIO DE JANEIRO;RJ;06/2023;1.340;413;47;0;1.293;-187;2;0
SOLIDEZ - CORRETORA DE CÂMBIO, TÍTULOS E VALORES MOBILIÁRIOS LTDA;96477906;n2;S4;I;2;SAO PAULO;SP;06/2023;1.332;0;74.314;0;-72.981;-295;2;0
COOPERATIVA DE ECONOMIA E CREDITO MUTUO DOS EMPREGADOS NAS INDUSTRIAS QUIMICAS, FARMACEUTICAS E SIMILARES DA REGIAO METROPOLITANA DO RIO DE JANEIRO LTDA;5424088;b3S;S5;I;2;SAO GONCALO;RJ;06/2023;1.317;652;58;0;1.260;3;0;0
COOPERATIVA DE ECONOMIA E CRÉDITO MÚTUO DOS FUNCIONÁRIOS DA ASSEMBLÉIA LEGISLATIVA DO ESTADO DA PARAÍBA LTDA. -  COOPERLEGIS;41146382;b3S;S5;I;2;JOAO PESSOA;PB;06/2023;1.299;1.540;355;0;944;-279;0;0
VNK SOCIEDADE DE CRÉDITO AO MICROEMPREENDEDOR E À EMPRESA DE PEQUENO PORTE LTDA.;20269566;n1;S5;I;2;FORTALEZA;CE;06/2023;1.297;551;75;0;1.222;127;2;0
COOPERATIVA DE CRÉDITO DE CAPITAL E EMPRÉSTIMO DOS EMPREGADOS CELETISTAS DE COOPERATIVAS DOS ESTADOS DE SÃO PAULO E MINAS GERAIS - COCREUNI;57987273;b3S;S5;I;2;RIBEIRAO PRETO;SP;06/2023;1.288;644;116;0;1.172;54;0;0
COOPERATIVA DE ECONOMIA E CREDITO MUTUO DOS EMPREGADOS DA CIA DE ELETRICIDADE DO ESTADO DO RJ CREDICERJ LTDA;30138226;b3S;S5;I;2;NITEROI;RJ;06/2023;1.273;875;147;0;1.126;-9;0;0
NIXFIN SOCIEDADE DE CRÉDITO DIRETO S.A.;44921281;n1;S5;I;2;FLORIANOPOLIS;SC;06/2023;1.271;167;2;0;1.268;-52;2;0
COOPERATIVA DE ECONOMIA E CRÉDITO MÚTUO DOS EMPREGADOS DA UNIFI - CREDIUNIFI;3685335;b3S;S5;I;2;ALFENAS;MG;06/2023;1.268;1.017;32;0;1.236;37;0;0
CREDPAR - SOCIEDADE DE CRÉDITO DIRETO S/A;48721937;n1;S5;I;2;UBERLANDIA;MG;06/2023;1.267;613;23;0;1.244;-29;2;0
CREDIHOME SOCIEDADE DE CRÉDITO DIRETO S.A.;39416705;n1;S5;I;2;SAO PAULO;SP;06/2023;1.255;0;15;0;1.240;-158;2;0
NGO ASSOCIADOS CORRETORA DE CÂMBIO LTDA.;65635377;n2;S5;I;2;SAO PAULO;SP;06/2023;1.250;0;501;0;748;-310;2;0
SOL CORRETORA DE CÂMBIO LTDA.;8520517;n2;S4;I;2;NATAL;RN;06/2023;1.243;0;392;8;851;-220;7;0
COOPERATIVA DE ECONOMIA E CRÉDITO MÚTUO DOS EMPREGADOS DA INDÚSTRIA DE PAPÉIS SUDESTE LTDA . - CREDESTE;18340695;b3S;S5;I;2;JUIZ DE FORA;MG;06/2023;1.242;894;65;0;1.177;24;0;0
DAPPER - SOCIEDADE DE CRÉDITO DIRETO S/A;48529228;n1;S5;I;2;BLUMENAU;SC;06/2023;1.234;232;52;0;1.182;-34;2;0
CORREPARTI CORRETORA DE CAMBIO LTDA;80202872;n2;S5;I;2;SAO JOSE DOS PINHAIS;PR;06/2023;1.232;0;175;0;1.057;33;2;0
PRONANCE SOCIEDADE CORRETORA DE CÂMBIO LTDA;41560568;n2;S5;I;2;CURITIBA;PR;06/2023;1.222;0;83;0;1.139;139;2;0
EMCASH SERVIÇOS FINANCEIROS SOCIEDADE DE EMPRÉSTIMO ENTRE PESSOAS S.A.;34139916;n1;S5;I;2;BELO HORIZONTE;MG;06/2023;1.217;0;108;0;1.109;71;2;0
PERCAPITAL SOCIEDADE DE CRÉDITO DIRETO S.A.;48707451;n1;S5;I;2;CAMPO GRANDE;MS;06/2023;1.187;2;95;0;1.092;1;2;0
COOPERATIVA DE CRÉDITO DE SERVIDORES DA UESC - UESCOOP;10548608;b3S;S5;I;2;ILHEUS;BA;06/2023;1.176;1.107;55;0;1.122;15;0;0
FIDO SOCIEDADE DE EMPRÉSTIMO ENTRE PESSOAS S.A.;40819834;n1;S5;I;2;BRASILIA;DF;06/2023;1.164;0;543;0;621;-148;2;0
CREDIMÓVEL SOCIEDADE DE CRÉDITO DIRETO S.A.;45341994;n1;S5;I;2;GOIANIA;GO;06/2023;1.163;522;61;0;1.102;38;2;0
COOPERATIVA DE CRÉDITO DOS EMPREGADOS DO GRUPO NEFFA E DEMAIS ESTABELECIMENTOS DO SETOR DE ALIMENTOS DA GRANDE VITÓRIA.;29985421;b3S;S5;I;2;VITORIA;ES;06/2023;1.160;420;37;0;1.123;21;0;0
COOPERATIVA DE ECONOMIA E CREDITO MUTUO DOS TRABALHADORES DO GRUPO EMPRESARIAL ITATIAIA LTDA. - COOPERITA;20177390;b3S;S5;I;2;UBA;MG;06/2023;1.158;609;25;0;1.133;-2;0;0
MARMARIS CORRETORA DE CÂMBIO LTDA.;45056494;n2;S5;I;2;SAO PAULO;SP;06/2023;1.141;0;59;0;1.083;60;2;0
CRYSTAL BMC - INSTITUICAO DE PAGAMENTO LTDA.;43561343;n4;;I;2;BARUERI;SP;06/2023;1.134;0;57;0;1.077;-207;1;0
KIKAI SOCIEDADE DE CRÉDITO DIRETO S.A.;43978697;n1;S5;I;2;BARUERI;SP;06/2023;1.130;346;113;0;1.017;-95;2;0
CREDBRASIL - SOCIEDADE DE CRÉDITO AO MICROEMPREENDEDOR LTDA;3635061;n1;S5;I;2;PAULINIA;SP;06/2023;1.130;0;137;0;992;-59;2;0
COOPERATIVA DE ECONOMIA E CREDITO MUTUO DOS FUNCIONARIOS DA FMC LTDA;42258376;b3S;S5;I;2;RIO DE JANEIRO;RJ;06/2023;1.079;799;20;0;1.059;22;0;0
BELVO INSTITUICAO DE PAGAMENTO LTDA;43215815;n4;;I;3;SAO PAULO;SP;06/2023;1.047;0;29;0;1.017;-182;1;0
FINLEV SOCIEDADE DE CRÉDITO DIRETO S.A.;44564204;n1;S5;I;2;BELEM;PA;06/2023;1.043;763;17;0;1.026;25;2;0
INIPAY INSTITUICAO DE PAGAMENTO LTDA;44459799;n4;;I;2;SAO PAULO;SP;06/2023;1.028;0;0;0;1.028;-27;1;0
INICIADOR INSTITUICAO DE PAGAMENTO LTDA;44471172;n4;;I;2;SAO PAULO;SP;06/2023;1.017;0;41;0;975;21;1;0
FIDEM SOCIEDADE DE CRÉDITO DIRETO S/A;45716916;n1;S5;I;2;SANTA MARIA;RS;06/2023;1.016;85;49;0;966;-88;2;0
CREDILON SOCIEDADE DE CRÉDITO AO MICROEMPREENDEDOR DA REGIÃO DE LONDRINA LTDA.;4223451;n1;S5;I;2;LONDRINA;PR;06/2023;1.015;632;10;0;1.005;198;2;0
CF GROUP SOCIEDADE DE EMPRÉSTIMO ENTRE PESSOAS S.A.;41349521;n1;S5;I;2;PORTO ALEGRE;RS;06/2023;1.001;0;114;0;887;-155;2;0
QUANTO NETWORK INSTITUICAO DE PAGAMENTO LTDA.;42064545;n4;;I;2;SAO PAULO;SP;06/2023;992;0;8;0;985;-2;1;0
CONEXION CORRETORA DE CÂMBIO LTDA.;17635177;n2;S4;I;2;RIBEIRAO PRETO;SP;06/2023;973;0;433;0;540;8;2;0
LASTRO RDV DISTRIBUIDORA DE TÍTULOS E VALORES MOBILIÁRIOS LTDA.;71590442;n2;S4;I;2;ARARAS;SP;06/2023;957;0;113;30;844;133;2;0
MOGNO CAPITAL DISTRIBUIDORA DE TÍTULOS E VALORES MOBILIÁRIOS LTDA.;47227569;n2;S4;I;2;SAO PAULO;SP;06/2023;950;0;77;0;873;110;2;0
COOPERATIVA DE ECONOMIA E CRÉDITO MÚTUO DOS EMPREGADOS DA MOSAIC FERTILIZANTES DO BRASIL - COCRESGO LTDA.;968834;b3S;S5;I;2;CATALAO;GO;06/2023;921;890;20;0;901;47;0;0
FIDUCIAL DISTRIBUIDORA DE TÍTULOS E VALORES MOBILIÁRIOS LTDA.;10280601;n2;S5;I;2;BELO HORIZONTE;MG;06/2023;909;0;222;0;687;122;2;0
COOPERATIVA DE CRÉDITO RURAL DO AGRESTE ALAGOANO - COOPERAGRE;8482873;b3S;S5;I;2;IGACI;AL;06/2023;900;107;421;402;479;-88;0;0
EBADIVAL - E. BAGGIO DISTRIBUIDORA DE TÍTULOS E VALORES MOBILIÁRIOS LTDA.;89784367;n2;S5;I;2;CURITIBA;PR;06/2023;886;0;6;0;881;-14;2;0
COOPERATIVA DE CRÉDITO UNICOPER;977212;b3S;S5;I;2;SAO PAULO;SP;06/2023;864;0;0;0;864;-49;0;0
COOPERATIVA DE ECONOMIA E CRÉDITO MÚTUO DOS TRABALHADORES DAS INDÚSTRIAS METALÚRGICAS DE PORTO ALEGRE E GRANDE PORTO ALEGRE;90560434;b3S;S5;I;2;CACHOEIRINHA;RS;06/2023;845;766;30;0;815;73;0;0
COOPERATIVA DE CRÉDITO MÚTUO DOS EMPREGADOS DO CENTRO UNIVERSITÁRIO NEWTON PAIVA LTDA. - CREDIPAIVA;20833992;b3S;S5;I;2;BELO HORIZONTE;MG;06/2023;826;538;10;0;815;12;0;0
LEND SOCIEDADE DE CRÉDITO DIRETO S.A.;37526080;n1;S5;I;2;SAO PAULO;SP;06/2023;776;0;438;4;338;-395;2;0
CORRETORA DE CÂMBIO AÇORIANA LIMITADA.;15761217;n2;S5;I;2;FLORIANOPOLIS;SC;06/2023;776;0;131;0;645;37;2;0
COOPERATIVA DE ECONOMIA E CRÉDITO MÚTUO DOS BANCÁRIOS DE BELO HORIZONTE E REGIÃO METROPOLITANA LTDA. - COOPEB;71502181;b3S;S5;I;2;BELO HORIZONTE;MG;06/2023;752;621;49;0;703;15;0;0
FACILICRED SOCIEDADE DE CRÉDITO AO MICROEMPREENDEDOR LTDA;4849745;n1;S5;I;2;CURITIBA;PR;06/2023;714;474;76;0;638;9;2;0
COOPERATIVA DE ECONOMIA E CRÉDITO MÚTUO DOS FUNCIONÁRIOS DO BANESPA DE BOTUCATU E CIDADES LIMÍTROFES;3219207;b3S;S5;I;2;BOTUCATU;SP;06/2023;687;532;24;0;663;22;0;0
COOPERATIVA DE ECONOMIA E CREDITO MUTUO DOS FUNCIONARIOS DA SANEPAR - CREDISANEPAR;3165497;b3S;S5;I;2;CASCAVEL;PR;06/2023;668;565;31;3;637;16;0;0
COOPERATIVA DE CRÉDITO DE CAPITAL E EMPRÉSTIMO DOS TRABALHADORES NAS EMPRESAS DE TECNOLOGIA E INFORMÁTICA DE BELO HORIZONTE E CIDADES LIMÍTROFES LTDA - COOPERINFOR;28435685;b3S;S5;I;2;BELO HORIZONTE;MG;06/2023;657;666;14;0;643;35;0;0
CP & FRIZZO - DISTRIBUIDORA DE TÍTULOS E VALORES MOBILIÁRIOS LTDA;62264924;n2;S4;I;2;SAO PAULO;SP;06/2023;564;0;75;0;489;-83;2;0
HR SOCIEDADE DE CRÉDITO AO MICROEMPREENDEDOR E À EMPRESA DE PEQUENO PORTE LTDA.;20158571;n1;S5;I;2;MACEIO;AL;06/2023;548;284;35;0;513;-90;1;0
COOPERATIVA DE ECONOMIA E CRÉDITO MÚTUO DOS BANCÁRIOS DE JUIZ DE FORA LTDA. - COCBAN;4158581;b3S;S5;I;2;JUIZ DE FORA;MG;06/2023;524;497;13;0;511;9;0;0
MEGA CORRETORA DE CÂMBIO LTDA.;15077393;n2;S4;I;2;RIO CLARO;SP;06/2023;498;0;17;0;481;-142;2;0
AVIPAM CORRETORA DE CAMBIO LTDA;3443143;n2;S4;I;2;RIO DE JANEIRO;RJ;06/2023;498;0;24;0;474;62;2;0
COOPERATIVA DE ECONOMIA E CRÉDITO MÚTUO DOS BANCÁRIOS DE SOROCABA E REGIÃO;71491609;b3S;S5;I;2;SOROCABA;SP;06/2023;220;27;32;0;189;13;0;0
COOPERATIVA DE CRÉDITO E INVESTIMENTO COM INTERAÇÃO SOLIDÁRIA DE NOVA MUTUM E REGIÃO - CRESOL MATO GROSSO;50735161;b3S;S5;I;2;NOVA MUTUM;MT;06/2023;20;0;0;0;20;0;0;0
MICROCASH SOCIEDADE DE CRÉDITO AO MICROEMPREENDEDOR E À EMPRESA DE PEQUENO PORTE LTDA.;45756448;n1;S5;I;2;SAO PAULO;SP;06/2023;NI;NI;NI;NI;NI;NI;2;0
DOURADA - SOCIEDADE DE CRÉDITO AO MICROEMPREENDEDOR E À EMPRESA DE PEQUENO PORTE LTDA;11545653;n1;S5;I;2;LAGOA DOURADA;MG;06/2023;NI;NI;NI;NI;NI;NI;2;0
COOPERATIVA DE ECONOMIA E CREDITO MUTUO DOS EMPREGADOS IND.ALIMENTACAO REG.GRDE.VITORIA EST.ES-CREDI-ALIMENTO;3973743;b3S;S5;I;2;VITORIA;ES;06/2023;NI;NI;NI;NI;NI;NI;0;1
