Instituição;Código;TCB;SR;TD;TC;Cidade;UF;Data;Captações;Captações - Depósitos de Poupança (a2);Captações - Depósitos Interfinanceiros (a3);Captações - Depósitos a Prazo (a4);Captações - Outros Depósitos (a5);Captações - Depósito Total (a);Captações - Obrigações por Operações Compromissadas (b);Captações - Letras de Crédito Imobiliário (c1);Captações - Letras de Crédito do Agronegócio (c2);Captações - Letras Financeiras (c3);Captações - Obrigações por Títulos e Valores Mobiliários no Exterior (c4);Captações - Outros Recursos de Aceites e Emissão de Títulos (c5);Captações - Recursos de Aceites e Emissão de Títulos (c);Captações - Obrigações por Empréstimos e Repasses (d);Captações - Captações (e) = (a) + (b) + (c) + (d);Instrumentos Derivativos (f);Outras Obrigações (g);Passivo Circulante e Exigível a Longo Prazo (h) = (e) + (f) + (g);Resultados de Exercícios Futuros (i);Patrimônio Líquido (j);Passivo Total (k) = (h) + (i) + (j)
BB;49906;b1;;C;1;BRASILIA;DF;12/2009;55.984.294;75.741.590;10.709.735;169.257.690;13.923.461;325.616.771;148.847.592;0;0;0;2.571.342;0;2.571.342;34.094.647;511.130.351;2.183.155;102.598.270;615.911.776;248.912;36.119.381;652.280.069
ITAU;10069;b1;;C;2;SAO PAULO;SP;12/2009;26.187.681;48.221.550;3.011.307;119.558.044;1.255.924;198.234.506;135.819.618;5.869.466;2.283.044;0;5.615.965;1.368.301;15.136.775;34.106.026;383.296.925;5.475.110;145.083.613;533.855.648;157.590;51.589.860;585.603.098
BRADESCO;10045;b1;;C;2;OSASCO;SP;12/2009;34.732.520;45.113.274;1.190.855;91.314.539;1.087.715;173.438.904;117.431.841;0;1.585.957;0;4.281.028;1.639.050;7.506.035;27.330.006;325.706.787;536.675;75.994.732;402.238.194;240.988;41.917.596;444.396.778
BANCO NACIONAL DE DESENVOLVIMENTO ECONOMICO E SOCIAL;33657248;b4;;I;1;RIO DE JANEIRO;RJ;12/2009;0;0;3.258.834;0;22.971.094;26.229.928;13.740.763;0;0;0;0;0;0;164.619.247;204.589.938;237.273;146.824.683;351.651.895;0;27.628.046;379.279.940
CAIXA ECONOMICA FEDERAL;360305;b1;;I;1;BRASILIA;DF;12/2009;16.709.449;108.709.642;29.111;43.788.754;11.432.766;180.669.721;65.036.181;1.961.912;0;0;0;513.528;2.475.441;41.119.504;289.300.846;982;39.386.227;328.688.055;0;13.143.767;341.831.823
SANTANDER;30379;b1;;C;3;SAO PAULO;SP;12/2009;14.820.696;25.216.924;764.266;72.126.587;615.102;113.543.575;34.810.876;5.985.385;1.231.260;0;2.591.162;469.724;10.277.531;21.203.002;179.834.984;4.411.515;84.740.603;268.987.101;145.556;64.936.705;334.069.363
HSBC;51152;b1;;C;3;CURITIBA;PR;12/2009;7.691.791;3.004.190;1.865.719;53.214.646;131.628;65.907.974;2.062.441;808.556;0;0;544.594;0;1.353.150;3.401.484;72.725.049;1.122.559;19.049.495;92.897.103;0;7.207.378;100.104.481
VOTORANTIM;51011;b1;;C;2;SAO PAULO;SP;12/2009;134.794;0;1.741.042;22.599.913;1.672;24.477.420;24.767.468;106.311;1.818.265;0;1.394.800;2.951.118;6.270.493;7.302.755;62.818.137;6.599.567;10.342.479;79.760.183;34.919;7.145.467;86.940.569
SAFRA;10083;b1;;C;2;SAO PAULO;SP;12/2009;1.211.389;928.429;2.893.093;8.631.430;47.187;13.711.528;25.336.845;0;169.713;0;1.344.381;22.065;1.536.159;7.005.946;47.590.478;5.545.687;12.994.171;66.130.336;22.629;4.906.545;71.059.510
CITIBANK;30403;b1;;C;3;SAO PAULO;SP;12/2009;3.362.006;452.700;214.578;8.372.689;170.442;12.572.415;1.649.262;0;296.638;0;0;0;296.638;2.763.036;17.281.351;1.339.922;17.143.697;35.764.970;16.848;5.065.157;40.846.974
BANRISUL;30173;b1;;C;1;PORTO ALEGRE;RS;12/2009;2.107.697;5.636.799;89.968;8.710.471;13.503;16.558.439;2.006.497;0;0;0;0;0;0;1.481.680;20.046.616;46.972;5.767.649;25.861.237;4.495;3.409.285;29.275.017
BTG PACTUAL;49944;b1;;C;2;RIO DE JANEIRO;RJ;12/2009;1.278.263;0;217.776;4.091.963;7.488;5.595.490;9.056.616;75.562;254.647;0;0;0;330.210;47.947;15.030.262;931.601;2.730.375;18.692.238;8.397;3.244.500;21.945.135
CREDIT SUISSE;30771;b1;;C;3;SAO PAULO;SP;12/2009;189.240;0;262.252;2.516.290;11.773;2.979.554;8.067.005;56.862;0;0;0;0;56.862;2.644.790;13.748.211;741.817;3.808.429;18.298.457;11.435;2.952.480;21.262.372
DEUTSCHE;51183;b1;;C;3;SAO PAULO;SP;12/2009;388.469;0;319.556;662.325;5;1.370.355;124.105;0;0;0;936.381;0;936.381;1.742.346;4.173.187;1.128.886;14.504.800;19.806.874;2.419;913.458;20.722.750
BANCO DO NORDESTE DO BRASIL S.A.;7237373;b1;;I;1;FORTALEZA;CE;12/2009;135.837;1.381.500;384.772;3.463.601;967.017;6.332.727;445.678;0;0;0;0;0;0;2.856.597;9.635.002;36.570;7.410.155;17.081.727;14;2.072.725;19.154.466
BANCO VOLKSWAGEN S.A.;59109165;b2;;I;3;SAO PAULO;SP;12/2009;0;0;4.653.461;1.049.877;0;5.703.337;0;0;0;0;0;0;0;4.999.494;10.702.831;0;4.219.151;14.921.982;143.086;1.583.096;16.648.164
BNP PARIBAS;51516;b1;;C;3;SAO PAULO;SP;12/2009;46.166;0;1.559.883;4.304.319;70.476;5.980.845;1.853.240;0;0;0;0;0;0;495.477;8.329.563;620.555;5.611.729;14.561.847;6.183;1.502.289;16.070.318
ALFA;51293;b1;;C;2;SAO PAULO;SP;12/2009;38.451;0;649.151;3.507.418;1.550;4.196.570;2.462.201;0;20.140;0;0;1.403.883;1.424.023;1.334.627;9.417.422;431.351;2.119.328;11.968.101;11.087;1.671.011;13.650.199
FIBRA;49951;b1;;C;2;SAO PAULO;SP;12/2009;129.700;0;580.876;2.969.636;1.442;3.681.654;3.977.113;0;176.923;0;626.410;0;803.333;1.480.292;9.942.391;116.667;979.788;11.038.846;2.721;783.678;11.825.245
BIC;32119;b1;;C;2;SAO PAULO;SP;12/2009;368.234;11.805;513.029;4.921.030;176;5.814.274;8.449;0;0;0;519.648;88.717;608.365;1.853.442;8.284.530;178.479;1.007.452;9.470.461;9.013;1.774.713;11.254.187
PANAMERICANO;31323;b1;;C;2;SAO PAULO;SP;12/2009;26.677;0;747.804;4.248.860;478;5.023.818;99.081;0;0;0;712.774;269.477;982.251;0;6.105.150;302.688;2.813.732;9.221.571;0;1.581.423;10.802.993
BBM;30207;b1;;C;2;SALVADOR;BA;12/2009;79.426;0;227.076;841.813;203;1.148.517;7.420.568;0;0;0;1;0;1;620.230;9.189.315;46.420;701.478;9.937.213;431;657.908;10.595.552
BMG;30290;b1;;C;2;BELO HORIZONTE;MG;12/2009;162.110;0;125.590;3.628.801;730;3.917.230;130.825;0;0;0;2.082.968;0;2.082.968;177.346;6.308.369;367.708;1.507.111;8.183.189;0;2.170.634;10.353.823
BANCO COOPERATIVO SICREDI S.A.;1181521;b1;;I;2;PORTO ALEGRE;RS;12/2009;16.970;1.129.196;3.620.665;18.026;0;4.784.857;2.722.461;0;0;0;0;0;0;1.218.256;8.725.573;0;189.171;8.914.745;0;180.886;9.095.631
BANESTES;30159;b1;;C;1;VITORIA;ES;12/2009;971.676;1.086.576;11.607;2.945.818;728;5.016.405;2.371.446;5.455;0;0;0;3.121;8.576;451.705;7.848.133;0;439.722;8.287.855;1.063;665.130;8.954.048
MERCANTIL DO BRASIL;20152;b1;;C;2;BELO HORIZONTE;MG;12/2009;438.640;155.459;55.260;3.625.236;1.686;4.276.281;1.165.246;0;31.578;0;440.008;0;471.586;183.650;6.096.763;162.377;994.020;7.253.159;4.128;583.476;7.840.763
BANCO DA AMAZONIA S.A.;4902979;b1;;I;1;BELEM;PA;12/2009;455.256;349.964;92.335;685.127;434.269;2.016.950;302.078;0;0;0;0;0;0;510.234;2.829.263;0;3.079.163;5.908.425;0;1.897.319;7.805.744
BANCO GMAC S/A;59274605;b2;;I;3;SAO PAULO;SP;12/2009;0;0;492.602;1.364.573;0;1.857.175;0;0;0;0;0;0;0;0;1.857.175;0;4.790.240;6.647.415;46.678;1.070.168;7.764.261
JP MORGAN CHASE;20107;b1;;C;3;SAO PAULO;SP;12/2009;14.894;0;150.443;465.832;244;631.413;1.754.735;0;0;0;0;0;0;501.161;2.887.308;1.231.544;1.908.869;6.027.722;313;1.540.593;7.568.628
ABC-BRASIL;41856;b1;;C;3;SAO PAULO;SP;12/2009;168.572;0;544.600;2.310.945;523;3.024.640;0;143.335;358.464;0;0;0;501.799;2.316.718;5.843.158;23.316;273.827;6.140.300;18.691;1.218.441;7.377.433
MERCEDES-BENZ;51262;b2;;C;3;SAO PAULO;SP;12/2009;0;0;354.626;27.311;0;381.938;0;0;0;0;0;0;0;4.504.734;4.886.672;0;1.697.632;6.584.304;27.063;743.132;7.354.498
BANCO REGIONAL DE DESENVOLVIMENTO DO EXTREMO SUL;92816560;b4;;I;1;PORTO ALEGRE;RS;12/2009;0;0;0;0;0;0;0;0;0;0;0;0;0;5.946.714;5.946.714;0;298.763;6.245.477;240;1.074.964;7.320.681
CRUZEIRO DO SUL;50720;b1;;C;2;SAO PAULO;SP;12/2009;20.123;0;247.848;3.354.288;910;3.623.170;132.109;0;0;0;888.673;0;888.673;2.766;4.646.718;74.288;1.287.270;6.008.276;3.143;1.068.194;7.079.612
SOCIETE GENERALE;31859;b1;;C;3;SAO PAULO;SP;12/2009;8.403;0;1.023.047;1.158.228;2;2.189.679;453.597;0;0;0;0;0;0;2.006.135;4.649.410;272.673;960.669;5.882.752;48.965;1.135.325;7.067.042
PINE;50304;b1;;C;2;SAO PAULO;SP;12/2009;38.856;0;206.445;2.538.255;1;2.783.558;1.600.104;0;245.722;0;241.767;0;487.489;815.252;5.686.402;56.482;413.198;6.156.082;2.652;825.212;6.983.947
BANCO DAYCOVAL S.A.;62232889;b1;;I;2;SAO PAULO;SP;12/2009;122.752;0;134.629;2.128.297;1.955;2.387.633;1.191.596;0;0;0;542.168;0;542.168;540.824;4.662.221;25.206;506.779;5.194.206;5.006;1.692.718;6.891.929
BANCO RABOBANK INTERNATIONAL BRASIL S.A.;1023570;b1;;I;3;SAO PAULO;SP;12/2009;1.302;0;53.964;422.821;94;478.180;975.613;0;1.139.438;0;0;0;1.139.438;3.063.202;5.656.434;43.004;581.659;6.281.097;0;547.727;6.828.824
BANCO COOPERATIVO DO BRASIL S.A. - BANCOOB;2038232;b1;;I;2;BRASILIA;DF;12/2009;15.051;535.014;2.949.483;51.730;367;3.551.647;1.660.082;0;5.562;0;0;0;5.562;1.095.196;6.312.487;0;310.569;6.623.056;40;178.841;6.801.937
BRB;31976;b1;;C;1;BRASILIA;DF;12/2009;831.805;989.793;96.834;3.049.580;13.671;4.981.683;295.883;0;0;0;0;12.931;12.931;19.565;5.310.062;0;535.437;5.845.498;313;581.385;6.427.197
SOFISA;31873;b1;;C;2;SAO PAULO;SP;12/2009;110.388;0;94.242;2.008.816;1.632;2.215.077;13.722;0;44.940;0;0;0;44.940;740.809;3.014.549;38.054;2.073.187;5.125.790;931;762.767;5.889.488
PSA FINANCE;51365;b2;;C;3;SAO PAULO;SP;12/2009;0;0;1.851.485;255.107;0;2.106.592;0;0;0;0;0;0;0;81.738;2.188.330;12.318;2.608.537;4.809.185;70.611;460.248;5.340.044
BANCO CLASSICO S.A.;31597552;b1;;I;2;RIO DE JANEIRO;RJ;12/2009;26;0;0;0;0;26;0;0;0;0;0;0;0;0;26;0;212.139;212.165;0;4.636.886;4.849.050
BANCO CNH CAPITAL S.A.;2992446;b2;;I;3;CURITIBA;PR;12/2009;0;0;310.446;738.002;0;1.048.448;0;0;0;0;0;0;0;2.309.420;3.357.868;2.596;474.871;3.835.334;80.242;459.176;4.374.752
TOYOTA;51334;b2;;C;3;SAO PAULO;SP;12/2009;0;0;1.641.941;257.138;0;1.899.079;7.205;0;0;0;0;0;0;354.480;2.260.764;15.991;1.794.222;4.070.977;22.126;218.369;4.311.472
BES;51482;b2;;C;3;SAO PAULO;SP;12/2009;0;0;671.748;1.906.202;0;2.577.950;374.578;0;0;0;428.652;0;428.652;75.012;3.456.192;22.630;315.009;3.793.831;336;421.540;4.215.707
BANIF;20255;b1;;C;3;SAO PAULO;SP;12/2009;23.648;0;100.142;838.587;1.757;964.134;3.001;0;0;0;93.747;0;93.747;404.498;1.465.379;0;1.906.560;3.371.939;541;285.063;3.657.543
MORGAN STANLEY;51413;b1;;C;3;SAO PAULO;SP;12/2009;0;0;274.716;945.194;0;1.219.909;584.719;0;0;0;0;0;0;0;1.804.629;261.811;483.491;2.549.931;0;1.071.052;3.620.984
BANCO FIDIS S/A;62237425;b2;;I;3;BETIM;MG;12/2009;0;0;693.816;1.899.001;0;2.592.818;0;0;0;0;0;0;0;361.899;2.954.716;3.067;242.994;3.200.778;4.921;334.116;3.539.815
BANCO DE LAGE LANDEN BRASIL S.A.;5040481;b2;;I;3;PORTO ALEGRE;RS;12/2009;0;0;0;0;0;0;0;0;0;0;0;0;0;2.924.376;2.924.376;4.256;90.333;3.018.966;1.423;330.757;3.351.145
RURAL;31244;b1;;C;2;BELO HORIZONTE;MG;12/2009;203.513;0;87.767;2.139.375;3.487;2.434.141;59.536;0;0;0;0;0;0;93.999;2.587.676;1.248;344.841;2.933.765;25.083;388.459;3.347.306
BNY MELLON SERVIÇOS FINANCEIROS DISTRIBUIDORA DE TÍTULOS E VALORES MOBILIÁRIOS S.A.;2201501;n2;;I;3;RIO DE JANEIRO;RJ;12/2009;0;0;0;0;0;0;2.913.124;0;0;0;0;0;0;0;2.913.124;0;17.041;2.930.165;496;71.607;3.002.269
BANCO BVA S.A.;32254138;b1;;I;2;RIO DE JANEIRO;RJ;12/2009;26.327;0;34.971;1.903.446;1.341;1.966.085;457.486;76.023;44.542;0;0;0;120.565;30.430;2.574.566;0;165.704;2.740.270;614;230.455;2.971.339
ASSOCIACAO DE POUPANCA E EMPRESTIMO - POUPEX;655522;n1;;I;2;BRASILIA;DF;12/2009;0;0;0;0;174.704;174.704;0;0;0;0;0;44.514;44.514;0;219.217;0;93.267;312.484;0;2.509.234;2.821.718
COOPERATIVA CENTRAL DE CRÉDITO DO RIO GRANDE DO SUL E SANTA CATARINA - CENTRAL SICREDI SUL;87437687;b3C;;I;2;PORTO ALEGRE;RS;12/2009;0;0;10.615;0;0;10.615;0;0;0;0;0;0;0;0;10.615;0;2.628.863;2.639.478;0;147.888;2.787.365
WESTLB;51554;b1;;I;3;SAO PAULO;SP;12/2009;938;0;20.730;332.926;0;354.594;0;0;38.729;0;518.956;0;557.685;56.220;968.498;44.704;1.267.235;2.280.437;25;492.160;2.772.622
INDUSVAL;50531;b1;;C;2;SAO PAULO;SP;12/2009;39.410;0;51.101;1.171.853;335;1.262.700;365.804;0;10.559;0;0;0;10.559;520.001;2.159.064;35.691;102.463;2.297.219;284;432.694;2.730.196
ING;51073;b1;;C;3;SAO PAULO;SP;12/2009;236;0;13.685;215.272;0;229.193;0;0;191.100;0;0;0;191.100;693.258;1.113.550;25.113;856.031;1.994.694;380;709.124;2.704.198
BANCO VOLVO BRASIL S.A.;58017179;b2;;I;3;CURITIBA;PR;12/2009;0;0;263.172;50.906;0;314.078;0;0;0;0;0;0;0;1.671.282;1.985.360;0;241.701;2.227.061;23.099;228.918;2.479.079
BANCO CSF S.A.;8357240;b2;;I;3;SAO PAULO;SP;12/2009;0;0;478.084;0;0;478.084;21.019;0;0;0;0;0;0;0;499.103;0;1.477.994;1.977.096;0;498.424;2.475.520
SCHAHIN;50191;b1;;C;2;SAO PAULO;SP;12/2009;39.882;0;31.678;1.837.954;401;1.909.915;0;0;0;0;36.132;0;36.132;48.382;1.994.429;417;217.779;2.212.626;0;225.086;2.437.712
BANCO BARCLAYS S.A.;61146577;b1;;I;3;SAO PAULO;SP;12/2009;16;0;215.364;124.744;0;340.124;594.774;0;0;0;119.136;0;119.136;0;1.054.034;90.162;484.837;1.629.033;0;640.131;2.269.164
BANCO DO ESTADO DE SERGIPE S.A.;13009717;b1;;I;1;ARACAJU;SE;12/2009;419.215;470.304;59.996;971.537;233;1.921.285;14.388;0;0;0;0;0;0;60.430;1.996.103;0;93.072;2.089.175;16;148.531;2.237.722
CATERPILLAR;51231;n1;;C;3;SAO PAULO;SP;12/2009;0;0;302.146;0;0;302.146;0;0;0;0;0;0;0;1.241.024;1.543.170;0;311.808;1.854.977;45.826;272.498;2.173.301
J.MALUCELLI;30881;b1;;C;2;CURITIBA;PR;12/2009;13.389;0;137.514;829.945;64;980.912;2.802;0;0;0;235.366;0;235.366;0;1.219.080;13;135.343;1.354.436;14.944;793.290;2.162.670
BANCO DE DESENVOLVIMENTO DE MINAS GERAIS S.A.-BDMG;38486817;b4;;I;1;BELO HORIZONTE;MG;12/2009;0;0;0;0;0;0;0;0;0;0;0;0;0;757.443;757.443;0;392.511;1.149.954;3.056;1.002.194;2.155.204
OPPORTUNITY;51107;b1;;C;2;RIO DE JANEIRO;RJ;12/2009;107;0;0;0;0;107;1.407.980;0;0;0;0;0;0;0;1.408.088;0;568.308;1.976.396;0;167.678;2.144.074
MERRILL LYNCH;51255;b2;;C;3;SAO PAULO;SP;12/2009;0;0;150.644;51.963;0;202.608;50.006;0;0;0;0;0;0;0;252.614;236.879;613.536;1.103.028;0;1.031.722;2.134.750
BANCO IBM S.A.;34270520;b2;;I;3;RIO DE JANEIRO;RJ;12/2009;143;0;0;571.027;0;571.170;0;0;0;0;0;0;0;872.881;1.444.051;0;359.061;1.803.112;0;223.736;2.026.848
JOHN DEERE;50071;b1;;C;3;PORTO ALEGRE;RS;12/2009;51.451;0;0;0;0;51.451;0;0;0;0;0;0;0;1.450.687;1.502.138;125;119.533;1.621.795;0;224.636;1.846.431
COOPERATIVA DE CRÉDITO RURAL COOPERCITRUS - CREDICITRUS;54037916;b3S;;I;2;BEBEDOURO;SP;12/2009;119.182;0;0;353.174;133.324;605.679;0;0;0;0;0;0;0;597.874;1.203.554;0;96.320;1.299.874;0;519.082;1.818.955
INDUSTRIAL DO BRASIL;50988;b1;;C;2;SAO PAULO;SP;12/2009;51.882;0;192.398;574.810;17;819.107;338.834;0;0;0;0;0;0;144.406;1.302.346;0;111.663;1.414.009;650;385.279;1.799.939
BANCO DO ESTADO DO PARÁ S.A.;4913711;b1;;I;1;BELEM;PA;12/2009;570.659;230.666;27.998;579.815;0;1.409.137;37.700;0;0;0;0;0;0;0;1.446.837;0;115.347;1.562.185;0;211.280;1.773.465
BANCO TRIANGULO S.A.;17351180;b1;;I;2;UBERLANDIA;MG;12/2009;53.219;0;284.808;683.968;41;1.022.035;0;0;0;0;0;0;0;116.851;1.138.886;8.572;198.959;1.346.417;0;320.921;1.667.338
BONSUCESSO;50706;b1;;C;2;BELO HORIZONTE;MG;12/2009;9.439;0;12.924;1.168.269;55;1.190.687;30.008;0;0;0;0;0;0;16.696;1.237.390;0;83.233;1.320.623;10.417;318.388;1.649.428
HONDA;51396;b2;;C;3;SAO PAULO;SP;12/2009;0;0;1.264.782;0;0;1.264.782;0;0;0;0;0;0;0;0;1.264.782;0;186.535;1.451.317;7.897;164.380;1.623.594
SOCOPA;50328;b1;;C;2;SAO PAULO;SP;12/2009;39.550;0;43.320;431.721;2.828;517.419;324.022;0;0;0;0;0;0;171.258;1.012.698;0;459.637;1.472.335;0;109.500;1.581.835
CAIXA ESTADUAL S.A. - AGÊNCIA DE FOMENTO/RS;2885855;n1;;I;1;PORTO ALEGRE;RS;12/2009;0;0;0;0;0;0;0;0;0;0;0;0;0;1.020.196;1.020.196;0;112.668;1.132.865;0;431.680;1.564.544
BANCO FORD S.A.;90731688;b2;;I;3;SAO PAULO;SP;12/2009;0;0;423.217;756.966;0;1.180.183;0;0;0;0;0;0;0;0;1.180.183;0;56.661;1.236.844;0;286.369;1.523.213
BANCO DE TOKYO-MITSUBISHI UFJ BRASIL S.A.;60498557;b1;;I;3;SAO PAULO;SP;12/2009;42.765;0;0;385.736;374;428.874;56.716;0;0;0;0;0;0;134.639;620.229;1.053;391.650;1.012.931;463;375.285;1.388.680
CREDIT AGRICOLE;51066;b1;;C;3;SAO PAULO;SP;12/2009;3.246;0;0;150.622;5.045;158.914;41.451;0;0;0;0;0;0;335.723;536.087;161;349.354;885.602;277;376.441;1.262.320
BANCO STANDARD DE INVESTIMENTOS S.A.;4866275;b2;;I;3;SAO PAULO;SP;12/2009;0;0;337.049;420.913;0;757.961;0;0;0;0;0;0;0;71.554;829.515;14.883;56.662;901.060;4.115;301.756;1.206.931
COOPERATIVA CENTRAL DE CRÉDITO DE MINAS GERAIS LTDA. - SICOOB CENTRAL CREDIMINAS;25683434;b3C;;I;2;BELO HORIZONTE;MG;12/2009;0;0;0;0;0;0;0;0;0;0;0;0;0;183.243;183.243;0;879.090;1.062.333;0;135.771;1.198.104
BANCO SAFRA DE INVESTIMENTO S.A.;7002898;b2;;I;2;SAO PAULO;SP;12/2009;0;0;0;0;0;0;0;0;0;0;0;0;0;137.705;137.705;0;543.992;681.697;0;514.242;1.195.938
BANCO SUMITOMO MITSUI BRASILEIRO S.A.;60518222;b1;;I;3;SAO PAULO;SP;12/2009;15.901;0;0;618.610;2.933;637.443;37.032;0;0;0;0;0;0;156.526;831.001;752;152.395;984.148;764;196.333;1.181.246
GOLDMAN SACHS;51585;b2;;C;3;SAO PAULO;SP;12/2009;0;0;41.338;0;0;41.338;206.000;0;0;0;0;0;0;315.497;562.836;32.458;305.171;900.465;0;216.247;1.116.713
AGENCIA DE FOMENTO DO PARANA S.A.;3584906;n1;;I;1;CURITIBA;PR;12/2009;0;0;0;0;0;0;0;0;0;0;0;0;0;1.284;1.284;0;80.459;81.743;0;1.020.481;1.102.224
FATOR;50122;b1;;C;2;SAO PAULO;SP;12/2009;2.526;0;50.306;217.849;66;270.747;231.581;0;6.287;0;0;0;6.287;2.000;510.615;2.385;251.048;764.049;0;306.049;1.070.098
PORTO SEGURO;51444;n1;;C;2;SAO PAULO;SP;12/2009;0;0;179.161;0;0;179.161;0;0;0;0;0;91.144;91.144;39.859;310.164;0;592.557;902.722;0;140.767;1.043.489
BANCO MODAL S.A.;30723886;b1;;I;2;RIO DE JANEIRO;RJ;12/2009;5.421;0;5.190;281.760;100;292.472;245.153;58.717;13.684;0;0;0;72.401;20.003;630.029;28.936;135.858;794.823;0;202.514;997.337
RENDIMENTO;51468;b1;;C;2;SAO PAULO;SP;12/2009;25.196;0;4.044;306.376;7.045;342.661;24.300;0;0;0;0;0;0;73.998;440.959;0;424.582;865.542;778;109.715;976.035
COOPERATIVA CENTRAL DE CRÉDITO DO PARANÁ - CENTRAL SICREDI PR;80230774;b3C;;I;2;CURITIBA;PR;12/2009;0;0;0;0;0;0;0;0;0;0;0;0;0;702;702;0;908.811;909.513;0;52.255;961.769
BANCO KDB DO BRASIL S.A.;7656500;b1;;I;3;SAO PAULO;SP;12/2009;1.229;0;26.203;73.529;0;100.961;0;0;0;0;0;0;0;818.398;919.358;686;2.911;922.956;62;23.707;946.725
COOPERATIVA CENTRAL DE CRÉDITO RURAL DO ESTADO DE SÃO PAULO;63917579;b3C;;I;2;RIBEIRAO PRETO;SP;12/2009;0;0;0;615.580;5.413;620.993;0;0;0;0;0;0;0;0;620.993;0;189.910;810.904;0;86.165;897.069
HP FINANCIAL SERVICES ARRENDAMENTO MERCANTIL S.A.;97406706;n1;;I;3;BARUERI;SP;12/2009;0;0;0;0;0;0;0;0;0;0;0;0;0;388.788;388.788;13;92.720;481.520;0;399.941;881.462
MATONE;32016;b1;;C;2;PORTO ALEGRE;RS;12/2009;894;0;42.799;402.370;0;446.063;0;0;0;0;0;0;0;0;446.063;92;183.993;630.149;0;241.524;871.673
CENTRAL DAS COOPERATIVAS DE ECONOMIA E CREDITO DO ESTADO DE MINAS GERAIS LTDA. - SICOOB CENTRAL CECREMGE;309024;b3C;;I;2;BELO HORIZONTE;MG;12/2009;0;0;0;11.069;0;11.069;0;0;0;0;0;0;0;1;11.070;0;823.145;834.216;0;31.870;866.086
BANCO CARGILL S.A.;3609817;b1;;I;3;SAO PAULO;SP;12/2009;124.993;0;0;150.382;0;275.375;41.392;0;227.830;0;0;0;227.830;101.904;646.501;25.611;29.094;701.205;0;163.192;864.397
COOPERATIVA CENTRAL DE CREDITO DE SANTA CATARINA-SICOOB CENTRAL SC;80160260;b3C;;I;2;FLORIANOPOLIS;SC;12/2009;1.596;0;0;568.261;12.593;582.451;0;0;0;0;0;0;0;17.510;599.961;0;167.153;767.113;0;58.211;825.324
BANCO GE CAPITAL S.A.;62421979;b1;;I;3;SAO PAULO;SP;12/2009;951;0;534.529;6.703;0;542.183;0;0;0;0;0;0;0;10.261;552.444;2.420;62.608;617.472;0;188.076;805.548
BANCO GUANABARA S.A.;31880826;b1;;I;2;RIO DE JANEIRO;RJ;12/2009;6.718;0;0;405.317;0;412.035;0;0;0;0;0;0;0;150.686;562.721;6.667;107.232;676.621;53;107.296;783.969
COOPERFORTE - COOPERATIVA DE ECONOMIA E CRÉDITO MÚTUO DOS FUNCIONÁRIOS DE INSTITUIÇÕES FINANCEIRAS PÚBLICAS FEDERAIS LTDA.;1658426;b3S;;I;2;BRASILIA;DF;12/2009;26;0;0;210.958;344.025;555.009;0;0;0;0;0;0;0;1.117;556.126;0;46.707;602.833;0;180.084;782.916
COOPERATIVA DE CRÉDITO DOS PRODUTORES RURAIS E EMPRESÁRIOS DO INTERIOR PAULISTA;71328769;b3S;;I;2;SERTAOZINHO;SP;12/2009;65.448;0;0;165.513;39.096;270.057;0;0;0;0;0;0;0;238.668;508.725;0;50.963;559.689;139;203.893;763.721
BRASCAN;50885;b1;;C;3;RIO DE JANEIRO;RJ;12/2009;3.627;0;40.711;341.107;845;386.290;74.796;0;0;0;0;0;0;64.821;525.907;53;44.080;570.040;203;192.052;762.296
BANCO DE DESENVOLVIMENTO DO ESPIRITO SANTO S.A.;28145829;b4;;I;1;VITORIA;ES;12/2009;72.446;0;0;31.246;0;103.692;0;0;0;0;0;0;0;322.133;425.825;0;164.581;590.406;66;132.049;722.521
DRESDNER BANK BRASIL S.A. BANCO MULTIPLO;29030467;b1;;I;3;SAO PAULO;SP;12/2009;112;0;128.928;169.573;0;298.612;0;0;0;0;49.943;0;49.943;0;348.555;21;94.989;443.565;0;263.315;706.879
DESENBAHIA - AGENCIA DE FOMENTO DO ESTADO DA BAHIA S.A.;15163587;n1;;I;1;SALVADOR;BA;12/2009;0;0;0;0;0;0;0;0;0;0;0;0;0;291.928;291.928;0;71.090;363.018;0;342.520;705.538
BMW;51420;n1;;C;3;SAO PAULO;SP;12/2009;0;0;348.379;14.571;0;362.950;0;0;0;0;0;0;0;0;362.950;0;232.330;595.281;2.194;101.767;699.241
MIDWAY S.A. - CRÉDITO, FINANCIAMENTO E INVESTIMENTO;9464032;n1;;I;2;SAO PAULO;SP;12/2009;0;0;100.856;0;0;100.856;0;0;0;0;0;62.558;62.558;0;163.414;0;396.668;560.081;325;109.628;670.035
PROSPER;50414;b1;;C;2;RIO DE JANEIRO;RJ;12/2009;6.831;0;15.303;203.560;322;226.016;27.652;0;0;0;46.290;0;46.290;4.463;304.420;2.607;285.053;592.081;0;57.693;649.774
BANCO MONEO S.A.;7441209;b2;;I;2;CAXIAS DO SUL;RS;12/2009;0;0;10.101;0;0;10.101;0;0;0;0;0;0;0;504.392;514.493;0;8.380;522.873;4.928;119.119;646.920
CREDICOAMO CREDITO RURAL COOPERATIVA;81723108;b3S;;I;2;CAMPO MOURAO;PR;12/2009;19.785;0;0;97.947;0;117.732;0;0;0;0;0;0;0;341.420;459.152;0;26.977;486.129;37;144.436;630.602
AGÊNCIA DE FOMENTO DO ESTADO DE SANTA CATARINA S.A.-BADESC;82937293;n1;;I;1;FLORIANOPOLIS;SC;12/2009;0;0;0;0;0;0;0;0;0;0;0;0;0;127.603;127.603;0;70.261;197.864;0;431.981;629.845
OMNI;50940;n1;;C;2;SAO PAULO;SP;12/2009;0;0;35.167;230.725;0;265.891;0;0;0;0;0;77.589;77.589;9.866;353.347;1.209;150.214;504.770;0;102.902;607.672
BANCO MORADA S.A;43717511;b1;;I;2;RIO DE JANEIRO;RJ;12/2009;1.173;0;56.636;236.598;0;294.407;0;0;0;0;0;0;0;0;294.407;224.582;19.488;538.476;0;57.499;595.976
COOPERATIVA DE CREDITO VALE DO ITAJAI - VIACREDI;82639451;b3S;;I;2;BLUMENAU;SC;12/2009;66.434;0;15.500;260.038;62.729;404.701;0;0;0;0;0;0;0;3.880;408.581;0;17.645;426.226;0;159.233;585.459
PERNAMBUCANAS;40699;n1;;C;2;SAO PAULO;SP;12/2009;0;0;0;0;0;0;0;0;0;0;0;0;0;0;0;0;372.032;372.032;0;209.198;581.230
BRAZILIAN MORTGAGES COMPANHIA HIPOTECARIA;62237367;n1;;I;2;SAO PAULO;SP;12/2009;0;0;0;0;0;0;0;357.643;0;0;0;23.891;381.534;0;381.534;0;26.742;408.276;0;147.793;556.070
BANCO COMMERCIAL INVESTMENT TRUST DO BRASIL S.A. - BANCO MÚLTIPLO;43818780;b2;;I;3;BARUERI;SP;12/2009;0;0;0;0;0;0;0;0;0;0;0;0;0;222.201;222.201;6.900;211.337;440.438;1.797;76.498;518.734
COOPERATIVA DE CRÉDITO DE LIVRE ADMISSÃO MARINGÁ - SICREDI MARINGÁ PR;79342069;b3S;;I;2;MARINGA;PR;12/2009;75.973;0;0;152.095;39.050;267.117;0;0;0;0;0;0;0;0;267.117;0;168.771;435.888;0;67.545;503.433
SICOOB CREDICOM - COOPERATIVA DE ECONOMIA E CRÉDITO MÚTUO DOS MÉDICOS E PROFISSIONAIS DA ÁREA DE SAÚDE DE BELO HORIZONTE E CIDADES PÓLO DE MINAS GERAIS LTDA.;42898825;b3S;;I;2;BELO HORIZONTE;MG;12/2009;92.565;0;0;230.463;97.845;420.873;0;0;0;0;0;0;0;0;420.873;0;13.518;434.392;0;53.299;487.691
COOPERATIVA DE CRÉDITO RURAL DOS PLANTADORES DE CANA DA ZONA DE GUARIBA;44469161;b3S;;I;2;GUARIBA;SP;12/2009;9.606;0;0;179.881;19.955;209.442;0;0;0;0;0;0;0;170.540;379.983;0;36.308;416.291;0;67.663;483.954
MÁXIMA;50201;b1;;C;2;RIO DE JANEIRO;RJ;12/2009;4.479;0;2.400;203.614;53;210.546;87.578;0;0;0;0;0;0;0;298.123;372;89.815;388.310;0;83.436;471.746
COOPERATIVA CENTRAL DE CRÉDITO RURAL COM INTERAÇÃO SOLIDÁRIA - CENTRAL CRESOL BASER;1401771;b3C;;I;2;FRANCISCO BELTRAO;PR;12/2009;0;0;0;0;0;0;0;0;0;0;0;0;0;310.692;310.692;0;115.331;426.023;0;19.549;445.572
COOPERATIVA DE CRÉDITO DE LIVRE ADMISSÃO DE ASSOCIADOS PIONEIRA DA SERRA GAÚCHA   SICREDI PIONEIRA RS;91586982;b3S;;I;2;NOVA PETROPOLIS;RS;12/2009;55.421;0;0;228.258;41.998;325.678;0;0;0;0;0;0;0;0;325.678;0;25.917;351.595;0;86.151;437.745
BANCO SEMEAR S.A.;795423;b1;;I;2;BELO HORIZONTE;MG;12/2009;10.775;0;24.293;274.835;1.346;311.249;1.000;0;0;0;0;0;0;0;312.249;0;41.502;353.751;484;80.600;434.835
COOPERATIVA DE CRÉDITO DE LIVRE ADMISSÃO DE ASSOCIADOS DA REGIÃO DOS VALES - SICREDI REGIÃO DOS VALES RS;89126130;b3S;;I;2;ENCANTADO;RS;12/2009;34.490;0;0;191.509;78.852;304.850;0;0;0;0;0;0;0;1.649;306.499;0;49.923;356.422;0;67.875;424.297
BPN BRASIL BANCO MÚLTIPLO S.A.;61033106;b1;;I;3;SAO PAULO;SP;12/2009;5.205;0;5.279;96.690;0;107.173;0;0;0;0;0;0;0;222.781;329.954;2.885;41.519;374.358;1.005;43.908;419.271
COOPERATIVA CENTRAL DE CRÉDITO DO NORTE/NORDESTE - UNICRED CENTRAL NORTE/NORDESTE;70119680;b3C;;I;2;CABEDELO;PB;12/2009;0;0;0;0;0;0;0;0;0;0;0;0;0;0;0;0;368.275;368.275;0;48.862;417.137
NOSSA CAIXA DESENVOLVIMENTO - AGÊNCIA DE FOMENTO DO ESTADO DE SÃO PAULO S.A.;10663610;n1;;I;1;SAO PAULO;SP;12/2009;14;0;0;0;0;14;0;0;0;0;0;0;0;0;14;0;8.166;8.180;0;405.490;413.670
BANCO TRICURY S.A.;57839805;b2;;I;2;SAO PAULO;SP;12/2009;10.014;0;24.309;221.621;0;255.944;0;0;21.814;0;0;0;21.814;0;277.758;0;15.681;293.439;200;115.008;408.647
COOPERATIVA DE CRÉDITO DE LIVRE ADMISSÃO CATARATAS DO IGUAÇU - SICREDI CATARATAS DO IGUAÇU;78414067;b3S;;I;2;MEDIANEIRA;PR;12/2009;56.340;0;0;146.740;33.546;236.626;0;0;0;0;0;0;0;0;236.626;0;99.585;336.211;0;59.310;395.521
BANCO RIBEIRAO PRETO S.A.;517645;b1;;I;2;RIBEIRAO PRETO;SP;12/2009;15.501;0;5.276;91.117;8;111.903;32.997;10.127;0;0;0;0;10.127;162.402;317.429;273;8.015;325.717;66;60.352;386.135
INTERCAP;50476;b1;;C;2;SAO PAULO;SP;12/2009;7.995;0;2.223;243.459;1;253.678;11.994;0;13.854;0;0;0;13.854;8.166;287.692;0;31.037;318.728;47;64.104;382.879
COOPERATIVA CENTRAL DE CRÉDITO DO MATO GROSSO - CENTRAL SICREDI MT;33667205;b3C;;I;2;CUIABA;MT;12/2009;0;0;0;0;0;0;0;0;0;0;0;0;0;0;0;0;347.541;347.541;0;28.276;375.818
UNICRED NORTE DO PARANÁ - COOPERATIVA DE ECONOMIA E CRÉDITO MÚTUO DOS MÉDICOS, PROFISSIONAIS DA ÁREA DE SAÚDE E EMPRESÁRIOS DA REGIÃO NORTE DO PARANÁ LTDA;2398976;b3S;;I;2;LONDRINA;PR;12/2009;40.415;0;0;99.575;30.562;170.551;0;0;0;0;0;0;0;0;170.551;0;28.225;198.776;0;166.789;365.566
COOPERATIVA CENTRAL DE CRÉDITO DE GOIÁS LTDA;33416108;b3C;;I;2;GOIANIA;GO;12/2009;0;0;0;0;0;0;0;0;0;0;0;0;0;0;0;0;328.433;328.433;0;29.919;358.352
BANCO FICSA S.A.;61348538;b1;;I;2;SAO PAULO;SP;12/2009;1.196;0;0;238.919;0;240.115;0;0;0;0;0;0;0;0;240.115;0;42.853;282.968;0;70.146;353.113
CREFISA S.A.-CREDITO, FINANCIAMENTO E INVESTIMENTOS;60779196;n1;;I;2;SAO PAULO;SP;12/2009;0;0;0;0;0;0;0;0;0;0;0;0;0;0;0;0;42.397;42.397;0;301.381;343.779
BANCO INTERMEDIUM S/A;416968;b1;;I;2;BELO HORIZONTE;MG;12/2009;614;0;0;187.045;0;187.658;0;5.823;0;0;0;27.792;33.615;0;221.273;0;12.670;233.944;0;109.833;343.777
LINK S.A. CORRETORA DE CAMBIO, TITULOS E VALORES MOBILIARIOS;2819125;n2;;I;2;SAO PAULO;SP;12/2009;0;0;0;0;2.353;2.353;0;0;0;0;0;0;0;0;2.353;0;300.483;302.836;0;39.858;342.694
VR;50524;b1;;C;2;BARUERI;SP;12/2009;1.083;0;0;136.705;0;137.789;150;0;0;0;0;0;0;0;137.939;0;57.089;195.028;0;146.896;341.924
COOPERATIVA CENTRAL DE ECONOMIA E CRÉDITO MUTUO DAS UNICRED'S DOS ESTADOS DO PARANÁ E MATO GROSSO DO SUL;3046391;b3C;;I;2;LONDRINA;PR;12/2009;0;0;0;0;0;0;0;0;0;0;0;0;0;0;0;0;321.771;321.771;0;11.951;333.722
BANCO LUSO BRASILEIRO S.A.;59118133;b1;;I;2;SAO PAULO;SP;12/2009;10.299;0;1.926;237.499;5;249.730;0;2.890;0;0;0;0;2.890;25.441;278.061;0;11.766;289.827;0;42.698;332.525
COOPERATIVA DE CRÉDITO DE LIVRE ADMISSÃO DE ASSOCIADOS DE CARLOS BARBOSA - SICREDI SERRANA RS;90608712;b3S;;I;2;CARLOS BARBOSA;RS;12/2009;36.127;0;0;155.154;54.964;246.245;0;0;0;0;0;0;0;0;246.245;0;37.041;283.286;0;39.176;322.462
COOPERATIVA DE CRÉDITO DE LIVRE ADMISSÃO DE ASSOCIADOS DO NORTE DO RIO GRANDE DO SUL E OESTE DE SANTA CATARINA - SICREDI NORTE RS/SC;87780268;b3S;;I;2;ERECHIM;RS;12/2009;37.523;0;0;101.851;55.554;194.928;0;0;0;0;0;0;0;8.198;203.127;0;70.191;273.318;0;42.202;315.519
COOPERATIVA CENTRAL DE CREDITO DO ESPIRITO SANTO - SICOOB CENTRAL ES;32428294;b3C;;I;2;VITORIA;ES;12/2009;0;0;0;926;9.464;10.390;0;0;0;0;0;0;0;28.928;39.318;0;243.324;282.642;0;26.413;309.055
COOPERATIVA CENTRAL DE CRÉDITO RURAL COM INTERAÇÃO SOLIDÁRIA - CRESOL CENTRAL SC/RS;7202627;b3C;;I;2;CHAPECO;SC;12/2009;103;0;0;0;0;103;0;0;0;0;0;0;0;238;341;0;295.122;295.463;0;13.031;308.493
LEASEPLAN ARRENDAMENTO MERCANTIL SA;4836002;n1;;I;3;BARUERI;SP;12/2009;0;0;0;0;0;0;0;0;0;0;0;0;0;229.412;229.412;0;38.939;268.351;228;36.748;305.327
BANCO CEDULA S.A.;33132044;b1;;I;2;RIO DE JANEIRO;RJ;12/2009;5.235;0;309;144.670;131;150.345;50.480;0;0;0;0;0;0;0;200.825;0;10.452;211.277;48;93.938;305.263
ATIVA S.A. CORRETORA DE TITULOS, CAMBIO E VALORES;33775974;n2;;I;2;RIO DE JANEIRO;RJ;12/2009;0;0;0;0;8.146;8.146;0;0;0;0;0;0;0;0;8.146;0;227.033;235.179;0;62.731;297.910
ECONOMIA CREDITO IMOBILIARIO S.A.-ECONOMISA;17441197;n1;;I;2;BELO HORIZONTE;MG;12/2009;0;0;0;0;0;0;0;0;0;0;0;0;0;77.959;77.959;0;202.064;280.023;0;11.501;291.523
COOPERATIVA DE CRÉDITO CREDICOONAI;53923116;b3S;;I;2;RIBEIRAO PRETO;SP;12/2009;23.864;0;0;55.727;15.612;95.203;0;0;0;0;0;0;0;3.807;99.009;0;137.914;236.923;0;54.434;291.357
COOPERATIVA DE CRÉDITO DE LIVRE ADMISSÃO DE ASSOCIADOS DO PLANALTO GAÚCHO - SICREDI PLANALTO GAÚCHO;88038260;b3S;;I;2;CRUZ ALTA;RS;12/2009;28.479;0;65;63.659;16.570;108.772;0;0;0;0;0;0;0;0;108.772;0;117.309;226.082;0;63.362;289.444
COOPERATIVA CENTRAL DE CRÉDITO URBANO - CECRED;5463212;b3C;;I;2;BLUMENAU;SC;12/2009;0;0;0;0;0;0;0;0;0;0;0;0;0;0;0;0;268.146;268.146;0;16.102;284.248
CONCÓRDIA;51602;b1;;C;2;SAO PAULO;SP;12/2009;46;0;0;19.645;0;19.691;92.505;0;0;0;0;0;0;0;112.196;0;91.465;203.661;0;77.471;281.132
CENTRAL DE COOPERATIVAS DE ECONOMIA E CRÉDITO MÚTUO DO ESTADO DO RIO GRANDE DO SUL LTDA - UNICRED CENTRAL RS;1634601;b3C;;I;2;PORTO ALEGRE;RS;12/2009;1.877;0;0;227;0;2.103;0;0;0;0;0;0;0;0;2.103;0;267.834;269.937;0;9.651;279.588
COOPERATIVA DE CRÉDITO DE LIVRE ADMISSÃO DE ASSOCIADOS GRANDE SANTA ROSA   SICREDI GRANDE SANTA ROSA RS;87766507;b3S;;I;2;SANTA ROSA;RS;12/2009;27.193;0;0;103.151;41.103;171.447;0;0;0;0;0;0;0;0;171.447;0;61.029;232.475;0;46.230;278.705
CECRESP-CENTRAL DAS COOPERATIVAS DE CRÉDITO DO ESTADO DE SÃO PAULO;62931522;b3C;;I;2;SAO PAULO;SP;12/2009;0;0;0;141.391;22.712;164.104;0;0;0;0;0;0;0;0;164.104;0;82.567;246.671;0;26.783;273.453
JBS BANCO S.A.;9516419;b1;;I;2;SAO PAULO;SP;12/2009;4.545;0;0;101.201;11;105.757;11.004;0;49.575;0;0;0;49.575;0;166.335;637;5.439;172.411;0;100.973;273.384
COOPERATIVA CENTRAL DE ECONOMIA E CRÉDITO MÚTUO DAS UNICRED'S DE SANTA CATARINA LTDA.- UNICRED CENTRAL SC;543968;b3C;;I;2;FLORIANOPOLIS;SC;12/2009;0;0;0;0;0;0;0;0;0;0;0;0;0;0;0;0;259.432;259.432;0;12.652;272.084
BANCO A.J. RENNER S.A.;92874270;b1;;I;2;PORTO ALEGRE;RS;12/2009;89;0;3.386;192.871;67;196.413;0;0;0;0;0;0;0;0;196.413;0;11.325;207.738;0;63.033;270.772
COOPERATIVA DE CRÉDITO DE LIVRE ADMISSÃO DE ASSOCIADOS ALTO URUGUAI - SICREDI ALTO URUGUAI RS/SC;87733770;b3S;;I;2;RODEIO BONITO;RS;12/2009;24.479;0;723;95.740;40.886;161.827;0;0;0;0;0;0;0;0;161.827;0;64.355;226.182;0;38.169;264.350
ICAP DO BRASIL CORRETORA DE TÍTULOS E VALORES MOBILIÁRIOS LTDA.;9105360;n2;;I;3;RIO DE JANEIRO;RJ;12/2009;0;0;0;0;0;0;0;0;0;0;0;0;0;0;0;42.211;150.916;193.127;0;71.113;264.241
COOPERATIVA DE CRÉDITO DE LIVRE ADMISSÃO DE ASSOCIADOS NOROESTE DO RIO GRANDE DO SUL - SICREDI NOROESTE;89049738;b3S;;I;2;TRES DE MAIO;RS;12/2009;19.559;0;1.883;77.789;29.530;128.761;0;0;0;0;0;0;0;0;128.761;0;69.253;198.014;0;60.639;258.653
COOPERATIVA DE CRÉDITO DOS MÉDICOS, PROFISSIONAIS DA ÁREA DA SAÚDE, PROFESSORES, CONTABILISTAS E EMPRESÁRIOS DA GRANDE FLORIANÓPOLIS LTDA. - UNICRED FLORIANÓPOLIS;74064502;b3S;;I;2;FLORIANOPOLIS;SC;12/2009;30.120;0;0;152.621;6.040;188.781;0;0;0;0;0;0;0;0;188.781;0;7.531;196.312;0;61.234;257.546
BANCO CAIXA GERAL - BRASIL S.A.;33466988;b1;;I;3;SAO PAULO;SP;12/2009;54;0;30.458;40.934;0;71.446;29.510;0;0;0;0;0;0;14.182;115.138;0;15.761;130.900;211;125.860;256.970
COOPERATIVA CENTRAL DE CRÉDITO DO ESTADO DE SÃO PAULO LTDA   UNICRED CENTRAL SP;73085573;b3C;;I;2;SAO PAULO;SP;12/2009;0;0;0;0;0;0;0;0;0;0;0;0;0;0;0;0;241.004;241.004;0;12.480;253.484
XP INVESTIMENTOS CORRETORA DE CÂMBIO,TÍTULOS E VALORES MOBILIÁRIOS S/A;2332886;n2;;I;2;RIO DE JANEIRO;RJ;12/2009;0;0;0;0;89.805;89.805;0;0;0;0;0;0;0;0;89.805;182;118.904;208.891;0;42.971;251.862
COOPERATIVA DE CRÉDITO DE LIVRE ADMISSÃO DE ASSOCIADOS SORRISO - SICREDI CELEIRO DO MT;26555235;b3S;;I;2;SORRISO;MT;12/2009;37.554;0;0;34.704;3.710;75.969;0;0;0;0;0;0;0;5.053;81.022;0;113.225;194.247;0;48.025;242.272
BANCO LEMON S.A.;48795256;b1;;I;3;BARUERI;SP;12/2009;13.670;3;0;93.091;0;106.764;51.454;0;0;0;0;0;0;0;158.219;0;36.068;194.287;436;46.890;241.613
COOPERATIVA CENTRO BRASILEIRA DE ECONOMIA E CRÉDITO MÚTUO DOS PROFISSIONAIS DA SAÚDE LTDA.;37395399;b3S;;I;2;GOIANIA;GO;12/2009;46.851;0;0;125.027;6;171.884;0;0;0;0;0;0;0;0;171.884;0;12.923;184.808;0;51.116;235.924
COOPERATIVA DE CRÉDITO DE LIVRE ADMISSÃO DE ASSOCIADOS ALTOS DA SERRA - SICREDI ALTOS DA SERRA RS;92555150;b3S;;I;2;SANANDUVA;RS;12/2009;24.669;0;943;65.887;23.452;114.951;0;0;0;0;0;0;0;5.104;120.055;0;64.057;184.112;0;48.404;232.516
DADALTO;32092;n1;;C;2;VITORIA;ES;12/2009;0;0;0;0;0;0;0;0;0;0;0;64.722;64.722;0;64.722;0;71.809;136.532;0;93.306;229.838
AGÊNCIA DE FOMENTO DO ESTADO DO AMAZONAS S.A. - AFEAM;3183937;n1;;I;1;MANAUS;AM;12/2009;0;0;0;0;0;0;0;0;0;0;0;0;0;20.143;20.143;0;103.990;124.134;0;103.136;227.270
BANCO BM&F DE SERVIÇOS DE LIQUIDAÇÃO E CUSTÓDIA S.A.;997185;b1;;I;2;SAO PAULO;SP;12/2009;1.672;0;0;0;33.798;35.469;144.513;0;0;0;0;0;0;0;179.982;0;6.892;186.874;0;38.528;225.402
COOPERATIVA DE CRÉDITO DE LIVRE ADMISSÃO DE ASSOCIADOS DE IBIRAIARAS - SICREDI IBIRAIARAS - RS;89990501;b3S;;I;2;IBIRAIARAS;RS;12/2009;22.291;0;0;86.090;39.368;147.749;0;0;0;0;0;0;0;0;147.749;0;45.858;193.607;0;30.280;223.888
COOPERATIVA DE CRÉDITO DE LIVRE ADMISSÃO VALE DO PIQUIRI   SICREDI VALE DO PIQUIRI PR;81099491;b3S;;I;2;PALOTINA;PR;12/2009;37.836;0;0;67.485;17.736;123.057;0;0;0;0;0;0;0;0;123.057;0;65.612;188.669;0;34.820;223.489
NBC BANK BRASIL S. A. - BANCO MÚLTIPLO;74828799;b1;;I;3;PORTO ALEGRE;RS;12/2009;5.053;0;0;64.021;0;69.075;0;0;0;0;13.949;0;13.949;56.960;139.984;45;28.804;168.833;0;51.944;220.777
COOPERATIVA DE CRÉDITO DE LIVRE ADMISSÃO DE ASSOCIADOS CENTRO SERRA - SICREDI CENTRO SERRA RS;87067757;b3S;;I;2;AGUDO;RS;12/2009;17.177;0;0;81.997;35.404;134.577;0;0;0;0;0;0;0;0;134.577;0;43.330;177.907;0;40.717;218.625
COOPERATIVA DE CRÉDITO DOS MÉDICOS, OUTROS PROFISSIONAIS DA SAÚDE E EMPRESÁRIOS DE MATO GROSSO LTDA.;36900256;b3S;;I;2;CUIABA;MT;12/2009;31.608;0;0;101.212;11;132.831;0;0;0;0;0;0;0;0;132.831;0;12.224;145.056;0;73.361;218.417
COOPERATIVA DE CRÉDITO DE LAJEADO - SICREDI VALE DO TAQUARI RS;91159764;b3S;;I;2;LAJEADO;RS;12/2009;30.846;0;0;121.298;13.580;165.725;0;0;0;0;0;0;0;0;165.725;0;17.191;182.916;0;34.452;217.368
HABITASUL - CREDITO IMOBILIARIO S/A;92859800;n1;;I;2;PORTO ALEGRE;RS;12/2009;0;0;0;0;0;0;0;0;0;0;0;0;0;12.659;12.659;0;177.637;190.296;0;26.733;217.028
COOPERATIVA DE CRÉDITO DE LIVRE ADMISSÃO DE ASSOCIADOS OURO VERDE DE MATO GROSSO - SICREDI OURO VERDE MT;26565770;b3S;;I;2;LUCAS DO RIO VERDE;MT;12/2009;34.919;0;11;24.121;3.695;62.746;0;0;0;0;0;0;0;6.506;69.253;0;78.605;147.858;0;68.375;216.233
COOPERATIVA DE CRÉDITO DE LIVRE ADMISSÃO DE ASSOCIADOS OURO BRANCO - SICREDI OURO BRANCO RS;87853206;b3S;;I;2;TEUTONIA;RS;12/2009;34.438;0;252;82.296;30.922;147.908;0;0;0;0;0;0;0;0;147.908;0;36.742;184.650;0;27.047;211.696
COOPERATIVA CENTRAL DE ECONOMIA E CRÉDITO MÚTUO DOS PROFISSIONAIS DE SAÚDE DE NÍVEL SUPERIOR E OUTROS SEGMENTOS DE CRÉDITO DO ESTADO DE MINAS GERAIS LTDA - UNICRED CENTRAL (MG);184068;b3C;;I;2;BELO HORIZONTE;MG;12/2009;0;0;0;0;0;0;0;0;0;0;0;0;0;0;0;0;228.922;228.922;0;-18.125;210.797
COOPERATIVA DE CRÉDITO NORTE DO ESPÍRITO SANTO - SICOOB NORTE;31815293;b3S;;I;2;SAO GABRIEL DA PALHA;ES;12/2009;31.128;0;0;34.721;9.161;75.010;0;0;0;0;0;0;0;74.340;149.350;0;8.719;158.069;0;51.524;209.593
COOPERATIVA DE CRÉDITO DE LIVRE ADMISSÃO DE ASSOCIADOS DO CENTRO SUL DO MATO GROSSO DO SUL - SICREDI CENTRO-SUL MS;26408161;b3S;;I;2;DOURADOS;MS;12/2009;30.029;0;0;54.303;15.782;100.114;0;0;0;0;0;0;0;5.002;105.116;0;60.346;165.462;0;43.595;209.058
COOPERATIVA DE ECONOMIA E CRÉDITO MÚTUO DOS POLICIAIS MILITARES E SERVIDORES DA SECRETARIA DOS NEGÓCIOS DA SEGURANÇA PÚBLICA DO ESTADO DE SÃO PAULO;62673470;b3S;;I;2;SAO PAULO;SP;12/2009;0;0;0;87.318;0;87.318;0;0;0;0;0;0;0;0;87.318;0;9.196;96.514;0;112.255;208.769
SOLIDEZ - CORRETORA DE CÂMBIO, TÍTULOS E VALORES MOBILIÁRIOS LTDA;96477906;n2;;I;2;SAO PAULO;SP;12/2009;0;0;0;0;0;0;0;0;0;0;0;0;0;0;0;0;193.677;193.677;0;14.246;207.923
COOPERATIVA DE ECONOMIA E CREDITO MUTUO DOS MEDICOS DE PORTO ALEGRE LTDA-UNICRED PORTO ALEGRE;94433109;b3S;;I;2;PORTO ALEGRE;RS;12/2009;33.019;0;0;93.203;37.987;164.208;0;0;0;0;0;0;0;0;164.208;0;8.276;172.484;0;31.013;203.497
UNICRED JOÃO PESSOA - COOPERATIVA DE CRÉDITO DE LIVRE ADMISSÃO DE ASSOCIADOS DE JOÃO PESSOA LTDA.;35571249;b3S;;I;2;JOAO PESSOA;PB;12/2009;20.413;0;0;50.860;20.351;91.624;0;0;0;0;0;0;0;0;91.624;0;15.541;107.165;0;95.758;202.923
COOPERATIVA DE CRÉDITO DE LIVRE ADMISSÃO DE ASSOCIADOS BOTUCARAÍ - SICREDI BOTUCARAÍ RS;87900601;b3S;;I;2;SOLEDADE;RS;12/2009;21.972;0;0;66.614;21.520;110.106;0;0;0;0;0;0;0;0;110.106;0;56.381;166.487;0;34.682;201.170
COOPERATIVA DE CRÉDITO SUL-SERRANA DO ESPÍRITO SANTO - SICOOB SUL-SERRANO;815319;b3S;;I;2;VENDA NOVA DO IMIGRANTE;ES;12/2009;26.697;0;0;56.055;17.862;100.614;0;0;0;0;0;0;0;37.037;137.651;0;7.267;144.918;0;49.758;194.676
COOPERATIVA DE CRÉDITO DE LIVRE ADMISSÃO DE ASSOCIADOS DA ZONA SUL - SICREDI ZONA SUL RS;90497256;b3S;;I;2;PELOTAS;RS;12/2009;24.802;0;0;72.231;26.827;123.860;0;0;0;0;0;0;0;0;123.860;0;41.887;165.746;0;28.309;194.055
COOPERATIVA   DE   CRÉDITO   DE  LIVRE  ADMISSÃO  DE  ASSOCIADOS DO VALE DO RIO PARDO - SICREDI VALE DO RIO PARDO RS;95424891;b3S;;I;2;SANTA CRUZ DO SUL;RS;12/2009;20.725;0;0;80.158;31.316;132.199;0;0;0;0;0;0;0;176;132.375;0;30.342;162.717;0;28.777;191.494
CSILATINA ARRENDAMENTO MERCANTIL S.A.;5883884;n1;;I;3;SAO PAULO;SP;12/2009;0;0;0;0;0;0;0;0;0;0;0;0;0;143.179;143.179;6.721;19.388;169.287;46;21.302;190.636
SLW CORRETORA DE VALORES E CÂMBIO LTDA.;50657675;n2;;I;2;SAO PAULO;SP;12/2009;0;0;0;0;0;0;0;0;0;0;0;0;0;0;0;0;116.351;116.351;0;68.104;184.455
COOPERATIVA DE CRÉDITO RURAL DOS FORNECEDORES DE CANA E AGROPECUARISTAS DA REGIÃO DE PIRACICABA;54401286;b3S;;I;2;PIRACICABA;SP;12/2009;16.352;0;0;36.060;19.336;71.748;0;0;0;0;0;0;0;66.998;138.746;0;8.201;146.947;0;36.795;183.742
COOPERATIVA DE CRÉDITO SUL DO ESPÍRITO SANTO - SICOOB SUL;32467086;b3S;;I;2;CACHOEIRO DE ITAPEMIRIM;ES;12/2009;21.515;0;0;40.186;26.967;88.669;0;0;0;0;0;0;0;45.025;133.693;0;6.782;140.476;0;43.158;183.634
FINAMAX S.A. - CREDITO, FINANCIAMENTO E INVESTIMENTO;411939;n1;;I;2;JUNDIAI;SP;12/2009;0;0;0;64.789;0;64.789;0;0;0;0;0;86.352;86.352;0;151.141;0;4.122;155.263;0;27.968;183.231
CREDIBEL;51114;b1;;C;2;SAO PAULO;SP;12/2009;5.754;0;1.420;86.877;0;94.052;0;0;0;0;0;0;0;0;94.052;0;23.386;117.437;0;64.792;182.229
COOPERATIVA DE CRÉDITO DE LIVRE ADMISSÃO DE ASSOCIADOS SÃO MIGUEL DO OESTE - SICOOB SÃO MIGUEL SC;81607046;b3S;;I;2;SAO MIGUEL D'OESTE;SC;12/2009;17.946;0;0;67.077;19.564;104.587;0;0;0;0;0;0;0;39.255;143.842;0;3.990;147.831;0;34.282;182.113
AGENCIA DE FOMENTO DO ESTADO DO RIO DE JANEIRO S.A.;5940203;n1;;I;1;RIO DE JANEIRO;RJ;12/2009;0;0;0;0;0;0;0;0;0;0;0;0;0;615;615;0;6.358;6.973;0;173.013;179.986
MUTUAL APETRIM CREDITO IMOBILIARIO S/A;18941229;n1;;I;2;BELO HORIZONTE;MG;12/2009;0;0;0;0;0;0;0;0;0;0;0;0;0;150.123;150.123;0;17.741;167.865;0;11.808;179.673
COOPERATIVA DE ECONOMIA E CREDITO MUTUO DOS MEDICOS DO RIO DE JANEIRO - UNICRED-RIO LTDA.;72128440;b3S;;I;2;RIO DE JANEIRO;RJ;12/2009;25.969;0;0;114.830;68;140.867;0;0;0;0;0;0;0;0;140.867;0;3.715;144.582;0;32.842;177.424
COOPERATIVA DE CRÉDITO DE LIVRE ADMISSÃO DE ASSOCIADOS DO ALTO URUGUAI CATARINENSE - SICOOB - CREDIAUC/SC;78840071;b3S;;I;2;CONCORDIA;SC;12/2009;20.385;0;0;64.808;27.907;113.100;0;0;0;0;0;0;0;29.768;142.868;0;5.757;148.625;0;26.500;175.125
UNICRED FORTALEZA - COOPERATIVA DE ECONOMIA E CRÉDITO MÚTUO DOS MÉDICOS E DEMAIS PROFISSIONAIS DA SAÚDE DE FORTALEZA LTDA;72257793;b3S;;I;2;FORTALEZA;CE;12/2009;20.815;0;0;90.662;0;111.477;0;0;0;0;0;0;0;0;111.477;0;9.814;121.291;0;51.700;172.992
FINABANK CORRETORA DE CÂMBIO, TÍTULOS E VALORES MOBILIÁRIOS LTDA;169331;n2;;I;2;SAO PAULO;SP;12/2009;0;0;0;0;4.342;4.342;0;0;0;0;0;0;0;0;4.342;0;146.409;150.751;0;19.748;170.499
TOV CORRETORA DE CÂMBIO, TÍTULOS E VALORES MOBILIÁRIOS LTDA;74451022;n2;;I;2;POCOS DE CALDAS;MG;12/2009;0;0;0;0;1.252;1.252;1.573;0;0;0;0;0;0;0;2.825;287;147.807;150.920;0;18.481;169.401
COOPERATIVA DE CRÉDITO DE LIVRE ADMISSÃO DE ASSOCIADOS CENTRO NORTE DO MATO GROSSO - SICREDI CENTRO NORTE MT;26529420;b3S;;I;2;NOVA MUTUM;MT;12/2009;20.446;0;0;19.912;1.644;42.002;0;0;0;0;0;0;0;5.099;47.101;0;91.498;138.599;0;30.076;168.675
COOPERATIVA DE CRÉDITO EM GUAXUPÉ E REGIÃO LTDA - SICOOB AGROCREDI;42873828;b3S;;I;2;GUAXUPE;MG;12/2009;17.728;0;0;19.046;4.535;41.309;0;0;0;0;0;0;0;49.422;90.731;0;31.589;122.321;267;44.540;167.127
COOPERATIVA DE CRÉDITO DE LIVRE ADMISSÃO DE ASSOCIADOS DO VALE DO JURUENA - SICREDI UNIVALES MT;70431630;b3S;;I;2;JUINA;MT;12/2009;53.299;0;436;38.028;3.949;95.711;0;0;0;0;0;0;0;0;95.711;0;28.852;124.564;0;42.143;166.706
COOPERATIVA CENTRAL DE ECONOMIA E CRÉDITO MÚTUO DAS UNICREDS DO ESTADO DO RIO DE JANEIRO LTDA. - UNICRED CENTRAL RJ;86774775;b3C;;I;2;RIO DE JANEIRO;RJ;12/2009;0;0;0;0;0;0;0;0;0;0;0;0;0;0;0;0;160.559;160.559;0;5.041;165.601
COOPERATIVA DE CREDITO RURAL E DE PEQUENOS EMPRESARIOS, MICROEMPRESARIOS E MICROEMPREENDEDORES DA REGIAO DE VARGINHA LTDA. - SICOOB CREDIVAR;25798596;b3S;;I;2;VARGINHA;MG;12/2009;15.696;0;0;22.495;0;38.191;0;0;0;0;0;0;0;49.328;87.519;0;47.161;134.680;0;29.108;163.789
COOPERATIVA DE CRÉDITO DE LIVRE ADMISSÃO CAMPOS GERAIS - SICREDI CAMPOS GERAIS PR;81466286;b3S;;I;2;PONTA GROSSA;PR;12/2009;24.099;0;0;55.599;7.891;87.588;0;0;0;0;0;0;0;0;87.588;0;57.687;145.275;0;17.558;162.833
CENTRAL DAS COOPERATIVAS DE CRÉDITO DO BRASIL CENTRAL;4243780;b3C;;I;2;GOIANIA;GO;12/2009;0;0;0;0;0;0;0;0;0;0;0;0;0;0;0;0;157.176;157.176;0;3.594;160.769
NOVINVEST CORRETORA DE VALORES MOBILIARIOS LTDA;43060029;n2;;I;2;SAO PAULO;SP;12/2009;0;0;0;0;317;317;0;0;0;0;0;0;0;0;317;3.692;43.277;47.285;0;112.975;160.260
COOPERATIVA DE CRÉDITO DE LIVRE ADMISSÃO DE ASSOCIADOS DA REGIÃO CENTRO DO RGS - SICREDI REGIÃO CENTRO;95594941;b3S;;I;2;SANTA MARIA;RS;12/2009;25.570;0;0;58.138;18.516;102.224;0;0;0;0;0;0;0;5.087;107.311;0;30.468;137.779;0;22.269;160.047
COOPERATIVA DE ECONOMIA E CRÉDITO MÚTUO DOS EMPREGADOS DE FURNAS E DEMAIS EMPRESAS DO SISTEMA ELETROBRÁS LTDA.;33370115;b3S;;I;2;RIO DE JANEIRO;RJ;12/2009;4.396;0;0;52.747;68.510;125.653;0;0;0;0;0;0;0;0;125.653;0;4.624;130.278;0;29.461;159.738
INTERFLOAT HZ CORRETORA DE CÂMBIO, TÍTULOS E VALORES MOBILIÁRIOS LTDA.;4020986;n2;;I;2;SAO PAULO;SP;12/2009;0;0;0;0;0;0;0;0;0;0;0;0;0;0;0;0;60.768;60.768;0;98.783;159.551
QUERO-QUERO FINANCIADORA S/A - CRÉDITO, FINANCIAMENTO E INVESTIMENTOS;5192316;n1;;I;2;SANTO CRISTO;RS;12/2009;0;0;0;40.123;0;40.123;0;0;0;0;0;88.342;88.342;0;128.464;0;9.059;137.523;0;20.318;157.841
CENTRAL DAS COOPERATIVAS DE CREDITO DO ESTADO DO PARANÁ - SICOOB CENTRAL PARANÁ;5036532;b3C;;I;2;MARINGA;PR;12/2009;0;0;0;0;0;0;0;0;0;0;0;0;0;1.000;1.000;0;143.634;144.634;0;11.914;156.548
COOPERATIVA DE CRÉDITO MAXI ALFA DE LIVRE ADMISSÃO DE ASSOCIADOS - SICOOB MAXICRÉDITO/SC;78825270;b3S;;I;2;CHAPECO;SC;12/2009;18.555;0;0;62.318;19.142;100.014;0;0;0;0;0;0;0;25.405;125.419;0;4.771;130.190;0;24.678;154.869
COOPERATIVA DE ECONOMIA E CRÉDITO MÚTUO DOS MÉDICOS E DEMAIS PROFISSIONAIS DA ÁREA DE SAÚDE DE CAMPINAS E REGIÃO LTDA. - UNICRED CAMPINAS;71884498;b3S;;I;2;CAMPINAS;SP;12/2009;29.140;0;0;76.088;21.590;126.817;0;0;0;0;0;0;0;0;126.817;0;2.215;129.032;0;24.649;153.681
OBOE;51035;n1;;C;2;FORTALEZA;CE;12/2009;0;0;0;130.501;227;130.728;0;0;0;0;0;6.611;6.611;0;137.339;0;15.004;152.343;0;1.167;153.510
COOPERATIVA DE CRÉDITO DE LIVRE ADMISSÃO FRONTEIRA DO IGUAÇU - SICREDI FRONTEIRA PR/SC;82527557;b3S;;I;2;CAPANEMA;PR;12/2009;20.963;0;0;46.006;12.494;79.463;0;0;0;0;0;0;0;0;79.463;0;42.560;122.023;0;30.014;152.037
COOPERATIVA DE CRÉDITO DE LIVRE ADMISSÃO DE ASSOCIADOS CENTRO LESTE - SICREDI CENTRO LESTE RS;88471024;b3S;;I;2;CACHOEIRA DO SUL;RS;12/2009;17.201;0;0;60.346;7.201;84.749;0;0;0;0;0;0;0;0;84.749;0;47.472;132.221;0;19.091;151.312
COOPERATIVA CENTRAL DE CRÉDITO DE MATO GROSSO DO SUL, GOIÁS E TOCANTINS - CENTRAL SICREDI BRASIL CENTRAL;33737818;b3C;;I;3;CAMPO GRANDE;MS;12/2009;0;0;0;0;0;0;0;0;0;0;0;0;0;0;0;0;137.219;137.219;0;13.299;150.517
COOPERATIVA DE CRÉDITO DO SUDOESTE GOIANO;24795049;b3S;;I;2;RIO VERDE;GO;12/2009;15.533;0;0;24.414;1;39.947;0;0;0;0;0;0;0;0;39.947;0;32.616;72.563;0;77.097;149.660
BANCO DE LA PROVINCIA DE BUENOS AIRES;44189447;b1;;I;3;SAO PAULO;SP;12/2009;1;0;0;0;0;1;0;0;0;0;0;0;0;29.509;29.510;0;15.697;45.207;0;103.837;149.045
TITULO CORRETORA DE VALORES S.A.;62169875;n2;;I;2;SAO PAULO;SP;12/2009;0;0;0;0;6.255;6.255;11.269;0;0;0;0;0;0;0;17.523;0;107.262;124.786;0;23.009;147.795
COOPERATIVA DE CRÉDITO DE LIVRE ADMISSÃO DE ASSOCIADOS SUDOESTE DO RIO GRANDE DO SUL - SICREDI SUDOESTE RS;87903316;b3S;;I;2;ALEGRETE;RS;12/2009;20.562;0;0;43.220;13.356;77.137;0;0;0;0;0;0;0;0;77.137;0;36.574;113.711;0;33.283;146.994
WESTERN ASSET MANAGEMENT COMPANY DISTRIBUIDORA DE TÍTULOS E VALORES MOBILIÁRIOS LIMITADA;7437241;n2;;I;3;SAO PAULO;SP;12/2009;0;0;0;0;0;0;0;0;0;0;0;0;0;0;0;0;16.872;16.872;0;129.280;146.152
BANCO KEB DO BRASIL S.A.;2318507;b1;;I;3;SAO PAULO;SP;12/2009;5.812;0;1.823;39.709;0;47.345;0;0;0;0;0;0;0;62.322;109.667;0;1.269;110.937;16;35.200;146.152
COOPERATIVA DE CRÉDITO DE LIVRE ADMISSÃO DE ASSOCIADOS SUL CATARINENSE - SICOOB CREDISULCA SC;81367880;b3S;;I;2;TURVO;SC;12/2009;17.161;0;0;54.196;6.647;78.004;0;0;0;0;0;0;0;31.120;109.125;0;5.268;114.393;0;30.253;144.646
SPINELLI S.A. CORRETORA DE VALORES MOBILIARIOS E CAMBIO;61739629;n2;;I;2;SAO PAULO;SP;12/2009;0;0;0;0;4.902;4.902;0;0;0;0;0;0;0;0;4.902;0;78.247;83.149;0;61.176;144.325
COOPERATIVA DE CRÉDITO DOS MÉDICOS, PROFISSIONAIS DA SAÚDE, CONTABILISTAS, PROFESSORES E EMPRESÁRIOS DA REGIÃO DA FOZ DO RIO ITAJAI AÇU LTDA;74114042;b3S;;I;2;ITAJAI;SC;12/2009;15.739;0;0;99.423;5.932;121.094;0;0;0;0;0;0;0;0;121.094;0;3.109;124.202;0;19.499;143.702
LETRA S/A CREDITO IMOBILIARIO;34040550;n1;;I;2;RIO DE JANEIRO;RJ;12/2009;0;0;0;0;0;0;0;0;0;0;0;0;0;132.555;132.555;0;10.270;142.825;0;306;143.131
BANCO BRJ S.A.;27937333;b2;;I;2;RIO DE JANEIRO;RJ;12/2009;0;0;0;55.073;0;55.073;0;0;0;0;0;0;0;26.330;81.402;0;31.407;112.809;1.741;27.376;141.925
GRADUAL CORRETORA DE CÂMBIO, TÍTULOS E VALORES MOBILIÁRIOS S.A.;33918160;n2;;I;2;SAO PAULO;SP;12/2009;0;0;0;0;1.589;1.589;549;0;0;0;0;0;0;0;2.138;0;112.101;114.239;0;27.410;141.649
COOPERATIVA DE CRÉDITO DE LIVRE ADMISSÃO DE ASSOCIADOS VALE DO JAGUARI - SICREDI VALE DO JAGUARI RS;87780284;b3S;;I;2;SANTIAGO;RS;12/2009;14.893;0;0;38.591;11.126;64.610;0;0;0;0;0;0;0;2.431;67.041;0;42.785;109.826;0;31.489;141.315
COOPERATIVA DE CRÉDITO DE LIVRE ADMISSÃO DE ASSOCIADOS DA REGIÃO DA PRODUÇÃO - SICREDI REGIÃO DA PRODUÇÃO;89468565;b3S;;I;2;SARANDI;RS;12/2009;16.320;0;0;57.813;15.130;89.263;0;0;0;0;0;0;0;0;89.263;0;33.310;122.573;0;17.849;140.422
BANCO DA CHINA BRASIL S.A.;10690848;b1;;I;3;SAO PAULO;SP;12/2009;50;0;0;1.911;0;1.961;0;0;0;0;0;0;0;0;1.961;0;2.956;4.917;0;134.526;139.443
CORRETORA SOUZA BARROS - CAMBIO E TITULOS S.A.;61787776;n2;;I;2;SAO PAULO;SP;12/2009;0;0;0;0;2.274;2.274;0;0;0;0;0;0;0;0;2.274;0;55.237;57.511;0;80.095;137.606
PLANNER;51341;n1;;C;2;SAO PAULO;SP;12/2009;0;0;0;0;4.043;4.043;0;0;0;0;0;0;0;0;4.043;0;93.830;97.873;0;39.578;137.451
COOPERATIVA DE POUPANÇA E CRÉDITO DOS PEQUENOS    EMPRESÁRIOS, MICROEMPRESÁRIOS E                   MICROEMPREENDEDORES DA REGIÃO DE MARINGÁ - SICOOB METROPOLITANO;3459850;b3S;;I;2;MARINGA;PR;12/2009;36.003;0;0;51.566;16.281;103.851;0;0;0;0;0;0;0;504;104.355;0;11.155;115.510;0;21.712;137.222
COOPERATIVA DE CRÉDITO DE LIVRE ADMISSÃO DE ASSOCIADOS DO ALTO NORDESTE DO RIO GRANDE DO SUL - SICREDI ALTO NORDESTE RS;87795639;b3S;;I;2;MARAU;RS;12/2009;18.629;0;0;39.991;24.161;82.781;0;0;0;0;0;0;0;201;82.982;0;29.311;112.293;0;24.098;136.391
ALPES CORRETORA DE CÂMBIO, TÍTULOS E VALORES MOBILIÁRIOS S.A.;3882245;n2;;I;2;SAO PAULO;SP;12/2009;0;0;0;0;4.570;4.570;0;0;0;0;0;0;0;0;4.570;0;108.601;113.171;0;22.934;136.104
COOPERATIVA DE CRÉDITO MÚTUO DOS ENGENHEIROS E ARQUITETOS DAS MICRO-REGIÕES DE GOIÂNIA E ANÁPOLIS LTDA.;4388688;b3S;;I;2;GOIANIA;GO;12/2009;38.318;0;0;37.949;7.341;83.609;0;0;0;0;0;0;0;417;84.025;0;1.329;85.354;0;47.863;133.216
WALPIRES S/A CORRETORA DE CÂMBIO TÍTULOS E VALORES MOBILIÁRIOS;61769790;n2;;I;2;SAO PAULO;SP;12/2009;0;0;0;0;587;587;0;0;0;0;0;0;0;0;587;61.807;45.725;108.119;0;24.969;133.089
COOPERATIVA DE CRÉDITO DE LIVRE ADMISSÃO SUDOESTE -SICREDI IGUAÇU PR/SC;84974278;b3S;;I;2;SAO JOAO;PR;12/2009;19.363;0;0;35.078;13.895;68.337;0;0;0;0;0;0;0;0;68.337;0;36.439;104.776;0;26.218;130.995
COOPERATIVA DE CRÉDITO MÚTUO DOS EMPREGADOS DA EMBRAER;46642294;b3S;;I;2;SAO JOSE DOS CAMPOS;SP;12/2009;0;0;0;8.405;0;8.405;0;0;0;0;0;0;0;0;8.405;0;12.963;21.368;0;109.372;130.740
COOPERATIVA DE CRÉDITO DE LIVRE ADMISSÃO DE ASSOCIADOS MISSÕES - SICREDI MISSÕES RS;87732608;b3S;;I;2;SANTO ANGELO;RS;12/2009;15.881;0;1.018;70.350;17;87.267;0;0;0;0;0;0;0;0;87.267;0;25.596;112.863;0;16.910;129.773
COOPERATIVA DE CRÉDITO CENTRO-NORTE DO ESPÍRITO SANTO - SICOOB CENTRO-NORTE;39345806;b3S;;I;2;RIO BANANAL;ES;12/2009;15.371;0;0;25.513;5.229;46.113;0;0;0;0;0;0;0;42.988;89.100;0;4.460;93.560;0;32.483;126.043
COOPERATIVA DE CRÉDITO DE LIVRE ADMISSÃO DE ASSOCIADOS DO SUDOESTE DE MATO GROSSO - SICREDI SUDOESTE MT;32995755;b3S;;I;2;TANGARA DA SERRA;MT;12/2009;33.225;0;0;25.633;5.666;64.524;0;0;0;0;0;0;0;0;64.524;0;36.004;100.528;0;24.376;124.904
TERRA COMPANHIA DE CREDITO IMOBILIARIO;7311814;n1;;I;2;FORTALEZA;CE;12/2009;0;0;0;0;0;0;0;0;0;0;0;0;0;362.857;362.857;0;31.379;394.236;0;-270.504;123.732
COOPERATIVA DE CREDITO DO VALE DO SAO PATRICIO LTDA;968602;b3S;;I;2;GOIANESIA;GO;12/2009;6.349;0;0;32.248;2;38.599;0;0;0;0;0;0;0;0;38.599;0;11.282;49.881;0;73.605;123.486
COOPERATIVA DE CRÉDITO DE LIVRE ADMISSÃO DE ASSOCIADOS CELEIRO - SICREDI CELEIRO RS/SC;88099247;b3S;;I;2;CAMPO NOVO;RS;12/2009;12.767;0;1.570;44.165;10.929;69.431;0;0;0;0;0;0;0;0;69.431;0;33.318;102.749;0;20.155;122.904
BANCO POTTENCIAL S.A.;253448;b1;;I;2;BELO HORIZONTE;MG;12/2009;55;0;0;39.877;40;39.972;30.008;0;0;0;0;0;0;14.079;84.059;0;10.151;94.211;0;28.016;122.226
COOPERATIVA DE ECONOMIA E CRÉDITO MÚTUO DOS PROFISSIONAIS DE SAÚDE DE NÍVEL SUPERIOR DE ALAGOAS, UNICRED-ALAGOAS;41180092;b3S;;I;2;MACEIO;AL;12/2009;16.733;0;0;21.627;11.160;49.519;0;0;0;0;0;0;0;0;49.519;0;7.928;57.447;0;64.371;121.819
COOPERATIVA DE ECONOMIA E CREDITO MUTUO DOS SERVIDORES PÚBLICOS . DO VALE DO ITAJAI - SICOOB/SC - BLUCREDI;3960819;b3S;;I;2;BLUMENAU;SC;12/2009;18.028;0;0;56.244;9.579;83.851;0;0;0;0;0;0;0;15.211;99.062;0;2.348;101.410;0;19.891;121.301
COOPERATIVA DE CREDITO CENTRO-SERRANA DO ESPIRITO SANTO - SICOOB CENTRO-SERRANO;31804966;b3S;;I;2;SANTA MARIA DE JETIBA;ES;12/2009;15.919;0;0;26.985;12.540;55.444;0;0;0;0;0;0;0;34.517;89.961;0;6.408;96.369;0;24.835;121.204
COOPERATIVA DE CRÉDITO DE LIVRE ADMISSÃO DE ASSOCIADOS ITAIPU   SICOOB   PINHALZINHO/SC.;81014060;b3S;;I;2;PINHALZINHO;SC;12/2009;15.729;0;0;49.200;2.880;67.808;0;0;0;0;0;0;0;23.561;91.369;0;4.994;96.363;0;24.343;120.706
BANCO OURINVEST S.A.;78632767;b2;;I;2;SAO PAULO;SP;12/2009;0;0;0;67.291;263;67.554;0;0;0;0;0;0;0;0;67.554;643;12.284;80.481;0;40.047;120.528
COOPERATIVA DE CRÉDITO DE LIVRE ADMISSÃO COSTA OESTE - SICREDI COSTA OESTE PR;79052122;b3S;;I;2;MARECHAL CANDIDO RONDON;PR;12/2009;16.109;0;0;34.581;10.515;61.204;0;0;0;0;0;0;0;0;61.204;0;27.912;89.116;0;31.116;120.232
UNICRED CAMPO GRANDE-MS COOPERATIVA DE ECONOMIA E CRÉDITO MÚTUO DOS MÉDICOS E PROFISSIONAIS DA ÁREA DE SAÚDE DE CAMPO GRANDE-MS LTDA;73647935;b3S;;I;2;CAMPO GRANDE;MS;12/2009;15.204;0;0;52.363;16.981;84.549;0;0;0;0;0;0;0;0;84.549;0;1.998;86.547;0;33.224;119.771
COOPERATIVA CENTRAL DE CRÉDITO DE SAO PAULO - CENTRAL SICREDI SP;3235367;b3C;;I;2;SAO PAULO;SP;12/2009;0;0;0;0;0;0;0;0;0;0;0;0;0;0;0;0;113.902;113.902;0;4.648;118.550
COOPERATIVA DE ECONOMIA E CRÉDITO MÚTUO DOS PROFISSIONAIS DA SAÚDE DAS REGIÕES METROPOLITANAS DA BAIXADA SANTISTA E GRANDE SÃO PAULO LTDA. - UNICRED METROPOLITANA;259231;b3S;;I;2;SANTOS;SP;12/2009;16.381;0;0;43.431;20.609;80.421;0;0;0;0;0;0;0;2.218;82.639;0;6.108;88.747;0;29.433;118.180
COBANSA COMPANHIA HIPOTECARIA;53263331;n1;;I;2;SAO PAULO;SP;12/2009;0;0;0;0;0;0;0;0;0;0;0;0;0;98.542;98.542;0;11.506;110.047;0;8.024;118.071
COOPERATIVA DE CRÉDITO DE LIVRE ADMISSÃO DE ASSOCIADOS AURIVERDE   SICOOB CREDIAL/SC;78858107;b3S;;I;2;CUNHA PORA;SC;12/2009;10.890;0;0;43.275;14.943;69.108;0;0;0;0;0;0;0;20.789;89.896;0;1.987;91.883;0;24.916;116.799
SANTINVEST;50816;n1;;C;2;FLORIANOPOLIS;SC;12/2009;0;0;0;0;0;0;0;0;0;0;0;27.422;27.422;0;27.422;0;6.725;34.148;0;81.180;115.328
COOPERATIVA DE ECONOMIA E CRÉDITO MÚTUO DOS COMERCIANTES DE CONFECÇÕES DO NORTE DO PARANÁ - SICOOB NORTE DO PARANÁ;5582619;b3S;;I;2;LONDRINA;PR;12/2009;16.736;0;0;57.033;12.214;85.983;0;0;0;0;0;0;0;0;85.983;0;6.319;92.301;0;22.271;114.572
BANCO CR2 S/A;3532415;b1;;I;2;RIO DE JANEIRO;RJ;12/2009;1.030;0;0;50.924;0;51.955;0;0;966;0;0;9.116;10.082;0;62.036;27;16.021;78.084;0;36.438;114.523
COOPERATIVA DE CRÉDITO DE LIVRE ADMISSÃO DE ASSOCIADOS ROTA DAS TERRAS - SICREDI ROTA DAS TERRAS RS;87510475;b3S;;I;2;TAPERA;RS;12/2009;9.328;0;44;24.891;10.748;45.011;0;0;0;0;0;0;0;0;45.011;0;40.870;85.881;0;28.545;114.427
NEGRESCO S.A. - CREDITO, FINANCIAMENTO E INVESTIMENTOS;4379829;n1;;I;2;CURITIBA;PR;12/2009;0;0;0;50.844;0;50.844;0;0;0;0;0;30.304;30.304;0;81.148;0;13.368;94.516;0;17.935;112.451
BANCO TOPÁZIO S.A.;7679404;b1;;I;2;PORTO ALEGRE;RS;12/2009;2.070;0;3.007;68.126;0;73.203;0;0;0;0;0;0;0;0;73.203;0;19.326;92.528;0;19.630;112.158
COOPERATIVA DE CRÉDITO DE LIVRE ADMISSÃO DE ASSOCIADOS PLANALTO MÉDIO DO RIO GRANDE DO SUL - SICREDI PLANALTO MÉDIO RS;87781530;b3S;;I;2;PASSO FUNDO;RS;12/2009;20.614;0;22;33.707;17.583;71.926;0;0;0;0;0;0;0;2.101;74.027;0;22.447;96.474;0;15.669;112.143
COOPERATIVA DE CRÉDITO DOS MÉDICOS E DEMAIS PROFISSIONAIS DA SAÚDE, CONTABILISTAS, PROFESSORES E EMPRESÁRIOS DE BLUMENAU E VALE DO ITAJAÍ LTDA.;73443863;b3S;;I;2;BLUMENAU;SC;12/2009;10.581;0;0;48.942;34.930;94.452;0;0;0;0;0;0;0;0;94.452;0;1.682;96.134;0;15.734;111.868
BANCO YAMAHA MOTOR DO BRASIL S.A.;10371492;b2;;I;3;GUARULHOS;SP;12/2009;0;0;16.682;69.310;0;85.992;0;0;0;0;0;0;0;0;85.992;0;1.475;87.466;6;24.319;111.792
COOPERATIVA DE CRÉDITO SUL RIOGRANDENSE - SICREDI METRÓPOLIS RS;92796564;b3S;;I;2;PORTO ALEGRE;RS;12/2009;23.603;0;0;47.538;17.557;88.698;0;0;0;0;0;0;0;0;88.698;0;4.269;92.967;0;17.711;110.678
COOPERATIVA DE CRÉDITO DE LIVRE ADMISSÃO DE ASSOCIADOS ITAQUIENSE - SICREDI ITAQUI RS;87733077;b3S;;I;2;ITAQUI;RS;12/2009;11.700;0;0;23.086;6.616;41.402;0;0;0;0;0;0;0;2.311;43.713;0;26.152;69.865;0;40.750;110.615
ELITE CORRETORA DE CÂMBIO E VALORES MOBILIÁRIOS LTDA;28048783;n2;;I;2;RIO DE JANEIRO;RJ;12/2009;0;0;0;0;15;15;0;0;0;0;0;0;0;0;15;195;87.085;87.296;0;23.014;110.310
COOPERATIVA DE CRÉDITO DE LIVRE ADMISSÃO DE ASSOCIADOS DE BAGÉ   SICREDI FRONTEIRA SUL RS;88530142;b3S;;I;2;BAGE;RS;12/2009;16.854;0;0;29.236;9.699;55.788;0;0;0;0;0;0;0;0;55.788;0;30.555;86.343;0;22.033;108.376
COOPERATIVA DE ECONOMIA E CRÉDITO MÚTUO DOS FUNCIONÁRIOS DA SECRETARIA DE ESTADO DA FAZENDA DE MINAS GERAIS LTDA.;16721078;b3S;;I;2;BELO HORIZONTE;MG;12/2009;1.684;0;0;53.647;6;55.337;0;0;0;0;0;0;0;0;55.337;0;13.144;68.481;0;39.132;107.613
COOPERATIVA DE CRÉDITO DE LIVRE ADMISSÃO DE ASSOCIADOS DE ESPUMOSO - SICREDI ESPUMOSO RS;87900411;b3S;;I;2;ESPUMOSO;RS;12/2009;9.881;0;0;28.801;5.554;44.236;0;0;0;0;0;0;0;0;44.236;0;38.118;82.354;0;25.128;107.483
PORTOCRED S.A. - CREDITO, FINANCIAMENTO E INVESTIMENTO;1800019;n1;;I;2;PORTO ALEGRE;RS;12/2009;0;0;0;35.484;0;35.484;0;0;0;0;0;60.437;60.437;0;95.921;0;3.290;99.211;505;7.192;106.908
COOPERATIVA DE CRÉDITO RURAL E DOS PEQUENOS EMPREENDEDORES DO VALE DO MOGI GUAÇU;67960229;b3S;;I;2;DESCALVADO;SP;12/2009;7.021;0;0;45.842;1.172;54.034;0;0;0;0;0;0;0;14.897;68.931;0;12.406;81.337;0;23.927;105.264
COOPERATIVA DE CRÉDITO RURAL DO SUL DE MATO GROSSO - SICREDI SUL MT;26549311;b3S;;I;2;RONDONOPOLIS;MT;12/2009;19.214;0;97;23.833;1.044;44.187;0;0;0;0;0;0;0;0;44.187;0;34.276;78.463;0;26.777;105.240
COINVALORES;51561;n2;;C;2;SAO PAULO;SP;12/2009;0;0;0;0;1.578;1.578;0;0;0;0;0;0;0;0;1.578;649;41.870;44.097;0;60.528;104.625
COOPERATIVA DE CRÉDITO NORTE LITORÂNEA DO ESPÍRITO SANTO - SICOOB NORTE LITORÂNEO;32430233;b3S;;I;2;LINHARES;ES;12/2009;18.893;0;0;29.487;3.171;51.552;0;0;0;0;0;0;0;31.887;83.439;0;3.641;87.080;0;17.415;104.496
COOPERATIVA DE CRÉDITO DE LIVRE ADMISSÃO DE ASSOCIADOS PESTANENSE - SICREDI AUGUSTO PESTANA RS;90729369;b3S;;I;2;AUGUSTO PESTANA;RS;12/2009;25.067;0;0;26.209;8.202;59.478;0;0;0;0;0;0;0;0;59.478;0;23.371;82.849;0;21.524;104.373
NATIXIS BRASIL S.A. BANCO MÚLTIPLO;9274232;b1;;I;3;SAO PAULO;SP;12/2009;0;0;3.508;847;0;4.355;0;0;0;0;0;0;0;0;4.355;0;4.323;8.678;0;95.483;104.161
COOPERATIVA DE CRÉDITO RURAL COCAPEC;67096909;b3S;;I;2;FRANCA;SP;12/2009;16.679;0;0;35.635;32;52.346;0;0;0;0;0;0;0;30.372;82.718;0;3.590;86.308;0;17.589;103.898
AGENCIA DE FOMENTO DE GOIAS S/A;3918382;n1;;I;1;GOIANIA;GO;12/2009;0;0;0;0;0;0;0;0;0;0;0;0;0;992;992;0;11.681;12.673;0;90.992;103.665
COOPERATIVA DE CRÉDITO DA ZONA DA MATA DE MINAS LTDA - SICOOB CREDILIVRE;41697103;b3S;;I;2;MANHUACU;MG;12/2009;14.668;0;0;24.249;0;38.917;0;0;0;0;0;0;0;16.382;55.298;0;23.261;78.559;0;24.639;103.198
ISOLDI S.A. - CORRETORA DE VALORES MOBILIÁRIOS;62051263;n2;;I;2;SAO PAULO;SP;12/2009;0;0;0;0;0;0;0;0;0;0;0;0;0;0;0;97;31.690;31.787;0;71.346;103.134
UM INVESTIMENTOS S/A CORRETORA DE TITULOS E VALORES MOBILIARIOS;33968066;n2;;I;2;RIO DE JANEIRO;RJ;12/2009;0;0;0;0;602;602;0;0;0;0;0;0;0;0;602;561;88.745;89.909;0;13.164;103.072
COOPERATIVA DE CRÉDITO DE LIVRE ADMISSÃO AGROEMPRESARIAL - SICREDI AGROEMPRESARIAL PR;79457883;b3S;;I;2;MANDAGUARI;PR;12/2009;20.235;0;0;35.396;10.503;66.134;0;0;0;0;0;0;0;0;66.134;0;22.465;88.599;0;13.956;102.555
TENDENCIA;42264;b2;;C;2;SAO PAULO;SP;12/2009;0;0;0;0;0;0;0;0;0;0;0;0;0;0;0;0;76.817;76.817;0;24.714;101.531
BBVA BRASIL BANCO DE INVESTIMENTO S.A.;45283173;b2;;I;3;SAO PAULO;SP;12/2009;0;0;0;0;0;0;0;0;0;0;0;0;0;0;0;0;13.933;13.933;0;86.620;100.553
COOPERATIVA DE CRÉDITO DE LIVRE ADMISSÃO DE ASSOCIADOS DO ALTO XINGU - SICREDI ALTO XINGU;33021064;b3S;;I;2;CANARANA;MT;12/2009;15.021;0;2.162;13.978;2.587;33.747;0;0;0;0;0;0;0;5.053;38.801;0;39.415;78.216;0;22.121;100.337
COOPERATIVA DE CRÉDITO RURAL DA REGIÃO DE ORLÂNDIA;53935029;b3S;;I;2;ORLANDIA;SP;12/2009;5.021;0;0;13.520;7.737;26.278;0;0;0;0;0;0;0;2.600;28.878;0;23.975;52.853;0;47.153;100.006
ASB S/A - CREDITO, FINANCIAMENTO E INVESTIMENTO;59987370;n1;;I;2;SALVADOR;BA;12/2009;0;0;0;0;0;0;0;0;0;0;0;74.023;74.023;0;74.023;0;7.168;81.191;0;17.558;98.749
COOPERATIVA REGIONAL DE CRÉDITO DO SUDOESTE MINEIRO E NORDESTE PAULISTA LTDA - SICOOB NOSSO CRÉDITO;22760839;b3S;;I;2;SAO SEBASTIAO DO PARAISO;MG;12/2009;11.136;0;0;17.843;1.727;30.706;0;0;0;0;0;0;0;31.992;62.698;0;17.590;80.287;53;18.368;98.708
COOPERATIVA DE CRÉDITO DOS MÉDICOS, PROFISSIONAIS DA SAÚDE, CONTABILISTAS E EMPRESÁRIOS DA REGIÃO SUL CATARINENSE LTDA;75847;b3S;;I;2;CRICIUMA;SC;12/2009;8.751;0;0;64.995;5.211;78.957;0;0;0;0;0;0;0;0;78.957;0;2.356;81.313;0;16.891;98.204
COOPERATIVA DE CRÉDITO DE LIVRE ADMISSÃO DE ASSOCIADOS ALTO JACUÍ - SICREDI ALTO JACUÍ RS;87779625;b3S;;I;2;NAO-ME-TOQUE;RS;12/2009;12.348;0;0;29.364;10.673;52.385;0;0;0;0;0;0;0;0;52.385;0;26.589;78.974;0;18.751;97.724
FAMILIA PAULISTA CREDITO IMOBILIARIO S.A.;53146221;n1;;I;2;SANTOS;SP;12/2009;0;0;0;0;0;0;0;0;0;0;0;0;0;0;0;0;93.839;93.839;0;3.835;97.675
COOPERATIVA DE CRÉDITO DE LIVRE ADMISSÃO SÃO CRISTOVÃO - SICREDI SÃO CRISTOVÃO - PR/SC;82065285;b3S;;I;2;MARIOPOLIS;PR;12/2009;15.022;0;0;28.092;9.883;52.997;0;0;0;0;0;0;0;0;52.997;0;28.853;81.851;0;15.548;97.398
VIC-DISTRIBUIDORA DE TITULOS E VALORES MOBILIARIOS S/A;14388516;n2;;I;2;RIO DE JANEIRO;RJ;12/2009;0;0;0;0;0;0;0;0;0;0;0;0;0;0;0;0;39.206;39.206;0;57.914;97.120
COOPERATIVA DE CRÉDITO DE LIVRE ADMISSÃO DO OESTE - SICREDI OESTE PR;76059997;b3S;;I;2;TOLEDO;PR;12/2009;14.853;0;0;27.160;8.066;50.079;0;0;0;0;0;0;0;4.440;54.520;0;24.471;78.991;0;17.924;96.915
ATRIA S.A.- CRÉDITO, FINANCIAMENTO E INVESTIMENTO;5956581;n1;;I;2;ARAUCARIA;PR;12/2009;0;0;0;0;0;0;0;0;0;0;0;40.375;40.375;0;40.375;0;16.104;56.479;0;39.915;96.393
LECCA;51523;n1;;C;2;RIO DE JANEIRO;RJ;12/2009;0;0;0;33.330;0;33.330;0;0;0;0;0;35.216;35.216;0;68.546;0;3.935;72.480;0;20.853;93.333
COOPERATIVA DE ECONOMIA E CRÉDITO MÚTUO DOS EMPREGADOS E SERVIDORES DA SABESP E EM EMPRESAS DE SANEAMENTO AMBIENTAL DO ESTADO DE SÃO PAULO - CECRES;54603022;b3S;;I;2;SAO PAULO;SP;12/2009;0;0;0;0;0;0;0;0;0;0;0;0;0;0;0;0;1.515;1.515;0;89.615;91.130
COOPERATIVA DE CRÉDITO DE LIVRE ADMISSÃO DE GOIÂNIA, SENADOR CANEDO E REGIÕES LTDA. - CREDIGOIÁS;37255049;b3S;;I;2;GOIANIA;GO;12/2009;6.439;0;0;2.664;0;9.103;0;0;0;0;0;0;0;0;9.103;0;8.725;17.828;0;73.126;90.954
COOPERATIVA DE ECONOMIA E CREDITO MÚTUO DOS MÉDICOS DO PLANALTO MÉDIO DO RIO GRANDE DO SUL LTDA - CREDIPLAN;97259253;b3S;;I;2;PASSO FUNDO;RS;12/2009;13.488;0;0;42.053;21.258;76.800;0;0;0;0;0;0;0;0;76.800;0;3.542;80.341;0;10.576;90.917
COOPERATIVA DE CRÉDITO DE LIVRE ADMISSÃO PARANAPANEMA - SICREDI PARANAPANEMA - PR;79086997;b3S;;I;2;CAMBARA;PR;12/2009;14.514;0;366;23.560;9.329;47.770;0;0;0;0;0;0;0;0;47.770;0;27.274;75.044;0;15.778;90.823
COOPERATIVA CENTRAL DE CRÉDITO DA BAHIA - SICOOB CENTRAL BA;34148882;b3C;;I;2;SALVADOR;BA;12/2009;0;0;0;10.122;183;10.305;0;0;0;0;0;0;0;0;10.305;0;66.311;76.616;0;13.214;89.830
COOPERATIVA DE CRÉDITO DE LIVRE ADMISSÃO NOSSA TERRA - SICREDI NOSSA TERRA;81192106;b3S;;I;2;CAFELANDIA;PR;12/2009;10.213;0;0;20.143;13.502;43.859;0;0;0;0;0;0;0;2.928;46.787;0;25.523;72.310;0;17.200;89.510
COOPERATIVA DE CRÉDITO DE LIVRE ADMISSÃO DE ASSOCIADOS LITORÂNEA   SICOOB/SC CREDIJA;85291086;b3S;;I;2;JACINTO MACHADO;SC;12/2009;13.306;0;0;36.929;5.492;55.727;0;0;0;0;0;0;0;13.383;69.110;0;2.005;71.116;0;17.431;88.546
COOPERATIVA DE CRÉDITO MÚTUO DOS INTEGRANTES DO MINISTÉRIO PÚBLICO NO ESTADO DO RIO DE JANEIRO LTDA;4694278;b3S;;I;2;RIO DE JANEIRO;RJ;12/2009;1.762;0;0;75.734;5;77.501;0;0;0;0;0;0;0;0;77.501;0;641;78.141;0;10.191;88.333
COOPERATIVA DE CRÉDITO DE LIVRE ADMISSÃO DE ASSOCIADOS DE SERRO AZUL - SICREDI SERRO AZUL RS;88894548;b3S;;I;2;CERRO LARGO;RS;12/2009;8.614;0;606;32.144;11.688;53.053;0;0;0;0;0;0;0;0;53.053;0;19.345;72.398;0;15.716;88.114
BANCO GERADOR S.A.;10664513;b2;;I;2;RECIFE;PE;12/2009;0;0;4.851;53.739;0;58.590;0;0;0;0;0;0;0;0;58.590;0;680;59.271;0;28.664;87.935
COOPERATIVA DE CRÉDITO DE LIVRE ADMISSÃO DE ASSOCIADOS DO VALE DO SÃO LOURENÇO - SICREDI VALE DO SÃO LOURENÇO;32983165;b3S;;I;2;JUSCIMEIRA;MT;12/2009;12.418;0;180;13.137;2.272;28.007;0;0;0;0;0;0;0;3.774;31.782;0;37.441;69.223;0;17.557;86.780
COOPERATIVA DE CREDITO RURAL COM INTERAÇÃO SOLIDÁRIA DE LUIS ALVES - CRE$OL LUÍS ALVES;4430100;b3S;;I;2;LUIZ ALVES;SC;12/2009;8.092;0;0;27.532;0;35.624;0;0;0;0;0;0;0;6.182;41.806;0;30.585;72.391;0;14.040;86.430
GERAÇÃO FUTURO;51592;b2;;C;2;PORTO ALEGRE;RS;12/2009;0;0;0;0;0;0;0;0;0;0;0;0;0;0;0;0;34.676;34.676;1.299;50.322;86.297
BARIGUI S.A. CREDITO, FINANCIAMENTO E INVESTIMENTOS;556603;n1;;I;2;CURITIBA;PR;12/2009;0;0;8.384;2.565;0;10.949;0;0;0;0;0;57.428;57.428;0;68.377;0;5.399;73.776;0;12.486;86.262
COOPERATIVA DE CRÉDITO DE BOM DESPACHO LTDA - SICOOB CREDIBOM;21670187;b3S;;I;2;BOM DESPACHO;MG;12/2009;12.970;0;0;26.434;17.657;57.061;0;0;0;0;0;0;0;0;57.061;0;14.922;71.983;0;13.123;85.106
COOPERATIVA DE CREDITO RURAL DOS PLANTADORES DE CANA DO PARANA - SICREDI AGRO PARANÁ PR;79063574;b3S;;I;2;SANTO ANTONIO DA PLATINA;PR;12/2009;19.688;0;0;26.150;7.255;53.093;0;0;0;0;0;0;0;0;53.093;0;21.573;74.667;0;10.174;84.841
COOPERATIVA DE CRÉDITO DOS PEQUENOS EMPRESÁRIOS, MICROEMPRESÁRIOS E MICROEMPREENDEDORES DA REGIÃO NORDESTE DO RIO GRANDE DO SUL - SICREDI CAXIAS DO SUL RS;3581767;b3S;;I;2;CAXIAS DO SUL;RS;12/2009;9.634;0;0;57.411;6.248;73.293;0;0;0;0;0;0;0;0;73.293;0;2.738;76.031;0;8.154;84.185
COOPERATIVA DE CRÉDITO DE LIVRE ADMISSÃO PLANALTO DAS ARAUCÁRIAS - SICREDI PLANALTO DAS ARAUCÁRIAS PR/SC;81054686;b3S;;I;2;LAPA;PR;12/2009;14.104;0;0;29.354;9.025;52.482;0;0;0;0;0;0;0;0;52.482;0;22.187;74.669;0;8.496;83.165
CENTRAL DAS COOPERATIVAS DE CRÉDITO DO DISTRITO FEDERAL LTDA.;692214;b3C;;I;2;BRASILIA;DF;12/2009;0;0;0;0;0;0;0;0;0;0;0;0;0;0;0;0;58.642;58.642;0;23.423;82.065
COOPERATIVA DE ECONOMIA E CREDITO MUTUO DOS MED. D.P.N.S. AREA DA SAUDE DA REGIAO NORDESTE RS;73750424;b3S;;I;2;CAXIAS DO SUL;RS;12/2009;10.300;0;0;30.509;24.900;65.709;0;0;0;0;0;0;0;0;65.709;0;2.405;68.114;0;13.840;81.954
ARBI;31677;b1;;C;2;RIO DE JANEIRO;RJ;12/2009;757;0;0;15.284;0;16.041;29.002;0;0;0;0;0;0;0;45.044;0;7.069;52.112;203;29.507;81.823
COOPERATIVA DE CREDITO RURAL DE VIDEIRA-SICOOB/SC VIDEIRA;81016131;b3S;;I;2;VIDEIRA;SC;12/2009;7.768;0;0;35.062;7.527;50.357;0;0;0;0;0;0;0;18.531;68.888;0;2.527;71.415;0;10.105;81.520
TRADICAO S/A CREDITO IMOBILIARIO;15213192;n1;;I;2;SALVADOR;BA;12/2009;0;0;0;0;0;0;0;0;0;0;0;0;0;41.967;41.967;0;30.519;72.486;0;8.850;81.336
SITA SOCIEDADE CORRETORA DE CAMBIO E VALORES MOBILIARIOS S.A;17315359;n2;;I;2;BELO HORIZONTE;MG;12/2009;0;0;0;0;441;441;0;0;0;0;0;0;0;0;441;68;15.986;16.495;0;64.588;81.083
COOPERATIVA DE CREDITO DO VALE DO SAPUCAI LTDA - SICOOB CREDIVASS;1604998;b3S;;I;2;SAO GONCALO DO SAPUCAI;MG;12/2009;12.190;0;0;17.185;2.746;32.120;0;0;0;0;0;0;0;17.551;49.671;0;18.321;67.992;0;12.834;80.826
ATRIUM S/A DISTRIBUIDORA DE TÍTULOS E VALORES MOBILIÁRIOS;62122718;n2;;I;2;SAO PAULO;SP;12/2009;0;0;0;0;126;126;65.481;0;0;0;0;0;0;0;65.608;0;10.336;75.944;0;4.509;80.453
COOPERATIVA DE CREDITO RURAL DO NOROESTE DE MATO GROSSO;33022690;b3S;;I;2;ARAPUTANGA;MT;12/2009;25.012;0;0;16.191;2.826;44.028;0;0;0;0;0;0;0;0;44.028;0;20.204;64.232;0;14.922;79.154
COOPERATIVA DE ECONOMIA E CRÉDITO MÚTUO DOS EMPREGADOS DA JOHNSON & JOHNSON;45691128;b3S;;I;2;SAO JOSE DOS CAMPOS;SP;12/2009;0;0;0;2.864;0;2.864;0;0;0;0;0;0;0;0;2.864;0;14.738;17.602;0;60.552;78.154
COOPERATIVA DE POUPANÇA E CRÉDITO DO VALE DO RIO DOCE LTDA - SICOOB CREDIRIODOCE;25606237;b3S;;I;2;GOVERNADOR VALADARES;MG;12/2009;16.704;0;0;23.231;7.272;47.208;0;0;0;0;0;0;0;6.744;53.952;0;9.873;63.825;0;14.226;78.051
CREDICOROL COOPERATIVA DE CREDITO RURAL;78157146;b3S;;I;2;ROLANDIA;PR;12/2009;6.188;0;0;23.456;0;29.644;0;0;0;0;0;0;0;21.401;51.045;0;4.710;55.755;0;21.407;77.162
COOPERATIVA DE CRÉDITO DE LIVRE ADMISSÃO DE ASSOCIADOS OESTE CATARINENSE - SICOOB-OESTECREDI/SC;78825023;b3S;;I;2;PALMITOS;SC;12/2009;5.219;0;0;25.023;6.358;36.600;0;0;0;0;0;0;0;19.044;55.644;0;2.532;58.176;0;18.430;76.605
COOPERATIVA DE CRÉDITO DO CENTRO SUL RONDONIENSE - SICOOB CREDIP;2015588;b3S;;I;2;PIMENTA BUENO;RO;12/2009;21.055;0;0;30.781;516;52.353;0;0;0;0;0;0;0;5.667;58.019;0;3.660;61.680;0;14.620;76.300
COOPERATIVA DE ECONOMIA E CRÉDITO MÚTUO BRF - CREDIBRF;82096447;b3S;;I;3;VIDEIRA;SC;12/2009;0;0;0;26.588;0;26.588;0;0;0;0;0;0;0;0;26.588;0;3.816;30.403;0;45.597;76.000
COOPERATIVA DE CREDITO RURAL DE LARANJEIRAS DO SUL - SICREDI LARANJEIRAS DO SUL;81115149;b3S;;I;2;LARANJEIRAS DO SUL;PR;12/2009;10.165;0;0;23.549;4.551;38.265;0;0;0;0;0;0;0;3.197;41.462;0;21.899;63.361;0;11.839;75.200
COOPERATIVA DE CRÉDITO RURAL DO ARAGUAIA - SICREDI ARAGUAIA;32953317;b3S;;I;2;AGUA BOA;MT;12/2009;18.945;0;3.691;10.604;1.810;35.050;0;0;0;0;0;0;0;2.024;37.074;0;26.587;63.661;0;11.531;75.192
COOPERATIVA DE CREDITO RURAL DE PRIMAVERA DO LESTE LTDA;26563270;b3S;;I;2;PRIMAVERA DO LESTE;MT;12/2009;17.769;0;0;27.935;0;45.704;0;0;0;0;0;0;0;0;45.704;0;1.664;47.368;0;27.817;75.184
COOPERATIVA DE CRÉDITO DO NORTE DE MINAS LTDA - SICOOB CREDINOR;21866694;b3S;;I;2;MONTES CLAROS;MG;12/2009;14.099;0;0;15.732;3.688;33.520;0;0;0;0;0;0;0;7.989;41.509;0;14.070;55.579;0;19.232;74.811
COOPERATIVA DE CRÉDITO DE LIVRE ADMISSÃO DE ASSOCIADOS NORTE MATO-GROSSENSE - SICREDI NORTE MT;37442605;b3S;;I;2;COLIDER;MT;12/2009;22.903;0;20;16.883;2.162;41.968;0;0;0;0;0;0;0;0;41.968;0;15.588;57.556;0;16.624;74.181
COOPERATIVA DE ECONOMIA E CREDITO MUTUO DOS PROFISSIONAIS DA AREA DE SAUDE DA REGIAO OESTE DO PARANA LTDA;1736243;b3S;;I;2;CASCAVEL;PR;12/2009;8.878;0;0;28.779;18.796;56.453;0;0;0;0;0;0;0;0;56.453;0;2.331;58.785;0;15.037;73.821
COOPERATIVA DE CRÉDITO DE LIVRE ADMISSÃO DO NOROESTE - SICREDI NOROESTE PR;81206039;b3S;;I;2;NOVA LONDRINA;PR;12/2009;11.190;0;0;25.330;6.663;43.183;0;0;0;0;0;0;0;0;43.183;0;19.167;62.350;0;11.335;73.685
COOPERATIVA DE CRÉDITO DE LIVRE ADMISSÃO DE ASSOCIADOS ENCOSTA SUPERIOR DO NORDESTE RS - SICREDI NORDESTE RS;95213211;b3S;;I;2;ROLANTE;RS;12/2009;12.967;0;0;32.024;14.993;59.984;0;0;0;0;0;0;0;0;59.984;0;4.770;64.754;0;8.232;72.985
BANCO DE LA NACION ARGENTINA;33042151;b1;;I;3;SAO PAULO;SP;12/2009;952;0;0;2.301;461;3.713;0;0;0;0;0;0;0;17.572;21.285;0;4.347;25.632;0;46.821;72.453
COOPERATIVA DE CRÉDITO DO VALE DO PARANAÍBA LTDA;24799033;b3S;;I;2;QUIRINOPOLIS;GO;12/2009;13.336;0;0;9.738;234;23.309;0;0;0;0;0;0;0;1.279;24.588;0;15.367;39.955;0;32.483;72.438
COOPERATIVA DE CRÉDITO DE LIVRE ADMISSÃO DE ASSOCIADOS DA GRANDE GETÚLIO VARGAS DO RIO GRANDE DO SUL - SICREDI ESTAÇÃO RS;87784088;b3S;;I;2;ESTACAO;RS;12/2009;6.682;0;0;18.993;7.473;33.148;0;0;0;0;0;0;0;22;33.170;0;17.278;50.448;0;21.979;72.427
SENSO CORRETORA DE CAMBIO E VALORES MOBILIARIOS S.A;17352220;n2;;I;2;RIO DE JANEIRO;RJ;12/2009;0;0;0;0;0;0;0;0;0;0;0;0;0;0;0;15;27.773;27.788;0;44.582;72.370
COOPERATIVA DE CREDITO RURAL DO VALE DO CANOINHAS;78834975;b3S;;I;2;CANOINHAS;SC;12/2009;7.250;0;0;19.668;5.004;31.921;0;0;0;0;0;0;0;20.699;52.620;0;3.881;56.501;0;15.792;72.293
COOPERATIVA DE ECONOMIA E CREDITO MUTUO DOS MEDICOS E DEMAIS PROFISSIONAIS DE NIVEL SUPERIOR DA AREA DE SAUDE DE NATAL - UNICRED NATAL;70038237;b3S;;I;2;NATAL;RN;12/2009;10.054;0;0;18.686;10.943;39.684;0;0;0;0;0;0;0;0;39.684;0;4.663;44.347;0;26.978;71.325
CREDINORTE - COOPERATIVA DE ECONOMIA E CRÉDITO MÚTUO DOS SERVIDORES PÚBLICOS DA REGIÃO METROPOLITANA DA GRANDE NATAL - RIO GRANDE DO NORTE;4551113;b3S;;I;2;NATAL;RN;12/2009;0;0;0;0;283;283;0;0;0;0;0;0;0;69.993;70.276;0;101;70.377;0;594;70.971
CREDUNI - COOPERATIVA DE ECONOMIA E CRÉDITO MÚTUO DOS SERVIDORES DAS INSTITUIÇÕES PÚBLICAS DE ENSINO SUPERIOR DO ESTADO DA PARAÍBA LTDA.;3428338;b3S;;I;2;CAMPINA GRANDE;PB;12/2009;230;0;0;2.395;2.938;5.562;0;0;0;0;0;0;0;12.716;18.279;0;6.034;24.313;0;45.840;70.153
COOPERATIVA DE CRÉDITO RURAL DO CENTRO SUL DO PARANÁ - SICREDI CENTRO SUL PR;78907607;b3S;;I;2;PRUDENTOPOLIS;PR;12/2009;9.454;0;0;22.177;4.300;35.932;0;0;0;0;0;0;0;2.008;37.940;0;22.202;60.142;0;9.784;69.926
CENTRAL DAS COOPERATIVAS DE CREDITO MUTUO DO RIO GRANDE DO SUL;3618104;b3C;;I;2;PORTO ALEGRE;RS;12/2009;0;0;0;0;0;0;0;0;0;0;0;0;0;0;0;0;66.948;66.948;0;2.162;69.110
HERVAL FINANCEIRA S/A - CRÉDITO, FINANCIAMENTO E INVESTIMENTO;7512441;n1;;I;2;DOIS IRMAOS;RS;12/2009;0;0;0;0;0;0;0;0;0;0;0;41.012;41.012;0;41.012;0;6.857;47.870;0;20.655;68.525
C H B - COMPANHIA HIPOTECARIA BRASILEIRA;10694628;n1;;I;2;NATAL;RN;12/2009;0;0;0;0;0;0;0;0;0;0;0;0;0;0;0;0;60.995;60.995;0;7.267;68.262
COOPERATIVA DE CRÉDITO DE LIVRE ADMISSÃO DE ASSOCIADOS ITAPIRANGA - SICOOB CREDITAPIRANGA SC;78483310;b3S;;I;2;ITAPIRANGA;SC;12/2009;5.950;0;0;23.479;13.773;43.201;0;0;0;0;0;0;0;8.902;52.103;0;2.278;54.382;0;12.442;66.824
COOPERATIVA DE CRÉDITO RURAL TERCEIRO PLANALTO - SICREDI TERCEIRO PLANALTO;77984870;b3S;;I;2;GUARAPUAVA;PR;12/2009;12.097;0;0;13.659;5.671;31.427;0;0;0;0;0;0;0;0;31.427;0;24.685;56.112;0;10.596;66.708
COOPERATIVA DE ECONOMIA E CRÉDITO MÚTUO DOS SERVIDORES MUNICIPAIS DO VALE DO PARAIBA, LITORAL NORTE PAULISTA E SERRA DA MANTIQUEIRA - CRESSEM;54190525;b3S;;I;2;SAO JOSE DOS CAMPOS;SP;12/2009;472;0;0;724;0;1.196;0;0;0;0;0;0;0;0;1.196;0;7.296;8.492;0;57.987;66.479
COOPERATIVA DE CRÉDITO DE LIVRE ADMISSÃO DE ASSOCIADOS DO CENTRO SUL DO RGS - SICREDI CENTRO SUL;87733341;b3S;;I;2;SAO SEPE;RS;12/2009;6.319;0;0;18.969;4.482;29.771;0;0;0;0;0;0;0;0;29.771;0;21.254;51.025;0;13.997;65.022
DIRECAO S.A. CREDITO, FINANCIAMENTO E INVESTIMENTO;58158387;n1;;I;2;SANTOS;SP;12/2009;0;0;0;0;0;0;0;0;0;0;0;0;0;1.846;1.846;0;5.464;7.309;0;57.500;64.810
COOPERATIVA DE CRÉDITO SUL-LITORÂNEA DO ESPÍRITO SANTO - SICOOB SUL-LITORÂNEO;32474884;b3S;;I;2;ALFREDO CHAVES;ES;12/2009;9.728;0;0;21.390;4.567;35.684;0;0;0;0;0;0;0;10.457;46.141;0;2.806;48.948;0;15.573;64.520
COOPERATIVA DE CRÉDITO DOS PROFISSIONAIS DA SAÚDE DAS REGIÕES DO TRIÂNGULO, CIRCUITO DAS ÁGUAS E CENTRO DE MINAS LTDA. - UNICRED MINEIRA;70937271;b3S;;I;2;UBERLANDIA;MG;12/2009;8.572;0;0;41.040;0;49.611;0;0;0;0;0;0;0;0;49.611;0;2.843;52.454;0;11.769;64.223
COOPERATIVA DE CRÉDITO RURAL CELEIRO CENTRO OESTE - SICREDI CELEIRO CENTRO OESTE;3566655;b3S;;I;2;SAO GABRIEL DO OESTE;MS;12/2009;13.062;0;0;16.143;1.361;30.566;0;0;0;0;0;0;0;3.795;34.361;0;19.288;53.649;0;9.920;63.569
COOPERATIVA DE ECONOMIA E CRÉDITO DOS COMERCIANTES DO CENTRO OESTE MINEIRO LTDA;66463407;b3S;;I;2;ITAUNA;MG;12/2009;6.717;0;0;22.803;4.058;33.578;0;0;0;0;0;0;0;10.603;44.181;0;3.258;47.439;0;15.539;62.977
COOPERATIVA DE ECONOMIA E CRÉDITO MÚTUO DOS MÉDICOS E DEMAIS PROFISSIONAIS DA SAÚDE E DO CREA, DE PELOTAS LTDA;1807464;b3S;;I;2;PELOTAS;RS;12/2009;5.479;0;0;42.370;6.542;54.391;0;0;0;0;0;0;0;0;54.391;0;623;55.013;0;7.408;62.422
SUL AMERICA INVESTIMENTOS DISTRIBUIDORA DE TITULOS E VALORES MOBILIARIOS S.A.;32206435;n2;;I;2;SAO PAULO;SP;12/2009;0;0;0;0;0;0;0;0;0;0;0;0;0;0;0;0;28.897;28.897;0;33.461;62.358
UNICRED RECIFE - COOPERATIVA DE ECONOMIA E CRÉDITO MÚTUO DOS MÉDICOS E PROFISSIONAIS DA ÁREA DE SAÚDE DO GRANDE RECIFE LTDA.;70241658;b3S;;I;2;RECIFE;PE;12/2009;7.526;0;0;22.908;7.349;37.784;0;0;0;0;0;0;0;0;37.784;0;2.725;40.509;0;21.696;62.205
COOPERATIVA CENTRAL DE CRÉDITO DO NORTE DO BRASIL - SICOOB CENTRAL NORTE;3502131;b3C;;I;2;PORTO VELHO;RO;12/2009;0;0;0;0;0;0;0;0;0;0;0;0;0;0;0;0;53.152;53.152;0;8.738;61.890
COOPERATIVA DE CRÉDITO RURAL DE CONSELHEIRO PENA LTDA. - SICOOB CREDICOPE;38588174;b3S;;I;2;CONSELHEIRO PENA;MG;12/2009;7.852;0;0;19.110;3.254;30.215;0;0;0;0;0;0;0;1.205;31.420;0;10.908;42.328;0;19.288;61.616
COOPERATIVA DE CRÉDITO DE LIVRE ADMISSÃO DE ASSOCIADOS DA REGIÃO DE PALMEIRA DAS MISSÕES - SICREDI GRANDE PALMEIRA;87789178;b3S;;I;2;PALMEIRA DAS MISSOES;RS;12/2009;7.052;0;0;14.808;3.939;25.799;0;0;0;0;0;0;0;0;25.799;0;20.621;46.420;0;14.491;60.911
COOPERATIVA DE CRÉDITO RURAL DO ALTO PARANAPANEMA - SICREDI CAPAL PR;7206072;b3S;;I;2;ARAPOTI;PR;12/2009;4.103;0;0;24.959;2.455;31.518;0;0;0;0;0;0;0;0;31.518;0;23.074;54.592;0;5.422;60.014
COOPERATIVA DE CREDITO RURAL VALE DO RIO DO PEIXE - SICOOB - CREDIRIO/SC;78865995;b3S;;I;2;JOACABA;SC;12/2009;5.992;0;0;27.741;2.013;35.746;0;0;0;0;0;0;0;13.853;49.599;0;1.594;51.194;0;8.565;59.759
COOPERATIVA DE CRÉDITO DOS PROPRIETÁRIOS DA INDÚSTRIA DE ROCHAS ORNAMENTAIS, CAL E CALCÁRIOS DO ESTADO DO ESPÍRITO SANTO   SICOOB CREDIROCHAS;3358914;b3S;;I;2;CACHOEIRO DE ITAPEMIRIM;ES;12/2009;8.063;0;0;20.562;10.074;38.699;0;0;0;0;0;0;0;1.314;40.012;0;4.934;44.946;0;14.738;59.683
COOPERATIVA DE ECONOMIA E CRÉDITO MÚTUO DOS MÉDICOS E DEMAIS PROFISSIONAIS DA SAÚDE DO VALE DO PARAÍBA - UNICRED VALE DO PARAÍBA;2197569;b3S;;I;2;LORENA;SP;12/2009;4.013;0;0;26.036;11.738;41.787;0;0;0;0;0;0;0;2.242;44.029;0;1.818;45.847;0;13.181;59.028
COOPERATIVA DE CRÉDITO DA REGIÃO DE ARAXÁ LTDA. - SICOOB CREDIARA;66398496;b3S;;I;2;ARAXA;MG;12/2009;10.441;0;0;18.082;0;28.523;0;0;0;0;0;0;0;9.443;37.965;0;9.443;47.409;1;11.581;58.991
MAGLIANO S.A. CORRETORA DE CAMBIO E VALORES MOBILIARIOS;61723847;n2;;I;2;SAO PAULO;SP;12/2009;0;0;0;0;742;742;0;0;0;0;0;0;0;504;1.246;0;31.698;32.944;0;25.785;58.729
COOPERATIVA DE CRÉDITO VALE DO MUCURI LTDA. - SICOOB CREDIVALE;25387655;b3S;;I;2;TEOFILO OTONI;MG;12/2009;13.787;0;0;17.156;190;31.134;0;0;0;0;0;0;0;2.438;33.572;0;10.736;44.308;0;14.351;58.660
COOPERATIVA DE ECONOMIA E CRÉDITO MÚTUO DOS MÉDICOS E DEMAIS PROFISSIONAIS DE NÍVEL SUPERIOR DA SAÚDE DE SANTA BÁRBARA D?OESTE, AMERICANA E NOVA ODESSA LTDA.;3055269;b3S;;I;2;AMERICANA;SP;12/2009;6.539;0;0;32.377;4.946;43.862;0;0;0;0;0;0;0;2.108;45.970;0;1.658;47.627;0;10.748;58.376
COOPERATIVA DE CRÉDITO RURAL COOPAVEL;76461557;b3S;;I;2;CASCAVEL;PR;12/2009;8.196;0;0;16.201;0;24.397;0;0;0;0;0;0;0;9.930;34.327;0;4.150;38.477;0;19.439;57.915
COOPERATIVA DE ECONOMIA E CRÉDITO MÚTUO DOS COMERCIANTES DE MATERIAL DE CONSTRUÇÃO DE GOVERNADOR VALADARES LTDA.;1559914;b3S;;I;2;GOVERNADOR VALADARES;MG;12/2009;8.171;0;0;18.463;3.438;30.072;0;0;0;0;0;0;0;6.595;36.667;0;3.569;40.236;0;17.312;57.548
COOPERATIVA DE ECONOMIA E CRÉDITO MÚTUO DOS  COMERCIANTES DE CONFECÇÕES DO CENTRO OESTE DE MINAS GERAIS LTDA - DIVICRED;1736516;b3S;;I;2;DIVINOPOLIS;MG;12/2009;10.979;0;0;19.013;1.237;31.229;0;0;0;0;0;0;0;5.101;36.330;0;2.376;38.706;0;18.173;56.879
COOPERATIVA DE ECONOMIA E CRÉDITO MÚTUO DOS FABRICANTES DE CALÇADOS DE NOVA SERRANA LTDA. - CREDINOVA;1667766;b3S;;I;2;NOVA SERRANA;MG;12/2009;11.541;0;0;26.265;0;37.805;0;0;0;0;0;0;0;0;37.805;0;6.343;44.148;0;12.682;56.830
COOPERATIVA DE CRÉDITO RURAL DA REGIÃO DA MOGIANA;62109566;b3S;;I;2;SAO JOAO DA BOA VISTA;SP;12/2009;8.984;0;0;23.756;48;32.788;0;0;0;0;0;0;0;1.288;34.077;0;16.321;50.398;0;6.073;56.470
CONFEDERAÇÃO NACIONAL DAS COOPERATIVAS CENTRAIS UNICRED'S - UNICRED DO BRASIL;315557;b3C;;I;2;SAO PAULO;SP;12/2009;0;0;0;0;0;0;0;0;0;0;0;0;0;0;0;0;52.600;52.600;0;3.683;56.283
COOPERATIVA DE CRÉDITO RURAL DA ALTA PAULISTA;59869560;b3S;;I;2;ADAMANTINA;SP;12/2009;5.316;0;0;21.015;6.123;32.455;0;0;0;0;0;0;0;10.263;42.718;0;997;43.715;0;12.541;56.256
COOPERATIVA DE CRÉDITO DE LIVRE ADMISSÃO DE ASSOCIADOS DE IBIRUBÁ - SICREDI IBIRUBÁ RS;87732657;b3S;;I;2;IBIRUBA;RS;12/2009;6.258;0;0;19.394;4.338;29.991;0;0;0;0;0;0;0;28;30.019;0;14.813;44.831;0;11.219;56.050
COOPERATIVA DE CREDITO RURAL ALTO VALE DO ITAJAI;80959612;b3S;;I;2;RIO DO SUL;SC;12/2009;11.726;0;0;32.459;365;44.549;0;0;0;0;0;0;0;6.273;50.822;0;1.260;52.082;0;3.612;55.694
COOPERATIVA DE ECONOMIA E CREDITO MUTUO DOS MAGISTRADOS, MEMBROS DO MINISTÉRIO PÚBLICO E PROFISSIONAIS DO DIREITO CATARINENSES LTDA - COOMARCA;4355489;b3S;;I;2;FLORIANOPOLIS;SC;12/2009;5.431;0;0;38.975;4.269;48.675;0;0;0;0;0;0;0;0;48.675;0;484;49.159;0;5.845;55.004
COOPERATIVA DE CRÉDITO RURAL DE PONTA PORÃ E REGIÃO - SICREDI FRONTEIRA MS;26408096;b3S;;I;2;PONTA PORA;MS;12/2009;11.316;0;0;13.379;1.919;26.614;0;0;0;0;0;0;0;4.812;31.427;0;14.970;46.396;0;8.108;54.504
COOPERATIVA DE CRÉDITO DE SETE LAGOAS LTDA - SICOOB CREDISETE;22753982;b3S;;I;2;SETE LAGOAS;MG;12/2009;11.076;0;0;25.799;1.355;38.229;0;0;0;0;0;0;0;0;38.229;0;6.303;44.532;0;9.928;54.459
COOPERATIVA DE CREDITO DO LESTE DE MINAS LTDA - SICOOB CREDICAF;25395435;b3S;;I;2;LAJINHA;MG;12/2009;11.036;0;0;16.728;2.225;29.988;0;0;0;0;0;0;0;3.653;33.641;0;10.653;44.295;0;10.139;54.433
VIPAL FINANCEIRA S.A.   CRÉDITO, FINANCIAMENTO E INVESTIMENTO;9526594;n1;;I;2;PORTO ALEGRE;RS;12/2009;0;0;0;1.037;0;1.037;0;0;0;0;0;29.332;29.332;0;30.370;0;435;30.805;0;23.465;54.269
COOPERATIVA DE CRÉDITO DA MATA MINEIRA LTDA. - SICOOB CREDIMATA;1152097;b3S;;I;2;VOLTA GRANDE;MG;12/2009;10.948;0;0;20.704;961;32.613;0;0;0;0;0;0;0;1.817;34.430;0;11.090;45.520;0;8.558;54.078
COOPERATIVA DE ECONOMIA E CRÉDITO MÚTUO DOS MÉDICOS E DEMAIS  PROFISSIONAIS DA SAÚDE DE NÍVEL SUPERIOR DE MANAUS LTDA.;1566038;b3S;;I;2;MANAUS;AM;12/2009;11.564;0;0;18.610;0;30.174;0;0;0;0;0;0;0;0;30.174;0;4.056;34.230;0;19.540;53.770
COOPERATIVA DE CRÉDITO DE LIVRE ADMISSÃO DE ASSOCIADOS NOROESTE - SICOOB NOROESTE SC;81292278;b3S;;I;2;SAO LOURENCO D'OESTE;SC;12/2009;4.394;0;0;17.491;5.410;27.295;0;0;0;0;0;0;0;14.144;41.439;0;2.668;44.107;0;9.457;53.564
COOPERATIVA DE CRÉDITO DO SUL DE RONDÔNIA LTDA. - SICOOB CREDISUL;3632872;b3S;;I;2;VILHENA;RO;12/2009;13.737;0;0;15.876;0;29.613;0;0;0;0;0;0;0;4.648;34.262;0;1.863;36.125;0;17.208;53.333
COOPERATIVA DE CRÉDITO DOS INTEGRANTES DO PODER JUDICIÁRIO DA UNIÃO E MPU EM MINAS GERAIS LTDA. - SICOOB COOPJUS;25363615;b3S;;I;2;BELO HORIZONTE;MG;12/2009;0;0;0;18.856;0;18.856;0;0;0;0;0;0;0;0;18.856;0;4.787;23.643;0;29.668;53.311
COOPERATIVA DE ECONOMIA E CRÉDITO MÚTUO DOS MÉDICOS E DEMAIS PROFISSIONAIS DE NÍVEL SUPERIOR DA ÁREA DE SAÚDE  DE GUARULHOS - UNICRED DE GUARULHOS;2250794;b3S;;I;2;GUARULHOS;SP;12/2009;1.528;0;0;43.678;850;46.057;0;0;0;0;0;0;0;0;46.057;0;570;46.627;0;6.552;53.179
COOPERATIVA DE ECONOMIA E CRÉDITO MÚTUO DOS FUNCIONÁRIOS DA ASSEMBLEIA LEGISLATIVA DO ESTADO DE MINAS GERAIS LTDA. - SICOOB COFAL;21797311;b3S;;I;2;BELO HORIZONTE;MG;12/2009;1.533;0;0;24.944;4.896;31.373;0;0;0;0;0;0;0;0;31.373;0;5.103;36.476;0;16.652;53.128
COOPERATIVA DE ECONOMIA E CRÉDITO MÚTUO DOS METALÚRGICOS DE CLÁUDIO LTDA - COPERMEC;2232383;b3S;;I;2;CLAUDIO;MG;12/2009;5.495;0;0;14.141;4.861;24.498;0;0;0;0;0;0;0;0;24.498;0;3.427;27.925;0;24.890;52.814
COOPERATIVA DE CREDITO DE FORMIGA LTDA - SICOOB CREDIFOR;41931445;b3S;;I;2;FORMIGA;MG;12/2009;7.651;0;0;12.420;1.704;21.775;0;0;0;0;0;0;0;25;21.800;0;19.491;41.291;21;11.401;52.713
COOPERATIVA DE ECONOMIA E CRÉDITO MÚTUO DOS MÉDICOS E DEMAIS PROFISSIONAIS DA ÁREA DE SAÚDE DE SALVADOR E REGIÃO METROPOLITANA LTDA - UNICRED SALVADOR;2245493;b3S;;I;2;SALVADOR;BA;12/2009;3.674;0;0;2.623;332;6.628;0;0;0;0;0;0;0;805;7.433;0;3.383;10.816;0;40.990;51.806
COOPERATIVA DE ECONOMIA E CRÉDITO MÚTUO DOS MÉDICOS E PROFISSIONAIS DA ÁREA DA SAÚDE DE PRESIDENTE PRUDENTE E REGIÃO - UNICRED OESTE PAULISTA;74220948;b3S;;I;3;PRESIDENTE PRUDENTE;SP;12/2009;3.260;0;0;37.984;5.087;46.331;0;0;0;0;0;0;0;0;46.331;0;335;46.666;0;5.058;51.724
COOPERATIVA DE CRÉDITO DE PATOS DE MINAS LTDA -  SICOOB CREDIPATOS;25387671;b3S;;I;2;PATOS DE MINAS;MG;12/2009;11.364;0;0;13.839;0;25.204;0;0;0;0;0;0;0;1.528;26.732;0;12.395;39.127;0;12.384;51.510
COOPERATIVA DE CRÉDITO DE LIVRE ADMISSÃO DE ASSOCIADOS DO VALE DO RIO CAMAQUÃ - SICREDI VALE DO CAMAQUÃ;88473798;b3S;;I;2;CACAPAVA DO SUL;RS;12/2009;7.733;0;0;15.402;5.107;28.242;0;0;0;0;0;0;0;0;28.242;0;12.357;40.599;0;10.805;51.404
COOPERATIVA DE CRÉDITO RURAL PANTANAL DO MATO GROSSO DO SUL - SICREDI PANTANAL MS;26408187;b3S;;I;2;MARACAJU;MS;12/2009;7.776;0;0;12.761;2.921;23.458;0;0;0;0;0;0;0;2.154;25.612;0;16.604;42.216;0;8.922;51.137
COOPERATIVA  DE  CRÉDITO DA REGIÃO DE ITURAMA LTDA  SICOOB CREDIRAMA;3412878;b3S;;I;2;ITURAMA;MG;12/2009;4.753;0;0;6.750;675;12.178;0;0;0;0;0;0;0;10.581;22.759;0;12.969;35.728;0;15.351;51.079
COOPERATIVA DE CRÉDITO RURAL TEIXEIRA DE          FREITAS LTDA. - SICOOB EXTREMO SUL;2447120;b3S;;I;2;TEIXEIRA DE FREITAS;BA;12/2009;7.602;0;0;3.089;1.716;12.406;0;0;0;0;0;0;0;7.655;20.061;0;4.283;24.344;0;26.452;50.796
COOPERATIVA DE CREDITO RURAL COM INTERACAO SOLIDARIA DE CONSTANTINA-CRESOL CONSTANTINA.;2663426;b3S;;I;2;CONSTANTINA;RS;12/2009;4.271;0;0;11.880;0;16.151;0;0;0;0;0;0;0;24.431;40.582;0;1.340;41.921;0;8.356;50.277
ESCRITORIO LEROSA S.A. CORRETORES DE VALORES;61973863;n2;;I;2;SAO PAULO;SP;12/2009;0;0;0;0;4;4;0;0;0;0;0;0;0;0;4;0;12.952;12.956;0;36.859;49.815
KREDILIG S.A. - CRÉDITO, FINANCIAMENTO E INVESTIMENTO;6040559;n1;;I;2;FLORIANOPOLIS;SC;12/2009;0;0;0;0;0;0;0;0;0;0;0;25.311;25.311;0;25.311;0;8.443;33.754;0;16.008;49.762
BANCO CAPITAL S.A.;15173776;b1;;I;2;SALVADOR;BA;12/2009;14.688;0;0;0;0;14.688;0;0;0;0;0;0;0;0;14.688;0;1.069;15.758;47;33.868;49.673
RENASCENCA DISTRIBUIDORA DE TÍTULOS E VALORES MOBILIÁRIOS LTDA;62287735;n2;;I;2;SAO PAULO;SP;12/2009;0;0;0;0;0;0;0;0;0;0;0;0;0;0;0;0;7.237;7.237;0;42.403;49.640
COOPERATIVA DE CRÉDITO DOS INTEGRANTES DO PODER JUDICIÁRIO E DO MINISTÉRIO PÚBLICO DO ESTADO DE MINAS GERAIS LTDA. - SICOOB JUS-MP;3519240;b3S;;I;2;BELO HORIZONTE;MG;12/2009;5.335;0;0;23.607;11.527;40.470;0;0;0;0;0;0;0;0;40.470;0;589;41.058;0;8.438;49.496
COOPERATIVA DE CRÉDITO DA REGIÃO DE CARMO DO PARANAÍBA LTDA - SICOOB CREDICARPA;23949522;b3S;;I;2;CARMO DO PARANAIBA;MG;12/2009;7.479;0;0;12.487;344;20.310;0;0;0;0;0;0;0;970;21.280;0;17.905;39.185;47;10.182;49.414
COOPERATIVA DE CREDITO DO PONTAL DO TRIANGULO LTDA - SICOOB CREDIPONTAL;26178533;b3S;;I;2;ITUIUTABA;MG;12/2009;9.361;0;0;16.550;0;25.911;0;0;0;0;0;0;0;0;25.911;0;11.182;37.093;0;12.250;49.342
COOPERATIVA DE CRÉDITO DE PRODUTORES RURAIS E DE LIVRE ADMISSÃO DO TRIÂNGULO LTDA    SICOOB CREDITRIL;41669227;b3S;;I;2;UBERLANDIA;MG;12/2009;12.681;0;0;18.305;0;30.986;0;0;0;0;0;0;0;0;30.986;0;7.997;38.983;0;10.158;49.141
COOPERATIVA DE CREDITO RURAL DO NORTE CATARINENSE SICOOB/SC- CREDINORTE;81011686;b3S;;I;2;MAFRA;SC;12/2009;7.732;0;0;18.747;6.768;33.247;0;0;0;0;0;0;0;10.244;43.491;0;1.330;44.821;0;4.233;49.054
COOPERATIVA DE CRÉDITO DOS MÉDICOS, PROFISSIONAIS DA AREA DA SAÚDE, PROFESSORES, CONTABILISTAS E DE EMPRESÁRIOS DE LAGES LTDA;1052245;b3S;;I;2;LAGES;SC;12/2009;4.746;0;0;27.268;10.168;42.182;0;0;0;0;0;0;0;0;42.182;0;887;43.069;0;5.965;49.034
BANCO DE LA REPUBLICA ORIENTAL DEL URUGUAY;51938876;b1;;I;3;SAO PAULO;SP;12/2009;114;0;0;0;0;114;0;0;0;0;0;0;0;0;114;0;1.621;1.735;0;47.201;48.936
COOPERATIVA DE CRÉDITO DA MICRORREGIÃO DO ALTO PARANAÍBA LTDA - SICOOB CREDISG;3645752;b3S;;I;2;SAO GOTARDO;MG;12/2009;11.234;0;0;8.410;0;19.644;0;0;0;0;0;0;0;9.154;28.798;0;8.803;37.601;0;11.126;48.727
THECA;50744;n1;;C;2;SAO PAULO;SP;12/2009;0;0;0;0;0;0;0;0;0;0;0;0;0;0;0;0;26.989;26.989;0;20.989;47.978
COOPERATIVA DE CRÉDITO DE LIVRE ADMISSÃO DE ASSOCIADOS DA QUARTA COLÔNIA DO RGS - SICREDI QUARTA COLÔNIA;87755047;b3S;;I;2;NOVA PALMA;RS;12/2009;3.618;0;0;14.032;6.286;23.936;0;0;0;0;0;0;0;0;23.936;0;13.441;37.377;0;10.596;47.973
COOPERATIVA DE CRÉDITO RURAL DE JI-PARANÁ LTDA;2309070;b3S;;I;2;JI-PARANA;RO;12/2009;7.030;0;0;15.472;0;22.502;0;0;0;0;0;0;0;0;22.502;0;4.162;26.665;0;21.303;47.968
COOPERATIVA DE CREDITO RURAL DO MEIO OESTE CATARINENSE SICOOB/SC- CREDIMOC;80959638;b3S;;I;2;XANXERE;SC;12/2009;6.756;0;0;25.275;3.345;35.377;0;0;0;0;0;0;0;761;36.137;0;4.904;41.041;0;6.874;47.915
BANCO PORTO REAL DE INVESTIMENTO S.A;40429946;b2;;I;2;PORTO REAL;RJ;12/2009;0;0;0;23.903;0;23.903;0;0;0;0;0;0;0;3.075;26.978;0;530;27.508;0;20.245;47.754
COOPERATIVA DE CRÉDITO RURAL DE PARÁ DE MINAS LTDA;25387713;b3S;;I;2;PARA DE MINAS;MG;12/2009;9.650;0;0;18.478;5.797;33.925;0;0;0;0;0;0;0;710;34.635;0;6.152;40.787;0;6.550;47.337
COOPERATIVA DE CREDITO DE MURIAÉ LTDA - SICOOB CREDIMUR;66193350;b3S;;I;2;MURIAE;MG;12/2009;12.355;0;0;22.339;2.296;36.990;0;0;0;0;0;0;0;102;37.093;0;5.074;42.166;0;5.100;47.267
COOPERATIVA DE CRÉDITO DOS PEQUENOS EMPRESÁRIOS, MICROEMPRESÁRIOS E MICROEMPREENDEDORES DAS REGIÕES METROPOLITANA, VALE DOS SINOS E PARANHANA - SICREDI EMPREENDEDORES RS;6260899;b3S;;I;2;PORTO ALEGRE;RS;12/2009;7.085;0;0;26.070;1.715;34.869;0;0;0;0;0;0;0;0;34.869;0;964;35.833;0;11.408;47.241
COOPERATIVA DE ECONOMIA E CRÉDITO MÚTUO SERV E MEMBROS JUSTIÇA TRABALHO E MINIST PÚBL TRABALHO NO TERRITÓRIO NACIONAL, PODER JUD FEDERAL E MPU PARÁ, SANTA CATARINA, TSE E STM NO DF -SICOOB CREDIJUSTRA;37079720;b3S;;I;2;BRASILIA;DF;12/2009;2.462;0;0;17.961;5.386;25.809;0;0;0;0;0;0;0;3.692;29.501;0;1.583;31.084;0;15.755;46.839
COOPERATIVA DE ECONOMIA E CRÉDITO MÚTUO DOS SERVIDORES DO MINISTÉRIO DA FAZENDA E DOS ÓRGÃOS DA ESTRUTURA DA PRESIDÊNCIA DA REPÚBLICA LTDA. - SICOOB CREDFAZ;952415;b3S;;I;2;BRASILIA;DF;12/2009;2;0;0;1.316;465;1.782;0;0;0;0;0;0;0;2.316;4.098;0;5.802;9.900;0;36.829;46.729
COOPERATIVA DE ECONOMIA E CREDITO MUTUO DOS MEDICOS DOS VALES DO TAQUARI E RIO PARDO LTDA -UNICRED VALES DO TAQUARI E RIO PARDO;1635462;b3S;;I;2;LAJEADO;RS;12/2009;3.179;0;0;18.420;9.856;31.454;0;0;0;0;0;0;0;0;31.454;0;1.205;32.659;0;13.866;46.525
COOPERATIVA DE CRÉDITO DA REGIÃO DE TRÊS PONTAS LTDA - SICOOB COPERSUL;18966739;b3S;;I;2;TRES PONTAS;MG;12/2009;6.009;0;0;9.103;78;15.191;0;0;0;0;0;0;0;17.997;33.188;0;4.672;37.860;0;8.526;46.385
COOPERATIVA DE CRÉDITO RURAL DO VALE DO IVAÍ - SICREDI VALE DO IVAÍ PR;81706616;b3S;;I;2;JANDAIA DO SUL;PR;12/2009;7.671;0;0;13.476;4.525;25.672;0;0;0;0;0;0;0;0;25.672;0;10.721;36.393;0;9.977;46.370
COOPERATIVA DE CRÉDITO DE POMPÉU LTDA. - SICOOB CREDIPÉU;66262643;b3S;;I;2;POMPEU;MG;12/2009;6.971;0;0;15.237;0;22.208;0;0;0;0;0;0;0;1.915;24.123;0;9.916;34.038;0;12.295;46.333
TALARICO CORRETORA DE CÂMBIO E TÍTULOS MOBILIÁRIOS LTDA.;61729133;n2;;I;2;SAO PAULO;SP;12/2009;0;0;0;0;36;36;0;0;0;0;0;0;0;0;36;0;9.813;9.849;0;35.945;45.794
UNICRED REGIONAL SUL FLUMINENSE   COOPERATIVA DE ECONOMIA E CRÉDITO MÚTUO DOS PROFISSIONAIS DA SAÚDE DA REGIÃO SUL FLUMINENSE LTDA.;86803939;b3S;;I;2;NOVA IGUACU;RJ;12/2009;11.899;0;0;16.782;9.123;37.804;0;0;0;0;0;0;0;0;37.804;0;1.334;39.138;0;6.491;45.629
COOPERATIVA DE CRÉDITO DE SÃO ROQUE DE MINAS LTDA. - SICOOB SAROMCREDI;66402207;b3S;;I;2;SAO ROQUE DE MINAS;MG;12/2009;6.619;0;0;15.723;1;22.343;0;0;0;0;0;0;0;4.838;27.182;0;9.898;37.079;0;8.544;45.623
CM CAPITAL MARKETS;51248;n2;;C;3;SAO PAULO;SP;12/2009;0;0;0;0;0;0;0;0;0;0;0;0;0;0;0;0;5.242;5.242;0;40.314;45.557
COOPERATIVA DE CRÉDITO DOS PROFISSIONAIS DA SAÚDE, CONTABILISTAS, EMPRESÁRIOS E PROFESSORES DO OESTE CATARINENSE LTDA - UNICRED OESTE CATARINENSE;1039011;b3S;;I;2;CHAPECO;SC;12/2009;4.666;0;0;26.726;3.482;34.874;0;0;0;0;0;0;0;0;34.874;0;3.516;38.390;0;6.977;45.366
TODESCREDI S/A - CRÉDITO, FINANCIAMENTO E INVESTIMENTO;9473806;n1;;I;2;BENTO GONCALVES;RS;12/2009;0;0;0;0;0;0;0;0;0;0;0;29.914;29.914;0;29.914;0;3.679;33.593;0;11.564;45.157
COOPERATIVA DE ECONOMIA E CREDITO MUTUO DOS SERVIDORES PUBLICOS FEDERAIS EM MATO GROSSO DO SUL;24654881;b3S;;I;2;CAMPO GRANDE;MS;12/2009;5.469;0;0;17.566;1.391;24.426;0;0;0;0;0;0;0;0;24.426;0;2.056;26.483;0;18.429;44.911
COOPERATIVA DE CRÉDITO DE LIVRE ADMISSÃO DO CENTRO NORTE GOIANO;2282709;b3S;;I;2;ANAPOLIS;GO;12/2009;6.128;0;0;28.697;0;34.825;0;0;0;0;0;0;0;0;34.825;0;1.285;36.110;0;8.791;44.901
COOPERATIVA CENTRAL DE ECONOMIA E CRÉDITO MÚTUO DAS UNICREDS  DA AMAZÔNIA OCIDENTAL LTDA - UNICRED CENTRAL AMAZÔNIA OCIDENTAL;2470935;b3C;;I;2;MANAUS;AM;12/2009;0;0;0;0;0;0;0;0;0;0;0;0;0;0;0;0;43.454;43.454;0;1.447;44.901
COOPERATIVA DE CRÉDITO DOS EMPREGADOS EM EMPRESAS TÊXTEIS   CREDITÊXTIL;3461243;b3S;;I;2;BLUMENAU;SC;12/2009;5.845;0;511;20.732;6.403;33.492;0;0;0;0;0;0;0;2.461;35.953;0;1.178;37.131;0;7.743;44.874
CARUANA S.A. - SOCIEDADE DE CRÉDITO, FINANCIAMENTO E INVESTIMENTO;9313766;n1;;I;2;SAO PAULO;SP;12/2009;0;0;0;5.858;0;5.858;0;0;0;0;0;26.183;26.183;0;32.041;0;3.796;35.837;0;8.904;44.741
COOPERATIVA DE CREDITO DE LIVRE ADMISSAO DO VALE DO AÇO LTDA - SICOOB VALE DO AÇO;19869338;b3S;;I;2;IPATINGA;MG;12/2009;3.098;0;0;13.825;2.822;19.744;0;0;0;0;0;0;0;3.000;22.744;0;2.715;25.460;0;19.236;44.696
COOPERATIVA DE ECONOMIA E CRÉDITO DOS COMERCIANTES DO OESTE MINEIRO LTDA. - SICOOB CREDICOPA;71297899;b3S;;I;2;PATOS DE MINAS;MG;12/2009;9.276;0;0;11.914;2.231;23.422;0;0;0;0;0;0;0;2.058;25.480;0;4.068;29.548;0;14.600;44.148
COOPERATIVA DE ECONOMIA E CRÉDITO MÚTUO DOS SERVIDORES DA FEDERAÇÃO DO COMÉRCIO, SESC E SENAC DE SÃO PAULO;62928320;b3S;;I;2;SAO PAULO;SP;12/2009;0;0;0;0;0;0;0;0;0;0;0;0;0;0;0;0;5.356;5.356;0;38.734;44.090
COOPERATIVA DE CRÉDITO DA REGIÃO DE GUARANÉSIA LTDA - SICOOB RURALCREDI;24048910;b3S;;I;2;GUARANESIA;MG;12/2009;3.525;0;0;7.361;1.029;11.915;0;0;0;0;0;0;0;15.838;27.753;0;4.978;32.731;0;11.077;43.808
COOPERATIVA DE ECONOMIA E CRÉDITO MÚTUO DOS MÉDICOS E DEMAIS PROFISSIONAIS DE SAÚDE DE NÍVEL SUPERIOR DE UBERABA;71432926;b3S;;I;2;UBERABA;MG;12/2009;6.584;0;0;29.577;0;36.161;0;0;0;0;0;0;0;0;36.161;0;792;36.953;0;6.084;43.037
COOPERATIVA DE CREDITO DO NORDESTE DE MINAS GERAIS LTDA. - SICOOB CARLOS CHAGAS;41753500;b3S;;I;2;CARLOS CHAGAS;MG;12/2009;8.501;0;0;9.321;2.052;19.874;0;0;0;0;0;0;0;3.484;23.358;0;5.590;28.947;0;14.075;43.022
COOPERATIVA DE CRÉDITO DA REGIÃO DE CARATINGA LTDA. - SICOOB CREDCOOPER;19449602;b3S;;I;2;CARATINGA;MG;12/2009;9.341;0;0;9.529;1.136;20.007;0;0;0;0;0;0;0;8.263;28.269;0;4.467;32.737;0;10.205;42.942
COOPERATIVA DE CRÉDITO DOS EMPRESÁRIOS DA GRANDE CURITIBA E CAMPOS GERAIS - SICOOB SUL;5888589;b3S;;I;2;CURITIBA;PR;12/2009;6.594;0;0;12.965;15.399;34.958;0;0;0;0;0;0;0;400;35.358;0;1.597;36.955;0;5.976;42.931
COOPERATIVA DE CREDITO RURAL CAMPOS NOVOS;78862083;b3S;;I;2;CAMPOS NOVOS;SC;12/2009;5.055;0;0;13.415;4.428;22.898;0;0;0;0;0;0;0;12.717;35.615;0;944;36.559;0;6.165;42.724
COOPERATIVA DE CRÉDITO MÚTUO DOS PROFISSIONAIS DA ÁREA DA SAÚDE DE ARARAQUARA E REGIÃO - SICREDI ARARAQUARA SP;73113243;b3S;;I;2;ARARAQUARA;SP;12/2009;5.081;0;0;30.155;489;35.725;0;0;0;0;0;0;0;0;35.725;0;2.107;37.832;0;4.767;42.599
FAR S.A. DISTRIBUIDORA DE TITULOS E VALORES MOBILIARIOS;3725250;n2;;I;2;SAO PAULO;SP;12/2009;0;0;0;0;0;0;0;0;0;0;0;0;0;0;0;0;27.326;27.326;0;14.565;41.890
COOPERATIVA DE ECONOMIA E CRÉDITO MÚTUO DE PEQUENO EMPRESÁRIO, MICROEMPRESÁRIO E OU MICROEMPREENDEDOR DE CONCÓRDIA E REGIÃO - SICOOB - TRANSCREDI;4247370;b3S;;I;2;CONCORDIA;SC;12/2009;7.309;0;0;15.625;2.746;25.680;0;0;0;0;0;0;0;941;26.621;0;1.328;27.949;0;13.598;41.547
COOPERATIVA DE ECONOMIA E CREDITO MUTUO DOS MEDICOS E DEMAIS PROFISSIONAIS DA SAUDE DE TOLEDO E REGIAO LTDA - UNICRED PIONEIRA DO PARANA;1286361;b3S;;I;2;TOLEDO;PR;12/2009;4.248;0;0;16.893;9.657;30.798;0;0;0;0;0;0;0;0;30.798;0;781;31.580;0;9.620;41.200
COOPERATIVA DE CRÉDITO DOS PEQUENOS EMPRESÁRIOS, MICROEMPRESÁRIOS E MICROEMPREENDEDORES DO NORTE E NORDESTE DE SANTA CATARINA - SICREDI EMPRESARIAL;2843443;b3S;;I;2;JOINVILLE;SC;12/2009;9.236;0;202;16.944;6.210;32.592;0;0;0;0;0;0;0;1.852;34.444;0;731;35.175;0;5.953;41.128
COOPERATIVA DE CRÉDITO DE PEQUENOS EMPRESÁRIOS, MICROEMPRESÁRIOS E MICROEMPREENDEDORES DO ALTO SÃO FRANCISCO LTDA. - SICOOB CREDIPRATA;26178111;b3S;;I;2;LAGOA DA PRATA;MG;12/2009;6.996;0;0;9.075;3.696;19.766;0;0;0;0;0;0;0;1.286;21.053;0;10.176;31.229;0;9.835;41.064
MÚLTIPLA CRÉDITO, FINANCIAMENTO E INVESTIMENTO S/A;5351887;n1;;I;2;FORTALEZA;CE;12/2009;0;0;0;21.892;0;21.892;0;0;0;0;0;3.720;3.720;0;25.612;0;2.266;27.879;0;13.174;41.053
COOPERATIVA DE ECONOMIA E CRÉDITO MÚTUO DOS MAGISTRADOS DE SÃO PAULO - MAGISCRED;51489318;b3S;;I;2;SAO PAULO;SP;12/2009;659;0;0;25.761;1.482;27.902;0;0;0;0;0;0;0;0;27.902;0;454;28.356;0;12.681;41.037
COOPERATIVA DE CRÉDITO RURAL CAMPOS DAS VERTENTES LTDA - SICOOB CREDIVERTENTES;22724710;b3S;;I;2;SAO TIAGO;MG;12/2009;6.952;0;0;15.169;4.220;26.341;0;0;0;0;0;0;0;1.329;27.670;0;7.327;34.997;0;6.027;41.025
COOPERATIVA DE CRÉDITO DE CAMPOS ALTOS LTDA - SICOOB CREDIAGRO;429890;b3S;;I;2;CAMPOS ALTOS;MG;12/2009;4.195;0;0;4.564;575;9.333;0;0;0;0;0;0;0;21.478;30.812;0;2.541;33.353;0;7.664;41.016
COOPERATIVA DE ECONOMIA E CREDITO MUTUO DOS MEDICOS E CATEGORIAS AFINS-UNICRED NITEROI LTDA;1090027;b3S;;I;2;NITEROI;RJ;12/2009;7.964;0;0;14.048;4.952;26.963;0;0;0;0;0;0;0;0;26.963;0;2.157;29.119;0;11.402;40.522
COOPERATIVA DE CRÉDITO DE UNAÍ E NOROESTE MINEIRO LTDA - SICOOB CREDIUNAÍ;86564051;b3S;;I;2;UNAI;MG;12/2009;9.917;0;0;9.311;0;19.228;0;0;0;0;0;0;0;434;19.662;0;9.532;29.194;0;11.280;40.474
COOPERATIVA DE CREDITO RURAL DE CAMPO GRANDE E REGIAO;3042597;b3S;;I;2;CAMPO GRANDE;MS;12/2009;7.410;0;0;14.785;1.130;23.326;0;0;0;0;0;0;0;0;23.326;0;8.319;31.645;0;8.640;40.285
H.H.PICCHIONI;30829;n2;;C;2;BELO HORIZONTE;MG;12/2009;0;0;0;0;0;0;0;0;0;0;0;0;0;0;0;0;16.648;16.648;0;23.612;40.260
COOPERATIVA DE CRÉDITO RURAL DO VALE DO PARANAPANEMA;1637949;b3S;;I;2;PRESIDENTE PRUDENTE;SP;12/2009;2.489;0;0;13.834;4.991;21.314;0;0;0;0;0;0;0;7.359;28.673;0;2.475;31.148;0;9.102;40.250
COOPERATIVA DE CRÉDITO DE LIVRE ADMISSÃO DE ASSOCIADOS DE PANAMBI - SICREDI PANAMBI RS;91983155;b3S;;I;2;PANAMBI;RS;12/2009;6.790;0;0;11.273;3.163;21.227;0;0;0;0;0;0;0;0;21.227;0;9.758;30.984;0;9.200;40.185
COOPERATIVA DE CRÉDITO DOS EMPRESÁRIOS DE CASCAVEL - SICOOB CASCAVEL;4529074;b3S;;I;2;CASCAVEL;PR;12/2009;5.713;0;0;20.701;6.369;32.783;0;0;0;0;0;0;0;0;32.783;0;1.885;34.668;0;5.429;40.097
MUNDINVEST S.A.-CORRETORA DE CAMBIO E VALORES MOBILIARIOS;25674235;n2;;I;2;BELO HORIZONTE;MG;12/2009;0;0;0;0;0;0;0;0;0;0;0;0;0;0;0;0;7.391;7.391;0;32.701;40.092
COOPERATIVA DE CRÉDITO DOS PROFISSIONAIS DA SAÚDE DE CAMPINA GRANDE LTDA - UNICRED CAMPINA GRANDE;1151186;b3S;;I;2;CAMPINA GRANDE;PB;12/2009;5.912;0;0;18.594;511;25.017;0;0;0;0;0;0;0;0;25.017;0;2.445;27.462;0;12.543;40.005
COOPERATIVA DE CRÉDITO RURAL DOS PLANTADORES DE CANA DA REGIÃO DE CAPIVARI;49389307;b3S;;I;2;CAPIVARI;SP;12/2009;6.366;0;0;19.652;692;26.709;0;0;0;0;0;0;0;0;26.709;0;8.903;35.612;0;4.213;39.825
COOPERATIVA DE CRÉDITO DE CAPELINHA E REGIÃO LTDA. - SICOOB CREDICAP;71243034;b3S;;I;2;CAPELINHA;MG;12/2009;3.873;0;0;12.889;65;16.828;0;0;0;0;0;0;0;10.084;26.912;0;4.826;31.738;0;7.971;39.709
COOPERATIVA DE CRÉDITO RURAL DE BRASÍLIA LTDA. - SICOOB CREDIBRASÍLIA;1187961;b3S;;I;2;BRASILIA;DF;12/2009;5.142;0;0;9.761;1;14.904;0;0;0;0;0;0;0;1.162;16.066;0;13.956;30.021;0;9.422;39.443
COOPERATIVA DE ECONOMIA E CRÉDITO MÚTUO DOS EMPREGADOS DA V&M DO BRASIL S.A. - COOMANN LTDA.;64293582;b3S;;I;2;BELO HORIZONTE;MG;12/2009;0;0;0;0;0;0;0;0;0;0;0;0;0;0;0;0;3.593;3.593;0;35.759;39.351
COOPERATIVA DE ECONOMIA E CRÉDITO MÚTUO DOS MÉDICOS E  DEMAIS PROFISSIONAIS DA SAÚDE DE PATOS DE MINAS LTDA;2582212;b3S;;I;2;PATOS DE MINAS;MG;12/2009;4.155;0;0;28.241;0;32.396;0;0;0;0;0;0;0;0;32.396;0;2.356;34.752;0;4.317;39.069
SICOOB NOSSACOOP-COOP.DE ECON. E CRÉD. DOS EMPREGADOS DAS INSTITUIÇÕES DE ENSINO SUPERIOR E PESQUISAS CIENTÍFICA E TECNOLÓGICA E DOS SERVIDORES DO MINISTÉRIO DO TRABALHO E EMPREGO DE MINAS GERAIS LTDA;1760242;b3S;;I;2;BELO HORIZONTE;MG;12/2009;1.247;0;0;22.788;0;24.036;0;0;0;0;0;0;0;0;24.036;0;2.107;26.143;0;12.597;38.739
COOPERATIVA DE ECONOMIA E CRÉDITO MÚTUO DOS COMERCIANTES DE CONFECÇÕES DO SUL E SUDOESTE MINEIRO LTDA. - SICOOB CREDIACIP;599085;b3S;;I;2;PASSOS;MG;12/2009;2.553;0;0;22.265;1;24.820;0;0;0;0;0;0;0;0;24.820;0;4.085;28.905;0;9.830;38.735
COOPERATIVA DE CREDITO DE LIVRE ADMISSAO DO TRIANGULO MINEIRO LTDA - SICOOB ARACOOP;3320525;b3S;;I;2;ARAGUARI;MG;12/2009;6.331;0;0;6.559;7.834;20.724;0;0;0;0;0;0;0;5.082;25.806;0;1.693;27.499;0;11.174;38.673
COOPERATIVA DE ECONOMIA E CRÉDITO MÚTUO DOS MÉDICOS E DEMAIS  PROFISSIONAIS DA SAÚDE DA REGIÃO SUL DA BAHIA - UNICRED REGIÃO SUL DA BAHIA;97489280;b3S;;I;3;ITABUNA;BA;12/2009;8.754;0;0;9.935;5.955;24.644;0;0;0;0;0;0;0;0;24.644;0;1.716;26.360;0;12.248;38.608
COOPERATIVA DE CRÉDITO DA REGIÃO DE ALPINÓPOLIS LTDA. - SICOOB CREDIALP;25353939;b3S;;I;2;ALPINOPOLIS;MG;12/2009;3.650;0;0;5.085;3.130;11.866;0;0;0;0;0;0;0;12.783;24.649;0;4.935;29.584;0;8.987;38.570
COOPERATIVA DE CRÉDITO DE SANTO ANTONIO DO MONTE LTDA - SICOOB CREDIMONTE;41707258;b3S;;I;2;SANTO ANTONIO DO MONTE;MG;12/2009;6.687;0;0;10.674;1;17.362;0;0;0;0;0;0;0;0;17.362;0;11.242;28.604;0;9.301;37.905
COOPERATIVA DE ECONOMIA E CRÉDITO MÚTUO DOS PROFISSIONAIS DA SAÚDE DA REGIÃO AGRESTE E SERTÃO CENTRAL DO ESTADO DE PERNAMBUCO - UNICRED CENTRO PERNAMBUCANA;41255225;b3S;;I;2;CARUARU;PE;12/2009;5.233;0;0;16.051;1.719;23.003;0;0;0;0;0;0;0;0;23.003;0;3.124;26.127;0;11.688;37.815
COOPERATIVA DE ECONOMIA E CREDITO MUTUO DOS JUIZES DO RIO GRANDE DO SUL - SICREDI AJURIS;3750034;b3S;;I;2;PORTO ALEGRE;RS;12/2009;1.632;0;0;16.683;13.039;31.354;0;0;0;0;0;0;0;0;31.354;0;314;31.667;0;6.132;37.799
COOPERATIVA DE CREDITO RURAL NOVA TRENTO-SICOOB/SC TRENTOCREDI;2641969;b3S;;I;2;NOVA TRENTO;SC;12/2009;4.385;0;0;20.131;3.481;27.997;0;0;0;0;0;0;0;1.235;29.233;0;2.214;31.447;0;6.320;37.767
COOPERATIVA DE CRÉDITO RURAL DE PITANGUI LTDA-SICOOB CREDICOOP;41931221;b3S;;I;2;PITANGUI;MG;12/2009;5.481;0;0;11.338;5.919;22.737;0;0;0;0;0;0;0;102;22.840;0;5.717;28.557;0;9.082;37.640
COOPERATIVA DE ECONOMIA E CRÉDITO MÚTUO DOS INTEGRANTES DO  MINISTÉRIO PÚBLICO E DO PODER JUDICIÁRIO DO ESTADO DO PARÁ LTDA - COIMPPA;84156470;b3S;;I;2;BELEM;PA;12/2009;1.251;0;0;6.592;247;8.090;0;0;0;0;0;0;0;5.890;13.980;0;995;14.975;0;22.437;37.413
COOPERATIVA DE CRÉDITO DE LIVRE ADMISSÃO DE ASSOCIADOS SANTOAUGUSTENSE - SICREDI SANTO AUGUSTO RS;92564145;b3S;;I;2;SANTO AUGUSTO;RS;12/2009;3.765;0;162;8.428;2.730;15.086;0;0;0;0;0;0;0;473;15.558;0;13.826;29.384;0;7.751;37.135
BANCO MAXINVEST S.A.;80271455;b2;;I;2;CURITIBA;PR;12/2009;0;0;0;0;0;0;0;0;0;0;0;0;0;0;0;0;7.608;7.608;0;29.345;36.953
COOPERATIVA DE CREDITO DO OESTE DE MINAS GERAIS LTDA - SICOOB CREDIOESTE;25420696;b3S;;I;2;ABAETE;MG;12/2009;7.265;0;0;7.927;632;15.824;0;0;0;0;0;0;0;0;15.824;0;9.110;24.934;0;11.986;36.920
COOPERATIVA DE CRÉDITO DE LIVRE ADMISSÃO DO VALE DO ARAGUAIA LTDA.;24830879;b3S;;I;2;MINEIROS;GO;12/2009;4.917;0;0;4.120;822;9.859;0;0;0;0;0;0;0;0;9.859;0;6.118;15.976;0;20.871;36.847
SOLIDUS S.A. CORRETORA DE CAMBIO E VALORES MOBILIARIOS;68757681;n2;;I;2;PORTO ALEGRE;RS;12/2009;0;0;0;0;0;0;0;0;0;0;0;0;0;0;0;0;22.667;22.667;0;14.162;36.829
COOPERATIVA DE CREDITO RURAL DO VALE - SICOOB -CREDIVALE/SC;86829827;b3S;;I;2;BRACO DO NORTE;SC;12/2009;6.024;0;0;21.424;172;27.621;0;0;0;0;0;0;0;4.596;32.217;0;1.753;33.970;0;2.756;36.726
COOPERATIVA DE CRÉDITO DO VALE DO PARAÍSO LTDA -SICOOB CREDIVAP;22656789;b3S;;I;2;ESPERA FELIZ;MG;12/2009;6.471;0;0;8.076;0;14.548;0;0;0;0;0;0;0;3.001;17.549;0;13.146;30.694;0;5.864;36.558
COOPERATIVA DE CRÉDITO DE LIVRE ADMISSÃO CAMPOS DA MANTIQUEIRA LTDA. - SICOOB CREDICAMPO;21661202;b3S;;I;2;ENTRE RIOS DE MINAS;MG;12/2009;6.934;0;0;17.251;1.808;25.993;0;0;0;0;0;0;0;207;26.200;0;5.595;31.794;0;4.680;36.475
UNICRED DE NOVA FRIBURGO - COOPERATIVA DE ECONOMIA E CREDITO MUTUO DOS MEDICOS E DEMAIS PROFISSIONAIS DE SAUDE DE NOVA FRIBURGO LTDA;918800;b3S;;I;2;NOVA FRIBURGO;RJ;12/2009;4.644;0;0;16.871;6.558;28.072;0;0;0;0;0;0;0;0;28.072;0;1.323;29.395;0;6.842;36.237
FLOW CORRETORA DE CÂMBIO, TÍTULOS E VALORES MOBILIÁRIOS S.A.;5816451;n2;;I;2;SAO PAULO;SP;12/2009;0;0;0;0;0;0;0;0;0;0;0;0;0;0;0;0;6.328;6.328;0;29.766;36.095
COOPERATIVA DE CRÉDITO RURAL DE CÂNDIDO MOTA;66788142;b3S;;I;2;CANDIDO MOTA;SP;12/2009;3.965;0;0;8.820;213;12.999;0;0;0;0;0;0;0;11.109;24.108;0;1.616;25.724;0;10.362;36.085
CODEPE - CORRETORA DE VALORES S.A.;9512542;n2;;I;2;RECIFE;PE;12/2009;0;0;0;0;84;84;0;0;0;0;0;0;0;0;84;0;8.950;9.034;0;26.723;35.757
COOPERATIVA DE CRÉDITO RURAL VALE DO CHAPECOZINHO - SICOOB - VALCREDI/SC;2090126;b3S;;I;2;PASSOS MAIA;SC;12/2009;3.366;0;0;16.111;1.671;21.148;0;0;0;0;0;0;0;6.829;27.977;0;1.807;29.784;0;5.952;35.736
COOPERATIVA DE ECONOMIA E CRÉDITO MÚTUO DOS EMPREGADOS DO GRUPO PÃO DE AÇÚCAR;46277273;b3S;;I;2;SAO PAULO;SP;12/2009;0;0;0;0;0;0;0;0;0;0;0;0;0;0;0;0;3.036;3.036;0;32.666;35.702
BANCO AZTECA DO BRASIL S.A.;9391857;b1;;I;3;RECIFE;PE;12/2009;1.259;0;0;1.953;0;3.212;1.299;0;0;0;0;0;0;0;4.511;0;2.630;7.141;0;28.384;35.524
UNICRED BELÉM - COOPERATIVA DE ECONOMIA E CRÉDITO MÚTUO DOS PROFISSIONAIS DE NÍVEL SUPERIOR DA ÁREA DE SAÚDE DE BELÉM;83315408;b3S;;I;2;BELEM;PA;12/2009;3.041;0;0;9.238;6.071;18.350;0;0;0;0;0;0;0;6.934;25.283;0;1.865;27.149;0;8.318;35.467
COOPERATIVA DE CRÉDITO DE LIVRE ADMISSÃO DAS MICRO-REGIÕES DE GOIÂNIA E ANÁPOLIS LTDA;2935307;b3S;;I;2;GOIANIA;GO;12/2009;6.275;0;0;10.265;2.847;19.387;0;0;0;0;0;0;0;0;19.387;0;1.027;20.413;0;14.610;35.024
COOPERATIVA DE CREDITO MUTUO DOS INTEGRANTES DA MAGISTRATURA E DO MINISTERIO PUBLICO NO ESTADO DO PARANA - SICREDI CREDJURIS;4886317;b3S;;I;2;CURITIBA;PR;12/2009;6.408;0;0;16.407;8.520;31.335;0;0;0;0;0;0;0;0;31.335;0;716;32.051;0;2.940;34.991
COOPERATIVA DE ECONOMIA E CREDITO MUTUO DOS MEDICOS DAS MISSOES LTDA;95163002;b3S;;I;2;SANTO ANGELO;RS;12/2009;3.183;0;0;12.544;11.793;27.520;0;0;0;0;0;0;0;0;27.520;0;230;27.750;0;7.019;34.769
ASSOCIACAO DE POUPANCA E EMPRESTIMO DE PERNAMBUCO-APEPE;10959245;n1;;I;2;RECIFE;PE;12/2009;0;0;0;0;0;0;0;0;0;0;0;0;0;5.236;5.236;0;24.239;29.475;0;5.123;34.598
COOPERATIVA DE CRÉDITO RURAL DE IRAÍ DE MINAS LTDA -SICOOB CREDIMIL;71207740;b3S;;I;2;IRAI DE MINAS;MG;12/2009;4.011;0;0;10.561;0;14.572;0;0;0;0;0;0;0;5.984;20.555;0;5.314;25.869;0;8.447;34.316
COOPERATIVA DE CRÉDITO DE LIVRE ADMISSÃO DE ASSOCIADOS DO VALE DO SOTURNO - SICREDI VALE DO SOTURNO;87788394;b3S;;I;2;FAXINAL DO SOTURNO;RS;12/2009;2.309;0;0;8.461;6.996;17.767;0;0;0;0;0;0;0;0;17.767;0;10.280;28.047;0;6.191;34.238
UNILETRA;50593;n1;;C;2;VITORIA;ES;12/2009;0;0;0;0;0;0;0;0;0;0;0;13.601;13.601;0;13.601;0;4.569;18.170;0;15.959;34.129
COOPERATIVA DE CRÉDITO MÚTUO DOS PROFISSIONAIS DA ÁREA DA SAÚDE DA REGIÃO CENTRAL DO ESTADO DE SÃO PAULO SICREDI SAÚDE CENTRO PAULISTA SP;3974280;b3S;;I;2;BAURU;SP;12/2009;5.736;0;0;19.450;2.666;27.852;0;0;0;0;0;0;0;0;27.852;0;451;28.303;0;5.442;33.745
COOPERATIVA DE CRÉDITO DOS MÉDICOS E DEMAIS PROFISSIONAIS DA SAÚDE DO OESTE DE MINAS LTDA;71425458;b3S;;I;2;FORMIGA;MG;12/2009;7.201;0;0;21.463;2;28.666;0;0;0;0;0;0;0;0;28.666;0;923;29.589;0;4.103;33.691
COOPERATIVA DE CRÉDITO RURAL DOS FORNECEDORES DE CANA DA REGIÃO DE CATANDUVA-COFOCRED;49654502;b3S;;I;2;CATANDUVA;SP;12/2009;0;0;0;0;0;0;0;0;0;0;0;0;0;0;0;0;1.727;1.727;0;31.863;33.590
PRIME S/A CORRETORA DE CAMBIO E VALORES;36092302;n2;;I;2;RIO DE JANEIRO;RJ;12/2009;0;0;0;0;213;213;6.126;0;0;0;0;0;0;0;6.339;0;11.356;17.696;0;15.652;33.348
COOPERATIVA DE CRÉDITO DE PATROCÍNIO E REGIÃO LTDA. - SICOOB COOPACREDI;65229254;b3S;;I;2;PATROCINIO;MG;12/2009;4.784;0;0;4.331;1;9.116;0;0;0;0;0;0;0;6.639;15.756;0;8.983;24.738;43;8.333;33.114
COOPERATIVA DE CRÉDITO RURAL COM INTERAÇÃO SOLIDÁRIA DE ABELARDO LUZ - CRESOL/CREDILUZ;1073966;b3S;;I;2;ABELARDO LUZ;SC;12/2009;1.960;0;0;7.988;2;9.951;0;0;0;0;0;0;0;2.494;12.445;0;13.714;26.159;0;6.875;33.034
COOPERATIVA DE CREDITO RURAL DO MEDIO LESTE DE MATO GROSSO - SICOOB PRIMAVERA;5241619;b3S;;I;2;PRIMAVERA DO LESTE;MT;12/2009;3.630;0;0;15.468;0;19.098;0;0;0;0;0;0;0;2.681;21.779;0;6.062;27.841;0;5.184;33.025
COOPERATIVA DE CRÉDITO DE LIVRE ADMISSÃO DE ASSOCIADOS DA REGIÃO OESTE - SICOOB OESTE;5392810;b3S;;I;2;TOLEDO;PR;12/2009;5.844;0;0;14.143;4.904;24.891;0;0;0;0;0;0;0;0;24.891;0;1.548;26.439;0;6.296;32.735
SOCINAL S.A. - CRÉDITO, FINANCIAMENTO E INVESTIMENTO;3881423;n1;;I;2;ARARUAMA;RJ;12/2009;0;0;0;15.365;0;15.365;0;0;0;0;0;5.081;5.081;2.549;22.995;0;1.571;24.566;0;8.140;32.706
GRAZZIOTIN FINANCIADORA S/A - CRÉDITO, FINANCIAMENTO E INVESTIMENTOS;6339468;n1;;I;2;PASSO FUNDO;RS;12/2009;0;0;0;0;0;0;0;0;0;0;0;2.544;2.544;0;2.544;0;7.382;9.926;0;22.707;32.633
COOPERATIVA DE ECONOMIA E CREDITO MUTUO DOS MEDICOS E DEMAIS PROFISSIONAIS DA SAUDE REGIAO DO IGUAÇU - UNICRED DO IGUAÇU;1848322;b3S;;I;2;PATO BRANCO;PR;12/2009;3.086;0;0;12.509;10.373;25.968;0;0;0;0;0;0;0;17;25.985;0;1.890;27.876;0;4.492;32.368
COOPERATIVA DE ECONOMIA E CRÉDITO MÚTUO DOS MÉDICOS E DEMAIS PROFISSIONAIS DA ÁREA DE SAÚDE DE NÍVEL SUPERIOR DE JUIZ DE FORA LTDA. - UNICRED JUIZ DE FORA;71479653;b3S;;I;2;JUIZ DE FORA;MG;12/2009;5.143;0;0;18.065;0;23.208;0;0;0;0;0;0;0;0;23.208;0;802;24.009;0;8.115;32.124
AGENCIA DE FOMENTO DO RIO GRANDE DO NORTE S.A.;3848103;n1;;I;1;NATAL;RN;12/2009;0;0;0;0;0;0;0;0;0;0;0;0;0;4.979;4.980;0;4.980;9.960;0;21.538;31.498
COOPERATIVA DE CRÉDITO DA REGIÃO DE DIVINÓPOLIS LTDA - SICOOB CREDIVERDE;25528753;b3S;;I;2;DIVINOPOLIS;MG;12/2009;8.267;0;0;8.816;2.310;19.393;0;0;0;0;0;0;0;47;19.440;0;6.346;25.786;0;5.710;31.497
COOPERATIVA DE CRÉDITO DOS EMPRESÁRIOS INDUSTRIAIS VINCULADOS À FIEMG LTDA - SICOOB CREDIFIEMG;7469260;b3S;;I;2;BELO HORIZONTE;MG;12/2009;6.866;0;0;15.532;4.213;26.611;0;0;0;0;0;0;0;0;26.611;0;728;27.339;0;4.024;31.363
DIFERENCIAL CORRETORA DE TITULOS E VALORES MOBILIARIOS S.A;92885631;n2;;I;2;PORTO ALEGRE;RS;12/2009;0;0;0;0;0;0;0;0;0;0;0;0;0;0;0;0;21.237;21.237;0;10.002;31.239
COOPERATIVA DE ECONOMIA E CRÉDITO MÚTUO DOS SERVIDORES MUNICIPAIS DE SÃO PAULO - SICOOB COOPERCREDI-SP;915950;b3S;;I;2;SAO PAULO;SP;12/2009;131;0;0;288;0;419;0;0;0;0;0;0;0;0;419;0;2.219;2.638;0;28.399;31.037
COOPERATIVA DE CREDITO DE RAUL SOARES LTDA - SICOOB CREDIRAS;1060307;b3S;;I;2;RAUL SOARES;MG;12/2009;5.341;0;0;9.533;1.176;16.050;0;0;0;0;0;0;0;2.790;18.840;0;6.336;25.176;0;5.748;30.924
UNICRED LESTE MINEIRO COOPERATIVA DE CRÉDITO LTDA - UNICRED LESTE MINEIRO;1110032;b3S;;I;2;GOVERNADOR VALADARES;MG;12/2009;4.285;0;0;19.746;50;24.080;0;0;0;0;0;0;0;0;24.080;0;1.526;25.607;0;5.306;30.913
GREENCRED COOPERATIVA DE ECONOMIA E CRÉDITO MÚTUO DOS MÉDICOS E DEMAIS CATEGORIAS AFINS DE CURITIBA, REGIÃO METROPOLITANA E LITORAL.;2347114;b3S;;I;2;CURITIBA;PR;12/2009;1.575;0;0;8.944;7.460;17.978;0;0;0;0;0;0;0;0;17.978;0;1.799;19.777;0;11.068;30.845
COOPERATIVA DE CRÉDITO DE LIVRE ADMISSÃO DE ASSOCIADOS DO PLANALTO CATARINENSE - SICOOB CREDIPLANALTO SC;1389651;b3S;;I;2;PAPANDUVA;SC;12/2009;3.260;0;0;12.965;807;17.032;0;0;0;0;0;0;0;8.788;25.820;0;1.501;27.321;0;3.402;30.723
COOPERATIVA DE CREDITO RURAL DE ARAGUARI LTDA. - SICOOB ARACREDI;68987;b3S;;I;2;ARAGUARI;MG;12/2009;4.035;0;0;3.093;1.472;8.601;0;0;0;0;0;0;0;2.998;11.599;0;11.988;23.587;0;7.044;30.631
UNICRED DOURADOS - COOPERATIVA DE ECONOMIA E CRÉDITO MÚTUO DOS MÉDICOS E DEMAIS PROFISSIONAIS DA SAÚDE DE DOURADOS;37554441;b3S;;I;2;DOURADOS;MS;12/2009;4.369;0;0;9.916;4.581;18.865;0;0;0;0;0;0;0;796;19.661;0;1.595;21.256;0;9.347;30.603
COMPANHIA PROVINCIA DE CREDITO IMOBILIARIO;87091716;n1;;I;2;PORTO ALEGRE;RS;12/2009;0;0;0;0;0;0;0;0;0;0;0;0;0;0;0;0;22.392;22.392;37;8.140;30.570
COOPERATIVA DE CRÉDITO DOS PEQUENOS EMPRESÁRIOS, MICROEMPRESÁRIOS E MICROEMPREENDEDORES DA GRANDE CUIABÁ   SICREDI EMPREENDEDORES MT;4904878;b3S;;I;2;CUIABA;MT;12/2009;10.422;0;0;9.435;4.825;24.682;0;0;0;0;0;0;0;0;24.682;0;1.522;26.204;0;4.316;30.520
COOPERATIVA DE ECONOMIA E CRÉDITO MÚTUO DOS COMERCIANTES DE CONFECÇÕES DO VESTUÁRIO DA ZONA DA MATA LTDA. - SICOOB COOPEMATA;2335109;b3S;;I;2;CATAGUASES;MG;12/2009;4.475;0;0;8.844;5.687;19.007;0;0;0;0;0;0;0;2.466;21.473;0;3.029;24.502;0;5.953;30.455
HENCORP COMMCOR DISTRIBUIDORA DE TÍTULOS E VALORES MOBILIÁRIOS LTDA.;1788147;n2;;I;2;SAO PAULO;SP;12/2009;0;0;0;0;0;0;0;0;0;0;0;0;0;0;0;0;20.001;20.001;0;10.417;30.418
COOPERATIVA DE ECONOMIA E CRÉDITO MÚTUO DOS ADVOGADOS DE GOIÂNIA;2480577;b3S;;I;2;GOIANIA;GO;12/2009;5.592;0;0;8.778;4.563;18.933;0;0;0;0;0;0;0;0;18.933;0;1.067;20.001;0;10.277;30.278
COOPERATIVA DE ECONOMIA E CREDITO MUTUO DOS MEDICOS E DEMAIS PROFISSIONAIS DA SAUDE DE IJUI LTDA;1526924;b3S;;I;2;IJUI;RS;12/2009;4.118;0;0;17.058;0;21.176;0;0;0;0;0;0;0;0;21.176;0;865;22.041;0;8.217;30.258
COOPERATIVA DE CRÉDITO RURAL DE ARIQUEMES LTDA.;3222753;b3S;;I;2;ARIQUEMES;RO;12/2009;3.581;0;0;11.348;0;14.929;0;0;0;0;0;0;0;0;14.929;0;374;15.303;0;14.649;29.952
COOPERATIVA DE ECONOMIA E CREDITO MUTUO DOS SERVIDORES DO PODER JUDICIARIO DO ESTADO DO RIO DE JANEIRO LTDA.;2000895;b3S;;I;2;RIO DE JANEIRO;RJ;12/2009;413;0;0;6.675;799;7.887;0;0;0;0;0;0;0;40;7.927;0;3.032;10.960;0;18.940;29.899
COOPERATIVA DE CRÉDITO RURAL DE BOA ESPERANÇA LTDA. - SICOOB BELCREDI;869687;b3S;;I;2;BOA ESPERANCA;MG;12/2009;3.192;0;0;2.303;1.260;6.755;0;0;0;0;0;0;0;0;6.755;0;17.475;24.230;0;5.606;29.836
COOPERATIVA DE CRÉDITO RURAL DE ITAÍ-PARANAPANEMA-AVARÉ;966246;b3S;;I;2;ITAI;SP;12/2009;3.699;0;0;8.195;1.486;13.380;0;0;0;0;0;0;0;4.574;17.954;0;2.126;20.080;0;9.655;29.735
COOPERATIVA DE CRÉDITO DE SANTA CRUZ DAS PALMEIRAS E REGIÃO;6910457;b3S;;I;2;SANTA CRUZ DAS PALMEIRAS;SP;12/2009;2.755;0;0;14.431;6.037;23.222;0;0;0;0;0;0;0;90;23.313;0;1.301;24.613;0;5.029;29.642
COOPERATIVA DE CRÉDITO DE PARAOPEBA LTDA - SICOOB CREDIPARAOPEBA;22749014;b3S;;I;2;PARAOPEBA;MG;12/2009;4.383;0;0;16.009;1;20.393;0;0;0;0;0;0;0;0;20.393;0;3.899;24.292;0;5.168;29.460
COOPERATIVA DE ECONOMIA E CRÉDITO MÚTUO DOS SERVIDORES E  MEMBROS DO PODER JUDICIÁRIO, DO MINISTÉRIO PÚBLICO E DE ORGÃOS JURÍDICOS EM ALAGOAS - JURISCRED;4179861;b3S;;I;2;MACEIO;AL;12/2009;1.489;0;0;10.210;2.458;14.156;0;0;0;0;0;0;0;659;14.816;0;1.533;16.349;0;12.849;29.198
COOPERATIVA CENTRAL DE CRÉDITO NOROESTE BRASILEIRO LTDA.;4632856;b3C;;I;2;JI-PARANA;RO;12/2009;0;0;0;0;0;0;0;0;0;0;0;0;0;0;0;0;17.006;17.006;0;11.992;28.998
COOPERATIVA DE CREDITO RURAL COM INTERAÇÃO SOLIDÁRIA. DE TENENTE PORTELA - CRESOL TENENTE PORTELA;4622657;b3S;;I;2;TENENTE PORTELA;RS;12/2009;1.621;0;0;8.597;10;10.228;0;0;0;0;0;0;0;13.717;23.944;0;163;24.108;0;4.695;28.803
SCHRODER INVESTMENT MANAGEMENT BRASIL DISTRIBUIDORA DE TÍTULOS E VALORES MOBILIÁRIOS S.A.;92886662;n2;;I;3;SAO PAULO;SP;12/2009;0;0;0;0;0;0;0;0;0;0;0;0;0;0;0;0;13.715;13.715;0;15.039;28.754
COOPERATIVA DE CRÉDITO DE LIVRE ADMISSÃO DE ASSOCIADOS SÃO JOSÉ DO CERRITO - SICOOB CREDICARU SC;694389;b3S;;I;2;SAO JOSE DO CERRITO;SC;12/2009;3.769;0;0;8.100;636;12.504;0;0;0;0;0;0;0;9.602;22.107;0;1.167;23.274;0;5.105;28.379
COOPERATIVA DE ECONOMIA E CRÉDITO MÚTUO DOS SERVIDORES DO PODER JUDICIÁRIO, MINISTÉRIO PÚBLICO E ENSINO SUPERIOR - SICOOB JUDICIÁRIO;37076205;b3S;;I;2;BRASILIA;DF;12/2009;1.100;0;0;12.843;0;13.943;0;0;0;0;0;0;0;4.501;18.444;0;437;18.881;0;9.460;28.341
COOPERATIVA DE ECONOMIA E CRÉDITO MÚTUO DOS FUNCIONÁRIOS DA CEPLAC LTDA;32615247;b3S;;I;2;ILHEUS;BA;12/2009;540;0;0;7.845;0;8.386;0;0;0;0;0;0;0;0;8.386;0;3.352;11.737;0;16.391;28.128
COOPERATIVA DE ECONOMIA E CREDITO MUTUO DOS MEDICOS, PROFISSIONAIS DA SAUDE E DEMAIS PROFISSIONAIS LIBERAIS DO VALE DO SINOS LTDA;1796302;b3S;;I;2;NOVO HAMBURGO;RS;12/2009;3.523;0;0;17.863;1.111;22.496;0;0;0;0;0;0;0;0;22.496;0;440;22.937;0;5.167;28.104
COOPERATIVA DE ECONOMIA E CREDITO MUTUO DOS SERVIDORES PUBLICOS DO ESTADO DE SANTA CATARINA - SICOOB CREDISC;3419786;b3S;;I;2;FLORIANOPOLIS;SC;12/2009;5.571;0;0;15.619;2.637;23.827;0;0;0;0;0;0;0;305;24.132;0;802;24.934;0;3.095;28.029
COOPERATIVA DE CRÉDITO DE LUZ LTDA. - SICOOB CREDILUZ;25536764;b3S;;I;2;LUZ;MG;12/2009;3.256;0;0;10.235;401;13.891;0;0;0;0;0;0;0;0;13.891;0;7.776;21.667;0;6.233;27.901
COOPERATIVA DE CRÉDITO RURAL DO ALTO SÃO FRANCISCO LIMITADA;41805003;b3S;;I;2;PIUMHI;MG;12/2009;4.586;0;0;6.668;1.444;12.698;0;0;0;0;0;0;0;0;12.698;0;8.988;21.687;0;6.192;27.879
COOPERATIVA DE CRÉDITO RURAL CAZOLA;315406;b3S;;I;2;LUCELIA;SP;12/2009;1.117;0;0;15.509;2.713;19.338;0;0;0;0;0;0;0;2.113;21.452;0;1.418;22.870;0;4.919;27.789
COOPERATIVA DE ECONOMIA E CREDITO MUTUO DOS SERVIDORES PUBLICOS MUNICIPAIS DE JOINVILLE-COOPERCRED DE JOINVILLE;2780020;b3S;;I;2;JOINVILLE;SC;12/2009;5.844;0;0;13.395;0;19.239;0;0;0;0;0;0;0;5.770;25.009;0;914;25.924;0;1.863;27.787
DIBRAN DISTRIBUIDORA DE TÍTULOS E VALORES MOBILIÁRIOS LTDA.;62280490;n2;;I;2;SAO PAULO;SP;12/2009;0;0;0;0;0;0;0;0;0;0;0;0;0;0;0;0;3.172;3.172;0;24.601;27.772
COOPERATIVA DE ECONOMIA E CRÉDITO MÚTUO DOS FUNCIONÁRIOS DA ABRIL;43438662;b3S;;I;2;SAO PAULO;SP;12/2009;0;0;0;0;0;0;0;0;0;0;0;0;0;0;0;0;1.071;1.071;0;26.642;27.713
COOPERATIVA DE CRÉDITO DE LIVRE ADMISSÃO DE ASSOCIADOS DO NOROESTE DO ESTADO DE SÃO PAULO   SICREDI NOROESTE SP;3065046;b3S;;I;2;SAO JOSE DO RIO PRETO;SP;12/2009;5.746;0;0;15.019;289;21.053;0;0;0;0;0;0;0;0;21.053;0;1.272;22.325;0;5.355;27.680
COOPERATIVA DE ECONOMIA E CRÉDITO MÚTUO DOS PROFISSIONAIS DA SAÚDE DAS REGIÕES SERRANAS E DO MÉDIO VALE DO PARAÍBA;71698674;b3S;;I;2;TAUBATE;SP;12/2009;4.340;0;0;9.011;5.147;18.498;0;0;0;0;0;0;0;0;18.498;0;1.927;20.425;0;7.143;27.568
COOPERATIVA DE ECONOMIA E CRÉDITO MÚTUO DOS COMERCIANTES DE CONFECÇÕES DO MÉDIO PIRACICABA LTDA - SICOOB CREDIMEPI;1644264;b3S;;I;2;JOAO MONLEVADE;MG;12/2009;4.472;0;0;12.003;3;16.478;0;0;0;0;0;0;0;1.991;18.469;0;1.655;20.124;0;7.221;27.345
COOPERATIVA DE CRÉDITO RURAL DE ITAÚNA LTDA - SICOOB CREDIUNA;64237530;b3S;;I;2;ITAUNA;MG;12/2009;5.911;0;0;9.639;1.699;17.249;0;0;0;0;0;0;0;103;17.352;0;4.822;22.173;0;5.108;27.281
LARCKY SOCIEDADE DE CREDITO IMOBILIARIO S.A.;35945542;n1;;I;2;RIO DE JANEIRO;RJ;12/2009;0;0;0;0;0;0;0;0;0;0;0;0;0;0;0;0;8.014;8.014;0;19.050;27.064
COOPERATIVA DE CRÉDITO RURAL DOS AGROPECUARISTAS DE GOIÂNIA LTDA.;3730508;b3S;;I;2;GOIANIA;GO;12/2009;3.948;0;0;9.663;25;13.636;0;0;0;0;0;0;0;0;13.636;0;3.782;17.418;0;9.461;26.879
COOPERATIVA DE CRÉDITO DE LIVRE ADMISSÃO DE ASSOCIADOS DO PLANALTO CENTRAL - SICREDI PLANALTO CENTRAL GO;10736214;b3S;;I;2;CRISTALINA;GO;12/2009;5.574;0;0;6.473;0;12.047;0;0;0;0;0;0;0;0;12.047;0;10.715;22.762;0;4.088;26.850
COOPERATIVA DE CRÉDITO MÚTUO DOS PROFISSIONAIS DA ÁREA DA SAÚDE E DOS PEQUENOS EMPRESÁRIOS, MICROEMPRESÁRIOS E MICROEMPREENDEDORES DO CENTRO LESTE PAULISTA -SICREDI INTEGRADAS CENTRO LESTE PAULISTA SP;4204721;b3S;;I;2;LIMEIRA;SP;12/2009;4.007;0;0;14.200;3.808;22.016;0;0;0;0;0;0;0;1.348;23.363;0;1.071;24.435;0;2.376;26.811
SICOOB - CREDINDÚSTRIA - COOPERATIVA DE ECONOMIA E CRÉDITO MÚTUO DOS PEQUENOS EMPRESÁRIOS, MICROEMPRESÁRIOS E MICROEMPREENDEDORES DA PRODUÇÃO INDUSTRIAL DO DISTRITO FEDERAL LTDA.;5856736;b3S;;I;2;BRASILIA;DF;12/2009;13.418;0;0;5.536;172;19.126;0;0;0;0;0;0;0;0;19.126;0;519;19.644;0;7.094;26.738
SAO PAULO CORRETORA DE VALORES LTDA;61822052;n2;;I;2;SAO PAULO;SP;12/2009;0;0;0;0;0;0;0;0;0;0;0;0;0;0;0;0;26.019;26.019;0;705;26.724
CREDIPE - COOPERATIVA DE ECONOMIA E CRÉDITO MÚTUO DOS SERVIDORES PÚBLICOS DOS PODERES EXECUTIVO E LEGISLATIVO NO ESTADO DE PERNAMBUCO;4146333;b3S;;I;2;RECIFE;PE;12/2009;1.138;0;0;7.346;1.640;10.124;0;0;0;0;0;0;0;8.708;18.832;0;1.136;19.968;0;6.504;26.472
COOPERATIVA DE ECONOMIA E CRÉDITO MÚTUO DOS PROFISSIONAIS DA SAÚDE DO SUDOESTE E SUL DE GOIÁS;3047549;b3S;;I;2;RIO VERDE;GO;12/2009;4.858;0;0;16.728;0;21.585;0;0;0;0;0;0;0;0;21.585;0;450;22.035;0;4.426;26.461
COOPERATIVA DE ECONOMIA E CRÉDITO MÚTUO DO GRUPO BASF;74244344;b3S;;I;2;SAO PAULO;SP;12/2009;0;0;0;0;0;0;0;0;0;0;0;0;0;0;0;0;4.104;4.104;0;22.095;26.199
COOPERATIVA DE CRÉDITO RURAL DOS PRODUTORES AGRÍCOLAS E PECUÁRIOS DA MÉDIA SOROCABANA;44373041;b3S;;I;2;ASSIS;SP;12/2009;1.603;0;0;9.972;1.922;13.496;0;0;0;0;0;0;0;6.034;19.530;0;306;19.836;0;6.326;26.163
COOPERATIVA DE CRÉDITO RURAL COM INTERAÇÃO SOLIDÁRIA DE ÁGUAS MORNAS - CRESOL ÁGUAS MORNAS;7512780;b3S;;I;2;AGUAS MORNAS;SC;12/2009;4.065;0;0;9.407;0;13.472;0;0;0;0;0;0;0;293;13.766;0;9.175;22.941;0;3.192;26.133
COOPERATIVA DE CRÉDITO DA REGIÃO DE FRUTAL LTDA- SICOOB FRUTAL;71419600;b3S;;I;2;FRUTAL;MG;12/2009;5.934;0;0;2.939;686;9.558;0;0;0;0;0;0;0;761;10.319;0;7.090;17.409;0;8.693;26.102
COOPERATIVA DE ECONOMIA E CRÉDITO MÚTUO DOS PROFISSIONAIS DA SAÚDE DE RIO CLARO LTDA - UNICRED RIO CLARO;1259518;b3S;;I;2;RIO CLARO;SP;12/2009;2.782;0;0;7.776;9.210;19.768;0;0;0;0;0;0;0;0;19.768;0;628;20.396;0;5.655;26.051
COOPERATIVA DE CRÉDITO DE LIVRE ADMISSÃO DE ASSOCIADOS DE AJURICABA - SICREDI AJURICABA RS;93136471;b3S;;I;2;AJURICABA;RS;12/2009;3.438;0;101;4.068;2.662;10.269;0;0;0;0;0;0;0;0;10.269;0;9.310;19.579;0;6.239;25.818
COOPERATIVA DE ECONOMIA E CRÉDITO MÚTUO DOS ENGENHEIROS DE BELO HORIZONTE E REGIÃO METROPOLITANA DE BELO HORIZONTE LTDA. - SICOOB ENGECRED;2606305;b3S;;I;2;BELO HORIZONTE;MG;12/2009;4.540;0;0;14.516;1;19.057;0;0;0;0;0;0;0;147;19.204;0;1.188;20.392;0;5.408;25.800
COOPERATIVA DE ECONOMIA E CRÉDITO MÚTUO DOS EMPREGADOS DAS EMPRESAS E PRESTADORES DE SERVIÇO DO GRUPO ARCELORMITTAL - SICOOB COPESITA;19875244;b3S;;I;2;TIMOTEO;MG;12/2009;670;0;0;11.606;4;12.281;0;0;0;0;0;0;0;0;12.281;0;1.764;14.045;0;11.462;25.506
COOPERATIVA DE CRÉDITO MÚTUO DOS CONFECCIONISTAS DO VESTUÁRIO DA REGIÃO SUL CATARINENSE - SICREDI EXTREMO SUL SC;3793242;b3S;;I;2;CRICIUMA;SC;12/2009;6.045;0;0;14.684;616;21.346;0;0;0;0;0;0;0;0;21.346;0;367;21.713;0;3.682;25.395
COOPERATIVA DE ECONOMIA E CRÉDITO MÚTUO DOS MÉDICOS E DEMAIS PROFISSIONAIS DA ÁREA DE SAÚDE DA REGIÃO DE RIBEIRÃO PRETO - MEDCRED DE RIBEIRÃO PRETO;3575699;b3S;;I;2;RIBEIRAO PRETO;SP;12/2009;3.189;0;0;14.855;4.102;22.146;0;0;0;0;0;0;0;0;22.146;0;272;22.418;0;2.943;25.360
COOPERATIVA DE ECONOMIA E CRÉDITO MÚTUO DOS PROFISSIONAIS DE SAÚDE DE NÍVEL SUPERIOR DE ARACAJU LTDA.;2923389;b3S;;I;2;ARACAJU;SE;12/2009;3.789;0;0;7.599;4.514;15.902;0;0;0;0;0;0;0;0;15.902;0;694;16.597;0;8.752;25.349
COOPERATIVA DE CRÉDITO DE MONTE CARMELO E REGIÃO LTDA. - SICOOB MONTECREDI;71392047;b3S;;I;2;MONTE CARMELO;MG;12/2009;6.172;0;0;5.268;1.500;12.940;0;0;0;0;0;0;0;228;13.168;0;5.946;19.114;43;5.934;25.091
COOPERATIVA DE CRÉDITO DO LAGO TRÊS MARIAS LTDA. - SICOOB CREDINOVA;912488;b3S;;I;3;MORADA NOVA DE MINAS;MG;12/2009;4.264;0;0;6.356;1.827;12.447;0;0;0;0;0;0;0;1.087;13.533;0;4.829;18.363;0;6.656;25.019
FINANSINOS S.A. CREDITO, FINANCIAMENTO E INVESTIMENTO;91669747;n1;;I;2;NOVO HAMBURGO;RS;12/2009;0;0;0;0;0;0;0;0;0;0;0;4.373;4.373;0;4.373;0;2.121;6.494;0;18.385;24.879
COOPERATIVA DE CRÉDITO MÚTUO DOS EMPREGADOS DA MAXION - CREDMAXION;58290800;b3S;;I;2;CRUZEIRO;SP;12/2009;0;0;0;0;0;0;0;0;0;0;0;0;0;0;0;0;2.085;2.085;0;22.670;24.754
OMAR CAMARGO CORRETORA DE CAMBIO E VALORES LTDA;76616978;n2;;I;2;CURITIBA;PR;12/2009;0;0;0;0;1.536;1.536;0;0;0;0;0;0;0;0;1.536;0;7.817;9.353;0;15.377;24.730
COOPERATIVA DE ECONOMIA E CREDITO MUTUO DOS ADVOGADOS DE SANTA CATARINA - OABCRED;5861932;b3S;;I;2;FLORIANOPOLIS;SC;12/2009;5.439;0;0;10.920;1.692;18.051;0;0;0;0;0;0;0;280;18.331;0;3.174;21.505;0;3.154;24.659
COOPERATIVA DE ECONOMIA E CRÉDITO MÚTUO DOS COMERCIANTES DE CONFECÇÃO DE PARACATU E REGIÃO NOROESTE DE MINAS GERAIS LTDA. - SICOOB CREDIPARNOR;698609;b3S;;I;2;PARACATU;MG;12/2009;6.209;0;0;2.736;7;8.952;0;0;0;0;0;0;0;4.220;13.172;0;1.006;14.178;0;10.343;24.521
COOPERATIVA DE ECONOMIA E CRÉDITO MÚTUO DOS PROFISSIONAIS DA ÁREA DE SAÚDE DE JUNDIAÍ E REGIÃO - SICREDI JUNDIAÍ SUDESTE;4167614;b3S;;I;2;JUNDIAI;SP;12/2009;3.892;0;0;15.859;17;19.768;0;0;0;0;0;0;0;0;19.768;0;1.543;21.311;0;3.140;24.451
COOPERATIVA DE CRÉDITO MÚTUO DOS TRANSPORTADORES RODOVIÁRIOS DE TRANSPORTES DE VEÍCULOS DOS MUNICÍPIOS DE SANTO ANDRÉ, SÃO BERNARDO DO CAMPO, SÃO CAETANO DO SUL, DIADEMA, MAUÁ E RIBEIRÃO PIRES-CREDCEG;7789195;b3S;;I;2;SAO BERNARDO DO CAMPO;SP;12/2009;2.000;0;0;13.543;3.951;19.493;0;0;0;0;0;0;0;0;19.493;0;385;19.878;0;4.419;24.297
COOPERATIVA DE CRÉDITO RURAL DE JOÃO PINHEIRO LTDA;71154876;b3S;;I;2;JOAO PINHEIRO;MG;12/2009;4.446;0;0;4.880;984;10.311;0;0;0;0;0;0;0;1.155;11.466;0;5.530;16.996;0;7.264;24.260
COOPERATIVA DE ECONOMIA E CRÉDITO MÚTUO DOS PROFISSIONAIS DA ÁREA DE SAÚDE DA REGIÃO DOS CAMPOS GERAIS LTDA.;3234384;b3S;;I;2;PONTA GROSSA;PR;12/2009;3.116;0;0;11.850;5.673;20.639;0;0;0;0;0;0;0;2;20.640;0;367;21.008;0;3.251;24.259
COOPERATIVA DE CRÉDITO RURAL DE GUARANI LTDA - SICOOB GUARANICREDI;26014175;b3S;;I;2;GUARANI;MG;12/2009;4.915;0;0;9.375;0;14.290;0;0;0;0;0;0;0;495;14.785;0;4.836;19.621;0;4.583;24.205
BONCRED;51389;n1;;C;2;NOVO HAMBURGO;RS;12/2009;0;0;0;0;0;0;0;0;0;0;0;0;0;2.970;2.970;0;4.491;7.461;0;16.668;24.129
COOPERATIVA DE CRÉDITO DE ITAPAGIPE LTDA. - SICOOB ITAPAGIPE;71506513;b3S;;I;2;ITAPAGIPE;MG;12/2009;3.099;0;0;5.642;4;8.745;0;0;0;0;0;0;0;417;9.161;0;7.434;16.595;0;7.532;24.127
COOPERATIVA DE ECONOMIA E CRÉDITO MÚTUO DOS FUNCIONÁRIOS DO GRUPO COSAN - BARRACRED COSAN;1439107;b3S;;I;2;BARRA BONITA;SP;12/2009;0;0;0;0;0;0;0;0;0;0;0;0;0;0;0;0;3.918;3.918;0;20.102;24.020
JURISCOOPE - COOPERATIVA DE ECONOMIA E CRÉDITO MÚTUO DOS MAGISTRADOS, MEMBROS DO MINISTÉRIO PÚBLICO, PROCURADORES E DEFENSORES PÚBLICOS, SEUS SERVIDORES E SERVIDORES DO JUDICIÁRIO EM PERNAMBUC0;4334337;b3S;;I;2;RECIFE;PE;12/2009;1.141;0;0;9.825;803;11.768;0;0;0;0;0;0;0;4.740;16.508;0;731;17.239;0;6.628;23.867
COOPERATIVA DE ECONOMIA E CRÉDITO MÚTUO DOS SERVIDORES DA FUNDAÇÃO HOSPITALAR E EMPREGADOS DOS ESTABELECIMENTOS HOSPITALARES DE BELO HORIZONTE, REGIÃO METROPOLITANA E ZONA DA MATA LTDA. - CECREF;19402130;b3S;;I;2;BELO HORIZONTE;MG;12/2009;1.364;0;0;5.727;378;7.469;0;0;0;0;0;0;0;0;7.469;0;2.693;10.163;0;13.613;23.776
COOPERATIVA DE ECONOMIA E CRÉDITO MÚTUO DOS PROFISSIONAIS DA SAÚDE CENTRO MINEIRA LTDA.;71411854;b3S;;I;2;BETIM;MG;12/2009;3.619;0;0;16.458;348;20.425;0;0;0;0;0;0;0;0;20.425;0;589;21.014;0;2.578;23.593
CENTRAL DAS COOPERATIVAS DE CRÉDITO DO NORDESTE - SICOOB CENTRAL NE;70116611;b3C;;I;2;CABEDELO;PB;12/2009;0;0;0;30;0;30;0;0;0;0;0;0;0;0;30;0;20.335;20.365;0;3.052;23.416
COOPERATIVA DE CREDITO RURAL SEARA - CREDISEARA;204963;b3S;;I;2;SEARA;SC;12/2009;2.080;0;0;8.195;0;10.275;0;0;0;0;0;0;0;8.814;19.089;0;502;19.591;0;3.822;23.414
COOPERATIVA DE CRÉDITO DOS MÉDICOS E DEMAIS PROFISSIONAIS DA SAÚDE DO SUL DE MINAS LTDA. - UNICRED SUL DE MINAS;71418784;b3S;;I;2;VARGINHA;MG;12/2009;4.180;0;0;14.721;6;18.907;0;0;0;0;0;0;0;0;18.907;0;612;19.519;0;3.861;23.379
COOPERATIVA DE ECONOMIA E CRÉDITO MÚTUO DOS PEQUENOS EMPRESÁRIOS, MICROEMPRESÁRIOS E MICROEMPREENDEDORES DE PARANAVAÍ - SICOOB PARANAVAÍ;5772229;b3S;;I;2;PARANAVAI;PR;12/2009;2.781;0;0;8.553;2.703;14.037;0;0;0;0;0;0;0;0;14.037;0;4.061;18.098;0;5.097;23.194
COOPERATIVA DE ECONOMIA E CRÉDITO MÚTUO DOS MÉDICOS E DEMAIS PROFISSIONAIS DA SAÚDE DA REGIÃO DA ALTA MOGIANA - CREDIMED;69346856;b3S;;I;2;FRANCA;SP;12/2009;2.463;0;0;9.927;5.214;17.604;0;0;0;0;0;0;0;0;17.604;0;1.129;18.733;0;4.391;23.124
CONFIDENCE CORRETORA DE CÂMBIO S.A.;4913129;n2;;I;2;SAO PAULO;SP;12/2009;0;0;0;0;0;0;0;0;0;0;0;0;0;0;0;0;13.129;13.129;0;9.834;22.964
COOPERATIVA DE CRÉDITO DOS MICROS E PEQUENOS EMPRESÁRIOS DO VALE DO ITAJAÍ - CONCREDI;2781986;b3S;;I;2;BLUMENAU;SC;12/2009;2.125;0;0;8.555;7.071;17.751;0;0;0;0;0;0;0;0;17.751;0;272;18.023;0;4.865;22.888
UNICRED CARIRI - COOPERATIVA DE ECONOMIA E CRÉDITO MÚTUO DOS  MÉDICOS E DEMAIS PROFISSIONAIS DA SAÚDE DA REGIÃO DO CARIRI LTDA.;86913993;b3S;;I;2;JUAZEIRO DO NORTE;CE;12/2009;3.355;0;0;5.831;3.081;12.267;0;0;0;0;0;0;0;834;13.101;0;1.587;14.688;0;8.191;22.880
AMARIL FRANKLIN CORRETORA DE TÍTULOS E VALORES LTDA;17312661;n2;;I;2;BELO HORIZONTE;MG;12/2009;0;0;0;0;0;0;0;0;0;0;0;0;0;0;0;0;4.978;4.978;0;17.803;22.780
COOPERATIVA DE ECONOMIA E CRÉDITO MÚTUO DOS PROFISSIONAIS DA SAÚDE DE ARARAS E REGIÃO - UNICRED ANHANGUERA;2647564;b3S;;I;2;ARARAS;SP;12/2009;2.117;0;0;9.750;4.648;16.515;0;0;0;0;0;0;0;2.070;18.585;0;484;19.069;0;3.685;22.753
COOPERATIVA DE CRÉDITO DE LIVRE ADMISSÃO DO SUL DE MINAS LTDA. ? UNICRED ITAJUBÁ;1673891;b3S;;I;2;ITAJUBA;MG;12/2009;1.953;0;0;15.244;0;17.197;0;0;0;0;0;0;0;0;17.197;0;564;17.761;0;4.873;22.634
COOPERATIVA DE ECONOMIA E CREDITO MUTUO DOS MEDICOS E DEMAIS PROFISSIONAIS DA SAUDE DE JOACABA;2853045;b3S;;I;2;JOACABA;SC;12/2009;174;0;0;10.101;0;10.274;0;0;0;0;0;0;0;0;10.274;0;530;10.804;0;11.713;22.518
MAPFRE DISTRIBUIDORA  DE TÍTULOS E VALORES MOBILIÁRIOS S/A;4160039;n2;;I;3;SAO PAULO;SP;12/2009;0;0;0;0;0;0;0;0;0;0;0;0;0;0;0;0;8.705;8.705;0;13.667;22.372
COOPERATIVA DE CRÉDITO DE BAMBUÍ LTDA. - SICOOB CREDIBAM;66259110;b3S;;I;2;BAMBUI;MG;12/2009;3.344;0;0;5.232;0;8.576;0;0;0;0;0;0;0;2.419;10.995;0;4.319;15.314;0;7.007;22.321
COOPERATIVA DE CREDITO RURAL COM INTERACAO SOLIDARIA DE BOA VISTA-CRESOL BOA VISTA;4929712;b3S;;I;2;SAO LOURENCO DO SUL;RS;12/2009;2.047;0;0;8.046;0;10.093;0;0;0;0;0;0;0;8.431;18.524;0;123;18.647;0;3.664;22.311
COOPERATIVA DE CRÉDITO RURAL DO SEMI-ÁRIDO DA BAHIA LTDA. - SICOOB COOPERE;73398646;b3S;;I;2;VALENTE;BA;12/2009;3.938;0;0;9.121;3.429;16.489;0;0;0;0;0;0;0;879;17.368;0;1.158;18.526;0;3.777;22.303
JBCRED S/A SOCIEDADE DE CRÉDITO AO MICROEMPREENDEDOR;4230630;n1;;I;2;SAO PAULO;SP;12/2009;0;0;0;0;0;0;0;0;0;0;0;0;0;0;0;0;4.837;4.837;0;17.461;22.298
COOPERATIVA DE CREDITO RURAL COM INTERACAO SOLIDARIA DE FRANCISCO BELTRAO - CRESOL FRANCISCO BELTRAO;2698001;b3S;;I;2;FRANCISCO BELTRAO;PR;12/2009;1.583;0;0;5.540;0;7.124;0;0;0;0;0;0;0;135;7.258;0;10.791;18.049;0;4.242;22.291
COOPERATIVA DE ECONOMIA E CRÉDITO MÚTUO DOS EMPREGADOS DO BANRISUL;92935741;b3S;;I;2;PORTO ALEGRE;RS;12/2009;0;0;0;11.415;0;11.415;0;0;0;0;0;0;0;0;11.415;0;1.389;12.804;0;9.456;22.260
COOPERATIVA DE CRÉDITO RURAL ALTO RIO GRANDE LTDA - CREDIGRANDE;25626490;b3S;;I;2;LAVRAS;MG;12/2009;2.191;0;0;2.861;0;5.052;0;0;0;0;0;0;0;9.186;14.237;0;3.727;17.964;0;4.279;22.243
COOPERATIVA DE CRÉDITO RURAL COM INTERAÇÃO SOLIDÁRIA DE SANANDUVA - CRESOL SANANDUVA;5863726;b3S;;I;2;SANANDUVA;RS;12/2009;1.862;0;0;6.797;0;8.659;0;0;0;0;0;0;0;9.724;18.383;0;97;18.479;0;3.694;22.173
COOPERATIVA DE CREDITO RURAL COM INTERACAO SOLIDARIA DE CASCAVEL - CRESOL CASCAVEL;2448310;b3S;;I;2;CASCAVEL;PR;12/2009;938;0;0;2.193;0;3.131;0;0;0;0;0;0;0;716;3.847;0;14.048;17.895;0;4.260;22.155
COOPERATIVA DE CRÉDITO RURAL DE CURVELO LTDA - SICOOB CREDICENTRO;21682737;b3S;;I;2;CURVELO;MG;12/2009;5.608;0;0;8.669;0;14.277;0;0;0;0;0;0;0;2.878;17.155;0;1.890;19.045;0;3.075;22.120
COOPERATIVA DE CREDITO DO VALE DO GORUTUBA LTDA - SICOOB CREDIVAG;25404542;b3S;;I;2;JANAUBA;MG;12/2009;4.844;0;0;3.402;319;8.566;0;0;0;0;0;0;0;1.772;10.337;0;5.341;15.678;0;6.438;22.116
COOPERATIVA DE CRÉDITO DO NORDESTE DE MINAS GERAIS E SUL DA BAHIA LTDA - SICOOB CREDINORTE;64276058;b3S;;I;2;NANUQUE;MG;12/2009;5.042;0;0;4.035;1.242;10.320;0;0;0;0;0;0;0;1.112;11.432;0;4.817;16.249;0;5.790;22.039
COOPERATIVA DE CREDITO RURAL COM INTERACAO SOLIDARIA DE ERECHIM - CRESOL ERECHIM;2910987;b3S;;I;2;ERECHIM;RS;12/2009;2.779;0;0;7.998;0;10.777;0;0;0;0;0;0;0;6.950;17.727;0;365;18.093;0;3.858;21.951
COOPERATIVA DE ECONOMIA E CREDITO MUTUO DOS INTEGRANTES DO MINISTERIO PUBLICO DO RIO GRANDE DO SUL - SICREDI MP;3662047;b3S;;I;2;PORTO ALEGRE;RS;12/2009;337;0;0;12.891;5.559;18.787;0;0;0;0;0;0;0;0;18.787;0;107;18.894;0;3.037;21.930
COOPERATIVA DE CREDITO RURAL PINTADAS - SICOOB SERTÃO;2057584;b3S;;I;2;PINTADAS;BA;12/2009;3.876;0;0;8.893;4;12.773;0;0;0;0;0;0;0;1.311;14.084;0;620;14.704;0;7.218;21.922
COOPERATIVA DE ECONOMIA E CRÉDITO MÚTUO DOS MÉDICOS E DEMAIS PROFISSIONAIS DA SAÚDE DE NÍVEL SUPERIOR DE PETRÓPOLIS LTDA. - UNICRED PETRÓPOLIS.;72052004;b3S;;I;2;PETROPOLIS;RJ;12/2009;3.102;0;0;10.770;859;14.732;0;0;0;0;0;0;0;0;14.732;0;719;15.451;0;6.465;21.916
BANCO INDUSCRED DE INVESTIMENTO S.A.;33588252;b2;;I;2;SAO PAULO;SP;12/2009;0;0;0;1.207;0;1.207;0;0;0;0;0;0;0;0;1.207;0;405;1.612;0;20.295;21.907
COOPERATIVA DE CREDITO DE LIVRE ADMISSAO DO PLANALTO DE ARAXA LTDA - UNICRED ARAXA;1727929;b3S;;I;2;ARAXA;MG;12/2009;2.447;0;0;15.882;0;18.329;0;0;0;0;0;0;0;0;18.329;0;501;18.830;0;2.931;21.761
COOPERATIVA DE CRÉDITO DE CARMO DO CAJURU LTDA - SICOOB CARMOCREDI;65239402;b3S;;I;2;CARMO DO CAJURU;MG;12/2009;3.576;0;0;9.784;1.943;15.303;0;0;0;0;0;0;0;0;15.303;0;3.172;18.475;0;3.266;21.742
COOPERATIVA DE ECONOMIA E CRÉDITO MÚTUO DOS PROFISSIONAIS DA ÁREA DA SAÚDE E DOS PEQUENOS EMPRESÁRIOS, MICROEMPRESÁRIOS E MICROEMPREENDEDORES DA REGIÃO DA ALTA PAULISTA - SICREDI ALTA PAULISTA;4463602;b3S;;I;2;MARILIA;SP;12/2009;3.729;0;0;12.604;115;16.448;0;0;0;0;0;0;0;0;16.448;0;595;17.043;0;4.695;21.738
COOPERATIVA DE CRÉDITO DOS FUNCIONÁRIOS DA ABB - COOPERABB;51010858;b3S;;I;2;GUARULHOS;SP;12/2009;0;0;0;0;0;0;0;0;0;0;0;0;0;0;0;0;243;243;0;21.481;21.724
COOPERATIVA DE CREDITO RURAL HORIZONTES NOVOS DE NOVO SARANDI-CREHNOR SARANDI;1869822;b3S;;I;2;SARANDI;RS;12/2009;2.455;0;0;6.303;0;8.759;0;0;0;0;0;0;0;185;8.944;0;3.479;12.422;0;9.290;21.713
COOPERATIVA DE CRÉDITO DOS MÉDICOS E DEMAIS PROFISSIONAIS DA SAÚDE DE POÇOS DE CALDAS LTDA.;2326434;b3S;;I;2;POCOS DE CALDAS;MG;12/2009;4.778;0;0;13.410;42;18.230;0;0;0;0;0;0;0;0;18.230;0;553;18.782;0;2.877;21.659
UNICRED PORTO VELHO   COOPERATIVA DE ECONOMIA E CRÉDITO MÚTUO DOS MÉDICOS E DEMAIS PROFISSIONAIS DA SAÚDE DE PORTO VELHO LTDA.;1664968;b3S;;I;2;PORTO VELHO;RO;12/2009;4.346;0;0;12.481;0;16.826;0;0;0;0;0;0;0;0;16.826;0;675;17.501;0;3.942;21.443
BOREAL DISTRIBUIDORA DE TÍTULOS E VALORES MOBILIÁRIOS S.A.;30280184;n2;;I;2;SAO PAULO;SP;12/2009;0;0;0;0;0;0;0;0;0;0;0;0;0;0;0;0;3.747;3.747;0;17.692;21.440
GERDAU;50861;b1;;C;2;PORTO ALEGRE;RS;12/2009;0;0;0;0;0;0;0;0;0;0;0;0;0;0;0;0;2.785;2.785;0;18.468;21.254
COOPERATIVA DE ECONOMIA E CRÉDITO MÚTUO DOS EMPREGADOS DAS INSTITUIÇÕES DE ENSINO SUPERIOR DO SUL DE MINAS LTDA. - CREDFENAS;2414044;b3S;;I;2;ALFENAS;MG;12/2009;2.297;0;0;12.017;4.855;19.169;0;0;0;0;0;0;0;0;19.169;0;473;19.642;0;1.577;21.220
GERALDO CORREA - CORRETORA DE VALORES MOBILIARIOS S/A;20230272;n2;;I;2;BELO HORIZONTE;MG;12/2009;0;0;0;0;0;0;0;0;0;0;0;0;0;0;0;0;8.688;8.688;0;12.521;21.209
COOPERATIVA DE ECONOMIA E CREDITO MUTUO DOS EMPREGADOS DAS EMPRESAS RANDON;89280960;b3S;;I;2;CAXIAS DO SUL;RS;12/2009;0;0;0;2.426;0;2.426;0;0;0;0;0;0;0;0;2.426;0;1.940;4.366;0;16.761;21.128
CORRETORA GERAL DE VALORES E CAMBIO LTDA;92858380;n2;;I;2;PORTO ALEGRE;RS;12/2009;0;0;0;0;0;0;0;0;0;0;0;0;0;0;0;0;8.349;8.349;0;12.511;20.860
MARSAM/S K;51358;n2;;C;2;SAO PAULO;SP;12/2009;0;0;0;0;0;0;0;0;0;0;0;0;0;0;0;0;14.057;14.057;0;6.746;20.803
COOPCRED-COOPERATIVA DE CRÉDITO DOS FORNECEDORES DE CANA E AGROPECUARISTAS DA REGIÃO OESTE PAULISTA;53623781;b3S;;I;2;VALPARAISO;SP;12/2009;2.470;0;0;4.917;300;7.687;0;0;0;0;0;0;0;202;7.889;0;2.980;10.869;0;9.483;20.352
COOPERATIVA DE ECONOMIA E CRÉDITO MÚTUO DOS COMERCIANTES DE CONFECÇÕES DO VESTUÁRIO DE CARATINGA LTDA.   SICOOB CREDILESTE;5158093;b3S;;I;2;CARATINGA;MG;12/2009;3.612;0;0;4.102;0;7.715;0;0;0;0;0;0;0;0;7.715;0;2.817;10.532;0;9.711;20.242
COOPERATIVA DE ECONOMIA E CRÉDITO MÚTUO DOS SERVIDORES PÚBLICOS DO ESTADO DE SÃO PAULO - CREDIPAULISTA;3139644;b3S;;I;2;SAO PAULO;SP;12/2009;0;0;0;0;0;0;0;0;0;0;0;0;0;0;0;0;6.259;6.259;0;13.933;20.192
COOPERATIVA DE ECONOMIA E CRÉDITO MÚTUO DOS PROFISSIONAIS DO CREA DO ESTADO DE SANTA CATARINA;5979692;b3S;;I;2;FLORIANOPOLIS;SC;12/2009;4.083;0;0;9.235;1.433;14.752;0;0;0;0;0;0;0;338;15.089;0;315;15.404;0;4.759;20.163
COOPERATIVA DE ECONOMIA E CRÉDITO MÚTUO DOS MÉDICOS E DEMAIS PROFISSIONAIS DE NÍVEL SUPERIOR DA SAÚDE DE SETE LAGOAS LTDA.;71163315;b3S;;I;2;SETE LAGOAS;MG;12/2009;3.020;0;0;13.318;0;16.338;0;0;0;0;0;0;0;0;16.338;0;624;16.961;0;3.122;20.083
COOPERATIVA DE ECONOMIA E CRÉDITO MÚTUO DOS EMPREGADOS DA KRAFT FOODS BRASIL, PHILIP MORRIS BRASIL E K&S ALIMENTOS;62795257;b3S;;I;2;SAO PAULO;SP;12/2009;0;0;0;0;0;0;0;0;0;0;0;0;0;0;0;0;736;736;0;19.212;19.948
COOPERATIVA DE CRÉDITO DE CARMO DO RIO CLARO LTDA. - SICOOB CREDICARMO;25743311;b3S;;I;3;CARMO DO RIO CLARO;MG;12/2009;2.200;0;0;6.543;354;9.097;0;0;0;0;0;0;0;3.325;12.422;0;2.851;15.273;0;4.536;19.809
SUL FINANCEIRA S.A.- CREDITO, FINANCIAMENTOS E INVESTIMENTOS;92764489;n1;;I;2;PORTO ALEGRE;RS;12/2009;0;0;0;2.353;0;2.353;0;0;0;0;0;65.926;65.926;0;68.279;0;60.025;128.304;0;-108.527;19.777
RBC BRASIL DISTRIBUIDORA DE TÍTULOS E VALORES MOBILIÁRIOS LTDA.;50650241;n2;;I;3;SAO PAULO;SP;12/2009;0;0;0;0;0;0;0;0;0;0;0;0;0;0;0;0;2.142;2.142;0;17.316;19.458
SHOPCRED SOCIEDADE DE CRÉDITO AO MICROEMPREENDEDOR LTDA.;5503849;n1;;I;2;SAO PAULO;SP;12/2009;0;0;0;0;0;0;0;0;0;0;0;0;0;2.529;2.529;0;662;3.191;0;16.246;19.438
COOPERATIVA DE ECONOMIA E CRÉDITO MÚTUO DOS EMPREGADOS DA EMBRAPA LTDA. - SICOOB CREDIEMBRAPA;2338666;b3S;;I;2;BRASILIA;DF;12/2009;1.018;0;0;9.215;944;11.177;0;0;0;0;0;0;0;300;11.477;0;340;11.817;0;7.588;19.406
COOPERATIVA DE ECONOMIA E CRÉDITO MÚTUO DOS COMERCIANTES DE CONFECÇÕES DE LAGOA DA PRATA E REGIÃO LTDA.   SICOOB LAGOACRED GERAIS;1739375;b3S;;I;2;LAGOA DA PRATA;MG;12/2009;2.862;0;0;8.962;0;11.824;0;0;0;0;0;0;0;0;11.824;0;3.535;15.358;0;4.032;19.391
BANEX S.A. - CRÉDITO, FINANCIAMENTO E INVESTIMENTO;33550104;n1;;I;2;SAO PAULO;SP;12/2009;0;0;0;0;0;0;0;0;0;0;0;6.555;6.555;0;6.555;0;2.297;8.852;0;10.325;19.177
LIQUIDEZ DISTRIBUIDORA DE TÍTULOS E VALORES MOBILIÁRIOS LTDA.;33862244;n2;;I;3;RIO DE JANEIRO;RJ;12/2009;0;0;0;0;0;0;0;0;0;0;0;0;0;0;0;0;7.481;7.481;0;11.556;19.037
COOPERATIVA DE CRÉDITO DA REGIÃO DE TIROS E MATUTINA LTDA - SICOOB CREDITIROS;42880617;b3S;;I;2;TIROS;MG;12/2009;3.454;0;0;6.339;0;9.793;0;0;0;0;0;0;0;0;9.793;0;5.331;15.124;0;3.877;19.002
COOPERATIVA DE ECONOMIA E CRÉDITO MÚTUO DOS FUNCIONÁRIOS DA CARGILL;68228006;b3S;;I;2;SAO PAULO;SP;12/2009;0;0;0;0;0;0;0;0;0;0;0;0;0;0;0;0;517;517;0;18.453;18.970
NOVA FUTURA DISTRIBUIDORA DE TÍTULOS E VALORES MOBILIÁRIOS LTDA.;4257795;n2;;I;2;SAO PAULO;SP;12/2009;0;0;0;0;0;0;0;0;0;0;0;0;0;0;0;0;12.082;12.082;0;6.826;18.908
RÓTULA S/A CRÉDITO, FINANCIAMENTO E INVESTIMENTOS;3456984;n1;;I;2;LEOPOLDINA;MG;12/2009;0;0;0;11.665;0;11.665;0;0;0;0;0;579;579;0;12.244;0;927;13.171;0;5.701;18.872
COOPERATIVA DE ECONOMIA E CRÉDITO MÚTUO DOS FUNCIONÁRIOS DA NESTLÉ - CREDI NESTLÉ;62562012;b3S;;I;2;SAO PAULO;SP;12/2009;0;0;0;0;0;0;0;0;0;0;0;0;0;0;0;0;604;604;0;18.133;18.737
COOPERATIVA DE ECONOMIA E CRÉDITO MÚTUO DOS PROFISSIONAIS DA SAÚDE DA ZONA DA MATA MINEIRA E SUL DO ESPÍRITO SANTO - UNICRED SUDESTE;86389236;b3S;;I;2;VICOSA;MG;12/2009;3.557;0;0;9.804;11;13.372;0;0;0;0;0;0;0;0;13.372;0;818;14.190;0;4.470;18.660
COOPERATIVA DE CREDITO RURAL DE PEDRO LEOPOLDO LTDA. - SICOOB CREDIPEL;71441406;b3S;;I;2;PEDRO LEOPOLDO;MG;12/2009;2.713;0;0;7.908;15;10.636;0;0;0;0;0;0;0;156;10.792;0;3.596;14.388;0;4.232;18.619
COOPERATIVA DE CRÉDITO DE CAMPINA VERDE LTDA. - SICOOB CREDICAMPINA;1609345;b3S;;I;2;CAMPINA VERDE;MG;12/2009;3.603;0;0;3.754;2.116;9.474;0;0;0;0;0;0;0;0;9.474;0;4.302;13.776;0;4.833;18.609
COOPERATIVA DE ECONOMIA E CRÉDITO MÚTUO DOS SERVIDORES DO PODER EXECUTIVO FEDERAL EM BRASÍLIA LTDA. - SICOOB EXECUTIVO;694877;b3S;;I;2;BRASILIA;DF;12/2009;867;0;0;5.397;213;6.477;0;0;0;0;0;0;0;2.467;8.944;0;799;9.743;0;8.751;18.494
COOPERATIVA DE CRÉDITO MÚTUO DOS PROFISSIONAIS MÉDICOS E DA SAÚDE DE CURITIBA E REGIÃO METROPOLITANA - SICREDI MEDICRED PR;2924977;b3S;;I;2;CURITIBA;PR;12/2009;3.646;0;0;7.865;4.116;15.626;0;0;0;0;0;0;0;0;15.626;0;902;16.528;0;1.927;18.455
COOPERATIVA DE CRÉDITO DOS PEQUENOS EMPRESÁRIOS, MICROEMPRESÁRIOS E MICROEMPREENDEDORES DE APUCARANA E REGIÃO - SICOOB ALIANÇA;6174009;b3S;;I;2;APUCARANA;PR;12/2009;3.617;0;0;6.719;2.205;12.541;0;0;0;0;0;0;0;0;12.541;0;1.075;13.616;0;4.810;18.426
COOPERATIVA DE ECONOMIA E CRÉDITO MÚTUO DOS PROFISSIONAIS DA SAÚDE DE NÍVEL SUPERIOR DOS CAMPOS DAS VERTENTES LTDA;86493426;b3S;;I;2;BARBACENA;MG;12/2009;2.254;0;0;12.268;0;14.522;0;0;0;0;0;0;0;0;14.522;0;777;15.299;0;3.107;18.406
OUROMINAS DISTRIBUIDORA DE TÍTULOS E VALORES MOBILIÁRIOS LTDA;62187307;n2;;I;2;SAO PAULO;SP;12/2009;0;0;0;0;0;0;0;0;0;0;0;0;0;0;0;0;14.942;14.942;0;3.444;18.386
INFOCRERJ - COOPERATIVA DE ECONOMIA E CRÉDITO MÚTUO DOS PROFISSIONAIS DE INFORMÁTICA DA REGIÃO METROPOLITANA DO RIO DE JANEIRO;4120633;b3S;;I;2;RIO DE JANEIRO;RJ;12/2009;4.788;0;0;7.924;0;12.712;0;0;0;0;0;0;0;0;12.712;0;1.217;13.928;0;4.380;18.309
COOPERATIVA DE ECONOMIA E CRÉDITO MÚTUO DOS MÉDICOS E DEMAIS PROFISSIONAIS  DE NÍVEL SUPERIOR DA SAÚDE DE VITÓRIA LTDA. - UNICRED VITÓRIA;39808449;b3S;;I;2;VITORIA;ES;12/2009;2.814;0;0;8.369;0;11.182;0;0;0;0;0;0;0;0;11.182;0;1.779;12.962;0;5.146;18.108
COOPERATIVA DE CREDITO DE CAPITÓLIO LTDA - SICOOB CREDICAPI;804046;b3S;;I;2;CAPITOLIO;MG;12/2009;2.406;0;0;4.085;141;6.632;0;0;0;0;0;0;0;3.259;9.891;0;4.338;14.229;0;3.764;17.993
COOPERATIVA DE CREDITO DE BOM SUCESSO LTDA. - SICOOB CREDISUCESSO;42887133;b3S;;I;2;BOM SUCESSO;MG;12/2009;3.313;0;0;4.842;1.589;9.744;0;0;0;0;0;0;0;1.193;10.937;0;2.529;13.466;0;4.506;17.972
CONVENCAO S.A. CORRETORA DE VALORES E CAMBIO;61747085;n2;;I;2;SAO PAULO;SP;12/2009;0;0;0;0;0;0;0;0;0;0;0;0;0;0;0;0;3.619;3.619;0;14.330;17.949
PETRA - PERSONAL TRADER CORRETORA DE TITULOS E VALORES MOBILIARIOS S.A.;3317692;n2;;I;2;CURITIBA;PR;12/2009;0;0;0;0;0;0;0;0;0;0;0;0;0;0;0;80;12.534;12.614;0;5.325;17.938
COOPERATIVA DE CRÉDITO MÚTUO DOS PROFISSIONAIS DA ÁREA DA SAÚDE DA GRANDE SÃO PAULO - SICREDI GRANDE SÃO PAULO SP;4306351;b3S;;I;2;SAO PAULO;SP;12/2009;3.135;0;0;9.289;1.250;13.673;0;0;0;0;0;0;0;0;13.673;0;325;13.998;0;3.849;17.847
COOPERATIVA DE ECONOMIA E CRÉDITO MÚTUO DOS MÉDICOS E DEMAIS PROFISSIONAIS DA SAÚDE DE SANTA MARIA LTDA;2641032;b3S;;I;2;SANTA MARIA;RS;12/2009;3.140;0;0;6.226;5.200;14.566;0;0;0;0;0;0;0;93;14.659;0;395;15.054;0;2.657;17.711
COOPERATIVA DE CRÉDITO MÚTUO DOS EMPREGADOS DE EMPRESAS METALÚRGICAS DO ESTADO DE SÃO PAULO;44401800;b3S;;I;2;SAO BERNARDO DO CAMPO;SP;12/2009;0;0;0;0;0;0;0;0;0;0;0;0;0;0;0;0;882;882;0;16.799;17.681
COOPERATIVA DE CRÉDITO RURAL DE RIO BONITO LTDA.;86927324;b3S;;I;2;RIO BONITO;RJ;12/2009;1.138;0;0;13.015;1.613;15.767;0;0;0;0;0;0;0;0;15.767;0;142;15.909;0;1.751;17.659
COOPERATIVA DE CREDITO RURAL COM INTERACAO SOLIDARIA DE GETULIO VARGAS-CRESOL GETÚLIO VARGAS;5241145;b3S;;I;2;GETULIO VARGAS;RS;12/2009;1.327;0;0;4.764;0;6.091;0;0;0;0;0;0;0;8.451;14.541;0;467;15.008;0;2.584;17.592
COOPERATIVA DE CREDITO MUTUO DOS MICROEMPRESARIOS, PEQUENOS EMPRESÁRIOS E MICROEMPREENDEDORES DE FRANCISCO BELTRÃO - SICOOB CRESUD;2466552;b3S;;I;2;FRANCISCO BELTRAO;PR;12/2009;2.543;0;0;6.800;2.443;11.786;0;0;0;0;0;0;0;0;11.786;0;1.457;13.243;0;4.331;17.574
COOPERATIVA DE CRÉDITO RURAL, DE PEQUENOS EMPRESÁRIOS, MICROEMPRESÁRIOS E MICROEMPREENDEDORES DE ESMERALDAS LTDA. - SICOOB CREDIESMERALDAS;68512748;b3S;;I;2;ESMERALDAS;MG;12/2009;4.376;0;0;6.456;0;10.832;0;0;0;0;0;0;0;286;11.118;0;2.334;13.453;0;4.025;17.478
COOPERATIVA DE CREDITO DOS EMPRESARIOS DO SECOVI-GO LTDA;7599206;b3S;;I;2;GOIANIA;GO;12/2009;7.216;0;0;5.023;214;12.453;0;0;0;0;0;0;0;669;13.122;0;313;13.436;0;4.040;17.475
COOPERATIVA DE CRÉDITO RURAL DE CACOAL LTDA;3612764;b3S;;I;2;CACOAL;RO;12/2009;2.506;0;0;4.101;0;6.608;0;0;0;0;0;0;0;0;6.608;0;3.614;10.222;0;7.119;17.341
COOPERATIVA DE CRÉDITO RURAL DA REGIÃO DE OURO PRETO DO OESTE  - OUROCREDI;2144899;b3S;;I;2;OURO PRETO DO OESTE;RO;12/2009;5.367;0;0;1.546;524;7.437;0;0;0;0;0;0;0;6.413;13.850;0;327;14.177;0;3.123;17.300
OLIVEIRA FRANCO SOCIEDADE CORRETORA DE VALORES E CAMBIO LTDA;76633486;n2;;I;2;CURITIBA;PR;12/2009;0;0;0;0;1;1;10.949;0;0;0;0;0;0;0;10.950;0;465;11.415;0;5.882;17.297
COOPERATIVA DE ECONOMIA E CRÉDITO MÚTUO DOS MÉDICOS E DEMAIS PROFISSIONAIS DA SAÚDE DA REGIÃO CENTRO PAULISTA - UNICRED CENTRO PAULISTA;71988653;b3S;;I;2;SAO CARLOS;SP;12/2009;2.117;0;0;8.053;1.671;11.840;0;0;0;0;0;0;0;0;11.840;0;776;12.617;0;4.675;17.292
COOPERATIVA DE CREDITO RURAL COM INTERACAO SOLIDARIA DE ITAPEJARA D`OESTE - CRESOL ITAPEJARA D`OESTE;4973378;b3S;;I;2;ITAPEJARA D'OESTE;PR;12/2009;1.082;0;0;3.912;0;4.994;0;0;0;0;0;0;0;458;5.453;0;9.236;14.689;0;2.589;17.278
COOPERATIVA DE ECONOMIA E CREDITO MUTUO DO SETOR ODONTOLOGICO-SICOOB/SC-CREDIODONTO;2883398;b3S;;I;2;BLUMENAU;SC;12/2009;2.092;0;0;8.304;22;10.418;0;0;0;0;0;0;0;338;10.756;0;1.330;12.086;0;4.913;16.999
COOPERATIVA DE ECONOMIA E CREDITO MUTUO DOS MEDICOS E DEMAIS PROFISSIONAIS DA SAUDE DE ERECHIM LTDA;1572667;b3S;;I;2;ERECHIM;RS;12/2009;2.657;0;0;10.208;720;13.585;0;0;0;0;0;0;0;0;13.585;0;672;14.257;0;2.691;16.947
COOPERATIVA DE CRÉDITO REGIONAL DE CAMPO BELO LTDA -SICOOB CREDIBELO;71237184;b3S;;I;2;CAMPO BELO;MG;12/2009;3.055;0;0;3.623;1.013;7.691;0;0;0;0;0;0;0;5.284;12.975;0;1.582;14.557;0;2.354;16.911
COOPERATIVA DE ECONOMIA E CRÉDITO MÚTUO DOS EMPREGADOS DO GRUPO SCHAEFFLER;62284385;b3S;;I;2;SOROCABA;SP;12/2009;0;0;0;0;0;0;0;0;0;0;0;0;0;0;0;0;267;267;0;16.626;16.893
COOPERATIVA DE ECONOMIA E CRÉDITO MÚTUO DOS SERVIDORES PÚBLICOS NO ESTADO DO ESPÍRITO SANTO - COOPJUD;1330295;b3S;;I;2;VITORIA;ES;12/2009;1.447;0;0;5.222;0;6.669;0;0;0;0;0;0;0;834;7.504;0;1.594;9.097;0;7.775;16.872
AGÊNCIA DE FOMENTO DO ESTADO DE MATO GROSSO S.A.;6284531;n1;;I;1;CUIABA;MT;12/2009;0;0;0;0;0;0;0;0;0;0;0;0;0;0;0;0;1.150;1.150;0;15.671;16.821
CENTRAL DAS COOPERATIVAS DE CREDITO DO ESTADO DO PARA - SICOOB CENTRAL AMAZONIA;83355818;b3C;;I;2;BELEM;PA;12/2009;0;0;0;2.673;0;2.673;0;0;0;0;0;0;0;0;2.673;0;8.110;10.783;0;6.035;16.818
COOPERATIVA DE CRÉDITO DOS EMPRESÁRIOS DE GOIÂNIA LTDA.;4406371;b3S;;I;2;GOIANIA;GO;12/2009;6.116;0;0;3.857;965;10.938;0;0;0;0;0;0;0;0;10.938;0;558;11.496;0;5.260;16.756
COOPERATIVA DE ECONOMIA E CRÉDITO MÚTUO DOS MILITARES ESTADUAIS DE SANTA CATARINA - CREDPOM;4572960;b3S;;I;2;FLORIANOPOLIS;SC;12/2009;1.329;0;0;5.090;29;6.448;0;0;0;0;0;0;0;4.785;11.232;0;705;11.937;0;4.797;16.735
COOPERATIVA DE CRÉDITO DE LIVRE ADMISSÃO DE ASSOCIADOS DE HOLAMBRA - SICREDI HOLAMBRA SP;57647653;b3S;;I;2;HOLAMBRA;SP;12/2009;6.010;0;0;6.719;69;12.798;0;0;0;0;0;0;0;0;12.798;0;2.060;14.858;0;1.674;16.532
COOPERATIVA DE CRÉDITO RURAL DOS PRODUTORES DE LEITE DO VALE DO RIO GRANDE LTDA - SICOOB CREDILEITE;86585049;b3S;;I;2;UBERABA;MG;12/2009;4.568;0;0;5.579;1.094;11.241;0;0;0;0;0;0;0;0;11.241;0;1.879;13.120;0;3.350;16.469
COOPERATIVA DE ECONOMIA E CRÉDITO MÚTUO DOS MÉDICOS E DEMAIS  PROFISSIONAIS DE NÍVEL SUPERIOR DA SAÚDE DE RIO BRANCO LTDA.;1608685;b3S;;I;2;RIO BRANCO;AC;12/2009;1.181;0;0;10.389;567;12.137;0;0;0;0;0;0;0;0;12.137;0;691;12.828;0;3.555;16.383
COOPERATIVA DE ECONOMIA E CRÉDITO MÚTUO DOS FUNCIONÁRIOS DO GRUPO SÃO MARTINHO - USICRED;2562412;b3S;;I;2;PRADOPOLIS;SP;12/2009;0;0;0;0;0;0;0;0;0;0;0;0;0;0;0;0;649;649;0;15.704;16.353
COOPERATIVA DE ECONOMIA E CRÉDITO MÚTUO DOS COMERCIANTES DE CONFECÇÕES DE BOM DESPACHO LTDA;1703620;b3S;;I;2;BOM DESPACHO;MG;12/2009;2.701;0;0;6.281;0;8.982;0;0;0;0;0;0;0;0;8.982;0;1.455;10.437;0;5.812;16.249
COOPERATIVA DE CREDITO MUTUO DOS SERVIDORES PUBLICOS DE DOIS VIZINHOS - SICOOB CRESERV;1480754;b3S;;I;2;DOIS VIZINHOS;PR;12/2009;2.702;0;0;6.559;2.191;11.453;0;0;0;0;0;0;0;1.039;12.492;0;737;13.228;0;2.852;16.080
COOPERATIVA DE CRÉDITO RURAL COM INTERAÇÃO SOLIDÁRIA DE OURO - CRESOL OURO;7853842;b3S;;I;2;OURO;SC;12/2009;780;0;0;5.991;0;6.772;0;0;0;0;0;0;0;195;6.967;0;7.058;14.025;0;1.954;15.979
COOPERATIVA DE CRÉDITO RURAL DE PIRACANJUBA LTDA;5222094;b3S;;I;2;PIRACANJUBA;GO;12/2009;3.244;0;0;1.778;0;5.022;0;0;0;0;0;0;0;0;5.022;0;4.330;9.352;0;6.590;15.942
COOPERATIVA DE CRÉDITO DE ARCOS LTDA. - SICOOB CREDIARCOS;26072728;b3S;;I;2;ARCOS;MG;12/2009;2.217;0;0;4.815;0;7.032;0;0;0;0;0;0;0;350;7.382;0;3.375;10.757;0;5.155;15.912
COOPERATIVA DE CRÉDITO RURAL DE RUBIATABA LTDA;73422792;b3S;;I;2;RUBIATABA;GO;12/2009;5.527;0;0;1.652;302;7.481;0;0;0;0;0;0;0;402;7.883;0;1.270;9.153;0;6.612;15.765
COOPERATIVA DE ECONOMIA E CRÉDITO MÚTUO DOS FUNCIONÁRIOS DA ERICSSON;48718183;b3S;;I;2;SAO PAULO;SP;12/2009;0;0;0;0;0;0;0;0;0;0;0;0;0;0;0;0;577;577;0;15.112;15.688
M. SAFRA & CO. DISTRIBUIDORA DE TIT E VALS MOBILIARIOS S.A.;3203507;n2;;I;2;SAO PAULO;SP;12/2009;0;0;0;0;0;0;0;0;0;0;0;0;0;0;0;0;3.077;3.077;0;12.601;15.678
COOPERATIVA DE CRÉDITO DE CAMPOS GERAIS E CAMPO D0 MEIO LTDA - SICOOB CREDCAM;71146450;b3S;;I;2;CAMPOS GERAIS;MG;12/2009;1.786;0;0;3.407;0;5.193;0;0;0;0;0;0;0;5.152;10.345;0;2.300;12.645;0;3.008;15.653
COOPERATIVA DE CREDITO RURAL COM INTERACAO SOLIDARIA DE MARMELEIRO - CRESOL MARMELEIRO;971297;b3S;;I;2;MARMELEIRO;PR;12/2009;665;0;0;3.800;0;4.465;0;0;0;0;0;0;0;723;5.188;0;7.450;12.638;0;3.013;15.651
COOPERATIVA DE CRÉDITO RURAL COM INTERAÇÃO SOLIDÁRIA DE BOTUVERÁ - CRESOL BOTUVERÁ;8297831;b3S;;I;2;BOTUVERA;SC;12/2009;962;0;0;8.169;0;9.131;0;0;0;0;0;0;0;0;9.131;0;4.554;13.686;0;1.865;15.550
COOPERATIVA DE CREDITO RURAL COM INTERACAO SOLIDARIA DE CRUZ MACHADO - CRESOL CRUZ MACHADO;5277312;b3S;;I;2;CRUZ MACHADO;PR;12/2009;512;0;0;3.622;0;4.134;0;0;0;0;0;0;0;453;4.587;0;8.584;13.171;0;2.357;15.527
JURISCRED - COOPERATIVA DE ECONOMIA E CRÉDITO MÚTUO DOS MAGISTRADOS E SERVIDORES DO PODER JUDICIÁRIO E ÓRGÃOS JURÍDICOS ESTADUAIS E FEDERAIS NA GRANDE TERESINA;5477038;b3S;;I;2;TERESINA;PI;12/2009;1.296;0;0;1.314;48;2.658;0;0;0;0;0;0;0;12;2.670;0;11.218;13.888;0;1.601;15.489
COOPERATIVA DE ECONOMIA E CRÉDITO MÚTUO DOS MÉDICOS E PROFISSIONAIS DE SAÚDE DO OESTE POTIGUAR - UNICRED MOSSORÓ;70027388;b3S;;I;2;MOSSORO;RN;12/2009;1.975;0;0;5.089;1.816;8.881;0;0;0;0;0;0;0;1.105;9.986;0;1.138;11.124;0;4.348;15.471
COOPERATIVA DE ECONOMIA E CRÉDITO MÚTUO DOS INTEGRANTES DAS CARREIRAS JURÍDICAS DO ESTADO DE MATO GROSSO DO SUL - SICREDI JURÍDICA/MS;2320791;b3S;;I;2;CAMPO GRANDE;MS;12/2009;2.228;0;0;4.662;2.432;9.322;0;0;0;0;0;0;0;505;9.827;0;532;10.359;0;5.082;15.441
COOPERATIVA DE ECONOMIA E CRÉDITO MÚTUO DOS PROFISSIONAIS DA SAÚDE DO SUDESTE PAULISTA LTDA. - UNICRED SUDESTE PAULISTA;5608957;b3S;;I;2;SOROCABA;SP;12/2009;2.218;0;0;7.852;3.006;13.076;0;0;0;0;0;0;0;0;13.076;0;194;13.270;0;2.150;15.420
COOPERATIVA DE ECONOMIA E CREDITO MUTUO DOS MEDICOS E DEMAIS PROFISSIONAIS DA SAUDE DE CRUZ ALTA LTDA;73326449;b3S;;I;2;CRUZ ALTA;RS;12/2009;3.261;0;0;6.924;2.598;12.783;0;0;0;0;0;0;0;0;12.783;0;119;12.902;0;2.492;15.394
COOPERATIVA DE CRÉDITO DE LIVRE ADMISSÃO DE ASSOCIADOS DO MÉDIO SUL BAIANO - SICOOB COSTA DO DESCOBRIMENTO;1205736;b3S;;I;2;ITAMARAJU;BA;12/2009;2.864;0;0;2.466;615;5.945;0;0;0;0;0;0;0;2.301;8.245;0;1.030;9.276;0;6.107;15.382
COOPERATIVA DE CREDITO RURAL COM INTERACAO SOLIDARIA DE DOIS VIZINHOS - CRESOL DOIS VIZINHOS;971300;b3S;;I;2;DOIS VIZINHOS;PR;12/2009;1.182;0;0;2.725;734;4.641;0;0;0;0;0;0;0;102;4.743;0;8.156;12.899;0;2.471;15.370
COOPERATIVA DE ECONOMIA E CRÉDITO MÚTUO DOS COMERCIANTES DE CONFECÇÕES DE PITANGUI-CREDPIT;4181542;b3S;;I;2;PITANGUI;MG;12/2009;2.272;0;0;7.787;0;10.059;0;0;0;0;0;0;0;0;10.059;0;572;10.631;0;4.710;15.341
COOPERATIVA DE ECONOMIA E CRÉDITO MÚTUO DOS EMPREGADOS DAS EMPRESAS DO GRUPO ZEMA LTDA.;71378426;b3S;;I;2;ARAXA;MG;12/2009;3.526;0;0;3.210;1;6.737;0;0;0;0;0;0;0;0;6.737;0;1.052;7.788;0;7.501;15.289
UNICRED PIAUI - COOPERATIVA DE ECONOMIA E CRÉDITO MÚTUO DOS  PROFISSIONAIS DA SAÚDE DAS REGIÕES CENTRO E NORTE DO PIAUÍ LTDA;3128973;b3S;;I;2;TERESINA;PI;12/2009;2.277;0;0;6.052;2.884;11.212;0;0;0;0;0;0;0;0;11.212;0;864;12.076;0;3.203;15.280
COOPERATIVA DE CRÉDITO RURAL DE SACRAMENTO LTDA - SICOOB CREDICOASA;71154256;b3S;;I;2;SACRAMENTO;MG;12/2009;2.923;0;0;5.540;0;8.463;0;0;0;0;0;0;0;50;8.513;0;1.618;10.131;0;5.135;15.265
COOPERATIVA DE CRÉDITO RURAL E DE MICRO E PEQUENOS EMPRESÁRIOS DO VALE DO RIO GRANDE LTDA   SICOOB UBERABA;25683475;b3S;;I;2;UBERABA;MG;12/2009;4.615;0;0;3.255;65;7.935;0;0;0;0;0;0;0;612;8.547;0;3.317;11.864;0;3.336;15.200
COOPERATIVA DE ECONOMIA E CRÉDITO MÚTUO DOS MÉDICOS E DEMAIS  PROFISSIONAIS DA ÁREA DE SAÚDE DO NORDESTE DA BAHIA LTDA - UNICRED  NORDESTE DA BAHIA;2602922;b3S;;I;2;FEIRA DE SANTANA;BA;12/2009;3.288;0;0;7.156;0;10.444;0;0;0;0;0;0;0;0;10.444;0;653;11.098;0;4.082;15.180
COOPERATIVA DE CREDITO RURAL COM INTERACAO SOLIDARIA DE CORONEL VIVIDA - CRESOL CORONEL VIVIDA;2446089;b3S;;I;2;CORONEL VIVIDA;PR;12/2009;682;0;0;2.944;1;3.627;0;0;0;0;0;0;0;81;3.708;0;8.552;12.259;0;2.848;15.108
COOPERATIVA DE ECONOMIA E CRÉDITO MÚTUO DOS COMERCIANTES DE CONFECÇÕES DO VESTUÁRIO DO CENTRO NORDESTE MINEIRO LTDA;2173447;b3S;;I;2;GUANHAES;MG;12/2009;3.345;0;0;9.242;279;12.866;0;0;0;0;0;0;0;0;12.866;0;482;13.348;0;1.752;15.100
COOPERATIVA DE CREDITO MUTUO DOS DESPACHANTES DE TRANSITO DE SANTA CATARINA;4715685;b3S;;I;2;FLORIANOPOLIS;SC;12/2009;1.831;0;0;3.612;2.061;7.504;0;0;0;0;0;0;0;430;7.934;0;1.190;9.124;0;5.973;15.097
COOPERATIVA DE CRÉDITO RURAL DE PARAÍSO DO TOCANTINS LTDA;26960328;b3S;;I;2;PARAISO DO NORTE DO TOCANTINS;TO;12/2009;2.759;0;0;1.463;2;4.223;0;0;0;0;0;0;0;843;5.067;0;2.449;7.515;0;7.573;15.088
SICOOB CREDIMONTES - COOPERATIVA DE ECONOMIA E CRÉDITO MÚTUO DOS COMERCIANTES DE CONFECÇÕES DE MONTES CLAROS LTDA.;2031139;b3S;;I;2;MONTES CLAROS;MG;12/2009;4.731;0;0;4.851;0;9.582;0;0;0;0;0;0;0;800;10.382;0;975;11.357;0;3.702;15.059
COOPERATIVA DE ECONOMIA E CREDITO MUTUO DOS MEDICOS E DEMAIS PROFISSIONAIS DA SAUDE DO VALE DAS ANTAS LTDA;94243839;b3S;;I;2;CASCA;RS;12/2009;6.641;0;0;3.997;0;10.637;0;0;0;0;0;0;0;0;10.637;0;471;11.108;0;3.918;15.026
UNICRED COSTA DO SOL RJ - COOPERATIVA DE ECONOMIA E CRÉDITO MÚTUO DOS PROFISSIONAIS DE SAÚDE DA COSTA DO SOL LTDA.;39231527;b3S;;I;2;MACAE;RJ;12/2009;3.903;0;0;4.315;1.258;9.476;0;0;0;0;0;0;0;0;9.476;0;770;10.247;0;4.767;15.014
NOSSA TERRA COOPERATIVA DE CRÉDITO;49204605;b3S;;I;2;CAJATI;SP;12/2009;0;0;0;0;0;0;0;0;0;0;0;0;0;0;0;0;625;625;0;14.311;14.937
COOPERATIVA DE ECONOMIA E CREDITO MUTUO DOS PROFISSIONAIS DA AREA DE SAUDE DE FRANCISCO BELTRAO;2412022;b3S;;I;2;FRANCISCO BELTRAO;PR;12/2009;1.444;0;0;8.672;1.213;11.329;0;0;0;0;0;0;0;2;11.331;0;731;12.062;0;2.796;14.858
COOPERATIVA DE CRÉDITO MÚTUO DOS PROFISSIONAIS DA ÁREA DE SAÚDE E DOS EMPRESÁRIOS DO SETOR INDUSTRIAL ASSOCIADOS AO SINBI DA ALTA NOROESTE DE SÃO PAULO - SICREDI ALTA NOROESTE SP;4484490;b3S;;I;2;BIRIGUI;SP;12/2009;3.366;0;0;7.545;1.391;12.302;0;0;0;0;0;0;0;0;12.302;0;270;12.572;0;2.223;14.795
PILLA CORRETORA DE VALORES MOBILIÁRIOS E CÂMBIO LTDA.;92875780;n2;;I;2;PORTO ALEGRE;RS;12/2009;0;0;0;0;0;0;0;0;0;0;0;0;0;0;0;0;3.812;3.812;0;10.811;14.623
COOPERATIVA DE CREDITO RURAL DO PLANALTO SERRANO  SICOOB/SC - CREDISERRA;1692448;b3S;;I;2;URUPEMA;SC;12/2009;1.221;0;0;3.923;517;5.660;0;0;0;0;0;0;0;5.392;11.052;0;330;11.382;0;3.195;14.577
COOPERATIVA DE CRÉDITO DE IGUATAMA LTDA. - SICOOB CREDITAMA;26359745;b3S;;I;2;IGUATAMA;MG;12/2009;1.821;0;0;3.119;1.267;6.207;0;0;0;0;0;0;0;0;6.207;0;2.605;8.812;0;5.758;14.570
COOPERATIVA DE CRÉDITO RURAL DOS PLANTADORES DE CANA DA ZONA DA MATA LTDA.   SICOOB COPERCREDI;23806219;b3S;;I;2;PONTE NOVA;MG;12/2009;3.355;0;0;5.013;1.401;9.768;0;0;0;0;0;0;0;0;9.768;0;1.703;11.471;0;3.092;14.562
COOPERATIVA DE ECONOMIA E CRÉDITO MÚTUO DOS EMPREGADOS DAS EMPRESAS DO GRUPO ECONÔMICO RHODIA;57563728;b3S;;I;2;SANTO ANDRE;SP;12/2009;50;0;0;4.410;0;4.461;0;0;0;0;0;0;0;0;4.461;0;856;5.317;0;9.227;14.544
COOPERATIVA DE CRÉDITO DOS PEQUENOS EMPRESÁRIOS, MICROEMPRESÁRIOS E MICROEMPREENDEDORES DA REGIÃO METROPOLITANA DE FLORIANÓPOLIS - SICREDI METROPOLITANA SC;4902340;b3S;;I;2;FLORIANOPOLIS;SC;12/2009;2.053;0;0;7.142;3.292;12.488;0;0;0;0;0;0;0;0;12.488;0;503;12.991;0;1.538;14.529
COOPERATIVA DE CRÉDITO DOS PEQUENOS EMPRESÁRIOS, MICROEMPRESÁRIOS E MICROEMPREENDEDORES DO VALE DO ITAJAÍ   SICREDI EMPREENDEDORES SC;10506295;b3S;;I;2;BLUMENAU;SC;12/2009;2.513;0;0;9.791;0;12.304;0;0;0;0;0;0;0;0;12.304;0;186;12.490;0;2.038;14.528
INFINITY CORRETORA DE CÂMBIO, TÍTULOS E VALORES MOBILIÁRIOS S.A.;3014007;n2;;I;2;SAO PAULO;SP;12/2009;0;0;0;0;0;0;0;0;0;0;0;0;0;0;0;4.921;1.836;6.756;0;7.697;14.453
COOPERATIVA DE ECONOMIA E CREDITO MUTUO DOS SERVIDORES DO PODER JUDICIARIO DO ESTADO DE MATO GROSSO - CREDIJUD;3326437;b3S;;I;2;CUIABA;MT;12/2009;986;0;0;2.287;931;4.203;0;0;0;0;0;0;0;1.095;5.298;0;1.066;6.364;0;8.045;14.408
COOPERATIVA DE CRÉDITO RURAL COM INTERAÇÃO SOLIDÁRIA DE DONA EMMA - CRESOL DONA EMMA;4261151;b3S;;I;2;DONA EMMA;SC;12/2009;762;0;0;4.490;4;5.257;0;0;0;0;0;0;0;6.681;11.938;0;186;12.124;0;2.275;14.399
COOPERATIVA DE ECONOMIA E CRÉDITO MÚTUO DOS BANCÁRIOS DE GOIÂNIA LTDA;97360804;b3S;;I;2;GOIANIA;GO;12/2009;896;0;0;4.300;1.520;6.716;0;0;0;0;0;0;0;957;7.674;0;195;7.869;0;6.469;14.338
COOPERATIVA DE CRÉDITO RURAL COM INTERAÇÃO SOLIDÁRIA DE XAVANTINA - CRESOL XAVANTINA;8055016;b3S;;I;2;XAVANTINA;SC;12/2009;672;0;0;4.879;0;5.551;0;0;0;0;0;0;0;5.753;11.304;0;219;11.524;0;2.791;14.315
COOPERATIVA DE ECONOMIA E CRÉDITO MÚTUO DOS MÉDICOS E DEMAIS PROFISSIONAIS DA SAÚDE DE UBA LTDA.;1602677;b3S;;I;2;UBA;MG;12/2009;3.205;0;0;8.621;0;11.826;0;0;0;0;0;0;0;0;11.826;0;234;12.061;0;2.205;14.266
COOPERATIVA DE CRÉDITO DOS EMPRESÁRIOS DE ARAPONGAS - SICOOB ARAPONGAS;7194313;b3S;;I;2;ARAPONGAS;PR;12/2009;3.399;0;0;5.253;913;9.566;0;0;0;0;0;0;0;52;9.617;0;1.731;11.348;0;2.752;14.101
FIN-HAB CREDITO IMOBILIARIO S/A;90535998;n1;;I;2;PORTO ALEGRE;RS;12/2009;0;0;0;0;0;0;0;0;0;0;0;0;0;0;0;0;4.220;4.220;0;9.772;13.991
COOPERATIVA DE ECONOMIA E CRÉDITO MÚTUO DOS EMPREGADOS DA EMPRESA BRASILEIRA DE CORREIOS E TELÉGRAFOS DO ESTADO DE MINAS GERAIS LTDA. - SICOOB COOPERCORREIOS;3862898;b3S;;I;2;BELO HORIZONTE;MG;12/2009;681;0;0;3.387;1.871;5.939;0;0;0;0;0;0;0;0;5.939;0;846;6.785;0;7.095;13.880
COOPERATIVA DE ECONOMIA E CRÉDITO MÚTUO DOS COMERCIANTES DE CONFECÇÕES DO VESTUÁRIO DA COSTA OESTE DO ESTADO DO PARANÁ LTDA. - SICOOB CREDIOESTE;4876393;b3S;;I;2;FOZ DO IGUACU;PR;12/2009;4.380;0;0;4.514;727;9.622;0;0;0;0;0;0;0;860;10.482;0;971;11.453;0;2.312;13.765
COOPERATIVA DE CREDITO RURAL COM INTERACAO SOLIDARIA DE VERE - CRESOL VERE;3348165;b3S;;I;2;VERE;PR;12/2009;524;0;0;2.258;0;2.782;0;0;0;0;0;0;0;577;3.359;0;8.033;11.392;0;2.344;13.736
COOPERATIVA DE CREDITO DE LIVRE ADMISSAO DE PARA DE MINAS LTDA - ASCICRED;1009908;b3S;;I;2;PARA DE MINAS;MG;12/2009;5.701;0;0;2.679;683;9.064;0;0;0;0;0;0;0;0;9.064;0;1.040;10.104;0;3.541;13.645
COOPERATIVA DE ECONOMIA E CRÉDITO MÚTUO DOS FUNCIONÁRIOS DO ATACADÃO;52046299;b3S;;I;2;SAO PAULO;SP;12/2009;0;0;0;0;0;0;0;0;0;0;0;0;0;0;0;0;837;837;0;12.770;13.606
COOPERATIVA DE CRÉDITO RURAL DE PALMEIRAS LTDA;37631058;b3S;;I;2;PALMEIRAS DE GOIAS;GO;12/2009;2.515;0;0;1.944;50;4.509;0;0;0;0;0;0;0;115;4.623;0;1.896;6.519;0;7.015;13.535
COOPERATIVA DE CRÉDITO RURAL DE PORTO VELHO LTDA. - PORTOCREDI;4544165;b3S;;I;2;PORTO VELHO;RO;12/2009;2.485;0;0;4.932;53;7.470;0;0;0;0;0;0;0;1.192;8.661;0;860;9.521;0;3.981;13.503
COOPERATIVA DE CRÉDITO DE DORES DO INDAIÁ LTDA - SICOOB CREDINDAIÁ;71069587;b3S;;I;2;DORES DO INDAIA;MG;12/2009;1.709;0;0;4.825;0;6.534;0;0;0;0;0;0;0;1.334;7.868;0;1.534;9.402;0;4.077;13.479
COOPERATIVA DE CREDITO RURAL DE CASSIA LTDA - SICOOB CREDICASSIA;22597264;b3S;;I;2;CASSIA;MG;12/2009;1.649;0;0;2.682;699;5.029;0;0;0;0;0;0;0;4.048;9.077;0;1.102;10.179;0;3.290;13.469
COOPERATIVA DE CRÉDITO RURAL VALE DO CANOAS - SICOOB/SC - CREDICANOAS;707903;b3S;;I;2;ABDON BATISTA;SC;12/2009;1.744;0;0;4.762;97;6.602;0;0;0;0;0;0;0;3.593;10.195;0;360;10.554;0;2.742;13.296
COOPERATIVA DE CREDITO DE MARTINHO CAMPOS LTDA - SICOOB CREDIMAC;64480833;b3S;;I;2;MARTINHO CAMPOS;MG;12/2009;1.838;0;0;3.422;1.137;6.396;0;0;0;0;0;0;0;369;6.765;0;3.118;9.882;0;3.350;13.233
PAX CORRETORA DE VALORES E CAMBIO LTDA.;6979363;n2;;I;2;FORTALEZA;CE;12/2009;0;0;0;0;0;0;0;0;0;0;0;0;0;0;0;0;7.116;7.116;0;6.116;13.231
COOPERATIVA DE CRÉDITO RURAL DE RIO BRANCO LTDA.;5439425;b3S;;I;2;RIO BRANCO;AC;12/2009;4.225;0;0;4.573;0;8.798;0;0;0;0;0;0;0;0;8.798;0;488;9.285;0;3.921;13.206
COOPERATIVA DE ECONOMIA E CREDITO MUTUO DOS MEDICOS E DEMAIS PROFISSIONAIS DA SAUDE DA FRONTEIRA OESTE LTDA;4724403;b3S;;I;2;URUGUAIANA;RS;12/2009;1.220;0;0;7.345;15;8.580;0;0;0;0;0;0;0;1.577;10.157;0;240;10.396;0;2.805;13.202
COOPERATIVA DE CRÉDITO RURAL COM INTERAÇÃO SOLIDÁRIA DE SANTO CRISTO - CRESOL SANTO CRISTO;6031727;b3S;;I;2;SANTO CRISTO;RS;12/2009;737;0;0;4.016;0;4.752;0;0;0;0;0;0;0;5.811;10.563;0;480;11.043;0;2.108;13.151
COOPERATIVA DE CRÉDITO RURAL DE VAZANTE LTDA. - SICOOB CREDIVAZ;803287;b3S;;I;2;VAZANTE;MG;12/2009;2.563;0;0;3.562;404;6.529;0;0;0;0;0;0;0;105;6.634;0;2.716;9.350;0;3.752;13.103
COOPERATIVA DE CRÉDITO RURAL DE MORRINHOS LTDA;33579731;b3S;;I;2;MORRINHOS;GO;12/2009;2.991;0;0;3.534;104;6.628;0;0;0;0;0;0;0;192;6.821;0;1.376;8.197;0;4.818;13.014
COOPERATIVA DE ECONOMIA E CRÉDITO MÚTUO DOS SERVIDORES PÚBLICOS FEDERAIS DE UBERLÂNDIA LTDA.;65308447;b3S;;I;2;UBERLANDIA;MG;12/2009;110;0;0;336;0;446;0;0;0;0;0;0;0;1.012;1.458;0;753;2.211;0;10.716;12.926
COOPERATIVA DE CRÉDITO DE PIMENTA LTDA - SICOOB CREDIPIMENTA;42934794;b3S;;I;2;PIMENTA;MG;12/2009;2.560;0;0;4.319;0;6.878;0;0;0;0;0;0;0;2.689;9.567;0;464;10.031;0;2.767;12.798
COOPERATIVA DE CRÉDITO DE GUARULHOS;49069990;b3S;;I;2;GUARULHOS;SP;12/2009;3.312;0;0;816;0;4.128;0;0;0;0;0;0;0;0;4.128;0;894;5.022;0;7.754;12.776
CREBEL - COOPERATIVA DE ECONOMIA E CRÉDITO MÚTUO DOS COLABORADORES DAS EMPRESAS BELGO BEKAERT - CREBEL LTDA.;23241540;b3S;;I;2;CONTAGEM;MG;12/2009;0;0;0;0;0;0;0;0;0;0;0;0;0;0;0;0;89;89;0;12.668;12.757
COOPERATIVA DE CRÉDITO RURAL DE JARU LTDA.;4685303;b3S;;I;2;JARU;RO;12/2009;2.188;0;0;3.959;0;6.146;0;0;0;0;0;0;0;0;6.146;0;1.450;7.596;0;5.139;12.735
COOPERATIVA DE CREDITO RURAL COM INTERACAO SOLIDARIA DE PLANALTO - CRESOL PLANALTO;4225119;b3S;;I;2;PLANALTO;PR;12/2009;1.362;0;0;3.154;0;4.516;0;0;0;0;0;0;0;265;4.781;0;6.296;11.077;0;1.640;12.716
COOPERATIVA DE ECONOMIA E CRÉDITO MÚTUO DOS SERVIDORES DA UNIVERSIDADE FEDERAL DE VIÇOSA LTDA. - SICOOB UFVCREDI;2794761;b3S;;I;2;VICOSA;MG;12/2009;1.094;0;0;3.889;0;4.984;0;0;0;0;0;0;0;0;4.984;0;536;5.520;0;7.192;12.712
COOPERATIVA DE CREDITO DE SAO GONÇALO DO PARA LTDA - SICOOB CREDISAOGONÇALO;41683228;b3S;;I;2;SAO GONCALO DO PARA;MG;12/2009;3.321;0;0;3.191;2.012;8.524;0;0;0;0;0;0;0;0;8.524;0;1.082;9.606;0;3.076;12.681
COOPERATIVA DE ECONOMIA E CRÉDITO MÚTUO DOS SERVIDORES DO PODER LEGISLATIVO FEDERAL E DO DISTRITO FEDERAL - SICOOB LEGISLATIVO;3329154;b3S;;I;2;BRASILIA;DF;12/2009;251;0;0;1.694;4.734;6.679;0;0;0;0;0;0;0;1.884;8.563;0;227;8.790;0;3.882;12.672
COOPERATIVA DE ECONOMIA E CREDITO MUTUO DOS INTEGRANTES DA BRIGADA MILITAR DO RIO GRANDE DO SUL - SICREDI MIL;3212823;b3S;;I;3;PORTO ALEGRE;RS;12/2009;1.019;0;0;6.289;2.229;9.537;0;0;0;0;0;0;0;0;9.537;0;172;9.710;0;2.887;12.597
CREDSEF - COOPERATIVA DE ECONOMIA E CRÉDITO MÚTUO DOS SERVIDORES DA SECRETARIA DE FAZENDA DO DISTRITO FEDERAL;3603683;b3S;;I;2;BRASILIA;DF;12/2009;40;0;0;5.235;1.419;6.694;0;0;0;0;0;0;0;0;6.694;0;494;7.188;0;5.392;12.580
COOPERATIVA DE CREDITO RURAL COM INTERACAO SOLIDARIA DE CHOPINZINHO - CRESOL CHOPINZINHO;2511232;b3S;;I;2;CHOPINZINHO;PR;12/2009;731;0;0;2.891;0;3.622;0;0;0;0;0;0;0;3;3.625;0;5.894;9.519;0;3.010;12.529
COOPERATIVA DE ECONOMIA E CRÉDITO MÚTUO DOS FUNCIONÁRIOS DA ASSOCIAÇÃO CONGREGAÇÃO DE SANTA CATARINA;65560658;b3S;;I;2;SAO PAULO;SP;12/2009;0;0;0;30;0;30;0;0;0;0;0;0;0;1.507;1.537;0;1.287;2.824;0;9.631;12.456
COOPERATIVA DE CREDITO RURAL COM INTERACAO SOLIDARIA DE TRES BARRAS DO PARANA - CRESOL TRES BARRAS DO PARANA;4273001;b3S;;I;2;TRES BARRAS DO PARANA;PR;12/2009;668;0;0;1.447;0;2.115;0;0;0;0;0;0;0;438;2.553;0;7.991;10.544;0;1.907;12.452
COOPERATIVA DE CRÉDITO RURAL DE GUAPÉ LTDA - SICOOB CREDIGUAPÉ;71009237;b3S;;I;2;GUAPE;MG;12/2009;3.510;0;0;2.577;0;6.087;0;0;0;0;0;0;0;3.138;9.224;0;593;9.817;0;2.537;12.354
COOPERATIVA DE ECONOMIA E CRÉDITO MÚTUO DOS EMPRESÁRIOS DE TRANSPORTES DO ESTADO DE SANTA CATARINA LTDA. - TRANSPOCRED;8075352;b3S;;I;2;FLORIANOPOLIS;SC;12/2009;2.936;0;0;5.536;8;8.481;0;0;0;0;0;0;0;1.747;10.228;0;161;10.389;0;1.930;12.319
COOPERATIVA DE CREDITO RURAL COM INTERACAO SOLIDARIA DE TURVO - CRESOL TURVO;2483330;b3S;;I;2;TURVO;PR;12/2009;867;0;0;2.169;0;3.036;0;0;0;0;0;0;0;282;3.318;0;6.907;10.225;0;2.085;12.310
HOYA CORRETORA DE VALORES E CAMBIO LTDA;34974170;n2;;I;2;RIO DE JANEIRO;RJ;12/2009;0;0;0;0;0;0;0;0;0;0;0;0;0;0;0;0;5.098;5.098;0;7.192;12.291
COOPERATIVA DE ECONOMIA E CRÉDITO MÚTUO DOS PROFISSIONAIS DA ÁREA NOTARIAL E REGISTRAL DO RIO GRANDE DO SUL E SANTA CATARINA;7714057;b3S;;I;2;PORTO ALEGRE;RS;12/2009;5.690;0;0;4.422;0;10.112;0;0;0;0;0;0;0;0;10.112;0;347;10.459;0;1.794;12.253
COOPERATIVA DE ECONOMIA E CREDITO MUTUO DOS MEDICOS E DEMAIS PROFISSIONAIS DA SAUDE DO LITORAL SUL LTDA - UNICRED LITORAL SUL-RS.;1823689;b3S;;I;2;RIO GRANDE;RS;12/2009;1.463;0;0;6.187;2.146;9.795;0;0;0;0;0;0;0;0;9.795;0;223;10.018;0;2.231;12.249
COOPERATIVA DE CRÉDITO RURAL URUBICI - SICOOB/SC - CREDIARAUCÁRIA;2587492;b3S;;I;2;URUBICI;SC;12/2009;1.108;0;0;4.146;3;5.257;0;0;0;0;0;0;0;4.491;9.748;0;323;10.071;0;2.122;12.193
COOPERATIVA DE ECONOMIA E CRÉDITO MÚTUO DOS SERVIDORES MUNICIPAIS DE SÃO JOÃO DA BOA VISTA - CREDIVISTA;74248949;b3S;;I;2;SAO JOAO DA BOA VISTA;SP;12/2009;951;0;0;3.435;2.409;6.795;0;0;0;0;0;0;0;0;6.795;0;1.430;8.225;0;3.910;12.135
COOPERATIVA DE CRÉDITO MÚTUO DOS SERVIDORES DO MINISTERIO DA EDUCAÇÃO EM SÃO PAULO - COOPEMESP;73092827;b3S;;I;2;SAO PAULO;SP;12/2009;210;0;0;513;8;730;0;0;0;0;0;0;0;0;730;0;424;1.155;0;10.891;12.046
COOPERATIVA DE CREDITO RURAL COM INTERACAO SOLIDARIA DE CORONEL MARTINS-CRESOL PEDRA BRANCA;5070112;b3S;;I;2;CORONEL MARTINS;SC;12/2009;1.108;0;0;2.800;0;3.909;0;0;0;0;0;0;0;5.634;9.543;0;173;9.716;0;2.314;12.030
COOPERATIVA DE ECONOMIA E CRÉDITO MÚTUO DOS EMPREGADOS DA RHODIA PAULINIA;46058731;b3S;;I;2;PAULINIA;SP;12/2009;0;0;0;0;0;0;0;0;0;0;0;0;0;0;0;0;217;217;0;11.668;11.885
COOPERATIVA DE ECONOMIA E CRÉDITO MÚTUO DA ALIANÇA DOS MÉDICOS E DEMAIS PROFISSIONAIS DA ÁREA DE SAÚDE DA REGIÃO NOROESTE PAULISTA - GRANCRED NOROESTE PAULISTA;3149086;b3S;;I;2;VOTUPORANGA;SP;12/2009;1.211;0;0;3.990;1.881;7.081;0;0;0;0;0;0;0;0;7.081;0;2.506;9.587;0;2.296;11.883
COOPERATIVA DE ECONOMIA E CREDITO MUTUO  DOS CORRETORES DE SEGUROS DE PORTO ALEGRE;2999687;b3S;;I;2;PORTO ALEGRE;RS;12/2009;1.355;0;0;4.631;2.088;8.075;0;0;0;0;0;0;0;185;8.260;0;130;8.390;0;3.435;11.825
COOPERATIVA DE ECONOMIA E CRÉDITO MÚTUO DOS MÉDICOS E PROFISSIONAIS DA SAÚDE DA REGIÃO DE CARATINGA, MANHUAÇU E CARANGOLA LTDA. - SICOOB PROFISSIONAIS DA SAÚDE;71261184;b3S;;I;2;CARATINGA;MG;12/2009;1.845;0;0;5.876;12;7.732;0;0;0;0;0;0;0;0;7.732;0;838;8.570;0;3.214;11.784
COOPERATIVA DE ECONOMIA E CRÉDITO MÚTUO DOS PETROLEIROS NO ESTADO DE MINAS GERAIS LTDA. - COPETRO;26758433;b3S;;I;2;BELO HORIZONTE;MG;12/2009;0;0;0;0;0;0;0;0;0;0;0;0;0;0;0;0;416;416;0;11.344;11.760
COOPERATIVA DE CRÉDITO RURAL DE JAÚ E REGIÃO;52198074;b3S;;I;2;JAU;SP;12/2009;1.248;0;0;4.245;6;5.499;0;0;0;0;0;0;0;938;6.437;0;844;7.281;0;4.397;11.678
FITTA DISTRIBUIDORA DE TITULOS E VALORES MOBILIARIOS S.A.;3512293;n2;;I;2;SAO PAULO;SP;12/2009;0;0;0;0;0;0;0;0;0;0;0;0;0;0;0;0;8.118;8.118;0;3.543;11.661
COOPERATIVA DE CREDITO RURAL COM INTERACAO SOLIDARIA DE SARANDI-CRESOL SARANDI;5220243;b3S;;I;2;SARANDI;RS;12/2009;1.023;0;0;2.485;0;3.508;0;0;0;0;0;0;0;5.473;8.980;0;388;9.368;0;2.288;11.656
COOPERATIVA DE CRÉDITO RURAL NOROESTE DO PARANÁ - SICOOB CREDI NOROESTE;5556424;b3S;;I;2;CAMPO MOURAO;PR;12/2009;2.499;0;0;2.491;2.223;7.214;0;0;0;0;0;0;0;1.019;8.232;0;328;8.560;0;3.088;11.648
COOPERATIVA DE CRÉDITO DOS EMPREGADOS DO SISTEMA FIESC;2405189;b3S;;I;2;FLORIANOPOLIS;SC;12/2009;2.261;0;0;5.818;2.251;10.330;0;0;0;0;0;0;0;0;10.330;0;195;10.525;0;1.112;11.637
COOPERATIVA DE CRÉDITO RURAL DE ANÁPOLIS LTDA;33615055;b3S;;I;2;ANAPOLIS;GO;12/2009;2.894;0;0;2.223;200;5.317;0;0;0;0;0;0;0;0;5.317;0;1.121;6.438;0;5.183;11.620
COOPERATIVA DE ECONOMIA E CRÉDITO MÚTUO DOS FUNCIONÁRIOS DA TETRA PAK;67341487;b3S;;I;2;MONTE MOR;SP;12/2009;0;0;0;0;0;0;0;0;0;0;0;0;0;0;0;0;977;977;0;10.621;11.598
MACRO CORRETORA DE CAMBIO E VALORES MOBILIARIOS LTDA;15219389;n2;;I;2;SALVADOR;BA;12/2009;0;0;0;0;0;0;0;0;0;0;0;0;0;0;0;0;11.115;11.115;0;456;11.571
COOPERATIVA DE CRÉDITO DE LIVRE ADMISSÃO DO VALE DO SÃO FRANCISCO LTDA. - UNICRED VALE DO SÃO FRANCISCO;4237413;b3S;;I;2;PETROLINA;PE;12/2009;2.355;0;0;3.497;72;5.924;0;0;0;0;0;0;0;0;5.924;0;838;6.763;0;4.790;11.553
COOPERATIVA DE CREDITO RURAL DE CACADOR - SICOOB - CAÇADOR/SC;86791837;b3S;;I;2;CACADOR;SC;12/2009;1.805;0;0;4.416;253;6.474;0;0;0;0;0;0;0;3.633;10.107;0;254;10.361;0;1.176;11.537
COOPERATIVA DE CREDITO RURAL COM INTERACAO SOLIDARIA DE SANTA MARIA-CRESOL SANTA MARIA;5220232;b3S;;I;2;SANTA MARIA;RS;12/2009;511;0;0;2.253;0;2.763;0;0;0;0;0;0;0;6.742;9.505;0;48;9.553;0;1.983;11.536
COOPERATIVA DE ECONOMIA E CRÉDITO MÚTUO DOS INTEGRANTES DO MINISTÉRIO PÚBLICO, DEFENSORIA PÚBLICA E PROCURADORIA GERAL DO ESTADO DE MATO GROSSO - SICREDI MP/MT;4363224;b3S;;I;2;CUIABA;MT;12/2009;2.090;0;0;4.728;1.033;7.851;0;0;0;0;0;0;0;0;7.851;0;637;8.488;0;2.945;11.433
COOPERATIVA DE ECONOMIA E CREDITO MUTUO DOS MEDICOS E DEMAIS PROFISSIONAIS DA SAUDE DA REGIÃO DA PRODUCAO LTDA- UNICRED REGIÃO DA PRODUÇÃO;1151839;b3S;;I;2;CARAZINHO;RS;12/2009;1.244;0;0;7.744;0;8.988;0;0;0;0;0;0;0;0;8.988;0;449;9.437;0;1.959;11.396
COOPERATIVA DE CRÉDITO RURAL COM INTERAÇÃO SOLIDÁRIA DE XAXIM-CRESOL XAXIM;3965737;b3S;;I;2;XAXIM;SC;12/2009;553;0;0;4.238;0;4.791;0;0;0;0;0;0;0;3;4.793;0;5.040;9.833;0;1.442;11.276
COOPERATIVA DE ECONOMIA E CRÉDITO MÚTUO DOS SERVIDORES DA SECRETARIA DA FAZENDA DO ESTADO BAHIA LTDA - SICOOB COOPERFISCO;4321309;b3S;;I;2;SALVADOR;BA;12/2009;765;0;0;4.479;2.654;7.897;0;0;0;0;0;0;0;0;7.897;0;294;8.192;0;3.061;11.252
COOPERATIVA DE ECONOMIA E CRÉDITO MÚTUO DOS MÉDICOS E  DEMAIS PROFISSIONAIS DE NÍVEL SUPERIOR DA SAÚDE DE PIRACICABA;5309949;b3S;;I;2;PIRACICABA;SP;12/2009;928;0;0;7.804;0;8.733;0;0;0;0;0;0;0;0;8.733;0;331;9.063;0;2.186;11.249
ORLA DISTRIBUIDORA DE TÍTULOS E VALORES MOBILIÁRIOS LTDA.;92904564;n2;;I;2;RIO DE JANEIRO;RJ;12/2009;0;0;0;0;0;0;8.143;0;0;0;0;0;0;0;8.143;0;695;8.838;0;2.394;11.232
COOPERATIVA DE CRÉDITO DOS EMPRESÁRIOS DE TELÊMACO BORBA - SICOOB CENTRO LESTE;7458684;b3S;;I;2;TELEMACO BORBA;PR;12/2009;3.563;0;0;3.831;1.120;8.514;0;0;0;0;0;0;0;0;8.514;0;534;9.048;0;2.176;11.223
CECRISACRED - COOPERATIVA DE CRÉDITO MÚTUO DOS EMPREGADOS DA INDÚSTRIA E COMÉRCIO DO RAMO DE MATERIAIS DE CONSTRUÇÃO DA REGIÃO DE CRICIÚMA.;3427097;b3S;;I;2;CRICIUMA;SC;12/2009;334;0;0;5.848;1.811;7.992;0;0;0;0;0;0;0;0;7.992;0;209;8.202;0;2.937;11.139
COOPERATIVA DE ECONOMIA E CRÉDITO MÚTUO DOS TRABALHADORES DA CIA. DE PROCESSAMENTO DE DADOS DO ESTADO DE SÃO PAULO - CREDIPRODESP;67915868;b3S;;I;2;TABOAO DA SERRA;SP;12/2009;0;0;0;0;0;0;0;0;0;0;0;0;0;0;0;0;505;505;0;10.625;11.130
COOPERATIVA DE ECONOMIA E CRÉDITO MÚTUO DOS MÉDICOS E PROFISSIONAIS DA SAÚDE DE PINDAMONHANGABA - UNICRED DE PINDAMONHANGABA;969423;b3S;;I;2;PINDAMONHANGABA;SP;12/2009;1.378;0;0;3.293;1.932;6.603;0;0;0;0;0;0;0;2.042;8.644;0;220;8.864;0;2.264;11.128
COOPERATIVA DE CRÉDITO RURAL COM INTERAÇÃO SOLIDÁRIA DE SANTIAGO DO SUL - CRESOL SANTIAGO;3661027;b3S;;I;2;SANTIAGO DO SUL;SC;12/2009;746;0;0;2.557;0;3.304;0;0;0;0;0;0;0;71;3.374;0;5.697;9.071;0;2.008;11.079
COOPERATIVA DE CREDITO RURAL COM INTERACAO SOLIDARIA DE PRANCHITA - CRESOL PRANCHITA;3190530;b3S;;I;2;PRANCHITA;PR;12/2009;737;0;0;2.772;0;3.509;0;0;0;0;0;0;0;560;4.069;0;5.309;9.379;0;1.687;11.065
COOPERATIVA DE CRÉDITO DE SERVIDORES PÚBLICOS E TRABALHADORES DA REDE DE ENSINO DA REGIÃO E COLAR METROPOLITANO DO VALE DO AÇO LTDA. - SICOOB COSMIPA;17361536;b3S;;I;2;IPATINGA;MG;12/2009;260;0;0;1.066;353;1.679;0;0;0;0;0;0;0;0;1.679;0;1.542;3.221;0;7.819;11.040
COOPERATIVA DE CRÉDITO MÚTUO DOS SERVIDORES PÚBLICOS MUNICIPAIS DE SÃO BERNARDO DO CAMPO - CREDIABC;3612679;b3S;;I;2;SAO BERNARDO DO CAMPO;SP;12/2009;0;0;0;1.235;0;1.235;0;0;0;0;0;0;0;457;1.691;0;467;2.159;0;8.724;10.883
COOPERATIVA DE CRÉDITO DOS EMPRESÁRIOS DE UMUARAMA - SICOOB ARENITO;7026923;b3S;;I;2;UMUARAMA;PR;12/2009;2.407;0;0;4.703;924;8.034;0;0;0;0;0;0;0;0;8.034;0;637;8.671;0;2.195;10.866
COOPERATIVA DE ECONOMIA E CRÉDITO MÚTUO DOS LOJISTAS DO VESTUÁRIO E CONFECÇÕES DE CUIABÁ - SICOOB COOPERLOJA;4019608;b3S;;I;2;CUIABA;MT;12/2009;3.346;0;0;3.335;579;7.260;0;0;0;0;0;0;0;0;7.260;0;1.723;8.983;0;1.858;10.841
COOPERATIVA DE ECONOMIA E CRÉDITO MÚTUO DOS FUNCIONÁRIOS DA FUNDACAO ZERBINI - COOPINCOR;1997612;b3S;;I;2;SAO PAULO;SP;12/2009;0;0;0;0;0;0;0;0;0;0;0;0;0;0;0;0;1.364;1.364;0;9.409;10.774
COOPERATIVA DE CRÉDITO DE PAINS LTDA. - SICOOB CREDIPAINS;64474059;b3S;;I;2;PAINS;MG;12/2009;1.571;0;0;3.868;302;5.740;0;0;0;0;0;0;0;268;6.008;0;2.103;8.111;0;2.652;10.763
COOPERATIVA DE ECONOMIA E CRÉDITO MÚTUO DOS PROFISSIONAIS DA EDUCAÇÃO DO NORTE, NOROESTE FLUMINENSE E REGIÃO DOS LAGOS;2931668;b3S;;I;2;CAMPOS DOS GOYTACAZES;RJ;12/2009;558;0;0;2.430;1.873;4.862;0;0;0;0;0;0;0;31;4.893;0;389;5.282;0;5.407;10.689
COOPERATIVA DE CREDITO RURAL COM INTERAÇÃO SOLIDÁRIA DE SAO VALENTIM-CRESOL SAO VALENTIM;3015152;b3S;;I;2;SAO VALENTIM;RS;12/2009;497;0;0;4.116;0;4.614;0;0;0;0;0;0;0;4.232;8.846;0;293;9.139;0;1.544;10.682
COOPERATIVA DE CRÉDITO MÚTUO DOS POLICIAIS FEDERAIS E SERVIDORES DA UNIÃO EM ALAGOAS - FEDERALCRED;2493000;b3S;;I;2;MACEIO;AL;12/2009;575;0;0;4.274;0;4.849;0;0;0;0;0;0;0;0;4.849;0;1.159;6.008;0;4.651;10.659
COOPERATIVA DE ECONOMIA E CRÉDITO MÚTUO DOS  COMERCIANTES DE CONFECÇÕES DE PIRAPORA LTDA - COOPERCRED;1789942;b3S;;I;2;PIRAPORA;MG;12/2009;1.780;0;0;6.228;0;8.008;0;0;0;0;0;0;0;466;8.475;0;625;9.100;0;1.513;10.613
ESCRITORIO RUY LAGE SOCIEDADE CORRETORA DE TITULOS LTDA;17305319;n2;;I;2;BELO HORIZONTE;MG;12/2009;0;0;0;0;0;0;0;0;0;0;0;0;0;0;0;21;1.814;1.835;0;8.764;10.598
COOPERATIVA DE CRÉDITO DE LIVRE ADMISSÃO DO CENTRO-OESTE DE MINAS LTDA - SICOOB CREDICARMOMINAS;71238232;b3S;;I;2;CARMOPOLIS DE MINAS;MG;12/2009;2.541;0;0;3.375;0;5.916;0;0;0;0;0;0;0;0;5.916;0;2.465;8.381;0;2.202;10.584
COOPERATIVA DE ECONOMIA E CRÉDITO MÚTUO DOS EMPREGADOS DA CONFAB;59305565;b3S;;I;2;PINDAMONHANGABA;SP;12/2009;0;0;0;0;0;0;0;0;0;0;0;0;0;0;0;0;1.226;1.226;0;9.352;10.578
COOPERATIVA DE CREDITO RURAL COM INTERACAO SOLIDARIA DE FORMOSA DO SUL-CRESOL FORMOSA;5269976;b3S;;I;2;FORMOSA DO SUL;SC;12/2009;843;0;0;4.214;0;5.057;0;0;0;0;0;0;0;3.798;8.855;0;179;9.034;0;1.535;10.569
COOPERATIVA DE CREDITO RURAL COM INTERAÇÃO SOLIDÁRIA. DE JACUTINGA - CRESOL JACUTINGA;2904125;b3S;;I;2;JACUTINGA;RS;12/2009;701;0;0;2.196;0;2.897;0;0;0;0;0;0;0;5.313;8.210;0;370;8.579;0;1.957;10.536
COOPERATIVA DE CRÉDITO DOS MICRO E PEQUENOS EMPRESÁRIOS DE CAMPO GRANDE E REGIÃO - SICREDI EMPRESARIAL MS;8545351;b3S;;I;2;CAMPO GRANDE;MS;12/2009;3.391;0;0;5.805;0;9.196;0;0;0;0;0;0;0;0;9.196;0;172;9.368;0;1.066;10.434
COOPERATIVA DE CRÉDITO MÚTUO DOS EMPREGADOS E SERVIDORES DA DERSA, SECRETARIA DE ESTADO DOS NEGOCIOS DOS TRANSPORTES E ÓRGAOS SUBORDINADOS DO ESTADO DE SÃO PAULO - COOPTRANSP;66555665;b3S;;I;2;SAO PAULO;SP;12/2009;0;0;0;0;0;0;0;0;0;0;0;0;0;0;0;0;1.141;1.141;0;9.277;10.418
COOPERATIVA DE CRÉDITO RURAL DE BURITÍS - SICOOB BURITÍS;5203605;b3S;;I;2;BURITIS;RO;12/2009;3.325;0;0;331;63;3.719;0;0;0;0;0;0;0;2.574;6.292;0;691;6.983;0;3.338;10.321
COOPERATIVA DE ECONOMIA E CRÉDITO MÚTUO DOS EMPREGADOS DA COMPANHIA BRASILEIRA DE ALUMÍNIO;54335401;b3S;;I;2;ALUMINIO;SP;12/2009;0;0;0;0;0;0;0;0;0;0;0;0;0;0;0;0;506;506;0;9.801;10.307
COOPERATIVA DE CRÉDITO DOS PEQUENOS EMPRESÁRIOS, MICROEMPRESÁRIOS E MICROEMPREENDEDORES DE MARECHAL CÂNDIDO RONDON - SICOOB MARECHAL;7097064;b3S;;I;2;MARECHAL CANDIDO RONDON;PR;12/2009;1.182;0;0;4.710;1.744;7.636;0;0;0;0;0;0;0;0;7.636;0;669;8.306;0;1.993;10.299
COOPERATIVA DE ECONOMIA E CRÉDITO MÚTUO DOS EMPREGADOS DO GRUPO FEMSA BRASIL;43488782;b3S;;I;2;SAO PAULO;SP;12/2009;0;0;0;0;0;0;0;0;0;0;0;0;0;0;0;0;611;611;0;9.665;10.276
COOPERATIVA DE CRÉDITO RURAL DO PLANALTO PAULISTA - CREDISOLO;2359108;b3S;;I;2;GARCA;SP;12/2009;455;0;0;4.857;31;5.343;0;0;0;0;0;0;0;2.481;7.824;0;306;8.130;0;2.128;10.258
COOPERATIVA DE ECONOMIA E CREDITO MUTUO DOS EMPREGADOS DO GRUPO BAYER LTDA;73631483;b3S;;I;2;BELFORD ROXO;RJ;12/2009;0;0;0;0;0;0;0;0;0;0;0;0;0;0;0;0;1.078;1.078;0;9.164;10.243
COOPERATIVA DE CRÉDITO DOS FORNECEDORES DE CANA DE BARRA BONITA E REGIÃO;44746352;b3S;;I;2;BARRA BONITA;SP;12/2009;307;0;0;228;85;620;0;0;0;0;0;0;0;0;620;0;1.873;2.492;0;7.738;10.230
UNICRED CRATEUS - COOPERATIVA DE CRÉDITO DE PEQUENOS EMPRESÁRIOS, MICROEMPRESÁRIOS E MICROEMPREENDEDORES DA REGIÃO DE CRATEUS LTDA;68389;b3S;;I;2;CRATEUS;CE;12/2009;1.128;0;0;3.586;110;4.823;0;0;0;0;0;0;0;2.172;6.996;0;683;7.678;0;2.550;10.228
COOPERATIVA DE ECONOMIA E CREDITO MUTUO DOS SERVIDORES UNIVERSIDADE FEDERAL DO ESPIRITO SANTO - CRED-UFES;27302181;b3S;;I;2;VITORIA;ES;12/2009;151;0;0;3.122;0;3.272;0;0;0;0;0;0;0;0;3.272;0;1.348;4.620;0;5.569;10.189
COOPERATIVA DE ECONOMIA E CRÉDITO MÚTUO DOS FUNCIONÁRIOS DO CONGLOMERADO BATTISTELLA;67087569;b3S;;I;2;SAO PAULO;SP;12/2009;0;0;0;0;0;0;0;0;0;0;0;0;0;0;0;0;496;496;0;9.665;10.161
COOPERATIVA DE ECONOMIA E CRÉDITO MÚTUO DOS EMPREGADOS DA COOP - COOPERATIVA DE CONSUMO;47074323;b3S;;I;2;SANTO ANDRE;SP;12/2009;387;0;0;693;16;1.096;0;0;0;0;0;0;0;0;1.096;0;861;1.957;0;8.184;10.140
COOPERATIVA DE ECONOMIA E CRÉDITO MÚTUO DOS  COMERCIANTES DE CONFECÇÕES DA REGIÃO DA SERRA GERAL DE MINAS LTDA.;2804469;b3S;;I;2;JANAUBA;MG;12/2009;3.917;0;0;3.155;2;7.074;0;0;0;0;0;0;0;0;7.074;0;294;7.367;0;2.730;10.097
COOPERATIVA DE ECONOMIA E CRÉDITO MÚTUO DOS EMPREGADOS DA EATON DE VALINHOS;73077398;b3S;;I;2;VALINHOS;SP;12/2009;0;0;0;0;0;0;0;0;0;0;0;0;0;0;0;0;985;985;0;9.095;10.080
COOPERATIVA DE CRÉDITO RURAL DE ALTA FLORESTA D'OESTE LTDA;4979202;b3S;;I;2;ALTA FLORESTA D'OESTE;RO;12/2009;3.528;0;0;3.159;0;6.687;0;0;0;0;0;0;0;0;6.687;0;160;6.848;0;3.198;10.046
PARATI - CREDITO, FINANCIAMENTO E INVESTIMENTO S.A.;3311443;n1;;I;2;VITORIA;ES;12/2009;0;0;0;0;0;0;0;0;0;0;0;0;0;0;0;0;534;534;0;9.498;10.032
COOPERATIVA DE ECONOMIA E CREDITO MUTUO DOS MEDICOS E DEMAIS PROFISSIONAIS DA SAUDE DE BAGE LTDA;2463485;b3S;;I;2;BAGE;RS;12/2009;1.532;0;0;5.725;419;7.676;0;0;0;0;0;0;0;0;7.676;0;188;7.864;0;2.164;10.028
COOPERATIVA DE ECONOMIA E CRÉDITO MÚTUO DOS SERVIDORES PÚBLICOS DOS MUNICÍPIOS DA REGIÃO METROPOLITANA DA GRANDE VITÓRIA/ES;1235921;b3S;;I;2;VITORIA;ES;12/2009;4;0;0;11;0;15;0;0;0;0;0;0;0;0;15;0;1.963;1.977;0;8.048;10.025
COOPERATIVA DE CRÉDITO RURAL ASCOOB ITAPICURU;3921543;b3S;;I;2;SANTALUZ;BA;12/2009;1.613;0;0;3.514;2.073;7.199;0;0;0;0;0;0;0;672;7.872;0;507;8.379;0;1.640;10.020
CENTRAL DAS COOPERATIVAS DE CRÉDITO MÚTUO DOS POLICIAIS FEDERAIS E SERVIDORES DA UNIÃO - FEDERALCRED CENTRAL;4843307;b3C;;I;2;MACEIO;AL;12/2009;0;0;0;0;0;0;0;0;0;0;0;0;0;0;0;0;6.650;6.650;0;3.349;9.999
COOPERATIVA DE ECONOMIA E CRÉDITO MÚTUO DOS EMPREGADOS DA TEKSID DO BRASIL LTDA., E NEMAK ALUMÍNIO DO BRASIL LTDA.;4249235;b3S;;I;2;BETIM;MG;12/2009;0;0;0;1.694;0;1.694;0;0;0;0;0;0;0;0;1.694;0;619;2.312;0;7.650;9.962
COOPERATIVA DE CREDITO RURAL COM INTERACAO SOLIDARIA DE ARATIBA-CRESOL ARATIBA;4565791;b3S;;I;2;ARATIBA;RS;12/2009;622;0;0;4.210;0;4.832;0;0;0;0;0;0;0;3.387;8.219;0;143;8.362;0;1.539;9.901
COOPERATIVA DE CREDITO RURAL COM INTERACAO SOLIDARIA DE SALGADO FILHO - CRESOL SALGADO FILHO;4611476;b3S;;I;2;SALGADO FILHO;PR;12/2009;262;0;0;1.863;0;2.125;0;0;0;0;0;0;0;0;2.125;0;6.115;8.240;0;1.658;9.898
COOPERATIVA DE ECONOMIA E CRÉDITO MÚTUO DOS SERVIDORES MUNICIPAIS DA PREFEITURA DE BELO HORIZONTE LTDA. - SICOOB CREDISERVBH;1864151;b3S;;I;2;BELO HORIZONTE;MG;12/2009;200;0;0;2.042;0;2.242;0;0;0;0;0;0;0;378;2.620;0;807;3.427;0;6.407;9.833
DIDIER-LEVY ASSOCIADOS CORRETORA DE CÂMBIO S/A;52937216;n2;;I;2;SAO PAULO;SP;12/2009;0;0;0;0;0;0;0;0;0;0;0;0;0;0;0;0;6.376;6.376;0;3.374;9.750
COOPERATIVA DE CRÉDITO RURAL DE ROLIM DE MOURA LTDA.;3985375;b3S;;I;2;ROLIM DE MOURA;RO;12/2009;2.087;0;0;2.369;0;4.456;0;0;0;0;0;0;0;0;4.456;0;932;5.388;0;4.349;9.737
COOPERATIVA DE CRÉDITO DOS BANCÁRIOS DE SÃO PAULO E MUNICÍPIOS LIMÍTROFES;3422007;b3S;;I;3;SAO PAULO;SP;12/2009;0;0;0;5.523;0;5.523;0;0;0;0;0;0;0;0;5.523;0;356;5.879;0;3.851;9.730
COOPERATIVA DE CRÉDITO MÚTUO DOS POLICIAIS FEDERAIS NO CEARÁ - FEDERALCRED;3620772;b3S;;I;2;FORTALEZA;CE;12/2009;362;0;0;3.266;106;3.734;0;0;0;0;0;0;0;0;3.734;0;604;4.338;0;5.388;9.727
AGÊNCIA DE FOMENTO DO ESTADO DO TOCANTINS S.A.;5474540;n1;;I;1;PALMAS;TO;12/2009;0;0;0;0;0;0;0;0;0;0;0;0;0;0;0;0;172;172;0;9.499;9.671
COOPERATIVA DE CRÉDITO DOS MÉDICOS E DEMAIS PROFISSIONAIS DA SAÚDE DE VITÓRIA DA CONQUISTA;2833202;b3S;;I;2;VITORIA DA CONQUISTA;BA;12/2009;2.567;0;0;4.048;0;6.615;0;0;0;0;0;0;0;0;6.615;0;216;6.831;0;2.839;9.670
CREDFAZ MANAUS - COOPERATIVA DE ECONOMIA E CRÉDITO MÚTUO DOS SERVIDORES DA SECRETARIA DA FAZENDA DO ESTADO DO AMAZONAS EM MANAUS LTDA;5580585;b3S;;I;2;MANAUS;AM;12/2009;469;0;0;5.045;0;5.514;0;0;0;0;0;0;0;0;5.514;0;352;5.866;0;3.783;9.649
COOPERATIVA DE CRÉDITO RURAL DO ALTO PAJEÚ - CREDIPAJEÚ LTDA;3732359;b3S;;I;2;SAO JOSE DO EGITO;PE;12/2009;2.264;0;0;2.326;606;5.196;0;0;0;0;0;0;0;674;5.870;0;549;6.419;0;3.222;9.641
COOPERATIVA DE ECONOMIA E CREDITO MUTUO DOS MEDICOS E DEMAIS PROFISSIONAIS DA  SAUDE DE CACHOEIRA DO SUL LTDA;2240143;b3S;;I;2;CACHOEIRA DO SUL;RS;12/2009;1.139;0;0;4.699;0;5.838;0;0;0;0;0;0;0;1.578;7.417;0;292;7.708;0;1.859;9.568
COOPERATIVA DE ECONOMIA E CREDITO MUTUO DOS SERVIDORES PÚBLICOS ESTADUAIS DO RIO GRANDE DO SUL EM PORTO ALEGRE E GRANDE PORTO ALEGRE;3973814;b3S;;I;2;PORTO ALEGRE;RS;12/2009;366;0;0;6.203;0;6.568;0;0;0;0;0;0;0;201;6.769;0;463;7.231;0;2.322;9.553
COOPERATIVA DE CRÉDITO DE LIVRE ADMISSÃO DE ASSOCIADOS DO LITORAL CATARINENSE - SICREDI LITORAL SC;10348181;b3S;;I;2;ITAPEMA;SC;12/2009;2.236;0;0;4.907;0;7.143;0;0;0;0;0;0;0;0;7.143;0;95;7.238;0;2.305;9.543
COOPERATIVA DE CREDITO RURAL COM INTERACAO SOLIDARIA DE SALTO DO LONTRA - CRESOL SALTO DO LONTRA;5135542;b3S;;I;2;SALTO DO LONTRA;PR;12/2009;662;0;0;2.433;0;3.095;0;0;0;0;0;0;0;290;3.385;0;4.660;8.045;0;1.385;9.430
SAX S/A - CRÉDITO, FINANCIAMENTO E INVESTIMENTO;7747410;n1;;I;2;BARUERI;SP;12/2009;0;0;0;0;0;0;0;0;0;0;0;0;0;0;0;0;876;876;0;8.551;9.426
COOPERATIVA DE CRÉDITO RURAL DO PLANALTO SUL - SICOOB/SC - CREDISSERRANA;3033469;b3S;;I;2;LAGES;SC;12/2009;1.994;0;0;3.315;676;5.986;0;0;0;0;0;0;0;2.052;8.038;0;667;8.705;0;684;9.389
BALUARTE S.A. CORRETORA DE CAMBIO;61688131;n2;;I;2;SAO PAULO;SP;12/2009;0;0;0;0;0;0;0;0;0;0;0;0;0;0;0;0;1.842;1.842;0;7.477;9.319
COOPERATIVA DE CRÉDITO MÚTUO DOS POLICIAIS FEDERAIS E SERVIDORES DA UNIÃO NA PARAÍBA - FEDERALCRED;3102185;b3S;;I;2;JOAO PESSOA;PB;12/2009;395;0;0;1.038;2.294;3.727;0;0;0;0;0;0;0;460;4.187;0;974;5.161;0;4.059;9.220
COOPERATIVA DE CRÉDITO MÚTUO DOS PROFESSORES E FUNCIONÁRIOS DA UNIVERSIDADE DE CAXIAS DO SUL - SICREDI COOPERUCS;4525997;b3S;;I;2;CAXIAS DO SUL;RS;12/2009;526;0;0;4.116;2.137;6.779;0;0;0;0;0;0;0;0;6.779;0;216;6.995;0;2.123;9.119
COOPERATIVA DE CRÉDITO RURAL DE SÃO VICENTE DE MINAS LTDA. - SICOOB CREDISAVI;86476199;b3S;;I;2;SAO VICENTE DE MINAS;MG;12/2009;1.126;0;0;3.313;1;4.441;0;0;0;0;0;0;0;0;4.441;0;3.414;7.855;0;1.252;9.106
COOPERATIVA DE ECONOMIA E CRÉDITO MÚTUO DOS SECURITARIOS, DOS CORRETORES DE SEGUROS E DE CAPITALIZACAO DO RIO DE JANEIRO LTDA.;3930587;b3S;;I;2;RIO DE JANEIRO;RJ;12/2009;2.604;0;0;2.838;388;5.830;0;0;0;0;0;0;0;0;5.830;0;196;6.026;0;3.073;9.098
COOPERATIVA DE ECONOMIA E CRÉDITO MÚTUO DOS SERVIDORES DA JUSTIÇA DO ESTADO DE MINAS GERAIS LTDA. - SICOOB CREDJUS;4894460;b3S;;I;2;BELO HORIZONTE;MG;12/2009;0;0;0;2.886;0;2.886;0;0;0;0;0;0;0;0;2.886;0;441;3.327;0;5.766;9.093
COOPERATIVA DE ECONOMIA E CRÉDITO MÚTUO DOS EMPREGADOS DA AÇO MINAS GERAIS S.A. - AÇOMINAS E EMPRESAS SUBSIDIÁRIAS EM OURO BRANCO LTDA. - COOPAÇO;17314501;b3S;;I;2;OURO BRANCO;MG;12/2009;0;0;0;0;0;0;0;0;0;0;0;0;0;0;0;0;727;727;0;8.343;9.070
CREDSUPER - COOPERATIVA DE ECONOMIA E CRÉDITO MÚTUO DOS SERVIDORES DA UNIVERSIDADE FEDERAL DO RIO GRANDE DO NORTE;4138455;b3S;;I;2;NATAL;RN;12/2009;225;0;0;878;1.353;2.456;0;0;0;0;0;0;0;2.338;4.794;0;267;5.061;0;4.005;9.066
COOPERATIVA DE CREDITO RURAL COM INTERACAO SOLIDARIA DE SAO JOAQUIM-CRESOL SÃO JOAQUIM;2766672;b3S;;I;2;SAO JOAQUIM;SC;12/2009;574;0;0;1.776;0;2.350;0;0;0;0;0;0;0;4.208;6.558;0;243;6.801;0;2.264;9.065
COOPERATIVA DE CRÉDITO MÚTUO DOS POLICIAIS FEDERAIS E SERVIDORES DA UNIÃO NO ESTADO DE GOIÁS - FEDERALCRED;2339371;b3S;;I;3;GOIANIA;GO;12/2009;954;0;0;2.707;0;3.661;0;0;0;0;0;0;0;444;4.105;0;276;4.381;0;4.669;9.051
COOPERATIVA DE ECONOMIA E CRÉDITO MÚTUO DOS MÉDICOS E DEMAIS PROFISSIONAIS LIBERAIS DA GRANDE SANTA ROSA LTDA.;1775072;b3S;;I;2;SANTA ROSA;RS;12/2009;958;0;0;2.896;3.226;7.080;0;0;0;0;0;0;0;0;7.080;0;256;7.336;0;1.695;9.031
COOPERATIVA DE ECONOMIA E CRÉDITO MÚTUO DOS SERVIDORES DA SECRETARIA DA FAZENDA DO ESTADO DE GOIÁS;3565483;b3S;;I;2;GOIANIA;GO;12/2009;2.112;0;0;3.550;202;5.864;0;0;0;0;0;0;0;0;5.864;0;399;6.262;0;2.760;9.022
COOPERATIVA DE ECONOMIA E CRÉDITO MÚTUO DOS FUNCIONÁRIOS DAS EMPRESAS DE ENERGIA ELÉTRICA DO ESTADO DE SÃO PAULO - COOPENERG;52301496;b3S;;I;2;SAO PAULO;SP;12/2009;72;0;0;2.408;0;2.480;0;0;0;0;0;0;0;1.361;3.841;0;87;3.928;0;5.085;9.013
COOPERATIVA DE CREDITO RURAL COM INTERACAO SOLIDARIA DE NOVA PRATA DO IGUACU - CRESOL NOVA PRATA DO IGUACU;3014407;b3S;;I;2;NOVA PRATA DO IGUACU;PR;12/2009;330;0;0;1.200;156;1.687;0;0;0;0;0;0;0;64;1.751;0;5.497;7.248;0;1.742;8.990
COOPERATIVA DE ECONOMIA E CREDITO MUTUO DOS MEDICOS E DEMAIS PROFISSIONAIS DA  SAUDE DA REGIAO DA FRONTEIRA LTDA- UNICRED REGIÃO DA FRONTEIRA;1705236;b3S;;I;2;SANTANA DO LIVRAMENTO;RS;12/2009;939;0;0;3.745;1.316;6.000;0;0;0;0;0;0;0;0;6.000;0;366;6.366;0;2.598;8.964
COOPERATIVA DE ECONOMIA E CRÉDITO MÚTUO DOS MÉDICOS E PROFISSIONAIS DA ÁREA DE SAÚDE DE SÃO PAULO - SICOOB GRANDE SÃO PAULO;69181709;b3S;;I;2;SAO PAULO;SP;12/2009;641;0;0;3.841;2.006;6.488;0;0;0;0;0;0;0;517;7.005;0;464;7.470;0;1.474;8.943
TATICA S.A. - DISTRIBUIDORA DE TITULOS E VALORES MOBILIARIOS;66616632;n2;;I;2;SAO PAULO;SP;12/2009;0;0;0;0;0;0;0;0;0;0;0;0;0;0;0;0;2.055;2.055;0;6.876;8.931
COOPERATIVA DE ECONOMIA E CRÉDITO MÚTUO DOS MÉDICOS E DEMAIS PROFISSIONAIS DA SAÚDE DE TEÓFILO OTONI LTDA.;1709266;b3S;;I;2;TEOFILO OTONI;MG;12/2009;1.042;0;0;4.541;0;5.583;0;0;0;0;0;0;0;0;5.583;0;353;5.936;0;2.989;8.925
COOPERATIVA DE ECONOMIA E CRÉDITO MUTUO DOS MEDICOS E DEMAIS PROFISSIONAIS DE NIVEL SUPERIOR DA AREA DE SAUDE DE SALVADOR E REGIAO METROPOLITANA LTDA - SICOOB CREDMED;7440317;b3S;;I;2;SALVADOR;BA;12/2009;2.644;0;0;3.937;73;6.654;0;0;0;0;0;0;0;74;6.728;0;133;6.861;0;2.064;8.925
COOPERATIVA DE ECONOMIA E CRÉDITO MÚTUO DOS FUNCIONÁRIOS DA GERDAU S.A. - UNIDADE PINDAMONHANGABA;60219045;b3S;;I;2;PINDAMONHANGABA;SP;12/2009;0;0;0;0;0;0;0;0;0;0;0;0;0;0;0;0;972;972;0;7.941;8.912
DOMUS - CIA. DE CREDITO IMOBILIARIO;10372647;n1;;I;2;FORTALEZA;CE;12/2009;0;0;0;0;0;0;0;0;0;0;0;0;0;0;0;0;341;341;0;8.561;8.902
COOPERATIVA DE CRÉDITO DE LIVRE ADMISSÃO DE ASSOCIADOS DO NORDESTE DO PARÁ - SICREDI NORDESTE PA;10772401;b3S;;I;2;PARAGOMINAS;PA;12/2009;2.600;0;0;823;0;3.423;0;0;0;0;0;0;0;0;3.423;0;3.925;7.348;0;1.535;8.883
COOPERATIVA DE CRÉDITO MÚTUO DOS EMPRESÁRIOS DE FRANCA E REGIÃO - CRED-ACIF;4013172;b3S;;I;2;FRANCA;SP;12/2009;3.352;0;0;3.051;10;6.412;0;0;0;0;0;0;0;0;6.412;0;799;7.211;0;1.671;8.882
COOPERATIVA DE ECONOMIA E CRÉDITO MUTUO DOS PROFISSIONAIS DA SAUDE DA REGIÃO SUL DO ESTADO DE SÃO PAULO LTDA - UNICRED REGIONAL SUL;2203219;b3S;;I;2;ITAPETININGA;SP;12/2009;1.083;0;0;4.737;93;5.913;0;0;0;0;0;0;0;1.541;7.454;0;410;7.865;0;1.006;8.870
COOPERATIVA DE ECONOMIA E CRÉDITO MÚTUO DOS SERVIDORES PÚBLICOS FEDERAIS DO MUNICÍPIO DE UBERABA E SUAS FUNDAÇÕES - SICOOB - CREDIMED LTDA.;71336432;b3S;;I;2;UBERABA;MG;12/2009;462;0;0;1.617;1.811;3.890;0;0;0;0;0;0;0;0;3.890;0;739;4.629;0;4.183;8.812
COOPERATIVA DE CREDITO RURAL COM INTERAÇÃO SOLIDARIA DE REALEZA - CRESOL REALEZA;7076644;b3S;;I;2;REALEZA;PR;12/2009;2.195;0;0;836;0;3.031;0;0;0;0;0;0;0;152;3.183;0;4.527;7.710;0;1.081;8.791
COOPERATIVA DE CRÉDITO RURAL COM INTERAÇÃO SOLIDÁRIA DE RIO FORTUNA - CRESOL RIO FORTUNA;7958405;b3S;;I;2;RIO FORTUNA;SC;12/2009;976;0;0;4.939;0;5.915;0;0;0;0;0;0;0;1.741;7.656;0;66;7.722;0;1.066;8.788
CORVAL - CORRETORA DE VALORES MOBILIARIOS S/A;17312786;n2;;I;2;BELO HORIZONTE;MG;12/2009;0;0;0;0;0;0;0;0;0;0;0;0;0;0;0;0;2.222;2.222;0;6.538;8.760
COOPERATIVA DE ECONOMIA E CRÉDITO MÚTUO DOS EMPRESÁRIOS DE RIBEIRÃO PRETO E REGIÃO - SICOOB COOPERAC;8071414;b3S;;I;2;RIBEIRAO PRETO;SP;12/2009;1.797;0;0;4.154;1.092;7.042;0;0;0;0;0;0;0;0;7.042;0;174;7.217;0;1.541;8.758
COOPERATIVA DE ECONOMIA E CRÉDITO MÚTUO DOS COLABORADORES DO GRUPO SAINT GOBAIN;61039038;b3S;;I;2;SAO PAULO;SP;12/2009;0;0;0;0;0;0;0;0;0;0;0;0;0;0;0;0;527;527;0;8.227;8.753
UNICRED CABO FRIO, COOPERATIVA DE ECONOMIA E CRÉDITO MÚTUO DOS MÉDICOS E DEMAIS PROFISSIONAIS DE SAÚDE DE CABO FRIO LTDA.;2214201;b3S;;I;2;CABO FRIO;RJ;12/2009;2.213;0;0;3.491;0;5.705;0;0;0;0;0;0;0;0;5.705;0;144;5.849;0;2.863;8.712
COOPERATIVA DE CREDITO RURAL COM INTERACAO SOLIDARIA DE SANTO ANTONIO DO SUDOESTE - CRESOL SANTO ANTONIO DO SUDOESTE;4649750;b3S;;I;2;SANTO ANTONIO DO SUDOESTE;PR;12/2009;1.005;0;0;1.943;0;2.948;0;0;0;0;0;0;0;328;3.276;0;3.884;7.160;0;1.520;8.680
COOPERATIVA DE CRÉDITO DO CIRCUITO DAS MALHAS LTDA. - SICOOB CREDMALHAS;3941182;b3S;;I;2;MONTE SIAO;MG;12/2009;1.264;0;0;2.463;168;3.895;0;0;0;0;0;0;0;2.035;5.931;0;402;6.333;0;2.322;8.655
COOPERATIVA DE CRÉDITO MÚTUO DOS PROFISSIONAIS DE SAÚDE DE GOIÂNIA E REGIÃO LTDA.;1601342;b3S;;I;2;GOIANIA;GO;12/2009;1.906;0;0;2.513;0;4.419;0;0;0;0;0;0;0;39;4.458;0;1.117;5.575;0;3.079;8.653
COOPERATIVA DE CREDITO RURAL COM INTERACAO SOLIDARIA DE CERRO AZUL - CRESOL CERRO AZUL;5326643;b3S;;I;2;CERRO AZUL;PR;12/2009;780;0;0;2.009;0;2.790;0;0;0;0;0;0;0;103;2.893;0;3.943;6.835;0;1.812;8.647
COOPERATIVA DE CRÉDITO DOS MAGISTRADOS DO ESTADO DO RIO DE JANEIRO LTDA. - MAGICRED-RJ;5040680;b3S;;I;3;RIO DE JANEIRO;RJ;12/2009;0;0;0;5.440;0;5.440;0;0;0;0;0;0;0;0;5.440;0;224;5.664;0;2.979;8.643
OLIVEIRA TRUST DISTRIBUIDORA DE TÍTULOS E VALORES MOBILIARIOS S.A.;36113876;n2;;I;2;RIO DE JANEIRO;RJ;12/2009;0;0;0;0;0;0;0;0;0;0;0;0;0;0;0;0;4.317;4.317;0;4.232;8.549
COOPERATIVA DE ECONOMIA E CRÉDITO MÚTUO DOS COMERCIANTES DE CONFECÇÕES DE SÃO SEBASTIÃO DO PARAÍSO  LTDA. - SICOOB PARAÍSOCRED;1657678;b3S;;I;2;SAO SEBASTIAO DO PARAISO;MG;12/2009;728;0;0;5.086;0;5.814;0;0;0;0;0;0;0;4;5.818;0;898;6.716;0;1.825;8.541
COOPERATIVA DE ECONOMIA E CRÉDITO MÚTUO DOS ENGENHEIROS E ARQUITETOS DO ESTADO DO TOCANTINS LTDA.;9337443;b3S;;I;2;PALMAS;TO;12/2009;3.818;0;0;3.574;0;7.391;0;0;0;0;0;0;0;0;7.391;0;107;7.498;0;988;8.487
COOPERATIVA DE CRÉDITO RURAL DOS EMPREENDEDORES RURAIS DE RIO VERDE E REGIÃO - GOIÁS;6332931;b3S;;I;2;RIO VERDE;GO;12/2009;1.834;0;0;4.304;161;6.298;0;0;0;0;0;0;0;0;6.298;0;924;7.222;0;1.258;8.480
PARMETAL DISTRIBUIDORA DE TÍTULOS E VALORES MOBILIÁRIOS LTDA;20155248;n2;;I;2;SAO PAULO;SP;12/2009;0;0;0;0;0;0;0;0;0;0;0;0;0;0;0;1.916;5.581;7.497;0;980;8.477
COOPERATIVA DE ECONOMIA E CRÉDITO MÚTUO DOS FUNCIONÁRIOS E PRESTADORES DE SERVIÇOS DA COCRED-COPERCANA-CANAOESTE - SICOOB CRED COPERCANA;64739121;b3S;;I;2;SERTAOZINHO;SP;12/2009;664;0;0;3.684;35;4.383;0;0;0;0;0;0;0;0;4.383;0;714;5.098;0;3.368;8.465
COOPERATIVA DE CRÉDITO DOS EMPRESÁRIOS DA FOZ DO RIO ITAJAÍ-AÇU - CREDIFOZ;9512539;b3S;;I;2;ITAJAI;SC;12/2009;2.515;0;0;3.454;2;5.971;0;0;0;0;0;0;0;1.461;7.432;0;92;7.524;0;922;8.446
ADVALOR DISTRIBUIDORA DE TÍTULOS E VALORES MOBILIÁRIOS LTDA;33824012;n2;;I;2;RIO DE JANEIRO;RJ;12/2009;0;0;0;0;0;0;0;0;0;0;0;0;0;0;0;0;411;411;0;8.031;8.441
COOPERATIVA DE CREDITO RURAL COM INTERACAO SOLIDARIA DE SAO JORGE D'OESTE - CRESOL SAO JORGE D'OESTE;2934201;b3S;;I;2;SAO JORGE D'OESTE;PR;12/2009;725;0;0;1.804;0;2.529;0;0;0;0;0;0;0;73;2.602;0;4.424;7.026;0;1.412;8.438
COPERCRED - COOPERATIVA DE ECONOMIA E CRÉDITO MÚTUO DOS EMPREGADOS DAS EMPRESAS ZILLO LORENZETTI;58022195;b3S;;I;2;LENCOIS PAULISTA;SP;12/2009;222;0;0;813;0;1.035;0;0;0;0;0;0;0;0;1.035;0;578;1.612;0;6.813;8.426
COOPERATIVA DE CREDITO RURAL COM INTERACAO SOLIDARIA DE VIRMOND - CRESOL VIRMOND;4663561;b3S;;I;2;VIRMOND;PR;12/2009;332;0;0;960;0;1.292;0;0;0;0;0;0;0;289;1.581;0;5.236;6.817;0;1.601;8.418
COOPERATIVA DE CREDITO RURAL COM INTERACAO SOLIDARIA DE PINHAO - CRESOL PINHAO;1276398;b3S;;I;2;PINHAO;PR;12/2009;470;0;0;1.522;0;1.992;0;0;0;0;0;0;0;107;2.100;0;4.512;6.612;0;1.790;8.401
COOPERATIVA DE CREDITO EMPRESARIAL DE RIO VERDE E REGIAO LTDA;9033698;b3S;;I;2;RIO VERDE;GO;12/2009;2.613;0;0;3.853;0;6.467;0;0;0;0;0;0;0;0;6.467;0;105;6.572;0;1.795;8.367
COOPERATIVA DE CREDITO RURAL COM INTERACAO SOLIDARIA DE DIONISIO CERQUEIRA-CRESOL DIONÍSIO CERQUEIRA;2844024;b3S;;I;2;DIONISIO CERQUEIRA;SC;12/2009;576;0;0;1.805;0;2.381;0;0;0;0;0;0;0;4.320;6.701;0;191;6.892;0;1.451;8.343
COOPERÁGUIA - COOPERATIVA DE ECONOMIA E CRÉDITO MÚTUO DOS EMPREGADOS DO GRUPO ÁGUIA BRANCA;27171974;b3S;;I;2;CARIACICA;ES;12/2009;0;0;0;0;0;0;0;0;0;0;0;0;0;6;6;0;1.160;1.166;0;7.097;8.262
COOPERATIVA DE CREDITO RURAL COM INTERAÇÃO SOLIDARIA DE SANTA ROSA DE LIMA-CRESOL SANTA ROSA DE LIMA;3485130;b3S;;I;2;SANTA ROSA DE LIMA;SC;12/2009;874;0;0;4.984;0;5.858;0;0;0;0;0;0;0;1.279;7.137;0;125;7.262;0;998;8.260
COOPERATIVA DE CRÉDITO RURAL DE COLORADO DO OESTE LTDA.;5360478;b3S;;I;2;COLORADO DO OESTE;RO;12/2009;1.174;0;0;1.147;63;2.384;0;0;0;0;0;0;0;1.628;4.012;0;334;4.346;0;3.908;8.254
COOPERATIVA DE ECONOMIA E CRÉDITO MÚTUO DOS MÉDICOS E DEMAIS PROFISSIONAIS DE NÍVEL SUPERIOR DA ÁREA DE SAÚDE DE OURINHOS - OURICRED;2179673;b3S;;I;2;OURINHOS;SP;12/2009;875;0;0;3.157;2.909;6.941;0;0;0;0;0;0;0;0;6.941;0;145;7.086;0;1.166;8.252
COOPERATIVA DE CRÉDITO DOS EMPRESÁRIOS DO SUDOESTE INTEGRADO - SICOOB INTEGRADO;7122321;b3S;;I;2;CORONEL VIVIDA;PR;12/2009;936;0;0;3.677;357;4.969;0;0;0;0;0;0;0;1.309;6.278;0;277;6.555;0;1.684;8.239
UNICRED-CAMPOS CECM MEDICOS DEMAIS P.DE SAUDE DE CAMPOS LTDA;4445917;b3S;;I;2;CAMPOS DOS GOYTACAZES;RJ;12/2009;2.399;0;0;1.986;1.303;5.688;0;0;0;0;0;0;0;0;5.688;0;491;6.179;0;2.002;8.181
CENTRAL DAS COOPERATIVAS DE CRÉDITO DOS ESTADOS DE MATO GROSSO E MATO GROSSO DO SUL;106180;b3C;;I;2;CUIABA;MT;12/2009;0;0;0;0;0;0;0;0;0;0;0;0;0;0;0;0;1.653;1.653;0;6.509;8.162
COOPERATIVA DE CRÉDITO DOS PLANTADORES DE CANA DA REGIÃO DE LENÇÓIS PAULISTA;50848910;b3S;;I;2;LENCOIS PAULISTA;SP;12/2009;0;0;0;0;0;0;0;0;0;0;0;0;0;0;0;0;143;143;13;7.966;8.122
COOPERATIVA DE ECONOMIA E CRÉDITO MÚTUO DOS FUNCIONÁRIOS DO GRUPO WAL MART - SICOOB COOPERBOM;74026998;b3S;;I;2;SALVADOR;BA;12/2009;110;0;0;1.403;665;2.178;0;0;0;0;0;0;0;800;2.978;0;350;3.328;0;4.782;8.111
COOPERATIVA DE CREDITO RURAL COM INTERACAO SOLIDARIA DE QUILOMBO -  CRESOL QUILOMBO;73254757;b3S;;I;2;QUILOMBO;SC;12/2009;703;0;0;2.272;0;2.975;0;0;0;0;0;0;0;3.570;6.544;0;304;6.848;0;1.260;8.108
COOPERUFPA - COOPERATIVA DE ECONOMIA E CRÉDITO MÚTUO DOS SERVIDORES DO MINISTÉRIO DA EDUCAÇÃO NO ESTADO DO PARÁ;83325811;b3S;;I;2;BELEM;PA;12/2009;0;0;0;132;10;142;0;0;0;0;0;0;0;632;774;0;677;1.451;0;6.629;8.080
COOPERATIVA DE CRÉDITO RURAL ASCOOB COOPERAR;2025743;b3S;;I;2;ARACI;BA;12/2009;1.357;0;0;0;4.796;6.153;0;0;0;0;0;0;0;423;6.576;0;190;6.767;0;1.303;8.070
COOPERATIVA DE ECONOMIA E CRÉDITO MÚTUO DOS FUNCIONÁRIOS DO GRUPO OWENS-ILLINOIS DO BRASIL;43182278;b3S;;I;2;SAO PAULO;SP;12/2009;0;0;0;0;0;0;0;0;0;0;0;0;0;0;0;0;590;590;0;7.470;8.061
COOPERATIVA DE CRÉDITO DE SÃO FRANCISCO DE SALES LTDA - SICOOB CREDICOOPERTRIL;1374196;b3S;;I;2;SAO FRANCISCO DE SALES;MG;12/2009;1.080;0;0;1.396;5;2.480;0;0;0;0;0;0;0;1.050;3.531;0;2.121;5.652;0;2.391;8.043
COOPERATIVA DE ECONOMIA E CREDITO MUTUO DOS LOJISTAS DO VESTUARIO E CONFECÇÕES DE BARRA DO GARÇAS - SICOOB ARAGUAIA;5244177;b3S;;I;2;BARRA DO GARCAS;MT;12/2009;2.487;0;0;4.882;214;7.583;0;0;0;0;0;0;0;0;7.583;0;156;7.739;0;290;8.029
MOMENTO DISTRIBUIDORA DE TITULOS E VALORES MOBILIARIOS LTDA;97447304;n2;;I;2;RIO DE JANEIRO;RJ;12/2009;0;0;0;0;0;0;0;0;0;0;0;0;0;0;0;0;2.545;2.545;0;5.462;8.007
UNÂNIME - COOPERATIVA DE ECONOMIA E CRÉDITO MÚTUO DOS SERVIDORES PÚBLICOS DO PODER EXECUTIVO DO ESTADO DO CEARÁ, NA REGIÃO METROPOLITANA DE FORTALEZA LTDA.;4428988;b3S;;I;2;FORTALEZA;CE;12/2009;105;0;0;5.571;0;5.676;0;0;0;0;0;0;0;0;5.676;0;727;6.403;0;1.576;7.978
COOPERATIVA DE CRÉDITO RURAL DE ALTEROSA LTDA - SICOOB COOPEROSA;71437123;b3S;;I;2;ALTEROSA;MG;12/2009;965;0;0;2.781;1;3.747;0;0;0;0;0;0;0;0;3.747;0;1.754;5.500;0;2.451;7.951
COOPERATIVA DE CRÉDITO EMPRESARIAL DO VALE SAO PATRICIO LTDA;7502031;b3S;;I;2;GOIANESIA;GO;12/2009;2.115;0;0;986;223;3.324;0;0;0;0;0;0;0;35;3.359;0;395;3.753;0;4.189;7.943
COOPERATIVA DE CREDITO RURAL COM INTERACAO SOLIDARIA DE CENTENARIO - CRESOL CENTENARIO;2904138;b3S;;I;2;AUREA;RS;12/2009;400;0;0;1.483;0;1.884;0;0;0;0;0;0;0;4.397;6.281;0;225;6.506;0;1.367;7.873
COOPERATIVA DE ECONOMIA E CRÉDITO MÚTUO DOS FUNCIONÁRIOS DA INTERNATIONAL INDÚSTRIA AUTOMOTIVA DA AMÉRICA DO SUL;59620708;b3S;;I;2;SAO PAULO;SP;12/2009;0;0;0;0;0;0;0;0;0;0;0;0;0;0;0;0;179;179;0;7.692;7.870
COOPERATIVA DE CRÉDITO RURAL DE INHAMBUPE LTDA. - SICOOB CREDITE;1845359;b3S;;I;2;INHAMBUPE;BA;12/2009;1.761;0;0;3.108;174;5.043;0;0;0;0;0;0;0;716;5.760;0;383;6.142;0;1.726;7.868
COOPERATIVA DE ECONOMIA E CRÉDITO MÚTUO DOS SERVIDORES DA SECRETARIA DE SAÚDE E DOS TRABALHADORES EM ENSINO DO DF LTDA. - SICOOB CREDIDF;1667861;b3S;;I;2;BRASILIA;DF;12/2009;137;0;0;260;1;398;0;0;0;0;0;0;0;4.304;4.702;0;389;5.092;0;2.773;7.865
COOPERATIVA DE CREDITO RURAL COM INTERACAO SOLIDARIA DE SANTA IZABEL DO OESTE - CRESOL SANTA IZABEL DO OESTE;5276770;b3S;;I;2;SANTA IZABEL DO OESTE;PR;12/2009;369;0;0;750;327;1.446;0;0;0;0;0;0;0;207;1.653;0;4.844;6.497;0;1.361;7.857
COOPERATIVA DE ECONOMIA E CRÉDITO MÚTUO DOS SERVIDORES PÚBLICOS ESTADUAIS DA REGIÃO METROPOLITANA DE BELÉM LTDA - SICOOB COOESA;83836114;b3S;;I;2;BELEM;PA;12/2009;341;0;0;1.878;266;2.485;0;0;0;0;0;0;0;573;3.058;0;1.038;4.096;0;3.745;7.841
COOPERATIVA DE CRÉDITO MÚTUO DOS MÉDICOS DAS MICROREGIÕES DE GOIÂNIA E ANÁPOLIS LTDA;1720488;b3S;;I;2;GOIANIA;GO;12/2009;1.571;0;0;2.880;2;4.453;0;0;0;0;0;0;0;0;4.453;0;295;4.748;0;3.090;7.838
COOPERATIVA DE ECONOMIA E CRÉDITO MÚTUO DOS SERVIDORES DO PODER EXECUTIVO FEDERAL DO ESTADO DE RONDÔNIA - CREDIFORTE;3497143;b3S;;I;2;PORTO VELHO;RO;12/2009;156;0;0;456;392;1.004;0;0;0;0;0;0;0;1.473;2.477;0;359;2.836;0;4.987;7.824
COOPERATIVA DE ECONOMIA E CRÉDITO MÚTUO DOS FUNCIONÁRIOS DA ASTRAZENECA DO BRASIL;1288797;b3S;;I;2;COTIA;SP;12/2009;0;0;0;0;0;0;0;0;0;0;0;0;0;0;0;0;245;245;0;7.563;7.808
COOPERATIVA DE ECONOMIA E CREDITO MUTUO DOS EMPREGADOS DO GRUPO CVRD E ENTIDADES VINCULADAS LTDA.;33924028;b3S;;I;2;RIO DE JANEIRO;RJ;12/2009;0;0;0;3.198;0;3.198;0;0;0;0;0;0;0;0;3.198;0;1.187;4.385;0;3.394;7.779
COOPERATIVA DE ECONOMIA E CRÉDITO MÚTUO DOS PROFISSIONAIS DA SAÚDE E DE PEQUENOS EMPRESÁRIOS, MICROEMPRESÁRIOS OU MICROEMPREENDEDORES DA REGIÃO VALE DO JAGUARIBE LTDA. - UNICRED VALE DO JAGUARIBE;74172685;b3S;;I;2;LIMOEIRO DO NORTE;CE;12/2009;924;0;0;1.975;1.165;4.065;0;0;0;0;0;0;0;1.475;5.539;0;271;5.810;0;1.956;7.766
COOPERATIVA DE CREDITO RURAL HORIZONTES NOVOS DE CANGUCU - CREHNOR SUL;5132104;b3S;;I;2;CANGUCU;RS;12/2009;554;0;0;535;0;1.089;0;0;0;0;0;0;0;0;1.089;0;1.539;2.629;0;5.133;7.761
COOPERATIVA DE CRÉDITO DOS EMPREGADOS DE ELEVADORES ATLAS;43730498;b3S;;I;2;SAO PAULO;SP;12/2009;0;0;0;0;0;0;0;0;0;0;0;0;0;0;0;0;344;344;0;7.413;7.756
FAIR CORRETORA DE CAMBIO S.A.;32648370;n2;;I;2;SAO PAULO;SP;12/2009;0;0;0;0;0;0;0;0;0;0;0;0;0;0;0;0;4.822;4.822;0;2.931;7.753
COOPERATIVA DE CRÉDITO RURAL DO VALE DO URUPA LTDA;2049217;b3S;;I;2;OURO PRETO DO OESTE;RO;12/2009;2.130;0;0;1.083;0;3.213;0;0;0;0;0;0;0;0;3.213;0;400;3.613;0;4.139;7.751
COOPERATIVA DE CREDITO RURAL COM INTERACAO SOLIDARIA DE RENASCENÇA - CRESOL RENASCENÇA;4350225;b3S;;I;2;RENASCENCA;PR;12/2009;463;0;0;1.272;1;1.736;0;0;0;0;0;0;0;4;1.740;0;4.603;6.343;0;1.404;7.746
COOPERATIVA DE CRÉDITO DOS PEQUENOS EMPRESÁRIOS, MICROEMPRESÁRIOS E MICROEMPREENDEDORES DO NORTE DE MINAS LTDA - SICOOB CREDINOSSO;6324872;b3S;;I;2;MONTES CLAROS;MG;12/2009;2.362;0;0;2.554;586;5.502;0;0;0;0;0;0;0;318;5.821;0;361;6.182;0;1.543;7.725
COOPERATIVA DE CRÉDITO RURAL COM INTERAÇÃO SOLIDÁRIA DE ÁGUAS DE CHAPECÓ - CRESOL ÁGUAS DE CHAPECÓ;7514202;b3S;;I;2;AGUAS DE CHAPECO;SC;12/2009;345;0;0;2.233;0;2.578;0;0;0;0;0;0;0;155;2.733;0;4.000;6.733;0;973;7.706
COOPERATIVA DE CREDITO RURAL COM INTERACAO SOLIDARIA DE PORTO XAVIER-CRESOL PORTO XAVIER;5442759;b3S;;I;2;PORTO XAVIER;RS;12/2009;627;0;0;1.496;0;2.123;0;0;0;0;0;0;0;3.701;5.824;0;201;6.024;0;1.652;7.677
COOMAMP - COOPERATIVA DE CRÉDITO MÚTUO DA MAGISTRATURA,  DO MINISTÉRIO PÚBLICO, DA PROCURADORIA GERAL, DA DEFENSORIA PÚBLICA E RESPECTIVOS SERVIDORES EM SÃO LUÍS/MARANHÃO E MUNICÍPIOS CIRCUNVIZINHOS;5545390;b3S;;I;2;SAO LUIS;MA;12/2009;511;0;0;2.140;388;3.039;0;0;0;0;0;0;0;454;3.493;0;389;3.882;0;3.795;7.677
COOPERATIVA DE ECONOMIA E CRÉDITO MÚTUO DOS SERVIDORES MILITARES, POLÍCIA CIVIL E DA SECRETARIA DA EDUCAÇÃO DO ESTADO DE MINAS GERAIS LTDA. - SICOOB COOPEMG;3269540;b3S;;I;2;BELO HORIZONTE;MG;12/2009;438;0;0;1.981;42;2.461;0;0;0;0;0;0;0;0;2.461;0;951;3.412;0;4.259;7.671
COOPERATIVA DE CRÉDITO MÚTUO DOS SERVIDORES DO INSTITUTO FEDERAL DE EDUCAÇÃO, CIÊNCIA E TECNOLOGIA DE MATO GROSSO - SICOOB COOPERTEC;37433448;b3S;;I;2;CUIABA;MT;12/2009;795;0;0;1.702;247;2.745;0;0;0;0;0;0;0;213;2.958;0;611;3.568;0;4.084;7.653
ACREDITA SOCIEDADE DE CRÉDITO AO MICROEMPREENDEDOR E À EMPRESA DE PEQUENO PORTE LTDA;5741840;n1;;I;2;BELO HORIZONTE;MG;12/2009;0;0;0;0;0;0;0;0;0;0;0;0;0;3.082;3.082;76;270;3.428;0;4.175;7.603
COOPERATIVA DE CREDITO RURAL COM INTERACAO SOLIDARIA DE PITANGA - CRESOL PITANGA;2645093;b3S;;I;2;PITANGA;PR;12/2009;641;0;0;643;0;1.284;0;0;0;0;0;0;0;657;1.942;0;4.168;6.109;0;1.490;7.599
COOPERATIVA DE CRÉDITO MÚTUO DOS SERVIDORES DOS DEPARTAMENTOS DE POLÍCIA FEDERAL, POLÍCIA RODOVIÁRIA FEDERAL E DEMAIS SERVIDORES PÚBLICOS FEDERAIS LOTADOS NOS ESTADOS DE MT E MS - SICOOB FEDERAL;37497245;b3S;;I;2;CUIABA;MT;12/2009;843;0;0;1.034;428;2.305;0;0;0;0;0;0;0;499;2.803;0;279;3.082;0;4.513;7.595
COOPERATIVA DE CRÉDITO MÚTUO DOS ESCRIVÃES, NOTÁRIOS E REGISTRADORES NO ESTADO DO PARANÁ - SICREDI CREDENOREG PR.;6078926;b3S;;I;2;CURITIBA;PR;12/2009;1.000;0;0;5.383;604;6.987;0;0;0;0;0;0;0;0;6.987;0;48;7.035;0;537;7.572
COOPERATIVA DE ECONOMIA E CRÉDITO MÚTUO DOS SERVIDORES EM SEGURANCA PÚBLICA DO ESTADO DO ACRE - SICOOB CREDMAC;3528402;b3S;;I;2;RIO BRANCO;AC;12/2009;488;0;0;1.354;8;1.851;0;0;0;0;0;0;0;2.349;4.200;0;340;4.540;0;3.001;7.541
COOPERATIVA DE ECONOMIA E CREDITO MUTUO DOS POLICIAIS FEDERAIS DO RIO GRANDE DO SUL - SICREDI POL RS;3000142;b3S;;I;2;PORTO ALEGRE;RS;12/2009;336;0;0;3.350;1.670;5.356;0;0;0;0;0;0;0;0;5.356;0;144;5.500;0;2.010;7.510
COOPERATIVA DE CREDITO RURAL COM INTERACAO SOLIDARIA DE GUARANIAÇU - CRESOL GUARANIAÇU;5121687;b3S;;I;2;GUARANIACU;PR;12/2009;273;0;0;894;0;1.167;0;0;0;0;0;0;0;186;1.353;0;4.880;6.233;0;1.230;7.463
COOPERATIVA DE ECONOMIA E CRÉDITO MÚTUO DOS BANCÁRIOS E ECONOMIÁRIOS DA GRANDE FLORIANÓPOLIS E DO VALE DO RIO CAMBORIÚ - SICOOB - CREDIBAN/SC;4254102;b3S;;I;2;FLORIANOPOLIS;SC;12/2009;1.043;0;0;4.297;869;6.210;0;0;0;0;0;0;0;78;6.288;0;179;6.467;0;957;7.425
COOPERATIVA DE ECONOMIA E CRÉDITO MÚTUO DOS MEMBROS DO MINISTÉRIO PÚBLICO DE SÃO PAULO - PROMOCRED;4478231;b3S;;I;2;SAO PAULO;SP;12/2009;14;0;0;2.269;0;2.282;0;0;0;0;0;0;0;0;2.282;0;656;2.938;0;4.466;7.404
GOLCRED S/A - CRÉDITO, FINANCIAMENTO E INVESTIMENTO;7631026;n1;;I;2;FLORIANOPOLIS;SC;12/2009;0;0;0;0;0;0;0;0;0;0;0;0;0;0;0;0;190;190;0;7.201;7.391
COOPERATIVA DE CRÉDITO MÚTUO DOS EMPRESÁRIOS DO SETOR INDUSTRIAL ASSOCIADOS AO CIESP DO ABCD PAULISTA - SICREDI CIESP ABCD SP;6948735;b3S;;I;2;SAO BERNARDO DO CAMPO;SP;12/2009;763;0;0;2.429;1.523;4.715;0;0;0;0;0;0;0;0;4.715;0;481;5.196;0;2.133;7.329
COOPERATIVA DE CREDITO RURAL COM INTERACAO SOLIDARIA DE AMPERE - CRESOL AMPERE;3066193;b3S;;I;2;AMPERE;PR;12/2009;617;0;0;1.515;0;2.132;0;0;0;0;0;0;0;0;2.132;0;3.867;5.999;0;1.320;7.319
COOPERATIVA DE CRÉDITO DE LIVRE ADMISSÃO DE ASSOCIADOS DO SUDOESTE BAIANO - SICOOB CREDICONQUISTA;2282165;b3S;;I;2;VITORIA DA CONQUISTA;BA;12/2009;1.755;0;0;1.170;72;2.996;0;0;0;0;0;0;0;0;2.996;0;560;3.556;0;3.705;7.261
UNICRED SOBRAL - COOPERATIVA DE ECONOMIA E CRÉDITO MÚTUO DOS  MÉDICOS E DEMAIS PROFISSIONAIS DA SAÚDE DA REGIÃO DE SOBRAL LTDA;86913977;b3S;;I;2;SOBRAL;CE;12/2009;860;0;0;2.010;393;3.264;0;0;0;0;0;0;0;1.941;5.205;0;359;5.564;0;1.690;7.253
COOPERATIVA    DE    ECONOMIA    E    CRÉDITO   MÚTUO  MINUANO;88325113;b3S;;I;2;CANOAS;RS;12/2009;0;0;0;0;0;0;0;0;0;0;0;0;0;0;0;0;758;758;0;6.486;7.244
COOPERATIVA DE ECONOMIA E CRÉDITO MÚTUO DOS INTEGRANTES DAS CARREIRAS JURÍDICAS E DOS SERVENTUÁRIOS DE ÓRGÃOS DA JUSTIÇA E AFINS, NO ESTADO DE RONDÔNIA   SICOOB CREDJURD;4751713;b3S;;I;2;PORTO VELHO;RO;12/2009;1.948;0;0;1.637;524;4.110;0;0;0;0;0;0;0;0;4.110;0;172;4.282;0;2.940;7.222
COOPERATIVA DE ECONOMIA E CREDITO MUTUO DOS EMPREGADOS DE ELEVADORES ATLAS SCHINDLER LTDA.;42107706;b3S;;I;2;RIO DE JANEIRO;RJ;12/2009;0;0;0;0;0;0;0;0;0;0;0;0;0;0;0;0;803;803;0;6.417;7.220
UNICRED JI-PARANÁ - COOPERATIVA DE ECONOMIA E CRÉDITO MÚTUO DOS PROFISSIONAIS DE NÍVEL SUPERIOR DA ÁREA DA SAÚDE DE JI-PARANÁ E REGIÃO LTDA;5007327;b3S;;I;2;JI-PARANA;RO;12/2009;2.279;0;0;2.589;0;4.868;0;0;0;0;0;0;0;22;4.890;0;112;5.002;0;2.145;7.147
GUILTON S.A.-CREDITO FINANCIAMENTO E INVESTIMENTO;96234646;n1;;I;2;AMERICANA;SP;12/2009;0;0;0;0;0;0;0;0;0;0;0;0;0;0;0;0;84;84;0;7.039;7.123
RIO BRAVO INVESTIMENTOS - DISTRIBUIDORA DE TÍTULOS E VALORES MOBILIÁRIOS LTDA.;72600026;n2;;I;2;SAO PAULO;SP;12/2009;0;0;0;0;0;0;0;0;0;0;0;0;0;0;0;0;5.300;5.300;0;1.802;7.102
COOPERATIVA DE ECONOMIA E CRÉDITO MÚTUO DOS MÉDICOS E DEMAIS  PROFISSIONAIS DE SAÚDE DO EXTREMO SUL DA BAHIA - UNICRED EXTREMO SUL DA  BAHIA;2904362;b3S;;I;2;EUNAPOLIS;BA;12/2009;1.991;0;0;3.884;0;5.875;0;0;0;0;0;0;0;0;5.875;0;373;6.249;0;848;7.096
COOPERATIVA DE CRÉDITO MÚTUO DOS SERVIDORES PÚBLICOS DO MUNÍCIPIO DE BAURU - SICOOB CREDISERV;2191265;b3S;;I;2;BAURU;SP;12/2009;260;0;0;76;58;395;0;0;0;0;0;0;0;1.193;1.588;0;267;1.854;0;5.241;7.096
COOPERATIVA DE CRÉDITO DO VALE RIO CRIXÁS LTDA;7108146;b3S;;I;2;CRIXAS;GO;12/2009;1.531;0;0;1.053;78;2.661;0;0;0;0;0;0;0;0;2.661;0;1.771;4.432;0;2.643;7.074
COOPERATIVA DE CRÉDITO DE LIVRE ADMISSÃO DA REGIÃO DO ALTO SERTÃO PARAIBANO LTDA. - UNICRED ALTO SERTÃO PARAIBANO;9343038;b3S;;I;2;SOUSA;PB;12/2009;1.683;0;0;3.430;0;5.113;0;0;0;0;0;0;0;0;5.113;0;417;5.531;0;1.543;7.074
COOPERATIVA DE CRÉDITO RURAL COM INTERAÇÃO SOLIDÁRIA DE VITOR MEIRELES - CRESOL VITOR MEIRELES;7320890;b3S;;I;2;VITOR MEIRELES;SC;12/2009;482;0;0;1.292;0;1.774;0;0;0;0;0;0;0;3.530;5.304;0;128;5.432;0;1.632;7.064
COOPERATIVA DE ECONOMIA E CREDITO MUTUO DOS COMERCIANTES DE AUTOMOTORES, PEÇAS E SERVIÇOS DE CUIABA E VARZEA GRANDE-SICOOB AUTOCRED;4310638;b3S;;I;2;CUIABA;MT;12/2009;1.430;0;0;1.055;30;2.515;0;0;0;0;0;0;0;810;3.325;0;762;4.087;0;2.977;7.064
COOPERATIVA DE ECONOMIA E CRÉDITO MÚTUO DOS EMPRESÁRIOS DA REGIÃO METROPOLITANA DE NATAL LTDA.   CREDCOM-RN;8802775;b3S;;I;2;NATAL;RN;12/2009;1.129;0;0;4.165;123;5.417;0;0;0;0;0;0;0;0;5.417;0;206;5.623;0;1.410;7.033
COOPERATIVA DE CRÉDITO RURAL COM INTERAÇÃO SOLIDÁRIA DE SCHROEDER - CRESOL SCHROEDER;8387258;b3S;;I;2;SCHROEDER;SC;12/2009;586;0;0;3.044;0;3.630;0;0;0;0;0;0;0;0;3.630;0;2.470;6.100;0;901;7.001
COOPERATIVA DE CRÉDITO DE LIVRE ADMISSÃO DE ASSOCIADOS DE PATO BRANCO - SICOOB PATO BRANCO;10511786;b3S;;I;2;PATO BRANCO;PR;12/2009;1.102;0;0;3.906;0;5.009;0;0;0;0;0;0;0;400;5.409;0;614;6.023;0;976;6.999
COOPERATIVA DE ECONOMIA E CRÉDITO MÚTUO DOS EMPREGADOS DA MINERACÃO RIO DO NORTE S/A, EM PORTO TROMBETAS LIMITADA -  CREDNORTE;4998845;b3S;;I;2;ORIXIMINA;PA;12/2009;0;0;0;0;0;0;0;0;0;0;0;0;0;0;0;0;723;723;0;6.265;6.987
INTERCAM CORRETORA DE CÂMBIO LTDA.;34265629;n2;;I;2;SAO BERNARDO DO CAMPO;SP;12/2009;0;0;0;0;0;0;0;0;0;0;0;0;0;0;0;0;1.576;1.576;0;5.382;6.958
COOPERATIVA DE CRÉDITO RURAL DO VALE DO GUAPORÉ LTDA.;4542393;b3S;;I;2;SAO MIGUEL DO GUAPORE;RO;12/2009;1.248;0;0;788;0;2.036;0;0;0;0;0;0;0;0;2.036;0;147;2.183;0;4.771;6.955
COOPERATIVA DE CRÉDITO MÚTUO DOS AGENTES FISCAIS DE RENDAS DO ESTADO DE SÃO PAULO - CREDIFISCO;4546162;b3S;;I;2;SAO PAULO;SP;12/2009;36;0;0;1.160;0;1.196;0;0;0;0;0;0;0;0;1.196;0;443;1.638;0;5.310;6.948
COOPERATIVA DE ECONOMIA E CREDITO MUTUO DOS SERVIDORES DA EMPRESA BRASILEIRA DE CORREIOS E TELEGRAFOS LTDA;42100982;b3S;;I;2;RIO DE JANEIRO;RJ;12/2009;0;0;0;129;0;129;0;0;0;0;0;0;0;0;129;0;1.160;1.289;0;5.651;6.940
COOPERATIVA DE ECONOMIA E CRÉDITO MÚTUO DOS EMPREGADOS DA NOVELIS E DA ITAP/BEMIS;57545436;b3S;;I;2;SANTO ANDRE;SP;12/2009;0;0;0;0;0;0;0;0;0;0;0;0;0;0;0;0;472;472;0;6.433;6.906
COOPERATIVA DE CRÉDITO RURAL COM INTERAÇÃO SOLIDÁRIA DE CURITIBANOS - CRESOL CURITIBANOS;1155801;b3S;;I;2;CURITIBANOS;SC;12/2009;540;0;0;1.350;0;1.890;0;0;0;0;0;0;0;3.137;5.027;0;158;5.185;0;1.721;6.906
COOPERATIVA DE ECONOMIA E CREDITO MUTUO DOS LOJISTAS DO VESTUARIO E CONFECÇÕES DE RONDONOPOLIS - CREDLOJA;5247312;b3S;;I;2;RONDONOPOLIS;MT;12/2009;2.578;0;0;1.543;185;4.306;0;0;0;0;0;0;0;434;4.740;0;567;5.307;0;1.592;6.899
COOPERATIVA DE ECONOMIA E CRÉDITO MÚTUO DOS SERVIDORES MUNICIPAIS DE VITÓRIA DA CONQUISTA LTDA. - SICOOB CREDCOOP;2528151;b3S;;I;2;VITORIA DA CONQUISTA;BA;12/2009;759;0;0;823;28;1.610;0;0;0;0;0;0;0;1.191;2.801;0;502;3.303;0;3.578;6.881
COOPERATIVA DE ECONOMIA E CRÉDITO MÚTUO DOS EMPRESÁRIOS DA INDÚSTRIA E DO COMÉRCIO DE BENS E SERVIÇOS DA REGIÃO METROPOLITANA, ZONA DA MATA E AGRESTE DO ESTADO DE PERNAMBUCO LTDA.- UNICRED EMPRESARIAL;7858553;b3S;;I;2;RECIFE;PE;12/2009;967;0;0;1.282;150;2.400;0;0;0;0;0;0;0;2.494;4.893;0;259;5.153;0;1.728;6.880
COOPERATIVA DE CRÉDITO RURAL COM INTERAÇÃO SOLIDÁRIA DE WITMARSUM - CRESOL WITMARSUM;7465539;b3S;;I;2;WITMARSUM;SC;12/2009;436;0;0;1.827;78;2.341;0;0;0;0;0;0;0;3.252;5.593;0;88;5.681;0;1.186;6.867
COOPERATIVA DE ECONOMIA E CRÉDITO MÚTUO DOS SERVIDORES DA UNIVERSIDADE ESTADUAL DE CAMPINAS - COOPERUNICAMP;2285107;b3S;;I;2;CAMPINAS;SP;12/2009;0;0;0;0;0;0;0;0;0;0;0;0;0;0;0;0;842;842;0;6.008;6.850
COOPERATIVA DE ECONOMIA E CRÉDITO MÚTUO DOS FUNCIONÁRIOS DO GRUPO IESA E COMERCIANTES DE VESTUÁRIOS DE ARARAQUARA E REGIÃO - SICOOB IESACRED;53236808;b3S;;I;2;ARARAQUARA;SP;12/2009;250;0;0;538;304;1.091;0;0;0;0;0;0;0;0;1.091;0;423;1.515;0;5.312;6.826
COOPERATIVA DE CRÉDITO RURAL COM INTERAÇÃO SOLIDÁRIA DE GRANDES RIOS - CRESOL GRANDES RIOS;7925729;b3S;;I;2;GRANDES RIOS;PR;12/2009;501;0;0;1.511;1;2.013;0;0;0;0;0;0;0;198;2.211;0;3.654;5.865;0;942;6.807
COOPERATIVA DE ECONOMIA E CRÉDITO MÚTUO DOS METALÚRGICOS DA GRANDE SÃO PAULO - SICOOB METALCRED;4833655;b3S;;I;2;SAO PAULO;SP;12/2009;4.734;0;0;551;0;5.285;0;0;0;0;0;0;0;0;5.285;0;146;5.431;0;1.350;6.781
COOPERATIVA DE CRÉDITO RURAL COM INTERAÇÃO SOLIDÁRIA DE SANTA LÚCIA - CRESOL SANTA LÚCIA;7268499;b3S;;I;2;SANTA LUCIA;PR;12/2009;301;0;0;780;41;1.122;0;0;0;0;0;0;0;194;1.316;0;4.096;5.412;0;1.289;6.701
COOPERATIVA DE CRÉDITO RURAL COM INTERAÇÃO SOLIDÁRIA DE HUMAITÁ - CRESOL HUMAITÁ;5983995;b3S;;I;2;HUMAITA;RS;12/2009;464;0;0;1.986;0;2.450;0;0;0;0;0;0;0;2.838;5.288;0;291;5.579;0;1.111;6.690
COOPERATIVA DE ECONOMIA E CRÉDITO MÚTUO DOS COMERCIANTES DE PEÇAS E SERVIÇOS PARA VEÍCULOS DE TEIXEIRA DE FREITAS - SICOOB COMÉRCIO;4594095;b3S;;I;2;TEIXEIRA DE FREITAS;BA;12/2009;1.813;0;0;576;431;2.820;0;0;0;0;0;0;0;0;2.820;0;246;3.067;0;3.613;6.679
COOPERATIVA DE CREDITO RURAL COM INTERACAO SOLIDARIA DE MANGUEIRINHA - CRESOL MANGUEIRINHA;2961072;b3S;;I;2;MANGUEIRINHA;PR;12/2009;350;0;0;570;0;920;0;0;0;0;0;0;0;143;1.063;0;4.320;5.383;0;1.281;6.664
COOPERATIVA DE ECONOMIA E CRÉDITO MÚTUO DOS MAGISTRADOS, MEMBROS DO MINISTÉRIO PÚBLICO, DEFENSORES PÚBLICOS E SERVIDORES DO PODER JUDICIÁRIO NO ESTADO DO CEARÁ - COOPERJURIS;8041950;b3S;;I;2;FORTALEZA;CE;12/2009;394;0;0;975;751;2.120;0;0;0;0;0;0;0;3.300;5.420;0;81;5.501;0;1.149;6.650
COOPERATIVA DE ECONOMIA E CRÉDITO MÚTUO DOS MÉDICOS DE JABOTICABAL - COPERMED JABOTICABAL;2159014;b3S;;I;2;JABOTICABAL;SP;12/2009;898;0;0;2.741;2.218;5.857;0;0;0;0;0;0;0;0;5.857;0;53;5.910;0;725;6.635
COOPERATIVA DE CRÉDITO RURAL COM INTERAÇÃO SOLIDÁRIA DE LARANJEIRAS DO SUL - CRESOL LARANJEIRAS DO SUL;1086342;b3S;;I;2;LARANJEIRAS DO SUL;PR;12/2009;334;0;0;849;0;1.183;0;0;0;0;0;0;0;295;1.478;0;4.014;5.491;0;1.139;6.631
COOPERATIVA DE ECONOMIA E CREDITO MUTUO DOS SERVIDORES DO PODER JUDICIARIO DO RIO GRANDE DO SUL-SICREDI JUSTIÇA;3453295;b3S;;I;2;PORTO ALEGRE;RS;12/2009;1.070;0;0;2.472;2.053;5.594;0;0;0;0;0;0;0;0;5.594;0;75;5.669;0;953;6.622
COOPERATIVA DE ECONOMIA E CRÉDITO MÚTUO DOS COLABORADORES DA CEBRACE;53184438;b3S;;I;2;JACAREI;SP;12/2009;0;0;0;0;0;0;0;0;0;0;0;0;0;0;0;0;336;336;0;6.278;6.614
COOPERATIVA DE CREDITO RURAL DE GUACUI - CREDIGUAÇUÍ;32422628;b3S;;I;2;GUACUI;ES;12/2009;600;0;0;1.306;0;1.906;0;0;0;0;0;0;0;0;1.906;0;542;2.448;0;4.165;6.613
COOPERATIVA DE CRÉDITO MÚTUO DOS SERVIDORES PÚBLICOS ESTADUAIS CIVIS, MILITARES E PENSIONISTAS EM ARARAQUARA E REGIÃO - COOPARA;4219215;b3S;;I;2;ARARAQUARA;SP;12/2009;0;0;0;1.747;0;1.747;0;0;0;0;0;0;0;0;1.747;0;422;2.169;0;4.435;6.605
COOPERATIVA DE ECONOMIA E CRÉDITO MÚTUO DOS FUNCIONÁRIOS DA VILLARES METALS;53846242;b3S;;I;2;SUMARE;SP;12/2009;0;0;0;0;0;0;0;0;0;0;0;0;0;0;0;0;180;180;0;6.390;6.571
COOPERATIVA DE CRÉDITO DOS EMPREGADOS DO IRB-BRASIL RE LTDA.;42153585;b3S;;I;2;RIO DE JANEIRO;RJ;12/2009;0;0;0;0;0;0;0;0;0;0;0;0;0;0;0;0;602;602;0;5.967;6.569
AGÊNCIA DE FOMENTO DE ALAGOAS S/A - AFAL;10769660;n1;;I;1;MACEIO;AL;12/2009;0;0;0;0;0;0;0;0;0;0;0;0;0;0;0;0;108;108;0;6.444;6.552
COOPERATIVA DE ECONOMIA E CRÉDITO MÚTUO DOS CORRETORES  E DEMAIS TÉCNICOS DE SEGUROS DO ESTADO DE SANTA CATARINA - CREDICOR - SC;2295034;b3S;;I;2;BLUMENAU;SC;12/2009;1.442;0;0;2.207;1.647;5.296;0;0;0;0;0;0;0;0;5.296;0;257;5.553;0;986;6.539
COOPERATIVA DE ECONOMIA E CRÉDITO MÚTUO DOS FUNCIONÁRIOS DA BOMBRIL;57038408;b3S;;I;2;SAO BERNARDO DO CAMPO;SP;12/2009;0;0;0;0;0;0;0;0;0;0;0;0;0;0;0;0;693;693;0;5.841;6.534
COOPERATIVA DE CRÉDITO DOS EMPRESÁRIOS DE JI-PARANÁ/RO - EMPRECRED;8044854;b3S;;I;2;JI-PARANA;RO;12/2009;2.509;0;0;408;365;3.283;0;0;0;0;0;0;0;30;3.313;0;314;3.627;0;2.906;6.532
COOPERATIVA DE ECONOMIA E CRÉDITO MÚTUO DOS FUNCIONÁRIOS DO GRUPO JAL LTDA.;5548335;b3S;;I;2;SAO JOAO DE MERITI;RJ;12/2009;0;0;0;0;0;0;0;0;0;0;0;0;0;0;0;0;830;830;0;5.695;6.524
COOPERATIVA DE CREDITO RURAL COM INTERACAO SOLIDARIA DE CHAPECO-CRESOL CHAPECÓ;4281182;b3S;;I;2;CHAPECO;SC;12/2009;493;0;0;2.632;0;3.125;0;0;0;0;0;0;0;2.213;5.338;0;47;5.385;0;1.120;6.505
COOPERATIVA DE ECONOMIA E CRÉDITO MÚTUO DOS COMERCIANTES DE ARCOS LTDA. - SICOOB ARCOMCREDI;71230338;b3S;;I;2;ARCOS;MG;12/2009;922;0;0;2.447;0;3.368;0;0;0;0;0;0;0;0;3.368;0;837;4.205;0;2.274;6.480
COOPERATIVA DE ECONOMIA E CRÉDITO MÚTUO DOS SERVIDORES DO SEMASA - SICOOB CECRESA;512839;b3S;;I;2;SANTO ANDRE;SP;12/2009;0;0;0;0;0;0;0;0;0;0;0;0;0;0;0;0;210;210;0;6.241;6.451
COOPERATIVA DE ECONOMIA E CREDITO MUTUO DOS FUNCIONARIOS DE PRODUTOS ROCHE QUIMICOS E FARMACEUTICOS S.A., LTDA;42123000;b3S;;I;2;RIO DE JANEIRO;RJ;12/2009;0;0;0;0;0;0;0;0;0;0;0;0;0;0;0;0;946;946;0;5.502;6.447
COOPERATIVA DE ECONOMIA E CREDITO MUTUO DOS SERVIDORES DO PODER LEGISLATIVO DO ESTADO DE MATO GROSSO - CREDLEGIS;4346379;b3S;;I;2;CUIABA;MT;12/2009;623;0;0;863;119;1.604;0;0;0;0;0;0;0;869;2.473;0;423;2.896;0;3.536;6.432
COOPERATIVA DE ECONOMIA E CRÉDITO MÚTUO DOS COMERCIANTES DE CONFECÇÕES DE VESTUÁRIO DE DORES DO INDAIÁ LTDA - COOPCREDI;2254376;b3S;;I;2;DORES DO INDAIA;MG;12/2009;426;0;0;3.381;0;3.808;0;0;0;0;0;0;0;0;3.808;0;538;4.346;0;2.070;6.416
COOPERATIVA DE CRÉDITO RURAL DO EXTREMO OESTE DE SÃO PAULO;5463934;b3S;;I;2;VOTUPORANGA;SP;12/2009;1.186;0;0;1.666;79;2.931;0;0;0;0;0;0;0;5;2.936;0;679;3.615;0;2.798;6.413
COOPERATIVA DE CREDITO DOS FORNECEDORES DE CANA E DEMAIS PRODUTORES RURAIS DO CENTRO DO ESTADO DE SAO PAULO;53776852;b3S;;I;2;ARARAQUARA;SP;12/2009;429;0;0;485;0;914;0;0;0;0;0;0;0;0;914;0;479;1.392;0;5.018;6.410
AGENCIA DE FOMENTO DO ESTADO DE RORAIMA S.A. - AFERR;3058464;n1;;I;1;BOA VISTA;RR;12/2009;0;0;0;0;0;0;0;0;0;0;0;0;0;0;0;0;838;838;0;5.566;6.405
COOPERATIVA DE ECONOMIA E CRÉDITO MÚTUO DOS EMPREGADOS DA MERCK SHARP E DOHME FARMACEUTICA -  COOPERMERCK;2814832;b3S;;I;2;SAO PAULO;SP;12/2009;0;0;0;0;0;0;0;0;0;0;0;0;0;0;0;0;289;289;0;6.111;6.400
COOPERATIVA DE ECONOMIA E CRÉDITO MÚTUO DOS CONTABILISTAS E CORRETORES DE SEGUROS DA GRANDE BELO HORIZONTE LTDA. - SICOOB CREDITABIL;2217068;b3S;;I;2;BELO HORIZONTE;MG;12/2009;1.429;0;0;2.504;0;3.933;0;0;0;0;0;0;0;0;3.933;0;364;4.296;0;2.072;6.369
COOPERATIVA DE ECONOMIA E CRÉDITO MÚTUO DOS COMERCIANTES DE CONFECÇÕES DE GUAXUPÉ LTDA. - SICOOB ACICREDI;1699652;b3S;;I;2;GUAXUPE;MG;12/2009;929;0;0;1.685;1;2.615;0;0;0;0;0;0;0;500;3.115;0;868;3.983;0;2.334;6.317
COOPERATIVA DE CREDITO RURAL COM INTERACAO SOLIDARIA DE IBEMA - CRESOL IBEMA;4232022;b3S;;I;2;IBEMA;PR;12/2009;293;0;0;389;0;682;0;0;0;0;0;0;0;182;864;0;4.269;5.133;0;1.170;6.303
COOPERATIVA DE CREDITO RURAL COM INTERACAO SOLIDARIA CONCORDIA- CRESOL CONCÓRDIA;5425526;b3S;;I;2;CONCORDIA;SC;12/2009;920;0;0;2.443;0;3.364;0;0;0;0;0;0;0;1.943;5.307;0;40;5.346;0;918;6.265
COOPERATIVA DE CREDITO RURAL COM INTERACAO SOLIDARIA DE IVAIPORA - CRESOL IVAIPORA;5231945;b3S;;I;2;IVAIPORA;PR;12/2009;476;0;0;939;0;1.414;0;0;0;0;0;0;0;59;1.473;0;3.786;5.259;0;995;6.254
COOPERATIVA DE CRÉDITO RURAL COM INTERAÇÃO SOLIDÁRIA DE ITATIBA DO SUL;5745533;b3S;;I;2;ITATIBA DO SUL;RS;12/2009;491;0;0;1.714;0;2.205;0;0;0;0;0;0;0;2.863;5.068;0;111;5.179;0;1.029;6.208
COOPERATIVA DE ECONOMIA E CREDITO MUTUO DOS MEDICOS E PROFISSIONAIS DE NIVEL SUPERIOR DA AREA DE SAUDE DE CACHOEIRO DE ITAPEMIRIM - UNICRED SUL CAPIXABA;3559425;b3S;;I;2;CACHOEIRO DE ITAPEMIRIM;ES;12/2009;1.721;0;0;3.458;0;5.179;0;0;0;0;0;0;0;0;5.179;0;147;5.326;0;875;6.200
COOPERATIVA DE ECONOMIA E CRÉDITO MÚTUO DOS EMPRESÁRIOS DE MOGI GUAÇU E REGIÃO - SICOOB CREDIAC;5858518;b3S;;I;2;MOGI-GUACU;SP;12/2009;1.171;0;0;3.164;791;5.126;0;0;0;0;0;0;0;0;5.126;0;152;5.278;0;908;6.186
COOPERATIVA DE ECONOMIA E CRÉDITO MÚTUO DOS TRABALHADORES DA UNIVERSIDADE FEDERAL DE MINAS GERAIS LTDA. - COOPECREMT-UFMG;1918144;b3S;;I;2;BELO HORIZONTE;MG;12/2009;0;0;0;2.416;0;2.416;0;0;0;0;0;0;0;0;2.416;0;959;3.375;0;2.809;6.184
COOPERATIVA DE CRÉDITO MÚTUO DOS DENTISTAS E DEMAIS PROFISSIONAIS DA SAÚDE DE SÃO CARLOS - SICREDI SÃO CARLOS SP;4853988;b3S;;I;2;SAO CARLOS;SP;12/2009;452;0;0;3.782;0;4.234;0;0;0;0;0;0;0;832;5.066;0;80;5.146;0;928;6.074
COOPERATIVA DE CRÉDITO RURAL COM INTERAÇÃO SOLIDÁRIA DE XANXERÊ - CRESOL XANXERÊ;7509426;b3S;;I;2;XANXERE;SC;12/2009;509;0;0;1.661;0;2.170;0;0;0;0;0;0;0;2.874;5.044;0;37;5.081;0;984;6.065
COOPERATIVA DE ECONOMIA E CRÉDITO MÚTUO DOS EMPREGADOS DO GRUPO TELEFÔNICA;57598120;b3S;;I;2;SAO PAULO;SP;12/2009;0;0;0;10;0;10;0;0;0;0;0;0;0;0;10;0;478;488;0;5.557;6.045
CREDICORP CORRETORA DE CÂMBIO, TÍTULOS E VALORES MOBILIÁRIOS LTDA.;72182306;n2;;I;2;RIO DE JANEIRO;RJ;12/2009;0;0;0;0;0;0;0;0;0;0;0;0;0;0;0;19;1.201;1.220;0;4.785;6.005
COOPERATIVA DE CRÉDITO MÚTUO DOS EMPREGADOS EM INSTITUIÇÕES DO SISTEMA FINANCEIRO NAS REGIÕES DE SÃO PAULO E CAMPINAS (SP) - CREDISCOOP;3674133;b3S;;I;2;SAO PAULO;SP;12/2009;0;0;0;3.192;0;3.192;0;0;0;0;0;0;0;0;3.192;0;314;3.506;0;2.498;6.004
COOPERATIVA DE ECONOMIA E CRÉDITO MÚTUO DOS EMPREGADOS DO GRUPO ALGAR LTDA. - SICOOB CREDIEMPAR;1296040;b3S;;I;2;UBERLANDIA;MG;12/2009;116;0;0;632;0;748;0;0;0;0;0;0;0;0;748;0;1.047;1.795;0;4.205;6.000
COOPERATIVA DE CRÉDITO DE LIVRE ADMISSÃO DA REGIÃO METROPOLITANA DE CURITIBA - SICREDI COPERCREDI PR;9035503;b3S;;I;2;COLOMBO;PR;12/2009;1.729;0;0;2.762;0;4.490;0;0;0;0;0;0;0;0;4.490;0;630;5.120;0;845;5.965
COOPERATIVA DE CRÉDITO DOS EMPRESÁRIOS DE PORTO VELHO - CREDEMPRESAS/RO;8322202;b3S;;I;2;PORTO VELHO;RO;12/2009;1.270;0;0;3.474;48;4.792;0;0;0;0;0;0;0;68;4.860;0;187;5.047;0;890;5.937
COOPERATIVA DE CRÉDITO RURAL COM INTERAÇÃO SOLIDÁRIA DE BLUMENAU - CRESOL BLUMENAU;7522059;b3S;;I;2;BLUMENAU;SC;12/2009;324;0;0;3.397;0;3.720;0;0;0;0;0;0;0;19;3.739;0;1.328;5.067;0;830;5.896
BANCOM SOCIEDADE CORRETORA DE CAMBIO S.A;67212035;n2;;I;2;SAO BERNARDO DO CAMPO;SP;12/2009;0;0;0;0;0;0;0;0;0;0;0;0;0;1;1;0;6.653;6.654;0;-773;5.882
COOPERATIVA DE CRÉDITO RURAL ASCOOB SERRINHA;63229629;b3S;;I;2;SERRINHA;BA;12/2009;836;0;0;1;3.250;4.087;0;0;0;0;0;0;0;143;4.229;0;552;4.781;0;1.098;5.879
COOPERATIVA DE CRÉDITO RURAL DOS PLANTADORES DE CANA DE ALAGOAS;12272183;b3S;;I;2;MACEIO;AL;12/2009;1.474;0;0;0;0;1.474;0;0;0;0;0;0;0;4.349;5.823;0;100;5.923;0;-72;5.851
COOPERATIVA DE CREDITO RURAL COM INTERACAO SOLIDARIA DE LINDOESTE - CRESOL LINDOESTE;3013889;b3S;;I;2;LINDOESTE;PR;12/2009;284;0;0;426;48;758;0;0;0;0;0;0;0;115;872;0;3.934;4.806;0;1.016;5.823
COOPERATIVA DE CRÉDITO RURAL COM INTERAÇÃO SOLIDÁRIA DE ALFREDO WAGNER - CRESOL ALFREDO WAGNER;5494591;b3S;;I;2;ALFREDO WAGNER;SC;12/2009;304;0;0;872;0;1.176;0;0;0;0;0;0;0;3.375;4.550;0;82;4.632;0;1.184;5.816
ELTA S/A - DISTRIBUIDORA DE TITULOS E VALORES MOBILIARIOS;62533864;n2;;I;2;NITEROI;RJ;12/2009;0;0;0;0;0;0;0;0;0;0;0;0;0;0;0;0;3.326;3.327;0;2.435;5.762
CECM SERV MIN PLANEJAMENTO, ORÇAMENTO E GESTÃO, EDUCAÇÃO, DESENV INDÚSTRIA COMÉRCIO EXTERIOR, INTEGRAÇÃO NACIONAL, COMUNICAÇÕES, CIDADES, DESENV SOCIAL COMBATE FOME E PRES REPUBLICA SICOOB COOPERPLAN;2674113;b3S;;I;2;BRASILIA;DF;12/2009;372;0;0;998;13;1.383;0;0;0;0;0;0;0;293;1.675;0;991;2.666;0;3.092;5.759
COOPERATIVA DE CRÉDITO DE LIVRE ADMISSÃO DE ASSOCIADOS DO SUDESTE PARAENSE - SICREDI CARAJÁS PA;8723661;b3S;;I;2;REDENCAO;PA;12/2009;2.511;0;0;1.393;3;3.906;0;0;0;0;0;0;0;0;3.906;0;324;4.230;0;1.525;5.755
COOPERATIVA DE CRÉDITO RURAL DO SERIDÓ;24210569;b3S;;I;2;CURRAIS NOVOS;RN;12/2009;1.306;0;0;2.340;94;3.740;0;0;0;0;0;0;0;493;4.233;0;248;4.481;0;1.232;5.713
COOPERATIVA DE ECONOMIA E CRÉDITO MÚTUO DOS EMPRESÁRIOS DE RIO CLARO - SICOOB CREDIACIRC;9527069;b3S;;I;2;RIO CLARO;SP;12/2009;920;0;0;3.834;53;4.806;0;0;0;0;0;0;0;0;4.806;0;384;5.190;0;497;5.688
COOPERATIVA DE ECONOMIA E CRÉDITO MÚTUO DOS EMPREGADOS DA COPLANA - CREDICOPLANA;62239819;b3S;;I;2;GUARIBA;SP;12/2009;386;0;0;1.882;843;3.111;0;0;0;0;0;0;0;0;3.111;0;384;3.495;0;2.187;5.682
COOPERATIVA DE ECONOMIA E CRÉDITO MÚTUO DOS EMPREGADOS DA SAMARCO MINERAÇÃO S.A. LTDA.;20622809;b3S;;I;2;BELO HORIZONTE;MG;12/2009;0;0;0;0;0;0;0;0;0;0;0;0;0;0;0;0;207;207;0;5.460;5.667
COOPERATIVA DE ECONOMIA E CRÉDITO MÚTUO DOS FUNCIONÁRIOS DA TICKET SERVIÇOS COMÉRCIO E ADMINISTRAÇÃO;57440521;b3S;;I;2;SAO PAULO;SP;12/2009;0;0;0;0;0;0;0;0;0;0;0;0;0;0;0;0;1.413;1.413;0;4.246;5.659
COOPERATIVA DE ECONOMIA E CRÉDITO MÚTUO DOS INTEGRANTES DO PODER JUDICIÁRIO DO ESTADO DE MINAS GERAIS  LTDA - COOPERMAGIS;4780760;b3S;;I;2;BELO HORIZONTE;MG;12/2009;336;0;0;2.852;0;3.188;0;0;0;0;0;0;0;0;3.188;0;173;3.361;0;2.294;5.655
COOPERATIVA DE CRÉDITO RURAL COM INTERAÇÃO SOLIDÁRIA DE CAPANEMA - CRESOL CAPANEMA;1201006;b3S;;I;2;CAPANEMA;PR;12/2009;317;0;0;1.255;0;1.572;0;0;0;0;0;0;0;111;1.683;0;3.059;4.742;0;902;5.644
COOPERATIVA DE CRÉDITO DE LIVRE ADMISSÃO DE ASSOCIADOS DE INDAIAL - SC;8083363;b3S;;I;2;INDAIAL;SC;12/2009;1.301;0;0;2.259;634;4.194;0;0;0;0;0;0;0;201;4.395;0;146;4.541;0;1.099;5.640
COOPERATIVA DE ECONOMIA E CRÉDITO MÚTUO DOS EMPREGADOS DAS EMPRESAS METALÚRGICAS DE OSASCO E REGIÃO - CREDMETAL;3535065;b3S;;I;2;OSASCO;SP;12/2009;275;0;0;887;2;1.164;0;0;0;0;0;0;0;0;1.164;0;377;1.541;0;4.087;5.628
COOPERATIVA DE CRÉDITO RURAL EUNÁPOLIS LTDA. - CREDIEUNÁPOLIS;2417755;b3S;;I;2;EUNAPOLIS;BA;12/2009;1.365;0;0;673;0;2.038;0;0;0;0;0;0;0;4;2.042;0;2.912;4.955;0;660;5.614
SICOOB COOPERBOM - COOPERATIVA DE ECONOMIA E CRÉDITO MÚTUO DOS SERVIDORES DO CORPO DE BOMBEIROS MILITAR DO ESTADO DO PARÁ LTDA.;2202150;b3S;;I;2;BELEM;PA;12/2009;0;0;0;0;0;0;0;0;0;0;0;0;0;429;429;0;833;1.262;0;4.348;5.611
COOPERATIVA DE CRÉDITO DOS FUNCIONÁRIOS DA TORTUGA;2498151;b3S;;I;2;SAO PAULO;SP;12/2009;0;0;0;0;0;0;0;0;0;0;0;0;0;0;0;0;174;174;0;5.425;5.599
COOPERATIVA DE CRÉDITO DOS EMPREGADOS DA CIMPOR BRASIL;2721419;b3S;;I;2;SAO PAULO;SP;12/2009;0;0;0;0;0;0;0;0;0;0;0;0;0;0;0;0;617;617;0;4.981;5.598
COOPERATIVA DE CREDITO RURAL COM INTERACAO SOLIDARIA DE PEROLA D'OESTE - CRESOL PEROLA D'OESTE;5138766;b3S;;I;2;PEROLA D'OESTE;PR;12/2009;349;0;0;1.141;78;1.568;0;0;0;0;0;0;0;184;1.752;0;2.552;4.304;0;1.287;5.591
COOPERATIVA DE CREDITO RURAL COM INTERACAO SOLIDARIA DE JAGUARUNA-CRESOL JAGUARUNA;5410056;b3S;;I;2;JAGUARUNA;SC;12/2009;751;0;0;1.758;0;2.509;0;0;0;0;0;0;0;2.167;4.676;0;86;4.761;0;818;5.579
COOPERATIVA DE ECONOMIA E CRÉDITO MÚTUO DOS EMPREGADOS DA ALUMAR;7635360;b3S;;I;2;SAO LUIS;MA;12/2009;0;0;0;0;0;0;0;0;0;0;0;0;0;0;0;0;888;888;0;4.650;5.538
COOPERATIVA DE ECONOMIA E CRÉDITO MÚTUO DOS PEQUENOS EMPRESÁRIOS, MICROEMPRESÁRIOS E MICROEMPREENDEDORES DA BAIXADA CUIABANA;8742188;b3S;;I;2;CUIABA;MT;12/2009;2.181;0;0;2.475;155;4.811;0;0;0;0;0;0;0;0;4.811;0;144;4.954;0;582;5.536
COOPERATIVA DE ECONOMIA E CRÉDITO MÚTUO DOS TRABALHADORES NAS INDÚSTRIAS DE EXTRAÇÃO DE FERRO E METAIS BÁSICOS DA REGIÃO DE CONGONHAS LTDA. - COOFERSE;71384697;b3S;;I;2;CONGONHAS;MG;12/2009;0;0;0;0;0;0;0;0;0;0;0;0;0;0;0;0;169;169;0;5.338;5.506
COOPERATIVA DE CRÉDITO MÚTUO DOS EMPREGADOS EM INSTITUIÇÕES INTEGRANTES DO SISTEMA FINANCEIRO NACIONAL EM CURITIBA E REGIÃO METROPOLITANA -COOPESF;5097757;b3S;;I;2;CURITIBA;PR;12/2009;82;0;0;1.180;1.355;2.617;0;0;0;0;0;0;0;0;2.617;0;233;2.850;0;2.656;5.506
COOPERATIVA DE CRÉDITO RURAL DO SUDOESTE PAULISTA;5194149;b3S;;I;2;ITAPETININGA;SP;12/2009;1.232;0;0;1.685;66;2.983;0;0;0;0;0;0;0;0;2.983;0;1.213;4.196;0;1.297;5.493
COOPERATIVA DE ECONOMIA E CRÉDITO MÚTUO DOS EMPREGADOS DA USAGRO;68969625;b3S;;I;2;JABOTICABAL;SP;12/2009;0;0;0;6;0;6;0;0;0;0;0;0;0;0;6;0;505;511;0;4.963;5.474
COOPERATIVA DE ECONOMIA E CRÉDITO MÚTUO DOS COLABORADORES DA VALE S.A. - LTDA. - SICOOB CREDIVALE;20961629;b3S;;I;2;ITABIRA;MG;12/2009;36;0;0;20;1;57;0;0;0;0;0;0;0;0;57;0;869;926;0;4.533;5.459
COOPERATIVA DE ECONOMIA E CRÉDITO MÚTUO DOS EMPREGADOS DA CEMIG LTDA. - SICOOB CECREMEC;17502881;b3S;;I;2;BELO HORIZONTE;MG;12/2009;79;0;0;915;176;1.170;0;0;0;0;0;0;0;1.038;2.209;0;1.684;3.892;0;1.561;5.453
COOPERATIVA DE CRÉDITO DOS EMPRESÁRIOS DE ASSIS CHATEAUBRIAND - SICOOB MÉDIO OESTE;7318874;b3S;;I;2;ASSIS CHATEAUBRIAND;PR;12/2009;592;0;0;1.998;636;3.226;0;0;0;0;0;0;0;850;4.076;0;348;4.424;0;1.019;5.443
COOPERATIVA DE CRÉDITO DOS PROFISSIONAIS DA SAÚDE E DA EDUCAÇÃO DO NORTE PAULISTA - UNICRED NORTE PAULISTA;2250781;b3S;;I;2;BEBEDOURO;SP;12/2009;1.065;0;0;2.574;0;3.639;0;0;0;0;0;0;0;0;3.639;0;191;3.830;0;1.600;5.431
COOPERATIVA DE CRÉDITO MÚTUO DOS SERVIDORES PÚBLICOS ESTADUAIS DO TOCANTINS;9041464;b3S;;I;2;PALMAS;TO;12/2009;523;0;0;4.627;8;5.158;0;0;0;0;0;0;0;0;5.158;0;34;5.191;0;237;5.429
RENOVA CORRETORA DE CÂMBIO LTDA.;72760713;n2;;I;2;SAO PAULO;SP;12/2009;0;0;0;0;0;0;0;0;0;0;0;0;0;0;0;0;3.493;3.493;0;1.900;5.393
COOPERATIVA DE CRÉDITO MÚTUO DOS EMPREGADOS DA SKF E COLIGADAS;49091119;b3S;;I;2;CAJAMAR;SP;12/2009;0;0;0;0;0;0;0;0;0;0;0;0;0;0;0;0;85;85;0;5.304;5.390
COOPERATIVA DE ECONOMIA E CRÉDITO MÚTUO DOS EMPREGADOS DA PRODAM/SP - CREDIPRODAM;67031757;b3S;;I;2;SAO PAULO;SP;12/2009;0;0;0;0;0;0;0;0;0;0;0;0;0;0;0;0;28;28;0;5.335;5.363
COOPERATIVA DE CREDITO RURAL COM INTERACAO SOLIDARIA DE CAMPO NOVO-CRESOL CAMPO NOVO;4599400;b3S;;I;2;CAMPO NOVO;RS;12/2009;314;0;0;722;0;1.036;0;0;0;0;0;0;0;3.055;4.091;0;161;4.253;0;1.105;5.358
COOPERATIVA DE ECONOMIA E CRÉDITO MÚTUO DOS SERVIDORES PÚBLICOS DO PODER EXECUTIVO FEDERAL NO ESTADO DO ESPÍRITO SANTO - COOPSEFES;3639902;b3S;;I;2;VITORIA;ES;12/2009;11;0;0;286;0;297;0;0;0;0;0;0;0;0;297;0;469;766;0;4.559;5.325
COOPERATIVA DE ECONOMIA E CRÉDITO MÚTUO DOS MÉDICOS  E DEMAIS PROFISSIONAIS DA ÁREA DA SAÚDE DO VALE DO CAÍ LTDA;1077901;b3S;;I;2;MONTENEGRO;RS;12/2009;585;0;0;2.328;1.205;4.118;0;0;0;0;0;0;0;0;4.118;0;258;4.376;0;934;5.311
COOPERATIVA DE CRÉDITO RURAL DE PRESIDENTE MÉDICI LTDA;5627993;b3S;;I;2;PRESIDENTE MEDICI;RO;12/2009;969;0;0;2.329;0;3.298;0;0;0;0;0;0;0;0;3.298;0;1.465;4.763;0;516;5.279
SOCICRED SOCIEDADE DE CREDITO AO MICROEMPREENDEDOR LTDA;5289612;n1;;I;2;PORTO ALEGRE;RS;12/2009;0;0;0;0;0;0;0;0;0;0;0;0;0;0;0;0;202;202;0;5.063;5.265
COOPERATIVA DE ECONOMIA E CREDITO MUTUO GERMER;82133182;b3S;;I;3;TIMBO;SC;12/2009;835;0;0;2.555;758;4.148;0;0;0;0;0;0;0;74;4.222;0;246;4.468;0;789;5.256
COOPERATIVA DE CRÉDITO DOS EMPRESÁRIOS EM TRANSPORTES RODOVIÁRIOS DE FRANCISCO BELTRÃO E REGIÃO - RODOCRÉDITO;10311218;b3S;;I;2;FRANCISCO BELTRAO;PR;12/2009;966;0;0;2.578;0;3.544;0;0;0;0;0;0;0;988;4.531;0;57;4.588;0;659;5.247
COOPERATIVA DE ECONOMIA  E CRÉDITO MÚTUO DOS EMPRESÁRIOS DE ARAXÁ LTDA - CREDICOMÉRCIO;7791025;b3S;;I;2;ARAXA;MG;12/2009;1.551;0;0;1.536;0;3.087;0;0;0;0;0;0;0;915;4.002;0;345;4.347;0;886;5.234
COOPERATIVA DE ECONOMIA E CREDITO MUTUO DOS SERVIDORES ESTATUTARIOS DA ADMINISTRACAO DIRETA DO ESTADO DO ESPIRITO SANTO - COOPFISCO;2475222;b3S;;I;2;VITORIA;ES;12/2009;98;0;0;1.199;0;1.297;0;0;0;0;0;0;0;0;1.297;0;760;2.057;0;3.168;5.225
DREBES FINANCEIRA S.A. CRÉDITO, FINANCIAMENTO E INVESTIMENTO;11271860;n1;;I;2;SAO JERONIMO;RS;12/2009;0;0;0;0;0;0;0;0;0;0;0;0;0;0;0;0;189;189;0;5.002;5.191
COOPERATIVA DE ECONOMIA E CRÉDITO MÚTUO DOS FUNCIONÁRIOS DA CIA AÇUCAREIRA VALE DO ROSÁRIO - COOPERVALE;44958981;b3S;;I;2;MORRO AGUDO;SP;12/2009;0;0;0;0;0;0;0;0;0;0;0;0;0;0;0;0;109;109;0;5.066;5.175
COOPERATIVA DE CRÉDITO DOS EMPRESÁRIOS DO ALTO VALE DO RIO NEGRO - SCRCRED;10218474;b3S;;I;2;SAO BENTO DO SUL;SC;12/2009;655;0;0;3.001;0;3.657;0;0;0;0;0;0;0;630;4.287;0;67;4.354;0;812;5.166
COOPERATIVA DE ECONOMIA E CRÉDITO MÚTUO DOS SERVIDORES PÚBLICOS MUNICIPAIS EM JOÃO MONLEVADE LTDA.;18310649;b3S;;I;2;JOAO MONLEVADE;MG;12/2009;0;0;0;0;0;0;0;0;0;0;0;0;0;0;0;0;1.050;1.050;0;4.105;5.155
COOPERATIVA DE ECONOMIA E CRÉDITO MÚTUO DOS EMPREGADOS DO GRUPO COLORADO;2024442;b3S;;I;2;GUAIRA;SP;12/2009;0;0;0;0;0;0;0;0;0;0;0;0;0;94;94;0;305;400;0;4.749;5.149
COOPERATIVA DE ECONOMIA E CREDITO MUTUO DOS FUNCIONARIOS DA COMIGO;1062439;b3S;;I;2;RIO VERDE;GO;12/2009;720;0;0;293;0;1.013;0;0;0;0;0;0;0;20;1.033;0;489;1.522;0;3.593;5.116
COOPERATIVA DE ECONOMIA E CRÉDITO MÚTUO DOS FUNCIONÁRIOS DA  INDUSTRIA MINERADORA DE BRUMADO E MICRO REGIÃO - SICOOB CREDIMINERAL;2558287;b3S;;I;2;BRUMADO;BA;12/2009;362;0;0;432;785;1.579;0;0;0;0;0;0;0;680;2.258;0;291;2.549;0;2.553;5.102
COOPERATIVA DE CRÉDITO RURAL COM INTERAÇÃO SOLIDÁRIA DE ITUPORANGA - CRESOL ITUPORANGA;7507647;b3S;;I;2;ITUPORANGA;SC;12/2009;204;0;0;1.242;0;1.446;0;0;0;0;0;0;0;701;2.147;0;2.267;4.414;0;661;5.075
COOPERATIVA DE CRÉDITO MÚTUO DOS FUNCIONÁRIOS DA SADIA - SICREDI COOFATO;80403306;b3S;;I;2;TOLEDO;PR;12/2009;0;0;0;0;0;0;0;0;0;0;0;0;0;0;0;0;537;537;0;4.529;5.065
NSG CAPITAL;51640;n2;;C;2;RIO DE JANEIRO;RJ;12/2009;0;0;0;0;0;0;0;0;0;0;0;0;0;0;0;0;440;440;0;4.622;5.062
COOPERATIVA DE ECONOMIA E CRÉDITO MÚTUO DOS FUNCIONÁRIOS DAS EMPRESAS MELHORAMENTOS DE SÃO PAULO;1504952;b3S;;I;2;SAO PAULO;SP;12/2009;0;0;0;0;0;0;0;0;0;0;0;0;0;0;0;0;334;334;0;4.707;5.041
COOPERATIVA DE CRÉDITO RURAL COM INTERAÇÃO SOLIDÁRIA DE PINHALZINHO - CRESOL PINHALZINHO;7412987;b3S;;I;2;PINHALZINHO;SC;12/2009;719;0;0;1.760;3;2.482;0;0;0;0;0;0;0;1.810;4.292;0;45;4.337;0;701;5.038
COOPERATIVA DE CRÉDITO RURAL COM INTERAÇÃO SOLIDÁRIA DE APIÚNA - CRESOL APIÚNA;7215632;b3S;;I;2;APIUNA;SC;12/2009;407;0;0;1.747;0;2.154;0;0;0;0;0;0;0;1.808;3.962;0;67;4.029;0;994;5.023
AGENCIA DE FOMENTO DO AMAPA S.A.;2929977;n1;;I;1;MACAPA;AP;12/2009;0;0;0;0;0;0;0;0;0;0;0;0;0;0;0;0;2.215;2.215;0;2.775;4.990
FOCO DISTRIBUIDORA DE TÍTULOS E VALORES MOBILIÁRIOS LTDA.;329598;n2;;I;2;RIO DE JANEIRO;RJ;12/2009;0;0;0;0;0;0;0;0;0;0;0;0;0;0;0;0;1.758;1.758;0;3.216;4.974
COOPERATIVA DE CRÉDITO DE LIVRE ADMISSÃO DE ASSOCIADOS DO SUL DO ESTADO DE SANTA CATARINA - SICREDI SUL CATARINENSE SC;10342559;b3S;;I;2;TUBARAO;SC;12/2009;1.137;0;0;2.688;0;3.826;0;0;0;0;0;0;0;0;3.826;0;67;3.893;0;1.060;4.953
COOPERATIVA DE CREDITO RURAL COM INTERACAO SOLIDARIA DE HONORIO SERPA - CRESOL HONORIO SERPA;2565350;b3S;;I;2;HONORIO SERPA;PR;12/2009;274;0;0;309;0;583;0;0;0;0;0;0;0;1.210;1.793;0;1.843;3.636;0;1.289;4.926
COOPERATIVA DE CRÉDITO MÚTUO DOS COMERCIANTES DE VEÍCULOS, PEÇAS E ACESSÓRIOS PARA VEÍCULOS DE CURITIBA E REGIÃO - SICREDI SINCOCRED PR;7070495;b3S;;I;2;CURITIBA;PR;12/2009;975;0;0;2.717;359;4.051;0;0;0;0;0;0;0;0;4.051;0;56;4.106;0;817;4.923
SAFDIÉ DISTRIBUIDORA DE TÍTULOS E VALORES MOBILIÁRIOS LTDA.;5389174;n2;;I;2;SAO PAULO;SP;12/2009;0;0;0;0;39;39;0;0;0;0;0;0;0;0;39;0;2.153;2.192;0;2.728;4.920
SOCIALCRED S/A ? SOCIEDADE DE CRÉDITO AO MICROEMPREENDEDOR E À EMPRESA DE PEQUENO PORTE;4316357;n1;;I;2;RIO DE JANEIRO;RJ;12/2009;0;0;0;0;0;0;0;0;0;0;0;0;0;1.746;1.746;0;154;1.900;0;3.015;4.915
COOPERATIVA DE ECONOMIA E CRÉDITO MÚTUO DOS EMPREGADOS DA TAKATA-PETRI;47944277;b3S;;I;2;JUNDIAI;SP;12/2009;0;0;0;0;0;0;0;0;0;0;0;0;0;0;0;0;308;308;0;4.595;4.904
NOMINAL DISTRIBUIDORA DE TITULOS E VALORES MOBILIARIOS LTDA;76637263;n2;;I;2;RIO DE JANEIRO;RJ;12/2009;0;0;0;0;0;0;0;0;0;0;0;0;0;0;0;0;343;343;0;4.545;4.888
COOPERATIVA DE CREDITO RURAL DE RIO RUFINO - SICOOB/SC CREDIUNIÃO;2448839;b3S;;I;2;RIO RUFINO;SC;12/2009;836;0;0;914;71;1.821;0;0;0;0;0;0;0;1.951;3.773;0;178;3.950;0;938;4.888
COOPERATIVA DE CREDITO RURAL COM INTERACAO SOLIDARIA DE GUARACIABA-CRESOL GUARACIABA;5400634;b3S;;I;2;GUARACIABA;SC;12/2009;332;0;0;1.222;0;1.554;0;0;0;0;0;0;0;2.385;3.940;0;57;3.997;0;870;4.866
COOPERATIVA DE ECONOMIA E CREDITO MUTUO DOS EMPREGADOS DE CHOCOLATES GAROTO, LTDA;30949267;b3S;;I;2;VILA VELHA;ES;12/2009;74;0;0;0;3.662;3.735;0;0;0;0;0;0;0;0;3.735;0;173;3.908;0;956;4.864
COOPERATIVA DE ECONOMIA E CRÉDITO MÚTUO DOS PROFISSIONAIS DA ÁREA DE SAÚDE DE PIRACICABA E REGIÃO;2072790;b3S;;I;2;PIRACICABA;SP;12/2009;484;0;0;3.052;242;3.778;0;0;0;0;0;0;0;0;3.778;0;114;3.892;0;962;4.854
COOPERATIVA DE CRÉDITO RURAL COM INTERAÇÃO SOLIDÁRIA DE GUARANI DAS MISSÕES - CRESOL GUARANI DAS MISSÕES;8488377;b3S;;I;2;GUARANI DAS MISSOES;RS;12/2009;353;0;0;668;0;1.021;0;0;0;0;0;0;0;2.554;3.575;0;117;3.692;0;1.156;4.848
COOPERATIVA DE ECONOMIA E CRÉDITO MÚTUO DOS EMPRESÁRIOS DE PIRACICABA - SICOOB COOPCRED;8702520;b3S;;I;2;PIRACICABA;SP;12/2009;446;0;0;3.221;140;3.807;0;0;0;0;0;0;0;0;3.807;0;205;4.012;0;807;4.820
FRAÇÃO DISTRIBUIDORA DE TÍTULOS E VALORES MOBILIÁRIOS LTDA;64414832;n2;;I;2;BELO HORIZONTE;MG;12/2009;0;0;0;0;0;0;0;0;0;0;0;0;0;0;0;0;684;684;0;4.126;4.810
COOPERATIVA DE CRÉDITO DOS SERVIDORES PÚBLICOS DO ESTADO DE GOIÁS NA REGIÃO METROPOLITANA DE GOIÂNIA LTDA. - SERVCRED-GO;7703024;b3S;;I;2;GOIANIA;GO;12/2009;3.478;0;0;310;92;3.880;0;0;0;0;0;0;0;0;3.880;0;142;4.022;0;775;4.797
COOPERATIVA DE ECONOMIA E CREDITO MUTUO DOS TRABALHADORES DAS INSTITUIÇÕES DE ENSINO DA REGIÃO METROPOLITANA DE FLORIANOPOLIS SICOOB/SC- CREDTEC;73656795;b3S;;I;2;FLORIANOPOLIS;SC;12/2009;1.045;0;0;1.649;284;2.979;0;0;0;0;0;0;0;831;3.809;0;247;4.056;0;674;4.730
COOPERATIVA DE ECONOMIA E CREDITO MUTUO DOS TRABALHADORES PORTUARIOS DA GRANDE VITORIA - CREDESTIVA.;3844699;b3S;;I;2;VITORIA;ES;12/2009;61;0;0;257;0;318;0;0;0;0;0;0;0;28;347;0;679;1.026;0;3.703;4.728
COOPERATIVA DE CREDITO RURAL COM INTERACAO SOLIDARIA DE CANDOI - CRESOL CANDOI;3356447;b3S;;I;2;CANDOI;PR;12/2009;418;0;0;660;0;1.077;0;0;0;0;0;0;0;135;1.212;0;2.317;3.529;0;1.197;4.726
COOPERATIVA DE CRÉDITO DOS LOJISTAS DO DISTRITO FEDERAL - SICOOB CREDILOJISTA;7836458;b3S;;I;2;BRASILIA;DF;12/2009;863;0;0;2.483;220;3.566;0;0;0;0;0;0;0;65;3.631;0;124;3.755;0;967;4.721
COOPERATIVA DE CRÉDITO MÚTUO DOS EMPREGADOS DO GRUPO METSO E DA DYNAPAC - NOSSACRED;49060635;b3S;;I;2;SOROCABA;SP;12/2009;0;0;0;0;0;0;0;0;0;0;0;0;0;0;0;0;327;327;0;4.349;4.676
COOPERATIVA DE CRÉDITO MÚTUO DOS MICRO E PEQUENOS EMPRESÁRIOS E MICROEMPREENDEDORES DO GRANDE ABC- SICOOB CREDIACISA;7946216;b3S;;I;2;SANTO ANDRE;SP;12/2009;378;0;0;2.781;383;3.542;0;0;0;0;0;0;0;0;3.542;0;90;3.632;0;1.039;4.671
COOPERATIVA DE CREDITO RURAL COM INTERACAO SOLIDARIA DE MARCELINO RAMOS-CRESOL MARCELINO RAMOS;5211129;b3S;;I;2;MARCELINO RAMOS;RS;12/2009;417;0;0;1.321;0;1.738;0;0;0;0;0;0;0;1.841;3.580;0;260;3.840;0;828;4.668
COOPERATIVA DE CREDITO RURAL ITABATÃ - SICOOB ITABATÃ.;4007201;b3S;;I;2;MUCURI;BA;12/2009;781;0;0;1.662;0;2.443;0;0;0;0;0;0;0;0;2.443;0;184;2.627;0;2.020;4.646
COOPERATIVA DE CRÉDITO MÚTUO DOS INTEGRANTES DA JUSTIÇA DO TRABALHO DA 13ª REGIÃO LTDA.;4608925;b3S;;I;2;JOAO PESSOA;PB;12/2009;52;0;0;1.387;0;1.439;0;0;0;0;0;0;0;0;1.439;0;51;1.490;0;3.152;4.642
COOPERATIVA DE ECONOMIA E CRÉDITO MÚTUO DOS TRABALHADORES NA EXTRAÇÃO, BENEFICIAMENTO E TRANSPORTE DE ARDÓSIA DA REGIÃO CENTRO OESTE DO ESTADO DE MINAS GERAIS LTDA. - ARDOCREDI;5735447;b3S;;I;2;PAPAGAIOS;MG;12/2009;1.580;0;0;1.360;0;2.940;0;0;0;0;0;0;0;0;2.940;0;192;3.132;0;1.483;4.615
COOPERATIVA DE ECONOMIA E CRÉDITO MÚTUO DOS EMPRESÁRIOS DE LEME - SICOOB CREDIACIL;8795285;b3S;;I;2;LEME;SP;12/2009;975;0;0;2.688;264;3.927;0;0;0;0;0;0;0;0;3.927;0;116;4.043;0;557;4.600
COOPERATIVA DE CRÉDITO RURAL VALE DO MANOEL ALVES   SICREDI VALE DO MANOEL ALVES   TO;3836609;b3S;;I;2;DIANOPOLIS;TO;12/2009;808;0;0;2.200;208;3.216;0;0;0;0;0;0;0;0;3.216;0;573;3.789;0;811;4.599
RELIANCE - DISTRIBUIDORA DE TÍTULOS E VALORES MOBILIÁRIOS LTDA.;4215594;n2;;I;2;SAO PAULO;SP;12/2009;0;0;0;0;0;0;0;0;0;0;0;0;0;0;0;0;2.741;2.741;0;1.810;4.550
COOPERATIVA DE CRÉDITO DE LIVRE ADMISSÃO DE ASSOCIADOS DA REGIÃO DOS VALES DE GOIÁS;1816701;b3S;;I;2;QUIRINOPOLIS;GO;12/2009;1.319;0;0;530;36;1.884;0;0;0;0;0;0;0;0;1.884;0;516;2.400;0;2.138;4.538
COOPERATIVA DE ECONOMIA E CRÉDITO MÚTUO DOS FUNCIONÁRIOS DO FLEURY;71965313;b3S;;I;2;SAO PAULO;SP;12/2009;0;0;0;0;0;0;0;0;0;0;0;0;0;0;0;0;462;462;0;4.067;4.529
PÓLOCRED   SOCIEDADE DE CRÉDITO AO MICROEMPREENDEDOR E À EMPRESA DE PEQUENO PORTE LTDA.;7945233;n1;;I;2;FLORIANOPOLIS;SC;12/2009;0;0;0;0;0;0;0;0;0;0;0;0;0;1.408;1.408;0;83;1.491;0;3.034;4.525
COOPERATIVA DE CRÉDITO DOS EMPREGADOS DA CELG LTDA.;9290821;b3S;;I;2;GOIANIA;GO;12/2009;2.583;0;0;880;0;3.464;0;0;0;0;0;0;0;0;3.464;0;93;3.556;0;968;4.525
COOPERATIVA DE ECONOMIA E CRÉDITO MÚTUO DOS EMPRESÁRIOS DE ITAPETININGA - SICOOB CRED-ACI;8844074;b3S;;I;2;ITAPETININGA;SP;12/2009;1.038;0;0;2.341;499;3.878;0;0;0;0;0;0;0;0;3.878;0;118;3.996;0;525;4.521
COOPERATIVA DE CRÉDITO RURAL DE MAIRI LTDA. - SICOOB COOPEMAR;4174720;b3S;;I;2;MAIRI;BA;12/2009;1.137;0;0;955;82;2.173;0;0;0;0;0;0;0;624;2.797;0;480;3.277;0;1.242;4.519
COOPERATIVA DE CRÉDITO RURAL GANDU - SICOOB CREDIGANDU;2876918;b3S;;I;2;GANDU;BA;12/2009;655;0;0;678;70;1.403;0;0;0;0;0;0;0;909;2.311;0;382;2.693;0;1.823;4.516
COOPERATIVA DE CRÉDITO DE LIVRE ADMISSÃO DE ASSOCIADOS DO SUL DO PARÁ - SICREDI SUL PA;10779018;b3S;;I;2;PARAUAPEBAS;PA;12/2009;1.588;0;0;409;0;1.997;0;0;0;0;0;0;0;932;2.930;0;357;3.287;0;1.219;4.506
COOPERATIVA DE ECONOMIA E CRÉDITO MÚTUO DOS FUNCIONÁRIOS DO GRUPO LORENZETTI;44905255;b3S;;I;2;SAO PAULO;SP;12/2009;0;0;0;0;0;0;0;0;0;0;0;0;0;0;0;0;440;440;0;4.059;4.499
COOPERATIVA DE ECONOMIA E CREDITO MUTUO DOS SERVIDORES DA COMLURB LTDA;29341260;b3S;;I;2;RIO DE JANEIRO;RJ;12/2009;0;0;0;0;0;0;0;0;0;0;0;0;0;0;0;0;377;377;0;4.101;4.477
COOPERATIVA DE ECONOMIA E CREDITO MUTUO DOS FUNCIONARIOS DO GRUPO VONPAR LTDA;89523518;b3S;;I;2;PORTO ALEGRE;RS;12/2009;0;0;0;227;0;227;0;0;0;0;0;0;0;0;227;0;496;723;0;3.747;4.470
COOPERATIVA DE ECONOMIA E CRÉDITO MÚTUO DOS MÉDICOS E PROFISSIONAIS DE SAÚDE DE SÃO LUÍS - UNICRED DE SÃO LUÍS;8143326;b3S;;I;2;SAO LUIS;MA;12/2009;3.043;0;0;753;1;3.797;0;0;0;0;0;0;0;0;3.797;0;86;3.883;0;570;4.452
COOPERATIVA DE ECONOMIA E CRÉDITO MÚTUO DOS FUNCIONÁRIOS DO HOSPITAL VERA CRUZ E VERA CRUZ ASSOCIAÇÃO DE SAÚDE;44588366;b3S;;I;2;CAMPINAS;SP;12/2009;0;0;0;0;0;0;0;0;0;0;0;0;0;0;0;0;80;80;0;4.366;4.446
COOPERATIVA DE CRÉDITO RURAL COM INTERAÇÃO SOLIDÁRIA DE SÃO MIGUEL DO OESTE;8253539;b3S;;I;2;SAO MIGUEL D'OESTE;SC;12/2009;193;0;0;1.158;0;1.351;0;0;0;0;0;0;0;43;1.394;0;2.329;3.723;0;702;4.425
COOPERATIVA DE ECONOMIA E CRÉDITO MÚTUO DOS SERVIDORES DA  SECRETARIA DA SEGURANCA PÚBLICA DO ESTADO DO RIO GRANDE DO NORTE;2382755;b3S;;I;2;NATAL;RN;12/2009;121;0;0;247;5;373;0;0;0;0;0;0;0;248;621;0;787;1.408;0;3.015;4.423
COOPERATIVA DE CRÉDITO RURAL ASCOOB GRANDE;4368521;b3S;;I;2;BAIXA GRANDE;BA;12/2009;751;0;0;1.332;404;2.487;0;0;0;0;0;0;0;487;2.974;0;210;3.184;0;1.230;4.414
COOPERATIVA DE CRÉDITO RURAL COM INTERAÇÃO SOLIDÁRIA DE NOVA ESPERANÇA DO SUDOESTE - CRESOL NOVA ESPERANÇA DO SUDOESTE;7926510;b3S;;I;2;NOVA ESPERANCA DO SUDOESTE;PR;12/2009;277;0;0;890;0;1.167;0;0;0;0;0;0;0;132;1.300;0;2.374;3.673;0;739;4.413
COOPERATIVA DE CRÉDITO DOS EMPRESÁRIOS DE JATAÍ LTDA.;10143499;b3S;;I;2;JATAI;GO;12/2009;1.893;0;0;1.257;0;3.150;0;0;0;0;0;0;0;0;3.150;0;85;3.235;0;1.163;4.398
COOPERATIVA DE CRÉDITO RURAL COM INTERAÇÃO SOLIDÁRIA DE BOA VENTURA DE SÃO ROQUE - CRESOL BOA VENTURA DE SÃO ROQUE;6115743;b3S;;I;2;BOA VENTURA DE SAO ROQUE;PR;12/2009;282;0;0;585;0;866;0;0;0;0;0;0;0;130;996;0;2.536;3.533;0;838;4.371
COOPERATIVA DE ECONOMIA E CRÉDITO MÚTUO DOS MÉDICOS E DEMAIS  PROFISSIONAIS DA SAÚDE DE BOA VISTA LTDA;2137018;b3S;;I;2;BOA VISTA;RR;12/2009;705;0;0;2.078;0;2.783;0;0;0;0;0;0;0;203;2.985;0;55;3.041;0;1.329;4.370
COOPERATIVA DE ECONOMIA E CRÉDITO MÚTUO DOS EMPREGADOS DA CENTRAIS ELÉTRICAS DE SANTA CATARINA - CREDELESC;8850613;b3S;;I;2;FLORIANOPOLIS;SC;12/2009;1.821;0;0;2.031;0;3.852;0;0;0;0;0;0;0;0;3.852;0;31;3.884;0;473;4.357
COOPERATIVA DE CRÉDITO RURAL DE JUAZEIRO - SICOOB CREDIJU;2892637;b3S;;I;2;JUAZEIRO;BA;12/2009;1.618;0;0;514;731;2.863;0;0;0;0;0;0;0;155;3.018;0;202;3.220;0;1.103;4.323
COOPERATIVA DE ECONOMIA E CRÉDITO MÚTUO ALIANÇA;52935442;b3S;;I;2;SAO PAULO;SP;12/2009;0;0;0;0;0;0;0;0;0;0;0;0;0;0;0;0;202;202;0;4.114;4.316
COOPERATIVA DE CRÉDITO MÚTUO DOS SERVIDORES DE ÓRGAOS GESTORES DE RECURSOS HÍDRICOS DO ESTADO DE SÃO PAULO - COOPERHIDRO;53800488;b3S;;I;2;SAO PAULO;SP;12/2009;0;0;0;1.613;0;1.613;0;0;0;0;0;0;0;0;1.613;0;47;1.660;0;2.642;4.302
COOPERATIVA DE ECONOMIA E CRÉDITO MÚTUO DOS EMPRESÁRIOS DO COMÉRCIO DA GRANDE MACEIÓ - COMCRED MACEIÓ;8648300;b3S;;I;2;MACEIO;AL;12/2009;524;0;0;465;39;1.029;0;0;0;0;0;0;0;2.600;3.629;0;214;3.843;0;441;4.283
COOPERATIVA DE ECONOMIA E CRÉDITO MÚTUO DOS SERVIDORES PÚBLICOS MUNICIPAIS DA REGIÃO METROPOLITANA DE BELÉM LTDA. - CREDBEM;991739;b3S;;I;2;BELEM;PA;12/2009;0;0;0;0;0;0;0;0;0;0;0;0;0;121;121;0;784;904;0;3.365;4.269
COOPERATIVA DE ECONOMIA E CREDITO MUTUO DOS SERVIDORES PUBLICOS MUNICIPAIS DE PORTO ALEGRE;3990888;b3S;;I;2;PORTO ALEGRE;RS;12/2009;0;0;0;0;0;0;0;0;0;0;0;0;0;0;0;0;1.935;1.935;0;2.329;4.264
COOPERATIVA DE ECONOMIA E CRÉDITO MÚTUO DOS EMPRESÁRIOS DE AMERICANA, LIMEIRA E REGIÃO - SICOOB COOPERCRED;9579249;b3S;;I;2;AMERICANA;SP;12/2009;959;0;0;2.300;4;3.263;0;0;0;0;0;0;0;0;3.263;0;258;3.521;0;738;4.259
CREDICONT - COOPERATIVA DE EC. E CRÉDITO MÚTUO DOS EMPREGADOS DAS EMPRESAS INDUSTRIAIS, COMERCIAIS, DE ASSIST. TÉCNICA E LOCADORAS, NAS ÁREAS DE METALURGIA E MAT. ELÉTRICO REGIÕES SÃO PAULO E CAMPINAS;56882988;b3S;;I;2;HORTOLANDIA;SP;12/2009;0;0;0;116;0;116;0;0;0;0;0;0;0;0;116;0;619;735;0;3.495;4.230
COOPERATIVA DE ECONOMIA E CRÉDITO MÚTUO SERVIDORES PÚBLICOS ATIVOS, INATIVOS E PENSIONISTAS DA ADMINISTRAÇÃO DIRETA, INDIRETA E ASSEMBLÉIA LEGISLATIVA DO ESTADO DO RIO GRANDE SUL - COOPSERGS;5591437;b3S;;I;2;PORTO ALEGRE;RS;12/2009;0;0;0;0;0;0;0;0;0;0;0;0;0;52;52;0;2.630;2.683;0;1.523;4.206
MULTICRED - CORRETORA DE VALORES E CAMBIO S.A.;419291;n2;;I;2;BRASILIA;DF;12/2009;0;0;0;0;0;0;0;0;0;0;0;0;0;0;0;0;1.697;1.697;0;2.502;4.200
COOPERATIVA DE ECONOMIA E CREDITO MUTUO DOS SERVIDORES DA UNIVERSIDADE FEDERAL FLUMINENSE LTDA;29283884;b3S;;I;2;NITEROI;RJ;12/2009;0;0;0;9;5;14;0;0;0;0;0;0;0;4;17;0;2.973;2.991;0;1.206;4.197
FINAMBRÁS - CORRETORA DE CÂMBIO, TÍTULOS E VALORES MOBILIÁRIOS LTDA.;35594001;n2;;I;2;SAO PAULO;SP;12/2009;0;0;0;0;0;0;0;0;0;0;0;0;0;0;0;0;1.480;1.480;0;2.710;4.190
COOPERATIVA DE ECONOMIA E CRÉDITO MÚTUO DOS FUNCIONÁRIOS DO SISTEMA FIERGS-CRESUL;92675578;b3S;;I;2;PORTO ALEGRE;RS;12/2009;0;0;0;0;0;0;0;0;0;0;0;0;0;0;0;0;292;292;0;3.879;4.171
COOPERATIVA DE ECONOMIA E CRÉDITO MÚTUO DA ALIANÇA DOS  MÉDICOS E DEMAIS PROFISSIONAIS DA ÁREA DA SAÚDE DE AVARÉ - ALCRED AVARÉ;1478780;b3S;;I;2;AVARE;SP;12/2009;321;0;0;429;795;1.544;0;0;0;0;0;0;0;2.885;4.429;0;134;4.563;0;-393;4.169
COOPERATIVA DE CRÉDITO DOS EMPREGADOS DO GRUPO AKZO NOBEL BRASIL - COOP AKZONOBEL;57996878;b3S;;I;2;MAUA;SP;12/2009;0;0;0;0;0;0;0;0;0;0;0;0;0;0;0;0;518;518;0;3.621;4.139
COOPERATIVA DE CREDITO RURAL COM INTERACAO SOLIDARIA DE IPUMIRIM - CRESOL IPUMIRIM;5427501;b3S;;I;2;IPUMIRIM;SC;12/2009;622;0;0;1.140;0;1.762;0;0;0;0;0;0;0;1.586;3.348;0;62;3.411;0;717;4.127
COOPERATIVA DE CRÉDITO RURAL COM INTERAÇÃO SOLIDÁRIA DE TIRADENTES DO SUL;8805562;b3S;;I;2;TIRADENTES DO SUL;RS;12/2009;349;0;0;1.258;2;1.609;0;0;0;0;0;0;0;1.679;3.288;0;217;3.505;0;618;4.123
CRETOVALE - COOPERATIVA DE ECONOMIA E CRÉDITO MÚTUO DOS TRABALHADORES DA VALE;28145589;b3S;;I;2;VITORIA;ES;12/2009;0;0;0;0;0;0;0;0;0;0;0;0;0;0;0;0;1.180;1.180;0;2.939;4.119
COOPERATIVA DE ECONOMIA E CREDITO MUTUO DOS FUNCIONARIOS DE INSTITUICOES FINANCEIRAS PUBLICAS NO ESTADO DO ESPIRITO SANTO - CREDBRASIL-ES;2869663;b3S;;I;2;VITORIA;ES;12/2009;0;0;0;1.919;0;1.919;0;0;0;0;0;0;0;0;1.919;0;285;2.205;0;1.901;4.106
COOPERATIVA DE CRÉDITO RURAL GRAPIÚNA LTDA. - SICOOB CREDICOOGRAP;32615056;b3S;;I;2;ITABUNA;BA;12/2009;436;0;0;368;19;823;0;0;0;0;0;0;0;237;1.060;0;1.467;2.527;0;1.578;4.105
COOPERATIVA DE ECONOMIA E CRÉDITO MÚTUO DOS FUNCIONÁRIOS DA ACUMENT BRASIL;45068632;b3S;;I;2;SAO PAULO;SP;12/2009;0;0;0;102;0;102;0;0;0;0;0;0;0;0;102;0;425;526;0;3.579;4.105
DIAS DE SOUZA VALORES SOCIEDADE CORRETORA LTDA;61795290;n2;;I;2;SAO PAULO;SP;12/2009;0;0;0;0;0;0;0;0;0;0;0;0;0;0;0;0;1.421;1.421;0;2.678;4.099
COOPERATIVA DE ECONOMIA E CREDITO MUTUO DOS EMPREGADOS DAS EMPRESAS DE TRANSPORTES COLETIVOS RODOVIÁRIOS DE PASSAGEIROS DO GRANDE RIO LTDA;141155;b3S;;I;2;SAO GONCALO;RJ;12/2009;0;0;0;0;0;0;0;0;0;0;0;0;0;0;0;0;228;228;0;3.852;4.080
COOPERATIVA DE CRÉDITO RURAL DOS PLANTADORES DE CANA DA REGIÃO DE IGARAPAVA;52623311;b3S;;I;2;IGARAPAVA;SP;12/2009;0;0;0;0;0;0;0;0;0;0;0;0;0;0;0;0;45;45;0;4.032;4.077
COOPERATIVA DE CREDITO RURAL COM INTERACAO SOLIDARIA DE VERA CRUZ DO OESTE - CRESOL VERA CRUZ DO OESTE;5152177;b3S;;I;2;VERA CRUZ DO OESTE;PR;12/2009;192;0;0;497;0;689;0;0;0;0;0;0;0;141;830;0;2.297;3.127;0;949;4.076
COOPERATIVA DE ECONOMIA E CRÉDITO MÚTUO DOS FUNCIONÁRIOS DA OWENS CORNING FIBERGLAS AMÉRICA DO SUL;48172860;b3S;;I;2;RIO CLARO;SP;12/2009;0;0;0;1.042;0;1.042;0;0;0;0;0;0;0;106;1.148;0;77;1.226;0;2.841;4.067
COOPERATIVA DE CRÉDITO MÚTUO DOS FUNCIONÁRIOS DA PERPART E DO IPA - COOPEMATER;11356599;b3S;;I;2;RECIFE;PE;12/2009;0;0;0;0;0;0;0;0;0;0;0;0;0;494;494;0;592;1.087;0;2.966;4.052
COOPERATIVA DE ECONOMIA E CRÉDITO MÚTUO DOS EMPREGADOS DO GRUPO SBF LTDA.;2232228;b3S;;I;2;SAO PAULO;SP;12/2009;0;0;0;0;0;0;0;0;0;0;0;0;0;0;0;0;505;505;0;3.532;4.037
COOPERATIVA DE CRÉDITO RURAL AGRO-PECUÁRIA DO SUDOESTE PAULISTA;74365354;b3S;;I;2;SOROCABA;SP;12/2009;477;0;0;2.414;19;2.911;0;0;0;0;0;0;0;121;3.032;0;117;3.149;0;857;4.006
GBM BRASIL DISTRIBUIDORA DE TITULOS E VALORES MOBILIARIOS S.A.;9391874;n2;;I;3;RIO DE JANEIRO;RJ;12/2009;0;0;0;0;0;0;0;0;0;0;0;0;0;0;0;0;2.182;2.182;0;1.822;4.004
COOPERATIVA DE CRÉDITO RURAL HORIZONTES NOVOS DE IBIRAIARAS LTDA - CREHNOR NORDESTE;6139650;b3S;;I;2;IBIRAIARAS;RS;12/2009;681;0;0;1.568;0;2.249;0;0;0;0;0;0;0;43;2.292;0;241;2.534;0;1.449;3.983
COOPERATIVA DE CREDITO RURAL COM INTERACAO SOLIDARIA DE ITAPERUÇU - CRESOL ITAPERUÇU;4496867;b3S;;I;2;ITAPERUCU;PR;12/2009;539;0;0;670;0;1.209;0;0;0;0;0;0;0;159;1.368;0;1.169;2.537;0;1.422;3.959
COOPERATIVA DE CRÉDITO RURAL COM INTERAÇÃO SOLIDÁRIA DE IBIAM - CRESOL IBIAM;8240446;b3S;;I;2;IBIAM;SC;12/2009;180;0;0;905;0;1.086;0;0;0;0;0;0;0;39;1.124;0;2.164;3.288;0;648;3.936
COOPERATIVA DE CRÉDITO DE LIVRE ADMISSÃO DE ASSOCIADOS DE GUARAMIRIM - CREVISC;10143743;b3S;;I;2;GUARAMIRIM;SC;12/2009;948;0;0;953;0;1.902;0;0;0;0;0;0;0;1.155;3.057;0;49;3.106;0;821;3.927
INCENTIVO S.A DISTRIBUIDORA DE TÍTULOS E VALORES MOBILIÁRIOS;61757423;n2;;I;2;SAO PAULO;SP;12/2009;0;0;0;0;18;18;0;0;0;0;0;0;0;0;18;0;2.401;2.420;0;1.494;3.914
COOPERATIVA DE CRÉDITO MÚTUO DOS EMPREGADOS DA PILKINGTON BRASIL;2104058;b3S;;I;2;CACAPAVA;SP;12/2009;0;0;0;0;0;0;0;0;0;0;0;0;0;0;0;0;139;139;0;3.761;3.900
COOPERATIVA DE ECONOMIA E CRÉDITO MÚTUO DOS SERVIDORES MUNICIPAIS DE ITABIRA LTDA. - COSEMI;16651002;b3S;;I;2;ITABIRA;MG;12/2009;0;0;0;107;0;107;0;0;0;0;0;0;0;0;107;0;430;537;0;3.346;3.883
COOPERATIVA DE ECONOMIA E CRÉDITO MÚTUO DOS EMPREGADOS DA MAGNESITA REFRATÁRIOS S.A. LTDA. - CECREM;913314;b3S;;I;2;CONTAGEM;MG;12/2009;0;0;0;0;0;0;0;0;0;0;0;0;0;0;0;0;470;470;0;3.411;3.881
COOPERATIVA DE ECONOMIA E CRÉDITO MÚTUO DOS COLABORADORES DA UNIÃO BRASILEIRA DE EDUCAÇÃO E ENSINO & UNIÃO NORTE BRASILEIRA DE EDUCAÇÃO E CULTURA LTDA.;2588819;b3S;;I;2;BELO HORIZONTE;MG;12/2009;0;0;0;0;0;0;0;0;0;0;0;0;0;0;0;0;693;693;0;3.161;3.854
COOPERATIVA DE ECONOMIA E CRÉDITO MÚTUO DOS FUNCIONÁRIOS DA MORLAN - CREDMORLAN;731320;b3S;;I;2;ORLANDIA;SP;12/2009;0;0;0;0;0;0;0;0;0;0;0;0;0;0;0;0;392;392;0;3.439;3.831
COOPERATIVA DE ECONOMIA E CRÉDITO MÚTUO DOS SERVIDORES DOS ÓRGÃOS DA SEGURANÇA PÚBLICA, DOS MINISTÉRIOS DA JUSTIÇA, E DA DEFESA, E ÓRGÃOS VINCULADOS, NO DISTRITO FEDERAL - COOPERCRED LTDA.;36767291;b3S;;I;2;BRASILIA;DF;12/2009;478;0;0;326;699;1.503;0;0;0;0;0;0;0;937;2.441;0;1.138;3.578;0;249;3.827
COOPERATIVA DE ECONOMIA E CREDITO MUTUO DOS EMPREGADOS EM SANEAMENTO DO ESTADO DE MATO GROSSO - SICOOB CREDISAN;288098;b3S;;I;2;CUIABA;MT;12/2009;1.386;0;0;597;123;2.106;0;0;0;0;0;0;0;257;2.363;0;679;3.042;0;753;3.796
COOPERATIVA DE CREDITO MUTUO DOS CIRURGIÕES DENTISTAS E DEMAIS PROFISSIONAIS DA AREA DE SAUDE DO OESTE PAULISTA - SICREDI OESTE SP;4766558;b3S;;I;2;PRESIDENTE PRUDENTE;SP;12/2009;363;0;0;2.066;0;2.430;0;0;0;0;0;0;0;0;2.430;0;389;2.819;0;975;3.794
TREVISO CORRETORA DE CÂMBIO LTDA;2992317;n2;;I;2;SAO PAULO;SP;12/2009;0;0;0;0;0;0;0;0;0;0;0;0;0;0;0;0;1.743;1.743;0;2.039;3.782
COOPERATIVA DE CREDITO DOS DISTRIBUIDORES E ATACADISTAS DAS REGIOES DE GOIANIA, APARECIDA DE GOIANIA, CERES, RIALMA E ANAPOLIS LTDA.;10209619;b3S;;I;2;GOIANIA;GO;12/2009;1.549;0;0;251;0;1.800;0;0;0;0;0;0;0;0;1.800;0;812;2.612;0;1.165;3.777
COOPERATIVA DE CRÉDITO RURAL COM INTERAÇÃO SOLIDÁRIA DE CERRO LARGO - CRESOL CERRO LARGO;8239542;b3S;;I;2;CERRO LARGO;RS;12/2009;215;0;0;1.006;0;1.222;0;0;0;0;0;0;0;1.736;2.958;0;29;2.986;0;789;3.775
COOPERATIVA DE ECONOMIA E CRÉDITO MÚTUO DOS EMPREGADOS DAS EMPRESAS SIDERÚRGICAS, METALÚRGICAS E ELETRO-MECÂNICAS DE JOÃO MONLEVADE LTDA. - CREDIBELGO;24235459;b3S;;I;2;JOAO MONLEVADE;MG;12/2009;0;0;0;16;76;92;0;0;0;0;0;0;0;0;92;0;199;290;0;3.442;3.732
COOPERATIVA DE CRÉDITO DOS FUNCIONÁRIOS DAS  SECRETARIAS DA AGRICULTURA, MEIO AMBIENTE E DESENVOLVIMENTO AGRÍCOLA DO ESTADO DE SÃO PAULO - COOPERCERES;2208747;b3S;;I;2;SAO PAULO;SP;12/2009;0;0;0;0;0;0;0;0;0;0;0;0;0;0;0;0;332;332;0;3.399;3.731
COOPERATIVA DE ECONOMIA E CRÉDITO MÚTUO DOS FUNCIONÁRIOS DO GRUPO COMOLATTI - SÃO PAULO;47196084;b3S;;I;2;SAO PAULO;SP;12/2009;0;0;0;0;0;0;0;0;0;0;0;0;0;0;0;0;302;302;0;3.426;3.728
COOPERATIVA DE CRÉDITO RURAL DA REGIÃO SUL DO MARANHÃO - SICOOB CREDISUL;9403026;b3S;;I;2;GRAJAU;MA;12/2009;828;0;0;327;1;1.155;0;0;0;0;0;0;0;606;1.762;0;511;2.273;0;1.444;3.717
COOPERATIVA DE ECONOMIA E CRÉDITO MÚTUO DOS ENGENHEIROS, ARQUITETOS E AGRÔNOMOS DA REGIÃO METROPOLITANA DE SÃO PAULO LTDA. - ENGECRED SÃO PAULO;9146654;b3S;;I;2;SAO PAULO;SP;12/2009;402;0;0;835;0;1.237;0;0;0;0;0;0;0;1.794;3.031;0;29;3.060;0;651;3.711
COOPERATIVA DE ECONOMIA E CRÉDITO MÚTUO DOS EMPREGADOS DA CBMM LTDA.;18140913;b3S;;I;2;ARAXA;MG;12/2009;0;0;0;0;0;0;0;0;0;0;0;0;0;0;0;0;218;218;0;3.471;3.689
COOPERATIVA DE CRÉDITO MÚTUO DOS SERVIDORES DA ASSEMBLEIA LEGISLATIVA DO ESTADO DE SÃO PAULO - COOPERALESP;4791645;b3S;;I;2;SAO PAULO;SP;12/2009;0;0;0;0;0;0;0;0;0;0;0;0;0;0;0;0;132;132;0;3.537;3.669
COOPERATIVA DE ECONOMIA E CREDITO MUTUO JOHN F. KENNEDY LTDA;33735192;b3S;;I;2;RIO DE JANEIRO;RJ;12/2009;0;0;0;616;0;616;0;0;0;0;0;0;0;0;616;0;477;1.093;0;2.573;3.666
SAGRES DISTRIBUIDORA DE TÍTULOS E VALORES MOBILIÁRIOS LTDA.;62050554;n2;;I;2;SAO PAULO;SP;12/2009;0;0;0;0;0;0;0;0;0;0;0;0;0;0;0;0;2.057;2.057;0;1.593;3.650
COOPERATIVA DE CRÉDITO RURAL COM INTERAÇÃO SOLIDÁRIA DE FREI ROGÉRIO - CRESOL FREI ROGÉRIO;6890201;b3S;;I;2;FREI ROGERIO;SC;12/2009;458;0;0;765;0;1.223;0;0;0;0;0;0;0;1.541;2.764;0;40;2.804;0;843;3.647
COOPERATIVA DE ECONOMIA E CRÉDITO MÚTUO DOS SERVIDORES DA SECRETARIA DE DEFESA SOCIAL DO ESTADO DE MINAS GERAIS;5746715;b3S;;I;2;BELO HORIZONTE;MG;12/2009;0;0;0;1.155;484;1.638;0;0;0;0;0;0;0;0;1.638;0;149;1.788;0;1.855;3.643
COOPERATIVA DE ECONOMIA E CRÉDITO MÚTUO DOS FUNCIONÁRIOS DA COMPANHIA PAULISTA DE TRENS METROPOLITANOS;1530136;b3S;;I;2;OSASCO;SP;12/2009;0;0;0;0;0;0;0;0;0;0;0;0;0;0;0;0;444;444;0;3.185;3.628
COOPERATIVA DE ECONOMIA E CRÉDITO MÚTUO DOS  EMPREGADOS DA ELETRONORTE LTDA - ELETROCRED;1042487;b3S;;I;2;BELEM;PA;12/2009;0;0;0;634;0;634;0;0;0;0;0;0;0;0;634;0;112;746;0;2.876;3.621
COOPERATIVA DE ECONOMIA E CRÉDITO MÚTUO DOS COMERCIANTES DE CONFECÇÕES DO VESTUÁRIO E DOS GRÁFICOS DE BELO HORIZONTE, REGIÃO METROPOLITANA E CIDADES POLO LTDA.;3020122;b3S;;I;2;BELO HORIZONTE;MG;12/2009;578;0;0;1.781;61;2.421;0;0;0;0;0;0;0;0;2.421;0;575;2.996;0;621;3.617
COOPERATIVA DE ECONOMIA E CRÉDITO MÚTUO DOS COLABORADORES DA COOPEDER LTDA. - CREDER;21130869;b3S;;I;2;BELO HORIZONTE;MG;12/2009;0;0;0;0;0;0;0;0;0;0;0;0;0;0;0;0;1.032;1.032;0;2.583;3.615
COOPERATIVA DE ECONOMIA E CRÉDITO MÚTUO DOS SERVIDORES DO  INSTITUTO NACIONAL DO SEGURO SOCIAL NA PARAÍBA - COOPREV LTDA;1825968;b3S;;I;2;JOAO PESSOA;PB;12/2009;85;0;0;216;29;330;0;0;0;0;0;0;0;861;1.190;0;285;1.475;0;2.136;3.611
COOPERATIVA DE ECONOMIA E CRÉDITO MÚTUO DOS COMERCIANTES DE CONFECÇÕES DO VESTUÁRIO DE ITAJUBÁ LTDA.;4079285;b3S;;I;2;ITAJUBA;MG;12/2009;566;0;0;1.703;43;2.312;0;0;0;0;0;0;0;0;2.312;0;192;2.504;0;1.097;3.601
LANDER   SOCIEDADE DE CRÉDITO AO MICROEMPREENDEDOR E À EMPRESA DE PEQUENO PORTE LTDA.;10569750;n1;;I;2;SAO JOSE;SC;12/2009;0;0;0;0;0;0;0;0;0;0;0;0;0;0;0;0;371;371;0;3.227;3.598
DILLON S/A DISTRIBUIDORA DE TITULOS E VALORES MOBILIARIOS;33851064;n2;;I;2;RIO DE JANEIRO;RJ;12/2009;0;0;0;0;0;0;0;0;0;0;0;0;0;0;0;0;2.786;2.786;0;800;3.586
COOPERATIVA DE ECONOMIA E CRÉDITO MÚTUO DOS TRABALHADORES NA ÁREA DE SAÚDE E AFINS DO ALTO URUGUAI - CREDISUL;7494300;b3S;;I;2;ERECHIM;RS;12/2009;160;0;0;2.622;174;2.956;0;0;0;0;0;0;0;0;2.956;0;306;3.262;0;314;3.576
CIBRASEC - DISTRIBUIDORA DE TÍTULOS E VALORES MOBILIÁRIOS S.A.;5313386;n2;;I;2;SAO PAULO;SP;12/2009;0;0;0;0;0;0;0;0;0;0;0;0;0;0;0;0;1.484;1.484;0;2.086;3.570
COOPERATIVA DE ECONOMIA E CRÉDITO MÚTUO DOS FUNCIONÁRIOS DA GERDAU S.A. - UNIDADE MOGI DAS CRUZES;52575206;b3S;;I;3;MOGI DAS CRUZES;SP;12/2009;0;0;0;0;0;0;0;0;0;0;0;0;0;0;0;0;170;170;0;3.396;3.567
COOPERATIVA DE CRÉDITO RURAL JEQUIÉ - SICOOB      CREDICONTA;4642801;b3S;;I;2;JEQUIE;BA;12/2009;1.021;0;0;52;6;1.080;0;0;0;0;0;0;0;584;1.664;0;257;1.920;0;1.646;3.566
COOPERATIVA DE ECONOMIA E CRÉDITO MÚTUO DOS FUNCIONÁRIOS PÚBLICOS MUNICIPAIS DE ITAPIRA;2115870;b3S;;I;2;ITAPIRA;SP;12/2009;0;0;0;146;0;146;0;0;0;0;0;0;0;0;146;0;513;659;0;2.898;3.557
ESTRATEGIA INVESTIMENTOS S.A.- CORRETORA DE VALORES E CAMBIO;74073974;n2;;I;2;FORTALEZA;CE;12/2009;0;0;0;0;0;0;0;0;0;0;0;0;0;0;0;0;1.522;1.522;0;2.010;3.532
COOPERATIVA DE CRÉDITO RURAL COM INTERAÇÃO SOLIDÁRIA CÂNDIDO DE ABREU - CRESOL CÂNDIDO DE ABREU;6100881;b3S;;I;2;CANDIDO DE ABREU;PR;12/2009;278;0;0;581;0;859;0;0;0;0;0;0;0;72;930;0;2.037;2.967;0;563;3.530
COOPERATIVA DE CREDITO DE CERES E RIALMA LTDA;9576849;b3S;;I;2;CERES;GO;12/2009;1.576;0;0;375;0;1.951;0;0;0;0;0;0;0;0;1.951;0;558;2.509;0;1.017;3.526
COOPERATIVA DE CRÉDITO RURAL COM INTERAÇÃO SOLIDÁRIA DE PRUDENTÓPOLIS - CRESOL PRUDENTÓPOLIS;6126780;b3S;;I;2;PRUDENTOPOLIS;PR;12/2009;244;0;0;893;0;1.137;0;0;0;0;0;0;0;83;1.219;0;1.659;2.878;0;644;3.521
COOPERATIVA DE ECONOMIA E CRÉDITO MÚTUO DOS FUNCIONÁRIOS DE PARKER HANNIFIN;45214947;b3S;;I;2;JACAREI;SP;12/2009;0;0;0;0;0;0;0;0;0;0;0;0;0;0;0;0;397;397;0;3.119;3.516
COOPERATIVA DE CRÉDITO DOS PEQUENOS EMPRESÁRIOS, MICROEMPRESÁRIOS E MICROEMPREENDEDORES DE LAGES   CREDICOMIN;9590601;b3S;;I;2;LAGES;SC;12/2009;907;0;0;1.520;0;2.427;0;0;0;0;0;0;0;575;3.001;0;64;3.065;0;442;3.507
COOPERATIVA DE CRÉDITO MÚTUO DOS FUNCIONÁRIOS DA USINA SANTA CRUZ - COPACRED;3480988;b3S;;I;2;AMERICO BRASILIENSE;SP;12/2009;0;0;0;46;0;46;0;0;0;0;0;0;0;0;46;0;259;305;0;3.193;3.498
COOPERATIVA DE ECONOMIA E CRÉDITO MÚTUO DOS EMPREGADOS DA VOLKSWAGEN DO BRASIL E CONCESSIONÁRIAS VW;67645887;b3S;;I;2;SAO BERNARDO DO CAMPO;SP;12/2009;0;0;0;0;0;0;0;0;0;0;0;0;0;0;0;0;962;962;0;2.512;3.475
COOPERATIVA DE CRÉDITO MÚTUO DOS SERVIDORES DO INSTITUTO FEDERAL DE EDUCAÇÃO, CIÊNCIA E TECNOLOGIA DA PARAÍBA - COOPERCRET LTDA.;2275781;b3S;;I;2;JOAO PESSOA;PB;12/2009;182;0;0;1.130;146;1.459;0;0;0;0;0;0;0;191;1.650;0;149;1.799;0;1.675;3.473
COOPERATIVA DE CRÉDITO MÚTUO DOS SERVIDORES PÚBLICOS DE PINHÃO - CRESERV - PINHÃO;4831810;b3S;;I;2;PINHAO;PR;12/2009;372;0;0;1.242;0;1.615;0;0;0;0;0;0;0;0;1.615;0;439;2.053;0;1.419;3.473
COOPERATIVA DE CRÉDITO MÚTUO DOS FUNCIONÁRIOS DAS EMPRESAS FERROVIÁRIAS NO ESTADO DE SÃO PAULO;53932869;b3S;;I;2;OSASCO;SP;12/2009;0;0;0;0;0;0;0;0;0;0;0;0;0;0;0;0;366;366;0;3.097;3.463
C&D DISTRIBUIDORA DE TITULOS E VALORES MOBILIARIOS S/A;82016270;n2;;I;2;CURITIBA;PR;12/2009;0;0;0;0;0;0;0;0;0;0;0;0;0;0;0;0;1.903;1.903;0;1.546;3.449
COOPERATIVA DE CRÉDITO DOS EMPREGADOS DA COMPANHIA INDUSTRIAL CATAGUASES E DA BAUMINAS LTDA. - COOPECIC;19495266;b3S;;I;2;CATAGUASES;MG;12/2009;0;0;0;0;0;0;0;0;0;0;0;0;0;194;194;0;352;546;0;2.896;3.442
COOPERATIVA DE ECONOMIA E CRÉDITO MÚTUO DOS SERVIDORES DA PREFEITURA MUNICIPAL DE ORLÂNDIA - CRED SERV;946465;b3S;;I;2;ORLANDIA;SP;12/2009;0;0;0;0;0;0;0;0;0;0;0;0;0;0;0;0;120;120;0;3.301;3.422
APEMAT CREDITO IMOBILIARIO S.A.;1507409;n1;;I;2;CAMPO GRANDE;MS;12/2009;0;0;0;0;0;0;0;0;0;0;0;0;0;0;0;0;178;178;0;3.239;3.417
GUITTA CORRETORA DE CAMBIO LTDA.;24074692;n2;;I;2;SAO PAULO;SP;12/2009;0;0;0;0;0;0;0;0;0;0;0;0;0;0;0;0;554;554;0;2.858;3.412
COOPERATIVA DE CRÉDITO RURAL DO VALE DO ITANHÉM - SICOOB ITANHÉM;2057576;b3S;;I;2;ITANHEM;BA;12/2009;1.083;0;0;689;260;2.031;0;0;0;0;0;0;0;0;2.031;0;138;2.170;0;1.229;3.398
COOPERATIVA DE ECONOMIA E CRÉDITO MÚTUO DOS COMERCIANTES DE CONFECÇÕES DO SERTÃO DE MINAS GERAIS LTDA. - SICOOB SERTÃO MINAS;1667352;b3S;;I;2;VARZEA DA PALMA;MG;12/2009;894;0;0;916;19;1.829;0;0;0;0;0;0;0;370;2.199;0;303;2.502;0;891;3.394
COOPSERJ - COOPERATIVA DE CRÉDITO MÚTUO DOS SERVIDORES PÚBLICOS DO PODER EXECUTIVO DO ESTADO DO RIO DE JANEIRO LTDA.;2723075;b3S;;I;2;RIO DE JANEIRO;RJ;12/2009;9;0;0;1.033;0;1.041;0;0;0;0;0;0;0;745;1.786;0;164;1.951;0;1.416;3.367
COOPERATIVA DE ECONOMIA E CRÉDITO MÚTUO DOS FUNCIONÁRIOS DO GRUPO GERDAU - AÇOS FINOS PIRATINI;88952130;b3S;;I;2;CHARQUEADAS;RS;12/2009;0;0;0;0;0;0;0;0;0;0;0;0;0;0;0;0;477;477;0;2.883;3.360
COOPERATIVA DE ECONOMIA E CRÉDITO DOS EMPREGADOS DA PETROBRÁS - PETROCRED;953908;b3S;;I;2;SAO PAULO;SP;12/2009;0;0;0;2.434;0;2.434;0;0;0;0;0;0;0;0;2.434;0;34;2.468;0;882;3.350
COOPERATIVA DE CRÉDITO RURAL COM INTERAÇÃO SOLIDÁRIA DE PAIM FILHO;7252614;b3S;;I;2;PAIM FILHO;RS;12/2009;247;0;0;1.244;0;1.491;0;0;0;0;0;0;0;991;2.482;0;55;2.537;0;805;3.342
COOPERATIVA DE CRÉDITO RURAL DE ESPIGÃO DO OESTE LTDA.;4985665;b3S;;I;2;ESPIGAO D'OESTE;RO;12/2009;910;0;0;159;0;1.070;0;0;0;0;0;0;0;0;1.070;0;518;1.587;0;1.731;3.318
COOPERATIVA DE ECONOMIA E CRÉDITO MÚTUO DOS EMPREGADOS DAS  EMPRESAS DE VIGILÂNCIA, ASSEIO E CONSERVAÇÃO DE BELÉM DO PARÁ;2413228;b3S;;I;2;BELEM;PA;12/2009;55;0;0;0;0;55;0;0;0;0;0;0;0;446;502;0;232;734;0;2.575;3.309
COOPERATIVA DE ECONOMIA E CRÉDITO MÚTUO DOS SERVIDORES MUNICIPAIS DE POÇOS DE CALDAS LTDA. - COOPOÇOS;41791005;b3S;;I;2;POCOS DE CALDAS;MG;12/2009;0;0;0;452;0;452;0;0;0;0;0;0;0;211;663;0;420;1.083;0;2.220;3.303
COOPERATIVA DE ECONOMIA E CRÉDITO MÚTUO DOS SERVIDORES DA FACULDADE DE ENGENHARIA DE ILHA SOLTEIRA - COOPERFEIS;96409263;b3S;;I;2;ILHA SOLTEIRA;SP;12/2009;0;0;0;0;0;0;0;0;0;0;0;0;0;0;0;0;112;112;0;3.189;3.301
COOPERATIVA DE CRÉDITO MÚTUO DOS INTEGRANTES DA DEFENSORIA PÚBLICA DO ESTADO DO RIO DE JANEIRO LTDA. - COODEFPERJ;9720794;b3S;;I;2;RIO DE JANEIRO;RJ;12/2009;75;0;0;2.132;0;2.206;0;0;0;0;0;0;0;0;2.206;0;55;2.261;0;1.031;3.292
COOPERATIVA DE CRÉDITO RURAL COM INTERAÇÃO SOLIDÁRIA DE ENÉAS MARQUES - CRESOL ENÉAS MARQUES;8812388;b3S;;I;2;ENEAS MARQUES;PR;12/2009;219;0;0;600;0;819;0;0;0;0;0;0;0;103;922;0;1.797;2.719;0;563;3.282
COOPERATIVA DE ECONOMIA E CRÉDITO MÚTUO DOS EMPREGADOS DAS EMPRESAS PLASCAR;17411307;b3S;;I;2;JUNDIAI;SP;12/2009;0;0;0;0;0;0;0;0;0;0;0;0;0;0;0;0;86;86;0;3.190;3.277
COOPERATIVA DE ECONOMIA E CRÉDITO MÚTUO DOS EMPREGADOS DOS SUPERMERCADOS RUSSI;2230138;b3S;;I;2;JUNDIAI;SP;12/2009;0;0;0;0;0;0;0;0;0;0;0;0;0;0;0;0;279;279;0;2.994;3.273
COOPERATIVA DE POUPANCA E CRÉDITO MÚTUO DOS EMPRESÁRIOS E PROFISSIONAIS LIBERAIS DO OESTE PAULISTA - SICOOB OESTE PAULISTA;10262276;b3S;;I;2;PRESIDENTE PRUDENTE;SP;12/2009;814;0;0;1.177;0;1.992;0;0;0;0;0;0;0;0;1.992;0;64;2.055;0;1.207;3.263
COOPERATIVA DE ECONOMIA E CRÉDITO MÚTUO DOS EMPREGADOS DA RECKITT BENCKISER;44223196;b3S;;I;2;SAO PAULO;SP;12/2009;0;0;0;0;0;0;0;0;0;0;0;0;0;0;0;0;273;273;0;2.958;3.230
COOPERATIVA DE CRÉDITO DOS MAGISTRADOS E SERVIDORES DA JUSTIÇA DO ESTADO DE GOIÁS LTDA.;9552111;b3S;;I;2;GOIANIA;GO;12/2009;460;0;0;1.533;0;1.993;0;0;0;0;0;0;0;0;1.993;0;195;2.189;0;1.033;3.222
COOPERATIVA DE CRÉDITO MÚTUO DOS PROFISSIONAIS DA SAÚDE DE ASSIS E REGIÃO;3112504;b3S;;I;2;ASSIS;SP;12/2009;258;0;0;2.287;0;2.545;0;0;0;0;0;0;0;0;2.545;0;20;2.564;0;642;3.206
APORTE DISTRIBUIDORA DE TÍTULOS E VALORES MOBILIÁRIOS LTDA;62090873;n2;;I;2;BELO HORIZONTE;MG;12/2009;0;0;0;0;0;0;0;0;0;0;0;0;0;0;0;0;1.408;1.408;0;1.779;3.187
COOPERATIVA DE ECONOMIA E CRÉDITO MÚTUO DOS INTEGRANTES DAS CARREIRAS DE AUDITORIA FISCAL DA RECEITA FEDERAL DO BRASIL, SERVIDORES E FUNCIONÁRIOS DO MIN. DA FAZENDA EM MINAS GERAIS LTDA. - CREDIFISCO;41661984;b3S;;I;2;BELO HORIZONTE;MG;12/2009;0;0;0;632;0;632;0;0;0;0;0;0;0;0;632;0;414;1.046;0;2.122;3.168
COOPERATIVA DE CRÉDITO RURAL PÉ DE SERRA LTDA. - SICOOB PÉ DE SERRA;2909173;b3S;;I;2;PE DE SERRA;BA;12/2009;718;0;0;1.226;392;2.336;0;0;0;0;0;0;0;0;2.336;0;172;2.508;0;654;3.162
COOPERATIVA DE ECONOMIA E CRÉDITO MÚTUO DA ALIANÇA DOS MÉDICOS E DEMAIS PROFISSIONAIS DE NÍVEL SUPERIOR DA ÁREA DA SAÚDE DO VALE DO RIBEIRA - SICREDI VALE DO RIBEIRA;3082697;b3S;;I;2;REGISTRO;SP;12/2009;674;0;0;2.181;477;3.332;0;0;0;0;0;0;0;0;3.332;0;70;3.402;0;-241;3.160
TORRE CORRETORA DE CÂMBIO LTDA;57582264;n2;;I;2;SAO PAULO;SP;12/2009;0;0;0;0;0;0;0;0;0;0;0;0;0;0;0;0;1.282;1.282;0;1.873;3.155
COOPERATIVA DE ECONOMIA E CRÉDITO MÚTUO DOS EMPREGADOS DA MONSANTO;59133793;b3S;;I;2;SAO PAULO;SP;12/2009;0;0;0;0;0;0;0;0;0;0;0;0;0;0;0;0;204;204;0;2.937;3.141
COOPERATIVA DE ECONOMIA E CRÉDITO MÚTUO DOS FUNCIONÁRIOS DAS EMPRESAS ITAÚ;43446335;b3S;;I;2;SAO PAULO;SP;12/2009;0;0;0;0;0;0;0;0;0;0;0;0;0;0;0;0;353;353;0;2.754;3.107
COOPERATIVA DE ECONOMIA E CRÉDITO MÚTUO DOS PEQUENOS EMPRESÁRIOS, MICROEMPRESÁRIOS E MICROEMPREENDEDORES DO DISTRITO FEDERAL LTDA - SICOOB CREDIBRASIL;6240505;b3S;;I;2;BRASILIA (SAMAMBAIA);DF;12/2009;1.041;0;0;812;270;2.124;0;0;0;0;0;0;0;379;2.503;0;95;2.598;0;505;3.103
GÁVEA DISTRIBUIDORA DE TÍTULOS E VALORES MOBILIÁRIOS LTDA;7253654;n2;;I;2;RIO DE JANEIRO;RJ;12/2009;0;0;0;0;0;0;0;0;0;0;0;0;0;0;0;0;1.630;1.630;0;1.469;3.099
COOPERATIVA DE CRÉDITO MÚTUO DOS SERVIDORES PÚBLICOS MUNICIPAIS DE LENÇÓIS PAULISTA - COOPERSERV;5667301;b3S;;I;2;LENCOIS PAULISTA;SP;12/2009;0;0;0;38;0;38;0;0;0;0;0;0;0;693;731;0;261;992;0;2.103;3.095
COOPERATIVA DE ECONOMIA E CREDITO MUTUO DOS SERVIDORES DA ASCAR/EMATER-RS LTDA-CRESAL;90278987;b3S;;I;2;PORTO ALEGRE;RS;12/2009;0;0;0;945;0;945;0;0;0;0;0;0;0;0;945;0;246;1.191;0;1.893;3.084
COOPERATIVA DE CRÉDITO RURAL COM INTERAÇÃO SOLIDÁRIA DE SÃO JOÃO DA URTIGA - CRESOL SÃO JOÃO DA URTIGA;7542211;b3S;;I;2;SAO JOAO DA URTIGA;RS;12/2009;320;0;0;1.016;0;1.337;0;0;0;0;0;0;0;557;1.893;0;29;1.923;0;1.160;3.083
COOPERATIVA DE CREDITO DE MENDES LTDA;28572261;b3S;;I;2;MENDES;RJ;12/2009;871;0;0;1.604;0;2.475;0;0;0;0;0;0;0;0;2.475;0;86;2.561;0;521;3.082
COOPERATIVA DE CRÉDITO RURAL COM INTERAÇÃO SOLIDÁRIA DE PORTO LUCENA - CRESOL PORTO LUCENA;9051765;b3S;;I;2;PORTO LUCENA;RS;12/2009;317;0;0;629;18;964;0;0;0;0;0;0;0;1.390;2.354;0;49;2.403;0;659;3.061
COOPERATIVA DE CRÉDITO RURAL DE NOVA BRASILÂNDIA D'OESTE LTDA.;5597773;b3S;;I;2;NOVA BRASILANDIA;RO;12/2009;638;0;0;467;0;1.105;0;0;0;0;0;0;0;0;1.105;0;57;1.162;0;1.895;3.057
COOPERATIVA DE ECONOMIA E CREDITO MUTUO DOS FUNCIONÁRIOS DOS ESTABELECIMENTOS DE ENSINO PARTICULARES DE CUIABA E REGIÃO E DA SANTA CASA DE MISERICORDIA DE CUIABÁ E EMPRESAS DO COMPLEXO SICOOB COOPECMT;3791055;b3S;;I;2;CUIABA;MT;12/2009;1.127;0;0;407;178;1.712;0;0;0;0;0;0;0;440;2.152;0;80;2.232;0;817;3.050
COOPERATIVA DE ECONOMIA E CREDITO MUTUO DOS SERVIDORES PUBLICOS MUNICIPAIS DE ITAJAI - SICOOB-ITACREDI/SC;5335851;b3S;;I;2;ITAJAI;SC;12/2009;1.102;0;0;457;176;1.735;0;0;0;0;0;0;0;245;1.980;0;181;2.161;0;871;3.032
COOPERATIVA DE CRÉDITO RURAL COM INTERAÇÃO SOLIDÁRIA DE SÃO JOÃO DO TRIUNFO - CRESOL SÃO JOÃO DO TRIUNFO;8560508;b3S;;I;2;SAO JOAO DO TRIUNFO;PR;12/2009;315;0;0;467;0;782;0;0;0;0;0;0;0;47;829;0;1.591;2.420;0;555;2.976
COOPERATIVA DE CRÉDITO RURAL DE PEQUENOS AGRICULTORES E REFORMA AGRÁRIA DO EXTREMO OESTE CATARINENSE;4073519;b3S;;I;2;SAO MIGUEL D'OESTE;SC;12/2009;1.496;0;0;941;0;2.437;0;0;0;0;0;0;0;0;2.437;0;53;2.489;0;469;2.958
COOPERATIVA DE CREDITO MÚTUO DOS POLICIAIS FEDERAIS E SERVIDORES DA UNIÃO NO ESPIRITO SANTO - FEDERALCRED;2083914;b3S;;I;2;VITORIA;ES;12/2009;212;0;0;901;0;1.114;0;0;0;0;0;0;0;189;1.302;0;311;1.613;0;1.310;2.923
ICATU DISTRIBUIDORA DE TÍTULOS E VALORES MOBILIÁRIOS LTDA.;3282508;n2;;I;2;RIO DE JANEIRO;RJ;12/2009;0;0;0;0;0;0;0;0;0;0;0;0;0;0;0;0;1.306;1.306;0;1.608;2.914
COOPERATIVA DE ECONOMIA E CRÉDITO MÚTUO DOS FUNCIONÁRIOS DA DANA;50654300;b3S;;I;2;OSASCO;SP;12/2009;0;0;0;0;0;0;0;0;0;0;0;0;0;0;0;0;150;150;0;2.760;2.909
COOPERATIVA DE CRÉDITO MÚTUO DOS FUNCIONÁRIOS PÚBLICOS DO PODER JUDICIÁRIO DA CAPITAL DO ESTADO DE SÃO PAULO - SICOOB JUDCRED;7651495;b3S;;I;2;SAO PAULO;SP;12/2009;0;0;0;0;0;0;0;0;0;0;0;0;0;2.382;2.382;0;35;2.418;0;479;2.897
COOPERATIVA DE ECONOMIA E CRÉDITO MÚTUO DA ALIANÇA DOS PROFISSIONAIS DA ÁREA DE SAÚDE DA REGIÃO DE SÃO ROQUE - SICOOB ALCOOP SÃO ROQUE;4093627;b3S;;I;2;SAO ROQUE;SP;12/2009;261;0;0;1.140;222;1.624;0;0;0;0;0;0;0;0;1.624;0;260;1.884;0;1.011;2.895
COOPERATIVA DE CRÉDITO DOS SERVIDORES PÚBLICOS MUNICIPAIS DE TIMÓTEO LTDA. - COOPERTIM;20833976;b3S;;I;2;TIMOTEO;MG;12/2009;0;0;0;0;0;0;0;0;0;0;0;0;0;0;0;0;159;159;0;2.734;2.893
COOPERATIVA DE ECONOMIA E CRÉDITO MÚTUO DOS FUNCIONÁRIOS DA ASSEMBLÉIA LEGISLATIVA DO ESTADO DA PARAÍBA LTDA. -  COOPERLEGIS;41146382;b3S;;I;2;JOAO PESSOA;PB;12/2009;0;0;0;207;0;207;0;0;0;0;0;0;0;0;207;0;213;419;0;2.468;2.887
COOPERATIVA DE CRÉDITO RURAL DA BAIXA MOGIANA;3319911;b3S;;I;2;MOGI-MIRIM;SP;12/2009;389;0;0;55;73;516;0;0;0;0;0;0;0;329;846;0;256;1.101;0;1.778;2.880
QUANTIA DISTRIBUIDORA DE TITULOS E VALORES MOBILIARIOS LTDA;68726611;n2;;I;2;SAO PAULO;SP;12/2009;0;0;0;0;0;0;0;0;0;0;0;0;0;0;0;0;1.230;1.230;0;1.643;2.873
COOPERATIVA DE ECONOMIA E CRÉDITO MÚTUO DOS EMPREGADOS DAS EMPRESAS DA BELGO BEKAERT ARAMES DO ESTADO DE SÃO PAULO;62041603;b3S;;I;2;OSASCO;SP;12/2009;150;0;0;694;0;845;0;0;0;0;0;0;0;0;845;0;41;886;0;1.967;2.853
COOPERATIVA DE CRÉDITO DOS METALÚRGICOS DO ABC - CREDABC;5740092;b3S;;I;2;SAO BERNARDO DO CAMPO;SP;12/2009;0;0;0;816;0;816;0;0;0;0;0;0;0;0;816;0;194;1.010;0;1.839;2.849
COOPERATIVA DE ECONOMIA E CREDITO MUTUO DOS SERVIDORES DO PODER JUDICIARIO FEDERAL E MINISTÉRIO PÚBLICO DA UNIÃO NO ESTADO DE MATO GROSSO - COOPERJUS;2234924;b3S;;I;2;CUIABA;MT;12/2009;364;0;0;528;0;892;0;0;0;0;0;0;0;0;892;0;160;1.052;0;1.795;2.847
COOPERATIVA DE CRÉDITO RURAL SENHOR DO BONFIM - SICOOB BONFIM;4317316;b3S;;I;2;SENHOR DO BONFIM;BA;12/2009;781;0;0;797;515;2.093;0;0;0;0;0;0;0;0;2.093;0;249;2.342;0;490;2.832
COOPERATIVA DE CRÉDITO RURAL COM INTERAÇÃO SOLIDÁRIA DE CONTENDA - CRESOL CONTENDA;8574988;b3S;;I;2;CONTENDA;PR;12/2009;167;0;0;528;0;696;0;0;0;0;0;0;0;55;751;0;1.517;2.268;0;543;2.811
COOPERATIVA DE ECONOMIA E CRÉDITO MÚTUO DOS EMPREGADOS DA COELBA - SICOOB COPELBA;86784089;b3S;;I;2;SALVADOR;BA;12/2009;2;0;0;5;0;7;0;0;0;0;0;0;0;431;437;0;193;631;0;2.180;2.811
COOPERATIVA DE CRÉDITO MÚTUO DOS PRAÇAS E OFICIAIS DA POLÍCIA MILITAR DO ESTADO DE SÃO PAULO - COOPERACS- SP;7030145;b3S;;I;2;SAO PAULO;SP;12/2009;0;0;0;814;0;814;0;0;0;0;0;0;0;0;814;0;135;948;0;1.845;2.794
APEAL - CREDITO IMOBILIARIO S/A;12719654;n1;;I;2;MACEIO;AL;12/2009;0;0;0;0;0;0;0;0;0;0;0;0;0;0;0;0;1.015;1.015;0;1.773;2.789
COOPERATIVA DE CRÉDITO MÚTUO DOS EMPRESÁRIOS DO MUNICÍPIO DE GUARULHOS E REGIÃO - SICREDI EMPRESARIOS DE GUARULHOS SP;8969199;b3S;;I;2;GUARULHOS;SP;12/2009;1.473;0;0;1.841;0;3.314;0;0;0;0;0;0;0;0;3.314;0;58;3.373;0;-584;2.788
COOPERATIVA DE ECONOMIA E CREDITO MUTUO DOS FUNCIONARIOS DO EXPRESSO PRINCESA DOS CAMPOS;1551820;b3S;;I;2;PONTA GROSSA;PR;12/2009;0;0;0;0;0;0;0;0;0;0;0;0;0;0;0;0;316;316;0;2.461;2.777
COOPERATIVA DE ECONOMIA E CRÉDITO MÚTUO DOS EMPREGADOS DAS EMPRESAS DE DIVERSÕES DO ESTADO DE SÃO PAULO;68314921;b3S;;I;2;SAO PAULO;SP;12/2009;0;0;0;0;0;0;0;0;0;0;0;0;0;0;0;0;220;220;0;2.556;2.776
COOPERATIVA DE ECONOMIA E CRÉDITO MÚTUO DOS INTEGRANTES DO MINISTÉRIO PÚBLICO, PODER JUDICIÁRIO E DEFENSORIA PÚBLICA NO ESTADO DA BAHIA - SICOOB COOMPEB;4892098;b3S;;I;2;SALVADOR;BA;12/2009;214;0;0;1.446;53;1.712;0;0;0;0;0;0;0;353;2.064;0;88;2.152;0;611;2.764
DOURADA CORRETORA DE CÂMBIO LTDA.;76641497;n2;;I;2;CURITIBA;PR;12/2009;0;0;0;0;0;0;0;0;0;0;0;0;0;0;0;0;582;582;0;2.173;2.755
COOPERATIVA DE ECONOMIA E CRÉDITO MÚTUO DOS FUNCIONÁRIOS DO GRUPO AVIBRAS;43268960;b3S;;I;2;JACAREI;SP;12/2009;0;0;0;0;0;0;0;0;0;0;0;0;0;0;0;0;286;286;0;2.454;2.740
COOPERATIVA DE CRÉDITO RURAL COM INTERAÇÃO SOLIDÁRIA DE BELA VISTA DA CAROBA - CRESOL BELA VISTA DA CAROBA;7312152;b3S;;I;2;BELA VISTA DA CAROBA;PR;12/2009;225;0;0;608;0;833;0;0;0;0;0;0;0;47;880;0;1.094;1.974;0;764;2.738
UNIVERSICRED COOPERATIVA DE ECONOMIA E CREDITO MUTUO DOS EMPREGADOS DA ASOEC - ASSOCIACAO SALGADO DE OLIVEIRA;7042196;b3S;;I;2;NITEROI;RJ;12/2009;0;0;0;954;0;954;0;0;0;0;0;0;0;16;970;0;509;1.479;0;1.244;2.723
COOPERATIVA DE CRÉDITO MÚTUO DOS POLICIAIS FEDERAIS EM MINAS GERAIS - FEDERALCRED;5369422;b3S;;I;2;BELO HORIZONTE;MG;12/2009;142;0;0;1.711;0;1.854;0;0;0;0;0;0;0;35;1.888;0;74;1.962;0;758;2.720
COOPERATIVA DE CRÉDITO RURAL DA REGIÃO DA PRÉ-AMAZÔNIA - SICOOB CREDIMA;9424988;b3S;;I;2;ACAILANDIA;MA;12/2009;1.027;0;0;371;0;1.398;0;0;0;0;0;0;0;129;1.527;0;553;2.080;0;632;2.712
COOPERATIVA DE ECONOMIA E CRÉDITO MÚTUO DOS FUNCIONÁRIOS DA CAROL - COOPERCAROL;57987273;b3S;;I;2;ORLANDIA;SP;12/2009;0;0;0;0;0;0;0;0;0;0;0;0;0;0;0;0;194;194;0;2.507;2.701
COOPERATIVA DE ECONOMIA E CRÉDITO MÚTUO DOS EMPREGADOS DA ALCATEL-LUCENT BRASIL;62781232;b3S;;I;2;SAO PAULO;SP;12/2009;0;0;0;0;0;0;0;0;0;0;0;0;0;0;0;0;181;181;0;2.510;2.691
SOL CORRETORA DE CÂMBIO LTDA.;8520517;n2;;I;2;NATAL;RN;12/2009;0;0;0;0;0;0;0;0;0;0;0;0;0;0;0;0;309;309;0;2.374;2.683
COOPERATIVA DE ECONOMIA E CRÉDITO MÚTUO DOS EMPREGADOS DA SAINT-GOBAIN DO BRASIL PRODUTOS INDUSTRIAIS E PARA CONSTRUÇÃO - DIVISÃO VIDRO PLANO;48140925;b3S;;I;2;MAUA;SP;12/2009;0;0;0;234;0;234;0;0;0;0;0;0;0;65;299;0;240;538;0;2.134;2.672
COOPERATIVA DE ECONOMIA E CRÉDITO MÚTUO DOS FUNCIONÁRIOS DA ELGIN;45045671;b3S;;I;2;MOGI DAS CRUZES;SP;12/2009;0;0;0;0;0;0;0;0;0;0;0;0;0;0;0;0;405;405;0;2.262;2.667
COOPERATIVA DE ECONOMIA E CRÉDITO MÚTUO DE MICRO E PEQUENOS EMPRESÁRIOS E MICROEMPREENDEDORES DA REGIÃO DO MÉDIO PARAÍBA LTDA. - SICOOB FLUMICRED;9065924;b3S;;I;2;BARRA MANSA;RJ;12/2009;955;0;0;1.461;19;2.435;0;0;0;0;0;0;0;0;2.435;0;57;2.492;0;168;2.660
COOPERATIVA DE ECONOMIA E CRÉDITO MÚTUO DOS FUNCIONÁRIOS DA FACULDADE DE CIÊNCIAS AGRÁRIAS E VETERINÁRIAS - CAMPUS DE JABOTICABAL/SP - SICOOB COOPERFAC;57259525;b3S;;I;2;JABOTICABAL;SP;12/2009;0;0;0;6;0;6;0;0;0;0;0;0;0;0;6;0;282;288;0;2.365;2.653
COOPERATIVA DE CRÉDITO RURAL COM INTERAÇÃO SOLIDÁRIA DE IMARUÍ - CRESOL IMARUÍ;7519375;b3S;;I;2;IMARUI;SC;12/2009;316;0;0;607;0;923;0;0;0;0;0;0;0;0;923;0;1.186;2.109;0;522;2.631
COOPERATIVA DE CRÉDITO RURAL COM INTERAÇÃO SOLIDÁRIA DE RIO BONITO DO IGUAÇU - CRESOL RIO BONITO DO IGUAÇU;9598438;b3S;;I;2;RIO BONITO DO IGUACU;PR;12/2009;103;0;0;238;0;341;0;0;0;0;0;0;0;196;537;0;1.447;1.983;0;637;2.620
COOPERATIVA DE CRÉDITO MÚTUO DOS FUNCIONÁRIOS DA RICLAN;6077760;b3S;;I;2;RIO CLARO;SP;12/2009;0;0;0;640;0;640;0;0;0;0;0;0;0;90;730;0;96;826;0;1.784;2.610
COOPERATIVA DE ECONOMIA E CRÉDITO MÚTUO DOS COMERCIANTES DE  AUTOPEÇAS E SERVIÇOS DE VITÓRIA DA CONQUISTA - SICOOB COOPESE;2882258;b3S;;I;2;VITORIA DA CONQUISTA;BA;12/2009;826;0;0;91;105;1.023;0;0;0;0;0;0;0;36;1.058;0;353;1.411;0;1.187;2.599
COOPERATIVA DE CRÉDITO DOS FUNCIONÁRIOS DA AKZO NOBEL-TINTAS - COOPCOATINGS;1649872;b3S;;I;2;SAO PAULO;SP;12/2009;0;0;0;0;0;0;0;0;0;0;0;0;0;0;0;0;115;115;0;2.482;2.598
POLINVEST CORRETORA DE CÂMBIO, TÍTULOS E VALORES MOBILIÁRIOS LTDA.;52915386;n2;;I;2;SAO PAULO;SP;12/2009;0;0;0;0;0;0;0;0;0;0;0;0;0;0;0;0;250;250;0;2.341;2.591
COOPERATIVA DE CRÉDITO RURAL DA AGRICULTURA FAMILIAR E ECONOMIA SOLIDÁRIA DE ORIZONA - GO;4490531;b3S;;I;2;ORIZONA;GO;12/2009;433;0;0;1.119;0;1.553;0;0;0;0;0;0;0;0;1.553;0;62;1.615;0;949;2.563
COOPERATIVA DE CRÉDITO RURAL DO RECÔNCAVO SUL - SICOOB RECÔNCAVO;3079626;b3S;;I;2;NAZARE;BA;12/2009;591;0;0;592;225;1.408;0;0;0;0;0;0;0;440;1.848;0;198;2.046;0;514;2.561
PIONEER CORRETORA DE CAMBIO LTDA;69251239;n2;;I;2;SAO PAULO;SP;12/2009;0;0;0;0;0;0;0;0;0;0;0;0;0;0;0;0;1.192;1.192;0;1.332;2.524
COOPERATIVA DE CRÉDITO DE LIVRE ADMISSÃO DE ASSOCIADOS DA REGIÃO DA NOVA ALTA PAULISTA - SICREDI NOVA ALTA PAULISTA SP;11094093;b3S;;I;3;DRACENA;SP;12/2009;176;0;0;1.868;0;2.044;0;0;0;0;0;0;0;0;2.044;0;21;2.065;0;451;2.516
COOPERATIVA DE ECONOMIA E CRÉDITO MÚTUO DOS SERVIDORES DA FUNDAÇÃO UNIVERSIDADE FEDERAL DE MATO GROSSO;2894268;b3S;;I;2;CUIABA;MT;12/2009;178;0;0;224;37;439;0;0;0;0;0;0;0;345;784;0;79;864;0;1.641;2.505
COOPERATIVA DE CRÉDITO DOS EMPRESÁRIOS DA GRANDE DOURADOS - SICOOB DOURADOS;10319386;b3S;;I;2;DOURADOS;MS;12/2009;885;0;0;870;0;1.754;0;0;0;0;0;0;0;0;1.754;0;42;1.796;0;707;2.503
COOPERATIVA DE CRÉDITO DOS FUNCIONÁRIOS DO MINISTÉRIO DA FAZENDA - COOPERMINF;3002199;b3S;;I;2;SAO PAULO;SP;12/2009;0;0;0;0;0;0;0;0;0;0;0;0;0;0;0;0;143;143;0;2.357;2.500
COOPERATIVA DE ECONOMIA E CRÉDITO MÚTUO DOS EMPREGADOS, APOSENTADOS E PENSIONISTAS DA COMPANHIA ESTADUAL DE ENERGIA ELÉTRICA E ELETRICITÁRIOS DO RIO GRANDE DO SUL   CRECE;92825397;b3S;;I;2;PORTO ALEGRE;RS;12/2009;32;0;0;418;0;450;0;0;0;0;0;0;0;0;450;0;100;550;0;1.946;2.496
COOPERATIVA CENTRAL DE CRÉDITO DA AGRICULTURA FAMILIAR E ECONOMIA SOLIDÁRIA DA BAHIA - ASCOOB CENTRAL;10013534;b3C;;I;2;FEIRA DE SANTANA;BA;12/2009;10;0;0;0;1.536;1.546;0;0;0;0;0;0;0;0;1.546;0;102;1.649;0;845;2.494
COOPERATIVA DE CRÉDITO RURAL COM INTERAÇÃO SOLIDÁRIA DE RIO BRANCO DO SUL - CRESOL RIO BRANCO DO SUL;10512171;b3S;;I;2;RIO BRANCO DO SUL;PR;12/2009;254;0;0;731;0;986;0;0;0;0;0;0;0;3;989;0;723;1.712;0;778;2.490
COOPERATIVA DE CRÉDITO RURAL HORIZONTES NOVOS DE BARÃO DE COTEGIPE - CREHNOR NORTE;5996245;b3S;;I;2;BARAO DE COTEGIPE;RS;12/2009;454;0;0;1.062;0;1.516;0;0;0;0;0;0;0;100;1.615;0;421;2.037;0;433;2.469
COOPERATIVA DE CRÉDITO MÚTUO DOS CORRETORES DE SEGUROS DO ESTADO DE SÃO PAULO - SICOOB CREDICOR/SP;8030602;b3S;;I;2;SAO PAULO;SP;12/2009;570;0;0;1.164;66;1.801;0;0;0;0;0;0;0;0;1.801;0;70;1.871;0;597;2.468
COOPERATIVA DE ECONOMIA E CREDITO MUTUO DOS EMPREGADOS DOS LABORATORIOS B.BRAUN LTDA;30586895;b3S;;I;2;SAO GONCALO;RJ;12/2009;0;0;0;0;0;0;0;0;0;0;0;0;0;0;0;0;353;353;0;2.111;2.464
ESTATER DISTRIBUIDORA DE TÍTULOS E VALORES MOBILIÁRIOS LTDA.;5973229;n2;;I;2;SAO PAULO;SP;12/2009;0;0;0;0;0;0;0;0;0;0;0;0;0;0;0;0;48;48;0;2.411;2.460
COOPERATIVA DE CRÉDITO RURAL COM INTERAÇÃO SOLIDÁRIA DE AGROLÂNDIA - CRESOL AGROLÂNDIA;9280638;b3S;;I;2;AGROLANDIA;SC;12/2009;153;0;0;654;0;807;0;0;0;0;0;0;0;261;1.068;0;1.073;2.141;0;302;2.443
COOPERATIVA DE ECONOMIA E CRÉDITO MÚTUO DOS FUNCIONÁRIOS DA COAPERIODOCE E CREDIRIODOCE LTDA.;22649461;b3S;;I;2;GOVERNADOR VALADARES;MG;12/2009;0;0;0;1.518;0;1.518;0;0;0;0;0;0;0;0;1.518;0;144;1.662;0;776;2.437
COOPERATIVA DE ECONOMIA E CRÉDITO MÚTUO DOS SERVIDORES DA CNC-SESC-SENAC LTDA;30304919;b3S;;I;2;RIO DE JANEIRO;RJ;12/2009;0;0;0;0;0;0;0;0;0;0;0;0;0;0;0;0;654;654;0;1.782;2.436
COOPERCOROL COOPERATIVA DE CRÉDITO MÚTUO.;81704744;b3S;;I;2;ROLANDIA;PR;12/2009;4;0;0;40;0;43;0;0;0;0;0;0;0;0;43;0;181;224;0;2.211;2.436
DEBONI DISTRIBUIDORA DE TITULOS E VALORES MOBILIARIOS LTDA;77162881;n2;;I;2;CURITIBA;PR;12/2009;0;0;0;0;0;0;0;0;0;0;0;0;0;0;0;0;190;190;0;2.214;2.404
COOPERATIVA DE CRÉDITO DOS FUNCIONÁRIOS DA SCHAEFFLER BRASIL   COOPERFAG;871091;b3S;;I;2;SAO PAULO;SP;12/2009;0;0;0;0;0;0;0;0;0;0;0;0;0;0;0;0;178;178;0;2.201;2.379
EBS CAPITAL CORRETORA DE CÂMBIO S/A;4068419;n2;;I;2;SAO PAULO;SP;12/2009;0;0;0;0;0;0;0;0;0;0;0;0;0;0;0;0;852;852;0;1.488;2.340
RPW SOCIEDADE DE CREDITO AO MICROEMPREENDEDOR E A EMPRESA DE PEQUENO PORTE LTDA.;6249129;n1;;I;2;SAO PAULO;SP;12/2009;0;0;0;0;0;0;0;0;0;0;0;0;0;1.675;1.675;0;74;1.749;0;549;2.299
COOPERATIVA DE ECONOMIA E CRÉDITO MÚTUO DOS EMPREGADOS EM EMPRESAS DE TELECOMUNICAÇÕES NO NORDESTE - CERTEL LTDA;12928909;b3S;;I;2;JOAO PESSOA;PB;12/2009;117;0;0;688;210;1.015;0;0;0;0;0;0;0;38;1.053;0;110;1.163;0;1.134;2.297
COOPERATIVA DE CRÉDITO RURAL COM INTERAÇÃO SOLIDÁRIA DE MEDIANEIRA - CRESOL MEDIANEIRA;8850098;b3S;;I;2;MEDIANEIRA;PR;12/2009;269;0;0;826;0;1.095;0;0;0;0;0;0;0;0;1.095;0;484;1.580;0;699;2.279
COOPERATIVA DE ECONOMIA E CREDITO MUTUO DOS FUNCIONARIOS DA GKN DO BRASIL LTDA;5331882;b3S;;I;2;PORTO ALEGRE;RS;12/2009;0;0;0;0;0;0;0;0;0;0;0;0;0;0;0;0;108;108;0;2.158;2.266
COOPERATIVA DE CRÉDITO MÚTUO DOS EMPREGADOS DA FIAÇÃO ALPINA - COOPERALPINA;55319370;b3S;;I;2;VOTORANTIM;SP;12/2009;0;0;0;0;0;0;0;0;0;0;0;0;0;0;0;0;78;78;0;2.186;2.264
COOPERATIVA DE ECONOMIA E CRÉDITO MÚTUO DOS EMPREGADOS DAS INDÚSTRIAS UNILEVER DO BRASIL;53272365;b3S;;I;2;VALINHOS;SP;12/2009;0;0;0;0;0;0;0;0;0;0;0;0;0;0;0;0;149;149;0;2.086;2.235
COOPERATIVA DE ECONOMIA E CRÉDITO MÚTUO DOS SERVIDORES PÚBLICOS EM RIO BRANCO - ACRE - CEMATER;34709527;b3S;;I;2;RIO BRANCO;AC;12/2009;317;0;0;542;9;867;0;0;0;0;0;0;0;0;867;0;158;1.025;0;1.200;2.225
ALBATROSS CORRETORA DE CAMBIO E VALORES S.A;5452073;n2;;I;2;RIO DE JANEIRO;RJ;12/2009;0;0;0;0;0;0;0;0;0;0;0;0;0;0;0;0;471;471;0;1.727;2.198
GRACO CORRETORA DE CAMBIO S.A.;65982589;n2;;I;2;POA;SP;12/2009;0;0;0;0;0;0;0;0;0;0;0;0;0;0;0;0;1.652;1.652;0;513;2.165
COOPERATIVA DE CRÉDITO MÚTUO DOS SERVIDORES PÚBLICOS DE OSASCO E REGIÃO OESTE;5310083;b3S;;I;2;OSASCO;SP;12/2009;0;0;0;0;0;0;0;0;0;0;0;0;0;0;0;0;53;53;0;2.102;2.154
ADVANCED CORRETORA DE CÂMBIO LTDA;92856905;n2;;I;2;SAO PAULO;SP;12/2009;0;0;0;0;0;0;0;0;0;0;0;0;0;0;0;0;1.490;1.490;0;656;2.146
COOPERATIVA DE CRÉDITO RURAL COM INTERAÇÃO SOLIDÁRIA DE LAPA - CRESOL LAPA;8597482;b3S;;I;2;LAPA;PR;12/2009;156;0;0;1.034;0;1.190;0;0;0;0;0;0;0;21;1.211;0;677;1.888;0;247;2.135
COOPERATIVA CENTRAL DE CREDITO RURAL DOS PEQUENOS AGRICULTORES E DA REFORMA AGRARIA - CREHNOR CENTRAL;5879577;b3C;;I;2;SARANDI;RS;12/2009;0;0;0;66;0;66;0;0;0;0;0;0;0;0;66;0;1.071;1.137;0;997;2.134
S. HAYATA CORRETORA DE CÂMBIO S.A.;67391821;n2;;I;2;SAO PAULO;SP;12/2009;0;0;0;0;0;0;0;0;0;0;0;0;0;0;0;0;1.107;1.107;0;1.027;2.134
COOPERATIVA DE CREDITO MUTUO DOS FUNCIONARIOS E SERVIDORES PUBLICOS DO ESTADO DE MATO GROSSO DO SUL;24610065;b3S;;I;2;CAMPO GRANDE;MS;12/2009;253;0;0;528;161;943;0;0;0;0;0;0;0;41;984;0;393;1.377;0;733;2.110
COOPERATIVA DE ECONOMIA E CRÉDITO MÚTUO DOS PEQUENOS E MICROS EMPRESÁRIOS E MICROEMPREENDEDORES DA REGIÃO METROPOLITANA DE PORTO ALEGRE LTDA - COOPESA;6975532;b3S;;I;2;PORTO ALEGRE;RS;12/2009;428;0;0;560;176;1.163;0;0;0;0;0;0;0;0;1.163;0;150;1.313;0;796;2.110
COOPERATIVA DE CRÉDITO DOS EMPREGADOS DAS EMPRESAS DO GRUPPO M&G NO BRASIL;62605290;b3S;;I;2;POCOS DE CALDAS;MG;12/2009;0;0;0;0;0;0;0;0;0;0;0;0;0;0;0;0;169;169;0;1.929;2.098
AUREUM SOCIEDADE CORRETORA DE CÂMBIO E VALORES MOBILIÁRIOS LTDA.;76645704;n2;;I;2;CURITIBA;PR;12/2009;0;0;0;0;0;0;0;0;0;0;0;0;0;0;0;0;1.691;1.691;0;405;2.096
COOPERATIVA DE ECONOMIA E CRÉDITO MÚTUO DOS SERVIDORES PÚBLICOS ESTADUAIS DA PARAÍBA - CREDS LTDA.;3373150;b3S;;I;2;JOAO PESSOA;PB;12/2009;193;0;0;307;53;553;0;0;0;0;0;0;0;169;722;0;93;815;0;1.273;2.088
B & T ASSOCIADOS CORRETORA DE CÂMBIO LTDA.;73622748;n2;;I;2;RIO DE JANEIRO;RJ;12/2009;0;0;0;0;0;0;0;0;0;0;0;0;0;0;0;0;769;769;0;1.303;2.073
NOVO MUNDO CORRETORA DE CÂMBIO S.A.;8609934;n2;;I;2;SAO PAULO;SP;12/2009;0;0;0;0;0;0;0;0;0;0;0;0;0;0;0;0;1.102;1.102;0;958;2.060
ASM ASSET MANAGEMENT DISTRIBUIDORA DE TITULOS E VALORES MOBILIARIOS S/A;2678955;n2;;I;2;RIO DE JANEIRO;RJ;12/2009;0;0;0;0;0;0;0;0;0;0;0;0;0;0;0;0;666;666;0;1.379;2.044
COOPERATIVA DE ECONOMIA E CRÉDITO MÚTUO DOS FUNCIONÁRIOS DOS CORREIOS NO ESTADO DO RIO GRANDE DO SUL-CREDCORREIOS;87956355;b3S;;I;2;PORTO ALEGRE;RS;12/2009;0;0;0;12;0;12;0;0;0;0;0;0;0;0;12;0;224;236;0;1.806;2.042
COOPERATIVA DE CRÉDITO RURAL COM INTERAÇÃO SOLIDÁRIA DE POUSO REDONDO - CRESOL POUSO REDONDO;10453077;b3S;;I;2;POUSO REDONDO;SC;12/2009;92;0;0;393;0;485;0;0;0;0;0;0;0;952;1.437;0;34;1.471;0;569;2.041
COOPERATIVA DE ECONOMIA E CRÉDITO MÚTUO DOS EMPREGADOS DA CENTRAIS ELETRICAS DO PARÁ - COECELPA;1120042;b3S;;I;2;BELEM;PA;12/2009;0;0;0;0;0;0;0;0;0;0;0;0;0;317;317;0;286;603;0;1.435;2.038
COOPERATIVA DE ECONOMIA E CRÉDITO MÚTUO DOS FUNCIONÁRIOS DA AFFINIA;9128022;b3S;;I;2;OSASCO;SP;12/2009;0;0;0;0;0;0;0;0;0;0;0;0;0;0;0;0;29;29;0;2.004;2.032
COOPERATIVA DE ECONOMIA E CRÉDITO MÚTUO DA ALIANÇA DOS MÉDICOS E DEMAIS PROFISSIONAIS DA ÁREA DA SAÚDE DE LENÇÓIS PAULISTA - ALCRED DE LENÇÓIS PAULISTA;1464605;b3S;;I;2;LENCOIS PAULISTA;SP;12/2009;210;0;0;1.133;0;1.343;0;0;0;0;0;0;0;0;1.343;0;84;1.427;0;601;2.029
COOPERATIVA DE CRÉDITO RURAL COSTA DO DENDÊ - SICOOB COSTA DO DENDÊ;3087263;b3S;;I;2;TAPEROA;BA;12/2009;1.201;0;0;0;461;1.661;0;0;0;0;0;0;0;0;1.661;0;67;1.728;0;296;2.024
UNICREF - COOPERATIVA DE ECONOMIA E CRÉDITO MÚTUO DOS FUNCIONÁRIOS DA UNIMED DE MANAUS LTDA.;34503581;b3S;;I;2;MANAUS;AM;12/2009;1;0;0;0;0;1;0;0;0;0;0;0;0;0;1;0;140;141;0;1.882;2.024
COOPERATIVA DE ECONOMIA E CRÉDITO MÚTUO DOS SERVIDORES DO INSTITUTO BRASILEIRO DO MEIO AMBIENTE E DOS RECURSOS NATURAIS RENOVÁVEIS - SICOOB CREDIBAMA;2895102;b3S;;I;2;BRASILIA;DF;12/2009;0;0;0;0;0;0;0;0;0;0;0;0;0;263;263;0;83;346;0;1.677;2.023
COOPERATIVA DE ECONOMIA E CRÉDITO MÚTUO DOS EMPREGADOS DA FUNDAÇÃO PARA O DESENVOLVIMENTO DA EDUCAÇÃO;64764129;b3S;;I;2;SAO PAULO;SP;12/2009;0;0;0;0;0;0;0;0;0;0;0;0;0;19;19;0;61;81;0;1.938;2.018
PREVIBANK S.A. DISTRIBUIDORA DE TÍTULOS E VALORES MOBILIÁRIOS;6917793;n2;;I;2;FORTALEZA;CE;12/2009;0;0;0;0;0;0;0;0;0;0;0;0;0;0;0;0;346;346;0;1.670;2.016
COOPERATIVA DE CRÉDITO DOS EMPREGADOS DO GRUPO COPERSUCAR E CTC - UNICOPER;977212;b3S;;I;2;SAO PAULO;SP;12/2009;0;0;0;0;0;0;0;0;0;0;0;0;0;0;0;0;85;85;0;1.910;1.994
COOPERATIVA DE CRÉDITO RURAL COM INTERAÇÃO SOLIDÁRIA DE TREZE DE MAIO - CRESOL TREZE DE MAIO;9330158;b3S;;I;2;TREZE DE MAIO;SC;12/2009;165;0;0;967;0;1.132;0;0;0;0;0;0;0;573;1.705;0;16;1.720;0;272;1.992
COOPERATIVA DE ECONOMIA E CRÉDITO MÚTUO DOS PANIFICADORES DE  NATAL - CREDIPAN;2902475;b3S;;I;2;NATAL;RN;12/2009;275;0;0;481;32;788;0;0;0;0;0;0;0;40;828;0;146;974;0;1.006;1.980
COOPERATIVA DE CRÉDITO RURAL COM INTERAÇÃO SOLIDÁRIA DE TANGARÁ - CRESOL TANGARÁ;7946451;b3S;;I;2;TANGARA;SC;12/2009;171;0;0;420;0;591;0;0;0;0;0;0;0;1.127;1.718;0;15;1.733;0;241;1.974
COOPERATIVA DE ECONOMIA E CREDITO MUTUO DOS EMPREGADOS DE ESTABELECIMENTOS HOSPITALARES DO SUL DO ESTADO DO ESPIRITO SANTO - SULCRED;31746993;b3S;;I;2;CACHOEIRO DE ITAPEMIRIM;ES;12/2009;18;0;0;0;0;18;0;0;0;0;0;0;0;449;467;0;196;663;0;1.303;1.966
COOPERATIVA DE ECONOMIA E CRÉDITO MÚTUO DOS EMPREGADOS E SERVIDORES DOS ÓRGÃOS DO SETOR PÚBLICO PRODUTIVO DO ESTADO DO PARÁ LTDA. - COOPEMATER;34600668;b3S;;I;2;BELEM;PA;12/2009;0;0;0;0;0;0;0;0;0;0;0;0;0;116;116;0;173;289;0;1.669;1.959
COOPERATIVA DE CRÉDITO RURAL COM INTERAÇÃO SOLIDÁRIA DE CORONEL FREITAS - CRESOL CORONEL FREITAS;8647473;b3S;;I;2;CORONEL FREITAS;SC;12/2009;243;0;0;718;0;961;0;0;0;0;0;0;0;453;1.414;0;140;1.555;0;377;1.931
ÍCARO CORRETORA DE CÂMBIO LTDA;72556996;n2;;I;2;CURITIBA;PR;12/2009;0;0;0;0;0;0;0;0;0;0;0;0;0;0;0;0;400;400;0;1.527;1.926
COOPERATIVA DE ECONOMIA E CRÉDITO MÚTUO DOS SERVIDORES DA SUPERINTENDÊNCIA REGIONAL DO TRABALHO E EMPREGO E DA ADVOCACIA GERAL DA UNIÃO NO ESTADO DO PARÁ - CREDMISTRA;83329979;b3S;;I;2;BELEM;PA;12/2009;0;0;0;97;37;134;0;0;0;0;0;0;0;8;142;0;131;273;0;1.647;1.920
BR-CAPITAL DISTRIBUIDORA DE TÍTULOS E VALORES MOBILIÁRIOS S.A.;44077014;n2;;I;2;SAO PAULO;SP;12/2009;0;0;0;0;0;0;0;0;0;0;0;0;0;0;0;0;309;309;0;1.609;1.918
LLA - DISTRIBUIDORA DE TÍTULOS E VALORES MOBILIÁRIOS LTDA.;67600379;n2;;I;2;SAO PAULO;SP;12/2009;0;0;0;0;0;0;0;0;0;0;0;0;0;0;0;0;1.206;1.206;0;701;1.907
COOPERATIVA DE ECONOMIA E CRÉDITO MÚTUO DOS EMPREGADOS DO GRUPO ALCOA EM PERNAMBUCO;8931800;b3S;;I;2;ITAPISSUMA;PE;12/2009;0;0;0;1;0;1;0;0;0;0;0;0;0;0;1;0;79;80;0;1.808;1.888
ATLANTA SOCIEDADE DE CRÉDITO AO MICROEMPREENDEDOR LTDA;4772908;n1;;I;2;PASSOS;MG;12/2009;0;0;0;0;0;0;0;0;0;0;0;0;0;0;0;0;107;107;0;1.775;1.882
COOPERATIVA DE ECONOMIA E CREDITO MUTUO DOS EMPREGADOS DA CIA DE ELETRICIDADE DO ESTADO DO RJ CREDICERJ LTDA;30138226;b3S;;I;2;NITEROI;RJ;12/2009;1;0;0;803;0;804;0;0;0;0;0;0;0;0;804;0;186;990;0;887;1.877
COOPERATIVA DE ECONOMIA E CRÉDITO MÚTUO DOS SERVIDORES DO PODER EXECUTIVO FEDERAL NO MUNICÍPIO DE JOÃO PESSOA LTDA. - CREDISERV;70106869;b3S;;I;2;JOAO PESSOA;PB;12/2009;72;0;0;43;4;119;0;0;0;0;0;0;0;606;724;0;229;954;0;920;1.874
COOPERATIVA DE ECONOMIA E CRÉDITO MÚTUO DOS FUNCIONÁRIOS DA FUNDACAO EDUCACIONAL DE BARRETOS - COOPERFEB;2846074;b3S;;I;2;BARRETOS;SP;12/2009;0;0;0;0;0;0;0;0;0;0;0;0;0;0;0;0;186;186;0;1.681;1.868
COOPERATIVA DE ECONOMIA E CRÉDITO MÚTUO DOS FUNCIONÁRIOS DA ANDORINHA - COFASA;64761471;b3S;;I;2;PRESIDENTE PRUDENTE;SP;12/2009;0;0;0;0;0;0;0;0;0;0;0;0;0;0;0;0;99;99;0;1.766;1.865
COOPERATIVA DE ECONOMIA E CRÉDITO MÚTUO DOS EMPREGADOS DOS DIÁRIOS E EMISSORAS ASSOCIADOS DE BELO HORIZONTE LTDA.;17415654;b3S;;I;2;BELO HORIZONTE;MG;12/2009;0;0;0;0;0;0;0;0;0;0;0;0;0;0;0;0;264;264;0;1.601;1.864
COOPERATIVA DE ECONOMIA E CREDITO MUTUO DOS SERVIDORES DO ENSINO SUPERIOR DO DISTRITO FEDERAL;3233248;b3S;;I;2;BRASILIA;DF;12/2009;98;0;0;334;104;536;0;0;0;0;0;0;0;223;760;0;114;874;0;989;1.863
COOPERATIVA DE CRÉDITO RURAL COM INTERAÇÃO SOLIDÁRIA DE SÃO JOÃO - CRESOL SÃO JOÃO;7557462;b3S;;I;2;SAO JOAO;PR;12/2009;255;0;0;682;0;937;0;0;0;0;0;0;0;52;989;0;428;1.418;0;445;1.862
PACIFIC INVEST DISTRIBUIDORA DE TITULOS E VALORES MOBILIARIOS LTDA;73279093;n2;;I;2;JOACABA;SC;12/2009;0;0;0;0;0;0;0;0;0;0;0;0;0;0;0;0;232;232;0;1.607;1.839
COOPERATIVA DE CRÉDITO RURAL COM INTERAÇÃO SOLIDÁRIA DE CASTRO - CRESOL CASTRO;7407136;b3S;;I;2;CASTRO;PR;12/2009;123;0;0;461;0;584;0;0;0;0;0;0;0;22;605;0;838;1.444;0;383;1.826
COOPERATIVA DE ECONOMIA E CREDITO MUTUO DOS COMERCIANTES VEÍCULOS E DE PEÇAS E ACESSÓRIOS PARA VEÍCULOS DE PORTO ALEGRE E REGIÃO METROPOLITANA - SIVEICRED;3653959;b3S;;I;2;PORTO ALEGRE;RS;12/2009;165;0;0;635;240;1.040;0;0;0;0;0;0;0;157;1.197;0;39;1.236;0;588;1.824
COOPERATIVA DE CRÉDITO MÚTUO DOS FUNCIONÁRIOS DO GRUPO ABC - COOPER 7;4414354;b3S;;I;2;SAO BERNARDO DO CAMPO;SP;12/2009;0;0;0;0;0;0;0;0;0;0;0;0;0;0;0;0;205;205;0;1.613;1.818
COOPERATIVA DE ECONOMIA E CRÉDITO MÚTUO DOS EMPREGADOS DA NOVELIS DO BRASIL LTDA. - COOPA;23069867;b3S;;I;2;OURO PRETO;MG;12/2009;0;0;0;0;0;0;0;0;0;0;0;0;0;0;0;0;111;111;0;1.704;1.815
COOPERATIVA DE ECONOMIA E CRÉDITO MÚTUO DOS SERVIDORES DA UNESP - COOPUNESP;69136075;b3S;;I;2;RIO CLARO;SP;12/2009;0;0;0;304;0;304;0;0;0;0;0;0;0;216;520;0;49;568;0;1.219;1.787
COOPERATIVA DE CRÉDITO POPULAR DE GRAVATÁ - COOPERCRÉDITO;10350684;b3S;;I;2;GRAVATA;PE;12/2009;336;0;0;694;111;1.142;0;0;0;0;0;0;0;38;1.181;0;98;1.279;0;503;1.782
COOPERATIVA DE CRÉDITO MÚTUO DOS POLICIAIS FEDERAIS NO RIO GRANDE DO NORTE - FEDERALCRED;8237246;b3S;;I;2;NATAL;RN;12/2009;63;0;0;724;0;787;0;0;0;0;0;0;0;381;1.169;0;69;1.238;0;525;1.762
COOPSEBRAE - COOPERATIVA DE CRÉDITO MÚTUO DOS FUNCIONÁRIOS DO SEBRAE/PB, SEBRAE/RN E SESC, SENAC E SENAR EM JOÃO PESSOA;41219353;b3S;;I;2;JOAO PESSOA;PB;12/2009;0;0;0;428;8;436;0;0;0;0;0;0;0;0;436;0;40;476;0;1.267;1.743
COOPERATIVA DE CRÉDITO MÚTUO DOS SERVIDORES DO MINISTÉRIO DA SAÚDE EM MACEIÓ - SAUDECRED;5728016;b3S;;I;2;MACEIO;AL;12/2009;28;0;0;654;0;682;0;0;0;0;0;0;0;196;878;0;131;1.009;0;731;1.741
COOPERATIVA DE ECONOMIA E CREDITO MUTUO ITARARE LTDA;29460649;b3S;;I;2;RIO DE JANEIRO;RJ;12/2009;0;0;0;0;0;0;0;0;0;0;0;0;0;0;0;0;554;554;0;1.186;1.740
COOPERATIVA DE CRÉDITO RURAL HORIZONTES NOVOS DE IJUÍ - CREHNOR NOROESTE;7268732;b3S;;I;2;IJUI;RS;12/2009;545;0;0;247;0;792;0;0;0;0;0;0;0;69;861;0;143;1.003;0;736;1.739
COOPERATIVA DE CREDITO RURAL ASCOOB CREDIMONTE;5602448;b3S;;I;2;JACOBINA;BA;12/2009;337;0;0;746;2;1.084;0;0;0;0;0;0;0;114;1.198;0;89;1.288;0;438;1.725
COOPERATIVA DE ECONOMIA E CRÉDITO MÚTUO DOS COLABORADORES DO GRUPO EMPRESARIAL A COSTA LTDA.;20062766;b3S;;I;2;VISCONDE DO RIO BRANCO;MG;12/2009;0;0;0;0;0;0;0;0;0;0;0;0;0;0;0;0;241;241;0;1.476;1.718
COOPERATIVA DE ECONOMIA E CRÉDITO MÚTUO DOS EMPREGADOS DA CHRIS CINTOS DE SEGURANÇA;1815069;b3S;;I;2;SAO PAULO;SP;12/2009;0;0;0;0;0;0;0;0;0;0;0;0;0;0;0;0;88;88;0;1.617;1.705
COOPERATIVA DE CRÉDITO MÚTUO DOS FUNCIONÁRIOS DA EDITORA GLOBO - CREDGLOBO;1380386;b3S;;I;2;SAO PAULO;SP;12/2009;0;0;0;0;0;0;0;0;0;0;0;0;0;0;0;0;60;60;0;1.629;1.689
COOPERATIVA DE ECONOMIA E CRÉDITO MÚTUO DOS SERVIDORES PÚBLICOS FEDERAIS DA REGIÃO METROPOLITANA DE BELÉM DO PARÁ - SICOOB FEDERAL PARÁ;83316810;b3S;;I;2;BELEM;PA;12/2009;0;0;0;0;0;0;0;0;0;0;0;0;0;0;0;0;414;414;0;1.272;1.686
COOPERATIVA DE ECONOMIA E CRÉDITO MÚTUO DOS EMPREGADOS DA VALE FERTILIZANTES DE UBERABA - COPERURA LTDA.;17607375;b3S;;I;2;UBERABA;MG;12/2009;0;0;0;0;0;0;0;0;0;0;0;0;0;0;0;0;50;50;0;1.621;1.671
COOPERATIVA DE CRÉDITO DOS PROFISSIONAIS DE CONTABILIDADE DE GOIÂNIA E REGIÃO LTDA.;9576038;b3S;;I;2;GOIANIA;GO;12/2009;482;0;0;570;0;1.053;0;0;0;0;0;0;0;0;1.053;0;19;1.072;0;599;1.671
COOPERATIVA DE ECONOMIA E CRÉDITO MÚTUO DOS EMPREGADOS DA ALCOA ALUMÍNIO S/A E EMPRESAS SUBSIDIÁRIAS NO ESTADO DE MINAS GERAIS LTDA. - CREDIAL;18625152;b3S;;I;2;POCOS DE CALDAS;MG;12/2009;0;0;0;0;0;0;0;0;0;0;0;0;0;9;9;0;178;188;0;1.481;1.668
F. D'GOLD - DISTRIBUIDORA DE TÍTULOS E VALORES MOBILIÁRIOS LTDA.;8673569;n2;;I;2;SAO PAULO;SP;12/2009;0;0;0;0;0;0;0;0;0;0;0;0;0;0;0;0;813;813;0;849;1.662
COOPERATIVA DE ECONOMIA E CRÉDITO MÚTUO DOS SERVIDORES PUBLICOS DE CHAPECO E REGIÃO - CREDI CHAPECÓ;4769421;b3S;;I;2;CHAPECO;SC;12/2009;0;0;0;1.017;0;1.017;0;0;0;0;0;0;0;149;1.166;0;163;1.329;0;312;1.641
EQUIPE S/A DISTRIBUIDORA DE TÍTULOS E VALORES MOBILIÁRIOS;33739715;n2;;I;2;RIO DE JANEIRO;RJ;12/2009;0;0;0;0;0;0;0;0;0;0;0;0;0;0;0;0;3.335;3.335;0;-1.695;1.639
COOPERATIVA DE CRÉDITO RURAL COM INTERAÇÃO SOLIDÁRIA DE MISSAL - CRESOL MISSAL;8850180;b3S;;I;2;MISSAL;PR;12/2009;98;0;0;265;0;363;0;0;0;0;0;0;0;41;404;0;935;1.339;0;297;1.636
COOPERATIVA DE ECONOMIA E CRÉDITO MÚTUO DOS PROFISSIONAIS DAS ÁREAS DE ENGENHARIA, ARQUITETURA E AGRONOMIA NO SUL FLUMINENSE LTDA - COOPCRED;3665505;b3S;;I;2;VOLTA REDONDA;RJ;12/2009;0;0;0;692;0;692;0;0;0;0;0;0;0;0;692;0;100;792;0;829;1.621
COOPERATIVA DE CRÉDITO RURAL COM INTERAÇÃO SOLIDÁRIA DE LONDRINA - CRESOL LONDRINA;7211698;b3S;;I;2;LONDRINA;PR;12/2009;207;0;0;541;0;748;0;0;0;0;0;0;0;41;789;0;608;1.397;0;223;1.620
CREDBRASIL - SOCIEDADE DE CRÉDITO AO MICROEMPREENDEDOR LTDA;3635061;n1;;I;2;PAULINIA;SP;12/2009;0;0;0;0;0;0;0;0;0;0;0;0;0;0;0;0;146;146;0;1.472;1.618
COOPERATIVA DE ECONOMIA E CRÉDITO MÚTUO DOS FUNCIONÁRIOS DA DANA INDÚSTRIAS;91018408;b3S;;I;2;GRAVATAI;RS;12/2009;0;0;0;0;0;0;0;0;0;0;0;0;0;0;0;0;219;219;0;1.397;1.616
COOPERATIVA DE CRÉDITO RURAL COM INTERAÇÃO SOLIDÁRIA DE CLEVELÂNDIA - CRESOL CLEVELÂNDIA;8801139;b3S;;I;2;CLEVELANDIA;PR;12/2009;59;0;0;234;36;329;0;0;0;0;0;0;0;50;379;0;844;1.223;0;374;1.597
COOPERATIVA DE ECONOMIA E CRÉDITO MÚTUO DOS EMPREGADOS DO GRUPO PARAMOUNT;88183173;b3S;;I;2;SAPUCAIA DO SUL;RS;12/2009;0;0;0;0;0;0;0;0;0;0;0;0;0;0;0;0;188;188;0;1.403;1.591
COOPERASA - COOPERATIVA DE ECONOMIA E CRÉDITO MÚTUO DOS FUNCIONARIOS DAS EMPRESAS DA AGUIA PARTICIPAÇÕES;5296712;b3S;;I;2;PONTA GROSSA;PR;12/2009;0;0;0;0;0;0;0;0;0;0;0;0;0;0;0;0;68;68;0;1.517;1.584
BVL CORRETORA DE VALORES  LTDA;17311705;n2;;I;2;BELO HORIZONTE;MG;12/2009;0;0;0;0;0;0;0;0;0;0;0;0;0;0;0;0;180;180;0;1.399;1.579
COOPERATIVA DE ECONOMIA E CRÉDITO MÚTUO DOS EMPREGADOS DA PONTIFÍCIA UNIVERSIDADE CATÓLICA DO RIO DEJANEIRO LTDA.;42445122;b3S;;I;2;RIO DE JANEIRO;RJ;12/2009;0;0;0;69;0;69;0;0;0;0;0;0;0;0;69;0;149;218;0;1.359;1.577
COOPERATIVA DE CRÉDITO MÚTUO DOS MICROS E PEQUENOS EMPRESÁRIOS E MICROEMPREENDEDORES DE SÃO CARLOS - SICOOB CREDIACISC;7669921;b3S;;I;2;SAO CARLOS;SP;12/2009;621;0;0;382;107;1.110;0;0;0;0;0;0;0;0;1.110;0;36;1.147;0;427;1.574
COOPERATIVA DE CRÉDITO RURAL COM INTERAÇÃO SOLIDÁRIA DE JACINTO MACHADO - CRESOL JACINTO MACHADO;9463721;b3S;;I;2;JACINTO MACHADO;SC;12/2009;146;0;0;167;0;313;0;0;0;0;0;0;0;910;1.223;0;28;1.251;0;310;1.561
COOPERATIVA DE ECONOMIA E CRÉDITO MÚTUO DOS EMPREGADOS DA JOLIMODE ROUPAS E EMPRESAS COLIGADAS LTDA;28244622;b3S;;I;2;RIO DE JANEIRO;RJ;12/2009;0;0;0;0;0;0;0;0;0;0;0;0;0;0;0;0;208;208;0;1.336;1.544
COOPERATIVA DE ECONOMIA E CRÉDITO MÚTUO DOS EMPREGADOS DO GRUPO METALAC - COOPERMETA;65594772;b3S;;I;2;SOROCABA;SP;12/2009;0;0;0;0;0;0;0;0;0;0;0;0;0;0;0;0;152;152;0;1.389;1.541
COOPERATIVA DE ECONOMIA E CRÉDITO MÚTUO DOS SERVIDORES  ESTADUAIS DO PODER EXECUTIVO DO ESTADO DO ACRE EM RIO BRANCO - SICOOB CBCRED;3232959;b3S;;I;2;RIO BRANCO;AC;12/2009;142;0;0;64;252;458;0;0;0;0;0;0;0;165;623;0;217;839;0;693;1.532
COOPERATIVA DE ECONOMIA E CRÉDITO MÚTUO DOS EMPRESÁRIOS DE PRESIDENTE VENCESLAU - SICOOB CREDIACIPREV;8937938;b3S;;I;2;PRESIDENTE VENCESLAU;SP;12/2009;498;0;0;750;0;1.248;0;0;0;0;0;0;0;0;1.248;0;112;1.360;0;172;1.532
COOPERATIVA DE ECONOMIA E CREDITO MUTUO DOS SERVIDORES MUNICIPAIS DE VOLTA REDONDA - COOVRE;1819799;b3S;;I;2;VOLTA REDONDA;RJ;12/2009;0;0;0;0;0;0;0;0;0;0;0;0;0;0;0;0;180;180;0;1.348;1.528
COOPERATIVA DE ECONOMIA E CRÉDITO MÚTUO DOS FUNCIONÁRIOS DA MARCHESAN - TATUCRED;53505681;b3S;;I;2;MATAO;SP;12/2009;0;0;0;0;0;0;0;0;0;0;0;0;0;0;0;0;242;242;0;1.284;1.526
COOPERATIVA DE ECONOMIA E CRÉDITO MÚTUO DOS FUNCIONÁRIOS DO RÁPIDO LUXO CAMPINAS;2312896;b3S;;I;2;VALINHOS;SP;12/2009;0;0;0;35;0;35;0;0;0;0;0;0;0;233;268;0;80;349;0;1.173;1.522
COOPERATIVA DE ECONOMIA E CREDITO MUTUO DOS EMPREGADOS DO COLEGIO SANTO INACIO - COESI;2447184;b3S;;I;2;RIO DE JANEIRO;RJ;12/2009;0;0;0;0;0;0;0;0;0;0;0;0;0;0;0;0;126;126;0;1.390;1.516
CAROL DISTRIBUIDORA DE TITULOS E VALORES MOBILIARIOS LTDA.;62237649;n2;;I;2;SAO PAULO;SP;12/2009;0;0;0;0;0;0;0;0;0;0;0;0;0;0;0;0;52;52;0;1.441;1.493
COOPERATIVA DE ECONOMIA E CREDITO MUTUO DOS EMPREGADOS DA ENERSUL;15549124;b3S;;I;2;CAMPO GRANDE;MS;12/2009;0;0;0;0;0;0;0;0;0;0;0;0;0;0;0;0;163;163;0;1.329;1.492
FOURTRADE CORRETORA DE CÂMBIO LTDA.;40353377;n2;;I;2;RIO DE JANEIRO;RJ;12/2009;0;0;0;0;0;0;0;0;0;0;0;0;0;0;0;0;688;688;0;803;1.490
COOPERATIVA DE CRÉDITO RURAL DE DESENVOLVIMENTO SOLIDÁRIO DE COLATINA - CREDSOL COLATINA;7475376;b3S;;I;2;COLATINA;ES;12/2009;336;0;0;643;0;979;0;0;0;0;0;0;0;0;979;0;22;1.000;0;480;1.480
COOPERATIVA DE CRÉDITO RURAL COM INTERAÇÃO SOLIDÁRIA DE IRINEÓPOLIS - CRESOL IRINEÓPOLIS;9433005;b3S;;I;2;IRINEOPOLIS;SC;12/2009;195;0;0;407;0;602;0;0;0;0;0;0;0;635;1.237;0;3;1.241;0;236;1.477
COOPERATIVA DE ECONOMIA E CRÉDITO MÚTUO DOS EMPREGADOS DA COOPERATIVA CENTRAL DOS PRODUTORES RURAIS MINAS GERAIS LTDA- CREDITAMBE;3172283;b3S;;I;2;BELO HORIZONTE;MG;12/2009;23;0;0;304;0;327;0;0;0;0;0;0;0;0;327;0;123;450;0;1.006;1.456
COLUNA S/A. DISTRIBUIDORA DE TITULOS E VALORES MOBILIÁRIOS;460065;n2;;I;2;RIO DE JANEIRO;RJ;12/2009;0;0;0;0;0;0;0;0;0;0;0;0;0;0;0;0;315;315;0;1.131;1.446
COOPERATIVA DE ECONOMIA E CRÉDITO MÚTUO DOS PROFESSORES E TRABALHADORES EM EDUCAÇÃO DE GOIÂNIA LTDA.;9501687;b3S;;I;2;GOIANIA;GO;12/2009;144;0;0;830;0;973;0;0;0;0;0;0;0;0;973;0;27;1.001;0;443;1.444
CATEDRAL CORRETORA DE CÂMBIO E TÍTULOS MOBILIÁRIOS LTDA.;15230501;n2;;I;2;SALVADOR;BA;12/2009;0;0;0;0;0;0;0;0;0;0;0;0;0;0;0;0;369;369;0;1.068;1.437
HSCM - HERON SOCIEDADE DE CRÉDITO AO MICROEMPREENDEDOR LTDA.;7693858;n1;;I;2;IBIA;MG;12/2009;0;0;0;0;0;0;0;0;0;0;0;0;0;213;213;0;268;480;0;956;1.436
COOPERATIVA DE ECONOMIA E CREDITO MUTUO DOS EMPREGADOS DO PRO-CARDIACO-PRO-CREDITO LTDA;4569742;b3S;;I;2;RIO DE JANEIRO;RJ;12/2009;0;0;0;0;0;0;0;0;0;0;0;0;0;0;0;0;316;316;0;1.117;1.433
COOPERATIVA DE ECONOMIA E CRÉDITO MÚTUO DOS FUNCIONÁRIOS DA CORREIAS MERCÚRIO;67607564;b3S;;I;2;JUNDIAI;SP;12/2009;0;0;0;0;0;0;0;0;0;0;0;0;0;0;0;0;43;43;0;1.390;1.432
EUROINVEST S/A CORRETORA DE CAMBIO,TITS.E VALS.MOBILIARIOS;34190991;n2;;I;2;SALVADOR;BA;12/2009;0;0;0;0;0;0;0;0;0;0;0;0;0;0;0;0;3;3;0;1.426;1.429
MOEDA SOCIEDADE CORRETORA DE CÂMBIO LTDA.;43653450;n2;;I;2;SAO PAULO;SP;12/2009;0;0;0;0;0;0;0;0;0;0;0;0;0;0;0;0;571;571;0;857;1.428
COOPERATIVA DE CREDITO RURAL DE BOM JARDIM LTDA;58338;b3S;;I;2;BOM JARDIM;RJ;12/2009;651;0;0;303;122;1.075;0;0;0;0;0;0;0;0;1.075;0;50;1.126;0;291;1.416
COOPERATIVA DE ECONOMIA E CREDITO MUTUO DOS ADVOGADOS DO ESTADO DO RIO DE JANEIRO LTDA.;7755335;b3S;;I;2;RIO DE JANEIRO;RJ;12/2009;104;0;0;521;0;626;0;0;0;0;0;0;0;0;626;0;581;1.207;0;206;1.413
COOPERATIVA DE ECONOMIA E CREDITO MUTUO DOS EMPREGADOS DA FABRIMAR S.A. INDUSTRIA E COMERCIO LTDA;42240382;b3S;;I;2;RIO DE JANEIRO;RJ;12/2009;0;0;0;0;0;0;0;0;0;0;0;0;0;0;0;0;168;168;0;1.236;1.403
COOPERATIVA DE CRÉDITO RURAL DA AGRICULTURA FAMILIAR E ECONOMIA SOLIDÁRIA DE FERVEDOURO;8624548;b3S;;I;2;FERVEDOURO;MG;12/2009;251;0;0;960;0;1.211;0;0;0;0;0;0;0;0;1.211;0;27;1.238;0;160;1.398
CP & FRIZZO - DISTRIBUIDORA DE TÍTULOS E VALORES MOBILIÁRIOS LTDA;62264924;n2;;I;2;SAO PAULO;SP;12/2009;0;0;0;0;0;0;0;0;0;0;0;0;0;0;0;0;90;90;0;1.294;1.384
COOPERATIVA DE ECONOMIA E CRÉDITO MÚTUO DOS FUNCIONÁRIOS DA MAXION LTDA.;44378586;b3S;;I;2;CONTAGEM;MG;12/2009;0;0;0;0;0;0;0;0;0;0;0;0;0;0;0;0;43;43;0;1.336;1.379
COOPERATIVA DE ECONOMIA E CREDITO MUTUO DOS SERVIDORES DO COLEGIO PEDRO II;2910387;b3S;;I;2;RIO DE JANEIRO;RJ;12/2009;0;0;0;43;0;43;0;0;0;0;0;0;0;0;43;0;201;244;0;1.103;1.346
PATAÇÃO DISTRIBUIDORA DE TÍTULOS E VALORES MOBILIÁRIOS LTDA.;59615005;n2;;I;2;SOROCABA;SP;12/2009;0;0;0;0;0;0;0;0;0;0;0;0;0;0;0;1;430;431;0;904;1.335
COOPERATIVA DE ECONOMIA E CRÉDITO MÚTUO DAS FORÇAS ARMADAS, DO CORPO DE BOMBEIROS E POLÍCIA MILITAR DO DISTRITO FEDERAL LTDA. - SICOOB CABECRED;4649337;b3S;;I;2;BRASILIA;DF;12/2009;37;0;0;210;3;250;0;0;0;0;0;0;0;688;937;0;40;978;0;356;1.334
COOPERATIVA DE ECONOMIA E CREDITO MUTUO DOS PROFISSIONAIS DA CONTABILIDADE DE CUIABA;2861211;b3S;;I;2;CUIABA;MT;12/2009;266;0;0;369;0;635;0;0;0;0;0;0;0;0;635;0;40;675;0;650;1.325
CREDICORES - COOPERATIVA DE ECONOMIA E CRÉDITO MÚTUO DOS PROFISSIONAIS DA ÁREA DE SEGUROS DO ESPÍRITO SANTO;2996857;b3S;;I;2;VITORIA;ES;12/2009;256;0;0;359;0;615;0;0;0;0;0;0;0;132;747;0;67;814;0;500;1.314
COOPERATIVA DE ECONOMIA E CRÉDITO MÚTUO DOS EMPRESÁRIOS DE PRAIA GRANDE E REGIÃO - SICOOB COOPERACE;9639338;b3S;;I;2;PRAIA GRANDE;SP;12/2009;711;0;0;231;0;942;0;0;0;0;0;0;0;0;942;0;55;997;0;307;1.304
COOPERATIVA DE CRÉDITO DOS FORNECEDORES DE CANA E DOS AGROPECUÁRIOS DA REGIÃO DE SANTA BÁRBARA D'OESTE;51319283;b3S;;I;2;SANTA BARBARA D'OESTE;SP;12/2009;121;0;0;210;0;331;0;0;0;0;0;0;0;7;338;0;25;363;0;937;1.300
COOPERATIVA DE ECONOMIA E CREDITO MUTUO DOS SERVIDORES PUBLICOS DO MUNICIPIO DE CUIABA - CREDICUIABA;3365338;b3S;;I;2;CUIABA;MT;12/2009;73;0;0;0;148;221;0;0;0;0;0;0;0;110;331;0;81;412;0;859;1.271
COOPERATIVA DE ECONOMIA E CREDITO MUTUO DOS SERVIDORES DA UERJ LTDA. - COOPUERJ;28885036;b3S;;I;2;RIO DE JANEIRO;RJ;12/2009;0;0;0;0;0;0;0;0;0;0;0;0;0;233;233;0;18;250;0;1.020;1.270
FACIL - SOCIEDADE DE CREDITO AO MICROEMPREENDEDOR LTDA.;4740811;n1;;I;2;ITAUNA;MG;12/2009;0;0;0;0;0;0;0;0;0;0;0;0;0;0;0;0;90;90;0;1.156;1.245
DOMINIO SA DISTRIBUIDORA DE TITULOS E VALORES MOBILIARIOS;60925989;n2;;I;2;SAO PAULO;SP;12/2009;0;0;0;0;0;0;0;0;0;0;0;0;0;0;0;0;471;471;0;764;1.235
EBADIVAL - E. BAGGIO DISTRIB. DE TITS. E VALS. MOBS. LTDA;89784367;n2;;I;2;CURITIBA;PR;12/2009;0;0;0;0;0;0;0;0;0;0;0;0;0;0;0;0;28;28;0;1.204;1.232
COOPERATIVA DE ECONOMIA E CRÉDITO MÚTUO DOS EMPREGADOS DO SISTEMA S DE PERNAMBUCO E DO SEBRAE DE ALAGOAS LTDA. - COOPESPE;2039597;b3S;;I;2;RECIFE;PE;12/2009;0;0;0;306;55;361;0;0;0;0;0;0;0;0;361;0;31;392;0;835;1.227
PAVARINI DISTRIBUIDORA DE TÍTULOS E VALORES MOBILIÁRIOS LTDA.;15227994;n2;;I;2;RIO DE JANEIRO;RJ;12/2009;0;0;0;0;0;0;0;0;0;0;0;0;0;0;0;0;290;290;0;933;1.223
COOPERATIVA DE ECONOMIA E CRÉDITO MÚTUO DOS COMERCIANTES DE VESTUÁRIO E CONFECÇÕES DE CACHOEIRO DO ITAPEMIRIM - CREDSUL;2330334;b3S;;I;2;CACHOEIRO DE ITAPEMIRIM;ES;12/2009;57;0;0;171;0;228;0;0;0;0;0;0;0;67;296;0;137;432;0;790;1.223
COOPERATIVA DE ECONOMIA E CRÉDITO MÚTUO DOS FUNCIONÁRIOS DA SELENE;72952138;b3S;;I;2;CERQUILHO;SP;12/2009;0;0;0;0;0;0;0;0;0;0;0;0;0;0;0;0;39;39;0;1.184;1.223
COOPERATIVA DE ECONOMIA E CRÉDITO MÚTUO DOS EMPREGADOS DA VALISÈRE E VALCLUB;66716812;b3S;;I;2;MAUA;SP;12/2009;0;0;0;0;0;0;0;0;0;0;0;0;0;0;0;0;89;89;0;1.127;1.217
SOCRED S.A. - SOCIEDADE DE CRÉDITO AO MICROEMPREENDEDOR;9210106;n1;;I;2;BELEM;PA;12/2009;0;0;0;0;0;0;0;0;0;0;0;0;0;408;408;0;73;482;0;734;1.216
COOPERATIVA DE CRÉDITO MÚTUO DOS EMPREGADOS DA INFRAERO - AEROCRED;5292849;b3S;;I;2;GUARULHOS;SP;12/2009;0;0;0;0;0;0;0;0;0;0;0;0;0;0;0;0;30;30;0;1.181;1.211
ARC CORRETORA DE CAMBIO, ASSOCIADOS GOUVEIA, CAMPEDELLI S.A.;4684647;n2;;I;2;SANTOS;SP;12/2009;0;0;0;0;0;0;0;0;0;0;0;0;0;0;0;0;193;193;0;991;1.184
DASCAM CORRETORA DE CÂMBIO LTDA.;65645137;n2;;I;2;SAO PAULO;SP;12/2009;0;0;0;0;0;0;0;0;0;0;0;0;0;0;0;0;299;299;0;882;1.181
COOPERATIVA DE ECONOMIA E CRÉDITO MÚTUO DOS EMPREGADOS DA EATON LTDA.;43553049;b3S;;I;2;SAO JOSE DOS CAMPOS;SP;12/2009;0;0;0;0;0;0;0;0;0;0;0;0;0;0;0;0;20;20;0;1.155;1.175
COOPERATIVA DE CRÉDITO DOS PROFISSIONAIS DE TECNOLOGIA DA INFORMAÇÃO DE SÃO PAULO E MICROREGIÃO LTDA - CREDITE;6036911;b3S;;I;2;SAO PAULO;SP;12/2009;0;0;0;39;0;39;0;0;0;0;0;0;0;0;39;0;25;64;0;1.109;1.173
COOPERATIVA DE ECONOMIA E CRÉDITO MÚTUO DOS COMERCIANTES DE CONFECÇÃO DO VESTUÁRIO DA REGIÃO DE CURVELO LTDA.;3962327;b3S;;I;2;CURVELO;MG;12/2009;488;0;0;34;0;522;0;0;0;0;0;0;0;137;659;0;448;1.107;0;65;1.171
COOPERATIVA DE ECONOMIA E CRÉDITO MÚTUO DOS EMPREGADOS DA CALOI NORTE;43941145;b3S;;I;2;ATIBAIA;SP;12/2009;0;0;0;0;0;0;0;0;0;0;0;0;0;0;0;0;245;245;0;914;1.159
COOPERATIVA DE CRÉDITO RURAL DO NORTE DO TOCANTINS;3937769;b3S;;I;2;ARAGUATINS;TO;12/2009;410;0;0;145;57;612;0;0;0;0;0;0;0;0;612;0;43;655;0;503;1.158
NUMBER ONE SOCIEDADE CORRETORA DE CAMBIO LTDA.;68742204;n2;;I;2;RIO DE JANEIRO;RJ;12/2009;0;0;0;0;0;0;0;0;0;0;0;0;0;0;0;0;401;401;0;753;1.154
COOPERATIVA DE CRÉDITO RURAL COM INTERAÇÃO SOLIDÁRIA DE SÃO JOÃO DO SUL - CRESOL SÃO JOÃO DO SUL;9488496;b3S;;I;2;SAO JOAO DO SUL;SC;12/2009;75;0;0;44;0;118;0;0;0;0;0;0;0;645;763;0;61;824;0;327;1.152
COOPESTADO - COOPERATIVA DE ECONOMIA E CRÉDITO MÚTUO DOS SERVIDORES PÚBLICOS NA REGIÃO METROPOLITANA DO ESTADO DO RIO DE JANEIRO LIMITADA;4995006;b3S;;I;2;RIO DE JANEIRO;RJ;12/2009;0;0;0;0;0;0;0;0;0;0;0;0;0;0;0;0;135;135;0;1.004;1.139
COOPERATIVA DE ECONOMIA E CREDITO MUTUO DOS FUNCIONARIOS DO GRUPO MAUA LTDA;5048575;b3S;;I;2;SAO GONCALO;RJ;12/2009;0;0;0;0;0;0;0;0;0;0;0;0;0;0;0;0;113;113;0;1.020;1.133
COOPERATIVA DE CRÉDITO RURAL DO VALE DO PARAGUASSU - CREDI PARAGUASSU;4588258;b3S;;I;2;GOVERNADOR MANGABEIRA;BA;12/2009;330;0;0;0;734;1.064;0;0;0;0;0;0;0;110;1.174;0;31;1.205;0;-73;1.132
LEVYCAM - CORRETORA DE CAMBIO E VALORES LTDA.;50579044;n2;;I;2;SANTOS;SP;12/2009;0;0;0;0;0;0;0;0;0;0;0;0;0;0;0;0;482;482;0;644;1.126
COOPERATIVA DE CRÉDITO DOS FUNCIONÁRIOS DO GRUPO PPG;3657230;b3S;;I;2;SUMARE;SP;12/2009;0;0;0;0;0;0;0;0;0;0;0;0;0;0;0;0;53;53;0;1.063;1.115
COOPERATIVA DE CRÉDITO RURAL COM INTERAÇÃO SOLIDÁRIA DE SANTA TEREZINHA DO PROGRESSO;8652872;b3S;;I;2;SANTA TEREZINHA DO PROGRESSO;SC;12/2009;108;0;0;247;0;355;0;0;0;0;0;0;0;524;879;0;16;895;0;216;1.111
PENTAGONO S/A DISTRIBUIDORA DE TITULOS E VALORES MOBILIARIOS;17343682;n2;;I;2;RIO DE JANEIRO;RJ;12/2009;0;0;0;0;0;0;0;0;0;0;0;0;0;0;0;0;403;403;0;707;1.110
COOPERATIVA DE ECONOMIA E CRÉDITO MÚTUO DOS FUNCIONÁRIOS DE ZANETTINI BAROSSI;52218849;b3S;;I;2;SAO PAULO;SP;12/2009;0;0;0;0;0;0;0;0;0;0;0;0;0;0;0;0;74;74;0;1.026;1.100
COOPERATIVA DE ECONOMIA E CREDITO MUTUO DOS TRABALHADORES DO GRUPO EMPRESARIAL ITATIAIA LTDA. - COOPERITA;20177390;b3S;;I;2;UBA;MG;12/2009;0;0;0;0;0;0;0;0;0;0;0;0;0;0;0;0;29;29;0;1.064;1.093
COOPERATIVA DE ECONOMIA E CRÉDITO MÚTUO DOS SERVIDORES DO DISTRITO FEDERAL LTDA. - COOSERVCRED;778858;b3S;;I;2;BRASILIA;DF;12/2009;153;0;0;145;219;517;0;0;0;0;0;0;0;0;517;0;52;568;0;520;1.089
LASTRO RDV DISTRIBUIDORA DE TITULOS VALORES MOBILIARIOS LTDA.;71590442;n2;;I;2;ARARAS;SP;12/2009;0;0;0;0;0;0;0;0;0;0;0;0;0;0;0;0;135;135;0;954;1.089
COOPERATIVA DE ECONOMIA E CRÉDITO MÚTUO DOS CONTABILISTAS,  ADMINISTRADORES E ECONOMISTAS DE MACEIÓ/AL, CONTCRED MACEIÓ;3056109;b3S;;I;2;MACEIO;AL;12/2009;226;0;0;625;0;851;0;0;0;0;0;0;0;0;851;0;37;888;0;196;1.084
COOPERATIVA DE ECONOMIA E CRÉDITO MÚTUO DOS EMPREGADOS DA BECTON DICKINSON INDÚSTRIAS CIRÚRGICAS LTDA., LTDA.;21597133;b3S;;I;2;JUIZ DE FORA;MG;12/2009;0;0;0;0;0;0;0;0;0;0;0;0;0;0;0;0;73;73;0;1.000;1.073
COOPERATIVA DE ECONOMIA E CRÉDITO MÚTUO DOS FUNCIONÁRIOS DA SPIRAX SARCO IND. E COM.;62781158;b3S;;I;2;COTIA;SP;12/2009;0;0;0;0;0;0;0;0;0;0;0;0;0;0;0;0;95;95;0;975;1.070
COOPERATIVA DE CRÉDITO RURAL DE PEQUENOS AGRICULTORES E DA REFORMA AGRÁRIA DO CENTRO OESTE DO PARANÁ - CREHNOR LARANJEIRAS;1330387;b3S;;I;2;LARANJEIRAS DO SUL;PR;12/2009;372;0;0;227;0;599;0;0;0;0;0;0;0;0;599;0;15;613;0;438;1.051
COOPERATIVA DE ECONOMIA E CRÉDITO MÚTUO DOS  EMPREGADOS DO BANCO DA AMAZÔNIA;2827982;b3S;;I;2;BELEM;PA;12/2009;0;0;0;70;0;70;0;0;0;0;0;0;0;0;70;0;23;93;0;956;1.049
COOPERATIVA DE ECONOMIA E CREDITO MUTUO DOS SERVIDORES DOS ORGAOS E ENTIDADES DA AREA DE CIENCIA E   TECNOLOGIA;2145770;b3S;;I;2;RIO DE JANEIRO;RJ;12/2009;0;0;0;102;0;102;0;0;0;0;0;0;0;0;102;0;69;172;0;876;1.047
COOPERATIVA DE ECONOMIA E CRÉDITO MÚTUO DOS EMPRESÁRIOS DE SOROCABA E REGIÃO - SICOOB COOPERASO;10175348;b3S;;I;2;SOROCABA;SP;12/2009;318;0;0;420;0;738;0;0;0;0;0;0;0;0;738;0;45;783;0;260;1.043
COOPERATIVA DE ECONOMIA E CRÉDITO MÚTUO DOS SERVIDORES DA POLÍCIA MILITAR DO ESTADO DE SÃO PAULO DA REGIÃO CENTRO-OESTE PAULISTA - CREDMIL;4152107;b3S;;I;2;BAURU;SP;12/2009;0;0;0;88;0;88;0;0;0;0;0;0;0;0;88;0;71;159;0;881;1.039
COOPERATIVA DE ECONOMIA E CRÉDITO MÚTUO DOS SERVIDORES DA  POLÍCIA MILITAR DO PARÁ NA REGIÃO METROPOLITANA DE BELÉM LTDA;1618291;b3S;;I;2;BELEM;PA;12/2009;0;0;0;0;0;0;0;0;0;0;0;0;0;211;211;0;86;297;0;742;1.039
COOPERJUS - COOPERATIVA DE ECONOMIA E CRÉDITO MÚTUO DOS SERVIDORES DO PODER JUDICIÁRIO FEDERAL E MINISTÉRIO PÚBLICO DA UNIÃO NO ESTADO DO PARÁ.;83332700;b3S;;I;2;BELEM;PA;12/2009;0;0;0;0;0;0;0;0;0;0;0;0;0;38;38;0;116;154;0;884;1.039
AGK CORRETORA DE CAMBIO S.A.;250699;n2;;I;2;SAO PAULO;SP;12/2009;0;0;0;0;0;0;0;0;0;0;0;0;0;0;0;0;504;504;0;528;1.031
COOPERATIVA DE ECONOMIA E CREDITO MUTUO DOS FUNCIONARIOS DA VIACAO NOSSA SENHORA DO AMPARO LTDA. - COPERFAMP;2192115;b3S;;I;2;MARICA;RJ;12/2009;0;0;0;41;0;41;0;0;0;0;0;0;0;0;41;0;105;146;0;875;1.021
COOPERATIVA DE CREDITO RURAL DE PORECATU;78420262;b3S;;I;2;PORECATU;PR;12/2009;197;0;0;0;0;197;0;0;0;0;0;0;0;0;197;0;189;385;0;629;1.014
COOPERATIVA DE CRÉDITO DOS EMPRESÁRIOS DE MANAUS   SICOOB CREDEMPRESAS AM;10808037;b3S;;I;2;MANAUS;AM;12/2009;62;0;0;699;33;793;0;0;0;0;0;0;0;0;793;0;27;820;0;189;1.009
COOPERATIVA DE ECONOMIA E CREDITO MUTUO DOS TRABALHADORES EM CONSELHOS DE FISCALIZACAO PROFISSIONAL NO MUNICIPIO DO RIO DE JANEIRO LTDA.;2850075;b3S;;I;2;RIO DE JANEIRO;RJ;12/2009;0;0;0;0;0;0;0;0;0;0;0;0;0;0;0;0;122;122;0;883;1.005
COOPERATIVA DE ECONOMIA E CRÉDITO MÚTUO DOS SERVIDORES DOS MINISTÉRIOS DA AGRICULTURA, PECUÁRIA E ABASTECIMENTO, DO DESENVOLVIMENTO AGRÁRIO E DO MEIO AMBIENTE NA REGIÃO METROPOLITANA DE BELÉM LIMITADA;83347294;b3S;;I;2;BELEM;PA;12/2009;0;0;0;0;0;0;0;0;0;0;0;0;0;0;0;0;92;92;0;897;989
COOPERATIVA DE ECONOMIA E CRÉDITO MÚTUO DOS FUNCIONÁRIOS DA USINA SANTA MARIA - PILONCRED;1107759;b3S;;I;2;CERQUILHO;SP;12/2009;0;0;0;0;0;0;0;0;0;0;0;0;0;0;0;0;54;54;0;932;986
COOPERATIVA DE CRÉDITO MÚTUO DOS SERVIDORES DA SEGURANÇA PÚBLICA DE SÃO PAULO - CREDIAFAM;4804353;b3S;;I;2;SAO PAULO;SP;12/2009;0;0;0;0;0;0;0;0;0;0;0;0;0;0;0;0;28;28;0;956;984
FLUXO CORRETORA DE CÂMBIO S.A.;34562942;n2;;I;2;BARUERI;SP;12/2009;0;0;0;0;0;0;0;0;0;0;0;0;0;0;0;0;607;607;0;370;977
J. ALVES CORRETORA DE CAMBIO LTDA;69078350;n2;;I;2;SAO PAULO;SP;12/2009;0;0;0;0;0;0;0;0;0;0;0;0;0;0;0;0;20;20;0;953;973
COOPERATIVA DE ECONOMIA E CRÉDITO MÚTUO DOS EMPREGADOS DA HELIBRAS - HELICOOP;41790809;b3S;;I;2;ITAJUBA;MG;12/2009;0;0;0;0;0;0;0;0;0;0;0;0;0;0;0;0;87;87;0;879;966
COOPERATIVA DE CRÉDITO MÚTUO DOS SERVIDORES PÚBLICOS DA ESTÂNCIA TURÍSTICA DE RIBEIRÃO PIRES - CREDIRP;4587402;b3S;;I;2;RIBEIRAO PIRES;SP;12/2009;0;0;0;0;0;0;0;0;0;0;0;0;0;0;0;0;57;57;0;905;962
COOPERATIVA DE CRÉDITO RURAL DO ALTO DO VALE DO TAQUARI - ALTOCREDI;7356021;b3S;;I;2;ILOPOLIS;RS;12/2009;529;0;0;285;0;814;0;0;0;0;0;0;0;0;814;0;11;826;0;134;960
COOPERATIVA DE ECONOMIA E CREDITO MUTUO DOS EMPREGADOS DAS EMPRESAS PRESTADORAS DE SERVICOS DE AGUAS, ESGOTOS E SANEAMENTO DO ESTADO DO RIO DE JANEIRO LTDA;36246098;b3S;;I;2;RIO DE JANEIRO;RJ;12/2009;0;0;0;0;0;0;0;0;0;0;0;0;0;0;0;0;29;29;0;925;954
COOPERATIVA DE ECONOMIA E CRÉDITO MÚTUO DOS SERVIDORES DA UNIVERSIDADE ESTADUAL DO SUDOESTE DA BAHIA (UESB) - CREDIUESB;3606488;b3S;;I;2;VITORIA DA CONQUISTA;BA;12/2009;332;0;0;252;0;584;0;0;0;0;0;0;0;0;584;0;31;615;0;325;940
COOPERATIVA DE CRÉDITO RURAL COM INTERAÇÃO SOLIDÁRIA DE PONTE ALTA - CRESOL PONTE ALTA;9377504;b3S;;I;2;PONTE ALTA;SC;12/2009;215;0;0;299;0;514;0;0;0;0;0;0;0;222;736;0;11;746;0;188;934
COOPERATIVA DE ECONOMIA E CRÉDITO MÚTUO DOS COLABORADORES DA CIA MINEIRA DE ELETRICIDADE LTDA. - COMEL;21598032;b3S;;I;2;JUIZ DE FORA;MG;12/2009;0;0;0;237;0;237;0;0;0;0;0;0;0;341;578;0;40;618;0;312;931
NGO ASSOCIADOS CORRETORA DE CÂMBIO LTDA.;65635377;n2;;I;2;SAO PAULO;SP;12/2009;0;0;0;0;0;0;0;0;0;0;0;0;0;0;0;0;176;176;0;740;916
COOPERATIVA DE ECONOMIA E CRÉDITO MÚTUO DOS FUNCIONÁRIOS DAS INSTITUIÇÕES DE SERVIÇO SOCIAL AUTÔNOMOEM MANAUS LTDA.;2321862;b3S;;I;2;MANAUS;AM;12/2009;18;0;0;0;0;18;0;0;0;0;0;0;0;0;18;0;160;179;0;735;913
COOPERATIVA DE ECONOMIA E CRÉDITO MÚTUO DOS FUNCIONÁRIOS DA NGK - COOPERNGK;57687899;b3S;;I;2;MOGI DAS CRUZES;SP;12/2009;0;0;0;0;0;0;0;0;0;0;0;0;0;0;0;0;66;66;0;844;910
COOPERATIVA DE ECONOMIA E CRÉDITO MÚTUO DOS AUDITORES FISCAIS DA RECEITA FEDERAL DO BRASIL NO RIO DE JANEIRO LIMITADA - COAFBRAS.;4851405;b3S;;I;2;RIO DE JANEIRO;RJ;12/2009;0;0;0;0;0;0;0;0;0;0;0;0;0;0;0;0;52;52;0;857;910
LEANDRO E ASSOCIADOS CORRETORA DE CAMBIO E VALORES MOBILIARIOS LTDA.;42066258;n2;;I;2;SALVADOR;BA;12/2009;0;0;0;0;0;0;0;0;0;0;0;0;0;0;0;0;489;489;0;415;904
COOPERATIVA DE ECONOMIA E CRÉDITO MÚTUO DOS TRABALHADORES EM SANEAMENTO BÁSICO NO ESTADO DO ESPÍRITO SANTO - CECMESB-ES;27418557;b3S;;I;2;VITORIA;ES;12/2009;0;0;0;155;0;156;0;0;0;0;0;0;0;0;156;0;46;202;0;701;903
COOPERATIVA DE ECONOMIA E CREDITO MUTUO DOS EMPREGADOS DO GRUPO SAINT GOBAIN;88325097;b3S;;I;2;CANOAS;RS;12/2009;0;0;0;0;0;0;0;0;0;0;0;0;0;55;55;0;115;171;0;731;901
COOPERATIVA DE ECONOMIA E CRÉDITO MÚTUO DOS ENGENHEIROS, ARQUITETOS, AGRÔNOMOS E AFINS DO ESTADO DO RIO GRANDE DO SUL;9187555;b3S;;I;2;PORTO ALEGRE;RS;12/2009;260;0;0;526;0;786;0;0;0;0;0;0;0;0;786;0;12;798;0;102;901
COOPERATIVA DE ECONOMIA E CRÉDITO MÚTUO DOS SERVENTUÁRIOS DA CIMENTO TUPI S.A. E EMPRESAS COLIGADAS LTDA. - TUPICRED;19551787;b3S;;I;2;CARANDAI;MG;12/2009;0;0;0;0;0;0;0;0;0;0;0;0;0;0;0;0;81;81;0;819;900
COOPERATIVA DE ECONOMIA E CRÉDITO MÚTUO DOS EMPREGADOS DA DELPHOS LTDA.;29326816;b3S;;I;2;RIO DE JANEIRO;RJ;12/2009;0;0;0;59;57;117;0;0;0;0;0;0;0;0;117;0;170;286;0;610;897
COOPERATIVA DE ECONOMIA E CRÉDITO MÚTUO DOS FABRICANTES DE CALÇADOS DE SAPIRANGA LTDA.;5841967;b3S;;I;2;SAPIRANGA;RS;12/2009;166;0;0;1.184;0;1.350;0;0;0;0;0;0;0;46;1.396;0;25;1.421;0;-525;896
COOPERATIVA DE ECONOMIA E CRÉDITO MÚTUO DOS EMPREGADOS DA ASSOCIAÇÃO DOS FUNCIONÁRIOS PÚBLICOS DO ESTADO DE SÃO PAULO - CREDIAFPESP;1558716;b3S;;I;2;SAO PAULO;SP;12/2009;0;0;0;0;0;0;0;0;0;0;0;0;0;0;0;0;169;169;0;718;887
COOPERATIVA DE ECONOMIA E CRÉDITO MÚTUO DOS FUNCIONÁRIOS DO GRUPO VOTORANTIM LIMITADA.;75174953;b3S;;I;2;RIO BRANCO DO SUL;PR;12/2009;0;0;0;0;0;0;0;0;0;0;0;0;0;0;0;0;39;39;0;846;885
DECYSEO CORRETORA DE CAMBIO LTDA;94968518;n2;;I;2;PORTO ALEGRE;RS;12/2009;0;0;0;0;0;0;0;0;0;0;0;0;0;0;0;0;283;283;0;599;882
COOPERATIVA DE ECONOMIA E CRÉDITO MÚTUO DOS EMPREGADOS DA MABE CAMPINAS ELETRODOMÉSTICOS LTDA.;44589760;b3S;;I;2;CAMPINAS;SP;12/2009;0;0;0;0;0;0;0;0;0;0;0;0;0;0;0;0;33;33;0;845;878
MIDAS SOCIEDADE CORRETORA DE CÂMBIO S.A.;35602606;n2;;I;2;RIO DE JANEIRO;RJ;12/2009;0;0;0;0;0;0;0;0;0;0;0;0;0;0;0;0;526;526;0;351;877
CAIXA FORTE S/A. - CREDITO IMOBILIARIO;10336733;n1;;I;2;TERESINA;PI;12/2009;0;0;0;0;0;0;0;0;0;0;0;0;0;0;0;0;693;693;0;182;875
BOA VIAGEM SOCIEDADE CORRETORA DE CÂMBIO LTDA.;6373777;n2;;I;2;RECIFE;PE;12/2009;0;0;0;0;0;0;0;0;0;0;0;0;0;0;0;0;178;178;0;696;874
COOPERATIVA DE ECONOMIA E CREDITO MUTUO DOS FUNCIONARIOS DA FMC LTDA;42258376;b3S;;I;2;RIO DE JANEIRO;RJ;12/2009;0;0;0;0;0;0;0;0;0;0;0;0;0;0;0;0;173;173;0;688;861
CONSULTRADE-CORRETORA DE CAMBIO, TIT. E VAL. MOBIL. LTDA;17434432;n2;;I;2;BELO HORIZONTE;MG;12/2009;0;0;0;0;0;0;0;0;0;0;0;0;0;0;0;0;148;148;0;708;856
COOPERATIVA DE CRÉDITO MÚTUO DOS EMPRESÁRIOS DO CONE LESTE PAULISTA - SICREDI CONE LESTE SP;10400359;b3S;;I;2;TAUBATE;SP;12/2009;86;0;0;561;0;647;0;0;0;0;0;0;0;0;647;0;38;685;0;171;856
COOPERATIVA DE ECONOMIA E CRÉDITO MÚTUO DOS EMPREGADOS DA UNIFI - CREDIUNIFI;3685335;b3S;;I;2;SAO PAULO;SP;12/2009;0;0;0;0;0;0;0;0;0;0;0;0;0;0;0;0;34;34;0;812;847
COOPERATIVA DE CRÉDITO MÚTUO DOS FUNCIONÁRIOS DA CAMDA-COCREALPA - CREDI-CAMDA;5165103;b3S;;I;2;ADAMANTINA;SP;12/2009;0;0;0;0;0;0;0;0;0;0;0;0;0;0;0;0;40;40;0;802;842
GDC PARTNERS SERVIÇOS FIDUCIÁRIOS DISTRIBUIDORA DE TÍTULOS E VALORES MOBILIÁRIOS LTDA.;10749264;n2;;I;2;RIO DE JANEIRO;RJ;12/2009;0;0;0;0;0;0;0;0;0;0;0;0;0;0;0;0;92;92;0;747;839
CORRETORA AMAZONENSE DE CAMBIO LTDA.;4623781;n2;;I;2;MANAUS;AM;12/2009;0;0;0;0;0;0;0;0;0;0;0;0;0;0;0;0;29;29;0;805;834
COOPERATIVA DE ECONOMIA E CRÉDITO MÚTUO DOS EMPREGADOS DAS CIAS DE ECONOMIA MISTA E FUNDAÇÕES DA PREFEITURA MUNICIPAL DE BELÉM - COOPERCO;83321554;b3S;;I;2;BELEM;PA;12/2009;0;0;0;0;0;0;0;0;0;0;0;0;0;0;0;0;53;53;0;774;827
COOPERATIVA DE ECONOMIA E CRÉDITO MÚTUO DOS EMPREGADOS DA AREVA LTDA.;88043187;b3S;;I;2;CANOAS;RS;12/2009;0;0;0;81;0;81;0;0;0;0;0;0;0;0;81;0;85;166;0;660;826
COOPERATIVA DE ECONOMIA E CRÉDITO MÚTUO DOS SERVIDORES DA PREFEITURA MUNICIPAL DE VOTORANTIM;52137361;b3S;;I;2;VOTORANTIM;SP;12/2009;0;0;0;0;0;0;0;0;0;0;0;0;0;0;0;0;69;69;0;755;824
COOPERATIVA DE CRÉDITO MÚTUO DOS DISTRIBUIDORES DE BEBIDAS DO ESTADO DE SÃO PAULO - SICOOB CREDIBESP;7753938;b3S;;I;2;SAO PAULO;SP;12/2009;0;0;0;0;0;0;0;0;0;0;0;0;0;0;0;0;24;24;0;797;821
ORBIVAL CORRETORA DE CAMBIO E VALORES MOBILIARIOS LTDA;87530;n2;;I;2;PORTO ALEGRE;RS;12/2009;0;0;0;0;0;0;0;0;0;0;0;0;0;3;3;0;1.043;1.046;0;-226;820
CORREPARTI CORRETORA DE CAMBIO LTDA;80202872;n2;;I;2;CURITIBA;PR;12/2009;0;0;0;0;0;0;0;0;0;0;0;0;0;0;0;0;509;509;0;308;817
COOPERATIVA DE CRÉDITO MÚTUO DOS POLICIAIS FEDERAIS EM SERGIPE - FEDERALCRED;9586871;b3S;;I;2;ARACAJU;SE;12/2009;86;0;0;257;0;344;0;0;0;0;0;0;0;200;544;0;19;562;0;242;804
COOPERATIVA DE ECONOMIA E CRÉDITO MÚTUO DOS EMPREGADOS DA ELEKTRO;56396682;b3S;;I;2;RIO CLARO;SP;12/2009;0;0;0;0;0;0;0;0;0;0;0;0;0;13;13;0;42;56;0;742;797
COOPERATIVA DE ECONOMIA E CRÉDITO MÚTUO DOS SERVIDORES  ESTADUAIS DO PODER EXECUTIVO DO ESTADO DE RONDÔNIA - POLICREDI;2691100;b3S;;I;2;PORTO VELHO;RO;12/2009;173;0;0;610;0;783;0;0;0;0;0;0;0;0;783;0;247;1.030;0;-237;794
COOPERATIVA DE ECONOMIA E CRÉDITO MÚTUO DOS FUNCIONÁRIOS DA USINA SÃO CARLOS;2346466;b3S;;I;2;JABOTICABAL;SP;12/2009;0;0;0;0;0;0;0;0;0;0;0;0;0;0;0;0;52;52;0;742;793
COOPERATIVA DE ECONOMIA E CRÉDITO MÚTUO DOS COMERCIANTES DE DEPÓSITO DE MATERIAIS DE CONSTRUÇÃO DE CONTAGEM LTDA. - COOPERACIC;1663367;b3S;;I;2;CONTAGEM;MG;12/2009;239;0;0;265;0;504;0;0;0;0;0;0;0;0;504;0;23;527;0;264;791
COOPERATIVA DE CRÉDITO MÚTUO DOS EMPREGADOS DAS LOJAS MAIA -  COOPMAIA LTDA;2093154;b3S;;I;2;JOAO PESSOA;PB;12/2009;0;0;0;0;0;0;0;0;0;0;0;0;0;0;0;0;36;36;0;752;788
COOPERATIVA DE CRÉDITO RURAL DO AGRESTE ALAGOANO - COOPERAGRE;8482873;b3S;;I;2;IGACI;AL;12/2009;9;0;0;49;0;58;0;0;0;0;0;0;0;314;372;0;11;383;0;392;775
COOPERATIVA DE ECONOMIA E CRÉDITO MÚTUO DOS EMPREGADOS DA SUPERINTENDÊNCIA REGIONAL DE BELÉM DA COMPANHIA DE PESQUISA DE RECURSOS MINERAIS LTDA.;83327486;b3S;;I;2;BELEM;PA;12/2009;0;0;0;0;0;0;0;0;0;0;0;0;0;0;0;0;71;71;0;694;765
COOPERATIVA DE CRÉDITO MÚTUO DOS POLICIAIS FEDERAIS E SERVIDORES DA UNIÃO EM PERNAMBUCO - FEDERALCRED;10484001;b3S;;I;2;RECIFE;PE;12/2009;85;0;0;214;0;299;0;0;0;0;0;0;0;303;602;0;11;613;0;147;760
COOPERATIVA DE CRÉDITO RURAL DOS AGROPECUARISTAS DA REGIÃO DE PORTO FELIZ;50334234;b3S;;I;2;PORTO FELIZ;SP;12/2009;0;0;0;0;0;0;0;0;0;0;0;0;0;40;40;0;11;51;0;708;760
COOPERATIVA DE ECONOMIA E CRÉDITO MÚTUO DOS EMPRESÁRIOS DE LENÇÓIS PAULISTA - SICOOB CRED-ACILPA;9004796;b3S;;I;2;LENCOIS PAULISTA;SP;12/2009;255;0;0;178;4;437;0;0;0;0;0;0;0;17;454;0;56;509;0;247;756
CREDILON SOCIEDADE DE CREDITO AO MICROEMPREENDEDOR DA REGIAO DE LONDRINA LTDA;4223451;n1;;I;2;LONDRINA;PR;12/2009;0;0;0;0;0;0;0;0;0;0;0;0;0;370;370;0;16;386;0;358;744
COOPERATIVA DE CRÉDITO MÚTUO DOS EMPREGADOS DAS INDÚSTRIAS DO PAPEL, PAPELÃO E CORTIÇA DE OTACÍLIO COSTA, LAGES E CORREA PINTO - PAPELCREDI;6369729;b3S;;I;2;OTACILIO COSTA;SC;12/2009;0;0;0;385;0;385;0;0;0;0;0;0;0;37;423;0;11;433;0;310;744
COOPERATIVA DE CRÉDITO RURAL DO SERTÃO ALAGOANO - COCREAL;7564184;b3S;;I;2;PAO DE ACUCAR;AL;12/2009;46;0;0;233;0;280;0;0;0;0;0;0;0;95;375;0;5;380;0;357;737
VALOR - SOCIEDADE DE CRÉDITO AO MICROEMPREENDEDOR LTDA.;7799277;n1;;I;2;SAO PAULO;SP;12/2009;0;0;0;0;0;0;0;0;0;0;0;0;0;0;0;0;461;461;0;262;723
COOPERATIVA DE CRÉDITO MÚTUO DOS FUNCIONÁRIOS DA FÁBRICA DE CIMENTO VOTORAN;45421856;b3S;;I;2;VOTORANTIM;SP;12/2009;0;0;0;0;0;0;0;0;0;0;0;0;0;0;0;0;299;299;0;421;721
COOPERATIVA DE ECONOMIA E CRÉDITO MÚTUO DOS LOJISTAS DO VESTUÁRIO EM GERAL DO MUNICÍPIO DO RIO DE JANEIRO LTDA.;5600427;b3S;;I;2;RIO DE JANEIRO;RJ;12/2009;178;0;0;279;0;457;0;0;0;0;0;0;0;0;457;0;54;512;0;206;718
COOPERATIVA DE ECONOMIA E CREDITO MUTUO DOS EMPREGADOS DA NOVA AMERICA AGROENERGIA LTDA;33370172;b3S;;I;2;RIO DE JANEIRO;RJ;12/2009;0;0;0;0;0;0;0;0;0;0;0;0;0;0;0;0;241;241;0;472;712
COOPESA-COOPERATIVA DE ECONOMIA E CREDITO MUTUO DOS FUNCIONARIOS DA COESA TRNSPORTES E EMPRESAS COLIGADAS LTDA;68848563;b3S;;I;2;SAO GONCALO;RJ;12/2009;0;0;0;0;0;0;0;0;0;0;0;0;0;0;0;0;108;108;0;589;697
COOPERATIVA DE CRÉDITO MÚTUO DOS FUNCIONÁRIOS DA FIEP, SESI, SENAI E IEL - CREDFISP LTDA.;5747018;b3S;;I;2;CAMPINA GRANDE;PB;12/2009;0;0;0;0;0;0;0;0;0;0;0;0;0;0;0;0;27;27;0;669;696
COOPERATIVA DE ECONOMIA E CRÉDITO MÚTUO DOS EMPREGADOS DAS EMPRESAS DE REDUTORES DE TRANSMISSÃO DO ESTADO DE SÃO PAULO - COOPER-PTI;62035456;b3S;;I;2;SAO PAULO;SP;12/2009;0;0;0;0;0;0;0;0;0;0;0;0;0;0;0;0;21;21;0;672;692
BOM CRÉDITO - SOCIEDADE DE CRÉDITO AO MICROEMPREENDEDOR LTDA.;5669150;n1;;I;2;VOLTA REDONDA;RJ;12/2009;0;0;0;0;0;0;0;0;0;0;0;0;0;280;280;0;11;291;0;401;692
CREDEXTRA - COOPERATIVA DE ECONOMIA E CRÉDITO MÚTUO DOS EMPREGADOS DA REALMAR DISTRIBUIDORA LTDA;4899135;b3S;;I;2;VITORIA;ES;12/2009;0;0;0;10;0;10;0;0;0;0;0;0;0;0;10;0;135;145;0;545;690
COOPERATIVA DE ECONOMIA E CRÉDITO MÚTUO DOS EMPRESÁRIOS DE CAMPINAS - SICOOB ACICOOP;7996099;b3S;;I;2;CAMPINAS;SP;12/2009;126;0;0;24;51;201;0;0;0;0;0;0;0;0;201;0;356;557;0;131;688
COOPERDADOS  - COOPERATIVA DE ECONOMIA E CRÉDITO MÚTUO DOS EMPREGADOS DA EMPRESA DE PROCESSAMENTO DADOS DO ESTADO DO PARÁ LTDA;83383042;b3S;;I;2;BELEM;PA;12/2009;0;0;0;0;0;0;0;0;0;0;0;0;0;0;0;0;20;20;0;658;678
COOPERATIVA DE CRÉDITO MÚTUO DOS POLICIAIS FEDERAIS NA BAHIA - FEDERALCRED;9599126;b3S;;I;2;SALVADOR;BA;12/2009;117;0;0;221;0;339;0;0;0;0;0;0;0;64;403;0;15;418;0;259;677
KRAUS - SOCIEDADE CORRETORA DE CÂMBIO LTDA.;34266668;n2;;I;2;RIO DE JANEIRO;RJ;12/2009;0;0;0;0;0;0;0;0;0;0;0;0;0;0;0;0;49;49;0;621;670
COOPERATIVA DE CRÉDITO MÚTUO DOS SERVIDORES E MAGISTRADOS DO JUDICIÁRIO FEDERAL DO ESTADO DE SÃO PAULO - COOPERJUSP;2899661;b3S;;I;2;CAMPINAS;SP;12/2009;0;0;0;137;0;137;0;0;0;0;0;0;0;0;137;0;58;195;0;474;668
COOPERATIVA DE ECONOMIA E CREDITO MUTUO DOS EMPREGADOS DO GRUPO JOSE NEFFA LTDA;29985421;b3S;;I;2;VITORIA;ES;12/2009;0;0;0;0;0;0;0;0;0;0;0;0;0;0;0;0;57;57;0;612;668
COOPERATIVA DE CRÉDITO MÚTUO DOS FUNCIONÁRIOS DA NOVELIS ARATU;13056056;b3S;;I;2;CANDEIAS;BA;12/2009;0;0;0;0;0;0;0;0;0;0;0;0;0;0;0;0;155;155;0;510;665
COOPERATIVA DE ECONOMIA E CRÉDITO MÚTUO DOS EMPREGADOS DA EMPRESA SUPERMERCADOS JAU SERVE - COOPERJS;3400651;b3S;;I;2;JAU;SP;12/2009;0;0;0;0;0;0;0;0;0;0;0;0;0;0;0;0;39;39;0;615;653
COOPERATIVA DE ECONOMIA E CRÉDITO MÚTUO DOS FUNCIONÁRIOS DA ASSOCIAÇÃO RESIDENCIAL E EMPRESARIAL ALPHAVILLE;3058603;b3S;;I;2;BARUERI;SP;12/2009;0;0;0;0;0;0;0;0;0;0;0;0;0;0;0;0;17;17;0;626;643
COOPERATIVA DE ECONOMIA E CRÉDITO MÚTUO DOS BANCÁRIOS DE BELO HORIZONTE E REGIÃO METROPOLITANA LTDA. - COOPEB;71502181;b3S;;I;2;BELO HORIZONTE;MG;12/2009;0;0;0;0;0;0;0;0;0;0;0;0;0;0;0;0;80;80;0;560;640
COOPERATIVA DE ECONOMIA E CREDITO MUTUO DOS SERVIDORES DOS ORGAOS DO MINISTERIO DA SAUDE NO ESTADO DO RIO DE JANEIRO - CREDISAU;2966385;b3S;;I;2;RIO DE JANEIRO;RJ;12/2009;0;0;0;0;0;0;0;0;0;0;0;0;0;0;0;0;121;121;0;517;638
COOPERATIVA DE ECONOMIA E CRÉDITO MÚTUO DOS EMPREGADOS DO SEBRAE BAHIA - COOPSOL;5658367;b3S;;I;2;SALVADOR;BA;12/2009;8;0;0;0;0;8;0;0;0;0;0;0;0;7;15;0;13;29;0;606;634
TURMALINA CORRETORA DE CÂMBIO LTDA;10853017;n2;;I;2;SAO PAULO;SP;12/2009;0;0;0;0;0;0;0;0;0;0;0;0;0;0;0;0;101;101;0;533;634
COOPERATIVA DE ECONOMIA E CRÉDITO MÚTUO DOS PROFESSORES E DEMAIS PROFISSIONAIS DA ÁREA DE EDUCAÇÃO DO MUNICÍPIO DE BELÉM - SICOOB-EDUC-PARÁ;5235613;b3S;;I;2;BELEM;PA;12/2009;0;0;0;162;77;239;0;0;0;0;0;0;0;0;239;0;106;346;0;285;631
FUTURA SOCIEDADE DE CREDITO AO MICROEMPREENDEDOR LTDA.;6039009;n1;;I;2;JOAO PESSOA;PB;12/2009;0;0;0;0;0;0;0;0;0;0;0;0;0;0;0;0;8;8;0;614;623
BRASIL CENTRAL S.A. DISTRIBUIDORA DE TIT. E VAL. MOBILIARIOS;33488222;n2;;I;2;RIO DE JANEIRO;RJ;12/2009;0;0;0;0;0;0;0;0;0;0;0;0;0;0;0;0;53;53;0;562;615
COOPERATIVA DE ECONOMIA E CRÉDITO MÚTUO DOS TRABALHADORES EM ENSINO NO DISTRITO FEDERAL-CRÉD-ENSINO;3323621;b3S;;I;2;BRASILIA;DF;12/2009;0;0;0;0;0;0;0;0;0;0;0;0;0;10;10;0;66;76;0;540;615
COOPERATIVA DE CRÉDITO MÚTUO DOS DESPACHANTES DOCUMENTALISTAS DO ESTADO DE SÃO PAULO - COOPERDESP;7839980;b3S;;I;2;CAMPINAS;SP;12/2009;86;0;0;438;1;525;0;0;0;0;0;0;0;40;565;0;1;566;0;47;613
COIPA - COOPERATIVA DE ECONOMIA E CRÉDITO MÚTUO DOS SERVIDORES DO IBGE NO ESTADO DO PARÁ LTDA;83838813;b3S;;I;2;BELEM;PA;12/2009;0;0;0;0;0;0;0;0;0;0;0;0;0;25;25;0;31;57;0;552;609
COOPERATIVA DE ECONOMIA E CRÉDITO MÚTUO DOS FUNCIONÁRIOS DE BRINQUEDOS BANDEIRANTE;62278809;b3S;;I;2;FERRAZ DE VASCONCELOS;SP;12/2009;0;0;0;0;0;0;0;0;0;0;0;0;0;0;0;0;59;59;0;545;604
COOPERATIVA DE ECONOMIA E CRÉDITO MÚTUO DOS FUNCIONÁRIOS DO BANESPA DE BOTUCATU E CIDADES LIMÍTROFES;3219207;b3S;;I;2;BOTUCATU;SP;12/2009;0;0;0;0;0;0;0;0;0;0;0;0;0;0;0;0;4;4;0;599;602
COOPERATIVA DE ECONOMIA E CRÉDITO MÚTUO DOS FUNCIONÁRIOS DO GRUPO MONTECITRUS;74256983;b3S;;I;2;MONTE AZUL PAULISTA;SP;12/2009;0;0;0;0;0;0;0;0;0;0;0;0;0;0;0;0;20;20;0;580;600
COOPERATIVA DE ECONOMIA E CRÉDITO MÚTUO DOS REPRESENTANTES COMERCIAIS AUTÔNOMOS DE ROUPAS, TECIDOS E ARTIGOS DE VESTUÁRIOS DO RIO DE JANEIRO LTDA. - CCVA;1670206;b3S;;I;2;RIO DE JANEIRO;RJ;12/2009;214;0;0;0;0;214;0;0;0;0;0;0;0;582;796;0;81;877;0;-302;576
VISION S.A. CORRETORA DE CAMBIO;4062902;n2;;I;2;SAO PAULO;SP;12/2009;0;0;0;0;0;0;0;0;0;0;0;0;0;0;0;0;177;177;0;396;573
COOPERATIVA DE ECONOMIA E CREDITO MUTUO DOS EMPREGADOS DO GRUPO USINA PAINEIRAS LTDA - CRED-PAN;27140946;b3S;;I;2;ITAPEMIRIM;ES;12/2009;0;0;0;0;0;0;0;0;0;0;0;0;0;2;2;0;11;13;0;559;572
COOPERATIVA DE ECONOMIA E CRÉDITO MÚTUO DOS TRABALHADORES DA COOPER STANDARD AUTOMOTIVE BRASIL SEALING LTDA. E FLUID SYSTEMS LTDA.;4464352;b3S;;I;2;VARGINHA;MG;12/2009;0;0;0;0;0;0;0;0;0;0;0;0;0;0;0;0;4;4;0;566;570
COOPERATIVA DE CRÉDITO MÚTUO DOS TRABALHADORES DO SETOR AEROESPACIAL DE SÃO JOSE DOS CAMPOS - COSAE;8227676;b3S;;I;2;SAO JOSE DOS CAMPOS;SP;12/2009;0;0;0;11;0;11;0;0;0;0;0;0;0;60;71;0;39;110;0;458;568
COOPERATIVA DE CRÉDITO RURAL DA AGRICULTURA FAMILIAR E ECONOMIA SOLIDÁRIA DE SILVÂNIA-GO;8178439;b3S;;I;2;SILVANIA;GO;12/2009;68;0;0;261;0;328;0;0;0;0;0;0;0;0;328;0;11;340;0;216;556
COOPERATIVA DE CRÉDITO RURAL DE ITABUNA LTDA;16357832;b3S;;I;2;ITABUNA;BA;12/2009;2;0;0;0;0;2;0;0;0;0;0;0;0;343;345;0;1;347;0;205;552
LIBERTY - SOCIEDADE DE CRÉDITO AO MICROEMPREENDEDOR LTDA;5232450;n1;;I;2;MARINGA;PR;12/2009;0;0;0;0;0;0;0;0;0;0;0;0;0;0;0;0;3;3;78;467;548
COOPERATIVA DE ECONOMIA E CRÉDITO MÚTUO DOS SERVIDORES DA ADMINISTRAÇÃO PÚBLICA MUNICIPAL DE PORTO ALEGRE;5460750;b3S;;I;2;PORTO ALEGRE;RS;12/2009;0;0;0;0;0;0;0;0;0;0;0;0;0;0;0;0;157;157;0;386;543
COOPERATIVA DE CRÉDITO MÚTUO DOS SERVIDORES MUNICIPAIS DE BEBEDOURO - COOCRESB.;5969937;b3S;;I;2;BEBEDOURO;SP;12/2009;0;0;0;27;0;27;0;0;0;0;0;0;0;81;108;0;9;117;0;423;540
COOPERATIVA DE ECONOMIA E CREDITO MUTUO DOS EMPREGADOS DA TEADIT E OUTRAS EMPRESAS ASSOCIADAS LTDA;27669753;b3S;;I;2;RIO DE JANEIRO;RJ;12/2009;0;0;0;0;0;0;0;0;0;0;0;0;0;0;0;0;90;90;0;448;538
COOPERATIVA DE ECONOMIA E CRÉDITO MÚTUO DOS EMPREGADOS DA FUNDAÇÃO ARTHUR BERNARDES LTDA. - COOFAB;2738981;b3S;;I;2;VICOSA;MG;12/2009;0;0;0;0;0;0;0;0;0;0;0;0;0;0;0;0;40;40;0;494;534
COOPERATIVA DE ECONOMIA E CRÉDITO MÚTUO DOS MICRO E PEQUENOS EMPRESÁRIOS E MICROEMPREENDEDORES DE CABREÚVA E LOUVEIRA - SICOOB CREDESP;8541626;b3S;;I;2;CABREUVA;SP;12/2009;202;0;0;236;25;463;0;0;0;0;0;0;0;10;473;0;94;567;0;-42;525
COOPERATIVA DE ECONOMIA E CREDITO MUTUO DOS SERVIDORES DO INCRA LTDA;34045930;b3S;;I;2;RIO DE JANEIRO;RJ;12/2009;0;0;0;0;0;0;0;0;0;0;0;0;0;0;0;0;90;90;0;422;512
ONNIX CORRETORA DE CÂMBIO LTDA.;7333726;n2;;I;2;PORTO ALEGRE;RS;12/2009;0;0;0;0;0;0;0;0;0;0;0;0;0;0;0;0;116;116;0;395;511
COOPERATIVA DE ECONOMIA E CRÉDITO MÚTUO DOS FABRICANTES DE CALÇADOS DO VALE DO RIO DOS SINOS LTDA;5690951;b3S;;I;2;NOVO HAMBURGO;RS;12/2009;259;0;0;579;0;838;0;0;0;0;0;0;0;36;874;0;195;1.069;0;-562;507
COOPERATIVA DE CRÉDITO DA AGRICULTURA FAMILIAR E ECONOMIA SOLIDARIA DA ZONA DA MATA E LESTE DE MINAS GERAIS-ECOSOL;7208637;b3S;;I;2;TOMBOS;MG;12/2009;4;0;0;344;0;348;0;0;0;0;0;0;0;0;348;0;3;350;0;156;506
COOPERATIVA DE ECONOMIA E CREDITO MUTUO DOS EMPREGADOS EM ESTABELECIMENTOS PRIVADOS DE ENSINO DO MUNICIPIO DO RIO DE JANEIRO LTDA.;3011222;b3S;;I;2;RIO DE JANEIRO;RJ;12/2009;0;0;0;24;0;24;0;0;0;0;0;0;0;0;24;0;80;104;0;392;495
COOPERATIVA DE CRÉDITO RURAL DE DESENVOLVIMENTO SOLIDÁRIO DE MUQUI - CREDSOL MUQUI;7707311;b3S;;I;2;MUQUI;ES;12/2009;93;0;0;273;0;366;0;0;0;0;0;0;0;0;366;0;5;371;0;120;491
COOPERATIVA DE CRÉDITO MÚTUO DOS SERVIDORES PÚBLICOS MUNICIPAIS DE JABOTICABAL - COOPERSERV;881829;b3S;;I;2;JABOTICABAL;SP;12/2009;1;0;0;0;0;1;0;0;0;0;0;0;0;46;47;0;251;297;0;190;488
COOPERATIVA DE ECONOMIA E CREDITO MUTUO DOS EMPREGADOS NAS INDUSTRIAS QUIMICAS, FARMACEUTICAS E SIMILARES DA REGIAO METROPOLITANA DO RIO DE JANEIRO LTDA;5424088;b3S;;I;2;SAO GONCALO;RJ;12/2009;0;0;0;0;0;0;0;0;0;0;0;0;0;0;0;0;55;55;0;428;483
COOPERATIVA DE ECONOMIA E CRÉDITO MÚTUO DOS EMPREGADOS DA BORCOL;73156218;b3S;;I;2;SOROCABA;SP;12/2009;0;0;0;0;0;0;0;0;0;0;0;0;0;0;0;0;37;37;0;441;478
COOPERATIVA DE ECONOMIA E CREDITO MUTUO DOS FUNCIONARIOS DA EVANIL - COOFE;2825208;b3S;;I;2;NOVA IGUACU;RJ;12/2009;0;0;0;0;0;0;0;0;0;0;0;0;0;0;0;0;8;8;0;466;474
FINACRED - SOCIEDADE DE CREDITO AO MICROEMPREENDEDOR LTDA.;4275302;n1;;I;2;SAO PAULO;SP;12/2009;0;0;0;0;0;0;0;0;0;0;0;0;0;0;0;0;2;2;0;470;472
COOPERATIVA DE ECONOMIA E CRÉDITO MÚTUO DOS BANCÁRIOS DO TRIÂNGULO LTDA.;1301541;b3S;;I;2;UBERLANDIA;MG;12/2009;5;0;0;120;0;125;0;0;0;0;0;0;0;0;125;0;21;146;0;318;464
COOPERATIVA DE ECONOMIA E CRÉDITO MÚTUO DOS EMPREGADOS DA USIPARTS;59301762;b3S;;I;2;POUSO ALEGRE;MG;12/2009;0;0;0;0;0;0;0;0;0;0;0;0;0;0;0;0;3;3;0;460;463
COOPERATIVA DE ECONOMIA E CRÉDITO MÚTUO DOS FUNCIONÁRIOS DO GRUPO PAES MENDONÇA LTDA - COPAME;14437875;b3S;;I;2;SALVADOR;BA;12/2009;0;0;0;0;0;0;0;0;0;0;0;0;0;0;0;0;131;131;0;328;459
COOPERATIVA DE ECONOMIA E CRÉDITO MÚTUO DOS MILITARES E DEMAIS SERV. DOS ÓRGÃOS FEDERAIS E ESTADUAIS DA SEG.PÚBLICA, DA ADMINISTRAÇÃO, DO PLANEJ.E DOS ORGÃOS VINCULADOS DE MANAUS LTDA-MILICRED MANAUS;7950031;b3S;;I;2;MANAUS;AM;12/2009;4;0;0;92;0;96;0;0;0;0;0;0;0;0;96;0;53;149;0;296;445
COOPERATIVA DE ECONOMIA E CREDITO MUTUO DOS FUNCIONARIOS DO GRUPO HELIO ALONSO-COOPERHA-LTDA;2786691;b3S;;I;2;RIO DE JANEIRO;RJ;12/2009;0;0;0;0;0;0;0;0;0;0;0;0;0;0;0;0;52;52;0;388;440
COOPERATIVA DE ECONOMIA E CREDITO MUTUO DOS SERVIDORES DA SECRETARIA DE AGRICULTURA DO ESTADO DO PARA LTDA. SICOOB SAGRI;83663575;b3S;;I;2;BELEM;PA;12/2009;0;0;0;0;0;0;0;0;0;0;0;0;0;25;25;0;31;56;0;382;438
COOPERATIVA DE ECONOMIA E CRÉDITO MÚTUO DOS EMPREGADOS DAS EMPRESAS SOMART LTDA.;129753;b3S;;I;2;URUCANIA;MG;12/2009;0;0;0;0;0;0;0;0;0;0;0;0;0;0;0;0;16;16;0;417;433
COOPERATIVA DE ECONOMIA E CREDITO MUTUO DOS PROFESSORES ESTADUAIS DA REGIAO METROPOLITANA DE PORTO ALEGRE;5419025;b3S;;I;2;PORTO ALEGRE;RS;12/2009;0;0;0;304;0;304;0;0;0;0;0;0;0;49;353;0;11;364;0;69;433
FACILICRED SOCIEDADE DE CRÉDITO AO MICROEMPREENDEDOR LTDA;4849745;n1;;I;2;CURITIBA;PR;12/2009;0;0;0;0;0;0;0;0;0;0;0;0;0;0;0;0;6;6;0;421;427
DISTRI-CASH DISTRIBUIDORA DE TÍTULOS E VALORES MOBILIÁRIOS LTDA;10838114;n2;;I;2;POCOS DE CALDAS;MG;12/2009;0;0;0;0;0;0;0;0;0;0;0;0;0;0;0;0;9;9;0;415;425
AVIPAM CORRETORA DE CAMBIO LTDA.;3443143;n2;;I;2;RIO DE JANEIRO;RJ;12/2009;0;0;0;0;0;0;0;0;0;0;0;0;0;0;0;0;8;8;0;405;414
FIDUCIAL DISTRIBUIDORA DE TÍTULOS E VALORES MOBILIÁRIOS LTDA.;10280601;n2;;I;2;BELO HORIZONTE;MG;12/2009;0;0;0;0;0;0;0;0;0;0;0;0;0;0;0;0;25;25;0;388;412
SICOOB COOPEA - COOPERATIVA DE ECONOMIA E CRÉDITO MÚTUO DOS SERVIDORES DA CEPLAC NA AMAZÔNIA ORIENTAL LTDA.;484473;b3S;;I;2;BELEM;PA;12/2009;0;0;0;0;0;0;0;0;0;0;0;0;0;0;0;0;27;27;0;385;412
COOPERATIVA DE CRÉDITO MÚTUO DOS ESTIVADORES DE ITAJAÍ - ESTIVACREDI;7286250;b3S;;I;2;ITAJAI;SC;12/2009;28;0;0;26;0;54;0;0;0;0;0;0;0;0;54;0;86;140;0;265;405
COOPERATIVA DE CREDITO RURAL CONQUISTA DE FRIBURGO LTDA.;852242;b3S;;I;2;NOVA FRIBURGO;RJ;12/2009;272;0;0;0;0;272;0;0;0;0;0;0;0;0;272;0;38;310;0;93;403
COOPERATIVA DE CRÉDITO MÚTUO DOS SERVIDORES PÚBLICOS AUTÁRQUICOS E CÂMARA MUNICIPAL DE MAUÁ - MAUACOOPER;1582068;b3S;;I;2;MAUA;SP;12/2009;0;0;0;0;0;0;0;0;0;0;0;0;0;0;0;0;15;15;0;382;397
COOPERATIVA DE ECONOMIA E CRÉDITO MÚTUO DOS FUNCIONÁRIOS DA VB TRANSPORTES E TURISMO;51920502;b3S;;I;2;CAMPINAS;SP;12/2009;0;0;0;0;0;0;0;0;0;0;0;0;0;0;0;0;49;49;0;347;396
COOPERATIVA DE CRÉDITO RURAL DE ECONOMIA SOLIDÁRIA DE OLIVEIRA DOS BREJINHOS - ECOSOL/OLIVEIRA DOS BREJINHOS;5428587;b3S;;I;2;OLIVEIRA DOS BREJINHOS;BA;12/2009;0;0;0;235;0;235;0;0;0;0;0;0;0;0;235;0;23;258;0;137;396
COOPERATIVA DE ECONOMIA E CREDITO MUTUO DOS FUNCIONARIOS DO GRUPO PROGRESSO LTDA - PROCRED;2931166;b3S;;I;2;TRES RIOS;RJ;12/2009;0;0;0;0;0;0;0;0;0;0;0;0;0;0;0;0;28;28;0;368;395
NOVO NORTE CORRETORA DE CAMBIO LTDA;61802955;n2;;I;2;SAO PAULO;SP;12/2009;0;0;0;0;0;0;0;0;0;0;0;0;0;0;0;0;71;71;0;322;392
COOPERATIVA DE ECONOMIA E CRÉDITO MÚTUO DOS FUNCIONÁRIOS DA BULK MOLDING COMPOUNDS DO BRASIL INDÚSTRIA DE PLÁSTICOS REFORÇADOS;2541707;b3S;;I;2;RIO CLARO;SP;12/2009;0;0;0;0;0;0;0;0;0;0;0;0;0;24;24;0;17;41;0;347;388
COOPERATIVA DE CRÉDITO RURAL DE ECONOMIA SOLIDÁRIA DO PAJEÚ - ECOSOL PAJEÚ;5094985;b3S;;I;2;TABIRA;PE;12/2009;0;0;0;119;0;119;0;0;0;0;0;0;0;65;184;0;9;192;0;194;386
COOPERATIVA DE ECONOMIA E CRÉDITO MÚTUO DOS FUNCIONÁRIOS DO GRUPO GARDÊNIA LTDA. - COOPERGARDÊNIA;1499278;b3S;;I;2;POUSO ALEGRE;MG;12/2009;0;0;0;0;0;0;0;0;0;0;0;0;0;0;0;0;55;55;0;328;383
COOPERATIVA DE CRÉDITO MÚTUO DOS EMPREGADOS NA CAIXA ECONÔMICA FEDERAL NO ESTADO DE SÃO PAULO - APCEFCREDI-SP;7814673;b3S;;I;2;SAO PAULO;SP;12/2009;0;0;0;57;0;57;0;0;0;0;0;0;0;0;57;0;10;67;0;307;374
COOPERATIVA DE ECONOMIA E CREDITO MUTUO DOS FUNCIONARIOS DA SANEPAR - CREDISANEPAR;3165497;b3S;;I;2;CASCAVEL;PR;12/2009;12;0;0;81;1;95;0;0;0;0;0;0;0;0;95;0;34;129;0;241;370
COOPERATIVA DE CRÉDITO RURAL COM INTERAÇÃO SOLIDÁRIA DE ADRIANÓPOLIS - CRESOL ADRIANÓPOLIS;7396258;b3S;;I;2;ADRIANOPOLIS;PR;12/2009;67;0;0;0;0;67;0;0;0;0;0;0;0;189;256;0;261;517;0;-156;361
COOPERATIVA DE ECONOMIA E CRÉDITO MÚTUO DOS TRABALHADORES DO MOINHO SUL MINEIRO S.A. LTDA. -  CREDISULMINEIRO;16599441;b3S;;I;2;VARGINHA;MG;12/2009;0;0;0;0;0;0;0;0;0;0;0;0;0;0;0;0;8;8;0;347;355
COOPERATIVA DE ECONOMIA E CRÉDITO MÚTUO DOS EMPREGADOS DA ALCOA;1346674;b3S;;I;2;SANTO ANDRE;SP;12/2009;0;0;0;0;0;0;0;0;0;0;0;0;0;9;9;0;26;35;0;314;349
CORPAL SOCIEDADE DE CRÉDITO AO MICROEMPREENDEDOR S.A.;7327045;n1;;I;2;DOURADOS;MS;12/2009;0;0;0;0;0;0;0;0;0;0;0;0;0;0;0;0;67;67;0;279;346
LABOR SOCIEDADE CORRETORA DE CÂMBIO LTDA.;6132348;n2;;I;2;RECIFE;PE;12/2009;0;0;0;0;0;0;0;0;0;0;0;0;0;0;0;0;36;36;0;307;343
COOPERATIVA DE ECONOMIA E CRÉDITO MÚTUO DOS MILITARES E SERVIDORES PÚBLICOS DO VALE DO IGUAÇU (CREDIMILSUL);5462911;b3S;;I;2;PORTO UNIAO;SC;12/2009;0;0;0;0;0;0;0;0;0;0;0;0;0;0;0;0;51;51;0;288;339
COOPERATIVA DE ECONOMIA E CREDITO MUTUO DOS EMPREGADOS NAS IND.QUIM.FARMAC.E SIMILARES DO SUL FLUMINENSE LTDA;3780968;b3S;;I;2;RESENDE;RJ;12/2009;0;0;0;240;0;240;0;0;0;0;0;0;0;0;240;0;9;249;0;87;336
COOPERATIVA DE ECONOMIA E CRÉDITO DOS TRABALHADORES METRO-FERROVIÁRIOS E AEROVIÁRIOS DE PORTO ALEGRE E REGIÃO - COOPTRANS;5950221;b3S;;I;2;PORTO ALEGRE;RS;12/2009;0;0;0;312;0;312;0;0;0;0;0;0;0;5;317;0;19;336;0;-5;330
COOPERATIVA DE CREDITO MUTUO DOS EMPREGADOS EM SERVICOS PUBLICOS DO RIO DE JANEIRO LTDA;33502345;b3S;;I;2;RIO DE JANEIRO;RJ;12/2009;4;0;0;0;0;4;0;0;0;0;0;0;0;0;4;0;64;68;0;259;327
COOPERATIVA DE CRÉDITO MÚTUO DOS EMPREGADOS DA ARKEMA QUÍMICA, ATOTECH DO BRASIL, TREBOL BRASIL, RESINAS INTERNACIONAIS E TOTAL LUBRIFICANTE DO BRASIL - CREDIQUÍMICA;1535631;b3S;;I;2;SAO PAULO;SP;12/2009;0;0;0;0;0;0;0;0;0;0;0;0;0;0;0;0;23;23;0;303;326
COOPERATIVA DE ECONOMIA E CRÉDITO MÚTUO DOS TRABALHADORES NA ALLIEDSIGNAL;46037073;b3S;;I;2;SOROCABA;SP;12/2009;0;0;0;0;0;0;0;0;0;0;0;0;0;20;20;0;9;29;0;296;326
FINCRED - SOCIEDADE DE CRÉDITO AO MICROEMPREENDEDOR LTDA;5147693;n1;;I;2;LONDRINA;PR;12/2009;0;0;0;0;0;0;0;0;0;0;0;0;0;0;0;0;14;14;3;308;326
COOPERATIVA DE ECONOMIA E CRÉDITO MÚTUO DOS TRABALHADORES EM EMPRESAS DE TRANSPORTES COLETIVOS URBANOS DE PASSAGEIROS DE PORTO ALEGRE - COOPCREDIRODOVIÁRIOS;5579939;b3S;;I;2;PORTO ALEGRE;RS;12/2009;0;0;0;156;0;156;0;0;0;0;0;0;0;0;156;0;16;171;0;155;326
COOPERATIVA DE ECONOMIA E CRÉDITO MÚTUO DOS EMPREGADOS DA INDÚSTRIA DE PAPÉIS SUDESTE LTDA . - CREDESTE;18340695;b3S;;I;2;JUIZ DE FORA;MG;12/2009;0;0;0;23;0;23;0;0;0;0;0;0;0;0;23;0;81;105;0;214;319
EXIM CORRETORA DE CAMBIO LTDA;73302408;n2;;I;2;PORTO ALEGRE;RS;12/2009;0;0;0;0;0;0;0;0;0;0;0;0;0;0;0;0;3;3;0;315;318
COOPERATIVA DE CRÉDITO SOLIDÁRIO DA AGRICULTURA FAMILIAR DO OESTE POTIGUAR - CREDIOESTE-SOL;8418804;b3S;;I;2;APODI;RN;12/2009;202;0;0;20;0;222;0;0;0;0;0;0;0;58;280;0;4;284;0;31;315
TLACH CORRETORA DE CAMBIO LTDA;35028018;n2;;I;2;SANTO ANDRE;SP;12/2009;0;0;0;0;0;0;0;0;0;0;0;0;0;0;0;0;153;153;0;162;315
COOPERATIVA DE CRÉDITO RURAL COM INTERAÇÃO SOLIDÁRIA DE CORONEL DOMINGOS SOARES - CRESOL CORONEL DOMINGOS SOARES;7286011;b3S;;I;2;CORONEL DOMINGOS SOARES;PR;12/2009;8;0;0;0;2;9;0;0;0;0;0;0;0;0;9;0;245;254;0;58;313
COOPERATIVA DE ECONOMIA E CREDITO MUTUO DOS EMPREGADOS DA ALCALIS LTDA;28850485;b3S;;I;2;ARRAIAL DO CABO;RJ;12/2009;0;0;0;0;0;0;0;0;0;0;0;0;0;0;0;0;324;324;0;-31;293
AJB CRED   SOCIEDADE DE CRÉDITO AO MICROEMPREENDEDOR E À EMPRESA DE PEQUENO PORTE LTDA.;10494944;n1;;I;2;FLORIANOPOLIS;SC;12/2009;0;0;0;0;0;0;0;0;0;0;0;0;0;0;0;0;18;18;0;273;291
KANA FIN SOCIEDADE DE CREDITO AO MICROEMPREENDEDOR LTDA.;4986548;n1;;I;2;RECIFE;PE;12/2009;0;0;0;0;0;0;0;0;0;0;0;0;0;0;0;0;13;13;0;275;289
COOPERATIVA DE CRÉDITO RURAL BARRA DO CHOÇA LTDA. - CREDIBARRA;3071386;b3S;;I;2;BARRA DO CHOCA;BA;12/2009;449;0;0;125;0;574;0;0;0;0;0;0;0;0;574;0;30;604;0;-316;288
COOPERATIVA DE CRÉDITO MÚTUO DOS SERVIDORES PUBLICOS DE MINEIROS/GOIÁS;7226799;b3S;;I;2;MINEIROS;GO;12/2009;74;0;0;64;0;139;0;0;0;0;0;0;0;0;139;0;26;164;0;124;288
CENTRAL DAS COOPERATIVAS DE ECONOMIA E CRÉDITO MÚTUO DO ESTADO DO ESPÍRITO SANTO LTDA. - CECOOPES;5790149;b3C;;I;2;VITORIA;ES;12/2009;0;0;0;0;0;0;0;0;0;0;0;0;0;0;0;0;113;113;0;173;286
COOPERATIVA CENTRAL DE CRÉDITO E ECONOMIA SOLIDÁRIA - ECOSOL;6267304;b3C;;I;3;SAO PAULO;SP;12/2009;0;0;0;0;0;0;0;0;0;0;0;0;0;0;0;0;246;246;0;38;284
COOPCRAL - COOPERATIVA DE CRÉDITO RURAL DO AGRESTE CENTRAL ALAGOANO LTDA.;8202793;b3S;;I;2;ARAPIRACA;AL;12/2009;6;0;0;28;0;34;0;0;0;0;0;0;0;149;183;0;5;188;0;93;281
CRED MAIS S.A SOCIEDADE DE CRÉDITO AO MICROEMPREENDEDOR;5653890;n1;;I;2;COLATINA;ES;12/2009;0;0;0;0;0;0;0;0;0;0;0;0;0;0;0;0;4;4;0;272;276
COOPERATIVA DE CRÉDITO RURAL DA AGRICULTURA FAMILIAR E ECONOMIA SOLIDÁRIA DE MINEIROS-GO;5491616;b3S;;I;2;MINEIROS;GO;12/2009;70;0;0;115;0;185;0;0;0;0;0;0;0;0;185;0;2;187;0;89;276
BNS SOCIEDADE DE CRÉDITO AO MICROEMPREENDEDOR LTDA.;7835244;n1;;I;2;JACUTINGA;MG;12/2009;0;0;0;0;0;0;0;0;0;0;0;0;0;0;0;0;6;6;0;264;270
FIDÚCIA SOCIEDADE DE CRÉDITO AO MICROEMPREENDEDOR LIMITADA;4307598;n1;;I;2;BELO HORIZONTE;MG;12/2009;0;0;0;0;0;0;0;0;0;0;0;0;0;0;0;0;5;5;0;258;263
COOPERATIVA DE CRÉDITO RURAL DE ECONOMIA SOLIDÁRIA DE TABOCAS DO BREJO VELHO - ECOSOL/TABOCAS DO BREJO VELHO;5478479;b3S;;I;2;TABOCAS DO BREJO VELHO;BA;12/2009;0;0;0;125;0;125;0;0;0;0;0;0;0;1;126;0;14;140;0;118;258
COOPERATIVA DE ECONOMIA E CRÉDITO MÚTUO DOS EMPREGADOS EM INDÚSTRIAS METALÚRGICAS E DE MATERIAL ELÉTRICO DE JUIZ DE FORA LTDA. - CECREPAM;21464557;b3S;;I;2;JUIZ DE FORA;MG;12/2009;0;0;0;0;0;0;0;0;0;0;0;0;0;0;0;0;56;56;0;191;247
COOPERATIVA DE CRÉDITO DA AGRICULTURA FAMILIAR SOLIDÁRIA DE ARAPONGA - ECOSOL ARAPONGA-MG;7016503;b3S;;I;2;ARAPONGA;MG;12/2009;0;0;0;182;0;182;0;0;0;0;0;0;0;0;182;0;0;182;0;62;244
COOPERATIVA DE ECONOMIA E CRÉDITO MÚTUO DOS SERVIDORES DA GOIÁS FERTILIZANTES S/A - GOIÁSFERTIL - ?COCRESGO? LTDA.;968834;b3S;;I;2;CATALAO;GO;12/2009;0;0;0;0;0;0;0;0;0;0;0;0;0;1;1;0;7;7;0;230;237
COOPERATIVA DE ECONOMIA E CREDITO MUTUO DOS EMPREGADOS DA ELETROMAR LTDA E EATON LTDA NO RIO DE JANEIRO - COOPEATONRJ;34165787;b3S;;I;2;RIO DE JANEIRO;RJ;12/2009;0;0;0;1;0;1;0;0;0;0;0;0;0;0;1;0;40;40;0;190;231
PARCERIA SOCIEDADE DE CRÉDITO AO MICROEMPREENDEDOR E À EMPRESA DE PEQUENO PORTE LTDA.;10616333;n1;;I;2;CURITIBA;PR;12/2009;0;0;0;0;0;0;0;0;0;0;0;0;0;0;0;0;2;2;0;227;228
SOROCABA CRÉDITO SOCIEDADE DE CRÉDITO AO MICROEMPREENDEDOR E A EMPRESA DE PEQUENO PORTE LTDA.;8430732;n1;;I;2;SOROCABA;SP;12/2009;0;0;0;0;0;0;0;0;0;0;0;0;0;0;0;0;21;21;0;205;226
COOPERATIVA DE CRÉDITO RURAL DA AGRICULTURA       FAMILIAR DOS TRABALHADORES E TRABALHADORAS RURAIS DE JI-PARANÁ.;10520232;b3S;;I;2;JI-PARANA;RO;12/2009;84;0;0;91;0;175;0;0;0;0;0;0;0;0;175;0;0;176;0;49;225
IPACRED - SOCIEDADE DE CRÉDITO AO MICROEMPREENDEDOR LTDA;3476483;n1;;I;2;IPATINGA;MG;12/2009;0;0;0;0;0;0;0;0;0;0;0;0;0;0;0;0;8;8;0;215;223
COOPERATIVA DE ECONOMIA E CRÉDITO MÚTUO DOS SERVIDORES DO INSTITUTO NÁUTICO BRASILEIRO - INABRA LTDA;83332627;b3S;;I;2;BELEM;PA;12/2009;0;0;0;0;0;0;0;0;0;0;0;0;0;0;0;0;46;46;0;173;219
COOPERATIVA DE ECONOMIA E CRÉDITO MÚTUO DOS FUNCIONÁRIOS DA SCHRADER INTERNATIONAL BRASIL;55896724;b3S;;I;2;JACAREI;SP;12/2009;0;0;0;0;0;0;0;0;0;0;0;0;0;0;0;0;44;44;0;174;218
GLOBAL FINANÇAS SOCIEDADE DE CRÉDITO AO MICROEMPREENDEDOR E À EMPRESA DE PEQUENO PORTE LTDA.;11165756;n1;;I;2;AMERICANA;SP;12/2009;0;0;0;0;0;0;0;0;0;0;0;0;0;0;0;0;5;5;0;211;217
COOPERATIVA DE CRÉDITO RURAL DA AGRICULTURA FAMILIAR COM INTERAÇÃO SOLIDÁRIA DE JATAI - CREDIJAT;5201878;b3S;;I;2;JATAI;GO;12/2009;2;0;0;143;1;145;0;0;0;0;0;0;0;0;145;0;45;190;0;19;209
COOPERATIVA DE CRÉDITO RURAL DOS PRODUTORES DA REGIÃO DE IRECÊ - CREDIRURAL;5853210;b3S;;I;2;IRECE;BA;12/2009;110;0;0;123;0;233;0;0;0;0;0;0;0;0;233;0;10;243;0;-35;208
COOPERATIVA DE ECONOMIA E CRÉDITO MÚTUO DOS FUNCIONÁRIOS DA CERÂMICA PORTO FERREIRA;49616303;b3S;;I;2;PORTO FERREIRA;SP;12/2009;0;0;0;0;0;0;0;0;0;0;0;0;0;0;0;0;6;6;0;196;203
CASA DO CRÉDITO S.A. SOCIEDADE DE CRÉDITO AO MICROEMPREENDEDOR;5442029;n1;;I;2;SAO PAULO;SP;12/2009;0;0;0;0;0;0;0;0;0;0;0;0;0;0;0;0;0;0;0;201;201
COOPERATIVA DE ECONOMIA E CRÉDITO MÚTUO DOS TRABALHADORES EM ESTABELECIMENTO DE ENSINO DE BEBEDOURO - EDUCRED;4791797;b3S;;I;2;BEBEDOURO;SP;12/2009;0;0;0;65;0;65;0;0;0;0;0;0;0;0;65;0;15;80;0;120;200
ATIVO SOCIEDADE DE CRÉDITO AO MICROEMPREENDEDOR E À EMPRESA DE PEQUENO PORTE - SCM LTDA.;11004549;n1;;I;2;SALVADOR;BA;12/2009;0;0;0;0;0;0;0;0;0;0;0;0;0;0;0;0;5;5;0;193;199
COOPERATIVA DE ECONOMIA E CRÉDITO MÚTUO DOS EMPREGADOS EM ESTABELECIMENTOS BANCÁRIOS DE TERESINA/PIAUÍ - COOPERBAN;4633530;b3S;;I;2;TERESINA;PI;12/2009;0;0;0;27;0;27;0;0;0;0;0;0;0;0;27;0;27;53;0;143;196
COOPERATIVA DE CRÉDITO RURAL DA AGRICULTURA FAMILIAR DOS TRABALHADORES E TRABALHADORAS RURAIS DE MINISTRO ANDREAZZA - CREDITAG/ANDREAZZA/RO;10514648;b3S;;I;2;MINISTRO ANDREAZZA;RO;12/2009;33;0;0;127;0;160;0;0;0;0;0;0;0;0;160;0;1;160;0;34;195
COOCREDI - COOPERATIVA DE CRÉDITO RURAL DA REGIÃO DE ITAPIPOCA LTDA.;4723991;b3S;;I;2;ITAPIPOCA;CE;12/2009;6;0;0;99;0;106;0;0;0;0;0;0;0;7;113;0;6;118;0;73;191
COOPERATIVA DE ECONOMIA E CRÉDITO MÚTUO DOS EMPREGADOS DA DRIVEWAY;71799308;b3S;;I;2;SAO PAULO;SP;12/2009;0;0;0;0;0;0;0;0;0;0;0;0;0;0;0;0;14;14;0;177;191
COOPERATIVA DE CRÉDITO MÚTUO DOS EMPREGADOS DO CENTRO UNIVERSITÁRIO NEWTON PAIVA LTDA. - CREDIPAIVA;20833992;b3S;;I;2;BELO HORIZONTE;MG;12/2009;0;0;0;0;0;0;0;0;0;0;0;0;0;0;0;0;9;9;0;175;183
WELMAG SOCIEDADE DE CRÉDITO AO MICROEMPREENDEDOR LTDA;5280261;n1;;I;2;BELO HORIZONTE;MG;12/2009;0;0;0;0;0;0;0;0;0;0;0;0;0;0;0;0;1;1;0;180;181
COOPERATIVA DE CRÉDITO RURAL DA AGRICULTURA FAMILIAR DOS TRABALHADORES E TRABALHADORAS RURAIS DE JARU - CREDITAG/JARU/RO;10514580;b3S;;I;2;JARU;RO;12/2009;33;0;0;98;0;131;0;0;0;0;0;0;0;0;131;0;5;136;0;39;175
COOPERATIVA DE ECONOMIA E CRÉDITO MÚTUO DOS BANCÁRIOS DE JUIZ DE FORA LTDA. - COCBAN;4158581;b3S;;I;2;JUIZ DE FORA;MG;12/2009;0;0;0;0;0;0;0;0;0;0;0;0;0;0;0;0;39;39;0;135;174
ALDRAVA S.A. - SOCIEDADE DE CRÉDITO AO MICROEMPREENDEDOR;3884810;n1;;I;2;RIO DE JANEIRO;RJ;12/2009;0;0;0;0;0;0;0;0;0;0;0;0;0;0;0;0;2;2;0;172;173
COOPERATIVA DE CRÉDITO MÚTUO DOS TRABALHADORES DO SISTEMA FINANCEIRO DE CURITIBA E REGIÃO - COOPCREFI;6942423;b3S;;I;2;CURITIBA;PR;12/2009;0;0;0;0;0;0;0;0;0;0;0;0;0;0;0;0;3;3;0;170;173
COOPERATIVA DE ECONOMIA E CREDITO MUTUO DOS EMPREGADOS DA CIA ACUCAREIRA USINA CUPIM LTDA;28980936;b3S;;I;2;CAMPOS DOS GOYTACAZES;RJ;12/2009;0;0;0;0;0;0;0;0;0;0;0;0;0;0;0;0;13;13;0;160;173
COOPERATIVA DE CREDITO RURAL DE DESENVOLVIMENTO SOLIDARIO DO EXTREMO NORTE DO ESPIRITO SANTO - CREDSOL EXTREMO NORTE ES;7642803;b3S;;I;2;MONTANHA;ES;12/2009;99;0;0;44;0;143;0;0;0;0;0;0;0;0;143;0;0;144;0;28;172
COOPERATIVA DE ECONOMIA E CREDITO MUTUO DOS EMPREGADOS DA FICAP LTDA;33668245;b3S;;I;2;RIO DE JANEIRO;RJ;12/2009;0;0;0;5;0;5;0;0;0;0;0;0;0;0;5;0;8;13;0;152;165
COOPERATIVA DE ECONOMIA E CRÉDITO MÚTUO DOS TRABALHADORES DAS INDÚSTRIAS METALÚRGICAS DE PORTO ALEGRE E GRANDE PORTO ALEGRE;90560434;b3S;;I;2;PORTO ALEGRE;RS;12/2009;0;0;0;22;0;22;0;0;0;0;0;0;0;0;22;0;5;27;0;138;165
COOPCOM-COOPERATIVA DE ECONOMIA E CRÉDITO MÚTUO DOS COMERCIANTES DE CONFECÇÃO DA REGIÃO DOS LAGOS LTDA;4225340;b3S;;I;2;CABO FRIO;RJ;12/2009;47;0;0;0;0;47;0;0;0;0;0;0;0;0;47;0;5;52;0;109;161
COOPERATIVA DE ECONOMIA E CRÉDITO MÚTUO DOS PROFISSIONAIS DA EDUCAÇÃO DA REGIÃO METROPOLITANA DE SÃO PAULO - COOPEDUC;5655770;b3S;;I;2;SAO PAULO;SP;12/2009;0;0;0;0;0;0;0;0;0;0;0;0;0;8;8;0;2;10;0;151;161
COOPERATIVA DE CRÉDITO CAIXEIRAL DO CRATO LTDA.;7174980;b3S;;I;2;CRATO;CE;12/2009;44;0;0;0;0;44;0;0;0;0;0;0;0;0;44;0;6;50;0;109;159
COOPERATIVA DE ECONOMIA E CRÉDITO MÚTUO DOS EMPREGADOS DA SUPPORT;5871212;b3S;;I;2;SAO JOSE DOS CAMPOS;SP;12/2009;0;0;0;0;0;0;0;0;0;0;0;0;0;0;0;0;27;27;0;130;157
CREFIN - SOCIEDADE DE CRÉDITO AO MICROEMPREENDEDOR LTDA.;6346262;n1;;I;2;MANAUS;AM;12/2009;0;0;0;0;0;0;0;0;0;0;0;0;0;0;0;0;0;0;0;154;154
COOPERATIVA DE CRÉDITO RURAL DE ECONOMIA SOLIDÁRIA SERRA GERAL - ECOSOL/SERRA GERAL;5533128;b3S;;I;2;CACULE;BA;12/2009;0;0;0;61;0;61;0;0;0;0;0;0;0;12;73;0;8;81;0;72;153
COOPERATIVA DE CRÉDITO DOS EMPREGADOS DA SOBRAL INVICTA;25691478;b3S;;I;2;POUSO ALEGRE;MG;12/2009;0;0;0;0;0;0;0;0;0;0;0;0;0;0;0;0;6;6;0;147;153
COOPERATIVA DE CREDITO MUTUO DOS PROFISSIONAIS DA PANIFICAÇÃO E CONFEITARIA DA REGIÃO METROPOLITANA DE SÃO PAULO - SICOOB COOPERPAN;8452935;b3S;;I;2;SAO PAULO;SP;12/2009;0;0;0;0;0;0;0;0;0;0;0;0;0;0;0;0;2;2;0;149;151
COOPERATIVA DE ECONOMIA E CREDITO MUTUO DOS EMPREGADOS DA USINA SAPUCAIA E COLIGADAS LTDA;27044379;b3S;;I;2;CAMPOS DOS GOYTACAZES;RJ;12/2009;0;0;0;0;0;0;0;0;0;0;0;0;0;0;0;0;14;14;0;137;151
COOPERATIVA DE ECONOMIA E CRÉDITO MÚTUO DOS FUNCIONÁRIOS DO GRUPO SUGGAR LTDA.;548980;b3S;;I;2;BELO HORIZONTE;MG;12/2009;0;0;0;0;0;0;0;0;0;0;0;0;0;0;0;0;83;83;0;66;149
COOPERATIVA DE CRÉDITO RURAL DA AGRICULTURA FAMILIAR DOS TRABALHADORES E TRABALHADORAS RURAIS DO MUNICÍPIO DE IBIÚNA E REGIÃO/SÃO PAULO;9274146;b3S;;I;2;IBIUNA;SP;12/2009;54;0;0;46;0;99;0;0;0;0;0;0;0;0;99;0;4;104;0;44;148
COOPERATIVA DE ECONOMIA E CRÉDITO MÚTUO DOS BANCÁRIOS DE SOROCABA E REGIÃO;71491609;b3S;;I;2;SOROCABA;SP;12/2009;0;0;0;0;0;0;0;0;0;0;0;0;0;0;0;0;4;4;0;139;143
COOPERATIVA DE ECONOMIA E CREDITO MUTUO DOS FUNCIONARIOS DA INTERCONTINENTAL HOTELEIRA LTDA.;27183359;b3S;;I;2;RIO DE JANEIRO;RJ;12/2009;0;0;0;0;0;0;0;0;0;0;0;0;0;0;0;0;23;23;0;120;142
COOPERATIVA DE CRÉDITO RURAL DA AGRICULTURA FAMILIAR, DOS TRABALHADORES E TRABALHADORAS RURAIS DO MUNICÍPIO DE APIAÍ E REGIÃO/SÃO PAULO;9347187;b3S;;I;2;APIAI;SP;12/2009;69;0;0;20;0;89;0;0;0;0;0;0;0;0;89;0;1;89;0;48;138
SIFRAMAR CRED SOCIEDADE DE CRÉDITO AO MICROEMPREENDEDOR LTDA.;6935318;n1;;I;2;ITAPEMA;SC;12/2009;0;0;0;0;0;0;0;0;0;0;0;0;0;0;0;0;6;6;0;132;137
COOPERATIVA DE ECONOMIA E CRÉDITO MÚTUO DOS EMPREGADOS EM ESTABELECIMENTOS BANCÁRIOS, DE CRÉDITOS E FINANCIAMENTOS DE DIVINÓPOLIS E REGIÃO LTDA;5433161;b3S;;I;2;DIVINOPOLIS;MG;12/2009;0;0;0;0;0;0;0;0;0;0;0;0;0;0;0;0;9;9;0;117;126
COOPERATIVA DE CRÉDITO RURAL DA AGRICULTURA FAMILIAR E ECONOMIA SOLIDÁRIA DE CLÁUDIO;8363543;b3S;;I;2;CLAUDIO;MG;12/2009;44;0;0;45;0;89;0;0;0;0;0;0;0;0;89;0;1;89;0;36;125
FLEX SOCIEDADE DE CRÉDITO AO MICROEMPREENDEDOR LTDA;7584094;n1;;I;2;BELO HORIZONTE;MG;12/2009;0;0;0;0;0;0;0;0;0;0;0;0;0;0;0;0;23;23;0;101;124
COCRESCE - COOPERATIVA DE CRÉDITO RURAL DO SERTÃO CENTRAL DO CEARÁ LTDA.;8197413;b3S;;I;2;QUIXADA;CE;12/2009;0;0;0;7;0;7;0;0;0;0;0;0;0;53;60;0;42;101;0;15;117
CREDRIO - SOCIEDADE DE CRÉDITO AO MICROEMPREENDEDOR LTDA.;5170343;n1;;I;2;MANAUS;AM;12/2009;0;0;0;0;0;0;0;0;0;0;0;0;0;0;0;0;8;8;0;107;114
COOPERATIVA DE CRÉDITO RURAL DA AGRICULTURA FAMILIAR E ECONOMIA SOLIDÁRIA DE RIO VERDE;5370947;b3S;;I;2;RIO VERDE;GO;12/2009;76;0;0;15;0;91;0;0;0;0;0;0;0;0;91;0;4;95;0;18;113
CREDZAT - COOPERATIVA DE FOMENTO AO CRÉDITO DE FORTALEZA LTDA.;7201122;b3S;;I;2;FORTALEZA;CE;12/2009;78;0;0;75;7;161;0;0;0;0;0;0;0;0;161;0;19;180;0;-67;113
COOPERATIVA DE CRÉDITO MÚTUO DOS MILITARES DA ATIVA E DA RESERVA REMUNERADA, REFORMADOS, PENSIONISTAS E EXPEDICIONÁRIOS DAS FORÇAS ARMADAS - BS;5742404;b3S;;I;2;SAO VICENTE;SP;12/2009;0;0;0;0;0;0;0;0;0;0;0;0;0;0;0;0;9;9;0;99;108
COOPERATIVA DE ECONOMIA E CRÉDITO MÚTUO DOS EMPREGADOS EMPRESAS TRANSPORTE E TRÂNSITO SÃO PAULO - COOPERTRANS;3700068;b3S;;I;2;SAO PAULO;SP;12/2009;0;0;0;0;0;0;0;0;0;0;0;0;0;0;0;0;50;50;0;55;105
COOPERATIVA DE ECONOMIA E CREDITO MUTUO DOS EMPREGADOS IND.ALIMENTACAO REG.GRDE.VITORIA EST.ES-CREDI-ALIMENTO;3973743;b3S;;I;2;VITORIA;ES;12/2009;0;0;0;0;9;9;0;0;0;0;0;0;0;0;9;0;9;18;0;86;104
COOPERATIVA DE ECONOMIA E CRÉDITO MÚTUO DOS ADVOGADOS DA REGIÃO METROPOLITANA DE BELÉM/PARÁ - COOPECAD;4524629;b3S;;I;2;BELEM;PA;12/2009;0;0;0;17;0;17;0;0;0;0;0;0;0;1;18;0;6;23;0;78;102
COOPERATIVA DE CRÉDITO RURAL DE ECONOMIA SOLIDÁRIA DE TRIUNFO E FLORES - ECOSOL TRIUNFO/FLORES;6036510;b3S;;I;2;FLORES;PE;12/2009;0;0;0;23;0;23;0;0;0;0;0;0;0;0;23;0;2;25;0;75;100
COOPERATIVA DE ECONOMIA E CREDITO MUTUO DOS EMPREGADOS DA ELECTRO-VIDRO LTDA.;35815125;b3S;;I;2;SAO GONCALO;RJ;12/2009;0;0;0;0;0;0;0;0;0;0;0;0;0;0;0;0;8;8;0;91;99
COOPERATIVA DE ECONOMIA E CRÉDITO MÚTUO DOS SERVIDORES DO MEC LTDA. - COSMEC;29975216;b3S;;I;2;RIO DE JANEIRO;RJ;12/2009;4;0;0;0;0;4;0;0;0;0;0;0;0;0;4;0;49;53;0;46;99
COOPERATIVA DE ECONOMIA E CRÉDITO MÚTUO DOS SERVIDORES DA POLÍCIA MILITAR DO DISTRITO FEDERAL;2719550;b3S;;I;2;BRASILIA;DF;12/2009;1;0;0;26;2;28;0;0;0;0;0;0;0;0;28;0;49;78;0;10;87
COOPERATIVA DE CRÉDITO RURAL DA AGRICULTURA FAMILIAR DOS TRABALHADORES E TRABALHADORAS RURAIS DO MUNICÍPIO DE CAPÃO BONITO E REGIÃO/SÃO PAULO;9476168;b3S;;I;2;CAPAO BONITO;SP;12/2009;13;0;0;50;0;63;0;0;0;0;0;0;0;0;63;0;0;63;0;22;85
COOPERATIVA DE CRÉDITO RURAL COM INTERAÇÃO SOLIDÁRIA DE MARILENA - CRESOL MARILENA;11212010;b3S;;I;2;MARILENA;PR;12/2009;0;0;0;1;0;1;0;0;0;0;0;0;0;8;10;0;50;60;0;23;83
COOPERATIVA DE ECONOMIA E CRÉDITO MÚTUO DOS SERVIDORES PÚBLICOS DO LITORAL NORTE DO RIO GRANDE DO SUL - COOPERSLIN;11051952;b3S;;I;2;TORRES;RS;12/2009;0;0;0;30;0;30;0;0;0;0;0;0;0;0;30;0;0;30;0;51;82
COOPERATIVA DE CRÉDITO RURAL DE ECONOMIA SOLIDÁRIA DO ARARIPE   ECOSOL ARARIPE;8087331;b3S;;I;2;OURICURI;PE;12/2009;0;0;0;13;0;13;0;0;0;0;0;0;0;0;13;0;2;15;0;55;70
COOPERATIVA DE ECONOMIA E CREDITO MUTUO DOS EMPREGADOS DO GRUPO BEZERRA DE MELLO LTDA;33916883;b3S;;I;2;RIO DE JANEIRO;RJ;12/2009;0;0;0;0;0;0;0;0;0;0;0;0;0;0;0;0;6;6;0;60;66
COOPERATIVA DE CRÉDITO RURAL DE POÇO VERDE LTDA. - COOPEC;9244973;b3S;;I;2;POCO VERDE;SE;12/2009;3;0;0;21;0;23;0;0;0;0;0;0;0;15;39;0;1;40;0;24;64
COOPERATIVA DE CRÉDITO RURAL DA AGRICULTURA FAMILIAR E ECONOMIA SOLIDÁRIA DO VALE DO IPANEMA - CREDITAG ÁGUAS BELAS;8839952;b3S;;I;2;AGUAS BELAS;PE;12/2009;0;0;0;11;0;12;0;0;0;0;0;0;0;0;12;0;0;12;0;42;54
COOPERATIVA DE ECONOMIA E CRÉDITO MÚTUO DOS SERVIDORES DA SEGURANÇA PÚBLICA ESTADUAL DA 8ª REGIÃO DO ESTADO DE SÃO PAULO - FINANPOL;5676236;b3S;;I;2;SAO JOSE DO RIO PRETO;SP;12/2009;0;0;0;0;0;0;0;0;0;0;0;0;0;0;0;0;3;3;0;49;52
COOPERATIVA DE CRÉDITO RURAL SOLIDÁRIO DE AGRICULTORES FAMILIARES DE GOIÂNIA E REGIÃO - REDE CRED;8254480;b3S;;I;2;GOIANIA;GO;12/2009;15;0;0;7;0;22;0;0;0;0;0;0;0;0;22;0;0;22;0;27;49
COOPERATIVA DE CRÉDITO RURAL DE ECONOMIA SOLIDÁRIA DO SERTÃO CENTRAL DE PERNAMBUCO - ECOSOL SERTÃO CENTRAL DE PERNAMBUCO;7913550;b3S;;I;2;SERRA TALHADA;PE;12/2009;0;0;0;9;0;9;0;0;0;0;0;0;0;0;9;0;2;10;0;37;47
COOPERATIVA DE ECONOMIA E CRÉDITO MÚTUO DOS FUNCIONÁRIOS DA LEITE NILZA;48013940;b3S;;I;2;RIBEIRAO PRETO;SP;12/2009;0;0;0;0;0;0;0;0;0;0;0;0;0;0;0;0;162;162;0;-116;46
COOPERATIVA DE CRÉDITO RURAL DA AGRICULTURA FAMILIAR DOS TRABALHADORES E TRABALHADORAS RURAIS DA REGIÃO DE JOÃO PINHEIRO;9674889;b3S;;I;2;JOAO PINHEIRO;MG;12/2009;5;0;0;20;0;25;0;0;0;0;0;0;0;0;25;0;1;27;0;14;40
COOPERATIVA DE CRÉDITO RURAL DE VOLTA REDONDA - CREDIAÇO;254908;b3S;;I;2;VOLTA REDONDA;RJ;12/2009;0;0;0;0;1;1;0;0;0;0;0;0;0;0;1;0;0;1;0;39;40
COOPERATIVA DE CREDITO RURAL DA AGRICULTURA FAMILIAR DOS TRABALHADORES E TRABALHADORAS RURAIS DO MUNICIPIO DE MORRO DO CHAPEU E REGIAO;9467338;b3S;;I;2;MORRO DO CHAPEU;BA;12/2009;22;0;0;0;0;22;0;0;0;0;0;0;0;0;22;0;0;22;0;16;38
COOPERATIVA DE CRÉDITO RURAL ILHÉUS LTDA;16348005;b3S;;I;2;ILHEUS;BA;12/2009;113;0;0;0;0;113;0;0;0;0;0;0;0;0;113;0;38;150;0;-112;38
CREDNORTE - COOPERATIVA DE CRÉDITO RURAL DA REGIÃO NORTE DO CEARÁ LTDA.;5025926;b3S;;I;2;MASSAPE;CE;12/2009;10;0;0;12;0;22;0;0;0;0;0;0;0;0;22;0;7;29;0;8;37
COOPERATIVA DE CRÉDITO MÚTUO DOS SERVIDORES PÚBLICOS MUNICIPAIS DE BARRETOS - CREDISERV BARRETOS;8809060;b3S;;I;2;BARRETOS;SP;12/2009;0;0;0;0;0;0;0;0;0;0;0;0;0;0;0;0;0;0;0;36;36
COOPERATIVA DE CRÉDITO RURAL DE ECONOMIA SOLIDÁRIA DE PETROLINA - ECOSOL PETROLINA;5413161;b3S;;I;2;PETROLINA;PE;12/2009;0;0;0;22;0;22;0;0;0;0;0;0;0;0;22;0;1;23;0;12;36
COOPERATIVA DE CREDITO RURAL DA AGRICULTURA FAMILIAR DOS TRABALHADORES E TRABALHADORAS RURAIS DA REGIÃO DE SABINOPOLIS/MG;10391291;b3S;;I;2;SABINOPOLIS;MG;12/2009;13;0;0;21;0;33;0;0;0;0;0;0;0;0;33;0;0;33;0;2;35
COOPERATIVA DE CRÉDITO RURAL DA AGRICULTURA FAMILIAR DOS TRABALHADORES E TRABALHADORAS RURAIS DO AGRESTE MERIDIONAL DE PERNAMBUCO - CREDITAG BOM CONSELHO;8658915;b3S;;I;2;BOM CONSELHO;PE;12/2009;1;0;0;16;0;17;0;0;0;0;0;0;0;0;17;0;0;18;0;15;33
COOPERATIVA DE ECONOMIA E CRÉDITO MÚTUO DOS TRABALHADORES NAS INDÚSTRIAS METALÚRGICAS, MECÂNICA E MATERIAL ELÉTRICO DE SÃO LEOPOLDO E REGIÃO - COOPERMETAL;10719496;b3S;;I;2;SAO LEOPOLDO;RS;12/2009;0;0;0;7;0;7;0;0;0;0;0;0;0;0;7;0;1;7;0;24;32
COOPERATIVA DE CREDITO RURAL DE DESENVOLVIMENTO SOLIDARIO DE IUNA-ES - CREDSOL;5850566;b3S;;I;2;IUNA;ES;12/2009;3;0;0;6;0;9;0;0;0;0;0;0;0;0;9;0;7;15;0;14;29
COOPERATIVA DE ECONOMIA E CREDITO MUTUO DOS CONTABILISTAS DO ESTADO DO RJ LTDA;5463391;b3S;;I;2;RIO DE JANEIRO;RJ;12/2009;0;0;0;10;0;10;0;0;0;0;0;0;0;8;18;0;28;46;0;-19;27
COOPERATIVA DE CRÉDITO RURAL DA AGRICULTURA FAMILIAR E ECONOMIA SOLIDÁRIA DE CARUARU E RIACHO DAS ALMAS/PERNAMBUCO;9524431;b3S;;I;2;CARUARU;PE;12/2009;0;0;0;10;0;10;0;0;0;0;0;0;0;4;14;0;8;22;0;3;26
COOPERATIVA DE ECONOMIA E CREDITO MUTUO DOS EMPREGADOS EMPRESAS RODOVIARIAS LOCAL.GRANDE VITORIA - RODOCAIXA;3880529;b3S;;I;2;VITORIA;ES;12/2009;0;0;0;0;0;0;0;0;0;0;0;0;0;0;0;0;30;30;0;-16;15
COOPERATIVA DE CRÉDITO RURAL DA AGRICULTURA FAMILIAR E ECONOMIA SOLIDÁRIA DE BELO JARDIM/PERNAMBUCO;9568299;b3S;;I;2;BELO JARDIM;PE;12/2009;0;0;0;1;0;1;0;0;0;0;0;0;0;0;1;0;4;5;0;5;10
COOPERATIVA DE CRÉDITO DE SERVIDORES DA UESC - UESCOOP;10548608;b3S;;I;2;ILHEUS;BA;12/2009;0;0;0;0;0;0;0;0;0;0;0;0;0;0;0;0;0;0;0;8;8
COOPERATIVA DE CRÉDITO RURAL DOS AGRICULTORES FAMILIARES DO BAIXO PARAÍBA - COOPACRED;8714827;b3S;;I;2;SAPE;PB;12/2009;0;0;0;0;0;0;0;0;0;0;0;0;0;0;0;0;2;3;0;2;5
COOPERATIVA DE CRÉDITO RURAL DE SIMÃO DIAS LTDA. - CREATIVA;9244976;b3S;;I;2;SIMAO DIAS;SE;12/2009;0;0;0;0;0;0;0;0;0;0;0;0;0;0;0;0;0;0;0;4;4
COOPERATIVA DE CRÉDITO RURAL DA AGRICULTURA       FAMILIAR E ECONOMIA SOLIDÁRIA DE BREJO DA MADRE DE DEUS E JATAÚBA/PERNAMBUCO.;10868136;b3S;;I;2;BREJO DA MADRE DE DEUS;PE;12/2009;0;0;0;0;0;0;0;0;0;0;0;0;0;0;0;0;0;0;0;4;4
COOPERATIVA DE CREDITO RURAL DOS AGRICULTORES FAMILIARES DA MICRO REGIAO DO CRATO;6353310;b3S;;I;2;CRATO;CE;12/2009;0;0;0;0;0;0;0;0;0;0;0;0;0;0;0;0;0;0;0;1;1
SUCRED - COOPERATIVA DE ECONOMIA E CRÉDITO MÚTUO DOS FUNCIONÁRIOS DA SUDAM LTDA;83325985;b3S;;I;2;BELEM;PA;12/2009;NI;NI;NI;NI;NI;NI;NI;NI;NI;NI;NI;NI;NI;NI;NI;NI;NI;NI;NI;NI;NI
COOPERATIVA DE CRÉDITO MÚTUO DOS FUNCIONÁRIOS DAS EMPRESAS HIDROPLAS S/A, BORDOPLAS BRASIL LTDA, EME 4 INDÚSTRIA E COMÉRCIO DE PLÁSTICOS LTDA E BRASHIDRO S/A INDÚSTRIA E COMÉRCIO.;68986330;b3S;;I;2;BOTUCATU;SP;12/2009;NI;NI;NI;NI;NI;NI;NI;NI;NI;NI;NI;NI;NI;NI;NI;NI;NI;NI;NI;NI;NI
LIRA S.A. CORRETORA DE CAMBIO;67041053;n2;;I;2;SANTANA DE PARNAIBA;SP;12/2009;NI;NI;NI;NI;NI;NI;NI;NI;NI;NI;NI;NI;NI;NI;NI;NI;NI;NI;NI;NI;NI
COOPERATIVA DE CRÉDITO DOS FUNCIONÁRIOS DO GRUPO PAGLIATO;55381305;b3S;;I;2;SOROCABA;SP;12/2009;NI;NI;NI;NI;NI;NI;NI;NI;NI;NI;NI;NI;NI;NI;NI;NI;NI;NI;NI;NI;NI
COOPERATIVA DE CREDITO RURAL DO PANTANAL;36946317;b3S;;I;2;POCONE;MT;12/2009;NI;NI;NI;NI;NI;NI;NI;NI;NI;NI;NI;NI;NI;NI;NI;NI;NI;NI;NI;NI;NI
COOPERATIVA DE ECONOMIA E CREDITO MUTUO DOS EMPREGADOS DA NOVA AMERICA LTDA.;29770310;b3S;;I;2;DUQUE DE CAXIAS;RJ;12/2009;NI;NI;NI;NI;NI;NI;NI;NI;NI;NI;NI;NI;NI;NI;NI;NI;NI;NI;NI;NI;NI
COOPERATIVA DE ECONOMIA E CREDITO MUTUO DOS EMPREGADOS DA USINA BARCELOS LTDA;28901841;b3S;;I;2;SAO JOAO DA BARRA;RJ;12/2009;NI;NI;NI;NI;NI;NI;NI;NI;NI;NI;NI;NI;NI;NI;NI;NI;NI;NI;NI;NI;NI
COOPERATIVA DE CRÉDITO RURAL DA AGRICULTURA FAMILIAR DOS TRABALHADORES E TRABALHADORAS RURAIS DE PONTES E LACERDA;8609123;b3S;;I;2;PONTES E LACERDA;MT;12/2009;NI;NI;NI;NI;NI;NI;NI;NI;NI;NI;NI;NI;NI;NI;NI;NI;NI;NI;NI;NI;NI
COOPERATIVA DE CRÉDITO RURAL DA AGRICULTURA FAMILIAR DOS TRABALHADORES E TRABALHADORAS RURAIS DE SÃO JOSÉ DOS QUATRO MARCOS;8529775;b3S;;I;2;SAO JOSE DOS QUATRO MARCOS;MT;12/2009;NI;NI;NI;NI;NI;NI;NI;NI;NI;NI;NI;NI;NI;NI;NI;NI;NI;NI;NI;NI;NI
COOPERATIVA DE CRÉDITO RURAL DA AGRICULTURA FAMILIAR DOS TRABALHADORES E TRABALHADORAS RURAIS DE PORTO ESPERIDIÃO;8520148;b3S;;I;2;PORTO ESPERIDIAO;MT;12/2009;NI;NI;NI;NI;NI;NI;NI;NI;NI;NI;NI;NI;NI;NI;NI;NI;NI;NI;NI;NI;NI
COOPERATIVA DE CRÉDITO DE BARBALHA LTDA;7052616;b3S;;I;2;BARBALHA;CE;12/2009;NI;NI;NI;NI;NI;NI;NI;NI;NI;NI;NI;NI;NI;NI;NI;NI;NI;NI;NI;NI;NI
COOPERATIVA DE CRÉDITO RURAL SOLIDÁRIO DE RIBEIRÃO BRANCO;6083191;b3S;;I;2;RIBEIRAO BRANCO;SP;12/2009;NI;NI;NI;NI;NI;NI;NI;NI;NI;NI;NI;NI;NI;NI;NI;NI;NI;NI;NI;NI;NI
COOPERATIVA DE CRÉDITO RURAL DE ECONOMIA SOLIDÁRIA SENHOR DO BONFIM - ECOSOL SENHOR DO BONFIM;5644916;b3S;;I;2;SENHOR DO BONFIM;BA;12/2009;NI;NI;NI;NI;NI;NI;NI;NI;NI;NI;NI;NI;NI;NI;NI;NI;NI;NI;NI;NI;NI
BSCM BRASIL SOCIEDADE DE CRÉDITO AO MICROEMPREENDEDOR LTDA.;5636697;n1;;I;2;RIO DE JANEIRO;RJ;12/2009;NI;NI;NI;NI;NI;NI;NI;NI;NI;NI;NI;NI;NI;NI;NI;NI;NI;NI;NI;NI;NI
COOPERATIVA DE CRÉDITO RURAL DE JAGUARETAMA - ECOSOL;5407722;b3S;;I;2;JAGUARETAMA;CE;12/2009;NI;NI;NI;NI;NI;NI;NI;NI;NI;NI;NI;NI;NI;NI;NI;NI;NI;NI;NI;NI;NI
COOPERATIVA DE ECONOMIA E CRÉDITO MÚTUO DOS SERVIDORES DO PODER EXECUTIVO DA REGIÃO NORDESTE DO PARÁ - CREDBRAS;5285111;b3S;;I;2;BELEM;PA;12/2009;NI;NI;NI;NI;NI;NI;NI;NI;NI;NI;NI;NI;NI;NI;NI;NI;NI;NI;NI;NI;NI
CAPITAL DE GIRO SOCIEDADE DE CRED.AO MICRO EMPREENDEDOR LTDA;4840785;n1;;I;2;RIO DE JANEIRO;RJ;12/2009;NI;NI;NI;NI;NI;NI;NI;NI;NI;NI;NI;NI;NI;NI;NI;NI;NI;NI;NI;NI;NI
DIRETRIZ - CORRETORA DE CAMBIO LTDA.;4567240;n2;;I;2;RIO DE JANEIRO;RJ;12/2009;NI;NI;NI;NI;NI;NI;NI;NI;NI;NI;NI;NI;NI;NI;NI;NI;NI;NI;NI;NI;NI
COOPERATIVA DE ECONOMIA E CRÉDITO MÚTUO DOS SERVIDORES FAZENDÁRIOS DE ALAGOAS EM MACEIÓ - CREDASFAL;4368556;b3S;;I;2;MACEIO;AL;12/2009;NI;NI;NI;NI;NI;NI;NI;NI;NI;NI;NI;NI;NI;NI;NI;NI;NI;NI;NI;NI;NI
COOPERATIVA DE CRÉDITO MÚTUO DOS SERVIDORES PÚBLICOS ESTADUAIS DO MUNICÍPIO DE SÃO PAULO E MUNICÍPIOS LIMÍTROFES;2750363;b3S;;I;2;SAO PAULO;SP;12/2009;NI;NI;NI;NI;NI;NI;NI;NI;NI;NI;NI;NI;NI;NI;NI;NI;NI;NI;NI;NI;NI
EDUCATIVA - COOPERATIVA DE ECONOMIA E CRÉDITO MÚTUO DOS PROFESSORES DA SECRETARIA DE  EDUCAÇÃO E ESPORTES DO ESTADO DE  PERNAMBUCO NO RECIFE E REGIÃO METROPOLITANA;2695381;b3S;;I;2;RECIFE;PE;12/2009;NI;NI;NI;NI;NI;NI;NI;NI;NI;NI;NI;NI;NI;NI;NI;NI;NI;NI;NI;NI;NI
COOPERATIVA DE ECONOMIA E CRÉDITO MÚTUO DOS SERVIDORES PÚBLICOS MUNICIPAIS DE CURVELO LTDA.;2454082;b3S;;I;2;CURVELO;MG;12/2009;NI;NI;NI;NI;NI;NI;NI;NI;NI;NI;NI;NI;NI;NI;NI;NI;NI;NI;NI;NI;NI
COOPERATIVA DE ECONOMIA E CRÉDITO MÚTUO DOS SERVIDORES CIVIS E  MILITARES DAS FORÇAS ARMADAS NA REGIÃO METROPOLITANA DE BELÉM DO PARÁ - COOPFARMA;1732003;b3S;;I;2;BELEM;PA;12/2009;NI;NI;NI;NI;NI;NI;NI;NI;NI;NI;NI;NI;NI;NI;NI;NI;NI;NI;NI;NI;NI
CREDSAM - COOPERATIVA DE CRÉDITO DOS FUNCIONÁRIOS DO GRUPO SAMELLO;1495247;b3S;;I;2;FRANCA;SP;12/2009;NI;NI;NI;NI;NI;NI;NI;NI;NI;NI;NI;NI;NI;NI;NI;NI;NI;NI;NI;NI;NI
COOPERATIVA DE CRÉDITO RURAL DO VALE DO JEQUITINHONHA LTDA - SICOOB NOSSACREDIAL;1285935;b3S;;I;2;ALMENARA;MG;12/2009;NI;NI;NI;NI;NI;NI;NI;NI;NI;NI;NI;NI;NI;NI;NI;NI;NI;NI;NI;NI;NI
RODOBENS;51736;b2;;I;2;SAO PAULO;SP;12/2009;NI;NI;NI;NI;NI;NI;NI;NI;NI;NI;NI;NI;NI;NI;NI;NI;NI;NI;NI;NI;NI
