Instituição;Código;TCB;TD;TC;SR;Segmento;Cidade;UF;Data;Total da Carteira de Pessoa Jurídica;Agricultura, Pecuária, Produção Florestal, Pesca e Aquicultura;Agricultura, Pecuária, Produção Florestal, Pesca e Aquicultura - A Vencer em 90 Dias;Agricultura, Pecuária, Produção Florestal, Pesca e Aquicultura - A Vencer Entre 91 a 360 Dias;Agricultura, Pecuária, Produção Florestal, Pesca e Aquicultura - A Vencer Entre 361 a 1080 Dias;Agricultura, Pecuária, Produção Florestal, Pesca e Aquicultura - A Vencer Entre 1081 a 1800 Dias;Agricultura, Pecuária, Produção Florestal, Pesca e Aquicultura - A Vencer Entre 1801 a 5400 Dias;Agricultura, Pecuária, Produção Florestal, Pesca e Aquicultura - A vencer Acima de 5400 Dias;Agricultura, Pecuária, Produção Florestal, Pesca e Aquicultura - Total;Indústrias de Transformação;Indústrias de Transformação - A Vencer em 90 Dias;Indústrias de Transformação - A Vencer Entre 91 a 360 Dias;Indústrias de Transformação - A Vencer Entre 361 a 1080 Dias;Indústrias de Transformação - A Vencer Entre 1081 a 1800 Dias;Indústrias de Transformação - A Vencer Entre 1801 a 5400 Dias;Indústrias de Transformação - A vencer Acima de 5400 Dias;Indústrias de Transformação - Total;Construção;Construção - A Vencer em 90 Dias;Construção - A Vencer Entre 91 a 360 Dias;Construção - A Vencer Entre 361 a 1080 Dias;Construção - A Vencer Entre 1081 a 1800 Dias;Construção - A Vencer Entre 1801 a 5400 Dias;Construção - A vencer Acima de 5400 Dias;Construção - Total;Serviços Industriais de Utilidade Pública;Serviços Industriais de Utilidade Pública - A Vencer em 90 Dias;Serviços Industriais de Utilidade Pública - A Vencer Entre 91 a 360 Dias;Serviços Industriais de Utilidade Pública - A Vencer Entre 361 a 1080 Dias;Serviços Industriais de Utilidade Pública - a Vencer entre 1081 e 1800 Dias;Serviços Industriais de Utilidade Pública - A Vencer Entre 1801 a 5400 Dias;Serviços Industriais de Utilidade Pública - A vencer Acima de 5400 Dias;Serviços Industriais de Utilidade Pública - Total;Industrias Extrativas;Industrias Extrativas - A Vencer em 90 Dias;Industrias Extrativas - A Vencer Entre 91 a 360 Dias;Industrias Extrativas - A Vencer Entre 361 a 1080 Dias;Industrias Extrativas - A Vencer Entre 1081 a 1800 Dias;Industrias Extrativas - A Vencer Entre 1801 a 5400 Dias;Industrias Extrativas - A vencer Acima de 5400 Dias;Industrias Extrativas - Total;Comércio, Reparação de Veículos Automotores e Motocicletas;Comércio, Reparação de Veículos Automotores e Motocicletas - A Vencer em 90 Dias;Comércio, Reparação de Veículos Automotores e Motocicletas - A Vencer Entre 91 a 360 Dias;Comércio, Reparação de Veículos Automotores e Motocicletas - A Vencer Entre 361 a 1080 Dias;Comércio, Reparação de Veículos Automotores e Motocicletas - A Vencer Entre 1081 a 1800 Dias;Comércio, Reparação de Veículos Automotores e Motocicletas - A Vencer Entre 1801 a 5400 Dias;Comércio, Reparação de Veículos Automotores e Motocicletas - A vencer Acima de 5400 Dias;Comércio, Reparação de Veículos Automotores e Motocicletas - Total;Administração Pública, Defesa e Seguridade Social;Administração Pública, Defesa e Seguridade Social - A Vencer em 90 Dias;Administração Pública, Defesa e Seguridade Social - A Vencer Entre 91 a 360 Dias;Administração Pública, Defesa e Seguridade Social - A Vencer Entre 361 a 1080 Dias;Administração Pública, Defesa e Seguridade Social - A Vencer Entre 1081 a 1800 Dias;Administração Pública, Defesa e Seguridade Social - A Vencer Entre 1801 a 5400 Dias;Administração Pública, Defesa e Seguridade Social - A vencer Acima de 5400 Dias;Administração Pública, Defesa e Seguridade Social - Total;Transporte, Armazenagem e Correio;Transporte, Armazenagem e Correio - A Vencer em 90 Dias;Transporte, Armazenagem e Correio - A Vencer Entre 91 a 360 Dias;Transporte, Armazenagem e Correio - A Vencer Entre 361 a 1080 Dias;Transporte, Armazenagem e Correio - A Vencer Entre 1081 a 1800 Dias;Transporte, Armazenagem e Correio - A Vencer Entre 1801 a 5400 Dias;Transporte, Armazenagem e Correio - A vencer Acima de 5400 Dias;Transporte, Armazenagem e Correio - Total;Outros;Outros - A Vencer em 90 Dias;Outros - A Vencer Entre 91 a 360 Dias;Outros - A Vencer Entre 361 a 1080 Dias;Outros - a Vencer entre 1081 e 1800 Dias;Outros - A Vencer Entre 1801 a 5400 Dias;Outros - A vencer Acima de 5400 Dias;Outros - Total;Atividade não Informada ou não se Aplica;Total não Individualizado Pessoa Jurídica;Total Exterior Pessoa Jurídica
BB;49.906;b1;C;1;;199;BRASILIA;DF;09/2012;257.093.208;24.532;645.748;739.769;688.638;268.592;398.807;435;2.766.521;928.902;17.295.880;24.835.665;23.044.043;13.047.621;6.036.000;103.143;85.291.254;173.873;1.986.972;3.168.157;5.044.725;820.843;421.684;10.720;11.626.974;14.361;1.886.939;2.019.579;5.188.732;1.638.998;1.431.767;836.624;13.017.001;12.029;1.527.714;380.181;1.237.897;1.467.664;2.843.091;0;7.468.576;1.029.160;15.050.007;22.492.286;18.909.667;2.699.882;943.533;661;61.125.196;347;125.581;408.961;1.016.552;713.559;1.261.508;286.420;3.812.929;104.504;1.518.376;2.408.443;3.080.062;1.076.442;1.120.050;576.622;9.884.498;257.487;4.123.700;7.122.121;8.979.675;3.472.612;1.771.071;114.923;25.841.588;854;34.918;36.222.898
BANCO NACIONAL DE DESENVOLVIMENTO ECONOMICO E SOCIAL;33.657.248;b4;I;1;;4;RIO DE JANEIRO;RJ;09/2012;233.164.163;24.550;40.628;113.924;424.912;183.811;243.518;0;1.031.342;16.561;2.367.251;7.219.650;18.675.757;13.401.427;31.715.768;3.348.175;76.744.588;0;80.410;142.989;281.300;229.723;426.869;7.123;1.168.414;255.690;3.040.702;4.261.882;8.567.666;7.252.066;20.752.873;3.662.285;47.793.164;0;166.361;440.176;2.066.670;2.171.914;3.749.050;156.420;8.750.591;0;325.975;824.865;1.690.155;854.855;253.682;0;3.949.533;2.740;554.520;1.736.725;4.546.670;4.157.608;6.650.544;68.050;17.716.857;0;915.046;2.828.412;5.155.531;4.890.266;17.357.914;2.292.621;33.439.791;13.929;995.489;2.922.083;6.498.656;4.345.568;3.484.830;83.057;18.343.611;24.226.271;0;0
ITAU;10.069;b1;C;2;;199;SAO PAULO;SP;09/2012;211.523.462;21.993;628.177;781.840;753.979;266.613;136.262;0;2.588.864;790.542;15.025.390;14.487.204;12.514.008;4.072.801;2.316.977;0;49.206.921;259.599;2.521.425;3.798.239;4.848.318;571.955;468.031;805;12.468.371;15.995;669.916;1.001.399;1.380.294;852.282;1.536.327;257.584;5.713.796;6.696;260.834;286.630;316.371;119.710;26.137;0;1.016.377;1.804.527;15.857.223;12.112.488;9.884.873;1.434.837;244.559;168;41.338.675;115;1.289;1.080;957;122;1;0;3.565;254.695;2.644.231;3.905.684;6.417.453;1.730.495;281.120;0;15.233.678;687.051;7.210.333;6.233.894;5.818.793;1.233.080;928.367;2.808;22.114.325;2.213;65.793;61.770.884
BRADESCO;10.045;b1;C;2;;199;OSASCO;SP;09/2012;203.894.489;25.600;661.269;770.618;530.181;189.322;601.367;0;2.778.358;494.597;10.863.897;12.390.908;8.341.683;2.628.167;2.291.052;68;37.010.371;202.029;2.154.375;3.422.336;8.180.996;3.624.314;623.793;10.274;18.218.117;70.750;758.148;1.025.714;1.434.991;854.234;1.606.395;431.832;6.182.065;7.859;407.756;407.889;424.672;235.101;38.291;0;1.521.569;1.119.385;13.749.696;12.450.863;8.933.078;1.487.278;380.392;17;38.120.709;179;4.250;2.437;1.420;239;275;0;8.800;213.027;2.663.432;4.495.666;6.309.947;1.713.719;211.313;295;15.607.399;413.225;6.228.119;6.517.741;7.748.561;2.637.607;2.156.375;15.291;25.716.920;3.894;79.576;58.646.711
SANTANDER;30.379;b1;C;3;;199;SAO PAULO;SP;09/2012;94.327.951;16.082;322.150;517.723;340.284;78.638;7.895;0;1.282.772;731.124;7.876.633;8.108.293;5.161.147;1.730.265;399.050;5.048;24.011.560;161.508;1.833.381;3.888.580;3.497.650;490.592;177.836;432;10.049.979;6.395;471.239;738.727;490.428;81.477;330.125;537.878;2.656.269;31.058;61.641;111.918;179.229;151.434;72.315;0;607.596;1.264.730;8.768.461;7.174.057;5.280.714;892.307;237.642;10.400;23.628.310;162;1.268;1.605;882;11.083;47;0;15.046;176.712;1.259.612;1.789.928;2.432.330;651.866;95.145;590;6.406.183;541.615;4.065.014;4.962.510;5.398.744;1.172.305;1.421.510;997;17.562.693;1.354;23.198;8.082.992
CAIXA ECONOMICA FEDERAL;360.305;b1;I;1;;6;BRASILIA;DF;09/2012;89.743.322;8.719;59.300;33.570;70.765;63.564;59.370;0;295.289;388.449;18.636.057;947.752;1.249.959;3.391.479;3.746.202;0;28.359.898;457.969;2.710.423;1.190.710;4.505.201;218.611;111.969;13.346;9.208.229;47.505;3.315.693;589.253;1.444.560;1.239.201;3.727.812;1.105.051;11.469.074;3.601;75.782;18.481;29.541;12.818;940;0;141.163;915.808;7.598.981;1.973.833;2.339.537;1.520.998;72.839;131;14.422.126;588;487.259;760.471;1.792.364;1.612.435;5.833.568;2.479.304;12.965.990;93.566;1.164.480;221.403;379.878;266.876;415.967;78.100;2.620.268;431.608;4.973.695;930.407;1.761.671;1.683.274;436.510;18.123;10.235.287;411;25.587;0
SAFRA;10.083;b1;C;2;;199;SAO PAULO;SP;09/2012;39.848.850;2.947;235.768;261.779;218.897;25.828;2.359;0;747.578;88.121;3.816.192;2.258.725;1.682.304;445.712;370.329;0;8.661.382;28.587;685.202;973.881;952.576;252.509;121.089;0;3.013.844;20.000;75.510;95.687;128.927;15.895;52.387;1.332;389.738;521;59.715;82.737;97.544;16.405;547;0;257.470;111.463;3.536.586;3.088.381;2.171.395;698.018;158.596;0;9.764.440;2;119;23;31;0;0;0;174;41.098;986.517;1.759.604;3.029.733;731.228;94.547;0;6.642.727;36.675;1.539.655;1.429.341;1.124.173;233.151;9.082;0;4.372.077;73;1.233;5.998.113
HSBC;51.152;b1;C;3;;199;CURITIBA;PR;09/2012;39.302.913;3.786;182.370;226.206;96.606;16.843;786;53;526.650;132.096;4.489.122;4.423.193;1.788.259;552.768;95.279;3.041;11.483.757;23.726;658.420;1.076.675;781.695;55.837;6.807;5;2.603.165;743;67.544;86.301;214.483;31.442;1.848;0;402.362;169;259.052;13.602;14.130;1.997;0;93;289.043;218.091;4.283.531;3.849.408;2.069.570;300.621;22.359;1.173;10.744.753;0;271;110;81;8;0;14;484;21.588;352.353;397.569;635.854;200.855;14.886;9;1.623.114;68.897;1.049.080;1.369.559;1.095.640;242.348;186.021;69;4.011.614;265;9.498;7.608.207
VOTORANTIM;51.011;b1;C;2;;199;SAO PAULO;SP;09/2012;21.319.401;4.793;59.578;124.654;118.544;27.714;19.660;0;354.942;181.477;1.317.511;2.283.709;2.364.480;976.226;984.228;8;8.107.638;16.994;232.400;409.705;515.112;152.993;40.234;0;1.367.437;217;342.991;191.645;175.754;128.490;303.055;24.406;1.166.558;1.306;16.629;22.718;38.017;1.356;0;0;80.027;50.975;931.973;1.489.176;989.135;143.154;107.127;20;3.711.560;0;22;45;62;5;0;0;135;17.633;241.833;468.025;752.298;210.393;81.801;0;1.771.983;35.717;479.989;1.025.265;1.350.185;314.905;66.347;21;3.272.429;104;113;1.486.473
BANCO VOLKSWAGEN S.A.;59.109.165;b2;I;3;;8;SAO PAULO;SP;09/2012;13.220.558;1.310;13.953;30.724;46.339;12.807;23;0;105.156;10.071;161.035;395.206;637.549;169.489;301;0;1.373.651;18.682;129.148;306.127;447.454;101.882;158;0;1.003.451;1.014;22.628;53.718;80.750;21.585;24;0;179.720;792;12.822;30.674;41.601;8.563;6;0;94.458;27.894;2.444.568;1.295.747;1.222.540;309.536;1.322;0;5.301.606;0;24;37;34;2;0;0;97;36.108;462.597;1.140.395;1.728.084;411.879;8.015;0;3.787.078;10.164;237.066;504.196;542.688;80.460;132;0;1.374.706;20;616;0
BANRISUL;30.173;b1;C;1;;199;PORTO ALEGRE;RS;09/2012;11.310.775;639;53.477;67.864;31.994;3.928;6.850;0;164.751;47.376;1.289.496;1.465.856;1.167.495;282.463;79.847;0;4.332.532;8.841;177.352;273.000;465.831;66.424;10.739;0;1.002.187;259;39.482;71.658;41.040;24.930;50.637;264;228.270;219;3.500;7.543;28.648;10.717;7.598;0;58.223;86.826;952.771;1.096.492;708.659;166.381;63.950;0;3.075.080;9;6.222;15.803;21.029;7.700;33.634;4.854;89.249;6.815;111.279;170.231;154.426;47.413;25.093;0;515.258;24.188;321.377;486.025;614.254;207.206;116.804;0;1.769.854;210;5.991;69.170
BIC;32.119;b1;C;2;;199;SAO PAULO;SP;09/2012;10.956.563;1.199;149.797;113.422;51.830;16.061;0;0;332.309;64.936;1.078.833;1.385.121;431.333;94.569;12.405;0;3.067.197;85.228;557.806;548.659;350.961;38.106;307;0;1.581.068;35.244;238.280;139.860;72.738;13.624;0;0;499.745;134;11.944;15.708;16.417;991;0;0;45.195;48.441;558.194;845.677;194.928;21.353;4;0;1.668.598;0;3.267;1.288;3.292;0;0;0;7.847;46.416;106.588;202.949;212.806;20.860;0;0;589.620;55.666;834.915;828.766;643.097;101.420;225;0;2.464.088;0;24;700.871
CITIBANK;30.403;b1;C;3;;199;SAO PAULO;SP;09/2012;10.600.207;7.386;68.507;117.772;24.360;0;0;0;218.025;71.926;2.965.414;1.894.693;334.249;130.829;1.478;0;5.398.589;11.717;55.432;53.528;24.049;2.470;0;0;147.197;60;3.229;20.934;12.374;0;0;0;36.596;0;47.302;194.730;102;0;0;0;242.134;24.041;1.145.262;1.384.685;387.928;589;0;0;2.942.504;0;16;0;0;0;0;0;17;7.786;83.636;79.539;118.989;24.104;12.734;0;326.787;12.521;581.149;436.283;254.426;2.626;832;0;1.287.836;10;512;0
BANCO DO NORDESTE DO BRASIL S.A.;7.237.373;b1;I;1;;8;FORTALEZA;CE;09/2012;8.750.479;67.536;48.755;67.909;9.558;5.080;121.190;654;320.682;86.821;234.046;655.839;289.810;117.906;145.735;53.431;1.583.588;24.841;173.623;133.013;151.425;3.451;1.908;0;488.260;75;136.508;357.445;269.760;240.666;981.913;248.997;2.235.364;445;1.650;2.544;1.004;13;0;0;5.656;132.337;421.015;1.084.741;306.022;17.468;13.130;11;1.974.725;42;16.784;63.533;257.918;266.317;709.730;13.161;1.327.485;11.721;18.127;37.145;34.921;17.643;80.963;1.494;202.014;50.933;71.871;174.885;167.934;50.477;75.216;0;591.316;21.192;198;0
MERCEDES-BENZ;51.262;b2;C;3;;198;SAO PAULO;SP;09/2012;8.611.117;1.908;11.458;23.177;29.523;7.058;9;0;73.133;2.512;70.698;176.272;260.687;64.899;1.661;0;576.730;5.048;85.709;232.471;321.417;91.326;203;0;736.174;214;8.047;20.357;30.326;8.054;0;0;66.998;431;7.861;21.436;33.378;9.097;29;0;72.232;76.408;978.682;353.667;522.294;136.900;243;0;2.068.195;0;9;25;52;21;0;0;107;23.302;518.189;1.387.999;2.123.104;671.120;42.501;0;4.766.215;1.406;31.093;78.455;112.897;27.466;11;0;251.328;0;6;0
ABC-BRASIL;41.856;b1;C;3;;199;SAO PAULO;SP;09/2012;8.439.563;1.105;74.699;109.175;126.988;34.619;2.474;0;349.059;33.262;766.089;929.633;592.025;122.396;15.416;0;2.458.820;384;218.027;230.652;269.901;35.166;43.425;0;797.555;3.699;352.583;105.171;48.021;12.858;0;0;522.333;0;37.675;37.766;10.145;667;0;0;86.254;6.111;451.382;471.161;213.525;88.450;8.589;0;1.239.217;0;0;0;0;0;0;0;0;633;46.758;93.544;117.353;35.587;2.877;0;296.753;5.053;322.400;362.058;340.304;56.355;840;0;1.087.010;0;10;1.602.552
BTG PACTUAL;49.944;b1;C;2;;199;RIO DE JANEIRO;RJ;09/2012;6.791.598;0;0;0;0;0;0;0;0;3.086;160.835;761.814;859.964;112.848;7.107;8.292;1.913.947;0;233.149;536.064;364.078;71.912;16.863;202;1.222.268;0;0;329.259;104;100;414;0;329.877;0;0;0;0;0;0;0;0;1.504;140.498;153.277;60.668;5.719;0;0;361.665;0;0;0;0;0;0;0;0;0;733;9.549;42.142;12.402;0;0;64.827;11.025;91.312;302.008;438.609;46.980;33.667;190;923.792;0;0;1.975.224
BANCO REGIONAL DE DESENVOLVIMENTO DO EXTREMO SUL;92.816.560;b4;I;1;;5;PORTO ALEGRE;RS;09/2012;5.778.906;21.348;13.884;41.260;113.716;75.617;165.467;65;431.357;16.454;87.211;281.397;691.150;490.898;456.621;0;2.023.730;241;1.782;4.779;10.310;6.062;11.591;0;34.765;22;17.018;44.243;128.835;120.703;243.331;0;554.152;0;265;723;2.231;1.529;2.482;0;7.230;5.999;55.518;280.688;680.847;537.824;517.502;0;2.078.378;0;2.198;6.876;14.326;2.370;196;0;25.967;2.528;18.071;37.192;90.933;59.635;133.739;0;342.099;1.394;12.842;41.619;101.203;70.697;53.463;0;281.217;0;11;0
BANCO COOPERATIVO SICREDI S.A.;1.181.521;b1;I;2;;11;PORTO ALEGRE;RS;09/2012;5.613.927;2;9.763;2.556;7.371;2.874;1.400;0;23.966;5.555;27.838;40.272;32.229;16.872;17.482;0;140.247;8;662;1.979;4.450;2.816;3.127;0;13.042;2;29;93;221;178;184;0;708;0;74;275;696;515;382;0;1.941;36;11.167;49.522;18.928;9.938;8.941;1;98.534;0;0;0;0;0;0;57;57;3;4.439;13.382;33.341;25.940;18.891;0;95.997;12;702.196;4.059.970;418.968;52.927;4.515;0;5.238.589;0;845;0
CREDIT SUISSE;30.771;b1;C;3;;199;SAO PAULO;SP;09/2012;5.093.453;0;2.650;0;0;0;0;0;2.650;0;2.178;81.294;161.984;134.286;13.575;0;393.319;0;2.490;47.958;126.278;15.750;0;0;192.475;0;1.970;5.159;133.757;2.279;0;0;143.164;0;0;0;0;0;0;0;0;0;81;1.019;0;10.701;19.874;0;31.676;0;0;0;0;0;0;0;0;0;0;0;0;0;0;0;0;0;119.621;16.120;33.405;55.667;0;0;224.813;0;0;4.105.356
FIBRA;49.951;b1;C;2;;199;SAO PAULO;SP;09/2012;4.786.164;49;84.962;67.115;6.156;689;0;0;158.970;35.688;710.034;671.404;175.820;23.204;2.875;0;1.619.024;1.833;131.371;112.578;80.045;5.320;0;0;331.148;57;4.748;12.436;5.149;125;0;0;22.515;140;329;2.468;658;66;0;0;3.661;16.845;454.678;517.908;71.482;2.692;2;0;1.063.607;2;1;4;2;0;0;0;9;4.015;60.664;81.460;64.686;10.059;4;0;220.887;9.517;213.271;166.505;70.989;6.387;149;0;466.817;0;467;899.059
ALFA;51.293;b1;C;2;;199;SAO PAULO;SP;09/2012;4.776.801;13;17.282;11.271;8.644;3.468;0;0;40.678;415;802.759;639.109;279.984;35.675;10.113;0;1.768.055;1.092;184.178;336.575;188.009;51.602;57.584;0;819.040;4;121.458;23.225;108.641;14.240;13.809;0;281.377;0;9.683;63.535;5.075;1.897;328;0;80.518;421;248.588;312.366;100.455;7.278;1.716;0;670.825;0;0;0;0;0;0;0;0;401;30.077;105.765;105.183;52.992;11.044;0;305.462;1.313;226.115;312.392;240.411;29.254;1.249;0;810.735;0;112;0
BANCO DAYCOVAL S.A.;62.232.889;b1;I;2;;8;SAO PAULO;SP;09/2012;4.525.521;11;28.585;39.097;30.197;437;0;0;98.326;71.998;958.086;702.808;226.691;16.376;5.826;0;1.981.786;18.371;105.720;98.217;79.575;6.490;3;0;308.376;22.312;10.977;30.768;10.932;204;0;0;75.193;94;5.190;4.335;9.694;2.152;0;0;21.465;38.735;524.534;305.461;104.464;4.882;0;0;978.076;0;0;0;0;0;0;0;0;3.421;82.934;123.045;170.069;21.495;9.936;0;410.900;28.632;229.149;229.974;144.526;13.042;1.445;0;646.767;0;108;4.526
PINE;50.304;b1;C;2;;199;SAO PAULO;SP;09/2012;4.523.594;1.182;141.755;30.596;85.255;22.591;0;0;281.378;18.710;477.051;586.119;373.325;107.809;26.761;0;1.589.775;1.208;91.267;235.946;218.390;69.450;3.076;0;619.337;8.472;39.959;42.997;35.100;0;0;0;126.529;0;1.529;56.000;0;0;0;0;57.529;2.613;103.716;240.571;89.814;5.927;0;0;442.641;0;0;0;0;0;0;0;0;0;10.347;46.137;88.228;64.818;75.163;0;284.695;15.978;234.118;361.700;102.749;23.020;653;0;738.219;0;0;383.491
MERCANTIL DO BRASIL;20.152;b1;C;2;;199;BELO HORIZONTE;MG;09/2012;4.291.057;584;34.608;23.507;14.880;669;12.912;258;87.418;30.468;540.867;304.958;215.251;17.032;93.093;0;1.201.667;28.017;384.996;328.212;189.596;70.716;6.913;0;1.008.451;647;1.028;7.964;11.720;85;0;0;21.444;1.940;19.641;11.359;3.162;56;0;0;36.157;31.221;358.194;190.280;114.144;15.367;81.756;135;791.096;0;95;385;67;0;0;0;547;10.393;133.084;111.579;107.156;7.760;82;0;370.053;13.234;328.443;241.328;149.471;31.244;5.461;0;769.181;4.495;550;0
BANCO FIDIS S/A;62.237.425;b2;I;3;;8;BETIM;MG;09/2012;4.122.419;109;1.504;4.287;7.392;1.903;4;0;15.199;1.804;76.827;34.291;69.642;22.308;25;0;204.897;1.821;7.162;15.809;28.103;10.614;22;0;63.530;98;570;1.522;3.058;880;2;0;6.131;333;1.961;4.221;7.230;1.878;0;0;15.622;8.837;783.429;1.821.069;189.124;30.271;36;0;2.832.765;0;0;0;0;0;0;0;0;14.627;80.496;181.024;374.012;122.563;340;0;773.062;501;141.351;25.951;33.400;9.995;12;0;211.211;0;1;0
BANCOOB;51.750;b1;C;2;;199;BRASILIA;DF;09/2012;3.821.197;2;237;10.633;6.062;1.362;887;0;19.183;2.134;4.295;8.425;12.948;7.607;8.779;0;44.188;103;2.086;5.276;5.206;2.724;698;0;16.093;3;24;43;82;48;28;0;228;5;48;114;325;178;104;0;772;573;16.266;8.817;22.983;12.586;8.537;0;69.762;0;0;0;0;0;0;0;0;77;839;1.698;4.482;2.822;1.452;0;11.370;260;811.834;1.843.414;863.493;114.532;25.130;37;3.658.700;0;902;0
BANCO BVA S.A.;32.254.138;b1;I;2;;8;RIO DE JANEIRO;RJ;09/2012;3.812.857;2.628;7.031;23.578;90.837;39.573;13.347;0;176.993;35.110;89.528;145.084;291.523;146.282;3.002;0;710.529;10.499;59.965;223.494;775.360;213.381;23.607;0;1.306.305;7.618;4.341;12.684;25.843;48.105;0;0;98.592;0;4.114;0;0;0;0;0;4.114;9.560;50.505;53.845;80.081;13.267;32;0;207.289;0;0;0;0;0;0;0;0;6.619;14.591;19.004;42.455;16.946;0;0;99.616;30.528;199.862;178.234;604.214;189.395;7.184;0;1.209.417;0;3;0
BANCO CATERPILLAR S.A.;2.658.435;b2;I;3;;8;SAO PAULO;SP;09/2012;2.898.453;155;6.380;19.069;30.820;9.352;52;0;65.828;1.231;17.295;43.876;71.914;19.285;4.083;0;157.685;12.747;158.448;412.386;768.453;283.465;88.952;0;1.724.452;224;6.683;16.026;17.214;4.315;4;0;44.466;884;15.454;40.378;65.324;16.351;113;0;138.505;3.105;18.292;48.004;72.100;14.324;164;0;155.990;0;0;0;0;0;0;0;0;3.794;25.158;71.375;130.065;49.080;27.654;0;307.125;1.793;31.624;84.276;136.467;35.857;14.384;0;304.402;0;1;0
BANCO RABOBANK INTERNATIONAL BRASIL S.A.;1.023.570;b1;I;3;;8;SAO PAULO;SP;09/2012;2.883.592;488;105.290;79.279;64.956;48.982;14.858;0;313.853;0;401.163;469.039;291.251;392.284;159.628;0;1.713.365;0;87;244;651;623;380;0;1.985;0;131;365;974;933;568;0;2.971;0;0;0;0;0;0;0;0;0;225.273;255.212;197.598;585;105;0;678.774;0;0;0;0;0;0;0;0;0;16.866;7.299;4.660;3.668;771;0;33.265;0;1.341;1.002;13.644;8.152;1.401;0;25.540;0;0;113.839
DEUTSCHE;51.183;b1;C;3;;199;SAO PAULO;SP;09/2012;2.560.048;0;0;0;0;0;0;0;0;12.104;162.816;309.783;6.349;0;941.467;0;1.432.519;0;0;0;0;0;0;0;0;0;0;0;0;0;0;0;0;0;0;0;0;0;0;0;0;0;158.596;239.521;69.735;0;0;0;467.852;0;0;0;0;0;0;0;0;0;0;0;0;0;0;0;0;0;32.118;28.384;17.433;0;0;0;77.935;0;2;581.740
BANCO VOLVO BRASIL S.A.;58.017.179;b2;I;3;;8;CURITIBA;PR;09/2012;2.496.459;137;4.676;12.670;17.995;6.399;9;0;41.884;2.310;16.551;43.804;69.726;29.495;104;0;161.990;5.511;33.763;85.005;121.164;34.539;48;0;280.031;0;672;1.849;3.208;1.103;0;0;6.832;292;12.158;31.889;47.582;14.058;31;0;106.011;946;249.006;183.859;108.954;47.318;57;0;590.140;0;0;0;0;0;0;0;0;5.357;101.099;293.518;541.869;256.984;10.952;0;1.209.779;1.203;11.700;30.587;43.985;12.287;29;0;99.791;0;2;0
INDUSVAL;50.531;b1;C;2;;199;SAO PAULO;SP;09/2012;2.471.770;30;13.984;23.865;23.842;32.191;28.746;0;122.657;15.497;457.589;289.985;169.562;20.733;4.560;0;957.925;11.159;92.668;124.191;93.673;7.006;0;0;328.697;0;2.247;5.818;16.031;10.352;5.637;9.146;49.232;25;12.576;6.055;556;0;0;0;19.212;3.022;248.041;239.195;41.838;8.047;1.292;0;541.436;0;0;0;0;0;0;0;0;2.357;13.717;23.706;38.948;7.560;0;0;86.289;5.935;97.229;42.953;45.404;57.013;18.357;0;266.892;0;0;99.430
BANCO DE DESENVOLVIMENTO DE MINAS GERAIS S.A.-BDMG;38.486.817;b4;I;1;;5;BELO HORIZONTE;MG;09/2012;2.294.951;49;998;3.501;7.932;6.831;19.940;0;39.250;1.964;61.603;183.374;351.538;232.352;242.119;0;1.072.951;687;11.724;29.817;40.885;12.788;10.936;0;106.837;0;3.268;9.861;21.633;18.355;33.534;0;86.651;0;462;1.631;3.792;2.248;525;0;8.659;902;18.068;60.148;88.863;27.142;14.763;0;209.885;1.435;19.540;52.417;150.689;86.303;173.686;321;484.390;2.063;2.470;11.353;33.540;24.938;9.345;0;83.709;366;12.215;39.870;89.311;39.864;20.990;0;202.615;0;3;0
PANAMERICANO;31.323;b1;C;2;;199;SAO PAULO;SP;09/2012;2.276.062;572;24.642;41.738;3.439;1.239;0;0;71.629;16.335;161.116;318.511;91.416;2.812;2;0;590.193;760;178.810;545.958;177.594;6.877;14;0;910.014;3.460;26.846;19.004;2.076;2.623;0;0;54.009;98;1.958;14.168;4.046;575;12;0;20.857;1.607;56.851;131.427;39.179;5.663;5;0;234.732;0;3;9;31;0;0;0;43;4.978;13.127;33.118;65.206;20.413;33;0;136.874;5.126;43.797;99.680;90.071;17.436;1.587;6;257.702;0;9;0
RURAL;31.244;b1;C;2;;199;BELO HORIZONTE;MG;09/2012;2.239.345;592;13.889;13.221;18.478;11.757;0;0;57.937;46.238;199.528;142.154;79.704;13.445;0;0;481.070;31.125;117.385;110.345;74.554;27.323;15.618;0;376.351;2.114;33.703;10.532;857;0;0;0;47.206;89;3.098;3.769;16.746;0;0;0;23.702;17.182;149.421;125.763;63.728;31.309;0;0;387.404;0;0;0;0;0;0;0;0;1.550;19.637;20.524;5.750;1.591;0;0;49.052;12.926;107.961;207.746;131.054;33.152;7.763;0;500.602;0;7.431;308.591
BANCO IBM S.A.;34.270.520;b2;I;3;;8;RIO DE JANEIRO;RJ;09/2012;2.178.205;13;478;1.166;1.057;0;0;0;2.714;372;39.619;90.234;141.952;6.747;0;0;278.924;22;9.997;14.785;31.006;15.018;0;0;70.828;72;3.160;8.896;18.284;12.744;651;0;43.805;0;3.700;11.067;28.615;22.041;0;0;65.422;911;39.856;75.977;109.787;43.371;51.785;0;321.686;0;0;0;0;0;0;0;0;0;9.283;15.570;20.940;14.264;0;0;60.058;1.910;208.201;495.888;539.561;89.206;0;0;1.334.766;0;1;0
BANCO DA AMAZONIA S.A.;4.902.979;b1;I;1;;2;BELEM;PA;09/2012;1.994.846;492;2.940;9.641;1.444;110;4.845;0;19.471;13.667;81.176;55.748;81.660;24.242;2.720;0;259.214;2.477;10.568;16.791;23.968;941;2.137;0;56.883;13.661;328.672;236.194;93.946;230.921;95.903;62.271;1.061.567;15;262;528;162;0;0;0;967;11.192;70.213;148.817;88.301;31.053;4.700;0;354.276;1;4.703;13.273;35.334;33.744;36.804;0;123.859;1.275;3.729;5.980;12.610;10.972;50.714;7.193;92.474;2.912;6.029;5.821;7.276;2.844;1.178;0;26.060;0;75;0
JP MORGAN CHASE;20.107;b1;C;3;;199;SAO PAULO;SP;09/2012;1.982.723;0;45.862;0;0;0;0;57;45.919;0;342.569;417.562;52.180;0;0;16.714;829.025;0;0;0;0;0;0;0;0;0;0;0;0;0;0;0;0;0;184.628;205.466;0;0;0;0;390.094;0;29.539;93.351;0;0;0;8.261;131.152;0;0;0;0;0;0;0;0;0;23.448;21.083;0;0;0;3.010;47.541;20.562;376.267;129.918;0;0;0;12.246;538.993;0;0;0
BANCO CNH CAPITAL S.A.;2.992.446;b2;I;3;;8;CURITIBA;PR;09/2012;1.810.942;6.783;19.024;17.165;28.533;9.886;607;0;81.997;478;26.528;31.231;43.324;10.832;19;0;112.412;4.266;35.158;77.350;123.794;33.440;32;0;274.041;66;760;1.915;3.321;739;0;0;6.801;319;4.408;9.659;17.160;5.415;9;0;36.969;3.268;580.530;426.139;44.895;11.880;84;0;1.066.797;0;0;0;0;0;0;0;0;543;8.538;23.762;40.840;15.110;18;0;88.811;1.904;22.833;40.532;61.873;15.953;18;0;143.113;0;1;0
BMG;30.290;b1;C;2;;199;BELO HORIZONTE;MG;09/2012;1.696.841;0;1.251;1.465;960;0;0;0;3.676;2.608;33.723;35.662;20.815;7.305;4.447;0;104.559;29.985;158.753;100.905;51.742;165;0;0;341.550;12.376;21.767;36.996;33.619;0;0;0;104.758;16;284;3.188;12.323;0;0;0;15.810;964;8.285;31.168;8.096;8;0;0;48.521;0;0;50.401;110.002;0;0;0;160.403;5.619;21.598;50.492;82.214;46.462;5.743;0;212.128;33.266;153.019;239.466;256.630;22.357;663;0;705.401;0;35;0
BANESTES;30.159;b1;C;1;;199;VITORIA;ES;09/2012;1.692.545;6.040;7.351;4.928;10.853;6.813;4.666;0;40.650;14.762;100.216;157.533;106.635;47.465;38.633;0;465.244;2.028;56.436;40.727;40.885;12.077;3.033;0;155.187;86;6.041;6.823;4.817;480;0;0;18.248;567;10.725;22.599;11.912;3.222;2;0;49.028;10.890;238.370;250.639;88.372;20.968;3.410;0;612.649;3.365;0;0;0;0;0;0;3.365;9.529;36.481;51.218;64.372;9.029;18;0;170.647;1.634;44.242;51.218;59.978;14.475;5.594;0;177.142;0;387;0
BES;51.482;b2;C;3;;198;SAO PAULO;SP;09/2012;1.691.177;0;6.506;0;0;0;0;0;6.506;0;79.415;45.005;143.097;33.230;5.867;12.481;319.096;0;159.200;77.140;100.109;33.698;6.012;0;376.159;0;224.767;63.633;30.912;16.395;55.400;27.525;418.631;0;0;0;0;0;0;0;0;0;31.058;22.188;12.175;7.274;0;0;72.695;0;0;0;0;0;0;0;0;0;51;0;2.400;0;0;0;2.451;0;129.782;120.761;51.616;118.173;0;0;420.333;0;0;75.306
SOFISA;31.873;b1;C;2;;199;SAO PAULO;SP;09/2012;1.615.755;0;24.787;2.378;618;0;0;0;27.783;22.474;616.945;179.040;28.923;4.024;0;0;851.406;3.890;20.087;31.976;33.652;5.270;15.663;0;110.538;2.625;18.244;17.426;16.216;0;0;0;54.511;81;8.969;2.006;830;0;0;0;11.886;10.369;132.073;31.823;11.604;961;0;0;186.830;0;0;0;0;0;0;0;0;1.930;22.174;18.430;22.837;2.992;0;0;68.362;12.193;120.624;82.242;71.473;17.890;0;0;304.423;0;17;0
ING;51.073;b1;C;3;;199;SAO PAULO;SP;09/2012;1.554.475;0;63.564;246.242;0;0;0;0;309.807;0;267.044;275.624;10.880;2.720;0;0;556.268;0;0;0;0;0;0;0;0;0;0;50.754;46.626;0;0;0;97.380;0;0;102.097;0;0;0;0;102.097;0;26.855;235.068;90.227;30.000;0;0;382.150;0;0;0;0;0;0;0;0;0;0;0;0;0;0;0;0;0;11.477;34.390;59.121;1.786;0;0;106.774;0;0;0
BADESUL DESENVOLVIMENTO S.A - AGÊNCIA DE FOMENTO/RS;2.885.855;n1;I;1;;30;PORTO ALEGRE;RS;09/2012;1.416.918;49;2.525;5.116;13.943;12.156;17.247;0;51.036;6.139;68.038;108.724;221.209;143.858;146.703;0;694.671;0;245;666;1.255;448;574;0;3.188;0;4.977;15.135;39.838;34.505;74.392;655;169.503;0;253;3.822;8.924;845;229;0;14.073;440;7.982;18.355;67.895;56.782;37.869;0;189.324;0;8.465;23.212;50.385;15.618;20.440;2.326;120.446;238;3.701;9.757;32.245;22.315;29.131;0;97.387;557;3.095;13.458;43.623;7.253;9.119;183;77.289;0;0;0
BNP PARIBAS;51.516;b1;C;3;;199;SAO PAULO;SP;09/2012;1.395.806;0;18.508;18.156;21;0;0;0;36.684;1;80.946;366.169;108;5;0;0;447.230;780;236;120;59;8;0;0;1.203;0;3.452;14.170;23.785;10.541;9.663;0;61.612;0;9;26;19;0;0;0;54;12;215.334;65.261;299;2;0;0;280.909;0;0;0;0;0;0;0;0;11;374;8.226;113;9;0;0;8.734;209;44.825;146.363;311.594;51.841;4.548;0;559.380;0;1;0
BANCO SUMITOMO MITSUI BRASILEIRO S.A.;60.518.222;b1;I;3;;8;SAO PAULO;SP;09/2012;1.329.860;0;1.165;0;0;0;0;0;1.165;0;520.972;521.558;66.366;10.151;0;0;1.119.047;0;2.001;0;0;0;0;0;2.001;0;29.833;0;0;0;0;0;29.833;0;0;0;0;0;0;0;0;0;65.394;101.011;0;0;0;0;166.405;0;0;0;0;0;0;0;0;0;0;0;0;0;0;0;0;0;11.407;0;0;0;0;0;11.407;0;2;0
BANCO DE LAGE LANDEN BRASIL S.A.;5.040.481;b2;I;3;;8;PORTO ALEGRE;RS;09/2012;1.278.430;2.612;11.648;18.339;37.448;14.337;2.956;0;87.341;2.269;16.642;41.181;65.953;19.637;5.486;0;151.169;5.771;39.228;98.117;169.071;28.410;64;0;340.661;14;768;2.011;2.694;368;0;0;5.856;192;6.959;17.994;30.540;4.122;3;0;59.810;1.044;100.777;96.748;49.499;12.229;2.160;0;262.457;0;0;0;0;0;0;0;0;829;18.712;51.052;91.762;30.618;1.804;0;194.776;1.141;21.894;50.877;83.758;18.482;210;0;176.361;0;0;0
SCANIA BANCO S.A.;11.417.016;b2;I;3;;8;SAO BERNARDO DO CAMPO;SP;09/2012;1.278.176;0;666;1.903;4.762;2.931;0;0;10.262;0;1.550;4.752;11.474;7.698;17;0;25.491;1.594;4.251;13.716;25.185;6.967;0;0;51.713;0;50;189;488;373;0;0;1.100;0;437;1.222;2.240;488;0;0;4.386;372;96.196;10.577;25.346;18.135;22;0;150.648;0;0;0;0;0;0;0;0;3.443;64.470;197.323;474.000;237.394;16.580;0;993.210;0;23.485;3.412;8.797;5.663;11;0;41.367;0;1;0
HP FINANCIAL SERVICES ARRENDAMENTO MERCANTIL S.A.;97.406.706;n1;I;3;;19;BARUERI;SP;09/2012;1.244.575;5;56;32;42;0;0;0;134;1.981;32.563;78.264;132.414;26.053;13;19.378;290.665;65;2.779;6.605;10.169;1.755;0;0;21.373;3;742;1.365;712;28;0;0;2.851;20;298;686;389;0;0;0;1.393;373;7.485;18.149;22.100;3.887;0;0;51.993;0;0;0;0;0;0;0;0;63;1.741;4.098;4.774;324;0;0;11.000;1.100;87.880;217.047;374.294;140.354;51;44.438;865.164;0;1;0
BANCO GMAC S.A.;59.274.605;b2;I;3;;8;SAO PAULO;SP;09/2012;1.217.948;31;801;1.875;1.950;226;0;0;4.884;364;5.116;11.389;13.410;1.998;0;0;32.276;319;3.350;6.548;7.203;1.027;0;0;18.447;7;129;286;254;42;0;0;718;29;156;346;326;19;0;0;875;1.204;268.316;696.018;52.997;7.876;0;0;1.026.411;0;11;16;17;1;0;0;45;206;2.752;6.104;6.393;798;0;0;16.254;830;19.513;47.780;44.028;5.828;0;0;117.978;0;60;0
BBM;30.207;b1;C;2;;199;SALVADOR;BA;09/2012;1.180.435;0;16.056;34.886;21.800;0;0;0;72.741;3.149;141.453;306.883;85.443;4.431;0;0;541.359;0;38.084;114.992;54.018;0;0;0;207.093;0;32.734;29.362;1.067;0;0;0;63.163;0;0;0;0;0;0;0;0;822;57.737;102.836;11.779;35;0;0;173.209;0;0;0;0;0;0;0;0;0;0;0;0;0;0;0;0;17.293;20.767;54.003;16.007;76;51;0;108.197;0;0;14.673
BRB;31.976;b1;C;1;;199;BRASILIA;DF;09/2012;1.143.134;117;15.299;8.549;10.124;1.629;6.151;5;41.875;2.384;17.145;14.268;17.798;3.214;1.138;90;56.037;7.567;69.094;125.597;101.775;34.823;0;111;338.968;57;400;703;755;232;88;4;2.240;10;145;273;452;0;0;0;880;22.158;103.207;86.578;93.693;6.616;502;547;313.302;0;0;0;0;0;0;0;0;1.235;8.976;11.016;15.779;2.883;19;21;39.928;13.355;97.550;98.521;107.191;23.034;9.609;415;349.676;0;230;0
BANCO DE TOKYO-MITSUBISHI UFJ BRASIL S.A.;60.498.557;b1;I;3;;8;SAO PAULO;SP;09/2012;1.098.942;0;0;7.129;0;0;0;0;7.129;0;302.487;322.058;5.541;0;0;0;630.086;0;2.001;0;0;0;0;0;2.001;0;0;432;30.000;0;0;0;30.432;0;0;0;0;0;0;0;0;0;54.285;17.161;116.915;0;0;0;188.361;0;0;0;0;0;0;0;0;0;156;10.849;1.077;129;0;0;12.211;0;4.975;61.299;162.448;0;0;0;228.722;0;0;0
INDUSTRIAL DO BRASIL;50.988;b1;C;2;;199;SAO PAULO;SP;09/2012;1.077.025;0;5.128;17.217;21.746;0;0;0;44.091;1.762;170.285;187.757;48.540;2.149;0;0;410.493;587;23.203;24.993;42.322;4.897;0;0;96.003;0;27.346;247;79;0;0;0;27.671;0;1.637;0;0;0;0;0;1.637;435;159.199;59.091;12.100;118;0;0;230.943;0;561;1.189;0;0;0;0;1.751;391;15.117;10.040;13.078;1.686;0;0;40.313;136;56.063;56.380;82.271;29.271;0;0;224.120;0;3;0
PSA FINANCE;51.365;b2;C;3;;198;SAO PAULO;SP;09/2012;963.447;10;57;140;103;0;0;0;309;152;1.082;2.684;2.989;217;0;0;7.124;71;441;1.020;1.148;57;0;0;2.737;0;10;25;29;5;0;0;70;0;5;9;0;0;0;0;14;1.069;868.389;42.905;9.152;710;0;0;922.224;0;2;5;2;0;0;0;9;226;1.523;3.933;3.142;157;0;0;8.981;233;3.020;7.495;10.373;853;0;0;21.973;0;5;0
BANCO TRIANGULO S.A.;17.351.180;b1;I;2;;8;UBERLANDIA;MG;09/2012;963.036;16;86;334;308;72;0;0;816;4.140;62.509;38.471;19.002;215;0;0;124.336;61;402;900;636;0;0;0;1.998;3;0;0;0;0;0;0;3;0;57;136;312;220;0;0;724;25.877;279.755;349.607;116.085;8.629;980;0;780.932;0;1;0;0;0;0;0;1;335;2.769;5.357;4.491;257;0;0;13.209;3.119;10.817;16.251;5.770;698;16;0;36.671;0;4.345;0
BOFA MERRILL LYNCH;51.255;b1;C;3;;199;SAO PAULO;SP;09/2012;962.491;0;0;0;0;0;0;0;0;0;77.723;358.751;0;0;0;0;436.473;0;91.937;0;0;0;0;0;91.937;0;0;0;0;0;0;0;0;0;162.963;58.256;0;0;0;0;221.219;0;4.012;178.380;0;0;0;0;182.392;0;0;0;0;0;0;0;0;0;0;0;0;0;0;0;0;0;0;30.469;0;0;0;0;30.469;0;0;0
TOYOTA;51.334;b2;C;3;;198;SAO PAULO;SP;09/2012;789.012;62;1.836;3.743;2.893;193;0;0;8.727;436;12.867;28.968;26.701;1.593;1;0;70.566;304;6.628;13.542;12.828;702;0;0;34.004;6;1.507;3.901;3.363;42;0;0;8.820;19;352;770;694;8;0;0;1.844;1.007;317.251;92.185;58.359;3.512;4;0;472.317;0;2;1;0;0;0;0;3;745;10.360;23.927;24.227;4.146;95;0;63.500;5.589;23.232;53.290;44.887;2.225;2;0;129.225;0;6;0
JOHN DEERE;50.071;b1;C;3;;199;INDAIATUBA;SP;09/2012;754.326;2.061;15.296;21.688;57.443;42.947;4.560;0;143.995;0;4.831;12.566;25.201;8.059;0;0;50.657;0;147;427;1.051;312;0;0;1.936;0;0;0;0;0;0;0;0;0;0;0;0;0;0;0;0;39;472.525;45.379;14.462;6.616;2.067;0;541.089;0;0;0;0;0;0;0;0;0;384;1.117;1.492;509;0;0;3.501;0;1.057;2.402;6.373;3.315;0;0;13.147;0;0;0
RODOBENS;51.736;b1;C;2;;199;SAO PAULO;SP;09/2012;732.898;38;1.541;3.438;6.606;3.402;3;0;15.028;916;12.409;30.629;43.514;15.061;37;0;102.566;525;6.601;32.053;28.314;10.001;4;0;77.498;129;308;757;1.334;520;0;0;3.049;56;2.125;5.608;11.886;3.223;0;0;22.897;1.087;15.665;40.192;65.752;22.662;833;0;146.191;0;0;0;0;0;0;0;0;2.599;28.066;72.120;133.284;47.957;285;0;284.311;731;14.039;32.448;27.350;6.635;152;0;81.353;0;6;0
CREDIT AGRICOLE;51.066;b1;C;3;;199;SAO PAULO;SP;09/2012;709.327;0;0;0;0;0;0;0;0;0;69.129;184.005;806;0;0;0;253.941;0;0;0;0;0;0;0;0;0;0;0;0;0;0;0;0;0;0;0;0;0;0;0;0;0;104.518;240.538;0;0;0;0;345.056;0;0;0;0;0;0;0;0;0;0;0;0;0;0;0;0;0;31.241;79.089;0;0;0;0;110.330;0;0;0
BANCO MONEO S.A.;7.441.209;b2;I;2;;8;CAXIAS DO SUL;RS;09/2012;688.485;3;21;51;103;12;0;0;190;0;13.170;3.727;3.216;169;0;0;20.283;0;26;74;131;70;0;0;301;0;12;32;11;0;0;0;55;0;0;0;0;0;0;0;0;0;9.313;2.052;2.519;380;4;0;14.267;0;0;0;0;0;0;0;0;6.898;56.972;151.608;267.157;121.210;9.022;0;612.867;109;4.825;11.539;19.364;4.576;109;0;40.522;0;0;0
AGÊNCIA DE FOMENTO DO PARANÁ S.A.;3.584.906;n1;I;1;;30;CURITIBA;PR;09/2012;649.501;0;4;10;15;0;0;0;29;91;399;1.084;1.817;249;0;0;3.640;22;67;182;283;0;0;0;555;2;8;20;36;0;0;0;66;0;0;0;0;0;0;0;0;186;1.353;3.467;5.039;423;0;0;10.468;124;39.396;105.080;261.037;138.651;84.244;0;628.532;21;148;368;553;32;0;0;1.122;163;622;1.659;2.397;140;11;0;4.992;0;98;0
BANCO CARGILL S.A.;3.609.817;b1;I;3;;8;SAO PAULO;SP;09/2012;632.320;0;5.781;20.685;2.126;0;0;0;28.592;35.775;75.087;319.118;2.269;0;0;0;432.249;0;0;0;0;0;0;0;0;0;0;0;0;0;0;0;0;0;0;0;0;0;0;0;0;0;51.441;64.486;0;0;0;0;115.927;0;0;0;0;0;0;0;0;1.561;4.742;5.516;3.244;0;0;0;15.063;0;0;40.488;0;0;0;0;40.488;0;0;0
BANIF;20.255;b1;C;3;;199;SAO PAULO;SP;09/2012;628.296;0;0;200;0;0;0;0;200;21.186;10.817;27.979;13.555;6.581;10.696;0;90.815;52.511;59.177;131.065;20.417;10.051;2.917;0;276.138;2;1;0;0;0;0;0;3;0;16;8.181;79;16;0;0;8.291;8.572;4.910;9.773;2.331;823;183;0;26.593;0;7;17;10;0;0;0;33;4.743;6.332;10.289;17.705;1.579;0;0;40.647;38.000;23.978;71.228;38.050;9.199;5.103;0;185.558;0;17;0
BANCO FORD S.A.;90.731.688;b2;I;3;;8;SAO PAULO;SP;09/2012;568.837;0;0;0;0;0;0;0;0;0;0;0;0;0;0;0;0;0;0;0;0;0;0;0;0;0;0;0;0;0;0;0;0;0;0;0;0;0;0;0;0;5.689;259.797;293.634;3.381;98;0;0;562.599;0;0;0;0;0;0;0;0;0;0;0;0;0;0;0;0;0;818;5.418;0;0;0;0;6.236;0;2;0
NOSSA CAIXA DESENVOLVIMENTO - AGÊNCIA DE FOMENTO DO ESTADO DE SÃO PAULO S.A.;10.663.610;n1;I;1;;30;SAO PAULO;SP;09/2012;568.144;0;37;117;297;230;15;0;695;3.720;27.488;76.671;121.293;49.096;16.105;0;294.372;8;431;1.821;4.268;3.504;2.530;0;12.562;14;2.614;7.277;16.318;13.769;2.111;0;42.102;0;0;0;0;0;0;0;0;1.642;7.799;17.215;14.211;2.397;369;0;43.632;20;3.227;11.678;40.581;27.753;5.453;0;88.713;74;1.219;4.577;4.916;1.728;0;0;12.514;237;6.825;18.777;27.107;13.169;7.437;0;73.553;0;0;0
BANCO GUANABARA S.A.;31.880.826;b1;I;2;;8;RIO DE JANEIRO;RJ;09/2012;552.684;0;778;2.347;2.818;194;0;0;6.137;3.597;13.442;30.677;28.506;2.829;0;0;79.051;1.673;11.037;17.941;9.668;381;0;0;40.699;2.538;1.038;2.635;6.340;1.386;0;0;13.936;0;467;1.402;2.113;0;0;0;3.982;667;14.366;25.530;12.850;419;0;0;53.831;0;0;0;0;0;0;0;0;7.087;43.503;116.429;124.649;8.021;0;0;299.690;2.317;8.851;31.419;12.288;483;0;0;55.357;0;1;0
RENDIMENTO;51.468;b1;C;2;;199;SAO PAULO;SP;09/2012;515.110;730;9.389;15.653;2.658;0;0;0;28.430;12.609;90.894;56.423;20.750;2.409;0;0;183.084;386;17.359;15.190;6.024;0;0;0;38.959;0;1.879;4.417;1.582;0;0;0;7.877;0;0;0;0;0;0;0;0;1.533;57.269;32.934;2.170;12;151;0;94.069;0;0;0;0;0;0;0;0;1.104;2.099;2.983;5.268;2.360;1.440;0;15.254;4.447;57.992;57.488;27.447;33;0;0;147.407;19;10;0
SOCIETE GENERALE;31.859;b1;C;3;;199;SAO PAULO;SP;09/2012;506.433;0;1.019;1.990;2.326;105;0;0;5.439;118;56.340;68.547;105.779;16.712;0;0;247.495;50;3.343;7.476;9.393;992;15;0;21.269;0;205;15.486;0;0;0;0;15.691;88;1.350;1.901;1.720;171;0;0;5.230;6;3.136;25.795;21.006;2.366;0;0;52.310;3.359;0;0;0;0;0;0;3.359;8;6.405;20.728;27.828;13.327;0;0;68.297;190;10.970;28.342;42.834;4.369;0;639;87.343;0;0;0
AGÊNCIA DE FOMENTO DO ESTADO DE SANTA CATARINA S.A.-BADESC;82.937.293;n1;I;1;;30;FLORIANOPOLIS;SC;09/2012;503.933;143;600;49;72;76;8.760;0;9.699;2.038;9.851;26.443;61.828;29.791;21.898;508;152.356;0;128;632;4.534;3.574;0;0;8.868;19;639;447;901;55;0;0;2.061;0;141;395;931;229;0;0;1.697;1.170;3.897;11.394;28.541;10.720;1.288;0;57.011;78;21.631;64.872;95.357;11.881;6;0;193.826;0;202;831;1.831;453;268;0;3.585;124;3.604;14.129;39.306;14.348;3.319;0;74.830;0;1;0
BANCO DO ESTADO DE SERGIPE S.A.;13.009.717;b1;I;1;;8;ARACAJU;SE;09/2012;485.867;74;2.087;4.176;1.118;534;0;0;7.989;1.298;19.485;17.528;15.256;7.878;7.738;0;69.183;2.500;21.080;51.866;79.660;11.851;0;0;166.957;0;53;147;376;281;0;0;857;2;270;200;401;130;0;0;1.003;2.699;45.753;49.156;17.645;4.535;1.346;0;121.134;0;0;0;0;0;0;0;0;499;9.253;5.398;7.614;2.853;0;0;25.617;3.231;25.435;21.682;29.092;10.302;3.211;0;92.952;0;175;0
WESTLB;51.554;b1;I;3;;199;SAO PAULO;SP;09/2012;482.463;0;0;62.019;0;0;0;0;62.019;0;2.322;217.316;24.232;37.036;0;0;280.906;0;0;5.417;0;0;0;0;5.417;0;0;0;0;0;0;0;0;0;0;0;15.919;0;0;0;15.919;0;1.135;77.152;4.666;1.304;0;0;84.257;0;0;0;0;0;0;0;0;0;0;0;0;0;0;0;0;0;2.581;18.807;12.557;0;0;0;33.946;0;0;0
BANCO COMMERCIAL INVESTMENT TRUST DO BRASIL S.A. - BANCO MÚLTIPLO;43.818.780;b2;I;3;;8;BARUERI;SP;09/2012;465.721;0;291;512;505;0;0;0;1.308;277;21.970;50.377;52.918;2.186;0;0;127.728;402;4.122;9.499;12.378;627;0;0;27.028;0;628;1.785;3.679;157;0;0;6.249;12;307;824;1.146;32;0;0;2.321;176;10.240;22.796;28.772;1.880;0;0;63.863;0;0;0;0;0;0;0;0;325;3.534;16.960;19.693;3.586;124;0;44.222;292;32.035;74.411;79.794;6.456;5;0;192.992;0;9;0
ORIGINAL;51.781;b1;C;2;;199;PORTO ALEGRE;RS;09/2012;395.817;5.548;11.884;58.937;35.936;214;0;0;112.519;45;13.182;34.117;10.937;0;0;0;58.281;1.604;54.900;31.088;5.120;53;0;0;92.765;0;4.952;9.355;8.513;0;0;0;22.820;0;0;0;0;0;0;0;0;844;14.228;20.084;3.139;0;0;0;38.295;0;0;0;0;0;0;0;0;0;3.950;106;0;0;0;0;4.057;0;6.674;16.666;40.470;3.270;0;0;67.079;0;1;0
INTERCAP;50.476;b1;C;2;;199;SAO PAULO;SP;09/2012;351.750;0;6.926;3.995;2.716;0;0;0;13.637;10.477;59.971;61.091;19.788;411;0;0;151.739;245;829;10.110;3.571;0;0;0;14.754;4.815;0;0;0;0;0;0;4.815;0;0;0;0;0;0;0;0;7.967;30.842;37.209;11.506;106;0;0;87.630;0;0;0;0;0;0;0;0;431;3.702;6.225;5.923;633;0;0;16.915;2.886;11.149;32.835;15.251;138;0;0;62.259;0;0;0
BMW;51.420;n1;C;3;;197;SAO PAULO;SP;09/2012;317.612;0;72;189;353;34;0;0;648;61;1.844;4.773;5.478;236;2;0;12.394;5;1.352;3.193;4.172;316;0;0;9.038;0;63;148;190;29;0;0;429;0;91;237;149;0;0;0;477;75;205.625;38.396;9.009;201;0;0;253.307;0;0;0;0;0;0;0;0;25;644;1.557;2.133;94;0;0;4.454;165;6.091;13.618;15.915;1.077;0;0;36.866;0;0;0
J.MALUCELLI;30.881;b1;C;2;;199;CURITIBA;PR;09/2012;315.757;0;2.607;0;0;0;0;0;2.607;1.479;37.268;31.585;16.290;2.481;0;0;89.103;633;24.476;18.723;7.630;577;0;0;52.039;252;22.989;2.129;453;0;0;0;25.824;0;0;0;0;0;0;0;0;160;23.551;16.302;6.458;2.284;0;0;48.756;0;0;0;0;0;0;0;0;927;3.513;4.507;3.776;2.082;0;0;14.805;12;21.137;35.758;25.317;384;0;0;82.608;0;14;0
BANCO MODAL S.A.;30.723.886;b1;I;2;;8;RIO DE JANEIRO;RJ;09/2012;294.022;0;0;0;0;0;0;0;0;0;21.705;18.117;11.742;0;0;0;51.564;0;38.201;117.088;4.926;0;0;0;160.215;0;2.381;0;0;0;0;0;2.381;0;3.248;1.220;80;0;0;0;4.548;0;2.160;4.550;871;0;0;0;7.581;0;0;0;0;0;0;0;0;138;2.775;546;0;0;0;0;3.460;0;40.913;14.018;9.343;0;0;0;64.273;0;0;0
COOPERATIVA DE CRÉDITO DE LIVRE ADMISSÃO DE ASSOCIADOS PIONEIRA DA SERRA GAÚCHA   SICREDI PIONEIRA RS;91.586.982;b3S;I;2;;9;NOVA PETROPOLIS;RS;09/2012;286.740;68;1.895;3.237;504;259;65;3;6.032;2.708;40.477;30.036;25.091;4.515;359;118;103.305;216;4.492;6.893;4.857;488;16;13;16.975;5;858;286;102;8;2;1;1.262;0;206;285;349;12;0;0;851;1.777;32.943;30.030;26.545;4.376;174;195;96.039;0;0;0;0;0;0;0;0;226;5.788;6.561;6.484;951;8;54;20.073;530;10.438;14.129;13.798;2.933;104;54;41.987;0;215;0
BANCO TRICURY S.A.;57.839.805;b2;I;2;;8;SAO PAULO;SP;09/2012;285.515;0;2.280;5.553;6.132;876;0;0;14.841;854;30.051;30.962;33.698;0;0;0;95.565;161;7.029;20.965;20.913;0;0;0;49.068;0;2.937;5.587;756;0;0;0;9.279;0;10.185;0;0;0;0;0;10.185;449;3.393;6.683;11.674;3.314;0;0;25.513;0;0;0;0;0;0;0;0;493;1.671;2.715;2.846;0;0;0;7.726;3.066;7.864;28.516;32.592;1.300;0;0;73.339;0;0;0
DESENBAHIA - AGENCIA DE FOMENTO DO ESTADO DA BAHIA S.A.;15.163.587;n1;I;1;;30;SALVADOR;BA;09/2012;284.473;412;3.562;2.843;1.231;49;73.415;0;81.511;51;1.300;3.389;6.143;4.018;1.400;0;16.301;53;1.327;2.275;3.059;1.998;2.045;0;10.758;0;0;0;0;0;0;0;0;0;0;0;0;0;0;0;0;0;379;1.513;4.321;1.832;2.737;0;10.782;0;3.238;9.338;22.533;16.865;26.983;0;78.958;0;327;0;2.571;3.429;16.857;7.077;30.261;3.337;3.021;10.242;13.690;11.657;13.955;0;55.902;0;0;0
CAIXA GERAL;51.815;b1;C;3;;199;SAO PAULO;SP;09/2012;283.492;0;0;0;0;0;0;0;0;0;10.828;12.229;35.545;2.385;0;0;60.987;0;35.251;20.093;0;0;0;0;55.345;0;1.628;37.881;16.906;19.500;28.000;0;103.915;0;0;0;0;0;0;0;0;0;35.485;338;0;0;0;0;35.823;0;0;0;0;0;0;0;0;0;6.172;11.952;1.396;698;0;0;20.218;0;5.798;679;728;0;0;0;7.204;0;0;0
BONSUCESSO;50.706;b1;C;2;;199;BELO HORIZONTE;MG;09/2012;281.438;0;3.641;7.463;14.926;0;0;0;26.029;15.605;25.226;41.578;24.006;434;0;0;106.849;1.086;18.082;9.767;4.617;360;0;0;33.911;486;3.450;8.661;927;0;0;0;13.523;0;874;27.145;3.258;0;0;0;31.277;1.293;6.654;4.680;4.555;2.882;0;0;20.065;0;0;0;0;0;0;0;0;35;3.357;2.346;88;18;0;0;5.844;22.251;7.978;8.611;4.892;136;71;0;43.939;0;0;0
COOPERATIVA DE CRÉDITO CREDICITRUS;54.037.916;b3S;I;2;;9;BEBEDOURO;SP;09/2012;275.257;152;17.628;19.506;16.740;8.411;3.439;746;66.623;6.701;28.210;58.003;13.299;1.539;0;1.096;108.848;1;12.045;1.313;254;21;0;130;13.764;0;69;25;71;11;0;27;204;0;157;9;0;0;0;28;194;15;9.465;32.039;12.970;6.768;368;2.629;64.253;0;0;0;0;0;0;0;0;1;2.326;2.719;2.787;332;1;646;8.811;79;1.290;7.007;2.864;760;0;536;12.536;0;24;0
CSILATINA ARRENDAMENTO MERCANTIL S.A.;5.883.884;n1;I;3;;19;BARUERI;SP;09/2012;260.274;0;73;116;139;0;0;0;329;662;20.905;41.358;36.358;1.183;0;0;100.466;298;1.338;2.743;3.030;1;0;0;7.410;0;0;0;0;0;0;0;0;123;805;1.539;1.434;209;0;0;4.110;86;4.302;9.233;8.470;1.686;0;0;23.776;0;0;0;0;0;0;0;0;0;551;1.218;721;0;0;0;2.491;282;17.763;40.025;49.856;13.561;206;0;121.693;0;1;0
BARCLAYS;51.705;b1;C;3;;199;SAO PAULO;SP;09/2012;251.644;0;0;0;0;0;0;0;0;0;210;7;274;0;0;0;491;0;0;0;0;0;0;0;0;0;0;0;0;0;0;0;0;0;0;0;0;0;0;0;0;0;0;0;0;0;0;0;0;0;0;0;0;0;0;0;0;0;0;0;0;0;0;0;0;0;1.153;250.000;0;0;0;0;251.153;0;0;0
COOPERATIVA DE CRÉDITO DOS PRODUTORES RURAIS E EMPRESÁRIOS DO INTERIOR PAULISTA;71.328.769;b3S;I;2;;9;SERTAOZINHO;SP;09/2012;239.105;25;21.937;6.280;8.597;696;7.498;1.033;46.066;3.290;18.425;13.919;22.768;7.675;20;26.105;92.203;65;310;608;1.541;559;0;2.390;5.472;0;2.115;11;21;21;0;50;2.218;0;0;0;0;0;0;197;197;970;19.154;13.136;9.251;2.624;0;16.723;61.858;0;0;0;0;0;0;0;0;208;1.946;1.650;2.047;136;0;1.591;7.579;148;8.203;6.775;3.646;833;0;3.862;23.467;0;43;0
COOPERATIVA DE CRÉDITO DOS MÉDICOS, PROFISSIONAIS DA ÁREA DA SAÚDE, PROFESSORES, CONTABILISTAS E EMPRESÁRIOS DA GRANDE FLORIANÓPOLIS LTDA. - UNICRED FLORIANÓPOLIS;74.064.502;b3S;I;2;;9;FLORIANOPOLIS;SC;09/2012;219.415;0;0;0;0;0;0;0;0;17;1.702;4.086;7.850;5.324;486;0;19.466;0;2.550;17.521;5.235;3.060;1.951;0;30.317;0;0;0;0;0;0;0;0;0;0;0;0;0;0;0;0;113;7.238;7.136;10.312;4.957;395;0;30.151;0;47;63;97;17;1;0;225;0;135;733;1.740;1.211;2.044;0;5.862;94;14.892;25.965;45.993;28.794;17.625;0;133.362;0;33;0
BANCO INTERMEDIUM S/A;416.968;b1;I;2;;8;BELO HORIZONTE;MG;09/2012;217.350;0;553;198;130;0;0;0;882;6.254;43.268;39.682;8.674;198;0;0;98.075;11.522;22.697;21.400;5.710;3.423;2.108;0;66.860;30;4;0;0;0;0;0;34;8;313;60;108;59;12;0;560;1.328;6.394;3.180;1.152;5;0;0;12.058;0;0;0;0;0;0;0;0;0;2.139;3.596;2.349;0;0;0;8.085;1.189;9.971;13.199;5.117;979;340;0;30.794;0;2;0
BRICKELL S.A. CRÉDITO, FINANCIAMENTO E INVESTIMENTO;12.865.507;n1;I;2;;14;SAO PAULO;SP;09/2012;215.863;0;11.914;6.036;2.402;0;0;0;20.352;1.081;40.524;54.584;9.873;0;0;0;106.062;45;1.683;5.195;3.821;0;0;0;10.743;0;1.070;1.706;1.324;0;0;0;4.100;0;0;0;0;0;0;0;0;0;9.891;8.777;4.485;0;0;0;23.153;0;0;0;0;0;0;0;0;0;656;4.860;690;90;0;0;6.295;0;17.009;12.223;15.926;0;0;0;45.159;0;0;0
SOCOPA;50.328;b1;C;2;;199;SAO PAULO;SP;09/2012;202.577;9;3.017;0;0;0;0;0;3.026;5.250;51.786;26.251;9.755;0;0;0;93.042;87;2.927;6.772;3.385;196;21;0;13.388;2;0;0;0;0;0;0;2;80;0;0;0;0;0;0;80;2.581;28.837;27.228;2.511;0;0;0;61.157;0;0;0;0;0;0;0;0;455;1.032;4.125;283;0;0;0;5.894;571;7.673;6.653;11.089;0;0;0;25.985;0;3;0
COOPERATIVA DE POUPANÇA E CRÉDITO DE LIVRE ADMISSÃO DA REGIÃO DE MARINGÁ - SICOOB METROPOLITANO;3.459.850;b3S;I;2;;9;MARINGA;PR;09/2012;199.907;0;48;22;22;0;0;2;95;1.184;32.154;17.785;6.448;1.267;0;1.162;60.000;32;5.541;9.723;5.090;993;0;305;21.684;0;31;18;8;0;0;15;72;0;23;443;0;0;0;11;477;2.324;29.826;24.281;12.526;1.885;37;1.957;72.836;0;0;0;0;0;0;0;0;489;9.653;8.426;2.783;684;34;187;22.258;71;8.152;8.396;4.715;313;5;740;22.392;0;93;0
COOPERATIVA DE CRÉDITO DE LIVRE ADMISSÃO DO NORTE DO PARANÁ - SICOOB NORTE DO PARANÁ;5.582.619;b3S;I;2;;9;LONDRINA;PR;09/2012;183.415;0;1;0;0;0;0;10;11;882;28.153;18.462;4.873;892;220;1.246;54.729;137;8.542;9.634;2.564;34;82;230;21.223;2;269;16;32;0;0;0;320;0;0;0;0;0;0;0;0;1.168;25.217;35.637;8.559;1.414;212;2.849;75.055;0;0;0;0;0;0;0;0;54;4.710;1.786;788;41;0;323;7.701;459;5.133;14.865;1.826;326;833;902;24.344;0;33;0
BANCO LUSO BRASILEIRO S.A.;59.118.133;b1;I;2;;8;SAO PAULO;SP;09/2012;182.039;129;6.713;1.278;172;47;0;0;8.339;2.407;13.474;18.409;3.016;0;0;0;37.306;58;1.979;5.253;362;0;0;0;7.652;0;301;589;0;0;0;0;890;0;0;0;0;0;0;0;0;82;6.869;6.291;757;0;0;0;14.000;0;0;0;0;0;0;0;0;308;22.223;26.024;19.519;3.790;0;0;71.865;5;5.207;13.496;17.742;5.533;0;0;41.983;0;4;0
ASSOCIACAO DE POUPANCA E EMPRESTIMO - POUPEX;655.522;n1;I;2;;25;BRASILIA;DF;09/2012;180.330;0;0;0;0;0;0;0;0;0;0;0;0;0;0;0;0;0;1.869;167.286;0;0;0;0;169.155;0;0;0;0;0;0;0;0;0;0;0;0;0;0;0;0;0;0;0;0;0;0;0;0;0;0;0;0;0;0;0;0;0;0;0;0;0;0;0;0;0;0;11.175;0;0;0;0;11.175;0;0;0
COOPERATIVA CENTRAL DE CRÉDITO DO RIO GRANDE DO SUL E SANTA CATARINA - CENTRAL SICREDI SUL;87.437.687;b3C;I;2;;9;PORTO ALEGRE;RS;09/2012;173.701;0;0;0;0;0;0;0;0;0;0;0;0;0;0;0;0;0;0;0;0;0;0;0;0;0;0;0;0;0;0;0;0;0;0;0;0;0;0;0;0;0;0;0;0;0;0;0;0;0;0;0;0;0;0;0;0;0;0;0;0;0;0;0;0;0;173.701;0;0;0;0;0;173.701;0;0;0
COOPERATIVA CENTRO BRASILEIRA DE ECONOMIA E CRÉDITO MÚTUO DOS PROFISSIONAIS DA SAÚDE LTDA.;37.395.399;b3S;I;2;;9;GOIANIA;GO;09/2012;164.695;0;0;0;0;0;0;0;0;7;145;336;386;0;0;0;874;0;76;163;245;80;0;0;563;0;4;10;0;0;0;0;14;0;0;0;0;0;0;0;0;42;1.942;1.284;1.250;486;713;0;5.717;0;64;177;400;37;0;0;679;0;108;207;218;57;0;0;591;523;21.820;36.662;46.364;18.161;32.718;0;156.248;0;10;0
UNICRED JOÃO PESSOA - COOPERATIVA DE CRÉDITO DE LIVRE ADMISSÃO DE ASSOCIADOS DE JOÃO PESSOA LTDA.;35.571.249;b3S;I;2;;9;JOAO PESSOA;PB;09/2012;163.499;0;80;1.220;210;0;0;0;1.510;78;1.930;2.160;1.744;476;191;63;6.642;208;12.778;23.283;13.208;7.157;11.543;2.994;71.171;0;0;0;0;0;0;0;0;0;164;452;397;0;0;0;1.013;380;7.114;21.475;6.558;1.377;542;69;37.515;0;0;0;0;0;0;0;0;0;1.604;23;5;0;0;0;1.632;388;6.599;21.373;9.853;3.334;2.411;48;44.006;0;11;0
BANCO VIPAL S.A.;9.526.594;b2;I;2;;8;PORTO ALEGRE;RS;09/2012;162.647;0;26;7;0;0;0;0;34;14.991;39.271;23.336;29.768;12.928;168;0;120.461;6;3.178;324;0;0;0;0;3.508;0;315;242;66;0;0;0;622;0;0;0;0;0;0;0;0;1.214;20.970;5.744;2.760;81;0;0;30.768;0;0;0;0;0;0;0;0;24;2.491;1.508;609;0;0;0;4.631;0;1.795;360;0;0;0;0;2.156;0;466;0
COOPERATIVA DE CRÉDITO DE LIVRE ADMISSÃO UNIÃO PARANÁ - SICREDI UNIÃO PR;79.342.069;b3S;I;2;;9;MARINGA;PR;09/2012;161.508;245;863;1.207;1.239;194;0;23;3.771;2.141;20.299;17.483;8.953;586;0;147;49.609;107;2.379;4.725;2.408;75;0;16;9.710;9;654;59;56;6;0;2;786;0;91;303;0;0;0;0;394;1.978;31.568;19.234;6.421;646;36;304;60.187;0;0;0;0;0;0;0;0;114;4.679;7.545;1.688;233;0;28;14.287;414;8.213;8.817;4.609;530;0;70;22.654;0;109;0
BANCO RANDON S.A.;11.476.673;b1;I;2;;8;CAXIAS DO SUL;RS;09/2012;158.289;0;83;165;399;149;0;0;795;15;2.740;1.994;1.733;847;0;0;7.329;19;677;1.044;545;299;0;0;2.584;0;24;36;6;0;0;0;65;0;128;239;313;0;0;0;680;32;19.928;7.376;4.259;2.005;3;0;33.605;0;0;0;0;0;0;0;0;168;10.414;25.571;51.106;23.786;38;0;111.083;0;204;503;1.233;209;0;0;2.149;0;0;0
MÁXIMA;50.201;b1;C;2;;199;RIO DE JANEIRO;RJ;09/2012;157.291;0;0;0;0;0;0;0;0;905;3.256;2.957;57;45;87;0;7.306;51;15.812;27.903;38.964;17.722;3.334;14;103.801;0;683;2.049;0;0;0;0;2.732;0;0;0;0;0;0;0;0;0;1.386;1.163;3.102;1.551;0;0;7.203;0;0;0;0;0;0;0;0;0;0;0;0;0;0;0;0;354;1.971;9.277;20.890;3.676;80;0;36.248;0;0;0
BANCO TOPÁZIO S.A.;7.679.404;b1;I;2;;8;PORTO ALEGRE;RS;09/2012;156.423;0;0;0;0;0;0;0;0;2.910;15.546;20.879;9.003;35;0;0;48.372;0;329;778;547;0;0;0;1.654;0;0;0;0;0;0;0;0;0;0;0;0;0;0;0;0;5.062;25.253;43.910;9.257;283;0;0;83.766;0;0;0;0;0;0;0;0;386;5.486;4.436;2.255;0;0;0;12.564;2.239;2.244;3.870;1.709;0;0;0;10.061;0;6;0
UNIPRIME NORTE DO PARANÁ - COOPERATIVA DE ECONOMIA E CRÉDITO MÚTUO DOS MÉDICOS, PROFISSIONAIS DA ÁREA DE SAÚDE E EMPRESÁRIOS LTDA;2.398.976;b3S;I;2;;9;LONDRINA;PR;09/2012;153.613;292;126;405;620;272;85;0;1.800;1.593;5.048;9.318;5.780;2.681;1.464;0;25.884;62;1.903;1.707;1.843;503;332;0;6.351;0;19;43;9;0;0;0;71;0;89;517;87;0;0;0;693;134;8.130;11.574;6.098;1.439;846;0;28.222;0;0;0;0;0;0;0;0;101;504;405;295;42;0;0;1.346;73;13.891;34.487;26.033;7.605;7.134;0;89.223;0;23;0
COOPERATIVA DE CRÉDITO DE LIVRE ADMISSÃO DE ASSOCIADOS SERRO AZUL - SICREDI UNIÃO RS;88.894.548;b3S;I;2;;9;CERRO LARGO;RS;09/2012;145.795;0;482;169;121;0;0;0;772;490;13.179;12.119;4.510;473;3;77;30.850;195;390;805;785;125;0;5;2.306;0;272;1.572;945;0;0;0;2.789;1;0;0;0;0;0;0;1;3.710;31.011;27.280;10.555;1.545;978;175;75.256;0;0;0;0;0;0;0;0;982;5.539;9.513;6.115;949;26;19;23.143;651;2.757;3.557;3.369;224;0;20;10.579;0;100;0
COOPERATIVA DE CRÉDITO DE LIVRE ADMISSÃO DE ASSOCIADOS DE CARLOS BARBOSA - SICREDI SERRANA RS;90.608.712;b3S;I;2;;9;CARLOS BARBOSA;RS;09/2012;142.113;0;20;15;6;0;0;0;42;412;18.755;24.134;14.251;2.088;1.280;42;60.963;60;2.605;7.388;1.570;804;527;4;12.959;8;254;132;221;75;67;5;762;0;41;46;54;10;0;0;152;261;13.663;10.907;8.568;2.021;1.189;64;36.673;0;0;0;0;0;0;0;0;117;5.675;3.960;4.090;745;461;15;15.064;61;3.183;6.105;3.513;1.437;1.095;8;15.401;0;97;0
COOPERATIVA DE CRÉDITO MAXI ALFA DE LIVRE ADMISSÃO DE ASSOCIADOS - SICOOB MAXICRÉDITO/SC;78.825.270;b3S;I;2;;9;CHAPECO;SC;09/2012;140.325;0;75;0;0;0;0;0;75;692;8.539;8.505;12.900;6.532;39;1.086;38.292;48;2.609;4.626;6.031;1.641;125;504;15.583;9;407;936;1.250;29;0;60;2.690;1;238;178;152;1;0;31;601;1.780;15.649;13.336;10.766;3.091;224;2.770;47.616;0;0;0;0;0;0;0;0;222;4.380;5.405;7.237;1.592;394;828;20.058;170;2.031;4.584;6.597;1.455;11;522;15.369;0;40;0
BANCO DA CHINA BRASIL S.A.;10.690.848;b1;I;3;;8;SAO PAULO;SP;09/2012;139.009;0;0;0;0;0;0;0;0;0;27.718;71.186;0;0;0;0;98.904;0;724;6.512;1.447;0;0;0;8.683;0;0;0;0;0;0;0;0;0;0;0;0;0;0;0;0;0;0;1.901;0;15.097;0;0;16.997;0;0;0;0;0;0;0;0;0;0;0;0;0;0;0;0;0;701;2.405;2.840;8.478;0;0;14.424;0;0;0
COOPERATIVA DE CRÉDITO DE LIVRE ADMISSÃO CATARATAS DO IGUAÇU - SICREDI CATARATAS DO IGUAÇU;78.414.067;b3S;I;2;;9;MEDIANEIRA;PR;09/2012;138.099;0;1.275;11.576;125;0;0;0;12.976;275;8.155;6.758;3.579;665;266;37;19.733;17;1.118;1.788;1.376;163;175;5;4.642;203;411;336;221;75;8;3;1.257;0;203;203;398;22;0;0;827;724;18.902;20.323;12.758;2.739;397;193;56.036;0;0;0;0;0;0;0;0;218;2.830;5.432;7.912;2.235;4;21;18.652;147;4.270;8.150;8.343;2.172;669;43;23.794;32;147;0
ATRIA S.A.- CRÉDITO, FINANCIAMENTO E INVESTIMENTO;5.956.581;n1;I;2;;14;ARAUCARIA;PR;09/2012;137.564;0;0;0;0;0;0;0;0;0;16;42;0;0;0;0;58;18.516;43.231;26.534;20.014;0;0;0;108.294;0;0;0;0;0;0;0;0;25;2.486;3.226;0;0;0;0;5.737;7;226;1.160;782;0;0;0;2.175;0;0;0;0;0;0;0;0;0;7;8;0;0;0;0;15;6.491;4.487;4.637;5.669;0;0;0;21.284;0;0;0
COOPERATIVA DE ECONOMIA E CREDITO MUTUO DOS MEDICOS DO RIO DE JANEIRO - UNICRED-RIO LTDA.;72.128.440;b3S;I;2;;9;RIO DE JANEIRO;RJ;09/2012;137.090;0;0;0;0;0;0;0;0;0;0;0;0;0;0;0;0;0;0;0;0;0;0;0;0;0;0;0;0;0;0;0;0;0;0;0;0;0;0;0;0;0;1.683;4.304;3.594;0;0;0;9.581;0;0;0;0;0;0;0;0;0;0;0;0;0;0;0;0;129;26.527;26.751;52.996;17.660;3.445;0;127.508;0;1;0
COOPERATIVA DE CRÉDITO DE LIVRE ADMISSÃO LESTE CAPIXABA - SICOOB LESTE CAPIXABA;32.430.233;b3S;I;2;;9;LINHARES;ES;09/2012;136.225;69;883;862;610;76;0;13;2.515;517;8.985;7.172;7.306;1.278;0;931;26.190;33;2.797;5.087;1.048;121;0;190;9.275;0;39;122;192;0;0;2;356;0;73;189;231;0;0;9;501;1.064;21.105;24.239;11.848;1.354;12;3.208;62.829;0;0;0;0;0;0;0;0;172;2.202;2.544;4.545;1.273;10;458;11.204;314;4.823;7.299;8.629;1.162;0;1.092;23.319;0;37;0
COOPERATIVA DE CRÉDITO DOS MÉDICOS, OUTROS PROFISSIONAIS DA SAÚDE E EMPRESÁRIOS DE MATO GROSSO.;36.900.256;b3S;I;2;;9;CUIABA;MT;09/2012;135.690;9;17;19;31;0;0;0;76;18;312;688;1.433;740;918;0;4.110;68;215;2.083;4.405;3.849;0;0;10.621;0;0;0;0;0;0;0;0;0;0;0;0;0;0;0;0;29;2.095;5.792;4.199;1.371;721;0;14.207;0;0;0;0;0;0;0;0;2;106;87;186;43;0;0;423;58;16.901;31.818;41.533;9.357;6.575;0;106.242;0;12;0
COOPERATIVA DE CRÉDITO DE LIVRE ADMISSÃO DE GOIÂNIA E REGIÃO LTDA;4.388.688;b3S;I;2;;9;GOIANIA;GO;09/2012;135.347;0;0;0;0;0;0;0;0;156;558;1.015;1.358;13;0;268;3.368;2.797;20.357;34.037;31.913;6.164;1;7.057;102.325;0;0;0;0;0;0;16;16;0;0;0;0;0;0;0;0;142;3.657;3.493;1.775;350;2;1.012;10.432;0;0;0;0;0;0;0;0;1;102;256;315;7;0;290;973;6.353;1.760;3.171;4.296;644;2;1.999;18.225;0;8;0
PORTO SEGURO;51.444;n1;C;2;;197;SAO PAULO;SP;09/2012;134.579;3;19;40;48;7;0;0;116;11;351;828;847;64;0;0;2.101;36;600;1.674;1.551;180;0;0;4.042;0;37;46;33;0;0;0;116;0;7;19;36;10;0;0;71;177;1.500;3.495;3.870;558;0;0;9.600;0;0;0;0;0;0;0;0;550;5.062;17.395;24.806;4.790;20;0;52.623;1.335;11.570;25.195;25.114;2.615;3;0;65.832;39;39;0
AGÊNCIA DE FOMENTO DO ESTADO DO AMAZONAS S.A. - AFEAM;3.183.937;n1;I;1;;30;MANAUS;AM;09/2012;133.880;334;720;872;2.347;2.465;1.351;0;8.088;1.490;7.906;11.703;25.823;15.309;7.937;0;70.167;218;929;1.389;1.006;147;0;0;3.689;0;771;55;141;49;0;0;1.016;0;0;0;0;0;0;0;0;1.078;5.573;8.465;7.811;2.340;3.832;0;29.098;0;0;0;0;0;0;0;0;1.670;557;1.571;2.996;851;573;0;8.218;1.498;1.643;3.190;5.859;1.309;103;0;13.603;0;0;0
BANCO DE DESENVOLVIMENTO DO ESPIRITO SANTO S.A.;28.145.829;b4;I;1;;5;VITORIA;ES;09/2012;133.745;4;57;249;911;510;91;0;1.822;821;2.571;7.062;16.169;6.681;4.836;0;38.139;12;42;122;186;34;0;0;397;0;201;581;426;36;0;0;1.244;0;173;491;796;37;0;0;1.498;833;5.308;14.802;25.537;6.190;102;0;52.772;0;530;1.410;1.675;191;73;0;3.878;71;484;1.164;2.597;1.930;0;0;6.245;701;1.987;5.807;13.597;4.721;916;0;27.728;0;22;0
NBC BANK BRASIL S. A. - BANCO MÚLTIPLO;74.828.799;b1;I;3;;8;PORTO ALEGRE;RS;09/2012;131.710;533;2.160;2.053;583;0;0;0;5.329;4.555;21.707;23.810;7.135;676;47;0;57.930;157;1.946;4.718;2.775;0;0;0;9.595;0;135;110;149;15;0;0;409;0;0;0;0;0;0;0;0;1.452;6.366;13.432;3.507;0;245;1.387;26.389;0;0;0;0;0;0;0;0;875;3.675;5.962;2.423;104;0;0;13.039;56;5.390;12.251;1.320;0;0;0;19.019;0;0;0
SICOOB CREDICOM - COOPERATIVA DE ECONOMIA E CRÉDITO MÚTUO DOS MÉDICOS E PROFISSIONAIS DA ÁREA DE SAÚDE DE BELO HORIZONTE E CIDADES PÓLO DE MINAS GERAIS LTDA.;42.898.825;b3S;I;2;;9;BELO HORIZONTE;MG;09/2012;131.678;0;0;0;0;0;0;0;0;0;214;580;1.892;834;0;14;3.534;0;62;193;482;0;0;197;935;0;1;4;10;0;0;0;15;0;0;0;0;0;0;0;0;5;598;1.607;2.147;7;0;774;5.138;0;0;0;0;0;0;0;0;0;11;34;109;0;0;3;156;176;9.807;24.746;52.994;25.766;4.251;4.144;121.883;0;16;0
COOPERATIVA DE CRÉDITO DE LIVRE ADMISSÃO SUL-SERRANA DO ESPÍRITO SANTO;815.319;b3S;I;2;;9;VENDA NOVA DO IMIGRANTE;ES;09/2012;130.707;12;245;242;116;34;0;4;653;1.191;4.898;4.714;6.475;523;0;340;18.141;153;623;2.844;500;0;0;93;4.212;2;508;1.383;1.559;30;0;8;3.489;0;263;37;104;28;0;9;441;492;29.324;19.149;10.623;3.528;41;1.277;64.435;0;0;0;0;0;0;0;0;114;4.977;3.492;3.874;273;0;232;12.963;124;10.053;5.070;10.345;336;0;396;26.321;0;52;0
COOPERATIVA DE CRÉDITO DE LIVRE ADMISSÃO DE ASSOCIADOS CENTRO NORTE DO MATO GROSSO - SICREDI CENTRO NORTE MT;26.529.420;b3S;I;2;;9;NOVA MUTUM;MT;09/2012;130.267;22;830;5.735;1.674;104;166;10;8.540;102;7.662;4.143;1.408;20;0;11;13.347;342;2.461;9.052;6.500;565;0;8;18.928;0;470;130;316;70;0;0;987;0;136;321;634;70;0;0;1.161;3.009;19.127;23.558;12.636;566;61;70;59.027;0;0;0;0;0;0;0;0;827;2.089;3.747;5.071;560;0;18;12.312;302;2.233;5.946;5.963;1.358;70;43;15.915;0;48;0
BANCO RIBEIRAO PRETO S.A.;517.645;b1;I;2;;8;RIBEIRAO PRETO;SP;09/2012;128.628;0;2.374;1.380;2.305;296;0;0;6.354;0;6.570;13.342;16.742;5.084;257;0;41.995;40;1.341;3.236;4.377;380;0;0;9.374;0;836;2.419;2.106;0;0;0;5.362;0;0;0;0;0;0;0;0;11;6.711;19.878;5.121;1.451;721;0;33.894;0;0;0;0;0;0;0;0;0;862;2.052;3.199;252;16;0;6.382;73;11.278;5.937;5.710;2.264;6;0;25.267;0;0;0
COOPERATIVA DE CRÉDITO DE LIVRE ADMISSÃO SUL DO ESPÍRITO SANTO - SICOOB SUL;32.467.086;b3S;I;2;;9;CACHOEIRO DE ITAPEMIRIM;ES;09/2012;121.577;0;578;6;909;0;0;1;1.494;825;16.374;8.102;10.625;923;0;877;37.726;99;399;667;1.007;70;0;187;2.428;0;511;1.544;2.474;1.716;0;10;6.255;65;911;821;1.446;261;0;59;3.562;725;26.748;10.487;7.570;2.253;0;5.422;53.206;0;0;0;0;0;0;0;0;82;2.355;3.551;3.599;1.414;0;647;11.648;154;1.584;1.638;1.188;317;0;330;5.211;0;48;0
CARUANA S.A. - SOCIEDADE DE CRÉDITO, FINANCIAMENTO E INVESTIMENTO;9.313.766;n1;I;2;;14;SAO PAULO;SP;09/2012;120.121;0;3.635;0;0;0;0;0;3.635;432;222;2.269;1.041;77;0;0;4.041;4;0;0;0;0;0;0;4;0;0;0;0;0;0;0;0;0;0;0;0;0;0;0;0;2.028;620;2.682;3.709;1.809;0;0;10.847;0;0;0;0;0;0;0;0;2.314;20.639;25.847;31.769;5.114;0;0;85.683;120;7.940;4.123;3.312;416;0;0;15.911;0;0;0
COOPERATIVA DE CRÉDITO DE LIVRE ADMISSÃO DE ASSOCIADOS OURO VERDE DE MATO GROSSO - SICREDI OURO VERDE MT;26.565.770;b3S;I;2;;9;LUCAS DO RIO VERDE;MT;09/2012;120.076;44;936;3.327;672;0;0;0;4.979;188;8.039;5.839;3.504;59;0;22;17.651;131;250;1.733;470;102;0;15;2.701;0;30;5;10;0;0;0;45;10;91;74;2;0;0;1;179;334;28.115;38.920;10.441;2.131;2;135;80.078;0;0;0;0;0;0;0;0;138;1.806;3.047;1.841;241;0;11;7.085;64;2.406;2.819;1.761;268;0;16;7.333;0;25;0
COOPERATIVA DE CRÉDITO DE LIVRE ADMISSÃO DE ASSOCIADOS DA REGIÃO CENTRO DO RGS - SICREDI REGIÃO CENTRO;95.594.941;b3S;I;2;;9;SANTA MARIA;RS;09/2012;118.296;59;423;1.615;145;24;0;6;2.273;172;5.907;5.778;4.680;922;31;48;17.539;261;2.284;1.011;995;83;0;3;4.637;6;43;63;119;45;1;0;276;0;145;511;1.069;624;0;0;2.349;793;18.821;31.997;17.642;2.207;3;115;71.578;0;0;0;0;0;0;0;0;84;1.699;2.544;2.670;593;8;12;7.611;264;4.316;3.820;2.956;558;0;36;11.949;0;85;0
COOPERATIVA DE CRÉDITO DE LIVRE ADMISSÃO DE ASSOCIADOS DA REGIÃO DOS VALES - SICREDI REGIÃO DOS VALES RS;89.126.130;b3S;I;2;;9;ENCANTADO;RS;09/2012;111.932;3;329;2.344;700;345;81;0;3.801;411;15.291;18.807;7.136;1.803;1.402;34;44.884;91;836;3.050;719;211;0;1;4.908;5;573;119;217;31;0;20;965;0;29;102;93;19;0;0;244;434;10.530;21.260;4.268;1.354;339;36;38.220;0;0;0;0;0;0;0;0;28;3.777;3.765;3.728;1.089;212;63;12.662;12;1.315;1.686;1.475;655;1.050;1;6.194;0;53;0
BANCO KEB DO BRASIL S.A.;2.318.507;b1;I;3;;2;SAO PAULO;SP;09/2012;110.958;0;0;0;0;0;0;0;0;0;9.382;52.589;0;40.600;0;0;102.571;0;5.022;0;0;0;0;0;5.022;0;0;0;0;0;0;0;0;0;0;0;0;0;0;0;0;0;0;0;0;0;0;0;0;0;0;0;0;0;0;0;0;0;0;0;0;0;0;0;0;0;21;3.345;0;0;0;0;3.366;0;0;0
COOPERATIVA CENTRAL DE CRÉDITO DO NORTE/NORDESTE - UNICRED CENTRAL NORTE/NORDESTE;70.119.680;b3C;I;2;;9;CABEDELO;PB;09/2012;107.083;0;0;0;0;0;0;0;0;0;0;0;0;0;0;0;0;0;0;0;0;0;0;0;0;0;0;0;0;0;0;0;0;0;0;0;0;0;0;0;0;0;22;53;83;0;0;0;158;0;0;0;0;0;0;0;0;0;0;0;0;0;0;0;0;0;13.673;34.589;40.567;17.610;486;0;106.925;0;0;0
COOPERATIVA DE CRÉDITO DE LIVRE ADMISSÃO DE ASSOCIADOS DOS VALES DO ITAJAÍ E ITAPOCÚ E DO LITORAL NORTE DE SANTA CATARINA - SICOOB BLUCREDI SC;3.960.819;b3S;I;2;;9;BLUMENAU;SC;09/2012;105.608;0;1;4;13;8;0;4;31;290;4.578;6.535;5.388;3.495;1.656;771;22.712;2.843;4.291;7.736;3.031;1.612;2.490;557;22.561;0;131;14;48;66;126;47;432;0;951;551;42;0;0;73;1.617;4.005;7.051;5.951;2.519;811;658;1.390;22.385;0;0;0;0;0;0;0;0;157;1.608;1.472;2.471;2.400;2.706;374;11.188;108;7.016;8.413;4.457;1.741;1.584;1.337;24.657;0;25;0
COOPERATIVA DE CRÉDITO DE LIVRE ADMISSÃO DE ASSOCIADOS DO NORTE DO RIO GRANDE DO SUL E OESTE DE SANTA CATARINA - SICREDI NORTE RS/SC;87.780.268;b3S;I;2;;9;ERECHIM;RS;09/2012;104.822;13;246;1.882;47;0;0;0;2.189;1.213;6.132;14.481;3.663;463;64;24;26.039;74;1.032;1.079;1.012;195;324;5;3.720;0;101;13;14;0;0;0;128;0;143;107;50;25;0;0;326;259;13.757;22.674;6.220;1.170;1.176;45;45.301;0;0;0;0;0;0;0;0;31;3.044;5.662;3.951;715;116;15;13.534;628;3.468;3.653;4.571;967;212;7;13.506;0;80;0
COOPERATIVA DE CRÉDITO DE LIVRE ADMISSÃO DE ASSOCIADOS ALTO URUGUAI - SICREDI ALTO URUGUAI RS/SC;87.733.770;b3S;I;2;;9;RODEIO BONITO;RS;09/2012;102.222;0;4;12;19;0;0;0;34;120;10.946;12.496;5.494;1.454;485;7;31.002;22;1.170;3.439;876;12;0;7;5.526;0;8;60;0;0;0;1;69;2;45;63;31;0;0;0;140;191;21.407;12.248;6.231;1.073;74;49;41.274;0;0;0;0;0;0;0;0;100;8.763;5.243;2.786;559;100;14;17.565;33;1.345;2.805;1.855;496;7;18;6.559;0;52;0
BANCO GERADOR S.A.;10.664.513;b1;I;2;;8;RECIFE;PE;09/2012;91.028;0;0;0;0;0;0;0;0;250;5.366;2.876;2.403;0;0;0;10.894;1.131;3.879;4.296;743;0;0;0;10.050;0;99;4.119;7.062;0;0;0;11.280;0;0;0;0;0;0;0;0;5;170;208;58;0;0;0;441;0;0;0;0;0;0;0;0;632;2.560;4.451;16.332;2.715;0;0;26.689;313;5.153;9.613;16.471;125;0;0;31.674;0;0;0
COOPERATIVA DE CRÉDITO DE LIVRE ADMISSÃO DE ASSOCIADOS OURO BRANCO - SICREDI OURO BRANCO RS;87.853.206;b3S;I;2;;9;TEUTONIA;RS;09/2012;87.606;0;421;1.254;501;13;0;0;2.189;470;7.086;9.040;5.281;753;127;98;22.855;4;975;2.004;1.235;343;0;1;4.563;0;166;46;50;44;0;0;307;0;258;771;1.034;315;0;0;2.379;171;9.007;15.968;6.930;1.195;453;47;33.771;0;0;0;0;0;0;0;0;119;4.319;5.591;3.614;594;5;41;14.284;85;1.838;3.584;1.525;155;0;8;7.195;0;66;0
COOPERATIVA CENTRAL DE CREDITO DE SANTA CATARINA-SICOOB CENTRAL SC;80.160.260;b3C;I;2;;9;FLORIANOPOLIS;SC;09/2012;87.345;0;0;0;0;0;0;0;0;0;0;0;0;0;0;0;0;0;0;0;0;0;0;0;0;0;0;0;0;0;0;0;0;0;0;0;0;0;0;0;0;0;0;0;0;0;0;0;0;0;0;0;0;0;0;0;0;0;0;0;0;0;0;0;0;0;69.391;9.768;5.542;2.645;0;0;87.345;0;0;0
COOPERATIVA DE CRÉDITO DE LIVRE ADMISSÃO FRONTEIRA DO IGUAÇU - SICREDI FRONTEIRA PR/SC;82.527.557;b3S;I;2;;9;CAPANEMA;PR;09/2012;85.032;0;301;508;0;0;0;0;810;854;17.925;6.285;4.343;193;0;31;29.631;109;947;1.178;234;30;0;20;2.518;0;4;0;0;0;0;0;4;0;276;273;492;150;0;0;1.191;487;19.411;10.295;6.283;681;0;58;37.214;0;0;0;0;0;0;0;0;87;4.503;2.425;1.890;243;0;27;9.174;24;1.613;1.138;1.052;290;267;55;4.438;0;51;0
COOPERATIVA DE CRÉDITO DOS PROPRIETÁRIOS DA INDÚSTRIA DE ROCHAS ORNAMENTAIS, CAL E CALCÁRIOS DO ESTADO DO ESPÍRITO SANTO - SICOOB CREDIROCHAS;3.358.914;b3S;I;2;;9;CACHOEIRO DE ITAPEMIRIM;ES;09/2012;84.922;0;0;0;0;0;0;0;0;484;16.545;10.142;11.879;5.398;293;1.807;46.546;17;752;377;797;26;0;13;1.982;0;112;43;54;21;0;5;235;86;2.554;1.295;1.531;86;0;175;5.728;99;7.267;3.901;4.724;1.006;41;572;17.609;0;0;0;0;0;0;0;0;29;2.041;1.472;1.924;270;0;200;5.936;22;709;2.067;2.742;1.237;0;93;6.869;0;17;0
COOPERATIVA DE CRÉDITO DE LIVRE ADMISSÃO DE ASSOCIADOS SÃO MIGUEL DO OESTE - SICOOB SÃO MIGUEL SC;81.607.046;b3S;I;2;;9;SAO MIGUEL D'OESTE;SC;09/2012;84.105;0;9;18;6;0;0;0;33;13;7.489;4.928;6.170;1.178;112;233;20.123;22;269;285;342;33;0;47;997;0;0;0;0;0;0;0;0;31;884;482;72;0;0;41;1.510;366;20.107;11.139;6.800;1.754;144;650;40.961;0;6;18;1;0;0;5;31;37;6.436;4.033;4.292;601;0;241;15.639;37;1.371;1.528;1.465;292;14;85;4.791;0;20;0
BANCO CEDULA S.A.;33.132.044;b1;I;2;;8;RIO DE JANEIRO;RJ;09/2012;83.329;0;0;0;0;0;0;0;0;971;3.322;2.596;1.049;0;0;0;7.938;1.153;10.609;10.479;3.159;4;0;0;25.404;0;253;1.004;1.208;0;0;0;2.465;0;0;0;0;0;0;0;0;946;1.053;1.972;2.016;0;0;0;5.987;0;0;0;0;0;0;0;0;0;872;130;0;0;0;0;1.002;1.872;10.129;16.143;12.369;20;0;0;40.532;0;0;0
SANTINVEST;50.816;n1;C;2;;197;FLORIANOPOLIS;SC;09/2012;82.737;0;0;0;0;0;0;0;0;902;10.322;4.953;1.327;0;0;0;17.504;76;5.593;7.833;2.725;0;0;0;16.227;0;0;0;0;0;0;0;0;0;0;0;0;0;0;0;0;29;32.297;5.452;4.242;15;0;0;42.036;0;0;0;0;0;0;0;0;18;2.024;949;1.069;459;0;0;4.519;1;1.833;202;91;0;0;0;2.127;0;324;0
BPN BRASIL BANCO MÚLTIPLO S.A.;61.033.106;b1;I;3;;8;SAO PAULO;SP;09/2012;82.570;241;175;375;567;239;0;0;1.597;903;12.031;10.207;7.394;1.750;1.709;0;33.994;0;4.981;1.330;1.131;481;0;0;7.924;0;441;443;0;0;0;0;884;0;0;0;0;0;0;0;0;408;3.600;4.475;430;0;2.023;0;10.936;0;0;0;0;0;0;0;0;0;291;1.947;382;0;0;0;2.620;20;3.355;9.570;9.955;1.715;0;0;24.614;0;0;0
BANCO DE LA NACION ARGENTINA;33.042.151;b1;I;3;;28;SAO PAULO;SP;09/2012;81.376;0;0;0;0;0;0;0;0;8.755;32.485;34.322;106;2.665;0;0;78.334;0;0;0;0;0;0;0;0;0;0;0;0;0;0;0;0;0;0;205;0;0;0;0;205;0;0;2.837;0;0;0;0;2.837;0;0;0;0;0;0;0;0;0;0;0;0;0;0;0;0;0;0;0;0;0;0;0;0;0;0;0
COOPERATIVA DE CRÉDITO DE LIVRE ADMISSÃO DE ASSOCIADOS DO SUDOESTE DE MATO GROSSO - SICREDI SUDOESTE MT;32.995.755;b3S;I;3;;9;TANGARA DA SERRA;MT;09/2012;81.273;12;273;2.132;1.247;127;0;3;3.794;854;8.264;8.919;1.334;42;1;44;19.458;8;1.178;2.200;516;0;0;7;3.909;13;11;13;7;0;0;2;46;0;52;898;12;0;0;0;962;701;17.511;14.144;7.056;214;90;164;39.880;0;0;0;0;0;0;0;0;110;2.482;3.097;1.256;291;0;29;7.265;151;3.010;1.707;900;110;0;28;5.905;0;53;0
COOPERATIVA DE CRÉDITO SUL RIOGRANDENSE - SICREDI UNIÃO METROPOLITANA RS;92.796.564;b3S;I;2;;9;PORTO ALEGRE;RS;09/2012;79.362;0;230;115;83;0;0;0;428;114;3.648;3.691;1.956;162;0;23;9.595;6;1.805;2.231;1.564;120;0;5;5.731;0;16;5;0;0;0;0;21;0;154;203;81;2;0;0;439;958;13.765;14.251;8.912;910;285;164;39.246;0;0;0;0;0;0;0;0;19;1.205;1.817;690;0;0;9;3.740;191;8.193;5.884;5.383;272;0;51;19.974;83;104;0
BANCO A.J. RENNER S.A.;92.874.270;b1;I;2;;8;PORTO ALEGRE;RS;09/2012;77.242;0;7;16;11;0;0;0;35;4;897;1.353;2.376;17;0;0;4.648;218;2.445;1.087;937;6;0;0;4.693;2;12;25;44;9;0;0;92;0;0;0;0;0;0;0;0;282;3.722;3.676;4.402;1.287;0;0;13.369;0;0;0;0;0;0;0;0;156;1.881;2.801;2.889;192;0;0;7.919;2.079;13.231;19.858;10.980;332;0;0;46.480;0;6;0
COOPERATIVA DE CRÉDITO DE LAJEADO - SICREDI VALE DO TAQUARI RS;91.159.764;b3S;I;2;;9;LAJEADO;RS;09/2012;77.163;0;672;509;0;0;0;0;1.181;34;3.736;3.733;2.507;702;0;4;10.716;7;4.868;3.247;1.393;523;0;7;10.045;3;12;6;6;0;0;1;27;0;0;0;0;0;0;0;0;41;11.087;20.826;5.817;874;0;31;38.675;0;0;0;0;0;0;0;0;19;3.168;3.447;1.664;260;205;8;8.771;82;2.676;3.636;1.155;145;0;4;7.698;2;47;0
COOPERATIVA DE CRÉDITO DOS MÉDICOS E DEMAIS PROFISSIONAIS DA SAÚDE, CONTABILISTAS, PROFESSORES E EMPRESÁRIOS DE BLUMENAU E VALE DO ITAJAÍ LTDA.;73.443.863;b3S;I;2;;9;BLUMENAU;SC;09/2012;74.576;0;0;0;0;0;0;0;0;0;3.598;3.772;4.126;2.252;959;0;14.708;0;418;968;1.470;1.220;553;0;4.629;0;184;543;1.320;1.012;0;0;3.058;0;0;0;0;0;0;0;0;142;3.453;3.780;3.149;903;317;0;11.745;0;0;0;0;0;0;0;0;0;370;212;341;84;0;0;1.007;21;5.112;9.586;16.312;6.240;2.136;0;39.407;0;21;0
COOPERATIVA DE CRÉDITO DE LIVRE ADMISSÃO DE ASSOCIADOS DO VALE DO JURUENA - SICREDI UNIVALES MT;70.431.630;b3S;I;2;;9;JUINA;MT;09/2012;73.319;2;411;421;276;125;0;9;1.243;243;16.528;7.493;2.096;328;0;39;26.727;49;915;371;96;3;0;4;1.437;0;95;160;188;0;0;0;443;0;409;32;0;0;0;0;441;295;20.812;11.953;2.977;198;6;103;36.343;0;0;0;0;0;0;0;0;33;942;840;379;116;0;7;2.317;36;1.824;1.671;689;68;0;16;4.304;0;64;0
COOPERATIVA DE CRÉDITO DE LIVRE ADMISSÃO DE ASSOCIADOS ALTOS DA SERRA - SICREDI ALTOS DA SERRA RS;92.555.150;b3S;I;2;;9;SANANDUVA;RS;09/2012;72.767;8;642;1.133;268;20;0;1;2.071;153;10.912;6.783;5.470;634;196;33;24.182;20;369;317;365;91;0;1;1.163;0;123;4;0;0;0;0;127;0;93;47;54;0;0;0;194;416;13.489;11.869;7.073;1.687;112;49;34.694;0;0;0;0;0;0;0;0;182;1.890;1.888;1.358;187;0;26;5.531;20;1.400;1.576;1.504;256;0;7;4.764;0;42;0
COOPERATIVA DE CRÉDITO DE LIVRE ADMISSÃO DE ASSOCIADOS NOROESTE DO RIO GRANDE DO SUL - SICREDI NOROESTE RS;89.049.738;b3S;I;2;;9;TRES DE MAIO;RS;09/2012;71.993;0;25;6;16;15;0;0;63;93;6.191;1.781;1.174;425;26;6;9.696;5;295;461;120;1;0;1;883;0;908;304;657;83;0;0;1.952;0;0;0;0;0;0;0;0;149;25.387;9.165;3.993;256;0;10;38.960;0;3;0;0;0;0;0;3;11;6.257;5.200;3.630;1.569;69;3;16.740;4;1.620;1.261;723;41;0;1;3.650;0;46;0
COOPERATIVA   DE   CRÉDITO   DE  LIVRE  ADMISSÃO  DE  ASSOCIADOS DO VALE DO RIO PARDO - SICREDI VALE DO RIO PARDO RS;95.424.891;b3S;I;2;;9;SANTA CRUZ DO SUL;RS;09/2012;70.790;6;233;491;166;0;0;0;897;15;7.467;5.856;3.094;1.154;8;6;17.599;5;558;849;1.106;320;0;1;2.840;0;4;1.463;0;0;0;0;1.467;0;117;62;16;0;0;1;197;2.197;8.570;10.735;6.344;1.235;2;42;29.126;0;0;0;0;0;0;0;0;27;2.088;3.508;2.510;457;0;4;8.594;23;2.493;3.957;3.049;435;1;4;9.962;0;108;0
COOPERATIVA DE CRÉDITO DE LIVRE ADMISSÃO VALE DO PIQUIRI   SICREDI VALE DO PIQUIRI PR;81.099.491;b3S;I;2;;9;PALOTINA;PR;09/2012;70.439;2;60;147;91;1;0;1;302;340;5.851;3.195;2.821;165;0;35;12.408;28;646;616;722;4;0;1;2.016;0;104;13;26;1;0;3;148;0;0;0;0;0;0;1;1;731;19.816;11.838;7.165;1.077;79;724;41.430;0;0;0;0;0;0;0;0;33;1.668;4.752;1.380;361;1;21;8.215;145;1.407;1.918;2.147;206;0;27;5.851;0;70;0
COOPERATIVA DE CRÉDITO DE LIVRE ADMISSÃO DE ASSOCIADOS SORRISO - SICREDI CELEIRO DO MT;26.555.235;b3S;I;2;;9;SORRISO;MT;09/2012;69.270;9;336;419;93;0;0;2;859;484;10.814;7.265;3.171;303;0;41;22.077;35;537;1.360;225;0;0;5;2.162;0;70;151;47;0;0;0;267;0;86;22;5;0;0;0;113;215;17.304;11.304;3.696;283;0;68;32.869;0;0;0;0;0;0;0;0;2;1.764;2.538;1.354;112;0;1;5.771;50;1.723;2.115;1.156;31;0;45;5.120;0;32;0
COOPERATIVA DE CRÉDITO DO SUL DE RONDÔNIA LTDA. - SICOOB CREDISUL;3.632.872;b3S;I;2;;9;VILHENA;RO;09/2012;68.660;4;413;1.076;87;0;0;204;1.783;42;9.576;4.282;2.317;546;0;3.956;20.720;148;1.568;1.067;971;20;0;359;4.132;0;170;1.409;1.871;1.220;0;17;4.687;0;17;27;93;0;0;2;138;260;9.519;5.287;5.422;335;0;4.015;24.838;0;0;0;0;0;0;0;0;52;2.571;2.193;2.214;323;0;761;8.114;14;1.017;1.120;1.525;163;0;397;4.236;0;11;0
COOPERATIVA DE ECONOMIA E CRÉDITO MÚTUO DOS MÉDICOS E DEMAIS PROFISSIONAIS DA ÁREA DE SAÚDE DE CAMPINAS E REGIÃO LTDA. - UNICRED CAMPINAS;71.884.498;b3S;I;2;;9;CAMPINAS;SP;09/2012;66.872;0;0;0;0;0;0;0;0;0;59;33;2;0;0;0;95;0;0;0;0;0;0;0;0;0;0;0;0;0;0;0;0;0;0;0;0;0;0;0;0;33;106;244;240;65;16;0;705;0;0;0;0;0;0;0;0;4;5;12;33;3;0;0;58;242;6.974;17.052;23.974;10.383;7.387;0;66.011;0;3;0
COOPERATIVA DE CRÉDITO DE LIVRE ADMISSÃO DE ASSOCIADOS DO CENTRO SUL DO MATO GROSSO DO SUL - SICREDI CENTRO-SUL MS;26.408.161;b3S;I;2;;9;DOURADOS;MS;09/2012;66.741;16;772;2.932;221;0;0;3;3.945;110;4.503;2.209;529;72;0;11;7.434;53;1.260;5.773;1.565;10;0;5;8.665;0;53;40;62;11;0;0;165;0;590;1.022;0;0;0;0;1.612;1.000;14.777;12.290;2.750;400;14;126;31.358;0;0;0;0;0;0;0;0;59;1.431;4.965;563;45;0;3;7.065;230;2.600;2.669;865;14;0;26;6.403;0;94;0
COOPERATIVA DE CRÉDITO DE LIVRE ADMISSÃO DE ASSOCIADOS PLANALTO MÉDIO DO RIO GRANDE DO SUL - SICREDI PLANALTO MÉDIO RS;87.781.530;b3S;I;2;;9;PASSO FUNDO;RS;09/2012;66.550;0;179;131;55;28;0;0;392;43;4.245;2.848;1.070;173;0;11;8.390;10;675;1.187;994;548;13;0;3.427;0;67;219;0;0;0;1;287;0;0;0;0;0;0;0;0;344;12.353;19.980;6.307;1.182;2;55;40.223;0;0;0;0;0;0;0;0;51;1.850;2.948;1.278;351;0;19;6.497;81;1.809;2.870;2.189;316;5;23;7.293;0;42;0
SCOTIABANK BRASIL S.A. BANCO MÚLTIPLO;29.030.467;b1;I;3;;8;SAO PAULO;SP;09/2012;66.195;0;0;0;0;0;0;0;0;0;35.727;78;20.306;0;0;0;56.111;0;0;0;0;0;0;0;0;0;0;0;0;0;0;0;0;0;0;0;0;0;0;0;0;0;0;0;0;0;0;0;0;0;0;0;0;0;0;0;0;0;0;0;0;0;0;0;0;0;0;10.084;0;0;0;0;10.084;0;0;0
COOPERATIVA DE CRÉDITO DE LIVRE ADMISSÃO DE ITAÚNA E REGIÃO LTDA - SICOOB CENTRO-OESTE;66.463.407;b3S;I;2;;9;ITAUNA;MG;09/2012;66.032;0;53;5;7;0;0;21;86;724;17.739;4.728;6.804;2.436;0;737;33.169;13;3.733;299;101;0;0;19;4.165;0;108;1;0;0;0;0;109;0;0;0;0;0;0;0;0;104;10.039;2.653;2.605;30;0;1.304;16.736;0;0;0;0;0;0;0;0;131;5.072;1.462;2.121;29;0;318;9.133;67;1.039;785;654;2;0;63;2.611;0;23;0
COOPERATIVA DE CRÉDITO DOS MÉDICOS, PROFISSIONAIS DA SAÚDE, CONTABILISTAS, PROFESSORES E EMPRESÁRIOS DO LITORAL E NORTE CATARINENSE LTDA;74.114.042;b3S;I;2;;9;ITAJAI;SC;09/2012;64.123;0;4;12;7;0;0;0;24;61;966;1.546;2.858;1.021;174;0;6.627;60;533;1.088;2.008;953;1.012;0;5.654;0;0;0;0;0;0;0;0;0;0;0;0;0;0;0;0;151;2.285;3.474;5.644;2.291;1.249;0;15.093;0;0;0;0;0;0;0;0;5;627;700;991;469;0;0;2.792;44;5.767;9.299;12.125;4.170;2.502;0;33.907;0;27;0
COOPERATIVA DE CRÉDITO DE LIVRE ADMISSÃO NORTE DO ESPÍRITO SANTO - SICOOB NORTE;31.815.293;b3S;I;2;;9;SAO GABRIEL DA PALHA;ES;09/2012;63.546;4;16;204;4;7;0;20;256;263;2.414;941;870;147;0;179;4.815;119;310;725;584;89;0;50;1.877;0;2;7;14;0;0;3;27;708;1.900;473;396;14;0;71;3.563;276;17.730;19.674;3.908;268;0;1.219;43.076;0;0;0;0;0;0;0;0;41;972;821;1.035;102;0;87;3.058;748;1.389;1.764;2.112;618;1;193;6.826;0;49;0
COOPERATIVA DE CRÉDITO DE LIVRE ADMISSÃO DE ASSOCIADOS DO ALTO NORDESTE DO RIO GRANDE DO SUL - SICREDI ALTO NORDESTE RS;87.795.639;b3S;I;2;;9;MARAU;RS;09/2012;61.811;0;10;17;14;0;0;0;41;7;8.500;7.296;3.801;861;3;2;20.471;0;223;803;475;325;0;0;1.827;0;27;79;165;27;0;0;298;0;10;4;10;0;0;0;23;267;9.684;10.289;3.697;356;0;18;24.313;0;0;0;0;0;0;0;0;15;3.829;5.481;2.054;228;0;13;11.619;6;838;1.131;972;239;0;3;3.188;0;31;0
COOPERATIVA DE CRÉDITO DE LIVRE ADMISSÃO DE ASSOCIADOS DA REGIÃO OESTE - SICOOB OESTE;5.392.810;b3S;I;2;;9;TOLEDO;PR;09/2012;61.385;0;2;7;2;0;0;0;11;2;8.515;2.894;5.113;682;0;386;17.592;0;494;475;1.396;250;0;60;2.674;0;0;0;0;0;0;0;0;0;154;120;272;178;0;13;737;11;9.300;5.944;12.397;2.070;120;739;30.581;0;0;0;0;0;0;0;0;58;912;1.106;2.265;692;0;221;5.253;7;777;1.008;2.078;549;0;84;4.503;0;34;0
COOPERATIVA DE CRÉDITO DE LIVRE ADMISSÃO DE ASSOCIADOS DA ZONA SUL - SICREDI ZONA SUL RS;90.497.256;b3S;I;2;;9;PELOTAS;RS;09/2012;61.022;0;288;267;90;19;0;0;664;88;6.489;9.533;1.739;233;60;9;18.152;42;328;546;298;35;0;3;1.252;0;200;49;40;0;0;0;289;7;656;95;38;0;0;0;796;510;10.422;10.179;4.608;490;9;60;26.279;0;0;0;0;0;0;0;0;144;2.201;3.012;2.930;566;9;25;8.888;106;1.455;1.545;1.315;169;0;18;4.608;1;93;0
COOPERATIVA DE CRÉDITO DE LIVRE ADMISSÃO DE ASSOCIADOS SUL CATARINENSE - SICOOB CREDISULCA SC;81.367.880;b3S;I;2;;9;TURVO;SC;09/2012;60.407;0;13;0;0;0;0;4;17;828;7.122;5.110;4.445;659;33;426;18.624;2;474;895;1.527;1.021;20;127;4.065;0;205;53;51;5;0;20;334;75;47;52;126;11;0;7;318;372;9.635;7.829;6.903;1.934;7;1.109;27.788;0;0;0;0;0;0;0;0;412;928;1.105;1.917;221;0;93;4.676;25;874;1.541;1.445;459;0;187;4.530;0;53;0
COOPERATIVA DE ECONOMIA E CREDITO MUTUO DOS MEDICOS DE PORTO ALEGRE LTDA-UNICRED PORTO ALEGRE;94.433.109;b3S;I;2;;9;PORTO ALEGRE;RS;09/2012;59.826;0;0;0;0;0;0;0;0;0;16;38;77;30;3;0;164;0;0;0;0;0;0;0;0;0;0;0;0;0;0;0;0;0;0;0;0;0;0;0;0;0;410;1.015;1.439;536;281;0;3.681;0;0;0;0;0;0;0;0;0;322;1.168;1.826;0;0;0;3.315;47;5.399;12.249;19.911;10.046;5.006;0;52.659;0;7;0
COOPERATIVA DE ECONOMIA E CRÉDITO MÚTUO DOS PROFISSIONAIS DA SAÚDE DAS REGIÕES METROPOLITANAS DA BAIXADA SANTISTA E GRANDE SÃO PAULO LTDA. - UNICRED METROPOLITANA;259.231;b3S;I;2;;9;SANTOS;SP;09/2012;58.675;0;0;0;0;0;0;0;0;18;810;2.035;2.563;1.973;955;0;8.354;0;34;80;79;0;0;0;192;0;0;0;0;0;0;0;0;0;0;0;0;0;0;0;0;83;1.160;582;565;202;54;0;2.646;0;0;0;0;0;0;0;0;0;28;72;198;0;0;0;298;140;11.745;11.163;17.266;5.141;1.714;0;47.169;0;16;0
COOPERATIVA CENTRAL DE CRÉDITO DE MINAS GERAIS LTDA. - SICOOB CENTRAL CREDIMINAS;25.683.434;b3C;I;2;;9;BELO HORIZONTE;MG;09/2012;58.021;0;0;0;0;0;0;0;0;0;0;0;0;0;0;0;0;0;0;0;0;0;0;0;0;0;0;0;0;0;0;0;0;0;0;0;0;0;0;0;0;0;0;0;0;0;0;0;0;0;0;0;0;0;0;0;0;0;0;0;0;0;0;0;0;0;26.802;30.468;751;0;0;0;58.021;0;0;0
BANCO SEMEAR S.A.;795.423;b1;I;2;;8;BELO HORIZONTE;MG;09/2012;57.093;0;157;235;0;0;0;0;392;0;818;0;0;0;0;0;818;7.359;23.631;2.056;1.359;0;0;0;34.405;0;936;0;0;0;0;0;936;0;0;0;0;0;0;0;0;2;378;1.061;469;50;0;0;1.960;0;0;0;0;0;0;0;0;671;1.070;1.114;1.214;0;0;0;4.069;687;12.206;1.170;450;0;0;0;14.512;0;0;0
UNICRED FORTALEZA - COOPERATIVA DE ECONOMIA E CRÉDITO MÚTUO DOS MÉDICOS E DEMAIS PROFISSIONAIS DA SAÚDE DE FORTALEZA LTDA;72.257.793;b3S;I;2;;9;FORTALEZA;CE;09/2012;56.351;0;0;0;0;0;0;0;0;0;2.479;1.864;3.515;2.637;49;0;10.544;55;1.437;1.471;699;21;0;0;3.683;0;0;0;0;0;0;0;0;0;0;0;0;0;0;0;0;252;2.662;2.140;1.621;124;2;0;6.801;0;0;0;0;0;0;0;0;21;1.551;3.329;2.081;453;0;0;7.436;104;4.922;9.945;8.137;2.616;2.154;0;27.878;0;8;0
COOPERATIVA DE CRÉDITO DE LIVRE ADMISSÃO CENTRO-SERRANA DO ESPÍRITO SANTO - SICOOB CENTRO-SERRANO;31.804.966;b3S;I;2;;9;SANTA MARIA DE JETIBA;ES;09/2012;55.345;34;96;8;12;0;0;1;151;75;3.647;3.027;2.820;624;0;333;10.526;50;772;1.002;423;193;0;39;2.478;0;0;0;0;0;0;0;0;2;215;176;528;430;112;17;1.480;410;11.219;10.164;6.664;1.201;15;1.777;31.451;0;0;0;0;0;0;0;0;30;1.030;1.090;942;160;0;287;3.540;57;790;2.170;2.029;391;20;228;5.684;0;33;0
COOPERATIVA DE CRÉDITO DOS MEDICOS E DEMAIS PROF. DA SAÚDE, PEQUENOS EMPRESÁRIOS, MICROEMPRESÁRIOS E MICROEMPREENDEDORES DAS MICRORREGIÕES DE AMERICANA, PIRACICABA E BOTUCATU - UNICRED BANDEIRANTE;3.055.269;b3S;I;2;;9;AMERICANA;SP;09/2012;54.280;0;0;0;0;0;0;0;0;12;386;1.077;1.403;840;412;0;4.131;4;727;3.132;907;902;72;0;5.745;0;0;0;0;0;0;0;0;0;0;0;0;0;0;0;0;104;1.523;5.569;2.586;1.418;803;0;12.003;0;0;0;0;0;0;0;0;0;0;0;0;0;0;0;0;61;4.218;12.234;9.521;3.729;2.430;200;32.393;0;8;0
COOPERATIVA DE CRÉDITO DE LIVRE ADMISSÃO SUDOESTE -SICREDI IGUAÇU PR/SC;84.974.278;b3S;I;2;;9;SAO JOAO;PR;09/2012;53.952;97;1.342;1.303;56;16;0;6;2.820;62;6.927;5.799;1.436;3;0;20;14.247;36;574;129;41;0;0;9;789;0;358;56;49;0;0;10;473;0;0;0;0;0;0;0;0;548;9.401;10.587;4.206;272;0;58;25.072;0;0;0;0;0;0;0;0;135;1.147;4.112;1.969;361;4;53;7.780;57;1.002;1.112;435;116;0;15;2.737;0;34;0
COOPERATIVA DE CRÉDITO DE LIVRE ADMISSÃO DE ASSOCIADOS DO SUL DO ESTADO DE SANTA CATARINA   SICREDI SUL SC;3.793.242;b3S;I;2;;9;CRICIUMA;SC;09/2012;53.536;0;0;0;0;0;0;0;0;342;7.958;4.194;2.858;214;0;59;15.625;22;664;328;434;19;0;3;1.470;0;93;270;344;0;0;0;707;0;368;393;29;0;0;16;806;763;12.598;5.480;4.241;334;0;136;23.552;0;0;0;0;0;0;0;0;108;2.599;1.464;918;83;0;10;5.182;433;2.566;1.739;1.279;34;0;98;6.148;0;48;0
COOPERATIVA DE CRÉDITO DE LIVRE ADMISSÃO SÃO CRISTOVÃO - SICREDI SÃO CRISTOVÃO - PR/SC;82.065.285;b3S;I;2;;9;MARIOPOLIS;PR;09/2012;53.458;23;369;1.031;203;0;0;0;1.627;161;4.629;4.801;2.038;348;74;5;12.055;14;1.545;882;139;5;0;0;2.586;6;36;16;27;0;0;0;85;0;429;21;46;0;0;0;495;418;11.300;12.561;3.625;512;6;34;28.455;0;0;0;0;0;0;0;0;206;918;1.151;741;105;0;6;3.128;100;1.529;2.040;1.135;153;0;15;4.972;0;54;0
COOPERATIVA DE CRÉDITO DOS PEQUENOS EMPRESÁRIOS, MICROEMPRESÁRIOS E MICROEMPREENDEDORES - SICOOB CREDICOONAI.;53.923.116;b3S;I;3;;9;RIBEIRAO PRETO;SP;09/2012;53.360;0;6.501;10.393;175;0;0;301;17.370;46;1.267;528;2.422;8;0;2.622;6.893;91;52;37;4;0;0;2.119;2.303;1;0;0;0;0;0;3;4;0;1;0;0;0;0;14;14;1.477;3.210;1.332;1.760;506;5;5.717;14.007;0;0;0;0;0;0;0;0;16;529;898;1.176;109;3;818;3.548;44;3.315;3.761;839;76;0;1.132;9.167;0;53;0
COOPERATIVA DE CRÉDITO DE LIVRE ADMISSÃO DE ASSOCIADOS DE IBIRAIARAS - SICREDI IBIRAIARAS - RS;89.990.501;b3S;I;2;;9;IBIRAIARAS;RS;09/2012;51.700;0;221;529;528;159;0;0;1.436;20;5.968;4.677;4.703;1.104;15;20;16.505;0;278;337;316;76;0;1;1.009;0;15;39;0;0;0;0;54;0;203;105;141;65;0;1;514;61;5.166;6.570;3.467;649;0;27;15.940;0;0;0;0;0;0;0;0;14;2.080;2.922;1.887;404;43;9;7.359;10;3.423;3.162;1.384;555;284;24;8.844;0;39;0
COOPERATIVA DE CREDITO VALE DO ITAJAI - VIACREDI;82.639.451;b3S;I;2;;9;BLUMENAU;SC;09/2012;51.432;0;20;10;6;0;0;0;36;40;7.088;5.297;2.916;144;0;0;15.486;21;714;872;422;18;0;0;2.047;1;257;210;167;0;0;0;635;0;41;58;67;0;0;0;166;162;9.677;7.745;4.070;593;0;0;22.247;0;0;0;0;0;0;0;0;28;1.006;1.755;1.405;10;0;0;4.204;9;2.453;2.498;1.333;102;0;0;6.395;0;216;0
COOPERATIVA DE CRÉDITO DE LIVRE ADMISSÃO DA REGIÃO CENTRAL E OESTE MINEIRO LTDA. - SICOOB DIVICRED;1.736.516;b3S;I;2;;9;DIVINOPOLIS;MG;09/2012;51.391;0;0;0;0;0;0;0;0;2.471;14.988;5.011;1.721;168;0;274;24.633;0;588;1.436;314;0;0;13;2.351;0;0;0;0;0;0;0;0;0;0;0;0;0;0;0;0;181;7.157;7.823;1.985;36;0;343;17.525;0;0;0;0;0;0;0;0;10;683;1.494;1.076;272;0;21;3.558;0;540;2.373;290;7;0;103;3.313;0;11;0
COOPERATIVA DE CRÉDITO DOS EMPRESÁRIOS DA GRANDE CURITIBA E CAMPOS GERAIS - SICOOB SUL;5.888.589;b3S;I;2;;9;CURITIBA;PR;09/2012;50.457;0;427;0;0;0;0;1;428;15;5.016;2.792;3.402;334;0;137;11.695;0;811;2.702;1.522;242;0;5;5.282;0;13;19;0;0;0;0;32;0;0;0;64;0;0;2;65;158;5.741;5.772;5.623;697;0;1.250;19.241;0;0;0;0;0;0;0;0;59;1.186;1.038;1.002;111;0;47;3.444;39;2.472;3.325;3.507;746;0;162;10.251;0;19;0
COOPERATIVA DE CRÉDITO DE LIVRE ADMISSÃO DO CENTRO SUL RONDONIENSE - SICOOB CREDIP.;2.015.588;b3S;I;2;;9;PIMENTA BUENO;RO;09/2012;49.905;0;189;115;5;0;0;21;329;75;4.618;2.017;637;44;0;373;7.764;62;941;894;518;8;0;119;2.542;0;0;0;0;0;0;0;0;0;9;26;0;0;0;0;35;458;12.395;10.328;4.307;447;0;2.078;30.013;0;0;0;0;0;0;0;0;75;1.259;857;746;168;0;208;3.312;21;1.900;2.476;1.282;32;0;180;5.890;0;20;0
COOPERATIVA DE CRÉDITO RURAL DOS FORNECEDORES DE CANA E AGROPECUARISTAS DA REGIÃO DE PIRACICABA;54.401.286;b3S;I;2;;9;PIRACICABA;SP;09/2012;49.471;839;8.222;582;440;36;0;102;10.221;4.659;16.471;8.691;6;0;0;50;29.877;0;0;0;0;0;0;0;0;0;0;0;0;0;0;0;0;0;0;0;0;0;0;0;0;0;5.092;1.191;19;0;0;1.284;7.587;0;0;0;0;0;0;0;0;31;329;213;183;41;0;219;1.017;0;1;469;245;50;0;2;767;0;3;0
AGENCIA DE FOMENTO DE GOIAS S/A;3.918.382;n1;I;1;;30;GOIANIA;GO;09/2012;49.182;0;0;0;0;0;0;0;0;120;1.088;3.496;4.550;2.211;1.627;0;13.093;17;231;702;686;168;32;0;1.835;0;13;32;7;0;0;0;52;1;8;27;76;48;0;0;160;376;2.867;8.522;10.025;1.453;49;0;23.293;0;0;0;0;0;0;0;0;27;109;336;426;60;12;0;970;85;866;2.561;4.327;1.651;269;0;9.760;0;21;0
AGENCIA DE FOMENTO DO ESTADO DO RIO DE JANEIRO S.A.;5.940.203;n1;I;1;;30;RIO DE JANEIRO;RJ;09/2012;48.966;0;0;0;0;0;0;0;0;1.806;3.548;7.661;14.026;4.127;16;0;31.184;0;2;6;11;2;0;0;22;0;0;0;0;0;0;0;0;0;0;0;0;0;0;0;0;1.695;697;419;457;134;0;0;3.402;0;20;0;225;370;563;0;1.177;0;345;969;2.584;1.398;0;0;5.297;135;677;1.537;3.685;1.851;0;0;7.884;0;0;0
COOPERATIVA DE CRÉDITO DE LIVRE ADMISSÃO DE ASSOCIADOS DO PLANALTO GAÚCHO - SICREDI PLANALTO GAÚCHO;88.038.260;b3S;I;3;;9;CRUZ ALTA;RS;09/2012;48.094;163;380;2.753;1.755;1.651;0;0;6.702;228;2.556;561;461;10;0;3;3.818;2;54;35;40;27;0;0;157;0;13;25;0;0;0;0;39;0;0;0;0;0;0;0;0;1.229;9.765;11.878;3.548;321;0;25;26.766;0;0;0;0;0;0;0;0;29;874;5.110;520;39;0;1;6.574;19;1.068;2.509;372;33;0;1;4.001;0;37;0
COOPERATIVA CENTRAL DE CRÉDITO DOS ESTADOS DO PARANÁ E DE SÃO PAULO - CENTRAL SICREDI PR/SP;80.230.774;b3C;I;2;;9;CURITIBA;PR;09/2012;47.079;0;0;0;0;0;0;0;0;0;0;0;0;0;0;0;0;0;0;0;0;0;0;0;0;0;0;0;0;0;0;0;0;0;0;0;0;0;0;0;0;0;0;0;0;0;0;0;0;0;0;0;0;0;0;0;0;0;0;0;0;0;0;0;0;0;0;47.079;0;0;0;0;47.079;0;0;0
COOPERATIVA DE CRÉDITO DE LIVRE ADMISSÃO DE CASCAVEL E REGIÃO - SICOOB CASCAVEL;4.529.074;b3S;I;2;;9;CASCAVEL;PR;09/2012;46.992;0;571;4;1;0;0;4;581;21;5.205;4.212;2.360;411;0;464;12.674;56;2.905;1.937;1.494;327;0;114;6.834;0;130;87;107;10;0;27;360;0;0;0;0;0;0;0;0;129;5.303;7.308;4.356;1.082;187;1.187;19.552;0;0;0;0;0;0;0;0;12;758;1.144;240;9;0;73;2.237;4;1.094;1.973;1.176;264;3;218;4.732;0;21;0
COOPERATIVA DE ECONOMIA E CRÉDITO MÚTUO DE PEQUENO EMPRESÁRIO, MICROEMPRESÁRIO E OU MICROEMPREENDEDOR DE CONCÓRDIA E REGIÃO - SICOOB - TRANSCREDI;4.247.370;b3S;I;2;;9;CONCORDIA;SC;09/2012;46.406;0;5;15;36;0;0;0;57;19;2.244;2.081;1.335;41;0;203;5.923;4;324;516;606;46;0;22;1.518;0;6;0;0;0;0;0;6;0;30;0;0;0;0;0;30;413;6.029;3.138;3.129;464;0;576;13.748;0;0;0;0;0;0;0;0;65;6.352;6.564;7.076;693;0;482;21.231;41;1.081;1.097;1.429;134;0;93;3.876;0;17;0
COOPERATIVA DE CRÉDITO DE LIVRE ADMISSÃO DE ASSOCIADOS DA REGIÃO DA PRODUÇÃO - SICREDI REGIÃO DA PRODUÇÃO;89.468.565;b3S;I;2;;9;SARANDI;RS;09/2012;46.264;0;1.120;46;10;0;0;0;1.176;1.123;4.060;2.086;1.102;76;2;10;8.460;20;1.057;1.804;877;108;0;5;3.871;0;131;0;0;0;0;0;131;0;0;0;0;0;0;0;0;706;14.152;7.166;2.683;453;9;99;25.269;0;0;0;0;0;0;0;0;56;1.117;1.691;780;157;0;8;3.809;24;1.496;941;920;93;2;13;3.489;0;59;0
BANCO POTTENCIAL S.A.;253.448;b1;I;2;;2;BELO HORIZONTE;MG;09/2012;45.979;0;269;0;0;0;10.365;0;10.634;0;0;34;0;0;1.315;0;1.349;46;2.765;0;3.965;0;0;0;6.776;0;0;0;0;0;0;0;0;0;0;0;0;0;0;0;0;0;1;0;0;0;0;0;1;0;0;0;0;0;0;0;0;0;0;0;0;0;0;0;0;857;12.472;1.781;7.454;0;4.654;0;27.218;0;1;0
COOPERATIVA DE CRÉDITO DE LIVRE ADMISSÃO DE ASSOCIADOS DO ALTO URUGUAI CATARINENSE - SICOOB - CREDIAUC/SC;78.840.071;b3S;I;2;;9;CONCORDIA;SC;09/2012;45.712;11;150;231;204;47;0;48;690;2.184;2.386;5.204;1.010;385;5;333;11.507;78;1.841;740;1.079;165;0;73;3.976;0;5;8;0;0;0;4;17;0;0;0;0;0;0;0;0;720;5.445;7.149;2.193;440;3;797;16.748;0;0;0;0;0;0;0;0;86;2.073;2.468;1.839;274;0;364;7.103;181;848;3.262;1.103;78;0;182;5.653;0;17;0
COOPERATIVA DE CRÉDITO DE LIVRE ADMISSÃO DO CENTRO NORTE GOIANO;2.282.709;b3S;I;2;;9;ANAPOLIS;GO;09/2012;45.322;1;258;345;0;0;0;0;605;126;2.411;1.301;979;866;23;0;5.707;17;590;1.319;308;153;0;0;2.386;0;76;51;115;54;0;0;296;0;84;124;2;0;0;0;210;232;9.337;6.737;2.569;709;2;0;19.586;0;0;0;0;0;0;0;0;28;735;950;1.609;368;0;0;3.691;66;3.585;4.423;3.156;1.268;319;0;12.818;0;23;0
COOPERATIVA DE CRÉDITO DE LIVRE ADMISSÃO DA ZONA DA MATA LTDA   SICOOB COOPEMATA;2.335.109;b3S;I;2;;9;CATAGUASES;MG;09/2012;45.105;0;72;146;189;0;0;29;436;241;11.078;2.956;3.837;490;0;1.260;19.861;3;146;73;135;18;0;223;599;3;0;0;0;0;0;0;3;0;26;17;56;0;0;0;99;375;7.825;3.454;3.893;394;38;1.314;17.293;0;0;0;0;0;0;0;0;5;1.950;1.011;1.776;151;0;220;5.113;9;405;395;645;17;0;202;1.673;0;28;0
COOPERATIVA DE CRÉDITO EM GUAXUPÉ E REGIÃO LTDA - SICOOB AGROCREDI;42.873.828;b3S;I;2;;9;GUAXUPE;MG;09/2012;45.025;108;318;69;17;0;0;32;543;207;3.605;920;277;0;0;3.479;8.487;0;501;666;6;0;0;216;1.389;0;0;0;0;0;0;0;0;247;0;0;0;0;0;629;876;669;11.915;4.852;2.833;34;0;7.367;27.670;0;0;0;0;0;0;0;0;4;1.157;291;171;0;0;654;2.277;291;783;690;538;21;249;1.165;3.737;0;45;0
COOPERATIVA DE CRÉDITO DE LIVRE ADMISSÃO DE ASSOCIADOS ENCOSTA SUPERIOR DO NORDESTE RS - SICREDI NORDESTE RS;95.213.211;b3S;I;2;;9;ROLANTE;RS;09/2012;44.072;7;75;41;86;16;0;0;225;229;7.265;3.756;2.732;372;20;32;14.407;11;1.132;1.559;1.338;125;619;7;4.791;26;0;0;0;0;0;7;33;0;92;119;63;0;0;2;277;254;9.222;5.536;3.172;529;120;63;18.897;0;0;0;0;0;0;0;0;276;583;703;590;13;0;15;2.180;167;938;931;829;277;0;24;3.166;0;97;0
COOPERATIVA DE CRÉDITO DE LIVRE ADMISSÃO DE ASSOCIADOS DO VALE DO VINHO - SICOOB VIDEIRA/SC;81.016.131;b3S;I;2;;9;VIDEIRA;SC;09/2012;43.645;11;1.127;1.711;1.066;812;156;5;4.887;83;1.440;1.876;2.809;706;670;182;7.765;2;111;257;344;46;0;21;781;0;1.124;305;181;198;343;74;2.226;0;589;311;712;0;0;86;1.698;114;6.885;4.819;5.397;1.062;0;990;19.268;0;0;0;0;0;0;0;0;27;1.474;766;807;415;627;148;4.264;2;603;1.145;896;5;0;87;2.739;0;18;0
COOPERATIVA DE ECONOMIA E CRÉDITO MÚTUO DOS PROFISSIONAIS DE SAÚDE DE NÍVEL SUPERIOR DE ALAGOAS, UNICRED-ALAGOAS;41.180.092;b3S;I;2;;9;MACEIO;AL;09/2012;43.349;0;0;0;0;0;0;0;0;18;2.156;1.155;896;320;0;0;4.546;2;104;408;1.631;1.239;0;0;3.383;0;0;0;0;0;0;0;0;0;0;0;0;0;0;0;0;181;510;774;841;279;4;0;2.589;0;0;0;0;0;0;0;0;34;67;391;123;1;0;0;616;321;5.703;8.239;13.029;4.552;364;0;32.209;0;5;0
COOPERATIVA DE CRÉDITO DE LIVRE ADMISSÃO CAMPOS GERAIS - SICREDI CAMPOS GERAIS PR;81.466.286;b3S;I;2;;9;PONTA GROSSA;PR;09/2012;42.975;0;280;94;109;0;0;0;483;224;2.479;1.346;1.016;212;0;13;5.292;53;606;366;259;32;0;3;1.318;0;3;2;0;0;0;0;5;0;46;17;0;0;0;0;63;900;11.023;8.243;4.655;1.248;354;103;26.524;0;0;0;0;0;0;0;0;153;1.970;1.250;896;123;59;10;4.460;36;1.302;2.082;1.184;125;34;8;4.771;0;59;0
COOPERATIVA DE CRÉDITO RURAL E DOS PEQUENOS EMPREENDEDORES DO VALE DO MOGI GUAÇU;67.960.229;b3S;I;2;;9;DESCALVADO;SP;09/2012;42.446;1;246;473;27;0;0;225;973;8.896;3.632;128;11;0;0;1.381;14.048;0;568;212;27;0;0;638;1.446;0;38;0;0;0;0;7;45;0;41;0;0;0;0;10;51;183;7.205;1.155;611;85;14;6.348;15.600;0;0;0;0;0;0;0;0;119;1.033;3.721;209;0;0;1.182;6.264;166;1.495;368;897;0;0;1.079;4.004;0;15;0
TODESCREDI S/A - CRÉDITO, FINANCIAMENTO E INVESTIMENTO;9.473.806;n1;I;2;;14;BENTO GONCALVES;RS;09/2012;42.172;0;16;30;0;0;0;0;46;509;519;550;571;49;0;0;2.197;135;801;387;224;0;0;0;1.546;0;0;0;0;0;0;0;0;0;0;0;0;0;0;0;0;2.740;11.214;12.304;8.256;758;0;0;35.272;0;0;0;0;0;0;0;0;5;42;13;0;0;0;0;60;741;1.104;977;220;0;0;0;3.041;0;9;0
COOPERATIVA DE ECONOMIA E CRÉDITO DOS COMERCIANTES DO OESTE MINEIRO LTDA. - SICOOB CREDICOPA;71.297.899;b3S;I;2;;9;PATOS DE MINAS;MG;09/2012;42.158;0;19;37;32;0;0;61;148;89;3.726;817;1.603;691;0;504;7.430;22;614;524;222;127;0;424;1.933;28;8;4;10;0;0;5;54;0;0;0;0;0;0;0;0;232;11.940;2.925;5.215;2.032;0;3.153;25.495;0;0;0;0;0;0;0;0;0;675;499;1.326;917;0;107;3.525;78;1.486;758;603;123;0;480;3.527;0;46;0
COOPERATIVA DE CRÉDITO DE LIVRE ADMISSÃO DE ASSOCIADOS LITORÂNEA   SICOOB/SC CREDIJA;85.291.086;b3S;I;2;;9;JACINTO MACHADO;SC;09/2012;42.014;0;3;0;0;0;0;2;5;172;10.124;1.898;2.030;268;4;281;14.778;61;174;139;241;142;0;13;770;0;382;429;814;0;0;456;2.080;0;24;48;153;19;0;1;245;215;6.239;3.995;3.857;580;3;291;15.179;0;3;16;2;0;0;0;21;55;1.374;892;1.234;281;8;66;3.910;5;746;1.209;2.432;572;0;42;5.006;0;20;0
BANCO PORTO REAL DE INVESTIMENTOS S.A;40.429.946;b2;I;2;;13;PORTO REAL;RJ;09/2012;41.833;0;0;0;0;0;0;0;0;20;377;1.096;1.230;96;0;0;2.820;0;4.485;1.236;1.650;296;0;0;7.667;0;0;0;0;0;0;0;0;0;0;0;0;0;0;0;0;0;986;1.673;1.217;631;0;0;4.507;0;0;0;0;0;0;0;0;0;969;5.696;3.285;618;0;0;10.567;0;1.955;6.818;5.799;1.695;5;0;16.272;0;0;0
COOPERATIVA DE CRÉDITO DE LIVRE ADMISSÃO DE ASSOCIADOS VALE DO CERRADO - SICREDI VALE DO CERRADO;32.983.165;b3S;I;2;;9;CAMPO VERDE;MT;09/2012;40.760;28;750;4.227;194;25;0;1;5.225;400;2.716;969;330;81;0;3;4.499;0;342;998;664;18;0;3;2.024;0;7;26;0;0;0;0;33;0;13;8;15;3;0;0;39;760;9.871;7.913;3.852;540;0;106;23.042;0;0;0;0;0;0;0;0;200;1.020;1.252;1.183;203;0;19;3.878;48;566;942;369;64;0;3;1.993;0;27;0
FATOR;50.122;b1;C;2;;199;SAO PAULO;SP;09/2012;40.701;0;0;0;0;0;0;0;0;0;312;0;0;0;0;0;312;0;14.862;4.303;0;0;0;0;19.165;0;0;0;0;0;0;0;0;0;0;0;0;0;0;0;0;0;2.885;1.691;267;0;0;0;4.843;0;0;0;0;0;0;0;0;0;0;0;0;0;0;0;0;1.496;370;1.076;0;13.439;0;0;16.381;0;0;0
COOPERATIVA DE CRÉDITO DE LIVRE ADMISSÃO DE ASSOCIADOS CELEIRO - SICREDI CELEIRO RS/SC;88.099.247;b3S;I;2;;9;CAMPO NOVO;RS;09/2012;40.492;0;11;2;2;0;0;0;16;27;4.206;7.408;656;40;0;7;12.343;6;114;1.491;68;2;0;0;1.680;0;0;0;0;0;0;0;0;0;17;32;0;0;0;0;49;74;7.306;6.396;2.418;353;20;27;16.595;0;0;0;0;0;0;0;0;224;2.700;2.902;1.881;384;0;42;8.134;59;558;517;199;23;0;1;1.358;0;319;0
HONDA;51.396;b2;C;3;;198;SAO PAULO;SP;09/2012;40.206;3;50;130;52;0;0;0;234;10;892;1.865;1.124;3;0;0;3.894;17;463;924;580;6;0;0;1.992;1;19;31;4;0;0;0;55;23;31;57;26;0;0;0;137;108;5.137;9.703;6.713;200;0;0;21.862;0;0;0;0;0;0;0;0;11;355;716;318;8;0;0;1.407;59;2.141;4.934;3.428;40;0;0;10.602;0;22;0
COOPERATIVA DE CREDITO DO VALE DO SAO PATRICIO LTDA;968.602;b3S;I;2;;9;GOIANESIA;GO;09/2012;40.108;0;3.277;981;763;0;0;0;5.021;0;697;1.588;15.613;2.395;0;1;20.294;0;0;0;0;0;0;0;0;0;0;0;10.623;0;0;0;10.623;0;0;0;0;0;0;0;0;0;930;681;278;190;0;54;2.133;0;0;0;0;0;0;0;0;0;16;24;34;0;0;2;77;0;51;584;1.315;0;0;11;1.960;0;0;0
COOPERATIVA DE CRÉDITO DOS MÉDICOS, PROFISSIONAIS DA SAÚDE, CONTABILISTAS, PROFESSORES E EMPRESÁRIOS DA REGIÃO SUL CATARINENSE LTDA.;75.847;b3S;I;2;;9;CRICIUMA;SC;09/2012;39.540;0;17;22;23;0;0;0;62;20;1.284;1.042;1.286;497;245;0;4.374;11;75;71;116;32;0;0;305;0;0;3;0;0;0;0;3;0;56;59;52;6;0;0;173;78;1.498;2.102;2.915;963;302;0;7.857;0;0;0;0;0;0;0;0;22;140;214;361;71;4;0;811;354;5.172;6.511;9.464;3.006;1.429;0;25.937;0;16;0
UNICRED RECIFE ? COOPERATIVA DE ECONOMIA E CRÉDITO MÚTUO DOS MÉDICOS E PROFISSIONAIS DA ÁREA DE SAÚDE DO GRANDE RECIFE, ZONA DA MATA NORTE E SUL LTDA;70.241.658;b3S;I;2;;9;RECIFE;PE;09/2012;39.473;0;0;0;0;0;0;0;0;0;0;0;0;0;0;0;0;0;0;0;0;0;0;0;0;0;0;0;0;0;0;0;0;0;0;0;0;0;0;0;0;0;100;90;76;0;0;0;266;0;0;0;0;0;0;0;0;0;0;0;0;0;0;0;0;31;5.291;11.779;17.482;4.548;75;0;39.207;0;1;0
BANCO DO ESTADO DO PARÁ S.A.;4.913.711;b1;I;1;;8;BELEM;PA;09/2012;39.337;0;219;66;0;0;115;0;401;0;637;282;3;0;0;0;921;26;14.039;15.889;184;0;0;0;30.138;0;0;0;0;0;0;0;0;0;36;0;0;0;0;0;36;25;691;1.150;168;0;0;0;2.033;358;6;0;0;0;0;0;364;0;76;22;0;0;0;0;98;188;1.990;2.841;312;0;0;0;5.331;0;14;0
COOPERATIVA DE CRÉDITO DE LIVRE ADMISSÃO DE ASSOCIADOS CENTRO SERRA - SICREDI CENTRO SERRA RS;87.067.757;b3S;I;2;;9;AGUDO;RS;09/2012;38.436;0;42;50;9;0;0;0;101;33;1.863;2.062;1.077;414;4;1;5.455;2;559;201;303;88;0;1;1.154;0;0;0;0;0;0;0;0;0;2;6;4;0;0;0;11;62;6.130;7.186;3.879;1.202;135;34;18.628;0;0;0;0;0;0;0;0;12;3.787;4.079;2.240;974;3;38;11.133;10;341;658;764;153;0;1;1.927;0;27;0
COOPERATIVA DE ECONOMIA E CRÉDITO MÚTUO DOS COMERCIANTES DE MATERIAL DE CONSTRUÇÃO DE GOVERNADOR VALADARES LTDA.;1.559.914;b3S;I;2;;9;GOVERNADOR VALADARES;MG;09/2012;38.350;0;0;0;0;0;0;0;0;87;4.821;639;461;0;0;660;6.669;38;681;668;85;10;0;205;1.688;0;71;15;5;0;0;4;96;0;47;30;20;0;0;5;101;729;12.638;3.678;3.182;563;0;3.439;24.229;0;0;0;0;0;0;0;0;5;514;234;127;2;0;39;921;203;1.027;903;1.799;0;0;683;4.614;0;33;0
COOPERATIVA DE CRÉDITO DE LIVRE ADMISSÃO DO MÉDIO PIRACICABA E DO CIRCUITO DO OURO LTDA. - SICOOB CREDIMEPI;1.644.264;b3S;I;2;;9;JOAO MONLEVADE;MG;09/2012;38.315;0;54;96;163;73;0;34;420;69;2.184;795;566;99;0;209;3.923;2;1.340;633;623;0;0;250;2.847;0;1;4;0;0;0;16;21;0;231;336;591;0;0;57;1.215;78;5.849;3.167;2.953;639;40;1.252;13.979;0;0;0;0;0;0;0;0;293;1.196;1.559;1.059;22;0;202;4.331;24;2.674;3.932;3.972;622;12;330;11.564;0;16;0
COOPERATIVA DE CRÉDITO DE LIVRE ADMISSÃO DO OESTE - SICREDI OESTE PR;76.059.997;b3S;I;2;;9;TOLEDO;PR;09/2012;38.192;0;22;128;8;0;0;0;158;99;6.406;2.638;1.620;210;5;14;10.992;1;181;837;473;278;390;1;2.161;0;0;0;0;0;0;0;0;0;2;0;0;0;0;0;2;434;9.842;4.863;2.525;841;191;41;18.737;0;0;0;0;0;0;0;0;386;932;991;834;279;0;1;3.422;4;1.234;691;439;146;174;1;2.688;0;33;0
COOPERATIVA DE CRÉDITO DE LIVRE ADMISSÃO DE ASSOCIADOS CENTRO LESTE - SICREDI CENTRO LESTE RS;88.471.024;b3S;I;2;;9;CACHOEIRA DO SUL;RS;09/2012;37.986;45;427;2.008;270;121;0;4;2.874;76;3.812;2.317;1.649;251;0;2;8.108;8;421;434;125;7;0;0;996;0;70;188;399;0;0;0;657;0;60;109;0;0;0;0;168;419;7.565;5.073;3.014;519;120;20;16.730;0;0;0;0;0;0;0;0;202;1.421;1.437;1.262;324;139;2;4.787;111;1.278;972;1.054;118;28;46;3.606;0;58;0
COOPERATIVA DE ECONOMIA E CRÉDITO MÚTUO DOS MÉDICOS, DOS PROFISSIONAIS DE NÍVEL SUPERIOR DA ÁREA DA SAÚDE, DOS MEMBROS E SERV DO PODER JUD, DO MP E DE ÓRGÃOS JUR DA REG METROP DE NATAL - UNICRED NATAL;70.038.237;b3S;I;2;;9;NATAL;RN;09/2012;37.862;0;0;0;0;0;0;0;0;0;43;34;59;12;0;0;147;0;22;1.253;0;0;0;0;1.275;0;0;0;0;0;0;0;0;0;435;1.479;810;0;0;0;2.724;0;406;725;908;45;0;0;2.084;0;0;0;0;0;0;0;0;0;0;0;0;0;0;0;0;21;5.035;10.368;10.671;4.501;1.033;0;31.629;0;3;0
COOPERATIVA DE CRÉDITO DOS PEQUENOS EMPRESÁRIOS, MICROEMPRESÁRIOS E MICROEMPREENDEDORES DO NORTE E NORDESTE DE SANTA CATARINA - SICREDI EMPRESARIAL;2.843.443;b3S;I;2;;9;JOINVILLE;SC;09/2012;37.392;0;18;0;0;0;0;0;18;153;2.885;3.044;1.763;194;0;10;8.048;21;275;863;257;20;0;4;1.440;0;2;154;0;0;0;0;157;0;0;0;0;0;0;0;0;276;5.931;6.769;5.476;615;63;44;19.173;0;0;0;0;0;0;0;0;70;191;338;301;45;0;0;946;167;2.427;2.423;2.148;314;44;37;7.559;0;51;0
COOPERATIVA DE CRÉDITO DE LIVRE ADMISSÃO SUL-LITORÂNEA DO ESPÍRITO SANTO;32.474.884;b3S;I;2;;9;ALFREDO CHAVES;ES;09/2012;36.730;0;1;3;1;0;0;0;5;33;1.187;798;1.176;162;0;105;3.462;1;706;449;272;38;0;20;1.486;0;0;0;0;0;0;0;0;0;2;0;0;0;0;2;4;145;9.358;4.563;2.741;959;0;820;18.586;0;0;0;0;0;0;0;0;66;1.737;4.992;3.615;97;0;210;10.716;13;556;596;896;272;0;112;2.445;0;25;0
BANCO DE LA PROVINCIA DE BUENOS AIRES;44.189.447;b1;I;3;;28;SAO PAULO;SP;09/2012;36.579;0;0;0;0;0;0;0;0;0;17.621;12.884;0;0;0;0;30.505;0;0;0;0;0;0;0;0;0;0;0;0;0;0;0;0;0;0;0;0;0;0;0;0;0;0;6.074;0;0;0;0;6.074;0;0;0;0;0;0;0;0;0;0;0;0;0;0;0;0;0;0;0;0;0;0;0;0;0;0;0
COOPERATIVA DE ECONOMIA E CRÉDITO MÚTUO DOS PROFISSIONAIS DE SAÚDE DE NÍVEL SUPERIOR DE ARACAJU LTDA.;2.923.389;b3S;I;2;;9;ARACAJU;SE;09/2012;36.457;0;0;0;0;0;0;0;0;0;89;7;12;4;0;0;112;63;144;580;534;4;0;0;1.326;0;0;0;0;0;0;0;0;0;0;0;0;0;0;0;0;0;238;663;589;151;217;0;1.857;0;0;0;0;0;0;0;0;32;730;1.905;3.166;441;0;0;6.273;148;5.161;10.419;7.730;2.277;1.154;0;26.888;0;1;0
COOPERATIVA DE CRÉDITO DE LIVRE ADMISSÃO DE ASSOCIADOS DO SUL DE MATO GROSSO - SICREDI SUL MT;26.549.311;b3S;I;2;;9;RONDONOPOLIS;MT;09/2012;36.452;8;190;5.925;279;6;0;1;6.410;243;725;3.745;222;12;0;18;4.964;12;1.180;2.232;111;28;0;0;3.563;0;1;4;0;0;0;0;5;4;17;16;0;0;0;0;38;270;2.652;5.421;3.381;397;0;41;12.161;0;0;0;0;0;0;0;0;20;583;4.486;1.242;36;0;14;6.380;14;1.049;1.027;771;26;0;16;2.902;0;28;0
COOPERATIVA DE CRÉDITO DE LIVRE ADMISSÃO DE ASSOCIADOS DO VALE DO ITAJAÍ E LITORAL CATARINENSE - SICREDI VALE LITORAL SC;10.348.181;b3S;I;2;;9;ITAPEMA;SC;09/2012;36.331;5;3;0;0;0;0;3;11;166;3.655;2.493;1.154;203;12;17;7.700;115;1.783;2.069;1.144;338;1;11;5.461;0;0;0;0;0;0;0;0;0;0;0;0;0;0;0;0;232;6.450;4.204;2.608;323;8;55;13.881;0;0;0;0;0;0;0;0;38;274;665;589;16;0;1;1.584;70;2.826;2.646;1.936;167;8;8;7.661;0;34;0
COOPERATIVA DE CRÉDITO DE LIVRE ADMISSÃO PARANAPANEMA - SICREDI PARANAPANEMA PR/SP;79.086.997;b3S;I;2;;9;CAMBARA;PR;09/2012;36.234;3;95;82;181;22;0;0;383;186;3.500;2.506;1.197;178;0;12;7.580;115;1.163;545;690;272;0;13;2.798;0;0;0;0;0;0;0;0;0;64;55;38;2;0;0;160;1.073;8.609;6.510;4.273;552;233;93;21.342;0;0;0;0;0;0;0;0;20;405;513;480;83;0;3;1.503;121;457;678;728;157;264;37;2.441;0;26;0
CENTRAL DAS COOPERATIVAS DE ECONOMIA E CREDITO DO ESTADO DE MINAS GERAIS LTDA. - SICOOB CENTRAL CECREMGE;309.024;b3C;I;2;;9;BELO HORIZONTE;MG;09/2012;35.697;0;0;0;0;0;0;0;0;0;0;0;0;0;0;0;0;0;0;0;0;0;0;0;0;0;0;0;0;0;0;0;0;0;0;0;0;0;0;0;0;0;0;0;0;0;0;0;0;0;0;0;0;0;0;0;0;0;0;0;0;0;0;0;0;0;13.945;17.492;4.091;5;0;164;35.697;0;0;0
COOPERATIVA DE CRÉDITO DE LIVRE ADMISSÃO DE ASSOCIADOS ITAIPU   SICOOB   PINHALZINHO/SC.;81.014.060;b3S;I;2;;9;PINHALZINHO;SC;09/2012;35.315;0;98;235;500;142;0;4;979;84;3.657;2.767;2.613;665;9;162;9.958;2;956;1.023;964;152;0;149;3.245;0;8;38;175;1.058;0;0;1.280;15;10;23;34;0;0;0;81;82;5.603;3.044;3.334;854;2;428;13.347;0;0;0;0;0;0;0;0;0;723;968;1.287;348;0;160;3.487;15;539;1.043;865;353;2;110;2.928;0;10;0
MÚLTIPLA CRÉDITO, FINANCIAMENTO E INVESTIMENTO S/A;5.351.887;n1;I;2;;14;FORTALEZA;CE;09/2012;35.157;0;0;0;0;0;0;0;0;18;3.451;3.669;1.465;0;0;0;8.603;6;3.453;2.731;568;0;0;0;6.758;0;0;0;0;0;0;0;0;0;320;189;0;0;0;0;509;239;3.201;2.848;1.298;0;0;0;7.585;0;0;0;0;0;0;0;0;93;836;1.969;1.500;0;0;0;4.397;112;2.160;3.477;1.421;135;0;0;7.305;0;0;0
COOPERATIVA DE CRÉDITO DOS PROFISSIONAIS DA SAÚDE, CONTABILISTAS, EMPRESÁRIOS E PROFESSORES DO OESTE E SERRA LTDA - UNICRED OESTE E SERRA;1.039.011;b3S;I;2;;9;CHAPECO;SC;09/2012;34.042;0;0;24;68;57;104;0;252;13;119;177;255;117;0;0;682;2;320;765;1.217;533;55;0;2.892;0;0;0;0;0;0;0;0;0;0;0;0;0;0;0;0;62;1.266;2.080;2.498;791;187;1;6.885;0;0;0;0;0;0;0;0;0;206;454;475;116;2;0;1.254;24;2.668;5.338;8.254;3.542;2.231;2;22.060;0;17;0
COOPERATIVA DE CRÉDITO DE LIVRE ADMISSÃO DE ASSOCIADOS AURIVERDE   SICOOB CREDIAL/SC;78.858.107;b3S;I;2;;9;CUNHA PORA;SC;09/2012;33.986;0;70;25;35;0;0;0;129;84;1.927;1.163;1.454;623;331;111;5.693;13;348;403;631;162;0;30;1.588;0;26;60;230;165;0;0;481;0;0;0;0;0;0;0;0;50;7.184;4.380;4.376;989;613;312;17.903;0;0;0;0;0;0;0;0;28;1.909;1.871;2.360;553;35;114;6.869;2;287;458;360;135;38;24;1.305;0;17;0
COOPERATIVA DE CRÉDITO DE LIVRE ADMISSÃO AGROEMPRESARIAL - SICREDI AGROEMPRESARIAL PR;79.457.883;b3S;I;2;;9;MANDAGUARI;PR;09/2012;32.988;127;139;372;91;1;0;6;736;251;4.516;2.254;1.863;50;0;33;8.967;31;790;176;102;15;0;4;1.120;2;203;69;9;0;0;3;286;0;0;0;0;0;0;0;0;392;7.605;5.551;2.148;345;0;49;16.091;0;0;0;0;0;0;0;0;236;730;853;808;247;0;32;2.906;68;1.624;625;453;30;0;12;2.813;0;69;0
COOPERATIVA CENTRAL DE CRÉDITO URBANO - CECRED;5.463.212;b3C;I;2;;9;BLUMENAU;SC;09/2012;32.792;0;0;0;0;0;0;0;0;0;0;0;0;0;0;0;0;0;0;0;0;0;0;0;0;0;0;0;0;0;0;0;0;0;0;0;0;0;0;0;0;0;0;0;0;0;0;0;0;0;0;0;0;0;0;0;0;0;0;0;0;0;0;0;0;0;13.334;19.458;0;0;0;0;32.792;0;0;0
COOPERATIVA DE CRÉDITO DE LIVRE ADMISSÃO DE ASSOCIADOS PESTANENSE - SICREDI AUGUSTO PESTANA RS;90.729.369;b3S;I;2;;9;AUGUSTO PESTANA;RS;09/2012;31.952;0;31;10;17;0;0;0;57;29;2.380;1.581;999;124;0;5;5.118;4;92;189;61;0;0;0;347;0;0;2.022;0;0;0;0;2.022;0;29;54;138;132;0;0;352;119;5.496;5.320;3.777;205;0;5;14.924;0;0;0;0;0;0;0;0;4;2.305;810;583;12;0;0;3.713;13;2.761;1.271;1.000;349;0;4;5.398;0;20;0
COOPERATIVA DE CRÉDITO DE LIVRE ADMISSÃO DO CENTRO SUL DO PARANÁ - SICREDI CENTRO SUL PR/SC;78.907.607;b3S;I;2;;9;PRUDENTOPOLIS;PR;09/2012;31.626;15;313;388;351;0;0;6;1.073;125;5.212;2.051;1.325;80;0;17;8.810;10;161;135;209;6;0;3;524;0;0;0;0;0;0;0;0;0;2;0;0;0;0;0;2;263;9.044;5.256;1.906;94;0;47;16.611;0;0;0;0;0;0;0;0;29;1.078;965;840;165;0;27;3.103;13;710;443;273;15;0;11;1.464;0;39;0
COOPERATIVA DE CRÉDITO DE LIVRE ADMISSÃO DE ASSOCIADOS DO NORTE DE MINAS LTDA - SICOOB CREDINOR;21.866.694;b3S;I;2;;9;MONTES CLAROS;MG;09/2012;31.622;9;263;171;342;11;219;487;1.502;35;1.648;431;911;0;48;2.099;5.173;52;486;147;30;0;0;979;1.693;0;0;1;2;0;0;0;4;0;0;0;0;0;0;0;0;322;3.993;2.382;2.388;0;0;7.701;16.786;0;0;0;0;0;0;0;0;10;460;394;579;5;0;973;2.421;58;474;623;961;168;5;1.709;3.998;0;44;0
COOPERATIVA DE CREDITO DE LIVRE ADMISSAO DO TRIANGULO MINEIRO LTDA - SICOOB ARACOOP;3.320.525;b3S;I;2;;9;ARAGUARI;MG;09/2012;31.599;0;168;1.293;27;0;0;37;1.524;96;2.703;1.458;1.330;5;0;393;5.985;4;25;134;411;0;0;37;611;0;21;21;60;0;0;9;110;0;82;113;207;0;0;0;402;306;7.604;4.587;4.348;192;0;1.811;18.847;0;0;0;0;0;0;0;0;7;160;300;393;3;0;100;962;13;1.028;1.095;840;3;0;161;3.140;0;17;0
COOPERATIVA DE CRÉDITO DE LIVRE ADMISSÃO DE ASSOCIADOS DO NOROESTE DE MATO GROSSO - SICREDI NOROESTE MT;33.022.690;b3S;I;2;;9;ARAPUTANGA;MT;09/2012;31.539;16;81;15;268;161;0;1;543;1;5.883;3.789;201;0;0;3;9.877;0;370;299;105;0;0;0;774;0;0;0;0;0;0;0;0;0;175;88;0;0;0;0;263;483;9.713;4.844;1.913;121;57;52;17.183;0;0;0;0;0;0;0;0;89;369;440;294;0;0;1;1.194;19;758;656;255;0;0;2;1.690;0;15;0
COOPERATIVA DE CRÉDITO RURAL COOPAVEL;76.461.557;b3S;I;2;;9;CASCAVEL;PR;09/2012;31.538;0;5.958;3.146;0;0;0;0;9.103;0;4.866;0;3.630;0;0;0;8.495;0;6.880;0;0;0;0;0;6.880;0;0;0;0;0;0;0;0;0;0;0;0;0;0;0;0;0;706;3.404;0;0;0;0;4.111;0;0;0;0;0;0;0;0;0;1.594;0;0;0;0;0;1.594;0;1.351;0;0;0;0;0;1.351;0;3;0
DIRECAO S.A. CREDITO, FINANCIAMENTO E INVESTIMENTO;58.158.387;n1;I;2;;14;SANTOS;SP;09/2012;30.855;0;334;0;0;0;0;0;334;4.371;8.003;3.100;2.157;289;0;0;17.920;0;14;0;0;0;0;0;14;0;39;95;25;0;0;0;159;0;0;0;0;0;0;0;0;136;2.061;638;183;0;0;0;3.018;0;0;0;0;0;0;0;0;259;664;1.056;753;0;0;0;2.732;56;4.619;1.710;293;0;0;0;6.678;0;0;0
COOPERATIVA DE CRÉDITO DE LIVRE ADMISSÃO RIO PARANÁ - SICREDI RIO PARANÁ PR/SP;81.206.039;b3S;I;2;;9;NOVA LONDRINA;PR;09/2012;30.773;4;45;69;1;0;0;1;120;560;9.067;2.309;915;24;0;23;12.897;14;153;48;29;0;0;2;246;0;300;11;5;0;0;0;316;0;123;26;14;0;0;0;163;560;7.273;4.256;1.902;62;4;43;14.099;0;0;0;0;0;0;0;0;12;338;452;399;36;0;4;1.240;117;637;503;342;26;0;17;1.641;0;52;0
BANCO YAMAHA MOTOR DO BRASIL S.A.;10.371.492;b2;I;3;;8;GUARULHOS;SP;09/2012;30.597;0;0;0;0;0;0;0;0;0;0;0;0;0;0;0;0;0;0;0;0;0;0;0;0;0;0;0;0;0;0;0;0;0;0;0;0;0;0;0;0;6.253;24.255;19;0;0;0;0;30.528;0;0;0;0;0;0;0;0;0;0;0;0;0;0;0;0;0;65;0;0;0;0;0;65;0;4;0
BANCO KDB DO BRASIL S.A.;7.656.500;b1;I;3;;8;SAO PAULO;SP;09/2012;30.283;0;0;0;0;0;0;0;0;897;622;3.951;7.083;0;0;0;12.554;0;0;0;0;0;0;0;0;0;0;0;0;0;0;0;0;0;0;0;0;0;0;0;0;0;0;0;0;0;0;0;0;0;0;0;0;0;0;0;0;0;0;0;0;0;0;0;0;0;1.230;3.375;9.000;4.125;0;0;17.730;0;0;0
COOPERATIVA DE CRÉDITO RURAL DE JI-PARANÁ LTDA;2.309.070;b3S;I;2;;9;JI-PARANA;RO;09/2012;30.207;0;0;0;0;0;0;0;0;613;5.845;664;119;11;0;0;7.253;0;2.515;144;40;0;0;0;2.699;0;87;17;0;0;0;0;104;0;0;0;0;0;0;0;0;35;14.656;3.319;180;8;0;0;18.197;0;0;0;0;0;0;0;0;14;648;245;272;0;0;0;1.179;0;456;132;183;2;0;0;774;0;1;0
COOPERATIVA DE ECONOMIA E CRÉDITO MÚTUO DOS EMPRESÁRIOS DO VALE DO PARANHANA;11.565.109;b3S;I;2;;9;TRES COROAS;RS;09/2012;30.000;0;0;0;0;0;0;2;2;459;12.092;3.842;3.328;422;1;391;20.535;0;142;111;248;115;0;14;630;4;18;3;10;0;0;1;37;0;47;18;44;0;0;0;109;59;2.566;1.121;1.723;103;0;147;5.720;0;0;0;0;0;0;0;0;2;350;732;761;33;0;32;1.910;0;204;141;668;0;0;36;1.049;0;9;0
COOPERATIVA DE ECONOMIA E CRÉDITO MÚTUO UNICRED NORDESTE RS LTDA - UNICRED NORDESTE RS;73.750.424;b3S;I;2;;9;CAXIAS DO SUL;RS;09/2012;29.916;0;22;61;69;0;0;0;151;0;104;147;228;137;46;0;663;0;967;3.219;4.881;2.594;145;0;11.806;0;0;0;0;0;0;0;0;0;0;0;0;0;0;0;0;2;24;93;71;3;0;0;193;0;0;0;0;0;0;0;0;0;0;0;0;0;0;0;0;3;1.799;4.256;7.219;3.261;566;0;17.103;0;1;0
COOPERATIVA DE CRÉDITO RURAL CELEIRO CENTRO OESTE - SICREDI CELEIRO CENTRO OESTE;3.566.655;b3S;I;3;;9;SAO GABRIEL DO OESTE;MS;09/2012;28.640;0;1.862;1.140;116;5;0;0;3.123;133;2.217;1.607;219;0;0;12;4.188;45;237;143;27;0;0;1;453;0;55;15;4;0;0;0;73;0;12;35;10;0;0;0;57;183;7.727;6.730;1.463;31;0;69;16.203;0;0;0;0;0;0;0;0;10;861;789;227;0;0;2;1.888;189;821;1.293;311;0;0;8;2.622;0;33;0
COOPERATIVA DE CREDITO DE LIVRE ADMISSAO DO VALE DO AÇO LTDA - SICOOB VALE DO AÇO;19.869.338;b3S;I;2;;9;IPATINGA;MG;09/2012;28.527;6;106;1;0;0;0;5;118;111;3.432;3.187;1.835;1;0;251;8.816;25;481;298;334;0;0;33;1.172;0;0;0;0;0;0;5;5;0;14;18;24;0;0;6;62;204;7.234;3.561;2.712;12;0;736;14.459;0;0;0;0;0;0;0;0;41;489;292;382;1;0;63;1.269;131;1.497;485;317;10;0;152;2.592;0;33;0
BANCO CR2 S/A;3.532.415;b1;I;2;;2;RIO DE JANEIRO;RJ;09/2012;28.042;0;0;0;0;0;0;0;0;0;2.333;1.957;116;0;0;0;4.406;160;7.284;1.920;268;0;0;0;9.632;0;0;0;0;0;0;0;0;0;0;0;0;0;0;0;0;0;2.986;0;0;0;0;0;2.986;0;0;0;0;0;0;0;0;0;0;0;0;0;0;0;0;657;6.783;3.578;0;0;0;0;11.017;0;0;0
COOPERATIVA DE CRÉDITO DE LIVRE ADMISSÃO DE ASSOCIADOS DO VALE DO CANOINHAS - SICOOB CREDICANOINHAS/SC;78.834.975;b3S;I;2;;9;CANOINHAS;SC;09/2012;26.859;25;724;250;143;0;0;8;1.151;293;5.065;2.372;2.932;411;646;104;11.823;0;146;134;145;31;0;16;472;0;68;65;0;0;0;3;136;0;192;42;61;0;0;50;345;118;4.582;1.510;1.684;233;0;348;8.474;0;0;0;0;0;0;0;0;70;685;352;785;85;0;140;2.117;5;645;243;1.240;48;0;147;2.328;0;14;0
COOPERATIVA DE CRÉDITO DE LIVRE ADMISSÃO DO NORTE DO PARANÁ E SUL DE SÃO PAULO - SICREDI NORTE SUL PR/SP;79.063.574;b3S;I;2;;9;SANTO ANTONIO DA PLATINA;PR;09/2012;26.851;1;302;118;53;8;0;0;482;29;1.191;865;295;90;87;12;2.568;15;1.012;148;21;0;0;2;1.197;0;4;11;7;0;0;0;21;0;2;5;12;4;0;0;22;212;8.491;6.393;2.462;551;7;51;18.168;0;0;0;0;0;0;0;0;252;1.031;467;453;72;0;2;2.277;79;872;722;358;31;0;16;2.078;0;37;0
COOPERATIVA DE CRÉDITO DE LIVRE ADMISSÃO COSTA OESTE - SICREDI COSTA OESTE PR;79.052.122;b3S;I;2;;9;MARECHAL CANDIDO RONDON;PR;09/2012;26.775;0;31;8;17;0;0;1;57;105;2.005;1.137;876;173;39;5;4.340;6;118;86;30;2;0;2;244;0;23;13;0;0;0;0;36;0;16;5;0;0;0;0;21;74;6.548;4.285;2.174;425;53;53;13.612;0;0;0;0;0;0;0;0;74;746;839;1.100;242;0;7;3.008;25;1.249;1.386;2.016;684;41;11;5.412;0;44;0
COOPERATIVA DE CRÉDITO DE LIVRE ADMISSÃO CENTRO NORTE DO PARANÁ - SICOOB ALIANÇA;6.174.009;b3S;I;2;;9;APUCARANA;PR;09/2012;26.766;0;0;0;0;0;0;0;0;118;8.943;2.078;886;0;0;356;12.381;0;36;1.108;11;0;0;11;1.167;0;105;79;0;0;0;4;188;0;0;0;0;0;0;0;0;93;4.882;2.853;1.645;157;0;372;10.001;0;0;0;0;0;0;0;0;37;290;101;22;0;0;65;516;6;400;479;594;958;0;62;2.499;0;14;0
COOPERATIVA DE CRÉDITO DE LIVRE ADMISSÃO DO NOROESTE DO PARANÁ - SICOOB NOROESTE DO PARANÁ;5.772.229;b3S;I;2;;9;PARANAVAI;PR;09/2012;26.674;1;246;67;4;0;0;17;336;39;2.515;872;754;0;0;269;4.449;9;632;359;120;0;0;86;1.206;0;0;0;0;0;0;0;0;0;0;0;0;0;0;0;0;94;6.585;4.140;2.626;490;11;1.358;15.305;0;0;0;0;0;0;0;0;40;613;660;731;77;0;133;2.255;22;787;1.206;832;21;0;237;3.104;0;19;0
COOPERATIVA DE CRÉDITO DE LIVRE ADMISSÃO DE ASSOCIADOS DO PLANALTO CATARINENSE - SICOOB CREDIPLANALTO SC;1.389.651;b3S;I;2;;9;PAPANDUVA;SC;09/2012;26.442;0;30;406;33;0;0;1;471;317;4.739;2.405;985;16;0;50;8.512;0;28;20;10;0;0;0;58;0;0;0;0;0;0;0;0;0;70;1;0;0;0;0;71;47;6.397;3.400;2.135;451;731;219;13.379;0;0;0;0;0;0;0;0;0;878;521;285;16;0;35;1.735;10;571;518;733;353;0;19;2.204;0;12;0
COOPERATIVA DE CRÉDITO DE LIVRE ADMISSÃO DE ASSOCIADOS NORTE MATO-GROSSENSE - SICREDI NORTE MT;37.442.605;b3S;I;2;;9;COLIDER;MT;09/2012;26.000;0;433;249;75;0;0;5;763;17;2.745;1.340;711;62;0;2;4.878;9;393;2.422;303;21;0;2;3.151;0;7;20;16;0;0;0;43;0;71;23;58;60;3;0;213;127;4.599;5.933;2.687;91;0;46;13.482;0;0;0;0;0;0;0;0;20;516;668;424;30;0;2;1.660;76;636;545;441;78;0;9;1.785;0;25;0
COOPERATIVA DE CRÉDITO DE LIVRE ADMISSÃO DE ASSOCIADOS DA REGIÃO CENTRO OESTE PAULISTA - SICREDI CENTRO OESTE SP;4.463.602;b3S;I;2;;9;MARILIA;SP;09/2012;25.405;0;819;1.011;57;0;0;3;1.890;128;2.224;398;424;49;0;7;3.229;21;801;189;114;8;0;0;1.133;0;0;0;0;0;0;0;0;0;0;0;0;0;0;0;0;223;5.606;2.521;1.509;102;0;47;10.007;0;0;0;0;0;0;0;0;5;179;454;311;137;0;1;1.089;50;4.318;2.134;1.475;45;0;14;8.036;0;21;0
COOPERATIVA DE CRÉDITO RURAL DE ITAÍ-PARANAPANEMA-AVARÉ;966.246;b3S;I;2;;9;ITAI;SP;09/2012;24.837;0;180;45;39;1;0;64;330;547;2.298;553;521;86;0;540;4.544;1;92;32;50;4;0;30;208;7;7;23;11;0;0;12;61;0;98;0;0;0;0;13;112;346;8.160;5.380;1.331;62;0;1.877;17.156;0;0;0;0;0;0;0;0;66;457;306;48;0;0;116;993;50;440;357;190;5;0;377;1.418;0;15;0
COOPERATIVA DE CRÉDITO DE LIVRE ADMISSÃO TERCEIRO PLANALTO DO PARANÁ - SICREDI TERCEIRO PLANALTO;77.984.870;b3S;I;2;;9;GUARAPUAVA;PR;09/2012;24.644;3;30;32;17;0;0;0;81;99;853;457;263;32;0;3;1.707;6;165;134;139;22;0;2;467;0;0;2.829;0;0;0;0;2.829;0;0;0;0;0;0;0;0;391;5.803;5.701;2.489;445;1;57;14.886;0;0;0;0;0;0;0;0;16;937;943;165;36;0;91;2.190;23;719;681;771;231;0;19;2.443;0;41;0
COOPERATIVA DE CRÉDITO DE SETE LAGOAS LTDA - SICOOB CREDISETE;22.753.982;b3S;I;2;;9;SETE LAGOAS;MG;09/2012;24.311;0;166;0;0;0;0;50;216;38;1.078;1.671;1.005;0;0;563;4.355;9;138;476;566;17;0;27;1.232;2;13;26;28;0;0;24;93;6;134;263;114;0;0;45;560;229;4.145;2.696;1.648;57;0;1.813;10.588;0;0;0;0;0;0;0;0;315;286;558;1.547;262;0;95;3.063;26;649;1.462;1.547;38;0;471;4.193;0;11;0
COOPERATIVA DE ECONOMIA E CRÉDITO MÚTUO DOS FABRICANTES DE CALÇADOS DE NOVA SERRANA LTDA. - CREDINOVA;1.667.766;b3S;I;2;;9;NOVA SERRANA;MG;09/2012;24.251;0;0;0;0;0;0;0;0;165;17.410;3.171;2.411;280;0;396;23.833;0;0;0;0;0;0;0;0;0;0;0;0;0;0;0;0;0;0;0;0;0;0;0;0;0;175;93;27;0;0;55;349;0;0;0;0;0;0;0;0;0;0;0;0;0;0;0;0;33;22;5;1;0;0;0;61;0;8;0
COOPERATIVA DE CREDITO RURAL DO VALE - SICOOB -CREDIVALE/SC;86.829.827;b3S;I;2;;9;BRACO DO NORTE;SC;09/2012;24.020;0;18;21;0;0;184;5;227;48;4.530;1.992;1.439;116;0;457;8.582;0;500;108;24;0;0;18;650;0;152;115;17;0;0;0;284;0;95;4;0;0;0;2;101;113;5.251;2.278;980;5;0;569;9.195;0;0;0;0;0;0;0;0;83;2.010;968;742;131;0;194;4.129;6;399;188;179;30;0;32;833;0;17;0
COOPERATIVA DE ECONOMIA E CRÉDITO MÚTUO DOS EMPRESÁRIOS DO DISTRITO FEDERAL LTDA - SICOOB EMPRESARIAL;5.856.736;b3S;I;2;;9;BRASILIA;DF;09/2012;23.869;0;6;66;126;0;0;0;198;124;1.161;1.152;1.850;250;13;117;4.667;374;1.705;1.362;2.789;1.092;0;127;7.449;0;0;0;0;0;0;0;0;0;0;0;0;0;0;0;0;658;1.612;1.621;1.300;234;0;571;5.996;0;0;0;0;0;0;0;0;4;5;14;7;0;0;6;36;302;2.120;1.436;1.313;52;0;289;5.512;0;11;0
COOPERATIVA DE CRÉDITO DE LIVRE ADMISSÃO DE ASSOCIADOS VALE DO JAGUARI - SICREDI VALE DO JAGUARI RS;87.780.284;b3S;I;2;;9;SANTIAGO;RS;09/2012;23.839;0;332;645;134;108;269;0;1.489;51;2.165;1.051;1.074;65;0;2;4.408;37;118;155;31;17;10;7;375;0;0;0;0;0;0;0;0;0;43;10;0;0;0;0;53;212;3.298;7.210;1.986;534;711;61;14.013;0;0;0;0;0;0;0;0;3;233;500;202;35;0;0;974;31;1.065;574;586;219;10;7;2.493;0;35;0
COOPERATIVA DE CRÉDITO DE BOM DESPACHO LTDA - SICOOB CREDIBOM;21.670.187;b3S;I;2;;9;BOM DESPACHO;MG;09/2012;23.821;126;62;19;22;0;0;2;231;174;3.583;4.168;1.397;213;7;222;9.764;0;74;267;24;0;0;0;365;0;17;10;20;0;0;1;48;0;89;66;60;0;0;2;217;244;4.837;3.227;1.837;187;0;277;10.609;0;0;0;0;0;0;0;0;0;81;309;259;0;0;53;702;5;671;571;471;51;0;110;1.879;0;7;0
COOPERATIVA DE CRÉDITO DE LIVRE ADMISSÃO DE ASSOCIADOS ITAQUIENSE - SICREDI ITAQUI RS;87.733.077;b3S;I;2;;9;ITAQUI;RS;09/2012;23.644;21;3.897;1.772;240;0;0;4;5.933;2;374;467;130;14;0;9;996;26;136;181;320;274;223;0;1.161;0;0;0;0;0;0;0;0;0;0;0;0;0;0;0;0;716;6.014;2.501;1.254;123;0;69;10.678;0;0;0;0;0;0;0;0;266;1.289;931;976;79;0;4;3.544;13;542;394;332;0;0;28;1.310;0;22;0
COOPERATIVA DE CREDITO RURAL DE PRIMAVERA DO LESTE;26.563.270;b3S;I;2;;9;PRIMAVERA DO LESTE;MT;09/2012;23.577;8;1.787;1.431;11;0;0;0;3.237;2;2.812;119;22;0;0;0;2.954;0;1.110;240;122;0;0;0;1.472;0;0;0;0;0;0;0;0;0;0;0;0;0;0;0;0;14;10.609;1.051;264;133;300;0;12.372;0;0;0;0;0;0;0;0;0;2.475;0;0;0;0;0;2.475;0;820;130;117;0;0;0;1.067;0;1;0
COOPERATIVA DE CRÉDITO DE LIVRE ADMISSÃO DE ARAXÁ E PATOS DE MINAS LTDA. - UNICRED DO ALTO PARANAÍBA E NOROESTE DE MINAS;1.727.929;b3S;I;2;;9;PATOS DE MINAS;MG;09/2012;23.244;0;0;0;0;0;0;0;0;7;349;409;855;337;16;0;1.973;0;126;252;832;861;0;0;2.071;0;0;0;0;0;0;0;0;0;0;0;0;0;0;0;0;13;1.379;1.636;1.466;704;65;0;5.263;0;0;0;0;0;0;0;0;0;147;1.106;534;96;0;0;1.883;9;1.344;3.124;4.173;1.770;1.630;0;12.049;0;5;0
COOPERATIVA DE CRÉDITO DE LIVRE ADMISSÃO DE ASSOCIADOS DE CAMPO GRANDE E REGIÃO - SICREDI CAMPO GRANDE MS;3.042.597;b3S;I;2;;9;CAMPO GRANDE;MS;09/2012;23.217;0;419;607;431;0;0;0;1.457;113;902;803;55;17;0;9;1.900;203;246;997;139;13;0;3;1.600;0;0;0;0;0;0;0;0;5;119;126;189;0;0;0;439;296;6.326;3.719;1.319;88;2;39;11.789;0;0;0;0;0;0;0;0;36;466;762;565;0;0;6;1.834;111;929;1.619;1.266;169;64;17;4.174;0;24;0
COOPERATIVA DE CRÉDITO DE LIVRE ADMISSÃO DE ASSOCIADOS DA GRANDE GETÚLIO VARGAS DO RIO GRANDE DO SUL - SICREDI ESTAÇÃO RS;87.784.088;b3S;I;2;;9;ESTACAO;RS;09/2012;23.211;0;22;943;19;0;0;0;983;22;962;997;888;182;0;7;3.057;2;127;132;53;35;0;0;350;0;28;93;157;21;0;0;299;0;0;0;0;0;0;0;0;145;3.782;8.004;1.370;481;4;21;13.807;0;0;0;0;0;0;0;0;0;838;1.032;677;125;0;2;2.674;17;370;965;500;163;10;7;2.032;0;10;0
COOPERATIVA DE CRÉDITO MÚTUO DOS TRANSPORTADORES RODOVIÁRIOS DE TRANSPORTES DE VEÍCULOS DOS MUNICÍPIOS DE SANTO ANDRÉ, SÃO BERNARDO DO CAMPO, SÃO CAETANO DO SUL, DIADEMA, MAUÁ E RIBEIRÃO PIRES-CREDCEG;7.789.195;b3S;I;2;;9;SAO BERNARDO DO CAMPO;SP;09/2012;23.101;0;0;0;0;0;0;0;0;0;14;13;0;0;0;0;27;0;0;0;0;0;0;0;0;0;0;0;0;0;0;0;0;0;0;0;0;0;0;0;0;0;15;20;27;0;0;0;62;0;0;0;0;0;0;0;0;211;3.462;7.410;9.530;432;0;1.579;22.624;6;34;81;209;46;0;11;387;0;1;0
COOPERATIVA DE CREDITO DE LIVRE ADMISSÃO DO SUL DE MINAS LTDA - SICOOB CREDIVASS;1.604.998;b3S;I;2;;9;SAO GONCALO DO SAPUCAI;MG;09/2012;22.942;0;737;421;26;0;0;29;1.213;77;2.625;816;950;32;0;1.523;6.023;2;19;26;70;2;0;84;203;0;0;0;0;0;0;0;0;0;6;4;15;2;0;0;28;191;4.191;1.921;1.615;55;0;3.750;11.724;0;0;0;0;0;0;0;0;1;250;349;394;59;0;205;1.258;189;497;527;698;25;0;526;2.462;0;33;0
COOPERATIVA DE CRÉDITO DA ZONA DA MATA DE MINAS LTDA - SICOOB CREDILIVRE;41.697.103;b3S;I;2;;9;MANHUACU;MG;09/2012;22.899;0;10;0;0;0;0;5;15;71;1.550;534;219;16;0;452;2.842;112;550;365;241;3;0;336;1.606;0;20;16;10;0;0;4;50;0;213;104;169;0;0;1;488;144;7.086;3.103;1.322;41;0;2.509;14.207;0;0;0;0;0;0;0;0;0;401;243;221;36;0;339;1.241;22;614;815;399;42;0;541;2.433;0;18;0
COOPERATIVA DE CRÉDITO DE LIVRE ADMISSÃO NOSSA TERRA - SICREDI NOSSA TERRA;81.192.106;b3S;I;2;;9;CAFELANDIA;PR;09/2012;22.787;2;72;444;115;15;0;2;650;73;2.734;749;644;120;123;1;4.445;56;304;411;726;14;0;2;1.513;0;0;0;0;0;0;0;0;0;11;0;0;0;0;0;11;73;4.611;3.267;1.929;515;370;5;10.772;0;0;0;0;0;0;0;0;2;625;1.153;1.268;76;0;2;3.125;11;569;735;868;66;0;1;2.251;0;20;0
COOPERATIVA DE ECONOMIA E CRÉDITO MÚTUO DOS COMERCIANTES DE CONFECÇÃO DE PARACATU E REGIÃO NOROESTE DE MINAS GERAIS LTDA. - SICOOB CREDIPARNOR;698.609;b3S;I;2;;9;PARACATU;MG;09/2012;22.645;0;36;28;59;0;0;2;126;4;410;433;585;41;0;152;1.626;57;92;185;374;113;0;58;877;0;0;0;0;0;0;0;0;0;34;40;29;0;0;18;122;176;5.165;3.735;3.939;1;0;1.666;14.682;0;0;0;0;0;0;0;0;3;618;293;306;2;0;163;1.384;40;664;1.814;856;17;0;416;3.807;0;21;0
COOPERATIVA DE ECONOMIA E CRÉDITO MÚTUO DOS PROFISSIONAIS DA SAÚDE DE CAMPO GRANDE MS LTDA.;73.647.935;b3S;I;2;;9;CAMPO GRANDE;MS;09/2012;22.497;0;0;4;0;0;0;0;4;0;24;1;0;0;0;0;25;0;0;0;0;0;0;0;0;0;0;0;0;0;0;0;0;0;0;0;0;0;0;0;0;0;148;178;171;48;38;0;583;0;0;0;0;0;0;0;0;0;0;0;0;0;0;0;0;10;4.418;6.451;8.919;1.521;563;0;21.883;0;2;0
GOLDMAN SACHS;51.585;b2;C;3;;198;SAO PAULO;SP;09/2012;22.320;0;0;0;0;0;0;0;0;0;0;0;0;0;0;0;0;0;0;0;0;0;0;0;0;0;0;0;0;0;0;0;0;0;0;0;0;0;0;0;0;0;0;0;0;0;0;0;0;0;0;0;0;0;0;0;0;0;0;0;0;0;0;0;0;0;918;21.402;0;0;0;0;22.320;0;0;0
COOPERATIVA DE CRÉDITO DE LIVRE ADMISSÃO DE ASSOCIADOS NOVA TRENTO   SICOOB TRENTOCREDI SC;2.641.969;b3S;I;2;;9;NOVA TRENTO;SC;09/2012;22.298;0;2;8;0;0;0;0;10;26;2.484;3.112;1.392;115;3;220;7.353;15;344;315;414;21;0;28;1.136;0;89;176;88;1;0;1;354;0;215;167;234;72;0;10;697;36;3.193;2.072;2.985;326;756;320;9.687;0;0;0;0;0;0;0;0;0;385;350;365;171;7;36;1.316;8;504;526;639;17;0;44;1.738;0;6;0
COOPERATIVA REGIONAL DE CRÉDITO DO SUDOESTE MINEIRO E NORDESTE PAULISTA LTDA - SICOOB NOSSO CRÉDITO;22.760.839;b3S;I;2;;9;SAO SEBASTIAO DO PARAISO;MG;09/2012;22.212;0;420;407;188;159;1.382;114;2.669;65;1.807;275;496;357;35;292;3.328;1;165;41;90;59;0;29;386;0;0;0;0;0;0;0;0;0;0;0;0;0;0;0;0;168;3.981;1.136;1.695;128;91;1.762;8.962;0;0;0;0;0;0;0;0;41;374;95;105;5;397;485;1.503;1;356;766;339;3.215;0;200;4.878;472;14;0
COOPERATIVA DE CRÉDITO DE LIVRE ADMISSÃO DE ASSOCIADOS OESTE CATARINENSE - SICOOB OESTECREDI;78.825.023;b3S;I;2;;9;PALMITOS;SC;09/2012;22.130;2;2;7;2;0;0;0;13;83;1.016;1.065;1.808;345;65;103;4.484;4;55;67;156;5;0;11;299;0;0;0;0;0;0;0;0;0;92;82;76;0;0;0;250;270;1.992;2.133;2.916;727;416;388;8.842;0;0;0;0;0;0;0;0;60;931;1.083;1.864;691;288;271;5.188;72;328;705;1.309;379;220;24;3.038;0;17;0
COOPERATIVA DE CRÉDITO DE LIVRE ADMISSÃO PLANALTO DAS ARAUCÁRIAS - SICREDI PLANALTO DAS ARAUCÁRIAS PR/SC;81.054.686;b3S;I;2;;9;LAPA;PR;09/2012;22.014;0;62;866;43;26;0;3;1.001;55;1.112;844;517;40;0;9;2.578;11;43;445;9;0;0;3;511;0;0;0;0;0;0;0;0;0;165;35;36;0;0;0;236;224;4.276;2.931;2.799;383;0;33;10.646;0;0;0;0;0;0;0;0;41;1.563;1.375;1.368;457;8;6;4.819;53;504;1.087;530;7;0;14;2.195;0;28;0
COOPERATIVA DE CRÉDITO DE LIVRE ADMISSÃO DE ASSOCIADOS BOTUCARAÍ - SICREDI BOTUCARAÍ RS;87.900.601;b3S;I;2;;9;SOLEDADE;RS;09/2012;21.881;0;74;372;100;0;0;0;547;48;1.354;679;551;95;0;7;2.735;0;65;74;63;0;0;0;202;0;18;12;33;29;0;0;93;0;76;166;140;0;0;0;382;125;5.079;3.247;2.603;1.271;1;47;12.372;0;0;0;0;0;0;0;0;23;1.292;1.331;1.101;338;23;1;4.108;7;495;428;415;68;0;2;1.416;0;26;0
COOPERATIVA DE CRÉDITO DE LIVRE ADMISSÃO DE ASSOCIADOS ALTO JACUÍ - SICREDI ALTO JACUÍ RS;87.779.625;b3S;I;2;;9;NAO-ME-TOQUE;RS;09/2012;21.803;16;182;722;305;47;0;3;1.275;2;1.279;1.297;440;83;0;1;3.101;0;69;324;110;38;0;0;542;0;30;426;0;0;0;0;456;0;2;6;15;4;0;0;27;540;5.098;3.404;1.829;297;0;65;11.233;0;1;3;3;0;0;0;7;53;1.569;886;495;98;0;4;3.104;43;798;506;542;68;0;11;1.969;0;89;0
COOPERATIVA DE CRÉDITO DE LIVRE ADMISSÃO DE PATOS DE MINAS LTDA -  SICOOB CREDIPATOS;25.387.671;b3S;I;2;;9;PATOS DE MINAS;MG;09/2012;21.438;0;40;1.064;172;34;0;26;1.335;45;729;386;289;4;0;462;1.915;0;301;586;882;0;0;192;1.961;0;0;0;0;0;0;0;0;0;0;0;0;0;0;0;0;53;4.146;3.442;2.456;2;0;1.743;11.842;0;0;0;0;0;0;0;0;0;1.373;607;558;35;0;422;2.995;57;495;398;263;1;0;161;1.375;0;14;0
CENTRAL DAS COOPERATIVAS DE CRÉDITO DO DISTRITO FEDERAL LTDA.;692.214;b3C;I;2;;9;BRASILIA;DF;09/2012;20.929;0;0;0;0;0;0;0;0;0;0;0;0;0;0;0;0;0;0;0;0;0;0;0;0;0;0;0;0;0;0;0;0;0;0;0;0;0;0;0;0;0;0;0;0;0;0;0;0;0;0;0;0;0;0;0;0;0;0;0;0;0;0;0;0;0;6.156;10.876;3.898;0;0;0;20.929;0;0;0
COOPERATIVA DE ECONOMIA E CRÉDITO MÚTUO DOS MÉDICOS E DEMAIS PROFISSIONAIS DA SAÚDE DA REGIÃO DA ALTA MOGIANA - CREDIMED;69.346.856;b3S;I;2;;9;FRANCA;SP;09/2012;20.444;0;0;0;0;0;0;5;5;92;1.097;1.089;1.293;0;0;102;3.673;52;3.118;89;2.379;0;0;9;5.647;0;0;0;0;0;0;0;0;0;0;0;0;0;0;0;0;83;2.127;1.181;924;81;0;382;4.778;0;0;0;0;0;0;0;0;5;10;0;0;0;0;9;24;44;852;2.892;1.439;376;0;704;6.306;0;11;0
COOPERATIVA DE CRÉDITO DE LIVRE ADMISSÃO DA REGIÃO DE FRANCISCO BELTRÃO - SICOOB CRESUD;2.466.552;b3S;I;2;;9;FRANCISCO BELTRAO;PR;09/2012;20.356;0;63;40;34;0;0;5;142;23;4.532;979;415;23;0;96;6.068;0;125;242;174;0;0;26;567;0;1;0;0;0;0;3;4;0;0;0;0;0;0;0;0;85;6.036;4.003;1.087;5;0;394;11.610;0;0;0;0;0;0;0;0;0;550;186;189;50;0;32;1.008;1;358;344;174;33;0;37;947;0;10;0
COOPERATIVA DE CRÉDITO DE LIVRE ADMISSÃO DE ASSOCIADOS SUDOESTE DO RIO GRANDE DO SUL - SICREDI SUDOESTE RS;87.903.316;b3S;I;2;;9;ALEGRETE;RS;09/2012;20.345;0;219;173;0;0;0;0;392;21;377;543;341;19;0;5;1.306;0;527;1.283;269;0;0;0;2.079;0;0;0;0;0;0;0;0;0;43;208;86;0;0;0;337;460;4.246;3.471;930;100;16;57;9.280;0;0;0;0;0;0;0;0;92;4.157;368;247;41;0;15;4.920;79;1.209;455;185;27;0;24;1.979;0;51;0
COOPERATIVA CENTRAL DE CREDITO DO ESPIRITO SANTO - SICOOB CENTRAL ES;32.428.294;b3C;I;2;;9;VITORIA;ES;09/2012;20.285;0;0;0;0;0;0;0;0;0;0;0;0;0;0;0;0;0;0;0;0;0;0;0;0;0;0;0;0;0;0;0;0;0;0;0;0;0;0;0;0;0;0;0;0;0;0;0;0;0;0;0;0;0;0;0;0;0;0;0;0;0;0;0;0;0;0;20.285;0;0;0;0;20.285;0;0;0
COOPERATIVA DE CRÉDITO DE LIVRE ADMISSÃO DAS MICRO-REGIÕES DE GOIÂNIA E ANÁPOLIS LTDA;2.935.307;b3S;I;2;;9;GOIANIA;GO;09/2012;20.099;0;431;53;143;0;0;11;637;92;159;356;376;227;27;35;1.271;220;313;923;622;428;0;10;2.516;0;0;0;0;0;0;0;0;0;0;0;0;0;0;0;0;145;836;474;945;172;4;241;2.817;0;0;0;0;0;0;0;0;0;586;715;665;300;2;74;2.343;226;2.599;3.075;3.222;600;270;516;10.509;0;7;0
COOPERATIVA DE CRÉDITO DE LIVRE ADMISSÃO GRANDES LAGOS DO PARANÁ - SICREDI GRANDES LAGOS PR;81.115.149;b3S;I;2;;9;LARANJEIRAS DO SUL;PR;09/2012;20.054;0;42;40;41;16;0;1;139;17;920;1.243;829;117;12;35;3.174;76;96;209;107;39;0;1;528;7;3;7;0;0;0;0;17;0;0;0;0;0;0;0;0;155;5.238;4.953;2.609;243;0;31;13.229;0;0;0;0;0;0;0;0;56;347;340;312;83;0;4;1.142;34;713;625;391;31;0;5;1.800;0;26;0
COOPERATIVA DE ECONOMIA E CRÉDITO MÚTUO DOS MÉDICOS E DEMAIS PROFISSIONAIS DA SAÚDE DO VALE DO PARAÍBA - UNICRED VALE DO PARAÍBA;2.197.569;b3S;I;2;;9;LORENA;SP;09/2012;19.974;0;0;0;0;0;0;0;0;0;25;7;2;0;0;0;34;0;648;0;0;0;0;0;648;0;0;0;0;0;0;0;0;0;0;0;0;0;0;0;0;10;442;523;318;40;0;0;1.333;0;0;0;0;0;0;0;0;0;4;0;0;0;0;0;4;10;4.998;9.402;2.162;776;600;0;17.948;0;7;0
COOPERATIVA DE CRÉDITO DE LIVRE ADMISSÃO DE ASSOCIADOS DO ALTO XINGU - SICREDI ALTO XINGU;33.021.064;b3S;I;2;;9;CANARANA;MT;09/2012;19.705;0;6;15;10;0;0;0;30;11;488;540;298;39;0;1;1.375;0;25;32;25;0;0;0;82;0;0;0;0;0;0;0;0;0;5;2;0;0;0;0;6;40;4.326;6.574;4.114;224;0;7;15.285;0;0;0;0;0;0;0;0;0;78;91;89;0;0;0;257;5;681;1.320;615;40;0;0;2.660;0;9;0
COOPERATIVA DE CRÉDITO DE LIVRE ADMISSÃO DO VALE DO PARANAÍBA LTDA;24.799.033;b3S;I;2;;9;QUIRINOPOLIS;GO;09/2012;19.303;0;192;279;132;0;0;26;629;40;3.109;1.094;866;555;1.590;153;7.408;6;30;37;47;10;0;17;147;0;0;0;0;0;0;5;5;0;0;0;0;0;0;0;0;127;3.841;1.397;1.481;126;0;992;7.965;0;0;0;0;0;0;0;0;607;335;386;573;129;2;98;2.130;22;429;209;233;23;0;83;1.000;0;19;0
COOPERATIVA DE CRÉDITO DE LIVRE ADMISSÃO DE ASSOCIADOS ROTA DAS TERRAS - SICREDI ROTA DAS TERRAS RS;87.510.475;b3S;I;2;;9;TAPERA;RS;09/2012;18.886;0;6;55;12;4;0;0;77;2;2.156;1.483;865;397;10;2;4.914;0;55;222;88;14;0;0;379;0;0;0;0;0;0;0;0;0;5;25;0;0;0;0;30;315;3.413;3.855;2.019;92;0;5;9.698;0;0;0;0;0;0;0;0;28;460;658;606;216;12;7;1.986;7;390;589;435;235;133;2;1.789;0;12;0
COOPERATIVA DE CRÉDITO DE LIVRE ADMISSÃO DO MÉDIO LESTE DE MATO GROSSO - SICOOB PRIMAVERA MT;5.241.619;b3S;I;2;;9;PRIMAVERA DO LESTE;MT;09/2012;18.869;0;2.509;1.629;15;0;0;39;4.192;255;3.714;137;217;0;0;140;4.464;24;234;0;0;0;0;11;269;0;0;0;0;0;0;0;0;0;41;25;56;0;0;20;141;1.883;3.226;1.575;170;4;0;183;7.040;0;0;0;0;0;0;0;0;132;1.125;530;422;0;0;90;2.298;73;174;87;71;0;0;54;460;0;4;0
COOPERATIVA DE CRÉDITO DE LIVRE ADMISSÃO DE ASSOCIADOS TEIXEIRA DE FREITAS LTDA. - SICOOB EXTREMO SUL;2.447.120;b3S;I;2;;9;TEIXEIRA DE FREITAS;BA;09/2012;18.802;0;1.272;1.038;460;0;0;26;2.796;0;631;210;142;0;0;67;1.050;0;824;706;306;0;0;20;1.856;0;0;0;0;0;0;0;0;0;2;0;0;0;0;3;5;149;2.619;2.182;1.081;8;0;294;6.333;0;0;0;0;0;0;0;0;42;737;1.164;968;16;0;5;2.931;94;1.389;1.235;941;94;0;70;3.824;0;7;0
COOPERATIVA DE CRÉDITO DE LIVRE ADMISSÃO DE ASSOCIADOS DO SUDESTE PARAENSE - SICREDI CARAJÁS PA;8.723.661;b3S;I;2;;9;REDENCAO;PA;09/2012;18.754;0;165;95;154;0;0;0;414;17;483;601;361;0;0;6;1.468;56;627;741;462;18;0;29;1.933;0;78;82;71;0;0;3;234;2;330;384;90;0;0;0;805;180;3.214;3.868;2.277;73;0;44;9.655;0;0;0;0;0;0;0;0;0;410;278;294;0;0;0;982;59;853;1.135;1.085;98;0;26;3.255;0;7;0
COOPERATIVA DE ECONOMIA E CRÉDITO MÚTUO DOS EMPRESÁRIOS DE TRANSPORTES DO ESTADO DE SANTA CATARINA   TRANSPOCRED;8.075.352;b3S;I;2;;9;FLORIANOPOLIS;SC;09/2012;18.595;0;5;0;0;0;0;0;5;11;324;197;116;0;0;0;647;4;48;114;87;0;0;0;253;0;0;0;0;0;0;0;0;5;16;48;84;0;0;0;153;20;937;1.042;660;0;0;0;2.658;0;0;0;0;0;0;0;0;188;4.502;4.835;4.017;0;0;0;13.542;8;486;434;397;0;0;0;1.325;0;14;0
BANCO STANDARD DE INVESTIMENTOS S.A.;4.866.275;b2;I;3;;13;SAO PAULO;SP;09/2012;18.559;0;0;0;0;0;0;0;0;0;260;18.088;211;0;0;0;18.559;0;0;0;0;0;0;0;0;0;0;0;0;0;0;0;0;0;0;0;0;0;0;0;0;0;0;0;0;0;0;0;0;0;0;0;0;0;0;0;0;0;0;0;0;0;0;0;0;0;0;0;0;0;0;0;0;0;0;0
COOPERATIVA DE CRÉDITO DE LIVRE ADMISSÃO DA REGIÃO DE UMUARAMA - SICOOB ARENITO;7.026.923;b3S;I;2;;9;UMUARAMA;PR;09/2012;18.536;0;0;0;0;0;0;0;0;50;3.568;1.214;732;72;0;150;5.786;1;808;132;515;8;0;33;1.497;0;0;0;0;0;0;0;0;0;81;65;0;0;0;0;146;176;3.076;2.053;2.411;187;0;584;8.486;0;0;0;0;0;0;0;0;18;95;457;426;80;0;34;1.110;66;347;631;358;3;0;99;1.505;0;5;0
COOPERATIVA DE CRÉDITO DA REGIÃO DE CARATINGA LTDA. - SICOOB CREDCOOPER;19.449.602;b3S;I;2;;9;CARATINGA;MG;09/2012;18.535;0;124;103;160;60;0;0;446;20;1.105;746;385;0;0;66;2.322;19;451;393;234;0;0;25;1.123;0;0;0;0;0;0;0;0;0;0;0;0;0;0;0;0;585;5.742;3.553;2.357;36;0;599;12.872;0;0;0;0;0;0;0;0;0;55;77;165;0;0;4;302;64;388;326;585;39;0;61;1.461;0;9;0
COOPERATIVA DE CRÉDITO DE LIVRE ADMISSÃO DE ASSOCIADOS DO PLANALTO CENTRAL - SICREDI PLANALTO CENTRAL GO;10.736.214;b3S;I;3;;9;CRISTALINA;GO;09/2012;18.509;1;110;1.458;10;0;0;0;1.579;0;1.126;277;137;0;0;0;1.540;17;743;564;231;0;0;0;1.556;0;0;0;0;0;0;0;0;0;0;0;0;0;0;0;0;632;5.034;2.109;1.176;152;0;37;9.140;0;0;0;0;0;0;0;0;127;527;709;554;6;0;4;1.928;100;659;1.307;685;0;0;3;2.754;0;13;0
COOPERATIVA DE CRÉDITO DE LIVRE ADMISSÃO DE ASSOCIADOS DO VALE DO IGUAÇU - SICOOB VALE DO IGUAÇU;1.480.754;b3S;I;2;;9;DOIS VIZINHOS;PR;09/2012;18.404;0;60;32;26;0;0;16;135;306;1.141;1.386;867;65;0;217;3.983;20;175;396;267;2;0;26;885;0;2;0;0;0;0;0;2;0;0;0;0;0;0;0;0;119;2.989;3.713;3.198;532;0;607;11.158;0;0;0;0;0;0;0;0;35;197;278;267;38;0;109;923;6;272;484;453;9;0;79;1.304;0;15;0
COOPERATIVA DE CRÉDITO DOS PROFISSIONAIS DA SAÚDE DAS REGIÕES DO TRIÂNGULO, CIRCUITO DAS ÁGUAS E CENTRO DE MINAS LTDA. - UNICRED MINEIRA;70.937.271;b3S;I;2;;9;UBERLANDIA;MG;09/2012;17.839;0;2;5;10;0;0;0;17;2;63;123;142;0;0;0;330;0;0;0;0;0;0;0;0;0;0;0;0;0;0;0;0;0;0;0;0;0;0;0;0;2;746;324;144;1;0;0;1.217;0;0;0;0;0;0;0;0;0;34;89;259;83;0;0;464;11;3.266;4.135;5.856;2.066;470;0;15.803;0;9;0
COOPERATIVA DE ECONOMIA E CREDITO MÚTUO DOS MÉDICOS DO PLANALTO MÉDIO DO RIO GRANDE DO SUL LTDA - CREDIPLAN;97.259.253;b3S;I;2;;9;PASSO FUNDO;RS;09/2012;17.826;0;0;0;0;0;0;0;0;0;0;0;0;0;0;0;0;0;0;0;0;0;0;0;0;0;0;0;0;0;0;0;0;0;0;0;0;0;0;0;0;0;0;0;0;0;0;0;0;0;0;0;0;0;0;0;0;0;0;0;0;0;0;0;0;0;1.470;3.249;6.552;4.171;2.383;0;17.825;0;1;0
COOPERATIVA DE CRÉDITO DE LIVRE ADMISSÃO TRÊS FRONTEIRAS - SICOOB TRÊS FRONTEIRAS;4.876.393;b3S;I;2;;9;FOZ DO IGUACU;PR;09/2012;17.761;0;0;0;0;0;0;0;0;4;799;468;164;7;0;140;1.583;3;40;201;118;6;0;21;389;0;1;2;0;0;0;0;4;0;14;3;0;0;0;0;17;74;4.544;3.847;2.398;99;0;807;11.768;0;0;0;0;0;0;0;0;2;383;362;466;161;0;140;1.513;17;739;791;612;86;0;228;2.474;0;14;0
COOPERATIVA DE ECONOMIA E CREDITO MUTUO DOS SERVIDORES PUBLICOS FEDERAIS EM MATO GROSSO DO SUL;24.654.881;b3S;I;3;;9;CAMPO GRANDE;MS;09/2012;17.733;0;227;33;28;0;0;0;288;26;386;142;154;12;0;2;721;54;227;392;473;18;0;6;1.169;0;68;4;3;0;0;0;75;0;0;0;0;0;0;0;0;270;3.222;2.065;997;154;0;51;6.758;0;0;0;0;0;0;0;0;30;1.184;712;356;0;0;4;2.288;469;2.410;2.281;1.134;90;0;25;6.409;0;24;0
COOPERATIVA DE CREDITO DOS EMPRESARIOS DO SECOVI-GO LTDA;7.599.206;b3S;I;2;;9;GOIANIA;GO;09/2012;17.689;1;0;0;0;0;0;4;5;0;91;131;279;0;0;25;527;49;1.054;2.065;2.156;74;0;248;5.646;0;45;141;127;0;0;1;314;0;0;0;0;0;0;0;0;9;172;226;304;0;0;16;727;0;0;0;0;0;0;0;0;0;0;0;0;0;0;0;0;31;1.526;3.418;4.593;242;0;651;10.461;0;10;0
COOPERATIVA DE POUPANÇA E CRÉDITO DE LIVRE ADMISSÃO DO VALE DO RIO DOCE LTDA. - SICOOB CREDIRIODOCE;25.606.237;b3S;I;2;;9;GOVERNADOR VALADARES;MG;09/2012;17.645;0;0;67;0;0;0;0;67;28;2.206;478;544;15;0;324;3.595;14;103;19;30;0;0;86;252;0;0;0;0;0;0;0;0;0;4;9;14;0;0;34;60;211;3.689;2.204;2.358;122;0;1.952;10.536;0;0;0;0;0;0;0;0;20;124;207;225;15;0;58;648;109;672;835;545;17;0;289;2.468;0;19;0
COOPERATIVA DE CRÉDITO DA MATA MINEIRA LTDA. - SICOOB CREDIMATA;1.152.097;b3S;I;2;;9;VOLTA GRANDE;MG;09/2012;16.911;5;143;64;33;0;0;15;260;22;2.324;649;356;52;0;1.880;5.283;21;56;42;63;22;0;38;242;0;0;0;0;0;0;0;0;0;64;10;0;0;0;0;74;372;3.589;1.781;1.226;30;0;1.319;8.317;0;0;0;0;0;0;0;0;0;277;241;318;44;0;132;1.012;0;547;384;368;20;42;338;1.698;0;27;0
BANCO FICSA S.A.;61.348.538;b1;I;2;;8;SAO PAULO;SP;09/2012;16.721;0;1;3;5;0;0;0;9;0;9;24;30;0;0;0;62;11;10;23;28;0;0;0;73;0;0;0;0;0;0;0;0;0;0;0;0;0;0;0;0;118;573;628;172;1;0;0;1.492;0;0;0;0;0;0;0;0;32;129;284;255;14;0;0;714;12;367;13.125;849;11;0;0;14.365;0;5;0
COOPERATIVA DE ECONOMIA E CRÉDITO MÚTUO DOS MÉDICOS E DEMAIS PROFISSIONAIS DA ÁREA DE SAÚDE E DOS SERVIDORES PÚBLICOS FEDERAIS E ESTADUAIS DE SALVADOR E REGIÃO METROPOLITANA LTDA. - UNICRED SALVADOR;2.245.493;b3S;I;2;;9;SALVADOR;BA;09/2012;16.719;0;0;0;0;0;0;0;0;0;5;44;24;10;0;0;83;0;0;0;0;0;0;0;0;0;0;0;0;0;0;0;0;0;0;0;0;0;0;0;0;53;51;179;282;54;0;0;619;0;0;0;0;0;0;0;0;0;0;0;0;0;0;0;0;584;2.087;4.399;7.189;1.757;0;0;16.016;0;1;0
COOPERATIVA DE CRÉDITO DE LIVRE ADMISSÃO DE ASSOCIADOS DE ESPUMOSO - SICREDI ESPUMOSO RS;87.900.411;b3S;I;2;;9;ESPUMOSO;RS;09/2012;16.621;0;0;0;0;0;0;0;0;162;1.208;174;108;1;0;25;1.678;0;1.627;420;88;0;0;5;2.140;0;71;58;129;121;5;0;384;0;0;0;0;0;0;0;0;361;5.653;3.181;876;301;48;75;10.495;0;0;0;0;0;0;0;0;8;377;556;266;75;0;1;1.283;24;234;236;108;14;0;11;628;0;13;0
COOPERATIVA DE CREDITO DE LIVRE ADMISSAO DO ALTO E MEDIO JEQUITINHONHA LTDA - SICOOB CREDIJEQUITINHONHA;71.243.034;b3S;I;2;;9;CAPELINHA;MG;09/2012;16.621;0;462;528;335;32;0;91;1.447;16;982;881;401;73;20;54;2.427;3;536;147;42;0;0;85;814;0;11;13;0;0;0;4;28;0;4;11;15;0;0;0;30;33;4.005;3.074;1.181;115;0;519;8.926;0;0;0;0;0;0;0;0;0;385;442;462;14;0;107;1.410;7;320;522;604;25;0;39;1.517;0;22;0
COOPERATIVA DE CREDITO RURAL E DE PEQUENOS EMPRESARIOS, MICROEMPRESARIOS E MICROEMPREENDEDORES DA REGIAO DE VARGINHA LTDA. - SICOOB CREDIVAR;25.798.596;b3S;I;2;;9;VARGINHA;MG;09/2012;16.592;3;377;384;156;27;38;11;996;41;737;241;238;6;0;178;1.440;0;137;43;45;16;0;25;265;0;0;0;0;0;0;0;0;0;54;18;0;0;0;44;116;128;4.231;1.484;1.250;99;0;1.127;8.319;0;0;0;0;0;0;0;0;54;281;137;97;0;0;160;728;54;797;3.098;383;30;136;205;4.703;0;25;0
COOPERATIVA DE CRÉDITO DE LIVRE ADMISSÃO DA REGIÃO DE GUARANÉSIA LTDA. - SICOOB RURALCREDI;24.048.910;b3S;I;2;;9;GUARANESIA;MG;09/2012;16.559;21;317;77;64;11;0;200;690;653;1.880;634;886;182;0;1.263;5.500;0;373;752;132;8;0;180;1.445;0;0;0;0;0;0;0;0;0;51;138;202;202;0;0;593;99;1.468;1.620;1.318;489;1;854;5.849;0;0;0;0;0;0;0;0;0;460;231;431;216;0;142;1.480;32;266;165;199;32;0;296;990;0;12;0
C H B - COMPANHIA HIPOTECARIA BRASILEIRA;10.694.628;n1;I;2;;29;NATAL;RN;09/2012;16.313;0;0;0;0;0;0;0;0;3;8;17;35;0;0;0;63;289;1.301;2.110;10.777;487;0;0;14.964;0;0;0;0;0;0;0;0;0;0;0;0;0;0;0;0;6;24;53;120;106;121;0;430;0;0;0;0;0;0;0;0;0;0;0;0;0;0;0;0;0;89;280;181;83;223;0;856;0;0;0
COOPERATIVA DE CRÉDITO DOS PROFISSIONAIS DA SAUDE E EMPRESÁRIOS DE ARAXA E DO OESTE DE MINAS LTDA. - UNICRED COMERCIO;7.791.025;b3S;I;2;;9;ARAXA;MG;09/2012;16.244;0;91;134;77;0;0;0;301;25;671;418;531;53;0;0;1.697;22;435;342;357;23;0;0;1.179;136;2;0;0;0;0;0;138;0;0;0;0;0;0;0;0;345;2.096;1.421;1.240;41;0;0;5.144;0;0;0;0;0;0;0;0;10;513;116;123;0;0;0;761;86;1.424;2.385;2.691;416;0;0;7.002;0;23;0
COOPERATIVA DE CRÉDITO DE LIVRE ADMISSÃO DA REGIÃO DO CIRCUITO CAMPOS DAS VERTENTES LTDA - SICOOB COPERMEC;2.232.383;b3S;I;2;;9;CLAUDIO;MG;09/2012;16.232;0;21;37;0;0;0;0;58;190;4.064;2.844;1.736;121;0;792;9.746;0;69;264;126;19;0;9;487;0;14;0;0;0;0;0;14;0;0;0;0;0;0;0;0;59;1.731;1.072;614;70;0;564;4.110;0;0;0;0;0;0;0;0;25;457;161;293;11;0;74;1.020;1;152;234;319;43;0;44;793;0;5;0
COOPERATIVA DE CRÉDITO RURAL DE ARIQUEMES LTDA.;3.222.753;b3S;I;2;;9;ARIQUEMES;RO;09/2012;16.119;2;130;57;0;0;0;0;190;119;2.657;508;57;0;0;0;3.342;3;1.626;742;0;0;0;0;2.370;0;0;0;0;0;0;0;0;0;0;0;0;0;0;0;0;263;3.443;3.172;31;0;0;0;6.908;0;0;0;0;0;0;0;0;0;434;143;25;0;0;0;602;238;1.880;587;0;0;0;0;2.706;0;1;0
COOPERATIVA DE CRÉDITO DE LIVRE ADMISSÃO DO SUDOESTE INTEGRADO - SICOOB INTEGRADO;7.122.321;b3S;I;2;;9;CORONEL VIVIDA;PR;09/2012;16.114;0;5;0;0;0;0;11;16;63;1.498;1.075;672;45;0;115;3.469;0;56;281;43;0;0;4;384;0;0;0;0;0;0;0;0;0;15;14;3;0;0;0;32;78;4.569;2.576;2.205;94;0;326;9.847;2;8;2;0;0;0;2;14;5;293;316;323;6;0;40;984;0;233;574;451;46;0;47;1.351;0;18;0
BANCO OURINVEST S.A.;78.632.767;b2;I;2;;8;SAO PAULO;SP;09/2012;15.909;0;0;0;0;0;0;0;0;684;861;6;0;0;0;0;1.551;6;821;4;0;0;0;0;830;0;0;0;0;0;0;0;0;0;20;0;0;0;0;0;20;2.651;9.492;38;0;0;0;0;12.181;0;0;0;0;0;0;0;0;92;169;1;0;0;0;0;262;152;194;7;15;0;0;0;367;0;699;0
COOPERATIVA DE CRÉDITO DE LIVRE ADMISSÃO DE ASSOCIADOS DO NOROESTE DO ESTADO DE SÃO PAULO   SICREDI NOROESTE SP;3.065.046;b3S;I;2;;9;SAO JOSE DO RIO PRETO;SP;09/2012;15.908;0;233;59;12;0;0;1;305;97;1.823;554;226;16;0;5;2.721;4;112;289;220;0;0;5;631;0;0;0;0;0;0;0;0;0;0;0;0;0;0;0;0;178;2.481;903;657;203;0;15;4.437;0;0;0;0;0;0;0;0;1;132;237;4;0;0;3;377;124;2.144;3.350;1.575;204;4;16;7.416;0;20;0
COOPERATIVA DE CRÉDITO DE LIVRE ADMISSÃO DA UNIÃO DOS VALES DO PIRANGA E MATIPÓ LTDA. ? SICOOB UNIÃO;1.060.307;b3S;I;2;;9;RAUL SOARES;MG;09/2012;15.873;0;28;12;5;0;0;7;52;40;936;567;663;30;0;72;2.308;66;170;131;284;69;0;39;760;0;0;0;0;0;0;0;0;0;7;6;1;0;0;11;25;58;3.340;2.169;2.918;471;0;922;9.878;0;0;0;0;0;0;0;0;25;636;270;376;25;0;268;1.600;0;353;357;448;12;0;62;1.232;0;17;0
COOPERATIVA DE CRÉDITO RURAL DE BRASÍLIA LTDA. - SICOOB CREDIBRASÍLIA;1.187.961;b3S;I;2;;9;BRASILIA;DF;09/2012;15.410;27;918;565;120;2;0;41;1.674;1;865;3.482;370;3;0;314;5.036;0;976;808;578;260;0;185;2.808;0;23;0;0;0;0;17;40;0;0;0;0;0;0;0;0;85;2.442;591;610;238;0;141;4.107;0;0;0;0;0;0;0;0;0;194;226;36;35;0;33;524;1;358;335;341;99;0;81;1.216;0;5;0
COOPERATIVA DE ECONOMIA E CRÉDITO MÚTUO DOS PROFISSIONAIS DA SAÚDE E EMPRESÁRIOS DE ARARAS E REGIÃO - UNICRED ANHANGUERA;2.647.564;b3S;I;2;;9;ARARAS;SP;09/2012;15.391;0;0;30;68;68;0;0;166;394;1.637;418;547;189;0;0;3.185;0;31;30;56;27;1;0;144;0;16;0;0;0;0;0;16;0;0;0;0;0;0;0;0;123;1.674;1.375;1.773;499;53;0;5.496;0;0;0;0;0;0;0;0;0;30;145;538;131;0;0;845;37;1.935;1.573;1.607;377;2;0;5.531;0;8;0
COOPERATIVA DE CRÉDITO MÚTUO DOS PROFISSIONAIS DA ÁREA DA SAÚDE E DOS PEQUENOS EMPRESÁRIOS, MICROEMPRESÁRIOS E MICROEMPREENDEDORES DO CENTRO LESTE PAULISTA -SICREDI INTEGRADAS CENTRO LESTE PAULISTA SP;4.204.721;b3S;I;2;;9;LIMEIRA;SP;09/2012;15.157;0;0;0;0;0;0;0;0;286;1.244;485;595;84;2;15;2.712;10;104;99;101;45;0;0;360;0;0;0;0;0;0;0;0;0;0;0;0;0;0;0;0;1.014;3.444;1.841;1.592;219;3;71;8.184;0;0;0;0;0;0;0;0;26;141;174;77;0;0;2;420;129;872;1.123;1.161;142;0;35;3.463;0;19;0
COOPERATIVA DE CRÉDITO DE LIVRE ADMISSÃO DO OESTE POTIGUAR - UNICRED MOSSORÓ;70.027.388;b3S;I;2;;9;MOSSORO;RN;09/2012;15.085;0;0;0;0;0;0;0;0;0;946;471;130;0;0;0;1.546;1;1.575;1.107;287;0;0;0;2.969;0;0;0;0;0;0;0;0;0;204;119;0;0;0;0;323;34;1.938;1.627;596;87;0;0;4.282;0;0;0;0;0;0;0;0;0;116;531;0;0;0;0;647;14;1.841;1.989;1.148;318;6;0;5.316;0;1;0
COOPERATIVA DE CRÉDITO DE LIVRE ADMISSÃO DE MURIAÉ LTDA - SICOOB CREDIMUR;66.193.350;b3S;I;2;;9;MURIAE;MG;09/2012;15.022;0;89;36;10;0;0;64;199;324;1.714;616;354;11;0;312;3.331;0;286;335;319;24;0;18;981;0;0;0;0;0;0;0;0;0;0;0;0;0;0;2;2;189;2.603;2.326;1.688;66;0;837;7.709;0;0;0;0;0;0;0;0;0;111;629;548;164;0;100;1.552;8;234;467;379;10;0;134;1.232;0;17;0
COOPERATIVA DE CRÉDITO DE LIVRE ADMISSÃO DO SUDOESTE DO PARANÁ - SICOOB SUDOESTE;10.511.786;b3S;I;3;;9;PATO BRANCO;PR;09/2012;14.892;150;1;0;0;0;0;2;153;7;676;1.345;172;8;0;68;2.275;0;35;642;41;0;0;32;750;0;0;0;0;0;0;0;0;0;0;0;0;0;0;0;0;116;2.648;4.764;615;118;4;332;8.596;0;0;0;0;0;0;0;0;7;622;855;3;0;0;39;1.527;2;456;847;207;15;0;61;1.589;0;2;0
GAZINCRED S.A. SOCIEDADE DE CRÉDITO, FINANCIAMENTO E INVESTIMENTO;11.760.553;n1;I;2;;14;DOURADINA;PR;09/2012;14.884;0;0;0;0;0;0;0;0;223;3.799;243;0;0;0;0;4.265;0;0;0;0;0;0;0;0;0;0;0;0;0;0;0;0;0;0;0;0;0;0;0;0;59;7.796;2.591;36;0;0;0;10.483;0;0;0;0;0;0;0;0;11;57;45;11;8;0;0;131;0;1;2;0;0;0;0;4;0;1;0
UNICRED REGIONAL SUL FLUMINENSE   COOPERATIVA DE ECONOMIA E CRÉDITO MÚTUO DOS PROFISSIONAIS DA SAÚDE DA REGIÃO SUL FLUMINENSE LTDA.;86.803.939;b3S;I;2;;9;NOVA IGUACU;RJ;09/2012;14.853;0;0;0;0;0;0;0;0;0;0;0;0;0;0;0;0;0;0;0;0;0;0;0;0;0;0;0;0;0;0;0;0;0;0;0;0;0;0;0;0;0;24;60;82;0;0;0;165;0;0;0;0;0;0;0;0;0;142;362;329;0;0;0;833;32;3.633;5.027;4.590;415;156;0;13.852;0;3;0
COOPERATIVA DE CRÉDITO DE LIVRE ADMISSÃO DE ASSOCIADOS DO ARAGUAIA - SICREDI ARAGUAIA;32.953.317;b3S;I;3;;9;AGUA BOA;MT;09/2012;14.754;0;56;231;19;0;0;0;307;355;1.632;1.202;653;0;0;3;3.844;212;11;0;0;0;0;0;223;0;0;0;0;0;0;0;0;0;0;0;0;0;0;0;0;250;3.696;2.038;948;0;0;40;6.972;0;0;0;0;0;0;0;0;186;643;839;318;0;0;2;1.987;13;525;622;234;0;0;0;1.395;0;26;0
COOPERATIVA DE CRÉDITO DE LIVRE ADMISSÃO DA REGIÃO DE GUARIBA;44.469.161;b3S;I;2;;9;GUARIBA;SP;09/2012;14.522;0;3.040;214;1.806;0;0;15;5.075;37;4.778;2.462;748;0;0;32;8.057;2;0;0;0;0;0;0;2;0;0;0;0;0;0;0;0;0;0;0;0;0;0;0;0;0;819;17;65;62;237;33;1.234;0;0;0;0;0;0;0;0;0;13;0;0;0;0;0;13;0;45;33;57;3;0;3;141;0;0;0
COOPERATIVA DE CRÉDITO DE LIVRE ADMISSÃO DE ASSOCIADOS DE BAGÉ   SICREDI FRONTEIRA SUL RS;88.530.142;b3S;I;2;;9;BAGE;RS;09/2012;14.375;0;337;469;87;0;0;0;893;5;274;156;147;17;0;1;600;5;158;57;87;2;0;0;308;0;0;0;0;0;0;0;0;0;0;0;0;0;0;0;0;186;3.324;2.661;3.006;132;3;38;9.350;0;0;0;0;0;0;0;0;46;794;318;177;1;0;1;1.337;65;417;512;681;165;0;5;1.844;0;42;0
COOPERATIVA DE CRÉDITO RURAL DE JARU LTDA.;4.685.303;b3S;I;2;;9;JARU;RO;09/2012;14.309;0;194;0;0;0;0;0;194;157;1.698;185;218;100;11;0;2.370;2;2.189;584;208;0;0;0;2.984;0;0;0;0;0;0;0;0;0;0;0;0;0;0;0;0;954;3.897;1.109;875;80;0;0;6.914;0;3;0;0;0;0;0;3;8;82;126;555;157;0;0;928;14;670;202;26;1;0;0;913;0;3;0
COOPERATIVA DE CRÉDITO DOS EMPRESÁRIOS DE JI-PARANÁ/RO - EMPRECRED;8.044.854;b3S;I;2;;9;JI-PARANA;RO;09/2012;14.281;0;7;22;22;0;0;3;55;56;1.706;757;364;91;0;258;3.231;23;259;132;59;0;0;68;541;0;95;61;28;0;0;21;205;0;2;0;0;0;0;0;2;284;4.442;1.399;715;146;32;527;7.546;0;0;0;0;0;0;0;0;13;15;37;39;0;0;19;122;139;711;775;792;59;0;94;2.569;0;9;0
COOPERATIVA DE ECONOMIA E CRÉDITO MÚTUO DOS MÉDICOS E DEMAIS PROFISSIONAIS DA SAÚDE E DO CREA, DE PELOTAS LTDA;1.807.464;b3S;I;2;;9;PELOTAS;RS;09/2012;14.248;0;0;0;0;0;0;0;0;1;129;104;159;51;0;0;444;8;141;233;402;4;0;0;790;0;0;0;0;0;0;0;0;0;0;0;0;0;0;0;0;17;251;372;533;109;60;0;1.342;0;0;0;0;0;0;0;0;0;140;379;390;38;0;0;947;40;1.111;2.212;2.632;3.207;1.524;0;10.725;0;0;0
COOPERATIVA DE CRÉDITO DE SANTA CRUZ DAS PALMEIRAS E REGIÃO;6.910.457;b3S;I;2;;9;SANTA CRUZ DAS PALMEIRAS;SP;09/2012;14.246;26;247;30;12;0;0;0;316;1;513;109;364;131;0;63;1.181;0;44;26;67;0;0;11;148;0;118;1;2;0;0;6;127;0;0;0;0;0;0;0;0;91;2.922;1.411;1.950;83;0;892;7.349;0;0;0;0;0;0;0;0;297;637;1.267;2.034;4;0;322;4.561;3;205;153;87;0;0;102;550;0;14;0
COOPERATIVA DE CRÉDITO DOS EMPRESÁRIOS DE GOIÂNIA LTDA.;4.406.371;b3S;I;2;;9;GOIANIA;GO;09/2012;14.194;0;30;10;25;0;0;0;66;76;1.240;761;718;12;0;93;2.900;2;134;865;325;0;0;10;1.336;0;1;0;0;0;0;0;1;0;0;0;0;0;0;0;0;239;2.967;3.685;1.524;95;5;231;8.745;0;0;0;0;0;0;0;0;2;29;80;79;0;0;0;190;29;199;301;293;62;0;49;934;0;22;0
COOPERATIVA DE ECONOMIA E CRÉDITO MÚTUO DOS PROFISSIONAIS DO CREA DO ESTADO DE SANTA CATARINA - CREDCREA;5.979.692;b3S;I;2;;9;FLORIANOPOLIS;SC;09/2012;14.082;0;23;11;0;0;0;0;34;0;199;389;95;0;0;0;683;63;1.504;2.569;1.741;20;0;0;5.898;0;9;13;0;0;0;0;22;0;34;66;28;0;0;0;128;20;542;861;360;0;0;0;1.783;0;0;0;0;0;0;0;0;0;20;29;21;0;0;0;70;64;993;2.471;1.889;33;0;0;5.450;0;13;0
COOPERATIVA DE ECONOMIA E CRÉDITO MÚTUO DOS PROFISSIONAIS DA SAÚDE DA REGIÃO SUL DA BAHIA - UNICRED REGIÃO SUL DA BAHIA;97.489.280;b3S;I;2;;9;ITABUNA;BA;09/2012;14.059;0;0;0;0;0;0;0;0;0;0;0;0;0;0;0;0;0;0;0;0;0;0;0;0;0;0;0;0;0;0;0;0;0;0;0;0;0;0;0;0;0;45;110;128;19;0;0;302;0;0;0;0;0;0;0;0;0;0;0;0;0;0;0;0;23;2.243;4.718;5.676;1.088;0;0;13.748;0;9;0
COOPERATIVA DE CRÉDITO DE LIVRE ADMISSÃO CENTRO LESTE DO PARANÁ - SICOOB CENTRO LESTE;7.458.684;b3S;I;2;;9;TELEMACO BORBA;PR;09/2012;13.898;0;5;7;9;0;0;34;56;2;795;217;132;6;0;125;1.276;5;98;44;81;54;0;15;298;0;12;9;0;0;0;0;22;0;0;0;0;0;0;3;3;73;3.824;2.000;1.553;536;4;757;8.747;0;0;0;0;0;0;0;0;5;520;494;600;162;3;97;1.881;7;392;490;473;113;0;129;1.604;0;11;0
COOPERATIVA DE CREDITO DE LIVRE ADMISSAO DE PARA DE MINAS LTDA - SICOOB ASCICRED;1.009.908;b3S;I;2;;9;PARA DE MINAS;MG;09/2012;13.865;0;0;0;0;0;0;0;0;16;2.947;588;512;0;0;293;4.357;1;137;341;125;0;0;13;616;0;6;3;0;0;0;0;9;0;36;46;0;0;0;10;92;120;3.320;1.807;1.021;168;0;594;7.030;0;0;0;0;0;0;0;0;3;311;387;290;12;0;69;1.071;3;246;240;104;1;0;81;675;0;16;0
COOPERATIVA DE ECONOMIA E CRÉDITO MÚTUO DOS PROFISSIONAIS DA SAÚDE DA ZONA DA MATA MINEIRA E SUL DO ESPÍRITO SANTO - UNICRED SUDESTE;86.389.236;b3S;I;2;;9;UBA;MG;09/2012;13.800;0;0;0;0;0;0;0;0;0;139;178;635;255;4;0;1.211;0;13;37;27;0;0;0;78;0;0;0;0;0;0;0;0;0;0;0;0;0;0;0;0;0;126;204;445;260;0;0;1.035;0;0;0;0;0;0;0;0;0;111;309;523;287;0;0;1.229;25;1.055;2.623;4.272;2.219;52;0;10.246;0;1;0
COOPERATIVA DE ECONOMIA E CRÉDITO MÚTUO DOS MÉDICOS E DEMAIS PROFISSIONAIS DA SAÚDE DE NÍVEL SUPERIOR DE PETRÓPOLIS LTDA. - UNICRED PETRÓPOLIS.;72.052.004;b3S;I;2;;9;PETROPOLIS;RJ;09/2012;13.762;0;0;0;0;0;0;0;0;0;4;10;14;0;0;0;29;0;0;0;0;0;0;0;0;0;0;0;0;0;0;0;0;0;0;0;0;0;0;0;0;2;39;57;92;30;45;0;265;0;0;0;0;0;0;0;0;0;0;0;0;0;0;0;0;80;3.916;2.789;4.440;2.176;67;0;13.468;0;1;0
COOPERATIVA DE ECONOMIA E CRÉDITO MÚTUO DOS PROFISSIONAIS DA ÁREA DA SAÚDE E EMPRESÁRIOS DA REGIÃO OESTE DO PARANÁ LTDA. UNIPRIME OESTE DO PARANÁ;1.736.243;b3S;I;2;;9;CASCAVEL;PR;09/2012;13.610;0;0;1.005;0;0;0;0;1.005;0;234;162;166;0;0;0;562;0;0;0;0;0;0;0;0;0;0;0;0;0;0;0;0;0;0;0;0;0;0;0;0;0;178;199;318;30;0;0;725;0;0;0;0;0;0;0;0;0;0;0;0;0;0;0;0;13;2.061;2.738;3.956;1.619;929;0;11.316;0;2;0
COOPERATIVA DE CRÉDITO RURAL DE CÂNDIDO MOTA;66.788.142;b3S;I;3;;9;CANDIDO MOTA;SP;09/2012;13.570;1;49;8;70;26;0;0;154;89;423;44;74;1;0;57;689;2;88;153;60;0;0;33;337;0;0;0;0;0;0;0;0;0;0;0;0;0;0;0;0;270;3.579;3.517;1.935;295;0;540;10.137;0;0;0;0;0;0;0;0;12;569;152;370;30;0;35;1.169;58;221;295;366;1;0;123;1.064;0;21;0
COOPERATIVA DE ECONOMIA E CRÉDITO MÚTUO DOS MÉDICOS E DEMAIS  PROFISSIONAIS DA SAÚDE DE NÍVEL SUPERIOR DE MANAUS LTDA.;1.566.038;b3S;I;2;;9;MANAUS;AM;09/2012;13.508;0;0;0;0;0;0;0;0;0;0;0;0;0;0;0;0;0;2;5;1;0;0;0;7;0;0;0;0;0;0;0;0;0;0;0;0;0;0;0;0;0;500;545;3.039;49;0;0;4.133;0;0;0;0;0;0;0;0;0;0;0;324;0;0;0;324;242;1.261;2.429;4.285;807;19;0;9.043;0;1;0
COOPERATIVA DE CRÉDITO DOS EMPREGADOS EM EMPRESAS TÊXTEIS - ACREDICOOP;3.461.243;b3S;I;2;;9;BLUMENAU;SC;09/2012;13.468;0;5;5;1;0;0;0;12;37;1.932;1.830;1.443;56;0;0;5.300;1;207;159;99;0;0;0;466;0;0;1;0;0;0;0;1;0;0;6;0;0;0;0;6;33;1.511;1.720;1.359;31;0;0;4.655;0;0;0;0;0;0;0;0;3;123;223;242;13;0;0;605;6;525;967;883;25;0;0;2.405;0;20;0
COOPERATIVA DE ECONOMIA E CREDITO MUTUO DOS MEDICOS E CATEGORIAS AFINS-UNICRED NITEROI LTDA;1.090.027;b3S;I;2;;9;NITEROI;RJ;09/2012;13.352;0;0;0;0;0;0;0;0;0;0;0;0;0;0;0;0;0;0;0;0;0;0;0;0;0;0;0;0;0;0;0;0;0;0;0;0;0;0;0;0;0;1;4;10;4;0;0;19;0;0;0;0;0;0;0;0;0;0;0;0;0;0;0;0;28;6.227;2.712;4.204;161;0;0;13.332;0;1;0
COOPERATIVA DE CRÉDITO DE LIVRE ADMISSÃO DE ASSOCIADOS VALE DO CHAPECOZINHO - SICOOB VALCREDI/SC;2.090.126;b3S;I;2;;9;PASSOS MAIA;SC;09/2012;13.323;0;836;563;321;0;0;17;1.737;64;2.833;907;774;266;3;162;5.009;0;26;72;85;2;0;3;188;0;211;0;0;0;0;10;220;0;0;0;0;0;0;0;0;105;1.829;756;489;177;0;228;3.584;0;0;0;0;0;0;0;0;38;388;580;431;213;18;77;1.744;4;157;296;247;86;0;35;825;0;15;0
COOPERATIVA DE CRÉDITO DE LIVRE ADMISSÃO DA REGIÃO LESTE DA BACIA DO RIO DOCE LTDA ? SICOOB CREDILESTE;5.158.093;b3S;I;2;;9;CARATINGA;MG;09/2012;13.287;0;22;13;5;0;0;10;50;11;644;627;254;39;0;45;1.619;1;730;281;122;0;0;49;1.184;0;10;2;0;0;0;0;13;0;34;59;37;0;0;2;133;58;3.289;1.852;1.495;29;0;501;7.225;0;0;0;0;0;0;0;0;0;363;156;233;0;0;40;792;43;403;633;907;178;0;102;2.266;0;7;0
COOPERATIVA DE ECONOMIA E CRÉDITO MÚTUO DOS ENGENHEIROS DE BELO HORIZONTE E REGIÃO METROPOLITANA DE BELO HORIZONTE LTDA. - SICOOB ENGECRED;2.606.305;b3S;I;2;;9;BELO HORIZONTE;MG;09/2012;13.273;0;0;0;0;0;0;4;4;0;580;57;0;0;0;72;709;223;4.566;2.244;536;0;0;215;7.785;0;404;52;0;0;0;0;456;0;0;0;0;0;0;0;0;0;382;26;0;0;0;73;481;0;0;0;0;0;0;0;0;0;0;0;0;0;0;158;158;12;2.401;802;312;0;0;148;3.674;0;6;0
COOPERATIVA DE CRÉDITO DE LIVRE ADMISSÃO DE ASSOCIADOS PANTANAL DO MATO GROSSO DO SUL - SICREDI PANTANAL MS;26.408.187;b3S;I;2;;9;MARACAJU;MS;09/2012;13.215;0;198;478;60;0;0;0;735;36;216;140;116;22;0;6;535;18;131;55;9;0;0;4;218;0;6;10;13;0;0;0;29;0;16;1;2;0;0;0;19;1.019;3.570;3.176;776;27;0;56;8.623;0;0;0;0;0;0;0;0;69;942;209;39;0;0;10;1.269;102;530;802;307;4;0;12;1.757;0;30;0
BRASCAN;50.885;b1;C;3;;199;RIO DE JANEIRO;RJ;09/2012;13.105;0;0;0;0;0;0;0;0;0;0;0;0;0;0;0;0;0;0;5.566;6.322;0;0;0;11.889;0;914;303;0;0;0;0;1.217;0;0;0;0;0;0;0;0;0;0;0;0;0;0;0;0;0;0;0;0;0;0;0;0;0;0;0;0;0;0;0;0;0;0;0;0;0;0;0;0;0;0;0
COOPERATIVA DE ECONOMIA E CREDITO MUTUO DOS MEDICOS DOS VALES DO TAQUARI E RIO PARDO LTDA -UNICRED VALES DO TAQUARI E RIO PARDO;1.635.462;b3S;I;2;;9;LAJEADO;RS;09/2012;12.920;0;0;0;0;0;0;0;0;0;0;0;0;0;0;0;0;0;38;935;46;38;1;0;1.058;0;0;0;0;0;0;0;0;0;0;0;0;0;0;0;0;0;32;85;111;44;7;0;279;0;0;0;0;0;0;0;0;0;0;0;0;0;0;0;0;25;899;2.836;4.415;2.290;1.116;0;11.581;0;1;0
COOPERATIVA DE CRÉDITO DE LIVRE ADMISSÃO DE ASSOCIADOS DO MEIO OESTE CATARINENSE - SICOOB CREDIMOC SC;80.959.638;b3S;I;2;;9;XANXERE;SC;09/2012;12.876;0;353;261;257;0;0;0;871;13;938;1.863;325;0;0;200;3.338;6;30;6;0;0;0;0;42;0;434;400;0;0;0;0;834;0;0;0;0;0;0;0;0;494;2.416;2.112;391;0;0;159;5.572;0;0;0;0;0;0;0;0;348;322;1.056;14;0;0;36;1.777;4;134;278;0;0;0;16;431;0;11;0
COOPERATIVA DE CRÉDITO DE LIVRE ADMISSÃO DO PONTAL DO TRIANGULO LTDA - SICOOB CREDIPONTAL;26.178.533;b3S;I;2;;9;ITUIUTABA;MG;09/2012;12.746;0;39;0;0;0;0;0;39;358;2.511;1.526;1.211;9;0;589;6.203;1;360;34;58;44;0;1;498;0;11;33;0;0;0;6;50;0;49;0;0;0;0;1;50;102;1.873;1.758;715;108;60;192;4.808;0;0;0;0;0;0;0;0;1;461;127;181;25;0;21;816;0;96;76;86;7;0;14;279;0;4;0
COOPERATIVA DE CRÉDITO DE LIVRE ADMISSÃO DE UNAÍ E NOROESTE DE MINAS LTDA. - SICOOB NOROESTE DE MINAS;86.564.051;b3S;I;2;;9;UNAI;MG;09/2012;12.734;0;6;19;15;0;0;10;51;0;155;2.576;88;0;0;18;2.837;0;277;0;0;0;0;0;277;0;0;0;0;0;0;0;0;0;0;0;0;0;0;0;0;8;3.137;3.934;685;159;0;571;8.494;0;0;0;0;0;0;0;0;0;74;22;0;0;0;0;96;348;173;288;111;0;0;53;974;0;6;0
COOPERATIVA DE CRÉDITO VALE DO MUCURI LTDA. - SICOOB CREDIVALE;25.387.655;b3S;I;2;;9;TEOFILO OTONI;MG;09/2012;12.724;0;0;0;0;0;0;0;0;86;1.109;405;332;105;0;471;2.507;6;475;263;58;11;0;141;954;0;1;2;3;0;0;6;12;0;2;2;0;0;0;14;18;81;4.168;1.565;365;6;7;2.180;8.372;0;0;0;0;0;0;0;0;10;106;70;13;0;0;101;299;6;240;160;44;0;0;94;544;0;19;0
LECCA;51.523;n1;C;2;;197;RIO DE JANEIRO;RJ;09/2012;12.468;0;0;0;0;0;0;0;0;0;4.100;1.841;0;0;0;0;5.941;0;333;197;0;0;0;0;530;0;0;0;0;0;0;0;0;0;0;0;0;0;0;0;0;0;613;226;0;0;0;0;839;0;0;0;0;0;0;0;0;0;0;0;0;0;0;0;0;232;1.876;2.023;625;329;73;0;5.158;0;0;0
QUERO-QUERO FINANCIADORA S/A - CRÉDITO, FINANCIAMENTO E INVESTIMENTOS;5.192.316;n1;I;2;;14;SANTO CRISTO;RS;09/2012;12.468;1;0;0;0;0;0;0;1;110;216;20;0;0;0;0;346;211;248;68;0;0;0;0;527;13;4;0;0;0;0;0;17;2;0;0;0;0;0;0;2;147;8.415;1.402;13;0;0;0;9.977;0;0;0;0;0;0;0;0;53;69;3;0;0;0;0;124;42;372;104;0;0;0;0;518;0;956;0
COOPERATIVA DE CRÉDITO DE LIVRE ADMISSÃO DE ASSOCIADOS DE CAMPINA GRANDE LTDA. - UNICRED CENTRO PARAIBANA;1.151.186;b3S;I;2;;9;CAMPINA GRANDE;PB;09/2012;12.349;0;0;0;0;0;0;0;0;0;323;621;485;25;0;0;1.453;0;0;0;0;0;0;0;0;0;0;0;0;0;0;0;0;0;70;146;263;0;0;0;480;1;279;336;253;32;0;0;902;0;0;0;0;0;0;0;0;0;76;246;246;65;0;0;633;45;1.858;3.373;3.095;506;0;0;8.878;0;3;0
COOPERATIVA DE CRÉDITO DE LIVRE ADMISSÃO DA REGIÃO DE DIVINÓPOLIS LTDA - SICOOB CREDIVERDE;25.528.753;b3S;I;2;;9;DIVINOPOLIS;MG;09/2012;12.339;0;0;0;0;0;0;0;0;206;3.488;2.545;273;0;0;111;6.623;0;38;88;75;0;0;20;221;0;0;0;0;0;0;0;0;0;0;11;7;0;0;0;18;157;1.688;1.685;270;0;0;243;4.043;0;0;0;0;0;0;0;0;3;199;596;271;14;0;78;1.160;2;59;103;77;18;0;8;267;0;7;0
COOPERATIVA DE CRÉDITO DE LIVRE ADMISSÃO DO LESTE DE MINAS LTDA. - SICOOB CREDICAF;25.395.435;b3S;I;2;;9;LAJINHA;MG;09/2012;12.184;0;8;9;1;0;0;1;19;3;1.437;614;216;5;0;1.344;3.618;33;18;15;20;0;0;37;123;0;0;0;0;0;0;0;0;0;91;18;19;0;0;89;217;79;2.403;1.309;1.196;146;0;1.959;7.091;0;0;0;0;0;0;0;0;13;169;62;66;6;0;114;429;120;137;97;156;6;0;161;675;0;10;0
COOPERATIVA DE ECONOMIA E CRÉDITO MÚTUO DOS EMPRESÁRIOS DE CAMPINA GRANDE E REGIÃO - SICOOB CGCRED;11.907.520;b3S;I;2;;9;CAMPINA GRANDE;PB;09/2012;12.183;0;4;11;26;0;0;16;57;22;1.392;782;267;0;0;206;2.668;0;1.368;442;27;0;0;125;1.962;0;0;0;0;0;0;0;0;28;302;186;295;0;0;0;811;96;2.346;1.550;706;0;0;408;5.106;0;0;0;0;0;0;0;0;0;37;47;0;0;0;0;84;23;386;403;434;153;0;91;1.490;0;5;0
COOPERATIVA DE CREDITO DE LIVRE ADMISSAO DE FORMIGA LTDA - SICOOB CREDIFOR;41.931.445;b3S;I;2;;9;FORMIGA;MG;09/2012;11.889;0;0;63;0;0;0;0;63;87;409;589;242;0;0;663;1.989;0;50;86;69;0;0;170;374;0;0;0;0;0;0;0;0;0;0;0;0;0;0;0;0;50;2.100;1.005;705;39;0;2.179;6.078;0;0;0;0;0;0;0;0;636;294;169;139;0;0;423;1.661;39;345;717;155;0;0;463;1.719;0;6;0
COOPERATIVA DE ECONOMIA E CRÉDITO MÚTUO DE LIVRE ADMISSÃO DE ASSOCIADOS DO AGRESTE E SERTÃO CENTRAL DO ESTADO DE PERNAMBUCO - UNICRED CENTRO PERNAMBUCANA;41.255.225;b3S;I;2;;9;CARUARU;PE;09/2012;11.836;5;13;20;42;17;0;0;96;28;59;84;139;29;0;0;339;48;64;74;100;0;0;0;285;15;3;5;7;0;0;0;30;0;0;0;0;0;0;0;0;128;517;796;653;58;0;0;2.152;0;0;0;0;0;0;0;0;0;0;0;0;0;0;0;0;57;2.419;2.791;3.114;539;2;0;8.924;0;9;0
COOPERATIVA DE CRÉDITO DE LIVRE ADMISSÃO DE ASSOCIADOS DO CENTRO SUL DO RGS - SICREDI CENTRO SUL;87.733.341;b3S;I;2;;9;SAO SEPE;RS;09/2012;11.749;0;765;56;490;200;0;0;1.511;12;768;483;404;32;0;7;1.706;0;21;31;25;13;0;0;90;0;0;0;0;0;0;0;0;0;56;23;0;0;0;0;78;66;2.383;3.529;1.004;32;0;5;7.019;0;0;0;0;0;0;0;0;7;207;365;336;3;0;1;918;0;102;161;117;26;0;0;408;7;11;0
COOPERATIVA DE CRÉDITO DE LIVRE ADMISSÃO DE ASSOCIADOS DA REGIÃO DE PALMEIRA DAS MISSÕES - SICREDI GRANDE PALMEIRA;87.789.178;b3S;I;2;;9;PALMEIRA DAS MISSOES;RS;09/2012;11.694;0;0;0;0;0;0;0;0;83;255;130;81;0;0;8;557;3;24;16;4;0;0;0;47;0;28;51;0;0;0;0;79;0;0;0;0;0;0;0;0;162;3.995;3.137;1.448;210;90;49;9.091;0;0;0;0;0;0;0;0;198;442;450;140;0;0;9;1.240;7;349;239;53;13;0;2;664;0;17;0
BANCO BRACCE S.A.;48.795.256;b1;I;3;;8;SAO PAULO;SP;09/2012;11.678;0;0;0;0;0;0;0;0;85;1.301;4.078;0;0;0;0;5.464;0;0;0;0;0;0;0;0;0;946;510;0;0;0;0;1.457;0;0;0;0;0;0;0;0;21;529;1.629;250;0;0;0;2.429;0;0;0;0;0;0;0;0;0;163;54;0;0;0;0;218;0;192;576;1.342;0;0;0;2.110;0;1;0
COOPERATIVA DE CREDITO RURAL DO NORTE CATARINENSE SICOOB/SC- CREDINORTE;81.011.686;b3S;I;2;;9;MAFRA;SC;09/2012;11.663;26;79;55;208;0;0;14;383;55;548;373;548;51;1;113;1.688;6;135;47;85;0;0;41;313;0;19;13;38;0;0;10;80;0;1;4;16;1;0;0;22;202;1.684;1.782;1.983;12;0;538;6.201;0;0;0;0;0;0;0;0;10;440;294;600;5;0;338;1.687;33;341;317;418;49;1;108;1.268;0;22;0
OMNI;50.940;n1;C;2;;197;SAO PAULO;SP;09/2012;11.627;0;10;21;23;0;0;0;54;22;94;194;160;6;0;0;476;25;126;242;138;6;0;0;538;0;0;0;0;0;0;0;0;0;6;14;9;0;0;0;30;167;317;617;534;29;0;0;1.664;0;0;0;0;0;0;0;0;674;1.322;2.463;2.161;129;0;0;6.749;55;770;633;606;49;1;0;2.114;0;2;0
COOPERATIVA DE ECONOMIA E CREDITO MUTUO DOS ADVOGADOS DE SANTA CATARINA - OABCRED;5.861.932;b3S;I;2;;9;FLORIANOPOLIS;SC;09/2012;11.578;0;0;0;0;0;0;0;0;22;17;14;10;182;0;1;246;0;38;75;193;8;0;25;339;0;10;0;0;0;0;3;12;0;0;0;0;0;0;0;0;21;79;208;392;294;109;96;1.198;0;0;0;0;0;0;0;0;0;0;0;0;0;0;0;0;19;1.157;1.963;3.412;1.406;517;1.306;9.780;0;2;0
COOPERATIVA DE CRÉDITO DOS MICROS E PEQUENOS EMPRESÁRIOS DO VALE DO ITAJAÍ - CONCREDI;2.781.986;b3S;I;2;;9;BLUMENAU;SC;09/2012;11.482;0;0;0;0;0;0;0;0;128;1.153;928;620;0;0;0;2.829;0;90;93;79;0;0;0;263;0;0;0;0;0;0;0;0;0;0;0;0;0;0;0;0;104;2.109;1.566;1.616;12;0;0;5.406;0;0;0;0;0;0;0;0;24;115;146;162;0;0;0;448;25;599;914;989;0;0;0;2.527;0;9;0
COOPERATIVA DE CRÉDITO DE LIVRE ADMISSÃO DO CENTRO OESTE MINEIRO LTDA.   SICOOB UNIÃO CENTRO OESTE;26.072.728;b3S;I;2;;9;ARCOS;MG;09/2012;11.444;0;0;0;0;0;0;0;0;43;1.656;664;607;28;0;85;3.083;0;20;24;72;0;0;0;116;0;0;0;0;0;0;0;0;0;636;92;127;0;0;5;859;170;2.058;1.519;673;20;0;203;4.644;0;0;0;0;0;0;0;0;69;624;327;404;10;0;134;1.568;50;292;521;222;11;0;73;1.169;0;6;0
COOPERATIVA CENTRAL DE CRÉDITO RURAL COM INTERAÇÃO SOLIDÁRIA - CENTRAL CRESOL BASER;1.401.771;b3C;I;2;;9;FRANCISCO BELTRAO;PR;09/2012;11.376;0;0;0;0;0;0;0;0;0;0;0;0;0;0;0;0;0;0;0;0;0;0;0;0;0;0;0;0;0;0;0;0;0;0;0;0;0;0;0;0;0;0;0;0;0;0;0;0;0;0;0;0;0;0;0;0;0;0;0;0;0;0;0;0;0;1.097;839;234;9.177;29;0;11.376;0;0;0
COOPERATIVA DE CRÉDITO DE LIVRE ADMISSÃO DE ANÁPOLIS E REGIÃO LTDA;33.615.055;b3S;I;2;;9;ANAPOLIS;GO;09/2012;11.316;0;29;0;0;0;0;1;30;0;1.004;498;9;0;0;172;1.682;1;50;141;92;0;0;50;333;0;49;0;0;0;0;10;59;0;0;0;0;0;0;0;0;39;5.054;1.824;404;0;0;867;8.187;0;0;0;0;0;0;0;0;0;393;411;58;0;0;50;911;1;35;56;21;0;0;0;112;0;1;0
COOPERATIVA CENTRAL DE CRÉDITO DA BAHIA - SICOOB CENTRAL BA;34.148.882;b3C;I;2;;9;SALVADOR;BA;09/2012;11.063;0;0;0;0;0;0;0;0;0;0;0;0;0;0;0;0;0;0;0;0;0;0;0;0;0;0;0;0;0;0;0;0;0;0;0;0;0;0;0;0;0;0;0;0;0;0;0;0;0;0;0;0;0;0;0;0;0;0;0;0;0;0;0;0;0;3.732;6.573;757;0;0;0;11.063;0;0;0
COOPERATIVA DE CRÉDITO DOS EMPRESÁRIOS INDUSTRIAIS VINCULADOS À FIEMG LTDA - SICOOB CREDIFIEMG;7.469.260;b3S;I;2;;9;BELO HORIZONTE;MG;09/2012;10.669;0;0;0;0;0;0;0;0;525;972;1.220;2.437;313;1;649;6.117;14;298;481;397;0;0;33;1.222;0;0;0;0;0;0;0;0;0;0;0;0;0;0;0;0;136;304;305;293;10;0;96;1.145;0;0;0;0;0;0;0;0;0;36;189;449;213;0;28;916;110;311;232;453;34;0;124;1.263;0;5;0
COOPERATIVA DE CRÉDITO DE LIVRE ADMISSÃO DE SANTO ANTÔNIO DO MONTE LTDA.   SICOOB CREDIMONTE;41.707.258;b3S;I;2;;9;SANTO ANTONIO DO MONTE;MG;09/2012;10.566;0;0;0;0;0;0;0;0;9;1.334;1.443;626;20;0;180;3.612;0;4;477;31;0;0;4;515;0;0;0;0;0;0;0;0;0;0;0;0;0;0;0;0;32;872;1.202;976;130;0;230;3.442;0;0;0;0;0;0;0;0;4;302;82;58;15;0;18;479;14;688;988;575;82;0;164;2.511;0;7;0
COOPERATIVA DE CRÉDITO DOS PEQUENOS EMPRESÁRIOS, MICROEMPRESÁRIOS E MICROEMPREENDEDORES DA REGIÃO METROPOLITANA DE FLORIANÓPOLIS - SICREDI METROPOLITANA SC;4.902.340;b3S;I;2;;9;FLORIANOPOLIS;SC;09/2012;10.434;0;0;0;0;0;0;0;0;42;299;254;239;7;0;3;844;17;778;195;71;0;0;0;1.061;0;0;0;0;0;0;0;0;0;0;0;0;0;0;0;0;228;1.498;753;950;352;0;44;3.825;0;0;0;0;0;0;0;0;48;212;148;210;28;0;3;649;123;1.608;1.056;831;326;99;5;4.047;0;7;0
COOPERATIVA DE CRÉDITO DE LIVRE ADMISSÃO DO SUDOESTE GOIANO;24.795.049;b3S;I;2;;9;RIO VERDE;GO;09/2012;10.423;0;310;1.393;1.610;0;0;25;3.338;0;965;1.110;135;0;0;61;2.271;0;0;0;0;0;0;0;0;0;0;0;0;0;0;0;0;0;310;10;0;0;0;10;331;111;2.064;739;280;0;0;235;3.429;0;0;0;0;0;0;0;0;4;25;14;4;0;0;10;57;4;48;376;525;9;0;26;988;0;9;0
COOPERATIVA DE CRÉDITO DE PEQUENOS EMPRESÁRIOS, MICROEMPRESÁRIOS E MICROEMPREENDEDORES DO ALTO SÃO FRANCISCO LTDA. - SICOOB CREDIPRATA;26.178.111;b3S;I;2;;9;LAGOA DA PRATA;MG;09/2012;10.373;0;127;305;107;1;0;0;540;14;1.419;363;311;24;0;108;2.238;0;10;370;7;0;0;11;398;0;0;0;0;0;0;0;0;0;77;27;39;0;0;0;143;183;2.570;1.658;703;27;15;554;5.710;0;0;0;0;0;0;0;0;0;194;250;341;4;0;67;857;0;103;190;157;0;0;33;483;0;4;0
COOPERATIVA DE CRÉDITO DE LIVRE ADMISSÃO DE ASSOCIADOS DO ALTO PAJEÚ LTDA. - SICOOB CREDIPAJEÚ;3.732.359;b3S;I;2;;9;SAO JOSE DO EGITO;PE;09/2012;10.366;115;267;117;92;0;0;28;619;37;644;250;311;150;43;78;1.512;0;156;122;79;0;0;9;366;0;0;0;0;0;0;8;8;0;4;12;34;0;0;0;51;133;2.761;1.323;1.771;137;72;247;6.442;0;0;0;0;0;0;0;0;0;0;0;0;0;0;0;0;0;611;487;232;2;0;25;1.357;0;11;0
FINANSINOS S.A. CREDITO, FINANCIAMENTO E INVESTIMENTO;91.669.747;n1;I;2;;14;NOVO HAMBURGO;RS;09/2012;10.339;0;38;0;0;0;0;0;38;552;3.204;501;121;0;0;0;4.378;0;158;147;0;0;0;0;305;0;0;0;0;0;0;0;0;0;0;0;0;0;0;0;0;814;516;318;38;0;0;0;1.687;0;0;0;0;0;0;0;0;145;1.437;1.757;348;0;0;0;3.686;0;111;84;49;0;0;0;244;0;0;0
COOPERATIVA DE CRÉDITO DE LIVRE ADMISSÃO DO ALTO E MÉDIO SÃO FRANCISCO LTDA - SICOOB SÃO FRANCISCO.;912.488;b3S;I;2;;9;MORADA NOVA DE MINAS;MG;09/2012;10.284;0;32;832;284;298;0;0;1.446;0;236;112;118;0;0;60;526;0;270;243;505;205;0;19;1.242;0;0;0;0;0;0;0;0;0;62;15;21;0;0;5;102;29;2.053;1.114;1.005;268;0;165;4.634;0;2;0;0;0;0;0;2;14;314;382;408;90;0;18;1.226;0;311;261;384;116;0;18;1.091;0;15;0
SANTANA S.A. - CRÉDITO, FINANCIAMENTO E INVESTIMENTO;5.503.849;n1;I;2;;14;SAO PAULO;SP;09/2012;10.278;0;0;0;0;0;0;0;0;287;3.188;285;47;0;0;0;3.808;0;8;15;5;0;0;0;29;0;141;44;20;0;0;0;205;0;0;0;0;0;0;0;0;431;3.078;799;639;50;0;0;4.996;0;0;0;0;0;0;0;0;14;407;223;15;0;0;0;658;6;394;86;90;4;0;0;580;0;1;0
COOPERATIVA DE CRÉDITO RURAL DOS EMPREENDEDORES RURAIS DE RIO VERDE E REGIÃO - GOIÁS;6.332.931;b3S;I;2;;9;RIO VERDE;GO;09/2012;10.177;0;109;88;50;0;0;0;247;21;389;193;39;0;0;4;646;28;484;398;15;0;0;2;927;0;0;0;0;0;0;0;0;0;57;14;0;0;0;0;71;142;2.616;2.233;479;6;0;15;5.491;0;0;0;0;0;0;0;0;26;124;159;55;0;0;3;366;90;845;945;527;11;0;4;2.423;0;6;0
AGENCIA DE FOMENTO DO RIO GRANDE DO NORTE S.A.;3.848.103;n1;I;1;;30;NATAL;RN;09/2012;10.147;0;6;0;0;0;0;0;6;36;151;575;1.010;578;264;0;2.614;188;220;518;758;301;0;0;1.986;0;0;0;0;0;0;0;0;0;0;0;0;0;0;0;0;206;180;377;576;74;53;0;1.466;0;0;0;0;0;0;0;0;12;75;206;183;0;0;0;475;52;158;563;1.354;860;593;0;3.580;0;20;0
COOPERATIVA DE CRÉDITO DE LIVRE ADMISSÃO DO VALE DO IVAÍ - SICREDI VALE DO IVAÍ PR;81.706.616;b3S;I;2;;9;JANDAIA DO SUL;PR;09/2012;10.144;0;143;373;66;0;0;0;582;33;744;1.160;218;47;0;4;2.206;2;58;49;54;4;0;1;169;0;0;0;0;0;0;0;0;0;0;0;0;0;0;0;0;164;3.294;1.336;533;38;0;27;5.393;0;0;0;0;0;0;0;0;3;428;166;268;16;0;3;884;6;437;252;155;34;0;0;885;0;25;0
COOPERATIVA DE CRÉDITO DE LIVRE ADMISSÃO DA REGIÃO DE ITURAMA LTDA. - SICOOB CREDIRAMA;3.412.878;b3S;I;2;;9;ITURAMA;MG;09/2012;9.954;85;46;46;0;0;0;85;262;55;786;231;217;0;0;567;1.856;10;160;46;20;0;0;125;361;0;0;0;0;0;0;0;0;0;0;0;0;0;0;0;0;140;1.744;325;133;60;0;1.323;3.724;0;0;0;0;0;0;0;0;41;1.479;274;258;7;0;1.203;3.262;0;163;58;67;10;0;187;485;0;5;0
COOPERATIVA DE CRÉDITO DE LIVRE ADMISSÃO DE MARECHAL CÂNDIDO RONDON E REGIÃO - SICOOB MARECHAL;7.097.064;b3S;I;2;;9;MARECHAL CANDIDO RONDON;PR;09/2012;9.953;0;0;0;0;0;0;0;0;16;1.568;1.319;466;23;0;96;3.487;0;22;38;5;0;0;17;81;0;0;0;0;0;0;0;0;0;0;0;0;0;0;0;0;55;1.328;1.465;302;55;0;302;3.508;0;0;0;0;0;0;0;0;18;644;405;331;109;0;35;1.542;7;213;510;172;14;0;412;1.329;0;5;0
COOPERATIVA DE ECONOMIA E CREDITO MUTUO DOS MEDICOS E DEMAIS PROFISSIONAIS DA SAUDE DE ERECHIM LTDA;1.572.667;b3S;I;2;;9;ERECHIM;RS;09/2012;9.906;0;0;0;0;0;0;0;0;0;37;161;109;20;0;0;328;0;38;109;233;49;0;0;429;0;0;0;0;0;0;0;0;0;0;0;0;0;0;0;0;1;302;233;48;33;46;0;662;0;0;0;0;0;0;0;0;0;33;0;0;0;0;0;33;5;809;2.275;2.880;1.197;1.287;0;8.453;0;1;0
COOPERATIVA DE CRÉDITO EMPRESARIAL DO VALE SAO PATRICIO LTDA;7.502.031;b3S;I;2;;9;GOIANESIA;GO;09/2012;9.830;33;199;159;63;0;0;54;508;71;1.796;1.181;971;45;0;175;4.239;0;13;1.110;179;4;0;3;1.309;0;0;0;0;0;0;0;0;0;0;0;0;0;0;0;0;18;987;432;525;99;0;245;2.307;0;0;0;0;0;0;0;0;3;35;102;161;15;0;19;335;17;386;271;283;11;0;161;1.129;0;5;0
COOPERATIVA DE CRÉDITO MÚTUO DOS PROFISSIONAIS DA ÁREA DA SAÚDE E DOS PEQUENOS EMPRESÁRIOS, MICROEMPRESÁRIOS E MICROEMPREENDEDORES DE ARARAQUARA E REGIÃO - SICREDI UNIÃO CENTRO NORTE PAULISTA SP;73.113.243;b3S;I;2;;9;ARARAQUARA;SP;09/2012;9.637;0;46;78;156;0;0;0;280;0;22;82;16;0;0;0;120;0;95;276;60;0;0;0;431;0;0;0;0;0;0;0;0;0;0;0;0;0;0;0;0;6;1.189;1.648;503;14;0;1;3.359;0;0;0;0;0;0;0;0;0;133;252;244;51;0;0;680;4;887;1.880;1.680;256;49;1;4.757;0;11;0
COOPERATIVA DE CRÉDITO RURAL DE RIO BRANCO LTDA.;5.439.425;b3S;I;2;;9;RIO BRANCO;AC;09/2012;9.630;0;797;91;0;0;0;0;887;4;936;962;108;0;0;0;2.011;31;189;120;40;0;0;0;380;0;6;15;21;0;0;0;42;0;0;0;0;0;0;0;0;62;3.497;1.078;554;1;0;0;5.193;0;0;0;0;0;0;0;0;24;13;0;0;0;0;0;37;10;576;352;140;0;0;0;1.078;0;2;0
SICOOB CREDIMONTES - COOPERATIVA DE ECONOMIA E CRÉDITO MÚTUO DOS COMERCIANTES DE CONFECÇÕES DE MONTES CLAROS LTDA.;2.031.139;b3S;I;2;;9;MONTES CLAROS;MG;09/2012;9.581;0;22;34;56;0;0;0;112;12;1.068;281;179;0;0;10;1.551;2;175;68;30;0;0;4;279;0;0;0;0;0;0;0;0;0;0;0;0;0;0;0;0;69;4.704;949;530;0;0;138;6.390;0;0;0;0;0;0;0;0;0;253;79;56;0;0;1;389;13;546;173;112;0;0;4;848;0;13;0
COOPERATIVA DE CRÉDITO DE LIVRE ADMISSÃO DE ASSOCIADOS NOROESTE - SICOOB NOROESTE SC;81.292.278;b3S;I;2;;9;SAO LOURENCO D'OESTE;SC;09/2012;9.568;0;93;3;4;4;0;0;103;11;414;145;344;100;1;35;1.049;18;127;108;220;8;0;8;487;0;0;0;0;0;0;0;0;0;0;0;0;0;0;0;0;35;1.162;754;1.879;646;0;132;4.607;0;0;0;0;0;0;0;0;11;243;595;1.096;537;0;33;2.514;5;120;123;387;146;0;21;802;0;6;0
COOPERATIVA DE CRÉDITO DE LIVRE ADMISSÃO DE ASSOCIADOS ITAPIRANGA - SICOOB CREDITAPIRANGA SC;78.483.310;b3S;I;2;;9;ITAPIRANGA;SC;09/2012;9.381;0;12;0;0;0;0;2;14;0;302;577;2.167;53;0;37;3.135;0;57;129;218;0;0;0;403;0;10;0;81;0;0;0;91;0;0;0;0;0;0;0;0;74;572;673;1.318;454;0;92;3.183;0;0;0;0;0;0;0;0;1;403;557;618;28;0;68;1.674;0;80;561;171;46;0;4;862;0;19;0
COOPERATIVA DE ECONOMIA E CRÉDITO MÚTUO DOS LOJISTAS DO VESTUÁRIO E CONFECÇÕES DE CUIABÁ - SICOOB COOPERLOJA;4.019.608;b3S;I;2;;9;CUIABA;MT;09/2012;9.377;0;64;0;0;0;0;0;64;176;1.156;371;306;37;0;117;2.163;13;182;42;67;0;0;17;322;6;0;0;0;0;0;0;6;0;0;0;0;0;0;0;0;267;1.614;1.515;606;182;0;435;4.617;0;0;0;0;0;0;0;0;76;111;153;39;0;0;10;389;58;677;419;519;13;0;123;1.809;0;6;0
COOPERATIVA DE ECONOMIA E CRÉDITO MÚTUO DOS COMERCIANTES DE CONFECÇÕES DO SUL E SUDOESTE MINEIRO LTDA. - SICOOB CREDIACIP;599.085;b3S;I;2;;9;PASSOS;MG;09/2012;8.974;0;99;0;0;0;0;1.785;1.884;20;1.647;45;0;0;0;1.195;2.908;2;215;10;0;0;0;243;469;0;0;0;0;0;0;0;0;0;0;0;0;0;0;0;0;97;1.977;11;0;0;0;598;2.683;0;0;0;0;0;0;0;0;79;175;0;0;0;0;117;371;0;265;15;0;0;0;373;654;0;6;0
COOPERATIVA DE CRÉDITO DE LIVRE ADMISSÃO DO CENTRO OESTE DE RONDÔNIA - SICOOB;5.203.605;b3S;I;2;;9;BURITIS;RO;09/2012;8.969;0;26;17;0;0;0;5;48;138;1.463;415;298;51;0;93;2.456;92;250;244;241;0;0;20;848;0;0;0;0;0;0;0;0;0;84;31;17;0;0;0;132;27;2.266;1.177;894;109;21;534;5.028;0;0;0;0;0;0;0;0;0;97;9;31;0;0;0;137;0;131;72;104;0;0;9;316;0;3;0
UNICRED BELÉM - COOPERATIVA DE ECONOMIA E CRÉDITO MÚTUO DOS PROFISSIONAIS DE NÍVEL SUPERIOR DA SAÚDE E DO FUNCIONALISMO PÚBLICO DE BELÉM;83.315.408;b3S;I;2;;9;BELEM;PA;09/2012;8.829;0;0;0;0;0;0;0;0;0;0;0;0;0;0;0;0;0;0;0;0;0;0;0;0;0;0;0;0;0;0;0;0;0;0;0;0;0;0;0;0;259;79;149;129;0;0;0;616;0;0;0;0;0;0;0;0;0;0;0;0;0;0;0;0;280;1.811;3.753;2.348;21;0;0;8.214;0;0;0
COOPERATIVA DE CRÉDITO DE PRODUTORES RURAIS E DE LIVRE ADMISSÃO DO TRIÂNGULO LTDA    SICOOB CREDITRIL;41.669.227;b3S;I;2;;9;UBERLANDIA;MG;09/2012;8.752;0;6;18;40;0;0;4;67;0;144;1.288;73;5;0;12;1.523;6;48;102;137;55;0;78;425;0;0;0;0;0;0;0;0;0;0;0;0;0;0;0;0;30;1.163;1.197;1.440;60;0;1.011;4.901;0;0;0;0;0;0;0;0;12;246;138;177;121;0;194;888;8;101;371;408;0;0;47;935;0;13;0
COOPERATIVA DE CRÉDITO DE LIVRE ADMISSÃO UNIÃO DO CENTRO OESTE DE MINAS LTDA;1.703.620;b3S;I;2;;9;BOM DESPACHO;MG;09/2012;8.728;3;7;157;25;0;0;5;196;1;678;419;393;51;0;64;1.607;0;28;34;30;0;0;11;102;0;0;0;0;0;0;0;0;0;0;0;0;0;0;0;0;18;2.080;1.765;662;20;0;314;4.860;0;0;0;0;0;0;0;0;0;248;532;668;0;0;13;1.461;2;104;135;240;0;0;12;493;0;9;0
CECRESP-CENTRAL DAS COOPERATIVAS DE CRÉDITO DO ESTADO DE SÃO PAULO;62.931.522;b3C;I;2;;9;SAO PAULO;SP;09/2012;8.692;0;0;0;0;0;0;0;0;0;0;0;0;0;0;0;0;0;0;0;0;0;0;0;0;0;0;0;0;0;0;0;0;0;0;0;0;0;0;0;0;0;0;0;0;0;0;0;0;0;0;0;0;0;0;0;0;0;0;0;0;0;0;0;0;336;1.558;3.904;2.735;158;0;0;8.691;0;0;0
UNILETRA;50.593;n1;C;2;;197;VITORIA;ES;09/2012;8.652;0;0;0;0;0;0;0;0;52;245;158;674;0;0;0;1.129;0;0;0;0;0;0;0;0;0;0;0;0;0;0;0;0;0;0;0;1.142;0;0;0;1.142;18;143;2;4.442;0;0;0;4.605;0;0;0;0;0;0;0;0;9;0;0;0;0;0;0;9;0;0;0;1.761;0;0;0;1.761;0;6;0
COOPERATIVA DE CRÉDITO DE LUZ LTDA. - SICOOB CREDILUZ;25.536.764;b3S;I;2;;9;LUZ;MG;09/2012;8.584;0;134;394;181;1;0;62;771;47;724;1.632;344;25;0;81;2.853;0;26;46;75;0;0;7;154;0;0;0;0;0;0;0;0;0;0;0;0;0;0;0;0;192;942;1.660;766;315;1;169;4.045;0;0;0;0;0;0;0;0;0;44;62;151;0;0;8;265;3;152;167;117;16;0;36;491;0;4;0
BARIGUI;51.774;n1;C;2;;197;CURITIBA;PR;09/2012;8.495;0;0;0;0;0;0;0;0;88;204;540;837;144;0;0;1.813;57;252;485;1.058;759;601;0;3.212;0;0;0;0;0;0;0;0;0;0;0;0;0;0;0;0;5;167;266;405;98;0;0;941;0;0;0;0;0;0;0;0;3;117;231;420;46;0;0;818;35;169;347;620;189;350;0;1.710;0;2;0
COOPERATIVA DE POUPANCA E CRÉDITO MÚTUO DOS EMPRESÁRIOS E PROFISSIONAIS LIBERAIS DO OESTE PAULISTA - SICOOB OESTE PAULISTA;10.262.276;b3S;I;2;;9;PRESIDENTE PRUDENTE;SP;09/2012;8.475;25;253;2;3;0;0;6;288;140;961;413;71;0;0;168;1.752;0;347;315;19;0;0;8;689;0;9;0;0;0;0;0;9;0;26;28;7;0;0;3;65;80;2.560;584;327;0;0;504;4.055;0;0;0;0;0;0;0;0;0;290;0;0;0;0;25;315;16;677;254;200;13;4;119;1.283;0;18;0
COOPERATIVA CENTRAL DE CRÉDITO DO NORTE DO BRASIL - SICOOB NORTE;3.502.131;b3C;I;2;;9;PORTO VELHO;RO;09/2012;8.391;0;0;0;0;0;0;0;0;0;0;0;0;0;0;0;0;0;0;0;0;0;0;0;0;0;0;0;0;0;0;0;0;0;0;0;0;0;0;0;0;0;0;0;0;0;0;0;0;0;0;0;0;0;0;0;0;0;0;0;0;0;0;0;0;0;2.232;4.016;2.144;0;0;0;8.391;0;0;0
COOPERATIVA DE CRÉDITO DE LIVRE ADMISSÃO DE  LAGOA DA PRATA E REGIÃO LTDA.   SICOOB LAGOACRED GERAIS;1.739.375;b3S;I;2;;9;LAGOA DA PRATA;MG;09/2012;8.369;1;11;35;48;1;0;1;95;3;933;288;241;0;0;74;1.540;1;42;9;29;0;0;46;127;0;0;0;0;0;0;0;0;0;0;0;0;0;0;0;0;12;2.824;1.225;1.250;11;2;359;5.683;0;0;0;0;0;0;0;0;0;54;59;97;0;0;88;298;1;228;173;194;2;0;21;618;0;8;0
COOPERATIVA DE ECONOMIA E CRÉDITO MÚTUO DOS EMPRESÁRIOS DA INDÚSTRIA E DO COMÉRCIO DE BENS E SERVIÇOS DA REGIÃO METROPOLITANA, ZONA DA MATA E AGRESTE DO ESTADO DE PERNAMBUCO LTDA.- UNICRED EMPRESARIAL;7.858.553;b3S;I;2;;9;RECIFE;PE;09/2012;8.361;0;0;0;0;0;0;0;0;46;587;508;193;9;0;0;1.343;13;216;343;125;32;0;0;728;0;0;0;0;0;0;0;0;0;0;0;0;0;0;0;0;47;881;1.013;525;22;0;0;2.488;0;0;0;0;0;0;0;0;0;39;30;0;0;0;0;69;11;1.812;1.034;824;48;0;0;3.728;0;4;0
COOPERATIVA DE CRÉDITO DE LIVRE ADMISSÃO DA REGIÃO DE ORLÂNDIA;53.935.029;b3S;I;2;;9;ORLANDIA;SP;09/2012;8.338;0;738;26;0;0;0;25;789;0;888;28;0;0;0;87;1.003;0;26;0;0;0;0;14;40;0;0;0;0;0;0;0;0;0;0;0;0;0;0;0;0;60;1.847;1.537;296;376;555;342;5.014;0;3;1;0;0;0;0;4;35;79;222;88;30;0;41;496;13;175;602;84;17;0;92;983;0;9;0
COOPERATIVA DE ECONOMIA E CRÉDITO MÚTUO DOS PROFISSIONAIS DA SAÚDE DAS REGIÕES SERRANAS E DO MÉDIO VALE DO PARAÍBA;71.698.674;b3S;I;2;;9;TAUBATE;SP;09/2012;8.315;0;0;0;0;0;0;0;0;0;6;2;2;0;0;0;9;0;0;0;0;0;0;0;0;0;0;0;0;0;0;0;0;0;0;0;0;0;0;0;0;0;98;97;106;0;0;0;301;0;0;0;0;0;0;0;0;0;2;7;12;0;0;0;21;1;2.477;2.884;2.558;31;29;0;7.980;0;4;0
COOPERATIVA DE CRÉDITO DE LIVRE ADMISSÃO DE ASSOCIADOS SÃO JOSÉ DO CERRITO - SICOOB CREDICARU SC;694.389;b3S;I;2;;9;SAO JOSE DO CERRITO;SC;09/2012;8.207;7;30;6;5;0;0;46;93;21;576;260;283;0;0;52;1.192;1;71;39;53;0;0;5;168;0;17;0;0;0;0;0;17;0;1;0;0;0;0;0;1;39;3.461;723;515;24;0;536;5.298;0;0;0;0;0;0;0;0;29;124;141;106;0;0;23;422;6;481;315;121;3;0;82;1.007;0;9;0
BANCO ARBI S.A.;54.403.563;b1;I;2;;2;RIO DE JANEIRO;RJ;09/2012;8.203;0;0;0;0;0;0;0;0;125;118;1.576;724;1.235;0;0;3.778;0;0;0;2.650;0;0;0;2.650;0;0;0;0;0;0;0;0;0;0;0;0;0;0;0;0;9;0;0;0;0;0;0;9;0;0;0;0;0;0;0;0;0;0;0;0;0;0;0;0;0;238;614;914;0;0;0;1.766;0;0;0
COOPERATIVA DE CRÉDITO RURAL DE CACOAL LTDA;3.612.764;b3S;I;2;;9;CACOAL;RO;09/2012;8.181;0;115;0;0;0;0;0;115;466;1.045;37;6;0;0;0;1.555;23;234;0;0;0;0;0;257;0;0;0;0;0;0;0;0;0;0;0;0;0;0;0;0;198;4.094;245;54;0;0;0;4.591;0;0;0;0;0;0;0;0;0;0;0;0;0;0;0;0;91;1.484;87;0;0;0;0;1.662;0;1;0
COOPERATIVA DE CRÉDITO DE LIVRE ADMISSÃO DE ASSOCIADOS SANTOAUGUSTENSE - SICREDI SANTO AUGUSTO RS;92.564.145;b3S;I;2;;9;SANTO AUGUSTO;RS;09/2012;8.157;0;987;29;563;175;0;0;1.755;3;326;164;23;0;0;2;519;5;6;4;8;2;0;1;27;0;0;0;0;0;0;0;0;0;0;0;0;0;0;0;0;40;2.822;1.168;509;91;3;3;4.635;0;0;0;0;0;0;0;0;1;182;138;107;6;0;0;434;4;350;277;122;25;0;0;779;0;8;0
COOPERATIVA DE ECONOMIA E CRÉDITO MÚTUO DOS PROFISSIONAIS DA SAÚDE E EMPRESÁRIOS DA REGIÃO DO IGUAÇU;1.848.322;b3S;I;2;;9;PATO BRANCO;PR;09/2012;8.154;0;0;0;0;0;0;0;0;0;17;4;4;4;2;0;31;0;0;0;0;0;0;0;0;0;45;38;75;53;0;0;211;0;0;0;0;0;0;0;0;0;147;115;113;73;3;0;452;0;0;0;0;0;0;0;0;0;0;0;0;0;0;0;0;1;836;2.167;3.590;746;118;0;7.457;0;3;0
SOROCRED   CRÉDITO, FINANCIAMENTO E INVESTIMENTO S.A.;4.814.563;n1;I;2;;14;BARUERI;SP;09/2012;8.121;0;0;0;0;0;0;0;0;0;603;159;13;0;0;0;775;0;4;10;16;0;0;0;30;0;0;0;0;0;0;0;0;0;0;0;0;0;0;0;0;608;960;2.081;439;3;0;0;4.093;0;0;0;0;0;0;0;0;4;234;431;624;261;0;0;1.554;27;319;669;558;62;0;0;1.635;11;24;0
COOPERATIVA DE CRÉDITO DE LIVRE ADMISSÃO DO VALE DO PARAÍSO LTDA. - SICOOB CREDIVAP;22.656.789;b3S;I;2;;9;ESPERA FELIZ;MG;09/2012;8.025;0;106;7;0;0;0;5;117;0;153;34;44;0;0;22;252;0;243;64;223;331;17;118;996;0;0;0;0;0;0;0;0;0;0;1;1;0;0;0;2;27;2.458;883;855;127;1;853;5.203;0;0;0;0;0;0;0;0;2;153;87;173;98;3;131;647;8;135;135;299;165;0;61;803;0;6;0
COOPERATIVA DE CREDITO DE LIVRE ADMISSÃO DO OESTE DE MINAS GERAIS LTDA. - SICOOB CREDIOESTE;25.420.696;b3S;I;2;;9;ABAETE;MG;09/2012;8.024;0;94;192;280;130;0;56;753;0;107;115;282;67;0;5;576;0;500;307;252;5;0;7;1.071;0;0;0;0;0;0;0;0;0;80;0;0;0;0;8;88;3;1.087;663;613;113;0;163;2.643;0;0;0;0;0;0;0;0;0;631;239;584;168;0;9;1.631;24;73;462;508;177;0;14;1.259;0;3;0
COOPERATIVA DE ECONOMIA E CRÉDITO MÚTUO DOS MÉDICOS E DEMAIS PROFISSIONAIS DA ÁREA DE SAÚDE DA BAHIA LTDA.   UNICRED DA BAHIA;2.602.922;b3S;I;2;;9;FEIRA DE SANTANA;BA;09/2012;8.004;0;0;0;0;0;0;0;0;0;11;24;0;0;0;0;35;0;143;123;297;0;0;0;563;0;30;6;2;0;0;0;39;0;0;0;0;0;0;0;0;28;285;173;389;234;0;0;1.110;0;0;0;0;0;0;0;0;0;0;0;0;0;0;0;0;0;2.120;1.510;1.972;433;218;0;6.254;0;3;0
COOPERATIVA DE CRÉDITO DE LIVRE ADMISSÃO DO ALTO PARANAPANEMA - SICREDI CAPAL PR/SP;7.206.072;b3S;I;2;;9;ARAPOTI;PR;09/2012;7.916;1;321;754;6;0;0;0;1.082;13;716;137;146;9;0;2;1.024;0;2;48;8;0;0;0;58;0;0;0;0;0;0;0;0;0;0;0;0;0;0;0;0;199;1.820;1.093;660;60;41;32;3.906;0;0;0;0;0;0;0;0;5;301;281;194;30;0;5;816;13;517;362;112;7;0;2;1.014;0;16;0
COOPERATIVA DE CRÉDITO DE LIVRE ADMISSÃO CAMPOS DAS VERTENTES LTDA. - SICOOB CREDIVERTENTES;22.724.710;b3S;I;2;;9;SAO TIAGO;MG;09/2012;7.878;0;101;133;23;0;0;4;262;186;563;471;529;106;0;97;1.952;0;96;173;414;318;9;18;1.028;0;0;0;0;0;0;0;0;0;46;99;85;28;0;0;258;8;802;468;695;341;0;384;2.697;0;0;0;0;0;0;0;0;0;65;543;626;92;0;7;1.334;0;52;87;142;15;0;48;345;0;2;0
COOPERATIVA DE CRÉDITO DE LIVRE ADMISSÃO DE ARAPONGAS - SICOOB ARAPONGAS;7.194.313;b3S;I;2;;9;ARAPONGAS;PR;09/2012;7.853;0;0;0;0;0;0;0;0;57;1.448;213;572;0;0;230;2.520;0;44;2;3;0;0;33;82;0;10;21;17;0;0;5;53;0;4;386;0;0;0;15;405;25;1.321;610;1.124;5;0;426;3.511;0;0;0;0;0;0;0;0;0;88;21;5;0;0;9;123;7;270;135;703;0;0;41;1.155;0;4;0
COOPERATIVA DE CRÉDITO RURAL DO VALE DO PARANAPANEMA;1.637.949;b3S;I;2;;9;PRESIDENTE PRUDENTE;SP;09/2012;7.832;0;0;62;0;0;0;9;71;0;393;693;132;21;0;28;1.267;0;34;86;0;0;0;0;120;0;1;0;0;0;0;0;1;0;0;0;0;0;0;0;0;209;2.302;1.793;180;41;0;144;4.669;0;0;0;0;0;0;0;0;2;133;326;88;20;0;32;601;18;600;323;76;24;0;53;1.095;0;7;0
COOPERATIVA DE CRÉDITO DE LIVRE ADMISSÃO DE RIO VERDE E REGIÃO LTDA.;9.033.698;b3S;I;2;;9;RIO VERDE;GO;09/2012;7.686;0;15;15;11;0;0;3;43;0;687;264;70;34;0;24;1.079;84;25;47;61;0;0;6;223;0;0;0;0;0;0;0;0;0;0;0;0;0;0;0;0;22;1.723;972;1.295;105;0;88;4.203;0;0;0;0;0;0;0;0;0;351;156;197;90;0;17;812;0;344;315;478;155;0;32;1.324;0;2;0
COOPERATIVA DE CRÉDITO DE LIVRE ADMISSÃO DE PARAOPEBA LTDA. - SICOOB CREDIPARAOPEBA;22.749.014;b3S;I;2;;9;PARAOPEBA;MG;09/2012;7.638;4;314;136;51;3;0;10;517;16;688;507;411;0;0;28;1.650;0;65;74;39;0;0;3;182;0;0;0;0;0;0;0;0;0;68;34;111;0;0;0;213;19;1.515;834;749;14;0;93;3.225;0;0;0;0;0;0;0;0;0;312;145;274;6;0;20;756;0;342;349;345;30;0;25;1.090;0;5;0
COOPERATIVA DE CREDITO RURAL ALTO VALE DO ITAJAI;80.959.612;b3S;I;2;;9;RIO DO SUL;SC;09/2012;7.609;0;6;7;1;0;0;0;14;74;1.111;1.114;671;152;0;49;3.172;0;9;12;5;0;0;6;32;0;0;0;0;0;0;0;0;0;0;0;0;0;0;0;0;45;1.450;939;691;72;0;155;3.352;0;0;0;0;0;0;0;0;12;291;239;148;14;0;18;722;7;134;79;69;0;0;10;299;0;19;0
COOPERATIVA DE CRÉDITO RURAL E DOS SERVIDORES PÚBLICOS ESTADUAIS DO ESTADO DO TOCANTINS - SICREDI UNIÃO CERRADO;3.836.609;b3S;I;2;;9;DIANOPOLIS;TO;09/2012;7.597;13;114;57;0;0;0;4;188;3;175;184;136;0;0;0;498;4;253;71;40;1;0;1;370;4;8;11;0;0;0;0;24;0;5;6;0;0;0;0;11;314;1.881;1.429;718;149;0;16;4.507;0;0;0;0;0;0;0;0;32;277;12;24;10;0;4;360;213;504;449;316;135;0;8;1.625;0;15;0
COOPERATIVA DE CRÉDITO DE LIVRE ADMISSÃO DE ASSOCIADOS DO NORDESTE DO PARÁ - SICREDI NORDESTE PA;10.772.401;b3S;I;2;;9;PARAGOMINAS;PA;09/2012;7.497;0;168;104;78;0;0;0;349;0;128;269;12;0;0;2;412;126;876;207;57;0;0;2;1.269;0;0;0;0;0;0;0;0;0;0;0;0;0;0;0;0;18;1.963;1.766;423;37;0;14;4.221;0;0;0;0;0;0;0;0;0;284;243;95;0;0;0;622;3;165;325;122;5;0;1;622;0;2;0
COOPERATIVA DE CRÉDITO DE LIVRE ADMISSÃO DE SÃO ROQUE DE MINAS LTDA. ? SICOOB SAROMCREDI;66.402.207;b3S;I;2;;9;SAO ROQUE DE MINAS;MG;09/2012;7.489;0;0;0;0;0;0;0;0;4;126;830;633;6;0;26;1.626;0;1;1;4;0;0;0;6;0;0;0;0;0;0;0;0;0;0;0;0;0;0;0;0;3;1.035;1.759;1.261;75;0;378;4.510;0;0;0;0;0;0;0;0;0;23;40;83;103;0;7;256;0;129;469;265;92;77;54;1.087;0;4;0
COOPERATIVA DE ECONOMIA E CRÉDITO MÚTUO DOS EMPRESÁRIOS DE RIBEIRÃO PRETO E REGIÃO - SICOOB COOPERAC;8.071.414;b3S;I;2;;9;RIBEIRAO PRETO;SP;09/2012;7.485;1;16;11;8;0;0;15;50;2;504;167;149;3;0;40;866;0;128;60;162;44;0;4;398;0;0;0;0;0;0;0;0;0;0;0;0;0;0;0;0;134;1.613;656;705;1;0;354;3.463;0;0;0;0;0;0;0;0;7;76;47;62;0;0;70;261;32;1.026;550;457;77;0;295;2.437;0;9;0
AGÊNCIA DE FOMENTO DO ESTADO DO TOCANTINS S.A.;5.474.540;n1;I;1;;30;PALMAS;TO;09/2012;7.425;0;0;0;0;0;0;0;0;105;172;186;248;48;9;0;767;37;91;291;334;0;0;0;752;0;0;0;0;0;0;0;0;166;17;58;37;0;0;0;278;54;558;1.023;1.594;70;0;0;3.300;0;0;0;0;0;0;0;0;0;41;122;105;44;0;0;312;303;168;773;766;4;0;0;2.014;0;3;0
COOPERATIVA DE ECONOMIA E CRÉDITO MÚTUO DOS MÉDICOS E DEMAIS PROFISSIONAIS DA SAÚDE DE TOLEDO E REGIÃO LTDA. - UNIPRIME PIONEIRA DO PARANÁ;1.286.361;b3S;I;2;;9;TOLEDO;PR;09/2012;7.422;0;2;5;6;0;0;0;13;0;4;16;5;0;0;0;24;0;0;39;39;30;33;0;141;0;0;0;0;0;0;0;0;0;16;44;57;0;0;0;118;2;220;391;235;27;4;0;879;0;0;0;0;0;0;0;0;0;2;15;4;0;0;0;21;15;842;2.384;2.182;487;312;0;6.222;0;4;0
COOPERATIVA DE CRÉDITO RURAL DE PORTO VELHO LTDA. - SICOOB PORTOCREDI;4.544.165;b3S;I;2;;9;PORTO VELHO;RO;09/2012;7.406;0;8;81;8;0;0;15;112;28;311;85;9;0;0;136;568;149;160;163;252;0;0;183;907;0;0;0;0;0;0;0;0;0;0;0;0;0;0;6;6;178;2.367;967;302;24;0;496;4.334;0;0;0;0;0;0;0;0;10;5;17;14;0;0;0;45;10;420;739;84;0;0;179;1.432;0;1;0
COOPERATIVA DE CRÉDITO MÚTUO DOS PROFISSIONAIS DA ÁREA DA SAÚDE E DOS EMPRESÁRIOS DA ALTA NOROESTE DE SÃO PAULO - SICREDI ALTA NOROESTE SP;4.484.490;b3S;I;2;;9;BIRIGUI;SP;09/2012;7.366;5;0;0;0;0;0;0;5;48;1.153;338;586;50;0;18;2.193;6;74;326;0;0;0;1;407;0;0;0;0;0;0;0;0;0;0;0;0;0;0;0;0;43;1.261;335;391;32;18;11;2.091;0;0;0;0;0;0;0;0;0;8;0;0;0;0;0;8;36;886;722;858;140;0;11;2.653;0;10;0
CECM COMERCIANTES DE AUTOMOTORES, PEÇAS E SERVIÇOS DE CUIABÁ E VÁRZEA GRANDE E EMPREGADOS EM SANEAMENTO DO MATO GROSSO E FUNCIONÁRIOS DO SISTEMA FIEMT, FECOMÉRCIO, FAMATO E FETRAMAR - SICOOB MULTIPLO;4.310.638;b3S;I;2;;9;CUIABA;MT;09/2012;7.339;0;0;0;0;0;0;0;0;151;737;115;0;0;0;6;1.009;0;956;101;125;0;0;85;1.268;0;0;0;0;0;0;0;0;0;298;141;0;0;0;28;466;88;1.388;265;72;0;0;277;2.090;0;0;0;0;0;0;0;0;5;225;39;0;0;0;40;310;47;1.447;284;261;0;0;152;2.192;0;4;0
COOPERATIVA DE CRÉDITO MÚTUO DOS TRANSPORTADORES DE CARGAS FILIADOS AOS SINDICATOS INTEGRANTES DA FETCESP - FEDERAÇÃO DAS EMPRESAS DE TRANSPORTES DE CARGAS DO ESTADO DE SÃO PAULO - SICREDI FETCOOP SP;13.081.722;b3S;I;2;;9;SAO PAULO;SP;09/2012;7.223;0;0;0;0;0;0;0;0;0;182;0;0;0;0;1;183;0;0;0;0;0;0;0;0;0;0;0;0;0;0;0;0;0;0;0;0;0;0;0;0;0;31;25;63;3;0;0;121;0;0;0;0;0;0;0;0;1;4.636;700;691;3;0;21;6.053;76;251;196;135;0;0;206;864;0;4;0
COOPERATIVA DE CRÉDITO DOS EMPRESÁRIOS EM TRANSPORTES RODOVIÁRIOS DE FRANCISCO BELTRÃO E REGIÃO - RODOCRÉDITO;10.311.218;b3S;I;2;;9;FRANCISCO BELTRAO;PR;09/2012;7.216;0;45;41;27;0;0;0;114;19;747;213;63;0;0;0;1.042;0;32;31;5;0;0;0;68;0;10;54;0;0;0;0;64;0;5;15;11;0;0;0;30;55;1.133;797;265;0;0;0;2.251;0;0;0;0;0;0;0;0;92;1.063;1.431;630;0;0;0;3.216;32;147;188;58;0;0;0;426;0;6;0
COOPERATIVA DE CRÉDITO DE LIVRE ADMISSÃO CAMPOS DA MANTIQUEIRA LTDA. - SICOOB CREDICAMPO;21.661.202;b3S;I;2;;9;ENTRE RIOS DE MINAS;MG;09/2012;7.205;0;0;0;0;0;0;0;0;2;719;370;81;0;0;63;1.234;0;18;17;33;13;0;5;87;0;0;0;0;0;0;0;0;0;14;18;24;0;0;9;65;154;1.555;1.267;936;80;0;313;4.307;0;0;0;0;0;0;0;0;0;193;176;326;5;0;45;745;23;221;267;208;0;0;44;763;0;5;0
COOPERATIVA DE CRÉDITO DA REGIÃO DE ARAXÁ LTDA. - SICOOB CREDIARA;66.398.496;b3S;I;2;;9;ARAXA;MG;09/2012;7.137;43;105;26;91;0;0;88;353;3;597;268;369;45;0;330;1.613;9;83;61;52;0;0;59;263;0;0;0;0;0;0;0;0;0;0;0;0;0;0;0;0;46;680;716;885;93;0;668;3.089;0;0;0;0;0;0;0;0;2;76;120;203;56;0;35;493;42;297;301;458;112;10;96;1.317;0;10;0
COOPERATIVA DE CRÉDITO DE LIVRE ADMISSÃO DAS REGIÕES SUDOESTE, SUL E OESTE DE GOIÁS;3.047.549;b3S;I;2;;9;RIO VERDE;GO;09/2012;7.128;0;0;0;0;0;0;0;0;0;46;52;38;0;0;0;136;3;16;32;1;0;0;0;51;0;0;0;0;0;0;0;0;0;8;97;0;0;0;0;105;161;729;931;714;183;0;0;2.718;0;0;0;0;0;0;0;0;0;32;86;76;0;0;0;194;0;802;1.165;1.506;444;0;0;3.917;0;6;0
COOPERATIVA DE CREDITO DE LIVRE ADMISSAO DE PITANGUI E REGIAO LTDA. - SICOOB CREDPIT;4.181.542;b3S;I;2;;9;PITANGUI;MG;09/2012;7.098;0;0;0;0;0;0;0;0;39;347;351;171;0;0;36;943;0;81;71;0;0;0;9;161;0;54;0;0;0;0;0;54;0;22;138;0;0;0;20;180;14;1.535;1.831;868;22;0;355;4.626;0;0;0;0;0;0;0;0;1;161;293;119;0;0;61;634;3;141;199;104;12;0;33;492;0;6;0
COOPERATIVA DE ECONOMIA E CRÉDITO MÚTUO DOS PROFISSIONAIS DA ÁREA DE SAÚDE DE JUNDIAÍ E REGIÃO - SICREDI JUNDIAÍ SUDESTE;4.167.614;b3S;I;2;;9;JUNDIAI;SP;09/2012;7.098;0;0;0;0;0;0;0;0;30;378;216;165;6;0;1;796;0;31;30;13;0;0;1;74;0;4;0;0;0;0;0;4;0;0;0;0;0;0;0;0;87;781;418;431;48;0;22;1.787;0;0;0;0;0;0;0;0;0;90;66;55;0;0;0;212;243;1.752;1.059;1.014;132;0;14;4.213;0;12;0
CENTRAL DAS COOPERATIVAS DE CREDITO DO ESTADO DO PARANÁ - SICOOB CENTRAL PARANÁ;5.036.532;b3C;I;2;;9;MARINGA;PR;09/2012;7.024;0;0;0;0;0;0;0;0;0;0;0;0;0;0;0;0;0;0;0;0;0;0;0;0;0;0;0;0;0;0;0;0;0;0;0;0;0;0;0;0;0;0;0;0;0;0;0;0;0;0;0;0;0;0;0;0;0;0;0;0;0;0;0;0;0;5.105;1.919;0;0;0;0;7.024;0;0;0
COOPERATIVA DE CRÉDITO DE LIVRE ADMISSÃO DO SUL DE MINAS LTDA.   UNICRED ITAJUBÁ;1.673.891;b3S;I;2;;9;ITAJUBA;MG;09/2012;6.996;0;16;0;0;0;0;0;16;0;5;18;27;2;0;0;53;2;10;22;9;9;0;0;53;0;0;0;0;0;0;0;0;0;0;0;0;0;0;0;0;0;380;343;1.165;404;312;0;2.605;0;0;0;0;0;0;0;0;0;0;0;0;0;0;0;0;0;573;1.049;1.875;553;220;0;4.270;0;0;0
COOPERATIVA DE CRÉDITO DE LIVRE ADMISSÃO DE ASSOCIADOS DE IBIRUBÁ - SICREDI IBIRUBÁ RS;87.732.657;b3S;I;2;;9;IBIRUBA;RS;09/2012;6.942;1;1;3;1;0;0;0;6;0;1.426;321;90;3;0;1;1.841;6;30;76;18;0;0;0;129;0;0;0;0;0;0;0;0;0;0;0;0;0;0;0;0;67;1.900;1.223;465;67;4;19;3.745;0;0;0;0;0;0;0;0;0;167;452;263;21;0;0;902;8;93;114;89;6;0;7;317;0;2;0
CREFISA S.A.-CREDITO, FINANCIAMENTO E INVESTIMENTOS;60.779.196;n1;I;2;;14;SAO PAULO;SP;09/2012;6.893;0;0;0;0;0;0;0;0;1.083;541;0;0;0;0;0;1.625;0;0;0;0;0;0;0;0;0;0;0;0;0;0;0;0;0;0;0;0;0;0;0;0;612;883;263;0;0;0;0;1.758;0;0;0;0;0;0;0;0;99;258;250;0;0;0;0;606;24;1.483;1.104;292;0;0;0;2.904;0;0;0
COOPERATIVA DE CRÉDITO DE LIVRE ADMISSÃO DO VALE DO SÃO FRANCISCO LTDA. - UNICRED VALE DO SÃO FRANCISCO;4.237.413;b3S;I;2;;9;PETROLINA;PE;09/2012;6.883;0;0;0;0;0;0;0;0;0;153;163;183;16;0;0;514;0;5;14;11;0;0;0;30;0;0;0;0;0;0;0;0;0;0;0;0;0;0;0;0;24;501;458;418;39;0;0;1.440;0;0;0;0;0;0;0;0;0;14;5;8;0;0;0;28;12;1.222;1.473;1.876;288;0;0;4.871;0;1;0
COOPERATIVA DE ECONOMIA E CREDITO MUTUO DOS MEDICOS E DEMAIS PROFISSIONAIS DA SAUDE DE CRUZ ALTA LTDA;73.326.449;b3S;I;2;;9;CRUZ ALTA;RS;09/2012;6.810;0;0;0;0;0;0;0;0;0;8;0;0;4;0;0;13;0;0;474;0;0;0;0;474;0;0;0;0;0;0;0;0;0;0;0;0;0;0;0;0;34;558;352;409;323;1;0;1.677;0;0;0;0;0;0;0;0;1;196;73;539;824;5;0;1.639;2;817;1.327;732;113;13;0;3.005;0;3;0
COOPERATIVA DE CRÉDITO DE LIVRE ADMISSÃO DE ASSOCIADOS DE HOLAMBRA - SICREDI HOLAMBRA SP;57.647.653;b3S;I;2;;9;HOLAMBRA;SP;09/2012;6.798;0;54;103;98;20;0;0;274;11;319;64;54;22;1;0;472;1;60;95;47;0;0;0;204;0;0;0;0;0;0;0;0;0;0;0;0;0;0;0;0;59;1.645;758;998;173;0;10;3.642;0;0;0;0;0;0;0;0;2;219;199;295;79;0;1;795;21;530;348;383;115;0;6;1.402;0;8;0
COOPERATIVA DE CRÉDITO DE LIVRE ADMISSÃO DE ASSOCIADOS CAMPOS NOVOS ? SICOOB CREDICAMPOS SC;78.862.083;b3S;I;2;;9;CAMPOS NOVOS;SC;09/2012;6.756;0;5;17;7;0;0;0;29;9;282;51;350;16;0;22;729;0;53;30;43;2;0;4;133;0;0;0;0;0;0;0;0;0;0;194;175;88;0;1;458;311;1.023;1.708;832;211;0;207;4.292;0;0;0;0;0;0;0;0;4;92;108;285;135;21;14;659;18;122;76;197;8;0;24;445;0;12;0
SOCIALCRED S/A   SOCIEDADE DE CRÉDITO AO MICROEMPREENDEDOR E À EMPRESA DE PEQUENO PORTE;4.316.357;n1;I;2;;10;RIO DE JANEIRO;RJ;09/2012;6.725;0;0;0;0;0;0;0;0;89;4.580;193;15;0;0;0;4.877;0;5;14;12;0;0;0;31;0;0;0;0;0;0;0;0;0;0;0;0;0;0;0;0;3;1.036;219;31;0;0;0;1.289;0;0;0;0;0;0;0;0;0;5;11;0;0;0;0;17;11;216;150;55;0;0;0;433;0;78;0
COOPERATIVA DE CRÉDITO MÚTUO DOS EMPRESÁRIOS DE FRANCA E REGIÃO - CRED-ACIF;4.013.172;b3S;I;2;;9;FRANCA;SP;09/2012;6.716;0;6;0;0;0;0;0;6;222;1.265;187;45;0;0;141;1.861;0;223;21;11;0;0;6;260;0;67;0;0;0;0;8;75;0;0;0;0;0;0;0;0;313;1.818;765;121;1;0;317;3.335;0;0;0;0;0;0;0;0;0;4;12;13;0;0;3;32;2;547;419;104;5;0;55;1.132;0;15;0
COOPERATIVA DE CRÉDITO DE LIVRE ADMISSÃO DE ASSOCIADOS DO MÉDIO SUL BAIANO LTDA. - SICOOB COSTA DO DESCOBRIMENTO;1.205.736;b3S;I;2;;9;ITAMARAJU;BA;09/2012;6.632;0;190;177;0;0;0;20;387;133;378;74;28;0;0;57;671;9;266;34;14;0;0;14;337;0;66;0;0;0;0;5;71;0;0;0;0;0;0;0;0;542;1.966;837;184;9;0;299;3.836;0;0;0;0;0;0;0;0;27;443;63;37;0;0;23;593;23;422;135;71;21;0;58;730;0;7;0
COOPERATIVA DE CRÉDITO RURAL, DE PEQUENOS EMPRESÁRIOS, MICROEMPRESÁRIOS E MICROEMPREENDEDORES DE ESMERALDAS LTDA. - SICOOB CREDIESMERALDAS;68.512.748;b3S;I;2;;9;ESMERALDAS;MG;09/2012;6.562;0;121;240;209;0;0;24;595;2;313;63;22;0;0;70;470;3;191;62;12;0;0;32;300;0;20;11;17;0;0;5;53;33;163;37;59;0;0;3;294;139;1.183;485;534;16;0;567;2.924;0;0;0;0;0;0;0;0;81;55;149;392;63;0;13;752;3;222;266;508;38;0;135;1.172;0;1;0
COOPERATIVA DE CRÉDITO DOS EMPRESÁRIOS DA FOZ DO RIO ITAJAÍ-AÇU - CREDIFOZ;9.512.539;b3S;I;2;;9;ITAJAI;SC;09/2012;6.508;0;2;6;4;0;0;0;11;10;381;345;161;0;0;0;897;2;133;181;102;0;0;0;419;0;23;26;8;0;0;0;57;0;0;0;0;0;0;0;0;34;1.102;1.422;620;0;0;0;3.178;0;0;0;0;0;0;0;0;12;181;183;131;0;0;0;507;15;444;707;239;0;0;0;1.404;0;32;0
CENTRAL DAS COOPERATIVAS DE CRÉDITO DOS ESTADOS DE MATO GROSSO E MATO GROSSO DO SUL - SICOOB CENTRAL MT/MS;106.180;b3C;I;2;;9;CUIABA;MT;09/2012;6.498;0;0;0;0;0;0;0;0;0;0;0;0;0;0;0;0;0;0;0;0;0;0;0;0;0;0;0;0;0;0;0;0;0;0;0;0;0;0;0;0;0;0;0;0;0;0;0;0;0;0;0;0;0;0;0;0;0;0;0;0;0;0;0;0;0;1.466;4.632;400;0;0;0;6.498;0;0;0
COOPERATIVA DE CRÉDITO DE POMPÉU LTDA. - SICOOB CREDIPÉU;66.262.643;b3S;I;2;;9;POMPEU;MG;09/2012;6.475;0;49;97;169;3;0;54;372;0;363;1.289;576;25;0;48;2.301;1;18;60;123;0;0;0;202;0;3;2;2;0;0;0;8;0;9;184;401;0;0;2;596;0;425;700;996;69;99;62;2.351;0;0;0;0;0;0;0;0;0;36;73;111;0;0;25;246;0;61;139;159;0;0;36;395;0;5;0
COOPERATIVA DE ECONOMIA E CRÉDITO MÚTUO DOS MÉDICOS E DEMAIS PROFISSIONAIS DE NÍVEL SUPERIOR DA ÁREA DE SAÚDE  DE GUARULHOS - UNICRED DE GUARULHOS;2.250.794;b3S;I;2;;9;GUARULHOS;SP;09/2012;6.440;0;0;0;0;0;0;0;0;0;0;0;0;0;0;0;0;0;0;0;0;0;0;0;0;0;0;0;0;0;0;0;0;0;0;0;0;0;0;0;0;0;9;17;29;3;0;0;58;0;0;0;0;0;0;0;0;0;0;0;0;0;0;0;0;0;924;1.903;3.105;270;180;0;6.381;0;2;0
COOPERATIVA DE CRÉDITO RURAL CAZOLA;315.406;b3S;I;2;;9;LUCELIA;SP;09/2012;6.420;0;394;14;0;0;0;32;439;13;669;141;0;0;0;139;961;1;0;0;0;0;0;127;129;0;0;0;0;0;0;0;0;0;0;0;0;0;0;0;0;28;1.960;588;0;0;0;586;3.161;0;0;0;0;0;0;0;0;0;99;0;0;0;0;52;151;1;1.300;204;0;0;0;68;1.572;0;6;0
COOPERATIVA DE CRÉDITO DE LIVRE ADMISSÃO DO NORDESTE DE MINAS GERAIS E SUL DA BAHIA LTDA - SICOOB CREDINORTE;64.276.058;b3S;I;2;;9;NANUQUE;MG;09/2012;6.417;0;126;659;48;0;0;18;850;0;326;255;84;11;0;19;695;43;51;46;0;0;0;10;150;0;0;0;0;0;0;0;0;0;0;0;0;0;0;0;0;14;2.013;1.431;148;28;0;343;3.977;0;0;0;0;0;0;0;0;0;84;57;57;0;0;10;207;0;178;141;181;18;0;15;532;0;4;0
COOPERATIVA DE CRÉDITO DE LIVRE ADMISSÃO DA REGIÃO DE FRUTAL LTDA - SICOOB FRUTAL;71.419.600;b3S;I;2;;9;FRUTAL;MG;09/2012;6.413;0;24;47;36;0;0;11;119;0;49;1;0;0;0;5;55;45;16;3;0;0;0;31;95;0;8;16;25;0;0;0;48;0;10;0;0;0;0;4;13;71;1.097;2.624;312;14;2;332;4.451;0;0;0;0;0;0;0;0;1;223;144;271;93;0;60;792;1;258;167;225;128;0;55;834;0;6;0
LANDER   SOCIEDADE DE CRÉDITO AO MICROEMPREENDEDOR E À EMPRESA DE PEQUENO PORTE LTDA.;10.569.750;n1;I;2;;10;SAO JOSE;SC;09/2012;6.408;0;0;0;0;0;0;0;0;864;784;11;0;0;0;0;1.658;206;683;55;0;0;0;0;944;2;157;44;0;0;0;0;203;1;216;14;0;0;0;0;230;566;1.459;225;154;0;0;0;2.404;0;0;0;0;0;0;0;0;3;139;7;0;0;0;0;150;55;533;24;0;0;0;0;612;0;207;0
COOPERATIVA DE CRÉDITO DE LIVRE ADMISSÃO DO VALE DO ARAGUAIA LTDA.;24.830.879;b3S;I;2;;9;MINEIROS;GO;09/2012;6.287;0;0;0;0;0;0;0;0;7;960;1.137;248;11;0;0;2.363;0;50;0;0;0;0;2;52;0;0;0;0;0;0;0;0;0;0;0;0;0;0;0;0;64;1.862;979;180;0;0;71;3.156;0;1;2;0;0;0;0;3;0;55;11;9;0;0;1;77;0;303;271;28;0;0;34;637;0;1;0
COOPERATIVA DE CRÉDITO DE LIVRE ADMISSÃO DE JI-PARANÁ E REGIÃO LTDA.;5.007.327;b3S;I;2;;9;JI-PARANA;RO;09/2012;6.261;0;0;0;0;0;0;0;0;0;243;373;0;0;0;0;616;0;77;141;33;0;0;0;250;0;0;0;0;0;0;0;0;0;0;0;0;0;0;0;0;0;1.382;603;166;0;0;0;2.151;0;0;0;0;0;0;0;0;0;0;203;0;0;0;0;203;30;1.691;866;421;31;0;0;3.039;0;2;0
COOPERATIVA DE CRÉDITO DE LIVRE ADMISSÃO DO CIRCUITO DAS MALHAS LTDA. - SICOOB CREDMALHAS;3.941.182;b3S;I;2;;9;MONTE SIAO;MG;09/2012;6.152;0;0;0;0;0;0;0;0;95;1.472;518;294;212;139;690;3.420;1;2;1;0;0;0;0;4;0;0;0;0;0;0;0;0;0;0;0;0;0;0;0;0;43;909;290;319;28;0;527;2.116;0;0;0;0;0;0;0;0;1;250;34;35;0;0;95;416;8;51;51;48;7;0;20;185;0;12;0
COOPERATIVA DE CRÉDITO DE LIVRE ADMISSÃO DA REGIÃO DE CARMO DO PARANAÍBA LTDA - SICOOB CREDICARPA;23.949.522;b3S;I;2;;9;CARMO DO PARANAIBA;MG;09/2012;6.093;0;30;0;0;0;0;10;40;0;429;626;229;0;0;83;1.367;0;5;20;0;0;0;0;25;0;0;0;0;0;0;0;0;0;0;0;0;0;0;0;0;1;1.966;1.273;414;0;0;171;3.824;0;0;0;0;0;0;0;0;0;100;143;75;11;0;24;353;2;124;245;104;0;0;7;481;0;3;0
COOPERATIVA DE CRÉDITO DE LIVRE ADMISSÃO DE ASSOCIADOS DE PANAMBI - SICREDI PANAMBI RS;91.983.155;b3S;I;2;;9;PANAMBI;RS;09/2012;6.075;0;0;203;0;0;0;0;203;57;371;427;376;27;0;6;1.264;0;37;110;200;0;0;0;348;0;0;0;0;0;0;0;0;0;0;0;0;0;0;0;0;51;1.066;1.601;286;36;0;7;3.048;0;0;0;0;0;0;0;0;150;188;72;130;40;0;6;585;30;123;291;169;1;0;2;616;0;12;0
COOPERATIVA DE CRÉDITO RURAL DO LITORAL VALE DO ITAJAÍ E NORTE CATARINENSE - CREDIALVES;4.430.100;b3S;I;2;;9;LUIZ ALVES;SC;09/2012;6.062;56;38;104;212;210;781;0;1.402;399;1.718;341;140;20;85;303;3.005;9;0;0;0;0;0;0;9;0;0;0;0;0;0;0;0;0;0;0;0;0;0;0;0;2;337;76;65;1;0;31;512;0;0;0;0;0;0;0;0;8;360;44;45;0;0;28;485;6;29;75;158;133;231;16;647;0;2;0
COOPERATIVA DE CRÉDITO DE LIVRE ADMISSÃO DE ASSOCIADOS DE COLORADO E REGIÃO - SICOOB COLORADO;11.610.996;b3S;I;2;;9;COLORADO;PR;09/2012;6.028;0;0;0;0;0;0;0;0;14;428;292;243;0;0;53;1.030;0;4;5;6;0;0;0;15;0;0;0;0;0;0;0;0;0;0;0;0;0;0;0;0;20;1.495;606;577;10;0;445;3.152;0;0;0;0;0;0;0;0;4;352;361;591;10;0;48;1.365;31;59;47;290;0;0;34;461;0;4;0
COOPERATIVA DE CRÉDITO RURAL DE GUARANI LTDA - SICOOB GUARANICREDI;26.014.175;b3S;I;2;;9;GUARANI;MG;09/2012;6.027;0;13;18;14;0;0;0;45;0;1.285;479;703;122;145;145;2.880;0;89;48;0;0;0;10;148;0;0;0;0;0;0;0;0;0;0;0;0;0;0;2;2;24;735;549;820;157;0;353;2.638;0;0;0;0;0;0;0;0;0;11;17;64;21;0;50;164;0;36;74;24;0;0;14;148;0;3;0
COOPERATIVA DE ECONOMIA E CRÉDITO MÚTUO DOS MÉDICOS E DEMAIS PROFISSIONAIS DA ÁREA DE SAÚDE DE NÍVEL SUPERIOR DE JUIZ DE FORA LTDA. - UNICRED JUIZ DE FORA;71.479.653;b3S;I;2;;9;JUIZ DE FORA;MG;09/2012;6.020;0;0;0;0;0;0;0;0;0;0;0;0;0;0;0;0;0;0;0;0;0;0;0;0;0;0;0;0;0;0;0;0;0;0;0;0;0;0;0;0;0;3;8;28;39;0;0;78;0;0;0;0;0;0;0;0;0;0;0;0;0;0;0;0;34;749;1.638;2.378;860;283;0;5.941;0;1;0
COOPERATIVA DE CRÉDITO DE LIVRE ADMISSÃO DE ASSOCIADOS DE INDAIAL - SC;8.083.363;b3S;I;2;;9;INDAIAL;SC;09/2012;5.994;0;0;0;0;0;0;0;0;42;831;414;533;115;1;81;2.018;158;161;112;113;0;0;32;576;0;0;0;0;0;0;0;0;0;0;0;0;0;0;0;0;47;960;826;293;37;0;129;2.291;0;0;0;0;0;0;0;0;0;126;152;175;0;0;8;462;8;104;303;173;0;0;55;642;0;5;0
COOPERATIVA DE ECONOMIA E CREDITO MUTUO DOS LOJISTAS DO VESTUARIO E CONFECÇÕES DE RONDONOPOLIS - CREDLOJA;5.247.312;b3S;I;2;;9;RONDONOPOLIS;MT;09/2012;5.846;0;0;0;0;0;0;0;0;35;368;609;147;23;0;13;1.195;0;76;25;41;3;0;0;146;0;0;0;0;0;0;0;0;0;0;0;0;0;0;0;0;67;1.951;719;540;56;0;105;3.439;0;0;0;0;0;0;0;0;1;25;37;39;9;294;5;410;28;290;173;118;18;0;24;650;0;7;0
COOPERATIVA DE CRÉDITO DE LIVRE ADMISSÃO MÉDIO OESTE - SICOOB MÉDIO OESTE;7.318.874;b3S;I;2;;9;ASSIS CHATEAUBRIAND;PR;09/2012;5.810;0;0;0;0;0;0;0;0;4;463;318;116;26;0;39;967;0;0;0;0;0;0;0;0;0;0;0;0;0;0;0;0;0;0;0;0;0;0;0;0;12;1.433;1.515;1.188;99;1;225;4.473;0;0;0;0;0;0;0;0;0;37;38;0;0;0;0;75;2;65;111;88;8;0;18;291;0;4;0
COOPERATIVA DE ECONOMIA E CREDITO MUTUO DOS MEDICOS, PROFISSIONAIS DA SAUDE E DEMAIS PROFISSIONAIS LIBERAIS DO VALE DO SINOS LTDA;1.796.302;b3S;I;2;;9;NOVO HAMBURGO;RS;09/2012;5.769;0;0;0;0;0;0;0;0;36;31;83;177;19;0;0;346;0;2;0;0;0;0;0;2;0;0;0;0;0;0;0;0;0;0;0;0;0;0;0;0;34;233;388;332;4;0;0;991;0;0;0;0;0;0;0;0;0;0;0;0;0;0;0;0;8;848;1.193;1.899;416;63;0;4.428;0;1;0
COOPERATIVA DE ECONOMIA E CRÉDITO MÚTUO DOS EMPRESÁRIOS DE RIO CLARO - SICOOB CREDIACIRC;9.527.069;b3S;I;2;;9;RIO CLARO;SP;09/2012;5.738;0;0;0;0;0;0;0;0;30;508;349;115;2;0;30;1.034;0;15;7;3;0;0;0;24;0;0;0;0;0;0;0;0;0;0;0;0;0;0;0;0;52;1.520;1.108;637;7;0;218;3.541;0;0;0;0;0;0;0;0;0;10;30;0;0;0;0;40;7;393;402;228;2;0;61;1.094;0;5;0
COOPERATIVA DE CRÉDITO RURAL DE ROLIM DE MOURA LTDA.;3.985.375;b3S;I;2;;9;ROLIM DE MOURA;RO;09/2012;5.727;0;0;0;0;0;0;0;0;346;167;69;16;0;0;0;598;6;679;29;0;0;0;0;715;0;0;0;0;0;0;0;0;0;0;0;0;0;0;0;0;211;2.579;480;34;0;0;0;3.304;0;0;0;0;0;0;0;0;0;648;14;0;0;0;0;661;5;392;34;11;0;0;0;443;0;6;0
COOPERATIVA DE ECONOMIA E CRÉDITO MÚTUO DOS INTEGRANTES DAS CARREIRAS JURÍDICAS DO ESTADO DE MATO GROSSO DO SUL - SICREDI JURÍDICA/MS;2.320.791;b3S;I;3;;9;CAMPO GRANDE;MS;09/2012;5.697;0;9;66;62;0;0;0;137;32;1.257;197;75;0;0;2;1.563;0;8;30;22;7;0;0;68;0;0;0;0;0;0;0;0;0;0;0;0;0;0;0;0;270;748;490;214;3;0;17;1.742;0;0;0;0;0;0;0;0;8;189;102;59;0;0;3;361;29;543;775;469;1;0;5;1.823;0;4;0
COOPERATIVA DE CREDITO DE LIVRE ADMISSAO DE RUBIATABA E REGIAO LTDA;73.422.792;b3S;I;2;;9;RUBIATABA;GO;09/2012;5.694;0;0;0;202;266;0;0;467;0;408;208;231;15;0;532;1.395;0;10;0;0;0;0;0;10;0;0;0;0;0;0;0;0;0;5;0;0;0;0;15;20;2;567;352;533;53;0;989;2.496;0;0;0;0;0;0;0;0;0;486;263;145;2;1;103;1.000;0;145;62;50;0;0;49;305;0;0;0
COOPERATIVA DE CRÉDITO DE MONTE CARMELO E REGIÃO LTDA. - SICOOB MONTECREDI;71.392.047;b3S;I;2;;9;MONTE CARMELO;MG;09/2012;5.651;0;274;46;0;0;0;44;364;0;894;311;116;39;0;161;1.521;0;146;117;59;0;0;0;322;0;0;0;0;0;0;0;0;0;0;0;0;0;0;0;0;56;1.252;602;416;120;0;181;2.628;0;0;0;0;0;0;0;0;0;439;99;175;0;0;25;737;0;20;36;20;0;0;2;78;0;1;0
INFOCRERJ - COOPERATIVA DE ECONOMIA E CRÉDITO MÚTUO DOS PROFISSIONAIS DE INFORMÁTICA DA REGIÃO METROPOLITANA DO RIO DE JANEIRO;4.120.633;b3S;I;2;;9;RIO DE JANEIRO;RJ;09/2012;5.582;0;0;0;0;0;0;0;0;0;0;0;0;0;0;0;0;8;133;0;0;0;0;0;141;0;0;0;0;0;0;0;0;0;0;0;0;0;0;0;0;23;702;199;34;0;0;45;1.004;0;0;0;0;0;0;0;0;0;0;0;0;0;0;0;0;113;2.394;749;596;395;0;188;4.436;0;1;0
COOPERATIVA DE CRÉDITO RURAL DA REGIÃO DA MOGIANA;62.109.566;b3S;I;2;;9;SAO JOAO DA BOA VISTA;SP;09/2012;5.434;0;3;3;0;0;911;0;917;204;606;231;2;0;0;0;1.043;0;0;41;0;0;0;0;41;0;54;0;0;0;0;0;54;0;20;0;0;0;0;0;20;100;1.736;1.016;85;13;0;0;2.950;0;0;0;0;0;0;0;0;1;26;23;9;5;16;0;80;34;178;97;2;0;0;0;311;0;19;0
COOPERATIVA DE CRÉDITO DOS PROFISSIONAIS DA SAÚDE, PEQUENOS EMPRESÁRIOS, MICROEMPRESÁRIOS E MICROEMPREENDEDORES DE RIO CLARO LTDA   UNICRED RIO CLARO;1.259.518;b3S;I;2;;9;RIO CLARO;SP;09/2012;5.369;0;0;0;0;0;0;0;0;2;118;111;221;96;48;0;597;0;62;44;34;0;0;0;140;0;0;0;0;0;0;0;0;0;0;0;0;0;0;0;0;6;436;395;480;220;232;0;1.769;0;0;0;0;0;0;0;0;8;105;154;251;34;0;0;551;2;498;462;824;483;35;0;2.304;0;6;0
COOPERATIVA DE CRÉDITO RURAL DA REGIÃO SUL DO MARANHÃO - SICOOB CREDISUL;9.403.026;b3S;I;2;;9;GRAJAU;MA;09/2012;5.347;0;0;0;0;0;0;2;2;26;779;15;0;0;0;36;856;3;125;0;0;0;0;53;181;0;0;0;0;0;0;0;0;0;258;0;0;0;0;18;276;423;1.642;419;235;71;94;521;3.405;0;0;0;0;0;0;0;0;10;26;5;21;0;0;37;99;127;92;66;51;0;0;189;524;0;4;0
COOPERATIVA DE CRÉDITO DE LIVRE ADMISSÃO DA REGIÃO CENTRAL DO ESTADO DE SÃO PAULO - SICREDI CENTRO PAULISTA SP;3.974.280;b3S;I;2;;9;BAURU;SP;09/2012;5.325;0;19;37;16;0;0;0;71;0;0;0;0;0;0;0;0;0;76;189;13;0;0;0;277;0;0;0;0;0;0;0;0;0;0;0;0;0;0;0;0;288;376;262;365;240;20;2;1.552;0;0;0;0;0;0;0;0;0;0;0;0;0;0;0;0;4;839;1.071;1.131;327;47;1;3.420;0;4;0
CENTRAL DAS COOPERATIVAS DE CRÉDITO DO NORDESTE - SICOOB CENTRAL NE;70.116.611;b3C;I;2;;9;CABEDELO;PB;09/2012;5.304;0;0;0;0;0;0;0;0;0;0;0;0;0;0;0;0;0;0;0;0;0;0;0;0;0;0;0;0;0;0;0;0;0;0;0;0;0;0;0;0;0;0;0;0;0;0;0;0;0;0;0;0;0;0;0;0;0;0;0;0;0;0;0;0;107;1.026;3.184;987;0;0;0;5.304;0;0;0
COOPERATIVA DE CRÉDITO DOS DISTRIBUIDORES E ATACADISTAS DA REGIÃO METROPOLITANA DE GOIÂNIA LTDA.;10.209.619;b3S;I;2;;9;GOIANIA;GO;09/2012;5.279;0;0;0;0;0;0;0;0;9;693;225;158;12;0;60;1.157;0;20;100;0;0;0;5;124;0;0;0;0;0;0;0;0;0;0;0;0;0;0;0;0;0;1.879;680;209;0;0;45;2.814;0;0;0;0;0;0;0;0;0;42;85;100;0;0;5;232;0;487;262;129;0;0;72;951;0;1;0
COOPERATIVA DE CRÉDITO RURAL DO VALE DO URUPA LTDA - CREDIRON;2.049.217;b3S;I;2;;9;OURO PRETO DO OESTE;RO;09/2012;5.175;0;0;0;0;0;0;0;0;2;452;81;20;0;0;0;555;73;524;42;15;0;0;0;654;0;0;0;0;0;0;0;0;0;0;0;0;0;0;0;0;190;1.858;278;5;0;0;0;2.330;0;0;0;0;0;0;0;0;82;146;18;38;21;0;0;304;616;401;229;79;0;0;0;1.325;0;6;0
COOPERATIVA DE CRÉDITO RURAL DO SEMIÁRIDO DA BAHIA LTDA. - SICOOB COOPERE;73.398.646;b3S;I;2;;9;VALENTE;BA;09/2012;5.120;0;0;0;0;0;0;0;0;46;1.259;173;184;0;0;170;1.832;0;10;4;4;0;0;0;17;0;0;0;0;0;0;0;0;0;0;0;0;0;0;0;0;99;1.654;458;311;41;0;161;2.723;0;0;0;0;0;0;0;0;2;30;61;99;0;0;0;192;3;168;79;66;0;0;25;341;0;14;0
COOPERATIVA DE ECONOMIA E CRÉDITO MÚTUO DOS EMPRESÁRIOS DE PIRACICABA - SICOOB COOPCRED;8.702.520;b3S;I;2;;9;PIRACICABA;SP;09/2012;5.104;0;0;0;0;0;0;0;0;25;360;118;61;0;0;70;635;85;0;0;0;0;0;30;115;0;0;0;0;0;0;0;0;0;0;0;0;0;0;0;0;752;1.202;304;106;0;0;425;2.789;0;0;0;0;0;0;0;0;12;113;47;89;1;0;11;274;123;628;206;136;10;0;185;1.288;0;3;0
COOPERATIVA DE CREDITO DE LIVRE ADMISSAO DO CENTRO NORDESTE MINEIRO LTDA - SICOOB CREDICENM;2.173.447;b3S;I;2;;9;GUANHAES;MG;09/2012;5.095;0;0;0;0;0;0;3;3;0;612;217;44;0;0;84;957;0;17;16;0;0;0;19;52;0;0;0;0;0;0;0;0;0;0;0;0;0;0;0;0;2;2.036;443;214;0;0;659;3.354;0;0;0;0;0;0;0;0;1;447;128;0;0;0;41;616;1;37;37;10;0;0;20;105;0;9;0
UNICRED CARIRI - COOPERATIVA DE ECONOMIA E CRÉDITO MÚTUO DOS  MÉDICOS E DEMAIS PROFISSIONAIS DA SAÚDE DA REGIÃO DO CARIRI LTDA.;86.913.993;b3S;I;2;;9;JUAZEIRO DO NORTE;CE;09/2012;5.088;0;0;0;0;0;0;0;0;0;64;119;142;27;0;0;352;0;40;109;172;10;0;0;331;0;0;0;0;0;0;0;0;0;1;2;0;0;0;0;2;177;145;366;639;357;140;0;1.825;0;0;0;0;0;0;0;0;0;0;0;0;0;0;0;0;4;604;919;921;126;3;0;2.575;0;3;0
COOPERATIVA DE CRÉDITO DE LIVRE ADMISSÃO DE ASSOCIADOS DO SUDOESTE BAIANO - SICOOB CREDICONQUISTA;2.282.165;b3S;I;2;;9;VITORIA DA CONQUISTA;BA;09/2012;5.082;15;104;190;74;0;0;15;398;21;447;75;43;0;0;19;606;103;357;24;0;0;0;12;497;0;0;0;0;0;0;0;0;0;2;0;0;0;0;1;4;121;1.581;831;231;0;0;364;3.129;0;0;0;0;0;0;0;0;0;0;0;0;0;0;2;2;16;224;140;31;0;0;29;439;0;7;0
COOPERATIVA DE CREDITO RURAL DE PEDRO LEOPOLDO LTDA. - SICOOB CREDIPEL;71.441.406;b3S;I;2;;9;PEDRO LEOPOLDO;MG;09/2012;5.066;0;0;0;0;0;0;48;48;18;457;126;72;14;0;360;1.047;0;72;145;357;2;0;910;1.486;0;0;0;0;0;0;0;0;0;77;151;32;0;0;49;309;5;155;212;363;0;0;186;922;0;0;0;0;0;0;0;0;0;13;17;39;20;0;2;90;0;207;352;298;0;0;306;1.164;0;2;0
COOPERATIVA DE CRÉDITO DE LIVRE ADMISSÃO DA SERRA GERAL DE MINAS LTDA. - CREDIGERAIS;2.804.469;b3S;I;2;;9;JANAUBA;MG;09/2012;4.975;0;0;0;0;0;0;0;0;123;318;162;184;0;0;27;814;0;0;0;0;0;0;1;1;0;0;0;0;0;0;0;0;0;0;0;0;0;0;0;0;215;1.559;947;576;3;0;327;3.628;0;0;0;0;0;0;0;0;0;52;28;0;0;0;5;86;1;130;109;160;11;0;29;440;0;7;0
COOPERATIVA DE ECONOMIA E CRÉDITO MÚTUO DOS COMERCIANTES DE CONFECÇÕES DO VESTUÁRIO DE ITAJUBÁ LTDA.;4.079.285;b3S;I;2;;9;ITAJUBA;MG;09/2012;4.935;0;0;0;0;0;0;0;0;15;159;100;53;0;0;5;331;12;38;82;48;0;0;31;211;0;0;0;0;0;0;0;0;0;5;9;3;0;0;0;17;1;1.758;1.048;696;4;0;225;3.733;0;0;0;0;0;0;0;0;0;99;0;0;0;0;10;109;0;125;176;205;0;0;25;531;0;3;0
COOPERATIVA DE CRÉDITO DE LIVRE ADMISSÃO DA REGIÃO DE ITAÚNA LTDA. - SICOOB CREDIUNA;64.237.530;b3S;I;2;;9;ITAUNA;MG;09/2012;4.924;0;0;0;0;0;0;0;0;1;521;256;224;3;0;33;1.037;0;332;14;17;0;0;0;363;0;0;0;0;0;0;0;0;0;0;0;0;0;0;0;0;34;595;597;908;72;0;176;2.381;0;0;0;0;0;0;0;0;9;198;252;163;27;0;24;671;0;90;151;208;2;0;16;468;0;3;0
COOPERATIVA DE CRÉDITO DE LIVRE ADMISSÃO DA REGIÃO DO ALTO SERTÃO PARAIBANO LTDA. - UNICRED ALTO SERTÃO PARAIBANO;9.343.038;b3S;I;2;;9;SOUSA;PB;09/2012;4.881;0;113;113;120;0;0;0;346;0;273;97;45;0;0;0;415;3;62;49;25;0;0;0;140;0;34;0;0;0;0;0;34;0;0;0;0;0;0;0;0;21;1.948;623;339;1;0;0;2.933;1;2;6;12;0;0;0;20;0;63;66;83;0;0;0;211;3;312;357;105;0;0;0;777;0;4;0
COOPERATIVA DE CRÉDITO DE LIVRE ADMISSÃO DE ASSOCIADOS DO SERTÃO BAIANO - SICOOB SERTÃO;2.057.584;b3S;I;2;;9;PINTADAS;BA;09/2012;4.859;0;0;0;0;0;0;0;0;4;77;453;121;15;0;14;684;0;4;5;1;0;0;1;11;0;0;0;0;0;0;0;0;0;0;0;0;0;0;0;0;60;1.140;615;477;67;0;211;2.571;0;0;0;0;0;0;0;0;25;51;41;21;0;0;6;144;45;498;250;284;162;136;65;1.441;0;7;0
COOPERATIVA DE ECONOMIA E CRÉDITO MÚTUO DOS PEQUENOS EMPRESÁRIOS, MICROEMPRESÁRIOS E MICROEMPREENDEDORES DA BAIXADA CUIABANA;8.742.188;b3S;I;2;;9;CUIABA;MT;09/2012;4.836;0;64;0;0;0;0;0;64;16;348;138;174;0;0;60;736;8;48;25;0;0;0;35;116;0;0;0;0;0;0;0;0;0;0;0;0;0;0;0;0;91;916;172;58;0;0;486;1.724;0;0;0;0;0;0;0;0;2;97;53;73;0;0;18;242;44;1.054;215;175;17;0;442;1.946;0;8;0
COOPERATIVA DE CRÉDITO DOS PEQUENOS EMPRESÁRIOS, MICROEMPRESÁRIOS E MICROEMPREENDEDORES DO NORTE DE MINAS LTDA - SICOOB CREDINOSSO;6.324.872;b3S;I;2;;9;MONTES CLAROS;MG;09/2012;4.823;0;0;0;0;0;0;0;0;23;206;64;113;0;0;105;512;11;23;60;195;0;0;55;345;0;0;0;0;0;0;0;0;0;0;0;0;0;0;0;0;57;1.091;381;471;0;0;384;2.384;0;0;0;0;0;0;0;0;0;80;175;453;4;0;49;760;20;191;170;222;0;0;212;815;0;8;0
COOPERATIVA DE CREDITO DO VALE DO GORUTUBA LTDA - SICOOB CREDIVAG;25.404.542;b3S;I;2;;9;JANAUBA;MG;09/2012;4.797;0;124;8;12;0;0;3;147;0;235;103;49;0;0;34;422;0;57;33;67;0;0;3;159;0;4;9;2;0;0;4;19;0;22;0;0;0;0;0;22;74;1.189;559;203;0;0;992;3.017;0;0;0;0;0;0;0;0;12;88;52;82;0;0;11;245;1;309;222;188;0;0;37;757;0;8;0
COOPERATIVA DE ECONOMIA E CRÉDITO MÚTUO DOS COMERCIANTES DE CONFECÇÕES DO SERTÃO DE MINAS GERAIS LTDA. - SICOOB SERTÃO MINAS;1.667.352;b3S;I;2;;9;PIRAPORA;MG;09/2012;4.752;19;340;285;80;0;0;35;760;13;424;113;14;0;0;21;585;23;43;93;0;0;0;30;189;0;0;0;0;0;0;0;0;0;35;98;21;0;0;0;155;83;886;513;260;0;0;242;1.984;0;0;0;0;0;0;0;0;1;193;193;108;0;0;145;641;11;194;145;43;0;0;39;432;0;6;0
COOPERATIVA DE CREDITO DE MARTINHO CAMPOS LTDA - SICOOB CREDIMAC;64.480.833;b3S;I;2;;9;MARTINHO CAMPOS;MG;09/2012;4.722;0;81;127;228;140;0;63;639;1;116;238;121;7;0;17;501;0;7;19;49;25;0;0;100;0;0;0;0;0;0;0;0;0;40;52;102;83;0;0;277;2;191;139;207;96;0;28;662;0;0;0;0;0;0;0;0;10;209;484;438;31;0;2;1.175;0;287;572;366;99;0;42;1.366;0;2;0
COOPERATIVA DE CRÉDITO DE LIVRE ADMISSÃO DA REGIÃO DE GUAXUPÉ LTDA. - SICOOB ACICREDI;1.699.652;b3S;I;2;;9;GUAXUPE;MG;09/2012;4.680;0;0;0;0;0;0;0;0;96;536;349;128;13;0;60;1.183;0;143;40;9;0;0;6;198;0;0;0;0;0;0;0;0;0;0;0;0;0;0;0;0;113;1.330;1.050;141;0;0;143;2.778;0;0;0;0;0;0;0;0;1;9;1;0;0;0;0;12;5;252;190;13;0;0;21;481;0;28;0
COOPERATIVA DE CRÉDITO REGIONAL DE CAMPO BELO LTDA -SICOOB CREDIBELO;71.237.184;b3S;I;2;;9;CAMPO BELO;MG;09/2012;4.678;0;0;0;0;0;0;0;0;66;521;162;70;17;3;159;998;0;0;20;156;0;0;4;180;0;0;0;0;0;0;0;0;0;0;0;0;0;0;0;0;129;1.173;449;383;37;5;765;2.941;0;0;0;0;0;0;0;0;43;53;14;72;0;0;90;272;8;83;62;17;4;1;105;280;0;5;0
COOPERATIVA DE CRÉDITO DE LIVRE ADMISSÃO DE ASSOCIADOS DA REGIÃO DOS VALES DE GOIÁS;1.816.701;b3S;I;3;;9;QUIRINOPOLIS;GO;09/2012;4.658;0;110;264;3;0;0;0;377;5;376;225;100;5;0;2;713;0;141;99;13;0;0;0;254;0;0;0;0;0;0;0;0;0;0;0;0;0;0;0;0;81;1.468;699;306;61;0;7;2.622;0;0;0;0;0;0;0;0;0;77;187;35;0;0;0;298;74;165;77;59;9;0;5;389;0;4;0
COOPERATIVA DE CRÉDITO DOS MÉDICOS E DEMAIS PROFISSIONAIS DA SAÚDE DO SUL DE MINAS LTDA. - UNICRED SUL DE MINAS;71.418.784;b3S;I;2;;9;VARGINHA;MG;09/2012;4.630;0;4;0;117;154;84;0;358;0;0;0;0;0;0;0;0;0;15;37;128;124;26;0;331;0;0;0;0;0;0;0;0;0;0;0;0;0;0;0;0;0;40;35;72;81;20;0;248;0;0;0;0;0;0;0;0;0;0;0;0;0;0;0;0;0;379;671;1.337;932;373;0;3.692;0;1;0
COOPERATIVA DE CREDITO DE LIVRE ADMISSÃO DO NORDESTE DE MINAS GERAIS LTDA - SICOOB CARLOS CHAGAS;41.753.500;b3S;I;2;;9;CARLOS CHAGAS;MG;09/2012;4.627;0;29;0;0;0;0;4;33;0;316;106;360;0;0;68;850;0;19;34;0;0;0;33;86;0;0;0;0;0;0;0;0;0;0;0;0;0;0;0;0;8;1.572;688;327;6;0;346;2.947;0;0;0;0;0;0;0;0;0;3;9;4;0;0;0;16;4;284;206;139;0;0;55;688;0;6;0
COOPERATIVA DE CRÉDITO RURAL DOS PLANTADORES DE CANA DA REGIÃO DE CAPIVARI;49.389.307;b3S;I;2;;9;CAPIVARI;SP;09/2012;4.609;0;478;810;23;0;0;8;1.318;0;267;896;123;0;0;20;1.306;0;100;0;0;0;0;0;100;0;0;0;0;0;0;0;0;0;0;0;0;0;0;0;0;0;228;972;26;0;0;35;1.261;0;0;0;0;0;0;0;0;0;342;35;3;0;0;3;383;0;137;99;0;0;0;2;239;0;2;0
COOPERATIVA DE CRÉDITO DOS MÉDICOS, PROFISSIONAIS DA ÁREA DE SAÚDE E EMPRESÁRIOS DA REGIÃO DOS CAMPOS GERAIS LTDA.;3.234.384;b3S;I;2;;9;PONTA GROSSA;PR;09/2012;4.564;0;0;0;0;0;0;0;0;0;15;10;13;3;0;0;41;0;0;5;4;4;1;0;14;0;0;0;0;0;0;0;0;0;0;0;0;0;0;0;0;24;80;183;269;32;1;0;588;0;0;0;0;0;0;0;0;0;0;62;0;0;0;0;62;9;634;1.020;1.373;448;372;0;3.857;0;2;0
COOPERATIVA DE CRÉDITO DE LIVRE ADMISSÃO DO ALTO SÃO FRANCISCO LTDA.;41.805.003;b3S;I;2;;9;PIUMHI;MG;09/2012;4.520;0;0;0;0;0;0;0;0;62;800;755;592;0;0;128;2.337;3;62;192;14;0;0;13;284;0;0;0;0;0;0;0;0;0;29;0;0;0;0;0;29;12;831;456;190;0;0;137;1.626;0;0;0;0;0;0;0;0;1;15;1;0;0;0;16;32;6;77;77;45;0;0;5;210;0;4;0
COOPERATIVA DE ECONOMIA E CRÉDITO MÚTUO PROFISSIONAIS ÁREA DA SAÚDE PEQ EMPRESÁRIOS MICROEMPRESÁRIOS MICROEMPREENDEDORES REGIÃO GRANDE FLORIANÓPOLIS VALE DO ITAJAÍ VALE DO ITAPOCÚ SICOOB MULTICREDI SC;2.883.398;b3S;I;2;;9;BLUMENAU;SC;09/2012;4.509;0;11;27;46;37;0;0;121;233;961;123;150;54;0;141;1.662;6;43;5;9;0;0;13;76;0;0;0;0;0;0;1;1;0;0;0;0;0;0;0;0;27;773;183;220;46;0;292;1.541;0;0;0;0;0;0;0;0;0;31;58;151;0;0;7;247;18;348;153;147;54;0;134;854;0;7;0
COOPERATIVA DE ECONOMIA E CREDITO MUTUO DOS LOJISTAS DO VESTUARIO E CONFECÇÕES DE BARRA DO GARÇAS - SICOOB ARAGUAIA;5.244.177;b3S;I;2;;9;BARRA DO GARCAS;MT;09/2012;4.461;0;6;111;0;0;0;0;117;0;538;14;6;0;0;14;572;8;168;11;0;0;0;20;208;0;0;0;0;0;0;0;0;0;0;0;0;0;0;0;0;12;1.244;243;271;111;460;229;2.569;0;0;0;0;0;0;0;0;0;3;2;5;0;0;10;19;9;399;206;71;49;205;31;971;0;5;0
COOPERATIVA DE CRÉDITO DE LIVRE ADMISSÃO DE GOIÂNIA, SENADOR CANEDO E REGIÕES LTDA. - CREDIGOIÁS;37.255.049;b3S;I;2;;9;GOIANIA;GO;09/2012;4.369;113;21;525;0;0;0;55;713;0;2;0;2.117;0;0;50;2.169;0;0;178;357;0;0;0;535;0;0;0;0;0;0;0;0;0;0;0;0;0;0;0;0;0;34;0;0;0;0;0;34;0;0;0;0;0;0;0;0;0;158;0;0;0;0;0;158;0;536;180;0;0;0;44;760;0;0;0
UNICRED PORTO VELHO   COOPERATIVA DE ECONOMIA E CRÉDITO MÚTUO DOS MÉDICOS E DEMAIS PROFISSIONAIS DA SAÚDE DE PORTO VELHO LTDA.;1.664.968;b3S;I;2;;9;PORTO VELHO;RO;09/2012;4.368;0;0;0;0;0;0;0;0;0;0;0;0;0;0;0;0;0;125;192;194;0;0;0;511;0;0;0;0;0;0;0;0;0;0;0;0;0;0;0;0;5;69;114;14;0;0;0;202;0;0;0;0;0;0;0;0;0;58;0;0;0;0;0;58;11;796;1.456;1.128;208;0;0;3.598;0;0;0
COOPERATIVA DE CRÉDITO RURAL E DE MICRO E PEQUENOS EMPRESÁRIOS DO VALE DO RIO GRANDE LTDA   SICOOB UBERABA;25.683.475;b3S;I;2;;9;UBERABA;MG;09/2012;4.274;0;0;0;0;0;0;0;0;7;563;63;108;22;0;382;1.147;0;65;16;0;0;0;38;118;0;0;0;0;0;0;0;0;0;0;0;0;0;0;0;0;23;634;146;252;6;0;372;1.434;0;0;0;0;0;0;0;0;0;367;79;160;0;0;33;639;0;235;207;60;0;0;429;931;0;5;0
UNICRED CABO FRIO, COOPERATIVA DE ECONOMIA E CRÉDITO MÚTUO DOS MÉDICOS E DEMAIS PROFISSIONAIS DE SAÚDE DE CABO FRIO LTDA.;2.214.201;b3S;I;2;;9;CABO FRIO;RJ;09/2012;4.255;0;0;0;0;0;0;0;0;0;0;0;0;0;0;0;0;0;0;0;0;0;0;0;0;0;0;0;0;0;0;0;0;0;0;0;0;0;0;0;0;0;13;0;0;0;0;0;13;0;0;0;0;0;0;0;0;0;0;0;0;0;0;0;0;2;492;1.047;1.871;829;0;0;4.241;0;0;0
COOPERATIVA DE ECONOMIA E CRÉDITO MÚTUO DOS EMPRESÁRIOS DE AMERICANA, LIMEIRA E REGIÃO - SICOOB ACICRED;9.579.249;b3S;I;2;;9;AMERICANA;SP;09/2012;4.235;0;0;0;0;0;0;0;0;45;1.144;230;59;0;0;68;1.546;0;2;7;0;0;0;0;9;1;0;0;0;0;0;2;3;0;0;0;0;0;0;0;0;121;1.318;280;33;0;0;156;1.908;0;0;0;0;0;0;0;0;0;2;4;0;0;0;0;6;48;426;162;43;2;0;72;753;0;9;0
UNICRED CRATEUS - COOPERATIVA DE CRÉDITO DE PEQUENOS EMPRESÁRIOS, MICROEMPRESÁRIOS E MICROEMPREENDEDORES DA REGIÃO DE CRATEUS LTDA;68.389;b3S;I;2;;9;CRATEUS;CE;09/2012;4.178;0;0;0;0;0;0;0;0;12;193;166;180;44;0;0;595;26;47;104;128;24;0;0;330;0;0;0;0;0;0;0;0;0;0;0;0;0;0;0;0;70;1.377;659;539;24;0;0;2.669;0;0;0;0;0;0;0;0;8;9;10;13;0;0;0;40;6;148;253;129;4;0;0;540;0;4;0
COOPERATIVA DE CRÉDITO DA REGIÃO DE TRÊS PONTAS LTDA - SICOOB COPERSUL;18.966.739;b3S;I;2;;9;TRES PONTAS;MG;09/2012;4.152;0;94;65;124;129;0;0;412;0;305;34;15;0;0;29;382;0;6;0;0;0;0;70;76;0;0;0;0;0;0;0;0;0;0;0;0;0;0;0;0;106;2.073;105;74;5;0;565;2.929;0;0;0;0;0;0;0;0;0;71;11;2;0;0;21;105;0;74;49;49;0;0;70;242;0;6;0
COOPERATIVA DE CRÉDITO MÚTUO DOS EMPRESÁRIOS DO ABCD PAULISTA ? SICREDI ABCD SP;6.948.735;b3S;I;2;;9;SAO BERNARDO DO CAMPO;SP;09/2012;4.148;0;0;0;0;0;0;0;0;15;1.821;405;158;0;0;1;2.399;0;47;0;0;0;0;0;47;0;39;3;1;0;0;0;43;0;0;0;0;0;0;0;0;45;377;89;93;1;0;9;614;0;0;0;0;0;0;0;0;0;194;0;0;0;0;1;195;22;341;248;209;25;0;1;844;0;5;0
UNICRED COSTA DO SOL RJ - COOPERATIVA DE ECONOMIA E CRÉDITO MÚTUO DOS PROFISSIONAIS DE SAÚDE DA COSTA DO SOL LTDA.;39.231.527;b3S;I;2;;9;MACAE;RJ;09/2012;4.145;0;0;0;0;0;0;0;0;0;0;0;0;0;0;0;0;0;0;0;0;0;0;0;0;0;0;0;0;0;0;0;0;0;0;0;0;0;0;0;0;0;53;36;33;0;0;0;122;0;0;0;0;0;0;0;0;0;0;0;0;0;0;0;0;1;836;1.420;1.315;450;0;0;4.021;0;2;0
COOPERATIVA DE ECONOMIA E CRÉDITO MÚTUO DOS COMERCIANTES DE ARCOS LTDA - SICOOB ARCOMCREDI;71.230.338;b3S;I;2;;9;ARCOS;MG;09/2012;4.126;0;113;0;0;0;0;0;113;3;482;152;176;48;0;68;929;0;123;151;24;0;0;124;422;0;0;0;0;0;0;0;0;0;70;0;0;0;0;4;73;42;966;342;214;0;0;135;1.700;0;0;0;0;0;0;0;0;25;156;93;265;0;0;38;577;3;102;110;63;0;0;23;301;0;11;0
COOPERATIVA DE CRÉDITO DE CAMPOS ALTOS LTDA - SICOOB CREDIAGRO;429.890;b3S;I;2;;9;CAMPOS ALTOS;MG;09/2012;4.102;0;0;0;0;0;0;0;0;0;75;232;15;3;0;17;342;0;17;82;0;0;0;0;99;0;0;0;0;0;0;0;0;0;0;0;0;0;0;0;0;3;816;1.312;566;261;0;234;3.192;0;0;0;0;0;0;0;0;21;272;0;0;0;0;0;293;1;34;34;70;30;0;6;176;0;1;0
COOPERATIVA DE CRÉDITO DE LIVRE ADMISSÃO DO LESTE MINEIRO LTDA.- UNICRED LESTE MINEIRO;1.110.032;b3S;I;2;;9;GOVERNADOR VALADARES;MG;09/2012;4.101;0;0;0;0;0;0;0;0;0;308;270;93;14;0;0;685;0;0;94;0;0;0;0;94;0;0;0;0;0;0;0;0;0;0;0;0;0;0;0;0;24;525;211;222;44;0;0;1.027;0;0;0;0;0;0;0;0;0;384;20;31;0;0;0;435;0;664;460;519;115;96;0;1.855;3;2;0
CENTRAL DAS COOPERATIVAS DE CREDITO DO ESTADO DO PARA - SICOOB CENTRAL AMAZONIA;83.355.818;b3C;I;2;;9;BELEM;PA;09/2012;4.036;0;0;0;0;0;0;0;0;0;0;0;0;0;0;0;0;0;0;0;0;0;0;0;0;0;0;0;0;0;0;0;0;0;0;0;0;0;0;0;0;0;0;0;0;0;0;0;0;0;0;0;0;0;0;0;0;0;0;0;0;0;0;0;0;0;403;916;1.428;1.258;31;0;4.036;0;0;0
COOPERATIVA DE CRÉDITO DE LIVRE ADMISSÃO DE CURVELO LTDA. - SICOOB CREDICENTRO;21.682.737;b3S;I;2;;9;CURVELO;MG;09/2012;4.024;16;39;133;108;80;0;20;397;5;211;67;177;120;0;38;618;0;0;0;0;0;0;0;0;0;0;0;0;0;0;0;0;0;0;0;0;0;0;0;0;25;267;311;446;215;0;362;1.627;0;0;0;0;0;0;0;0;0;136;443;268;50;0;23;920;13;35;336;63;0;0;14;460;0;3;0
COOPERATIVA DE ECONOMIA E CRÉDITO MÚTUO DOS SERVIDORES DO PODER EXECUTIVO FEDERAL EM BRASÍLIA LTDA. - SICOOB EXECUTIVO;694.877;b3S;I;2;;9;BRASILIA;DF;09/2012;4.016;0;0;0;0;0;0;0;0;0;235;28;0;0;0;51;314;2;56;11;12;0;0;54;136;0;0;0;0;0;0;0;0;0;0;0;0;0;0;0;0;18;9;15;0;0;0;261;303;0;0;0;0;0;0;0;0;0;132;66;12;0;0;45;256;87;1.184;500;188;0;0;1.046;3.005;0;2;0
COOPERATIVA DE CRÉDITO DE LIVRE ADMISSÃO DA REGIÃO DE ALPINÓPOLIS LTDA. - SICOOB CREDIALP;25.353.939;b3S;I;2;;9;ALPINOPOLIS;MG;09/2012;4.015;0;15;0;0;0;0;4;18;10;359;100;38;0;0;152;658;0;22;29;50;0;0;1;102;0;0;0;0;0;0;0;0;0;158;4;0;0;0;60;222;320;997;412;275;0;0;465;2.469;0;0;0;0;0;0;0;0;49;109;61;47;10;0;37;312;4;63;59;64;0;0;39;229;0;5;0
COOPERATIVA DE CRÉDITO DE LIVRE ADMISSÃO DO CENTRO GOIANO LTDA.;3.730.508;b3S;I;2;;9;GOIANIA;GO;09/2012;4.000;0;317;0;0;0;0;10;327;2;477;328;11;0;0;24;843;0;264;504;4;0;0;8;780;0;0;0;0;0;0;0;0;0;0;0;0;0;0;1;1;0;1.069;440;5;0;0;51;1.565;0;0;0;0;0;0;0;0;0;205;36;0;0;0;2;243;0;81;129;0;0;0;28;238;0;3;0
COOPERATIVA DE CREDITO MUTUO DOS DESPACHANTES DE TRANSITO DE SANTA CATARINA;4.715.685;b3S;I;2;;9;FLORIANOPOLIS;SC;09/2012;4.000;0;0;0;0;0;0;0;0;0;0;0;0;0;0;0;0;0;0;0;0;0;0;0;0;0;0;0;0;0;0;0;0;0;0;0;0;0;0;0;0;0;34;62;11;0;0;0;107;0;0;0;0;0;0;0;0;0;0;0;0;0;0;10;10;49;650;1.175;1.417;131;0;458;3.880;0;3;0
COOPERATIVA DE ECONOMIA E CRÉDITO MÚTUO DOS PROFISSIONAIS DA SAÚDE DE SÃO CARLOS - UNICRED SÃO CARLOS;71.988.653;b3S;I;2;;9;SAO CARLOS;SP;09/2012;3.996;0;0;0;0;0;0;0;0;5;52;37;48;12;0;0;154;0;0;0;0;0;0;0;0;0;0;0;0;0;0;0;0;0;0;0;0;0;0;0;0;0;11;9;20;6;0;0;47;0;0;0;0;0;0;0;0;0;12;2;0;0;0;0;14;0;768;1.153;1.718;84;56;0;3.779;0;2;0
COOPERATIVA DE CRÉDITO MÚTUO DOS EMPRESÁRIOS DO MUNICÍPIO DE GUARULHOS E REGIÃO - COOPERSIGMA;8.969.199;b3S;I;2;;9;GUARULHOS;SP;09/2012;3.929;0;0;0;0;0;0;0;0;0;651;109;121;26;0;0;907;0;74;15;13;0;0;0;102;0;0;0;0;0;0;0;0;0;0;0;0;0;0;0;0;12;507;175;95;16;0;0;804;0;0;0;0;0;0;0;0;19;136;351;299;0;0;0;805;28;510;395;344;32;0;0;1.309;0;3;0
COOPERATIVA DE CRÉDITO DE LIVRE ADMISSÃO DE ASSOCIADOS DO VALE DO SOTURNO - SICREDI VALE DO SOTURNO;87.788.394;b3S;I;2;;9;FAXINAL DO SOTURNO;RS;09/2012;3.921;0;0;0;0;0;0;0;0;110;540;298;201;15;0;7;1.172;0;0;0;0;0;0;0;0;0;0;0;0;0;0;0;0;0;0;0;0;0;0;0;0;13;822;1.078;380;45;7;1;2.346;0;0;0;0;0;0;0;0;0;23;43;78;14;0;0;158;0;65;91;80;4;0;0;240;0;4;0
COOPERATIVA CENTRAL DE CRÉDITO NOROESTE BRASILEIRO LTDA.;4.632.856;b3C;I;2;;9;JI-PARANA;RO;09/2012;3.890;0;0;0;0;0;0;0;0;0;0;0;0;0;0;0;0;0;0;0;0;0;0;0;0;0;0;0;0;0;0;0;0;0;0;0;0;0;0;0;0;0;0;0;0;0;0;0;0;0;0;0;0;0;0;0;0;0;0;0;0;0;0;0;0;0;3.180;709;0;0;0;0;3.890;0;0;0
COOPERATIVA DE CRÉDITO DE LIVRE ADMISSÃO DE JATAÍ E REGIÃO LTDA.;10.143.499;b3S;I;2;;9;JATAI;GO;09/2012;3.833;0;5;16;20;0;0;0;42;0;363;119;44;0;0;14;540;0;74;61;38;0;0;5;178;0;2;3;0;0;0;2;6;0;0;0;0;0;0;0;0;3;1.264;651;316;0;0;102;2.336;0;0;0;0;0;0;0;0;1;36;2;0;0;0;11;51;0;272;283;87;0;0;37;679;0;3;0
COOPERATIVA DE CRÉDITO DE LIVRE ADMISSÃO DE ASSOCIADOS DE GUARAMIRIM - CREVISC;10.143.743;b3S;I;2;;9;GUARAMIRIM;SC;09/2012;3.813;0;0;0;0;0;0;0;0;4;596;305;146;0;0;0;1.051;2;30;83;81;0;0;0;195;0;8;0;0;0;0;0;8;0;32;45;35;0;0;0;112;17;399;573;304;2;0;0;1.295;0;0;0;0;0;0;0;0;7;370;173;115;0;0;0;665;1;140;215;120;0;0;0;476;0;9;0
COOPERATIVA DE CRÉDITO DE LIVRE ADMISSÃO DO CENTRO-OESTE DE MINAS LTDA - SICOOB CREDICARMOMINAS;71.238.232;b3S;I;2;;9;CARMOPOLIS DE MINAS;MG;09/2012;3.687;0;0;0;0;0;0;0;0;2;614;134;148;1;0;62;962;0;13;3;0;0;0;1;17;0;35;11;32;0;0;10;87;0;0;0;0;0;0;0;0;23;866;402;412;1;0;226;1.930;0;0;0;0;0;0;0;0;11;88;94;198;0;0;26;417;2;72;82;99;0;0;14;269;0;5;0
COOPERATIVA DE CRÉDITO DE LIVRE ADMISSÃO DE ASSOCIADOS DE AJURICABA - SICREDI AJURICABA RS;93.136.471;b3S;I;2;;9;AJURICABA;RS;09/2012;3.656;0;0;0;0;0;0;0;0;38;11;8;0;0;0;0;57;0;0;0;0;0;0;0;0;0;0;808;0;0;0;0;808;0;0;0;0;0;0;0;0;0;920;902;72;0;0;0;1.894;0;0;0;0;0;0;0;0;0;210;503;139;19;0;0;871;0;8;13;4;0;0;0;24;0;1;0
BANCO INDUSCRED DE INVESTIMENTO S.A.;33.588.252;b2;I;2;;13;SAO PAULO;SP;09/2012;3.645;0;0;0;0;0;0;0;0;0;0;0;0;0;0;0;0;0;41;143;0;0;0;0;184;0;0;0;0;0;0;0;0;0;0;0;0;0;0;0;0;0;15;0;0;0;0;0;15;0;0;0;0;0;0;0;0;0;0;0;0;0;0;0;0;145;765;2.537;0;0;0;0;3.447;0;0;0
COOPERATIVA DE CRÉDITO DE LIVRE ADMISSÃO DA REGIÃO DE SÃO SEBASTIÃO DO PARAÍSO LTDA. - SICOOB PARAÍSOCRED;1.657.678;b3S;I;2;;9;SAO SEBASTIAO DO PARAISO;MG;09/2012;3.643;0;0;0;0;0;0;0;0;3;560;94;11;0;0;33;701;0;1;3;8;0;0;0;13;0;0;0;0;0;0;0;0;0;0;0;0;0;0;0;0;31;519;345;441;260;0;161;1.757;0;0;0;0;0;0;0;0;0;176;202;200;42;0;378;999;3;84;25;14;0;0;45;171;0;3;0
COOPERATIVA DE CREDITO RURAL DE ARAGUARI LTDA. - SICOOB ARACREDI;68.987;b3S;I;2;;9;ARAGUARI;MG;09/2012;3.637;0;457;380;7;0;0;31;875;9;113;22;15;0;0;3;162;0;0;0;0;0;0;4;4;0;0;0;0;0;0;0;0;0;49;0;0;0;0;9;58;12;865;745;170;0;0;270;2.062;0;0;0;0;0;0;0;0;0;13;0;0;0;0;0;13;53;100;141;116;0;0;53;463;0;0;0
COOPERATIVA DE CRÉDITO DOS EMPRESÁRIOS DE PORTO VELHO - CREDEMPRESAS/RO;8.322.202;b3S;I;2;;9;PORTO VELHO;RO;09/2012;3.614;0;0;0;0;0;0;0;0;10;168;51;106;97;0;36;468;0;62;27;8;0;0;35;132;0;0;0;0;0;0;0;0;0;0;0;0;0;0;0;0;118;1.045;451;146;0;0;236;1.996;0;1;0;0;0;0;0;1;25;104;111;0;0;0;48;289;8;258;144;251;0;0;63;725;0;4;0
COOPERATIVA DE ECONOMIA E CRÉDITO MÚTUO DOS MÉDICOS E DEMAIS PROFISSIONAIS DE SAÚDE DE NÍVEL SUPERIOR DE UBERABA;71.432.926;b3S;I;2;;9;UBERABA;MG;09/2012;3.605;0;0;0;0;0;0;0;0;0;0;0;0;0;0;0;0;0;0;0;0;0;0;0;0;0;0;0;0;0;0;0;0;0;0;0;0;0;0;0;0;0;0;0;0;0;0;0;0;0;0;0;0;0;0;0;0;0;0;0;0;0;0;0;0;0;859;1.204;1.274;268;0;0;3.605;0;0;0
BANCO CAPITAL S.A.;15.173.776;b1;I;2;;8;SALVADOR;BA;09/2012;3.594;0;0;0;0;0;0;0;0;22;135;0;0;0;0;0;157;0;1.315;140;46;0;0;0;1.501;0;0;39;0;0;0;0;39;0;224;0;0;0;0;0;224;14;253;22;0;0;0;0;290;0;0;0;0;0;0;0;0;52;5;0;0;0;0;0;57;500;777;48;0;0;0;0;1.325;0;1;0
COOPERATIVA DE ECONOMIA E CRÉDITO MÚTUO DOS MÉDICOS E PROFISSIONAIS DA ÁREA DA SAÚDE DE PRESIDENTE PRUDENTE E REGIÃO - UNICRED OESTE PAULISTA;74.220.948;b3S;I;3;;9;PRESIDENTE PRUDENTE;SP;09/2012;3.577;0;0;0;0;0;0;0;0;0;0;0;0;0;0;0;0;0;0;0;0;0;0;0;0;0;0;0;0;0;0;0;0;0;0;0;0;0;0;0;0;0;5;0;0;0;0;0;5;0;0;0;0;0;0;0;0;0;0;0;0;0;0;0;0;0;632;1.054;1.505;333;45;0;3.570;0;1;0
COOPERATIVA DE CRÉDITO DOS EMPRESÁRIOS DO ALTO VALE DO RIO NEGRO - SCRCRED;10.218.474;b3S;I;2;;9;SAO BENTO DO SUL;SC;09/2012;3.521;0;1;0;0;0;0;0;1;9;424;182;49;0;0;0;665;0;20;14;4;0;0;0;39;0;6;2;0;0;0;0;9;0;0;0;0;0;0;0;0;23;706;555;176;0;0;0;1.460;0;0;0;0;0;0;0;0;2;188;186;151;0;0;0;526;1;272;297;239;3;0;0;812;0;11;0
COOPERATIVA DE CRÉDITO MÚTUO DOS EMPRESÁRIOS DO CONE LESTE PAULISTA - SICREDI CONE LESTE SP;10.400.359;b3S;I;2;;9;TAUBATE;SP;09/2012;3.502;0;0;0;0;0;0;0;0;0;101;42;36;0;0;0;179;16;69;44;89;3;0;10;231;0;0;0;0;0;0;0;0;0;0;0;0;0;0;0;0;272;659;354;402;26;0;27;1.740;0;0;0;0;0;0;0;0;101;15;79;32;11;0;27;266;132;367;272;256;9;0;20;1.056;25;4;0
BONCRED;51.389;n1;C;2;;197;NOVO HAMBURGO;RS;09/2012;3.498;0;0;0;0;0;0;0;0;4;730;1.069;985;25;0;0;2.813;0;0;0;0;0;0;0;0;0;17;27;0;0;0;0;44;0;0;0;0;0;0;0;0;0;121;147;0;0;0;0;268;0;0;0;0;0;0;0;0;0;22;0;0;0;0;0;22;0;191;159;0;0;0;0;351;0;0;0
COOPERATIVA DE CRÉDITO DE LIVRE ADMISSÃO DE ASSOCIADOS URUBICI - SICOOB-CREDIARAUCÁRIA/SC;2.587.492;b3S;I;2;;9;URUBICI;SC;09/2012;3.482;13;177;2;0;0;0;10;202;0;118;33;37;8;0;82;278;5;21;48;12;0;0;3;88;0;0;0;0;0;0;0;0;8;38;0;0;0;0;8;54;11;805;674;465;125;0;205;2.285;0;0;0;0;0;0;0;0;10;55;65;108;36;0;0;274;1;44;90;82;20;2;30;269;29;2;0
JURISCRED - COOPERATIVA DE CRÉDITO DOS MEMBROS DO PODER JUDICIÁRIO, DO MINISTÉRIO PÚBLICO, DE ÓRGÃOS JURÍDICOS E DE SERVIDORES PÚBLICOS CIVIS ESTADUAIS E MUNICIPAIS EM ALAGOAS;4.179.861;b3S;I;3;;9;MACEIO;AL;09/2012;3.476;0;0;0;0;0;0;0;0;0;0;0;0;0;0;0;0;8;11;27;25;6;0;0;77;0;0;0;0;0;0;0;0;0;0;0;0;0;0;0;0;29;66;136;250;68;4;0;553;0;0;0;0;0;0;0;0;0;7;0;0;0;0;0;7;10;325;889;1.367;249;0;0;2.839;0;0;0
COOPERATIVA DE CREDITO DE BOM SUCESSO LTDA. - SICOOB CREDISUCESSO;42.887.133;b3S;I;2;;9;BOM SUCESSO;MG;09/2012;3.447;0;0;0;0;0;0;0;0;11;156;49;21;0;0;65;303;1;101;36;15;0;0;18;171;0;7;9;9;0;0;2;27;0;90;81;76;0;0;0;246;67;875;426;221;0;0;450;2.039;0;0;0;0;0;0;0;0;7;90;159;120;3;0;63;442;2;62;72;24;0;0;43;204;0;15;0
COOPERATIVA DE ECONOMIA E CRÉDITO MÚTUO DOS FUNCIONÁRIOS DO GRUPO IESA E COMERCIANTES DE VESTUÁRIOS DE ARARAQUARA E REGIÃO - SICOOB IESACRED;53.236.808;b3S;I;2;;9;ARARAQUARA;SP;09/2012;3.430;0;0;0;0;0;0;0;0;7;326;40;70;14;0;55;511;0;29;0;0;0;0;0;29;0;0;0;0;0;0;0;0;0;0;0;0;0;0;0;0;55;1.029;318;251;12;0;908;2.571;0;0;0;0;0;0;0;0;3;109;15;18;13;0;75;234;3;23;8;10;0;0;34;78;0;8;0
ACREDITA SOCIEDADE DE CRÉDITO AO MICROEMPREENDEDOR E À EMPRESA DE PEQUENO PORTE LTDA;5.741.840;n1;I;2;;10;BELO HORIZONTE;MG;09/2012;3.412;0;134;0;0;0;0;0;134;0;110;3;0;0;0;0;113;8;281;424;0;0;0;0;713;0;0;0;0;0;0;0;0;0;67;0;0;0;0;0;67;49;212;346;70;0;0;0;676;0;0;0;0;0;0;0;0;6;439;218;0;0;0;0;663;28;404;428;182;0;0;0;1.042;0;3;0
COOPERATIVA DE CRÉDITO DOS PEQUENOS EMPRESÁRIOS, MICROEMPRESÁRIOS E MICROEMPREENDEDORES DE LAGES   CREDICOMIN;9.590.601;b3S;I;2;;9;LAGES;SC;09/2012;3.410;0;0;0;0;0;0;0;0;3;222;224;100;0;0;0;548;1;27;45;30;0;0;0;103;0;0;0;0;0;0;0;0;0;0;0;0;0;0;0;0;13;765;947;209;0;0;0;1.934;0;0;0;0;0;0;0;0;0;18;36;4;0;0;0;58;11;169;246;274;54;0;0;755;0;12;0
COOPERATIVA DE CRÉDITO RURAL DE ALTA FLORESTA D'OESTE LTDA;4.979.202;b3S;I;2;;9;ALTA FLORESTA D'OESTE;RO;09/2012;3.369;0;0;0;0;0;0;0;0;165;142;86;0;0;0;0;394;178;182;40;0;0;0;0;400;0;0;0;0;0;0;0;0;0;0;0;0;0;0;0;0;245;1.062;366;11;0;0;0;1.684;0;0;0;0;0;0;0;0;0;0;0;0;0;0;0;0;14;569;306;0;0;0;0;889;0;3;0
COOPERATIVA DE ECONOMIA E CRÉDITO MÚTUO DOS EMPRESÁRIOS DA REGIÃO METROPOLITANA DE NATAL - CREDCOM-RN;8.802.775;b3S;I;2;;9;NATAL;RN;09/2012;3.358;0;0;0;0;0;0;0;0;0;33;30;10;0;0;0;73;8;116;116;127;3;0;0;369;0;1;2;0;0;0;0;3;0;0;0;0;0;0;0;0;39;843;370;257;21;0;0;1.530;0;0;0;0;0;0;0;0;42;44;129;12;0;0;0;226;72;273;579;218;13;0;0;1.154;0;3;0
COOPERATIVA CENTRAL DE CRÉDITO DE GOIÁS LTDA;33.416.108;b3C;I;2;;9;GOIANIA;GO;09/2012;3.350;0;0;0;0;0;0;0;0;0;0;0;0;0;0;0;0;0;0;0;0;0;0;0;0;0;0;0;0;0;0;0;0;0;0;0;0;0;0;0;0;0;0;0;0;0;0;0;0;0;0;0;0;0;0;0;0;0;0;0;0;0;0;0;0;0;1.261;1.300;789;0;0;0;3.350;0;0;0
COOPERATIVA CENTRAL DE CRÉDITO DE MATO GROSSO DO SUL, GOIÁS E TOCANTINS - CENTRAL SICREDI BRASIL CENTRAL;33.737.818;b3C;I;2;;9;CAMPO GRANDE;MS;09/2012;3.321;0;0;0;0;0;0;0;0;0;0;0;0;0;0;0;0;0;0;0;0;0;0;0;0;0;0;0;0;0;0;0;0;0;0;0;0;0;0;0;0;0;0;0;0;0;0;0;0;0;0;0;0;0;0;0;0;0;0;0;0;0;0;0;0;0;0;3.321;0;0;0;0;3.321;0;0;0
COOPERATIVA DE CRÉDITO DOS EMPREGADOS DO SISTEMA FIESC - CREDIFIESC;2.405.189;b3S;I;2;;9;FLORIANOPOLIS;SC;09/2012;3.272;0;0;0;0;0;0;0;0;1;133;216;102;0;0;0;452;0;4;0;0;0;0;0;4;0;0;0;0;0;0;0;0;0;0;0;0;0;0;0;0;4;340;407;221;5;0;0;976;0;0;0;0;0;0;0;0;0;38;30;0;0;0;0;67;12;561;698;499;0;0;0;1.770;0;2;0
COOPERATIVA DE CRÉDITO DE LIVRE ADMISSÃO DE ASSOCIADOS DO LITORAL SUL DA BAHIA - SICOOB LITORAL SUL;2.876.918;b3S;I;2;;9;GANDU;BA;09/2012;3.268;2;10;22;0;0;0;4;39;0;196;69;41;0;0;4;310;0;1;0;0;0;0;14;15;0;0;0;0;0;0;0;0;0;232;47;0;0;0;0;279;54;574;447;645;86;0;250;2.056;0;0;0;0;0;0;0;0;0;90;30;82;10;0;8;220;9;168;78;59;0;0;32;346;0;4;0
COOPERATIVA DE CRÉDITO RURAL DE ESPIGÃO DO OESTE LTDA.;4.985.665;b3S;I;2;;9;ESPIGAO D'OESTE;RO;09/2012;3.238;0;0;0;0;0;0;0;0;0;1.335;2;0;0;0;0;1.337;0;542;0;0;0;0;0;542;0;0;0;0;0;0;0;0;0;0;0;0;0;0;0;0;234;1.034;0;0;0;0;0;1.269;0;0;0;0;0;0;0;0;0;9;0;0;0;0;0;9;0;79;0;0;0;0;0;80;0;1;0
COOPERATIVA DE CRÉDITO DOS MÉDICOS E DEMAIS PROFISSIONAIS DA SAÚDE DE VITÓRIA DA CONQUISTA;2.833.202;b3S;I;2;;9;VITORIA DA CONQUISTA;BA;09/2012;3.238;0;0;0;0;0;0;0;0;0;0;0;0;0;0;0;0;0;0;0;0;0;0;0;0;0;0;0;0;0;0;0;0;0;0;0;0;0;0;0;0;0;5;0;0;0;0;0;5;0;0;0;0;0;0;0;0;0;0;0;0;0;0;0;0;12;890;792;907;633;0;0;3.233;0;0;0
COOPERATIVA DE ECONOMIA E CREDITO MUTUO DOS MEDICOS E DEMAIS PROFISSIONAIS DA SAUDE DO VALE DAS ANTAS LTDA;94.243.839;b3S;I;2;;9;CASCA;RS;09/2012;3.237;0;0;0;0;0;0;0;0;0;156;50;107;276;0;0;588;0;0;0;0;0;0;0;0;0;0;0;0;0;0;0;0;0;0;0;0;0;0;0;0;0;0;0;0;0;0;0;0;0;0;0;0;0;0;0;0;0;0;0;0;0;0;0;0;6;402;752;943;393;151;0;2.648;0;0;0
COOPERATIVA DE ECONOMIA E CREDITO MUTUO DOS MEDICOS E DEMAIS PROFISSIONAIS DA SAUDE DE IJUI LTDA;1.526.924;b3S;I;2;;9;IJUI;RS;09/2012;3.218;0;0;0;0;0;0;0;0;0;11;29;52;23;0;0;114;0;0;0;0;0;0;0;0;0;0;0;0;0;0;0;0;0;0;0;0;0;0;0;0;0;46;46;74;17;16;0;199;0;0;0;0;0;0;0;0;0;0;0;0;0;0;0;0;0;445;878;1.223;266;93;0;2.905;0;0;0
COOPERATIVA CENTRAL DE CRÉDITO DE MATO GROSSO, PARÁ E RONDÔNIA - CENTRAL SICREDI MT/PA/RO;33.667.205;b3C;I;2;;9;CUIABA;MT;09/2012;3.190;0;0;0;0;0;0;0;0;0;0;0;0;0;0;0;0;0;0;0;0;0;0;0;0;0;0;0;0;0;0;0;0;0;0;0;0;0;0;0;0;0;0;0;0;0;0;0;0;0;0;0;0;0;0;0;0;0;0;0;0;0;0;0;0;0;2.180;1.010;0;0;0;0;3.190;0;0;0
COOPERATIVA DE CRÉDITO DE LIVRE ADMISSÃO DE ASSOCIADOS DO NORTE PIONEIRO - SICOOB NORTE PIONEIRO;12.993.518;b3S;I;2;;9;JACAREZINHO;PR;09/2012;3.159;0;53;0;0;0;0;0;53;1;200;54;51;5;0;35;345;5;29;78;135;0;0;16;263;0;0;0;0;0;0;0;0;0;0;0;0;0;0;0;0;47;756;530;455;36;0;125;1.950;0;0;0;0;0;0;0;0;0;0;0;0;0;0;2;2;22;179;140;140;0;0;63;545;0;1;0
COOPERATIVA DE ECONOMIA E CRÉDITO MÚTUO DOS PROFISSIONAIS DA SAÚDE DO SUDESTE PAULISTA LTDA. - UNICRED SUDESTE PAULISTA;5.608.957;b3S;I;2;;9;SOROCABA;SP;09/2012;3.123;0;0;0;0;0;0;0;0;5;61;23;28;28;14;0;158;0;0;0;0;0;0;0;0;0;0;0;0;0;0;0;0;0;0;0;0;0;0;0;0;0;55;12;4;0;0;0;71;0;0;0;0;0;0;0;0;0;0;0;0;0;0;0;0;8;400;1.675;671;138;0;0;2.894;0;0;0
COOPERATIVA DE ECONOMIA E CRÉDITO MÚTUO DOS MÉDICOS E DEMAIS PROFISSIONAIS DE NÍVEL SUPERIOR DA SAÚDE DE SETE LAGOAS LTDA.;71.163.315;b3S;I;2;;9;SETE LAGOAS;MG;09/2012;3.098;0;0;0;0;0;0;0;0;0;1;3;0;0;0;0;5;0;0;0;0;0;0;0;0;0;0;0;0;0;0;0;0;0;0;0;0;0;0;0;0;9;36;50;74;0;0;0;169;0;0;0;0;0;0;0;0;0;0;0;0;0;0;0;0;9;368;725;1.507;290;25;0;2.924;0;0;0
UNICRED DE NOVA FRIBURGO - COOPERATIVA DE ECONOMIA E CREDITO MUTUO DOS MEDICOS E DEMAIS PROFISSIONAIS DE SAUDE DE NOVA FRIBURGO LTDA;918.800;b3S;I;2;;9;NOVA FRIBURGO;RJ;09/2012;3.097;0;0;0;0;0;0;0;0;0;0;0;0;0;0;0;0;0;0;0;0;0;0;0;0;0;0;0;0;0;0;0;0;0;0;0;0;0;0;0;0;4;138;121;127;30;62;0;481;0;0;0;0;0;0;0;0;0;0;0;0;0;0;0;0;0;254;576;1.070;696;20;0;2.615;0;1;0
GREENCRED COOPERATIVA DE ECONOMIA E CRÉDITO MÚTUO  DOS MÉDICOS, DEMAIS CATEGORIAS AFINS E PROFESSORES DE ENSINO SUPERIOR DE CURITIBA, REGIÃO METROPOLITANA E LITORAL;2.347.114;b3S;I;2;;9;CURITIBA;PR;09/2012;3.070;0;0;0;0;0;0;0;0;0;0;0;0;0;0;0;0;0;0;0;0;0;0;0;0;0;0;0;0;0;0;0;0;0;0;0;0;0;0;0;0;25;46;69;13;5;0;0;158;0;0;0;0;0;0;0;0;0;0;0;0;0;0;0;0;22;504;810;1.209;366;0;0;2.911;0;1;0
COOPERATIVA DE CRÉDITO DE CARMO DO CAJURU LTDA - SICOOB CARMOCREDI;65.239.402;b3S;I;2;;9;CARMO DO CAJURU;MG;09/2012;3.035;0;0;0;0;0;0;0;0;4;852;532;402;43;0;28;1.860;0;42;109;13;0;0;5;169;0;1;2;0;0;0;0;3;0;5;14;49;0;0;0;67;0;145;218;169;3;0;21;556;0;0;0;0;0;0;0;0;6;20;72;44;0;0;3;145;9;38;84;79;12;0;11;233;0;3;0
CREDITÁ S/A CRÉDITO, FINANCIAMENTO E INVESTIMENTO;12.599.971;n1;I;2;;14;PORTO ALEGRE;RS;09/2012;3.014;0;0;0;0;0;0;0;0;0;12;27;22;0;0;0;61;0;39;0;0;0;0;0;39;0;0;0;0;0;0;0;0;0;580;0;0;0;0;0;580;126;852;578;55;0;0;0;1.611;0;0;0;0;0;0;0;0;16;90;168;0;0;0;0;274;0;215;229;6;0;0;0;450;0;0;0
COOPERATIVA DE ECONOMIA E CRÉDITO MÚTUO DOS PROFISSIONAIS DA SAÚDE DE DOURADOS - UNIPRIME DOURADOS;37.554.441;b3S;I;2;;9;DOURADOS;MS;09/2012;2.986;0;0;0;0;0;0;0;0;0;0;0;0;0;0;0;0;0;0;9;0;0;0;0;9;0;0;0;0;0;0;0;0;0;0;0;0;0;0;0;0;10;88;92;122;59;40;0;411;0;0;0;0;0;0;0;0;0;0;0;0;0;0;0;0;36;616;582;920;312;99;0;2.565;0;1;0
CENTRAL DE COOPERATIVAS DE ECONOMIA E CRÉDITO MÚTUO DO ESTADO DO RIO GRANDE DO SUL LTDA - UNICRED CENTRAL RS;1.634.601;b3C;I;2;;9;PORTO ALEGRE;RS;09/2012;2.980;0;0;0;0;0;0;0;0;0;0;0;0;0;0;0;0;0;0;0;0;0;0;0;0;0;0;0;0;0;0;0;0;0;0;0;0;0;0;0;0;0;0;0;0;0;0;0;0;0;0;0;0;0;0;0;0;0;0;0;0;0;0;0;0;0;335;2.227;418;0;0;0;2.980;0;0;0
COOPERATIVA DE CRÉDITO DE LIVRE ADMISSÃO DE MICRO REGIÕES DE GOIÂNIA E ADJACENTES LTDA.;1.601.342;b3S;I;2;;9;GOIANIA;GO;09/2012;2.925;0;0;0;0;0;0;0;0;0;25;14;0;0;0;17;57;0;487;15;0;0;0;84;586;0;139;0;0;0;0;10;149;0;0;0;0;0;0;0;0;3;93;419;0;0;0;9;524;0;0;0;0;0;0;0;0;0;0;0;0;0;0;0;0;106;951;449;32;7;0;62;1.607;0;1;0
COOPERATIVA DE CRÉDITO RURAL VALE DO CANOAS - SICOOB/SC - CREDICANOAS;707.903;b3S;I;2;;9;ABDON BATISTA;SC;09/2012;2.924;0;0;0;0;0;0;0;0;0;546;69;114;46;0;23;798;0;0;0;0;0;0;0;0;0;0;0;0;0;0;4;4;0;0;0;0;0;0;0;0;0;915;473;88;8;0;105;1.588;0;0;0;0;0;0;0;0;0;100;65;126;27;0;5;323;0;26;49;111;21;0;2;208;0;2;0
COOPERATIVA DE CRÉDITO DA MICRORREGIÃO DO ALTO PARANAÍBA LTDA - SICOOB CREDISG;3.645.752;b3S;I;2;;9;SAO GOTARDO;MG;09/2012;2.922;0;0;46;0;0;0;0;46;0;449;40;29;0;0;9;527;0;8;0;0;0;0;0;8;0;0;0;0;0;0;0;0;0;0;0;0;0;0;0;0;9;1.016;771;109;0;0;145;2.051;0;0;0;0;0;0;0;0;0;33;0;0;0;0;5;38;0;93;52;83;6;0;17;251;0;2;0
COOPERATIVA DE CRÉDITO DE LIVRE ADMISSÃO DO NOROESTE DE MINAS GERAIS LTDA. - SICOOB CREDIPINHO;71.154.876;b3S;I;2;;9;JOAO PINHEIRO;MG;09/2012;2.916;0;18;24;42;0;0;24;108;0;134;107;58;0;0;6;305;0;125;99;0;0;0;0;224;0;0;0;0;0;0;0;0;0;63;0;0;0;0;21;84;39;1.123;330;118;0;0;360;1.969;0;0;0;0;0;0;0;0;0;14;0;0;0;0;25;38;0;90;47;25;0;0;24;187;0;2;0
COOPERATIVA DE CRÉDITO DE LIVRE ADMISSÃO DE ASSOCIADOS DE JARAGUÁ DO SUL E REGIÃO - SICOOB CEJASCRED;12.384.953;b3S;I;2;;9;JARAGUA DO SUL;SC;09/2012;2.912;0;0;0;0;0;0;0;0;0;186;120;72;0;0;266;644;0;6;14;0;0;0;0;20;0;0;0;0;0;0;0;0;0;0;0;0;0;0;0;0;42;554;264;304;130;0;132;1.427;0;0;0;0;0;0;0;0;0;39;64;52;0;0;19;174;3;326;141;112;12;0;52;647;0;1;0
COOPERATIVA DE CRÉDITO DOS EMPRESÁRIOS DE MANAUS   SICOOB CREDEMPRESAS AM;10.808.037;b3S;I;2;;9;MANAUS;AM;09/2012;2.908;0;0;0;0;0;0;0;0;0;460;77;14;0;0;10;562;192;63;23;34;0;0;19;331;0;0;0;0;0;0;0;0;0;0;0;0;0;0;0;0;47;1.177;462;132;0;0;68;1.886;0;0;0;0;0;0;0;0;0;0;0;0;0;0;0;0;8;52;64;0;0;0;5;130;0;0;0
COOPERATIVA DE ECONOMIA E CRÉDITO MÚTUO DOS MÉDICOS E DEMAIS PROFISSIONAIS DA SAÚDE DE TEÓFILO OTONI LTDA.;1.709.266;b3S;I;2;;9;TEOFILO OTONI;MG;09/2012;2.892;0;0;0;0;0;0;0;0;0;13;250;0;0;0;0;263;0;75;130;114;0;0;0;319;0;0;0;0;0;0;0;0;0;0;0;0;0;0;0;0;3;176;97;48;0;0;0;325;0;0;0;0;0;0;0;0;0;0;0;0;0;0;0;0;3;458;1.015;505;5;0;0;1.985;0;0;0
COOPERATIVA DE ECONOMIA E CRÉDITO MÚTUO DOS CORRETORES  E DEMAIS TÉCNICOS DE SEGUROS DO ESTADO DE SANTA CATARINA - CREDICOR - SC;2.295.034;b3S;I;2;;9;BLUMENAU;SC;09/2012;2.821;0;0;0;0;0;0;0;0;0;26;2;0;0;0;4;32;0;0;1;0;0;0;0;1;0;0;0;0;0;0;0;0;0;0;0;0;0;0;0;0;56;207;208;381;0;0;7;858;0;0;0;0;0;0;0;0;0;15;70;121;0;0;0;205;3;632;409;454;94;0;123;1.715;0;9;0
COOPERATIVA DE CRÉDITO DE LIVRE ADMISSÃO DE ASSOCIADOS DA REGIÃO DA NOVA ALTA PAULISTA - SICREDI NOVA ALTA PAULISTA SP;11.094.093;b3S;I;2;;9;DRACENA;SP;09/2012;2.793;0;7;103;0;0;0;0;110;0;234;86;61;0;0;0;383;0;35;26;0;0;0;0;61;0;0;0;0;0;0;0;0;0;11;15;5;0;0;0;31;8;785;330;207;3;0;10;1.343;0;0;0;0;0;0;0;0;0;205;259;90;10;15;2;582;0;103;112;59;3;0;0;278;0;5;0
COOPERATIVA DE CRÉDITO DE LIVRE ADMISSÃO DE ASSOCIADOS PÉROLA DO VALE - SICOOB/SC CREDIPÉROLA;82.133.182;b3S;I;2;;9;TIMBO;SC;09/2012;2.789;0;4;12;10;0;0;8;33;0;825;250;236;24;0;148;1.483;0;30;11;33;4;0;4;82;0;0;0;0;0;0;0;0;0;0;0;0;0;0;4;4;125;147;96;85;8;0;113;574;0;0;0;0;0;0;0;0;0;196;55;120;63;0;20;456;4;53;50;46;0;0;5;156;0;1;0
CECRISACRED - COOPERATIVA DE CRÉDITO MÚTUO DOS EMPREGADOS DA INDÚSTRIA E COMÉRCIO DO RAMO DE MATERIAIS DE CONSTRUÇÃO DA REGIÃO DE CRICIÚMA.;3.427.097;b3S;I;2;;9;CRICIUMA;SC;09/2012;2.782;0;0;0;0;0;0;0;0;3;257;365;87;0;0;0;712;0;58;65;26;0;0;0;149;0;0;0;0;0;0;0;0;0;0;0;0;0;0;0;0;89;156;286;123;0;0;0;654;0;0;0;0;0;0;0;0;0;46;78;87;0;0;0;211;2;264;526;261;0;0;0;1.053;0;3;0
COOPERATIVA DE CRÉDITO MÚTUO DOS COMERCIANTES DE VEÍCULOS, PEÇAS E ACESSÓRIOS PARA VEÍCULOS DE CURITIBA E REGIÃO - SICREDI SINCOCRED PR;7.070.495;b3S;I;2;;9;CURITIBA;PR;09/2012;2.779;0;0;0;0;0;0;0;0;7;50;46;3;0;0;0;106;0;0;0;0;0;0;0;0;0;5;4;10;0;0;0;19;0;0;0;0;0;0;0;0;134;1.751;417;127;12;0;6;2.446;0;0;0;0;0;0;0;0;0;5;3;2;0;0;0;10;0;59;79;56;0;0;0;194;0;4;0
UNICRED-CAMPOS CECM MEDICOS DEMAIS P.DE SAUDE DE CAMPOS LTDA;4.445.917;b3S;I;2;;9;CAMPOS DOS GOYTACAZES;RJ;09/2012;2.711;0;0;0;0;0;0;0;0;0;4;6;0;0;0;0;10;0;0;0;0;0;0;0;0;0;0;0;0;0;0;0;0;0;0;0;0;0;0;0;0;0;115;97;148;111;0;0;471;0;0;0;0;0;0;0;0;0;0;0;0;0;0;0;0;0;882;697;587;61;2;0;2.229;0;1;0
COOPERATIVA DE CRÉDITO DE LIVRE ADMISSÃO DA REGIÃO CENTRAL DE RONDÔNIA   SICOOB OUROCREDI;2.144.899;b3S;I;2;;9;OURO PRETO DO OESTE;RO;09/2012;2.707;0;0;0;0;0;0;0;0;6;105;37;25;0;0;13;185;0;0;0;0;0;0;0;0;0;0;0;0;0;0;0;0;0;0;0;0;0;0;0;0;12;880;420;54;0;0;568;1.934;0;0;0;0;0;0;0;0;0;284;35;18;0;0;15;351;0;182;33;0;0;0;16;232;0;6;0
COOPERATIVA DE ECONOMIA E CRÉDITO MÚTUO DOS EMPRESÁRIOS DE MOGI GUAÇU E REGIÃO - SICOOB CREDIAC;5.858.518;b3S;I;2;;9;MOGI-GUACU;SP;09/2012;2.666;13;5;11;35;0;0;0;64;2;489;38;35;0;0;41;605;0;10;32;0;0;0;14;56;0;0;0;0;0;0;0;0;0;0;0;0;0;0;0;0;80;470;331;284;3;0;216;1.384;0;0;0;0;0;0;0;0;56;77;84;0;0;0;25;241;1;66;112;75;0;0;49;303;0;13;0
CREDICOAMO CREDITO RURAL COOPERATIVA;81.723.108;b3S;I;2;;9;CAMPO MOURAO;PR;09/2012;2.661;0;269;1.471;12;0;0;0;1.752;0;0;0;0;0;0;0;0;0;0;0;0;0;0;0;0;0;0;0;0;0;0;0;0;0;0;0;0;0;0;0;0;0;0;0;0;0;0;0;0;0;0;0;0;0;0;0;0;0;0;0;0;0;0;0;0;0;0;910;0;0;0;0;910;0;0;0
COOPERATIVA DE ECONOMIA E CRÉDITO MÚTUO DOS EMPRESÁRIOS DE PRAIA GRANDE E REGIÃO - SICOOB COOPERACE;9.639.338;b3S;I;2;;9;PRAIA GRANDE;SP;09/2012;2.633;0;0;0;0;0;0;0;0;0;32;28;55;0;0;0;114;2;88;37;3;0;0;24;154;0;0;0;0;0;0;0;0;0;0;0;0;0;0;0;0;6;455;345;239;0;0;244;1.290;0;0;0;0;0;0;0;0;302;319;2;0;0;0;68;691;7;76;121;40;0;0;137;382;0;2;0
COOPERATIVA DE CRÉDITO DOS EMPRESÁRIOS DA GRANDE DOURADOS - SICOOB DOURADOS;10.319.386;b3S;I;2;;9;DOURADOS;MS;09/2012;2.626;0;0;0;0;0;0;0;0;63;121;33;16;0;0;41;274;8;98;0;0;0;0;4;110;0;0;0;0;0;0;0;0;0;0;0;0;0;0;0;0;290;945;110;154;33;0;426;1.959;0;0;0;0;0;0;0;0;0;4;0;0;0;0;1;4;11;148;55;20;0;0;35;268;0;11;0
COOPERATIVA DE CRÉDITO RURAL DA REGIÃO DA PRÉ-AMAZÔNIA - SICOOB CREDIMA;9.424.988;b3S;I;2;;9;ACAILANDIA;MA;09/2012;2.620;46;73;0;0;0;0;60;179;74;644;46;14;0;0;61;838;3;41;25;17;0;0;0;86;0;0;0;0;0;0;0;0;0;0;0;0;0;0;0;0;13;876;299;145;7;0;58;1.399;0;0;0;0;0;0;0;0;1;2;7;1;0;0;0;11;4;73;1;0;0;0;25;103;0;3;0
FINAMAX S.A. - CREDITO, FINANCIAMENTO E INVESTIMENTO;411.939;n1;I;2;;14;JUNDIAI;SP;09/2012;2.618;0;1;4;6;0;0;0;12;0;472;69;24;0;0;0;565;0;20;44;21;0;0;0;85;0;4;1;0;0;0;0;5;0;0;0;0;0;0;0;0;195;871;226;57;0;0;0;1.348;0;0;0;0;0;0;0;0;0;2;0;0;0;0;0;2;10;120;225;174;10;0;0;539;0;61;0
COOPERATIVA DE CRÉDITO DE LIVRE ADMISSÃO DA REGIÃO METROPOLITANA DE CURITIBA - SICREDI COPERCREDI PR;9.035.503;b3S;I;2;;9;COLOMBO;PR;09/2012;2.611;0;2;0;0;0;0;0;2;4;145;217;63;10;0;0;439;5;21;88;1;0;0;1;116;0;0;0;0;0;0;0;0;0;0;0;0;0;0;0;0;10;435;499;323;72;0;24;1.363;0;0;0;0;0;0;0;0;12;100;84;64;7;0;1;268;2;138;180;80;18;0;2;420;0;4;0
COOPERATIVA DE CRÉDITO RURAL DOS FORNECEDORES DE CANA DA REGIÃO DE CATANDUVA-COFOCRED;49.654.502;b3S;I;2;;9;CATANDUVA;SP;09/2012;2.605;0;94;511;163;0;0;0;769;0;185;1.336;316;0;0;0;1.837;0;0;0;0;0;0;0;0;0;0;0;0;0;0;0;0;0;0;0;0;0;0;0;0;0;0;0;0;0;0;0;0;0;0;0;0;0;0;0;0;0;0;0;0;0;0;0;0;0;0;0;0;0;0;0;0;0;0;0
COOPERATIVA DE CRÉDITO DE LIVRE ADMISSÃO DE ASSOCIADOS DE DORES DO INDAIÁ LTDA - COOPCREDI;2.254.376;b3S;I;2;;9;DORES DO INDAIA;MG;09/2012;2.581;0;10;0;0;0;0;0;10;0;420;89;100;0;0;26;634;0;42;14;25;0;0;6;87;0;0;1;0;0;0;0;1;0;0;0;0;0;0;0;0;1;608;382;225;29;0;103;1.347;0;0;0;0;0;0;0;0;0;17;17;38;19;0;6;97;0;132;125;112;1;0;28;398;0;5;0
COOPERATIVA DE CRÉDITO DE LIVRE ADMISSÃO SATELFORTE DE GOIÂNIA E ENTORNO LTDA.;97.360.804;b3S;I;2;;9;GOIANIA;GO;09/2012;2.572;0;0;0;0;0;0;0;0;19;95;63;203;228;0;125;733;0;0;0;0;0;0;0;0;0;0;0;0;0;0;0;0;0;0;0;0;0;0;0;0;16;281;133;352;360;0;460;1.601;0;0;0;0;0;0;0;0;0;0;0;0;0;0;0;0;0;49;27;56;47;0;60;238;0;0;0
COOPERATIVA DE ECONOMIA E CREDITO MUTUO DOS MEDICOS E DEMAIS PROFISSIONAIS DA SAUDE DE BAGE LTDA;2.463.485;b3S;I;2;;9;BAGE;RS;09/2012;2.534;0;0;0;0;0;0;0;0;0;0;0;0;0;0;0;0;0;0;0;0;0;0;0;0;0;0;0;0;0;0;0;0;0;0;0;0;0;0;0;0;11;75;73;86;0;0;0;245;0;0;0;0;0;0;0;0;0;0;0;0;0;0;0;0;0;579;889;648;149;22;0;2.287;0;1;0
COOPERATIVA DE ECONOMIA E CRÉDITO MÚTUO DOS MÉDICOS E DEMAIS PROFISSIONAIS DA SAÚDE DE SANTA MARIA LTDA;2.641.032;b3S;I;2;;9;SANTA MARIA;RS;09/2012;2.510;0;0;0;0;0;0;0;0;0;5;17;16;0;0;0;38;0;0;0;0;0;0;0;0;0;0;0;0;0;0;0;0;0;0;0;0;0;0;0;0;0;1;6;12;4;0;0;24;0;0;0;0;0;0;0;0;0;0;0;0;0;0;0;0;9;325;810;1.064;202;37;0;2.447;0;0;0
PERNAMBUCRED - COOPERATIVA DE ECONOMIA E CRÉDITO MÚTUO DOS SERVIDORES PÚBLICOS DOS PODERES EXECUTIVO, LEGISLATIVO, JUDICIÁRIO E DO MINISTÉRIO PÚBLICO EM PERNAMBUCO;4.146.333;b3S;I;2;;9;RECIFE;PE;09/2012;2.473;0;0;0;0;0;0;0;0;9;2;0;0;0;0;0;11;0;0;428;0;0;0;0;428;0;0;0;0;0;0;0;0;0;0;0;0;0;0;0;0;0;0;0;0;0;0;0;0;0;0;0;0;0;0;0;0;13;8;15;25;0;0;0;61;19;707;1.149;96;0;0;0;1.971;0;2;0
COOPERATIVA DE CRÉDITO DE LIVRE ADMISSÃO DE PARAÍSO DO TOCANTINS E REGIÃO LTDA;26.960.328;b3S;I;2;;9;PARAISO DO NORTE DO TOCANTINS;TO;09/2012;2.439;0;0;0;0;0;0;0;0;0;368;51;76;0;0;22;518;57;180;130;135;0;0;57;558;0;0;0;0;0;0;0;0;0;0;0;0;0;0;0;0;3;730;30;0;71;0;81;914;0;0;0;0;0;0;0;0;0;1;0;0;0;0;2;3;63;40;163;120;48;0;9;443;0;3;0
COOPERATIVA DE ECONOMIA E CRÉDITO MÚTUO DOS EMPRESÁRIOS DE LEME - SICOOB CREDIACIL;8.795.285;b3S;I;2;;9;LEME;SP;09/2012;2.426;0;17;33;5;0;0;2;57;9;200;57;21;0;0;25;313;0;184;0;0;0;0;0;184;0;0;0;0;0;0;0;0;0;0;0;0;0;0;0;0;62;678;277;330;81;0;79;1.506;0;0;0;0;0;0;0;0;6;46;24;57;0;0;9;143;29;89;34;32;0;0;33;218;0;4;0
HS FINANCEIRA S/A CREDITO, FINANCIAMENTO E INVESTIMENTOS;7.512.441;n1;I;2;;14;DOIS IRMAOS;RS;09/2012;2.415;0;0;0;0;0;0;0;0;0;206;0;0;0;0;0;206;6;0;0;0;0;0;0;6;0;0;0;0;0;0;0;0;0;0;0;0;0;0;0;0;0;1.113;728;336;0;0;0;2.177;0;0;0;0;0;0;0;0;0;0;0;0;0;0;0;0;0;4;13;4;3;1;0;26;0;0;0
COOPERATIVA DE CRÉDITO DE LIVRE ADMISSÃO DE ASSOCIADOS VALE DO RIO DO PEIXE - SICOOB CREDIRIO SC;78.865.995;b3S;I;2;;9;JOACABA;SC;09/2012;2.396;0;0;257;0;0;0;0;257;14;446;55;93;2;0;129;739;0;22;21;52;5;0;13;113;0;5;0;0;0;0;0;5;0;0;0;0;0;0;0;0;52;410;78;121;14;0;266;941;0;0;0;0;0;0;0;0;3;36;21;27;6;0;82;175;0;45;60;21;0;0;22;148;0;17;0
CENTRAL DAS COOPERATIVAS DE CRÉDITO MÚTUO DOS POLICIAIS FEDERAIS E SERVIDORES DA UNIÃO - FEDERALCRED CENTRAL;4.843.307;b3C;I;3;;9;MACEIO;AL;09/2012;2.367;0;0;0;0;0;0;0;0;0;0;0;0;0;0;0;0;0;0;0;0;0;0;0;0;0;0;0;0;0;0;0;0;0;0;0;0;0;0;0;0;0;0;0;0;0;0;0;0;0;0;0;0;0;0;0;0;0;0;0;0;0;0;0;0;75;2.008;259;25;0;0;0;2.367;0;0;0
COOPERATIVA DE CRÉDITO DE LIVRE ADMISSÃO DO CENTRO-SUL GOIANO LTDA;33.579.731;b3S;I;2;;9;MORRINHOS;GO;09/2012;2.350;0;0;0;0;0;0;5;5;0;3;0;0;0;0;2;5;0;624;3;0;0;0;6;633;0;0;0;0;0;0;0;0;0;0;0;0;0;0;0;0;9;712;115;53;0;0;51;940;0;0;0;0;0;0;0;0;4;100;59;91;0;0;13;266;0;489;0;0;0;0;9;498;0;4;0
COOPERATIVA DE CRÉDITO DE LIVRE ADMISSÃO DE BAMBUÍ LTDA. - SICOOB CREDIBAM;66.259.110;b3S;I;2;;9;BAMBUI;MG;09/2012;2.319;0;10;16;26;0;0;3;56;0;80;62;63;0;0;32;236;0;13;35;15;0;0;5;67;0;1;4;6;0;0;0;10;0;0;0;0;0;0;0;0;23;560;356;549;2;0;91;1.581;0;0;0;0;0;0;0;0;1;25;38;29;0;0;17;109;1;30;66;135;0;0;25;258;0;2;0
COOPERATIVA DE CRÉDITO RURAL DE PALMEIRAS LTDA;37.631.058;b3S;I;2;;9;PALMEIRAS DE GOIAS;GO;09/2012;2.317;0;4;12;8;0;0;5;29;6;106;42;81;4;0;15;253;0;0;0;0;0;0;0;0;0;0;0;0;0;0;0;0;0;0;0;0;0;0;0;0;31;609;672;301;82;0;54;1.749;0;0;0;0;0;0;0;0;0;6;50;35;0;0;0;92;0;171;19;0;0;0;4;193;0;1;0
COOPERATIVA DE CRÉDITO RURAL DO VALE DO GUAPORÉ LTDA.;4.542.393;b3S;I;2;;9;SAO MIGUEL DO GUAPORE;RO;09/2012;2.301;0;0;0;0;0;0;0;0;11;501;84;87;32;0;0;714;0;36;0;0;0;0;0;36;0;10;0;0;0;0;0;10;0;0;0;0;0;0;0;0;54;1.025;320;83;1;0;0;1.483;0;0;0;0;0;0;0;0;0;0;0;0;0;0;0;0;0;57;0;0;0;0;0;57;0;2;0
COOPERATIVA DE ECONOMIA E CRÉDITO MÚTUO DOS FUNCIONÁRIOS DA MARCHESAN - TATUCRED;53.505.681;b3S;I;2;;9;MATAO;SP;09/2012;2.263;0;0;0;0;0;0;0;0;2.263;0;0;0;0;0;0;2.263;0;0;0;0;0;0;0;0;0;0;0;0;0;0;0;0;0;0;0;0;0;0;0;0;0;0;0;0;0;0;0;0;0;0;0;0;0;0;0;0;0;0;0;0;0;0;0;0;0;0;0;0;0;0;0;0;0;0;0
COOPERATIVA DE CRÉDITO DOS MÉDICOS E DEMAIS PROFISSIONAIS DA SAÚDE DE POÇOS DE CALDAS LTDA.;2.326.434;b3S;I;2;;9;POCOS DE CALDAS;MG;09/2012;2.257;0;0;0;0;0;0;0;0;0;0;0;0;0;0;0;0;0;0;0;0;0;0;0;0;0;0;0;0;0;0;0;0;0;0;0;0;0;0;0;0;0;46;31;20;0;0;0;97;0;0;0;0;0;0;0;0;0;0;0;0;0;0;0;0;1;681;489;752;234;0;0;2.156;0;3;0
COOPERATIVA DE ECONOMIA E CRÉDITO MÚTUO DOS MÉDICOS E DEMAIS  PROFISSIONAIS DE NÍVEL SUPERIOR DA SAÚDE DE RIO BRANCO LTDA.;1.608.685;b3S;I;2;;9;RIO BRANCO;AC;09/2012;2.255;0;0;0;0;0;0;0;0;0;0;0;0;0;0;0;0;0;0;0;0;0;0;0;0;0;0;0;0;0;0;0;0;0;0;0;0;0;0;0;0;0;14;24;24;0;0;0;62;0;0;0;0;0;0;0;0;0;0;0;0;0;0;0;0;35;444;562;1.080;71;0;0;2.192;0;0;0
COOPERATIVA DE CREDITO DE CERES E RIALMA LTDA;9.576.849;b3S;I;2;;9;CERES;GO;09/2012;2.249;0;85;62;0;0;0;0;148;2;303;19;0;0;0;11;335;0;0;0;0;0;0;0;0;0;61;0;0;0;0;0;61;0;45;0;0;0;0;5;50;21;969;95;46;21;0;56;1.209;0;0;0;0;0;0;0;0;49;16;19;69;18;0;6;176;19;236;5;0;0;0;8;268;0;2;0
BANCO DE LA REPUBLICA ORIENTAL DEL URUGUAY;51.938.876;b1;I;3;;28;SAO PAULO;SP;09/2012;2.193;0;0;0;0;0;0;0;0;11;112;1.175;853;0;0;0;2.151;0;0;0;0;0;0;0;0;0;0;0;0;0;0;0;0;0;0;0;0;0;0;0;0;0;0;0;0;0;0;0;0;0;0;0;0;0;0;0;0;0;0;0;0;0;0;0;0;0;18;13;11;0;0;0;42;0;0;0
COOPERATIVA DE ECONOMIA E CRÉDITO MÚTUO DOS EMPRESÁRIOS DE ITAPETININGA - SICOOB CRED-ACI;8.844.074;b3S;I;2;;9;ITAPETININGA;SP;09/2012;2.188;0;76;11;0;0;0;0;87;0;124;53;55;0;0;27;259;0;66;13;12;0;0;27;118;0;0;0;0;0;0;0;0;0;0;0;0;0;0;0;0;10;404;291;319;0;0;285;1.308;0;0;0;0;0;0;0;0;0;45;17;0;0;0;46;108;1;83;86;57;0;0;76;303;0;6;0
BANCO BRJ S.A.;27.937.333;b2;I;2;;8;RIO DE JANEIRO;RJ;09/2012;2.183;0;0;0;0;0;0;0;0;0;0;0;0;0;0;0;0;658;0;0;0;0;0;0;658;0;0;0;0;0;0;0;0;0;0;0;0;0;0;0;0;450;0;0;0;0;0;0;450;0;0;0;0;0;0;0;0;0;0;0;0;0;0;0;0;178;454;442;0;0;0;511;1.075;0;0;0
COOPERATIVA DE ECONOMIA E CREDITO MUTUO DOS MEDICOS DAS MISSOES LTDA;95.163.002;b3S;I;2;;9;SANTO ANGELO;RS;09/2012;2.180;0;0;0;0;0;0;0;0;0;0;0;0;0;0;0;0;0;0;0;0;0;0;0;0;0;0;0;0;0;0;0;0;0;0;0;0;0;0;0;0;0;11;14;240;0;0;0;265;0;0;0;0;0;0;0;0;0;0;0;0;0;0;0;0;1;204;554;780;251;120;0;1.910;0;5;0
COOPERATIVA DE CRÉDITO DE LIVRE ADMISSÃO DE CARMO DO RIO CLARO LTDA - SICOOB CREDICARMO;25.743.311;b3S;I;2;;9;CARMO DO RIO CLARO;MG;09/2012;2.146;0;38;8;0;0;0;12;58;0;45;128;0;0;0;25;197;0;16;0;0;0;0;9;25;0;0;0;0;0;0;0;0;0;0;0;0;0;0;0;0;0;343;230;251;115;0;239;1.179;0;0;0;0;0;0;0;0;0;23;67;128;6;0;3;227;5;45;86;203;86;0;33;457;0;2;0
COOPERATIVA DE CRÉDITO DE LIVRE ADMISSÃO DE ASSOCIADOS DO PLANALTO SERRANO   SICOOB/SC   CREDISERRA;1.692.448;b3S;I;2;;9;URUPEMA;SC;09/2012;2.114;0;11;93;40;20;0;3;167;0;91;36;114;67;0;20;329;0;2;5;0;0;0;0;7;0;0;0;0;0;0;0;0;0;0;0;0;0;0;0;0;1;500;162;152;39;0;61;916;0;0;0;0;0;0;0;0;0;24;0;0;0;0;1;25;5;53;108;389;104;0;10;669;0;1;0
COOPERATIVA DE CRÉDITO RURAL DOS PRODUTORES DE LEITE DO VALE DO RIO GRANDE LTDA - SICOOB CREDILEITE;86.585.049;b3S;I;2;;9;UBERABA;MG;09/2012;2.052;0;31;0;0;0;0;10;40;8;269;88;9;0;0;239;613;0;0;0;0;0;0;12;12;0;13;0;0;0;0;14;27;0;0;0;0;0;0;0;0;0;461;34;0;0;0;132;626;0;0;0;0;0;0;0;0;0;267;154;173;0;0;53;647;0;40;12;0;0;0;34;86;0;1;0
COOPERATIVA DE CRÉDITO RURAL DE IRAÍ DE MINAS LTDA -SICOOB CREDIMIL;71.207.740;b3S;I;2;;9;IRAI DE MINAS;MG;09/2012;2.023;0;413;0;0;0;0;0;413;0;0;0;0;0;0;0;0;0;0;0;0;0;0;0;0;0;0;0;0;0;0;0;0;0;0;0;0;0;0;0;0;0;0;1.610;0;0;0;0;1.610;0;0;0;0;0;0;0;0;0;0;0;0;0;0;0;0;0;0;0;0;0;0;0;0;0;0;0
COOPERATIVA DE ECONOMIA E CRÉDITO MÚTUO DOS MÉDICOS E DEMAIS PROFISSIONAIS  DE NÍVEL SUPERIOR DA SAÚDE DE VITÓRIA LTDA. - UNICRED VITÓRIA;39.808.449;b3S;I;2;;9;VITORIA;ES;09/2012;2.019;0;0;0;0;0;0;0;0;0;1;8;0;0;0;0;9;0;0;0;0;0;0;0;0;0;0;0;0;0;0;0;0;0;0;0;0;0;0;0;0;0;0;0;0;0;0;0;0;0;0;0;0;0;0;0;0;0;0;0;0;0;0;0;0;0;434;594;586;393;3;0;2.011;0;0;0
COOPERATIVA DE CREDITO RURAL HORIZONTES NOVOS DE NOVO SARANDI-CREHNOR SARANDI;1.869.822;b3S;I;2;;9;SARANDI;RS;09/2012;2.005;1;302;250;251;208;0;0;1.013;0;12;0;0;0;0;0;12;0;120;5;0;0;0;0;124;0;0;0;0;0;0;0;0;0;0;0;0;0;0;0;0;101;281;311;8;3;0;0;705;0;0;0;0;0;0;0;0;7;26;0;0;0;0;0;33;32;46;16;20;0;0;0;114;0;4;0
COOPERATIVA DE CRÉDITO RURAL DE PITANGUI LTDA-SICOOB CREDICOOP;41.931.221;b3S;I;2;;9;PITANGUI;MG;09/2012;1.947;0;200;51;52;0;0;59;363;2;388;30;38;0;0;55;512;2;52;12;17;0;0;99;182;0;0;0;0;0;0;0;0;0;0;0;0;0;0;0;0;1;511;159;25;0;0;140;837;0;0;0;0;0;0;0;0;0;0;0;0;0;0;0;0;0;30;5;6;0;0;13;53;0;1;0
COOPERATIVA DE CREDITO RURAL COM INTERACAO SOLIDARIA DE CONSTANTINA-CRESOL CONSTANTINA.;2.663.426;b3S;I;2;;9;CONSTANTINA;RS;09/2012;1.942;0;0;0;0;0;0;0;0;4;117;10;9;2;0;0;142;0;0;1;3;1;0;0;6;2;0;0;0;0;0;0;2;0;0;0;0;0;0;0;0;139;741;86;169;137;308;0;1.580;0;0;0;0;0;0;0;0;5;83;16;25;7;0;0;136;1;26;16;25;1;0;0;70;0;6;0
COOPERATIVA DE CRÉDITO RURAL DE NOVA BRASILÂNDIA D'OESTE LTDA.;5.597.773;b3S;I;2;;9;NOVA BRASILANDIA;RO;09/2012;1.932;0;0;0;0;0;0;0;0;0;239;5;0;0;0;0;244;0;42;0;0;0;0;0;42;0;0;0;0;0;0;0;0;0;0;0;0;0;0;0;0;0;1.085;436;101;0;0;0;1.622;0;0;0;0;0;0;0;0;0;0;0;0;0;0;0;0;0;13;4;6;0;0;0;24;0;0;0
COOPERATIVA DE ECONOMIA E CRÉDITO MÚTUO DOS MÉDICOS, PROFISSIONAIS DA SAÚDE E PROFISSIONAIS LIBERAIS DA REGIÃO DA FRONTEIRA LTDA - UNICRED REGIÃO DA FRONTEIRA;1.705.236;b3S;I;2;;9;SANTANA DO LIVRAMENTO;RS;09/2012;1.929;0;0;0;0;0;0;0;0;0;6;1;0;0;0;0;7;0;0;0;0;0;0;0;0;0;0;0;0;0;0;0;0;0;0;0;0;0;0;0;0;0;114;98;16;1;1;0;231;0;0;0;0;0;0;0;0;0;0;436;0;0;0;0;436;0;129;386;441;179;116;0;1.250;0;4;0
COOPERATIVA DE CRÉDITO DE LIVRE ADMISSÃO DE GOIÂNIA E MICRORREGIÕES LTDA.;1.720.488;b3S;I;2;;9;GOIANIA;GO;09/2012;1.920;0;24;68;166;0;0;0;258;0;6;18;12;0;0;0;35;0;0;0;0;0;0;0;0;0;0;0;0;0;0;0;0;0;0;0;0;0;0;0;0;0;216;238;92;0;0;30;576;0;0;0;0;0;0;0;0;0;0;0;0;0;0;0;0;0;182;472;252;0;0;144;1.049;0;2;0
COOPERATIVA DE ECONOMIA E CRÉDITO MÚTUO DOS SECURITARIOS, DOS CORRETORES DE SEGUROS E DE CAPITALIZACAO DO RIO DE JANEIRO LTDA.;3.930.587;b3S;I;2;;9;RIO DE JANEIRO;RJ;09/2012;1.890;0;0;0;0;0;0;0;0;0;0;0;0;0;0;0;0;0;0;0;0;0;0;0;0;0;0;0;0;0;0;0;0;0;0;0;0;0;0;0;0;0;6;12;17;0;0;11;47;0;0;0;0;0;0;0;0;0;0;0;0;0;0;47;47;16;303;436;239;2;0;791;1.787;0;10;0
COOPERATIVA DE CRÉDITO DE LIVRE ADMISSAO DE ITAPAGIPE LTDA - SICOOB ITAPAGIPE;71.506.513;b3S;I;2;;9;ITAPAGIPE;MG;09/2012;1.864;0;0;0;0;0;0;0;0;0;51;44;29;0;0;15;138;5;65;91;30;0;0;101;292;0;0;0;0;0;0;0;0;0;0;0;0;0;0;0;0;1;370;185;186;0;0;156;898;0;0;0;0;0;0;0;0;0;76;50;163;0;0;28;317;1;37;87;75;0;0;18;217;0;2;0
AGÊNCIA DE FOMENTO DO ESTADO DE MATO GROSSO S.A.;6.284.531;n1;I;1;;30;CUIABA;MT;09/2012;1.836;0;0;0;0;0;0;0;0;13;37;113;280;63;0;0;506;1;6;16;28;3;0;0;55;0;0;0;0;0;0;0;0;0;0;0;0;0;0;0;0;44;72;195;297;62;0;0;670;0;0;0;0;0;0;0;0;0;0;0;0;0;0;0;0;11;60;163;307;64;0;0;605;0;0;0
COOPERATIVA DE ECONOMIA E CRÉDITO MÚTUO DOS TRABALHADORES NA ÁREA DE SAÚDE E AFINS DO ALTO URUGUAI - CREDISUL;7.494.300;b3S;I;2;;9;ERECHIM;RS;09/2012;1.817;0;0;0;0;0;0;0;0;28;647;43;0;0;0;61;779;0;12;0;0;0;0;20;32;0;0;0;0;0;0;0;0;0;0;0;0;0;0;0;0;20;641;26;0;0;0;178;866;0;0;0;0;0;0;0;0;1;40;0;0;0;0;24;65;0;49;2;0;0;0;24;75;0;1;0
COOPERATIVA DE CRÉDITO MÚTUO DOS PROFISSIONAIS DA ÁREA DA SAÚDE DA GRANDE SÃO PAULO - SICREDI GRANDE SÃO PAULO SP;4.306.351;b3S;I;2;;9;SAO PAULO;SP;09/2012;1.803;0;0;0;0;0;0;0;0;0;4;10;20;0;0;0;34;0;0;0;0;0;0;0;0;0;0;0;0;0;0;0;0;0;0;0;0;0;0;0;0;10;80;140;129;0;0;4;364;0;0;0;0;0;0;0;0;0;5;5;9;0;0;0;18;8;401;460;511;2;0;3;1.385;0;2;0
COOPERATIVA DE ECONOMIA E CRÉDITO MÚTUO DOS SERVIDORES DO PODER LEGISLATIVO FEDERAL E DO DISTRITO FEDERAL - SICOOB LEGISLATIVO;3.329.154;b3S;I;2;;9;BRASILIA;DF;09/2012;1.720;0;0;0;0;0;0;0;0;0;0;0;0;0;0;0;0;0;0;0;0;0;0;0;0;0;0;0;0;0;0;0;0;0;0;0;0;0;0;0;0;0;0;0;0;0;0;0;0;0;0;0;0;0;0;0;0;0;0;0;0;0;0;0;0;0;797;549;336;22;0;15;1.720;0;0;0
COOPERATIVA DE ECONOMIA E CRÉDITO MÚTUO DOS ADVOGADOS DE GOIÂNIA;2.480.577;b3S;I;2;;9;GOIANIA;GO;09/2012;1.675;0;0;0;0;0;0;0;0;0;0;0;0;0;0;0;0;0;0;0;0;0;0;0;0;0;0;0;0;0;0;0;0;0;0;0;0;0;0;0;0;0;2;2;0;0;0;2;6;0;0;0;0;0;0;0;0;0;0;0;0;0;0;0;0;4;433;414;585;180;0;51;1.668;0;1;0
COOPERATIVA DE CRÉDITO RURAL DE JUAZEIRO LTDA. - SICOOB CREDIJU;2.892.637;b3S;I;2;;9;JUAZEIRO;BA;09/2012;1.667;0;52;3;0;0;0;0;55;3;105;63;31;0;0;1;203;0;118;0;0;0;0;5;123;0;0;0;0;0;0;0;0;0;0;0;0;0;0;0;0;75;776;89;83;8;0;138;1.169;0;0;0;0;0;0;0;0;0;0;0;0;0;0;0;0;10;59;24;18;0;0;5;117;0;1;0
COOPERATIVA DE ECONOMIA E CRÉDITO MÚTUO DOS TRABALHADORES NA EXTRAÇÃO, BENEFICIAMENTO E TRANSPORTE DE ARDÓSIA DA REGIÃO CENTRO OESTE DO ESTADO DE MINAS GERAIS LTDA. - ARDOCREDI;5.735.447;b3S;I;2;;9;PAPAGAIOS;MG;09/2012;1.650;0;0;0;0;0;0;0;0;59;463;109;103;0;0;68;803;16;53;6;0;0;0;20;94;0;0;0;0;0;0;0;0;3;199;64;88;0;0;31;385;0;128;40;79;3;0;68;317;0;0;0;0;0;0;0;0;5;18;0;0;0;0;9;32;0;7;9;0;0;0;0;16;0;2;0
COOPERATIVA DE CRÉDITO MÚTUO DOS PROFISSIONAIS MÉDICOS E DA SAÚDE DE CURITIBA E REGIÃO METROPOLITANA - SICREDI MEDICRED PR;2.924.977;b3S;I;2;;9;CURITIBA;PR;09/2012;1.624;0;0;0;0;0;0;0;0;0;0;0;0;0;0;0;0;0;3;7;0;0;0;0;10;0;0;0;0;0;0;0;0;0;0;0;0;0;0;0;0;0;48;62;102;0;0;0;213;0;0;0;0;0;0;0;0;0;0;0;0;0;0;0;0;10;439;443;405;101;0;0;1.398;0;3;0
COOPERATIVA DE CRÉDITO DOS PROFISSIONAIS DE CONTABILIDADE DE GOIÂNIA E REGIÃO.;9.576.038;b3S;I;2;;9;GOIANIA;GO;09/2012;1.618;0;0;0;0;0;0;0;0;0;18;6;5;0;0;0;29;0;0;0;0;0;0;0;0;0;0;0;0;0;0;0;0;0;63;8;10;0;0;0;82;2;118;117;65;0;0;0;303;0;0;0;0;0;0;0;0;0;18;23;16;0;0;0;57;7;464;430;243;1;0;0;1.145;0;2;0
COOPERATIVA DE ECONOMIA E CRÉDITO MÚTUO DOS MÉDICOS E PROFISSIONAIS DE SAÚDE DE SÃO LUÍS - UNICRED DE SÃO LUÍS;8.143.326;b3S;I;2;;9;SAO LUIS;MA;09/2012;1.612;0;0;0;0;0;0;0;0;0;0;0;0;0;0;0;0;0;6;2;0;0;0;0;7;0;0;0;0;0;0;0;0;0;0;0;0;0;0;0;0;0;0;0;0;0;0;0;0;0;0;0;0;0;0;0;0;0;2;6;8;0;0;0;16;38;445;759;291;55;0;0;1.588;0;0;0
PÓLOCRED   SOCIEDADE DE CRÉDITO AO MICROEMPREENDEDOR E À EMPRESA DE PEQUENO PORTE LTDA.;7.945.233;n1;I;2;;10;FLORIANOPOLIS;SC;09/2012;1.611;0;0;0;0;0;0;0;0;155;613;38;16;0;0;0;822;0;0;0;0;0;0;0;0;0;0;0;0;0;0;0;0;0;58;0;0;0;0;0;58;151;317;43;2;0;0;0;513;0;0;0;0;0;0;0;0;0;0;0;0;0;0;0;0;6;172;0;0;0;0;0;178;0;40;0
COOPERATIVA DE ECONOMIA E CRÉDITO MÚTUO DA ALIANÇA DOS MÉDICOS E DEMAIS PROFISSIONAIS DA ÁREA DE SAÚDE DA REGIÃO NOROESTE PAULISTA - GRANCRED NOROESTE PAULISTA;3.149.086;b3S;I;2;;9;VOTUPORANGA;SP;09/2012;1.591;0;0;0;0;0;0;0;0;0;0;0;0;0;0;0;0;0;0;0;0;0;0;0;0;0;0;0;0;0;0;0;0;0;0;0;0;0;0;0;0;226;379;10;0;0;0;33;648;0;0;0;0;0;0;0;0;0;0;0;0;0;0;0;0;639;77;0;0;0;0;226;942;0;1;0
UNICRED PIAUI - COOPERATIVA DE ECONOMIA E CRÉDITO MÚTUO DOS  PROFISSIONAIS DA SAÚDE DAS REGIÕES CENTRO E NORTE DO PIAUÍ LTDA;3.128.973;b3S;I;2;;9;TERESINA;PI;09/2012;1.564;0;0;0;0;0;0;0;0;0;44;0;0;0;0;0;44;0;0;0;0;0;0;0;0;0;0;0;0;0;0;0;0;0;0;0;0;0;0;0;0;0;0;0;0;0;0;0;0;0;0;0;0;0;0;0;0;0;0;0;0;0;0;0;0;13;309;704;490;3;0;0;1.519;0;1;0
COOPERATIVA DE CRÉDITO DE LIVRE ADMISSÃO DE CAMPINA VERDE LTDA. - SICOOB CREDICAMPINA;1.609.345;b3S;I;2;;9;CAMPINA VERDE;MG;09/2012;1.563;0;0;0;0;0;0;0;0;0;84;57;123;22;0;3;289;0;10;7;26;0;0;0;44;0;0;0;0;0;0;0;0;0;0;0;0;0;0;0;0;0;811;86;116;15;0;69;1.097;0;0;0;0;0;0;0;0;0;0;11;0;0;0;11;23;0;82;7;13;0;0;6;108;0;2;0
COOPERATIVA DE ECONOMIA E CREDITO MUTUO DOS MEDICOS E DEMAIS PROFISSIONAIS DA SAUDE DA REGIÃO DA PRODUCAO LTDA- UNICRED REGIÃO DA PRODUÇÃO;1.151.839;b3S;I;2;;9;CARAZINHO;RS;09/2012;1.560;0;0;0;0;0;0;0;0;0;0;0;0;0;0;0;0;0;0;0;0;0;0;0;0;0;0;0;0;0;0;0;0;0;0;0;0;0;0;0;0;0;3;8;10;2;0;0;23;0;0;0;0;0;0;0;0;0;0;0;0;0;0;0;0;0;247;658;470;106;55;0;1.536;0;1;0
COOPERATIVA DE CRÉDITO DE SÃO FRANCISCO DE SALES LTDA - SICOOB CREDICOOPERTRIL;1.374.196;b3S;I;2;;9;SAO FRANCISCO DE SALES;MG;09/2012;1.554;0;0;120;0;0;0;84;204;0;129;406;94;0;0;60;688;0;0;0;0;0;0;0;0;0;0;0;0;0;0;0;0;0;0;0;0;0;0;0;0;1;317;72;6;0;0;73;469;0;0;0;0;0;0;0;0;0;40;54;64;0;0;10;168;0;16;3;0;0;0;5;25;0;1;0
CREDBRASIL - SOCIEDADE DE CRÉDITO AO MICROEMPREENDEDOR LTDA;3.635.061;n1;I;2;;10;PAULINIA;SP;09/2012;1.533;0;0;0;0;0;0;0;0;30;120;0;0;0;0;0;150;0;15;0;0;0;0;0;15;0;4;0;0;0;0;0;4;0;0;0;0;0;0;0;0;123;737;26;0;0;0;0;886;0;0;0;0;0;0;0;0;44;11;5;0;0;0;0;60;87;90;7;0;0;0;0;185;0;233;0
COOPERATIVA DE CRÉDITO MÚTUO DOS MICROS E PEQUENOS EMPRESÁRIOS E MICROEMPREENDEDORES DE SÃO CARLOS - SICOOB CREDIACISC;7.669.921;b3S;I;2;;9;SAO CARLOS;SP;09/2012;1.525;0;0;0;0;0;0;0;0;8;208;60;6;0;0;27;309;1;0;15;0;0;0;7;23;0;0;0;0;0;0;0;0;0;0;0;0;0;0;0;0;2;345;200;214;1;0;100;861;0;0;0;0;0;0;0;0;0;11;8;5;0;0;0;24;4;128;66;69;0;0;37;304;0;3;0
COOPERATIVA DE ECONOMIA E CREDITO MUTUO DOS SERVIDORES PUBLICOS MUNICIPAIS DE JOINVILLE-COOPERCRED DE JOINVILLE;2.780.020;b3S;I;2;;9;JOINVILLE;SC;09/2012;1.506;0;0;0;0;0;0;0;0;8;108;4;8;6;0;19;152;6;97;38;70;0;0;84;296;0;7;4;2;0;0;5;17;0;0;0;0;0;0;0;0;80;165;36;18;0;0;40;339;0;0;0;0;0;0;0;0;1;52;31;26;0;0;23;133;162;119;98;33;13;0;136;561;0;8;0
COOPERATIVA DE CRÉDITO RURAL DO PLANALTO SUL - SICOOB/SC - CREDISSERRANA;3.033.469;b3S;I;2;;9;LAGES;SC;09/2012;1.505;0;9;1;0;0;0;5;16;4;74;9;19;0;0;12;118;0;20;0;0;0;0;2;22;0;0;0;0;0;0;0;0;0;0;0;0;0;0;0;0;5;599;188;143;19;0;152;1.106;0;0;0;0;0;0;0;0;0;17;7;0;0;0;3;27;3;118;15;37;15;0;24;211;0;5;0
COOPERATIVA DE CRÉDITO DOS LOJISTAS DO DISTRITO FEDERAL - SICOOB CREDILOJISTA;7.836.458;b3S;I;2;;9;BRASILIA;DF;09/2012;1.504;0;0;0;0;0;0;0;0;0;120;0;0;0;0;5;124;0;1;0;0;0;0;2;3;0;0;0;0;0;0;0;0;0;0;0;0;0;0;0;0;6;652;43;21;0;0;368;1.089;0;0;0;0;0;0;0;0;0;0;0;0;0;0;0;0;0;90;52;0;0;0;143;285;0;2;0
COOPERATIVA DE CRÉDITO RURAL DE BOA ESPERANÇA LTDA. - SICOOB BELCREDI;869.687;b3S;I;2;;9;BOA ESPERANCA;MG;09/2012;1.481;0;203;162;248;0;0;0;612;0;3;4;0;0;0;47;54;0;0;0;0;0;0;0;0;0;0;0;0;0;0;0;0;0;0;0;0;0;0;0;0;0;573;61;6;0;0;10;650;0;0;0;0;0;0;0;0;0;69;36;45;0;0;0;150;0;0;9;0;0;0;6;15;0;0;0
COOPERATIVA DE ECONOMIA E CRÉDITO MÚTUO DOS EMPRESÁRIOS DE LENÇÓIS PAULISTA - SICOOB CRED-ACILPA;9.004.796;b3S;I;2;;9;LENCOIS PAULISTA;SP;09/2012;1.478;0;7;2;0;0;0;0;9;0;86;2;0;0;0;23;111;6;26;58;0;0;0;1;91;0;0;0;0;0;0;11;11;0;0;0;0;0;0;0;0;10;483;214;12;0;0;264;983;0;0;0;0;0;0;0;0;0;0;0;0;0;0;0;0;2;86;101;37;0;0;45;271;0;3;0
COOPERATIVA DE CRÉDITO DE LIVRE ADMISSÃO DO CENTRO SUL DA BAHIA LTDA - SICOOB CENTRO SUL;4.642.801;b3S;I;2;;9;JEQUIE;BA;09/2012;1.448;0;0;0;0;0;0;3;3;15;41;34;0;0;0;14;104;3;1;0;0;0;0;0;5;0;0;0;0;0;0;0;0;0;0;0;0;0;0;0;0;87;274;236;24;0;0;269;890;0;0;0;0;0;0;0;0;0;45;73;2;0;0;9;129;8;112;57;8;0;0;121;307;0;11;0
COOPERATIVA DE CREDITO RURAL COM INTERACAO SOLIDARIA DE ERECHIM - CRESOL ERECHIM;2.910.987;b3S;I;2;;9;ERECHIM;RS;09/2012;1.434;0;0;0;0;0;0;0;0;15;191;11;17;2;0;0;236;0;2;0;0;0;0;0;2;0;2;0;0;0;0;0;2;0;0;0;0;0;0;0;0;28;179;140;272;264;0;0;883;0;0;0;0;0;0;0;0;0;51;20;32;0;0;0;103;0;198;3;4;2;0;0;207;0;1;0
COOPERATIVA DE CRÉDITO DOS PROFISSIONAIS DA SAÚDE E DA EDUCAÇÃO DO NORTE PAULISTA - UNICRED NORTE PAULISTA;2.250.781;b3S;I;2;;9;BEBEDOURO;SP;09/2012;1.401;0;0;0;0;0;0;0;0;0;1;4;2;0;0;0;7;0;0;0;0;0;0;0;0;0;0;0;0;0;0;0;0;0;0;0;0;0;0;0;0;0;370;163;78;12;0;0;623;0;0;0;0;0;0;0;0;0;0;0;0;0;0;0;0;1;461;215;82;10;0;0;769;0;2;0
COOPERATIVA DE CRÉDITO DE LIVRE ADMISSÃO DE ASSOCIADOS DA QUARTA COLÔNIA DO RGS - SICREDI QUARTA COLÔNIA;87.755.047;b3S;I;2;;9;NOVA PALMA;RS;09/2012;1.393;0;0;0;0;0;0;0;0;0;3;6;9;2;0;0;20;0;7;12;4;0;0;0;23;0;0;0;0;0;0;0;0;0;0;0;0;0;0;0;0;8;411;505;284;56;0;0;1.264;0;0;0;0;0;0;0;0;0;0;26;9;0;0;0;35;0;5;13;25;0;0;0;44;0;6;0
COOPERATIVA DE CRÉDITO RURAL COM INTERAÇÃO SOLIDÁRIA DE BOTUVERÁ - CRESOL BOTUVERÁ;8.297.831;b3S;I;2;;9;BOTUVERA;SC;09/2012;1.383;0;0;1;2;1;1;0;5;15;404;67;81;24;7;149;749;0;0;1;2;2;1;0;6;13;47;2;8;3;1;7;80;0;0;0;0;0;0;0;0;1;324;69;41;25;10;12;481;0;0;0;0;0;0;0;0;0;0;2;4;2;2;0;10;0;23;12;10;3;1;1;50;0;3;0
COOPERATIVA DE CRÉDITO RURAL DE SÃO VICENTE DE MINAS LTDA. - SICOOB CREDISAVI;86.476.199;b3S;I;2;;9;SAO VICENTE DE MINAS;MG;09/2012;1.373;1;137;0;20;0;0;0;158;3;283;14;5;0;0;17;322;0;0;0;0;0;0;0;0;0;0;0;0;0;0;0;0;0;0;0;0;0;0;0;0;13;385;93;131;14;0;79;715;0;0;0;0;0;0;0;0;0;75;11;14;0;0;0;100;0;14;38;16;0;0;10;78;0;0;0
COOPERATIVA DE ECONOMIA E CRÉDITO MÚTUO DOS MÉDICOS E PROFISSIONAIS DA SAÚDE DA REGIÃO DE CARATINGA, MANHUAÇU E CARANGOLA LTDA. - SICOOB PROFISSIONAIS DA SAÚDE;71.261.184;b3S;I;2;;9;CARATINGA;MG;09/2012;1.372;0;0;0;0;0;0;0;0;0;0;0;0;0;0;0;0;0;0;0;0;0;0;0;0;0;0;0;0;0;0;0;0;0;0;0;0;0;0;0;0;0;40;25;22;0;0;27;114;0;0;0;0;0;0;0;0;0;0;0;0;0;0;0;0;0;183;367;547;141;0;17;1.256;0;3;0
CREDIX FINANCIAL S.A. SOCIEDADE DE CRÉDITO AO MICROEMPREENDEDOR E À EMPRESA DE PEQUENO PORTE;11.608.711;n1;I;2;;10;RIO DE JANEIRO;RJ;09/2012;1.363;0;0;0;0;0;0;0;0;26;444;121;53;0;0;0;645;0;7;0;0;0;0;0;7;40;20;0;0;0;0;0;60;0;0;0;0;0;0;0;0;112;338;26;0;0;0;0;476;0;0;0;0;0;0;0;0;0;0;0;0;0;0;0;0;0;133;19;0;0;0;0;152;0;23;0
COOPERATIVA DE ECONOMIA E CRÉDITO MÚTUO DOS ENGENHEIROS, ARQUITETOS, AGRÔNOMOS E AFINS DO ESTADO DO RIO GRANDE DO SUL;9.187.555;b3S;I;2;;9;PORTO ALEGRE;RS;09/2012;1.356;0;0;0;0;0;0;0;0;0;157;186;0;0;0;0;343;4;176;519;58;0;0;0;756;0;0;0;0;0;0;0;0;0;0;0;0;0;0;0;0;4;54;29;14;0;0;0;101;0;0;0;0;0;0;0;0;0;0;0;0;0;0;0;0;0;31;103;20;0;0;0;155;0;2;0
COOPERATIVA DE CREDITO DE CAPITÓLIO LTDA - SICOOB CREDICAPI;804.046;b3S;I;2;;9;CAPITOLIO;MG;09/2012;1.277;0;0;0;0;0;0;0;0;0;39;13;0;0;0;278;330;1;2;0;0;0;0;20;23;0;9;7;6;0;0;0;22;0;0;0;0;0;0;0;0;0;169;81;73;0;0;449;772;0;0;0;0;0;0;0;0;0;0;0;0;0;0;2;2;0;14;28;25;0;0;60;127;0;1;0
COOPERATIVA DE ECONOMIA E CRÉDITO MÚTUO DOS FUNCIONÁRIOS DA NESTLÉ - CREDI NESTLÉ;62.562.012;b3S;I;2;;9;SAO PAULO;SP;09/2012;1.247;0;0;0;0;0;0;0;0;0;1.247;0;0;0;0;0;1.247;0;0;0;0;0;0;0;0;0;0;0;0;0;0;0;0;0;0;0;0;0;0;0;0;0;0;0;0;0;0;0;0;0;0;0;0;0;0;0;0;0;0;0;0;0;0;0;0;0;0;0;0;0;0;0;0;0;1;0
COOPERATIVA DE CRÉDITO RURAL DE CONSELHEIRO PENA LTDA. - SICOOB CREDICOPE;38.588.174;b3S;I;2;;9;CONSELHEIRO PENA;MG;09/2012;1.201;0;0;0;0;0;0;0;0;0;127;0;39;0;0;188;354;0;62;3;0;0;0;29;93;0;0;0;0;0;0;0;0;0;0;0;0;0;0;0;0;0;378;19;27;0;0;312;737;0;0;0;0;0;0;0;0;0;0;0;0;0;0;0;0;0;0;13;4;0;0;0;17;0;0;0
COOPERATIVA DE CRÉDITO RURAL DE VAZANTE LTDA. - SICOOB CREDIVAZ;803.287;b3S;I;2;;9;VAZANTE;MG;09/2012;1.178;0;0;0;0;0;0;0;0;0;70;83;3;0;0;8;164;0;0;0;0;0;0;0;0;0;0;0;0;0;0;0;0;0;0;0;0;0;0;0;0;0;766;180;0;0;0;59;1.005;0;0;0;0;0;0;0;0;0;7;1;0;0;0;0;8;0;0;0;0;0;0;0;0;0;0;0
COOPERATIVA DE ECONOMIA E CRÉDITO MÚTUO DOS PROFISSIONAIS DA ÁREA NOTARIAL E REGISTRAL DO RIO GRANDE DO SUL E SANTA CATARINA;7.714.057;b3S;I;2;;9;PORTO ALEGRE;RS;09/2012;1.155;0;0;0;0;0;0;0;0;0;0;0;0;0;0;0;0;0;0;0;0;0;0;0;0;0;0;0;0;0;0;0;0;0;0;0;0;0;0;0;0;0;0;47;0;0;0;0;47;0;0;206;0;0;0;0;206;0;0;0;0;0;0;0;0;0;42;841;18;0;0;0;902;0;0;0
COOPERATIVA DE CRÉDITO RURAL ALTO RIO GRANDE LTDA - CREDIGRANDE;25.626.490;b3S;I;2;;9;LAVRAS;MG;09/2012;1.153;0;0;105;0;0;0;0;105;87;48;24;5;0;0;0;164;0;20;13;31;0;0;0;64;0;0;0;0;0;0;0;0;0;53;15;0;0;0;0;68;9;393;200;0;0;0;132;734;0;0;0;0;0;0;0;0;0;0;0;0;0;0;0;0;0;17;0;0;0;0;0;17;0;1;0
COOPERATIVA DE ECONOMIA E CREDITO MUTUO  DOS CORRETORES DE SEGUROS DE PORTO ALEGRE;2.999.687;b3S;I;2;;9;PORTO ALEGRE;RS;09/2012;1.153;0;0;0;0;0;0;0;0;0;0;0;0;0;0;0;0;0;0;0;0;0;0;0;0;0;0;0;0;0;0;0;0;0;0;0;0;0;0;0;0;1;201;16;0;0;0;0;218;0;1;0;0;0;0;0;1;0;0;0;0;0;0;0;0;75;397;440;16;0;0;0;927;0;6;0
COOPERATIVA DE ECONOMIA E CRÉDITO MÚTUO DOS EMPRESÁRIOS DE SOROCABA E REGIÃO - SICOOB COOPERASO;10.175.348;b3S;I;2;;9;SOROCABA;SP;09/2012;1.134;0;0;0;0;0;0;0;0;8;12;18;40;0;0;0;78;0;0;0;0;0;0;0;0;0;0;0;0;0;0;0;0;0;0;0;0;0;0;0;0;47;162;95;104;0;0;71;479;0;0;0;0;0;0;0;0;8;56;25;26;0;0;10;125;38;129;92;76;0;0;114;449;0;3;0
COOPERATIVA DE ECONOMIA E CRÉDITO MÚTUO DOS PEQUENOS E MICROS EMPRESÁRIOS E MICROEMPREENDEDORES DA REGIÃO METROPOLITANA DE PORTO ALEGRE LTDA - COOPESA;6.975.532;b3S;I;2;;9;PORTO ALEGRE;RS;09/2012;1.131;0;0;0;0;0;0;0;0;14;13;21;0;0;0;0;48;0;18;2;0;0;0;13;34;0;0;0;0;0;0;0;0;0;0;0;0;0;0;0;0;14;571;28;6;0;0;275;894;0;0;0;0;0;0;0;0;0;3;0;0;0;0;0;3;0;54;27;0;0;0;61;142;0;10;0
COOPERATIVA DE CRÉDITO RURAL DE GUAPÉ LTDA - SICOOB CREDIGUAPÉ;71.009.237;b3S;I;2;;9;GUAPE;MG;09/2012;1.129;0;0;76;75;0;0;0;151;0;13;8;7;0;0;0;27;0;0;0;0;0;0;0;0;0;0;0;0;0;0;0;0;0;55;75;0;0;0;3;133;0;370;289;73;14;0;29;776;0;0;0;0;0;0;0;0;0;0;0;0;0;0;0;0;3;2;30;2;0;0;3;40;0;2;0
COOPERATIVA DE ECONOMIA E CREDITO MUTUO DOS MEDICOS E DEMAIS PROFISSIONAIS DA SAUDE, CRA, CRC, CREA E CORECON DO LITORAL SUL LTDA.- UNICRED LITORAL SUL-RS;1.823.689;b3S;I;2;;9;RIO GRANDE;RS;09/2012;1.085;0;0;0;0;0;0;0;0;0;0;0;0;0;0;0;0;0;0;0;0;0;0;0;0;0;0;0;0;0;0;0;0;0;0;0;0;0;0;0;0;7;9;12;3;0;0;0;30;0;0;0;0;0;0;0;0;0;0;0;0;0;0;0;0;4;207;405;357;50;31;0;1.054;0;0;0
COOPERATIVA DE CRÉDITO DE LIVRE ADMISSÃO DE PATROCÍNIO E REGIÃO LTDA. - SICOOB COOPACREDI;65.229.254;b3S;I;2;;9;PATROCINIO;MG;09/2012;1.074;0;0;0;0;0;0;0;0;5;37;27;33;0;0;29;131;0;11;1;0;0;0;0;12;0;0;0;0;0;0;0;0;0;0;0;0;0;0;0;0;37;176;166;116;0;0;151;645;0;0;0;0;0;0;0;0;0;56;21;33;0;0;23;132;0;57;45;25;0;0;23;150;0;3;0
COOPERATIVA DE CRÉDITO RURAL DO EXTREMO OESTE DE SÃO PAULO;5.463.934;b3S;I;2;;9;VOTUPORANGA;SP;09/2012;1.065;0;0;0;0;0;0;0;0;1;61;0;0;0;0;24;85;0;0;0;0;0;0;0;0;0;0;0;0;0;0;0;0;0;0;0;0;0;0;0;0;48;374;32;0;0;0;202;655;0;0;0;0;0;0;0;0;0;62;19;16;0;0;35;132;5;107;3;0;0;0;73;188;0;5;0
COOPERATIVA DE CRÉDITO MÚTUO DOS PROFISSIONAIS DA SAÚDE DE ASSIS E REGIÃO;3.112.504;b3S;I;2;;9;ASSIS;SP;09/2012;1.063;0;0;0;0;0;0;0;0;0;0;0;0;0;0;0;0;0;0;0;0;0;0;0;0;0;0;0;0;0;0;0;0;0;0;0;0;0;0;0;0;78;418;144;1;0;0;0;640;0;0;0;0;0;0;0;0;0;46;2;7;13;1;0;69;63;133;81;23;52;0;0;352;0;2;0
COOPERATIVA DE ECONOMIA E CRÉDITO MÚTUO DOS MÉDICOS E DEMAIS PROFISSIONAIS LIBERAIS DA GRANDE SANTA ROSA LTDA.;1.775.072;b3S;I;2;;9;SANTA ROSA;RS;09/2012;1.059;0;0;0;0;0;0;0;0;0;0;0;0;0;0;0;0;0;0;201;0;0;0;0;201;0;0;0;0;0;0;0;0;0;0;0;0;0;0;0;0;0;0;0;0;0;0;0;0;0;0;0;0;0;0;0;0;0;0;0;0;0;0;0;0;0;116;276;355;78;33;0;858;0;0;0
UNICRED SOBRAL - COOPERATIVA DE ECONOMIA E CRÉDITO MÚTUO DOS  MÉDICOS E DEMAIS PROFISSIONAIS DA SAÚDE DA REGIÃO DE SOBRAL LTDA;86.913.977;b3S;I;2;;9;SOBRAL;CE;09/2012;1.059;0;0;0;0;0;0;0;0;0;0;0;0;0;0;0;0;0;0;0;0;0;0;0;0;0;0;0;0;0;0;0;0;0;0;0;0;0;0;0;0;1;23;22;25;0;0;0;72;0;0;0;0;0;0;0;0;0;0;0;0;0;0;0;0;0;297;300;309;81;0;0;987;0;0;0
COOPERATIVA DE ECONOMIA E CRÉDITO MÚTUO DOS MÉDICOS E DEMAIS PROFISSIONAIS DE NÍVEL SUPERIOR DA ÁREA DE SAÚDE DE OURINHOS - OURICRED;2.179.673;b3S;I;2;;9;OURINHOS;SP;09/2012;1.056;0;0;0;0;0;0;0;0;0;0;0;0;0;0;0;0;0;0;0;0;0;0;0;0;0;0;0;0;0;0;0;0;0;0;0;0;0;0;0;0;0;10;1;0;0;0;46;57;0;0;0;0;0;0;0;0;0;0;0;0;0;0;0;0;0;162;320;374;104;0;39;998;0;1;0
COOPERATIVA DE CRÉDITO DE LIVRE ADMISSÃO DO VALE RIO CRIXÁS LTDA.;7.108.146;b3S;I;2;;9;CRIXAS;GO;09/2012;1.048;0;0;0;0;0;0;0;0;1;115;17;16;0;0;5;155;0;0;0;0;0;0;0;0;0;0;0;0;0;0;0;0;0;0;0;0;0;0;0;0;3;370;209;266;0;0;24;872;0;0;0;0;0;0;0;0;0;0;0;0;0;0;0;0;0;18;0;0;0;0;2;20;0;1;0
COOPERATIVA DE CRÉDITO RURAL DE SACRAMENTO LTDA - SICOOB CREDICOASA;71.154.256;b3S;I;2;;9;SACRAMENTO;MG;09/2012;1.039;0;0;0;0;0;0;0;0;0;0;0;0;0;0;0;0;0;0;0;0;0;0;0;0;0;0;0;0;0;0;0;0;0;0;0;0;0;0;0;0;0;543;188;203;0;0;60;994;0;0;0;0;0;0;0;0;0;19;9;10;0;0;7;45;0;0;0;0;0;0;0;0;0;0;0
COOPERATIVA DE ECONOMIA E CRÉDITO MÚTUO DOS COMERCIANTES DE  AUTOPEÇAS E SERVIÇOS DE VITÓRIA DA CONQUISTA - SICOOB COOPESE;2.882.258;b3S;I;2;;9;VITORIA DA CONQUISTA;BA;09/2012;1.021;0;0;0;0;0;0;0;0;1;111;19;27;0;0;12;170;0;0;0;0;0;0;0;0;0;0;0;0;0;0;0;0;0;0;0;0;0;0;0;0;28;448;172;73;0;0;29;750;0;0;0;0;0;0;0;0;0;13;31;0;0;0;0;44;0;23;25;0;0;0;5;53;0;5;0
COOPERATIVA DE ECONOMIA E CRÉDITO MÚTUO DOS MÉDICOS E PROFISSIONAIS DA ÁREA DE SAÚDE DE SÃO PAULO - SICOOB GRANDE SÃO PAULO;69.181.709;b3S;I;2;;9;SAO PAULO;SP;09/2012;1.017;0;0;0;0;0;0;0;0;0;0;0;0;0;0;0;0;0;0;0;0;0;0;0;0;0;0;0;0;0;0;0;0;0;0;0;0;0;0;0;0;0;42;37;107;83;0;11;280;0;0;0;0;0;0;0;0;0;0;0;0;0;0;0;0;3;172;81;92;10;0;377;735;0;1;0
COOPERATIVA DE ECONOMIA E CREDITO MUTUO DOS MEDICOS E DEMAIS PROFISSIONAIS DA SAUDE DE JOACABA;2.853.045;b3S;I;2;;9;JOACABA;SC;09/2012;1.003;0;0;0;0;0;0;0;0;0;0;0;0;0;0;0;0;0;0;0;0;0;0;0;0;0;0;0;0;0;0;0;0;0;0;0;0;0;0;0;0;0;3;2;0;0;0;0;6;0;0;0;0;0;0;0;0;0;0;0;0;0;0;0;0;0;91;272;548;87;0;0;998;0;0;0
COOPERATIVA DE ECONOMIA E CRÉDITO MÚTUO DOS MÉDICOS E DEMAIS  PROFISSIONAIS DA SAÚDE DE BOA VISTA LTDA;2.137.018;b3S;I;2;;9;BOA VISTA;RR;09/2012;1.000;0;0;0;0;0;0;0;0;0;0;0;0;0;0;0;0;0;0;0;0;0;0;0;0;0;0;0;0;0;0;0;0;0;0;0;0;0;0;0;0;0;16;19;1;0;0;0;37;0;0;0;0;0;0;0;0;0;0;0;0;0;0;0;0;0;278;246;434;5;0;0;963;0;0;0
COOPERATIVA DE CRÉDITO DE LIVRE ADMISSÃO DE ASSOCIADOS DO SUDOESTE DA BAHIA LTDA. - SICOOB SUDOESTE;2.558.287;b3S;I;2;;9;BRUMADO;BA;09/2012;977;0;0;0;0;0;0;0;0;0;22;0;0;0;0;17;39;0;41;129;0;0;0;11;181;0;0;0;0;0;0;0;0;0;0;0;0;0;0;0;0;38;82;65;29;0;0;82;296;0;0;0;0;0;0;0;0;10;42;27;0;0;0;11;90;0;217;127;0;0;0;21;366;0;4;0
COOPCRED-COOPERATIVA DE CRÉDITO DOS FORNECEDORES DE CANA E AGROPECUARISTAS DA REGIÃO OESTE PAULISTA;53.623.781;b3S;I;2;;9;VALPARAISO;SP;09/2012;957;4;177;0;0;0;0;91;273;0;246;33;0;0;0;29;307;0;0;0;0;0;0;0;0;0;0;0;0;0;0;0;0;0;0;0;0;0;0;0;0;6;57;0;0;0;0;134;196;0;0;0;0;0;0;0;0;0;155;0;0;0;0;13;168;4;3;0;0;0;0;5;12;0;1;0
COOPERATIVA DE CRÉDITO RURAL DE ABELARDO LUZ - SULCREDI/CREDILUZ;1.073.966;b3S;I;2;;9;ABELARDO LUZ;SC;09/2012;942;0;0;11;0;0;0;0;12;0;20;1;0;0;0;0;21;2;0;0;0;0;0;0;2;0;0;0;0;0;0;0;0;0;0;0;0;0;0;0;0;3;662;113;1;1;0;0;780;0;0;0;0;0;0;0;0;1;63;22;0;0;0;0;85;0;34;6;0;0;0;0;40;0;1;0
COOPERATIVA DE CRÉDITO DE LIVRE ADMISSÃO DE ASSOCIADOS DE CAÇADOR   SICOOB CAÇADOR SC;86.791.837;b3S;I;2;;9;CACADOR;SC;09/2012;931;0;0;0;0;0;0;0;0;19;74;0;0;0;0;8;100;0;0;0;0;0;0;0;0;0;11;0;0;0;0;0;11;0;0;0;0;0;0;0;0;23;371;85;0;0;0;73;552;0;0;0;0;0;0;0;0;0;31;0;0;0;0;5;35;0;25;0;0;0;0;202;227;0;5;0
COOPERATIVA DE CREDITO RURAL COM INTERACAO SOLIDARIA DE MARMELEIRO - CRESOL MARMELEIRO;971.297;b3S;I;2;;9;MARMELEIRO;PR;09/2012;921;0;0;0;0;0;0;0;0;0;0;19;38;36;0;0;92;0;0;0;0;0;0;0;0;0;0;0;0;0;0;0;0;0;0;0;0;0;0;0;0;178;6;32;64;60;30;1;371;0;0;0;0;0;0;0;0;0;0;0;0;0;0;0;0;0;2;452;3;0;0;0;457;0;1;0
COOPERATIVA DE CRÉDITO DOS EMPRESÁRIOS DE MACAPÁ E SANTANA - SICOOB CREDEMPRESAS-AP;13.517.050;b3S;I;2;;9;MACAPA;AP;09/2012;920;0;0;0;0;0;0;0;0;0;0;0;0;0;0;0;0;0;0;0;0;0;0;0;0;0;0;0;0;0;0;0;0;0;0;0;0;0;0;0;0;4;174;245;159;0;0;172;755;0;0;0;0;0;0;0;0;0;0;0;0;0;0;0;0;9;18;41;40;6;0;51;165;0;0;0
NOVINVEST CORRETORA DE VALORES MOBILIARIOS LTDA.;43.060.029;n2;I;2;;15;SAO PAULO;SP;09/2012;914;0;0;0;0;0;0;0;0;0;0;0;0;0;0;0;0;0;0;0;0;0;0;0;0;0;0;0;0;0;0;0;0;0;0;0;0;0;0;0;0;0;0;0;0;0;0;0;0;0;0;0;0;0;0;0;0;0;0;0;0;0;0;0;0;0;914;0;0;0;0;0;914;0;0;0
COOPERATIVA DE CRÉDITO RURAL DA ALTA PAULISTA;59.869.560;b3S;I;2;;9;ADAMANTINA;SP;09/2012;909;0;24;0;0;0;0;386;410;0;0;0;0;0;0;0;0;0;0;0;0;0;0;0;0;0;0;0;0;0;0;0;0;0;0;0;0;0;0;0;0;0;0;0;0;0;0;0;0;0;0;0;0;0;0;0;0;0;0;0;0;0;0;0;0;0;0;0;0;0;0;499;499;0;0;0
COOPERATIVA DE CRÉDITO DE LIVRE ADMISSÃO DA REGIÃO DE TIROS E MATUTINA LTDA - SICOOB CREDITIROS;42.880.617;b3S;I;2;;9;TIROS;MG;09/2012;899;0;0;0;0;0;0;0;0;0;158;163;15;0;0;28;364;0;0;0;0;0;0;0;0;0;0;0;0;0;0;0;0;0;0;0;0;0;0;0;0;0;69;126;4;0;0;175;374;0;0;0;0;0;0;0;0;2;15;38;53;0;0;11;120;0;4;10;13;0;0;13;40;0;2;0
CREDSUPER - COOPERATIVA DE ECONOMIA E CRÉDITO MÚTUO DOS SERVIDORES DA UNIVERSIDADE FEDERAL DO RIO GRANDE DO NORTE;4.138.455;b3S;I;2;;9;NATAL;RN;09/2012;889;0;0;0;0;0;0;0;0;0;0;0;0;0;0;0;0;0;230;91;128;133;39;0;622;0;0;0;0;0;0;0;0;0;0;0;0;0;0;0;0;0;0;0;0;0;0;0;0;0;0;0;0;0;0;0;0;0;0;0;0;0;0;0;0;0;39;59;137;34;0;0;268;0;0;0
COOPERATIVA DE ECONOMIA E CRÉDITO MUTUO DOS MEDICOS E DEMAIS PROFISSIONAIS DE NIVEL SUPERIOR DA AREA DE SAUDE DE SALVADOR E REGIAO METROPOLITANA LTDA - SICOOB CREDMED;7.440.317;b3S;I;2;;9;SALVADOR;BA;09/2012;877;0;0;0;0;0;0;0;0;0;16;2;0;0;0;3;21;22;10;7;0;0;0;0;39;0;0;0;0;0;0;0;0;0;0;0;0;0;0;0;0;0;64;0;0;0;0;62;126;0;0;0;0;0;0;0;0;0;0;0;0;0;0;0;0;52;148;137;48;0;0;306;691;0;1;0
COOPERATIVA DE ECONOMIA E CREDITO MUTUO DOS MEDICOS E DEMAIS PROFISSIONAIS DA SAUDE DA FRONTEIRA OESTE LTDA;4.724.403;b3S;I;2;;9;URUGUAIANA;RS;09/2012;876;0;0;0;0;0;0;0;0;0;0;0;0;0;0;0;0;0;1;0;0;0;0;0;1;0;0;0;0;0;0;0;0;0;0;0;0;0;0;0;0;0;11;32;24;0;0;0;67;0;0;0;0;0;0;0;0;0;6;17;18;0;0;0;41;0;130;234;272;88;41;0;765;0;2;0
COOPERATIVA DE CREDITO DE SAO GONÇALO DO PARA LTDA - SICOOB CREDISAOGONÇALO;41.683.228;b3S;I;2;;9;SAO GONCALO DO PARA;MG;09/2012;853;0;0;0;0;0;0;0;0;1;247;96;167;4;0;12;527;0;0;0;0;0;0;0;0;0;19;7;19;0;0;0;45;0;0;0;0;0;0;0;0;8;40;89;74;0;0;10;221;0;0;0;0;0;0;0;0;0;0;0;0;0;0;0;0;0;13;21;23;0;0;2;60;0;0;0
SOCICRED SOCIEDADE DE CREDITO AO MICROEMPREENDEDOR LTDA;5.289.612;n1;I;2;;10;PORTO ALEGRE;RS;09/2012;842;0;0;0;0;0;0;0;0;281;0;0;0;0;0;0;281;15;0;0;0;0;0;0;15;0;0;0;0;0;0;0;0;0;0;0;0;0;0;0;0;24;5;0;0;0;0;0;28;0;0;0;0;0;0;0;0;0;0;0;0;0;0;0;0;84;49;121;187;78;0;0;518;0;0;0
ATLANTA SOCIEDADE DE CRÉDITO AO MICROEMPREENDEDOR LTDA;4.772.908;n1;I;2;;10;PASSOS;MG;09/2012;829;0;0;0;0;0;0;0;0;33;377;8;0;0;0;0;418;0;0;0;0;0;0;0;0;0;0;0;0;0;0;0;0;0;0;0;0;0;0;0;0;49;164;0;0;0;0;0;213;0;0;0;0;0;0;0;0;7;35;0;0;0;0;0;42;15;27;5;0;0;0;0;47;0;109;0
COOPERATIVA DE CRÉDITO DE DORES DO INDAIÁ LTDA - SICOOB CREDINDAIÁ;71.069.587;b3S;I;2;;9;DORES DO INDAIA;MG;09/2012;822;0;0;0;0;0;0;0;0;0;4;5;5;3;0;4;21;0;1;1;0;0;0;0;2;0;0;0;0;0;0;0;0;0;0;0;0;0;0;0;0;0;436;90;9;0;0;159;694;0;0;0;0;0;0;0;0;0;0;0;0;0;0;0;0;0;59;17;19;0;0;9;105;0;1;0
COOPERATIVA DE CRÉDITO DE LIVRE ADMISSÃO DE CAMPOS GERAIS E CAMPO DO MEIO LTDA - SICOOB CREDCAM;71.146.450;b3S;I;2;;9;CAMPOS GERAIS;MG;09/2012;803;0;0;0;0;0;0;0;0;0;53;0;0;0;0;3;56;0;36;0;36;0;0;0;72;0;0;0;0;0;0;0;0;0;0;0;0;0;0;0;0;50;192;111;9;0;0;217;578;0;0;0;0;0;0;0;0;0;0;0;0;0;0;0;0;0;34;30;19;0;0;12;95;0;1;0
COOPERATIVA DE CRÉDITO RURAL COM INTERAÇÃO SOLIDÁRIA DE ÁGUAS MORNAS - CRESOL ÁGUAS MORNAS;7.512.780;b3S;I;2;;9;AGUAS MORNAS;SC;09/2012;791;0;118;2;4;4;0;8;136;5;139;3;5;5;0;6;162;4;48;61;95;0;0;4;212;0;0;0;0;0;0;0;0;0;0;0;0;0;0;0;0;36;171;19;6;3;0;27;263;0;0;0;0;0;0;0;0;0;0;0;0;0;0;0;0;0;13;2;1;0;0;0;16;0;2;0
COOPERATIVA DE CRÉDITO MÚTUO DOS MICRO E PEQUENOS EMPRESÁRIOS E MICROEMPREENDEDORES DO GRANDE ABC- SICOOB CREDIACISA;7.946.216;b3S;I;2;;9;SANTO ANDRE;SP;09/2012;788;0;0;0;0;0;0;0;0;0;19;0;0;0;0;0;19;0;140;0;0;0;0;0;140;0;0;0;0;0;0;0;0;0;0;0;0;0;0;0;0;14;265;29;11;0;0;16;334;0;0;0;0;0;0;0;0;0;0;1;0;0;0;22;23;0;54;6;211;0;0;1;272;0;0;0
COOPERATIVA DE CRÉDITO RURAL DE INHAMBUPE LTDA. - SICOOB CREDITE;1.845.359;b3S;I;2;;9;INHAMBUPE;BA;09/2012;781;0;11;1;0;0;0;0;12;0;16;23;13;0;0;5;57;0;0;0;0;0;0;0;0;0;0;0;0;0;0;0;0;0;0;0;0;0;0;0;0;22;267;156;109;0;0;44;599;0;0;0;0;0;0;0;0;1;0;0;0;0;0;0;1;0;73;24;7;0;0;5;109;0;2;0
COOPERATIVA DE CREDITO RURAL COM INTERACAO SOLIDARIA DE FRANCISCO BELTRAO - CRESOL FRANCISCO BELTRAO;2.698.001;b3S;I;2;;9;FRANCISCO BELTRAO;PR;09/2012;776;0;0;0;0;0;0;0;0;0;0;703;0;0;0;0;703;0;0;0;0;0;0;0;0;0;0;0;0;0;0;0;0;0;0;0;0;0;0;0;0;35;1;20;5;0;0;0;61;0;0;0;0;0;0;0;0;0;0;0;0;0;0;0;0;0;9;0;0;0;0;3;12;0;0;0
COOPERATIVA DE CRÉDITO DE LIVRE ADMISSÃO DE PIMENTA LTDA. - SICOOB CREDIPIMENTA;42.934.794;b3S;I;2;;9;PIMENTA;MG;09/2012;768;0;0;0;0;0;0;0;0;0;255;0;0;0;0;99;354;0;0;0;0;0;0;0;0;0;0;0;0;0;0;0;0;0;0;0;0;0;0;0;0;0;138;83;26;12;0;139;398;0;0;0;0;0;0;0;0;0;0;0;0;0;0;0;0;0;10;3;0;0;0;3;16;0;1;0
COOPERATIVA DE CRÉDITO RURAL DO SERIDÓ;24.210.569;b3S;I;2;;9;CURRAIS NOVOS;RN;09/2012;762;0;0;0;0;0;0;0;0;77;59;2;0;0;0;12;150;0;0;0;0;0;0;0;0;0;3;7;0;0;0;0;10;0;0;0;0;0;0;15;15;29;307;76;14;0;0;95;522;0;0;0;0;0;0;0;0;0;7;0;0;0;0;0;7;4;4;6;16;0;0;24;54;0;3;0
COOPERATIVA DE CRÉDITO MÚTUO DOS DENTISTAS E DEMAIS PROFISSIONAIS DA SAÚDE DE SÃO CARLOS - SICREDI SÃO CARLOS SP;4.853.988;b3S;I;2;;9;SAO CARLOS;SP;09/2012;760;0;1;4;11;10;0;0;26;0;59;38;29;0;0;0;126;0;0;0;0;0;0;0;0;0;0;0;0;0;0;0;0;0;0;0;0;0;0;0;0;1;73;65;45;0;0;0;184;0;0;0;0;0;0;0;0;0;1;4;5;0;0;0;10;2;162;113;131;3;0;1;411;0;2;0
COPERCRED - COOPERATIVA DE ECONOMIA E CRÉDITO MÚTUO DOS EMPREGADOS DAS EMPRESAS ZILLO LORENZETTI;58.022.195;b3S;I;2;;9;LENCOIS PAULISTA;SP;09/2012;738;0;305;0;0;0;0;0;305;0;414;0;0;0;0;0;414;0;0;0;0;0;0;0;0;0;0;0;0;0;0;0;0;0;0;0;0;0;0;0;0;0;9;0;0;0;0;0;9;0;0;0;0;0;0;0;0;0;0;0;0;0;0;0;0;0;10;0;0;0;0;0;10;0;0;0
COOPERATIVA DE CRÉDITO MÚTUO DOS POLICIAIS FEDERAIS E SERVIDORES DA UNIÃO NO ESTADO DE GOIÁS - FEDERALCRED;2.339.371;b3S;I;2;;9;GOIANIA;GO;09/2012;730;0;0;0;0;0;0;0;0;0;0;0;0;0;0;0;0;0;217;340;8;0;0;13;579;0;0;0;0;0;0;0;0;0;0;0;0;0;0;0;0;0;0;0;0;0;0;1;1;0;0;0;0;0;0;0;0;3;7;22;75;5;0;0;112;0;32;3;0;0;0;1;37;0;1;0
COOPERATIVA DE CRÉDITO MÚTUO DOS PROFESSORES E FUNCIONÁRIOS DA UNIVERSIDADE DE CAXIAS DO SUL - SICREDI COOPERUCS;4.525.997;b3S;I;2;;9;CAXIAS DO SUL;RS;09/2012;725;0;0;0;0;0;0;0;0;1;14;6;6;0;0;0;27;0;5;14;32;3;0;0;54;0;0;0;0;0;0;0;0;0;0;0;0;0;0;0;0;0;52;32;46;6;0;0;137;0;0;0;0;0;0;0;0;0;0;2;0;0;0;0;2;1;154;140;175;35;0;0;505;0;0;0
COOPERATIVA DE CREDITO DE MENDES LTDA;28.572.261;b3S;I;2;;9;MENDES;RJ;09/2012;720;0;0;0;0;0;0;0;0;0;7;0;0;0;0;1;8;0;2;0;0;0;0;1;3;0;0;0;0;0;0;0;0;0;0;0;0;0;0;0;0;92;387;48;3;0;0;64;595;0;0;0;0;0;0;0;0;0;23;5;0;0;0;0;28;0;71;6;0;0;0;7;84;0;3;0
COOPERATIVA DE CRÉDITO RURAL ASCOOB ITAPICURU;3.921.543;b3S;I;2;;9;SANTALUZ;BA;09/2012;717;0;0;0;0;0;0;0;0;10;16;0;0;0;0;0;27;0;2;0;0;0;0;0;2;0;0;0;0;0;0;0;0;0;0;0;0;0;0;0;0;87;321;82;16;0;0;0;505;0;0;0;0;0;0;0;0;0;36;0;0;0;0;0;36;4;79;52;8;0;0;0;142;0;5;0
NEGRESCO S.A. - CREDITO, FINANCIAMENTO E INVESTIMENTOS;4.379.829;n1;I;2;;14;CURITIBA;PR;09/2012;715;0;0;0;0;0;0;0;0;0;3;0;0;0;0;0;3;22;75;18;0;0;0;0;114;0;0;0;0;0;0;0;0;0;0;0;0;0;0;0;0;3;52;60;0;0;0;0;114;0;0;0;0;0;0;0;0;0;1;0;0;0;0;0;2;5;116;306;46;0;0;0;473;0;9;0
COOPERATIVA DE ECONOMIA E CRÉDITO MÚTUO DOS PROFISSIONAIS DA EDUCAÇÃO DO NORTE, NOROESTE FLUMINENSE E REGIÃO DOS LAGOS;2.931.668;b3S;I;2;;9;CAMPOS DOS GOYTACAZES;RJ;09/2012;713;0;0;0;0;0;0;0;0;0;0;0;0;0;0;0;0;0;4;0;0;0;0;4;8;0;0;0;0;0;0;0;0;0;0;0;0;0;0;0;0;0;23;5;9;2;0;2;40;0;0;0;0;0;0;0;0;0;0;0;0;0;0;0;0;23;92;194;271;39;0;46;665;0;0;0
COOPERATIVA DE CRÉDITO MÚTUO DOS CORRETORES DE SEGUROS DO ESTADO DE SÃO PAULO - SICOOB CREDICOR/SP;8.030.602;b3S;I;2;;9;SAO PAULO;SP;09/2012;709;0;0;0;0;0;0;0;0;0;0;0;0;0;0;0;0;0;0;0;0;0;0;0;0;0;0;0;0;0;0;0;0;0;0;0;0;0;0;0;0;0;0;0;0;0;0;0;0;0;0;0;0;0;0;0;0;0;0;0;0;0;0;0;0;22;188;307;128;0;0;62;707;0;2;0
GOLCRED S/A - CRÉDITO, FINANCIAMENTO E INVESTIMENTO;7.631.026;n1;I;2;;14;SAO JOSE;SC;09/2012;704;0;1;2;3;0;0;0;7;1;64;46;48;13;0;0;173;0;3;1;0;0;0;0;4;0;0;0;0;0;0;0;0;0;0;0;0;0;0;0;0;1;45;105;105;9;0;0;264;0;0;0;0;0;0;0;0;2;3;8;5;0;0;0;17;1;42;94;96;5;0;0;238;0;0;0
COOPERATIVA DE ECONOMIA E CREDITO MUTUO DOS INTEGRANTES DA BRIGADA MILITAR DO RIO GRANDE DO SUL - SICREDI MIL;3.212.823;b3S;I;3;;9;PORTO ALEGRE;RS;09/2012;664;0;0;0;0;0;0;0;0;0;0;0;0;0;0;0;0;0;0;0;0;0;0;0;0;0;0;0;0;0;0;0;0;0;0;0;0;0;0;0;0;0;4;0;0;0;0;0;4;0;0;0;0;0;0;0;0;0;0;0;0;0;0;0;0;2;387;122;94;24;31;0;660;0;0;0
COOPERATIVA DE CRÉDITO DOS SERVIDORES MILITARES, POLÍCIA CIVIL E DA SECRETARIA DE EDUCAÇÃO DO ESTADO DE MINAS GERAIS LTDA – SICOOB COOPEMG;3.269.540;b3S;I;2;;9;BELO HORIZONTE;MG;09/2012;663;0;0;0;0;0;0;0;0;0;0;0;0;0;0;0;0;0;0;0;0;0;0;0;0;0;0;0;0;0;0;0;0;0;0;0;0;0;0;0;0;2;2;7;8;0;0;0;19;0;0;0;0;0;0;0;0;0;0;0;0;0;0;0;0;0;133;300;115;29;0;68;644;0;0;0
COOPERATIVA DE ECONOMIA E CRÉDITO MÚTUO DOS CONTABILISTAS E CORRETORES DE SEGUROS DA GRANDE BELO HORIZONTE LTDA. - SICOOB CREDITABIL;2.217.068;b3S;I;2;;9;BELO HORIZONTE;MG;09/2012;657;0;0;0;0;0;0;0;0;0;0;0;0;0;0;0;0;0;0;0;0;0;0;0;0;0;0;0;0;0;0;0;0;0;0;0;0;0;0;0;0;0;0;0;0;0;0;0;0;0;0;0;0;0;0;0;0;0;0;0;0;0;0;0;0;0;269;70;148;0;0;166;653;0;4;0
COOPERATIVA DE CRÉDITO DE LIVRE ADMISSÃO DE IGUATAMA LTDA. - SICOOB CREDITAMA;26.359.745;b3S;I;2;;9;IGUATAMA;MG;09/2012;642;0;0;0;0;0;0;0;0;0;59;0;0;0;0;19;77;0;13;0;0;0;0;15;29;0;0;0;0;0;0;0;0;0;0;0;0;0;0;0;0;23;282;40;6;0;0;118;470;0;0;0;0;0;0;0;0;1;3;8;13;0;0;6;31;0;20;2;2;0;0;8;33;0;2;0
COOPERATIVA DE CRÉDITO RURAL DE PARÁ DE MINAS LTDA - SICOOB CREDIRURAL;25.387.713;b3S;I;2;;9;PARA DE MINAS;MG;09/2012;621;0;0;0;0;0;0;0;0;0;326;51;50;0;0;0;427;0;0;0;0;0;0;0;0;0;0;0;0;0;0;0;0;0;20;0;0;0;0;5;25;0;49;12;9;3;0;12;85;0;0;0;0;0;0;0;0;0;0;0;0;0;0;0;0;0;23;13;32;11;0;5;84;0;0;0
COOPERATIVA DE CRÉDITO RURAL COM INTERAÇÃO SOLIDÁRIA DE SCHROEDER - CRESOL SCHROEDER;8.387.258;b3S;I;2;;9;SCHROEDER;SC;09/2012;620;0;0;0;0;0;0;0;0;0;16;5;9;8;2;5;44;0;0;0;0;0;0;0;0;0;0;0;0;0;0;0;0;0;0;0;0;0;0;0;0;24;258;190;47;5;3;13;539;0;0;0;0;0;0;0;0;0;0;0;0;0;0;0;0;0;1;1;13;12;6;3;35;0;1;0
COOPERATIVA DE ECONOMIA E CRÉDITO MÚTUO DOS COMERCIANTES DE DEPÓSITO DE MATERIAIS DE CONSTRUÇÃO DE CONTAGEM LTDA. - COOPERACIC;1.663.367;b3S;I;2;;9;CONTAGEM;MG;09/2012;618;0;0;0;0;0;0;0;0;0;116;0;0;0;0;0;116;19;114;0;0;0;0;0;133;0;0;0;0;0;0;0;0;0;0;0;0;0;0;0;0;9;155;0;0;0;0;0;165;0;0;0;0;0;0;0;0;0;160;0;0;0;0;0;160;0;42;0;0;0;0;0;42;0;3;0
AGÊNCIA DE FOMENTO DO ESTADO DE PERNAMBUCO S.A.;13.178.690;n1;I;1;;30;RECIFE;PE;09/2012;617;0;0;0;0;0;0;0;0;0;29;75;41;0;0;0;145;0;0;0;0;0;0;0;0;0;0;0;0;0;0;0;0;0;0;0;0;0;0;0;0;0;0;15;18;0;0;0;34;0;0;0;0;0;0;0;0;0;0;0;0;0;0;0;0;0;26;135;270;8;0;0;439;0;0;0
COOPERATIVA DE ECONOMIA E CRÉDITO MÚTUO DOS EMPREGADOS DA EMBRAPA LTDA. - SICOOB CREDIEMBRAPA;2.338.666;b3S;I;2;;9;BRASILIA;DF;09/2012;611;0;0;0;0;0;0;0;0;0;0;0;0;0;0;0;0;25;0;0;0;0;0;0;25;0;0;0;0;0;0;0;0;0;0;0;0;0;0;0;0;0;8;16;10;0;0;6;40;0;0;0;0;0;0;0;0;0;0;0;0;0;0;0;0;28;149;77;186;86;8;10;544;0;1;0
COOPERATIVA DE CREDITO RURAL COM INTERACAO SOLIDARIA DE TURVO - CRESOL TURVO;2.483.330;b3S;I;2;;9;TURVO;PR;09/2012;607;0;0;0;0;0;0;2;2;10;0;1;2;2;0;5;20;0;1;2;3;1;1;2;11;0;0;0;0;0;0;0;0;0;0;0;0;0;0;0;0;5;230;158;10;7;1;13;424;0;0;0;0;0;0;0;0;0;0;0;1;1;0;0;2;20;7;109;7;0;0;5;148;0;1;0
COOPERATIVA DE CRÉDITO RURAL SENHOR DO BONFIM LTDA. - SICOOB BONFIM;4.317.316;b3S;I;2;;9;SENHOR DO BONFIM;BA;09/2012;581;0;0;0;0;0;0;0;0;0;4;8;4;0;0;0;15;0;3;2;0;0;0;0;5;0;0;0;0;0;0;0;0;0;0;0;0;0;0;0;0;1;158;112;48;7;0;44;370;0;0;0;0;0;0;0;0;3;40;16;7;0;0;2;68;0;55;33;26;0;0;5;119;0;5;0
SICOOB NOSSACOOP-COOP.DE ECON. E CRÉD. DOS EMPREGADOS DAS INSTITUIÇÕES DE ENSINO SUPERIOR E PESQUISAS CIENTÍFICA E TECNOLÓGICA E DOS SERVIDORES DO MINISTÉRIO DO TRABALHO E EMPREGO DE MINAS GERAIS LTDA;1.760.242;b3S;I;2;;9;BELO HORIZONTE;MG;09/2012;578;0;0;0;0;0;0;0;0;0;0;0;0;0;0;0;0;0;0;0;0;0;0;0;0;0;0;0;0;0;0;0;0;0;0;0;0;0;0;0;0;0;0;0;0;0;0;0;0;0;0;0;0;0;0;0;0;0;0;0;0;0;0;0;0;0;165;39;0;0;0;374;578;0;0;0
COOPERATIVA DE CREDITO RURAL COM INTERAÇÃO SOLIDÁRIA DE TENENTE PORTELA - CRESOL TENENTE PORTELA;4.622.657;b3S;I;2;;9;TENENTE PORTELA;RS;09/2012;576;0;0;0;0;0;0;0;0;2;0;3;5;0;0;2;13;0;0;0;0;0;0;1;1;0;0;0;0;0;0;0;0;0;0;0;0;0;0;0;0;14;365;48;21;3;0;48;500;0;0;0;0;0;0;0;0;0;28;2;3;0;0;11;45;1;5;2;4;0;0;0;12;0;5;0
COOPERATIVA DE ECONOMIA E CRÉDITO MÚTUO DOS SERVIDORES PÚBLICOS, EMPRESÁRIOS E PROFISSIONAIS LIBERAIS DA REGIÃO METROPOLITANA OESTE DA CAPITAL DE SÃO PAULO - SICOOB OZAZCRED;5.310.083;b3S;I;2;;9;OSASCO;SP;09/2012;570;0;0;0;0;0;0;0;0;0;53;17;12;5;0;0;87;0;0;0;0;0;0;0;0;0;0;0;0;0;0;0;0;0;0;0;0;0;0;0;0;0;55;78;228;0;0;1;361;0;0;0;0;0;0;0;0;4;3;4;18;10;0;0;39;4;14;16;36;14;0;0;83;0;0;0
AGENCIA DE FOMENTO DO AMAPA S.A.;2.929.977;n1;I;1;;30;MACAPA;AP;09/2012;566;3;1;0;0;0;0;0;4;9;17;38;9;0;0;0;73;0;1;4;0;0;0;0;5;0;0;0;0;0;0;0;0;0;0;0;0;0;0;0;0;20;109;207;48;3;0;0;386;0;0;0;0;0;0;0;0;0;0;0;0;0;0;0;0;2;18;43;33;0;0;0;96;0;2;0
COOPERATIVA DE CREDITO RURAL SEARA - CREDISEARA;204.963;b3S;I;2;;9;SEARA;SC;09/2012;556;0;0;0;0;0;0;0;0;0;82;25;30;0;0;0;137;0;9;0;0;0;0;0;9;0;0;0;0;0;0;0;0;0;0;0;0;0;0;0;0;0;122;26;22;0;0;0;171;0;0;0;0;0;0;0;0;0;42;33;118;9;0;0;203;0;12;5;13;5;0;0;34;0;2;0
AGÊNCIA DE FOMENTO E DESENVOLVIMENTO DO ESTADO DO PIAUÍ S.A. PIAUÍ FOMENTO;11.836.226;n1;I;1;;30;TERESINA;PI;09/2012;552;0;0;0;0;0;0;0;0;4;20;61;76;4;0;0;165;0;0;0;0;0;0;0;0;0;0;2;1;0;0;0;3;0;0;0;0;0;0;0;0;13;51;140;91;1;0;0;297;0;0;0;0;0;0;0;0;0;0;0;0;0;0;0;0;5;14;39;21;3;0;0;82;0;5;0
COOPERATIVA DE CRÉDITO RURAL COM INTERAÇÃO SOLIDÁRIA DE SANANDUVA - CRESOL SANANDUVA;5.863.726;b3S;I;2;;9;SANANDUVA;RS;09/2012;552;0;45;2;2;2;0;0;53;0;20;0;6;4;0;0;30;0;0;0;0;0;0;0;0;0;0;0;0;0;0;0;0;0;2;0;0;0;0;0;2;2;42;358;11;3;0;0;417;0;0;0;0;0;0;0;0;0;2;2;3;3;0;0;9;0;21;0;11;5;0;0;37;0;3;0
COOPERATIVA DE CRÉDITO RURAL DOS PRODUTORES AGRÍCOLAS E PECUÁRIOS DA MÉDIA SOROCABANA - CREDICANA;44.373.041;b3S;I;3;;9;ASSIS;SP;09/2012;548;0;0;0;0;0;0;0;0;264;0;0;0;0;0;0;264;0;0;0;0;0;0;0;0;0;0;0;0;0;0;0;0;0;0;0;0;0;0;0;0;0;0;0;0;0;0;0;0;0;0;0;0;0;0;0;0;0;261;0;0;0;0;0;261;0;3;18;2;0;0;0;23;0;0;0
CENTRAL DAS COOPERATIVAS DE CREDITO MUTUO DO RIO GRANDE DO SUL;3.618.104;b3C;I;2;;9;PORTO ALEGRE;RS;09/2012;526;0;0;0;0;0;0;0;0;0;0;0;0;0;0;0;0;0;0;0;0;0;0;0;0;0;0;0;0;0;0;0;0;0;0;0;0;0;0;0;0;0;0;0;0;0;0;0;0;0;0;0;0;0;0;0;0;0;0;0;0;0;0;0;0;0;106;233;186;1;0;0;526;0;0;0
COOPERATIVA DE CRÉDITO RURAL DE MAIRI LTDA. - SICOOB COOPEMAR;4.174.720;b3S;I;2;;9;MAIRI;BA;09/2012;518;0;0;0;0;0;0;0;0;10;21;51;27;0;0;8;118;0;0;20;0;0;0;1;22;0;0;0;0;0;0;0;0;0;0;0;0;0;0;0;0;2;98;161;0;0;0;57;318;0;0;0;0;0;0;0;0;0;0;0;0;0;0;0;0;0;0;54;5;0;0;0;60;0;1;0
COOPERATIVA DE CREDITO RURAL HORIZONTES NOVOS DE CANGUCU - CREHNOR SUL;5.132.104;b3S;I;2;;9;CANGUCU;RS;09/2012;518;0;0;0;0;0;0;0;0;0;0;0;0;0;0;0;0;0;0;0;0;0;0;0;0;0;0;0;0;0;0;0;0;0;0;0;0;0;0;0;0;301;116;10;0;0;0;0;427;0;0;0;0;0;0;0;0;0;0;0;0;0;0;0;0;0;0;91;0;0;0;0;91;0;0;0
COOPERATIVA DE ECONOMIA E CRÉDITO MÚTUO DOS EMPRESÁRIOS DE PRESIDENTE VENCESLAU - SICOOB CREDIACIPREV;8.937.938;b3S;I;2;;9;PRESIDENTE VENCESLAU;SP;09/2012;493;7;0;0;0;0;0;0;7;0;140;19;0;0;0;8;167;0;16;0;0;0;0;3;19;0;0;0;0;0;0;0;0;0;0;0;0;0;0;0;0;20;221;13;0;0;0;30;283;0;0;0;0;0;0;0;0;0;0;0;0;0;0;9;9;0;5;0;0;0;0;0;5;0;3;0
COOPERATIVA DE CREDITO RURAL COM INTERACAO SOLIDARIA DE DOIS VIZINHOS - CRESOL DOIS VIZINHOS;971.300;b3S;I;2;;9;DOIS VIZINHOS;PR;09/2012;492;0;0;0;0;0;0;0;0;0;19;0;0;0;0;0;19;0;0;0;0;0;0;0;0;0;0;0;0;0;0;0;0;0;0;0;0;0;0;0;0;0;0;8;0;0;0;0;8;0;0;0;0;0;0;0;0;0;0;0;0;0;0;0;0;0;1;403;38;19;4;0;465;0;0;0
COOPERATIVA DE CREDITO RURAL COM INTERACAO SOLIDARIA DE FORMOSA DO SUL-CRESOL FORMOSA;5.269.976;b3S;I;2;;9;FORMOSA DO SUL;SC;09/2012;487;0;0;0;0;0;0;0;0;2;329;1;2;1;0;0;334;0;0;0;0;0;0;0;0;0;0;0;0;0;0;0;0;0;0;0;0;0;0;0;0;4;88;6;14;6;0;0;117;0;0;0;0;0;0;0;0;0;6;0;5;0;0;0;11;0;16;2;4;2;0;0;24;0;1;0
COOPERATIVA DE ECONOMIA E CREDITO MUTUO DOS MEDICOS E DEMAIS PROFISSIONAIS DA  SAUDE DE CACHOEIRA DO SUL LTDA;2.240.143;b3S;I;2;;9;CACHOEIRA DO SUL;RS;09/2012;470;0;32;64;60;5;0;0;160;0;5;10;5;0;0;0;19;0;0;0;0;0;0;0;0;0;0;0;0;0;0;0;0;0;0;0;0;0;0;0;0;0;24;46;35;2;0;0;108;0;0;0;0;0;0;0;0;0;0;0;0;0;0;0;0;0;36;58;86;2;0;0;182;0;0;0
COOPERATIVA DE CRÉDITO RURAL COM INTERAÇÃO SOLIDÁRIA DE HUMAITÁ - CRESOL HUMAITÁ;5.983.995;b3S;I;2;;9;HUMAITA;RS;09/2012;467;0;0;0;0;0;0;0;0;57;18;0;4;2;0;0;81;0;20;23;44;22;0;0;109;0;0;0;0;0;0;0;0;0;0;0;0;0;0;0;0;0;111;39;76;30;0;0;256;0;0;0;0;0;0;0;0;0;2;2;5;1;0;0;11;0;4;3;3;1;0;0;10;0;1;0
SOCRED S.A. - SOCIEDADE DE CRÉDITO AO MICROEMPREENDEDOR;9.210.106;n1;I;2;;10;BELEM;PA;09/2012;467;0;0;0;0;0;0;0;0;30;0;0;0;0;0;0;30;44;4;0;0;0;0;0;48;0;0;0;0;0;0;0;0;0;0;0;0;0;0;0;0;239;30;1;0;0;0;0;270;0;0;0;0;0;0;0;0;0;9;0;0;0;0;0;9;50;52;0;0;0;0;0;102;0;8;0
COOPERATIVA DE CRÉDITO DE LIVRE ADMISSÃO DE PIRACANJUBA LTDA;5.222.094;b3S;I;2;;9;PIRACANJUBA;GO;09/2012;464;0;0;0;0;0;0;0;0;0;51;44;82;82;205;0;464;0;0;0;0;0;0;0;0;0;0;0;0;0;0;0;0;0;0;0;0;0;0;0;0;0;0;0;0;0;0;0;0;0;0;0;0;0;0;0;0;0;0;0;0;0;0;0;0;0;0;0;0;0;0;0;0;0;0;0
COOPERATIVA DE CREDITO RURAL COM INTERACAO SOLIDARIA DE PRANCHITA - CRESOL PRANCHITA;3.190.530;b3S;I;2;;9;PRANCHITA;PR;09/2012;459;0;0;0;0;0;0;0;0;0;3;1;0;0;0;0;4;0;0;0;0;0;0;0;0;0;0;0;0;0;0;0;0;0;0;0;0;0;0;0;0;7;153;106;82;5;0;22;374;0;0;0;0;0;0;0;0;0;20;0;1;0;0;0;21;0;8;15;32;2;0;3;60;0;1;0
COOPERATIVA DE ECONOMIA E CRÉDITO MÚTUO DOS EMPREGADOS DA EMPRESA BRASILEIRA DE CORREIOS E TELÉGRAFOS DO ESTADO DE MINAS GERAIS LTDA. - SICOOB COOPERCORREIOS;3.862.898;b3S;I;2;;9;BELO HORIZONTE;MG;09/2012;455;0;0;0;0;0;0;0;0;0;0;0;0;0;0;0;0;0;0;0;0;0;0;0;0;0;0;0;0;0;0;0;0;0;0;0;0;0;0;0;0;0;0;0;0;0;0;6;6;0;0;0;0;0;0;0;0;0;0;0;0;0;0;0;0;0;130;308;0;0;0;10;449;0;0;0
COOPERATIVA DE CREDITO RURAL DE RIO RUFINO - SICOOB/SC CREDIUNIÃO;2.448.839;b3S;I;2;;9;RIO RUFINO;SC;09/2012;454;0;0;0;0;0;0;0;0;0;18;33;9;0;0;5;64;0;0;0;0;0;0;0;0;0;0;0;0;0;0;0;0;0;0;0;0;0;0;0;0;0;37;36;23;5;0;17;117;0;0;0;0;0;0;0;0;0;21;48;101;0;0;2;172;0;32;37;30;0;0;2;100;0;0;0
COOPERATIVA DE CRÉDITO RURAL COSTA DO DENDÊ - ASCOOB COSTA DO DENDÊ;3.087.263;b3S;I;2;;9;TAPEROA;BA;09/2012;450;0;32;0;0;0;0;0;32;0;20;9;0;0;0;0;29;0;29;0;0;0;0;0;29;0;0;0;0;0;0;0;0;0;34;0;0;0;0;0;34;47;167;39;6;0;0;0;260;0;0;0;0;0;0;0;0;0;0;0;0;0;0;0;0;0;39;18;5;0;0;0;62;0;4;0
COOPERATIVA DE CRÉDITO DOS EMPREGADOS DA CELG LTDA.;9.290.821;b3S;I;2;;9;GOIANIA;GO;09/2012;436;0;0;0;0;0;0;0;0;0;0;0;0;0;0;0;0;69;309;0;0;0;0;7;385;0;0;0;0;0;0;0;0;0;0;0;0;0;0;0;0;0;0;0;0;0;0;0;0;0;0;0;0;0;0;0;0;0;0;0;0;0;0;0;0;0;51;0;0;0;0;0;51;0;0;0
COOPERATIVA DE CREDITO RURAL COM INTERACAO SOLIDARIA DE CASCAVEL - CRESOL CASCAVEL;2.448.310;b3S;I;2;;9;CASCAVEL;PR;09/2012;430;28;0;8;0;0;0;3;39;0;2;1;1;1;0;4;9;0;0;0;0;0;0;0;0;0;0;0;0;0;0;0;0;0;0;0;0;0;0;0;0;10;198;96;23;20;2;19;368;0;0;0;0;0;0;0;0;0;0;0;0;0;0;0;0;0;4;4;0;0;0;4;12;0;1;0
COOPERATIVA DE ECONOMIA E CRÉDITO MÚTUO DOS EMPREGADOS DAS  EMPRESAS DE VIGILÂNCIA, ASSEIO E CONSERVAÇÃO DE BELÉM DO PARÁ - SICOOB COOPER-AÇÃO;2.413.228;b3S;I;2;;9;BELEM;PA;09/2012;427;0;0;0;0;0;0;0;0;0;0;0;0;0;0;0;0;0;0;0;0;0;0;0;0;0;0;0;0;0;0;0;0;0;0;0;0;0;0;0;0;0;0;0;0;0;0;0;0;0;0;0;0;0;0;0;0;0;0;0;0;0;0;0;0;0;46;149;231;0;0;0;427;0;0;0
COOPERATIVA DE ECONOMIA E CRÉDITO MÚTUO DOS EMPREGADOS DO GRUPO TELEFÔNICA;57.598.120;b3S;I;2;;9;SAO PAULO;SP;09/2012;424;0;0;0;0;0;0;0;0;0;0;0;0;0;0;0;0;0;15;0;0;0;0;0;15;0;0;0;0;0;0;0;0;0;0;0;0;0;0;0;0;0;0;0;0;0;0;0;0;0;0;0;0;0;0;0;0;0;26;0;0;0;0;0;26;0;382;0;0;0;0;0;382;0;1;0
COOPERATIVA DE CRÉDITO RURAL DE OURO - SULCREDI OURO;7.853.842;b3S;I;2;;9;OURO;SC;09/2012;424;0;0;0;0;0;0;0;0;0;9;2;3;2;0;0;16;1;9;2;0;0;0;0;12;0;0;0;0;0;0;0;0;0;0;0;0;0;0;0;0;0;145;87;159;0;0;0;390;0;0;0;0;0;0;0;0;0;0;0;0;0;0;0;0;0;0;1;2;0;0;0;3;0;3;0
COOPERATIVA DE CRÉDITO RURAL COCAPEC;67.096.909;b3S;I;2;;9;FRANCA;SP;09/2012;423;0;382;0;0;0;0;6;387;0;21;0;0;0;0;0;21;0;0;0;0;0;0;0;0;0;0;0;0;0;0;0;0;0;0;0;0;0;0;0;0;0;4;0;0;0;0;5;9;0;0;0;0;0;0;0;0;0;0;0;0;0;0;0;0;0;0;2;5;0;0;0;6;0;0;0
COOPERATIVA DE CRÉDITO DE LIVRE ADMISSÃO DA MARGEM ESQUERDA DO URUCUIA E SÃO FRANCISCO LTDA - CREDICHAPADA;14.046.512;b3S;I;2;;9;CHAPADA GAUCHA;MG;09/2012;420;0;0;0;0;0;0;0;0;0;2;2;6;0;0;0;10;0;0;1;2;0;0;0;3;0;0;0;0;0;0;0;0;0;0;0;0;0;0;0;0;4;131;86;37;0;0;23;280;0;0;0;0;0;0;0;0;0;35;13;0;0;0;26;74;1;18;15;13;0;0;2;50;0;3;0
COOPERATIVA DE CRÉDITO MÚTUO DOS ESCRIVÃES, NOTÁRIOS E REGISTRADORES NO ESTADO DO PARANÁ - SICREDI CREDENOREG PR.;6.078.926;b3S;I;2;;9;CURITIBA;PR;09/2012;415;0;0;0;0;0;0;0;0;0;0;0;0;0;0;0;0;0;0;0;0;0;0;0;0;0;0;0;0;0;0;0;0;0;0;0;0;0;0;0;0;0;3;0;0;0;0;0;3;0;1;0;0;0;0;0;1;0;0;0;0;0;0;0;0;1;211;135;61;1;0;1;410;0;1;0
COOPERATIVA DE ECONOMIA E CRÉDITO MÚTUO DOS COMERCIANTES DO VESTUÁRIO, CONFECÇÕES E ROCHAS ORNAMENTAIS - CREDSUL.;2.330.334;b3S;I;2;;9;CACHOEIRO DE ITAPEMIRIM;ES;09/2012;414;0;0;0;0;0;0;0;0;1;148;0;0;0;0;0;149;0;0;0;0;0;0;0;0;0;0;0;0;0;0;0;0;0;0;0;0;0;0;0;0;5;96;12;0;0;0;0;114;0;0;0;0;0;0;0;0;0;104;0;0;0;0;0;104;11;35;0;0;0;0;0;47;0;0;0
COOPERATIVA DE CREDITO RURAL DE GUACUI - CREDIGUAÇUÍ;32.422.628;b3S;I;2;;9;GUACUI;ES;09/2012;412;0;0;0;0;0;0;0;0;0;301;0;0;0;0;0;301;0;51;0;0;0;0;0;51;0;0;0;0;0;0;0;0;0;0;0;0;0;0;0;0;0;57;0;0;0;0;0;57;0;0;0;0;0;0;0;0;0;0;0;0;0;0;0;0;0;1;0;0;0;0;0;1;0;2;0
CORPAL SOCIEDADE DE CRÉDITO AO MICROEMPREENDEDOR S.A.;7.327.045;n1;I;2;;10;DOURADOS;MS;09/2012;411;0;1;0;0;0;0;0;1;0;10;0;0;0;0;0;10;0;88;0;0;0;0;0;88;0;0;0;0;0;0;0;0;0;5;0;0;0;0;0;5;3;194;26;12;0;0;0;235;0;0;0;0;0;0;0;0;0;14;0;0;0;0;0;14;1;25;9;15;0;0;0;50;0;7;0
BOM CRÉDITO   SOCIEDADE DE CRÉDITO AO MICROEMPREENDEDOR E À EMPRESA DE PEQUENO PORTE LTDA.;5.669.150;n1;I;2;;10;VOLTA REDONDA;RJ;09/2012;410;0;0;0;0;0;0;0;0;0;70;10;1;0;0;0;81;6;9;0;0;0;0;0;15;0;0;0;0;0;0;0;0;0;0;0;0;0;0;0;0;91;106;18;0;0;0;0;215;0;0;0;0;0;0;0;0;0;0;0;0;0;0;0;0;8;26;7;0;0;0;0;41;0;58;0
COOPERATIVA DE CRÉDITO RURAL COM INTERAÇÃO SOLIDÁRIA DE GRANDES RIOS - CRESOL GRANDES RIOS;7.925.729;b3S;I;2;;9;GRANDES RIOS;PR;09/2012;405;0;0;0;0;0;0;0;0;3;46;0;0;0;0;1;50;0;4;0;0;0;0;20;24;0;0;0;0;0;0;0;0;0;0;0;0;0;0;0;0;9;216;48;13;9;2;28;324;0;0;0;0;0;0;0;0;0;0;0;0;0;0;0;0;0;5;0;0;0;0;0;5;0;2;0
COOPERATIVA DE CRÉDITO RURAL COM INTERAÇÃO SOLIDÁRIA DAS ENCOSTAS DA SERRA GERAL - CRESOL ENCOSTAS DA SERRA GERAL;3.485.130;b3S;I;2;;9;SANTA ROSA DE LIMA;SC;09/2012;403;0;0;0;0;0;0;0;0;0;115;3;9;4;0;0;131;0;0;0;0;0;0;0;0;0;28;0;0;0;0;0;28;0;0;0;0;0;0;0;0;0;194;5;19;8;0;0;228;0;0;0;0;0;0;0;0;0;4;1;4;1;0;0;10;0;0;1;2;1;0;0;4;0;2;0
COOPERATIVA DE ECONOMIA E CRÉDITO MÚTUO DOS MICRO E PEQUENOS EMPRESÁRIOS E MICROEMPREENDEDORES DE CABREÚVA E LOUVEIRA - SICOOB CREDESP;8.541.626;b3S;I;2;;9;CABREUVA;SP;09/2012;398;0;0;0;0;0;0;0;0;5;60;0;0;0;0;9;74;0;1;0;0;0;0;0;1;0;0;0;0;0;0;0;0;0;0;0;0;0;0;0;0;26;102;49;26;33;0;19;255;0;0;0;0;0;0;0;0;4;21;8;0;0;0;6;40;0;22;2;0;0;0;3;27;0;2;0
COOPERATIVA DE ECONOMIA E CREDITO MUTUO DOS SERVIDORES DO PODER JUDICIARIO DO RIO GRANDE DO SUL-SICREDI JUSTIÇA;3.453.295;b3S;I;2;;9;PORTO ALEGRE;RS;09/2012;390;0;0;0;0;0;0;0;0;0;0;0;0;0;0;0;0;0;0;0;0;0;0;0;0;0;0;0;0;0;0;0;0;0;0;0;0;0;0;0;0;0;4;11;28;12;0;0;54;0;0;0;0;0;0;0;0;1;1;4;7;0;0;0;12;86;34;64;122;15;0;1;322;0;1;0
COOPERATIVA DE CRÉDITO RURAL COM INTERAÇÃO SOLIDÁRIA DE TANGARÁ - CRESOL TANGARÁ;7.946.451;b3S;I;2;;9;TANGARA;SC;09/2012;389;0;0;0;0;0;0;0;0;0;8;2;3;1;0;0;13;0;9;0;0;0;0;0;9;0;0;0;0;0;0;0;0;0;0;0;0;0;0;0;0;0;89;9;15;2;0;0;115;0;0;0;0;0;0;0;0;0;208;0;0;0;0;0;208;0;2;28;8;4;0;0;42;0;1;0
BIORC FINANCEIRA - CRÉDITO, FINANCIAMENTO E INVESTIMENTO S.A.;11.285.104;n1;I;2;;14;FLORIANOPOLIS;SC;09/2012;383;0;0;0;0;0;0;0;0;0;0;0;0;0;0;0;0;0;0;0;0;0;0;0;0;0;0;0;0;0;0;0;0;0;0;0;0;0;0;0;0;0;228;0;0;0;0;0;228;0;0;0;0;0;0;0;0;0;0;0;0;0;0;0;0;0;95;58;0;0;0;0;153;0;1;0
COOPERATIVA DE ECONOMIA E CRÉDITO MÚTUO DOS MÉDICOS  E DEMAIS PROFISSIONAIS DA ÁREA DA SAÚDE DO VALE DO CAÍ LTDA;1.077.901;b3S;I;2;;9;MONTENEGRO;RS;09/2012;377;0;0;0;0;0;0;0;0;0;0;0;0;0;0;0;0;0;0;0;0;0;0;0;0;0;0;0;0;0;0;0;0;0;0;0;0;0;0;0;0;0;23;10;13;0;0;0;46;0;0;0;0;0;0;0;0;0;0;0;0;0;0;0;0;1;48;87;116;54;25;0;331;0;0;0
COOPERATIVA DE CRÉDITO RURAL ASCOOB COOPERAR;2.025.743;b3S;I;2;;9;ARACI;BA;09/2012;372;0;0;0;1;0;0;0;1;5;44;0;1;0;0;0;50;5;5;0;5;0;0;0;15;0;0;0;0;0;0;0;0;0;0;0;0;0;0;0;0;69;76;3;35;0;0;0;184;0;0;0;0;0;0;0;0;0;17;6;2;0;0;0;26;1;48;18;25;2;0;0;94;0;1;0
COOPERATIVA DE CRÉDITO MÚTUO DOS DESPACHANTES DOCUMENTALISTAS DO ESTADO DE SÃO PAULO - COOPERDESP;7.839.980;b3S;I;2;;9;CAMPINAS;SP;09/2012;371;0;0;0;0;0;0;0;0;0;0;0;0;0;0;0;0;0;0;0;0;0;0;0;0;0;0;0;0;0;0;0;0;0;0;0;0;0;0;0;0;0;0;0;0;0;0;0;0;0;0;0;0;0;0;0;0;0;0;0;0;0;0;0;0;370;0;0;0;0;0;0;370;0;1;0
ACCIÓN MICROFINANÇAS - SOCIEDADE DE CRÉDITO AO MICROEMPREENDEDOR E À EMPRESA DE PEQUENO PORTE S.A.;13.058.743;n1;I;3;;10;MANAUS;AM;09/2012;362;0;0;0;0;0;0;0;0;0;6;11;0;0;0;0;17;1;5;4;0;0;0;0;9;0;0;0;0;0;0;0;0;0;0;0;0;0;0;0;0;4;99;135;1;0;0;0;239;0;0;0;0;0;0;0;0;0;1;0;0;0;0;0;1;4;29;51;1;0;0;0;85;0;10;0
COOPERATIVA DE ECONOMIA E CRÉDITO DE LIVRE ADMISSÃO DA SERRA DA CANTAREIRA - SICOOB CANTAREIRA;49.069.990;b3S;I;2;;9;GUARULHOS;SP;09/2012;355;0;0;0;0;0;0;0;0;0;10;0;0;0;0;29;40;0;0;0;0;0;0;22;22;0;0;0;0;0;0;0;0;0;0;0;0;0;0;0;0;26;46;7;8;0;0;36;123;0;0;0;0;0;0;0;0;1;0;0;0;0;0;5;6;18;37;24;22;0;0;58;159;0;4;0
COOPERATIVA DE CREDITO DOS FORNECEDORES DE CANA E DEMAIS PRODUTORES RURAIS DO CENTRO DO ESTADO DE SAO PAULO - CREDICENTRO;53.776.852;b3S;I;2;;9;ARARAQUARA;SP;09/2012;349;0;0;0;0;0;0;0;0;0;0;0;0;0;0;0;0;0;0;0;0;0;0;0;0;0;0;0;0;0;0;0;0;0;0;0;0;0;0;0;0;0;100;7;0;0;0;0;107;0;0;0;0;0;0;0;0;0;89;61;84;0;0;0;234;0;8;0;0;0;0;0;8;0;0;0
COOPERATIVA DE CREDITO RURAL COM INTERACAO SOLIDARIA DE ARATIBA-CRESOL ARATIBA;4.565.791;b3S;I;2;;9;ARATIBA;RS;09/2012;345;0;0;0;0;0;0;0;0;0;106;0;0;0;0;17;123;0;10;0;0;0;0;0;10;0;0;0;0;0;0;0;0;0;0;0;0;0;0;0;0;50;73;14;7;2;0;37;184;0;0;0;0;0;0;0;0;3;4;0;0;0;0;1;8;0;12;1;2;0;0;1;16;0;3;0
COOPERATIVA DE ECONOMIA E CRÉDITO MÚTUO DOS MÉDICOS DE JABOTICABAL - COPERMED JABOTICABAL;2.159.014;b3S;I;2;;9;JABOTICABAL;SP;09/2012;343;0;0;0;0;0;0;0;0;0;0;0;0;0;0;0;0;0;0;0;0;0;0;0;0;0;0;0;0;0;0;0;0;0;0;0;0;0;0;0;0;0;0;0;0;0;0;0;0;0;0;0;0;0;0;0;0;0;0;0;0;0;0;0;0;0;59;110;149;0;0;25;343;0;0;0
COOPERATIVA DE ECONOMIA E CRÉDITO MÚTUO DOS EMPREGADOS DA CENTRAIS ELÉTRICAS DE SANTA CATARINA - CREDELESC;8.850.613;b3S;I;2;;9;FLORIANOPOLIS;SC;09/2012;337;0;0;0;0;0;0;0;0;0;24;18;17;0;0;0;59;0;1;2;1;0;0;0;3;0;0;0;0;0;0;0;0;0;0;0;0;0;0;0;0;0;74;58;19;0;0;0;151;0;0;0;0;0;0;0;0;0;0;0;0;0;0;0;0;0;40;49;35;0;0;0;124;0;0;0
COOPERATIVA DE CRÉDITO DOS PROFISSIONAIS DA ÁREA DA SAÚDE DE FRANCISCO BELTRÃO-PR E REGIÃO, UNIPRIME FRANCISCO BELTRÃO;2.412.022;b3S;I;2;;9;FRANCISCO BELTRAO;PR;09/2012;336;0;0;0;0;0;0;0;0;0;24;0;0;0;0;0;24;0;0;0;0;0;0;0;0;0;0;0;0;0;0;0;0;0;0;0;0;0;0;0;0;0;16;3;0;0;0;0;18;0;0;0;0;0;0;0;0;0;0;0;0;0;0;0;0;0;59;51;89;59;35;0;293;0;1;0
COOPERATIVA DE CRÉDITO RURAL COM INTERAÇÃO SOLIDÁRIA DE DONA EMMA - CRESOL DONA EMMA;4.261.151;b3S;I;2;;9;DONA EMMA;SC;09/2012;332;0;0;0;0;0;0;0;0;1;138;7;2;0;0;0;148;0;12;0;0;0;0;0;12;0;0;0;0;0;0;0;0;0;0;0;0;0;0;0;0;8;123;11;3;1;0;0;146;0;0;0;0;0;0;0;0;0;0;0;0;0;0;0;0;0;26;0;0;0;0;0;26;0;0;0
COOPERATIVA DE CRÉDITO RURAL COM INTERAÇÃO SOLIDÁRIA DE XAVANTINA - CRESOL XAVANTINA;8.055.016;b3S;I;2;;9;XAVANTINA;SC;09/2012;325;0;0;0;0;0;0;0;0;50;24;0;0;0;0;0;74;0;10;0;0;0;0;0;10;0;0;0;0;0;0;0;0;0;0;0;0;0;0;0;0;0;229;0;0;0;0;0;229;0;0;0;0;0;0;0;0;1;10;0;0;0;0;0;11;0;0;0;0;0;0;0;0;0;1;0
COOPERATIVA DE CRÉDITO RURAL HORIZONTES NOVOS DE BARÃO DE COTEGIPE - CREHNOR NORTE;5.996.245;b3S;I;2;;9;BARAO DE COTEGIPE;RS;09/2012;319;0;0;0;0;0;0;0;0;0;29;21;4;0;0;0;55;0;0;0;0;0;0;0;0;0;0;0;0;0;0;0;0;0;0;0;0;0;0;0;0;0;111;0;0;0;0;0;111;0;0;0;0;0;0;0;0;0;14;0;0;0;0;0;14;0;31;107;0;0;0;0;138;0;0;0
COOPERATIVA DE ECONOMIA E CRÉDITO MÚTUO DOS MAGISTRADOS E SERVIDORES DO PODER JUDICIÁRIO E ÓRGÃOS JURÍDICOS ESTADUAIS E FEDERAIS NA GRANDE TERESINA - SICOOB JURISCRED/PI;5.477.038;b3S;I;2;;9;TERESINA;PI;09/2012;313;0;0;0;0;0;0;0;0;0;0;0;0;0;0;0;0;0;0;0;0;0;0;0;0;0;0;0;0;0;0;0;0;0;0;0;0;0;0;0;0;0;0;0;0;0;0;0;0;0;0;0;0;0;0;0;0;0;0;0;0;0;0;0;0;0;8;9;30;44;223;0;313;0;0;0
GLOBAL FINANÇAS SOCIEDADE DE CRÉDITO AO MICROEMPREENDEDOR E À EMPRESA DE PEQUENO PORTE LTDA.;11.165.756;n1;I;2;;10;AMERICANA;SP;09/2012;301;0;0;0;0;0;0;0;0;11;24;0;0;0;0;0;35;0;0;0;0;0;0;0;0;0;0;0;0;0;0;0;0;0;0;0;0;0;0;0;0;23;112;4;0;0;0;0;139;0;0;0;0;0;0;0;0;0;7;0;0;0;0;0;7;0;9;7;14;0;0;0;30;0;90;0
COOPERATIVA CENTRAL DE ECONOMIA E CRÉDITO MÚTUO DAS UNICREDS  DA AMAZÔNIA OCIDENTAL LTDA - UNICRED CENTRAL AMAZÔNIA OCIDENTAL;2.470.935;b3C;I;2;;9;MANAUS;AM;09/2012;300;0;0;0;0;0;0;0;0;0;0;0;0;0;0;0;0;0;0;0;0;0;0;0;0;0;0;0;0;0;0;0;0;0;0;0;0;0;0;0;0;0;0;0;0;0;0;0;0;0;0;0;0;0;0;0;0;0;0;0;0;0;0;0;0;0;35;96;170;0;0;0;300;0;0;0
COOPERATIVA DE CRÉDITO DOS MAGISTRADOS E SERVIDORES DA JUSTIÇA DO ESTADO DE GOIÁS LTDA.;9.552.111;b3S;I;2;;9;GOIANIA;GO;09/2012;300;0;0;0;0;0;0;0;0;0;25;44;56;0;0;25;149;0;0;0;0;0;0;0;0;0;0;0;0;0;0;0;0;0;0;0;0;0;0;0;0;0;32;0;0;0;0;8;40;0;0;0;0;0;0;0;0;0;0;0;0;0;0;0;0;0;16;19;57;0;0;20;111;0;0;0
COOPERATIVA DE CRÉDITO RURAL COM INTERAÇÃO SOLIDÁRIA DE VITOR MEIRELES - CRESOL VITOR MEIRELES;7.320.890;b3S;I;2;;9;VITOR MEIRELES;SC;09/2012;286;0;0;1;1;0;0;0;2;0;116;3;7;5;0;0;131;0;1;2;2;0;0;0;4;0;5;2;1;1;0;0;9;0;0;0;0;0;0;0;0;2;84;13;29;5;0;0;133;0;0;0;0;0;0;0;0;0;0;0;0;0;0;0;0;0;4;1;1;1;0;0;6;0;1;0
ECONOMIA CREDITO IMOBILIARIO S.A.-ECONOMISA;17.441.197;n1;I;2;;31;BELO HORIZONTE;MG;09/2012;284;0;0;0;0;0;0;0;0;0;0;0;0;0;0;0;0;0;0;0;0;0;0;0;0;0;0;0;0;0;0;0;0;0;0;0;0;0;0;0;0;0;0;0;0;0;0;0;0;0;0;0;0;0;0;0;0;0;0;0;0;0;0;0;0;34;29;58;133;31;0;0;284;0;0;0
COOPERATIVA DE CREDITO RURAL COM INTERACAO SOLIDARIA DE PINHAO - CRESOL PINHAO;1.276.398;b3S;I;2;;9;PINHAO;PR;09/2012;282;0;0;0;0;0;0;0;0;0;0;0;0;0;0;0;0;0;0;0;0;0;0;0;0;0;0;0;0;0;0;0;0;0;0;0;0;0;0;0;0;0;43;31;59;25;12;19;190;0;0;0;0;0;0;0;0;0;0;0;0;0;0;0;0;0;34;42;6;2;2;4;91;0;1;0
COOPERATIVA DE CREDITO RURAL ASCOOB SISAL;63.229.629;b3S;I;2;;9;SERRINHA;BA;09/2012;281;0;0;0;0;0;0;0;0;0;5;4;0;0;0;0;9;0;2;4;4;0;0;0;10;0;0;0;0;0;0;0;0;0;0;0;0;0;0;0;0;1;149;12;16;0;0;0;178;0;0;0;0;0;0;0;0;0;7;3;1;0;0;0;10;0;49;7;15;0;0;0;71;0;3;0
COOPERATIVA DE CREDITO RURAL COM INTERACAO SOLIDARIA DE GETULIO VARGAS-CRESOL GETÚLIO VARGAS;5.241.145;b3S;I;2;;9;GETULIO VARGAS;RS;09/2012;261;0;0;2;2;0;0;0;4;8;11;2;4;3;0;0;27;0;1;0;0;0;0;0;1;0;0;0;0;0;0;0;0;0;0;0;0;0;0;0;0;11;110;15;19;6;0;0;162;0;0;0;0;0;0;0;0;0;4;3;3;0;0;0;10;0;23;7;15;9;0;0;54;0;2;0
COOPERATIVA DE CRÉDITO RURAL COM INTERAÇÃO SOLIDÁRIA DE SANTIAGO DO SUL - CRESOL SANTIAGO;3.661.027;b3S;I;2;;9;SANTIAGO DO SUL;SC;09/2012;260;0;0;0;0;0;0;0;0;0;14;0;0;0;0;0;14;0;3;0;0;0;0;0;3;0;0;0;0;0;0;0;0;0;0;0;0;0;0;0;0;0;133;36;9;9;0;0;187;0;0;0;0;0;0;0;0;0;41;2;3;2;0;0;48;3;2;0;0;0;0;0;5;0;2;0
COOPERATIVA DE CREDITO RURAL COM INTERACAO SOLIDARIA DE JAGUARUNA-CRESOL JAGUARUNA;5.410.056;b3S;I;2;;9;JAGUARUNA;SC;09/2012;256;0;0;0;0;0;0;0;0;9;44;2;5;4;0;0;63;0;0;1;2;1;0;0;4;0;0;1;2;0;0;0;3;0;0;0;0;0;0;0;0;10;93;5;11;10;0;0;129;0;0;0;0;0;0;0;0;0;41;2;4;2;0;0;49;1;4;1;1;1;0;0;8;0;0;0
COOPERATIVA DE CRÉDITO POPULAR DE GRAVATÁ - SICOOB COOPERCRÉDITO;10.350.684;b3S;I;2;;9;GRAVATA;PE;09/2012;252;0;0;0;0;0;0;0;0;28;22;0;0;0;0;2;52;0;8;0;0;0;0;5;13;0;0;0;0;0;0;0;0;0;0;0;0;0;0;0;0;4;44;3;11;14;0;18;96;0;0;0;0;0;0;0;0;0;0;0;0;0;0;0;0;3;27;5;19;26;0;5;86;0;5;0
COOPERATIVA DE CREDITO RURAL COM INTERACAO SOLIDARIA DE CAMPO NOVO-CRESOL CAMPO NOVO;4.599.400;b3S;I;2;;9;CAMPO NOVO;RS;09/2012;251;0;0;0;0;0;0;0;0;0;38;0;0;0;0;0;39;0;0;0;0;0;0;0;0;0;0;0;0;0;0;0;0;0;0;0;0;0;0;0;0;3;115;22;35;12;0;0;186;0;0;0;0;0;0;0;0;0;21;0;0;0;0;0;21;0;0;2;2;0;0;0;4;0;1;0
CREDUNI - COOPERATIVA DE ECONOMIA E CRÉDITO MÚTUO DOS SERVIDORES DAS INSTITUIÇÕES PÚBLICAS DE ENSINO SUPERIOR DO ESTADO DA PARAÍBA LTDA.;3.428.338;b3S;I;2;;9;CAMPINA GRANDE;PB;09/2012;245;0;0;0;0;0;0;0;0;0;4;14;23;1;0;0;42;0;0;0;0;0;0;0;0;0;0;0;0;0;0;0;0;0;0;0;0;0;0;0;0;0;0;0;0;0;0;0;0;0;0;0;0;0;0;0;0;0;0;0;0;0;0;0;0;0;48;79;75;0;0;0;203;0;0;0
COOPERATIVA DE CRÉDITO RURAL COM INTERAÇÃO SOLIDÁRIA DE SÃO MIGUEL DO OESTE;8.253.539;b3S;I;2;;9;SAO MIGUEL D'OESTE;SC;09/2012;244;0;0;0;0;0;0;0;0;17;5;12;7;0;0;15;56;0;0;0;0;0;0;0;0;0;0;0;0;0;0;0;0;0;0;0;0;0;0;0;0;17;112;4;7;0;0;43;184;0;0;0;0;0;0;0;0;0;0;0;0;0;0;0;0;0;1;0;1;1;0;1;3;0;2;0
HSCM - HERON SOCIEDADE DE CRÉDITO AO MICROEMPREENDEDOR LTDA.;7.693.858;n1;I;2;;10;IBIA;MG;09/2012;226;0;0;0;0;0;0;0;0;2;24;17;16;0;0;0;59;12;0;0;0;0;0;0;12;0;0;0;0;0;0;0;0;0;0;0;0;0;0;0;0;13;87;16;0;0;0;0;115;0;0;0;0;0;0;0;0;0;6;0;0;0;0;0;6;0;19;6;0;0;0;0;24;0;9;0
COOPERATIVA DE ECONOMIA E CREDITO MUTUO DOS FUNCIONARIOS DO EXPRESSO PRINCESA DOS CAMPOS;1.551.820;b3S;I;2;;9;PONTA GROSSA;PR;09/2012;223;0;0;0;0;0;0;0;0;0;0;0;0;0;0;0;0;0;0;0;0;0;0;0;0;0;0;0;0;0;0;0;0;0;0;0;0;0;0;0;0;0;0;0;0;0;0;0;0;0;0;0;0;0;0;0;0;0;223;0;0;0;0;0;223;0;0;0;0;0;0;0;0;0;0;0
COOPERATIVA DE CREDITO RURAL COM INTERAÇÃO SOLIDARIA DE REALEZA - CRESOL REALEZA;7.076.644;b3S;I;2;;9;REALEZA;PR;09/2012;222;0;57;5;2;0;0;2;67;0;40;2;5;5;0;1;54;0;0;0;0;0;0;0;0;0;0;0;0;0;0;0;0;0;0;0;0;0;0;0;0;0;32;13;5;5;0;2;57;0;0;0;0;0;0;0;0;0;18;0;0;0;0;1;19;0;6;2;4;4;0;10;26;0;0;0
COOPERATIVA DE CREDITO RURAL COM INTERACAO SOLIDARIA DE VIRMOND - CRESOL VIRMOND;4.663.561;b3S;I;2;;9;VIRMOND;PR;09/2012;222;0;0;0;0;0;0;0;0;2;15;22;8;0;0;0;47;0;0;0;0;0;0;0;0;0;0;0;0;0;0;0;0;0;0;0;0;0;0;0;0;0;68;60;36;1;1;7;173;0;0;0;0;0;0;0;0;0;0;0;0;0;0;0;0;0;0;2;0;0;0;0;2;0;0;0
COOPERATIVA DE CREDITO RURAL COM INTERACAO SOLIDARIA DE TRES BARRAS DO PARANA - CRESOL TRES BARRAS DO PARANA;4.273.001;b3S;I;2;;9;TRES BARRAS DO PARANA;PR;09/2012;221;0;0;0;0;0;0;0;0;0;0;0;0;0;0;0;0;0;0;0;0;0;0;0;0;0;0;0;0;0;0;0;0;0;0;0;0;0;0;0;0;18;29;64;67;8;0;6;192;0;0;0;0;0;0;0;0;0;0;0;0;0;0;0;0;0;2;9;18;0;0;0;29;0;0;0
COOPERATIVA DE ECONOMIA E CRÉDITO MÚTUO DOS EMPREGADOS DA USAGRO;68.969.625;b3S;I;2;;9;JABOTICABAL;SP;09/2012;217;0;0;0;0;0;0;0;0;0;217;0;0;0;0;0;217;0;0;0;0;0;0;0;0;0;0;0;0;0;0;0;0;0;0;0;0;0;0;0;0;0;0;0;0;0;0;0;0;0;0;0;0;0;0;0;0;0;0;0;0;0;0;0;0;0;0;0;0;0;0;0;0;0;0;0
COOPERATIVA DE CREDITO RURAL DE BOM JARDIM LTDA;58.338;b3S;I;2;;9;BOM JARDIM;RJ;09/2012;214;0;0;0;0;0;0;0;0;1;49;2;0;0;0;0;52;0;0;0;0;0;0;0;0;0;0;0;0;0;0;0;0;0;0;0;0;0;0;0;0;0;144;0;0;0;0;5;149;0;0;0;0;0;0;0;0;0;9;0;0;0;0;0;9;0;3;0;0;0;0;0;3;0;1;0
COOPERATIVA DE ECONOMIA E CREDITO MUTUO DOS SERVIDORES PÚBLICOS ESTADUAIS DO RIO GRANDE DO SUL EM PORTO ALEGRE E GRANDE PORTO ALEGRE;3.973.814;b3S;I;2;;9;PORTO ALEGRE;RS;09/2012;212;0;0;0;0;0;0;0;0;0;0;0;0;0;0;0;0;0;0;0;0;0;0;0;0;0;0;0;0;0;0;0;0;0;0;0;0;0;0;0;0;0;21;63;0;0;0;0;84;0;0;0;0;0;0;0;0;0;24;2;0;0;0;0;27;0;46;53;0;0;0;0;99;0;2;0
COOPERATIVA DE ECONOMIA E CRÉDITO MÚTUO DOS MÉDICOS E DEMAIS PROFISSIONAIS DA ÁREA DE SAÚDE DA REGIÃO DE RIBEIRÃO PRETO - MEDCRED DE RIBEIRÃO PRETO;3.575.699;b3S;I;2;;9;RIBEIRAO PRETO;SP;09/2012;211;0;0;0;0;0;0;0;0;0;0;0;0;0;0;0;0;0;0;0;0;0;0;0;0;0;0;0;0;0;0;0;0;0;0;0;0;0;0;0;0;0;0;0;0;0;0;0;0;0;0;0;0;0;0;0;0;0;0;0;0;0;0;0;0;38;138;32;0;0;0;0;209;0;2;0
COOPERATIVA DE ECONOMIA E CRÉDITO MÚTUO DOS PROFISSIONAIS DAS ÁREAS DE ENGENHARIA, ARQUITETURA E AGRONOMIA NO SUL FLUMINENSE LTDA - COOPCRED;3.665.505;b3S;I;2;;9;VOLTA REDONDA;RJ;09/2012;208;0;0;0;0;0;0;0;0;0;67;30;52;0;0;0;149;0;45;0;0;0;0;0;45;0;0;0;0;0;0;0;0;0;0;0;0;0;0;0;0;0;0;0;0;0;0;0;0;0;0;0;0;0;0;0;0;0;0;0;0;0;0;0;0;0;4;9;0;0;0;0;13;0;1;0
FACILICRED SOCIEDADE DE CRÉDITO AO MICROEMPREENDEDOR LTDA;4.849.745;n1;I;2;;10;CURITIBA;PR;09/2012;205;0;0;0;0;0;0;0;0;33;19;3;0;0;0;0;55;0;2;0;0;0;0;0;2;0;0;0;0;0;0;0;0;0;0;0;0;0;0;0;0;13;35;31;1;0;0;0;80;0;0;0;0;0;0;0;0;5;10;0;0;0;0;0;14;2;18;4;0;0;0;0;25;0;30;0
COOPERATIVA DE ECONOMIA E CRÉDITO MÚTUO DOS FABRICANTES DE CALÇADOS DE SAPIRANGA LTDA.;5.841.967;b3S;I;2;;9;SAPIRANGA;RS;09/2012;198;0;0;0;0;0;0;0;0;7;89;6;0;0;0;0;102;2;0;0;0;0;0;0;2;0;0;0;0;0;0;0;0;0;0;0;0;0;0;0;0;3;31;4;0;0;0;0;37;0;0;0;0;0;0;0;0;0;0;0;0;0;0;0;0;1;33;21;0;0;0;0;55;0;1;0
FUTURA SOCIEDADE DE CREDITO AO MICROEMPREENDEDOR LTDA.;6.039.009;n1;I;2;;10;JOAO PESSOA;PB;09/2012;195;0;0;0;0;0;0;0;0;0;14;0;0;0;0;0;14;0;0;0;0;0;0;0;0;0;0;0;0;0;0;0;0;0;0;0;0;0;0;0;0;0;96;23;0;0;0;0;118;0;0;0;0;0;0;0;0;0;0;0;0;0;0;0;0;0;14;26;21;0;0;0;61;0;2;0
COOPERATIVA DE ECONOMIA E CREDITO MUTUO DOS COMERCIANTES DE VEÍCULOS E DE PEÇAS E ACESSÓRIOS PARA VEÍCULOS DE PORTO ALEGRE E REGIÃO METROPOLITANA - SIVEICRED;3.653.959;b3S;I;2;;9;PORTO ALEGRE;RS;09/2012;193;0;0;0;0;0;0;0;0;0;0;0;0;0;0;0;0;0;0;0;0;0;0;0;0;0;0;0;0;0;0;0;0;0;0;0;0;0;0;0;0;3;154;34;2;0;0;0;193;0;0;0;0;0;0;0;0;0;0;0;0;0;0;0;0;0;0;0;0;0;0;0;0;0;1;0
COOPERATIVA DE CRÉDITO RURAL COM INTERAÇÃO SOLIDÁRIA DE PONTE ALTA - CRESOL PONTE ALTA;9.377.504;b3S;I;2;;9;PONTE ALTA;SC;09/2012;191;0;2;0;0;0;0;0;2;0;10;0;1;1;0;0;12;0;0;0;0;0;0;0;0;0;28;0;4;4;0;0;36;0;0;0;0;0;0;0;0;9;88;7;15;3;0;0;123;0;0;0;0;0;0;0;0;0;2;1;2;0;0;0;5;0;10;1;1;1;0;0;13;0;0;0
COOPERATIVA DE CREDITO RURAL COM INTERAÇÃO SOLIDÁRIA. DE JACUTINGA - CRESOL JACUTINGA;2.904.125;b3S;I;2;;9;JACUTINGA;RS;09/2012;190;0;0;0;0;0;0;0;0;0;0;0;0;0;0;0;1;0;0;0;0;0;0;0;0;0;0;0;0;0;0;0;0;0;0;0;0;0;0;0;0;4;60;1;5;3;0;0;73;0;0;0;0;0;0;0;0;0;2;0;4;2;0;0;8;0;3;102;1;0;0;0;106;0;2;0
COOPERATIVA DE CRÉDITO RURAL COM INTERAÇÃO SOLIDÁRIA DE WITMARSUM - CRESOL WITMARSUM;7.465.539;b3S;I;2;;9;WITMARSUM;SC;09/2012;190;0;0;0;0;0;0;0;0;0;36;12;10;3;0;0;61;0;0;0;0;0;0;0;0;0;0;0;0;0;0;0;0;0;0;0;0;0;0;0;0;0;42;6;11;5;0;0;65;0;0;0;0;0;0;0;0;0;47;1;6;5;0;0;60;0;2;0;0;0;0;0;2;0;3;0
COOPERATIVA DE CRÉDITO RURAL COM INTERAÇÃO SOLIDÁRIA DE BLUMENAU - CRESOL BLUMENAU;7.522.059;b3S;I;2;;9;BLUMENAU;SC;09/2012;187;0;0;0;0;0;0;0;0;11;9;2;4;3;0;2;30;0;1;1;3;2;1;0;7;0;14;0;0;0;0;13;27;0;0;0;0;0;0;0;0;5;27;20;11;9;0;5;77;0;0;0;0;0;0;0;0;0;0;0;0;0;0;0;0;0;23;4;5;5;0;9;46;0;1;0
CREDICORES - COOPERATIVA DE ECONOMIA E CRÉDITO MÚTUO DOS PROFISSIONAIS DA ÁREA DE SEGUROS DO ESPÍRITO SANTO;2.996.857;b3S;I;2;;9;VITORIA;ES;09/2012;187;0;0;0;0;0;0;0;0;0;0;0;0;0;0;0;0;0;0;0;0;0;0;0;0;0;0;0;0;0;0;0;0;0;0;0;0;0;0;0;0;0;0;0;0;0;0;0;0;0;0;0;0;0;0;0;0;0;0;0;0;0;0;0;0;148;38;0;0;0;0;0;186;0;0;0
COOPERATIVA DE CREDITO RURAL COM INTERACAO SOLIDARIA DE CORONEL MARTINS-CRESOL PEDRA BRANCA;5.070.112;b3S;I;2;;9;CORONEL MARTINS;SC;09/2012;186;0;0;0;0;0;0;0;0;0;6;2;4;4;0;0;16;0;0;1;1;0;0;0;2;0;0;0;0;0;0;0;0;0;0;0;0;0;0;0;0;9;65;5;14;13;0;0;106;0;0;0;0;0;0;0;0;0;5;2;3;2;0;0;12;2;5;14;24;5;0;0;50;0;0;0
COOPERATIVA DE ECONOMIA E CRÉDITO MÚTUO DOS SERVIDORES PÚBLICOS, BANCÁRIOS E ECONOMIÁRIOS DO ESTADO DE SANTA CATARINA - SICOOB CREDISC;3.419.786;b3S;I;2;;9;FLORIANOPOLIS;SC;09/2012;184;0;0;0;0;0;0;0;0;0;3;0;3;0;0;1;7;0;0;0;0;0;0;5;5;0;0;0;0;0;0;0;0;0;0;0;0;0;0;0;0;0;9;5;11;0;0;50;75;0;0;0;0;0;0;0;0;0;0;0;0;0;0;0;0;0;24;21;11;0;0;38;95;0;3;0
COOPERATIVA DE CRÉDITO RURAL COM INTERAÇÃO SOLIDÁRIA CÂNDIDO DE ABREU - CRESOL CÂNDIDO DE ABREU;6.100.881;b3S;I;2;;9;CANDIDO DE ABREU;PR;09/2012;180;32;24;4;5;0;0;4;69;0;0;0;0;0;0;0;0;0;0;0;0;0;0;0;0;0;0;0;0;0;0;0;0;0;0;0;0;0;0;0;0;10;54;3;2;2;0;7;79;0;0;0;0;0;0;0;0;0;15;16;0;0;0;1;32;0;0;0;0;0;0;0;0;0;0;0
COOPERATIVA DE CRÉDITO RURAL COM INTERAÇÃO SOLIDÁRIA DE LONDRINA - CRESOL LONDRINA;7.211.698;b3S;I;2;;9;LONDRINA;PR;09/2012;178;0;0;0;0;0;0;0;0;0;0;0;0;0;0;0;0;0;0;0;0;0;0;0;0;0;0;0;0;0;0;0;0;0;0;0;0;0;0;0;0;3;155;9;0;0;0;8;177;0;0;0;0;0;0;0;0;0;0;0;0;0;0;0;0;0;0;0;0;0;0;2;2;0;0;0
COOPERATIVA DE CRÉDITO RURAL COM INTERAÇÃO SOLIDÁRIA DE SÃO MIGUEL DO IGUAÇU - CRESOL SÃO MIGUEL DO IGUAÇU;11.969.853;b3S;I;2;;9;SAO MIGUEL DO IGUACU;PR;09/2012;171;0;0;2;4;4;0;0;10;0;0;0;0;0;0;0;0;0;0;0;0;0;0;0;0;0;0;0;0;0;0;0;0;0;0;0;0;0;0;0;0;0;0;0;0;0;0;0;0;0;0;0;0;0;0;0;0;0;0;0;0;0;0;0;0;0;45;108;3;3;2;0;161;0;0;0
COOPERATIVA DE CREDITO RURAL COM INTERACAO SOLIDARIA DE VERE - CRESOL VERE;3.348.165;b3S;I;2;;9;VERE;PR;09/2012;170;0;0;0;0;0;0;0;0;15;7;32;49;45;0;0;149;0;0;0;0;0;0;0;0;0;0;0;0;0;0;0;0;0;0;0;0;0;0;0;0;0;8;1;1;0;0;1;11;0;0;0;0;0;0;0;0;0;0;0;0;0;0;0;0;0;0;3;6;0;0;1;11;0;0;0
COOPERATIVA DE CREDITO RURAL COM INTERAÇÃO SOLIDÁRIA DE SAO VALENTIM-CRESOL SAO VALENTIM;3.015.152;b3S;I;2;;9;SAO VALENTIM;RS;09/2012;166;0;47;1;1;0;0;0;48;0;0;0;0;0;0;0;0;0;9;1;2;0;0;0;11;0;0;0;0;0;0;0;0;0;0;0;0;0;0;0;0;10;53;6;15;4;0;0;87;0;0;0;0;0;0;0;0;0;15;0;1;1;0;0;17;0;2;0;0;0;0;0;2;0;0;0
COOPERATIVA DE CRÉDITO RURAL COM INTERAÇÃO SOLIDÁRIA DE SÃO JOÃO DO ITAPERIÚ   CRESOL SÃO JOÃO DO ITAPERIÚ;13.059.232;b3S;I;2;;9;SAO JOAO DO ITAPERIU;SC;09/2012;162;0;19;0;0;0;0;0;19;0;5;2;3;3;0;2;14;0;0;0;0;0;0;0;0;0;0;0;0;0;0;0;0;0;0;0;0;0;0;0;0;0;82;2;3;0;0;16;103;0;0;0;0;0;0;0;0;0;0;1;2;2;0;0;5;0;5;16;0;0;0;0;21;0;0;0
COOPERATIVA DE CREDITO RURAL COM INTERACAO SOLIDARIA DE ITAPERUÇU - CRESOL ITAPERUÇU;4.496.867;b3S;I;2;;9;ITAPERUCU;PR;09/2012;160;0;0;0;0;0;0;0;0;2;0;1;1;1;1;2;7;0;0;0;0;0;0;0;0;0;0;0;0;0;0;0;0;0;0;0;0;0;0;0;0;0;4;0;0;0;0;2;6;0;0;0;0;0;0;0;0;0;9;4;8;5;4;1;30;0;116;0;0;0;0;0;116;0;0;0
COOPERATIVA DE CREDITO RURAL COM INTERACAO SOLIDARIA DE SANTA IZABEL DO OESTE - CRESOL SANTA IZABEL DO OESTE;5.276.770;b3S;I;2;;9;SANTA IZABEL DO OESTE;PR;09/2012;158;0;0;0;0;0;0;0;0;0;47;46;3;3;0;1;99;0;0;0;0;0;0;0;0;0;0;0;0;0;0;0;0;0;0;0;0;0;0;0;0;0;40;5;4;4;0;2;55;0;0;0;0;0;0;0;0;0;0;0;0;0;0;0;0;0;2;2;0;0;0;0;5;0;0;0
COOPERATIVA DE CRÉDITO RURAL DE DESENVOLVIMENTO SOLIDÁRIO DE COLATINA - CREDSOL COLATINA;7.475.376;b3S;I;2;;9;COLATINA;ES;09/2012;156;0;0;0;0;0;0;0;0;0;0;0;0;0;0;0;0;0;0;0;0;0;0;0;0;0;0;0;0;0;0;0;0;0;0;0;0;0;0;0;0;0;8;6;12;8;0;0;35;0;0;0;0;0;0;0;0;0;0;0;0;0;0;0;0;0;103;2;9;5;2;0;121;0;0;0
COOPERATIVA DE CRÉDITO RURAL COM INTERAÇÃO SOLIDÁRIA DE PORTO LUCENA - CRESOL PORTO LUCENA;9.051.765;b3S;I;2;;9;PORTO LUCENA;RS;09/2012;150;0;0;0;0;0;0;0;0;0;76;1;2;1;0;0;80;0;3;0;0;0;0;0;3;0;0;0;0;0;0;0;0;0;0;0;0;0;0;0;0;2;17;0;0;0;0;0;19;0;0;0;0;0;0;0;0;0;46;1;1;0;0;0;47;0;0;0;0;0;0;0;0;0;0;0
COOPERATIVA DE CREDITO RURAL COM INTERACAO SOLIDARIA DE LINDOESTE - CRESOL LINDOESTE;3.013.889;b3S;I;2;;9;LINDOESTE;PR;09/2012;146;0;0;0;0;0;0;0;0;0;0;0;1;0;0;0;2;0;12;0;0;0;0;2;14;0;0;0;0;0;0;0;0;0;0;0;0;0;0;0;0;0;91;3;1;1;1;7;104;0;0;0;0;0;0;0;0;4;0;0;0;0;0;1;5;0;16;1;2;2;0;0;21;0;1;0
COOPERATIVA DE CRÉDITO RURAL BAIXA GRANDE - SICOOB GRANDE;4.368.521;b3S;I;2;;9;BAIXA GRANDE;BA;09/2012;140;0;0;0;0;0;0;0;0;0;1;0;0;0;0;1;2;0;0;0;0;0;0;0;0;0;0;0;0;0;0;0;0;0;0;0;0;0;0;0;0;0;7;0;0;0;0;74;81;0;0;0;0;0;0;0;0;0;0;0;0;0;0;0;0;5;3;4;16;11;0;16;56;0;0;0
COOPERATIVA DE CRÉDITO RURAL COM INTERAÇÃO SOLIDÁRIA DE RIO FORTUNA - CRESOL RIO FORTUNA;7.958.405;b3S;I;2;;9;RIO FORTUNA;SC;09/2012;132;0;0;0;0;0;0;0;0;0;9;17;20;2;0;0;47;0;0;0;0;0;0;0;0;0;7;0;0;0;0;0;7;0;0;0;0;0;0;0;0;0;56;0;1;0;0;0;58;0;0;0;0;0;0;0;0;0;1;2;4;4;0;0;12;0;5;1;2;1;0;0;8;0;1;0
COOPERATIVA DE CREDITO RURAL COM INTERACAO SOLIDARIA DE DIONISIO CERQUEIRA-CRESOL DIONÍSIO CERQUEIRA;2.844.024;b3S;I;2;;9;DIONISIO CERQUEIRA;SC;09/2012;126;0;0;0;0;0;0;0;0;0;81;0;4;2;0;0;87;0;0;0;0;0;0;0;0;0;0;0;0;0;0;0;0;0;0;0;0;0;0;0;0;0;0;2;4;2;0;0;8;0;0;0;0;0;0;0;0;0;26;0;3;1;0;0;30;0;0;0;0;0;0;0;0;0;0;0
COOPERATIVA DE CREDITO RURAL COM INTERACAO SOLIDARIA DE CERRO AZUL - CRESOL CERRO AZUL;5.326.643;b3S;I;2;;9;CERRO AZUL;PR;09/2012;125;1;0;0;0;0;0;0;1;0;0;0;0;0;0;0;0;6;10;1;3;3;0;5;27;0;0;0;0;0;0;0;0;0;0;0;0;0;0;0;0;4;9;19;20;12;1;0;64;0;0;0;0;0;0;0;0;0;0;0;0;0;0;0;0;3;3;11;10;4;0;3;32;0;0;0
COOPERATIVA DE CREDITO RURAL COM INTERACAO SOLIDARIA DE SARANDI-CRESOL SARANDI;5.220.243;b3S;I;2;;9;SARANDI;RS;09/2012;111;0;0;0;0;0;0;0;0;0;7;1;3;1;0;0;12;1;6;2;2;0;0;0;11;0;0;0;0;0;0;0;0;0;0;0;0;0;0;0;0;2;33;3;6;2;0;0;46;0;0;0;0;0;0;0;0;2;0;0;0;0;0;0;2;0;36;0;0;0;0;0;36;0;3;0
COOPERATIVA DE CREDITO RURAL COM INTERACAO SOLIDARIA DE PITANGA - CRESOL PITANGA;2.645.093;b3S;I;2;;9;PITANGA;PR;09/2012;110;0;0;0;0;0;0;0;0;0;0;0;0;0;0;0;0;0;2;0;0;0;0;0;2;0;0;0;0;0;0;0;0;0;0;0;0;0;0;0;0;9;17;10;6;6;2;17;67;0;0;0;0;0;0;0;0;0;0;0;0;0;0;0;0;0;5;14;9;1;0;11;41;0;0;0
COOPERATIVA DE ECONOMIA E CRÉDITO MÚTUO DOS SERVIDORES DA SECRETARIA DE SAÚDE E DOS TRABALHADORES EM ENSINO DO DF LTDA. - SICOOB CREDIDF;1.667.861;b3S;I;2;;9;BRASILIA;DF;09/2012;110;0;0;0;0;0;0;0;0;0;0;0;0;0;0;0;0;0;0;0;0;0;0;0;0;0;0;0;0;0;0;0;0;0;0;0;0;0;0;0;0;0;0;0;0;0;0;0;0;0;0;0;0;0;0;0;0;0;0;0;0;0;0;0;0;59;10;25;0;0;0;16;110;0;0;0
FINACRED - SOCIEDADE DE CREDITO AO MICROEMPREENDEDOR LTDA.;4.275.302;n1;I;2;;10;SAO PAULO;SP;09/2012;109;0;0;0;0;0;0;0;0;0;0;0;0;0;0;0;0;0;17;5;0;0;0;0;22;0;0;0;0;0;0;0;0;0;0;0;0;0;0;0;0;0;5;2;0;0;0;0;7;0;0;0;0;0;0;0;0;0;7;15;0;0;0;0;22;1;38;18;0;0;0;0;58;0;0;0
COOPERATIVA DE CRÉDITO RURAL COM INTERAÇÃO SOLIDÁRIA DE CERRO LARGO - CRESOL CERRO LARGO;8.239.542;b3S;I;2;;9;CERRO LARGO;RS;09/2012;107;0;0;0;0;0;0;0;0;0;0;0;0;0;0;0;1;0;0;0;0;0;0;0;0;0;0;0;0;0;0;0;0;0;0;0;0;0;0;0;0;0;36;1;1;0;0;0;37;0;0;0;0;0;0;0;0;0;20;0;0;0;0;0;20;0;48;0;0;0;0;0;48;0;1;0
BANCO MAXINVEST S.A.;80.271.455;b2;I;2;;8;CURITIBA;PR;09/2012;106;0;0;0;0;0;0;0;0;0;2;4;2;0;0;0;8;0;0;0;0;0;0;0;0;0;0;0;0;0;0;0;0;0;0;0;0;0;0;0;0;0;13;21;13;0;0;0;46;0;0;0;0;0;0;0;0;0;0;0;0;0;0;0;0;0;17;25;10;0;0;0;52;0;0;0
SOCINAL S.A. - CRÉDITO, FINANCIAMENTO E INVESTIMENTO;3.881.423;n1;I;2;;14;ARARUAMA;RJ;09/2012;100;0;0;0;0;0;0;0;0;0;0;0;0;0;0;0;0;0;0;0;0;0;0;0;0;0;0;0;0;0;0;0;0;0;0;0;0;0;0;0;0;0;39;47;0;0;0;0;86;0;0;0;0;0;0;0;0;0;14;0;0;0;0;0;14;0;0;0;0;0;0;0;0;0;0;0
COOPERATIVA DE ECONOMIA E CRÉDITO MÚTUO DOS FUNCIONÁRIOS DA SELENE;72.952.138;b3S;I;2;;9;CERQUILHO;SP;09/2012;99;0;0;0;0;0;0;0;0;0;99;0;0;0;0;0;99;0;0;0;0;0;0;0;0;0;0;0;0;0;0;0;0;0;0;0;0;0;0;0;0;0;0;0;0;0;0;0;0;0;0;0;0;0;0;0;0;0;0;0;0;0;0;0;0;0;0;0;0;0;0;0;0;0;0;0
COOPERATIVA DE ECONOMIA E CRÉDITO MÚTUO DOS EMPREGADOS EM EMPRESAS DE TELECOMUNICAÇÕES NO NORDESTE - CERTEL LTDA;12.928.909;b3S;I;2;;9;JOAO PESSOA;PB;09/2012;96;0;0;0;0;0;0;0;0;0;0;0;0;0;0;0;0;0;1;0;0;0;0;49;50;0;0;0;0;0;0;0;0;0;0;0;0;0;0;0;0;3;1;0;0;0;0;16;20;0;0;0;0;0;0;0;0;0;0;0;0;0;0;0;0;3;2;3;0;0;0;18;26;0;0;0
COOPERATIVA DE ECONOMIA E CRÉDITO MÚTUO DOS MILITARES E SERVIDORES PÚBLICOS DO VALE DO IGUAÇU - CREDIMILSUL;5.462.911;b3S;I;2;;9;PORTO UNIAO;SC;09/2012;90;0;0;0;0;0;0;0;0;0;0;0;0;0;0;0;0;0;0;0;0;0;0;0;0;0;0;0;0;0;0;0;0;0;0;0;0;0;0;0;0;0;0;0;0;0;0;0;0;0;0;0;0;0;0;0;0;0;1;3;4;0;0;0;7;0;10;30;43;0;0;0;82;0;1;0
COOPERATIVA DE CREDITO RURAL COM INTERACAO SOLIDARIA DE CRUZ MACHADO - CRESOL CRUZ MACHADO;5.277.312;b3S;I;2;;9;CRUZ MACHADO;PR;09/2012;86;0;0;0;0;0;0;0;0;31;0;0;0;0;0;0;31;0;0;0;0;0;0;0;0;0;0;0;0;0;0;0;0;0;0;0;0;0;0;0;0;7;14;13;7;6;0;2;49;0;0;0;0;0;0;0;0;0;2;0;0;0;0;0;2;2;0;0;0;0;0;1;3;0;1;0
COOPERATIVA DE CRÉDITO MÚTUO DOS SERVIDORES DOS DEPARTAMENTOS DE POLÍCIA FEDERAL, POLÍCIA RODOVIÁRIA FEDERAL E DEMAIS SERVIDORES PÚBLICOS FEDERAIS LOTADOS NOS ESTADOS DE MT E MS - SICOOB FEDERAL;37.497.245;b3S;I;2;;9;CUIABA;MT;09/2012;86;0;0;0;0;0;0;0;0;0;0;0;0;0;0;0;0;0;0;0;0;0;0;0;0;0;0;0;0;0;0;0;0;0;0;0;0;0;0;0;0;0;1;0;0;0;0;4;4;0;0;0;0;0;0;0;0;0;0;0;0;0;0;0;0;1;13;36;12;0;0;19;81;0;1;0
COOPERATIVA DE ECONOMIA E CRÉDITO MÚTUO DOS SERVIDORES PÚBLICOS EM RIO BRANCO - ACRE - CEMATER;34.709.527;b3S;I;2;;9;RIO BRANCO;AC;09/2012;85;0;0;0;0;0;0;0;0;0;0;0;0;0;0;29;29;0;0;0;0;0;0;0;0;0;0;0;0;0;0;0;0;0;0;0;0;0;0;0;0;0;0;0;0;0;0;0;0;0;0;0;0;0;0;0;0;0;0;0;0;0;0;0;0;0;0;0;0;0;0;56;56;0;0;0
COOPERATIVA DE CRÉDITO RURAL COM INTERAÇÃO SOLIDÁRIA DE IMARUÍ - CRESOL IMARUÍ;7.519.375;b3S;I;2;;9;IMARUI;SC;09/2012;84;0;0;0;0;0;0;0;0;0;0;0;0;0;0;0;0;0;1;0;0;0;0;0;1;0;0;0;0;0;0;0;0;0;0;0;0;0;0;0;0;0;10;9;0;0;0;1;20;0;0;0;0;0;0;0;0;10;6;7;0;0;0;5;28;6;8;12;9;0;0;0;35;0;0;0
COOPERATIVA DE CREDITO RURAL COM INTERACAO SOLIDARIA DE CORONEL VIVIDA - CRESOL CORONEL VIVIDA;2.446.089;b3S;I;2;;9;CORONEL VIVIDA;PR;09/2012;79;0;0;0;0;0;0;0;0;0;3;10;10;1;1;0;25;0;0;0;0;0;0;0;0;0;0;0;0;0;0;0;0;0;0;0;0;0;0;0;0;0;14;11;16;1;1;8;52;0;0;0;0;0;0;0;0;0;0;0;0;0;0;0;0;0;0;0;0;0;0;0;0;0;2;0
COOPERATIVA DE CRÉDITO MÚTUO DOS SERVIDORES DO INSTITUTO FEDERAL DE EDUCAÇÃO, CIÊNCIA E TECNOLOGIA DE MATO GROSSO - SICOOB COOPERTEC;37.433.448;b3S;I;2;;9;CUIABA;MT;09/2012;79;0;0;0;0;0;0;0;0;0;0;0;0;0;0;0;0;0;0;0;0;0;0;0;0;0;0;0;0;0;0;0;0;0;0;0;0;0;0;0;0;0;0;0;0;0;0;0;0;0;0;0;0;0;0;0;0;0;0;0;0;0;0;0;0;0;21;0;0;0;0;58;78;0;0;0
COOPERATIVA DE CRÉDITO RURAL COM INTERAÇÃO SOLIDÁRIA DE ENÉAS MARQUES - CRESOL ENÉAS MARQUES;8.812.388;b3S;I;2;;9;ENEAS MARQUES;PR;09/2012;77;0;0;0;0;0;0;0;0;0;0;0;0;0;0;0;0;0;0;0;0;0;0;0;0;0;0;0;0;0;0;0;0;0;0;0;0;0;0;0;0;0;8;13;41;0;0;9;71;0;0;0;0;0;0;0;0;0;0;0;0;0;0;0;0;0;0;2;4;0;0;0;6;0;0;0
COOPERATIVA DE CREDITO RURAL COM INTERACAO SOLIDARIA DE MARCELINO RAMOS-CRESOL MARCELINO RAMOS;5.211.129;b3S;I;2;;9;MARCELINO RAMOS;RS;09/2012;76;0;0;0;0;0;0;0;0;0;2;1;4;2;0;0;8;0;0;0;0;0;0;0;0;0;0;0;0;0;0;0;0;0;0;0;0;0;0;0;0;0;56;0;4;4;0;0;64;0;0;0;0;0;0;0;0;0;1;0;0;0;0;0;1;0;3;0;0;0;0;0;3;0;0;0
RPW SOCIEDADE DE CREDITO AO MICROEMPREENDEDOR E A EMPRESA DE PEQUENO PORTE LTDA.;6.249.129;n1;I;2;;10;SAO PAULO;SP;09/2012;76;0;0;0;0;0;0;0;0;0;11;5;0;0;0;0;16;0;0;0;0;0;0;0;0;0;0;0;0;0;0;0;0;0;0;0;0;0;0;0;0;6;1;0;0;0;0;0;7;0;0;0;0;0;0;0;0;0;17;7;0;0;0;0;24;2;4;11;12;0;0;0;29;0;0;0
COOPERATIVA DE CRÉDITO RURAL COM INTERAÇÃO SOLIDÁRIA DE GUARANI DAS MISSÕES - CRESOL GUARANI DAS MISSÕES;8.488.377;b3S;I;2;;9;GUARANI DAS MISSOES;RS;09/2012;73;0;0;0;0;0;0;0;0;0;30;1;0;0;0;0;31;0;1;0;0;0;0;0;2;0;0;0;0;0;0;0;0;0;0;0;0;0;0;0;0;2;25;0;0;0;0;0;27;0;0;0;0;0;0;0;0;9;0;0;0;0;0;0;9;0;2;0;0;0;0;0;2;0;2;0
COOPERATIVA DE CREDITO RURAL COM INTERACAO SOLIDARIA DE ITAPEJARA D`OESTE - CRESOL ITAPEJARA D`OESTE;4.973.378;b3S;I;2;;9;ITAPEJARA D'OESTE;PR;09/2012;72;0;0;0;0;0;0;0;0;0;3;1;1;1;1;0;6;0;0;0;0;0;0;0;0;0;0;0;0;0;0;0;0;0;0;0;0;0;0;0;0;1;18;26;3;1;1;2;53;0;0;0;0;0;0;0;0;0;0;1;2;2;1;0;7;0;0;1;2;1;1;0;6;0;0;0
COOPERATIVA DE CRÉDITO RURAL COM INTERAÇÃO SOLIDÁRIA DE SANTO CRISTO - CRESOL SANTO CRISTO;6.031.727;b3S;I;2;;9;SANTO CRISTO;RS;09/2012;70;0;0;0;0;0;0;0;0;0;16;0;1;0;0;0;17;0;2;2;5;2;0;0;12;0;0;0;0;0;0;0;0;0;0;0;0;0;0;0;0;0;30;1;5;1;0;0;38;0;0;0;0;0;0;0;0;0;0;0;0;0;0;0;0;0;0;0;0;0;0;0;0;0;3;0
HABITASUL - CREDITO IMOBILIARIO S/A;92.859.800;n1;I;2;;31;PORTO ALEGRE;RS;09/2012;69;0;0;0;0;0;0;0;0;0;0;0;0;0;0;0;0;0;0;0;0;0;0;0;0;0;0;0;0;0;0;0;0;0;0;0;0;0;0;0;0;0;0;0;46;0;0;0;46;0;0;0;0;0;0;0;0;0;0;0;0;0;0;0;0;0;0;22;0;0;0;0;22;0;1;0
COOPERATIVA DE ECONOMIA E CRÉDITO MÚTUO DOS PROFISSIONAIS DA ÁREA DE SAÚDE DE PIRACICABA E REGIÃO;2.072.790;b3S;I;2;;9;PIRACICABA;SP;09/2012;68;0;0;0;0;0;0;0;0;0;0;0;0;0;0;0;0;0;0;0;0;0;0;0;0;0;0;0;0;0;0;0;0;0;0;0;0;0;0;0;0;0;0;0;0;0;0;10;10;0;0;0;0;0;0;0;0;0;0;0;0;0;0;0;0;0;25;28;0;0;0;5;57;0;0;0
COOPERATIVA DE CRÉDITO RURAL COM INTERAÇÃO SOLIDÁRIA DA QUARTA COLONIA - CRESOL QUARTA COLONIA;11.300.087;b3S;I;2;;9;FAXINAL DO SOTURNO;RS;09/2012;66;0;4;0;0;0;0;0;4;4;11;16;0;0;0;0;31;0;10;0;0;0;0;0;10;0;0;0;0;0;0;0;0;0;0;0;0;0;0;0;0;19;1;0;0;0;0;0;20;0;0;0;0;0;0;0;0;0;0;0;0;0;0;0;0;0;0;0;0;0;0;0;0;0;1;0
COOPERATIVA DE CREDITO RURAL COM INTERACAO SOLIDARIA DE PORTO XAVIER-CRESOL PORTO XAVIER;5.442.759;b3S;I;2;;9;PORTO XAVIER;RS;09/2012;63;0;0;0;0;0;0;0;0;5;43;0;0;0;0;0;48;0;0;0;0;0;0;0;0;0;0;0;0;0;0;0;0;0;0;0;0;0;0;0;0;1;6;0;0;0;0;0;7;0;0;0;0;0;0;0;0;0;0;0;0;0;0;0;0;0;8;0;0;0;0;0;8;0;0;0
COOPERATIVA DE CRÉDITO RURAL COM INTERAÇÃO SOLIDÁRIA DE PINHALZINHO - CRESOL PINHALZINHO;7.412.987;b3S;I;2;;9;PINHALZINHO;SC;09/2012;63;0;0;0;0;0;0;0;0;0;0;0;0;0;0;0;0;0;0;0;0;0;0;0;0;0;0;0;0;0;0;0;0;0;0;0;0;0;0;0;0;0;38;4;8;5;0;0;55;0;0;0;0;0;0;0;0;0;0;0;0;0;0;0;0;0;0;2;3;2;0;0;7;0;1;0
COOPERATIVA DE ECONOMIA E CREDITO MUTUO DOS ADVOGADOS DO ESTADO DO RIO DE JANEIRO LTDA.;7.755.335;b3S;I;2;;9;RIO DE JANEIRO;RJ;09/2012;61;0;0;0;0;0;0;0;0;0;0;0;0;0;0;0;0;0;0;0;0;0;0;0;0;0;0;0;0;0;0;0;0;0;0;0;0;0;0;0;0;0;0;0;0;0;0;0;0;0;0;0;0;0;0;0;0;0;0;0;0;0;0;0;0;0;21;35;0;0;0;5;61;0;0;0
COOPERATIVA DE ECONOMIA E CRÉDITO MÚTUO DOS CONTABILISTAS,  ADMINISTRADORES E ECONOMISTAS DE MACEIÓ/AL, CONTCRED MACEIÓ;3.056.109;b3S;I;2;;9;MACEIO;AL;09/2012;61;0;0;0;0;0;0;0;0;0;0;0;0;0;0;0;0;0;0;0;0;0;0;0;0;0;0;0;0;0;0;0;0;0;0;0;0;0;0;0;0;0;0;0;0;0;0;0;0;0;0;0;0;0;0;0;0;0;0;0;0;0;0;0;0;0;57;0;0;0;0;0;57;0;3;0
CREDILON SOCIEDADE DE CRÉDITO AO MICROEMPREENDEDOR DA REGIÃO DE LONDRINA LTDA.;4.223.451;n1;I;2;;10;LONDRINA;PR;09/2012;60;0;10;0;0;0;0;0;10;0;23;0;0;0;0;0;23;0;0;0;0;0;0;0;0;0;0;0;0;0;0;0;0;0;0;0;0;0;0;0;0;0;11;0;0;0;0;0;11;0;0;0;0;0;0;0;0;0;0;0;0;0;0;0;0;0;14;1;0;0;0;0;16;0;0;0
COOPERATIVA DE CRÉDITO RURAL COM INTERAÇÃO SOLIDÁRIA DE FREI ROGÉRIO - CRESOL FREI ROGÉRIO;6.890.201;b3S;I;2;;9;FREI ROGERIO;SC;09/2012;59;0;0;0;0;0;0;0;0;0;0;0;0;0;0;0;0;0;0;0;0;0;0;0;0;0;0;0;0;0;0;0;0;0;0;0;0;0;0;0;0;1;25;2;3;1;0;0;33;0;0;0;0;0;0;0;0;0;18;1;1;1;0;0;21;0;0;1;2;2;0;0;5;0;1;0
COOPERATIVA DE ECONOMIA E CRÉDITO MÚTUO DOS FUNCIONÁRIOS DA FACULDADE DE CIÊNCIAS AGRÁRIAS E VETERINÁRIAS - CAMPUS DE JABOTICABAL/SP - SICOOB COOPERFAC;57.259.525;b3S;I;2;;9;JABOTICABAL;SP;09/2012;58;0;0;0;0;0;0;0;0;0;0;0;0;0;0;0;0;0;0;0;0;0;0;0;0;0;0;0;0;0;0;0;0;0;0;0;0;0;0;0;0;0;0;0;0;0;0;0;0;0;0;0;0;0;0;0;0;0;0;0;0;0;0;0;0;0;58;0;0;0;0;0;58;0;0;0
CREDIALIANÇA COOPERATIVA DE CRÉDITO RURAL;78.157.146;b3S;I;2;;9;ROLANDIA;PR;09/2012;58;0;0;0;0;0;0;0;0;0;0;0;0;0;0;0;0;0;0;0;0;0;0;0;0;0;0;0;0;0;0;0;0;0;0;0;0;0;0;0;0;0;19;0;0;0;0;0;19;0;0;0;0;0;0;0;0;0;2;14;3;0;0;0;19;0;20;0;0;0;0;0;20;0;0;0
COOPERATIVA DE CRÉDITO RURAL COM INTERAÇÃO SOLIDÁRIA DE CAPANEMA - CRESOL CAPANEMA;1.201.006;b3S;I;2;;9;CAPANEMA;PR;09/2012;57;0;0;0;0;0;0;0;0;0;0;0;0;0;0;0;0;0;0;0;0;0;0;0;0;0;0;0;0;0;0;0;0;0;0;0;0;0;0;0;0;0;19;10;21;0;0;0;49;0;0;0;0;0;0;0;0;0;0;0;0;0;0;0;0;0;0;2;4;2;0;0;8;0;0;0
COOPERATIVA CENTRAL DE CRÉDITO DO ESTADO DE SÃO PAULO - SICOOB SÃO PAULO;63.917.579;b3C;I;3;;9;RIBEIRAO PRETO;SP;09/2012;57;0;0;0;0;0;0;0;0;0;0;0;0;0;0;0;0;0;0;0;0;0;0;0;0;0;0;0;0;0;0;0;0;0;0;0;0;0;0;0;0;0;0;0;0;0;0;0;0;0;0;0;0;0;0;0;0;0;0;0;0;0;0;0;0;0;17;40;0;0;0;0;57;0;0;0
COOPERATIVA DE CREDITO RURAL COM INTERACAO SOLIDARIA DE CANDOI - CRESOL CANDOI;3.356.447;b3S;I;2;;9;CANDOI;PR;09/2012;56;0;0;0;0;0;0;0;0;0;0;0;0;0;0;0;0;0;0;0;0;0;0;0;0;0;0;0;0;0;0;0;0;0;0;0;0;0;0;0;0;5;33;6;3;1;0;3;51;0;0;0;0;0;0;0;0;0;0;0;0;0;0;0;0;0;0;1;2;1;1;0;5;0;1;0
COOPERATIVA DE CRÉDITO RURAL COM INTERAÇÃO SOLIDÁRIA DE XANXERÊ - CRESOL XANXERÊ;7.509.426;b3S;I;2;;9;XANXERE;SC;09/2012;56;0;0;0;0;0;0;0;0;0;0;0;0;0;0;0;0;0;0;0;0;0;0;0;0;0;0;0;0;0;0;0;0;0;0;0;0;0;0;0;0;11;26;2;4;3;0;0;45;0;0;0;0;0;0;0;0;0;12;0;0;0;0;0;12;0;0;0;0;0;0;0;0;0;0;0
COOPERATIVA DE ECONOMIA E CREDITO MUTUO DOS SERVIDORES DO PODER JUDICIARIO DO ESTADO DE MATO GROSSO - CREDIJUD;3.326.437;b3S;I;2;;9;CUIABA;MT;09/2012;55;0;0;0;0;0;0;0;0;0;0;0;0;0;0;0;0;0;0;0;0;0;0;0;0;0;0;0;0;0;0;0;0;0;0;0;0;0;0;0;0;0;0;0;0;0;0;0;0;0;0;0;0;0;0;0;0;0;0;0;0;0;0;0;0;0;0;0;0;0;0;55;55;0;0;0
COOPERATIVA DE ECONOMIA E CRÉDITO MÚTUO DOS SERVIDORES DA SECRETARIA DE ESTADO DA SEGURANÇA PÚBLICA E DA DEFESA SOCIAL DO ESTADO DO RIO GRANDE DO NORTE - CREDIPOL;2.382.755;b3S;I;2;;9;NATAL;RN;09/2012;55;0;0;0;0;0;0;0;0;0;0;0;0;0;0;0;0;0;0;0;0;0;0;0;0;0;0;0;0;0;0;0;0;0;0;0;0;0;0;0;0;0;0;0;0;0;0;0;0;0;0;0;0;0;0;0;0;0;0;0;0;0;0;0;0;0;7;21;22;0;0;4;55;0;0;0
COOPERATIVA DE CRÉDITO RURAL COM INTERAÇÃO SOLIDÁRIA DE BOA VENTURA DE SÃO ROQUE - CRESOL BOA VENTURA DE SÃO ROQUE;6.115.743;b3S;I;2;;9;BOA VENTURA DE SAO ROQUE;PR;09/2012;54;0;0;0;0;0;0;0;0;0;0;0;0;0;0;0;0;0;0;0;0;0;0;0;0;0;0;0;0;0;0;0;0;0;0;0;0;0;0;0;0;0;2;8;10;6;0;0;26;0;0;0;0;0;0;0;0;0;0;0;0;0;0;0;0;2;1;0;2;1;0;22;27;0;1;0
COOPERATIVA DE CRÉDITO RURAL HORIZONTES NOVOS DE IBIRAIARAS LTDA - CREHNOR NORDESTE;6.139.650;b3S;I;2;;9;IBIRAIARAS;RS;09/2012;53;0;0;0;0;0;0;0;0;0;4;2;0;0;0;0;6;0;31;0;0;0;0;0;31;0;0;0;0;0;0;0;0;0;0;0;0;0;0;0;0;0;12;0;0;0;0;0;13;0;0;0;0;0;0;0;0;0;0;0;0;0;0;0;0;0;3;0;0;0;0;0;3;0;0;0
COOPERATIVA DE CRÉDITO RURAL COM INTERAÇÃO SOLIDÁRIA DE SÃO JOÃO DO SUL - CRESOL SÃO JOÃO DO SUL;9.488.496;b3S;I;2;;9;SAO JOAO DO SUL;SC;09/2012;51;0;0;0;0;0;0;0;0;0;11;2;0;0;0;0;13;0;0;0;0;0;0;0;0;0;0;1;1;1;0;0;3;0;0;0;0;0;0;0;0;0;29;1;3;1;0;0;35;0;0;0;0;0;0;0;0;0;0;0;0;0;0;0;0;0;0;0;0;0;0;0;0;0;1;0
COOPERATIVA DE CRÉDITO RURAL COM INTERAÇÃO SOLIDÁRIA DE JACINTO MACHADO - CRESOL JACINTO MACHADO;9.463.721;b3S;I;2;;9;JACINTO MACHADO;SC;09/2012;50;0;0;0;0;0;0;0;0;0;21;0;0;0;0;0;21;0;0;0;0;0;0;0;0;0;0;0;0;0;0;0;0;0;0;0;0;0;0;0;0;17;5;2;3;1;0;0;28;0;0;0;0;0;0;0;0;0;0;0;0;0;0;0;0;0;0;0;0;0;0;0;0;0;1;0
COOPERATIVA DE ECONOMIA E CREDITO MUTUO DOS EMPREGADOS DE CHOCOLATES GAROTO, LTDA;30.949.267;b3S;I;2;;9;VILA VELHA;ES;09/2012;49;0;0;0;0;0;0;0;0;3;27;1;0;0;0;0;32;0;2;0;0;0;0;0;2;0;0;0;0;0;0;0;0;0;0;0;0;0;0;0;0;0;0;0;0;0;0;0;0;0;0;0;0;0;0;0;0;0;0;0;0;0;0;0;0;0;16;0;0;0;0;0;16;0;0;0
COOPERATIVA DE CRÉDITO RURAL COM INTERAÇÃO SOLIDÁRIA DE ÁGUAS DE CHAPECÓ - CRESOL ÁGUAS DE CHAPECÓ;7.514.202;b3S;I;2;;9;AGUAS DE CHAPECO;SC;09/2012;48;0;0;0;0;0;0;0;0;0;6;1;2;1;1;1;11;0;0;0;0;0;0;0;0;0;0;0;0;0;0;0;0;0;0;0;0;0;0;0;0;8;3;7;7;5;0;6;36;0;0;0;0;0;0;0;0;0;0;0;0;0;0;0;0;0;0;0;0;0;0;0;0;0;1;0
SOROCABA CRÉDITO SOCIEDADE DE CRÉDITO AO MICROEMPREENDEDOR E A EMPRESA DE PEQUENO PORTE LTDA.;8.430.732;n1;I;2;;10;SOROCABA;SP;09/2012;47;0;0;0;0;0;0;0;0;0;0;0;0;0;0;0;0;0;0;0;0;0;0;0;0;0;0;0;0;0;0;0;0;0;0;0;0;0;0;0;0;0;9;4;10;12;0;0;35;0;0;0;0;0;0;0;0;0;0;0;0;0;0;0;0;0;1;1;3;6;0;0;10;0;2;0
COOPERATIVA DE CRÉDITO RURAL COM INTERAÇÃO SOLIDÁRIA DE ITATIBA DO SUL - CRESOL ITATIBA DO SUL;5.745.533;b3S;I;2;;9;ITATIBA DO SUL;RS;09/2012;47;0;0;0;0;0;0;0;0;0;0;0;0;0;0;0;0;0;0;0;0;0;0;0;0;0;0;0;0;0;0;0;0;0;0;0;0;0;0;0;0;0;16;0;0;0;0;0;16;0;0;0;0;0;0;0;0;0;2;7;10;5;0;0;24;0;0;4;3;0;0;0;7;0;0;0
FINCRED - SOCIEDADE DE CRÉDITO AO MICROEMPREENDEDOR LTDA;5.147.693;n1;I;2;;10;LONDRINA;PR;09/2012;47;0;0;0;0;0;0;0;0;5;2;0;1;0;0;0;9;0;0;0;0;0;0;0;0;0;0;0;0;0;0;0;0;0;0;0;0;0;0;0;0;9;17;5;1;0;0;0;33;0;0;0;0;0;0;0;0;0;0;0;0;0;0;0;0;0;1;1;0;0;0;0;3;0;2;0
COOPERATIVA DE ECONOMIA E CRÉDITO MÚTUO DOS PROFESSORES E DEMAIS PROFISSIONAIS DA ÁREA DE EDUCAÇÃO DO MUNICÍPIO DE BELÉM - SICOOB CREDIEDUC-PARÁ;5.235.613;b3S;I;2;;9;BELEM;PA;09/2012;47;0;0;0;0;0;0;0;0;0;0;0;0;0;0;0;0;0;0;0;0;0;0;0;0;0;0;0;0;0;0;0;0;0;0;0;0;0;0;0;0;0;0;0;0;0;0;0;0;0;0;0;0;0;0;0;0;0;0;0;0;0;0;0;0;0;2;6;19;19;0;0;47;0;0;0
COOPERATIVA DE ECONOMIA E CRÉDITO MÚTUO DOS SERVIDORES DA FUNDAÇÃO HOSPITALAR E EMPREGADOS DOS ESTABELECIMENTOS HOSPITALARES DE BELO HORIZONTE, REGIÃO METROPOLITANA E ZONA DA MATA LTDA. - CECREF;19.402.130;b3S;I;2;;9;BELO HORIZONTE;MG;09/2012;46;0;0;0;0;0;0;0;0;0;0;0;0;0;0;0;0;0;0;0;0;0;0;0;0;0;0;0;0;0;0;0;0;0;0;0;0;0;0;0;0;0;0;0;0;0;0;5;5;0;0;0;0;0;0;0;0;0;0;0;0;0;0;0;0;9;18;0;0;0;0;14;42;0;0;0
COOPERATIVA DE CREDITO RURAL COM INTERACAO SOLIDARIA DE NOVA PRATA DO IGUACU - CRESOL NOVA PRATA DO IGUACU;3.014.407;b3S;I;2;;9;NOVA PRATA DO IGUACU;PR;09/2012;46;0;0;0;0;0;0;0;0;0;0;0;0;0;0;0;0;0;0;0;0;0;0;0;0;0;0;0;0;0;0;0;0;0;0;0;0;0;0;0;0;0;7;4;5;0;0;28;43;0;0;0;0;0;0;0;0;0;0;0;0;0;0;0;0;0;0;3;0;0;0;0;3;0;0;0
FID SOCIEDADE DE CRÉDITO AO MICROEMPREENDEDOR E À EMPRESA DE PEQUENO PORTE LTDA;4.986.548;n1;I;2;;10;RECIFE;PE;09/2012;46;0;0;0;0;0;0;0;0;0;0;0;0;0;0;0;0;0;0;0;0;0;0;0;0;0;0;0;0;0;0;0;0;0;0;0;0;0;0;0;0;16;29;0;0;0;0;0;46;0;0;0;0;0;0;0;0;0;0;0;0;0;0;0;0;0;0;0;0;0;0;0;0;0;0;0
IPACRED - SOCIEDADE DE CRÉDITO AO MICROEMPREENDEDOR LTDA;3.476.483;n1;I;2;;10;IPATINGA;MG;09/2012;45;0;0;0;0;0;0;0;0;6;12;0;0;0;0;0;18;0;0;0;0;0;0;0;0;0;0;0;0;0;0;0;0;0;0;0;0;0;0;0;0;6;0;0;0;0;0;0;6;0;0;0;0;0;0;0;0;0;15;0;0;0;0;0;15;0;5;0;0;0;0;0;5;0;0;0
COOPERATIVA DE CREDITO RURAL COM INTERACAO SOLIDARIA CONCORDIA- CRESOL CONCÓRDIA;5.425.526;b3S;I;2;;9;CONCORDIA;SC;09/2012;44;0;0;0;0;0;0;0;0;10;6;0;0;0;0;0;16;0;0;0;0;0;0;0;0;0;0;0;0;0;0;0;0;0;0;0;0;0;0;0;0;2;0;2;4;0;0;0;9;0;0;0;0;0;0;0;0;0;18;0;1;0;0;0;19;0;0;0;0;0;0;0;0;0;0;0
COOPERATIVA DE CREDITO RURAL COM INTERACAO SOLIDARIA DE BOA VISTA-CRESOL BOA VISTA;4.929.712;b3S;I;2;;9;SAO LOURENCO DO SUL;RS;09/2012;43;0;0;2;4;2;0;0;9;0;0;0;1;0;0;0;2;0;0;0;0;0;0;0;0;0;0;0;0;0;0;0;0;0;0;0;0;0;0;0;0;2;2;4;5;0;0;0;12;0;0;0;0;0;0;0;0;0;0;0;0;0;0;0;0;0;5;1;8;6;0;0;19;0;1;0
COOPERATIVA DE CRÉDITO RURAL COM INTERAÇÃO SOLIDÁRIA DE APIÚNA - CRESOL APIÚNA;7.215.632;b3S;I;2;;9;APIUNA;SC;09/2012;42;0;0;0;0;0;0;0;0;0;3;0;0;0;0;0;3;0;0;0;1;0;0;0;1;0;0;0;0;0;0;0;0;0;0;0;0;0;0;0;0;0;19;1;5;0;0;0;25;0;0;0;0;0;0;0;0;0;0;0;0;0;0;0;0;0;11;0;1;0;0;0;12;0;1;0
AGIPLAN FINANCEIRA S.A. - CREDITO FINANCIAMENTO E INVESTIMENTO;13.660.104;n1;I;2;;14;PORTO ALEGRE;RS;09/2012;41;0;0;0;0;0;0;0;0;0;0;0;0;0;0;0;0;0;0;0;0;0;0;0;0;0;0;0;0;0;0;0;0;0;0;0;0;0;0;0;0;0;0;0;0;0;0;0;0;0;0;0;0;0;0;0;0;0;0;0;0;0;0;0;0;0;11;30;0;0;0;0;41;0;0;0
COOPERATIVA DE CRÉDITO RURAL COM INTERAÇÃO SOLIDÁRIA DE SANTA TEREZINHA DO PROGRESSO - CRESOL SANTA TEREZINHA DO PROGRESSO;8.652.872;b3S;I;2;;9;SANTA TEREZINHA DO PROGRESSO;SC;09/2012;41;0;0;0;0;0;0;0;0;0;35;0;0;0;0;0;35;0;0;0;0;0;0;0;0;0;0;0;0;0;0;0;0;0;0;0;0;0;0;0;0;0;4;0;0;0;0;0;5;0;0;0;0;0;0;0;0;0;0;0;0;0;0;0;0;0;0;0;0;0;0;0;0;0;0;0
COOPERATIVA DE CREDITO RURAL COM INTERACAO SOLIDARIA DE VERA CRUZ DO OESTE - CRESOL VERA CRUZ DO OESTE;5.152.177;b3S;I;2;;9;VERA CRUZ DO OESTE;PR;09/2012;40;0;0;0;0;0;0;0;0;0;1;2;0;0;0;1;4;0;0;0;0;0;0;0;0;0;0;0;0;0;0;0;0;0;0;0;0;0;0;0;0;0;11;8;9;2;2;3;35;0;0;0;0;0;0;0;0;0;0;0;0;0;0;0;0;0;0;0;0;0;0;0;0;0;1;0
COOPERATIVA DE CRÉDITO RURAL COM INTERAÇÃO SOLIDÁRIA DE NOVA ESPERANÇA DO SUDOESTE - CRESOL NOVA ESPERANÇA DO SUDOESTE;7.926.510;b3S;I;2;;9;NOVA ESPERANCA DO SUDOESTE;PR;09/2012;39;0;0;0;0;0;0;0;0;0;0;0;0;0;0;0;0;0;0;0;0;0;0;0;0;0;0;0;0;0;0;0;0;0;0;0;0;0;0;0;0;18;0;0;0;0;0;0;18;0;0;0;0;0;0;0;0;0;11;0;1;0;0;8;21;0;0;0;0;0;0;0;0;0;1;0
COOPERATIVA DE CRÉDITO RURAL COM INTERAÇÃO SOLIDÁRIA DE AGROLÂNDIA - CRESOL AGROLÂNDIA;9.280.638;b3S;I;2;;9;AGROLANDIA;SC;09/2012;37;0;0;0;0;0;0;0;0;0;2;0;0;0;0;3;5;0;0;0;0;0;0;0;0;0;0;0;0;0;0;0;0;0;0;0;0;0;0;0;0;0;7;8;14;0;0;0;29;0;0;0;0;0;0;0;0;0;0;0;0;0;0;0;0;0;0;0;0;0;0;2;2;0;1;0
COOPERATIVA DE CRÉDITO DOS INTEGRANTES DO PODER JUDICIÁRIO E DO MINISTÉRIO PÚBLICO DO ESTADO DE MINAS GERAIS LTDA. - SICOOB JUS-MP;3.519.240;b3S;I;2;;9;BELO HORIZONTE;MG;09/2012;36;0;0;0;0;0;0;0;0;0;0;0;0;0;0;0;0;0;0;0;0;0;0;0;0;0;0;0;0;0;0;0;0;0;0;0;0;0;0;0;0;0;0;0;0;0;0;0;0;0;0;0;0;0;0;0;0;0;0;0;0;0;0;0;0;0;3;8;25;0;0;0;36;0;0;0
BNS SOCIEDADE DE CRÉDITO AO MICROEMPREENDEDOR LTDA.;7.835.244;n1;I;2;;10;JACUTINGA;MG;09/2012;36;0;0;0;0;0;0;0;0;18;0;0;0;0;0;0;18;0;0;0;0;0;0;0;0;0;0;0;0;0;0;0;0;0;0;0;0;0;0;0;0;9;1;0;0;0;0;0;10;0;0;0;0;0;0;0;0;0;0;0;0;0;0;0;0;5;0;0;0;0;0;0;5;0;3;0
COOPERATIVA DE CRÉDITO DOS PROFISSIONAIS DE TECNOLOGIA DA INFORMAÇÃO DE SÃO PAULO E MICROREGIÃO LTDA - CREDITE;6.036.911;b3S;I;2;;9;SAO PAULO;SP;09/2012;36;0;0;0;0;0;0;0;0;0;0;0;0;0;0;0;0;0;0;0;0;0;0;0;0;0;0;0;0;0;0;0;0;0;0;0;0;0;0;0;0;0;0;0;0;0;0;0;0;0;0;0;0;0;0;0;0;0;0;0;0;0;0;0;0;0;3;13;19;0;0;0;36;0;0;0
COOPERATIVA DE CREDITO RURAL COM INTERACAO SOLIDARIA DE IVAIPORA - CRESOL IVAIPORA;5.231.945;b3S;I;2;;9;IVAIPORA;PR;09/2012;36;0;0;0;0;0;0;0;0;0;15;3;2;2;0;2;25;0;0;0;0;0;0;0;0;0;0;0;0;0;0;0;0;0;0;0;0;0;0;0;0;0;0;1;0;0;0;0;1;0;0;0;0;0;0;0;0;0;0;0;0;0;0;0;0;0;7;0;0;0;0;2;10;0;0;0
COOPERATIVA DE ECONOMIA E CRÉDITO MÚTUO DOS MILITARES ESTADUAIS DE SANTA CATARINA - CREDPOM;4.572.960;b3S;I;2;;9;FLORIANOPOLIS;SC;09/2012;35;0;0;0;0;0;0;0;0;0;6;0;0;0;0;0;6;0;0;0;0;0;0;0;0;0;0;0;0;0;0;0;0;0;0;0;0;0;0;0;0;1;6;0;0;0;0;9;16;0;0;0;0;0;0;0;0;0;0;0;0;0;0;0;0;0;1;2;8;2;0;0;13;0;0;0
COOPERATIVA DE CRÉDITO RURAL COM INTERAÇÃO SOLIDÁRIA DE XAXIM-CRESOL XAXIM;3.965.737;b3S;I;2;;9;XAXIM;SC;09/2012;34;0;0;0;0;0;0;0;0;0;0;0;0;0;0;0;0;0;0;1;2;1;1;0;4;0;0;0;0;0;0;0;0;0;0;0;0;0;0;0;0;0;2;4;9;4;0;0;19;0;0;0;0;0;0;0;0;0;0;0;0;0;0;0;0;3;1;3;2;1;0;1;11;0;0;0
COOPERATIVA DE CRÉDITO RURAL COM INTERAÇÃO SOLIDÁRIA DE FERVEDOURO - CRESOL FERVEDOURO;8.624.548;b3S;I;2;;9;FERVEDOURO;MG;09/2012;33;0;0;0;0;0;0;0;0;0;7;8;7;0;0;0;21;0;0;0;0;0;0;0;0;0;0;0;0;0;0;0;0;0;0;0;0;0;0;0;0;0;6;2;2;0;0;0;10;0;0;0;0;0;0;0;0;0;0;0;0;0;0;0;0;0;0;0;0;0;0;0;0;0;1;0
COOPERATIVA DE CRÉDITO RURAL COM INTERAÇÃO SOLIDÁRIA DE SÃO JOÃO DA URTIGA - CRESOL SÃO JOÃO DA URTIGA;7.542.211;b3S;I;2;;9;SAO JOAO DA URTIGA;RS;09/2012;32;0;0;0;0;0;0;0;0;0;0;1;1;1;0;0;3;0;0;0;0;0;0;0;0;0;0;0;0;0;0;0;0;0;0;0;0;0;0;0;0;0;25;2;2;0;0;0;29;0;0;0;0;0;0;0;0;0;0;0;0;0;0;0;1;0;0;0;0;0;0;0;0;0;0;0
COOPERATIVA DE CREDITO RURAL COM INTERACAO SOLIDARIA DE CHAPECO-CRESOL CHAPECÓ;4.281.182;b3S;I;2;;9;CHAPECO;SC;09/2012;32;0;0;0;0;0;0;0;0;0;0;0;0;0;0;0;0;0;0;0;0;0;0;0;0;0;0;0;0;0;0;0;0;0;0;0;0;0;0;0;0;0;0;23;0;0;0;0;23;0;0;0;0;0;0;0;0;8;0;0;0;0;0;1;9;0;0;0;0;0;0;0;0;0;0;0
COOPERATIVA DE CREDITO RURAL COM INTERACAO SOLIDARIA DE SANTO ANTONIO DO SUDOESTE - CRESOL SANTO ANTONIO DO SUDOESTE;4.649.750;b3S;I;2;;9;SANTO ANTONIO DO SUDOESTE;PR;09/2012;32;0;0;0;0;0;0;0;1;0;0;0;0;0;0;0;0;0;0;0;0;0;0;0;0;0;0;0;0;0;0;0;0;0;0;0;0;0;0;0;0;0;14;4;7;2;0;0;27;0;0;0;0;0;0;0;0;0;0;0;0;0;0;0;0;0;0;1;2;1;1;0;4;0;0;0
COOPERATIVA DE ECONOMIA E CRÉDITO MÚTUO DOS SERVIDORES MUNICIPAIS DE VITÓRIA DA CONQUISTA LTDA. - SICOOB CREDCOOP;2.528.151;b3S;I;2;;9;VITORIA DA CONQUISTA;BA;09/2012;32;0;0;0;0;0;0;0;0;0;3;0;0;0;0;2;5;0;0;0;0;0;0;0;0;0;0;0;0;0;0;0;0;0;0;0;0;0;0;0;0;0;19;0;0;0;0;5;24;0;0;0;0;0;0;0;0;0;0;0;0;0;0;3;3;0;0;0;0;0;0;0;0;0;0;0
COOPERATIVA DE ECONOMIA E CRÉDITO MÚTUO DOS SERVIDORES DO PODER JUDICIÁRIO, MINISTÉRIO PÚBLICO E ENSINO SUPERIOR - SICOOB JUDICIÁRIO;37.076.205;b3S;I;2;;9;BRASILIA;DF;09/2012;31;0;0;0;0;0;0;0;0;0;0;0;0;0;0;2;2;0;0;0;0;0;0;0;0;0;0;0;0;0;0;0;0;0;0;0;0;0;0;0;0;0;0;0;0;0;0;1;1;0;0;0;0;0;0;0;0;0;0;0;0;0;0;0;0;0;1;0;0;0;0;26;28;0;0;0
FLEX SOCIEDADE DE CRÉDITO AO MICROEMPREENDEDOR LTDA;7.584.094;n1;I;2;;10;BELO HORIZONTE;MG;09/2012;29;0;0;0;0;0;0;0;0;3;0;0;0;0;0;0;3;5;0;0;0;0;0;0;5;0;7;0;0;0;0;0;7;0;0;0;0;0;0;0;0;5;4;2;0;0;0;0;11;0;0;0;0;0;0;0;0;0;0;0;0;0;0;0;0;2;0;0;0;0;0;0;2;0;2;0
COOPERATIVA DE CRÉDITO RURAL COM INTERAÇÃO SOLIDÁRIA DE ALFREDO WAGNER - CRESOL ALFREDO WAGNER;5.494.591;b3S;I;2;;9;ALFREDO WAGNER;SC;09/2012;29;0;0;0;0;0;0;0;0;0;0;0;0;0;0;0;0;0;0;1;2;2;0;0;5;0;0;0;0;0;0;0;0;0;0;0;0;0;0;0;0;0;11;0;1;1;0;0;15;0;0;0;0;0;0;0;0;0;0;0;1;1;0;0;2;0;2;1;2;2;0;0;7;0;0;0
COOPERATIVA DE CRÉDITO RURAL COM INTERAÇÃO SOLIDÁRIA DE LARANJEIRAS DO SUL - CRESOL LARANJEIRAS DO SUL;1.086.342;b3S;I;2;;9;LARANJEIRAS DO SUL;PR;09/2012;29;0;0;0;0;0;0;0;0;0;5;5;0;0;0;0;10;0;0;0;0;0;0;0;0;0;0;0;0;0;0;0;0;0;0;0;0;0;0;0;0;0;3;4;1;1;1;5;15;0;0;0;0;0;0;0;0;0;0;0;0;0;0;0;0;0;1;3;0;0;0;0;4;0;0;0
COOPERATIVA DE ECONOMIA E CRÉDITO MÚTUO DOS EMPREGADOS DAS EMPRESAS E PRESTADORES DE SERVIÇO DO GRUPO ARCELORMITTAL - SICOOB COPESITA;19.875.244;b3S;I;2;;9;TIMOTEO;MG;09/2012;29;0;0;0;0;0;0;0;0;0;0;0;0;0;0;0;0;0;0;0;0;0;0;0;0;0;0;0;0;0;0;0;0;0;0;0;0;0;0;0;0;0;0;0;0;0;0;0;0;0;0;0;0;0;0;0;0;0;0;0;0;0;0;0;0;0;1;2;3;0;0;23;29;0;0;0
CREDSEF - COOPERATIVA DE ECONOMIA E CRÉDITO MÚTUO DOS SERVIDORES DA SECRETARIA DE FAZENDA DO DISTRITO FEDERAL;3.603.683;b3S;I;2;;9;BRASILIA;DF;09/2012;28;0;0;0;0;0;0;0;0;0;0;0;0;0;0;0;0;0;0;0;0;0;0;0;0;0;0;0;0;0;0;0;0;0;0;0;0;0;0;0;0;0;0;0;0;0;0;0;0;0;0;0;0;0;0;0;0;0;0;0;0;0;0;0;0;0;3;9;16;0;0;0;28;0;0;0
COOPERATIVA DE CRÉDITO RURAL COM INTERAÇÃO SOLIDÁRIA DE POUSO REDONDO - CRESOL POUSO REDONDO;10.453.077;b3S;I;2;;9;POUSO REDONDO;SC;09/2012;27;0;0;0;0;0;0;0;0;0;0;0;0;0;0;0;0;0;0;0;0;0;0;0;0;0;0;0;0;0;0;0;0;0;0;0;0;0;0;0;0;0;8;4;4;0;0;0;16;0;0;0;0;0;0;0;0;0;7;3;0;0;0;0;10;0;0;0;0;0;0;0;0;0;1;0
COOPERATIVA DE CRÉDITO RURAL COM INTERAÇÃO SOLIDÁRIA DE NOVA ESPERANÇA - CRESOL NOVA ESPERANÇA;11.369.294;b3S;I;2;;9;NOVA ESPERANCA;PR;09/2012;27;0;0;0;0;0;0;0;0;0;2;4;0;0;0;0;6;0;0;0;0;0;0;0;0;0;0;0;0;0;0;0;0;0;0;0;0;0;0;0;0;0;0;0;0;0;0;0;0;0;0;0;0;0;0;0;0;1;1;2;1;0;0;0;4;0;3;6;6;0;0;0;16;0;0;0
COOPERATIVA DE CRÉDITO RURAL COM INTERAÇÃO SOLIDÁRIA DE IRINEÓPOLIS - CRESOL IRINEÓPOLIS;9.433.005;b3S;I;2;;9;IRINEOPOLIS;SC;09/2012;27;0;0;0;0;0;0;0;0;0;1;0;0;0;0;0;1;0;0;0;0;0;0;0;0;0;0;0;0;0;0;0;0;0;0;0;0;0;0;0;0;0;25;0;0;0;0;0;25;0;0;0;0;0;0;0;0;0;0;0;0;0;0;0;0;0;0;0;0;0;0;0;0;0;0;0
COOPERATIVA DE CRÉDITO MÚTUO DOS SERVIDORES PÚBLICOS DO MUNÍCIPIO DE BAURU - SICOOB CREDISERV;2.191.265;b3S;I;2;;9;BAURU;SP;09/2012;26;0;0;0;0;0;0;0;0;0;0;0;0;0;0;0;0;0;0;0;0;0;0;0;0;0;0;0;0;0;0;0;0;0;0;0;0;0;0;0;0;0;0;0;0;0;0;0;0;0;0;0;0;0;0;0;0;0;0;0;0;0;0;2;2;0;15;5;4;0;0;0;24;0;0;0
COOPERATIVA DE CRÉDITO RURAL DE PEQUENOS AGRICULTORES E DA REFORMA AGRÁRIA DO CENTRO OESTE DO PARANÁ - CREHNOR LARANJEIRAS;1.330.387;b3S;I;2;;9;LARANJEIRAS DO SUL;PR;09/2012;26;0;0;0;0;0;0;0;0;0;0;0;0;0;0;0;0;0;0;0;0;0;0;0;0;0;0;0;0;0;0;0;0;0;0;0;0;0;0;0;0;0;0;0;0;0;0;0;0;0;0;0;0;0;0;0;0;0;0;0;0;0;0;0;0;4;17;5;0;0;0;0;26;0;0;0
COOPERATIVA DE CRÉDITO MÚTUO DOS POLICIAIS FEDERAIS E SERVIDORES DA UNIÃO NO CEARÁ - FEDERALCRED;3.620.772;b3S;I;2;;9;FORTALEZA;CE;09/2012;26;0;0;0;0;0;0;0;0;0;20;1;0;0;0;4;25;0;0;0;0;0;0;0;0;0;0;0;0;0;0;0;0;0;0;0;0;0;0;0;0;0;0;0;0;0;0;0;0;0;0;0;0;0;0;0;0;0;0;0;0;0;0;0;0;0;0;0;0;0;0;0;0;0;1;0
COOPERATIVA DE CREDITO RURAL ASCOOB CREDIMONTE;5.602.448;b3S;I;2;;9;JACOBINA;BA;09/2012;24;0;0;0;0;0;0;0;0;0;4;0;0;0;0;0;4;0;0;0;0;0;0;0;0;0;0;0;0;0;0;0;0;0;0;0;0;0;0;0;0;0;6;4;0;0;0;0;10;0;0;0;0;0;0;0;0;0;0;0;0;0;0;0;0;1;8;0;0;0;0;0;10;0;1;0
COOPERATIVA DE ECONOMIA E CRÉDITO MÚTUO DOS SERVIDORES PÚBLICOS DOS MUNICÍPIOS DA REGIÃO METROPOLITANA DA GRANDE VITÓRIA/ES;1.235.921;b3S;I;2;;9;VITORIA;ES;09/2012;23;0;0;0;0;0;0;0;0;0;0;0;0;0;0;0;0;0;0;0;0;0;0;0;0;0;0;0;0;0;0;0;0;0;0;0;0;0;0;0;0;0;0;0;0;0;0;0;0;0;0;0;0;0;0;0;0;0;0;0;0;0;0;0;0;0;21;2;0;0;0;0;23;0;0;0
COOPERATIVA DE CREDITO RURAL COM INTERACAO SOLIDARIA DE PEROLA D'OESTE - CRESOL PEROLA D'OESTE;5.138.766;b3S;I;2;;9;PEROLA D'OESTE;PR;09/2012;22;0;0;0;0;0;0;0;0;0;0;0;0;0;0;0;0;0;0;0;0;0;0;0;0;0;0;0;0;0;0;0;0;0;0;0;0;0;0;0;0;1;2;8;4;2;0;2;18;0;0;0;0;0;0;0;0;0;0;0;0;0;0;0;0;0;0;1;1;1;0;0;3;0;1;0
CREDFAZ MANAUS - COOPERATIVA DE ECONOMIA E CRÉDITO MÚTUO DOS SERVIDORES DA SECRETARIA DA FAZENDA DO ESTADO DO AMAZONAS EM MANAUS LTDA;5.580.585;b3S;I;2;;9;MANAUS;AM;09/2012;22;0;0;0;0;0;0;0;0;0;22;0;0;0;0;0;22;0;0;0;0;0;0;0;0;0;0;0;0;0;0;0;0;0;0;0;0;0;0;0;0;0;0;0;0;0;0;0;0;0;0;0;0;0;0;0;0;0;0;0;0;0;0;0;0;0;0;0;0;0;0;0;0;0;0;0
COOPERATIVA DE CRÉDITO MÚTUO DOS SERVIDORES DA UNIÃO NOS ESTADOS DE ALAGOAS E SERGIPE ? FEDERALCRED LESTE;2.493.000;b3S;I;2;;9;MACEIO;AL;09/2012;22;0;0;0;0;0;0;0;0;0;0;0;0;0;0;0;0;0;0;0;0;0;0;0;0;0;0;0;0;0;0;0;0;0;0;0;0;0;0;0;0;0;0;0;0;0;0;0;0;0;0;0;0;0;0;0;0;0;0;0;0;0;0;0;0;0;2;6;13;0;0;0;22;0;0;0
COOPERATIVA DE CRÉDITO RURAL COM INTERAÇÃO SOLIDÁRIA DE SÃO JOÃO - CRESOL SÃO JOÃO;7.557.462;b3S;I;2;;9;SAO JOAO;PR;09/2012;22;0;0;0;0;0;0;0;0;0;0;2;4;2;2;0;10;0;0;0;0;0;0;0;0;0;0;0;0;0;0;0;0;0;0;0;0;0;0;0;0;0;7;1;0;0;0;0;8;0;0;0;0;0;0;0;0;0;0;1;2;1;1;0;4;0;0;0;0;0;0;0;0;0;0;0
COOPERATIVA DE ECONOMIA E CRÉDITO MÚTUO DA ALIANÇA DOS  MÉDICOS E DEMAIS PROFISSIONAIS DA ÁREA DA SAÚDE DE AVARÉ - ALCRED AVARÉ;1.478.780;b3S;I;2;;9;AVARE;SP;09/2012;22;0;0;0;0;0;0;0;0;0;0;0;0;0;0;0;0;0;0;0;0;0;0;0;0;0;0;0;0;0;0;0;0;0;0;0;0;0;0;0;0;0;15;3;0;0;0;0;18;0;0;0;0;0;0;0;0;0;0;0;0;0;0;0;0;0;3;0;0;0;0;0;3;0;1;0
COOPERATIVA DE CRÉDITO RURAL HORIZONTES NOVOS DE IJUÍ - CREHNOR NOROESTE;7.268.732;b3S;I;2;;9;IJUI;RS;09/2012;22;0;0;0;0;0;0;0;0;0;0;0;0;0;0;0;0;0;0;0;0;0;0;0;0;0;0;0;0;0;0;0;0;0;0;0;0;0;0;0;0;0;21;0;0;0;0;0;21;0;0;0;0;0;0;0;0;0;0;0;0;0;0;0;0;0;0;0;0;0;0;0;0;0;0;0
COOPERATIVA DE ECONOMIA E CRÉDITO MÚTUO DA ALIANÇA DOS PROFISSIONAIS DA ÁREA DE SAÚDE DA REGIÃO DE SÃO ROQUE - SICOOB ALCOOP SÃO ROQUE;4.093.627;b3S;I;2;;9;SAO ROQUE;SP;09/2012;21;0;0;0;0;0;0;0;0;0;0;0;0;0;0;0;0;0;0;0;0;0;0;0;0;0;0;0;0;0;0;0;0;0;0;0;0;0;0;0;0;0;0;0;0;0;0;0;0;0;0;0;0;0;0;0;0;0;0;0;0;0;0;0;0;0;11;1;0;0;0;8;20;0;1;0
COOPERATIVA DE CRÉDITO RURAL COM INTERAÇÃO SOLIDÁRIA DE TIRADENTES DO SUL - CRESOL TIRADENTES DO SUL;8.805.562;b3S;I;2;;9;TIRADENTES DO SUL;RS;09/2012;20;0;0;0;0;0;0;0;0;0;0;0;0;0;0;1;2;0;0;0;0;0;0;0;0;0;0;0;0;0;0;0;0;0;0;0;0;0;0;0;0;5;0;2;3;0;0;5;15;0;0;0;0;0;0;0;0;0;0;0;0;0;0;0;0;0;0;1;1;0;0;1;3;0;0;0
COOPERATIVA DE CRÉDITO RURAL COM INTERAÇÃO SOLIDÁRIA DE CASTRO - CRESOL CASTRO;7.407.136;b3S;I;2;;9;CASTRO;PR;09/2012;19;0;5;8;0;0;0;0;12;0;0;0;0;0;0;0;0;0;0;0;0;0;0;0;0;0;0;0;0;0;0;0;0;0;0;0;0;0;0;0;0;0;0;0;0;0;0;0;0;0;0;0;0;0;0;0;0;0;0;0;0;0;0;0;0;0;6;0;0;0;0;0;6;0;0;0
COOPERATIVA DE CRÉDITO RURAL COM INTERAÇÃO SOLIDÁRIA DE ÁUREA - CRESOL ÁUREA;2.904.138;b3S;I;2;;9;AUREA;RS;09/2012;18;0;0;0;0;0;0;0;0;0;0;0;0;0;0;0;0;0;0;0;0;0;0;0;0;0;0;0;0;0;0;0;0;0;0;0;0;0;0;0;0;0;18;0;0;0;0;0;18;0;0;0;0;0;0;0;0;0;0;0;0;0;0;0;0;0;0;0;0;0;0;0;0;0;0;0
COOPERATIVA DE CREDITO RURAL COM INTERACAO SOLIDARIA DE PLANALTO - CRESOL PLANALTO;4.225.119;b3S;I;2;;9;PLANALTO;PR;09/2012;18;0;0;0;0;0;0;0;0;0;0;0;0;0;0;0;0;0;0;0;0;0;0;0;0;0;0;0;0;0;0;0;0;0;0;0;0;0;0;0;0;0;10;0;0;0;0;1;11;0;0;0;0;0;0;0;0;0;0;1;3;1;1;0;7;0;0;0;0;0;0;0;0;0;0;0
COOPERATIVA DE CREDITO RURAL COM INTERACAO SOLIDARIA DE SAO JORGE D'OESTE - CRESOL SAO JORGE D'OESTE;2.934.201;b3S;I;2;;9;SAO JORGE D'OESTE;PR;09/2012;17;0;0;0;0;0;0;0;0;0;0;0;0;0;0;0;0;0;0;0;0;0;0;0;0;0;0;0;0;0;0;0;0;0;0;0;0;0;0;0;0;0;2;10;5;0;0;0;17;0;0;0;0;0;0;0;0;0;0;0;0;0;0;0;0;0;0;0;0;0;0;0;0;0;0;0
COOPERATIVA DE CRÉDITO RURAL COM INTERAÇÃO SOLIDÁRIA DE PARANACITY - CRESOL PARANACITY;11.346.312;b3S;I;2;;9;PARANACITY;PR;09/2012;17;0;0;0;0;0;0;0;0;0;0;0;0;0;0;0;0;0;5;1;1;1;1;0;8;0;0;0;0;0;0;0;0;0;0;0;0;0;0;0;0;1;1;0;0;0;0;5;7;0;0;0;0;0;0;0;0;0;0;0;0;0;0;0;0;0;0;0;0;0;0;1;1;0;1;0
COOPERATIVA DE CRÉDITO RURAL COM INTERAÇÃO SOLIDÁRIA DE TREZE DE MAIO - CRESOL TREZE DE MAIO;9.330.158;b3S;I;2;;9;TREZE DE MAIO;SC;09/2012;17;0;0;0;0;0;0;0;0;0;9;1;1;0;0;0;10;0;0;0;0;0;0;0;0;0;0;0;0;0;0;0;0;0;0;0;0;0;0;0;0;0;7;0;0;0;0;0;7;0;0;0;0;0;0;0;0;0;0;0;0;0;0;0;0;0;0;0;0;0;0;0;0;0;0;0
COOPERATIVA DE CRÉDITO RURAL COM INTERAÇÃO SOLIDÁRIA DE PRUDENTÓPOLIS - CRESOL PRUDENTÓPOLIS;6.126.780;b3S;I;2;;9;PRUDENTOPOLIS;PR;09/2012;16;0;0;0;0;0;0;0;0;0;0;0;0;0;0;0;0;0;0;0;0;0;0;0;0;0;0;0;0;0;0;0;0;0;0;0;0;0;0;0;0;0;3;9;0;0;0;0;12;0;0;0;0;0;0;0;0;0;0;0;0;0;0;0;0;0;0;3;0;0;0;1;4;0;0;0
COOPERATIVA DE CRÉDITO RURAL COM INTERAÇÃO SOLIDÁRIA DE TAMBOARA - CRESOL TAMBOARA;11.282.942;b3S;I;2;;9;TAMBOARA;PR;09/2012;16;0;0;0;0;0;0;0;0;0;2;4;0;0;0;0;7;0;0;0;0;0;0;0;0;0;0;0;0;0;0;0;0;0;0;0;0;0;0;0;0;0;2;4;1;0;0;1;8;0;0;0;0;0;0;0;0;0;0;0;0;0;0;0;0;0;0;0;0;0;0;0;1;0;0;0
COOPERATIVA DE ECONOMIA E CREDITO MUTUO DOS POLICIAIS FEDERAIS DO RIO GRANDE DO SUL - SICREDI POL RS;3.000.142;b3S;I;2;;9;PORTO ALEGRE;RS;09/2012;15;0;0;0;0;0;0;0;0;0;0;0;0;0;0;0;0;0;0;0;0;0;0;0;0;0;0;0;0;0;0;0;0;0;0;0;0;0;0;0;0;0;0;0;0;0;0;0;0;0;0;0;0;0;0;0;0;0;0;0;0;0;0;0;0;0;15;0;0;0;0;0;15;0;0;0
COOPERATIVA DE CRÉDITO RURAL COM INTERAÇÃO SOLIDÁRIA DE SÃO JOÃO DO TRIUNFO - CRESOL SÃO JOÃO DO TRIUNFO;8.560.508;b3S;I;2;;9;SAO JOAO DO TRIUNFO;PR;09/2012;15;0;0;0;0;0;0;0;0;0;0;0;0;0;0;0;0;0;0;0;0;0;0;0;0;0;0;0;0;0;0;0;0;0;0;0;0;0;0;0;0;1;1;2;1;0;0;0;5;0;0;0;0;0;0;0;0;0;0;0;0;0;0;0;0;0;2;6;1;0;0;1;10;0;0;0
COOPERATIVA DE CRÉDITO RURAL COM INTERAÇÃO SOLIDÁRIA DE CURITIBANOS - CRESOL CURITIBANOS;1.155.801;b3S;I;2;;9;CURITIBANOS;SC;09/2012;15;0;0;0;0;0;0;0;0;0;0;0;0;0;0;0;1;0;0;0;0;0;0;0;0;0;0;0;0;0;0;0;0;0;0;0;0;0;0;0;0;0;14;0;0;0;0;0;14;0;0;0;0;0;0;0;0;0;0;0;0;0;0;0;0;0;0;0;0;0;0;0;0;0;0;0
WELMAG SOCIEDADE DE CRÉDITO AO MICROEMPREENDEDOR LTDA;5.280.261;n1;I;2;;10;BELO HORIZONTE;MG;09/2012;15;0;0;0;0;0;0;0;0;3;0;0;0;0;0;0;3;0;0;0;0;0;0;0;0;0;0;0;0;0;0;0;0;0;0;0;0;0;0;0;0;0;0;0;0;0;0;0;0;0;0;0;0;0;0;0;0;0;0;0;0;0;0;0;0;0;0;0;12;0;0;0;12;0;0;0
COOPERATIVA DE ECONOMIA E CRÉDITO MÚTUO DOS FUNCIONÁRIOS E SERVIDORES PÚBLICOS DO ESTADO DE MATO GROSSO DO SUL - COCRESUL;24.610.065;b3S;I;2;;9;CAMPO GRANDE;MS;09/2012;15;0;0;0;0;0;0;0;0;0;0;0;0;0;0;0;0;0;0;0;0;0;0;0;0;0;0;0;0;0;0;0;0;0;0;0;0;0;0;0;0;7;0;0;0;0;0;0;7;0;0;0;0;0;0;0;0;0;0;0;0;0;0;0;0;0;6;0;0;0;0;0;6;0;2;0
ICAP DO BRASIL CORRETORA DE TÍTULOS E VALORES MOBILIÁRIOS LTDA.;9.105.360;n2;I;3;;15;RIO DE JANEIRO;RJ;09/2012;14;0;0;0;0;0;0;0;0;0;0;0;0;0;0;7;7;0;0;0;0;0;0;0;0;0;0;0;0;0;0;0;0;0;0;0;0;0;0;0;0;0;0;0;0;0;0;0;0;0;0;0;0;0;0;0;0;0;0;0;0;0;0;0;0;0;7;0;0;0;0;0;7;0;0;0
FIDÚCIA SOCIEDADE DE CRÉDITO AO MICROEMPREENDEDOR E À EMPRESA DE PEQUENO PORTE LIMITADA.;4.307.598;n1;I;2;;10;BELO HORIZONTE;MG;09/2012;14;0;0;0;0;0;0;0;0;0;0;0;0;0;0;0;0;0;0;0;0;0;0;0;0;0;0;0;0;0;0;0;0;0;0;0;0;0;0;0;0;4;10;0;0;0;0;0;14;0;0;0;0;0;0;0;0;0;0;0;0;0;0;0;0;0;0;0;0;0;0;0;0;0;0;0
COOPERATIVA DE ECONOMIA E CRÉDITO MÚTUO DOS SERVIDORES PÚBLICOS DE CHAPECÓ E REGIÃO - CRESOL CREDI CHAPECÓ;4.769.421;b3S;I;2;;9;CHAPECO;SC;09/2012;14;0;0;0;0;0;0;0;0;0;0;1;1;1;0;0;3;0;0;0;0;0;0;0;0;0;0;0;0;0;0;0;0;0;0;0;0;0;0;0;0;3;8;0;0;0;0;0;12;0;0;0;0;0;0;0;0;0;0;0;0;0;0;0;0;0;0;0;0;0;0;0;0;0;0;0
COOPERATIVA DE ECONOMIA E CRÉDITO MÚTUO DOS EMPREGADOS DE FURNAS E DEMAIS EMPRESAS DO SISTEMA ELETROBRÁS LTDA.;33.370.115;b3S;I;2;;9;RIO DE JANEIRO;RJ;09/2012;14;0;0;0;0;0;0;0;0;0;0;0;0;0;0;0;0;0;0;0;0;0;0;0;0;0;0;0;0;0;0;0;0;0;0;0;0;0;0;0;0;0;0;0;0;0;0;0;0;0;0;0;0;0;0;0;0;0;0;0;0;0;0;0;0;0;1;3;8;2;0;0;14;0;0;0
COOPERATIVA DE CRÉDITO RURAL COM INTERAÇÃO SOLIDÁRIA DE IBAITI - CRESOL IBAITI;11.239.236;b3S;I;3;;9;IBAITI;PR;09/2012;13;0;0;0;0;0;0;0;0;0;5;0;0;0;0;0;5;0;0;1;1;1;1;0;3;0;0;0;0;0;0;0;0;0;0;0;0;0;0;0;0;0;0;1;2;1;1;0;5;0;0;0;0;0;0;0;0;0;0;0;0;0;0;0;0;0;0;0;0;0;0;0;0;0;0;0
COOPERATIVA DE CRÉDITO RURAL ILHÉUS LTDA;16.348.005;b3S;I;2;;9;ILHEUS;BA;09/2012;13;0;0;0;0;0;0;0;0;0;0;0;0;0;0;0;0;0;0;0;0;0;0;0;0;0;0;0;0;0;0;0;0;0;0;0;0;0;0;0;0;0;5;8;0;0;0;0;13;0;0;0;0;0;0;0;0;0;0;0;0;0;0;0;0;0;0;0;0;0;0;0;0;0;0;0
COOPERATIVA DE CRÉDITO RURAL COM INTERAÇÃO SOLIDÁRIA DE ITUPORANGA - CRESOL ITUPORANGA;7.507.647;b3S;I;2;;9;ITUPORANGA;SC;09/2012;12;0;0;0;0;0;0;0;0;0;4;0;0;0;0;0;4;0;0;0;0;0;0;0;0;0;0;0;0;0;0;0;0;0;0;0;0;0;0;0;0;0;7;2;0;0;0;0;9;0;0;0;0;0;0;0;0;0;0;0;0;0;0;0;0;0;0;0;0;0;0;0;0;0;0;0
COOPERATIVA DE ECONOMIA E CRÉDITO MÚTUO DOS SERVIDORES DA SECRETARIA DA FAZENDA DO ESTADO DE GOIÁS;3.565.483;b3S;I;2;;9;GOIANIA;GO;09/2012;12;0;0;0;0;0;0;0;0;0;1;0;0;0;0;0;1;0;0;0;0;0;0;0;0;0;0;0;0;0;0;0;0;0;0;0;0;0;0;0;0;0;8;0;0;0;0;3;11;0;0;0;0;0;0;0;0;0;0;0;0;0;0;0;0;0;0;0;0;0;0;0;0;0;0;0
COOPERATIVA DE CRÉDITO RURAL COM INTERAÇÃO SOLIDÁRIA DE PAIM FILHO - CRESOL PAIM FILHO;7.252.614;b3S;I;2;;9;PAIM FILHO;RS;09/2012;12;0;0;0;0;0;0;0;0;0;0;0;0;0;0;0;0;0;0;0;0;0;0;0;0;0;0;0;0;0;0;0;0;0;0;0;0;0;0;0;0;0;2;1;3;0;0;0;6;0;0;0;0;0;0;0;0;0;0;2;3;1;0;0;5;0;0;0;0;0;0;0;0;0;0;0
COOPERATIVA DE CREDITO RURAL COM INTERACAO SOLIDARIA DE SANTA MARIA-CRESOL SANTA MARIA;5.220.232;b3S;I;2;;9;SANTA MARIA;RS;09/2012;11;0;0;0;0;0;0;0;0;0;4;0;0;0;0;0;4;0;0;0;0;0;0;0;0;0;0;0;0;0;0;0;0;0;0;0;0;0;0;0;0;0;2;1;1;0;0;0;3;0;0;0;0;0;0;0;0;0;1;0;2;2;0;0;5;0;0;0;0;0;0;0;0;0;0;0
COOPERATIVA DE CREDITO RURAL COM INTERACAO SOLIDARIA DE CHOPINZINHO - CRESOL CHOPINZINHO;2.511.232;b3S;I;2;;9;CHOPINZINHO;PR;09/2012;11;0;0;0;0;0;0;0;0;0;0;0;0;0;0;0;0;0;0;0;0;0;0;0;0;0;0;0;0;0;0;0;0;0;0;0;0;0;0;0;0;0;0;0;0;0;0;0;0;0;0;0;0;0;0;0;0;0;2;5;4;0;0;0;10;0;0;0;0;0;0;0;0;0;1;0
COOPERATIVA DE CRÉDITO RURAL COM INTERAÇÃO SOLIDÁRIA DE CLEVELÂNDIA - CRESOL CLEVELÂNDIA;8.801.139;b3S;I;2;;9;CLEVELANDIA;PR;09/2012;10;0;0;0;0;0;0;0;0;0;0;0;0;0;0;0;0;0;0;0;0;0;0;0;0;0;0;0;0;0;0;0;0;0;0;0;0;0;0;0;0;0;0;0;0;0;0;2;3;0;0;0;0;0;0;0;0;0;0;0;2;2;1;0;6;0;0;0;0;0;0;0;0;0;1;0
COOPERATIVA DE ECONOMIA E CREDITO MUTUO DOS JUIZES DO RIO GRANDE DO SUL - SICREDI AJURIS;3.750.034;b3S;I;2;;9;PORTO ALEGRE;RS;09/2012;10;0;0;0;0;0;0;0;0;0;0;0;0;0;0;0;0;0;0;0;0;0;0;0;0;0;0;0;0;0;0;0;0;0;0;0;0;0;0;0;0;0;0;0;0;0;0;0;0;0;0;0;0;0;0;0;0;0;0;0;0;0;0;0;0;0;10;0;0;0;0;0;10;0;0;0
COOPERATIVA DE ECONOMIA E CRÉDITO MÚTUO DOS SERVIDORES PÚBLICOS ESTADUAIS DA PARAÍBA - CREDS LTDA.;3.373.150;b3S;I;2;;9;JOAO PESSOA;PB;09/2012;10;0;0;0;0;0;0;0;0;0;0;0;0;0;0;0;0;0;0;0;0;0;0;0;0;0;0;0;0;0;0;0;0;0;0;0;0;0;0;0;0;0;0;0;0;0;0;0;0;0;0;0;0;0;0;0;0;0;0;0;0;0;0;0;0;0;0;0;0;0;0;10;10;0;0;0
COOPERATIVA DE ECONOMIA E CRÉDITO MÚTUO DOS EMPREGADOS E SERVIDORES DOS ÓRGÃOS DO SETOR PÚBLICO PRODUTIVO DO ESTADO DO PARÁ LTDA. - COOPEMATER;34.600.668;b3S;I;2;;9;BELEM;PA;09/2012;10;0;0;0;0;0;0;0;0;0;0;0;0;0;0;0;0;0;0;0;0;0;0;0;0;0;0;0;0;0;0;0;0;0;0;0;0;0;0;0;0;0;0;0;0;0;0;0;0;0;0;0;0;0;0;0;0;0;0;0;0;0;0;0;0;0;1;2;7;0;0;0;10;0;0;0
COOPERATIVA DE CRÉDITO RURAL DO ALTO DO VALE DO TAQUARI - CRESOL ALTOCREDI;7.356.021;b3S;I;2;;9;ILOPOLIS;RS;09/2012;10;0;0;0;0;0;0;0;0;0;10;0;0;0;0;0;10;0;0;0;0;0;0;0;0;0;0;0;0;0;0;0;0;0;0;0;0;0;0;0;0;0;0;0;0;0;0;0;0;0;0;0;0;0;0;0;0;0;0;0;0;0;0;0;0;0;0;0;0;0;0;0;0;0;0;0
PARATI - CREDITO, FINANCIAMENTO E INVESTIMENTO S.A.;3.311.443;n1;I;2;;14;VITORIA;ES;09/2012;9;0;0;0;0;0;0;0;0;0;0;0;0;0;0;0;0;0;0;0;0;0;0;0;0;0;0;0;0;0;0;0;0;0;0;0;0;0;0;0;0;0;0;0;0;0;0;0;0;0;0;0;0;0;0;0;0;0;0;0;0;0;0;0;0;0;4;5;1;0;0;0;9;0;0;0
COOPERATIVA DE CRÉDITO RURAL DE ECONOMIA SOLIDÁRIA DO PAJEÚ - ECOSOL PAJEÚ;5.094.985;b3S;I;2;;9;TABIRA;PE;09/2012;9;0;0;0;0;0;0;0;0;0;0;0;0;0;0;0;0;0;0;0;0;0;0;0;0;0;0;0;0;0;0;0;0;0;0;0;0;0;0;0;0;0;0;0;0;0;0;0;0;0;0;0;0;0;0;0;0;0;0;0;0;0;0;0;0;0;9;0;0;0;0;0;9;0;0;0
COOPERATIVA DE ECONOMIA E CRÉDITO MÚTUO DOS EMPRESÁRIOS DE CAMPINAS - SICOOB CREDIACIC;7.996.099;b3S;I;2;;9;CAMPINAS;SP;09/2012;9;0;0;0;0;0;0;0;0;0;0;0;0;0;0;0;0;0;0;0;0;0;0;0;0;0;0;0;0;0;0;0;0;0;0;0;0;0;0;0;0;6;0;0;0;0;0;3;9;0;0;0;0;0;0;0;0;0;0;0;0;0;0;0;0;0;0;0;0;0;0;0;0;0;0;0
COOPERATIVA DE CRÉDITO MÚTUO DOS SERVIDORES DA UNIÃO NO NORDESTE;3.102.185;b3S;I;2;;9;JOAO PESSOA;PB;09/2012;8;0;0;0;0;0;0;0;0;0;0;0;0;0;0;0;0;0;0;0;0;0;0;0;0;0;0;0;0;0;0;0;0;0;0;0;0;0;0;0;0;0;0;0;0;0;0;0;0;0;0;0;0;0;0;0;0;0;0;0;0;0;0;0;0;0;0;0;0;0;0;8;8;0;0;0
COOPERATIVA DE CREDITO RURAL COM INTERACAO SOLIDARIA DE QUILOMBO -  CRESOL QUILOMBO;73.254.757;b3S;I;2;;9;QUILOMBO;SC;09/2012;8;0;0;0;0;0;0;0;0;0;7;0;0;0;0;0;7;0;0;0;0;0;0;0;0;0;0;0;0;0;0;0;0;0;0;0;0;0;0;0;0;0;0;0;0;0;0;0;0;0;0;0;0;0;0;0;0;0;1;0;0;0;0;0;1;0;0;0;0;0;0;0;0;0;0;0
COOPERATIVA DE CREDITO RURAL COM INTERACAO SOLIDARIA DE IBEMA - CRESOL IBEMA;4.232.022;b3S;I;2;;9;IBEMA;PR;09/2012;8;0;1;0;0;0;0;0;1;0;0;0;0;0;0;0;0;0;0;0;0;0;0;0;0;0;0;0;0;0;0;0;0;0;0;0;0;0;0;0;0;0;2;0;0;0;0;0;2;0;0;0;0;0;0;0;0;0;0;0;0;0;0;0;0;0;1;4;0;0;0;0;5;0;0;0
COOPERATIVA DE CREDITO RURAL DE IBIAM - SULCREDI/IBIAM;8.240.446;b3S;I;2;;9;IBIAM;SC;09/2012;8;0;0;0;0;0;0;0;0;0;0;0;0;0;0;0;0;0;0;0;0;0;0;0;0;0;0;0;0;0;0;0;0;0;0;0;0;0;0;0;0;0;0;0;0;0;0;0;0;0;0;0;0;0;0;0;0;4;0;1;1;0;0;0;6;0;0;3;0;0;0;0;3;0;0;0
COOPERATIVA DE CREDITO RURAL COM INTERACAO SOLIDARIA DE GUARANIAÇU - CRESOL GUARANIAÇU;5.121.687;b3S;I;2;;9;GUARANIACU;PR;09/2012;8;0;0;0;0;0;0;0;0;0;0;0;0;0;0;0;0;0;0;0;0;0;0;0;0;0;0;0;0;0;0;0;0;0;0;0;0;0;0;0;0;0;0;0;0;0;0;5;6;0;0;0;0;0;0;0;0;0;0;0;0;0;0;2;2;0;0;0;0;0;0;0;0;0;0;0
COOPERATIVA DE ECONOMIA E CRÉDITO MÚTUO DOS SERVIDORES DO PODER LEGISLATIVO DO ESTADO DE MATO GROSSO E SERVIDORES PÚBLICOS DO MUNICÍPIO DE CUIABÁ - SICOOB SERVIDOR;4.346.379;b3S;I;2;;9;CUIABA;MT;09/2012;8;0;0;0;0;0;0;0;0;0;0;0;0;0;0;0;0;0;0;0;0;0;0;0;0;0;0;0;0;0;0;0;0;0;0;0;0;0;0;0;0;0;0;0;0;0;0;6;6;0;0;0;0;0;0;0;0;0;0;0;0;0;0;0;0;0;0;0;0;0;0;1;1;0;0;0
COOPERATIVA DE CRÉDITO RURAL BARRA DO CHOÇA - CREDIBARRA;3.071.386;b3S;I;2;;9;BARRA DO CHOCA;BA;09/2012;8;0;0;0;0;0;0;0;0;0;0;0;0;0;0;0;0;0;0;0;0;0;0;0;0;0;0;0;0;0;0;0;0;0;0;0;0;0;0;0;0;1;3;0;0;0;0;0;4;0;0;0;0;0;0;0;0;0;0;0;0;0;0;0;0;1;1;0;0;0;0;0;2;0;2;0
COOPERATIVA DE ECONOMIA E CRÉDITO MÚTUO DOS SERVIDORES MUNICIPAIS DO VALE DO PARAIBA, LITORAL NORTE PAULISTA E SERRA DA MANTIQUEIRA - CRESSEM;54.190.525;b3S;I;2;;9;SAO JOSE DOS CAMPOS;SP;09/2012;7;0;0;0;0;0;0;0;0;0;0;0;0;0;0;0;0;0;0;0;0;0;0;0;0;0;0;0;0;0;0;0;0;0;0;0;0;0;0;0;0;0;0;0;0;0;0;0;0;0;0;0;0;0;0;0;0;0;0;0;0;0;0;0;0;0;7;0;0;0;0;0;7;0;0;0
COOPERATIVA DE CRÉDITO MÚTUO DOS AGENTES FISCAIS DE RENDAS DO ESTADO DE SÃO PAULO - CREDIFISCO;4.546.162;b3S;I;2;;9;SAO PAULO;SP;09/2012;7;0;0;0;0;0;0;0;0;0;0;0;0;0;0;0;0;0;0;0;0;0;0;0;0;0;0;0;0;0;0;0;0;0;0;0;0;0;0;0;0;0;0;0;0;0;0;0;0;0;0;0;0;0;0;0;0;0;0;0;0;0;0;0;0;0;7;0;0;0;0;0;7;0;0;0
COOPERATIVA DE CREDITO RURAL COM INTERAÇÃO SOLIDARIA DE TOMBOS-CRESOL TOMBOS;7.208.637;b3S;I;2;;9;TOMBOS;MG;09/2012;7;0;0;0;0;0;0;0;0;0;0;0;0;0;0;0;0;0;0;0;0;0;0;0;0;0;0;0;0;0;0;0;0;0;0;0;0;0;0;0;0;0;2;4;0;0;0;0;7;0;0;0;0;0;0;0;0;0;0;0;0;0;0;0;0;0;0;0;0;0;0;0;0;0;0;0
COOPERATIVA DE CRÉDITO MÚTUO DOS POLICIAIS FEDERAIS NA BAHIA - FEDERALCRED;9.599.126;b3S;I;2;;9;SALVADOR;BA;09/2012;7;0;0;0;0;0;0;0;0;0;0;0;0;0;0;0;0;0;0;0;0;0;0;0;0;0;0;0;0;0;0;0;0;0;0;0;0;0;0;0;0;0;0;0;0;0;0;0;0;0;0;0;0;0;0;0;0;0;0;0;0;0;0;0;0;0;0;0;0;0;0;7;7;0;0;0
COOPERATIVA DE CRÉDITO RURAL COM INTERAÇÃO SOLIDÁRIA DE CORONEL FREITAS - CRESOL CORONEL FREITAS;8.647.473;b3S;I;2;;9;CORONEL FREITAS;SC;09/2012;7;0;0;0;0;0;0;0;0;0;0;2;3;1;0;0;7;0;0;0;0;0;0;0;0;0;0;0;0;0;0;0;0;0;0;0;0;0;0;0;0;0;0;0;0;0;0;0;0;0;0;0;0;0;0;0;0;0;0;0;0;0;0;0;0;0;0;0;0;0;0;0;0;0;0;0
COOPERATIVA DE CRÉDITO RURAL COM INTERAÇÃO SOLIDÁRIA DE MEDIANEIRA - CRESOL MEDIANEIRA;8.850.098;b3S;I;2;;9;MEDIANEIRA;PR;09/2012;6;0;0;0;0;0;0;0;0;0;0;0;0;0;0;0;0;0;0;0;0;0;0;0;0;0;0;0;0;0;0;0;0;0;0;0;0;0;0;0;0;0;0;1;2;2;0;0;5;0;0;0;0;0;0;0;0;0;0;0;0;0;0;0;0;0;0;0;0;0;0;0;0;0;1;0
COOPERATIVA DE CRÉDITO RURAL COM INTERAÇÃO SOLIDÁRIA DE RIO BRANCO DO SUL - CRESOL RIO BRANCO DO SUL;10.512.171;b3S;I;2;;9;RIO BRANCO DO SUL;PR;09/2012;6;0;0;0;0;0;0;0;0;0;0;0;0;0;0;0;0;0;0;0;0;0;0;0;0;0;0;0;0;0;0;0;0;0;0;0;0;0;0;0;0;0;3;1;1;1;0;0;6;0;0;0;0;0;0;0;0;0;0;0;0;0;0;0;0;0;0;0;0;0;0;0;0;0;0;0
COOPERATIVA DE ECONOMIA E CREDITO MUTUO DOS EMPREGADOS DE ESTABELECIMENTOS HOSPITALARES DO SUL DO ESTADO DO ESPIRITO SANTO - SULCRED;31.746.993;b3S;I;2;;9;CACHOEIRO DE ITAPEMIRIM;ES;09/2012;6;0;0;0;0;0;0;0;0;0;0;0;0;0;0;0;0;0;0;0;0;0;0;0;0;0;0;0;0;0;0;0;0;0;0;0;0;0;0;0;0;0;0;0;0;0;0;0;0;0;0;0;0;0;0;0;0;0;0;0;0;0;0;0;0;0;6;0;0;0;0;0;6;0;0;0
COOPERATIVA DE ECONOMIA E CRÉDITO MÚTUO DOS SERVIDORES DA UNIVERSIDADE ESTADUAL DO SUDOESTE DA BAHIA (UESB) - CREDIUESB;3.606.488;b3S;I;2;;9;VITORIA DA CONQUISTA;BA;09/2012;6;0;0;0;0;0;0;0;0;0;0;0;0;0;0;0;0;0;0;0;0;0;0;0;0;0;0;0;0;0;0;0;0;0;0;0;0;0;0;0;0;6;0;0;0;0;0;0;6;0;0;0;0;0;0;0;0;0;0;0;0;0;0;0;0;0;0;0;0;0;0;0;0;0;0;0
COOPERATIVA DE CREDITO RURAL COM INTERACAO SOLIDARIA DE SAO JOAQUIM-CRESOL SÃO JOAQUIM;2.766.672;b3S;I;2;;9;SAO JOAQUIM;SC;09/2012;5;0;0;0;0;0;0;0;0;0;0;0;0;0;0;0;0;0;0;0;0;0;0;0;0;0;0;0;0;0;0;0;0;0;0;0;0;0;0;0;0;0;4;1;0;0;0;0;5;0;0;0;0;0;0;0;0;0;0;0;0;0;0;0;0;0;0;0;0;0;0;0;0;0;0;0
COOPERATIVA DE CRÉDITO MÚTUO DOS SERVIDORES PÚBLICOS ESTADUAIS CIVIS, MILITARES E PENSIONISTAS EM ARARAQUARA E REGIÃO - COOPARA;4.219.215;b3S;I;2;;9;ARARAQUARA;SP;09/2012;5;0;0;0;0;0;0;0;0;0;0;0;0;0;0;0;0;0;0;0;0;0;0;0;0;0;0;0;0;0;0;0;0;0;0;0;0;0;0;0;0;0;0;0;0;0;0;5;5;0;0;0;0;0;0;0;0;0;0;0;0;0;0;0;0;0;0;0;0;0;0;0;0;0;0;0
COOPERATIVA DE CRÉDITO SOLIDÁRIO DA AGRICULTURA FAMILIAR DO OESTE POTIGUAR - CREDIOESTE-SOL;8.418.804;b3S;I;2;;9;APODI;RN;09/2012;5;0;0;0;0;0;0;0;0;0;0;0;0;0;0;0;0;0;0;0;0;0;0;0;0;0;0;0;0;0;0;0;0;0;0;0;0;0;0;0;0;0;0;0;0;0;0;0;0;0;0;0;0;0;0;0;0;0;0;0;0;0;0;0;0;0;0;0;0;0;0;0;0;0;5;0
COOPERATIVA DE CREDITO MUTUO DOS INTEGRANTES DA MAGISTRATURA E DO MINISTERIO PUBLICO NO ESTADO DO PARANA - SICREDI CREDJURIS;4.886.317;b3S;I;2;;9;CURITIBA;PR;09/2012;5;0;0;0;0;0;0;0;0;0;0;0;0;0;0;0;0;0;0;0;0;0;0;0;0;0;0;0;0;0;0;0;0;0;0;0;0;0;0;0;0;0;0;0;0;0;0;0;0;0;0;0;0;0;0;0;0;0;0;0;0;0;0;0;0;0;5;0;0;0;0;0;5;0;0;0
COOPERATIVA DE ECONOMIA E CRÉDITO MÚTUO DOS SERVIDORES ESTADUAIS DO PODER EXECUTIVO DO ESTADO DO ACRE EM RIO BRANCO - CBCRED-ACRE;3.232.959;b3S;I;2;;9;RIO BRANCO;AC;09/2012;5;0;0;0;0;0;0;0;0;0;0;0;0;0;0;0;0;0;0;0;0;0;0;0;0;0;0;0;0;0;0;0;0;0;0;0;0;0;0;0;0;0;0;0;0;0;0;0;0;0;0;0;0;0;0;0;0;0;0;0;0;0;0;0;0;0;5;0;0;0;0;0;5;0;0;0
COOPERATIVA DE CRÉDITO RURAL DE DESENVOLVIMENTO SOLIDÁRIO DE MUQUI - CREDSOL MUQUI;7.707.311;b3S;I;2;;9;MUQUI;ES;09/2012;4;0;0;0;0;0;0;0;0;0;0;0;0;0;0;0;0;0;0;0;0;0;0;0;0;0;0;0;0;0;0;0;0;0;0;0;0;0;0;0;0;0;0;4;0;0;0;0;4;0;0;0;0;0;0;0;0;0;0;0;0;0;0;0;0;0;0;0;0;0;0;0;0;0;0;0
COOPERATIVA DE ECONOMIA E CRÉDITO MÚTUO DOS EMPREGADOS DA CONFAB;59.305.565;b3S;I;2;;9;PINDAMONHANGABA;SP;09/2012;4;0;0;0;0;0;0;0;0;0;4;0;0;0;0;0;4;0;0;0;0;0;0;0;0;0;0;0;0;0;0;0;0;0;0;0;0;0;0;0;0;0;0;0;0;0;0;0;0;0;0;0;0;0;0;0;0;0;0;0;0;0;0;0;0;0;0;0;0;0;0;0;0;0;0;0
COOPERATIVA DE CRÉDITO MÚTUO DOS POLICIAIS FEDERAIS EM MINAS GERAIS - FEDERALCRED;5.369.422;b3S;I;2;;9;BELO HORIZONTE;MG;09/2012;3;0;0;0;0;0;0;0;0;0;0;0;0;0;0;0;0;0;0;0;0;0;0;0;0;0;0;0;0;0;0;0;0;0;0;0;0;0;0;0;0;0;0;0;0;0;0;0;0;0;0;0;0;0;0;0;0;0;0;0;0;0;0;0;0;0;0;0;0;0;0;3;3;0;0;0
CASA DO CRÉDITO S.A. SOCIEDADE DE CRÉDITO AO MICROEMPREENDEDOR;5.442.029;n1;I;2;;10;SAO PAULO;SP;09/2012;3;0;0;0;0;0;0;0;0;0;0;0;0;0;0;0;0;0;0;0;0;0;0;0;0;0;0;0;0;0;0;0;0;0;0;0;0;0;0;0;0;3;0;0;0;0;0;0;3;0;0;0;0;0;0;0;0;0;0;0;0;0;0;0;0;0;0;0;0;0;0;0;0;0;0;0
COOPERATIVA DE ECONOMIA E CRÉDITO MÚTUO DOS FUNCIONÁRIOS DA USINA SANTA MARIA - PILONCRED;1.107.759;b3S;I;2;;9;CERQUILHO;SP;09/2012;3;0;1;0;0;0;0;0;1;0;1;0;0;0;0;0;1;0;0;0;0;0;0;0;0;0;0;0;0;0;0;0;0;0;0;0;0;0;0;0;0;0;0;0;0;0;0;0;0;0;0;0;0;0;0;0;0;0;0;0;0;0;0;0;0;0;0;0;0;0;0;0;0;0;0;0
COOPERATIVA DE ECONOMIA E CRÉDITO MÚTUO DOS SERVIDORES EM SEGURANCA PÚBLICA DO ESTADO DO ACRE - SICOOB CREDMAC;3.528.402;b3S;I;2;;9;RIO BRANCO;AC;09/2012;3;0;0;0;0;0;0;0;0;0;0;0;0;0;0;0;0;0;0;0;0;0;0;0;0;0;0;0;0;0;0;0;0;0;0;0;0;0;0;0;0;0;0;0;0;0;0;0;0;0;0;0;0;0;0;0;0;0;0;0;0;0;0;0;0;0;0;0;0;0;0;3;3;0;0;0
COOPERATIVA DE CRÉDITO DOS EMPRESÁRIOS DA CMI SECOVI-MG - SECOVICRED;14.913.919;b3S;I;2;;9;BELO HORIZONTE;MG;09/2012;3;0;0;0;0;0;0;0;0;0;0;0;0;0;0;0;0;0;0;0;0;0;0;0;0;0;0;0;0;0;0;0;0;0;0;0;0;0;0;0;0;0;0;0;0;0;0;0;0;0;0;0;0;0;0;0;0;0;0;0;0;0;0;0;0;0;0;0;0;0;0;3;3;0;0;0
COOPCRAL - COOPERATIVA DE CRÉDITO RURAL DO AGRESTE CENTRAL ALAGOANO LTDA.;8.202.793;b3S;I;2;;9;ARAPIRACA;AL;09/2012;3;0;0;0;0;0;0;0;0;0;0;0;0;0;0;0;0;0;0;0;0;0;0;0;0;0;0;0;0;0;0;0;0;0;0;0;0;0;0;0;0;0;0;1;0;0;0;0;1;0;0;0;0;0;0;0;0;0;0;0;0;0;0;0;0;0;0;2;0;0;0;0;2;0;0;0
COOPERATIVA DE ECONOMIA E CRÉDITO MÚTUO DOS EMPREGADOS DAS INSTITUIÇÕES DE ENSINO SUPERIOR DO SUL DE MINAS LTDA. - CREDFENAS;2.414.044;b3S;I;2;;9;ALFENAS;MG;09/2012;3;0;0;0;0;0;0;0;0;0;0;0;0;0;0;0;0;0;0;0;0;0;0;0;0;0;0;0;0;0;0;0;0;0;0;0;0;0;0;0;0;0;0;0;0;0;0;0;0;0;0;0;0;0;0;0;0;0;0;0;0;0;0;0;0;0;3;0;0;0;0;0;3;0;0;0
COOPERATIVA DE CREDITO RURAL COM INTERACAO SOLIDARIA DE SALGADO FILHO - CRESOL SALGADO FILHO;4.611.476;b3S;I;2;;9;SALGADO FILHO;PR;09/2012;2;0;0;0;0;0;0;0;0;0;0;0;0;0;0;0;0;0;0;0;0;0;0;0;0;0;0;0;0;0;0;0;0;0;0;0;0;0;0;0;0;0;0;0;0;0;0;0;0;0;0;0;0;0;0;0;0;0;0;0;0;0;0;0;0;0;1;2;0;0;0;0;2;0;0;0
COOPERATIVA DE CRÉDITO RURAL DOS PRODUTORES DA REGIÃO DE IRECÊ - CREDIRURAL;5.853.210;b3S;I;2;;9;IRECE;BA;09/2012;2;0;0;0;0;0;0;0;0;0;0;0;0;0;0;0;0;0;0;0;0;0;0;0;0;0;0;0;0;0;0;0;0;0;0;0;0;0;0;0;0;1;1;0;0;0;0;0;2;0;0;0;0;0;0;0;0;0;0;0;0;0;0;0;0;0;0;0;0;0;0;0;0;0;0;0
COOPERATIVA DE ECONOMIA E CRÉDITO MÚTUO DOS COLABORADORES DA VALE S.A. - LTDA. - SICOOB CREDIVALE;20.961.629;b3S;I;2;;9;ITABIRA;MG;09/2012;2;0;0;0;0;0;0;0;0;0;0;0;0;0;0;0;0;0;0;0;0;0;0;0;0;0;0;0;0;0;0;0;0;0;0;0;0;0;0;0;0;0;0;0;0;0;0;2;2;0;0;0;0;0;0;0;0;0;0;0;0;0;0;0;0;0;0;0;0;0;0;0;0;0;0;0
COOPERATIVA DE CRÉDITO RURAL DA AGRICULTURA FAMILIAR DOS TRABALHADORES E TRABALHADORAS RURAIS DE MINISTRO ANDREAZZA - CREDITAG/ANDREAZZA/RO;10.514.648;b3S;I;2;;9;MINISTRO ANDREAZZA;RO;09/2012;2;0;0;0;0;0;0;0;0;0;0;0;0;0;0;0;0;0;0;0;0;0;0;0;0;0;0;0;0;0;0;0;0;0;0;0;0;0;0;0;0;0;0;0;0;0;0;0;0;0;0;0;0;0;0;0;0;0;0;0;0;0;0;0;0;0;1;1;0;0;0;0;2;0;0;0
COOPERATIVA DE CREDITO RURAL COM INTERACAO SOLIDARIA DE RENASCENÇA - CRESOL RENASCENÇA;4.350.225;b3S;I;2;;9;RENASCENCA;PR;09/2012;2;1;1;0;0;0;0;0;2;0;0;0;0;0;0;0;0;0;0;0;0;0;0;0;0;0;0;0;0;0;0;0;0;0;0;0;0;0;0;0;0;0;0;0;0;0;0;0;0;0;0;0;0;0;0;0;0;0;0;0;0;0;0;0;0;0;0;0;0;0;0;0;0;0;0;0
COOPERATIVA DE CRÉDITO RURAL DOS PLANTADORES DE CANA DE ALAGOAS;12.272.183;b3S;I;2;;9;MACEIO;AL;09/2012;2;0;0;0;0;0;0;0;0;0;0;0;0;0;0;0;0;0;0;0;0;0;0;0;0;0;0;0;0;0;0;0;0;0;0;0;0;0;0;0;0;0;0;0;0;0;0;0;0;0;0;0;0;0;0;0;0;0;0;0;0;0;0;0;0;0;2;0;0;0;0;0;2;0;0;0
COOPERATIVA DE CREDITO RURAL COM INTERACAO SOLIDARIA DE HONORIO SERPA - CRESOL HONORIO SERPA;2.565.350;b3S;I;2;;9;HONORIO SERPA;PR;09/2012;2;0;0;0;0;0;0;0;0;0;0;0;0;0;0;0;0;0;0;0;0;0;0;0;0;0;0;0;0;0;0;0;0;0;0;0;0;0;0;0;0;2;0;0;0;0;0;0;2;0;0;0;0;0;0;0;0;0;0;0;0;0;0;0;0;0;0;0;0;0;0;0;0;0;0;0
COOPERATIVA DE CRÉDITO RURAL COM INTERAÇÃO SOLIDÁRIA DE SANTA LÚCIA - CRESOL SANTA LÚCIA;7.268.499;b3S;I;2;;9;SANTA LUCIA;PR;09/2012;2;0;0;0;0;0;0;0;0;0;0;0;0;0;0;0;0;0;0;0;0;0;0;1;1;0;0;0;0;0;0;0;0;0;0;0;0;0;0;0;0;0;0;0;0;0;0;0;1;0;0;0;0;0;0;0;0;0;0;0;0;0;0;0;0;0;0;0;0;0;0;0;0;0;0;0
COOPERATIVA DE CRÉDITO MÚTUO DOS SERVIDORES PUBLICOS DE MINEIROS/GOIÁS;7.226.799;b3S;I;2;;9;MINEIROS;GO;09/2012;2;0;0;0;0;0;0;0;0;0;0;0;0;0;0;0;0;0;0;0;0;0;0;0;0;0;0;0;0;0;0;0;0;0;0;0;0;0;0;0;0;0;0;0;0;0;0;0;0;0;0;0;0;0;0;0;0;0;0;0;0;0;0;0;0;0;2;0;0;0;0;0;2;0;0;0
COOPERATIVA DE CRÉDITO RURAL DA AGRICULTURA       FAMILIAR DOS TRABALHADORES E TRABALHADORAS RURAIS DE JI-PARANÁ.;10.520.232;b3S;I;2;;9;JI-PARANA;RO;09/2012;2;0;0;0;0;0;0;0;0;0;0;0;0;0;0;0;0;0;0;0;0;0;0;0;0;0;0;0;0;0;0;0;0;0;0;0;0;0;0;0;0;0;0;2;0;0;0;0;2;0;0;0;0;0;0;0;0;0;0;0;0;0;0;0;0;0;0;0;0;0;0;0;0;0;0;0
COOPERATIVA DE CRÉDITO RURAL DA AGRICULTURA FAMILIAR DOS TRABALHADORES E TRABALHADORAS RURAIS DO MUNICÍPIO DE CAPÃO BONITO E REGIÃO/SÃO PAULO;9.476.168;b3S;I;2;;9;CAPAO BONITO;SP;09/2012;2;0;0;0;0;0;0;0;0;0;0;0;0;0;0;0;0;0;0;0;0;0;0;0;0;0;0;0;0;0;0;0;0;0;0;0;0;0;0;0;0;0;0;0;0;0;0;0;0;0;0;0;0;0;0;0;0;0;0;1;0;0;0;0;1;0;0;0;0;0;0;0;0;0;0;0
COOPERATIVA DE CRÉDITO RURAL DA AGRICULTURA FAMILIAR E ECONOMIA SOLIDÁRIA DE CLÁUDIO;8.363.543;b3S;I;2;;9;CLAUDIO;MG;09/2012;1;0;0;0;0;0;0;0;0;0;1;1;0;0;0;0;1;0;0;0;0;0;0;0;0;0;0;0;0;0;0;0;0;0;0;0;0;0;0;0;0;0;0;0;0;0;0;0;0;0;0;0;0;0;0;0;0;0;0;0;0;0;0;0;0;0;0;0;0;0;0;0;0;0;0;0
COOPERATIVA DE ECONOMIA E CRÉDITO MÚTUO DA ALIANÇA DOS MÉDICOS E DEMAIS PROFISSIONAIS DA ÁREA DA SAÚDE DE LENÇÓIS PAULISTA - ALCRED DE LENÇÓIS PAULISTA;1.464.605;b3S;I;2;;9;LENCOIS PAULISTA;SP;09/2012;1;0;0;0;0;0;0;0;0;0;0;0;0;0;0;0;0;0;0;0;0;0;0;0;0;0;0;0;0;0;0;0;0;0;0;0;0;0;0;0;0;0;0;0;0;0;0;0;0;0;0;0;0;0;0;0;0;0;0;0;0;0;0;0;0;0;0;0;0;0;0;0;0;0;1;0
COOPERATIVA DE CRÉDITO RURAL COM INTERAÇÃO SOLIDÁRIA DE BELA VISTA DA CAROBA - CRESOL BELA VISTA DA CAROBA;7.312.152;b3S;I;2;;9;BELA VISTA DA CAROBA;PR;09/2012;1;0;0;0;0;0;0;0;0;0;0;0;0;0;0;0;0;0;0;0;0;0;0;0;0;0;0;0;0;0;0;0;0;0;0;0;0;0;0;0;0;0;0;0;0;0;0;0;0;0;0;0;0;0;0;0;0;0;0;0;0;0;0;0;0;0;0;0;0;0;0;0;0;0;1;0
COOPERATIVA DE CREDITO RURAL COM INTERACAO SOLIDARIA DE IPUMIRIM - CRESOL IPUMIRIM;5.427.501;b3S;I;2;;9;IPUMIRIM;SC;09/2012;1;0;0;0;0;0;0;0;0;0;0;0;0;0;0;0;0;0;0;0;0;0;0;0;0;0;0;0;0;0;0;0;0;0;0;0;0;0;0;0;0;0;0;0;0;0;0;0;0;0;0;0;0;0;0;0;0;0;1;0;0;0;0;0;1;0;0;0;0;0;0;0;0;0;0;0
COOPERATIVA DE CRÉDITO RURAL DE POÇO VERDE LTDA. - COOPEC;9.244.973;b3S;I;2;;9;POCO VERDE;SE;09/2012;1;0;0;0;0;0;0;0;0;0;0;0;0;0;0;0;0;0;0;0;0;0;0;0;0;0;0;0;0;0;0;0;0;0;0;0;0;0;0;0;0;0;0;0;0;0;0;0;0;0;0;0;0;0;0;0;0;0;0;0;0;0;0;0;0;0;0;1;0;0;0;0;1;0;0;0
COOPERATIVA DE ECONOMIA E CREDITO MUTUO DOS SERVIDORES ESTATUTARIOS DA ADMINISTRACAO DIRETA DO ESTADO DO ESPIRITO SANTO - COOPFISCO;2.475.222;b3S;I;2;;9;VITORIA;ES;09/2012;1;0;0;0;0;0;0;0;0;0;0;0;0;0;0;0;0;0;0;0;0;0;0;0;0;0;0;0;0;0;0;0;0;0;0;0;0;0;0;0;0;0;0;0;0;0;0;0;0;0;0;0;0;0;0;0;0;0;0;0;0;0;0;0;0;0;1;0;0;0;0;0;1;0;0;0
COOPERATIVA DE ECONOMIA E CRÉDITO MÚTUO DOS SERVIDORES PÚBLICOS FEDERAIS DA REGIÃO METROPOLITANA DE BELÉM DO PARÁ - SICOOB FEDERAL PARÁ;83.316.810;b3S;I;2;;9;BELEM;PA;09/2012;1;0;0;0;0;0;0;0;0;0;0;0;0;0;0;0;0;0;0;0;0;0;0;0;0;0;0;0;0;0;0;0;0;0;0;0;0;0;0;0;0;0;0;0;0;0;0;0;0;0;0;0;0;0;0;0;0;0;0;0;0;0;0;0;0;0;0;0;0;0;0;0;0;0;1;0
GRAZZIOTIN FINANCIADORA S/A - CRÉDITO, FINANCIAMENTO E INVESTIMENTOS;6.339.468;n1;I;2;;14;PASSO FUNDO;RS;09/2012;1;0;0;0;0;0;0;0;0;0;0;0;0;0;0;0;0;0;0;0;0;0;0;0;0;0;0;0;0;0;0;0;0;0;0;0;0;0;0;0;0;0;0;0;0;0;0;0;0;0;0;0;0;0;0;0;0;0;0;0;0;0;0;0;0;0;0;0;0;0;0;0;0;0;1;0
COOPERATIVA DE CREDITO RURAL COM INTERACAO SOLIDARIA DE AMPERE - CRESOL AMPERE;3.066.193;b3S;I;2;;9;AMPERE;PR;09/2012;0;0;0;0;0;0;0;0;0;0;0;0;0;0;0;0;0;0;0;0;0;0;0;0;0;0;0;0;0;0;0;0;0;0;0;0;0;0;0;0;0;0;0;0;0;0;0;0;0;0;0;0;0;0;0;0;0;0;0;0;0;0;0;0;0;0;0;0;0;0;0;0;0;0;0;0
COOPERATIVA DE CREDITO RURAL COM INTERACAO SOLIDARIA DE GUARACIABA-CRESOL GUARACIABA;5.400.634;b3S;I;2;;9;GUARACIABA;SC;09/2012;0;0;0;0;0;0;0;0;0;0;0;0;0;0;0;0;0;0;0;0;0;0;0;0;0;0;0;0;0;0;0;0;0;0;0;0;0;0;0;0;0;0;0;0;0;0;0;0;0;0;0;0;0;0;0;0;0;0;0;0;0;0;0;0;0;0;0;0;0;0;0;0;0;0;0;0
COOPERATIVA DE ECONOMIA E CREDITO MUTUO DOS SERVIDORES PUBLICOS DE PINHÃO - CRESERV-PINHÃO;4.831.810;b3S;I;2;;9;PINHAO;PR;09/2012;0;0;0;0;0;0;0;0;0;0;0;0;0;0;0;0;0;0;0;0;0;0;0;0;0;0;0;0;0;0;0;0;0;0;0;0;0;0;0;0;0;0;0;0;0;0;0;0;0;0;0;0;0;0;0;0;0;0;0;0;0;0;0;0;0;0;0;0;0;0;0;0;0;0;0;0
COOPERATIVA DE ECONOMIA E CRÉDITO MÚTUO DOS SERVIDORES PÚBLICOS NO ESTADO DO ESPÍRITO SANTO - COOPJUD;1.330.295;b3S;I;2;;9;VITORIA;ES;09/2012;0;0;0;0;0;0;0;0;0;0;0;0;0;0;0;0;0;0;0;0;0;0;0;0;0;0;0;0;0;0;0;0;0;0;0;0;0;0;0;0;0;0;0;0;0;0;0;0;0;0;0;0;0;0;0;0;0;0;0;0;0;0;0;0;0;0;0;0;0;0;0;0;0;0;0;0
COOPERATIVA DE CRÉDITO RURAL DE ALTEROSA LTDA - SICOOB COOPEROSA;71.437.123;b3S;I;2;;9;ALTEROSA;MG;09/2012;0;0;0;0;0;0;0;0;0;0;0;0;0;0;0;0;0;0;0;0;0;0;0;0;0;0;0;0;0;0;0;0;0;0;0;0;0;0;0;0;0;0;0;0;0;0;0;0;0;0;0;0;0;0;0;0;0;0;0;0;0;0;0;0;0;0;0;0;0;0;0;0;0;0;0;0
COOPERATIVA DE ECONOMIA E CRÉDITO MÚTUO DOS MAGISTRADOS, MEMBROS DO MINISTÉRIO PÚBLICO, DEFENSORES PÚBLICOS E SERVIDORES DO PODER JUDICIÁRIO NO ESTADO DO CEARÁ - COOPERJURIS;8.041.950;b3S;I;2;;9;FORTALEZA;CE;09/2012;0;0;0;0;0;0;0;0;0;0;0;0;0;0;0;0;0;0;0;0;0;0;0;0;0;0;0;0;0;0;0;0;0;0;0;0;0;0;0;0;0;0;0;0;0;0;0;0;0;0;0;0;0;0;0;0;0;0;0;0;0;0;0;0;0;0;0;0;0;0;0;0;0;0;0;0
COOPERATIVA DE ECONOMIA E CRÉDITO MÚTUO DOS COMERCIANTES DE CONFECÇÃO DO VESTUÁRIO DA REGIÃO DE CURVELO LTDA.;3.962.327;b3S;I;2;;9;CURVELO;MG;09/2012;0;0;0;0;0;0;0;0;0;0;0;0;0;0;0;0;0;0;0;0;0;0;0;0;0;0;0;0;0;0;0;0;0;0;0;0;0;0;0;0;0;0;0;0;0;0;0;0;0;0;0;0;0;0;0;0;0;0;0;0;0;0;0;0;0;0;0;0;0;0;0;0;0;0;0;0
COOPERATIVA DE CRÉDITO RURAL ASCOOB PARAGUASSU;4.588.258;b3S;I;2;;9;GOVERNADOR MANGABEIRA;BA;09/2012;0;0;0;0;0;0;0;0;0;0;0;0;0;0;0;0;0;0;0;0;0;0;0;0;0;0;0;0;0;0;0;0;0;0;0;0;0;0;0;0;0;0;0;0;0;0;0;0;0;0;0;0;0;0;0;0;0;0;0;0;0;0;0;0;0;0;0;0;0;0;0;0;0;0;0;0
COOPERATIVA DE ECONOMIA E CREDITO MUTUO DOS SERVIDORES DO PODER JUDICIARIO FEDERAL E MINISTÉRIO PÚBLICO DA UNIÃO NO ESTADO DE MATO GROSSO - COOPERJUS;2.234.924;b3S;I;2;;9;CUIABA;MT;09/2012;0;0;0;0;0;0;0;0;0;0;0;0;0;0;0;0;0;0;0;0;0;0;0;0;0;0;0;0;0;0;0;0;0;0;0;0;0;0;0;0;0;0;0;0;0;0;0;0;0;0;0;0;0;0;0;0;0;0;0;0;0;0;0;0;0;0;0;0;0;0;0;0;0;0;0;0
COOPERATIVA DE ECONOMIA E CRÉDITO MÚTUO DOS SERVIDORES PÚBLICOS DO PODER EXECUTIVO FEDERAL NO ESTADO DO ESPÍRITO SANTO - COOPSEFES;3.639.902;b3S;I;2;;9;VITORIA;ES;09/2012;0;0;0;0;0;0;0;0;0;0;0;0;0;0;0;0;0;0;0;0;0;0;0;0;0;0;0;0;0;0;0;0;0;0;0;0;0;0;0;0;0;0;0;0;0;0;0;0;0;0;0;0;0;0;0;0;0;0;0;0;0;0;0;0;0;0;0;0;0;0;0;0;0;0;0;0
COOPERATIVA DE ECONOMIA E CRÉDITO MÚTUO DOS SERVIDORES DO INSTITUTO NÁUTICO BRASILEIRO - INABRA LTDA;83.332.627;b3S;I;2;;9;BELEM;PA;09/2012;0;0;0;0;0;0;0;0;0;0;0;0;0;0;0;0;0;0;0;0;0;0;0;0;0;0;0;0;0;0;0;0;0;0;0;0;0;0;0;0;0;0;0;0;0;0;0;0;0;0;0;0;0;0;0;0;0;0;0;0;0;0;0;0;0;0;0;0;0;0;0;0;0;0;0;0
COOPERATIVA DE CRÉDITO RURAL COM INTERAÇÃO SOLIDÁRIA DE LAPA - CRESOL LAPA;8.597.482;b3S;I;2;;9;LAPA;PR;09/2012;0;0;0;0;0;0;0;0;0;0;0;0;0;0;0;0;0;0;0;0;0;0;0;0;0;0;0;0;0;0;0;0;0;0;0;0;0;0;0;0;0;0;0;0;0;0;0;0;0;0;0;0;0;0;0;0;0;0;0;0;0;0;0;0;0;0;0;0;0;0;0;0;0;0;0;0
COOPERATIVA DE CRÉDITO MÚTUO DOS SERVIDORES DO INSTITUTO FEDERAL DE EDUCAÇÃO, CIÊNCIA E TECNOLOGIA DA PARAÍBA ? SICOOB COOPERCRET;2.275.781;b3S;I;2;;9;JOAO PESSOA;PB;09/2012;0;0;0;0;0;0;0;0;0;0;0;0;0;0;0;0;0;0;0;0;0;0;0;0;0;0;0;0;0;0;0;0;0;0;0;0;0;0;0;0;0;0;0;0;0;0;0;0;0;0;0;0;0;0;0;0;0;0;0;0;0;0;0;0;0;0;0;0;0;0;0;0;0;0;0;0
H.H.PICCHIONI;30.829;n2;C;2;;196;BELO HORIZONTE;MG;09/2012;0;0;0;0;0;0;0;0;0;0;0;0;0;0;0;0;0;0;0;0;0;0;0;0;0;0;0;0;0;0;0;0;0;0;0;0;0;0;0;0;0;0;0;0;0;0;0;0;0;0;0;0;0;0;0;0;0;0;0;0;0;0;0;0;0;0;0;0;0;0;0;0;0;0;0;0
PERNAMBUCANAS;40.699;n1;C;2;;197;SAO PAULO;SP;09/2012;0;0;0;0;0;0;0;0;0;0;0;0;0;0;0;0;0;0;0;0;0;0;0;0;0;0;0;0;0;0;0;0;0;0;0;0;0;0;0;0;0;0;0;0;0;0;0;0;0;0;0;0;0;0;0;0;0;0;0;0;0;0;0;0;0;0;0;0;0;0;0;0;0;0;0;0
PETRA;51.688;b1;C;2;;199;CURITIBA;PR;09/2012;0;NI;NI;NI;NI;NI;NI;NI;NI;NI;NI;NI;NI;NI;NI;NI;NI;NI;NI;NI;NI;NI;NI;NI;NI;0;0;0;0;0;0;0;0;NI;NI;NI;NI;NI;NI;NI;NI;NI;NI;NI;NI;NI;NI;NI;NI;NI;NI;NI;NI;NI;NI;NI;NI;NI;NI;NI;NI;NI;NI;NI;NI;0;0;0;0;0;0;0;0;0;0;NI
COOPERATIVA DE ECONOMIA E CRÉDITO MÚTUO DOS EMPREGADOS DAS EMPRESAS SOMART LTDA.;129.753;b3S;I;2;;9;URUCANIA;MG;09/2012;0;0;0;0;0;0;0;0;0;0;0;0;0;0;0;0;0;0;0;0;0;0;0;0;0;0;0;0;0;0;0;0;0;0;0;0;0;0;0;0;0;0;0;0;0;0;0;0;0;0;0;0;0;0;0;0;0;0;0;0;0;0;0;0;0;0;0;0;0;0;0;0;0;0;0;0
COOPERATIVA DE ECONOMIA E CREDITO MUTUO DOS EMPREGADOS DAS EMPRESAS DE TRANSPORTES COLETIVOS RODOVIÁRIOS DE PASSAGEIROS DO GRANDE RIO LTDA;141.155;b3S;I;2;;9;SAO GONCALO;RJ;09/2012;0;0;0;0;0;0;0;0;0;0;0;0;0;0;0;0;0;0;0;0;0;0;0;0;0;0;0;0;0;0;0;0;0;0;0;0;0;0;0;0;0;0;0;0;0;0;0;0;0;0;0;0;0;0;0;0;0;0;0;0;0;0;0;0;0;0;0;0;0;0;0;0;0;0;0;0
SICOOB COOPEA - COOPERATIVA DE ECONOMIA E CRÉDITO MÚTUO DOS SERVIDORES DA CEPLAC NA AMAZÔNIA ORIENTAL LTDA.;484.473;b3S;I;2;;9;BELEM;PA;09/2012;0;0;0;0;0;0;0;0;0;0;0;0;0;0;0;0;0;0;0;0;0;0;0;0;0;0;0;0;0;0;0;0;0;0;0;0;0;0;0;0;0;0;0;0;0;0;0;0;0;0;0;0;0;0;0;0;0;0;0;0;0;0;0;0;0;0;0;0;0;0;0;0;0;0;0;0
COOPERATIVA DE ECONOMIA E CRÉDITO MÚTUO DOS SERVIDORES DO SEMASA - SICOOB CECRESA;512.839;b3S;I;2;;9;SANTO ANDRE;SP;09/2012;0;0;0;0;0;0;0;0;0;0;0;0;0;0;0;0;0;0;0;0;0;0;0;0;0;0;0;0;0;0;0;0;0;0;0;0;0;0;0;0;0;0;0;0;0;0;0;0;0;0;0;0;0;0;0;0;0;0;0;0;0;0;0;0;0;0;0;0;0;0;0;0;0;0;0;0
COOPERATIVA DE CRÉDITO MÚTUO DOS FUNCIONÁRIOS DA MORLAN – CREDMORLAN;731.320;b3S;I;2;;9;ORLANDIA;SP;09/2012;0;0;0;0;0;0;0;0;0;0;0;0;0;0;0;0;0;0;0;0;0;0;0;0;0;0;0;0;0;0;0;0;0;0;0;0;0;0;0;0;0;0;0;0;0;0;0;0;0;0;0;0;0;0;0;0;0;0;0;0;0;0;0;0;0;0;0;0;0;0;0;0;0;0;0;0
COOPERATIVA DE ECONOMIA E CRÉDITO MÚTUO DOS SERVIDORES DO DISTRITO FEDERAL LTDA. - COOSERVCRED;778.858;b3S;I;2;;9;BRASILIA;DF;09/2012;0;0;0;0;0;0;0;0;0;0;0;0;0;0;0;0;0;0;0;0;0;0;0;0;0;0;0;0;0;0;0;0;0;0;0;0;0;0;0;0;0;0;0;0;0;0;0;0;0;0;0;0;0;0;0;0;0;0;0;0;0;0;0;0;0;0;0;0;0;0;0;0;0;0;0;0
COOPERATIVA DE CRÉDITO MÚTUO DOS SERVIDORES PÚBLICOS MUNICIPAIS DE JABOTICABAL - COOPERSERV;881.829;b3S;I;2;;9;JABOTICABAL;SP;09/2012;0;0;0;0;0;0;0;0;0;0;0;0;0;0;0;0;0;0;0;0;0;0;0;0;0;0;0;0;0;0;0;0;0;0;0;0;0;0;0;0;0;0;0;0;0;0;0;0;0;0;0;0;0;0;0;0;0;0;0;0;0;0;0;0;0;0;0;0;0;0;0;0;0;0;0;0
COOPERATIVA DE ECONOMIA E CRÉDITO MÚTUO DOS EMPREGADOS DA MAGNESITA REFRATÁRIOS S.A. LTDA. - CECREM;913.314;b3S;I;2;;9;CONTAGEM;MG;09/2012;0;0;0;0;0;0;0;0;0;0;0;0;0;0;0;0;0;0;0;0;0;0;0;0;0;0;0;0;0;0;0;0;0;0;0;0;0;0;0;0;0;0;0;0;0;0;0;0;0;0;0;0;0;0;0;0;0;0;0;0;0;0;0;0;0;0;0;0;0;0;0;0;0;0;0;0
COOPERATIVA DE ECONOMIA E CRÉDITO MÚTUO DOS SERVIDORES MUNICIPAIS DE SÃO PAULO - SICOOB COOPERCREDI-SP;915.950;b3S;I;2;;9;SAO PAULO;SP;09/2012;0;0;0;0;0;0;0;0;0;0;0;0;0;0;0;0;0;0;0;0;0;0;0;0;0;0;0;0;0;0;0;0;0;0;0;0;0;0;0;0;0;0;0;0;0;0;0;0;0;0;0;0;0;0;0;0;0;0;0;0;0;0;0;0;0;0;0;0;0;0;0;0;0;0;0;0
COOPERATIVA DE ECONOMIA E CRÉDITO MÚTUO DOS SERVIDORES DA PREFEITURA MUNICIPAL DE ORLÂNDIA - CRED SERV;946.465;b3S;I;2;;9;ORLANDIA;SP;09/2012;0;0;0;0;0;0;0;0;0;0;0;0;0;0;0;0;0;0;0;0;0;0;0;0;0;0;0;0;0;0;0;0;0;0;0;0;0;0;0;0;0;0;0;0;0;0;0;0;0;0;0;0;0;0;0;0;0;0;0;0;0;0;0;0;0;0;0;0;0;0;0;0;0;0;0;0
COOPERATIVA DE ECONOMIA E CRÉDITO MÚTUO DOS SERVIDORES DO MINISTÉRIO DA FAZENDA E DOS ÓRGÃOS DA ESTRUTURA DA PRESIDÊNCIA DA REPÚBLICA LTDA - SICOOB CREDFAZ;952.415;b3S;I;2;;9;BRASILIA;DF;09/2012;0;0;0;0;0;0;0;0;0;0;0;0;0;0;0;0;0;0;0;0;0;0;0;0;0;0;0;0;0;0;0;0;0;0;0;0;0;0;0;0;0;0;0;0;0;0;0;0;0;0;0;0;0;0;0;0;0;0;0;0;0;0;0;0;0;0;0;0;0;0;0;0;0;0;0;0
COOPERATIVA DE ECONOMIA E CRÉDITO DOS EMPREGADOS DA PETROBRÁS - PETROCRED;953.908;b3S;I;2;;9;SAO PAULO;SP;09/2012;0;0;0;0;0;0;0;0;0;0;0;0;0;0;0;0;0;0;0;0;0;0;0;0;0;0;0;0;0;0;0;0;0;0;0;0;0;0;0;0;0;0;0;0;0;0;0;0;0;0;0;0;0;0;0;0;0;0;0;0;0;0;0;0;0;0;0;0;0;0;0;0;0;0;0;0
COOPERATIVA DE ECONOMIA E CRÉDITO MÚTUO DOS SERVIDORES DA GOIÁS FERTILIZANTES S/A - GOIÁSFERTIL - ?COCRESGO? LTDA.;968.834;b3S;I;2;;9;CATALAO;GO;09/2012;0;0;0;0;0;0;0;0;0;0;0;0;0;0;0;0;0;0;0;0;0;0;0;0;0;0;0;0;0;0;0;0;0;0;0;0;0;0;0;0;0;0;0;0;0;0;0;0;0;0;0;0;0;0;0;0;0;0;0;0;0;0;0;0;0;0;0;0;0;0;0;0;0;0;0;0
COOPERATIVA DE CRÉDITO DOS EMPREGADOS DO GRUPO COPERSUCAR E CTC - UNICOPER;977.212;b3S;I;2;;9;SAO PAULO;SP;09/2012;0;0;0;0;0;0;0;0;0;0;0;0;0;0;0;0;0;0;0;0;0;0;0;0;0;0;0;0;0;0;0;0;0;0;0;0;0;0;0;0;0;0;0;0;0;0;0;0;0;0;0;0;0;0;0;0;0;0;0;0;0;0;0;0;0;0;0;0;0;0;0;0;0;0;0;0
COOPERATIVA DE ECONOMIA E CRÉDITO MÚTUO DOS SERVIDORES PÚBLICOS MUNICIPAIS DA REGIÃO METROPOLITANA DE BELÉM LTDA.;991.739;b3S;I;2;;9;BELEM;PA;09/2012;0;0;0;0;0;0;0;0;0;0;0;0;0;0;0;0;0;0;0;0;0;0;0;0;0;0;0;0;0;0;0;0;0;0;0;0;0;0;0;0;0;0;0;0;0;0;0;0;0;0;0;0;0;0;0;0;0;0;0;0;0;0;0;0;0;0;0;0;0;0;0;0;0;0;0;0
COOPERATIVA DE ECONOMIA E CRÉDITO MÚTUO DOS  EMPREGADOS DA ELETRONORTE LTDA - ELETROCRED;1.042.487;b3S;I;2;;9;BELEM;PA;09/2012;0;0;0;0;0;0;0;0;0;0;0;0;0;0;0;0;0;0;0;0;0;0;0;0;0;0;0;0;0;0;0;0;0;0;0;0;0;0;0;0;0;0;0;0;0;0;0;0;0;0;0;0;0;0;0;0;0;0;0;0;0;0;0;0;0;0;0;0;0;0;0;0;0;0;0;0
COOPERATIVA DE ECONOMIA E CREDITO MUTUO DOS FUNCIONARIOS DA COMIGO;1.062.439;b3S;I;2;;9;RIO VERDE;GO;09/2012;0;0;0;0;0;0;0;0;0;0;0;0;0;0;0;0;0;0;0;0;0;0;0;0;0;0;0;0;0;0;0;0;0;0;0;0;0;0;0;0;0;0;0;0;0;0;0;0;0;0;0;0;0;0;0;0;0;0;0;0;0;0;0;0;0;0;0;0;0;0;0;0;0;0;0;0
COOPERATIVA DE ECONOMIA E CRÉDITO MÚTUO DOS EMPREGADOS DA CENTRAIS ELETRICAS DO PARÁ - COECELPA;1.120.042;b3S;I;2;;9;BELEM;PA;09/2012;0;0;0;0;0;0;0;0;0;0;0;0;0;0;0;0;0;0;0;0;0;0;0;0;0;0;0;0;0;0;0;0;0;0;0;0;0;0;0;0;0;0;0;0;0;0;0;0;0;0;0;0;0;0;0;0;0;0;0;0;0;0;0;0;0;0;0;0;0;0;0;0;0;0;0;0
COOPERATIVA DE ECONOMIA E CRÉDITO MÚTUO DOS FUNCIONÁRIOS DA ASTRAZENECA DO BRASIL;1.288.797;b3S;I;2;;9;COTIA;SP;09/2012;0;0;0;0;0;0;0;0;0;0;0;0;0;0;0;0;0;0;0;0;0;0;0;0;0;0;0;0;0;0;0;0;0;0;0;0;0;0;0;0;0;0;0;0;0;0;0;0;0;0;0;0;0;0;0;0;0;0;0;0;0;0;0;0;0;0;0;0;0;0;0;0;0;0;0;0
COOPERATIVA DE ECONOMIA E CRÉDITO MÚTUO DOS EMPREGADOS DO GRUPO ALGAR LTDA. - SICOOB CREDIEMPAR;1.296.040;b3S;I;2;;9;UBERLANDIA;MG;09/2012;0;0;0;0;0;0;0;0;0;0;0;0;0;0;0;0;0;0;0;0;0;0;0;0;0;0;0;0;0;0;0;0;0;0;0;0;0;0;0;0;0;0;0;0;0;0;0;0;0;0;0;0;0;0;0;0;0;0;0;0;0;0;0;0;0;0;0;0;0;0;0;0;0;0;0;0
COOPERATIVA DE ECONOMIA E CRÉDITO MÚTUO DOS BANCÁRIOS DO TRIÂNGULO LTDA.;1.301.541;b3S;I;2;;9;UBERLANDIA;MG;09/2012;0;0;0;0;0;0;0;0;0;0;0;0;0;0;0;0;0;0;0;0;0;0;0;0;0;0;0;0;0;0;0;0;0;0;0;0;0;0;0;0;0;0;0;0;0;0;0;0;0;0;0;0;0;0;0;0;0;0;0;0;0;0;0;0;0;0;0;0;0;0;0;0;0;0;0;0
COOPERATIVA DE ECONOMIA E CRÉDITO MÚTUO DOS EMPREGADOS DA ALCOA;1.346.674;b3S;I;2;;9;SANTO ANDRE;SP;09/2012;0;0;0;0;0;0;0;0;0;0;0;0;0;0;0;0;0;0;0;0;0;0;0;0;0;0;0;0;0;0;0;0;0;0;0;0;0;0;0;0;0;0;0;0;0;0;0;0;0;0;0;0;0;0;0;0;0;0;0;0;0;0;0;0;0;0;0;0;0;0;0;0;0;0;0;0
COOPERATIVA DE CRÉDITO MÚTUO DOS FUNCIONÁRIOS DA EDITORA GLOBO - CREDGLOBO;1.380.386;b3S;I;2;;9;SAO PAULO;SP;09/2012;0;0;0;0;0;0;0;0;0;0;0;0;0;0;0;0;0;0;0;0;0;0;0;0;0;0;0;0;0;0;0;0;0;0;0;0;0;0;0;0;0;0;0;0;0;0;0;0;0;0;0;0;0;0;0;0;0;0;0;0;0;0;0;0;0;0;0;0;0;0;0;0;0;0;0;0
COOPERATIVA DE ECONOMIA E CRÉDITO MÚTUO DOS FUNCIONÁRIOS DO GRUPO COSAN - BARRACRED COSAN;1.439.107;b3S;I;2;;9;BARRA BONITA;SP;09/2012;0;0;0;0;0;0;0;0;0;0;0;0;0;0;0;0;0;0;0;0;0;0;0;0;0;0;0;0;0;0;0;0;0;0;0;0;0;0;0;0;0;0;0;0;0;0;0;0;0;0;0;0;0;0;0;0;0;0;0;0;0;0;0;0;0;0;0;0;0;0;0;0;0;0;0;0
COOPERATIVA DE ECONOMIA E CRÉDITO MÚTUO DOS FUNCIONÁRIOS DO GRUPO GARDÊNIA LTDA. - COOPERGARDÊNIA;1.499.278;b3S;I;2;;9;POUSO ALEGRE;MG;09/2012;0;0;0;0;0;0;0;0;0;0;0;0;0;0;0;0;0;0;0;0;0;0;0;0;0;0;0;0;0;0;0;0;0;0;0;0;0;0;0;0;0;0;0;0;0;0;0;0;0;0;0;0;0;0;0;0;0;0;0;0;0;0;0;0;0;0;0;0;0;0;0;0;0;0;0;0
COOPERATIVA DE ECONOMIA E CRÉDITO MÚTUO DOS FUNCIONÁRIOS DAS EMPRESAS MELHORAMENTOS DE SÃO PAULO;1.504.952;b3S;I;2;;9;SAO PAULO;SP;09/2012;0;0;0;0;0;0;0;0;0;0;0;0;0;0;0;0;0;0;0;0;0;0;0;0;0;0;0;0;0;0;0;0;0;0;0;0;0;0;0;0;0;0;0;0;0;0;0;0;0;0;0;0;0;0;0;0;0;0;0;0;0;0;0;0;0;0;0;0;0;0;0;0;0;0;0;0
APEMAT CREDITO IMOBILIARIO S.A.;1.507.409;n1;I;2;;31;CAMPO GRANDE;MS;09/2012;0;0;0;0;0;0;0;0;0;0;0;0;0;0;0;0;0;0;0;0;0;0;0;0;0;0;0;0;0;0;0;0;0;0;0;0;0;0;0;0;0;0;0;0;0;0;0;0;0;0;0;0;0;0;0;0;0;0;0;0;0;0;0;0;0;0;0;0;0;0;0;0;0;0;0;0
COOPERATIVA DE ECONOMIA E CRÉDITO MÚTUO DOS FUNCIONÁRIOS DA COMPANHIA PAULISTA DE TRENS METROPOLITANOS;1.530.136;b3S;I;2;;9;OSASCO;SP;09/2012;0;0;0;0;0;0;0;0;0;0;0;0;0;0;0;0;0;0;0;0;0;0;0;0;0;0;0;0;0;0;0;0;0;0;0;0;0;0;0;0;0;0;0;0;0;0;0;0;0;0;0;0;0;0;0;0;0;0;0;0;0;0;0;0;0;0;0;0;0;0;0;0;0;0;0;0
COOPERATIVA DE ECONOMIA E CRÉDITO MÚTUO DOS EMPREGADOS DA ASSOCIAÇÃO DOS FUNCIONÁRIOS PÚBLICOS DO ESTADO DE SÃO PAULO - CREDIAFPESP;1.558.716;b3S;I;2;;9;SAO PAULO;SP;09/2012;0;0;0;0;0;0;0;0;0;0;0;0;0;0;0;0;0;0;0;0;0;0;0;0;0;0;0;0;0;0;0;0;0;0;0;0;0;0;0;0;0;0;0;0;0;0;0;0;0;0;0;0;0;0;0;0;0;0;0;0;0;0;0;0;0;0;0;0;0;0;0;0;0;0;0;0
COOPERATIVA DE CRÉDITO MÚTUO DOS SERVIDORES PÚBLICOS AUTÁRQUICOS E CÂMARA MUNICIPAL DE MAUÁ - MAUACOOPER;1.582.068;b3S;I;2;;9;MAUA;SP;09/2012;0;0;0;0;0;0;0;0;0;0;0;0;0;0;0;0;0;0;0;0;0;0;0;0;0;0;0;0;0;0;0;0;0;0;0;0;0;0;0;0;0;0;0;0;0;0;0;0;0;0;0;0;0;0;0;0;0;0;0;0;0;0;0;0;0;0;0;0;0;0;0;0;0;0;0;0
COOPERFORTE - COOPERATIVA DE ECONOMIA E CRÉDITO MÚTUO DOS FUNCIONÁRIOS DE INSTITUIÇÕES FINANCEIRAS PÚBLICAS FEDERAIS LTDA.;1.658.426;b3S;I;2;;9;BRASILIA;DF;09/2012;0;0;0;0;0;0;0;0;0;0;0;0;0;0;0;0;0;0;0;0;0;0;0;0;0;0;0;0;0;0;0;0;0;0;0;0;0;0;0;0;0;0;0;0;0;0;0;0;0;0;0;0;0;0;0;0;0;0;0;0;0;0;0;0;0;0;0;0;0;0;0;0;0;0;0;0
PORTOCRED S.A. - CREDITO, FINANCIAMENTO E INVESTIMENTO;1.800.019;n1;I;2;;14;PORTO ALEGRE;RS;09/2012;0;0;0;0;0;0;0;0;0;0;0;0;0;0;0;0;0;0;0;0;0;0;0;0;0;0;0;0;0;0;0;0;0;0;0;0;0;0;0;0;0;0;0;0;0;0;0;0;0;0;0;0;0;0;0;0;0;0;0;0;0;0;0;0;0;0;0;0;0;0;0;0;0;0;0;0
COOPERATIVA DE ECONOMIA E CREDITO MUTUO DOS SERVIDORES MUNICIPAIS DO SUL FLUMINENSE LTDA.;1.819.799;b3S;I;2;;9;VOLTA REDONDA;RJ;09/2012;0;0;0;0;0;0;0;0;0;0;0;0;0;0;0;0;0;0;0;0;0;0;0;0;0;0;0;0;0;0;0;0;0;0;0;0;0;0;0;0;0;0;0;0;0;0;0;0;0;0;0;0;0;0;0;0;0;0;0;0;0;0;0;0;0;0;0;0;0;0;0;0;0;0;0;0
COOPERATIVA DE ECONOMIA E CRÉDITO MÚTUO DOS SERVIDORES DO  INSTITUTO NACIONAL DO SEGURO SOCIAL NA PARAÍBA - COOPREV LTDA;1.825.968;b3S;I;2;;9;JOAO PESSOA;PB;09/2012;0;0;0;0;0;0;0;0;0;0;0;0;0;0;0;0;0;0;0;0;0;0;0;0;0;0;0;0;0;0;0;0;0;0;0;0;0;0;0;0;0;0;0;0;0;0;0;0;0;0;0;0;0;0;0;0;0;0;0;0;0;0;0;0;0;0;0;0;0;0;0;0;0;0;0;0
COOPERATIVA ECONOMIA CRÉDITO MÚTUO SERVIDORES E EMPREGADOS MUNIC PREF MUNIC BELO HORIZONTE BETIM BRUMADINHO CONTAGEM IBIRITÉ NOVA LIMA RIBEIRÃO DAS NEVES SABARÁ SANTA LUZIA VESPASIANO SICOOB CREDISERV;1.864.151;b3S;I;2;;9;BELO HORIZONTE;MG;09/2012;0;0;0;0;0;0;0;0;0;0;0;0;0;0;0;0;0;0;0;0;0;0;0;0;0;0;0;0;0;0;0;0;0;0;0;0;0;0;0;0;0;0;0;0;0;0;0;0;0;0;0;0;0;0;0;0;0;0;0;0;0;0;0;0;0;0;0;0;0;0;0;0;0;0;0;0
COOPERATIVA DE ECONOMIA E CRÉDITO MÚTUO DOS TRABALHADORES DA UNIVERSIDADE FEDERAL DE MINAS GERAIS LTDA. - COOPECREMT-UFMG;1.918.144;b3S;I;2;;9;BELO HORIZONTE;MG;09/2012;0;0;0;0;0;0;0;0;0;0;0;0;0;0;0;0;0;0;0;0;0;0;0;0;0;0;0;0;0;0;0;0;0;0;0;0;0;0;0;0;0;0;0;0;0;0;0;0;0;0;0;0;0;0;0;0;0;0;0;0;0;0;0;0;0;0;0;0;0;0;0;0;0;0;0;0
COOPERATIVA DE ECONOMIA E CRÉDITO MÚTUO DOS FUNCIONÁRIOS DA FUNDACAO ZERBINI - COOPINCOR;1.997.612;b3S;I;2;;9;SAO PAULO;SP;09/2012;0;0;0;0;0;0;0;0;0;0;0;0;0;0;0;0;0;0;0;0;0;0;0;0;0;0;0;0;0;0;0;0;0;0;0;0;0;0;0;0;0;0;0;0;0;0;0;0;0;0;0;0;0;0;0;0;0;0;0;0;0;0;0;0;0;0;0;0;0;0;0;0;0;0;0;0
COOPERATIVA DE ECONOMIA E CREDITO MUTUO DOS SERVIDORES DO PODER JUDICIARIO DO ESTADO DO RIO DE JANEIRO LTDA.;2.000.895;b3S;I;2;;9;RIO DE JANEIRO;RJ;09/2012;0;0;0;0;0;0;0;0;0;0;0;0;0;0;0;0;0;0;0;0;0;0;0;0;0;0;0;0;0;0;0;0;0;0;0;0;0;0;0;0;0;0;0;0;0;0;0;0;0;0;0;0;0;0;0;0;0;0;0;0;0;0;0;0;0;0;0;0;0;0;0;0;0;0;0;0
COOPERATIVA DE ECONOMIA E CRÉDITO MÚTUO DOS EMPREGADOS DO GRUPO COLORADO;2.024.442;b3S;I;2;;9;GUAIRA;SP;09/2012;0;0;0;0;0;0;0;0;0;0;0;0;0;0;0;0;0;0;0;0;0;0;0;0;0;0;0;0;0;0;0;0;0;0;0;0;0;0;0;0;0;0;0;0;0;0;0;0;0;0;0;0;0;0;0;0;0;0;0;0;0;0;0;0;0;0;0;0;0;0;0;0;0;0;0;0
COOPERATIVA DE ECONOMIA E CRÉDITO MÚTUO DOS EMPREGADOS DO SISTEMA S DE PERNAMBUCO E DO SEBRAE DE ALAGOAS LTDA. - COOPESPE;2.039.597;b3S;I;2;;9;RECIFE;PE;09/2012;0;0;0;0;0;0;0;0;0;0;0;0;0;0;0;0;0;0;0;0;0;0;0;0;0;0;0;0;0;0;0;0;0;0;0;0;0;0;0;0;0;0;0;0;0;0;0;0;0;0;0;0;0;0;0;0;0;0;0;0;0;0;0;0;0;0;0;0;0;0;0;0;0;0;0;0
COOPERATIVA DE CRÉDITO MÚTUO DOS POLICIAIS FEDERAIS E SERVIDORES DA UNIÃO NO ESPÍRITO SANTO - CREDFEDERAL;2.083.914;b3S;I;2;;9;VILA VELHA;ES;09/2012;0;0;0;0;0;0;0;0;0;0;0;0;0;0;0;0;0;0;0;0;0;0;0;0;0;0;0;0;0;0;0;0;0;0;0;0;0;0;0;0;0;0;0;0;0;0;0;0;0;0;0;0;0;0;0;0;0;0;0;0;0;0;0;0;0;0;0;0;0;0;0;0;0;0;0;0
COOPERATIVA DE CRÉDITO MÚTUO DOS EMPREGADOS DAS LOJAS MAIA -  COOPMAIA LTDA;2.093.154;b3S;I;2;;9;JOAO PESSOA;PB;09/2012;0;0;0;0;0;0;0;0;0;0;0;0;0;0;0;0;0;0;0;0;0;0;0;0;0;0;0;0;0;0;0;0;0;0;0;0;0;0;0;0;0;0;0;0;0;0;0;0;0;0;0;0;0;0;0;0;0;0;0;0;0;0;0;0;0;0;0;0;0;0;0;0;0;0;0;0
COOPERATIVA DE CRÉDITO MÚTUO DOS EMPREGADOS DA PILKINGTON BRASIL;2.104.058;b3S;I;2;;9;CACAPAVA;SP;09/2012;0;0;0;0;0;0;0;0;0;0;0;0;0;0;0;0;0;0;0;0;0;0;0;0;0;0;0;0;0;0;0;0;0;0;0;0;0;0;0;0;0;0;0;0;0;0;0;0;0;0;0;0;0;0;0;0;0;0;0;0;0;0;0;0;0;0;0;0;0;0;0;0;0;0;0;0
COOPERATIVA DE ECONOMIA E CRÉDITO MÚTUO DOS FUNCIONÁRIOS PÚBLICOS MUNICIPAIS DE ITAPIRA;2.115.870;b3S;I;2;;9;ITAPIRA;SP;09/2012;0;0;0;0;0;0;0;0;0;0;0;0;0;0;0;0;0;0;0;0;0;0;0;0;0;0;0;0;0;0;0;0;0;0;0;0;0;0;0;0;0;0;0;0;0;0;0;0;0;0;0;0;0;0;0;0;0;0;0;0;0;0;0;0;0;0;0;0;0;0;0;0;0;0;0;0
COOPERATIVA DE ECONOMIA E CREDITO MUTUO DOS SERVIDORES DOS ORGAOS E ENTIDADES DA AREA DE CIENCIA E   TECNOLOGIA;2.145.770;b3S;I;2;;9;RIO DE JANEIRO;RJ;09/2012;0;0;0;0;0;0;0;0;0;0;0;0;0;0;0;0;0;0;0;0;0;0;0;0;0;0;0;0;0;0;0;0;0;0;0;0;0;0;0;0;0;0;0;0;0;0;0;0;0;0;0;0;0;0;0;0;0;0;0;0;0;0;0;0;0;0;0;0;0;0;0;0;0;0;0;0
COOPERATIVA DE ECONOMIA E CREDITO MUTUO DOS FUNCIONARIOS DA VIACAO NOSSA SENHORA DO AMPARO LTDA. - COPERFAMP;2.192.115;b3S;I;2;;9;MARICA;RJ;09/2012;0;0;0;0;0;0;0;0;0;0;0;0;0;0;0;0;0;0;0;0;0;0;0;0;0;0;0;0;0;0;0;0;0;0;0;0;0;0;0;0;0;0;0;0;0;0;0;0;0;0;0;0;0;0;0;0;0;0;0;0;0;0;0;0;0;0;0;0;0;0;0;0;0;0;0;0
COOPERATIVA DE ECONOMIA E CRÉDITO MÚTUO DOS SERVIDORES DO CORPO DE BOMBEIROS MILITAR DO ESTADO DO PARÁ LTDA. - SICOOB BOMBEIROS;2.202.150;b3S;I;2;;9;BELEM;PA;09/2012;0;0;0;0;0;0;0;0;0;0;0;0;0;0;0;0;0;0;0;0;0;0;0;0;0;0;0;0;0;0;0;0;0;0;0;0;0;0;0;0;0;0;0;0;0;0;0;0;0;0;0;0;0;0;0;0;0;0;0;0;0;0;0;0;0;0;0;0;0;0;0;0;0;0;0;0
COOPERATIVA DE CRÉDITO DOS FUNCIONÁRIOS DAS  SECRETARIAS DA AGRICULTURA, MEIO AMBIENTE E DESENVOLVIMENTO AGRÍCOLA DO ESTADO DE SÃO PAULO - COOPERCERES;2.208.747;b3S;I;2;;9;SAO PAULO;SP;09/2012;0;0;0;0;0;0;0;0;0;0;0;0;0;0;0;0;0;0;0;0;0;0;0;0;0;0;0;0;0;0;0;0;0;0;0;0;0;0;0;0;0;0;0;0;0;0;0;0;0;0;0;0;0;0;0;0;0;0;0;0;0;0;0;0;0;0;0;0;0;0;0;0;0;0;0;0
COOPERATIVA DE ECONOMIA E CRÉDITO MÚTUO DOS EMPREGADOS DOS SUPERMERCADOS RUSSI;2.230.138;b3S;I;2;;9;JUNDIAI;SP;09/2012;0;0;0;0;0;0;0;0;0;0;0;0;0;0;0;0;0;0;0;0;0;0;0;0;0;0;0;0;0;0;0;0;0;0;0;0;0;0;0;0;0;0;0;0;0;0;0;0;0;0;0;0;0;0;0;0;0;0;0;0;0;0;0;0;0;0;0;0;0;0;0;0;0;0;0;0
COOPERATIVA DE ECONOMIA E CRÉDITO MÚTUO DOS EMPREGADOS DO GRUPO SBF LTDA.;2.232.228;b3S;I;2;;9;SAO PAULO;SP;09/2012;0;0;0;0;0;0;0;0;0;0;0;0;0;0;0;0;0;0;0;0;0;0;0;0;0;0;0;0;0;0;0;0;0;0;0;0;0;0;0;0;0;0;0;0;0;0;0;0;0;0;0;0;0;0;0;0;0;0;0;0;0;0;0;0;0;0;0;0;0;0;0;0;0;0;0;0
COOPERATIVA DE ECONOMIA E CRÉDITO MÚTUO DOS SERVIDORES DA UNIVERSIDADE ESTADUAL DE CAMPINAS - COOPERUNICAMP;2.285.107;b3S;I;2;;9;CAMPINAS;SP;09/2012;0;0;0;0;0;0;0;0;0;0;0;0;0;0;0;0;0;0;0;0;0;0;0;0;0;0;0;0;0;0;0;0;0;0;0;0;0;0;0;0;0;0;0;0;0;0;0;0;0;0;0;0;0;0;0;0;0;0;0;0;0;0;0;0;0;0;0;0;0;0;0;0;0;0;0;0
COOPERATIVA DE ECONOMIA E CRÉDITO MÚTUO DOS FUNCIONÁRIOS DO RÁPIDO LUXO CAMPINAS;2.312.896;b3S;I;2;;9;VALINHOS;SP;09/2012;0;0;0;0;0;0;0;0;0;0;0;0;0;0;0;0;0;0;0;0;0;0;0;0;0;0;0;0;0;0;0;0;0;0;0;0;0;0;0;0;0;0;0;0;0;0;0;0;0;0;0;0;0;0;0;0;0;0;0;0;0;0;0;0;0;0;0;0;0;0;0;0;0;0;0;0
COOPERATIVA DE ECONOMIA E CRÉDITO MÚTUO DOS FUNCIONÁRIOS DAS INSTITUIÇÕES DE SERVIÇO SOCIAL AUTÔNOMOEM MANAUS LTDA.;2.321.862;b3S;I;2;;9;MANAUS;AM;09/2012;0;0;0;0;0;0;0;0;0;0;0;0;0;0;0;0;0;0;0;0;0;0;0;0;0;0;0;0;0;0;0;0;0;0;0;0;0;0;0;0;0;0;0;0;0;0;0;0;0;0;0;0;0;0;0;0;0;0;0;0;0;0;0;0;0;0;0;0;0;0;0;0;0;0;0;0
COOPERATIVA DE ECONOMIA E CREDITO MUTUO DOS EMPREGADOS DO COLEGIO SANTO INACIO - COESI;2.447.184;b3S;I;2;;9;RIO DE JANEIRO;RJ;09/2012;0;0;0;0;0;0;0;0;0;0;0;0;0;0;0;0;0;0;0;0;0;0;0;0;0;0;0;0;0;0;0;0;0;0;0;0;0;0;0;0;0;0;0;0;0;0;0;0;0;0;0;0;0;0;0;0;0;0;0;0;0;0;0;0;0;0;0;0;0;0;0;0;0;0;0;0
COOPERATIVA DE CRÉDITO DOS FUNCIONÁRIOS DA TORTUGA;2.498.151;b3S;I;2;;9;SAO PAULO;SP;09/2012;0;0;0;0;0;0;0;0;0;0;0;0;0;0;0;0;0;0;0;0;0;0;0;0;0;0;0;0;0;0;0;0;0;0;0;0;0;0;0;0;0;0;0;0;0;0;0;0;0;0;0;0;0;0;0;0;0;0;0;0;0;0;0;0;0;0;0;0;0;0;0;0;0;0;0;0
COOPERATIVA DE ECONOMIA E CRÉDITO MÚTUO DOS FUNCIONÁRIOS DA BULK MOLDING COMPOUNDS DO BRASIL INDÚSTRIA DE PLÁSTICOS REFORÇADOS;2.541.707;b3S;I;2;;9;RIO CLARO;SP;09/2012;0;0;0;0;0;0;0;0;0;0;0;0;0;0;0;0;0;0;0;0;0;0;0;0;0;0;0;0;0;0;0;0;0;0;0;0;0;0;0;0;0;0;0;0;0;0;0;0;0;0;0;0;0;0;0;0;0;0;0;0;0;0;0;0;0;0;0;0;0;0;0;0;0;0;0;0
COOPERATIVA DE ECONOMIA E CRÉDITO MÚTUO DOS FUNCIONÁRIOS DO GRUPO SÃO MARTINHO - USICRED;2.562.412;b3S;I;2;;9;PRADOPOLIS;SP;09/2012;0;0;0;0;0;0;0;0;0;0;0;0;0;0;0;0;0;0;0;0;0;0;0;0;0;0;0;0;0;0;0;0;0;0;0;0;0;0;0;0;0;0;0;0;0;0;0;0;0;0;0;0;0;0;0;0;0;0;0;0;0;0;0;0;0;0;0;0;0;0;0;0;0;0;0;0
COOPERATIVA DE ECONOMIA E CRÉDITO MÚTUO DOS COLABORADORES DA UNIÃO BRASILEIRA DE EDUCAÇÃO E ENSINO & UNIÃO NORTE BRASILEIRA DE EDUCAÇÃO E CULTURA LTDA.;2.588.819;b3S;I;2;;9;BELO HORIZONTE;MG;09/2012;0;0;0;0;0;0;0;0;0;0;0;0;0;0;0;0;0;0;0;0;0;0;0;0;0;0;0;0;0;0;0;0;0;0;0;0;0;0;0;0;0;0;0;0;0;0;0;0;0;0;0;0;0;0;0;0;0;0;0;0;0;0;0;0;0;0;0;0;0;0;0;0;0;0;0;0
CECM SERV MIN PLANEJAMENTO, ORÇAMENTO E GESTÃO, EDUCAÇÃO, DESENV INDÚSTRIA COMÉRCIO EXTERIOR, INTEGRAÇÃO NACIONAL, COMUNICAÇÕES, CIDADES, DESENV SOCIAL COMBATE FOME E PRES REPUBLICA SICOOB COOPERPLAN;2.674.113;b3S;I;2;;9;BRASILIA;DF;09/2012;0;0;0;0;0;0;0;0;0;0;0;0;0;0;0;0;0;0;0;0;0;0;0;0;0;0;0;0;0;0;0;0;0;0;0;0;0;0;0;0;0;0;0;0;0;0;0;0;0;0;0;0;0;0;0;0;0;0;0;0;0;0;0;0;0;0;0;0;0;0;0;0;0;0;0;0
COOPERATIVA DE CRÉDITO DOS EMPREGADOS DA CIMPOR BRASIL;2.721.419;b3S;I;2;;9;SAO PAULO;SP;09/2012;0;0;0;0;0;0;0;0;0;0;0;0;0;0;0;0;0;0;0;0;0;0;0;0;0;0;0;0;0;0;0;0;0;0;0;0;0;0;0;0;0;0;0;0;0;0;0;0;0;0;0;0;0;0;0;0;0;0;0;0;0;0;0;0;0;0;0;0;0;0;0;0;0;0;0;0
COOPSERJ - COOPERATIVA DE CRÉDITO MÚTUO DOS SERVIDORES PÚBLICOS DO PODER EXECUTIVO DO ESTADO DO RIO DE JANEIRO LTDA.;2.723.075;b3S;I;2;;9;RIO DE JANEIRO;RJ;09/2012;0;0;0;0;0;0;0;0;0;0;0;0;0;0;0;0;0;0;0;0;0;0;0;0;0;0;0;0;0;0;0;0;0;0;0;0;0;0;0;0;0;0;0;0;0;0;0;0;0;0;0;0;0;0;0;0;0;0;0;0;0;0;0;0;0;0;0;0;0;0;0;0;0;0;0;0
COOPERATIVA DE ECONOMIA E CRÉDITO MÚTUO DOS EMPREGADOS DA FUNDAÇÃO ARTHUR BERNARDES LTDA. - COOFAB;2.738.981;b3S;I;2;;9;VICOSA;MG;09/2012;0;0;0;0;0;0;0;0;0;0;0;0;0;0;0;0;0;0;0;0;0;0;0;0;0;0;0;0;0;0;0;0;0;0;0;0;0;0;0;0;0;0;0;0;0;0;0;0;0;0;0;0;0;0;0;0;0;0;0;0;0;0;0;0;0;0;0;0;0;0;0;0;0;0;0;0
COOPERATIVA DE ECONOMIA E CREDITO MUTUO DOS FUNCIONARIOS DO GRUPO HELIO ALONSO-COOPERHA-LTDA;2.786.691;b3S;I;2;;9;RIO DE JANEIRO;RJ;09/2012;0;0;0;0;0;0;0;0;0;0;0;0;0;0;0;0;0;0;0;0;0;0;0;0;0;0;0;0;0;0;0;0;0;0;0;0;0;0;0;0;0;0;0;0;0;0;0;0;0;0;0;0;0;0;0;0;0;0;0;0;0;0;0;0;0;0;0;0;0;0;0;0;0;0;0;0
COOPERATIVA DE ECONOMIA E CRÉDITO MÚTUO DOS SERVIDORES DA UNIVERSIDADE FEDERAL DE VIÇOSA LTDA. - SICOOB UFVCREDI;2.794.761;b3S;I;2;;9;VICOSA;MG;09/2012;0;0;0;0;0;0;0;0;0;0;0;0;0;0;0;0;0;0;0;0;0;0;0;0;0;0;0;0;0;0;0;0;0;0;0;0;0;0;0;0;0;0;0;0;0;0;0;0;0;0;0;0;0;0;0;0;0;0;0;0;0;0;0;0;0;0;0;0;0;0;0;0;0;0;0;0
COOPERATIVA DE ECONOMIA E CRÉDITO MÚTUO DOS EMPREGADOS DA MERCK SHARP E DOHME FARMACEUTICA -  COOPERMERCK;2.814.832;b3S;I;2;;9;SAO PAULO;SP;09/2012;0;0;0;0;0;0;0;0;0;0;0;0;0;0;0;0;0;0;0;0;0;0;0;0;0;0;0;0;0;0;0;0;0;0;0;0;0;0;0;0;0;0;0;0;0;0;0;0;0;0;0;0;0;0;0;0;0;0;0;0;0;0;0;0;0;0;0;0;0;0;0;0;0;0;0;0
COOPERATIVA DE ECONOMIA E CREDITO MUTUO DOS FUNCIONARIOS DA EVANIL - COOFE;2.825.208;b3S;I;2;;9;NOVA IGUACU;RJ;09/2012;0;0;0;0;0;0;0;0;0;0;0;0;0;0;0;0;0;0;0;0;0;0;0;0;0;0;0;0;0;0;0;0;0;0;0;0;0;0;0;0;0;0;0;0;0;0;0;0;0;0;0;0;0;0;0;0;0;0;0;0;0;0;0;0;0;0;0;0;0;0;0;0;0;0;0;0
COOPERATIVA DE ECONOMIA E CRÉDITO MÚTUO DOS  EMPREGADOS DO BANCO DA AMAZÔNIA;2.827.982;b3S;I;2;;9;BELEM;PA;09/2012;0;0;0;0;0;0;0;0;0;0;0;0;0;0;0;0;0;0;0;0;0;0;0;0;0;0;0;0;0;0;0;0;0;0;0;0;0;0;0;0;0;0;0;0;0;0;0;0;0;0;0;0;0;0;0;0;0;0;0;0;0;0;0;0;0;0;0;0;0;0;0;0;0;0;0;0
COOPERATIVA DE ECONOMIA E CRÉDITO MÚTUO DOS FUNCIONÁRIOS DA FUNDACAO EDUCACIONAL DE BARRETOS - COOPERFEB;2.846.074;b3S;I;2;;9;BARRETOS;SP;09/2012;0;0;0;0;0;0;0;0;0;0;0;0;0;0;0;0;0;0;0;0;0;0;0;0;0;0;0;0;0;0;0;0;0;0;0;0;0;0;0;0;0;0;0;0;0;0;0;0;0;0;0;0;0;0;0;0;0;0;0;0;0;0;0;0;0;0;0;0;0;0;0;0;0;0;0;0
COOPERATIVA DE ECONOMIA E CREDITO MUTUO DOS TRABALHADORES EM CONSELHOS DE FISCALIZACAO PROFISSIONAL NO MUNICIPIO DO RIO DE JANEIRO LTDA.;2.850.075;b3S;I;2;;9;RIO DE JANEIRO;RJ;09/2012;0;0;0;0;0;0;0;0;0;0;0;0;0;0;0;0;0;0;0;0;0;0;0;0;0;0;0;0;0;0;0;0;0;0;0;0;0;0;0;0;0;0;0;0;0;0;0;0;0;0;0;0;0;0;0;0;0;0;0;0;0;0;0;0;0;0;0;0;0;0;0;0;0;0;0;0
COOPERATIVA DE ECONOMIA E CREDITO MUTUO DOS FUNCIONARIOS DE INSTITUICOES FINANCEIRAS PUBLICAS NO ESTADO DO ESPIRITO SANTO - CREDBRASIL-ES;2.869.663;b3S;I;2;;9;VITORIA;ES;09/2012;0;0;0;0;0;0;0;0;0;0;0;0;0;0;0;0;0;0;0;0;0;0;0;0;0;0;0;0;0;0;0;0;0;0;0;0;0;0;0;0;0;0;0;0;0;0;0;0;0;0;0;0;0;0;0;0;0;0;0;0;0;0;0;0;0;0;0;0;0;0;0;0;0;0;0;0
COOPERATIVA DE ECONOMIA E CRÉDITO MÚTUO DOS SERVIDORES DO INSTITUTO BRASILEIRO DO MEIO AMBIENTE E DOS RECURSOS NATURAIS RENOVÁVEIS - SICOOB CREDIBAMA;2.895.102;b3S;I;2;;9;BRASILIA;DF;09/2012;0;0;0;0;0;0;0;0;0;0;0;0;0;0;0;0;0;0;0;0;0;0;0;0;0;0;0;0;0;0;0;0;0;0;0;0;0;0;0;0;0;0;0;0;0;0;0;0;0;0;0;0;0;0;0;0;0;0;0;0;0;0;0;0;0;0;0;0;0;0;0;0;0;0;0;0
COOPERATIVA DE ECONOMIA E CREDITO MUTUO DOS SERVIDORES DO COLEGIO PEDRO II;2.910.387;b3S;I;2;;9;RIO DE JANEIRO;RJ;09/2012;0;0;0;0;0;0;0;0;0;0;0;0;0;0;0;0;0;0;0;0;0;0;0;0;0;0;0;0;0;0;0;0;0;0;0;0;0;0;0;0;0;0;0;0;0;0;0;0;0;0;0;0;0;0;0;0;0;0;0;0;0;0;0;0;0;0;0;0;0;0;0;0;0;0;0;0
COOPERATIVA DE ECONOMIA E CREDITO MUTUO DOS FUNCIONARIOS DO GRUPO PROGRESSO LTDA - PROCRED;2.931.166;b3S;I;2;;9;TRES RIOS;RJ;09/2012;0;0;0;0;0;0;0;0;0;0;0;0;0;0;0;0;0;0;0;0;0;0;0;0;0;0;0;0;0;0;0;0;0;0;0;0;0;0;0;0;0;0;0;0;0;0;0;0;0;0;0;0;0;0;0;0;0;0;0;0;0;0;0;0;0;0;0;0;0;0;0;0;0;0;0;0
COOPERATIVA DE CREDITO RURAL COM INTERACAO SOLIDARIA DE MANGUEIRINHA - CRESOL MANGUEIRINHA;2.961.072;b3S;I;2;;9;MANGUEIRINHA;PR;09/2012;0;0;0;0;0;0;0;0;0;0;0;0;0;0;0;0;0;0;0;0;0;0;0;0;0;0;0;0;0;0;0;0;0;0;0;0;0;0;0;0;0;0;0;0;0;0;0;0;0;0;0;0;0;0;0;0;0;0;0;0;0;0;0;0;0;0;0;0;0;0;0;0;0;0;0;0
COOPERATIVA DE ECONOMIA E CREDITO MUTUO DOS SERVIDORES DOS ORGAOS DO MINISTERIO DA SAUDE NO ESTADO DO RIO DE JANEIRO - CREDISAU;2.966.385;b3S;I;2;;9;RIO DE JANEIRO;RJ;09/2012;0;0;0;0;0;0;0;0;0;0;0;0;0;0;0;0;0;0;0;0;0;0;0;0;0;0;0;0;0;0;0;0;0;0;0;0;0;0;0;0;0;0;0;0;0;0;0;0;0;0;0;0;0;0;0;0;0;0;0;0;0;0;0;0;0;0;0;0;0;0;0;0;0;0;0;0
COOPERATIVA DE CRÉDITO DOS FUNCIONÁRIOS DO MINISTÉRIO DA FAZENDA - COOPERMINF;3.002.199;b3S;I;2;;9;SAO PAULO;SP;09/2012;0;0;0;0;0;0;0;0;0;0;0;0;0;0;0;0;0;0;0;0;0;0;0;0;0;0;0;0;0;0;0;0;0;0;0;0;0;0;0;0;0;0;0;0;0;0;0;0;0;0;0;0;0;0;0;0;0;0;0;0;0;0;0;0;0;0;0;0;0;0;0;0;0;0;0;0
COOPERATIVA DE ECONOMIA E CREDITO MUTUO DOS EMPREGADOS EM ESTABELECIMENTOS PRIVADOS DE ENSINO DO MUNICIPIO DO RIO DE JANEIRO LTDA.;3.011.222;b3S;I;2;;9;RIO DE JANEIRO;RJ;09/2012;0;0;0;0;0;0;0;0;0;0;0;0;0;0;0;0;0;0;0;0;0;0;0;0;0;0;0;0;0;0;0;0;0;0;0;0;0;0;0;0;0;0;0;0;0;0;0;0;0;0;0;0;0;0;0;0;0;0;0;0;0;0;0;0;0;0;0;0;0;0;0;0;0;0;0;0
COOPERATIVA DE ECONOMIA E CRÉDITO MÚTUO DOS FUNCIONÁRIOS DA ASSOCIAÇÃO RESIDENCIAL E EMPRESARIAL ALPHAVILLE;3.058.603;b3S;I;2;;9;BARUERI;SP;09/2012;0;0;0;0;0;0;0;0;0;0;0;0;0;0;0;0;0;0;0;0;0;0;0;0;0;0;0;0;0;0;0;0;0;0;0;0;0;0;0;0;0;0;0;0;0;0;0;0;0;0;0;0;0;0;0;0;0;0;0;0;0;0;0;0;0;0;0;0;0;0;0;0;0;0;0;0
COOPERATIVA DE ECONOMIA E CRÉDITO MÚTUO DOS SERVIDORES PÚBLICOS DO ESTADO DE SÃO PAULO - CREDIPAULISTA;3.139.644;b3S;I;2;;9;SAO PAULO;SP;09/2012;0;0;0;0;0;0;0;0;0;0;0;0;0;0;0;0;0;0;0;0;0;0;0;0;0;0;0;0;0;0;0;0;0;0;0;0;0;0;0;0;0;0;0;0;0;0;0;0;0;0;0;0;0;0;0;0;0;0;0;0;0;0;0;0;0;0;0;0;0;0;0;0;0;0;0;0
COOPERATIVA DE ECONOMIA E CREDITO MUTUO DOS FUNCIONARIOS DA SANEPAR - CREDISANEPAR;3.165.497;b3S;I;2;;9;CASCAVEL;PR;09/2012;0;0;0;0;0;0;0;0;0;0;0;0;0;0;0;0;0;0;0;0;0;0;0;0;0;0;0;0;0;0;0;0;0;0;0;0;0;0;0;0;0;0;0;0;0;0;0;0;0;0;0;0;0;0;0;0;0;0;0;0;0;0;0;0;0;0;0;0;0;0;0;0;0;0;0;0
COOPERATIVA DE ECONOMIA E CRÉDITO MÚTUO DOS FUNCIONÁRIOS DO BANESPA DE BOTUCATU E CIDADES LIMÍTROFES;3.219.207;b3S;I;2;;9;BOTUCATU;SP;09/2012;0;0;0;0;0;0;0;0;0;0;0;0;0;0;0;0;0;0;0;0;0;0;0;0;0;0;0;0;0;0;0;0;0;0;0;0;0;0;0;0;0;0;0;0;0;0;0;0;0;0;0;0;0;0;0;0;0;0;0;0;0;0;0;0;0;0;0;0;0;0;0;0;0;0;0;0
COOPERATIVA DE ECONOMIA E CRÉDITO MÚTUO DOS EMPREGADOS DA EMPRESA SUPERMERCADOS JAU SERVE - COOPERJS;3.400.651;b3S;I;2;;9;JAU;SP;09/2012;0;0;0;0;0;0;0;0;0;0;0;0;0;0;0;0;0;0;0;0;0;0;0;0;0;0;0;0;0;0;0;0;0;0;0;0;0;0;0;0;0;0;0;0;0;0;0;0;0;0;0;0;0;0;0;0;0;0;0;0;0;0;0;0;0;0;0;0;0;0;0;0;0;0;0;0
COOPERATIVA DE CRÉDITO DOS BANCÁRIOS DE SÃO PAULO E MUNICÍPIOS LIMÍTROFES;3.422.007;b3S;I;2;;9;SAO PAULO;SP;09/2012;0;0;0;0;0;0;0;0;0;0;0;0;0;0;0;0;0;0;0;0;0;0;0;0;0;0;0;0;0;0;0;0;0;0;0;0;0;0;0;0;0;0;0;0;0;0;0;0;0;0;0;0;0;0;0;0;0;0;0;0;0;0;0;0;0;0;0;0;0;0;0;0;0;0;0;0
COOPERATIVA DE CRÉDITO MÚTUO DOS FUNCIONÁRIOS DA USINA SANTA CRUZ - COPACRED;3.480.988;b3S;I;2;;9;AMERICO BRASILIENSE;SP;09/2012;0;0;0;0;0;0;0;0;0;0;0;0;0;0;0;0;0;0;0;0;0;0;0;0;0;0;0;0;0;0;0;0;0;0;0;0;0;0;0;0;0;0;0;0;0;0;0;0;0;0;0;0;0;0;0;0;0;0;0;0;0;0;0;0;0;0;0;0;0;0;0;0;0;0;0;0
COOPERATIVA DE ECONOMIA E CRÉDITO MÚTUO DOS SERVIDORES DO PODER EXECUTIVO FEDERAL DO ESTADO DE RONDÔNIA - CREDIFORTE;3.497.143;b3S;I;2;;9;PORTO VELHO;RO;09/2012;0;0;0;0;0;0;0;0;0;0;0;0;0;0;0;0;0;0;0;0;0;0;0;0;0;0;0;0;0;0;0;0;0;0;0;0;0;0;0;0;0;0;0;0;0;0;0;0;0;0;0;0;0;0;0;0;0;0;0;0;0;0;0;0;0;0;0;0;0;0;0;0;0;0;0;0
COOPERATIVA DE ECONOMIA E CRÉDITO MÚTUO DOS EMPREGADOS DAS EMPRESAS METALÚRGICAS DE OSASCO E REGIÃO - CREDMETAL;3.535.065;b3S;I;2;;9;OSASCO;SP;09/2012;0;0;0;0;0;0;0;0;0;0;0;0;0;0;0;0;0;0;0;0;0;0;0;0;0;0;0;0;0;0;0;0;0;0;0;0;0;0;0;0;0;0;0;0;0;0;0;0;0;0;0;0;0;0;0;0;0;0;0;0;0;0;0;0;0;0;0;0;0;0;0;0;0;0;0;0
COOPERATIVA DE CRÉDITO MÚTUO DOS SERVIDORES PÚBLICOS MUNICIPAIS DE SÃO BERNARDO DO CAMPO - CREDIABC;3.612.679;b3S;I;2;;9;SAO BERNARDO DO CAMPO;SP;09/2012;0;0;0;0;0;0;0;0;0;0;0;0;0;0;0;0;0;0;0;0;0;0;0;0;0;0;0;0;0;0;0;0;0;0;0;0;0;0;0;0;0;0;0;0;0;0;0;0;0;0;0;0;0;0;0;0;0;0;0;0;0;0;0;0;0;0;0;0;0;0;0;0;0;0;0;0
COOPERATIVA DE CRÉDITO DOS FUNCIONÁRIOS DO GRUPO PPG;3.657.230;b3S;I;2;;9;SUMARE;SP;09/2012;0;0;0;0;0;0;0;0;0;0;0;0;0;0;0;0;0;0;0;0;0;0;0;0;0;0;0;0;0;0;0;0;0;0;0;0;0;0;0;0;0;0;0;0;0;0;0;0;0;0;0;0;0;0;0;0;0;0;0;0;0;0;0;0;0;0;0;0;0;0;0;0;0;0;0;0
COOPERATIVA DE ECONOMIA E CREDITO MUTUO DOS INTEGRANTES DO MINISTERIO PUBLICO DO RIO GRANDE DO SUL - SICREDI MP;3.662.047;b3S;I;2;;9;PORTO ALEGRE;RS;09/2012;0;0;0;0;0;0;0;0;0;0;0;0;0;0;0;0;0;0;0;0;0;0;0;0;0;0;0;0;0;0;0;0;0;0;0;0;0;0;0;0;0;0;0;0;0;0;0;0;0;0;0;0;0;0;0;0;0;0;0;0;0;0;0;0;0;0;0;0;0;0;0;0;0;0;0;0
COOPERATIVA DE CRÉDITO MÚTUO DOS EMPREGADOS EM INSTITUIÇÕES DO SISTEMA FINANCEIRO NAS REGIÕES DE SÃO PAULO E CAMPINAS (SP) - CREDISCOOP;3.674.133;b3S;I;2;;9;SAO PAULO;SP;09/2012;0;0;0;0;0;0;0;0;0;0;0;0;0;0;0;0;0;0;0;0;0;0;0;0;0;0;0;0;0;0;0;0;0;0;0;0;0;0;0;0;0;0;0;0;0;0;0;0;0;0;0;0;0;0;0;0;0;0;0;0;0;0;0;0;0;0;0;0;0;0;0;0;0;0;0;0
COOPERATIVA DE ECONOMIA E CRÉDITO MÚTUO DOS EMPREGADOS DA UNIFI - CREDIUNIFI;3.685.335;b3S;I;2;;9;SAO PAULO;SP;09/2012;0;0;0;0;0;0;0;0;0;0;0;0;0;0;0;0;0;0;0;0;0;0;0;0;0;0;0;0;0;0;0;0;0;0;0;0;0;0;0;0;0;0;0;0;0;0;0;0;0;0;0;0;0;0;0;0;0;0;0;0;0;0;0;0;0;0;0;0;0;0;0;0;0;0;0;0
COOPERATIVA DE ECONOMIA E CREDITO MUTUO DOS TRABALHADORES PORTUARIOS DA GRANDE VITORIA - CREDESTIVA.;3.844.699;b3S;I;2;;9;VITORIA;ES;09/2012;0;0;0;0;0;0;0;0;0;0;0;0;0;0;0;0;0;0;0;0;0;0;0;0;0;0;0;0;0;0;0;0;0;0;0;0;0;0;0;0;0;0;0;0;0;0;0;0;0;0;0;0;0;0;0;0;0;0;0;0;0;0;0;0;0;0;0;0;0;0;0;0;0;0;0;0
ALPES CORRETORA DE CÂMBIO, TÍTULOS E VALORES MOBILIÁRIOS S.A.;3.882.245;n2;I;2;;15;SAO PAULO;SP;09/2012;0;0;0;0;0;0;0;0;0;0;0;0;0;0;0;0;0;0;0;0;0;0;0;0;0;0;0;0;0;0;0;0;0;0;0;0;0;0;0;0;0;0;0;0;0;0;0;0;0;0;0;0;0;0;0;0;0;0;0;0;0;0;0;0;0;0;0;0;0;0;0;0;0;0;0;0
COOPERATIVA DE ECONOMIA E CREDITO MUTUO DOS EMPREGADOS IND.ALIMENTACAO REG.GRDE.VITORIA EST.ES-CREDI-ALIMENTO;3.973.743;b3S;I;2;;9;VITORIA;ES;09/2012;0;0;0;0;0;0;0;0;0;0;0;0;0;0;0;0;0;0;0;0;0;0;0;0;0;0;0;0;0;0;0;0;0;0;0;0;0;0;0;0;0;0;0;0;0;0;0;0;0;0;0;0;0;0;0;0;0;0;0;0;0;0;0;0;0;0;0;0;0;0;0;0;0;0;0;0
COOPERATIVA DE ECONOMIA E CREDITO MUTUO DOS SERVIDORES PUBLICOS MUNICIPAIS DE PORTO ALEGRE;3.990.888;b3S;I;2;;9;PORTO ALEGRE;RS;09/2012;0;0;0;0;0;0;0;0;0;0;0;0;0;0;0;0;0;0;0;0;0;0;0;0;0;0;0;0;0;0;0;0;0;0;0;0;0;0;0;0;0;0;0;0;0;0;0;0;0;0;0;0;0;0;0;0;0;0;0;0;0;0;0;0;0;0;0;0;0;0;0;0;0;0;0;0
COOPERATIVA DE ECONOMIA E CRÉDITO MÚTUO DOS SERVIDORES DA POLÍCIA MILITAR DO ESTADO DE SÃO PAULO DA REGIÃO CENTRO-OESTE PAULISTA - CREDMIL;4.152.107;b3S;I;2;;9;BAURU;SP;09/2012;0;0;0;0;0;0;0;0;0;0;0;0;0;0;0;0;0;0;0;0;0;0;0;0;0;0;0;0;0;0;0;0;0;0;0;0;0;0;0;0;0;0;0;0;0;0;0;0;0;0;0;0;0;0;0;0;0;0;0;0;0;0;0;0;0;0;0;0;0;0;0;0;0;0;0;0
COOPERATIVA DE ECONOMIA E CRÉDITO MÚTUO DOS BANCÁRIOS DE JUIZ DE FORA LTDA. - COCBAN;4.158.581;b3S;I;2;;9;JUIZ DE FORA;MG;09/2012;0;0;0;0;0;0;0;0;0;0;0;0;0;0;0;0;0;0;0;0;0;0;0;0;0;0;0;0;0;0;0;0;0;0;0;0;0;0;0;0;0;0;0;0;0;0;0;0;0;0;0;0;0;0;0;0;0;0;0;0;0;0;0;0;0;0;0;0;0;0;0;0;0;0;0;0
JBCRED S/A SOCIEDADE DE CRÉDITO AO MICROEMPREENDEDOR;4.230.630;n1;I;2;;10;SAO PAULO;SP;09/2012;0;0;0;0;0;0;0;0;0;0;0;0;0;0;0;0;0;0;0;0;0;0;0;0;0;0;0;0;0;0;0;0;0;0;0;0;0;0;0;0;0;0;0;0;0;0;0;0;0;0;0;0;0;0;0;0;0;0;0;0;0;0;0;0;0;0;0;0;0;0;0;0;0;0;0;0
COOPERATIVA DE ECONOMIA E CRÉDITO MÚTUO DOS EMPREGADOS DA TEKSID DO BRASIL LTDA., E NEMAK ALUMÍNIO DO BRASIL LTDA.;4.249.235;b3S;I;2;;9;BETIM;MG;09/2012;0;0;0;0;0;0;0;0;0;0;0;0;0;0;0;0;0;0;0;0;0;0;0;0;0;0;0;0;0;0;0;0;0;0;0;0;0;0;0;0;0;0;0;0;0;0;0;0;0;0;0;0;0;0;0;0;0;0;0;0;0;0;0;0;0;0;0;0;0;0;0;0;0;0;0;0
COOPERATIVA DE ECONOMIA E CRÉDITO MÚTUO DOS SERVIDORES ESTATUTÁRIOS CIVIS DO PODER EXECUTIVO DO ESTADO DA BAHIA LTDA - SICOOB CRED EXECUTIVO;4.321.309;b3S;I;2;;9;SALVADOR;BA;09/2012;0;0;0;0;0;0;0;0;0;0;0;0;0;0;0;0;0;0;0;0;0;0;0;0;0;0;0;0;0;0;0;0;0;0;0;0;0;0;0;0;0;0;0;0;0;0;0;0;0;0;0;0;0;0;0;0;0;0;0;0;0;0;0;0;0;0;0;0;0;0;0;0;0;0;0;0
COOPERATIVA DE ECONOMIA E CREDITO MUTUO DOS MAGISTRADOS, MEMBROS DO MINISTÉRIO PÚBLICO E PROFISSIONAIS DO DIREITO CATARINENSES LTDA - COOMARCA;4.355.489;b3S;I;2;;9;FLORIANOPOLIS;SC;09/2012;0;0;0;0;0;0;0;0;0;0;0;0;0;0;0;0;0;0;0;0;0;0;0;0;0;0;0;0;0;0;0;0;0;0;0;0;0;0;0;0;0;0;0;0;0;0;0;0;0;0;0;0;0;0;0;0;0;0;0;0;0;0;0;0;0;0;0;0;0;0;0;0;0;0;0;0
COOPERATIVA DE CRÉDITO MÚTUO DOS FUNCIONÁRIOS DO GRUPO ABC - COOPER 7;4.414.354;b3S;I;2;;9;SAO BERNARDO DO CAMPO;SP;09/2012;0;0;0;0;0;0;0;0;0;0;0;0;0;0;0;0;0;0;0;0;0;0;0;0;0;0;0;0;0;0;0;0;0;0;0;0;0;0;0;0;0;0;0;0;0;0;0;0;0;0;0;0;0;0;0;0;0;0;0;0;0;0;0;0;0;0;0;0;0;0;0;0;0;0;0;0
COOPERATIVA DE ECONOMIA E CRÉDITO MÚTUO DOS TRABALHADORES DA COOPER STANDARD AUTOMOTIVE BRASIL SEALING LTDA. E FLUID SYSTEMS LTDA.;4.464.352;b3S;I;2;;9;VARGINHA;MG;09/2012;0;0;0;0;0;0;0;0;0;0;0;0;0;0;0;0;0;0;0;0;0;0;0;0;0;0;0;0;0;0;0;0;0;0;0;0;0;0;0;0;0;0;0;0;0;0;0;0;0;0;0;0;0;0;0;0;0;0;0;0;0;0;0;0;0;0;0;0;0;0;0;0;0;0;0;0
COOPERATIVA DE ECONOMIA E CRÉDITO MÚTUO DOS MEMBROS DO MINISTÉRIO PÚBLICO DE SÃO PAULO - PROMOCRED;4.478.231;b3S;I;2;;9;SAO PAULO;SP;09/2012;0;0;0;0;0;0;0;0;0;0;0;0;0;0;0;0;0;0;0;0;0;0;0;0;0;0;0;0;0;0;0;0;0;0;0;0;0;0;0;0;0;0;0;0;0;0;0;0;0;0;0;0;0;0;0;0;0;0;0;0;0;0;0;0;0;0;0;0;0;0;0;0;0;0;0;0
COOPERATIVA DE CRÉDITO RURAL DA AGRICULTURA FAMILIAR E ECONOMIA SOLIDÁRIA DE ORIZONA - GO;4.490.531;b3S;I;2;;9;ORIZONA;GO;09/2012;0;0;0;0;0;0;0;0;0;0;0;0;0;0;0;0;0;0;0;0;0;0;0;0;0;0;0;0;0;0;0;0;0;0;0;0;0;0;0;0;0;0;0;0;0;0;0;0;0;0;0;0;0;0;0;0;0;0;0;0;0;0;0;0;0;0;0;0;0;0;0;0;0;0;0;0
COOPERATIVA DE ECONOMIA E CREDITO MUTUO DOS EMPREGADOS DO PRO-CARDIACO-PRO-CREDITO LTDA;4.569.742;b3S;I;2;;9;RIO DE JANEIRO;RJ;09/2012;0;0;0;0;0;0;0;0;0;0;0;0;0;0;0;0;0;0;0;0;0;0;0;0;0;0;0;0;0;0;0;0;0;0;0;0;0;0;0;0;0;0;0;0;0;0;0;0;0;0;0;0;0;0;0;0;0;0;0;0;0;0;0;0;0;0;0;0;0;0;0;0;0;0;0;0
COOPERATIVA DE CRÉDITO MÚTUO DOS SERVIDORES PÚBLICOS DA ESTÂNCIA TURÍSTICA DE RIBEIRÃO PIRES - CREDIRP;4.587.402;b3S;I;2;;9;RIBEIRAO PIRES;SP;09/2012;0;0;0;0;0;0;0;0;0;0;0;0;0;0;0;0;0;0;0;0;0;0;0;0;0;0;0;0;0;0;0;0;0;0;0;0;0;0;0;0;0;0;0;0;0;0;0;0;0;0;0;0;0;0;0;0;0;0;0;0;0;0;0;0;0;0;0;0;0;0;0;0;0;0;0;0
CREDJUST - COOPERATIVA DE CRÉDITO MÚTUO DOS INTEGRANTES DA JUSTIÇA DO TRABALHO DA 13ª REGIÃO LTDA.;4.608.925;b3S;I;2;;9;JOAO PESSOA;PB;09/2012;0;0;0;0;0;0;0;0;0;0;0;0;0;0;0;0;0;0;0;0;0;0;0;0;0;0;0;0;0;0;0;0;0;0;0;0;0;0;0;0;0;0;0;0;0;0;0;0;0;0;0;0;0;0;0;0;0;0;0;0;0;0;0;0;0;0;0;0;0;0;0;0;0;0;0;0
COOPERATIVA DE ECONOMIA E CRÉDITO MÚTUO DOS EMPREGADOS EM ESTABELECIMENTOS BANCÁRIOS DE TERESINA/PIAUÍ - COOPERBAN;4.633.530;b3S;I;2;;9;TERESINA;PI;09/2012;0;0;0;0;0;0;0;0;0;0;0;0;0;0;0;0;0;0;0;0;0;0;0;0;0;0;0;0;0;0;0;0;0;0;0;0;0;0;0;0;0;0;0;0;0;0;0;0;0;0;0;0;0;0;0;0;0;0;0;0;0;0;0;0;0;0;0;0;0;0;0;0;0;0;0;0
COOPERATIVA DE ECONOMIA E CRÉDITO MÚTUO DAS FORÇAS ARMADAS, DO CORPO DE BOMBEIROS E POLÍCIA MILITAR DO DISTRITO FEDERAL LTDA. - SICOOB CABECRED;4.649.337;b3S;I;2;;9;BRASILIA;DF;09/2012;0;0;0;0;0;0;0;0;0;0;0;0;0;0;0;0;0;0;0;0;0;0;0;0;0;0;0;0;0;0;0;0;0;0;0;0;0;0;0;0;0;0;0;0;0;0;0;0;0;0;0;0;0;0;0;0;0;0;0;0;0;0;0;0;0;0;0;0;0;0;0;0;0;0;0;0
COOPERATIVA DE ECONOMIA E CRÉDITO MÚTUO DOS INTEGRANTES DO MINISTÉRIO PÚBLICO NO ESTADO DO RIO DE JANEIRO LIMITADA;4.694.278;b3S;I;2;;9;RIO DE JANEIRO;RJ;09/2012;0;0;0;0;0;0;0;0;0;0;0;0;0;0;0;0;0;0;0;0;0;0;0;0;0;0;0;0;0;0;0;0;0;0;0;0;0;0;0;0;0;0;0;0;0;0;0;0;0;0;0;0;0;0;0;0;0;0;0;0;0;0;0;0;0;0;0;0;0;0;0;0;0;0;0;0
COOPERATIVA DE ECONOMIA E CRÉDITO MÚTUO DOS INTEGRANTES DAS CARREIRAS JURÍDICAS E DOS SERVENTUÁRIOS DE ÓRGÃOS DA JUSTIÇA E AFINS, NO ESTADO DE RONDÔNIA   SICOOB CREDJURD;4.751.713;b3S;I;2;;9;PORTO VELHO;RO;09/2012;0;0;0;0;0;0;0;0;0;0;0;0;0;0;0;0;0;0;0;0;0;0;0;0;0;0;0;0;0;0;0;0;0;0;0;0;0;0;0;0;0;0;0;0;0;0;0;0;0;0;0;0;0;0;0;0;0;0;0;0;0;0;0;0;0;0;0;0;0;0;0;0;0;0;0;0
COOPERATIVA DE CRÉDITO MÚTUO DOS SERVIDORES DA ASSEMBLEIA LEGISLATIVA DO ESTADO DE SÃO PAULO - COOPERALESP;4.791.645;b3S;I;2;;9;SAO PAULO;SP;09/2012;0;0;0;0;0;0;0;0;0;0;0;0;0;0;0;0;0;0;0;0;0;0;0;0;0;0;0;0;0;0;0;0;0;0;0;0;0;0;0;0;0;0;0;0;0;0;0;0;0;0;0;0;0;0;0;0;0;0;0;0;0;0;0;0;0;0;0;0;0;0;0;0;0;0;0;0
COOPERATIVA DE CRÉDITO MÚTUO DOS SERVIDORES DA SEGURANÇA PÚBLICA DE SÃO PAULO - CREDIAFAM;4.804.353;b3S;I;2;;9;SAO PAULO;SP;09/2012;0;0;0;0;0;0;0;0;0;0;0;0;0;0;0;0;0;0;0;0;0;0;0;0;0;0;0;0;0;0;0;0;0;0;0;0;0;0;0;0;0;0;0;0;0;0;0;0;0;0;0;0;0;0;0;0;0;0;0;0;0;0;0;0;0;0;0;0;0;0;0;0;0;0;0;0
COOPERATIVA DE ECONOMIA E CRÉDITO MÚTUO DOS METALÚRGICOS DA GRANDE SÃO PAULO - SICOOB METALCRED;4.833.655;b3S;I;2;;9;SAO PAULO;SP;09/2012;0;0;0;0;0;0;0;0;0;0;0;0;0;0;0;0;0;0;0;0;0;0;0;0;0;0;0;0;0;0;0;0;0;0;0;0;0;0;0;0;0;0;0;0;0;0;0;0;0;0;0;0;0;0;0;0;0;0;0;0;0;0;0;0;0;0;0;0;0;0;0;0;0;0;0;0
COOPERATIVA DE ECONOMIA E CRÉDITO MÚTUO DOS AUDITORES FISCAIS DA RECEITA FEDERAL DO BRASIL NO RIO DE JANEIRO LIMITADA - COAFBRAS.;4.851.405;b3S;I;2;;9;RIO DE JANEIRO;RJ;09/2012;0;0;0;0;0;0;0;0;0;0;0;0;0;0;0;0;0;0;0;0;0;0;0;0;0;0;0;0;0;0;0;0;0;0;0;0;0;0;0;0;0;0;0;0;0;0;0;0;0;0;0;0;0;0;0;0;0;0;0;0;0;0;0;0;0;0;0;0;0;0;0;0;0;0;0;0
COOPERATIVA DE ECONOMIA E CRÉDITO MÚTUO DOS INTEGRANTES DO MINISTÉRIO PÚBLICO, PODER JUDICIÁRIO, DEFENSORIA PÚBLICA E POLÍCIA CIVIL NO ESTADO DA BAHIA - SICOOB COOMPEB;4.892.098;b3S;I;2;;9;SALVADOR;BA;09/2012;0;0;0;0;0;0;0;0;0;0;0;0;0;0;0;0;0;0;0;0;0;0;0;0;0;0;0;0;0;0;0;0;0;0;0;0;0;0;0;0;0;0;0;0;0;0;0;0;0;0;0;0;0;0;0;0;0;0;0;0;0;0;0;0;0;0;0;0;0;0;0;0;0;0;0;0
COOPERATIVA DE ECONOMIA E CRÉDITO MÚTUO DOS SERVIDORES DA JUSTIÇA DO ESTADO DE MINAS GERAIS LTDA. - SICOOB CREDJUS;4.894.460;b3S;I;2;;9;BELO HORIZONTE;MG;09/2012;0;0;0;0;0;0;0;0;0;0;0;0;0;0;0;0;0;0;0;0;0;0;0;0;0;0;0;0;0;0;0;0;0;0;0;0;0;0;0;0;0;0;0;0;0;0;0;0;0;0;0;0;0;0;0;0;0;0;0;0;0;0;0;0;0;0;0;0;0;0;0;0;0;0;0;0
CREDEXTRA - COOPERATIVA DE ECONOMIA E CRÉDITO MÚTUO DOS EMPREGADOS DA REALMAR DISTRIBUIDORA LTDA;4.899.135;b3S;I;2;;9;VITORIA;ES;09/2012;0;0;0;0;0;0;0;0;0;0;0;0;0;0;0;0;0;0;0;0;0;0;0;0;0;0;0;0;0;0;0;0;0;0;0;0;0;0;0;0;0;0;0;0;0;0;0;0;0;0;0;0;0;0;0;0;0;0;0;0;0;0;0;0;0;0;0;0;0;0;0;0;0;0;0;0
COOPESTADO - COOPERATIVA DE ECONOMIA E CRÉDITO MÚTUO DOS SERVIDORES PÚBLICOS NA REGIÃO METROPOLITANA DO ESTADO DO RIO DE JANEIRO LIMITADA;4.995.006;b3S;I;2;;9;RIO DE JANEIRO;RJ;09/2012;0;0;0;0;0;0;0;0;0;0;0;0;0;0;0;0;0;0;0;0;0;0;0;0;0;0;0;0;0;0;0;0;0;0;0;0;0;0;0;0;0;0;0;0;0;0;0;0;0;0;0;0;0;0;0;0;0;0;0;0;0;0;0;0;0;0;0;0;0;0;0;0;0;0;0;0
COOPERATIVA DE ECONOMIA E CRÉDITO MÚTUO DOS EMPREGADOS DA MINERACÃO RIO DO NORTE S/A, EM PORTO TROMBETAS LIMITADA -  CREDNORTE;4.998.845;b3S;I;2;;9;ORIXIMINA;PA;09/2012;0;0;0;0;0;0;0;0;0;0;0;0;0;0;0;0;0;0;0;0;0;0;0;0;0;0;0;0;0;0;0;0;0;0;0;0;0;0;0;0;0;0;0;0;0;0;0;0;0;0;0;0;0;0;0;0;0;0;0;0;0;0;0;0;0;0;0;0;0;0;0;0;0;0;0;0
COOPERATIVA DE CRÉDITO DOS MAGISTRADOS DO ESTADO DO RIO DE JANEIRO LTDA. - MAGICREDI-RJ;5.040.680;b3S;I;2;;9;RIO DE JANEIRO;RJ;09/2012;0;0;0;0;0;0;0;0;0;0;0;0;0;0;0;0;0;0;0;0;0;0;0;0;0;0;0;0;0;0;0;0;0;0;0;0;0;0;0;0;0;0;0;0;0;0;0;0;0;0;0;0;0;0;0;0;0;0;0;0;0;0;0;0;0;0;0;0;0;0;0;0;0;0;0;0
COOPERATIVA DE ECONOMIA E CREDITO MUTUO DOS FUNCIONARIOS DO GRUPO MAUA LTDA;5.048.575;b3S;I;2;;9;SAO GONCALO;RJ;09/2012;0;0;0;0;0;0;0;0;0;0;0;0;0;0;0;0;0;0;0;0;0;0;0;0;0;0;0;0;0;0;0;0;0;0;0;0;0;0;0;0;0;0;0;0;0;0;0;0;0;0;0;0;0;0;0;0;0;0;0;0;0;0;0;0;0;0;0;0;0;0;0;0;0;0;0;0
COOPERATIVA DE CRÉDITO MÚTUO DOS EMPREGADOS DO SISTEMA FINANCEIRO EM CURITIBA E EM MUNICÍPIOS DA REGIÃO METROPOLITANA;5.097.757;b3S;I;2;;9;CURITIBA;PR;09/2012;0;0;0;0;0;0;0;0;0;0;0;0;0;0;0;0;0;0;0;0;0;0;0;0;0;0;0;0;0;0;0;0;0;0;0;0;0;0;0;0;0;0;0;0;0;0;0;0;0;0;0;0;0;0;0;0;0;0;0;0;0;0;0;0;0;0;0;0;0;0;0;0;0;0;0;0
COOPERATIVA DE CREDITO RURAL COM INTERACAO SOLIDARIA DE SALTO DO LONTRA - CRESOL SALTO DO LONTRA;5.135.542;b3S;I;2;;9;SALTO DO LONTRA;PR;09/2012;0;0;0;0;0;0;0;0;0;0;0;0;0;0;0;0;0;0;0;0;0;0;0;0;0;0;0;0;0;0;0;0;0;0;0;0;0;0;0;0;0;0;0;0;0;0;0;0;0;0;0;0;0;0;0;0;0;0;0;0;0;0;0;0;0;0;0;0;0;0;0;0;0;0;0;0
COOPERATIVA DE CRÉDITO MÚTUO DOS FUNCIONÁRIOS DA CAMDA-COCREALPA - CREDI-CAMDA;5.165.103;b3S;I;2;;9;ADAMANTINA;SP;09/2012;0;0;0;0;0;0;0;0;0;0;0;0;0;0;0;0;0;0;0;0;0;0;0;0;0;0;0;0;0;0;0;0;0;0;0;0;0;0;0;0;0;0;0;0;0;0;0;0;0;0;0;0;0;0;0;0;0;0;0;0;0;0;0;0;0;0;0;0;0;0;0;0;0;0;0;0
COOPERATIVA DE CRÉDITO RURAL DA AGRICULTURA FAMILIAR E ECONOMIA SOLIDÁRIA DE JATAÍ;5.201.878;b3S;I;2;;9;JATAI;GO;09/2012;0;0;0;0;0;0;0;0;0;0;0;0;0;0;0;0;0;0;0;0;0;0;0;0;0;0;0;0;0;0;0;0;0;0;0;0;0;0;0;0;0;0;0;0;0;0;0;0;0;0;0;0;0;0;0;0;0;0;0;0;0;0;0;0;0;0;0;0;0;0;0;0;0;0;0;0
COOPERATIVA DE CRÉDITO MÚTUO DOS EMPREGADOS DA INFRAERO - AEROCRED;5.292.849;b3S;I;2;;9;GUARULHOS;SP;09/2012;0;0;0;0;0;0;0;0;0;0;0;0;0;0;0;0;0;0;0;0;0;0;0;0;0;0;0;0;0;0;0;0;0;0;0;0;0;0;0;0;0;0;0;0;0;0;0;0;0;0;0;0;0;0;0;0;0;0;0;0;0;0;0;0;0;0;0;0;0;0;0;0;0;0;0;0
COOPERATIVA DE ECONOMIA E CREDITO MUTUO DOS FUNCIONARIOS DA GKN DO BRASIL LTDA;5.331.882;b3S;I;2;;9;PORTO ALEGRE;RS;09/2012;0;0;0;0;0;0;0;0;0;0;0;0;0;0;0;0;0;0;0;0;0;0;0;0;0;0;0;0;0;0;0;0;0;0;0;0;0;0;0;0;0;0;0;0;0;0;0;0;0;0;0;0;0;0;0;0;0;0;0;0;0;0;0;0;0;0;0;0;0;0;0;0;0;0;0;0
COOPERATIVA DE CRÉDITO RURAL DA AGRICULTURA FAMILIAR E ECONOMIA SOLIDÁRIA DE RIO VERDE;5.370.947;b3S;I;2;;9;RIO VERDE;GO;09/2012;0;0;0;0;0;0;0;0;0;0;0;0;0;0;0;0;0;0;0;0;0;0;0;0;0;0;0;0;0;0;0;0;0;0;0;0;0;0;0;0;0;0;0;0;0;0;0;0;0;0;0;0;0;0;0;0;0;0;0;0;0;0;0;0;0;0;0;0;0;0;0;0;0;0;0;0
COOPERATIVA DE ECONOMIA E CREDITO MUTUO DOS PROFESSORES ESTADUAIS DA REGIAO METROPOLITANA DE PORTO ALEGRE;5.419.025;b3S;I;2;;9;PORTO ALEGRE;RS;09/2012;0;0;0;0;0;0;0;0;0;0;0;0;0;0;0;0;0;0;0;0;0;0;0;0;0;0;0;0;0;0;0;0;0;0;0;0;0;0;0;0;0;0;0;0;0;0;0;0;0;0;0;0;0;0;0;0;0;0;0;0;0;0;0;0;0;0;0;0;0;0;0;0;0;0;0;0
COOPERATIVA DE ECONOMIA E CREDITO MUTUO DOS EMPREGADOS NAS INDUSTRIAS QUIMICAS, FARMACEUTICAS E SIMILARES DA REGIAO METROPOLITANA DO RIO DE JANEIRO LTDA;5.424.088;b3S;I;2;;9;SAO GONCALO;RJ;09/2012;0;0;0;0;0;0;0;0;0;0;0;0;0;0;0;0;0;0;0;0;0;0;0;0;0;0;0;0;0;0;0;0;0;0;0;0;0;0;0;0;0;0;0;0;0;0;0;0;0;0;0;0;0;0;0;0;0;0;0;0;0;0;0;0;0;0;0;0;0;0;0;0;0;0;0;0
COOPERATIVA DE CRÉDITO RURAL DE ECONOMIA SOLIDÁRIA DE OLIVEIRA DOS BREJINHOS - ECOSOL/OLIVEIRA DOS BREJINHOS;5.428.587;b3S;I;2;;9;OLIVEIRA DOS BREJINHOS;BA;09/2012;0;0;0;0;0;0;0;0;0;0;0;0;0;0;0;0;0;0;0;0;0;0;0;0;0;0;0;0;0;0;0;0;0;0;0;0;0;0;0;0;0;0;0;0;0;0;0;0;0;0;0;0;0;0;0;0;0;0;0;0;0;0;0;0;0;0;0;0;0;0;0;0;0;0;0;0
COOPERATIVA DE ECONOMIA E CRÉDITO MÚTUO DOS SERVIDORES DA ADMINISTRAÇÃO PÚBLICA MUNICIPAL DE PORTO ALEGRE;5.460.750;b3S;I;2;;9;PORTO ALEGRE;RS;09/2012;0;0;0;0;0;0;0;0;0;0;0;0;0;0;0;0;0;0;0;0;0;0;0;0;0;0;0;0;0;0;0;0;0;0;0;0;0;0;0;0;0;0;0;0;0;0;0;0;0;0;0;0;0;0;0;0;0;0;0;0;0;0;0;0;0;0;0;0;0;0;0;0;0;0;0;0
COOPERATIVA DE CRÉDITO RURAL DA AGRICULTURA FAMILIAR E ECONOMIA SOLIDÁRIA DE MINEIROS-GO;5.491.616;b3S;I;2;;9;MINEIROS;GO;09/2012;0;0;0;0;0;0;0;0;0;0;0;0;0;0;0;0;0;0;0;0;0;0;0;0;0;0;0;0;0;0;0;0;0;0;0;0;0;0;0;0;0;0;0;0;0;0;0;0;0;0;0;0;0;0;0;0;0;0;0;0;0;0;0;0;0;0;0;0;0;0;0;0;0;0;0;0
COOMAMP COOPERATIVA DE ECONOMIA E CRÉDITO MÚTUO MEMBROS DE INSTITUIÇÕES PÚBLICAS CARREIRAS JURÍDICAS E SERVIDORES PÚBLICOS FEDERAIS, ESTADUAIS E MUNICIPAIS EM SÃO LUIS/MA E MUNICÍPIOS CIRCUNVIZINHOS;5.545.390;b3S;I;2;;9;SAO LUIS;MA;09/2012;0;0;0;0;0;0;0;0;0;0;0;0;0;0;0;0;0;0;0;0;0;0;0;0;0;0;0;0;0;0;0;0;0;0;0;0;0;0;0;0;0;0;0;0;0;0;0;0;0;0;0;0;0;0;0;0;0;0;0;0;0;0;0;0;0;0;0;0;0;0;0;0;0;0;0;0
COOPERATIVA DE ECONOMIA E CRÉDITO MÚTUO DOS FUNCIONÁRIOS DO GRUPO JAL LTDA.;5.548.335;b3S;I;2;;9;SAO JOAO DE MERITI;RJ;09/2012;0;0;0;0;0;0;0;0;0;0;0;0;0;0;0;0;0;0;0;0;0;0;0;0;0;0;0;0;0;0;0;0;0;0;0;0;0;0;0;0;0;0;0;0;0;0;0;0;0;0;0;0;0;0;0;0;0;0;0;0;0;0;0;0;0;0;0;0;0;0;0;0;0;0;0;0
COOPERATIVA DE ECONOMIA E CRÉDITO MÚTUO DOS TRABALHADORES EM EMPRESAS DE TRANSPORTES COLETIVOS URBANOS DE PASSAGEIROS DE PORTO ALEGRE - COOPCREDIRODOVIÁRIOS;5.579.939;b3S;I;2;;9;PORTO ALEGRE;RS;09/2012;0;0;0;0;0;0;0;0;0;0;0;0;0;0;0;0;0;0;0;0;0;0;0;0;0;0;0;0;0;0;0;0;0;0;0;0;0;0;0;0;0;0;0;0;0;0;0;0;0;0;0;0;0;0;0;0;0;0;0;0;0;0;0;0;0;0;0;0;0;0;0;0;0;0;0;0
COOPERATIVA DE ECONOMIA E CRÉDITO MÚTUO SERVIDORES PÚBLICOS ATIVOS, INATIVOS E PENSIONISTAS DA ADMINISTRAÇÃO DIRETA, INDIRETA E ASSEMBLÉIA LEGISLATIVA DO ESTADO DO RIO GRANDE SUL - COOPSERGS;5.591.437;b3S;I;2;;9;PORTO ALEGRE;RS;09/2012;0;0;0;0;0;0;0;0;0;0;0;0;0;0;0;0;0;0;0;0;0;0;0;0;0;0;0;0;0;0;0;0;0;0;0;0;0;0;0;0;0;0;0;0;0;0;0;0;0;0;0;0;0;0;0;0;0;0;0;0;0;0;0;0;0;0;0;0;0;0;0;0;0;0;0;0
COOPERATIVA DE ECONOMIA E CRÉDITO MÚTUO DOS EMPREGADOS DO SEBRAE BAHIA - COOPSOL;5.658.367;b3S;I;2;;9;SALVADOR;BA;09/2012;0;0;0;0;0;0;0;0;0;0;0;0;0;0;0;0;0;0;0;0;0;0;0;0;0;0;0;0;0;0;0;0;0;0;0;0;0;0;0;0;0;0;0;0;0;0;0;0;0;0;0;0;0;0;0;0;0;0;0;0;0;0;0;0;0;0;0;0;0;0;0;0;0;0;0;0
COOPERATIVA DE CRÉDITO MÚTUO DOS SERVIDORES PÚBLICOS MUNICIPAIS DE LENÇÓIS PAULISTA - COOPERSERV;5.667.301;b3S;I;2;;9;LENCOIS PAULISTA;SP;09/2012;0;0;0;0;0;0;0;0;0;0;0;0;0;0;0;0;0;0;0;0;0;0;0;0;0;0;0;0;0;0;0;0;0;0;0;0;0;0;0;0;0;0;0;0;0;0;0;0;0;0;0;0;0;0;0;0;0;0;0;0;0;0;0;0;0;0;0;0;0;0;0;0;0;0;0;0
COOPERATIVA DE CRÉDITO MÚTUO DOS SERVIDORES DO MINISTÉRIO DA SAÚDE EM MACEIÓ - SAUDECRED;5.728.016;b3S;I;2;;9;MACEIO;AL;09/2012;0;0;0;0;0;0;0;0;0;0;0;0;0;0;0;0;0;0;0;0;0;0;0;0;0;0;0;0;0;0;0;0;0;0;0;0;0;0;0;0;0;0;0;0;0;0;0;0;0;0;0;0;0;0;0;0;0;0;0;0;0;0;0;0;0;0;0;0;0;0;0;0;0;0;0;0
COOPERATIVA DE CRÉDITO DOS METALÚRGICOS DO ABC - CREDABC;5.740.092;b3S;I;2;;9;SAO BERNARDO DO CAMPO;SP;09/2012;0;0;0;0;0;0;0;0;0;0;0;0;0;0;0;0;0;0;0;0;0;0;0;0;0;0;0;0;0;0;0;0;0;0;0;0;0;0;0;0;0;0;0;0;0;0;0;0;0;0;0;0;0;0;0;0;0;0;0;0;0;0;0;0;0;0;0;0;0;0;0;0;0;0;0;0
COOPERATIVA DE CRÉDITO MÚTUO DOS MILITARES DA ATIVA E DA RESERVA REMUNERADA, REFORMADOS, PENSIONISTAS E EXPEDICIONÁRIOS DAS FORÇAS ARMADAS - BS;5.742.404;b3S;I;2;;9;SAO VICENTE;SP;09/2012;0;0;0;0;0;0;0;0;0;0;0;0;0;0;0;0;0;0;0;0;0;0;0;0;0;0;0;0;0;0;0;0;0;0;0;0;0;0;0;0;0;0;0;0;0;0;0;0;0;0;0;0;0;0;0;0;0;0;0;0;0;0;0;0;0;0;0;0;0;0;0;0;0;0;0;0
COOPERATIVA DE ECONOMIA E CRÉDITO MÚTUO DOS SERVIDORES DA SECRETARIA DE DEFESA SOCIAL DO ESTADO DE MINAS GERAIS;5.746.715;b3S;I;2;;9;BELO HORIZONTE;MG;09/2012;0;0;0;0;0;0;0;0;0;0;0;0;0;0;0;0;0;0;0;0;0;0;0;0;0;0;0;0;0;0;0;0;0;0;0;0;0;0;0;0;0;0;0;0;0;0;0;0;0;0;0;0;0;0;0;0;0;0;0;0;0;0;0;0;0;0;0;0;0;0;0;0;0;0;0;0
COOPERATIVA DE CRÉDITO MÚTUO DOS FUNCIONÁRIOS DA FIEP, SESI, SENAI E IEL - CREDFISP LTDA.;5.747.018;b3S;I;2;;9;CAMPINA GRANDE;PB;09/2012;0;0;0;0;0;0;0;0;0;0;0;0;0;0;0;0;0;0;0;0;0;0;0;0;0;0;0;0;0;0;0;0;0;0;0;0;0;0;0;0;0;0;0;0;0;0;0;0;0;0;0;0;0;0;0;0;0;0;0;0;0;0;0;0;0;0;0;0;0;0;0;0;0;0;0;0
CENTRAL DAS COOPERATIVAS DE ECONOMIA E CRÉDITO MÚTUO DO ESTADO DO ESPÍRITO SANTO LTDA. - CECOOPES;5.790.149;b3C;I;2;;9;VITORIA;ES;09/2012;0;0;0;0;0;0;0;0;0;0;0;0;0;0;0;0;0;0;0;0;0;0;0;0;0;0;0;0;0;0;0;0;0;0;0;0;0;0;0;0;0;0;0;0;0;0;0;0;0;0;0;0;0;0;0;0;0;0;0;0;0;0;0;0;0;0;0;0;0;0;0;0;0;0;0;0
COOPERATIVA DE ECONOMIA E CRÉDITO MÚTUO DOS EMPREGADOS DA SUPPORT;5.871.212;b3S;I;2;;9;SAO JOSE DOS CAMPOS;SP;09/2012;0;0;0;0;0;0;0;0;0;0;0;0;0;0;0;0;0;0;0;0;0;0;0;0;0;0;0;0;0;0;0;0;0;0;0;0;0;0;0;0;0;0;0;0;0;0;0;0;0;0;0;0;0;0;0;0;0;0;0;0;0;0;0;0;0;0;0;0;0;0;0;0;0;0;0;0
COOPERATIVA CENTRAL DE CREDITO RURAL HORIZONTES NOVOS - CREHNOR CENTRAL;5.879.577;b3C;I;2;;9;SARANDI;RS;09/2012;0;0;0;0;0;0;0;0;0;0;0;0;0;0;0;0;0;0;0;0;0;0;0;0;0;0;0;0;0;0;0;0;0;0;0;0;0;0;0;0;0;0;0;0;0;0;0;0;0;0;0;0;0;0;0;0;0;0;0;0;0;0;0;0;0;0;0;0;0;0;0;0;0;0;0;0
COOPERATIVA DE CRÉDITO MÚTUO DOS SERVIDORES MUNICIPAIS DE BEBEDOURO - COOCRESB.;5.969.937;b3S;I;2;;9;BEBEDOURO;SP;09/2012;0;0;0;0;0;0;0;0;0;0;0;0;0;0;0;0;0;0;0;0;0;0;0;0;0;0;0;0;0;0;0;0;0;0;0;0;0;0;0;0;0;0;0;0;0;0;0;0;0;0;0;0;0;0;0;0;0;0;0;0;0;0;0;0;0;0;0;0;0;0;0;0;0;0;0;0
COOPERATIVA DE CRÉDITO RURAL DE ECONOMIA SOLIDÁRIA DE TRIUNFO E FLORES - ECOSOL TRIUNFO/FLORES;6.036.510;b3S;I;2;;9;FLORES;PE;09/2012;0;0;0;0;0;0;0;0;0;0;0;0;0;0;0;0;0;0;0;0;0;0;0;0;0;0;0;0;0;0;0;0;0;0;0;0;0;0;0;0;0;0;0;0;0;0;0;0;0;0;0;0;0;0;0;0;0;0;0;0;0;0;0;0;0;0;0;0;0;0;0;0;0;0;0;0
KREDILIG S.A. - CRÉDITO, FINANCIAMENTO E INVESTIMENTO;6.040.559;n1;I;2;;14;FLORIANOPOLIS;SC;09/2012;0;0;0;0;0;0;0;0;0;0;0;0;0;0;0;0;0;0;0;0;0;0;0;0;0;0;0;0;0;0;0;0;0;0;0;0;0;0;0;0;0;0;0;0;0;0;0;0;0;0;0;0;0;0;0;0;0;0;0;0;0;0;0;0;0;0;0;0;0;0;0;0;0;0;0;0
COOPERATIVA DE CRÉDITO MÚTUO DOS FUNCIONÁRIOS DA RICLAN;6.077.760;b3S;I;2;;9;RIO CLARO;SP;09/2012;0;0;0;0;0;0;0;0;0;0;0;0;0;0;0;0;0;0;0;0;0;0;0;0;0;0;0;0;0;0;0;0;0;0;0;0;0;0;0;0;0;0;0;0;0;0;0;0;0;0;0;0;0;0;0;0;0;0;0;0;0;0;0;0;0;0;0;0;0;0;0;0;0;0;0;0
COOPERATIVA DE CRÉDITO MÚTUO DOS EMPREGADOS DAS INDÚSTRIAS DO PAPEL, PAPELÃO E CORTIÇA DE OTACÍLIO COSTA, LAGES E CORREA PINTO - PAPELCREDI;6.369.729;b3S;I;2;;9;OTACILIO COSTA;SC;09/2012;0;0;0;0;0;0;0;0;0;0;0;0;0;0;0;0;0;0;0;0;0;0;0;0;0;0;0;0;0;0;0;0;0;0;0;0;0;0;0;0;0;0;0;0;0;0;0;0;0;0;0;0;0;0;0;0;0;0;0;0;0;0;0;0;0;0;0;0;0;0;0;0;0;0;0;0
COOPERATIVA DE CRÉDITO MÚTUO DOS TRABALHADORES DO SISTEMA FINANCEIRO DE CURITIBA E REGIÃO - COOPCREFI;6.942.423;b3S;I;2;;9;CURITIBA;PR;09/2012;0;0;0;0;0;0;0;0;0;0;0;0;0;0;0;0;0;0;0;0;0;0;0;0;0;0;0;0;0;0;0;0;0;0;0;0;0;0;0;0;0;0;0;0;0;0;0;0;0;0;0;0;0;0;0;0;0;0;0;0;0;0;0;0;0;0;0;0;0;0;0;0;0;0;0;0
COOPERATIVA DE CRÉDITO DA AGRICULTURA FAMILIAR SOLIDÁRIA DE ARAPONGA - ECOSOL ARAPONGA-MG;7.016.503;b3S;I;2;;9;ARAPONGA;MG;09/2012;0;0;0;0;0;0;0;0;0;0;0;0;0;0;0;0;0;0;0;0;0;0;0;0;0;0;0;0;0;0;0;0;0;0;0;0;0;0;0;0;0;0;0;0;0;0;0;0;0;0;0;0;0;0;0;0;0;0;0;0;0;0;0;0;0;0;0;0;0;0;0;0;0;0;0;0
COOPERATIVA DE CRÉDITO MÚTUO DOS PRAÇAS E OFICIAIS DA POLÍCIA MILITAR DO ESTADO DE SÃO PAULO - COOPERACS- SP;7.030.145;b3S;I;2;;9;SAO PAULO;SP;09/2012;0;0;0;0;0;0;0;0;0;0;0;0;0;0;0;0;0;0;0;0;0;0;0;0;0;0;0;0;0;0;0;0;0;0;0;0;0;0;0;0;0;0;0;0;0;0;0;0;0;0;0;0;0;0;0;0;0;0;0;0;0;0;0;0;0;0;0;0;0;0;0;0;0;0;0;0
UNIVERSICRED COOPERATIVA DE ECONOMIA E CREDITO MUTUO DOS EMPREGADOS DA ASOEC - ASSOCIACAO SALGADO DE OLIVEIRA;7.042.196;b3S;I;2;;9;NITEROI;RJ;09/2012;0;0;0;0;0;0;0;0;0;0;0;0;0;0;0;0;0;0;0;0;0;0;0;0;0;0;0;0;0;0;0;0;0;0;0;0;0;0;0;0;0;0;0;0;0;0;0;0;0;0;0;0;0;0;0;0;0;0;0;0;0;0;0;0;0;0;0;0;0;0;0;0;0;0;0;0
COOPERATIVA CENTRAL DE CRÉDITO RURAL COM INTERAÇÃO SOLIDÁRIA - CRESOL CENTRAL SC/RS;7.202.627;b3C;I;2;;9;CHAPECO;SC;09/2012;0;0;0;0;0;0;0;0;0;0;0;0;0;0;0;0;0;0;0;0;0;0;0;0;0;0;0;0;0;0;0;0;0;0;0;0;0;0;0;0;0;0;0;0;0;0;0;0;0;0;0;0;0;0;0;0;0;0;0;0;0;0;0;0;0;0;0;0;0;0;0;0;0;0;0;0
TERRA COMPANHIA DE CREDITO IMOBILIARIO;7.311.814;n1;I;2;;31;FORTALEZA;CE;09/2012;0;0;0;0;0;0;0;0;0;0;0;0;0;0;0;0;0;0;0;0;0;0;0;0;0;0;0;0;0;0;0;0;0;0;0;0;0;0;0;0;0;0;0;0;0;0;0;0;0;0;0;0;0;0;0;0;0;0;0;0;0;0;0;0;0;0;0;0;0;0;0;0;0;0;0;0
COOPERATIVA DE CRÉDITO RURAL DO SERTÃO ALAGOANO - COCREAL;7.564.184;b3S;I;2;;9;PAO DE ACUCAR;AL;09/2012;0;0;0;0;0;0;0;0;0;0;0;0;0;0;0;0;0;0;0;0;0;0;0;0;0;0;0;0;0;0;0;0;0;0;0;0;0;0;0;0;0;0;0;0;0;0;0;0;0;0;0;0;0;0;0;0;0;0;0;0;0;0;0;0;0;0;0;0;0;0;0;0;0;0;0;0
COOPERATIVA DE ECONOMIA E CRÉDITO MÚTUO DOS EMPREGADOS DA ALUMAR;7.635.360;b3S;I;2;;9;SAO LUIS;MA;09/2012;0;0;0;0;0;0;0;0;0;0;0;0;0;0;0;0;0;0;0;0;0;0;0;0;0;0;0;0;0;0;0;0;0;0;0;0;0;0;0;0;0;0;0;0;0;0;0;0;0;0;0;0;0;0;0;0;0;0;0;0;0;0;0;0;0;0;0;0;0;0;0;0;0;0;0;0
COOPERATIVA DE CREDITO RURAL DE DESENVOLVIMENTO SOLIDARIO DO EXTREMO NORTE DO ESPIRITO SANTO - CREDSOL EXTREMO NORTE ES;7.642.803;b3S;I;2;;9;NOVA VENECIA;ES;09/2012;0;0;0;0;0;0;0;0;0;0;0;0;0;0;0;0;0;0;0;0;0;0;0;0;0;0;0;0;0;0;0;0;0;0;0;0;0;0;0;0;0;0;0;0;0;0;0;0;0;0;0;0;0;0;0;0;0;0;0;0;0;0;0;0;0;0;0;0;0;0;0;0;0;0;0;0
COOPERATIVA DE CRÉDITO MÚTUO DOS FUNCIONÁRIOS PÚBLICOS DO PODER JUDICIÁRIO DA CAPITAL DO ESTADO DE SÃO PAULO - JUDCRED;7.651.495;b3S;I;2;;9;SAO PAULO;SP;09/2012;0;0;0;0;0;0;0;0;0;0;0;0;0;0;0;0;0;0;0;0;0;0;0;0;0;0;0;0;0;0;0;0;0;0;0;0;0;0;0;0;0;0;0;0;0;0;0;0;0;0;0;0;0;0;0;0;0;0;0;0;0;0;0;0;0;0;0;0;0;0;0;0;0;0;0;0
COOPERATIVA DE CRÉDITO DOS SERVIDORES PÚBLICOS DO ESTADO DE GOIÁS NA REGIÃO METROPOLITANA DE GOIÂNIA LTDA. - SERVCRED-GO;7.703.024;b3S;I;2;;9;GOIANIA;GO;09/2012;0;0;0;0;0;0;0;0;0;0;0;0;0;0;0;0;0;0;0;0;0;0;0;0;0;0;0;0;0;0;0;0;0;0;0;0;0;0;0;0;0;0;0;0;0;0;0;0;0;0;0;0;0;0;0;0;0;0;0;0;0;0;0;0;0;0;0;0;0;0;0;0;0;0;0;0
SAX S.A. - CRÉDITO, FINANCIAMENTO E INVESTIMENTO;7.747.410;n1;I;2;;14;BARUERI;SP;09/2012;0;0;0;0;0;0;0;0;0;0;0;0;0;0;0;0;0;0;0;0;0;0;0;0;0;0;0;0;0;0;0;0;0;0;0;0;0;0;0;0;0;0;0;0;0;0;0;0;0;0;0;0;0;0;0;0;0;0;0;0;0;0;0;0;0;0;0;0;0;0;0;0;0;0;0;0
COOPERATIVA DE CRÉDITO MÚTUO DOS DISTRIBUIDORES DE BEBIDAS DO ESTADO DE SÃO PAULO - SICOOB CREDIBESP;7.753.938;b3S;I;2;;9;SAO PAULO;SP;09/2012;0;0;0;0;0;0;0;0;0;0;0;0;0;0;0;0;0;0;0;0;0;0;0;0;0;0;0;0;0;0;0;0;0;0;0;0;0;0;0;0;0;0;0;0;0;0;0;0;0;0;0;0;0;0;0;0;0;0;0;0;0;0;0;0;0;0;0;0;0;0;0;0;0;0;0;0
VALOR - SOCIEDADE DE CRÉDITO AO MICROEMPREENDEDOR LTDA.;7.799.277;n1;I;2;;10;SAO PAULO;SP;09/2012;0;0;0;0;0;0;0;0;0;0;0;0;0;0;0;0;0;0;0;0;0;0;0;0;0;0;0;0;0;0;0;0;0;0;0;0;0;0;0;0;0;0;0;0;0;0;0;0;0;0;0;0;0;0;0;0;0;0;0;0;0;0;0;0;0;0;0;0;0;0;0;0;0;0;0;0
COOPERATIVA DE CRÉDITO MÚTUO DOS EMPREGADOS NA CAIXA ECONÔMICA FEDERAL NO ESTADO DE SÃO PAULO - APCEFCREDI-SP;7.814.673;b3S;I;2;;9;SAO PAULO;SP;09/2012;0;0;0;0;0;0;0;0;0;0;0;0;0;0;0;0;0;0;0;0;0;0;0;0;0;0;0;0;0;0;0;0;0;0;0;0;0;0;0;0;0;0;0;0;0;0;0;0;0;0;0;0;0;0;0;0;0;0;0;0;0;0;0;0;0;0;0;0;0;0;0;0;0;0;0;0
COOPERATIVA DE CRÉDITO RURAL DE ECONOMIA SOLIDÁRIA DO SERTÃO CENTRAL DE PERNAMBUCO - ECOSOL SERTÃO CENTRAL DE PERNAMBUCO;7.913.550;b3S;I;2;;9;SERRA TALHADA;PE;09/2012;0;0;0;0;0;0;0;0;0;0;0;0;0;0;0;0;0;0;0;0;0;0;0;0;0;0;0;0;0;0;0;0;0;0;0;0;0;0;0;0;0;0;0;0;0;0;0;0;0;0;0;0;0;0;0;0;0;0;0;0;0;0;0;0;0;0;0;0;0;0;0;0;0;0;0;0
COOPERATIVA DE CRÉDITO RURAL DE ECONOMIA SOLIDÁRIA DO ARARIPE   ECOSOL ARARIPE;8.087.331;b3S;I;2;;9;OURICURI;PE;09/2012;0;0;0;0;0;0;0;0;0;0;0;0;0;0;0;0;0;0;0;0;0;0;0;0;0;0;0;0;0;0;0;0;0;0;0;0;0;0;0;0;0;0;0;0;0;0;0;0;0;0;0;0;0;0;0;0;0;0;0;0;0;0;0;0;0;0;0;0;0;0;0;0;0;0;0;0
COOPERATIVA DE CRÉDITO RURAL DA AGRICULTURA FAMILIAR E ECONOMIA SOLIDÁRIA DE SILVÂNIA-GO;8.178.439;b3S;I;2;;9;SILVANIA;GO;09/2012;0;0;0;0;0;0;0;0;0;0;0;0;0;0;0;0;0;0;0;0;0;0;0;0;0;0;0;0;0;0;0;0;0;0;0;0;0;0;0;0;0;0;0;0;0;0;0;0;0;0;0;0;0;0;0;0;0;0;0;0;0;0;0;0;0;0;0;0;0;0;0;0;0;0;0;0
COCRESCE - COOPERATIVA DE CRÉDITO RURAL DO SERTÃO CENTRAL DO CEARÁ LTDA.;8.197.413;b3S;I;2;;9;QUIXADA;CE;09/2012;0;0;0;0;0;0;0;0;0;0;0;0;0;0;0;0;0;0;0;0;0;0;0;0;0;0;0;0;0;0;0;0;0;0;0;0;0;0;0;0;0;0;0;0;0;0;0;0;0;0;0;0;0;0;0;0;0;0;0;0;0;0;0;0;0;0;0;0;0;0;0;0;0;0;0;0
COOPERATIVA DE CRÉDITO MÚTUO DOS TRABALHADORES DO SETOR AEROESPACIAL DE SÃO JOSE DOS CAMPOS - COSAE;8.227.676;b3S;I;2;;9;SAO JOSE DOS CAMPOS;SP;09/2012;0;0;0;0;0;0;0;0;0;0;0;0;0;0;0;0;0;0;0;0;0;0;0;0;0;0;0;0;0;0;0;0;0;0;0;0;0;0;0;0;0;0;0;0;0;0;0;0;0;0;0;0;0;0;0;0;0;0;0;0;0;0;0;0;0;0;0;0;0;0;0;0;0;0;0;0
COOPERATIVA DE CRÉDITO RURAL SOLIDÁRIO DE AGRICULTORES FAMILIARES DE GOIÂNIA E REGIÃO - REDE CRED;8.254.480;b3S;I;2;;9;GOIANIA;GO;09/2012;0;0;0;0;0;0;0;0;0;0;0;0;0;0;0;0;0;0;0;0;0;0;0;0;0;0;0;0;0;0;0;0;0;0;0;0;0;0;0;0;0;0;0;0;0;0;0;0;0;0;0;0;0;0;0;0;0;0;0;0;0;0;0;0;0;0;0;0;0;0;0;0;0;0;0;0
BANCO CSF S.A.;8.357.240;b2;I;3;;8;SAO PAULO;SP;09/2012;0;0;0;0;0;0;0;0;0;0;0;0;0;0;0;0;0;0;0;0;0;0;0;0;0;0;0;0;0;0;0;0;0;0;0;0;0;0;0;0;0;0;0;0;0;0;0;0;0;0;0;0;0;0;0;0;0;0;0;0;0;0;0;0;0;0;0;0;0;0;0;0;0;0;0;0
COOPERATIVA DE CRÉDITO RURAL DO AGRESTE ALAGOANO - COOPERAGRE;8.482.873;b3S;I;2;;9;IGACI;AL;09/2012;0;0;0;0;0;0;0;0;0;0;0;0;0;0;0;0;0;0;0;0;0;0;0;0;0;0;0;0;0;0;0;0;0;0;0;0;0;0;0;0;0;0;0;0;0;0;0;0;0;0;0;0;0;0;0;0;0;0;0;0;0;0;0;0;0;0;0;0;0;0;0;0;0;0;0;0
COOPERATIVA DE CRÉDITO RURAL DA AGRICULTURA FAMILIAR DOS TRABALHADORES E TRABALHADORAS RURAIS DO AGRESTE MERIDIONAL DE PERNAMBUCO - ECOSOL BOM CONSELHO;8.658.915;b3S;I;2;;9;BOM CONSELHO;PE;09/2012;0;0;0;0;0;0;0;0;0;0;0;0;0;0;0;0;0;0;0;0;0;0;0;0;0;0;0;0;0;0;0;0;0;0;0;0;0;0;0;0;0;0;0;0;0;0;0;0;0;0;0;0;0;0;0;0;0;0;0;0;0;0;0;0;0;0;0;0;0;0;0;0;0;0;0;0
COOPERATIVA DE CRÉDITO RURAL COM INTERAÇÃO SOLIDÁRIA DE MISSAL - CRESOL MISSAL;8.850.180;b3S;I;2;;9;MISSAL;PR;09/2012;0;0;0;0;0;0;0;0;0;0;0;0;0;0;0;0;0;0;0;0;0;0;0;0;0;0;0;0;0;0;0;0;0;0;0;0;0;0;0;0;0;0;0;0;0;0;0;0;0;0;0;0;0;0;0;0;0;0;0;0;0;0;0;0;0;0;0;0;0;0;0;0;0;0;0;0
COOPERATIVA DE ECONOMIA E CRÉDITO MÚTUO DOS EMPREGADOS DO GRUPO ALCOA EM PERNAMBUCO;8.931.800;b3S;I;2;;9;ITAPISSUMA;PE;09/2012;0;0;0;0;0;0;0;0;0;0;0;0;0;0;0;0;0;0;0;0;0;0;0;0;0;0;0;0;0;0;0;0;0;0;0;0;0;0;0;0;0;0;0;0;0;0;0;0;0;0;0;0;0;0;0;0;0;0;0;0;0;0;0;0;0;0;0;0;0;0;0;0;0;0;0;0
COOPERATIVA DE ECONOMIA E CRÉDITO MÚTUO DOS FUNCIONÁRIOS DA AFFINIA;9.128.022;b3S;I;2;;9;OSASCO;SP;09/2012;0;0;0;0;0;0;0;0;0;0;0;0;0;0;0;0;0;0;0;0;0;0;0;0;0;0;0;0;0;0;0;0;0;0;0;0;0;0;0;0;0;0;0;0;0;0;0;0;0;0;0;0;0;0;0;0;0;0;0;0;0;0;0;0;0;0;0;0;0;0;0;0;0;0;0;0
COOPERATIVA DE CRÉDITO RURAL DA AGRICULTURA FAMILIAR DOS TRABALHADORES E TRABALHADORAS RURAIS DO MUNICÍPIO DE IBIÚNA E REGIÃO/SÃO PAULO;9.274.146;b3S;I;2;;9;IBIUNA;SP;09/2012;0;0;0;0;0;0;0;0;0;0;0;0;0;0;0;0;0;0;0;0;0;0;0;0;0;0;0;0;0;0;0;0;0;0;0;0;0;0;0;0;0;0;0;0;0;0;0;0;0;0;0;0;0;0;0;0;0;0;0;0;0;0;0;0;0;0;0;0;0;0;0;0;0;0;0;0
NATIXIS BRASIL S.A. BANCO MÚLTIPLO;9.274.232;b1;I;3;;8;SAO PAULO;SP;09/2012;0;0;0;0;0;0;0;0;0;0;0;0;0;0;0;0;0;0;0;0;0;0;0;0;0;0;0;0;0;0;0;0;0;0;0;0;0;0;0;0;0;0;0;0;0;0;0;0;0;0;0;0;0;0;0;0;0;0;0;0;0;0;0;0;0;0;0;0;0;0;0;0;0;0;0;0
COOPERATIVA DE CRÉDITO RURAL DA AGRICULTURA FAMILIAR, DOS TRABALHADORES E TRABALHADORAS RURAIS DO MUNICÍPIO DE APIAÍ E REGIÃO/SÃO PAULO;9.347.187;b3S;I;2;;9;APIAI;SP;09/2012;0;0;0;0;0;0;0;0;0;0;0;0;0;0;0;0;0;0;0;0;0;0;0;0;0;0;0;0;0;0;0;0;0;0;0;0;0;0;0;0;0;0;0;0;0;0;0;0;0;0;0;0;0;0;0;0;0;0;0;0;0;0;0;0;0;0;0;0;0;0;0;0;0;0;0;0
BANCO AZTECA DO BRASIL S.A.;9.391.857;b1;I;3;;8;RECIFE;PE;09/2012;0;0;0;0;0;0;0;0;0;0;0;0;0;0;0;0;0;0;0;0;0;0;0;0;0;0;0;0;0;0;0;0;0;0;0;0;0;0;0;0;0;0;0;0;0;0;0;0;0;0;0;0;0;0;0;0;0;0;0;0;0;0;0;0;0;0;0;0;0;0;0;0;0;0;0;0
MIDWAY S.A. - CRÉDITO, FINANCIAMENTO E INVESTIMENTO;9.464.032;n1;I;2;;14;SAO PAULO;SP;09/2012;0;0;0;0;0;0;0;0;0;0;0;0;0;0;0;0;0;0;0;0;0;0;0;0;0;0;0;0;0;0;0;0;0;0;0;0;0;0;0;0;0;0;0;0;0;0;0;0;0;0;0;0;0;0;0;0;0;0;0;0;0;0;0;0;0;0;0;0;0;0;0;0;0;0;0;0
COOPERATIVA DE CRÉDITO RURAL DA AGRICULTURA FAMILIAR DOS TRABALHADORES E TRABALHADORAS RURAIS DA REGIÃO DE JOÃO PINHEIRO;9.674.889;b3S;I;2;;9;JOAO PINHEIRO;MG;09/2012;0;0;0;0;0;0;0;0;0;0;0;0;0;0;0;0;0;0;0;0;0;0;0;0;0;0;0;0;0;0;0;0;0;0;0;0;0;0;0;0;0;0;0;0;0;0;0;0;0;0;0;0;0;0;0;0;0;0;0;0;0;0;0;0;0;0;0;0;0;0;0;0;0;0;0;0
COOPERATIVA DE CRÉDITO MÚTUO DOS INTEGRANTES DA DEFENSORIA PÚBLICA DO ESTADO DO RIO DE JANEIRO LIMITADA - COODPERJ;9.720.794;b3S;I;2;;9;RIO DE JANEIRO;RJ;09/2012;0;0;0;0;0;0;0;0;0;0;0;0;0;0;0;0;0;0;0;0;0;0;0;0;0;0;0;0;0;0;0;0;0;0;0;0;0;0;0;0;0;0;0;0;0;0;0;0;0;0;0;0;0;0;0;0;0;0;0;0;0;0;0;0;0;0;0;0;0;0;0;0;0;0;0;0
DOMUS COMPANHIA HIPOTECÁRIA;10.372.647;n1;I;2;;29;RIO DE JANEIRO;RJ;09/2012;0;0;0;0;0;0;0;0;0;0;0;0;0;0;0;0;0;0;0;0;0;0;0;0;0;0;0;0;0;0;0;0;0;0;0;0;0;0;0;0;0;0;0;0;0;0;0;0;0;0;0;0;0;0;0;0;0;0;0;0;0;0;0;0;0;0;0;0;0;0;0;0;0;0;0;0
COOPERATIVA DE CRÉDITO RURAL DA AGRICULTURA FAMILIAR DOS TRABALHADORES E TRABALHADORAS RURAIS DE JARU - CREDITAG/JARU/RO;10.514.580;b3S;I;2;;9;JARU;RO;09/2012;0;0;0;0;0;0;0;0;0;0;0;0;0;0;0;0;0;0;0;0;0;0;0;0;0;0;0;0;0;0;0;0;0;0;0;0;0;0;0;0;0;0;0;0;0;0;0;0;0;0;0;0;0;0;0;0;0;0;0;0;0;0;0;0;0;0;0;0;0;0;0;0;0;0;0;0
COOPERATIVA DE ECONOMIA E CRÉDITO MÚTUO DOS TRABALHADORES NAS INDÚSTRIAS METALÚRGICAS, MECÂNICA E MATERIAL ELÉTRICO DE SÃO LEOPOLDO E REGIÃO - COOPERMETAL;10.719.496;b3S;I;2;;9;SAO LEOPOLDO;RS;09/2012;0;0;0;0;0;0;0;0;0;0;0;0;0;0;0;0;0;0;0;0;0;0;0;0;0;0;0;0;0;0;0;0;0;0;0;0;0;0;0;0;0;0;0;0;0;0;0;0;0;0;0;0;0;0;0;0;0;0;0;0;0;0;0;0;0;0;0;0;0;0;0;0;0;0;0;0
AGÊNCIA DE FOMENTO DE ALAGOAS S/A - AFAL;10.769.660;n1;I;1;;30;MACEIO;AL;09/2012;0;0;0;0;0;0;0;0;0;0;0;0;0;0;0;0;0;0;0;0;0;0;0;0;0;0;0;0;0;0;0;0;0;0;0;0;0;0;0;0;0;0;0;0;0;0;0;0;0;0;0;0;0;0;0;0;0;0;0;0;0;0;0;0;0;0;0;0;0;0;0;0;0;0;0;0
COOPERATIVA DE ECONOMIA E CRÉDITO MÚTUO DOS SERVIDORES PÚBLICOS DO LITORAL NORTE DO RIO GRANDE DO SUL ? CRESOL COOPERSLIN;11.051.952;b3S;I;2;;9;TORRES;RS;09/2012;0;0;0;0;0;0;0;0;0;0;0;0;0;0;0;0;0;0;0;0;0;0;0;0;0;0;0;0;0;0;0;0;0;0;0;0;0;0;0;0;0;0;0;0;0;0;0;0;0;0;0;0;0;0;0;0;0;0;0;0;0;0;0;0;0;0;0;0;0;0;0;0;0;0;0;0
COOPERATIVA DE CRÉDITO RURAL COM INTERAÇÃO SOLIDÁRIA DE MARILENA - CRESOL MARILENA;11.212.010;b3S;I;2;;9;MARILENA;PR;09/2012;0;0;0;0;0;0;0;0;0;0;0;0;0;0;0;0;0;0;0;0;0;0;0;0;0;0;0;0;0;0;0;0;0;0;0;0;0;0;0;0;0;0;0;0;0;0;0;0;0;0;0;0;0;0;0;0;0;0;0;0;0;0;0;0;0;0;0;0;0;0;0;0;0;0;0;0
DREBES FINANCEIRA S.A. CRÉDITO, FINANCIAMENTO E INVESTIMENTO;11.271.860;n1;I;2;;14;ELDORADO;RS;09/2012;0;0;0;0;0;0;0;0;0;0;0;0;0;0;0;0;0;0;0;0;0;0;0;0;0;0;0;0;0;0;0;0;0;0;0;0;0;0;0;0;0;0;0;0;0;0;0;0;0;0;0;0;0;0;0;0;0;0;0;0;0;0;0;0;0;0;0;0;0;0;0;0;0;0;0;0
COOPERATIVA DE CRÉDITO MÚTUO DOS FUNCIONÁRIOS DA PERPART E DO IPA - COOPEMATER;11.356.599;b3S;I;2;;9;RECIFE;PE;09/2012;0;0;0;0;0;0;0;0;0;0;0;0;0;0;0;0;0;0;0;0;0;0;0;0;0;0;0;0;0;0;0;0;0;0;0;0;0;0;0;0;0;0;0;0;0;0;0;0;0;0;0;0;0;0;0;0;0;0;0;0;0;0;0;0;0;0;0;0;0;0;0;0;0;0;0;0
COOPERATIVA DE CRÉDITO RURAL COM INTERAÇÃO SOLIDÁRIA DE ALTO PARANÁ - CRESOL ALTO PARANÁ;11.453.724;b3S;I;3;;9;ALTO PARANA;PR;09/2012;0;0;0;0;0;0;0;0;0;0;0;0;0;0;0;0;0;0;0;0;0;0;0;0;0;0;0;0;0;0;0;0;0;0;0;0;0;0;0;0;0;0;0;0;0;0;0;0;0;0;0;0;0;0;0;0;0;0;0;0;0;0;0;0;0;0;0;0;0;0;0;0;0;0;0;0
MONEY PLUS SOCIEDADE DE CRÉDITO AO MICROEMPREENDEDOR E A EMPRESA DE PEQUENO PORTE LTDA.;11.581.339;n1;I;2;;10;SAO PAULO;SP;09/2012;0;0;0;0;0;0;0;0;0;0;0;0;0;0;0;0;0;0;0;0;0;0;0;0;0;0;0;0;0;0;0;0;0;0;0;0;0;0;0;0;0;0;0;0;0;0;0;0;0;0;0;0;0;0;0;0;0;0;0;0;0;0;0;0;0;0;0;0;0;0;0;0;0;0;0;0
SENFF S.A. - CRÉDITO, FINANCIAMENTO E INVESTIMENTO;11.970.623;n1;I;2;;14;CURITIBA;PR;09/2012;0;0;0;0;0;0;0;0;0;0;0;0;0;0;0;0;0;0;0;0;0;0;0;0;0;0;0;0;0;0;0;0;0;0;0;0;0;0;0;0;0;0;0;0;0;0;0;0;0;0;0;0;0;0;0;0;0;0;0;0;0;0;0;0;0;0;0;0;0;0;0;0;0;0;0;0
APEAL - CREDITO IMOBILIARIO S/A;12.719.654;n1;I;2;;31;MACEIO;AL;09/2012;0;0;0;0;0;0;0;0;0;0;0;0;0;0;0;0;0;0;0;0;0;0;0;0;0;0;0;0;0;0;0;0;0;0;0;0;0;0;0;0;0;0;0;0;0;0;0;0;0;0;0;0;0;0;0;0;0;0;0;0;0;0;0;0;0;0;0;0;0;0;0;0;0;0;0;0
OCTO CORRETORA DE TÍTULOS E VALORES MOBILIÁRIOS S.A.;13.434.335;n2;I;2;;15;SAO PAULO;SP;09/2012;0;0;0;0;0;0;0;0;0;0;0;0;0;0;0;0;0;0;0;0;0;0;0;0;0;0;0;0;0;0;0;0;0;0;0;0;0;0;0;0;0;0;0;0;0;0;0;0;0;0;0;0;0;0;0;0;0;0;0;0;0;0;0;0;0;0;0;0;0;0;0;0;0;0;0;0
COOPERATIVA DE CRÉDITO MÚTUO DOS SERVIDORES DA UNIÃO NO PARANÁ E EM SANTA CATARINA - FEDERALCRED SUL;13.782.900;b3S;I;2;;9;CURITIBA;PR;09/2012;0;0;0;0;0;0;0;0;0;0;0;0;0;0;0;0;0;0;0;0;0;0;0;0;0;0;0;0;0;0;0;0;0;0;0;0;0;0;0;0;0;0;0;0;0;0;0;0;0;0;0;0;0;0;0;0;0;0;0;0;0;0;0;0;0;0;0;0;0;0;0;0;0;0;0;0
COOPERATIVA DE ECONOMIA E CRÉDITO MÚTUO DOS ADVOGADOS PÚBLICOS FEDERAIS, DEFENSORES PÚBLICOS FEDERAIS E DELEGADOS DA POLÍCIA FEDERAL DO DISTRITO FEDERAL;14.729.710;b3S;I;2;;9;BRASILIA;DF;09/2012;0;0;0;0;0;0;0;0;0;0;0;0;0;0;0;0;0;0;0;0;0;0;0;0;0;0;0;0;0;0;0;0;0;0;0;0;0;0;0;0;0;0;0;0;0;0;0;0;0;0;0;0;0;0;0;0;0;0;0;0;0;0;0;0;0;0;0;0;0;0;0;0;0;0;0;0
CLEAR CORRETORA DE TÍTULOS E VALORES MOBILIÁRIOS LTDA.;15.107.963;n2;I;2;;15;SAO PAULO;SP;09/2012;0;NI;NI;NI;NI;NI;NI;NI;NI;NI;NI;NI;NI;NI;NI;NI;NI;NI;NI;NI;NI;NI;NI;NI;NI;0;0;0;0;0;0;0;0;NI;NI;NI;NI;NI;NI;NI;NI;NI;NI;NI;NI;NI;NI;NI;NI;NI;NI;NI;NI;NI;NI;NI;NI;NI;NI;NI;NI;NI;NI;NI;NI;0;0;0;0;0;0;0;0;0;0;NI
TRADICAO S/A CREDITO IMOBILIARIO;15.213.192;n1;I;2;;31;RIO DE JANEIRO;RJ;09/2012;0;0;0;0;0;0;0;0;0;0;0;0;0;0;0;0;0;0;0;0;0;0;0;0;0;0;0;0;0;0;0;0;0;0;0;0;0;0;0;0;0;0;0;0;0;0;0;0;0;0;0;0;0;0;0;0;0;0;0;0;0;0;0;0;0;0;0;0;0;0;0;0;0;0;0;0
FACTA FINANCEIRA S.A. - CRÉDITO FINANCIAMENTO E INVESTIMENTO;15.581.638;n1;I;2;;14;PORTO ALEGRE;RS;09/2012;0;0;0;0;0;0;0;0;0;0;0;0;0;0;0;0;0;0;0;0;0;0;0;0;0;0;0;0;0;0;0;0;0;0;0;0;0;0;0;0;0;0;0;0;0;0;0;0;0;0;0;0;0;0;0;0;0;0;0;0;0;0;0;0;0;0;0;0;0;0;0;0;0;0;0;0
COOPERATIVA DE ECONOMIA E CRÉDITO MÚTUO DOS TRABALHADORES DO MOINHO SUL MINEIRO S.A. LTDA. -  CREDISULMINEIRO;16.599.441;b3S;I;2;;9;VARGINHA;MG;09/2012;0;0;0;0;0;0;0;0;0;0;0;0;0;0;0;0;0;0;0;0;0;0;0;0;0;0;0;0;0;0;0;0;0;0;0;0;0;0;0;0;0;0;0;0;0;0;0;0;0;0;0;0;0;0;0;0;0;0;0;0;0;0;0;0;0;0;0;0;0;0;0;0;0;0;0;0
COOPERATIVA DE ECONOMIA E CRÉDITO MÚTUO DOS SERVIDORES MUNICIPAIS DE ITABIRA LTDA. - COSEMI;16.651.002;b3S;I;2;;9;ITABIRA;MG;09/2012;0;0;0;0;0;0;0;0;0;0;0;0;0;0;0;0;0;0;0;0;0;0;0;0;0;0;0;0;0;0;0;0;0;0;0;0;0;0;0;0;0;0;0;0;0;0;0;0;0;0;0;0;0;0;0;0;0;0;0;0;0;0;0;0;0;0;0;0;0;0;0;0;0;0;0;0
COOPERATIVA DE ECONOMIA E CRÉDITO MÚTUO DOS FUNCIONÁRIOS DA SECRETARIA DE ESTADO DA FAZENDA DE MINAS GERAIS LTDA.;16.721.078;b3S;I;2;;9;BELO HORIZONTE;MG;09/2012;0;0;0;0;0;0;0;0;0;0;0;0;0;0;0;0;0;0;0;0;0;0;0;0;0;0;0;0;0;0;0;0;0;0;0;0;0;0;0;0;0;0;0;0;0;0;0;0;0;0;0;0;0;0;0;0;0;0;0;0;0;0;0;0;0;0;0;0;0;0;0;0;0;0;0;0
COOPERATIVA DE CRÉDITO DE LIVRE ADMISSÃO DO ALTO VALE DO ITAJAÍ - VIACREDI ALTO VALE;16.779.741;b3S;I;2;;9;IBIRAMA;SC;09/2012;0;0;0;0;0;0;0;0;0;0;0;0;0;0;0;0;0;0;0;0;0;0;0;0;0;0;0;0;0;0;0;0;0;0;0;0;0;0;0;0;0;0;0;0;0;0;0;0;0;0;0;0;0;0;0;0;0;0;0;0;0;0;0;0;0;0;0;0;0;0;0;0;0;0;0;0
COOPERATIVA DE ECONOMIA E CRÉDITO MÚTUO DOS EMPREGADOS DA AÇO MINAS GERAIS S.A. - AÇOMINAS E EMPRESAS SUBSIDIÁRIAS EM OURO BRANCO LTDA. - COOPAÇO;17.314.501;b3S;I;2;;9;OURO BRANCO;MG;09/2012;0;0;0;0;0;0;0;0;0;0;0;0;0;0;0;0;0;0;0;0;0;0;0;0;0;0;0;0;0;0;0;0;0;0;0;0;0;0;0;0;0;0;0;0;0;0;0;0;0;0;0;0;0;0;0;0;0;0;0;0;0;0;0;0;0;0;0;0;0;0;0;0;0;0;0;0
COOPERATIVA DE CRÉDITO DE SERVIDORES PÚBLICOS E TRABALHADORES DA REDE DE ENSINO DA REGIÃO E COLAR METROPOLITANO DO VALE DO AÇO LTDA. - SICOOB COSMIPA;17.361.536;b3S;I;2;;9;IPATINGA;MG;09/2012;0;0;0;0;0;0;0;0;0;0;0;0;0;0;0;0;0;0;0;0;0;0;0;0;0;0;0;0;0;0;0;0;0;0;0;0;0;0;0;0;0;0;0;0;0;0;0;0;0;0;0;0;0;0;0;0;0;0;0;0;0;0;0;0;0;0;0;0;0;0;0;0;0;0;0;0
COOPERATIVA DE ECONOMIA E CRÉDITO MÚTUO DOS EMPREGADOS DAS EMPRESAS PLASCAR;17.411.307;b3S;I;2;;9;JUNDIAI;SP;09/2012;0;0;0;0;0;0;0;0;0;0;0;0;0;0;0;0;0;0;0;0;0;0;0;0;0;0;0;0;0;0;0;0;0;0;0;0;0;0;0;0;0;0;0;0;0;0;0;0;0;0;0;0;0;0;0;0;0;0;0;0;0;0;0;0;0;0;0;0;0;0;0;0;0;0;0;0
COOPERATIVA DE ECONOMIA E CRÉDITO MÚTUO DOS EMPREGADOS DA CEMIG LTDA. - SICOOB CECREMEC;17.502.881;b3S;I;2;;9;BELO HORIZONTE;MG;09/2012;0;0;0;0;0;0;0;0;0;0;0;0;0;0;0;0;0;0;0;0;0;0;0;0;0;0;0;0;0;0;0;0;0;0;0;0;0;0;0;0;0;0;0;0;0;0;0;0;0;0;0;0;0;0;0;0;0;0;0;0;0;0;0;0;0;0;0;0;0;0;0;0;0;0;0;0
COOPERATIVA DE ECONOMIA E CRÉDITO MÚTUO DOS EMPREGADOS DA VALE FERTILIZANTES DE UBERABA - COPERURA LTDA.;17.607.375;b3S;I;2;;9;UBERABA;MG;09/2012;0;0;0;0;0;0;0;0;0;0;0;0;0;0;0;0;0;0;0;0;0;0;0;0;0;0;0;0;0;0;0;0;0;0;0;0;0;0;0;0;0;0;0;0;0;0;0;0;0;0;0;0;0;0;0;0;0;0;0;0;0;0;0;0;0;0;0;0;0;0;0;0;0;0;0;0
COOPERATIVA DE ECONOMIA E CRÉDITO MÚTUO DOS EMPREGADOS DA CBMM LTDA.;18.140.913;b3S;I;2;;9;ARAXA;MG;09/2012;0;0;0;0;0;0;0;0;0;0;0;0;0;0;0;0;0;0;0;0;0;0;0;0;0;0;0;0;0;0;0;0;0;0;0;0;0;0;0;0;0;0;0;0;0;0;0;0;0;0;0;0;0;0;0;0;0;0;0;0;0;0;0;0;0;0;0;0;0;0;0;0;0;0;0;0
COOPERATIVA DE ECONOMIA E CRÉDITO MÚTUO DOS SERVIDORES PÚBLICOS MUNICIPAIS EM JOÃO MONLEVADE LTDA.;18.310.649;b3S;I;2;;9;JOAO MONLEVADE;MG;09/2012;0;0;0;0;0;0;0;0;0;0;0;0;0;0;0;0;0;0;0;0;0;0;0;0;0;0;0;0;0;0;0;0;0;0;0;0;0;0;0;0;0;0;0;0;0;0;0;0;0;0;0;0;0;0;0;0;0;0;0;0;0;0;0;0;0;0;0;0;0;0;0;0;0;0;0;0
COOPERATIVA DE ECONOMIA E CRÉDITO MÚTUO DOS EMPREGADOS DA INDÚSTRIA DE PAPÉIS SUDESTE LTDA . - CREDESTE;18.340.695;b3S;I;2;;9;JUIZ DE FORA;MG;09/2012;0;0;0;0;0;0;0;0;0;0;0;0;0;0;0;0;0;0;0;0;0;0;0;0;0;0;0;0;0;0;0;0;0;0;0;0;0;0;0;0;0;0;0;0;0;0;0;0;0;0;0;0;0;0;0;0;0;0;0;0;0;0;0;0;0;0;0;0;0;0;0;0;0;0;0;0
COOPERATIVA DE ECONOMIA E CRÉDITO MÚTUO DOS EMPREGADOS DA ALCOA ALUMÍNIO S/A E EMPRESAS SUBSIDIÁRIAS NO ESTADO DE MINAS GERAIS LTDA. - CREDIAL;18.625.152;b3S;I;2;;9;POCOS DE CALDAS;MG;09/2012;0;0;0;0;0;0;0;0;0;0;0;0;0;0;0;0;0;0;0;0;0;0;0;0;0;0;0;0;0;0;0;0;0;0;0;0;0;0;0;0;0;0;0;0;0;0;0;0;0;0;0;0;0;0;0;0;0;0;0;0;0;0;0;0;0;0;0;0;0;0;0;0;0;0;0;0
COOPERATIVA DE CRÉDITO DOS EMPREGADOS DA COMPANHIA INDUSTRIAL CATAGUASES E DA BAUMINAS LTDA. - COOPECIC;19.495.266;b3S;I;2;;9;CATAGUASES;MG;09/2012;0;0;0;0;0;0;0;0;0;0;0;0;0;0;0;0;0;0;0;0;0;0;0;0;0;0;0;0;0;0;0;0;0;0;0;0;0;0;0;0;0;0;0;0;0;0;0;0;0;0;0;0;0;0;0;0;0;0;0;0;0;0;0;0;0;0;0;0;0;0;0;0;0;0;0;0
COOPERATIVA DE ECONOMIA E CRÉDITO MÚTUO DOS SERVENTUÁRIOS DA CIMENTO TUPI S.A. E EMPRESAS COLIGADAS LTDA. - TUPICRED;19.551.787;b3S;I;2;;9;CARANDAI;MG;09/2012;0;0;0;0;0;0;0;0;0;0;0;0;0;0;0;0;0;0;0;0;0;0;0;0;0;0;0;0;0;0;0;0;0;0;0;0;0;0;0;0;0;0;0;0;0;0;0;0;0;0;0;0;0;0;0;0;0;0;0;0;0;0;0;0;0;0;0;0;0;0;0;0;0;0;0;0
COOPERATIVA DE ECONOMIA E CRÉDITO MÚTUO DOS COLABORADORES DO GRUPO EMPRESARIAL A COSTA LTDA.;20.062.766;b3S;I;2;;9;VISCONDE DO RIO BRANCO;MG;09/2012;0;0;0;0;0;0;0;0;0;0;0;0;0;0;0;0;0;0;0;0;0;0;0;0;0;0;0;0;0;0;0;0;0;0;0;0;0;0;0;0;0;0;0;0;0;0;0;0;0;0;0;0;0;0;0;0;0;0;0;0;0;0;0;0;0;0;0;0;0;0;0;0;0;0;0;0
COOPERATIVA DE ECONOMIA E CREDITO MUTUO DOS TRABALHADORES DO GRUPO EMPRESARIAL ITATIAIA LTDA. - COOPERITA;20.177.390;b3S;I;2;;9;UBA;MG;09/2012;0;0;0;0;0;0;0;0;0;0;0;0;0;0;0;0;0;0;0;0;0;0;0;0;0;0;0;0;0;0;0;0;0;0;0;0;0;0;0;0;0;0;0;0;0;0;0;0;0;0;0;0;0;0;0;0;0;0;0;0;0;0;0;0;0;0;0;0;0;0;0;0;0;0;0;0
COOPERATIVA DE ECONOMIA E CRÉDITO MÚTUO DOS EMPREGADOS DA SAMARCO MINERAÇÃO S.A. LTDA.;20.622.809;b3S;I;2;;9;BELO HORIZONTE;MG;09/2012;0;0;0;0;0;0;0;0;0;0;0;0;0;0;0;0;0;0;0;0;0;0;0;0;0;0;0;0;0;0;0;0;0;0;0;0;0;0;0;0;0;0;0;0;0;0;0;0;0;0;0;0;0;0;0;0;0;0;0;0;0;0;0;0;0;0;0;0;0;0;0;0;0;0;0;0
COOPERATIVA DE CRÉDITO DOS SERVIDORES PÚBLICOS MUNICIPAIS DE TIMÓTEO LTDA. - COOPERTIM;20.833.976;b3S;I;2;;9;TIMOTEO;MG;09/2012;0;0;0;0;0;0;0;0;0;0;0;0;0;0;0;0;0;0;0;0;0;0;0;0;0;0;0;0;0;0;0;0;0;0;0;0;0;0;0;0;0;0;0;0;0;0;0;0;0;0;0;0;0;0;0;0;0;0;0;0;0;0;0;0;0;0;0;0;0;0;0;0;0;0;0;0
COOPERATIVA DE CRÉDITO MÚTUO DOS EMPREGADOS DO CENTRO UNIVERSITÁRIO NEWTON PAIVA LTDA. - CREDIPAIVA;20.833.992;b3S;I;2;;9;BELO HORIZONTE;MG;09/2012;0;0;0;0;0;0;0;0;0;0;0;0;0;0;0;0;0;0;0;0;0;0;0;0;0;0;0;0;0;0;0;0;0;0;0;0;0;0;0;0;0;0;0;0;0;0;0;0;0;0;0;0;0;0;0;0;0;0;0;0;0;0;0;0;0;0;0;0;0;0;0;0;0;0;0;0
COOPERATIVA DE ECONOMIA E CRÉDITO MÚTUO DOS COLABORADORES DA COOPEDER LTDA. - CREDER;21.130.869;b3S;I;2;;9;BELO HORIZONTE;MG;09/2012;0;0;0;0;0;0;0;0;0;0;0;0;0;0;0;0;0;0;0;0;0;0;0;0;0;0;0;0;0;0;0;0;0;0;0;0;0;0;0;0;0;0;0;0;0;0;0;0;0;0;0;0;0;0;0;0;0;0;0;0;0;0;0;0;0;0;0;0;0;0;0;0;0;0;0;0
COOPERATIVA DE ECONOMIA E CRÉDITO MÚTUO DOS EMPREGADOS EM INDÚSTRIAS METALÚRGICAS E DE MATERIAL ELÉTRICO DE JUIZ DE FORA LTDA. - CECREPAM;21.464.557;b3S;I;2;;9;JUIZ DE FORA;MG;09/2012;0;0;0;0;0;0;0;0;0;0;0;0;0;0;0;0;0;0;0;0;0;0;0;0;0;0;0;0;0;0;0;0;0;0;0;0;0;0;0;0;0;0;0;0;0;0;0;0;0;0;0;0;0;0;0;0;0;0;0;0;0;0;0;0;0;0;0;0;0;0;0;0;0;0;0;0
COOPERATIVA DE ECONOMIA E CRÉDITO MÚTUO DOS EMPREGADOS DA BECTON DICKINSON INDÚSTRIAS CIRÚRGICAS LTDA., LTDA.;21.597.133;b3S;I;2;;9;JUIZ DE FORA;MG;09/2012;0;0;0;0;0;0;0;0;0;0;0;0;0;0;0;0;0;0;0;0;0;0;0;0;0;0;0;0;0;0;0;0;0;0;0;0;0;0;0;0;0;0;0;0;0;0;0;0;0;0;0;0;0;0;0;0;0;0;0;0;0;0;0;0;0;0;0;0;0;0;0;0;0;0;0;0
COOPERATIVA DE ECONOMIA E CRÉDITO MÚTUO DOS FUNCIONÁRIOS DA ASSEMBLEIA LEGISLATIVA DO ESTADO DE MINAS GERAIS LTDA. - SICOOB COFAL;21.797.311;b3S;I;2;;9;BELO HORIZONTE;MG;09/2012;0;0;0;0;0;0;0;0;0;0;0;0;0;0;0;0;0;0;0;0;0;0;0;0;0;0;0;0;0;0;0;0;0;0;0;0;0;0;0;0;0;0;0;0;0;0;0;0;0;0;0;0;0;0;0;0;0;0;0;0;0;0;0;0;0;0;0;0;0;0;0;0;0;0;0;0
COOPERATIVA DE ECONOMIA E CRÉDITO MÚTUO DOS EMPREGADOS DA NOVELIS DO BRASIL LTDA. - COOPA;23.069.867;b3S;I;2;;9;OURO PRETO;MG;09/2012;0;0;0;0;0;0;0;0;0;0;0;0;0;0;0;0;0;0;0;0;0;0;0;0;0;0;0;0;0;0;0;0;0;0;0;0;0;0;0;0;0;0;0;0;0;0;0;0;0;0;0;0;0;0;0;0;0;0;0;0;0;0;0;0;0;0;0;0;0;0;0;0;0;0;0;0
CREBEL - COOPERATIVA DE ECONOMIA E CRÉDITO MÚTUO DOS COLABORADORES DAS EMPRESAS BELGO BEKAERT - CREBEL LTDA.;23.241.540;b3S;I;2;;9;CONTAGEM;MG;09/2012;0;0;0;0;0;0;0;0;0;0;0;0;0;0;0;0;0;0;0;0;0;0;0;0;0;0;0;0;0;0;0;0;0;0;0;0;0;0;0;0;0;0;0;0;0;0;0;0;0;0;0;0;0;0;0;0;0;0;0;0;0;0;0;0;0;0;0;0;0;0;0;0;0;0;0;0
COOPERATIVA DE ECONOMIA E CRÉDITO MÚTUO DOS EMPREGADOS DAS EMPRESAS SIDERÚRGICAS, METALÚRGICAS E ELETRO-MECÂNICAS DE JOÃO MONLEVADE LTDA. - CREDIBELGO;24.235.459;b3S;I;2;;9;JOAO MONLEVADE;MG;09/2012;0;0;0;0;0;0;0;0;0;0;0;0;0;0;0;0;0;0;0;0;0;0;0;0;0;0;0;0;0;0;0;0;0;0;0;0;0;0;0;0;0;0;0;0;0;0;0;0;0;0;0;0;0;0;0;0;0;0;0;0;0;0;0;0;0;0;0;0;0;0;0;0;0;0;0;0
COOPERATIVA DE CRÉDITO DOS INTEGRANTES DO PODER JUDICIÁRIO DA UNIÃO E MPU EM MINAS GERAIS LTDA. - SICOOB COOPJUS;25.363.615;b3S;I;2;;9;BELO HORIZONTE;MG;09/2012;0;0;0;0;0;0;0;0;0;0;0;0;0;0;0;0;0;0;0;0;0;0;0;0;0;0;0;0;0;0;0;0;0;0;0;0;0;0;0;0;0;0;0;0;0;0;0;0;0;0;0;0;0;0;0;0;0;0;0;0;0;0;0;0;0;0;0;0;0;0;0;0;0;0;0;0
COOPERATIVA DE ECONOMIA E CRÉDITO MÚTUO DOS PETROLEIROS NO ESTADO DE MINAS GERAIS LTDA. - COPETRO;26.758.433;b3S;I;2;;9;BELO HORIZONTE;MG;09/2012;0;0;0;0;0;0;0;0;0;0;0;0;0;0;0;0;0;0;0;0;0;0;0;0;0;0;0;0;0;0;0;0;0;0;0;0;0;0;0;0;0;0;0;0;0;0;0;0;0;0;0;0;0;0;0;0;0;0;0;0;0;0;0;0;0;0;0;0;0;0;0;0;0;0;0;0
COOPERATIVA DE ECONOMIA E CREDITO MUTUO DOS EMPREGADOS DO GRUPO USINA PAINEIRAS LTDA - CRED-PAN;27.140.946;b3S;I;2;;9;ITAPEMIRIM;ES;09/2012;0;0;0;0;0;0;0;0;0;0;0;0;0;0;0;0;0;0;0;0;0;0;0;0;0;0;0;0;0;0;0;0;0;0;0;0;0;0;0;0;0;0;0;0;0;0;0;0;0;0;0;0;0;0;0;0;0;0;0;0;0;0;0;0;0;0;0;0;0;0;0;0;0;0;0;0
COOPERÁGUIA - COOPERATIVA DE ECONOMIA E CRÉDITO MÚTUO DOS EMPREGADOS DO GRUPO ÁGUIA BRANCA;27.171.974;b3S;I;2;;9;CARIACICA;ES;09/2012;0;0;0;0;0;0;0;0;0;0;0;0;0;0;0;0;0;0;0;0;0;0;0;0;0;0;0;0;0;0;0;0;0;0;0;0;0;0;0;0;0;0;0;0;0;0;0;0;0;0;0;0;0;0;0;0;0;0;0;0;0;0;0;0;0;0;0;0;0;0;0;0;0;0;0;0
COOPERATIVA DE ECONOMIA E CREDITO MUTUO DOS SERVIDORES UNIVERSIDADE FEDERAL DO ESPIRITO SANTO - CRED-UFES;27.302.181;b3S;I;2;;9;VITORIA;ES;09/2012;0;0;0;0;0;0;0;0;0;0;0;0;0;0;0;0;0;0;0;0;0;0;0;0;0;0;0;0;0;0;0;0;0;0;0;0;0;0;0;0;0;0;0;0;0;0;0;0;0;0;0;0;0;0;0;0;0;0;0;0;0;0;0;0;0;0;0;0;0;0;0;0;0;0;0;0
DACASA FINANCEIRA S.A.-SOC. DE CRED. FINANC. E INVESTIMENTO;27.406.222;n1;I;2;;14;VITORIA;ES;09/2012;0;0;0;0;0;0;0;0;0;0;0;0;0;0;0;0;0;0;0;0;0;0;0;0;0;0;0;0;0;0;0;0;0;0;0;0;0;0;0;0;0;0;0;0;0;0;0;0;0;0;0;0;0;0;0;0;0;0;0;0;0;0;0;0;0;0;0;0;0;0;0;0;0;0;0;0
COOPERATIVA DE ECONOMIA E CRÉDITO MÚTUO DOS TRABALHADORES EM SANEAMENTO BÁSICO NO ESTADO DO ESPÍRITO SANTO - CECMESB-ES;27.418.557;b3S;I;3;;9;VITORIA;ES;09/2012;0;0;0;0;0;0;0;0;0;0;0;0;0;0;0;0;0;0;0;0;0;0;0;0;0;0;0;0;0;0;0;0;0;0;0;0;0;0;0;0;0;0;0;0;0;0;0;0;0;0;0;0;0;0;0;0;0;0;0;0;0;0;0;0;0;0;0;0;0;0;0;0;0;0;0;0
COOPERATIVA DE ECONOMIA E CREDITO MUTUO DOS EMPREGADOS DA TEADIT E OUTRAS EMPRESAS ASSOCIADAS LTDA;27.669.753;b3S;I;2;;9;RIO DE JANEIRO;RJ;09/2012;0;0;0;0;0;0;0;0;0;0;0;0;0;0;0;0;0;0;0;0;0;0;0;0;0;0;0;0;0;0;0;0;0;0;0;0;0;0;0;0;0;0;0;0;0;0;0;0;0;0;0;0;0;0;0;0;0;0;0;0;0;0;0;0;0;0;0;0;0;0;0;0;0;0;0;0
CRETOVALE - COOPERATIVA DE ECONOMIA E CRÉDITO MÚTUO DOS TRABALHADORES DA VALE;28.145.589;b3S;I;2;;9;VITORIA;ES;09/2012;0;0;0;0;0;0;0;0;0;0;0;0;0;0;0;0;0;0;0;0;0;0;0;0;0;0;0;0;0;0;0;0;0;0;0;0;0;0;0;0;0;0;0;0;0;0;0;0;0;0;0;0;0;0;0;0;0;0;0;0;0;0;0;0;0;0;0;0;0;0;0;0;0;0;0;0
COOPERATIVA DE ECONOMIA E CRÉDITO MÚTUO DOS EMPREGADOS DA JOLIMODE ROUPAS E EMPRESAS COLIGADAS LTDA;28.244.622;b3S;I;2;;9;RIO DE JANEIRO;RJ;09/2012;0;0;0;0;0;0;0;0;0;0;0;0;0;0;0;0;0;0;0;0;0;0;0;0;0;0;0;0;0;0;0;0;0;0;0;0;0;0;0;0;0;0;0;0;0;0;0;0;0;0;0;0;0;0;0;0;0;0;0;0;0;0;0;0;0;0;0;0;0;0;0;0;0;0;0;0
COOPERATIVA DE ECONOMIA E CREDITO MUTUO DOS SERVIDORES DA UERJ LTDA. - COOPUERJ;28.885.036;b3S;I;2;;9;RIO DE JANEIRO;RJ;09/2012;0;0;0;0;0;0;0;0;0;0;0;0;0;0;0;0;0;0;0;0;0;0;0;0;0;0;0;0;0;0;0;0;0;0;0;0;0;0;0;0;0;0;0;0;0;0;0;0;0;0;0;0;0;0;0;0;0;0;0;0;0;0;0;0;0;0;0;0;0;0;0;0;0;0;0;0
COOPERATIVA DE ECONOMIA E CREDITO MUTUO DOS SERVIDORES DA UNIVERSIDADE FEDERAL FLUMINENSE LTDA;29.283.884;b3S;I;2;;9;NITEROI;RJ;09/2012;0;0;0;0;0;0;0;0;0;0;0;0;0;0;0;0;0;0;0;0;0;0;0;0;0;0;0;0;0;0;0;0;0;0;0;0;0;0;0;0;0;0;0;0;0;0;0;0;0;0;0;0;0;0;0;0;0;0;0;0;0;0;0;0;0;0;0;0;0;0;0;0;0;0;0;0
COOPERATIVA DE ECONOMIA E CRÉDITO MÚTUO DOS EMPREGADOS DA DELPHOS LTDA.;29.326.816;b3S;I;2;;9;RIO DE JANEIRO;RJ;09/2012;0;0;0;0;0;0;0;0;0;0;0;0;0;0;0;0;0;0;0;0;0;0;0;0;0;0;0;0;0;0;0;0;0;0;0;0;0;0;0;0;0;0;0;0;0;0;0;0;0;0;0;0;0;0;0;0;0;0;0;0;0;0;0;0;0;0;0;0;0;0;0;0;0;0;0;0
COOPERATIVA DE ECONOMIA E CREDITO MUTUO DOS SERVIDORES DA COMLURB LTDA;29.341.260;b3S;I;2;;9;RIO DE JANEIRO;RJ;09/2012;0;0;0;0;0;0;0;0;0;0;0;0;0;0;0;0;0;0;0;0;0;0;0;0;0;0;0;0;0;0;0;0;0;0;0;0;0;0;0;0;0;0;0;0;0;0;0;0;0;0;0;0;0;0;0;0;0;0;0;0;0;0;0;0;0;0;0;0;0;0;0;0;0;0;0;0
COOPERATIVA DE ECONOMIA E CREDITO MUTUO ITARARE LTDA;29.460.649;b3S;I;2;;9;RIO DE JANEIRO;RJ;09/2012;0;0;0;0;0;0;0;0;0;0;0;0;0;0;0;0;0;0;0;0;0;0;0;0;0;0;0;0;0;0;0;0;0;0;0;0;0;0;0;0;0;0;0;0;0;0;0;0;0;0;0;0;0;0;0;0;0;0;0;0;0;0;0;0;0;0;0;0;0;0;0;0;0;0;0;0
COOPERATIVA DE ECONOMIA E CREDITO MUTUO DOS EMPREGADOS DO GRUPO JOSE NEFFA LTDA;29.985.421;b3S;I;2;;9;VITORIA;ES;09/2012;0;0;0;0;0;0;0;0;0;0;0;0;0;0;0;0;0;0;0;0;0;0;0;0;0;0;0;0;0;0;0;0;0;0;0;0;0;0;0;0;0;0;0;0;0;0;0;0;0;0;0;0;0;0;0;0;0;0;0;0;0;0;0;0;0;0;0;0;0;0;0;0;0;0;0;0
COOPERATIVA DE ECONOMIA E CREDITO MUTUO DOS EMPREGADOS DA CIA DE ELETRICIDADE DO ESTADO DO RJ CREDICERJ LTDA;30.138.226;b3S;I;2;;9;NITEROI;RJ;09/2012;0;0;0;0;0;0;0;0;0;0;0;0;0;0;0;0;0;0;0;0;0;0;0;0;0;0;0;0;0;0;0;0;0;0;0;0;0;0;0;0;0;0;0;0;0;0;0;0;0;0;0;0;0;0;0;0;0;0;0;0;0;0;0;0;0;0;0;0;0;0;0;0;0;0;0;0
COOPERATIVA DE ECONOMIA E CRÉDITO MÚTUO DOS SERVIDORES DA CNC SESC SENAC LTDA.;30.304.919;b3S;I;2;;9;RIO DE JANEIRO;RJ;09/2012;0;0;0;0;0;0;0;0;0;0;0;0;0;0;0;0;0;0;0;0;0;0;0;0;0;0;0;0;0;0;0;0;0;0;0;0;0;0;0;0;0;0;0;0;0;0;0;0;0;0;0;0;0;0;0;0;0;0;0;0;0;0;0;0;0;0;0;0;0;0;0;0;0;0;0;0
COOPERATIVA DE ECONOMIA E CREDITO MUTUO DOS EMPREGADOS DOS LABORATORIOS B.BRAUN LTDA;30.586.895;b3S;I;2;;9;SAO GONCALO;RJ;09/2012;0;0;0;0;0;0;0;0;0;0;0;0;0;0;0;0;0;0;0;0;0;0;0;0;0;0;0;0;0;0;0;0;0;0;0;0;0;0;0;0;0;0;0;0;0;0;0;0;0;0;0;0;0;0;0;0;0;0;0;0;0;0;0;0;0;0;0;0;0;0;0;0;0;0;0;0
COOPERATIVA DE ECONOMIA E CRÉDITO MÚTUO DOS FUNCIONÁRIOS DA CEPLAC LTDA;32.615.247;b3S;I;2;;9;ILHEUS;BA;09/2012;0;0;0;0;0;0;0;0;0;0;0;0;0;0;0;0;0;0;0;0;0;0;0;0;0;0;0;0;0;0;0;0;0;0;0;0;0;0;0;0;0;0;0;0;0;0;0;0;0;0;0;0;0;0;0;0;0;0;0;0;0;0;0;0;0;0;0;0;0;0;0;0;0;0;0;0
COOPERATIVA DE ECONOMIA E CRÉDITO MÚTUO DOS EMPREGADOS DA COSAN ALIMENTOS LTDA.;33.370.172;b3S;I;2;;9;RIO DE JANEIRO;RJ;09/2012;0;0;0;0;0;0;0;0;0;0;0;0;0;0;0;0;0;0;0;0;0;0;0;0;0;0;0;0;0;0;0;0;0;0;0;0;0;0;0;0;0;0;0;0;0;0;0;0;0;0;0;0;0;0;0;0;0;0;0;0;0;0;0;0;0;0;0;0;0;0;0;0;0;0;0;0
COOPERATIVA DE ECONOMIA E CREDITO MUTUO JOHN F. KENNEDY LTDA;33.735.192;b3S;I;2;;9;RIO DE JANEIRO;RJ;09/2012;0;0;0;0;0;0;0;0;0;0;0;0;0;0;0;0;0;0;0;0;0;0;0;0;0;0;0;0;0;0;0;0;0;0;0;0;0;0;0;0;0;0;0;0;0;0;0;0;0;0;0;0;0;0;0;0;0;0;0;0;0;0;0;0;0;0;0;0;0;0;0;0;0;0;0;0
ATIVA S.A. CORRETORA DE TITULOS, CAMBIO E VALORES;33.775.974;n2;I;2;;15;RIO DE JANEIRO;RJ;09/2012;0;0;0;0;0;0;0;0;0;0;0;0;0;0;0;0;0;0;0;0;0;0;0;0;0;0;0;0;0;0;0;0;0;0;0;0;0;0;0;0;0;0;0;0;0;0;0;0;0;0;0;0;0;0;0;0;0;0;0;0;0;0;0;0;0;0;0;0;0;0;0;0;0;0;0;0
COOPERATIVA DE ECONOMIA E CREDITO MUTUO DOS EMPREGADOS DO GRUPO BEZERRA DE MELLO LTDA;33.916.883;b3S;I;2;;9;RIO DE JANEIRO;RJ;09/2012;0;0;0;0;0;0;0;0;0;0;0;0;0;0;0;0;0;0;0;0;0;0;0;0;0;0;0;0;0;0;0;0;0;0;0;0;0;0;0;0;0;0;0;0;0;0;0;0;0;0;0;0;0;0;0;0;0;0;0;0;0;0;0;0;0;0;0;0;0;0;0;0;0;0;0;0
COOPERATIVA DE ECONOMIA E CREDITO MUTUO DOS EMPREGADOS DO GRUPO CVRD E ENTIDADES VINCULADAS LTDA.;33.924.028;b3S;I;2;;9;RIO DE JANEIRO;RJ;09/2012;0;0;0;0;0;0;0;0;0;0;0;0;0;0;0;0;0;0;0;0;0;0;0;0;0;0;0;0;0;0;0;0;0;0;0;0;0;0;0;0;0;0;0;0;0;0;0;0;0;0;0;0;0;0;0;0;0;0;0;0;0;0;0;0;0;0;0;0;0;0;0;0;0;0;0;0
UNICREF - COOPERATIVA DE ECONOMIA E CRÉDITO MÚTUO DOS FUNCIONÁRIOS DA UNIMED DE MANAUS LTDA.;34.503.581;b3S;I;2;;9;MANAUS;AM;09/2012;0;0;0;0;0;0;0;0;0;0;0;0;0;0;0;0;0;0;0;0;0;0;0;0;0;0;0;0;0;0;0;0;0;0;0;0;0;0;0;0;0;0;0;0;0;0;0;0;0;0;0;0;0;0;0;0;0;0;0;0;0;0;0;0;0;0;0;0;0;0;0;0;0;0;0;0
COOPERATIVA DE ECONOMIA E CRÉDITO MÚTUO SERV E MEMBROS JUSTIÇA TRABALHO E MINIST PÚBL TRABALHO NO TERRITÓRIO NACIONAL, PODER JUD FEDERAL E MPU PARÁ, SANTA CATARINA, TSE E STM NO DF -SICOOB CREDIJUSTRA;37.079.720;b3S;I;2;;9;BRASILIA;DF;09/2012;0;0;0;0;0;0;0;0;0;0;0;0;0;0;0;0;0;0;0;0;0;0;0;0;0;0;0;0;0;0;0;0;0;0;0;0;0;0;0;0;0;0;0;0;0;0;0;0;0;0;0;0;0;0;0;0;0;0;0;0;0;0;0;0;0;0;0;0;0;0;0;0;0;0;0;0
COOPERATIVA DE ECONOMIA E CRÉDITO MÚTUO DOS FUNCIONÁRIOS DA ASSEMBLÉIA LEGISLATIVA DO ESTADO DA PARAÍBA LTDA. -  COOPERLEGIS;41.146.382;b3S;I;2;;9;JOAO PESSOA;PB;09/2012;0;0;0;0;0;0;0;0;0;0;0;0;0;0;0;0;0;0;0;0;0;0;0;0;0;0;0;0;0;0;0;0;0;0;0;0;0;0;0;0;0;0;0;0;0;0;0;0;0;0;0;0;0;0;0;0;0;0;0;0;0;0;0;0;0;0;0;0;0;0;0;0;0;0;0;0
COOPSEBRAE - COOPERATIVA DE CRÉDITO MÚTUO DOS FUNCIONÁRIOS DO SEBRAE/PB, SEBRAE/RN E SESC, SENAC E SENAR EM JOÃO PESSOA;41.219.353;b3S;I;2;;9;JOAO PESSOA;PB;09/2012;0;0;0;0;0;0;0;0;0;0;0;0;0;0;0;0;0;0;0;0;0;0;0;0;0;0;0;0;0;0;0;0;0;0;0;0;0;0;0;0;0;0;0;0;0;0;0;0;0;0;0;0;0;0;0;0;0;0;0;0;0;0;0;0;0;0;0;0;0;0;0;0;0;0;0;0
COOPERATIVA DE ECONOMIA E CRÉDITO MÚTUO DOS INTEGRANTES DAS CARREIRAS DE AUDITORIA FISCAL DA RECEITA FEDERAL DO BRASIL, SERVIDORES E FUNCIONÁRIOS DO MIN. DA FAZENDA EM MINAS GERAIS LTDA. - CREDIFISCO;41.661.984;b3S;I;2;;9;BELO HORIZONTE;MG;09/2012;0;0;0;0;0;0;0;0;0;0;0;0;0;0;0;0;0;0;0;0;0;0;0;0;0;0;0;0;0;0;0;0;0;0;0;0;0;0;0;0;0;0;0;0;0;0;0;0;0;0;0;0;0;0;0;0;0;0;0;0;0;0;0;0;0;0;0;0;0;0;0;0;0;0;0;0
COOPERATIVA DE ECONOMIA E CRÉDITO MÚTUO DOS EMPREGADOS DA HELIBRAS - HELICOOP;41.790.809;b3S;I;2;;9;ITAJUBA;MG;09/2012;0;0;0;0;0;0;0;0;0;0;0;0;0;0;0;0;0;0;0;0;0;0;0;0;0;0;0;0;0;0;0;0;0;0;0;0;0;0;0;0;0;0;0;0;0;0;0;0;0;0;0;0;0;0;0;0;0;0;0;0;0;0;0;0;0;0;0;0;0;0;0;0;0;0;0;0
COOPERATIVA DE ECONOMIA E CRÉDITO MÚTUO DOS SERVIDORES MUNICIPAIS DE POÇOS DE CALDAS LTDA. - COOPOÇOS;41.791.005;b3S;I;2;;9;POCOS DE CALDAS;MG;09/2012;0;0;0;0;0;0;0;0;0;0;0;0;0;0;0;0;0;0;0;0;0;0;0;0;0;0;0;0;0;0;0;0;0;0;0;0;0;0;0;0;0;0;0;0;0;0;0;0;0;0;0;0;0;0;0;0;0;0;0;0;0;0;0;0;0;0;0;0;0;0;0;0;0;0;0;0
COOPERATIVA DE ECONOMIA E CREDITO MUTUO DOS SERVIDORES DA EMPRESA BRASILEIRA DE CORREIOS E TELEGRAFOS LTDA;42.100.982;b3S;I;2;;9;RIO DE JANEIRO;RJ;09/2012;0;0;0;0;0;0;0;0;0;0;0;0;0;0;0;0;0;0;0;0;0;0;0;0;0;0;0;0;0;0;0;0;0;0;0;0;0;0;0;0;0;0;0;0;0;0;0;0;0;0;0;0;0;0;0;0;0;0;0;0;0;0;0;0;0;0;0;0;0;0;0;0;0;0;0;0
COOPERATIVA DE ECONOMIA E CREDITO MUTUO DOS EMPREGADOS DE ELEVADORES ATLAS SCHINDLER LTDA.;42.107.706;b3S;I;2;;9;RIO DE JANEIRO;RJ;09/2012;0;0;0;0;0;0;0;0;0;0;0;0;0;0;0;0;0;0;0;0;0;0;0;0;0;0;0;0;0;0;0;0;0;0;0;0;0;0;0;0;0;0;0;0;0;0;0;0;0;0;0;0;0;0;0;0;0;0;0;0;0;0;0;0;0;0;0;0;0;0;0;0;0;0;0;0
COOPERATIVA DE ECONOMIA E CREDITO MUTUO DOS FUNCIONARIOS DE PRODUTOS ROCHE QUIMICOS E FARMACEUTICOS S.A., LTDA;42.123.000;b3S;I;2;;9;RIO DE JANEIRO;RJ;09/2012;0;0;0;0;0;0;0;0;0;0;0;0;0;0;0;0;0;0;0;0;0;0;0;0;0;0;0;0;0;0;0;0;0;0;0;0;0;0;0;0;0;0;0;0;0;0;0;0;0;0;0;0;0;0;0;0;0;0;0;0;0;0;0;0;0;0;0;0;0;0;0;0;0;0;0;0
COOPERATIVA DE CRÉDITO DOS EMPREGADOS DO IRB-BRASIL RE LTDA.;42.153.585;b3S;I;2;;9;RIO DE JANEIRO;RJ;09/2012;0;0;0;0;0;0;0;0;0;0;0;0;0;0;0;0;0;0;0;0;0;0;0;0;0;0;0;0;0;0;0;0;0;0;0;0;0;0;0;0;0;0;0;0;0;0;0;0;0;0;0;0;0;0;0;0;0;0;0;0;0;0;0;0;0;0;0;0;0;0;0;0;0;0;0;0
COOPERATIVA DE ECONOMIA E CREDITO MUTUO DOS EMPREGADOS DA FABRIMAR S.A. INDUSTRIA E COMERCIO LTDA;42.240.382;b3S;I;2;;9;RIO DE JANEIRO;RJ;09/2012;0;0;0;0;0;0;0;0;0;0;0;0;0;0;0;0;0;0;0;0;0;0;0;0;0;0;0;0;0;0;0;0;0;0;0;0;0;0;0;0;0;0;0;0;0;0;0;0;0;0;0;0;0;0;0;0;0;0;0;0;0;0;0;0;0;0;0;0;0;0;0;0;0;0;0;0
COOPERATIVA DE ECONOMIA E CREDITO MUTUO DOS FUNCIONARIOS DA FMC LTDA;42.258.376;b3S;I;2;;9;RIO DE JANEIRO;RJ;09/2012;0;0;0;0;0;0;0;0;0;0;0;0;0;0;0;0;0;0;0;0;0;0;0;0;0;0;0;0;0;0;0;0;0;0;0;0;0;0;0;0;0;0;0;0;0;0;0;0;0;0;0;0;0;0;0;0;0;0;0;0;0;0;0;0;0;0;0;0;0;0;0;0;0;0;0;0
COOPERATIVA DE ECONOMIA E CRÉDITO MÚTUO DOS EMPREGADOS DA PONTIFÍCIA UNIVERSIDADE CATÓLICA DO RIO DEJANEIRO LTDA.;42.445.122;b3S;I;2;;9;RIO DE JANEIRO;RJ;09/2012;0;0;0;0;0;0;0;0;0;0;0;0;0;0;0;0;0;0;0;0;0;0;0;0;0;0;0;0;0;0;0;0;0;0;0;0;0;0;0;0;0;0;0;0;0;0;0;0;0;0;0;0;0;0;0;0;0;0;0;0;0;0;0;0;0;0;0;0;0;0;0;0;0;0;0;0
COOPERATIVA DE ECONOMIA E CRÉDITO MÚTUO DOS FUNCIONÁRIOS DO GRUPO OWENS-ILLINOIS DO BRASIL;43.182.278;b3S;I;2;;9;SAO PAULO;SP;09/2012;0;0;0;0;0;0;0;0;0;0;0;0;0;0;0;0;0;0;0;0;0;0;0;0;0;0;0;0;0;0;0;0;0;0;0;0;0;0;0;0;0;0;0;0;0;0;0;0;0;0;0;0;0;0;0;0;0;0;0;0;0;0;0;0;0;0;0;0;0;0;0;0;0;0;0;0
COOPERATIVA DE ECONOMIA E CRÉDITO MÚTUO DOS FUNCIONÁRIOS DO GRUPO AVIBRAS;43.268.960;b3S;I;2;;9;SAO JOSE DOS CAMPOS;SP;09/2012;0;0;0;0;0;0;0;0;0;0;0;0;0;0;0;0;0;0;0;0;0;0;0;0;0;0;0;0;0;0;0;0;0;0;0;0;0;0;0;0;0;0;0;0;0;0;0;0;0;0;0;0;0;0;0;0;0;0;0;0;0;0;0;0;0;0;0;0;0;0;0;0;0;0;0;0
COOPERATIVA DE ECONOMIA E CRÉDITO MÚTUO DOS FUNCIONÁRIOS DA ABRIL;43.438.662;b3S;I;2;;9;SAO PAULO;SP;09/2012;0;0;0;0;0;0;0;0;0;0;0;0;0;0;0;0;0;0;0;0;0;0;0;0;0;0;0;0;0;0;0;0;0;0;0;0;0;0;0;0;0;0;0;0;0;0;0;0;0;0;0;0;0;0;0;0;0;0;0;0;0;0;0;0;0;0;0;0;0;0;0;0;0;0;0;0
COOPERATIVA DE ECONOMIA E CRÉDITO MÚTUO DOS EMPREGADOS DO GRUPO FEMSA BRASIL;43.488.782;b3S;I;2;;9;SAO PAULO;SP;09/2012;0;0;0;0;0;0;0;0;0;0;0;0;0;0;0;0;0;0;0;0;0;0;0;0;0;0;0;0;0;0;0;0;0;0;0;0;0;0;0;0;0;0;0;0;0;0;0;0;0;0;0;0;0;0;0;0;0;0;0;0;0;0;0;0;0;0;0;0;0;0;0;0;0;0;0;0
COOPERATIVA DE ECONOMIA E CRÉDITO MÚTUO DOS EMPREGADOS DA EATON LTDA.;43.553.049;b3S;I;2;;9;SAO JOSE DOS CAMPOS;SP;09/2012;0;0;0;0;0;0;0;0;0;0;0;0;0;0;0;0;0;0;0;0;0;0;0;0;0;0;0;0;0;0;0;0;0;0;0;0;0;0;0;0;0;0;0;0;0;0;0;0;0;0;0;0;0;0;0;0;0;0;0;0;0;0;0;0;0;0;0;0;0;0;0;0;0;0;0;0
COOPERATIVA DE CRÉDITO DOS EMPREGADOS DE ELEVADORES ATLAS;43.730.498;b3S;I;2;;9;SAO PAULO;SP;09/2012;0;0;0;0;0;0;0;0;0;0;0;0;0;0;0;0;0;0;0;0;0;0;0;0;0;0;0;0;0;0;0;0;0;0;0;0;0;0;0;0;0;0;0;0;0;0;0;0;0;0;0;0;0;0;0;0;0;0;0;0;0;0;0;0;0;0;0;0;0;0;0;0;0;0;0;0
COOPERATIVA DE ECONOMIA E CRÉDITO MÚTUO DOS EMPREGADOS DA CALOI NORTE;43.941.145;b3S;I;2;;9;ATIBAIA;SP;09/2012;0;0;0;0;0;0;0;0;0;0;0;0;0;0;0;0;0;0;0;0;0;0;0;0;0;0;0;0;0;0;0;0;0;0;0;0;0;0;0;0;0;0;0;0;0;0;0;0;0;0;0;0;0;0;0;0;0;0;0;0;0;0;0;0;0;0;0;0;0;0;0;0;0;0;0;0
COOPERATIVA DE ECONOMIA E CRÉDITO MÚTUO DOS EMPREGADOS DA RECKITT BENCKISER;44.223.196;b3S;I;2;;9;SAO PAULO;SP;09/2012;0;0;0;0;0;0;0;0;0;0;0;0;0;0;0;0;0;0;0;0;0;0;0;0;0;0;0;0;0;0;0;0;0;0;0;0;0;0;0;0;0;0;0;0;0;0;0;0;0;0;0;0;0;0;0;0;0;0;0;0;0;0;0;0;0;0;0;0;0;0;0;0;0;0;0;0
COOPERATIVA DE ECONOMIA E CRÉDITO MÚTUO DOS FUNCIONÁRIOS DA MAXION LTDA.;44.378.586;b3S;I;2;;9;CONTAGEM;MG;09/2012;0;0;0;0;0;0;0;0;0;0;0;0;0;0;0;0;0;0;0;0;0;0;0;0;0;0;0;0;0;0;0;0;0;0;0;0;0;0;0;0;0;0;0;0;0;0;0;0;0;0;0;0;0;0;0;0;0;0;0;0;0;0;0;0;0;0;0;0;0;0;0;0;0;0;0;0
COOPERATIVA DE CRÉDITO MÚTUO DOS EMPREGADOS DE EMPRESAS METALÚRGICAS DO ESTADO DE SÃO PAULO;44.401.800;b3S;I;2;;9;SAO BERNARDO DO CAMPO;SP;09/2012;0;0;0;0;0;0;0;0;0;0;0;0;0;0;0;0;0;0;0;0;0;0;0;0;0;0;0;0;0;0;0;0;0;0;0;0;0;0;0;0;0;0;0;0;0;0;0;0;0;0;0;0;0;0;0;0;0;0;0;0;0;0;0;0;0;0;0;0;0;0;0;0;0;0;0;0
COOPERATIVA DE ECONOMIA E CRÉDITO MÚTUO DOS FUNCIONÁRIOS DO HOSPITAL VERA CRUZ E VERA CRUZ ASSOCIAÇÃO DE SAÚDE;44.588.366;b3S;I;2;;9;CAMPINAS;SP;09/2012;0;0;0;0;0;0;0;0;0;0;0;0;0;0;0;0;0;0;0;0;0;0;0;0;0;0;0;0;0;0;0;0;0;0;0;0;0;0;0;0;0;0;0;0;0;0;0;0;0;0;0;0;0;0;0;0;0;0;0;0;0;0;0;0;0;0;0;0;0;0;0;0;0;0;0;0
COOPERATIVA DE ECONOMIA E CRÉDITO MÚTUO DOS EMPREGADOS DA MABE CAMPINAS ELETRODOMÉSTICOS LTDA.;44.589.760;b3S;I;2;;9;CAMPINAS;SP;09/2012;0;0;0;0;0;0;0;0;0;0;0;0;0;0;0;0;0;0;0;0;0;0;0;0;0;0;0;0;0;0;0;0;0;0;0;0;0;0;0;0;0;0;0;0;0;0;0;0;0;0;0;0;0;0;0;0;0;0;0;0;0;0;0;0;0;0;0;0;0;0;0;0;0;0;0;0
COOPERATIVA DE CRÉDITO DOS FORNECEDORES DE CANA DE BARRA BONITA E REGIÃO;44.746.352;b3S;I;2;;9;BARRA BONITA;SP;09/2012;0;0;0;0;0;0;0;0;0;0;0;0;0;0;0;0;0;0;0;0;0;0;0;0;0;0;0;0;0;0;0;0;0;0;0;0;0;0;0;0;0;0;0;0;0;0;0;0;0;0;0;0;0;0;0;0;0;0;0;0;0;0;0;0;0;0;0;0;0;0;0;0;0;0;0;0
COOPERATIVA DE ECONOMIA E CRÉDITO MÚTUO DOS FUNCIONÁRIOS DO GRUPO LORENZETTI;44.905.255;b3S;I;2;;9;SAO PAULO;SP;09/2012;0;0;0;0;0;0;0;0;0;0;0;0;0;0;0;0;0;0;0;0;0;0;0;0;0;0;0;0;0;0;0;0;0;0;0;0;0;0;0;0;0;0;0;0;0;0;0;0;0;0;0;0;0;0;0;0;0;0;0;0;0;0;0;0;0;0;0;0;0;0;0;0;0;0;0;0
COOPERATIVA DE ECONOMIA E CRÉDITO MÚTUO DOS FUNCIONÁRIOS DA CIA AÇUCAREIRA VALE DO ROSÁRIO - COOPERVALE;44.958.981;b3S;I;2;;9;MORRO AGUDO;SP;09/2012;0;0;0;0;0;0;0;0;0;0;0;0;0;0;0;0;0;0;0;0;0;0;0;0;0;0;0;0;0;0;0;0;0;0;0;0;0;0;0;0;0;0;0;0;0;0;0;0;0;0;0;0;0;0;0;0;0;0;0;0;0;0;0;0;0;0;0;0;0;0;0;0;0;0;0;0
COOPERATIVA DE ECONOMIA E CRÉDITO MÚTUO DOS FUNCIONÁRIOS DA ELGIN;45.045.671;b3S;I;2;;9;MOGI DAS CRUZES;SP;09/2012;0;0;0;0;0;0;0;0;0;0;0;0;0;0;0;0;0;0;0;0;0;0;0;0;0;0;0;0;0;0;0;0;0;0;0;0;0;0;0;0;0;0;0;0;0;0;0;0;0;0;0;0;0;0;0;0;0;0;0;0;0;0;0;0;0;0;0;0;0;0;0;0;0;0;0;0
COOPERATIVA DE ECONOMIA E CRÉDITO MÚTUO DOS FUNCIONÁRIOS DA ACUMENT BRASIL;45.068.632;b3S;I;2;;9;ATIBAIA;SP;09/2012;0;0;0;0;0;0;0;0;0;0;0;0;0;0;0;0;0;0;0;0;0;0;0;0;0;0;0;0;0;0;0;0;0;0;0;0;0;0;0;0;0;0;0;0;0;0;0;0;0;0;0;0;0;0;0;0;0;0;0;0;0;0;0;0;0;0;0;0;0;0;0;0;0;0;0;0
COOPERATIVA DE ECONOMIA E CRÉDITO MÚTUO DOS FUNCIONÁRIOS DE PARKER HANNIFIN;45.214.947;b3S;I;2;;9;JACAREI;SP;09/2012;0;0;0;0;0;0;0;0;0;0;0;0;0;0;0;0;0;0;0;0;0;0;0;0;0;0;0;0;0;0;0;0;0;0;0;0;0;0;0;0;0;0;0;0;0;0;0;0;0;0;0;0;0;0;0;0;0;0;0;0;0;0;0;0;0;0;0;0;0;0;0;0;0;0;0;0
COOPERATIVA DE CRÉDITO MÚTUO DOS FUNCIONÁRIOS DA FÁBRICA DE CIMENTO VOTORAN;45.421.856;b3S;I;2;;9;VOTORANTIM;SP;09/2012;0;0;0;0;0;0;0;0;0;0;0;0;0;0;0;0;0;0;0;0;0;0;0;0;0;0;0;0;0;0;0;0;0;0;0;0;0;0;0;0;0;0;0;0;0;0;0;0;0;0;0;0;0;0;0;0;0;0;0;0;0;0;0;0;0;0;0;0;0;0;0;0;0;0;0;0
COOPERATIVA DE ECONOMIA E CRÉDITO MÚTUO DOS EMPREGADOS DA JOHNSON & JOHNSON;45.691.128;b3S;I;2;;9;SAO JOSE DOS CAMPOS;SP;09/2012;0;0;0;0;0;0;0;0;0;0;0;0;0;0;0;0;0;0;0;0;0;0;0;0;0;0;0;0;0;0;0;0;0;0;0;0;0;0;0;0;0;0;0;0;0;0;0;0;0;0;0;0;0;0;0;0;0;0;0;0;0;0;0;0;0;0;0;0;0;0;0;0;0;0;0;0
COOPERATIVA DE ECONOMIA E CRÉDITO MÚTUO DOS TRABALHADORES NA ALLIEDSIGNAL;46.037.073;b3S;I;2;;9;SOROCABA;SP;09/2012;0;0;0;0;0;0;0;0;0;0;0;0;0;0;0;0;0;0;0;0;0;0;0;0;0;0;0;0;0;0;0;0;0;0;0;0;0;0;0;0;0;0;0;0;0;0;0;0;0;0;0;0;0;0;0;0;0;0;0;0;0;0;0;0;0;0;0;0;0;0;0;0;0;0;0;0
COOPERATIVA DE ECONOMIA E CRÉDITO MÚTUO DOS EMPREGADOS DA RHODIA PAULINIA;46.058.731;b3S;I;2;;9;PAULINIA;SP;09/2012;0;0;0;0;0;0;0;0;0;0;0;0;0;0;0;0;0;0;0;0;0;0;0;0;0;0;0;0;0;0;0;0;0;0;0;0;0;0;0;0;0;0;0;0;0;0;0;0;0;0;0;0;0;0;0;0;0;0;0;0;0;0;0;0;0;0;0;0;0;0;0;0;0;0;0;0
COOPERATIVA DE ECONOMIA E CRÉDITO MÚTUO DOS EMPREGADOS DO GRUPO PÃO DE AÇÚCAR;46.277.273;b3S;I;2;;9;SAO PAULO;SP;09/2012;0;0;0;0;0;0;0;0;0;0;0;0;0;0;0;0;0;0;0;0;0;0;0;0;0;0;0;0;0;0;0;0;0;0;0;0;0;0;0;0;0;0;0;0;0;0;0;0;0;0;0;0;0;0;0;0;0;0;0;0;0;0;0;0;0;0;0;0;0;0;0;0;0;0;0;0
COOPERATIVA DE CRÉDITO MÚTUO DOS EMPREGADOS DA EMBRAER;46.642.294;b3S;I;2;;9;SAO JOSE DOS CAMPOS;SP;09/2012;0;0;0;0;0;0;0;0;0;0;0;0;0;0;0;0;0;0;0;0;0;0;0;0;0;0;0;0;0;0;0;0;0;0;0;0;0;0;0;0;0;0;0;0;0;0;0;0;0;0;0;0;0;0;0;0;0;0;0;0;0;0;0;0;0;0;0;0;0;0;0;0;0;0;0;0
COOPERATIVA DE ECONOMIA E CRÉDITO MÚTUO DOS EMPREGADOS DA COOP - COOPERATIVA DE CONSUMO;47.074.323;b3S;I;2;;9;SANTO ANDRE;SP;09/2012;0;0;0;0;0;0;0;0;0;0;0;0;0;0;0;0;0;0;0;0;0;0;0;0;0;0;0;0;0;0;0;0;0;0;0;0;0;0;0;0;0;0;0;0;0;0;0;0;0;0;0;0;0;0;0;0;0;0;0;0;0;0;0;0;0;0;0;0;0;0;0;0;0;0;0;0
COOPERATIVA DE ECONOMIA E CRÉDITO MÚTUO DOS FUNCIONÁRIOS DO GRUPO COMOLATTI - SÃO PAULO;47.196.084;b3S;I;2;;9;SAO PAULO;SP;09/2012;0;0;0;0;0;0;0;0;0;0;0;0;0;0;0;0;0;0;0;0;0;0;0;0;0;0;0;0;0;0;0;0;0;0;0;0;0;0;0;0;0;0;0;0;0;0;0;0;0;0;0;0;0;0;0;0;0;0;0;0;0;0;0;0;0;0;0;0;0;0;0;0;0;0;0;0
COOPERATIVA DE ECONOMIA E CRÉDITO MÚTUO DOS EMPREGADOS DA SAINT-GOBAIN DO BRASIL PRODUTOS INDUSTRIAIS E PARA CONSTRUÇÃO - DIVISÃO VIDRO PLANO;48.140.925;b3S;I;2;;9;MAUA;SP;09/2012;0;0;0;0;0;0;0;0;0;0;0;0;0;0;0;0;0;0;0;0;0;0;0;0;0;0;0;0;0;0;0;0;0;0;0;0;0;0;0;0;0;0;0;0;0;0;0;0;0;0;0;0;0;0;0;0;0;0;0;0;0;0;0;0;0;0;0;0;0;0;0;0;0;0;0;0
COOPERATIVA DE ECONOMIA E CRÉDITO MÚTUO DOS FUNCIONÁRIOS DA OWENS CORNING FIBERGLAS AMÉRICA DO SUL;48.172.860;b3S;I;2;;9;RIO CLARO;SP;09/2012;0;0;0;0;0;0;0;0;0;0;0;0;0;0;0;0;0;0;0;0;0;0;0;0;0;0;0;0;0;0;0;0;0;0;0;0;0;0;0;0;0;0;0;0;0;0;0;0;0;0;0;0;0;0;0;0;0;0;0;0;0;0;0;0;0;0;0;0;0;0;0;0;0;0;0;0
COOPERATIVA DE ECONOMIA E CRÉDITO MÚTUO DOS FUNCIONÁRIOS DA ERICSSON;48.718.183;b3S;I;2;;9;SAO PAULO;SP;09/2012;0;0;0;0;0;0;0;0;0;0;0;0;0;0;0;0;0;0;0;0;0;0;0;0;0;0;0;0;0;0;0;0;0;0;0;0;0;0;0;0;0;0;0;0;0;0;0;0;0;0;0;0;0;0;0;0;0;0;0;0;0;0;0;0;0;0;0;0;0;0;0;0;0;0;0;0
COOPERATIVA DE CRÉDITO MÚTUO DOS EMPREGADOS DO GRUPO METSO E DA DYNAPAC - NOSSACRED;49.060.635;b3S;I;2;;9;SOROCABA;SP;09/2012;0;0;0;0;0;0;0;0;0;0;0;0;0;0;0;0;0;0;0;0;0;0;0;0;0;0;0;0;0;0;0;0;0;0;0;0;0;0;0;0;0;0;0;0;0;0;0;0;0;0;0;0;0;0;0;0;0;0;0;0;0;0;0;0;0;0;0;0;0;0;0;0;0;0;0;0
COOPERATIVA DE CRÉDITO MÚTUO DOS EMPREGADOS DA SKF E COLIGADAS;49.091.119;b3S;I;2;;9;CAJAMAR;SP;09/2012;0;0;0;0;0;0;0;0;0;0;0;0;0;0;0;0;0;0;0;0;0;0;0;0;0;0;0;0;0;0;0;0;0;0;0;0;0;0;0;0;0;0;0;0;0;0;0;0;0;0;0;0;0;0;0;0;0;0;0;0;0;0;0;0;0;0;0;0;0;0;0;0;0;0;0;0
NOSSA TERRA COOPERATIVA DE CRÉDITO;49.204.605;b3S;I;2;;9;CAJATI;SP;09/2012;0;0;0;0;0;0;0;0;0;0;0;0;0;0;0;0;0;0;0;0;0;0;0;0;0;0;0;0;0;0;0;0;0;0;0;0;0;0;0;0;0;0;0;0;0;0;0;0;0;0;0;0;0;0;0;0;0;0;0;0;0;0;0;0;0;0;0;0;0;0;0;0;0;0;0;0
COOPERATIVA DE CRÉDITO RURAL DOS AGROPECUARISTAS DA REGIÃO DE PORTO FELIZ;50.334.234;b3S;I;2;;9;PORTO FELIZ;SP;09/2012;0;0;0;0;0;0;0;0;0;0;0;0;0;0;0;0;0;0;0;0;0;0;0;0;0;0;0;0;0;0;0;0;0;0;0;0;0;0;0;0;0;0;0;0;0;0;0;0;0;0;0;0;0;0;0;0;0;0;0;0;0;0;0;0;0;0;0;0;0;0;0;0;0;0;0;0
COOPERATIVA DE ECONOMIA E CRÉDITO MÚTUO DOS FUNCIONÁRIOS DA DANA;50.654.300;b3S;I;2;;9;OSASCO;SP;09/2012;0;0;0;0;0;0;0;0;0;0;0;0;0;0;0;0;0;0;0;0;0;0;0;0;0;0;0;0;0;0;0;0;0;0;0;0;0;0;0;0;0;0;0;0;0;0;0;0;0;0;0;0;0;0;0;0;0;0;0;0;0;0;0;0;0;0;0;0;0;0;0;0;0;0;0;0
COOPERATIVA DE CRÉDITO DOS PLANTADORES DE CANA DA REGIÃO DE LENÇÓIS PAULISTA;50.848.910;b3S;I;2;;9;LENCOIS PAULISTA;SP;09/2012;0;0;0;0;0;0;0;0;0;0;0;0;0;0;0;0;0;0;0;0;0;0;0;0;0;0;0;0;0;0;0;0;0;0;0;0;0;0;0;0;0;0;0;0;0;0;0;0;0;0;0;0;0;0;0;0;0;0;0;0;0;0;0;0;0;0;0;0;0;0;0;0;0;0;0;0
COOPERATIVA DE CRÉDITO DOS FUNCIONÁRIOS DA ABB - COOPERABB;51.010.858;b3S;I;2;;9;GUARULHOS;SP;09/2012;0;0;0;0;0;0;0;0;0;0;0;0;0;0;0;0;0;0;0;0;0;0;0;0;0;0;0;0;0;0;0;0;0;0;0;0;0;0;0;0;0;0;0;0;0;0;0;0;0;0;0;0;0;0;0;0;0;0;0;0;0;0;0;0;0;0;0;0;0;0;0;0;0;0;0;0
COOPERATIVA DE ECONOMIA E CRÉDITO MÚTUO DOS MAGISTRADOS DE SÃO PAULO - MAGISCRED;51.489.318;b3S;I;2;;9;SAO PAULO;SP;09/2012;0;0;0;0;0;0;0;0;0;0;0;0;0;0;0;0;0;0;0;0;0;0;0;0;0;0;0;0;0;0;0;0;0;0;0;0;0;0;0;0;0;0;0;0;0;0;0;0;0;0;0;0;0;0;0;0;0;0;0;0;0;0;0;0;0;0;0;0;0;0;0;0;0;0;0;0
COOPERATIVA DE ECONOMIA E CRÉDITO MÚTUO DOS FUNCIONÁRIOS DA VB TRANSPORTES E TURISMO;51.920.502;b3S;I;2;;9;CAMPINAS;SP;09/2012;0;0;0;0;0;0;0;0;0;0;0;0;0;0;0;0;0;0;0;0;0;0;0;0;0;0;0;0;0;0;0;0;0;0;0;0;0;0;0;0;0;0;0;0;0;0;0;0;0;0;0;0;0;0;0;0;0;0;0;0;0;0;0;0;0;0;0;0;0;0;0;0;0;0;0;0
COOPERATIVA DE ECONOMIA E CRÉDITO MÚTUO DOS FUNCIONÁRIOS DO ATACADÃO;52.046.299;b3S;I;3;;9;SAO PAULO;SP;09/2012;0;0;0;0;0;0;0;0;0;0;0;0;0;0;0;0;0;0;0;0;0;0;0;0;0;0;0;0;0;0;0;0;0;0;0;0;0;0;0;0;0;0;0;0;0;0;0;0;0;0;0;0;0;0;0;0;0;0;0;0;0;0;0;0;0;0;0;0;0;0;0;0;0;0;0;0
COOPERATIVA DE ECONOMIA E CRÉDITO MÚTUO DOS SERVIDORES DA PREFEITURA MUNICIPAL DE VOTORANTIM;52.137.361;b3S;I;2;;9;VOTORANTIM;SP;09/2012;0;0;0;0;0;0;0;0;0;0;0;0;0;0;0;0;0;0;0;0;0;0;0;0;0;0;0;0;0;0;0;0;0;0;0;0;0;0;0;0;0;0;0;0;0;0;0;0;0;0;0;0;0;0;0;0;0;0;0;0;0;0;0;0;0;0;0;0;0;0;0;0;0;0;0;0
COOPERATIVA DE ECONOMIA E CRÉDITO MÚTUO DOS FUNCIONÁRIOS DE ZANETTINI BAROSSI;52.218.849;b3S;I;2;;9;SAO PAULO;SP;09/2012;0;0;0;0;0;0;0;0;0;0;0;0;0;0;0;0;0;0;0;0;0;0;0;0;0;0;0;0;0;0;0;0;0;0;0;0;0;0;0;0;0;0;0;0;0;0;0;0;0;0;0;0;0;0;0;0;0;0;0;0;0;0;0;0;0;0;0;0;0;0;0;0;0;0;0;0
COOPERATIVA DE ECONOMIA E CRÉDITO MÚTUO DOS FUNCIONÁRIOS DAS EMPRESAS DE ENERGIA ELÉTRICA DO ESTADO DE SÃO PAULO - COOPENERG;52.301.496;b3S;I;2;;9;SAO PAULO;SP;09/2012;0;0;0;0;0;0;0;0;0;0;0;0;0;0;0;0;0;0;0;0;0;0;0;0;0;0;0;0;0;0;0;0;0;0;0;0;0;0;0;0;0;0;0;0;0;0;0;0;0;0;0;0;0;0;0;0;0;0;0;0;0;0;0;0;0;0;0;0;0;0;0;0;0;0;0;0
COOPERATIVA DE ECONOMIA E CRÉDITO MÚTUO DOS FUNCIONÁRIOS DA GERDAU S.A. - UNIDADE MOGI DAS CRUZES;52.575.206;b3S;I;2;;9;MOGI DAS CRUZES;SP;09/2012;0;0;0;0;0;0;0;0;0;0;0;0;0;0;0;0;0;0;0;0;0;0;0;0;0;0;0;0;0;0;0;0;0;0;0;0;0;0;0;0;0;0;0;0;0;0;0;0;0;0;0;0;0;0;0;0;0;0;0;0;0;0;0;0;0;0;0;0;0;0;0;0;0;0;0;0
COOPERATIVA DE CRÉDITO RURAL DOS PLANTADORES DE CANA DA REGIÃO DE IGARAPAVA;52.623.311;b3S;I;2;;9;IGARAPAVA;SP;09/2012;0;0;0;0;0;0;0;0;0;0;0;0;0;0;0;0;0;0;0;0;0;0;0;0;0;0;0;0;0;0;0;0;0;0;0;0;0;0;0;0;0;0;0;0;0;0;0;0;0;0;0;0;0;0;0;0;0;0;0;0;0;0;0;0;0;0;0;0;0;0;0;0;0;0;0;0
COOPERATIVA DE ECONOMIA E CRÉDITO MÚTUO ALIANÇA;52.935.442;b3S;I;2;;9;SAO PAULO;SP;09/2012;0;0;0;0;0;0;0;0;0;0;0;0;0;0;0;0;0;0;0;0;0;0;0;0;0;0;0;0;0;0;0;0;0;0;0;0;0;0;0;0;0;0;0;0;0;0;0;0;0;0;0;0;0;0;0;0;0;0;0;0;0;0;0;0;0;0;0;0;0;0;0;0;0;0;0;0
FAMILIA PAULISTA CREDITO IMOBILIARIO S.A.;53.146.221;n1;I;2;;31;SANTOS;SP;09/2012;0;0;0;0;0;0;0;0;0;0;0;0;0;0;0;0;0;0;0;0;0;0;0;0;0;0;0;0;0;0;0;0;0;0;0;0;0;0;0;0;0;0;0;0;0;0;0;0;0;0;0;0;0;0;0;0;0;0;0;0;0;0;0;0;0;0;0;0;0;0;0;0;0;0;0;0
COOPERATIVA DE ECONOMIA E CRÉDITO MÚTUO DOS COLABORADORES DA CEBRACE;53.184.438;b3S;I;2;;9;JACAREI;SP;09/2012;0;0;0;0;0;0;0;0;0;0;0;0;0;0;0;0;0;0;0;0;0;0;0;0;0;0;0;0;0;0;0;0;0;0;0;0;0;0;0;0;0;0;0;0;0;0;0;0;0;0;0;0;0;0;0;0;0;0;0;0;0;0;0;0;0;0;0;0;0;0;0;0;0;0;0;0
COOPERATIVA DE ECONOMIA E CRÉDITO MÚTUO DOS EMPREGADOS DAS INDÚSTRIAS UNILEVER DO BRASIL;53.272.365;b3S;I;2;;9;VALINHOS;SP;09/2012;0;0;0;0;0;0;0;0;0;0;0;0;0;0;0;0;0;0;0;0;0;0;0;0;0;0;0;0;0;0;0;0;0;0;0;0;0;0;0;0;0;0;0;0;0;0;0;0;0;0;0;0;0;0;0;0;0;0;0;0;0;0;0;0;0;0;0;0;0;0;0;0;0;0;0;0
COOPERATIVA DE CRÉDITO MÚTUO DOS SERVIDORES DE ÓRGAOS GESTORES DE RECURSOS HÍDRICOS DO ESTADO DE SÃO PAULO - COOPERHIDRO;53.800.488;b3S;I;2;;9;SAO PAULO;SP;09/2012;0;0;0;0;0;0;0;0;0;0;0;0;0;0;0;0;0;0;0;0;0;0;0;0;0;0;0;0;0;0;0;0;0;0;0;0;0;0;0;0;0;0;0;0;0;0;0;0;0;0;0;0;0;0;0;0;0;0;0;0;0;0;0;0;0;0;0;0;0;0;0;0;0;0;0;0
COOPERATIVA DE ECONOMIA E CRÉDITO MÚTUO DOS FUNCIONÁRIOS DA VILLARES METALS;53.846.242;b3S;I;2;;9;SUMARE;SP;09/2012;0;0;0;0;0;0;0;0;0;0;0;0;0;0;0;0;0;0;0;0;0;0;0;0;0;0;0;0;0;0;0;0;0;0;0;0;0;0;0;0;0;0;0;0;0;0;0;0;0;0;0;0;0;0;0;0;0;0;0;0;0;0;0;0;0;0;0;0;0;0;0;0;0;0;0;0
COOPERATIVA DE CRÉDITO MÚTUO DOS FUNCIONÁRIOS DAS EMPRESAS FERROVIÁRIAS NO ESTADO DE SÃO PAULO;53.932.869;b3S;I;2;;9;OSASCO;SP;09/2012;0;0;0;0;0;0;0;0;0;0;0;0;0;0;0;0;0;0;0;0;0;0;0;0;0;0;0;0;0;0;0;0;0;0;0;0;0;0;0;0;0;0;0;0;0;0;0;0;0;0;0;0;0;0;0;0;0;0;0;0;0;0;0;0;0;0;0;0;0;0;0;0;0;0;0;0
COOPERATIVA DE ECONOMIA E CRÉDITO MÚTUO DOS EMPREGADOS DA COMPANHIA BRASILEIRA DE ALUMÍNIO;54.335.401;b3S;I;2;;9;ALUMINIO;SP;09/2012;0;0;0;0;0;0;0;0;0;0;0;0;0;0;0;0;0;0;0;0;0;0;0;0;0;0;0;0;0;0;0;0;0;0;0;0;0;0;0;0;0;0;0;0;0;0;0;0;0;0;0;0;0;0;0;0;0;0;0;0;0;0;0;0;0;0;0;0;0;0;0;0;0;0;0;0
COOPERATIVA DE ECONOMIA E CRÉDITO MÚTUO DOS EMPREGADOS E SERVIDORES DA SABESP E EM EMPRESAS DE SANEAMENTO AMBIENTAL DO ESTADO DE SÃO PAULO - CECRES;54.603.022;b3S;I;2;;9;SAO PAULO;SP;09/2012;0;0;0;0;0;0;0;0;0;0;0;0;0;0;0;0;0;0;0;0;0;0;0;0;0;0;0;0;0;0;0;0;0;0;0;0;0;0;0;0;0;0;0;0;0;0;0;0;0;0;0;0;0;0;0;0;0;0;0;0;0;0;0;0;0;0;0;0;0;0;0;0;0;0;0;0
COOPERATIVA DE CRÉDITO MÚTUO DOS EMPREGADOS DA FIAÇÃO ALPINA - COOPERALPINA;55.319.370;b3S;I;2;;9;VOTORANTIM;SP;09/2012;0;0;0;0;0;0;0;0;0;0;0;0;0;0;0;0;0;0;0;0;0;0;0;0;0;0;0;0;0;0;0;0;0;0;0;0;0;0;0;0;0;0;0;0;0;0;0;0;0;0;0;0;0;0;0;0;0;0;0;0;0;0;0;0;0;0;0;0;0;0;0;0;0;0;0;0
COOPERATIVA DE ECONOMIA E CRÉDITO MÚTUO DOS EMPREGADOS DA ELEKTRO;56.396.682;b3S;I;2;;9;RIO CLARO;SP;09/2012;0;0;0;0;0;0;0;0;0;0;0;0;0;0;0;0;0;0;0;0;0;0;0;0;0;0;0;0;0;0;0;0;0;0;0;0;0;0;0;0;0;0;0;0;0;0;0;0;0;0;0;0;0;0;0;0;0;0;0;0;0;0;0;0;0;0;0;0;0;0;0;0;0;0;0;0
CREDICONT - COOPERATIVA DE EC. E CRÉDITO MÚTUO DOS EMPREGADOS DAS EMPRESAS INDUSTRIAIS, COMERCIAIS, DE ASSIST. TÉCNICA E LOCADORAS, NAS ÁREAS DE METALURGIA E MAT. ELÉTRICO REGIÕES SÃO PAULO E CAMPINAS;56.882.988;b3S;I;2;;9;HORTOLANDIA;SP;09/2012;0;0;0;0;0;0;0;0;0;0;0;0;0;0;0;0;0;0;0;0;0;0;0;0;0;0;0;0;0;0;0;0;0;0;0;0;0;0;0;0;0;0;0;0;0;0;0;0;0;0;0;0;0;0;0;0;0;0;0;0;0;0;0;0;0;0;0;0;0;0;0;0;0;0;0;0
COOPERATIVA DE ECONOMIA E CRÉDITO MÚTUO DOS FUNCIONÁRIOS DA BOMBRIL;57.038.408;b3S;I;2;;9;SAO BERNARDO DO CAMPO;SP;09/2012;0;0;0;0;0;0;0;0;0;0;0;0;0;0;0;0;0;0;0;0;0;0;0;0;0;0;0;0;0;0;0;0;0;0;0;0;0;0;0;0;0;0;0;0;0;0;0;0;0;0;0;0;0;0;0;0;0;0;0;0;0;0;0;0;0;0;0;0;0;0;0;0;0;0;0;0
COOPERATIVA DE ECONOMIA E CRÉDITO MÚTUO DOS FUNCIONÁRIOS DA TICKET SERVIÇOS COMÉRCIO E ADMINISTRAÇÃO;57.440.521;b3S;I;2;;9;SAO PAULO;SP;09/2012;0;0;0;0;0;0;0;0;0;0;0;0;0;0;0;0;0;0;0;0;0;0;0;0;0;0;0;0;0;0;0;0;0;0;0;0;0;0;0;0;0;0;0;0;0;0;0;0;0;0;0;0;0;0;0;0;0;0;0;0;0;0;0;0;0;0;0;0;0;0;0;0;0;0;0;0
COOPERATIVA DE ECONOMIA E CRÉDITO MÚTUO DOS EMPREGADOS DA NOVELIS E DA ITAP/BEMIS;57.545.436;b3S;I;2;;9;SANTO ANDRE;SP;09/2012;0;0;0;0;0;0;0;0;0;0;0;0;0;0;0;0;0;0;0;0;0;0;0;0;0;0;0;0;0;0;0;0;0;0;0;0;0;0;0;0;0;0;0;0;0;0;0;0;0;0;0;0;0;0;0;0;0;0;0;0;0;0;0;0;0;0;0;0;0;0;0;0;0;0;0;0
COOPERATIVA DE ECONOMIA E CRÉDITO MÚTUO DOS EMPREGADOS DAS EMPRESAS DO GRUPO ECONÔMICO RHODIA;57.563.728;b3S;I;2;;9;SANTO ANDRE;SP;09/2012;0;0;0;0;0;0;0;0;0;0;0;0;0;0;0;0;0;0;0;0;0;0;0;0;0;0;0;0;0;0;0;0;0;0;0;0;0;0;0;0;0;0;0;0;0;0;0;0;0;0;0;0;0;0;0;0;0;0;0;0;0;0;0;0;0;0;0;0;0;0;0;0;0;0;0;0
COOPERATIVA DE ECONOMIA E CRÉDITO MÚTUO DOS FUNCIONÁRIOS DA NGK - COOPERNGK;57.687.899;b3S;I;2;;9;MOGI DAS CRUZES;SP;09/2012;0;0;0;0;0;0;0;0;0;0;0;0;0;0;0;0;0;0;0;0;0;0;0;0;0;0;0;0;0;0;0;0;0;0;0;0;0;0;0;0;0;0;0;0;0;0;0;0;0;0;0;0;0;0;0;0;0;0;0;0;0;0;0;0;0;0;0;0;0;0;0;0;0;0;0;0
COOPERATIVA DE ECONOMIA E CRÉDITO MÚTUO DOS FUNCIONÁRIOS DA CAROL - COOPERCAROL;57.987.273;b3S;I;2;;9;ORLANDIA;SP;09/2012;0;0;0;0;0;0;0;0;0;0;0;0;0;0;0;0;0;0;0;0;0;0;0;0;0;0;0;0;0;0;0;0;0;0;0;0;0;0;0;0;0;0;0;0;0;0;0;0;0;0;0;0;0;0;0;0;0;0;0;0;0;0;0;0;0;0;0;0;0;0;0;0;0;0;0;0
COOPERATIVA DE CRÉDITO DOS EMPREGADOS DO GRUPO AKZO NOBEL BRASIL - COOP AKZONOBEL;57.996.878;b3S;I;2;;9;MAUA;SP;09/2012;0;0;0;0;0;0;0;0;0;0;0;0;0;0;0;0;0;0;0;0;0;0;0;0;0;0;0;0;0;0;0;0;0;0;0;0;0;0;0;0;0;0;0;0;0;0;0;0;0;0;0;0;0;0;0;0;0;0;0;0;0;0;0;0;0;0;0;0;0;0;0;0;0;0;0;0
COOPERATIVA DE CRÉDITO MÚTUO DOS EMPREGADOS DA MAXION - CREDMAXION;58.290.800;b3S;I;2;;9;CRUZEIRO;SP;09/2012;0;0;0;0;0;0;0;0;0;0;0;0;0;0;0;0;0;0;0;0;0;0;0;0;0;0;0;0;0;0;0;0;0;0;0;0;0;0;0;0;0;0;0;0;0;0;0;0;0;0;0;0;0;0;0;0;0;0;0;0;0;0;0;0;0;0;0;0;0;0;0;0;0;0;0;0
COOPERATIVA DE ECONOMIA E CRÉDITO MÚTUO DOS EMPREGADOS DA MONSANTO;59.133.793;b3S;I;2;;9;SAO PAULO;SP;09/2012;0;0;0;0;0;0;0;0;0;0;0;0;0;0;0;0;0;0;0;0;0;0;0;0;0;0;0;0;0;0;0;0;0;0;0;0;0;0;0;0;0;0;0;0;0;0;0;0;0;0;0;0;0;0;0;0;0;0;0;0;0;0;0;0;0;0;0;0;0;0;0;0;0;0;0;0
COOPERATIVA DE ECONOMIA E CRÉDITO MÚTUO DOS EMPREGADOS DA USIPARTS;59.301.762;b3S;I;2;;9;POUSO ALEGRE;MG;09/2012;0;0;0;0;0;0;0;0;0;0;0;0;0;0;0;0;0;0;0;0;0;0;0;0;0;0;0;0;0;0;0;0;0;0;0;0;0;0;0;0;0;0;0;0;0;0;0;0;0;0;0;0;0;0;0;0;0;0;0;0;0;0;0;0;0;0;0;0;0;0;0;0;0;0;0;0
COOPERATIVA DE ECONOMIA E CRÉDITO MÚTUO DOS FUNCIONÁRIOS DA INTERNATIONAL INDÚSTRIA AUTOMOTIVA DA AMÉRICA DO SUL;59.620.708;b3S;I;2;;9;SAO PAULO;SP;09/2012;0;0;0;0;0;0;0;0;0;0;0;0;0;0;0;0;0;0;0;0;0;0;0;0;0;0;0;0;0;0;0;0;0;0;0;0;0;0;0;0;0;0;0;0;0;0;0;0;0;0;0;0;0;0;0;0;0;0;0;0;0;0;0;0;0;0;0;0;0;0;0;0;0;0;0;0
COOPERATIVA DE ECONOMIA E CRÉDITO MÚTUO DOS FUNCIONÁRIOS DA GERDAU S.A. - UNIDADE PINDAMONHANGABA;60.219.045;b3S;I;2;;9;PINDAMONHANGABA;SP;09/2012;0;0;0;0;0;0;0;0;0;0;0;0;0;0;0;0;0;0;0;0;0;0;0;0;0;0;0;0;0;0;0;0;0;0;0;0;0;0;0;0;0;0;0;0;0;0;0;0;0;0;0;0;0;0;0;0;0;0;0;0;0;0;0;0;0;0;0;0;0;0;0;0;0;0;0;0
COOPERATIVA DE ECONOMIA E CRÉDITO MÚTUO DOS COLABORADORES DO GRUPO SAINT GOBAIN;61.039.038;b3S;I;2;;9;SAO PAULO;SP;09/2012;0;0;0;0;0;0;0;0;0;0;0;0;0;0;0;0;0;0;0;0;0;0;0;0;0;0;0;0;0;0;0;0;0;0;0;0;0;0;0;0;0;0;0;0;0;0;0;0;0;0;0;0;0;0;0;0;0;0;0;0;0;0;0;0;0;0;0;0;0;0;0;0;0;0;0;0
SPINELLI S.A. CORRETORA DE VALORES MOBILIARIOS E CAMBIO;61.739.629;n2;I;2;;15;SAO PAULO;SP;09/2012;0;0;0;0;0;0;0;0;0;0;0;0;0;0;0;0;0;0;0;0;0;0;0;0;0;0;0;0;0;0;0;0;0;0;0;0;0;0;0;0;0;0;0;0;0;0;0;0;0;0;0;0;0;0;0;0;0;0;0;0;0;0;0;0;0;0;0;0;0;0;0;0;0;0;0;0
COOPERATIVA DE ECONOMIA E CRÉDITO MÚTUO DOS EMPREGADOS DAS EMPRESAS DE REDUTORES DE TRANSMISSÃO DO ESTADO DE SÃO PAULO - COOPER-PTI;62.035.456;b3S;I;2;;9;SAO PAULO;SP;09/2012;0;0;0;0;0;0;0;0;0;0;0;0;0;0;0;0;0;0;0;0;0;0;0;0;0;0;0;0;0;0;0;0;0;0;0;0;0;0;0;0;0;0;0;0;0;0;0;0;0;0;0;0;0;0;0;0;0;0;0;0;0;0;0;0;0;0;0;0;0;0;0;0;0;0;0;0
COOPERATIVA DE ECONOMIA E CRÉDITO MÚTUO DOS EMPREGADOS DAS EMPRESAS DA BELGO BEKAERT ARAMES DO ESTADO DE SÃO PAULO;62.041.603;b3S;I;2;;9;OSASCO;SP;09/2012;0;0;0;0;0;0;0;0;0;0;0;0;0;0;0;0;0;0;0;0;0;0;0;0;0;0;0;0;0;0;0;0;0;0;0;0;0;0;0;0;0;0;0;0;0;0;0;0;0;0;0;0;0;0;0;0;0;0;0;0;0;0;0;0;0;0;0;0;0;0;0;0;0;0;0;0
TITULO CORRETORA DE VALORES S.A.;62.169.875;n2;I;2;;15;SAO PAULO;SP;09/2012;0;0;0;0;0;0;0;0;0;0;0;0;0;0;0;0;0;0;0;0;0;0;0;0;0;0;0;0;0;0;0;0;0;0;0;0;0;0;0;0;0;0;0;0;0;0;0;0;0;0;0;0;0;0;0;0;0;0;0;0;0;0;0;0;0;0;0;0;0;0;0;0;0;0;0;0
COOPERATIVA DE ECONOMIA E CRÉDITO MÚTUO DOS EMPREGADOS DA COPLANA - CREDICOPLANA;62.239.819;b3S;I;2;;9;GUARIBA;SP;09/2012;0;0;0;0;0;0;0;0;0;0;0;0;0;0;0;0;0;0;0;0;0;0;0;0;0;0;0;0;0;0;0;0;0;0;0;0;0;0;0;0;0;0;0;0;0;0;0;0;0;0;0;0;0;0;0;0;0;0;0;0;0;0;0;0;0;0;0;0;0;0;0;0;0;0;0;0
COOPERATIVA DE ECONOMIA E CRÉDITO MÚTUO DOS FUNCIONÁRIOS DE BRINQUEDOS BANDEIRANTE;62.278.809;b3S;I;2;;9;FERRAZ DE VASCONCELOS;SP;09/2012;0;0;0;0;0;0;0;0;0;0;0;0;0;0;0;0;0;0;0;0;0;0;0;0;0;0;0;0;0;0;0;0;0;0;0;0;0;0;0;0;0;0;0;0;0;0;0;0;0;0;0;0;0;0;0;0;0;0;0;0;0;0;0;0;0;0;0;0;0;0;0;0;0;0;0;0
COOPERATIVA DE ECONOMIA E CRÉDITO MÚTUO DOS EMPREGADOS DO GRUPO SCHAEFFLER;62.284.385;b3S;I;2;;9;SOROCABA;SP;09/2012;0;0;0;0;0;0;0;0;0;0;0;0;0;0;0;0;0;0;0;0;0;0;0;0;0;0;0;0;0;0;0;0;0;0;0;0;0;0;0;0;0;0;0;0;0;0;0;0;0;0;0;0;0;0;0;0;0;0;0;0;0;0;0;0;0;0;0;0;0;0;0;0;0;0;0;0
COOPERATIVA DE CRÉDITO DOS EMPREGADOS DAS EMPRESAS DO GRUPPO M&G NO BRASIL;62.605.290;b3S;I;2;;9;POCOS DE CALDAS;MG;09/2012;0;0;0;0;0;0;0;0;0;0;0;0;0;0;0;0;0;0;0;0;0;0;0;0;0;0;0;0;0;0;0;0;0;0;0;0;0;0;0;0;0;0;0;0;0;0;0;0;0;0;0;0;0;0;0;0;0;0;0;0;0;0;0;0;0;0;0;0;0;0;0;0;0;0;0;0
COOPERATIVA DE ECONOMIA E CRÉDITO MÚTUO DOS POLICIAIS MILITARES E SERVIDORES DA SECRETARIA DOS NEGÓCIOS DA SEGURANÇA PÚBLICA DO ESTADO DE SÃO PAULO;62.673.470;b3S;I;2;;9;SAO PAULO;SP;09/2012;0;0;0;0;0;0;0;0;0;0;0;0;0;0;0;0;0;0;0;0;0;0;0;0;0;0;0;0;0;0;0;0;0;0;0;0;0;0;0;0;0;0;0;0;0;0;0;0;0;0;0;0;0;0;0;0;0;0;0;0;0;0;0;0;0;0;0;0;0;0;0;0;0;0;0;0
COOPERATIVA DE ECONOMIA E CRÉDITO MÚTUO DOS FUNCIONÁRIOS DA SPIRAX SARCO IND. E COM.;62.781.158;b3S;I;2;;9;COTIA;SP;09/2012;0;0;0;0;0;0;0;0;0;0;0;0;0;0;0;0;0;0;0;0;0;0;0;0;0;0;0;0;0;0;0;0;0;0;0;0;0;0;0;0;0;0;0;0;0;0;0;0;0;0;0;0;0;0;0;0;0;0;0;0;0;0;0;0;0;0;0;0;0;0;0;0;0;0;0;0
COOPERATIVA DE ECONOMIA E CRÉDITO MÚTUO DOS EMPREGADOS DA ALCATEL-LUCENT BRASIL;62.781.232;b3S;I;2;;9;SAO PAULO;SP;09/2012;0;0;0;0;0;0;0;0;0;0;0;0;0;0;0;0;0;0;0;0;0;0;0;0;0;0;0;0;0;0;0;0;0;0;0;0;0;0;0;0;0;0;0;0;0;0;0;0;0;0;0;0;0;0;0;0;0;0;0;0;0;0;0;0;0;0;0;0;0;0;0;0;0;0;0;0
COOPERATIVA DE ECONOMIA E CRÉDITO MÚTUO DOS EMPREGADOS DA KRAFT FOODS BRASIL, PHILIP MORRIS BRASIL E K&S ALIMENTOS;62.795.257;b3S;I;2;;9;SAO PAULO;SP;09/2012;0;0;0;0;0;0;0;0;0;0;0;0;0;0;0;0;0;0;0;0;0;0;0;0;0;0;0;0;0;0;0;0;0;0;0;0;0;0;0;0;0;0;0;0;0;0;0;0;0;0;0;0;0;0;0;0;0;0;0;0;0;0;0;0;0;0;0;0;0;0;0;0;0;0;0;0
COOPERATIVA DE ECONOMIA E CRÉDITO MÚTUO DOS SERVIDORES DA FEDERAÇÃO DO COMÉRCIO, SESC E SENAC DE SÃO PAULO;62.928.320;b3S;I;2;;9;SAO PAULO;SP;09/2012;0;0;0;0;0;0;0;0;0;0;0;0;0;0;0;0;0;0;0;0;0;0;0;0;0;0;0;0;0;0;0;0;0;0;0;0;0;0;0;0;0;0;0;0;0;0;0;0;0;0;0;0;0;0;0;0;0;0;0;0;0;0;0;0;0;0;0;0;0;0;0;0;0;0;0;0
COOPERATIVA DE ECONOMIA E CRÉDITO MÚTUO DOS EMPREGADOS DA V&M DO BRASIL S.A. - COOMANN LTDA.;64.293.582;b3S;I;2;;9;BELO HORIZONTE;MG;09/2012;0;0;0;0;0;0;0;0;0;0;0;0;0;0;0;0;0;0;0;0;0;0;0;0;0;0;0;0;0;0;0;0;0;0;0;0;0;0;0;0;0;0;0;0;0;0;0;0;0;0;0;0;0;0;0;0;0;0;0;0;0;0;0;0;0;0;0;0;0;0;0;0;0;0;0;0
COOPERATIVA DE ECONOMIA E CRÉDITO MÚTUO DOS FUNCIONÁRIOS E PRESTADORES DE SERVIÇOS DA COCRED-COPERCANA-CANAOESTE - SICOOB CRED COPERCANA;64.739.121;b3S;I;2;;9;SERTAOZINHO;SP;09/2012;0;0;0;0;0;0;0;0;0;0;0;0;0;0;0;0;0;0;0;0;0;0;0;0;0;0;0;0;0;0;0;0;0;0;0;0;0;0;0;0;0;0;0;0;0;0;0;0;0;0;0;0;0;0;0;0;0;0;0;0;0;0;0;0;0;0;0;0;0;0;0;0;0;0;0;0
COOPERATIVA DE ECONOMIA E CRÉDITO MÚTUO DOS FUNCIONÁRIOS DA ANDORINHA - COFASA;64.761.471;b3S;I;2;;9;PRESIDENTE PRUDENTE;SP;09/2012;0;0;0;0;0;0;0;0;0;0;0;0;0;0;0;0;0;0;0;0;0;0;0;0;0;0;0;0;0;0;0;0;0;0;0;0;0;0;0;0;0;0;0;0;0;0;0;0;0;0;0;0;0;0;0;0;0;0;0;0;0;0;0;0;0;0;0;0;0;0;0;0;0;0;0;0
COOPERATIVA DE ECONOMIA E CRÉDITO MÚTUO DOS EMPREGADOS DA FUNDAÇÃO PARA O DESENVOLVIMENTO DA EDUCAÇÃO;64.764.129;b3S;I;2;;9;SAO PAULO;SP;09/2012;0;0;0;0;0;0;0;0;0;0;0;0;0;0;0;0;0;0;0;0;0;0;0;0;0;0;0;0;0;0;0;0;0;0;0;0;0;0;0;0;0;0;0;0;0;0;0;0;0;0;0;0;0;0;0;0;0;0;0;0;0;0;0;0;0;0;0;0;0;0;0;0;0;0;0;0
COOPERATIVA DE ECONOMIA E CRÉDITO MÚTUO DOS SERVIDORES PÚBLICOS FEDERAIS DE UBERLÂNDIA LTDA.;65.308.447;b3S;I;2;;9;UBERLANDIA;MG;09/2012;0;0;0;0;0;0;0;0;0;0;0;0;0;0;0;0;0;0;0;0;0;0;0;0;0;0;0;0;0;0;0;0;0;0;0;0;0;0;0;0;0;0;0;0;0;0;0;0;0;0;0;0;0;0;0;0;0;0;0;0;0;0;0;0;0;0;0;0;0;0;0;0;0;0;0;0
COOPERATIVA DE ECONOMIA E CRÉDITO MÚTUO DOS FUNCIONÁRIOS DA ASSOCIAÇÃO CONGREGAÇÃO DE SANTA CATARINA;65.560.658;b3S;I;2;;9;SAO PAULO;SP;09/2012;0;0;0;0;0;0;0;0;0;0;0;0;0;0;0;0;0;0;0;0;0;0;0;0;0;0;0;0;0;0;0;0;0;0;0;0;0;0;0;0;0;0;0;0;0;0;0;0;0;0;0;0;0;0;0;0;0;0;0;0;0;0;0;0;0;0;0;0;0;0;0;0;0;0;0;0
COOPERATIVA DE ECONOMIA E CRÉDITO MÚTUO DOS EMPREGADOS DO GRUPO METALAC - COOPERMETA;65.594.772;b3S;I;2;;9;SOROCABA;SP;09/2012;0;0;0;0;0;0;0;0;0;0;0;0;0;0;0;0;0;0;0;0;0;0;0;0;0;0;0;0;0;0;0;0;0;0;0;0;0;0;0;0;0;0;0;0;0;0;0;0;0;0;0;0;0;0;0;0;0;0;0;0;0;0;0;0;0;0;0;0;0;0;0;0;0;0;0;0
COOPERATIVA DE CRÉDITO MÚTUO DOS EMPREGADOS E SERVIDORES DA DERSA, SECRETARIA DE ESTADO DOS NEGOCIOS DOS TRANSPORTES E ÓRGAOS SUBORDINADOS DO ESTADO DE SÃO PAULO - COOPTRANSP;66.555.665;b3S;I;2;;9;SAO PAULO;SP;09/2012;0;0;0;0;0;0;0;0;0;0;0;0;0;0;0;0;0;0;0;0;0;0;0;0;0;0;0;0;0;0;0;0;0;0;0;0;0;0;0;0;0;0;0;0;0;0;0;0;0;0;0;0;0;0;0;0;0;0;0;0;0;0;0;0;0;0;0;0;0;0;0;0;0;0;0;0
COOPERATIVA DE ECONOMIA E CRÉDITO MÚTUO DOS EMPREGADOS DA PRODAM/SP - CREDIPRODAM;67.031.757;b3S;I;2;;9;SAO PAULO;SP;09/2012;0;0;0;0;0;0;0;0;0;0;0;0;0;0;0;0;0;0;0;0;0;0;0;0;0;0;0;0;0;0;0;0;0;0;0;0;0;0;0;0;0;0;0;0;0;0;0;0;0;0;0;0;0;0;0;0;0;0;0;0;0;0;0;0;0;0;0;0;0;0;0;0;0;0;0;0
COOPERATIVA DE ECONOMIA E CRÉDITO MÚTUO DOS FUNCIONÁRIOS DO CONGLOMERADO BATTISTELLA;67.087.569;b3S;I;3;;9;SAO PAULO;SP;09/2012;0;0;0;0;0;0;0;0;0;0;0;0;0;0;0;0;0;0;0;0;0;0;0;0;0;0;0;0;0;0;0;0;0;0;0;0;0;0;0;0;0;0;0;0;0;0;0;0;0;0;0;0;0;0;0;0;0;0;0;0;0;0;0;0;0;0;0;0;0;0;0;0;0;0;0;0
COOPERATIVA DE ECONOMIA E CRÉDITO MÚTUO DOS FUNCIONÁRIOS DA TETRA PAK;67.341.487;b3S;I;2;;9;MONTE MOR;SP;09/2012;0;0;0;0;0;0;0;0;0;0;0;0;0;0;0;0;0;0;0;0;0;0;0;0;0;0;0;0;0;0;0;0;0;0;0;0;0;0;0;0;0;0;0;0;0;0;0;0;0;0;0;0;0;0;0;0;0;0;0;0;0;0;0;0;0;0;0;0;0;0;0;0;0;0;0;0
COOPERATIVA DE ECONOMIA E CRÉDITO MÚTUO DOS FUNCIONÁRIOS DA CORREIAS MERCÚRIO;67.607.564;b3S;I;2;;9;JUNDIAI;SP;09/2012;0;0;0;0;0;0;0;0;0;0;0;0;0;0;0;0;0;0;0;0;0;0;0;0;0;0;0;0;0;0;0;0;0;0;0;0;0;0;0;0;0;0;0;0;0;0;0;0;0;0;0;0;0;0;0;0;0;0;0;0;0;0;0;0;0;0;0;0;0;0;0;0;0;0;0;0
COOPERATIVA DE ECONOMIA E CRÉDITO MÚTUO DOS EMPREGADOS DA VOLKSWAGEN DO BRASIL E CONCESSIONÁRIAS VW;67.645.887;b3S;I;2;;9;SAO BERNARDO DO CAMPO;SP;09/2012;0;0;0;0;0;0;0;0;0;0;0;0;0;0;0;0;0;0;0;0;0;0;0;0;0;0;0;0;0;0;0;0;0;0;0;0;0;0;0;0;0;0;0;0;0;0;0;0;0;0;0;0;0;0;0;0;0;0;0;0;0;0;0;0;0;0;0;0;0;0;0;0;0;0;0;0
COOPERATIVA DE ECONOMIA E CRÉDITO MÚTUO DOS TRABALHADORES DA CIA. DE PROCESSAMENTO DE DADOS DO ESTADO DE SÃO PAULO - CREDIPRODESP;67.915.868;b3S;I;2;;9;TABOAO DA SERRA;SP;09/2012;0;0;0;0;0;0;0;0;0;0;0;0;0;0;0;0;0;0;0;0;0;0;0;0;0;0;0;0;0;0;0;0;0;0;0;0;0;0;0;0;0;0;0;0;0;0;0;0;0;0;0;0;0;0;0;0;0;0;0;0;0;0;0;0;0;0;0;0;0;0;0;0;0;0;0;0
COOPERATIVA DE ECONOMIA E CRÉDITO MÚTUO DOS FUNCIONÁRIOS DA CARGILL;68.228.006;b3S;I;2;;9;SAO PAULO;SP;09/2012;0;0;0;0;0;0;0;0;0;0;0;0;0;0;0;0;0;0;0;0;0;0;0;0;0;0;0;0;0;0;0;0;0;0;0;0;0;0;0;0;0;0;0;0;0;0;0;0;0;0;0;0;0;0;0;0;0;0;0;0;0;0;0;0;0;0;0;0;0;0;0;0;0;0;0;0
COOPERATIVA DE ECONOMIA E CRÉDITO MÚTUO DOS EMPREGADOS DAS EMPRESAS DE DIVERSÕES DO ESTADO DE SÃO PAULO;68.314.921;b3S;I;2;;9;SAO PAULO;SP;09/2012;0;0;0;0;0;0;0;0;0;0;0;0;0;0;0;0;0;0;0;0;0;0;0;0;0;0;0;0;0;0;0;0;0;0;0;0;0;0;0;0;0;0;0;0;0;0;0;0;0;0;0;0;0;0;0;0;0;0;0;0;0;0;0;0;0;0;0;0;0;0;0;0;0;0;0;0
COOPESA-COOPERATIVA DE ECONOMIA E CREDITO MUTUO DOS FUNCIONARIOS DA COESA TRANSPORTES E EMPRESAS COLIGADAS LTDA;68.848.563;b3S;I;2;;9;SAO GONCALO;RJ;09/2012;0;0;0;0;0;0;0;0;0;0;0;0;0;0;0;0;0;0;0;0;0;0;0;0;0;0;0;0;0;0;0;0;0;0;0;0;0;0;0;0;0;0;0;0;0;0;0;0;0;0;0;0;0;0;0;0;0;0;0;0;0;0;0;0;0;0;0;0;0;0;0;0;0;0;0;0
COOPERATIVA DE ECONOMIA E CRÉDITO MÚTUO DOS SERVIDORES DA UNESP - COOPUNESP;69.136.075;b3S;I;2;;9;RIO CLARO;SP;09/2012;0;0;0;0;0;0;0;0;0;0;0;0;0;0;0;0;0;0;0;0;0;0;0;0;0;0;0;0;0;0;0;0;0;0;0;0;0;0;0;0;0;0;0;0;0;0;0;0;0;0;0;0;0;0;0;0;0;0;0;0;0;0;0;0;0;0;0;0;0;0;0;0;0;0;0;0
COOPERATIVA DE ECONOMIA E CRÉDITO MÚTUO DOS SERVIDORES DO PODER EXECUTIVO FEDERAL NO MUNICÍPIO DE JOÃO PESSOA LTDA. - CREDISERV;70.106.869;b3S;I;2;;9;JOAO PESSOA;PB;09/2012;0;0;0;0;0;0;0;0;0;0;0;0;0;0;0;0;0;0;0;0;0;0;0;0;0;0;0;0;0;0;0;0;0;0;0;0;0;0;0;0;0;0;0;0;0;0;0;0;0;0;0;0;0;0;0;0;0;0;0;0;0;0;0;0;0;0;0;0;0;0;0;0;0;0;0;0
COOPERATIVA DE ECONOMIA E CRÉDITO MÚTUO DOS SERVIDORES PÚBLICOS FEDERAIS DO MUNICÍPIO DE UBERABA E SUAS FUNDAÇÕES - SICOOB - CREDIMED LTDA.;71.336.432;b3S;I;2;;9;UBERABA;MG;09/2012;0;0;0;0;0;0;0;0;0;0;0;0;0;0;0;0;0;0;0;0;0;0;0;0;0;0;0;0;0;0;0;0;0;0;0;0;0;0;0;0;0;0;0;0;0;0;0;0;0;0;0;0;0;0;0;0;0;0;0;0;0;0;0;0;0;0;0;0;0;0;0;0;0;0;0;0
COOPERATIVA DE ECONOMIA E CRÉDITO MÚTUO DOS EMPREGADOS DAS EMPRESAS DO GRUPO ZEMA LTDA.;71.378.426;b3S;I;2;;9;ARAXA;MG;09/2012;0;0;0;0;0;0;0;0;0;0;0;0;0;0;0;0;0;0;0;0;0;0;0;0;0;0;0;0;0;0;0;0;0;0;0;0;0;0;0;0;0;0;0;0;0;0;0;0;0;0;0;0;0;0;0;0;0;0;0;0;0;0;0;0;0;0;0;0;0;0;0;0;0;0;0;0
COOPERATIVA DE ECONOMIA E CRÉDITO MÚTUO DOS TRABALHADORES NAS INDÚSTRIAS DE EXTRAÇÃO DE FERRO E METAIS BÁSICOS DA REGIÃO DE CONGONHAS LTDA. - COOFERSE;71.384.697;b3S;I;2;;9;CONGONHAS;MG;09/2012;0;0;0;0;0;0;0;0;0;0;0;0;0;0;0;0;0;0;0;0;0;0;0;0;0;0;0;0;0;0;0;0;0;0;0;0;0;0;0;0;0;0;0;0;0;0;0;0;0;0;0;0;0;0;0;0;0;0;0;0;0;0;0;0;0;0;0;0;0;0;0;0;0;0;0;0
COOPERATIVA DE ECONOMIA E CRÉDITO MÚTUO DOS BANCÁRIOS DE BELO HORIZONTE E REGIÃO METROPOLITANA LTDA. - COOPEB;71.502.181;b3S;I;2;;9;BELO HORIZONTE;MG;09/2012;0;0;0;0;0;0;0;0;0;0;0;0;0;0;0;0;0;0;0;0;0;0;0;0;0;0;0;0;0;0;0;0;0;0;0;0;0;0;0;0;0;0;0;0;0;0;0;0;0;0;0;0;0;0;0;0;0;0;0;0;0;0;0;0;0;0;0;0;0;0;0;0;0;0;0;0
COOPERATIVA DE ECONOMIA E CRÉDITO MÚTUO DOS FUNCIONÁRIOS DO FLEURY;71.965.313;b3S;I;2;;9;SAO PAULO;SP;09/2012;0;0;0;0;0;0;0;0;0;0;0;0;0;0;0;0;0;0;0;0;0;0;0;0;0;0;0;0;0;0;0;0;0;0;0;0;0;0;0;0;0;0;0;0;0;0;0;0;0;0;0;0;0;0;0;0;0;0;0;0;0;0;0;0;0;0;0;0;0;0;0;0;0;0;0;0
COOPERATIVA DE ECONOMIA E CRÉDITO MÚTUO DOS EMPREGADOS DA EATON DE VALINHOS;73.077.398;b3S;I;2;;9;VALINHOS;SP;09/2012;0;0;0;0;0;0;0;0;0;0;0;0;0;0;0;0;0;0;0;0;0;0;0;0;0;0;0;0;0;0;0;0;0;0;0;0;0;0;0;0;0;0;0;0;0;0;0;0;0;0;0;0;0;0;0;0;0;0;0;0;0;0;0;0;0;0;0;0;0;0;0;0;0;0;0;0
COOPERATIVA DE CRÉDITO MÚTUO DOS SERVIDORES DO MINISTERIO DA EDUCAÇÃO EM SÃO PAULO - COOPEMESP;73.092.827;b3S;I;2;;9;SAO PAULO;SP;09/2012;0;0;0;0;0;0;0;0;0;0;0;0;0;0;0;0;0;0;0;0;0;0;0;0;0;0;0;0;0;0;0;0;0;0;0;0;0;0;0;0;0;0;0;0;0;0;0;0;0;0;0;0;0;0;0;0;0;0;0;0;0;0;0;0;0;0;0;0;0;0;0;0;0;0;0;0
COOPERATIVA DE ECONOMIA E CRÉDITO MÚTUO DOS EMPREGADOS DA BORCOL;73.156.218;b3S;I;2;;9;SOROCABA;SP;09/2012;0;0;0;0;0;0;0;0;0;0;0;0;0;0;0;0;0;0;0;0;0;0;0;0;0;0;0;0;0;0;0;0;0;0;0;0;0;0;0;0;0;0;0;0;0;0;0;0;0;0;0;0;0;0;0;0;0;0;0;0;0;0;0;0;0;0;0;0;0;0;0;0;0;0;0;0
COOPERATIVA DE ECONOMIA E CREDITO MUTUO DOS EMPREGADOS DO GRUPO BAYER LTDA;73.631.483;b3S;I;2;;9;BELFORD ROXO;RJ;09/2012;0;0;0;0;0;0;0;0;0;0;0;0;0;0;0;0;0;0;0;0;0;0;0;0;0;0;0;0;0;0;0;0;0;0;0;0;0;0;0;0;0;0;0;0;0;0;0;0;0;0;0;0;0;0;0;0;0;0;0;0;0;0;0;0;0;0;0;0;0;0;0;0;0;0;0;0
COOPERATIVA DE ECONOMIA E CRÉDITO MÚTUO DOS FUNCIONÁRIOS DO GRUPO WALMART LTDA. - SICOOB COOPERBOM;74.026.998;b3S;I;2;;9;SALVADOR;BA;09/2012;0;0;0;0;0;0;0;0;0;0;0;0;0;0;0;0;0;0;0;0;0;0;0;0;0;0;0;0;0;0;0;0;0;0;0;0;0;0;0;0;0;0;0;0;0;0;0;0;0;0;0;0;0;0;0;0;0;0;0;0;0;0;0;0;0;0;0;0;0;0;0;0;0;0;0;0
COOPERATIVA DE ECONOMIA E CRÉDITO MÚTUO DO GRUPO BASF;74.244.344;b3S;I;2;;9;SAO PAULO;SP;09/2012;0;0;0;0;0;0;0;0;0;0;0;0;0;0;0;0;0;0;0;0;0;0;0;0;0;0;0;0;0;0;0;0;0;0;0;0;0;0;0;0;0;0;0;0;0;0;0;0;0;0;0;0;0;0;0;0;0;0;0;0;0;0;0;0;0;0;0;0;0;0;0;0;0;0;0;0
COOPERATIVA DE ECONOMIA E CRÉDITO MÚTUO DOS SERVIDORES MUNICIPAIS DE SÃO JOÃO DA BOA VISTA - CREDIVISTA;74.248.949;b3S;I;2;;9;SAO JOAO DA BOA VISTA;SP;09/2012;0;0;0;0;0;0;0;0;0;0;0;0;0;0;0;0;0;0;0;0;0;0;0;0;0;0;0;0;0;0;0;0;0;0;0;0;0;0;0;0;0;0;0;0;0;0;0;0;0;0;0;0;0;0;0;0;0;0;0;0;0;0;0;0;0;0;0;0;0;0;0;0;0;0;0;0
COOPERATIVA DE ECONOMIA E CRÉDITO MÚTUO DOS FUNCIONÁRIOS DO GRUPO MONTECITRUS;74.256.983;b3S;I;2;;9;MONTE AZUL PAULISTA;SP;09/2012;0;0;0;0;0;0;0;0;0;0;0;0;0;0;0;0;0;0;0;0;0;0;0;0;0;0;0;0;0;0;0;0;0;0;0;0;0;0;0;0;0;0;0;0;0;0;0;0;0;0;0;0;0;0;0;0;0;0;0;0;0;0;0;0;0;0;0;0;0;0;0;0;0;0;0;0
TOV CORRETORA DE CÂMBIO, TÍTULOS E VALORES MOBILIÁRIOS LTDA;74.451.022;n2;I;2;;15;POCOS DE CALDAS;MG;09/2012;0;0;0;0;0;0;0;0;0;0;0;0;0;0;0;0;0;0;0;0;0;0;0;0;0;0;0;0;0;0;0;0;0;0;0;0;0;0;0;0;0;0;0;0;0;0;0;0;0;0;0;0;0;0;0;0;0;0;0;0;0;0;0;0;0;0;0;0;0;0;0;0;0;0;0;0
COOPERATIVA DE ECONOMIA E CRÉDITO MÚTUO DOS FUNCIONÁRIOS DO GRUPO VOTORANTIM LIMITADA.;75.174.953;b3S;I;2;;9;RIO BRANCO DO SUL;PR;09/2012;0;0;0;0;0;0;0;0;0;0;0;0;0;0;0;0;0;0;0;0;0;0;0;0;0;0;0;0;0;0;0;0;0;0;0;0;0;0;0;0;0;0;0;0;0;0;0;0;0;0;0;0;0;0;0;0;0;0;0;0;0;0;0;0;0;0;0;0;0;0;0;0;0;0;0;0
COOPERATIVA DE CREDITO RURAL DE PORECATU;78.420.262;b3S;I;2;;9;PORECATU;PR;09/2012;0;0;0;0;0;0;0;0;0;0;0;0;0;0;0;0;0;0;0;0;0;0;0;0;0;0;0;0;0;0;0;0;0;0;0;0;0;0;0;0;0;0;0;0;0;0;0;0;0;0;0;0;0;0;0;0;0;0;0;0;0;0;0;0;0;0;0;0;0;0;0;0;0;0;0;0
COOPERATIVA DE CRÉDITO MÚTUO DOS FUNCIONÁRIOS DA SADIA - SICREDI COOFATO;80.403.306;b3S;I;2;;9;TOLEDO;PR;09/2012;0;0;0;0;0;0;0;0;0;0;0;0;0;0;0;0;0;0;0;0;0;0;0;0;0;0;0;0;0;0;0;0;0;0;0;0;0;0;0;0;0;0;0;0;0;0;0;0;0;0;0;0;0;0;0;0;0;0;0;0;0;0;0;0;0;0;0;0;0;0;0;0;0;0;0;0
COOPERATIVA DE ECONOMIA E CRÉDITO MÚTUO BRF - CREDIBRF;82.096.447;b3S;I;2;;9;VIDEIRA;SC;09/2012;0;0;0;0;0;0;0;0;0;0;0;0;0;0;0;0;0;0;0;0;0;0;0;0;0;0;0;0;0;0;0;0;0;0;0;0;0;0;0;0;0;0;0;0;0;0;0;0;0;0;0;0;0;0;0;0;0;0;0;0;0;0;0;0;0;0;0;0;0;0;0;0;0;0;0;0
COOPERATIVA DE ECONOMIA E CRÉDITO MÚTUO DOS EMPREGADOS DAS CIAS DE ECONOMIA MISTA E FUNDAÇÕES DA PREFEITURA MUNICIPAL DE BELÉM - COOPERCO;83.321.554;b3S;I;2;;9;BELEM;PA;09/2012;0;0;0;0;0;0;0;0;0;0;0;0;0;0;0;0;0;0;0;0;0;0;0;0;0;0;0;0;0;0;0;0;0;0;0;0;0;0;0;0;0;0;0;0;0;0;0;0;0;0;0;0;0;0;0;0;0;0;0;0;0;0;0;0;0;0;0;0;0;0;0;0;0;0;0;0
COOPERUFPA - COOPERATIVA DE ECONOMIA E CRÉDITO MÚTUO DOS SERVIDORES DO MINISTÉRIO DA EDUCAÇÃO NO ESTADO DO PARÁ;83.325.811;b3S;I;2;;9;BELEM;PA;09/2012;0;0;0;0;0;0;0;0;0;0;0;0;0;0;0;0;0;0;0;0;0;0;0;0;0;0;0;0;0;0;0;0;0;0;0;0;0;0;0;0;0;0;0;0;0;0;0;0;0;0;0;0;0;0;0;0;0;0;0;0;0;0;0;0;0;0;0;0;0;0;0;0;0;0;0;0
COOPERATIVA DE ECONOMIA E CRÉDITO MÚTUO DOS EMPREGADOS DA SUPERINTENDÊNCIA REGIONAL DE BELÉM DA COMPANHIA DE PESQUISA DE RECURSOS MINERAIS LTDA.;83.327.486;b3S;I;2;;9;BELEM;PA;09/2012;0;0;0;0;0;0;0;0;0;0;0;0;0;0;0;0;0;0;0;0;0;0;0;0;0;0;0;0;0;0;0;0;0;0;0;0;0;0;0;0;0;0;0;0;0;0;0;0;0;0;0;0;0;0;0;0;0;0;0;0;0;0;0;0;0;0;0;0;0;0;0;0;0;0;0;0
COOPERATIVA DE ECONOMIA E CRÉDITO MÚTUO DOS SERVIDORES DA SUPERINTENDÊNCIA REGIONAL DO TRABALHO E EMPREGO E DA ADVOCACIA GERAL DA UNIÃO NO ESTADO DO PARÁ - CREDMISTRA;83.329.979;b3S;I;2;;9;BELEM;PA;09/2012;0;0;0;0;0;0;0;0;0;0;0;0;0;0;0;0;0;0;0;0;0;0;0;0;0;0;0;0;0;0;0;0;0;0;0;0;0;0;0;0;0;0;0;0;0;0;0;0;0;0;0;0;0;0;0;0;0;0;0;0;0;0;0;0;0;0;0;0;0;0;0;0;0;0;0;0
COOPERATIVA DE ECONOMIA E CRÉDITO MÚTUO DOS SERVIDORES DOS MINISTÉRIOS DA AGRICULTURA, PECUÁRIA E ABASTECIMENTO, DO DESENVOLVIMENTO AGRÁRIO E DO MEIO AMBIENTE NA REGIÃO METROPOLITANA DE BELÉM LIMITADA;83.347.294;b3S;I;2;;9;BELEM;PA;09/2012;0;0;0;0;0;0;0;0;0;0;0;0;0;0;0;0;0;0;0;0;0;0;0;0;0;0;0;0;0;0;0;0;0;0;0;0;0;0;0;0;0;0;0;0;0;0;0;0;0;0;0;0;0;0;0;0;0;0;0;0;0;0;0;0;0;0;0;0;0;0;0;0;0;0;0;0
COOPERDADOS  - COOPERATIVA DE ECONOMIA E CRÉDITO MÚTUO DOS EMPREGADOS DA EMPRESA DE PROCESSAMENTO DE DADOS DO ESTADO DO PARÁ LTDA.;83.383.042;b3S;I;2;;9;BELEM;PA;09/2012;0;0;0;0;0;0;0;0;0;0;0;0;0;0;0;0;0;0;0;0;0;0;0;0;0;0;0;0;0;0;0;0;0;0;0;0;0;0;0;0;0;0;0;0;0;0;0;0;0;0;0;0;0;0;0;0;0;0;0;0;0;0;0;0;0;0;0;0;0;0;0;0;0;0;0;0
COOPERATIVA DE ECONOMIA E CRÉDITO MÚTUO DOS SERVIDORES PÚBLICOS ESTADUAIS DA REGIÃO METROPOLITANA DE BELÉM LTDA - SICOOB COOESA;83.836.114;b3S;I;2;;9;BELEM;PA;09/2012;0;0;0;0;0;0;0;0;0;0;0;0;0;0;0;0;0;0;0;0;0;0;0;0;0;0;0;0;0;0;0;0;0;0;0;0;0;0;0;0;0;0;0;0;0;0;0;0;0;0;0;0;0;0;0;0;0;0;0;0;0;0;0;0;0;0;0;0;0;0;0;0;0;0;0;0
COOPERATIVA DE ECONOMIA E CRÉDITO MÚTUO DOS SERVIDORES DO IBGE NO ESTADO DO PARÁ LTDA COIPA.;83.838.813;b3S;I;2;;9;BELEM;PA;09/2012;0;0;0;0;0;0;0;0;0;0;0;0;0;0;0;0;0;0;0;0;0;0;0;0;0;0;0;0;0;0;0;0;0;0;0;0;0;0;0;0;0;0;0;0;0;0;0;0;0;0;0;0;0;0;0;0;0;0;0;0;0;0;0;0;0;0;0;0;0;0;0;0;0;0;0;0
COOPERATIVA DE ECONOMIA E CRÉDITO MÚTUO DOS INTEGRANTES DO  MINISTÉRIO PÚBLICO E DO PODER JUDICIÁRIO DO ESTADO DO PARÁ LTDA - COIMPPA;84.156.470;b3S;I;2;;9;BELEM;PA;09/2012;0;0;0;0;0;0;0;0;0;0;0;0;0;0;0;0;0;0;0;0;0;0;0;0;0;0;0;0;0;0;0;0;0;0;0;0;0;0;0;0;0;0;0;0;0;0;0;0;0;0;0;0;0;0;0;0;0;0;0;0;0;0;0;0;0;0;0;0;0;0;0;0;0;0;0;0
COOPERATIVA DE ECONOMIA E CRÉDITO MÚTUO DOS EMPREGADOS DA COELBA - SICOOB COPELBA;86.784.089;b3S;I;2;;9;SALVADOR;BA;09/2012;0;0;0;0;0;0;0;0;0;0;0;0;0;0;0;0;0;0;0;0;0;0;0;0;0;0;0;0;0;0;0;0;0;0;0;0;0;0;0;0;0;0;0;0;0;0;0;0;0;0;0;0;0;0;0;0;0;0;0;0;0;0;0;0;0;0;0;0;0;0;0;0;0;0;0;0
COMPANHIA PROVINCIA DE CREDITO IMOBILIARIO;87.091.716;n1;I;2;;31;PORTO ALEGRE;RS;09/2012;0;0;0;0;0;0;0;0;0;0;0;0;0;0;0;0;0;0;0;0;0;0;0;0;0;0;0;0;0;0;0;0;0;0;0;0;0;0;0;0;0;0;0;0;0;0;0;0;0;0;0;0;0;0;0;0;0;0;0;0;0;0;0;0;0;0;0;0;0;0;0;0;0;0;0;0
COOPERATIVA DE ECONOMIA E CRÉDITO MÚTUO DOS FUNCIONÁRIOS DOS CORREIOS NO ESTADO DO RIO GRANDE DO SUL-CREDCORREIOS;87.956.355;b3S;I;2;;9;PORTO ALEGRE;RS;09/2012;0;0;0;0;0;0;0;0;0;0;0;0;0;0;0;0;0;0;0;0;0;0;0;0;0;0;0;0;0;0;0;0;0;0;0;0;0;0;0;0;0;0;0;0;0;0;0;0;0;0;0;0;0;0;0;0;0;0;0;0;0;0;0;0;0;0;0;0;0;0;0;0;0;0;0;0
COOPERATIVA DE ECONOMIA E CRÉDITO MÚTUO DOS EMPREGADOS DA ALSTOM LTDA.;88.043.187;b3S;I;2;;9;CANOAS;RS;09/2012;0;0;0;0;0;0;0;0;0;0;0;0;0;0;0;0;0;0;0;0;0;0;0;0;0;0;0;0;0;0;0;0;0;0;0;0;0;0;0;0;0;0;0;0;0;0;0;0;0;0;0;0;0;0;0;0;0;0;0;0;0;0;0;0;0;0;0;0;0;0;0;0;0;0;0;0
COOPERATIVA DE ECONOMIA E CRÉDITO MÚTUO DOS EMPREGADOS DO GRUPO PARAMOUNT;88.183.173;b3S;I;2;;9;SAPUCAIA DO SUL;RS;09/2012;0;0;0;0;0;0;0;0;0;0;0;0;0;0;0;0;0;0;0;0;0;0;0;0;0;0;0;0;0;0;0;0;0;0;0;0;0;0;0;0;0;0;0;0;0;0;0;0;0;0;0;0;0;0;0;0;0;0;0;0;0;0;0;0;0;0;0;0;0;0;0;0;0;0;0;0
COOPERATIVA DE ECONOMIA E CREDITO MUTUO DOS EMPREGADOS DO GRUPO SAINT GOBAIN;88.325.097;b3S;I;2;;9;CAMPO BOM;RS;09/2012;0;0;0;0;0;0;0;0;0;0;0;0;0;0;0;0;0;0;0;0;0;0;0;0;0;0;0;0;0;0;0;0;0;0;0;0;0;0;0;0;0;0;0;0;0;0;0;0;0;0;0;0;0;0;0;0;0;0;0;0;0;0;0;0;0;0;0;0;0;0;0;0;0;0;0;0
COOPERATIVA    DE    ECONOMIA    E    CRÉDITO   MÚTUO  MINUANO;88.325.113;b3S;I;2;;9;CANOAS;RS;09/2012;0;0;0;0;0;0;0;0;0;0;0;0;0;0;0;0;0;0;0;0;0;0;0;0;0;0;0;0;0;0;0;0;0;0;0;0;0;0;0;0;0;0;0;0;0;0;0;0;0;0;0;0;0;0;0;0;0;0;0;0;0;0;0;0;0;0;0;0;0;0;0;0;0;0;0;0
COOPERATIVA DE ECONOMIA E CRÉDITO MÚTUO DOS FUNCIONÁRIOS DO GRUPO GERDAU - AÇOS FINOS PIRATINI;88.952.130;b3S;I;2;;9;CHARQUEADAS;RS;09/2012;0;0;0;0;0;0;0;0;0;0;0;0;0;0;0;0;0;0;0;0;0;0;0;0;0;0;0;0;0;0;0;0;0;0;0;0;0;0;0;0;0;0;0;0;0;0;0;0;0;0;0;0;0;0;0;0;0;0;0;0;0;0;0;0;0;0;0;0;0;0;0;0;0;0;0;0
COOPERATIVA DE ECONOMIA E CREDITO MUTUO DOS EMPREGADOS DAS EMPRESAS RANDON;89.280.960;b3S;I;2;;9;CAXIAS DO SUL;RS;09/2012;0;0;0;0;0;0;0;0;0;0;0;0;0;0;0;0;0;0;0;0;0;0;0;0;0;0;0;0;0;0;0;0;0;0;0;0;0;0;0;0;0;0;0;0;0;0;0;0;0;0;0;0;0;0;0;0;0;0;0;0;0;0;0;0;0;0;0;0;0;0;0;0;0;0;0;0
COOPERATIVA DE ECONOMIA E CREDITO MUTUO DOS FUNCIONARIOS DO GRUPO VONPAR LTDA;89.523.518;b3S;I;2;;9;PORTO ALEGRE;RS;09/2012;0;0;0;0;0;0;0;0;0;0;0;0;0;0;0;0;0;0;0;0;0;0;0;0;0;0;0;0;0;0;0;0;0;0;0;0;0;0;0;0;0;0;0;0;0;0;0;0;0;0;0;0;0;0;0;0;0;0;0;0;0;0;0;0;0;0;0;0;0;0;0;0;0;0;0;0
COOPERATIVA DE ECONOMIA E CREDITO MUTUO DOS SERVIDORES DA ASCAR/EMATER-RS LTDA-CRESAL;90.278.987;b3S;I;2;;9;PORTO ALEGRE;RS;09/2012;0;0;0;0;0;0;0;0;0;0;0;0;0;0;0;0;0;0;0;0;0;0;0;0;0;0;0;0;0;0;0;0;0;0;0;0;0;0;0;0;0;0;0;0;0;0;0;0;0;0;0;0;0;0;0;0;0;0;0;0;0;0;0;0;0;0;0;0;0;0;0;0;0;0;0;0
COOPERATIVA DE ECONOMIA E CRÉDITO MÚTUO DOS TRABALHADORES DAS INDÚSTRIAS METALÚRGICAS DE PORTO ALEGRE E GRANDE PORTO ALEGRE;90.560.434;b3S;I;2;;9;PORTO ALEGRE;RS;09/2012;0;0;0;0;0;0;0;0;0;0;0;0;0;0;0;0;0;0;0;0;0;0;0;0;0;0;0;0;0;0;0;0;0;0;0;0;0;0;0;0;0;0;0;0;0;0;0;0;0;0;0;0;0;0;0;0;0;0;0;0;0;0;0;0;0;0;0;0;0;0;0;0;0;0;0;0
COOPERATIVA DE ECONOMIA E CRÉDITO MÚTUO DOS FUNCIONÁRIOS DA DANA INDÚSTRIAS;91.018.408;b3S;I;2;;9;GRAVATAI;RS;09/2012;0;0;0;0;0;0;0;0;0;0;0;0;0;0;0;0;0;0;0;0;0;0;0;0;0;0;0;0;0;0;0;0;0;0;0;0;0;0;0;0;0;0;0;0;0;0;0;0;0;0;0;0;0;0;0;0;0;0;0;0;0;0;0;0;0;0;0;0;0;0;0;0;0;0;0;0
COOPERATIVA DE ECONOMIA E CRÉDITO MÚTUO DOS FUNCIONÁRIOS DO SISTEMA FIERGS-CRESUL;92.675.578;b3S;I;2;;9;PORTO ALEGRE;RS;09/2012;0;0;0;0;0;0;0;0;0;0;0;0;0;0;0;0;0;0;0;0;0;0;0;0;0;0;0;0;0;0;0;0;0;0;0;0;0;0;0;0;0;0;0;0;0;0;0;0;0;0;0;0;0;0;0;0;0;0;0;0;0;0;0;0;0;0;0;0;0;0;0;0;0;0;0;0
COOPERATIVA DE ECONOMIA E CRÉDITO MÚTUO DOS EMPREGADOS, APOSENTADOS E PENSIONISTAS DA COMPANHIA ESTADUAL DE ENERGIA ELÉTRICA E ELETRICITÁRIOS DO RIO GRANDE DO SUL   CRECE;92.825.397;b3S;I;2;;9;PORTO ALEGRE;RS;09/2012;0;0;0;0;0;0;0;0;0;0;0;0;0;0;0;0;0;0;0;0;0;0;0;0;0;0;0;0;0;0;0;0;0;0;0;0;0;0;0;0;0;0;0;0;0;0;0;0;0;0;0;0;0;0;0;0;0;0;0;0;0;0;0;0;0;0;0;0;0;0;0;0;0;0;0;0
COOPERATIVA DE ECONOMIA E CRÉDITO MÚTUO DOS EMPREGADOS DO BANRISUL;92.935.741;b3S;I;2;;9;PORTO ALEGRE;RS;09/2012;0;0;0;0;0;0;0;0;0;0;0;0;0;0;0;0;0;0;0;0;0;0;0;0;0;0;0;0;0;0;0;0;0;0;0;0;0;0;0;0;0;0;0;0;0;0;0;0;0;0;0;0;0;0;0;0;0;0;0;0;0;0;0;0;0;0;0;0;0;0;0;0;0;0;0;0
COOPERATIVA DE ECONOMIA E CRÉDITO MÚTUO DOS SERVIDORES DA FACULDADE DE ENGENHARIA DE ILHA SOLTEIRA - COOPERFEIS;96.409.263;b3S;I;2;;9;ILHA SOLTEIRA;SP;09/2012;0;0;0;0;0;0;0;0;0;0;0;0;0;0;0;0;0;0;0;0;0;0;0;0;0;0;0;0;0;0;0;0;0;0;0;0;0;0;0;0;0;0;0;0;0;0;0;0;0;0;0;0;0;0;0;0;0;0;0;0;0;0;0;0;0;0;0;0;0;0;0;0;0;0;0;0
MOMENTO DISTRIBUIDORA DE TITULOS E VALORES MOBILIARIOS LTDA;97.447.304;n2;I;2;;16;RIO DE JANEIRO;RJ;09/2012;NI;NI;NI;NI;NI;NI;NI;NI;NI;NI;NI;NI;NI;NI;NI;NI;NI;NI;NI;NI;NI;NI;NI;NI;NI;NI;NI;NI;NI;NI;NI;NI;NI;NI;NI;NI;NI;NI;NI;NI;NI;NI;NI;NI;NI;NI;NI;NI;NI;NI;NI;NI;NI;NI;NI;NI;NI;NI;NI;NI;NI;NI;NI;NI;NI;NI;NI;NI;NI;NI;NI;NI;NI;NI;NI;NI
SOLIDEZ - CORRETORA DE CÂMBIO, TÍTULOS E VALORES MOBILIÁRIOS LTDA;96.477.906;n2;I;2;;15;SAO PAULO;SP;09/2012;NI;NI;NI;NI;NI;NI;NI;NI;NI;NI;NI;NI;NI;NI;NI;NI;NI;NI;NI;NI;NI;NI;NI;NI;NI;NI;NI;NI;NI;NI;NI;NI;NI;NI;NI;NI;NI;NI;NI;NI;NI;NI;NI;NI;NI;NI;NI;NI;NI;NI;NI;NI;NI;NI;NI;NI;NI;NI;NI;NI;NI;NI;NI;NI;NI;NI;NI;NI;NI;NI;NI;NI;NI;NI;NI;NI
GUILTON S.A. - CREDITO, FINANCIAMENTO E INVESTIMENTO;96.234.646;n1;I;2;;14;AMERICANA;SP;09/2012;NI;NI;NI;NI;NI;NI;NI;NI;NI;NI;NI;NI;NI;NI;NI;NI;NI;NI;NI;NI;NI;NI;NI;NI;NI;NI;NI;NI;NI;NI;NI;NI;NI;NI;NI;NI;NI;NI;NI;NI;NI;NI;NI;NI;NI;NI;NI;NI;NI;NI;NI;NI;NI;NI;NI;NI;NI;NI;NI;NI;NI;NI;NI;NI;NI;NI;NI;NI;NI;NI;NI;NI;NI;NI;NI;NI
DECYSEO CORRETORA DE CAMBIO LTDA.;94.968.518;n2;I;2;;21;SAO PAULO;SP;09/2012;NA;NA;NA;NA;NA;NA;NA;NA;NA;NA;NA;NA;NA;NA;NA;NA;NA;NA;NA;NA;NA;NA;NA;NA;NA;NA;NA;NA;NA;NA;NA;NA;NA;NA;NA;NA;NA;NA;NA;NA;NA;NA;NA;NA;NA;NA;NA;NA;NA;NA;NA;NA;NA;NA;NA;NA;NA;NA;NA;NA;NA;NA;NA;NA;NA;NA;NA;NA;NA;NA;NA;NA;NA;NA;NA;NA
ORLA DISTRIBUIDORA DE TÍTULOS E VALORES MOBILIÁRIOS S.A.;92.904.564;n2;I;2;;16;RIO DE JANEIRO;RJ;09/2012;NI;NI;NI;NI;NI;NI;NI;NI;NI;NI;NI;NI;NI;NI;NI;NI;NI;NI;NI;NI;NI;NI;NI;NI;NI;NI;NI;NI;NI;NI;NI;NI;NI;NI;NI;NI;NI;NI;NI;NI;NI;NI;NI;NI;NI;NI;NI;NI;NI;NI;NI;NI;NI;NI;NI;NI;NI;NI;NI;NI;NI;NI;NI;NI;NI;NI;NI;NI;NI;NI;NI;NI;NI;NI;NI;NI
SCHRODER INVESTMENT MANAGEMENT BRASIL DISTRIBUIDORA DE TÍTULOS E VALORES MOBILIÁRIOS S.A.;92.886.662;n2;I;3;;16;SAO PAULO;SP;09/2012;NI;NI;NI;NI;NI;NI;NI;NI;NI;NI;NI;NI;NI;NI;NI;NI;NI;NI;NI;NI;NI;NI;NI;NI;NI;NI;NI;NI;NI;NI;NI;NI;NI;NI;NI;NI;NI;NI;NI;NI;NI;NI;NI;NI;NI;NI;NI;NI;NI;NI;NI;NI;NI;NI;NI;NI;NI;NI;NI;NI;NI;NI;NI;NI;NI;NI;NI;NI;NI;NI;NI;NI;NI;NI;NI;NI
PILLA CORRETORA DE VALORES MOBILIÁRIOS E CÂMBIO LTDA.;92.875.780;n2;I;2;;15;PORTO ALEGRE;RS;09/2012;NI;NI;NI;NI;NI;NI;NI;NI;NI;NI;NI;NI;NI;NI;NI;NI;NI;NI;NI;NI;NI;NI;NI;NI;NI;NI;NI;NI;NI;NI;NI;NI;NI;NI;NI;NI;NI;NI;NI;NI;NI;NI;NI;NI;NI;NI;NI;NI;NI;NI;NI;NI;NI;NI;NI;NI;NI;NI;NI;NI;NI;NI;NI;NI;NI;NI;NI;NI;NI;NI;NI;NI;NI;NI;NI;NI
CORRETORA GERAL DE VALORES E CÂMBIO LTDA;92.858.380;n2;I;2;;15;PORTO ALEGRE;RS;09/2012;NI;NI;NI;NI;NI;NI;NI;NI;NI;NI;NI;NI;NI;NI;NI;NI;NI;NI;NI;NI;NI;NI;NI;NI;NI;NI;NI;NI;NI;NI;NI;NI;NI;NI;NI;NI;NI;NI;NI;NI;NI;NI;NI;NI;NI;NI;NI;NI;NI;NI;NI;NI;NI;NI;NI;NI;NI;NI;NI;NI;NI;NI;NI;NI;NI;NI;NI;NI;NI;NI;NI;NI;NI;NI;NI;NI
ADVANCED CORRETORA DE CÂMBIO LTDA;92.856.905;n2;I;2;;21;SAO PAULO;SP;09/2012;NA;NA;NA;NA;NA;NA;NA;NA;NA;NA;NA;NA;NA;NA;NA;NA;NA;NA;NA;NA;NA;NA;NA;NA;NA;NA;NA;NA;NA;NA;NA;NA;NA;NA;NA;NA;NA;NA;NA;NA;NA;NA;NA;NA;NA;NA;NA;NA;NA;NA;NA;NA;NA;NA;NA;NA;NA;NA;NA;NA;NA;NA;NA;NA;NA;NA;NA;NA;NA;NA;NA;NA;NA;NA;NA;NA
RB CAPITAL DISTRIBUIDORA DE TÍTULOS E VALORES MOBILIÁRIOS LTDA.;89.960.090;n2;I;2;;16;SAO PAULO;SP;09/2012;NI;NI;NI;NI;NI;NI;NI;NI;NI;NI;NI;NI;NI;NI;NI;NI;NI;NI;NI;NI;NI;NI;NI;NI;NI;NI;NI;NI;NI;NI;NI;NI;NI;NI;NI;NI;NI;NI;NI;NI;NI;NI;NI;NI;NI;NI;NI;NI;NI;NI;NI;NI;NI;NI;NI;NI;NI;NI;NI;NI;NI;NI;NI;NI;NI;NI;NI;NI;NI;NI;NI;NI;NI;NI;NI;NI
EBADIVAL - E. BAGGIO DISTRIBUIDORA DE TÍTULOS E VALORES MOBILIÁRIOS LTDA.;89.784.367;n2;I;2;;16;CURITIBA;PR;09/2012;NI;NI;NI;NI;NI;NI;NI;NI;NI;NI;NI;NI;NI;NI;NI;NI;NI;NI;NI;NI;NI;NI;NI;NI;NI;NI;NI;NI;NI;NI;NI;NI;NI;NI;NI;NI;NI;NI;NI;NI;NI;NI;NI;NI;NI;NI;NI;NI;NI;NI;NI;NI;NI;NI;NI;NI;NI;NI;NI;NI;NI;NI;NI;NI;NI;NI;NI;NI;NI;NI;NI;NI;NI;NI;NI;NI
COOPERATIVA CENTRAL DE ECONOMIA E CRÉDITO MÚTUO DAS UNICREDS DO ESTADO DO RIO DE JANEIRO LTDA. - UNICRED CENTRAL RJ;86.774.775;b3C;I;2;;9;RIO DE JANEIRO;RJ;09/2012;NI;NI;NI;NI;NI;NI;NI;NI;NI;NI;NI;NI;NI;NI;NI;NI;NI;NI;NI;NI;NI;NI;NI;NI;NI;NI;NI;NI;NI;NI;NI;NI;NI;NI;NI;NI;NI;NI;NI;NI;NI;NI;NI;NI;NI;NI;NI;NI;NI;NI;NI;NI;NI;NI;NI;NI;NI;NI;NI;NI;NI;NI;NI;NI;NI;NI;NI;NI;NI;NI;NI;NI;NI;NI;NI;NI
COOPERJUS - COOPERATIVA DE ECONOMIA E CRÉDITO MÚTUO DOS SERVIDORES DO PODER JUDICIÁRIO FEDERAL E MINISTÉRIO PÚBLICO DA UNIÃO NO ESTADO DO PARÁ.;83.332.700;b3S;I;2;;9;BELEM;PA;09/2012;NI;NI;NI;NI;NI;NI;NI;NI;NI;NI;NI;NI;NI;NI;NI;NI;NI;NI;NI;NI;NI;NI;NI;NI;NI;NI;NI;NI;NI;NI;NI;NI;NI;NI;NI;NI;NI;NI;NI;NI;NI;NI;NI;NI;NI;NI;NI;NI;NI;NI;NI;NI;NI;NI;NI;NI;NI;NI;NI;NI;NI;NI;NI;NI;NI;NI;NI;NI;NI;NI;NI;NI;NI;NI;NI;NI
C&D DISTRIBUIDORA DE TITULOS E VALORES MOBILIARIOS S/A;82.016.270;n2;I;2;;16;CURITIBA;PR;09/2012;NI;NI;NI;NI;NI;NI;NI;NI;NI;NI;NI;NI;NI;NI;NI;NI;NI;NI;NI;NI;NI;NI;NI;NI;NI;NI;NI;NI;NI;NI;NI;NI;NI;NI;NI;NI;NI;NI;NI;NI;NI;NI;NI;NI;NI;NI;NI;NI;NI;NI;NI;NI;NI;NI;NI;NI;NI;NI;NI;NI;NI;NI;NI;NI;NI;NI;NI;NI;NI;NI;NI;NI;NI;NI;NI;NI
CORREPARTI CORRETORA DE CAMBIO LTDA;80.202.872;n2;I;2;;21;CURITIBA;PR;09/2012;NA;NA;NA;NA;NA;NA;NA;NA;NA;NA;NA;NA;NA;NA;NA;NA;NA;NA;NA;NA;NA;NA;NA;NA;NA;NA;NA;NA;NA;NA;NA;NA;NA;NA;NA;NA;NA;NA;NA;NA;NA;NA;NA;NA;NA;NA;NA;NA;NA;NA;NA;NA;NA;NA;NA;NA;NA;NA;NA;NA;NA;NA;NA;NA;NA;NA;NA;NA;NA;NA;NA;NA;NA;NA;NA;NA
DEBONI DISTRIBUIDORA DE TITULOS E VALORES MOBILIARIOS LTDA;77.162.881;n2;I;2;;16;CURITIBA;PR;09/2012;NI;NI;NI;NI;NI;NI;NI;NI;NI;NI;NI;NI;NI;NI;NI;NI;NI;NI;NI;NI;NI;NI;NI;NI;NI;NI;NI;NI;NI;NI;NI;NI;NI;NI;NI;NI;NI;NI;NI;NI;NI;NI;NI;NI;NI;NI;NI;NI;NI;NI;NI;NI;NI;NI;NI;NI;NI;NI;NI;NI;NI;NI;NI;NI;NI;NI;NI;NI;NI;NI;NI;NI;NI;NI;NI;NI
DOURADA CORRETORA DE CÂMBIO LTDA.;76.641.497;n2;I;2;;21;CURITIBA;PR;09/2012;NA;NA;NA;NA;NA;NA;NA;NA;NA;NA;NA;NA;NA;NA;NA;NA;NA;NA;NA;NA;NA;NA;NA;NA;NA;NA;NA;NA;NA;NA;NA;NA;NA;NA;NA;NA;NA;NA;NA;NA;NA;NA;NA;NA;NA;NA;NA;NA;NA;NA;NA;NA;NA;NA;NA;NA;NA;NA;NA;NA;NA;NA;NA;NA;NA;NA;NA;NA;NA;NA;NA;NA;NA;NA;NA;NA
NOMINAL DISTRIBUIDORA DE TITULOS E VALORES MOBILIARIOS LTDA;76.637.263;n2;I;2;;16;RIO DE JANEIRO;RJ;09/2012;NI;NI;NI;NI;NI;NI;NI;NI;NI;NI;NI;NI;NI;NI;NI;NI;NI;NI;NI;NI;NI;NI;NI;NI;NI;NI;NI;NI;NI;NI;NI;NI;NI;NI;NI;NI;NI;NI;NI;NI;NI;NI;NI;NI;NI;NI;NI;NI;NI;NI;NI;NI;NI;NI;NI;NI;NI;NI;NI;NI;NI;NI;NI;NI;NI;NI;NI;NI;NI;NI;NI;NI;NI;NI;NI;NI
OLIVEIRA FRANCO SOCIEDADE CORRETORA DE VALORES E CAMBIO LTDA;76.633.486;n2;I;2;;15;CURITIBA;PR;09/2012;NI;NI;NI;NI;NI;NI;NI;NI;NI;NI;NI;NI;NI;NI;NI;NI;NI;NI;NI;NI;NI;NI;NI;NI;NI;NI;NI;NI;NI;NI;NI;NI;NI;NI;NI;NI;NI;NI;NI;NI;NI;NI;NI;NI;NI;NI;NI;NI;NI;NI;NI;NI;NI;NI;NI;NI;NI;NI;NI;NI;NI;NI;NI;NI;NI;NI;NI;NI;NI;NI;NI;NI;NI;NI;NI;NI
OMAR CAMARGO CORRETORA DE CAMBIO E VALORES LTDA;76.616.978;n2;I;2;;15;CURITIBA;PR;09/2012;NI;NI;NI;NI;NI;NI;NI;NI;NI;NI;NI;NI;NI;NI;NI;NI;NI;NI;NI;NI;NI;NI;NI;NI;NI;NI;NI;NI;NI;NI;NI;NI;NI;NI;NI;NI;NI;NI;NI;NI;NI;NI;NI;NI;NI;NI;NI;NI;NI;NI;NI;NI;NI;NI;NI;NI;NI;NI;NI;NI;NI;NI;NI;NI;NI;NI;NI;NI;NI;NI;NI;NI;NI;NI;NI;NI
ESTRATEGIA INVESTIMENTOS S.A.- CORRETORA DE VALORES E CAMBIO;74.073.974;n2;I;2;;15;RIO DE JANEIRO;RJ;09/2012;NI;NI;NI;NI;NI;NI;NI;NI;NI;NI;NI;NI;NI;NI;NI;NI;NI;NI;NI;NI;NI;NI;NI;NI;NI;NI;NI;NI;NI;NI;NI;NI;NI;NI;NI;NI;NI;NI;NI;NI;NI;NI;NI;NI;NI;NI;NI;NI;NI;NI;NI;NI;NI;NI;NI;NI;NI;NI;NI;NI;NI;NI;NI;NI;NI;NI;NI;NI;NI;NI;NI;NI;NI;NI;NI;NI
B & T ASSOCIADOS CORRETORA DE CÂMBIO LTDA.;73.622.748;n2;I;2;;21;RIO DE JANEIRO;RJ;09/2012;NA;NA;NA;NA;NA;NA;NA;NA;NA;NA;NA;NA;NA;NA;NA;NA;NA;NA;NA;NA;NA;NA;NA;NA;NA;NA;NA;NA;NA;NA;NA;NA;NA;NA;NA;NA;NA;NA;NA;NA;NA;NA;NA;NA;NA;NA;NA;NA;NA;NA;NA;NA;NA;NA;NA;NA;NA;NA;NA;NA;NA;NA;NA;NA;NA;NA;NA;NA;NA;NA;NA;NA;NA;NA;NA;NA
EXIM CORRETORA DE CAMBIO LTDA;73.302.408;n2;I;2;;21;PORTO ALEGRE;RS;09/2012;NA;NA;NA;NA;NA;NA;NA;NA;NA;NA;NA;NA;NA;NA;NA;NA;NA;NA;NA;NA;NA;NA;NA;NA;NA;NA;NA;NA;NA;NA;NA;NA;NA;NA;NA;NA;NA;NA;NA;NA;NA;NA;NA;NA;NA;NA;NA;NA;NA;NA;NA;NA;NA;NA;NA;NA;NA;NA;NA;NA;NA;NA;NA;NA;NA;NA;NA;NA;NA;NA;NA;NA;NA;NA;NA;NA
PACIFIC INVEST DISTRIBUIDORA DE TITULOS E VALORES MOBILIARIOS LTDA;73.279.093;n2;I;2;;16;JOACABA;SC;09/2012;NI;NI;NI;NI;NI;NI;NI;NI;NI;NI;NI;NI;NI;NI;NI;NI;NI;NI;NI;NI;NI;NI;NI;NI;NI;NI;NI;NI;NI;NI;NI;NI;NI;NI;NI;NI;NI;NI;NI;NI;NI;NI;NI;NI;NI;NI;NI;NI;NI;NI;NI;NI;NI;NI;NI;NI;NI;NI;NI;NI;NI;NI;NI;NI;NI;NI;NI;NI;NI;NI;NI;NI;NI;NI;NI;NI
COOPERATIVA CENTRAL DE CRÉDITO DO ESTADO DE SÃO PAULO LTDA   UNICRED CENTRAL SP;73.085.573;b3C;I;2;;9;SAO PAULO;SP;09/2012;NI;NI;NI;NI;NI;NI;NI;NI;NI;NI;NI;NI;NI;NI;NI;NI;NI;NI;NI;NI;NI;NI;NI;NI;NI;NI;NI;NI;NI;NI;NI;NI;NI;NI;NI;NI;NI;NI;NI;NI;NI;NI;NI;NI;NI;NI;NI;NI;NI;NI;NI;NI;NI;NI;NI;NI;NI;NI;NI;NI;NI;NI;NI;NI;NI;NI;NI;NI;NI;NI;NI;NI;NI;NI;NI;NI
RENOVA S.A. CORRETORA DE CÂMBIO;72.760.713;n2;I;2;;21;SAO PAULO;SP;09/2012;NA;NA;NA;NA;NA;NA;NA;NA;NA;NA;NA;NA;NA;NA;NA;NA;NA;NA;NA;NA;NA;NA;NA;NA;NA;NA;NA;NA;NA;NA;NA;NA;NA;NA;NA;NA;NA;NA;NA;NA;NA;NA;NA;NA;NA;NA;NA;NA;NA;NA;NA;NA;NA;NA;NA;NA;NA;NA;NA;NA;NA;NA;NA;NA;NA;NA;NA;NA;NA;NA;NA;NA;NA;NA;NA;NA
RIO BRAVO INVESTIMENTOS - DISTRIBUIDORA DE TÍTULOS E VALORES MOBILIÁRIOS LTDA.;72.600.026;n2;I;2;;16;SAO PAULO;SP;09/2012;NI;NI;NI;NI;NI;NI;NI;NI;NI;NI;NI;NI;NI;NI;NI;NI;NI;NI;NI;NI;NI;NI;NI;NI;NI;NI;NI;NI;NI;NI;NI;NI;NI;NI;NI;NI;NI;NI;NI;NI;NI;NI;NI;NI;NI;NI;NI;NI;NI;NI;NI;NI;NI;NI;NI;NI;NI;NI;NI;NI;NI;NI;NI;NI;NI;NI;NI;NI;NI;NI;NI;NI;NI;NI;NI;NI
ÍCARO CORRETORA DE CÂMBIO LTDA;72.556.996;n2;I;2;;21;CURITIBA;PR;09/2012;NA;NA;NA;NA;NA;NA;NA;NA;NA;NA;NA;NA;NA;NA;NA;NA;NA;NA;NA;NA;NA;NA;NA;NA;NA;NA;NA;NA;NA;NA;NA;NA;NA;NA;NA;NA;NA;NA;NA;NA;NA;NA;NA;NA;NA;NA;NA;NA;NA;NA;NA;NA;NA;NA;NA;NA;NA;NA;NA;NA;NA;NA;NA;NA;NA;NA;NA;NA;NA;NA;NA;NA;NA;NA;NA;NA
CREDICORP CORRETORA DE CÂMBIO, TÍTULOS E VALORES MOBILIÁRIOS LTDA.;72.182.306;n2;I;2;;15;RIO DE JANEIRO;RJ;09/2012;NI;NI;NI;NI;NI;NI;NI;NI;NI;NI;NI;NI;NI;NI;NI;NI;NI;NI;NI;NI;NI;NI;NI;NI;NI;NI;NI;NI;NI;NI;NI;NI;NI;NI;NI;NI;NI;NI;NI;NI;NI;NI;NI;NI;NI;NI;NI;NI;NI;NI;NI;NI;NI;NI;NI;NI;NI;NI;NI;NI;NI;NI;NI;NI;NI;NI;NI;NI;NI;NI;NI;NI;NI;NI;NI;NI
COOPERATIVA DE ECONOMIA E CRÉDITO MÚTUO DOS EMPREGADOS DA DRIVEWAY;71.799.308;b3S;I;2;;9;SAO PAULO;SP;09/2012;NI;NI;NI;NI;NI;NI;NI;NI;NI;NI;NI;NI;NI;NI;NI;NI;NI;NI;NI;NI;NI;NI;NI;NI;NI;NI;NI;NI;NI;NI;NI;NI;NI;NI;NI;NI;NI;NI;NI;NI;NI;NI;NI;NI;NI;NI;NI;NI;NI;NI;NI;NI;NI;NI;NI;NI;NI;NI;NI;NI;NI;NI;NI;NI;NI;NI;NI;NI;NI;NI;NI;NI;NI;NI;NI;NI
LASTRO RDV DISTRIBUIDORA DE TÍTULOS E VALORES MOBILIÁRIOS LTDA.;71.590.442;n2;I;2;;16;ARARAS;SP;09/2012;NI;NI;NI;NI;NI;NI;NI;NI;NI;NI;NI;NI;NI;NI;NI;NI;NI;NI;NI;NI;NI;NI;NI;NI;NI;NI;NI;NI;NI;NI;NI;NI;NI;NI;NI;NI;NI;NI;NI;NI;NI;NI;NI;NI;NI;NI;NI;NI;NI;NI;NI;NI;NI;NI;NI;NI;NI;NI;NI;NI;NI;NI;NI;NI;NI;NI;NI;NI;NI;NI;NI;NI;NI;NI;NI;NI
COOPERATIVA DE ECONOMIA E CRÉDITO MÚTUO DOS BANCÁRIOS DE SOROCABA E REGIÃO;71.491.609;b3S;I;2;;9;SOROCABA;SP;09/2012;NI;NI;NI;NI;NI;NI;NI;NI;NI;NI;NI;NI;NI;NI;NI;NI;NI;NI;NI;NI;NI;NI;NI;NI;NI;NI;NI;NI;NI;NI;NI;NI;NI;NI;NI;NI;NI;NI;NI;NI;NI;NI;NI;NI;NI;NI;NI;NI;NI;NI;NI;NI;NI;NI;NI;NI;NI;NI;NI;NI;NI;NI;NI;NI;NI;NI;NI;NI;NI;NI;NI;NI;NI;NI;NI;NI
PIONEER CORRETORA DE CAMBIO LTDA;69.251.239;n2;I;2;;21;SAO PAULO;SP;09/2012;NA;NA;NA;NA;NA;NA;NA;NA;NA;NA;NA;NA;NA;NA;NA;NA;NA;NA;NA;NA;NA;NA;NA;NA;NA;NA;NA;NA;NA;NA;NA;NA;NA;NA;NA;NA;NA;NA;NA;NA;NA;NA;NA;NA;NA;NA;NA;NA;NA;NA;NA;NA;NA;NA;NA;NA;NA;NA;NA;NA;NA;NA;NA;NA;NA;NA;NA;NA;NA;NA;NA;NA;NA;NA;NA;NA
J. ALVES CORRETORA DE CAMBIO LTDA;69.078.350;n2;I;2;;21;SAO PAULO;SP;09/2012;NA;NA;NA;NA;NA;NA;NA;NA;NA;NA;NA;NA;NA;NA;NA;NA;NA;NA;NA;NA;NA;NA;NA;NA;NA;NA;NA;NA;NA;NA;NA;NA;NA;NA;NA;NA;NA;NA;NA;NA;NA;NA;NA;NA;NA;NA;NA;NA;NA;NA;NA;NA;NA;NA;NA;NA;NA;NA;NA;NA;NA;NA;NA;NA;NA;NA;NA;NA;NA;NA;NA;NA;NA;NA;NA;NA
SOLIDUS S.A. CORRETORA DE CAMBIO E VALORES MOBILIARIOS;68.757.681;n2;I;2;;15;PORTO ALEGRE;RS;09/2012;NI;NI;NI;NI;NI;NI;NI;NI;NI;NI;NI;NI;NI;NI;NI;NI;NI;NI;NI;NI;NI;NI;NI;NI;NI;NI;NI;NI;NI;NI;NI;NI;NI;NI;NI;NI;NI;NI;NI;NI;NI;NI;NI;NI;NI;NI;NI;NI;NI;NI;NI;NI;NI;NI;NI;NI;NI;NI;NI;NI;NI;NI;NI;NI;NI;NI;NI;NI;NI;NI;NI;NI;NI;NI;NI;NI
NUMBER ONE SOCIEDADE CORRETORA DE CAMBIO LTDA.;68.742.204;n2;I;2;;21;RIO DE JANEIRO;RJ;09/2012;NA;NA;NA;NA;NA;NA;NA;NA;NA;NA;NA;NA;NA;NA;NA;NA;NA;NA;NA;NA;NA;NA;NA;NA;NA;NA;NA;NA;NA;NA;NA;NA;NA;NA;NA;NA;NA;NA;NA;NA;NA;NA;NA;NA;NA;NA;NA;NA;NA;NA;NA;NA;NA;NA;NA;NA;NA;NA;NA;NA;NA;NA;NA;NA;NA;NA;NA;NA;NA;NA;NA;NA;NA;NA;NA;NA
LLA - DISTRIBUIDORA DE TÍTULOS E VALORES MOBILIÁRIOS LTDA.;67.600.379;n2;I;2;;16;SAO PAULO;SP;09/2012;NI;NI;NI;NI;NI;NI;NI;NI;NI;NI;NI;NI;NI;NI;NI;NI;NI;NI;NI;NI;NI;NI;NI;NI;NI;NI;NI;NI;NI;NI;NI;NI;NI;NI;NI;NI;NI;NI;NI;NI;NI;NI;NI;NI;NI;NI;NI;NI;NI;NI;NI;NI;NI;NI;NI;NI;NI;NI;NI;NI;NI;NI;NI;NI;NI;NI;NI;NI;NI;NI;NI;NI;NI;NI;NI;NI
S. HAYATA CORRETORA DE CÂMBIO S.A.;67.391.821;n2;I;2;;21;SAO PAULO;SP;09/2012;NA;NA;NA;NA;NA;NA;NA;NA;NA;NA;NA;NA;NA;NA;NA;NA;NA;NA;NA;NA;NA;NA;NA;NA;NA;NA;NA;NA;NA;NA;NA;NA;NA;NA;NA;NA;NA;NA;NA;NA;NA;NA;NA;NA;NA;NA;NA;NA;NA;NA;NA;NA;NA;NA;NA;NA;NA;NA;NA;NA;NA;NA;NA;NA;NA;NA;NA;NA;NA;NA;NA;NA;NA;NA;NA;NA
LIRA S.A. CORRETORA DE CAMBIO;67.041.053;n2;I;2;;21;SANTANA DE PARNAIBA;SP;09/2012;NA;NA;NA;NA;NA;NA;NA;NA;NA;NA;NA;NA;NA;NA;NA;NA;NA;NA;NA;NA;NA;NA;NA;NA;NA;NA;NA;NA;NA;NA;NA;NA;NA;NA;NA;NA;NA;NA;NA;NA;NA;NA;NA;NA;NA;NA;NA;NA;NA;NA;NA;NA;NA;NA;NA;NA;NA;NA;NA;NA;NA;NA;NA;NA;NA;NA;NA;NA;NA;NA;NA;NA;NA;NA;NA;NA
TATICA S.A. - DISTRIBUIDORA DE TITULOS E VALORES MOBILIARIOS;66.616.632;n2;I;2;;16;SAO PAULO;SP;09/2012;NI;NI;NI;NI;NI;NI;NI;NI;NI;NI;NI;NI;NI;NI;NI;NI;NI;NI;NI;NI;NI;NI;NI;NI;NI;NI;NI;NI;NI;NI;NI;NI;NI;NI;NI;NI;NI;NI;NI;NI;NI;NI;NI;NI;NI;NI;NI;NI;NI;NI;NI;NI;NI;NI;NI;NI;NI;NI;NI;NI;NI;NI;NI;NI;NI;NI;NI;NI;NI;NI;NI;NI;NI;NI;NI;NI
GRACO CORRETORA DE CAMBIO S.A.;65.982.589;n2;I;2;;21;POA;SP;09/2012;NA;NA;NA;NA;NA;NA;NA;NA;NA;NA;NA;NA;NA;NA;NA;NA;NA;NA;NA;NA;NA;NA;NA;NA;NA;NA;NA;NA;NA;NA;NA;NA;NA;NA;NA;NA;NA;NA;NA;NA;NA;NA;NA;NA;NA;NA;NA;NA;NA;NA;NA;NA;NA;NA;NA;NA;NA;NA;NA;NA;NA;NA;NA;NA;NA;NA;NA;NA;NA;NA;NA;NA;NA;NA;NA;NA
DASCAM CORRETORA DE CÂMBIO LTDA.;65.645.137;n2;I;2;;21;SAO PAULO;SP;09/2012;NA;NA;NA;NA;NA;NA;NA;NA;NA;NA;NA;NA;NA;NA;NA;NA;NA;NA;NA;NA;NA;NA;NA;NA;NA;NA;NA;NA;NA;NA;NA;NA;NA;NA;NA;NA;NA;NA;NA;NA;NA;NA;NA;NA;NA;NA;NA;NA;NA;NA;NA;NA;NA;NA;NA;NA;NA;NA;NA;NA;NA;NA;NA;NA;NA;NA;NA;NA;NA;NA;NA;NA;NA;NA;NA;NA
NGO ASSOCIADOS CORRETORA DE CÂMBIO LTDA.;65.635.377;n2;I;2;;21;SAO PAULO;SP;09/2012;NA;NA;NA;NA;NA;NA;NA;NA;NA;NA;NA;NA;NA;NA;NA;NA;NA;NA;NA;NA;NA;NA;NA;NA;NA;NA;NA;NA;NA;NA;NA;NA;NA;NA;NA;NA;NA;NA;NA;NA;NA;NA;NA;NA;NA;NA;NA;NA;NA;NA;NA;NA;NA;NA;NA;NA;NA;NA;NA;NA;NA;NA;NA;NA;NA;NA;NA;NA;NA;NA;NA;NA;NA;NA;NA;NA
FRAÇÃO DISTRIBUIDORA DE TÍTULOS E VALORES MOBILIÁRIOS LTDA;64.414.832;n2;I;2;;16;BELO HORIZONTE;MG;09/2012;NI;NI;NI;NI;NI;NI;NI;NI;NI;NI;NI;NI;NI;NI;NI;NI;NI;NI;NI;NI;NI;NI;NI;NI;NI;NI;NI;NI;NI;NI;NI;NI;NI;NI;NI;NI;NI;NI;NI;NI;NI;NI;NI;NI;NI;NI;NI;NI;NI;NI;NI;NI;NI;NI;NI;NI;NI;NI;NI;NI;NI;NI;NI;NI;NI;NI;NI;NI;NI;NI;NI;NI;NI;NI;NI;NI
RENASCENCA DISTRIBUIDORA DE TÍTULOS E VALORES MOBILIÁRIOS LTDA;62.287.735;n2;I;2;;16;SAO PAULO;SP;09/2012;NI;NI;NI;NI;NI;NI;NI;NI;NI;NI;NI;NI;NI;NI;NI;NI;NI;NI;NI;NI;NI;NI;NI;NI;NI;NI;NI;NI;NI;NI;NI;NI;NI;NI;NI;NI;NI;NI;NI;NI;NI;NI;NI;NI;NI;NI;NI;NI;NI;NI;NI;NI;NI;NI;NI;NI;NI;NI;NI;NI;NI;NI;NI;NI;NI;NI;NI;NI;NI;NI;NI;NI;NI;NI;NI;NI
DIBRAN DISTRIBUIDORA DE TÍTULOS E VALORES MOBILIÁRIOS LTDA.;62.280.490;n2;I;2;;16;SAO PAULO;SP;09/2012;NI;NI;NI;NI;NI;NI;NI;NI;NI;NI;NI;NI;NI;NI;NI;NI;NI;NI;NI;NI;NI;NI;NI;NI;NI;NI;NI;NI;NI;NI;NI;NI;NI;NI;NI;NI;NI;NI;NI;NI;NI;NI;NI;NI;NI;NI;NI;NI;NI;NI;NI;NI;NI;NI;NI;NI;NI;NI;NI;NI;NI;NI;NI;NI;NI;NI;NI;NI;NI;NI;NI;NI;NI;NI;NI;NI
CP & FRIZZO - DISTRIBUIDORA DE TÍTULOS E VALORES MOBILIÁRIOS LTDA;62.264.924;n2;I;2;;16;SAO PAULO;SP;09/2012;NI;NI;NI;NI;NI;NI;NI;NI;NI;NI;NI;NI;NI;NI;NI;NI;NI;NI;NI;NI;NI;NI;NI;NI;NI;NI;NI;NI;NI;NI;NI;NI;NI;NI;NI;NI;NI;NI;NI;NI;NI;NI;NI;NI;NI;NI;NI;NI;NI;NI;NI;NI;NI;NI;NI;NI;NI;NI;NI;NI;NI;NI;NI;NI;NI;NI;NI;NI;NI;NI;NI;NI;NI;NI;NI;NI
CAROL DISTRIBUIDORA DE TITULOS E VALORES MOBILIARIOS LTDA.;62.237.649;n2;I;2;;16;SAO PAULO;SP;09/2012;NI;NI;NI;NI;NI;NI;NI;NI;NI;NI;NI;NI;NI;NI;NI;NI;NI;NI;NI;NI;NI;NI;NI;NI;NI;NI;NI;NI;NI;NI;NI;NI;NI;NI;NI;NI;NI;NI;NI;NI;NI;NI;NI;NI;NI;NI;NI;NI;NI;NI;NI;NI;NI;NI;NI;NI;NI;NI;NI;NI;NI;NI;NI;NI;NI;NI;NI;NI;NI;NI;NI;NI;NI;NI;NI;NI
OUROMINAS DISTRIBUIDORA DE TÍTULOS E VALORES MOBILIÁRIOS LTDA;62.187.307;n2;I;2;;16;SAO PAULO;SP;09/2012;NI;NI;NI;NI;NI;NI;NI;NI;NI;NI;NI;NI;NI;NI;NI;NI;NI;NI;NI;NI;NI;NI;NI;NI;NI;NI;NI;NI;NI;NI;NI;NI;NI;NI;NI;NI;NI;NI;NI;NI;NI;NI;NI;NI;NI;NI;NI;NI;NI;NI;NI;NI;NI;NI;NI;NI;NI;NI;NI;NI;NI;NI;NI;NI;NI;NI;NI;NI;NI;NI;NI;NI;NI;NI;NI;NI
INTL FCSTONE DISTRIBUIDORA DE TÍTULOS E VALORES MOBILIÁRIOS LTDA.;62.090.873;n2;I;2;;16;BELO HORIZONTE;MG;09/2012;NI;NI;NI;NI;NI;NI;NI;NI;NI;NI;NI;NI;NI;NI;NI;NI;NI;NI;NI;NI;NI;NI;NI;NI;NI;NI;NI;NI;NI;NI;NI;NI;NI;NI;NI;NI;NI;NI;NI;NI;NI;NI;NI;NI;NI;NI;NI;NI;NI;NI;NI;NI;NI;NI;NI;NI;NI;NI;NI;NI;NI;NI;NI;NI;NI;NI;NI;NI;NI;NI;NI;NI;NI;NI;NI;NI
SAGRES DISTRIBUIDORA DE TÍTULOS E VALORES MOBILIÁRIOS LTDA.;62.050.554;n2;I;2;;16;SAO PAULO;SP;09/2012;NI;NI;NI;NI;NI;NI;NI;NI;NI;NI;NI;NI;NI;NI;NI;NI;NI;NI;NI;NI;NI;NI;NI;NI;NI;NI;NI;NI;NI;NI;NI;NI;NI;NI;NI;NI;NI;NI;NI;NI;NI;NI;NI;NI;NI;NI;NI;NI;NI;NI;NI;NI;NI;NI;NI;NI;NI;NI;NI;NI;NI;NI;NI;NI;NI;NI;NI;NI;NI;NI;NI;NI;NI;NI;NI;NI
ESCRITORIO LEROSA S.A. CORRETORES DE VALORES;61.973.863;n2;I;2;;15;SAO PAULO;SP;09/2012;NI;NI;NI;NI;NI;NI;NI;NI;NI;NI;NI;NI;NI;NI;NI;NI;NI;NI;NI;NI;NI;NI;NI;NI;NI;NI;NI;NI;NI;NI;NI;NI;NI;NI;NI;NI;NI;NI;NI;NI;NI;NI;NI;NI;NI;NI;NI;NI;NI;NI;NI;NI;NI;NI;NI;NI;NI;NI;NI;NI;NI;NI;NI;NI;NI;NI;NI;NI;NI;NI;NI;NI;NI;NI;NI;NI
CORRETORA SOUZA BARROS - CAMBIO E TITULOS S.A.;61.787.776;n2;I;2;;15;SAO PAULO;SP;09/2012;NI;NI;NI;NI;NI;NI;NI;NI;NI;NI;NI;NI;NI;NI;NI;NI;NI;NI;NI;NI;NI;NI;NI;NI;NI;NI;NI;NI;NI;NI;NI;NI;NI;NI;NI;NI;NI;NI;NI;NI;NI;NI;NI;NI;NI;NI;NI;NI;NI;NI;NI;NI;NI;NI;NI;NI;NI;NI;NI;NI;NI;NI;NI;NI;NI;NI;NI;NI;NI;NI;NI;NI;NI;NI;NI;NI
WALPIRES S.A. CORRETORA DE CÂMBIO, TÍTULOS E VALORES MOBILIÁRIOS;61.769.790;n2;I;2;;15;SAO PAULO;SP;09/2012;NI;NI;NI;NI;NI;NI;NI;NI;NI;NI;NI;NI;NI;NI;NI;NI;NI;NI;NI;NI;NI;NI;NI;NI;NI;NI;NI;NI;NI;NI;NI;NI;NI;NI;NI;NI;NI;NI;NI;NI;NI;NI;NI;NI;NI;NI;NI;NI;NI;NI;NI;NI;NI;NI;NI;NI;NI;NI;NI;NI;NI;NI;NI;NI;NI;NI;NI;NI;NI;NI;NI;NI;NI;NI;NI;NI
INCENTIVO S.A. DISTRIBUIDORA DE TÍTULOS E VALORES MOBILIÁRIOS;61.757.423;n2;I;2;;16;SAO PAULO;SP;09/2012;NI;NI;NI;NI;NI;NI;NI;NI;NI;NI;NI;NI;NI;NI;NI;NI;NI;NI;NI;NI;NI;NI;NI;NI;NI;NI;NI;NI;NI;NI;NI;NI;NI;NI;NI;NI;NI;NI;NI;NI;NI;NI;NI;NI;NI;NI;NI;NI;NI;NI;NI;NI;NI;NI;NI;NI;NI;NI;NI;NI;NI;NI;NI;NI;NI;NI;NI;NI;NI;NI;NI;NI;NI;NI;NI;NI
CONVENCAO S.A. CORRETORA DE VALORES E CAMBIO;61.747.085;n2;I;2;;15;SAO PAULO;SP;09/2012;NI;NI;NI;NI;NI;NI;NI;NI;NI;NI;NI;NI;NI;NI;NI;NI;NI;NI;NI;NI;NI;NI;NI;NI;NI;NI;NI;NI;NI;NI;NI;NI;NI;NI;NI;NI;NI;NI;NI;NI;NI;NI;NI;NI;NI;NI;NI;NI;NI;NI;NI;NI;NI;NI;NI;NI;NI;NI;NI;NI;NI;NI;NI;NI;NI;NI;NI;NI;NI;NI;NI;NI;NI;NI;NI;NI
TALARICO CORRETORA DE CÂMBIO E TÍTULOS MOBILIÁRIOS LTDA.;61.729.133;n2;I;2;;15;SAO PAULO;SP;09/2012;NI;NI;NI;NI;NI;NI;NI;NI;NI;NI;NI;NI;NI;NI;NI;NI;NI;NI;NI;NI;NI;NI;NI;NI;NI;NI;NI;NI;NI;NI;NI;NI;NI;NI;NI;NI;NI;NI;NI;NI;NI;NI;NI;NI;NI;NI;NI;NI;NI;NI;NI;NI;NI;NI;NI;NI;NI;NI;NI;NI;NI;NI;NI;NI;NI;NI;NI;NI;NI;NI;NI;NI;NI;NI;NI;NI
MAGLIANO S.A. CORRETORA DE CAMBIO E VALORES MOBILIARIOS;61.723.847;n2;I;2;;15;SAO PAULO;SP;09/2012;NI;NI;NI;NI;NI;NI;NI;NI;NI;NI;NI;NI;NI;NI;NI;NI;NI;NI;NI;NI;NI;NI;NI;NI;NI;NI;NI;NI;NI;NI;NI;NI;NI;NI;NI;NI;NI;NI;NI;NI;NI;NI;NI;NI;NI;NI;NI;NI;NI;NI;NI;NI;NI;NI;NI;NI;NI;NI;NI;NI;NI;NI;NI;NI;NI;NI;NI;NI;NI;NI;NI;NI;NI;NI;NI;NI
BALUARTE S.A. CORRETORA DE CAMBIO;61.688.131;n2;I;2;;21;SAO PAULO;SP;09/2012;NA;NA;NA;NA;NA;NA;NA;NA;NA;NA;NA;NA;NA;NA;NA;NA;NA;NA;NA;NA;NA;NA;NA;NA;NA;NA;NA;NA;NA;NA;NA;NA;NA;NA;NA;NA;NA;NA;NA;NA;NA;NA;NA;NA;NA;NA;NA;NA;NA;NA;NA;NA;NA;NA;NA;NA;NA;NA;NA;NA;NA;NA;NA;NA;NA;NA;NA;NA;NA;NA;NA;NA;NA;NA;NA;NA
PATACÃO DISTRIBUIDORA DE TÍTULOS E VALORES MOBILIÁRIOS LTDA.;59.615.005;n2;I;2;;16;SOROCABA;SP;09/2012;NI;NI;NI;NI;NI;NI;NI;NI;NI;NI;NI;NI;NI;NI;NI;NI;NI;NI;NI;NI;NI;NI;NI;NI;NI;NI;NI;NI;NI;NI;NI;NI;NI;NI;NI;NI;NI;NI;NI;NI;NI;NI;NI;NI;NI;NI;NI;NI;NI;NI;NI;NI;NI;NI;NI;NI;NI;NI;NI;NI;NI;NI;NI;NI;NI;NI;NI;NI;NI;NI;NI;NI;NI;NI;NI;NI
TENDÊNCIA CORRETORA DE CÂMBIO, TÍTULOS E VALORES MOBILIÁRIOS LTDA.;58.506.221;n2;I;2;;15;SAO PAULO;SP;09/2012;NI;NI;NI;NI;NI;NI;NI;NI;NI;NI;NI;NI;NI;NI;NI;NI;NI;NI;NI;NI;NI;NI;NI;NI;NI;NI;NI;NI;NI;NI;NI;NI;NI;NI;NI;NI;NI;NI;NI;NI;NI;NI;NI;NI;NI;NI;NI;NI;NI;NI;NI;NI;NI;NI;NI;NI;NI;NI;NI;NI;NI;NI;NI;NI;NI;NI;NI;NI;NI;NI;NI;NI;NI;NI;NI;NI
MARSAM - DISTRIBUIDORA DE TÍTULOS E VALORES MOBILIÁRIOS LTDA.;57.988.677;n2;I;2;;16;SAO PAULO;SP;09/2012;NI;NI;NI;NI;NI;NI;NI;NI;NI;NI;NI;NI;NI;NI;NI;NI;NI;NI;NI;NI;NI;NI;NI;NI;NI;NI;NI;NI;NI;NI;NI;NI;NI;NI;NI;NI;NI;NI;NI;NI;NI;NI;NI;NI;NI;NI;NI;NI;NI;NI;NI;NI;NI;NI;NI;NI;NI;NI;NI;NI;NI;NI;NI;NI;NI;NI;NI;NI;NI;NI;NI;NI;NI;NI;NI;NI
TORRE CORRETORA DE CÂMBIO LTDA;57.582.264;n2;I;2;;21;SAO PAULO;SP;09/2012;NA;NA;NA;NA;NA;NA;NA;NA;NA;NA;NA;NA;NA;NA;NA;NA;NA;NA;NA;NA;NA;NA;NA;NA;NA;NA;NA;NA;NA;NA;NA;NA;NA;NA;NA;NA;NA;NA;NA;NA;NA;NA;NA;NA;NA;NA;NA;NA;NA;NA;NA;NA;NA;NA;NA;NA;NA;NA;NA;NA;NA;NA;NA;NA;NA;NA;NA;NA;NA;NA;NA;NA;NA;NA;NA;NA
COBANSA COMPANHIA HIPOTECARIA;53.263.331;n1;I;2;;29;SAO PAULO;SP;09/2012;NI;NI;NI;NI;NI;NI;NI;NI;NI;NI;NI;NI;NI;NI;NI;NI;NI;NI;NI;NI;NI;NI;NI;NI;NI;NI;NI;NI;NI;NI;NI;NI;NI;NI;NI;NI;NI;NI;NI;NI;NI;NI;NI;NI;NI;NI;NI;NI;NI;NI;NI;NI;NI;NI;NI;NI;NI;NI;NI;NI;NI;NI;NI;NI;NI;NI;NI;NI;NI;NI;NI;NI;NI;NI;NI;NI
CONCÓRDIA S.A. CORRETORA DE VALORES MOBILIÁRIOS, CÂMBIO E COMMODITIES;52.904.364;n2;I;2;;15;SAO PAULO;SP;09/2012;NI;NI;NI;NI;NI;NI;NI;NI;NI;NI;NI;NI;NI;NI;NI;NI;NI;NI;NI;NI;NI;NI;NI;NI;NI;NI;NI;NI;NI;NI;NI;NI;NI;NI;NI;NI;NI;NI;NI;NI;NI;NI;NI;NI;NI;NI;NI;NI;NI;NI;NI;NI;NI;NI;NI;NI;NI;NI;NI;NI;NI;NI;NI;NI;NI;NI;NI;NI;NI;NI;NI;NI;NI;NI;NI;NI
COOPERATIVA DE CRÉDITO DOS FORNECEDORES DE CANA E DOS AGROPECUÁRIOS DA REGIÃO DE SANTA BÁRBARA D'OESTE;51.319.283;b3S;I;2;;9;SANTA BARBARA D'OESTE;SP;09/2012;NI;NI;NI;NI;NI;NI;NI;NI;NI;NI;NI;NI;NI;NI;NI;NI;NI;NI;NI;NI;NI;NI;NI;NI;NI;NI;NI;NI;NI;NI;NI;NI;NI;NI;NI;NI;NI;NI;NI;NI;NI;NI;NI;NI;NI;NI;NI;NI;NI;NI;NI;NI;NI;NI;NI;NI;NI;NI;NI;NI;NI;NI;NI;NI;NI;NI;NI;NI;NI;NI;NI;NI;NI;NI;NI;NI
SLW CORRETORA DE VALORES E CÂMBIO LTDA.;50.657.675;n2;I;2;;15;SAO PAULO;SP;09/2012;NI;NI;NI;NI;NI;NI;NI;NI;NI;NI;NI;NI;NI;NI;NI;NI;NI;NI;NI;NI;NI;NI;NI;NI;NI;NI;NI;NI;NI;NI;NI;NI;NI;NI;NI;NI;NI;NI;NI;NI;NI;NI;NI;NI;NI;NI;NI;NI;NI;NI;NI;NI;NI;NI;NI;NI;NI;NI;NI;NI;NI;NI;NI;NI;NI;NI;NI;NI;NI;NI;NI;NI;NI;NI;NI;NI
RBC BRASIL DISTRIBUIDORA DE TÍTULOS E VALORES MOBILIÁRIOS LTDA.;50.650.241;n2;I;3;;16;SAO PAULO;SP;09/2012;NI;NI;NI;NI;NI;NI;NI;NI;NI;NI;NI;NI;NI;NI;NI;NI;NI;NI;NI;NI;NI;NI;NI;NI;NI;NI;NI;NI;NI;NI;NI;NI;NI;NI;NI;NI;NI;NI;NI;NI;NI;NI;NI;NI;NI;NI;NI;NI;NI;NI;NI;NI;NI;NI;NI;NI;NI;NI;NI;NI;NI;NI;NI;NI;NI;NI;NI;NI;NI;NI;NI;NI;NI;NI;NI;NI
LEVYCAM - CORRETORA DE CAMBIO E VALORES LTDA.;50.579.044;n2;I;2;;15;SAO PAULO;SP;09/2012;NI;NI;NI;NI;NI;NI;NI;NI;NI;NI;NI;NI;NI;NI;NI;NI;NI;NI;NI;NI;NI;NI;NI;NI;NI;NI;NI;NI;NI;NI;NI;NI;NI;NI;NI;NI;NI;NI;NI;NI;NI;NI;NI;NI;NI;NI;NI;NI;NI;NI;NI;NI;NI;NI;NI;NI;NI;NI;NI;NI;NI;NI;NI;NI;NI;NI;NI;NI;NI;NI;NI;NI;NI;NI;NI;NI
COOPERATIVA DE ECONOMIA E CRÉDITO MÚTUO DOS EMPREGADOS DA TAKATA-PETRI;47.944.277;b3S;I;2;;9;JUNDIAI;SP;09/2012;NI;NI;NI;NI;NI;NI;NI;NI;NI;NI;NI;NI;NI;NI;NI;NI;NI;NI;NI;NI;NI;NI;NI;NI;NI;NI;NI;NI;NI;NI;NI;NI;NI;NI;NI;NI;NI;NI;NI;NI;NI;NI;NI;NI;NI;NI;NI;NI;NI;NI;NI;NI;NI;NI;NI;NI;NI;NI;NI;NI;NI;NI;NI;NI;NI;NI;NI;NI;NI;NI;NI;NI;NI;NI;NI;NI
BBVA BRASIL BANCO DE INVESTIMENTO S.A.;45.283.173;b2;I;3;;13;SAO PAULO;SP;09/2012;NI;NI;NI;NI;NI;NI;NI;NI;NI;NI;NI;NI;NI;NI;NI;NI;NI;NI;NI;NI;NI;NI;NI;NI;NI;NI;NI;NI;NI;NI;NI;NI;NI;NI;NI;NI;NI;NI;NI;NI;NI;NI;NI;NI;NI;NI;NI;NI;NI;NI;NI;NI;NI;NI;NI;NI;NI;NI;NI;NI;NI;NI;NI;NI;NI;NI;NI;NI;NI;NI;NI;NI;NI;NI;NI;NI
BR-CAPITAL DISTRIBUIDORA DE TÍTULOS E VALORES MOBILIÁRIOS S.A.;44.077.014;n2;I;2;;16;SAO PAULO;SP;09/2012;NI;NI;NI;NI;NI;NI;NI;NI;NI;NI;NI;NI;NI;NI;NI;NI;NI;NI;NI;NI;NI;NI;NI;NI;NI;NI;NI;NI;NI;NI;NI;NI;NI;NI;NI;NI;NI;NI;NI;NI;NI;NI;NI;NI;NI;NI;NI;NI;NI;NI;NI;NI;NI;NI;NI;NI;NI;NI;NI;NI;NI;NI;NI;NI;NI;NI;NI;NI;NI;NI;NI;NI;NI;NI;NI;NI
MOEDA SOCIEDADE CORRETORA DE CÂMBIO LTDA.;43.653.450;n2;I;2;;21;SAO PAULO;SP;09/2012;NA;NA;NA;NA;NA;NA;NA;NA;NA;NA;NA;NA;NA;NA;NA;NA;NA;NA;NA;NA;NA;NA;NA;NA;NA;NA;NA;NA;NA;NA;NA;NA;NA;NA;NA;NA;NA;NA;NA;NA;NA;NA;NA;NA;NA;NA;NA;NA;NA;NA;NA;NA;NA;NA;NA;NA;NA;NA;NA;NA;NA;NA;NA;NA;NA;NA;NA;NA;NA;NA;NA;NA;NA;NA;NA;NA
COOPERATIVA DE ECONOMIA E CRÉDITO MÚTUO DOS FUNCIONÁRIOS DAS EMPRESAS ITAÚ;43.446.335;b3S;I;2;;9;SAO PAULO;SP;09/2012;NI;NI;NI;NI;NI;NI;NI;NI;NI;NI;NI;NI;NI;NI;NI;NI;NI;NI;NI;NI;NI;NI;NI;NI;NI;NI;NI;NI;NI;NI;NI;NI;NI;NI;NI;NI;NI;NI;NI;NI;NI;NI;NI;NI;NI;NI;NI;NI;NI;NI;NI;NI;NI;NI;NI;NI;NI;NI;NI;NI;NI;NI;NI;NI;NI;NI;NI;NI;NI;NI;NI;NI;NI;NI;NI;NI
LA INVESTIMENTOS - CORRETORA DE CAMBIO E VALORES MOBILIARIOS LTDA.;42.066.258;n2;I;2;;15;SALVADOR;BA;09/2012;NI;NI;NI;NI;NI;NI;NI;NI;NI;NI;NI;NI;NI;NI;NI;NI;NI;NI;NI;NI;NI;NI;NI;NI;NI;NI;NI;NI;NI;NI;NI;NI;NI;NI;NI;NI;NI;NI;NI;NI;NI;NI;NI;NI;NI;NI;NI;NI;NI;NI;NI;NI;NI;NI;NI;NI;NI;NI;NI;NI;NI;NI;NI;NI;NI;NI;NI;NI;NI;NI;NI;NI;NI;NI;NI;NI
FOURTRADE CORRETORA DE CÂMBIO LTDA.;40.353.377;n2;I;2;;21;RIO DE JANEIRO;RJ;09/2012;NA;NA;NA;NA;NA;NA;NA;NA;NA;NA;NA;NA;NA;NA;NA;NA;NA;NA;NA;NA;NA;NA;NA;NA;NA;NA;NA;NA;NA;NA;NA;NA;NA;NA;NA;NA;NA;NA;NA;NA;NA;NA;NA;NA;NA;NA;NA;NA;NA;NA;NA;NA;NA;NA;NA;NA;NA;NA;NA;NA;NA;NA;NA;NA;NA;NA;NA;NA;NA;NA;NA;NA;NA;NA;NA;NA
PROSPER S/A CORRETORA DE VALORES E CAMBIO;36.178.887;n2;I;2;;15;RIO DE JANEIRO;RJ;09/2012;NI;NI;NI;NI;NI;NI;NI;NI;NI;NI;NI;NI;NI;NI;NI;NI;NI;NI;NI;NI;NI;NI;NI;NI;NI;NI;NI;NI;NI;NI;NI;NI;NI;NI;NI;NI;NI;NI;NI;NI;NI;NI;NI;NI;NI;NI;NI;NI;NI;NI;NI;NI;NI;NI;NI;NI;NI;NI;NI;NI;NI;NI;NI;NI;NI;NI;NI;NI;NI;NI;NI;NI;NI;NI;NI;NI
OLIVEIRA TRUST DISTRIBUIDORA DE TÍTULOS E VALORES MOBILIARIOS S.A.;36.113.876;n2;I;2;;16;RIO DE JANEIRO;RJ;09/2012;NI;NI;NI;NI;NI;NI;NI;NI;NI;NI;NI;NI;NI;NI;NI;NI;NI;NI;NI;NI;NI;NI;NI;NI;NI;NI;NI;NI;NI;NI;NI;NI;NI;NI;NI;NI;NI;NI;NI;NI;NI;NI;NI;NI;NI;NI;NI;NI;NI;NI;NI;NI;NI;NI;NI;NI;NI;NI;NI;NI;NI;NI;NI;NI;NI;NI;NI;NI;NI;NI;NI;NI;NI;NI;NI;NI
PRIME S/A CORRETORA DE CAMBIO E VALORES;36.092.302;n2;I;2;;15;RIO DE JANEIRO;RJ;09/2012;NI;NI;NI;NI;NI;NI;NI;NI;NI;NI;NI;NI;NI;NI;NI;NI;NI;NI;NI;NI;NI;NI;NI;NI;NI;NI;NI;NI;NI;NI;NI;NI;NI;NI;NI;NI;NI;NI;NI;NI;NI;NI;NI;NI;NI;NI;NI;NI;NI;NI;NI;NI;NI;NI;NI;NI;NI;NI;NI;NI;NI;NI;NI;NI;NI;NI;NI;NI;NI;NI;NI;NI;NI;NI;NI;NI
LARCKY SOCIEDADE DE CREDITO IMOBILIARIO S.A.;35.945.542;n1;I;2;;31;SAO PAULO;SP;09/2012;NI;NI;NI;NI;NI;NI;NI;NI;NI;NI;NI;NI;NI;NI;NI;NI;NI;NI;NI;NI;NI;NI;NI;NI;NI;NI;NI;NI;NI;NI;NI;NI;NI;NI;NI;NI;NI;NI;NI;NI;NI;NI;NI;NI;NI;NI;NI;NI;NI;NI;NI;NI;NI;NI;NI;NI;NI;NI;NI;NI;NI;NI;NI;NI;NI;NI;NI;NI;NI;NI;NI;NI;NI;NI;NI;NI
MIDAS SOCIEDADE CORRETORA DE CÂMBIO S.A.;35.602.606;n2;I;2;;21;RIO DE JANEIRO;RJ;09/2012;NA;NA;NA;NA;NA;NA;NA;NA;NA;NA;NA;NA;NA;NA;NA;NA;NA;NA;NA;NA;NA;NA;NA;NA;NA;NA;NA;NA;NA;NA;NA;NA;NA;NA;NA;NA;NA;NA;NA;NA;NA;NA;NA;NA;NA;NA;NA;NA;NA;NA;NA;NA;NA;NA;NA;NA;NA;NA;NA;NA;NA;NA;NA;NA;NA;NA;NA;NA;NA;NA;NA;NA;NA;NA;NA;NA
HOYA CORRETORA DE VALORES E CAMBIO LTDA;34.974.170;n2;I;2;;15;RIO DE JANEIRO;RJ;09/2012;NI;NI;NI;NI;NI;NI;NI;NI;NI;NI;NI;NI;NI;NI;NI;NI;NI;NI;NI;NI;NI;NI;NI;NI;NI;NI;NI;NI;NI;NI;NI;NI;NI;NI;NI;NI;NI;NI;NI;NI;NI;NI;NI;NI;NI;NI;NI;NI;NI;NI;NI;NI;NI;NI;NI;NI;NI;NI;NI;NI;NI;NI;NI;NI;NI;NI;NI;NI;NI;NI;NI;NI;NI;NI;NI;NI
FLUXO CORRETORA DE CÂMBIO S.A.;34.562.942;n2;I;2;;21;BARUERI;SP;09/2012;NA;NA;NA;NA;NA;NA;NA;NA;NA;NA;NA;NA;NA;NA;NA;NA;NA;NA;NA;NA;NA;NA;NA;NA;NA;NA;NA;NA;NA;NA;NA;NA;NA;NA;NA;NA;NA;NA;NA;NA;NA;NA;NA;NA;NA;NA;NA;NA;NA;NA;NA;NA;NA;NA;NA;NA;NA;NA;NA;NA;NA;NA;NA;NA;NA;NA;NA;NA;NA;NA;NA;NA;NA;NA;NA;NA
KRAUS - SOCIEDADE CORRETORA DE CÂMBIO LTDA.;34.266.668;n2;I;2;;21;RIO DE JANEIRO;RJ;09/2012;NA;NA;NA;NA;NA;NA;NA;NA;NA;NA;NA;NA;NA;NA;NA;NA;NA;NA;NA;NA;NA;NA;NA;NA;NA;NA;NA;NA;NA;NA;NA;NA;NA;NA;NA;NA;NA;NA;NA;NA;NA;NA;NA;NA;NA;NA;NA;NA;NA;NA;NA;NA;NA;NA;NA;NA;NA;NA;NA;NA;NA;NA;NA;NA;NA;NA;NA;NA;NA;NA;NA;NA;NA;NA;NA;NA
INTERCAM CORRETORA DE CÂMBIO LTDA.;34.265.629;n2;I;2;;21;SAO BERNARDO DO CAMPO;SP;09/2012;NA;NA;NA;NA;NA;NA;NA;NA;NA;NA;NA;NA;NA;NA;NA;NA;NA;NA;NA;NA;NA;NA;NA;NA;NA;NA;NA;NA;NA;NA;NA;NA;NA;NA;NA;NA;NA;NA;NA;NA;NA;NA;NA;NA;NA;NA;NA;NA;NA;NA;NA;NA;NA;NA;NA;NA;NA;NA;NA;NA;NA;NA;NA;NA;NA;NA;NA;NA;NA;NA;NA;NA;NA;NA;NA;NA
EUROINVEST S.A. CORRETORA DE CÂMBIO, TÍTULOS E VALORES MOBILIÁRIOS;34.190.991;n2;I;2;;15;RIO DE JANEIRO;RJ;09/2012;NI;NI;NI;NI;NI;NI;NI;NI;NI;NI;NI;NI;NI;NI;NI;NI;NI;NI;NI;NI;NI;NI;NI;NI;NI;NI;NI;NI;NI;NI;NI;NI;NI;NI;NI;NI;NI;NI;NI;NI;NI;NI;NI;NI;NI;NI;NI;NI;NI;NI;NI;NI;NI;NI;NI;NI;NI;NI;NI;NI;NI;NI;NI;NI;NI;NI;NI;NI;NI;NI;NI;NI;NI;NI;NI;NI
UM INVESTIMENTOS S/A CORRETORA DE TITULOS E VALORES MOBILIARIOS;33.968.066;n2;I;2;;15;RIO DE JANEIRO;RJ;09/2012;NI;NI;NI;NI;NI;NI;NI;NI;NI;NI;NI;NI;NI;NI;NI;NI;NI;NI;NI;NI;NI;NI;NI;NI;NI;NI;NI;NI;NI;NI;NI;NI;NI;NI;NI;NI;NI;NI;NI;NI;NI;NI;NI;NI;NI;NI;NI;NI;NI;NI;NI;NI;NI;NI;NI;NI;NI;NI;NI;NI;NI;NI;NI;NI;NI;NI;NI;NI;NI;NI;NI;NI;NI;NI;NI;NI
GRADUAL CORRETORA DE CÂMBIO, TÍTULOS E VALORES MOBILIÁRIOS S.A.;33.918.160;n2;I;2;;15;SAO PAULO;SP;09/2012;NI;NI;NI;NI;NI;NI;NI;NI;NI;NI;NI;NI;NI;NI;NI;NI;NI;NI;NI;NI;NI;NI;NI;NI;NI;NI;NI;NI;NI;NI;NI;NI;NI;NI;NI;NI;NI;NI;NI;NI;NI;NI;NI;NI;NI;NI;NI;NI;NI;NI;NI;NI;NI;NI;NI;NI;NI;NI;NI;NI;NI;NI;NI;NI;NI;NI;NI;NI;NI;NI;NI;NI;NI;NI;NI;NI
BGC LIQUIDEZ DISTRIBUIDORA DE TÍTULOS E VALORES MOBILIÁRIOS LTDA;33.862.244;n2;I;3;;16;RIO DE JANEIRO;RJ;09/2012;NI;NI;NI;NI;NI;NI;NI;NI;NI;NI;NI;NI;NI;NI;NI;NI;NI;NI;NI;NI;NI;NI;NI;NI;NI;NI;NI;NI;NI;NI;NI;NI;NI;NI;NI;NI;NI;NI;NI;NI;NI;NI;NI;NI;NI;NI;NI;NI;NI;NI;NI;NI;NI;NI;NI;NI;NI;NI;NI;NI;NI;NI;NI;NI;NI;NI;NI;NI;NI;NI;NI;NI;NI;NI;NI;NI
DILLON S/A DISTRIBUIDORA DE TITULOS E VALORES MOBILIARIOS;33.851.064;n2;I;2;;16;RIO DE JANEIRO;RJ;09/2012;NI;NI;NI;NI;NI;NI;NI;NI;NI;NI;NI;NI;NI;NI;NI;NI;NI;NI;NI;NI;NI;NI;NI;NI;NI;NI;NI;NI;NI;NI;NI;NI;NI;NI;NI;NI;NI;NI;NI;NI;NI;NI;NI;NI;NI;NI;NI;NI;NI;NI;NI;NI;NI;NI;NI;NI;NI;NI;NI;NI;NI;NI;NI;NI;NI;NI;NI;NI;NI;NI;NI;NI;NI;NI;NI;NI
ADVALOR DISTRIBUIDORA DE TÍTULOS E VALORES MOBILIÁRIOS LTDA;33.824.012;n2;I;2;;16;RIO DE JANEIRO;RJ;09/2012;NI;NI;NI;NI;NI;NI;NI;NI;NI;NI;NI;NI;NI;NI;NI;NI;NI;NI;NI;NI;NI;NI;NI;NI;NI;NI;NI;NI;NI;NI;NI;NI;NI;NI;NI;NI;NI;NI;NI;NI;NI;NI;NI;NI;NI;NI;NI;NI;NI;NI;NI;NI;NI;NI;NI;NI;NI;NI;NI;NI;NI;NI;NI;NI;NI;NI;NI;NI;NI;NI;NI;NI;NI;NI;NI;NI
BRASIL CENTRAL S.A. DISTRIBUIDORA DE TIT. E VAL. MOBILIARIOS;33.488.222;n2;I;2;;16;RIO DE JANEIRO;RJ;09/2012;NI;NI;NI;NI;NI;NI;NI;NI;NI;NI;NI;NI;NI;NI;NI;NI;NI;NI;NI;NI;NI;NI;NI;NI;NI;NI;NI;NI;NI;NI;NI;NI;NI;NI;NI;NI;NI;NI;NI;NI;NI;NI;NI;NI;NI;NI;NI;NI;NI;NI;NI;NI;NI;NI;NI;NI;NI;NI;NI;NI;NI;NI;NI;NI;NI;NI;NI;NI;NI;NI;NI;NI;NI;NI;NI;NI
FAIR CORRETORA DE CAMBIO S.A.;32.648.370;n2;I;2;;21;SAO PAULO;SP;09/2012;NA;NA;NA;NA;NA;NA;NA;NA;NA;NA;NA;NA;NA;NA;NA;NA;NA;NA;NA;NA;NA;NA;NA;NA;NA;NA;NA;NA;NA;NA;NA;NA;NA;NA;NA;NA;NA;NA;NA;NA;NA;NA;NA;NA;NA;NA;NA;NA;NA;NA;NA;NA;NA;NA;NA;NA;NA;NA;NA;NA;NA;NA;NA;NA;NA;NA;NA;NA;NA;NA;NA;NA;NA;NA;NA;NA
SUL AMERICA INVESTIMENTOS DISTRIBUIDORA DE TITULOS E VALORES MOBILIARIOS S.A.;32.206.435;n2;I;2;;16;SAO PAULO;SP;09/2012;NI;NI;NI;NI;NI;NI;NI;NI;NI;NI;NI;NI;NI;NI;NI;NI;NI;NI;NI;NI;NI;NI;NI;NI;NI;NI;NI;NI;NI;NI;NI;NI;NI;NI;NI;NI;NI;NI;NI;NI;NI;NI;NI;NI;NI;NI;NI;NI;NI;NI;NI;NI;NI;NI;NI;NI;NI;NI;NI;NI;NI;NI;NI;NI;NI;NI;NI;NI;NI;NI;NI;NI;NI;NI;NI;NI
BANCO CLASSICO S.A.;31.597.552;b1;I;2;;8;RIO DE JANEIRO;RJ;09/2012;NI;NI;NI;NI;NI;NI;NI;NI;NI;NI;NI;NI;NI;NI;NI;NI;NI;NI;NI;NI;NI;NI;NI;NI;NI;NI;NI;NI;NI;NI;NI;NI;NI;NI;NI;NI;NI;NI;NI;NI;NI;NI;NI;NI;NI;NI;NI;NI;NI;NI;NI;NI;NI;NI;NI;NI;NI;NI;NI;NI;NI;NI;NI;NI;NI;NI;NI;NI;NI;NI;NI;NI;NI;NI;NI;NI
ELITE CORRETORA DE CÂMBIO E VALORES MOBILIÁRIOS LTDA;28.048.783;n2;I;2;;15;RIO DE JANEIRO;RJ;09/2012;NI;NI;NI;NI;NI;NI;NI;NI;NI;NI;NI;NI;NI;NI;NI;NI;NI;NI;NI;NI;NI;NI;NI;NI;NI;NI;NI;NI;NI;NI;NI;NI;NI;NI;NI;NI;NI;NI;NI;NI;NI;NI;NI;NI;NI;NI;NI;NI;NI;NI;NI;NI;NI;NI;NI;NI;NI;NI;NI;NI;NI;NI;NI;NI;NI;NI;NI;NI;NI;NI;NI;NI;NI;NI;NI;NI
COOPERATIVA DE CRÉDITO DOS EMPREGADOS DA SOBRAL INVICTA;25.691.478;b3S;I;2;;9;POUSO ALEGRE;MG;09/2012;NI;NI;NI;NI;NI;NI;NI;NI;NI;NI;NI;NI;NI;NI;NI;NI;NI;NI;NI;NI;NI;NI;NI;NI;NI;NI;NI;NI;NI;NI;NI;NI;NI;NI;NI;NI;NI;NI;NI;NI;NI;NI;NI;NI;NI;NI;NI;NI;NI;NI;NI;NI;NI;NI;NI;NI;NI;NI;NI;NI;NI;NI;NI;NI;NI;NI;NI;NI;NI;NI;NI;NI;NI;NI;NI;NI
MUNDINVEST S.A.-CORRETORA DE CAMBIO E VALORES MOBILIARIOS;25.674.235;n2;I;2;;15;BELO HORIZONTE;MG;09/2012;NI;NI;NI;NI;NI;NI;NI;NI;NI;NI;NI;NI;NI;NI;NI;NI;NI;NI;NI;NI;NI;NI;NI;NI;NI;NI;NI;NI;NI;NI;NI;NI;NI;NI;NI;NI;NI;NI;NI;NI;NI;NI;NI;NI;NI;NI;NI;NI;NI;NI;NI;NI;NI;NI;NI;NI;NI;NI;NI;NI;NI;NI;NI;NI;NI;NI;NI;NI;NI;NI;NI;NI;NI;NI;NI;NI
GUITTA CORRETORA DE CAMBIO LTDA.;24.074.692;n2;I;2;;21;SAO PAULO;SP;09/2012;NA;NA;NA;NA;NA;NA;NA;NA;NA;NA;NA;NA;NA;NA;NA;NA;NA;NA;NA;NA;NA;NA;NA;NA;NA;NA;NA;NA;NA;NA;NA;NA;NA;NA;NA;NA;NA;NA;NA;NA;NA;NA;NA;NA;NA;NA;NA;NA;NA;NA;NA;NA;NA;NA;NA;NA;NA;NA;NA;NA;NA;NA;NA;NA;NA;NA;NA;NA;NA;NA;NA;NA;NA;NA;NA;NA
GERALDO CORREA - CORRETORA DE VALORES MOBILIARIOS S/A;20.230.272;n2;I;2;;15;BELO HORIZONTE;MG;09/2012;NI;NI;NI;NI;NI;NI;NI;NI;NI;NI;NI;NI;NI;NI;NI;NI;NI;NI;NI;NI;NI;NI;NI;NI;NI;NI;NI;NI;NI;NI;NI;NI;NI;NI;NI;NI;NI;NI;NI;NI;NI;NI;NI;NI;NI;NI;NI;NI;NI;NI;NI;NI;NI;NI;NI;NI;NI;NI;NI;NI;NI;NI;NI;NI;NI;NI;NI;NI;NI;NI;NI;NI;NI;NI;NI;NI
PARMETAL DISTRIBUIDORA DE TÍTULOS E VALORES MOBILIÁRIOS LTDA;20.155.248;n2;I;2;;16;SAO PAULO;SP;09/2012;NI;NI;NI;NI;NI;NI;NI;NI;NI;NI;NI;NI;NI;NI;NI;NI;NI;NI;NI;NI;NI;NI;NI;NI;NI;NI;NI;NI;NI;NI;NI;NI;NI;NI;NI;NI;NI;NI;NI;NI;NI;NI;NI;NI;NI;NI;NI;NI;NI;NI;NI;NI;NI;NI;NI;NI;NI;NI;NI;NI;NI;NI;NI;NI;NI;NI;NI;NI;NI;NI;NI;NI;NI;NI;NI;NI
MUTUAL APETRIM CREDITO IMOBILIARIO S/A;18.941.229;n1;I;2;;31;BELO HORIZONTE;MG;09/2012;NI;NI;NI;NI;NI;NI;NI;NI;NI;NI;NI;NI;NI;NI;NI;NI;NI;NI;NI;NI;NI;NI;NI;NI;NI;NI;NI;NI;NI;NI;NI;NI;NI;NI;NI;NI;NI;NI;NI;NI;NI;NI;NI;NI;NI;NI;NI;NI;NI;NI;NI;NI;NI;NI;NI;NI;NI;NI;NI;NI;NI;NI;NI;NI;NI;NI;NI;NI;NI;NI;NI;NI;NI;NI;NI;NI
COOPERATIVA DE ECONOMIA E CRÉDITO MÚTUO DOS EMPREGADOS DOS DIÁRIOS E EMISSORAS ASSOCIADOS DE BELO HORIZONTE LTDA.;17.415.654;b3S;I;2;;9;BELO HORIZONTE;MG;09/2012;NI;NI;NI;NI;NI;NI;NI;NI;NI;NI;NI;NI;NI;NI;NI;NI;NI;NI;NI;NI;NI;NI;NI;NI;NI;NI;NI;NI;NI;NI;NI;NI;NI;NI;NI;NI;NI;NI;NI;NI;NI;NI;NI;NI;NI;NI;NI;NI;NI;NI;NI;NI;NI;NI;NI;NI;NI;NI;NI;NI;NI;NI;NI;NI;NI;NI;NI;NI;NI;NI;NI;NI;NI;NI;NI;NI
SENSO CORRETORA DE CAMBIO E VALORES MOBILIARIOS S.A;17.352.220;n2;I;2;;15;RIO DE JANEIRO;RJ;09/2012;NI;NI;NI;NI;NI;NI;NI;NI;NI;NI;NI;NI;NI;NI;NI;NI;NI;NI;NI;NI;NI;NI;NI;NI;NI;NI;NI;NI;NI;NI;NI;NI;NI;NI;NI;NI;NI;NI;NI;NI;NI;NI;NI;NI;NI;NI;NI;NI;NI;NI;NI;NI;NI;NI;NI;NI;NI;NI;NI;NI;NI;NI;NI;NI;NI;NI;NI;NI;NI;NI;NI;NI;NI;NI;NI;NI
PENTAGONO S/A DISTRIBUIDORA DE TITULOS E VALORES MOBILIARIOS;17.343.682;n2;I;2;;16;RIO DE JANEIRO;RJ;09/2012;NI;NI;NI;NI;NI;NI;NI;NI;NI;NI;NI;NI;NI;NI;NI;NI;NI;NI;NI;NI;NI;NI;NI;NI;NI;NI;NI;NI;NI;NI;NI;NI;NI;NI;NI;NI;NI;NI;NI;NI;NI;NI;NI;NI;NI;NI;NI;NI;NI;NI;NI;NI;NI;NI;NI;NI;NI;NI;NI;NI;NI;NI;NI;NI;NI;NI;NI;NI;NI;NI;NI;NI;NI;NI;NI;NI
SITA SOCIEDADE CORRETORA DE CAMBIO E VALORES MOBILIARIOS S.A;17.315.359;n2;I;2;;15;BELO HORIZONTE;MG;09/2012;NI;NI;NI;NI;NI;NI;NI;NI;NI;NI;NI;NI;NI;NI;NI;NI;NI;NI;NI;NI;NI;NI;NI;NI;NI;NI;NI;NI;NI;NI;NI;NI;NI;NI;NI;NI;NI;NI;NI;NI;NI;NI;NI;NI;NI;NI;NI;NI;NI;NI;NI;NI;NI;NI;NI;NI;NI;NI;NI;NI;NI;NI;NI;NI;NI;NI;NI;NI;NI;NI;NI;NI;NI;NI;NI;NI
CORVAL - CORRETORA DE VALORES MOBILIARIOS S/A;17.312.786;n2;I;2;;15;BELO HORIZONTE;MG;09/2012;NI;NI;NI;NI;NI;NI;NI;NI;NI;NI;NI;NI;NI;NI;NI;NI;NI;NI;NI;NI;NI;NI;NI;NI;NI;NI;NI;NI;NI;NI;NI;NI;NI;NI;NI;NI;NI;NI;NI;NI;NI;NI;NI;NI;NI;NI;NI;NI;NI;NI;NI;NI;NI;NI;NI;NI;NI;NI;NI;NI;NI;NI;NI;NI;NI;NI;NI;NI;NI;NI;NI;NI;NI;NI;NI;NI
AMARIL FRANKLIN CORRETORA DE TÍTULOS E VALORES LTDA;17.312.661;n2;I;2;;15;BELO HORIZONTE;MG;09/2012;NI;NI;NI;NI;NI;NI;NI;NI;NI;NI;NI;NI;NI;NI;NI;NI;NI;NI;NI;NI;NI;NI;NI;NI;NI;NI;NI;NI;NI;NI;NI;NI;NI;NI;NI;NI;NI;NI;NI;NI;NI;NI;NI;NI;NI;NI;NI;NI;NI;NI;NI;NI;NI;NI;NI;NI;NI;NI;NI;NI;NI;NI;NI;NI;NI;NI;NI;NI;NI;NI;NI;NI;NI;NI;NI;NI
ESCRITORIO RUY LAGE SOCIEDADE CORRETORA DE TITULOS LTDA;17.305.319;n2;I;2;;15;BELO HORIZONTE;MG;09/2012;NI;NI;NI;NI;NI;NI;NI;NI;NI;NI;NI;NI;NI;NI;NI;NI;NI;NI;NI;NI;NI;NI;NI;NI;NI;NI;NI;NI;NI;NI;NI;NI;NI;NI;NI;NI;NI;NI;NI;NI;NI;NI;NI;NI;NI;NI;NI;NI;NI;NI;NI;NI;NI;NI;NI;NI;NI;NI;NI;NI;NI;NI;NI;NI;NI;NI;NI;NI;NI;NI;NI;NI;NI;NI;NI;NI
CHLOE DISTRIBUIDORA DE TÍTULOS E VALORES MOBILIÁRIOS LTDA.;16.657.210;n2;I;2;;16;BELO HORIZONTE;MG;09/2012;NI;NI;NI;NI;NI;NI;NI;NI;NI;NI;NI;NI;NI;NI;NI;NI;NI;NI;NI;NI;NI;NI;NI;NI;NI;NI;NI;NI;NI;NI;NI;NI;NI;NI;NI;NI;NI;NI;NI;NI;NI;NI;NI;NI;NI;NI;NI;NI;NI;NI;NI;NI;NI;NI;NI;NI;NI;NI;NI;NI;NI;NI;NI;NI;NI;NI;NI;NI;NI;NI;NI;NI;NI;NI;NI;NI
CORRETORA DE CÂMBIO AÇORIANA LIMITADA.;15.761.217;n2;I;2;;21;FLORIANOPOLIS;SC;09/2012;NA;NA;NA;NA;NA;NA;NA;NA;NA;NA;NA;NA;NA;NA;NA;NA;NA;NA;NA;NA;NA;NA;NA;NA;NA;NA;NA;NA;NA;NA;NA;NA;NA;NA;NA;NA;NA;NA;NA;NA;NA;NA;NA;NA;NA;NA;NA;NA;NA;NA;NA;NA;NA;NA;NA;NA;NA;NA;NA;NA;NA;NA;NA;NA;NA;NA;NA;NA;NA;NA;NA;NA;NA;NA;NA;NA
INTRADER DISTRIBUIDORA DE TÍTULOS E VALORES MOBILIÁRIOS LTDA;15.489.568;n2;I;2;;16;SAO PAULO;SP;09/2012;NI;NI;NI;NI;NI;NI;NI;NI;NI;NI;NI;NI;NI;NI;NI;NI;NI;NI;NI;NI;NI;NI;NI;NI;NI;NI;NI;NI;NI;NI;NI;NI;NI;NI;NI;NI;NI;NI;NI;NI;NI;NI;NI;NI;NI;NI;NI;NI;NI;NI;NI;NI;NI;NI;NI;NI;NI;NI;NI;NI;NI;NI;NI;NI;NI;NI;NI;NI;NI;NI;NI;NI;NI;NI;NI;NI
TURCÂMBIO - CORRETORA DE CÂMBIO LTDA.;15.482.499;n2;I;2;;21;GAROPABA;SC;09/2012;NA;NA;NA;NA;NA;NA;NA;NA;NA;NA;NA;NA;NA;NA;NA;NA;NA;NA;NA;NA;NA;NA;NA;NA;NA;NA;NA;NA;NA;NA;NA;NA;NA;NA;NA;NA;NA;NA;NA;NA;NA;NA;NA;NA;NA;NA;NA;NA;NA;NA;NA;NA;NA;NA;NA;NA;NA;NA;NA;NA;NA;NA;NA;NA;NA;NA;NA;NA;NA;NA;NA;NA;NA;NA;NA;NA
BANCO WOORI BANK DO BRASIL S.A.;15.357.060;b1;I;3;;8;SAO PAULO;SP;09/2012;NI;NI;NI;NI;NI;NI;NI;NI;NI;NI;NI;NI;NI;NI;NI;NI;NI;NI;NI;NI;NI;NI;NI;NI;NI;NI;NI;NI;NI;NI;NI;NI;NI;NI;NI;NI;NI;NI;NI;NI;NI;NI;NI;NI;NI;NI;NI;NI;NI;NI;NI;NI;NI;NI;NI;NI;NI;NI;NI;NI;NI;NI;NI;NI;NI;NI;NI;NI;NI;NI;NI;NI;NI;NI;NI;NI
CATEDRAL CORRETORA DE CÂMBIO E TÍTULOS MOBILIÁRIOS LTDA.;15.230.501;n2;I;2;;15;SALVADOR;BA;09/2012;NI;NI;NI;NI;NI;NI;NI;NI;NI;NI;NI;NI;NI;NI;NI;NI;NI;NI;NI;NI;NI;NI;NI;NI;NI;NI;NI;NI;NI;NI;NI;NI;NI;NI;NI;NI;NI;NI;NI;NI;NI;NI;NI;NI;NI;NI;NI;NI;NI;NI;NI;NI;NI;NI;NI;NI;NI;NI;NI;NI;NI;NI;NI;NI;NI;NI;NI;NI;NI;NI;NI;NI;NI;NI;NI;NI
PAVARINI DISTRIBUIDORA DE TÍTULOS E VALORES MOBILIÁRIOS LTDA.;15.227.994;n2;I;2;;16;RIO DE JANEIRO;RJ;09/2012;NI;NI;NI;NI;NI;NI;NI;NI;NI;NI;NI;NI;NI;NI;NI;NI;NI;NI;NI;NI;NI;NI;NI;NI;NI;NI;NI;NI;NI;NI;NI;NI;NI;NI;NI;NI;NI;NI;NI;NI;NI;NI;NI;NI;NI;NI;NI;NI;NI;NI;NI;NI;NI;NI;NI;NI;NI;NI;NI;NI;NI;NI;NI;NI;NI;NI;NI;NI;NI;NI;NI;NI;NI;NI;NI;NI
MACRO CORRETORA DE CAMBIO E VALORES MOBILIARIOS LTDA;15.219.389;n2;I;2;;15;SALVADOR;BA;09/2012;NI;NI;NI;NI;NI;NI;NI;NI;NI;NI;NI;NI;NI;NI;NI;NI;NI;NI;NI;NI;NI;NI;NI;NI;NI;NI;NI;NI;NI;NI;NI;NI;NI;NI;NI;NI;NI;NI;NI;NI;NI;NI;NI;NI;NI;NI;NI;NI;NI;NI;NI;NI;NI;NI;NI;NI;NI;NI;NI;NI;NI;NI;NI;NI;NI;NI;NI;NI;NI;NI;NI;NI;NI;NI;NI;NI
CONSEGTUR CORRETORA DE CÂMBIO LTDA.;15.168.152;n2;I;2;;21;SALVADOR;BA;09/2012;NA;NA;NA;NA;NA;NA;NA;NA;NA;NA;NA;NA;NA;NA;NA;NA;NA;NA;NA;NA;NA;NA;NA;NA;NA;NA;NA;NA;NA;NA;NA;NA;NA;NA;NA;NA;NA;NA;NA;NA;NA;NA;NA;NA;NA;NA;NA;NA;NA;NA;NA;NA;NA;NA;NA;NA;NA;NA;NA;NA;NA;NA;NA;NA;NA;NA;NA;NA;NA;NA;NA;NA;NA;NA;NA;NA
LÚMINA CORRETORA DE CÂMBIO LTDA.;15.122.605;n2;I;2;;21;SALVADOR;BA;09/2012;NA;NA;NA;NA;NA;NA;NA;NA;NA;NA;NA;NA;NA;NA;NA;NA;NA;NA;NA;NA;NA;NA;NA;NA;NA;NA;NA;NA;NA;NA;NA;NA;NA;NA;NA;NA;NA;NA;NA;NA;NA;NA;NA;NA;NA;NA;NA;NA;NA;NA;NA;NA;NA;NA;NA;NA;NA;NA;NA;NA;NA;NA;NA;NA;NA;NA;NA;NA;NA;NA;NA;NA;NA;NA;NA;NA
MEGA CORRETORA DE CÂMBIO LTDA.;15.077.393;n2;I;2;;21;RIO CLARO;SP;09/2012;NA;NA;NA;NA;NA;NA;NA;NA;NA;NA;NA;NA;NA;NA;NA;NA;NA;NA;NA;NA;NA;NA;NA;NA;NA;NA;NA;NA;NA;NA;NA;NA;NA;NA;NA;NA;NA;NA;NA;NA;NA;NA;NA;NA;NA;NA;NA;NA;NA;NA;NA;NA;NA;NA;NA;NA;NA;NA;NA;NA;NA;NA;NA;NA;NA;NA;NA;NA;NA;NA;NA;NA;NA;NA;NA;NA
CAMBIALL CASH CORRETORA DE CÂMBIO LTDA.;14.652.687;n2;I;2;;21;RECIFE;PE;09/2012;NA;NA;NA;NA;NA;NA;NA;NA;NA;NA;NA;NA;NA;NA;NA;NA;NA;NA;NA;NA;NA;NA;NA;NA;NA;NA;NA;NA;NA;NA;NA;NA;NA;NA;NA;NA;NA;NA;NA;NA;NA;NA;NA;NA;NA;NA;NA;NA;NA;NA;NA;NA;NA;NA;NA;NA;NA;NA;NA;NA;NA;NA;NA;NA;NA;NA;NA;NA;NA;NA;NA;NA;NA;NA;NA;NA
COOPERATIVA CENTRAL DE CRÉDITO DO RIO DE JANEIRO LTDA.;14.568.725;b3C;I;2;;9;RIO DE JANEIRO;RJ;09/2012;NI;NI;NI;NI;NI;NI;NI;NI;NI;NI;NI;NI;NI;NI;NI;NI;NI;NI;NI;NI;NI;NI;NI;NI;NI;NI;NI;NI;NI;NI;NI;NI;NI;NI;NI;NI;NI;NI;NI;NI;NI;NI;NI;NI;NI;NI;NI;NI;NI;NI;NI;NI;NI;NI;NI;NI;NI;NI;NI;NI;NI;NI;NI;NI;NI;NI;NI;NI;NI;NI;NI;NI;NI;NI;NI;NI
COOPERATIVA DE ECONOMIA E CRÉDITO MÚTUO DOS FUNCIONÁRIOS DO GRUPO PAES MENDONÇA LTDA - COPAME;14.437.875;b3S;I;2;;9;SALVADOR;BA;09/2012;NI;NI;NI;NI;NI;NI;NI;NI;NI;NI;NI;NI;NI;NI;NI;NI;NI;NI;NI;NI;NI;NI;NI;NI;NI;NI;NI;NI;NI;NI;NI;NI;NI;NI;NI;NI;NI;NI;NI;NI;NI;NI;NI;NI;NI;NI;NI;NI;NI;NI;NI;NI;NI;NI;NI;NI;NI;NI;NI;NI;NI;NI;NI;NI;NI;NI;NI;NI;NI;NI;NI;NI;NI;NI;NI;NI
ÁTICO DISTRIBUIDORA DE TÍTULOS E VALORES MOBILIÁRIOS LTDA.;14.425.205;n2;I;2;;16;RIO DE JANEIRO;RJ;09/2012;NI;NI;NI;NI;NI;NI;NI;NI;NI;NI;NI;NI;NI;NI;NI;NI;NI;NI;NI;NI;NI;NI;NI;NI;NI;NI;NI;NI;NI;NI;NI;NI;NI;NI;NI;NI;NI;NI;NI;NI;NI;NI;NI;NI;NI;NI;NI;NI;NI;NI;NI;NI;NI;NI;NI;NI;NI;NI;NI;NI;NI;NI;NI;NI;NI;NI;NI;NI;NI;NI;NI;NI;NI;NI;NI;NI
VIC-DISTRIBUIDORA DE TITULOS E VALORES MOBILIARIOS S/A;14.388.516;n2;I;2;;16;RIO DE JANEIRO;RJ;09/2012;NI;NI;NI;NI;NI;NI;NI;NI;NI;NI;NI;NI;NI;NI;NI;NI;NI;NI;NI;NI;NI;NI;NI;NI;NI;NI;NI;NI;NI;NI;NI;NI;NI;NI;NI;NI;NI;NI;NI;NI;NI;NI;NI;NI;NI;NI;NI;NI;NI;NI;NI;NI;NI;NI;NI;NI;NI;NI;NI;NI;NI;NI;NI;NI;NI;NI;NI;NI;NI;NI;NI;NI;NI;NI;NI;NI
CAMBIONET CORRETORA DE CÂMBIO LTDA.;14.190.547;n2;I;2;;21;PORTO ALEGRE;RS;09/2012;NA;NA;NA;NA;NA;NA;NA;NA;NA;NA;NA;NA;NA;NA;NA;NA;NA;NA;NA;NA;NA;NA;NA;NA;NA;NA;NA;NA;NA;NA;NA;NA;NA;NA;NA;NA;NA;NA;NA;NA;NA;NA;NA;NA;NA;NA;NA;NA;NA;NA;NA;NA;NA;NA;NA;NA;NA;NA;NA;NA;NA;NA;NA;NA;NA;NA;NA;NA;NA;NA;NA;NA;NA;NA;NA;NA
JGP DISTRIBUIDORA DE TÍTULOS E VALORES MOBILIÁRIOS LTDA.;14.035.129;n2;I;2;;16;RIO DE JANEIRO;RJ;09/2012;NI;NI;NI;NI;NI;NI;NI;NI;NI;NI;NI;NI;NI;NI;NI;NI;NI;NI;NI;NI;NI;NI;NI;NI;NI;NI;NI;NI;NI;NI;NI;NI;NI;NI;NI;NI;NI;NI;NI;NI;NI;NI;NI;NI;NI;NI;NI;NI;NI;NI;NI;NI;NI;NI;NI;NI;NI;NI;NI;NI;NI;NI;NI;NI;NI;NI;NI;NI;NI;NI;NI;NI;NI;NI;NI;NI
MELHOR - CORRETORA DE CÂMBIO LTDA.;13.839.639;n2;I;2;;21;CURITIBA;PR;09/2012;NA;NA;NA;NA;NA;NA;NA;NA;NA;NA;NA;NA;NA;NA;NA;NA;NA;NA;NA;NA;NA;NA;NA;NA;NA;NA;NA;NA;NA;NA;NA;NA;NA;NA;NA;NA;NA;NA;NA;NA;NA;NA;NA;NA;NA;NA;NA;NA;NA;NA;NA;NA;NA;NA;NA;NA;NA;NA;NA;NA;NA;NA;NA;NA;NA;NA;NA;NA;NA;NA;NA;NA;NA;NA;NA;NA
FRAM CAPITAL DISTRIBUIDORA DE TÍTULOS E VALORES MOBILIÁRIOS S.A.;13.673.855;n2;I;2;;16;SAO PAULO;SP;09/2012;NI;NI;NI;NI;NI;NI;NI;NI;NI;NI;NI;NI;NI;NI;NI;NI;NI;NI;NI;NI;NI;NI;NI;NI;NI;NI;NI;NI;NI;NI;NI;NI;NI;NI;NI;NI;NI;NI;NI;NI;NI;NI;NI;NI;NI;NI;NI;NI;NI;NI;NI;NI;NI;NI;NI;NI;NI;NI;NI;NI;NI;NI;NI;NI;NI;NI;NI;NI;NI;NI;NI;NI;NI;NI;NI;NI
BRL TRUST DISTRIBUIDORA DE TÍTULOS E VALORES MOBILIÁRIOS S.A.;13.486.793;n2;I;2;;16;SAO PAULO;SP;09/2012;NI;NI;NI;NI;NI;NI;NI;NI;NI;NI;NI;NI;NI;NI;NI;NI;NI;NI;NI;NI;NI;NI;NI;NI;NI;NI;NI;NI;NI;NI;NI;NI;NI;NI;NI;NI;NI;NI;NI;NI;NI;NI;NI;NI;NI;NI;NI;NI;NI;NI;NI;NI;NI;NI;NI;NI;NI;NI;NI;NI;NI;NI;NI;NI;NI;NI;NI;NI;NI;NI;NI;NI;NI;NI;NI;NI
ÓRAMA DISTRIBUIDORA DE TÍTULOS E VALORES MOBILIÁRIOS S.A.;13.293.225;n2;I;2;;16;RIO DE JANEIRO;RJ;09/2012;NI;NI;NI;NI;NI;NI;NI;NI;NI;NI;NI;NI;NI;NI;NI;NI;NI;NI;NI;NI;NI;NI;NI;NI;NI;NI;NI;NI;NI;NI;NI;NI;NI;NI;NI;NI;NI;NI;NI;NI;NI;NI;NI;NI;NI;NI;NI;NI;NI;NI;NI;NI;NI;NI;NI;NI;NI;NI;NI;NI;NI;NI;NI;NI;NI;NI;NI;NI;NI;NI;NI;NI;NI;NI;NI;NI
MULTIMONEY CORRETORA DE CÂMBIO LTDA;12.586.596;n2;I;2;;21;SAO PAULO;SP;09/2012;NA;NA;NA;NA;NA;NA;NA;NA;NA;NA;NA;NA;NA;NA;NA;NA;NA;NA;NA;NA;NA;NA;NA;NA;NA;NA;NA;NA;NA;NA;NA;NA;NA;NA;NA;NA;NA;NA;NA;NA;NA;NA;NA;NA;NA;NA;NA;NA;NA;NA;NA;NA;NA;NA;NA;NA;NA;NA;NA;NA;NA;NA;NA;NA;NA;NA;NA;NA;NA;NA;NA;NA;NA;NA;NA;NA
MIRAE ASSET SECURITIES (BRASIL) CORRETORA DE TÍTULOS E VALORES MOBILIÁRIOS LTDA.;12.392.983;n2;I;3;;15;SAO PAULO;SP;09/2012;NI;NI;NI;NI;NI;NI;NI;NI;NI;NI;NI;NI;NI;NI;NI;NI;NI;NI;NI;NI;NI;NI;NI;NI;NI;NI;NI;NI;NI;NI;NI;NI;NI;NI;NI;NI;NI;NI;NI;NI;NI;NI;NI;NI;NI;NI;NI;NI;NI;NI;NI;NI;NI;NI;NI;NI;NI;NI;NI;NI;NI;NI;NI;NI;NI;NI;NI;NI;NI;NI;NI;NI;NI;NI;NI;NI
SOMMAR DISTRIBUIDORA DE TÍTULOS E VALORES MOBILIÁRIOS LTDA.;12.063.256;n2;I;2;;16;RIO DE JANEIRO;RJ;09/2012;NI;NI;NI;NI;NI;NI;NI;NI;NI;NI;NI;NI;NI;NI;NI;NI;NI;NI;NI;NI;NI;NI;NI;NI;NI;NI;NI;NI;NI;NI;NI;NI;NI;NI;NI;NI;NI;NI;NI;NI;NI;NI;NI;NI;NI;NI;NI;NI;NI;NI;NI;NI;NI;NI;NI;NI;NI;NI;NI;NI;NI;NI;NI;NI;NI;NI;NI;NI;NI;NI;NI;NI;NI;NI;NI;NI
STANDARD CHARTERED BANK (BRASIL) S.A. ? BANCO DE INVESTIMENTO;11.932.017;b2;I;3;;13;SAO PAULO;SP;09/2012;NI;NI;NI;NI;NI;NI;NI;NI;NI;NI;NI;NI;NI;NI;NI;NI;NI;NI;NI;NI;NI;NI;NI;NI;NI;NI;NI;NI;NI;NI;NI;NI;NI;NI;NI;NI;NI;NI;NI;NI;NI;NI;NI;NI;NI;NI;NI;NI;NI;NI;NI;NI;NI;NI;NI;NI;NI;NI;NI;NI;NI;NI;NI;NI;NI;NI;NI;NI;NI;NI;NI;NI;NI;NI;NI;NI
LUCCA DISTRIBUIDORA DE TÍTULOS E VALORES MOBILIÁRIOS LTDA.;11.846.241;n2;I;2;;16;SAO PAULO;SP;09/2012;NI;NI;NI;NI;NI;NI;NI;NI;NI;NI;NI;NI;NI;NI;NI;NI;NI;NI;NI;NI;NI;NI;NI;NI;NI;NI;NI;NI;NI;NI;NI;NI;NI;NI;NI;NI;NI;NI;NI;NI;NI;NI;NI;NI;NI;NI;NI;NI;NI;NI;NI;NI;NI;NI;NI;NI;NI;NI;NI;NI;NI;NI;NI;NI;NI;NI;NI;NI;NI;NI;NI;NI;NI;NI;NI;NI
DOURADA - SOCIEDADE DE CRÉDITO AO MICROEMPREENDEDOR E À EMPRESA DE PEQUENO PORTE LTDA;11.545.653;n1;I;2;;10;LAGOA DOURADA;MG;09/2012;NI;NI;NI;NI;NI;NI;NI;NI;NI;NI;NI;NI;NI;NI;NI;NI;NI;NI;NI;NI;NI;NI;NI;NI;NI;NI;NI;NI;NI;NI;NI;NI;NI;NI;NI;NI;NI;NI;NI;NI;NI;NI;NI;NI;NI;NI;NI;NI;NI;NI;NI;NI;NI;NI;NI;NI;NI;NI;NI;NI;NI;NI;NI;NI;NI;NI;NI;NI;NI;NI;NI;NI;NI;NI;NI;NI
OM DISTRIBUIDORA DE TÍTULOS E VALORES MOBILIÁRIOS LTDA;11.495.073;n2;I;2;;16;SAO PAULO;SP;09/2012;NI;NI;NI;NI;NI;NI;NI;NI;NI;NI;NI;NI;NI;NI;NI;NI;NI;NI;NI;NI;NI;NI;NI;NI;NI;NI;NI;NI;NI;NI;NI;NI;NI;NI;NI;NI;NI;NI;NI;NI;NI;NI;NI;NI;NI;NI;NI;NI;NI;NI;NI;NI;NI;NI;NI;NI;NI;NI;NI;NI;NI;NI;NI;NI;NI;NI;NI;NI;NI;NI;NI;NI;NI;NI;NI;NI
ATIVO SOCIEDADE DE CRÉDITO AO MICROEMPREENDEDOR E À EMPRESA DE PEQUENO PORTE - SCM LTDA.;11.004.549;n1;I;2;;10;SALVADOR;BA;09/2012;NI;NI;NI;NI;NI;NI;NI;NI;NI;NI;NI;NI;NI;NI;NI;NI;NI;NI;NI;NI;NI;NI;NI;NI;NI;NI;NI;NI;NI;NI;NI;NI;NI;NI;NI;NI;NI;NI;NI;NI;NI;NI;NI;NI;NI;NI;NI;NI;NI;NI;NI;NI;NI;NI;NI;NI;NI;NI;NI;NI;NI;NI;NI;NI;NI;NI;NI;NI;NI;NI;NI;NI;NI;NI;NI;NI
ASSOCIACAO DE POUPANCA E EMPRESTIMO DE PERNAMBUCO-APEPE;10.959.245;n1;I;2;;25;RECIFE;PE;09/2012;NI;NI;NI;NI;NI;NI;NI;NI;NI;NI;NI;NI;NI;NI;NI;NI;NI;NI;NI;NI;NI;NI;NI;NI;NI;NI;NI;NI;NI;NI;NI;NI;NI;NI;NI;NI;NI;NI;NI;NI;NI;NI;NI;NI;NI;NI;NI;NI;NI;NI;NI;NI;NI;NI;NI;NI;NI;NI;NI;NI;NI;NI;NI;NI;NI;NI;NI;NI;NI;NI;NI;NI;NI;NI;NI;NI
COOPERATIVA DE CRÉDITO RURAL DE ECONOMIA SOLIDÁRIA DE BENJAMIN CONSTANT - SOLICRED BENJAMIN CONSTANT;10.926.439;b3S;I;2;;9;BENJAMIN CONSTANT;AM;09/2012;NI;NI;NI;NI;NI;NI;NI;NI;NI;NI;NI;NI;NI;NI;NI;NI;NI;NI;NI;NI;NI;NI;NI;NI;NI;NI;NI;NI;NI;NI;NI;NI;NI;NI;NI;NI;NI;NI;NI;NI;NI;NI;NI;NI;NI;NI;NI;NI;NI;NI;NI;NI;NI;NI;NI;NI;NI;NI;NI;NI;NI;NI;NI;NI;NI;NI;NI;NI;NI;NI;NI;NI;NI;NI;NI;NI
TURMALINA CORRETORA DE CÂMBIO S.A.;10.853.017;n2;I;2;;21;SAO PAULO;SP;09/2012;NA;NA;NA;NA;NA;NA;NA;NA;NA;NA;NA;NA;NA;NA;NA;NA;NA;NA;NA;NA;NA;NA;NA;NA;NA;NA;NA;NA;NA;NA;NA;NA;NA;NA;NA;NA;NA;NA;NA;NA;NA;NA;NA;NA;NA;NA;NA;NA;NA;NA;NA;NA;NA;NA;NA;NA;NA;NA;NA;NA;NA;NA;NA;NA;NA;NA;NA;NA;NA;NA;NA;NA;NA;NA;NA;NA
DISTRI-CASH  DISTRIBUIDORA DE TÍTULOS E VALORES MOBILIÁRIOS S.A.;10.838.114;n2;I;2;;16;POCOS DE CALDAS;MG;09/2012;NI;NI;NI;NI;NI;NI;NI;NI;NI;NI;NI;NI;NI;NI;NI;NI;NI;NI;NI;NI;NI;NI;NI;NI;NI;NI;NI;NI;NI;NI;NI;NI;NI;NI;NI;NI;NI;NI;NI;NI;NI;NI;NI;NI;NI;NI;NI;NI;NI;NI;NI;NI;NI;NI;NI;NI;NI;NI;NI;NI;NI;NI;NI;NI;NI;NI;NI;NI;NI;NI;NI;NI;NI;NI;NI;NI
GDC PARTNERS SERVIÇOS FIDUCIÁRIOS DISTRIBUIDORA DE TÍTULOS E VALORES MOBILIÁRIOS LTDA.;10.749.264;n2;I;2;;16;RIO DE JANEIRO;RJ;09/2012;NI;NI;NI;NI;NI;NI;NI;NI;NI;NI;NI;NI;NI;NI;NI;NI;NI;NI;NI;NI;NI;NI;NI;NI;NI;NI;NI;NI;NI;NI;NI;NI;NI;NI;NI;NI;NI;NI;NI;NI;NI;NI;NI;NI;NI;NI;NI;NI;NI;NI;NI;NI;NI;NI;NI;NI;NI;NI;NI;NI;NI;NI;NI;NI;NI;NI;NI;NI;NI;NI;NI;NI;NI;NI;NI;NI
COOPERATIVA DE CRÉDITO DE SERVIDORES DA UESC - UESCOOP;10.548.608;b3S;I;2;;9;ILHEUS;BA;09/2012;NI;NI;NI;NI;NI;NI;NI;NI;NI;NI;NI;NI;NI;NI;NI;NI;NI;NI;NI;NI;NI;NI;NI;NI;NI;NI;NI;NI;NI;NI;NI;NI;NI;NI;NI;NI;NI;NI;NI;NI;NI;NI;NI;NI;NI;NI;NI;NI;NI;NI;NI;NI;NI;NI;NI;NI;NI;NI;NI;NI;NI;NI;NI;NI;NI;NI;NI;NI;NI;NI;NI;NI;NI;NI;NI;NI
AJB CRED   SOCIEDADE DE CRÉDITO AO MICROEMPREENDEDOR E À EMPRESA DE PEQUENO PORTE LTDA.;10.494.944;n1;I;2;;10;FLORIANOPOLIS;SC;09/2012;NI;NI;NI;NI;NI;NI;NI;NI;NI;NI;NI;NI;NI;NI;NI;NI;NI;NI;NI;NI;NI;NI;NI;NI;NI;NI;NI;NI;NI;NI;NI;NI;NI;NI;NI;NI;NI;NI;NI;NI;NI;NI;NI;NI;NI;NI;NI;NI;NI;NI;NI;NI;NI;NI;NI;NI;NI;NI;NI;NI;NI;NI;NI;NI;NI;NI;NI;NI;NI;NI;NI;NI;NI;NI;NI;NI
FIDUCIAL DISTRIBUIDORA DE TÍTULOS E VALORES MOBILIÁRIOS LTDA.;10.280.601;n2;I;2;;16;BELO HORIZONTE;MG;09/2012;NI;NI;NI;NI;NI;NI;NI;NI;NI;NI;NI;NI;NI;NI;NI;NI;NI;NI;NI;NI;NI;NI;NI;NI;NI;NI;NI;NI;NI;NI;NI;NI;NI;NI;NI;NI;NI;NI;NI;NI;NI;NI;NI;NI;NI;NI;NI;NI;NI;NI;NI;NI;NI;NI;NI;NI;NI;NI;NI;NI;NI;NI;NI;NI;NI;NI;NI;NI;NI;NI;NI;NI;NI;NI;NI;NI
COOPERATIVA CENTRAL DE CRÉDITO DA AGRICULTURA FAMILIAR E ECONOMIA SOLIDÁRIA - ASCOOB CENTRAL;10.013.534;b3C;I;2;;9;FEIRA DE SANTANA;BA;09/2012;NI;NI;NI;NI;NI;NI;NI;NI;NI;NI;NI;NI;NI;NI;NI;NI;NI;NI;NI;NI;NI;NI;NI;NI;NI;NI;NI;NI;NI;NI;NI;NI;NI;NI;NI;NI;NI;NI;NI;NI;NI;NI;NI;NI;NI;NI;NI;NI;NI;NI;NI;NI;NI;NI;NI;NI;NI;NI;NI;NI;NI;NI;NI;NI;NI;NI;NI;NI;NI;NI;NI;NI;NI;NI;NI;NI
COOPERATIVA DE CRÉDITO RURAL DA AGRICULTURA FAMILIAR E ECONOMIA SOLIDÁRIA DE BELO JARDIM/PERNAMBUCO;9.568.299;b3S;I;2;;9;BELO JARDIM;PE;09/2012;NI;NI;NI;NI;NI;NI;NI;NI;NI;NI;NI;NI;NI;NI;NI;NI;NI;NI;NI;NI;NI;NI;NI;NI;NI;NI;NI;NI;NI;NI;NI;NI;NI;NI;NI;NI;NI;NI;NI;NI;NI;NI;NI;NI;NI;NI;NI;NI;NI;NI;NI;NI;NI;NI;NI;NI;NI;NI;NI;NI;NI;NI;NI;NI;NI;NI;NI;NI;NI;NI;NI;NI;NI;NI;NI;NI
COOPERATIVA DE CRÉDITO RURAL DA AGRICULTURA FAMILIAR E ECONOMIA SOLIDÁRIA DE CARUARU E RIACHO DAS ALMAS/PERNAMBUCO;9.524.431;b3S;I;2;;9;CARUARU;PE;09/2012;NI;NI;NI;NI;NI;NI;NI;NI;NI;NI;NI;NI;NI;NI;NI;NI;NI;NI;NI;NI;NI;NI;NI;NI;NI;NI;NI;NI;NI;NI;NI;NI;NI;NI;NI;NI;NI;NI;NI;NI;NI;NI;NI;NI;NI;NI;NI;NI;NI;NI;NI;NI;NI;NI;NI;NI;NI;NI;NI;NI;NI;NI;NI;NI;NI;NI;NI;NI;NI;NI;NI;NI;NI;NI;NI;NI
CODEPE - CORRETORA DE VALORES S.A.;9.512.542;n2;I;2;;15;RECIFE;PE;09/2012;NI;NI;NI;NI;NI;NI;NI;NI;NI;NI;NI;NI;NI;NI;NI;NI;NI;NI;NI;NI;NI;NI;NI;NI;NI;NI;NI;NI;NI;NI;NI;NI;NI;NI;NI;NI;NI;NI;NI;NI;NI;NI;NI;NI;NI;NI;NI;NI;NI;NI;NI;NI;NI;NI;NI;NI;NI;NI;NI;NI;NI;NI;NI;NI;NI;NI;NI;NI;NI;NI;NI;NI;NI;NI;NI;NI
COOPERATIVA DE CREDITO RURAL DA AGRICULTURA FAMILIAR E ECONOMIA SOLIDARIA DE MORRO DO CHAPEU -ECOSOL MORRO DO CHAPEU;9.467.338;b3S;I;2;;9;MORRO DO CHAPEU;BA;09/2012;NI;NI;NI;NI;NI;NI;NI;NI;NI;NI;NI;NI;NI;NI;NI;NI;NI;NI;NI;NI;NI;NI;NI;NI;NI;NI;NI;NI;NI;NI;NI;NI;NI;NI;NI;NI;NI;NI;NI;NI;NI;NI;NI;NI;NI;NI;NI;NI;NI;NI;NI;NI;NI;NI;NI;NI;NI;NI;NI;NI;NI;NI;NI;NI;NI;NI;NI;NI;NI;NI;NI;NI;NI;NI;NI;NI
GBM BRASIL - DISTRIBUIDORA DE TITULOS E VALORES MOBILIARIOS S.A.;9.391.874;n2;I;3;;16;SAO PAULO;SP;09/2012;NI;NI;NI;NI;NI;NI;NI;NI;NI;NI;NI;NI;NI;NI;NI;NI;NI;NI;NI;NI;NI;NI;NI;NI;NI;NI;NI;NI;NI;NI;NI;NI;NI;NI;NI;NI;NI;NI;NI;NI;NI;NI;NI;NI;NI;NI;NI;NI;NI;NI;NI;NI;NI;NI;NI;NI;NI;NI;NI;NI;NI;NI;NI;NI;NI;NI;NI;NI;NI;NI;NI;NI;NI;NI;NI;NI
COOPERATIVA DE CRÉDITO RURAL DA AGRICULTURA FAMILIAR E ECONOMIA SOLIDÁRIA DO VALE DO IPANEMA - CREDITAG ÁGUAS BELAS;8.839.952;b3S;I;2;;9;AGUAS BELAS;PE;09/2012;NI;NI;NI;NI;NI;NI;NI;NI;NI;NI;NI;NI;NI;NI;NI;NI;NI;NI;NI;NI;NI;NI;NI;NI;NI;NI;NI;NI;NI;NI;NI;NI;NI;NI;NI;NI;NI;NI;NI;NI;NI;NI;NI;NI;NI;NI;NI;NI;NI;NI;NI;NI;NI;NI;NI;NI;NI;NI;NI;NI;NI;NI;NI;NI;NI;NI;NI;NI;NI;NI;NI;NI;NI;NI;NI;NI
F.D'GOLD - DISTRIBUIDORA DE TÍTULOS E VALORES MOB ILIÁRIOS LTDA.;8.673.569;n2;I;2;;16;SAO PAULO;SP;09/2012;NI;NI;NI;NI;NI;NI;NI;NI;NI;NI;NI;NI;NI;NI;NI;NI;NI;NI;NI;NI;NI;NI;NI;NI;NI;NI;NI;NI;NI;NI;NI;NI;NI;NI;NI;NI;NI;NI;NI;NI;NI;NI;NI;NI;NI;NI;NI;NI;NI;NI;NI;NI;NI;NI;NI;NI;NI;NI;NI;NI;NI;NI;NI;NI;NI;NI;NI;NI;NI;NI;NI;NI;NI;NI;NI;NI
NOVO MUNDO CORRETORA DE CÂMBIO S.A.;8.609.934;n2;I;2;;21;SAO PAULO;SP;09/2012;NA;NA;NA;NA;NA;NA;NA;NA;NA;NA;NA;NA;NA;NA;NA;NA;NA;NA;NA;NA;NA;NA;NA;NA;NA;NA;NA;NA;NA;NA;NA;NA;NA;NA;NA;NA;NA;NA;NA;NA;NA;NA;NA;NA;NA;NA;NA;NA;NA;NA;NA;NA;NA;NA;NA;NA;NA;NA;NA;NA;NA;NA;NA;NA;NA;NA;NA;NA;NA;NA;NA;NA;NA;NA;NA;NA
SOL CORRETORA DE CÂMBIO LTDA.;8.520.517;n2;I;2;;21;NATAL;RN;09/2012;NA;NA;NA;NA;NA;NA;NA;NA;NA;NA;NA;NA;NA;NA;NA;NA;NA;NA;NA;NA;NA;NA;NA;NA;NA;NA;NA;NA;NA;NA;NA;NA;NA;NA;NA;NA;NA;NA;NA;NA;NA;NA;NA;NA;NA;NA;NA;NA;NA;NA;NA;NA;NA;NA;NA;NA;NA;NA;NA;NA;NA;NA;NA;NA;NA;NA;NA;NA;NA;NA;NA;NA;NA;NA;NA;NA
COOPERATIVA DE ECONOMIA E CRÉDITO MÚTUO DOS MILITARES E DEMAIS SERV. DOS ÓRGÃOS FEDERAIS E ESTADUAIS DA SEG.PÚBLICA, DA ADMINISTRAÇÃO, DO PLANEJ.E DOS ORGÃOS VINCULADOS DE MANAUS LTDA-MILICRED MANAUS;7.950.031;b3S;I;2;;9;MANAUS;AM;09/2012;NI;NI;NI;NI;NI;NI;NI;NI;NI;NI;NI;NI;NI;NI;NI;NI;NI;NI;NI;NI;NI;NI;NI;NI;NI;NI;NI;NI;NI;NI;NI;NI;NI;NI;NI;NI;NI;NI;NI;NI;NI;NI;NI;NI;NI;NI;NI;NI;NI;NI;NI;NI;NI;NI;NI;NI;NI;NI;NI;NI;NI;NI;NI;NI;NI;NI;NI;NI;NI;NI;NI;NI;NI;NI;NI;NI
WESTERN ASSET MANAGEMENT COMPANY DISTRIBUIDORA DE TÍTULOS E VALORES MOBILIÁRIOS LIMITADA;7.437.241;n2;I;3;;16;SAO PAULO;SP;09/2012;NI;NI;NI;NI;NI;NI;NI;NI;NI;NI;NI;NI;NI;NI;NI;NI;NI;NI;NI;NI;NI;NI;NI;NI;NI;NI;NI;NI;NI;NI;NI;NI;NI;NI;NI;NI;NI;NI;NI;NI;NI;NI;NI;NI;NI;NI;NI;NI;NI;NI;NI;NI;NI;NI;NI;NI;NI;NI;NI;NI;NI;NI;NI;NI;NI;NI;NI;NI;NI;NI;NI;NI;NI;NI;NI;NI
ONNIX CORRETORA DE CÂMBIO LTDA.;7.333.726;n2;I;2;;21;PORTO ALEGRE;RS;09/2012;NA;NA;NA;NA;NA;NA;NA;NA;NA;NA;NA;NA;NA;NA;NA;NA;NA;NA;NA;NA;NA;NA;NA;NA;NA;NA;NA;NA;NA;NA;NA;NA;NA;NA;NA;NA;NA;NA;NA;NA;NA;NA;NA;NA;NA;NA;NA;NA;NA;NA;NA;NA;NA;NA;NA;NA;NA;NA;NA;NA;NA;NA;NA;NA;NA;NA;NA;NA;NA;NA;NA;NA;NA;NA;NA;NA
COOPERATIVA DE CRÉDITO MÚTUO DOS ESTIVADORES DE ITAJAÍ - ESTIVACREDI;7.286.250;b3S;I;2;;9;ITAJAI;SC;09/2012;NI;NI;NI;NI;NI;NI;NI;NI;NI;NI;NI;NI;NI;NI;NI;NI;NI;NI;NI;NI;NI;NI;NI;NI;NI;NI;NI;NI;NI;NI;NI;NI;NI;NI;NI;NI;NI;NI;NI;NI;NI;NI;NI;NI;NI;NI;NI;NI;NI;NI;NI;NI;NI;NI;NI;NI;NI;NI;NI;NI;NI;NI;NI;NI;NI;NI;NI;NI;NI;NI;NI;NI;NI;NI;NI;NI
GÁVEA DISTRIBUIDORA DE TÍTULOS E VALORES MOBILIÁRIOS LTDA;7.253.654;n2;I;2;;16;RIO DE JANEIRO;RJ;09/2012;NI;NI;NI;NI;NI;NI;NI;NI;NI;NI;NI;NI;NI;NI;NI;NI;NI;NI;NI;NI;NI;NI;NI;NI;NI;NI;NI;NI;NI;NI;NI;NI;NI;NI;NI;NI;NI;NI;NI;NI;NI;NI;NI;NI;NI;NI;NI;NI;NI;NI;NI;NI;NI;NI;NI;NI;NI;NI;NI;NI;NI;NI;NI;NI;NI;NI;NI;NI;NI;NI;NI;NI;NI;NI;NI;NI
COOPERATIVA DE CRÉDITO CAIXEIRAL DO CRATO LTDA.;7.174.980;b3S;I;2;;9;CRATO;CE;09/2012;NI;NI;NI;NI;NI;NI;NI;NI;NI;NI;NI;NI;NI;NI;NI;NI;NI;NI;NI;NI;NI;NI;NI;NI;NI;NI;NI;NI;NI;NI;NI;NI;NI;NI;NI;NI;NI;NI;NI;NI;NI;NI;NI;NI;NI;NI;NI;NI;NI;NI;NI;NI;NI;NI;NI;NI;NI;NI;NI;NI;NI;NI;NI;NI;NI;NI;NI;NI;NI;NI;NI;NI;NI;NI;NI;NI
COOPERATIVA DE CRÉDITO DE BARBALHA LTDA;7.052.616;b3S;I;2;;9;BARBALHA;CE;09/2012;NI;NI;NI;NI;NI;NI;NI;NI;NI;NI;NI;NI;NI;NI;NI;NI;NI;NI;NI;NI;NI;NI;NI;NI;NI;NI;NI;NI;NI;NI;NI;NI;NI;NI;NI;NI;NI;NI;NI;NI;NI;NI;NI;NI;NI;NI;NI;NI;NI;NI;NI;NI;NI;NI;NI;NI;NI;NI;NI;NI;NI;NI;NI;NI;NI;NI;NI;NI;NI;NI;NI;NI;NI;NI;NI;NI
PAX CORRETORA DE VALORES E CÂMBIO S/A;6.979.363;n2;I;2;;15;FORTALEZA;CE;09/2012;NI;NI;NI;NI;NI;NI;NI;NI;NI;NI;NI;NI;NI;NI;NI;NI;NI;NI;NI;NI;NI;NI;NI;NI;NI;NI;NI;NI;NI;NI;NI;NI;NI;NI;NI;NI;NI;NI;NI;NI;NI;NI;NI;NI;NI;NI;NI;NI;NI;NI;NI;NI;NI;NI;NI;NI;NI;NI;NI;NI;NI;NI;NI;NI;NI;NI;NI;NI;NI;NI;NI;NI;NI;NI;NI;NI
PREVIBANK S.A. DISTRIBUIDORA DE TÍTULOS E VALORES MOBILIÁRIOS;6.917.793;n2;I;2;;16;FORTALEZA;CE;09/2012;NI;NI;NI;NI;NI;NI;NI;NI;NI;NI;NI;NI;NI;NI;NI;NI;NI;NI;NI;NI;NI;NI;NI;NI;NI;NI;NI;NI;NI;NI;NI;NI;NI;NI;NI;NI;NI;NI;NI;NI;NI;NI;NI;NI;NI;NI;NI;NI;NI;NI;NI;NI;NI;NI;NI;NI;NI;NI;NI;NI;NI;NI;NI;NI;NI;NI;NI;NI;NI;NI;NI;NI;NI;NI;NI;NI
BOA VIAGEM SOCIEDADE CORRETORA DE CÂMBIO LTDA.;6.373.777;n2;I;2;;21;RECIFE;PE;09/2012;NA;NA;NA;NA;NA;NA;NA;NA;NA;NA;NA;NA;NA;NA;NA;NA;NA;NA;NA;NA;NA;NA;NA;NA;NA;NA;NA;NA;NA;NA;NA;NA;NA;NA;NA;NA;NA;NA;NA;NA;NA;NA;NA;NA;NA;NA;NA;NA;NA;NA;NA;NA;NA;NA;NA;NA;NA;NA;NA;NA;NA;NA;NA;NA;NA;NA;NA;NA;NA;NA;NA;NA;NA;NA;NA;NA
CREFIN - SOCIEDADE DE CRÉDITO AO MICROEMPREENDEDOR LTDA.;6.346.262;n1;I;2;;10;MANAUS;AM;09/2012;NI;NI;NI;NI;NI;NI;NI;NI;NI;NI;NI;NI;NI;NI;NI;NI;NI;NI;NI;NI;NI;NI;NI;NI;NI;NI;NI;NI;NI;NI;NI;NI;NI;NI;NI;NI;NI;NI;NI;NI;NI;NI;NI;NI;NI;NI;NI;NI;NI;NI;NI;NI;NI;NI;NI;NI;NI;NI;NI;NI;NI;NI;NI;NI;NI;NI;NI;NI;NI;NI;NI;NI;NI;NI;NI;NI
COOPERATIVA CENTRAL DE CRÉDITO E ECONOMIA SOLIDÁRIA - ECOSOL;6.267.304;b3C;I;2;;9;RECIFE;PE;09/2012;NI;NI;NI;NI;NI;NI;NI;NI;NI;NI;NI;NI;NI;NI;NI;NI;NI;NI;NI;NI;NI;NI;NI;NI;NI;NI;NI;NI;NI;NI;NI;NI;NI;NI;NI;NI;NI;NI;NI;NI;NI;NI;NI;NI;NI;NI;NI;NI;NI;NI;NI;NI;NI;NI;NI;NI;NI;NI;NI;NI;NI;NI;NI;NI;NI;NI;NI;NI;NI;NI;NI;NI;NI;NI;NI;NI
LABOR SOCIEDADE CORRETORA DE CÂMBIO LTDA.;6.132.348;n2;I;2;;21;RECIFE;PE;09/2012;NA;NA;NA;NA;NA;NA;NA;NA;NA;NA;NA;NA;NA;NA;NA;NA;NA;NA;NA;NA;NA;NA;NA;NA;NA;NA;NA;NA;NA;NA;NA;NA;NA;NA;NA;NA;NA;NA;NA;NA;NA;NA;NA;NA;NA;NA;NA;NA;NA;NA;NA;NA;NA;NA;NA;NA;NA;NA;NA;NA;NA;NA;NA;NA;NA;NA;NA;NA;NA;NA;NA;NA;NA;NA;NA;NA
ESTATER DISTRIBUIDORA DE TÍTULOS E VALORES MOBILIÁRIOS LTDA.;5.973.229;n2;I;2;;16;SAO PAULO;SP;09/2012;NI;NI;NI;NI;NI;NI;NI;NI;NI;NI;NI;NI;NI;NI;NI;NI;NI;NI;NI;NI;NI;NI;NI;NI;NI;NI;NI;NI;NI;NI;NI;NI;NI;NI;NI;NI;NI;NI;NI;NI;NI;NI;NI;NI;NI;NI;NI;NI;NI;NI;NI;NI;NI;NI;NI;NI;NI;NI;NI;NI;NI;NI;NI;NI;NI;NI;NI;NI;NI;NI;NI;NI;NI;NI;NI;NI
COOPERATIVA DE ECONOMIA E CRÉDITO MÚTUO DOS SERVIDORES DA SEGURANÇA PÚBLICA ESTADUAL DA 8ª REGIÃO DO ESTADO DE SÃO PAULO - FINANPOL;5.676.236;b3S;I;2;;9;SAO JOSE DO RIO PRETO;SP;09/2012;NI;NI;NI;NI;NI;NI;NI;NI;NI;NI;NI;NI;NI;NI;NI;NI;NI;NI;NI;NI;NI;NI;NI;NI;NI;NI;NI;NI;NI;NI;NI;NI;NI;NI;NI;NI;NI;NI;NI;NI;NI;NI;NI;NI;NI;NI;NI;NI;NI;NI;NI;NI;NI;NI;NI;NI;NI;NI;NI;NI;NI;NI;NI;NI;NI;NI;NI;NI;NI;NI;NI;NI;NI;NI;NI;NI
COOPERATIVA DE CRÉDITO RURAL NORTE DO ITAPICURU;5.644.916;b3S;I;2;;9;JAGUARARI;BA;09/2012;NI;NI;NI;NI;NI;NI;NI;NI;NI;NI;NI;NI;NI;NI;NI;NI;NI;NI;NI;NI;NI;NI;NI;NI;NI;NI;NI;NI;NI;NI;NI;NI;NI;NI;NI;NI;NI;NI;NI;NI;NI;NI;NI;NI;NI;NI;NI;NI;NI;NI;NI;NI;NI;NI;NI;NI;NI;NI;NI;NI;NI;NI;NI;NI;NI;NI;NI;NI;NI;NI;NI;NI;NI;NI;NI;NI
COOPERATIVA DE ECONOMIA E CRÉDITO MÚTUO DOS LOJISTAS DO VESTUÁRIO EM GERAL DO MUNICÍPIO DO RIO DE JANEIRO LTDA.;5.600.427;b3S;I;2;;9;RIO DE JANEIRO;RJ;09/2012;NI;NI;NI;NI;NI;NI;NI;NI;NI;NI;NI;NI;NI;NI;NI;NI;NI;NI;NI;NI;NI;NI;NI;NI;NI;NI;NI;NI;NI;NI;NI;NI;NI;NI;NI;NI;NI;NI;NI;NI;NI;NI;NI;NI;NI;NI;NI;NI;NI;NI;NI;NI;NI;NI;NI;NI;NI;NI;NI;NI;NI;NI;NI;NI;NI;NI;NI;NI;NI;NI;NI;NI;NI;NI;NI;NI
COOPERATIVA DE CRÉDITO RURAL DE ECONOMIA SOLIDÁRIA SERRA GERAL - ECOSOL/SERRA GERAL;5.533.128;b3S;I;2;;9;CACULE;BA;09/2012;NI;NI;NI;NI;NI;NI;NI;NI;NI;NI;NI;NI;NI;NI;NI;NI;NI;NI;NI;NI;NI;NI;NI;NI;NI;NI;NI;NI;NI;NI;NI;NI;NI;NI;NI;NI;NI;NI;NI;NI;NI;NI;NI;NI;NI;NI;NI;NI;NI;NI;NI;NI;NI;NI;NI;NI;NI;NI;NI;NI;NI;NI;NI;NI;NI;NI;NI;NI;NI;NI;NI;NI;NI;NI;NI;NI
COOPERATIVA DE CRÉDITO RURAL DE ECONOMIA SOLIDÁRIA DE TABOCAS DO BREJO VELHO - ECOSOL/TABOCAS DO BREJO VELHO;5.478.479;b3S;I;2;;9;TABOCAS DO BREJO VELHO;BA;09/2012;NI;NI;NI;NI;NI;NI;NI;NI;NI;NI;NI;NI;NI;NI;NI;NI;NI;NI;NI;NI;NI;NI;NI;NI;NI;NI;NI;NI;NI;NI;NI;NI;NI;NI;NI;NI;NI;NI;NI;NI;NI;NI;NI;NI;NI;NI;NI;NI;NI;NI;NI;NI;NI;NI;NI;NI;NI;NI;NI;NI;NI;NI;NI;NI;NI;NI;NI;NI;NI;NI;NI;NI;NI;NI;NI;NI
ALBATROSS CORRETORA DE CAMBIO E VALORES S.A;5.452.073;n2;I;2;;15;SAO PAULO;SP;09/2012;NI;NI;NI;NI;NI;NI;NI;NI;NI;NI;NI;NI;NI;NI;NI;NI;NI;NI;NI;NI;NI;NI;NI;NI;NI;NI;NI;NI;NI;NI;NI;NI;NI;NI;NI;NI;NI;NI;NI;NI;NI;NI;NI;NI;NI;NI;NI;NI;NI;NI;NI;NI;NI;NI;NI;NI;NI;NI;NI;NI;NI;NI;NI;NI;NI;NI;NI;NI;NI;NI;NI;NI;NI;NI;NI;NI
COOPERATIVA DE ECONOMIA E CRÉDITO MÚTUO DOS EMPREGADOS EM ESTABELECIMENTOS BANCÁRIOS, DE CRÉDITOS E FINANCIAMENTOS DE DIVINÓPOLIS E REGIÃO LTDA;5.433.161;b3S;I;2;;9;DIVINOPOLIS;MG;09/2012;NI;NI;NI;NI;NI;NI;NI;NI;NI;NI;NI;NI;NI;NI;NI;NI;NI;NI;NI;NI;NI;NI;NI;NI;NI;NI;NI;NI;NI;NI;NI;NI;NI;NI;NI;NI;NI;NI;NI;NI;NI;NI;NI;NI;NI;NI;NI;NI;NI;NI;NI;NI;NI;NI;NI;NI;NI;NI;NI;NI;NI;NI;NI;NI;NI;NI;NI;NI;NI;NI;NI;NI;NI;NI;NI;NI
COOPERATIVA DE CRÉDITO RURAL DE ECONOMIA SOLIDÁRIA DE PETROLINA - ECOSOL PETROLINA;5.413.161;b3S;I;2;;9;PETROLINA;PE;09/2012;NI;NI;NI;NI;NI;NI;NI;NI;NI;NI;NI;NI;NI;NI;NI;NI;NI;NI;NI;NI;NI;NI;NI;NI;NI;NI;NI;NI;NI;NI;NI;NI;NI;NI;NI;NI;NI;NI;NI;NI;NI;NI;NI;NI;NI;NI;NI;NI;NI;NI;NI;NI;NI;NI;NI;NI;NI;NI;NI;NI;NI;NI;NI;NI;NI;NI;NI;NI;NI;NI;NI;NI;NI;NI;NI;NI
SAFDIÉ DISTRIBUIDORA DE TÍTULOS E VALORES MOBILIÁRIOS LTDA.;5.389.174;n2;I;2;;16;SAO PAULO;SP;09/2012;NI;NI;NI;NI;NI;NI;NI;NI;NI;NI;NI;NI;NI;NI;NI;NI;NI;NI;NI;NI;NI;NI;NI;NI;NI;NI;NI;NI;NI;NI;NI;NI;NI;NI;NI;NI;NI;NI;NI;NI;NI;NI;NI;NI;NI;NI;NI;NI;NI;NI;NI;NI;NI;NI;NI;NI;NI;NI;NI;NI;NI;NI;NI;NI;NI;NI;NI;NI;NI;NI;NI;NI;NI;NI;NI;NI
CIBRASEC - DISTRIBUIDORA DE TÍTULOS E VALORES MOBILIÁRIOS S.A.;5.313.386;n2;I;2;;16;SAO PAULO;SP;09/2012;NI;NI;NI;NI;NI;NI;NI;NI;NI;NI;NI;NI;NI;NI;NI;NI;NI;NI;NI;NI;NI;NI;NI;NI;NI;NI;NI;NI;NI;NI;NI;NI;NI;NI;NI;NI;NI;NI;NI;NI;NI;NI;NI;NI;NI;NI;NI;NI;NI;NI;NI;NI;NI;NI;NI;NI;NI;NI;NI;NI;NI;NI;NI;NI;NI;NI;NI;NI;NI;NI;NI;NI;NI;NI;NI;NI
COOPERASA - COOPERATIVA DE ECONOMIA E CRÉDITO MÚTUO DOS FUNCIONARIOS DAS EMPRESAS DA AGUIA PARTICIPAÇÕES;5.296.712;b3S;I;2;;9;PONTA GROSSA;PR;09/2012;NI;NI;NI;NI;NI;NI;NI;NI;NI;NI;NI;NI;NI;NI;NI;NI;NI;NI;NI;NI;NI;NI;NI;NI;NI;NI;NI;NI;NI;NI;NI;NI;NI;NI;NI;NI;NI;NI;NI;NI;NI;NI;NI;NI;NI;NI;NI;NI;NI;NI;NI;NI;NI;NI;NI;NI;NI;NI;NI;NI;NI;NI;NI;NI;NI;NI;NI;NI;NI;NI;NI;NI;NI;NI;NI;NI
LIBERTY - SOCIEDADE DE CRÉDITO AO MICROEMPREENDEDOR LTDA;5.232.450;n1;I;2;;10;MARINGA;PR;09/2012;NI;NI;NI;NI;NI;NI;NI;NI;NI;NI;NI;NI;NI;NI;NI;NI;NI;NI;NI;NI;NI;NI;NI;NI;NI;NI;NI;NI;NI;NI;NI;NI;NI;NI;NI;NI;NI;NI;NI;NI;NI;NI;NI;NI;NI;NI;NI;NI;NI;NI;NI;NI;NI;NI;NI;NI;NI;NI;NI;NI;NI;NI;NI;NI;NI;NI;NI;NI;NI;NI;NI;NI;NI;NI;NI;NI
LEASEPLAN ARRENDAMENTO MERCANTIL S.A.;4.836.002;n1;I;3;;19;BARUERI;SP;09/2012;NI;NI;NI;NI;NI;NI;NI;NI;NI;NI;NI;NI;NI;NI;NI;NI;NI;NI;NI;NI;NI;NI;NI;NI;NI;NI;NI;NI;NI;NI;NI;NI;NI;NI;NI;NI;NI;NI;NI;NI;NI;NI;NI;NI;NI;NI;NI;NI;NI;NI;NI;NI;NI;NI;NI;NI;NI;NI;NI;NI;NI;NI;NI;NI;NI;NI;NI;NI;NI;NI;NI;NI;NI;NI;NI;NI
ARC CORRETORA DE CAMBIO, ASSOCIADOS GOUVEIA, CAMPEDELLI S.A.;4.684.647;n2;I;2;;21;SANTOS;SP;09/2012;NA;NA;NA;NA;NA;NA;NA;NA;NA;NA;NA;NA;NA;NA;NA;NA;NA;NA;NA;NA;NA;NA;NA;NA;NA;NA;NA;NA;NA;NA;NA;NA;NA;NA;NA;NA;NA;NA;NA;NA;NA;NA;NA;NA;NA;NA;NA;NA;NA;NA;NA;NA;NA;NA;NA;NA;NA;NA;NA;NA;NA;NA;NA;NA;NA;NA;NA;NA;NA;NA;NA;NA;NA;NA;NA;NA
CORRETORA AMAZONENSE DE CAMBIO LTDA.;4.623.781;n2;I;2;;21;MANAUS;AM;09/2012;NA;NA;NA;NA;NA;NA;NA;NA;NA;NA;NA;NA;NA;NA;NA;NA;NA;NA;NA;NA;NA;NA;NA;NA;NA;NA;NA;NA;NA;NA;NA;NA;NA;NA;NA;NA;NA;NA;NA;NA;NA;NA;NA;NA;NA;NA;NA;NA;NA;NA;NA;NA;NA;NA;NA;NA;NA;NA;NA;NA;NA;NA;NA;NA;NA;NA;NA;NA;NA;NA;NA;NA;NA;NA;NA;NA
DIRETRIZ - CORRETORA DE CAMBIO LTDA.;4.567.240;n2;I;2;;21;RIO DE JANEIRO;RJ;09/2012;NA;NA;NA;NA;NA;NA;NA;NA;NA;NA;NA;NA;NA;NA;NA;NA;NA;NA;NA;NA;NA;NA;NA;NA;NA;NA;NA;NA;NA;NA;NA;NA;NA;NA;NA;NA;NA;NA;NA;NA;NA;NA;NA;NA;NA;NA;NA;NA;NA;NA;NA;NA;NA;NA;NA;NA;NA;NA;NA;NA;NA;NA;NA;NA;NA;NA;NA;NA;NA;NA;NA;NA;NA;NA;NA;NA
CREDINAT - COOPERATIVA DE ECONOMIA E CRÉDITO MÚTUO DOS SERVIDORES PÚBLICOS DA REGIÃO METROPOLITANA DA GRANDE NATAL - RIO GRANDE DO NORTE;4.551.113;b3S;I;2;;9;NATAL;RN;09/2012;NI;NI;NI;NI;NI;NI;NI;NI;NI;NI;NI;NI;NI;NI;NI;NI;NI;NI;NI;NI;NI;NI;NI;NI;NI;NI;NI;NI;NI;NI;NI;NI;NI;NI;NI;NI;NI;NI;NI;NI;NI;NI;NI;NI;NI;NI;NI;NI;NI;NI;NI;NI;NI;NI;NI;NI;NI;NI;NI;NI;NI;NI;NI;NI;NI;NI;NI;NI;NI;NI;NI;NI;NI;NI;NI;NI
COOPERATIVA DE ECONOMIA E CRÉDITO MÚTUO DOS ADVOGADOS DA REGIÃO METROPOLITANA DE BELÉM/PARÁ - COOPECAD;4.524.629;b3S;I;2;;9;BELEM;PA;09/2012;NI;NI;NI;NI;NI;NI;NI;NI;NI;NI;NI;NI;NI;NI;NI;NI;NI;NI;NI;NI;NI;NI;NI;NI;NI;NI;NI;NI;NI;NI;NI;NI;NI;NI;NI;NI;NI;NI;NI;NI;NI;NI;NI;NI;NI;NI;NI;NI;NI;NI;NI;NI;NI;NI;NI;NI;NI;NI;NI;NI;NI;NI;NI;NI;NI;NI;NI;NI;NI;NI;NI;NI;NI;NI;NI;NI
UNÂNIME - COOPERATIVA DE ECONOMIA E CRÉDITO MÚTUO DOS SERVIDORES PÚBLICOS DO PODER EXECUTIVO DO ESTADO DO CEARÁ, NA REGIÃO METROPOLITANA DE FORTALEZA LTDA.;4.428.988;b3S;I;2;;9;FORTALEZA;CE;09/2012;NI;NI;NI;NI;NI;NI;NI;NI;NI;NI;NI;NI;NI;NI;NI;NI;NI;NI;NI;NI;NI;NI;NI;NI;NI;NI;NI;NI;NI;NI;NI;NI;NI;NI;NI;NI;NI;NI;NI;NI;NI;NI;NI;NI;NI;NI;NI;NI;NI;NI;NI;NI;NI;NI;NI;NI;NI;NI;NI;NI;NI;NI;NI;NI;NI;NI;NI;NI;NI;NI;NI;NI;NI;NI;NI;NI
NOVA FUTURA DISTRIBUIDORA DE TÍTULOS E VALORES MOBILIÁRIOS LTDA.;4.257.795;n2;I;2;;16;SAO PAULO;SP;09/2012;NI;NI;NI;NI;NI;NI;NI;NI;NI;NI;NI;NI;NI;NI;NI;NI;NI;NI;NI;NI;NI;NI;NI;NI;NI;NI;NI;NI;NI;NI;NI;NI;NI;NI;NI;NI;NI;NI;NI;NI;NI;NI;NI;NI;NI;NI;NI;NI;NI;NI;NI;NI;NI;NI;NI;NI;NI;NI;NI;NI;NI;NI;NI;NI;NI;NI;NI;NI;NI;NI;NI;NI;NI;NI;NI;NI
CENTRAL DAS COOPERATIVAS DE CRÉDITO DO BRASIL CENTRAL;4.243.780;b3C;I;2;;9;GOIANIA;GO;09/2012;NI;NI;NI;NI;NI;NI;NI;NI;NI;NI;NI;NI;NI;NI;NI;NI;NI;NI;NI;NI;NI;NI;NI;NI;NI;NI;NI;NI;NI;NI;NI;NI;NI;NI;NI;NI;NI;NI;NI;NI;NI;NI;NI;NI;NI;NI;NI;NI;NI;NI;NI;NI;NI;NI;NI;NI;NI;NI;NI;NI;NI;NI;NI;NI;NI;NI;NI;NI;NI;NI;NI;NI;NI;NI;NI;NI
RELIANCE - DISTRIBUIDORA DE TÍTULOS E VALORES MOBILIÁRIOS LTDA.;4.215.594;n2;I;2;;16;SAO PAULO;SP;09/2012;NI;NI;NI;NI;NI;NI;NI;NI;NI;NI;NI;NI;NI;NI;NI;NI;NI;NI;NI;NI;NI;NI;NI;NI;NI;NI;NI;NI;NI;NI;NI;NI;NI;NI;NI;NI;NI;NI;NI;NI;NI;NI;NI;NI;NI;NI;NI;NI;NI;NI;NI;NI;NI;NI;NI;NI;NI;NI;NI;NI;NI;NI;NI;NI;NI;NI;NI;NI;NI;NI;NI;NI;NI;NI;NI;NI
MAPFRE DISTRIBUIDORA DE TÍTULOS E VALORES MOBILIÁRIOS S.A.;4.160.039;n2;I;3;;16;SAO PAULO;SP;09/2012;NI;NI;NI;NI;NI;NI;NI;NI;NI;NI;NI;NI;NI;NI;NI;NI;NI;NI;NI;NI;NI;NI;NI;NI;NI;NI;NI;NI;NI;NI;NI;NI;NI;NI;NI;NI;NI;NI;NI;NI;NI;NI;NI;NI;NI;NI;NI;NI;NI;NI;NI;NI;NI;NI;NI;NI;NI;NI;NI;NI;NI;NI;NI;NI;NI;NI;NI;NI;NI;NI;NI;NI;NI;NI;NI;NI
EBS CAPITAL CORRETORA DE CÂMBIO S/A;4.068.419;n2;I;2;;21;SAO PAULO;SP;09/2012;NA;NA;NA;NA;NA;NA;NA;NA;NA;NA;NA;NA;NA;NA;NA;NA;NA;NA;NA;NA;NA;NA;NA;NA;NA;NA;NA;NA;NA;NA;NA;NA;NA;NA;NA;NA;NA;NA;NA;NA;NA;NA;NA;NA;NA;NA;NA;NA;NA;NA;NA;NA;NA;NA;NA;NA;NA;NA;NA;NA;NA;NA;NA;NA;NA;NA;NA;NA;NA;NA;NA;NA;NA;NA;NA;NA
VISION S.A. CORRETORA DE CAMBIO;4.062.902;n2;I;2;;21;SAO PAULO;SP;09/2012;NA;NA;NA;NA;NA;NA;NA;NA;NA;NA;NA;NA;NA;NA;NA;NA;NA;NA;NA;NA;NA;NA;NA;NA;NA;NA;NA;NA;NA;NA;NA;NA;NA;NA;NA;NA;NA;NA;NA;NA;NA;NA;NA;NA;NA;NA;NA;NA;NA;NA;NA;NA;NA;NA;NA;NA;NA;NA;NA;NA;NA;NA;NA;NA;NA;NA;NA;NA;NA;NA;NA;NA;NA;NA;NA;NA
INTERFLOAT HZ CORRETORA DE CÂMBIO, TÍTULOS E VALORES MOBILIÁRIOS LTDA.;4.020.986;n2;I;2;;15;SAO PAULO;SP;09/2012;NI;NI;NI;NI;NI;NI;NI;NI;NI;NI;NI;NI;NI;NI;NI;NI;NI;NI;NI;NI;NI;NI;NI;NI;NI;NI;NI;NI;NI;NI;NI;NI;NI;NI;NI;NI;NI;NI;NI;NI;NI;NI;NI;NI;NI;NI;NI;NI;NI;NI;NI;NI;NI;NI;NI;NI;NI;NI;NI;NI;NI;NI;NI;NI;NI;NI;NI;NI;NI;NI;NI;NI;NI;NI;NI;NI
FITTA DISTRIBUIDORA DE TITULOS E VALORES MOBILIARIOS S.A.;3.512.293;n2;I;2;;16;SAO PAULO;SP;09/2012;NI;NI;NI;NI;NI;NI;NI;NI;NI;NI;NI;NI;NI;NI;NI;NI;NI;NI;NI;NI;NI;NI;NI;NI;NI;NI;NI;NI;NI;NI;NI;NI;NI;NI;NI;NI;NI;NI;NI;NI;NI;NI;NI;NI;NI;NI;NI;NI;NI;NI;NI;NI;NI;NI;NI;NI;NI;NI;NI;NI;NI;NI;NI;NI;NI;NI;NI;NI;NI;NI;NI;NI;NI;NI;NI;NI
AVIPAM CORRETORA DE CAMBIO LTDA.;3.443.143;n2;I;2;;21;RIO DE JANEIRO;RJ;09/2012;NA;NA;NA;NA;NA;NA;NA;NA;NA;NA;NA;NA;NA;NA;NA;NA;NA;NA;NA;NA;NA;NA;NA;NA;NA;NA;NA;NA;NA;NA;NA;NA;NA;NA;NA;NA;NA;NA;NA;NA;NA;NA;NA;NA;NA;NA;NA;NA;NA;NA;NA;NA;NA;NA;NA;NA;NA;NA;NA;NA;NA;NA;NA;NA;NA;NA;NA;NA;NA;NA;NA;NA;NA;NA;NA;NA
ICATU DISTRIBUIDORA DE TÍTULOS E VALORES MOBILIÁRIOS LTDA.;3.282.508;n2;I;2;;16;RIO DE JANEIRO;RJ;09/2012;NI;NI;NI;NI;NI;NI;NI;NI;NI;NI;NI;NI;NI;NI;NI;NI;NI;NI;NI;NI;NI;NI;NI;NI;NI;NI;NI;NI;NI;NI;NI;NI;NI;NI;NI;NI;NI;NI;NI;NI;NI;NI;NI;NI;NI;NI;NI;NI;NI;NI;NI;NI;NI;NI;NI;NI;NI;NI;NI;NI;NI;NI;NI;NI;NI;NI;NI;NI;NI;NI;NI;NI;NI;NI;NI;NI
M. SAFRA & CO. DISTRIBUIDORA DE TIT E VALS MOBILIARIOS S.A.;3.203.507;n2;I;2;;16;SAO PAULO;SP;09/2012;NI;NI;NI;NI;NI;NI;NI;NI;NI;NI;NI;NI;NI;NI;NI;NI;NI;NI;NI;NI;NI;NI;NI;NI;NI;NI;NI;NI;NI;NI;NI;NI;NI;NI;NI;NI;NI;NI;NI;NI;NI;NI;NI;NI;NI;NI;NI;NI;NI;NI;NI;NI;NI;NI;NI;NI;NI;NI;NI;NI;NI;NI;NI;NI;NI;NI;NI;NI;NI;NI;NI;NI;NI;NI;NI;NI
AGENCIA DE FOMENTO DO ESTADO DE RORAIMA S.A. - AFERR;3.058.464;n1;I;1;;30;BOA VISTA;RR;09/2012;NI;NI;NI;NI;NI;NI;NI;NI;NI;NI;NI;NI;NI;NI;NI;NI;NI;NI;NI;NI;NI;NI;NI;NI;NI;NI;NI;NI;NI;NI;NI;NI;NI;NI;NI;NI;NI;NI;NI;NI;NI;NI;NI;NI;NI;NI;NI;NI;NI;NI;NI;NI;NI;NI;NI;NI;NI;NI;NI;NI;NI;NI;NI;NI;NI;NI;NI;NI;NI;NI;NI;NI;NI;NI;NI;NI
UNIPRIME CENTRAL - CENTRAL INTERESTADUAL DE COOPERATIVAS DE CREDITO LTDA.;3.046.391;b3C;I;2;;9;LONDRINA;PR;09/2012;NI;NI;NI;NI;NI;NI;NI;NI;NI;NI;NI;NI;NI;NI;NI;NI;NI;NI;NI;NI;NI;NI;NI;NI;NI;NI;NI;NI;NI;NI;NI;NI;NI;NI;NI;NI;NI;NI;NI;NI;NI;NI;NI;NI;NI;NI;NI;NI;NI;NI;NI;NI;NI;NI;NI;NI;NI;NI;NI;NI;NI;NI;NI;NI;NI;NI;NI;NI;NI;NI;NI;NI;NI;NI;NI;NI
INFINITY CORRETORA DE CÂMBIO, TÍTULOS E VALORES MOBILIÁRIOS S.A.;3.014.007;n2;I;2;;15;SAO PAULO;SP;09/2012;NI;NI;NI;NI;NI;NI;NI;NI;NI;NI;NI;NI;NI;NI;NI;NI;NI;NI;NI;NI;NI;NI;NI;NI;NI;NI;NI;NI;NI;NI;NI;NI;NI;NI;NI;NI;NI;NI;NI;NI;NI;NI;NI;NI;NI;NI;NI;NI;NI;NI;NI;NI;NI;NI;NI;NI;NI;NI;NI;NI;NI;NI;NI;NI;NI;NI;NI;NI;NI;NI;NI;NI;NI;NI;NI;NI
TREVISO CORRETORA DE CÂMBIO S.A.;2.992.317;n2;I;2;;21;SAO PAULO;SP;09/2012;NA;NA;NA;NA;NA;NA;NA;NA;NA;NA;NA;NA;NA;NA;NA;NA;NA;NA;NA;NA;NA;NA;NA;NA;NA;NA;NA;NA;NA;NA;NA;NA;NA;NA;NA;NA;NA;NA;NA;NA;NA;NA;NA;NA;NA;NA;NA;NA;NA;NA;NA;NA;NA;NA;NA;NA;NA;NA;NA;NA;NA;NA;NA;NA;NA;NA;NA;NA;NA;NA;NA;NA;NA;NA;NA;NA
COOPERATIVA DE ECONOMIA E CREDITO MUTUO DOS PROFISSIONAIS DA CONTABILIDADE DE CUIABA;2.861.211;b3S;I;2;;9;CUIABA;MT;09/2012;NI;NI;NI;NI;NI;NI;NI;NI;NI;NI;NI;NI;NI;NI;NI;NI;NI;NI;NI;NI;NI;NI;NI;NI;NI;NI;NI;NI;NI;NI;NI;NI;NI;NI;NI;NI;NI;NI;NI;NI;NI;NI;NI;NI;NI;NI;NI;NI;NI;NI;NI;NI;NI;NI;NI;NI;NI;NI;NI;NI;NI;NI;NI;NI;NI;NI;NI;NI;NI;NI;NI;NI;NI;NI;NI;NI
LINK S.A. CORRETORA DE CAMBIO, TITULOS E VALORES MOBILIARIOS;2.819.125;n2;I;2;;15;SAO PAULO;SP;09/2012;NI;NI;NI;NI;NI;NI;NI;NI;NI;NI;NI;NI;NI;NI;NI;NI;NI;NI;NI;NI;NI;NI;NI;NI;NI;NI;NI;NI;NI;NI;NI;NI;NI;NI;NI;NI;NI;NI;NI;NI;NI;NI;NI;NI;NI;NI;NI;NI;NI;NI;NI;NI;NI;NI;NI;NI;NI;NI;NI;NI;NI;NI;NI;NI;NI;NI;NI;NI;NI;NI;NI;NI;NI;NI;NI;NI
COOPERATIVA DE ECONOMIA E CRÉDITO MÚTUO DOS SERVIDORES DA POLÍCIA MILITAR DO DISTRITO FEDERAL;2.719.550;b3S;I;2;;9;BRASILIA;DF;09/2012;NI;NI;NI;NI;NI;NI;NI;NI;NI;NI;NI;NI;NI;NI;NI;NI;NI;NI;NI;NI;NI;NI;NI;NI;NI;NI;NI;NI;NI;NI;NI;NI;NI;NI;NI;NI;NI;NI;NI;NI;NI;NI;NI;NI;NI;NI;NI;NI;NI;NI;NI;NI;NI;NI;NI;NI;NI;NI;NI;NI;NI;NI;NI;NI;NI;NI;NI;NI;NI;NI;NI;NI;NI;NI;NI;NI
ASM ASSET MANAGEMENT DISTRIBUIDORA DE TITULOS E VALORES MOBILIARIOS S/A;2.678.955;n2;I;2;;16;RIO DE JANEIRO;RJ;09/2012;NI;NI;NI;NI;NI;NI;NI;NI;NI;NI;NI;NI;NI;NI;NI;NI;NI;NI;NI;NI;NI;NI;NI;NI;NI;NI;NI;NI;NI;NI;NI;NI;NI;NI;NI;NI;NI;NI;NI;NI;NI;NI;NI;NI;NI;NI;NI;NI;NI;NI;NI;NI;NI;NI;NI;NI;NI;NI;NI;NI;NI;NI;NI;NI;NI;NI;NI;NI;NI;NI;NI;NI;NI;NI;NI;NI
XP INVESTIMENTOS CORRETORA DE CÂMBIO,TÍTULOS E VALORES MOBILIÁRIOS S/A;2.332.886;n2;I;2;;15;RIO DE JANEIRO;RJ;09/2012;NI;NI;NI;NI;NI;NI;NI;NI;NI;NI;NI;NI;NI;NI;NI;NI;NI;NI;NI;NI;NI;NI;NI;NI;NI;NI;NI;NI;NI;NI;NI;NI;NI;NI;NI;NI;NI;NI;NI;NI;NI;NI;NI;NI;NI;NI;NI;NI;NI;NI;NI;NI;NI;NI;NI;NI;NI;NI;NI;NI;NI;NI;NI;NI;NI;NI;NI;NI;NI;NI;NI;NI;NI;NI;NI;NI
HENCORP COMMCOR DISTRIBUIDORA DE TÍTULOS E VALORES MOBILIÁRIOS LTDA.;1.788.147;n2;I;2;;16;SAO PAULO;SP;09/2012;NI;NI;NI;NI;NI;NI;NI;NI;NI;NI;NI;NI;NI;NI;NI;NI;NI;NI;NI;NI;NI;NI;NI;NI;NI;NI;NI;NI;NI;NI;NI;NI;NI;NI;NI;NI;NI;NI;NI;NI;NI;NI;NI;NI;NI;NI;NI;NI;NI;NI;NI;NI;NI;NI;NI;NI;NI;NI;NI;NI;NI;NI;NI;NI;NI;NI;NI;NI;NI;NI;NI;NI;NI;NI;NI;NI
COOPERATIVA DE ECONOMIA E CRÉDITO MÚTUO DOS REPRESENTANTES COMERCIAIS AUTÔNOMOS DE ROUPAS, TECIDOS E ARTIGOS DE VESTUÁRIOS DO RIO DE JANEIRO LTDA. - CCVA;1.670.206;b3S;I;2;;9;RIO DE JANEIRO;RJ;09/2012;NI;NI;NI;NI;NI;NI;NI;NI;NI;NI;NI;NI;NI;NI;NI;NI;NI;NI;NI;NI;NI;NI;NI;NI;NI;NI;NI;NI;NI;NI;NI;NI;NI;NI;NI;NI;NI;NI;NI;NI;NI;NI;NI;NI;NI;NI;NI;NI;NI;NI;NI;NI;NI;NI;NI;NI;NI;NI;NI;NI;NI;NI;NI;NI;NI;NI;NI;NI;NI;NI;NI;NI;NI;NI;NI;NI
BANCO BM&FBOVESPA DE SERVIÇOS DE LIQUIDAÇÃO E CUSTÓDIA S.A.;997.185;b1;I;2;;2;SAO PAULO;SP;09/2012;NI;NI;NI;NI;NI;NI;NI;NI;NI;NI;NI;NI;NI;NI;NI;NI;NI;NI;NI;NI;NI;NI;NI;NI;NI;NI;NI;NI;NI;NI;NI;NI;NI;NI;NI;NI;NI;NI;NI;NI;NI;NI;NI;NI;NI;NI;NI;NI;NI;NI;NI;NI;NI;NI;NI;NI;NI;NI;NI;NI;NI;NI;NI;NI;NI;NI;NI;NI;NI;NI;NI;NI;NI;NI;NI;NI
COOPERATIVA DE ECONOMIA E CRÉDITO MÚTUO DOS FUNCIONÁRIOS DO GRUPO SUGGAR LTDA.;548.980;b3S;I;2;;9;BELO HORIZONTE;MG;09/2012;NI;NI;NI;NI;NI;NI;NI;NI;NI;NI;NI;NI;NI;NI;NI;NI;NI;NI;NI;NI;NI;NI;NI;NI;NI;NI;NI;NI;NI;NI;NI;NI;NI;NI;NI;NI;NI;NI;NI;NI;NI;NI;NI;NI;NI;NI;NI;NI;NI;NI;NI;NI;NI;NI;NI;NI;NI;NI;NI;NI;NI;NI;NI;NI;NI;NI;NI;NI;NI;NI;NI;NI;NI;NI;NI;NI
COOPERATIVA CENTRAL DE ECONOMIA E CRÉDITO MÚTUO DAS UNICRED'S DE SANTA CATARINA LTDA.- UNICRED CENTRAL SC;543.968;b3C;I;2;;9;FLORIANOPOLIS;SC;09/2012;NI;NI;NI;NI;NI;NI;NI;NI;NI;NI;NI;NI;NI;NI;NI;NI;NI;NI;NI;NI;NI;NI;NI;NI;NI;NI;NI;NI;NI;NI;NI;NI;NI;NI;NI;NI;NI;NI;NI;NI;NI;NI;NI;NI;NI;NI;NI;NI;NI;NI;NI;NI;NI;NI;NI;NI;NI;NI;NI;NI;NI;NI;NI;NI;NI;NI;NI;NI;NI;NI;NI;NI;NI;NI;NI;NI
COLUNA S/A. DISTRIBUIDORA DE TITULOS E VALORES MOBILIÁRIOS;460.065;n2;I;2;;16;RIO DE JANEIRO;RJ;09/2012;NI;NI;NI;NI;NI;NI;NI;NI;NI;NI;NI;NI;NI;NI;NI;NI;NI;NI;NI;NI;NI;NI;NI;NI;NI;NI;NI;NI;NI;NI;NI;NI;NI;NI;NI;NI;NI;NI;NI;NI;NI;NI;NI;NI;NI;NI;NI;NI;NI;NI;NI;NI;NI;NI;NI;NI;NI;NI;NI;NI;NI;NI;NI;NI;NI;NI;NI;NI;NI;NI;NI;NI;NI;NI;NI;NI
FOCO DISTRIBUIDORA DE TÍTULOS E VALORES MOBILIÁRIOS LTDA.;329.598;n2;I;2;;16;RIO DE JANEIRO;RJ;09/2012;NI;NI;NI;NI;NI;NI;NI;NI;NI;NI;NI;NI;NI;NI;NI;NI;NI;NI;NI;NI;NI;NI;NI;NI;NI;NI;NI;NI;NI;NI;NI;NI;NI;NI;NI;NI;NI;NI;NI;NI;NI;NI;NI;NI;NI;NI;NI;NI;NI;NI;NI;NI;NI;NI;NI;NI;NI;NI;NI;NI;NI;NI;NI;NI;NI;NI;NI;NI;NI;NI;NI;NI;NI;NI;NI;NI
CONFEDERAÇÃO NACIONAL DAS COOPERATIVAS CENTRAIS UNICRED'S - UNICRED DO BRASIL;315.557;b3C;I;2;;9;SAO PAULO;SP;09/2012;NI;NI;NI;NI;NI;NI;NI;NI;NI;NI;NI;NI;NI;NI;NI;NI;NI;NI;NI;NI;NI;NI;NI;NI;NI;NI;NI;NI;NI;NI;NI;NI;NI;NI;NI;NI;NI;NI;NI;NI;NI;NI;NI;NI;NI;NI;NI;NI;NI;NI;NI;NI;NI;NI;NI;NI;NI;NI;NI;NI;NI;NI;NI;NI;NI;NI;NI;NI;NI;NI;NI;NI;NI;NI;NI;NI
AGK CORRETORA DE CAMBIO S.A.;250.699;n2;I;2;;21;SAO PAULO;SP;09/2012;NA;NA;NA;NA;NA;NA;NA;NA;NA;NA;NA;NA;NA;NA;NA;NA;NA;NA;NA;NA;NA;NA;NA;NA;NA;NA;NA;NA;NA;NA;NA;NA;NA;NA;NA;NA;NA;NA;NA;NA;NA;NA;NA;NA;NA;NA;NA;NA;NA;NA;NA;NA;NA;NA;NA;NA;NA;NA;NA;NA;NA;NA;NA;NA;NA;NA;NA;NA;NA;NA;NA;NA;NA;NA;NA;NA
COOPERATIVA CENTRAL DE ECONOMIA E CRÉDITO MÚTUO DOS PROFISSIONAIS DE SAÚDE DE NÍVEL SUPERIOR E OUTROS SEGMENTOS DE CRÉDITO DO ESTADO DE MINAS GERAIS LTDA - UNICRED CENTRAL (MG);184.068;b3C;I;2;;9;BELO HORIZONTE;MG;09/2012;NI;NI;NI;NI;NI;NI;NI;NI;NI;NI;NI;NI;NI;NI;NI;NI;NI;NI;NI;NI;NI;NI;NI;NI;NI;NI;NI;NI;NI;NI;NI;NI;NI;NI;NI;NI;NI;NI;NI;NI;NI;NI;NI;NI;NI;NI;NI;NI;NI;NI;NI;NI;NI;NI;NI;NI;NI;NI;NI;NI;NI;NI;NI;NI;NI;NI;NI;NI;NI;NI;NI;NI;NI;NI;NI;NI
INTERBOLSA DO BRASIL CORRETORA DE CÂMBIO, TÍTULOS E VALORES MOBILIÁRIOS LTDA;169.331;n2;I;3;;15;SAO PAULO;SP;09/2012;NI;NI;NI;NI;NI;NI;NI;NI;NI;NI;NI;NI;NI;NI;NI;NI;NI;NI;NI;NI;NI;NI;NI;NI;NI;NI;NI;NI;NI;NI;NI;NI;NI;NI;NI;NI;NI;NI;NI;NI;NI;NI;NI;NI;NI;NI;NI;NI;NI;NI;NI;NI;NI;NI;NI;NI;NI;NI;NI;NI;NI;NI;NI;NI;NI;NI;NI;NI;NI;NI;NI;NI;NI;NI;NI;NI
ORBIVAL CORRETORA DE CAMBIO E VALORES MOBILIARIOS LTDA;87.530;n2;I;2;;15;PORTO ALEGRE;RS;09/2012;NI;NI;NI;NI;NI;NI;NI;NI;NI;NI;NI;NI;NI;NI;NI;NI;NI;NI;NI;NI;NI;NI;NI;NI;NI;NI;NI;NI;NI;NI;NI;NI;NI;NI;NI;NI;NI;NI;NI;NI;NI;NI;NI;NI;NI;NI;NI;NI;NI;NI;NI;NI;NI;NI;NI;NI;NI;NI;NI;NI;NI;NI;NI;NI;NI;NI;NI;NI;NI;NI;NI;NI;NI;NI;NI;NI
BRASIL PLURAL;51.839;b2;C;2;;198;RIO DE JANEIRO;RJ;09/2012;NI;NI;NI;NI;NI;NI;NI;NI;NI;NI;NI;NI;NI;NI;NI;NI;NI;NI;NI;NI;NI;NI;NI;NI;NI;NI;NI;NI;NI;NI;NI;NI;NI;NI;NI;NI;NI;NI;NI;NI;NI;NI;NI;NI;NI;NI;NI;NI;NI;NI;NI;NI;NI;NI;NI;NI;NI;NI;NI;NI;NI;NI;NI;NI;NI;NI;NI;NI;NI;NI;NI;NI;NI;NI;NI;NI
BR PARTNERS;51.822;b2;I;2;;198;SAO PAULO;SP;09/2012;NI;NI;NI;NI;NI;NI;NI;NI;NI;NI;NI;NI;NI;NI;NI;NI;NI;NI;NI;NI;NI;NI;NI;NI;NI;NI;NI;NI;NI;NI;NI;NI;NI;NI;NI;NI;NI;NI;NI;NI;NI;NI;NI;NI;NI;NI;NI;NI;NI;NI;NI;NI;NI;NI;NI;NI;NI;NI;NI;NI;NI;NI;NI;NI;NI;NI;NI;NI;NI;NI;NI;NI;NI;NI;NI;NI
BNY MELLON;51.808;n2;I;3;;196;SAO PAULO;SP;09/2012;NI;NI;NI;NI;NI;NI;NI;NI;NI;NI;NI;NI;NI;NI;NI;NI;NI;NI;NI;NI;NI;NI;NI;NI;NI;NI;NI;NI;NI;NI;NI;NI;NI;NI;NI;NI;NI;NI;NI;NI;NI;NI;NI;NI;NI;NI;NI;NI;NI;NI;NI;NI;NI;NI;NI;NI;NI;NI;NI;NI;NI;NI;NI;NI;NI;NI;NI;NI;NI;NI;NI;NI;NI;NI;NI;NI
WESTERN UNION;51.767;b1;C;3;;199;SAO PAULO;SP;09/2012;NI;NI;NI;NI;NI;NI;NI;NI;NI;NI;NI;NI;NI;NI;NI;NI;NI;NI;NI;NI;NI;NI;NI;NI;NI;NI;NI;NI;NI;NI;NI;NI;NI;NI;NI;NI;NI;NI;NI;NI;NI;NI;NI;NI;NI;NI;NI;NI;NI;NI;NI;NI;NI;NI;NI;NI;NI;NI;NI;NI;NI;NI;NI;NI;NI;NI;NI;NI;NI;NI;NI;NI;NI;NI;NI;NI
BEXS;51.743;b2;C;2;;198;SAO PAULO;SP;09/2012;NI;NI;NI;NI;NI;NI;NI;NI;NI;NI;NI;NI;NI;NI;NI;NI;NI;NI;NI;NI;NI;NI;NI;NI;NI;NI;NI;NI;NI;NI;NI;NI;NI;NI;NI;NI;NI;NI;NI;NI;NI;NI;NI;NI;NI;NI;NI;NI;NI;NI;NI;NI;NI;NI;NI;NI;NI;NI;NI;NI;NI;NI;NI;NI;NI;NI;NI;NI;NI;NI;NI;NI;NI;NI;NI;NI
CONFIDENCE;51.671;b2;C;2;;198;BARUERI;SP;09/2012;NI;NI;NI;NI;NI;NI;NI;NI;NI;NI;NI;NI;NI;NI;NI;NI;NI;NI;NI;NI;NI;NI;NI;NI;NI;NI;NI;NI;NI;NI;NI;NI;NI;NI;NI;NI;NI;NI;NI;NI;NI;NI;NI;NI;NI;NI;NI;NI;NI;NI;NI;NI;NI;NI;NI;NI;NI;NI;NI;NI;NI;NI;NI;NI;NI;NI;NI;NI;NI;NI;NI;NI;NI;NI;NI;NI
NSG CAPITAL;51.640;n2;C;2;;196;RIO DE JANEIRO;RJ;09/2012;NI;NI;NI;NI;NI;NI;NI;NI;NI;NI;NI;NI;NI;NI;NI;NI;NI;NI;NI;NI;NI;NI;NI;NI;NI;NI;NI;NI;NI;NI;NI;NI;NI;NI;NI;NI;NI;NI;NI;NI;NI;NI;NI;NI;NI;NI;NI;NI;NI;NI;NI;NI;NI;NI;NI;NI;NI;NI;NI;NI;NI;NI;NI;NI;NI;NI;NI;NI;NI;NI;NI;NI;NI;NI;NI;NI
GERAÇÃO FUTURO;51.592;b2;C;2;;198;PORTO ALEGRE;RS;09/2012;NI;NI;NI;NI;NI;NI;NI;NI;NI;NI;NI;NI;NI;NI;NI;NI;NI;NI;NI;NI;NI;NI;NI;NI;NI;NI;NI;NI;NI;NI;NI;NI;NI;NI;NI;NI;NI;NI;NI;NI;NI;NI;NI;NI;NI;NI;NI;NI;NI;NI;NI;NI;NI;NI;NI;NI;NI;NI;NI;NI;NI;NI;NI;NI;NI;NI;NI;NI;NI;NI;NI;NI;NI;NI;NI;NI
COINVALORES;51.561;n2;C;2;;196;SAO PAULO;SP;09/2012;NI;NI;NI;NI;NI;NI;NI;NI;NI;NI;NI;NI;NI;NI;NI;NI;NI;NI;NI;NI;NI;NI;NI;NI;NI;NI;NI;NI;NI;NI;NI;NI;NI;NI;NI;NI;NI;NI;NI;NI;NI;NI;NI;NI;NI;NI;NI;NI;NI;NI;NI;NI;NI;NI;NI;NI;NI;NI;NI;NI;NI;NI;NI;NI;NI;NI;NI;NI;NI;NI;NI;NI;NI;NI;NI;NI
MORGAN STANLEY;51.413;b1;C;3;;199;SAO PAULO;SP;09/2012;NI;NI;NI;NI;NI;NI;NI;NI;NI;NI;NI;NI;NI;NI;NI;NI;NI;NI;NI;NI;NI;NI;NI;NI;NI;NI;NI;NI;NI;NI;NI;NI;NI;NI;NI;NI;NI;NI;NI;NI;NI;NI;NI;NI;NI;NI;NI;NI;NI;NI;NI;NI;NI;NI;NI;NI;NI;NI;NI;NI;NI;NI;NI;NI;NI;NI;NI;NI;NI;NI;NI;NI;NI;NI;NI;NI
PLANNER;51.341;n1;C;2;;197;SAO PAULO;SP;09/2012;NI;NI;NI;NI;NI;NI;NI;NI;NI;NI;NI;NI;NI;NI;NI;NI;NI;NI;NI;NI;NI;NI;NI;NI;NI;NI;NI;NI;NI;NI;NI;NI;NI;NI;NI;NI;NI;NI;NI;NI;NI;NI;NI;NI;NI;NI;NI;NI;NI;NI;NI;NI;NI;NI;NI;NI;NI;NI;NI;NI;NI;NI;NI;NI;NI;NI;NI;NI;NI;NI;NI;NI;NI;NI;NI;NI
CM CAPITAL MARKETS;51.248;n2;C;3;;196;SAO PAULO;SP;09/2012;NI;NI;NI;NI;NI;NI;NI;NI;NI;NI;NI;NI;NI;NI;NI;NI;NI;NI;NI;NI;NI;NI;NI;NI;NI;NI;NI;NI;NI;NI;NI;NI;NI;NI;NI;NI;NI;NI;NI;NI;NI;NI;NI;NI;NI;NI;NI;NI;NI;NI;NI;NI;NI;NI;NI;NI;NI;NI;NI;NI;NI;NI;NI;NI;NI;NI;NI;NI;NI;NI;NI;NI;NI;NI;NI;NI
OPPORTUNITY;51.107;b1;C;2;;199;RIO DE JANEIRO;RJ;09/2012;NI;NI;NI;NI;NI;NI;NI;NI;NI;NI;NI;NI;NI;NI;NI;NI;NI;NI;NI;NI;NI;NI;NI;NI;NI;NI;NI;NI;NI;NI;NI;NI;NI;NI;NI;NI;NI;NI;NI;NI;NI;NI;NI;NI;NI;NI;NI;NI;NI;NI;NI;NI;NI;NI;NI;NI;NI;NI;NI;NI;NI;NI;NI;NI;NI;NI;NI;NI;NI;NI;NI;NI;NI;NI;NI;NI
OBOE;51.035;n1;I;2;;197;FORTALEZA;CE;09/2012;NI;NI;NI;NI;NI;NI;NI;NI;NI;NI;NI;NI;NI;NI;NI;NI;NI;NI;NI;NI;NI;NI;NI;NI;NI;NI;NI;NI;NI;NI;NI;NI;NI;NI;NI;NI;NI;NI;NI;NI;NI;NI;NI;NI;NI;NI;NI;NI;NI;NI;NI;NI;NI;NI;NI;NI;NI;NI;NI;NI;NI;NI;NI;NI;NI;NI;NI;NI;NI;NI;NI;NI;NI;NI;NI;NI
VR;50.524;b1;C;2;;199;BARUERI;SP;09/2012;NI;NI;NI;NI;NI;NI;NI;NI;NI;NI;NI;NI;NI;NI;NI;NI;NI;NI;NI;NI;NI;NI;NI;NI;NI;NI;NI;NI;NI;NI;NI;NI;NI;NI;NI;NI;NI;NI;NI;NI;NI;NI;NI;NI;NI;NI;NI;NI;NI;NI;NI;NI;NI;NI;NI;NI;NI;NI;NI;NI;NI;NI;NI;NI;NI;NI;NI;NI;NI;NI;NI;NI;NI;NI;NI;NI
