Instituição;Código;TCB;TD;TC;SR;Segmento;Cidade;UF;Data;Total Geral;Prefixado;TR / TBF;TJLP;TLP;Libor;Outras Taxas Pós-Fixadas;Carteira ativa com indexador CDI;SELIC;Outras Taxas Flutuantes;IGPM;IPCA;IPCC;Outros Índices de Preço;Outros Indexadores;TCR pré;TCR pós;TRFC pré;TRFC pós;Total não Individualizado;Total Exterior
ITAU;10.069;b1;C;2;S1;199;SAO PAULO;SP;06/2022;928.476.749;424.492.727;98.367.641;1.531.998;1.102.130;0;18.125.260;47.739.485;4.779.990;8.707;102.428;147.626;0;0;8.820;0;0;0;0;198.595;326.658.682
CAIXA ECONÔMICA FEDERAL;51.626;b1;C;1;S1;199;BRASILIA;DF;06/2022;921.861.509;187.758.048;607.386.566;22.380.601;0;0;251.437;44.772.594;18.069.255;0;0;21.167.789;0;0;9.859.310;0;0;0;0;7.647;0
BB;49.906;b1;C;1;S1;199;BRASILIA;DF;06/2022;795.691.555;532.812.088;59.082.086;7.534.731;8.622.310;1.043;80;90.520.330;12.516.986;39.709.514;2.078.882;103.322;0;0;4.316.773;0;0;0;0;21.689;33.253.620
BRADESCO;10.045;b1;C;2;S1;199;OSASCO;SP;06/2022;670.048.293;392.507.245;83.462.455;2.150.327;4.604.055;0;21.946.561;51.283.802;11.315.863;0;152.113;71.487;0;492.935;0;16.077.899;0;0;0;70.136;81.912.836
SANTANDER;30.379;b1;C;3;S1;199;SAO PAULO;SP;06/2022;467.816.290;304.680.423;64.678.399;752.362;775.099;0;36.507;25.066.929;2.602.659;0;588.849;42.392;0;10.645;1.979.192;0;0;0;0;55.262;66.547.572
BANCO NACIONAL DE DESENVOLVIMENTO ECONOMICO E SOCIAL;33.657.248;b4;I;1;S2;4;RIO DE JANEIRO;RJ;06/2022;273.938.163;35.171.252;217.036;128.237.661;88.994.753;834.583;3.108.141;7.013.233;5.175.507;0;0;3.680.789;0;0;1.505.207;0;0;0;0;0;0
SAFRA;10.083;b1;C;2;S2;199;SAO PAULO;SP;06/2022;117.407.700;69.339.249;1.142.357;200.973;630.115;0;0;32.838.735;1.080.684;0;858;0;0;0;0;0;0;0;0;6.821;12.138.214
BTG PACTUAL;49.944;b1;C;2;S1;199;RIO DE JANEIRO;RJ;06/2022;109.552.688;60.833.263;85.691;3.026.849;251.157;82.873;1.023.568;20.600.065;93.136;0;144.314;149.759;0;0;1.132.686;0;0;0;0;33.710;22.095.616
VOTORANTIM;51.011;b1;C;2;S2;199;SAO PAULO;SP;06/2022;62.634.418;53.759.808;699.880;30.747;444.006;5.658;2.453.195;4.128.643;33.922;0;0;121.721;0;0;1.779;0;0;0;0;3.595;951.464
BANRISUL;30.173;b1;C;1;S2;199;PORTO ALEGRE;RS;06/2022;44.553.180;31.827.162;6.028.079;87.952;8.279;0;4.865;5.694.283;699.740;0;35.424;0;0;0;32.951;0;0;0;0;1.701;132.745
DAYCOVAL;51.987;b1;C;2;S3;199;SAO PAULO;SP;06/2022;42.372.421;32.883.463;3.998;0;36.475;0;261.067;4.853.834;555.462;529.858;2.658;0;0;53;1.332.433;0;0;0;0;1.507;1.911.614
NU PAGAMENTOS S.A. - INSTITUIÇÃO DE PAGAMENTO;18.236.120;n4;I;2;S3;41;SAO PAULO;SP;06/2022;29.406.150;28.915.645;0;0;0;0;0;0;0;0;0;0;0;0;0;0;0;0;0;490.505;0
BANCO RABOBANK INTERNATIONAL BRASIL S.A.;1.023.570;b1;I;3;S3;8;SAO PAULO;SP;06/2022;28.670.148;26.133.596;54.170;54.151;59.028;0;154.831;2.214.372;0;0;0;0;0;0;0;0;0;0;0;0;0
CITIBANK;30.403;b1;C;3;S2;199;SAO PAULO;SP;06/2022;27.270.154;18.844.375;0;0;0;1.358.816;0;5.833.678;0;0;0;0;0;0;0;0;0;0;0;0;0
BANCO VOLKSWAGEN S.A.;59.109.165;b2;I;3;S3;8;SAO PAULO;SP;06/2022;25.453.680;22.074.308;0;30.721;343.353;0;0;2.509.562;457.597;0;0;0;0;0;38.117;0;0;0;0;22;0
BRB;31.976;b1;C;1;S3;199;BRASILIA;DF;06/2022;24.480.997;17.555.646;4.794.995;2.000;84.979;0;0;1.361.621;17.995;0;21.860;323.538;0;0;0;0;0;0;0;9.983;0
ABC-BRASIL;41.856;b1;C;3;S3;199;SAO PAULO;SP;06/2022;24.112.501;6.281.573;0;24.190;190.727;0;0;11.557.886;402.397;0;25.505;256.471;23.638;0;1.554.278;0;0;0;0;2;3.795.835
C6 BANK;52.072;b1;C;2;S4;199;SAO PAULO;SP;06/2022;21.263.104;19.819.964;0;0;0;0;0;1.091.133;0;0;0;0;0;0;171.057;0;0;0;0;180.950;0
INTER;51.884;b1;C;2;S3;199;BELO HORIZONTE;MG;06/2022;19.184.194;12.978.313;3.413.393;0;0;0;85.506;780.966;0;7.669;174.587;1.667.535;0;0;69.541;0;0;0;0;6.685;0
ORIGINAL;51.781;b1;C;2;S3;199;SAO PAULO;SP;06/2022;18.712.541;14.217.659;5.086;0;0;0;0;1.375.562;0;0;675;0;0;0;1.443.342;0;0;0;0;6.383;1.663.834
BANCO SICOOB;51.750;b1;C;2;S3;199;BRASILIA;DF;06/2022;18.348.164;16.304.888;39.542;17.674;296.775;0;0;1.684.247;0;0;0;822;0;0;3.300;0;0;0;0;916;0
BANCO COOPERATIVO SICREDI S.A.;1.181.521;b1;I;2;S3;11;PORTO ALEGRE;RS;06/2022;18.228.968;15.231.035;1.495.948;53.562;814.962;0;57.105;533.012;15.292;0;0;0;0;0;0;0;27.928;0;0;124;0
XP;52.120;b1;C;2;S3;199;RIO DE JANEIRO;RJ;06/2022;17.857.924;3.808.042;0;0;0;0;0;13.972.692;0;0;0;0;0;0;77.043;0;0;0;0;147;0
BNP PARIBAS;51.516;b1;C;3;S3;199;SAO PAULO;SP;06/2022;17.528.365;11.213.921;0;0;0;0;4.705.297;1.587.250;0;0;0;0;0;0;0;0;0;0;0;21.897;0
BMG;30.290;b1;C;2;S3;199;SAO PAULO;SP;06/2022;17.421.111;15.387.940;0;0;0;0;8.610;280.670;0;0;0;0;0;0;40.705;0;0;0;0;13.722;1.689.464
NUBANK;52.058;n1;C;2;S3;197;SAO PAULO;SP;06/2022;15.950.350;15.562.836;0;0;0;0;0;0;0;0;0;0;0;0;0;0;0;0;0;387.513;0
MERCEDES-BENZ;51.262;b2;C;3;S3;198;SAO BERNARDO DO CAMPO;SP;06/2022;15.651.914;13.298.250;154.312;109.661;257.521;0;0;17.259;1.814.911;0;0;0;0;0;0;0;0;0;0;0;0
BANCO CNH INDUSTRIAL CAPITAL S.A.;2.992.446;b2;I;3;S3;8;CURITIBA;PR;06/2022;15.306.780;14.744.932;0;13.761;0;0;0;0;548.087;0;0;0;0;0;0;0;0;0;0;0;0
BANCO REGIONAL DE DESENVOLVIMENTO DO EXTREMO SUL;92.816.560;b4;I;1;S3;5;PORTO ALEGRE;RS;06/2022;14.623.712;6.913.557;66.575;1.625.918;905.464;0;0;29.018;2.396.033;0;132.182;54.706;0;224.449;2.272.846;0;2.963;0;0;1;0
BANCO DA AMAZONIA S.A.;4.902.979;b1;I;1;S3;2;BELEM;PA;06/2022;14.598.497;12.152.386;310.254;28.625;0;0;405.842;1.178.070;454.962;0;5.572;0;0;0;62.774;0;0;0;0;13;0
BANCO DO NORDESTE DO BRASIL S.A.;7.237.373;b1;I;1;S2;8;FORTALEZA;CE;06/2022;14.031.226;8.822.560;12.114;233.331;2.353.516;0;749.530;686.673;107.230;0;1.036.999;0;0;28.824;0;0;0;0;0;448;0
BANCO CSF S.A.;8.357.240;b2;I;3;S3;8;SAO PAULO;SP;06/2022;13.977.424;13.968.241;0;0;0;0;0;0;0;0;0;0;0;0;0;0;0;0;0;9.183;0
ALFA;51.293;b1;C;2;S3;199;SAO PAULO;SP;06/2022;13.897.630;9.762.247;0;14.715;155.332;0;0;3.371.270;594.016;0;0;0;0;0;0;0;0;0;0;50;0
PORTO SEGURO;51.444;n1;C;2;S3;197;SAO PAULO;SP;06/2022;13.579.056;13.575.283;0;0;0;0;0;0;0;0;0;0;0;0;0;0;0;0;0;3.773;0
BOCOM;52.003;b1;C;3;S3;199;SALVADOR;BA;06/2022;12.488.921;1.054.736;0;0;0;0;0;6.840.002;0;0;0;2.337;0;17.152;825.747;0;0;0;0;0;3.748.949
BANCO VOLVO BRASIL S.A.;58.017.179;b2;I;3;S4;8;CURITIBA;PR;06/2022;10.191.669;8.468.801;0;30.652;0;0;0;0;1.690.657;0;1.560;0;0;0;0;0;0;0;0;0;0
MERCANTIL DO BRASIL;20.152;b1;C;2;S3;199;BELO HORIZONTE;MG;06/2022;9.965.145;9.304.918;74.694;0;0;0;11.610;516.439;3.329;0;0;39.486;0;0;0;0;0;0;0;14.669;0
CCB;32.119;b1;C;3;S3;199;SAO PAULO;SP;06/2022;9.718.478;1.027.031;43.371;0;0;0;0;4.660.839;0;2.279.059;0;0;0;0;0;0;0;0;0;1.426;1.706.751
BANCO JOHN DEERE S.A.;91.884.981;b1;I;3;S3;8;INDAIATUBA;SP;06/2022;9.636.796;7.965.842;0;833;27.376;567.734;626.901;22.221;425.888;0;0;0;0;0;0;0;0;0;0;0;0
CREDIT SUISSE;30.771;b1;C;3;S3;199;SAO PAULO;SP;06/2022;9.456.517;64.398;0;0;0;874.232;0;6.936.214;0;0;0;1.364.304;0;0;0;0;0;0;0;0;217.368
BANCO DO ESTADO DO PARÁ S.A.;4.913.711;b1;I;1;S3;8;BELEM;PA;06/2022;9.219.785;8.859.157;297.027;0;23.217;0;354;0;9.004;0;0;30.923;0;0;0;0;0;0;0;103;0
BANCO DE LAGE LANDEN BRASIL S.A.;5.040.481;b2;I;3;S4;8;PORTO ALEGRE;RS;06/2022;9.109.824;8.027.786;0;1.554;478.967;0;0;601.512;5;0;0;0;0;0;0;0;0;0;0;0;0
AGIBANK;51.956;b1;C;2;S4;199;CAMPINAS;SP;06/2022;8.335.085;8.333.750;0;0;0;0;0;0;0;0;0;0;0;0;0;0;0;0;0;1.336;0
BANCO TOYOTA DO BRASIL S.A.;3.215.790;b2;I;3;S3;8;SAO PAULO;SP;06/2022;7.863.402;7.863.402;0;0;0;0;0;0;0;0;0;0;0;0;0;0;0;0;0;0;0
MASTER;50.201;b1;C;2;S4;199;RIO DE JANEIRO;RJ;06/2022;7.456.137;6.486.278;0;0;0;0;19.368;910.184;0;0;39.939;0;0;0;0;0;0;0;0;369;0
BANESTES;30.159;b1;C;1;S3;199;VITORIA;ES;06/2022;7.069.216;3.679.991;1.071.751;617;1.037;0;617;1.994.079;176.527;0;1.055;0;0;0;0;143.452;0;0;0;91;0
BANCO GM S.A.;59.274.605;b2;I;3;S3;8;SAO PAULO;SP;06/2022;7.031.453;7.031.453;0;0;0;0;0;0;0;0;0;0;0;0;0;0;0;0;0;0;0
COOPERATIVA DE CREDITO VALE DO ITAJAI - VIACREDI;82.639.451;b3S;I;2;S4;9;BLUMENAU;SC;06/2022;6.918.103;4.640.013;370.728;941;3.157;0;0;1.832.933;69.992;0;0;0;0;0;0;0;0;0;0;338;0
SOFISA;31.873;b1;C;2;S4;199;SAO PAULO;SP;06/2022;6.804.223;1.921.732;0;0;0;0;0;4.386.732;0;0;0;17.964;0;0;267.662;0;0;0;0;28;210.105
SCANIA BANCO S.A.;11.417.016;b2;I;3;S4;8;SAO BERNARDO DO CAMPO;SP;06/2022;6.651.252;6.341.258;0;0;0;0;0;309.993;0;0;0;0;0;0;0;0;0;0;0;0;0
PARANÁ BANCO;30.881;b1;C;2;S4;199;CURITIBA;PR;06/2022;6.289.239;6.277.466;0;0;0;0;1.156;2.886;0;0;6.848;0;0;0;0;0;0;0;0;883;0
OMNI;50.940;b1;C;2;S4;199;SAO PAULO;SP;06/2022;6.266.966;6.261.294;0;0;0;0;0;2.987;0;0;0;0;0;0;0;0;0;0;0;2.685;0
BANCO DE DESENVOLVIMENTO DE MINAS GERAIS S.A.-BDMG;38.486.817;b4;I;1;S3;5;BELO HORIZONTE;MG;06/2022;5.562.076;1.316.617;103.563;619.852;0;0;290;0;2.262.297;6.175;330.390;15.958;0;8.606;898.324;0;0;0;0;4;0
MIDWAY S.A. - CRÉDITO, FINANCIAMENTO E INVESTIMENTO;9.464.032;n1;I;2;S4;14;SAO PAULO;SP;06/2022;5.557.810;5.513.101;0;0;0;0;0;0;0;0;0;0;0;0;0;0;0;0;0;44.709;0
REALIZE CRÉDITO, FINANCIAMENTO E INVESTIMENTO S.A.;27.351.731;n1;I;3;S4;14;PORTO ALEGRE;RS;06/2022;5.555.174;5.507.492;0;0;0;0;0;0;0;0;0;0;0;0;0;0;0;0;0;47.682;0
SICOOB COCRED COOPERATIVA DE CRÉDITO;71.328.769;b3S;I;2;S4;9;SERTAOZINHO;SP;06/2022;5.064.134;2.058.515;453;0;0;0;1.599;2.948.456;40.989;0;0;0;0;0;14.117;0;0;0;0;5;0
COOPERATIVA DE CRÉDITO, POUPANÇA E INVESTIMENTO OURO VERDE DO MATO GROSSO - SICREDI OURO VERDE MT;26.529.420;b3S;I;2;S4;9;LUCAS DO RIO VERDE;MT;06/2022;4.843.142;3.084.876;150.738;0;128;0;756.755;760.986;88.314;0;0;0;0;1.329;0;0;0;0;0;15;0
BANCO FIDIS S/A;62.237.425;b2;I;3;S4;8;BETIM;MG;06/2022;4.733.608;4.716.890;0;0;0;0;0;16.718;0;0;0;0;0;0;0;0;0;0;0;0;0
COOPERATIVA DE CREDITO CREDICITRUS;54.037.916;b3S;I;2;S4;9;BEBEDOURO;SP;06/2022;4.693.863;2.593.911;7.970;588;0;0;0;2.031.626;59.762;0;0;0;0;0;0;0;0;0;0;7;0
INDUSTRIAL DO BRASIL;50.988;b1;C;2;S4;199;SAO PAULO;SP;06/2022;4.540.076;2.070.931;0;0;0;0;28.268;64.179;1.441.756;0;0;0;0;0;714.227;0;0;0;0;490;220.225
COOPERATIVA DE CRÉDITO, POUPANÇA E INVESTIMENTO UNIÃO PARANÁ/SÃO PAULO - SICREDI UNIÃO PR/SP;79.342.069;b3S;I;2;S4;9;MARINGA;PR;06/2022;4.260.338;3.013.736;474.041;0;551;0;0;640.286;130.430;0;0;0;0;1.252;0;0;0;0;0;42;0
JP MORGAN CHASE;20.107;b1;C;3;S3;199;SAO PAULO;SP;06/2022;4.192.326;2.929.386;0;0;0;0;0;1.262.940;0;0;0;0;0;0;0;0;0;0;0;0;0
COOPERATIVA DE CRÉDITO, POUPANÇA E INVESTIMENTO VANGUARDA DA REGIÃO DAS CATARATAS DO IGUAÇU E VALE DO PARAÍBA - SICREDI VANGUARDA PR/SP/RJ;78.414.067;b3S;I;2;S4;9;MEDIANEIRA;PR;06/2022;4.183.234;2.210.334;560.054;0;22;0;0;1.331.642;81.161;0;0;0;0;0;0;0;0;0;0;21;0
BANCO MUFG BRASIL S.A.;60.498.557;b1;I;3;S3;8;SAO PAULO;SP;06/2022;4.073.565;2.019.277;0;119;8.724;0;0;807.374;0;0;0;0;0;0;1.238.071;0;0;0;0;0;0
COOPERATIVA DE CRÉDITO, POUPANÇA E INVESTIMENTO VALE DO PIQUIRI ABCD - SICREDI VALE DO PIQUIRI ABCD PR/SP;81.099.491;b3S;I;2;S4;9;PALOTINA;PR;06/2022;4.069.698;2.738.752;34.770;0;0;0;0;1.226.533;69.233;0;0;0;0;390;0;0;0;0;0;20;0
PINE;50.304;b1;C;2;S3;199;SAO PAULO;SP;06/2022;4.065.316;1.133.110;161.134;0;0;0;129.446;2.069.899;0;0;18.622;94.949;0;0;431.457;0;0;0;0;0;26.699
HONDA;51.396;b2;C;3;S4;198;SAO PAULO;SP;06/2022;3.967.424;3.967.414;0;0;0;0;0;0;0;0;0;0;0;0;0;0;0;0;0;10;0
BANCO CATERPILLAR S.A.;2.658.435;b2;I;3;S4;8;SAO PAULO;SP;06/2022;3.924.106;3.375.274;0;3.365;0;0;0;71.160;464.854;0;0;0;0;0;9.453;0;0;0;0;0;0
COOPERATIVA DE CRÉDITO MAXI ALFA DE LIVRE ADMISSÃO DE ASSOCIADOS - SICOOB MAXICRÉDITO;78.825.270;b3S;I;2;S5;9;CHAPECO;SC;06/2022;3.884.457;2.561.173;6.992;0;0;0;0;1.146.694;169.582;0;0;0;0;0;0;0;0;0;0;16;0
BANCO MIZUHO DO BRASIL S.A.;61.088.183;b1;I;3;S4;8;SAO PAULO;SP;06/2022;3.797.705;1.743.780;0;0;0;1.232.244;0;821.681;0;0;0;0;0;0;0;0;0;0;0;0;0
COOPERATIVA DE CRÉDITO DE LIVRE ADMISSÃO DO SUDOESTE DA AMAZÔNIA LTDA. - SICOOB CREDISUL.;3.632.872;b3S;I;2;S5;9;VILHENA;RO;06/2022;3.664.592;2.888.807;14.169;0;0;0;0;720.774;40.832;0;0;0;0;0;0;0;0;0;0;10;0
ASSOCIACAO DE POUPANCA E EMPRESTIMO - POUPEX;655.522;n1;I;2;S3;25;BRASILIA;DF;06/2022;3.554.812;298.904;1.304.541;0;0;0;0;0;0;0;0;1.951.364;0;0;0;0;0;0;0;2;0
BANCO CARGILL S.A.;3.609.817;b1;I;3;S4;8;SAO PAULO;SP;06/2022;3.535.462;35.930;0;0;0;0;0;0;0;0;0;0;0;0;3.499.532;0;0;0;0;0;0
COOPERATIVA DE CRÉDITO SICREDI SERRANA RS/ES;90.608.712;b3S;I;2;S4;9;CARLOS BARBOSA;RS;06/2022;3.513.216;1.196.088;292.127;0;0;0;0;1.999.570;25.421;0;0;0;0;0;0;0;0;0;0;10;0
BANCO DO ESTADO DE SERGIPE S.A.;13.009.717;b1;I;1;S4;8;ARACAJU;SE;06/2022;3.507.663;2.791.437;468.898;155;0;0;0;145.862;33.054;0;351;0;0;0;67.825;0;0;0;0;82;0
BANCO SUMITOMO MITSUI BRASILEIRO S.A.;60.518.222;b1;I;3;S3;8;SAO PAULO;SP;06/2022;3.497.118;1.979.505;0;0;0;174.847;0;1.305.735;0;0;0;0;0;0;0;0;0;0;0;0;37.031
COOPERATIVA DE CRÉDITO DE LIVRE ADMISSÃO CENTRO BRASILEIRA LTDA.;37.395.399;b3S;I;2;S5;9;GOIANIA;GO;06/2022;3.458.832;1.827.243;0;0;0;0;0;1.548.787;82.794;0;0;0;0;0;0;0;0;0;0;7;0
COOPERATIVA DE CRÉDITO, POUPANÇA E INVESTIMENTO SICREDI PIONEIRA RS - SICREDI PIONEIRA RS;91.586.982;b3S;I;2;S4;9;NOVA PETROPOLIS;RS;06/2022;3.309.340;803.345;134.586;0;0;0;0;2.353.034;18.367;0;0;0;0;0;0;0;0;0;0;9;0
COOPERATIVA DE CRÉDITO, POUPANÇA E INVESTIMENTO DO SUDOESTE MT/PA - SICREDI SUDOESTE MT/PA;32.995.755;b3S;I;2;S4;9;TANGARA DA SERRA;MT;06/2022;3.151.663;2.372.349;55.594;0;691;0;67.513;551.167;104.323;0;0;0;0;0;0;0;0;0;0;26;0
BANCO DIGIMAIS S.A.;92.874.270;b1;I;3;S4;8;SAO PAULO;SP;06/2022;3.106.037;3.104.063;0;0;0;0;0;1.863;0;0;0;0;0;0;0;0;0;0;0;111;0
BANCO FIBRA S.A.;58.616.418;b1;I;2;S3;8;SAO PAULO;SP;06/2022;3.094.812;1.452.705;0;0;0;0;148.151;1.296.058;0;0;0;0;0;0;122.822;0;0;0;0;1;75.075
CREDIT AGRICOLE;51.066;b1;C;3;S3;199;SAO PAULO;SP;06/2022;3.043.989;348.180;0;0;0;0;0;187.668;0;0;0;0;0;0;2.508.140;0;0;0;0;0;0
COOPERATIVA DE CRÉDITO, POUPANÇA E INVESTIMENTO DO ARAGUAIA E XINGU - SICREDI ARAXINGU;33.021.064;b3S;I;2;S4;9;CANARANA;MT;06/2022;3.037.604;633.031;249.503;0;0;0;69.533;2.057.918;27.613;0;0;0;0;0;0;0;0;0;0;6;0
COOPERATIVA DE CRÉDITO, POUPANÇA E INVESTIMENTO UNIÃO DE ESTADOS RIO GRANDE DO SUL, SANTA CATARINA E MINAS GERAIS - SICREDI UNIESTADOS;87.780.268;b3S;I;2;S4;9;ERECHIM;RS;06/2022;2.986.975;1.285.738;297.026;0;57;0;103;1.363.197;40.846;0;0;0;0;0;0;0;0;0;0;8;0
INTESA SANPAOLO BRASIL S.A. - BANCO MÚLTIPLO;55.230.916;b1;I;3;S4;8;SAO PAULO;SP;06/2022;2.971.967;2.039.390;0;0;0;0;178.924;753.653;0;0;0;0;0;0;0;0;0;0;0;0;0
DEUTSCHE BANK S.A. - BANCO ALEMAO;62.331.228;b1;I;3;S3;8;SAO PAULO;SP;06/2022;2.932.370;1.534.749;0;0;0;0;0;252.310;0;1.145.312;0;0;0;0;0;0;0;0;0;0;0
BANCO RODOBENS S.A.;33.603.457;b1;I;2;S4;8;SAO PAULO;SP;06/2022;2.926.534;2.120.716;47.126;662;0;0;745;151.969;111.890;61;24.821;458.227;0;10.312;2;0;0;0;0;2;0
COOPERATIVA DE CRÉDITO DE LIVRE ADMISSÃO DO SUDOESTE GOIANO;24.795.049;b3S;I;2;S5;9;RIO VERDE;GO;06/2022;2.888.241;1.745.149;149;1.289;0;0;0;1.141.653;0;0;0;0;0;0;0;0;0;0;0;1;0
COOPERATIVA DE CRÉDITO, POUPANÇA E INVESTIMENTO UNIÃO - SICREDI UNIAO RS/ES;88.894.548;b3S;I;2;S4;9;CERRO LARGO;RS;06/2022;2.736.049;1.695.307;164.399;3.754;24;0;0;828.074;44.479;0;0;0;0;0;0;0;0;0;0;12;0
CREFISA;52.010;b1;C;2;S4;199;SAO PAULO;SP;06/2022;2.726.020;2.725.590;0;0;0;0;0;0;0;0;0;0;0;0;0;0;0;0;0;430;0
BANCO PACCAR S.A.;28.517.628;b2;I;3;S4;8;PONTA GROSSA;PR;06/2022;2.690.604;2.592.086;0;0;0;0;0;0;98.517;0;0;0;0;0;0;0;0;0;0;0;0
UNIPRIME DO BRASIL - COOPERATIVA DE CRÉDITO LTDA.;2.398.976;b3S;I;2;S4;9;LONDRINA;PR;06/2022;2.687.550;799.070;0;0;0;0;0;1.888.463;0;0;0;0;0;15;0;0;0;0;0;1;0
COOPERATIVA DE CRÉDITO, POUPANÇA E INVESTIMENTO CAMPOS GERAIS - SICREDI CAMPOS GERAIS PR/SP;81.466.286;b3S;I;2;S4;9;PONTA GROSSA;PR;06/2022;2.665.583;1.527.815;72.933;0;0;0;0;960.853;103.968;0;0;0;0;0;0;0;0;0;0;13;0
COOPERATIVA DE CRÉDITO, POUPANÇA E INVESTIMENTO NORTE MATO-GROSSENSE E OESTE PARAENSE - SICREDI GRANDES RIOS MT/PA;37.442.605;b3S;I;2;S4;9;COLIDER;MT;06/2022;2.611.664;2.210.518;18.906;104;0;0;0;276.903;101.455;0;0;0;0;3.758;0;0;0;0;0;20;0
PEFISA S.A. - CRÉDITO, FINANCIAMENTO E INVESTIMENTO;43.180.355;n1;I;2;S4;14;SAO PAULO;SP;06/2022;2.611.171;2.550.570;0;0;0;0;0;8.880;0;0;0;0;0;0;0;0;0;0;0;51.721;0
SICOOB CREDICOM - COOPERATIVA DE ECONOMIA E CREDITO MUTUO DOS MEDICOS E PROFISSIONAIS DA AREA DE SAUDE DO BRASIL LTDA.;42.898.825;b3S;I;2;S5;9;BELO HORIZONTE;MG;06/2022;2.554.743;664.927;0;0;0;0;0;1.851.655;38.159;0;0;0;0;0;0;0;0;0;0;3;0
COOPERATIVA DE CRÉDITO, POUPANÇA E INVESTIMENTO VALE DO CERRADO - SICREDI VALE DO CERRADO;32.983.165;b3S;I;2;S4;9;CAMPO VERDE;MT;06/2022;2.545.432;1.422.457;146.261;0;1.458;0;114.064;818.919;42.265;0;0;0;0;0;0;0;0;0;0;9;0
BMW;51.420;n1;C;3;S4;197;SAO PAULO;SP;06/2022;2.544.846;2.544.846;0;0;0;0;0;0;0;0;0;0;0;0;0;0;0;0;0;0;0
BANCO DA CHINA BRASIL S.A.;10.690.848;b1;I;3;S4;8;SAO PAULO;SP;06/2022;2.535.641;643.248;0;0;0;0;0;773.474;0;0;0;0;0;0;1.118.919;0;0;0;0;0;0
COOPERATIVA DE CRÉDITO, POUPANÇA E INVESTIMENTO DO CENTRO SUL DO MATO GROSSO DO SUL - SICREDI CENTRO-SUL MS;26.408.161;b3S;I;2;S4;9;DOURADOS;MS;06/2022;2.491.607;1.849.508;760;0;0;0;0;614.750;26.570;0;0;0;0;0;0;0;0;0;0;19;0
COOPERATIVA DE CRÉDITO, POUPANÇA E INVESTIMENTO UNIÃO DOS ESTADOS DE MATO GROSSO DO SUL, TOCANTINS E OESTE DA BAHIA - SICREDI UNIÃO MS/TO;24.654.881;b3S;I;2;S4;9;CAMPO GRANDE;MS;06/2022;2.431.424;2.105.007;7.218;0;44;0;130.845;146.235;42.055;0;0;0;0;0;0;0;0;0;0;20;0
FACTA FINANCEIRA S.A. - CRÉDITO FINANCIAMENTO E INVESTIMENTO;15.581.638;n1;I;2;S4;14;PORTO ALEGRE;RS;06/2022;2.408.539;2.405.573;0;0;0;0;0;0;0;0;0;0;0;0;0;0;0;0;0;2.966;0
BANCO TRIANGULO S.A.;17.351.180;b1;I;2;S4;8;UBERLANDIA;MG;06/2022;2.387.260;1.952.843;0;1.108;3.852;0;0;427.582;0;0;0;0;0;0;0;0;0;0;0;1.875;0
COOPERATIVA DE CRÉDITO LESTE CAPIXABA - SICOOB LESTE CAPIXABA;32.430.233;b3S;I;2;S5;9;LINHARES;ES;06/2022;2.378.597;1.207.918;27.484;0;0;0;0;1.060.833;82.348;0;0;0;0;0;0;0;0;0;0;13;0
BANCO IBM S.A.;34.270.520;b2;I;3;S4;8;RIO DE JANEIRO;RJ;06/2022;2.247.558;111.797;0;0;0;0;0;2.135.694;0;0;0;0;0;0;68;0;0;0;0;0;0
COOPERATIVA DE CRÉDITO, POUPANÇA E INVESTIMENTO PLANALTO - SICREDI PLANALTO RS/MG;88.038.260;b3S;I;2;S4;9;CRUZ ALTA;RS;06/2022;2.198.892;1.384.322;25.816;0;3;0;0;748.403;39.834;0;0;0;0;504;2;0;0;0;0;7;0
BANCO HSBC S.A.;53.518.684;b1;I;3;S4;8;SAO PAULO;SP;06/2022;2.167.369;246.752;0;0;0;0;0;948.972;0;0;0;0;0;0;971.645;0;0;0;0;0;0
SCOTIABANK;52.230;b1;C;3;S3;199;SAO PAULO;SP;06/2022;2.158.335;762.724;0;0;0;0;1.308.303;87.307;0;0;0;0;0;0;0;0;0;0;0;0;0
COOPERATIVA DE CRÉDITO, POUPANÇA E INVESTIMENTO SORRISO - SICREDI CELEIRO MT/RR;26.555.235;b3S;I;2;S4;9;SORRISO;MT;06/2022;2.151.909;1.601.665;14.595;0;1;0;11.139;440.748;83.753;0;0;0;0;0;0;0;0;0;0;8;0
DESENVOLVE SP - AGÊNCIA DE FOMENTO DO ESTADO DE SÃO PAULO S.A.;10.663.610;n1;I;1;S4;30;SAO PAULO;SP;06/2022;2.121.907;61.347;0;145.233;416.167;0;0;0;1.073.639;0;0;138.171;0;287.350;0;0;0;0;0;0;0
COOPERFORTE - COOPERATIVA DE ECONOMIA E CRÉDITO MÚTUO DE FUNCIONÁRIOS DE INSTITUIÇÕES FINANCEIRAS PÚBLICAS FEDERAIS LTDA.;1.658.426;b3S;I;2;S5;9;BRASILIA;DF;06/2022;2.035.969;644.994;1.390.969;0;0;0;0;0;0;0;0;0;0;0;0;0;0;0;0;6;0
COOPERATIVA DE CRÉDITO SICOOB METROPOLITANO;3.459.850;b3S;I;2;S5;9;MARINGA;PR;06/2022;1.990.738;1.048.363;0;0;0;0;0;819.599;122.741;0;0;0;0;0;0;0;0;0;0;35;0
BADESUL DESENVOLVIMENTO S.A - AGÊNCIA DE FOMENTO/RS;2.885.855;n1;I;1;S4;30;PORTO ALEGRE;RS;06/2022;1.978.451;811.834;21.260;171.229;188.734;0;0;0;707.042;0;21.381;6.418;0;48.164;2.389;0;0;0;0;0;0
COOPERATIVA DE CRÉDITO, POUPANÇA E INVESTIMENTO UNIVALES - SICREDI UNIVALES MT/RO;70.431.630;b3S;I;2;S4;9;JUINA;MT;06/2022;1.960.174;1.064.533;251.907;0;63;0;0;611.520;32.139;0;0;0;0;0;0;0;0;0;0;13;0
COOPERATIVA DE CRÉDITO DE LIVRE ADMISSÃO DO CENTRO SUL RONDONIENSE - SICOOB CREDIP.;2.015.588;b3S;I;2;S5;9;PIMENTA BUENO;RO;06/2022;1.951.571;1.708.787;4.702;0;0;0;0;192.527;45.528;0;0;0;0;0;0;0;0;0;0;27;0
COOPERATIVA DE CRÉDITO, POUPANÇA E INVESTIMENTO ALTO URUGUAI - SICREDI ALTO URUGUAI RS/SC/MG;87.733.770;b3S;I;2;S4;9;RODEIO BONITO;RS;06/2022;1.928.614;1.032.193;69.114;0;143;0;0;803.005;24.150;0;0;0;0;0;0;0;0;0;0;8;0
COOPERATIVA DE CRÉDITO, POUPANÇA E INVESTIMENTO CELEIRO CENTRO OESTE - SICREDI CELEIRO CENTRO OESTE;3.566.655;b3S;I;2;S4;9;SAO GABRIEL DO OESTE;MS;06/2022;1.899.278;1.387.335;2.518;0;9;0;103.341;376.270;29.788;0;0;0;0;0;0;0;0;0;0;17;0
COOPERATIVA DE CRÉDITO, POUPANÇA E INVESTIMENTO DA REGIÃO DA PRODUÇÃO - SICREDI REGIÃO DA PRODUÇÃO RS/SC/MG;89.468.565;b3S;I;2;S4;9;SARANDI;RS;06/2022;1.894.322;825.090;29.638;61;33;0;0;1.013.219;26.277;0;0;0;0;0;0;0;0;0;0;6;0
COOPERATIVA DE CRÉDITO SUL-SERRANA DO ESPÍRITO SANTO;815.319;b3S;I;2;S5;9;VENDA NOVA DO IMIGRANTE;ES;06/2022;1.886.531;705.573;978;0;0;0;0;1.074.940;105.015;0;0;0;0;0;0;0;0;0;0;24;0
COOPERATIVA DE CRÉDITO DE LIVRE ADMISSÃO DE ASSOCIADOS SÃO MIGUEL DO OESTE - SICOOB SÃO MIGUEL SC/PR/RS;81.607.046;b3S;I;2;S5;9;SAO MIGUEL D'OESTE;SC;06/2022;1.815.872;1.266.448;0;1.946;0;0;0;165.381;382.078;0;0;0;0;0;0;0;0;0;0;20;0
BANCO YAMAHA MOTOR DO BRASIL S.A.;10.371.492;b2;I;3;S4;8;GUARULHOS;SP;06/2022;1.784.472;1.784.470;0;0;0;0;0;0;0;0;0;0;0;0;0;0;0;0;0;2;0
MERCADO PAGO INSTITUIÇÃO DE PAGAMENTO LTDA.;10.573.521;n4;I;2;S4;41;OSASCO;SP;06/2022;1.765.026;1.744.570;0;0;0;0;0;0;0;0;0;0;0;0;0;0;0;0;0;20.456;0
CREDICOAMO CREDITO RURAL COOPERATIVA;81.723.108;b3S;I;2;S4;9;CAMPO MOURAO;PR;06/2022;1.740.870;1.562.400;0;0;0;0;0;0;175.639;0;0;0;0;2.830;0;0;0;0;0;0;0
MODAL;51.963;b1;C;2;S4;199;RIO DE JANEIRO;RJ;06/2022;1.735.335;256.401;0;0;0;0;0;1.247.799;0;0;0;65.772;0;0;164.925;0;0;0;0;438;0
COOPERATIVA DE CRÉDITO, POUPANÇA E INVESTIMENTO FRONTEIRAS DO PARANÁ, SANTA CATARINA E SÃO PAULO - SICREDI FRONTEIRAS PR/SC/SP;82.527.557;b3S;I;2;S4;9;CAPANEMA;PR;06/2022;1.727.245;1.000.109;125.119;0;70;0;0;556.881;45.058;0;0;0;0;0;0;0;0;0;0;7;0
NOVO BANCO CONTINENTAL S.A. - BANCO MÚLTIPLO;74.828.799;b1;I;3;S4;8;PORTO ALEGRE;RS;06/2022;1.687.429;1.548.769;5.105;0;0;0;14.991;59.309;0;524;0;0;0;0;57.527;0;0;0;0;1.205;0
HP FINANCIAL SERVICES ARRENDAMENTO MERCANTIL S.A.;97.406.706;n1;I;3;S4;19;BARUERI;SP;06/2022;1.604.876;1.427.122;0;0;0;0;0;170.702;0;0;0;0;0;0;7.052;0;0;0;0;0;0
COOPERATIVA DE CREDITO, POUPANÇA E INVESTIMENTO ALIANÇA - SICREDI ALIANÇA PR/SP;79.052.122;b3S;I;2;S4;9;MARECHAL CANDIDO RONDON;PR;06/2022;1.592.701;1.074.762;188.600;1.355;75;0;0;290.262;37.636;0;0;0;0;0;0;0;0;0;0;10;0
COOPERATIVA DE CRÉDITO ARACOOP LTDA. - SICOOB ARACOOP;3.320.525;b3S;I;2;S5;9;ARAGUARI;MG;06/2022;1.565.355;1.017.315;0;0;0;0;0;506.539;41.490;0;0;0;0;0;0;0;0;0;0;11;0
COOPERATIVA DE CRÉDITO, POUPANÇA E INVESTIMENTO OURO BRANCO - SICREDI OURO BRANCO RS;87.853.206;b3S;I;2;S4;9;TEUTONIA;RS;06/2022;1.565.122;541.680;179.279;0;0;0;0;799.361;44.793;0;0;0;0;0;0;0;0;0;0;8;0
BANCO LUSO BRASILEIRO S.A.;59.118.133;b1;I;2;S4;8;SAO PAULO;SP;06/2022;1.550.082;325.316;419;0;0;0;0;1.123.883;0;0;4.246;5.204;0;75;90.941;0;0;0;0;0;0
COOPERATIVA DE CRÉDITO, POUPANÇA E INVESTIMENTO DA REGIÃO ALTOS DA SERRA - SICREDI ALTOS DA SERRA RS/SC;92.555.150;b3S;I;2;S4;9;TAPEJARA;RS;06/2022;1.514.856;867.521;67.076;0;27;0;0;553.893;26.323;0;0;0;0;12;0;0;0;0;0;5;0
COOPERATIVA DE CRÉDITO E INVESTIMENTO DE LIVRE ADMISSÃO AGROEMPRESARIAL - SICREDI AGROEMPRESARIAL PR/SP;79.457.883;b3S;I;2;S4;9;MANDAGUARI;PR;06/2022;1.489.770;1.119.468;63.166;0;2;0;10.949;266.136;30.034;0;0;0;0;0;0;0;0;0;0;16;0
CREDSYSTEM INSTITUIÇÃO DE PAGAMENTO LTDA;4.670.195;n4;I;2;S5;41;BARUERI;SP;06/2022;1.473.543;0;0;0;0;0;0;0;0;0;1.436.560;0;0;0;0;0;0;0;0;36.983;0
COOPERATIVA DE CRÉDITO, POUPANÇA E INVESTIMENTO DAS REGIÕES CENTRO DO RS E MG - SICREDI REGIÃO CENTRO RS/MG;95.594.941;b3S;I;2;S4;9;SANTA MARIA;RS;06/2022;1.469.009;722.924;84.954;0;0;0;0;627.543;33.574;0;0;0;0;3;0;0;0;0;0;12;0
BANCO RANDON S.A.;11.476.673;b2;I;2;S4;8;CAXIAS DO SUL;RS;06/2022;1.464.042;1.138.653;0;668;29.898;0;0;16.672;278.148;0;0;0;0;0;0;0;0;0;0;3;0
COOPERATIVA DE CRÉDITO SUL DO ESPÍRITO SANTO - SICOOB SUL;32.467.086;b3S;I;2;S5;9;CACHOEIRO DE ITAPEMIRIM;ES;06/2022;1.438.187;658.947;3.777;0;0;0;0;688.190;87.257;0;0;0;0;0;0;0;0;0;0;16;0
COOPERATIVA DE CRÉDITO, POUPANÇA E INVESTIMENTO SICREDI EVOLUÇÃO - SICREDI EVOLUÇÃO;35.571.249;b3S;I;2;S5;9;JOAO PESSOA;PB;06/2022;1.413.274;1.252.149;16.591;0;0;0;0;121.506;23.025;0;0;0;0;0;0;0;0;0;0;3;0
COOPERATIVA DE CRÉDITO ALIANÇA RS/SC/ES - SICREDI ALIANÇA RS/SC/ES;87.795.639;b3S;I;2;S4;9;MARAU;RS;06/2022;1.410.675;753.433;77.355;211;19;0;0;528.312;51.336;0;0;0;0;0;0;0;0;0;0;6;0
CENTRAL DAS COOPERATIVAS DE ECONOMIA E CREDITO DO ESTADO DE MINAS GERAIS LTDA. - SICOOB CENTRAL CECREMGE;309.024;b3C;I;2;S4;9;BELO HORIZONTE;MG;06/2022;1.410.208;1;0;0;0;0;164;1.410.042;0;0;0;0;0;0;0;0;0;0;0;0;0
COOPERATIVA DE CREDITO, POUPANCA E INVESTIMENTO IGUACU - SICREDI IGUACU PR/SC/SP;84.974.278;b3S;I;2;S4;9;SAO JOAO;PR;06/2022;1.407.910;663.022;67.147;540;3;0;0;640.590;36.600;0;0;0;0;0;0;0;0;0;0;7;0
COOPERATIVA DE CRÉDITO, POUPANÇA E INVESTIMENTO DA REGIÃO DOS VALES - SICREDI REGIÃO DOS VALES RS;89.126.130;b3S;I;2;S4;9;ENCANTADO;RS;06/2022;1.402.491;420.364;173.811;0;0;0;0;757.044;51.268;0;0;0;0;0;0;0;0;0;0;5;0
COOPERATIVA DE CRÉDITO UNICRED VALOR CAPITAL LTDA - UNICRED VALOR CAPITAL;74.064.502;b3S;I;2;S5;9;FLORIANOPOLIS;SC;06/2022;1.377.751;534.477;35.283;0;0;0;0;806.838;1.152;0;0;0;0;0;0;0;0;0;0;0;0
COOPERATIVA DE CRÉDITO DE LIVRE ADMISSÃO DO CENTRO NORTE GOIANO;2.282.709;b3S;I;2;S5;9;ANAPOLIS;GO;06/2022;1.372.310;1.079.249;0;0;0;0;0;273.628;19.429;0;0;0;0;0;0;0;0;0;0;4;0
COOPERATIVA DE CRÉDITO, POUPANÇA E INVESTIMENTO ESSÊNCIA RS/ES - SICREDI ESSÊNCIA;87.733.077;b3S;I;2;S4;9;ITAQUI;RS;06/2022;1.363.676;890.419;36.897;0;0;0;0;405.558;30.794;0;0;0;0;0;0;0;0;0;0;8;0
COOPERATIVA DE CRÉDITO, POUPANÇA E INVESTIMENTO DE CAMPO GRANDE E REGIÃO - SICREDI CAMPO GRANDE MS;3.042.597;b3S;I;2;S4;9;CAMPO GRANDE;MS;06/2022;1.336.242;1.266.287;0;0;27;0;0;37.021;32.897;0;0;0;0;0;0;0;0;0;0;10;0
COOPERATIVA DE CRÉDITO, POUPANÇA E INVESTIMENTO INTEGRAÇÃO DE ESTADOS DO RIO GRANDE DO SUL E SANTA CATARINA - SICREDI INTEGRAÇÃO DE ESTADOS RS/SC;87.781.530;b3S;I;2;S4;9;PASSO FUNDO;RS;06/2022;1.319.342;578.741;51.456;0;12;0;0;664.685;24.444;0;0;0;0;0;0;0;0;0;0;5;0
COOPERATIVA DE CRÉDITO, POUPANÇA E INVESTIMENTO DO NOROESTE DE MATO GROSSO, ACRE E AMAZONAS - SICREDI BIOMAS;33.022.690;b3S;I;2;S4;9;ARAPUTANGA;MT;06/2022;1.309.317;1.022.043;59.659;0;31;0;5.232;200.537;21.810;0;0;0;0;0;0;0;0;0;0;5;0
COOPERATIVA DE CRÉDITO, POUPANÇA E INVESTIMENTO BOTUCARAÍ - SICREDI BOTUCARAÍ RS/MG;87.900.601;b3S;I;2;S4;9;SOLEDADE;RS;06/2022;1.307.704;751.046;4.387;0;50;0;0;537.752;14.463;0;0;0;0;0;0;0;0;0;0;5;0
SOCIETE GENERALE;31.859;b1;C;3;S3;199;SAO PAULO;SP;06/2022;1.293.465;1.259.951;0;0;0;0;12.047;21.468;0;0;0;0;0;0;0;0;0;0;0;0;0
COOPERATIVA DE CRÉDITO DO VALE DO ITAJAÍ E LITORAL CATARINENSE - SICREDI VALE LITORAL SC;10.348.181;b3S;I;2;S4;9;ITAPEMA;SC;06/2022;1.292.372;672.380;24.811;0;0;0;0;565.333;29.426;0;0;0;0;416;0;0;0;0;0;6;0
COOPERATIVA DE CRÉDITO, POUPANÇA E INVESTIMENTO DE IBIRAIARAS - SICREDI IBIRAIARAS RS/MG;89.990.501;b3S;I;2;S4;9;IBIRAIARAS;RS;06/2022;1.278.195;515.240;127.590;0;0;0;0;617.530;17.831;0;0;0;0;0;0;0;0;0;0;4;0
AGÊNCIA DE FOMENTO DO PARANÁ S.A.;3.584.906;n1;I;1;S4;30;CURITIBA;PR;06/2022;1.266.568;234.364;0;598.049;146.488;0;12.272;0;129.912;0;0;145.481;0;0;0;0;0;0;0;2;0
COOPERATIVA DE CRÉDITO DE LIVRE ADMISSÃO DE ASSOCIADOS DO ALTO URUGUAI CATARINENSE - SICOOB CREDIAUC;78.840.071;b3S;I;2;S5;9;CONCORDIA;SC;06/2022;1.258.334;734.091;5.028;0;0;0;0;506.253;12.956;0;0;0;0;0;0;0;0;0;0;6;0
COOPERATIVA DE CRÉDITO, POUPANÇA E INVESTIMENTO REGIÕES DAS CULTURAS - SICREDI DAS CULTURAS RS/MG;90.729.369;b3S;I;2;S4;9;IJUI;RS;06/2022;1.220.287;834.577;5.236;0;46;0;0;364.588;14.258;0;0;0;0;1.573;0;0;0;0;0;8;0
COOPERATIVA DE CRÉDITO, POUPANÇA E INVESTIMENTO DE LAJEADO - SICREDI INTEGRAÇÃO RS/MG;91.159.764;b3S;I;2;S4;9;LAJEADO;RS;06/2022;1.219.134;450.485;50.328;0;0;0;0;681.678;36.640;0;0;0;0;0;0;0;0;0;0;4;0
COOPERATIVA DE CRÉDITO, POUPANÇA E INVESTIMENTO INTERESTADOS - SICREDI INTERESTADOS RS/ES;90.497.256;b3S;I;2;S4;9;PELOTAS;RS;06/2022;1.213.474;821.195;15.160;0;2;0;0;337.881;39.229;0;0;0;0;0;0;0;0;0;0;8;0
COOPERATIVA DE CRÉDITO, POUPANÇA E INVESTIMENTO DO NORTE E NORDESTE DE SANTA CATARINA - SICREDI NORTE SC;2.843.443;b3S;I;2;S4;9;JOINVILLE;SC;06/2022;1.209.585;544.706;6.289;940;144;0;0;627.633;29.866;0;0;0;0;0;0;0;0;0;0;6;0
COOPERATIVA DE CRÉDITO, POUPANÇA E INVESTIMENTO PROGRESSO - SICREDI PROGRESSO PR/SP;76.059.997;b3S;I;2;S4;9;TOLEDO;PR;06/2022;1.198.507;686.277;105.800;0;1.206;0;0;374.223;30.995;0;0;0;0;0;0;0;0;0;0;6;0
BOFA MERRILL LYNCH;51.255;b1;C;3;S3;199;SAO PAULO;SP;06/2022;1.194.355;109.061;0;0;0;0;0;1.085.293;0;0;0;0;0;0;0;0;0;0;0;0;0
COOPERATIVA DE CRÉDITO INTEGRAÇÃO ROTA DAS TERRAS - SICREDI INTEGRAÇÃO ROTA DAS TERRAS RS/MG;87.510.475;b3S;I;2;S4;9;TAPERA;RS;06/2022;1.193.859;863.343;18.549;22;0;0;0;292.325;19.242;0;0;0;0;373;0;0;0;0;0;4;0
COOPERATIVA DE CRÉDITO, POUPANÇA E INVESTIMENTO SUL RIOGRANDENSE - SICREDI UNIÃO METROPOLITANA RS;92.796.564;b3S;I;2;S4;9;PORTO ALEGRE;RS;06/2022;1.165.595;540.132;15.638;0;68;0;0;575.229;34.522;0;0;0;0;0;0;0;0;0;0;6;0
COOPERATIVA DE CRÉDITO SICOOB ENGECRED LTDA.;4.388.688;b3S;I;2;S5;9;GOIANIA;GO;06/2022;1.160.193;439.232;1.766;0;0;0;0;704.654;14.540;0;0;0;0;0;0;0;0;0;0;1;0
COOPERATIVA DE CRÉDITO UNICRED UNIÃO LTDA - UNICRED UNIÃO;74.114.042;b3S;I;2;S5;9;ITAJAI;SC;06/2022;1.157.567;610.632;0;0;0;0;0;546.934;0;0;0;0;0;0;0;0;0;0;0;1;0
COOPERATIVA DE CRÉDITO, POUPANÇA E INVESTIMENTO RAÍZES - SICREDI RAÍZES RS/SC/MG;88.099.247;b3S;I;2;S4;9;CAMPO NOVO;RS;06/2022;1.142.416;515.056;1.240;0;0;0;0;609.742;16.369;0;0;0;0;0;0;0;0;0;0;9;0
COOPERATIVA DE CRÉDITO SICOOB OURO VERDE;5.582.619;b3S;I;2;S5;9;LONDRINA;PR;06/2022;1.141.046;901.169;180;0;0;0;0;197.001;42.691;0;0;0;0;0;0;0;0;0;0;5;0
WILL FINANCEIRA S.A. CRÉDITO, FINANCIAMENTO E INVESTIMENTO;23.862.762;n1;I;2;S4;14;SAO PAULO;SP;06/2022;1.139.286;1.121.818;0;0;0;0;0;0;0;0;0;0;0;0;0;0;0;0;0;17.468;0
COOPERATIVA DE CRÉDITO COOPERMAIS - SICOOB COOPERMAIS;31.804.966;b3S;I;2;S5;9;SANTA MARIA DE JETIBA;ES;06/2022;1.118.075;476.113;4.068;0;0;0;0;542.652;95.216;0;0;0;0;0;0;0;0;0;0;27;0
BARIGUI;51.774;b1;C;2;S4;199;CURITIBA;PR;06/2022;1.092.099;397.951;336;0;0;0;82.432;0;0;0;71.415;538.701;0;908;0;0;0;0;0;356;0
COOPERATIVA DE CREDITO DO ALTO PARANAIBA E REGIÃO LTDA. - SICOOB CREDIPATOS;25.387.671;b3S;I;2;S5;9;PATOS DE MINAS;MG;06/2022;1.080.987;735.549;14.834;0;0;0;0;298.237;32.366;0;0;0;0;0;0;0;0;0;0;1;0
COOPERATIVA DE CRÉDITO DE CASCAVEL E REGIÃO - SICOOB CREDICAPITAL;4.529.074;b3S;I;2;S5;9;CASCAVEL;PR;06/2022;1.076.855;664.722;1.149;0;0;0;0;368.572;42.407;0;0;0;0;0;0;0;0;0;0;5;0
COOPERATIVA DE CREDITO, POUPANÇA E INVESTIMENTO PARQUE DAS ARAUCARIAS - SICREDI PARQUE DAS ARAUCARIAS PR/SC/SP;82.065.285;b3S;I;2;S4;9;MARIOPOLIS;PR;06/2022;1.075.610;596.122;114.271;0;65;0;0;323.897;41.249;0;0;0;0;0;0;0;0;0;0;7;0
COOPERATIVA DE CRÉDITO, POUPANÇA E INVESTIMENTO NOROESTE RS - SICREDI NOROESTE RS;89.049.738;b3S;I;2;S4;9;TRES DE MAIO;RS;06/2022;1.072.027;605.920;21.790;0;6;0;0;413.240;31.069;0;0;0;0;0;0;0;0;0;0;2;0
COOPERATIVA DE ECONOMIA E CREDITO MUTUO DOS MEDICOS DE PORTO ALEGRE LTDA-UNICRED PORTO ALEGRE;94.433.109;b3S;I;2;S5;9;PORTO ALEGRE;RS;06/2022;1.048.876;230.103;0;0;0;0;0;818.772;0;0;0;0;0;0;0;0;0;0;0;1;0
BANCO TOPÁZIO S.A.;7.679.404;b1;I;3;S4;8;PORTO ALEGRE;RS;06/2022;1.039.504;1.032.041;0;0;0;0;0;7.463;0;0;0;0;0;0;0;0;0;0;0;0;0
COOPERATIVA DE CREDITO DO CENTRO DO ESTADO DE RONDONIA - SICOOB CENTRO;8.044.854;b3S;I;2;S5;9;JI-PARANA;RO;06/2022;1.029.297;1.009.299;0;0;0;0;0;197;19.797;0;0;0;0;0;0;0;0;0;0;4;0
MERCADO CRÉDITO SOCIEDADE DE CRÉDITO, FINANCIAMENTO E INVESTIMENTO S.A.;37.679.449;n1;I;2;S4;14;OSASCO;SP;06/2022;1.025.086;1.005.251;0;0;0;0;0;0;0;0;0;0;0;0;0;0;0;0;0;19.835;0
COOPERATIVA DE CRÉDITO UNICRED CENTRO-SUL LTDA - UNICRED CENTRO-SUL;75.847;b3S;I;2;S5;9;CRICIUMA;SC;06/2022;1.017.725;243.060;52.719;0;0;0;0;721.461;484;0;0;0;0;0;0;0;0;0;0;1;0
GRUPO BONSUCESSO - BS2;52.034;b1;C;2;S3;199;BELO HORIZONTE;MG;06/2022;1.015.785;441.528;0;0;0;0;0;426.529;72.080;0;0;74.690;0;0;0;0;0;0;0;53;906
COOPERATIVA DE CRÉDITO DE LIVRE ADMISSÃO DE ASSOCIADOS DO VALE DO CANOINHAS - SICOOB CREDICANOINHAS/SC;78.834.975;b3S;I;2;S5;9;CANOINHAS;SC;06/2022;1.010.501;685.191;68;0;0;0;0;295.760;29.469;0;0;0;0;0;0;0;0;0;0;14;0
COOPERATIVA DE CREDITO E INVESTIMENTO COM INTERACAO SOLIDARIA PIONEIRA - CRESOL PIONEIRA;971.300;b3S;I;2;S5;9;DOIS VIZINHOS;PR;06/2022;967.960;783.845;0;542;0;0;0;176.255;1.988;0;0;5.301;0;0;0;0;0;0;0;29;0
COOPERATIVA DE CRÉDITO, POUPANÇA E INVESTIMENTO CENTRO SUL - SICREDI CENTRO SUL PR/SC/RJ;78.907.607;b3S;I;2;S4;9;PRUDENTOPOLIS;PR;06/2022;965.976;736.601;123.376;0;2;0;0;88.804;17.186;0;0;0;0;0;0;0;0;0;0;5;0
COOPERATIVA DE CRÉDITO DE LIVRE ADMISSÃO DO PONTAL DO TRIANGULO LTDA - SICOOB CREDIPONTAL;26.178.533;b3S;I;2;S5;9;ITUIUTABA;MG;06/2022;965.477;759.226;560;0;0;0;0;189.541;16.149;0;0;0;0;0;0;0;0;0;0;1;0
COOPERATIVA DE CRÉDITO, POUPANÇA E INVESTIMENTO DO PLANALTO CENTRAL - SICREDI PLANALTO CENTRAL;10.736.214;b3S;I;2;S4;9;CRISTALINA;GO;06/2022;962.466;592.130;0;0;159;0;5.346;350.202;14.621;0;0;0;0;0;0;0;0;0;0;8;0
COOPERATIVA DE CRÉDITO DE LIVRE ADMISSÃO DA ZONA DA MATA LTDA   SICOOB COOPEMATA;2.335.109;b3S;I;2;S5;9;CATAGUASES;MG;06/2022;952.599;475.430;0;0;0;0;0;441.554;35.611;0;0;0;0;0;0;0;0;0;0;5;0
SICREDI EXPANSÃO - COOPERATIVA DE CRÉDITO;41.180.092;b3S;I;2;S5;9;MACEIO;AL;06/2022;944.542;576.376;0;0;0;0;0;348.150;20.014;0;0;0;0;0;0;0;0;0;0;2;0
COOPERATIVA DE CRÉDITO, POUPANÇA E INVESTIMENTO DO VALE DO RIO PARDO - SICREDI VALE DO RIO PARDO RS;95.424.891;b3S;I;2;S4;9;SANTA CRUZ DO SUL;RS;06/2022;922.013;397.710;34.358;0;2;0;0;468.545;21.363;0;0;0;0;29;0;0;0;0;0;6;0
COOPERATIVA DE CREDITO CREDIROCHAS - SICOOB CREDIROCHAS;3.358.914;b3S;I;2;S5;9;CACHOEIRO DE ITAPEMIRIM;ES;06/2022;907.335;494.690;129;0;0;0;0;349.031;63.460;0;0;0;0;0;0;0;0;0;0;25;0
COOPERATIVA DE CRÉDITO, POUPANÇA E INVESTIMENTO INTEGRAÇÃO DO SUL DE MATO GROSSO, AMAPÁ E PARÁ - SICREDI INTEGRAÇÃO MT/AP/PA;26.549.311;b3S;I;2;S4;9;RONDONOPOLIS;MT;06/2022;900.816;747.943;73.947;0;5;0;1.585;50.594;26.733;0;0;0;0;0;0;0;0;0;0;10;0
COOPERATIVA DE CRÉDITO CENTRO LESTE - SICREDI CENTRO LESTE RS;88.471.024;b3S;I;2;S4;9;CACHOEIRA DO SUL;RS;06/2022;896.663;362.906;58.380;0;3;0;0;463.679;11.691;0;0;0;0;0;0;0;0;0;0;5;0
AGÊNCIA DE FOMENTO DO ESTADO DE SANTA CATARINA S.A.-BADESC;82.937.293;n1;I;1;S4;30;FLORIANOPOLIS;SC;06/2022;895.151;466.753;0;69.936;36.718;0;495;0;306.471;0;13.433;0;0;1.345;0;0;0;0;0;0;0
COOPERATIVA DE CRÉDITO, POUPANÇA E INVESTIMENTO DO SUL DO ESTADO DE SANTA CATARINA - SICREDI SUL SC;3.793.242;b3S;I;2;S4;9;CRICIUMA;SC;06/2022;893.327;506.161;40.432;0;24;0;0;321.483;25.226;0;0;0;0;0;0;0;0;0;0;2;0
COOPERATIVA DE CRÉDITO SICOOB VALE SUL;2.466.552;b3S;I;2;S5;9;FRANCISCO BELTRAO;PR;06/2022;891.353;555.197;83;0;0;0;0;298.992;37.075;0;0;0;0;0;0;0;0;0;0;6;0
COOPERATIVA DE CRÉDITO, POUPANÇA E INVESTIMENTO DE ESPUMOSO - SICREDI ESPUMOSO RS/MG;87.900.411;b3S;I;2;S4;9;ESPUMOSO;RS;06/2022;885.647;563.655;2.766;0;10;0;0;313.754;5.460;0;0;0;0;0;0;0;0;0;0;2;0
COOPERATIVA DE CRÉDITO DE EMPRESÁRIOS - SICOOB/TRANSCREDI;4.247.370;b3S;I;2;S5;9;CONCORDIA;SC;06/2022;878.106;188.218;0;0;0;0;0;672.921;16.963;0;0;0;0;0;0;0;0;0;0;3;0
COOPERATIVA DE CRÉDITO NORTE DO ESPÍRITO SANTO - SICOOB NORTE;31.815.293;b3S;I;2;S5;9;SAO GABRIEL DA PALHA;ES;06/2022;875.065;460.061;198;0;0;0;0;350.630;64.171;0;0;0;0;0;0;0;0;0;0;5;0
COOPERATIVA DE CRÉDITO CREDIVAR LTDA. - SICOOB CREDIVAR;25.798.596;b3S;I;2;S5;9;VARGINHA;MG;06/2022;874.238;765.977;0;0;0;0;0;86.674;21.585;0;0;0;0;0;0;0;0;0;0;2;0
COOPERATIVA DE CRÉDITO, POUPANÇA E INVESTIMENTO CAMINHO DAS ÁGUAS RS - SICREDI CAMINHO DAS ÁGUAS RS;95.213.211;b3S;I;2;S4;9;ROLANTE;RS;06/2022;874.143;357.304;50.360;0;3;0;0;432.722;33.744;0;0;0;0;0;0;0;0;0;0;10;0
COOPERATIVA DE CRÉDITO POUPANÇA E INVESTIMENTO PANTANAL DO MATO GROSSO DO SUL - SICREDI PANTANAL MS;26.408.187;b3S;I;2;S4;9;MARACAJU;MS;06/2022;872.446;667.319;0;0;0;0;5.058;186.686;13.379;0;0;0;0;0;0;0;0;0;0;3;0
COOPERATIVA DE CRÉDITO DE LIVRE ADMISSÃO DE ASSOCIADOS AURIVERDE -  SICOOB - CREDIAL SC/RS;78.858.107;b3S;I;2;S5;9;CUNHA PORA;SC;06/2022;871.665;364.821;117.767;0;0;0;0;374.924;14.149;0;0;0;0;0;0;0;0;0;0;4;0
BANCO PAULISTA S.A.;61.820.817;b1;I;2;S4;8;SAO PAULO;SP;06/2022;871.454;349.172;0;0;0;0;0;457.393;0;0;0;64.866;0;0;0;0;0;0;0;22;0
BANCO SEMEAR S.A.;795.423;b1;I;2;S4;8;BELO HORIZONTE;MG;06/2022;863.389;523.910;0;0;0;0;460;296.405;0;0;12.972;27.913;0;0;0;0;0;0;0;1.728;0
COOPERATIVA DE CRÉDITO DE LIVRE ADMISSÃO DA REGIÃO METROPOLITANA DE GOIÂNIA LTDA.;7.599.206;b3S;I;2;S5;9;GOIANIA;GO;06/2022;861.663;476.082;84;0;0;0;0;191.521;193.974;0;0;0;0;0;0;0;0;0;0;2;0
VOITER;50.531;b1;C;2;S4;199;SAO PAULO;SP;06/2022;846.562;469.541;0;0;0;0;0;315.677;0;0;4.895;989;0;0;55.211;0;0;0;0;250;0
COOPERATIVA DE CRÉDITO DOS MÉDICOS, PROFISSIONAIS DA SAÚDE E EMPRESÁRIOS DE MATO GROSSO;36.900.256;b3S;I;2;S5;9;CUIABA;MT;06/2022;844.033;220.078;0;0;0;0;0;622.650;1.305;0;0;0;0;0;0;0;0;0;0;1;0
COOPERATIVA DE CREDITO, POUPANÇA E INVESTIMENTO RIO PARANA - SICREDI RIO PARANA PR/SP;81.206.039;b3S;I;2;S4;9;NOVA LONDRINA;PR;06/2022;836.683;644.565;68.662;0;0;0;0;111.280;12.166;0;0;0;0;0;0;0;0;0;0;9;0
COOPERATIVA DE CRÉDITO, POUPANÇA E INVESTIMENTO NOSSA TERRA - SICREDI NOSSA TERRA PR/SP;81.192.106;b3S;I;2;S4;9;CAFELANDIA;PR;06/2022;828.633;573.166;46.672;0;1;0;0;193.551;15.236;0;0;0;0;0;0;0;0;0;0;6;0
COOPERATIVA DE CRÉDITO DA REGIÃO MERIDIONAL DO BRASIL - SICOOB UNICOOB MERIDIONAL;5.392.810;b3S;I;2;S5;9;TOLEDO;PR;06/2022;827.093;557.537;0;0;0;0;0;243.163;26.352;0;0;0;0;0;0;0;0;0;0;42;0
COOPERATIVA DE CRÉDITO UNICRED DESBRAVADORA LTDA - UNICRED DESBRAVADORA;1.039.011;b3S;I;2;S5;9;CHAPECO;SC;06/2022;826.578;405.468;18.333;0;0;0;0;401.735;812;0;0;0;0;228;0;0;0;0;0;1;0
COOPERATIVA DE CREDITO DE LIVRE ADMISSÃO DE ASSOCIADOS ITAIPU SICOOB CREDITAIPU;81.014.060;b3S;I;2;S5;9;PINHALZINHO;SC;06/2022;825.797;520.749;4.214;26;0;0;0;265.246;35.553;0;0;0;0;0;0;0;0;0;0;8;0
RENDIMENTO;51.468;b1;C;2;S4;199;SAO PAULO;SP;06/2022;812.121;211.963;0;8.123;0;0;0;450.563;85.610;0;0;0;0;0;55.860;0;0;0;0;2;0
COOPERATIVA DE CRÉDITO, POUPANÇA E INVESTIMENTO PARANAPANEMA PR/SP - SICREDI PARANAPANEMA PR/SP;79.086.997;b3S;I;2;S4;9;CAMBARA;PR;06/2022;810.808;487.642;92.204;0;0;0;0;216.542;14.413;0;0;0;0;0;0;0;0;0;0;7;0
FORTBRASIL ADMINISTRADORA DE CARTOES DE CREDITO S/A;2.732.968;n4;I;2;;41;FORTALEZA;CE;06/2022;804.482;804.380;0;0;0;0;0;0;0;0;0;0;0;0;0;0;0;0;0;102;0
COOPERATIVA DE CRÉDITO, POUPANÇA E INVESTIMENTO DO NORTE DO PARANÁ E SUL DE SÃO PAULO - SICREDI NORTE SUL PR/SP;79.063.574;b3S;I;2;S4;9;SANTO ANTONIO DA PLATINA;PR;06/2022;799.426;614.327;39.421;0;63;0;0;128.093;17.516;0;0;0;0;0;0;0;0;0;0;6;0
COOPERATIVA DE CRÉDITO DOS EMPRESÁRIOS E EMPREGADOS DOS TRANSPORTES E CORREIOS DO SUL DO BRASIL - TRANSPOCRED;8.075.352;b3S;I;2;S5;9;FLORIANOPOLIS;SC;06/2022;787.889;307.058;27.237;1.858;1.145;0;0;357.547;93.036;0;0;0;0;0;0;0;0;0;0;7;0
COOPERATIVA DE CRÉDITO DE LIVRE ADMISSÃO DO MÉDIO PIRACICABA E DO CIRCUITO DO OURO LTDA. - SICOOB CREDIMEPI;1.644.264;b3S;I;2;S5;9;JOAO MONLEVADE;MG;06/2022;782.036;404.899;0;0;0;0;0;315.134;62.000;0;0;0;0;0;0;0;0;0;0;4;0
COOPERATIVA DE CRÉDITO, POUPANÇA E INVESTIMENTO GRANDES LAGOS DO PARANÁ E LITORAL PAULISTA - SICREDI GRANDES LAGOS PR/SP;81.115.149;b3S;I;2;S4;9;LARANJEIRAS DO SUL;PR;06/2022;775.679;479.026;98.096;0;0;0;0;188.557;9.997;0;0;0;0;0;0;0;0;0;0;5;0
COOPERATIVA DE CRÉDITO DE LIVRE ADMISSÃO DE ASSOCIADOS DO VALE DO VINHO - SICOOB VALE DO VINHO;81.016.131;b3S;I;2;S5;9;VIDEIRA;SC;06/2022;774.608;611.931;8.923;0;0;0;0;142.025;7.130;0;4.597;0;0;0;0;0;0;0;0;3;0
COOPERATIVA DE CRÉDITO DE LIVRE ADMISSÃO DO ALTO VALE DO ITAJAÍ - VIACREDI ALTO VALE;16.779.741;b3S;I;2;S5;9;IBIRAMA;SC;06/2022;761.823;506.119;37.768;0;88;0;0;217.643;153;0;0;0;0;0;0;0;0;0;0;52;0
COOPERATIVA DE CRÉDITO, POUPANÇA E INVESTIMENTO VALE DO JAGUARI E ZONA DA MATA - SICREDI VALE DO JAGUARI E ZONA DA MATA RS/MG;87.780.284;b3S;I;2;S4;9;SANTIAGO;RS;06/2022;760.563;476.253;97.302;0;0;0;0;175.303;11.695;0;0;0;0;8;0;0;0;0;0;4;0
COOPERATIVA DE CRÉDITO DO NORTE CATARINENSE E SUL PARANAENSE - SICOOB CREDINORTE;81.011.686;b3S;I;2;S5;9;MAFRA;SC;06/2022;759.699;573.338;0;0;0;0;0;161.814;24.208;0;337;0;0;0;0;0;0;0;0;2;0
BRK S.A. CRÉDITO, FINANCIAMENTO E INVESTIMENTO;12.865.507;n1;I;2;S4;14;SAO PAULO;SP;06/2022;752.952;379.146;0;0;0;0;0;326.894;22.728;0;12.000;12.000;0;0;0;0;0;0;0;183;0
COOPERATIVA DE CRÉDITO DE LIVRE ADMISSÃO DA REGIÃO CENTRAL E OESTE MINEIRO LTDA. - SICOOB DIVICRED;1.736.516;b3S;I;2;S5;9;DIVINOPOLIS;MG;06/2022;744.342;123.579;0;0;0;0;0;596.680;24.079;0;0;0;0;0;0;0;0;0;0;4;0
COOPERATIVA DE CRÉDITO SUL - SICOOB SUL;5.888.589;b3S;I;2;S5;9;CURITIBA;PR;06/2022;741.632;439.893;467;0;0;0;0;265.001;36.265;0;0;0;0;0;0;0;0;0;0;7;0
COOPERATIVA DE CRÉDITO DA AMAZÔNIA - SICOOB AMAZÔNIA;5.203.605;b3S;I;2;S5;9;BURITIS;RO;06/2022;734.830;662.313;717;0;0;0;0;73;71.724;0;0;0;0;0;0;0;0;0;0;3;0
COOPERATIVA DE CRÉDITO, POUPANÇA E INVESTIMENTO SUL MINAS DO RIO GRANDE DO SUL E MINAS GERAIS - SICREDI SUL MINAS RS/MG.;87.784.088;b3S;I;2;S4;9;ESTACAO;RS;06/2022;732.978;322.131;83.565;0;0;0;0;315.934;11.345;0;0;0;0;0;0;0;0;0;0;2;0
COOPERATIVA DE CRÉDITO, POUPANÇA E INVESTIMENTO DO CERRADO DE GOIÁS - SICREDI CERRADO GO;6.332.931;b3S;I;2;S4;9;GOIANIA;GO;06/2022;732.280;622.170;3.427;0;50;0;0;85.132;21.499;0;0;0;0;0;0;0;0;0;0;3;0
COOPERATIVA DE CRÉDITO UNICRED EVOLUÇÃO LTDA. - UNICRED EVOLUÇÃO;1.727.929;b3S;I;2;S5;9;PATOS DE MINAS;MG;06/2022;730.207;144.661;0;0;0;0;0;584.298;1.247;0;0;0;0;0;0;0;0;0;0;0;0
COOPERATIVA DE CRÉDITO LITORÂNEA;85.291.086;b3S;I;2;S5;9;JACINTO MACHADO;SC;06/2022;709.432;558.636;0;0;0;0;0;121.721;29.072;0;0;0;0;0;0;0;0;0;0;3;0
COOPERATIVA DE ECONOMIA E CREDITO MUTUO DOS MEDICOS E DEMAIS PROFISSIONAIS DA AREA DE SAUDE DO ESTADO DE SAO PAULO LTDA    UNICRED DO ESTADO DE SAO PAULO;71.884.498;b3S;I;2;S5;9;CAMPINAS;SP;06/2022;707.537;122.013;33;0;0;0;0;585.490;0;0;0;0;0;0;0;0;0;0;0;1;0
BANCO MONEO S.A.;7.441.209;b2;I;2;S4;8;CAXIAS DO SUL;RS;06/2022;704.160;638.054;0;8.207;31.529;0;0;13;26.358;0;0;0;0;0;0;0;0;0;0;0;0
BANCO GUANABARA S.A.;31.880.826;b1;I;2;S4;8;RIO DE JANEIRO;RJ;06/2022;699.085;322.398;0;0;0;0;0;376.687;0;0;0;0;0;0;0;0;0;0;0;0;0
HAITONG;51.482;b2;C;3;S3;198;SAO PAULO;SP;06/2022;694.585;104.101;0;43.047;194.789;0;0;285.133;0;0;0;1.790;0;0;0;0;0;0;0;0;65.724
COOPERATIVA DE CRÉDITO COM INTERAÇÃO SOLIDÁRIA DO VALE EUROPEU - CRESOL VALE EUROPEU;7.512.780;b3S;I;2;S5;9;AGUAS MORNAS;SC;06/2022;693.318;606.203;0;640;0;0;0;78.567;6.155;0;0;1.725;0;0;0;0;0;0;0;27;0
NEON PAGAMENTOS S.A.;20.855.875;n4;I;2;S4;41;SAO PAULO;SP;06/2022;692.261;671.823;0;0;0;0;0;0;0;0;0;0;0;0;0;0;0;0;0;20.437;0
COOPERATIVA DE CRÉDITO CREDILIVRE LTDA. - SICOOB CREDILIVRE;41.697.103;b3S;I;2;S5;9;MANHUACU;MG;06/2022;687.952;634.767;23.681;0;0;0;0;154;29.347;0;0;0;0;0;0;0;0;0;0;2;0
COOPERATIVA DE CRÉDITO DE LIVRE ADMISSÃO DO MÉDIO LESTE DE MATO GROSSO - SICOOB PRIMAVERA MT;5.241.619;b3S;I;2;S5;9;PRIMAVERA DO LESTE;MT;06/2022;686.528;564.745;0;0;0;0;0;121.213;566;0;0;0;0;0;0;0;0;0;0;4;0
COOPERATIVA DE CRÉDITO, POUPANÇA E INVESTIMENTO CENTRO SERRA - SICREDI CENTRO SERRA RS;87.067.757;b3S;I;2;S4;9;AGUDO;RS;06/2022;680.638;304.560;10.062;0;0;0;0;341.973;23.976;0;0;0;0;64;0;0;0;0;0;3;0
ZEMA CRÉDITO, FINANCIAMENTO E INVESTIMENTO S/A;5.351.887;n1;I;2;S4;14;ARAXA;MG;06/2022;678.846;676.649;0;0;0;0;0;0;0;0;0;0;0;0;0;0;0;0;0;2.198;0
COOPERATIVA DE CRÉDITO DE LIVRE ADMISSÃO DE ASSOCIADOS SUL CATARINENSE - SICOOB CREDISULCA SC;81.367.880;b3S;I;2;S5;9;TURVO;SC;06/2022;678.155;385.144;10;14;0;0;0;260.005;32.979;0;0;0;0;0;0;0;0;0;0;3;0
COOPERATIVA DE CRÉDITO, POUPANÇA E INVESTIMENTO NOVOS HORIZONTES - SICREDI NOVOS HORIZONTES PR/SP;7.206.072;b3S;I;2;S4;9;ARAPOTI;PR;06/2022;675.729;501.858;10.163;0;0;0;0;158.244;5.455;0;0;0;0;0;0;0;0;0;0;9;0
COOPERATIVA DE ECONOMIA E CRÉDITO MÚTUO UNICRED INTEGRAÇÃO LTDA.;73.750.424;b3S;I;2;S5;9;CAXIAS DO SUL;RS;06/2022;675.165;105.465;0;0;0;0;0;569.699;0;0;0;0;0;0;0;0;0;0;0;1;0
COOPERATIVA DE CRÉDITO DE LIVRE ADMISSÃO DE ASSOCIADOS OESTE CATARINENSE;78.825.023;b3S;I;2;S5;9;PALMITOS;SC;06/2022;669.282;332.130;3.622;0;0;0;0;327.033;6.494;0;0;0;0;0;0;0;0;0;0;2;0
COOPERATIVA DE CRÉDITO UNICRED VALE LTDA - UNICRED VALE;73.443.863;b3S;I;2;S5;9;BLUMENAU;SC;06/2022;653.108;253.067;10.951;0;0;0;0;387.851;1.238;0;0;0;0;0;0;0;0;0;0;0;0
COOPERATIVA DE CREDITO DE LIVRE ADMISSÃO DO SUL DE MINAS LTDA - SICOOB CREDIVASS;1.604.998;b3S;I;2;S5;9;SAO GONCALO DO SAPUCAI;MG;06/2022;652.907;537.433;0;0;0;0;0;85.390;30.075;0;0;0;0;0;0;0;0;0;0;8;0
COOPERATIVA DE CRÉDITO NOROESTE DE MINAS LTDA. - SICOOB NOROESTE DE MINAS;86.564.051;b3S;I;2;S5;9;UNAI;MG;06/2022;651.827;386.482;66.503;11;0;0;0;190.468;8.363;0;0;0;0;0;0;0;0;0;0;1;0
COOPERATIVA DE CRÉDITO AGROCREDI LTDA. - SICOOB AGROCREDI;42.873.828;b3S;I;2;S4;9;GUAXUPE;MG;06/2022;651.260;577.248;17.226;0;0;0;0;25.579;31.201;0;0;0;0;0;0;0;0;0;0;7;0
CARUANA S.A. - SOCIEDADE DE CRÉDITO, FINANCIAMENTO E INVESTIMENTO;9.313.766;n1;I;2;S4;14;SAO PAULO;SP;06/2022;650.069;539.841;0;0;0;0;0;110.188;0;0;0;0;0;0;0;0;0;0;0;41;0
COOPERATIVA DE CRÉDITO, POUPANÇA E INVESTIMENTO TERRA DOS PINHEIRAIS DO PARANÁ E NOROESTE PAULISTA - SICREDI PLANALTO DAS ÁGUAS PR/SP;77.984.870;b3S;I;2;S4;9;GUARAPUAVA;PR;06/2022;650.035;504.004;54.074;0;0;0;0;77.877;14.076;0;0;0;0;0;0;0;0;0;0;3;0
CHG-MERIDIAN DO BRASIL ARRENDAMENTO MERCANTIL S.A.;18.539.102;n1;I;3;S4;19;BARUERI;SP;06/2022;649.645;618.300;0;0;0;0;0;29.286;0;0;0;0;0;0;2.059;0;0;0;0;0;0
COOPERATIVA DE CRÉDITO DE LIVRE ADMISSÃO DO OESTE MINEIRO LTDA. - SICOOB CREDICOPA;71.297.899;b3S;I;2;S5;9;PATOS DE MINAS;MG;06/2022;647.914;319.043;0;0;0;0;0;138.655;190.214;0;0;0;0;0;0;0;0;0;0;1;0
COOPERATIVA DE CRÉDITO COOPACREDI LTDA. - SICOOB COOPACREDI;65.229.254;b3S;I;2;S5;9;PATROCINIO;MG;06/2022;637.539;552.808;0;0;0;0;0;49.510;35.220;0;0;0;0;0;0;0;0;0;0;1;0
COOPERATIVA DE CRÉDITO, POUPANÇA E INVESTIMENTO VALOR SUSTENTÁVEL - SICREDI VALOR SUSTENTÁVEL PR/SP;81.706.616;b3S;I;2;S4;9;JANDAIA DO SUL;PR;06/2022;630.399;288.418;105.041;0;41;0;197;233.336;3.361;0;0;0;0;0;0;0;0;0;0;4;0
DESENBAHIA - AGENCIA DE FOMENTO DO ESTADO DA BAHIA S.A.;15.163.587;n1;I;1;S4;30;SALVADOR;BA;06/2022;626.415;279.539;0;94.431;25.566;0;0;226.875;0;0;0;0;0;0;0;0;0;0;0;4;0
COOPERATIVA DE CRÉDITO DE LIVRE ADMISSÃO DO VALE - SICOOB CREDIVALE/SC;86.829.827;b3S;I;2;S5;9;BRACO DO NORTE;SC;06/2022;626.251;449.975;180;0;0;0;0;155.900;20.194;0;0;0;0;0;0;0;0;0;0;2;0
SICOOB UNIMAIS MANTIQUEIRA - COOPERATIVA DE CRÉDITO DE LIVRE ADMISSÃO;71.698.674;b3S;I;2;S5;9;TAUBATE;SP;06/2022;617.311;320.771;0;0;0;0;0;271.991;24.512;0;0;0;0;0;0;0;0;0;0;37;0
PORTOCRED S.A. - CREDITO, FINANCIAMENTO E INVESTIMENTO;1.800.019;n1;I;2;S4;14;PORTO ALEGRE;RS;06/2022;615.452;615.188;0;0;0;0;0;0;0;0;0;0;0;0;0;0;0;0;0;264;0
ICBC DO BRASIL BANCO MÚLTIPLO S.A.;17.453.575;b1;I;3;S4;8;SAO PAULO;SP;06/2022;614.393;19.554;0;0;0;0;0;145.736;0;0;0;0;0;0;449.103;0;0;0;0;0;0
COOPERATIVA DE CRÉDITO E INVESTIMENTO COM INTERAÇÃO SOLIDÁRIA FRONTEIRAS PR/SC/SP/ES - CRESOL FRONTEIRAS PR/SC/SP/ES;5.276.770;b3S;I;2;S5;9;REALEZA;PR;06/2022;610.888;474.353;0;443;136;0;0;128.357;3.030;0;0;4.543;0;0;0;0;0;0;0;26;0
COOPERATIVA DE CRÉDITO DE LIVRE ADMISSÃO DA REGIÃO DO CIRCUITO CAMPOS DAS VERTENTES LTDA - SICOOB COPERMEC;2.232.383;b3S;I;2;S5;9;CLAUDIO;MG;06/2022;610.312;376.792;0;0;0;0;0;198.388;35.123;0;0;0;0;0;0;0;0;0;0;9;0
COOPERATIVA DE CRÉDITO DO NORTE E NOROESTE DE MINAS GERAIS LTDA. - SICOOB CREDIGERAIS;698.609;b3S;I;2;S5;9;PARACATU;MG;06/2022;605.051;451.822;0;0;0;0;0;119.292;33.934;0;0;0;0;0;0;0;0;0;0;3;0
COOPERATIVA DE CRÉDITO E INVESTIMENTO COM INTERAÇÃO SOLIDÁRIA TRADIÇÃO - CRESOL TRADIÇÃO;4.350.225;b3S;I;2;S5;9;FRANCISCO BELTRAO;PR;06/2022;601.999;425.671;0;965;0;0;0;172.523;1.845;0;0;980;0;0;0;0;0;0;0;15;0
CREDISIS CREDIARI - COOPERATIVA DE CRÉDITO LTDA.;3.222.753;b3S;I;2;S5;9;ARIQUEMES;RO;06/2022;601.187;599.985;0;0;0;0;0;1.201;0;0;0;0;0;0;0;0;0;0;0;1;0
COOPERATIVA CENTRAL DE CRÉDITO - AILOS;5.463.212;b3C;I;2;S4;9;BLUMENAU;SC;06/2022;595.831;0;0;0;0;0;0;595.831;0;0;0;0;0;0;0;0;0;0;0;0;0
COOPERATIVA DE CRÉDITO, POUPANÇA E INVESTIMENTO DA REGIÃO CENTRO OESTE PAULISTA - SICREDI CENTRO OESTE PAULISTA;4.463.602;b3S;I;2;S4;9;MARILIA;SP;06/2022;594.450;389.879;2.518;0;5;0;0;195.377;6.665;0;0;0;0;0;0;0;0;0;0;7;0
M PAGAMENTOS S.A. - CRÉDITO FINANCIAMENTO E INVESTIMENTO;7.747.410;n1;I;2;S4;14;SAO PAULO;SP;06/2022;591.570;566.788;0;0;0;0;0;0;0;0;0;0;0;0;0;0;0;0;0;24.782;0
COOPECREDI GUARIBA - COOPERATIVA DE CREDITO;44.469.161;b3S;I;2;S4;9;GUARIBA;SP;06/2022;589.748;430.264;0;0;0;0;0;151.395;8.089;0;0;0;0;0;0;0;0;0;0;0;0
BANCO KOMATSU DO BRASIL S.A.;23.903.068;b2;I;3;S4;8;SAO PAULO;SP;06/2022;589.271;549.113;0;197;0;0;0;0;39.961;0;0;0;0;0;0;0;0;0;0;0;0
COOPERATIVA DE CRÉDITO DE LIVRE ADMISSÃO DA UNIÃO DOS VALES DO PIRANGA E MATIPÓ LTDA.   SICOOB UNIÃO;1.060.307;b3S;I;2;S5;9;RAUL SOARES;MG;06/2022;587.309;452.160;5.322;0;0;0;0;96.983;32.839;0;0;0;0;0;0;0;0;0;0;4;0
COOPERATIVA DE CRÉDITO COOPERAÇÃO RS/SC - SICREDI COOPERAÇÃO RS/SC;87.779.625;b3S;I;2;S4;9;NAO-ME-TOQUE;RS;06/2022;586.513;372.978;10.515;0;0;0;0;191.884;11.131;0;0;0;0;0;0;0;0;0;0;4;0
COOPERATIVA DE CRÉDITO DE LIVRE ADMISSÃO DO CENTRO NORTE DOS ESTADOS DE MATO GROSSO E MATO GROSSO DO SUL - SICOOB UNIÃO MT/MS;3.326.437;b3S;I;2;S5;9;CUIABA;MT;06/2022;579.519;534.161;0;0;0;0;0;28.490;16.864;0;0;0;0;0;0;0;0;0;0;4;0
COOPERATIVA DE CRÉDITO CREDICAF LTDA - SICOOB CREDICAF;25.395.435;b3S;I;2;S5;9;LAJINHA;MG;06/2022;575.408;454.123;0;0;0;0;0;102.877;18.405;0;0;0;0;0;0;0;0;0;0;2;0
COOPERATIVA DE CRÉDITO ALTO VALE DO ITAJAÍ - SICOOB ALTO VALE;80.959.612;b3S;I;2;S5;9;RIO DO SUL;SC;06/2022;567.835;367.903;0;0;0;0;0;160.780;39.148;0;0;0;0;0;0;0;0;0;0;4;0
BANCO RIBEIRAO PRETO S.A.;517.645;b1;I;2;S4;8;RIBEIRAO PRETO;SP;06/2022;564.362;282.947;0;407;0;0;0;175.542;0;0;62.113;0;0;43.352;0;0;0;0;0;2;0
COOPERATIVA DE CRÉDITO DE LIVRE ADMISSÃO DE ASSOCIADOS DO PLANALTO CATARINENSE SICOOB CREDIPLANALTO SC/RS;1.389.651;b3S;I;2;S5;9;PAPANDUVA;SC;06/2022;563.808;499.890;453;0;0;0;0;56.828;6.635;0;0;0;0;0;0;0;0;0;0;2;0
CREDIARE S.A. - CRÉDITO, FINANCIAMENTO E INVESTIMENTO;5.676.026;n1;I;2;S4;14;FARROUPILHA;RS;06/2022;563.535;562.160;0;0;0;0;0;0;0;0;0;0;0;0;0;0;0;0;0;1.376;0
COOPERATIVA DE CRÉDITO DA FRONTEIRA SUL - SICREDI FRONTEIRA SUL RS;88.530.142;b3S;I;2;S4;9;BAGE;RS;06/2022;558.795;327.922;0;0;0;0;0;219.419;11.451;0;0;0;0;0;0;0;0;0;0;4;0
COOPERATIVA CENTRAL DE CRÉDITO DE MINAS GERAIS LTDA. - SICOOB CENTRAL CREDIMINAS;25.683.434;b3C;I;2;S3;9;BELO HORIZONTE;MG;06/2022;547.610;0;0;0;0;0;0;547.610;0;0;0;0;0;0;0;0;0;0;0;0;0
COOPERATIVA DE CRÉDITO - SICREDI RIO GRANDE DO NORTE;70.038.237;b3S;I;2;S5;9;NATAL;RN;06/2022;543.041;441.106;0;0;0;0;0;90.553;11.382;0;0;0;0;0;0;0;0;0;0;0;0
COOPERATIVA DE CREDITO RURAL DE PRIMAVERA DO LESTE;26.563.270;b3S;I;2;S5;9;PRIMAVERA DO LESTE;MT;06/2022;529.676;405.118;0;0;0;0;0;124.556;0;0;0;0;0;0;0;0;0;0;0;2;0
COOPERATIVA DE CRÉDITO COCRE;54.401.286;b3S;I;2;S4;9;PIRACICABA;SP;06/2022;525.356;490.868;4.191;0;0;0;0;21.087;9.209;0;0;0;0;0;0;0;0;0;0;1;0
COOPERATIVA DE CRÉDITO E INVESTIMENTO COM INTERAÇÃO SOLIDÁRIA UNIÃO - CRESOL UNIÃO;2.446.089;b3S;I;2;S5;9;CORONEL VIVIDA;PR;06/2022;524.861;455.398;0;260;0;0;0;60.872;1.261;0;0;7.059;0;0;0;0;0;0;0;10;0
COOPERATIVA DE CREDITO CREDISUDESTE LTDA. - SICOOB CREDISUDESTE;22.656.789;b3S;I;2;S5;9;MURIAE;MG;06/2022;521.163;499.610;19.373;0;0;0;0;1.859;310;0;0;0;0;0;0;0;0;0;0;11;0
COOPERATIVA DE CRÉDITO CREDIGUAÇU - SICOOB CREDIGUAÇU;67.960.229;b3S;I;2;S4;9;DESCALVADO;SP;06/2022;516.088;372.354;3.357;0;0;0;0;98.029;42.346;0;0;0;0;0;0;0;0;0;0;2;0
COOPERATIVA DE CRÉDITO DE LIVRE ADMISSÃO DO ESTADO DE SÃO PAULO - SICOOB PAULISTA;10.262.276;b3S;I;2;S5;9;PRESIDENTE PRUDENTE;SP;06/2022;506.683;376.385;0;0;0;0;0;101.207;29.087;0;0;0;0;0;0;0;0;0;0;4;0
BANCO DE DESENVOLVIMENTO DO ESPIRITO SANTO S.A.;28.145.829;b4;I;1;S4;5;VITORIA;ES;06/2022;503.076;257.662;9.058;1.513;0;0;13.115;0;220.344;0;0;1.383;0;0;0;0;0;0;0;0;0
COOPERATIVA DE CREDITO CREDICERIPA - SICOOB CREDICERIPA;966.246;b3S;I;2;S4;9;ITAI;SP;06/2022;501.433;381.483;0;0;0;0;0;92.921;27.023;0;0;0;0;0;0;0;0;0;0;4;0
COOPERATIVA DE CRÉDITO DE LIVRE ADMISSÃO DO NORTE DE MATO GROSSO - SICOOB NORTE MT;23.623.636;b3S;I;2;S5;9;SINOP;MT;06/2022;495.126;454.534;0;0;0;0;0;40.590;0;0;0;0;0;0;0;0;0;0;0;2;0
COOPERATIVA DE ECONOMIA E CRÉDITO MÚTUO UNICRED PONTO CAPITAL - UNICRED PONTO CAPITAL.;2.641.032;b3S;I;2;S5;9;SANTA MARIA;RS;06/2022;494.339;115.864;0;0;0;0;0;378.475;0;0;0;0;0;0;0;0;0;0;0;1;0
STARA FINANCEIRA S.A. - CRÉDITO FINANCIAMENTO E INVESTIMENTO;17.359.351;n1;I;2;S5;14;NAO-ME-TOQUE;RS;06/2022;492.283;492.283;0;0;0;0;0;0;0;0;0;0;0;0;0;0;0;0;0;0;0
CREDI-SHOP S/A - INSTITUIÇÃO DE PAGAMENTO;62.895.230;n4;I;2;;41;TERESINA;PI;06/2022;491.714;491.374;0;0;0;0;0;0;0;0;0;0;0;0;0;0;0;0;0;340;0
COOPERATIVA DE CRÉDITO COM INTERAÇÃO SOLIDÁRIA INTEGRAÇÃO - CRESOL INTEGRAÇÃO;7.268.499;b3S;I;2;S5;9;TOLEDO;PR;06/2022;490.696;429.722;0;472;0;0;0;56.307;2.672;0;0;1.511;0;0;0;0;0;0;0;12;0
COOPERATIVA DE CRÉDITO E ECONOMIA COM INTERAÇÃO SOLIDÁRIA DO NOROESTE - CRESOL NOROESTE RS/PE/CE;2.663.426;b3S;I;2;S5;9;CONSTANTINA;RS;06/2022;488.886;398.955;2.329;5.076;0;0;0;81.693;341;0;0;483;0;0;0;0;0;0;0;10;0
COOPERATIVA DE CRÉDITO DE LIVRE ADMISSÃO DE ASSOCIADOS - SICOOB CREDICARU SC/RS;694.389;b3S;I;2;S5;9;SAO JOSE DO CERRITO;SC;06/2022;484.871;373.293;0;0;0;0;0;98.158;13.417;0;0;0;0;0;0;0;0;0;0;3;0
COOPERATIVA DE CRÉDITO CREDINTER LTDA. - SICOOB CREDINTER;24.048.910;b3S;I;2;S5;9;GUARANESIA;MG;06/2022;482.215;393.052;0;0;0;0;0;20.056;69.103;0;0;0;0;0;0;0;0;0;0;4;0
CREDISIS JICRED - COOPERATIVA DE CRÉDITO DE LIVRE ADMISSÃO JICRED;2.309.070;b3S;I;2;S5;9;JI-PARANA;RO;06/2022;479.911;440.856;0;0;0;0;0;39.050;0;0;0;0;0;0;0;0;0;0;0;4;0
COOPERATIVA DE CRÉDITO DE LIVRE ADMISSÃO SICOOB ARENITO;7.026.923;b3S;I;2;S5;9;UMUARAMA;PR;06/2022;474.892;403.832;27;0;0;0;0;35.264;35.759;0;0;0;0;0;0;0;0;0;0;10;0
COOPERATIVA DE CRÉDITO DE LIVRE ADMISSÃO DE SÃO ROQUE DE MINAS LTDA.;66.402.207;b3S;I;2;S5;9;SAO ROQUE DE MINAS;MG;06/2022;474.185;363.933;2.462;0;0;0;0;89.172;18.608;0;0;0;0;0;0;0;0;0;0;10;0
COOPERATIVA DE CRÉDITO UNIQUE BR;73.647.935;b3S;I;2;S5;9;CAMPO GRANDE;MS;06/2022;474.139;279.029;0;0;0;0;0;195.108;0;0;0;0;0;0;0;0;0;0;0;3;0
COOPERATIVA DE CRÉDITO DOS PROFISSIONAIS DA ÁREA DA SAÚDE E DE LIVRE ADMISSÃO LTDA - UNICRED ALIANÇA;70.937.271;b3S;I;2;S5;9;UBERLANDIA;MG;06/2022;472.689;113.787;0;0;0;0;0;358.901;0;0;0;0;0;0;0;0;0;0;0;0;0
COOPERATIVA DE CRÉDITO DO NORTE CATARINENSE - ACREDICOOP;3.461.243;b3S;I;2;S5;9;JOINVILLE;SC;06/2022;471.491;278.097;15.374;0;5;0;0;167.584;10.393;0;0;0;0;0;0;0;0;0;0;39;0
COOPERATIVA DE CRÉDITO EVOLUA;10.311.218;b3S;I;2;S5;9;FRANCISCO BELTRAO;PR;06/2022;469.322;126.946;23.627;0;16;0;0;220.085;98.645;0;0;0;0;0;0;0;0;0;0;5;0
BANCO SOROCRED S.A. - BANCO MÚLTIPLO;4.814.563;b1;I;2;S4;8;BARUERI;SP;06/2022;460.335;451.638;0;0;0;0;0;2.712;0;0;0;0;0;0;0;0;0;0;0;5.985;0
COOPERATIVA DE CRÉDITO DE LIVRE ADMISSÃO DA PARAÍBA - SICOOB PARAÍBA;11.907.520;b3S;I;2;S5;9;CAMPINA GRANDE;PB;06/2022;459.732;417.611;0;0;0;0;0;4.267;37.850;0;0;0;0;0;0;0;0;0;0;4;0
CAIXA GERAL;51.815;b1;C;3;S4;199;SAO PAULO;SP;06/2022;456.660;0;6.749;257;0;0;160;170.968;0;0;0;0;0;0;278.526;0;0;0;0;0;0
MOVA SOCIEDADE DE EMPRÉSTIMO ENTRE PESSOAS S.A.;33.959.738;n1;I;2;S5;44;SAO PAULO;SP;06/2022;453.493;431.374;0;0;0;0;0;0;0;0;0;22.089;0;0;0;0;0;0;0;29;0
COOPERATIVA DE CRÉDITO CREDINOR LTDA - SICOOB CREDINOR;21.866.694;b3S;I;2;S5;9;MONTES CLAROS;MG;06/2022;452.988;439.386;0;0;0;0;0;3.164;9.065;0;1.367;0;0;0;0;0;0;0;0;6;0
COOPERATIVA DE CRÉDITO, POUPANÇA E INVESTIMENTO INTEGRAÇÃO - SICREDI INTEGRAÇÃO PR/SC;81.054.686;b3S;I;2;S4;9;LAPA;PR;06/2022;452.565;330.314;48.226;0;0;0;0;64.490;9.531;0;0;0;0;0;0;0;0;0;0;4;0
COOPERATIVA DE CRÉDITO CREDIVERTENTES LTDA. - SICOOB CREDIVERTENTES;22.724.710;b3S;I;2;S5;9;SAO TIAGO;MG;06/2022;452.475;317.837;0;0;0;0;0;116.682;17.951;0;0;0;0;0;0;0;0;0;0;5;0
COOPERATIVA DE CRÉDITO NOSSOCRÉDITO LTDA - SICOOB NOSSOCRÉDITO;22.760.839;b3S;I;2;S5;9;SAO SEBASTIAO DO PARAISO;MG;06/2022;452.371;362.561;0;5.165;0;0;0;68.034;16.609;0;0;0;0;0;0;0;0;0;0;2;0
SICREDI CEARÁ CENTRO NORTE - COOPERATIVA DE CRÉDITO DA REGIÃO CENTRO NORTE DO CEARÁ;72.257.793;b3S;I;2;S5;9;FORTALEZA;CE;06/2022;452.120;387.173;578;0;0;0;0;35.948;28.419;0;0;0;0;0;0;0;0;0;0;2;0
CSILATINA ARRENDAMENTO MERCANTIL S.A.;5.883.884;n1;I;3;S4;19;BARUERI;SP;06/2022;450.012;422.829;0;0;0;0;0;27.183;0;0;0;0;0;0;0;0;0;0;0;0;0
DEUTSCHE SPARKASSEN LEASING DO BRASIL BANCO MÚLTIPLO S.A.;23.511.655;b2;I;3;S4;8;SAO PAULO;SP;06/2022;448.138;437.430;0;0;0;0;0;10.708;0;0;0;0;0;0;0;0;0;0;0;0;0
SICREDI RECIFE - COOPERATIVA DE CRÉDITO, POUPANÇA E INVESTIMENTO SICREDI RECIFE;70.241.658;b3S;I;2;S5;9;RECIFE;PE;06/2022;446.049;432.254;0;0;0;0;0;6.242;7.552;0;0;0;0;0;0;0;0;0;0;1;0
COOPERATIVA DE ECONOMIA E CRÉDITO MÚTUO DOS MÉDICOS DOS VALES DO TAQUARI E RIO PARDO E REGIÃO DA PRODUÇÃO LTDA. - UNICRED PREMIUM;1.635.462;b3S;I;2;S5;9;LAJEADO;RS;06/2022;443.398;40.119;0;0;0;0;0;403.279;0;0;0;0;0;0;0;0;0;0;0;0;0
COOPERATIVA DE CRÉDITO E INVESTIMENTO COM INTERAÇÃO SOLIDÁRIA LIDERANÇA - CRESOL LIDERANÇA;2.934.201;b3S;I;2;S5;9;CHOPINZINHO;PR;06/2022;440.985;334.324;0;533;0;0;0;97.099;2.369;0;0;6.649;0;0;0;0;0;0;0;12;0
BANCO INBURSA S.A.;4.866.275;b1;I;3;S4;8;SAO PAULO;SP;06/2022;439.587;439.473;0;0;0;0;0;0;0;0;0;0;0;0;0;0;0;0;0;114;0
LEBES FINANCEIRA S.A. - CRÉDITO, FINANCIAMENTO E INVESTIMENTO;11.271.860;n1;I;2;S5;14;ELDORADO;RS;06/2022;436.333;434.940;0;0;0;0;0;0;0;0;0;0;0;0;0;0;0;0;0;1.394;0
PAGSEGURO INTERNET INSTITUIÇÃO DE PAGAMENTO S.A.;8.561.701;n4;I;2;S4;41;SAO PAULO;SP;06/2022;434.093;432.172;0;0;0;0;0;0;0;0;0;0;0;0;0;0;0;0;0;1.921;0
COOPERATIVA DE CRÉDITO CREDICOCAPEC;67.096.909;b3S;I;2;S4;9;FRANCA;SP;06/2022;432.242;319.916;0;0;0;0;0;112.325;0;0;0;0;0;0;0;0;0;0;0;0;0
KREDILIG S.A. - CRÉDITO, FINANCIAMENTO E INVESTIMENTO;6.040.559;n1;I;2;S5;14;BIGUACU;SC;06/2022;431.332;431.178;0;0;0;0;0;0;0;0;0;0;0;0;0;0;0;0;0;154;0
COOPERATIVA DE CRÉDITO CREDIFOR LTDA - SICOOB CREDIFOR;41.931.445;b3S;I;2;S5;9;FORMIGA;MG;06/2022;426.194;396.800;1.253;0;0;0;0;25.710;2.429;0;0;0;0;0;0;0;0;0;0;2;0
COOPERATIVA DE CREDITO NOSSO - SICOOB NOSSO;59.869.560;b3S;I;2;S5;9;ADAMANTINA;SP;06/2022;421.263;375.555;0;0;0;0;0;22.139;23.569;0;0;0;0;0;0;0;0;0;0;1;0
COOPERATIVA DE CRÉDITO DE LIVRE ADMISSÃO DE BELO HORIZONTE E CIDADES POLO DO ESTADO DE MINAS GERAIS LTDA. - SICOOB NOSSACOOP;1.760.242;b3S;I;2;S5;9;BELO HORIZONTE;MG;06/2022;416.122;346.027;0;0;0;0;0;70.093;0;0;0;0;0;0;0;0;0;0;0;1;0
COOPERATIVA DE CRÉDITO RURAL COM INTERAÇÃO SOLIDÁRIA CENTRO-SUL RS/MS - CRESOL CENTRO-SUL RS/MS;2.910.987;b3S;I;2;S5;9;ERECHIM;RS;06/2022;413.023;330.943;0;16;0;0;0;76.918;4.575;0;0;555;0;0;0;0;0;0;0;16;0
COOPERATIVA DE CRÉDITO DE LIVRE ADMISSÃO UNIÃO E NEGÓCIOS - SICOOB INTEGRAÇÃO;8.742.188;b3S;I;2;S5;9;CUIABA;MT;06/2022;410.527;363.369;0;0;0;0;0;36.831;10.325;0;0;0;0;0;0;0;0;0;0;2;0
COOPERATIVA DE CREDITO CREDIMOTA   SICOOB CREDIMOTA;66.788.142;b3S;I;2;S5;9;CANDIDO MOTA;SP;06/2022;408.589;275.832;0;0;0;0;0;121.780;10.974;0;0;0;0;0;0;0;0;0;0;3;0
COOPERATIVA DE CRÉDITO INTEGRADO - SICOOB INTEGRADO;7.122.321;b3S;I;2;S5;9;PATO BRANCO;PR;06/2022;406.778;236.680;120;0;0;0;0;78.666;91.307;0;0;0;0;0;0;0;0;0;0;6;0
COOPERATIVA DE CRÉDITO DE LIVRE ADMISSÃO DE ITAÚNA E REGIÃO LTDA - SICOOB CENTRO-OESTE;66.463.407;b3S;I;2;S5;9;ITAUNA;MG;06/2022;404.963;132.837;0;0;0;0;0;269.754;2.371;0;0;0;0;0;0;0;0;0;0;2;0
BANCOSEGURO S.A.;10.264.663;b1;I;2;S4;8;SAO PAULO;SP;06/2022;402.607;402.546;0;0;0;0;0;0;0;0;0;0;0;0;0;0;0;0;0;61;0
COOPERATIVA DE CRÉDITO SUL-LITORÂNEA DO ESPÍRITO SANTO;32.474.884;b3S;I;2;S5;9;ALFREDO CHAVES;ES;06/2022;402.511;209.152;76;0;0;0;0;159.745;33.532;0;0;0;0;0;0;0;0;0;0;6;0
COOPERATIVA DE CRÉDITO CREDISG LTDA. - SICOOB CREDISG;3.645.752;b3S;I;2;S5;9;SAO GOTARDO;MG;06/2022;402.168;257.940;0;688;0;0;0;142.180;1.359;0;0;0;0;0;0;0;0;0;0;0;0
COOPERATIVA DE CRÉDITO DE LIVRE ADMISSÃO TRÊS FRONTEIRAS - SICOOB TRÊS FRONTEIRAS;4.876.393;b3S;I;2;S5;9;FOZ DO IGUACU;PR;06/2022;401.533;298.882;0;0;0;0;0;75.534;27.090;0;0;0;0;0;0;0;0;0;0;27;0
COOPERATIVA DE CRÉDITO DE LIVRE ADMISSÃO DO VALE DO ARAGUAIA LTDA.;24.830.879;b3S;I;2;S5;9;MINEIROS;GO;06/2022;401.111;353.892;0;6.163;0;0;0;39.601;1.455;0;0;0;0;0;0;0;0;0;0;0;0
COOPERATIVA DE CRÉDITO DA FOZ DO RIO ITAJAÍ AÇU - CREDIFOZ;9.512.539;b3S;I;2;S5;9;ITAJAI;SC;06/2022;400.926;238.392;26.386;0;0;0;0;134.540;1.572;0;0;0;0;0;0;0;0;0;0;37;0
COOPERATIVA DE CRÉDITO DE LIVRE ADMISSÃO DO VALE DO PARANAÍBA LTDA.;24.799.033;b3S;I;2;S5;9;QUIRINOPOLIS;GO;06/2022;392.741;385.091;0;0;0;0;0;6.801;846;0;0;0;0;0;0;0;0;0;0;4;0
COOPERATIVA DE CRÉDITO E INVESTIMENTO COM INTERAÇÃO SOLIDÁRIA DE MINAS GERAIS - CRESOL MINAS GERAIS;8.624.548;b3S;I;2;S5;9;MURIAE;MG;06/2022;382.303;365.150;0;397;0;0;0;5.262;8.323;0;0;3.145;0;0;0;0;0;0;0;26;0
COOPERATIVA DE ECONOMIA E CRÉDITO MÚTUO UNICRED ELEVA LTDA.;95.163.002;b3S;I;2;S5;9;SANTO ANGELO;RS;06/2022;382.051;96.581;0;0;0;0;0;284.319;1.150;0;0;0;0;0;0;0;0;0;0;1;0
COOPERATIVA DE CRÉDITO SICREDI PERNAMBUCRED;4.146.333;b3S;I;2;S5;9;RECIFE;PE;06/2022;380.215;379.058;0;0;0;0;0;328;826;0;0;0;0;0;0;0;0;0;0;4;0
COOPERATIVA DE CRÉDITO DA REGIÃO DE FRONTEIRAS DE RO/MT LTDA. - SICOOB FRONTEIRAS;3.612.764;b3S;I;2;S5;9;CACOAL;RO;06/2022;379.156;327.871;0;0;0;0;0;44.821;6.462;0;0;0;0;0;0;0;0;0;0;1;0
SICOOB UNIMAIS METROPOLITANA - COOPERATIVA DE CRÉDITO DE LIVRE ADMISSÃO;259.231;b3S;I;2;S5;9;SANTOS;SP;06/2022;378.458;192.986;148;0;0;0;0;161.074;24.244;0;0;0;0;0;0;0;0;0;0;6;0
COOPERATIVA DE CRÉDITO SICOOB ALIANÇA;6.174.009;b3S;I;2;S5;9;APUCARANA;PR;06/2022;378.152;309.142;0;0;0;0;0;34.264;34.744;0;0;0;0;0;0;0;0;0;0;1;0
COOPERATIVA DE CRÉDITO E CAPTAÇÃO SICOOB UNICIDADES;3.047.549;b3S;I;2;S5;9;RIO VERDE;GO;06/2022;371.914;304.562;0;0;0;0;0;57.390;9.961;0;0;0;0;0;0;0;0;0;0;1;0
VIA CERTA FINANCIADORA S.A. - CRÉDITO, FINANCIAMENTO E INVESTIMENTOS;5.192.316;n1;I;2;S4;14;SANTO CRISTO;RS;06/2022;370.221;368.550;0;0;0;0;0;0;0;0;0;0;0;0;0;0;0;0;0;1.671;0
COOPERATIVA DE CRÉDITO E INVESTIMENTO COM INTERAÇÃO SOLIDÁRIA VANGUARDA - CRESOL VANGUARDA;3.965.737;b3S;I;2;S5;9;XAXIM;SC;06/2022;366.078;334.456;0;228;195;0;0;27.941;2.282;0;0;961;0;0;0;0;0;0;0;15;0
COOPERATIVA DE CRÉDITO DE LIVRE ADMISSÃO DA REGIÃO CENTRAL DE RONDÔNIA   SICOOB OUROCREDI;2.144.899;b3S;I;2;S5;9;OURO PRETO DO OESTE;RO;06/2022;365.163;347.550;0;0;0;0;0;8.763;8.848;0;0;0;0;0;0;0;0;0;0;2;0
SOROCRED INSTITUIÇÃO DE PAGAMENTO S.A.;60.114.865;n4;I;2;S4;41;BARUERI;SP;06/2022;365.063;360.994;0;0;0;0;0;0;0;0;0;0;0;0;0;0;0;0;0;4.069;0
COOPERATIVA DE CRÉDITO E INVESTIMENTO COM INTERAÇÃO SOLIDÁRIA UNIÃO DOS VALES - CRESOL UNIÃO DOS VALES;5.231.945;b3S;I;2;S5;9;IVAIPORA;PR;06/2022;362.891;344.636;0;282;0;0;0;13.922;1.834;0;0;2.203;0;0;0;0;0;0;0;14;0
COOPERATIVA DE CRÉDITO CREDIUNA LTDA - SICOOB CREDIUNA;64.237.530;b3S;I;2;S5;9;ITAUNA;MG;06/2022;362.236;260.305;0;0;0;0;0;101.928;0;0;0;0;0;0;0;0;0;0;0;3;0
COOPERATIVA DE CRÉDITO E ECONOMIA COM INTERAÇÃO SOLIDÁRIA DO PLANALTO SERRA DO RIO GRANDE DO SUL - CRESOL PLANALTO SERRA;5.863.726;b3S;I;2;S5;9;SANANDUVA;RS;06/2022;361.630;306.180;0;51;0;0;0;55.046;134;0;0;208;0;0;0;0;0;0;0;11;0
COOPERATIVA DE CRÉDITO, INVESTIMENTO E SERVIÇOS FINANCEIROS SICOOB UNI SUDESTE;86.389.236;b3S;I;2;S5;9;UBA;MG;06/2022;361.285;146.071;0;0;0;0;0;206.646;8.565;0;0;0;0;0;0;0;0;0;0;3;0
COOPERATIVA DE CRÉDITO RURAL COOPAVEL;76.461.557;b3S;I;2;S5;9;CASCAVEL;PR;06/2022;359.729;183.878;0;0;0;0;0;18.312;157.536;0;0;0;0;0;0;0;0;0;0;2;0
UNIPRIME PIONEIRA COOPERATIVA DE CRÉDITO;1.286.361;b3S;I;2;S5;9;TOLEDO;PR;06/2022;357.871;86.530;0;0;0;0;0;271.341;0;0;0;0;0;0;0;0;0;0;0;1;0
COOPERATIVA DE CRÉDITO CREDICOPE LTDA. - SICOOB CREDICOPE;38.588.174;b3S;I;2;S5;9;CONSELHEIRO PENA;MG;06/2022;357.413;344.266;0;0;0;0;0;7.439;5.705;0;0;0;0;0;0;0;0;0;0;2;0
COOPERATIVA DE CRÉDITO COM INTERAÇÃO SOLIDÁRIA HORIZONTE - CRESOL HORIZONTE;5.277.312;b3S;I;2;S5;9;UNIAO DA VITORIA;PR;06/2022;356.379;329.810;0;294;0;0;0;15.909;2.903;0;0;7.449;0;0;0;0;0;0;0;14;0
COOPERATIVA DE CRÉDITO CREDCOOPER LTDA - SICOOB CREDCOOPER;19.449.602;b3S;I;2;S5;9;CARATINGA;MG;06/2022;355.781;283.955;46.492;364;0;0;0;17.165;7.802;0;0;0;0;0;0;0;0;0;0;3;0
COOPERATIVA DE CRÉDITO CREDICARPA LTDA. - SICOOB CREDICARPA;23.949.522;b3S;I;2;S5;9;CARMO DO PARANAIBA;MG;06/2022;352.374;249.164;0;27;0;0;0;98.821;4.361;0;0;0;0;0;0;0;0;0;0;0;0
BANCO TRICURY S.A.;57.839.805;b2;I;2;S4;8;SAO PAULO;SP;06/2022;352.202;134.000;0;0;0;0;0;206.947;0;0;0;11.254;0;0;0;0;0;0;0;0;0
COOPERATIVA DE CRÉDITO COM INTERAÇÃO SOLIDÁRIA PROGRESSO - CRESOL PROGRESSO;2.448.310;b3S;I;2;S5;9;CASCAVEL;PR;06/2022;351.874;281.897;0;356;3.228;0;0;54.955;816;0;0;10.614;0;0;0;0;0;0;0;7;0
COOPERATIVA DE CRÉDITO DE LIVRE ADMISSÃO DE ASSOCIADOS VALE DO CHAPECOZINHO - SICOOB VALCREDI SUL;2.090.126;b3S;I;2;S5;9;PASSOS MAIA;SC;06/2022;351.150;257.472;1.438;0;0;0;0;84.306;7.929;0;0;0;0;0;0;0;0;0;0;4;0
BRASIL CARD INSTITUIÇÃO DE PAGAMENTOS LTDA;3.130.170;n4;I;2;S4;41;MONTE BELO;MG;06/2022;347.366;346.445;0;0;0;0;0;0;0;0;0;0;0;0;0;0;0;0;0;921;0
COOPERATIVA DE CRÉDITO DE LIVRE ADMISSÃO DE  LAGOA DA PRATA E REGIÃO LTDA.   SICOOB LAGOACRED GERAIS;1.739.375;b3S;I;2;S5;9;LAGOA DA PRATA;MG;06/2022;344.923;320.082;240;0;0;0;0;21.335;3.261;0;0;0;0;0;0;0;0;0;0;4;0
COOPERATIVA DE POUPANÇA E CRÉDITO DO VALE DO RIO DOCE LTDA - SICOOB CREDIRIODOCE;25.606.237;b3S;I;2;S5;9;GOVERNADOR VALADARES;MG;06/2022;340.646;273.258;0;0;0;0;0;48.881;18.503;0;0;0;0;0;0;0;0;0;0;3;0
TODESCREDI S/A - CRÉDITO, FINANCIAMENTO E INVESTIMENTO;9.473.806;n1;I;2;S5;14;BENTO GONCALVES;RS;06/2022;338.615;338.608;0;0;0;0;0;0;0;0;0;0;0;0;0;0;0;0;0;8;0
COOPERATIVA DE CRÉDITO DOS PROFISSIONAIS DOS CREAS E DEMAIS ÁREAS TECNOLÓGICAS - CREDCREA;5.979.692;b3S;I;2;S5;9;FLORIANOPOLIS;SC;06/2022;337.892;115.080;16.889;0;0;0;0;185.931;19.986;0;0;0;0;0;0;0;0;0;0;5;0
AGORACRED S/A SOCIEDADE DE CRÉDITO, FINANCIAMENTO E INVESTIMENTO;36.321.990;n1;I;2;S5;14;VITORIA;ES;06/2022;336.545;327.043;0;0;0;0;0;0;0;0;0;0;0;0;0;0;0;0;0;9.502;0
COOPERATIVA DE CRÉDITO DE LIVRE ADMISSÃO DE ASSOCIADOS ITAPIRANGA - SICOOB CREDITAPIRANGA SC/RS;78.483.310;b3S;I;2;S5;9;ITAPIRANGA;SC;06/2022;333.324;147.513;1.616;57;0;0;0;173.380;10.754;0;0;0;0;0;0;0;0;0;0;4;0
COOPERATIVA DE CRÉDITO DE LIVRE ADMISSÃO DE PERNAMBUCO - SICOOB PERNAMBUCO;3.732.359;b3S;I;2;S5;9;SAO JOSE DO EGITO;PE;06/2022;330.960;300.429;0;0;0;0;0;10.906;19.618;0;0;0;0;0;0;0;0;0;0;7;0
COOPERATIVA DE CRÉDITO DA REGIÃO DO CONTESTADO - CIVIA;10.218.474;b3S;I;2;S5;9;SAO BENTO DO SUL;SC;06/2022;330.513;181.685;14.452;0;0;0;0;130.015;4.345;0;0;0;0;0;0;0;0;0;0;16;0
COOPERATIVA DE CRÉDITO CREDISETE LTDA. - SICOOB CREDISETE;22.753.982;b3S;I;2;S5;9;SETE LAGOAS;MG;06/2022;329.836;317.047;0;0;0;0;0;4.747;8.039;0;0;0;0;0;0;0;0;0;0;4;0
COOPERATIVA  DE CRÉDITO DE LIVRE ADMISSÃO DE ASSOCIADOS UNIRONDÔNIA LTDA;1.664.968;b3S;I;2;S5;9;PORTO VELHO;RO;06/2022;328.620;257.517;0;0;0;0;0;67.530;3.572;0;0;0;0;0;0;0;0;0;0;1;0
AGENCIA DE FOMENTO DO ESTADO DO RIO DE JANEIRO S.A.;5.940.203;n1;I;1;S4;30;RIO DE JANEIRO;RJ;06/2022;325.682;35.139;0;37.563;0;0;0;0;252.979;0;0;0;0;0;0;0;0;0;0;0;0
COOPERATIVA DE CRÉDITO DE LIVRE ADMISSÃO SICOOB UNIMAIS CENTRO LESTE PAULISTA - SICOOB UNIMAIS CENTRO LESTE PAULISTA;1.259.518;b3S;I;2;S5;9;RIO CLARO;SP;06/2022;323.328;193.047;0;0;0;0;0;123.914;6.366;0;0;0;0;0;0;0;0;0;0;1;0
COOPERATIVA DE CRÉDITO POUPANÇA E INVESTIMENTO DA ALTA NOROESTE DE SÃO PAULO - SICREDI ALTA NOROESTE SP;4.484.490;b3S;I;2;S4;9;BIRIGUI;SP;06/2022;322.383;238.185;0;0;0;0;0;65.853;18.343;0;0;0;0;0;0;0;0;0;0;2;0
GOLDMAN SACHS;51.585;b2;C;3;S3;198;SAO PAULO;SP;06/2022;321.179;0;0;0;0;0;0;301.173;0;0;0;0;0;0;20.006;0;0;0;0;0;0
COOPERATIVA DE CRÉDITO DE LIVRE ADMISSÃO DA GRANDE GOIÂNIA LTDA.;10.209.619;b3S;I;2;S5;9;GOIANIA;GO;06/2022;313.809;237.778;0;0;0;0;0;62.675;13.355;0;0;0;0;0;0;0;0;0;0;1;0
COOPERATIVA DE CRÉDITO DE LIVRE ADMISSÃO DE ASSOCIADOS CAMPOS NOVOS - SICOOB CAMPOS NOVOS;78.862.083;b3S;I;2;S5;9;CAMPOS NOVOS;SC;06/2022;303.919;281.135;0;0;0;0;0;17.254;3.549;0;1.978;0;0;0;0;0;0;0;0;2;0
COOPERATIVA DE CRÉDITO ORIGINAL - SICOOB ORIGINAL;81.292.278;b3S;I;2;S5;9;SAO LOURENCO D'OESTE;SC;06/2022;301.687;158.864;489;0;0;0;0;1.097;141.131;0;91;0;0;0;0;0;0;0;0;15;0
COOPERATIVA DE CRÉDITO UNICRED REGIÃO DOS VALES LTDA. - UNICRED REGIÃO DOS VALES;1.796.302;b3S;I;2;S5;9;NOVO HAMBURGO;RS;06/2022;293.235;75.502;0;0;0;0;0;216.823;909;0;0;0;0;0;0;0;0;0;0;0;0
COOPERATIVA DE CREDITO COOPLIVRE;49.389.307;b3S;I;2;S5;9;CAPIVARI;SP;06/2022;292.637;230.228;0;0;0;0;0;42.814;19.593;0;0;0;0;0;0;0;0;0;0;2;0
COOPERATIVA DE CRÉDITO COM INTERAÇÃO SOLIDÁRIA DO RIO GRANDE DO SUL - CRESOL RIO GRANDE DO SUL;6.139.650;b3S;I;2;S5;9;BENTO GONCALVES;RS;06/2022;292.219;233.318;0;179;0;0;0;51.591;3.221;0;0;3.897;0;0;0;0;0;0;0;13;0
COOPERATIVA DE CRÉDITO SICOOB ARACREDI LTDA - SICOOB ARACREDI;68.987;b3S;I;2;S5;9;ARAGUARI;MG;06/2022;291.780;258.332;190;0;0;0;0;28.415;4.842;0;0;0;0;0;0;0;0;0;0;1;0
BANCO BRASILEIRO DE CRÉDITO SOCIEDADE ANÔNIMA;1.852.137;b1;I;3;S4;8;SAO PAULO;SP;06/2022;290.091;290.091;0;0;0;0;0;0;0;0;0;0;0;0;0;0;0;0;0;0;0
COOPERATIVA DE CRÉDITO CREDILUZ LTDA. - SICOOB CREDILUZ;25.536.764;b3S;I;2;S5;9;LUZ;MG;06/2022;287.054;263.420;0;0;0;0;0;15.607;8.025;0;0;0;0;0;0;0;0;0;0;2;0
COOPERATIVA DE CRÉDITO CREDIBOM LTDA. - SICOOB CREDIBOM;21.670.187;b3S;I;2;S5;9;BOM DESPACHO;MG;06/2022;285.805;268.773;1.598;0;0;0;0;1.753;13.678;0;0;0;0;0;0;0;0;0;0;4;0
COOPERATIVA DE CRÉDITO DO RIO GRANDE DO NORTE - SICOOB RIO GRANDE DO NORTE;4.138.455;b3S;I;2;S5;9;NATAL;RN;06/2022;285.112;272.075;0;0;0;0;0;0;13.035;0;0;0;0;0;0;0;0;0;0;2;0
COOPERATIVA DE CRÉDITO DE LIVRE ADMISSÃO E DOS TRANSPORTADORES RODOVIÁRIOS DE VEÍCULOS - SICOOB CREDCEG;7.789.195;b3S;I;2;S5;9;SAO BERNARDO DO CAMPO;SP;06/2022;283.410;246.665;0;26;0;0;0;21.585;15.134;0;0;0;0;0;0;0;0;0;0;0;0
SANTINVEST S.A. - CREDITO, FINANCIAMENTO E INVESTIMENTOS;122.327;n1;I;2;S5;14;FLORIANOPOLIS;SC;06/2022;283.354;217.941;0;0;0;0;0;53.178;0;12.230;0;0;0;0;0;0;0;0;0;5;0
MONEY PLUS;52.137;n1;C;2;S5;197;SAO PAULO;SP;06/2022;281.027;281.026;0;0;0;0;0;0;0;0;0;0;0;0;0;0;0;0;0;1;0
COOPERATIVA DE CRÉDITO DE LIVRE ADMISSÃO DE ASSOCIADOS DE MANAUS;1.566.038;b3S;I;2;S5;9;MANAUS;AM;06/2022;277.888;175.984;5.371;0;0;0;0;93.357;3.175;0;0;0;0;0;0;0;0;0;0;1;0
BANCO XCMG BRASIL S.A.;36.658.769;b2;I;3;S4;8;POUSO ALEGRE;MG;06/2022;277.210;221.722;0;0;0;0;0;55.489;0;0;0;0;0;0;0;0;0;0;0;0;0
COOPERATIVA DE CRÉDITO DE LIVRE ADMISSÃO DA REGIÃO DE FRUTAL LTDA.   SICOOB FRUTAL;71.419.600;b3S;I;2;S5;9;FRUTAL;MG;06/2022;276.182;230.404;0;0;0;0;0;41.425;4.353;0;0;0;0;0;0;0;0;0;0;0;0
COOPERATIVA DE CRÉDITO CREDIFIEMG LTDA. - SICOOB CREDIFIEMG;7.469.260;b3S;I;2;S5;9;BELO HORIZONTE;MG;06/2022;275.449;69.151;0;0;0;0;0;192.834;13.464;0;0;0;0;0;0;0;0;0;0;0;0
COOPERATIVA DE CRÉDITO DE LIVRE ADMISSÃO DO ALTO SÃO FRANCISCO LTDA.;41.805.003;b3S;I;2;S5;9;PIUMHI;MG;06/2022;275.033;210.416;87;0;0;0;0;59.495;5.034;0;0;0;0;0;0;0;0;0;0;2;0
COOPERATIVA DE CRÉDITO E INVESTIMENTO COM INTERAÇÃO SOLIDÁRIA GRANDES LAGOS PR/SP - CRESOL GRANDES LAGOS PR/SP;6.126.780;b3S;I;2;S5;9;GUARAPUAVA;PR;06/2022;274.430;241.170;0;502;0;0;0;25.960;2.203;0;0;4.581;0;0;0;0;0;0;0;15;0
COOPERATIVA DE CRÉDITO DE LIVRE ADMISSÃO DO VALE DO PARANAPANEMA;1.637.949;b3S;I;2;S5;9;PRESIDENTE PRUDENTE;SP;06/2022;271.777;205.134;0;0;0;0;0;58.751;7.890;0;0;0;0;0;0;0;0;0;0;1;0
COOPERATIVA DE CRÉDITO DE LIVRE ADMISSÃO DE ASSOCIADOS NOVA TRENTO   SICOOB TRENTOCREDI SC;2.641.969;b3S;I;2;S5;9;NOVA TRENTO;SC;06/2022;271.228;258.040;0;0;0;0;0;3.939;9.247;0;0;0;0;0;0;0;0;0;0;3;0
COOPERATIVA DE CRÉDITO DE LIVRE ADMISSÃO MÉDIO OESTE - SICOOB MÉDIO OESTE;7.318.874;b3S;I;2;S5;9;ASSIS CHATEAUBRIAND;PR;06/2022;270.942;213.447;0;0;0;0;0;34.624;22.870;0;0;0;0;0;0;0;0;0;0;2;0
COOPERATIVA DE CRÉDITO, POUPANÇA E INVESTIMENTO SICREDI ARACAJU - SICREDI ARACAJU;2.923.389;b3S;I;2;S5;9;ARACAJU;SE;06/2022;269.805;184.165;0;0;0;0;0;78.166;7.473;0;0;0;0;0;0;0;0;0;0;0;0
COOPERATIVA DE CRÉDITO COM INTERAÇÃO SOLIDÁRIA TRIUNFO - CRESOL TRIUNFO;8.560.508;b3S;I;2;S5;9;SAO JOAO DO TRIUNFO;PR;06/2022;269.194;241.747;0;234;0;0;0;19.276;1.888;0;0;6.044;0;0;0;0;0;0;0;5;0
COOPERATIVA DE CRÉDITO, POUPANÇA E INVESTIMENTO DO NOROESTE DO ESTADO DE SÃO PAULO - SICREDI NOROESTE SP;3.065.046;b3S;I;2;S4;9;SAO JOSE DO RIO PRETO;SP;06/2022;268.310;203.084;0;0;6;0;0;51.699;13.519;0;0;0;0;0;0;0;0;0;0;2;0
COOPERATIVA DE CRÉDITO DE LIVRE ADMISSÃO DA REGIÃO DE  PARÁ DE MINAS LTDA - SICOOB CREDIRURAL;25.387.713;b3S;I;2;S5;9;PARA DE MINAS;MG;06/2022;262.045;131.132;0;846;0;0;0;130.049;16;0;0;0;0;0;0;0;0;0;0;2;0
COOPERATIVA DE CRÉDITO DE LIVRE ADMISSÃO DE ASSOCIADOS VALE DO RIO DO PEIXE - SICOOB CREDIRIO SC;78.865.995;b3S;I;2;S5;9;JOACABA;SC;06/2022;260.716;201.080;633;0;0;0;0;50.082;8.918;0;0;0;0;0;0;0;0;0;0;2;0
COOPERATIVA DE ECONOMIA E CRÉDITO MÚTUO UNICRED REGIÃO DA CAMPANHA LTDA - UNICRED REGIÃO DA CAMPANHA;1.705.236;b3S;I;2;S5;9;SANTANA DO LIVRAMENTO;RS;06/2022;258.364;99.390;0;0;0;0;0;158.974;0;0;0;0;0;0;0;0;0;0;0;1;0
BANCO KDB DO BRASIL S.A.;7.656.500;b1;I;3;S4;8;SAO PAULO;SP;06/2022;258.286;0;0;0;0;41.846;0;166.179;0;0;0;0;0;0;50.261;0;0;0;0;0;0
COOPERATIVA DE CRÉDITO RURAL COM INTERAÇÃO SOLIDÁRIA RAIZ - CRESOL RAIZ;17.343.510;b3S;I;2;S5;9;FREDERICO WESTPHALEN;RS;06/2022;256.778;173.990;0;0;0;0;0;66.861;15.715;0;0;200;0;0;0;0;0;0;0;11;0
BANCO SENFF S.A.;11.970.623;b1;I;2;S4;8;CURITIBA;PR;06/2022;256.323;184.813;0;0;0;0;68.900;0;0;0;0;0;0;0;0;0;0;0;0;2.609;0
LEASEPLAN ARRENDAMENTO MERCANTIL S.A.;4.836.002;n1;I;3;S4;19;BARUERI;SP;06/2022;255.399;246.532;0;0;0;0;0;0;0;8.867;0;0;0;0;0;0;0;0;0;0;0
AL5 S.A. CRÉDITO, FINANCIAMENTO E INVESTIMENTO;27.214.112;n1;I;2;S4;14;CUIABA;MT;06/2022;253.607;213.080;0;0;0;0;0;40.524;0;0;0;0;0;0;0;0;0;0;0;3;0
SICREDI NORTE - COOPERATIVA DE CRÉDITO;83.315.408;b3S;I;2;S5;9;BELEM;PA;06/2022;252.435;242.299;0;0;0;0;0;6.765;3.370;0;0;0;0;0;0;0;0;0;0;1;0
COOPERATIVA DE CRÉDITO COM INTERAÇÃO SOLIDÁRIA NORTE PARANAENSE - CRESOL NORTE PARANAENSE;7.925.729;b3S;I;2;S5;9;LONDRINA;PR;06/2022;251.369;224.215;0;91;0;0;0;25.437;939;0;0;676;0;0;0;0;0;0;0;11;0
COOPERATIVA DE CRÉDITO DA REGIÃO DE ARAXÁ LTDA. - SICOOB CREDIARA;66.398.496;b3S;I;2;S5;9;ARAXA;MG;06/2022;250.680;199.285;224;130;0;0;0;37.183;13.858;0;0;0;0;0;0;0;0;0;0;1;0
COOPERATIVA DE CRÉDITO MÚTUO SERRA MAR LTDA. - UNICRED SERRA MAR;86.803.939;b3S;I;2;S5;9;RIO DE JANEIRO;RJ;06/2022;249.753;140.426;0;0;0;0;0;99.862;559;8.903;0;0;0;0;0;0;0;0;0;2;0
COOPERATIVA DE CRÉDITO DE LIVRE ADMISSÃO DA REGIÃO LESTE DA BACIA DO RIO DOCE LTDA   SICOOB CREDILESTE;5.158.093;b3S;I;2;S5;9;CARATINGA;MG;06/2022;249.157;138.047;0;0;0;0;0;93.341;17.767;0;0;0;0;0;0;0;0;0;0;2;0
COOPERATIVA DE CREDITO DE LIVRE ADMISSAO DO VALE DO AÇO LTDA - SICOOB VALE DO AÇO;19.869.338;b3S;I;2;S5;9;IPATINGA;MG;06/2022;247.608;171.215;0;0;0;0;0;50.882;25.508;0;0;0;0;0;0;0;0;0;0;3;0
COOPERATIVA DE CRÉDITO E INVESTIMENTO COM INTERAÇÃO SOLIDÁRIA DA AMAZÔNIA - CRESOL AMAZÔNIA;10.520.232;b3S;I;2;S5;9;JI-PARANA;RO;06/2022;247.025;238.316;0;259;0;0;0;1.225;2.301;0;0;4.915;0;0;0;0;0;0;0;9;0
COOPERATIVA DE CRÉDITO RURAL COM INTERAÇÃO SOLIDÁRIA GERAÇÕES - CRESOL GERAÇÕES;4.622.657;b3S;I;2;S5;9;TENENTE PORTELA;RS;06/2022;245.130;165.841;0;5;0;0;0;74.709;4.079;0;0;475;0;0;0;0;0;0;0;21;0
BANCO KEB HANA DO BRASIL S.A.;2.318.507;b1;I;3;S4;2;SAO PAULO;SP;06/2022;244.279;87.090;0;0;0;38.395;118.793;0;0;0;0;0;0;0;0;0;0;0;0;0;0
COOPERATIVA DE CRÉDITO DE LIVRE ADMISSÃO UNIÃO DO CENTRO OESTE DE MINAS LTDA - SICOOB CREDESP;1.703.620;b3S;I;2;S5;9;BOM DESPACHO;MG;06/2022;243.192;187.870;0;0;0;0;0;53.300;2.016;0;0;0;0;0;0;0;0;0;0;5;0
COOPERATIVA DE CRÉDITO DOS SERVIDORES MILITARES, POLÍCIA CIVIL E DA SECRETARIA DE EDUCAÇÃO DO ESTADO DE MINAS GERAIS LTDA - SICOOB COOPEMG;3.269.540;b3S;I;2;S5;9;BELO HORIZONTE;MG;06/2022;241.772;240.912;0;0;0;0;0;707;151;0;0;0;0;0;0;0;0;0;0;1;0
NEGRESCO S.A. - CREDITO, FINANCIAMENTO E INVESTIMENTOS;4.379.829;n1;I;2;S5;14;CURITIBA;PR;06/2022;240.270;238.828;0;0;0;0;0;0;0;0;0;0;0;0;0;0;0;0;0;1.442;0
NEXOOS SOCIEDADE DE EMPRÉSTIMO ENTRE PESSOAS S.A.;34.254.279;n1;I;2;S5;44;SAO PAULO;SP;06/2022;238.360;238.359;0;0;0;0;0;0;0;0;0;0;0;0;0;0;0;0;0;1;0
COOPERATIVA DE CRÉDITO CREDIMATA LTDA. - SICOOB CREDIMATA;1.152.097;b3S;I;2;S5;9;VOLTA GRANDE;MG;06/2022;238.034;192.141;0;0;0;0;0;26.844;19.046;0;0;0;0;0;0;0;0;0;0;3;0
COOPERATIVA DE CRÉDITO, POUPANÇA E INVESTIMENTO DE ARARAQUARA E REGIÃO - SICREDI CENTRO NORTE SP;73.113.243;b3S;I;2;S4;9;ARARAQUARA;SP;06/2022;236.592;162.872;768;0;0;0;0;55.644;17.305;0;0;0;0;0;0;0;0;0;0;2;0
COOPERATIVA DE CRÉDITO SICOOB CREDSEGURO LTDA.;2.935.307;b3S;I;2;S5;9;GOIANIA;GO;06/2022;236.492;157.730;0;0;0;0;0;65.125;13.637;0;0;0;0;0;0;0;0;0;0;1;0
COOPERATIVA DE CRÉDITO SICOOB COOPMIL;62.673.470;b3S;I;2;S4;9;SAO PAULO;SP;06/2022;235.089;233.313;0;0;0;0;0;0;1.769;0;0;0;0;0;0;0;0;0;0;7;0
COOPERATIVA DE CREDITO DE LIVRE ADMISSÃO DO VALE DO SÃO PATRICIO LTDA.;968.602;b3S;I;2;S5;9;GOIANESIA;GO;06/2022;234.710;168.570;0;0;0;0;0;63.358;2.782;0;0;0;0;0;0;0;0;0;0;0;0
COOPERATIVA DE CRÉDITO DE LIVRE ADMISSÃO DE SANTO ANTÔNIO DO MONTE LTDA.   SICOOB CREDIMONTE;41.707.258;b3S;I;2;S5;9;SANTO ANTONIO DO MONTE;MG;06/2022;233.549;211.479;0;431;0;0;0;14.043;7.591;0;0;0;0;0;0;0;0;0;0;4;0
COOPERATIVA DE ECONOMIA E CRÉDITO MÚTUO UNICRED ERECHIM LTDA;1.572.667;b3S;I;2;S5;9;ERECHIM;RS;06/2022;232.272;24.489;0;0;0;0;0;207.783;0;0;0;0;0;0;0;0;0;0;0;0;0
COOPERATIVA DE CREDITO DE LIVRE ADMISSAO DO CENTRO NORDESTE MINEIRO LTDA - SICOOB CREDICENM;2.173.447;b3S;I;2;S5;9;GUANHAES;MG;06/2022;230.646;142.681;0;0;0;0;0;70.365;17.596;0;0;0;0;0;0;0;0;0;0;3;0
COOPERATIVA DE CREDITO RURAL COM INTERACAO SOLIDARIA ESSENCIA - CRESOL ESSENCIA;6.031.727;b3S;I;2;S5;9;SANTO CRISTO;RS;06/2022;228.522;143.147;0;0;0;0;0;84.927;386;0;0;47;0;0;0;0;0;0;0;14;0
COOPERATIVA DE CRÉDITO MÚTUO DOS EMPREGADOS DA EMBRAER - COOPEREMB;46.642.294;b3S;I;2;S5;9;SAO JOSE DOS CAMPOS;SP;06/2022;226.746;226.745;0;0;0;0;0;0;0;0;0;0;0;0;0;0;0;0;0;2;0
COOPERATIVA DE CRÉDITO COM INTERAÇÃO SOLIDÁRIA DA COSTA OESTE - CRESOL COSTA OESTE;11.969.853;b3S;I;2;S5;9;MEDIANEIRA;PR;06/2022;226.303;211.767;0;149;0;0;0;11.810;1.480;0;0;1.090;0;0;0;0;0;0;0;7;0
COOPERATIVA DE CRÉDITO SICOOB CRED-ACIF;4.013.172;b3S;I;2;S5;9;FRANCA;SP;06/2022;222.839;173.391;327;0;0;0;0;16.791;32.329;0;0;0;0;0;0;0;0;0;0;1;0
COOPERATIVA DE CRÉDITO DA REGIÃO E COLAR METROPOLITANO DO VALE DO AÇO LTDA. - SICOOB COSMIPA;17.361.536;b3S;I;2;S5;9;IPATINGA;MG;06/2022;222.792;123.146;0;0;0;0;0;82.792;16.816;0;0;0;0;0;0;0;0;0;0;38;0
COOPERATIVA DE ECONOMIA E CRÉDITO MÚTUO DOS PROFISSIONAIS DA SAÚDE DA REGIÃO DA ALTA MOGIANA - SICOOB CREDIMOGIANA;69.346.856;b3S;I;2;S5;9;FRANCA;SP;06/2022;222.610;181.901;3.365;0;0;0;0;34.967;2.375;0;0;0;0;0;0;0;0;0;0;2;0
SOCIEDADE COOPERATIVA DE CRÉDITO COOPERE LTDA.  - SICOOB COOPERE;73.398.646;b3S;I;2;S5;9;VALENTE;BA;06/2022;221.366;212.857;0;0;0;0;0;0;8.504;0;0;0;0;0;0;0;0;0;0;4;0
BANCO ARBI S.A.;54.403.563;b1;I;2;S4;2;RIO DE JANEIRO;RJ;06/2022;220.170;202.537;0;0;0;0;0;17.594;0;0;0;0;0;0;0;0;0;0;0;39;0
SICOOB AC CREDI - COOPERATIVA DE CRÉDITO DE LIVRE ADMISSÃO DO LESTE E NORDESTE MINEIRO LTDA.;1.559.914;b3S;I;2;S5;9;GOVERNADOR VALADARES;MG;06/2022;219.549;174.949;0;0;0;0;0;10.229;34.369;0;0;0;0;0;0;0;0;0;0;2;0
SICREDI CREDUNI - COOPERATIVA DE ECONOMIA E CRÉDITO MÚTUO DOS SERV DAS INST PÚBLICAS DE ENSINO SUPERIOR DO ESTADO DA PARAÍBA E DAS DEMAIS INSTITUIÇÕES E ÓRGÃOS PÚBLICOS NO ESTADO DA PARAIBA LTDA.;3.428.338;b3S;I;2;S5;9;CAMPINA GRANDE;PB;06/2022;217.369;217.364;0;0;0;0;0;3;0;0;0;0;0;0;0;0;0;0;0;1;0
COOPERATIVA DE CRÉDITO CENTRO LESTE NORTE MARANHENSE - SICOOB CENTROLESTE;9.403.026;b3S;I;2;S5;9;GRAJAU;MA;06/2022;217.291;210.421;0;0;0;0;0;11;6.858;0;0;0;0;0;0;0;0;0;0;2;0
COOPERATIVA DE CRÉDITO CREDIRAMA LTDA - SICOOB CREDIRAMA;3.412.878;b3S;I;2;S5;9;ITURAMA;MG;06/2022;214.849;214.848;0;0;0;0;0;0;0;0;0;0;0;0;0;0;0;0;0;1;0
COOPERATIVA DE CRÉDITO E INVESTIMENTO COM INTERAÇÃO SOLIDÁRIA VALE DAS ÁGUAS - CRESOL VALE DAS ÁGUAS;4.663.561;b3S;I;2;S5;9;LARANJEIRAS DO SUL;PR;06/2022;212.699;199.233;0;344;0;0;0;9.334;2.554;0;0;1.229;0;0;0;0;0;0;0;5;0
COOPERATIVA DE CRÉDITO E INVESTIMENTO COM INTERAÇÃO SOLIDÁRIA DE GOIÁS - CRESOL GOIÁS;4.490.531;b3S;I;2;S5;9;ORIZONA;GO;06/2022;211.165;183.341;0;69;101;0;0;19.953;772;0;0;6.922;0;0;0;0;0;0;0;7;0
COOPERATIVA DE CRÉDITO DE LIVRE ADMISSÃO DO TOCANTINS LTDA;26.960.328;b3S;I;2;S5;9;PARAISO DO NORTE DO TOCANTINS;TO;06/2022;209.880;139.237;2.728;0;0;0;0;62.242;5.671;0;0;0;0;0;0;0;0;0;0;2;0
FINAMAX S.A. - CREDITO, FINANCIAMENTO E INVESTIMENTO;411.939;n1;I;2;S5;14;JUNDIAI;SP;06/2022;207.420;207.411;0;0;0;0;0;0;0;0;0;0;0;0;0;0;0;0;0;9;0
COOPERATIVA DE CRÉDITO DE LIVRE ADMISSÃO DE PITANGUI, PAPAGAIOS, MARAVILHAS E REGIÃO LTDA. - SICOOB CREDICOOP;41.931.221;b3S;I;2;S5;9;PITANGUI;MG;06/2022;207.135;206.962;0;0;0;0;0;171;0;0;0;0;0;0;0;0;0;0;0;1;0
COOPERATIVA DE CRÉDITO DE LIVRE ADMISSÃO DO ESTADO DO RIO DE JANEIRO - SICOOB FLUMINENSE;2.931.668;b3S;I;2;S5;9;CAMPOS DOS GOYTACAZES;RJ;06/2022;206.705;182.964;697;0;0;0;0;14.105;8.930;0;0;0;0;0;0;0;0;0;0;9;0
COOPERATIVA DE CRÉDITO DE LIVRE ADMISSÃO BURITIS - SICOOB BURITIS;5.247.312;b3S;I;2;S5;9;RONDONOPOLIS;MT;06/2022;206.587;93.046;0;0;0;0;0;102.809;10.729;0;0;0;0;0;0;0;0;0;0;2;0
COOPERATIVA DE CRÉDITO DE LIVRE ADMISSÃO LTDA. - SICOOB CREDIJUSTRA;37.079.720;b3S;I;2;S5;9;BRASILIA;DF;06/2022;206.133;205.131;0;0;0;0;0;0;1.002;0;0;0;0;0;0;0;0;0;0;0;0
COOPERATIVA DE CRÉDITO DE LIVRE ADMISSÃO DO VALE DO RIO GRANDE LTDA. - SICOOB UBERABA;25.683.475;b3S;I;2;S5;9;UBERABA;MG;06/2022;205.778;174.759;0;0;0;0;0;23.820;7.198;0;0;0;0;0;0;0;0;0;0;1;0
SOCINAL S.A. - CRÉDITO, FINANCIAMENTO E INVESTIMENTO;3.881.423;n1;I;2;S5;14;ARARUAMA;RJ;06/2022;205.501;6.865;0;0;0;0;0;0;0;0;17.771;180.864;0;0;0;0;0;0;0;0;0
COOPERATIVA DE CRÉDITO DE LIVRE ADMISSÃO CENTRO OESTE LTDA.;7.502.031;b3S;I;2;S5;9;GOIANESIA;GO;06/2022;201.847;186.982;0;0;0;0;0;9.103;5.762;0;0;0;0;0;0;0;0;0;0;1;0
COOPERATIVA DE CRÉDITO TEIXEIRA DE FREITAS LTDA. - SICOOB EXTREMO SUL;2.447.120;b3S;I;2;S5;9;TEIXEIRA DE FREITAS;BA;06/2022;198.931;175.438;0;0;0;0;0;18.125;5.366;0;0;0;0;0;0;0;0;0;0;2;0
COOPERATIVA DE CRÉDITO CREDIJEQUITINHONHA LTDA. - SICOOB CREDIJEQUITINHONHA;71.243.034;b3S;I;2;S5;9;CAPELINHA;MG;06/2022;198.694;170.142;2.209;0;0;0;0;10.928;15.413;0;0;0;0;0;0;0;0;0;0;2;0
COOPERATIVA DE CRÉDITO CREDIPEU LTDA.  - SICOOB CREDIPEU;66.262.643;b3S;I;2;S5;9;POMPEU;MG;06/2022;197.557;185.440;1.382;195;0;0;0;239;10.300;0;0;0;0;0;0;0;0;0;0;1;0
COOPERATIVA DE CRÉDITO COOCRELIVRE;53.935.029;b3S;I;2;S4;9;ORLANDIA;SP;06/2022;195.626;151.324;25;0;0;0;0;38.185;6.092;0;0;0;0;0;0;0;0;0;0;0;0
COOPERATIVA DE CRÉDITO DE LIVRE ADMISSÃO DO SUL CATARINENSE - ACENTRA;3.427.097;b3S;I;2;S5;9;CRICIUMA;SC;06/2022;195.562;120.257;7.440;0;0;0;0;64.445;3.414;0;0;0;0;0;0;0;0;0;0;5;0
COOPERATIVA DE CRÉDITO DE LIVRE ADMISSÃO DE RIO VERDE E REGIÃO LTDA.;9.033.698;b3S;I;2;S5;9;RIO VERDE;GO;06/2022;195.366;180.522;0;0;0;0;0;12.192;2.652;0;0;0;0;0;0;0;0;0;0;0;0
COOPERATIVA DE CRÉDITO SICOOB SERTÃO LTDA;2.057.584;b3S;I;2;S5;9;PINTADAS;BA;06/2022;194.686;176.455;0;0;0;0;0;6.197;12.015;0;0;0;0;0;0;0;0;0;0;18;0
UNIPRIME DO IGUAÇU - COOPERATIVA DE CRÉDITO, POUPANÇA E INVESTIMENTO;1.848.322;b3S;I;2;S5;9;PATO BRANCO;PR;06/2022;194.090;6.838;0;0;0;0;0;187.251;0;0;0;0;0;0;0;0;0;0;0;1;0
COOPERATIVA DE CRÉDITO CREDIVALE LTDA - SICOOB CREDIVALE;25.387.655;b3S;I;2;S5;9;TEOFILO OTONI;MG;06/2022;193.155;169.543;0;0;0;0;0;12.460;11.149;0;0;0;0;0;0;0;0;0;0;2;0
COOPERATIVA DE CREDITO DE LIVRE ADMISSAO DE RUBIATABA E REGIAO LTDA;73.422.792;b3S;I;2;S5;9;RUBIATABA;GO;06/2022;192.317;167.640;20;0;0;0;0;24.442;213;0;0;0;0;0;0;0;0;0;0;1;0
SICOOB CREDINOVA - COOPERATIVA DE CRÉDITO DE LIVRE ADMISSÃO DE NOVA SERRANA E REGIÃO CENTRO-OESTE LTDA.;1.667.766;b3S;I;2;S5;9;NOVA SERRANA;MG;06/2022;191.943;171.292;0;0;0;0;0;2.531;18.117;0;0;0;0;0;0;0;0;0;0;3;0
COOPERATIVA DE CRÉDITO DE LIVRE ADMISSÃO DO ESTADO DO ACRE LTDA.;1.608.685;b3S;I;2;S5;9;RIO BRANCO;AC;06/2022;189.805;170.096;0;0;0;0;0;18.222;1.486;0;0;0;0;0;0;0;0;0;0;1;0
COOPERATIVA DE ECONOMIA E CRÉDITO MÚTUO DOS SERVIDORES MUNICIPAIS DA REGIÃO METROPOLITANA DO VALE DO PARAÍBA E LITORAL NORTE - SICOOB-CRESSEM;54.190.525;b3S;I;2;S5;9;SAO JOSE DOS CAMPOS;SP;06/2022;188.306;187.970;0;0;0;0;0;0;334;0;0;0;0;0;0;0;0;0;0;2;0
COOPERATIVA DE CRÉDITO DO VALE DO ITAJAÍ E VALE DO ITAPOCÚ - SICOOB MULTICREDI;2.883.398;b3S;I;2;S5;9;BLUMENAU;SC;06/2022;186.054;81.322;0;0;0;0;0;104.732;0;0;0;0;0;0;0;0;0;0;0;1;0
SICOOB CREDIGOIÁS COOPERATIVA DE CRÉDITO LTDA.;37.255.049;b3S;I;2;S5;9;GOIANIA;GO;06/2022;185.826;134.772;37.298;1.639;0;0;0;5.787;6.330;0;0;0;0;0;0;0;0;0;0;0;0
COOPERATIVA DE CRÉDITO DE LIVRE ADMISSÃO DO NOROESTE DE MINAS GERAIS LTDA.   SICOOB CREDIPINHO;71.154.876;b3S;I;2;S5;9;JOAO PINHEIRO;MG;06/2022;185.724;151.985;0;0;0;0;0;30.414;3.322;0;0;0;0;0;0;0;0;0;0;3;0
COOPERATIVA DE CRÉDITO CARLOS CHAGAS LTDA. - SICOOB CARLOS CHAGAS;41.753.500;b3S;I;2;S5;9;CARLOS CHAGAS;MG;06/2022;185.034;147.462;0;0;0;0;0;0;37.572;0;0;0;0;0;0;0;0;0;0;1;0
COOPERATIVA DE CRÉDITO CREDSAOPAULO - SICOOB CREDSAOPAULO;2.197.569;b3S;I;2;S5;9;SAO JOSE DOS CAMPOS;SP;06/2022;182.469;103.684;0;0;0;0;0;64.544;14.237;0;0;0;0;0;0;0;0;0;0;4;0
SENFFNET INSTITUIÇÃO DE PAGAMENTO LTDA.;3.877.288;n4;I;2;S4;41;CURITIBA;PR;06/2022;182.273;66;0;0;0;0;0;0;0;0;0;0;0;0;0;0;0;0;0;182.207;0
COOPERATIVA DE CRÉDITO SACRAMENTO LTDA - SICOOB SACRAMENTO;71.154.256;b3S;I;2;S5;9;SACRAMENTO;MG;06/2022;179.364;167.621;1.879;0;0;0;0;2.754;7.107;0;0;0;0;0;0;0;0;0;0;3;0
COOPERATIVA DE CRÉDITO CREDICAMPO LTDA.- SICOOB CREDICAMPO;21.661.202;b3S;I;2;S5;9;ENTRE RIOS DE MINAS;MG;06/2022;178.632;163.724;0;0;0;0;0;14.907;0;0;0;0;0;0;0;0;0;0;0;2;0
COOPERATIVA DE CREDITO, POUPANCA E INVESTIMENTO DO RIO DE JANEIRO - SICREDI RIO RJ;72.128.440;b3S;I;2;S4;9;RIO DE JANEIRO;RJ;06/2022;177.560;106.579;0;0;2;0;0;60.007;10.970;0;0;0;0;0;0;0;0;0;0;2;0
COOPERATIVA DE CRÉDITO CREDIALP LTDA - SICOOB CREDIALP;25.353.939;b3S;I;2;S5;9;ALPINOPOLIS;MG;06/2022;176.438;171.183;0;0;0;0;0;2.509;2.745;0;0;0;0;0;0;0;0;0;0;1;0
COOPERATIVA DE CRÉDITO DE PRODUTORES RURAIS E DE LIVRE ADMISSÃO DO TRIÂNGULO LTDA    SICOOB CREDITRIL;41.669.227;b3S;I;2;S5;9;UBERLANDIA;MG;06/2022;175.876;72.834;0;0;0;0;0;103.040;0;0;0;0;0;0;0;0;0;0;0;2;0
COOPERATIVA DE CRÉDITO UNIÃO CENTRO OESTE LTDA. - SICOOB UNIÃO CENTRO OESTE;26.178.111;b3S;I;2;S5;9;LAGOA DA PRATA;MG;06/2022;175.296;134.215;19.031;887;0;0;0;18.896;2.264;0;0;0;0;0;0;0;0;0;0;3;0
COOPERATIVA DE CRÉDITO DE LIVRE ADMISSÃO DE ASSOCIADOS DO MEIO OESTE CATARINENSE - SICOOB CREDIMOC SC;80.959.638;b3S;I;2;S5;9;XANXERE;SC;06/2022;174.618;63.847;273;0;0;0;0;109.673;825;0;0;0;0;0;0;0;0;0;0;1;0
COOPERATIVA DE CRÉDITO RURAL COM INTERAÇÃO SOLIDÁRIA COOPERAR - CRESOL COOPERAR;5.983.995;b3S;I;2;S5;9;HUMAITA;RS;06/2022;174.503;134.970;0;0;0;0;0;36.127;3.190;0;0;200;0;0;0;0;0;0;0;15;0
COOPERATIVA DE CRÉDITO MÚTUO DOS ADVOGADOS DE SANTA CATARINA;5.861.932;b3S;I;2;S5;9;SAO JOSE;SC;06/2022;173.912;98.182;0;0;0;0;0;64.844;10.885;0;0;0;0;0;0;0;0;0;0;1;0
BR PARTNERS BANCO DE INVESTIMENTO S.A.;13.220.493;b2;I;2;S4;13;SAO PAULO;SP;06/2022;173.695;0;0;0;0;0;0;100.629;0;0;0;73.067;0;0;0;0;0;0;0;0;0
SF3 CRÉDITO, FINANCIAMENTO E INVESTIMENTO S.A.;5.503.849;n1;I;2;S5;14;SAO PAULO;SP;06/2022;171.610;171.610;0;0;0;0;0;0;0;0;0;0;0;0;0;0;0;0;0;0;0
COOPERATIVA DE CRÉDITO CREDINACIONAL LTDA. - SICOOB CREDINACIONAL;25.420.696;b3S;I;2;S5;9;ABAETE;MG;06/2022;170.429;141.594;0;608;0;0;0;9.116;19.108;0;0;0;0;0;0;0;0;0;0;3;0
COOPERATIVA DE CRÉDITO DE LIVRE ADMISSÃO DE GOIÂNIA E MICRORREGIÕES LTDA.;1.720.488;b3S;I;2;S5;9;GOIANIA;GO;06/2022;170.055;67.510;0;0;0;0;0;98.180;4.364;0;0;0;0;0;0;0;0;0;0;1;0
COOPERATIVA DE CRÉDITO DE LIVRE ADMISSÃO DE BOA ESPERANÇA LTDA. - SICOOB BELCREDI;869.687;b3S;I;2;S5;9;BOA ESPERANCA;MG;06/2022;168.700;110.273;1.125;1.735;0;0;0;54.037;1.531;0;0;0;0;0;0;0;0;0;0;0;0
COOPERATIVA DE CRÉDITO DO CENTRO SUL MINEIRO LTDA. - SICOOB CENTRO SUL MINEIRO;71.238.232;b3S;I;2;S5;9;CARMOPOLIS DE MINAS;MG;06/2022;168.376;139.250;244;0;0;0;0;28.399;483;0;0;0;0;0;0;0;0;0;0;1;0
COOPERATIVA DE CRÉDITO DE LIVRE ADMISSÃO DA REGIÃO DE DIVINÓPOLIS LTDA - SICOOB CREDIVERDE;25.528.753;b3S;I;2;S5;9;DIVINOPOLIS;MG;06/2022;167.866;104.435;0;0;0;0;0;51.099;12.331;0;0;0;0;0;0;0;0;0;0;1;0
COOPERATIVA DE CRÉDITO DOS INTEGRANTES DO PODER JUDICIÁRIO E DO MINISTÉRIO PÚBLICO DO ESTADO DE MINAS GERAIS LTDA. - SICOOB JUS-MP;3.519.240;b3S;I;2;S5;9;BELO HORIZONTE;MG;06/2022;167.022;156.400;0;0;0;0;0;10.567;55;0;0;0;0;0;0;0;0;0;0;0;0
COOPERATIVA DE CRÉDITO DE LIVRE ADMISSÃO CREDFAZ LTDA. - SICOOB CREDFAZ;952.415;b3S;I;2;S5;9;BRASILIA;DF;06/2022;165.404;165.393;0;0;0;0;0;10;0;0;0;0;0;0;0;0;0;0;0;1;0
COOPERATIVA DE CREDITO DE LIVRE ADMISSAO DE PARA DE MINAS LTDA - SICOOB ASCICRED;1.009.908;b3S;I;2;S5;9;PARA DE MINAS;MG;06/2022;165.186;58.004;5;0;0;0;0;107.007;170;0;0;0;0;0;0;0;0;0;0;1;0
COOPERATIVA DE CRÉDITO DO DISTRITO FEDERAL E ENTORNO LTDA;1.187.961;b3S;I;2;S5;9;BRASILIA;DF;06/2022;165.144;142.417;454;0;0;0;0;10.011;12.258;0;0;0;0;0;0;0;0;0;0;3;0
COOPERATIVA DE CRÉDITO DE LIVRE ADMISSÃO DE MARECHAL CÂNDIDO RONDON E REGIÃO - SICOOB CONFIANÇA;7.097.064;b3S;I;2;S5;9;MARECHAL CANDIDO RONDON;PR;06/2022;164.925;106.711;0;0;0;0;0;45.467;12.746;0;0;0;0;0;0;0;0;0;0;1;0
CALCRED S.A. - CRÉDITO, FINANCIAMENTO E INVESTIMENTO;37.122.487;n1;I;2;S4;14;SAO JOSE;SC;06/2022;164.275;154.233;0;0;0;0;0;0;0;0;0;0;0;0;0;0;0;0;0;10.042;0
QUERO-QUERO VERDECARD INSTITUIÇÃO DE PAGAMENTO S.A.;1.722.480;n4;I;2;;41;CACHOEIRINHA;RS;06/2022;164.135;158.939;0;0;0;0;0;0;0;0;0;0;0;0;0;0;0;0;0;5.196;0
COOPERATIVA DE ECONOMIA E CRÉDITO MÚTUO DOS EMPREGADOS DE FURNAS E DAS DEMAIS EMPRESAS DO SISTEMA ELETROBRÁS LTDA. - SICOOB CECREMEF;33.370.115;b3S;I;2;S5;9;RIO DE JANEIRO;RJ;06/2022;164.016;137.187;0;0;0;0;0;2.187;24.641;0;0;0;0;0;0;0;0;0;0;2;0
COOPERATIVA DE ECONOMIA E CRÉDITO MÚTUO DOS SERVIDORES DO PODER JUDICIÁRIO, DO TRIBUNAL DE CONTAS ESTADUAL E DEMAIS ÓRGÃOS PÚBLICOS MUNICIPAIS, ESTADUAIS E FEDERAIS NO ESTADO DO RIO DE JANEIRO LTDA. –;2.000.895;b3S;I;2;S5;9;RIO DE JANEIRO;RJ;06/2022;162.953;162.952;0;0;0;0;0;0;0;0;0;0;0;0;0;0;0;0;0;0;0
COOPERATIVA DE CRÉDITO DE LIVRE ADMISSÃO DO CENTRO-SUL GOIANO LTDA;33.579.731;b3S;I;2;S5;9;MORRINHOS;GO;06/2022;161.962;130.252;19;0;0;0;0;26.077;5.612;0;0;0;0;0;0;0;0;0;0;1;0
COOPERATIVA DE CRÉDITO CREDIVAZ LTDA. - SICOOB CREDIVAZ;803.287;b3S;I;2;S5;9;VAZANTE;MG;06/2022;161.388;103.020;0;0;0;0;0;55.129;3.238;0;0;0;0;0;0;0;0;0;0;1;0
COOPERATIVA DE CRÉDITO DA SERRA CATARINENSE - CREDICOMIN;9.590.601;b3S;I;2;S5;9;LAGES;SC;06/2022;159.063;83.924;7.276;0;0;0;0;64.246;3.610;0;0;0;0;0;0;0;0;0;0;8;0
COOPERATIVA DE CRÉDITO DOS SERVIDORES PÚBLICOS NO ESTADO DA BAHIA LTDA. - SICOOB CRED EXECUTIVO;4.321.309;b3S;I;2;S5;9;SALVADOR;BA;06/2022;157.128;145.816;0;0;0;0;0;7.953;3.360;0;0;0;0;0;0;0;0;0;0;0;0
COOPERATIVA DE CRÉDITO DA REGIÃO CENTRAL DE MINAS LTDA. - SICOOB UNIÃO CENTRAL;22.749.014;b3S;I;2;S5;9;PARAOPEBA;MG;06/2022;156.520;146.163;175;0;0;0;0;566;9.613;0;0;0;0;0;0;0;0;0;0;3;0
COOPERATIVA DE CRÉDITO DO VALE EUROPEU - SICOOB EURO VALE;82.133.182;b3S;I;2;S5;9;TIMBO;SC;06/2022;155.563;94.289;0;0;0;0;0;54.534;6.739;0;0;0;0;0;0;0;0;0;0;1;0
AGENCIA DE FOMENTO DE GOIAS S/A;3.918.382;n1;I;1;S4;30;GOIANIA;GO;06/2022;154.302;108.020;0;2.185;0;0;458;0;37.687;0;0;1.472;0;4.481;0;0;0;0;0;0;0
SICREDI CARIRI - COOPERATIVA DE CRÉDITO DA REGIÃO DO CARIRI;86.913.993;b3S;I;2;S5;9;JUAZEIRO DO NORTE;CE;06/2022;153.881;91.922;0;0;0;0;0;58.590;3.367;0;0;0;0;0;0;0;0;0;0;1;0
COOPERATIVA DE CRÉDITO RURAL COM INTERAÇÃO SOLIDÁRIA TRANSFORMAÇÃO - CRESOL TRANSFORMAÇÃO;4.261.151;b3S;I;2;S5;9;DONA EMMA;SC;06/2022;153.876;125.070;0;73;0;0;0;26.422;1.755;0;0;542;0;0;0;0;0;0;0;13;0
COOPERATIVA DE CRÉDITO DE LIVRE ADMISSÃO CREDIEMBRAPA LTDA - SICOOB.;2.338.666;b3S;I;2;S5;9;BRASILIA;DF;06/2022;152.253;148.563;0;0;0;0;0;0;3.688;0;0;0;0;0;0;0;0;0;0;2;0
COOPERATIVA DE CRÉDITO NOSSA SENHORA DO DESTERRO - SICOOB CREDISC;3.419.786;b3S;I;2;S5;9;FLORIANOPOLIS;SC;06/2022;149.457;137.278;0;0;0;0;0;10.451;1.727;0;0;0;0;0;0;0;0;0;0;1;0
COOPERATIVA DE CRÉDITO DE LIVRE ADMISSÃO DE ANÁPOLIS E REGIÃO LTDA;33.615.055;b3S;I;2;S5;9;ANAPOLIS;GO;06/2022;148.497;140.432;0;0;0;0;0;6.809;1.255;0;0;0;0;0;0;0;0;0;0;1;0
COOPERATIVA DE CRÉDITO SICOOB COSTA DO DESCOBRIMENTO LTDA.;1.205.736;b3S;I;2;S5;9;ITAMARAJU;BA;06/2022;148.170;138.962;0;0;0;0;0;3;9.204;0;0;0;0;0;0;0;0;0;0;1;0
COOPERATIVA DE CRÉDITO UNICRED COOMARCA LTDA. - COOMARCA;4.355.489;b3S;I;2;S5;9;FLORIANOPOLIS;SC;06/2022;147.814;137.827;4.192;0;0;0;0;5.795;0;0;0;0;0;0;0;0;0;0;0;0;0
CENTRAL DAS COOPERATIVAS DE ECONOMIA E CRÉDITO DO PLANALTO CENTRAL LTDA - SICOOB PLANALTO CENTRAL;692.214;b3C;I;2;S4;9;BRASILIA;DF;06/2022;147.713;0;0;0;0;0;0;147.713;0;0;0;0;0;0;0;0;0;0;0;0;0
GAZINCRED S.A. SOCIEDADE DE CRÉDITO, FINANCIAMENTO E INVESTIMENTO;11.760.553;n1;I;2;S4;14;DOURADINA;PR;06/2022;146.960;137.454;0;0;0;0;0;9.390;0;0;0;0;0;0;0;0;0;0;0;116;0
COOPERATIVA DE CRÉDITO COPERSUL LTDA - SICOOB COPERSUL;18.966.739;b3S;I;2;S5;9;TRES PONTAS;MG;06/2022;145.583;138.685;0;0;0;0;0;3.249;3.649;0;0;0;0;0;0;0;0;0;0;1;0
COOPERATIVA DE CREDITO DE LIVRE ADMISSAO DE PITANGUI E REGIAO LTDA. - SICOOB CREDPIT;4.181.542;b3S;I;2;S5;9;PITANGUI;MG;06/2022;144.987;114.649;0;0;0;0;0;25.306;5.029;0;0;0;0;0;0;0;0;0;0;3;0
COOPERATIVA DE CRÉDITO MONTECREDI LTDA. - SICOOB MONTECREDI;71.392.047;b3S;I;2;S5;9;MONTE CARMELO;MG;06/2022;144.847;130.231;692;0;0;0;0;10.656;3.267;0;0;0;0;0;0;0;0;0;0;1;0
COOPERATIVA DE CRÉDITO, POUPANÇA E INVESTIMENTO DA REGIÃO DAS FLORES, DAS ÁGUAS E DOS VENTOS SP - SICREDI FORÇA DOS VENTOS SP;57.647.653;b3S;I;2;S4;9;JAGUARIUNA;SP;06/2022;144.373;102.858;1.020;0;0;0;0;29.637;10.857;0;0;0;0;0;0;0;0;0;0;1;0
COOPERATIVA DE CRÉDITO DOS INTEGRANTES DO PODER JUDICIÁRIO E DAS INSTITUIÇÕES JURÍDICAS DA UNIÃO EM MINAS GERAIS LTDA.   SICOOB COOPJUS;25.363.615;b3S;I;2;S5;9;BELO HORIZONTE;MG;06/2022;144.246;144.122;0;0;0;0;0;24;99;0;0;0;0;0;0;0;0;0;0;0;0
HS FINANCEIRA S/A CREDITO, FINANCIAMENTO E INVESTIMENTOS;7.512.441;n1;I;2;S4;14;DOIS IRMAOS;RS;06/2022;143.849;143.400;0;0;0;0;0;0;0;0;0;0;0;0;0;0;0;0;0;448;0
COOPERATIVA DE ECONOMIA E CREDITO MÚTUO DOS MÉDICOS DO PLANALTO MÉDIO DO RIO GRANDE DO SUL LTDA - CREDIPLAN;97.259.253;b3S;I;2;S5;9;PASSO FUNDO;RS;06/2022;143.757;1.926;0;0;0;0;0;141.830;0;0;0;0;0;0;0;0;0;0;0;0;0
COOPERATIVA DE CRÉDITO DE LIVRE ADMISSÃO DE ASSOCIADOS URUBICI - SICOOB CREDIARAUCÁRIA/SC;2.587.492;b3S;I;2;S5;9;URUBICI;SC;06/2022;141.530;93.232;395;0;0;0;0;37.009;10.893;0;0;0;0;0;0;0;0;0;0;1;0
COOPERATIVA DE CRÉDITO HORIZONTE - SICOOB HORIZONTE;7.194.313;b3S;I;2;S5;9;ARAPONGAS;PR;06/2022;141.139;118.695;0;0;0;0;0;7.918;14.524;0;0;0;0;0;0;0;0;0;0;1;0
COOPERATIVA DE CRÉDITO DE LIVRE ADMISSÃO DE CAMPOS GERAIS E CAMPO DO MEIO LTDA - SICOOB CREDCAM;71.146.450;b3S;I;2;S5;9;CAMPOS GERAIS;MG;06/2022;140.714;126.328;0;0;0;0;0;9.927;4.459;0;0;0;0;0;0;0;0;0;0;0;0
COOPERATIVA DE CRÉDITO DOS EMPRESÁRIOS DO ESTADO DE GOIÁS LTDA;4.406.371;b3S;I;2;S5;9;GOIANIA;GO;06/2022;138.997;101.291;0;0;0;0;0;20.189;17.517;0;0;0;0;0;0;0;0;0;0;0;0
COOPERATIVA DE ECONOMIA E CRÉDITO MÚTUO DOS FUNCIONÁRIOS DO GRUPO COSAN - BARRACRED COSAN;1.439.107;b3S;I;2;S5;9;BARRA BONITA;SP;06/2022;137.764;137.638;0;0;0;0;0;0;0;0;0;0;0;0;0;0;0;0;0;126;0
COOPERATIVA DE CRÉDITO DE LIVRE ADMISSÃO DA REGIÃO DE SÃO SEBASTIÃO DO PARAÍSO LTDA. - SICOOB PARAÍSOCRED;1.657.678;b3S;I;2;S5;9;SAO SEBASTIAO DO PARAISO;MG;06/2022;137.459;120.753;0;0;0;0;0;12.948;3.757;0;0;0;0;0;0;0;0;0;0;1;0
COOPERATIVA DE ECONOMIA E CRÉDITO MÚTUO DOS SERVIDORES DA FEDERAÇÃO DO COMÉRCIO, SESC E SENAC DE SÃO PAULO;62.928.320;b3S;I;2;S5;9;SAO PAULO;SP;06/2022;135.811;2.790;133.015;0;0;0;0;0;0;0;0;0;0;0;0;0;0;0;0;6;0
COOPERATIVA DE CRÉDITO DO VALE DO SÃO FRANCISCO - SICREDI VALE DO SÃO FRANCISCO;4.237.413;b3S;I;2;S5;9;PETROLINA;PE;06/2022;135.431;120.198;0;0;0;0;0;5.977;9.255;0;0;0;0;0;0;0;0;0;0;1;0
COOPERATIVA DE CRÉDITO DE LIVRE ADMISSÃO DE PALMEIRAS E REGIÃO LTDA.;37.631.058;b3S;I;2;S5;9;PALMEIRAS DE GOIAS;GO;06/2022;135.169;125.507;0;0;0;0;0;0;9.661;0;0;0;0;0;0;0;0;0;0;1;0
COOPERATIVA DE CRÉDITO DE LIVRE ADMISSÃO DE PIRACANJUBA LTDA;5.222.094;b3S;I;2;S5;9;PIRACANJUBA;GO;06/2022;134.881;111.387;0;0;0;0;0;22.748;745;0;0;0;0;0;0;0;0;0;0;1;0
COOPERATIVA DE ECONOMIA E CRÉDITO MÚTUO UNICRED HORIZONTES LTDA - UNICRED HORIZONTES;1.526.924;b3S;I;2;S5;9;IJUI;RS;06/2022;133.005;10.026;0;0;0;0;0;122.979;0;0;0;0;0;0;0;0;0;0;0;0;0
CREDIALIANÇA COOPERATIVA DE CRÉDITO RURAL;78.157.146;b3S;I;2;S5;9;ROLANDIA;PR;06/2022;132.046;86.746;0;0;0;0;0;0;0;0;0;0;0;0;0;45.300;0;0;0;0;0
COOPERATIVA DE CRÉDITO GUARANICREDI LTDA. - SICOOB GUARANICREDI;26.014.175;b3S;I;2;S5;9;GUARANI;MG;06/2022;131.822;109.280;3.550;0;0;0;0;13.910;5.081;0;0;0;0;0;0;0;0;0;0;1;0
COOPERATIVA DE CRÉDITO DE TIROS E MATUTINA LTDA.- SICOOB CREDITIROS;42.880.617;b3S;I;2;S5;9;TIROS;MG;06/2022;131.223;102.411;0;21.751;0;0;0;4.392;2.667;0;0;0;0;0;0;0;0;0;0;1;0
CREDIBRF - COOPERATIVA DE CRÉDITO;82.096.447;b3S;I;2;S5;9;CURITIBA;PR;06/2022;130.636;116.686;13.898;0;0;0;0;0;0;0;0;0;0;0;0;0;0;0;0;53;0
BANCO RNX S.A.;80.271.455;b2;I;2;S4;8;CURITIBA;PR;06/2022;130.092;124.620;0;0;0;0;0;0;0;0;0;5.471;0;0;0;0;0;0;0;0;0
COOPERATIVA DE CREDITO CREDIAGRO LTDA. - SICOOB CREDIAGRO;429.890;b3S;I;2;S5;9;CAMPOS ALTOS;MG;06/2022;130.026;102.872;0;3.988;0;0;0;18.864;4.300;0;0;0;0;0;0;0;0;0;0;1;0
COOPERATIVA CENTRAL DE CRÉDITO DO NORTE DO BRASIL - SICOOB NORTE;3.502.131;b3C;I;2;S4;9;PORTO VELHO;RO;06/2022;129.448;0;0;0;0;0;0;129.448;0;0;0;0;0;0;0;0;0;0;0;0;0
COOPERATIVA DE CRÉDITO RURAL COM INTERAÇÃO SOLIDÁRIA MEIO OESTE - CRESOL MEIO OESTE;7.946.451;b3S;I;2;S5;9;TANGARA;SC;06/2022;128.995;110.309;0;18;0;0;0;16.173;2.301;0;0;184;0;0;0;0;0;0;0;9;0
COOPERATIVA DE CRÉDITO DE LIVRE ADMISSÃO DO SERTÃO DE MINAS GERAIS LTDA. - SICOOB SERTÃO MINAS;1.667.352;b3S;I;2;S5;9;PIRAPORA;MG;06/2022;127.172;95.616;0;0;0;0;0;25.113;6.441;0;0;0;0;0;0;0;0;0;0;3;0
COOPERATIVA DE CRÉDITO CREDIBELO LTDA. - SICOOB CREDIBELO;71.237.184;b3S;I;2;S5;9;CAMPO BELO;MG;06/2022;127.159;79.524;45.528;209;0;0;0;1.784;112;0;0;0;0;0;0;0;0;0;0;2;0
COOPERATIVA DE CRÉDITO DA GRANDE FLORIANÓPOLIS - ÚNILOS;2.405.189;b3S;I;2;S5;9;FLORIANOPOLIS;SC;06/2022;126.637;38.901;4.243;0;0;0;0;83.489;0;0;0;0;0;0;0;0;0;0;0;4;0
SINOSSERRA FINANCEIRA S/A - SOCIEDADE DE CRÉDITO, FINANCIAMENTO E INVESTIMENTO;22.639.377;n1;I;2;S4;14;NOVO HAMBURGO;RS;06/2022;126.396;126.333;0;0;0;0;0;0;0;0;0;0;0;0;0;0;0;0;0;63;0
COOPERATIVA DE CRÉDITO SICREDI CENTRO PERNAMBUCANA;41.255.225;b3S;I;2;S5;9;CARUARU;PE;06/2022;125.841;109.688;147;0;0;0;0;8.037;7.968;0;0;0;0;0;0;0;0;0;0;0;0
COOPERATIVA DE ECONOMIA E CRÉDITO MÚTUO NOS ESTADOS DE ALAGOAS, SERGIPE E BAHIA - SICOOB LESTE;2.493.000;b3S;I;2;S5;9;MACEIO;AL;06/2022;125.311;121.834;0;0;0;0;0;0;3.476;0;0;0;0;0;0;0;0;0;0;1;0
COOPERATIVA DE ECONOMIA E CRÉDITO MÚTUO DO VALE DAS ANTAS LTDA. - UNICRED VALE DAS ANTAS;94.243.839;b3S;I;2;S5;9;CASCA;RS;06/2022;124.958;9.275;0;0;0;0;0;115.682;0;0;0;0;0;0;0;0;0;0;0;0;0
BECKER FINANCEIRA S.A. - CRÉDITO, FINANCIAMENTO E INVESTIMENTO;20.443.996;n1;I;2;S5;14;CERRO LARGO;RS;06/2022;124.558;120.625;0;0;0;0;3.475;0;0;0;0;0;0;0;0;0;0;0;0;458;0
COOPERATIVA DE CREDITO DO PLANALTO SUL - SICOOB CREDISSERRANA;3.033.469;b3S;I;2;S5;9;LAGES;SC;06/2022;123.858;106.190;3.022;0;0;0;0;8.795;5.849;0;0;0;0;0;0;0;0;0;0;2;0
COOPERATIVA DE CRÉDITO DE LIVRE ADMISSÃO DO CENTRO SUL DE MATO GROSSO DO SUL - SICOOB CENTRO SUL MS;10.319.386;b3S;I;2;S5;9;DOURADOS;MS;06/2022;123.843;118.322;0;0;0;0;0;760;4.759;0;0;0;0;0;0;0;0;0;0;1;0
COOPERATIVA DE CRÉDITO COOPCRED;53.623.781;b3S;I;2;S5;9;VALPARAISO;SP;06/2022;123.626;115.528;0;0;0;0;0;3.828;4.269;0;0;0;0;0;0;0;0;0;0;1;0
COOPERATIVA DE CRÉDITO CREDICAMPINA LTDA. - SICOOB CREDICAMPINA;1.609.345;b3S;I;2;S5;9;CAMPINA VERDE;MG;06/2022;122.747;113.692;0;0;0;0;0;0;9.055;0;0;0;0;0;0;0;0;0;0;0;0
FC FINANCEIRA S.A. - CRÉDITO, FINANCIAMENTO E INVESTIMENTO;36.583.700;n1;I;2;S4;14;SAO PAULO;SP;06/2022;121.778;121.775;0;0;0;0;0;0;0;0;0;0;0;0;0;0;0;0;0;3;0
COOPERATIVA DE CRÉDITO DE LIVRE ADMISSÃO DE CARMO DO RIO CLARO LTDA - SICOOB CREDICARMO;25.743.311;b3S;I;2;S5;9;CARMO DO RIO CLARO;MG;06/2022;121.660;106.841;239;0;0;0;0;13.108;1.471;0;0;0;0;0;0;0;0;0;0;0;0
COOPERATIVA DE CREDITO CECRES - SICOOB CECRES;54.603.022;b3S;I;2;S5;9;SAO PAULO;SP;06/2022;121.199;120.037;0;0;0;0;0;244;915;0;0;0;0;0;0;0;0;0;0;2;0
COOPERATIVA CENTRAL DE CRÉDITO, POUPANÇA E INVESTIMENTO DO NORTE/NORDESTE - CENTRAL SICREDI NORTE/NORDESTE;70.119.680;b3C;I;2;S4;9;CABEDELO;PB;06/2022;119.879;108.323;0;0;0;0;0;11.555;0;0;0;0;0;0;0;0;0;0;0;0;0
COOPERATIVA DE CRÉDITO E ECONOMIA COM INTERAÇÃO SOLIDÁRIA DE XAVANTINA - CRESOL XAVANTINA;8.055.016;b3S;I;2;S5;9;XAVANTINA;SC;06/2022;119.827;97.853;0;35;0;0;0;19.850;2.064;0;0;23;0;0;0;0;0;0;0;2;0
COOPERATIVA DE CRÉDITO RURAL COM INTERAÇÃO SOLIDÁRIA CONFIANÇA - CRESOL CONFIANÇA;7.252.614;b3S;I;2;S5;9;PAIM FILHO;RS;06/2022;119.227;91.438;0;11;0;0;0;24.347;3.081;0;0;345;0;0;0;0;0;0;0;4;0
CREDISIS CAPITALCREDI - COOPERATIVA DE CRÉDITO DE LIVRE ADMISSÃO DO ACRE LTDA;5.439.425;b3S;I;2;S5;9;RIO BRANCO;AC;06/2022;118.412;118.411;0;0;0;0;0;0;0;0;0;0;0;0;0;0;0;0;0;0;0
COOPERATIVA DE CRÉDITO DE LIVRE ADMISSÃO DE ASSOCIADOS LTDA. - SICOOB JUDICIÁRIO;37.076.205;b3S;I;2;S5;9;BRASILIA;DF;06/2022;118.315;117.865;0;0;0;0;0;0;450;0;0;0;0;0;0;0;0;0;0;0;0
COOPER CARD INSTITUIÇÃO DE PAGAMENTO LTDA.;5.938.780;n4;I;2;;41;BARUERI;SP;06/2022;117.634;12.971;0;0;0;0;0;0;0;0;0;0;0;0;104.003;0;0;0;0;660;0
COOPERATIVA CENTRAL DE CRÉDITO DE SANTA CATARINA E RIO GRANDE DO SUL - SICOOB CENTRAL SC/RS;80.160.260;b3C;I;2;S3;9;FLORIANOPOLIS;SC;06/2022;116.643;2.137;0;0;0;0;0;114.505;0;0;0;0;0;0;0;0;0;0;0;0;0
COOPERATIVA DE CRÉDITO DE LIVRE ADMISSÃO DE ASSOCIADOS DO SUL DO BRASIL - CREVISC;10.143.743;b3S;I;2;S5;9;GUARAMIRIM;SC;06/2022;116.285;49.378;4.792;0;0;0;0;61.043;1.062;0;0;0;0;0;0;0;0;0;0;10;0
COOPERATIVA DE CRÉDITO RURAL COM INTERAÇÃO SOLIDÁRIA DE WITMARSUM - CRESOL WITMARSUM;7.465.539;b3S;I;2;S5;9;WITMARSUM;SC;06/2022;116.144;95.080;0;125;0;0;0;19.578;504;0;0;849;0;0;0;0;0;0;0;8;0
COOPERATIVA DE CRÉDITO RURAL COM INTERAÇÃO SOLIDÁRIA DE CURITIBANOS - CRESOL CURITIBANOS;1.155.801;b3S;I;2;S5;9;CURITIBANOS;SC;06/2022;116.040;101.096;0;31;0;0;0;12.610;1.659;0;0;635;0;0;0;0;0;0;0;8;0
COOPERATIVA DE CRÉDITO CREDINORTE LTDA. - SICOOB CREDINORTE;64.276.058;b3S;I;2;S5;9;NANUQUE;MG;06/2022;115.548;52.043;0;232;0;0;0;0;63.272;0;0;0;0;0;0;0;0;0;0;1;0
COOPERATIVA DE CRÉDITO DE LIVRE ADMISSÃO SICOOB CREDIACIL;8.795.285;b3S;I;2;S5;9;LEME;SP;06/2022;113.825;92.502;8.655;0;0;0;0;0;12.666;0;0;0;0;0;0;0;0;0;0;1;0
COOPERATIVA DE CRÉDITO RURAL COM INTERAÇÃO SOLIDÁRIA DE GUARANI DAS MISSÕES - CRESOL GUARANI DAS MISSÕES;8.488.377;b3S;I;2;S5;9;GUARANI DAS MISSOES;RS;06/2022;113.661;96.982;0;0;0;0;0;16.314;180;0;0;175;0;0;0;0;0;0;0;9;0
GENIAL;51.839;b1;C;2;S4;199;RIO DE JANEIRO;RJ;06/2022;113.577;26.376;0;0;0;0;0;87.196;0;0;0;0;0;0;0;0;0;0;0;5;0
COOPERATIVA DE CREDITO E ECONOMIA COM INTERACAO SOLIDARIA DE CHAPECO - CRESOL CHAPECO;4.281.182;b3S;I;2;S5;9;CHAPECO;SC;06/2022;111.710;104.035;0;13;0;0;0;5.677;914;0;0;1.069;0;0;0;0;0;0;0;3;0
COOPERATIVA DE ECONOMIA E CRÉDITO MÚTUO DOS FUNCIONÁRIOS DA SECRETARIA DE ESTADO DA FAZENDA E ÓRGÃOS OFICIAIS DO ESTADO DE MINAS GERAIS LTDA - SICOOB COOPSEF;16.721.078;b3S;I;2;S5;9;BELO HORIZONTE;MG;06/2022;111.408;111.407;0;0;0;0;0;0;0;0;0;0;0;0;0;0;0;0;0;1;0
COOPERATIVA DE CRÉDITO E ECONOMIA COM INTERAÇÃO SOLIDÁRIA CRESOL EVOLUÇÃO;2.844.024;b3S;I;2;S5;9;DIONISIO CERQUEIRA;SC;06/2022;110.997;100.820;0;13;0;0;0;9.450;326;0;0;382;0;0;0;0;0;0;0;6;0
COOPERATIVA DE CREDITO RURAL E ECONOMIA COM INTERAÇÃO SOLIDARIA DAS ENCOSTAS DA SERRA GERAL - CRESOL ENCOSTAS DA SERRA GERAL;3.485.130;b3S;I;2;S5;9;SANTA ROSA DE LIMA;SC;06/2022;110.826;104.935;0;20;0;0;0;3.868;1.532;0;0;467;0;0;0;0;0;0;0;4;0
COOPERATIVA DE CRÉDITO DE LIVRE ADMISSÃO DE PEDRO LEOPOLDO LTDA - SICOOB CREDIPEL;71.441.406;b3S;I;2;S5;9;PEDRO LEOPOLDO;MG;06/2022;110.652;104.707;0;0;0;0;0;0;5.943;0;0;0;0;0;0;0;0;0;0;1;0
COOPERATIVA DE CRÉDITO RURAL COM INTERAÇÃO SOLIDÁRIA NASCENTE - CRESOL NASCENTE;5.494.591;b3S;I;2;S5;9;ALFREDO WAGNER;SC;06/2022;110.495;101.654;0;2;0;0;0;6.602;2.216;0;0;17;0;0;0;0;0;0;0;5;0
COOPERATIVA DE CRÉDITO DE LIVRE ADMISSÃO DE ASSOCIADOS DO PLANALTO SERRANO - SICOOB CREDISERRA SC;1.692.448;b3S;I;2;S5;9;URUPEMA;SC;06/2022;109.195;106.281;0;19;0;0;0;2.690;204;0;0;0;0;0;0;0;0;0;0;1;0
COOPERATIVA DE CRÉDITO SICOOB NORTE SUL LTDA;2.876.918;b3S;I;2;S5;9;GANDU;BA;06/2022;107.709;102.781;0;0;0;0;0;0;4.925;0;0;0;0;0;0;0;0;0;0;3;0
CREDISAN COOPERATIVA DE CRÉDITO;62.109.566;b3S;I;2;S5;9;SAO JOAO DA BOA VISTA;SP;06/2022;107.407;107.403;0;0;0;0;0;0;0;0;0;0;0;0;0;0;0;0;0;3;0
COOPERATIVA DE CRÉDITO DOS MÉDICOS, TÉCNICOS E DEMAIS PROFISSIONAIS DA SAÚDE DO SUL DE MINAS LTDA., UNICRED SUL DE MINAS;71.418.784;b3S;I;2;S5;9;VARGINHA;MG;06/2022;107.404;28.678;0;0;0;0;0;78.724;0;0;0;0;0;0;0;0;0;0;0;1;0
COOPERATIVA DE CREDITO POTIGUAR - SICOOB POTIGUAR;2.382.755;b3S;I;2;S5;9;NATAL;RN;06/2022;107.141;107.138;0;0;0;0;0;0;0;0;0;0;0;0;0;0;0;0;0;2;0
COOPERATIVA DE CRÉDITO DOS MÉDICOS, SERVIDORES PÚBLICOS E EMPRESÁRIOS DO NORDESTE LTDA - UNICRED DO NORDESTE;2.602.922;b3S;I;2;S5;9;FEIRA DE SANTANA;BA;06/2022;106.721;46.135;0;0;0;0;0;60.586;0;0;0;0;0;0;0;0;0;0;0;1;0
COOPERATIVA CENTRAL DE CREDITO DO ESPIRITO SANTO - SICOOB CENTRAL ES;32.428.294;b3C;I;2;S4;9;VITORIA;ES;06/2022;106.316;0;0;0;0;0;0;106.316;0;0;0;0;0;0;0;0;0;0;0;0;0
COOPERATIVA DE CRÉDITO RURAL DE SÃO MIGUEL DO OESTE - SULCREDI/SÃO MIGUEL;8.253.539;b3S;I;2;S5;9;SAO MIGUEL D'OESTE;SC;06/2022;106.172;0;0;0;0;0;0;0;0;0;0;0;0;0;106.171;0;0;0;0;0;0
BANCO WOORI BANK DO BRASIL S.A.;15.357.060;b1;I;3;S4;8;SAO PAULO;SP;06/2022;105.264;20.903;0;0;0;0;20.955;63.406;0;0;0;0;0;0;0;0;0;0;0;0;0
COOPERATIVA DE CRÉDITO RURAL COM INTERAÇÃO SOLIDÁRIA ALTERNATIVA - CRESOL ALTERNATIVA;7.215.632;b3S;I;2;S5;9;RIO DO SUL;SC;06/2022;104.949;78.232;0;6;0;0;0;23.214;3.189;0;0;301;0;0;0;0;0;0;0;7;0
COOPERATIVA DE CRÉDITO SICOOBMAIS  LTDA. - SICOOBMAIS;26.359.745;b3S;I;2;S5;9;IGUATAMA;MG;06/2022;104.044;101.138;0;0;0;0;0;1.438;1.466;0;0;0;0;0;0;0;0;0;0;2;0
COOPERATIVA DE CRÉDITO UNIÃO DO CENTRO OESTE DE MINAS LTDA. - SICOOB CENTRO UNIÃO;65.239.402;b3S;I;2;S5;9;CARMO DO CAJURU;MG;06/2022;103.004;94.672;0;0;0;0;0;3.411;4.919;0;0;0;0;0;0;0;0;0;0;2;0
COOPERATIVA DE ECONOMIA E CRÉDITO MÚTUO DOS INTEGRANTES DO MINISTÉRIO PÚBLICO E DA DEFENSORIA PÚBLICA NO ESTADO DO RIO DE JANEIRO LIMITADA. - SICOOB COMPERJ;4.694.278;b3S;I;2;S5;9;RIO DE JANEIRO;RJ;06/2022;102.625;96.228;0;0;0;0;0;6.227;169;0;0;0;0;0;0;0;0;0;0;2;0
COOPERATIVA DE CREDITO RURAL COM INTERACAO SOLIDARIA ORIGENS -CRESOL ORIGENS;5.220.243;b3S;I;2;S5;9;SARANDI;RS;06/2022;101.286;65.580;0;2;0;0;0;35.350;307;0;0;37;0;0;0;0;0;0;0;11;0
COOPERATIVA DE CRÉDITO DOS MAGISTRADOS, SERVIDORES DA JUSTIÇA DO ESTADO DE GOIÁS E EMPREGADOS DA CELG LTDA.;9.552.111;b3S;I;2;S5;9;GOIANIA;GO;06/2022;100.926;96.619;0;0;0;0;0;8;4.298;0;0;0;0;0;0;0;0;0;0;0;0
SIMPALA S.A. CRÉDITO, FINANCIAMENTO E INVESTIMENTO;34.991.938;n1;I;2;S4;14;PORTO ALEGRE;RS;06/2022;100.286;100.286;0;0;0;0;0;0;0;0;0;0;0;0;0;0;0;0;0;0;0
COOPERATIVA DE ECONOMIA E CRÉDITO MÚTUO DOS MÉDICOS E DEMAIS PROFISSIONAIS DA ÁREA DE SAÚDE DE NÍVEL SUPERIOR DE JUIZ DE FORA LTDA. - UNICRED JUIZ DE FORA;71.479.653;b3S;I;2;S5;9;JUIZ DE FORA;MG;06/2022;98.875;32.238;0;0;0;0;0;66.637;0;0;0;0;0;0;0;0;0;0;0;0;0
COOPERATIVA CENTRAL DE CRÉDITO COM INTERAÇÃO SOLIDÁRIA - CENTRAL CRESOL BASER;1.401.771;b3C;I;2;S4;9;FRANCISCO BELTRAO;PR;06/2022;97.951;0;0;0;0;0;0;0;0;0;0;0;0;0;97.951;0;0;0;0;0;0
COOPERATIVA DE CRÉDITO DE LIVRE ADMISSÃO E DOS ADVOGADOS LTDA. - SICOOB CREDIJUR;2.480.577;b3S;I;2;S5;9;GOIANIA;GO;06/2022;97.866;74.253;0;0;0;0;0;974;22.639;0;0;0;0;0;0;0;0;0;0;0;0
COOPERATIVA DE CRÉDITO CREDIESMERALDAS LTDA. - SICOOB CREDIESMERALDAS;68.512.748;b3S;I;2;S5;9;ESMERALDAS;MG;06/2022;97.318;84.352;0;0;0;0;0;0;12.965;0;0;0;0;0;0;0;0;0;0;1;0
COOPERATIVA DE CRÉDITO DE LIVRE ADMISSÃO DO BRASIL CENTRAL LTDA. - SICOOB EXECUTIVO;694.877;b3S;I;2;S5;9;BRASILIA;DF;06/2022;95.398;94.567;0;0;0;0;0;68;759;0;0;0;0;0;0;0;0;0;0;2;0
COOPERATIVA DE CRÉDITO DO VALE DOS PINHAIS - SICOOB VALE DOS PINHAIS;86.791.837;b3S;I;2;S5;9;CACADOR;SC;06/2022;93.700;83.416;0;0;0;0;0;10.282;0;0;0;0;0;0;0;0;0;0;0;2;0
COOPERATIVA DE CRÉDITO RURAL COM INTERAÇÃO SOLIDÁRIA PLANALTO SERRANO - CRESOL PLANALTO SERRANO;2.766.672;b3S;I;2;S5;9;SAO JOAQUIM;SC;06/2022;93.698;82.695;0;38;0;0;0;9.875;944;0;0;141;0;0;0;0;0;0;0;5;0
COOPERATIVA DE ECONOMIA E CRÉDITO DE LIVRE ADMISSÃO LTDA. - SICOOB EMPRESARIAL;5.856.736;b3S;I;2;S5;9;BRASILIA;DF;06/2022;92.987;74.003;0;0;0;0;0;171;18.811;0;0;0;0;0;0;0;0;0;0;1;0
COOPERATIVA DE CRÉDITO MÚTUO DOS PROFISSIONAIS DE NÍVEL SUPERIOR DA SAÚDE, ARQUITETOS E URBANISTAS DE SETE LAGOAS E REGIÃO LTDA - UNICRED SETE LAGOAS;71.163.315;b3S;I;2;S5;9;SETE LAGOAS;MG;06/2022;92.928;29.607;0;0;0;0;0;63.321;0;0;0;0;0;0;0;0;0;0;0;0;0
COOPERATIVA DE CRÉDITO SICOOB TRANSAMAZÔNICA;24.431.221;b3S;I;2;S5;9;PACAJA;PA;06/2022;92.366;29.592;0;0;0;0;0;57.480;5.291;0;0;0;0;0;0;0;0;0;0;4;0
COOPERATIVA DE CRÉDITO E ECONOMIA COM INTERAÇÃO SOLIDÁRIA DE ARATIBA - CRESOL ARATIBA;4.565.791;b3S;I;2;S5;9;ARATIBA;RS;06/2022;91.894;85.130;0;0;0;0;0;6.760;0;0;0;0;0;0;0;0;0;0;0;3;0
COOPERATIVA DE CRÉDITO RURAL COM INTERAÇÃO SOLIDÁRIA CENTRO NORTE - CRESOL CENTRO NORTE;5.211.129;b3S;I;2;S5;9;MARCELINO RAMOS;RS;06/2022;89.791;60.208;0;0;0;0;0;25.590;3.783;0;0;205;0;0;0;0;0;0;0;5;0
COOPERATIVA DE CRÉDITO, POUPANÇA E INVESTIMENTO DOS MÉDICOS E DEMAIS PROFISSIONAIS DA SAÚDE E LIVRE ADMISSÃO MINAS - ESPÍRITO SANTO LTDA. - UNICRED MINAS - ES;1.110.032;b3S;I;2;S5;9;VITORIA;ES;06/2022;89.050;50.652;0;0;0;0;0;38.399;0;0;0;0;0;0;0;0;0;0;0;0;0
COOPERATIVA DE CRÉDITO DOS EMPREGADOS DO GRUPO VALLOUREC NO BRASIL - COOVALL LTDA.;64.293.582;b3S;I;2;S5;9;BELO HORIZONTE;MG;06/2022;88.171;88.169;0;0;0;0;0;0;0;0;0;0;0;0;0;0;0;0;0;3;0
COOPERATIVA DE CRÉDITO RURAL E ECONOMIA COM INTERAÇÃO SOLIDÁRIA CONCÓRDIA - CRESOL CONCÓRDIA;5.425.526;b3S;I;2;S5;9;CONCORDIA;SC;06/2022;87.178;72.111;0;20;0;0;0;13.547;1.394;0;0;104;0;0;0;0;0;0;0;1;0
COOPERATIVA DE CRÉDITO UNICRED CENTRAL MULTIRREGIONAL LTDA. - UCM;184.068;b3C;I;2;S4;9;BELO HORIZONTE;MG;06/2022;86.087;0;0;0;0;0;0;86.087;0;0;0;0;0;0;0;0;0;0;0;0;0
COOPERATIVA DE CRÉDITO, POUPANÇA E INVESTIMENTO SICREDI INTEGRAÇÃO BAHIA - SICREDI INTEGRAÇÃO BAHIA;97.489.280;b3S;I;2;S5;9;ITABUNA;BA;06/2022;85.842;77.584;0;0;0;0;0;4.965;3.293;0;0;0;0;0;0;0;0;0;0;1;0
COOPERATIVA DE ECONOMIA E CRÉDITO MÚTUO DOS EMPREGADOS DA JOHNSON & JOHNSON;45.691.128;b3S;I;2;S5;9;SAO JOSE DOS CAMPOS;SP;06/2022;84.054;84.053;0;0;0;0;0;0;0;0;0;0;0;0;0;0;0;0;0;1;0
COOPERATIVA DE ECONOMIA E CRÉDITO MÚTUO DOS EMPREGADOS DO GRUPO CASINO, GRUPO PÃO DE AÇÚCAR E GRUPO ASSAÍ;46.277.273;b3S;I;2;S5;9;SAO PAULO;SP;06/2022;82.423;82.286;0;0;0;0;0;0;0;0;0;0;0;0;0;0;0;0;0;137;0
COOPERATIVA DE CRÉDITO VALE DO CANOAS - SICOOB/SC CREDICANOAS;707.903;b3S;I;2;S5;9;ABDON BATISTA;SC;06/2022;82.416;55.198;0;0;0;0;0;23.758;3.459;0;0;0;0;0;0;0;0;0;0;1;0
CENTROCRED S.A. CRÉDITO, FINANCIAMENTO E INVESTIMENTOS;26.225.776;n1;I;2;S5;14;SANTA CRUZ DO SUL;RS;06/2022;82.371;81.341;0;0;0;0;0;0;0;0;0;0;0;0;0;0;0;0;0;1.030;0
BANCO OURINVEST S.A.;78.632.767;b1;I;2;S4;8;SAO PAULO;SP;06/2022;82.104;78.047;0;0;0;0;0;863;218;0;713;2.247;0;0;0;0;0;0;0;16;0
COOPERATIVA DE CRÉDITO RURAL E ECONOMIA COM INTERAÇÃO SOLIDÁRIA DE JACUTINGA - CRESOL JACUTINGA;2.904.125;b3S;I;2;S5;9;JACUTINGA;RS;06/2022;81.979;75.917;0;4;0;0;0;5.748;72;0;0;232;0;0;0;0;0;0;0;6;0
COOPERATIVA DE CRÉDITO E ECONOMIA COM INTERAÇÃO SOLIDÁRIA - CRESOL ALIANÇA;7.412.987;b3S;I;2;S5;9;PINHALZINHO;SC;06/2022;81.621;63.750;0;0;0;0;0;17.056;687;0;0;124;0;0;0;0;0;0;0;6;0
UNICRED REGIONAL NORTE LAGOS - COOPERATIVA DE ECONOMIA E CRÉDITO MÚTUO REGIONAL NORTE LAGOS LTDA;4.445.917;b3S;I;2;S5;9;CAMPOS DOS GOYTACAZES;RJ;06/2022;81.177;73.222;0;0;0;0;0;7.953;0;0;0;0;0;0;0;0;0;0;0;2;0
COOPERATIVA DE CRÉDITO DE LIVRE ADMISSÃO DA MARGEM ESQUERDA DO URUCUIA E SÃO FRANCISCO LTDA - SICOOB CREDICHAPADA;14.046.512;b3S;I;2;S5;9;CHAPADA GAUCHA;MG;06/2022;80.741;72.952;0;0;0;0;0;5.355;2.432;0;0;0;0;0;0;0;0;0;0;2;0
COOPERATIVA DE CRÉDITO RURAL COM INTERAÇÃO SOLIDÁRIA VALE DO CONTESTADO - CRESOL VALE DO CONTESTADO;9.433.005;b3S;I;2;S5;9;IRINEOPOLIS;SC;06/2022;80.320;58.093;0;3;0;0;0;17.907;4.009;0;0;300;0;0;0;0;0;0;0;9;0
COOPERATIVA DE CREDITO RURAL SEARA - CREDISEARA;204.963;b3S;I;2;S5;9;SEARA;SC;06/2022;80.113;0;0;0;0;0;0;9.045;0;0;0;0;0;0;71.068;0;0;0;0;1;0
COOPERATIVA DE CRÉDITO SICOOB UNI SUL MS;37.554.441;b3S;I;2;S5;9;DOURADOS;MS;06/2022;79.956;6.435;0;0;0;0;0;73.492;0;29;0;0;0;0;0;0;0;0;0;1;0
COOPERATIVA DE CRÉDITO DOS SERVIDORES DOS PODERES LEGISLATIVOS DO ESTADO DE MINAS GERAIS E DO SEU ÓRGÃO AUXILIAR LTDA. - SICOOB COFAL;21.797.311;b3S;I;2;S5;9;BELO HORIZONTE;MG;06/2022;77.819;75.633;0;0;0;0;0;1.534;652;0;0;0;0;0;0;0;0;0;0;0;0
COOPERATIVA DE CRÉDITO DOS PROFISSIONAIS DE SAÚDE E DE LIVRE ADMISSÃO DO TRIÂNGULO MINEIRO E SUL DE MINAS LTDA. - UNICRED PROGRESSO;71.432.926;b3S;I;2;S5;9;UBERABA;MG;06/2022;77.819;16.753;0;0;0;0;0;61.066;0;0;0;0;0;0;0;0;0;0;0;0;0
COOPERATIVA DE CRÉDITO SICOOB IPÊ - SICOOB IPÊ;24.610.065;b3S;I;2;S5;9;CAMPO GRANDE;MS;06/2022;77.710;75.143;0;0;0;0;0;0;2.566;0;0;0;0;0;0;0;0;0;0;0;0
COOPERATIVA DE CREDITO DE LIVRE ADMISSÃO DO VALE DO GORUTUBA LTDA - SICOOB CREDIVAG;25.404.542;b3S;I;2;S5;9;JANAUBA;MG;06/2022;77.627;71.947;0;0;0;0;0;4.275;1.402;0;0;0;0;0;0;0;0;0;0;2;0
COOPERATIVA DE CRÉDITO MÚTUO DOS EMPREGADOS DA MAXION - CREDMAXION;58.290.800;b3S;I;2;S5;9;CRUZEIRO;SP;06/2022;76.045;76.043;0;0;0;0;0;0;0;0;0;0;0;0;0;0;0;0;0;2;0
COOPERATIVA DE CRÉDITO DOS INTEGRANTES DO MINISTÉRIO PÚBLICO E DO PODER JUDICIÁRIO NOS ESTADOS DO AMAPÁ E CEARÁ E LIVRE ADMISSÃO NO ESTADO DO PARÁ - SICOOB COIMPPA;84.156.470;b3S;I;2;S5;9;BELEM;PA;06/2022;75.432;74.109;0;0;0;0;0;328;995;0;0;0;0;0;0;0;0;0;0;0;0
COOPERATIVA DE CRÉDITO CREDIBAM LTDA. - SICOOB CREDIBAM;66.259.110;b3S;I;2;S5;9;BAMBUI;MG;06/2022;74.347;62.263;545;0;0;0;0;11.103;433;0;0;0;0;0;0;0;0;0;0;1;0
COOPERATIVA DE ECONOMIA E CREDITO MUTUO DOS MEDICOS E CATEGORIAS AFINS-UNICRED NITEROI LTDA;1.090.027;b3S;I;2;S5;9;NITEROI;RJ;06/2022;73.371;55.801;0;0;0;0;0;17.569;0;0;0;0;0;0;0;0;0;0;0;1;0
COOPERATIVA DE CRÉDITO RURAL E ECONOMIA COM INTERAÇÃO SOLIDÁRIA DE GETÚLIO VARGAS - CRESOL GETÚLIO VARGAS;5.241.145;b3S;I;2;S5;9;GETULIO VARGAS;RS;06/2022;73.126;55.237;0;0;0;0;0;17.477;19;0;0;391;0;0;0;0;0;0;0;2;0
COOPERATIVA DE CRÉDITO RURAL COM INTERAÇÃO SOLIDÁRIA REALIZA - CRESOL REALIZA;10.453.077;b3S;I;2;S5;9;POUSO REDONDO;SC;06/2022;72.457;66.120;0;8;0;0;0;5.255;598;0;0;474;0;0;0;0;0;0;0;2;0
COOPERATIVA DE CRÉDITO DE LIVRE ADMISSÃO DE JATAÍ E REGIÃO LTDA.;10.143.499;b3S;I;2;S5;9;JATAI;GO;06/2022;72.158;57.454;0;0;0;0;0;9.271;5.433;0;0;0;0;0;0;0;0;0;0;0;0
COOPERATIVA DE CRÉDITO RURAL DE IRAÍ DE MINAS LTDA -SICOOB CREDIMIL;71.207.740;b3S;I;2;S5;9;IRAI DE MINAS;MG;06/2022;71.354;71.354;0;0;0;0;0;0;0;0;0;0;0;0;0;0;0;0;0;0;0
COOPERATIVA DE CRÉDITO DE LIVRE ADMISSÃO DE SANTA CRUZ DAS PALMEIRAS E REGIÃO;6.910.457;b3S;I;2;S5;9;SANTA CRUZ DAS PALMEIRAS;SP;06/2022;71.116;48.635;17;0;0;0;0;20.423;2.038;0;0;0;0;0;0;0;0;0;0;2;0
COOPERATIVA DE CRÉDITO MÚTUO DO CEARÁ - SICOOB CEARÁ;3.620.772;b3S;I;2;S5;9;FORTALEZA;CE;06/2022;70.902;69.402;0;0;0;0;0;0;1.499;0;0;0;0;0;0;0;0;0;0;1;0
COOPERATIVA DE ECONOMIA E CREDITO MUTUO SICOOB COOPERCREDI - SP;915.950;b3S;I;2;S5;9;SAO PAULO;SP;06/2022;70.240;61.497;0;0;0;0;0;3.292;5.450;0;0;0;0;0;0;0;0;0;0;1;0
CENTRAL SICOOB UNI DE COOPERATIVAS DE CRÉDITO;4.243.780;b3C;I;2;S4;9;GOIANIA;GO;06/2022;70.058;0;0;0;0;0;0;70.058;0;0;0;0;0;0;0;0;0;0;0;0;0
CREDISIS SUDOESTE/RO - COOPERATIVA DE CRÉDITO E INVESTIMENTO DO SUDOESTE DE RONDÔNIA LTDA.;3.985.375;b3S;I;2;S5;9;ROLIM DE MOURA;RO;06/2022;69.959;68.366;0;0;0;0;0;1.592;0;0;0;0;0;0;0;0;0;0;0;1;0
COOPERATIVA DE CRÉDITO, POUPANÇA E INVESTIMENTO DOS MILITARES ESTADUAIS DO RIO GRANDE DO SUL - SICREDI MIL RS;3.212.823;b3S;I;2;S4;9;PORTO ALEGRE;RS;06/2022;69.887;57.456;0;0;0;0;0;11.558;872;0;0;0;0;0;0;0;0;0;0;0;0
GRAZZIOTIN FINANCEIRA S/A - CRÉDITO, FINANCIAMENTO E INVESTIMENTOS;6.339.468;n1;I;2;S5;14;PASSO FUNDO;RS;06/2022;69.629;67.684;0;0;0;0;0;0;0;0;0;0;0;0;0;0;0;0;0;1.945;0
ALESTA SOCIEDADE DE CREDITO DIRETO S.A.;38.316.293;n1;I;2;S5;43;JAGUARIUNA;SP;06/2022;69.512;69.314;0;0;0;0;0;0;0;0;0;0;0;0;0;0;0;0;0;198;0
COOPERATIVA DE CRÉDITO SICOOB CREDCOOP LTDA.;2.528.151;b3S;I;2;S5;9;VITORIA DA CONQUISTA;BA;06/2022;67.429;67.428;0;0;0;0;0;0;0;0;0;0;0;0;0;0;0;0;0;1;0
BIORC FINANCEIRA - CRÉDITO, FINANCIAMENTO E INVESTIMENTO S.A.;11.285.104;n1;I;2;S5;14;FLORIANOPOLIS;SC;06/2022;66.687;66.674;0;0;0;0;0;0;0;0;0;0;0;0;0;0;0;0;0;13;0
COOPERATIVA DE CRÉDITO SICOOB UNIDAS;1.042.487;b3S;I;2;S5;9;BELEM;PA;06/2022;66.686;63.663;0;0;0;0;0;607;2.411;0;0;0;0;0;0;0;0;0;0;5;0
COOPERATIVA DE CRÉDITO SICREDI ALTO SERTÃO PARAIBANO - SICREDI ALTO SERTÃO PARAIBANO;9.343.038;b3S;I;2;S5;9;SOUSA;PB;06/2022;65.724;62.297;0;0;0;0;0;111;3.316;0;0;0;0;0;0;0;0;0;0;1;0
COOPERATIVA DE CRÉDITO DOS MILITARES E DA SEGURANÇA PÚBLICA NO DISTRITO FEDERAL LTDA. - SICOOB DFMIL;4.649.337;b3S;I;2;S5;9;BRASILIA;DF;06/2022;65.366;65.071;0;0;0;0;0;0;295;0;0;0;0;0;0;0;0;0;0;0;0
COOPERATIVA DE ECONOMIA E CRÉDITO MÚTUO DOS TRABALHADORES DO GRUPO SÃO MARTINHO   USICRED;2.562.412;b3S;I;2;S5;9;PRADOPOLIS;SP;06/2022;65.043;40.419;0;0;0;0;0;0;24.618;0;0;0;0;0;0;0;0;0;0;5;0
COOPERATIVA DE CRÉDITO DE LIVRE ADMISSÃO DE ASSOCIADOS - SICOOB CRUZ ALTA;73.326.449;b3S;I;2;S5;9;CRUZ ALTA;RS;06/2022;64.975;41.269;0;0;0;0;0;20.545;3.160;0;0;0;0;0;0;0;0;0;0;0;0
COOPERATIVA DE CRÉDITO CREDICAPI LTDA - SICOOB CREDICAPI;804.046;b3S;I;2;S5;9;CAPITOLIO;MG;06/2022;64.570;63.502;0;0;0;0;0;1.010;57;0;0;0;0;0;0;0;0;0;0;1;0
COOPERATIVA DE CRÉDITO DE LIVRE ADMISSÃO DE ARCOS LTDA. - SICOOB ARCOMCREDI;71.230.338;b3S;I;2;S5;9;ARCOS;MG;06/2022;64.502;59.370;0;0;0;0;0;763;4.368;0;0;0;0;0;0;0;0;0;0;1;0
COOPERATIVA DE CRÉDITO, POUPANÇA E INVESTIMENTO ALTO RIO GRANDE MG - SICREDI CREDIGRANDE MG;25.626.490;b3S;I;2;S4;9;LAVRAS;MG;06/2022;63.372;59.479;0;0;0;0;0;2.995;897;0;0;0;0;0;0;0;0;0;0;0;0
COOPERATIVA DE CRÉDITO RURAL E ECONOMIA COM INTERAÇÃO SOLIDÁRIA DE SÃO VALENTIM - CRESOL SÃO VALENTIM;3.015.152;b3S;I;2;S5;9;SAO VALENTIM;RS;06/2022;62.518;57.252;0;55;0;0;0;5.087;56;0;0;65;0;0;0;0;0;0;0;2;0
COOPERATIVA DE CRÉDITO E ECONOMIA COM INTERAÇÃO SOLIDARIA DE PORTO XAVIER - CRESOL PORTO XAVIER;5.442.759;b3S;I;2;S5;9;PORTO XAVIER;RS;06/2022;62.198;53.885;0;15;0;0;0;7.964;65;0;0;267;0;0;0;0;0;0;0;2;0
COOPERATIVA DE CRÉDITO DA REGIÃO DO VALE DO RIO GRANDE LTDA. - SICOOB CREDILEITE;86.585.049;b3S;I;2;S5;9;UBERABA;MG;06/2022;61.696;48.856;0;0;0;0;0;10.286;2.553;0;0;0;0;0;0;0;0;0;0;1;0
COOPERATIVA DE CRÉDITO DO SUDOESTE BAIANO LTDA - SICOOB CREDICONQUISTA;2.282.165;b3S;I;2;S5;9;VITORIA DA CONQUISTA;BA;06/2022;61.271;52.082;0;0;0;0;0;0;9.186;0;0;0;0;0;0;0;0;0;0;3;0
CREDITÁ S/A CRÉDITO, FINANCIAMENTO E INVESTIMENTO;12.599.971;n1;I;2;S5;14;PORTO ALEGRE;RS;06/2022;61.258;57.748;0;0;0;0;0;3.459;0;51;0;0;0;0;0;0;0;0;0;0;0
COOPERATIVA DE CRÉDITO DE RIO RUFINO - SICOOB CREDIUNIÃO;2.448.839;b3S;I;2;S5;9;RIO RUFINO;SC;06/2022;61.029;53.422;0;0;0;0;0;6.386;1.220;0;0;0;0;0;0;0;0;0;0;1;0
COOPERATIVA DE CRÉDITO COGEM;44.401.800;b3S;I;2;S5;9;SAO BERNARDO DO CAMPO;SP;06/2022;60.834;60.826;0;0;0;0;0;0;0;0;0;0;0;0;0;0;0;0;0;8;0
COOPERATIVA DE CRÉDITO CREDPLUS LTDA. - SICOOB CREDPLUS;71.069.587;b3S;I;2;S5;9;DORES DO INDAIA;MG;06/2022;60.548;53.101;380;0;0;0;0;5.784;1.282;0;0;0;0;0;0;0;0;0;0;1;0
COOPERATIVA DE CRÉDITO DE LIVRE ADMISSÃO DA REGIÃO DO CAPARAÓ LTDA. - SICOOB SAÚDE;71.261.184;b3S;I;2;S5;9;CARATINGA;MG;06/2022;59.926;32.719;11.027;0;0;0;0;13.272;2.908;0;0;0;0;0;0;0;0;0;0;0;0
CENTRAL DAS COOPERATIVAS DE CRÉDITO DO NORDESTE - SICOOB CENTRAL NE;70.116.611;b3C;I;2;S4;9;JOAO PESSOA;PB;06/2022;59.723;0;0;0;0;0;0;59.723;0;0;0;0;0;0;0;0;0;0;0;0;0
COOPERATIVA DE ECONOMIA E CRÉDITO MÚTUO DOS FUNCIONÁRIOS DO ATACADÃO;52.046.299;b3S;I;2;S5;9;SAO PAULO;SP;06/2022;59.425;59.246;9;0;0;0;0;0;0;0;0;0;0;0;0;0;0;0;0;171;0
COOPERATIVA DE CRÉDITO E ECONOMIA COM INTERAÇÃO SOLIDÁRIA DE XANXERÊ - CRESOL XANXERÊ;7.509.426;b3S;I;2;S5;9;XANXERE;SC;06/2022;58.606;51.325;0;0;0;0;0;6.670;603;0;0;7;0;0;0;0;0;0;0;1;0
COOPERATIVA DE CRÉDITO, POUPANÇA E INVESTIMENTO DOS POLICIAIS FEDERAIS DO RIO GRANDE DO SUL E SANTA CATARINA - SICREDI POL RS/SC;3.000.142;b3S;I;2;S4;9;PORTO ALEGRE;RS;06/2022;58.484;49.720;2.196;0;0;0;0;6.568;0;0;0;0;0;0;0;0;0;0;0;0;0
COOPERATIVA DE CRÉDITO, POUPANÇA E INVESTIMENTO EMPREENDEDORES - SICREDI EMPREENDEDORES PR;7.070.495;b3S;I;2;S4;9;CURITIBA;PR;06/2022;58.169;40.278;0;0;0;0;0;8.750;9.140;0;0;0;0;0;0;0;0;0;0;1;0
COOPERATIVA DE ECONOMIA E CRÉDITO MÚTUO DOS EMPREGADOS DO GRUPO FEMSA BRASIL;43.488.782;b3S;I;2;S5;9;SAO PAULO;SP;06/2022;58.055;58.044;0;0;0;0;0;0;0;0;0;0;0;0;0;0;0;0;0;11;0
ATRIA S.A.- CRÉDITO, FINANCIAMENTO E INVESTIMENTO;5.956.581;n1;I;2;S5;14;ARAUCARIA;PR;06/2022;57.887;13.943;0;0;0;0;0;43.945;0;0;0;0;0;0;0;0;0;0;0;0;0
DUFRIO FINANCEIRA, CRÉDITO, FINANCIAMENTO E INVESTIMENTOS S.A.;35.479.592;n1;I;2;S5;14;PORTO ALEGRE;RS;06/2022;57.794;57.793;0;0;0;0;0;0;0;0;0;0;0;0;0;0;0;0;0;1;0
REPOM S.A.;65.697.260;n4;I;2;;41;BARUERI;SP;06/2022;57.671;57.671;0;0;0;0;0;0;0;0;0;0;0;0;0;0;0;0;0;0;0
COOPERATIVA DE ECONOMIA E CRÉDITO MÚTUO DOS MILITARES ESTADUAIS DE SANTA CATARINA - CREDPOM;4.572.960;b3S;I;2;S5;9;FLORIANOPOLIS;SC;06/2022;57.614;57.441;0;0;0;0;0;0;172;0;0;0;0;0;0;0;0;0;0;1;0
COOPERATIVA DE CRÉDITO, POUPANÇA E INVESTIMENTO BANDEIRANTES - SICREDI BANDEIRANTES SP;4.853.988;b3S;I;2;S4;9;SAO CARLOS;SP;06/2022;56.965;45.734;0;0;0;0;0;9.605;1.626;0;0;0;0;0;0;0;0;0;0;1;0
COOPERATIVA DE CRÉDITO DE LIVRE ADMISSÃO DE ITAJUBÁ LTDA - SICOOB SUL DE MINAS;4.079.285;b3S;I;2;S5;9;ITAJUBA;MG;06/2022;56.957;26.072;0;0;0;0;0;0;30.885;0;0;0;0;0;0;0;0;0;0;1;0
COOPERATIVA DE CRÉDITO E ECONOMIA COM INTERAÇÃO SOLIDÁRIA CRESOL VALE;7.320.890;b3S;I;2;S5;9;VITOR MEIRELES;SC;06/2022;56.793;53.840;0;104;0;0;0;1.446;1.180;0;0;220;0;0;0;0;0;0;0;3;0
COOPERATIVA DE CREDITO E ECONOMIA COM INTERAÇÃO SOLIDARIA DE QUILOMBO - CRESOL QUILOMBO;73.254.757;b3S;I;2;S5;9;QUILOMBO;SC;06/2022;56.528;51.090;0;0;0;0;0;4.678;626;0;0;130;0;0;0;0;0;0;0;3;0
COOPERATIVA DE CRÉDITO DE LIVRE ADMISSÃO DE ASSOCIADOS DE JARAGUÁ DO SUL E REGIÃO - SICOOB CEJASCRED;12.384.953;b3S;I;2;S5;9;JARAGUA DO SUL;SC;06/2022;56.011;35.441;0;0;0;0;0;18.053;2.517;0;0;0;0;0;0;0;0;0;0;0;0
COOPERATIVA DE CRÉDITO RURAL DOS FORNECEDORES DE CANA DA REGIÃO DE CATANDUVA-COFOCRED;49.654.502;b3S;I;2;S5;9;CATANDUVA;SP;06/2022;55.936;55.936;0;0;0;0;0;0;0;0;0;0;0;0;0;0;0;0;0;0;0
SICOOB CREDIMONTES - COOPERATIVA DE CRÉDITO DE LIVRE ADMISSÃO REGIONAL DE MONTES CLAROS LTDA;2.031.139;b3S;I;2;S5;9;MONTES CLAROS;MG;06/2022;55.748;35.673;0;0;0;0;0;19.305;770;0;0;0;0;0;0;0;0;0;0;1;0
COOPERATIVA DE CRÉDITO RURAL ASCOOB COOPERAR;2.025.743;b3S;I;2;S5;9;ARACI;BA;06/2022;55.718;55.418;0;0;0;0;0;280;0;0;0;0;0;0;0;0;0;0;0;20;0
CENTRAL DE COOPERATIVAS DE ECONOMIA E CRÉDITO MÚTUO DO ESTADO DO RIO GRANDE DO SUL LTDA - UNICRED CENTRAL RS;1.634.601;b3C;I;2;S4;9;PORTO ALEGRE;RS;06/2022;54.355;0;0;0;0;0;0;54.355;0;0;0;0;0;0;0;0;0;0;0;0;0
COOPERATIVA DE ECONOMIA E CRÉDITO MÚTUO DOS SERVIDORES DA UNIVERSIDADE FEDERAL DE VIÇOSA LTDA. - SICOOB UFVCREDI;2.794.761;b3S;I;2;S5;9;VICOSA;MG;06/2022;54.177;53.389;0;0;0;0;0;413;375;0;0;0;0;0;0;0;0;0;0;1;0
COOPERATIVA DE CREDITO DE LIVRE ADMISSÃO DE MARTINHO CAMPOS LTDA - SICOOB CREDIMAC;64.480.833;b3S;I;2;S5;9;MARTINHO CAMPOS;MG;06/2022;53.944;46.422;0;1.491;0;0;0;1.433;4.597;0;0;0;0;0;0;0;0;0;0;2;0
COOPERATIVA DE ECONOMIA E CRÉDITO MÚTUO DOS PROFISSIONAIS DA ÁREA NOTARIAL E REGISTRAL - COOPNORE;7.714.057;b3S;I;2;S5;9;PORTO ALEGRE;RS;06/2022;53.879;32.722;0;0;0;0;0;21.157;0;0;0;0;0;0;0;0;0;0;0;0;0
COOPERATIVA DE CRÉDITO DE LIVRE ADMISSÃO DO CIRCUITO DAS ÁGUAS - SICOOB CIRCUITO DAS ÁGUAS;3.941.182;b3S;I;2;S5;9;AGUAS DE LINDOIA;SP;06/2022;53.604;40.049;0;0;0;0;0;0;13.556;0;0;0;0;0;0;0;0;0;0;0;0
COOPERATIVA DE CRÉDITO SICOOB ITAPAGIPE LTDA - SICOOB ITAPAGIPE;71.506.513;b3S;I;2;S5;9;ITAPAGIPE;MG;06/2022;53.517;52.312;0;0;0;0;0;196;1.009;0;0;0;0;0;0;0;0;0;0;0;0
COOPERATIVA DE CREDITO E ECONOMIA COM INTERAÇÃO SOLIDARIA - CRESOL JAGUARUNA;5.410.056;b3S;I;2;S5;9;JAGUARUNA;SC;06/2022;52.686;48.693;0;5;0;0;0;2.750;696;0;0;539;0;0;0;0;0;0;0;3;0
COOPERATIVA DE CRÉDITO DE LIVRE ADMISSÃO - SICOOB COPESITA;19.875.244;b3S;I;2;S5;9;TIMOTEO;MG;06/2022;52.675;49.953;0;0;0;0;0;94;2.627;0;0;0;0;0;0;0;0;0;0;2;0
CREDISIS CREDIBRÁS COOPERATIVA DE CRÉDITO E INVESTIMENTO DE LIVRE ADMISSÃO DO OESTE DE RONDÔNIA;5.597.773;b3S;I;2;S5;9;NOVA BRASILANDIA;RO;06/2022;52.639;52.638;0;0;0;0;0;0;0;0;0;0;0;0;0;0;0;0;0;1;0
UNICRED COSTA DO SOL RJ - COOPERATIVA DE ECONOMIA E CRÉDITO MÚTUO LTDA.;39.231.527;b3S;I;2;S5;9;MACAE;RJ;06/2022;52.436;47.833;0;0;0;0;0;3.167;0;1.436;0;0;0;0;0;0;0;0;0;0;0
COOPERATIVA DE CREDITO RURAL COM INTERACAO SOLIDARIA CONEXÕES -CRESOL CONEXÕES;5.220.232;b3S;I;2;S5;9;SANTA MARIA;RS;06/2022;52.237;35.361;0;77;0;0;0;15.861;757;0;0;176;0;0;0;0;0;0;0;6;0
COOPERATIVA DE CRÉDITO DE LIVRE ADMISSÃO DO OESTE MARANHENSE - SICOOB OESTE MARANHENSE;9.424.988;b3S;I;2;S5;9;ACAILANDIA;MA;06/2022;51.967;51.966;0;0;0;0;0;0;0;0;0;0;0;0;0;0;0;0;0;1;0
COOPERATIVA DE ECONOMIA E CRÉDITO MÚTUO SICOOB METALCRED;4.833.655;b3S;I;2;S5;9;SAO PAULO;SP;06/2022;51.868;48.604;0;0;0;0;0;617;2.642;0;0;0;0;0;0;0;0;0;0;5;0
COOPERATIVA DE CREDITO DE LIVRE ADMISSÃO DA REGIÃO SUDESTE DE MINAS GERAIS LTDA. - SICOOB CREDISUCESSO;42.887.133;b3S;I;2;S5;9;BOM SUCESSO;MG;06/2022;51.412;51.411;0;0;0;0;0;0;0;0;0;0;0;0;0;0;0;0;0;1;0
COOPERATIVA DE CRÉDITO, POUPANÇA E INVESTIMENTO DO SISTEMA DE JUSTIÇA NO ESTADO DO CEARÁ - SICREDI COOPERJURIS;8.041.950;b3S;I;2;S5;9;FORTALEZA;CE;06/2022;51.292;51.291;0;0;0;0;0;0;0;0;0;0;0;0;0;0;0;0;0;0;0
COOPERATIVA DE CRÉDITO DE LIVRE ADMISSÃO DO ESTADO DO PARÁ - SICOOB COOESA;83.836.114;b3S;I;2;S5;9;BELEM;PA;06/2022;51.224;50.008;0;0;0;0;0;0;1.212;0;0;0;0;0;0;0;0;0;0;4;0
COOPERATIVA DE CRÉDITO, POUPANÇA E INVESTIMENTO DOS JUÍZES E CARREIRAS PÚBLICAS DO DIREITO DO ESTADO DO RIO GRANDE DO SUL - SICREDI AJURIS RS;3.750.034;b3S;I;2;S4;9;PORTO ALEGRE;RS;06/2022;50.948;18.198;0;0;0;0;0;32.749;0;0;0;0;0;0;0;0;0;0;0;0;0
COOPERATIVA DE CREDITO RURAL E ECONOMIA COM INTERAÇÃO SOLIDARIA DE RIO FORTUNA - CRESOL RIO FORTUNA;7.958.405;b3S;I;2;S5;9;RIO FORTUNA;SC;06/2022;50.947;49.143;0;0;0;0;0;1.391;318;0;0;94;0;0;0;0;0;0;0;2;0
COOPERATIVA DE CRÉDITO E ECONOMIA COM INTERAÇÃO SOLIDÁRIA - CRESOL INOVAÇÃO;5.070.112;b3S;I;2;S5;9;CORONEL MARTINS;SC;06/2022;50.184;46.090;0;7;0;0;0;3.599;487;0;0;0;0;0;0;0;0;0;0;1;0
INCO SOCIEDADE DE EMPRÉSTIMO ENTRE PESSOAS S.A.;35.340.796;n1;I;2;S5;44;SAO PAULO;SP;06/2022;50.011;28.812;0;0;0;0;0;17.973;0;0;0;1.991;0;0;0;0;0;0;0;0;0
COOPERATIVA DE CRÉDITO E ECONOMIA COM INTERAÇÃO SOLIDÁRIA DE FORMOSA DO SUL - CRESOL FORMOSA;5.269.976;b3S;I;2;S5;9;FORMOSA DO SUL;SC;06/2022;49.753;38.333;0;3;0;0;0;10.885;413;0;0;115;0;0;0;0;0;0;0;4;0
COOPERATIVA DE ECONOMIA E CRÉDITO MÚTUO DOS SERVIDORES PÚBLICOS NO ESTADO DO ESPÍRITO SANTO;1.330.295;b3S;I;2;S5;9;VITORIA;ES;06/2022;49.679;49.271;0;0;0;0;0;407;0;0;0;0;0;0;0;0;0;0;0;1;0
PLANTAE S.A. - CRÉDITO, FINANCIAMENTO E INVESTIMENTO;35.551.187;n1;I;2;S4;14;PRESIDENTE PRUDENTE;SP;06/2022;49.099;49.099;0;0;0;0;0;0;0;0;0;0;0;0;0;0;0;0;0;0;0
COOPERATIVA DE CRÉDITO DE LIVRE ADMISSÃO DA REGIÃO DE GUAXUPÉ LTDA. - SICOOB ACICREDI;1.699.652;b3S;I;2;S5;9;GUAXUPE;MG;06/2022;48.953;47.326;0;0;0;0;0;476;1.149;0;0;0;0;0;0;0;0;0;0;2;0
COOPERATIVA DE CRÉDITO DE LIVRE ADMISSÃO DE RORAIMA LTDA.;2.137.018;b3S;I;2;S5;9;BOA VISTA;RR;06/2022;48.868;46.872;0;0;0;0;0;0;1.996;0;0;0;0;0;0;0;0;0;0;0;0
COOPERATIVA DE CRÉDITO E INVESTIMENTOS DO ACRE - SICOOB ACRE;3.528.402;b3S;I;2;S5;9;RIO BRANCO;AC;06/2022;48.710;48.708;0;0;0;0;0;0;0;0;0;0;0;0;0;0;0;0;0;2;0
COOPERATIVA DE ECONOMIA E CRÉDITO MÚTUO DOS MÉDICOS E DEMAIS PROFISSIONAIS DE NÍVEL SUPERIOR DA ÁREA DE SAÚDE DE OURINHOS - OURICRED;2.179.673;b3S;I;2;S5;9;OURINHOS;SP;06/2022;48.549;28.145;0;0;0;0;0;20.404;0;0;0;0;0;0;0;0;0;0;0;1;0
LAR COOPERATIVA DE CRÉDITO - LAR CREDI;39.343.350;b3S;I;2;S5;9;MEDIANEIRA;PR;06/2022;48.476;48.476;0;0;0;0;0;0;0;0;0;0;0;0;0;0;0;0;0;0;0
COOPERATIVA DE CREDITO , POUPANÇA E INVESTIMENTO DO ESTADO DO PIAUÍ - SICREDI PIAUÍ;3.128.973;b3S;I;2;S5;9;TERESINA;PI;06/2022;47.754;32.705;0;0;0;0;0;12.496;2.553;0;0;0;0;0;0;0;0;0;0;1;0
COOPERATIVA DE CRÉDITO DOS SERVIDORES DA UNIÃO, EMPRESÁRIOS, PROFISSIONAIS AUTÔNOMOS E LIBERAIS - SICOOB CENTRO NORDESTE;3.102.185;b3S;I;2;S5;9;JOAO PESSOA;PB;06/2022;47.101;46.220;0;0;0;0;0;0;881;0;0;0;0;0;0;0;0;0;0;0;0
COOPERATIVA DE CRÉDITO MÚTUO DOS SERVIDORES MUNICIPAIS DE SÃO JOÃO DA BOA VISTA - CREDIVISTA;74.248.949;b3S;I;2;S5;9;SAO JOAO DA BOA VISTA;SP;06/2022;46.910;46.910;0;0;0;0;0;0;0;0;0;0;0;0;0;0;0;0;0;0;0
COOPERATIVA DE CRÉDITO DE SÃO FRANCISCO DE SALES LTDA. - SICOOB CREDISALES;1.374.196;b3S;I;2;S5;9;SAO FRANCISCO DE SALES;MG;06/2022;46.529;44.988;95;0;0;0;0;0;1.443;0;0;0;0;0;0;0;0;0;0;2;0
CREDISIS OESTE - COOPERATIVA DE CRÉDITO E INVESTIMENTO DO OESTE;4.985.665;b3S;I;2;S5;9;ESPIGAO D'OESTE;RO;06/2022;46.512;46.511;0;0;0;0;0;0;0;0;0;0;0;0;0;0;0;0;0;1;0
COOPERATIVA DE CRÉDITO CREDINOSSO LTDA - SICOOB CREDINOSSO;6.324.872;b3S;I;2;S5;9;MONTES CLAROS;MG;06/2022;46.505;44.903;0;0;0;0;0;0;1.601;0;0;0;0;0;0;0;0;0;0;0;0
COOPERATIVA DE CRÉDITO CLÁSSICA DOS EMPREGADOS DA VALE S/A E ENTIDADES VINCULADAS LTDA. - SICOOB COOPVALE;33.924.028;b3S;I;2;S5;9;RIO DE JANEIRO;RJ;06/2022;46.300;40.174;0;0;0;0;0;2.725;3.392;0;0;0;0;0;0;0;0;0;0;9;0
COOPERATIVA DE CRÉDITO, POUPANÇA E INVESTIMENTO DOS PROFESSORES, FUNCIONÁRIOS E ALUNOS DA UNIVERSIDADE DE CAXIAS DO SUL - SICREDI COOPERUCS;4.525.997;b3S;I;2;S4;9;CAXIAS DO SUL;RS;06/2022;46.298;22.781;0;0;0;0;0;22.706;812;0;0;0;0;0;0;0;0;0;0;0;0
BANCO INDUSCRED DE INVESTIMENTO S.A.;33.588.252;b2;I;2;S4;13;SAO PAULO;SP;06/2022;45.763;43.392;0;0;0;0;581;1.791;0;0;0;0;0;0;0;0;0;0;0;0;0
COOPERATIVA DE ECONOMIA E CRÉDITO MÚTUO DOS SERVIDORES DA FUNDAÇÃO HOSPITALAR E EMPREGADOS DOS ESTABELECIMENTOS HOSPITALARES DE BELO HORIZONTE, REGIÃO METROPOLITANA E ZONA DA MATA LTDA.- SICOOB CECREF;19.402.130;b3S;I;2;S5;9;BELO HORIZONTE;MG;06/2022;45.502;45.500;0;0;0;0;0;0;0;0;0;0;0;0;0;0;0;0;0;2;0
COOPERATIVA DE CRÉDITO SICOOB COOPEMAR LTDA;4.174.720;b3S;I;2;S5;9;MAIRI;BA;06/2022;45.031;41.036;0;0;0;0;0;70;3.925;0;0;0;0;0;0;0;0;0;0;1;0
COOPERATIVA DE CRÉDITO DE LIVRE ADMISSÃO LEGISLATIVO LTDA.– SICOOB LEGISLATIVO;3.329.154;b3S;I;2;S5;9;BRASILIA;DF;06/2022;44.567;44.567;0;0;0;0;0;0;0;0;0;0;0;0;0;0;0;0;0;0;0
COOPERATIVA DE ECONOMIA E CRÉDITO MÚTUO - COOPERSERV;5.667.301;b3S;I;2;S5;9;LENCOIS PAULISTA;SP;06/2022;43.921;43.909;0;0;0;0;0;0;11;0;0;0;0;0;0;0;0;0;0;2;0
AGÊNCIA DE FOMENTO DO ESTADO DE MATO GROSSO S/A - DESENVOLVE MT;6.284.531;n1;I;1;S4;30;CUIABA;MT;06/2022;43.582;36.317;0;603;0;0;6.662;0;0;0;0;0;0;0;0;0;0;0;0;0;0
AGÊNCIA DE FOMENTO DE ALAGOAS S.A.;10.769.660;n1;I;1;S4;30;MACEIO;AL;06/2022;43.510;40.255;0;1.237;0;0;0;0;1.732;0;0;0;0;287;0;0;0;0;0;0;0
COOPERATIVA DE ECONOMIA E CRÉDITO MÚTUO - SICOOB COOPERAC;8.071.414;b3S;I;2;S5;9;RIBEIRAO PRETO;SP;06/2022;43.386;38.252;0;0;0;0;0;8;5.125;0;0;0;0;0;0;0;0;0;0;1;0
COOPERATIVA DE CAPITAL E EMPRÉSTIMO COOPERMULTICRED - COOPERMC;51.010.858;b3S;I;2;S5;9;GUARULHOS;SP;06/2022;42.877;42.877;0;0;0;0;0;0;0;0;0;0;0;0;0;0;0;0;0;0;0
AGÊNCIA DE FOMENTO E DESENVOLVIMENTO DO ESTADO DO PIAUÍ S.A. PIAUÍ FOMENTO;11.836.226;n1;I;1;S4;30;TERESINA;PI;06/2022;42.613;24.098;0;0;0;0;0;0;12.405;0;0;0;0;6.109;0;0;0;0;0;1;0
COOPERATIVA DE ECONOMIA E CRÉDITO MÚTUO DOS EMPREGADOS DO BANRISUL;92.935.741;b3S;I;2;S5;9;PORTO ALEGRE;RS;06/2022;42.284;7.191;1.715;0;0;0;0;33.377;0;0;0;0;0;0;0;0;0;0;0;1;0
AGENCIA DE FOMENTO DO RIO GRANDE DO NORTE S.A.;3.848.103;n1;I;1;S4;30;NATAL;RN;06/2022;42.279;37.753;0;0;0;0;0;0;3.876;0;0;308;0;310;0;0;0;0;0;30;0
LECCA CRÉDITO, FINANCIAMENTO E INVESTIMENTO S/A;7.652.226;n1;I;2;S4;14;RIO DE JANEIRO;RJ;06/2022;42.161;35.017;0;0;0;0;7.136;0;0;0;0;0;0;0;0;0;0;0;0;8;0
COOPERATIVA DE CREDITO SICOOB COOPEC LTDA.;32.615.247;b3S;I;2;S5;9;ITABUNA;BA;06/2022;41.801;40.108;0;0;0;0;0;0;1.693;0;0;0;0;0;0;0;0;0;0;1;0
COOPERATIVA DE CRÉDITO NO PIAUÍ - SICOOB PIAUÍ;5.477.038;b3S;I;2;S5;9;TERESINA;PI;06/2022;41.758;37.021;0;0;0;0;0;160;4.576;0;0;0;0;0;0;0;0;0;0;2;0
COOPERATIVA CENTRAL DE ECONOMIA E CRÉDITO MÚTUO  - SICOOB UNIMAIS;73.085.573;b3C;I;2;S4;9;SAO PAULO;SP;06/2022;41.669;0;0;0;0;0;0;41.669;0;0;0;0;0;0;0;0;0;0;0;0;0
COOPERATIVA DE ECONOMIA E CRÉDITO MÚTUO DOS SERVIDORES DA JUSTIÇA DO ESTADO DE MINAS GERAIS LTDA. - SICOOB CREDJUS;4.894.460;b3S;I;2;S5;9;BELO HORIZONTE;MG;06/2022;41.552;41.551;0;0;0;0;0;0;0;0;0;0;0;0;0;0;0;0;0;0;0
COOPERATIVA DE CRÉDITO DE LIVRE ADMISSÃO DE CERES E RIALMA LTDA;9.576.849;b3S;I;2;S5;9;CERES;GO;06/2022;41.254;40.664;0;0;0;0;0;0;590;0;0;0;0;0;0;0;0;0;0;0;0
COOPERATIVA DE CRÉDITO MÚTUO DE LIVRE ADMISSÃO DA REGIÃO ADMINISTRATIVA DE SOROCABA - SICOOB COOPERASO;10.175.348;b3S;I;2;S5;9;SOROCABA;SP;06/2022;40.411;36.752;0;0;0;0;0;0;3.657;0;0;0;0;0;0;0;0;0;0;1;0
COOPERATIVA DE CRÉDITO E ECONOMIA COM INTERAÇÃO SOLIDÁRIA DE CORONEL FREITAS - CRESOL CORONEL FREITAS;8.647.473;b3S;I;2;S5;9;CORONEL FREITAS;SC;06/2022;39.261;36.658;0;12;0;0;0;1.903;408;0;0;280;0;0;0;0;0;0;0;1;0
COOPERATIVA DE CREDITO DO MERCADO IMOBILIÁRIO - SICOOB IMOB.VC;14.913.919;b3S;I;2;S5;9;BELO HORIZONTE;MG;06/2022;38.230;20.551;0;0;0;0;0;16.477;1.201;0;0;0;0;0;0;0;0;0;0;0;0
AGÊNCIA DE FOMENTO DO ESTADO DO AMAZONAS S.A. - AFEAM;3.183.937;n1;I;1;S4;30;MANAUS;AM;06/2022;37.858;28.245;0;1.455;0;0;0;0;8.158;0;0;0;0;0;0;0;0;0;0;0;0
COOPERATIVA DE ECONOMIA E CRÉDITO MÚTUO DO GRUPO BASF;74.244.344;b3S;I;2;S5;9;SAO PAULO;SP;06/2022;37.773;37.773;0;0;0;0;0;0;0;0;0;0;0;0;0;0;0;0;0;0;0
COOPERATIVA DE CREDITO RURAL ASCOOB SISAL;63.229.629;b3S;I;2;S5;9;SERRINHA;BA;06/2022;37.659;37.497;0;0;0;0;0;127;0;0;0;0;0;0;0;0;0;0;0;36;0
AGÊNCIA DE FOMENTO DO ESTADO DE PERNAMBUCO S.A.;13.178.690;n1;I;1;S4;30;RECIFE;PE;06/2022;37.642;28.052;0;459;0;0;0;8.292;836;0;0;0;0;0;0;0;0;0;0;2;0
COOPERATIVA DE ECONOMIA E CREDITO MUTUO DOS EMPREGADOS DAS EMPRESAS RANDON;89.280.960;b3S;I;2;S5;9;CAXIAS DO SUL;RS;06/2022;37.601;37.539;0;0;0;0;0;57;0;0;0;0;0;0;0;0;0;0;0;4;0
COOPERATIVA DE CREDITO CLASSICA DO ESTADO DO RIO DE JANEIRO - SICOOB EMPRESAS RJ;4.120.633;b3S;I;2;S5;9;RIO DE JANEIRO;RJ;06/2022;37.549;30.939;0;0;0;0;0;3.988;2.621;0;0;0;0;0;0;0;0;0;0;1;0
COOPERATIVA DE CRÉDITO RURAL E ECONOMIA COM INTERAÇÃO SOLIDÁRIA DE ÁUREA - CRESOL ÁUREA;2.904.138;b3S;I;2;S5;9;AUREA;RS;06/2022;37.259;33.024;0;18;0;0;0;4.214;2;0;0;0;0;0;0;0;0;0;0;1;0
COOPERATIVA DE ECONOMIA E CRÉDITO MÚTUO DE LIVRE ADMISSÃO DE ARARAQUARA E REGIÃO - SICOOB;53.236.808;b3S;I;2;S5;9;ARARAQUARA;SP;06/2022;36.757;25.376;0;0;0;0;0;5.014;6.365;0;0;0;0;0;0;0;0;0;0;2;0
COOPERATIVA DE CRÉDITO DE LIVRE ADMISSÃO DO VALE RIO CRIXÁS LTDA.;7.108.146;b3S;I;2;S5;9;CRIXAS;GO;06/2022;36.662;36.662;0;0;0;0;0;0;0;0;0;0;0;0;0;0;0;0;0;0;0
COOPERATIVA DE CRÉDITO DE LIVRE ADMISSÃO SICOOB UNIÃO SUDESTE;7.946.216;b3S;I;2;S5;9;SANTO ANDRE;SP;06/2022;36.447;27.775;0;0;0;0;0;7.283;1.389;0;0;0;0;0;0;0;0;0;0;0;0
COOPERATIVA DE CRÉDITO, POUPANÇA E INVESTIMENTO DOS INTEGRANTES DA MAGISTRATURA E DO MINISTÉRIO PÚBLICO NO ESTADO DO PARANÁ - SICREDI CREDJURIS;4.886.317;b3S;I;2;S4;9;CURITIBA;PR;06/2022;36.278;36.278;0;0;0;0;0;0;0;0;0;0;0;0;0;0;0;0;0;0;0
UP.P SOCIEDADE DE EMPRÉSTIMO ENTRE PESSOAS S.A.;35.977.097;n1;I;2;S5;44;SAO PAULO;SP;06/2022;36.141;33.366;0;0;0;0;0;2.733;0;0;0;0;0;0;0;0;0;0;0;43;0
COOPERATIVA DE ECONOMIA E CRÉDITO MÚTUO DOS FUNCIONÁRIOS DA CARGILL;68.228.006;b3S;I;2;S5;9;SAO PAULO;SP;06/2022;35.764;35.754;7;0;0;0;0;0;0;0;0;0;0;0;0;0;0;0;0;3;0
SICREDI COOMAMP - COOPERATIVA DE CRÉDITO DOS MEMBROS DE INSTITUIÇÕES PÚBLICAS DAS CARREIRAS JURÍDICAS E DOS SERVIDORES PÚBLICOS FEDERAIS, ESTADUAIS E MUNICIPAIS EM SÃO LUÍS/MA E MUNICÍPIOS CIRCUNVIZIN;5.545.390;b3S;I;2;S5;9;SAO LUIS;MA;06/2022;35.326;35.312;0;0;0;0;0;14;0;0;0;0;0;0;0;0;0;0;0;0;0
COOPERATIVA DE CRÉDITO DE LIVRE ADMISSÃO DE ASSOCIADOS DE DORES DO INDAIÁ LTDA - COOPCREDI;2.254.376;b3S;I;2;S5;9;DORES DO INDAIA;MG;06/2022;35.061;31.861;0;0;0;0;0;51;3.147;0;0;0;0;0;0;0;0;0;0;2;0
COOPERATIVA DE ECONOMIA E CRÉDITO MÚTUO DOS FUNCIONÁRIOS DA NESTLÉ - CREDI NESTLÉ;62.562.012;b3S;I;2;S5;9;SAO PAULO;SP;06/2022;34.873;27;30.521;0;0;0;0;4.320;0;0;0;0;0;0;0;0;0;0;0;5;0
COOPERATIVA DE CRÉDITO E INVESTIMENTOS DE RONDÔNIA - SICOOB CREDJURD;4.751.713;b3S;I;2;S5;9;PORTO VELHO;RO;06/2022;34.671;33.450;0;0;0;0;0;0;1.221;0;0;0;0;0;0;0;0;0;0;0;0
COOPERATIVA DE CRÉDITO MÚTUO DOS EMPREGADOS DO MAGAZINE LUIZA, EMPRESAS CONTROLADAS E COLIGADAS - COOPLUIZA;2.093.154;b3S;I;2;S5;9;FRANCA;SP;06/2022;34.249;34.220;0;0;0;0;0;0;0;0;0;0;0;0;0;0;0;0;0;28;0
COOPERATIVA DE CRÉDITO RURAL DE OURO   SULCREDI/OURO;7.853.842;b3S;I;2;S5;9;OURO;SC;06/2022;34.045;2.092;0;0;0;0;0;0;7.837;0;0;0;0;0;24.116;0;0;0;0;0;0
COOPERATIVA CENTRAL DE CREDITO RURAL COM INTERAÇÃO SOLIDÁRIA   CENTRAL CRESOL SICOPER;21.198.087;b3C;I;2;S4;9;PASSO FUNDO;RS;06/2022;33.922;0;0;0;0;0;0;0;0;0;0;0;0;0;33.922;0;0;0;0;0;0
COOPERATIVA DE ECONOMIA E CRÉDITO DE LIVRE ADMISSÃO DOS EMPREGADOS DOS CORREIOS LTDA. - SICOOB COOPERCORREIOS;3.862.898;b3S;I;2;S5;9;BELO HORIZONTE;MG;06/2022;33.764;29.996;0;0;0;0;0;3.766;0;0;0;0;0;0;0;0;0;0;0;2;0
JBCRED S.A. SOCIEDADE DE CREDITO, FINANCIAMENTO E INVESTIMENTO;4.230.630;n1;I;2;S5;14;SAO PAULO;SP;06/2022;33.461;33.383;0;0;0;0;0;0;0;0;0;0;0;0;0;0;0;0;0;78;0
COOPERATIVA DE CREDITO E ECONOMIA COM INTERAÇÃO SOLIDARIA - CRESOL SÃO JOÃO DO SUL;9.488.496;b3S;I;2;S5;9;SAO JOAO DO SUL;SC;06/2022;33.327;29.945;0;25;0;0;0;3.074;272;0;0;9;0;0;0;0;0;0;0;2;0
COOPERATIVA DE CREDITO CREDLIDER - SICOOB CREDLIDER;5.463.934;b3S;I;2;S5;9;VOTUPORANGA;SP;06/2022;32.536;27.415;0;0;0;0;0;0;5.121;0;0;0;0;0;0;0;0;0;0;0;0
COOPERATIVA DE CREDITO E ECONOMIA COM INTERAÇÃO SOLIDARIA - CRESOL JACINTO MACHADO;9.463.721;b3S;I;2;S5;9;JACINTO MACHADO;SC;06/2022;32.171;31.184;0;4;0;0;0;670;310;0;0;0;0;0;0;0;0;0;0;3;0
COOPERATIVA DE CREDITO RURAL E ECONOMIA COM INTERAÇÃO SOLIDARIA DE TREZE DE MAIO - CRESOL TREZE DE MAIO;9.330.158;b3S;I;2;S5;9;TREZE DE MAIO;SC;06/2022;32.165;31.348;0;6;0;0;0;220;563;0;0;27;0;0;0;0;0;0;0;1;0
GREENCRED - COOPERATIVA DE CREDITO;2.347.114;b3S;I;2;S5;9;CURITIBA;PR;06/2022;31.811;7.185;0;0;0;0;41;24.585;0;0;0;0;0;0;0;0;0;0;0;0;0
COOPERATIVA DE CRÉDITO MÚTUO DOS SERVIDORES PÚBLICOS MUNICIPAIS DE SÃO BERNARDO DO CAMPO - CREDIABC;3.612.679;b3S;I;2;S5;9;SAO BERNARDO DO CAMPO;SP;06/2022;31.699;31.696;0;0;0;0;0;0;0;0;0;0;0;0;0;0;0;0;0;3;0
COOPERÁGUIA - COOPERATIVA DE ECONOMIA E CRÉDITO MÚTUO DOS EMPREGADOS DO GRUPO ÁGUIA BRANCA;27.171.974;b3S;I;2;S5;9;CARIACICA;ES;06/2022;31.019;31.012;0;0;0;0;0;0;0;0;0;0;0;0;0;0;0;0;0;7;0
SICOOB CREDICONSUMO - COOPERATIVA DE CRÉDITO;47.074.323;b3S;I;2;S5;9;SANTO ANDRE;SP;06/2022;30.701;29.717;0;0;0;0;0;926;48;0;0;0;0;0;0;0;0;0;0;11;0
COOPERATIVA DE ECONOMIA E CRÉDITO MÚTUO DOS EMPREGADOS DO GRUPO COLORADO;2.024.442;b3S;I;2;S5;9;GUAIRA;SP;06/2022;30.651;4.865;25.784;0;0;0;0;0;0;0;0;0;0;0;0;0;0;0;0;2;0
BANCO DE LA NACION ARGENTINA;33.042.151;b1;I;3;S4;28;SAO PAULO;SP;06/2022;30.441;30.441;0;0;0;0;0;0;0;0;0;0;0;0;0;0;0;0;0;0;0
COOPERATIVA CENTRAL DE CRÉDITO DE GOIÁS LTDA;33.416.108;b3C;I;2;S4;9;GOIANIA;GO;06/2022;29.978;0;0;0;0;0;0;29.978;0;0;0;0;0;0;0;0;0;0;0;0;0
CENTRAL DAS COOPERATIVAS DE CRÉDITO DOS ESTADOS DE MATO GROSSO, MATO GROSSO DO SUL E DO MUNICÍPIO DE CACOAL/RO - SICOOB CENTRAL RONDON;106.180;b3C;I;2;S4;9;CUIABA;MT;06/2022;29.711;0;0;0;0;0;0;29.711;0;0;0;0;0;0;0;0;0;0;0;0;0
COOPERATIVA DE CRÉDITO DOS MÉDICOS E DEMAIS PROFISSIONAIS DA SAÚDE DE VITÓRIA DA CONQUISTA;2.833.202;b3S;I;2;S5;9;VITORIA DA CONQUISTA;BA;06/2022;29.639;8.403;0;0;0;0;0;21.236;0;0;0;0;0;0;0;0;0;0;0;0;0
TENTOS S.A. CRÉDITO, FINANCIAMENTO E INVESTIMENTO;41.498.340;n1;I;2;S5;14;IJUI;RS;06/2022;29.558;29.558;0;0;0;0;0;0;0;0;0;0;0;0;0;0;0;0;0;0;0
SICOOB CRED COPERCANA COOPERATIVA DE CRÉDITO;64.739.121;b3S;I;2;S5;9;SERTAOZINHO;SP;06/2022;29.491;21.386;0;0;0;0;0;8.104;0;0;0;0;0;0;0;0;0;0;0;1;0
COMPANHIA HIPOTECÁRIA PIRATINI - CHP;18.282.093;n1;I;2;S4;29;PORTO ALEGRE;RS;06/2022;28.982;0;28.982;0;0;0;0;0;0;0;0;0;0;0;0;0;0;0;0;0;0
ACCREDITO - SOCIEDADE DE CRÉDITO DIRETO S.A.;37.715.993;n1;I;2;S5;43;SAO PAULO;SP;06/2022;28.948;28.948;0;0;0;0;0;0;0;0;0;0;0;0;0;0;0;0;0;0;0
COOPERATIVA DE CRÉDITO DE SERVIDORES PÚBLICOS COOPERPLAN LTDA. - SICOOB COOPERPLAN;2.674.113;b3S;I;2;S5;9;BRASILIA;DF;06/2022;28.640;28.640;0;0;0;0;0;0;0;0;0;0;0;0;0;0;0;0;0;0;0
COOPERATIVA DE ECONOMIA E CRÉDITO MÚTUO DOS TRABALHADORES NA ÁREA DE SAÚDE, AFINS E EMPRESÁRIOS VINCULADOS À ACCI DE ERECHIM-RS-CREDISUL;7.494.300;b3S;I;2;S5;9;ERECHIM;RS;06/2022;28.532;19.522;0;0;0;0;0;9.009;0;0;0;0;0;0;0;0;0;0;0;1;0
COOPERATIVA DE ECONOMIA E CRÉDITO MÚTUO DOS EMPRESÁRIOS DE AMERICANA, LIMEIRA E REGIÃO - SICOOB ACICRED;9.579.249;b3S;I;2;S5;9;AMERICANA;SP;06/2022;27.918;19.374;0;0;0;0;0;548;7.996;0;0;0;0;0;0;0;0;0;0;0;0
COOPERATIVA DE ECONOMIA E CRÉDITO MÚTUO DOS EMPREGADOS DO GRUPO SCHAEFFLER;62.284.385;b3S;I;2;S5;9;SOROCABA;SP;06/2022;27.823;27.823;0;0;0;0;0;0;0;0;0;0;0;0;0;0;0;0;0;0;0
COOPERATIVA DE CRÉDITO DOS MÉDICOS E PROFISSIONAIS DE SAÚDE DE SÃO LUÍS - SICREDI SÃO LUÍS;8.143.326;b3S;I;2;S5;9;SAO LUIS;MA;06/2022;27.699;26.569;0;0;0;0;0;0;1.130;0;0;0;0;0;0;0;0;0;0;0;0
COOPERATIVA DE CRÉDITO DOS EMPRESÁRIOS DE MANAUS - SICOOB CREDEMPRESAS-AM;10.808.037;b3S;I;2;S5;9;MANAUS;AM;06/2022;27.414;26.507;0;0;0;0;0;0;907;0;0;0;0;0;0;0;0;0;0;0;0
VALOR SOCIEDADE DE CRÉDITO DIRETO S.A.;7.799.277;n1;I;2;S5;43;SAO PAULO;SP;06/2022;26.966;26.895;0;0;0;0;0;0;0;0;0;0;0;0;0;0;0;0;0;71;0
COOPERATIVA DE CRÉDITO MÚTUO DOS SERVIDORES FEDERAIS NA PARAÍBA - SICOOB COOPERCRET;2.275.781;b3S;I;2;S5;9;JOAO PESSOA;PB;06/2022;26.811;26.794;0;0;0;0;0;0;17;0;0;0;0;0;0;0;0;0;0;0;0
COOPERATIVA DE CRÉDITO CREDIPIMENTA LTDA. - SICOOB CREDIPIMENTA;42.934.794;b3S;I;2;S5;9;PIMENTA;MG;06/2022;26.427;15.083;10.310;0;0;0;0;503;530;0;0;0;0;0;0;0;0;0;0;1;0
SICOOB CREDIMED - COOPERATIVA DE CRÉDITO DE LIVRE ADMISSÃO DA CIDADE DE UBERABA LTDA.;71.336.432;b3S;I;2;S5;9;UBERABA;MG;06/2022;25.870;25.705;0;0;0;0;0;3;162;0;0;0;0;0;0;0;0;0;0;1;0
COOPERATIVA DE CRÉDITO MÚTUO DOS PROFISSIONAIS DA SAÚDE E LIVRE ADMISSÃO DE TEÓFILO OTONI LTDA. - UNICRED TRÊS VALES;1.709.266;b3S;I;2;S5;9;TEOFILO OTONI;MG;06/2022;25.829;11.914;0;0;0;0;0;13.889;26;0;0;0;0;0;0;0;0;0;0;0;0
COOPERATIVA CENTRAL DE CRÉDITO DA BAHIA LTDA - SICOOB CENTRAL BA;34.148.882;b3C;I;2;S4;9;SALVADOR;BA;06/2022;25.726;0;0;0;0;0;0;25.726;0;0;0;0;0;0;0;0;0;0;0;0;0
COOPERATIVA DE ECONOMIA E CRÉDITO MÚTUO DOS SERVIDORES DA SECRETARIA DE ESTADO DE FAZENDA DO DISTRITO FEDERAL - SICOOB CREDSEF;3.603.683;b3S;I;2;S5;9;BRASILIA;DF;06/2022;24.544;24.544;0;0;0;0;0;0;0;0;0;0;0;0;0;0;0;0;0;0;0
COOPERATIVA DE CRÉDITO RURAL  E ECONOMIA COM INTERAÇÃO SOLIDÁRIA DE ITATIBA DO SUL - CRESOL ITATIBA DO SUL;5.745.533;b3S;I;2;S5;9;ITATIBA DO SUL;RS;06/2022;24.486;21.835;0;0;0;0;0;2.472;40;0;0;138;0;0;0;0;0;0;0;1;0
COOPERATIVA DE CRÉDITO DE LIVRE ADMISSÃO SUL MARANHENSE - SICOOB SUL MARANHENSE;26.526.166;b3S;I;2;S5;9;BALSAS;MA;06/2022;24.398;16.991;0;0;0;0;0;3.693;3.713;0;0;0;0;0;0;0;0;0;0;1;0
COOPERATIVA DE CRÉDITO, POUPANÇA E INVESTIMENTO DOS PROFISSIONAIS MÉDICOS E DA SAÚDE DE CURITIBA E REGIÃO METROPOLITANA - SICREDI MEDICRED PR;2.924.977;b3S;I;2;S4;9;CURITIBA;PR;06/2022;24.315;21.462;0;0;5;0;0;2.848;0;0;0;0;0;0;0;0;0;0;0;0;0
BANCO DE LA PROVINCIA DE BUENOS AIRES;44.189.447;b1;I;3;S4;28;SAO PAULO;SP;06/2022;24.245;0;0;0;0;0;0;0;20.689;0;0;0;0;0;3.557;0;0;0;0;0;0
COOPERATIVA DE CRÉDITO MÚTUO DOS DESPACHANTES DE TRÂNSITO DE SANTA CATARINA E RIO GRANDE DO SUL - SICOOB CREDITRAN;4.715.685;b3S;I;2;S5;9;FLORIANOPOLIS;SC;06/2022;24.128;19.117;0;0;0;0;0;1.234;3.777;0;0;0;0;0;0;0;0;0;0;0;0
COOPERATIVA DE ECONOMIA E CRÉDITO MÚTUO DOS EMPREGADOS DA CENTRAIS ELÉTRICAS DE SANTA CATARINA - CREDELESC;8.850.613;b3S;I;2;S5;9;FLORIANOPOLIS;SC;06/2022;24.019;17.764;1.174;0;0;0;0;5.081;0;0;0;0;0;0;0;0;0;0;0;1;0
COOPERATIVA DE ECONOMIA E CRÉDITO MÚTUO DOS EMPREGADOS DA CBMM LTDA.;18.140.913;b3S;I;2;S5;9;ARAXA;MG;06/2022;23.685;23.685;0;0;0;0;0;0;0;0;0;0;0;0;0;0;0;0;0;0;0
CORA SOCIEDADE DE CRÉDITO DIRETO S.A.;37.880.206;n1;I;3;S5;43;SAO PAULO;SP;06/2022;22.899;22.840;0;0;0;0;0;0;0;0;0;0;0;0;0;0;0;0;0;59;0
ANDBANK;51.949;b1;C;3;S4;199;SAO PAULO;SP;06/2022;22.358;1.284;0;0;0;0;0;21.074;0;0;0;0;0;0;0;0;0;0;0;1;0
COOPERATIVA DE ECONOMIA E CRÉDITO MÚTUO DOS EMPREGADOS DAS EMPRESAS DO GRUPO ECONÔMICO RHODIA - CREDIRHODIA;57.563.728;b3S;I;2;S5;9;PAULINIA;SP;06/2022;22.274;22.274;0;0;0;0;0;0;0;0;0;0;0;0;0;0;0;0;0;1;0
COMMERZBANK BRASIL S.A. - BANCO MÚLTIPLO;23.522.214;b1;I;3;S4;8;SAO PAULO;SP;06/2022;21.858;437;0;0;0;0;0;21.421;0;0;0;0;0;0;0;0;0;0;0;0;0
COOPERATIVA DE CRÉDITO E ECONOMIA COM INTERAÇÃO SOLIDÁRIA DE SANTA TEREZINHA DO PROGRESSO - CRESOL SANTA TEREZINHA DO PROGRESSO;8.652.872;b3S;I;2;S5;9;SANTA TEREZINHA DO PROGRESSO;SC;06/2022;21.402;20.626;0;8;0;0;0;18;167;0;0;581;0;0;0;0;0;0;0;1;0
AGÊNCIA DE FOMENTO DO ESTADO DO TOCANTINS S.A.;5.474.540;n1;I;1;S4;30;PALMAS;TO;06/2022;21.268;13.362;0;0;0;0;0;0;6.477;0;0;0;0;1.429;0;0;0;0;0;0;0
COOPERATIVA DE CRÉDITO MÚTUO DOS SERVIDORES DO MINISTERIO DA EDUCAÇÃO EM SÃO PAULO - COOPEMESP;73.092.827;b3S;I;2;S5;9;SAO PAULO;SP;06/2022;21.203;21.203;0;0;0;0;0;0;0;0;0;0;0;0;0;0;0;0;0;0;0
SERVICOOP - COOPERATIVA DE CRÉDITO DOS SERVIDORES PÚBLICOS ESTADUAIS E MUNICIPAIS DO RIO GRANDE DO SUL;3.973.814;b3S;I;2;S5;9;PORTO ALEGRE;RS;06/2022;21.108;20.791;315;0;0;0;0;0;0;0;0;0;0;0;0;0;0;0;0;1;0
COOPERATIVA  ECONOMIA CRÉDITO MÚTUO  SERVS E EMPREGADOS PÚBLICOS MUNIC DE BELO HORIZONTE BETIM BRUMADINHO CONTAGEM IBIRITÉ NOVA LIMA RIBEIRÃO DAS NEVES SABARÁ SANTA LUZIA E VESPASIANO SICOOB CREDISERV;1.864.151;b3S;I;2;S5;9;BELO HORIZONTE;MG;06/2022;20.976;20.972;0;0;0;0;0;0;0;0;0;0;0;0;0;0;0;0;0;4;0
COOPERATIVA DE ECONOMIA E CRÉDITO MÚTUO DOS MAGISTRADOS DE SÃO PAULO - MAGISCRED;51.489.318;b3S;I;2;S5;9;SAO PAULO;SP;06/2022;20.903;20.903;0;0;0;0;0;0;0;0;0;0;0;0;0;0;0;0;0;0;0
CREFAZ SOCIEDADE DE CRÉDITO AO MICROEMPREENDEDOR E A EMPRESA DE PEQUENO PORTE LTDA.;18.188.384;n1;I;2;S5;10;MARINGA;PR;06/2022;20.556;20.487;0;0;0;0;0;0;0;0;0;0;0;0;0;0;0;0;0;69;0
COOPERATIVA CENTRAL DE CRÉDITO RURAL COM INTERAÇÃO SOLIDÁRIA -  CRESOL CENTRAL BRASIL;7.202.627;b3C;I;2;S4;9;CHAPECO;SC;06/2022;20.551;0;0;0;0;0;0;0;20.551;0;0;0;0;0;0;0;0;0;0;0;0
COOPERATIVA DE ECONOMIA E CRÉDITO MÚTUO DOS EMPREGADOS DA JOYSON SAFETY SYSTEMS - COOPERJSS;47.944.277;b3S;I;2;S5;9;JUNDIAI;SP;06/2022;20.551;75;20.466;0;0;0;0;0;0;0;0;0;0;0;0;0;0;0;0;9;0
BANCO PORTO REAL DE INVESTIMENTOS S.A;40.429.946;b2;I;2;S4;13;PORTO REAL;RJ;06/2022;20.162;2.037;0;0;0;0;0;18.125;0;0;0;0;0;0;0;0;0;0;0;0;0
GERENCIANET S.A.;9.089.356;n4;I;2;S5;41;OURO PRETO;MG;06/2022;20.117;19.876;0;0;0;0;0;0;0;0;0;0;0;0;0;0;0;0;0;241;0
COOPERATIVA DE ECONOMIA E CRÉDITO MÚTUO DOS SERVIDORES DA UNIVERSIDADE ESTADUAL DE CAMPINAS - COOPERUNICAMP;2.285.107;b3S;I;2;S5;9;CAMPINAS;SP;06/2022;19.906;19.905;0;0;0;0;0;0;0;0;0;0;0;0;0;0;0;0;0;1;0
COOPERATIVA CENTRAL DE ECONOMIA E CRÉDITO MÚTUO DAS UNICREDS DO ESTADO DO RIO DE JANEIRO E DO MATO GROSSO LTDA   UNICRED CENTRAL RJ/MT;86.774.775;b3C;I;2;S4;9;RIO DE JANEIRO;RJ;06/2022;19.783;6.443;0;0;0;0;0;12.697;0;643;0;0;0;0;0;0;0;0;0;0;0
COOPERATIVA DE ECONOMIA E CRÉDITO MÚTUO DOS COLABORADORES DA VALE S.A LTDA. - SICOOB CREDIVALE;20.961.629;b3S;I;2;S5;9;ITABIRA;MG;06/2022;19.629;15.411;0;0;0;0;0;2.801;1.416;0;0;0;0;0;0;0;0;0;0;1;0
BANCO LETSBANK S.A.;58.497.702;b1;I;2;S4;8;SAO PAULO;SP;06/2022;19.495;19.495;0;0;0;0;0;0;0;0;0;0;0;0;0;0;0;0;0;1;0
COOPERATIVA CENTRAL DE CRÉDITO DO RIO DE JANEIRO LTDA.;14.568.725;b3C;I;2;S4;9;RIO DE JANEIRO;RJ;06/2022;19.486;0;0;0;0;0;0;18.265;1.221;0;0;0;0;0;0;0;0;0;0;0;0
COOPERATIVA DE CRÉDITO CLÁSSICA DOS FUNCIONÁRIOS E PRESTADORES DE SERVIÇOS DAS EMPRESAS LIGADAS AO GRUPO EUCATUR LTDA. - SICOOB EUCRED;21.110.927;b3S;I;2;S5;9;JI-PARANA;RO;06/2022;19.273;12.144;0;0;0;0;0;4.239;2.886;0;0;0;0;0;0;0;0;0;0;4;0
COOPERATIVA DE ECONOMIA E CRÉDITO MÚTUO DOS FUNCIONÁRIOS DA VILLARES METALS;53.846.242;b3S;I;2;S5;9;SUMARE;SP;06/2022;17.566;17.565;0;0;0;0;0;0;0;0;0;0;0;0;0;0;0;0;0;0;0
SICOOB UNISP - COOPERATIVA DE CRÉDITO;74.220.948;b3S;I;2;S5;9;PRESIDENTE PRUDENTE;SP;06/2022;17.250;13.015;4.235;0;0;0;0;0;0;0;0;0;0;0;0;0;0;0;0;0;0
CREDISIS COOPERUFPA - COOPERATIVA DE ECONOMIA E CRÉDITO MÚTUO DOS SERVIDORES PÚBLICOS FEDERAIS E ESTADUAIS E DAS ENTIDADES DE ENSINO COM SEUS RESPECTIVOS FUNCIONÁRIOS NO ESTADO DO PARÁ;83.325.811;b3S;I;2;S5;9;BELEM;PA;06/2022;16.867;16.867;0;0;0;0;0;0;0;0;0;0;0;0;0;0;0;0;0;0;0
COOPERATIVA DE ECONOMIA E CREDITO MUTUO DOS FUNCIONARIOS DA COMIGO;1.062.439;b3S;I;2;S5;9;RIO VERDE;GO;06/2022;16.754;16.754;0;0;0;0;0;0;0;0;0;0;0;0;0;0;0;0;0;0;0
CREDITAS SOCIEDADE DE CRÉDITO DIRETO S.A.;32.997.490;n1;I;2;S5;43;SAO PAULO;SP;06/2022;16.669;16.669;0;0;0;0;0;0;0;0;0;0;0;0;0;0;0;0;0;0;0
COOPERATIVA DE CRÉDITO, POUPANÇA E INVESTIMENTO DAS CARREIRAS DO MINISTÉRIO PÚBLICO, TRIBUNAL DE CONTAS E SECRETARIA DA FAZENDA DO RIO GRANDE DO SUL - SICREDI MP RS;3.662.047;b3S;I;2;S4;9;PORTO ALEGRE;RS;06/2022;16.606;12.108;0;0;0;0;0;4.498;0;0;0;0;0;0;0;0;0;0;0;0;0
COOPERATIVA DE CRÉDITO DE LIVRE ADMISSÃO DA REGIÃO SUL DO MARANHÃO - SICREDI SUL DO MARANHÃO;26.191.078;b3S;I;2;S5;9;IMPERATRIZ;MA;06/2022;16.340;15.170;0;0;0;0;0;0;1.170;0;0;0;0;0;0;0;0;0;0;1;0
COOPERATIVA DE ECONOMIA E CRÉDITO MÚTUO DOS EMPREGADOS DA MONDELEZ BRASIL, PHILIP MORRIS BRASIL E K&S ALIMENTOS - SICOOB COOPMOND;62.795.257;b3S;I;2;S5;9;SAO PAULO;SP;06/2022;16.061;16.059;0;0;0;0;0;0;0;0;0;0;0;0;0;0;0;0;0;2;0
COOPERATIVA DE ECONOMIA E CRÉDITO MÚTUO DOS FUNCIONÁRIOS DA FUNDAÇÃO ZERBINI E DA FUNDAÇÃO FACULDADE DE MEDICINA (FFM) - COOPINCOR;1.997.612;b3S;I;2;S5;9;SAO PAULO;SP;06/2022;15.752;15.751;0;0;0;0;0;0;0;0;0;0;0;0;0;0;0;0;0;0;0
COOPERATIVA DE CRÉDITO, POUPANÇA E INVESTIMENTO DOS ADVOGADOS E SERVENTUÁRIOS DO PODER JUDICIÁRIO NO ESTADO DO RIO GRANDE DO SUL - SICREDI COOABCRED RS;19.962.468;b3S;I;2;S4;9;PORTO ALEGRE;RS;06/2022;15.750;13.510;0;0;0;0;0;1.984;257;0;0;0;0;0;0;0;0;0;0;0;0
COOPERATIVA DE ECONOMIA E CREDITO MUTUO DOS COLABORADORES DA SG INDUSTRIA E COMERCIO DE MATERIAIS DE CONSTRUCAO, VIDROS E AFINS;61.039.038;b3S;I;2;S5;9;SAO PAULO;SP;06/2022;15.196;15.112;80;0;0;0;0;0;0;0;0;0;0;0;0;0;0;0;0;4;0
COOPERATIVA DE CRÉDITO MÚTUO - SICOOB CREDIACISC;7.669.921;b3S;I;2;S5;9;SAO CARLOS;SP;06/2022;15.170;13.173;0;0;0;0;0;514;1.484;0;0;0;0;0;0;0;0;0;0;0;0
COOPERATIVA DE ECONOMIA E CRÉDITO MÚTUO DOS PETROLEIROS NO ESTADO DE MINAS GERAIS LTDA. - COPETRO;26.758.433;b3S;I;2;S5;9;BELO HORIZONTE;MG;06/2022;15.107;1.947;13.161;0;0;0;0;0;0;0;0;0;0;0;0;0;0;0;0;0;0
COOPERATIVA DE CRÉDITO DOS MAGISTRADOS DO ESTADO DO RIO DE JANEIRO LTDA. - MAGICREDI-RJ;5.040.680;b3S;I;2;S5;9;RIO DE JANEIRO;RJ;06/2022;14.899;14.899;0;0;0;0;0;0;0;0;0;0;0;0;0;0;0;0;0;0;0
COOPERATIVA DE CRÉDITO MÚTUO DOS SERVIDORES DA ASSEMBLEIA LEGISLATIVA DO ESTADO DE SÃO PAULO - COOPERALESP;4.791.645;b3S;I;2;S5;9;SAO PAULO;SP;06/2022;14.851;14.851;0;0;0;0;0;0;0;0;0;0;0;0;0;0;0;0;0;0;0
COOPERATIVA DE ECONOMIA E CRÉDITO MÚTUO DOS EMPREGADOS DA COMPANHIA BRASILEIRA DE ALUMÍNIO;54.335.401;b3S;I;2;S5;9;ALUMINIO;SP;06/2022;14.514;14.513;0;0;0;0;0;0;0;0;0;0;0;0;0;0;0;0;0;1;0
COOPERATIVA DE ECONOMIA E CRÉDITO MÚTUO DOS COLABORADORES DA CEBRACE;53.184.438;b3S;I;2;S5;9;JACAREI;SP;06/2022;14.445;0;14.445;0;0;0;0;0;0;0;0;0;0;0;0;0;0;0;0;0;0
COOPERATIVA DE ECONOMIA E CRÉDITO MÚTUO DOS SERVIDORES DA PREFEITURA MUNICIPAL DE ORLÂNDIA - CRED SERV;946.465;b3S;I;2;S5;9;ORLANDIA;SP;06/2022;14.433;14.433;0;0;0;0;0;0;0;0;0;0;0;0;0;0;0;0;0;0;0
COOPERATIVA DE ECONOMIA E CRÉDITO MÚTUO DOS SERVIDORES PÚBLICOS MUNICIPAIS EM JOÃO MONLEVADE LTDA. - COPREMON;18.310.649;b3S;I;2;S5;9;JOAO MONLEVADE;MG;06/2022;14.281;14.279;0;0;0;0;0;0;0;0;0;0;0;0;0;0;0;0;0;1;0
COOPERATIVA DE CREDITO RURAL DE IBIAM - SULCREDI/IBIAM;8.240.446;b3S;I;2;S5;9;IBIAM;SC;06/2022;13.879;901;0;0;0;0;0;14;0;0;0;0;0;0;12.964;0;0;0;0;0;0
COOPERATIVA DE ECONOMIA E CRÉDITO MÚTUO DOS FUNCIONÁRIOS DA ERICSSON - COOPERICSSON;48.718.183;b3S;I;2;S5;9;SAO PAULO;SP;06/2022;13.721;13.721;0;0;0;0;0;0;0;0;0;0;0;0;0;0;0;0;0;0;0
ASPECIR - SOCIEDADE DE CRÉDITO AO MICROEMPREENDEDOR E À EMPRESA DE PEQUENO PORTE LTDA.;5.289.612;n1;I;2;S5;10;PORTO ALEGRE;RS;06/2022;13.492;13.490;0;0;0;0;0;0;0;0;0;0;0;0;0;0;0;0;0;2;0
COOPERATIVA DE ECONOMIA E CRÉDITO MÚTUO DOS COLABORADORES DO GRUPO EMPRESARIAL A COSTA LTDA.;20.062.766;b3S;I;2;S5;9;VISCONDE DO RIO BRANCO;MG;06/2022;13.456;1.231;12.208;0;0;0;0;0;0;0;0;0;0;0;0;0;0;0;0;17;0
EMCASH SERVIÇOS FINANCEIROS SOCIEDADE DE EMPRÉSTIMO ENTRE PESSOAS S.A.;34.139.916;n1;I;2;S5;44;BELO HORIZONTE;MG;06/2022;13.385;13.383;0;0;0;0;0;0;0;0;0;0;0;0;0;0;0;0;0;2;0
COOPERATIVA DE ECONOMIA E CREDITO MUTUO DOS SERVIDORES PUBLICOS DE PINHÃO - CRESERV-PINHÃO;4.831.810;b3S;I;2;S5;9;PINHAO;PR;06/2022;13.243;0;0;0;0;0;0;0;0;0;0;0;0;0;13.243;0;0;0;0;0;0
COOPERATIVA DE CRÉDITO SICOOB CREDMETAL;3.535.065;b3S;I;2;S5;9;OSASCO;SP;06/2022;13.212;13.013;0;0;0;0;0;0;198;0;0;0;0;0;0;0;0;0;0;1;0
COOPERATIVA DE CRÉDITO, POUPANÇA E INVESTIMENTO DOS ESCRIVÃES, NOTÁRIOS E REGISTRADORES NO ESTADO DO PARANÁ - SICREDI CREDENOREG PR;6.078.926;b3S;I;2;S4;9;CURITIBA;PR;06/2022;13.052;11.498;0;0;0;0;0;1.333;220;0;0;0;0;0;0;0;0;0;0;0;0
COOPERATIVA DE ECONOMIA E CRÉDITO MÚTUO DOS FUNCIONÁRIOS DA TETRA PAK;67.341.487;b3S;I;2;S5;9;MONTE MOR;SP;06/2022;12.586;226;12.361;0;0;0;0;0;0;0;0;0;0;0;0;0;0;0;0;0;0
MEDCRED COOPERATIVA DE CRÉDITO;3.575.699;b3S;I;2;S5;9;RIBEIRAO PRETO;SP;06/2022;12.432;6.159;0;0;0;0;0;4.414;1.860;0;0;0;0;0;0;0;0;0;0;0;0
CENTRAL DAS COOPERATIVAS DE CREDITO UNICOOB - SICOOB CENTRAL UNICOOB;5.036.532;b3C;I;2;S4;9;MARINGA;PR;06/2022;12.000;0;0;0;0;0;0;12.000;0;0;0;0;0;0;0;0;0;0;0;0;0
AGENCIA DE FOMENTO DO AMAPA S.A.;2.929.977;n1;I;1;S4;30;MACAPA;AP;06/2022;11.892;9.350;0;0;0;0;0;0;2.538;0;0;0;0;0;0;0;0;0;0;4;0
COOPERATIVA DE ECONOMIA E CRÉDITO MÚTUO DOS EMPREGADOS DAS EMPRESAS CONTROLADAS E COLIGADAS DA USINA SANTA ADELIA - USAGRO;68.969.625;b3S;I;2;S5;9;JABOTICABAL;SP;06/2022;11.533;11.532;0;0;0;0;0;0;0;0;0;0;0;0;0;0;0;0;0;1;0
COOPERATIVA DE ECONOMIA E CRÉDITO MÚTUO SICOOB CRED-ACILPA;9.004.796;b3S;I;2;S5;9;LENCOIS PAULISTA;SP;06/2022;11.491;10.101;0;0;0;0;0;164;1.226;0;0;0;0;0;0;0;0;0;0;0;0
COOPERATIVA DE CRÉDITO MÚTUO DO ABC - COOPER 7;4.414.354;b3S;I;2;S5;9;SAO BERNARDO DO CAMPO;SP;06/2022;11.394;9.935;0;0;0;0;0;1.458;0;0;0;0;0;0;0;0;0;0;0;1;0
COOPERATIVA DE CRÉDITO RURAL - CREDICANA;44.373.041;b3S;I;2;S5;9;ASSIS;SP;06/2022;11.288;5.443;0;0;0;0;0;5.845;0;0;0;0;0;0;0;0;0;0;0;0;0
COOPERATIVA    DE    ECONOMIA    E    CRÉDITO   MÚTUO  MINUANO;88.325.113;b3S;I;2;S5;9;CANOAS;RS;06/2022;11.156;11.155;0;0;0;0;0;0;0;0;0;0;0;0;0;0;0;0;0;1;0
COOPERATIVA DE ECONOMIA E CRÉDITO MÚTUO DOS EMPREGADOS DA MINERACÃO RIO DO NORTE S/A, EM PORTO TROMBETAS LIMITADA -  CREDNORTE;4.998.845;b3S;I;2;S5;9;ORIXIMINA;PA;06/2022;11.147;11.147;0;0;0;0;0;0;0;0;0;0;0;0;0;0;0;0;0;0;0
COOPERATIVA DE CRÉDITO MÚTUO DOS POLICIAIS FEDERAIS E SERVIDORES DA UNIÃO NO ESPÍRITO SANTO - CREDFEDERAL;2.083.914;b3S;I;2;S5;9;VILA VELHA;ES;06/2022;11.102;11.102;0;0;0;0;0;0;0;0;0;0;0;0;0;0;0;0;0;0;0
PEAK SOCIEDADE DE EMPRÉSTIMO ENTRE PESSOAS S.A.;44.019.481;n1;I;2;S5;44;SAO PAULO;SP;06/2022;11.078;11.078;0;0;0;0;0;0;0;0;0;0;0;0;0;0;0;0;0;0;0
COOPERATIVA DE CRÉDITO MÚTUO DE SERVIDORES PÚBLICOS DO ESTADO DE SÃO PAULO - CREDIFISCO;4.546.162;b3S;I;2;S5;9;SAO PAULO;SP;06/2022;10.959;10.959;0;0;0;0;0;0;0;0;0;0;0;0;0;0;0;0;0;0;0
COOPERATIVA DE CREDITO DOS FORNECEDORES DE CANA E DEMAIS PRODUTORES RURAIS DO CENTRO DO ESTADO DE SAO PAULO - CREDICENTRO;53.776.852;b3S;I;2;S5;9;ARARAQUARA;SP;06/2022;10.956;4.811;1.760;0;0;0;0;4.384;0;0;0;0;0;0;0;0;0;0;0;0;0
COOPERATIVA DE CREDITO DOS SERVIDORES DA UNIVERSIDADE FEDERAL DO ESPIRITO SANTO;27.302.181;b3S;I;2;S5;9;VITORIA;ES;06/2022;10.926;10.920;0;0;0;0;0;0;0;0;0;0;0;0;0;0;0;0;0;6;0
COOPERATIVA DE CRÉDITO DOS EMPREGADOS DE ELEVADORES ATLAS;43.730.498;b3S;I;2;S5;9;SAO PAULO;SP;06/2022;10.913;10.912;0;0;0;0;0;0;0;0;0;0;0;0;0;0;0;0;0;1;0
COOPERATIVA DE ECONOMIA E CRÉDITO MÚTUO DOS EMPREGADOS DAS EMPRESAS METALÚRGICAS DE MATÃO - METALCOOPERCRED;53.505.681;b3S;I;2;S5;9;MATAO;SP;06/2022;10.767;10.767;0;0;0;0;0;0;0;0;0;0;0;0;0;0;0;0;0;1;0
COOPERATIVA DE CRÉDITO MÚTUO DOS CORRETORES DE SEGUROS DO ESTADO DE SÃO PAULO - SICOOB CREDICOR/SP;8.030.602;b3S;I;2;S5;9;SAO PAULO;SP;06/2022;10.630;10.241;0;0;0;0;0;0;388;0;0;0;0;0;0;0;0;0;0;0;0
COOPERATIVA DE ECONOMIA E CRÉDITO MÚTUO DOS FUNCIONÁRIOS PÚBLICOS MUNICIPAIS DE ITAPIRA - CREDITA;2.115.870;b3S;I;2;S5;9;ITAPIRA;SP;06/2022;10.360;10.360;0;0;0;0;0;0;0;0;0;0;0;0;0;0;0;0;0;1;0
CREDISIS - CENTRAL DE COOPERATIVAS DE CRÉDITO LTDA.;4.632.856;b3C;I;2;S4;9;JI-PARANA;RO;06/2022;10.311;10.311;0;0;0;0;0;0;0;0;0;0;0;0;0;0;0;0;0;0;0
DIRECAO S.A. CREDITO, FINANCIAMENTO E INVESTIMENTO;58.158.387;n1;I;2;S5;14;SANTOS;SP;06/2022;10.292;10.292;0;0;0;0;0;0;0;0;0;0;0;0;0;0;0;0;0;0;0
COOPERATIVA DE ECONOMIA E CRÉDITO MÚTUO DOS FUNCIONÁRIOS DA INTERNATIONAL INDÚSTRIA AUTOMOTIVA DA AMÉRICA DO SUL;59.620.708;b3S;I;2;S5;9;SAO PAULO;SP;06/2022;10.248;10.248;0;0;0;0;0;0;0;0;0;0;0;0;0;0;0;0;0;0;0
COOPERATIVA DE CRÉDITO COOPHARMA;2.814.832;b3S;I;2;S5;9;SAO PAULO;SP;06/2022;10.245;380;9.866;0;0;0;0;0;0;0;0;0;0;0;0;0;0;0;0;0;0
COOPERATIVA DE ECONOMIA E CREDITO MUTUO DOS EMPREGADOS DE ELEVADORES ATLAS SCHINDLER LTDA.;42.107.706;b3S;I;2;S5;9;RIO DE JANEIRO;RJ;06/2022;10.126;10.123;0;0;0;0;0;0;0;0;0;0;0;0;0;0;0;0;0;2;0
CENTRAL DAS COOPERATIVAS DE CRÉDITO DO ESTADO DE SÃO PAULO - SICOOB CENTRAL CECRESP;62.931.522;b3C;I;2;S4;9;SAO PAULO;SP;06/2022;10.119;0;0;0;0;0;0;10.119;0;0;0;0;0;0;0;0;0;0;0;0;0
QI SOCIEDADE DE CRÉDITO DIRETO S.A.;32.402.502;n1;I;2;S5;43;SAO PAULO;SP;06/2022;10.111;9.969;0;0;0;0;0;0;0;0;0;0;0;0;0;0;0;0;0;142;0
BANCO FATOR S.A.;33.644.196;b1;I;2;S4;8;SAO PAULO;SP;06/2022;9.989;1;0;0;0;0;0;9.989;0;0;0;0;0;0;0;0;0;0;0;0;0
PARATI - CREDITO, FINANCIAMENTO E INVESTIMENTO S.A.;3.311.443;n1;I;2;S5;14;VITORIA;ES;06/2022;9.967;9.965;0;0;0;0;0;0;0;0;0;0;0;0;0;0;0;0;0;2;0
COOPERATIVA DE CRÉDITO RURAL DO SERTÃO ALAGOANO ASCOOB COCREAL;7.564.184;b3S;I;2;S5;9;PAO DE ACUCAR;AL;06/2022;9.966;9.804;0;0;0;0;0;159;0;0;0;0;0;0;0;0;0;0;0;3;0
COOPERATIVA DE ECONOMIA E CRÉDITO MÚTUO DOS EMPREGADOS DA NOVELIS;57.545.436;b3S;I;2;S5;9;SANTO ANDRE;SP;06/2022;9.824;9.823;0;0;0;0;0;0;0;0;0;0;0;0;0;0;0;0;0;1;0
COOPERATIVA DE ECONOMIA E CRÉDITO MÚTUO DOS EMPREGADOS DO SISTEMA FIERGS - CRESUL;92.675.578;b3S;I;2;S5;9;PORTO ALEGRE;RS;06/2022;9.620;9.619;0;0;0;0;0;0;0;0;0;0;0;0;0;0;0;0;0;1;0
COOPERATIVA DE CRÉDITO E SERVIÇOS FINANCEIROS DE CURITIBA E REGIÃO METROPOLITANA;5.097.757;b3S;I;2;S5;9;CURITIBA;PR;06/2022;9.531;9.531;0;0;0;0;0;0;0;0;0;0;0;0;0;0;0;0;0;0;0
RPW S/A SOCIEDADE DE CRÉDITO, FINANCIAMENTO E INVESTIMENTO;6.249.129;n1;I;2;S5;14;SAO PAULO;SP;06/2022;9.505;9.502;0;0;0;0;0;0;0;0;0;0;0;0;0;0;0;0;0;3;0
COOPERATIVA DE ECONOMIA E CRÉDITO MÚTUO DOS COLABORADORES DA UNIÃO BRASILEIRA DE EDUCAÇÃO E ENSINO, UNIÃO NORTE BRASILEIRA DE EDUCAÇÃO E CULTURA & UNIÃO BRASILEIRA DE EDUCAÇÃO CATÓLICA LTDA - COOMAR;2.588.819;b3S;I;2;S5;9;BELO HORIZONTE;MG;06/2022;9.439;9.094;341;0;0;0;0;0;0;0;0;0;0;0;0;0;0;0;0;4;0
CONFIDENCE;51.671;b2;C;2;S4;198;SAO PAULO;SP;06/2022;9.368;0;0;0;0;0;0;0;0;0;0;0;0;0;9.368;0;0;0;0;0;0
CREDJUST - COOPERATIVA DE CRÉDITO MÚTUO DOS INTEGRANTES DA JUSTIÇA DO TRABALHO DA 13ª REGIÃO LTDA.;4.608.925;b3S;I;2;S5;9;JOAO PESSOA;PB;06/2022;9.322;9.322;0;0;0;0;0;0;0;0;0;0;0;0;0;0;0;0;0;0;0
COOPERATIVA DE ECONOMIA E CRÉDITO MÚTUO DOS SERVIDORES PÚBLICOS DO PODER EXECUTIVO FEDERAL NO ESTADO DO ESPÍRITO SANTO - COOPSEFES;3.639.902;b3S;I;2;S5;9;VITORIA;ES;06/2022;9.267;9.267;0;0;0;0;0;0;0;0;0;0;0;0;0;0;0;0;0;0;0
COOPERATIVA DE CRÉDITO DOS FORNECEDORES DE CANA DE BARRA BONITA E REGIÃO;44.746.352;b3S;I;2;S5;9;BARRA BONITA;SP;06/2022;9.259;9.226;0;0;0;0;0;33;0;0;0;0;0;0;0;0;0;0;0;0;0
COOPERATIVA DE ECONOMIA E CRÉDITO MÚTUO DOS FUNCIONÁRIOS DO GRUPO OWENS-ILLINOIS DO BRASIL;43.182.278;b3S;I;2;S5;9;SAO PAULO;SP;06/2022;9.169;9.169;0;0;0;0;0;0;0;0;0;0;0;0;0;0;0;0;0;1;0
CREBEL - COOPERATIVA DE ECONOMIA E CRÉDITO MÚTUO DOS COLABORADORES DAS EMPRESAS BELGO BEKAERT - CREBEL LTDA.;23.241.540;b3S;I;2;S5;9;CONTAGEM;MG;06/2022;9.166;0;9.165;0;0;0;0;0;0;0;0;0;0;0;0;0;0;0;0;1;0
SOCIALCRED S/A - SOCIEDADE DE CRÉDITO AO MICROEMPREENDEDOR E À EMPRESA DE PEQUENO PORTE;4.316.357;n1;I;2;S5;10;RIO DE JANEIRO;RJ;06/2022;9.052;9.052;0;0;0;0;0;0;0;0;0;0;0;0;0;0;0;0;0;0;0
SOLUÇÃO FINANÇAS SOCIEDADE DE CRÉDITO DIRETO S.A.;37.134.759;n1;I;2;S5;43;BELO HORIZONTE;MG;06/2022;8.975;8.975;0;0;0;0;0;0;0;0;0;0;0;0;0;0;0;0;0;0;0
COOPERATIVA DE ECONOMIA E CREDITO MUTUO DOS TRABALHADORES PORTUARIOS DA GRANDE VITORIA - CREDESTIVA.;3.844.699;b3S;I;2;S5;9;VITORIA;ES;06/2022;8.948;0;0;0;0;0;0;0;0;0;0;0;0;0;8.948;0;0;0;0;0;0
COOPERATIVA DE ECONOMIA E CRÉDITO MÚTUO DOS FUNCIONÁRIOS DA BOMBRIL;57.038.408;b3S;I;2;S5;9;SAO BERNARDO DO CAMPO;SP;06/2022;8.818;1.314;7.503;0;0;0;0;0;0;0;0;0;0;0;0;0;0;0;0;1;0
COOPERATIVA DE ECONOMIA E CRÉDITO MÚTUO DOS EMPREGADOS DA AÇO MINAS GERAIS S.A. - AÇOMINAS E EMPRESAS SUBSIDIÁRIAS EM OURO BRANCO LTDA. - COOPAÇO;17.314.501;b3S;I;2;S5;9;OURO BRANCO;MG;06/2022;8.755;11;8.742;0;0;0;0;0;0;0;0;0;0;0;0;0;0;0;0;2;0
COOPERATIVA DE ECONOMIA E CREDITO MUTUO DOS EMPREGADOS DO GRUPO BAYER LTDA;73.631.483;b3S;I;2;S5;9;BELFORD ROXO;RJ;06/2022;8.600;8.600;0;0;0;0;0;0;0;0;0;0;0;0;0;0;0;0;0;0;0
COPERCRED - COOPERATIVA DE ECONOMIA E CRÉDITO MÚTUO DOS EMPREGADOS DAS EMPRESAS ZILLO LORENZETTI;58.022.195;b3S;I;2;S5;9;LENCOIS PAULISTA;SP;06/2022;8.537;301;0;0;0;0;0;8.234;0;0;0;0;0;0;0;0;0;0;0;1;0
COOPERATIVA DE ECONOMIA E CRÉDITO MÚTUO DOS SERVIDORES PÚBLICOS DA REGIÃO METROPOLITANA DE BELÉM - CREDISIS CREDBEM METROPOLITANA;991.739;b3S;I;2;S5;9;BELEM;PA;06/2022;8.344;8.344;0;0;0;0;0;0;0;0;0;0;0;0;0;0;0;0;0;0;0
GOLCRED S/A - CRÉDITO, FINANCIAMENTO E INVESTIMENTO;7.631.026;n1;I;2;S4;14;SAO JOSE;SC;06/2022;8.182;8.177;0;0;0;0;0;0;0;0;0;0;0;0;0;0;0;0;0;6;0
COOPERATIVA DE CRÉDITO MÚTUO DOS EMPREGADOS DA SKF E COLIGADAS;49.091.119;b3S;I;2;S5;9;CAJAMAR;SP;06/2022;8.178;8.178;0;0;0;0;0;0;0;0;0;0;0;0;0;0;0;0;0;0;0
COOPERATIVA DE ECONOMIA E CREDITO MUTUO JOHN F. KENNEDY LTDA;33.735.192;b3S;I;2;S5;9;RIO DE JANEIRO;RJ;06/2022;8.123;8.123;0;0;0;0;0;0;0;0;0;0;0;0;0;0;0;0;0;0;0
COOPERATIVA DE ECONOMIA E CRÉDITO MÚTUO DE PRAIA GRANDE E REGIÃO - SICOOB COOPERACE;9.639.338;b3S;I;2;S5;9;PRAIA GRANDE;SP;06/2022;7.863;6.836;0;0;0;0;0;0;1.027;0;0;0;0;0;0;0;0;0;0;0;0
COOPERATIVA DE CRÉDITO DOS SERVIDORES PÚBLICOS MUNICIPAIS DA GRANDE VITÓRIA/ES;1.235.921;b3S;I;2;S5;9;VITORIA;ES;06/2022;7.822;7.821;0;0;0;0;0;0;0;0;0;0;0;0;0;0;0;0;0;2;0
INDEPENDÊNCIA COOPERATIVA DE CRÉDITO E INVESTIMENTO - INDEPENDÊNCIA COOPERATIVA DE CRÉDITO;4.306.351;b3S;I;2;S5;9;SAO PAULO;SP;06/2022;7.813;7.811;0;0;0;0;0;0;0;0;0;0;0;0;0;0;0;0;0;2;0
COOPERATIVA DE ECONOMIA E CRÉDITO MÚTUO DOS SERVIDORES MUNICIPAIS DE POÇOS DE CALDAS LTDA. - COOPOÇOS;41.791.005;b3S;I;2;S5;9;POCOS DE CALDAS;MG;06/2022;7.723;7.721;0;0;0;0;0;0;0;0;0;0;0;0;0;0;0;0;0;2;0
COOPERATIVA DE ECONOMIA E CRÉDITO MÚTUO DOS SERVIDORES MUNICIPAIS DE ITABIRA LTDA. - SICOOB COSEMI;16.651.002;b3S;I;2;S5;9;ITABIRA;MG;06/2022;7.540;7.537;0;0;0;0;0;0;0;0;0;0;0;0;0;0;0;0;0;3;0
COOPERATIVA DE ECONOMIA E CRÉDITO MÚTUO DOS SERVIDORES DO DISTRITO FEDERAL LTDA. - COOSERVCRED;778.858;b3S;I;2;S5;9;BRASILIA;DF;06/2022;7.523;7.523;0;0;0;0;0;0;0;0;0;0;0;0;0;0;0;0;0;0;0
COOPERATIVA DE ECONOMIA E CRÉDITO MÚTUO DOS EMPREGADOS DA CEMIG E DAS INDÚSTRIAS METALÚRGICAS E DE MATERIAL ELÉTRICO E DOS SERVIDORES PÚBLICOS MUNICIPAIS DE JUIZ DE FORA LTDA. - SICOOB CECREMEC;17.502.881;b3S;I;2;S5;9;BELO HORIZONTE;MG;06/2022;7.508;7.469;0;0;0;0;0;39;0;0;0;0;0;0;0;0;0;0;0;0;0
COOPERATIVA DE ECONOMIA E CRÉDITO MÚTUO DOS SERVIDORES DO MUNICIPIO DE SANTO ANDRÉ - SP - SICOOB CECRESA;512.839;b3S;I;2;S5;9;SANTO ANDRE;SP;06/2022;7.502;7.502;0;0;0;0;0;0;0;0;0;0;0;0;0;0;0;0;0;0;0
COOPERATIVA DE ECONOMIA CRÉDITO MÚTUO - SICOOB CREDSAÚDE;2.072.790;b3S;I;2;S5;9;PIRACICABA;SP;06/2022;7.476;4.924;0;0;0;0;0;1.434;1.119;0;0;0;0;0;0;0;0;0;0;0;0
COOPERATIVA DE CRÉDITO DOS SERVIDORES PÚBLICOS MUNICIPAIS DE TIMÓTEO LTDA. - COOPERTIM;20.833.976;b3S;I;2;S5;9;TIMOTEO;MG;06/2022;7.470;7.470;0;0;0;0;0;0;0;0;0;0;0;0;0;0;0;0;0;1;0
COOPERATIVA DE ECONOMIA E CRÉDITO MÚTUO DOS EMPREGADOS DO GRUPO SBF LTDA. - COOPER ATIVA SBF;2.232.228;b3S;I;2;S5;9;SAO PAULO;SP;06/2022;7.318;7.309;0;0;0;0;0;0;0;0;0;0;0;0;0;0;0;0;0;9;0
COOPERATIVA DE ECONOMIA E CRÉDITO MÚTUO DOS FUNCIONÁRIOS DO GRUPO COMOLATTI - SÃO PAULO;47.196.084;b3S;I;2;S5;9;SAO PAULO;SP;06/2022;6.988;6.978;8;0;0;0;0;0;0;0;0;0;0;0;0;0;0;0;0;1;0
COOPERATIVA DE ECONOMIA E CRÉDITO MÚTUO DOS CONTABILISTAS E CORRETORES DE SEGUROS DA GRANDE BELO HORIZONTE LTDA. - SICOOB CREDITABIL;2.217.068;b3S;I;2;S5;9;BELO HORIZONTE;MG;06/2022;6.969;5.762;0;0;0;0;0;0;1.207;0;0;0;0;0;0;0;0;0;0;0;0
COOPERATIVA DE CRÉDITO RURAL DE PEQUENOS AGRICULTORES E DA REFORMA AGRÁRIA DO CENTRO OESTE DO PARANÁ - CREHNOR LARANJEIRAS;1.330.387;b3S;I;2;S5;9;LARANJEIRAS DO SUL;PR;06/2022;6.809;0;0;0;0;0;0;0;0;0;0;0;0;0;6.809;0;0;0;0;0;0
SOCRED S.A. - SOCIEDADE DE CRÉDITO AO MICROEMPREENDEDOR E À EMPRESA DE PEQUENO PORTE;9.210.106;n1;I;2;S5;10;BELEM;PA;06/2022;6.691;6.691;0;0;0;0;0;0;0;0;0;0;0;0;0;0;0;0;0;0;0
COOPERATIVA DE ECONOMIA E CRÉDITO MÚTUO DOS FUNCIONÁRIOS DA FACULDADE DE CIÊNCIAS AGRÁRIAS E VETERINÁRIAS - CAMPUS DE JABOTICABAL/SP - COOPERFAC;57.259.525;b3S;I;2;S5;9;JABOTICABAL;SP;06/2022;6.569;6.566;0;0;0;0;0;0;0;0;0;0;0;0;0;0;0;0;0;4;0
COOPERATIVA DE ECONOMIA E CRÉDITO MÚTUO DOS SERVIDORES PÚBLICOS DO ESTADO DE SÃO PAULO - CREDIPAULISTA;3.139.644;b3S;I;2;S5;9;SAO PAULO;SP;06/2022;6.515;6.513;0;0;0;0;0;0;0;0;0;0;0;0;0;0;0;0;0;2;0
LISTO SOCIEDADE DE CREDITO DIRETO S.A.;34.088.029;n1;I;2;S5;43;SAO PAULO;SP;06/2022;6.449;6.449;0;0;0;0;0;0;0;0;0;0;0;0;0;0;0;0;0;0;0
COOPERATIVA DE ECONOMIA E CRÉDITO MÚTUO DOS APOSENTADOS, PENSIONISTAS E IDOSOS - SICOOB COOPERNAPI;16.564.240;b3S;I;2;S5;9;SAO PAULO;SP;06/2022;6.363;6.363;0;0;0;0;0;0;0;0;0;0;0;0;0;0;0;0;0;1;0
COOPERATIVA DE ECONOMIA E CRÉDITO MÚTUO DOS EMPRESÁRIOS DE ITAPETININGA - SICOOB CRED-ACI;8.844.074;b3S;I;2;S5;9;ITAPETININGA;SP;06/2022;6.354;5.413;0;0;0;0;0;0;941;0;0;0;0;0;0;0;0;0;0;0;0
COOPERATIVA DE ECONOMIA E CREDITO MUTUO DOS SERVIDORES ESTATUTARIOS DA ADMINISTRACAO DIRETA DO ESTADO DO ESPIRITO SANTO - COOPFISCO;2.475.222;b3S;I;2;S5;9;VITORIA;ES;06/2022;6.294;6.294;0;0;0;0;0;0;0;0;0;0;0;0;0;0;0;0;0;0;0
CF GROUP SOCIEDADE DE EMPRÉSTIMO ENTRE PESSOAS S.A.;41.349.521;n1;I;2;S5;44;PORTO ALEGRE;RS;06/2022;6.290;5.621;0;0;0;0;0;633;0;0;0;36;0;0;0;0;0;0;0;0;0
COOPERATIVA DE ECONOMIA E CRÉDITO MÚTUO DOS TRABALHADORES DA CIA. DE PROCESSAMENTO DE DADOS DO ESTADO DE SÃO PAULO - CREDIPRODESP;67.915.868;b3S;I;2;S5;9;TABOAO DA SERRA;SP;06/2022;6.252;6.252;0;0;0;0;0;0;0;0;0;0;0;0;0;0;0;0;0;0;0
COOPERATIVA DE ECONOMIA E CRÉDITO MÚTUO DOS EMPREGADOS DA TEKSID DO BRASIL LTDA., NEMAK ALUMÍNIO DO BRASIL LTDA. E TUPY MINAS GERAIS LTDA.;4.249.235;b3S;I;2;S5;9;BETIM;MG;06/2022;6.035;6.033;0;0;0;0;0;0;0;0;0;0;0;0;0;0;0;0;0;2;0
BMS SOCIEDADE DE CRÉDITO DIRETO S.A.;17.826.860;n1;I;2;S5;43;FORTALEZA;CE;06/2022;5.982;5.973;0;0;0;0;0;0;0;0;0;0;0;0;0;0;0;0;0;10;0
COOPERATIVA DE ECONOMIA E CREDITO MUTUO DOS MEDICOS E DEMAIS PROFISSIONAIS DA SAUDE DE JOACABA;2.853.045;b3S;I;2;S5;9;JOACABA;SC;06/2022;5.928;5.928;0;0;0;0;0;0;0;0;0;0;0;0;0;0;0;0;0;0;0
COOPERATIVA DE ECONOMIA E CRÉDITO MÚTUO DOS FUNCIONÁRIOS DA MORLAN - CRED MORLAN;731.320;b3S;I;2;S5;9;ORLANDIA;SP;06/2022;5.923;0;0;0;0;0;0;0;0;0;0;0;0;0;5.923;0;0;0;0;0;0
COOPERATIVA DE ECONOMIA E CREDITO MUTUO DOS SERVIDORES DA COMLURB LTDA;29.341.260;b3S;I;2;S5;9;RIO DE JANEIRO;RJ;06/2022;5.909;5.891;0;0;0;0;0;0;0;0;0;0;0;0;0;0;0;0;0;18;0
COOPERATIVA DE ECONOMIA E CRÉDITO MÚTUO DOS EMPREGADOS DA EATON;73.077.398;b3S;I;2;S5;9;VALINHOS;SP;06/2022;5.781;5.780;0;0;0;0;0;0;0;0;0;0;0;0;0;0;0;0;0;1;0
COOPERATIVA DE CRÉDITO RURAL DOS PLANTADORES DE CANA DE ALAGOAS;12.272.183;b3S;I;2;S5;9;MACEIO;AL;06/2022;5.763;0;0;0;0;0;0;0;0;0;0;0;0;0;5.763;0;0;0;0;0;0
COOPERATIVA CENTRAL DE CRÉDITO DA AGRICULTURA FAMILIAR E ECONOMIA SOLIDÁRIA - ASCOOB CENTRAL;10.013.534;b3C;I;2;S4;9;SERRINHA;BA;06/2022;5.458;5.000;0;0;0;0;0;0;0;0;0;0;0;0;458;0;0;0;0;0;0
SCB CRÉDITO SOCIEDADE DE CRÉDITO AO MICROEMPREENDEDOR E À EMPRESA DE PEQUENO PORTE LTDA.;8.430.732;n1;I;2;S5;10;FORTALEZA;CE;06/2022;5.393;5.391;0;0;0;0;0;0;0;0;0;0;0;0;0;0;0;0;0;2;0
COOPERATIVA DE ECONOMIA E CRÉDITO MÚTUO DOS FUNCIONÁRIOS DO GRUPO JAL LTDA.;5.548.335;b3S;I;2;S5;9;SAO JOAO DE MERITI;RJ;06/2022;5.378;5.374;0;0;0;0;0;0;0;0;0;0;0;0;0;0;0;0;0;5;0
COOPERATIVA DE ECONOMIA E CREDITO MUTUO DOS EMPREGADOS DE CHOCOLATES GAROTO LTDA. - CREDI-GAROTO;30.949.267;b3S;I;2;S5;9;VILA VELHA;ES;06/2022;5.224;5.223;0;0;0;0;0;0;0;0;0;0;0;0;0;0;0;0;0;1;0
COOPERATIVA CENTRAL DE CRÉDITO DO ESTADO DE SÃO PAULO - SICOOB SÃO PAULO;63.917.579;b3C;I;2;S4;9;RIBEIRAO PRETO;SP;06/2022;5.160;0;0;0;0;0;0;5.160;0;0;0;0;0;0;0;0;0;0;0;0;0
COOPERATIVA DE ECONOMIA E CRÉDITO MÚTUO DOS FUNCIONÁRIOS DA ABRIL;43.438.662;b3S;I;2;S5;9;SAO PAULO;SP;06/2022;5.157;5.154;0;0;0;0;0;0;0;0;0;0;0;0;0;0;0;0;0;4;0
COOPERATIVA DE ECONOMIA E CRÉDITO MÚTUO DOS FUNCIONÁRIOS DO GRUPO AVIBRAS - COOPER AVIBRAS;43.268.960;b3S;I;2;S5;9;JACAREI;SP;06/2022;5.143;0;5.143;0;0;0;0;0;0;0;0;0;0;0;0;0;0;0;0;0;0
COOPERATIVA DE CRÉDITO DOS BANCÁRIOS DE SÃO PAULO E MUNICÍPIOS LIMÍTROFES;3.422.007;b3S;I;2;S5;9;SAO PAULO;SP;06/2022;5.003;5.003;0;0;0;0;0;0;0;0;0;0;0;0;0;0;0;0;0;0;0
ECONOMISA COMPANHIA HIPOTECÁRIA.;17.441.197;n1;I;2;S5;29;BELO HORIZONTE;MG;06/2022;4.995;473;2.947;0;0;0;1.574;0;0;0;0;0;0;0;0;0;0;0;0;0;0
COOPERATIVA DE CRÉDITO, POUPANÇA E SERVIÇOS FINANCEIROS DO CENTRO OESTE - CREDITAG;5.491.616;b3S;I;2;S5;9;MINEIROS;GO;06/2022;4.979;77;0;0;0;0;0;0;0;0;0;0;0;0;4.902;0;0;0;0;0;0
COOPERATIVA DE CRÉDITO MÚTUO DOS SERVIDORES MUNICIPAIS DE BEBEDOURO - COOCRESB.;5.969.937;b3S;I;2;S5;9;BEBEDOURO;SP;06/2022;4.954;4.953;0;0;0;0;0;0;0;0;0;0;0;0;0;0;0;0;0;1;0
COOPERATIVA DE CREDITO RURAL DE GUACUI - CREDIGUAÇUÍ;32.422.628;b3S;I;2;S5;9;GUACUI;ES;06/2022;4.919;4.919;0;0;0;0;0;0;0;0;0;0;0;0;0;0;0;0;0;0;0
COOPERATIVA DE ECONOMIA E CRÉDITO MÚTUO DOS FUNCIONÁRIOS DO FLEURY;71.965.313;b3S;I;2;S5;9;SAO PAULO;SP;06/2022;4.906;4.904;0;0;0;0;0;0;0;0;0;0;0;0;0;0;0;0;0;2;0
CRETOVALE - COOPERATIVA DE ECONOMIA E CRÉDITO MÚTUO DOS TRABALHADORES DA VALE;28.145.589;b3S;I;2;S5;9;VITORIA;ES;06/2022;4.905;4.903;0;0;0;0;0;0;0;0;0;0;0;0;0;0;0;0;0;2;0
COOPERATIVA DE ECONOMIA E CRÉDITO MÚTUO DOS TRABALHADORES NAS INDÚSTRIAS DE EXTRAÇÃO DE FERRO E METAIS BÁSICOS DA REGIÃO DE CONGONHAS LTDA. - COOFERSE;71.384.697;b3S;I;2;S5;9;CONGONHAS;MG;06/2022;4.797;0;4.797;0;0;0;0;0;0;0;0;0;0;0;0;0;0;0;0;0;0
COOPERATIVA DE ECONOMIA E CRÉDITO MÚTUO DOS SERVIDORES DA FACULDADE DE ENGENHARIA DE ILHA SOLTEIRA - COOPERFEIS;96.409.263;b3S;I;2;S5;9;ILHA SOLTEIRA;SP;06/2022;4.753;4.753;0;0;0;0;0;0;0;0;0;0;0;0;0;0;0;0;0;0;0
COOPERATIVA DE ECONOMIA E CRÉDITO MÚTUO DOS FUNCIONÁRIOS DA OWENS CORNING FIBERGLAS AMÉRICA DO SUL;48.172.860;b3S;I;2;S5;9;RIO CLARO;SP;06/2022;4.752;4.752;0;0;0;0;0;0;0;0;0;0;0;0;0;0;0;0;0;0;0
COOPERATIVA DE ECONOMIA E CRÉDITO MÚTUO DOS EMPREGADOS, APOSENTADOS E PENSIONISTAS DA COMPANHIA ESTADUAL DE ENERGIA ELÉTRICA E ELETRICITÁRIOS DO RIO GRANDE DO SUL   CRECE;92.825.397;b3S;I;2;S5;9;PORTO ALEGRE;RS;06/2022;4.705;0;0;0;0;0;0;0;0;0;0;0;0;0;4.704;0;0;0;0;1;0
ACESSO SOLUÇÕES DE PAGAMENTO S.A.;13.140.088;n4;I;2;;41;SAO PAULO;SP;06/2022;4.665;4.637;0;0;0;0;0;0;0;0;0;0;0;0;0;0;0;0;0;28;0
BIGCASH SOCIEDADE DE CREDITO DIRETO S.A.;36.452.762;n1;I;2;S5;43;GOVERNADOR VALADARES;MG;06/2022;4.590;4.572;0;0;0;0;0;0;0;0;0;0;0;0;0;0;0;0;0;18;0
COOPERATIVA DE ECONOMIA E CRÉDITO MÚTUO DOS EMPREGADOS DA CONFAB;59.305.565;b3S;I;2;S5;9;PINDAMONHANGABA;SP;06/2022;4.587;4.587;0;0;0;0;0;0;0;0;0;0;0;0;0;0;0;0;0;0;0
COOPERATIVA DE ECONOMIA E CRÉDITO MÚTUO ALIANÇA - COOPERNITRO;52.935.442;b3S;I;2;S5;9;SAO PAULO;SP;06/2022;4.575;4.575;0;0;0;0;0;0;0;0;0;0;0;0;0;0;0;0;0;0;0
HSCM - SOCIEDADE DE CRÉDITO AO MICROEMPREENDEDOR E À EMPRESA DE PEQUENO PORTE LTDA.;7.693.858;n1;I;2;S5;10;IBIA;MG;06/2022;4.515;4.515;0;0;0;0;0;0;0;0;0;0;0;0;0;0;0;0;0;0;0
COOPERATIVA DE ECONOMIA E CRÉDITO MÚTUO DOS FABRICANTES DE CALÇADOS DE SAPIRANGA LTDA.;5.841.967;b3S;I;2;S5;9;SAPIRANGA;RS;06/2022;4.508;4.508;0;0;0;0;0;0;0;0;0;0;0;0;0;0;0;0;0;0;0
COOPERATIVA DE ECONOMIA E CRÉDITO MÚTUO DOS EMPREGADOS DA SAINT-GOBAIN DO BRASIL PRODUTOS INDUSTRIAIS E PARA CONSTRUÇÃO - DIVISÃO VIDRO PLANO;48.140.925;b3S;I;2;S5;9;MAUA;SP;06/2022;4.477;4.476;0;0;0;0;0;0;0;0;0;0;0;0;0;0;0;0;0;0;0
COOPERATIVA DE ECONOMIA E CRÉDITO MÚTUO DOS FUNCIONÁRIOS DA ASTRAZENECA DO BRASIL;1.288.797;b3S;I;2;S5;9;COTIA;SP;06/2022;4.395;4.395;0;0;0;0;0;0;0;0;0;0;0;0;0;0;0;0;0;0;0
AGENCIA DE FOMENTO DO ESTADO DE RORAIMA S/A;3.058.464;n1;I;1;S4;30;BOA VISTA;RR;06/2022;4.366;4.366;0;0;0;0;0;0;0;0;0;0;0;0;0;0;0;0;0;0;0
COOPERATIVA DE CRÉDITO MÚTUO DOS EMPREGADOS DA PILKINGTON BRASIL;2.104.058;b3S;I;2;S5;9;CACAPAVA;SP;06/2022;4.325;4.325;0;0;0;0;0;0;0;0;0;0;0;0;0;0;0;0;0;0;0
COOPERATIVA DE CREDITO E ECONOMIA COM INTERAÇÃO SOLIDARIA - CRESOL OLIVEIRA DOS BREJINHOS;5.428.587;b3S;I;2;S5;9;OLIVEIRA DOS BREJINHOS;BA;06/2022;4.211;4.209;0;0;0;0;0;0;0;0;0;0;0;0;0;0;0;0;0;2;0
COOPERATIVA DE CRÉDITO MÚTUO DOS FUNCIONÁRIOS DA RICLAN;6.077.760;b3S;I;2;S5;9;RIO CLARO;SP;06/2022;4.194;4.194;0;0;0;0;0;0;0;0;0;0;0;0;0;0;0;0;0;0;0
COOPERATIVA DE ECONOMIA E CRÉDITO MÚTUO DOS SERVIDORES DA SECRETARIA DE DEFESA SOCIAL DO ESTADO DE MINAS GERAIS LTDA. - COOPSESP;5.746.715;b3S;I;2;S5;9;BELO HORIZONTE;MG;06/2022;4.158;4.158;0;0;0;0;0;0;0;0;0;0;0;0;0;0;0;0;0;0;0
CARTOS SOCIEDADE DE CRÉDITO DIRETO S.A.;21.332.862;n1;I;2;S5;43;SAO PAULO;SP;06/2022;4.133;4.118;0;0;0;0;0;0;0;0;0;0;0;0;0;0;0;0;0;15;0
COOPERATIVA DE ECONOMIA E CRÉDITO MÚTUO DOS EMPREGADOS DO GRUPO TELEFÔNICA;57.598.120;b3S;I;2;S5;9;SAO PAULO;SP;06/2022;4.012;779;3.232;0;0;0;0;0;0;0;0;0;0;0;0;0;0;0;0;0;0
COOPERATIVA DE ECONOMIA E CRÉDITO MÚTUO DOS EMPREGADOS DA SAMARCO MINERAÇÃO S.A. LTDA - CREDISAM;20.622.809;b3S;I;2;S5;9;BELO HORIZONTE;MG;06/2022;3.967;3.967;0;0;0;0;0;0;0;0;0;0;0;0;0;0;0;0;0;0;0
FONTECRED - SOCIEDADE DE CRÉDITO DIRETO S/A;33.890.605;n1;I;2;S5;43;LAGOA DA PRATA;MG;06/2022;3.965;3.965;0;0;0;0;0;0;0;0;0;0;0;0;0;0;0;0;0;0;0
COOPERATIVA DE ECONOMIA E CRÉDITO MÚTUO DOS MEMBROS DO MINISTÉRIO PÚBLICO DE SÃO PAULO - PROMOCRED;4.478.231;b3S;I;2;S5;9;SAO PAULO;SP;06/2022;3.912;3.912;0;0;0;0;0;0;0;0;0;0;0;0;0;0;0;0;0;0;0
COOPERATIVA DE ECONOMIA E CRÉDITO MÚTUO DOS FUNCIONÁRIOS DA ELGIN;45.045.671;b3S;I;2;S5;9;MOGI DAS CRUZES;SP;06/2022;3.797;3.797;0;0;0;0;0;0;0;0;0;0;0;0;0;0;0;0;0;1;0
COOPERATIVA DE CRÉDITO MÚTUO DOS SERVIDORES DA SEGURANÇA PÚBLICA DE SÃO PAULO - CREDIAFAM;4.804.353;b3S;I;2;S5;9;SAO PAULO;SP;06/2022;3.742;3.741;0;0;0;0;0;0;0;0;0;0;0;0;0;0;0;0;0;1;0
TULLETT PREBON BRASIL;52.027;n2;C;3;S4;196;SAO PAULO;SP;06/2022;3.703;3.701;0;0;0;0;0;0;0;0;0;0;0;0;0;0;0;0;0;2;0
PINTOS S.A. CREDITO, FINANCIAMENTO E INVESTIMENTO;35.274.306;n1;I;2;S5;14;TERESINA;PI;06/2022;3.650;3.648;0;0;0;0;0;0;0;0;0;0;0;0;0;0;0;0;0;2;0
COOPERATIVA DE ECONOMIA E CRÉDITO MÚTUO DOS EMPREGADOS DA CNC, SESC E SENAC ADMINISTRAÇÕES NACIONAIS LTDA.;30.304.919;b3S;I;2;S5;9;RIO DE JANEIRO;RJ;06/2022;3.608;3.608;0;0;0;0;0;0;0;0;0;0;0;0;0;0;0;0;0;0;0
COOPSEBRAE - COOPERATIVA DE CRÉDITO MÚTUO DOS FUNCIONÁRIOS DO SEBRAE/PB, SEBRAE/RN E SESC, SENAC E SENAR EM JOÃO PESSOA;41.219.353;b3S;I;2;S5;9;JOAO PESSOA;PB;06/2022;3.539;3.539;0;0;0;0;0;0;0;0;0;0;0;0;0;0;0;0;0;0;0
COOPERATIVA DE ECONOMIA E CRÉDITO MÚTUO DOS FUNCIONÁRIOS DAS EMPRESAS MELHORAMENTOS DE SÃO PAULO - COOPERMEL;1.504.952;b3S;I;2;S5;9;SAO PAULO;SP;06/2022;3.531;0;3.531;0;0;0;0;0;0;0;0;0;0;0;0;0;0;0;0;0;0
COOPERATIVA DE ECONOMIA E CRÉDITO MÚTUO DOS FUNCIONÁRIOS DAS EMPRESAS DO GRUPO DANA - COOPDANA;91.018.408;b3S;I;2;S5;9;GRAVATAI;RS;06/2022;3.469;0;3.468;0;0;0;0;0;0;0;0;0;0;0;0;0;0;0;0;1;0
FFCRED SOCIEDADE DE CRÉDITO DIRETO S.A..;39.738.065;n1;I;2;S5;43;ERECHIM;RS;06/2022;3.359;3.359;0;0;0;0;0;0;0;0;0;0;0;0;0;0;0;0;0;0;0
NOSSA TERRA COOPERATIVA DE CRÉDITO DOS EMPREGADOS DAS EMPRESAS DE AGRONEGÓCIO E AFINS;49.204.605;b3S;I;2;S5;9;CAJATI;SP;06/2022;3.353;3.353;0;0;0;0;0;0;0;0;0;0;0;0;0;0;0;0;0;1;0
COOPERATIVA DE ECONOMIA E CREDITO MUTUO DOS SERVIDORES DA EMPRESA BRASILEIRA DE CORREIOS E TELEGRAFOS LTDA;42.100.982;b3S;I;2;S5;9;RIO DE JANEIRO;RJ;06/2022;3.320;3.318;0;0;0;0;0;0;0;0;0;0;0;0;0;0;0;0;0;2;0
GERENCIANET S.A. - CRÉDITO, FINANCIAMENTO E INVESTIMENTO;37.229.413;n1;I;2;S5;14;OURO PRETO;MG;06/2022;3.315;3.276;0;0;0;0;0;0;0;0;0;0;0;0;0;0;0;0;0;39;0
COOPERATIVA DE CRÉDITO MÚTUO DOS SERVIDORES DE ÓRGAOS GESTORES DE RECURSOS HÍDRICOS DO ESTADO DE SÃO PAULO - COOPERHIDRO;53.800.488;b3S;I;2;S5;9;SAO PAULO;SP;06/2022;3.276;3.276;0;0;0;0;0;0;0;0;0;0;0;0;0;0;0;0;0;1;0
COOPERATIVA DE CRÉDITO DOS EMPREGADOS DA COMPANHIA INDUSTRIAL CATAGUASES E DA BAUMINAS LTDA. - SICOOB COOPECIC;19.495.266;b3S;I;2;S5;9;CATAGUASES;MG;06/2022;3.275;3.272;0;0;0;0;0;0;0;0;0;0;0;0;0;0;0;0;0;2;0
COOPERATIVA DE ECONOMIA E CRÉDITO MÚTUO DOS EMPREGADOS DA RECKITT BENCKISER;44.223.196;b3S;I;2;S5;9;SAO PAULO;SP;06/2022;3.269;38;3.231;0;0;0;0;0;0;0;0;0;0;0;0;0;0;0;0;0;0
COOPERATIVA DE ECONOMIA E CREDITO MUTUO DOS SERVIDORES PUBLICOS MUNICIPAIS DE PORTO ALEGRE;3.990.888;b3S;I;2;S5;9;PORTO ALEGRE;RS;06/2022;3.201;3.200;0;0;0;0;0;0;0;0;0;0;0;0;0;0;0;0;0;0;0
MULTICRED SOCIEDADE DE CRÉDITO DIRETO S.A.;38.593.706;n1;I;2;S5;43;SALVADOR;BA;06/2022;3.180;3.179;0;0;0;0;0;0;0;0;0;0;0;0;0;0;0;0;0;1;0
COOPERATIVA DE CRÉDITO MÚTUO DOS EMPREGADOS EM INSTITUIÇÕES DO SISTEMA FINANCEIRO NAS REGIÕES DE SÃO PAULO E CAMPINAS (SP) - CREDISCOOP;3.674.133;b3S;I;2;S5;9;SAO PAULO;SP;06/2022;3.097;3.097;0;0;0;0;0;0;0;0;0;0;0;0;0;0;0;0;0;0;0
COOPERATIVA DE ECONOMIA E CRÉDITO MÚTUO DOS EMPREGADOS DAS INDÚSTRIAS UNILEVER DO BRASIL;53.272.365;b3S;I;2;S5;9;VALINHOS;SP;06/2022;3.055;0;3.054;0;0;0;0;0;0;0;0;0;0;0;0;0;0;0;0;0;0
COOPERATIVA DE CRÉDITO MÚTUO DOS FUNCIONÁRIOS PÚBLICOS DO PODER JUDICIÁRIO DA CAPITAL DO ESTADO DE SÃO PAULO - SICOOB JUDCRED;7.651.495;b3S;I;2;S5;9;SAO PAULO;SP;06/2022;2.936;2.935;0;0;0;0;0;0;0;0;0;0;0;0;0;0;0;0;0;0;0
COOPERATIVA DE CRÉDITO MÚTUO DOS FUNCIONÁRIOS DAS EMPRESAS FERROVIÁRIAS NO ESTADO DE SÃO PAULO;53.932.869;b3S;I;2;S5;9;OSASCO;SP;06/2022;2.918;2.742;175;0;0;0;0;0;0;0;0;0;0;0;0;0;0;0;0;1;0
COOPERATIVA DE ECONOMIA E CRÉDITO MÚTUO DOS SERVIDORES DA ADMINISTRAÇÃO PÚBLICA MUNICIPAL DE PORTO ALEGRE - MUNICRED;5.460.750;b3S;I;2;S5;9;PORTO ALEGRE;RS;06/2022;2.849;0;0;0;0;0;0;0;0;0;0;0;0;0;2.846;0;0;0;0;3;0
COOPERATIVA DE ECONOMIA E CREDITO MUTUO DOS EMPREGADOS DE ESTABELECIMENTOS HOSPITALARES DO SUL DO ESTADO DO ESPIRITO SANTO - SULCRED;31.746.993;b3S;I;2;S5;9;CACHOEIRO DE ITAPEMIRIM;ES;06/2022;2.806;2.805;0;0;0;0;0;0;0;0;0;0;0;0;0;0;0;0;0;0;0
COOPERATIVA DE ECONOMIA E CRÉDITO MÚTUO DOS FUNCIONÁRIOS DO GRUPO LORENZETTI;44.905.255;b3S;I;2;S5;9;SAO PAULO;SP;06/2022;2.780;2.778;0;0;0;0;0;0;0;0;0;0;0;0;0;0;0;0;0;2;0
COOPERATIVA DE ECONOMIA E CREDITO MUTUO DOS FUNCIONARIOS DO EXPRESSO PRINCESA DOS CAMPOS;1.551.820;b3S;I;2;S5;9;PONTA GROSSA;PR;06/2022;2.751;0;2.751;0;0;0;0;0;0;0;0;0;0;0;0;0;0;0;0;0;0
COOPERATIVA DE ECONOMIA E CRÉDITO MÚTUO DOS FUNCIONÁRIOS DAS EMPRESAS DE CERÂMICA - COOPASPACER;2.541.707;b3S;I;2;S5;9;SANTA GERTRUDES;SP;06/2022;2.734;2.734;0;0;0;0;0;0;0;0;0;0;0;0;0;0;0;0;0;1;0
COOPERATIVA DE ECONOMIA E CRÉDITO MÚTUO DOS FUNCIONÁRIOS DA ACUMENT BRASIL;45.068.632;b3S;I;2;S5;9;ATIBAIA;SP;06/2022;2.729;35;2.694;0;0;0;0;0;0;0;0;0;0;0;0;0;0;0;0;0;0
RAPIDIUM SOCIEDADE DE CRÉDITO AO MICROEMPREENDEDOR E À EMPRESA DE PEQUENO PORTE S.A.;40.269.467;n1;I;2;S5;10;TOLEDO;PR;06/2022;2.713;2.713;0;0;0;0;0;0;0;0;0;0;0;0;0;0;0;0;0;0;0
COBUCCIO SOCIEDADE DE CRÉDITO DIRETO S.A.;36.947.229;n1;I;2;S4;43;MONTE BELO;MG;06/2022;2.695;2.694;0;0;0;0;0;0;0;0;0;0;0;0;0;0;0;0;0;1;0
COOPERATIVA DE ECONOMIA E CRÉDITO MÚTUO DOS EMPREGADOS DAS EMPRESAS SIDERÚRGICAS, METALÚRGICAS E ELETRO-MECÂNICAS DE JOÃO MONLEVADE LTDA. - CREDIBELGO;24.235.459;b3S;I;2;S5;9;JOAO MONLEVADE;MG;06/2022;2.673;1.855;818;0;0;0;0;0;0;0;0;0;0;0;0;0;0;0;0;0;0
BONUSPAGO SOCIEDADE DE CRÉDITO DIRETO S.A.;36.586.946;n1;I;2;S5;43;CASCAVEL;PR;06/2022;2.637;1.696;0;0;0;0;0;0;0;0;0;0;0;0;2;0;0;0;0;939;0
COOPERATIVA DE CRÉDITO MÚTUO DOS EMPREGADOS DA FIAÇÃO ALPINA - COOPERALPINA;55.319.370;b3S;I;2;S5;9;MORUNGABA;SP;06/2022;2.637;2.636;0;0;0;0;0;0;0;0;0;0;0;0;0;0;0;0;0;1;0
COOPERATIVA DE ECONOMIA E CRÉDITO MÚTUO DOS EMPREGADOS DOS SUPERMERCADOS RUSSI;2.230.138;b3S;I;2;S5;9;JUNDIAI;SP;06/2022;2.579;2.578;0;0;0;0;0;0;0;0;0;0;0;0;0;0;0;0;0;1;0
BRCARD SOCIEDADE DE CRÉDITO DIRETO S/A;39.431.423;n1;I;2;S5;43;CALDAS NOVAS;GO;06/2022;2.564;2.559;0;0;0;0;0;0;0;0;0;0;0;0;0;0;0;0;0;5;0
COOPERATIVA DE ECONOMIA E CRÉDITO MÚTUO DOS EMPREGADOS DA MOSAIC FERTILIZANTES DE UBERABA - COPERURA LTDA.;17.607.375;b3S;I;2;S5;9;UBERABA;MG;06/2022;2.545;2.545;0;0;0;0;0;0;0;0;0;0;0;0;0;0;0;0;0;0;0
COOPERATIVA DE ECONOMIA E CRÉDITO MÚTUO DOS FUNCIONÁRIOS DA TICKET SERVIÇOS COMÉRCIO E ADMINISTRAÇÃO;57.440.521;b3S;I;2;S5;9;SAO PAULO;SP;06/2022;2.477;2.470;0;0;0;0;0;0;0;0;0;0;0;0;0;0;0;0;0;8;0
UNAVANTI SOCIEDADE DE CRÉDITO DIRETO S/A;42.047.025;n1;I;2;S5;43;MARINGA;PR;06/2022;2.456;2.456;0;0;0;0;0;0;0;0;0;0;0;0;0;0;0;0;0;0;0
COOPERATIVA DE ECONOMIA E CRÉDITO MÚTUO SERVIDORES PÚBLICOS ATIVOS, INATIVOS E PENSIONISTAS DA ADMINISTRAÇÃO DIRETA, INDIRETA E ASSEMBLÉIA LEGISLATIVA DO ESTADO DO RIO GRANDE SUL - COOPSERGS;5.591.437;b3S;I;2;S5;9;PORTO ALEGRE;RS;06/2022;2.443;2.442;0;0;0;0;0;0;0;0;0;0;0;0;0;0;0;0;0;1;0
CREDEXTRA - COOPERATIVA DE ECONOMIA E CRÉDITO MÚTUO DOS EMPREGADOS DA REALMAR DISTRIBUIDORA LTDA;4.899.135;b3S;I;2;S5;9;SERRA;ES;06/2022;2.399;2.389;0;0;0;0;0;0;0;0;0;0;0;0;0;0;0;0;0;10;0
COOPERATIVA DE ECONOMIA E CREDITO MUTUO DOS EMPREGADOS DAS EMPRESAS DE TRANSPORTES COLETIVOS RODOVIÁRIOS DE PASSAGEIROS DO GRANDE RIO LTDA;141.155;b3S;I;2;S5;9;SAO GONCALO;RJ;06/2022;2.327;2.321;0;0;0;0;0;0;0;0;0;0;0;0;0;0;0;0;0;6;0
PROVU SOCIEDADE DE CRÉDITO DIRETO S.A.;42.627.615;n1;I;2;S5;43;SAO PAULO;SP;06/2022;2.324;2.324;0;0;0;0;0;0;0;0;0;0;0;0;0;0;0;0;0;0;0
COOPERATIVA DE ECONOMIA E CRÉDITO MÚTUO DOS FUNCIONÁRIOS DO GRUPO SUGGAR LTDA.;548.980;b3S;I;2;S5;9;BELO HORIZONTE;MG;06/2022;2.312;2.310;0;0;0;0;0;0;0;0;0;0;0;0;0;0;0;0;0;1;0
AGILLITAS SOLUÇÕES DE PAGAMENTOS LTDA.;13.776.742;n4;I;2;S4;41;SAO PAULO;SP;06/2022;2.306;2.306;0;0;0;0;0;0;0;0;0;0;0;0;0;0;0;0;0;0;0
COOPERATIVA DE CRÉDITO RURAL DOS PLANTADORES DE CANA DA REGIÃO DE IGARAPAVA;52.623.311;b3S;I;2;S5;9;IGARAPAVA;SP;06/2022;2.284;2.284;0;0;0;0;0;0;0;0;0;0;0;0;0;0;0;0;0;0;0
COOPERATIVA DE CRÉDITO DOS FUNCIONÁRIOS DA PERPART, DO IPA E DA ADAGRO - COOPEMATER;11.356.599;b3S;I;2;S5;9;RECIFE;PE;06/2022;2.221;2.221;0;0;0;0;0;0;0;0;0;0;0;0;0;0;0;0;0;0;0
COOPERATIVA DE ECONOMIA E CRÉDITO MÚTUO DOS SERVIDORES DA UNESP - COOPUNESP;69.136.075;b3S;I;2;S5;9;RIO CLARO;SP;06/2022;2.191;2.191;0;0;0;0;0;0;0;0;0;0;0;0;0;0;0;0;0;0;0
COOPERATIVA DE ECONOMIA E CRÉDITO MÚTUO DOS FUNCIONÁRIOS DO GRUPO GERDAU - AÇOS FINOS PIRATINI;88.952.130;b3S;I;2;S5;9;CHARQUEADAS;RS;06/2022;2.122;2.121;0;0;0;0;0;0;0;0;0;0;0;0;0;0;0;0;0;1;0
COOPERATIVA DE ECONOMIA E CREDITO MUTUO DOS SERVIDORES DA UERJ LTDA. - COOPUERJ;28.885.036;b3S;I;2;S5;9;RIO DE JANEIRO;RJ;06/2022;2.082;2.082;0;0;0;0;0;0;0;0;0;0;0;0;0;0;0;0;0;0;0
TANGER SOCIEDADE DE CRÉDITO DIRETO S.A.;34.846.868;n1;I;2;S5;43;LINS;SP;06/2022;2.070;2.061;0;0;0;0;0;0;0;0;0;0;0;0;0;0;0;0;0;10;0
SOCIAL BANK BANCO MÚLTIPLO S/A;15.173.776;b1;I;2;S4;8;SALVADOR;BA;06/2022;2.067;2.067;0;0;0;0;0;0;0;0;0;0;0;0;0;0;0;0;0;0;0
ZIPDIN SOLUÇÕES DIGITAIS SOCIEDADE DE CRÉDITO DIRETO S/A;37.414.009;n1;I;2;S5;43;RIO DE JANEIRO;RJ;06/2022;2.028;2.028;0;0;0;0;0;0;0;0;0;0;0;0;0;0;0;0;0;0;0
COOPERATIVA DE ECONOMIA E CRÉDITO MÚTUO DOS FUNCIONÁRIOS DA ASSEMBLÉIA LEGISLATIVA DO ESTADO DA PARAÍBA LTDA. -  COOPERLEGIS;41.146.382;b3S;I;2;S5;9;JOAO PESSOA;PB;06/2022;2.027;2.026;0;0;0;0;0;0;0;0;0;0;0;0;0;0;0;0;0;1;0
COOPERATIVA DE ECONOMIA E CRÉDITO MÚTUO DOS EMPREGADOS DA MAGNESITA REFRATÁRIOS S.A. LTDA. - CECREM;913.314;b3S;I;2;S5;9;CONTAGEM;MG;06/2022;2.021;2.020;0;0;0;0;0;0;0;0;0;0;0;0;0;0;0;0;0;1;0
COOPERATIVA DE CRÉDITO DOS EMPREGADOS DO GRUPO AKZO NOBEL BRASIL - COOP AKZONOBEL;57.996.878;b3S;I;2;S5;9;MAUA;SP;06/2022;2.007;2.007;0;0;0;0;0;0;0;0;0;0;0;0;0;0;0;0;0;0;0
COOPERATIVA DE ECONOMIA E CRÉDITO MÚTUO DOS FUNCIONÁRIOS DA SELENE;72.952.138;b3S;I;2;S5;9;CERQUILHO;SP;06/2022;1.967;0;1.966;0;0;0;0;0;0;0;0;0;0;0;0;0;0;0;0;2;0
FINANCRED - SOCIEDADE DE CRÉDITO AO MICROEMPREENDEDOR E A EMPRESA DE PEQUENO PORTE LTDA.;27.348.513;n1;I;2;S5;10;CAMPO GRANDE;MS;06/2022;1.940;1.940;0;0;0;0;0;0;0;0;0;0;0;0;0;0;0;0;0;0;0
BARU SOCIEDADE DE CRÉDITO DIRETO S/A;42.723.848;n1;I;2;S5;43;PORTO ALEGRE;RS;06/2022;1.921;1.921;0;0;0;0;0;0;0;0;0;0;0;0;0;0;0;0;0;0;0
ONCRED - SOCIEDADE DE CRÉDITO DIRETO S.A.;44.650.156;n1;I;2;S5;43;SAO CAETANO DO SUL;SP;06/2022;1.918;1.918;0;0;0;0;0;0;0;0;0;0;0;0;0;0;0;0;0;0;0
COOPSERJ - COOPERATIVA DE CRÉDITO MÚTUO DOS SERVIDORES PÚBLICOS DO PODER EXECUTIVO DO ESTADO DO RIO DE JANEIRO LTDA.;2.723.075;b3S;I;2;S5;9;RIO DE JANEIRO;RJ;06/2022;1.917;1.917;0;0;0;0;0;0;0;0;0;0;0;0;0;0;0;0;0;0;0
COOPERATIVA DE ECONOMIA E CRÉDITO MÚTUO DOS COLABORADORES DA COOPEDER LTDA - COOPCREDER;21.130.869;b3S;I;2;S5;9;BELO HORIZONTE;MG;06/2022;1.915;1.911;0;0;0;0;0;0;0;0;0;0;0;0;0;0;0;0;0;4;0
COOPERATIVA DE ECONOMIA E CREDITO MUTUO DOS FUNCIONARIOS DE INSTITUICOES FINANCEIRAS PUBLICAS NO ESTADO DO ESPIRITO SANTO - CREDBRASIL-ES;2.869.663;b3S;I;2;S5;9;VITORIA;ES;06/2022;1.914;1.914;0;0;0;0;0;0;0;0;0;0;0;0;0;0;0;0;0;0;0
COOPERATIVA DE ECONOMIA E CRÉDITO MÚTUO DOS FUNCIONÁRIOS DA NAKATA;9.128.022;b3S;I;2;S5;9;OSASCO;SP;06/2022;1.882;1.882;0;0;0;0;0;0;0;0;0;0;0;0;0;0;0;0;0;0;0
COOPERATIVA DE ECONOMIA E CRÉDITO MÚTUO DOS FUNCIONÁRIOS DAS EMPRESAS ITAÚ;43.446.335;b3S;I;2;S5;9;OSASCO;SP;06/2022;1.826;0;1.825;0;0;0;0;0;0;0;0;0;0;0;0;0;0;0;0;1;0
CDC SOCIEDADE DE CRÉDITO AO MICROEMPREENDEDOR E À EMPRESADE PEQUENO PORTE LTDA.;18.394.228;n1;I;2;S5;10;BELO HORIZONTE;MG;06/2022;1.761;1.760;0;0;0;0;0;0;0;0;0;0;0;0;0;0;0;0;0;0;0
STARCRED SOCIEDADE DE CRÉDITO DIRETO S.A.;35.911.258;n1;I;2;S5;43;TAQUARA;RS;06/2022;1.746;1.746;0;0;0;0;0;0;0;0;0;0;0;0;0;0;0;0;0;0;0
COOPERATIVA DE CRÉDITO MÚTUO DOS SERVIDORES PÚBLICOS MUNICIPAIS DE JABOTICABAL - COOPERSERV;881.829;b3S;I;2;S5;9;JABOTICABAL;SP;06/2022;1.714;1.714;0;0;0;0;0;0;0;0;0;0;0;0;0;0;0;0;0;0;0
COOPESTADO - COOPERATIVA DE ECONOMIA E CRÉDITO MÚTUO DOS SERVIDORES PÚBLICOS NA REGIÃO METROPOLITANA DO ESTADO DO RIO DE JANEIRO LIMITADA;4.995.006;b3S;I;2;S5;9;RIO DE JANEIRO;RJ;06/2022;1.713;1.702;0;0;0;0;0;0;0;0;0;0;0;0;0;0;0;0;0;11;0
COOPERATIVA DE CRÉDITO DOS EMPREGADOS DAS EMPRESAS DO GRUPO INDORAMA NO BRASIL;62.605.290;b3S;I;2;S5;9;POCOS DE CALDAS;MG;06/2022;1.691;1.690;0;0;0;0;0;0;0;0;0;0;0;0;0;0;0;0;0;0;0
COOPERATIVA DE ECONOMIA E CREDITO MUTUO DOS SERVIDORES MUNICIPAIS DO SUL FLUMINENSE LTDA.;1.819.799;b3S;I;2;S5;9;VOLTA REDONDA;RJ;06/2022;1.657;1.656;0;0;0;0;0;0;0;0;0;0;0;0;0;0;0;0;0;1;0
UY3 SOCIEDADE DE CRÉDITO DIRETO S/A;39.587.424;n1;I;2;S5;43;PORTO ALEGRE;RS;06/2022;1.616;1.616;0;0;0;0;0;0;0;0;0;0;0;0;0;0;0;0;0;0;0
ATLANTA SOCIEDADE DE CRÉDITO AO MICROEMPREENDEDOR LTDA;4.772.908;n1;I;2;S5;10;PASSOS;MG;06/2022;1.575;1.575;0;0;0;0;0;0;0;0;0;0;0;0;0;0;0;0;0;0;0
COOPERATIVA DE CRÉDITO MÚTUO DOS FUNCIONÁRIOS DA FIEP, SESI, SENAI, IEL E DO CONDOMÍNIO AGOSTINHO VELLOSO DA SILVEIRA (CEAVS) - CREDFISP LTDA.;5.747.018;b3S;I;2;S5;9;CAMPINA GRANDE;PB;06/2022;1.554;1.554;0;0;0;0;0;0;0;0;0;0;0;0;0;0;0;0;0;0;0
COOPERATIVA DE ECONOMIA E CRÉDITO MÚTUO DOS SERVIDORES DA POLÍCIA MILITAR DO ESTADO DE SÃO PAULO DA REGIÃO CENTRO-OESTE PAULISTA - CREDMIL;4.152.107;b3S;I;2;S5;9;BAURU;SP;06/2022;1.533;1.533;0;0;0;0;0;0;0;0;0;0;0;0;0;0;0;0;0;0;0
COOPERATIVA DE ECONOMIA E CRÉDITO MÚTUO DOS EMPREGADOS DA PONTIFÍCIA UNIVERSIDADE CATÓLICA DO RIO DE JANEIRO E EMPREGADOS EM ESTABELECIMENTOS PRIVADOS DE ENSINO DO MUNICÍPIO DO RIO DE JANEIRO LTDA.;42.445.122;b3S;I;2;S5;9;RIO DE JANEIRO;RJ;06/2022;1.525;1.523;0;0;0;0;0;0;0;0;0;0;0;0;0;0;0;0;0;2;0
COOPERATIVA DE ECONOMIA E CREDITO MUTUO DOS EMPREGADOS DOS LABORATORIOS B.BRAUN LTDA;30.586.895;b3S;I;2;S5;9;SAO GONCALO;RJ;06/2022;1.490;1.489;0;0;0;0;0;0;0;0;0;0;0;0;0;0;0;0;0;1;0
COOPERATIVA DE CRÉDITO MÚTUO DOS TRABALHADORES DO SISTEMA FINANCEIRO DE CURITIBA E REGIÃO - COOPCREFI;6.942.423;b3S;I;2;S5;9;CURITIBA;PR;06/2022;1.483;1.483;0;0;0;0;0;0;0;0;0;0;0;0;0;0;0;0;0;0;0
ATICCA - SOCIEDADE DE CRÉDITO DIRETO S.A.;44.478.623;n1;I;2;S5;43;ARARAQUARA;SP;06/2022;1.472;1.472;0;0;0;0;0;0;0;0;0;0;0;0;0;0;0;0;0;0;0
CASA DO CRÉDITO S.A. SOCIEDADE DE CRÉDITO AO MICROEMPREENDEDOR;5.442.029;n1;I;2;S5;10;SAO PAULO;SP;06/2022;1.456;1.456;0;0;0;0;0;0;0;0;0;0;0;0;0;0;0;0;0;0;0
GLOBAL FINANÇAS SOCIEDADE DE CRÉDITO AO MICROEMPREENDEDOR E À EMPRESA DE PEQUENO PORTE LTDA.;11.165.756;n1;I;2;S5;10;AMERICANA;SP;06/2022;1.429;1.429;0;0;0;0;0;0;0;0;0;0;0;0;0;0;0;0;0;0;0
COOPERATIVA DE ECONOMIA E CRÉDITO MÚTUO DOS FUNCIONÁRIOS DO GRUPO VOTORANTIM LIMITADA.;75.174.953;b3S;I;2;S5;9;RIO BRANCO DO SUL;PR;06/2022;1.404;0;0;0;0;0;1.404;0;0;0;0;0;0;0;0;0;0;0;0;0;0
COOPERATIVA DE CRÉDITO MÚTUO DOS EMPREGADOS EM EMPRESAS ADMINISTRADORAS DE AEROPORTOS - AEROCRED;5.292.849;b3S;I;2;S5;9;GUARULHOS;SP;06/2022;1.388;0;0;0;0;0;0;0;0;0;0;0;0;0;1.388;0;0;0;0;0;0
COOPERATIVA DE ECONOMIA E CRÉDITO MÚTUO DOS EMPREGADOS DA PROLEC GE BRASIL TRANSMISSÃO DE ENERGIA S.A.;88.043.187;b3S;I;2;S5;9;CANOAS;RS;06/2022;1.355;1.355;0;0;0;0;0;0;0;0;0;0;0;0;0;0;0;0;0;0;0
COOPERATIVA DE ECONOMIA E CRÉDITO MÚTUO DOS EMPREGADOS DA EMPRESA SUPERMERCADOS JAU SERVE - COOPERJS;3.400.651;b3S;I;2;S5;9;JAU;SP;06/2022;1.329;1.325;0;0;0;0;0;0;0;0;0;0;0;0;0;0;0;0;0;4;0
COOPERATIVA DE ECONOMIA E CRÉDITO MÚTUO DOS SERVENTUÁRIOS DA CIMENTO TUPI S.A. E EMPRESAS COLIGADAS LTDA. - TUPICRED;19.551.787;b3S;I;2;S5;9;CARANDAI;MG;06/2022;1.315;1.313;0;0;0;0;0;0;0;0;0;0;0;0;0;0;0;0;0;1;0
COOPERATIVA DE ECONOMIA E CREDITO MUTUO DOS FUNCIONARIOS DA GKN DO BRASIL LTDA;5.331.882;b3S;I;2;S5;9;PORTO ALEGRE;RS;06/2022;1.307;0;1.307;0;0;0;0;0;0;0;0;0;0;0;0;0;0;0;0;1;0
BANCO CEDULA S.A.;33.132.044;b1;I;2;S4;8;RIO DE JANEIRO;RJ;06/2022;1.298;1.298;0;0;0;0;0;0;0;0;0;0;0;0;0;0;0;0;0;0;0
COOPERATIVA DE ECONOMIA E CRÉDITO MÚTUO DOS EMPREGADOS DA FUNDAÇÃO ARTHUR BERNARDES LTDA. - COOFAB;2.738.981;b3S;I;2;S5;9;VICOSA;MG;06/2022;1.275;79;1.196;0;0;0;0;0;0;0;0;0;0;0;0;0;0;0;0;0;0
COOPERATIVA DE ECONOMIA E CRÉDITO MÚTUO DOS EMPREGADOS DO GRUPO PARAMOUNT;88.183.173;b3S;I;2;S5;9;SAPUCAIA DO SUL;RS;06/2022;1.255;1.254;0;0;0;0;0;0;0;0;0;0;0;0;0;0;0;0;0;1;0
COOPERATIVA DE ECONOMIA E CRÉDITO MÚTUO DOS PEQUENOS EMPRESÁRIOS, MICROEMPRESÁRIOS E MICROEMPREENDEDORES DA REGIÃO METROPOLITANA DE PORTO ALEGRE - COOPESA;6.975.532;b3S;I;2;S5;9;PORTO ALEGRE;RS;06/2022;1.229;1.229;0;0;0;0;0;0;0;0;0;0;0;0;0;0;0;0;0;0;0
COOPERATIVA DE CRÉDITO MÚTUO DOS EMPREGADOS DAS INDÚSTRIAS DO PAPEL, PAPELÃO E CORTIÇA DE OTACÍLIO COSTA, LAGES E CORREA PINTO - PAPELCREDI;6.369.729;b3S;I;2;S5;9;OTACILIO COSTA;SC;06/2022;1.227;0;0;0;0;0;0;0;0;0;0;0;0;0;1.227;0;0;0;0;0;0
CREDIFIT SOCIEDADE DE CRÉDITO DIRETO S.A.;39.676.772;n1;I;2;S5;43;SALVADOR;BA;06/2022;1.187;1.186;0;0;0;0;0;0;0;0;0;0;0;0;0;0;0;0;0;1;0
COOPERATIVA DE ECONOMIA E CREDITO MUTUO DOS TRABALHADORES EM CONSELHOS DE FISCALIZACAO PROFISSIONAL NO MUNICIPIO DO RIO DE JANEIRO LTDA.;2.850.075;b3S;I;2;S5;9;RIO DE JANEIRO;RJ;06/2022;1.176;1.176;0;0;0;0;0;0;0;0;0;0;0;0;0;0;0;0;0;0;0
MONETARIE SOCIEDADE DE CRÉDITO DIRETO S.A.;46.026.562;n1;I;2;S5;43;PORTO ALEGRE;RS;06/2022;1.155;1.155;0;0;0;0;0;0;0;0;0;0;0;0;0;0;0;0;0;0;0
COOPERATIVA DE ECONOMIA E CREDITO MUTUO DOS EMPREGADOS DO COLEGIO SANTO INACIO - COESI;2.447.184;b3S;I;2;S5;9;RIO DE JANEIRO;RJ;06/2022;1.152;1.152;0;0;0;0;0;0;0;0;0;0;0;0;0;0;0;0;0;0;0
COOPERATIVA DE ECONOMIA E CRÉDITO MÚTUO DOS EMPREGADOS DA BECTON DICKINSON INDÚSTRIAS CIRÚRGICAS LTDA., LTDA.;21.597.133;b3S;I;2;S5;9;JUIZ DE FORA;MG;06/2022;1.148;1.147;0;0;0;0;0;0;0;0;0;0;0;0;0;0;0;0;0;1;0
COOPERATIVA DE ECONOMIA E CRÉDITO MÚTUO DOS EMPREGADOS DA JOLIMODE ROUPAS E EMPRESAS COLIGADAS LTDA;28.244.622;b3S;I;2;S5;9;RIO DE JANEIRO;RJ;06/2022;1.122;1.120;0;0;0;0;0;0;0;0;0;0;0;0;0;0;0;0;0;1;0
COOPERATIVA DE ECONOMIA E CREDITO MUTUO DOS SERVIDORES DA ASCAR/EMATER-RS LTDA-CRESAL;90.278.987;b3S;I;2;S5;9;PORTO ALEGRE;RS;06/2022;1.101;1.101;0;0;0;0;0;0;0;0;0;0;0;0;0;0;0;0;0;0;0
COOPERATIVA DE ECONOMIA E CRÉDITO MÚTUO DOS FUNCIONÁRIOS DA USINA SANTA MARIA - PILONCRED;1.107.759;b3S;I;2;S5;9;CERQUILHO;SP;06/2022;1.030;0;1.029;0;0;0;0;0;0;0;0;0;0;0;0;0;0;0;0;0;0
COOPERATIVA DE ECONOMIA E CRÉDITO MÚTUO DOS EMPREGADOS DAS EMPRESAS DE DIVERSÕES DO ESTADO DE SÃO PAULO;68.314.921;b3S;I;2;S5;9;SAO PAULO;SP;06/2022;1.028;1.028;0;0;0;0;0;0;0;0;0;0;0;0;0;0;0;0;0;1;0
COOPERATIVA DE ECONOMIA E CREDITO MUTUO DOS FUNCIONARIOS DA VIACAO NOSSA SENHORA DO AMPARO LTDA. - COPERFAMP;2.192.115;b3S;I;2;S5;9;MARICA;RJ;06/2022;995;995;0;0;0;0;0;0;0;0;0;0;0;0;0;0;0;0;0;1;0
CORPORE SOCIEDADE DE CRÉDITO AO MICROEMPREENDEDOR E ÀS EMPRESAS DE PEQUENO PORTE LTDA.;7.327.045;n1;I;2;S5;10;DOURADOS;MS;06/2022;975;975;0;0;0;0;0;0;0;0;0;0;0;0;0;0;0;0;0;0;0
COOPERATIVA DE ECONOMIA E CRÉDITO MÚTUO DOS EMPREGADOS DA PRODAM/SP - CREDIPRODAM;67.031.757;b3S;I;2;S5;9;SAO PAULO;SP;06/2022;971;971;0;0;0;0;0;0;0;0;0;0;0;0;0;0;0;0;0;0;0
FFA SOCIEDADE DE CRÉDITO AO MICROEMPREENDEDOR E À EMPRESA DE PEQUENO PORTE LTDA.;24.537.861;n1;I;2;S5;10;SAO PAULO;SP;06/2022;965;963;0;0;0;0;0;0;0;0;0;0;0;0;0;0;0;0;0;2;0
COOPERATIVA DE ECONOMIA E CRÉDITO MÚTUO DOS SERVIDORES DA PREFEITURA MUNICIPAL DE VOTORANTIM;52.137.361;b3S;I;2;S5;9;VOTORANTIM;SP;06/2022;956;956;0;0;0;0;0;0;0;0;0;0;0;0;0;0;0;0;0;1;0
COOPERATIVA DE ECONOMIA E CREDITO MUTUO DOS FUNCIONARIOS DO GRUPO MAUA LTDA;5.048.575;b3S;I;2;S5;9;SAO GONCALO;RJ;06/2022;943;942;0;0;0;0;0;0;0;0;0;0;0;0;0;0;0;0;0;1;0
FIDÚCIA SOCIEDADE DE CRÉDITO AO MICROEMPREENDEDOR E À EMPRESA DE PEQUENO PORTE LIMITADA.;4.307.598;n1;I;2;S5;10;SOROCABA;SP;06/2022;933;933;0;0;0;0;0;0;0;0;0;0;0;0;0;0;0;0;0;0;0
COOPERATIVA DE ECONOMIA E CRÉDITO MÚTUO DOS EMPREGADOS DA UNIFI - CREDIUNIFI;3.685.335;b3S;I;2;S5;9;SAO PAULO;SP;06/2022;923;0;922;0;0;0;0;0;0;0;0;0;0;0;0;0;0;0;0;1;0
COOPERATIVA DE ECONOMIA E CREDITO MUTUO DOS SERVIDORES DO COLEGIO PEDRO II;2.910.387;b3S;I;2;S5;9;RIO DE JANEIRO;RJ;06/2022;918;918;0;0;0;0;0;0;0;0;0;0;0;0;0;0;0;0;0;0;0
COOPERATIVA DE CRÉDITO DOS FUNCIONÁRIOS DO GRUPO PPG;3.657.230;b3S;I;2;S5;9;SUMARE;SP;06/2022;887;0;887;0;0;0;0;0;0;0;0;0;0;0;0;0;0;0;0;0;0
COOPERATIVA DE ECONOMIA E CRÉDITO MÚTUO DOS EMPREGADOS DO SEBRAE BAHIA LTDA.;5.658.367;b3S;I;2;S5;9;SALVADOR;BA;06/2022;881;881;0;0;0;0;0;0;0;0;0;0;0;0;0;0;0;0;0;0;0
COOPERATIVA DE CRÉDITO DOS EMPREGADOS DA CBA ITAPISSUMA E EMPREGADOS DE EMPRESAS PRESTADORA DE SERVIÇOS INDUSTRIAIS, NO ESTADO DE PERNAMBUCO - CREDCOOPE;8.931.800;b3S;I;2;S5;9;ITAPISSUMA;PE;06/2022;879;878;0;0;0;0;0;0;0;0;0;0;0;0;0;0;0;0;0;1;0
COOPERATIVA DE CRÉDITO DE SERVIDORES DA UESC - UESCOOP;10.548.608;b3S;I;2;S5;9;ILHEUS;BA;06/2022;877;876;0;0;0;0;0;0;0;0;0;0;0;0;0;0;0;0;0;0;0
BANSUR JM SOCIEDADE DE CRÉDITO DIRETO S/A;42.963.742;n1;I;2;S5;43;BELO HORIZONTE;MG;06/2022;845;845;0;0;0;0;0;0;0;0;0;0;0;0;0;0;0;0;0;0;0
LAMARA SOCIEDADE DE CRÉDITO DIRETO S.A.;19.324.634;n1;I;2;S5;43;FORTALEZA;CE;06/2022;815;812;0;0;0;0;0;0;0;0;0;0;0;0;0;0;0;0;0;2;0
N26 SOCIEDADE DE CRÉDITO DIRETO S.A.;40.867.163;n1;I;2;S5;43;SAO PAULO;SP;06/2022;806;806;0;0;0;0;0;0;0;0;0;0;0;0;0;0;0;0;0;0;0
COOPERATIVA DE ECONOMIA E CRÉDITO MÚTUO DOS EMPREGADOS DA INDÚSTRIA DE PAPÉIS SUDESTE LTDA . - CREDESTE;18.340.695;b3S;I;2;S5;9;JUIZ DE FORA;MG;06/2022;800;798;0;0;0;0;0;0;0;0;0;0;0;0;0;0;0;0;0;3;0
COOPERATIVA DE ECONOMIA E CRÉDITO MÚTUO DOS EMPREGADOS DA MOSAIC FERTILIZANTES DO BRASIL - COCRESGO LTDA.;968.834;b3S;I;2;S5;9;CATALAO;GO;06/2022;782;782;0;0;0;0;0;0;0;0;0;0;0;0;0;0;0;0;0;0;0
COOPERATIVA DE ECONOMIA E CRÉDITO MÚTUO DOS EMPREGADOS DAS EMPRESAS SOMART LTDA.;129.753;b3S;I;2;S5;9;URUCANIA;MG;06/2022;764;761;0;0;0;0;0;0;0;0;0;0;0;0;0;0;0;0;0;3;0
COOPERATIVA DE ECONOMIA E CREDITO MUTUO DOS EMPREGADOS DA CIA DE ELETRICIDADE DO ESTADO DO RJ CREDICERJ LTDA;30.138.226;b3S;I;2;S5;9;NITEROI;RJ;06/2022;762;762;0;0;0;0;0;0;0;0;0;0;0;0;0;0;0;0;0;0;0
BNK DIGITAL SOCIEDADE DE CRÉDITO DIRETO S.A.;45.331.622;n1;I;2;S5;43;PORTO ALEGRE;RS;06/2022;762;762;0;0;0;0;0;0;0;0;0;0;0;0;0;0;0;0;0;0;0
CREDILON SOCIEDADE DE CRÉDITO AO MICROEMPREENDEDOR DA REGIÃO DE LONDRINA LTDA.;4.223.451;n1;I;2;S5;10;LONDRINA;PR;06/2022;726;726;0;0;0;0;0;0;0;0;0;0;0;0;0;0;0;0;0;0;0
COOPERATIVA DE ECONOMIA E CREDITO MUTUO DOS FUNCIONARIOS DA SANEPAR - CREDISANEPAR;3.165.497;b3S;I;2;S5;9;CASCAVEL;PR;06/2022;708;708;0;0;0;0;0;0;0;0;0;0;0;0;0;0;0;0;0;0;0
COOPERATIVA DE ECONOMIA E CRÉDITO MÚTUO DOS TRABALHADORES DAS INDÚSTRIAS METALÚRGICAS DE PORTO ALEGRE E GRANDE PORTO ALEGRE;90.560.434;b3S;I;2;S5;9;CACHOEIRINHA;RS;06/2022;632;630;0;0;0;0;0;0;0;0;0;0;0;0;0;0;0;0;0;2;0
COOPERATIVA DE ECONOMIA E CREDITO MUTUO DOS EMPREGADOS NAS INDUSTRIAS QUIMICAS, FARMACEUTICAS E SIMILARES DA REGIAO METROPOLITANA DO RIO DE JANEIRO LTDA;5.424.088;b3S;I;2;S5;9;SAO GONCALO;RJ;06/2022;613;613;0;0;0;0;0;0;0;0;0;0;0;0;0;0;0;0;0;0;0
COOPERATIVA DE ECONOMIA E CRÉDITO MÚTUO DOS FUNCIONÁRIOS DA COMPANHIA PAULISTA DE TRENS METROPOLITANOS - COOPERTREM;1.530.136;b3S;I;2;S5;9;OSASCO;SP;06/2022;613;613;0;0;0;0;0;0;0;0;0;0;0;0;0;0;0;0;0;0;0
COOPERATIVA DE ECONOMIA E CREDITO MUTUO DOS FUNCIONARIOS DA FMC LTDA;42.258.376;b3S;I;2;S5;9;RIO DE JANEIRO;RJ;06/2022;608;608;0;0;0;0;0;0;0;0;0;0;0;0;0;0;0;0;0;0;0
COOPERATIVA DE ECONOMIA E CREDITO MUTUO DOS TRABALHADORES DO GRUPO EMPRESARIAL ITATIAIA LTDA. - COOPERITA;20.177.390;b3S;I;2;S5;9;UBA;MG;06/2022;585;584;0;0;0;0;0;0;0;0;0;0;0;0;0;0;0;0;0;1;0
COOPERATIVA DE ECONOMIA E CRÉDITO MÚTUO DOS BANCÁRIOS DE BELO HORIZONTE E REGIÃO METROPOLITANA LTDA. - COOPEB;71.502.181;b3S;I;2;S5;9;BELO HORIZONTE;MG;06/2022;582;582;0;0;0;0;0;0;0;0;0;0;0;0;0;0;0;0;0;0;0
HR DIGITAL - SOCIEDADE DE CRÉDITO DIRETO S/A;44.292.580;n1;I;2;S5;43;BRASILIA;DF;06/2022;580;0;580;0;0;0;0;0;0;0;0;0;0;0;0;0;0;0;0;0;0
VNK SOCIEDADE DE CRÉDITO AO MICROEMPREENDEDOR E À EMPRESA DE PEQUENO PORTE LTDA.;20.269.566;n1;I;2;S5;10;FORTALEZA;CE;06/2022;574;573;0;0;0;0;0;0;0;0;0;0;0;0;0;0;0;0;0;1;0
COOPERATIVA DE ECONOMIA E CREDITO MÚTUO DOS PROFESSORES ESTADUAIS DA REGIÃO METROPOLITANA DE PORTO ALEGRE - EDUCREDI;5.419.025;b3S;I;2;S5;9;PORTO ALEGRE;RS;06/2022;562;561;0;0;0;0;0;0;0;0;0;0;0;0;0;0;0;0;0;1;0
CONFEDERAÇÃO NACIONAL DAS COOPERATIVAS CENTRAIS DE CRÉDITO E ECONOMIA FAMILIAR E SOLIDÁRIA - CRESOL CONFEDERAÇÃO;10.398.952;b3C;I;2;S4;9;FLORIANOPOLIS;SC;06/2022;560;560;0;0;0;0;0;0;0;0;0;0;0;0;0;0;0;0;0;0;0
COOPERATIVA DE CRÉDITO DE CAPITAL E EMPRÉSTIMO DOS EMPREGADOS CELETISTAS DE COOPERATIVAS DOS ESTADOS DE SÃO PAULO E MINAS GERAIS - COCREUNI;57.987.273;b3S;I;2;S5;9;RIBEIRAO PRETO;SP;06/2022;530;530;0;0;0;0;0;0;0;0;0;0;0;0;0;0;0;0;0;0;0
COOPERATIVA DE ECONOMIA E CRÉDITO MÚTUO DOS FUNCIONÁRIOS DO BANESPA DE BOTUCATU E CIDADES LIMÍTROFES;3.219.207;b3S;I;2;S5;9;BOTUCATU;SP;06/2022;529;529;0;0;0;0;0;0;0;0;0;0;0;0;0;0;0;0;0;0;0
COOPERATIVA DE CRÉDITO MÚTUO DOS EMPREGADOS DO CENTRO UNIVERSITÁRIO NEWTON PAIVA LTDA. - CREDIPAIVA;20.833.992;b3S;I;2;S5;9;BELO HORIZONTE;MG;06/2022;527;527;0;0;0;0;0;0;0;0;0;0;0;0;0;0;0;0;0;0;0
COOPERATIVA DE CRÉDITO DE CAPITAL E EMPRÉSTIMO DOS TRABALHADORES NAS EMPRESAS DE TECNOLOGIA E INFORMÁTICA DE BELO HORIZONTE E CIDADES LIMÍTROFES LTDA - COOPERINFOR;28.435.685;b3S;I;2;S5;9;BELO HORIZONTE;MG;06/2022;515;514;0;0;0;0;0;0;0;0;0;0;0;0;0;0;0;0;0;0;0
COOPESA-COOPERATIVA DE ECONOMIA E CREDITO MUTUO DOS FUNCIONARIOS DA COESA TRANSPORTES E EMPRESAS COLIGADAS LTDA;68.848.563;b3S;I;2;S5;9;SAO GONCALO;RJ;06/2022;507;506;0;0;0;0;0;0;0;0;0;0;0;0;0;0;0;0;0;0;0
COOPERATIVA DE ECONOMIA E CRÉDITO MÚTUO DOS FUNCIONÁRIOS DA CIA AÇUCAREIRA VALE DO ROSÁRIO - COOPERVALE;44.958.981;b3S;I;2;S5;9;MORRO AGUDO;SP;06/2022;486;485;0;0;0;0;0;0;0;0;0;0;0;0;0;0;0;0;0;0;0
J17 - SOCIEDADE DE CRÉDITO DIRETO S/A;40.475.846;n1;I;2;S5;43;LONDRINA;PR;06/2022;468;468;0;0;0;0;0;0;0;0;0;0;0;0;0;0;0;0;0;0;0
COOPERATIVA DE ECONOMIA E CRÉDITO MÚTUO DOS BANCÁRIOS DE JUIZ DE FORA LTDA. - COCBAN;4.158.581;b3S;I;2;S5;9;JUIZ DE FORA;MG;06/2022;446;446;0;0;0;0;0;0;0;0;0;0;0;0;0;0;0;0;0;0;0
SUDACRED - SOCIEDADE DE CRÉDITO AO MICROEMPREENDEDOR E À EMPRESA DE PEQUENO PORTE LTDA.;20.251.847;n1;I;2;S5;10;CURITIBA;PR;06/2022;420;419;0;0;0;0;0;0;0;0;0;0;0;0;0;0;0;0;0;1;0
COOPERATIVA DE ECONOMIA E CRÉDITO MÚTUO DOS BANCÁRIOS DO TRIÂNGULO LTDA.;1.301.541;b3S;I;2;S5;9;UBERLANDIA;MG;06/2022;396;396;0;0;0;0;0;0;0;0;0;0;0;0;0;0;0;0;0;0;0
COOPERATIVA DE ECONOMIA E CREDITO MUTUO DOS EMPREGADOS DO GRUPO JOSE NEFFA LTDA;29.985.421;b3S;I;2;S5;9;VITORIA;ES;06/2022;376;375;0;0;0;0;0;0;0;0;0;0;0;0;0;0;0;0;0;0;0
COOPERATIVA DE CRÉDITO RURAL DO AGRESTE ALAGOANO - COOPERAGRE;8.482.873;b3S;I;2;S5;9;IGACI;AL;06/2022;333;0;0;0;0;0;0;0;0;0;0;0;0;0;332;0;0;0;0;1;0
BOM CRÉDITO   SOCIEDADE DE CRÉDITO AO MICROEMPREENDEDOR E À EMPRESA DE PEQUENO PORTE LTDA.;5.669.150;n1;I;2;S5;10;VOLTA REDONDA;RJ;06/2022;315;315;0;0;0;0;0;0;0;0;0;0;0;0;0;0;0;0;0;0;0
COOPERATIVA DE ECONOMIA E CRÉDITO MÚTUO DOS EMPREGADOS DAS EMPRESAS PLASCAR;17.411.307;b3S;I;2;S5;9;JUNDIAI;SP;06/2022;306;305;0;0;0;0;0;0;0;0;0;0;0;0;0;0;0;0;0;1;0
MIRAE ASSET WEALTH MANAGEMENT (BRAZIL) CORRETORA DE CÂMBIO, TÍTULOS E VALORES MOBILIÁRIOS LTDA.;12.392.983;n2;I;3;S4;15;SAO PAULO;SP;06/2022;298;298;0;0;0;0;0;0;0;0;0;0;0;0;0;0;0;0;0;0;0
COOPERATIVA DE ECONOMIA E CREDITO MUTUO DOS FUNCIONARIOS DO GRUPO PROGRESSO LTDA - PROCRED;2.931.166;b3S;I;2;S5;9;TRES RIOS;RJ;06/2022;267;265;0;0;0;0;0;0;0;0;0;0;0;0;0;0;0;0;0;3;0
HR SOCIEDADE DE CRÉDITO AO MICROEMPREENDEDOR E À EMPRESA DE PEQUENO PORTE LTDA.;20.158.571;n1;I;2;S5;10;MACEIO;AL;06/2022;263;263;0;0;0;0;0;0;0;0;0;0;0;0;0;0;0;0;0;0;0
CAPITAL CONSIG SOCIEDADE DE CRÉDITO DIRETO S.A.;40.083.667;n1;I;2;S5;43;SAO PAULO;SP;06/2022;248;243;0;0;0;0;0;0;0;0;0;0;0;0;0;0;0;0;0;5;0
FACILICRED SOCIEDADE DE CRÉDITO AO MICROEMPREENDEDOR LTDA;4.849.745;n1;I;2;S5;10;CURITIBA;PR;06/2022;246;246;0;0;0;0;0;0;0;0;0;0;0;0;0;0;0;0;0;0;0
FAMÍLIA PAULISTA COMPANHIA HIPOTECÁRIA;53.146.221;n1;I;2;S5;29;SANTOS;SP;06/2022;221;0;152;0;0;0;0;0;0;0;69;0;0;0;0;0;0;0;0;0;0
COOPERATIVA DE CRÉDITO MÚTUO DOS FUNCIONÁRIOS DA FÁBRICA DE CIMENTO VOTORAN;45.421.856;b3S;I;2;S5;9;VOTORANTIM;SP;06/2022;200;199;0;0;0;0;0;0;0;0;0;0;0;0;0;0;0;0;0;1;0
ATIVA INVESTIMENTOS S.A. CORRETORA DE TÍTULOS, CÂMBIO E VALORES;33.775.974;n2;I;2;S4;15;RIO DE JANEIRO;RJ;06/2022;189;188;0;0;0;0;0;0;0;0;0;0;0;0;0;0;0;0;0;0;0
PLANNER;51.341;n1;C;2;S4;197;SAO PAULO;SP;06/2022;163;163;0;0;0;0;0;0;0;0;0;0;0;0;0;0;0;0;0;0;0
DELCRED SOCIEDADE DE CRÉDITO DIRETO S.A.;38.224.857;n1;I;2;S5;43;ARACAJU;SE;06/2022;138;138;0;0;0;0;0;0;0;0;0;0;0;0;0;0;0;0;0;0;0
COOPERATIVA DE ECONOMIA E CRÉDITO MÚTUO DOS BANCÁRIOS DE SOROCABA E REGIÃO;71.491.609;b3S;I;2;S5;9;SOROCABA;SP;06/2022;118;118;0;0;0;0;0;0;0;0;0;0;0;0;0;0;0;0;0;0;0
COOPERATIVA DE CRÉDITO UNICOPER;977.212;b3S;I;2;S5;9;SAO PAULO;SP;06/2022;105;0;105;0;0;0;0;0;0;0;0;0;0;0;0;0;0;0;0;0;0
COOPERATIVA DE CRÉDITO DOS METALÚRGICOS DO ABC - CREDABC;5.740.092;b3S;I;2;S5;9;SAO BERNARDO DO CAMPO;SP;06/2022;78;78;0;0;0;0;0;0;0;0;0;0;0;0;0;0;0;0;0;0;0
EAGLE SOCIEDADE DE CRÉDITO DIRETO S.A.;45.745.537;n1;I;2;S5;43;PORTO ALEGRE;RS;06/2022;43;43;0;0;0;0;0;0;0;0;0;0;0;0;0;0;0;0;0;0;0
COOPERATIVA DE ECONOMIA E CREDITO MUTUO DOS EMPREGADOS DO GRUPO USINA PAINEIRAS LTDA - CRED-PAN;27.140.946;b3S;I;2;S5;9;ITAPEMIRIM;ES;06/2022;31;31;0;0;0;0;0;0;0;0;0;0;0;0;0;0;0;0;0;0;0
PÓLOCRED   SOCIEDADE DE CRÉDITO AO MICROEMPREENDEDOR E À EMPRESA DE PEQUENO PORTE LTDA.;7.945.233;n1;I;2;S5;10;FLORIANOPOLIS;SC;06/2022;23;23;0;0;0;0;0;0;0;0;0;0;0;0;0;0;0;0;0;0;0
CREDBRASIL - SOCIEDADE DE CRÉDITO AO MICROEMPREENDEDOR LTDA;3.635.061;n1;I;2;S5;10;PAULINIA;SP;06/2022;13;13;0;0;0;0;0;0;0;0;0;0;0;0;0;0;0;0;0;0;0
COOPERATIVA DE CRÉDITO RURAL DOS AGROPECUARISTAS DA REGIÃO DE PORTO FELIZ;50.334.234;b3S;I;2;S5;9;PORTO FELIZ;SP;06/2022;2;2;0;0;0;0;0;0;0;0;0;0;0;0;0;0;0;0;0;0;0
HUB PAGAMENTOS S.A;13.884.775;n4;I;2;;41;BARUERI;SP;06/2022;2;2;0;0;0;0;0;0;0;0;0;0;0;0;0;0;0;0;0;0;0
DMCARD SOCIEDADE DE CRÉDITO DIRETO S.A.;37.555.231;n1;I;2;S5;43;SAO JOSE DOS CAMPOS;SP;06/2022;2;2;0;0;0;0;0;0;0;0;0;0;0;0;0;0;0;0;0;0;0
VR;50.524;b1;C;2;S4;199;SAO PAULO;SP;06/2022;0;0;0;0;0;0;0;0;0;0;0;0;0;0;0;0;0;0;0;0;0
AGK CORRETORA DE CAMBIO S.A.;250.699;n2;I;2;S4;21;SAO PAULO;SP;06/2022;0;NA;NA;NA;NA;NA;NA;NA;NA;NA;NA;NA;NA;NA;NA;NA;NA;NA;NA;0;0
CONFEDERAÇÃO NACIONAL DAS COOPERATIVAS CENTRAIS UNICRED LTDA. - UNICRED DO BRASIL.;315.557;b3C;I;2;S4;9;SAO PAULO;SP;06/2022;0;NI;NI;NI;NI;NI;NI;NI;NI;NI;NI;NI;NI;NI;NI;NI;NI;NI;NI;0;0
ÍNDIGO INVESTIMENTOS DISTRIBUIDORA DE TÍTULOS E VALORES MOBILIÁRIOS LTDA.;329.598;n2;I;2;S4;16;SAO PAULO;SP;06/2022;0;NI;NI;NI;NI;NI;NI;NI;NI;NI;NI;NI;NI;NI;NI;NI;NI;NI;NI;0;0
COINVALORES CORRETORA DE CÂMBIO E VALORES MOBILIÁRIOS LTDA.;336.036;n2;I;2;S5;15;SAO PAULO;SP;06/2022;0;NI;NI;NI;NI;NI;NI;NI;NI;NI;NI;NI;NI;NI;NI;NI;NI;NI;NI;0;0
COLUNA S/A DISTRIBUIDORA DE TITULOS E VALORES MOBILIÁRIOS;460.065;n2;I;2;S4;16;RIO DE JANEIRO;RJ;06/2022;0;NI;NI;NI;NI;NI;NI;NI;NI;NI;NI;NI;NI;NI;NI;NI;NI;NI;NI;0;0
COOPERATIVA CENTRAL DE CRÉDITO UNICRED CONEXÃO LTDA - UNICRED CENTRAL CONEXÃO;543.968;b3C;I;2;S4;9;FLORIANOPOLIS;SC;06/2022;0;NI;NI;NI;NI;NI;NI;NI;NI;NI;NI;NI;NI;NI;NI;NI;NI;NI;NI;0;0
WORLDPAY DO BRASIL INSTITUICAO DE PAGAMENTO LTDA;991.143;n4;I;2;;41;SAO PAULO;SP;06/2022;0;NI;NI;NI;NI;NI;NI;NI;NI;NI;NI;NI;NI;NI;NI;NI;NI;NI;NI;0;0
BANCO B3 S.A.;997.185;b1;I;2;S4;2;SAO PAULO;SP;06/2022;0;NI;NI;NI;NI;NI;NI;NI;NI;NI;NI;NI;NI;NI;NI;NI;NI;NI;NI;0;0
CIELO S.A. - INSTITUIÇÃO DE PAGAMENTO;1.027.058;n4;I;2;;41;BARUERI;SP;06/2022;0;NI;NI;NI;NI;NI;NI;NI;NI;NI;NI;NI;NI;NI;NI;NI;NI;NI;NI;0;0
COOPERATIVA DE CRÉDITO RURAL DE ABELARDO LUZ - SULCREDI/CREDILUZ;1.073.966;b3S;I;2;S5;9;ABELARDO LUZ;SC;06/2022;0;NI;NI;NI;NI;NI;NI;NI;NI;NI;NI;NI;NI;NI;NI;NI;NI;NI;NI;0;0
REDECARD INSTITUIÇÃO DE PAGAMENTO S.A.;1.425.787;n4;I;2;S1;41;SAO PAULO;SP;06/2022;0;NI;NI;NI;NI;NI;NI;NI;NI;NI;NI;NI;NI;NI;NI;NI;NI;NI;NI;0;0
OPPORTUNITY DISTRIBUIDORA DE TÍTULOS E VALORES MOBILIÁRIOS LTDA;1.582.158;n2;I;2;S4;16;RIO DE JANEIRO;RJ;06/2022;0;NI;NI;NI;NI;NI;NI;NI;NI;NI;NI;NI;NI;NI;NI;NI;NI;NI;NI;0;0
H.COMMCOR DISTRIBUIDORA DE TÍTULOS E VALORES MOBILIÁRIOS LTDA.;1.788.147;n2;I;2;S4;16;SAO PAULO;SP;06/2022;0;NI;NI;NI;NI;NI;NI;NI;NI;NI;NI;NI;NI;NI;NI;NI;NI;NI;NI;0;0
TREVISO CORRETORA DE CÂMBIO S.A.;2.992.317;n2;I;2;S4;21;SAO PAULO;SP;06/2022;0;NA;NA;NA;NA;NA;NA;NA;NA;NA;NA;NA;NA;NA;NA;NA;NA;NA;NA;0;0
INFINITY CORRETORA DE CÂMBIO, TÍTULOS E VALORES MOBILIÁRIOS S.A.;3.014.007;n2;I;2;S4;15;SAO PAULO;SP;06/2022;0;NI;NI;NI;NI;NI;NI;NI;NI;NI;NI;NI;NI;NI;NI;NI;NI;NI;NI;0;0
UNIPRIME CENTRAL - CENTRAL NACIONAL DE COOPERATIVA DE CRÉDITO LTDA.;3.046.391;b3C;I;2;S4;9;LONDRINA;PR;06/2022;0;NI;NI;NI;NI;NI;NI;NI;NI;NI;NI;NI;NI;NI;NI;NI;NI;NI;NI;0;0
AVIPAM CORRETORA DE CAMBIO LTDA;3.443.143;n2;I;2;S4;21;RIO DE JANEIRO;RJ;06/2022;0;NA;NA;NA;NA;NA;NA;NA;NA;NA;NA;NA;NA;NA;NA;NA;NA;NA;NA;0;0
COOPERATIVA DE ECONOMIA E CREDITO MUTUO DOS EMPREGADOS IND.ALIMENTACAO REG.GRDE.VITORIA EST.ES-CREDI-ALIMENTO;3.973.743;b3S;I;2;S5;9;VITORIA;ES;06/2022;0;NI;NI;NI;NI;NI;NI;NI;NI;NI;NI;NI;NI;NI;NI;NI;NI;NI;NI;0;0
OZ CORRETORA DE CÂMBIO S.A.;4.062.902;n2;I;2;S4;21;SAO PAULO;SP;06/2022;0;NA;NA;NA;NA;NA;NA;NA;NA;NA;NA;NA;NA;NA;NA;NA;NA;NA;NA;0;0
NOVA FUTURA CORRETORA DE TÍTULOS E VALORES MOBILIÁRIOS LTDA.;4.257.795;n2;I;2;S4;15;SAO PAULO;SP;06/2022;0;NI;NI;NI;NI;NI;NI;NI;NI;NI;NI;NI;NI;NI;NI;NI;NI;NI;NI;0;0
ARC CORRETORA DE CAMBIO, ASSOCIADOS GOUVEIA, CAMPEDELLI S.A.;4.684.647;n2;I;2;S4;21;SANTOS;SP;06/2022;0;NA;NA;NA;NA;NA;NA;NA;NA;NA;NA;NA;NA;NA;NA;NA;NA;NA;NA;0;0
COOPERASA - COOPERATIVA DE ECONOMIA E CRÉDITO MÚTUO DOS FUNCIONARIOS DAS EMPRESAS DA AGUIA PARTICIPAÇÕES;5.296.712;b3S;I;2;S5;9;PONTA GROSSA;PR;06/2022;0;NI;NI;NI;NI;NI;NI;NI;NI;NI;NI;NI;NI;NI;NI;NI;NI;NI;NI;0;0
CENTRAL COOPERATIVA DE CRÉDITO NO ESTADO DO ESPÍRITO SANTO - CECOOP;5.790.149;b3C;I;2;S4;9;VITORIA;ES;06/2022;0;NI;NI;NI;NI;NI;NI;NI;NI;NI;NI;NI;NI;NI;NI;NI;NI;NI;NI;0;0
LABOR SOCIEDADE CORRETORA DE CÂMBIO LTDA.;6.132.348;n2;I;2;S5;21;RECIFE;PE;06/2022;0;NA;NA;NA;NA;NA;NA;NA;NA;NA;NA;NA;NA;NA;NA;NA;NA;NA;NA;0;0
BOA VIAGEM SOCIEDADE CORRETORA DE CÂMBIO LTDA.;6.373.777;n2;I;2;S4;21;RECIFE;PE;06/2022;0;NA;NA;NA;NA;NA;NA;NA;NA;NA;NA;NA;NA;NA;NA;NA;NA;NA;NA;0;0
HEDGE INVESTMENTS DISTRIBUIDORA DE TÍTULOS E VALORES MOBILIÁRIOS LTDA.;7.253.654;n2;I;2;S4;16;SAO PAULO;SP;06/2022;0;NI;NI;NI;NI;NI;NI;NI;NI;NI;NI;NI;NI;NI;NI;NI;NI;NI;NI;0;0
ONNIX CORRETORA DE CÂMBIO LTDA.;7.333.726;n2;I;2;S4;21;PORTO ALEGRE;RS;06/2022;0;NA;NA;NA;NA;NA;NA;NA;NA;NA;NA;NA;NA;NA;NA;NA;NA;NA;NA;0;0
WESTERN ASSET MANAGEMENT COMPANY DISTRIBUIDORA DE TÍTULOS E VALORES MOBILIÁRIOS LIMITADA;7.437.241;n2;I;3;S4;16;SAO PAULO;SP;06/2022;0;NI;NI;NI;NI;NI;NI;NI;NI;NI;NI;NI;NI;NI;NI;NI;NI;NI;NI;0;0
COOPERATIVA DE CRÉDITO MÚTUO DOS DISTRIBUIDORES DE BEBIDAS DO ESTADO DE SÃO PAULO - SICOOB CREDIBESP;7.753.938;b3S;I;2;S5;9;SAO PAULO;SP;06/2022;0;NI;NI;NI;NI;NI;NI;NI;NI;NI;NI;NI;NI;NI;NI;NI;NI;NI;NI;0;0
SOL CORRETORA DE CÂMBIO LTDA.;8.520.517;n2;I;2;S4;21;NATAL;RN;06/2022;0;NA;NA;NA;NA;NA;NA;NA;NA;NA;NA;NA;NA;NA;NA;NA;NA;NA;NA;0;0
MONEYCORP BANCO DE CÂMBIO S.A.;8.609.934;b2;I;2;S4;39;SAO PAULO;SP;06/2022;0;NI;NI;NI;NI;NI;NI;NI;NI;NI;NI;NI;NI;NI;NI;NI;NI;NI;NI;0;0
F.D'GOLD - DISTRIBUIDORA DE TÍTULOS E VALORES MOBILIÁRIOS LTDA.;8.673.569;n2;I;2;S4;16;SAO PAULO;SP;06/2022;0;NI;NI;NI;NI;NI;NI;NI;NI;NI;NI;NI;NI;NI;NI;NI;NI;NI;NI;0;0
WIRECARD BRAZIL INSTITUIÇÃO DE PAGAMENTO S.A.;8.718.431;n4;I;2;S4;41;SAO PAULO;SP;06/2022;0;NI;NI;NI;NI;NI;NI;NI;NI;NI;NI;NI;NI;NI;NI;NI;NI;NI;NI;0;0
STATE STREET BRASIL S.A. - BANCO COMERCIAL;9.274.232;b1;I;3;S4;2;SAO PAULO;SP;06/2022;0;NI;NI;NI;NI;NI;NI;NI;NI;NI;NI;NI;NI;NI;NI;NI;NI;NI;NI;0;0
BANCO VIPAL S.A.;9.526.594;b2;I;2;S4;8;PORTO ALEGRE;RS;06/2022;0;NI;NI;NI;NI;NI;NI;NI;NI;NI;NI;NI;NI;NI;NI;NI;NI;NI;NI;0;0
SUPER PAGAMENTOS E ADMINISTRAÇÃO DE MEIOS ELETRÔNICOS S.A.;9.554.480;n4;I;3;S1;41;SAO PAULO;SP;06/2022;0;NI;NI;NI;NI;NI;NI;NI;NI;NI;NI;NI;NI;NI;NI;NI;NI;NI;NI;0;0
FIDUCIAL DISTRIBUIDORA DE TÍTULOS E VALORES MOBILIÁRIOS LTDA.;10.280.601;n2;I;2;S5;16;BELO HORIZONTE;MG;06/2022;0;NI;NI;NI;NI;NI;NI;NI;NI;NI;NI;NI;NI;NI;NI;NI;NI;NI;NI;0;0
GREEN NET INSTITUIÇÃO DE PAGAMENTO LTDA;10.314.753;n4;I;2;;41;CUIABA;MT;06/2022;0;NI;NI;NI;NI;NI;NI;NI;NI;NI;NI;NI;NI;NI;NI;NI;NI;NI;NI;0;0
GETNET ADQUIRÊNCIA E SERVIÇOS PARA MEIOS DE PAGAMENTO S.A. INSTITUIÇÃO DE PAGAMENTO;10.440.482;n4;I;3;S1;41;SAO PAULO;SP;06/2022;0;NI;NI;NI;NI;NI;NI;NI;NI;NI;NI;NI;NI;NI;NI;NI;NI;NI;NI;0;0
COOPERATIVA DE ECONOMIA E CRÉDITO MÚTUO DOS TRABALHADORES NAS INDÚSTRIAS METALÚRGICAS, MECÂNICA E MATERIAL ELÉTRICO DE SÃO LEOPOLDO E REGIÃO - COOPERMETAL;10.719.496;b3S;I;2;S5;9;SAO LEOPOLDO;RS;06/2022;0;NI;NI;NI;NI;NI;NI;NI;NI;NI;NI;NI;NI;NI;NI;NI;NI;NI;NI;0;0
GDC PARTNERS SERVIÇOS FIDUCIÁRIOS DISTRIBUIDORA DE TÍTULOS E VALORES MOBILIÁRIOS LTDA.;10.749.264;n2;I;2;S5;16;RIO DE JANEIRO;RJ;06/2022;0;NI;NI;NI;NI;NI;NI;NI;NI;NI;NI;NI;NI;NI;NI;NI;NI;NI;NI;0;0
GET MONEY CORRETORA DE CÂMBIO S.A.;10.853.017;n2;I;2;S5;21;SAO PAULO;SP;06/2022;0;NA;NA;NA;NA;NA;NA;NA;NA;NA;NA;NA;NA;NA;NA;NA;NA;NA;NA;0;0
ACG INSTITUIÇÃO DE PAGAMENTO S.A.;10.868.663;n4;I;2;;41;SAO PAULO;SP;06/2022;0;NI;NI;NI;NI;NI;NI;NI;NI;NI;NI;NI;NI;NI;NI;NI;NI;NI;NI;0;0
PAYPAL DO BRASIL SERVICOS DE PAGAMENTOS LTDA;10.878.448;n4;I;2;;41;SAO PAULO;SP;06/2022;0;NI;NI;NI;NI;NI;NI;NI;NI;NI;NI;NI;NI;NI;NI;NI;NI;NI;NI;0;0
RECARGAPAY INSTITUICAO DE PAGAMENTO LTDA.;11.275.560;n4;I;2;S5;41;SAO PAULO;SP;06/2022;0;NI;NI;NI;NI;NI;NI;NI;NI;NI;NI;NI;NI;NI;NI;NI;NI;NI;NI;0;0
OM DISTRIBUIDORA DE TÍTULOS E VALORES MOBILIÁRIOS LTDA;11.495.073;n2;I;2;S4;16;SAO PAULO;SP;06/2022;0;NI;NI;NI;NI;NI;NI;NI;NI;NI;NI;NI;NI;NI;NI;NI;NI;NI;NI;0;0
DOURADA - SOCIEDADE DE CRÉDITO AO MICROEMPREENDEDOR E À EMPRESA DE PEQUENO PORTE LTDA;11.545.653;n1;I;2;S5;10;LAGOA DOURADA;MG;06/2022;0;NI;NI;NI;NI;NI;NI;NI;NI;NI;NI;NI;NI;NI;NI;NI;NI;NI;NI;0;0
FITBANK INSTITUIÇÃO DE PAGAMENTOS ELETRÔNICOS S.A.;13.203.354;n4;I;2;;41;SAO PAULO;SP;06/2022;0;NI;NI;NI;NI;NI;NI;NI;NI;NI;NI;NI;NI;NI;NI;NI;NI;NI;NI;0;0
ÓRAMA DISTRIBUIDORA DE TÍTULOS E VALORES MOBILIÁRIOS S.A.;13.293.225;n2;I;2;S4;16;RIO DE JANEIRO;RJ;06/2022;0;NI;NI;NI;NI;NI;NI;NI;NI;NI;NI;NI;NI;NI;NI;NI;NI;NI;NI;0;0
BPP INSTITUIÇÃO DE PAGAMENTO S.A.;13.370.835;n4;I;2;;41;BARUERI;SP;06/2022;0;NI;NI;NI;NI;NI;NI;NI;NI;NI;NI;NI;NI;NI;NI;NI;NI;NI;NI;0;0
BRL TRUST DISTRIBUIDORA DE TÍTULOS E VALORES MOBILIÁRIOS S.A.;13.486.793;n2;I;2;S4;16;SAO PAULO;SP;06/2022;0;NI;NI;NI;NI;NI;NI;NI;NI;NI;NI;NI;NI;NI;NI;NI;NI;NI;NI;0;0
FRAM CAPITAL DISTRIBUIDORA DE TÍTULOS E VALORES MOBILIÁRIOS S.A.;13.673.855;n2;I;2;S4;16;SAO PAULO;SP;06/2022;0;NI;NI;NI;NI;NI;NI;NI;NI;NI;NI;NI;NI;NI;NI;NI;NI;NI;NI;0;0
CELCOIN INSTITUICAO DE PAGAMENTO S.A.;13.935.893;n4;I;2;;41;BARUERI;SP;06/2022;0;NI;NI;NI;NI;NI;NI;NI;NI;NI;NI;NI;NI;NI;NI;NI;NI;NI;NI;0;0
CAMBIONET CORRETORA DE CÂMBIO LTDA.;14.190.547;n2;I;2;S5;21;PORTO ALEGRE;RS;06/2022;0;NA;NA;NA;NA;NA;NA;NA;NA;NA;NA;NA;NA;NA;NA;NA;NA;NA;NA;0;0
VIC-DISTRIBUIDORA DE TITULOS E VALORES MOBILIARIOS S/A;14.388.516;n2;I;2;S4;16;RIO DE JANEIRO;RJ;06/2022;0;NI;NI;NI;NI;NI;NI;NI;NI;NI;NI;NI;NI;NI;NI;NI;NI;NI;NI;0;0
MEGA CORRETORA DE CÂMBIO LTDA.;15.077.393;n2;I;2;S4;21;RIO CLARO;SP;06/2022;0;NA;NA;NA;NA;NA;NA;NA;NA;NA;NA;NA;NA;NA;NA;NA;NA;NA;NA;0;0
IUGU INSTITUIÇÃO DE PAGAMENTO S.A.;15.111.975;n4;I;2;;41;SAO PAULO;SP;06/2022;0;NI;NI;NI;NI;NI;NI;NI;NI;NI;NI;NI;NI;NI;NI;NI;NI;NI;NI;0;0
LÚMINA CORRETORA DE CÂMBIO LTDA.;15.122.605;n2;I;2;S5;21;SALVADOR;BA;06/2022;0;NA;NA;NA;NA;NA;NA;NA;NA;NA;NA;NA;NA;NA;NA;NA;NA;NA;NA;0;0
CONSEGTUR CORRETORA DE CÂMBIO LTDA.;15.168.152;n2;I;2;S4;21;SAO PAULO;SP;06/2022;0;NA;NA;NA;NA;NA;NA;NA;NA;NA;NA;NA;NA;NA;NA;NA;NA;NA;NA;0;0
SIMPLIFIC PAVARINI DISTRIBUIDORA DE TÍTULOS E VALORES MOBILIÁRIOS LTDA;15.227.994;n2;I;2;S4;16;RIO DE JANEIRO;RJ;06/2022;0;NI;NI;NI;NI;NI;NI;NI;NI;NI;NI;NI;NI;NI;NI;NI;NI;NI;NI;0;0
TURCÂMBIO - CORRETORA DE CÂMBIO LTDA.;15.482.499;n2;I;2;S5;21;IMBITUBA;SC;06/2022;0;NA;NA;NA;NA;NA;NA;NA;NA;NA;NA;NA;NA;NA;NA;NA;NA;NA;NA;0;0
INTRADER DISTRIBUIDORA DE TÍTULOS E VALORES MOBILIÁRIOS LTDA;15.489.568;n2;I;2;S4;16;SAO PAULO;SP;06/2022;0;NI;NI;NI;NI;NI;NI;NI;NI;NI;NI;NI;NI;NI;NI;NI;NI;NI;NI;0;0
CORRETORA DE CÂMBIO AÇORIANA LIMITADA.;15.761.217;n2;I;2;S4;21;FLORIANOPOLIS;SC;06/2022;0;NA;NA;NA;NA;NA;NA;NA;NA;NA;NA;NA;NA;NA;NA;NA;NA;NA;NA;0;0
STONE INSTITUIÇÃO DE PAGAMENTO S.A.;16.501.555;n4;I;2;S5;41;SAO PAULO;SP;06/2022;0;NI;NI;NI;NI;NI;NI;NI;NI;NI;NI;NI;NI;NI;NI;NI;NI;NI;NI;0;0
ID CORRETORA DE TÍTULOS E VALORES MOBILIÁRIOS S.A.;16.695.922;n2;I;2;S4;15;SAO PAULO;SP;06/2022;0;NI;NI;NI;NI;NI;NI;NI;NI;NI;NI;NI;NI;NI;NI;NI;NI;NI;NI;0;0
SINGRATUR CORRETORA DE CÂMBIO LTDA;16.854.999;n2;I;2;S4;21;MARINGA;PR;06/2022;0;NA;NA;NA;NA;NA;NA;NA;NA;NA;NA;NA;NA;NA;NA;NA;NA;NA;NA;0;0
AMAZÔNIA CORRETORA DE CÂMBIO LTDA.;16.927.221;n2;I;2;S4;21;MANAUS;AM;06/2022;0;NA;NA;NA;NA;NA;NA;NA;NA;NA;NA;NA;NA;NA;NA;NA;NA;NA;NA;0;0
BROKER BRASIL CORRETORA DE CÂMBIO LTDA.;16.944.141;n2;I;2;S4;21;SAO PAULO;SP;06/2022;0;NA;NA;NA;NA;NA;NA;NA;NA;NA;NA;NA;NA;NA;NA;NA;NA;NA;NA;0;0
H H PICCHIONI S/A CORRETORA DE CAMBIO E VALORES MOBILIARIOS;17.312.083;n2;I;2;S4;15;BELO HORIZONTE;MG;06/2022;0;NI;NI;NI;NI;NI;NI;NI;NI;NI;NI;NI;NI;NI;NI;NI;NI;NI;NI;0;0
AMARIL FRANKLIN CORRETORA DE TÍTULOS E VALORES LTDA;17.312.661;n2;I;2;S4;15;BELO HORIZONTE;MG;06/2022;0;NI;NI;NI;NI;NI;NI;NI;NI;NI;NI;NI;NI;NI;NI;NI;NI;NI;NI;0;0
SITA SOCIEDADE CORRETORA DE CAMBIO E VALORES MOBILIARIOS S.A;17.315.359;n2;I;2;S4;15;BELO HORIZONTE;MG;06/2022;0;NI;NI;NI;NI;NI;NI;NI;NI;NI;NI;NI;NI;NI;NI;NI;NI;NI;NI;0;0
PENTAGONO S/A DISTRIBUIDORA DE TITULOS E VALORES MOBILIARIOS;17.343.682;n2;I;2;S5;16;RIO DE JANEIRO;RJ;06/2022;0;NI;NI;NI;NI;NI;NI;NI;NI;NI;NI;NI;NI;NI;NI;NI;NI;NI;NI;0;0
SENSO CORRETORA DE CAMBIO E VALORES MOBILIARIOS S.A;17.352.220;n2;I;2;S4;15;RIO DE JANEIRO;RJ;06/2022;0;NI;NI;NI;NI;NI;NI;NI;NI;NI;NI;NI;NI;NI;NI;NI;NI;NI;NI;0;0
INVEST CORRETORA DE CÂMBIO LTDA.;17.508.380;n2;I;2;S4;21;PORTO ALEGRE;RS;06/2022;0;NA;NA;NA;NA;NA;NA;NA;NA;NA;NA;NA;NA;NA;NA;NA;NA;NA;NA;0;0
CONEXION CORRETORA DE CÂMBIO LTDA.;17.635.177;n2;I;2;S4;21;RIBEIRAO PRETO;SP;06/2022;0;NA;NA;NA;NA;NA;NA;NA;NA;NA;NA;NA;NA;NA;NA;NA;NA;NA;NA;0;0
VIP'S CORRETORA DE CÂMBIO LTDA.;17.772.370;n2;I;2;S5;21;SAO PAULO;SP;06/2022;0;NA;NA;NA;NA;NA;NA;NA;NA;NA;NA;NA;NA;NA;NA;NA;NA;NA;NA;0;0
BRX CORRETORA DE CÂMBIO LTDA.;17.904.906;n2;I;2;S4;21;RIO DE JANEIRO;RJ;06/2022;0;NA;NA;NA;NA;NA;NA;NA;NA;NA;NA;NA;NA;NA;NA;NA;NA;NA;NA;0;0
NUMATUR CORRETORA DE CÂMBIO LTDA.;18.145.784;n2;I;2;S5;21;SAO PAULO;SP;06/2022;0;NA;NA;NA;NA;NA;NA;NA;NA;NA;NA;NA;NA;NA;NA;NA;NA;NA;NA;0;0
CONECTA CORRETORA DE CÂMBIO LTDA.;18.287.740;n2;I;2;S5;21;SALVADOR;BA;06/2022;0;NA;NA;NA;NA;NA;NA;NA;NA;NA;NA;NA;NA;NA;NA;NA;NA;NA;NA;0;0
AZIMUT BRASIL DISTRIBUIDORA DE TÍTULOS E VALORES MOBILIÁRIOS LTDA;18.684.408;n2;I;2;S4;16;SAO PAULO;SP;06/2022;0;NI;NI;NI;NI;NI;NI;NI;NI;NI;NI;NI;NI;NI;NI;NI;NI;NI;NI;0;0
EXECUTIVE CORRETORA DE CÂMBIO LTDA.;19.086.249;n2;I;2;S5;21;NOVO HAMBURGO;RS;06/2022;0;NA;NA;NA;NA;NA;NA;NA;NA;NA;NA;NA;NA;NA;NA;NA;NA;NA;NA;0;0
MS BANK S.A. BANCO DE CÂMBIO;19.307.785;b2;I;2;S4;39;CURITIBA;PR;06/2022;0;NI;NI;NI;NI;NI;NI;NI;NI;NI;NI;NI;NI;NI;NI;NI;NI;NI;NI;0;0
ASAAS GESTÃO FINANCEIRA INSTITUIÇÃO DE PAGAMENTO S.A.;19.540.550;n4;I;2;;41;JOINVILLE;SC;06/2022;0;NI;NI;NI;NI;NI;NI;NI;NI;NI;NI;NI;NI;NI;NI;NI;NI;NI;NI;0;0
PARMETAL DISTRIBUIDORA DE TÍTULOS E VALORES MOBILIÁRIOS LTDA;20.155.248;n2;I;2;S4;16;BARUERI;SP;06/2022;0;NI;NI;NI;NI;NI;NI;NI;NI;NI;NI;NI;NI;NI;NI;NI;NI;NI;NI;0;0
ADIQ INSTITUIÇÃO DE PAGAMENTO S.A.;20.520.298;n4;I;2;S3;41;BELO HORIZONTE;MG;06/2022;0;NI;NI;NI;NI;NI;NI;NI;NI;NI;NI;NI;NI;NI;NI;NI;NI;NI;NI;0;0
EBANX INSTITUICAO DE PAGAMENTOS LTDA.;21.018.182;n4;I;2;;41;CURITIBA;PR;06/2022;0;NI;NI;NI;NI;NI;NI;NI;NI;NI;NI;NI;NI;NI;NI;NI;NI;NI;NI;0;0
GLOBAL EXCHANGE DO BRASIL SOCIEDADE CORRETORA DE CÂMBIO LTDA.;21.040.668;n2;I;3;S4;21;RIO DE JANEIRO;RJ;06/2022;0;NA;NA;NA;NA;NA;NA;NA;NA;NA;NA;NA;NA;NA;NA;NA;NA;NA;NA;0;0
STRIPE BRASIL SOLUCOES DE PAGAMENTO INSTITUICAO DE PAGAMENTO LTDA;22.121.209;n4;I;2;;41;SAO PAULO;SP;06/2022;0;NI;NI;NI;NI;NI;NI;NI;NI;NI;NI;NI;NI;NI;NI;NI;NI;NI;NI;0;0
GRANITO INSTITUIÇÃO DE PAGAMENTO S.A.;22.177.858;n4;I;2;;41;BARUERI;SP;06/2022;0;NI;NI;NI;NI;NI;NI;NI;NI;NI;NI;NI;NI;NI;NI;NI;NI;NI;NI;0;0
M18 INSTITUIÇÃO DE PAGAMENTO S.A.;22.575.466;n4;I;2;;41;SAO PAULO;SP;06/2022;0;NI;NI;NI;NI;NI;NI;NI;NI;NI;NI;NI;NI;NI;NI;NI;NI;NI;NI;0;0
VORTX DISTRIBUIDORA DE TITULOS E VALORES MOBILIARIOS LTDA.;22.610.500;n2;I;2;S4;16;SAO PAULO;SP;06/2022;0;NI;NI;NI;NI;NI;NI;NI;NI;NI;NI;NI;NI;NI;NI;NI;NI;NI;NI;0;0
PICPAY INSTITUIÇÃO DE PAGAMENTO S.A.;22.896.431;n4;I;2;S3;41;SAO PAULO;SP;06/2022;0;NI;NI;NI;NI;NI;NI;NI;NI;NI;NI;NI;NI;NI;NI;NI;NI;NI;NI;0;0
GOOD CORRETORA DE CÂMBIO LTDA;23.010.182;n2;I;2;S5;21;PORTO ALEGRE;RS;06/2022;0;NA;NA;NA;NA;NA;NA;NA;NA;NA;NA;NA;NA;NA;NA;NA;NA;NA;NA;0;0
FLAGSHIP INSTITUICAO DE PAGAMENTOS LTDA;23.114.447;n4;I;2;;41;SAO PAULO;SP;06/2022;0;NI;NI;NI;NI;NI;NI;NI;NI;NI;NI;NI;NI;NI;NI;NI;NI;NI;NI;0;0
GUITTA CORRETORA DE CAMBIO LTDA.;24.074.692;n2;I;2;S4;21;SAO PAULO;SP;06/2022;0;NA;NA;NA;NA;NA;NA;NA;NA;NA;NA;NA;NA;NA;NA;NA;NA;NA;NA;0;0
LIMINE TRUST DISTRIBUIDORA DE TÍTULOS E VALORES MOBILIÁRIOS LTDA.;24.361.690;n2;I;2;S4;16;SAO PAULO;SP;06/2022;0;NI;NI;NI;NI;NI;NI;NI;NI;NI;NI;NI;NI;NI;NI;NI;NI;NI;NI;0;0
AVS CORRETORA DE CÂMBIO LTDA.;25.280.945;n2;I;2;S5;21;CURITIBA;PR;06/2022;0;NA;NA;NA;NA;NA;NA;NA;NA;NA;NA;NA;NA;NA;NA;NA;NA;NA;NA;0;0
MUNDINVEST S.A.-CORRETORA DE CAMBIO E VALORES MOBILIARIOS;25.674.235;n2;I;2;S4;15;BELO HORIZONTE;MG;06/2022;0;NI;NI;NI;NI;NI;NI;NI;NI;NI;NI;NI;NI;NI;NI;NI;NI;NI;NI;0;0
IB CORRETORA DE CÂMBIO, TÍTULOS E VALORES MOBILIÁRIOS S.A.;27.842.177;n2;I;2;S4;15;SAO PAULO;SP;06/2022;0;NI;NI;NI;NI;NI;NI;NI;NI;NI;NI;NI;NI;NI;NI;NI;NI;NI;NI;0;0
HINOVA PAY INSTITUICAO DE PAGAMENTO S.A.;27.970.567;n4;I;2;;41;BELO HORIZONTE;MG;06/2022;0;NI;NI;NI;NI;NI;NI;NI;NI;NI;NI;NI;NI;NI;NI;NI;NI;NI;NI;0;0
ELITE CORRETORA DE CÂMBIO E VALORES MOBILIÁRIOS LTDA;28.048.783;n2;I;2;S4;15;RIO DE JANEIRO;RJ;06/2022;0;NI;NI;NI;NI;NI;NI;NI;NI;NI;NI;NI;NI;NI;NI;NI;NI;NI;NI;0;0
BOLT CARD INSTITUIÇÃO DE PAGAMENTOS LTDA.;28.080.769;n4;I;2;S4;41;MONTE BELO;MG;06/2022;0;NI;NI;NI;NI;NI;NI;NI;NI;NI;NI;NI;NI;NI;NI;NI;NI;NI;NI;0;0
SADOC SOCIEDADE CORRETORA DE CÂMBIO LTDA.;28.762.249;n2;I;2;S5;21;FORTALEZA;CE;06/2022;0;NA;NA;NA;NA;NA;NA;NA;NA;NA;NA;NA;NA;NA;NA;NA;NA;NA;NA;0;0
TURMA CORRETORA DE CÂMBIO LTDA;30.183.111;n2;I;2;S4;21;URUGUAIANA;RS;06/2022;0;NA;NA;NA;NA;NA;NA;NA;NA;NA;NA;NA;NA;NA;NA;NA;NA;NA;NA;0;0
BANQI INSTITUICAO DE PAGAMENTO LTDA.;30.723.871;n4;I;2;S5;41;SAO PAULO;SP;06/2022;0;NI;NI;NI;NI;NI;NI;NI;NI;NI;NI;NI;NI;NI;NI;NI;NI;NI;NI;0;0
BEN BENEFÍCIOS E SERVIÇOS INSTITUIÇÃO DE PAGAMENTO S.A.;30.798.783;n4;I;3;S1;41;SAO PAULO;SP;06/2022;0;NI;NI;NI;NI;NI;NI;NI;NI;NI;NI;NI;NI;NI;NI;NI;NI;NI;NI;0;0
BANCO CLASSICO S.A.;31.597.552;b1;I;2;S3;8;RIO DE JANEIRO;RJ;06/2022;0;NI;NI;NI;NI;NI;NI;NI;NI;NI;NI;NI;NI;NI;NI;NI;NI;NI;NI;0;0
IDEAL CORRETORA DE TÍTULOS E VALORES MOBILIÁRIOS S.A.;31.749.596;n2;I;2;S4;15;SAO PAULO;SP;06/2022;0;NI;NI;NI;NI;NI;NI;NI;NI;NI;NI;NI;NI;NI;NI;NI;NI;NI;NI;0;0
SUL AMERICA INVESTIMENTOS DISTRIBUIDORA DE TITULOS E VALORES MOBILIARIOS S.A.;32.206.435;n2;I;3;S4;16;SAO PAULO;SP;06/2022;0;NI;NI;NI;NI;NI;NI;NI;NI;NI;NI;NI;NI;NI;NI;NI;NI;NI;NI;0;0
FAIR CORRETORA DE CAMBIO S.A.;32.648.370;n2;I;2;S4;21;SAO PAULO;SP;06/2022;0;NA;NA;NA;NA;NA;NA;NA;NA;NA;NA;NA;NA;NA;NA;NA;NA;NA;NA;0;0
COOPERATIVA CENTRAL DE CRÉDITO, POUPANÇA E INVESTIMENTO DO CENTRO NORTE DO BRASIL - CENTRAL SICREDI CENTRO NORTE;33.667.205;b3C;I;2;S4;9;CUIABA;MT;06/2022;0;0;0;0;0;0;0;0;0;0;0;0;0;0;0;0;0;0;0;0;0
COOPERATIVA CENTRAL DE CRÉDITO, POUPANÇA E INVESTIMENTO DE MATO GROSSO DO SUL, GOIÁS, DISTRITO FEDERAL E TOCANTINS - CENTRAL SICREDI BRASIL CENTRAL;33.737.818;b3C;I;2;S4;9;GOIANIA;GO;06/2022;0;0;0;0;0;0;0;0;0;0;0;0;0;0;0;0;0;0;0;0;0
DILLON S/A DISTRIBUIDORA DE TITULOS E VALORES MOBILIARIOS;33.851.064;n2;I;2;S4;16;RIO DE JANEIRO;RJ;06/2022;0;NI;NI;NI;NI;NI;NI;NI;NI;NI;NI;NI;NI;NI;NI;NI;NI;NI;NI;0;0
BGC LIQUIDEZ DISTRIBUIDORA DE TÍTULOS E VALORES MOBILIÁRIOS LTDA;33.862.244;n2;I;3;S4;16;RIO DE JANEIRO;RJ;06/2022;0;NI;NI;NI;NI;NI;NI;NI;NI;NI;NI;NI;NI;NI;NI;NI;NI;NI;NI;0;0
BRKB DISTRIBUIDORA DE TÍTULOS E VALORES MOBILIÁRIOS S.A.;33.923.111;n2;I;3;S4;16;RIO DE JANEIRO;RJ;06/2022;0;NI;NI;NI;NI;NI;NI;NI;NI;NI;NI;NI;NI;NI;NI;NI;NI;NI;NI;0;0
EUROINVEST S.A. CORRETORA DE CÂMBIO, TÍTULOS E VALORES MOBILIÁRIOS;34.190.991;n2;I;2;S4;15;RIO DE JANEIRO;RJ;06/2022;0;NI;NI;NI;NI;NI;NI;NI;NI;NI;NI;NI;NI;NI;NI;NI;NI;NI;NI;0;0
INTERCAM CORRETORA DE CÂMBIO LTDA.;34.265.629;n2;I;2;S4;21;SAO PAULO;SP;06/2022;0;NA;NA;NA;NA;NA;NA;NA;NA;NA;NA;NA;NA;NA;NA;NA;NA;NA;NA;0;0
STONE SOCIEDADE DE CRÉDITO DIRETO S.A.;34.590.184;n1;I;2;S5;43;SAO PAULO;SP;06/2022;0;NI;NI;NI;NI;NI;NI;NI;NI;NI;NI;NI;NI;NI;NI;NI;NI;NI;NI;0;0
MONOPÓLIO CORRETORA DE CÂMBIO LTDA.;34.666.362;n2;I;2;S4;21;BELEM;PA;06/2022;0;NA;NA;NA;NA;NA;NA;NA;NA;NA;NA;NA;NA;NA;NA;NA;NA;NA;NA;0;0
REAG DISTRIBUIDORA DE TÍTULOS E VALORES MOBILIÁRIOS S.A.;34.829.992;n2;I;2;S4;16;SAO PAULO;SP;06/2022;0;NI;NI;NI;NI;NI;NI;NI;NI;NI;NI;NI;NI;NI;NI;NI;NI;NI;NI;0;0
BULLLA SOCIEDADE DE EMPRÉSTIMO ENTRE PESSOAS S.A.;34.831.910;n1;I;2;S5;44;SAO PAULO;SP;06/2022;0;NI;NI;NI;NI;NI;NI;NI;NI;NI;NI;NI;NI;NI;NI;NI;NI;NI;NI;0;0
INTEGRAL ACCESS DISTRIBUIDORA DE TÍTULOS E VALORES MOBILIÁRIOS LTDA.;34.978.626;n2;I;2;S4;16;SAO PAULO;SP;06/2022;0;NI;NI;NI;NI;NI;NI;NI;NI;NI;NI;NI;NI;NI;NI;NI;NI;NI;NI;0;0
HEDGEPOINT GLOBAL MARKETS DISTRIBUIDORA DE TITULOS E VALORES MOBILIÁRIOS LTDA.;35.470.647;n2;I;2;S4;16;CAMPINAS;SP;06/2022;0;NI;NI;NI;NI;NI;NI;NI;NI;NI;NI;NI;NI;NI;NI;NI;NI;NI;NI;0;0
OLIVEIRA TRUST DISTRIBUIDORA DE TÍTULOS E VALORES MOBILIARIOS S.A.;36.113.876;n2;I;2;S4;16;RIO DE JANEIRO;RJ;06/2022;0;NI;NI;NI;NI;NI;NI;NI;NI;NI;NI;NI;NI;NI;NI;NI;NI;NI;NI;0;0
CAPTALYS DISTRIBUIDORA DE TÍTULOS E VALORES MOBILIÁRIOS LTDA.;36.266.751;n2;I;2;S4;16;SAO PAULO;SP;06/2022;0;NI;NI;NI;NI;NI;NI;NI;NI;NI;NI;NI;NI;NI;NI;NI;NI;NI;NI;0;0
WISE BRASIL CORRETORA DE CÂMBIO LTDA;36.588.217;n2;I;2;S4;21;SAO PAULO;SP;06/2022;0;NA;NA;NA;NA;NA;NA;NA;NA;NA;NA;NA;NA;NA;NA;NA;NA;NA;NA;0;0
SUMUP SOCIEDADE DE CRÉDITO DIRETO S.A.;37.241.230;n1;I;2;S5;43;SAO PAULO;SP;06/2022;0;NI;NI;NI;NI;NI;NI;NI;NI;NI;NI;NI;NI;NI;NI;NI;NI;NI;NI;0;0
WORK SOCIEDADE DE CRÉDITO DIRETO S.A.;37.526.080;n1;I;2;S5;43;SAO PAULO;SP;06/2022;0;NI;NI;NI;NI;NI;NI;NI;NI;NI;NI;NI;NI;NI;NI;NI;NI;NI;NI;0;0
FIDD DISTRIBUIDORA DE TÍTULOS E VALORES MOBILIÁRIOS LTDA.;37.678.915;n2;I;2;S4;16;SAO PAULO;SP;06/2022;0;NI;NI;NI;NI;NI;NI;NI;NI;NI;NI;NI;NI;NI;NI;NI;NI;NI;NI;0;0
GERU SOCIEDADE DE CRÉDITO DIRETO S.A.;37.763.847;n1;I;2;S5;43;SAO PAULO;SP;06/2022;0;NI;NI;NI;NI;NI;NI;NI;NI;NI;NI;NI;NI;NI;NI;NI;NI;NI;NI;0;0
HARMONIA DISTRIBUIDORA DE TÍTULOS E VALORES MOBILIÁRIOS S.A.;37.800.856;n2;I;2;S4;16;SAO PAULO;SP;06/2022;0;NI;NI;NI;NI;NI;NI;NI;NI;NI;NI;NI;NI;NI;NI;NI;NI;NI;NI;0;0
NUMBRS SOCIEDADE DE CRÉDITO DIRETO S.A.;38.129.006;n1;I;2;S5;43;SAO PAULO;SP;06/2022;0;NI;NI;NI;NI;NI;NI;NI;NI;NI;NI;NI;NI;NI;NI;NI;NI;NI;NI;0;0
SHPP BRASIL INSTITUIÇÃO DE PAGAMENTO E SERVIÇOS DE PAGAMENTOS LTDA.;38.372.267;n4;I;2;;41;SAO PAULO;SP;06/2022;0;NI;NI;NI;NI;NI;NI;NI;NI;NI;NI;NI;NI;NI;NI;NI;NI;NI;NI;0;0
FÊNIX DISTRIBUIDORA DE TÍTULOS E VALORES MOBILIÁRIOS LTDA.;38.429.045;n2;I;2;S4;16;CUIABA;MT;06/2022;0;NI;NI;NI;NI;NI;NI;NI;NI;NI;NI;NI;NI;NI;NI;NI;NI;NI;NI;0;0
FACEBOOK INSTITUIÇÃO DE PAGAMENTO DO BRASIL LTDA.;39.321.657;n4;I;2;;41;SAO PAULO;SP;06/2022;0;NI;NI;NI;NI;NI;NI;NI;NI;NI;NI;NI;NI;NI;NI;NI;NI;NI;NI;0;0
CREDIHOME SOCIEDADE DE CRÉDITO DIRETO S.A.;39.416.705;n1;I;2;S5;43;SAO PAULO;SP;06/2022;0;NI;NI;NI;NI;NI;NI;NI;NI;NI;NI;NI;NI;NI;NI;NI;NI;NI;NI;0;0
MARÚ SOCIEDADE DE CRÉDITO DIRETO S.A.;39.519.944;n1;I;2;S5;43;SAO PAULO;SP;06/2022;0;NI;NI;NI;NI;NI;NI;NI;NI;NI;NI;NI;NI;NI;NI;NI;NI;NI;NI;0;0
CRED-SYSTEM SOCIEDADE DE CRÉDITO DIRETO S.A.;39.664.698;n1;I;2;S5;43;BARUERI;SP;06/2022;0;NI;NI;NI;NI;NI;NI;NI;NI;NI;NI;NI;NI;NI;NI;NI;NI;NI;NI;0;0
HEMERA DISTRIBUIDORA DE TÍTULOS E VALORES MOBILIÁRIOS LTDA.;39.669.186;n2;I;2;S4;16;CURITIBA;PR;06/2022;0;NI;NI;NI;NI;NI;NI;NI;NI;NI;NI;NI;NI;NI;NI;NI;NI;NI;NI;0;0
STARK SOCIEDADE DE CRÉDITO DIRETO S.A.;39.908.427;n1;I;2;S5;43;SAO PAULO;SP;06/2022;0;NI;NI;NI;NI;NI;NI;NI;NI;NI;NI;NI;NI;NI;NI;NI;NI;NI;NI;0;0
GIRO - SOCIEDADE DE CRÉDITO DIRETO S/A;40.112.555;n1;I;2;S5;43;CURITIBA;PR;06/2022;0;NI;NI;NI;NI;NI;NI;NI;NI;NI;NI;NI;NI;NI;NI;NI;NI;NI;NI;0;0
PROSEFTUR CORRETORA DE CÂMBIO LTDA.;40.333.582;n2;I;2;S4;21;JUNDIAI;SP;06/2022;0;NA;NA;NA;NA;NA;NA;NA;NA;NA;NA;NA;NA;NA;NA;NA;NA;NA;NA;0;0
FOURTRADE CORRETORA DE CÂMBIO LTDA.;40.353.377;n2;I;2;S4;21;RIO DE JANEIRO;RJ;06/2022;0;NA;NA;NA;NA;NA;NA;NA;NA;NA;NA;NA;NA;NA;NA;NA;NA;NA;NA;0;0
AZUMI DISTRIBUIDORA DE TÍTULOS E VALORES MOBILIÁRIOS LTDA.;40.434.681;n2;I;2;S4;16;SAO PAULO;SP;06/2022;0;NI;NI;NI;NI;NI;NI;NI;NI;NI;NI;NI;NI;NI;NI;NI;NI;NI;NI;0;0
LIONS TRUST DISTRIBUIDORA DE TÍTULOS E VALORES MOBILIÁRIOS LTDA.;40.768.766;n2;I;2;S4;16;SAO PAULO;SP;06/2022;0;NI;NI;NI;NI;NI;NI;NI;NI;NI;NI;NI;NI;NI;NI;NI;NI;NI;NI;0;0
FIDO SOCIEDADE DE EMPRÉSTIMO ENTRE PESSOAS S.A.;40.819.834;n1;I;2;S5;44;BRASILIA;DF;06/2022;0;NI;NI;NI;NI;NI;NI;NI;NI;NI;NI;NI;NI;NI;NI;NI;NI;NI;NI;0;0
MÉRITO DISTRIBUIDORA DE TÍTULOS E VALORES MOBILIÁRIOS LTDA.;41.592.532;n2;I;2;S4;16;SAO PAULO;SP;06/2022;0;NI;NI;NI;NI;NI;NI;NI;NI;NI;NI;NI;NI;NI;NI;NI;NI;NI;NI;0;0
QUANTO NETWORK INSTITUICAO DE PAGAMENTO LTDA.;42.064.545;n4;I;2;;41;SAO PAULO;SP;06/2022;0;NI;NI;NI;NI;NI;NI;NI;NI;NI;NI;NI;NI;NI;NI;NI;NI;NI;NI;0;0
RJI CORRETORA DE TITULOS E VALORES MOBILIARIOS LTDA;42.066.258;n2;I;2;S4;15;SALVADOR;BA;06/2022;0;NI;NI;NI;NI;NI;NI;NI;NI;NI;NI;NI;NI;NI;NI;NI;NI;NI;NI;0;0
SBCASH SOCIEDADE DE CRÉDITO DIRETO S.A.;42.259.084;n1;I;2;S5;43;SAO PAULO;SP;06/2022;0;NI;NI;NI;NI;NI;NI;NI;NI;NI;NI;NI;NI;NI;NI;NI;NI;NI;NI;0;0
TRYBE SOCIEDADE DE CRÉDITO DIRETO S.A.;42.622.791;n1;I;2;S5;43;SAO PAULO;SP;06/2022;0;NI;NI;NI;NI;NI;NI;NI;NI;NI;NI;NI;NI;NI;NI;NI;NI;NI;NI;0;0
FRIDAY INSTITUIÇÃO DE PAGAMENTOS LTDA.;42.926.025;n4;I;2;;41;RIO DE JANEIRO;RJ;06/2022;0;NI;NI;NI;NI;NI;NI;NI;NI;NI;NI;NI;NI;NI;NI;NI;NI;NI;NI;0;0
ACTIVTRADES CORRETORA DE CÂMBIO, TÍTULOS E VALORES MOBILIÁRIOS LTDA.;43.050.917;n2;I;2;S4;15;FLORIANOPOLIS;SC;06/2022;0;NI;NI;NI;NI;NI;NI;NI;NI;NI;NI;NI;NI;NI;NI;NI;NI;NI;NI;0;0
NOVINVEST CORRETORA DE VALORES MOBILIARIOS LTDA.;43.060.029;n2;I;2;S4;15;SAO PAULO;SP;06/2022;0;NI;NI;NI;NI;NI;NI;NI;NI;NI;NI;NI;NI;NI;NI;NI;NI;NI;NI;0;0
BNQI SOCIEDADE DE CREDITO DIRETO S.A.;43.167.610;n1;I;2;S5;43;SAO PAULO;SP;06/2022;0;NI;NI;NI;NI;NI;NI;NI;NI;NI;NI;NI;NI;NI;NI;NI;NI;NI;NI;0;0
CRYSTAL BMC - INSTITUICAO DE PAGAMENTO LTDA.;43.561.343;n4;I;2;;41;BARUERI;SP;06/2022;0;NI;NI;NI;NI;NI;NI;NI;NI;NI;NI;NI;NI;NI;NI;NI;NI;NI;NI;0;0
AGROLEND SOCIEDADE DE CREDITO DIRETO S.A.;43.774.196;n1;I;2;S5;43;SAO PAULO;SP;06/2022;0;NI;NI;NI;NI;NI;NI;NI;NI;NI;NI;NI;NI;NI;NI;NI;NI;NI;NI;0;0
KIKAI SOCIEDADE DE CRÉDITO DIRETO S.A.;43.978.697;n1;I;2;S5;43;BARUERI;SP;06/2022;0;NI;NI;NI;NI;NI;NI;NI;NI;NI;NI;NI;NI;NI;NI;NI;NI;NI;NI;0;0
BR-CAPITAL DISTRIBUIDORA DE TÍTULOS E VALORES MOBILIÁRIOS S.A.;44.077.014;n2;I;2;S4;16;SAO PAULO;SP;06/2022;0;NI;NI;NI;NI;NI;NI;NI;NI;NI;NI;NI;NI;NI;NI;NI;NI;NI;NI;0;0
MAGNUM SOCIEDADE DE CRÉDITO DIRETO S.A.;44.683.140;n1;I;2;S5;43;SAO PAULO;SP;06/2022;0;NI;NI;NI;NI;NI;NI;NI;NI;NI;NI;NI;NI;NI;NI;NI;NI;NI;NI;0;0
SOMAPAY SOCIEDADE DE CRÉDITO DIRETO S.A.;44.705.774;n1;I;2;S5;43;FORTALEZA;CE;06/2022;0;NI;NI;NI;NI;NI;NI;NI;NI;NI;NI;NI;NI;NI;NI;NI;NI;NI;NI;0;0
BBVA BRASIL BANCO DE INVESTIMENTO S.A.;45.283.173;b2;I;3;S4;13;SAO PAULO;SP;06/2022;0;NI;NI;NI;NI;NI;NI;NI;NI;NI;NI;NI;NI;NI;NI;NI;NI;NI;NI;0;0
BIZCAPITAL SOCIEDADE DE CRÉDITO DIRETO S.A.;45.597.546;n1;I;2;S5;43;RIO DE JANEIRO;RJ;06/2022;0;NI;NI;NI;NI;NI;NI;NI;NI;NI;NI;NI;NI;NI;NI;NI;NI;NI;NI;0;0
FOR YOU SOCIEDADE DE CRÉDITO DIRETO S.A.;46.009.412;n1;I;2;S5;43;GOIANIA;GO;06/2022;0;NI;NI;NI;NI;NI;NI;NI;NI;NI;NI;NI;NI;NI;NI;NI;NI;NI;NI;0;0
LEVYCAM - CORRETORA DE CAMBIO E VALORES LTDA.;50.579.044;n2;I;2;S4;15;SAO PAULO;SP;06/2022;0;NI;NI;NI;NI;NI;NI;NI;NI;NI;NI;NI;NI;NI;NI;NI;NI;NI;NI;0;0
SLW CORRETORA DE VALORES E CÂMBIO LTDA.;50.657.675;n2;I;2;S4;15;SAO PAULO;SP;06/2022;0;NI;NI;NI;NI;NI;NI;NI;NI;NI;NI;NI;NI;NI;NI;NI;NI;NI;NI;0;0
COBANSA COMPANHIA HIPOTECARIA;53.263.331;n1;I;2;S5;29;SAO PAULO;SP;06/2022;0;NI;NI;NI;NI;NI;NI;NI;NI;NI;NI;NI;NI;NI;NI;NI;NI;NI;NI;0;0
PATACÃO DISTRIBUIDORA DE TÍTULOS E VALORES MOBILIÁRIOS LTDA.;59.615.005;n2;I;2;S4;16;SOROCABA;SP;06/2022;0;NI;NI;NI;NI;NI;NI;NI;NI;NI;NI;NI;NI;NI;NI;NI;NI;NI;NI;0;0
AVENUE SECURITIES DISTRIBUIDORA DE TÍTULOS E VALORES MOBILIÁRIOS LTDA.;61.384.004;n2;I;2;S4;16;SAO PAULO;SP;06/2022;0;NI;NI;NI;NI;NI;NI;NI;NI;NI;NI;NI;NI;NI;NI;NI;NI;NI;NI;0;0
SAGITUR CORRETORA DE CÂMBIO S.A.;61.444.949;n2;I;2;S4;21;SAO PAULO;SP;06/2022;0;NA;NA;NA;NA;NA;NA;NA;NA;NA;NA;NA;NA;NA;NA;NA;NA;NA;NA;0;0
NEON CORRETORA DE TÍTULOS E VALORES MOBILIÁRIOS S.A.;61.723.847;n2;I;2;S4;15;SAO PAULO;SP;06/2022;0;NI;NI;NI;NI;NI;NI;NI;NI;NI;NI;NI;NI;NI;NI;NI;NI;NI;NI;0;0
CAROL DISTRIBUIDORA DE TITULOS E VALORES MOBILIARIOS LTDA.;62.237.649;n2;I;2;S5;16;SAO PAULO;SP;06/2022;0;NI;NI;NI;NI;NI;NI;NI;NI;NI;NI;NI;NI;NI;NI;NI;NI;NI;NI;0;0
CP & FRIZZO - DISTRIBUIDORA DE TÍTULOS E VALORES MOBILIÁRIOS LTDA;62.264.924;n2;I;2;S4;16;SAO PAULO;SP;06/2022;0;NI;NI;NI;NI;NI;NI;NI;NI;NI;NI;NI;NI;NI;NI;NI;NI;NI;NI;0;0
DIBRAN DISTRIBUIDORA DE TÍTULOS E VALORES MOBILIÁRIOS LTDA.;62.280.490;n2;I;2;S4;16;SAO PAULO;SP;06/2022;0;NI;NI;NI;NI;NI;NI;NI;NI;NI;NI;NI;NI;NI;NI;NI;NI;NI;NI;0;0
SINGULARE CORRETORA DE TÍTULOS E VALORES MOBILIÁRIOS S.A.;62.285.390;n2;I;2;S4;15;SAO PAULO;SP;06/2022;0;NI;NI;NI;NI;NI;NI;NI;NI;NI;NI;NI;NI;NI;NI;NI;NI;NI;NI;0;0
RENASCENCA DISTRIBUIDORA DE TÍTULOS E VALORES MOBILIÁRIOS LTDA;62.287.735;n2;I;2;S4;16;SAO PAULO;SP;06/2022;0;NI;NI;NI;NI;NI;NI;NI;NI;NI;NI;NI;NI;NI;NI;NI;NI;NI;NI;0;0
NGO ASSOCIADOS CORRETORA DE CÂMBIO LTDA.;65.635.377;n2;I;2;S5;21;SAO PAULO;SP;06/2022;0;NA;NA;NA;NA;NA;NA;NA;NA;NA;NA;NA;NA;NA;NA;NA;NA;NA;NA;0;0
DASCAM CORRETORA DE CÂMBIO LTDA.;65.645.137;n2;I;2;S5;21;SAO PAULO;SP;06/2022;0;NA;NA;NA;NA;NA;NA;NA;NA;NA;NA;NA;NA;NA;NA;NA;NA;NA;NA;0;0
NUMBER ONE SOCIEDADE CORRETORA DE CAMBIO LTDA.;68.742.204;n2;I;2;S5;21;RIO DE JANEIRO;RJ;06/2022;0;NA;NA;NA;NA;NA;NA;NA;NA;NA;NA;NA;NA;NA;NA;NA;NA;NA;NA;0;0
SIMPAUL CORRETORA DE CAMBIO E VALORES MOBILIARIOS  S.A.;68.757.681;n2;I;2;S4;15;PORTO ALEGRE;RS;06/2022;0;NI;NI;NI;NI;NI;NI;NI;NI;NI;NI;NI;NI;NI;NI;NI;NI;NI;NI;0;0
LASTRO RDV DISTRIBUIDORA DE TÍTULOS E VALORES MOBILIÁRIOS LTDA.;71.590.442;n2;I;2;S4;16;ARARAS;SP;06/2022;0;NI;NI;NI;NI;NI;NI;NI;NI;NI;NI;NI;NI;NI;NI;NI;NI;NI;NI;0;0
FRENTE CORRETORA DE CÂMBIO LTDA.;71.677.850;n2;I;2;S4;21;SAO PAULO;SP;06/2022;0;NA;NA;NA;NA;NA;NA;NA;NA;NA;NA;NA;NA;NA;NA;NA;NA;NA;NA;0;0
ÍCARO CORRETORA DE CÂMBIO LTDA;72.556.996;n2;I;2;S5;21;CURITIBA;PR;06/2022;0;NA;NA;NA;NA;NA;NA;NA;NA;NA;NA;NA;NA;NA;NA;NA;NA;NA;NA;0;0
PACIFIC INVEST DISTRIBUIDORA DE TITULOS E VALORES MOBILIARIOS LTDA;73.279.093;n2;I;2;S4;16;JOACABA;SC;06/2022;0;NI;NI;NI;NI;NI;NI;NI;NI;NI;NI;NI;NI;NI;NI;NI;NI;NI;NI;0;0
EXIM CORRETORA DE CAMBIO LTDA;73.302.408;n2;I;2;S4;21;PORTO ALEGRE;RS;06/2022;0;NA;NA;NA;NA;NA;NA;NA;NA;NA;NA;NA;NA;NA;NA;NA;NA;NA;NA;0;0
B&T CORRETORA DE CAMBIO LTDA.;73.622.748;n2;I;2;S4;21;RIO DE JANEIRO;RJ;06/2022;0;NA;NA;NA;NA;NA;NA;NA;NA;NA;NA;NA;NA;NA;NA;NA;NA;NA;NA;0;0
DOURADA CORRETORA DE CÂMBIO LTDA.;76.641.497;n2;I;2;S4;21;CURITIBA;PR;06/2022;0;NA;NA;NA;NA;NA;NA;NA;NA;NA;NA;NA;NA;NA;NA;NA;NA;NA;NA;0;0
DEBONI DISTRIBUIDORA DE TITULOS E VALORES MOBILIARIOS LTDA;77.162.881;n2;I;2;S4;16;CURITIBA;PR;06/2022;0;NI;NI;NI;NI;NI;NI;NI;NI;NI;NI;NI;NI;NI;NI;NI;NI;NI;NI;0;0
CORREPARTI CORRETORA DE CAMBIO LTDA;80.202.872;n2;I;2;S4;21;SAO JOSE DOS PINHAIS;PR;06/2022;0;NA;NA;NA;NA;NA;NA;NA;NA;NA;NA;NA;NA;NA;NA;NA;NA;NA;NA;0;0
COOPERATIVA CENTRAL DE CRÉDITO, POUPANÇA E INVESTIMENTO DOS ESTADOS DO PARANÁ, SÃO PAULO E RIO DE JANEIRO - CENTRAL SICREDI PR/SP/RJ;80.230.774;b3C;I;2;S3;9;CURITIBA;PR;06/2022;0;0;0;0;0;0;0;0;0;0;0;0;0;0;0;0;0;0;0;0;0
CPCI - COMPANHIA DE CRÉDITO IMOBILIÁRIO S/A;87.091.716;n1;I;2;S5;31;PORTO ALEGRE;RS;06/2022;0;0;0;0;0;0;0;0;0;0;0;0;0;0;0;0;0;0;0;0;0
COOPERATIVA CENTRAL DE CRÉDITO, POUPANÇA E INVESTIMENTO DO SUL E SUDESTE - CENTRAL SICREDI SUL/SUDESTE;87.437.687;b3C;I;2;S3;9;PORTO ALEGRE;RS;06/2022;0;NI;NI;NI;NI;NI;NI;NI;NI;NI;NI;NI;NI;NI;NI;NI;NI;NI;NI;0;0
MAGNETIS - DISTRIBUIDORA DE TÍTULOS E VALORES MOBILIÁRIOS LTDA;87.963.450;n2;I;3;S4;16;SAO PAULO;SP;06/2022;0;NI;NI;NI;NI;NI;NI;NI;NI;NI;NI;NI;NI;NI;NI;NI;NI;NI;NI;0;0
EBADIVAL - E. BAGGIO DISTRIBUIDORA DE TÍTULOS E VALORES MOBILIÁRIOS LTDA.;89.784.367;n2;I;2;S5;16;CURITIBA;PR;06/2022;0;NI;NI;NI;NI;NI;NI;NI;NI;NI;NI;NI;NI;NI;NI;NI;NI;NI;NI;0;0
RB INVESTIMENTOS DISTRIBUIDORA DE TITULOS E VALORES MOBILIARIOS LIMITADA;89.960.090;n2;I;2;S4;16;SAO PAULO;SP;06/2022;0;NI;NI;NI;NI;NI;NI;NI;NI;NI;NI;NI;NI;NI;NI;NI;NI;NI;NI;0;0
FINANSINOS S.A. CREDITO, FINANCIAMENTO E INVESTIMENTO;91.669.747;n1;I;2;S5;14;NOVO HAMBURGO;RS;06/2022;0;0;0;0;0;0;0;0;0;0;0;0;0;0;0;0;0;0;0;0;0
ADVANCED CORRETORA DE CÂMBIO LTDA;92.856.905;n2;I;2;S5;21;SAO PAULO;SP;06/2022;0;NA;NA;NA;NA;NA;NA;NA;NA;NA;NA;NA;NA;NA;NA;NA;NA;NA;NA;0;0
CORRETORA GERAL DE VALORES E CÂMBIO LTDA;92.858.380;n2;I;2;S4;15;PORTO ALEGRE;RS;06/2022;0;NI;NI;NI;NI;NI;NI;NI;NI;NI;NI;NI;NI;NI;NI;NI;NI;NI;NI;0;0
WARREN CORRETORA DE VALORES MOBILIÁRIOS E CÂMBIO LTDA.;92.875.780;n2;I;2;S4;15;PORTO ALEGRE;RS;06/2022;0;NI;NI;NI;NI;NI;NI;NI;NI;NI;NI;NI;NI;NI;NI;NI;NI;NI;NI;0;0
EFX CORRETORA DE CÂMBIO LTDA.;94.968.518;n2;I;2;S4;21;SAO PAULO;SP;06/2022;0;NA;NA;NA;NA;NA;NA;NA;NA;NA;NA;NA;NA;NA;NA;NA;NA;NA;NA;0;0
SOLIDEZ - CORRETORA DE CÂMBIO, TÍTULOS E VALORES MOBILIÁRIOS LTDA;96.477.906;n2;I;2;S4;15;SAO PAULO;SP;06/2022;0;0;0;0;0;0;0;0;0;0;0;0;0;0;0;0;0;0;0;0;0
MOMENTO DISTRIBUIDORA DE TITULOS E VALORES MOBILIARIOS LTDA;97.447.304;n2;I;2;S4;16;RIO DE JANEIRO;RJ;06/2022;0;NI;NI;NI;NI;NI;NI;NI;NI;NI;NI;NI;NI;NI;NI;NI;NI;NI;NI;0;0
ABN AMRO;52.302;b1;C;3;S4;199;SAO PAULO;SP;06/2022;NI;NI;NI;NI;NI;NI;NI;NI;NI;NI;NI;NI;NI;NI;NI;NI;NI;NI;NI;NI;NI
TRINUS;52.223;n1;C;2;S4;197;GOIANIA;GO;06/2022;NI;NI;NI;NI;NI;NI;NI;NI;NI;NI;NI;NI;NI;NI;NI;NI;NI;NI;NI;NI;NI
TERRA;52.113;n2;C;2;S4;196;SAO PAULO;SP;06/2022;NI;NI;NI;NI;NI;NI;NI;NI;NI;NI;NI;NI;NI;NI;NI;NI;NI;NI;NI;NI;NI
CODEPE;52.089;n1;C;2;S4;197;RECIFE;PE;06/2022;NI;NI;NI;NI;NI;NI;NI;NI;NI;NI;NI;NI;NI;NI;NI;NI;NI;NI;NI;NI;NI
GUIDE RBDTVM;52.065;n2;C;3;S4;196;SAO PAULO;SP;06/2022;NI;NI;NI;NI;NI;NI;NI;NI;NI;NI;NI;NI;NI;NI;NI;NI;NI;NI;NI;NI;NI
INTL FCSTONE;52.041;b2;C;3;S4;198;SAO PAULO;SP;06/2022;NI;NI;NI;NI;NI;NI;NI;NI;NI;NI;NI;NI;NI;NI;NI;NI;NI;NI;NI;NI;NI
UBS;51.877;b2;C;3;S4;198;SAO PAULO;SP;06/2022;NI;NI;NI;NI;NI;NI;NI;NI;NI;NI;NI;NI;NI;NI;NI;NI;NI;NI;NI;NI;NI
BNY MELLON;51.808;b1;C;3;S4;199;RIO DE JANEIRO;RJ;06/2022;NI;NI;NI;NI;NI;NI;NI;NI;NI;NI;NI;NI;NI;NI;NI;NI;NI;NI;NI;NI;NI
WESTERN UNION;51.767;b1;C;3;S4;199;SAO PAULO;SP;06/2022;NI;NI;NI;NI;NI;NI;NI;NI;NI;NI;NI;NI;NI;NI;NI;NI;NI;NI;NI;NI;NI
BEXS;51.743;b2;C;2;S4;198;SAO PAULO;SP;06/2022;NI;NI;NI;NI;NI;NI;NI;NI;NI;NI;NI;NI;NI;NI;NI;NI;NI;NI;NI;NI;NI
FINAXIS;51.688;b1;C;2;S4;199;CURITIBA;PR;06/2022;NI;NI;NI;NI;NI;NI;NI;NI;NI;NI;NI;NI;NI;NI;NI;NI;NI;NI;NI;NI;NI
MORGAN STANLEY;51.413;b1;C;3;S3;199;SAO PAULO;SP;06/2022;NI;NI;NI;NI;NI;NI;NI;NI;NI;NI;NI;NI;NI;NI;NI;NI;NI;NI;NI;NI;NI
CM CAPITAL MARKETS;51.248;n2;C;3;S4;196;SAO PAULO;SP;06/2022;NI;NI;NI;NI;NI;NI;NI;NI;NI;NI;NI;NI;NI;NI;NI;NI;NI;NI;NI;NI;NI
