Instituição;Código;TCB;SR;TD;TC;Cidade;UF;Data;Patrimônio de Referência para Comparação com o RWA;Patrimônio de Referência para Comparação com o RWA - Capital Complementar (b);Patrimônio de Referência para Comparação com o RWA - Patrimônio de Referência Nível I para Comparação com RWA (c) = (a) + (b);Patrimônio de Referência para Comparação com o RWA - Capital Nível II (d);Patrimônio de Referência para Comparação com o RWA - Patrimônio de Referência para Comparação com o RWA;Ativos Ponderados pelo Risco (RWA);Ativos Ponderados pelo Risco (RWA) - RWAcam (g1);Ativos Ponderados pelo Risco (RWA) - RWAcom (g2);Ativos Ponderados pelo Risco (RWA) - RWAjur (g3);Ativos Ponderados pelo Risco (RWA) - RWAacs (g4);Ativos Ponderados pelo Risco (RWA) - RWA para Risco de Mercado (g) = (g1) + (g2) + (g3) + (g4);Ativos Ponderados pelo Risco (RWA) - RWA para Risco Operacional (h);Ativos Ponderados pelo Risco (RWA) - Ativos Ponderados pelo Risco (RWA) (i) = (f) + (g) + (h);Exposição Total (j);Índice de Capital Principal (k) = (a) / (i);Índice de Capital Nível I (l) = (c) / (i);Índice de Basileia (m) = (e) / (i);Razão de Alavancagem (n) = (c) / (j);Índice de Imobilização (o)
ITAU - PRUDENCIAL;1000080099;b1;S1;C;2;SAO PAULO;SP;09/2021;123.546.874;17.862.281;141.409.155;19.689.547;161.098.702;986.308.670;2.871.039;969.649;11.842.837;6.688.812;22.372.337;86.511.960;1.095.192.968;1.969.517.470;11,28%;12,91%;14,71%;7,18%;17,58%
BRADESCO - PRUDENCIAL;1000080075;b1;S1;C;2;OSASCO;SP;09/2021;118.453.119;9.948.242;128.401.361;13.371.277;141.772.638;846.972.061;5.839.020;117.975;8.846.362;622.044;15.425.401;71.593.740;933.991.202;1.557.582.773;12,68%;13,75%;15,18%;8,24%;29,42%
BB - PRUDENCIAL;1000080329;b1;S1;C;1;BRASILIA;DF;09/2021;114.254.702;29.256.775;143.511.477;24.274.549;167.786.026;741.373.273;8.015.149;1.388.691;10.093.018;0;19.496.857;106.641.670;867.511.800;1.993.635.894;13,17%;16,54%;19,34%;7,20%;14,80%
SANTANDER - PRUDENCIAL;1000080185;b1;S1;C;3;SAO PAULO;SP;09/2021;71.722.200;6.993.690;78.715.890;6.963.518;85.679.408;520.435.056;4.320.697;1.370.689;11.789.389;3.351.077;20.831.851;58.499.845;599.766.752;995.636.612;11,96%;13,12%;14,29%;7,91%;15,71%
CAIXA ECONÔMICA FEDERAL - PRUDENCIAL;1000080738;b1;S1;C;1;BRASILIA;DF;09/2021;95.238.812;1.713.241;96.952.053;26.079.933;123.031.986;508.297.626;472.952;0;6.084.805;78.252;6.636.010;77.401.972;592.335.607;1.588.140.275;16,08%;16,37%;20,77%;6,10%;12,85%
BNDES - PRUDENCIAL;1000081847;b4;S2;C;1;RIO DE JANEIRO;RJ;09/2021;140.065.508;0;140.065.508;42.143.187;182.208.695;398.493.182;28.485.322;0;306.831;0;28.792.152;59.208.432;486.493.766;807.278.048;28,79%;28,79%;37,45%;17,35%;6,47%
BTG PACTUAL - PRUDENCIAL;1000080336;b1;S1;C;2;RIO DE JANEIRO;RJ;09/2021;32.157.332;381.912;32.539.244;3.709.987;36.249.231;183.507.618;587.112;8.033.065;12.111.101;4.357.129;25.088.407;17.193.881;225.789.907;445.589.123;14,24%;14,41%;16,05%;7,30%;30,99%
SAFRA - PRUDENCIAL;1000080109;b1;S2;C;2;SAO PAULO;SP;09/2021;14.814.506;3.248.872;18.063.377;3.051.069;21.114.446;130.990.615;320.050;0;8.308.766;833.358;9.462.175;7.968.997;148.421.787;257.903.681;9,98%;12,17%;14,23%;7,00%;32,92%
VOTORANTIM - PRUDENCIAL;1000080484;b1;S2;C;2;SAO PAULO;SP;09/2021;10.206.847;1.679.665;11.886.512;472.738;12.359.250;69.597.819;587.469;0;1.749.074;45.571;2.382.114;6.937.921;78.917.855;146.710.599;12,93%;15,06%;15,66%;8,10%;17,80%
BCO DO NORDESTE DO BRASIL S.A. - PRUDENCIAL;1000081593;b1;S2;I;1;FORTALEZA;CE;09/2021;6.964.583;795.889;7.760.472;1.826.084;9.586.555;56.712.122;22.808;9.884;2.472;0;35.163;12.474.896;69.222.180;105.571.961;10,06%;11,21%;13,85%;7,35%;2,64%
CITIBANK - PRUDENCIAL;1000080192;b1;S2;C;3;SAO PAULO;SP;09/2021;10.517.740;0;10.517.740;0;10.517.740;42.805.200;934.664;0;7.569.513;75.934;8.580.111;10.559.936;61.945.247;123.158.219;16,98%;16,98%;16,98%;8,54%;2,54%
BANRISUL - PRUDENCIAL;1000080154;b1;S2;C;1;PORTO ALEGRE;RS;09/2021;6.831.201;0;6.831.201;0;6.831.201;33.808.422;3.688.703;0;4.861;27.852;3.721.416;9.720.294;47.250.132;103.715.277;14,46%;14,46%;14,46%;6,59%;11,41%
JP MORGAN CHASE - PRUDENCIAL;1000080116;b1;S3;C;3;SAO PAULO;SP;09/2021;6.620.902;0;6.620.902;0;6.620.902;15.363.999;1.816.434;0;24.302.392;1.449.815;27.568.641;4.189.547;47.122.187;81.393.664;14,05%;14,05%;14,05%;8,13%;1,16%
BCO DAYCOVAL S.A - PRUDENCIAL;1000081744;b1;S3;C;2;SAO PAULO;SP;09/2021;5.329.196;467.957;5.797.153;0;5.797.153;35.208.658;718.421;0;3.055.334;0;3.773.755;2.434.454;41.416.867;57.701.688;12,87%;14,00%;14,00%;10,05%;18,01%
BCO RABOBANK INTL BRASIL S.A. - PRUDENCIAL;1000081555;b1;S3;I;3;SAO PAULO;SP;09/2021;4.646.383;0;4.646.383;1.658.841;6.305.224;32.897.225;523.913;215.869;2.381.999;0;3.121.781;2.091.071;38.110.077;51.262.460;12,19%;12,19%;16,54%;9,06%;0,30%
ABC-BRASIL - PRUDENCIAL;1000080312;b1;S3;C;3;SAO PAULO;SP;09/2021;4.469.700;486.587;4.956.288;548.042;5.504.330;32.439.839;531.430;602.513;1.775.300;75.038;2.984.280;2.253.756;37.677.875;62.219.667;11,86%;13,15%;14,61%;7,97%;0,48%
BNP PARIBAS - PRUDENCIAL;1000080673;b1;S3;C;3;SAO PAULO;SP;09/2021;4.156.035;0;4.156.035;876.854;5.032.889;28.603.293;340.619;878;3.543.259;8.149;3.892.906;4.636.215;37.132.414;60.498.394;11,19%;11,19%;13,55%;6,87%;1,80%
CREDIT SUISSE - PRUDENCIAL;1000080219;b1;S3;C;3;SAO PAULO;SP;09/2021;4.816.998;0;4.816.998;0;4.816.998;23.508.259;597.700;0;6.428.980;1.071.213;8.097.893;2.898.415;34.504.567;55.534.600;13,96%;13,96%;13,96%;8,67%;4,73%
BCO DA AMAZONIA S.A. - PRUDENCIAL;1000081249;b1;S3;I;1;BELEM;PA;09/2021;3.438.177;0;3.438.177;0;3.438.177;25.174.477;474;0;362;0;836;4.101.806;29.277.119;38.214.167;11,74%;11,74%;11,74%;9,00%;3,70%
XP INVESTIMENTOS CCTVM S/A - PRUDENCIAL;1000082475;b1;S3;C;2;RIO DE JANEIRO;RJ;09/2021;3.683.130;0;3.683.130;0;3.683.130;12.530.784;62.565;19.573;1.887.738;119.601;2.089.477;9.537.097;24.157.357;85.041.896;15,25%;15,25%;15,25%;4,33%;4,82%
BCO CLASSICO S.A. - PRUDENCIAL;1000081665;b1;S3;C;2;RIO DE JANEIRO;RJ;09/2021;9.233.802;0;9.233.802;0;9.233.802;717.429;0;0;19.166;22.838.148;22.857.315;169.772;23.744.515;13.771.469;38,89%;38,89%;38,89%;67,05%;3,69%
VOLKSWAGEN - PRUDENCIAL;1000080202;b2;S3;C;3;SAO PAULO;SP;09/2021;2.626.331;0;2.626.331;578.201;3.204.532;21.192.059;0;0;0;0;0;1.302.111;22.494.170;27.334.217;11,68%;11,68%;14,25%;9,61%;0,22%
BMG - PRUDENCIAL;1000080178;b1;S3;C;2;SAO PAULO;SP;09/2021;2.533.380;109.323;2.642.703;19.903;2.662.606;17.537.238;3.507;0;288.404;0;291.911;1.099.107;18.928.256;32.241.150;13,38%;13,96%;14,07%;8,20%;49,03%
MORGAN STANLEY - PRUDENCIAL;1000080628;b1;S3;C;3;SAO PAULO;SP;09/2021;4.187.326;0;4.187.326;0;4.187.326;10.317.173;846.512;1.450.588;2.095.513;807.326;5.199.939;3.017.823;18.534.936;27.721.434;22,59%;22,59%;22,59%;15,11%;2,22%
ALFA - PRUDENCIAL;1000080570;b1;S3;C;2;SAO PAULO;SP;09/2021;2.620.522;0;2.620.522;0;2.620.522;16.328.459;18.818;0;779.821;69.560;868.199;1.336.783;18.533.441;24.237.571;14,14%;14,14%;14,14%;10,81%;14,40%
BRB - PRUDENCIAL;1000080288;b1;S3;C;1;BRASILIA;DF;09/2021;2.084.457;244.245;2.328.702;312.031;2.640.733;16.289.561;857.301;1.079;0;0;858.379;1.088.719;18.236.658;30.233.750;11,43%;12,77%;14,48%;7,70%;7,81%
BOFA MERRILL LYNCH - PRUDENCIAL;1000080556;b1;S3;C;3;SAO PAULO;SP;09/2021;3.642.384;0;3.642.384;0;3.642.384;5.256.599;527.905;0;8.213.688;0;8.741.593;2.912.163;16.910.354;41.679.429;21,54%;21,54%;21,54%;8,74%;0,99%
INTER - PRUDENCIAL;1000080996;b1;S3;C;2;BELO HORIZONTE;MG;09/2021;7.955.023;0;7.955.023;0;7.955.023;14.128.834;5.009;128;339.385;88.740;433.261;1.431.287;15.993.382;35.197.759;49,74%;49,74%;49,74%;22,60%;2,55%
BANCOOB - PRUDENCIAL;1000080879;b1;S3;C;2;BRASILIA;DF;09/2021;2.209.701;0;2.209.701;0;2.209.701;12.573.087;61.073;0;62.986;0;124.059;3.251.030;15.948.176;82.577.028;13,86%;13,86%;13,86%;2,68%;12,69%
BCO COOPERATIVO SICREDI - PRUDENCIAL;1000080745;b1;S3;C;2;PORTO ALEGRE;RS;09/2021;1.864.164;227.457;2.091.621;0;2.091.621;13.413.504;97.970;1.074;56.705;58;155.807;2.361.483;15.930.794;97.857.559;11,70%;13,13%;13,13%;2,14%;4,79%
BD REGIONAL DO EXTREMO SUL - PRUDENCIAL;1000081311;b4;S3;C;1;PORTO ALEGRE;RS;09/2021;3.271.907;0;3.271.907;0;3.271.907;14.313.514;109.725;0;0;11.398;121.123;1.173.002;15.607.640;17.959.868;20,96%;20,96%;20,96%;18,22%;1,21%
MERCEDES-BENZ - PRUDENCIAL;1000080563;b2;S3;C;3;SAO PAULO;SP;09/2021;2.189.155;0;2.189.155;0;2.189.155;14.189.456;0;0;0;0;0;1.134.665;15.324.120;14.846.787;14,29%;14,29%;14,29%;14,74%;0,49%
BANCO ORIGINAL - PRUDENCIAL;1000080903;b1;S3;C;2;SAO PAULO;SP;09/2021;1.482.991;0;1.482.991;0;1.482.991;12.073.900;4.629;0;63.984;0;68.613;2.075.261;14.217.774;24.737.167;10,43%;10,43%;10,43%;5,99%;9,56%
PORTO SEGURO - PRUDENCIAL;1000080642;n1;S3;C;2;SAO PAULO;SP;09/2021;1.293.102;0;1.293.102;245.806;1.538.908;12.185.135;13.251;0;64.932;0;78.183;672.232;12.935.550;NA;10,00%;10,00%;11,90%;NA%;0,07%
BCO CSF S.A. - PRUDENCIAL;1000081610;b2;S3;I;3;SAO PAULO;SP;09/2021;2.297.364;0;2.297.364;0;2.297.364;10.970.746;11.690;0;0;0;11.690;1.113.476;12.095.913;15.095.490;18,99%;18,99%;18,99%;15,22%;4,23%
CCB - PRUDENCIAL;1000080295;b1;S3;C;3;SAO PAULO;SP;09/2021;1.087.162;924.698;2.011.860;0;2.011.860;10.366.545;234.554;0;49.098;0;283.652;1.405.146;12.055.343;15.818.072;9,02%;16,69%;16,69%;12,72%;0,85%
BANCO CNH INDUSTRIAL CAPITAL S.A - PRUDENCIAL;1000081407;b2;S3;I;3;CURITIBA;PR;09/2021;1.664.174;0;1.664.174;0;1.664.174;11.052.855;0;0;0;0;0;766.074;11.818.929;13.987.828;14,08%;14,08%;14,08%;11,90%;0,25%
BANESTES - PRUDENCIAL;1000080147;b1;S3;C;1;VITORIA;ES;09/2021;1.693.698;0;1.693.698;0;1.693.698;9.262.458;1.512;0;341.826;0;343.337;1.513.381;11.119.177;26.976.200;15,23%;15,23%;15,23%;6,28%;11,41%
BANCO C6 - PRUDENCIAL;1000084844;b1;S4;C;2;SAO PAULO;SP;09/2021;1.200.283;0;1.200.283;133.019;1.333.302;10.183.145;14.141;825;9.482;0;24.448;509.730;10.717.322;20.660.130;11,20%;11,20%;12,44%;5,81%;22,09%
GOLDMAN SACHS - PRUDENCIAL;1000080714;b2;S3;C;3;SAO PAULO;SP;09/2021;2.244.710;0;2.244.710;0;2.244.710;5.338.302;290.917;260;2.470.707;502.057;3.263.941;1.560.704;10.162.946;21.278.192;22,09%;22,09%;22,09%;10,55%;0,61%
CREFISA S.A. CFI - PRUDENCIAL;1000083632;b1;S4;C;2;SAO PAULO;SP;09/2021;5.974.379;0;5.974.379;0;5.974.379;4.070.585;1.529;510;7.890;453;10.382;5.522.697;9.603.664;6.666.578;62,21%;62,21%;62,21%;89,62%;0,33%
CREDIT AGRICOLE - PRUDENCIAL;1000080491;b1;S3;C;3;SAO PAULO;SP;09/2021;2.361.277;0;2.361.277;0;2.361.277;7.619.396;110.932;0;1.202.565;0;1.313.498;515.380;9.448.274;43.485.685;24,99%;24,99%;24,99%;5,43%;0,60%
COOPERATIVA DE CREDITO VALE DO ITAJAI - VIACREDI;82639451;b3S;S4;I;2;BLUMENAU;SC;09/2021;1.949.607;0;1.949.607;0;1.949.607;7.262.617;0;0;0;0;0;1.372.908;8.635.525;11.551.237;22,58%;22,58%;22,58%;16,88%;2,37%
BCO SUMITOMO MITSUI BRASIL S.A. - PRUDENCIAL;1000081720;b1;S3;C;3;SAO PAULO;SP;09/2021;1.939.014;0;1.939.014;0;1.939.014;7.418.347;243.300;0;537.646;0;780.946;383.746;8.583.039;12.098.471;22,59%;22,59%;22,59%;16,03%;0,19%
JOHN DEERE - PRUDENCIAL;1000080343;b1;S3;I;3;INDAIATUBA;SP;09/2021;1.682.498;0;1.682.498;0;1.682.498;7.997.753;27.151;0;0;0;27.151;520.424;8.545.328;10.247.203;19,69%;19,69%;19,69%;16,42%;0,25%
DEUTSCHE - PRUDENCIAL;1000080532;b1;S3;C;3;SAO PAULO;SP;09/2021;1.530.784;0;1.530.784;0;1.530.784;5.355.227;8.609;2.229;1.731.552;0;1.742.389;578.443;7.676.059;11.440.206;19,94%;19,94%;19,94%;13,38%;0,82%
NU FINANCEIRA S.A. - SOCIEDADE DE CRÉDITO, FINANCIAMENTO E INVESTIMENTO;30680829;n1;S4;I;2;SAO PAULO;SP;09/2021;2.405.328;0;2.405.328;98.864;2.504.193;6.302.489;5.542;0;13.053;0;18.596;1.329.812;7.650.896;NA;31,44%;31,44%;32,73%;NA%;0,73%
BCO DO EST. DO PA S.A. - PRUDENCIAL;1000081586;b1;S3;I;1;BELEM;PA;09/2021;1.508.518;0;1.508.518;0;1.508.518;6.891.711;25.835;0;2.586;0;28.421;728.407;7.648.538;13.259.774;19,72%;19,72%;19,72%;11,38%;3,73%
SCOTIABANK BRASIL - PRUDENCIAL;1000081452;b1;S4;C;3;SAO PAULO;SP;09/2021;1.227.996;0;1.227.996;0;1.227.996;3.048.581;41.905;0;3.930.162;0;3.972.067;436.877;7.457.525;11.673.480;16,47%;16,47%;16,47%;10,52%;0,73%
VOLVO - PRUDENCIAL;1000080769;b2;S4;C;3;CURITIBA;PR;09/2021;1.305.315;0;1.305.315;0;1.305.315;6.779.468;0;0;0;0;0;672.527;7.451.995;7.771.981;17,52%;17,52%;17,52%;16,80%;1,66%
BOCOM - PRUDENCIAL;1000084624;b1;S3;C;3;SALVADOR;BA;09/2021;782.966;201.902;984.868;0;984.868;6.195.277;228.786;0;72.123;0;300.909;880.140;7.376.326;12.675.937;10,61%;13,35%;13,35%;7,77%;1,09%
BCO DE LAGE LANDEN BRASIL S.A. - PRUDENCIAL;1000081421;b2;S4;I;3;PORTO ALEGRE;RS;09/2021;1.216.029;0;1.216.029;0;1.216.029;6.980.977;35.204;0;0;0;35.204;348.509;7.364.689;8.205.184;16,51%;16,51%;16,51%;14,82%;1,88%
MERCANTIL DO BRASIL - PRUDENCIAL;1000080123;b1;S3;C;2;BELO HORIZONTE;MG;09/2021;884.560;47.212;931.772;226.666;1.158.438;6.180.609;1.210;0;2.899;1.049;5.158;1.074.128;7.259.895;12.202.515;12,18%;12,83%;15,96%;7,64%;29,27%
PINE - PRUDENCIAL;1000080374;b1;S3;C;2;SAO PAULO;SP;09/2021;628.113;0;628.113;110.977;739.090;6.290.394;1.628;24.975;353.438;725;380.766;341.396;7.012.555;15.412.422;8,96%;8,96%;10,54%;4,08%;19,65%
GM - PRUDENCIAL;1000080848;b2;S3;C;3;SAO PAULO;SP;09/2021;2.696.656;0;2.696.656;0;2.696.656;6.351.172;0;0;0;0;0;631.937;6.983.109;9.535.524;38,62%;38,62%;38,62%;28,28%;8,51%
BCO FIBRA S.A. - PRUDENCIAL;1000081483;b1;S3;C;2;SAO PAULO;SP;09/2021;646.016;0;646.016;125.106;771.123;5.809.039;45.853;3.199;203.108;0;252.161;546.080;6.607.280;11.479.812;9,78%;9,78%;11,67%;5,63%;2,25%
AGIBANK - PRUDENCIAL;1000083694;b1;S4;C;2;CAMPINAS;SP;09/2021;566.145;0;566.145;41.768;607.913;3.530.231;75;38;2.572;34;2.719;2.724.843;6.257.793;7.826.243;9,05%;9,05%;9,71%;7,23%;13,04%
COOPERATIVA DE CREDITO CREDICITRUS;54037916;b3S;S4;I;2;BEBEDOURO;SP;09/2021;1.907.334;0;1.907.334;0;1.907.334;5.266.120;0;0;0;0;0;891.030;6.157.150;9.750.015;30,98%;30,98%;30,98%;19,56%;5,43%
BCO DES. DE MG S.A. - PRUDENCIAL;1000081328;b4;S3;I;1;BELO HORIZONTE;MG;09/2021;1.612.891;0;1.612.891;0;1.612.891;5.332.361;138.269;0;1.718;0;139.986;676.137;6.148.484;8.455.686;26,23%;26,23%;26,23%;19,07%;1,04%
SCANIA - PRUDENCIAL;1000080776;b2;S4;C;3;SAO BERNARDO DO CAMPO;SP;09/2021;764.669;0;764.669;8.158;772.827;5.767.252;0;0;0;0;0;358.556;6.125.807;6.320.983;12,48%;12,48%;12,62%;12,10%;1,39%
BCO TOYOTA DO BRASIL S.A. - PRUDENCIAL;1000081562;b2;S3;C;3;SAO PAULO;SP;09/2021;1.228.283;0;1.228.283;0;1.228.283;5.732.452;0;0;0;0;0;330.443;6.062.895;8.613.148;20,26%;20,26%;20,26%;14,26%;0,90%
SOFISA - PRUDENCIAL;1000080271;b1;S4;C;2;SAO PAULO;SP;09/2021;855.820;0;855.820;0;855.820;5.325.166;13.079;0;6.286;0;19.366;487.930;5.832.461;9.184.031;14,67%;14,67%;14,67%;9,32%;10,35%
OMNI - PRUDENCIAL;1000080460;b1;S4;C;2;SAO PAULO;SP;09/2021;492.242;238.989;731.232;85.073;816.305;3.981.092;327;0;0;0;327;1.683.874;5.665.293;6.331.108;8,69%;12,91%;14,41%;11,55%;2,60%
HONDA - PRUDENCIAL;1000080611;b2;S4;C;3;SAO PAULO;SP;09/2021;1.559.778;0;1.559.778;0;1.559.778;5.310.776;0;0;0;0;0;285.993;5.596.769;6.808.955;27,87%;27,87%;27,87%;22,91%;0,22%
HSBC BI - PRUDENCIAL;1000084741;b1;S4;I;3;SAO PAULO;SP;09/2021;977.233;0;977.233;0;977.233;3.012.447;152.290;0;1.436.879;0;1.589.169;767.716;5.369.332;10.168.936;18,20%;18,20%;18,20%;9,61%;0,98%
MIDWAY S.A. - SCFI - PRUDENCIAL;1000083553;n1;S4;I;2;SAO PAULO;SP;09/2021;920.762;0;920.762;0;920.762;4.283.162;2.510;0;0;0;2.510;987.223;5.272.896;NA;17,46%;17,46%;17,46%;NA%;1,85%
BS2 - PRUDENCIAL;1000080422;b1;S3;C;2;BELO HORIZONTE;MG;09/2021;444.516;0;444.516;122.655;567.171;4.076.695;61.820;234;152.786;58.388;273.228;692.261;5.042.184;13.608.692;8,82%;8,82%;11,25%;3,27%;32,22%
SICOOB COCRED COOPERATIVA DE CRÉDITO;71328769;b3S;S4;I;2;SERTAOZINHO;SP;09/2021;889.719;0;889.719;0;889.719;4.446.201;0;0;0;39.001;39.001;536.618;5.021.820;7.386.697;17,72%;17,72%;17,72%;12,04%;9,73%
MIZUHO - PRUDENCIAL;1000080697;b1;S4;C;3;SAO PAULO;SP;09/2021;781.843;0;781.843;0;781.843;4.296.165;16.807;0;356.798;0;373.606;294.643;4.964.414;9.866.317;15,75%;15,75%;15,75%;7,92%;2,95%
COOPERATIVA DE CRÉDITO, POUPANÇA E INVESTIMENTO OURO VERDE DO MATO GROSSO - SICREDI OURO VERDE MT;26529420;b3S;S4;I;2;LUCAS DO RIO VERDE;MT;09/2021;925.584;0;925.584;0;925.584;4.513.848;28.811;0;1.655;0;30.466;122.482;4.666.796;6.792.601;19,83%;19,83%;19,83%;13,63%;6,08%
BANCO FIDIS - PRUDENCIAL;1000081751;b2;S4;I;3;BETIM;MG;09/2021;995.811;0;995.811;0;995.811;4.080.139;0;0;0;0;0;577.869;4.658.008;5.719.145;21,38%;21,38%;21,38%;17,41%;0,05%
BCO MODAL S.A. - PRUDENCIAL;1000081658;b1;S4;C;2;RIO DE JANEIRO;RJ;09/2021;1.020.629;0;1.020.629;0;1.020.629;3.134.359;166.991;7.625;660.600;18.913;854.128;657.197;4.645.684;6.543.102;21,97%;21,97%;21,97%;15,60%;4,73%
RODOBENS - PRUDENCIAL;1000080855;b1;S4;C;2;SAO PAULO;SP;09/2021;918.282;0;918.282;0;918.282;3.664.342;0;0;0;0;0;979.067;4.643.409;5.018.092;19,78%;19,78%;19,78%;18,30%;50,90%
BCO DO EST. DE SE S.A. - PRUDENCIAL;1000081634;b1;S4;C;1;ARACAJU;SE;09/2021;495.053;0;495.053;108.170;603.222;4.058.244;0;0;4.140;28;4.169;455.781;4.518.193;7.950.366;10,96%;10,96%;13,35%;6,23%;14,58%
INDUSTRIAL DO BRASIL - PRUDENCIAL;1000080477;b1;S4;C;2;SAO PAULO;SP;09/2021;622.941;0;622.941;0;622.941;3.936.196;40.727;0;79.594;0;120.321;433.385;4.489.903;5.755.686;13,87%;13,87%;13,87%;10,82%;7,61%
COOPERATIVA DE CRÉDITO, POUPANÇA E INVESTIMENTO VANGUARDA DA REGIÃO DAS CATARATAS DO IGUAÇU E VALE DO PARAÍBA - SICREDI VANGUARDA PR/SP/RJ;78414067;b3S;S4;I;2;MEDIANEIRA;PR;09/2021;614.416;0;614.416;0;614.416;4.219.976;0;0;767;0;767;193.747;4.414.490;6.419.451;13,92%;13,92%;13,92%;9,57%;18,96%
COOPERATIVA DE CRÉDITO, POUPANÇA E INVESTIMENTO UNIÃO PARANÁ/SÃO PAULO - SICREDI UNIÃO PR/SP;79342069;b3S;S4;I;2;MARINGA;PR;09/2021;626.720;0;626.720;0;626.720;4.091.918;0;0;1.670;0;1.670;207.525;4.301.113;6.751.724;14,57%;14,57%;14,57%;9,28%;31,38%
PARANÁ BANCO - PRUDENCIAL;1000080233;b1;S4;C;2;CURITIBA;PR;09/2021;1.080.666;40.802;1.121.469;53.666;1.175.135;3.730.203;0;0;1.062;0;1.062;558.525;4.289.789;8.822.765;25,19%;26,14%;27,39%;12,71%;10,55%
BCO MUFG BRASIL S.A. - PRUDENCIAL;1000081713;b1;S3;I;3;SAO PAULO;SP;09/2021;1.298.648;0;1.298.648;0;1.298.648;2.910.883;72.804;0;724.183;0;796.987;536.292;4.244.163;9.299.813;30,60%;30,60%;30,60%;13,96%;0,75%
COOPERATIVA DE CRÉDITO, POUPANÇA E INVESTIMENTO VALE DO PIQUIRI ABCD - SICREDI VALE DO PIQUIRI ABCD PR/SP;81099491;b3S;S4;I;2;PALOTINA;PR;09/2021;527.159;0;527.159;30.323;557.483;4.001.498;0;0;526;0;526;173.615;4.175.639;6.462.012;12,62%;12,62%;13,35%;8,16%;9,06%
SOCIETE GENERALE - PRUDENCIAL;1000080264;b1;S3;C;3;SAO PAULO;SP;09/2021;1.567.944;0;1.567.944;0;1.567.944;3.183.027;99.842;0;352.692;0;452.534;530.705;4.166.266;8.622.309;37,63%;37,63%;37,63%;18,18%;0,25%
BCO TRIANGULO S.A. - PRUDENCIAL;1000081438;b1;S4;C;2;UBERLANDIA;MG;09/2021;508.785;0;508.785;0;508.785;3.257.340;0;0;0;0;0;705.915;3.963.255;5.261.190;12,84%;12,84%;12,84%;9,67%;13,02%
BANCO MASTER - PRUDENCIAL;1000080367;b1;S4;C;2;RIO DE JANEIRO;RJ;09/2021;413.076;28.644;441.720;22.104;463.824;3.292.456;8.136;0;0;35.270;43.406;493.231;3.829.093;8.080.974;10,79%;11,54%;12,11%;5,47%;19,06%
APE POUPEX - PRUDENCIAL;1000081184;n1;S3;I;2;BRASILIA;DF;09/2021;1.163.466;0;1.163.466;0;1.163.466;3.321.705;0;0;0;0;0;452.282;3.773.988;NA;30,83%;30,83%;30,83%;NA%;1,71%
REALIZE CFI - PRUDENCIAL;1000084703;n1;S4;I;3;PORTO ALEGRE;RS;09/2021;593.151;0;593.151;0;593.151;3.458.901;5.948;0;0;0;5.948;210.166;3.675.016;NA;16,14%;16,14%;16,14%;NA%;0,68%
COOPERATIVA DE CRÉDITO MAXI ALFA DE LIVRE ADMISSÃO DE ASSOCIADOS - SICOOB MAXICRÉDITO;78825270;b3S;S5;I;2;CHAPECO;SC;09/2021;NA;NA;NA;NA;574.672;3.373.611;0;NA;NA;NA;0;156.252;3.529.862;NA;NA%;NA%;16,28%;NA%;11,48%
COOPERATIVA DE CRÉDITO SICREDI SERRANA RS/ES;90608712;b3S;S4;I;2;CARLOS BARBOSA;RS;09/2021;490.506;0;490.506;0;490.506;3.275.948;0;0;1.209;0;1.209;159.100;3.436.257;4.997.013;14,27%;14,27%;14,27%;9,82%;6,49%
UNIPRIME NORTE DO PARANÁ - COOPERATIVA DE CRÉDITO LTDA;2398976;b3S;S4;I;2;LONDRINA;PR;09/2021;709.618;0;709.618;0;709.618;2.861.777;134.546;95.353;303;0;230.202;316.688;3.408.666;5.022.442;20,82%;20,82%;20,82%;14,13%;3,28%
CREDSYSTEM IP - PRUDENCIAL;1000085441;n1;S5;C;2;BARUERI;SP;09/2021;NA;NA;NA;NA;253.789;3.035.929;0;NA;NA;NA;0;303.593;3.339.522;NA;NA%;NA%;7,60%;NA%;2,17%
BCO CATERPILLAR S.A. - PRUDENCIAL;1000081397;b2;S4;I;3;SAO PAULO;SP;09/2021;983.908;0;983.908;0;983.908;2.938.200;6.017;0;0;0;6.017;223.838;3.168.055;3.008.407;31,06%;31,06%;31,06%;32,71%;0,67%
COOPERATIVA DE CRÉDITO DE LIVRE ADMISSÃO DO SUDOESTE DA AMAZÔNIA LTDA. - SICOOB CREDISUL.;3632872;b3S;S5;I;2;VILHENA;RO;09/2021;NA;NA;NA;NA;497.312;3.069.493;0;NA;NA;NA;0;97.559;3.167.052;NA;NA%;NA%;15,70%;NA%;10,28%
COOPERATIVA DE CRÉDITO, POUPANÇA E INVESTIMENTO UNIÃO DE ESTADOS RIO GRANDE DO SUL, SANTA CATARINA E MINAS GERAIS - SICREDI UNIESTADOS;87780268;b3S;S4;I;2;ERECHIM;RS;09/2021;419.920;0;419.920;15.317;435.236;3.054.484;0;0;1.477;0;1.477;104.138;3.160.099;4.927.109;13,29%;13,29%;13,77%;8,52%;14,14%
BANCO VOITER - PRUDENCIAL;1000080415;b1;S4;C;2;SAO PAULO;SP;09/2021;345.598;0;345.598;0;345.598;2.376.146;38.475;451.728;119.779;802;610.783;78.950;3.065.879;6.006.647;11,27%;11,27%;11,27%;5,75%;38,73%
COOPERATIVA DE CRÉDITO, POUPANÇA E INVESTIMENTO DO SUDOESTE MT/PA - SICREDI SUDOESTE MT/PA;32995755;b3S;S4;I;2;TANGARA DA SERRA;MT;09/2021;574.610;0;574.610;0;574.610;2.873.690;2.662;0;743;0;3.405;145.236;3.022.331;4.362.061;19,01%;19,01%;19,01%;13,17%;8,51%
COOPERATIVA DE CRÉDITO, POUPANÇA E INVESTIMENTO SICREDI PIONEIRA RS - SICREDI PIONEIRA RS;91586982;b3S;S4;I;2;NOVA PETROPOLIS;RS;09/2021;501.606;0;501.606;0;501.606;2.806.913;0;0;2.356;0;2.356;181.693;2.990.962;4.706.235;16,77%;16,77%;16,77%;10,66%;8,85%
COOPERATIVA DE CRÉDITO, POUPANÇA E INVESTIMENTO CAMPOS GERAIS - SICREDI CAMPOS GERAIS PR/SP;81466286;b3S;S4;I;2;PONTA GROSSA;PR;09/2021;420.268;0;420.268;0;420.268;2.859.560;0;0;1.386;0;1.386;122.048;2.982.994;5.259.789;14,09%;14,09%;14,09%;7,99%;18,00%
COOPERATIVA DE CRéDITO, POUPANçA E INVESTIMENTO UNIãO - SICREDI UNIAO RS/ES;88894548;b3S;S4;I;2;CERRO LARGO;RS;09/2021;548.666;0;548.666;0;548.666;2.818.272;0;0;1.033;0;1.033;162.329;2.981.633;4.690.792;18,40%;18,40%;18,40%;11,70%;6,62%
COOPERATIVA DE CRÉDITO, POUPANÇA E INVESTIMENTO PLANALTO - SICREDI PLANALTO RS/MG;88038260;b3S;S4;I;2;CRUZ ALTA;RS;09/2021;657.926;0;657.926;0;657.926;2.871.601;0;0;874;0;874;88.544;2.961.018;4.288.001;22,22%;22,22%;22,22%;15,34%;1,52%
COOPERATIVA DE CRÉDITO, POUPANÇA E INVESTIMENTO DO ARAGUAIA E XINGU - SICREDI ARAXINGU;33021064;b3S;S4;I;2;CANARANA;MT;09/2021;529.733;0;529.733;0;529.733;2.868.620;1.499;0;626;0;2.126;67.625;2.938.371;3.834.105;18,03%;18,03%;18,03%;13,82%;7,03%
COOPERATIVA DE CRÉDITO, POUPANÇA E INVESTIMENTO DO CENTRO SUL DO MATO GROSSO DO SUL - SICREDI CENTRO-SUL MS;26408161;b3S;S4;I;2;DOURADOS;MS;09/2021;645.897;0;645.897;0;645.897;2.678.800;0;0;989;0;989;130.779;2.810.568;4.233.502;22,98%;22,98%;22,98%;15,26%;6,10%
COOPERATIVA DE CRÉDITO DE LIVRE ADMISSÃO CENTRO BRASILEIRA LTDA.;37395399;b3S;S5;I;2;GOIANIA;GO;09/2021;NA;NA;NA;NA;694.100;2.675.534;0;NA;NA;NA;0;134.844;2.810.378;NA;NA%;NA%;24,70%;NA%;6,50%
COOPERATIVA CENTRAL DE CRÉDITO DE MINAS GERAIS LTDA. - SICOOB CENTRAL CREDIMINAS;25683434;b3C;S4;I;2;BELO HORIZONTE;MG;09/2021;400.742;0;400.742;0;400.742;2.617.314;0;0;16.509;0;16.509;110.349;2.744.173;10.429.651;14,60%;14,60%;14,60%;3,84%;16,36%
WILL FINANCEIRA - PRUDENCIAL;1000084600;n1;S4;C;2;SAO PAULO;SP;09/2021;52.670;0;52.670;0;52.670;2.125.049;0;0;0;0;0;599.477;2.724.526;NA;1,93%;1,93%;1,93%;NA%;20,87%
BANCO DIGIO - PRUDENCIAL;1000084655;b2;S4;I;3;BARUERI;SP;09/2021;434.815;0;434.815;0;434.815;2.353.312;2.569;0;0;0;2.569;342.911;2.698.791;3.735.285;16,11%;16,11%;16,11%;11,64%;0,23%
COOPERATIVA DE CRÉDITO, POUPANÇA E INVESTIMENTO VALE DO CERRADO - SICREDI VALE DO CERRADO;32983165;b3S;S4;I;2;CAMPO VERDE;MT;09/2021;393.133;0;393.133;0;393.133;2.644.826;14.811;0;265;0;15.075;38.223;2.698.125;3.606.360;14,57%;14,57%;14,57%;10,90%;7,31%
COOPERATIVA DE CRÉDITO, POUPANÇA E INVESTIMENTO NORTE MATO-GROSSENSE E OESTE PARAENSE - SICREDI GRANDES RIOS MT/PA;37442605;b3S;S4;I;2;COLIDER;MT;09/2021;458.421;0;458.421;0;458.421;2.485.736;0;0;407;0;407;132.712;2.618.855;3.748.631;17,50%;17,50%;17,50%;12,23%;8,79%
COOPERATIVA DE CRÉDITO DE LIVRE ADMISSÃO DO SUDOESTE GOIANO;24795049;b3S;S5;I;2;RIO VERDE;GO;09/2021;NA;NA;NA;NA;718.906;2.476.968;0;NA;NA;NA;0;76.599;2.553.567;NA;NA%;NA%;28,15%;NA%;2,93%
SICOOB CREDICOM - COOPERATIVA DE ECONOMIA E CREDITO MUTUO DOS MEDICOS E PROFISSIONAIS DA AREA DE SAUDE DO BRASIL LTDA.;42898825;b3S;S5;I;2;BELO HORIZONTE;MG;09/2021;NA;NA;NA;NA;543.929;2.469.198;0;NA;NA;NA;0;82.886;2.552.084;NA;NA%;NA%;21,31%;NA%;2,75%
HAITONG - PRUDENCIAL;1000080666;b2;S3;C;3;SAO PAULO;SP;09/2021;488.208;0;488.208;0;488.208;1.713.218;16.915;0;602.867;0;619.782;193.390;2.526.389;8.245.975;19,32%;19,32%;19,32%;5,92%;1,60%
BANCO DIGIMAIS - PRUDENCIAL;1000081799;b1;S4;C;3;SAO PAULO;SP;09/2021;309.961;0;309.961;0;309.961;1.925.343;10.370;0;0;0;10.370;545.468;2.481.181;5.057.581;12,49%;12,49%;12,49%;6,13%;7,86%
BADESUL DESENVOLVIMENTO AF/RS - PRUDENCIAL;1000081029;n1;S4;I;1;PORTO ALEGRE;RS;09/2021;649.844;0;649.844;0;649.844;2.223.095;2.915;0;0;0;2.915;213.309;2.439.318;NA;26,64%;26,64%;26,64%;NA%;3,84%
AF DESENVOLVE SP S.A. - PRUDENCIAL;1000081153;n1;S4;I;1;SAO PAULO;SP;09/2021;928.670;0;928.670;0;928.670;2.078.475;83;0;0;0;83;318.542;2.397.101;NA;38,74%;38,74%;38,74%;NA%;3,16%
RENDIMENTO - PRUDENCIAL;1000080659;b1;S4;C;2;SAO PAULO;SP;09/2021;348.706;0;348.706;0;348.706;1.682.197;36.985;0;50.707;0;87.692;624.074;2.393.963;3.492.418;14,57%;14,57%;14,57%;9,98%;4,61%
BMW - PRUDENCIAL;1000080635;n1;S4;C;3;SAO PAULO;SP;09/2021;516.409;0;516.409;0;516.409;2.070.464;0;0;0;0;0;261.480;2.331.944;NA;22,14%;22,14%;22,14%;NA%;0,08%
PEFISA S.A. - PRUDENCIAL;1000080305;n1;S4;I;2;SAO PAULO;SP;09/2021;430.555;0;430.555;0;430.555;2.074.584;587;0;0;0;587;235.604;2.310.774;NA;18,63%;18,63%;18,63%;NA%;15,57%
COOPERATIVA DE CRÉDITO, POUPANÇA E INVESTIMENTO SORRISO - SICREDI CELEIRO MT/RR;26555235;b3S;S4;I;2;SORRISO;MT;09/2021;551.644;0;551.644;0;551.644;2.128.550;649;0;1.303;0;1.952;142.767;2.273.269;3.791.045;24,27%;24,27%;24,27%;14,55%;8,78%
COOPERATIVA DE CRÉDITO, POUPANÇA E INVESTIMENTO UNIÃO DOS ESTADOS DE MATO GROSSO DO SUL, TOCANTINS E OESTE DA BAHIA - SICREDI UNIÃO MS/TO;24654881;b3S;S4;I;2;CAMPO GRANDE;MS;09/2021;359.973;0;359.973;0;359.973;2.148.265;9.074;0;1.008;0;10.082;83.893;2.242.240;3.734.191;16,05%;16,05%;16,05%;9,64%;12,23%
COOPERFORTE - COOPERATIVA DE ECONOMIA E CRÉDITO MÚTUO DE FUNCIONÁRIOS DE INSTITUIÇÕES FINANCEIRAS PÚBLICAS FEDERAIS LTDA.;1658426;b3S;S5;I;2;BRASILIA;DF;09/2021;NA;NA;NA;NA;656.375;2.155.421;0;NA;NA;NA;0;81.248;2.236.669;NA;NA%;NA%;29,35%;NA%;1,09%
COOPERATIVA DE CRÉDITO LESTE CAPIXABA - SICOOB LESTE CAPIXABA;32430233;b3S;S5;I;2;LINHARES;ES;09/2021;NA;NA;NA;NA;623.098;2.092.275;0;NA;NA;NA;0;96.981;2.189.257;NA;NA%;NA%;28,46%;NA%;5,25%
M PAGAMENTOS S.A. CFI - PRUDENCIAL;1000083515;n1;S4;C;2;BARUERI;SP;09/2021;322.587;0;322.587;0;322.587;1.366.870;0;0;0;0;0;747.949;2.114.819;NA;15,25%;15,25%;15,25%;NA%;0,36%
COOPERATIVA DE CRÉDITO, POUPANÇA E INVESTIMENTO ALTO URUGUAI - SICREDI ALTO URUGUAI RS/SC/MG;87733770;b3S;S4;I;2;RODEIO BONITO;RS;09/2021;322.157;0;322.157;0;322.157;2.039.864;0;0;450;0;450;72.507;2.112.821;3.086.805;15,25%;15,25%;15,25%;10,44%;9,37%
COOPERATIVA DE CRÉDITO, POUPANÇA E INVESTIMENTO CELEIRO CENTRO OESTE - SICREDI CELEIRO CENTRO OESTE;3566655;b3S;S4;I;2;SAO GABRIEL DO OESTE;MS;09/2021;309.988;0;309.988;0;309.988;1.963.741;12.608;0;590;0;13.198;58.709;2.035.648;2.969.400;15,23%;15,23%;15,23%;10,44%;11,15%
COOPERATIVA DE CRÉDITO SICOOB METROPOLITANO;3459850;b3S;S5;I;2;MARINGA;PR;09/2021;NA;NA;NA;NA;270.888;1.921.616;0;NA;NA;NA;0;101.135;2.022.751;NA;NA%;NA%;13,39%;NA%;11,18%
CREDICOAMO CREDITO RURAL COOPERATIVA;81723108;b3S;S4;I;2;CAMPO MOURAO;PR;09/2021;937.481;0;937.481;0;937.481;1.852.593;0;5.641;0;0;5.641;144.145;2.002.379;4.376.785;46,82%;46,82%;46,82%;21,42%;0,01%
ING - PRUDENCIAL;1000080501;b1;S3;C;3;SAO PAULO;SP;09/2021;842.600;0;842.600;0;842.600;1.341.657;1.359;0;241.091;0;242.450;403.880;1.987.986;4.636.128;42,38%;42,38%;42,38%;18,17%;0,38%
COOPERATIVA CENTRAL DE CRÉDITO DE SANTA CATARINA E RIO GRANDE DO SUL - SICOOB CENTRAL SC/RS;80160260;b3C;S3;I;2;FLORIANOPOLIS;SC;09/2021;377.466;0;377.466;0;377.466;1.851.596;0;0;296;0;296;104.815;1.956.707;9.447.472;19,29%;19,29%;19,29%;4,00%;1,40%
BANCOSEGURO S.A.;10264663;b1;S4;I;2;SAO PAULO;SP;09/2021;444.405;0;444.405;0;444.405;1.596.187;0;0;0;0;0;320.784;1.916.971;7.827.351;23,18%;23,18%;23,18%;5,68%;0,00%
BCO DA CHINA BRASIL S.A. - PRUDENCIAL;1000081816;b1;S4;I;3;SAO PAULO;SP;09/2021;376.501;0;376.501;0;376.501;1.743.446;45.233;0;0;0;45.233;105.198;1.893.877;3.838.619;19,88%;19,88%;19,88%;9,81%;0,61%
COOPERATIVA DE CRÉDITO, POUPANÇA E INVESTIMENTO DA REGIÃO DOS VALES - SICREDI REGIÃO DOS VALES RS;89126130;b3S;S4;I;2;ENCANTADO;RS;09/2021;576.539;0;576.539;0;576.539;1.683.611;0;0;1.518;0;1.518;120.535;1.805.664;3.542.238;31,93%;31,93%;31,93%;16,28%;5,67%
COOPERATIVA DE CRÉDITO DE LIVRE ADMISSÃO DO CENTRO SUL RONDONIENSE - SICOOB CREDIP.;2015588;b3S;S5;I;2;PIMENTA BUENO;RO;09/2021;NA;NA;NA;NA;348.967;1.693.026;0;NA;NA;NA;0;84.662;1.777.687;NA;NA%;NA%;19,63%;NA%;5,01%
BR PARTNERS - PRUDENCIAL;1000080934;b2;S4;C;2;SAO PAULO;SP;09/2021;620.193;0;620.193;0;620.193;782.310;1.706;74.054;575.030;227.160;877.950;109.663;1.769.923;1.028.314;35,04%;35,04%;35,04%;60,31%;0,76%
COOPERATIVA DE CRÉDITO DE LIVRE ADMISSÃO DE ASSOCIADOS SÃO MIGUEL DO OESTE - SICOOB SÃO MIGUEL SC/PR/RS;81607046;b3S;S5;I;2;SAO MIGUEL D'OESTE;SC;09/2021;NA;NA;NA;NA;262.893;1.625.030;0;NA;NA;NA;0;62.058;1.687.087;NA;NA%;NA%;15,58%;NA%;10,37%
BANCO PAULISTA - PRUDENCIAL;1000080381;b1;S4;C;2;SAO PAULO;SP;09/2021;172.504;0;172.504;0;172.504;999.187;1.988;0;182.110;0;184.098;495.803;1.679.088;1.052.764;10,27%;10,27%;10,27%;16,39%;1,52%
HP FINANCIAL SERVICES AM S.A - PRUDENCIAL;1000082987;n1;S4;I;3;BARUERI;SP;09/2021;715.553;0;715.553;0;715.553;1.398.900;2.647;0;0;0;2.647;271.039;1.672.586;NA;42,78%;42,78%;42,78%;NA%;0,00%
COOPERATIVA DE CRÉDITO, POUPANÇA E INVESTIMENTO DA REGIÃO DA PRODUÇÃO -  SICREDI REGIÃO DA PRODUÇÃO RS/SC/MG;89468565;b3S;S4;I;2;SARANDI;RS;09/2021;230.095;0;230.095;0;230.095;1.608.229;0;0;247;0;247;56.676;1.665.152;2.613.711;13,82%;13,82%;13,82%;8,80%;16,50%
COOPERATIVA DE CREDITO, POUPANÇA E INVESTIMENTO ALIANÇA - SICREDI ALIANÇA PR/SP;79052122;b3S;S4;I;2;MARECHAL CANDIDO RONDON;PR;09/2021;249.643;0;249.643;0;249.643;1.572.875;0;0;360;0;360;78.688;1.651.923;2.317.100;15,11%;15,11%;15,11%;10,77%;16,87%
COOPERATIVA DE CRÉDITO, POUPANÇA E INVESTIMENTO FRONTEIRAS DO PARANÁ, SANTA CATARINA E SÃO PAULO - SICREDI FRONTEIRAS PR/SC/SP;82527557;b3S;S4;I;2;CAPANEMA;PR;09/2021;259.393;0;259.393;0;259.393;1.559.517;0;0;232;0;232;91.929;1.651.677;2.332.568;15,70%;15,70%;15,70%;11,12%;13,39%
COOPERATIVA DE CRÉDITO, POUPANÇA E INVESTIMENTO UNIVALES - SICREDI UNIVALES MT/RO;70431630;b3S;S4;I;2;JUINA;MT;09/2021;372.466;0;372.466;0;372.466;1.564.048;0;0;382;0;382;86.761;1.651.191;2.343.620;22,56%;22,56%;22,56%;15,89%;7,20%
COOPERATIVA DE CRÉDITO, POUPANÇA E INVESTIMENTO DA REGIÃO ALTOS DA SERRA - SICREDI ALTOS DA SERRA RS/SC;92555150;b3S;S4;I;2;TAPEJARA;RS;09/2021;245.896;0;245.896;0;245.896;1.547.695;0;0;569;0;569;74.195;1.622.458;2.343.217;15,16%;15,16%;15,16%;10,49%;16,55%
INTESA SANPAOLO BRASIL S.A. - PRUDENCIAL;1000084057;b1;S4;I;3;SAO PAULO;SP;09/2021;960.410;0;960.410;0;960.410;1.552.203;9.391;0;0;0;9.391;57.376;1.618.970;2.121.475;59,32%;59,32%;59,32%;45,27%;0,07%
BCO LUSO BRASILEIRO S.A. - PRUDENCIAL;1000081706;b1;S4;I;2;SAO PAULO;SP;09/2021;193.693;0;193.693;7.200;200.893;1.498.205;9.144;0;307;0;9.451;103.808;1.611.464;1.951.179;12,02%;12,02%;12,47%;9,93%;9,34%
COOPERATIVA DE CRÉDITO SUL-SERRANA DO ESPÍRITO SANTO;815319;b3S;S5;I;2;VENDA NOVA DO IMIGRANTE;ES;09/2021;NA;NA;NA;NA;466.587;1.517.696;0;NA;NA;NA;0;84.156;1.601.852;NA;NA%;NA%;29,13%;NA%;3,55%
RANDON - PRUDENCIAL;1000080800;b2;S4;C;2;CAXIAS DO SUL;RS;09/2021;266.789;0;266.789;0;266.789;1.174.231;0;0;1.562;0;1.562;404.389;1.580.182;1.231.574;16,88%;16,88%;16,88%;21,66%;1,00%
COOPERATIVA DE CRÉDITO ALIANÇA RS/SC/ES - SICREDI ALIANÇA RS/SC/ES;87795639;b3S;S4;I;2;MARAU;RS;09/2021;226.277;0;226.277;0;226.277;1.456.052;0;0;811;0;811;83.175;1.540.038;2.433.252;14,69%;14,69%;14,69%;9,30%;26,01%
COOPERATIVA DE CRÉDITO, POUPANÇA E INVESTIMENTO DAS REGIÕES CENTRO DO RS E MG - SICREDI REGIÃO CENTRO RS/MG;95594941;b3S;S4;I;2;SANTA MARIA;RS;09/2021;366.323;0;366.323;0;366.323;1.401.090;0;0;667;0;667;90.627;1.492.384;2.516.751;24,55%;24,55%;24,55%;14,56%;7,86%
COOPERATIVA DE CRÉDITO, POUPANÇA E INVESTIMENTO OURO BRANCO - SICREDI OURO BRANCO RS;87853206;b3S;S4;I;2;TEUTONIA;RS;09/2021;316.044;0;316.044;0;316.044;1.392.464;0;0;608;0;608;93.556;1.486.627;2.372.515;21,26%;21,26%;21,26%;13,32%;9,27%
COOPERATIVA DE CRÉDITO, POUPANÇA E INVESTIMENTO REGIÕES DAS CULTURAS - SICREDI DAS CULTURAS RS/MG;90729369;b3S;S4;I;2;IJUI;RS;09/2021;307.815;0;307.815;0;307.815;1.398.704;0;0;397;0;397;76.229;1.475.330;2.174.284;20,86%;20,86%;20,86%;14,16%;8,71%
CENTRAL DAS COOPERATIVAS DE ECONOMIA E CREDITO DO ESTADO DE MINAS GERAIS LTDA. - SICOOB CENTRAL CECREMGE;309024;b3C;S4;I;2;BELO HORIZONTE;MG;09/2021;191.584;0;191.584;0;191.584;1.434.660;0;0;237;0;237;28.244;1.463.141;8.126.563;13,09%;13,09%;13,09%;2,36%;6,80%
COOPERATIVA DE CRÉDITO E INVESTIMENTO DE LIVRE ADMISSÃO AGROEMPRESARIAL - SICREDI AGROEMPRESARIAL PR/SP;79457883;b3S;S4;I;2;MANDAGUARI;PR;09/2021;232.338;0;232.338;0;232.338;1.371.760;662;0;549;0;1.211;79.486;1.452.456;2.399.721;16,00%;16,00%;16,00%;9,68%;11,96%
FACTA S.A. CFI - PRUDENCIAL;1000083704;n1;S4;I;2;PORTO ALEGRE;RS;09/2021;195.436;0;195.436;1.361;196.797;1.401.860;0;0;0;0;0;44.618;1.446.479;NA;13,51%;13,51%;13,61%;NA%;4,23%
COOPERATIVA DE CRÉDITO, POUPANÇA E INVESTIMENTO DO NOROESTE DE MATO GROSSO, ACRE E AMAZONAS - SICREDI BIOMAS;33022690;b3S;S4;I;2;ARAPUTANGA;MT;09/2021;220.761;0;220.761;0;220.761;1.371.278;0;0;204;0;204;60.601;1.432.084;1.913.713;15,42%;15,42%;15,42%;11,54%;13,91%
COOPERATIVA DE CRÉDITO, POUPANÇA E INVESTIMENTO SICREDI EVOLUÇÃO - SICREDI EVOLUÇÃO;35571249;b3S;S5;I;2;JOAO PESSOA;PB;09/2021;NA;NA;NA;NA;472.310;1.340.521;0;NA;NA;NA;0;80.840;1.421.361;NA;NA%;NA%;33,23%;NA%;7,13%
COOPERATIVA DE CRÉDITO UNICRED VALOR CAPITAL LTDA - UNICRED VALOR CAPITAL;74064502;b3S;S5;I;2;FLORIANOPOLIS;SC;09/2021;NA;NA;NA;NA;326.384;1.316.307;0;NA;NA;NA;0;50.940;1.367.247;NA;NA%;NA%;23,87%;NA%;3,73%
YAMAHA MOTOR - PRUDENCIAL;1000080721;b2;S4;C;3;GUARULHOS;SP;09/2021;455.663;0;455.663;0;455.663;1.279.638;0;0;0;0;0;82.839;1.362.476;1.853.462;33,44%;33,44%;33,44%;24,58%;0,09%
BANCO PACCAR - PRUDENCIAL;1000084899;b2;S4;I;3;PONTA GROSSA;PR;09/2021;502.966;0;502.966;0;502.966;1.280.983;0;0;0;0;0;78.944;1.359.927;1.362.295;36,98%;36,98%;36,98%;36,92%;0,12%
COOPERATIVA DE CREDITO, POUPANCA E INVESTIMENTO IGUACU - SICREDI IGUACU PR/SC/SP;84974278;b3S;S4;I;2;SAO JOAO;PR;09/2021;260.173;0;260.173;0;260.173;1.277.141;0;0;373;0;373;77.589;1.355.103;2.060.253;19,20%;19,20%;19,20%;12,63%;5,88%
COOPERATIVA DE CRÉDITO, POUPANÇA E INVESTIMENTO BOTUCARAÍ - SICREDI BOTUCARAÍ RS/MG;87900601;b3S;S4;I;2;SOLEDADE;RS;09/2021;248.667;0;248.667;0;248.667;1.303.304;0;0;286;0;286;49.775;1.353.365;1.878.785;18,37%;18,37%;18,37%;13,24%;11,86%
COOPERATIVA DE CRÉDITO, POUPANÇA E INVESTIMENTO ESSÊNCIA RS/ES - SICREDI ESSÊNCIA;87733077;b3S;S4;I;2;ITAQUI;RS;09/2021;418.583;0;418.583;0;418.583;1.292.632;0;0;484;0;484;54.015;1.347.132;2.025.606;31,07%;31,07%;31,07%;20,66%;5,57%
COOPERATIVA DE CRÉDITO, POUPANÇA E INVESTIMENTO INTEGRAÇÃO DE ESTADOS DO RIO GRANDE DO SUL E SANTA CATARINA - SICREDI INTEGRAÇÃO DE ESTADOS RS/SC;87781530;b3S;S4;I;2;PASSO FUNDO;RS;09/2021;204.615;0;204.615;0;204.615;1.285.952;0;0;460;0;460;52.510;1.338.922;1.910.830;15,28%;15,28%;15,28%;10,71%;6,86%
COOPERATIVA CENTRAL DE CRÉDITO DO ESTADO DE SÃO PAULO - SICOOB SÃO PAULO;63917579;b3C;S4;I;2;RIBEIRAO PRETO;SP;09/2021;186.023;0;186.023;0;186.023;1.308.262;0;0;113;0;113;26.329;1.334.704;10.334.908;13,94%;13,94%;13,94%;1,80%;1,61%
COOPERATIVA DE CRÉDITO, POUPANÇA E INVESTIMENTO DE LAJEADO - SICREDI INTEGRAÇÃO RS/MG;91159764;b3S;S4;I;2;LAJEADO;RS;09/2021;268.323;0;268.323;0;268.323;1.225.301;0;0;482;0;482;78.203;1.303.986;2.108.638;20,58%;20,58%;20,58%;12,72%;17,31%
COOPERATIVA DE CRÉDITO, POUPANÇA E INVESTIMENTO DE CAMPO GRANDE E REGIÃO - SICREDI CAMPO GRANDE MS;3042597;b3S;S4;I;2;CAMPO GRANDE;MS;09/2021;204.264;0;204.264;0;204.264;1.248.996;0;0;489;0;489;48.448;1.297.934;1.984.649;15,74%;15,74%;15,74%;10,29%;6,86%
COOPERATIVA DE CRÉDITO, POUPANÇA E INVESTIMENTO DE IBIRAIARAS - SICREDI IBIRAIARAS RS/MG;89990501;b3S;S4;I;2;IBIRAIARAS;RS;09/2021;290.745;0;290.745;0;290.745;1.212.421;0;0;558;0;558;75.023;1.288.002;1.977.444;22,57%;22,57%;22,57%;14,70%;4,30%
COOPERATIVA CENTRAL DE CRÉDITO COM INTERAÇÃO SOLIDÁRIA - CENTRAL CRESOL BASER;1401771;b3C;S4;I;2;FRANCISCO BELTRAO;PR;09/2021;233.929;0;233.929;0;233.929;1.130.066;705;577;19.303;513;21.098;98.304;1.249.469;6.319.678;18,72%;18,72%;18,72%;3,70%;15,16%
COOPERATIVA DE CRÉDITO, POUPANÇA E INVESTIMENTO PROGRESSO - SICREDI PROGRESSO PR/SP;76059997;b3S;S4;I;2;TOLEDO;PR;09/2021;168.681;0;168.681;0;168.681;1.196.263;0;0;225;0;225;44.713;1.241.201;1.777.256;13,59%;13,59%;13,59%;9,49%;9,60%
COOPERATIVA CENTRAL DE CREDITO DO ESPIRITO SANTO - SICOOB CENTRAL ES;32428294;b3C;S4;I;2;VITORIA;ES;09/2021;178.680;0;178.680;0;178.680;1.115.678;0;0;72.616;0;72.616;51.430;1.239.724;4.478.725;14,41%;14,41%;14,41%;3,99%;10,41%
COOPERATIVA DE CRÉDITO ARACOOP LTDA. - SICOOB ARACOOP;3320525;b3S;S5;I;2;ARAGUARI;MG;09/2021;NA;NA;NA;NA;247.950;1.187.133;0;NA;NA;NA;0;49.062;1.236.194;NA;NA%;NA%;20,06%;NA%;8,09%
COOPERATIVA DE CRéDITO, POUPANçA E INVESTIMENTO INTERESTADOS - SICREDI INTERESTADOS RS/ES;90497256;b3S;S4;I;2;PELOTAS;RS;09/2021;252.830;0;252.830;0;252.830;1.157.197;0;0;836;0;836;72.670;1.230.703;2.018.665;20,54%;20,54%;20,54%;12,52%;17,25%
NOVO BCO CONTINENTAL S.A. - BM - PRUDENCIAL;1000081768;b1;S4;I;3;PORTO ALEGRE;RS;09/2021;177.216;0;177.216;0;177.216;986.288;2.073;0;0;0;2.073;236.862;1.225.223;1.870.796;14,46%;14,46%;14,46%;9,47%;3,12%
COOPERATIVA DE CRÉDITO SUL DO ESPÍRITO SANTO - SICOOB SUL;32467086;b3S;S5;I;2;CACHOEIRO DE ITAPEMIRIM;ES;09/2021;NA;NA;NA;NA;401.192;1.150.881;0;NA;NA;NA;0;73.260;1.224.141;NA;NA%;NA%;32,77%;NA%;2,31%
COOPERATIVA DE CRÉDITO DE LIVRE ADMISSÃO DE ASSOCIADOS DO ALTO URUGUAI CATARINENSE - SICOOB CREDIAUC;78840071;b3S;S5;I;2;CONCORDIA;SC;09/2021;NA;NA;NA;NA;194.922;1.177.095;0;NA;NA;NA;0;40.279;1.217.374;NA;NA%;NA%;16,01%;NA%;8,70%
COOPERATIVA DE CRÉDITO SICOOB OURO VERDE;5582619;b3S;S5;I;2;LONDRINA;PR;09/2021;NA;NA;NA;NA;140.180;1.140.255;0;NA;NA;NA;0;68.004;1.208.259;NA;NA%;NA%;11,60%;NA%;15,87%
COOPERATIVA DE CRÉDITO, POUPANÇA E INVESTIMENTO RAÍZES - SICREDI RAÍZES RS/SC/MG;88099247;b3S;S4;I;2;CAMPO NOVO;RS;09/2021;283.508;0;283.508;0;283.508;1.142.018;0;0;400;0;400;53.818;1.196.235;1.734.281;23,70%;23,70%;23,70%;16,35%;4,65%
BCO CARGILL S.A. - PRUDENCIAL;1000081414;b1;S4;I;3;SAO PAULO;SP;09/2021;675.306;0;675.306;0;675.306;975.896;17.309;0;565;0;17.875;190.665;1.184.436;1.713.766;57,01%;57,01%;57,01%;39,40%;0,00%
COOPERATIVA DE CRÉDITO, POUPANÇA E INVESTIMENTO NOROESTE RS - SICREDI NOROESTE RS;89049738;b3S;S4;I;2;TRES DE MAIO;RS;09/2021;328.675;0;328.675;0;328.675;1.122.849;0;0;366;0;366;53.373;1.176.587;1.835.160;27,93%;27,93%;27,93%;17,91%;11,73%
COOPERATIVA DE CRÉDITO INTEGRAÇÃO ROTA DAS TERRAS - SICREDI INTEGRAÇÃO ROTA DAS TERRAS RS/MG;87510475;b3S;S4;I;2;TAPERA;RS;09/2021;252.075;0;252.075;0;252.075;1.120.643;0;0;249;0;249;39.783;1.160.675;1.602.465;21,72%;21,72%;21,72%;15,73%;6,55%
COOPERATIVA DE CRÉDITO, POUPANÇA E INVESTIMENTO DO PLANALTO CENTRAL - SICREDI PLANALTO CENTRAL;10736214;b3S;S4;I;2;CRISTALINA;GO;09/2021;186.136;0;186.136;0;186.136;1.089.895;1.568;0;612;0;2.180;40.564;1.132.640;2.016.762;16,43%;16,43%;16,43%;9,23%;13,87%
COOPERATIVA DE CRÉDITO DO VALE DO ITAJAÍ E LITORAL CATARINENSE - SICREDI VALE LITORAL SC;10348181;b3S;S4;I;2;ITAPEMA;SC;09/2021;187.262;0;187.262;0;187.262;1.061.141;0;0;369;0;369;66.527;1.128.037;1.760.979;16,60%;16,60%;16,60%;10,63%;12,78%
BANCO RIBEIRÃO PRETO - PRUDENCIAL;1000084349;b1;S4;I;2;RIBEIRAO PRETO;SP;09/2021;183.186;0;183.186;0;183.186;777.599;0;0;224.390;0;224.390;113.900;1.115.889;1.255.518;16,42%;16,42%;16,42%;14,59%;5,73%
COOPERATIVA DE CRÉDITO UNICRED UNIÃO LTDA - UNICRED UNIÃO;74114042;b3S;S5;I;2;ITAJAI;SC;09/2021;NA;NA;NA;NA;187.716;1.058.455;0;NA;NA;NA;0;38.514;1.096.969;NA;NA%;NA%;17,11%;NA%;4,28%
COOPERATIVA DE CRÉDITO, POUPANÇA E INVESTIMENTO DO NORTE E NORDESTE DE SANTA CATARINA - SICREDI NORTE SC;2843443;b3S;S4;I;2;JOINVILLE;SC;09/2021;202.655;0;202.655;6.098;208.753;1.032.293;0;0;514;0;514;61.387;1.094.193;1.798.488;18,52%;18,52%;19,08%;11,27%;8,36%
COOPERATIVA DE CRÉDITO, POUPANÇA E INVESTIMENTO SUL RIOGRANDENSE - SICREDI UNIÃO METROPOLITANA RS;92796564;b3S;S4;I;2;PORTO ALEGRE;RS;09/2021;149.945;0;149.945;11.750;161.695;985.964;0;0;623;0;623;81.083;1.067.669;1.870.031;14,04%;14,04%;15,14%;8,02%;7,92%
COOPERATIVA DE CREDITO, POUPANÇA E INVESTIMENTO PARQUE DAS ARAUCARIAS - SICREDI PARQUE DAS ARAUCARIAS PR/SC/SP;82065285;b3S;S4;I;2;MARIOPOLIS;PR;09/2021;177.525;0;177.525;0;177.525;1.006.758;0;0;510;0;510;56.927;1.064.195;1.835.642;16,68%;16,68%;16,68%;9,67%;10,90%
COOPERATIVA DE ECONOMIA E CREDITO MUTUO DOS MEDICOS DE PORTO ALEGRE LTDA-UNICRED PORTO ALEGRE;94433109;b3S;S5;I;2;PORTO ALEGRE;RS;09/2021;NA;NA;NA;NA;209.477;996.221;0;NA;NA;NA;0;40.469;1.036.691;NA;NA%;NA%;20,21%;NA%;3,01%
ZEMA CFI - PRUDENCIAL;1000083584;n1;S4;C;2;ARAXA;MG;09/2021;223.380;0;223.380;0;223.380;468.351;0;0;0;0;0;566.007;1.034.358;NA;21,60%;21,60%;21,60%;NA%;0,67%
COOPERATIVA DE CREDITO CENTRO-SERRANA DO ESPIRITO SANTO - SICOOB CENTRO-SERRANO;31804966;b3S;S5;I;2;SANTA MARIA DE JETIBA;ES;09/2021;NA;NA;NA;NA;238.357;969.721;0;NA;NA;NA;0;55.022;1.024.743;NA;NA%;NA%;23,26%;NA%;4,52%
COOPERATIVA DE CRÉDITO DE LIVRE ADMISSÃO DO CENTRO NORTE GOIANO;2282709;b3S;S5;I;2;ANAPOLIS;GO;09/2021;NA;NA;NA;NA;204.314;975.729;0;NA;NA;NA;0;38.451;1.014.181;NA;NA%;NA%;20,15%;NA%;8,88%
GENIAL - PRUDENCIAL;1000080941;b1;S4;C;2;RIO DE JANEIRO;RJ;09/2021;188.553;0;188.553;0;188.553;395.418;5.989;0;44.369;72.483;122.841;494.532;1.012.791;2.327.834;18,62%;18,62%;18,62%;8,10%;25,27%
COOPERATIVA DE CRÉDITO AGROCREDI LTDA. - SICOOB AGROCREDI;42873828;b3S;S4;I;2;GUAXUPE;MG;09/2021;306.237;0;306.237;0;306.237;802.739;0;0;0;0;0;201.617;1.004.356;1.728.058;30,49%;30,49%;30,49%;17,72%;4,74%
COOPERATIVA DE CRÉDITO POUPANÇA E INVESTIMENTO PANTANAL DO MATO GROSSO DO SUL - SICREDI PANTANAL MS;26408187;b3S;S4;I;2;MARACAJU;MS;09/2021;214.377;0;214.377;0;214.377;966.888;0;0;297;0;297;27.571;994.756;1.327.122;21,55%;21,55%;21,55%;16,15%;5,60%
LEASEPLAN AM S.A. - PRUDENCIAL;1000082963;n1;S4;I;3;BARUERI;SP;09/2021;211.192;0;211.192;0;211.192;826.829;0;0;0;0;0;162.370;989.199;NA;21,35%;21,35%;21,35%;NA%;0,32%
COOPERATIVA CENTRAL DE CRÉDITO UNICRED CONEXÃO LTDA - UNICRED CENTRAL CONEXÃO;543968;b3C;S4;I;2;FLORIANOPOLIS;SC;09/2021;143.986;0;143.986;0;143.986;937.331;2.434;43;27.259;2.270;32.006;8.953;978.290;2.718.569;14,72%;14,72%;14,72%;5,30%;2,23%
COOPERATIVA CENTRAL DE CRÉDITO - AILOS;5463212;b3C;S4;I;2;BLUMENAU;SC;09/2021;360.987;0;360.987;0;360.987;912.249;5.580;4.560;47.195;4.053;61.387;2.772;976.408;6.001.843;36,97%;36,97%;36,97%;6,01%;11,18%
COOPERATIVA DE CRÉDITO, POUPANÇA E INVESTIMENTO DE ESPUMOSO - SICREDI ESPUMOSO RS/MG;87900411;b3S;S4;I;2;ESPUMOSO;RS;09/2021;244.290;0;244.290;0;244.290;929.298;0;0;194;0;194;37.824;967.316;1.273.022;25,25%;25,25%;25,25%;19,19%;6,07%
COOPERATIVA DE CRÉDITO DE LIVRE ADMISSÃO DE ASSOCIADOS AURIVERDE -  SICOOB - CREDIAL SC/RS;78858107;b3S;S5;I;2;CUNHA PORA;SC;09/2021;NA;NA;NA;NA;189.316;932.604;0;NA;NA;NA;0;23.318;955.922;NA;NA%;NA%;19,80%;NA%;7,83%
COOPERATIVA DE CRÉDITO, POUPANÇA E INVESTIMENTO INTEGRAÇÃO DO SUL DE MATO GROSSO, AMAPÁ E PARÁ - SICREDI INTEGRAÇÃO MT/AP/PA;26549311;b3S;S4;I;2;RONDONOPOLIS;MT;09/2021;192.660;0;192.660;0;192.660;897.919;0;0;515;0;515;56.801;955.235;1.615.338;20,17%;20,17%;20,17%;11,93%;13,40%
COOPERATIVA DE CRÉDITO, POUPANÇA E INVESTIMENTO DO VALE DO RIO PARDO - SICREDI VALE DO RIO PARDO RS;95424891;b3S;S4;I;2;SANTA CRUZ DO SUL;RS;09/2021;194.933;0;194.933;0;194.933;897.164;0;0;233;0;233;57.045;954.441;1.341.870;20,42%;20,42%;20,42%;14,53%;11,96%
BCO ABN AMRO S.A. - PRUDENCIAL;1000081579;b1;S4;I;3;SAO PAULO;SP;09/2021;591.516;0;591.516;0;591.516;607.018;10.868;0;63.046;0;73.914;267.807;948.739;3.187.296;62,35%;62,35%;62,35%;18,56%;0,31%
COOPERATIVA DE CRÉDITO DE LIVRE ADMISSÃO DE ASSOCIADOS DO VALE DO CANOINHAS - SICOOB CREDICANOINHAS/SC;78834975;b3S;S5;I;2;CANOINHAS;SC;09/2021;NA;NA;NA;NA;145.939;898.356;0;NA;NA;NA;0;39.446;937.803;NA;NA%;NA%;15,56%;NA%;10,05%
COOPECREDI GUARIBA - COOPERATIVA DE CREDITO;44469161;b3S;S4;I;2;GUARIBA;SP;09/2021;370.667;0;370.667;0;370.667;846.518;0;0;0;0;0;83.246;929.765;1.557.488;39,87%;39,87%;39,87%;23,80%;3,74%
AF DO ESTADO DE SC S.A. - PRUDENCIAL;1000081074;n1;S4;C;1;FLORIANOPOLIS;SC;09/2021;509.233;0;509.233;0;509.233;721.655;0;0;0;0;0;201.077;922.732;NA;55,19%;55,19%;55,19%;NA%;0,40%
CENTRAL SICOOB UNI DE COOPERATIVAS DE CRÉDITO;4243780;b3C;S4;I;2;GOIANIA;GO;09/2021;186.558;0;186.558;0;186.558;876.344;0;0;213;0;213;43.272;919.829;5.833.595;20,28%;20,28%;20,28%;3,20%;14,00%
COOPERATIVA DE CRÉDITO DE CASCAVEL E REGIÃO - SICOOB CREDICAPITAL;4529074;b3S;S5;I;2;CASCAVEL;PR;09/2021;NA;NA;NA;NA;117.203;877.832;0;NA;NA;NA;0;39.905;917.737;NA;NA%;NA%;12,77%;NA%;15,05%
COOPERATIVA DE CRÉDITO, POUPANÇA E INVESTIMENTO SUL MINAS DO RIO GRANDE DO SUL E MINAS GERAIS - SICREDI SUL MINAS RS/MG.;87784088;b3S;S4;I;2;ESTACAO;RS;09/2021;147.139;0;147.139;3.815;150.954;887.776;0;0;135;0;135;28.792;916.704;1.219.474;16,05%;16,05%;16,47%;12,07%;10,04%
BANCO SEMEAR - PRUDENCIAL;1000081380;b1;S4;C;2;BELO HORIZONTE;MG;09/2021;116.930;0;116.930;0;116.930;770.542;13.665;0;51.164;13.638;78.467;62.946;911.956;1.058.588;12,82%;12,82%;12,82%;11,05%;1,31%
COOPERATIVA DE CRÉDITO, POUPANÇA E INVESTIMENTO CENTRO SUL - SICREDI CENTRO SUL PR/SC/RJ;78907607;b3S;S4;I;2;PRUDENTOPOLIS;PR;09/2021;154.757;0;154.757;0;154.757;847.419;0;0;324;0;324;59.758;907.501;1.448.385;17,05%;17,05%;17,05%;10,68%;16,93%
BCO GUANABARA S.A. - PRUDENCIAL;1000081672;b1;S4;C;2;RIO DE JANEIRO;RJ;09/2021;169.519;0;169.519;0;169.519;703.619;0;0;80.844;0;80.844;120.180;904.643;1.048.062;18,74%;18,74%;18,74%;16,17%;0,79%
CARUANA SCFI - PRUDENCIAL;1000083591;n1;S4;I;2;SAO PAULO;SP;09/2021;107.965;0;107.965;21.138;129.104;728.192;0;0;0;0;0;165.258;893.450;NA;12,08%;12,08%;14,45%;NA%;0,98%
COOPERATIVA DE CRÉDITO, POUPANÇA E INVESTIMENTO NOSSA TERRA - SICREDI NOSSA TERRA PR/SP;81192106;b3S;S4;I;2;CAFELANDIA;PR;09/2021;145.434;0;145.434;0;145.434;854.903;0;0;334;0;334;37.197;892.433;1.392.432;16,30%;16,30%;16,30%;10,44%;23,69%
COOPERATIVA DE CRÉDITO, POUPANÇA E INVESTIMENTO DO SUL DO ESTADO DE SANTA CATARINA - SICREDI SUL SC;3793242;b3S;S4;I;2;CRICIUMA;SC;09/2021;138.908;0;138.908;3.568;142.476;846.910;0;0;318;0;318;41.485;888.712;1.418.595;15,63%;15,63%;16,03%;9,79%;8,43%
BANCO IBM S.A. - PRUDENCIAL;1000081689;b2;S4;I;3;RIO DE JANEIRO;RJ;09/2021;439.532;0;439.532;0;439.532;666.657;754;0;0;0;754;220.696;888.106;813.060;49,49%;49,49%;49,49%;54,06%;0,00%
COOPERATIVA DE CRÉDITO SICOOB ENGECRED LTDA.;4388688;b3S;S5;I;2;GOIANIA;GO;09/2021;NA;NA;NA;NA;264.592;853.787;0;NA;NA;NA;0;32.055;885.842;NA;NA%;NA%;29,87%;NA%;1,83%
COOPERATIVA DE CREDITO DE LIVRE ADMISSÃO DE ASSOCIADOS ITAIPU SICOOB CREDITAIPU;81014060;b3S;S5;I;2;PINHALZINHO;SC;09/2021;NA;NA;NA;NA;188.988;859.294;0;NA;NA;NA;0;26.459;885.754;NA;NA%;NA%;21,34%;NA%;8,70%
COOPERATIVA DE CRÉDITO DA REGIÃO MERIDIONAL DO BRASIL - SICOOB UNICOOB MERIDIONAL;5392810;b3S;S5;I;2;TOLEDO;PR;09/2021;NA;NA;NA;NA;113.083;846.013;0;NA;NA;NA;0;33.214;879.227;NA;NA%;NA%;12,86%;NA%;9,64%
UBS - PRUDENCIAL;1000080989;b2;S4;C;3;SAO PAULO;SP;09/2021;459.165;0;459.165;0;459.165;338.457;0;0;0;2.746;2.746;530.905;872.108;1.189.179;52,65%;52,65%;52,65%;38,61%;6,50%
SICREDI EXPANSÃO - COOPERATIVA DE CRÉDITO;41180092;b3S;S5;I;2;MACEIO;AL;09/2021;NA;NA;NA;NA;203.789;832.324;0;NA;NA;NA;0;39.729;872.053;NA;NA%;NA%;23,37%;NA%;8,02%
COOPERATIVA DE CRÉDITO UNICRED CENTRO-SUL LTDA - UNICRED CENTRO-SUL;75847;b3S;S5;I;2;CRICIUMA;SC;09/2021;NA;NA;NA;NA;178.032;837.054;0;NA;NA;NA;0;30.271;867.325;NA;NA%;NA%;20,53%;NA%;3,58%
COOPERATIVA DE CRÉDITO CENTRO LESTE - SICREDI CENTRO LESTE RS;88471024;b3S;S4;I;2;CACHOEIRA DO SUL;RS;09/2021;151.196;0;151.196;0;151.196;818.046;0;0;293;0;293;35.258;853.597;1.266.210;17,71%;17,71%;17,71%;11,94%;11,73%
BCO DES. DO ES S.A. - PRUDENCIAL;1000081304;b4;S4;I;1;VITORIA;ES;09/2021;231.036;0;231.036;0;231.036;645.837;0;0;0;0;0;207.594;853.431;1.099.236;27,07%;27,07%;27,07%;21,02%;0,90%
COOPERATIVA DE CRÉDITO DE LIVRE ADMISSÃO DE ASSOCIADOS DO VALE DO VINHO - SICOOB VALE DO VINHO;81016131;b3S;S5;I;2;VIDEIRA;SC;09/2021;NA;NA;NA;NA;125.291;815.204;0;NA;NA;NA;0;34.222;849.427;NA;NA%;NA%;14,75%;NA%;12,02%
KREDILIG S.A. - CFI - PRUDENCIAL;1000083498;n1;S5;I;2;BIGUACU;SC;09/2021;NA;NA;NA;NA;170.789;802.617;0;NA;NA;NA;0;46.774;849.390;NA;NA%;NA%;20,11%;NA%;0,22%
COOPERATIVA DE CRÉDITO SICOOB VALE SUL;2466552;b3S;S5;I;2;FRANCISCO BELTRAO;PR;09/2021;NA;NA;NA;NA;105.874;810.385;0;NA;NA;NA;0;35.800;846.185;NA;NA%;NA%;12,51%;NA%;14,78%
BANCO MONEO S.A. - PRUDENCIAL;1000081500;b2;S4;I;2;CAXIAS DO SUL;RS;09/2021;226.160;0;226.160;0;226.160;747.228;0;0;7;0;7;95.752;842.986;747.185;26,83%;26,83%;26,83%;30,27%;0,46%
COOPERATIVA DE CRÉDITO CREDIVAR LTDA. - SICOOB CREDIVAR;25798596;b3S;S5;I;2;VARGINHA;MG;09/2021;NA;NA;NA;NA;147.443;801.043;0;NA;NA;NA;0;37.961;839.003;NA;NA%;NA%;17,57%;NA%;10,70%
COOPERATIVA DE CREDITO DO ALTO PARANAIBA E REGIÃO LTDA. - SICOOB CREDIPATOS;25387671;b3S;S5;I;2;PATOS DE MINAS;MG;09/2021;NA;NA;NA;NA;116.892;817.617;0;NA;NA;NA;0;21.297;838.914;NA;NA%;NA%;13,93%;NA%;9,28%
COOPERATIVA DE CRÉDITO DO NORTE CATARINENSE E SUL PARANAENSE - SICOOB CREDINORTE;81011686;b3S;S5;I;2;MAFRA;SC;09/2021;NA;NA;NA;NA;105.395;785.104;0;NA;NA;NA;0;27.485;812.589;NA;NA%;NA%;12,97%;NA%;19,05%
COOPERATIVA DE CREDITO DO CENTRO DO ESTADO DE RONDONIA - SICOOB CENTRO;8044854;b3S;S5;I;2;JI-PARANA;RO;09/2021;NA;NA;NA;NA;128.533;778.975;0;NA;NA;NA;0;32.777;811.752;NA;NA%;NA%;15,83%;NA%;9,21%
BNY MELLON - PRUDENCIAL;1000080910;b1;S4;C;3;RIO DE JANEIRO;RJ;09/2021;496.580;0;496.580;0;496.580;141.088;33.727;0;434;0;34.160;633.110;808.359;2.102.511;61,43%;61,43%;61,43%;23,62%;5,30%
COOPERATIVA DE CRÉDITO, POUPANÇA E INVESTIMENTO VALE DO JAGUARI E ZONA DA MATA - SICREDI VALE DO JAGUARI E ZONA DA MATA RS/MG;87780284;b3S;S4;I;2;SANTIAGO;RS;09/2021;259.131;0;259.131;0;259.131;762.338;0;0;167;0;167;43.360;805.866;1.186.764;32,16%;32,16%;32,16%;21,84%;4,68%
CAIXA GERAL - PRUDENCIAL;1000080927;b1;S4;C;3;SAO PAULO;SP;09/2021;301.441;0;301.441;0;301.441;563.238;58.373;0;51.543;0;109.916;131.566;804.720;1.490.161;37,46%;37,46%;37,46%;20,23%;0,50%
COOPERATIVA DE CRÉDITO, POUPANÇA E INVESTIMENTO CENTRO SERRA - SICREDI CENTRO SERRA RS;87067757;b3S;S4;I;2;AGUDO;RS;09/2021;272.901;0;272.901;0;272.901;740.241;0;0;306;0;306;58.270;798.816;1.438.284;34,16%;34,16%;34,16%;18,97%;2,21%
COOPERATIVA DE CREDITO COM INTERACAO SOLIDARIA PIONEIRA - CRESOL PIONEIRA;971300;b3S;S5;I;2;DOIS VIZINHOS;PR;09/2021;NA;NA;NA;NA;127.132;773.533;0;NA;NA;NA;0;21.469;795.002;NA;NA%;NA%;15,99%;NA%;5,22%
COOPERATIVA DE CRÉDITO DE EMPRESÁRIOS - SICOOB/TRANSCREDI;4247370;b3S;S5;I;2;CONCORDIA;SC;09/2021;NA;NA;NA;NA;149.515;761.689;0;NA;NA;NA;0;22.797;784.487;NA;NA%;NA%;19,06%;NA%;4,28%
COOPERATIVA DE CRÉDITO UNICRED DESBRAVADORA LTDA - UNICRED DESBRAVADORA;1039011;b3S;S5;I;2;CHAPECO;SC;09/2021;NA;NA;NA;NA;113.847;756.076;0;NA;NA;NA;0;27.880;783.956;NA;NA%;NA%;14,52%;NA%;11,53%
COOPERATIVA DE ECONOMIA E CRÉDITO MÚTUO UNICRED INTEGRAÇÃO LTDA.;73750424;b3S;S5;I;2;CAXIAS DO SUL;RS;09/2021;NA;NA;NA;NA;126.766;756.568;0;NA;NA;NA;0;25.723;782.291;NA;NA%;NA%;16,20%;NA%;9,09%
COOPERATIVA DE CRÉDITO NORTE DO ESPÍRITO SANTO - SICOOB NORTE;31815293;b3S;S5;I;2;SAO GABRIEL DA PALHA;ES;09/2021;NA;NA;NA;NA;239.904;731.291;0;NA;NA;NA;0;49.305;780.596;NA;NA%;NA%;30,73%;NA%;3,24%
COOPERATIVA DE CRÉDITO DE LIVRE ADMISSÃO DA ZONA DA MATA LTDA   SICOOB COOPEMATA;2335109;b3S;S5;I;2;CATAGUASES;MG;09/2021;NA;NA;NA;NA;145.683;745.851;0;NA;NA;NA;0;32.486;778.338;NA;NA%;NA%;18,72%;NA%;6,88%
COOPERATIVA DE CRÉDITO COOPERAÇÃO RS/SC - SICREDI COOPERAÇÃO RS/SC;87779625;b3S;S4;I;2;NAO-ME-TOQUE;RS;09/2021;163.788;0;163.788;0;163.788;735.108;0;0;127;0;127;40.153;775.387;1.027.477;21,12%;21,12%;21,12%;15,94%;5,22%
AF PARANÁ - PRUDENCIAL;1000081115;n1;S4;C;1;CURITIBA;PR;09/2021;393.609;0;393.609;0;393.609;476.920;0;0;0;0;0;295.408;772.327;NA;50,96%;50,96%;50,96%;NA%;0,12%
COOPERATIVA DE CREDITO, POUPANÇA E INVESTIMENTO RIO PARANA - SICREDI RIO PARANA PR/SP;81206039;b3S;S4;I;2;NOVA LONDRINA;PR;09/2021;137.654;0;137.654;0;137.654;717.941;0;0;256;0;256;46.661;764.858;1.198.058;18,00%;18,00%;18,00%;11,49%;11,52%
COOPERATIVA DE ECONOMIA E CREDITO MUTUO DOS MEDICOS E DEMAIS PROFISSIONAIS DA AREA DE SAUDE DO ESTADO DE SAO PAULO LTDA    UNICRED DO ESTADO DE SAO PAULO;71884498;b3S;S5;I;2;CAMPINAS;SP;09/2021;NA;NA;NA;NA;158.818;730.670;0;NA;NA;NA;0;29.976;760.646;NA;NA%;NA%;20,88%;NA%;1,31%
COOPERATIVA DE CRéDITO, POUPANçA E INVESTIMENTO CAMINHO DAS ÁGUAS RS - SICREDI CAMINHO DAS ÁGUAS RS;95213211;b3S;S4;I;2;ROLANTE;RS;09/2021;94.240;0;94.240;13.080;107.320;715.070;0;0;191;0;191;44.728;759.988;1.165.823;12,40%;12,40%;14,12%;8,08%;12,94%
COOPERATIVA DE CRÉDITO DE LIVRE ADMISSÃO DO MÉDIO PIRACICABA E DO CIRCUITO DO OURO LTDA. - SICOOB CREDIMEPI;1644264;b3S;S5;I;2;JOAO MONLEVADE;MG;09/2021;NA;NA;NA;NA;135.182;723.065;0;NA;NA;NA;0;27.211;750.276;NA;NA%;NA%;18,02%;NA%;11,95%
COOPERATIVA DE CRÉDITO, POUPANÇA E INVESTIMENTO DO CERRADO DE GOIÁS - SICREDI CERRADO GO;6332931;b3S;S4;I;2;GOIANIA;GO;09/2021;119.976;0;119.976;0;119.976;712.209;0;0;187;0;187;29.592;741.987;1.108.199;16,17%;16,17%;16,17%;10,83%;12,87%
COOPERATIVA DE CRÉDITO LITORÂNEA;85291086;b3S;S5;I;2;JACINTO MACHADO;SC;09/2021;NA;NA;NA;NA;141.687;705.678;0;NA;NA;NA;0;32.434;738.112;NA;NA%;NA%;19,20%;NA%;20,79%
COOPERATIVA DE CRÉDITO, POUPANÇA E INVESTIMENTO DO NORTE DO PARANÁ E SUL DE SÃO PAULO - SICREDI NORTE SUL PR/SP;79063574;b3S;S4;I;2;SANTO ANTONIO DA PLATINA;PR;09/2021;118.770;0;118.770;0;118.770;691.465;0;0;348;0;348;44.249;736.062;1.215.083;16,14%;16,14%;16,14%;9,77%;15,32%
COOPERATIVA DE CRÉDITO DE LIVRE ADMISSÃO DO ALTO VALE DO ITAJAÍ - VIACREDI ALTO VALE;16779741;b3S;S5;I;2;IBIRAMA;SC;09/2021;NA;NA;NA;NA;135.428;690.903;0;NA;NA;NA;0;40.080;730.983;NA;NA%;NA%;18,53%;NA%;5,36%
COOPERATIVA DE CRÉDITO SUL - SICOOB SUL;5888589;b3S;S5;I;2;CURITIBA;PR;09/2021;NA;NA;NA;NA;115.673;674.302;0;NA;NA;NA;0;44.321;718.624;NA;NA%;NA%;16,10%;NA%;5,09%
DESENBAHIA AG FOMENTO BAHIA SA - PRUDENCIAL;1000081067;n1;S4;I;1;SALVADOR;BA;09/2021;344.967;0;344.967;0;344.967;519.257;0;0;0;0;0;197.908;717.165;NA;48,10%;48,10%;48,10%;NA%;10,32%
COOPERATIVA DE CRÉDITO DOS PROPRIETÁRIOS DA INDÚSTRIA DE ROCHAS ORNAMENTAIS, CAL E CALCÁRIOS DO ESTADO DO ESPÍRITO SANTO - SICOOB CREDIROCHAS;3358914;b3S;S5;I;2;CACHOEIRO DE ITAPEMIRIM;ES;09/2021;NA;NA;NA;NA;147.817;675.307;0;NA;NA;NA;0;38.787;714.094;NA;NA%;NA%;20,70%;NA%;5,94%
COOPERATIVA DE CRÉDITO, POUPANÇA E INVESTIMENTO PARANAPANEMA PR/SP - SICREDI PARANAPANEMA PR/SP;79086997;b3S;S4;I;2;CAMBARA;PR;09/2021;93.320;0;93.320;5.001;98.321;670.474;0;0;99;0;99;41.394;711.968;1.152.549;13,11%;13,11%;13,81%;8,10%;13,65%
COOPERATIVA DE CRÉDITO, POUPANÇA E INVESTIMENTO GRANDES LAGOS DO PARANÁ E LITORAL PAULISTA - SICREDI GRANDES LAGOS PR/SP;81115149;b3S;S4;I;2;LARANJEIRAS DO SUL;PR;09/2021;121.919;0;121.919;0;121.919;672.999;0;0;207;0;207;38.368;711.573;1.074.085;17,13%;17,13%;17,13%;11,35%;12,25%
COOPERATIVA DE CRÉDITO DOS MÉDICOS, PROFISSIONAIS DA SAÚDE E EMPRESÁRIOS DE MATO GROSSO;36900256;b3S;S5;I;2;CUIABA;MT;09/2021;NA;NA;NA;NA;197.342;672.778;0;NA;NA;NA;0;34.373;707.150;NA;NA%;NA%;27,91%;NA%;4,38%
BANCO BARI DE INVESTIMENTO E FINANCI. - PRUDENCIAL;1000080893;b1;S4;C;2;CURITIBA;PR;09/2021;109.930;0;109.930;0;109.930;665.892;0;0;0;0;0;38.460;704.351;1.284.172;15,61%;15,61%;15,61%;8,56%;9,01%
COOPERATIVA DE CRÉDITO DE LIVRE ADMISSÃO DO PONTAL DO TRIANGULO LTDA - SICOOB CREDIPONTAL;26178533;b3S;S5;I;2;ITUIUTABA;MG;09/2021;NA;NA;NA;NA;108.345;683.280;0;NA;NA;NA;0;20.683;703.963;NA;NA%;NA%;15,39%;NA%;1,38%
COOPERATIVA DE CREDITO CREDICERIPA - SICOOB CREDICERIPA;966246;b3S;S4;I;2;ITAI;SP;09/2021;93.888;0;93.888;0;93.888;582.486;0;0;0;0;0;110.276;692.763;977.216;13,55%;13,55%;13,55%;9,61%;15,00%
COOPERATIVA DE CRÉDITO DE LIVRE ADMISSÃO DA REGIÃO METROPOLITANA DE GOIÂNIA LTDA.;7599206;b3S;S5;I;2;GOIANIA;GO;09/2021;NA;NA;NA;NA;163.156;660.008;0;NA;NA;NA;0;28.618;688.627;NA;NA%;NA%;23,69%;NA%;4,56%
CONFIDENCE - PRUDENCIAL;1000080783;b2;S4;C;2;SAO PAULO;SP;09/2021;92.149;0;92.149;0;92.149;89.660;87.539;0;19.593;0;107.132;491.097;687.889;849.300;13,40%;13,40%;13,40%;10,85%;9,50%
MS BANK S.A. BCO CÂMBIO - PRUDENCIAL;1000081294;b2;S4;I;2;CURITIBA;PR;09/2021;28.554;0;28.554;0;28.554;13.778;492.941;0;1.033;0;493.974;172.123;679.876;732.709;4,20%;4,20%;4,20%;3,90%;2,40%
COOPERATIVA DE CRÉDITO, POUPANÇA E INVESTIMENTO TERRA DOS PINHEIRAIS DO PARANÁ E NOROESTE PAULISTA - SICREDI PLANALTO DAS ÁGUAS PR/SP;77984870;b3S;S4;I;2;GUARAPUAVA;PR;09/2021;136.525;0;136.525;0;136.525;637.481;0;0;221;0;221;37.890;675.592;997.331;20,21%;20,21%;20,21%;13,69%;11,85%
COOPERATIVA DE CRÉDITO CREDIGUAÇU - SICOOB CREDIGUAÇU;67960229;b3S;S4;I;2;DESCALVADO;SP;09/2021;129.572;0;129.572;0;129.572;547.910;0;0;0;0;0;124.357;672.266;911.578;19,27%;19,27%;19,27%;14,21%;16,91%
COOPERATIVA DE CRÉDITO DE LIVRE ADMISSÃO DE ASSOCIADOS OESTE CATARINENSE;78825023;b3S;S5;I;2;PALMITOS;SC;09/2021;NA;NA;NA;NA;117.767;644.732;0;NA;NA;NA;0;22.709;667.441;NA;NA%;NA%;17,64%;NA%;14,89%
COOPERATIVA DE CRÉDITO COCRE;54401286;b3S;S4;I;2;PIRACICABA;SP;09/2021;119.658;0;119.658;0;119.658;551.690;139;21;1.244;18;1.422;111.091;664.204;1.183.022;18,02%;18,02%;18,02%;10,11%;5,52%
COOPERATIVA DE CRÉDITO, POUPANÇA E INVESTIMENTO NOVOS HORIZONTES - SICREDI NOVOS HORIZONTES PR/SP;7206072;b3S;S4;I;2;ARAPOTI;PR;09/2021;104.805;0;104.805;0;104.805;636.963;0;0;348;0;348;26.797;664.108;1.225.458;15,78%;15,78%;15,78%;8,55%;16,74%
COOPERATIVA DE CRÉDITO DE LIVRE ADMISSÃO DE ASSOCIADOS SUL CATARINENSE - SICOOB CREDISULCA SC;81367880;b3S;S5;I;2;TURVO;SC;09/2021;NA;NA;NA;NA;176.562;630.305;0;NA;NA;NA;0;32.325;662.631;NA;NA%;NA%;26,65%;NA%;5,46%
OURINVEST - PRUDENCIAL;1000081012;b1;S4;I;2;SAO PAULO;SP;09/2021;136.256;0;136.256;0;136.256;154.886;17.891;0;29.732;534;48.157;448.730;651.773;1.276.851;20,91%;20,91%;20,91%;10,67%;1,34%
COOPERATIVA DE CRÉDITO DOS EMPRESÁRIOS E EMPREGADOS DOS TRANSPORTES E CORREIOS DO SUL DO BRASIL - TRANSPOCRED;8075352;b3S;S5;I;2;FLORIANOPOLIS;SC;09/2021;NA;NA;NA;NA;111.388;624.912;0;NA;NA;NA;0;25.344;650.256;NA;NA%;NA%;17,13%;NA%;4,89%
COOPERATIVA DE CRÉDITO, POUPANÇA E INVESTIMENTO VALOR SUSTENTÁVEL - SICREDI VALOR SUSTENTÁVEL PR/SP;81706616;b3S;S4;I;2;JANDAIA DO SUL;PR;09/2021;70.980;0;70.980;0;70.980;622.148;0;0;0;0;0;25.309;647.457;887.512;10,96%;10,96%;10,96%;8,00%;17,93%
COOPERATIVA DE CRÉDITO DE LIVRE ADMISSÃO DO ALTO PARANAÍBA, NOROESTE E OESTE DE MINAS LTDA - UNICRED INTEGRAÇÃO DE MINAS;1727929;b3S;S5;I;2;PATOS DE MINAS;MG;09/2021;NA;NA;NA;NA;102.089;611.553;0;NA;NA;NA;0;25.926;637.479;NA;NA%;NA%;16,01%;NA%;5,22%
COOPERATIVA DE CRÉDITO DE LIVRE ADMISSÃO DO MÉDIO LESTE DE MATO GROSSO - SICOOB PRIMAVERA MT;5241619;b3S;S5;I;2;PRIMAVERA DO LESTE;MT;09/2021;NA;NA;NA;NA;90.974;618.530;0;NA;NA;NA;0;15.409;633.939;NA;NA%;NA%;14,35%;NA%;7,85%
CREDIARE CFI - PRUDENCIAL;1000085427;n1;S4;C;2;FARROUPILHA;RS;09/2021;156.005;0;156.005;0;156.005;525.361;444;0;0;0;444;105.289;631.094;NA;24,72%;24,72%;24,72%;NA%;1,29%
COOPERATIVA DE CRÉDITO DA AMAZÔNIA - SICOOB AMAZÔNIA;5203605;b3S;S5;I;2;BURITIS;RO;09/2021;NA;NA;NA;NA;145.384;591.515;0;NA;NA;NA;0;32.998;624.514;NA;NA%;NA%;23,28%;NA%;13,35%
COOPERATIVA DE CRÉDITO UNICRED VALE EUROPEU SANTA CATARINA LTDA - UNICRED VALE EUROPEU;73443863;b3S;S5;I;2;BLUMENAU;SC;09/2021;NA;NA;NA;NA;97.093;599.056;0;NA;NA;NA;0;23.454;622.509;NA;NA%;NA%;15,60%;NA%;8,30%
ICBC DO BRASIL BM S.A. - PRUDENCIAL;1000081830;b1;S4;I;3;SAO PAULO;SP;09/2021;163.491;0;163.491;0;163.491;498.631;28.127;0;0;0;28.127;93.747;620.506;1.138.508;26,35%;26,35%;26,35%;14,36%;0,45%
COOPERATIVA DE CREDITO DE LIVRE ADMISSÃO DO SUL DE MINAS LTDA - SICOOB CREDIVASS;1604998;b3S;S5;I;2;SAO GONCALO DO SAPUCAI;MG;09/2021;NA;NA;NA;NA;108.214;576.454;0;NA;NA;NA;0;34.841;611.295;NA;NA%;NA%;17,70%;NA%;16,53%
HS FINANCEIRA - PRUDENCIAL;1000083522;n1;S4;C;2;DOIS IRMAOS;RS;09/2021;193.869;0;193.869;0;193.869;226.888;0;0;0;0;0;378.978;605.866;NA;32,00%;32,00%;32,00%;NA%;0,50%
COOPERATIVA DE CRÉDITO CREDILIVRE LTDA. - SICOOB CREDILIVRE;41697103;b3S;S5;I;2;MANHUACU;MG;09/2021;NA;NA;NA;NA;121.429;563.582;0;NA;NA;NA;0;32.462;596.044;NA;NA%;NA%;20,37%;NA%;16,90%
CENTRAL DAS COOPERATIVAS DE CREDITO UNICOOB - SICOOB CENTRAL UNICOOB;5036532;b3C;S4;I;2;MARINGA;PR;09/2021;97.093;0;97.093;0;97.093;517.128;27;22;7.668;20;7.737;67.018;591.883;2.581.105;16,40%;16,40%;16,40%;3,76%;27,04%
BANCO TOPÁZIO S.A. - PRUDENCIAL;1000081517;b1;S4;I;3;PORTO ALEGRE;RS;09/2021;127.898;0;127.898;0;127.898;173.294;29.655;0;0;0;29.655;377.317;580.266;1.554.567;22,04%;22,04%;22,04%;8,23%;3,19%
COOPERATIVA DE CRÉDITO DE LIVRE ADMISSÃO DO VALE - SICOOB CREDIVALE/SC;86829827;b3S;S5;I;2;BRACO DO NORTE;SC;09/2021;NA;NA;NA;NA;81.637;558.243;0;NA;NA;NA;0;19.370;577.613;NA;NA%;NA%;14,13%;NA%;23,03%
GUIDE INVESTIMENTOS - PRUDENCIAL;1000084837;n2;S4;C;3;SAO PAULO;SP;09/2021;36.102;0;36.102;0;36.102;81.545;0;0;7.039;245;7.284;484.888;573.717;NA;6,29%;6,29%;6,29%;NA%;55,85%
COOPERATIVA DE CRÉDITO COM INTERAÇÃO SOLIDÁRIA DO VALE EUROPEU - CRESOL VALE EUROPEU;7512780;b3S;S5;I;2;AGUAS MORNAS;SC;09/2021;NA;NA;NA;NA;110.202;550.845;0;NA;NA;NA;0;21.108;571.953;NA;NA%;NA%;19,27%;NA%;12,34%
BRK S.A. CFI - PRUDENCIAL;1000083601;n1;S4;I;2;SAO PAULO;SP;09/2021;-7.722;3.199;-4.523;10.526;6.003;541.242;0;0;1.471;0;1.471;26.186;568.899;NA;-1,36%;-0,80%;1,06%;NA%;11,01%
COOPERATIVA DE CRÉDITO DE LIVRE ADMISSÃO DA REGIÃO DO CIRCUITO CAMPOS DAS VERTENTES LTDA - SICOOB COPERMEC;2232383;b3S;S5;I;2;CLAUDIO;MG;09/2021;NA;NA;NA;NA;109.726;544.838;0;NA;NA;NA;0;22.445;567.283;NA;NA%;NA%;19,34%;NA%;15,72%
SICREDI CEARÁ CENTRO NORTE - COOPERATIVA DE CRÉDITO DA REGIÃO CENTRO NORTE DO CEARÁ;72257793;b3S;S5;I;2;FORTALEZA;CE;09/2021;NA;NA;NA;NA;137.758;528.007;0;NA;NA;NA;0;31.736;559.743;NA;NA%;NA%;24,61%;NA%;6,36%
BMP SCMEPP LTDA - PRUDENCIAL;1000083292;n1;S5;C;2;SAO PAULO;SP;09/2021;NA;NA;NA;NA;76.773;506.743;0;NA;NA;NA;0;50.674;557.417;NA;NA%;NA%;13,77%;NA%;0,84%
CENTRAL DE COOPERATIVAS DE ECONOMIA E CRÉDITO MÚTUO DO ESTADO DO RIO GRANDE DO SUL LTDA - UNICRED CENTRAL RS;1634601;b3C;S4;I;2;PORTO ALEGRE;RS;09/2021;120.379;0;120.379;0;120.379;530.806;895;16;14.025;836;15.773;7.248;553.827;1.636.176;21,74%;21,74%;21,74%;7,36%;6,82%
COOPERATIVA DE CRÉDITO, POUPANÇA E INVESTIMENTO DA REGIÃO CENTRO OESTE PAULISTA - SICREDI CENTRO OESTE PAULISTA;4463602;b3S;S4;I;2;MARILIA;SP;09/2021;93.851;0;93.851;0;93.851;510.752;0;0;221;0;221;34.329;545.302;905.591;17,21%;17,21%;17,21%;10,36%;15,98%
COOPERATIVA DE CRÉDITO DE LIVRE ADMISSÃO DO OESTE MINEIRO LTDA. - SICOOB CREDICOPA;71297899;b3S;S5;I;2;PATOS DE MINAS;MG;09/2021;NA;NA;NA;NA;129.739;525.189;0;NA;NA;NA;0;18.643;543.832;NA;NA%;NA%;23,86%;NA%;18,71%
COOPERATIVA DE CRÉDITO DE LIVRE ADMISSÃO DO CENTRO NORTE DOS ESTADOS DE MATO GROSSO E MATO GROSSO DO SUL - SICOOB UNIÃO MT/MS;3326437;b3S;S5;I;2;CUIABA;MT;09/2021;NA;NA;NA;NA;66.486;516.289;0;NA;NA;NA;0;26.745;543.034;NA;NA%;NA%;12,24%;NA%;11,01%
COOPERATIVA DE CRÉDITO DE LIVRE ADMISSÃO DA REGIÃO CENTRAL E OESTE MINEIRO LTDA. - SICOOB DIVICRED;1736516;b3S;S5;I;2;DIVINOPOLIS;MG;09/2021;NA;NA;NA;NA;93.528;512.863;0;NA;NA;NA;0;24.409;537.272;NA;NA%;NA%;17,41%;NA%;10,60%
COOPERATIVA CENTRAL DE CRÉDITO, POUPANÇA E INVESTIMENTO DO SUL E SUDESTE - CENTRAL SICREDI SUL/SUDESTE;87437687;b3C;S3;I;2;PORTO ALEGRE;RS;09/2021;241.127;0;241.127;0;241.127;532.076;0;0;0;0;0;0;532.076;9.877.695;45,32%;45,32%;45,32%;2,44%;2,03%
BEXS - PRUDENCIAL;1000080862;b2;S4;C;2;SAO PAULO;SP;09/2021;105.865;0;105.865;0;105.865;58.444;21.005;0;5.173;0;26.178;439.790;524.411;513.185;20,19%;20,19%;20,19%;20,63%;4,41%
COOPERATIVA DE CRÉDITO ALTO VALE DO ITAJAÍ - SICOOB ALTO VALE;80959612;b3S;S5;I;2;RIO DO SUL;SC;09/2021;NA;NA;NA;NA;74.821;503.927;0;NA;NA;NA;0;19.615;523.542;NA;NA%;NA%;14,29%;NA%;8,18%
COOPERATIVA DE CREDITO RURAL DE PRIMAVERA DO LESTE;26563270;b3S;S5;I;2;PRIMAVERA DO LESTE;MT;09/2021;NA;NA;NA;NA;115.209;511.441;0;NA;NA;NA;0;11.515;522.956;NA;NA%;NA%;22,03%;NA%;53,31%
COOPERATIVA DE CRÉDITO DA FRONTEIRA SUL - SICREDI FRONTEIRA SUL RS;88530142;b3S;S4;I;2;BAGE;RS;09/2021;146.377;0;146.377;0;146.377;497.379;0;0;174;0;174;22.054;519.607;869.163;28,17%;28,17%;28,17%;16,84%;5,93%
COOPERATIVA DE CRÉDITO COM INTERAÇÃO SOLIDÁRIA FRONTEIRAS PR/SC/SP/ES - CRESOL FRONTEIRAS PR/SC/SP/ES;5276770;b3S;S5;I;2;REALEZA;PR;09/2021;NA;NA;NA;NA;90.632;500.694;0;NA;NA;NA;0;16.620;517.314;NA;NA%;NA%;17,52%;NA%;9,08%
COOPERATIVA DE CRÉDITO - SICREDI RIO GRANDE DO NORTE;70038237;b3S;S5;I;2;NATAL;RN;09/2021;NA;NA;NA;NA;117.260;494.592;0;NA;NA;NA;0;20.075;514.667;NA;NA%;NA%;22,78%;NA%;10,56%
SICOOB UNIMAIS MANTIQUEIRA - COOPERATIVA DE CRÉDITO DE LIVRE ADMISSÃO;71698674;b3S;S5;I;2;TAUBATE;SP;09/2021;NA;NA;NA;NA;75.667;486.162;0;NA;NA;NA;0;26.785;512.948;NA;NA%;NA%;14,75%;NA%;11,64%
COOPERATIVA DE CRÉDITO DO NORTE E NOROESTE DE MINAS GERAIS LTDA. - SICOOB CREDIGERAIS;698609;b3S;S5;I;2;PARACATU;MG;09/2021;NA;NA;NA;NA;133.893;488.054;0;NA;NA;NA;0;24.363;512.417;NA;NA%;NA%;26,13%;NA%;6,90%
COOPERATIVA DE CRÉDITO DE LIVRE ADMISSÃO DE ASSOCIADOS DO PLANALTO CATARINENSE SICOOB CREDIPLANALTO SC/RS;1389651;b3S;S5;I;2;PAPANDUVA;SC;09/2021;NA;NA;NA;NA;83.755;491.604;0;NA;NA;NA;0;20.163;511.767;NA;NA%;NA%;16,37%;NA%;11,96%
COOPERATIVA DE CRÉDITO CREDICOCAPEC;67096909;b3S;S4;I;2;FRANCA;SP;09/2021;133.188;0;133.188;0;133.188;444.836;0;0;0;0;0;66.437;511.273;649.308;26,05%;26,05%;26,05%;20,51%;2,94%
COOPERATIVA CENTRAL DE CRÉDITO DO NORTE DO BRASIL - SICOOB NORTE;3502131;b3C;S4;I;2;PORTO VELHO;RO;09/2021;95.033;0;95.033;0;95.033;456.601;0;0;26.673;0;26.673;24.888;508.162;2.204.758;18,70%;18,70%;18,70%;4,31%;2,50%
CREDISIS CREDIARI - COOPERATIVA DE CRÉDITO LTDA.;3222753;b3S;S5;I;2;ARIQUEMES;RO;09/2021;NA;NA;NA;NA;262.560;470.097;0;NA;NA;NA;0;25.765;495.861;NA;NA%;NA%;52,95%;NA%;5,04%
COOPERATIVA DE CRÉDITO DE LIVRE ADMISSÃO DA UNIÃO DOS VALES DO PIRANGA E MATIPÓ LTDA.   SICOOB UNIÃO;1060307;b3S;S5;I;2;RAUL SOARES;MG;09/2021;NA;NA;NA;NA;76.782;468.106;0;NA;NA;NA;0;23.383;491.489;NA;NA%;NA%;15,62%;NA%;25,85%
STONE SOCIEDADE DE CRÉDITO DIRETO S.A.;34590184;n1;S5;I;2;SAO PAULO;SP;09/2021;NA;NA;NA;NA;488.225;484.393;0;NA;NA;NA;0;3.076;487.469;NA;NA%;NA%;100,15%;NA%;0,00%
COOPERATIVA DE CRÉDITO COOPACREDI LTDA. - SICOOB COOPACREDI;65229254;b3S;S5;I;2;PATROCINIO;MG;09/2021;NA;NA;NA;NA;101.016;464.335;0;NA;NA;NA;0;17.135;481.470;NA;NA%;NA%;20,98%;NA%;26,13%
BANCO KOMATSU DO BRASIL - PRUDENCIAL;1000084576;b2;S4;I;3;SAO PAULO;SP;09/2021;115.860;0;115.860;0;115.860;450.650;0;0;0;0;0;30.756;481.406;501.768;24,07%;24,07%;24,07%;23,09%;0,52%
COOPERATIVA DE CRÉDITO DE LIVRE ADMISSÃO DO LESTE DE MINAS LTDA. - SICOOB CREDICAF;25395435;b3S;S5;I;2;LAJINHA;MG;09/2021;NA;NA;NA;NA;80.185;458.749;0;NA;NA;NA;0;20.456;479.205;NA;NA%;NA%;16,73%;NA%;9,89%
COOPERATIVA DE CRÉDITO COM INTERAÇÃO SOLIDÁRIA TRADIÇÃO - CRESOL TRADIÇÃO;4350225;b3S;S5;I;2;FRANCISCO BELTRAO;PR;09/2021;NA;NA;NA;NA;89.840;466.203;0;NA;NA;NA;0;11.466;477.668;NA;NA%;NA%;18,81%;NA%;8,15%
COOPERATIVA DE CRÉDITO, POUPANÇA E INVESTIMENTO INTEGRAÇÃO - SICREDI INTEGRAÇÃO PR/SC;81054686;b3S;S4;I;2;LAPA;PR;09/2021;95.989;0;95.989;0;95.989;426.046;0;0;321;0;321;48.790;475.157;991.091;20,20%;20,20%;20,20%;9,69%;7,63%
ATIVA S.A. CTCV - PRUDENCIAL;1000082547;n2;S4;I;2;RIO DE JANEIRO;RJ;09/2021;66.511;0;66.511;0;66.511;135.883;0;0;136.173;0;136.173;201.745;473.801;NA;14,04%;14,04%;14,04%;NA%;18,12%
COMMERZBANK BRASIL - PRUDENCIAL;1000084583;b1;S4;I;3;SAO PAULO;SP;09/2021;109.448;0;109.448;0;109.448;343.441;7.666;0;34.043;0;41.709;87.905;473.056;773.941;23,14%;23,14%;23,14%;14,14%;4,38%
COOPERATIVA DE CREDITO CREDISUDESTE LTDA. - SICOOB CREDISUDESTE;22656789;b3S;S5;I;2;MURIAE;MG;09/2021;NA;NA;NA;NA;61.267;441.794;0;NA;NA;NA;0;28.343;470.138;NA;NA%;NA%;13,03%;NA%;23,66%
VIC DTVM S/A - PRUDENCIAL;1000084002;n2;S4;I;2;RIO DE JANEIRO;RJ;09/2021;135.040;0;135.040;0;135.040;11.457;0;0;0;441.447;441.447;15.445;468.349;NA;28,83%;28,83%;28,83%;NA%;0,16%
BCO TRICURY S.A. - PRUDENCIAL;1000081696;b2;S4;I;2;SAO PAULO;SP;09/2021;249.174;0;249.174;0;249.174;386.296;0;0;0;0;0;81.708;468.004;674.849;53,24%;53,24%;53,24%;36,92%;5,86%
AGENCIA FOMENTO EST RJ S.A. - PRUDENCIAL;1000081139;n1;S4;C;1;RIO DE JANEIRO;RJ;09/2021;442.892;0;442.892;0;442.892;362.498;0;0;0;0;0;104.127;466.625;NA;94,91%;94,91%;94,91%;NA%;0,54%
AGORACRED S/A SCFI - PRUDENCIAL;1000083618;n1;S4;I;2;VITORIA;ES;09/2021;58.368;0;58.368;0;58.368;189.721;0;0;0;0;0;272.194;461.915;NA;12,64%;12,64%;12,64%;NA%;7,55%
COOPERATIVA DE CRÉDITO DE LIVRE ADMISSÃO DE ASSOCIADOS - SICOOB CREDICARU SC/RS;694389;b3S;S5;I;2;SAO JOSE DO CERRITO;SC;09/2021;NA;NA;NA;NA;116.836;438.505;0;NA;NA;NA;0;20.083;458.588;NA;NA%;NA%;25,48%;NA%;3,98%
COOPERATIVA CENTRAL DE CRÉDITO RURAL COM INTERAÇÃO SOLIDÁRIA - CRESOL CENTRAL SC/RS;7202627;b3C;S4;I;2;CHAPECO;SC;09/2021;67.713;0;67.713;0;67.713;399.257;67;55;623;49;795;57.030;457.083;2.187.661;14,81%;14,81%;14,81%;3,10%;3,64%
COOPERATIVA DE CRÉDITO DE LIVRE ADMISSÃO DA PARAÍBA - SICOOB PARAÍBA;11907520;b3S;S5;I;2;CAMPINA GRANDE;PB;09/2021;NA;NA;NA;NA;117.005;425.106;0;NA;NA;NA;0;28.962;454.068;NA;NA%;NA%;25,77%;NA%;7,13%
COOPERATIVA DE CRÉDITO DE LIVRE ADMISSÃO SICOOB ARENITO;7026923;b3S;S5;I;2;UMUARAMA;PR;09/2021;NA;NA;NA;NA;56.856;435.937;0;NA;NA;NA;0;17.719;453.656;NA;NA%;NA%;12,53%;NA%;24,28%
PORTOCRED S.A. - CFI - PRUDENCIAL;1000083560;n1;S4;I;2;PORTO ALEGRE;RS;09/2021;50.794;0;50.794;12.808;63.602;402.709;0;0;0;0;0;50.726;453.435;NA;11,20%;11,20%;14,03%;NA%;9,29%
COOPERATIVA DE CRÉDITO E ECONOMIA COM INTERAÇÃO SOLIDÁRIA DO NOROESTE - CRESOL NOROESTE RS/PE/CE;2663426;b3S;S5;I;2;CONSTANTINA;RS;09/2021;NA;NA;NA;NA;63.110;439.359;0;NA;NA;NA;0;10.973;450.332;NA;NA%;NA%;14,01%;NA%;15,40%
COOPERATIVA DE CRéDITO NOROESTE DE MINAS LTDA. - SICOOB NOROESTE DE MINAS;86564051;b3S;S5;I;2;UNAI;MG;09/2021;NA;NA;NA;NA;85.592;432.013;0;NA;NA;NA;0;16.835;448.848;NA;NA%;NA%;19,07%;NA%;4,44%
UNIPRIME CENTRO-OESTE DO BRASIL - COOPERATIVA DE CRÉDITO;73647935;b3S;S5;I;2;CAMPO GRANDE;MS;09/2021;NA;NA;NA;NA;125.976;428.688;0;NA;NA;NA;0;19.795;448.482;NA;NA%;NA%;28,09%;NA%;7,12%
COOPERATIVA DE CRÉDITO RURAL COOPAVEL;76461557;b3S;S5;I;2;CASCAVEL;PR;09/2021;NA;NA;NA;NA;100.237;431.225;0;NA;NA;NA;0;8.500;439.725;NA;NA%;NA%;22,80%;NA%;0,48%
COOPERATIVA DE CRÉDITO DE LIVRE ADMISSÃO DO VALE DO PARANAÍBA LTDA.;24799033;b3S;S5;I;2;QUIRINOPOLIS;GO;09/2021;NA;NA;NA;NA;116.897;411.037;0;NA;NA;NA;0;21.286;432.323;NA;NA%;NA%;27,04%;NA%;8,58%
COOPERATIVA DE CRÉDITO COM INTERAÇÃO SOLIDÁRIA UNIÃO DOS PINHAIS - CRESOL UNIÃO DOS PINHAIS;2446089;b3S;S5;I;2;CORONEL VIVIDA;PR;09/2021;NA;NA;NA;NA;64.361;420.927;0;NA;NA;NA;0;11.278;432.205;NA;NA%;NA%;14,89%;NA%;11,72%
COOPERATIVA DE ECONOMIA E CRÉDITO MÚTUO UNICRED PONTO CAPITAL - UNICRED PONTO CAPITAL.;2641032;b3S;S5;I;2;SANTA MARIA;RS;09/2021;NA;NA;NA;NA;57.112;412.463;0;NA;NA;NA;0;16.911;429.375;NA;NA%;NA%;13,30%;NA%;17,35%
COOPERATIVA DE CRÉDITO INTEGRADO - SICOOB INTEGRADO;7122321;b3S;S5;I;2;PATO BRANCO;PR;09/2021;NA;NA;NA;NA;52.954;401.778;0;NA;NA;NA;0;25.740;427.518;NA;NA%;NA%;12,39%;NA%;23,26%
COOPERATIVA DE CRÉDITO DE LIVRE ADMISSÃO DE ASSOCIADOS ITAPIRANGA - SICOOB CREDITAPIRANGA SC/RS;78483310;b3S;S5;I;2;ITAPIRANGA;SC;09/2021;NA;NA;NA;NA;54.556;415.487;0;NA;NA;NA;0;9.974;425.461;NA;NA%;NA%;12,82%;NA%;18,57%
COOPERATIVA DE CRÉDITO ORIGINAL - SICOOB ORIGINAL;81292278;b3S;S5;I;2;SAO LOURENCO D'OESTE;SC;09/2021;NA;NA;NA;NA;74.349;405.989;0;NA;NA;NA;0;17.227;423.216;NA;NA%;NA%;17,57%;NA%;17,04%
COOPERATIVA DE CRÉDITO COM INTERAÇÃO SOLIDÁRIA INTEGRAÇÃO - CRESOL INTEGRAÇÃO;7268499;b3S;S5;I;2;TOLEDO;PR;09/2021;NA;NA;NA;NA;65.972;408.531;0;NA;NA;NA;0;12.455;420.986;NA;NA%;NA%;15,67%;NA%;8,75%
COOPERATIVA DE CRÉDITO DOS PROFISSIONAIS DA ÁREA DA SAÚDE E DE LIVRE ADMISSÃO LTDA - UNICRED ALIANÇA;70937271;b3S;S5;I;2;UBERLANDIA;MG;09/2021;NA;NA;NA;NA;57.785;398.353;0;NA;NA;NA;0;19.145;417.499;NA;NA%;NA%;13,84%;NA%;9,39%
COOPERATIVA DE CREDITO NOSSO - SICOOB NOSSO;59869560;b3S;S5;I;2;ADAMANTINA;SP;09/2021;NA;NA;NA;NA;89.604;398.950;0;NA;NA;NA;0;16.633;415.583;NA;NA%;NA%;21,56%;NA%;11,49%
COOPERATIVA DE CRÉDITO DA FOZ DO RIO ITAJAÍ AÇU - CREDIFOZ;9512539;b3S;S5;I;2;ITAJAI;SC;09/2021;NA;NA;NA;NA;88.315;384.239;0;NA;NA;NA;0;27.978;412.217;NA;NA%;NA%;21,42%;NA%;6,44%
COOPERATIVA DE ECONOMIA E CRÉDITO MÚTUO DOS MÉDICOS DOS VALES DO TAQUARI E RIO PARDO E REGIÃO DA PRODUÇÃO LTDA;1635462;b3S;S5;I;2;LAJEADO;RS;09/2021;NA;NA;NA;NA;68.317;398.017;0;NA;NA;NA;0;13.693;411.710;NA;NA%;NA%;16,59%;NA%;6,80%
DEUTSCHE SPARKASSEN LEASING DO BRASIL - PRUDENCIAL;1000084545;b2;S4;I;3;SAO PAULO;SP;09/2021;76.139;0;76.139;0;76.139;367.556;2.692;0;0;0;2.692;37.968;408.216;386.683;18,65%;18,65%;18,65%;19,69%;0,24%
COOPERATIVA DE CRÉDITO CREDIVERTENTES LTDA. - SICOOB CREDIVERTENTES;22724710;b3S;S5;I;2;SAO TIAGO;MG;09/2021;NA;NA;NA;NA;73.658;384.446;0;NA;NA;NA;0;23.646;408.092;NA;NA%;NA%;18,05%;NA%;9,15%
COOPERATIVA DE CREDITO CREDIMOTA   SICOOB CREDIMOTA;66788142;b3S;S5;I;2;CANDIDO MOTA;SP;09/2021;NA;NA;NA;NA;53.586;394.619;0;NA;NA;NA;0;13.236;407.856;NA;NA%;NA%;13,14%;NA%;18,11%
COOPERATIVA DE CRÉDITO CREDINOR LTDA - SICOOB CREDINOR;21866694;b3S;S5;I;2;MONTES CLAROS;MG;09/2021;NA;NA;NA;NA;87.056;372.689;0;NA;NA;NA;0;28.490;401.180;NA;NA%;NA%;21,70%;NA%;17,47%
AGENCIA FOMENTO GOIAS - PRUDENCIAL;1000081050;n1;S4;I;1;GOIANIA;GO;09/2021;198.994;0;198.994;0;198.994;342.626;0;0;0;0;0;56.384;399.010;NA;49,87%;49,87%;49,87%;NA%;2,05%
COOPERATIVA DE CRÉDITO, POUPANÇA E INVESTIMENTO SICREDI RECIFE - SICREDI RECIFE;70241658;b3S;S5;I;2;RECIFE;PE;09/2021;NA;NA;NA;NA;80.586;369.050;0;NA;NA;NA;0;28.481;397.531;NA;NA%;NA%;20,27%;NA%;6,22%
COOPERATIVA DE CRÉDITO NOSSOCRÉDITO LTDA - SICOOB NOSSOCRÉDITO;22760839;b3S;S5;I;2;SAO SEBASTIAO DO PARAISO;MG;09/2021;NA;NA;NA;NA;81.916;376.416;0;NA;NA;NA;0;20.491;396.907;NA;NA%;NA%;20,64%;NA%;20,15%
COOPERATIVA DE CRÉDITO DE LIVRE ADMISSÃO DO VALE DO ARAGUAIA LTDA.;24830879;b3S;S5;I;2;MINEIROS;GO;09/2021;NA;NA;NA;NA;210.708;378.430;0;NA;NA;NA;0;17.978;396.408;NA;NA%;NA%;53,15%;NA%;3,21%
CREDISIS JICRED - COOPERATIVA DE CRÉDITO DE LIVRE ADMISSÃO JICRED;2309070;b3S;S5;I;2;JI-PARANA;RO;09/2021;NA;NA;NA;NA;123.556;370.551;0;NA;NA;NA;0;24.516;395.067;NA;NA%;NA%;31,27%;NA%;3,60%
COOPERATIVA DE CRÉDITO DE LIVRE ADMISSÃO DE BELO HORIZONTE E CIDADES POLO DO ESTADO DE MINAS GERAIS LTDA. - SICOOB NOSSACOOP;1760242;b3S;S5;I;2;BELO HORIZONTE;MG;09/2021;NA;NA;NA;NA;51.004;370.854;0;NA;NA;NA;0;23.561;394.414;NA;NA%;NA%;12,93%;NA%;27,05%
BANCO SOROCRED S.A. - BANCO MÚLTIPLO;4814563;b1;S4;I;2;BARUERI;SP;09/2021;36.705;4.514;41.219;0;41.219;327.373;287;0;130;0;417;63.892;391.682;1.019.806;9,37%;10,52%;10,52%;4,04%;1,70%
COOPERATIVA CENTRAL DE CRÉDITO, POUPANÇA E INVESTIMENTO DOS ESTADOS DO PARANÁ, SÃO PAULO E RIO DE JANEIRO - CENTRAL SICREDI PR/SP/RJ;80230774;b3C;S3;I;2;CURITIBA;PR;09/2021;240.100;0;240.100;0;240.100;390.797;0;0;0;0;0;0;390.797;7.836.638;61,44%;61,44%;61,44%;3,06%;1,56%
COOPERATIVA DE CRÉDITO SUL-LITORÂNEA DO ESPÍRITO SANTO;32474884;b3S;S5;I;2;ALFREDO CHAVES;ES;09/2021;NA;NA;NA;NA;120.178;365.962;0;NA;NA;NA;0;24.701;390.663;NA;NA%;NA%;30,76%;NA%;5,21%
COOPERATIVA DE CRÉDITO DO NORTE CATARINENSE - ACREDICOOP;3461243;b3S;S5;I;2;JOINVILLE;SC;09/2021;NA;NA;NA;NA;51.885;369.187;0;NA;NA;NA;0;20.048;389.235;NA;NA%;NA%;13,33%;NA%;19,40%
COOPERATIVA DE CRÉDITO DE LIVRE ADMISSÃO DO ESTADO DE SÃO PAULO - SICOOB PAULISTA;10262276;b3S;S5;I;2;PRESIDENTE PRUDENTE;SP;09/2021;NA;NA;NA;NA;62.015;363.056;0;NA;NA;NA;0;23.869;386.925;NA;NA%;NA%;16,03%;NA%;9,32%
COOPERATIVA DE CRÉDITO DE LIVRE ADMISSÃO DE SÃO ROQUE DE MINAS LTDA.   SICOOB SAROMCREDI;66402207;b3S;S5;I;2;SAO ROQUE DE MINAS;MG;09/2021;NA;NA;NA;NA;61.973;369.903;0;NA;NA;NA;0;16.848;386.751;NA;NA%;NA%;16,02%;NA%;30,91%
COOPERATIVA DE CRÉDITO RURAL COM INTERAÇÃO SOLIDÁRIA CENTRO-SUL RS/MS - CRESOL CENTRO-SUL RS/MS;2910987;b3S;S5;I;2;ERECHIM;RS;09/2021;NA;NA;NA;NA;78.420;372.390;0;NA;NA;NA;0;12.815;385.205;NA;NA%;NA%;20,36%;NA%;13,02%
SICOOB UNIMAIS METROPOLITANA - COOPERATIVA DE CRÉDITO DE LIVRE ADMISSÃO;259231;b3S;S5;I;2;SANTOS;SP;09/2021;NA;NA;NA;NA;76.255;360.094;0;NA;NA;NA;0;23.449;383.544;NA;NA%;NA%;19,88%;NA%;6,94%
COOPERATIVA DE CRÉDITO DE LIVRE ADMISSÃO TRÊS FRONTEIRAS - SICOOB TRÊS FRONTEIRAS;4876393;b3S;S5;I;2;FOZ DO IGUACU;PR;09/2021;NA;NA;NA;NA;47.799;360.680;0;NA;NA;NA;0;22.455;383.134;NA;NA%;NA%;12,48%;NA%;15,45%
FATOR - PRUDENCIAL;1000080350;b1;S4;C;2;SAO PAULO;SP;09/2021;57.956;0;57.956;0;57.956;180.737;77.301;0;22.316;10.592;110.209;90.881;381.826;427.137;15,18%;15,18%;15,18%;13,57%;17,78%
COOPERATIVA DE CRÉDITO UNICRED CENTRAL MULTIRREGIONAL LTDA. - UCM;184068;b3C;S4;I;2;BELO HORIZONTE;MG;09/2021;95.680;0;95.680;0;95.680;361.969;835;15;11.008;779;12.637;6.521;381.127;1.515.882;25,10%;25,10%;25,10%;6,31%;0,37%
WESTERN UNION - PRUDENCIAL;1000080886;b1;S4;C;3;SAO PAULO;SP;09/2021;149.631;0;149.631;0;149.631;60.377;23.252;0;3.900;0;27.152;291.486;379.015;196.078;39,48%;39,48%;39,48%;76,31%;12,63%
COOPERATIVA DE CRÉDITO COM INTERAÇÃO SOLIDÁRIA LIDERANÇA - CRESOL LIDERANÇA;2934201;b3S;S5;I;2;CHOPINZINHO;PR;09/2021;NA;NA;NA;NA;73.060;368.571;0;NA;NA;NA;0;10.424;378.995;NA;NA%;NA%;19,28%;NA%;13,83%
ANDBANK - PRUDENCIAL;1000081256;b1;S4;C;3;SAO PAULO;SP;09/2021;97.470;0;97.470;0;97.470;107.460;4.503;0;141.078;0;145.580;124.525;377.565;356.432;25,82%;25,82%;25,82%;27,35%;4,81%
COOPERATIVA DE CRÉDITO SICOOB ALIANÇA;6174009;b3S;S5;I;2;APUCARANA;PR;09/2021;NA;NA;NA;NA;65.086;352.651;0;NA;NA;NA;0;20.979;373.630;NA;NA%;NA%;17,42%;NA%;11,22%
COOPERATIVA DE CRÉDITO DA REGIÃO DO SUDOESTE DO PARANÁ - EVOLUA;10311218;b3S;S5;I;2;FRANCISCO BELTRAO;PR;09/2021;NA;NA;NA;NA;77.345;359.070;0;NA;NA;NA;0;13.243;372.313;NA;NA%;NA%;20,77%;NA%;7,94%
COOPERATIVA DE CRÉDITO DE LIVRE ADMISSÃO DE ITAÚNA E REGIÃO LTDA - SICOOB CENTRO-OESTE;66463407;b3S;S5;I;2;ITAUNA;MG;09/2021;NA;NA;NA;NA;89.205;354.672;0;NA;NA;NA;0;15.412;370.084;NA;NA%;NA%;24,10%;NA%;6,98%
COOPERATIVA DE CRÉDITO DE LIVRE ADMISSÃO UNIÃO E NEGÓCIOS - SICOOB INTEGRAÇÃO;8742188;b3S;S5;I;2;CUIABA;MT;09/2021;NA;NA;NA;NA;56.107;342.453;0;NA;NA;NA;0;26.780;369.234;NA;NA%;NA%;15,20%;NA%;9,74%
COOPERATIVA DE CRÉDITO CREDIFOR LTDA - SICOOB CREDIFOR;41931445;b3S;S5;I;2;FORMIGA;MG;09/2021;NA;NA;NA;NA;54.646;353.377;0;NA;NA;NA;0;15.646;369.022;NA;NA%;NA%;14,81%;NA%;17,38%
COOPERATIVA DE CRÉDITO SICREDI PERNAMBUCRED;4146333;b3S;S5;I;2;RECIFE;PE;09/2021;NA;NA;NA;NA;88.370;338.201;0;NA;NA;NA;0;29.182;367.383;NA;NA%;NA%;24,05%;NA%;8,08%
COOPERATIVA DE CRÉDITO DE LIVRE ADMISSÃO DE ASSOCIADOS VALE DO CHAPECOZINHO - SICOOB VALCREDI SUL;2090126;b3S;S5;I;2;PASSOS MAIA;SC;09/2021;NA;NA;NA;NA;64.073;339.809;0;NA;NA;NA;0;16.331;356.140;NA;NA%;NA%;17,99%;NA%;11,72%
TULLETT PREBON BRASIL S.A. CTVM - PRUDENCIAL;1000082619;n2;S4;C;3;SAO PAULO;SP;09/2021;84.014;0;84.014;0;84.014;76.171;0;0;8.494;0;8.494;270.840;355.505;NA;23,63%;23,63%;23,63%;NA%;5,17%
COOPERATIVA DE CRÉDITO DOS PROFISSIONAIS DOS CREAS E DEMAIS ÁREAS TECNOLÓGICAS - CREDCREA;5979692;b3S;S5;I;2;FLORIANOPOLIS;SC;09/2021;NA;NA;NA;NA;69.670;335.362;0;NA;NA;NA;0;19.898;355.260;NA;NA%;NA%;19,61%;NA%;4,53%
COOPERATIVA DE CRÉDITO CREDISG LTDA. - SICOOB CREDISG;3645752;b3S;S5;I;2;SAO GOTARDO;MG;09/2021;NA;NA;NA;NA;90.654;342.437;0;NA;NA;NA;0;11.820;354.258;NA;NA%;NA%;25,59%;NA%;6,87%
SINGULARE CTVM - PRUDENCIAL;1000085386;n2;S4;I;2;SAO PAULO;SP;09/2021;54.245;0;54.245;0;54.245;71.204;0;0;0;0;0;282.475;353.679;NA;15,34%;15,34%;15,34%;NA%;16,18%
COOPERATIVA DE CRÉDITO CREDINTER LTDA. - SICOOB CREDINTER;24048910;b3S;S5;I;2;GUARANESIA;MG;09/2021;NA;NA;NA;NA;72.658;336.096;0;NA;NA;NA;0;16.480;352.576;NA;NA%;NA%;20,61%;NA%;4,81%
COOPERATIVA DE CRÉDITO DE LIVRE ADMISSÃO DE  LAGOA DA PRATA E REGIÃO LTDA.   SICOOB LAGOACRED GERAIS;1739375;b3S;S5;I;2;LAGOA DA PRATA;MG;09/2021;NA;NA;NA;NA;65.921;333.009;0;NA;NA;NA;0;18.305;351.314;NA;NA%;NA%;18,76%;NA%;9,92%
COOPERATIVA DE CRÉDITO DE LIVRE ADMISSÃO DO NORTE DE MATO GROSSO - SICOOB NORTE MT;23623636;b3S;S5;I;2;SINOP;MT;09/2021;NA;NA;NA;NA;55.194;336.770;0;NA;NA;NA;0;11.600;348.369;NA;NA%;NA%;15,84%;NA%;11,35%
UNIPRIME PIONEIRA COOPERATIVA DE CRÉDITO;1286361;b3S;S5;I;2;TOLEDO;PR;09/2021;NA;NA;NA;NA;65.086;329.962;0;NA;NA;NA;0;16.309;346.271;NA;NA%;NA%;18,80%;NA%;25,46%
COOPERATIVA DE CRÉDITO RURAL E ECONOMIA COM INTERAÇÃO SOLIDÁRIA DO PLANALTO SERRA DO RIO GRANDE DO SUL - CRESOL PLANALTO SERRA;5863726;b3S;S5;I;2;SANANDUVA;RS;09/2021;NA;NA;NA;NA;46.964;322.647;0;NA;NA;NA;0;12.051;334.698;NA;NA%;NA%;14,03%;NA%;8,29%
COOPERATIVA DE ECONOMIA E CRÉDITO MÚTUO UNICRED ELEVA LTDA.;95163002;b3S;S5;I;2;SANTO ANGELO;RS;09/2021;NA;NA;NA;NA;48.064;322.554;0;NA;NA;NA;0;12.085;334.639;NA;NA%;NA%;14,36%;NA%;8,42%
COOPERATIVA CENTRAL DE CREDITO RURAL COM INTERAÇÃO SOLIDÁRIA   CENTRAL CRESOL SICOPER;21198087;b3C;S4;I;2;PASSO FUNDO;RS;09/2021;46.513;0;46.513;0;46.513;321.851;17;14;428;12;471;11.334;333.655;1.950.789;13,94%;13,94%;13,94%;2,38%;2,00%
BCO WOORI BANK DO BRASIL S.A. - PRUDENCIAL;1000081823;b1;S4;I;3;SAO PAULO;SP;09/2021;95.623;0;95.623;0;95.623;281.081;307;0;0;0;307;51.810;333.198;1.099.022;28,70%;28,70%;28,70%;8,70%;1,61%
COOPERATIVA DE CRÉDITO CREDCOOPER LTDA - SICOOB CREDCOOPER;19449602;b3S;S5;I;2;CARATINGA;MG;09/2021;NA;NA;NA;NA;58.494;311.461;0;NA;NA;NA;0;18.301;329.762;NA;NA%;NA%;17,74%;NA%;5,42%
STARA FINANCEIRA S.A. - CFI - PRUDENCIAL;1000083711;n1;S5;I;2;NAO-ME-TOQUE;RS;09/2021;NA;NA;NA;NA;88.843;321.070;0;NA;NA;NA;0;8.222;329.292;NA;NA%;NA%;26,98%;NA%;0,08%
COOPERATIVA DE POUPANÇA E CRÉDITO DO VALE DO RIO DOCE LTDA - SICOOB CREDIRIODOCE;25606237;b3S;S5;I;2;GOVERNADOR VALADARES;MG;09/2021;NA;NA;NA;NA;59.424;309.777;0;NA;NA;NA;0;19.497;329.273;NA;NA%;NA%;18,05%;NA%;11,13%
COOPERATIVA DE CRÉDITO COOCRELIVRE;53935029;b3S;S4;I;2;ORLANDIA;SP;09/2021;155.701;0;155.701;0;155.701;264.891;0;0;0;0;0;58.882;323.773;470.562;48,09%;48,09%;48,09%;33,09%;1,28%
COOPERATIVA DE CREDITO COOPLIVRE;49389307;b3S;S5;I;2;CAPIVARI;SP;09/2021;NA;NA;NA;NA;54.710;302.449;0;NA;NA;NA;0;19.531;321.980;NA;NA%;NA%;16,99%;NA%;31,32%
COOPERATIVA DE CRÉDITO DA REGIÃO DO CONTESTADO - CIVIA;10218474;b3S;S5;I;2;SAO BENTO DO SUL;SC;09/2021;NA;NA;NA;NA;51.302;301.355;0;NA;NA;NA;0;19.873;321.228;NA;NA%;NA%;15,97%;NA%;13,35%
COOPERATIVA DE CRÉDITO CREDIUNA LTDA - SICOOB CREDIUNA;64237530;b3S;S5;I;2;ITAUNA;MG;09/2021;NA;NA;NA;NA;74.386;301.743;0;NA;NA;NA;0;19.097;320.840;NA;NA%;NA%;23,18%;NA%;11,51%
COOPERATIVA DE CRÉDITO DE LIVRE ADMISSÃO DO VALE DO PARANAPANEMA;1637949;b3S;S5;I;2;PRESIDENTE PRUDENTE;SP;09/2021;NA;NA;NA;NA;83.381;299.966;0;NA;NA;NA;0;19.204;319.169;NA;NA%;NA%;26,12%;NA%;9,45%
BGC LIQUIDEZ DTVM LTDA - PRUDENCIAL;1000084033;n2;S4;I;3;RIO DE JANEIRO;RJ;09/2021;72.700;0;72.700;0;72.700;28.539;0;0;2.913;0;2.913;285.693;317.144;NA;22,92%;22,92%;22,92%;NA%;3,50%
COOPERATIVA DE CRÉDITO COM INTERAÇÃO SOLIDÁRIA DE MINAS GERAIS - CRESOL MINAS GERAIS;8624548;b3S;S5;I;2;MURIAE;MG;09/2021;NA;NA;NA;NA;51.162;306.569;0;NA;NA;NA;0;9.452;316.021;NA;NA%;NA%;16,19%;NA%;9,69%
COOPERATIVA CENTRAL DE CRÉDITO, POUPANÇA E INVESTIMENTO DO CENTRO NORTE DO BRASIL - CENTRAL SICREDI CENTRO NORTE;33667205;b3C;S4;I;2;CUIABA;MT;09/2021;81.519;0;81.519;0;81.519;315.434;22;18;167;16;223;0;315.657;4.180.900;25,83%;25,83%;25,83%;1,95%;2,39%
COOPERATIVA DE CRéDITO CREDICOPE LTDA. - SICOOB CREDICOPE;38588174;b3S;S5;I;2;CONSELHEIRO PENA;MG;09/2021;NA;NA;NA;NA;48.739;301.138;0;NA;NA;NA;0;13.516;314.654;NA;NA%;NA%;15,49%;NA%;14,10%
WESTERN ASSET DTVM LTDA. - PRUDENCIAL;1000083900;n2;S4;I;3;SAO PAULO;SP;09/2021;116.246;0;116.246;0;116.246;67.703;2.986;0;7.791;0;10.778;234.556;313.037;NA;37,14%;37,14%;37,14%;NA%;2,35%
COOPERATIVA DE CRÉDITO DE LIVRE ADMISSÃO DE ASSOCIADOS VALE DO RIO DO PEIXE - SICOOB CREDIRIO SC;78865995;b3S;S5;I;2;JOACABA;SC;09/2021;NA;NA;NA;NA;35.999;301.306;0;NA;NA;NA;0;10.569;311.875;NA;NA%;NA%;11,54%;NA%;21,00%
MIRAE CCTVM LTDA. - PRUDENCIAL;1000082932;n2;S4;I;3;SAO PAULO;SP;09/2021;271.131;0;271.131;0;271.131;59.828;12.927;0;62.441;59.063;134.431;117.579;311.837;NA;86,95%;86,95%;86,95%;NA%;1,31%
COOPERATIVA DE CRÉDITO CREDISETE LTDA. - SICOOB CREDISETE;22753982;b3S;S5;I;2;SETE LAGOAS;MG;09/2021;NA;NA;NA;NA;60.383;292.479;0;NA;NA;NA;0;17.457;309.935;NA;NA%;NA%;19,48%;NA%;32,80%
COOPERATIVA DE CRÉDITO CREDIBOM LTDA. - SICOOB CREDIBOM;21670187;b3S;S5;I;2;BOM DESPACHO;MG;09/2021;NA;NA;NA;NA;67.696;290.330;0;NA;NA;NA;0;17.947;308.276;NA;NA%;NA%;21,96%;NA%;20,12%
COOPERATIVA DE CRÉDITO COM INTERAÇÃO SOLIDÁRIA UNIÃO DOS VALES - CRESOL UNIÃO DOS VALES;5231945;b3S;S5;I;2;IVAIPORA;PR;09/2021;NA;NA;NA;NA;54.265;296.973;0;NA;NA;NA;0;10.265;307.238;NA;NA%;NA%;17,66%;NA%;8,52%
COOPERATIVA DE CRÉDITO COM INTERAÇÃO SOLIDÁRIA OESTE CATARINENSE - CRESOL OESTE CATARINENSE;3965737;b3S;S5;I;2;XAXIM;SC;09/2021;NA;NA;NA;NA;40.464;297.104;0;NA;NA;NA;0;9.476;306.581;NA;NA%;NA%;13,20%;NA%;5,89%
COOPERATIVA DE CRÉDITO DE LIVRE ADMISSÃO SICOOB UNIMAIS CENTRO LESTE PAULISTA - SICOOB UNIMAIS CENTRO LESTE PAULISTA;1259518;b3S;S5;I;2;RIO CLARO;SP;09/2021;NA;NA;NA;NA;39.806;290.457;0;NA;NA;NA;0;14.524;304.980;NA;NA%;NA%;13,05%;NA%;11,90%
COOPERATIVA DE CRÉDITO DE LIVRE ADMISSÃO DE ASSOCIADOS CAMPOS NOVOS - SICOOB CAMPOS NOVOS;78862083;b3S;S5;I;2;CAMPOS NOVOS;SC;09/2021;NA;NA;NA;NA;48.868;289.624;0;NA;NA;NA;0;11.160;300.784;NA;NA%;NA%;16,25%;NA%;5,99%
BBC LEASING - PRUDENCIAL;1000084480;n1;S4;C;3;SAO PAULO;SP;09/2021;43.917;0;43.917;0;43.917;230.728;0;0;0;0;0;67.544;298.272;NA;14,72%;14,72%;14,72%;NA%;0,10%
COOPERATIVA DE CRÉDITO DE LIVRE ADMISSÃO DE ASSOCIADOS NOVA TRENTO   SICOOB TRENTOCREDI SC;2641969;b3S;S5;I;2;NOVA TRENTO;SC;09/2021;NA;NA;NA;NA;84.653;277.590;0;NA;NA;NA;0;17.567;295.157;NA;NA%;NA%;28,68%;NA%;12,22%
COOPERATIVA DE CRÉDITO, POUPANÇA E INVESTIMENTO SICREDI ARACAJU - SICREDI ARACAJU;2923389;b3S;S5;I;2;ARACAJU;SE;09/2021;NA;NA;NA;NA;75.949;279.398;0;NA;NA;NA;0;14.199;293.596;NA;NA%;NA%;25,87%;NA%;12,82%
COOPERATIVA DE CRÉDITO CREDIFIEMG LTDA. - SICOOB CREDIFIEMG;7469260;b3S;S5;I;2;BELO HORIZONTE;MG;09/2021;NA;NA;NA;NA;52.089;282.057;0;NA;NA;NA;0;8.740;290.797;NA;NA%;NA%;17,91%;NA%;2,54%
BCO KDB BRASIL S.A. - PRUDENCIAL;1000081603;b1;S4;C;3;SAO PAULO;SP;09/2021;285.343;0;285.343;0;285.343;218.807;429;0;0;0;429;70.716;289.952;1.697.728;98,41%;98,41%;98,41%;16,81%;0,16%
COOPERATIVA DE CRÉDITO COM INTERAÇÃO SOLIDÁRIA HORIZONTE - CRESOL HORIZONTE;5277312;b3S;S5;I;2;UNIAO DA VITORIA;PR;09/2021;NA;NA;NA;NA;48.124;279.227;0;NA;NA;NA;0;10.252;289.479;NA;NA%;NA%;16,62%;NA%;19,46%
COOPERATIVA DE CRÉDITO, INVESTIMENTO E SERVIÇOS FINANCEIROS SICOOB UNI SUDESTE;86389236;b3S;S5;I;2;UBA;MG;09/2021;NA;NA;NA;NA;63.224;274.144;0;NA;NA;NA;0;14.043;288.186;NA;NA%;NA%;21,94%;NA%;8,93%
COOPERATIVA DE CRÉDITO POUPANÇA E INVESTIMENTO DA ALTA NOROESTE DE SÃO PAULO - SICREDI ALTA NOROESTE SP;4484490;b3S;S4;I;2;BIRIGUI;SP;09/2021;49.856;0;49.856;0;49.856;271.751;0;0;104;0;104;16.080;287.934;462.052;17,32%;17,32%;17,32%;10,79%;11,07%
COOPERATIVA DE CRÉDITO SICOOB COOPMIL;62673470;b3S;S4;I;2;SAO PAULO;SP;09/2021;132.077;0;132.077;0;132.077;203.667;0;0;658;0;658;83.229;287.554;287.141;45,93%;45,93%;45,93%;46,00%;4,96%
COOPERATIVA DE CRÉDITO DE LIVRE ADMISSÃO DE PERNAMBUCO - SICOOB PERNAMBUCO;3732359;b3S;S5;I;2;SAO JOSE DO EGITO;PE;09/2021;NA;NA;NA;NA;48.912;262.216;0;NA;NA;NA;0;23.365;285.582;NA;NA%;NA%;17,13%;NA%;18,70%
PLANNER - PRUDENCIAL;1000080587;n1;S4;C;2;SAO PAULO;SP;09/2021;30.501;0;30.501;0;30.501;106.848;0;0;3.697;932;4.629;173.726;285.203;NA;10,69%;10,69%;10,69%;NA%;24,20%
COOPERATIVA DE CRÉDITO CREDICARPA LTDA. - SICOOB CREDICARPA;23949522;b3S;S5;I;2;CARMO DO PARANAIBA;MG;09/2021;NA;NA;NA;NA;99.893;272.600;0;NA;NA;NA;0;12.261;284.861;NA;NA%;NA%;35,07%;NA%;5,43%
COOPERATIVA DE ECONOMIA E CRÉDITO MÚTUO DOS PROFISSIONAIS DA SAÚDE DA REGIÃO DA ALTA MOGIANA - SICOOB CREDIMOGIANA;69346856;b3S;S5;I;2;FRANCA;SP;09/2021;NA;NA;NA;NA;42.115;270.541;0;NA;NA;NA;0;12.827;283.368;NA;NA%;NA%;14,86%;NA%;6,54%
COOPERATIVA DE CRÉDITO DE LIVRE ADMISSÃO E DOS TRANSPORTADORES RODOVIÁRIOS DE VEÍCULOS - SICOOB CREDCEG;7789195;b3S;S5;I;2;SAO BERNARDO DO CAMPO;SP;09/2021;NA;NA;NA;NA;82.293;264.895;0;NA;NA;NA;0;14.352;279.246;NA;NA%;NA%;29,47%;NA%;0,59%
COOPERATIVA DE CRÉDITO CREDSAOPAULO - SICOOB CREDSAOPAULO;2197569;b3S;S5;I;2;SAO JOSE DOS CAMPOS;SP;09/2021;NA;NA;NA;NA;35.966;263.658;0;NA;NA;NA;0;14.684;278.342;NA;NA%;NA%;12,92%;NA%;20,40%
COOPERATIVA CENTRAL DE ECONOMIA E CRÉDITO MÚTUO  - SICOOB UNIMAIS;73085573;b3C;S4;I;2;SAO PAULO;SP;09/2021;39.140;0;39.140;0;39.140;238.116;0;0;27.097;0;27.097;10.946;276.159;1.024.521;14,17%;14,17%;14,17%;3,82%;4,64%
COOPERATIVA DE CRÉDITO COM INTERAÇÃO SOLIDÁRIA PROGRESSO - CRESOL PROGRESSO;2448310;b3S;S5;I;2;CASCAVEL;PR;09/2021;NA;NA;NA;NA;33.905;268.868;0;NA;NA;NA;0;6.797;275.665;NA;NA%;NA%;12,30%;NA%;16,17%
COOPERATIVA DE CRÉDITO DE LIVRE ADMISSÃO DA GRANDE GOIÂNIA LTDA.;10209619;b3S;S5;I;2;GOIANIA;GO;09/2021;NA;NA;NA;NA;93.059;257.718;0;NA;NA;NA;0;16.514;274.232;NA;NA%;NA%;33,93%;NA%;5,45%
COOPERATIVA DE ECONOMIA E CRÉDITO MÚTUO BRF - CREDIBRF;82096447;b3S;S5;I;2;CURITIBA;PR;09/2021;NA;NA;NA;NA;161.345;263.034;0;NA;NA;NA;0;8.817;271.851;NA;NA%;NA%;59,35%;NA%;0,15%
TODESCREDI S/A - CFI - PRUDENCIAL;1000083546;n1;S5;I;2;BENTO GONCALVES;RS;09/2021;NA;NA;NA;NA;65.999;254.529;0;NA;NA;NA;0;14.691;269.220;NA;NA%;NA%;24,52%;NA%;0,08%
COOPERATIVA DE CRÉDITO SICOOB ARACREDI LTDA - SICOOB ARACREDI;68987;b3S;S5;I;2;ARAGUARI;MG;09/2021;NA;NA;NA;NA;44.346;258.558;0;NA;NA;NA;0;10.413;268.971;NA;NA%;NA%;16,49%;NA%;14,11%
COOPERATIVA DE CRÉDITO DA REGIÃO DE ARAXÁ LTDA. - SICOOB CREDIARA;66398496;b3S;S5;I;2;ARAXA;MG;09/2021;NA;NA;NA;NA;54.813;254.908;0;NA;NA;NA;0;12.207;267.114;NA;NA%;NA%;20,52%;NA%;31,35%
BCO KEB DO BRASIL SA - PRUDENCIAL;1000081232;b1;S4;I;3;SAO PAULO;SP;09/2021;157.263;0;157.263;0;157.263;202.596;13.438;0;0;0;13.438;49.825;265.859;1.171.653;59,15%;59,15%;59,15%;13,42%;0,49%
COOPERATIVA DE CRÉDITO DE LIVRE ADMISSÃO DA REGIÃO CENTRAL DE RONDÔNIA   SICOOB OUROCREDI;2144899;b3S;S5;I;2;OURO PRETO DO OESTE;RO;09/2021;NA;NA;NA;NA;61.205;251.471;0;NA;NA;NA;0;13.330;264.801;NA;NA%;NA%;23,11%;NA%;6,32%
COOPERATIVA DE CRÉDITO MÚTUO SERRA MAR LTDA. - UNICRED SERRA MAR;86803939;b3S;S5;I;2;RIO DE JANEIRO;RJ;09/2021;NA;NA;NA;NA;32.745;251.618;0;NA;NA;NA;0;13.018;264.635;NA;NA%;NA%;12,37%;NA%;28,30%
GAZIN - PRUDENCIAL;1000080824;n1;S4;C;2;DOURADINA;PR;09/2021;98.830;0;98.830;0;98.830;128.484;0;0;0;0;0;135.947;264.430;NA;37,37%;37,37%;37,37%;NA%;0,47%
COOPERATIVA DE CRÉDITO COM INTERAÇÃO SOLIDÁRIA DO RIO GRANDE DO SUL - CRESOL RIO GRANDE DO SUL;6139650;b3S;S5;I;2;BENTO GONCALVES;RS;09/2021;NA;NA;NA;NA;30.787;256.511;0;NA;NA;NA;0;7.864;264.375;NA;NA%;NA%;11,65%;NA%;28,28%
CSILATINA A.M. S.A. - PRUDENCIAL;1000082970;n1;S4;I;3;BARUERI;SP;09/2021;80.828;0;80.828;0;80.828;135.478;58;0;36.633;0;36.692;91.839;264.008;NA;30,62%;30,62%;30,62%;NA%;0,57%
COOPERATIVA DE ECONOMIA E CRÉDITO MÚTUO DOS EMPREGADOS DE FURNAS E DAS DEMAIS EMPRESAS DO SISTEMA ELETROBRÁS LTDA. - SICOOB CECREMEF;33370115;b3S;S5;I;2;RIO DE JANEIRO;RJ;09/2021;NA;NA;NA;NA;49.200;252.605;0;NA;NA;NA;0;11.345;263.950;NA;NA%;NA%;18,64%;NA%;19,32%
FINAMAX S.A. CFI - PRUDENCIAL;1000083436;n1;S5;I;2;JUNDIAI;SP;09/2021;NA;NA;NA;NA;65.473;239.197;0;NA;NA;NA;0;24.507;263.704;NA;NA%;NA%;24,83%;NA%;0,69%
LEBES FINANCEIRA S.A. - CFI - PRUDENCIAL;1000083656;n1;S5;I;2;ELDORADO;RS;09/2021;NA;NA;NA;NA;84.633;235.381;0;NA;NA;NA;0;27.722;263.103;NA;NA%;NA%;32,17%;NA%;0,23%
COOPERATIVA DE CRÉDITO DA REGIÃO DE FRONTEIRAS DE RO/MT LTDA. - SICOOB FRONTEIRAS;3612764;b3S;S5;I;2;CACOAL;RO;09/2021;NA;NA;NA;NA;60.542;250.029;0;NA;NA;NA;0;12.233;262.263;NA;NA%;NA%;23,08%;NA%;14,24%
COOPERATIVA DE CRÉDITO DE LIVRE ADMISSÃO DE SANTO ANTÔNIO DO MONTE LTDA.   SICOOB CREDIMONTE;41707258;b3S;S5;I;2;SANTO ANTONIO DO MONTE;MG;09/2021;NA;NA;NA;NA;35.517;247.430;0;NA;NA;NA;0;13.113;260.543;NA;NA%;NA%;13,63%;NA%;28,57%
CHG-MERIDIAN DO BRASIL AM S.A. - PRUDENCIAL;1000082994;n1;S4;I;3;BARUERI;SP;09/2021;93.494;0;93.494;0;93.494;223.915;1.086;0;0;0;1.086;35.496;260.497;NA;35,89%;35,89%;35,89%;NA%;1,43%
COOPERATIVA  DE CRÉDITO DE LIVRE ADMISSÃO DE ASSOCIADOS UNIRONDÔNIA LTDA;1664968;b3S;S5;I;2;PORTO VELHO;RO;09/2021;NA;NA;NA;NA;50.249;241.328;0;NA;NA;NA;0;17.066;258.394;NA;NA%;NA%;19,45%;NA%;17,44%
COOPERATIVA DE CRÉDITO SICOOB CREDSEGURO LTDA.;2935307;b3S;S5;I;2;GOIANIA;GO;09/2021;NA;NA;NA;NA;141.970;237.574;0;NA;NA;NA;0;19.817;257.391;NA;NA%;NA%;55,16%;NA%;1,12%
COOPERATIVA DE CRÉDITO DE LIVRE ADMISSÃO DO ALTO SÃO FRANCISCO LTDA.;41805003;b3S;S5;I;2;PIUMHI;MG;09/2021;NA;NA;NA;NA;41.783;248.202;0;NA;NA;NA;0;8.743;256.945;NA;NA%;NA%;16,26%;NA%;35,94%
COOPERATIVA DE CRÉDITO E CAPTAÇÃO SICOOB UNICIDADES;3047549;b3S;S5;I;2;RIO VERDE;GO;09/2021;NA;NA;NA;NA;63.606;242.330;0;NA;NA;NA;0;14.284;256.614;NA;NA%;NA%;24,79%;NA%;9,48%
CREDIALIANÇA COOPERATIVA DE CRÉDITO RURAL;78157146;b3S;S5;I;2;ROLANDIA;PR;09/2021;NA;NA;NA;NA;43.384;250.973;0;NA;NA;NA;0;4.591;255.564;NA;NA%;NA%;16,98%;NA%;9,80%
COOPERATIVA DE CREDITO DE LIVRE ADMISSAO DO VALE DO AÇO LTDA - SICOOB VALE DO AÇO;19869338;b3S;S5;I;2;IPATINGA;MG;09/2021;NA;NA;NA;NA;62.882;237.288;0;NA;NA;NA;0;17.106;254.394;NA;NA%;NA%;24,72%;NA%;13,47%
COOPERATIVA DE CRÉDITO MÚTUO DOS EMPREGADOS DA EMBRAER - COOPEREMB;46642294;b3S;S5;I;2;SAO JOSE DOS CAMPOS;SP;09/2021;NA;NA;NA;NA;303.305;233.931;0;NA;NA;NA;0;20.088;254.018;NA;NA%;NA%;119,40%;NA%;2,85%
COOPERATIVA DE CRÉDITO UNICRED REGIÃO DOS VALES LTDA. - UNICRED REGIÃO DOS VALES;1796302;b3S;S5;I;2;NOVO HAMBURGO;RS;09/2021;NA;NA;NA;NA;35.775;240.976;0;NA;NA;NA;0;12.869;253.845;NA;NA%;NA%;14,09%;NA%;11,14%
SICREDI NORTE - COOPERATIVA DE CRÉDITO;83315408;b3S;S5;I;2;BELEM;PA;09/2021;NA;NA;NA;NA;42.140;240.820;0;NA;NA;NA;0;12.658;253.478;NA;NA%;NA%;16,62%;NA%;36,90%
COOPERATIVA DE CRÉDITO RURAL COM INTERAÇÃO SOLIDÁRIA GERAÇÕES - CRESOL GERAÇÕES;4622657;b3S;S5;I;2;TENENTE PORTELA;RS;09/2021;NA;NA;NA;NA;36.133;242.766;0;NA;NA;NA;0;7.967;250.733;NA;NA%;NA%;14,41%;NA%;18,30%
COOPERATIVA DE CRÉDITO MÚTUO DOS ADVOGADOS DE SANTA CATARINA;5861932;b3S;S5;I;2;SAO JOSE;SC;09/2021;NA;NA;NA;NA;48.091;236.746;0;NA;NA;NA;0;13.604;250.350;NA;NA%;NA%;19,21%;NA%;4,52%
COOPERATIVA DE CRÉDITO DE LIVRE ADMISSÃO MÉDIO OESTE - SICOOB MÉDIO OESTE;7318874;b3S;S5;I;2;ASSIS CHATEAUBRIAND;PR;09/2021;NA;NA;NA;NA;38.693;238.558;0;NA;NA;NA;0;10.842;249.400;NA;NA%;NA%;15,51%;NA%;13,23%
COOPERATIVA DE CRÉDITO CREDILUZ LTDA. - SICOOB CREDILUZ;25536764;b3S;S5;I;2;LUZ;MG;09/2021;NA;NA;NA;NA;36.762;238.818;0;NA;NA;NA;0;9.752;248.570;NA;NA%;NA%;14,79%;NA%;18,71%
COOPERATIVA DE CREDITO DE LIVRE ADMISSAO DO CENTRO NORDESTE MINEIRO LTDA - SICOOB CREDICENM;2173447;b3S;S5;I;2;GUANHAES;MG;09/2021;NA;NA;NA;NA;42.513;234.329;0;NA;NA;NA;0;11.332;245.661;NA;NA%;NA%;17,31%;NA%;10,33%
BCO FORD S.A. - PRUDENCIAL;1000081782;b2;S4;I;3;SAO BERNARDO DO CAMPO;SP;09/2021;184.011;0;184.011;0;184.011;190.063;0;0;0;0;0;54.840;244.902;249.965;75,14%;75,14%;75,14%;73,61%;0,00%
CREDISIS - CENTRAL DE COOPERATIVAS DE CRÉDITO LTDA.;4632856;b3C;S4;I;2;JI-PARANA;RO;09/2021;45.539;0;45.539;0;45.539;235.430;0;0;627;0;627;7.235;243.292;591.315;18,72%;18,72%;18,72%;7,70%;14,65%
COOPERATIVA DE CRÉDITO DE LIVRE ADMISSÃO DE ASSOCIADOS DO MEIO OESTE CATARINENSE - SICOOB CREDIMOC SC;80959638;b3S;S5;I;2;XANXERE;SC;09/2021;NA;NA;NA;NA;34.244;233.073;0;NA;NA;NA;0;9.952;243.025;NA;NA%;NA%;14,09%;NA%;39,61%
COOPERATIVA DE CRÉDITO DE LIVRE ADMISSÃO DA REGIÃO DE FRUTAL LTDA.   SICOOB FRUTAL;71419600;b3S;S5;I;2;FRUTAL;MG;09/2021;NA;NA;NA;NA;71.380;230.986;0;NA;NA;NA;0;11.119;242.105;NA;NA%;NA%;29,48%;NA%;6,43%
BCO ARBI S.A. - PRUDENCIAL;1000081201;b1;S4;I;2;RIO DE JANEIRO;RJ;09/2021;45.044;0;45.044;0;45.044;205.355;0;0;0;759;759;33.929;240.044;768.661;18,76%;18,76%;18,76%;5,86%;20,93%
SANTINVEST - PRUDENCIAL;1000080446;n1;S5;I;2;FLORIANOPOLIS;SC;09/2021;NA;NA;NA;NA;133.404;225.326;0;NA;NA;NA;0;13.664;238.990;NA;NA%;NA%;55,82%;NA%;0,58%
COOPERATIVA DE CRÉDITO DE LIVRE ADMISSÃO DA REGIÃO LESTE DA BACIA DO RIO DOCE LTDA   SICOOB CREDILESTE;5158093;b3S;S5;I;2;CARATINGA;MG;09/2021;NA;NA;NA;NA;55.061;227.580;0;NA;NA;NA;0;10.350;237.929;NA;NA%;NA%;23,14%;NA%;21,16%
SENFFNET IP - PRUDENCIAL;1000083670;b1;S4;I;2;CURITIBA;PR;09/2021;60.561;0;60.561;0;60.561;150.559;0;0;295;0;295;84.927;235.781;10.399;25,69%;25,69%;25,69%;582,35%;0,00%
COOPERATIVA DE ECONOMIA E CRÉDITO MÚTUO UNICRED REGIÃO DA CAMPANHA LTDA - UNICRED REGIÃO DA CAMPANHA;1705236;b3S;S5;I;2;SANTANA DO LIVRAMENTO;RS;09/2021;NA;NA;NA;NA;46.809;224.568;0;NA;NA;NA;0;10.891;235.459;NA;NA%;NA%;19,88%;NA%;5,81%
COOPERATIVA DE CRÉDITO, POUPANÇA E INVESTIMENTO DE ARARAQUARA E REGIÃO - SICREDI CENTRO NORTE SP;73113243;b3S;S4;I;2;ARARAQUARA;SP;09/2021;38.708;0;38.708;0;38.708;217.883;0;0;122;0;122;16.034;234.038;388.641;16,54%;16,54%;16,54%;9,96%;9,72%
COOPERATIVA DE CRÉDITO SICOOB CRED-ACIF;4013172;b3S;S5;I;2;FRANCA;SP;09/2021;NA;NA;NA;NA;27.199;222.367;0;NA;NA;NA;0;11.338;233.705;NA;NA%;NA%;11,64%;NA%;11,84%
VIA CERTA CFI - PRUDENCIAL;1000080831;n1;S4;I;2;SANTO CRISTO;RS;09/2021;35.935;0;35.935;0;35.935;219.294;0;0;0;0;0;13.727;233.020;NA;15,42%;15,42%;15,42%;NA%;25,06%
COOPERATIVA DE CRÉDITO, POUPANÇA E INVESTIMENTO DO NOROESTE DO ESTADO DE SÃO PAULO - SICREDI NOROESTE SP;3065046;b3S;S4;I;2;SAO JOSE DO RIO PRETO;SP;09/2021;41.943;0;41.943;0;41.943;208.944;0;0;125;0;125;23.393;232.462;392.330;18,04%;18,04%;18,04%;10,69%;16,79%
COOPERATIVA DE CRÉDITO DOS SERVIDORES MILITARES, POLÍCIA CIVIL E DA SECRETARIA DE EDUCAÇÃO DO ESTADO DE MINAS GERAIS LTDA - SICOOB COOPEMG;3269540;b3S;S5;I;2;BELO HORIZONTE;MG;09/2021;NA;NA;NA;NA;50.812;220.304;0;NA;NA;NA;0;11.828;232.132;NA;NA%;NA%;21,89%;NA%;3,68%
COOPERATIVA DE CREDITO DE LIVRE ADMISSÃO DO VALE DO SÃO PATRICIO LTDA.;968602;b3S;S5;I;2;GOIANESIA;GO;09/2021;NA;NA;NA;NA;96.543;221.375;0;NA;NA;NA;0;7.636;229.011;NA;NA%;NA%;42,16%;NA%;2,79%
COOPERATIVA DE CRÉDITO RURAL COM INTERAÇÃO SOLIDÁRIA RAIZ - CRESOL RAIZ;17343510;b3S;S5;I;2;FREDERICO WESTPHALEN;RS;09/2021;NA;NA;NA;NA;27.189;222.362;0;NA;NA;NA;0;5.557;227.918;NA;NA%;NA%;11,93%;NA%;22,49%
SOCIEDADE COOPERATIVA DE CRÉDITO COOPERE LTDA.  - SICOOB COOPERE;73398646;b3S;S5;I;2;VALENTE;BA;09/2021;NA;NA;NA;NA;57.968;208.687;0;NA;NA;NA;0;18.761;227.448;NA;NA%;NA%;25,49%;NA%;8,43%
SINOSSERRA FINANCEIRA S/A - PRUDENCIAL;1000084552;n1;S4;C;2;NOVO HAMBURGO;RS;09/2021;33.930;0;33.930;0;33.930;168.730;0;0;0;0;0;58.316;227.046;NA;14,94%;14,94%;14,94%;NA%;15,16%
COOPERATIVA DE CRÉDITO CREDIMATA LTDA. - SICOOB CREDIMATA;1152097;b3S;S5;I;2;VOLTA GRANDE;MG;09/2021;NA;NA;NA;NA;43.854;207.413;0;NA;NA;NA;0;16.600;224.013;NA;NA%;NA%;19,58%;NA%;16,10%
TERRA INVESTIMENTOS DTVM - PRUDENCIAL;1000084514;n2;S4;C;2;SAO PAULO;SP;09/2021;34.945;0;34.945;0;34.945;98.763;221;0;61;0;281;124.718;223.762;NA;15,62%;15,62%;15,62%;NA%;24,11%
COOPERATIVA DE CRÉDITO DO RIO GRANDE DO NORTE - SICOOB RIO GRANDE DO NORTE;4138455;b3S;S5;I;2;NATAL;RN;09/2021;NA;NA;NA;NA;45.571;210.611;0;NA;NA;NA;0;12.786;223.397;NA;NA%;NA%;20,40%;NA%;6,74%
COOPERATIVA DE CRÉDITO COM INTERAÇÃO SOLIDÁRIA DE RONDÔNIA - CRESOL RONDÔNIA;10520232;b3S;S5;I;2;JI-PARANA;RO;09/2021;NA;NA;NA;NA;40.236;211.965;0;NA;NA;NA;0;8.674;220.639;NA;NA%;NA%;18,24%;NA%;14,47%
COOPERATIVA DE ECONOMIA E CRÉDITO MÚTUO DOS INTEGRANTES DO MINISTÉRIO PÚBLICO E DA DEFENSORIA PÚBLICA NO ESTADO DO RIO DE JANEIRO LIMITADA. - SICOOB COMPERJ;4694278;b3S;S5;I;2;RIO DE JANEIRO;RJ;09/2021;NA;NA;NA;NA;44.075;212.412;0;NA;NA;NA;0;7.826;220.238;NA;NA%;NA%;20,01%;NA%;14,24%
BCO INBURSA S.A. - PRUDENCIAL;1000081335;b1;S4;I;3;SAO PAULO;SP;09/2021;58.458;0;58.458;0;58.458;197.359;0;0;0;0;0;22.592;219.951;296.720;26,58%;26,58%;26,58%;19,70%;-10,79%
COOPERATIVA DE CRÉDITO DE PRODUTORES RURAIS E DE LIVRE ADMISSÃO DO TRIÂNGULO LTDA    SICOOB CREDITRIL;41669227;b3S;S5;I;2;UBERLANDIA;MG;09/2021;NA;NA;NA;NA;50.625;207.421;0;NA;NA;NA;0;11.282;218.703;NA;NA%;NA%;23,15%;NA%;26,15%
COOPERATIVA DE CRÉDITO RURAL COM INTERAÇÃO SOLIDÁRIA DE SANTO CRISTO - CRESOL SANTO CRISTO;6031727;b3S;S5;I;2;SANTO CRISTO;RS;09/2021;NA;NA;NA;NA;32.574;208.849;0;NA;NA;NA;0;8.500;217.349;NA;NA%;NA%;14,99%;NA%;19,99%
COOPERATIVA DE CRÉDITO DE LIVRE ADMISSÃO DE POMPÉU LTDA. - SICOOB CREDIPÉU;66262643;b3S;S5;I;2;POMPEU;MG;09/2021;NA;NA;NA;NA;48.911;208.160;0;NA;NA;NA;0;8.429;216.588;NA;NA%;NA%;22,58%;NA%;4,74%
COOPERATIVA DE CRÉDITO COM INTERAÇÃO SOLIDÁRIA TRIUNFO - CRESOL TRIUNFO;8560508;b3S;S5;I;2;SAO JOAO DO TRIUNFO;PR;09/2021;NA;NA;NA;NA;35.826;209.003;0;NA;NA;NA;0;6.386;215.389;NA;NA%;NA%;16,63%;NA%;11,90%
SICREDI CREDUNI - COOPERATIVA DE ECONOMIA E CRÉDITO MÚTUO DOS SERV DAS INST PÚBLICAS DE ENSINO SUPERIOR DO ESTADO DA PARAÍBA E DAS DEMAIS INSTITUIÇÕES E ÓRGÃOS PÚBLICOS NO ESTADO DA PARAIBA LTDA.;3428338;b3S;S5;I;2;CAMPINA GRANDE;PB;09/2021;NA;NA;NA;NA;70.173;189.082;0;NA;NA;NA;0;24.406;213.488;NA;NA%;NA%;32,87%;NA%;2,39%
COOPERATIVA DE CRÉDITO TEIXEIRA DE FREITAS LTDA. - SICOOB EXTREMO SUL;2447120;b3S;S5;I;2;TEIXEIRA DE FREITAS;BA;09/2021;NA;NA;NA;NA;97.706;197.979;0;NA;NA;NA;0;15.509;213.488;NA;NA%;NA%;45,77%;NA%;1,67%
COOPERATIVA DE CRÉDITO DE LIVRE ADMISSÃO DA REGIÃO DE  PARÁ DE MINAS LTDA - SICOOB CREDIRURAL;25387713;b3S;S5;I;2;PARA DE MINAS;MG;09/2021;NA;NA;NA;NA;41.517;205.972;0;NA;NA;NA;0;7.052;213.024;NA;NA%;NA%;19,49%;NA%;16,21%
BECKER FINANCEIRA S.A. - CFI - PRUDENCIAL;1000084507;n1;S5;I;2;CERRO LARGO;RS;09/2021;NA;NA;NA;NA;55.672;201.435;46;NA;NA;NA;46;10.756;212.237;NA;NA%;NA%;26,23%;NA%;0,13%
COOPERATIVA DE CRÉDITO COM INTERAÇÃO SOLIDÁRIA VALE DAS ÁGUAS - CRESOL VALE DAS ÁGUAS;4663561;b3S;S5;I;2;LARANJEIRAS DO SUL;PR;09/2021;NA;NA;NA;NA;47.454;204.269;0;NA;NA;NA;0;7.926;212.195;NA;NA%;NA%;22,36%;NA%;6,59%
AGÊNCIA DE FOMENTO MATO GROSSO - PRUDENCIAL;1000081146;n1;S4;I;1;CUIABA;MT;09/2021;132.982;0;132.982;0;132.982;177.070;0;0;82;0;82;34.100;211.252;NA;62,95%;62,95%;62,95%;NA%;1,86%
COOPERATIVA CENTRAL DE CRÉDITO DE GOIÁS LTDA;33416108;b3C;S4;I;2;GOIANIA;GO;09/2021;32.902;0;32.902;0;32.902;184.757;0;0;43;0;43;24.596;209.396;1.471.614;15,71%;15,71%;15,71%;2,24%;21,93%
COOPERATIVA DE CRÉDITO DE LIVRE ADMISSÃO DE PITANGUI, PAPAGAIOS, MARAVILHAS E REGIÃO LTDA. - SICOOB CREDICOOP;41931221;b3S;S5;I;2;PITANGUI;MG;09/2021;NA;NA;NA;NA;35.841;200.759;0;NA;NA;NA;0;7.949;208.708;NA;NA%;NA%;17,17%;NA%;36,60%
NEGRESCO S.A. - CFI - PRUDENCIAL;1000083450;n1;S5;I;2;CURITIBA;PR;09/2021;NA;NA;NA;NA;88.229;155.832;0;NA;NA;NA;0;51.765;207.597;NA;NA%;NA%;42,50%;NA%;0,67%
SICOOB AC CREDI - COOPERATIVA DE CRÉDITO DE LIVRE ADMISSÃO DO LESTE E NORDESTE MINEIRO LTDA.;1559914;b3S;S5;I;2;GOVERNADOR VALADARES;MG;09/2021;NA;NA;NA;NA;42.177;193.103;0;NA;NA;NA;0;13.554;206.657;NA;NA%;NA%;20,41%;NA%;20,43%
COOPERATIVA DE CRÉDITO DO VALE DO ITAJAÍ E VALE DO ITAPOCÚ - SICOOB MULTICREDI;2883398;b3S;S5;I;2;BLUMENAU;SC;09/2021;NA;NA;NA;NA;51.843;194.598;0;NA;NA;NA;0;10.793;205.392;NA;NA%;NA%;25,24%;NA%;3,20%
COOPERATIVA DE ECONOMIA E CRÉDITO MÚTUO UNICRED ERECHIM LTDA;1572667;b3S;S5;I;2;ERECHIM;RS;09/2021;NA;NA;NA;NA;33.285;198.593;0;NA;NA;NA;0;6.712;205.305;NA;NA%;NA%;16,21%;NA%;3,37%
COOPERATIVA DE CRÉDITO COM INTERAÇÃO SOLIDÁRIA DO VALE DAS ARAUCÁRIAS- CRESOL VALE DAS ARAUCÁRIAS;6126780;b3S;S5;I;2;GUARAPUAVA;PR;09/2021;NA;NA;NA;NA;34.792;196.746;0;NA;NA;NA;0;8.209;204.955;NA;NA%;NA%;16,98%;NA%;14,56%
COOPERATIVA DE CRÉDITO DE LIVRE ADMISSÃO UNIÃO DO CENTRO OESTE DE MINAS LTDA - SICOOB CREDESP;1703620;b3S;S5;I;2;BOM DESPACHO;MG;09/2021;NA;NA;NA;NA;32.697;194.568;0;NA;NA;NA;0;9.677;204.245;NA;NA%;NA%;16,01%;NA%;7,41%
SICOOB CREDINOVA - COOPERATIVA DE CRÉDITO DE LIVRE ADMISSÃO DE NOVA SERRANA E REGIÃO CENTRO-OESTE LTDA.;1667766;b3S;S5;I;2;NOVA SERRANA;MG;09/2021;NA;NA;NA;NA;50.519;191.287;0;NA;NA;NA;0;12.167;203.454;NA;NA%;NA%;24,83%;NA%;11,22%
COOPERATIVA CENTRAL DE CRÉDITO, POUPANÇA E INVESTIMENTO DO NORTE/NORDESTE - CENTRAL SICREDI NORTE/NORDESTE;70119680;b3C;S4;I;2;CABEDELO;PB;09/2021;173.955;0;173.955;0;173.955;200.306;0;0;2.412;0;2.412;0;202.718;3.350.500;85,81%;85,81%;85,81%;5,19%;3,48%
FINSOL SCMEPP S.A. - PRUDENCIAL;1000083340;n1;S4;I;3;RECIFE;PE;09/2021;27.080;0;27.080;0;27.080;108.543;0;0;13.734;0;13.734;80.385;202.662;NA;13,36%;13,36%;13,36%;NA%;1,73%
COOPERATIVA DE CRÉDITO DE LIVRE ADMISSÃO DO ESTADO DO RIO DE JANEIRO - SICOOB FLUMINENSE;2931668;b3S;S5;I;2;CAMPOS DOS GOYTACAZES;RJ;09/2021;NA;NA;NA;NA;45.511;186.468;0;NA;NA;NA;0;15.855;202.323;NA;NA%;NA%;22,49%;NA%;15,36%
COOPERATIVA DE CRÉDITO DE LIVRE ADMISSÃO VALE DO MUCURI LTDA. - SICOOB CREDIVALE;25387655;b3S;S5;I;2;TEOFILO OTONI;MG;09/2021;NA;NA;NA;NA;53.317;187.341;0;NA;NA;NA;0;12.916;200.256;NA;NA%;NA%;26,62%;NA%;13,74%
COOPERATIVA DE CRÉDITO CREDIJEQUITINHONHA LTDA. - SICOOB CREDIJEQUITINHONHA;71243034;b3S;S5;I;2;CAPELINHA;MG;09/2021;NA;NA;NA;NA;55.450;188.387;0;NA;NA;NA;0;11.521;199.908;NA;NA%;NA%;27,74%;NA%;22,19%
COOPERATIVA DE CRÉDITO DE LIVRE ADMISSÃO LTDA. - SICOOB CREDIJUSTRA;37079720;b3S;S5;I;2;BRASILIA;DF;09/2021;NA;NA;NA;NA;31.723;185.459;0;NA;NA;NA;0;13.632;199.091;NA;NA%;NA%;15,93%;NA%;6,20%
CENTRAL DAS COOPERATIVAS DE CRÉDITO DOS ESTADOS DE MATO GROSSO, MATO GROSSO DO SUL E DO MUNICÍPIO DE CACOAL/RO - SICOOB CENTRAL RONDON;106180;b3C;S4;I;2;CUIABA;MT;09/2021;54.054;0;54.054;0;54.054;162.802;0;0;7.912;0;7.912;28.112;198.826;742.894;27,19%;27,19%;27,19%;7,28%;7,29%
CM CAPITAL MARKETS - PRUDENCIAL;1000080549;n2;S4;C;3;SAO PAULO;SP;09/2021;31.302;0;31.302;0;31.302;31.641;0;0;0;0;0;165.725;197.366;NA;15,86%;15,86%;15,86%;NA%;10,24%
AL5 S.A. CFI - PRUDENCIAL;1000084734;n1;S4;I;2;CUIABA;MT;09/2021;37.672;0;37.672;0;37.672;163.573;0;0;0;0;0;32.835;196.408;NA;19,18%;19,18%;19,18%;NA%;0,62%
SICOOB CREDIGOIÁS COOPERATIVA DE CRÉDITO LTDA.;37255049;b3S;S5;I;2;GOIANIA;GO;09/2021;NA;NA;NA;NA;85.354;187.672;0;NA;NA;NA;0;8.159;195.832;NA;NA%;NA%;43,59%;NA%;2,84%
UNIPRIME DO IGUAÇU - COOPERATIVA DE CRÉDITO, POUPANÇA E INVESTIMENTO;1848322;b3S;S5;I;2;PATO BRANCO;PR;09/2021;NA;NA;NA;NA;32.940;185.459;0;NA;NA;NA;0;7.543;193.002;NA;NA%;NA%;17,07%;NA%;15,34%
COOPERATIVA DE CRÉDITO DE LIVRE ADMISSÃO DA REGIÃO DO ALTO SÃO FRANCISCO LTDA. - SICOOB CREDIPRATA;26178111;b3S;S5;I;2;LAGOA DA PRATA;MG;09/2021;NA;NA;NA;NA;41.424;182.350;0;NA;NA;NA;0;10.043;192.394;NA;NA%;NA%;21,53%;NA%;33,21%
COOPERATIVA DE CRÉDITO DO DISTRITO FEDERAL E ENTORNO LTDA;1187961;b3S;S5;I;2;BRASILIA;DF;09/2021;NA;NA;NA;NA;23.685;180.990;0;NA;NA;NA;0;10.844;191.834;NA;NA%;NA%;12,35%;NA%;10,84%
NOVA FUTURA DTVM LTDA - PRUDENCIAL;1000083759;n2;S4;I;2;SAO PAULO;SP;09/2021;37.623;0;37.623;0;37.623;32.325;681;0;11.190;93;11.964;146.963;191.253;NA;19,67%;19,67%;19,67%;NA%;13,15%
RENASCENCA DTVM LTDA - PRUDENCIAL;1000084105;n2;S4;I;2;SAO PAULO;SP;09/2021;73.967;0;73.967;0;73.967;46.642;0;0;0;0;0;144.004;190.646;NA;38,80%;38,80%;38,80%;NA%;1,96%
COOPERATIVA DE CRÉDITO RURAL DE ABELARDO LUZ - SULCREDI/CREDILUZ;1073966;b3S;S5;I;2;ABELARDO LUZ;SC;09/2021;NA;NA;NA;NA;35.426;184.916;0;NA;NA;NA;0;4.578;189.495;NA;NA%;NA%;18,70%;NA%;6,77%
COOPERATIVA DE CREDITO, POUPANCA E INVESTIMENTO DO RIO DE JANEIRO - SICREDI RIO RJ;72128440;b3S;S4;I;2;RIO DE JANEIRO;RJ;09/2021;62.494;0;62.494;0;62.494;176.009;0;0;71;0;71;13.391;189.470;311.094;32,98%;32,98%;32,98%;20,09%;20,50%
COOPERATIVA DE CRÉDITO CREDIRAMA LTDA - SICOOB CREDIRAMA;3412878;b3S;S5;I;2;ITURAMA;MG;09/2021;NA;NA;NA;NA;53.539;179.770;0;NA;NA;NA;0;9.662;189.431;NA;NA%;NA%;28,26%;NA%;5,18%
COOPERATIVA DE CRÉDITO DE LIVRE ADMISSÃO DO TOCANTINS LTDA;26960328;b3S;S5;I;2;PARAISO DO NORTE DO TOCANTINS;TO;09/2021;NA;NA;NA;NA;37.357;177.278;0;NA;NA;NA;0;11.953;189.232;NA;NA%;NA%;19,74%;NA%;15,06%
COOPERATIVA DE CRÉDITO DOS INTEGRANTES DO PODER JUDICIÁRIO E DO MINISTÉRIO PÚBLICO DO ESTADO DE MINAS GERAIS LTDA. - SICOOB JUS-MP;3519240;b3S;S5;I;2;BELO HORIZONTE;MG;09/2021;NA;NA;NA;NA;59.723;176.588;0;NA;NA;NA;0;10.331;186.919;NA;NA%;NA%;31,95%;NA%;1,15%
COOPERATIVA DE CRÉDITO DE LIVRE ADMISSÃO CENTRO OESTE LTDA.;7502031;b3S;S5;I;2;GOIANESIA;GO;09/2021;NA;NA;NA;NA;49.954;174.833;0;NA;NA;NA;0;8.644;183.477;NA;NA%;NA%;27,23%;NA%;5,43%
COOPERATIVA DE CRÉDITO COM INTERAÇÃO SOLIDÁRIA NORTE PARANAENSE - CRESOL NORTE PARANAENSE;7925729;b3S;S5;I;2;GRANDES RIOS;PR;09/2021;NA;NA;NA;NA;31.273;176.699;0;NA;NA;NA;0;6.598;183.297;NA;NA%;NA%;17,06%;NA%;13,37%
COOPERATIVA DE CREDITO DE LIVRE ADMISSAO DE PARA DE MINAS LTDA - SICOOB ASCICRED;1009908;b3S;S5;I;2;PARA DE MINAS;MG;09/2021;NA;NA;NA;NA;43.846;173.374;0;NA;NA;NA;0;9.890;183.264;NA;NA%;NA%;23,92%;NA%;10,16%
CENTRAL DAS COOPERATIVAS DE ECONOMIA E CRÉDITO DO PLANALTO CENTRAL LTDA - SICOOB PLANALTO CENTRAL;692214;b3C;S4;I;2;BRASILIA;DF;09/2021;51.068;0;51.068;0;51.068;161.428;0;0;46;0;46;21.191;182.665;697.963;27,96%;27,96%;27,96%;7,32%;5,20%
COOPERATIVA DE CRÉDITO DA REGIÃO E COLAR METROPOLITANO DO VALE DO AÇO LTDA. - SICOOB COSMIPA;17361536;b3S;S5;I;2;IPATINGA;MG;09/2021;NA;NA;NA;NA;68.143;172.057;0;NA;NA;NA;0;9.200;181.257;NA;NA%;NA%;37,59%;NA%;5,27%
COOPERATIVA DE CRÉDITO RURAL COM INTERAÇÃO SOLIDÁRIA COOPERAR - CRESOL COOPERAR;5983995;b3S;S5;I;2;HUMAITA;RS;09/2021;NA;NA;NA;NA;20.964;176.941;0;NA;NA;NA;0;4.154;181.095;NA;NA%;NA%;11,58%;NA%;17,88%
COOPERATIVA DE CRÉDITO DE LIVRE ADMISSÃO DE ASSOCIADOS URUBICI - SICOOB CREDIARAUCÁRIA/SC;2587492;b3S;S5;I;2;URUBICI;SC;09/2021;NA;NA;NA;NA;29.189;170.271;0;NA;NA;NA;0;8.930;179.201;NA;NA%;NA%;16,29%;NA%;8,89%
COOPERATIVA DE CRÉDITO DE LIVRE ADMISSÃO DO VALE DO RIO GRANDE LTDA. - SICOOB UBERABA;25683475;b3S;S5;I;2;UBERABA;MG;09/2021;NA;NA;NA;NA;36.006;168.864;0;NA;NA;NA;0;9.743;178.607;NA;NA%;NA%;20,16%;NA%;22,58%
COOPERATIVA DE CRÉDITO DE LIVRE ADMISSÃO DO CERRADO MATO-GROSSENSE - SICOOB CERRADO MT;5247312;b3S;S5;I;2;RONDONOPOLIS;MT;09/2021;NA;NA;NA;NA;30.099;166.439;0;NA;NA;NA;0;10.804;177.242;NA;NA%;NA%;16,98%;NA%;16,11%
SOCINAL S.A. CFI - PRUDENCIAL;1000083577;n1;S5;I;2;ARARUAMA;RJ;09/2021;NA;NA;NA;NA;33.027;160.249;0;NA;NA;NA;0;16.166;176.415;NA;NA%;NA%;18,72%;NA%;8,90%
COOPERATIVA DE CRÉDITO CREDIOESTE LTDA. - SICOOB CREDIOESTE;25420696;b3S;S5;I;2;ABAETE;MG;09/2021;NA;NA;NA;NA;31.718;164.169;0;NA;NA;NA;0;11.648;175.817;NA;NA%;NA%;18,04%;NA%;9,92%
COOPERATIVA DE CRÉDITO CENTRO LESTE NORTE MARANHENSE - SICOOB CENTROLESTE;9403026;b3S;S5;I;2;GRAJAU;MA;09/2021;NA;NA;NA;NA;48.289;163.300;0;NA;NA;NA;0;12.105;175.405;NA;NA%;NA%;27,53%;NA%;11,96%
ÓRAMA DTVM S.A. - PRUDENCIAL;1000084260;n2;S4;I;2;RIO DE JANEIRO;RJ;09/2021;15.266;0;15.266;0;15.266;38.412;0;0;88;8.640;8.728;127.622;174.762;NA;8,74%;8,74%;8,74%;NA%;42,43%
COOPERATIVA DE CRÉDITO SICOOB SERTÃO LTDA;2057584;b3S;S5;I;2;PINTADAS;BA;09/2021;NA;NA;NA;NA;46.177;157.609;0;NA;NA;NA;0;16.884;174.492;NA;NA%;NA%;26,46%;NA%;18,33%
COOPERATIVA CENTRAL DE ECONOMIA E CRÉDITO MÚTUO DAS UNICREDS DO ESTADO DO RIO DE JANEIRO E DO MATO GROSSO LTDA   UNICRED CENTRAL RJ/MT;86774775;b3C;S4;I;2;RIO DE JANEIRO;RJ;09/2021;32.846;0;32.846;0;32.846;164.843;0;0;3.387;0;3.387;6.013;174.242;403.047;18,85%;18,85%;18,85%;8,15%;1,62%
COOPERATIVA DE CRÉDITO DE LIVRE ADMISSÃO DE ASSOCIADOS DE MANAUS;1566038;b3S;S5;I;2;MANAUS;AM;09/2021;NA;NA;NA;NA;62.302;158.475;0;NA;NA;NA;0;15.763;174.237;NA;NA%;NA%;35,76%;NA%;4,71%
COOPERATIVA DE CRÉDITO DE LIVRE ADMISSÃO DE RIO VERDE E REGIÃO LTDA.;9033698;b3S;S5;I;2;RIO VERDE;GO;09/2021;NA;NA;NA;NA;40.148;167.043;0;NA;NA;NA;0;6.869;173.912;NA;NA%;NA%;23,09%;NA%;2,04%
CENTRAL DAS COOPERATIVAS DE CRÉDITO DO NORDESTE - SICOOB CENTRAL NE;70116611;b3C;S4;I;2;JOAO PESSOA;PB;09/2021;38.238;0;38.238;0;38.238;140.840;0;0;14.060;0;14.060;18.406;173.306;568.057;22,06%;22,06%;22,06%;6,73%;12,79%
COOPERATIVA DE CRÉDITO DE LIVRE ADMISSÃO DO CENTRO-SUL GOIANO LTDA;33579731;b3S;S5;I;2;MORRINHOS;GO;09/2021;NA;NA;NA;NA;30.393;163.423;0;NA;NA;NA;0;9.654;173.077;NA;NA%;NA%;17,56%;NA%;8,42%
OLIVEIRA TRUST DTVM S.A. - PRUDENCIAL;1000084040;n2;S4;C;2;RIO DE JANEIRO;RJ;09/2021;36.976;0;36.976;0;36.976;11.997;0;0;75;0;75;160.647;172.720;NA;21,41%;21,41%;21,41%;NA%;4,04%
VR - PRUDENCIAL;1000080408;b1;S4;C;2;SAO PAULO;SP;09/2021;29.835;0;29.835;0;29.835;145.151;0;0;0;0;0;25.995;171.146;364.628;17,43%;17,43%;17,43%;8,18%;0,10%
COOPERATIVA DE CRÉDITO DA REGIÃO CENTRAL DE MINAS LTDA. - SICOOB UNIÃO CENTRAL;22749014;b3S;S5;I;2;PARAOPEBA;MG;09/2021;NA;NA;NA;NA;40.817;159.159;0;NA;NA;NA;0;11.755;170.914;NA;NA%;NA%;23,88%;NA%;17,96%
COOPERATIVA DE CRÉDITO DE LIVRE ADMISSÃO DO SUL CATARINENSE - ACENTRA;3427097;b3S;S5;I;2;CRICIUMA;SC;09/2021;NA;NA;NA;NA;27.631;161.644;0;NA;NA;NA;0;9.254;170.897;NA;NA%;NA%;16,17%;NA%;6,45%
COOPERATIVA DE CRÉDITO DE LIVRE ADMISSÃO DE GOIÂNIA E MICRORREGIÕES LTDA.;1720488;b3S;S5;I;2;GOIANIA;GO;09/2021;NA;NA;NA;NA;58.365;156.375;0;NA;NA;NA;0;13.270;169.645;NA;NA%;NA%;34,40%;NA%;8,38%
COOPERATIVA DE ECONOMIA E CRÉDITO MÚTUO DOS SERVIDORES MUNICIPAIS DA REGIÃO METROPOLITANA DO VALE DO PARAÍBA E LITORAL NORTE - SICOOB-CRESSEM;54190525;b3S;S5;I;2;SAO JOSE DOS CAMPOS;SP;09/2021;NA;NA;NA;NA;135.589;153.565;0;NA;NA;NA;0;14.701;168.266;NA;NA%;NA%;80,58%;NA%;4,83%
COOPERATIVA DE CRÉDITO COM INTERAÇÃO SOLIDÁRIA DA COSTA OESTE - CRESOL COSTA OESTE;11969853;b3S;S5;I;2;MEDIANEIRA;PR;09/2021;NA;NA;NA;NA;22.818;161.637;0;NA;NA;NA;0;5.388;167.025;NA;NA%;NA%;13,66%;NA%;20,63%
COOPERATIVA CENTRAL DE CRÉDITO DO RIO DE JANEIRO LTDA.;14568725;b3C;S4;I;2;RIO DE JANEIRO;RJ;09/2021;28.218;0;28.218;0;28.218;146.265;23;19;191;17;250;19.697;166.212;645.328;16,98%;16,98%;16,98%;4,37%;22,01%
B & T ASSOCIADOS CC LTDA. - PRUDENCIAL;1000081995;n2;S4;I;2;RIO DE JANEIRO;RJ;09/2021;24.426;0;24.426;0;24.426;12.555;6.946;0;8;0;6.954;145.972;165.481;NA;14,76%;14,76%;14,76%;NA%;3,18%
COOPERATIVA DE CREDITO DE LIVRE ADMISSAO DE RUBIATABA E REGIAO LTDA;73422792;b3S;S5;I;2;RUBIATABA;GO;09/2021;NA;NA;NA;NA;34.877;154.994;0;NA;NA;NA;0;10.438;165.432;NA;NA%;NA%;21,08%;NA%;10,47%
COOPERATIVA DE CRÉDITO CREDICAMPO LTDA.- SICOOB CREDICAMPO;21661202;b3S;S5;I;2;ENTRE RIOS DE MINAS;MG;09/2021;NA;NA;NA;NA;39.502;152.673;0;NA;NA;NA;0;10.460;163.133;NA;NA%;NA%;24,21%;NA%;25,89%
COOPERATIVA CENTRAL DE CRÉDITO DA BAHIA LTDA - SICOOB CENTRAL BA;34148882;b3C;S4;I;2;SALVADOR;BA;09/2021;41.201;0;41.201;0;41.201;134.684;0;0;7.124;0;7.124;21.163;162.972;606.735;25,28%;25,28%;25,28%;6,79%;2,87%
COOPERATIVA DE CRÉDITO DO CENTRO SUL MINEIRO LTDA. - SICOOB CENTRO SUL MINEIRO;71238232;b3S;S5;I;2;CARMOPOLIS DE MINAS;MG;09/2021;NA;NA;NA;NA;30.561;153.934;0;NA;NA;NA;0;8.319;162.254;NA;NA%;NA%;18,84%;NA%;17,01%
MERCADO CRÉDITO SOCIEDADE DE CRÉDITO, FINANCIAMENTO E INVESTIMENTO S.A.;37679449;n1;S4;I;2;OSASCO;SP;09/2021;32.500;0;32.500;0;32.500;43.313;0;0;0;0;0;118.614;161.927;NA;20,07%;20,07%;20,07%;NA%;0,00%
COOPERATIVA DE ECONOMIA E CREDITO MÚTUO DOS MÉDICOS DO PLANALTO MÉDIO DO RIO GRANDE DO SUL LTDA - CREDIPLAN;97259253;b3S;S5;I;2;PASSO FUNDO;RS;09/2021;NA;NA;NA;NA;26.824;154.802;0;NA;NA;NA;0;3.893;158.695;NA;NA%;NA%;16,90%;NA%;2,37%
COBUCCIO SCFI - PRUDENCIAL;1000085173;n1;S4;C;2;MONTE BELO;MG;09/2021;48.951;0;48.951;0;48.951;0;0;0;0;0;0;156.287;156.287;NA;31,32%;31,32%;31,32%;NA%;21,67%
COOPERATIVA DE CREDITO CECRES - SICOOB CECRES;54603022;b3S;S5;I;2;SAO PAULO;SP;09/2021;NA;NA;NA;NA;127.110;139.988;0;NA;NA;NA;0;14.939;154.927;NA;NA%;NA%;82,05%;NA%;4,85%
COOPERATIVA DE CRÉDITO DE LIVRE ADMISSÃO DA REGIÃO DE DIVINÓPOLIS LTDA - SICOOB CREDIVERDE;25528753;b3S;S5;I;2;DIVINOPOLIS;MG;09/2021;NA;NA;NA;NA;41.121;141.714;0;NA;NA;NA;0;12.005;153.719;NA;NA%;NA%;26,75%;NA%;11,91%
COOPERATIVA DE CRÉDITO COM INTERAÇÃO SOLIDÁRIA DE GOIÁS - CRESOL GOIÁS;4490531;b3S;S5;I;2;ORIZONA;GO;09/2021;NA;NA;NA;NA;30.515;148.316;0;NA;NA;NA;0;4.866;153.182;NA;NA%;NA%;19,92%;NA%;7,55%
UNIPRIME CENTRAL - CENTRAL INTERESTADUAL DE COOPERATIVAS DE CREDITO LTDA.;3046391;b3C;S4;I;2;LONDRINA;PR;09/2021;44.237;0;44.237;0;44.237;148.037;0;0;0;0;0;4.563;152.600;1.455.668;28,99%;28,99%;28,99%;3,04%;3,77%
COOPERATIVA DE CREDITO DE LIVRE ADMISSAO DE PITANGUI E REGIAO LTDA. - SICOOB CREDPIT;4181542;b3S;S5;I;2;PITANGUI;MG;09/2021;NA;NA;NA;NA;22.702;144.090;0;NA;NA;NA;0;8.168;152.259;NA;NA%;NA%;14,91%;NA%;16,91%
COOPERATIVA DE CRÉDITO DE LIVRE ADMISSÃO DE MARECHAL CÂNDIDO RONDON E REGIÃO - SICOOB CONFIANÇA;7097064;b3S;S5;I;2;MARECHAL CANDIDO RONDON;PR;09/2021;NA;NA;NA;NA;20.456;144.864;0;NA;NA;NA;0;6.897;151.761;NA;NA%;NA%;13,48%;NA%;20,09%
BANCO B3 - PRUDENCIAL;1000081225;b1;S4;I;2;SAO PAULO;SP;09/2021;132.991;0;132.991;0;132.991;47.177;1.362;0;902;0;2.264;101.993;151.433;1.939.937;87,82%;87,82%;87,82%;6,86%;0,20%
COOPERATIVA DE CRÉDITO MONTECREDI LTDA. - SICOOB MONTECREDI;71392047;b3S;S5;I;2;MONTE CARMELO;MG;09/2021;NA;NA;NA;NA;40.741;144.583;0;NA;NA;NA;0;6.520;151.103;NA;NA%;NA%;26,96%;NA%;5,10%
COOPERATIVA DE CRÉDITO DA GRANDE FLORIANÓPOLIS - ÚNILOS;2405189;b3S;S5;I;2;FLORIANOPOLIS;SC;09/2021;NA;NA;NA;NA;30.530;139.744;0;NA;NA;NA;0;8.758;148.503;NA;NA%;NA%;20,56%;NA%;4,44%
BANCO XCMG BRASIL - PRUDENCIAL;1000085300;b2;S4;I;3;POUSO ALEGRE;MG;09/2021;99.236;0;99.236;0;99.236;139.121;0;0;0;0;0;8.769;147.889;192.934;67,10%;67,10%;67,10%;51,44%;0,18%
COOPERATIVA DE ECONOMIA E CRÉDITO MÚTUO DOS SERVIDORES DA FEDERAÇÃO DO COMÉRCIO, SESC E SENAC DE SÃO PAULO;62928320;b3S;S5;I;2;SAO PAULO;SP;09/2021;NA;NA;NA;NA;164.991;140.681;0;NA;NA;NA;0;6.476;147.157;NA;NA%;NA%;112,12%;NA%;0,09%
COOPERATIVA DE CRÉDITO DE LIVRE ADMISSÃO CREDFAZ LTDA. - SICOOB CREDFAZ;952415;b3S;S5;I;2;BRASILIA;DF;09/2021;NA;NA;NA;NA;56.625;132.680;0;NA;NA;NA;0;14.198;146.878;NA;NA%;NA%;38,55%;NA%;3,69%
COOPERATIVA DE CRÉDITO DE LIVRE ADMISSÃO CREDIEMBRAPA LTDA - SICOOB.;2338666;b3S;S5;I;2;BRASILIA;DF;09/2021;NA;NA;NA;NA;26.437;132.588;0;NA;NA;NA;0;13.289;145.877;NA;NA%;NA%;18,12%;NA%;23,12%
COOPERATIVA DE CRÉDITO DO VALE EUROPEU - SICOOB EURO VALE;82133182;b3S;S5;I;2;TIMBO;SC;09/2021;NA;NA;NA;NA;25.668;137.728;0;NA;NA;NA;0;7.521;145.250;NA;NA%;NA%;17,67%;NA%;10,85%
SANTANA S.A. - CFI - PRUDENCIAL;1000083474;n1;S5;I;2;SAO PAULO;SP;09/2021;NA;NA;NA;NA;31.214;129.223;0;NA;NA;NA;0;15.916;145.139;NA;NA%;NA%;21,51%;NA%;1,73%
FAIR CC S.A. - PRUDENCIAL;1000081919;n2;S4;I;2;SAO PAULO;SP;09/2021;12.796;0;12.796;0;12.796;24.132;1.840;0;10;0;1.851;118.257;144.240;NA;8,87%;8,87%;8,87%;NA%;2,23%
COOPERATIVA DE CRÉDITO UNICRED COOMARCA LTDA. - COOMARCA;4355489;b3S;S5;I;2;FLORIANOPOLIS;SC;09/2021;NA;NA;NA;NA;36.006;137.712;0;NA;NA;NA;0;6.206;143.918;NA;NA%;NA%;25,02%;NA%;4,07%
COOPERATIVA DE CRéDITO COPERSUL LTDA - SICOOB COPERSUL;18966739;b3S;S5;I;2;TRES PONTAS;MG;09/2021;NA;NA;NA;NA;30.789;136.305;0;NA;NA;NA;0;7.406;143.711;NA;NA%;NA%;21,42%;NA%;12,69%
ADVANCED CC LTDA - PRUDENCIAL;1000082004;n2;S5;I;2;SAO PAULO;SP;09/2021;NA;NA;NA;NA;3.926;12.774;57.237;NA;NA;NA;57.237;73.666;143.677;NA;NA%;NA%;2,73%;NA%;35,27%
COOPERATIVA DE CRÉDITO RURAL COM INTERAÇÃO SOLIDÁRIA DE DONA EMMA - CRESOL DONA EMMA;4261151;b3S;S5;I;2;DONA EMMA;SC;09/2021;NA;NA;NA;NA;24.455;138.677;0;NA;NA;NA;0;4.979;143.656;NA;NA%;NA%;17,02%;NA%;13,41%
COOPERATIVA DE CRÉDITO CARLOS CHAGAS LTDA. - SICOOB CARLOS CHAGAS;41753500;b3S;S5;I;2;CARLOS CHAGAS;MG;09/2021;NA;NA;NA;NA;58.053;134.443;0;NA;NA;NA;0;9.032;143.475;NA;NA%;NA%;40,46%;NA%;3,88%
SUL AMERICA INVEST DTVM S.A. - PRUDENCIAL;1000084026;n2;S4;I;3;SAO PAULO;SP;09/2021;98.451;0;98.451;0;98.451;59.869;0;0;0;0;0;83.252;143.121;NA;68,79%;68,79%;68,79%;NA%;29,52%
COOPERATIVA DE CRÉDITO DE LIVRE ADMISSÃO DO NOROESTE DE MINAS GERAIS LTDA.   SICOOB CREDIPINHO;71154876;b3S;S5;I;2;JOAO PINHEIRO;MG;09/2021;NA;NA;NA;NA;29.992;134.044;0;NA;NA;NA;0;7.662;141.705;NA;NA%;NA%;21,16%;NA%;5,04%
F D GOLD DTVM LTDA - PRUDENCIAL;1000083993;n2;S4;I;2;SAO PAULO;SP;09/2021;21.363;0;21.363;0;21.363;8.887;50.832;0;0;0;50.832;81.953;141.671;NA;15,08%;15,08%;15,08%;NA%;8,84%
CENTROCRED CFI - PRUDENCIAL;1000084727;n1;S5;I;2;SANTA CRUZ DO SUL;RS;09/2021;NA;NA;NA;NA;43.141;117.314;0;NA;NA;NA;0;23.862;141.176;NA;NA%;NA%;30,56%;NA%;0,00%
COOPERATIVA DE CRÉDITO UNIÃO CENTRO OESTE LTDA. - SICOOB UNIÃO CENTRO OESTE;26072728;b3S;S5;I;2;ARCOS;MG;09/2021;NA;NA;NA;NA;38.283;133.344;0;NA;NA;NA;0;7.455;140.799;NA;NA%;NA%;27,19%;NA%;28,73%
COOPERATIVA DE CRÉDITO DOS INTEGRANTES DO PODER JUDICIÁRIO E DAS INSTITUIÇÕES JURÍDICAS DA UNIÃO EM MINAS GERAIS LTDA.   SICOOB COOPJUS;25363615;b3S;S5;I;2;BELO HORIZONTE;MG;09/2021;NA;NA;NA;NA;64.663;133.976;0;NA;NA;NA;0;6.816;140.791;NA;NA%;NA%;45,93%;NA%;11,15%
COOPERATIVA DE CRÉDITO, POUPANÇA E INVESTIMENTO DA REGIÃO DAS FLORES, DAS ÁGUAS E DOS VENTOS SP - SICREDI FORÇA DOS VENTOS SP;57647653;b3S;S4;I;2;JAGUARIUNA;SP;09/2021;17.776;0;17.776;3.554;21.330;129.280;0;0;60;0;60;11.048;140.388;271.043;12,66%;12,66%;15,19%;6,56%;31,37%
COOPERATIVA DE ECONOMIA E CRéDITO MúTUO DOS SERVIDORES DO PODER JUDICIáRIO, DO TRIBUNAL DE CONTAS ESTADUAL E DEMAIS ÓRGãOS PúBLICOS MUNICIPAIS, ESTADUAIS E FEDERAIS NO ESTADO DO RIO DE JANEIRO LTDA. -;2000895;b3S;S5;I;2;RIO DE JANEIRO;RJ;09/2021;NA;NA;NA;NA;73.280;130.431;0;NA;NA;NA;0;9.824;140.254;NA;NA%;NA%;52,25%;NA%;0,37%
CREDISAN COOPERATIVA DE CRÉDITO;62109566;b3S;S5;I;2;SAO JOAO DA BOA VISTA;SP;09/2021;NA;NA;NA;NA;37.552;128.581;0;NA;NA;NA;0;11.074;139.655;NA;NA%;NA%;26,89%;NA%;19,90%
FINAXIS - PRUDENCIAL;1000080790;b1;S4;C;2;CURITIBA;PR;09/2021;25.599;0;25.599;0;25.599;16.092;0;0;0;0;0;123.258;139.350;55.169;18,37%;18,37%;18,37%;46,40%;3,09%
COOPERATIVA DE CRÉDITO RURAL COM INTERAÇÃO SOLIDÁRIA CONFIANÇA - CRESOL CONFIANÇA;7252614;b3S;S5;I;2;PAIM FILHO;RS;09/2021;NA;NA;NA;NA;18.039;135.591;0;NA;NA;NA;0;3.443;139.034;NA;NA%;NA%;12,97%;NA%;8,82%
COOPERATIVA DE CRÉDITO DO MÉDIO SUL BAIANO LTDA. - SICOOB COSTA DO DESCOBRIMENTO;1205736;b3S;S5;I;2;ITAMARAJU;BA;09/2021;NA;NA;NA;NA;22.038;127.738;0;NA;NA;NA;0;10.764;138.502;NA;NA%;NA%;15,91%;NA%;9,69%
COOPERATIVA DE CRÉDITO DE LIVRE ADMISSÃO DE BOA ESPERANÇA LTDA. - SICOOB BELCREDI;869687;b3S;S5;I;2;BOA ESPERANCA;MG;09/2021;NA;NA;NA;NA;24.503;134.099;0;NA;NA;NA;0;4.345;138.444;NA;NA%;NA%;17,70%;NA%;1,80%
COOPERATIVA DE CRÉDITO DO VALE DO SÃO FRANCISCO - SICREDI VALE DO SÃO FRANCISCO;4237413;b3S;S5;I;2;PETROLINA;PE;09/2021;NA;NA;NA;NA;39.036;128.864;0;NA;NA;NA;0;9.091;137.954;NA;NA%;NA%;28,30%;NA%;10,21%
AFEAM - PRUDENCIAL;1000081108;n1;S4;I;1;MANAUS;AM;09/2021;104.527;0;104.527;0;104.527;85.381;0;0;0;0;0;51.993;137.374;NA;76,09%;76,09%;76,09%;NA%;9,43%
COOPERATIVA DE CRÉDITO SACRAMENTO LTDA - SICOOB SACRAMENTO;71154256;b3S;S5;I;2;SACRAMENTO;MG;09/2021;NA;NA;NA;NA;26.314;131.705;0;NA;NA;NA;0;4.968;136.673;NA;NA%;NA%;19,25%;NA%;12,83%
STONEX DTVM - PRUDENCIAL;1000084088;b2;S4;C;3;SAO PAULO;SP;09/2021;84.472;0;84.472;0;84.472;32.624;18.901;0;0;0;18.901;85.023;136.549;209.494;61,86%;61,86%;61,86%;40,32%;1,86%
SICREDI CARIRI - COOPERATIVA DE CRÉDITO DA REGIÃO DO CARIRI;86913993;b3S;S5;I;2;JUAZEIRO DO NORTE;CE;09/2021;NA;NA;NA;NA;35.872;128.582;0;NA;NA;NA;0;6.703;135.285;NA;NA%;NA%;26,52%;NA%;8,65%
COOPERATIVA DE CRÉDITO GUARANICREDI LTDA. - SICOOB GUARANICREDI;26014175;b3S;S5;I;2;GUARANI;MG;09/2021;NA;NA;NA;NA;20.381;128.152;0;NA;NA;NA;0;6.770;134.922;NA;NA%;NA%;15,11%;NA%;22,60%
COOPERATIVA DE CRÉDITO NOSSA SENHORA DO DESTERRO - SICOOB CREDISC;3419786;b3S;S5;I;2;FLORIANOPOLIS;SC;09/2021;NA;NA;NA;NA;29.205;125.506;0;NA;NA;NA;0;9.175;134.681;NA;NA%;NA%;21,68%;NA%;4,93%
COOPERATIVA DE CRÉDITO DE LIVRE ADMISSÃO DE RIO BRANCO LTDA;1608685;b3S;S5;I;2;RIO BRANCO;AC;09/2021;NA;NA;NA;NA;35.819;126.187;0;NA;NA;NA;0;8.356;134.544;NA;NA%;NA%;26,62%;NA%;11,44%
COOPERATIVA DE CRÉDITO HORIZONTE - SICOOB HORIZONTE;7194313;b3S;S5;I;2;ARAPONGAS;PR;09/2021;NA;NA;NA;NA;16.964;123.065;0;NA;NA;NA;0;11.400;134.465;NA;NA%;NA%;12,62%;NA%;28,04%
COOPERATIVA DE CRÉDITO DE LIVRE ADMISSÃO DE PALMEIRAS E REGIÃO LTDA.;37631058;b3S;S5;I;2;PALMEIRAS DE GOIAS;GO;09/2021;NA;NA;NA;NA;48.248;129.403;0;NA;NA;NA;0;5.000;134.403;NA;NA%;NA%;35,90%;NA%;6,88%
COOPERATIVA DE CRÉDITO DA SERRA CATARINENSE - CREDICOMIN;9590601;b3S;S5;I;2;LAGES;SC;09/2021;NA;NA;NA;NA;26.072;128.241;0;NA;NA;NA;0;6.159;134.400;NA;NA%;NA%;19,40%;NA%;9,26%
COOPERATIVA DE ECONOMIA E CRÉDITO MÚTUO DOS FUNCIONÁRIOS DO GRUPO COSAN - BARRACRED COSAN;1439107;b3S;S5;I;2;BARRA BONITA;SP;09/2021;NA;NA;NA;NA;153.074;126.159;0;NA;NA;NA;0;7.678;133.837;NA;NA%;NA%;114,37%;NA%;1,21%
BCO CEDULA S.A. - PRUDENCIAL;1000081469;b1;S4;I;2;RIO DE JANEIRO;RJ;09/2021;36.077;0;36.077;0;36.077;81.344;0;0;9;35.677;35.686;15.735;132.766;122.724;27,17%;27,17%;27,17%;29,40%;0,76%
COOPERATIVA DE CRÉDITO DOS EMPRESÁRIOS DO ESTADO DE GOIÁS LTDA;4406371;b3S;S5;I;2;GOIANIA;GO;09/2021;NA;NA;NA;NA;34.090;119.916;0;NA;NA;NA;0;11.621;131.536;NA;NA%;NA%;25,92%;NA%;7,99%
COOPERATIVA DE ECONOMIA E CRÉDITO DE LIVRE ADMISSÃO LTDA. - SICOOB EMPRESARIAL;5856736;b3S;S5;I;2;BRASILIA;DF;09/2021;NA;NA;NA;NA;15.070;119.254;0;NA;NA;NA;0;11.901;131.155;NA;NA%;NA%;11,49%;NA%;8,99%
COOPERATIVA DE CRÉDITO DOS MÉDICOS, TÉCNICOS E DEMAIS PROFISSIONAIS DA SAÚDE DO SUL DE MINAS LTDA., UNICRED SUL DE MINAS;71418784;b3S;S5;I;2;VARGINHA;MG;09/2021;NA;NA;NA;NA;27.394;123.627;0;NA;NA;NA;0;7.471;131.098;NA;NA%;NA%;20,90%;NA%;7,27%
COOPERATIVA DE CREDITO DO PLANALTO SUL - SICOOB CREDISSERRANA;3033469;b3S;S5;I;2;LAGES;SC;09/2021;NA;NA;NA;NA;18.553;122.526;0;NA;NA;NA;0;6.439;128.965;NA;NA%;NA%;14,39%;NA%;10,60%
COOPERATIVA DE CRÉDITO DOS SERVIDORES PÚBLICOS NO ESTADO DA BAHIA LTDA. - SICOOB CRED EXECUTIVO;4321309;b3S;S5;I;2;SALVADOR;BA;09/2021;NA;NA;NA;NA;26.243;122.294;0;NA;NA;NA;0;6.617;128.911;NA;NA%;NA%;20,36%;NA%;2,24%
BRL TRUST DTVM SA - PRUDENCIAL;1000084277;n2;S4;I;2;SAO PAULO;SP;09/2021;21.270;0;21.270;0;21.270;19.609;0;0;0;0;0;109.293;128.902;NA;16,50%;16,50%;16,50%;NA%;8,81%
COOPERATIVA DE CRéDITO CREDIVAZ LTDA. - SICOOB CREDIVAZ;803287;b3S;S5;I;2;VAZANTE;MG;09/2021;NA;NA;NA;NA;38.049;122.716;0;NA;NA;NA;0;6.033;128.749;NA;NA%;NA%;29,55%;NA%;9,36%
COOPERATIVA DE ECONOMIA E CRÉDITO MÚTUO DOS FUNCIONÁRIOS DA SECRETARIA DE ESTADO DA FAZENDA E ÓRGÃOS OFICIAIS DO ESTADO DE MINAS GERAIS LTDA - SICOOB COOPSEF;16721078;b3S;S5;I;2;BELO HORIZONTE;MG;09/2021;NA;NA;NA;NA;72.427;115.982;0;NA;NA;NA;0;11.170;127.152;NA;NA%;NA%;56,96%;NA%;1,83%
SITA SCCVM S.A. - PRUDENCIAL;1000082743;n2;S4;I;2;BELO HORIZONTE;MG;09/2021;55.589;0;55.589;0;55.589;92.719;0;0;0;0;0;34.327;127.046;NA;43,75%;43,75%;43,75%;NA%;0,24%
CENTRAL DAS COOPERATIVAS DE CRÉDITO DO ESTADO DE SÃO PAULO - SICOOB CENTRAL CECRESP;62931522;b3C;S4;I;2;SAO PAULO;SP;09/2021;13.961;0;13.961;0;13.961;67.990;0;0;5.710;0;5.710;52.747;126.447;1.329.053;11,04%;11,04%;11,04%;1,05%;30,57%
COOPERATIVA DE CRÉDITO SICREDI CENTRO PERNAMBUCANA;41255225;b3S;S5;I;2;CARUARU;PE;09/2021;NA;NA;NA;NA;53.746;115.570;0;NA;NA;NA;0;10.382;125.952;NA;NA%;NA%;42,67%;NA%;6,13%
LECCA - PRUDENCIAL;1000080680;n1;S4;C;2;RIO DE JANEIRO;RJ;09/2021;20.295;0;20.295;0;20.295;67.107;0;0;0;0;0;57.896;125.003;NA;16,24%;16,24%;16,24%;NA%;0,00%
COOPERATIVA DE CRÉDITO CREDINORTE LTDA. - SICOOB CREDINORTE;64276058;b3S;S5;I;2;NANUQUE;MG;09/2021;NA;NA;NA;NA;38.091;117.667;0;NA;NA;NA;0;6.385;124.052;NA;NA%;NA%;30,71%;NA%;29,26%
COOPERATIVA DE CRÉDITO DE LIVRE ADMISSÃO DE ANÁPOLIS E REGIÃO LTDA;33615055;b3S;S5;I;2;ANAPOLIS;GO;09/2021;NA;NA;NA;NA;32.582;115.419;0;NA;NA;NA;0;8.188;123.607;NA;NA%;NA%;26,36%;NA%;29,27%
COOPERATIVA DE CRÉDITO CREDIALP LTDA - SICOOB CREDIALP;25353939;b3S;S5;I;2;ALPINOPOLIS;MG;09/2021;NA;NA;NA;NA;24.955;116.879;0;NA;NA;NA;0;6.575;123.454;NA;NA%;NA%;20,21%;NA%;5,19%
OM DTVM LTDA - PRUDENCIAL;1000084239;n2;S4;I;2;SAO PAULO;SP;09/2021;21.550;0;21.550;0;21.550;11.942;40.237;0;44;0;40.281;70.722;122.945;NA;17,53%;17,53%;17,53%;NA%;3,85%
COOPERATIVA DE CRÉDITO DE LIVRE ADMISSÃO DE ASSOCIADOS DO PLANALTO SERRANO - SICOOB CREDISERRA SC;1692448;b3S;S5;I;2;URUPEMA;SC;09/2021;NA;NA;NA;NA;24.502;116.258;0;NA;NA;NA;0;4.855;121.113;NA;NA%;NA%;20,23%;NA%;7,83%
COOPERATIVA DE CRÉDITO DE LIVRE ADMISSÃO DE PEDRO LEOPOLDO LTDA - SICOOB CREDIPEL;71441406;b3S;S5;I;2;PEDRO LEOPOLDO;MG;09/2021;NA;NA;NA;NA;22.939;111.757;0;NA;NA;NA;0;8.558;120.315;NA;NA%;NA%;19,07%;NA%;17,59%
COOPERATIVA DE CRÉDITO COOPCRED;53623781;b3S;S5;I;2;VALPARAISO;SP;09/2021;NA;NA;NA;NA;34.266;113.021;0;NA;NA;NA;0;7.056;120.077;NA;NA%;NA%;28,54%;NA%;12,67%
COOPERATIVA DE ECONOMIA E CRÉDITO MÚTUO UNICRED HORIZONTES LTDA - UNICRED HORIZONTES;1526924;b3S;S5;I;2;IJUI;RS;09/2021;NA;NA;NA;NA;37.923;113.812;0;NA;NA;NA;0;4.874;118.686;NA;NA%;NA%;31,95%;NA%;0,56%
BANCO RNX S.A. - PRUDENCIAL;1000081775;b2;S4;I;2;CURITIBA;PR;09/2021;18.282;0;18.282;0;18.282;105.790;0;0;0;0;0;12.465;118.255;141.523;15,46%;15,46%;15,46%;12,92%;1,86%
COOPERATIVA DE ECONOMIA E CRÉDITO MÚTUO NOS ESTADOS DE ALAGOAS, SERGIPE E BAHIA - SICOOB LESTE;2493000;b3S;S5;I;2;MACEIO;AL;09/2021;NA;NA;NA;NA;39.768;107.375;0;NA;NA;NA;0;10.420;117.795;NA;NA%;NA%;33,76%;NA%;15,88%
COOPERATIVA DE CRÉDITO RURAL COM INTERAÇÃO SOLIDÁRIA DE GUARANI DAS MISSÕES - CRESOL GUARANI DAS MISSÕES;8488377;b3S;S5;I;2;GUARANI DAS MISSOES;RS;09/2021;NA;NA;NA;NA;14.638;113.426;0;NA;NA;NA;0;4.075;117.501;NA;NA%;NA%;12,46%;NA%;17,49%
COOPERATIVA DE CRÉDITO CREDIBELO LTDA. - SICOOB CREDIBELO;71237184;b3S;S5;I;2;CAMPO BELO;MG;09/2021;NA;NA;NA;NA;22.878;109.990;0;NA;NA;NA;0;7.391;117.381;NA;NA%;NA%;19,49%;NA%;7,14%
COOPERATIVA DE CRÉDITO UNIÃO DO CENTRO OESTE DE MINAS LTDA. - SICOOB CENTRO UNIÃO;65239402;b3S;S5;I;2;CARMO DO CAJURU;MG;09/2021;NA;NA;NA;NA;33.887;109.473;0;NA;NA;NA;0;7.621;117.094;NA;NA%;NA%;28,94%;NA%;13,68%
COOPERATIVA DE CRÉDITO RURAL COM INTERAÇÃO SOLIDÁRIA MEIO OESTE - CRESOL MEIO OESTE;7946451;b3S;S5;I;2;TANGARA;SC;09/2021;NA;NA;NA;NA;17.263;112.719;0;NA;NA;NA;0;4.302;117.022;NA;NA%;NA%;14,75%;NA%;14,99%
COOPERATIVA DE CRÉDITO DOS MÉDICOS, SERVIDORES PÚBLICOS E EMPRESÁRIOS DO NORDESTE LTDA - UNICRED DO NORDESTE;2602922;b3S;S5;I;2;FEIRA DE SANTANA;BA;09/2021;NA;NA;NA;NA;20.735;110.030;0;NA;NA;NA;0;6.241;116.271;NA;NA%;NA%;17,83%;NA%;6,38%
COOPERATIVA DE ECONOMIA E CRÉDITO MÚTUO DOS EMPREGADOS DA JOHNSON & JOHNSON;45691128;b3S;S5;I;2;SAO JOSE DOS CAMPOS;SP;09/2021;NA;NA;NA;NA;119.741;110.748;0;NA;NA;NA;0;5.220;115.969;NA;NA%;NA%;103,25%;NA%;11,97%
COOPERATIVA DE CRÉDITO, POUPANÇA E INVESTIMENTO SICREDI INTEGRAÇÃO BAHIA - SICREDI INTEGRAÇÃO BAHIA;97489280;b3S;S5;I;2;ITABUNA;BA;09/2021;NA;NA;NA;NA;41.656;108.296;0;NA;NA;NA;0;6.655;114.951;NA;NA%;NA%;36,24%;NA%;30,82%
COOPERATIVA DE CRÉDITO RURAL COM INTERAÇÃO SOLIDÁRIA DE CURITIBANOS - CRESOL CURITIBANOS;1155801;b3S;S5;I;2;CURITIBANOS;SC;09/2021;NA;NA;NA;NA;21.671;110.101;0;NA;NA;NA;0;4.280;114.381;NA;NA%;NA%;18,95%;NA%;12,60%
COOPERATIVA DE CRÉDITO DE LIVRE ADMISSÃO DE ASSOCIADOS LTDA. - SICOOB JUDICIÁRIO;37076205;b3S;S5;I;2;BRASILIA;DF;09/2021;NA;NA;NA;NA;14.084;105.188;0;NA;NA;NA;0;7.859;113.046;NA;NA%;NA%;12,46%;NA%;13,46%
COOPERATIVA DE ECONOMIA E CRÉDITO MÚTUO - SICOOB COOPERAC;8071414;b3S;S5;I;2;RIBEIRAO PRETO;SP;09/2021;NA;NA;NA;NA;14.933;106.103;0;NA;NA;NA;0;6.109;112.212;NA;NA%;NA%;13,31%;NA%;7,25%
COOPERATIVA DE CRÉDITO DE LIVRE ADMISSÃO DA REGIÃO DE SÃO SEBASTIÃO DO PARAÍSO LTDA. - SICOOB PARAÍSOCRED;1657678;b3S;S5;I;2;SAO SEBASTIAO DO PARAISO;MG;09/2021;NA;NA;NA;NA;21.676;103.990;0;NA;NA;NA;0;7.690;111.679;NA;NA%;NA%;19,41%;NA%;17,62%
COOPERATIVA DE CRÉDITO DE LIVRE ADMISSÃO DE ASSOCIADOS DO SUL DO BRASIL - CREVISC;10143743;b3S;S5;I;2;GUARAMIRIM;SC;09/2021;NA;NA;NA;NA;28.143;104.435;0;NA;NA;NA;0;6.886;111.321;NA;NA%;NA%;25,28%;NA%;8,69%
COOPERATIVA CENTRAL DE CRÉDITO, POUPANÇA E INVESTIMENTO DE MATO GROSSO DO SUL, GOIÁS, DISTRITO FEDERAL E TOCANTINS - CENTRAL SICREDI BRASIL CENTRAL;33737818;b3C;S4;I;2;GOIANIA;GO;09/2021;83.874;0;83.874;0;83.874;110.347;0;0;0;0;0;0;110.347;2.561.404;76,01%;76,01%;76,01%;3,27%;1,74%
COOPERATIVA DE CRÉDITO DE LIVRE ADMISSÃO E DOS ADVOGADOS LTDA. - SICOOB CREDIJUR;2480577;b3S;S5;I;2;GOIANIA;GO;09/2021;NA;NA;NA;NA;32.284;101.339;0;NA;NA;NA;0;8.898;110.237;NA;NA%;NA%;29,29%;NA%;13,31%
COOPERATIVA DE CREDITO DOS PROFISSIONAIS DE SAUDE DO TRIANGULO MINEIRO E SUL DE MINAS LTDA.-UNICRED PROGRESSO;71432926;b3S;S5;I;2;UBERABA;MG;09/2021;NA;NA;NA;NA;22.458;105.265;0;NA;NA;NA;0;4.824;110.089;NA;NA%;NA%;20,40%;NA%;4,29%
COOPERATIVA DE CRéDITO DE TIROS E MATUTINA LTDA.- SICOOB CREDITIROS;42880617;b3S;S5;I;2;TIROS;MG;09/2021;NA;NA;NA;NA;25.508;104.473;0;NA;NA;NA;0;4.904;109.378;NA;NA%;NA%;23,32%;NA%;6,60%
COOPERATIVA DE CRÉDITO DOS MAGISTRADOS, SERVIDORES DA JUSTIÇA DO ESTADO DE GOIÁS E EMPREGADOS DA CELG LTDA.;9552111;b3S;S5;I;2;GOIANIA;GO;09/2021;NA;NA;NA;NA;45.131;100.063;0;NA;NA;NA;0;7.754;107.817;NA;NA%;NA%;41,86%;NA%;1,41%
COOPERATIVA DE CRÉDITO RURAL COM INTERAÇÃO SOLIDÁRIA PLANALTO SERRANO - CRESOL PLANALTO SERRANO;2766672;b3S;S5;I;2;SAO JOAQUIM;SC;09/2021;NA;NA;NA;NA;18.923;101.942;0;NA;NA;NA;0;4.178;106.119;NA;NA%;NA%;17,83%;NA%;16,13%
COOPERATIVA DE CRéDITO DE LIVRE ADMISSãO SICOOB CREDIACIL;8795285;b3S;S5;I;2;LEME;SP;09/2021;NA;NA;NA;NA;17.371;100.305;0;NA;NA;NA;0;5.746;106.052;NA;NA%;NA%;16,38%;NA%;17,12%
COOPERATIVA DE CRÉDITO DOS SERVIDORES DOS PODERES LEGISLATIVOS DO ESTADO DE MINAS GERAIS E DO SEU ÓRGÃO AUXILIAR LTDA. - SICOOB COFAL;21797311;b3S;S5;I;2;BELO HORIZONTE;MG;09/2021;NA;NA;NA;NA;43.845;98.703;0;NA;NA;NA;0;6.462;105.166;NA;NA%;NA%;41,69%;NA%;1,64%
COOPERATIVA DE CREDITO CREDIAGRO LTDA. - SICOOB CREDIAGRO;429890;b3S;S5;I;2;CAMPOS ALTOS;MG;09/2021;NA;NA;NA;NA;34.033;99.052;0;NA;NA;NA;0;4.824;103.877;NA;NA%;NA%;32,76%;NA%;7,75%
COOPERATIVA DE ECONOMIA E CRÉDITO MÚTUO DOS MÉDICOS E DEMAIS PROFISSIONAIS DA ÁREA DE SAÚDE DE NÍVEL SUPERIOR DE JUIZ DE FORA LTDA. - UNICRED JUIZ DE FORA;71479653;b3S;S5;I;2;JUIZ DE FORA;MG;09/2021;NA;NA;NA;NA;18.767;99.645;0;NA;NA;NA;0;4.022;103.668;NA;NA%;NA%;18,10%;NA%;7,88%
COOPERATIVA DE CRÉDITO DE LIVRE ADMISSÃO DE CARMO DO RIO CLARO LTDA - SICOOB CREDICARMO;25743311;b3S;S5;I;2;CARMO DO RIO CLARO;MG;09/2021;NA;NA;NA;NA;37.736;98.083;0;NA;NA;NA;0;5.187;103.270;NA;NA%;NA%;36,54%;NA%;15,68%
COOPERATIVA DE CRÉDITO DE LIVRE ADMISSÃO DE SANTA CRUZ DAS PALMEIRAS E REGIÃO;6910457;b3S;S5;I;2;SANTA CRUZ DAS PALMEIRAS;SP;09/2021;NA;NA;NA;NA;15.513;96.691;0;NA;NA;NA;0;5.996;102.688;NA;NA%;NA%;15,11%;NA%;16,83%
COOPERATIVA DE CRÉDITO RURAL COM INTERAÇÃO SOLIDÁRIA DE ALFREDO WAGNER - CRESOL ALFREDO WAGNER;5494591;b3S;S5;I;2;ALFREDO WAGNER;SC;09/2021;NA;NA;NA;NA;14.978;99.859;0;NA;NA;NA;0;2.597;102.455;NA;NA%;NA%;14,62%;NA%;15,82%
COOPERATIVA DE CRÉDITO DE LIVRE ADMISSÃO DO CENTRO SUL DE MATO GROSSO DO SUL - SICOOB CENTRO SUL MS;10319386;b3S;S5;I;2;DOURADOS;MS;09/2021;NA;NA;NA;NA;19.008;94.096;0;NA;NA;NA;0;7.713;101.808;NA;NA%;NA%;18,67%;NA%;8,73%
GREENCRED - COOPERATIVA DE CREDITO;2347114;b3S;S5;I;2;CURITIBA;PR;09/2021;NA;NA;NA;NA;25.131;98.941;0;NA;NA;NA;0;2.677;101.618;NA;NA%;NA%;24,73%;NA%;0,00%
COOPERATIVA DE CRÉDITO DE LIVRE ADMISSÃO DE PIRACANJUBA LTDA;5222094;b3S;S5;I;2;PIRACANJUBA;GO;09/2021;NA;NA;NA;NA;19.931;98.081;0;NA;NA;NA;0;3.491;101.572;NA;NA%;NA%;19,62%;NA%;3,83%
BBVA BRASIL BI S.A. - PRUDENCIAL;1000081366;b2;S4;I;3;SAO PAULO;SP;09/2021;109.258;0;109.258;0;109.258;79.874;0;0;0;2.761;2.761;18.653;101.288;111.955;107,87%;107,87%;107,87%;97,59%;0,14%
COOPERATIVA DE CRÉDITO RURAL COM INTERAÇÃO SOLIDÁRIA DE WITMARSUM - CRESOL WITMARSUM;7465539;b3S;S5;I;2;WITMARSUM;SC;09/2021;NA;NA;NA;NA;22.440;96.480;0;NA;NA;NA;0;3.830;100.309;NA;NA%;NA%;22,37%;NA%;9,89%
FRENTE CC LTDA. - PRUDENCIAL;1000084387;n2;S4;I;2;SAO PAULO;SP;09/2021;-9.525;0;-9.525;0;-9.525;1.685;84.405;0;0;0;84.405;13.407;99.497;NA;-9,57%;-9,57%;-9,57%;NA%;-3,99%
STATE STREET BRASIL - PRUDENCIAL;1000081627;b1;S4;I;3;SAO PAULO;SP;09/2021;404.606;0;404.606;0;404.606;22.469;243;0;33.969;0;34.212;42.778;99.459;2.851.262;406,81%;406,81%;406,81%;14,19%;0,85%
VITREO DTVM - PRUDENCIAL;1000085063;n2;S4;I;2;SAO PAULO;SP;09/2021;38.341;0;38.341;0;38.341;47.176;0;0;176;0;176;50.385;97.738;NA;39,23%;39,23%;39,23%;NA%;4,64%
COOPERATIVA DE CREDITO RURAL SEARA - CREDISEARA;204963;b3S;S5;I;2;SEARA;SC;09/2021;NA;NA;NA;NA;18.850;95.108;0;NA;NA;NA;0;2.506;97.614;NA;NA%;NA%;19,31%;NA%;5,56%
COOPERATIVA DE ECONOMIA E CRÉDITO MÚTUO DO VALE DAS ANTAS LTDA. - UNICRED VALE DAS ANTAS;94243839;b3S;S5;I;2;CASCA;RS;09/2021;NA;NA;NA;NA;21.523;93.434;0;NA;NA;NA;0;3.070;96.504;NA;NA%;NA%;22,30%;NA%;2,92%
COOPERATIVA DE CRÉDITO DE LIVRE ADMISSÃO DO SERTÃO DE MINAS GERAIS LTDA. - SICOOB SERTÃO MINAS;1667352;b3S;S5;I;2;PIRAPORA;MG;09/2021;NA;NA;NA;NA;17.330;90.698;0;NA;NA;NA;0;5.464;96.162;NA;NA%;NA%;18,02%;NA%;10,56%
COOPERATIVA DE CRÉDITO CREDICAMPINA LTDA. - SICOOB CREDICAMPINA;1609345;b3S;S5;I;2;CAMPINA VERDE;MG;09/2021;NA;NA;NA;NA;16.052;91.547;0;NA;NA;NA;0;4.018;95.566;NA;NA%;NA%;16,80%;NA%;16,17%
COOPERATIVA DE ECONOMIA E CRÉDITO MÚTUO DOS FUNCIONÁRIOS DO ATACADÃO;52046299;b3S;S5;I;2;SAO PAULO;SP;09/2021;NA;NA;NA;NA;100.653;91.777;0;NA;NA;NA;0;3.726;95.503;NA;NA%;NA%;105,39%;NA%;0,02%
COOPERATIVA DE ECONOMIA E CRÉDITO MÚTUO DOS MÉDICOS E DEMAIS PROFISSIONAIS DE NÍVEL SUPERIOR DA ÁREA DE SAÚDE DE OURINHOS - OURICRED;2179673;b3S;S5;I;2;OURINHOS;SP;09/2021;NA;NA;NA;NA;16.217;91.433;0;NA;NA;NA;0;3.967;95.400;NA;NA%;NA%;17,00%;NA%;5,48%
COOPERATIVA DE CRÉDITO VALE DO CANOAS - SICOOB/SC CREDICANOAS;707903;b3S;S5;I;2;ABDON BATISTA;SC;09/2021;NA;NA;NA;NA;21.398;89.062;0;NA;NA;NA;0;4.963;94.025;NA;NA%;NA%;22,76%;NA%;3,72%
COOPERATIVA DE CRÉDITO DE LIVRE ADMISSÃO DE CAMPOS GERAIS E CAMPO DO MEIO LTDA - SICOOB CREDCAM;71146450;b3S;S5;I;2;CAMPOS GERAIS;MG;09/2021;NA;NA;NA;NA;21.944;89.060;0;NA;NA;NA;0;4.435;93.495;NA;NA%;NA%;23,47%;NA%;11,11%
COOPERATIVA DE CREDITO RURAL E ECONOMIA COM INTERAÇÃO SOLIDARIA DAS ENCOSTAS DA SERRA GERAL - CRESOL ENCOSTAS DA SERRA GERAL;3485130;b3S;S5;I;2;SANTA ROSA DE LIMA;SC;09/2021;NA;NA;NA;NA;14.258;87.874;0;NA;NA;NA;0;5.309;93.183;NA;NA%;NA%;15,30%;NA%;10,40%
CREDISIS CAPITALCREDI - COOPERATIVA DE CRÉDITO DE LIVRE ADMISSÃO DO ACRE LTDA;5439425;b3S;S5;I;2;RIO BRANCO;AC;09/2021;NA;NA;NA;NA;26.418;86.862;0;NA;NA;NA;0;5.970;92.831;NA;NA%;NA%;28,46%;NA%;3,60%
COOPERATIVA DE ECONOMIA E CRÉDITO MÚTUO DOS TRABALHADORES DO GRUPO SÃO MARTINHO   USICRED;2562412;b3S;S5;I;2;PRADOPOLIS;SP;09/2021;NA;NA;NA;NA;99.255;89.886;0;NA;NA;NA;0;2.400;92.286;NA;NA%;NA%;107,55%;NA%;0,08%
TRANSFERWISE BRASIL CC - PRUDENCIAL;1000085647;n2;S4;C;2;SAO PAULO;SP;09/2021;25.588;0;25.588;0;25.588;10.320;0;0;0;0;0;81.451;91.771;NA;27,88%;27,88%;27,88%;NA%;0,00%
IDEAL CTVM - PRUDENCIAL;1000084851;n2;S4;I;2;SAO PAULO;SP;09/2021;42.029;0;42.029;0;42.029;3.256;0;0;42;0;42;87.863;91.161;NA;46,10%;46,10%;46,10%;NA%;2,53%
COOPERATIVA DE CRÉDITO SICOOB NORTE SUL LTDA;2876918;b3S;S5;I;2;GANDU;BA;09/2021;NA;NA;NA;NA;14.358;82.751;0;NA;NA;NA;0;7.605;90.356;NA;NA%;NA%;15,89%;NA%;11,09%
COOPERATIVA DE CRÉDITO DE LIVRE ADMISSÃO DE ASSOCIADOS DE CAÇADOR   SICOOB CAÇADOR SC;86791837;b3S;S5;I;2;CACADOR;SC;09/2021;NA;NA;NA;NA;17.958;83.822;0;NA;NA;NA;0;5.797;89.619;NA;NA%;NA%;20,04%;NA%;10,53%
COOPERATIVA DE CRÉDITO CREDIESMERALDAS LTDA. - SICOOB CREDIESMERALDAS;68512748;b3S;S5;I;2;ESMERALDAS;MG;09/2021;NA;NA;NA;NA;17.484;81.407;0;NA;NA;NA;0;8.195;89.602;NA;NA%;NA%;19,51%;NA%;25,87%
COOPERATIVA DE ECONOMIA E CRÉDITO MÚTUO DOS SERVIDORES DO PODER EXECUTIVO FEDERAL, DOS SERVIDORES DA SECRETARIA DE SAÚDE E DOS TRABALHADORES EM ENSINO DO DISTRITO FEDERAL LTDA.   SICOOB EXECUTIVO;694877;b3S;S5;I;2;BRASILIA;DF;09/2021;NA;NA;NA;NA;12.501;79.675;0;NA;NA;NA;0;9.810;89.486;NA;NA%;NA%;13,97%;NA%;15,94%
COOPERATIVA DE CREDITO RURAL COM INTERACAO SOLIDARIA DE SARANDI-CRESOL SARANDI;5220243;b3S;S5;I;2;SARANDI;RS;09/2021;NA;NA;NA;NA;11.085;85.748;0;NA;NA;NA;0;3.580;89.328;NA;NA%;NA%;12,41%;NA%;8,19%
COOPERATIVA DE CRÉDITO, POUPANÇA E INVESTIMENTO DOS MÉDICOS E DEMAIS PROFISSIONAIS DA SAÚDE E LIVRE ADMISSÃO MINAS - ESPÍRITO SANTO LTDA. - UNICRED MINAS - ES;1110032;b3S;S5;I;2;VITORIA;ES;09/2021;NA;NA;NA;NA;16.919;85.414;0;NA;NA;NA;0;3.423;88.837;NA;NA%;NA%;19,05%;NA%;9,79%
COOPERATIVA DE CRÉDITO MÚTUO DOS EMPREGADOS DA MAXION - CREDMAXION;58290800;b3S;S5;I;2;CRUZEIRO;SP;09/2021;NA;NA;NA;NA;99.388;84.108;0;NA;NA;NA;0;4.151;88.259;NA;NA%;NA%;112,61%;NA%;0,69%
COOPERATIVA DE ECONOMIA E CRÉDITO MÚTUO DE LIVRE ADMISSÃO DE ARARAQUARA E REGIÃO - SICOOB;53236808;b3S;S5;I;2;ARARAQUARA;SP;09/2021;NA;NA;NA;NA;13.491;81.396;0;NA;NA;NA;0;5.734;87.130;NA;NA%;NA%;15,48%;NA%;6,28%
SOLIDEZ CCTVM LTDA. - PRUDENCIAL;1000082925;n2;S4;I;2;SAO PAULO;SP;09/2021;-244.346;0;-244.346;0;-244.346;86.377;0;0;0;0;0;0;86.377;NA;-282,88%;-282,88%;-282,88%;NA%;-0,40%
COOPERATIVA DE ECONOMIA E CREDITO MUTUO DOS MEDICOS E CATEGORIAS AFINS-UNICRED NITEROI LTDA;1090027;b3S;S5;I;2;NITEROI;RJ;09/2021;NA;NA;NA;NA;24.659;80.497;0;NA;NA;NA;0;5.050;85.547;NA;NA%;NA%;28,82%;NA%;9,34%
COOPERATIVA DE CRÉDITO RURAL COM INTERAÇÃO SOLIDÁRIA ALTERNATIVA - CRESOL ALTERNATIVA;7215632;b3S;S5;I;2;APIUNA;SC;09/2021;NA;NA;NA;NA;14.794;82.713;0;NA;NA;NA;0;2.808;85.521;NA;NA%;NA%;17,30%;NA%;22,93%
COOPERATIVA DE CRÉDITO SICOOB TRANSAMAZÔNICA;24431221;b3S;S5;I;2;PACAJA;PA;09/2021;NA;NA;NA;NA;13.017;74.921;0;NA;NA;NA;0;10.485;85.406;NA;NA%;NA%;15,24%;NA%;39,94%
COOPERATIVA DE CRÉDITO RURAL E ECONOMIA COM INTERAÇÃO SOLIDÁRIA DE ARATIBA - CRESOL ARATIBA;4565791;b3S;S5;I;2;ARATIBA;RS;09/2021;NA;NA;NA;NA;10.735;82.385;0;NA;NA;NA;0;2.642;85.026;NA;NA%;NA%;12,62%;NA%;6,48%
COOPERATIVA DE CREDITO DE LIVRE ADMISSÃO DO VALE DO GORUTUBA LTDA - SICOOB CREDIVAG;25404542;b3S;S5;I;2;JANAUBA;MG;09/2021;NA;NA;NA;NA;28.923;78.108;0;NA;NA;NA;0;6.806;84.915;NA;NA%;NA%;34,06%;NA%;10,80%
COOPERATIVA DE CRÉDITO E ECONOMIA COM INTERAÇÃO SOLIDÁRIA CRESOL EVOLUÇÃO;2844024;b3S;S5;I;2;DIONISIO CERQUEIRA;SC;09/2021;NA;NA;NA;NA;16.582;82.403;0;NA;NA;NA;0;2.462;84.865;NA;NA%;NA%;19,54%;NA%;7,03%
COOPERATIVA DE CRÉDITO MÚTUO DOS PROFISSIONAIS DE NÍVEL SUPERIOR DA SAÚDE, ARQUITETOS E URBANISTAS DE SETE LAGOAS E REGIÃO LTDA - UNICRED SETE LAGOAS;71163315;b3S;S5;I;2;SETE LAGOAS;MG;09/2021;NA;NA;NA;NA;21.143;80.453;0;NA;NA;NA;0;3.844;84.296;NA;NA%;NA%;25,08%;NA%;1,03%
COOPERATIVA DE CRÉDITO DOS EMPREGADOS DO GRUPO VALLOUREC NO BRASIL - COOVALL LTDA.;64293582;b3S;S5;I;2;BELO HORIZONTE;MG;09/2021;NA;NA;NA;NA;95.780;80.036;0;NA;NA;NA;0;4.254;84.290;NA;NA%;NA%;113,63%;NA%;0,00%
COOPERATIVA DE CRÉDITO SICOOBMAIS  LTDA. - SICOOBMAIS;26359745;b3S;S5;I;2;IGUATAMA;MG;09/2021;NA;NA;NA;NA;22.237;79.844;0;NA;NA;NA;0;3.958;83.802;NA;NA%;NA%;26,54%;NA%;16,00%
AF ESTADO DE PERNAMBUCO S.A. - PRUDENCIAL;1000081177;n1;S4;I;1;RECIFE;PE;09/2021;56.236;0;56.236;0;56.236;68.550;0;0;0;0;0;14.972;83.522;NA;67,33%;67,33%;67,33%;NA%;0,54%
CREDITÁ S.A. CFI - PRUDENCIAL;1000083687;n1;S5;I;2;PORTO ALEGRE;RS;09/2021;NA;NA;NA;NA;22.283;80.243;0;NA;NA;NA;0;3.096;83.339;NA;NA%;NA%;26,74%;NA%;1,30%
COOPERATIVA DE CRÉDITO RURAL DOS FORNECEDORES DE CANA DA REGIÃO DE CATANDUVA-COFOCRED;49654502;b3S;S5;I;2;CATANDUVA;SP;09/2021;NA;NA;NA;NA;84.298;80.908;0;NA;NA;NA;0;2.410;83.318;NA;NA%;NA%;101,18%;NA%;0,58%
COOPERATIVA DE CRÉDITO RURAL E ECONOMIA COM INTERAÇÃO SOLIDÁRIA DE JACUTINGA - CRESOL JACUTINGA;2904125;b3S;S5;I;2;JACUTINGA;RS;09/2021;NA;NA;NA;NA;12.687;79.380;0;NA;NA;NA;0;3.776;83.156;NA;NA%;NA%;15,26%;NA%;14,09%
COOPERATIVA DE CRÉDITO E ECONOMIA COM INTERAÇÃO SOLIDÁRIA DE XAVANTINA - CRESOL XAVANTINA;8055016;b3S;S5;I;2;XAVANTINA;SC;09/2021;NA;NA;NA;NA;17.930;80.443;0;NA;NA;NA;0;2.658;83.101;NA;NA%;NA%;21,58%;NA%;7,23%
COOPERATIVA DE CRÉDITO RURAL DE IRAÍ DE MINAS LTDA -SICOOB CREDIMIL;71207740;b3S;S5;I;2;IRAI DE MINAS;MG;09/2021;NA;NA;NA;NA;32.704;79.899;0;NA;NA;NA;0;2.808;82.707;NA;NA%;NA%;39,54%;NA%;1,88%
BCO LA NACION ARGENTINA - PRUDENCIAL;1000081270;b1;S4;I;3;SAO PAULO;SP;09/2021;35.124;0;35.124;0;35.124;39.119;42.913;0;0;0;42.913;522;82.554;83.256;42,55%;42,55%;42,55%;42,19%;42,46%
COOPERATIVA DE ECONOMIA E CRÉDITO MÚTUO DOS EMPREGADOS DO GRUPO CASINO, GRUPO PÃO DE AÇÚCAR E GRUPO ASSAÍ;46277273;b3S;S5;I;2;SAO PAULO;SP;09/2021;NA;NA;NA;NA;95.484;77.856;0;NA;NA;NA;0;4.638;82.494;NA;NA%;NA%;115,75%;NA%;0,22%
COOPERATIVA DE CRÉDITO DE LIVRE ADMISSÃO DE ASSOCIADOS DE JARAGUÁ DO SUL E REGIÃO - SICOOB CEJASCRED;12384953;b3S;S5;I;2;JARAGUA DO SUL;SC;09/2021;NA;NA;NA;NA;13.580;77.695;0;NA;NA;NA;0;4.174;81.870;NA;NA%;NA%;16,59%;NA%;2,86%
COOPERATIVA DE CRéDITO CREDIBAM LTDA. - SICOOB CREDIBAM;66259110;b3S;S5;I;2;BAMBUI;MG;09/2021;NA;NA;NA;NA;28.800;76.610;0;NA;NA;NA;0;5.046;81.656;NA;NA%;NA%;35,27%;NA%;12,73%
UNICRED REGIONAL NORTE LAGOS - COOPERATIVA DE ECONOMIA E CRÉDITO MÚTUO REGIONAL NORTE LAGOS LTDA;4445917;b3S;S5;I;2;CAMPOS DOS GOYTACAZES;RJ;09/2021;NA;NA;NA;NA;18.795;76.181;0;NA;NA;NA;0;5.143;81.324;NA;NA%;NA%;23,11%;NA%;9,99%
COOPERATIVA DE CRÉDITO RURAL DE SÃO MIGUEL DO OESTE - SULCREDI/SÃO MIGUEL;8253539;b3S;S5;I;2;SAO MIGUEL D'OESTE;SC;09/2021;NA;NA;NA;NA;14.140;77.981;0;NA;NA;NA;0;2.682;80.663;NA;NA%;NA%;17,53%;NA%;8,73%
COOPERATIVA DE CREDITO E ECONOMIA COM INTERACAO SOLIDARIA DE CHAPECO - CRESOL CHAPECO;4281182;b3S;S5;I;2;CHAPECO;SC;09/2021;NA;NA;NA;NA;14.009;75.862;0;NA;NA;NA;0;3.649;79.511;NA;NA%;NA%;17,62%;NA%;22,70%
SENSO CCVM S.A. - PRUDENCIAL;1000082750;n2;S4;I;2;RIO DE JANEIRO;RJ;09/2021;28.557;0;28.557;0;28.557;34.531;0;0;444;31.403;31.847;13.059;79.437;NA;35,95%;35,95%;35,95%;NA%;0,45%
ELITE - CCVM LTDA - PRUDENCIAL;1000082530;n2;S4;I;2;RIO DE JANEIRO;RJ;09/2021;17.631;0;17.631;0;17.631;6.966;0;0;0;199;199;72.214;79.379;NA;22,21%;22,21%;22,21%;NA%;1,08%
UNIPRIME SUL MS - COOPERATIVA DE CRÉDITO;37554441;b3S;S5;I;2;DOURADOS;MS;09/2021;NA;NA;NA;NA;33.425;74.994;0;NA;NA;NA;0;3.836;78.830;NA;NA%;NA%;42,40%;NA%;5,66%
COOPERATIVA DE CRÉDITO DO SUDOESTE BAIANO LTDA - SICOOB CREDICONQUISTA;2282165;b3S;S5;I;2;VITORIA DA CONQUISTA;BA;09/2021;NA;NA;NA;NA;21.614;70.755;0;NA;NA;NA;0;7.696;78.451;NA;NA%;NA%;27,55%;NA%;7,13%
RPW SCMEPP - PRUDENCIAL;1000083209;n1;S5;C;2;SAO PAULO;SP;09/2021;NA;NA;NA;NA;12.859;70.317;0;NA;NA;NA;0;7.032;77.349;NA;NA%;NA%;16,62%;NA%;15,35%
COOPERATIVA DE ECONOMIA E CREDITO MUTUO SICOOB COOPERCREDI - SP;915950;b3S;S5;I;2;SAO PAULO;SP;09/2021;NA;NA;NA;NA;55.082;68.132;0;NA;NA;NA;0;8.398;76.531;NA;NA%;NA%;71,97%;NA%;3,97%
COOPERATIVA DE CREDITO CLASSICA DO ESTADO DO RIO DE JANEIRO - SICOOB EMPRESAS RJ;4120633;b3S;S5;I;2;RIO DE JANEIRO;RJ;09/2021;NA;NA;NA;NA;23.884;62.130;0;NA;NA;NA;0;14.196;76.326;NA;NA%;NA%;31,29%;NA%;8,29%
COOPERATIVA DE CRÉDITO SICREDI ALTO SERTÃO PARAIBANO - SICREDI ALTO SERTÃO PARAIBANO;9343038;b3S;S5;I;2;SOUSA;PB;09/2021;NA;NA;NA;NA;37.839;70.763;0;NA;NA;NA;0;5.108;75.871;NA;NA%;NA%;49,87%;NA%;3,69%
FC FINANCEIRA CFI - PRUDENCIAL;1000085506;n1;S4;I;2;SAO PAULO;SP;09/2021;14.348;0;14.348;0;14.348;52.740;0;0;0;0;0;22.808;75.548;NA;18,99%;18,99%;18,99%;NA%;13,55%
AGENCIA DE FOMENTO DO RN S.A. - PRUDENCIAL;1000081043;n1;S4;I;1;NATAL;RN;09/2021;52.330;0;52.330;0;52.330;58.670;0;0;0;0;0;16.775;75.445;NA;69,36%;69,36%;69,36%;NA%;1,81%
AFAL - PRUDENCIAL;1000081081;n1;S4;I;1;MACEIO;AL;09/2021;44.743;0;44.743;0;44.743;69.470;0;0;0;0;0;5.174;74.644;NA;59,94%;59,94%;59,94%;NA%;5,28%
COOPERATIVA DE CRÉDITO SICOOB UNIDAS;1042487;b3S;S5;I;2;BELEM;PA;09/2021;NA;NA;NA;NA;20.484;65.421;0;NA;NA;NA;0;8.369;73.790;NA;NA%;NA%;27,76%;NA%;17,46%
COOPERATIVA DE CRÉDITO DE LIVRE ADMISSÃO DA MARGEM ESQUERDA DO URUCUIA E SÃO FRANCISCO LTDA - SICOOB CREDICHAPADA;14046512;b3S;S5;I;2;CHAPADA GAUCHA;MG;09/2021;NA;NA;NA;NA;17.598;69.274;0;NA;NA;NA;0;4.463;73.737;NA;NA%;NA%;23,87%;NA%;4,94%
PIAUÍ FOMENTO - PRUDENCIAL;1000081160;n1;S4;I;1;TERESINA;PI;09/2021;27.338;0;27.338;0;27.338;70.117;0;0;0;0;0;3.608;73.725;NA;37,08%;37,08%;37,08%;NA%;0,35%
COOPERATIVA DE CREDITO POTIGUAR - SICOOB POTIGUAR;2382755;b3S;S5;I;2;NATAL;RN;09/2021;NA;NA;NA;NA;17.038;68.711;0;NA;NA;NA;0;4.835;73.546;NA;NA%;NA%;23,17%;NA%;8,33%
COOPERATIVA DE CRÉDITO RURAL E ECONOMIA COM INTERAÇÃO SOLIDÁRIA DE GETÚLIO VARGAS - CRESOL GETÚLIO VARGAS;5241145;b3S;S5;I;2;GETULIO VARGAS;RS;09/2021;NA;NA;NA;NA;12.573;70.268;0;NA;NA;NA;0;3.107;73.375;NA;NA%;NA%;17,13%;NA%;8,02%
JBCRED S.A. SCFI - PRUDENCIAL;1000083137;n1;S5;I;2;SAO PAULO;SP;09/2021;NA;NA;NA;NA;88.706;50.605;0;NA;NA;NA;0;22.663;73.268;NA;NA%;NA%;121,07%;NA%;1,22%
COOPERATIVA DE CRÉDITO, POUPANÇA E INVESTIMENTO DOS JUÍZES E CARREIRAS PÚBLICAS DO DIREITO DO ESTADO DO RIO GRANDE DO SUL - SICREDI AJURIS RS;3750034;b3S;S4;I;2;PORTO ALEGRE;RS;09/2021;17.116;0;17.116;0;17.116;71.399;0;0;58;0;58;1.028;72.484;185.812;23,61%;23,61%;23,61%;9,21%;2,83%
COOPERATIVA DE CRÉDITO DOS INTEGRANTES DO MINISTÉRIO PÚBLICO E DO PODER JUDICIÁRIO NOS ESTADOS DO AMAPÁ E CEARÁ E LIVRE ADMISSÃO NO ESTADO DO PARÁ - SICOOB COIMPPA;84156470;b3S;S5;I;2;BELEM;PA;09/2021;NA;NA;NA;NA;58.799;66.321;0;NA;NA;NA;0;5.969;72.290;NA;NA%;NA%;81,34%;NA%;1,15%
COOPERATIVA DE CRÉDITO RURAL COM INTERAÇÃO SOLIDÁRIA CENTRO NORTE - CRESOL CENTRO NORTE;5211129;b3S;S5;I;2;MARCELINO RAMOS;RS;09/2021;NA;NA;NA;NA;8.403;69.824;0;NA;NA;NA;0;1.742;71.566;NA;NA%;NA%;11,74%;NA%;17,10%
CONFEDERAÇÃO NACIONAL DAS COOPERATIVAS CENTRAIS UNICRED LTDA. - UNICRED DO BRASIL.;315557;b3C;S4;I;2;SAO PAULO;SP;09/2021;50.850;0;50.850;1.922;52.772;53.630;0;0;666;0;666;16.834;71.130;680.418;71,49%;71,49%;74,19%;7,47%;24,73%
COOPERATIVA DE CRÉDITO DE LIVRE ADMISSÃO DE ITAJUBÁ LTDA - SICOOB SUL DE MINAS;4079285;b3S;S5;I;2;ITAJUBA;MG;09/2021;NA;NA;NA;NA;15.957;63.907;0;NA;NA;NA;0;5.609;69.515;NA;NA%;NA%;22,95%;NA%;8,92%
COOPERATIVA DE CRÉDITO RURAL E ECONOMIA COM INTERAÇÃO SOLIDÁRIA CONCÓRDIA - CRESOL CONCÓRDIA;5425526;b3S;S5;I;2;CONCORDIA;SC;09/2021;NA;NA;NA;NA;9.760;66.754;0;NA;NA;NA;0;2.630;69.384;NA;NA%;NA%;14,07%;NA%;8,70%
SIMPALA CFI - PRUDENCIAL;1000085070;n1;S4;C;2;PORTO ALEGRE;RS;09/2021;8.491;0;8.491;0;8.491;50.839;0;0;0;0;0;18.424;69.263;NA;12,26%;12,26%;12,26%;NA%;10,61%
VORTX DTVM - PRUDENCIAL;1000084538;n2;S4;I;2;SAO PAULO;SP;09/2021;9.875;0;9.875;0;9.875;15.783;0;0;0;0;0;53.119;68.903;NA;14,33%;14,33%;14,33%;NA%;15,81%
COOPERATIVA DE CRÉDITO RURAL COM INTERAÇÃO SOLIDÁRIA DE POUSO REDONDO - CRESOL POUSO REDONDO;10453077;b3S;S5;I;2;POUSO REDONDO;SC;09/2021;NA;NA;NA;NA;13.034;66.204;0;NA;NA;NA;0;2.686;68.889;NA;NA%;NA%;18,92%;NA%;5,64%
COOPERATIVA DE CRÉDITO COGEM;44401800;b3S;S5;I;2;SAO BERNARDO DO CAMPO;SP;09/2021;NA;NA;NA;NA;75.062;65.409;0;NA;NA;NA;0;3.415;68.824;NA;NA%;NA%;109,06%;NA%;0,97%
COOPERATIVA DE CRÉDITO, POUPANÇA E INVESTIMENTO DOS MILITARES ESTADUAIS DO RIO GRANDE DO SUL - SICREDI MIL RS;3212823;b3S;S4;I;2;PORTO ALEGRE;RS;09/2021;16.309;0;16.309;0;16.309;67.333;0;0;26;0;26;1.316;68.675;113.230;23,75%;23,75%;23,75%;14,40%;5,87%
COOPERATIVA DE ECONOMIA E CRÉDITO MÚTUO DOS FUNCIONÁRIOS DA NESTLÉ - CREDI NESTLÉ;62562012;b3S;S5;I;2;SAO PAULO;SP;09/2021;NA;NA;NA;NA;72.422;64.529;0;NA;NA;NA;0;2.739;67.268;NA;NA%;NA%;107,66%;NA%;0,10%
COOPERATIVA DE CRÉDITO DE RIO RUFINO - SICOOB CREDIUNIÃO;2448839;b3S;S5;I;2;RIO RUFINO;SC;09/2021;NA;NA;NA;NA;13.114;63.801;0;NA;NA;NA;0;3.098;66.899;NA;NA%;NA%;19,60%;NA%;14,92%
COOPERATIVA DE CRÉDITO CREDICAPI LTDA - SICOOB CREDICAPI;804046;b3S;S5;I;2;CAPITOLIO;MG;09/2021;NA;NA;NA;NA;17.456;62.763;0;NA;NA;NA;0;4.108;66.871;NA;NA%;NA%;26,10%;NA%;3,21%
COOPERATIVA DE CRÉDITO E ECONOMIA COM INTERAÇÃO SOLIDÁRIA - CRESOL ALIANÇA;7412987;b3S;S5;I;2;PINHALZINHO;SC;09/2021;NA;NA;NA;NA;9.481;63.643;0;NA;NA;NA;0;2.493;66.135;NA;NA%;NA%;14,34%;NA%;24,11%
COOPERATIVA DE CRÉDITO DA REGIÃO DO VALE DO RIO GRANDE LTDA. - SICOOB CREDILEITE;86585049;b3S;S5;I;2;UBERABA;MG;09/2021;NA;NA;NA;NA;14.339;61.860;0;NA;NA;NA;0;3.831;65.691;NA;NA%;NA%;21,83%;NA%;5,57%
COOPERATIVA DE CRÉDITO SICOOB IPÊ - SICOOB IPÊ;24610065;b3S;S5;I;2;CAMPO GRANDE;MS;09/2021;NA;NA;NA;NA;10.727;61.391;0;NA;NA;NA;0;4.032;65.423;NA;NA%;NA%;16,40%;NA%;6,70%
COOPERATIVA DE CRÉDITO E INVESTIMENTOS DO ACRE - SICOOB ACRE;3528402;b3S;S5;I;2;RIO BRANCO;AC;09/2021;NA;NA;NA;NA;25.522;58.276;0;NA;NA;NA;0;6.990;65.266;NA;NA%;NA%;39,11%;NA%;32,69%
COOPERATIVA DE CRÉDITO DE LIVRE ADMISSÃO DE ASSOCIADOS - SICOOB CRUZ ALTA;73326449;b3S;S5;I;2;CRUZ ALTA;RS;09/2021;NA;NA;NA;NA;12.350;60.817;0;NA;NA;NA;0;4.155;64.972;NA;NA%;NA%;19,01%;NA%;11,41%
COOPERATIVA DE CRÉDITO SICOOB COOPEMAR LTDA;4174720;b3S;S5;I;2;MAIRI;BA;09/2021;NA;NA;NA;NA;12.532;59.505;0;NA;NA;NA;0;5.460;64.965;NA;NA%;NA%;19,29%;NA%;19,55%
PARMETAL DTVM LTDA - PRUDENCIAL;1000084019;n2;S4;I;2;BARUERI;SP;09/2021;24.742;0;24.742;0;24.742;3.964;13.232;0;344;0;13.577;47.231;64.772;NA;38,20%;38,20%;38,20%;NA%;0,99%
COOPERATIVA DE CREDITO DE LIVRE ADMISSÃO DE MARTINHO CAMPOS LTDA - SICOOB CREDIMAC;64480833;b3S;S5;I;2;MARTINHO CAMPOS;MG;09/2021;NA;NA;NA;NA;15.925;60.934;0;NA;NA;NA;0;3.506;64.441;NA;NA%;NA%;24,71%;NA%;24,81%
CREDISIS SUDOESTE/RO - COOPERATIVA DE CRÉDITO E INVESTIMENTO DO SUDOESTE DE RONDÔNIA LTDA.;3985375;b3S;S5;I;2;ROLIM DE MOURA;RO;09/2021;NA;NA;NA;NA;19.843;58.543;0;NA;NA;NA;0;5.072;63.616;NA;NA%;NA%;31,19%;NA%;11,71%
COOPERATIVA DE CRÉDITO, POUPANÇA E INVESTIMENTO EMPREENDEDORES - SICREDI EMPREENDEDORES PR;7070495;b3S;S4;I;2;CURITIBA;PR;09/2021;11.556;0;11.556;0;11.556;57.011;0;0;38;0;38;6.172;63.221;155.080;18,28%;18,28%;18,28%;7,45%;13,88%
COOPERATIVA DE CRÉDITO RURAL E ECONOMIA COM INTERAÇÃO SOLIDÁRIA DE SÃO VALENTIM - CRESOL SÃO VALENTIM;3015152;b3S;S5;I;2;SAO VALENTIM;RS;09/2021;NA;NA;NA;NA;9.447;60.918;0;NA;NA;NA;0;2.275;63.193;NA;NA%;NA%;14,95%;NA%;5,78%
COOPERATIVA DE CRÉDITO RURAL COM INTERAÇÃO SOLIDÁRIA VALE DO CONTESTADO - CRESOL VALE DO CONTESTADO;9433005;b3S;S5;I;2;IRINEOPOLIS;SC;09/2021;NA;NA;NA;NA;8.688;59.952;0;NA;NA;NA;0;2.582;62.534;NA;NA%;NA%;13,89%;NA%;36,68%
COOPERATIVA DE CRÉDITO DE LIVRE ADMISSÃO DO OESTE MARANHENSE - SICOOB OESTE MARANHENSE;9424988;b3S;S5;I;2;ACAILANDIA;MA;09/2021;NA;NA;NA;NA;18.966;53.829;0;NA;NA;NA;0;5.906;59.735;NA;NA%;NA%;31,75%;NA%;10,10%
COOPERATIVA DE CRÉDITO DE LIVRE ADMISSÃO DE DORES DO INDAIÁ LTDA. - SICOOB CREDINDAIÁ;71069587;b3S;S5;I;2;DORES DO INDAIA;MG;09/2021;NA;NA;NA;NA;11.951;56.942;0;NA;NA;NA;0;2.707;59.650;NA;NA%;NA%;20,04%;NA%;20,81%
COOPERATIVA DE CRÉDITO DE LIVRE ADMISSÃO DA REGIÃO DO CAPARAÓ LTDA. - SICOOB SAÚDE;71261184;b3S;S5;I;2;CARATINGA;MG;09/2021;NA;NA;NA;NA;11.819;56.184;0;NA;NA;NA;0;3.443;59.626;NA;NA%;NA%;19,82%;NA%;2,42%
COOPERATIVA DE ECONOMIA E CRÉDITO MÚTUO DOS PROFISSIONAIS DA ÁREA NOTARIAL E REGISTRAL - COOPNORE;7714057;b3S;S5;I;2;PORTO ALEGRE;RS;09/2021;NA;NA;NA;NA;8.926;52.902;0;NA;NA;NA;0;6.495;59.397;NA;NA%;NA%;15,03%;NA%;7,33%
UNICRED COSTA DO SOL RJ - COOPERATIVA DE ECONOMIA E CRÉDITO MÚTUO LTDA.;39231527;b3S;S5;I;2;MACAE;RJ;09/2021;NA;NA;NA;NA;15.162;55.562;0;NA;NA;NA;0;3.451;59.013;NA;NA%;NA%;25,69%;NA%;6,77%
COOPERATIVA DE ECONOMIA E CRÉDITO MÚTUO DOS MILITARES ESTADUAIS DE SANTA CATARINA - CREDPOM;4572960;b3S;S5;I;2;FLORIANOPOLIS;SC;09/2021;NA;NA;NA;NA;11.403;54.734;0;NA;NA;NA;0;4.162;58.896;NA;NA%;NA%;19,36%;NA%;10,64%
COOPERATIVA DE ECONOMIA E CRÉDITO MÚTUO DOS EMPREGADOS DO GRUPO FEMSA BRASIL;43488782;b3S;S5;I;2;SAO PAULO;SP;09/2021;NA;NA;NA;NA;61.929;55.004;0;NA;NA;NA;0;3.426;58.430;NA;NA%;NA%;105,99%;NA%;0,28%
COOPERATIVA DE CRÉDITO, POUPANÇA E INVESTIMENTO ALTO RIO GRANDE MG - SICREDI CREDIGRANDE MG;25626490;b3S;S4;I;2;LAVRAS;MG;09/2021;9.789;0;9.789;0;9.789;55.368;0;0;16;0;16;2.973;58.357;77.584;16,77%;16,77%;16,77%;12,62%;26,40%
QI SCD - PRUDENCIAL;1000084882;n1;S5;C;2;SAO PAULO;SP;09/2021;NA;NA;NA;NA;14.851;52.975;0;NA;NA;NA;0;5.297;58.272;NA;NA%;NA%;25,48%;NA%;1,39%
COOPERATIVA DE CRÉDITO DE LIVRE ADMISSÃO DO ESTADO DO PARÁ - SICOOB COOESA;83836114;b3S;S5;I;2;BELEM;PA;09/2021;NA;NA;NA;NA;15.764;52.921;0;NA;NA;NA;0;5.199;58.120;NA;NA%;NA%;27,12%;NA%;23,20%
COOPERATIVA DE ECONOMIA E CRÉDITO MÚTUO SICOOB METALCRED;4833655;b3S;S5;I;2;SAO PAULO;SP;09/2021;NA;NA;NA;NA;41.714;53.228;0;NA;NA;NA;0;4.849;58.077;NA;NA%;NA%;71,82%;NA%;22,27%
COOPERATIVA DE CRÉDITO MÚTUO DO CEARÁ - SICOOB CEARÁ;3620772;b3S;S5;I;2;FORTALEZA;CE;09/2021;NA;NA;NA;NA;14.178;52.894;0;NA;NA;NA;0;4.644;57.538;NA;NA%;NA%;24,64%;NA%;3,42%
COOPERATIVA DE ECONOMIA E CRÉDITO MÚTUO DOS MAGISTRADOS DE SÃO PAULO - MAGISCRED;51489318;b3S;S5;I;2;SAO PAULO;SP;09/2021;NA;NA;NA;NA;11.653;54.441;0;NA;NA;NA;0;2.948;57.389;NA;NA%;NA%;20,31%;NA%;9,49%
MONEYCORP - PRUDENCIAL;1000082028;b2;S4;I;2;SAO PAULO;SP;09/2021;15.789;0;15.789;0;15.789;5.044;1.777;0;519;0;2.296;49.489;56.828;84.156;27,78%;27,78%;27,78%;18,76%;3,72%
ATRIA S.A. - CFI - PRUDENCIAL;1000083508;n1;S5;I;2;ARAUCARIA;PR;09/2021;NA;NA;NA;NA;66.524;53.221;0;NA;NA;NA;0;3.578;56.798;NA;NA%;NA%;117,12%;NA%;0,00%
COOPERATIVA DE CREDITO CREDLIDER - SICOOB CREDLIDER;5463934;b3S;S5;I;2;VOTUPORANGA;SP;09/2021;NA;NA;NA;NA;17.204;53.026;0;NA;NA;NA;0;3.294;56.320;NA;NA%;NA%;30,55%;NA%;20,07%
COOPERATIVA DE CRÉDITO, POUPANÇA E INVESTIMENTO DOS POLICIAIS FEDERAIS DO RIO GRANDE DO SUL E SANTA CATARINA - SICREDI POL RS/SC;3000142;b3S;S4;I;2;PORTO ALEGRE;RS;09/2021;8.448;0;8.448;0;8.448;55.968;0;0;0;0;0;219;56.187;70.594;15,03%;15,03%;15,03%;11,97%;4,13%
COOPERATIVA DE CRÉDITO SICOOB ITAPAGIPE LTDA - SICOOB ITAPAGIPE;71506513;b3S;S5;I;2;ITAPAGIPE;MG;09/2021;NA;NA;NA;NA;27.550;52.745;0;NA;NA;NA;0;2.920;55.665;NA;NA%;NA%;49,49%;NA%;4,14%
COOPERATIVA DE ECONOMIA E CRÉDITO MÚTUO DOS SERVIDORES PÚBLICOS DO ESTADO DE SÃO PAULO - CREDIPAULISTA;3139644;b3S;S5;I;2;SAO PAULO;SP;09/2021;NA;NA;NA;NA;50.962;53.703;0;NA;NA;NA;0;1.773;55.476;NA;NA%;NA%;91,86%;NA%;8,11%
GUITTA CC LTDA - PRUDENCIAL;1000082107;n2;S4;I;2;SAO PAULO;SP;09/2021;10.218;0;10.218;0;10.218;6.799;3.831;0;719;546;5.097;43.246;55.142;NA;18,53%;18,53%;18,53%;NA%;13,32%
BCO INDUSCRED DE INVESTIM. S/A - PRUDENCIAL;1000081342;b2;S4;I;2;SAO PAULO;SP;09/2021;16.143;0;16.143;0;16.143;49.720;0;0;241;0;241;4.793;54.754;50.384;29,48%;29,48%;29,48%;32,04%;0,23%
COOPERATIVA DE CRÉDITO MÚTUO DOS SERVIDORES MUNICIPAIS DE SÃO JOÃO DA BOA VISTA - CREDIVISTA;74248949;b3S;S5;I;2;SAO JOAO DA BOA VISTA;SP;09/2021;NA;NA;NA;NA;22.411;52.671;0;NA;NA;NA;0;1.861;54.532;NA;NA%;NA%;41,10%;NA%;2,45%
COOPERATIVA DE ECONOMIA E CRÉDITO MÚTUO DO GRUPO BASF;74244344;b3S;S5;I;2;SAO PAULO;SP;09/2021;NA;NA;NA;NA;59.581;52.270;0;NA;NA;NA;0;2.182;54.452;NA;NA%;NA%;109,42%;NA%;0,04%
COOPERATIVA DE CRÉDITO DE LIVRE ADMISSÃO DO CIRCUITO DAS ÁGUAS - SICOOB CIRCUITO DAS ÁGUAS;3941182;b3S;S5;I;2;AGUAS DE LINDOIA;SP;09/2021;NA;NA;NA;NA;7.559;50.739;0;NA;NA;NA;0;3.220;53.959;NA;NA%;NA%;14,01%;NA%;38,53%
COOPERATIVA DE ECONOMIA E CRÉDITO MÚTUO DOS SERVIDORES DA UNIVERSIDADE FEDERAL DE VIÇOSA LTDA. - SICOOB UFVCREDI;2794761;b3S;S5;I;2;VICOSA;MG;09/2021;NA;NA;NA;NA;28.547;49.083;0;NA;NA;NA;0;4.396;53.479;NA;NA%;NA%;53,38%;NA%;1,18%
COOPERATIVA DE CRÉDITO SICOOB CREDCOOP LTDA.;2528151;b3S;S5;I;2;VITORIA DA CONQUISTA;BA;09/2021;NA;NA;NA;NA;16.648;49.830;0;NA;NA;NA;0;3.640;53.470;NA;NA%;NA%;31,14%;NA%;3,91%
SICOOB CREDICONSUMO - COOPERATIVA DE CRéDITO;47074323;b3S;S5;I;2;SANTO ANDRE;SP;09/2021;NA;NA;NA;NA;23.825;46.962;0;NA;NA;NA;0;6.260;53.222;NA;NA%;NA%;44,77%;NA%;2,97%
COOPERATIVA DE CRÉDITO DE LIVRE ADMISSÃO DE JATAÍ E REGIÃO LTDA.;10143499;b3S;S5;I;2;JATAI;GO;09/2021;NA;NA;NA;NA;15.620;50.441;0;NA;NA;NA;0;2.727;53.168;NA;NA%;NA%;29,38%;NA%;9,39%
TREVISO CC S.A. - PRUDENCIAL;1000081885;n2;S4;I;2;SAO PAULO;SP;09/2021;4.293;0;4.293;0;4.293;6.105;2.798;0;8;0;2.806;44.227;53.138;NA;8,08%;8,08%;8,08%;NA%;14,79%
COOPERATIVA DE ECONOMIA E CRÉDITO MÚTUO DOS EMPREGADOS DO BANRISUL;92935741;b3S;S5;I;2;PORTO ALEGRE;RS;09/2021;NA;NA;NA;NA;34.432;49.123;0;NA;NA;NA;0;3.696;52.819;NA;NA%;NA%;65,19%;NA%;1,33%
COOPERATIVA DE CRÉDITO DOS MILITARES E DA SEGURANÇA PÚBLICA NO DISTRITO FEDERAL LTDA. - SICOOB DFMIL;4649337;b3S;S5;I;2;BRASILIA;DF;09/2021;NA;NA;NA;NA;7.936;48.760;0;NA;NA;NA;0;3.843;52.603;NA;NA%;NA%;15,09%;NA%;4,76%
COOPERATIVA DE ECONOMIA E CRÉDITO DOS EMPRESÁRIOS, PROFISSIONAIS DO MERCADO IMOBILIÁRIO E DA CMI / SECOVI - SICOOB SECOVICRED MG;14913919;b3S;S5;I;2;BELO HORIZONTE;MG;09/2021;NA;NA;NA;NA;17.654;48.639;0;NA;NA;NA;0;3.836;52.475;NA;NA%;NA%;33,64%;NA%;2,60%
BIORC FINANCEIRA - CFI S.A. - PRUDENCIAL;1000083663;n1;S5;I;2;FLORIANOPOLIS;SC;09/2021;NA;NA;NA;NA;7.058;47.480;0;NA;NA;NA;0;4.956;52.436;NA;NA%;NA%;13,46%;NA%;5,19%
COOPERATIVA DE CRÉDITO E INVESTIMENTOS DE RONDÔNIA - SICOOB CREDJURD;4751713;b3S;S5;I;2;PORTO VELHO;RO;09/2021;NA;NA;NA;NA;30.109;46.419;0;NA;NA;NA;0;5.794;52.212;NA;NA%;NA%;57,67%;NA%;7,02%
COOPERATIVA DE CREDITO E ECONOMIA COM INTERAÇÃO SOLIDARIA DE QUILOMBO - CRESOL QUILOMBO;73254757;b3S;S5;I;2;QUILOMBO;SC;09/2021;NA;NA;NA;NA;9.618;50.019;0;NA;NA;NA;0;2.129;52.148;NA;NA%;NA%;18,44%;NA%;10,33%
COOPERATIVA DE CREDITO DE LIVRE ADMISSÃO DA REGIÃO SUDESTE DE MINAS GERAIS LTDA. - SICOOB CREDISUCESSO;42887133;b3S;S5;I;2;BOM SUCESSO;MG;09/2021;NA;NA;NA;NA;11.713;47.900;0;NA;NA;NA;0;4.244;52.145;NA;NA%;NA%;22,46%;NA%;10,97%
COOPERATIVA DE CRÉDITO DE LIVRE ADMISSÃO DE ARCOS LTDA. - SICOOB ARCOMCREDI;71230338;b3S;S5;I;2;ARCOS;MG;09/2021;NA;NA;NA;NA;12.028;48.822;0;NA;NA;NA;0;3.192;52.015;NA;NA%;NA%;23,12%;NA%;4,82%
COOPERATIVA DE ECONOMIA E CRÉDITO MÚTUO DOS SERVIDORES PÚBLICOS NO ESTADO DO ESPÍRITO SANTO;1330295;b3S;S5;I;2;VITORIA;ES;09/2021;NA;NA;NA;NA;31.910;45.974;0;NA;NA;NA;0;5.868;51.843;NA;NA%;NA%;61,55%;NA%;4,07%
COOPERATIVA DE CREDITO , POUPANÇA E INVESTIMENTO DO ESTADO DO PIAUÍ - SICREDI PIAUÍ;3128973;b3S;S5;I;2;TERESINA;PI;09/2021;NA;NA;NA;NA;10.979;48.418;0;NA;NA;NA;0;3.326;51.744;NA;NA%;NA%;21,22%;NA%;17,70%
COOPERATIVA DE ECONOMIA E CRÉDITO MÚTUO DAS EMPRESAS, EMPREGADOS E PRESTADORES DE SERVIÇO DAS METALÚRGICAS, SIDERÚRGICAS E INDUSTRIAIS - SICOOB COPESITA;19875244;b3S;S5;I;2;TIMOTEO;MG;09/2021;NA;NA;NA;NA;20.190;47.941;0;NA;NA;NA;0;3.766;51.707;NA;NA%;NA%;39,05%;NA%;11,46%
COOPERATIVA DE CRÉDITO RURAL DE OURO   SULCREDI/OURO;7853842;b3S;S5;I;2;OURO;SC;09/2021;NA;NA;NA;NA;10.837;49.757;0;NA;NA;NA;0;1.820;51.577;NA;NA%;NA%;21,01%;NA%;8,12%
SICOOB CREDIMONTES - COOPERATIVA DE CRÉDITO DE LIVRE ADMISSÃO REGIONAL DE MONTES CLAROS LTDA;2031139;b3S;S5;I;2;MONTES CLAROS;MG;09/2021;NA;NA;NA;NA;14.330;46.675;0;NA;NA;NA;0;4.739;51.414;NA;NA%;NA%;27,87%;NA%;10,91%
H.COMMCOR DTVM LTDA. - PRUDENCIAL;1000084222;n2;S4;I;2;SAO PAULO;SP;09/2021;13.296;0;13.296;0;13.296;14.069;375;0;11;0;386;36.633;51.088;NA;26,02%;26,02%;26,02%;NA%;4,99%
COOPERATIVA DE CRÉDITO E ECONOMIA COM INTERAÇÃO SOLIDARIA DE PORTO XAVIER - CRESOL PORTO XAVIER;5442759;b3S;S5;I;2;PORTO XAVIER;RS;09/2021;NA;NA;NA;NA;10.982;48.563;0;NA;NA;NA;0;2.184;50.746;NA;NA%;NA%;21,64%;NA%;4,18%
COOPERATIVA DE CREDITO RURAL COM INTERACAO SOLIDARIA CONEXÕES -CRESOL CONEXÕES;5220232;b3S;S5;I;2;SANTA MARIA;RS;09/2021;NA;NA;NA;NA;7.118;47.614;0;NA;NA;NA;0;2.265;49.879;NA;NA%;NA%;14,27%;NA%;31,58%
COOPERATIVA DE CRÉDITO E ECONOMIA COM INTERAÇÃO SOLIDÁRIA DE VITOR MEIRELES - CRESOL VITOR MEIRELES;7320890;b3S;S5;I;2;VITOR MEIRELES;SC;09/2021;NA;NA;NA;NA;10.242;46.239;0;NA;NA;NA;0;3.565;49.804;NA;NA%;NA%;20,57%;NA%;27,85%
COOPERATIVA DE ECONOMIA E CRÉDITO MÚTUO DOS EMPRESÁRIOS DE AMERICANA, LIMEIRA E REGIÃO - SICOOB ACICRED;9579249;b3S;S5;I;2;AMERICANA;SP;09/2021;NA;NA;NA;NA;7.795;45.859;0;NA;NA;NA;0;3.316;49.175;NA;NA%;NA%;15,85%;NA%;3,93%
DUFRIO CFI - PRUDENCIAL;1000085324;n1;S5;I;2;PORTO ALEGRE;RS;09/2021;NA;NA;NA;NA;24.875;47.632;0;NA;NA;NA;0;1.059;48.691;NA;NA%;NA%;51,09%;NA%;0,23%
DIRECAO S.A. CFI - PRUDENCIAL;1000083625;n1;S5;I;2;SANTOS;SP;09/2021;NA;NA;NA;NA;46.831;46.617;0;NA;NA;NA;0;2.059;48.676;NA;NA%;NA%;96,21%;NA%;6,53%
COOPERATIVA DE CRÉDITO, POUPANÇA E INVESTIMENTO DO SISTEMA DE JUSTIÇA NO ESTADO DO CEARÁ - SICREDI COOPERJURIS;8041950;b3S;S5;I;2;FORTALEZA;CE;09/2021;NA;NA;NA;NA;11.614;44.668;0;NA;NA;NA;0;3.442;48.110;NA;NA%;NA%;24,14%;NA%;7,11%
COOPERATIVA DE CRÉDITO, POUPANÇA E INVESTIMENTO DOS INTEGRANTES DA MAGISTRATURA E DO MINISTÉRIO PÚBLICO NO ESTADO DO PARANÁ - SICREDI CREDJURIS;4886317;b3S;S4;I;2;CURITIBA;PR;09/2021;17.023;0;17.023;0;17.023;46.129;0;0;52;0;52;1.552;47.732;144.266;35,66%;35,66%;35,66%;11,80%;0,93%
ALESTA SOCIEDADE DE CREDITO DIRETO - PRUDENCIAL;1000085379;n1;S5;I;2;JAGUARIUNA;SP;09/2021;NA;NA;NA;NA;44.821;43.229;0;NA;NA;NA;0;4.323;47.552;NA;NA%;NA%;94,26%;NA%;0,00%
SICOOB CRED COPERCANA COOPERATIVA DE CRÉDITO;64739121;b3S;S5;I;2;SERTAOZINHO;SP;09/2021;NA;NA;NA;NA;21.564;45.461;0;NA;NA;NA;0;2.069;47.530;NA;NA%;NA%;45,37%;NA%;0,79%
CODEPE CORRETORA DE VAL. S.A. - PRUDENCIAL;1000082712;n1;S4;C;2;RECIFE;PE;09/2021;44.358;0;44.358;0;44.358;14.731;663;0;227;19.698;20.588;12.211;47.530;NA;93,33%;93,33%;93,33%;NA%;3,81%
COOPERATIVA DE CRÉDITO RURAL - CREDICANA;44373041;b3S;S5;I;2;ASSIS;SP;09/2021;NA;NA;NA;NA;13.745;46.565;0;NA;NA;NA;0;827;47.392;NA;NA%;NA%;29,00%;NA%;0,43%
GERAL CCVM LTDA - PRUDENCIAL;1000082918;n2;S4;I;2;PORTO ALEGRE;RS;09/2021;11.425;0;11.425;0;11.425;18.480;0;0;11;14.926;14.937;13.310;46.726;NA;24,45%;24,45%;24,45%;NA%;1,50%
COOPERATIVA DE CRÉDITO E ECONOMIA COM INTERAÇÃO SOLIDÁRIA DE XANXERÊ - CRESOL XANXERÊ;7509426;b3S;S5;I;2;XANXERE;SC;09/2021;NA;NA;NA;NA;6.424;44.879;0;NA;NA;NA;0;1.700;46.579;NA;NA%;NA%;13,79%;NA%;9,47%
COOPERATIVA DE CRÉDITO E ECONOMIA COM INTERAÇÃO SOLIDÁRIA DE FORMOSA DO SUL - CRESOL FORMOSA;5269976;b3S;S5;I;2;FORMOSA DO SUL;SC;09/2021;NA;NA;NA;NA;8.975;44.301;0;NA;NA;NA;0;2.076;46.377;NA;NA%;NA%;19,35%;NA%;7,24%
CREDISIS CREDIBRÁS COOPERATIVA DE CRÉDITO E INVESTIMENTO DE LIVRE ADMISSÃO DO OESTE DE RONDÔNIA;5597773;b3S;S5;I;2;NOVA BRASILANDIA;RO;09/2021;NA;NA;NA;NA;17.106;42.385;0;NA;NA;NA;0;3.717;46.103;NA;NA%;NA%;37,10%;NA%;10,05%
COOPERATIVA DE CRÉDITO NO PIAUÍ - SICOOB PIAUÍ;5477038;b3S;S5;I;2;TERESINA;PI;09/2021;NA;NA;NA;NA;10.590;41.597;0;NA;NA;NA;0;4.442;46.039;NA;NA%;NA%;23,00%;NA%;5,94%
COOPERATIVA DE CRÉDITO, POUPANÇA E INVESTIMENTO BANDEIRANTES - SICREDI BANDEIRANTES SP;4853988;b3S;S4;I;2;SAO CARLOS;SP;09/2021;9.326;0;9.326;0;9.326;42.986;0;0;19;0;19;2.998;46.003;76.630;20,27%;20,27%;20,27%;12,17%;18,98%
COOPERATIVA DE ECONOMIA E CREDITO MUTUO DOS MEDICOS E DEMAIS PROFISSIONAIS DA SAUDE DE JOACABA;2853045;b3S;S5;I;2;JOACABA;SC;09/2021;NA;NA;NA;NA;12.496;45.445;0;NA;NA;NA;0;496;45.941;NA;NA%;NA%;27,20%;NA%;0,01%
COOPERATIVA DE CRÉDITO DE LIVRE ADMISSÃO DE CERES E RIALMA LTDA;9576849;b3S;S5;I;2;CERES;GO;09/2021;NA;NA;NA;NA;15.944;43.039;0;NA;NA;NA;0;2.847;45.886;NA;NA%;NA%;34,75%;NA%;5,26%
ÍNDIGO INVESTIM DTVM - PRUDENCIAL;1000083924;n2;S4;I;2;SAO PAULO;SP;09/2021;7.549;0;7.549;0;7.549;17.451;0;0;1;8.292;8.293;19.657;45.401;NA;16,63%;16,63%;16,63%;NA%;55,75%
COOPERATIVA DE ECONOMIA E CRÉDITO MÚTUO DOS SERVIDORES DA FUNDAÇÃO HOSPITALAR E EMPREGADOS DOS ESTABELECIMENTOS HOSPITALARES DE BELO HORIZONTE, REGIÃO METROPOLITANA E ZONA DA MATA LTDA.- SICOOB CECREF;19402130;b3S;S5;I;2;BELO HORIZONTE;MG;09/2021;NA;NA;NA;NA;20.949;41.384;0;NA;NA;NA;0;3.910;45.293;NA;NA%;NA%;46,25%;NA%;3,67%
COOPERATIVA DE CRÉDITO RURAL E ECONOMIA COM INTERAÇÃO SOLIDÁRIA DE JAGUARUNA - CRESOL JAGUARUNA;5410056;b3S;S5;I;2;JAGUARUNA;SC;09/2021;NA;NA;NA;NA;7.079;42.322;0;NA;NA;NA;0;2.940;45.262;NA;NA%;NA%;15,64%;NA%;12,74%
COOPERATIVA DE CRéDITO MúTUO DE LIVRE ADMISSãO DA REGIãO ADMINISTRATIVA DE SOROCABA - SICOOB COOPERASO;10175348;b3S;S5;I;2;SOROCABA;SP;09/2021;NA;NA;NA;NA;12.958;41.715;0;NA;NA;NA;0;3.417;45.131;NA;NA%;NA%;28,71%;NA%;21,14%
CALCRED CFI PRUDENCIAL;1000085733;n1;S4;I;2;SAO JOSE;SC;09/2021;18.979;0;18.979;0;18.979;11.312;0;0;0;0;0;33.556;44.869;NA;42,30%;42,30%;42,30%;NA%;6,52%
COOPERATIVA DE CRÉDITO DE LIVRE ADMISSÃO DA REGIÃO DE GUAXUPÉ LTDA. - SICOOB ACICREDI;1699652;b3S;S5;I;2;GUAXUPE;MG;09/2021;NA;NA;NA;NA;8.873;40.880;0;NA;NA;NA;0;3.928;44.807;NA;NA%;NA%;19,80%;NA%;11,34%
COOPERATIVA DE CREDITO RURAL E ECONOMIA COM INTERAÇÃO SOLIDARIA DE RIO FORTUNA - CRESOL RIO FORTUNA;7958405;b3S;S5;I;2;RIO FORTUNA;SC;09/2021;NA;NA;NA;NA;7.515;42.212;0;NA;NA;NA;0;2.542;44.754;NA;NA%;NA%;16,79%;NA%;14,04%
COOPERATIVA DE CRÉDITO E ECONOMIA COM INTERAÇÃO SOLIDÁRIA DE CORONEL MARTINS - CRESOL PEDRA BRANCA;5070112;b3S;S5;I;2;CORONEL MARTINS;SC;09/2021;NA;NA;NA;NA;11.438;42.271;0;NA;NA;NA;0;2.074;44.345;NA;NA%;NA%;25,79%;NA%;9,87%
COOPERATIVA DE ECONOMIA E CRÉDITO MÚTUO DOS FUNCIONÁRIOS DA CEPLAC LTDA. - SICOOB COOPEC;32615247;b3S;S5;I;2;ITABUNA;BA;09/2021;NA;NA;NA;NA;30.523;39.416;0;NA;NA;NA;0;4.386;43.803;NA;NA%;NA%;69,68%;NA%;17,88%
COOPERATIVA DE CRÉDITO CLÁSSICA DOS EMPREGADOS DA VALE S/A E ENTIDADES VINCULADAS LTDA. - SICOOB COOPVALE;33924028;b3S;S5;I;2;RIO DE JANEIRO;RJ;09/2021;NA;NA;NA;NA;12.989;39.475;0;NA;NA;NA;0;3.966;43.442;NA;NA%;NA%;29,90%;NA%;4,27%
ED&F MAN CAPITAL DTVM - PRUDENCIAL;1000085197;n2;S4;I;2;CAMPINAS;SP;09/2021;6.247;0;6.247;0;6.247;2.558;0;0;0;0;0;40.795;43.353;NA;14,41%;14,41%;14,41%;NA%;31,81%
COOPERATIVA DE CRÉDITO DE LIVRE ADMISSÃO DE ARAXÁ LTDA - SICOOB COOCREZ;71378426;b3S;S5;I;2;ARAXA;MG;09/2021;NA;NA;NA;NA;18.609;39.013;0;NA;NA;NA;0;3.870;42.883;NA;NA%;NA%;43,40%;NA%;4,57%
COOPERATIVA DE CRÉDITO MÚTUO DOS DESPACHANTES DE TRÂNSITO DE SANTA CATARINA E RIO GRANDE DO SUL - SICOOB CREDITRAN;4715685;b3S;S5;I;2;FLORIANOPOLIS;SC;09/2021;NA;NA;NA;NA;12.169;37.943;0;NA;NA;NA;0;4.885;42.828;NA;NA%;NA%;28,41%;NA%;26,42%
COOPERATIVA DE CREDITO RURAL ASCOOB SISAL;63229629;b3S;S5;I;2;SERRINHA;BA;09/2021;NA;NA;NA;NA;4.219;37.228;0;NA;NA;NA;0;5.579;42.806;NA;NA%;NA%;9,86%;NA%;19,14%
COOPERATIVA DE ECONOMIA E CRÉDITO MÚTUO DOS SERVIDORES DA JUSTIÇA DO ESTADO DE MINAS GERAIS LTDA. - SICOOB CREDJUS;4894460;b3S;S5;I;2;BELO HORIZONTE;MG;09/2021;NA;NA;NA;NA;36.144;38.917;0;NA;NA;NA;0;3.223;42.140;NA;NA%;NA%;85,77%;NA%;6,88%
COOPERATIVA DE CRÉDITO DE LIVRE ADMISSÃO DE ASSOCIADOS DE DORES DO INDAIÁ LTDA - COOPCREDI;2254376;b3S;S5;I;2;DORES DO INDAIA;MG;09/2021;NA;NA;NA;NA;11.491;39.363;0;NA;NA;NA;0;2.408;41.771;NA;NA%;NA%;27,51%;NA%;25,76%
COOPERATIVA DE CRÉDITO DOS SERVIDORES DA UNIÃO, EMPRESÁRIOS, PROFISSIONAIS AUTÔNOMOS E LIBERAIS - SICOOB CENTRO NORDESTE;3102185;b3S;S5;I;2;JOAO PESSOA;PB;09/2021;NA;NA;NA;NA;15.511;37.452;0;NA;NA;NA;0;4.266;41.718;NA;NA%;NA%;37,18%;NA%;14,40%
COMPANHIA HIPOTECARIA PIRATINI - CHP - PRUDENCIAL;1000085520;n1;S4;I;2;PORTO ALEGRE;RS;09/2021;9.140;0;9.140;0;9.140;28.529;0;0;0;0;0;13.173;41.702;NA;21,92%;21,92%;21,92%;NA%;3,71%
CORA SCD - PRUDENCIAL;1000085317;n1;S5;I;3;SAO PAULO;SP;09/2021;NA;NA;NA;NA;85.652;41.314;0;NA;NA;NA;0;246;41.560;NA;NA%;NA%;206,09%;NA%;0,00%
COOPERATIVA DE ECONOMIA E CRÉDITO MÚTUO DOS SERVIDORES DO PODER LEGISLATIVO FEDERAL E DO DISTRITO FEDERAL - SICOOB LEGISLATIVO;3329154;b3S;S5;I;2;BRASILIA;DF;09/2021;NA;NA;NA;NA;6.820;38.468;0;NA;NA;NA;0;2.947;41.415;NA;NA%;NA%;16,47%;NA%;4,43%
COOPERATIVA DE CRÉDITO, POUPANÇA E INVESTIMENTO DOS PROFESSORES, FUNCIONÁRIOS E ALUNOS DA UNIVERSIDADE DE CAXIAS DO SUL - SICREDI COOPERUCS;4525997;b3S;S4;I;2;CAXIAS DO SUL;RS;09/2021;9.455;0;9.455;0;9.455;40.063;0;0;11;0;11;1.287;41.361;59.937;22,86%;22,86%;22,86%;15,78%;2,69%
ECONOMIA CI S.A.-ECONOMISA - PRUDENCIAL;1000083364;n1;S5;I;2;BELO HORIZONTE;MG;09/2021;NA;NA;NA;NA;26.962;38.469;0;NA;NA;NA;0;2.541;41.010;NA;NA%;NA%;65,74%;NA%;1,98%
AGK CC S.A. - PRUDENCIAL;1000082035;n2;S4;I;2;SAO PAULO;SP;09/2021;4.660;0;4.660;0;4.660;3.757;560;0;0;0;560;36.495;40.812;NA;11,42%;11,42%;11,42%;NA%;4,44%
COOPERATIVA DE ECONOMIA E CRÉDITO MÚTUO - COOPERSERV;5667301;b3S;S5;I;2;LENCOIS PAULISTA;SP;09/2021;NA;NA;NA;NA;15.501;38.214;0;NA;NA;NA;0;2.401;40.615;NA;NA%;NA%;38,17%;NA%;1,21%
NOVINVEST CVM LTDA - PRUDENCIAL;1000082808;n2;S4;I;2;SAO PAULO;SP;09/2021;9.771;0;9.771;0;9.771;17.056;0;0;14;14.958;14.973;8.549;40.578;NA;24,08%;24,08%;24,08%;NA%;4,79%
GOLCRED - PRUDENCIAL;1000080965;n1;S4;C;2;SAO JOSE;SC;09/2021;11.397;0;11.397;0;11.397;10.535;0;0;0;0;0;29.794;40.329;NA;28,26%;28,26%;28,26%;NA%;0,47%
ACCREDITO SOCIEDADE DE CREDITO DIRETO - PRUDENCIAL;1000085331;n1;S5;I;2;SAO PAULO;SP;09/2021;NA;NA;NA;NA;67.786;36.390;0;NA;NA;NA;0;3.639;40.029;NA;NA%;NA%;169,34%;NA%;0,50%
COOPERATIVA DE ECONOMIA E CREDITO MUTUO DOS EMPREGADOS DAS EMPRESAS RANDON;89280960;b3S;S5;I;2;CAXIAS DO SUL;RS;09/2021;NA;NA;NA;NA;49.649;35.943;0;NA;NA;NA;0;3.780;39.723;NA;NA%;NA%;124,99%;NA%;0,31%
CREFAZ SCMEPP LTDA - PRUDENCIAL;1000083357;n1;S5;I;2;MARINGA;PR;09/2021;NA;NA;NA;NA;12.255;16.513;0;NA;NA;NA;0;23.101;39.614;NA;NA%;NA%;30,94%;NA%;23,94%
COOPERATIVA DE ECONOMIA E CRÉDITO MÚTUO DOS FUNCIONÁRIOS DA CARGILL;68228006;b3S;S5;I;2;SAO PAULO;SP;09/2021;NA;NA;NA;NA;34.074;37.168;0;NA;NA;NA;0;2.103;39.271;NA;NA%;NA%;86,77%;NA%;0,15%
COOPERATIVA DE ECONOMIA E CRÉDITO DOS EMPREGADOS DOS CORREIOS LTDA. - SICOOB COOPERCORREIOS;3862898;b3S;S5;I;2;BELO HORIZONTE;MG;09/2021;NA;NA;NA;NA;26.198;35.275;0;NA;NA;NA;0;3.542;38.817;NA;NA%;NA%;67,49%;NA%;3,00%
COOPERATIVA DE CRÉDITO DE LIVRE ADMISSÃO DE RORAIMA LTDA.;2137018;b3S;S5;I;2;BOA VISTA;RR;09/2021;NA;NA;NA;NA;13.495;35.704;0;NA;NA;NA;0;2.926;38.631;NA;NA%;NA%;34,93%;NA%;11,52%
COOPERATIVA DE CRÉDITO MÚTUO DOS CORRETORES DE SEGUROS DO ESTADO DE SÃO PAULO - SICOOB CREDICOR/SP;8030602;b3S;S5;I;2;SAO PAULO;SP;09/2021;NA;NA;NA;NA;8.303;36.003;0;NA;NA;NA;0;1.864;37.868;NA;NA%;NA%;21,93%;NA%;7,86%
COOPERATIVA DE CRÉDITO DE SÃO FRANCISCO DE SALES LTDA. - SICOOB CREDISALES;1374196;b3S;S5;I;2;SAO FRANCISCO DE SALES;MG;09/2021;NA;NA;NA;NA;11.451;35.913;0;NA;NA;NA;0;1.820;37.733;NA;NA%;NA%;30,35%;NA%;3,15%
INVEST CC - PRUDENCIAL;1000082396;n2;S4;I;2;PORTO ALEGRE;RS;09/2021;3.759;0;3.759;0;3.759;1.360;9.321;0;0;0;9.321;26.928;37.609;NA;10,00%;10,00%;10,00%;NA%;3,68%
SICREDI COOMAMP - COOPERATIVA DE CRÉDITO DOS MEMBROS DE INSTITUIÇÕES PÚBLICAS DAS CARREIRAS JURÍDICAS E DOS SERVIDORES PÚBLICOS FEDERAIS, ESTADUAIS E MUNICIPAIS EM SÃO LUÍS/MA E MUNICÍPIOS CIRCUNVIZIN;5545390;b3S;S5;I;2;SAO LUIS;MA;09/2021;NA;NA;NA;NA;15.358;33.214;0;NA;NA;NA;0;3.424;36.638;NA;NA%;NA%;41,92%;NA%;3,06%
BROOKFIELD - PRUDENCIAL;1000080453;n2;S4;I;3;RIO DE JANEIRO;RJ;09/2021;21.816;0;21.816;0;21.816;34.825;0;0;4;0;4;1.490;36.318;NA;60,07%;60,07%;60,07%;NA%;8,18%
AG. FOMENTO ESTADO DO TOCANTINS - PRUDENCIAL;1000081122;n1;S4;I;1;PALMAS;TO;09/2021;21.349;0;21.349;0;21.349;32.624;0;0;0;0;0;3.660;36.284;NA;58,84%;58,84%;58,84%;NA%;1,63%
SOCIAL BANK BANCO MULTIPLO - PRUDENCIAL;1000081641;b1;S4;I;2;SALVADOR;BA;09/2021;17.124;0;17.124;0;17.124;30.524;0;0;80;0;80;5.636;36.241;29.364;47,25%;47,25%;47,25%;58,32%;1,68%
AG. FOMENTO AMAPA S.A. - PRUDENCIAL;1000081098;n1;S4;I;1;MACAPA;AP;09/2021;8.455;0;8.455;0;8.455;21.819;0;0;0;0;0;14.398;36.217;NA;23,34%;23,34%;23,34%;NA%;2,07%
BCO LA PROVINCIA B AIRES BCE - PRUDENCIAL;1000081263;b1;S4;I;3;SAO PAULO;SP;09/2021;116.697;0;116.697;0;116.697;6.043;0;0;0;0;0;30.038;36.080;144.915;323,44%;323,44%;323,44%;80,53%;0,09%
COOPERATIVA DE CRÉDITO DE LIVRE ADMISSÃO SICOOB DO GRANDE ABC - SICOOB GRANDE ABC;7946216;b3S;S5;I;2;SANTO ANDRE;SP;09/2021;NA;NA;NA;NA;5.334;34.173;0;NA;NA;NA;0;1.866;36.039;NA;NA%;NA%;14,80%;NA%;8,09%
INTERCAM CC LTDA - PRUDENCIAL;1000081926;n2;S4;I;2;SAO PAULO;SP;09/2021;8.194;0;8.194;0;8.194;4.126;294;0;0;938;1.233;30.491;35.850;NA;22,86%;22,86%;22,86%;NA%;10,86%
SICOOB UNISP - COOPERATIVA DE CRÉDITO;74220948;b3S;S5;I;2;PRESIDENTE PRUDENTE;SP;09/2021;NA;NA;NA;NA;8.534;33.147;0;NA;NA;NA;0;2.231;35.378;NA;NA%;NA%;24,12%;NA%;6,10%
COOPERATIVA DE CRÉDITO RURAL E ECONOMIA COM INTERAÇÃO SOLIDÁRIA DE ÁUREA - CRESOL ÁUREA;2904138;b3S;S5;I;2;AUREA;RS;09/2021;NA;NA;NA;NA;6.519;33.349;0;NA;NA;NA;0;1.740;35.089;NA;NA%;NA%;18,58%;NA%;4,36%
AMARIL FRANKLIN CTV LTDA - PRUDENCIAL;1000082516;n2;S4;I;2;BELO HORIZONTE;MG;09/2021;12.003;0;12.003;0;12.003;14.797;1.061;0;4.045;4.618;9.723;10.545;35.066;NA;34,23%;34,23%;34,23%;NA%;1,88%
COOPERATIVA DE CAPITAL E EMPRÉSTIMO COOPERMULTICRED - COOPERMC;51010858;b3S;S5;I;2;GUARULHOS;SP;09/2021;NA;NA;NA;NA;41.952;33.281;0;NA;NA;NA;0;1.605;34.886;NA;NA%;NA%;120,25%;NA%;0,03%
SIMPAUL CCVM - PRUDENCIAL;1000082640;n2;S4;I;2;PORTO ALEGRE;RS;09/2021;12.762;0;12.762;0;12.762;17.658;0;0;25;0;25;17.145;34.828;NA;36,64%;36,64%;36,64%;NA%;1,32%
COOPERATIVA DE CRÉDITO RURAL ASCOOB ITAPICURU - ASCOOB ITAPICURU.;3921543;b3S;S5;I;2;SANTALUZ;BA;09/2021;NA;NA;NA;NA;-699;29.767;0;NA;NA;NA;0;4.833;34.600;NA;NA%;NA%;-2,02%;NA%;241,63%
COOPERATIVA DE CRÉDITO CREDINOSSO LTDA - SICOOB CREDINOSSO;6324872;b3S;S5;I;2;MONTES CLAROS;MG;09/2021;NA;NA;NA;NA;9.054;31.536;0;NA;NA;NA;0;2.948;34.484;NA;NA%;NA%;26,26%;NA%;12,34%
COOPERATIVA DE CRÉDITO, POUPANÇA E INVESTIMENTO DOS PROFISSIONAIS MÉDICOS E DA SAÚDE DE CURITIBA E REGIÃO METROPOLITANA - SICREDI MEDICRED PR;2924977;b3S;S4;I;2;CURITIBA;PR;09/2021;9.627;0;9.627;0;9.627;30.690;0;0;28;0;28;3.003;33.721;75.289;28,55%;28,55%;28,55%;12,79%;5,46%
AZIMUT BRASIL DTVM - PRUDENCIAL;1000084325;n2;S4;I;2;SAO PAULO;SP;09/2021;3.589;0;3.589;0;3.589;1.146;0;0;0;0;0;32.390;33.535;NA;10,70%;10,70%;10,70%;NA%;2,26%
COOPERÁGUIA - COOPERATIVA DE ECONOMIA E CRÉDITO MÚTUO DOS EMPREGADOS DO GRUPO ÁGUIA BRANCA;27171974;b3S;S5;I;2;CARIACICA;ES;09/2021;NA;NA;NA;NA;36.953;31.680;0;NA;NA;NA;0;1.555;33.235;NA;NA%;NA%;111,19%;NA%;0,07%
COOPERATIVA DE CRÉDITO MÚTUO DOS SERVIDORES PÚBLICOS MUNICIPAIS DE SÃO BERNARDO DO CAMPO - CREDIABC;3612679;b3S;S5;I;2;SAO BERNARDO DO CAMPO;SP;09/2021;NA;NA;NA;NA;26.914;31.576;0;NA;NA;NA;0;1.566;33.142;NA;NA%;NA%;81,21%;NA%;7,11%
CREDISIS OESTE - COOPERATIVA DE CRÉDITO E INVESTIMENTO DO OESTE;4985665;b3S;S5;I;2;ESPIGAO D'OESTE;RO;09/2021;NA;NA;NA;NA;11.084;30.364;0;NA;NA;NA;0;2.364;32.728;NA;NA%;NA%;33,87%;NA%;1,96%
BANCO PORTO REAL DE INVEST.S.A - PRUDENCIAL;1000081359;b2;S4;I;2;PORTO REAL;RJ;09/2021;26.459;0;26.459;0;26.459;26.153;0;0;0;0;0;6.179;32.332;27.507;81,84%;81,84%;81,84%;96,19%;0,10%
OPPORTUNITY - PRUDENCIAL;1000080518;n2;S4;I;2;RIO DE JANEIRO;RJ;09/2021;11.010;0;11.010;0;11.010;9.290;0;0;0;0;0;22.905;32.195;NA;34,20%;34,20%;34,20%;NA%;2,24%
COOPERATIVA DE CRÉDITO DOS MÉDICOS E DEMAIS PROFISSIONAIS DA SAÚDE DE VITÓRIA DA CONQUISTA;2833202;b3S;S5;I;2;VITORIA DA CONQUISTA;BA;09/2021;NA;NA;NA;NA;14.257;30.368;0;NA;NA;NA;0;1.827;32.195;NA;NA%;NA%;44,28%;NA%;0,27%
COLUNA S.A. DTVM - PRUDENCIAL;1000083728;n2;S4;I;2;RIO DE JANEIRO;RJ;09/2021;7.418;0;7.418;0;7.418;1.737;7.593;0;0;0;7.593;22.641;31.971;NA;23,20%;23,20%;23,20%;NA%;1,39%
COOPERATIVA DE CRÉDITO RURAL E ECONOMIA COM INTERAÇÃO SOLIDÁRIA DE JACINTO MACHADO - CRESOL JACINTO MACHADO;9463721;b3S;S5;I;2;JACINTO MACHADO;SC;09/2021;NA;NA;NA;NA;4.332;30.062;0;NA;NA;NA;0;1.637;31.699;NA;NA%;NA%;13,67%;NA%;9,49%
COOPERATIVA DE ECONOMIA E CRÉDITO MÚTUO DOS EMPREGADOS DO GRUPO SCHAEFFLER;62284385;b3S;S5;I;2;SOROCABA;SP;09/2021;NA;NA;NA;NA;37.136;30.456;0;NA;NA;NA;0;1.125;31.581;NA;NA%;NA%;117,59%;NA%;0,11%
BROKER BRASIL CC LTDA. - PRUDENCIAL;1000082372;n2;S4;I;2;SAO PAULO;SP;09/2021;4.505;0;4.505;0;4.505;1.412;1;0;0;0;1;29.731;31.143;NA;14,46%;14,46%;14,46%;NA%;6,03%
LEROSA S.A. CVC - PRUDENCIAL;1000082633;n2;S4;I;2;SAO PAULO;SP;09/2021;-660;0;-660;0;-660;1.966;0;0;0;3.556;3.556;25.542;31.064;NA;-2,12%;-2,12%;-2,12%;NA%;3.391,00%
COOPERATIVA DE CRéDITO MúTUO DOS PROFISSIONAIS DA SAúDE E LIVRE ADMISSãO DE TEóFILO OTONI LTDA. - UNICRED TRêS VALES;1709266;b3S;S5;I;2;TEOFILO OTONI;MG;09/2021;NA;NA;NA;NA;9.289;28.965;0;NA;NA;NA;0;2.075;31.040;NA;NA%;NA%;29,92%;NA%;0,39%
COOPERATIVA DE CREDITO RURAL E ECONOMIA COM INTERAÇÃO SOLIDARIA DE SÃO JOÃO DO SUL - CRESOL SÃO JOÃO DO SUL;9488496;b3S;S5;I;2;SAO JOAO DO SUL;SC;09/2021;NA;NA;NA;NA;5.228;29.172;0;NA;NA;NA;0;1.658;30.830;NA;NA%;NA%;16,96%;NA%;8,89%
SERVICOOP - COOPERATIVA DE CRÉDITO DOS SERVIDORES PÚBLICOS ESTADUAIS DO RIO GRANDE DO SUL;3973814;b3S;S5;I;2;PORTO ALEGRE;RS;09/2021;NA;NA;NA;NA;16.082;25.304;0;NA;NA;NA;0;5.091;30.395;NA;NA%;NA%;52,91%;NA%;5,55%
GLOBAL EXCHANGE CC - PRUDENCIAL;1000084435;n2;S4;I;3;RIO DE JANEIRO;RJ;09/2021;4.467;0;4.467;0;4.467;7.454;1.212;0;118;0;1.330;21.486;30.270;NA;14,76%;14,76%;14,76%;NA%;20,04%
CAROL DTVM LTDA. - PRUDENCIAL;1000084095;n2;S5;I;2;SAO PAULO;SP;09/2021;NA;NA;NA;NA;8.581;176;7.995;NA;NA;NA;7.995;22.062;30.233;NA;NA%;NA%;28,38%;NA%;1,58%
COOPERATIVA DE CRÉDITO E ECONOMIA COM INTERAÇÃO SOLIDÁRIA DE CORONEL FREITAS - CRESOL CORONEL FREITAS;8647473;b3S;S5;I;2;CORONEL FREITAS;SC;09/2021;NA;NA;NA;NA;4.839;28.954;0;NA;NA;NA;0;1.265;30.220;NA;NA%;NA%;16,01%;NA%;6,56%
RJI CTVM - PRUDENCIAL;1000082798;n2;S4;I;2;SALVADOR;BA;09/2021;2.446;0;2.446;0;2.446;3.538;0;0;4.907;0;4.907;20.854;29.298;NA;8,35%;8,35%;8,35%;NA%;6,02%
COOPERATIVA DE CRÉDITO DE LIVRE ADMISSÃO DO VALE RIO CRIXÁS LTDA.;7108146;b3S;S5;I;2;CRIXAS;GO;09/2021;NA;NA;NA;NA;10.657;27.093;0;NA;NA;NA;0;2.189;29.282;NA;NA%;NA%;36,40%;NA%;13,97%
MUNDINVEST S.A. - CCVM - PRUDENCIAL;1000082774;n2;S4;I;2;BELO HORIZONTE;MG;09/2021;22.990;0;22.990;0;22.990;20.350;0;0;0;0;0;8.926;29.276;NA;78,53%;78,53%;78,53%;NA%;0,13%
COOPERATIVA DE ECONOMIA E CRÉDITO MÚTUO DOS FUNCIONÁRIOS DA FUNDAÇÃO ZERBINI E DA FUNDAÇÃO FACULDADE DE MEDICINA (FFM) - COOPINCOR;1997612;b3S;S5;I;2;SAO PAULO;SP;09/2021;NA;NA;NA;NA;30.755;28.020;0;NA;NA;NA;0;1.182;29.202;NA;NA%;NA%;105,32%;NA%;0,14%
COOPERATIVA DE ECONOMIA E CRÉDITO MÚTUO SICOOB SANTA;65560658;b3S;S5;I;2;SAO PAULO;SP;09/2021;NA;NA;NA;NA;19.261;25.417;0;NA;NA;NA;0;3.602;29.019;NA;NA%;NA%;66,38%;NA%;7,36%
COOPERATIVA DE CREDITO RURAL E ECONOMIA COM INTERAÇÃO SOLIDARIA DE TREZE DE MAIO - CRESOL TREZE DE MAIO;9330158;b3S;S5;I;2;TREZE DE MAIO;SC;09/2021;NA;NA;NA;NA;4.322;27.030;0;NA;NA;NA;0;1.800;28.830;NA;NA%;NA%;14,99%;NA%;12,65%
VALOR - PRUDENCIAL;1000083223;n1;S5;I;2;SAO PAULO;SP;09/2021;NA;NA;NA;NA;20.869;21.781;0;NA;NA;NA;0;6.899;28.680;NA;NA%;NA%;72,76%;NA%;0,73%
HEDGE INVESTMENTS - PRUDENCIAL;1000083986;n2;S4;I;2;SAO PAULO;SP;09/2021;10.535;0;10.535;0;10.535;9.944;0;0;0;0;0;18.724;28.668;NA;36,75%;36,75%;36,75%;NA%;2,55%
COOPERATIVA DE CRÉDITO SICOOB COOPERBOM LTDA;74026998;b3S;S5;I;2;SALVADOR;BA;09/2021;NA;NA;NA;NA;12.196;24.201;0;NA;NA;NA;0;4.270;28.470;NA;NA%;NA%;42,84%;NA%;32,36%
FOURTRADE COR. DE CAMBIO LTDA - PRUDENCIAL;1000081957;n2;S4;I;2;RIO DE JANEIRO;RJ;09/2021;3.723;0;3.723;0;3.723;8.649;155;0;0;0;155;19.645;28.448;NA;13,09%;13,09%;13,09%;NA%;7,30%
COOPERATIVA DE CRÉDITO DOS MÉDICOS E PROFISSIONAIS DE SAÚDE DE SÃO LUÍS - SICREDI SÃO LUÍS;8143326;b3S;S5;I;2;SAO LUIS;MA;09/2021;NA;NA;NA;NA;4.887;26.072;0;NA;NA;NA;0;2.100;28.172;NA;NA%;NA%;17,35%;NA%;1,07%
COOPERATIVA DE ECONOMIA E CRÉDITO MÚTUO DOS EMPREGADOS DA CENTRAIS ELÉTRICAS DE SANTA CATARINA - CREDELESC;8850613;b3S;S5;I;2;FLORIANOPOLIS;SC;09/2021;NA;NA;NA;NA;7.096;25.655;0;NA;NA;NA;0;2.414;28.070;NA;NA%;NA%;25,28%;NA%;8,56%
RB INVESTIMENTOS DTVM - PRUDENCIAL;1000084174;n2;S4;I;2;SAO PAULO;SP;09/2021;6.127;0;6.127;0;6.127;3.416;0;0;95;0;95;24.249;27.760;NA;22,07%;22,07%;22,07%;NA%;0,04%
COOPERATIVA DE CRÉDITO CREDIPIMENTA LTDA. - SICOOB CREDIPIMENTA;42934794;b3S;S5;I;2;PIMENTA;MG;09/2021;NA;NA;NA;NA;6.113;25.227;0;NA;NA;NA;0;1.665;26.892;NA;NA%;NA%;22,73%;NA%;5,41%
COOPERATIVA DE CRÉDITO, POUPANÇA E INVESTIMENTO DAS CARREIRAS DO MINISTÉRIO PÚBLICO, TRIBUNAL DE CONTAS E SECRETARIA DA FAZENDA DO RIO GRANDE DO SUL - SICREDI MP RS;3662047;b3S;S4;I;2;PORTO ALEGRE;RS;09/2021;6.758;0;6.758;0;6.758;26.697;0;0;20;0;20;173;26.890;63.902;25,13%;25,13%;25,13%;10,58%;4,84%
COOPERATIVA DE CRÉDITO MÚTUO DOS EMPREGADOS DO MAGAZINE LUIZA, EMPRESAS CONTROLADAS E COLIGADAS - COOPLUIZA;2093154;b3S;S5;I;2;FRANCA;SP;09/2021;NA;NA;NA;NA;25.266;25.322;0;NA;NA;NA;0;1.517;26.839;NA;NA%;NA%;94,14%;NA%;0,10%
DOURADA CORRETORA - PRUDENCIAL;1000082224;n2;S4;I;2;CURITIBA;PR;09/2021;2.172;0;2.172;0;2.172;927;7.836;0;0;0;7.836;17.374;26.137;NA;8,31%;8,31%;8,31%;NA%;12,49%
SICOOB CREDIMED - COOPERATIVA DE CRÉDITO DE LIVRE ADMISSÃO DA CIDADE DE UBERABA LTDA.;71336432;b3S;S5;I;2;UBERABA;MG;09/2021;NA;NA;NA;NA;10.625;23.801;0;NA;NA;NA;0;2.335;26.136;NA;NA%;NA%;40,65%;NA%;8,17%
COOPERATIVA DE ECONOMIA E CRÉDITO MÚTUO DOS EMPREGADOS DA MONDELEZ BRASIL, PHILIP MORRIS BRASIL E K&S ALIMENTOS - SICOOB COOPMOND;62795257;b3S;S5;I;2;SAO PAULO;SP;09/2021;NA;NA;NA;NA;33.132;23.738;0;NA;NA;NA;0;2.370;26.108;NA;NA%;NA%;126,90%;NA%;0,57%
COOPERATIVA    DE    ECONOMIA    E    CRÉDITO   MÚTUO  MINUANO;88325113;b3S;S5;I;2;CANOAS;RS;09/2021;NA;NA;NA;NA;16.140;24.767;0;NA;NA;NA;0;1.132;25.899;NA;NA%;NA%;62,32%;NA%;5,49%
SCD CREDITAS - PRUDENCIAL;1000084909;n1;S5;I;2;SAO PAULO;SP;09/2021;NA;NA;NA;NA;20.569;17.849;0;NA;NA;NA;0;7.728;25.577;NA;NA%;NA%;80,42%;NA%;0,00%
COOPERATIVA DE CRÉDITO RURAL  E ECONOMIA COM INTERAÇÃO SOLIDÁRIA DE ITATIBA DO SUL - CRESOL ITATIBA DO SUL;5745533;b3S;S5;I;2;ITATIBA DO SUL;RS;09/2021;NA;NA;NA;NA;4.147;24.232;0;NA;NA;NA;0;1.061;25.293;NA;NA%;NA%;16,40%;NA%;13,88%
FRAM CAPITAL DTVM S.A. - PRUDENCIAL;1000084253;n2;S4;I;2;SAO PAULO;SP;09/2021;3.700;0;3.700;0;3.700;12.927;0;0;38;0;38;12.111;25.077;NA;14,75%;14,75%;14,75%;NA%;10,51%
COOPERATIVA DE CRÉDITO MÚTUO DOS SERVIDORES FEDERAIS NA PARAÍBA - SICOOB COOPERCRET;2275781;b3S;S5;I;2;JOAO PESSOA;PB;09/2021;NA;NA;NA;NA;9.686;23.173;0;NA;NA;NA;0;1.765;24.937;NA;NA%;NA%;38,84%;NA%;1,24%
COOPERATIVA DE CRéDITO MúTUO - SICOOB CREDIACISC;7669921;b3S;S5;I;2;SAO CARLOS;SP;09/2021;NA;NA;NA;NA;3.843;23.013;0;NA;NA;NA;0;1.876;24.889;NA;NA%;NA%;15,44%;NA%;5,27%
SLW CVC LTDA - PRUDENCIAL;1000082815;n2;S4;I;2;SAO PAULO;SP;09/2021;-766;0;-766;0;-766;11.196;0;0;336;3;339;13.341;24.876;NA;-3,08%;-3,08%;-3,08%;NA%;-28,43%
COOPERATIVA DE ECONOMIA E CRÉDITO MÚTUO DOS EMPRESÁRIOS DE ITAPETININGA - SICOOB CRED-ACI;8844074;b3S;S5;I;2;ITAPETININGA;SP;09/2021;NA;NA;NA;NA;5.047;23.157;0;NA;NA;NA;0;1.442;24.599;NA;NA%;NA%;20,52%;NA%;8,01%
COOPERATIVA DE CRÉDITO DE SERVIDORES PÚBLICOS COOPERPLAN LTDA. - SICOOB COOPERPLAN;2674113;b3S;S5;I;2;BRASILIA;DF;09/2021;NA;NA;NA;NA;3.548;22.632;0;NA;NA;NA;0;1.843;24.475;NA;NA%;NA%;14,50%;NA%;21,81%
WARREN CCVM LTDA - PRUDENCIAL;1000082664;n2;S4;I;2;PORTO ALEGRE;RS;09/2021;11.965;0;11.965;0;11.965;10.104;0;0;0;0;0;14.154;24.258;NA;49,32%;49,32%;49,32%;NA%;20,40%
CAMBIONET CC LTDA - PRUDENCIAL;1000082286;n2;S5;I;2;PORTO ALEGRE;RS;09/2021;NA;NA;NA;NA;5.417;1.193;572;NA;NA;NA;572;22.443;24.208;NA;NA%;NA%;22,38%;NA%;10,14%
COOPERATIVA DE CRÉDITO DOS EMPRESÁRIOS DE MANAUS - SICOOB CREDEMPRESAS-AM;10808037;b3S;S5;I;2;MANAUS;AM;09/2021;NA;NA;NA;NA;7.194;21.937;0;NA;NA;NA;0;2.053;23.990;NA;NA%;NA%;29,99%;NA%;4,22%
BOA VIAGEM SCC LTDA. - PRUDENCIAL;1000082080;n2;S4;I;2;RECIFE;PE;09/2021;3.305;0;3.305;0;3.305;766;8.822;0;0;0;8.822;14.343;23.931;NA;13,81%;13,81%;13,81%;NA%;0,87%
COOPERATIVA DE ECONOMIA E CRÉDITO MÚTUO DOS TRABALHADORES NA ÁREA DE SAÚDE, AFINS E EMPRESÁRIOS VINCULADOS À ACCI DE ERECHIM-RS-CREDISUL;7494300;b3S;S5;I;2;ERECHIM;RS;09/2021;NA;NA;NA;NA;4.957;22.014;0;NA;NA;NA;0;1.841;23.855;NA;NA%;NA%;20,78%;NA%;3,10%
GRAZZIOTIN FINANCIADORA SA CFI - PRUDENCIAL;1000083481;n1;S5;I;2;PASSO FUNDO;RS;09/2021;NA;NA;NA;NA;27.615;21.789;0;NA;NA;NA;0;2.025;23.815;NA;NA%;NA%;115,96%;NA%;0,00%
COOPERATIVA DE ECONOMIA E CRÉDITO MÚTUO DOS FUNCIONÁRIOS DA ERICSSON - COOPERICSSON;48718183;b3S;S5;I;2;SAO PAULO;SP;09/2021;NA;NA;NA;NA;24.875;22.680;0;NA;NA;NA;0;842;23.522;NA;NA%;NA%;105,75%;NA%;0,07%
COOPERATIVA DE ECONOMIA E CRÉDITO MÚTUO DOS EMPREGADOS DA CBMM LTDA.;18140913;b3S;S5;I;2;ARAXA;MG;09/2021;NA;NA;NA;NA;26.281;21.839;0;NA;NA;NA;0;1.656;23.496;NA;NA%;NA%;111,86%;NA%;0,04%
VISION S.A. CC - PRUDENCIAL;1000081892;n2;S4;I;2;SAO PAULO;SP;09/2021;1.267;0;1.267;0;1.267;1.090;63;0;0;0;63;22.168;23.321;NA;5,43%;5,43%;5,43%;NA%;17,54%
COOPERATIVA DE CRÉDITO DE LIVRE ADMISSÃO SUL MARANHENSE - SICOOB SUL MARANHENSE;26526166;b3S;S5;I;2;BALSAS;MA;09/2021;NA;NA;NA;NA;6.034;21.929;0;NA;NA;NA;0;1.387;23.315;NA;NA%;NA%;25,88%;NA%;3,22%
COOPERATIVA DE ECONOMIA E CRÉDITO MÚTUO DOS SERVIDORES DA SECRETARIA DE ESTADO DE FAZENDA DO DISTRITO FEDERAL - SICOOB CREDSEF;3603683;b3S;S5;I;2;BRASILIA;DF;09/2021;NA;NA;NA;NA;6.142;21.760;0;NA;NA;NA;0;1.326;23.087;NA;NA%;NA%;26,61%;NA%;1,06%
COOPERATIVA DE CRÉDITO DOS FORNECEDORES DE CANA DE BARRA BONITA E REGIÃO;44746352;b3S;S5;I;2;BARRA BONITA;SP;09/2021;NA;NA;NA;NA;18.007;22.459;0;NA;NA;NA;0;534;22.992;NA;NA%;NA%;78,32%;NA%;0,77%
COOPERATIVA DE ECONOMIA E CRÉDITO MÚTUO DOS EMPRESÁRIOS DE PRAIA GRANDE E REGIÃO - SICOOB COOPERACE;9639338;b3S;S5;I;2;PRAIA GRANDE;SP;09/2021;NA;NA;NA;NA;7.586;20.253;0;NA;NA;NA;0;2.558;22.811;NA;NA%;NA%;33,26%;NA%;5,59%
CONFEDERAÇÃO NACIONAL DAS COOPERATIVAS CENTRAIS DE CRÉDITO E ECONOMIA FAMILIAR E SOLIDÁRIA - CRESOL CONFEDERAÇÃO;10398952;b3C;S4;I;2;FLORIANOPOLIS;SC;09/2021;26.637;0;26.637;0;26.637;14.520;0;0;271;0;271;7.463;22.254;1.207.346;119,69%;119,69%;119,69%;2,21%;19,58%
COOPERATIVA DE ECONOMIA E CRÉDITO MÚTUO DOS FUNCIONÁRIOS DA TETRA PAK;67341487;b3S;S5;I;2;MONTE MOR;SP;09/2021;NA;NA;NA;NA;23.557;21.060;0;NA;NA;NA;0;1.151;22.211;NA;NA%;NA%;106,06%;NA%;0,11%
COOPERATIVA DE CRÉDITO, POUPANÇA E INVESTIMENTO DOS ESCRIVÃES, NOTÁRIOS E REGISTRADORES NO ESTADO DO PARANÁ - SICREDI CREDENOREG PR;6078926;b3S;S4;I;2;CURITIBA;PR;09/2021;8.869;0;8.869;0;8.869;18.398;0;0;28;0;28;3.598;22.024;65.916;40,27%;40,27%;40,27%;13,46%;1,68%
PARATI - CFI S.A. - PRUDENCIAL;1000083443;n1;S5;I;2;VITORIA;ES;09/2021;NA;NA;NA;NA;8.732;20.436;0;NA;NA;NA;0;1.538;21.974;NA;NA%;NA%;39,74%;NA%;0,31%
COOPERATIVA DE CRÉDITO MÚTUO DOS SERVIDORES DO MINISTERIO DA EDUCAÇÃO EM SÃO PAULO - COOPEMESP;73092827;b3S;S5;I;2;SAO PAULO;SP;09/2021;NA;NA;NA;NA;15.766;19.940;0;NA;NA;NA;0;1.890;21.829;NA;NA%;NA%;72,23%;NA%;0,07%
INTRA INVESTIMENTOS DTVM - PRUDENCIAL;1000084301;n2;S4;C;2;SAO PAULO;SP;09/2021;2.785;0;2.785;0;2.785;3.107;0;0;5;789;794;17.754;21.655;NA;12,86%;12,86%;12,86%;NA%;26,42%
CREBEL - COOPERATIVA DE ECONOMIA E CRÉDITO MÚTUO DOS COLABORADORES DAS EMPRESAS BELGO BEKAERT - CREBEL LTDA.;23241540;b3S;S5;I;2;CONTAGEM;MG;09/2021;NA;NA;NA;NA;22.253;20.869;0;NA;NA;NA;0;557;21.425;NA;NA%;NA%;103,87%;NA%;0,06%
SUMUP SCD - PRUDENCIAL;1000085238;n1;S5;I;2;SAO PAULO;SP;09/2021;NA;NA;NA;NA;46;19.907;0;NA;NA;NA;0;1.424;21.331;NA;NA%;NA%;0,22%;NA%;0,00%
COOPERATIVA DE ECONOMIA E CRÉDITO MÚTUO DOS EMPREGADOS DO GRUPO COLORADO;2024442;b3S;S5;I;2;GUAIRA;SP;09/2021;NA;NA;NA;NA;26.108;20.124;0;NA;NA;NA;0;1.179;21.303;NA;NA%;NA%;122,55%;NA%;0,10%
COOPERATIVA DE CRÉDITO RURAL DOS PLANTADORES DE CANA DE ALAGOAS;12272183;b3S;S5;I;2;MACEIO;AL;09/2021;NA;NA;NA;NA;19.246;20.635;0;NA;NA;NA;0;407;21.043;NA;NA%;NA%;91,46%;NA%;2,98%
PENTAGONO S/A DTVM - PRUDENCIAL;1000083773;n2;S5;I;2;RIO DE JANEIRO;RJ;09/2021;NA;NA;NA;NA;4.365;1.308;0;NA;NA;NA;0;19.504;20.811;NA;NA%;NA%;20,98%;NA%;10,06%
COOPERATIVA DE CRéDITO, POUPANçA E INVESTIMENTO DOS ADVOGADOS E SERVENTUáRIOS DO PODER JUDICIáRIO NO ESTADO DO RIO GRANDE DO SUL - SICREDI COOABCRED RS;19962468;b3S;S4;I;2;PORTO ALEGRE;RS;09/2021;4.190;0;4.190;0;4.190;18.461;0;0;14;0;14;2.043;20.518;67.220;20,42%;20,42%;20,42%;6,23%;6,41%
COOPERATIVA DE CRÉDITO CLÁSSICA DOS FUNCIONÁRIOS E PRESTADORES DE SERVIÇOS DAS EMPRESAS LIGADAS AO GRUPO EUCATUR LTDA. - SICOOB EUCRED;21110927;b3S;S5;I;2;JI-PARANA;RO;09/2021;NA;NA;NA;NA;5.085;18.635;0;NA;NA;NA;0;1.799;20.435;NA;NA%;NA%;24,88%;NA%;16,41%
COOPERATIVA  ECONOMIA CRÉDITO MÚTUO  SERVS E EMPREGADOS PÚBLICOS MUNIC DE BELO HORIZONTE BETIM BRUMADINHO CONTAGEM IBIRITÉ NOVA LIMA RIBEIRÃO DAS NEVES SABARÁ SANTA LUZIA E VESPASIANO SICOOB CREDISERV;1864151;b3S;S5;I;2;BELO HORIZONTE;MG;09/2021;NA;NA;NA;NA;15.251;17.662;0;NA;NA;NA;0;2.621;20.283;NA;NA%;NA%;75,19%;NA%;3,30%
COOPERATIVA DE CRÉDITO RURAL DE ALTEROSA LTDA - SICOOB COOPEROSA;71437123;b3S;S5;I;2;ALTEROSA;MG;09/2021;NA;NA;NA;NA;6.936;18.231;0;NA;NA;NA;0;1.690;19.922;NA;NA%;NA%;34,82%;NA%;9,21%
COOPERATIVA DE CRÉDITO E ECONOMIA COM INTERAÇÃO SOLIDÁRIA DE SANTA TEREZINHA DO PROGRESSO - CRESOL SANTA TEREZINHA DO PROGRESSO;8652872;b3S;S5;I;2;SANTA TEREZINHA DO PROGRESSO;SC;09/2021;NA;NA;NA;NA;3.809;18.617;0;NA;NA;NA;0;1.299;19.916;NA;NA%;NA%;19,13%;NA%;11,60%
COOPERATIVA DE ECONOMIA E CRÉDITO MÚTUO SICOOB CRED-ACILPA;9004796;b3S;S5;I;2;LENCOIS PAULISTA;SP;09/2021;NA;NA;NA;NA;6.650;18.147;0;NA;NA;NA;0;1.648;19.796;NA;NA%;NA%;33,59%;NA%;3,59%
COOPERUFPA  - COOPERATIVA DE ECONOMIA E CRÉDITO MÚTUO DOS SERVIDORES PÚBLICOS FEDERAIS E ESTADUAIS E DAS ENTIDADES DE ENSINO COM SEUS RESPECTIVOS FUNCIONÁRIOS NO ESTADO DO PARÁ;83325811;b3S;S5;I;2;BELEM;PA;09/2021;NA;NA;NA;NA;29.894;16.573;0;NA;NA;NA;0;3.096;19.670;NA;NA%;NA%;151,98%;NA%;6,09%
LEVYCAM CCV LTDA - PRUDENCIAL;1000082592;n2;S4;I;2;SAO PAULO;SP;09/2021;1.466;0;1.466;0;1.466;1.423;60;0;0;0;60;17.621;19.105;NA;7,67%;7,67%;7,67%;NA%;2,37%
COOPERATIVA DE ECONOMIA E CRÉDITO MÚTUO DOS EMPREGADOS DA COMPANHIA BRASILEIRA DE ALUMÍNIO;54335401;b3S;S5;I;2;ALUMINIO;SP;09/2021;NA;NA;NA;NA;19.528;17.701;0;NA;NA;NA;0;1.293;18.994;NA;NA%;NA%;102,81%;NA%;4,98%
GET MONEY CC - PRUDENCIAL;1000082255;n2;S5;I;2;SAO PAULO;SP;09/2021;NA;NA;NA;NA;5.216;1.630;5.085;NA;NA;NA;5.085;12.186;18.901;NA;NA%;NA%;27,60%;NA%;2,26%
IB CCTVM - PRUDENCIAL;1000084765;n2;S4;I;2;SAO PAULO;SP;09/2021;2.162;0;2.162;0;2.162;643;379;0;13.054;0;13.433;4.750;18.825;NA;11,49%;11,49%;11,49%;NA%;7,84%
TURCAMBIO CC LTDA. - PRUDENCIAL;1000082334;n2;S4;I;2;GAROPABA;SC;09/2021;3.269;0;3.269;0;3.269;1.614;6.743;0;0;0;6.743;10.450;18.806;NA;17,38%;17,38%;17,38%;NA%;10,75%
COOPERATIVA DE CRÉDITO DE LIVRE ADMISSÃO DA REGIÃO SUL DO MARANHÃO - SICREDI SUL DO MARANHÃO;26191078;b3S;S5;I;2;IMPERATRIZ;MA;09/2021;NA;NA;NA;NA;5.691;17.073;0;NA;NA;NA;0;1.592;18.665;NA;NA%;NA%;30,49%;NA%;0,43%
COOPERATIVA DE ECONOMIA E CRÉDITO MÚTUO DOS CONTABILISTAS E CORRETORES DE SEGUROS DA GRANDE BELO HORIZONTE LTDA. - SICOOB CREDITABIL;2217068;b3S;S5;I;2;BELO HORIZONTE;MG;09/2021;NA;NA;NA;NA;7.198;16.457;0;NA;NA;NA;0;2.152;18.609;NA;NA%;NA%;38,68%;NA%;17,99%
COOPERATIVA DE ECONOMIA E CREDITO MUTUO DOS FUNCIONARIOS DA COMIGO;1062439;b3S;S5;I;2;RIO VERDE;GO;09/2021;NA;NA;NA;NA;14.717;16.718;0;NA;NA;NA;0;1.802;18.520;NA;NA%;NA%;79,46%;NA%;2,60%
CAPTALYS DTVM - PRUDENCIAL;1000085544;n2;S4;I;2;SAO PAULO;SP;09/2021;6.364;0;6.364;0;6.364;721;0;0;0;0;0;17.560;18.281;NA;34,81%;34,81%;34,81%;NA%;0,00%
COOPERATIVA DE ECONOMIA E CRÉDITO MÚTUO DOS EMPREGADOS DAS EMPRESAS DO GRUPO ECONÔMICO RHODIA - CREDIRHODIA;57563728;b3S;S5;I;2;PAULINIA;SP;09/2021;NA;NA;NA;NA;19.377;17.169;0;NA;NA;NA;0;950;18.119;NA;NA%;NA%;106,95%;NA%;0,24%
COOPERATIVA DE ECONOMIA E CRÉDITO MÚTUO DOS COLABORADORES DA VALE S.A LTDA. - SICOOB CREDIVALE;20961629;b3S;S5;I;2;ITABIRA;MG;09/2021;NA;NA;NA;NA;5.675;16.600;0;NA;NA;NA;0;1.334;17.935;NA;NA%;NA%;31,64%;NA%;21,79%
COOPERATIVA DE CRÉDITO E SERVIÇOS FINANCEIROS DE CURITIBA E REGIÃO METROPOLITANA;5097757;b3S;S5;I;2;CURITIBA;PR;09/2021;NA;NA;NA;NA;9.288;16.703;0;NA;NA;NA;0;1.061;17.764;NA;NA%;NA%;52,28%;NA%;3,69%
COOPERATIVA DE ECONOMIA E CRÉDITO MÚTUO DOS FUNCIONÁRIOS DO GRUPO OWENS-ILLINOIS DO BRASIL;43182278;b3S;S5;I;2;SAO PAULO;SP;09/2021;NA;NA;NA;NA;18.526;17.017;0;NA;NA;NA;0;621;17.638;NA;NA%;NA%;105,03%;NA%;0,07%
COBANSA CH S.A. - PRUDENCIAL;1000081878;n1;S5;I;2;GUARULHOS;SP;09/2021;NA;NA;NA;NA;2.735;16.502;0;NA;NA;NA;0;963;17.465;NA;NA%;NA%;15,66%;NA%;0,03%
DASCAM CC LTDA - PRUDENCIAL;1000081964;n2;S5;I;2;SAO PAULO;SP;09/2021;NA;NA;NA;NA;4.324;6.751;0;NA;NA;NA;0;10.317;17.068;NA;NA%;NA%;25,33%;NA%;4,56%
COOPERATIVA DE ECONOMIA E CREDITO MUTUO DOS COLABORADORES DA SG INDUSTRIA E COMERCIO DE MATERIAIS DE CONSTRUCAO, VIDROS E AFINS;61039038;b3S;S5;I;2;SAO PAULO;SP;09/2021;NA;NA;NA;NA;18.044;16.264;0;NA;NA;NA;0;802;17.067;NA;NA%;NA%;105,72%;NA%;1,01%
COOPERATIVA DE CRÉDITO RURAL ASCOOB COOPERAR;2025743;b3S;S5;I;2;ARACI;BA;09/2021;NA;NA;NA;NA;2.485;15.041;0;NA;NA;NA;0;2.006;17.047;NA;NA%;NA%;14,57%;NA%;47,43%
LABOR CC - PRUDENCIAL;1000082073;n2;S5;I;2;RECIFE;PE;09/2021;NA;NA;NA;NA;5.267;602;9.517;NA;NA;NA;9.517;6.887;17.006;NA;NA%;NA%;30,97%;NA%;1,50%
COOPERATIVA DE CRÉDITO MÚTUO DOS SERVIDORES DA ASSEMBLEIA LEGISLATIVA DO ESTADO DE SÃO PAULO - COOPERALESP;4791645;b3S;S5;I;2;SAO PAULO;SP;09/2021;NA;NA;NA;NA;18.071;15.993;0;NA;NA;NA;0;853;16.846;NA;NA%;NA%;107,27%;NA%;0,10%
MEDCRED COOPERATIVA DE CRÉDITO;3575699;b3S;S5;I;2;RIBEIRAO PRETO;SP;09/2021;NA;NA;NA;NA;2.492;15.769;0;NA;NA;NA;0;1.068;16.837;NA;NA%;NA%;14,80%;NA%;5,11%
COOPERATIVA DE ECONOMIA E CRÉDITO MÚTUO DOS FUNCIONÁRIOS DA VILLARES METALS;53846242;b3S;S5;I;2;SUMARE;SP;09/2021;NA;NA;NA;NA;19.620;15.834;0;NA;NA;NA;0;894;16.728;NA;NA%;NA%;117,29%;NA%;8,13%
COOPERATIVA DE ECONOMIA E CRÉDITO MÚTUO DOS PEQUENOS EMPRESÁRIOS, MICROEMPRESÁRIOS E MICROEMPREENDEDORES DA REGIÃO METROPOLITANA DE PORTO ALEGRE - COOPESA;6975532;b3S;S5;I;2;PORTO ALEGRE;RS;09/2021;NA;NA;NA;NA;4.614;15.778;0;NA;NA;NA;0;846;16.624;NA;NA%;NA%;27,75%;NA%;2,95%
COOPERATIVA DE CREDITO RURAL DE IBIAM - SULCREDI/IBIAM;8240446;b3S;S5;I;2;IBIAM;SC;09/2021;NA;NA;NA;NA;4.032;15.859;0;NA;NA;NA;0;689;16.548;NA;NA%;NA%;24,37%;NA%;5,57%
H.H.PICCHIONI - PRUDENCIAL;1000080226;n2;S4;C;2;BELO HORIZONTE;MG;09/2021;5.738;0;5.738;0;5.738;5.182;1.931;0;0;11;1.943;9.145;16.271;NA;35,26%;35,26%;35,26%;NA%;19,25%
BANCO MASTER INVESTIMENTO - PRUDENCIAL;1000081531;b2;S4;I;2;PORTO ALEGRE;RS;09/2021;12.934;0;12.934;0;12.934;12.993;0;0;0;0;0;3.177;16.170;12.993;79,99%;79,99%;79,99%;99,55%;0,02%
COOPERATIVA DE CRÉDITO DOS SERVIDORES PÚBLICOS MUNICIPAIS DA GRANDE VITÓRIA/ES;1235921;b3S;S5;I;2;VITORIA;ES;09/2021;NA;NA;NA;NA;15.879;15.203;0;NA;NA;NA;0;956;16.158;NA;NA%;NA%;98,27%;NA%;1,93%
FFA SCMEPP LTDA - PRUDENCIAL;1000084569;n1;S5;I;2;SAO PAULO;SP;09/2021;NA;NA;NA;NA;1.642;4.026;0;NA;NA;NA;0;11.926;15.952;NA;NA%;NA%;10,29%;NA%;1,19%
COOPERATIVA DE CREDITO RURAL DE GUACUI - CREDIGUAÇUÍ;32422628;b3S;S5;I;2;GUACUI;ES;09/2021;NA;NA;NA;NA;8.369;14.942;0;NA;NA;NA;0;658;15.600;NA;NA%;NA%;53,65%;NA%;3,23%
COOPERATIVA DE ECONOMIA E CRÉDITO MÚTUO DOS SERVIDORES DA UNIVERSIDADE ESTADUAL DE CAMPINAS - COOPERUNICAMP;2285107;b3S;S5;I;2;CAMPINAS;SP;09/2021;NA;NA;NA;NA;22.507;14.325;0;NA;NA;NA;0;1.269;15.594;NA;NA%;NA%;144,33%;NA%;0,00%
COOPERATIVA DE ECONOMIA E CRÉDITO MÚTUO DOS EMPREGADOS DA AÇO MINAS GERAIS S.A. - AÇOMINAS E EMPRESAS SUBSIDIÁRIAS EM OURO BRANCO LTDA. - COOPAÇO;17314501;b3S;S5;I;2;OURO BRANCO;MG;09/2021;NA;NA;NA;NA;14.977;14.976;0;NA;NA;NA;0;536;15.512;NA;NA%;NA%;96,55%;NA%;1,91%
COOPERATIVA DE ECONOMIA E CRÉDITO MÚTUO DOS EMPREGADOS DA MINERACÃO RIO DO NORTE S/A, EM PORTO TROMBETAS LIMITADA -  CREDNORTE;4998845;b3S;S5;I;2;ORIXIMINA;PA;09/2021;NA;NA;NA;NA;16.592;14.660;0;NA;NA;NA;0;647;15.307;NA;NA%;NA%;108,40%;NA%;0,51%
COOPERATIVA DE ECONOMIA E CRÉDITO MÚTUO DOS PETROLEIROS NO ESTADO DE MINAS GERAIS LTDA. - COPETRO;26758433;b3S;S5;I;2;BELO HORIZONTE;MG;09/2021;NA;NA;NA;NA;18.975;13.815;0;NA;NA;NA;0;869;14.684;NA;NA%;NA%;129,22%;NA%;0,08%
INDEPENDÊNCIA COOPERATIVA DE CRÉDITO E INVESTIMENTO - INDEPENDÊNCIA COOPERATIVA DE CRÉDITO;4306351;b3S;S5;I;2;SAO PAULO;SP;09/2021;NA;NA;NA;NA;4.390;13.445;0;NA;NA;NA;0;1.188;14.633;NA;NA%;NA%;30,00%;NA%;1,54%
DILLON S/A DTVM - PRUDENCIAL;1000083807;n2;S4;I;2;RIO DE JANEIRO;RJ;09/2021;7.741;0;7.741;0;7.741;3.981;3.161;0;0;0;3.161;7.476;14.618;NA;52,96%;52,96%;52,96%;NA%;5,25%
COOPERATIVA DE CRÉDITO SICOOB CREDMETAL;3535065;b3S;S5;I;2;OSASCO;SP;09/2021;NA;NA;NA;NA;10.701;12.650;0;NA;NA;NA;0;1.891;14.541;NA;NA%;NA%;73,59%;NA%;3,92%
COOPERATIVA DE ECONOMIA E CRÉDITO MÚTUO DOS EMPREGADOS DA JOYSON SAFETY SYSTEMS - COOPERJSS;47944277;b3S;S5;I;2;JUNDIAI;SP;09/2021;NA;NA;NA;NA;15.472;13.209;0;NA;NA;NA;0;1.158;14.367;NA;NA%;NA%;107,69%;NA%;0,10%
PLANTAE CFI - PRUDENCIAL;1000085630;n1;S4;I;2;PRESIDENTE PRUDENTE;SP;09/2021;17.568;0;17.568;0;17.568;13.694;0;0;0;0;0;603;14.297;NA;122,88%;122,88%;122,88%;NA%;0,75%
AG. FOMENTO ESTADO DE RORAIMA - PRUDENCIAL;1000081036;n1;S4;I;1;BOA VISTA;RR;09/2021;12.066;0;12.066;0;12.066;13.207;0;0;16;0;16;967;14.190;NA;85,03%;85,03%;85,03%;NA%;6,79%
INFINITY CCTVM S.A. - PRUDENCIAL;1000082671;n2;S4;C;2;SAO PAULO;SP;09/2021;1.744;0;1.744;0;1.744;2.012;1;0;3.218;3.525;6.745;5.361;14.118;NA;12,35%;12,35%;12,35%;NA%;0,44%
COOPERATIVA DE ECONOMIA E CRÉDITO MÚTUO DOS COLABORADORES DO GRUPO EMPRESARIAL A COSTA LTDA.;20062766;b3S;S5;I;2;VISCONDE DO RIO BRANCO;MG;09/2021;NA;NA;NA;NA;15.169;13.485;0;NA;NA;NA;0;485;13.970;NA;NA%;NA%;108,58%;NA%;0,13%
COOPERATIVA DE ECONOMIA CRÉDITO MÚTUO - SICOOB CREDSAÚDE;2072790;b3S;S5;I;2;PIRACICABA;SP;09/2021;NA;NA;NA;NA;2.265;12.855;0;NA;NA;NA;0;850;13.705;NA;NA%;NA%;16,53%;NA%;0,97%
COOPERATIVA DE ECONOMIA E CREDITO MUTUO DOS EMPREGADOS DO GRUPO BAYER LTDA;73631483;b3S;S5;I;2;BELFORD ROXO;RJ;09/2021;NA;NA;NA;NA;14.921;12.649;0;NA;NA;NA;0;977;13.626;NA;NA%;NA%;109,50%;NA%;0,08%
SIMPLIFIC PAVARINI - PRUDENCIAL;1000083766;n2;S4;I;2;RIO DE JANEIRO;RJ;09/2021;2.431;0;2.431;0;2.431;1.021;0;0;0;0;0;12.564;13.585;NA;17,89%;17,89%;17,89%;NA%;9,50%
PINTOS CFI - PRUDENCIAL;1000085142;n1;S5;I;2;TERESINA;PI;09/2021;NA;NA;NA;NA;13.632;13.281;0;NA;NA;NA;0;303;13.585;NA;NA%;NA%;100,35%;NA%;0,00%
INTEGRAL ACCESS DTVM - PRUDENCIAL;1000085049;n2;S4;I;2;SAO PAULO;SP;09/2021;3.267;0;3.267;0;3.267;1.320;0;0;0;0;0;12.087;13.407;NA;24,37%;24,37%;24,37%;NA%;0,58%
COOPERATIVA DE CREDITO DOS FORNECEDORES DE CANA E DEMAIS PRODUTORES RURAIS DO CENTRO DO ESTADO DE SAO PAULO - CREDICENTRO;53776852;b3S;S5;I;2;ARARAQUARA;SP;09/2021;NA;NA;NA;NA;14.095;12.542;0;NA;NA;NA;0;758;13.300;NA;NA%;NA%;105,98%;NA%;0,18%
TRINUS CAPITAL DTVM - PRUDENCIAL;1000084631;n1;S4;C;2;GOIANIA;GO;09/2021;3.973;0;3.973;0;3.973;11.128;0;0;1.874;0;1.874;216;13.219;NA;30,05%;30,05%;30,05%;NA%;7,70%
COOPERATIVA DE ECONOMIA E CRÉDITO MÚTUO DOS TRABALHADORES DA CIA. DE PROCESSAMENTO DE DADOS DO ESTADO DE SÃO PAULO - CREDIPRODESP;67915868;b3S;S5;I;2;TABOAO DA SERRA;SP;09/2021;NA;NA;NA;NA;19.584;11.914;0;NA;NA;NA;0;1.128;13.042;NA;NA%;NA%;150,16%;NA%;0,13%
COOPERATIVA DE ECONOMIA E CREDITO MUTUO DOS TRABALHADORES PORTUARIOS DA GRANDE VITORIA - CREDESTIVA.;3844699;b3S;S5;I;2;VITORIA;ES;09/2021;NA;NA;NA;NA;13.159;11.729;0;NA;NA;NA;0;1.289;13.018;NA;NA%;NA%;101,08%;NA%;4,78%
COOPERATIVA DE ECONOMIA E CRÉDITO MÚTUO DOS FUNCIONÁRIOS DA INTERNATIONAL INDÚSTRIA AUTOMOTIVA DA AMÉRICA DO SUL;59620708;b3S;S5;I;2;SAO PAULO;SP;09/2021;NA;NA;NA;NA;14.599;12.434;0;NA;NA;NA;0;535;12.969;NA;NA%;NA%;112,57%;NA%;0,14%
TENTOS CFI - PRUDENCIAL;1000085788;n1;S5;I;2;IJUI;RS;09/2021;NA;NA;NA;NA;14.556;11.782;0;NA;NA;NA;0;1.178;12.961;NA;NA%;NA%;112,31%;NA%;0,00%
LAR COOPERATIVA DE CRÉDITO - LAR CREDI;39343350;b3S;S5;I;2;MEDIANEIRA;PR;09/2021;NA;NA;NA;NA;3.754;11.767;0;NA;NA;NA;0;1.177;12.943;NA;NA%;NA%;29,01%;NA%;2,32%
EXECUTIVE CC LTDA. - PRUDENCIAL;1000082468;n2;S5;I;2;NOVO HAMBURGO;RS;09/2021;NA;NA;NA;NA;3.008;596;2.189;NA;NA;NA;2.189;10.015;12.800;NA;NA%;NA%;23,50%;NA%;1,15%
COOPERATIVA DE ECONOMIA E CRÉDITO MÚTUO DOS SERVIDORES DA PREFEITURA MUNICIPAL DE ORLÂNDIA - CRED SERV;946465;b3S;S5;I;2;ORLANDIA;SP;09/2021;NA;NA;NA;NA;14.098;11.758;0;NA;NA;NA;0;1.022;12.779;NA;NA%;NA%;110,32%;NA%;0,14%
COOPERATIVA DE ECONOMIA E CRÉDITO MÚTUO DOS EMPREGADOS DA MERCK SHARP & DOHME FARMACÊUTICA - COOPERMSD;2814832;b3S;S5;I;2;SAO PAULO;SP;09/2021;NA;NA;NA;NA;13.893;12.171;0;NA;NA;NA;0;521;12.692;NA;NA%;NA%;109,46%;NA%;0,07%
COOPERATIVA DE ECONOMIA E CRÉDITO MÚTUO DOS FUNCIONÁRIOS DA TICKET SERVIÇOS COMÉRCIO E ADMINISTRAÇÃO;57440521;b3S;S5;I;2;SAO PAULO;SP;09/2021;NA;NA;NA;NA;9.398;12.064;0;NA;NA;NA;0;407;12.471;NA;NA%;NA%;75,36%;NA%;0,21%
COOPERATIVA DE ECONOMIA E CRÉDITO MÚTUO DOS FUNCIONÁRIOS DA ASTRAZENECA DO BRASIL;1288797;b3S;S5;I;2;COTIA;SP;09/2021;NA;NA;NA;NA;12.769;11.978;0;NA;NA;NA;0;484;12.462;NA;NA%;NA%;102,47%;NA%;0,08%
LISTO SCD - PRUDENCIAL;1000084930;n1;S5;I;2;SAO PAULO;SP;09/2021;NA;NA;NA;NA;11.835;9.112;0;NA;NA;NA;0;3.307;12.420;NA;NA%;NA%;95,30%;NA%;0,00%
COOPERATIVA DE ECONOMIA E CRÉDITO MÚTUO DOS SERVIDORES PÚBLICOS DO PODER EXECUTIVO FEDERAL NO ESTADO DO ESPÍRITO SANTO - COOPSEFES;3639902;b3S;S5;I;2;VITORIA;ES;09/2021;NA;NA;NA;NA;12.737;10.759;0;NA;NA;NA;0;1.535;12.294;NA;NA%;NA%;103,60%;NA%;2,59%
ASPECIR SCMEPP LTDA. - PRUDENCIAL;1000083058;n1;S5;I;2;PORTO ALEGRE;RS;09/2021;NA;NA;NA;NA;9.764;10.085;0;NA;NA;NA;0;2.093;12.178;NA;NA%;NA%;80,18%;NA%;0,83%
PATAÇÃO DTVM LTDA. - PRUDENCIAL;1000083821;n2;S4;I;2;SOROCABA;SP;09/2021;1.235;0;1.235;0;1.235;452;41;0;0;0;41;11.635;12.128;NA;10,18%;10,18%;10,18%;NA%;1,51%
COOPERATIVA DE CRÉDITO MÚTUO DOS POLICIAIS FEDERAIS E SERVIDORES DA UNIÃO NO ESPÍRITO SANTO - CREDFEDERAL;2083914;b3S;S5;I;2;VILA VELHA;ES;09/2021;NA;NA;NA;NA;4.738;11.634;0;NA;NA;NA;0;480;12.115;NA;NA%;NA%;39,11%;NA%;0,74%
COOPERATIVA DE ECONOMIA E CRÉDITO MÚTUO DOS SERVIDORES PÚBLICOS MUNICIPAIS EM JOÃO MONLEVADE LTDA. - COPREMON;18310649;b3S;S5;I;2;JOAO MONLEVADE;MG;09/2021;NA;NA;NA;NA;13.848;11.345;0;NA;NA;NA;0;768;12.113;NA;NA%;NA%;114,32%;NA%;0,26%
COOPERATIVA DE ECONOMIA E CREDITO MUTUO JOHN F. KENNEDY LTDA;33735192;b3S;S5;I;2;RIO DE JANEIRO;RJ;09/2021;NA;NA;NA;NA;5.870;11.458;0;NA;NA;NA;0;533;11.991;NA;NA%;NA%;48,96%;NA%;0,99%
COOPERATIVA DE CRÉDITO DOS MAGISTRADOS DO ESTADO DO RIO DE JANEIRO LTDA. - MAGICREDI-RJ;5040680;b3S;S5;I;2;RIO DE JANEIRO;RJ;09/2021;NA;NA;NA;NA;9.510;11.150;0;NA;NA;NA;0;729;11.879;NA;NA%;NA%;80,06%;NA%;2,11%
DEBONI DTVM LTDA - PRUDENCIAL;1000084150;n2;S4;I;2;CURITIBA;PR;09/2021;1.899;0;1.899;0;1.899;586;5.172;0;0;0;5.172;5.936;11.695;NA;16,24%;16,24%;16,24%;NA%;7,89%
MONOPÓLIO CC - PRUDENCIAL;1000084356;n2;S4;I;2;BELEM;PA;09/2021;4.227;0;4.227;0;4.227;63;6.146;0;0;0;6.146;5.391;11.601;NA;36,44%;36,44%;36,44%;NA%;0,26%
COOPERATIVA DE ECONOMIA E CRÉDITO MÚTUO DOS FUNCIONÁRIOS DO GRUPO JAL LTDA.;5548335;b3S;S5;I;2;SAO JOAO DE MERITI;RJ;09/2021;NA;NA;NA;NA;15.617;10.483;0;NA;NA;NA;0;1.093;11.576;NA;NA%;NA%;134,91%;NA%;27,89%
BRX CC LTDA. - PRUDENCIAL;1000082413;n2;S4;I;2;RIO DE JANEIRO;RJ;09/2021;1.095;0;1.095;0;1.095;204;297;0;0;0;297;10.709;11.210;NA;9,77%;9,77%;9,77%;NA%;2,08%
COOPERATIVA DE ECONOMIA E CREDITO MUTUO DOS SERVIDORES PUBLICOS DE PINHÃO - CRESERV-PINHÃO;4831810;b3S;S5;I;2;PINHAO;PR;09/2021;NA;NA;NA;NA;5.939;10.247;0;NA;NA;NA;0;941;11.188;NA;NA%;NA%;53,09%;NA%;1,22%
FIDD DTVM - PRUDENCIAL;1000085458;n2;S4;I;2;SAO PAULO;SP;09/2021;82;0;82;0;82;639;0;0;0;0;0;10.517;11.156;NA;0,73%;0,73%;0,73%;NA%;111,48%
COOPERATIVA DE ECONOMIA E CRÉDITO MÚTUO DOS EMPREGADOS DAS EMPRESAS METALÚRGICAS DE MATÃO - METALCOOPERCRED;53505681;b3S;S5;I;2;MATAO;SP;09/2021;NA;NA;NA;NA;14.100;10.084;0;NA;NA;NA;0;981;11.065;NA;NA%;NA%;127,43%;NA%;0,17%
COOPERATIVA DE CREDITO DOS SERVIDORES DA UNIVERSIDADE FEDERAL DO ESPIRITO SANTO;27302181;b3S;S5;I;2;VITORIA;ES;09/2021;NA;NA;NA;NA;9.408;10.002;0;NA;NA;NA;0;1.024;11.026;NA;NA%;NA%;85,32%;NA%;0,35%
COOPERATIVA DE ECONOMIA E CRÉDITO MÚTUO DOS COLABORADORES DA CEBRACE;53184438;b3S;S5;I;2;JACAREI;SP;09/2021;NA;NA;NA;NA;15.509;10.391;0;NA;NA;NA;0;631;11.022;NA;NA%;NA%;140,72%;NA%;0,07%
REAG DTVM - PRUDENCIAL;1000085111;n2;S4;I;2;SAO PAULO;SP;09/2021;1.581;0;1.581;0;1.581;2.364;0;52;3.728;46;3.826;4.602;10.792;NA;14,65%;14,65%;14,65%;NA%;39,43%
COOPERATIVA DE CRÉDITO DOS EMPREGADOS DE ELEVADORES ATLAS;43730498;b3S;S5;I;2;SAO PAULO;SP;09/2021;NA;NA;NA;NA;18.243;9.870;0;NA;NA;NA;0;877;10.747;NA;NA%;NA%;169,76%;NA%;0,02%
COOPERATIVA DE ECONOMIA E CRÉDITO MÚTUO DOS EMPREGADOS DAS EMPRESAS CONTROLADAS E COLIGADAS DA USINA SANTA ADELIA - USAGRO;68969625;b3S;S5;I;2;JABOTICABAL;SP;09/2021;NA;NA;NA;NA;11.364;9.660;0;NA;NA;NA;0;1.081;10.741;NA;NA%;NA%;105,80%;NA%;0,40%
COOPERATIVA DE ECONOMIA E CREDITO MUTUO DOS EMPREGADOS DE ELEVADORES ATLAS SCHINDLER LTDA.;42107706;b3S;S5;I;2;RIO DE JANEIRO;RJ;09/2021;NA;NA;NA;NA;13.473;9.971;0;NA;NA;NA;0;765;10.736;NA;NA%;NA%;125,49%;NA%;0,18%
COOPERATIVA DE ECONOMIA E CRÉDITO MÚTUO DOS COLABORADORES DA UNIÃO BRASILEIRA DE EDUCAÇÃO E ENSINO, UNIÃO NORTE BRASILEIRA DE EDUCAÇÃO E CULTURA & UNIÃO BRASILEIRA DE EDUCAÇÃO CATÓLICA LTDA - COOMAR;2588819;b3S;S5;I;2;BELO HORIZONTE;MG;09/2021;NA;NA;NA;NA;13.753;10.102;0;NA;NA;NA;0;581;10.682;NA;NA%;NA%;128,75%;NA%;1,36%
COOPERATIVA DE CRÉDITO MÚTUO DOS EMPREGADOS DA SKF E COLIGADAS;49091119;b3S;S5;I;2;CAJAMAR;SP;09/2021;NA;NA;NA;NA;12.504;10.064;0;NA;NA;NA;0;521;10.585;NA;NA%;NA%;118,13%;NA%;0,10%
COPERCRED - COOPERATIVA DE ECONOMIA E CRÉDITO MÚTUO DOS EMPREGADOS DAS EMPRESAS ZILLO LORENZETTI;58022195;b3S;S5;I;2;LENCOIS PAULISTA;SP;09/2021;NA;NA;NA;NA;11.282;9.681;0;NA;NA;NA;0;779;10.460;NA;NA%;NA%;107,86%;NA%;0,61%
COOPERATIVA DE ECONOMIA E CRÉDITO MÚTUO DOS EMPREGADOS DO GRUPO ALGAR E EMPREENDEDORES DO TRIÂNGULO MINEIRO LTDA - SICOOB TRIÂNGULO;1296040;b3S;S5;I;2;UBERLANDIA;MG;09/2021;NA;NA;NA;NA;6.184;9.171;0;NA;NA;NA;0;1.283;10.454;NA;NA%;NA%;59,15%;NA%;4,34%
COOPERATIVA DE ECONOMIA E CRÉDITO MÚTUO DOS FUNCIONÁRIOS DO GRUPO COMOLATTI - SÃO PAULO;47196084;b3S;S5;I;2;SAO PAULO;SP;09/2021;NA;NA;NA;NA;10.256;9.933;0;NA;NA;NA;0;441;10.375;NA;NA%;NA%;98,85%;NA%;0,00%
COOPERATIVA DE ECONOMIA E CRÉDITO MÚTUO DOS MEMBROS DO MINISTÉRIO PÚBLICO DE SÃO PAULO - PROMOCRED;4478231;b3S;S5;I;2;SAO PAULO;SP;09/2021;NA;NA;NA;NA;8.769;9.844;0;NA;NA;NA;0;379;10.223;NA;NA%;NA%;85,77%;NA%;0,19%
AMAZÔNIA CC LTDA. - PRUDENCIAL;1000082365;n2;S4;I;2;MANAUS;AM;09/2021;1.650;0;1.650;0;1.650;563;1.033;0;0;0;1.033;8.565;10.162;NA;16,24%;16,24%;16,24%;NA%;26,53%
COOPERATIVA DE ECONOMIA E CRÉDITO MÚTUO DOS FUNCIONÁRIOS DA BOMBRIL;57038408;b3S;S5;I;2;SAO BERNARDO DO CAMPO;SP;09/2021;NA;NA;NA;NA;10.258;9.612;0;NA;NA;NA;0;519;10.131;NA;NA%;NA%;101,25%;NA%;0,19%
COOPERATIVA DE ECONOMIA E CRÉDITO MÚTUO DOS EMPREGADOS DA TEKSID DO BRASIL LTDA., E NEMAK ALUMÍNIO DO BRASIL LTDA.;4249235;b3S;S5;I;2;BETIM;MG;09/2021;NA;NA;NA;NA;15.685;9.534;0;NA;NA;NA;0;559;10.093;NA;NA%;NA%;155,41%;NA%;0,11%
COOPERATIVA DE ECONOMIA E CRÉDITO MÚTUO DOS EMPREGADOS DA CEMIG E DAS INDÚSTRIAS METALÚRGICAS E DE MATERIAL ELÉTRICO E DOS SERVIDORES PÚBLICOS MUNICIPAIS DE JUIZ DE FORA LTDA. - SICOOB CECREMEC;17502881;b3S;S5;I;2;BELO HORIZONTE;MG;09/2021;NA;NA;NA;NA;6.551;8.477;0;NA;NA;NA;0;1.554;10.031;NA;NA%;NA%;65,31%;NA%;5,66%
COOPERATIVA DE CRÉDITO MÚTUO DE SERVIDORES PÚBLICOS DO ESTADO DE SÃO PAULO - CREDIFISCO;4546162;b3S;S5;I;2;SAO PAULO;SP;09/2021;NA;NA;NA;NA;4.907;9.449;0;NA;NA;NA;0;548;9.998;NA;NA%;NA%;49,08%;NA%;3,52%
COOPERATIVA DE ECONOMIA E CREDITO MUTUO DOS SERVIDORES ESTATUTARIOS DA ADMINISTRACAO DIRETA DO ESTADO DO ESPIRITO SANTO - COOPFISCO;2475222;b3S;S5;I;2;VITORIA;ES;09/2021;NA;NA;NA;NA;6.739;9.435;0;NA;NA;NA;0;495;9.930;NA;NA%;NA%;67,86%;NA%;3,09%
COOPERATIVA DE CRÉDITO MÚTUO DO ABC - COOPER 7;4414354;b3S;S5;I;2;SAO BERNARDO DO CAMPO;SP;09/2021;NA;NA;NA;NA;8.334;8.194;0;NA;NA;NA;0;1.310;9.504;NA;NA%;NA%;87,69%;NA%;0,65%
AZUMI DTVM PRUDENCIAL;1000085719;n2;S4;I;2;SAO PAULO;SP;09/2021;816;0;816;0;816;53;0;0;0;0;0;9.436;9.489;NA;8,60%;8,60%;8,60%;NA%;0,00%
COOPERATIVA DE ECONOMIA E CRÉDITO MÚTUO DOS TRABALHADORES NAS INDÚSTRIAS DE EXTRAÇÃO DE FERRO E METAIS BÁSICOS DA REGIÃO DE CONGONHAS LTDA. - COOFERSE;71384697;b3S;S5;I;2;CONGONHAS;MG;09/2021;NA;NA;NA;NA;9.650;8.980;0;NA;NA;NA;0;435;9.415;NA;NA%;NA%;102,50%;NA%;6,81%
ARC CORRETORA CAMBIO S.A. - PRUDENCIAL;1000082066;n2;S4;I;2;SANTOS;SP;09/2021;2.317;0;2.317;0;2.317;711;268;0;0;434;702;7.965;9.378;NA;24,71%;24,71%;24,71%;NA%;2,58%
COOPERATIVA DE ECONOMIA E CRÉDITO MÚTUO DOS FUNCIONÁRIOS PÚBLICOS MUNICIPAIS DE ITAPIRA - CREDITA;2115870;b3S;S5;I;2;ITAPIRA;SP;09/2021;NA;NA;NA;NA;10.674;8.831;0;NA;NA;NA;0;526;9.357;NA;NA%;NA%;114,08%;NA%;0,35%
COOPERATIVA DE ECONOMIA E CRÉDITO MÚTUO DOS FUNCIONÁRIOS DA ABRIL;43438662;b3S;S5;I;2;SAO PAULO;SP;09/2021;NA;NA;NA;NA;7.722;8.508;0;NA;NA;NA;0;812;9.321;NA;NA%;NA%;82,85%;NA%;0,33%
CONECTA CC LTDA - PRUDENCIAL;1000082406;n2;S5;I;2;SALVADOR;BA;09/2021;NA;NA;NA;NA;1.883;532;125;NA;NA;NA;125;8.610;9.267;NA;NA%;NA%;20,32%;NA%;0,89%
FÊNIX DTVM - PRUDENCIAL;1000085537;n2;S4;I;2;CUIABA;MT;09/2021;2.361;0;2.361;0;2.361;313;397;0;0;0;397;8.378;9.088;NA;25,97%;25,97%;25,97%;NA%;0,56%
NOSSA TERRA COOPERATIVA DE CRÉDITO DOS EMPREGADOS DAS EMPRESAS DE AGRONEGÓCIO E AFINS;49204605;b3S;S5;I;2;CAJATI;SP;09/2021;NA;NA;NA;NA;10.282;8.174;0;NA;NA;NA;0;782;8.955;NA;NA%;NA%;114,82%;NA%;0,13%
COOPERATIVA DE ECONOMIA E CRÉDITO MÚTUO DOS FUNCIONÁRIOS DO FLEURY;71965313;b3S;S5;I;2;SAO PAULO;SP;09/2021;NA;NA;NA;NA;9.340;8.563;0;NA;NA;NA;0;391;8.953;NA;NA%;NA%;104,32%;NA%;0,72%
DECYSEO CC LTDA. - PRUDENCIAL;1000082248;n2;S4;I;2;SAO PAULO;SP;09/2021;954;0;954;0;954;1.084;161;0;0;0;161;7.469;8.715;NA;10,95%;10,95%;10,95%;NA%;19,26%
COOPERATIVA DE ECONOMIA E CRÉDITO MÚTUO DOS EMPREGADOS DA NOVELIS;57545436;b3S;S5;I;2;SANTO ANDRE;SP;09/2021;NA;NA;NA;NA;10.148;7.762;0;NA;NA;NA;0;920;8.682;NA;NA%;NA%;116,88%;NA%;0,08%
SCB CRÉDITO SCMEPP - PRUDENCIAL;1000083230;n1;S5;I;2;FORTALEZA;CE;09/2021;NA;NA;NA;NA;2.705;4.700;0;NA;NA;NA;0;3.817;8.518;NA;NA%;NA%;31,75%;NA%;0,06%
TAMBASA SCD - PRUDENCIAL;1000085214;n1;S5;I;2;BELO HORIZONTE;MG;09/2021;NA;NA;NA;NA;10.163;8.061;0;NA;NA;NA;0;367;8.428;NA;NA%;NA%;120,59%;NA%;0,41%
COOPERATIVA DE ECONOMIA E CRÉDITO MÚTUO DOS FUNCIONÁRIOS DO GRUPO AVIBRAS - COOPER AVIBRAS;43268960;b3S;S5;I;2;JACAREI;SP;09/2021;NA;NA;NA;NA;9.114;7.903;0;NA;NA;NA;0;500;8.403;NA;NA%;NA%;108,45%;NA%;0,14%
HARMONIA DTVM - PRUDENCIAL;1000085568;n2;S4;I;2;SAO PAULO;SP;09/2021;843;0;843;0;843;404;0;0;0;0;0;7.900;8.304;NA;10,15%;10,15%;10,15%;NA%;34,78%
CORREPARTI CC LTDA - PRUDENCIAL;1000082231;n2;S4;I;2;SAO JOSE DOS PINHAIS;PR;09/2021;1.711;0;1.711;0;1.711;639;1;0;0;0;1;7.584;8.224;NA;20,81%;20,81%;20,81%;NA%;2,98%
CREDJUST - COOPERATIVA DE CRÉDITO MÚTUO DOS INTEGRANTES DA JUSTIÇA DO TRABALHO DA 13ª REGIÃO LTDA.;4608925;b3S;S5;I;2;JOAO PESSOA;PB;09/2021;NA;NA;NA;NA;6.883;7.725;0;NA;NA;NA;0;430;8.155;NA;NA%;NA%;84,41%;NA%;2,45%
SOL CC - PRUDENCIAL;1000082097;n2;S4;I;2;NATAL;RN;09/2021;220;0;220;0;220;238;397;0;0;0;397;7.514;8.148;NA;2,69%;2,69%;2,69%;NA%;24,58%
COOPERATIVA DE ECONOMIA E CRÉDITO MÚTUO DOS SERVIDORES PÚBLICOS DA REGIÃO METROPOLITANA DE BELÉM - CREDISIS CREDBEM METROPOLITANA;991739;b3S;S5;I;2;BELEM;PA;09/2021;NA;NA;NA;NA;9.387;7.126;0;NA;NA;NA;0;982;8.109;NA;NA%;NA%;115,77%;NA%;3,22%
CARTOS SCD - PRUDENCIAL;1000084442;n1;S5;I;2;SAO PAULO;SP;09/2021;NA;NA;NA;NA;3.178;6.865;0;NA;NA;NA;0;1.196;8.061;NA;NA%;NA%;39,43%;NA%;28,06%
SOCIALCRED S/A SCMEPP - PRUDENCIAL;1000083027;n1;S5;I;2;RIO DE JANEIRO;RJ;09/2021;NA;NA;NA;NA;8.785;6.712;0;NA;NA;NA;0;1.232;7.944;NA;NA%;NA%;110,59%;NA%;2,57%
PROSEFTUR CC - PRUDENCIAL;1000085795;n2;S4;I;2;JUNDIAI;SP;09/2021;1.006;0;1.006;0;1.006;529;9;0;0;0;9;7.327;7.865;NA;12,79%;12,79%;12,79%;NA%;8,23%
COOPERATIVA DE ECONOMIA E CRÉDITO MÚTUO DOS EMPREGADOS DO SISTEMA FIERGS - CRESUL;92675578;b3S;S5;I;2;PORTO ALEGRE;RS;09/2021;NA;NA;NA;NA;11.788;7.155;0;NA;NA;NA;0;619;7.774;NA;NA%;NA%;151,63%;NA%;0,03%
COOPERATIVA DE CRÉDITO MÚTUO DOS EMPREGADOS DA PILKINGTON BRASIL;2104058;b3S;S5;I;2;CACAPAVA;SP;09/2021;NA;NA;NA;NA;8.669;7.304;0;NA;NA;NA;0;465;7.769;NA;NA%;NA%;111,59%;NA%;0,17%
COOPERATIVA DE CRÉDITO MÚTUO DOS SERVIDORES DA SEGURANÇA PÚBLICA DE SÃO PAULO - CREDIAFAM;4804353;b3S;S5;I;2;SAO PAULO;SP;09/2021;NA;NA;NA;NA;7.664;7.310;0;NA;NA;NA;0;369;7.680;NA;NA%;NA%;99,80%;NA%;0,32%
COOPERATIVA DE ECONOMIA E CRÉDITO MÚTUO DOS SERVIDORES DO MUNICIPIO DE SANTO ANDRÉ - SP - SICOOB CECRESA;512839;b3S;S5;I;2;SANTO ANDRE;SP;09/2021;NA;NA;NA;NA;6.386;6.699;0;NA;NA;NA;0;965;7.664;NA;NA%;NA%;83,33%;NA%;2,29%
COOPERATIVA DE ECONOMIA E CRÉDITO MÚTUO DOS SERVIDORES MUNICIPAIS DE POÇOS DE CALDAS LTDA. - COOPOÇOS;41791005;b3S;S5;I;2;POCOS DE CALDAS;MG;09/2021;NA;NA;NA;NA;7.846;6.709;0;NA;NA;NA;0;941;7.650;NA;NA%;NA%;102,56%;NA%;0,25%
COOPERATIVA DE ECONOMIA E CREDITO MUTUO DOS EMPREGADOS DE CHOCOLATES GAROTO LTDA. - CREDI-GAROTO;30949267;b3S;S5;I;2;VILA VELHA;ES;09/2021;NA;NA;NA;NA;2.638;6.840;0;NA;NA;NA;0;808;7.649;NA;NA%;NA%;34,49%;NA%;12,28%
COOPERATIVA DE ECONOMIA E CREDITO MUTUO DOS SERVIDORES DA EMPRESA BRASILEIRA DE CORREIOS E TELEGRAFOS LTDA;42100982;b3S;S5;I;2;RIO DE JANEIRO;RJ;09/2021;NA;NA;NA;NA;7.575;6.884;0;NA;NA;NA;0;747;7.631;NA;NA%;NA%;99,26%;NA%;27,35%
COOPERATIVA DE ECONOMIA E CRÉDITO MÚTUO DOS EMPREGADOS DA CONFAB;59305565;b3S;S5;I;2;PINDAMONHANGABA;SP;09/2021;NA;NA;NA;NA;8.493;7.227;0;NA;NA;NA;0;390;7.617;NA;NA%;NA%;111,50%;NA%;0,12%
BMS SCD - PRUDENCIAL;1000083333;n1;S5;I;2;FORTALEZA;CE;09/2021;NA;NA;NA;NA;6.137;5.321;0;NA;NA;NA;0;2.288;7.608;NA;NA%;NA%;80,66%;NA%;0,71%
COOPERATIVA DE ECONOMIA E CRéDITO MúTUO DOS APOSENTADOS, PENSIONISTAS E IDOSOS - SICOOB COOPERNAPI;16564240;b3S;S5;I;2;SAO PAULO;SP;09/2021;NA;NA;NA;NA;901;7.078;0;NA;NA;NA;0;508;7.585;NA;NA%;NA%;11,87%;NA%;1,60%
BR-CAPITAL DTVM S.A. - PRUDENCIAL;1000083814;n2;S4;C;2;SAO PAULO;SP;09/2021;2.682;0;2.682;0;2.682;1.549;0;0;0;45;45;5.652;7.246;NA;37,01%;37,01%;37,01%;NA%;2,24%
COOPERATIVA DE ECONOMIA E CRÉDITO MÚTUO DOS FUNCIONÁRIOS DA CIA AÇUCAREIRA VALE DO ROSÁRIO - COOPERVALE;44958981;b3S;S5;I;2;MORRO AGUDO;SP;09/2021;NA;NA;NA;NA;8.997;6.380;0;NA;NA;NA;0;863;7.243;NA;NA%;NA%;124,21%;NA%;0,03%
HEMERA DTVM - PRUDENCIAL;1000085685;n2;S4;I;2;CURITIBA;PR;09/2021;1.050;0;1.050;0;1.050;28;0;0;3;0;3;7.201;7.232;NA;14,51%;14,51%;14,51%;NA%;0,00%
FAMILIA PAULISTA CI S.A. - PRUDENCIAL;1000083429;n1;S5;I;2;SANTOS;SP;09/2021;NA;NA;NA;NA;11.023;4.950;0;NA;NA;NA;0;2.176;7.127;NA;NA%;NA%;154,67%;NA%;2,35%
COOPERATIVA DE ECONOMIA E CRÉDITO MÚTUO DOS EMPREGADOS DO GRUPO TELEFÔNICA;57598120;b3S;S5;I;2;SAO PAULO;SP;09/2021;NA;NA;NA;NA;7.171;6.562;0;NA;NA;NA;0;553;7.115;NA;NA%;NA%;100,79%;NA%;1,49%
COOPERATIVA DE ECONOMIA E CRÉDITO MÚTUO DOS SERVIDORES DA SECRETARIA DE DEFESA SOCIAL DO ESTADO DE MINAS GERAIS LTDA. - COOPSESP;5746715;b3S;S5;I;2;BELO HORIZONTE;MG;09/2021;NA;NA;NA;NA;6.989;6.648;0;NA;NA;NA;0;334;6.982;NA;NA%;NA%;100,10%;NA%;2,92%
NUMBER ONE SCC LTDA. - PRUDENCIAL;1000081988;n2;S5;I;2;RIO DE JANEIRO;RJ;09/2021;NA;NA;NA;NA;2.079;1.402;0;NA;NA;NA;0;5.557;6.960;NA;NA%;NA%;29,88%;NA%;1,51%
SAGITUR CORRETORA DE CÂMBIO S.A. - PRUDENCIAL;1000084648;n2;S4;I;2;SAO PAULO;SP;09/2021;-152;0;-152;0;-152;88;24;0;0;0;24;6.756;6.867;NA;-2,21%;-2,21%;-2,21%;NA%;-32,04%
COOPERATIVA DE CRÉDITO DOS SERVIDORES PÚBLICOS MUNICIPAIS DE TIMÓTEO LTDA. - COOPERTIM;20833976;b3S;S5;I;2;TIMOTEO;MG;09/2021;NA;NA;NA;NA;9.277;6.167;0;NA;NA;NA;0;610;6.777;NA;NA%;NA%;136,88%;NA%;0,04%
COOPERATIVA DE CRÉDITO MÚTUO DOS FUNCIONÁRIOS DAS EMPRESAS FERROVIÁRIAS NO ESTADO DE SÃO PAULO;53932869;b3S;S5;I;2;OSASCO;SP;09/2021;NA;NA;NA;NA;6.626;6.212;0;NA;NA;NA;0;484;6.696;NA;NA%;NA%;98,95%;NA%;1,91%
COOPERATIVA DE ECONOMIA E CRÉDITO MÚTUO DOS EMPREGADOS DA SAMARCO MINERAÇÃO S.A. LTDA - CREDISAM;20622809;b3S;S5;I;2;BELO HORIZONTE;MG;09/2021;NA;NA;NA;NA;9.000;6.457;0;NA;NA;NA;0;180;6.637;NA;NA%;NA%;135,59%;NA%;0,04%
CRETOVALE - COOPERATIVA DE ECONOMIA E CRÉDITO MÚTUO DOS TRABALHADORES DA VALE;28145589;b3S;S5;I;2;VITORIA;ES;09/2021;NA;NA;NA;NA;6.005;5.990;0;NA;NA;NA;0;639;6.629;NA;NA%;NA%;90,58%;NA%;2,08%
COOPERATIVA DE CRÉDITO DOS BANCÁRIOS DE SÃO PAULO E MUNICÍPIOS LIMÍTROFES;3422007;b3S;S5;I;2;SAO PAULO;SP;09/2021;NA;NA;NA;NA;2.898;5.835;0;NA;NA;NA;0;771;6.607;NA;NA%;NA%;43,87%;NA%;0,52%
SOCRED S.A. SCM - PRUDENCIAL;1000083247;n1;S5;I;2;BELEM;PA;09/2021;NA;NA;NA;NA;4.041;5.943;0;NA;NA;NA;0;593;6.536;NA;NA%;NA%;61,82%;NA%;2,94%
COOPERATIVA DE ECONOMIA E CRÉDITO MÚTUO DOS FUNCIONÁRIOS DA FACULDADE DE CIÊNCIAS AGRÁRIAS E VETERINÁRIAS - CAMPUS DE JABOTICABAL/SP - COOPERFAC;57259525;b3S;S5;I;2;JABOTICABAL;SP;09/2021;NA;NA;NA;NA;7.100;6.012;0;NA;NA;NA;0;443;6.456;NA;NA%;NA%;109,98%;NA%;0,77%
COOPERATIVA DE CRÉDITO DOS EMPREGADOS DO IRB-BRASIL RE LTDA.;42153585;b3S;S5;I;2;RIO DE JANEIRO;RJ;09/2021;NA;NA;NA;NA;5.686;6.158;0;NA;NA;NA;0;209;6.367;NA;NA%;NA%;89,30%;NA%;2,12%
MOVA SEP - PRUDENCIAL;1000084961;n1;S5;I;2;SAO PAULO;SP;09/2021;NA;NA;NA;NA;2.238;4.759;0;NA;NA;NA;0;1.565;6.325;NA;NA%;NA%;35,38%;NA%;10,48%
COOPERATIVA DE ECONOMIA E CRÉDITO MÚTUO DOS EMPREGADOS DA SAINT-GOBAIN DO BRASIL PRODUTOS INDUSTRIAIS E PARA CONSTRUÇÃO - DIVISÃO VIDRO PLANO;48140925;b3S;S5;I;2;MAUA;SP;09/2021;NA;NA;NA;NA;6.206;5.896;0;NA;NA;NA;0;384;6.280;NA;NA%;NA%;98,82%;NA%;0,30%
PÓLOCRED SCMEPP LTDA. - PRUDENCIAL;1000083106;n1;S5;I;2;FLORIANOPOLIS;SC;09/2021;NA;NA;NA;NA;1.156;5.335;0;NA;NA;NA;0;925;6.260;NA;NA%;NA%;18,46%;NA%;2,02%
GOOD CC - PRUDENCIAL;1000084521;n2;S4;I;2;PORTO ALEGRE;RS;09/2021;2.060;0;2.060;0;2.060;870;616;0;0;0;616;4.751;6.236;NA;33,04%;33,04%;33,04%;NA%;0,88%
VIPS CC LTDA. - PRUDENCIAL;1000082444;n2;S5;I;2;SAO PAULO;SP;09/2021;NA;NA;NA;NA;1.240;429;770;NA;NA;NA;770;5.032;6.231;NA;NA%;NA%;19,90%;NA%;24,65%
COOPERATIVA DE ECONOMIA E CRÉDITO MÚTUO DOS SERVIDORES DO DISTRITO FEDERAL LTDA. - COOSERVCRED;778858;b3S;S5;I;2;BRASILIA;DF;09/2021;NA;NA;NA;NA;4.616;5.775;0;NA;NA;NA;0;455;6.230;NA;NA%;NA%;74,09%;NA%;5,02%
COOPERATIVA DE ECONOMIA E CRÉDITO MÚTUO DOS SERVIDORES MUNICIPAIS DE ITABIRA LTDA. - SICOOB COSEMI;16651002;b3S;S5;I;2;ITABIRA;MG;09/2021;NA;NA;NA;NA;6.854;5.364;0;NA;NA;NA;0;777;6.142;NA;NA%;NA%;111,60%;NA%;0,35%
COOPERATIVA DE ECONOMIA E CREDITO MUTUO DOS SERVIDORES DA COMLURB LTDA;29341260;b3S;S5;I;2;RIO DE JANEIRO;RJ;09/2021;NA;NA;NA;NA;10.173;5.515;0;NA;NA;NA;0;534;6.049;NA;NA%;NA%;168,17%;NA%;1,76%
COOPERATIVA DE ECONOMIA E CRÉDITO MÚTUO DOS FUNCIONÁRIOS DA OWENS CORNING FIBERGLAS AMÉRICA DO SUL;48172860;b3S;S5;I;2;RIO CLARO;SP;09/2021;NA;NA;NA;NA;5.315;5.672;0;NA;NA;NA;0;369;6.041;NA;NA%;NA%;87,98%;NA%;0,58%
COOPERATIVA DE ECONOMIA E CRÉDITO MÚTUO DOS FUNCIONÁRIOS DA MORLAN - CRED MORLAN;731320;b3S;S5;I;2;ORLANDIA;SP;09/2021;NA;NA;NA;NA;7.648;5.624;0;NA;NA;NA;0;358;5.982;NA;NA%;NA%;127,85%;NA%;0,00%
COOPERATIVA DE ECONOMIA E CRÉDITO MÚTUO DOS EMPREGADOS DAS EMPRESAS PLASCAR;17411307;b3S;S5;I;2;JUNDIAI;SP;09/2021;NA;NA;NA;NA;5.944;5.690;0;NA;NA;NA;0;292;5.982;NA;NA%;NA%;99,37%;NA%;0,18%
COOPERATIVA DE ECONOMIA E CRÉDITO MÚTUO DOS EMPREGADOS DO GRUPO SBF LTDA. - COOPER ATIVA SBF;2232228;b3S;S5;I;2;SAO PAULO;SP;09/2021;NA;NA;NA;NA;6.743;5.260;0;NA;NA;NA;0;680;5.940;NA;NA%;NA%;113,51%;NA%;0,00%
COOPERATIVA DE ECONOMIA E CRÉDITO MÚTUO ALIANÇA - COOPERNITRO;52935442;b3S;S5;I;2;SAO PAULO;SP;09/2021;NA;NA;NA;NA;6.647;5.541;0;NA;NA;NA;0;326;5.867;NA;NA%;NA%;113,28%;NA%;0,31%
COOPERATIVA DE ECONOMIA E CRÉDITO MÚTUO DOS FUNCIONÁRIOS DAS EMPRESAS MELHORAMENTOS DE SÃO PAULO - COOPERMEL;1504952;b3S;S5;I;2;SAO PAULO;SP;09/2021;NA;NA;NA;NA;6.090;5.489;0;NA;NA;NA;0;314;5.803;NA;NA%;NA%;104,95%;NA%;0,22%
COOPERATIVA DE CRÉDITO, POUPANÇA E SERVIÇOS FINANCEIROS DO CENTRO OESTE - CREDITAG;5491616;b3S;S5;I;2;MINEIROS;GO;09/2021;NA;NA;NA;NA;1.710;5.309;0;NA;NA;NA;0;459;5.768;NA;NA%;NA%;29,65%;NA%;6,61%
NEON CTVM - PRUDENCIAL;1000082839;n2;S4;I;2;SAO PAULO;SP;09/2021;3.349;0;3.349;0;3.349;99;0;0;3;0;3;5.664;5.766;NA;58,08%;58,08%;58,08%;NA%;1,85%
COOPERATIVA DE ECONOMIA E CRÉDITO MÚTUO DOS EMPREGADOS DA EATON;73077398;b3S;S5;I;2;VALINHOS;SP;09/2021;NA;NA;NA;NA;7.375;5.235;0;NA;NA;NA;0;459;5.694;NA;NA%;NA%;129,54%;NA%;0,01%
COINVALORES - PRUDENCIAL;1000080707;n2;S5;C;2;SAO PAULO;SP;09/2021;NA;NA;NA;NA;24.047;5.163;0;NA;NA;NA;0;516;5.680;NA;NA%;NA%;423,39%;NA%;0,75%
COOPERATIVA DE CRÉDITO MÚTUO DOS FUNCIONÁRIOS DA RICLAN;6077760;b3S;S5;I;2;RIO CLARO;SP;09/2021;NA;NA;NA;NA;6.112;5.294;0;NA;NA;NA;0;334;5.628;NA;NA%;NA%;108,61%;NA%;0,77%
COOPERATIVA DE CRÉDITO RURAL DO SERTÃO ALAGOANO ASCOOB COCREAL;7564184;b3S;S5;I;2;PAO DE ACUCAR;AL;09/2021;NA;NA;NA;NA;1.673;5.049;0;NA;NA;NA;0;566;5.615;NA;NA%;NA%;29,80%;NA%;40,56%
COOPERATIVA DE ECONOMIA E CRÉDITO MÚTUO DOS EMPREGADOS DA MAGNESITA REFRATÁRIOS S.A. LTDA. - CECREM;913314;b3S;S5;I;2;CONTAGEM;MG;09/2021;NA;NA;NA;NA;5.615;5.304;0;NA;NA;NA;0;289;5.593;NA;NA%;NA%;100,38%;NA%;0,04%
COOPERATIVA DE CRÉDITO DOS EMPREGADOS DO GRUPO AKZO NOBEL BRASIL - COOP AKZONOBEL;57996878;b3S;S5;I;2;MAUA;SP;09/2021;NA;NA;NA;NA;5.443;5.371;0;NA;NA;NA;0;191;5.561;NA;NA%;NA%;97,87%;NA%;0,20%
COOPERATIVA DE ECONOMIA E CRÉDITO MÚTUO DOS SERVIDORES DA FACULDADE DE ENGENHARIA DE ILHA SOLTEIRA - COOPERFEIS;96409263;b3S;S5;I;2;ILHA SOLTEIRA;SP;09/2021;NA;NA;NA;NA;6.379;5.232;0;NA;NA;NA;0;290;5.521;NA;NA%;NA%;115,54%;NA%;0,25%
FINANSINOS S.A. CFI - PRUDENCIAL;1000083467;n1;S5;I;2;NOVO HAMBURGO;RS;09/2021;NA;NA;NA;NA;7.192;5.127;0;NA;NA;NA;0;378;5.504;NA;NA%;NA%;130,67%;NA%;13,05%
COOPERATIVA DE ECONOMIA E CRÉDITO MÚTUO DOS FABRICANTES DE CALÇADOS DE SAPIRANGA LTDA.;5841967;b3S;S5;I;2;SAPIRANGA;RS;09/2021;NA;NA;NA;NA;3.980;4.814;0;NA;NA;NA;0;666;5.480;NA;NA%;NA%;72,63%;NA%;1,76%
COOPERATIVA DE ECONOMIA E CRÉDITO MÚTUO DOS FUNCIONÁRIOS DO GRUPO GERDAU - AÇOS FINOS PIRATINI;88952130;b3S;S5;I;2;CHARQUEADAS;RS;09/2021;NA;NA;NA;NA;5.519;5.096;0;NA;NA;NA;0;241;5.337;NA;NA%;NA%;103,41%;NA%;1,46%
COOPERATIVA DE ECONOMIA E CRÉDITO MÚTUO DOS FUNCIONÁRIOS DAS EMPRESAS ITAÚ;43446335;b3S;S5;I;2;SAO PAULO;SP;09/2021;NA;NA;NA;NA;5.074;5.129;0;NA;NA;NA;0;205;5.335;NA;NA%;NA%;95,10%;NA%;0,01%
LIONS TRUST DTVM PRUDENCIAL;1000085654;n2;S4;I;2;SAO PAULO;SP;09/2021;617;0;617;0;617;124;0;0;0;0;0;5.161;5.285;NA;11,68%;11,68%;11,68%;NA%;0,00%
PACIFIC INVEST DTVM LTDA - PRUDENCIAL;1000084143;n2;S4;I;2;JOACABA;SC;09/2021;1.602;0;1.602;0;1.602;52;1.123;0;0;0;1.123;3.991;5.166;NA;31,00%;31,00%;31,00%;NA%;1,59%
ONNIX CC LTDA. - PRUDENCIAL;1000082011;n2;S4;I;2;PORTO ALEGRE;RS;09/2021;881;0;881;0;881;445;2;0;0;0;2;4.690;5.138;NA;17,14%;17,14%;17,14%;NA%;11,50%
HSCM SCMEPP LTDA. - PRUDENCIAL;1000083089;n1;S5;I;2;IBIA;MG;09/2021;NA;NA;NA;NA;5.694;4.747;0;NA;NA;NA;0;389;5.136;NA;NA%;NA%;110,88%;NA%;0,23%
COOPSEBRAE - COOPERATIVA DE CRÉDITO MÚTUO DOS FUNCIONÁRIOS DO SEBRAE/PB, SEBRAE/RN E SESC, SENAC E SENAR EM JOÃO PESSOA;41219353;b3S;S5;I;2;JOAO PESSOA;PB;09/2021;NA;NA;NA;NA;4.326;4.817;0;NA;NA;NA;0;312;5.129;NA;NA%;NA%;84,34%;NA%;0,83%
AVS CORRETORA DE CÂMBIO LTDA - PRUDENCIAL;1000084590;n2;S5;I;2;CURITIBA;PR;09/2021;NA;NA;NA;NA;1.175;429;242;NA;NA;NA;242;4.413;5.084;NA;NA%;NA%;23,11%;NA%;2,85%
COOPERATIVA DE ECONOMIA E CRÉDITO MÚTUO DOS EMPREGADOS, APOSENTADOS E PENSIONISTAS DA COMPANHIA ESTADUAL DE ENERGIA ELÉTRICA E ELETRICITÁRIOS DO RIO GRANDE DO SUL   CRECE;92825397;b3S;S5;I;2;PORTO ALEGRE;RS;09/2021;NA;NA;NA;NA;2.699;4.270;0;NA;NA;NA;0;670;4.939;NA;NA%;NA%;54,64%;NA%;3,72%
NEXOOS SEP - PRUDENCIAL;1000084947;n1;S5;I;2;SAO PAULO;SP;09/2021;NA;NA;NA;NA;1.177;2.549;0;NA;NA;NA;0;2.367;4.917;NA;NA%;NA%;23,94%;NA%;5,85%
COOPERATIVA DE ECONOMIA E CRÉDITO MÚTUO DOS SERVIDORES DA ADMINISTRAÇÃO PÚBLICA MUNICIPAL DE PORTO ALEGRE - MUNICRED;5460750;b3S;S5;I;2;PORTO ALEGRE;RS;09/2021;NA;NA;NA;NA;1.457;3.655;0;NA;NA;NA;0;1.189;4.844;NA;NA%;NA%;30,08%;NA%;22,11%
GERENCIANET S.A. - CRéDITO, FINANCIAMENTO E INVESTIMENTO;37229413;n1;S5;I;2;OURO PRETO;MG;09/2021;NA;NA;NA;NA;6.439;4.765;0;NA;NA;NA;0;0;4.765;NA;NA%;NA%;135,13%;NA%;0,00%
COOPERATIVA DE ECONOMIA E CRÉDITO MÚTUO DOS EMPREGADOS DAS EMPRESAS SIDERÚRGICAS, METALÚRGICAS E ELETRO-MECÂNICAS DE JOÃO MONLEVADE LTDA. - CREDIBELGO;24235459;b3S;S5;I;2;JOAO MONLEVADE;MG;09/2021;NA;NA;NA;NA;3.931;4.253;0;NA;NA;NA;0;456;4.709;NA;NA%;NA%;83,47%;NA%;45,20%
COOPERATIVA DE CRÉDITO RURAL DE PEQUENOS AGRICULTORES E DA REFORMA AGRÁRIA DO CENTRO OESTE DO PARANÁ - CREHNOR LARANJEIRAS;1330387;b3S;S5;I;2;LARANJEIRAS DO SUL;PR;09/2021;NA;NA;NA;NA;808;4.516;0;NA;NA;NA;0;176;4.692;NA;NA%;NA%;17,23%;NA%;9,58%
LASTRO RDV DTVM LTDA - PRUDENCIAL;1000084129;n2;S4;I;2;ARARAS;SP;09/2021;627;0;627;0;627;239;93;0;322;0;415;4.024;4.678;NA;13,39%;13,39%;13,39%;NA%;5,73%
EUROINVEST S/A CCTVM - PRUDENCIAL;1000082781;n2;S4;I;2;RIO DE JANEIRO;RJ;09/2021;2.694;0;2.694;0;2.694;2.731;0;0;0;0;0;1.849;4.581;NA;58,82%;58,82%;58,82%;NA%;0,00%
SADOC CC - PRUDENCIAL;1000084758;n2;S5;I;2;FORTALEZA;CE;09/2021;NA;NA;NA;NA;1.963;241;1.348;NA;NA;NA;1.348;2.914;4.503;NA;NA%;NA%;43,58%;NA%;1,33%
COOPERATIVA DE ECONOMIA E CRÉDITO MÚTUO SERVIDORES PÚBLICOS ATIVOS, INATIVOS E PENSIONISTAS DA ADMINISTRAÇÃO DIRETA, INDIRETA E ASSEMBLÉIA LEGISLATIVA DO ESTADO DO RIO GRANDE SUL - COOPSERGS;5591437;b3S;S5;I;2;PORTO ALEGRE;RS;09/2021;NA;NA;NA;NA;1.237;3.697;0;NA;NA;NA;0;797;4.494;NA;NA%;NA%;27,52%;NA%;23,63%
TANGER SCD - PRUDENCIAL;1000084992;n1;S5;I;2;LINS;SP;09/2021;NA;NA;NA;NA;4.487;4.203;0;NA;NA;NA;0;287;4.490;NA;NA%;NA%;99,93%;NA%;0,00%
COOPERATIVA DE CRÉDITO MÚTUO DOS SERVIDORES MUNICIPAIS DE BEBEDOURO - COOCRESB.;5969937;b3S;S5;I;2;BEBEDOURO;SP;09/2021;NA;NA;NA;NA;2.696;3.994;0;NA;NA;NA;0;482;4.477;NA;NA%;NA%;60,22%;NA%;3,08%
COOPERATIVA CENTRAL DE CRÉDITO DA AGRICULTURA FAMILIAR E ECONOMIA SOLIDÁRIA - ASCOOB CENTRAL;10013534;b3C;S4;I;2;SERRINHA;BA;09/2021;3.093;0;3.093;0;3.093;4.255;0;0;64;0;64;133;4.452;80.285;69,49%;69,49%;69,49%;3,85%;12,30%
GDC PART SERV FIDUC DTVM LTDA - PRUDENCIAL;1000084208;n2;S5;I;2;RIO DE JANEIRO;RJ;09/2021;NA;NA;NA;NA;1.952;1.258;0;NA;NA;NA;0;3.086;4.345;NA;NA%;NA%;44,94%;NA%;6,31%
COOPERATIVA DE ECONOMIA E CREDITO MUTUO DOS EMPREGADOS DAS EMPRESAS DE TRANSPORTES COLETIVOS RODOVIÁRIOS DE PASSAGEIROS DO GRANDE RIO LTDA;141155;b3S;S5;I;2;SAO GONCALO;RJ;09/2021;NA;NA;NA;NA;5.890;3.635;0;NA;NA;NA;0;551;4.186;NA;NA%;NA%;140,70%;NA%;6,18%
COOPERATIVA DE ECONOMIA E CRÉDITO MÚTUO DOS FUNCIONÁRIOS DA ELGIN;45045671;b3S;S5;I;2;MOGI DAS CRUZES;SP;09/2021;NA;NA;NA;NA;5.259;3.789;0;NA;NA;NA;0;387;4.176;NA;NA%;NA%;125,93%;NA%;0,14%
COOPERATIVA DE ECONOMIA E CRÉDITO MÚTUO DOS SERVIDORES DA UNESP - COOPUNESP;69136075;b3S;S5;I;2;RIO CLARO;SP;09/2021;NA;NA;NA;NA;3.555;3.923;0;NA;NA;NA;0;227;4.150;NA;NA%;NA%;85,66%;NA%;6,86%
COOPERATIVA DE ECONOMIA E CRÉDITO MÚTUO DOS EMPREGADOS DAS INDÚSTRIAS UNILEVER DO BRASIL;53272365;b3S;S5;I;2;VALINHOS;SP;09/2021;NA;NA;NA;NA;4.269;3.819;0;NA;NA;NA;0;302;4.120;NA;NA%;NA%;103,60%;NA%;3,56%
EXIM CC LTDA - PRUDENCIAL;1000082217;n2;S4;I;2;PORTO ALEGRE;RS;09/2021;863;0;863;0;863;530;215;0;0;0;215;3.289;4.034;NA;21,39%;21,39%;21,39%;NA%;3,42%
LUMINA CC - PRUDENCIAL;1000082310;n2;S5;I;2;SALVADOR;BA;09/2021;NA;NA;NA;NA;1.230;326;1.664;NA;NA;NA;1.664;2.026;4.016;NA;NA%;NA%;30,64%;NA%;24,16%
COOPERATIVA DE CRÉDITO MÚTUO DOS SERVIDORES DE ÓRGAOS GESTORES DE RECURSOS HÍDRICOS DO ESTADO DE SÃO PAULO - COOPERHIDRO;53800488;b3S;S5;I;2;SAO PAULO;SP;09/2021;NA;NA;NA;NA;5.370;3.538;0;NA;NA;NA;0;429;3.967;NA;NA%;NA%;135,36%;NA%;0,02%
MOMENTO DTVM LTDA. - PRUDENCIAL;1000084181;n2;S4;I;2;RIO DE JANEIRO;RJ;09/2021;2.129;0;2.129;0;2.129;2.437;0;0;0;0;0;1.530;3.967;NA;53,67%;53,67%;53,67%;NA%;1,00%
CONEXION CC LTDA. - PRUDENCIAL;1000082420;n2;S4;I;2;RIBEIRAO PRETO;SP;09/2021;301;0;301;0;301;179;67;0;0;0;67;3.709;3.955;NA;7,62%;7,62%;7,62%;NA%;18,26%
COOPERATIVA DE CRÉDITO MÚTUO DOS EMPREGADOS DA FIAÇÃO ALPINA - COOPERALPINA;55319370;b3S;S5;I;2;MORUNGABA;SP;09/2021;NA;NA;NA;NA;4.496;3.624;0;NA;NA;NA;0;241;3.865;NA;NA%;NA%;116,33%;NA%;0,35%
COOPERATIVA DE CRÉDITO MÚTUO DOS EMPREGADOS EM INSTITUIÇÕES DO SISTEMA FINANCEIRO NAS REGIÕES DE SÃO PAULO E CAMPINAS (SP) - CREDISCOOP;3674133;b3S;S5;I;2;SAO PAULO;SP;09/2021;NA;NA;NA;NA;1.802;3.542;0;NA;NA;NA;0;309;3.852;NA;NA%;NA%;46,78%;NA%;0,61%
COOPERATIVA DE ECONOMIA E CRÉDITO MÚTUO DOS FUNCIONÁRIOS DO GRUPO LORENZETTI;44905255;b3S;S5;I;2;SAO PAULO;SP;09/2021;NA;NA;NA;NA;9.771;3.573;0;NA;NA;NA;0;208;3.781;NA;NA%;NA%;258,41%;NA%;0,02%
COOPERATIVA DE ECONOMIA E CRÉDITO MÚTUO DOS EMPREGADOS DOS SUPERMERCADOS RUSSI;2230138;b3S;S5;I;2;JUNDIAI;SP;09/2021;NA;NA;NA;NA;4.265;3.523;0;NA;NA;NA;0;211;3.734;NA;NA%;NA%;114,22%;NA%;0,00%
COOPERATIVA DE ECONOMIA E CRÉDITO MÚTUO DOS EMPREGADOS DA RECKITT BENCKISER;44223196;b3S;S5;I;2;SAO PAULO;SP;09/2021;NA;NA;NA;NA;4.453;3.473;0;NA;NA;NA;0;236;3.709;NA;NA%;NA%;120,05%;NA%;0,37%
CONSEGTUR CC - PRUDENCIAL;1000082303;n2;S4;I;2;SAO PAULO;SP;09/2021;417;0;417;0;417;261;0;0;0;0;0;3.393;3.654;NA;11,40%;11,40%;11,40%;NA%;1,62%
MULTICRED SCD - PRUDENCIAL;1000085355;n1;S5;I;2;SALVADOR;BA;09/2021;NA;NA;NA;NA;3.334;3.301;0;NA;NA;NA;0;330;3.632;NA;NA%;NA%;91,81%;NA%;1,99%
COOPERATIVA DE ECONOMIA E CRÉDITO MÚTUO DOS FUNCIONÁRIOS DA COMPANHIA PAULISTA DE TRENS METROPOLITANOS - COOPERTREM;1530136;b3S;S5;I;2;OSASCO;SP;09/2021;NA;NA;NA;NA;5.343;3.212;0;NA;NA;NA;0;350;3.563;NA;NA%;NA%;149,96%;NA%;0,02%
LIMINE TRUST DTVM  - PRUDENCIAL;1000084617;n2;S4;I;2;SAO PAULO;SP;09/2021;1.144;0;1.144;0;1.144;744;0;0;1;0;1;2.759;3.504;NA;32,65%;32,65%;32,65%;NA%;9,06%
COOPERATIVA DE ECONOMIA E CREDITO MUTUO DOS SERVIDORES PUBLICOS MUNICIPAIS DE PORTO ALEGRE;3990888;b3S;S5;I;2;PORTO ALEGRE;RS;09/2021;NA;NA;NA;NA;2.858;3.071;0;NA;NA;NA;0;392;3.463;NA;NA%;NA%;82,52%;NA%;12,58%
FONTECRED SCD - PRUDENCIAL;1000084954;n1;S5;I;2;LAGOA DA PRATA;MG;09/2021;NA;NA;NA;NA;2.837;2.466;0;NA;NA;NA;0;951;3.417;NA;NA%;NA%;83,04%;NA%;4,66%
CF GROUP SEP - PRUDENCIAL;1000085551;n1;S5;I;2;PORTO ALEGRE;RS;09/2021;NA;NA;NA;NA;1.073;3.083;0;NA;NA;NA;0;308;3.391;NA;NA%;NA%;31,65%;NA%;0,00%
DIBRAN DTVM LTDA - PRUDENCIAL;1000083845;n2;S4;I;2;SAO PAULO;SP;09/2021;15.140;0;15.140;0;15.140;185;978;0;8;0;986;2.190;3.361;NA;450,46%;450,46%;450,46%;NA%;0,49%
COOPERATIVA DE CRÉDITO RURAL DOS PLANTADORES DE CANA DA REGIÃO DE IGARAPAVA;52623311;b3S;S5;I;2;IGARAPAVA;SP;09/2021;NA;NA;NA;NA;7.703;3.144;0;NA;NA;NA;0;216;3.360;NA;NA%;NA%;229,27%;NA%;1,84%
COOPERATIVA DE ECONOMIA E CREDITO MUTUO DOS SERVIDORES DA ASCAR/EMATER-RS LTDA-CRESAL;90278987;b3S;S5;I;2;PORTO ALEGRE;RS;09/2021;NA;NA;NA;NA;2.798;3.188;0;NA;NA;NA;0;168;3.356;NA;NA%;NA%;83,39%;NA%;0,18%
CREDEXTRA - COOPERATIVA DE ECONOMIA E CRÉDITO MÚTUO DOS EMPREGADOS DA REALMAR DISTRIBUIDORA LTDA;4899135;b3S;S5;I;2;SERRA;ES;09/2021;NA;NA;NA;NA;4.477;2.956;0;NA;NA;NA;0;394;3.350;NA;NA%;NA%;133,64%;NA%;0,09%
COOPERATIVA DE CRéDITO MúTUO DOS FUNCIONáRIOS PúBLICOS DO PODER JUDICIáRIO DA CAPITAL DO ESTADO DE SãO PAULO - SICOOB JUDCRED;7651495;b3S;S5;I;2;SAO PAULO;SP;09/2021;NA;NA;NA;NA;2.172;2.681;0;NA;NA;NA;0;606;3.287;NA;NA%;NA%;66,09%;NA%;7,23%
COOPERATIVA DE ECONOMIA E CREDITO MUTUO DOS FUNCIONARIOS DE INSTITUICOES FINANCEIRAS PUBLICAS NO ESTADO DO ESPIRITO SANTO - CREDBRASIL-ES;2869663;b3S;S5;I;2;VITORIA;ES;09/2021;NA;NA;NA;NA;2.876;2.983;0;NA;NA;NA;0;281;3.264;NA;NA%;NA%;88,13%;NA%;0,24%
COOPERATIVA DE ECONOMIA E CRÉDITO MÚTUO DOS EMPREGADOS DA MOSAIC FERTILIZANTES DE UBERABA - COPERURA LTDA.;17607375;b3S;S5;I;2;UBERABA;MG;09/2021;NA;NA;NA;NA;5.150;2.979;0;NA;NA;NA;0;243;3.222;NA;NA%;NA%;159,85%;NA%;3,65%
COOPERATIVA DE CRÉDITO RURAL ASCOOB COOPEC - ASCOOB COOPEC;9244973;b3S;S5;I;2;POCO VERDE;SE;09/2021;NA;NA;NA;NA;1.130;2.821;0;NA;NA;NA;0;400;3.220;NA;NA%;NA%;35,10%;NA%;4,25%
COOPERATIVA DE ECONOMIA E CRÉDITO MÚTUO DOS SERVIDORES DA CNC SESC E SENAC ADMINISTRAÇÕES NACIONAIS LTDA;30304919;b3S;S5;I;2;RIO DE JANEIRO;RJ;09/2021;NA;NA;NA;NA;4.137;2.977;0;NA;NA;NA;0;231;3.208;NA;NA%;NA%;128,98%;NA%;0,31%
COOPERATIVA DE CRÉDITO DOS EMPREGADOS DA COMPANHIA INDUSTRIAL CATAGUASES E DA BAUMINAS LTDA. - SICOOB COOPECIC;19495266;b3S;S5;I;2;CATAGUASES;MG;09/2021;NA;NA;NA;NA;3.621;2.553;0;NA;NA;NA;0;638;3.191;NA;NA%;NA%;113,46%;NA%;5,04%
NGO ASSOCIADOS CC LTDA. - PRUDENCIAL;1000082152;n2;S5;I;2;SAO PAULO;SP;09/2021;NA;NA;NA;NA;991;676;0;NA;NA;NA;0;2.504;3.181;NA;NA%;NA%;31,15%;NA%;3,89%
COOPERATIVA DE ECONOMIA E CREDITO MUTUO DOS SERVIDORES MUNICIPAIS DO SUL FLUMINENSE LTDA.;1819799;b3S;S5;I;2;VOLTA REDONDA;RJ;09/2021;NA;NA;NA;NA;4.288;2.906;0;NA;NA;NA;0;197;3.103;NA;NA%;NA%;138,20%;NA%;8,21%
COOPERATIVA DE ECONOMIA E CRÉDITO MÚTUO DOS FUNCIONÁRIOS DA USINA SANTA MARIA - PILONCRED;1107759;b3S;S5;I;2;CERQUILHO;SP;09/2021;NA;NA;NA;NA;3.061;2.952;0;NA;NA;NA;0;138;3.089;NA;NA%;NA%;99,10%;NA%;0,33%
SINGRATUR CC LTDA. - PRUDENCIAL;1000082389;n2;S4;I;2;MARINGA;PR;09/2021;784;0;784;0;784;123;1.565;0;0;0;1.565;1.343;3.031;NA;25,87%;25,87%;25,87%;NA%;0,07%
FFCRED SCD - PRUDENCIAL;1000085489;n1;S5;I;2;ERECHIM;RS;09/2021;NA;NA;NA;NA;4.426;2.685;0;NA;NA;NA;0;268;2.953;NA;NA%;NA%;149,85%;NA%;0,39%
COOPERATIVA DE ECONOMIA E CRÉDITO MÚTUO DOS TRABALHADORES DA UNIVERSIDADE FEDERAL DE MINAS GERAIS LTDA. - COOPECREMT-UFMG;1918144;b3S;S5;I;2;BELO HORIZONTE;MG;09/2021;NA;NA;NA;NA;3.497;2.417;0;NA;NA;NA;0;534;2.950;NA;NA%;NA%;118,52%;NA%;1,56%
COOPERATIVA DE ECONOMIA E CRÉDITO MÚTUO DOS FUNCIONÁRIOS DAS EMPRESAS DE CERÂMICA - COOPASPACER;2541707;b3S;S5;I;2;SANTA GERTRUDES;SP;09/2021;NA;NA;NA;NA;2.295;2.777;0;NA;NA;NA;0;171;2.948;NA;NA%;NA%;77,87%;NA%;1,25%
CASA CREDITO S.A. SCM - PRUDENCIAL;1000083175;n1;S5;I;2;SAO PAULO;SP;09/2021;NA;NA;NA;NA;3.380;2.554;0;NA;NA;NA;0;287;2.842;NA;NA%;NA%;118,95%;NA%;0,27%
COOPESTADO - COOPERATIVA DE ECONOMIA E CRÉDITO MÚTUO DOS SERVIDORES PÚBLICOS NA REGIÃO METROPOLITANA DO ESTADO DO RIO DE JANEIRO LIMITADA;4995006;b3S;S5;I;2;RIO DE JANEIRO;RJ;09/2021;NA;NA;NA;NA;3.881;2.415;0;NA;NA;NA;0;426;2.841;NA;NA%;NA%;136,59%;NA%;0,97%
COOPERATIVA DE ECONOMIA E CRÉDITO MÚTUO DOS FUNCIONÁRIOS DAS EMPRESAS DO GRUPO DANA - COOPDANA;91018408;b3S;S5;I;2;GRAVATAI;RS;09/2021;NA;NA;NA;NA;4.286;2.623;0;NA;NA;NA;0;166;2.789;NA;NA%;NA%;153,66%;NA%;0,06%
COOPERATIVA DE CREDITO RURAL E ECONOMIA COM INTERAÇÃO SOLIDÁRIA DE OLIVEIRA DOS BREJINHOS - CRESOL OLIVEIRA DOS BREJINHOS;5428587;b3S;S5;I;2;OLIVEIRA DOS BREJINHOS;BA;09/2021;NA;NA;NA;NA;630;2.490;0;NA;NA;NA;0;290;2.780;NA;NA%;NA%;22,66%;NA%;7,35%
COOPERATIVA DE CRÉDITO MÚTUO DOS EMPREGADOS EM EMPRESAS ADMINISTRADORAS DE AEROPORTOS - AEROCRED;5292849;b3S;S5;I;2;GUARULHOS;SP;09/2021;NA;NA;NA;NA;2.810;2.506;0;NA;NA;NA;0;228;2.734;NA;NA%;NA%;102,78%;NA%;0,30%
COOPERATIVA DE ECONOMIA E CRÉDITO MÚTUO DOS FUNCIONÁRIOS DA ACUMENT BRASIL;45068632;b3S;S5;I;2;ATIBAIA;SP;09/2021;NA;NA;NA;NA;3.287;2.460;0;NA;NA;NA;0;202;2.662;NA;NA%;NA%;123,49%;NA%;0,07%
BIGCASH SCD - PRUDENCIAL;1000085056;n1;S5;I;2;GOVERNADOR VALADARES;MG;09/2021;NA;NA;NA;NA;4.636;2.297;0;NA;NA;NA;0;351;2.649;NA;NA%;NA%;175,02%;NA%;0,09%
COOPERATIVA DE CRÉDITO DOS FUNCIONÁRIOS DA PERPART, DO IPA E DA ADAGRO - COOPEMATER;11356599;b3S;S5;I;2;RECIFE;PE;09/2021;NA;NA;NA;NA;2.819;2.285;0;NA;NA;NA;0;271;2.556;NA;NA%;NA%;110,29%;NA%;0,48%
CENTRAL COOPERATIVA DE CRÉDITO NO ESTADO DO ESPÍRITO SANTO - CECOOP;5790149;b3C;S4;I;2;VITORIA;ES;09/2021;-9;0;-9;0;-9;2.075;0;0;0;0;0;479;2.554;15.005;-0,37%;-0,37%;-0,37%;-0,06%;154,39%
COOPERATIVA DE ECONOMIA E CREDITO MUTUO DOS FUNCIONARIOS DO EXPRESSO PRINCESA DOS CAMPOS;1551820;b3S;S5;I;2;PONTA GROSSA;PR;09/2021;NA;NA;NA;NA;3.433;2.240;0;NA;NA;NA;0;256;2.497;NA;NA%;NA%;137,48%;NA%;0,19%
COOPERATIVA DE ECONOMIA E CREDITO MUTUO DOS SERVIDORES DA UERJ LTDA. - COOPUERJ;28885036;b3S;S5;I;2;RIO DE JANEIRO;RJ;09/2021;NA;NA;NA;NA;2.331;2.244;0;NA;NA;NA;0;238;2.482;NA;NA%;NA%;93,94%;NA%;2,57%
COOPERATIVA DE CRÉDITO MÚTUO DOS FUNCIONÁRIOS DA FIEP, SESI, SENAI, IEL E DO CONDOMÍNIO AGOSTINHO VELLOSO DA SILVEIRA (CEAVS) - CREDFISP LTDA.;5747018;b3S;S5;I;2;CAMPINA GRANDE;PB;09/2021;NA;NA;NA;NA;2.451;2.304;0;NA;NA;NA;0;160;2.464;NA;NA%;NA%;99,49%;NA%;1,27%
MEGA CC LTDA. - PRUDENCIAL;1000082327;n2;S4;I;2;RIO CLARO;SP;09/2021;387;0;387;0;387;22;1.503;0;0;0;1.503;904;2.429;NA;15,95%;15,95%;15,95%;NA%;1,35%
COOPERATIVA DE ECONOMIA E CRÉDITO MÚTUO DOS FUNCIONÁRIOS DA NAKATA;9128022;b3S;S5;I;2;OSASCO;SP;09/2021;NA;NA;NA;NA;2.772;2.244;0;NA;NA;NA;0;149;2.393;NA;NA%;NA%;115,81%;NA%;0,12%
STARCRED SCD - PRUDENCIAL;1000085032;n1;S5;I;2;TAQUARA;RS;09/2021;NA;NA;NA;NA;1.623;2.243;0;NA;NA;NA;0;73;2.316;NA;NA%;NA%;70,07%;NA%;0,00%
COOPERATIVA DE ECONOMIA E CRÉDITO MÚTUO DOS COLABORADORES DA COOPEDER LTDA - COOPCREDER;21130869;b3S;S5;I;2;BELO HORIZONTE;MG;09/2021;NA;NA;NA;NA;2.509;2.039;0;NA;NA;NA;0;245;2.284;NA;NA%;NA%;109,84%;NA%;2,66%
FIDUCIA SCMEPP LTDA - PRUDENCIAL;1000083010;n1;S5;I;2;SOROCABA;SP;09/2021;NA;NA;NA;NA;2.320;1.626;0;NA;NA;NA;0;626;2.252;NA;NA%;NA%;103,00%;NA%;5,80%
COOPERATIVA DE ECONOMIA E CRÉDITO MÚTUO DOS FUNCIONÁRIOS DA SELENE;72952138;b3S;S5;I;2;CERQUILHO;SP;09/2021;NA;NA;NA;NA;3.010;2.017;0;NA;NA;NA;0;232;2.249;NA;NA%;NA%;133,84%;NA%;0,36%
COOPERATIVA DE ECONOMIA E CREDITO MUTUO DOS FUNCIONARIOS DO GRUPO MAUA LTDA;5048575;b3S;S5;I;2;SAO GONCALO;RJ;09/2021;NA;NA;NA;NA;4.768;1.892;0;NA;NA;NA;0;218;2.110;NA;NA%;NA%;226,03%;NA%;0,10%
COOPERATIVA DE ECONOMIA E CRÉDITO MÚTUO DOS FUNCIONÁRIOS DO GRUPO SUGGAR LTDA.;548980;b3S;S5;I;2;BELO HORIZONTE;MG;09/2021;NA;NA;NA;NA;2.227;1.937;0;NA;NA;NA;0;159;2.096;NA;NA%;NA%;106,23%;NA%;0,02%
NUMATUR CC LTDA - PRUDENCIAL;1000082451;n2;S5;I;2;SAO PAULO;SP;09/2021;NA;NA;NA;NA;2.050;734;505;NA;NA;NA;505;839;2.078;NA;NA%;NA%;98,64%;NA%;0,90%
COOPERATIVA DE ECONOMIA E CRÉDITO MÚTUO DOS EMPREGADOS DA PONTIFÍCIA UNIVERSIDADE CATÓLICA DO RIO DE JANEIRO E EMPREGADOS EM ESTABELECIMENTOS PRIVADOS DE ENSINO DO MUNICÍPIO DO RIO DE JANEIRO LTDA.;42445122;b3S;S5;I;2;RIO DE JANEIRO;RJ;09/2021;NA;NA;NA;NA;1.301;1.881;0;NA;NA;NA;0;191;2.071;NA;NA%;NA%;62,82%;NA%;3,58%
COOPERATIVA DE ECONOMIA E CREDITO MUTUO DOS EMPREGADOS DOS LABORATORIOS B.BRAUN LTDA;30586895;b3S;S5;I;2;SAO GONCALO;RJ;09/2021;NA;NA;NA;NA;3.441;1.788;0;NA;NA;NA;0;229;2.017;NA;NA%;NA%;170,55%;NA%;0,81%
ACCESSCREDITO SCMEPP - PRUDENCIAL;1000083319;n1;S5;I;3;MANAUS;AM;09/2021;NA;NA;NA;NA;1.088;1.182;0;NA;NA;NA;0;834;2.016;NA;NA%;NA%;53,94%;NA%;13,45%
CC AÇORIANA LTDA. - PRUDENCIAL;1000082341;n2;S4;I;2;FLORIANOPOLIS;SC;09/2021;530;0;530;0;530;124;72;0;0;0;72;1.793;1.988;NA;26,66%;26,66%;26,66%;NA%;7,27%
COOPERATIVA DE ECONOMIA E CRÉDITO MÚTUO DOS FUNCIONÁRIOS DA ASSEMBLÉIA LEGISLATIVA DO ESTADO DA PARAÍBA LTDA. -  COOPERLEGIS;41146382;b3S;S5;I;2;JOAO PESSOA;PB;09/2021;NA;NA;NA;NA;1.918;1.693;0;NA;NA;NA;0;255;1.948;NA;NA%;NA%;98,45%;NA%;1,58%
COOPERATIVA DE ECONOMIA E CREDITO MUTUO DOS TRABALHADORES EM CONSELHOS DE FISCALIZACAO PROFISSIONAL NO MUNICIPIO DO RIO DE JANEIRO LTDA.;2850075;b3S;S5;I;2;RIO DE JANEIRO;RJ;09/2021;NA;NA;NA;NA;2.070;1.765;0;NA;NA;NA;0;165;1.930;NA;NA%;NA%;107,24%;NA%;38,67%
AVIPAM CC LTDA. - PRUDENCIAL;1000082042;n2;S4;I;2;RIO DE JANEIRO;RJ;09/2021;367;0;367;0;367;332;1.432;0;0;0;1.432;166;1.930;NA;19,01%;19,01%;19,01%;NA%;0,00%
BRCARD SCD - PRUDENCIAL;1000085159;n1;S5;I;2;CALDAS NOVAS;GO;09/2021;NA;NA;NA;NA;2.175;1.791;0;NA;NA;NA;0;100;1.890;NA;NA%;NA%;115,05%;NA%;0,00%
COOPSERJ - COOPERATIVA DE CRÉDITO MÚTUO DOS SERVIDORES PÚBLICOS DO PODER EXECUTIVO DO ESTADO DO RIO DE JANEIRO LTDA.;2723075;b3S;S5;I;2;RIO DE JANEIRO;RJ;09/2021;NA;NA;NA;NA;927;1.493;0;NA;NA;NA;0;348;1.841;NA;NA%;NA%;50,33%;NA%;3,31%
COOPERATIVA DE ECONOMIA E CRÉDITO MÚTUO DOS SERVIDORES DA POLÍCIA MILITAR DO ESTADO DE SÃO PAULO DA REGIÃO CENTRO-OESTE PAULISTA - CREDMIL;4152107;b3S;S5;I;2;BAURU;SP;09/2021;NA;NA;NA;NA;1.142;1.350;0;NA;NA;NA;0;452;1.802;NA;NA%;NA%;63,36%;NA%;16,78%
RAPIDIUM SCMEPP - PRUDENCIAL;1000085575;n1;S5;I;2;TOLEDO;PR;09/2021;NA;NA;NA;NA;1.803;1.634;0;NA;NA;NA;0;163;1.798;NA;NA%;NA%;100,31%;NA%;0,00%
COOPERATIVA DE ECONOMIA E CRÉDITO MÚTUO DOS EMPREGADOS DO SEBRAE BAHIA LTDA.;5658367;b3S;S5;I;2;SALVADOR;BA;09/2021;NA;NA;NA;NA;1.713;1.688;0;NA;NA;NA;0;98;1.786;NA;NA%;NA%;95,88%;NA%;0,06%
CPCI - CIA CRED IMOBILIARIO - PRUDENCIAL;1000080972;n1;S5;I;2;PORTO ALEGRE;RS;09/2021;NA;NA;NA;NA;857;1.505;0;NA;NA;NA;0;279;1.784;NA;NA%;NA%;48,05%;NA%;25,25%
COOPERATIVA DE ECONOMIA E CRÉDITO MÚTUO DOS EMPREGADOS DA EMPRESA SUPERMERCADOS JAU SERVE - COOPERJS;3400651;b3S;S5;I;2;JAU;SP;09/2021;NA;NA;NA;NA;2.412;1.542;0;NA;NA;NA;0;209;1.751;NA;NA%;NA%;137,74%;NA%;0,00%
N26 SCD - PRUDENCIAL;1000085623;n1;S5;I;2;SAO PAULO;SP;09/2021;NA;NA;NA;NA;6.227;1.555;0;NA;NA;NA;0;156;1.711;NA;NA%;NA%;364,01%;NA%;0,00%
CP & FRIZZO - DTVM LTDA - PRUDENCIAL;1000083838;n2;S4;I;2;SAO PAULO;SP;09/2021;574;0;574;0;574;315;0;0;0;0;0;1.392;1.707;NA;33,64%;33,64%;33,64%;NA%;1,63%
COOPERATIVA DE CRÉDITO DOS EMPREGADOS DA CBA ITAPISSUMA E EMPREGADOS DE EMPRESAS PRESTADORA DE SERVIÇOS INDUSTRIAIS, NO ESTADO DE PERNAMBUCO - CREDCOOPE;8931800;b3S;S5;I;2;ITAPISSUMA;PE;09/2021;NA;NA;NA;NA;1.771;1.560;0;NA;NA;NA;0;132;1.692;NA;NA%;NA%;104,67%;NA%;0,11%
CREDIHOME SCD - PRUDENCIAL;1000085403;n1;S5;I;2;SAO PAULO;SP;09/2021;NA;NA;NA;NA;1.534;1.529;0;NA;NA;NA;0;153;1.682;NA;NA%;NA%;91,21%;NA%;0,00%
COOPERATIVA DE ECONOMIA E CREDITO MÚTUO DOS PROFESSORES ESTADUAIS DA REGIÃO METROPOLITANA DE PORTO ALEGRE - EDUCREDI;5419025;b3S;S5;I;2;PORTO ALEGRE;RS;09/2021;NA;NA;NA;NA;3.075;1.276;0;NA;NA;NA;0;404;1.681;NA;NA%;NA%;182,94%;NA%;1,48%
COOPERATIVA DE ECONOMIA E CRÉDITO MÚTUO DOS SERVENTUÁRIOS DA CIMENTO TUPI S.A. E EMPRESAS COLIGADAS LTDA. - TUPICRED;19551787;b3S;S5;I;2;CARANDAI;MG;09/2021;NA;NA;NA;NA;1.754;1.546;0;NA;NA;NA;0;131;1.677;NA;NA%;NA%;104,57%;NA%;0,94%
FINANCRED SCMEPP LTDA. - PRUDENCIAL;1000084679;n1;S5;I;2;CAMPO GRANDE;MS;09/2021;NA;NA;NA;NA;1.767;1.475;0;NA;NA;NA;0;196;1.671;NA;NA%;NA%;105,74%;NA%;0,00%
COOPERATIVA DE ECONOMIA E CRÉDITO MÚTUO DOS EMPREGADOS DA PROLEC GE BRASIL TRANSMISSÃO DE ENERGIA S.A.;88043187;b3S;S5;I;2;CANOAS;RS;09/2021;NA;NA;NA;NA;1.577;1.506;0;NA;NA;NA;0;163;1.669;NA;NA%;NA%;94,49%;NA%;0,50%
EBADIVAL - E BAGGIO DTVM LTDA - PRUDENCIAL;1000083876;n2;S5;I;2;CURITIBA;PR;09/2021;NA;NA;NA;NA;980;616;215;NA;NA;NA;215;826;1.657;NA;NA%;NA%;59,13%;NA%;0,81%
PLATACRED SCD - PRUDENCIAL;1000085472;n1;S4;I;2;PORTO ALEGRE;RS;09/2021;750;0;750;0;750;401;0;0;2;0;2;1.240;1.643;NA;45,64%;45,64%;45,64%;NA%;0,00%
COOPERATIVA DE ECONOMIA E CREDITO MUTUO DOS EMPREGADOS DO GRUPO USINA PAINEIRAS LTDA - CRED-PAN;27140946;b3S;S5;I;2;ITAPEMIRIM;ES;09/2021;NA;NA;NA;NA;1.508;1.501;0;NA;NA;NA;0;102;1.603;NA;NA%;NA%;94,10%;NA%;0,04%
COOPERATIVA DE ECONOMIA E CREDITO MUTUO DOS FUNCIONARIOS DA VIACAO NOSSA SENHORA DO AMPARO LTDA. - COPERFAMP;2192115;b3S;S5;I;2;MARICA;RJ;09/2021;NA;NA;NA;NA;2.138;1.443;0;NA;NA;NA;0;157;1.601;NA;NA%;NA%;133,56%;NA%;12,89%
FIDUCIAL DTVM LTDA - PRUDENCIAL;1000084198;n2;S5;I;2;BELO HORIZONTE;MG;09/2021;NA;NA;NA;NA;408;308;0;NA;NA;NA;0;1.290;1.598;NA;NA%;NA%;25,54%;NA%;1,14%
LAMARA SCD - PRUDENCIAL;1000084394;n1;S5;I;2;FORTALEZA;CE;09/2021;NA;NA;NA;NA;1.577;877;0;NA;NA;NA;0;716;1.592;NA;NA%;NA%;99,01%;NA%;1,51%
BONUSPAGO SCD - PRUDENCIAL;1000085128;n1;S5;I;2;CASCAVEL;PR;09/2021;NA;NA;NA;NA;3.532;1.514;0;NA;NA;NA;0;25;1.538;NA;NA%;NA%;229,61%;NA%;0,00%
COOPERATIVA DE ECONOMIA E CRÉDITO MÚTUO DOS EMPREGADOS DA JOLIMODE ROUPAS E EMPRESAS COLIGADAS LTDA;28244622;b3S;S5;I;2;RIO DE JANEIRO;RJ;09/2021;NA;NA;NA;NA;2.737;1.274;0;NA;NA;NA;0;260;1.534;NA;NA%;NA%;178,41%;NA%;0,45%
COOPERATIVA DE ECONOMIA E CRÉDITO MÚTUO DOS FUNCIONÁRIOS DA GERDAU S/A-UNIDADE MOGI DAS CRUZES;52575206;b3S;S5;I;2;MOGI DAS CRUZES;SP;09/2021;NA;NA;NA;NA;1.535;1.430;0;NA;NA;NA;0;85;1.515;NA;NA%;NA%;101,33%;NA%;0,12%
COOPERATIVA DE CRÉDITO DOS EMPREGADOS DAS EMPRESAS DO GRUPO INDORAMA NO BRASIL;62605290;b3S;S5;I;2;POCOS DE CALDAS;MG;09/2021;NA;NA;NA;NA;2.540;1.349;0;NA;NA;NA;0;107;1.455;NA;NA%;NA%;174,53%;NA%;0,09%
VNK SCMEPP - PRUDENCIAL;1000084404;n1;S5;I;2;FORTALEZA;CE;09/2021;NA;NA;NA;NA;1.149;1.054;0;NA;NA;NA;0;375;1.429;NA;NA%;NA%;80,38%;NA%;2,40%
COOPERATIVA DE ECONOMIA E CRÉDITO MÚTUO DOS EMPREGADOS DAS EMPRESAS SOMART LTDA.;129753;b3S;S5;I;2;URUCANIA;MG;09/2021;NA;NA;NA;NA;1.295;1.364;0;NA;NA;NA;0;63;1.427;NA;NA%;NA%;90,70%;NA%;0,19%
COOPERATIVA DE CRÉDITO MÚTUO DOS SERVIDORES PÚBLICOS MUNICIPAIS DE JABOTICABAL - COOPERSERV;881829;b3S;S5;I;2;JABOTICABAL;SP;09/2021;NA;NA;NA;NA;1.371;1.189;0;NA;NA;NA;0;168;1.358;NA;NA%;NA%;100,96%;NA%;2,40%
ATLANTA SCM LTDA - PRUDENCIAL;1000083034;n1;S5;I;2;PASSOS;MG;09/2021;NA;NA;NA;NA;1.594;1.191;0;NA;NA;NA;0;165;1.356;NA;NA%;NA%;117,55%;NA%;0,89%
CREDIFIT SCD - PRUDENCIAL;1000085465;n1;S5;I;2;SALVADOR;BA;09/2021;NA;NA;NA;NA;1.477;1.229;0;NA;NA;NA;0;123;1.352;NA;NA%;NA%;109,25%;NA%;0,35%
COOPERATIVA DE ECONOMIA E CREDITO MUTUO DOS SERVIDORES DO COLEGIO PEDRO II;2910387;b3S;S5;I;2;RIO DE JANEIRO;RJ;09/2021;NA;NA;NA;NA;2.494;1.186;0;NA;NA;NA;0;151;1.336;NA;NA%;NA%;186,60%;NA%;1,13%
DMCARD SCD - PRUDENCIAL;1000085166;n1;S5;I;2;SAO JOSE DOS CAMPOS;SP;09/2021;NA;NA;NA;NA;1.287;1.306;0;NA;NA;NA;0;30;1.336;NA;NA%;NA%;96,32%;NA%;0,00%
COOPERATIVA DE ECONOMIA E CRÉDITO MÚTUO DOS EMPREGADOS DO GRUPO PARAMOUNT;88183173;b3S;S5;I;2;SAPUCAIA DO SUL;RS;09/2021;NA;NA;NA;NA;2.137;1.163;0;NA;NA;NA;0;140;1.304;NA;NA%;NA%;163,94%;NA%;0,24%
GLOBAL SCM LTDA - PRUDENCIAL;1000083278;n1;S5;I;2;AMERICANA;SP;09/2021;NA;NA;NA;NA;1.279;961;0;NA;NA;NA;0;341;1.302;NA;NA%;NA%;98,27%;NA%;6,81%
MARU SCD - PRUDENCIAL;1000085269;n1;S5;I;2;SAO PAULO;SP;09/2021;NA;NA;NA;NA;1.119;1.166;0;NA;NA;NA;0;120;1.286;NA;NA%;NA%;86,98%;NA%;0,00%
COOPERATIVA DE ECONOMIA E CRÉDITO MÚTUO DOS EMPREGADOS DA BECTON DICKINSON INDÚSTRIAS CIRÚRGICAS LTDA., LTDA.;21597133;b3S;S5;I;2;JUIZ DE FORA;MG;09/2021;NA;NA;NA;NA;2.068;1.037;0;NA;NA;NA;0;130;1.167;NA;NA%;NA%;177,11%;NA%;0,18%
COOPERATIVA DE CRÉDITO DOS METALÚRGICOS DO ABC - CREDABC;5740092;b3S;S5;I;2;SAO BERNARDO DO CAMPO;SP;09/2021;NA;NA;NA;NA;3.512;1.057;0;NA;NA;NA;0;82;1.140;NA;NA%;NA%;308,15%;NA%;0,00%
COOPERATIVA DE CRÉDITO UNICOPER;977212;b3S;S5;I;2;SAO PAULO;SP;09/2021;NA;NA;NA;NA;1.039;960;0;NA;NA;NA;0;164;1.124;NA;NA%;NA%;92,46%;NA%;0,00%
BARU SCD - PRUDENCIAL;1000085805;n1;S5;I;2;PORTO ALEGRE;RS;09/2021;NA;NA;NA;NA;2.001;1.020;0;NA;NA;NA;0;102;1.122;NA;NA%;NA%;178,37%;NA%;0,00%
CAPITAL CONSIG SCD - PRUDENCIAL;1000085599;n1;S5;I;2;SAO PAULO;SP;09/2021;NA;NA;NA;NA;838;1.019;0;NA;NA;NA;0;102;1.121;NA;NA%;NA%;74,79%;NA%;67,92%
COOPERATIVA DE ECONOMIA E CREDITO MUTUO DOS FUNCIONARIOS DA GKN DO BRASIL LTDA;5331882;b3S;S5;I;2;PORTO ALEGRE;RS;09/2021;NA;NA;NA;NA;1.747;1.045;0;NA;NA;NA;0;74;1.120;NA;NA%;NA%;156,04%;NA%;0,00%
COOPERATIVA DE CRÉDITO MÚTUO DOS EMPREGADOS DAS INDÚSTRIAS DO PAPEL, PAPELÃO E CORTIÇA DE OTACÍLIO COSTA, LAGES E CORREA PINTO - PAPELCREDI;6369729;b3S;S5;I;2;OTACILIO COSTA;SC;09/2021;NA;NA;NA;NA;644;978;0;NA;NA;NA;0;138;1.115;NA;NA%;NA%;57,75%;NA%;12,32%
COOPERATIVA DE ECONOMIA E CRÉDITO MÚTUO DOS EMPREGADOS DA UNIFI - CREDIUNIFI;3685335;b3S;S5;I;2;SAO PAULO;SP;09/2021;NA;NA;NA;NA;1.165;1.016;0;NA;NA;NA;0;90;1.106;NA;NA%;NA%;105,28%;NA%;0,86%
COOPERATIVA DE ECONOMIA E CRÉDITO MÚTUO DOS EMPREGADOS DA FUNDAÇÃO ARTHUR BERNARDES LTDA. - COOFAB;2738981;b3S;S5;I;2;VICOSA;MG;09/2021;NA;NA;NA;NA;1.365;996;0;NA;NA;NA;0;85;1.081;NA;NA%;NA%;126,27%;NA%;0,13%
COOPERATIVA DE ECONOMIA E CREDITO MUTUO DOS EMPREGADOS DO COLEGIO SANTO INACIO - COESI;2447184;b3S;S5;I;2;RIO DE JANEIRO;RJ;09/2021;NA;NA;NA;NA;1.431;959;0;NA;NA;NA;0;123;1.081;NA;NA%;NA%;132,32%;NA%;0,06%
COOPERATIVA DE CRÉDITO MÚTUO DOS TRABALHADORES DO SISTEMA FINANCEIRO DE CURITIBA E REGIÃO - COOPCREFI;6942423;b3S;S5;I;2;CURITIBA;PR;09/2021;NA;NA;NA;NA;1.376;958;0;NA;NA;NA;0;93;1.050;NA;NA%;NA%;131,00%;NA%;0,51%
COOPERATIVA DE ECONOMIA E CREDITO MUTUO DOS EMPREGADOS DA CIA DE ELETRICIDADE DO ESTADO DO RJ CREDICERJ LTDA;30138226;b3S;S5;I;2;NITEROI;RJ;09/2021;NA;NA;NA;NA;1.119;806;0;NA;NA;NA;0;215;1.021;NA;NA%;NA%;109,54%;NA%;3,61%
COOPERATIVA DE CRÉDITO DOS FUNCIONÁRIOS DO GRUPO PPG;3657230;b3S;S5;I;2;SUMARE;SP;09/2021;NA;NA;NA;NA;1.421;899;0;NA;NA;NA;0;118;1.017;NA;NA%;NA%;139,76%;NA%;0,73%
COOPERATIVA DE ECONOMIA E CRÉDITO MÚTUO DOS FUNCIONÁRIOS DO GRUPO VOTORANTIM LIMITADA.;75174953;b3S;S5;I;2;RIO BRANCO DO SUL;PR;09/2021;NA;NA;NA;NA;1.337;931;0;NA;NA;NA;0;55;986;NA;NA%;NA%;135,63%;NA%;0,00%
COOPERATIVA DE CRÉDITO DE SERVIDORES DA UESC - UESCOOP;10548608;b3S;S5;I;2;ILHEUS;BA;09/2021;NA;NA;NA;NA;1.003;909;0;NA;NA;NA;0;45;953;NA;NA%;NA%;105,21%;NA%;0,09%
HR SCMEPP LTDA. - PRUDENCIAL;1000084411;n1;S5;I;2;MACEIO;AL;09/2021;NA;NA;NA;NA;665;610;0;NA;NA;NA;0;340;949;NA;NA%;NA%;70,09%;NA%;2,77%
ID CTVM - PRUDENCIAL;1000085582;n2;S4;I;2;SAO PAULO;SP;09/2021;1.333;0;1.333;0;1.333;540;0;0;0;0;0;389;929;NA;143,43%;143,43%;143,43%;NA%;10,57%
COOPERATIVA DE ECONOMIA E CRÉDITO MÚTUO DOS BANCÁRIOS DO TRIÂNGULO LTDA.;1301541;b3S;S5;I;2;UBERLANDIA;MG;09/2021;NA;NA;NA;NA;778;860;0;NA;NA;NA;0;56;917;NA;NA%;NA%;84,88%;NA%;0,75%
COOPERATIVA DE ECONOMIA E CRÉDITO MÚTUO DOS EMPREGADOS DA INDÚSTRIA DE PAPÉIS SUDESTE LTDA . - CREDESTE;18340695;b3S;S5;I;2;JUIZ DE FORA;MG;09/2021;NA;NA;NA;NA;820;799;0;NA;NA;NA;0;86;885;NA;NA%;NA%;92,72%;NA%;0,06%
SUDACRED SCMEPP LTDA. - PRUDENCIAL;1000084428;n1;S5;I;2;CAMPINAS;SP;09/2021;NA;NA;NA;NA;936;651;0;NA;NA;NA;0;189;840;NA;NA%;NA%;111,42%;NA%;0,02%
COOPERATIVA DE ECONOMIA E CRÉDITO MÚTUO DOS SERVIDORES DA PREFEITURA MUNICIPAL DE VOTORANTIM;52137361;b3S;S5;I;2;VOTORANTIM;SP;09/2021;NA;NA;NA;NA;919;779;0;NA;NA;NA;0;61;840;NA;NA%;NA%;109,45%;NA%;1,50%
COOPERASA - COOPERATIVA DE ECONOMIA E CRÉDITO MÚTUO DOS FUNCIONARIOS DAS EMPRESAS DA AGUIA PARTICIPAÇÕES;5296712;b3S;S5;I;2;PONTA GROSSA;PR;09/2021;NA;NA;NA;NA;832;636;0;NA;NA;NA;0;185;821;NA;NA%;NA%;101,43%;NA%;0,00%
COOPERATIVA DE ECONOMIA E CREDITO MUTUO DOS TRABALHADORES DO GRUPO EMPRESARIAL ITATIAIA LTDA. - COOPERITA;20177390;b3S;S5;I;2;UBA;MG;09/2021;NA;NA;NA;NA;1.332;730;0;NA;NA;NA;0;80;810;NA;NA%;NA%;164,42%;NA%;0,00%
COOPERATIVA DE ECONOMIA E CRÉDITO MÚTUO DOS EMPREGADOS DAS EMPRESAS DE DIVERSÕES DO ESTADO DE SÃO PAULO;68314921;b3S;S5;I;2;SAO PAULO;SP;09/2021;NA;NA;NA;NA;940;667;0;NA;NA;NA;0;134;800;NA;NA%;NA%;117,48%;NA%;0,10%
COOPERATIVA DE CRÉDITO RURAL DO AGRESTE ALAGOANO - COOPERAGRE;8482873;b3S;S5;I;2;IGACI;AL;09/2021;NA;NA;NA;NA;284;679;0;NA;NA;NA;0;94;772;NA;NA%;NA%;36,74%;NA%;4,32%
CORPORE SCMEPP - PRUDENCIAL;1000083216;n1;S5;I;2;DOURADOS;MS;09/2021;NA;NA;NA;NA;715;654;0;NA;NA;NA;0;92;746;NA;NA%;NA%;95,83%;NA%;16,66%
COOPERATIVA DE ECONOMIA E CREDITO MUTUO DOS EMPREGADOS NAS INDUSTRIAS QUIMICAS, FARMACEUTICAS E SIMILARES DA REGIAO METROPOLITANA DO RIO DE JANEIRO LTDA;5424088;b3S;S5;I;2;SAO GONCALO;RJ;09/2021;NA;NA;NA;NA;1.294;666;0;NA;NA;NA;0;79;745;NA;NA%;NA%;173,75%;NA%;0,59%
COOPERATIVA DE CRÉDITO MÚTUO DOS EMPREGADOS DO CENTRO UNIVERSITÁRIO NEWTON PAIVA LTDA. - CREDIPAIVA;20833992;b3S;S5;I;2;BELO HORIZONTE;MG;09/2021;NA;NA;NA;NA;762;578;0;NA;NA;NA;0;155;734;NA;NA%;NA%;103,92%;NA%;3,11%
COOPERATIVA DE ECONOMIA E CREDITO MUTUO DOS FUNCIONARIOS DA FMC LTDA;42258376;b3S;S5;I;2;RIO DE JANEIRO;RJ;09/2021;NA;NA;NA;NA;1.009;643;0;NA;NA;NA;0;77;721;NA;NA%;NA%;140,01%;NA%;1,64%
COOPERATIVA DE ECONOMIA E CREDITO MUTUO DOS EMPREGADOS DO GRUPO JOSE NEFFA LTDA;29985421;b3S;S5;I;2;VITORIA;ES;09/2021;NA;NA;NA;NA;1.007;592;0;NA;NA;NA;0;78;670;NA;NA%;NA%;150,19%;NA%;0,12%
EMCASH SERVICOS FINANCEIROS SEP - PRUDENCIAL;1000085283;n1;S5;I;2;BELO HORIZONTE;MG;09/2021;NA;NA;NA;NA;576;607;0;NA;NA;NA;0;51;658;NA;NA%;NA%;87,49%;NA%;0,00%
STARK SCD - PRUDENCIAL;1000085513;n1;S5;I;2;SAO PAULO;SP;09/2021;NA;NA;NA;NA;2.964;595;0;NA;NA;NA;0;59;654;NA;NA%;NA%;452,94%;NA%;0,00%
COOPERATIVA DE CRÉDITO DE CAPITAL E EMPRÉSTIMO DOS EMPREGADOS CELETISTAS DE COOPERATIVAS DOS ESTADOS DE SÃO PAULO E MINAS GERAIS - COCREUNI;57987273;b3S;S5;I;2;RIBEIRAO PRETO;SP;09/2021;NA;NA;NA;NA;1.035;607;0;NA;NA;NA;0;41;648;NA;NA%;NA%;159,76%;NA%;0,18%
COOPERATIVA DE ECONOMIA E CREDITO MUTUO DOS FUNCIONARIOS DA SANEPAR - CREDISANEPAR;3165497;b3S;S5;I;2;CASCAVEL;PR;09/2021;NA;NA;NA;NA;571;522;0;NA;NA;NA;0;80;601;NA;NA%;NA%;94,97%;NA%;0,12%
COOPESA-COOPERATIVA DE ECONOMIA E CREDITO MUTUO DOS FUNCIONARIOS DA COESA TRANSPORTES E EMPRESAS COLIGADAS LTDA;68848563;b3S;S5;I;2;SAO GONCALO;RJ;09/2021;NA;NA;NA;NA;932;488;0;NA;NA;NA;0;111;598;NA;NA%;NA%;155,70%;NA%;0,38%
FACILICRED SCM LTDA - PRUDENCIAL;1000083041;n1;S5;I;2;CURITIBA;PR;09/2021;NA;NA;NA;NA;958;541;0;NA;NA;NA;0;52;593;NA;NA%;NA%;161,52%;NA%;0,00%
UP.P SEP - PRUDENCIAL;1000085087;n1;S5;I;2;SAO PAULO;SP;09/2021;NA;NA;NA;NA;2.483;476;0;NA;NA;NA;0;115;591;NA;NA%;NA%;419,90%;NA%;0,27%
LEND SCD - PRUDENCIAL;1000085276;n1;S5;I;2;SAO PAULO;SP;09/2021;NA;NA;NA;NA;904;530;0;NA;NA;NA;0;54;584;NA;NA%;NA%;154,69%;NA%;0,00%
COOPERATIVA DE ECONOMIA E CRÉDITO MÚTUO DOS EMPREGADOS DA MOSAIC FERTILIZANTES DO BRASIL - COCRESGO LTDA.;968834;b3S;S5;I;2;CATALAO;GO;09/2021;NA;NA;NA;NA;738;519;0;NA;NA;NA;0;63;582;NA;NA%;NA%;126,90%;NA%;1,33%
COOPERATIVA DE ECONOMIA E CRÉDITO MÚTUO DOS TRABALHADORES DAS INDÚSTRIAS METALÚRGICAS DE PORTO ALEGRE E GRANDE PORTO ALEGRE;90560434;b3S;S5;I;2;CACHOEIRINHA;RS;09/2021;NA;NA;NA;NA;640;463;0;NA;NA;NA;0;101;563;NA;NA%;NA%;113,59%;NA%;4,76%
ICARO CC LTDA - PRUDENCIAL;1000082190;n2;S5;I;2;CURITIBA;PR;09/2021;NA;NA;NA;NA;942;242;0;NA;NA;NA;0;308;550;NA;NA%;NA%;171,27%;NA%;0,00%
COOPERATIVA DE ECONOMIA E CRÉDITO MÚTUO DOS FUNCIONÁRIOS DO BANESPA DE BOTUCATU E CIDADES LIMÍTROFES;3219207;b3S;S5;I;2;BOTUCATU;SP;09/2021;NA;NA;NA;NA;685;485;0;NA;NA;NA;0;59;544;NA;NA%;NA%;126,03%;NA%;0,00%
BULLLA SEP - PRUDENCIAL;1000084985;n1;S5;I;2;SAO PAULO;SP;09/2021;NA;NA;NA;NA;1.032;373;0;NA;NA;NA;0;159;532;NA;NA%;NA%;194,13%;NA%;2,01%
DELCRED SCD - PRUDENCIAL;1000085393;n1;S5;I;2;ARACAJU;SE;09/2021;NA;NA;NA;NA;1.435;481;0;NA;NA;NA;0;48;529;NA;NA%;NA%;271,07%;NA%;0,00%
GIRO SCD - PRUDENCIAL;1000085496;n1;S5;I;2;CURITIBA;PR;09/2021;NA;NA;NA;NA;1.239;477;0;NA;NA;NA;0;48;524;NA;NA%;NA%;236,34%;NA%;0,00%
ZIPDIN SCD - PRUDENCIAL;1000085221;n1;S5;I;2;RIO DE JANEIRO;RJ;09/2021;NA;NA;NA;NA;1.142;392;0;NA;NA;NA;0;110;502;NA;NA%;NA%;227,35%;NA%;0,00%
CREDBRASIL - SCM LTDA - PRUDENCIAL;1000083003;n1;S5;I;2;PAULINIA;SP;09/2021;NA;NA;NA;NA;668;362;0;NA;NA;NA;0;116;478;NA;NA%;NA%;139,78%;NA%;0,00%
COOPERATIVA DE ECONOMIA E CRÉDITO MÚTUO DOS BANCÁRIOS DE BELO HORIZONTE E REGIÃO METROPOLITANA LTDA. - COOPEB;71502181;b3S;S5;I;2;BELO HORIZONTE;MG;09/2021;NA;NA;NA;NA;685;446;0;NA;NA;NA;0;30;476;NA;NA%;NA%;143,71%;NA%;0,18%
GERU SCD - PRUDENCIAL;1000085290;n1;S5;I;2;SAO PAULO;SP;09/2021;NA;NA;NA;NA;986;468;0;NA;NA;NA;0;1;469;NA;NA%;NA%;210,21%;NA%;0,00%
COOPERATIVA DE ECONOMIA E CRÉDITO MÚTUO DOS BANCÁRIOS DE JUIZ DE FORA LTDA. - COCBAN;4158581;b3S;S5;I;2;JUIZ DE FORA;MG;09/2021;NA;NA;NA;NA;531;360;0;NA;NA;NA;0;57;417;NA;NA%;NA%;127,44%;NA%;0,60%
COOPERATIVA DE ECONOMIA E CREDITO MUTUO DOS FUNCIONARIOS DO GRUPO PROGRESSO LTDA - PROCRED;2931166;b3S;S5;I;2;TRES RIOS;RJ;09/2021;NA;NA;NA;NA;172;359;0;NA;NA;NA;0;40;399;NA;NA%;NA%;43,09%;NA%;0,29%
COOPERATIVA DE ECONOMIA E CRÉDITO MÚTUO DOS BANCÁRIOS DE SOROCABA E REGIÃO;71491609;b3S;S5;I;2;SOROCABA;SP;09/2021;NA;NA;NA;NA;358;331;0;NA;NA;NA;0;22;353;NA;NA%;NA%;101,56%;NA%;0,00%
TURMA CORRETORA DE CÂMBIO - PRUDENCIAL;1000084796;n2;S4;I;2;URUGUAIANA;RS;09/2021;450;0;450;0;450;99;0;0;0;0;0;237;336;NA;134,10%;134,10%;134,10%;NA%;0,18%
MAGNETIS DTVM  - PRUDENCIAL;1000085135;n2;S4;I;3;SAO PAULO;SP;09/2021;3.172;0;3.172;0;3.172;177;0;0;2;0;2;152;331;NA;958,11%;958,11%;958,11%;NA%;0,17%
COOPERATIVA DE CRÉDITO RURAL DOS AGROPECUARISTAS DA REGIÃO DE PORTO FELIZ;50334234;b3S;S5;I;2;PORTO FELIZ;SP;09/2021;NA;NA;NA;NA;266;280;0;NA;NA;NA;0;39;318;NA;NA%;NA%;83,63%;NA%;2,70%
CEM SCMEPP - PRUDENCIAL;1000083326;n1;S5;I;2;JAU;SP;09/2021;NA;NA;NA;NA;942;306;0;NA;NA;NA;0;9;315;NA;NA%;NA%;299,23%;NA%;0,74%
BOM CRÉDITO SCMEPP LTDA. - PRUDENCIAL;1000083065;n1;S5;I;2;VOLTA REDONDA;RJ;09/2021;NA;NA;NA;NA;380;209;0;NA;NA;NA;0;100;308;NA;NA%;NA%;123,26%;NA%;2,70%
COOPERATIVA DE CRÉDITO DE CAPITAL E EMPRÉSTIMO DOS TRABALHADORES NAS EMPRESAS DE TECNOLOGIA E INFORMÁTICA DE BELO HORIZONTE E CIDADES LIMÍTROFES LTDA - COOPERINFOR;28435685;b3S;S5;I;2;BELO HORIZONTE;MG;09/2021;NA;NA;NA;NA;399;280;0;NA;NA;NA;0;16;296;NA;NA%;NA%;134,64%;NA%;0,00%
BNS SCM LTDA - PRUDENCIAL;1000083096;n1;S5;I;2;JACUTINGA;MG;09/2021;NA;NA;NA;NA;208;292;0;NA;NA;NA;0;3;295;NA;NA%;NA%;70,47%;NA%;0,00%
COOPERATIVA DE CRÉDITO MÚTUO DOS FUNCIONÁRIOS DA FÁBRICA DE CIMENTO VOTORAN;45421856;b3S;S5;I;2;VOTORANTIM;SP;09/2021;NA;NA;NA;NA;71;208;0;NA;NA;NA;0;53;261;NA;NA%;NA%;27,06%;NA%;0,00%
CREDILON SCM REG. LONDRINA LTD - PRUDENCIAL;1000083120;n1;S5;I;2;LONDRINA;PR;09/2021;NA;NA;NA;NA;325;213;0;NA;NA;NA;0;42;256;NA;NA%;NA%;127,08%;NA%;1,58%
DOURADA SCMEPP LTDA - PRUDENCIAL;1000083302;n1;S5;I;2;LAGOA DOURADA;MG;09/2021;NA;NA;NA;NA;186;229;0;NA;NA;NA;0;8;236;NA;NA%;NA%;78,98%;NA%;0,00%
OPUS PLATAFORMA DIGITAL SCD - PRUDENCIAL;1000085740;n1;S5;I;2;MARINGA;PR;09/2021;NA;NA;NA;NA;894;182;0;NA;NA;NA;0;18;201;NA;NA%;NA%;445,99%;NA%;0,00%
COOPERATIVA DE CRÉDITO MÚTUO DOS DISTRIBUIDORES DE BEBIDAS DO ESTADO DE SÃO PAULO - SICOOB CREDIBESP;7753938;b3S;S5;I;2;SAO PAULO;SP;09/2021;NA;NA;NA;NA;51;112;0;NA;NA;NA;0;50;162;NA;NA%;NA%;31,81%;NA%;23,93%
COOPERATIVA DE ECONOMIA E CRÉDITO MÚTUO DOS TRABALHADORES NAS INDÚSTRIAS METALÚRGICAS, MECÂNICA E MATERIAL ELÉTRICO DE SÃO LEOPOLDO E REGIÃO - COOPERMETAL;10719496;b3S;S5;I;2;SAO LEOPOLDO;RS;09/2021;NA;NA;NA;NA;78;81;0;NA;NA;NA;0;38;119;NA;NA%;NA%;65,76%;NA%;20,05%
NUMBRS SCD - PRUDENCIAL;1000085410;n1;S5;I;2;SAO PAULO;SP;09/2021;NA;NA;NA;NA;2.081;43;0;NA;NA;NA;0;4;48;NA;NA%;NA%;4.363,56%;NA%;0,91%
FIDO SEP - PRUDENCIAL;1000085609;n1;S5;I;2;BRASILIA;DF;09/2021;NA;NA;NA;NA;1.000;0;0;NA;NA;NA;0;0;0;NA;NA%;NA%;NI%;NA%;0,00%
ASAAS GESTAO FINANCEIRA IP - PRUDENCIAL;1000085771;n4;;I;2;JOINVILLE;SC;09/2021;NA;NA;NA;NA;NA;NA;NA;NA;NA;NA;NA;NA;NA;NA;NA%;NA%;NA%;NA%;NA%
FITBANK IP - PRUDENCIAL;1000085726;n4;;I;2;SAO PAULO;SP;09/2021;NA;NA;NA;NA;NA;NA;NA;NA;NA;NA;NA;NA;NA;NA;NA%;NA%;NA%;NA%;NA%
NEON PAGAMENTOS IP - PRUDENCIAL;1000085702;n4;;C;2;SAO PAULO;SP;09/2021;NA;NA;NA;NA;NA;NA;NA;NA;NA;NA;NA;NA;NA;NA;NA%;NA%;NA%;NA%;NA%
FACEBOOK INSTITUICAO PAGAMENTO - PRUDENCIAL;1000085692;n4;;I;2;SAO PAULO;SP;09/2021;NA;NA;NA;NA;NA;NA;NA;NA;NA;NA;NA;NA;NA;NA;NA%;NA%;NA%;NA%;NA%
VERDE ADMINISTRADORA DE CARTõES - PRUDENCIAL;1000085678;n4;;I;2;CACHOEIRINHA;RS;09/2021;NA;NA;NA;NA;NA;NA;NA;NA;NA;NA;NA;NA;NA;NA;NA%;NA%;NA%;NA%;NA%
IUGU IP - PRUDENCIAL;1000085434;n4;;I;2;SAO PAULO;SP;09/2021;NA;NA;NA;NA;NA;NA;NA;NA;NA;NA;NA;NA;NA;NA;NA%;NA%;NA%;NA%;NA%
GREEN NET - PRUDENCIAL;1000085362;n4;;I;2;CUIABA;MT;09/2021;NA;NA;NA;NA;NA;NA;NA;NA;NA;NA;NA;NA;NA;NA;NA%;NA%;NA%;NA%;NA%
HUB IP - PRUDENCIAL;1000085348;n4;;I;2;BARUERI;SP;09/2021;NA;NA;NA;NA;NA;NA;NA;NA;NA;NA;NA;NA;NA;NA;NA%;NA%;NA%;NA%;NA%
FORTBRASIL IP - PRUDENCIAL;1000085245;n4;;C;2;FORTALEZA;CE;09/2021;NA;NA;NA;NA;NA;NA;NA;NA;NA;NA;NA;NA;NA;NA;NA%;NA%;NA%;NA%;NA%
BOLETOBANCARIO.COM TEC PAGAMENTOS - PRUDENCIAL;1000085094;n4;;I;2;CURITIBA;PR;09/2021;NA;NA;NA;NA;NA;NA;NA;NA;NA;NA;NA;NA;NA;NA;NA%;NA%;NA%;NA%;NA%
PAYPAL DO BRASIL IP - PRUDENCIAL;1000085018;n4;;I;2;SAO PAULO;SP;09/2021;NA;NA;NA;NA;NA;NA;NA;NA;NA;NA;NA;NA;NA;NA;NA%;NA%;NA%;NA%;NA%
CREDI SHOP S.A. - PRUDENCIAL;1000084923;n4;;I;2;TERESINA;PI;09/2021;NA;NA;NA;NA;NA;NA;NA;NA;NA;NA;NA;NA;NA;NA;NA%;NA%;NA%;NA%;NA%
REPOM S.A. - PRUDENCIAL;1000084916;n4;;I;2;BARUERI;SP;09/2021;NA;NA;NA;NA;NA;NA;NA;NA;NA;NA;NA;NA;NA;NA;NA%;NA%;NA%;NA%;NA%
ACESSO SOLUÇÕES DE PAGAMENTO - PRUDENCIAL;1000084806;n4;;I;2;SAO PAULO;SP;09/2021;NA;NA;NA;NA;NA;NA;NA;NA;NA;NA;NA;NA;NA;NA;NA%;NA%;NA%;NA%;NA%
DOCK IP - PRUDENCIAL;1000084789;n4;;I;2;BARUERI;SP;09/2021;NA;NA;NA;NA;NA;NA;NA;NA;NA;NA;NA;NA;NA;NA;NA%;NA%;NA%;NA%;NA%
CIELO IP - PRUDENCIAL;1000084710;n4;;C;2;BARUERI;SP;09/2021;NA;NA;NA;NA;NA;NA;NA;NA;NA;NA;NA;NA;NA;NA;NA%;NA%;NA%;NA%;NA%
MUTUAL APETRIM CI S/A - PRUDENCIAL;1000083412;n1;S4;I;2;BELO HORIZONTE;MG;09/2021;NI;NI;NI;NI;NI;NI;NI;NI;NI;NI;NI;NI;NI;NA;NI%;NI%;NI%;NA%;NI%
COOPERATIVA DE ECONOMIA E CRÉDITO MÚTUO DOS EMPREGADOS DA PRODAM/SP - CREDIPRODAM;67031757;b3S;S5;I;2;SAO PAULO;SP;09/2021;NA;NA;NA;NA;NI;NI;NI;NA;NA;NA;NI;NI;NI;NA;NA%;NA%;NI%;NA%;NI%
BNQI SOCIEDADE DE CREDITO DIRETO S.A.;43167610;n1;S5;I;2;SAO PAULO;SP;09/2021;NA;NA;NA;NA;NI;NI;NI;NA;NA;NA;NI;NI;NI;NA;NA%;NA%;NI%;NA%;NI%
COOPERATIVA DE ECONOMIA E CREDITO MUTUO DOS EMPREGADOS DE ESTABELECIMENTOS HOSPITALARES DO SUL DO ESTADO DO ESPIRITO SANTO - SULCRED;31746993;b3S;S5;I;2;CACHOEIRO DE ITAPEMIRIM;ES;09/2021;NA;NA;NA;NA;NI;NI;NI;NA;NA;NA;NI;NI;NI;NA;NA%;NA%;NI%;NA%;NI%
COOPERATIVA DE ECONOMIA E CRÉDITO MÚTUO DOS TRABALHADORES DA COOPER STANDARD AUTOMOTIVE BRASIL SEALING LTDA. E FLUID SYSTEMS LTDA.;4464352;b3S;S5;I;2;VARGINHA;MG;09/2021;NA;NA;NA;NA;NI;NI;NI;NA;NA;NA;NI;NI;NI;NA;NA%;NA%;NI%;NA%;NI%
COOPERATIVA DE ECONOMIA E CREDITO MUTUO DOS EMPREGADOS IND.ALIMENTACAO REG.GRDE.VITORIA EST.ES-CREDI-ALIMENTO;3973743;b3S;S5;I;2;VITORIA;ES;09/2021;NA;NA;NA;NA;NI;NI;NI;NA;NA;NA;NI;NI;NI;NA;NA%;NA%;NI%;NA%;NI%
