Instituição;Código;TCB;SR;TD;TC;Cidade;UF;Data;Patrimônio de Referência para Comparação com o RWA;Patrimônio de Referência para Comparação com o RWA - Capital Complementar (b);Patrimônio de Referência para Comparação com o RWA - Patrimônio de Referência Nível I para Comparação com RWA (c) = (a) + (b);Patrimônio de Referência para Comparação com o RWA - Capital Nível II (d);Patrimônio de Referência para Comparação com o RWA - Patrimônio de Referência para Comparação com o RWA;Ativos Ponderados pelo Risco (RWA);Ativos Ponderados pelo Risco (RWA) - RWAcam (g1);Ativos Ponderados pelo Risco (RWA) - RWAcom (g2);Ativos Ponderados pelo Risco (RWA) - RWAjur (g3);Ativos Ponderados pelo Risco (RWA) - RWAacs (g4);Ativos Ponderados pelo Risco (RWA) - RWA para Risco de Mercado (g) = (g1) + (g2) + (g3) + (g4);Ativos Ponderados pelo Risco (RWA) - RWA para Risco Operacional (h);Ativos Ponderados pelo Risco (RWA) - Ativos Ponderados pelo Risco (RWA) (i) = (f) + (g) + (h);Exposição Total (j);Índice de Capital Principal (k) = (a) / (i);Índice de Capital Nível I (l) = (c) / (i);Índice de Basileia (m) = (e) / (i);Razão de Alavancagem (n) = (c) / (j);Índice de Imobilização (o)
ITAU - PRUDENCIAL;1000080099;b1;S1;C;2;SAO PAULO;SP;03/2021;120.888.837;18.527.702;139.416.539;15.727.877;155.144.417;963.236.280;5.223.644;1.304.615;14.096.816;6.139.369;26.764.444;82.026.127;1.072.026.851;1.918.095.300;11,28%;13,00%;14,47%;7,27%;23,02%
BRADESCO - PRUDENCIAL;1000080075;b1;S1;C;2;OSASCO;SP;03/2021;110.831.741;9.239.397;120.071.138;15.497.223;135.568.361;797.724.844;7.006.587;46.053;9.106.162;1.400.799;17.559.600;66.907.975;882.192.419;1.477.062.166;12,56%;13,61%;15,37%;8,13%;29,85%
BB - PRUDENCIAL;1000080329;b1;S1;C;1;BRASILIA;DF;03/2021;106.652.375;30.622.988;137.275.362;24.507.964;161.783.326;706.343.484;9.364.730;756.154;6.921.198;0;17.042.082;103.777.787;827.163.353;1.843.160.918;12,89%;16,60%;19,56%;7,45%;14,64%
CAIXA ECONÔMICA FEDERAL - PRUDENCIAL;1000080738;b1;S1;C;1;BRASILIA;DF;03/2021;73.524.071;1.713.241;75.237.313;26.155.681;101.392.994;477.332.807;573.509;0;21.887.964;69.389;22.530.862;77.302.337;577.166.006;1.539.005.409;12,74%;13,04%;17,57%;4,89%;12,28%
SANTANDER - PRUDENCIAL;1000080185;b1;S1;C;3;SAO PAULO;SP;03/2021;72.732.347;7.326.718;80.059.065;7.294.893;87.353.958;500.635.260;7.434.781;1.055.706;10.151.769;1.557.441;20.199.697;54.851.805;575.686.761;1.025.933.091;12,63%;13,91%;15,17%;7,80%;14,59%
BNDES - PRUDENCIAL;1000081847;b4;S2;C;1;RIO DE JANEIRO;RJ;03/2021;147.979.448;0;147.979.448;42.143.187;190.122.634;389.025.990;31.229.808;0;690.403;0;31.920.211;50.877.376;471.823.577;840.362.332;31,36%;31,36%;40,30%;17,61%;5,47%
BTG PACTUAL - PRUDENCIAL;1000080336;b1;S1;C;2;RIO DE JANEIRO;RJ;03/2021;26.468.339;374.465;26.842.803;4.317.293;31.160.097;136.582.110;2.970.701;2.890.643;18.135.572;5.894.138;29.891.054;9.943.021;176.416.185;342.829.641;15,00%;15,22%;17,66%;7,83%;43,18%
SAFRA - PRUDENCIAL;1000080109;b1;S2;C;2;SAO PAULO;SP;03/2021;13.385.925;2.957.022;16.342.946;2.947.468;19.290.415;124.905.111;988.486;0;9.908.761;1.306.524;12.203.772;6.040.472;143.149.354;246.685.450;9,35%;11,42%;13,48%;6,63%;35,47%
VOTORANTIM - PRUDENCIAL;1000080484;b1;S2;C;2;SAO PAULO;SP;03/2021;8.938.801;1.758.602;10.697.403;485.016;11.182.419;66.053.916;1.891.013;0;1.790.478;9.091;3.690.582;6.578.968;76.323.467;147.458.574;11,71%;14,02%;14,65%;7,25%;18,49%
BCO DO NORDESTE DO BRASIL S.A. - PRUDENCIAL;1000081593;b1;S2;I;1;FORTALEZA;CE;03/2021;6.264.828;795.889;7.060.717;1.826.084;8.886.800;55.514.047;119.399;636;7.073;0;127.108;11.822.655;67.463.810;105.789.928;9,29%;10,47%;13,17%;6,67%;2,69%
CITIBANK - PRUDENCIAL;1000080192;b1;S2;C;3;SAO PAULO;SP;03/2021;10.037.781;0;10.037.781;0;10.037.781;43.667.582;341.984;0;8.773.964;366.559;9.482.507;10.972.837;64.122.925;103.908.971;15,65%;15,65%;15,65%;9,66%;2,09%
BANRISUL - PRUDENCIAL;1000080154;b1;S2;C;1;PORTO ALEGRE;RS;03/2021;6.694.239;0;6.694.239;0;6.694.239;32.018.400;3.368.774;0;6.166;41.535;3.416.475;9.826.600;45.261.475;97.346.521;14,79%;14,79%;14,79%;6,88%;10,13%
BCO RABOBANK INTL BRASIL S.A. - PRUDENCIAL;1000081555;b1;S3;I;3;SAO PAULO;SP;03/2021;4.291.741;0;4.291.741;1.673.819;5.965.560;35.306.083;704.936;155.175;2.567.606;0;3.427.717;1.895.722;40.629.523;57.763.214;10,56%;10,56%;14,68%;7,43%;0,32%
JP MORGAN CHASE - PRUDENCIAL;1000080116;b1;S3;C;3;SAO PAULO;SP;03/2021;5.729.517;0;5.729.517;0;5.729.517;16.619.808;2.124.936;0;16.142.076;1.985.848;20.252.859;3.741.478;40.614.146;96.398.115;14,11%;14,11%;14,11%;5,94%;1,46%
BNP PARIBAS - PRUDENCIAL;1000080673;b1;S3;C;3;SAO PAULO;SP;03/2021;4.228.269;0;4.228.269;909.390;5.137.659;29.092.432;264.109;0;4.308.554;17.568;4.590.231;4.891.457;38.574.120;55.109.168;10,96%;10,96%;13,32%;7,67%;1,73%
BCO DAYCOVAL S.A - PRUDENCIAL;1000081744;b1;S3;C;2;SAO PAULO;SP;03/2021;4.844.337;462.218;5.306.554;0;5.306.554;29.554.471;629.550;0;2.303.435;85.208;3.018.193;2.802.574;35.375.239;51.600.336;13,69%;15,00%;15,00%;10,28%;19,77%
CREDIT SUISSE - PRUDENCIAL;1000080219;b1;S3;C;3;SAO PAULO;SP;03/2021;4.398.854;0;4.398.854;0;4.398.854;23.438.113;521.524;0;6.846.786;1.587.388;8.955.698;2.730.893;35.124.704;71.474.025;12,52%;12,52%;12,52%;6,15%;3,99%
ABC-BRASIL - PRUDENCIAL;1000080312;b1;S3;C;3;SAO PAULO;SP;03/2021;4.253.188;483.427;4.736.615;664.058;5.400.673;30.293.081;197.679;653.300;737.788;17.638;1.606.404;1.983.809;33.883.294;56.099.769;12,55%;13,98%;15,94%;8,44%;0,51%
BCO DA AMAZONIA S.A. - PRUDENCIAL;1000081249;b1;S3;I;1;BELEM;PA;03/2021;2.975.713;0;2.975.713;0;2.975.713;21.019.952;2.015;0;491;0;2.507;3.937.559;24.960.018;35.492.982;11,92%;11,92%;11,92%;8,38%;4,68%
PAN;1000080257;b1;S3;C;2;SAO PAULO;SP;03/2021;3.882.468;0;3.882.468;8.844;3.891.312;21.941.322;1.206;0;1;0;1.207;2.595.754;24.538.283;37.791.886;15,82%;15,82%;15,86%;10,27%;11,35%
VOLKSWAGEN - PRUDENCIAL;1000080202;b2;S3;C;3;SAO PAULO;SP;03/2021;2.779.016;0;2.779.016;688.220;3.467.236;19.137.315;0;0;0;0;0;1.241.799;20.379.114;24.434.405;13,64%;13,64%;17,01%;11,37%;0,21%
MORGAN STANLEY - PRUDENCIAL;1000080628;b1;S3;C;3;SAO PAULO;SP;03/2021;3.871.580;0;3.871.580;0;3.871.580;11.958.022;40.247;1.137.219;1.735.149;1.674.388;4.587.003;2.708.550;19.253.575;24.847.423;20,11%;20,11%;20,11%;15,58%;0,64%
BCO CLASSICO S.A. - PRUDENCIAL;1000081665;b1;S3;C;2;RIO DE JANEIRO;RJ;03/2021;8.049.325;0;8.049.325;0;8.049.325;527.126;0;0;213;17.994.657;17.994.870;209.195;18.731.190;11.396.084;42,97%;42,97%;42,97%;70,63%;4,24%
ALFA - PRUDENCIAL;1000080570;b1;S3;C;2;SAO PAULO;SP;03/2021;2.565.410;0;2.565.410;0;2.565.410;14.980.777;73.219;48.038;1.779.861;74.972;1.976.089;1.284.596;18.241.462;22.001.636;14,06%;14,06%;14,06%;11,66%;14,50%
BMG - PRUDENCIAL;1000080178;b1;S3;C;2;SAO PAULO;SP;03/2021;2.882.060;114.569;2.996.629;19.439;3.016.067;16.106.254;6.488;0;123.837;0;130.325;953.537;17.190.116;27.486.753;16,77%;17,43%;17,55%;10,90%;46,73%
XP INVESTIMENTOS CCTVM S/A - PRUDENCIAL;1000082475;b1;S3;C;2;RIO DE JANEIRO;RJ;03/2021;2.234.919;0;2.234.919;0;2.234.919;7.573.838;1.222;1;1.274.250;449.186;1.724.658;7.624.135;16.922.631;88.634.268;13,21%;13,21%;13,21%;2,52%;5,04%
BD REGIONAL DO EXTREMO SUL - PRUDENCIAL;1000081311;b4;S3;C;1;PORTO ALEGRE;RS;03/2021;3.164.835;0;3.164.835;0;3.164.835;14.980.667;0;0;0;3.772;3.772;1.197.025;16.181.463;17.824.338;19,56%;19,56%;19,56%;17,76%;1,27%
BOFA MERRILL LYNCH - PRUDENCIAL;1000080556;b1;S3;C;3;SAO PAULO;SP;03/2021;3.312.525;0;3.312.525;0;3.312.525;5.980.908;343.599;78.445;6.787.754;0;7.209.798;2.665.323;15.856.029;31.542.646;20,89%;20,89%;20,89%;10,50%;1,31%
BRB - PRUDENCIAL;1000080288;b1;S3;C;1;BRASILIA;DF;03/2021;1.844.767;87.034;1.931.801;202.576;2.134.377;13.689.148;13.240;1.058;0;0;14.298;956.177;14.659.623;31.673.034;12,58%;13,18%;14,56%;6,10%;8,89%
BANCOOB - PRUDENCIAL;1000080879;b1;S3;C;2;BRASILIA;DF;03/2021;2.039.182;0;2.039.182;0;2.039.182;11.556.404;37.870;0;67.763;0;105.633;2.982.229;14.644.266;80.318.298;13,92%;13,92%;13,92%;2,54%;12,29%
MERCEDES-BENZ - PRUDENCIAL;1000080563;b2;S3;C;3;SAO PAULO;SP;03/2021;2.144.358;0;2.144.358;0;2.144.358;12.613.996;0;0;0;0;0;1.108.489;13.722.485;13.979.602;15,63%;15,63%;15,63%;15,34%;0,57%
BCO CSF S.A. - PRUDENCIAL;1000081610;b2;S3;I;3;SAO PAULO;SP;03/2021;2.224.939;0;2.224.939;0;2.224.939;12.186.273;12.450;0;0;0;12.450;1.057.692;13.256.414;16.826.946;16,78%;16,78%;16,78%;13,22%;2,00%
CCB - PRUDENCIAL;1000080295;b1;S3;C;3;SAO PAULO;SP;03/2021;1.072.879;406.787;1.479.666;455.875;1.935.541;11.105.781;537.972;0;32.613;0;570.584;1.438.738;13.115.103;16.192.645;8,18%;11,28%;14,76%;9,14%;1,13%
BCO COOPERATIVO SICREDI - PRUDENCIAL;1000080745;b1;S3;C;2;PORTO ALEGRE;RS;03/2021;1.542.704;225.553;1.768.257;0;1.768.257;10.685.591;17.489;0;70.554;0;88.043;2.133.385;12.907.019;78.988.648;11,95%;13,70%;13,70%;2,24%;5,47%
BANCO ORIGINAL - PRUDENCIAL;1000080903;b1;S3;C;2;SAO PAULO;SP;03/2021;1.262.262;0;1.262.262;0;1.262.262;9.985.906;5.007;0;233.880;36.109;274.996;1.671.707;11.932.610;18.542.011;10,58%;10,58%;10,58%;6,81%;11,70%
INTER - PRUDENCIAL;1000080996;b1;S3;C;2;BELO HORIZONTE;MG;03/2021;2.815.603;0;2.815.603;0;2.815.603;9.477.754;48.792;41;871.686;122.695;1.043.214;1.140.877;11.661.846;22.993.698;24,14%;24,14%;24,14%;12,25%;4,49%
PORTO SEGURO - PRUDENCIAL;1000080642;n1;S4;C;2;SAO PAULO;SP;03/2021;1.212.534;0;1.212.534;10.003;1.222.537;10.663.992;35.755;0;163.833;0;199.588;611.846;11.475.426;NA;10,57%;10,57%;10,65%;NA%;0,10%
BANCO CNH INDUSTRIAL CAPITAL S.A - PRUDENCIAL;1000081407;b2;S3;I;3;CURITIBA;PR;03/2021;1.474.777;0;1.474.777;0;1.474.777;10.346.317;0;0;0;0;0;753.043;11.099.360;12.917.029;13,29%;13,29%;13,29%;11,42%;0,33%
CREDIT AGRICOLE - PRUDENCIAL;1000080491;b1;S3;C;3;SAO PAULO;SP;03/2021;2.334.380;0;2.334.380;0;2.334.380;8.502.595;135.731;0;1.245.371;0;1.381.102;479.046;10.362.742;86.674.265;22,53%;22,53%;22,53%;2,69%;0,65%
BANESTES - PRUDENCIAL;1000080147;b1;S3;C;1;VITORIA;ES;03/2021;1.634.965;0;1.634.965;0;1.634.965;8.387.725;4.807;0;399.390;20.585;424.782;1.474.565;10.287.072;25.365.321;15,89%;15,89%;15,89%;6,45%;12,14%
GOLDMAN SACHS - PRUDENCIAL;1000080714;b2;S3;C;3;SAO PAULO;SP;03/2021;2.171.680;0;2.171.680;0;2.171.680;5.538.272;136.429;462;2.218.533;248.771;2.604.196;1.518.505;9.660.973;17.674.228;22,48%;22,48%;22,48%;12,29%;0,63%
CREFISA S.A. CFI - PRUDENCIAL;1000083632;b1;S4;C;2;SAO PAULO;SP;03/2021;5.810.716;0;5.810.716;0;5.810.716;3.558.172;1.742;617;8.312;548;11.219;5.888.674;9.458.065;6.490.904;61,44%;61,44%;61,44%;89,52%;0,37%
JOHN DEERE - PRUDENCIAL;1000080343;b1;S3;I;3;INDAIATUBA;SP;03/2021;1.563.516;0;1.563.516;0;1.563.516;8.027.681;303.160;0;0;0;303.160;507.973;8.838.815;10.361.389;17,69%;17,69%;17,69%;15,09%;0,16%
DEUTSCHE - PRUDENCIAL;1000080532;b1;S3;C;3;SAO PAULO;SP;03/2021;1.475.452;0;1.475.452;0;1.475.452;5.780.383;134.488;0;2.003.407;0;2.137.895;570.895;8.489.172;11.798.665;17,38%;17,38%;17,38%;12,51%;0,91%
GM - PRUDENCIAL;1000080848;b2;S3;C;3;SAO PAULO;SP;03/2021;2.860.145;0;2.860.145;0;2.860.145;7.119.999;0;0;0;0;0;645.789;7.765.789;10.776.678;36,83%;36,83%;36,83%;26,54%;7,36%
COOPERATIVA DE CREDITO VALE DO ITAJAI - VIACREDI;82639451;b3S;S4;I;2;BLUMENAU;SC;03/2021;1.877.040;0;1.877.040;0;1.877.040;5.696.873;0;0;0;0;0;1.334.856;7.031.729;9.380.127;26,69%;26,69%;26,69%;20,01%;2,16%
SCOTIABANK BRASIL - PRUDENCIAL;1000081452;b1;S4;C;3;SAO PAULO;SP;03/2021;1.180.182;0;1.180.182;0;1.180.182;2.562.621;91.590;0;3.950.355;0;4.041.945;385.630;6.990.196;11.889.080;16,88%;16,88%;16,88%;9,93%;0,72%
PINE - PRUDENCIAL;1000080374;b1;S3;C;2;SAO PAULO;SP;03/2021;601.783;0;601.783;72.738;674.521;6.277.879;1.295;2.000;327.700;725;331.720;197.173;6.806.772;14.699.425;8,84%;8,84%;9,91%;4,09%;18,42%
BCO DE LAGE LANDEN BRASIL S.A. - PRUDENCIAL;1000081421;b2;S4;I;3;PORTO ALEGRE;RS;03/2021;1.146.333;0;1.146.333;0;1.146.333;6.434.267;33.149;0;0;0;33.149;323.985;6.791.401;7.796.395;16,88%;16,88%;16,88%;14,70%;1,84%
BCO DO EST. DO PA S.A. - PRUDENCIAL;1000081586;b1;S3;I;1;BELEM;PA;03/2021;1.408.215;0;1.408.215;0;1.408.215;6.047.045;11.320;0;4.222;1.237;16.778;694.531;6.758.355;11.987.716;20,84%;20,84%;20,84%;11,75%;4,06%
BOCOM - PRUDENCIAL;1000084624;b1;S3;C;3;SALVADOR;BA;03/2021;725.300;200.716;926.016;0;926.016;5.781.853;87.097;0;67.432;0;154.529;819.051;6.755.433;12.821.138;10,74%;13,71%;13,71%;7,22%;1,22%
BCO SUMITOMO MITSUI BRASIL S.A. - PRUDENCIAL;1000081720;b1;S3;C;3;SAO PAULO;SP;03/2021;1.862.190;0;1.862.190;0;1.862.190;5.874.967;304.595;0;184.166;0;488.761;371.647;6.735.374;8.306.894;27,65%;27,65%;27,65%;22,42%;0,15%
BANCO C6 - PRUDENCIAL;1000084844;b1;S4;C;2;SAO PAULO;SP;03/2021;943.575;0;943.575;0;943.575;6.186.349;25.436;0;23.406;69.297;118.139;354.473;6.658.961;13.214.602;14,17%;14,17%;14,17%;7,14%;27,56%
MERCANTIL DO BRASIL - PRUDENCIAL;1000080123;b1;S3;C;2;BELO HORIZONTE;MG;03/2021;791.668;47.196;838.864;244.681;1.083.545;5.578.645;3.202;0;974;0;4.176;880.244;6.463.065;10.944.199;12,25%;12,98%;16,77%;7,66%;28,61%
BCO FIBRA S.A. - PRUDENCIAL;1000081483;b1;S3;C;2;SAO PAULO;SP;03/2021;691.506;0;691.506;131.038;822.543;5.643.223;43.815;0;298.507;0;342.322;432.603;6.418.147;10.245.594;10,77%;10,77%;12,82%;6,75%;1,96%
VOLVO - PRUDENCIAL;1000080769;b2;S4;C;3;CURITIBA;PR;03/2021;1.235.597;0;1.235.597;0;1.235.597;5.589.741;0;0;0;0;0;627.794;6.217.535;6.527.797;19,87%;19,87%;19,87%;18,93%;1,67%
COOPERATIVA DE CREDITO CREDICITRUS;54037916;b3S;S4;I;2;BEBEDOURO;SP;03/2021;1.814.880;0;1.814.880;0;1.814.880;5.266.381;0;0;0;0;0;844.989;6.111.369;8.814.129;29,70%;29,70%;29,70%;20,59%;5,87%
BCO DES. DE MG S.A. - PRUDENCIAL;1000081328;b4;S3;I;1;BELO HORIZONTE;MG;03/2021;1.386.124;0;1.386.124;0;1.386.124;5.265.761;98.108;0;1.468;0;99.576;670.863;6.036.200;8.503.249;22,96%;22,96%;22,96%;16,30%;1,22%
BCO TOYOTA DO BRASIL S.A. - PRUDENCIAL;1000081562;b2;S3;I;3;SAO PAULO;SP;03/2021;1.145.505;0;1.145.505;0;1.145.505;5.386.436;0;0;0;0;0;61.554;5.447.990;8.519.776;21,03%;21,03%;21,03%;13,45%;1,12%
HONDA - PRUDENCIAL;1000080611;b2;S4;C;3;SAO PAULO;SP;03/2021;1.445.220;0;1.445.220;0;1.445.220;4.904.444;0;0;0;0;0;284.703;5.189.147;6.354.853;27,85%;27,85%;27,85%;22,74%;0,25%
SCANIA - PRUDENCIAL;1000080776;b2;S4;C;3;SAO BERNARDO DO CAMPO;SP;03/2021;610.535;0;610.535;13.937;624.472;4.812.006;0;0;0;0;0;362.197;5.174.203;5.373.409;11,80%;11,80%;12,07%;11,36%;1,59%
BCO MUFG BRASIL S.A. - PRUDENCIAL;1000081713;b1;S3;I;3;SAO PAULO;SP;03/2021;1.268.928;0;1.268.928;0;1.268.928;3.809.026;81.256;0;725.112;0;806.367;531.551;5.146.944;16.078.836;24,65%;24,65%;24,65%;7,89%;0,90%
SOFISA - PRUDENCIAL;1000080271;b1;S4;C;2;SAO PAULO;SP;03/2021;793.879;0;793.879;0;793.879;4.481.086;39.978;0;3.104;0;43.083;436.552;4.960.720;7.837.511;16,00%;16,00%;16,00%;10,13%;10,19%
AGIBANK - PRUDENCIAL;1000083694;b1;S4;C;2;PORTO ALEGRE;RS;03/2021;695.330;0;695.330;51.362;746.692;1.964.689;43;12;40.641;11;40.707;2.741.191;4.746.588;4.040.278;14,65%;14,65%;15,73%;17,21%;10,29%
BS2 - PRUDENCIAL;1000080422;b1;S3;C;2;BELO HORIZONTE;MG;03/2021;383.213;0;383.213;109.254;492.467;3.874.251;69.689;245;184.110;82.956;337.000;526.354;4.737.605;12.794.145;8,09%;8,09%;10,39%;3,00%;17,94%
MIZUHO - PRUDENCIAL;1000080697;b1;S4;C;3;SAO PAULO;SP;03/2021;752.355;0;752.355;0;752.355;4.017.325;25.464;0;406.579;0;432.043;288.007;4.737.374;6.916.003;15,88%;15,88%;15,88%;10,88%;0,70%
OMNI - PRUDENCIAL;1000080460;b1;S4;C;2;SAO PAULO;SP;03/2021;458.963;230.784;689.747;88.518;778.264;3.184.661;1.157;0;0;0;1.157;1.521.354;4.707.172;5.222.088;9,75%;14,65%;16,53%;13,21%;3,28%
SICOOB COCRED COOPERATIVA DE CRÉDITO;71328769;b3S;S4;I;2;SERTAOZINHO;SP;03/2021;814.979;0;814.979;0;814.979;4.002.738;0;0;0;38.001;38.001;503.926;4.544.665;6.027.718;17,93%;17,93%;17,93%;13,52%;8,22%
MIDWAY S.A. - SCFI - PRUDENCIAL;1000083553;n1;S4;I;2;SAO PAULO;SP;03/2021;834.987;0;834.987;0;834.987;3.521.051;1.744;0;0;0;1.744;952.239;4.475.034;NA;18,66%;18,66%;18,66%;NA%;2,16%
INDUSTRIAL DO BRASIL - PRUDENCIAL;1000080477;b1;S4;C;2;SAO PAULO;SP;03/2021;614.878;0;614.878;0;614.878;3.818.981;23.203;0;89.237;0;112.440;390.274;4.321.695;5.867.888;14,23%;14,23%;14,23%;10,48%;8,98%
SOCIETE GENERALE - PRUDENCIAL;1000080264;b1;S3;C;3;SAO PAULO;SP;03/2021;1.518.122;0;1.518.122;0;1.518.122;3.385.601;151.796;0;280.902;0;432.698;496.688;4.314.987;9.414.244;35,18%;35,18%;35,18%;16,13%;-0,60%
BCO DO EST. DE SE S.A. - PRUDENCIAL;1000081634;b1;S4;C;1;ARACAJU;SE;03/2021;433.462;0;433.462;45.036;478.498;3.767.596;1;1;13.352;19;13.373;438.391;4.219.359;7.540.394;10,27%;10,27%;11,34%;5,75%;18,03%
HSBC BI - PRUDENCIAL;1000084741;b1;S4;I;3;SAO PAULO;SP;03/2021;1.015.196;0;1.015.196;0;1.015.196;2.155.887;42.231;0;1.295.042;0;1.337.274;687.447;4.180.608;8.116.712;24,28%;24,28%;24,28%;12,51%;0,94%
ING - PRUDENCIAL;1000080501;b1;S3;C;3;SAO PAULO;SP;03/2021;821.391;0;821.391;0;821.391;3.071.420;9.616;0;681.185;0;690.801;413.462;4.175.683;20.047.588;19,67%;19,67%;19,67%;4,10%;0,55%
PARANÁ BANCO - PRUDENCIAL;1000080233;b1;S4;C;2;CURITIBA;PR;03/2021;1.077.877;40.406;1.118.283;53.145;1.171.428;3.609.627;0;0;1.978;0;1.978;489.681;4.101.286;8.671.518;26,28%;27,27%;28,56%;12,90%;10,33%
COOPERATIVA DE CRÉDITO, POUPANÇA E INVESTIMENTO OURO VERDE DO MATO GROSSO - SICREDI OURO VERDE MT;26529420;b3S;S4;I;2;LUCAS DO RIO VERDE;MT;03/2021;834.103;0;834.103;0;834.103;3.728.727;19.295;0;2.248;0;21.543;64.450;3.814.720;6.124.956;21,87%;21,87%;21,87%;13,62%;5,83%
BANCO FIDIS - PRUDENCIAL;1000081751;b2;S4;I;3;BETIM;MG;03/2021;933.214;0;933.214;0;933.214;3.230.683;0;0;0;0;0;565.876;3.796.559;4.839.001;24,58%;24,58%;24,58%;19,29%;0,07%
RODOBENS - PRUDENCIAL;1000080855;b1;S4;C;2;SAO PAULO;SP;03/2021;881.770;0;881.770;0;881.770;2.900.687;0;0;0;0;0;893.802;3.794.489;4.225.213;23,24%;23,24%;23,24%;20,87%;43,93%
COOPERATIVA DE CRÉDITO, POUPANÇA E INVESTIMENTO VANGUARDA DA REGIÃO DAS CATARATAS DO IGUAÇU E VALE DO PARAÍBA - SICREDI VANGUARDA PR/SP/RJ;78414067;b3S;S4;I;2;MEDIANEIRA;PR;03/2021;543.131;0;543.131;0;543.131;3.629.749;0;0;1.672;0;1.672;157.125;3.788.546;5.835.952;14,34%;14,34%;14,34%;9,31%;21,06%
COOPERATIVA DE CRÉDITO, POUPANÇA E INVESTIMENTO UNIÃO PARANÁ/SÃO PAULO - SICREDI UNIÃO PR/SP;79342069;b3S;S4;I;2;MARINGA;PR;03/2021;574.268;0;574.268;0;574.268;3.370.179;0;0;1.944;0;1.944;171.316;3.543.439;6.039.913;16,21%;16,21%;16,21%;9,51%;29,51%
BCO TRIANGULO S.A. - PRUDENCIAL;1000081438;b1;S4;C;2;UBERLANDIA;MG;03/2021;389.565;0;389.565;80.000;469.565;2.898.189;0;0;0;0;0;625.582;3.523.771;4.655.701;11,06%;11,06%;13,33%;8,37%;13,63%
COOPERATIVA DE CRÉDITO, POUPANÇA E INVESTIMENTO VALE DO PIQUIRI ABCD - SICREDI VALE DO PIQUIRI ABCD PR/SP;81099491;b3S;S4;I;2;PALOTINA;PR;03/2021;464.097;0;464.097;30.124;494.221;3.344.968;0;0;1.406;0;1.406;137.355;3.483.729;5.639.150;13,32%;13,32%;14,19%;8,23%;11,22%
NU FINANCEIRA S.A. - SOCIEDADE DE CRÉDITO, FINANCIAMENTO E INVESTIMENTO;30680829;n1;S4;I;2;SAO PAULO;SP;03/2021;903.513;0;903.513;93.042;996.555;3.024.670;338;0;0;0;338;235.773;3.260.781;NA;27,71%;27,71%;30,56%;NA%;0,00%
APE POUPEX - PRUDENCIAL;1000081184;n1;S3;I;2;BRASILIA;DF;03/2021;971.328;0;971.328;0;971.328;2.708.296;0;0;0;0;0;444.751;3.153.047;NA;30,81%;30,81%;30,81%;NA%;1,86%
REALIZE CFI - PRUDENCIAL;1000084703;n1;S4;I;3;PORTO ALEGRE;RS;03/2021;540.002;0;540.002;0;540.002;2.887.712;2.489;0;0;0;2.489;181.521;3.071.722;NA;17,58%;17,58%;17,58%;NA%;0,71%
COOPERATIVA DE CRÉDITO MAXI ALFA DE LIVRE ADMISSÃO DE ASSOCIADOS - SICOOB MAXICRÉDITO;78825270;b3S;S5;I;2;CHAPECO;SC;03/2021;NA;NA;NA;NA;516.893;2.910.760;0;NA;NA;NA;0;150.754;3.061.514;NA;NA%;NA%;16,88%;NA%;11,86%
COOPERATIVA DE CRÉDITO SICREDI SERRANA RS/ES;90608712;b3S;S4;I;2;CARLOS BARBOSA;RS;03/2021;436.591;0;436.591;0;436.591;2.801.161;0;0;2.828;0;2.828;136.043;2.940.032;4.368.453;14,85%;14,85%;14,85%;9,99%;5,93%
MÁXIMA - PRUDENCIAL;1000080367;b1;S4;C;2;RIO DE JANEIRO;RJ;03/2021;228.591;27.811;256.402;27.068;283.470;2.281.583;28.566;0;0;32.395;60.961;396.699;2.739.242;6.428.154;8,35%;9,36%;10,35%;3,99%;17,26%
BCO CATERPILLAR S.A. - PRUDENCIAL;1000081397;b2;S4;C;3;SAO PAULO;SP;03/2021;951.974;0;951.974;0;951.974;2.443.978;35.617;0;0;0;35.617;245.616;2.725.211;2.486.387;34,93%;34,93%;34,93%;38,29%;0,79%
UNIPRIME NORTE DO PARANÁ - COOPERATIVA DE CRÉDITO LTDA;2398976;b3S;S4;I;2;LONDRINA;PR;03/2021;596.107;0;596.107;0;596.107;2.224.263;101.772;71.682;0;0;173.454;305.885;2.703.602;3.561.922;22,05%;22,05%;22,05%;16,74%;2,96%
COOPERATIVA DE CRÉDITO, POUPANÇA E INVESTIMENTO UNIÃO DE ESTADOS RIO GRANDE DO SUL, SANTA CATARINA E MINAS GERAIS - SICREDI UNIESTADOS;87780268;b3S;S4;I;2;ERECHIM;RS;03/2021;351.065;0;351.065;15.133;366.198;2.519.071;69;0;2.129;0;2.198;85.465;2.606.734;3.945.296;13,47%;13,47%;14,05%;8,90%;15,80%
COOPERATIVA DE CRÉDITO DE LIVRE ADMISSÃO DO SUDOESTE DA AMAZÔNIA LTDA. - SICOOB CREDISUL.;3632872;b3S;S5;I;2;VILHENA;RO;03/2021;NA;NA;NA;NA;440.992;2.440.441;0;NA;NA;NA;0;87.477;2.527.918;NA;NA%;NA%;17,44%;NA%;8,99%
COOPERATIVA CENTRAL DE CRÉDITO DE MINAS GERAIS LTDA. - SICOOB CENTRAL CREDIMINAS;25683434;b3C;S4;I;2;BELO HORIZONTE;MG;03/2021;389.043;0;389.043;0;389.043;2.360.013;0;0;38.935;0;38.935;112.296;2.511.244;9.773.179;15,49%;15,49%;15,49%;3,98%;15,81%
COOPERATIVA DE CRÉDITO, POUPANÇA E INVESTIMENTO SICREDI PIONEIRA RS - SICREDI PIONEIRA RS;91586982;b3S;S4;I;2;NOVA PETROPOLIS;RS;03/2021;474.877;0;474.877;0;474.877;2.306.942;0;0;4.759;0;4.759;157.007;2.468.708;4.170.197;19,24%;19,24%;19,24%;11,39%;8,69%
BCO MODAL S.A. - PRUDENCIAL;1000081658;b1;S4;C;2;RIO DE JANEIRO;RJ;03/2021;465.149;0;465.149;0;465.149;1.549.968;33.476;35.175;281.175;51.650;401.476;515.691;2.467.135;5.841.795;18,85%;18,85%;18,85%;7,96%;7,17%
BADESUL DESENVOLVIMENTO AF/RS - PRUDENCIAL;1000081029;n1;S4;I;1;PORTO ALEGRE;RS;03/2021;581.683;0;581.683;0;581.683;2.238.504;4.121;0;0;0;4.121;215.419;2.458.043;NA;23,66%;23,66%;23,66%;NA%;4,38%
HAITONG - PRUDENCIAL;1000080666;b2;S3;C;3;SAO PAULO;SP;03/2021;418.669;0;418.669;0;418.669;1.816.973;45.472;0;393.906;0;439.378;188.227;2.444.578;10.007.914;17,13%;17,13%;17,13%;4,18%;1,96%
COOPERATIVA DE CRÉDITO, POUPANÇA E INVESTIMENTO PLANALTO - SICREDI PLANALTO RS/MG;88038260;b3S;S4;I;2;CRUZ ALTA;RS;03/2021;559.451;0;559.451;0;559.451;2.367.016;0;0;1.150;0;1.150;73.513;2.441.679;3.506.969;22,91%;22,91%;22,91%;15,95%;1,60%
COOPERATIVA DE CRéDITO, POUPANçA E INVESTIMENTO UNIãO - SICREDI UNIAO RS/ES;88894548;b3S;S4;I;2;CERRO LARGO;RS;03/2021;497.093;0;497.093;0;497.093;2.296.705;0;0;1.548;0;1.548;143.020;2.441.273;4.031.955;20,36%;20,36%;20,36%;12,33%;5,96%
COOPERATIVA DE CRÉDITO, POUPANÇA E INVESTIMENTO CAMPOS GERAIS - SICREDI CAMPOS GERAIS PR/SP;81466286;b3S;S4;I;2;PONTA GROSSA;PR;03/2021;376.767;0;376.767;0;376.767;2.331.247;0;0;1.137;0;1.137;91.629;2.424.013;3.794.720;15,54%;15,54%;15,54%;9,93%;19,59%
RENDIMENTO - PRUDENCIAL;1000080659;b1;S4;C;2;SAO PAULO;SP;03/2021;340.547;0;340.547;0;340.547;1.772.532;39.815;0;29.363;0;69.178;540.841;2.382.551;3.406.120;14,29%;14,29%;14,29%;10,00%;4,62%
COOPERATIVA DE CRÉDITO DE LIVRE ADMISSÃO CENTRO BRASILEIRA LTDA.;37395399;b3S;S5;I;2;GOIANIA;GO;03/2021;NA;NA;NA;NA;637.988;2.212.213;0;NA;NA;NA;0;132.087;2.344.300;NA;NA%;NA%;27,21%;NA%;5,92%
INDUSVAL - PRUDENCIAL;1000080415;b1;S4;C;2;SAO PAULO;SP;03/2021;179.868;0;179.868;0;179.868;1.650.665;22.694;448.571;103.430;802;575.497;109.607;2.335.769;4.244.618;7,70%;7,70%;7,70%;4,24%;42,96%
PEFISA S.A. - PRUDENCIAL;1000080305;n1;S4;I;2;SAO PAULO;SP;03/2021;415.065;0;415.065;0;415.065;2.079.428;1.992;0;0;0;1.992;235.960;2.317.380;NA;17,91%;17,91%;17,91%;NA%;10,13%
COOPERATIVA DE CRÉDITO, POUPANÇA E INVESTIMENTO DO SUDOESTE MT/PA - SICREDI SUDOESTE MT/PA;32995755;b3S;S4;I;2;TANGARA DA SERRA;MT;03/2021;477.197;0;477.197;0;477.197;2.200.374;2.395;0;1.551;0;3.946;109.584;2.313.904;3.796.843;20,62%;20,62%;20,62%;12,57%;7,88%
SICOOB CREDICOM - COOPERATIVA DE ECONOMIA E CREDITO MUTUO DOS MEDICOS E PROFISSIONAIS DA AREA DE SAUDE DO BRASIL LTDA.;42898825;b3S;S5;I;2;BELO HORIZONTE;MG;03/2021;NA;NA;NA;NA;508.293;2.221.601;0;NA;NA;NA;0;82.827;2.304.429;NA;NA%;NA%;22,06%;NA%;3,05%
COOPERATIVA DE CRÉDITO, POUPANÇA E INVESTIMENTO DO CENTRO SUL DO MATO GROSSO DO SUL - SICREDI CENTRO-SUL MS;26408161;b3S;S4;I;2;DOURADOS;MS;03/2021;567.557;0;567.557;0;567.557;2.193.107;0;0;1.486;0;1.486;107.758;2.302.352;3.778.388;24,65%;24,65%;24,65%;15,02%;5,69%
AF DESENVOLVE SP S.A. - PRUDENCIAL;1000081153;n1;S4;I;1;SAO PAULO;SP;03/2021;877.077;0;877.077;0;877.077;1.998.179;93;0;0;0;93;283.918;2.282.190;NA;38,43%;38,43%;38,43%;NA%;3,35%
BANCO DIGIO - PRUDENCIAL;1000084655;b2;S4;I;3;BARUERI;SP;03/2021;426.826;0;426.826;0;426.826;2.159.231;2.565;0;0;0;2.565;111.707;2.273.503;3.250.255;18,77%;18,77%;18,77%;13,13%;0,28%
COOPERATIVA DE CRÉDITO, POUPANÇA E INVESTIMENTO DO ARAGUAIA E XINGU - SICREDI ARAXINGU;33021064;b3S;S4;I;2;CANARANA;MT;03/2021;442.445;0;442.445;0;442.445;2.226.287;470;0;583;0;1.053;44.322;2.271.662;3.012.101;19,48%;19,48%;19,48%;14,69%;7,80%
COOPERATIVA DE CRÉDITO, POUPANÇA E INVESTIMENTO VALE DO CERRADO - SICREDI VALE DO CERRADO;32983165;b3S;S4;I;2;CAMPO VERDE;MT;03/2021;335.316;0;335.316;0;335.316;2.244.204;16.158;0;656;0;16.813;3.100;2.264.118;3.251.288;14,81%;14,81%;14,81%;10,31%;7,57%
COOPERFORTE - COOPERATIVA DE ECONOMIA E CRÉDITO MÚTUO DE FUNCIONÁRIOS DE INSTITUIÇÕES FINANCEIRAS PÚBLICAS FEDERAIS LTDA.;1658426;b3S;S5;I;2;BRASILIA;DF;03/2021;NA;NA;NA;NA;667.819;2.110.841;0;NA;NA;NA;0;82.794;2.193.636;NA;NA%;NA%;30,44%;NA%;1,19%
WILL FINANCEIRA - PRUDENCIAL;1000084600;n1;S4;C;2;SAO PAULO;SP;03/2021;58.595;0;58.595;0;58.595;1.675.800;0;0;0;0;0;411.337;2.087.137;NA;2,81%;2,81%;2,81%;NA%;15,99%
COOPERATIVA DE CRÉDITO DE LIVRE ADMISSÃO DO SUDOESTE GOIANO;24795049;b3S;S5;I;2;RIO VERDE;GO;03/2021;NA;NA;NA;NA;625.204;1.999.367;0;NA;NA;NA;0;69.845;2.069.212;NA;NA%;NA%;30,21%;NA%;3,06%
BANCO DIGIMAIS - PRUDENCIAL;1000081799;b1;S4;C;3;SAO PAULO;SP;03/2021;227.765;0;227.765;0;227.765;1.529.199;11.141;0;0;0;11.141;496.458;2.036.798;3.533.518;11,18%;11,18%;11,18%;6,45%;10,22%
BMW - PRUDENCIAL;1000080635;n1;S4;C;3;SAO PAULO;SP;03/2021;477.777;0;477.777;0;477.777;1.792.771;0;0;0;0;0;240.218;2.032.989;NA;23,50%;23,50%;23,50%;NA%;0,11%
COOPERATIVA DE CRÉDITO, POUPANÇA E INVESTIMENTO SORRISO - SICREDI CELEIRO MT/RR;26555235;b3S;S4;I;2;SORRISO;MT;03/2021;514.260;0;514.260;0;514.260;1.866.779;1.746;0;1.755;0;3.502;122.504;1.992.785;3.607.650;25,81%;25,81%;25,81%;14,25%;6,77%
COOPERATIVA DE CRÉDITO, POUPANÇA E INVESTIMENTO NORTE MATO-GROSSENSE E OESTE PARAENSE - SICREDI GRANDES RIOS MT/PA;37442605;b3S;S4;I;2;COLIDER;MT;03/2021;404.546;0;404.546;0;404.546;1.841.982;0;0;316;0;316;111.884;1.954.181;2.976.336;20,70%;20,70%;20,70%;13,59%;8,30%
COOPERATIVA DE CRÉDITO LESTE CAPIXABA - SICOOB LESTE CAPIXABA;32430233;b3S;S5;I;2;LINHARES;ES;03/2021;NA;NA;NA;NA;565.326;1.851.132;0;NA;NA;NA;0;96.746;1.947.879;NA;NA%;NA%;29,02%;NA%;4,28%
SAX S.A. CFI - PRUDENCIAL;1000083515;n1;S4;C;2;BARUERI;SP;03/2021;354.593;0;354.593;0;354.593;1.255.800;0;0;0;0;0;631.342;1.887.142;NA;18,79%;18,79%;18,79%;NA%;0,48%
BCO ABN AMRO S.A. - PRUDENCIAL;1000081579;b1;S4;I;3;SAO PAULO;SP;03/2021;539.994;0;539.994;0;539.994;1.453.075;2.268;0;148.305;0;150.573;267.815;1.871.463;3.388.331;28,85%;28,85%;28,85%;15,94%;0,35%
COOPERATIVA CENTRAL DE CRÉDITO DE SANTA CATARINA E RIO GRANDE DO SUL - SICOOB CENTRAL SC/RS;80160260;b3C;S4;I;2;FLORIANOPOLIS;SC;03/2021;363.045;0;363.045;0;363.045;1.668.070;0;0;297;0;297;111.052;1.779.419;8.678.610;20,40%;20,40%;20,40%;4,18%;1,45%
CREDICOAMO CREDITO RURAL COOPERATIVA;81723108;b3S;S4;I;2;CAMPO MOURAO;PR;03/2021;852.886;0;852.886;0;852.886;1.621.751;0;9.294;0;0;9.294;143.320;1.774.364;3.890.988;48,07%;48,07%;48,07%;21,92%;0,02%
COOPERATIVA DE CRÉDITO SICOOB METROPOLITANO;3459850;b3S;S5;I;2;MARINGA;PR;03/2021;NA;NA;NA;NA;261.975;1.673.883;0;NA;NA;NA;0;93.764;1.767.647;NA;NA%;NA%;14,82%;NA%;12,04%
COOPERATIVA DE CRÉDITO, POUPANÇA E INVESTIMENTO ALTO URUGUAI - SICREDI ALTO URUGUAI RS/SC/MG;87733770;b3S;S4;I;2;RODEIO BONITO;RS;03/2021;292.531;0;292.531;0;292.531;1.679.111;0;0;789;0;789;60.819;1.740.718;2.629.213;16,81%;16,81%;16,81%;11,13%;7,78%
BCO CARGILL S.A. - PRUDENCIAL;1000081414;b1;S4;I;3;SAO PAULO;SP;03/2021;640.939;0;640.939;0;640.939;1.146.627;350.778;0;1.187;0;351.966;222.531;1.721.124;2.916.686;37,24%;37,24%;37,24%;21,97%;0,00%
COOPERATIVA DE CRÉDITO, POUPANÇA E INVESTIMENTO UNIÃO DOS ESTADOS DE MATO GROSSO DO SUL, TOCANTINS E OESTE DA BAHIA - SICREDI UNIÃO MS/TO;24654881;b3S;S4;I;2;CAMPO GRANDE;MS;03/2021;310.206;0;310.206;0;310.206;1.652.122;8.381;0;1.393;0;9.774;56.481;1.718.377;3.000.938;18,05%;18,05%;18,05%;10,34%;13,11%
COOPERATIVA DE CRÉDITO, POUPANÇA E INVESTIMENTO CELEIRO CENTRO OESTE - SICREDI CELEIRO CENTRO OESTE;3566655;b3S;S4;I;2;SAO GABRIEL DO OESTE;MS;03/2021;270.779;0;270.779;0;270.779;1.584.762;9.795;0;1.000;0;10.795;16.678;1.612.235;2.630.555;16,80%;16,80%;16,80%;10,29%;11,90%
COOPERATIVA DE CRÉDITO, POUPANÇA E INVESTIMENTO DA REGIÃO DOS VALES - SICREDI REGIÃO DOS VALES RS;89126130;b3S;S4;I;2;ENCANTADO;RS;03/2021;532.398;0;532.398;0;532.398;1.424.239;0;0;2.835;0;2.835;111.263;1.538.337;3.060.791;34,61%;34,61%;34,61%;17,39%;6,35%
HP FINANCIAL SERVICES AM S.A - PRUDENCIAL;1000082987;n1;S4;I;3;BARUERI;SP;03/2021;697.928;0;697.928;0;697.928;1.246.674;6.849;0;0;0;6.849;283.347;1.536.870;NA;45,41%;45,41%;45,41%;NA%;0,00%
COOPERATIVA DE CRÉDITO DE LIVRE ADMISSÃO DO CENTRO SUL RONDONIENSE - SICOOB CREDIP.;2015588;b3S;S5;I;2;PIMENTA BUENO;RO;03/2021;NA;NA;NA;NA;308.943;1.449.316;0;NA;NA;NA;0;82.385;1.531.701;NA;NA%;NA%;20,17%;NA%;4,99%
BCO LUSO BRASILEIRO S.A. - PRUDENCIAL;1000081706;b1;S4;I;2;SAO PAULO;SP;03/2021;206.125;0;206.125;7.388;213.513;1.390.225;4.803;0;370;0;5.173;103.108;1.498.506;1.700.264;13,76%;13,76%;14,25%;12,12%;8,82%
COOPERATIVA DE CRÉDITO SUL-SERRANA DO ESPÍRITO SANTO;815319;b3S;S5;I;2;VENDA NOVA DO IMIGRANTE;ES;03/2021;NA;NA;NA;NA;420.187;1.371.488;0;NA;NA;NA;0;84.622;1.456.110;NA;NA%;NA%;28,86%;NA%;3,96%
BCO DA CHINA BRASIL S.A. - PRUDENCIAL;1000081816;b1;S4;I;3;SAO PAULO;SP;03/2021;372.935;0;372.935;0;372.935;1.299.878;17.328;0;0;0;17.328;96.070;1.413.276;3.413.632;26,39%;26,39%;26,39%;10,92%;0,68%
INTESA SANPAOLO BRASIL S.A. - PRUDENCIAL;1000084057;b1;S4;I;3;SAO PAULO;SP;03/2021;357.673;0;357.673;0;357.673;1.363.405;2.952;0;0;0;2.952;38.599;1.404.956;1.994.084;25,46%;25,46%;25,46%;17,94%;0,22%
COOPERATIVA DE CRÉDITO DE LIVRE ADMISSÃO DE ASSOCIADOS SÃO MIGUEL DO OESTE - SICOOB SÃO MIGUEL SC;81607046;b3S;S5;I;2;SAO MIGUEL D'OESTE;SC;03/2021;NA;NA;NA;NA;242.031;1.336.165;0;NA;NA;NA;0;60.787;1.396.952;NA;NA%;NA%;17,33%;NA%;10,62%
COOPERATIVA DE CRÉDITO, POUPANÇA E INVESTIMENTO FRONTEIRAS DO PARANÁ, SANTA CATARINA E SÃO PAULO - SICREDI FRONTEIRAS PR/SC/SP;82527557;b3S;S4;I;2;CAPANEMA;PR;03/2021;232.738;0;232.738;0;232.738;1.318.257;0;0;401;0;401;77.935;1.396.592;2.091.805;16,66%;16,66%;16,66%;11,13%;15,30%
RANDON - PRUDENCIAL;1000080800;b2;S4;C;2;CAXIAS DO SUL;RS;03/2021;219.298;0;219.298;0;219.298;1.005.467;0;0;2.641;0;2.641;375.515;1.383.622;1.083.176;15,85%;15,85%;15,85%;20,25%;1,18%
COOPERATIVA DE CRÉDITO, POUPANÇA E INVESTIMENTO DA REGIÃO DA PRODUÇÃO -  SICREDI REGIÃO DA PRODUÇÃO RS/SC/MG;89468565;b3S;S4;I;2;SARANDI;RS;03/2021;206.139;0;206.139;0;206.139;1.314.927;0;0;558;0;558;46.337;1.361.822;2.064.589;15,14%;15,14%;15,14%;9,98%;16,51%
COOPERATIVA DE CREDITO, POUPANÇA E INVESTIMENTO ALIANÇA - SICREDI ALIANÇA PR/SP;79052122;b3S;S4;I;2;MARECHAL CANDIDO RONDON;PR;03/2021;211.036;0;211.036;0;211.036;1.281.323;0;0;549;0;549;64.764;1.346.637;1.952.992;15,67%;15,67%;15,67%;10,81%;20,51%
COOPERATIVA DE CRÉDITO, POUPANÇA E INVESTIMENTO SICREDI EVOLUÇÃO - SICREDI EVOLUÇÃO;35571249;b3S;S5;I;2;JOAO PESSOA;PB;03/2021;NA;NA;NA;NA;438.155;1.233.215;0;NA;NA;NA;0;80.024;1.313.239;NA;NA%;NA%;33,36%;NA%;7,61%
CENTRAL DAS COOPERATIVAS DE ECONOMIA E CREDITO DO ESTADO DE MINAS GERAIS LTDA. - SICOOB CENTRAL CECREMGE;309024;b3C;S4;I;2;BELO HORIZONTE;MG;03/2021;195.842;0;195.842;0;195.842;1.274.137;0;0;142;0;142;28.480;1.302.759;7.309.222;15,03%;15,03%;15,03%;2,68%;6,73%
BANCO PAULISTA - PRUDENCIAL;1000080381;b1;S4;C;2;SAO PAULO;SP;03/2021;156.540;0;156.540;0;156.540;813.406;1.696;0;3.876;0;5.572;483.538;1.302.516;916.620;12,02%;12,02%;12,02%;17,08%;2,82%
COOPERATIVA DE CRÉDITO, POUPANÇA E INVESTIMENTO DA REGIÃO ALTOS DA SERRA - SICREDI ALTOS DA SERRA RS/SC;92555150;b3S;S4;I;2;TAPEJARA;RS;03/2021;225.211;0;225.211;0;225.211;1.236.984;0;0;1.054;0;1.054;63.497;1.301.535;1.941.706;17,30%;17,30%;17,30%;11,60%;13,54%
COOPERATIVA DE CRÉDITO, POUPANÇA E INVESTIMENTO DAS REGIÕES CENTRO DO RS E MG - SICREDI REGIÃO CENTRO RS/MG;95594941;b3S;S4;I;2;SANTA MARIA;RS;03/2021;334.037;0;334.037;0;334.037;1.215.158;0;0;907;0;907;79.843;1.295.908;2.147.766;25,78%;25,78%;25,78%;15,55%;7,56%
COOPERATIVA DE CRÉDITO, POUPANÇA E INVESTIMENTO OURO BRANCO - SICREDI OURO BRANCO RS;87853206;b3S;S4;I;2;TEUTONIA;RS;03/2021;298.240;0;298.240;0;298.240;1.199.888;0;0;855;0;855;82.247;1.282.991;2.114.563;23,25%;23,25%;23,25%;14,10%;9,70%
COOPERATIVA DE CRÉDITO E INVESTIMENTO DE LIVRE ADMISSÃO AGROEMPRESARIAL - SICREDI AGROEMPRESARIAL PR/SP;79457883;b3S;S4;I;2;MANDAGUARI;PR;03/2021;195.102;0;195.102;0;195.102;1.206.569;689;0;602;0;1.291;63.565;1.271.425;2.081.662;15,35%;15,35%;15,35%;9,37%;13,70%
BANCOSEGURO S.A.;10264663;b1;S4;I;2;SAO PAULO;SP;03/2021;444.691;0;444.691;0;444.691;1.029.020;0;0;0;0;0;232.151;1.261.170;5.381.541;35,26%;35,26%;35,26%;8,26%;0,00%
COOPERATIVA CENTRAL DE CRÉDITO DO ESTADO DE SÃO PAULO - SICOOB SÃO PAULO;63917579;b3C;S4;I;2;RIBEIRAO PRETO;SP;03/2021;164.752;0;164.752;0;164.752;1.215.934;0;0;96;0;96;29.284;1.245.314;7.150.184;13,23%;13,23%;13,23%;2,30%;1,93%
COOPERATIVA DE CRÉDITO, POUPANÇA E INVESTIMENTO UNIVALES - SICREDI UNIVALES MT/RO;70431630;b3S;S4;I;2;JUINA;MT;03/2021;345.547;0;345.547;0;345.547;1.163.351;0;0;660;0;660;76.470;1.240.481;1.949.181;27,86%;27,86%;27,86%;17,73%;6,20%
COOPERATIVA CENTRAL DE CREDITO DO ESPIRITO SANTO - SICOOB CENTRAL ES;32428294;b3C;S4;I;2;VITORIA;ES;03/2021;175.907;0;175.907;0;175.907;1.086.339;0;0;99.392;0;99.392;49.916;1.235.648;4.108.293;14,24%;14,24%;14,24%;4,28%;10,38%
COOPERATIVA DE CRÉDITO ALIANÇA RS/SC/ES - SICREDI ALIANÇA RS/SC/ES;87795639;b3S;S4;I;2;MARAU;RS;03/2021;201.955;0;201.955;0;201.955;1.153.840;0;0;1.363;0;1.363;72.330;1.227.534;1.922.958;16,45%;16,45%;16,45%;10,50%;25,19%
YAMAHA MOTOR - PRUDENCIAL;1000080721;b2;S4;C;3;GUARULHOS;SP;03/2021;396.169;0;396.169;0;396.169;1.138.401;0;0;0;0;0;75.790;1.214.191;1.566.551;32,63%;32,63%;32,63%;25,29%;0,13%
COOPERATIVA DE CRÉDITO UNICRED VALOR CAPITAL LTDA - UNICRED VALOR CAPITAL;74064502;b3S;S5;I;2;FLORIANOPOLIS;SC;03/2021;NA;NA;NA;NA;322.571;1.140.138;0;NA;NA;NA;0;52.651;1.192.789;NA;NA%;NA%;27,04%;NA%;3,67%
COOPERATIVA DE CRÉDITO SICOOB OURO VERDE;5582619;b3S;S5;I;2;LONDRINA;PR;03/2021;NA;NA;NA;NA;142.842;1.077.701;0;NA;NA;NA;0;66.703;1.144.404;NA;NA%;NA%;12,48%;NA%;15,02%
CENTRAL SICOOB UNI DE COOPERATIVAS DE CRÉDITO;4243780;b3C;S4;I;2;GOIANIA;GO;03/2021;171.703;0;171.703;0;171.703;1.095.339;0;0;217;0;217;40.532;1.136.087;5.866.282;15,11%;15,11%;15,11%;2,93%;14,50%
COOPERATIVA DE CREDITO, POUPANCA E INVESTIMENTO IGUACU - SICREDI IGUACU PR/SC/SP;84974278;b3S;S4;I;2;SAO JOAO;PR;03/2021;229.011;0;229.011;0;229.011;1.068.997;0;0;425;0;425;65.667;1.135.088;1.734.319;20,18%;20,18%;20,18%;13,20%;5,71%
COOPERATIVA DE CRÉDITO, POUPANÇA E INVESTIMENTO BOTUCARAÍ - SICREDI BOTUCARAÍ RS/MG;87900601;b3S;S4;I;2;SOLEDADE;RS;03/2021;225.034;0;225.034;0;225.034;1.086.766;0;0;385;0;385;43.429;1.130.580;1.609.929;19,90%;19,90%;19,90%;13,98%;11,22%
COOPERATIVA DE CRÉDITO, POUPANÇA E INVESTIMENTO REGIÕES DAS CULTURAS - SICREDI DAS CULTURAS RS/MG;90729369;b3S;S4;I;2;IJUI;RS;03/2021;276.489;0;276.489;0;276.489;1.057.974;0;0;568;0;568;64.593;1.123.136;1.675.858;24,62%;24,62%;24,62%;16,50%;9,17%
COOPERATIVA DE CRÉDITO, POUPANÇA E INVESTIMENTO ESSÊNCIA RS/ES - SICREDI ESSÊNCIA;87733077;b3S;S4;I;2;ITAQUI;RS;03/2021;401.861;0;401.861;0;401.861;1.072.208;0;0;703;0;703;42.736;1.115.647;1.757.767;36,02%;36,02%;36,02%;22,86%;4,96%
COOPERATIVA DE CRÉDITO, POUPANÇA E INVESTIMENTO DO NOROESTE DE MATO GROSSO, ACRE E AMAZONAS - SICREDI BIOMAS;33022690;b3S;S4;I;2;ARAPUTANGA;MT;03/2021;202.194;0;202.194;0;202.194;1.060.039;0;0;396;0;396;51.746;1.112.181;1.567.409;18,18%;18,18%;18,18%;12,90%;11,04%
COOPERATIVA DE CRÉDITO SUL DO ESPÍRITO SANTO - SICOOB SUL;32467086;b3S;S5;I;2;CACHOEIRO DE ITAPEMIRIM;ES;03/2021;NA;NA;NA;NA;381.499;1.033.102;0;NA;NA;NA;0;70.859;1.103.961;NA;NA%;NA%;34,56%;NA%;2,36%
COOPERATIVA DE CRÉDITO DO TRIÂNGULO MINEIRO E SÃO FRANCISCO LTDA. - SICOOB ARACOOP;3320525;b3S;S5;I;2;ARAGUARI;MG;03/2021;NA;NA;NA;NA;217.493;1.040.992;0;NA;NA;NA;0;47.358;1.088.350;NA;NA%;NA%;19,98%;NA%;8,87%
COOPERATIVA DE CRÉDITO, POUPANÇA E INVESTIMENTO DE CAMPO GRANDE E REGIÃO - SICREDI CAMPO GRANDE MS;3042597;b3S;S4;I;2;CAMPO GRANDE;MS;03/2021;183.149;0;183.149;0;183.149;1.042.955;0;0;777;0;777;38.743;1.082.474;1.790.029;16,92%;16,92%;16,92%;10,23%;7,31%
COOPERATIVA DE CRÉDITO, POUPANÇA E INVESTIMENTO DE LAJEADO - SICREDI INTEGRAÇÃO RS/MG;91159764;b3S;S4;I;2;LAJEADO;RS;03/2021;249.464;0;249.464;0;249.464;1.003.492;0;0;803;0;803;68.695;1.072.990;1.798.867;23,25%;23,25%;23,25%;13,87%;17,58%
COOPERATIVA CENTRAL DE CRÉDITO COM INTERAÇÃO SOLIDÁRIA - CENTRAL CRESOL BASER;1401771;b3C;S4;I;2;FRANCISCO BELTRAO;PR;03/2021;209.178;0;209.178;0;209.178;963.824;1.069;874;9.774;777;12.495;91.583;1.067.902;5.310.465;19,59%;19,59%;19,59%;3,94%;17,40%
COOPERATIVA DE CRÉDITO, POUPANÇA E INVESTIMENTO DE IBIRAIARAS - SICREDI IBIRAIARAS RS/MG;89990501;b3S;S4;I;2;IBIRAIARAS;RS;03/2021;258.393;0;258.393;0;258.393;995.546;0;0;1.103;0;1.103;66.767;1.063.417;1.709.098;24,30%;24,30%;24,30%;15,12%;3,72%
BANCO IBM S.A. - PRUDENCIAL;1000081689;b2;S4;I;3;RIO DE JANEIRO;RJ;03/2021;549.026;0;549.026;0;549.026;817.774;1.192;0;0;0;1.192;241.489;1.060.455;962.973;51,77%;51,77%;51,77%;57,01%;0,00%
COOPERATIVA DE CRÉDITO, POUPANÇA E INVESTIMENTO INTEGRAÇÃO DE ESTADOS DO RIO GRANDE DO SUL E SANTA CATARINA - SICREDI INTEGRAÇÃO DE ESTADOS RS/SC;87781530;b3S;S4;I;2;PASSO FUNDO;RS;03/2021;178.587;0;178.587;0;178.587;1.001.932;0;0;540;0;540;41.874;1.044.345;1.526.003;17,10%;17,10%;17,10%;11,70%;7,43%
COOPERATIVA DE CRÉDITO, POUPANÇA E INVESTIMENTO PROGRESSO - SICREDI PROGRESSO PR/SP;76059997;b3S;S4;I;2;TOLEDO;PR;03/2021;151.103;0;151.103;0;151.103;1.002.792;0;0;339;0;339;34.386;1.037.518;1.553.643;14,56%;14,56%;14,56%;9,73%;9,30%
COOPERATIVA DE CRÉDITO, POUPANÇA E INVESTIMENTO NOROESTE RS - SICREDI NOROESTE RS;89049738;b3S;S4;I;2;TRES DE MAIO;RS;03/2021;306.774;0;306.774;0;306.774;971.161;0;0;519;0;519;43.800;1.015.480;1.597.860;30,21%;30,21%;30,21%;19,20%;10,84%
COOPERATIVA DE CRéDITO, POUPANçA E INVESTIMENTO INTERESTADOS - SICREDI INTERESTADOS RS/ES;90497256;b3S;S4;I;2;PELOTAS;RS;03/2021;224.503;0;224.503;0;224.503;950.342;0;0;1.444;0;1.444;62.681;1.014.467;1.595.761;22,13%;22,13%;22,13%;14,07%;19,78%
NOVO BCO CONTINENTAL S.A. - BM - PRUDENCIAL;1000081768;b1;S4;I;3;PORTO ALEGRE;RS;03/2021;154.482;0;154.482;0;154.482;801.461;2.177;0;0;0;2.177;207.953;1.011.591;1.600.590;15,27%;15,27%;15,27%;9,65%;3,78%
COOPERATIVA DE CRÉDITO, POUPANÇA E INVESTIMENTO RAÍZES - SICREDI RAÍZES RS/SC/MG;88099247;b3S;S4;I;2;CAMPO NOVO;RS;03/2021;258.832;0;258.832;0;258.832;937.177;0;0;756;0;756;43.285;981.218;1.467.259;26,38%;26,38%;26,38%;17,64%;4,45%
COOPERATIVA DE CRÉDITO DE LIVRE ADMISSÃO DE ASSOCIADOS DO ALTO URUGUAI CATARINENSE - SICOOB CREDIAUC;78840071;b3S;S5;I;2;CONCORDIA;SC;03/2021;NA;NA;NA;NA;170.906;941.568;0;NA;NA;NA;0;39.221;980.789;NA;NA%;NA%;17,43%;NA%;9,93%
COOPERATIVA DE CRÉDITO INTEGRAÇÃO ROTA DAS TERRAS - SICREDI INTEGRAÇÃO ROTA DAS TERRAS RS/MG;87510475;b3S;S4;I;2;TAPERA;RS;03/2021;227.825;0;227.825;0;227.825;943.361;0;0;319;0;319;33.247;976.927;1.327.158;23,32%;23,32%;23,32%;17,17%;6,59%
COOPERATIVA CENTRAL DE CRÉDITO - AILOS;5463212;b3C;S4;I;2;BLUMENAU;SC;03/2021;351.794;0;351.794;0;351.794;894.035;5.381;4.397;48.593;3.909;62.279;2.186;958.500;5.309.009;36,70%;36,70%;36,70%;6,63%;10,33%
AF DO ESTADO DE SC S.A. - PRUDENCIAL;1000081074;n1;S4;C;1;FLORIANOPOLIS;SC;03/2021;403.399;0;403.399;0;403.399;764.115;0;0;0;0;0;190.482;954.598;NA;42,26%;42,26%;42,26%;NA%;0,55%
COOPERATIVA DE ECONOMIA E CREDITO MUTUO DOS MEDICOS DE PORTO ALEGRE LTDA-UNICRED PORTO ALEGRE;94433109;b3S;S5;I;2;PORTO ALEGRE;RS;03/2021;NA;NA;NA;NA;207.864;903.643;0;NA;NA;NA;0;40.766;944.410;NA;NA%;NA%;22,01%;NA%;3,16%
COOPERATIVA DE CRÉDITO, POUPANÇA E INVESTIMENTO DO NORTE E NORDESTE DE SANTA CATARINA - SICREDI NORTE SC;2843443;b3S;S4;I;2;JOINVILLE;SC;03/2021;175.558;0;175.558;6.042;181.600;887.017;0;0;747;0;747;50.125;937.889;1.549.162;18,72%;18,72%;19,36%;11,33%;9,29%
BANCO RIBEIRÃO PRETO - PRUDENCIAL;1000084349;b1;S4;I;2;RIBEIRAO PRETO;SP;03/2021;170.917;0;170.917;0;170.917;653.419;0;0;168.452;0;168.452;109.604;931.475;1.029.096;18,35%;18,35%;18,35%;16,61%;4,36%
COOPERATIVA DE CRÉDITO, POUPANÇA E INVESTIMENTO DO PLANALTO CENTRAL - SICREDI PLANALTO CENTRAL;10736214;b3S;S4;I;2;CRISTALINA;GO;03/2021;164.736;0;164.736;0;164.736;893.133;922;0;734;0;1.656;28.915;923.704;1.612.711;17,83%;17,83%;17,83%;10,21%;9,81%
ZEMA CFI - PRUDENCIAL;1000083584;n1;S4;C;2;ARAXA;MG;03/2021;176.692;0;176.692;0;176.692;422.265;0;0;0;0;0;497.845;920.110;NA;19,20%;19,20%;19,20%;NA%;0,87%
COOPERATIVA DE CRÉDITO UNICRED UNIÃO LTDA - UNICRED UNIÃO;74114042;b3S;S5;I;2;ITAJAI;SC;03/2021;NA;NA;NA;NA;174.730;878.849;0;NA;NA;NA;0;39.000;917.848;NA;NA%;NA%;19,04%;NA%;4,11%
COOPERATIVA DE CRÉDITO AGROCREDI LTDA. - SICOOB AGROCREDI;42873828;b3S;S4;I;2;GUAXUPE;MG;03/2021;289.848;0;289.848;0;289.848;720.254;0;0;0;0;0;193.674;913.929;1.474.849;31,71%;31,71%;31,71%;19,65%;4,41%
BANCO PACCAR - PRUDENCIAL;1000084899;b2;S4;I;3;PONTA GROSSA;PR;03/2021;497.281;0;497.281;0;497.281;836.487;59;0;0;0;59;77.154;913.700;924.823;54,43%;54,43%;54,43%;53,77%;0,17%
COOPERATIVA DE CREDITO CENTRO-SERRANA DO ESPIRITO SANTO - SICOOB CENTRO-SERRANO;31804966;b3S;S5;I;2;SANTA MARIA DE JETIBA;ES;03/2021;NA;NA;NA;NA;212.926;849.960;0;NA;NA;NA;0;54.955;904.915;NA;NA%;NA%;23,53%;NA%;5,23%
COOPERATIVA DE CRÉDITO, POUPANÇA E INVESTIMENTO SUL RIOGRANDENSE - SICREDI UNIÃO METROPOLITANA RS;92796564;b3S;S4;I;2;PORTO ALEGRE;RS;03/2021;129.792;0;129.792;11.608;141.400;823.733;0;0;974;0;974;72.336;897.043;1.517.642;14,47%;14,47%;15,76%;8,55%;8,68%
COOPERATIVA DE CREDITO, POUPANÇA E INVESTIMENTO PARQUE DAS ARAUCARIAS - SICREDI PARQUE DAS ARAUCARIAS PR/SC/SP;82065285;b3S;S4;I;2;MARIOPOLIS;PR;03/2021;165.568;0;165.568;0;165.568;833.368;0;0;528;0;528;44.603;878.499;1.549.155;18,85%;18,85%;18,85%;10,69%;10,87%
BCO DES. DO ES S.A. - PRUDENCIAL;1000081304;b4;S4;I;1;VITORIA;ES;03/2021;201.945;0;201.945;0;201.945;668.090;0;0;0;0;0;207.881;875.971;968.261;23,05%;23,05%;23,05%;20,86%;0,54%
LEASEPLAN AM S.A. - PRUDENCIAL;1000082963;n1;S4;I;3;BARUERI;SP;03/2021;187.086;0;187.086;0;187.086;728.859;0;0;0;0;0;143.670;872.529;NA;21,44%;21,44%;21,44%;NA%;0,49%
CARUANA SCFI - PRUDENCIAL;1000083591;n1;S4;I;2;SAO PAULO;SP;03/2021;107.089;0;107.089;20.638;127.728;698.491;0;0;0;0;0;169.271;867.762;NA;12,34%;12,34%;14,72%;NA%;1,00%
CAIXA GERAL - PRUDENCIAL;1000080927;b1;S4;C;3;SAO PAULO;SP;03/2021;302.932;0;302.932;0;302.932;541.722;9.541;0;160.232;0;169.773;148.289;859.785;1.677.626;35,23%;35,23%;35,23%;18,06%;0,48%
COOPERATIVA DE CRÉDITO DO VALE DO ITAJAÍ E LITORAL CATARINENSE - SICREDI VALE LITORAL SC;10348181;b3S;S4;I;2;ITAPEMA;SC;03/2021;158.674;0;158.674;0;158.674;793.960;0;0;769;0;769;56.408;851.136;1.501.730;18,64%;18,64%;18,64%;10,57%;11,85%
BANCO MONEO S.A. - PRUDENCIAL;1000081500;b2;S4;I;2;CAXIAS DO SUL;RS;03/2021;222.030;0;222.030;0;222.030;750.545;0;0;57;0;57;97.144;847.746;768.214;26,19%;26,19%;26,19%;28,90%;0,30%
BCO GUANABARA S.A. - PRUDENCIAL;1000081672;b1;S4;C;2;RIO DE JANEIRO;RJ;03/2021;171.931;0;171.931;0;171.931;635.755;0;0;86.418;0;86.418;124.844;847.017;1.336.982;20,30%;20,30%;20,30%;12,86%;0,87%
KREDILIG S.A. - CFI - PRUDENCIAL;1000083498;n1;S5;I;2;BIGUACU;SC;03/2021;NA;NA;NA;NA;157.514;789.450;0;NA;NA;NA;0;46.539;835.988;NA;NA%;NA%;18,84%;NA%;0,15%
COOPERATIVA DE CRÉDITO POUPANÇA E INVESTIMENTO PANTANAL DO MATO GROSSO DO SUL - SICREDI PANTANAL MS;26408187;b3S;S4;I;2;MARACAJU;MS;03/2021;188.692;0;188.692;0;188.692;813.194;176;0;416;0;592;20.408;834.195;1.183.891;22,62%;22,62%;22,62%;15,94%;6,43%
COOPECREDI GUARIBA - COOPERATIVA DE CREDITO;44469161;b3S;S4;I;2;GUARIBA;SP;03/2021;346.534;0;346.534;0;346.534;752.382;0;0;0;0;0;77.861;830.244;1.200.160;41,74%;41,74%;41,74%;28,87%;3,66%
COOPERATIVA DE CRÉDITO, POUPANÇA E INVESTIMENTO DO SUL DE MATO GROSSO - SICREDI SUL MT;26549311;b3S;S4;I;2;RONDONOPOLIS;MT;03/2021;175.127;0;175.127;0;175.127;772.279;0;0;763;0;763;48.408;821.451;1.505.191;21,32%;21,32%;21,32%;11,63%;12,31%
FACTA S.A. CFI - PRUDENCIAL;1000083704;n1;S4;I;2;PORTO ALEGRE;RS;03/2021;172.391;0;172.391;1.812;174.203;785.573;0;0;0;0;0;33.707;819.281;NA;21,04%;21,04%;21,26%;NA%;4,42%
COOPERATIVA DE CRÉDITO, POUPANÇA E INVESTIMENTO DO VALE DO RIO PARDO - SICREDI VALE DO RIO PARDO RS;95424891;b3S;S4;I;2;SANTA CRUZ DO SUL;RS;03/2021;174.012;0;174.012;0;174.012;763.131;0;0;284;0;284;51.268;814.683;1.201.782;21,36%;21,36%;21,36%;14,48%;11,33%
COOPERATIVA CENTRAL DE ECONOMIA E CRÉDITO MÚTUO DAS UNICRED'S DE SANTA CATARINA E DO PARANÁ LTDA - UNICRED CENTRAL SC/PR;543968;b3C;S4;I;2;FLORIANOPOLIS;SC;03/2021;136.444;0;136.444;0;136.444;711.626;3.851;8;65.277;10.798;79.934;9.361;800.921;2.443.505;17,04%;17,04%;17,04%;5,58%;1,91%
SOROCRED CFI S.A. - PRUDENCIAL;1000083539;b1;S4;C;2;SOROCABA;SP;03/2021;74.583;4.392;78.975;0;78.975;686.329;310;0;2.922;0;3.232;109.000;798.561;1.022.314;9,34%;9,89%;9,89%;7,73%;0,70%
COOPERATIVA DE CRÉDITO SICOOB ENGECRED LTDA.;4388688;b3S;S5;I;2;GOIANIA;GO;03/2021;NA;NA;NA;NA;247.374;755.038;0;NA;NA;NA;0;31.495;786.532;NA;NA%;NA%;31,45%;NA%;1,54%
COOPERATIVA DE CRÉDITO DE LIVRE ADMISSÃO DE ASSOCIADOS AURIVERDE   SICOOB CREDIAL/SC;78858107;b3S;S5;I;2;CUNHA PORA;SC;03/2021;NA;NA;NA;NA;178.094;757.648;0;NA;NA;NA;0;23.004;780.651;NA;NA%;NA%;22,81%;NA%;7,67%
COOPERATIVA DE CRÉDITO DE LIVRE ADMISSÃO DO CENTRO NORTE GOIANO;2282709;b3S;S5;I;2;ANAPOLIS;GO;03/2021;NA;NA;NA;NA;170.495;744.798;0;NA;NA;NA;0;35.683;780.481;NA;NA%;NA%;21,84%;NA%;10,22%
COOPERATIVA DE CRÉDITO DE CASCAVEL E REGIÃO - SICOOB CREDICAPITAL;4529074;b3S;S5;I;2;CASCAVEL;PR;03/2021;NA;NA;NA;NA;99.110;740.153;0;NA;NA;NA;0;38.624;778.776;NA;NA%;NA%;12,73%;NA%;14,60%
COOPERATIVA DE CRÉDITO DA REGIÃO MERIDIONAL DO BRASIL - SICOOB UNICOOB MERIDIONAL;5392810;b3S;S5;I;2;TOLEDO;PR;03/2021;NA;NA;NA;NA;98.978;736.602;0;NA;NA;NA;0;31.156;767.758;NA;NA%;NA%;12,89%;NA%;9,36%
COOPERATIVA DE CREDITO DE LIVRE ADMISSÃO DE ASSOCIADOS ITAIPU SICOOB CREDITAIPU;81014060;b3S;S5;I;2;PINHALZINHO;SC;03/2021;NA;NA;NA;NA;174.784;738.762;0;NA;NA;NA;0;27.324;766.086;NA;NA%;NA%;22,82%;NA%;8,14%
COOPERATIVA DE CRÉDITO UNICRED CENTRO-SUL LTDA - UNICRED CENTRO-SUL;75847;b3S;S5;I;2;CRICIUMA;SC;03/2021;NA;NA;NA;NA;169.453;735.011;0;NA;NA;NA;0;30.466;765.478;NA;NA%;NA%;22,14%;NA%;3,56%
SICREDI EXPANSÃO - COOPERATIVA DE CRÉDITO;41180092;b3S;S5;I;2;MACEIO;AL;03/2021;NA;NA;NA;NA;198.743;724.053;0;NA;NA;NA;0;37.909;761.962;NA;NA%;NA%;26,08%;NA%;6,31%
COOPERATIVA DE CRÉDITO CREDIVAR LTDA. - SICOOB CREDIVAR;25798596;b3S;S5;I;2;VARGINHA;MG;03/2021;NA;NA;NA;NA;129.300;723.601;0;NA;NA;NA;0;36.845;760.446;NA;NA%;NA%;17,00%;NA%;11,76%
COOPERATIVA DE CRÉDITO SICOOB VALE SUL;2466552;b3S;S5;I;2;FRANCISCO BELTRAO;PR;03/2021;NA;NA;NA;NA;93.626;727.446;0;NA;NA;NA;0;32.972;760.417;NA;NA%;NA%;12,31%;NA%;14,92%
AF PARANÁ - PRUDENCIAL;1000081115;n1;S4;C;1;CURITIBA;PR;03/2021;415.983;0;415.983;0;415.983;459.456;0;0;0;0;0;296.936;756.391;NA;55,00%;55,00%;55,00%;NA%;0,11%
COOPERATIVA DE ECONOMIA E CRÉDITO MÚTUO UNICRED INTEGRAÇÃO LTDA.;73750424;b3S;S5;I;2;CAXIAS DO SUL;RS;03/2021;NA;NA;NA;NA;117.531;731.231;0;NA;NA;NA;0;25.019;756.250;NA;NA%;NA%;15,54%;NA%;8,72%
COOPERATIVA DE CRÉDITO, POUPANÇA E INVESTIMENTO DO SUL DO ESTADO DE SANTA CATARINA - SICREDI SUL SC;3793242;b3S;S4;I;2;CRICIUMA;SC;03/2021;117.536;0;117.536;3.530;121.065;720.027;0;0;292;0;292;33.765;754.083;1.197.424;15,59%;15,59%;16,05%;9,82%;8,21%
COOPERATIVA DE CRÉDITO DE LIVRE ADMISSÃO DE ASSOCIADOS DO VALE DO CANOINHAS - SICOOB CREDICANOINHAS/SC;78834975;b3S;S5;I;2;CANOINHAS;SC;03/2021;NA;NA;NA;NA;130.581;713.737;0;NA;NA;NA;0;36.832;750.569;NA;NA%;NA%;17,40%;NA%;10,64%
COOPERATIVA DE CRÉDITO, POUPANÇA E INVESTIMENTO DE ESPUMOSO - SICREDI ESPUMOSO RS/MG;87900411;b3S;S4;I;2;ESPUMOSO;RS;03/2021;215.008;0;215.008;0;215.008;717.163;0;0;202;0;202;31.505;748.870;983.505;28,71%;28,71%;28,71%;21,86%;5,53%
ICBC DO BRASIL BM S.A. - PRUDENCIAL;1000081830;b1;S4;I;3;SAO PAULO;SP;03/2021;166.410;0;166.410;0;166.410;641.515;15.736;0;0;0;15.736;91.525;748.776;1.265.152;22,22%;22,22%;22,22%;13,15%;0,53%
COOPERATIVA DE CRÉDITO, POUPANÇA E INVESTIMENTO CENTRO SUL - SICREDI CENTRO SUL PR/SC/RJ;78907607;b3S;S4;I;2;PRUDENTOPOLIS;PR;03/2021;138.828;0;138.828;0;138.828;694.743;0;0;323;0;323;51.814;746.880;1.221.426;18,59%;18,59%;18,59%;11,37%;16,06%
UBS - PRUDENCIAL;1000080989;b2;S4;C;3;SAO PAULO;SP;03/2021;383.406;0;383.406;0;383.406;328.945;0;0;0;0;0;415.277;744.222;1.143.195;51,52%;51,52%;51,52%;33,54%;7,53%
COOPERATIVA DE CREDITO RURAL DE PRIMAVERA DO LESTE;26563270;b3S;S5;I;2;PRIMAVERA DO LESTE;MT;03/2021;NA;NA;NA;NA;94.202;723.259;0;NA;NA;NA;0;11.969;735.228;NA;NA%;NA%;12,81%;NA%;56,84%
COOPERATIVA DE CRÉDITO DE LIVRE ADMISSÃO DE ASSOCIADOS DO VALE DO VINHO - SICOOB VALE DO VINHO;81016131;b3S;S5;I;2;VIDEIRA;SC;03/2021;NA;NA;NA;NA;113.129;697.771;0;NA;NA;NA;0;32.888;730.658;NA;NA%;NA%;15,48%;NA%;12,53%
BCO FORD S.A. - PRUDENCIAL;1000081782;b2;S4;I;3;SAO BERNARDO DO CAMPO;SP;03/2021;231.837;0;231.837;0;231.837;662.827;0;0;0;0;0;63.790;726.617;764.885;31,91%;31,91%;31,91%;30,31%;0,00%
COOPERATIVA DE CRÉDITO CENTRO LESTE - SICREDI CENTRO LESTE RS;88471024;b3S;S4;I;2;CACHOEIRA DO SUL;RS;03/2021;132.315;0;132.315;0;132.315;694.478;0;0;468;0;468;28.137;723.083;1.149.902;18,30%;18,30%;18,30%;11,51%;13,95%
DESENBAHIA AG FOMENTO BAHIA SA - PRUDENCIAL;1000081067;n1;S4;I;1;SALVADOR;BA;03/2021;347.597;0;347.597;0;347.597;517.055;0;0;0;0;0;194.450;711.505;NA;48,85%;48,85%;48,85%;NA%;10,38%
COOPERATIVA DE CRÉDITO, POUPANÇA E INVESTIMENTO NOSSA TERRA - SICREDI NOSSA TERRA PR/SP;81192106;b3S;S4;I;2;CAFELANDIA;PR;03/2021;137.468;0;137.468;0;137.468;679.016;0;0;474;0;474;30.853;710.343;1.247.777;19,35%;19,35%;19,35%;11,02%;23,23%
COOPERATIVA DE CRÉDITO NORTE DO ESPÍRITO SANTO - SICOOB NORTE;31815293;b3S;S5;I;2;SAO GABRIEL DA PALHA;ES;03/2021;NA;NA;NA;NA;209.010;653.897;0;NA;NA;NA;0;52.891;706.788;NA;NA%;NA%;29,57%;NA%;3,29%
COOPERATIVA DE CREDITO COM INTERACAO SOLIDARIA PIONEIRA - CRESOL PIONEIRA;971300;b3S;S5;I;2;DOIS VIZINHOS;PR;03/2021;NA;NA;NA;NA;106.185;686.012;0;NA;NA;NA;0;17.840;703.851;NA;NA%;NA%;15,09%;NA%;6,16%
GENIAL - PRUDENCIAL;1000080941;b1;S4;C;2;RIO DE JANEIRO;RJ;03/2021;92.283;0;92.283;0;92.283;220.440;3.200;0;15.814;44.605;63.618;417.636;701.694;1.975.028;13,15%;13,15%;13,15%;4,67%;27,10%
COMMERZBANK BRASIL - PRUDENCIAL;1000084583;b1;S4;I;3;SAO PAULO;SP;03/2021;129.479;0;129.479;0;129.479;572.604;6.670;0;42.813;0;49.483;77.494;699.581;1.144.646;18,51%;18,51%;18,51%;11,31%;4,20%
COOPERATIVA DE CRÉDITO, POUPANÇA E INVESTIMENTO CENTRO SERRA - SICREDI CENTRO SERRA RS;87067757;b3S;S4;I;2;AGUDO;RS;03/2021;254.607;0;254.607;0;254.607;639.864;0;0;414;0;414;52.700;692.979;1.253.768;36,74%;36,74%;36,74%;20,31%;2,26%
BNY MELLON - PRUDENCIAL;1000080910;b1;S4;C;3;RIO DE JANEIRO;RJ;03/2021;454.252;0;454.252;0;454.252;99.140;25.890;0;526;0;26.416;566.020;691.577;1.233.781;65,68%;65,68%;65,68%;36,82%;5,90%
COOPERATIVA DE ECONOMIA E CREDITO MUTUO DOS MEDICOS E DEMAIS PROFISSIONAIS DA AREA DE SAUDE DO ESTADO DE SAO PAULO LTDA    UNICRED DO ESTADO DE SAO PAULO;71884498;b3S;S5;I;2;CAMPINAS;SP;03/2021;NA;NA;NA;NA;146.891;660.312;0;NA;NA;NA;0;30.923;691.234;NA;NA%;NA%;21,25%;NA%;1,55%
COOPERATIVA DE CRÉDITO DE EMPRESÁRIOS - SICOOB/TRANSCREDI;4247370;b3S;S5;I;2;CONCORDIA;SC;03/2021;NA;NA;NA;NA;130.489;664.039;0;NA;NA;NA;0;21.877;685.916;NA;NA%;NA%;19,02%;NA%;4,67%
BANCO SEMEAR - PRUDENCIAL;1000081380;b1;S4;I;2;BELO HORIZONTE;MG;03/2021;106.690;0;106.690;0;106.690;620.452;215;0;170;0;385;63.243;684.080;883.147;15,60%;15,60%;15,60%;12,08%;1,17%
COOPERATIVA DE CRÉDITO SUL - SICOOB SUL;5888589;b3S;S5;I;2;CURITIBA;PR;03/2021;NA;NA;NA;NA;110.546;640.083;0;NA;NA;NA;0;43.968;684.050;NA;NA%;NA%;16,16%;NA%;5,16%
COOPERATIVA DE CRÉDITO DE LIVRE ADMISSÃO DA ZONA DA MATA LTDA   SICOOB COOPEMATA;2335109;b3S;S5;I;2;CATAGUASES;MG;03/2021;NA;NA;NA;NA;128.653;644.100;0;NA;NA;NA;0;30.660;674.760;NA;NA%;NA%;19,07%;NA%;6,82%
BR PARTNERS - PRUDENCIAL;1000080934;b2;S4;C;2;SAO PAULO;SP;03/2021;244.885;0;244.885;0;244.885;365.453;31.198;61.047;32.927;86.183;211.354;94.916;671.724;482.981;36,46%;36,46%;36,46%;50,70%;0,82%
COOPERATIVA DE CRÉDITO DO NORTE CATARINENSE E SUL PARANAENSE - SICOOB CREDINORTE;81011686;b3S;S5;I;2;MAFRA;SC;03/2021;NA;NA;NA;NA;85.347;642.822;0;NA;NA;NA;0;26.949;669.771;NA;NA%;NA%;12,74%;NA%;22,24%
COOPERATIVA DE CRÉDITO, POUPANÇA E INVESTIMENTO ENCOSTA SUPERIOR DO NORDESTE RS - SICREDI NORDESTE RS;95213211;b3S;S4;I;2;ROLANTE;RS;03/2021;85.257;0;85.257;13.081;98.338;631.969;0;0;269;0;269;36.685;668.923;1.043.949;12,75%;12,75%;14,70%;8,17%;14,12%
COOPERATIVA DE CRÉDITO UNICRED DESBRAVADORA LTDA - UNICRED DESBRAVADORA;1039011;b3S;S5;I;2;CHAPECO;SC;03/2021;NA;NA;NA;NA;108.434;640.214;0;NA;NA;NA;0;28.031;668.246;NA;NA%;NA%;16,23%;NA%;10,24%
OURINVEST - PRUDENCIAL;1000081012;b1;S4;I;2;SAO PAULO;SP;03/2021;132.879;0;132.879;2.410;135.289;165.620;25.872;0;43.248;539;69.659;431.466;666.745;1.065.807;19,93%;19,93%;20,29%;12,47%;1,69%
COOPERATIVA DE CRÉDITO LITORÂNEA;85291086;b3S;S5;I;2;JACINTO MACHADO;SC;03/2021;NA;NA;NA;NA;127.474;631.846;0;NA;NA;NA;0;32.360;664.206;NA;NA%;NA%;19,19%;NA%;21,65%
COOPERATIVA DE CRÉDITO DE LIVRE ADMISSÃO DO MÉDIO PIRACICABA E DO CIRCUITO DO OURO LTDA. - SICOOB CREDIMEPI;1644264;b3S;S5;I;2;JOAO MONLEVADE;MG;03/2021;NA;NA;NA;NA;116.869;636.423;0;NA;NA;NA;0;25.625;662.048;NA;NA%;NA%;17,65%;NA%;13,15%
CENTRAL DAS COOPERATIVAS DE CREDITO UNICOOB - SICOOB CENTRAL UNICOOB;5036532;b3C;S4;I;2;MARINGA;PR;03/2021;92.000;0;92.000;0;92.000;579.037;31;25;10.375;22;10.453;68.483;657.974;2.817.861;13,98%;13,98%;13,98%;3,26%;25,57%
COOPERATIVA DE CREDITO DO ALTO PARANAIBA E REGIÃO LTDA. - SICOOB CREDIPATOS;25387671;b3S;S5;I;2;PATOS DE MINAS;MG;03/2021;NA;NA;NA;NA;93.544;632.376;0;NA;NA;NA;0;19.651;652.027;NA;NA%;NA%;14,35%;NA%;11,47%
BANCO BARI DE INVESTIMENTO E FINANCI. - PRUDENCIAL;1000080893;b2;S4;C;2;CURITIBA;PR;03/2021;111.982;0;111.982;0;111.982;616.942;0;0;0;0;0;35.036;651.977;1.141.295;17,18%;17,18%;17,18%;9,81%;6,46%
COOPERATIVA DE CRÉDITO COOPERAÇÃO RS/SC - SICREDI COOPERAÇÃO RS/SC;87779625;b3S;S4;I;2;NAO-ME-TOQUE;RS;03/2021;147.619;0;147.619;0;147.619;615.382;0;0;320;0;320;35.084;650.786;932.485;22,68%;22,68%;22,68%;15,83%;5,11%
COOPERATIVA DE CRÉDITO, POUPANÇA E INVESTIMENTO VALE DO JAGUARI E ZONA DA MATA - SICREDI VALE DO JAGUARI E ZONA DA MATA RS/MG;87780284;b3S;S4;I;2;SANTIAGO;RS;03/2021;241.949;0;241.949;0;241.949;608.036;0;0;246;0;246;36.579;644.861;957.530;37,52%;37,52%;37,52%;25,27%;4,66%
COOPERATIVA DE CRÉDITO, POUPANÇA E INVESTIMENTO SUL MINAS DO RIO GRANDE DO SUL E MINAS GERAIS - SICREDI SUL MINAS RS/MG.;87784088;b3S;S4;I;2;ESTACAO;RS;03/2021;132.099;0;132.099;3.736;135.835;606.316;0;0;236;0;236;23.897;630.450;912.377;20,95%;20,95%;21,55%;14,48%;9,95%
CONFIDENCE - PRUDENCIAL;1000080783;b2;S4;C;2;SAO PAULO;SP;03/2021;75.613;0;75.613;0;75.613;82.857;20.712;0;37.462;0;58.175;483.439;624.471;618.800;12,11%;12,11%;12,11%;12,22%;12,45%
COOPERATIVA DE CREDITO, POUPANÇA E INVESTIMENTO RIO PARANA - SICREDI RIO PARANA PR/SP;81206039;b3S;S4;I;2;NOVA LONDRINA;PR;03/2021;116.957;0;116.957;0;116.957;580.746;0;0;312;0;312;37.389;618.447;1.030.504;18,91%;18,91%;18,91%;11,35%;13,75%
COOPERATIVA DE CRÉDITO DE LIVRE ADMISSÃO DO ALTO VALE DO ITAJAÍ - VIACREDI ALTO VALE;16779741;b3S;S5;I;2;IBIRAMA;SC;03/2021;NA;NA;NA;NA;124.521;579.464;0;NA;NA;NA;0;38.119;617.583;NA;NA%;NA%;20,16%;NA%;5,38%
COOPERATIVA DE CRÉDITO DOS MÉDICOS, PROFISSIONAIS DA SAÚDE E EMPRESÁRIOS DE MATO GROSSO;36900256;b3S;S5;I;2;CUIABA;MT;03/2021;NA;NA;NA;NA;198.741;577.439;0;NA;NA;NA;0;34.867;612.306;NA;NA%;NA%;32,46%;NA%;5,08%
COOPERATIVA DE CREDITO CREDICERIPA - SICOOB CREDICERIPA;966246;b3S;S4;I;2;ITAI;SP;03/2021;85.807;0;85.807;0;85.807;508.642;0;0;0;0;0;100.214;608.855;813.471;14,09%;14,09%;14,09%;10,55%;13,71%
COOPERATIVA DE CRÉDITO, POUPANÇA E INVESTIMENTO DO NORTE DO PARANÁ E SUL DE SÃO PAULO - SICREDI NORTE SUL PR/SP;79063574;b3S;S4;I;2;SANTO ANTONIO DA PLATINA;PR;03/2021;101.619;0;101.619;0;101.619;571.281;0;0;362;0;362;36.297;607.940;1.065.590;16,72%;16,72%;16,72%;9,54%;17,75%
COOPERATIVA DE CRÉDITO, POUPANÇA E INVESTIMENTO PARANAPANEMA PR/SP - SICREDI PARANAPANEMA PR/SP;79086997;b3S;S4;I;2;CAMBARA;PR;03/2021;76.015;0;76.015;5.048;81.063;574.046;0;0;182;0;182;33.182;607.410;955.639;12,51%;12,51%;13,35%;7,95%;14,26%
COOPERATIVA DE CRÉDITO COCRE;54401286;b3S;S4;I;2;PIRACICABA;SP;03/2021;117.733;0;117.733;0;117.733;496.850;0;22;1.859;19;1.900;103.269;602.019;957.335;19,56%;19,56%;19,56%;12,30%;5,24%
BEXS - PRUDENCIAL;1000080862;b2;S4;C;2;SAO PAULO;SP;03/2021;115.666;0;115.666;0;115.666;62.290;20.195;0;7.704;0;27.898;509.195;599.383;509.778;19,30%;19,30%;19,30%;22,69%;4,25%
COOPERATIVA DE CRÉDITO DE LIVRE ADMISSÃO DO ALTO PARANAÍBA, NOROESTE E OESTE DE MINAS LTDA - UNICRED INTEGRAÇÃO DE MINAS;1727929;b3S;S5;I;2;PATOS DE MINAS;MG;03/2021;NA;NA;NA;NA;85.517;572.443;0;NA;NA;NA;0;26.324;598.767;NA;NA%;NA%;14,28%;NA%;6,27%
COOPERATIVA DE CRÉDITO CREDIGUAÇU - SICOOB CREDIGUAÇU;67960229;b3S;S4;I;2;DESCALVADO;SP;03/2021;127.196;0;127.196;0;127.196;479.294;0;0;0;0;0;119.387;598.682;770.880;21,25%;21,25%;21,25%;16,50%;14,58%
COOPERATIVA DE CREDITO DO CENTRO DO ESTADO DE RONDONIA - SICOOB CENTRO;8044854;b3S;S5;I;2;JI-PARANA;RO;03/2021;NA;NA;NA;NA;114.248;565.301;0;NA;NA;NA;0;31.435;596.737;NA;NA%;NA%;19,15%;NA%;7,71%
COOPERATIVA DE CRÉDITO DE LIVRE ADMISSÃO DE ASSOCIADOS SUL CATARINENSE - SICOOB CREDISULCA SC;81367880;b3S;S5;I;2;TURVO;SC;03/2021;NA;NA;NA;NA;162.076;562.153;0;NA;NA;NA;0;32.682;594.836;NA;NA%;NA%;27,25%;NA%;4,98%
COOPERATIVA DE CRÉDITO DOS PROPRIETÁRIOS DA INDÚSTRIA DE ROCHAS ORNAMENTAIS, CAL E CALCÁRIOS DO ESTADO DO ESPÍRITO SANTO - SICOOB CREDIROCHAS;3358914;b3S;S5;I;2;CACHOEIRO DE ITAPEMIRIM;ES;03/2021;NA;NA;NA;NA;134.983;552.870;0;NA;NA;NA;0;38.078;590.948;NA;NA%;NA%;22,84%;NA%;4,91%
COOPERATIVA DE CRÉDITO, POUPANÇA E INVESTIMENTO GRANDES LAGOS DO PARANÁ E LITORAL PAULISTA - SICREDI GRANDES LAGOS PR/SP;81115149;b3S;S4;I;2;LARANJEIRAS DO SUL;PR;03/2021;112.140;0;112.140;0;112.140;553.756;0;0;308;0;308;31.334;585.398;910.803;19,16%;19,16%;19,16%;12,31%;9,54%
COOPERATIVA DE CRÉDITO DE LIVRE ADMISSÃO DO PONTAL DO TRIANGULO LTDA - SICOOB CREDIPONTAL;26178533;b3S;S5;I;2;ITUIUTABA;MG;03/2021;NA;NA;NA;NA;91.836;564.428;0;NA;NA;NA;0;20.332;584.760;NA;NA%;NA%;15,70%;NA%;1,23%
CREDIARE CFI - PRUDENCIAL;1000085427;n1;S4;C;2;FARROUPILHA;RS;03/2021;175.444;0;175.444;0;175.444;494.798;476;0;0;0;476;84.403;579.676;NA;30,27%;30,27%;30,27%;NA%;1,10%
COOPERATIVA DE CRÉDITO DE LIVRE ADMISSÃO DA REGIÃO METROPOLITANA DE GOIÂNIA LTDA.;7599206;b3S;S5;I;2;GOIANIA;GO;03/2021;NA;NA;NA;NA;151.385;548.949;0;NA;NA;NA;0;25.327;574.276;NA;NA%;NA%;26,36%;NA%;4,92%
COOPERATIVA DE CRÉDITO DE LIVRE ADMISSÃO DE ASSOCIADOS OESTE CATARINENSE;78825023;b3S;S5;I;2;PALMITOS;SC;03/2021;NA;NA;NA;NA;107.155;547.444;0;NA;NA;NA;0;22.426;569.870;NA;NA%;NA%;18,80%;NA%;14,73%
COOPERATIVA DE CRÉDITO CREDILIVRE LTDA. - SICOOB CREDILIVRE;41697103;b3S;S5;I;2;MANHUACU;MG;03/2021;NA;NA;NA;NA;114.952;530.304;0;NA;NA;NA;0;31.633;561.936;NA;NA%;NA%;20,46%;NA%;18,07%
COOPERATIVA DE CRÉDITO, POUPANÇA E INVESTIMENTO DO CERRADO DE GOIÁS - SICREDI CERRADO GO;6332931;b3S;S4;I;2;GOIANIA;GO;03/2021;106.005;0;106.005;0;106.005;534.898;0;0;283;0;283;23.017;558.198;917.329;18,99%;18,99%;18,99%;11,56%;12,58%
COOPERATIVA DE CRÉDITO UNICRED VALE EUROPEU SANTA CATARINA LTDA - UNICRED VALE EUROPEU;73443863;b3S;S5;I;2;BLUMENAU;SC;03/2021;NA;NA;NA;NA;88.274;528.088;0;NA;NA;NA;0;23.697;551.785;NA;NA%;NA%;16,00%;NA%;8,79%
BANCO TOPÁZIO S.A. - PRUDENCIAL;1000081517;b1;S4;I;3;PORTO ALEGRE;RS;03/2021;75.118;0;75.118;0;75.118;183.551;1.840;0;0;0;1.840;357.405;542.796;1.220.646;13,84%;13,84%;13,84%;6,15%;2,69%
COOPERATIVA CENTRAL DE CRÉDITO DO NORTE DO BRASIL - SICOOB NORTE;3502131;b3C;S4;I;2;PORTO VELHO;RO;03/2021;73.438;0;73.438;0;73.438;479.273;0;0;37.059;0;37.059;24.760;541.092;2.151.894;13,57%;13,57%;13,57%;3,41%;3,10%
HS FINANCEIRA - PRUDENCIAL;1000083522;n1;S4;C;2;DOIS IRMAOS;RS;03/2021;177.606;0;177.606;0;177.606;202.371;0;0;0;0;0;338.634;541.005;NA;32,83%;32,83%;32,83%;NA%;0,60%
COOPERATIVA DE CRÉDITO DOS EMPRESÁRIOS DE TRANSPORTES DO SUL DO BRASIL - TRANSPOCRED;8075352;b3S;S5;I;2;FLORIANOPOLIS;SC;03/2021;NA;NA;NA;NA;90.919;512.324;0;NA;NA;NA;0;23.094;535.417;NA;NA%;NA%;16,98%;NA%;5,51%
BMP SCMEPP LTDA - PRUDENCIAL;1000083292;n1;S5;C;2;SAO PAULO;SP;03/2021;NA;NA;NA;NA;34.709;486.444;0;NA;NA;NA;0;48.644;535.088;NA;NA%;NA%;6,49%;NA%;1,69%
COOPERATIVA DE CRÉDITO DA AMAZÔNIA - SICOOB AMAZÔNIA;5203605;b3S;S5;I;2;BURITIS;RO;03/2021;NA;NA;NA;NA;132.694;502.986;0;NA;NA;NA;0;30.672;533.658;NA;NA%;NA%;24,86%;NA%;14,42%
GUIDE INVESTIMENTOS - PRUDENCIAL;1000084837;n2;S4;C;3;SAO PAULO;SP;03/2021;32.401;0;32.401;0;32.401;77.910;0;0;14.073;170;14.242;438.654;530.806;NA;6,10%;6,10%;6,10%;NA%;55,28%
COOPERATIVA DE CRÉDITO, POUPANÇA E INVESTIMENTO NOVOS HORIZONTES - SICREDI NOVOS HORIZONTES PR/SP;7206072;b3S;S4;I;2;ARAPOTI;PR;03/2021;90.430;0;90.430;0;90.430;491.187;0;0;277;0;277;19.607;511.070;871.439;17,69%;17,69%;17,69%;10,38%;16,38%
COOPERATIVA DE CREDITO DE LIVRE ADMISSÃO DO SUL DE MINAS LTDA - SICOOB CREDIVASS;1604998;b3S;S5;I;2;SAO GONCALO DO SAPUCAI;MG;03/2021;NA;NA;NA;NA;94.274;473.716;0;NA;NA;NA;0;33.909;507.625;NA;NA%;NA%;18,57%;NA%;17,23%
CENTRAL DE COOPERATIVAS DE ECONOMIA E CRÉDITO MÚTUO DO ESTADO DO RIO GRANDE DO SUL LTDA - UNICRED CENTRAL RS;1634601;b3C;S4;I;2;PORTO ALEGRE;RS;03/2021;102.034;0;102.034;0;102.034;454.333;997;2;39.259;2.806;43.063;7.932;505.329;1.202.860;20,19%;20,19%;20,19%;8,48%;8,04%
SICREDI CEARÁ CENTRO NORTE - COOPERATIVA DE CRÉDITO DA REGIÃO CENTRO NORTE DO CEARÁ;72257793;b3S;S5;I;2;FORTALEZA;CE;03/2021;NA;NA;NA;NA;125.882;469.477;0;NA;NA;NA;0;31.324;500.801;NA;NA%;NA%;25,14%;NA%;6,49%
COOPERATIVA DE CRÉDITO, POUPANÇA E INVESTIMENTO VALOR SUSTENTÁVEL - SICREDI VALOR SUSTENTÁVEL PR/SP;81706616;b3S;S4;I;2;JANDAIA DO SUL;PR;03/2021;59.011;0;59.011;0;59.011;473.805;0;0;0;0;0;19.661;493.466;721.647;11,96%;11,96%;11,96%;8,18%;19,29%
COOPERATIVA DE CRÉDITO, POUPANÇA E INVESTIMENTO TERRA DOS PINHEIRAIS DO PARANÁ E NOROESTE PAULISTA - SICREDI PLANALTO DAS ÁGUAS PR/SP;77984870;b3S;S4;I;2;GUARAPUAVA;PR;03/2021;122.603;0;122.603;0;122.603;460.899;0;0;287;0;287;30.208;491.394;773.116;24,95%;24,95%;24,95%;15,86%;11,76%
COOPERATIVA DE CRÉDITO CREDICOCAPEC;67096909;b3S;S4;I;2;FRANCA;SP;03/2021;123.089;0;123.089;0;123.089;422.647;0;0;0;0;0;65.366;488.013;624.150;25,22%;25,22%;25,22%;19,72%;3,25%
COOPERATIVA DE CRÉDITO COM INTERAÇÃO SOLIDÁRIA DO VALE EUROPEU - CRESOL VALE EUROPEU;7512780;b3S;S5;I;2;AGUAS MORNAS;SC;03/2021;NA;NA;NA;NA;95.400;464.458;0;NA;NA;NA;0;17.549;482.007;NA;NA%;NA%;19,79%;NA%;8,93%
COOPERATIVA DE CRÉDITO DE LIVRE ADMISSÃO DE ASSOCIADOS DO PLANALTO CATARINENSE SICOOB CREDIPLANALTO SC/RS;1389651;b3S;S5;I;2;PAPANDUVA;SC;03/2021;NA;NA;NA;NA;78.821;458.449;0;NA;NA;NA;0;20.192;478.641;NA;NA%;NA%;16,47%;NA%;12,04%
COOPERATIVA DE CRÉDITO DE LIVRE ADMISSÃO DO MÉDIO LESTE DE MATO GROSSO - SICOOB PRIMAVERA MT;5241619;b3S;S5;I;2;PRIMAVERA DO LESTE;MT;03/2021;NA;NA;NA;NA;71.758;461.158;0;NA;NA;NA;0;12.842;474.000;NA;NA%;NA%;15,14%;NA%;8,99%
COOPERATIVA DE CRÉDITO DE LIVRE ADMISSÃO DO VALE - SICOOB CREDIVALE/SC;86829827;b3S;S5;I;2;BRACO DO NORTE;SC;03/2021;NA;NA;NA;NA;70.153;451.762;0;NA;NA;NA;0;18.366;470.128;NA;NA%;NA%;14,92%;NA%;26,97%
COOPERATIVA DE CRÉDITO DE LIVRE ADMISSÃO DA REGIÃO DO CIRCUITO CAMPOS DAS VERTENTES LTDA - SICOOB COPERMEC;2232383;b3S;S5;I;2;CLAUDIO;MG;03/2021;NA;NA;NA;NA;97.742;447.532;0;NA;NA;NA;0;20.619;468.151;NA;NA%;NA%;20,88%;NA%;13,74%
COOPERATIVA DE CRÉDITO, POUPANÇA E INVESTIMENTO DA REGIÃO CENTRO OESTE PAULISTA - SICREDI CENTRO OESTE PAULISTA;4463602;b3S;S4;I;2;MARILIA;SP;03/2021;84.843;0;84.843;0;84.843;436.657;0;0;210;0;210;28.993;465.861;786.018;18,21%;18,21%;18,21%;10,79%;16,47%
COOPERATIVA DE CRÉDITO DA FRONTEIRA SUL - SICREDI FRONTEIRA SUL RS;88530142;b3S;S4;I;2;BAGE;RS;03/2021;131.791;0;131.791;0;131.791;447.640;0;0;292;0;292;15.002;462.934;741.225;28,47%;28,47%;28,47%;17,78%;6,06%
COOPERATIVA DE CRÉDITO DE LIVRE ADMISSÃO DA REGIÃO CENTRAL E OESTE MINEIRO LTDA. - SICOOB DIVICRED;1736516;b3S;S5;I;2;DIVINOPOLIS;MG;03/2021;NA;NA;NA;NA;83.579;430.412;0;NA;NA;NA;0;23.960;454.373;NA;NA%;NA%;18,39%;NA%;10,21%
COOPERATIVA DE CRÉDITO - SICREDI RIO GRANDE DO NORTE;70038237;b3S;S5;I;2;NATAL;RN;03/2021;NA;NA;NA;NA;107.130;434.109;0;NA;NA;NA;0;19.167;453.276;NA;NA%;NA%;23,63%;NA%;11,83%
COOPERATIVA DE CRÉDITO COM INTERAÇÃO SOLIDÁRIA FRONTEIRAS PR/SC/SP/ES - CRESOL FRONTEIRAS PR/SC/SP/ES;5276770;b3S;S5;I;2;REALEZA;PR;03/2021;NA;NA;NA;NA;78.383;439.217;0;NA;NA;NA;0;13.547;452.764;NA;NA%;NA%;17,31%;NA%;7,71%
ATIVA S.A. CTCV - PRUDENCIAL;1000082547;n2;S4;I;2;RIO DE JANEIRO;RJ;03/2021;70.244;0;70.244;0;70.244;168.763;0;0;104.586;0;104.586;173.774;447.123;NA;15,71%;15,71%;15,71%;NA%;12,03%
COOPERATIVA DE CRÉDITO DE LIVRE ADMISSÃO DO OESTE MINEIRO LTDA. - SICOOB CREDICOPA;71297899;b3S;S5;I;2;PATOS DE MINAS;MG;03/2021;NA;NA;NA;NA;115.673;424.637;0;NA;NA;NA;0;18.630;443.267;NA;NA%;NA%;26,10%;NA%;17,18%
COOPERATIVA DE CRÉDITO DE LIVRE ADMISSÃO DO CENTRO NORTE DOS ESTADOS DE MATO GROSSO E MATO GROSSO DO SUL - SICOOB UNIÃO MT/MS;3326437;b3S;S5;I;2;CUIABA;MT;03/2021;NA;NA;NA;NA;58.262;417.169;0;NA;NA;NA;0;25.279;442.448;NA;NA%;NA%;13,17%;NA%;13,94%
BCO TRICURY S.A. - PRUDENCIAL;1000081696;b2;S4;I;2;SAO PAULO;SP;03/2021;241.951;0;241.951;0;241.951;358.268;0;0;0;0;0;81.354;439.622;581.068;55,04%;55,04%;55,04%;41,64%;0,10%
AGENCIA FOMENTO EST RJ S.A. - PRUDENCIAL;1000081139;n1;S4;C;1;RIO DE JANEIRO;RJ;03/2021;429.753;0;429.753;0;429.753;343.442;0;0;0;0;0;93.416;436.858;NA;98,37%;98,37%;98,37%;NA%;0,60%
SICOOB UNIMAIS MANTIQUEIRA - COOPERATIVA DE CRÉDITO DE LIVRE ADMISSÃO;71698674;b3S;S5;I;2;TAUBATE;SP;03/2021;NA;NA;NA;NA;64.491;404.475;0;NA;NA;NA;0;26.072;430.546;NA;NA%;NA%;14,98%;NA%;14,19%
AGORACRED S/A SCFI - PRUDENCIAL;1000083618;n1;S4;I;2;VITORIA;ES;03/2021;59.891;0;59.891;0;59.891;184.811;0;0;0;0;0;244.139;428.951;NA;13,96%;13,96%;13,96%;NA%;8,69%
BANCO KOMATSU DO BRASIL - PRUDENCIAL;1000084576;b2;S4;I;3;SAO PAULO;SP;03/2021;111.115;0;111.115;0;111.115;397.663;0;0;0;0;0;29.495;427.158;453.691;26,01%;26,01%;26,01%;24,49%;0,55%
COOPERATIVA DE CRÉDITO DO NORTE E NOROESTE DE MINAS GERAIS LTDA. - SICOOB CREDIGERAIS;698609;b3S;S5;I;2;PARACATU;MG;03/2021;NA;NA;NA;NA;116.696;403.686;0;NA;NA;NA;0;23.290;426.976;NA;NA%;NA%;27,33%;NA%;6,79%
MS BANK S.A. BCO CÂMBIO - PRUDENCIAL;1000081294;b2;S4;I;2;CURITIBA;PR;03/2021;44.282;0;44.282;0;44.282;31.941;215.343;0;3.425;0;218.767;174.562;425.270;634.666;10,41%;10,41%;10,41%;6,98%;1,77%
COOPERATIVA DE CRÉDITO DO NORTE DE RONDÔNIA LTDA. - CREDISIS CREDIARI;3222753;b3S;S5;I;2;ARIQUEMES;RO;03/2021;NA;NA;NA;NA;221.454;397.799;0;NA;NA;NA;0;23.756;421.554;NA;NA%;NA%;52,53%;NA%;4,89%
COOPERATIVA DE CRÉDITO ALTO VALE DO ITAJAÍ - SICOOB ALTO VALE;80959612;b3S;S5;I;2;RIO DO SUL;SC;03/2021;NA;NA;NA;NA;64.540;401.657;0;NA;NA;NA;0;18.352;420.009;NA;NA%;NA%;15,37%;NA%;4,87%
PORTOCRED S.A. - CFI - PRUDENCIAL;1000083560;n1;S4;I;2;PORTO ALEGRE;RS;03/2021;72.445;0;72.445;16.864;89.309;369.858;0;0;0;0;0;49.334;419.193;NA;17,28%;17,28%;21,31%;NA%;6,90%
COOPERATIVA DE CRÉDITO, POUPANÇA E INVESTIMENTO INTEGRAÇÃO - SICREDI INTEGRAÇÃO PR/SC;81054686;b3S;S4;I;2;LAPA;PR;03/2021;84.810;0;84.810;0;84.810;373.606;0;0;297;0;297;43.225;417.129;902.032;20,33%;20,33%;20,33%;9,40%;8,38%
COOPERATIVA CENTRAL DE CRÉDITO RURAL COM INTERAÇÃO SOLIDÁRIA - CRESOL CENTRAL SC/RS;7202627;b3C;S4;I;2;CHAPECO;SC;03/2021;56.192;0;56.192;0;56.192;353.142;2;1;410;1;414;59.413;412.969;1.899.698;13,61%;13,61%;13,61%;2,96%;4,23%
UNIPRIME ALLIANCE - COOPERATIVA DE ECONOMIA E CRÉDITO MÚTUO;1736243;b3S;S5;I;2;CASCAVEL;PR;03/2021;NA;NA;NA;NA;74.313;396.362;0;NA;NA;NA;0;16.424;412.786;NA;NA%;NA%;18,00%;NA%;8,57%
COOPERATIVA DE CRÉDITO DE LIVRE ADMISSÃO DE ASSOCIADOS - SICOOB CREDICARU SC/RS;694389;b3S;S5;I;2;SAO JOSE DO CERRITO;SC;03/2021;NA;NA;NA;NA;106.416;391.295;0;NA;NA;NA;0;19.559;410.854;NA;NA%;NA%;25,90%;NA%;4,58%
COOPERATIVA DE CRÉDITO COOPACREDI LTDA. - SICOOB COOPACREDI;65229254;b3S;S5;I;2;PATROCINIO;MG;03/2021;NA;NA;NA;NA;90.280;388.350;0;NA;NA;NA;0;16.486;404.837;NA;NA%;NA%;22,30%;NA%;27,98%
COOPERATIVA DE CRÉDITO DE LIVRE ADMISSÃO DA UNIÃO DOS VALES DO PIRANGA E MATIPÓ LTDA.   SICOOB UNIÃO;1060307;b3S;S5;I;2;RAUL SOARES;MG;03/2021;NA;NA;NA;NA;66.364;377.748;0;NA;NA;NA;0;22.725;400.473;NA;NA%;NA%;16,57%;NA%;27,09%
COOPERATIVA DE CRÉDITO DE LIVRE ADMISSÃO DO LESTE DE MINAS LTDA. - SICOOB CREDICAF;25395435;b3S;S5;I;2;LAJINHA;MG;03/2021;NA;NA;NA;NA;68.387;379.830;0;NA;NA;NA;0;20.342;400.172;NA;NA%;NA%;17,09%;NA%;10,01%
FATOR - PRUDENCIAL;1000080350;b1;S4;C;2;SAO PAULO;SP;03/2021;55.126;0;55.126;0;55.126;177.891;92.792;0;15.763;12.891;121.445;99.918;399.255;473.148;13,81%;13,81%;13,81%;11,65%;18,38%
COOPERATIVA DE CRÉDITO UNICRED CENTRAL MULTIRREGIONAL LTDA. - UCM;184068;b3C;S4;I;2;BELO HORIZONTE;MG;03/2021;93.085;0;93.085;0;93.085;352.517;1.381;3;31.927;3.883;37.194;7.768;397.479;1.456.945;23,42%;23,42%;23,42%;6,39%;0,35%
COOPERATIVA DE CRÉDITO DE LIVRE ADMISSÃO DA PARAÍBA - SICOOB PARAÍBA;11907520;b3S;S5;I;2;CAMPINA GRANDE;PB;03/2021;NA;NA;NA;NA;108.439;366.692;0;NA;NA;NA;0;28.510;395.202;NA;NA%;NA%;27,44%;NA%;7,76%
VIC DTVM S/A - PRUDENCIAL;1000084002;n2;S4;I;2;RIO DE JANEIRO;RJ;03/2021;130.348;0;130.348;0;130.348;13.335;0;0;0;367.778;367.778;11.917;393.031;NA;33,16%;33,16%;33,16%;NA%;0,19%
COOPERATIVA DE CRÉDITO DE LIVRE ADMISSÃO DO VALE DO PARANAÍBA LTDA.;24799033;b3S;S5;I;2;QUIRINOPOLIS;GO;03/2021;NA;NA;NA;NA;111.718;371.358;0;NA;NA;NA;0;21.589;392.947;NA;NA%;NA%;28,43%;NA%;9,76%
COOPERATIVA DE ECONOMIA E CRÉDITO MÚTUO UNICRED PONTO CAPITAL - UNICRED PONTO CAPITAL.;2641032;b3S;S5;I;2;SANTA MARIA;RS;03/2021;NA;NA;NA;NA;52.729;374.488;0;NA;NA;NA;0;16.346;390.834;NA;NA%;NA%;13,49%;NA%;18,34%
COOPERATIVA DE CRÉDITO ORIGINAL - SICOOB ORIGINAL;81292278;b3S;S5;I;2;SAO LOURENCO D'OESTE;SC;03/2021;NA;NA;NA;NA;66.423;373.657;0;NA;NA;NA;0;16.972;390.629;NA;NA%;NA%;17,00%;NA%;19,05%
UNIPRIME CENTRO-OESTE DO BRASIL - COOPERATIVA DE CRÉDITO;73647935;b3S;S5;I;2;CAMPO GRANDE;MS;03/2021;NA;NA;NA;NA;120.162;371.164;0;NA;NA;NA;0;19.044;390.208;NA;NA%;NA%;30,79%;NA%;7,87%
WESTERN UNION - PRUDENCIAL;1000080886;b1;S4;C;3;SAO PAULO;SP;03/2021;141.200;0;141.200;0;141.200;60.559;34.632;0;4.600;0;39.231;290.154;389.945;163.931;36,21%;36,21%;36,21%;86,13%;13,05%
COOPERATIVA DE CREDITO CREDISUDESTE LTDA. - SICOOB CREDISUDESTE;22656789;b3S;S5;I;2;MURIAE;MG;03/2021;NA;NA;NA;NA;55.256;359.887;0;NA;NA;NA;0;28.374;388.262;NA;NA%;NA%;14,23%;NA%;26,33%
COOPERATIVA DE CRÉDITO DE LIVRE ADMISSÃO DE ASSOCIADOS ITAPIRANGA - SICOOB CREDITAPIRANGA SC/RS;78483310;b3S;S5;I;2;ITAPIRANGA;SC;03/2021;NA;NA;NA;NA;50.107;378.044;0;NA;NA;NA;0;9.675;387.718;NA;NA%;NA%;12,92%;NA%;20,69%
COOPERATIVA DE CRÉDITO COM INTERAÇÃO SOLIDÁRIA INTEGRAÇÃO - CRESOL INTEGRAÇÃO;7268499;b3S;S5;I;2;TOLEDO;PR;03/2021;NA;NA;NA;NA;56.079;375.404;0;NA;NA;NA;0;10.103;385.507;NA;NA%;NA%;14,55%;NA%;6,09%
COOPERATIVA DE CRÉDITO NOSSOCRÉDITO LTDA - SICOOB NOSSOCRÉDITO;22760839;b3S;S5;I;2;SAO SEBASTIAO DO PARAISO;MG;03/2021;NA;NA;NA;NA;76.671;356.661;0;NA;NA;NA;0;21.119;377.780;NA;NA%;NA%;20,30%;NA%;22,30%
COOPERATIVA DE CRÉDITO INTEGRADO - SICOOB INTEGRADO;7122321;b3S;S5;I;2;PATO BRANCO;PR;03/2021;NA;NA;NA;NA;45.122;352.489;0;NA;NA;NA;0;24.909;377.397;NA;NA%;NA%;11,96%;NA%;28,58%
COOPERATIVA DE CRÉDITO DE LIVRE ADMISSÃO DO VALE DO ARAGUAIA LTDA.;24830879;b3S;S5;I;2;MINEIROS;GO;03/2021;NA;NA;NA;NA;199.902;357.108;0;NA;NA;NA;0;19.018;376.126;NA;NA%;NA%;53,15%;NA%;2,46%
COOPERATIVA DE ECONOMIA E CRÉDITO MÚTUO DOS MÉDICOS DOS VALES DO TAQUARI E RIO PARDO E REGIÃO DA PRODUÇÃO LTDA;1635462;b3S;S5;I;2;LAJEADO;RS;03/2021;NA;NA;NA;NA;64.760;360.644;0;NA;NA;NA;0;13.223;373.867;NA;NA%;NA%;17,32%;NA%;5,65%
DEUTSCHE SPARKASSEN LEASING DO BRASIL - PRUDENCIAL;1000084545;b2;S4;I;3;SAO PAULO;SP;03/2021;77.018;0;77.018;0;77.018;329.710;9.121;0;0;0;9.121;34.208;373.038;340.815;20,65%;20,65%;20,65%;22,60%;0,28%
COOPERATIVA DE CRÉDITO COM INTERAÇÃO SOLIDÁRIA TRADIÇÃO - CRESOL TRADIÇÃO;4350225;b3S;S5;I;2;FRANCISCO BELTRAO;PR;03/2021;NA;NA;NA;NA;76.532;362.347;0;NA;NA;NA;0;9.937;372.283;NA;NA%;NA%;20,56%;NA%;7,41%
COOPERATIVA DE CRÉDITO CREDIVERTENTES LTDA. - SICOOB CREDIVERTENTES;22724710;b3S;S5;I;2;SAO TIAGO;MG;03/2021;NA;NA;NA;NA;62.842;343.327;0;NA;NA;NA;0;23.167;366.494;NA;NA%;NA%;17,15%;NA%;10,49%
SINGULARE CTVM - PRUDENCIAL;1000085386;n2;S4;I;2;SAO PAULO;SP;03/2021;60.058;0;60.058;0;60.058;94.482;3.634;0;0;0;3.634;268.099;366.215;NA;16,40%;16,40%;16,40%;NA%;14,08%
COOPERATIVA DE CRÉDITO DE LIVRE ADMISSÃO SICOOB ARENITO;7026923;b3S;S5;I;2;UMUARAMA;PR;03/2021;NA;NA;NA;NA;50.323;349.964;0;NA;NA;NA;0;15.810;365.774;NA;NA%;NA%;13,76%;NA%;25,44%
COOPERATIVA DE CRÉDITO SICREDI PERNAMBUCRED;4146333;b3S;S5;I;2;RECIFE;PE;03/2021;NA;NA;NA;NA;92.152;335.181;0;NA;NA;NA;0;29.931;365.112;NA;NA%;NA%;25,24%;NA%;8,08%
COOPERATIVA DE CREDITO NOSSO - SICOOB NOSSO;59869560;b3S;S5;I;2;ADAMANTINA;SP;03/2021;NA;NA;NA;NA;80.062;345.089;0;NA;NA;NA;0;15.971;361.060;NA;NA%;NA%;22,17%;NA%;8,21%
COOPERATIVA DE CRÉDITO DOS PROFISSIONAIS DA ÁREA DA SAÚDE E DE LIVRE ADMISSÃO LTDA - UNICRED ALIANÇA;70937271;b3S;S5;I;2;UBERLANDIA;MG;03/2021;NA;NA;NA;NA;48.648;340.040;0;NA;NA;NA;0;18.584;358.624;NA;NA%;NA%;13,57%;NA%;10,38%
COOPERATIVA DE CRÉDITO RURAL COOPAVEL;76461557;b3S;S5;I;2;CASCAVEL;PR;03/2021;NA;NA;NA;NA;98.958;343.998;0;NA;NA;NA;0;8.700;352.698;NA;NA%;NA%;28,06%;NA%;0,07%
ANDBANK - PRUDENCIAL;1000081256;b1;S4;C;3;SAO PAULO;SP;03/2021;33.863;0;33.863;0;33.863;112.019;15.408;0;112.751;0;128.159;110.262;350.439;380.863;9,66%;9,66%;9,66%;8,89%;10,87%
COOPERATIVA DE CRÉDITO DO NOROESTE DE MINAS LTDA. - SICOOB NOROESTE DE MINAS;86564051;b3S;S5;I;2;UNAI;MG;03/2021;NA;NA;NA;NA;74.740;333.594;0;NA;NA;NA;0;16.394;349.989;NA;NA%;NA%;21,36%;NA%;5,05%
BRK S.A. CFI - PRUDENCIAL;1000083601;n1;S4;I;2;SAO PAULO;SP;03/2021;-12.938;3.166;-9.772;12.540;2.768;311.742;0;0;12.207;0;12.207;25.885;349.835;NA;-3,70%;-2,79%;0,79%;NA%;20,71%
COOPERATIVA DE CRÉDITO DE LIVRE ADMISSÃO DE BELO HORIZONTE E CIDADES POLO DO ESTADO DE MINAS GERAIS LTDA. - SICOOB NOSSACOOP;1760242;b3S;S5;I;2;BELO HORIZONTE;MG;03/2021;NA;NA;NA;NA;47.825;327.550;0;NA;NA;NA;0;20.894;348.445;NA;NA%;NA%;13,73%;NA%;26,38%
SICOOB UNIMAIS METROPOLITANA - COOPERATIVA DE CRÉDITO DE LIVRE ADMISSÃO;259231;b3S;S5;I;2;SANTOS;SP;03/2021;NA;NA;NA;NA;71.108;320.824;0;NA;NA;NA;0;24.660;345.484;NA;NA%;NA%;20,58%;NA%;7,09%
COOPERATIVA DE CRÉDITO E ECONOMIA COM INTERAÇÃO SOLIDÁRIA DO NOROESTE - CRESOL NOROESTE RS/PE/CE;2663426;b3S;S5;I;2;CONSTANTINA;RS;03/2021;NA;NA;NA;NA;56.007;333.092;0;NA;NA;NA;0;10.340;343.432;NA;NA%;NA%;16,31%;NA%;16,59%
COOPERATIVA DE CRÉDITO DA FOZ DO RIO ITAJAÍ AÇU - CREDIFOZ;9512539;b3S;S5;I;2;ITAJAI;SC;03/2021;NA;NA;NA;NA;78.668;315.482;0;NA;NA;NA;0;26.707;342.189;NA;NA%;NA%;22,99%;NA%;6,79%
COOPERATIVA DE CRÉDITO, POUPANÇA E INVESTIMENTO SICREDI RECIFE - SICREDI RECIFE;70241658;b3S;S5;I;2;RECIFE;PE;03/2021;NA;NA;NA;NA;78.067;310.597;0;NA;NA;NA;0;29.822;340.419;NA;NA%;NA%;22,93%;NA%;6,77%
COOPERATIVA DE CRÉDITO SUL-LITORÂNEA DO ESPÍRITO SANTO;32474884;b3S;S5;I;2;ALFREDO CHAVES;ES;03/2021;NA;NA;NA;NA;111.188;311.684;0;NA;NA;NA;0;24.473;336.157;NA;NA%;NA%;33,08%;NA%;1,79%
COOPERATIVA DE CRÉDITO DE LIVRE ADMISSÃO DO VALE DO MACHADO - CREDISIS JICRED;2309070;b3S;S5;I;2;JI-PARANA;RO;03/2021;NA;NA;NA;NA;106.911;312.423;0;NA;NA;NA;0;23.664;336.087;NA;NA%;NA%;31,81%;NA%;4,25%
MIRAE CCTVM LTDA. - PRUDENCIAL;1000082932;n2;S4;I;3;SAO PAULO;SP;03/2021;269.926;0;269.926;0;269.926;73.082;7.896;0;91.309;50.957;150.163;112.308;335.553;NA;80,44%;80,44%;80,44%;NA%;1,38%
COOPERATIVA DE CRÉDITO CREDINOR LTDA - SICOOB CREDINOR;21866694;b3S;S5;I;2;MONTES CLAROS;MG;03/2021;NA;NA;NA;NA;78.342;302.493;0;NA;NA;NA;0;27.506;329.999;NA;NA%;NA%;23,74%;NA%;17,63%
COOPERATIVA DE CRÉDITO COM INTERAÇÃO SOLIDÁRIA LIDERANÇA - CRESOL LIDERANÇA;2934201;b3S;S5;I;2;CHOPINZINHO;PR;03/2021;NA;NA;NA;NA;68.377;319.320;0;NA;NA;NA;0;8.922;328.242;NA;NA%;NA%;20,83%;NA%;12,96%
COOPERATIVA DE CRÉDITO CREDISG LTDA. - SICOOB CREDISG;3645752;b3S;S5;I;2;SAO GOTARDO;MG;03/2021;NA;NA;NA;NA;83.132;313.215;0;NA;NA;NA;0;12.230;325.446;NA;NA%;NA%;25,54%;NA%;7,67%
COOPERATIVA DE CRÉDITO DE LIVRE ADMISSÃO DO ESTADO DE SÃO PAULO - SICOOB PAULISTA;10262276;b3S;S5;I;2;PRESIDENTE PRUDENTE;SP;03/2021;NA;NA;NA;NA;53.948;301.918;0;NA;NA;NA;0;22.930;324.849;NA;NA%;NA%;16,61%;NA%;10,84%
COOPERATIVA DE CRÉDITO COOCRELIVRE;53935029;b3S;S4;I;2;ORLANDIA;SP;03/2021;148.389;0;148.389;0;148.389;266.429;0;0;0;0;0;57.580;324.008;451.807;45,80%;45,80%;45,80%;32,84%;1,35%
TULLETT PREBON BRASIL S.A. CTVM - PRUDENCIAL;1000082619;n2;S4;C;3;SAO PAULO;SP;03/2021;88.727;0;88.727;0;88.727;70.591;0;0;347;21;368;247.334;318.294;NA;27,88%;27,88%;27,88%;NA%;4,90%
COOPERATIVA DE CRÉDITO DE LIVRE ADMISSÃO DE ASSOCIADOS VALE DO CHAPECOZINHO - SICOOB VALCREDI SUL;2090126;b3S;S5;I;2;PASSOS MAIA;SC;03/2021;NA;NA;NA;NA;61.607;300.549;0;NA;NA;NA;0;17.469;318.018;NA;NA%;NA%;19,37%;NA%;10,25%
COOPERATIVA DE CRÉDITO DE LIVRE ADMISSÃO TRÊS FRONTEIRAS - SICOOB TRÊS FRONTEIRAS;4876393;b3S;S5;I;2;FOZ DO IGUACU;PR;03/2021;NA;NA;NA;NA;42.974;295.458;0;NA;NA;NA;0;21.809;317.267;NA;NA%;NA%;13,55%;NA%;15,55%
COOPERATIVA DE CRÉDITO DE LIVRE ADMISSÃO DE SÃO ROQUE DE MINAS LTDA.   SICOOB SAROMCREDI;66402207;b3S;S5;I;2;SAO ROQUE DE MINAS;MG;03/2021;NA;NA;NA;NA;57.881;298.898;0;NA;NA;NA;0;16.402;315.300;NA;NA%;NA%;18,36%;NA%;30,22%
BCO WOORI BANK DO BRASIL S.A. - PRUDENCIAL;1000081823;b1;S4;I;3;SAO PAULO;SP;03/2021;108.034;0;108.034;0;108.034;271.090;0;0;0;0;0;43.721;314.811;1.022.116;34,32%;34,32%;34,32%;10,57%;1,64%
COOPERATIVA DE CRÉDITO DE LIVRE ADMISSÃO UNIÃO E NEGÓCIOS - SICOOB INTEGRAÇÃO;8742188;b3S;S5;I;2;CUIABA;MT;03/2021;NA;NA;NA;NA;62.106;285.565;0;NA;NA;NA;0;26.619;312.184;NA;NA%;NA%;19,89%;NA%;9,18%
COOPERATIVA DE CRÉDITO RURAL COM INTERAÇÃO SOLIDÁRIA CENTRO-SUL RS/MS - CRESOL CENTRO-SUL RS/MS;2910987;b3S;S5;I;2;ERECHIM;RS;03/2021;NA;NA;NA;NA;70.887;297.803;0;NA;NA;NA;0;11.656;309.459;NA;NA%;NA%;22,91%;NA%;11,81%
COOPERATIVA DE CRÉDITO DE LIVRE ADMISSÃO DE ITAÚNA E REGIÃO LTDA - SICOOB CENTRO-OESTE;66463407;b3S;S5;I;2;ITAUNA;MG;03/2021;NA;NA;NA;NA;83.329;293.806;0;NA;NA;NA;0;15.652;309.458;NA;NA%;NA%;26,93%;NA%;6,79%
CSILATINA A.M. S.A. - PRUDENCIAL;1000082970;n1;S4;I;3;BARUERI;SP;03/2021;81.671;0;81.671;0;81.671;135.904;880;0;88.498;0;89.379;84.085;309.367;NA;26,40%;26,40%;26,40%;NA%;0,72%
COOPERATIVA DE ECONOMIA E CRÉDITO MÚTUO UNICRED ELEVA LTDA.;95163002;b3S;S5;I;2;SANTO ANGELO;RS;03/2021;NA;NA;NA;NA;41.204;296.546;0;NA;NA;NA;0;11.642;308.188;NA;NA%;NA%;13,37%;NA%;8,02%
COOPERATIVA DE CRÉDITO SICOOB ALIANÇA;6174009;b3S;S5;I;2;APUCARANA;PR;03/2021;NA;NA;NA;NA;63.799;287.329;0;NA;NA;NA;0;20.232;307.561;NA;NA%;NA%;20,74%;NA%;9,46%
COOPERATIVA DE CRÉDITO DO NORTE CATARINENSE - ACREDICOOP;3461243;b3S;S5;I;2;JOINVILLE;SC;03/2021;NA;NA;NA;NA;42.727;286.840;0;NA;NA;NA;0;18.476;305.316;NA;NA%;NA%;13,99%;NA%;21,13%
COOPERATIVA DE CRÉDITO COM INTERAÇÃO SOLIDÁRIA UNIÃO DOS PINHAIS - CRESOL UNIÃO DOS PINHAIS;2446089;b3S;S5;I;2;CORONEL VIVIDA;PR;03/2021;NA;NA;NA;NA;53.029;295.006;0;NA;NA;NA;0;9.965;304.971;NA;NA%;NA%;17,39%;NA%;15,07%
UNIPRIME PIONEIRA COOPERATIVA DE CRÉDITO;1286361;b3S;S5;I;2;TOLEDO;PR;03/2021;NA;NA;NA;NA;62.340;288.939;0;NA;NA;NA;0;16.005;304.944;NA;NA%;NA%;20,44%;NA%;22,65%
WESTERN ASSET DTVM LTDA. - PRUDENCIAL;1000083900;n2;S4;I;3;SAO PAULO;SP;03/2021;103.767;0;103.767;0;103.767;72.353;1.800;0;7.717;0;9.517;220.148;302.018;NA;34,36%;34,36%;34,36%;NA%;3,06%
COOPERATIVA DE CRÉDITO DE LIVRE ADMISSÃO DE  LAGOA DA PRATA E REGIÃO LTDA.   SICOOB LAGOACRED GERAIS;1739375;b3S;S5;I;2;LAGOA DA PRATA;MG;03/2021;NA;NA;NA;NA;60.582;283.261;0;NA;NA;NA;0;17.592;300.852;NA;NA%;NA%;20,14%;NA%;11,34%
COOPERATIVA DE CRÉDITO DE LIVRE ADMISSÃO DO VALE DO PARANAPANEMA;1637949;b3S;S5;I;2;PRESIDENTE PRUDENTE;SP;03/2021;NA;NA;NA;NA;79.233;281.050;0;NA;NA;NA;0;19.551;300.601;NA;NA%;NA%;26,36%;NA%;8,99%
AGENCIA FOMENTO GOIAS - PRUDENCIAL;1000081050;n1;S4;C;1;GOIANIA;GO;03/2021;192.070;0;192.070;0;192.070;251.004;0;0;0;0;0;47.146;298.150;NA;64,42%;64,42%;64,42%;NA%;2,10%
BGC LIQUIDEZ DTVM LTDA - PRUDENCIAL;1000084033;n2;S4;I;3;RIO DE JANEIRO;RJ;03/2021;65.097;0;65.097;0;65.097;33.573;0;0;5.416;0;5.416;258.592;297.582;NA;21,88%;21,88%;21,88%;NA%;4,57%
COOPERATIVA DE CRÉDITO DOS PROFISSIONAIS DOS CREAS E DEMAIS ÁREAS TECNOLÓGICAS - CREDCREA;5979692;b3S;S5;I;2;FLORIANOPOLIS;SC;03/2021;NA;NA;NA;NA;63.337;274.962;0;NA;NA;NA;0;20.077;295.039;NA;NA%;NA%;21,47%;NA%;5,13%
COOPERATIVA DE CRÉDITO CREDINTER LTDA. - SICOOB CREDINTER;24048910;b3S;S5;I;2;GUARANESIA;MG;03/2021;NA;NA;NA;NA;65.218;278.944;0;NA;NA;NA;0;15.859;294.803;NA;NA%;NA%;22,12%;NA%;5,49%
COOPERATIVA DE CRÉDITO RURAL E ECONOMIA COM INTERAÇÃO SOLIDÁRIA DO PLANALTO SERRA DO RIO GRANDE DO SUL - CRESOL PLANALTO SERRA;5863726;b3S;S5;I;2;SANANDUVA;RS;03/2021;NA;NA;NA;NA;41.238;282.104;0;NA;NA;NA;0;11.297;293.401;NA;NA%;NA%;14,06%;NA%;9,25%
COOPERATIVA DE CRÉDITO CREDCOOPER LTDA - SICOOB CREDCOOPER;19449602;b3S;S5;I;2;CARATINGA;MG;03/2021;NA;NA;NA;NA;54.813;274.663;0;NA;NA;NA;0;18.594;293.257;NA;NA%;NA%;18,69%;NA%;5,53%
F D GOLD DTVM LTDA - PRUDENCIAL;1000083993;n2;S4;I;2;SAO PAULO;SP;03/2021;10.111;0;10.111;0;10.111;13.310;197.251;0;0;0;197.251;77.718;288.279;NA;3,51%;3,51%;3,51%;NA%;20,07%
STARA FINANCEIRA S.A. - CFI - PRUDENCIAL;1000083711;n1;S5;I;2;NAO-ME-TOQUE;RS;03/2021;NA;NA;NA;NA;81.323;280.655;0;NA;NA;NA;0;7.576;288.232;NA;NA%;NA%;28,21%;NA%;0,08%
COOPERATIVA DE POUPANÇA E CRÉDITO DO VALE DO RIO DOCE LTDA - SICOOB CREDIRIODOCE;25606237;b3S;S5;I;2;GOVERNADOR VALADARES;MG;03/2021;NA;NA;NA;NA;54.254;266.803;0;NA;NA;NA;0;19.551;286.354;NA;NA%;NA%;18,95%;NA%;10,61%
PLANNER - PRUDENCIAL;1000080587;n1;S4;C;2;SAO PAULO;SP;03/2021;26.019;0;26.019;0;26.019;111.299;0;0;15.057;3.361;18.418;152.492;282.208;NA;9,22%;9,22%;9,22%;NA%;20,53%
CONCORDIA SA CVMC COMMODITIES - PRUDENCIAL;1000082822;n2;S4;I;2;SAO PAULO;SP;03/2021;23.677;0;23.677;0;23.677;67.212;0;0;12.621;20.471;33.092;180.856;281.160;NA;8,42%;8,42%;8,42%;NA%;40,86%
COOPERATIVA DE CRÉDITO SICREDI ARACAJU;2923389;b3S;S5;I;2;ARACAJU;SE;03/2021;NA;NA;NA;NA;73.816;266.364;0;NA;NA;NA;0;13.628;279.992;NA;NA%;NA%;26,36%;NA%;11,21%
COOPERATIVA DE CRÉDITO CREDIBOM LTDA. - SICOOB CREDIBOM;21670187;b3S;S5;I;2;BOM DESPACHO;MG;03/2021;NA;NA;NA;NA;58.776;261.254;0;NA;NA;NA;0;17.974;279.228;NA;NA%;NA%;21,05%;NA%;23,41%
COOPERATIVA DE CRÉDITO DE LIVRE ADMISSÃO DE ASSOCIADOS VALE DO RIO DO PEIXE - SICOOB CREDIRIO SC;78865995;b3S;S5;I;2;JOACABA;SC;03/2021;NA;NA;NA;NA;31.178;267.049;0;NA;NA;NA;0;10.617;277.666;NA;NA%;NA%;11,23%;NA%;20,28%
EASYNVEST - TÍTULO CV SA - PRUDENCIAL;1000082877;n2;S4;I;2;SAO PAULO;SP;03/2021;11.008;0;11.008;0;11.008;30.540;0;0;6.863;0;6.863;239.210;276.613;NA;3,98%;3,98%;3,98%;NA%;74,49%
COOPERATIVA DE CRÉDITO SICOOB COOPMIL;62673470;b3S;S4;I;2;SAO PAULO;SP;03/2021;140.300;0;140.300;0;140.300;186.891;0;0;1.241;0;1.241;87.937;276.068;289.686;50,82%;50,82%;50,82%;48,43%;4,45%
COOPERATIVA DE CRÉDITO MÚTUO DOS EMPREGADOS DA EMBRAER - COOPEREMB;46642294;b3S;S5;I;2;SAO JOSE DOS CAMPOS;SP;03/2021;NA;NA;NA;NA;298.948;251.697;0;NA;NA;NA;0;21.611;273.307;NA;NA%;NA%;109,38%;NA%;2,54%
COOPERATIVA DE CREDITO CREDIMOTA   SICOOB CREDIMOTA;66788142;b3S;S5;I;2;CANDIDO MOTA;SP;03/2021;NA;NA;NA;NA;46.329;258.914;0;NA;NA;NA;0;12.403;271.316;NA;NA%;NA%;17,08%;NA%;17,06%
COOPERATIVA DE CRÉDITO CREDIFOR LTDA - SICOOB CREDIFOR;41931445;b3S;S5;I;2;FORMIGA;MG;03/2021;NA;NA;NA;NA;42.715;255.836;0;NA;NA;NA;0;15.221;271.056;NA;NA%;NA%;15,76%;NA%;21,60%
COOPERATIVA DE CREDITO COOPLIVRE;49389307;b3S;S5;I;2;CAPIVARI;SP;03/2021;NA;NA;NA;NA;44.221;248.471;0;NA;NA;NA;0;19.290;267.760;NA;NA%;NA%;16,52%;NA%;35,35%
COOPERATIVA DE CRÉDITO DE LIVRE ADMISSÃO E DOS TRANSPORTADORES RODOVIÁRIOS DE VEÍCULOS - SICOOB CREDCEG;7789195;b3S;S5;I;2;SAO BERNARDO DO CAMPO;SP;03/2021;NA;NA;NA;NA;86.774;249.900;0;NA;NA;NA;0;14.238;264.137;NA;NA%;NA%;32,85%;NA%;0,58%
COOPERATIVA DE CRÉDITO CREDIFIEMG LTDA. - SICOOB CREDIFIEMG;7469260;b3S;S5;I;2;BELO HORIZONTE;MG;03/2021;NA;NA;NA;NA;45.283;255.444;0;NA;NA;NA;0;8.293;263.737;NA;NA%;NA%;17,17%;NA%;2,99%
COOPERATIVA DE CRÉDITO COM INTERAÇÃO SOLIDÁRIA OESTE CATARINENSE - CRESOL OESTE CATARINENSE;3965737;b3S;S5;I;2;XAXIM;SC;03/2021;NA;NA;NA;NA;33.636;253.465;0;NA;NA;NA;0;8.899;262.363;NA;NA%;NA%;12,82%;NA%;6,83%
COOPERATIVA DE CRÉDITO CREDISETE LTDA. - SICOOB CREDISETE;22753982;b3S;S5;I;2;SETE LAGOAS;MG;03/2021;NA;NA;NA;NA;52.406;243.990;0;NA;NA;NA;0;16.954;260.945;NA;NA%;NA%;20,08%;NA%;37,97%
BCO KEB DO BRASIL SA - PRUDENCIAL;1000081232;b1;S4;I;3;SAO PAULO;SP;03/2021;154.246;0;154.246;0;154.246;209.692;11.073;0;0;0;11.073;40.043;260.808;1.187.690;59,14%;59,14%;59,14%;12,99%;0,49%
COOPERATIVA DE CRÉDITO CREDIUNA LTDA - SICOOB CREDIUNA;64237530;b3S;S5;I;2;ITAUNA;MG;03/2021;NA;NA;NA;NA;60.343;238.195;0;NA;NA;NA;0;19.045;257.240;NA;NA%;NA%;23,46%;NA%;13,53%
COOPERATIVA DE CRÉDITO DA REGIÃO DO CONTESTADO - CIVIA;10218474;b3S;S5;I;2;SAO BENTO DO SUL;SC;03/2021;NA;NA;NA;NA;45.808;238.362;0;NA;NA;NA;0;18.620;256.982;NA;NA%;NA%;17,83%;NA%;13,40%
FINAMAX S.A. CFI - PRUDENCIAL;1000083436;n1;S5;I;2;JUNDIAI;SP;03/2021;NA;NA;NA;NA;57.180;230.260;0;NA;NA;NA;0;26.331;256.591;NA;NA%;NA%;22,28%;NA%;0,98%
COOPERATIVA DE CRÉDITO DE LIVRE ADMISSÃO SICOOB UNIMAIS CENTRO LESTE PAULISTA - SICOOB UNIMAIS CENTRO LESTE PAULISTA;1259518;b3S;S5;I;2;RIO CLARO;SP;03/2021;NA;NA;NA;NA;38.121;241.136;0;NA;NA;NA;0;14.062;255.197;NA;NA%;NA%;14,94%;NA%;12,29%
COOPERATIVA DE CRÉDITO DE LIVRE ADMISSÃO DE ASSOCIADOS NOVA TRENTO   SICOOB TRENTOCREDI SC;2641969;b3S;S5;I;2;NOVA TRENTO;SC;03/2021;NA;NA;NA;NA;79.346;237.144;0;NA;NA;NA;0;17.555;254.699;NA;NA%;NA%;31,15%;NA%;11,31%
COOPERATIVA CENTRAL DE CREDITO RURAL COM INTERAÇÃO SOLIDÁRIA   CENTRAL CRESOL SICOPER;21198087;b3C;S4;I;2;PASSO FUNDO;RS;03/2021;45.012;0;45.012;0;45.012;244.039;29;24;588;21;661;9.185;253.885;1.527.113;17,73%;17,73%;17,73%;2,95%;1,95%
COOPERATIVA DE ECONOMIA E CRÉDITO MÚTUO DOS EMPREGADOS DE FURNAS E DAS DEMAIS EMPRESAS DO SISTEMA ELETROBRÁS LTDA. - SICOOB CECREMEF;33370115;b3S;S5;I;2;RIO DE JANEIRO;RJ;03/2021;NA;NA;NA;NA;48.288;242.338;0;NA;NA;NA;0;11.542;253.880;NA;NA%;NA%;19,02%;NA%;21,09%
COOPERATIVA DE CRÉDITO, INVESTIMENTO E SERVIÇOS FINANCEIROS SICOOB UNI SUDESTE;86389236;b3S;S5;I;2;UBA;MG;03/2021;NA;NA;NA;NA;55.568;240.820;0;NA;NA;NA;0;12.989;253.809;NA;NA%;NA%;21,89%;NA%;9,50%
COOPERATIVA DE ECONOMIA E CRÉDITO MÚTUO DOS PROFISSIONAIS DA SAÚDE DA REGIÃO DA ALTA MOGIANA - SICOOB CREDIMOGIANA;69346856;b3S;S5;I;2;FRANCA;SP;03/2021;NA;NA;NA;NA;42.075;240.665;0;NA;NA;NA;0;12.906;253.570;NA;NA%;NA%;16,59%;NA%;6,69%
COOPERATIVA DE CRÉDITO DA REGIÃO DO SUDOESTE DO PARANÁ - EVOLUA;10311218;b3S;S5;I;2;FRANCISCO BELTRAO;PR;03/2021;NA;NA;NA;NA;38.143;241.186;0;NA;NA;NA;0;11.666;252.853;NA;NA%;NA%;15,08%;NA%;15,44%
COOPERATIVA DE CRÉDITO DE LIVRE ADMISSÃO DO NORTE DE MATO GROSSO - SICOOB NORTE MT;23623636;b3S;S5;I;2;SINOP;MT;03/2021;NA;NA;NA;NA;42.413;243.015;0;NA;NA;NA;0;9.793;252.808;NA;NA%;NA%;16,78%;NA%;11,38%
GAZIN - PRUDENCIAL;1000080824;n1;S4;C;2;DOURADINA;PR;03/2021;80.477;0;80.477;0;80.477;126.291;0;0;0;0;0;126.036;252.326;NA;31,89%;31,89%;31,89%;NA%;0,30%
COOPERATIVA DE CRÉDITO CREDSAOPAULO - SICOOB CREDSAOPAULO;2197569;b3S;S5;I;2;SAO JOSE DOS CAMPOS;SP;03/2021;NA;NA;NA;NA;32.917;233.075;0;NA;NA;NA;0;15.526;248.601;NA;NA%;NA%;13,24%;NA%;21,05%
COOPERATIVA DE CRÉDITO DE LIVRE ADMISSÃO DA GRANDE GOIÂNIA LTDA.;10209619;b3S;S5;I;2;GOIANIA;GO;03/2021;NA;NA;NA;NA;92.757;233.823;0;NA;NA;NA;0;13.669;247.492;NA;NA%;NA%;37,48%;NA%;5,89%
COOPERATIVA DE CRÉDITO DE LIVRE ADMISSÃO DE ASSOCIADOS DO MEIO OESTE CATARINENSE - SICOOB CREDIMOC SC;80959638;b3S;S5;I;2;XANXERE;SC;03/2021;NA;NA;NA;NA;28.411;236.578;0;NA;NA;NA;0;10.012;246.590;NA;NA%;NA%;11,52%;NA%;36,67%
COOPERATIVA DE CRÉDITO COM INTERAÇÃO SOLIDÁRIA PROGRESSO - CRESOL PROGRESSO;2448310;b3S;S5;I;2;CASCAVEL;PR;03/2021;NA;NA;NA;NA;29.857;239.754;0;NA;NA;NA;0;5.908;245.662;NA;NA%;NA%;12,15%;NA%;11,39%
BBC LEASING - PRUDENCIAL;1000084480;n1;S4;C;3;SAO PAULO;SP;03/2021;42.338;0;42.338;0;42.338;181.229;0;0;0;0;0;64.218;245.447;NA;17,25%;17,25%;17,25%;NA%;0,11%
COOPERATIVA DE CRÉDITO DE LIVRE ADMISSÃO DE CONSELHEIRO PENA E REGIÃO LTDA. - SICOOB CREDICOPE;38588174;b3S;S5;I;2;CONSELHEIRO PENA;MG;03/2021;NA;NA;NA;NA;43.088;231.780;0;NA;NA;NA;0;12.548;244.328;NA;NA%;NA%;17,64%;NA%;12,25%
COOPERATIVA DE CRÉDITO COM INTERAÇÃO SOLIDÁRIA DE MINAS GERAIS - CRESOL MINAS GERAIS;8624548;b3S;S5;I;2;MURIAE;MG;03/2021;NA;NA;NA;NA;43.380;236.135;0;NA;NA;NA;0;7.360;243.495;NA;NA%;NA%;17,82%;NA%;7,92%
COOPERATIVA DE CRÉDITO DE LIVRE ADMISSÃO DE ASSOCIADOS CAMPOS NOVOS - SICOOB CAMPOS NOVOS;78862083;b3S;S5;I;2;CAMPOS NOVOS;SC;03/2021;NA;NA;NA;NA;44.041;231.558;0;NA;NA;NA;0;11.266;242.823;NA;NA%;NA%;18,14%;NA%;5,52%
SANTINVEST - PRUDENCIAL;1000080446;n1;S5;I;2;FLORIANOPOLIS;SC;03/2021;NA;NA;NA;NA;126.116;227.792;0;NA;NA;NA;0;13.753;241.544;NA;NA%;NA%;52,21%;NA%;0,97%
TODESCREDI S/A - CFI - PRUDENCIAL;1000083546;n1;S5;I;2;BENTO GONCALVES;RS;03/2021;NA;NA;NA;NA;55.776;226.588;0;NA;NA;NA;0;13.929;240.517;NA;NA%;NA%;23,19%;NA%;0,10%
COOPERATIVA DE CRÉDITO DA REGIÃO DE ARAXÁ LTDA. - SICOOB CREDIARA;66398496;b3S;S5;I;2;ARAXA;MG;03/2021;NA;NA;NA;NA;51.217;227.762;0;NA;NA;NA;0;12.042;239.804;NA;NA%;NA%;21,36%;NA%;34,52%
COOPERATIVA DE CRÉDITO POUPANÇA E INVESTIMENTO DA ALTA NOROESTE DE SÃO PAULO - SICREDI ALTA NOROESTE SP;4484490;b3S;S4;I;2;BIRIGUI;SP;03/2021;42.862;0;42.862;0;42.862;225.969;0;0;70;0;70;13.119;239.158;375.748;17,92%;17,92%;17,92%;11,41%;12,41%
COOPERATIVA DE CRÉDITO DE LIVRE ADMISSÃO DE SANTO ANTÔNIO DO MONTE LTDA.   SICOOB CREDIMONTE;41707258;b3S;S5;I;2;SANTO ANTONIO DO MONTE;MG;03/2021;NA;NA;NA;NA;37.400;226.118;0;NA;NA;NA;0;12.809;238.927;NA;NA%;NA%;15,65%;NA%;27,34%
COOPERATIVA DE CRÉDITO COM INTERAÇÃO SOLIDÁRIA HORIZONTE - CRESOL HORIZONTE;5277312;b3S;S5;I;2;UNIAO DA VITORIA;PR;03/2021;NA;NA;NA;NA;41.911;230.186;0;NA;NA;NA;0;8.292;238.479;NA;NA%;NA%;17,57%;NA%;19,79%
COOPERATIVA DE CRÉDITO DE LIVRE ADMISSÃO DAS MICRO-REGIÕES DE GOIÂNIA E ANÁPOLIS LTDA;2935307;b3S;S5;I;2;GOIANIA;GO;03/2021;NA;NA;NA;NA;126.789;217.502;0;NA;NA;NA;0;20.394;237.896;NA;NA%;NA%;53,30%;NA%;1,22%
COOPERATIVA DE CRÉDITO DE LIVRE ADMISSÃO MÉDIO OESTE - SICOOB MÉDIO OESTE;7318874;b3S;S5;I;2;ASSIS CHATEAUBRIAND;PR;03/2021;NA;NA;NA;NA;34.309;225.519;0;NA;NA;NA;0;10.644;236.163;NA;NA%;NA%;14,53%;NA%;14,70%
COOPERATIVA DE CRÉDITO CREDICARPA LTDA. - SICOOB CREDICARPA;23949522;b3S;S5;I;2;CARMO DO PARANAIBA;MG;03/2021;NA;NA;NA;NA;91.470;223.299;0;NA;NA;NA;0;12.796;236.094;NA;NA%;NA%;38,74%;NA%;5,85%
LEBES FINANCEIRA S.A. - CFI - PRUDENCIAL;1000083656;n1;S5;I;2;ELDORADO;RS;03/2021;NA;NA;NA;NA;51.597;206.132;0;NA;NA;NA;0;27.188;233.320;NA;NA%;NA%;22,11%;NA%;0,07%
COOPERATIVA DE CRÉDITO MÚTUO SERRA MAR LTDA. - UNICRED SERRA MAR;86803939;b3S;S5;I;2;NOVA IGUACU;RJ;03/2021;NA;NA;NA;NA;30.275;217.369;0;NA;NA;NA;0;14.141;231.510;NA;NA%;NA%;13,08%;NA%;22,79%
SICREDI NORTE - COOPERATIVA DE CRÉDITO;83315408;b3S;S5;I;2;BELEM;PA;03/2021;NA;NA;NA;NA;41.716;219.659;0;NA;NA;NA;0;11.837;231.496;NA;NA%;NA%;18,02%;NA%;33,59%
COOPERATIVA DE CRÉDITO COM INTERAÇÃO SOLIDÁRIA UNIÃO DOS VALES - CRESOL UNIÃO DOS VALES;5231945;b3S;S5;I;2;IVAIPORA;PR;03/2021;NA;NA;NA;NA;44.308;222.642;0;NA;NA;NA;0;8.667;231.308;NA;NA%;NA%;19,16%;NA%;7,99%
COOPERATIVA DE CRÉDITO DE LIVRE ADMISSÃO DE PERNAMBUCO - SICOOB PERNAMBUCO;3732359;b3S;S5;I;2;SAO JOSE DO EGITO;PE;03/2021;NA;NA;NA;NA;45.071;207.680;0;NA;NA;NA;0;22.666;230.346;NA;NA%;NA%;19,57%;NA%;18,92%
COOPERATIVA  DE CRÉDITO DE LIVRE ADMISSÃO DE ASSOCIADOS UNIRONDÔNIA LTDA;1664968;b3S;S5;I;2;PORTO VELHO;RO;03/2021;NA;NA;NA;NA;45.187;212.587;0;NA;NA;NA;0;15.664;228.250;NA;NA%;NA%;19,80%;NA%;18,91%
COOPERATIVA DE ECONOMIA E CRÉDITO MÚTUO BRF - CREDIBRF;82096447;b3S;S5;I;2;CURITIBA;PR;03/2021;NA;NA;NA;NA;154.417;218.451;0;NA;NA;NA;0;9.273;227.724;NA;NA%;NA%;67,81%;NA%;0,14%
COOPERATIVA DE CRÉDITO DE LIVRE ADMISSÃO DO TRIÂNGULO MINEIRO E SUDESTE DE GOIÁS LTDA. - SICOOB ARACREDI;68987;b3S;S5;I;2;ARAGUARI;MG;03/2021;NA;NA;NA;NA;40.273;217.401;0;NA;NA;NA;0;10.214;227.614;NA;NA%;NA%;17,69%;NA%;10,19%
COOPERATIVA DE CRÉDITO MÚTUO DOS ADVOGADOS DE SANTA CATARINA;5861932;b3S;S5;I;2;SAO JOSE;SC;03/2021;NA;NA;NA;NA;43.277;209.760;0;NA;NA;NA;0;13.821;223.581;NA;NA%;NA%;19,36%;NA%;4,48%
COOPERATIVA DE CRÉDITO DOS SERVIDORES MILITARES, POLÍCIA CIVIL E DA SECRETARIA DE EDUCAÇÃO DO ESTADO DE MINAS GERAIS LTDA - SICOOB COOPEMG;3269540;b3S;S5;I;2;BELO HORIZONTE;MG;03/2021;NA;NA;NA;NA;43.265;211.971;0;NA;NA;NA;0;10.745;222.715;NA;NA%;NA%;19,43%;NA%;3,91%
BCO ARBI S.A. - PRUDENCIAL;1000081201;b1;S4;I;2;RIO DE JANEIRO;RJ;03/2021;44.302;0;44.302;0;44.302;192.395;0;0;0;1.066;1.066;27.990;221.452;637.519;20,01%;20,01%;20,01%;6,95%;20,51%
CREDIALIANÇA COOPERATIVA DE CRÉDITO RURAL;78157146;b3S;S5;I;2;ROLANDIA;PR;03/2021;NA;NA;NA;NA;42.017;216.798;0;NA;NA;NA;0;4.524;221.321;NA;NA%;NA%;18,98%;NA%;10,18%
COOPERATIVA DE CRÉDITO RURAL COM INTERAÇÃO SOLIDÁRIA DE IBIRAIARAS - CRESOL NORDESTE;6139650;b3S;S5;I;2;IBIRAIARAS;RS;03/2021;NA;NA;NA;NA;24.397;214.334;0;NA;NA;NA;0;6.560;220.894;NA;NA%;NA%;11,04%;NA%;33,01%
COOPERATIVA DE CRÉDITO DE LIVRE ADMISSÃO DA REGIÃO LESTE DA BACIA DO RIO DOCE LTDA   SICOOB CREDILESTE;5158093;b3S;S5;I;2;CARATINGA;MG;03/2021;NA;NA;NA;NA;48.294;210.841;0;NA;NA;NA;0;9.857;220.698;NA;NA%;NA%;21,88%;NA%;21,26%
VIA CERTA CFI - PRUDENCIAL;1000080831;n1;S4;I;2;SANTO CRISTO;RS;03/2021;40.223;0;40.223;0;40.223;202.778;0;0;0;0;0;16.238;219.016;NA;18,37%;18,37%;18,37%;NA%;22,82%
COOPERATIVA DE CRÉDITO UNICRED REGIÃO DOS VALES LTDA. - UNICRED REGIÃO DOS VALES;1796302;b3S;S5;I;2;NOVO HAMBURGO;RS;03/2021;NA;NA;NA;NA;32.843;205.938;0;NA;NA;NA;0;12.528;218.466;NA;NA%;NA%;15,03%;NA%;11,00%
COOPERATIVA DE CRÉDITO DE LIVRE ADMISSÃO DA REGIÃO DE FRUTAL LTDA.   SICOOB FRUTAL;71419600;b3S;S5;I;2;FRUTAL;MG;03/2021;NA;NA;NA;NA;65.892;206.827;0;NA;NA;NA;0;10.867;217.694;NA;NA%;NA%;30,27%;NA%;6,26%
COOPERATIVA DE CRÉDITO RURAL COM INTERAÇÃO SOLIDÁRIA GERAÇÕES - CRESOL GERAÇÕES;4622657;b3S;S5;I;2;TENENTE PORTELA;RS;03/2021;NA;NA;NA;NA;31.324;207.036;0;NA;NA;NA;0;7.547;214.583;NA;NA%;NA%;14,60%;NA%;21,15%
COOPERATIVA DE ECONOMIA E CRÉDITO MÚTUO DOS INTEGRANTES DO MINISTÉRIO PÚBLICO E DA DEFENSORIA PÚBLICA NO ESTADO DO RIO DE JANEIRO LIMITADA. - SICOOB COMPERJ;4694278;b3S;S5;I;2;RIO DE JANEIRO;RJ;03/2021;NA;NA;NA;NA;43.020;205.185;0;NA;NA;NA;0;8.088;213.273;NA;NA%;NA%;20,17%;NA%;14,94%
COOPERATIVA DE CRÉDITO DE LIVRE ADMISSÃO DO ALTO SÃO FRANCISCO LTDA.;41805003;b3S;S5;I;2;PIUMHI;MG;03/2021;NA;NA;NA;NA;33.457;203.884;0;NA;NA;NA;0;8.346;212.230;NA;NA%;NA%;15,76%;NA%;36,57%
SOCIEDADE COOPERATIVA DE CRÉDITO COOPERE LTDA.  - SICOOB COOPERE;73398646;b3S;S5;I;2;VALENTE;BA;03/2021;NA;NA;NA;NA;53.567;192.446;0;NA;NA;NA;0;18.647;211.093;NA;NA%;NA%;25,38%;NA%;8,11%
NEGRESCO S.A. - CFI - PRUDENCIAL;1000083450;n1;S5;I;2;CURITIBA;PR;03/2021;NA;NA;NA;NA;81.777;156.452;0;NA;NA;NA;0;54.300;210.752;NA;NA%;NA%;38,80%;NA%;0,85%
COOPERATIVA DE CRÉDITO DE LIVRE ADMISSÃO DA REGIÃO CENTRAL DE RONDÔNIA   SICOOB OUROCREDI;2144899;b3S;S5;I;2;OURO PRETO DO OESTE;RO;03/2021;NA;NA;NA;NA;56.760;197.288;0;NA;NA;NA;0;13.178;210.466;NA;NA%;NA%;26,97%;NA%;7,00%
SICREDI CREDUNI - COOPERATIVA DE ECONOMIA E CRÉDITO MÚTUO DOS SERV DAS INST PÚBLICAS DE ENSINO SUPERIOR DO ESTADO DA PARAÍBA E DAS DEMAIS INSTITUIÇÕES E ÓRGÃOS PÚBLICOS NO ESTADO DA PARAIBA LTDA.;3428338;b3S;S5;I;2;CAMPINA GRANDE;PB;03/2021;NA;NA;NA;NA;80.197;183.869;0;NA;NA;NA;0;25.456;209.324;NA;NA%;NA%;38,31%;NA%;2,33%
COOPERATIVA DE CREDITO DE LIVRE ADMISSAO DO VALE DO AÇO LTDA - SICOOB VALE DO AÇO;19869338;b3S;S5;I;2;IPATINGA;MG;03/2021;NA;NA;NA;NA;59.464;190.478;0;NA;NA;NA;0;16.744;207.222;NA;NA%;NA%;28,70%;NA%;12,41%
COOPERATIVA CENTRAL DE CRÉDITO DE GOIÁS LTDA;33416108;b3C;S4;I;2;GOIANIA;GO;03/2021;31.881;0;31.881;0;31.881;180.375;0;0;64;0;64;25.337;205.775;1.509.046;15,49%;15,49%;15,49%;2,11%;23,33%
SENFFNET IP - PRUDENCIAL;1000083670;b1;S4;I;2;CURITIBA;PR;03/2021;59.032;0;59.032;0;59.032;123.247;0;0;7;0;7;81.912;205.166;44.385;28,77%;28,77%;28,77%;133,00%;0,00%
FINSOL SCMEPP S.A. - PRUDENCIAL;1000083340;n1;S4;I;3;RECIFE;PE;03/2021;28.060;0;28.060;0;28.060;102.574;0;0;19.532;0;19.532;82.240;204.345;NA;13,73%;13,73%;13,73%;NA%;1,88%
COOPERATIVA DE CRÉDITO E CAPTAÇÃO SICOOB UNICIDADES;3047549;b3S;S5;I;2;RIO VERDE;GO;03/2021;NA;NA;NA;NA;54.666;190.063;0;NA;NA;NA;0;13.776;203.839;NA;NA%;NA%;26,82%;NA%;9,88%
COOPERATIVA DE CRÉDITO SICOOB CRED-ACIF;4013172;b3S;S5;I;2;FRANCA;SP;03/2021;NA;NA;NA;NA;28.344;192.494;0;NA;NA;NA;0;10.991;203.485;NA;NA%;NA%;13,93%;NA%;9,90%
COOPERATIVA DE ECONOMIA E CRÉDITO MÚTUO UNICRED REGIÃO DA CAMPANHA LTDA - UNICRED REGIÃO DA CAMPANHA;1705236;b3S;S5;I;2;SANTANA DO LIVRAMENTO;RS;03/2021;NA;NA;NA;NA;45.340;191.644;0;NA;NA;NA;0;10.931;202.575;NA;NA%;NA%;22,38%;NA%;6,22%
COOPERATIVA CENTRAL DE ECONOMIA E CRÉDITO MÚTUO  - SICOOB UNIMAIS;73085573;b3C;S4;I;2;SAO PAULO;SP;03/2021;24.523;0;24.523;0;24.523;171.442;0;0;18.195;0;18.195;11.992;201.629;759.167;12,16%;12,16%;12,16%;3,23%;8,54%
TERRA INVESTIMENTOS DTVM - PRUDENCIAL;1000084514;n2;S4;C;2;SAO PAULO;SP;03/2021;32.942;0;32.942;0;32.942;81.347;3.820;0;4.792;1.733;10.345;109.856;201.548;NA;16,34%;16,34%;16,34%;NA%;15,09%
COOPERATIVA DE CRÉDITO TEIXEIRA DE FREITAS LTDA. - SICOOB EXTREMO SUL;2447120;b3S;S5;I;2;TEIXEIRA DE FREITAS;BA;03/2021;NA;NA;NA;NA;97.812;183.854;0;NA;NA;NA;0;16.128;199.983;NA;NA%;NA%;48,91%;NA%;1,67%
COOPERATIVA DE CRÉDITO DA REGIÃO DE FRONTEIRAS DE RO/MT LTDA. - SICOOB FRONTEIRAS;3612764;b3S;S5;I;2;CACOAL;RO;03/2021;NA;NA;NA;NA;47.358;188.043;0;NA;NA;NA;0;11.581;199.624;NA;NA%;NA%;23,72%;NA%;15,82%
CREDISIS - CENTRAL DE COOPERATIVAS DE CRÉDITO LTDA.;4632856;b3C;S4;I;2;JI-PARANA;RO;03/2021;41.996;0;41.996;0;41.996;191.346;0;0;230;0;230;7.150;198.726;542.313;21,13%;21,13%;21,13%;7,74%;17,76%
COOPERATIVA DE CRÉDITO CREDIMATA LTDA. - SICOOB CREDIMATA;1152097;b3S;S5;I;2;VOLTA GRANDE;MG;03/2021;NA;NA;NA;NA;41.010;181.369;0;NA;NA;NA;0;16.346;197.715;NA;NA%;NA%;20,74%;NA%;17,17%
SINOSSERRA FINANCEIRA S/A - PRUDENCIAL;1000084552;n1;S4;C;2;NOVO HAMBURGO;RS;03/2021;31.045;0;31.045;0;31.045;142.340;0;0;0;0;0;53.588;195.929;NA;15,85%;15,85%;15,85%;NA%;16,26%
COOPERATIVA CENTRAL DE ECONOMIA E CRÉDITO MÚTUO DAS UNICREDS DO ESTADO DO RIO DE JANEIRO E DO MATO GROSSO LTDA   UNICRED CENTRAL RJ/MT;86774775;b3C;S4;I;2;RIO DE JANEIRO;RJ;03/2021;32.845;0;32.845;0;32.845;177.892;0;0;12.129;0;12.129;5.637;195.658;433.897;16,79%;16,79%;16,79%;7,57%;1,54%
COOPERATIVA DE CREDITO DE LIVRE ADMISSAO DO CENTRO NORDESTE MINEIRO LTDA - SICOOB CREDICENM;2173447;b3S;S5;I;2;GUANHAES;MG;03/2021;NA;NA;NA;NA;36.237;184.776;0;NA;NA;NA;0;10.512;195.288;NA;NA%;NA%;18,56%;NA%;9,96%
COOPERATIVA DE ECONOMIA E CRÉDITO MÚTUO DOS MÉDICOS E DEMAIS PROFISSIONAIS DA SAÚDE, ENGENHARIA, ARQUITETURA, CONTABILIDADE, ADMINISTRAÇÃO, ECONOMIA E EMPRESÁRIOS DE ERECHIM LTDA;1572667;b3S;S5;I;2;ERECHIM;RS;03/2021;NA;NA;NA;NA;33.802;187.389;0;NA;NA;NA;0;6.630;194.019;NA;NA%;NA%;17,42%;NA%;3,78%
CENTRAL DAS COOPERATIVAS DE CRÉDITO DOS ESTADOS DE MATO GROSSO, MATO GROSSO DO SUL E DO MUNICÍPIO DE CACOAL/RO - SICOOB CENTRAL RONDON;106180;b3C;S4;I;2;CUIABA;MT;03/2021;41.844;0;41.844;0;41.844;155.151;0;0;10.992;0;10.992;27.543;193.687;754.591;21,60%;21,60%;21,60%;5,55%;8,77%
SICOOB CREDINOVA - COOPERATIVA DE CRÉDITO DE LIVRE ADMISSÃO DE NOVA SERRANA E REGIÃO CENTRO-OESTE LTDA.;1667766;b3S;S5;I;2;NOVA SERRANA;MG;03/2021;NA;NA;NA;NA;49.194;180.021;0;NA;NA;NA;0;12.536;192.557;NA;NA%;NA%;25,55%;NA%;12,12%
BCO KDB BRASIL S.A. - PRUDENCIAL;1000081603;b1;S4;C;3;SAO PAULO;SP;03/2021;283.197;0;283.197;0;283.197;116.120;1.097;0;0;0;1.097;74.196;191.413;1.902.085;147,95%;147,95%;147,95%;14,89%;0,18%
COOPERATIVA DE CRÉDITO CREDILUZ LTDA. - SICOOB CREDILUZ;25536764;b3S;S5;I;2;LUZ;MG;03/2021;NA;NA;NA;NA;29.042;182.494;0;NA;NA;NA;0;8.916;191.410;NA;NA%;NA%;15,17%;NA%;20,63%
COOPERATIVA DE CRÉDITO, POUPANÇA E INVESTIMENTO DE ARARAQUARA E REGIÃO - SICREDI CENTRO NORTE SP;73113243;b3S;S4;I;2;ARARAQUARA;SP;03/2021;34.579;0;34.579;0;34.579;177.578;0;0;75;0;75;13.407;191.060;318.537;18,10%;18,10%;18,10%;10,86%;10,14%
COOPERATIVA DE CRÉDITO DOS INTEGRANTES DO PODER JUDICIÁRIO E DO MINISTÉRIO PÚBLICO DO ESTADO DE MINAS GERAIS LTDA. - SICOOB JUS-MP;3519240;b3S;S5;I;2;BELO HORIZONTE;MG;03/2021;NA;NA;NA;NA;57.957;180.161;0;NA;NA;NA;0;10.450;190.612;NA;NA%;NA%;30,41%;NA%;1,13%
COOPERATIVA DE CRÉDITO COM INTERAÇÃO SOLIDÁRIA DO VALE DAS ARAUCÁRIAS- CRESOL VALE DAS ARAUCÁRIAS;6126780;b3S;S5;I;2;GUARAPUAVA;PR;03/2021;NA;NA;NA;NA;28.926;182.361;0;NA;NA;NA;0;6.564;188.925;NA;NA%;NA%;15,31%;NA%;15,81%
COOPERATIVA DE CRÉDITO DE LIVRE ADMISSÃO DO ESTADO DO RIO DE JANEIRO - SICOOB FLUMINENSE;2931668;b3S;S5;I;2;CAMPOS DOS GOYTACAZES;RJ;03/2021;NA;NA;NA;NA;44.616;171.799;0;NA;NA;NA;0;15.543;187.342;NA;NA%;NA%;23,82%;NA%;15,07%
COOPERATIVA DE CRÉDITO DO DISTRITO FEDERAL E ENTORNO LTDA;1187961;b3S;S5;I;2;BRASILIA;DF;03/2021;NA;NA;NA;NA;24.393;176.199;0;NA;NA;NA;0;10.725;186.924;NA;NA%;NA%;13,05%;NA%;9,83%
COOPERATIVA DE CRÉDITO COM INTERAÇÃO SOLIDÁRIA VALE DAS ÁGUAS - CRESOL VALE DAS ÁGUAS;4663561;b3S;S5;I;2;LARANJEIRAS DO SUL;PR;03/2021;NA;NA;NA;NA;41.117;179.575;0;NA;NA;NA;0;7.172;186.747;NA;NA%;NA%;22,02%;NA%;8,17%
CHG-MERIDIAN DO BRASIL AM S.A. - PRUDENCIAL;1000082994;n1;S4;I;3;BARUERI;SP;03/2021;59.488;0;59.488;0;59.488;167.715;2.414;0;0;0;2.414;16.284;186.412;NA;31,91%;31,91%;31,91%;NA%;1,97%
COOPERATIVA DE CREDITO DE LIVRE ADMISSÃO DO VALE DO SÃO PATRICIO LTDA.;968602;b3S;S5;I;2;GOIANESIA;GO;03/2021;NA;NA;NA;NA;103.452;177.227;0;NA;NA;NA;0;8.385;185.612;NA;NA%;NA%;55,74%;NA%;2,47%
COOPERATIVA DE CRÉDITO DE LIVRE ADMISSÃO LTDA. - SICOOB CREDIJUSTRA;37079720;b3S;S5;I;2;BRASILIA;DF;03/2021;NA;NA;NA;NA;30.939;171.419;0;NA;NA;NA;0;13.927;185.347;NA;NA%;NA%;16,69%;NA%;7,27%
COOPERATIVA DE CRÉDITO DE LIVRE ADMISSÃO DE POMPÉU LTDA. - SICOOB CREDIPÉU;66262643;b3S;S5;I;2;POMPEU;MG;03/2021;NA;NA;NA;NA;42.774;175.806;0;NA;NA;NA;0;8.344;184.150;NA;NA%;NA%;23,23%;NA%;5,23%
COOPERATIVA DE CRÉDITO DO RIO GRANDE DO NORTE - SICOOB RIO GRANDE DO NORTE;4138455;b3S;S5;I;2;NATAL;RN;03/2021;NA;NA;NA;NA;46.277;171.252;0;NA;NA;NA;0;12.682;183.934;NA;NA%;NA%;25,16%;NA%;5,84%
COOPERATIVA DE CRÉDITO DE PRODUTORES RURAIS E DE LIVRE ADMISSÃO DO TRIÂNGULO LTDA    SICOOB CREDITRIL;41669227;b3S;S5;I;2;UBERLANDIA;MG;03/2021;NA;NA;NA;NA;45.365;172.603;0;NA;NA;NA;0;11.098;183.701;NA;NA%;NA%;24,69%;NA%;29,14%
COOPERATIVA DE CRÉDITO CREDIRAMA LTDA - SICOOB CREDIRAMA;3412878;b3S;S5;I;2;ITURAMA;MG;03/2021;NA;NA;NA;NA;45.233;174.037;0;NA;NA;NA;0;9.663;183.701;NA;NA%;NA%;24,62%;NA%;5,99%
COOPERATIVA DE CRÉDITO, POUPANÇA E INVESTIMENTO DO NOROESTE DO ESTADO DE SÃO PAULO - SICREDI NOROESTE SP;3065046;b3S;S4;I;2;SAO JOSE DO RIO PRETO;SP;03/2021;36.576;0;36.576;0;36.576;162.620;0;0;110;0;110;20.061;182.792;308.933;20,01%;20,01%;20,01%;11,84%;16,79%
SICOOB AC CREDI - COOPERATIVA DE CRÉDITO DE LIVRE ADMISSÃO DO LESTE E NORDESTE MINEIRO LTDA.;1559914;b3S;S5;I;2;GOVERNADOR VALADARES;MG;03/2021;NA;NA;NA;NA;39.027;169.191;0;NA;NA;NA;0;13.569;182.760;NA;NA%;NA%;21,35%;NA%;19,04%
COOPERATIVA DE CRÉDITO DE LIVRE ADMISSÃO DA REGIÃO DO ALTO SÃO FRANCISCO LTDA. - SICOOB CREDIPRATA;26178111;b3S;S5;I;2;LAGOA DA PRATA;MG;03/2021;NA;NA;NA;NA;39.678;172.020;0;NA;NA;NA;0;9.889;181.909;NA;NA%;NA%;21,81%;NA%;33,15%
COOPERATIVA DE CRÉDITO CREDIJEQUITINHONHA LTDA. - SICOOB CREDIJEQUITINHONHA;71243034;b3S;S5;I;2;CAPELINHA;MG;03/2021;NA;NA;NA;NA;53.364;170.018;0;NA;NA;NA;0;11.694;181.712;NA;NA%;NA%;29,37%;NA%;23,37%
CENTRAL DAS COOPERATIVAS DE CRÉDITO DO NORDESTE - SICOOB CENTRAL NE;70116611;b3C;S4;I;2;JOAO PESSOA;PB;03/2021;35.308;0;35.308;0;35.308;138.590;0;0;23.539;0;23.539;18.043;180.171;490.419;19,60%;19,60%;19,60%;7,20%;14,03%
COOPERATIVA DE CRÉDITO DO VALE DO ITAJAÍ E VALE DO ITAPOCÚ - SICOOB MULTICREDI;2883398;b3S;S5;I;2;BLUMENAU;SC;03/2021;NA;NA;NA;NA;49.351;167.581;0;NA;NA;NA;0;10.986;178.567;NA;NA%;NA%;27,64%;NA%;2,93%
COOPERATIVA DE CREDITO, POUPANCA E INVESTIMENTO DO RIO DE JANEIRO - SICREDI RIO RJ;72128440;b3S;S4;I;2;RIO DE JANEIRO;RJ;03/2021;63.453;0;63.453;0;63.453;165.587;0;0;99;0;99;12.713;178.399;310.511;35,57%;35,57%;35,57%;20,44%;20,14%
TRANSFERWISE BRASIL CC - PRUDENCIAL;1000085647;n2;S4;C;2;SAO PAULO;SP;03/2021;17.729;0;17.729;0;17.729;6.090;90.333;0;0;0;90.333;80.958;177.381;NA;9,99%;9,99%;9,99%;NA%;0,00%
COOPERATIVA DE CRÉDITO DE LIVRE ADMISSÃO UNIÃO DO CENTRO OESTE DE MINAS LTDA - SICOOB CREDESP;1703620;b3S;S5;I;2;BOM DESPACHO;MG;03/2021;NA;NA;NA;NA;28.415;168.042;0;NA;NA;NA;0;9.117;177.159;NA;NA%;NA%;16,04%;NA%;5,50%
COOPERATIVA DE CRÉDITO COM INTERAÇÃO SOLIDÁRIA DE RONDÔNIA - CRESOL RONDÔNIA;10520232;b3S;S5;I;2;JI-PARANA;RO;03/2021;NA;NA;NA;NA;32.692;169.794;0;NA;NA;NA;0;7.336;177.130;NA;NA%;NA%;18,46%;NA%;13,71%
COOPERATIVA DE CRÉDITO RURAL COM INTERAÇÃO SOLIDÁRIA DE SANTO CRISTO - CRESOL SANTO CRISTO;6031727;b3S;S5;I;2;SANTO CRISTO;RS;03/2021;NA;NA;NA;NA;27.480;168.896;0;NA;NA;NA;0;7.928;176.824;NA;NA%;NA%;15,54%;NA%;19,57%
CM CAPITAL MARKETS - PRUDENCIAL;1000080549;n2;S4;C;3;SAO PAULO;SP;03/2021;30.161;0;30.161;0;30.161;24.371;0;0;0;0;0;152.449;176.820;NA;17,06%;17,06%;17,06%;NA%;11,55%
COOPERATIVA DE CREDITO CECRES - SICOOB CECRES;54603022;b3S;S5;I;2;SAO PAULO;SP;03/2021;NA;NA;NA;NA;131.321;159.795;0;NA;NA;NA;0;14.922;174.717;NA;NA%;NA%;75,16%;NA%;5,19%
COOPERATIVA DE CRÉDITO DE LIVRE ADMISSÃO DE PITANGUI, PAPAGAIOS, MARAVILHAS E REGIÃO LTDA. - SICOOB CREDICOOP;41931221;b3S;S5;I;2;PITANGUI;MG;03/2021;NA;NA;NA;NA;34.687;166.747;0;NA;NA;NA;0;7.862;174.609;NA;NA%;NA%;19,87%;NA%;35,54%
COOPERATIVA DE CRÉDITO RURAL COM INTERAÇÃO SOLIDÁRIA DE FREDERICO WESTPHALEN - CRESOL FREDERICO WESTPHALEN;17343510;b3S;S5;I;2;FREDERICO WESTPHALEN;RS;03/2021;NA;NA;NA;NA;21.442;165.989;0;NA;NA;NA;0;4.832;170.820;NA;NA%;NA%;12,55%;NA%;24,28%
COOPERATIVA DE CRÉDITO COM INTERAÇÃO SOLIDÁRIA TRIUNFO - CRESOL TRIUNFO;8560508;b3S;S5;I;2;SAO JOAO DO TRIUNFO;PR;03/2021;NA;NA;NA;NA;30.178;163.574;0;NA;NA;NA;0;5.698;169.273;NA;NA%;NA%;17,83%;NA%;7,88%
SICOOB CREDIGOIÁS COOPERATIVA DE CRÉDITO LTDA.;37255049;b3S;S5;I;2;GOIANIA;GO;03/2021;NA;NA;NA;NA;81.052;160.070;0;NA;NA;NA;0;8.555;168.625;NA;NA%;NA%;48,07%;NA%;3,07%
COOPERATIVA DE CRÉDITO DE LIVRE ADMISSÃO DA REGIÃO DE  PARÁ DE MINAS LTDA - SICOOB CREDIRURAL;25387713;b3S;S5;I;2;PARA DE MINAS;MG;03/2021;NA;NA;NA;NA;37.705;160.399;0;NA;NA;NA;0;6.653;167.052;NA;NA%;NA%;22,57%;NA%;17,89%
COOPERATIVA DE CRÉDITO DE LIVRE ADMISSÃO DO TOCANTINS LTDA;26960328;b3S;S5;I;2;PARAISO DO NORTE DO TOCANTINS;TO;03/2021;NA;NA;NA;NA;34.210;153.769;0;NA;NA;NA;0;12.141;165.910;NA;NA%;NA%;20,62%;NA%;14,37%
UNIPRIME DO IGUAÇU - COOPERATIVA DE CRÉDITO, POUPANÇA E INVESTIMENTO;1848322;b3S;S5;I;2;PATO BRANCO;PR;03/2021;NA;NA;NA;NA;31.331;158.534;0;NA;NA;NA;0;7.332;165.866;NA;NA%;NA%;18,89%;NA%;16,15%
NOVA FUTURA DTVM LTDA - PRUDENCIAL;1000083759;n2;S4;I;2;SAO PAULO;SP;03/2021;34.271;0;34.271;0;34.271;43.781;1.716;0;1.737;5;3.458;118.415;165.655;NA;20,69%;20,69%;20,69%;NA%;14,40%
CENTRAL DAS COOPERATIVAS DE ECONOMIA E CRÉDITO DO PLANALTO CENTRAL LTDA - SICOOB PLANALTO CENTRAL;692214;b3C;S4;I;2;BRASILIA;DF;03/2021;41.996;0;41.996;0;41.996;143.962;0;0;38;0;38;21.009;165.009;635.431;25,45%;25,45%;25,45%;6,61%;6,48%
COOPERATIVA CENTRAL DE CRÉDITO DA BAHIA LTDA - SICOOB CENTRAL BA;34148882;b3C;S4;I;2;SALVADOR;BA;03/2021;39.738;0;39.738;0;39.738;133.658;0;0;9.899;0;9.899;20.603;164.160;609.208;24,21%;24,21%;24,21%;6,52%;2,95%
STATE STREET BRASIL - PRUDENCIAL;1000081627;b1;S4;I;3;SAO PAULO;SP;03/2021;406.928;0;406.928;0;406.928;59.609;16.141;0;28.953;0;45.094;59.426;164.128;1.429.490;247,93%;247,93%;247,93%;28,47%;0,96%
COOPERATIVA DE CRÉDITO RURAL DE ABELARDO LUZ - SULCREDI/CREDILUZ;1073966;b3S;S5;I;2;ABELARDO LUZ;SC;03/2021;NA;NA;NA;NA;33.444;159.615;0;NA;NA;NA;0;4.513;164.128;NA;NA%;NA%;20,38%;NA%;6,95%
COOPERATIVA DE ECONOMIA E CRÉDITO MÚTUO DOS SERVIDORES MUNICIPAIS DA REGIÃO METROPOLITANA DO VALE DO PARAÍBA E LITORAL NORTE - SICOOB-CRESSEM;54190525;b3S;S5;I;2;SAO JOSE DOS CAMPOS;SP;03/2021;NA;NA;NA;NA;145.397;148.950;0;NA;NA;NA;0;15.066;164.016;NA;NA%;NA%;88,65%;NA%;4,61%
COOPERATIVA CENTRAL DE CRÉDITO DO RIO DE JANEIRO LTDA.;14568725;b3C;S4;I;2;RIO DE JANEIRO;RJ;03/2021;26.706;0;26.706;0;26.706;143.089;23;19;210;17;269;19.888;163.246;648.790;16,36%;16,36%;16,36%;4,12%;21,02%
RENASCENCA DTVM LTDA - PRUDENCIAL;1000084105;n2;S4;I;2;SAO PAULO;SP;03/2021;65.343;0;65.343;0;65.343;30.931;0;0;0;0;0;131.803;162.733;NA;40,15%;40,15%;40,15%;NA%;2,37%
COOPERATIVA DE CRÉDITO DE LIVRE ADMISSÃO VALE DO MUCURI LTDA. - SICOOB CREDIVALE;25387655;b3S;S5;I;2;TEOFILO OTONI;MG;03/2021;NA;NA;NA;NA;49.366;149.337;0;NA;NA;NA;0;12.765;162.102;NA;NA%;NA%;30,45%;NA%;10,71%
COOPERATIVA DE CREDITO DE LIVRE ADMISSAO DE PARA DE MINAS LTDA - SICOOB ASCICRED;1009908;b3S;S5;I;2;PARA DE MINAS;MG;03/2021;NA;NA;NA;NA;41.071;151.816;0;NA;NA;NA;0;10.244;162.060;NA;NA%;NA%;25,34%;NA%;7,78%
B & T ASSOCIADOS CC LTDA. - PRUDENCIAL;1000081995;n2;S4;I;2;RIO DE JANEIRO;RJ;03/2021;15.897;0;15.897;0;15.897;9.495;2.160;0;14;0;2.174;149.758;161.427;NA;9,85%;9,85%;9,85%;NA%;3,73%
UNIPRIME CENTRAL - CENTRAL INTERESTADUAL DE COOPERATIVAS DE CREDITO LTDA.;3046391;b3C;S4;I;2;LONDRINA;PR;03/2021;44.562;0;44.562;0;44.562;155.917;0;0;0;0;0;4.702;160.619;1.446.263;27,74%;27,74%;27,74%;3,08%;4,10%
COOPERATIVA DE CRÉDITO DO SERTÃO BAIANO LTDA - SICOOB SERTÃO;2057584;b3S;S5;I;2;PINTADAS;BA;03/2021;NA;NA;NA;NA;42.264;141.318;0;NA;NA;NA;0;16.951;158.269;NA;NA%;NA%;26,70%;NA%;16,79%
COOPERATIVA DE CRÉDITO DE LIVRE ADMISSÃO DE GOIÂNIA E MICRORREGIÕES LTDA.;1720488;b3S;S5;I;2;GOIANIA;GO;03/2021;NA;NA;NA;NA;54.270;144.002;0;NA;NA;NA;0;12.477;156.479;NA;NA%;NA%;34,68%;NA%;9,46%
COOPERATIVA DE CRÉDITO DE LIVRE ADMISSÃO DE ASSOCIADOS URUBICI - SICOOB CREDIARAUCÁRIA/SC;2587492;b3S;S5;I;2;URUBICI;SC;03/2021;NA;NA;NA;NA;26.632;147.201;0;NA;NA;NA;0;9.065;156.266;NA;NA%;NA%;17,04%;NA%;8,28%
COOPERATIVA DE ECONOMIA E CREDITO MÚTUO DOS MÉDICOS DO PLANALTO MÉDIO DO RIO GRANDE DO SUL LTDA - CREDIPLAN;97259253;b3S;S5;I;2;PASSO FUNDO;RS;03/2021;NA;NA;NA;NA;24.121;152.079;0;NA;NA;NA;0;3.837;155.916;NA;NA%;NA%;15,47%;NA%;2,49%
COOPERATIVA DE CRÉDITO DE LIVRE ADMISSÃO DE ASSOCIADOS DE MANAUS;1566038;b3S;S5;I;2;MANAUS;AM;03/2021;NA;NA;NA;NA;55.698;140.613;0;NA;NA;NA;0;15.089;155.703;NA;NA%;NA%;35,77%;NA%;5,35%
COOPERATIVA DE CRÉDITO DA REGIÃO E COLAR METROPOLITANO DO VALE DO AÇO LTDA. - SICOOB COSMIPA;17361536;b3S;S5;I;2;IPATINGA;MG;03/2021;NA;NA;NA;NA;62.615;145.560;0;NA;NA;NA;0;8.786;154.346;NA;NA%;NA%;40,57%;NA%;5,87%
CENTRAL DAS COOPERATIVAS DE CRÉDITO DO ESTADO DE SÃO PAULO - SICOOB CENTRAL CECRESP;62931522;b3C;S4;I;2;SAO PAULO;SP;03/2021;51.120;0;51.120;0;51.120;93.642;0;0;4.597;0;4.597;56.011;154.251;1.363.924;33,14%;33,14%;33,14%;3,75%;8,98%
COOPERATIVA CENTRAL DE CRÉDITO, POUPANÇA E INVESTIMENTO DO SUL E SUDESTE - CENTRAL SICREDI SUL/SUDESTE;87437687;b3C;S3;I;2;PORTO ALEGRE;RS;03/2021;184.562;0;184.562;0;184.562;154.224;0;0;0;0;0;0;154.224;8.061.009;119,67%;119,67%;119,67%;2,29%;2,73%
COOPERATIVA DE CRÉDITO DA REGIÃO CENTRAL DE MINAS LTDA. - SICOOB UNIÃO CENTRAL;22749014;b3S;S5;I;2;PARAOPEBA;MG;03/2021;NA;NA;NA;NA;36.048;142.740;0;NA;NA;NA;0;11.265;154.004;NA;NA%;NA%;23,41%;NA%;14,37%
AFEAM - PRUDENCIAL;1000081108;n1;S4;I;1;MANAUS;AM;03/2021;104.391;0;104.391;0;104.391;98.108;0;0;0;0;0;55.065;153.173;NA;68,15%;68,15%;68,15%;NA%;9,54%
COOPERATIVA DE CRÉDITO COM INTERAÇÃO SOLIDÁRIA DA COSTA OESTE - CRESOL COSTA OESTE;11969853;b3S;S5;I;2;MEDIANEIRA;PR;03/2021;NA;NA;NA;NA;19.348;147.749;0;NA;NA;NA;0;4.682;152.430;NA;NA%;NA%;12,69%;NA%;26,35%
COOPERATIVA DE CREDITO DE LIVRE ADMISSAO DE RUBIATABA E REGIAO LTDA;73422792;b3S;S5;I;2;RUBIATABA;GO;03/2021;NA;NA;NA;NA;29.652;140.478;0;NA;NA;NA;0;9.943;150.421;NA;NA%;NA%;19,71%;NA%;13,18%
VR - PRUDENCIAL;1000080408;b1;S4;C;2;SAO PAULO;SP;03/2021;34.076;0;34.076;0;34.076;125.182;0;0;0;0;0;25.159;150.341;426.084;22,67%;22,67%;22,67%;8,00%;0,09%
COOPERATIVA CENTRAL DE CRÉDITO, POUPANÇA E INVESTIMENTO DO NORTE/NORDESTE - CENTRAL SICREDI NORTE/NORDESTE;70119680;b3C;S4;I;2;CABEDELO;PB;03/2021;171.432;0;171.432;0;171.432;138.300;0;0;3.428;0;3.428;7.621;149.350;3.380.880;114,79%;114,79%;114,79%;5,07%;1,65%
BECKER FINANCEIRA S.A. - CFI - PRUDENCIAL;1000084507;n1;S5;I;2;CERRO LARGO;RS;03/2021;NA;NA;NA;NA;49.834;139.152;18;NA;NA;NA;18;9.736;148.906;NA;NA%;NA%;33,47%;NA%;0,14%
COOPERATIVA DE CRÉDITO CREDIOESTE LTDA. - SICOOB CREDIOESTE;25420696;b3S;S5;I;2;ABAETE;MG;03/2021;NA;NA;NA;NA;31.310;136.799;0;NA;NA;NA;0;11.446;148.246;NA;NA%;NA%;21,12%;NA%;8,79%
COOPERATIVA DE CRÉDITO DE LIVRE ADMISSÃO DO VALE DO RIO GRANDE LTDA. - SICOOB UBERABA;25683475;b3S;S5;I;2;UBERABA;MG;03/2021;NA;NA;NA;NA;29.129;138.492;0;NA;NA;NA;0;9.276;147.768;NA;NA%;NA%;19,71%;NA%;29,10%
COOPERATIVA DE CRÉDITO DE LIVRE ADMISSÃO DO CENTRO-SUL GOIANO LTDA;33579731;b3S;S5;I;2;MORRINHOS;GO;03/2021;NA;NA;NA;NA;28.425;138.300;0;NA;NA;NA;0;9.148;147.448;NA;NA%;NA%;19,28%;NA%;11,20%
COOPERATIVA DE CRÉDITO DE LIVRE ADMISSÃO CENTRO OESTE LTDA.;7502031;b3S;S5;I;2;GOIANESIA;GO;03/2021;NA;NA;NA;NA;45.384;139.309;0;NA;NA;NA;0;8.092;147.401;NA;NA%;NA%;30,79%;NA%;5,13%
OLIVEIRA TRUST DTVM S.A. - PRUDENCIAL;1000084040;n2;S4;C;2;RIO DE JANEIRO;RJ;03/2021;28.589;0;28.589;0;28.589;5.866;0;0;55;0;55;141.281;147.201;NA;19,42%;19,42%;19,42%;NA%;5,63%
COOPERATIVA DE ECONOMIA E CRÉDITO MÚTUO DOS SERVIDORES DA FEDERAÇÃO DO COMÉRCIO, SESC E SENAC DE SÃO PAULO;62928320;b3S;S5;I;2;SAO PAULO;SP;03/2021;NA;NA;NA;NA;161.153;138.092;0;NA;NA;NA;0;6.980;145.073;NA;NA%;NA%;111,08%;NA%;0,05%
FAIR CC S.A. - PRUDENCIAL;1000081919;n2;S4;I;2;SAO PAULO;SP;03/2021;13.023;0;13.023;0;13.023;22.040;2.240;0;8;0;2.247;118.903;143.191;NA;9,09%;9,09%;9,09%;NA%;2,42%
COOPERATIVA DE CRÉDITO CENTRO LESTE NORTE MARANHENSE - SICOOB CENTROLESTE;9403026;b3S;S5;I;2;GRAJAU;MA;03/2021;NA;NA;NA;NA;43.279;131.391;0;NA;NA;NA;0;11.535;142.926;NA;NA%;NA%;30,28%;NA%;11,07%
FINAXIS - PRUDENCIAL;1000080790;b1;S4;C;2;CURITIBA;PR;03/2021;24.717;0;24.717;0;24.717;17.588;0;0;0;0;0;125.044;142.632;94.736;17,33%;17,33%;17,33%;26,09%;3,78%
COOPERATIVA DE CRÉDITO DO CENTRO SUL MINEIRO LTDA. - SICOOB CENTRO SUL MINEIRO;71238232;b3S;S5;I;2;CARMOPOLIS DE MINAS;MG;03/2021;NA;NA;NA;NA;27.208;134.899;0;NA;NA;NA;0;7.632;142.531;NA;NA%;NA%;19,09%;NA%;19,48%
COOPERATIVA DE CRÉDITO DE LIVRE ADMISSÃO CREDFAZ LTDA. - SICOOB CREDFAZ;952415;b3S;S5;I;2;BRASILIA;DF;03/2021;NA;NA;NA;NA;58.856;126.480;0;NA;NA;NA;0;14.918;141.398;NA;NA%;NA%;41,62%;NA%;3,82%
COOPERATIVA DE CRÉDITO CREDICAMPO LTDA.- SICOOB CREDICAMPO;21661202;b3S;S5;I;2;ENTRE RIOS DE MINAS;MG;03/2021;NA;NA;NA;NA;35.495;130.186;0;NA;NA;NA;0;10.274;140.460;NA;NA%;NA%;25,27%;NA%;28,35%
COOPERATIVA DE CRÉDITO DE LIVRE ADMISSÃO DO CERRADO MATO-GROSSENSE - SICOOB CERRADO MT;5247312;b3S;S5;I;2;RONDONOPOLIS;MT;03/2021;NA;NA;NA;NA;27.842;130.511;0;NA;NA;NA;0;9.863;140.374;NA;NA%;NA%;19,83%;NA%;17,01%
COOPERATIVA DE CRÉDITO DE LIVRE ADMISSÃO CREDIEMBRAPA LTDA - SICOOB.;2338666;b3S;S5;I;2;BRASILIA;DF;03/2021;NA;NA;NA;NA;25.878;126.225;0;NA;NA;NA;0;13.727;139.952;NA;NA%;NA%;18,49%;NA%;24,75%
CENTROCRED CFI - PRUDENCIAL;1000084727;n1;S5;I;2;SANTA CRUZ DO SUL;RS;03/2021;NA;NA;NA;NA;40.938;115.036;0;NA;NA;NA;0;24.755;139.790;NA;NA%;NA%;29,28%;NA%;0,00%
BCO INBURSA S.A. - PRUDENCIAL;1000081335;b1;S4;I;3;SAO PAULO;SP;03/2021;70.887;0;70.887;0;70.887;121.516;0;0;0;0;0;17.313;138.828;244.900;51,06%;51,06%;51,06%;28,95%;-2,25%
COOPERATIVA DE CRÉDITO COM INTERAÇÃO SOLIDÁRIA NORTE PARANAENSE - CRESOL NORTE PARANAENSE;7925729;b3S;S5;I;2;GRANDES RIOS;PR;03/2021;NA;NA;NA;NA;27.017;132.375;0;NA;NA;NA;0;5.832;138.207;NA;NA%;NA%;19,55%;NA%;11,62%
COOPERATIVA DE CRÉDITO MONTECREDI LTDA. - SICOOB MONTECREDI;71392047;b3S;S5;I;2;MONTE CARMELO;MG;03/2021;NA;NA;NA;NA;42.007;130.090;0;NA;NA;NA;0;7.046;137.136;NA;NA%;NA%;30,63%;NA%;4,72%
COOPERATIVA DE CRÉDITO COM INTERAÇÃO SOLIDÁRIA DE GOIÁS - CRESOL GOIÁS;4490531;b3S;S5;I;2;ORIZONA;GO;03/2021;NA;NA;NA;NA;25.421;131.740;0;NA;NA;NA;0;4.133;135.873;NA;NA%;NA%;18,71%;NA%;5,44%
SOCINAL S.A. CFI - PRUDENCIAL;1000083577;n1;S5;I;2;ARARUAMA;RJ;03/2021;NA;NA;NA;NA;27.899;124.189;0;NA;NA;NA;0;11.355;135.545;NA;NA%;NA%;20,58%;NA%;10,04%
COOPERATIVA DE CRÉDITO DE LIVRE ADMISSÃO DA REGIÃO DE DIVINÓPOLIS LTDA - SICOOB CREDIVERDE;25528753;b3S;S5;I;2;DIVINOPOLIS;MG;03/2021;NA;NA;NA;NA;36.278;123.734;0;NA;NA;NA;0;11.541;135.275;NA;NA%;NA%;26,82%;NA%;13,08%
COOPERATIVA CENTRAL DE CRÉDITO, POUPANÇA E INVESTIMENTO DOS ESTADOS DO PARANÁ, SÃO PAULO E RIO DE JANEIRO - CENTRAL SICREDI PR/SP/RJ;80230774;b3C;S3;I;2;CURITIBA;PR;03/2021;235.588;0;235.588;0;235.588;132.395;0;0;2.562;0;2.562;0;134.956;6.618.408;174,57%;174,57%;174,57%;3,56%;1,90%
SANTANA S.A. - CFI - PRUDENCIAL;1000083474;n1;S5;I;2;SAO PAULO;SP;03/2021;NA;NA;NA;NA;30.909;117.499;0;NA;NA;NA;0;17.071;134.570;NA;NA%;NA%;22,97%;NA%;1,56%
COOPERATIVA DE CRÉDITO DA GRANDE FLORIANÓPOLIS - ÚNILOS;2405189;b3S;S5;I;2;FLORIANOPOLIS;SC;03/2021;NA;NA;NA;NA;29.552;125.338;0;NA;NA;NA;0;8.484;133.822;NA;NA%;NA%;22,08%;NA%;5,18%
BCO CEDULA S.A. - PRUDENCIAL;1000081469;b1;S4;I;2;RIO DE JANEIRO;RJ;03/2021;39.533;0;39.533;0;39.533;75.173;0;0;92;31.088;31.180;27.432;133.785;109.954;29,55%;29,55%;29,55%;35,95%;0,72%
COOPERATIVA DE CRÉDITO DE LIVRE ADMISSÃO DO SUL CATARINENSE - ACENTRA;3427097;b3S;S5;I;2;CRICIUMA;SC;03/2021;NA;NA;NA;NA;22.028;123.520;0;NA;NA;NA;0;8.507;132.027;NA;NA%;NA%;16,68%;NA%;8,74%
MERCADO CRÉDITO SOCIEDADE DE CRÉDITO, FINANCIAMENTO E INVESTIMENTO S.A.;37679449;n1;S4;I;2;OSASCO;SP;03/2021;39.942;0;39.942;0;39.942;3.745;0;0;0;0;0;128.152;131.897;NA;30,28%;30,28%;30,28%;NA%;0,00%
COOPERATIVA DE ECONOMIA E CRÉDITO MÚTUO DOS FUNCIONÁRIOS DO GRUPO COSAN - BARRACRED COSAN;1439107;b3S;S5;I;2;BARRA BONITA;SP;03/2021;NA;NA;NA;NA;147.271;123.671;0;NA;NA;NA;0;8.063;131.734;NA;NA%;NA%;111,79%;NA%;7,54%
CREDISAN COOPERATIVA DE CRÉDITO;62109566;b3S;S5;I;2;SAO JOAO DA BOA VISTA;SP;03/2021;NA;NA;NA;NA;34.840;119.659;0;NA;NA;NA;0;11.256;130.915;NA;NA%;NA%;26,61%;NA%;19,18%
COOPERATIVA DE CRÉDITO DOS INTEGRANTES DO PODER JUDICIÁRIO E DAS INSTITUIÇÕES JURÍDICAS DA UNIÃO EM MINAS GERAIS LTDA.   SICOOB COOPJUS;25363615;b3S;S5;I;2;BELO HORIZONTE;MG;03/2021;NA;NA;NA;NA;63.267;124.006;0;NA;NA;NA;0;6.641;130.647;NA;NA%;NA%;48,43%;NA%;11,35%
COOPERATIVA DE CRÉDITO DE LIVRE ADMISSÃO DE RIO VERDE E REGIÃO LTDA.;9033698;b3S;S5;I;2;RIO VERDE;GO;03/2021;NA;NA;NA;NA;35.344;123.700;0;NA;NA;NA;0;6.684;130.384;NA;NA%;NA%;27,11%;NA%;2,09%
COOPERATIVA DE CRÉDITO CARLOS CHAGAS LTDA. - SICOOB CARLOS CHAGAS;41753500;b3S;S5;I;2;CARLOS CHAGAS;MG;03/2021;NA;NA;NA;NA;54.429;120.648;0;NA;NA;NA;0;9.515;130.162;NA;NA%;NA%;41,82%;NA%;2,92%
COOPERATIVA DE CRÉDITO UNICRED COOMARCA LTDA. - COOMARCA;4355489;b3S;S5;I;2;FLORIANOPOLIS;SC;03/2021;NA;NA;NA;NA;34.562;122.851;0;NA;NA;NA;0;6.126;128.977;NA;NA%;NA%;26,80%;NA%;4,41%
SITA SCCVM S.A. - PRUDENCIAL;1000082743;n2;S4;I;2;BELO HORIZONTE;MG;03/2021;56.253;0;56.253;0;56.253;94.302;0;0;0;0;0;34.320;128.623;NA;43,73%;43,73%;43,73%;NA%;0,47%
COOPERATIVA DE ECONOMIA E CRéDITO MúTUO DOS SERVIDORES DO PODER JUDICIáRIO, DO TRIBUNAL DE CONTAS ESTADUAL E DEMAIS ÓRGãOS PúBLICOS MUNICIPAIS, ESTADUAIS E FEDERAIS NO ESTADO DO RIO DE JANEIRO LTDA. -;2000895;b3S;S5;I;2;RIO DE JANEIRO;RJ;03/2021;NA;NA;NA;NA;76.489;118.454;0;NA;NA;NA;0;9.692;128.146;NA;NA%;NA%;59,69%;NA%;0,39%
COOPERATIVA DE CRÉDITO DE LIVRE ADMISSÃO DE MARECHAL CÂNDIDO RONDON E REGIÃO - SICOOB CONFIANÇA;7097064;b3S;S5;I;2;MARECHAL CANDIDO RONDON;PR;03/2021;NA;NA;NA;NA;17.920;120.988;0;NA;NA;NA;0;6.725;127.713;NA;NA%;NA%;14,03%;NA%;20,88%
COOPERATIVA DE CRÉDITO DE LIVRE ADMISSÃO DA REGIÃO DE TRÊS PONTAS LTDA. - SICOOB COPERSUL;18966739;b3S;S5;I;2;TRES PONTAS;MG;03/2021;NA;NA;NA;NA;27.891;118.974;0;NA;NA;NA;0;7.520;126.494;NA;NA%;NA%;22,05%;NA%;12,67%
COOPERATIVA DE CRÉDITO DO MÉDIO SUL BAIANO LTDA. - SICOOB COSTA DO DESCOBRIMENTO;1205736;b3S;S5;I;2;ITAMARAJU;BA;03/2021;NA;NA;NA;NA;21.828;115.873;0;NA;NA;NA;0;10.342;126.215;NA;NA%;NA%;17,29%;NA%;10,40%
COOPERATIVA DE CRÉDITO DE LIVRE ADMISSÃO DE BOA ESPERANÇA LTDA. - SICOOB BELCREDI;869687;b3S;S5;I;2;BOA ESPERANCA;MG;03/2021;NA;NA;NA;NA;22.469;120.954;0;NA;NA;NA;0;4.328;125.282;NA;NA%;NA%;17,93%;NA%;2,08%
COOPERATIVA DE CRÉDITO DOS EMPRESÁRIOS DO ESTADO DE GOIÁS LTDA;4406371;b3S;S5;I;2;GOIANIA;GO;03/2021;NA;NA;NA;NA;32.535;113.263;0;NA;NA;NA;0;11.730;124.993;NA;NA%;NA%;26,03%;NA%;8,65%
COOPERATIVA DE CRÉDITO DOS MÉDICOS, TÉCNICOS E DEMAIS PROFISSIONAIS DA SAÚDE DO SUL DE MINAS LTDA., UNICRED SUL DE MINAS;71418784;b3S;S5;I;2;VARGINHA;MG;03/2021;NA;NA;NA;NA;24.864;116.165;0;NA;NA;NA;0;7.674;123.839;NA;NA%;NA%;20,08%;NA%;8,24%
COOPERATIVA DE ECONOMIA E CRÉDITO MÚTUO DOS FUNCIONÁRIOS DA SECRETARIA DE ESTADO DA FAZENDA E ÓRGÃOS OFICIAIS DO ESTADO DE MINAS GERAIS LTDA - SICOOB COOPSEF;16721078;b3S;S5;I;2;BELO HORIZONTE;MG;03/2021;NA;NA;NA;NA;70.885;111.761;0;NA;NA;NA;0;11.776;123.537;NA;NA%;NA%;57,38%;NA%;1,97%
ÓRAMA DTVM S.A. - PRUDENCIAL;1000084260;n2;S4;I;2;RIO DE JANEIRO;RJ;03/2021;46.087;0;46.087;0;46.087;41.474;0;0;172;0;172;81.759;123.405;NA;37,35%;37,35%;37,35%;NA%;12,74%
LECCA - PRUDENCIAL;1000080680;n1;S4;C;2;RIO DE JANEIRO;RJ;03/2021;20.799;0;20.799;0;20.799;69.771;0;0;0;0;0;52.611;122.382;NA;17,00%;17,00%;17,00%;NA%;4,02%
SOLIDEZ CCTVM LTDA. - PRUDENCIAL;1000082925;n2;S4;I;2;SAO PAULO;SP;03/2021;-242.516;0;-242.516;0;-242.516;86.387;0;0;0;0;0;35.500;121.887;NA;-198,97%;-198,97%;-198,97%;NA%;-0,40%
COOPERATIVA DE CRÉDITO DE LIVRE ADMISSÃO DE RIO BRANCO LTDA;1608685;b3S;S5;I;2;RIO BRANCO;AC;03/2021;NA;NA;NA;NA;35.532;113.450;0;NA;NA;NA;0;8.372;121.822;NA;NA%;NA%;29,17%;NA%;10,47%
COOPERATIVA DE CRÉDITO DE VAZANTE LTDA. - SICOOB CREDIVAZ;803287;b3S;S5;I;2;VAZANTE;MG;03/2021;NA;NA;NA;NA;35.194;115.388;0;NA;NA;NA;0;6.084;121.472;NA;NA%;NA%;28,97%;NA%;9,92%
COOPERATIVA DE ECONOMIA E CRÉDITO DE LIVRE ADMISSÃO LTDA. - SICOOB EMPRESARIAL;5856736;b3S;S5;I;2;BRASILIA;DF;03/2021;NA;NA;NA;NA;19.615;109.411;0;NA;NA;NA;0;11.998;121.409;NA;NA%;NA%;16,16%;NA%;7,17%
COOPERATIVA DE CRÉDITO GUARANICREDI LTDA. - SICOOB GUARANICREDI;26014175;b3S;S5;I;2;GUARANI;MG;03/2021;NA;NA;NA;NA;18.854;114.188;0;NA;NA;NA;0;6.668;120.856;NA;NA%;NA%;15,60%;NA%;17,09%
COOPERATIVA DE CRÉDITO DO VALE EUROPEU - SICOOB EURO VALE;82133182;b3S;S5;I;2;TIMBO;SC;03/2021;NA;NA;NA;NA;23.148;113.491;0;NA;NA;NA;0;7.297;120.787;NA;NA%;NA%;19,16%;NA%;12,15%
COOPERATIVA DE CRÉDITO UNIÃO CENTRO OESTE LTDA. - SICOOB UNIÃO CENTRO OESTE;26072728;b3S;S5;I;2;ARCOS;MG;03/2021;NA;NA;NA;NA;35.949;113.284;0;NA;NA;NA;0;7.479;120.762;NA;NA%;NA%;29,77%;NA%;27,88%
COOPERATIVA DE CRÉDITO NOSSA SENHORA DO DESTERRO - SICOOB CREDISC;3419786;b3S;S5;I;2;FLORIANOPOLIS;SC;03/2021;NA;NA;NA;NA;27.312;110.541;0;NA;NA;NA;0;9.266;119.807;NA;NA%;NA%;22,80%;NA%;4,19%
AL5 S.A. CFI - PRUDENCIAL;1000084734;n1;S4;I;2;CUIABA;MT;03/2021;41.781;0;41.781;0;41.781;92.572;0;0;0;0;0;26.963;119.535;NA;34,95%;34,95%;34,95%;NA%;0,63%
COOPERATIVA DE CRÉDITO DOS SERVIDORES PÚBLICOS NO ESTADO DA BAHIA LTDA. - SICOOB CRED EXECUTIVO;4321309;b3S;S5;I;2;SALVADOR;BA;03/2021;NA;NA;NA;NA;24.381;112.928;0;NA;NA;NA;0;6.371;119.299;NA;NA%;NA%;20,44%;NA%;2,28%
COOPERATIVA DE ECONOMIA E CRÉDITO MÚTUO DOS EMPREGADOS DA JOHNSON & JOHNSON;45691128;b3S;S5;I;2;SAO JOSE DOS CAMPOS;SP;03/2021;NA;NA;NA;NA;123.350;113.218;0;NA;NA;NA;0;5.509;118.727;NA;NA%;NA%;103,89%;NA%;11,88%
ADVANCED CC LTDA - PRUDENCIAL;1000082004;n2;S5;I;2;SAO PAULO;SP;03/2021;NA;NA;NA;NA;4.594;9.935;38.330;NA;NA;NA;38.330;69.784;118.048;NA;NA%;NA%;3,89%;NA%;34,20%
SUL AMERICA INVEST DTVM S.A. - PRUDENCIAL;1000084026;n2;S4;I;3;SAO PAULO;SP;03/2021;73.807;0;73.807;0;73.807;41.590;0;0;0;0;0;74.813;116.403;NA;63,41%;63,41%;63,41%;NA%;18,27%
COOPERATIVA DE CRÉDITO SICREDI CENTRO PERNAMBUCANA;41255225;b3S;S5;I;2;CARUARU;PE;03/2021;NA;NA;NA;NA;54.004;105.101;0;NA;NA;NA;0;10.967;116.068;NA;NA%;NA%;46,53%;NA%;5,85%
COOPERATIVA DE CRÉDITO RURAL COM INTERAÇÃO SOLIDÁRIA DE DONA EMMA - CRESOL DONA EMMA;4261151;b3S;S5;I;2;DONA EMMA;SC;03/2021;NA;NA;NA;NA;21.871;111.284;0;NA;NA;NA;0;4.657;115.941;NA;NA%;NA%;18,86%;NA%;13,07%
COOPERATIVA DE CREDITO DE LIVRE ADMISSAO DE PITANGUI E REGIAO LTDA. - SICOOB CREDPIT;4181542;b3S;S5;I;2;PITANGUI;MG;03/2021;NA;NA;NA;NA;20.092;107.310;0;NA;NA;NA;0;7.893;115.203;NA;NA%;NA%;17,44%;NA%;9,73%
COOPERATIVA DE CREDITO DO PLANALTO SUL - SICOOB CREDISSERRANA;3033469;b3S;S5;I;2;LAGES;SC;03/2021;NA;NA;NA;NA;15.928;108.733;0;NA;NA;NA;0;6.459;115.191;NA;NA%;NA%;13,83%;NA%;13,26%
BBVA BRASIL BI S.A. - PRUDENCIAL;1000081366;b2;S4;I;3;SAO PAULO;SP;03/2021;118.895;0;118.895;0;118.895;90.940;0;0;0;3.827;3.827;19.838;114.604;121.497;103,74%;103,74%;103,74%;97,86%;0,15%
COOPERATIVA DE CRÉDITO DO VALE DO SÃO FRANCISCO - SICREDI VALE DO SÃO FRANCISCO;4237413;b3S;S5;I;2;PETROLINA;PE;03/2021;NA;NA;NA;NA;38.128;104.623;0;NA;NA;NA;0;9.192;113.815;NA;NA%;NA%;33,50%;NA%;8,78%
COOPERATIVA DE CRÉDITO SICREDI REGIÃO SUL DA BAHIA -SICREDI REGIÃO SUL DA BAHIA;97489280;b3S;S5;I;2;ITABUNA;BA;03/2021;NA;NA;NA;NA;42.308;105.958;0;NA;NA;NA;0;6.616;112.575;NA;NA%;NA%;37,58%;NA%;30,51%
COOPERATIVA DE CRÉDITO CREDIALP LTDA - SICOOB CREDIALP;25353939;b3S;S5;I;2;ALPINOPOLIS;MG;03/2021;NA;NA;NA;NA;23.252;104.714;0;NA;NA;NA;0;7.092;111.806;NA;NA%;NA%;20,80%;NA%;5,37%
COOPERATIVA DE CRÉDITO HORIZONTE - SICOOB HORIZONTE;7194313;b3S;S5;I;2;ARAPONGAS;PR;03/2021;NA;NA;NA;NA;16.010;99.170;0;NA;NA;NA;0;11.830;111.000;NA;NA%;NA%;14,42%;NA%;33,02%
INTL FCSTONE - PRUDENCIAL;1000084088;b2;S4;C;3;SAO PAULO;SP;03/2021;66.577;0;66.577;0;66.577;19.432;19.056;0;0;0;19.056;71.302;109.790;157.408;60,64%;60,64%;60,64%;42,30%;2,14%
COOPERATIVA DE CRÉDITO RURAL COM INTERAÇÃO SOLIDÁRIA DE PAIM FILHO - CRESOL PAIM FILHO;7252614;b3S;S5;I;2;PAIM FILHO;RS;03/2021;NA;NA;NA;NA;15.323;106.316;0;NA;NA;NA;0;3.126;109.442;NA;NA%;NA%;14,00%;NA%;7,63%
COOPERATIVA DE CRÉDITO DE LIVRE ADMISSÃO DO NORDESTE DE MINAS GERAIS E SUL DA BAHIA LTDA - SICOOB CREDINORTE;64276058;b3S;S5;I;2;NANUQUE;MG;03/2021;NA;NA;NA;NA;34.462;102.408;0;NA;NA;NA;0;6.467;108.875;NA;NA%;NA%;31,65%;NA%;23,90%
COOPERATIVA DE ECONOMIA E CRÉDITO MÚTUO UNICRED IJUÍ LTDA - UNICRED IJUÍ;1526924;b3S;S5;I;2;IJUI;RS;03/2021;NA;NA;NA;NA;35.457;103.984;0;NA;NA;NA;0;4.777;108.760;NA;NA%;NA%;32,60%;NA%;0,67%
BANCO RNX S.A. - PRUDENCIAL;1000081775;b2;S4;I;2;CURITIBA;PR;03/2021;17.684;0;17.684;0;17.684;98.584;0;0;0;0;0;9.678;108.262;116.921;16,33%;16,33%;16,33%;15,13%;1,09%
COOPERATIVA DE CRÉDITO, POUPANÇA E INVESTIMENTO DA REGIÃO DAS FLORES, DAS ÁGUAS E DOS VENTOS SP - SICREDI FORÇA DOS VENTOS SP;57647653;b3S;S4;I;2;JAGUARIUNA;SP;03/2021;16.741;0;16.741;3.523;20.264;98.069;0;0;60;0;60;9.993;108.123;220.274;15,48%;15,48%;18,74%;7,60%;21,07%
COOPERATIVA DE ECONOMIA E CRÉDITO MÚTUO SERVIDORES PJ, MP, ENSINO SUPERIOR ADVOGADOS PÚBLICOS, DEFENSORES PÚBLICOS E DELEGADOS POLÍCIA FEDERAL NO DISTRITO FEDERAL - SICOOB JUDICIÁRIO;37076205;b3S;S5;I;2;BRASILIA;DF;03/2021;NA;NA;NA;NA;14.069;99.279;0;NA;NA;NA;0;7.855;107.134;NA;NA%;NA%;13,13%;NA%;15,54%
SICREDI CARIRI - COOPERATIVA DE CRÉDITO DA REGIÃO DO CARIRI;86913993;b3S;S5;I;2;JUAZEIRO DO NORTE;CE;03/2021;NA;NA;NA;NA;34.228;100.457;0;NA;NA;NA;0;6.616;107.073;NA;NA%;NA%;31,97%;NA%;9,30%
AGÊNCIA DE FOMENTO MATO GROSSO - PRUDENCIAL;1000081146;n1;S4;I;1;CUIABA;MT;03/2021;18.651;0;18.651;0;18.651;71.794;0;0;158;0;158;34.364;106.315;NA;17,54%;17,54%;17,54%;NA%;13,84%
COOPERATIVA DE CRÉDITO UNIÃO DO CENTRO OESTE DE MINAS LTDA. - SICOOB CENTRO UNIÃO;65239402;b3S;S5;I;2;CARMO DO CAJURU;MG;03/2021;NA;NA;NA;NA;32.735;98.891;0;NA;NA;NA;0;7.171;106.062;NA;NA%;NA%;30,86%;NA%;14,81%
COOPERATIVA DE CRÉDITO CREDIBELO LTDA. - SICOOB CREDIBELO;71237184;b3S;S5;I;2;CAMPO BELO;MG;03/2021;NA;NA;NA;NA;19.592;98.331;0;NA;NA;NA;0;7.399;105.730;NA;NA%;NA%;18,53%;NA%;8,39%
BRL TRUST DTVM SA - PRUDENCIAL;1000084277;n2;S4;I;2;SAO PAULO;SP;03/2021;13.580;0;13.580;0;13.580;20.830;0;0;0;0;0;84.874;105.704;NA;12,85%;12,85%;12,85%;NA%;12,12%
COOPERATIVA DE CRÉDITO DE LIVRE ADMISSÃO DE ANÁPOLIS E REGIÃO LTDA;33615055;b3S;S5;I;2;ANAPOLIS;GO;03/2021;NA;NA;NA;NA;28.756;97.397;0;NA;NA;NA;0;7.640;105.037;NA;NA%;NA%;27,38%;NA%;25,66%
COOPERATIVA DE CRÉDITO DE LIVRE ADMISSÃO DO NOROESTE DE MINAS GERAIS LTDA.   SICOOB CREDIPINHO;71154876;b3S;S5;I;2;JOAO PINHEIRO;MG;03/2021;NA;NA;NA;NA;24.866;97.532;0;NA;NA;NA;0;7.492;105.024;NA;NA%;NA%;23,68%;NA%;5,44%
COOPERATIVA DE CRÉDITO DOS MAGISTRADOS, SERVIDORES DA JUSTIÇA DO ESTADO DE GOIÁS E EMPREGADOS DA CELG LTDA.;9552111;b3S;S5;I;2;GOIANIA;GO;03/2021;NA;NA;NA;NA;44.774;97.272;0;NA;NA;NA;0;7.722;104.994;NA;NA%;NA%;42,64%;NA%;0,66%
COOPERATIVA DE CRÉDITO DE LIVRE ADMISSÃO E DOS ADVOGADOS LTDA. - SICOOB CREDIJUR;2480577;b3S;S5;I;2;GOIANIA;GO;03/2021;NA;NA;NA;NA;31.462;94.996;0;NA;NA;NA;0;8.950;103.946;NA;NA%;NA%;30,27%;NA%;11,42%
COOPERATIVA DE CRÉDITO DOS SERVIDORES DOS PODERES LEGISLATIVOS DO ESTADO DE MINAS GERAIS E DO SEU ÓRGÃO AUXILIAR LTDA. - SICOOB COFAL;21797311;b3S;S5;I;2;BELO HORIZONTE;MG;03/2021;NA;NA;NA;NA;44.992;97.070;0;NA;NA;NA;0;6.862;103.932;NA;NA%;NA%;43,29%;NA%;1,69%
COOPERATIVA DE CRÉDITO SACRAMENTO LTDA - SICOOB SACRAMENTO;71154256;b3S;S5;I;2;SACRAMENTO;MG;03/2021;NA;NA;NA;NA;22.828;98.952;0;NA;NA;NA;0;4.603;103.554;NA;NA%;NA%;22,04%;NA%;14,99%
COOPERATIVA DE CRÉDITO DA SERRA CATARINENSE - CREDICOMIN;9590601;b3S;S5;I;2;LAGES;SC;03/2021;NA;NA;NA;NA;20.957;96.113;0;NA;NA;NA;0;5.674;101.786;NA;NA%;NA%;20,59%;NA%;8,48%
COOPERATIVA DE CRÉDITO DE LIVRE ADMISSÃO DE PEDRO LEOPOLDO LTDA - SICOOB CREDIPEL;71441406;b3S;S5;I;2;PEDRO LEOPOLDO;MG;03/2021;NA;NA;NA;NA;20.937;92.831;0;NA;NA;NA;0;8.328;101.159;NA;NA%;NA%;20,70%;NA%;16,65%
VITREO DTVM - PRUDENCIAL;1000085063;n2;S4;I;2;SAO PAULO;SP;03/2021;26.147;0;26.147;0;26.147;42.055;0;0;156;0;156;58.829;101.040;NA;25,88%;25,88%;25,88%;NA%;6,39%
IDEAL CTVM - PRUDENCIAL;1000084851;n2;S4;I;2;SAO PAULO;SP;03/2021;34.348;0;34.348;0;34.348;20.122;0;0;36;0;36;80.374;100.532;NA;34,17%;34,17%;34,17%;NA%;2,68%
COOPERATIVA DE CRÉDITO DE LIVRE ADMISSÃO DE PALMEIRAS E REGIÃO LTDA.;37631058;b3S;S5;I;2;PALMEIRAS DE GOIAS;GO;03/2021;NA;NA;NA;NA;45.542;95.182;0;NA;NA;NA;0;5.055;100.237;NA;NA%;NA%;45,43%;NA%;7,30%
COOPERATIVA DE CRÉDITO DOS MÉDICOS, SERVIDORES PÚBLICOS E EMPRESÁRIOS DO NORDESTE LTDA - UNICRED DO NORDESTE;2602922;b3S;S5;I;2;FEIRA DE SANTANA;BA;03/2021;NA;NA;NA;NA;20.072;93.343;0;NA;NA;NA;0;5.845;99.189;NA;NA%;NA%;20,24%;NA%;6,30%
FRENTE CC LTDA. - PRUDENCIAL;1000084387;n2;S4;I;2;SAO PAULO;SP;03/2021;-5.626;0;-5.626;0;-5.626;2.393;83.663;0;12;0;83.675;12.805;98.873;NA;-5,69%;-5,69%;-5,69%;NA%;-7,95%
GREENCRED - COOPERATIVA DE CREDITO;2347114;b3S;S5;I;2;CURITIBA;PR;03/2021;NA;NA;NA;NA;24.159;95.922;0;NA;NA;NA;0;2.802;98.724;NA;NA%;NA%;24,47%;NA%;0,00%
COOPERATIVA DE ECONOMIA E CRÉDITO MÚTUO NOS ESTADOS DE ALAGOAS, SERGIPE E BAHIA - SICOOB LESTE;2493000;b3S;S5;I;2;MACEIO;AL;03/2021;NA;NA;NA;NA;39.757;88.286;0;NA;NA;NA;0;10.277;98.563;NA;NA%;NA%;40,34%;NA%;12,10%
COOPERATIVA DE CRÉDITO DE LIVRE ADMISSÃO DE ASSOCIADOS DO PLANALTO SERRANO - SICOOB CREDISERRA SC;1692448;b3S;S5;I;2;URUPEMA;SC;03/2021;NA;NA;NA;NA;22.422;93.651;0;NA;NA;NA;0;4.776;98.426;NA;NA%;NA%;22,78%;NA%;8,29%
COOPERATIVA DE CRÉDITO RURAL COM INTERAÇÃO SOLIDÁRIA DE GUARANI DAS MISSÕES - CRESOL GUARANI DAS MISSÕES;8488377;b3S;S5;I;2;GUARANI DAS MISSOES;RS;03/2021;NA;NA;NA;NA;13.467;94.603;0;NA;NA;NA;0;3.747;98.350;NA;NA%;NA%;13,69%;NA%;12,97%
COOPERATIVA DE CRÉDITO DE LIVRE ADMISSÃO DA REGIÃO DE TIROS E MATUTINA LTDA - SICOOB CREDITIROS;42880617;b3S;S5;I;2;TIROS;MG;03/2021;NA;NA;NA;NA;23.493;92.831;0;NA;NA;NA;0;4.882;97.713;NA;NA%;NA%;24,04%;NA%;7,45%
ELITE - CCVM LTDA - PRUDENCIAL;1000082530;n2;S4;I;2;RIO DE JANEIRO;RJ;03/2021;16.326;0;16.326;0;16.326;30.218;0;0;0;207;207;66.829;97.254;NA;16,79%;16,79%;16,79%;NA%;1,36%
COOPERATIVA DE CREDITO DOS PROFISSIONAIS DE SAUDE DO TRIANGULO MINEIRO E SUL DE MINAS LTDA.-UNICRED PROGRESSO;71432926;b3S;S5;I;2;UBERABA;MG;03/2021;NA;NA;NA;NA;21.542;91.893;0;NA;NA;NA;0;4.911;96.804;NA;NA%;NA%;22,25%;NA%;4,66%
BANCO B3 - PRUDENCIAL;1000081225;b1;S4;I;2;SAO PAULO;SP;03/2021;117.964;0;117.964;0;117.964;6.906;1.481;0;928;0;2.409;86.233;95.548;1.931.916;123,46%;123,46%;123,46%;6,11%;0,00%
COOPERATIVA DE ECONOMIA E CRÉDITO MÚTUO - SICOOB COOPERAC;8071414;b3S;S5;I;2;RIBEIRAO PRETO;SP;03/2021;NA;NA;NA;NA;13.501;89.319;0;NA;NA;NA;0;6.108;95.427;NA;NA%;NA%;14,15%;NA%;6,71%
COOPERATIVA DE CREDITO RURAL SEARA - CREDISEARA;204963;b3S;S5;I;2;SEARA;SC;03/2021;NA;NA;NA;NA;17.310;92.071;0;NA;NA;NA;0;2.260;94.331;NA;NA%;NA%;18,35%;NA%;7,50%
COOPERATIVA DE CRÉDITO RURAL COM INTERAÇÃO SOLIDÁRIA DE HUMAITÁ - CRESOL HUMAITÁ;5983995;b3S;S5;I;2;HUMAITA;RS;03/2021;NA;NA;NA;NA;12.395;90.647;0;NA;NA;NA;0;3.614;94.262;NA;NA%;NA%;13,15%;NA%;9,56%
COOPERATIVA DE CRÉDITO COOPCRED;53623781;b3S;S5;I;2;VALPARAISO;SP;03/2021;NA;NA;NA;NA;31.500;87.103;0;NA;NA;NA;0;6.964;94.067;NA;NA%;NA%;33,49%;NA%;12,34%
COOPERATIVA DE ECONOMIA E CRÉDITO MÚTUO DOS MÉDICOS E DEMAIS PROFISSIONAIS DA ÁREA DE SAÚDE DE NÍVEL SUPERIOR DE JUIZ DE FORA LTDA. - UNICRED JUIZ DE FORA;71479653;b3S;S5;I;2;JUIZ DE FORA;MG;03/2021;NA;NA;NA;NA;17.767;89.612;0;NA;NA;NA;0;4.165;93.777;NA;NA%;NA%;18,95%;NA%;9,08%
RPW SCMEPP - PRUDENCIAL;1000083209;n1;S5;I;2;SAO PAULO;SP;03/2021;NA;NA;NA;NA;12.281;86.090;0;NA;NA;NA;0;6.978;93.068;NA;NA%;NA%;13,20%;NA%;11,97%
COOPERATIVA DE CRÉDITO DE LIVRE ADMISSÃO DE ASSOCIADOS DE GUARAMIRIM - CREVISC;10143743;b3S;S5;I;2;GUARAMIRIM;SC;03/2021;NA;NA;NA;NA;25.702;86.325;0;NA;NA;NA;0;6.733;93.058;NA;NA%;NA%;27,62%;NA%;8,88%
OM DTVM LTDA - PRUDENCIAL;1000084239;n2;S4;I;2;SAO PAULO;SP;03/2021;19.922;0;19.922;0;19.922;13.381;7.735;0;14;0;7.749;70.438;91.568;NA;21,76%;21,76%;21,76%;NA%;4,73%
COOPERATIVA DE CRÉDITO DE LIVRE ADMISSÃO DE SANTA CRUZ DAS PALMEIRAS E REGIÃO;6910457;b3S;S5;I;2;SANTA CRUZ DAS PALMEIRAS;SP;03/2021;NA;NA;NA;NA;14.938;85.078;0;NA;NA;NA;0;5.960;91.038;NA;NA%;NA%;16,41%;NA%;18,17%
COOPERATIVA DE CRÉDITO DE LIVRE ADMISSÃO DA REGIÃO DE SÃO SEBASTIÃO DO PARAÍSO LTDA. - SICOOB PARAÍSOCRED;1657678;b3S;S5;I;2;SAO SEBASTIAO DO PARAISO;MG;03/2021;NA;NA;NA;NA;19.145;82.591;0;NA;NA;NA;0;7.427;90.018;NA;NA%;NA%;21,27%;NA%;16,22%
COOPERATIVA DE CRÉDITO RURAL COM INTERAÇÃO SOLIDÁRIA DE TANGARÁ - CRESOL TANGARÁ;7946451;b3S;S5;I;2;TANGARA;SC;03/2021;NA;NA;NA;NA;14.031;86.009;0;NA;NA;NA;0;3.833;89.842;NA;NA%;NA%;15,62%;NA%;11,00%
COOPERATIVA DE CRéDITO DE LIVRE ADMISSãO SICOOB CREDIACIL;8795285;b3S;S5;I;2;LEME;SP;03/2021;NA;NA;NA;NA;17.648;83.683;0;NA;NA;NA;0;5.677;89.359;NA;NA%;NA%;19,75%;NA%;18,30%
COOPERATIVA DE CRÉDITO RURAL COM INTERAÇÃO SOLIDÁRIA DE CURITIBANOS - CRESOL CURITIBANOS;1155801;b3S;S5;I;2;CURITIBANOS;SC;03/2021;NA;NA;NA;NA;18.363;84.627;0;NA;NA;NA;0;3.877;88.504;NA;NA%;NA%;20,75%;NA%;12,78%
COOPERATIVA DE CREDITO CREDIAGRO LTDA. - SICOOB CREDIAGRO;429890;b3S;S5;I;2;CAMPOS ALTOS;MG;03/2021;NA;NA;NA;NA;34.172;83.398;0;NA;NA;NA;0;5.066;88.464;NA;NA%;NA%;38,63%;NA%;1,58%
COOPERATIVA DE ECONOMIA E CRÉDITO MÚTUO DOS FUNCIONÁRIOS DO ATACADÃO;52046299;b3S;S5;I;2;SAO PAULO;SP;03/2021;NA;NA;NA;NA;93.232;84.462;0;NA;NA;NA;0;3.676;88.139;NA;NA%;NA%;105,78%;NA%;0,02%
COBUCCIO SCFI - PRUDENCIAL;1000085173;n1;S4;C;2;MONTE BELO;MG;03/2021;40.716;0;40.716;0;40.716;0;0;0;0;0;0;87.481;87.481;NA;46,54%;46,54%;46,54%;NA%;24,85%
COOPERATIVA DE CRÉDITO DE LIVRE ADMISSÃO DE CARMO DO RIO CLARO LTDA - SICOOB CREDICARMO;25743311;b3S;S5;I;2;CARMO DO RIO CLARO;MG;03/2021;NA;NA;NA;NA;35.286;81.981;0;NA;NA;NA;0;5.228;87.210;NA;NA%;NA%;40,46%;NA%;17,32%
COOPERATIVA DE CRÉDITO DOS EMPREGADOS DO GRUPO VALLOUREC NO BRASIL - COOVALL LTDA.;64293582;b3S;S5;I;2;BELO HORIZONTE;MG;03/2021;NA;NA;NA;NA;99.986;82.337;0;NA;NA;NA;0;4.604;86.941;NA;NA%;NA%;115,00%;NA%;0,00%
COOPERATIVA DE CREDITO RURAL COM INTERACAO SOLIDARIA DE SAO JOAQUIM-CRESOL SÃO JOAQUIM;2766672;b3S;S5;I;2;SAO JOAQUIM;SC;03/2021;NA;NA;NA;NA;17.489;82.362;0;NA;NA;NA;0;3.946;86.308;NA;NA%;NA%;20,26%;NA%;16,26%
SENSO CCVM S.A. - PRUDENCIAL;1000082750;n2;S4;I;2;RIO DE JANEIRO;RJ;03/2021;31.123;0;31.123;0;31.123;31.479;0;0;643;39.360;40.003;13.754;85.236;NA;36,51%;36,51%;36,51%;NA%;0,49%
COOPERATIVA DE CRÉDITO NORTE SUL DA BAHIA LTDA - SICOOB NORTE SUL;2876918;b3S;S5;I;2;GANDU;BA;03/2021;NA;NA;NA;NA;13.454;77.611;0;NA;NA;NA;0;7.372;84.983;NA;NA%;NA%;15,83%;NA%;12,72%
COOPERATIVA DE CRÉDITO RURAL COM INTERAÇÃO SOLIDÁRIA DE WITMARSUM - CRESOL WITMARSUM;7465539;b3S;S5;I;2;WITMARSUM;SC;03/2021;NA;NA;NA;NA;19.743;80.669;0;NA;NA;NA;0;3.589;84.258;NA;NA%;NA%;23,43%;NA%;7,87%
COOPERATIVA DE CRÉDITO MÚTUO DOS EMPREGADOS DA MAXION - CREDMAXION;58290800;b3S;S5;I;2;CRUZEIRO;SP;03/2021;NA;NA;NA;NA;95.544;79.803;0;NA;NA;NA;0;4.412;84.214;NA;NA%;NA%;113,45%;NA%;0,76%
COOPERATIVA DE CREDITO DE LIVRE ADMISSÃO DO VALE DO GORUTUBA LTDA - SICOOB CREDIVAG;25404542;b3S;S5;I;2;JANAUBA;MG;03/2021;NA;NA;NA;NA;27.248;76.053;0;NA;NA;NA;0;6.978;83.030;NA;NA%;NA%;32,82%;NA%;11,74%
COOPERATIVA DE CRÉDITO VALE DO CANOAS - SICOOB/SC CREDICANOAS;707903;b3S;S5;I;2;ABDON BATISTA;SC;03/2021;NA;NA;NA;NA;20.979;77.065;0;NA;NA;NA;0;5.173;82.238;NA;NA%;NA%;25,51%;NA%;3,93%
COOPERATIVA DE ECONOMIA E CRÉDITO MÚTUO DOS SERVIDORES DO PODER EXECUTIVO FEDERAL, DOS SERVIDORES DA SECRETARIA DE SAÚDE E DOS TRABALHADORES EM ENSINO DO DISTRITO FEDERAL LTDA.   SICOOB EXECUTIVO;694877;b3S;S5;I;2;BRASILIA;DF;03/2021;NA;NA;NA;NA;12.915;71.798;0;NA;NA;NA;0;10.323;82.121;NA;NA%;NA%;15,73%;NA%;17,08%
COOPERATIVA DE ECONOMIA E CRÉDITO MÚTUO DOS MÉDICOS E DEMAIS PROFISSIONAIS DE NÍVEL SUPERIOR DA ÁREA DE SAÚDE DE OURINHOS - OURICRED;2179673;b3S;S5;I;2;OURINHOS;SP;03/2021;NA;NA;NA;NA;16.485;77.927;0;NA;NA;NA;0;4.090;82.017;NA;NA%;NA%;20,10%;NA%;5,62%
CONFEDERAÇÃO NACIONAL DAS COOPERATIVAS CENTRAIS DE CRÉDITO E ECONOMIA FAMILIAR E SOLIDÁRIA - CRESOL CONFEDERAÇÃO;10398952;b3C;S4;I;2;FLORIANOPOLIS;SC;03/2021;15.149;0;15.149;0;15.149;76.130;0;0;156;0;156;5.626;81.913;878.985;18,49%;18,49%;18,49%;1,72%;36,17%
COOPERATIVA DE CRÉDITO DE LIVRE ADMISSÃO DE ASSOCIADOS DE CAÇADOR   SICOOB CAÇADOR SC;86791837;b3S;S5;I;2;CACADOR;SC;03/2021;NA;NA;NA;NA;16.631;75.518;0;NA;NA;NA;0;5.435;80.953;NA;NA%;NA%;20,54%;NA%;9,62%
COOPERATIVA DE CRÉDITO DE LIVRE ADMISSÃO DO SERTÃO DE MINAS GERAIS LTDA. - SICOOB SERTÃO MINAS;1667352;b3S;S5;I;2;PIRAPORA;MG;03/2021;NA;NA;NA;NA;15.718;75.877;0;NA;NA;NA;0;5.048;80.925;NA;NA%;NA%;19,42%;NA%;11,89%
COOPERATIVA DE CREDITO RURAL E ECONOMIA COM INTERAÇÃO SOLIDARIA DAS ENCOSTAS DA SERRA GERAL - CRESOL ENCOSTAS DA SERRA GERAL;3485130;b3S;S5;I;2;SANTA ROSA DE LIMA;SC;03/2021;NA;NA;NA;NA;13.386;75.148;0;NA;NA;NA;0;4.986;80.133;NA;NA%;NA%;16,70%;NA%;7,42%
COOPERATIVA DE CRÉDITO DE LIVRE ADMISSÃO DE CAMPOS GERAIS E CAMPO DO MEIO LTDA - SICOOB CREDCAM;71146450;b3S;S5;I;2;CAMPOS GERAIS;MG;03/2021;NA;NA;NA;NA;20.263;75.646;0;NA;NA;NA;0;4.465;80.111;NA;NA%;NA%;25,29%;NA%;11,72%
COOPERATIVA DE CRÉDITO RURAL DOS FORNECEDORES DE CANA DA REGIÃO DE CATANDUVA-COFOCRED;49654502;b3S;S5;I;2;CATANDUVA;SP;03/2021;NA;NA;NA;NA;80.265;77.345;0;NA;NA;NA;0;2.683;80.028;NA;NA%;NA%;100,30%;NA%;0,63%
COOPERATIVA DE CRÉDITO DE LIVRE ADMISSÃO DO CENTRO SUL DE MATO GROSSO DO SUL - SICOOB CENTRO SUL MS;10319386;b3S;S5;I;2;DOURADOS;MS;03/2021;NA;NA;NA;NA;18.289;71.879;0;NA;NA;NA;0;7.827;79.707;NA;NA%;NA%;22,94%;NA%;8,63%
COOPERATIVA DE CRÉDITO CREDICAMPINA LTDA. - SICOOB CREDICAMPINA;1609345;b3S;S5;I;2;CAMPINA VERDE;MG;03/2021;NA;NA;NA;NA;15.041;75.173;0;NA;NA;NA;0;4.257;79.430;NA;NA%;NA%;18,94%;NA%;17,95%
COOPERATIVA DE CRÉDITO, POUPANÇA E INVESTIMENTO DOS MÉDICOS E DEMAIS PROFISSIONAIS DA SAÚDE E LIVRE ADMISSÃO MINAS - ESPÍRITO SANTO LTDA. - UNICRED MINAS - ES;1110032;b3S;S5;I;2;VITORIA;ES;03/2021;NA;NA;NA;NA;17.176;76.088;0;NA;NA;NA;0;3.023;79.111;NA;NA%;NA%;21,71%;NA%;9,10%
CREDITÁ S.A. CFI - PRUDENCIAL;1000083687;n1;S5;I;2;PORTO ALEGRE;RS;03/2021;NA;NA;NA;NA;20.956;76.448;0;NA;NA;NA;0;2.638;79.086;NA;NA%;NA%;26,50%;NA%;1,24%
COOPERATIVA DE ECONOMIA E CRÉDITO MÚTUO DO VALE DAS ANTAS LTDA. - UNICRED VALE DAS ANTAS;94243839;b3S;S5;I;2;CASCA;RS;03/2021;NA;NA;NA;NA;20.929;76.056;0;NA;NA;NA;0;2.951;79.007;NA;NA%;NA%;26,49%;NA%;3,12%
PARMETAL DTVM LTDA - PRUDENCIAL;1000084019;n2;S4;I;2;BARUERI;SP;03/2021;21.303;0;21.303;0;21.303;5.306;32.243;0;0;0;32.243;41.298;78.847;NA;27,02%;27,02%;27,02%;NA%;1,23%
COOPERATIVA DE CRÉDITO RURAL COM INTERAÇÃO SOLIDÁRIA DE ALFREDO WAGNER - CRESOL ALFREDO WAGNER;5494591;b3S;S5;I;2;ALFREDO WAGNER;SC;03/2021;NA;NA;NA;NA;12.454;76.288;0;NA;NA;NA;0;2.431;78.719;NA;NA%;NA%;15,82%;NA%;16,30%
COOPERATIVA DE ECONOMIA E CRÉDITO MÚTUO DOS EMPREGADOS DO GRUPO PÃO DE AÇÚCAR;46277273;b3S;S5;I;2;SAO PAULO;SP;03/2021;NA;NA;NA;NA;90.822;73.646;0;NA;NA;NA;0;4.080;77.726;NA;NA%;NA%;116,85%;NA%;0,25%
AGENCIA DE FOMENTO DO RN S.A. - PRUDENCIAL;1000081043;n1;S4;I;1;NATAL;RN;03/2021;51.611;0;51.611;0;51.611;59.869;0;0;0;0;0;16.807;76.676;NA;67,31%;67,31%;67,31%;NA%;2,10%
COOPERATIVA DE ECONOMIA E CREDITO MUTUO DOS MEDICOS E CATEGORIAS AFINS-UNICRED NITEROI LTDA;1090027;b3S;S5;I;2;NITEROI;RJ;03/2021;NA;NA;NA;NA;24.521;71.246;0;NA;NA;NA;0;5.251;76.496;NA;NA%;NA%;32,06%;NA%;9,00%
COOPERATIVA DE CRÉDITO MÚTUO DOS PROFISSIONAIS DE NÍVEL SUPERIOR DA SAÚDE, ARQUITETOS E URBANISTAS DE SETE LAGOAS E REGIÃO LTDA - UNICRED SETE LAGOAS;71163315;b3S;S5;I;2;SETE LAGOAS;MG;03/2021;NA;NA;NA;NA;19.574;72.622;0;NA;NA;NA;0;3.872;76.493;NA;NA%;NA%;25,59%;NA%;1,12%
COOPERATIVA DE ECONOMIA E CREDITO MUTUO SICOOB COOPERCREDI - SP;915950;b3S;S5;I;2;SAO PAULO;SP;03/2021;NA;NA;NA;NA;56.193;66.853;0;NA;NA;NA;0;9.381;76.233;NA;NA%;NA%;73,71%;NA%;6,99%
COOPERATIVA DE CRÉDITO SICOOB TRANSAMAZÔNICA;24431221;b3S;S5;I;2;PACAJA;PA;03/2021;NA;NA;NA;NA;11.793;67.700;0;NA;NA;NA;0;8.526;76.226;NA;NA%;NA%;15,47%;NA%;14,93%
AF ESTADO DE PERNAMBUCO S.A. - PRUDENCIAL;1000081177;n1;S4;I;1;RECIFE;PE;03/2021;58.462;0;58.462;0;58.462;61.472;0;0;0;0;0;14.706;76.178;NA;76,74%;76,74%;76,74%;NA%;0,33%
COOPERATIVA DE ECONOMIA E CRÉDITO MÚTUO DE LIVRE ADMISSÃO DE ARARAQUARA E REGIÃO - SICOOB;53236808;b3S;S5;I;2;ARARAQUARA;SP;03/2021;NA;NA;NA;NA;13.426;70.138;0;NA;NA;NA;0;5.671;75.808;NA;NA%;NA%;17,71%;NA%;3,85%
COOPERATIVA DE CRÉDITO DE LIVRE ADMISSÃO DE PIRACANJUBA LTDA;5222094;b3S;S5;I;2;PIRACANJUBA;GO;03/2021;NA;NA;NA;NA;17.130;71.954;0;NA;NA;NA;0;3.279;75.233;NA;NA%;NA%;22,77%;NA%;4,28%
JBCRED S.A. SCFI - PRUDENCIAL;1000083137;n1;S5;I;2;SAO PAULO;SP;03/2021;NA;NA;NA;NA;93.937;49.159;0;NA;NA;NA;0;25.774;74.933;NA;NA%;NA%;125,36%;NA%;1,41%
CREDISIS CAPITALCREDI - COOPERATIVA DE CRÉDITO DE LIVRE ADMISSÃO DO ACRE LTDA;5439425;b3S;S5;I;2;RIO BRANCO;AC;03/2021;NA;NA;NA;NA;22.747;68.913;0;NA;NA;NA;0;5.756;74.669;NA;NA%;NA%;30,46%;NA%;3,90%
COOPERATIVA DE ECONOMIA E CRÉDITO MÚTUO DOS TRABALHADORES DO GRUPO SÃO MARTINHO   USICRED;2562412;b3S;S5;I;2;PRADOPOLIS;SP;03/2021;NA;NA;NA;NA;82.761;70.105;0;NA;NA;NA;0;3.705;73.811;NA;NA%;NA%;112,13%;NA%;0,09%
COOPERATIVA DE CRÉDITO DO SUDOESTE BAIANO LTDA - SICOOB CREDICONQUISTA;2282165;b3S;S5;I;2;VITORIA DA CONQUISTA;BA;03/2021;NA;NA;NA;NA;20.885;65.631;0;NA;NA;NA;0;7.622;73.253;NA;NA%;NA%;28,51%;NA%;7,80%
COOPERATIVA DE CRÉDITO CREDIESMERALDAS LTDA. - SICOOB CREDIESMERALDAS;68512748;b3S;S5;I;2;ESMERALDAS;MG;03/2021;NA;NA;NA;NA;15.987;64.862;0;NA;NA;NA;0;7.947;72.809;NA;NA%;NA%;21,96%;NA%;25,26%
COOPERATIVA DE CRÉDITO RURAL DE IRAÍ DE MINAS LTDA -SICOOB CREDIMIL;71207740;b3S;S5;I;2;IRAI DE MINAS;MG;03/2021;NA;NA;NA;NA;31.750;69.631;0;NA;NA;NA;0;2.956;72.588;NA;NA%;NA%;43,74%;NA%;2,04%
COOPERATIVA DE CRÉDITO SICOOB UNIDAS;1042487;b3S;S5;I;2;BELEM;PA;03/2021;NA;NA;NA;NA;21.000;63.914;0;NA;NA;NA;0;8.040;71.954;NA;NA%;NA%;29,19%;NA%;20,63%
COOPERATIVA DE CRÉDITO DE LIVRE ADMISSÃO DE BAMBUÍ LTDA. - SICOOB CREDIBAM;66259110;b3S;S5;I;2;BAMBUI;MG;03/2021;NA;NA;NA;NA;26.338;66.493;0;NA;NA;NA;0;5.123;71.616;NA;NA%;NA%;36,78%;NA%;14,51%
COOPERATIVA DE CRÉDITO E ECONOMIA COM INTERAÇÃO SOLIDÁRIA DE XAVANTINA - CRESOL XAVANTINA;8055016;b3S;S5;I;2;XAVANTINA;SC;03/2021;NA;NA;NA;NA;17.033;68.529;0;NA;NA;NA;0;2.438;70.967;NA;NA%;NA%;24,00%;NA%;4,82%
UNIPRIME SUL MS - COOPERATIVA DE CRÉDITO;37554441;b3S;S5;I;2;DOURADOS;MS;03/2021;NA;NA;NA;NA;33.208;66.783;0;NA;NA;NA;0;4.005;70.789;NA;NA%;NA%;46,91%;NA%;5,47%
COOPERATIVA DE CRÉDITO RURAL E ECONOMIA COM INTERAÇÃO SOLIDÁRIA DE JACUTINGA - CRESOL JACUTINGA;2904125;b3S;S5;I;2;JACUTINGA;RS;03/2021;NA;NA;NA;NA;11.115;66.348;0;NA;NA;NA;0;3.661;70.009;NA;NA%;NA%;15,88%;NA%;14,01%
COOPERATIVA DE CRÉDITO DOS INTEGRANTES DO MINISTÉRIO PÚBLICO E DO PODER JUDICIÁRIO NOS ESTADOS DO AMAPÁ E CEARÁ E LIVRE ADMISSÃO NO ESTADO DO PARÁ - SICOOB COIMPPA;84156470;b3S;S5;I;2;BELEM;PA;03/2021;NA;NA;NA;NA;60.827;63.252;0;NA;NA;NA;0;6.042;69.294;NA;NA%;NA%;87,78%;NA%;1,14%
COOPERATIVA DE CRÉDITO DE LIVRE ADMISSÃO DE ITAJUBÁ LTDA - SICOOB SUL DE MINAS;4079285;b3S;S5;I;2;ITAJUBA;MG;03/2021;NA;NA;NA;NA;14.091;63.475;0;NA;NA;NA;0;5.769;69.244;NA;NA%;NA%;20,35%;NA%;9,66%
COOPERATIVA DE CRÉDITO RURAL DE SÃO MIGUEL DO OESTE - SULCREDI/SÃO MIGUEL;8253539;b3S;S5;I;2;SAO MIGUEL D'OESTE;SC;03/2021;NA;NA;NA;NA;11.031;66.692;0;NA;NA;NA;0;2.530;69.222;NA;NA%;NA%;15,93%;NA%;10,82%
GUITTA CC LTDA - PRUDENCIAL;1000082107;n2;S4;I;2;SAO PAULO;SP;03/2021;9.506;0;9.506;0;9.506;7.563;2.432;0;16.791;597;19.820;40.839;68.223;NA;13,93%;13,93%;13,93%;NA%;15,39%
COOPERATIVA DE CRÉDITO SICREDI ALTO SERTÃO PARAIBANO - SICREDI ALTO SERTÃO PARAIBANO;9343038;b3S;S5;I;2;SOUSA;PB;03/2021;NA;NA;NA;NA;34.337;62.946;0;NA;NA;NA;0;5.088;68.034;NA;NA%;NA%;50,47%;NA%;2,34%
COOPERATIVA DE CRÉDITO, POUPANÇA E INVESTIMENTO DOS JUÍZES E CARREIRAS PÚBLICAS DO DIREITO DO ESTADO DO RIO GRANDE DO SUL - SICREDI AJURIS RS;3750034;b3S;S4;I;2;PORTO ALEGRE;RS;03/2021;16.472;0;16.472;0;16.472;67.301;0;0;59;0;59;666;68.026;184.099;24,21%;24,21%;24,21%;8,95%;3,17%
COOPERATIVA DE CRÉDITO DE LIVRE ADMISSÃO DE ASSOCIADOS DE JARAGUÁ DO SUL E REGIÃO - SICOOB CEJASCRED;12384953;b3S;S5;I;2;JARAGUA DO SUL;SC;03/2021;NA;NA;NA;NA;12.193;63.842;0;NA;NA;NA;0;4.159;68.000;NA;NA%;NA%;17,93%;NA%;3,31%
COOPERATIVA DE CREDITO RURAL COM INTERACAO SOLIDARIA DE SARANDI-CRESOL SARANDI;5220243;b3S;S5;I;2;SARANDI;RS;03/2021;NA;NA;NA;NA;8.450;64.570;0;NA;NA;NA;0;3.379;67.949;NA;NA%;NA%;12,44%;NA%;11,88%
COOPERATIVA DE CRÉDITO RURAL E ECONOMIA COM INTERAÇÃO SOLIDÁRIA DE ARATIBA - CRESOL ARATIBA;4565791;b3S;S5;I;2;ARATIBA;RS;03/2021;NA;NA;NA;NA;9.858;64.756;0;NA;NA;NA;0;2.645;67.401;NA;NA%;NA%;14,63%;NA%;4,55%
COOPERATIVA DE CRÉDITO, POUPANÇA E INVESTIMENTO DOS MILITARES ESTADUAIS DO RIO GRANDE DO SUL - SICREDI MIL RS;3212823;b3S;S4;I;2;PORTO ALEGRE;RS;03/2021;16.076;0;16.076;0;16.076;66.272;0;0;18;0;18;1.090;67.380;108.098;23,86%;23,86%;23,86%;14,87%;5,31%
UNICRED REGIONAL NORTE LAGOS - COOPERATIVA DE ECONOMIA E CRÉDITO MÚTUO REGIONAL NORTE LAGOS LTDA;4445917;b3S;S5;I;2;CAMPOS DOS GOYTACAZES;RJ;03/2021;NA;NA;NA;NA;18.268;61.986;0;NA;NA;NA;0;5.250;67.235;NA;NA%;NA%;27,17%;NA%;2,95%
COOPERATIVA DE CRÉDITO COGEM;44401800;b3S;S5;I;2;SAO BERNARDO DO CAMPO;SP;03/2021;NA;NA;NA;NA;74.062;63.384;0;NA;NA;NA;0;3.584;66.968;NA;NA%;NA%;110,59%;NA%;1,01%
CONFEDERAÇÃO NACIONAL DAS COOPERATIVAS CENTRAIS UNICRED LTDA. - UNICRED DO BRASIL.;315557;b3C;S4;I;2;SAO PAULO;SP;03/2021;38.399;0;38.399;1.884;40.283;43.278;0;0;7.721;0;7.721;15.785;66.784;743.631;57,50%;57,50%;60,32%;5,16%;33,07%
COOPERATIVA DE CRÉDITO SICOOBMAIS  LTDA. - SICOOBMAIS;26359745;b3S;S5;I;2;IGUATAMA;MG;03/2021;NA;NA;NA;NA;20.004;62.820;0;NA;NA;NA;0;3.770;66.590;NA;NA%;NA%;30,04%;NA%;17,03%
COOPERATIVA DE ECONOMIA E CRÉDITO MÚTUO DOS FUNCIONÁRIOS DA NESTLÉ - CREDI NESTLÉ;62562012;b3S;S5;I;2;SAO PAULO;SP;03/2021;NA;NA;NA;NA;70.339;62.664;0;NA;NA;NA;0;2.950;65.614;NA;NA%;NA%;107,20%;NA%;0,11%
COOPERATIVA DE CRÉDITO E ECONOMIA COM INTERAÇÃO SOLIDÁRIA DE DIONÍSIO CERQUEIRA - CRESOL DIONÍSIO CERQUEIRA;2844024;b3S;S5;I;2;DIONISIO CERQUEIRA;SC;03/2021;NA;NA;NA;NA;13.974;62.419;0;NA;NA;NA;0;2.220;64.639;NA;NA%;NA%;21,62%;NA%;6,84%
COOPERATIVA DE CRÉDITO RURAL COM INTERAÇÃO SOLIDÁRIA DE APIÚNA - CRESOL APIÚNA;7215632;b3S;S5;I;2;APIUNA;SC;03/2021;NA;NA;NA;NA;12.131;62.152;0;NA;NA;NA;0;2.390;64.542;NA;NA%;NA%;18,80%;NA%;20,18%
COOPERATIVA DE CRÉDITO RURAL E ECONOMIA COM INTERAÇÃO SOLIDÁRIA DE GETÚLIO VARGAS - CRESOL GETÚLIO VARGAS;5241145;b3S;S5;I;2;GETULIO VARGAS;RS;03/2021;NA;NA;NA;NA;11.083;59.735;0;NA;NA;NA;0;3.036;62.771;NA;NA%;NA%;17,66%;NA%;8,66%
BCO LA NACION ARGENTINA - PRUDENCIAL;1000081270;b1;S4;I;3;SAO PAULO;SP;03/2021;27.503;0;27.503;0;27.503;38.135;22.792;0;0;0;22.792;1.333;62.260;71.003;44,17%;44,17%;44,17%;38,73%;52,91%
COOPERATIVA DE CREDITO CLASSICA DO ESTADO DO RIO DE JANEIRO - SICOOB EMPRESAS RJ;4120633;b3S;S5;I;2;RIO DE JANEIRO;RJ;03/2021;NA;NA;NA;NA;19.610;50.093;0;NA;NA;NA;0;12.023;62.116;NA;NA%;NA%;31,57%;NA%;8,48%
COOPERATIVA DE CRÉDITO E INVESTIMENTOS DO ACRE - SICOOB ACRE;3528402;b3S;S5;I;2;RIO BRANCO;AC;03/2021;NA;NA;NA;NA;26.099;54.432;0;NA;NA;NA;0;6.882;61.313;NA;NA%;NA%;42,57%;NA%;22,93%
COOPERATIVA DE CRÉDITO RURAL COM INTERAÇÃO SOLIDÁRIA DE POUSO REDONDO - CRESOL POUSO REDONDO;10453077;b3S;S5;I;2;POUSO REDONDO;SC;03/2021;NA;NA;NA;NA;12.053;58.710;0;NA;NA;NA;0;2.494;61.205;NA;NA%;NA%;19,69%;NA%;6,57%
COOPERATIVA DE CREDITO E ECONOMIA COM INTERACAO SOLIDARIA DE CHAPECO - CRESOL CHAPECO;4281182;b3S;S5;I;2;CHAPECO;SC;03/2021;NA;NA;NA;NA;12.640;57.643;0;NA;NA;NA;0;3.490;61.134;NA;NA%;NA%;20,68%;NA%;18,24%
COOPERATIVA DE ECONOMIA E CRÉDITO MÚTUO DOS MILITARES ESTADUAIS DE SANTA CATARINA - CREDPOM;4572960;b3S;S5;I;2;FLORIANOPOLIS;SC;03/2021;NA;NA;NA;NA;11.214;55.484;0;NA;NA;NA;0;4.263;59.746;NA;NA%;NA%;18,77%;NA%;9,42%
COOPERATIVA DE CRÉDITO E INVESTIMENTO DO SUDOESTE DE RONDÔNIA LTDA. - CREDISIS SUDOESTE/RO;3985375;b3S;S5;I;2;ROLIM DE MOURA;RO;03/2021;NA;NA;NA;NA;18.599;54.264;0;NA;NA;NA;0;5.144;59.408;NA;NA%;NA%;31,31%;NA%;10,74%
COOPERATIVA DE CRÉDITO DE LIVRE ADMISSÃO DE CAPITÓLIO LTDA   SICOOB CREDICAPI;804046;b3S;S5;I;2;CAPITOLIO;MG;03/2021;NA;NA;NA;NA;14.089;55.230;0;NA;NA;NA;0;4.161;59.392;NA;NA%;NA%;23,72%;NA%;3,79%
COOPERATIVA DE CRÉDITO DE LIVRE ADMISSÃO DA MARGEM ESQUERDA DO URUCUIA E SÃO FRANCISCO LTDA - SICOOB CREDICHAPADA;14046512;b3S;S5;I;2;CHAPADA GAUCHA;MG;03/2021;NA;NA;NA;NA;14.000;54.365;0;NA;NA;NA;0;4.531;58.896;NA;NA%;NA%;23,77%;NA%;4,93%
COOPERATIVA DE CRÉDITO SICOOB IPÊ - SICOOB IPÊ;24610065;b3S;S5;I;2;CAMPO GRANDE;MS;03/2021;NA;NA;NA;NA;9.979;55.457;0;NA;NA;NA;0;3.407;58.863;NA;NA%;NA%;16,95%;NA%;8,54%
COOPERATIVA DE ECONOMIA E CRÉDITO MÚTUO DOS MÉDICOS, DEMAIS PROFISSIONAIS DA SAÚDE E EMPRESÁRIOS DE CRUZ ALTA LTDA - SICOOB CRUZ ALTA;73326449;b3S;S5;I;2;CRUZ ALTA;RS;03/2021;NA;NA;NA;NA;11.096;54.206;0;NA;NA;NA;0;3.976;58.181;NA;NA%;NA%;19,07%;NA%;11,51%
BANCO XCMG BRASIL - PRUDENCIAL;1000085300;b2;S4;I;3;POUSO ALEGRE;MG;03/2021;80.358;0;80.358;0;80.358;51.860;0;0;0;0;0;5.947;57.807;84.131;139,01%;139,01%;139,01%;95,52%;0,17%
COOPERATIVA CENTRAL DE CRÉDITO, POUPANÇA E INVESTIMENTO DO CENTRO NORTE DO BRASIL - CENTRAL SICREDI CENTRO NORTE;33667205;b3C;S4;I;2;CUIABA;MT;03/2021;68.574;0;68.574;0;68.574;57.553;22;18;186;16;241;0;57.794;3.857.373;118,65%;118,65%;118,65%;1,78%;2,58%
ATRIA S.A. - CFI - PRUDENCIAL;1000083508;n1;S5;I;2;ARAUCARIA;PR;03/2021;NA;NA;NA;NA;63.438;53.700;0;NA;NA;NA;0;3.749;57.449;NA;NA%;NA%;110,42%;NA%;0,00%
PIAUÍ FOMENTO - PRUDENCIAL;1000081160;n1;S4;I;1;TERESINA;PI;03/2021;17.252;0;17.252;0;17.252;54.197;0;0;0;0;0;3.198;57.395;NA;30,06%;30,06%;30,06%;NA%;0,35%
COOPERATIVA DE CRÉDITO E ECONOMIA COM INTERAÇÃO SOLIDÁRIA DE PINHALZINHO - CRESOL PINHALZINHO;7412987;b3S;S5;I;2;PINHALZINHO;SC;03/2021;NA;NA;NA;NA;8.783;55.020;0;NA;NA;NA;0;2.352;57.372;NA;NA%;NA%;15,31%;NA%;17,54%
COOPERATIVA DE ECONOMIA E CRÉDITO MÚTUO DOS EMPREGADOS DO GRUPO FEMSA BRASIL;43488782;b3S;S5;I;2;SAO PAULO;SP;03/2021;NA;NA;NA;NA;61.104;53.594;0;NA;NA;NA;0;3.422;57.016;NA;NA%;NA%;107,17%;NA%;0,38%
COOPERATIVA DE CRÉDITO DE LIVRE ADMISSÃO DO ESTADO DO PARÁ - SICOOB COOESA;83836114;b3S;S5;I;2;BELEM;PA;03/2021;NA;NA;NA;NA;16.073;51.516;0;NA;NA;NA;0;4.945;56.462;NA;NA%;NA%;28,47%;NA%;17,35%
COOPERATIVA DE CREDITO POTIGUAR - SICOOB POTIGUAR;2382755;b3S;S5;I;2;NATAL;RN;03/2021;NA;NA;NA;NA;14.159;51.973;0;NA;NA;NA;0;4.341;56.314;NA;NA%;NA%;25,14%;NA%;8,18%
COOPERATIVA DE ECONOMIA E CRÉDITO MÚTUO DO GRUPO BASF;74244344;b3S;S5;I;2;SAO PAULO;SP;03/2021;NA;NA;NA;NA;59.890;53.904;0;NA;NA;NA;0;2.195;56.099;NA;NA%;NA%;106,76%;NA%;0,05%
AFAL - PRUDENCIAL;1000081081;n1;S4;I;1;MACEIO;AL;03/2021;26.631;0;26.631;0;26.631;50.473;0;0;0;0;0;5.602;56.074;NA;47,49%;47,49%;47,49%;NA%;9,69%
COOPERATIVA DE CRÉDITO DE LIVRE ADMISSÃO DA REGIÃO DO CAPARAÓ LTDA. - SICOOB SAÚDE;71261184;b3S;S5;I;2;CARATINGA;MG;03/2021;NA;NA;NA;NA;10.755;52.492;0;NA;NA;NA;0;3.255;55.747;NA;NA%;NA%;19,29%;NA%;3,16%
COOPERATIVA DE CRÉDITO DE RIO RUFINO - SICOOB CREDIUNIÃO;2448839;b3S;S5;I;2;RIO RUFINO;SC;03/2021;NA;NA;NA;NA;11.377;52.516;0;NA;NA;NA;0;3.132;55.648;NA;NA%;NA%;20,44%;NA%;17,15%
COOPERATIVA DE CRÉDITO SICOOB COOPEMAR LTDA;4174720;b3S;S5;I;2;MAIRI;BA;03/2021;NA;NA;NA;NA;11.317;50.383;0;NA;NA;NA;0;5.230;55.613;NA;NA%;NA%;20,35%;NA%;21,89%
COOPERATIVA DE CREDITO DE LIVRE ADMISSÃO DE MARTINHO CAMPOS LTDA - SICOOB CREDIMAC;64480833;b3S;S5;I;2;MARTINHO CAMPOS;MG;03/2021;NA;NA;NA;NA;14.847;51.888;0;NA;NA;NA;0;3.473;55.361;NA;NA%;NA%;26,82%;NA%;14,65%
COOPERATIVA DE CRÉDITO RURAL COM INTERAÇÃO SOLIDÁRIA DE TIRADENTES DO SUL - CRESOL TIRADENTES DO SUL;8805562;b3S;S5;I;2;TIRADENTES DO SUL;RS;03/2021;NA;NA;NA;NA;5.485;53.022;0;NA;NA;NA;0;1.694;54.716;NA;NA%;NA%;10,02%;NA%;17,98%
COOPERATIVA DE ECONOMIA E CRÉDITO MÚTUO DOS SERVIDORES PÚBLICOS DO ESTADO DE SÃO PAULO - CREDIPAULISTA;3139644;b3S;S5;I;2;SAO PAULO;SP;03/2021;NA;NA;NA;NA;50.144;52.615;0;NA;NA;NA;0;2.057;54.672;NA;NA%;NA%;91,72%;NA%;0,23%
UNICRED COSTA DO SOL RJ - COOPERATIVA DE ECONOMIA E CRÉDITO MÚTUO LTDA.;39231527;b3S;S5;I;2;MACAE;RJ;03/2021;NA;NA;NA;NA;14.699;50.936;0;NA;NA;NA;0;3.623;54.558;NA;NA%;NA%;26,94%;NA%;7,26%
COOPERATIVA DE CRÉDITO DA REGIÃO DO VALE DO RIO GRANDE LTDA. - SICOOB CREDILEITE;86585049;b3S;S5;I;2;UBERABA;MG;03/2021;NA;NA;NA;NA;12.116;50.626;0;NA;NA;NA;0;3.413;54.039;NA;NA%;NA%;22,42%;NA%;5,92%
COOPERATIVA DE CRÉDITO RURAL E ECONOMIA COM INTERAÇÃO SOLIDÁRIA CONCÓRDIA - CRESOL CONCÓRDIA;5425526;b3S;S5;I;2;CONCORDIA;SC;03/2021;NA;NA;NA;NA;8.800;51.532;0;NA;NA;NA;0;2.490;54.022;NA;NA%;NA%;16,29%;NA%;6,42%
COOPERATIVA DE CRÉDITO DE LIVRE ADMISSÃO DO OESTE MARANHENSE - SICOOB OESTE MARANHENSE;9424988;b3S;S5;I;2;ACAILANDIA;MA;03/2021;NA;NA;NA;NA;17.058;48.093;0;NA;NA;NA;0;5.909;54.002;NA;NA%;NA%;31,59%;NA%;9,26%
H.COMMCOR DTVM LTDA. - PRUDENCIAL;1000084222;n2;S4;I;2;SAO PAULO;SP;03/2021;12.207;0;12.207;0;12.207;20.087;394;0;15;0;409;32.882;53.378;NA;22,87%;22,87%;22,87%;NA%;5,94%
COOPERATIVA DE CREDITO , POUPANÇA E INVESTIMENTO DO ESTADO DO PIAUÍ - SICREDI PIAUÍ;3128973;b3S;S5;I;2;TERESINA;PI;03/2021;NA;NA;NA;NA;10.299;50.197;0;NA;NA;NA;0;3.146;53.342;NA;NA%;NA%;19,31%;NA%;19,06%
TREVISO CC S.A. - PRUDENCIAL;1000081885;n2;S4;I;2;SAO PAULO;SP;03/2021;5.354;0;5.354;0;5.354;5.079;3.213;0;19;0;3.232;44.991;53.303;NA;10,04%;10,04%;10,04%;NA%;9,95%
COOPERATIVA DE ECONOMIA E CRÉDITO MÚTUO DOS MAGISTRADOS DE SÃO PAULO - MAGISCRED;51489318;b3S;S5;I;2;SAO PAULO;SP;03/2021;NA;NA;NA;NA;11.266;49.857;0;NA;NA;NA;0;3.394;53.251;NA;NA%;NA%;21,16%;NA%;10,27%
COOPERATIVA DE CRÉDITO RURAL E ECONOMIA COM INTERAÇÃO SOLIDÁRIA DE SÃO VALENTIM - CRESOL SÃO VALENTIM;3015152;b3S;S5;I;2;SAO VALENTIM;RS;03/2021;NA;NA;NA;NA;8.378;50.402;0;NA;NA;NA;0;2.172;52.575;NA;NA%;NA%;15,94%;NA%;6,05%
COOPERATIVA DE CRÉDITO MÚTUO DOS POLICIAIS FEDERAIS E SERVIDORES DA UNIÃO NO CEARÁ E LIVRE ADMISSÃO NAS MESORREGIÕES METROPOLITANA DE FORTALEZA E SUL CEARENSE - SICOOB CEARÁ;3620772;b3S;S5;I;2;FORTALEZA;CE;03/2021;NA;NA;NA;NA;15.972;47.972;0;NA;NA;NA;0;4.565;52.537;NA;NA%;NA%;30,40%;NA%;3,38%
COOPERATIVA DE CRÉDITO MÚTUO DOS SERVIDORES MUNICIPAIS DE SÃO JOÃO DA BOA VISTA - CREDIVISTA;74248949;b3S;S5;I;2;SAO JOAO DA BOA VISTA;SP;03/2021;NA;NA;NA;NA;22.022;50.580;0;NA;NA;NA;0;1.957;52.536;NA;NA%;NA%;41,92%;NA%;2,57%
COOPERATIVA DE CRÉDITO E INVESTIMENTOS DE RONDÔNIA - SICOOB CREDJURD;4751713;b3S;S5;I;2;PORTO VELHO;RO;03/2021;NA;NA;NA;NA;27.743;45.991;0;NA;NA;NA;0;6.149;52.140;NA;NA%;NA%;53,21%;NA%;7,89%
COOPERATIVA DE ECONOMIA E CRÉDITO MÚTUO DOS PROFISSIONAIS DA ÁREA NOTARIAL E REGISTRAL - COOPNORE;7714057;b3S;S5;I;2;PORTO ALEGRE;RS;03/2021;NA;NA;NA;NA;7.155;44.950;0;NA;NA;NA;0;7.062;52.012;NA;NA%;NA%;13,76%;NA%;8,04%
COOPERATIVA DE ECONOMIA E CRÉDITO MÚTUO DOS EMPREGADOS DO BANRISUL;92935741;b3S;S5;I;2;PORTO ALEGRE;RS;03/2021;NA;NA;NA;NA;33.954;48.062;0;NA;NA;NA;0;3.921;51.983;NA;NA%;NA%;65,32%;NA%;1,38%
COOPERATIVA DE CREDITO CREDLIDER - SICOOB CREDLIDER;5463934;b3S;S5;I;2;VOTUPORANGA;SP;03/2021;NA;NA;NA;NA;15.328;48.471;0;NA;NA;NA;0;3.278;51.750;NA;NA%;NA%;29,62%;NA%;23,16%
COOPERATIVA DE CREDITO DE ITAPAGIPE LTDA - SICOOB ITAPAGIPE;71506513;b3S;S5;I;2;ITAPAGIPE;MG;03/2021;NA;NA;NA;NA;27.021;48.241;0;NA;NA;NA;0;3.135;51.376;NA;NA%;NA%;52,59%;NA%;4,21%
CODEPE CORRETORA DE VAL. S.A. - PRUDENCIAL;1000082712;n1;S4;C;2;RECIFE;PE;03/2021;45.132;0;45.132;0;45.132;9.633;1.310;0;14;27.843;29.167;12.513;51.314;NA;87,95%;87,95%;87,95%;NA%;3,89%
COOPERATIVA DE CRÉDITO DE LIVRE ADMISSÃO DE DORES DO INDAIÁ LTDA. - SICOOB CREDINDAIÁ;71069587;b3S;S5;I;2;DORES DO INDAIA;MG;03/2021;NA;NA;NA;NA;11.057;48.557;0;NA;NA;NA;0;2.633;51.190;NA;NA%;NA%;21,60%;NA%;20,28%
VORTX DTVM - PRUDENCIAL;1000084538;n2;S4;I;2;SAO PAULO;SP;03/2021;8.979;0;8.979;0;8.979;12.962;0;0;0;0;0;38.116;51.078;NA;17,58%;17,58%;17,58%;NA%;15,32%
COOPERATIVA DE ECONOMIA E CRÉDITO MÚTUO DOS EMPREGADOS DA COOP - COOPERATIVA DE CONSUMO E DOS EMPREGADOS DO SUPER MERCADO ZONA SUL S/A;47074323;b3S;S5;I;2;SANTO ANDRE;SP;03/2021;NA;NA;NA;NA;22.984;44.628;0;NA;NA;NA;0;6.265;50.893;NA;NA%;NA%;45,16%;NA%;2,95%
COOPERATIVA DE CRÉDITO RURAL - CREDICANA;44373041;b3S;S5;I;2;ASSIS;SP;03/2021;NA;NA;NA;NA;13.560;49.604;0;NA;NA;NA;0;857;50.462;NA;NA%;NA%;26,87%;NA%;0,49%
COOPERATIVA DE CREDITO RURAL COM INTERACAO SOLIDARIA DE MARCELINO RAMOS-CRESOL MARCELINO RAMOS;5211129;b3S;S5;I;2;MARCELINO RAMOS;RS;03/2021;NA;NA;NA;NA;6.183;48.480;0;NA;NA;NA;0;1.500;49.980;NA;NA%;NA%;12,37%;NA%;11,35%
COOPERATIVA DE ECONOMIA E CRÉDITO MÚTUO DOS SERVIDORES PÚBLICOS NO ESTADO DO ESPÍRITO SANTO;1330295;b3S;S5;I;2;VITORIA;ES;03/2021;NA;NA;NA;NA;32.591;43.404;0;NA;NA;NA;0;6.159;49.563;NA;NA%;NA%;65,76%;NA%;4,21%
COOPERATIVA DE CRÉDITO RURAL DE OURO   SULCREDI/OURO;7853842;b3S;S5;I;2;OURO;SC;03/2021;NA;NA;NA;NA;9.899;46.896;0;NA;NA;NA;0;2.017;48.913;NA;NA%;NA%;20,24%;NA%;9,12%
COOPERATIVA DE CREDITO DE LIVRE ADMISSÃO DA REGIÃO SUDESTE DE MINAS GERAIS LTDA. - SICOOB CREDISUCESSO;42887133;b3S;S5;I;2;BOM SUCESSO;MG;03/2021;NA;NA;NA;NA;10.619;44.437;0;NA;NA;NA;0;4.364;48.801;NA;NA%;NA%;21,76%;NA%;10,81%
BCO INDUSCRED DE INVESTIM. S/A - PRUDENCIAL;1000081342;b2;S4;I;2;SAO PAULO;SP;03/2021;17.120;0;17.120;0;17.120;44.441;0;0;0;0;0;3.760;48.201;44.005;35,52%;35,52%;35,52%;38,90%;0,20%
TORO CTVM LTDA - PRUDENCIAL;1000084772;n2;S4;C;2;BELO HORIZONTE;MG;03/2021;12.331;0;12.331;0;12.331;15.928;0;0;40;0;40;32.121;48.090;NA;25,64%;25,64%;25,64%;NA%;1,92%
COOPERATIVA DE CRÉDITO DOS MILITARES E DA SEGURANÇA PÚBLICA NO DISTRITO FEDERAL LTDA. - SICOOB DFMIL;4649337;b3S;S5;I;2;BRASILIA;DF;03/2021;NA;NA;NA;NA;8.606;44.160;0;NA;NA;NA;0;3.841;48.002;NA;NA%;NA%;17,93%;NA%;4,89%
DIRECAO S.A. CFI - PRUDENCIAL;1000083625;n1;S5;I;2;SANTOS;SP;03/2021;NA;NA;NA;NA;46.624;45.316;0;NA;NA;NA;0;2.581;47.897;NA;NA%;NA%;97,34%;NA%;0,11%
COOPERATIVA DE CRÉDITO SICOOB CREDCOOP LTDA.;2528151;b3S;S5;I;2;VITORIA DA CONQUISTA;BA;03/2021;NA;NA;NA;NA;16.233;44.399;0;NA;NA;NA;0;3.458;47.857;NA;NA%;NA%;33,92%;NA%;4,17%
SICOOB UNISP - COOPERATIVA DE CRÉDITO;74220948;b3S;S5;I;2;PRESIDENTE PRUDENTE;SP;03/2021;NA;NA;NA;NA;8.922;45.086;0;NA;NA;NA;0;2.427;47.513;NA;NA%;NA%;18,78%;NA%;6,18%
COOPERATIVA DE ECONOMIA E CRÉDITO MÚTUO DOS SERVIDORES DA UNIVERSIDADE FEDERAL DE VIÇOSA LTDA. - SICOOB UFVCREDI;2794761;b3S;S5;I;2;VICOSA;MG;03/2021;NA;NA;NA;NA;25.736;42.848;0;NA;NA;NA;0;4.527;47.375;NA;NA%;NA%;54,32%;NA%;1,43%
COOPERATIVA DE CRÉDITO RURAL COM INTERAÇÃO SOLIDÁRIA DE IRINEÓPOLIS - CRESOL IRINEÓPOLIS;9433005;b3S;S5;I;2;IRINEOPOLIS;SC;03/2021;NA;NA;NA;NA;6.900;44.584;0;NA;NA;NA;0;2.290;46.874;NA;NA%;NA%;14,72%;NA%;38,14%
MONEYCORP - PRUDENCIAL;1000082028;b2;S4;I;2;SAO PAULO;SP;03/2021;11.981;0;11.981;0;11.981;2.845;2.418;0;1.192;0;3.610;40.297;46.752;59.448;25,63%;25,63%;25,63%;20,15%;4,06%
COOPERATIVA DE CRÉDITO, POUPANÇA E INVESTIMENTO DOS POLICIAIS FEDERAIS DO RIO GRANDE DO SUL E SANTA CATARINA - SICREDI POL RS/SC;3000142;b3S;S4;I;2;PORTO ALEGRE;RS;03/2021;7.014;0;7.014;0;7.014;46.368;0;0;7;0;7;100;46.475;60.569;15,09%;15,09%;15,09%;11,58%;5,47%
COOPERATIVA DE CRÉDITO E ECONOMIA COM INTERAÇÃO SOLIDÁRIA DE VITOR MEIRELES - CRESOL VITOR MEIRELES;7320890;b3S;S5;I;2;VITOR MEIRELES;SC;03/2021;NA;NA;NA;NA;8.645;42.592;0;NA;NA;NA;0;3.685;46.277;NA;NA%;NA%;18,68%;NA%;23,32%
BIORC FINANCEIRA - CFI S.A. - PRUDENCIAL;1000083663;n1;S5;I;2;FLORIANOPOLIS;SC;03/2021;NA;NA;NA;NA;7.081;41.885;0;NA;NA;NA;0;4.136;46.021;NA;NA%;NA%;15,39%;NA%;5,77%
COOPERATIVA DE ECONOMIA E CREDITO MUTUO DOS MEDICOS E DEMAIS PROFISSIONAIS DA SAUDE DE JOACABA;2853045;b3S;S5;I;2;JOACABA;SC;03/2021;NA;NA;NA;NA;12.780;44.936;0;NA;NA;NA;0;547;45.483;NA;NA%;NA%;28,10%;NA%;0,01%
SICOOB CREDIMONTES - COOPERATIVA DE CRÉDITO DE LIVRE ADMISSÃO REGIONAL DE MONTES CLAROS LTDA;2031139;b3S;S5;I;2;MONTES CLAROS;MG;03/2021;NA;NA;NA;NA;13.254;40.381;0;NA;NA;NA;0;5.016;45.397;NA;NA%;NA%;29,20%;NA%;12,85%
NOVINVEST CVM LTDA - PRUDENCIAL;1000082808;n2;S4;I;2;SAO PAULO;SP;03/2021;13.819;0;13.819;0;13.819;14.388;0;0;8;25.859;25.867;4.907;45.162;NA;30,60%;30,60%;30,60%;NA%;4,12%
COOPERATIVA DE CRÉDITO, POUPANÇA E INVESTIMENTO DOS INTEGRANTES DA MAGISTRATURA E DO MINISTÉRIO PÚBLICO NO ESTADO DO PARANÁ - SICREDI CREDJURIS;4886317;b3S;S4;I;2;CURITIBA;PR;03/2021;16.226;0;16.226;0;16.226;44.029;0;0;51;0;51;1.068;45.147;140.394;35,94%;35,94%;35,94%;11,56%;1,02%
SIMPALA CFI - PRUDENCIAL;1000085070;n1;S4;C;2;PORTO ALEGRE;RS;03/2021;7.962;0;7.962;0;7.962;32.809;0;0;0;0;0;12.278;45.087;NA;17,66%;17,66%;17,66%;NA%;13,76%
COOPERATIVA DE ECONOMIA E CRÉDITO MÚTUO SICOOB METALCRED;4833655;b3S;S5;I;2;SAO PAULO;SP;03/2021;NA;NA;NA;NA;37.686;39.554;0;NA;NA;NA;0;5.069;44.623;NA;NA%;NA%;84,45%;NA%;25,47%
COOPERATIVA DE CRÉDITO, POUPANÇA E INVESTIMENTO ALTO RIO GRANDE MG - SICREDI CREDIGRANDE MG;25626490;b3S;S4;I;2;LAVRAS;MG;03/2021;9.019;0;9.019;0;9.019;41.700;0;0;21;0;21;2.618;44.339;64.639;20,34%;20,34%;20,34%;13,95%;30,42%
COOPERATIVA DE CRÉDITO DE LIVRE ADMISSÃO DO CIRCUITO DAS ÁGUAS - SICOOB CIRCUITO DAS ÁGUAS;3941182;b3S;S5;I;2;AGUAS DE LINDOIA;SP;03/2021;NA;NA;NA;NA;7.424;41.006;0;NA;NA;NA;0;3.280;44.286;NA;NA%;NA%;16,76%;NA%;41,14%
LEROSA S.A. CVC - PRUDENCIAL;1000082633;n2;S4;I;2;SAO PAULO;SP;03/2021;860;0;860;0;860;1.830;29;0;21;10.392;10.442;31.756;44.028;NA;1,95%;1,95%;1,95%;NA%;76,79%
COOPERATIVA DE ECONOMIA CRÉDITO MÚTUO MAGISTRADOS MEMBROS SERVIDORES PODER JUDICIÁRIO MINISTÉRIO PÚBLICO DEFENSORIA PÚBLICA PGE PGM  POLÍCIA JUDICIÁRIA OFICIAIS REGISTRADORES CEARÁ SICREDI COOPERJURIS;8041950;b3S;S5;I;2;FORTALEZA;CE;03/2021;NA;NA;NA;NA;11.197;40.577;0;NA;NA;NA;0;3.434;44.011;NA;NA%;NA%;25,44%;NA%;2,13%
COOPERATIVA DE ECONOMIA E CRÉDITO MÚTUO DOS FUNCIONÁRIOS DA CEPLAC LTDA. - SICOOB COOPEC;32615247;b3S;S5;I;2;ITABUNA;BA;03/2021;NA;NA;NA;NA;31.597;39.229;0;NA;NA;NA;0;4.764;43.993;NA;NA%;NA%;71,82%;NA%;17,74%
COOPERATIVA DE ECONOMIA E CRÉDITO DOS EMPRESÁRIOS, PROFISSIONAIS DO MERCADO IMOBILIÁRIO E DA CMI / SECOVI - SICOOB SECOVICRED MG;14913919;b3S;S5;I;2;BELO HORIZONTE;MG;03/2021;NA;NA;NA;NA;15.895;40.165;0;NA;NA;NA;0;3.822;43.987;NA;NA%;NA%;36,13%;NA%;3,10%
GOLCRED - PRUDENCIAL;1000080965;n1;S4;C;2;SAO JOSE;SC;03/2021;13.817;0;13.817;0;13.817;12.657;0;0;0;0;0;31.020;43.677;NA;31,63%;31,63%;31,63%;NA%;0,47%
COOPERATIVA DE CREDITO E ECONOMIA COM INTERAÇÃO SOLIDARIA DE QUILOMBO - CRESOL QUILOMBO;73254757;b3S;S5;I;2;QUILOMBO;SC;03/2021;NA;NA;NA;NA;8.540;41.532;0;NA;NA;NA;0;2.036;43.567;NA;NA%;NA%;19,60%;NA%;6,72%
COOPERATIVA DE ECONOMIA E CRÉDITO MÚTUO DAS EMPRESAS, EMPREGADOS E PRESTADORES DE SERVIÇO DAS METALÚRGICAS, SIDERÚRGICAS E INDUSTRIAIS - SICOOB COPESITA;19875244;b3S;S5;I;2;TIMOTEO;MG;03/2021;NA;NA;NA;NA;18.981;39.690;0;NA;NA;NA;0;3.701;43.391;NA;NA%;NA%;43,74%;NA%;12,90%
COOPERATIVA DE CREDITO RURAL COM INTERACAO SOLIDARIA DE SANTA MARIA-CRESOL SANTA MARIA;5220232;b3S;S5;I;2;SANTA MARIA;RS;03/2021;NA;NA;NA;NA;5.672;40.907;0;NA;NA;NA;0;2.064;42.971;NA;NA%;NA%;13,20%;NA%;31,58%
COOPERATIVA DE CRÉDITO E ECONOMIA COM INTERAÇÃO SOLIDARIA DE PORTO XAVIER - CRESOL PORTO XAVIER;5442759;b3S;S5;I;2;PORTO XAVIER;RS;03/2021;NA;NA;NA;NA;9.270;40.790;0;NA;NA;NA;0;2.117;42.906;NA;NA%;NA%;21,60%;NA%;5,24%
COOPERATIVA DE CRÉDITO DE LIVRE ADMISSÃO DE JATAÍ E REGIÃO LTDA.;10143499;b3S;S5;I;2;JATAI;GO;03/2021;NA;NA;NA;NA;14.459;40.219;0;NA;NA;NA;0;2.621;42.841;NA;NA%;NA%;33,75%;NA%;5,49%
COOPERATIVA DE ECONOMIA E CRÉDITO MÚTUO DOS EMPRESÁRIOS DE AMERICANA, LIMEIRA E REGIÃO - SICOOB ACICRED;9579249;b3S;S5;I;2;AMERICANA;SP;03/2021;NA;NA;NA;NA;8.043;38.976;0;NA;NA;NA;0;3.406;42.382;NA;NA%;NA%;18,98%;NA%;4,23%
COOPERATIVA DE CRÉDITO DE LIVRE ADMISSÃO DE CERES E RIALMA LTDA;9576849;b3S;S5;I;2;CERES;GO;03/2021;NA;NA;NA;NA;15.909;39.445;0;NA;NA;NA;0;2.877;42.321;NA;NA%;NA%;37,59%;NA%;5,66%
COOPERATIVA DE CRÉDITO DE LIVRE ADMISSÃO DE ARAXÁ LTDA - SICOOB COOCREZ;71378426;b3S;S5;I;2;ARAXA;MG;03/2021;NA;NA;NA;NA;19.643;38.083;0;NA;NA;NA;0;4.084;42.168;NA;NA%;NA%;46,58%;NA%;4,99%
COOPERATIVA DE CRÉDITO DE LIVRE ADMISSÃO DE ARCOS LTDA. - SICOOB ARCOMCREDI;71230338;b3S;S5;I;2;ARCOS;MG;03/2021;NA;NA;NA;NA;10.192;38.790;0;NA;NA;NA;0;3.152;41.942;NA;NA%;NA%;24,30%;NA%;6,31%
COOPERATIVA DE CRÉDITO, POUPANÇA E INVESTIMENTO EMPREENDEDORES - SICREDI EMPREENDEDORES PR;7070495;b3S;S4;I;2;CURITIBA;PR;03/2021;10.183;0;10.183;0;10.183;36.379;0;0;33;0;33;5.297;41.708;134.966;24,42%;24,42%;24,42%;7,54%;6,20%
COOPERATIVA DE ECONOMIA E CREDITO MUTUO DOS EMPREGADOS DAS EMPRESAS RANDON;89280960;b3S;S5;I;2;CAXIAS DO SUL;RS;03/2021;NA;NA;NA;NA;50.062;37.336;0;NA;NA;NA;0;4.153;41.490;NA;NA%;NA%;120,66%;NA%;0,30%
SICOOB CRED COPERCANA COOPERATIVA DE CRÉDITO;64739121;b3S;S5;I;2;SERTAOZINHO;SP;03/2021;NA;NA;NA;NA;20.619;39.110;0;NA;NA;NA;0;2.126;41.236;NA;NA%;NA%;50,00%;NA%;0,90%
COOPERATIVA DE CREDITO RURAL ASCOOB SISAL;63229629;b3S;S5;I;2;SERRINHA;BA;03/2021;NA;NA;NA;NA;4.250;35.746;0;NA;NA;NA;0;5.400;41.146;NA;NA%;NA%;10,33%;NA%;19,68%
COOPERATIVA DE CRéDITO MúTUO DE LIVRE ADMISSãO DA REGIãO ADMINISTRATIVA DE SOROCABA - SICOOB COOPERASO;10175348;b3S;S5;I;2;SOROCABA;SP;03/2021;NA;NA;NA;NA;13.027;37.714;0;NA;NA;NA;0;3.411;41.125;NA;NA%;NA%;31,68%;NA%;21,87%
COOPERATIVA DE ECONOMIA E CRÉDITO MÚTUO DOS SERVIDORES DA FUNDAÇÃO HOSPITALAR E EMPREGADOS DOS ESTABELECIMENTOS HOSPITALARES DE BELO HORIZONTE, REGIÃO METROPOLITANA E ZONA DA MATA LTDA.- SICOOB CECREF;19402130;b3S;S5;I;2;BELO HORIZONTE;MG;03/2021;NA;NA;NA;NA;20.868;37.005;0;NA;NA;NA;0;4.063;41.068;NA;NA%;NA%;50,81%;NA%;3,11%
COOPERATIVA DE CREDITO RURAL E ECONOMIA COM INTERAÇÃO SOLIDARIA DE RIO FORTUNA - CRESOL RIO FORTUNA;7958405;b3S;S5;I;2;RIO FORTUNA;SC;03/2021;NA;NA;NA;NA;7.385;38.624;0;NA;NA;NA;0;2.420;41.044;NA;NA%;NA%;17,99%;NA%;11,00%
CREDISIS CREDIBRÁS COOPERATIVA DE CRÉDITO E INVESTIMENTO DE LIVRE ADMISSÃO DO OESTE DE RONDÔNIA;5597773;b3S;S5;I;2;NOVA BRASILANDIA;RO;03/2021;NA;NA;NA;NA;15.537;36.759;0;NA;NA;NA;0;3.680;40.440;NA;NA%;NA%;38,42%;NA%;12,07%
UNIÃO ALTERNATIVA CC LTDA. - PRUDENCIAL;1000082396;n2;S4;I;2;PORTO ALEGRE;RS;03/2021;3.753;0;3.753;0;3.753;1.313;7.025;0;0;0;7.025;32.093;40.431;NA;9,28%;9,28%;9,28%;NA%;3,70%
COOPERATIVA DE CRÉDITO RURAL E ECONOMIA COM INTERAÇÃO SOLIDÁRIA DE JAGUARUNA - CRESOL JAGUARUNA;5410056;b3S;S5;I;2;JAGUARUNA;SC;03/2021;NA;NA;NA;NA;7.209;37.262;0;NA;NA;NA;0;2.809;40.072;NA;NA%;NA%;17,99%;NA%;4,72%
ECONOMIA CI S.A.-ECONOMISA - PRUDENCIAL;1000083364;n1;S5;I;2;BELO HORIZONTE;MG;03/2021;NA;NA;NA;NA;27.835;36.819;0;NA;NA;NA;0;2.950;39.769;NA;NA%;NA%;69,99%;NA%;1,88%
ED&F MAN CAPITAL DTVM - PRUDENCIAL;1000085197;n2;S4;I;2;CAMPINAS;SP;03/2021;8.424;0;8.424;0;8.424;2.376;0;0;0;0;0;37.358;39.734;NA;21,20%;21,20%;21,20%;NA%;20,23%
AGK CC S.A. - PRUDENCIAL;1000082035;n2;S4;I;2;SAO PAULO;SP;03/2021;4.406;0;4.406;0;4.406;4.057;631;0;0;0;631;34.927;39.614;NA;11,12%;11,12%;11,12%;NA%;4,13%
COOPERATIVA DE CRÉDITO MÚTUO DOS DESPACHANTES DE TRÂNSITO DE SANTA CATARINA E RIO GRANDE DO SUL - SICOOB CREDITRAN;4715685;b3S;S5;I;2;FLORIANOPOLIS;SC;03/2021;NA;NA;NA;NA;11.569;34.368;0;NA;NA;NA;0;5.135;39.502;NA;NA%;NA%;29,29%;NA%;28,51%
COOPERATIVA DE CRÉDITO DE LIVRE ADMISSÃO DA REGIÃO DE GUAXUPÉ LTDA. - SICOOB ACICREDI;1699652;b3S;S5;I;2;GUAXUPE;MG;03/2021;NA;NA;NA;NA;7.716;35.104;0;NA;NA;NA;0;3.772;38.877;NA;NA%;NA%;19,85%;NA%;13,31%
AG. FOMENTO ESTADO DO TOCANTINS - PRUDENCIAL;1000081122;n1;S4;I;1;PALMAS;TO;03/2021;23.237;0;23.237;0;23.237;35.023;0;0;0;0;0;3.469;38.492;NA;60,37%;60,37%;60,37%;NA%;1,72%
COOPERATIVA DE CRÉDITO NO PIAUÍ - SICOOB PIAUÍ;5477038;b3S;S5;I;2;TERESINA;PI;03/2021;NA;NA;NA;NA;9.476;34.204;0;NA;NA;NA;0;4.224;38.428;NA;NA%;NA%;24,66%;NA%;7,53%
COOPERATIVA DE ECONOMIA E CRÉDITO MÚTUO DOS SERVIDORES DA JUSTIÇA DO ESTADO DE MINAS GERAIS LTDA. - SICOOB CREDJUS;4894460;b3S;S5;I;2;BELO HORIZONTE;MG;03/2021;NA;NA;NA;NA;34.975;34.629;0;NA;NA;NA;0;3.361;37.989;NA;NA%;NA%;92,06%;NA%;7,36%
COOPERATIVA DE CRÉDITO E ECONOMIA COM INTERAÇÃO SOLIDÁRIA DE CORONEL MARTINS - CRESOL PEDRA BRANCA;5070112;b3S;S5;I;2;CORONEL MARTINS;SC;03/2021;NA;NA;NA;NA;10.451;35.962;0;NA;NA;NA;0;1.966;37.928;NA;NA%;NA%;27,55%;NA%;6,40%
CAMBIONET CC LTDA - PRUDENCIAL;1000082286;n2;S4;I;2;PORTO ALEGRE;RS;03/2021;5.521;0;5.521;0;5.521;2.223;4.173;0;0;0;4.173;31.446;37.842;NA;14,59%;14,59%;14,59%;NA%;11,62%
COOPERATIVA DE CRÉDITO DE LIVRE ADMISSÃO DE ASSOCIADOS DE DORES DO INDAIÁ LTDA - COOPCREDI;2254376;b3S;S5;I;2;DORES DO INDAIA;MG;03/2021;NA;NA;NA;NA;10.948;34.798;0;NA;NA;NA;0;2.363;37.160;NA;NA%;NA%;29,46%;NA%;28,20%
BROOKFIELD - PRUDENCIAL;1000080453;n2;S4;I;3;RIO DE JANEIRO;RJ;03/2021;22.090;0;22.090;0;22.090;34.894;0;0;7;0;7;2.224;37.124;NA;59,50%;59,50%;59,50%;NA%;8,21%
COOPERATIVA DE CRÉDITO E ECONOMIA COM INTERAÇÃO SOLIDÁRIA DE FORMOSA DO SUL - CRESOL FORMOSA;5269976;b3S;S5;I;2;FORMOSA DO SUL;SC;03/2021;NA;NA;NA;NA;7.873;35.053;0;NA;NA;NA;0;1.997;37.050;NA;NA%;NA%;21,25%;NA%;7,20%
GERAL CCVM LTDA - PRUDENCIAL;1000082918;n2;S4;I;2;PORTO ALEGRE;RS;03/2021;11.318;0;11.318;0;11.318;8.008;0;0;555;15.431;15.986;13.050;37.044;NA;30,55%;30,55%;30,55%;NA%;1,79%
AG. FOMENTO AMAPA S.A. - PRUDENCIAL;1000081098;n1;S4;I;1;MACAPA;AP;03/2021;9.354;0;9.354;0;9.354;22.012;0;0;0;0;0;14.689;36.701;NA;25,49%;25,49%;25,49%;NA%;1,62%
COOPERATIVA DE ECONOMIA E CRÉDITO MÚTUO DOS SERVIDORES DO PODER LEGISLATIVO FEDERAL E DO DISTRITO FEDERAL - SICOOB LEGISLATIVO;3329154;b3S;S5;I;2;BRASILIA;DF;03/2021;NA;NA;NA;NA;7.652;33.380;0;NA;NA;NA;0;3.122;36.502;NA;NA%;NA%;20,96%;NA%;3,43%
COOPERATIVA DE ECONOMIA E CRÉDITO DOS EMPREGADOS DOS CORREIOS LTDA. - SICOOB COOPERCORREIOS;3862898;b3S;S5;I;2;BELO HORIZONTE;MG;03/2021;NA;NA;NA;NA;24.743;32.601;0;NA;NA;NA;0;3.736;36.337;NA;NA%;NA%;68,09%;NA%;3,44%
COOPERATIVA DE CRÉDITO E ECONOMIA COM INTERAÇÃO SOLIDÁRIA DE XANXERÊ - CRESOL XANXERÊ;7509426;b3S;S5;I;2;XANXERE;SC;03/2021;NA;NA;NA;NA;5.527;34.650;0;NA;NA;NA;0;1.570;36.219;NA;NA%;NA%;15,26%;NA%;8,82%
AMARIL FRANKLIN CTV LTDA - PRUDENCIAL;1000082516;n2;S4;I;2;BELO HORIZONTE;MG;03/2021;13.278;0;13.278;0;13.278;14.320;4;0;4.962;6.395;11.362;10.491;36.173;NA;36,71%;36,71%;36,71%;NA%;2,17%
COOPERATIVA DE CRÉDITO DOS SERVIDORES DA UNIÃO, EMPRESÁRIOS, PROFISSIONAIS AUTÔNOMOS E LIBERAIS - SICOOB CENTRO NORDESTE;3102185;b3S;S5;I;2;JOAO PESSOA;PB;03/2021;NA;NA;NA;NA;16.161;31.633;0;NA;NA;NA;0;4.426;36.059;NA;NA%;NA%;44,82%;NA%;14,75%
COOPERATIVA DE CRÉDITO RURAL ASCOOB ITAPICURU - ASCOOB ITAPICURU.;3921543;b3S;S5;I;2;SANTALUZ;BA;03/2021;NA;NA;NA;NA;3.044;31.353;0;NA;NA;NA;0;4.650;36.002;NA;NA%;NA%;8,45%;NA%;57,57%
COLUNA S.A. DTVM - PRUDENCIAL;1000083728;n2;S4;I;2;RIO DE JANEIRO;RJ;03/2021;7.530;0;7.530;0;7.530;2.729;11.803;0;0;0;11.803;21.312;35.844;NA;21,01%;21,01%;21,01%;NA%;1,39%
SOCIAL BANK BANCO MULTIPLO - PRUDENCIAL;1000081641;b1;S4;I;2;SALVADOR;BA;03/2021;16.941;0;16.941;0;16.941;29.014;0;0;460;0;460;5.897;35.371;24.854;47,90%;47,90%;47,90%;68,16%;1,80%
COOPERATIVA DE ECONOMIA E CRÉDITO MÚTUO DOS FUNCIONÁRIOS DA CARGILL;68228006;b3S;S5;I;2;SAO PAULO;SP;03/2021;NA;NA;NA;NA;32.420;32.903;0;NA;NA;NA;0;2.141;35.044;NA;NA%;NA%;92,51%;NA%;0,16%
COOPERATIVA DE CRÉDITO CLÁSSICA DOS EMPREGADOS DA VALE S/A E ENTIDADES VINCULADAS LTDA. - SICOOB COOPVALE;33924028;b3S;S5;I;2;RIO DE JANEIRO;RJ;03/2021;NA;NA;NA;NA;13.197;31.195;0;NA;NA;NA;0;3.816;35.011;NA;NA%;NA%;37,69%;NA%;4,14%
INTERCAM CC LTDA - PRUDENCIAL;1000081926;n2;S4;I;2;SAO PAULO;SP;03/2021;7.056;0;7.056;0;7.056;3.853;279;0;1;924;1.204;29.491;34.548;NA;20,42%;20,42%;20,42%;NA%;12,49%
COOPERATIVA DE CAPITAL E EMPRéSTIMO COOPERMULTICRED - COOPERMC;51010858;b3S;S5;I;2;GUARULHOS;SP;03/2021;NA;NA;NA;NA;41.036;32.765;0;NA;NA;NA;0;1.707;34.472;NA;NA%;NA%;119,04%;NA%;0,03%
COMPANHIA HIPOTECARIA PIRATINI - CHP - PRUDENCIAL;1000085520;n1;S4;I;2;PORTO ALEGRE;RS;03/2021;5.609;0;5.609;0;5.609;23.981;0;0;0;0;0;10.421;34.402;NA;16,30%;16,30%;16,30%;NA%;2,22%
RB INVESTIMENTOS DTVM - PRUDENCIAL;1000084174;n2;S4;I;2;SAO PAULO;SP;03/2021;8.420;0;8.420;0;8.420;3.432;0;0;8.918;0;8.918;22.010;34.360;NA;24,51%;24,51%;24,51%;NA%;0,03%
COOPERATIVA DE CRÉDITO MÚTUO DOS CORRETORES DE SEGUROS DO ESTADO DE SÃO PAULO - SICOOB CREDICOR/SP;8030602;b3S;S5;I;2;SAO PAULO;SP;03/2021;NA;NA;NA;NA;8.757;32.182;0;NA;NA;NA;0;1.910;34.093;NA;NA%;NA%;25,69%;NA%;7,85%
SOLIDUS S.A. CCVM - PRUDENCIAL;1000082640;n2;S4;I;2;PORTO ALEGRE;RS;03/2021;12.674;0;12.674;0;12.674;16.251;0;0;22;0;22;17.598;33.871;NA;37,42%;37,42%;37,42%;NA%;1,52%
COOPERATIVA DE ECONOMIA E CRÉDITO MÚTUO - COOPERSERV;5667301;b3S;S5;I;2;LENCOIS PAULISTA;SP;03/2021;NA;NA;NA;NA;14.212;31.434;0;NA;NA;NA;0;2.313;33.746;NA;NA%;NA%;42,11%;NA%;1,44%
ZANON CFI;1000085324;n1;S5;I;2;PORTO ALEGRE;RS;03/2021;NA;NA;NA;NA;6.094;30.389;0;NA;NA;NA;0;3.039;33.428;NA;NA%;NA%;18,23%;NA%;0,91%
COOPERÁGUIA - COOPERATIVA DE ECONOMIA E CRÉDITO MÚTUO DOS EMPREGADOS DO GRUPO ÁGUIA BRANCA;27171974;b3S;S5;I;2;CARIACICA;ES;03/2021;NA;NA;NA;NA;36.530;31.809;0;NA;NA;NA;0;1.605;33.413;NA;NA%;NA%;109,33%;NA%;0,03%
COOPERATIVA DE CRÉDITO, POUPANÇA E INVESTIMENTO BANDEIRANTES - SICREDI BANDEIRANTES SP;4853988;b3S;S4;I;2;SAO CARLOS;SP;03/2021;8.125;0;8.125;0;8.125;30.858;0;0;14;0;14;2.415;33.287;58.505;24,41%;24,41%;24,41%;13,89%;15,73%
COOPERATIVA DE CRÉDITO MÚTUO DOS SERVIDORES PÚBLICOS MUNICIPAIS DE SÃO BERNARDO DO CAMPO - CREDIABC;3612679;b3S;S5;I;2;SAO BERNARDO DO CAMPO;SP;03/2021;NA;NA;NA;NA;26.467;31.436;0;NA;NA;NA;0;1.640;33.077;NA;NA%;NA%;80,02%;NA%;7,42%
COOPERATIVA DE CRÉDITO DE LIVRE ADMISSÃO DE RORAIMA LTDA.;2137018;b3S;S5;I;2;BOA VISTA;RR;03/2021;NA;NA;NA;NA;11.761;29.946;0;NA;NA;NA;0;2.951;32.897;NA;NA%;NA%;35,75%;NA%;13,02%
FC FINANCEIRA CFI - PRUDENCIAL;1000085506;n1;S4;I;2;SAO PAULO;SP;03/2021;18.208;0;18.208;0;18.208;11.822;0;0;0;0;0;20.707;32.529;NA;55,97%;55,97%;55,97%;NA%;10,52%
COOPERATIVA DE CRÉDITO SICOOB COOPERBOM LTDA;74026998;b3S;S5;I;2;SALVADOR;BA;03/2021;NA;NA;NA;NA;15.192;27.595;0;NA;NA;NA;0;4.712;32.306;NA;NA%;NA%;47,02%;NA%;27,24%
COOPERATIVA DE ECONOMIA E CRÉDITO MÚTUO DOS EMPREGADOS DO GRUPO SCHAEFFLER;62284385;b3S;S5;I;2;SOROCABA;SP;03/2021;NA;NA;NA;NA;37.759;31.035;0;NA;NA;NA;0;1.261;32.296;NA;NA%;NA%;116,92%;NA%;0,12%
ÍNDIGO INVESTIM DTVM - PRUDENCIAL;1000083924;n2;S4;I;2;SAO PAULO;SP;03/2021;8.758;0;8.758;0;8.758;11.358;0;0;1;2.966;2.967;17.754;32.079;NA;27,30%;27,30%;27,30%;NA%;30,93%
BANCO PORTO REAL DE INVEST.S.A - PRUDENCIAL;1000081359;b2;S4;I;2;PORTO REAL;RJ;03/2021;27.637;0;27.637;0;27.637;25.644;0;0;0;0;0;6.401;32.045;29.467;86,24%;86,24%;86,24%;93,79%;0,11%
SICREDI COOMAMP - COOPERATIVA DE CRÉDITO DOS MEMBROS DE INSTITUIÇÕES PÚBLICAS DAS CARREIRAS JURÍDICAS E DOS SERVIDORES PÚBLICOS FEDERAIS, ESTADUAIS E MUNICIPAIS EM SÃO LUÍS/MA E MUNICÍPIOS CIRCUNVIZIN;5545390;b3S;S5;I;2;SAO LUIS;MA;03/2021;NA;NA;NA;NA;15.800;28.082;0;NA;NA;NA;0;3.731;31.812;NA;NA%;NA%;49,67%;NA%;3,63%
AZIMUT BRASIL DTVM - PRUDENCIAL;1000084325;n2;S4;I;2;SAO PAULO;SP;03/2021;1.808;0;1.808;0;1.808;1.276;0;0;0;0;0;30.419;31.695;NA;5,70%;5,70%;5,70%;NA%;3,73%
BROKER BRASIL CC LTDA. - PRUDENCIAL;1000082372;n2;S4;I;2;SAO PAULO;SP;03/2021;4.466;0;4.466;0;4.466;1.291;8;0;0;0;8;30.318;31.616;NA;14,13%;14,13%;14,13%;NA%;6,66%
COOPERATIVA DE CRÉDITO DE SÃO FRANCISCO DE SALES LTDA. - SICOOB CREDISALES;1374196;b3S;S5;I;2;SAO FRANCISCO DE SALES;MG;03/2021;NA;NA;NA;NA;11.397;29.530;0;NA;NA;NA;0;1.894;31.425;NA;NA%;NA%;36,27%;NA%;3,22%
COOPERATIVA DE CRÉDITO, POUPANÇA E INVESTIMENTO DOS PROFISSIONAIS MÉDICOS E DA SAÚDE DE CURITIBA E REGIÃO METROPOLITANA - SICREDI MEDICRED PR;2924977;b3S;S4;I;2;CURITIBA;PR;03/2021;8.933;0;8.933;0;8.933;28.259;0;0;25;0;25;2.776;31.060;66.284;28,76%;28,76%;28,76%;13,48%;6,21%
COOPERATIVA DE ECONOMIA E CRÉDITO MÚTUO DOS MÉDICOS E DEMAIS PROFISSIONAIS DA SAÚDE DE TEÓFILO OTONI LTDA.;1709266;b3S;S5;I;2;TEOFILO OTONI;MG;03/2021;NA;NA;NA;NA;8.722;28.234;0;NA;NA;NA;0;2.204;30.438;NA;NA%;NA%;28,65%;NA%;0,21%
BCO LA PROVINCIA B AIRES BCE - PRUDENCIAL;1000081263;b1;S4;I;3;SAO PAULO;SP;03/2021;122.782;0;122.782;0;122.782;6.233;0;0;0;0;0;24.087;30.320;154.858;404,96%;404,96%;404,96%;79,29%;0,07%
GLOBAL EXCHANGE CC - PRUDENCIAL;1000084435;n2;S4;I;3;RIO DE JANEIRO;RJ;03/2021;5.062;0;5.062;0;5.062;2.912;876;0;54;0;930;26.115;29.957;NA;16,90%;16,90%;16,90%;NA%;21,83%
GRAZZIOTIN FINANCIADORA SA CFI - PRUDENCIAL;1000083481;n1;S5;I;2;PASSO FUNDO;RS;03/2021;NA;NA;NA;NA;24.885;28.324;0;NA;NA;NA;0;1.556;29.881;NA;NA%;NA%;83,28%;NA%;0,00%
MUNDINVEST S.A. - CCVM - PRUDENCIAL;1000082774;n2;S4;I;2;BELO HORIZONTE;MG;03/2021;23.955;0;23.955;0;23.955;20.121;0;0;0;0;0;9.494;29.616;NA;80,89%;80,89%;80,89%;NA%;0,14%
COOPERATIVA DE ECONOMIA E CRÉDITO MÚTUO SICOOB SANTA;65560658;b3S;S5;I;2;SAO PAULO;SP;03/2021;NA;NA;NA;NA;23.351;25.699;0;NA;NA;NA;0;3.753;29.453;NA;NA%;NA%;79,28%;NA%;6,45%
CAROL DTVM LTDA. - PRUDENCIAL;1000084095;n2;S5;I;2;SAO PAULO;SP;03/2021;NA;NA;NA;NA;7.088;318;7.159;NA;NA;NA;7.159;21.893;29.370;NA;NA%;NA%;24,13%;NA%;1,97%
COOPERATIVA DE CRÉDITO RURAL COM INTERAÇÃO SOLIDÁRIA DE JACINTO MACHADO - CRESOL JACINTO MACHADO;9463721;b3S;S5;I;2;JACINTO MACHADO;SC;03/2021;NA;NA;NA;NA;4.102;27.477;0;NA;NA;NA;0;1.507;28.984;NA;NA%;NA%;14,15%;NA%;8,53%
COOPERATIVA DE ECONOMIA E CRÉDITO MÚTUO DOS FUNCIONÁRIOS DA FUNDAÇÃO ZERBINI E DA FUNDAÇÃO FACULDADE DE MEDICINA (FFM) - COOPINCOR;1997612;b3S;S5;I;2;SAO PAULO;SP;03/2021;NA;NA;NA;NA;29.513;27.497;0;NA;NA;NA;0;1.270;28.766;NA;NA%;NA%;102,59%;NA%;0,13%
COOPERATIVA DE CRÉDITO DOS MÉDICOS E DEMAIS PROFISSIONAIS DA SAÚDE DE VITÓRIA DA CONQUISTA;2833202;b3S;S5;I;2;VITORIA DA CONQUISTA;BA;03/2021;NA;NA;NA;NA;14.099;26.784;0;NA;NA;NA;0;1.971;28.755;NA;NA%;NA%;49,03%;NA%;0,26%
VALOR - PRUDENCIAL;1000083223;n1;S5;I;2;SAO PAULO;SP;03/2021;NA;NA;NA;NA;19.425;21.579;0;NA;NA;NA;0;7.129;28.708;NA;NA%;NA%;67,67%;NA%;0,69%
COOPERATIVA DE CRÉDITO RURAL COM INTERAÇÃO SOLIDÁRIA DE SÃO JOÃO DO SUL - CRESOL SÃO JOÃO DO SUL;9488496;b3S;S5;I;2;SAO JOAO DO SUL;SC;03/2021;NA;NA;NA;NA;4.661;27.084;0;NA;NA;NA;0;1.578;28.663;NA;NA%;NA%;16,26%;NA%;10,09%
COOPERATIVA DE CRÉDITO RURAL COM INTERAÇÃO SOLIDÁRIA DE ÁUREA - CRESOL ÁUREA;2904138;b3S;S5;I;2;AUREA;RS;03/2021;NA;NA;NA;NA;5.752;26.834;0;NA;NA;NA;0;1.747;28.581;NA;NA%;NA%;20,12%;NA%;4,65%
SERVICOOP - COOPERATIVA DE CRÉDITO DOS SERVIDORES PÚBLICOS ESTADUAIS DO RIO GRANDE DO SUL;3973814;b3S;S5;I;2;PORTO ALEGRE;RS;03/2021;NA;NA;NA;NA;16.407;22.936;0;NA;NA;NA;0;5.619;28.554;NA;NA%;NA%;57,46%;NA%;5,96%
COOPERATIVA DE CRÉDITO DE GUAPÉ LTDA - SICOOB CREDIGUAPÉ;71009237;b3S;S5;I;2;GUAPE;MG;03/2021;NA;NA;NA;NA;6.023;25.821;0;NA;NA;NA;0;2.036;27.856;NA;NA%;NA%;21,62%;NA%;4,68%
SLW CVC LTDA - PRUDENCIAL;1000082815;n2;S4;I;2;SAO PAULO;SP;03/2021;-4.183;0;-4.183;0;-4.183;11.960;4;0;28;3;35;15.577;27.572;NA;-15,17%;-15,17%;-15,17%;NA%;-4,71%
COOPERATIVA DE CRÉDITO CREDINOSSO LTDA - SICOOB CREDINOSSO;6324872;b3S;S5;I;2;MONTES CLAROS;MG;03/2021;NA;NA;NA;NA;8.111;24.465;0;NA;NA;NA;0;3.036;27.501;NA;NA%;NA%;29,50%;NA%;14,06%
COOPERATIVA DE CRÉDITO E INVESTIMENTO DO OESTE - CREDISIS OESTE;4985665;b3S;S5;I;2;ESPIGAO D'OESTE;RO;03/2021;NA;NA;NA;NA;10.324;24.476;0;NA;NA;NA;0;2.419;26.895;NA;NA%;NA%;38,38%;NA%;2,25%
INFINITY CCTVM S.A. - PRUDENCIAL;1000082671;n2;S4;C;2;SAO PAULO;SP;03/2021;2.885;0;2.885;0;2.885;4.694;1.325;0;3.996;11.042;16.363;5.770;26.828;NA;10,75%;10,75%;10,75%;NA%;0,31%
DILLON S/A DTVM - PRUDENCIAL;1000083807;n2;S4;I;2;RIO DE JANEIRO;RJ;03/2021;8.942;0;8.942;0;8.942;5.714;540;0;13.059;0;13.599;7.328;26.640;NA;33,57%;33,57%;33,57%;NA%;4,84%
INTRA INVESTIMENTOS DTVM - PRUDENCIAL;1000084301;n2;S4;C;2;SAO PAULO;SP;03/2021;2.849;0;2.849;0;2.849;3.946;0;0;23;5.367;5.390;17.177;26.513;NA;10,75%;10,75%;10,75%;NA%;18,36%
COOPERATIVA DE CRÉDITO, POUPANÇA E INVESTIMENTO DOS PROFESSORES, FUNCIONÁRIOS E ALUNOS DA UNIVERSIDADE DE CAXIAS DO SUL - SICREDI COOPERUCS;4525997;b3S;S4;I;2;CAXIAS DO SUL;RS;03/2021;8.732;0;8.732;0;8.732;25.396;0;0;10;0;10;941;26.347;43.969;33,14%;33,14%;33,14%;19,86%;2,68%
COOPERATIVA DE ECONOMIA E CRÉDITO MÚTUO DOS EMPREGADOS DA CENTRAIS ELÉTRICAS DE SANTA CATARINA - CREDELESC;8850613;b3S;S5;I;2;FLORIANOPOLIS;SC;03/2021;NA;NA;NA;NA;7.121;23.739;0;NA;NA;NA;0;2.389;26.127;NA;NA%;NA%;27,26%;NA%;9,68%
CREFAZ SCMEPP LTDA - PRUDENCIAL;1000083357;n1;S5;I;2;MARINGA;PR;03/2021;NA;NA;NA;NA;9.457;10.999;0;NA;NA;NA;0;14.866;25.864;NA;NA%;NA%;36,57%;NA%;21,85%
CENTRAL DAS COOPERATIVAS DE CRÉDITO MÚTUO DO RIO GRANDE DO SUL, SANTA CATARINA E PARANÁ - CECRESUL;3618104;b3C;S4;I;2;PORTO ALEGRE;RS;03/2021;7.721;0;7.721;0;7.721;24.596;0;0;469;0;469;749;25.814;225.509;29,91%;29,91%;29,91%;3,42%;3,16%
COOPERATIVA DE CRÉDITO DE LIVRE ADMISSÃO DO VALE RIO CRIXÁS LTDA.;7108146;b3S;S5;I;2;CRIXAS;GO;03/2021;NA;NA;NA;NA;9.844;23.427;0;NA;NA;NA;0;2.236;25.663;NA;NA%;NA%;38,36%;NA%;16,06%
HEDGE INVESTMENTS - PRUDENCIAL;1000083986;n2;S4;I;2;SAO PAULO;SP;03/2021;11.419;0;11.419;0;11.419;8.570;0;0;0;0;0;17.084;25.654;NA;44,51%;44,51%;44,51%;NA%;2,66%
COOPERATIVA    DE    ECONOMIA    E    CRÉDITO   MÚTUO  MINUANO;88325113;b3S;S5;I;2;CANOAS;RS;03/2021;NA;NA;NA;NA;15.810;24.369;0;NA;NA;NA;0;1.227;25.596;NA;NA%;NA%;61,77%;NA%;5,75%
COOPERATIVA DE CRÉDITO RURAL COM INTERAÇÃO SOLIDÁRIA DE TREZE DE MAIO - CRESOL TREZE DE MAIO;9330158;b3S;S5;I;2;TREZE DE MAIO;SC;03/2021;NA;NA;NA;NA;4.014;23.831;0;NA;NA;NA;0;1.709;25.540;NA;NA%;NA%;15,72%;NA%;13,06%
QI SCD - PRUDENCIAL;1000084882;n1;S5;C;2;SAO PAULO;SP;03/2021;NA;NA;NA;NA;10.580;23.084;0;NA;NA;NA;0;2.308;25.392;NA;NA%;NA%;41,67%;NA%;0,93%
COOPERATIVA DE ECONOMIA E CRÉDITO MÚTUO DOS EMPREGADOS DA MONDELEZ BRASIL, PHILIP MORRIS BRASIL E K&S ALIMENTOS - SICOOB COOPMOND;62795257;b3S;S5;I;2;SAO PAULO;SP;03/2021;NA;NA;NA;NA;33.382;22.755;0;NA;NA;NA;0;2.601;25.357;NA;NA%;NA%;131,65%;NA%;0,56%
FIDD DTVM - PRUDENCIAL;1000085458;n2;S4;I;2;SAO PAULO;SP;03/2021;-1.237;0;-1.237;0;-1.237;514;0;0;0;0;0;24.805;25.318;NA;-4,89%;-4,89%;-4,89%;NA%;-60,97%
COOPERATIVA DE CRÉDITO MÚTUO DOS MICRO E PEQUENOS EMPRESÁRIOS E MICROEMPREENDEDORES DO GRANDE ABC - SICOOB GRANDE ABC.;7946216;b3S;S5;I;2;SANTO ANDRE;SP;03/2021;NA;NA;NA;NA;4.704;22.698;0;NA;NA;NA;0;1.908;24.606;NA;NA%;NA%;19,12%;NA%;9,74%
COOPERATIVA DE CRÉDITO E ECONOMIA COM INTERAÇÃO SOLIDÁRIA DE CORONEL FREITAS - CRESOL CORONEL FREITAS;8647473;b3S;S5;I;2;CORONEL FREITAS;SC;03/2021;NA;NA;NA;NA;4.127;23.320;0;NA;NA;NA;0;1.204;24.524;NA;NA%;NA%;16,83%;NA%;6,61%
TURCAMBIO CC LTDA. - PRUDENCIAL;1000082334;n2;S4;I;2;GAROPABA;SC;03/2021;3.170;0;3.170;0;3.170;2.791;10.649;0;0;0;10.649;11.018;24.458;NA;12,96%;12,96%;12,96%;NA%;13,97%
COOPERATIVA DE CRÉDITO RURAL DOS PLANTADORES DE CANA DE ALAGOAS;12272183;b3S;S5;I;2;MACEIO;AL;03/2021;NA;NA;NA;NA;19.803;23.751;0;NA;NA;NA;0;609;24.360;NA;NA%;NA%;81,29%;NA%;3,03%
COOPERATIVA CENTRAL DE CRÉDITO, POUPANÇA E INVESTIMENTO DE MATO GROSSO DO SUL, GOIÁS, DISTRITO FEDERAL E TOCANTINS - CENTRAL SICREDI BRASIL CENTRAL;33737818;b3C;S4;I;2;GOIANIA;GO;03/2021;35.736;0;35.736;0;35.736;23.993;0;0;0;0;0;0;23.993;2.309.819;148,95%;148,95%;148,95%;1,55%;4,31%
VISION S.A. CC - PRUDENCIAL;1000081892;n2;S4;I;2;SAO PAULO;SP;03/2021;2.236;0;2.236;0;2.236;1.713;80;0;0;0;80;22.155;23.947;NA;9,34%;9,34%;9,34%;NA%;10,59%
COOPERATIVA DE CRÉDITO DE PIMENTA LTDA. - SICOOB CREDIPIMENTA;42934794;b3S;S5;I;2;PIMENTA;MG;03/2021;NA;NA;NA;NA;5.807;21.984;0;NA;NA;NA;0;1.714;23.698;NA;NA%;NA%;24,51%;NA%;4,46%
COOPERATIVA DE ECONOMIA E CRÉDITO MÚTUO DOS FUNCIONÁRIOS DA ERICSSON - COOPERICSSON;48718183;b3S;S5;I;2;SAO PAULO;SP;03/2021;NA;NA;NA;NA;24.856;22.763;0;NA;NA;NA;0;928;23.690;NA;NA%;NA%;104,92%;NA%;0,07%
COOPERATIVA DE ECONOMIA E CREDITO MUTUO DOS INTEGRANTES DO MINISTERIO PUBLICO DO RIO GRANDE DO SUL - SICREDI MP;3662047;b3S;S4;I;2;PORTO ALEGRE;RS;03/2021;6.883;0;6.883;0;6.883;23.496;0;0;16;0;16;128;23.640;55.074;29,12%;29,12%;29,12%;12,50%;3,75%
COOPERATIVA DE ECONOMIA E CRÉDITO MÚTUO DOS SERVIDORES PÚBLICOS FEDERAIS DO MUNICÍPIO DE UBERABA E SUAS FUNDAÇÕES - SICOOB - CREDIMED LTDA.;71336432;b3S;S5;I;2;UBERABA;MG;03/2021;NA;NA;NA;NA;10.077;21.132;0;NA;NA;NA;0;2.442;23.574;NA;NA%;NA%;42,75%;NA%;7,87%
FOURTRADE COR. DE CAMBIO LTDA - PRUDENCIAL;1000081957;n2;S4;I;2;RIO DE JANEIRO;RJ;03/2021;3.488;0;3.488;0;3.488;2.079;1.687;0;166;0;1.853;19.559;23.491;NA;14,85%;14,85%;14,85%;NA%;8,20%
COOPERATIVA DE ECONOMIA E CRÉDITO MÚTUO DOS EMPRESÁRIOS DE PRAIA GRANDE E REGIÃO - SICOOB COOPERACE;9639338;b3S;S5;I;2;PRAIA GRANDE;SP;03/2021;NA;NA;NA;NA;8.016;20.121;0;NA;NA;NA;0;2.800;22.921;NA;NA%;NA%;34,97%;NA%;5,75%
COOPERATIVA DE CRÉDITO DOS MÉDICOS E PROFISSIONAIS DE SAÚDE DE SÃO LUÍS - SICREDI SÃO LUÍS;8143326;b3S;S5;I;2;SAO LUIS;MA;03/2021;NA;NA;NA;NA;4.537;20.690;0;NA;NA;NA;0;2.123;22.812;NA;NA%;NA%;19,89%;NA%;2,02%
COOPERATIVA DE CRÉDITO DOS FORNECEDORES DE CANA DE BARRA BONITA E REGIÃO;44746352;b3S;S5;I;2;BARRA BONITA;SP;03/2021;NA;NA;NA;NA;17.415;21.895;0;NA;NA;NA;0;599;22.494;NA;NA%;NA%;77,42%;NA%;0,79%
COOPERATIVA DE CRÉDITO DE SERVIDORES PÚBLICOS COOPERPLAN LTDA. - SICOOB COOPERPLAN;2674113;b3S;S5;I;2;BRASILIA;DF;03/2021;NA;NA;NA;NA;4.222;20.381;0;NA;NA;NA;0;1.929;22.310;NA;NA%;NA%;18,92%;NA%;16,40%
COOPERATIVA DE CRÉDITO MÚTUO DOS SERVIDORES FEDERAIS NA PARAÍBA - SICOOB COOPERCRET;2275781;b3S;S5;I;2;JOAO PESSOA;PB;03/2021;NA;NA;NA;NA;8.974;20.243;0;NA;NA;NA;0;1.842;22.085;NA;NA%;NA%;40,63%;NA%;1,53%
COOPERATIVA DE ECONOMIA E CRÉDITO MÚTUO DOS EMPREGADOS DA CBMM LTDA.;18140913;b3S;S5;I;2;ARAXA;MG;03/2021;NA;NA;NA;NA;24.370;20.019;0;NA;NA;NA;0;1.753;21.773;NA;NA%;NA%;111,93%;NA%;0,05%
OPPORTUNITY - PRUDENCIAL;1000080518;n2;S4;I;2;RIO DE JANEIRO;RJ;03/2021;9.659;0;9.659;0;9.659;264;0;0;0;0;0;21.491;21.755;NA;44,40%;44,40%;44,40%;NA%;2,71%
COOPERATIVA DE CRÉDITO DOS EMPRESÁRIOS DE MANAUS - SICOOB CREDEMPRESAS-AM;10808037;b3S;S5;I;2;MANAUS;AM;03/2021;NA;NA;NA;NA;6.504;19.711;0;NA;NA;NA;0;1.949;21.661;NA;NA%;NA%;30,03%;NA%;5,15%
COOPERATIVA DE CRÉDITO RURAL  E ECONOMIA COM INTERAÇÃO SOLIDÁRIA DE ITATIBA DO SUL - CRESOL ITATIBA DO SUL;5745533;b3S;S5;I;2;ITATIBA DO SUL;RS;03/2021;NA;NA;NA;NA;3.956;20.459;0;NA;NA;NA;0;994;21.453;NA;NA%;NA%;18,44%;NA%;15,50%
DOURADA CORRETORA - PRUDENCIAL;1000082224;n2;S4;I;2;CURITIBA;PR;03/2021;2.168;0;2.168;0;2.168;901;2.333;0;0;0;2.333;18.143;21.378;NA;10,14%;10,14%;10,14%;NA%;9,24%
BOA VIAGEM SCC LTDA. - PRUDENCIAL;1000082080;n2;S4;I;2;RECIFE;PE;03/2021;3.084;0;3.084;0;3.084;740;4.094;0;0;0;4.094;16.493;21.327;NA;14,46%;14,46%;14,46%;NA%;2,52%
COOPERATIVA DE CRÉDITO MÚTUO DOS SERVIDORES DO MINISTERIO DA EDUCAÇÃO EM SÃO PAULO - COOPEMESP;73092827;b3S;S5;I;2;SAO PAULO;SP;03/2021;NA;NA;NA;NA;15.788;19.247;0;NA;NA;NA;0;2.019;21.266;NA;NA%;NA%;74,24%;NA%;0,09%
CREBEL - COOPERATIVA DE ECONOMIA E CRÉDITO MÚTUO DOS COLABORADORES DAS EMPRESAS BELGO BEKAERT - CREBEL LTDA.;23241540;b3S;S5;I;2;CONTAGEM;MG;03/2021;NA;NA;NA;NA;22.416;20.593;0;NA;NA;NA;0;624;21.216;NA;NA%;NA%;105,65%;NA%;0,03%
COOPERATIVA DE CRéDITO MúTUO - SICOOB CREDIACISC;7669921;b3S;S5;I;2;SAO CARLOS;SP;03/2021;NA;NA;NA;NA;3.696;19.206;0;NA;NA;NA;0;1.949;21.155;NA;NA%;NA%;17,47%;NA%;4,00%
COOPERATIVA DE CRÉDITO, POUPANÇA E INVESTIMENTO DOS ESCRIVÃES, NOTÁRIOS E REGISTRADORES NO ESTADO DO PARANÁ - SICREDI CREDENOREG PR;6078926;b3S;S4;I;2;CURITIBA;PR;03/2021;8.103;0;8.103;0;8.103;17.472;0;0;27;0;27;3.422;20.921;63.017;38,73%;38,73%;38,73%;12,86%;1,68%
COOPERATIVA DE ECONOMIA E CRÉDITO MÚTUO DOS FUNCIONÁRIOS DA TETRA PAK;67341487;b3S;S5;I;2;MONTE MOR;SP;03/2021;NA;NA;NA;NA;21.828;19.634;0;NA;NA;NA;0;1.222;20.856;NA;NA%;NA%;104,66%;NA%;0,13%
COOPERATIVA DE ECONOMIA E CRÉDITO MÚTUO DOS EMPREGADOS DO GRUPO COLORADO;2024442;b3S;S5;I;2;GUAIRA;SP;03/2021;NA;NA;NA;NA;24.392;19.602;0;NA;NA;NA;0;1.227;20.829;NA;NA%;NA%;117,11%;NA%;6,07%
COOPERATIVA DE ECONOMIA E CRÉDITO MÚTUO DOS EMPRESÁRIOS DE ITAPETININGA - SICOOB CRED-ACI;8844074;b3S;S5;I;2;ITAPETININGA;SP;03/2021;NA;NA;NA;NA;4.910;19.259;0;NA;NA;NA;0;1.566;20.826;NA;NA%;NA%;23,58%;NA%;8,67%
PENTAGONO S/A DTVM - PRUDENCIAL;1000083773;n2;S5;I;2;RIO DE JANEIRO;RJ;03/2021;NA;NA;NA;NA;4.716;1.395;0;NA;NA;NA;0;19.320;20.715;NA;NA%;NA%;22,77%;NA%;9,49%
COOPERATIVA DE ECONOMIA E CRÉDITO MÚTUO DOS TRABALHADORES NA ÁREA DE SAÚDE, AFINS E EMPRESÁRIOS VINCULADOS À ACCI DE ERECHIM-RS-CREDISUL;7494300;b3S;S5;I;2;ERECHIM;RS;03/2021;NA;NA;NA;NA;3.759;18.690;0;NA;NA;NA;0;1.907;20.597;NA;NA%;NA%;18,25%;NA%;4,64%
COOPERATIVA DE ECONOMIA E CRÉDITO MÚTUO DOS SERVIDORES DA SECRETARIA DE ESTADO DE FAZENDA DO DISTRITO FEDERAL - SICOOB CREDSEF;3603683;b3S;S5;I;2;BRASILIA;DF;03/2021;NA;NA;NA;NA;6.520;18.878;0;NA;NA;NA;0;1.379;20.257;NA;NA%;NA%;32,19%;NA%;1,13%
COOPERATIVA DE ECONOMIA E CRÉDITO MÚTUO DOS EMPREGADOS DA COMPANHIA BRASILEIRA DE ALUMÍNIO;54335401;b3S;S5;I;2;ALUMINIO;SP;03/2021;NA;NA;NA;NA;19.364;18.687;0;NA;NA;NA;0;1.418;20.105;NA;NA%;NA%;96,31%;NA%;5,13%
GET MONEY CC - PRUDENCIAL;1000082255;n2;S5;I;2;SAO PAULO;SP;03/2021;NA;NA;NA;NA;5.746;2.040;3.898;NA;NA;NA;3.898;14.099;20.036;NA;NA%;NA%;28,68%;NA%;2,35%
COOPERATIVA DE CREDITO RURAL DE IBIAM - SULCREDI/IBIAM;8240446;b3S;S5;I;2;IBIAM;SC;03/2021;NA;NA;NA;NA;3.805;18.978;0;NA;NA;NA;0;645;19.623;NA;NA%;NA%;19,39%;NA%;5,83%
CAPTALYS DTVM - PRUDENCIAL;1000085544;n2;S4;I;2;SAO PAULO;SP;03/2021;6.643;0;6.643;0;6.643;37;0;0;0;0;0;19.474;19.511;NA;34,05%;34,05%;34,05%;NA%;0,00%
COOPERATIVA DE CRÉDITO RURAL DE ALTEROSA LTDA - SICOOB COOPEROSA;71437123;b3S;S5;I;2;ALTEROSA;MG;03/2021;NA;NA;NA;NA;6.701;17.652;0;NA;NA;NA;0;1.792;19.443;NA;NA%;NA%;34,46%;NA%;10,14%
LEVYCAM CCV LTDA - PRUDENCIAL;1000082592;n2;S4;I;2;SAO PAULO;SP;03/2021;1.715;0;1.715;0;1.715;1.279;370;0;0;0;370;17.718;19.367;NA;8,86%;8,86%;8,86%;NA%;1,89%
LA INVESTIMENTOS CCVM - PRUDENCIAL;1000082798;n2;S4;I;2;SALVADOR;BA;03/2021;1.506;0;1.506;0;1.506;3.253;0;0;0;0;0;16.069;19.322;NA;7,79%;7,79%;7,79%;NA%;10,71%
COOPERATIVA ECONOMIA CRÉDITO MÚTUO SERVIDORES E EMPREGADOS MUNIC  PREFS DE BELO HORIZONTE BETIM BRUMADINHO CONTAGEM IBIRITÉ NOVA LIMA RIBEIRÃO DAS NEVES SABARÁ SANTA LUZIA VESPASIANO SICOOB CREDISERV;1864151;b3S;S5;I;2;BELO HORIZONTE;MG;03/2021;NA;NA;NA;NA;15.084;16.423;0;NA;NA;NA;0;2.733;19.156;NA;NA%;NA%;78,74%;NA%;3,51%
LABOR CC - PRUDENCIAL;1000082073;n2;S5;I;2;RECIFE;PE;03/2021;NA;NA;NA;NA;5.960;783;10.009;NA;NA;NA;10.009;7.934;18.726;NA;NA%;NA%;31,83%;NA%;1,47%
COOPERATIVA DE CRÉDITO MÚTUO DOS EMPREGADOS DO MAGAZINE LUIZA, EMPRESAS CONTROLADAS E COLIGADAS - COOPLUIZA;2093154;b3S;S5;I;2;FRANCA;SP;03/2021;NA;NA;NA;NA;20.252;17.331;0;NA;NA;NA;0;1.345;18.676;NA;NA%;NA%;108,44%;NA%;0,15%
COOPERATIVA DE ECONOMIA E CRÉDITO MÚTUO DOS CONTABILISTAS E CORRETORES DE SEGUROS DA GRANDE BELO HORIZONTE LTDA. - SICOOB CREDITABIL;2217068;b3S;S5;I;2;BELO HORIZONTE;MG;03/2021;NA;NA;NA;NA;8.063;16.236;0;NA;NA;NA;0;2.334;18.570;NA;NA%;NA%;43,42%;NA%;16,05%
COOPERUFPA  - COOPERATIVA DE ECONOMIA E CRÉDITO MÚTUO DOS SERVIDORES PÚBLICOS FEDERAIS E ESTADUAIS E DAS ENTIDADES DE ENSINO COM SEUS RESPECTIVOS FUNCIONÁRIOS NO ESTADO DO PARÁ;83325811;b3S;S5;I;2;BELEM;PA;03/2021;NA;NA;NA;NA;28.304;15.273;0;NA;NA;NA;0;3.139;18.412;NA;NA%;NA%;153,73%;NA%;6,96%
COOPERATIVA DE CRÉDITO POUPANÇA E INVESTIMENTO DOS ADVOGADOS DO ESTADO DO RIO GRANDE DO SUL - SICREDI COOABCRED RS;19962468;b3S;S4;I;2;PORTO ALEGRE;RS;03/2021;3.693;0;3.693;0;3.693;16.568;0;0;13;0;13;1.786;18.367;60.072;20,11%;20,11%;20,11%;6,15%;8,60%
COOPERATIVA DE ECONOMIA E CRÉDITO MÚTUO DOS EMPREGADOS DAS EMPRESAS DO GRUPO ECONÔMICO RHODIA - CREDIRHODIA;57563728;b3S;S5;I;2;PAULINIA;SP;03/2021;NA;NA;NA;NA;20.460;17.251;0;NA;NA;NA;0;861;18.113;NA;NA%;NA%;112,96%;NA%;0,26%
COOPERATIVA DE CRÉDITO DE LIVRE ADMISSÃO SUL MARANHENSE - SICOOB SUL MARANHENSE;26526166;b3S;S5;I;2;BALSAS;MA;03/2021;NA;NA;NA;NA;4.778;16.864;0;NA;NA;NA;0;1.241;18.105;NA;NA%;NA%;26,39%;NA%;4,93%
COOPERATIVA DE ECONOMIA E CRÉDITO MÚTUO DOS FUNCIONÁRIOS DO GRUPO OWENS-ILLINOIS DO BRASIL;43182278;b3S;S5;I;2;SAO PAULO;SP;03/2021;NA;NA;NA;NA;18.609;17.385;0;NA;NA;NA;0;680;18.065;NA;NA%;NA%;103,01%;NA%;0,07%
BANCO MASTER INVESTIMENTO - PRUDENCIAL;1000081531;b2;S4;I;2;PORTO ALEGRE;RS;03/2021;14.322;0;14.322;0;14.322;14.580;0;0;0;0;0;3.399;17.979;14.580;79,66%;79,66%;79,66%;98,23%;0,03%
COOPERATIVA DE CRÉDITO E SERVIÇOS FINANCEIROS DE CURITIBA E REGIÃO METROPOLITANA;5097757;b3S;S5;I;2;CURITIBA;PR;03/2021;NA;NA;NA;NA;9.380;16.738;0;NA;NA;NA;0;1.154;17.892;NA;NA%;NA%;52,43%;NA%;3,77%
COOPERATIVA DE CRÉDITO E ECONOMIA COM INTERAÇÃO SOLIDÁRIA DE SANTA TEREZINHA DO PROGRESSO - CRESOL SANTA TEREZINHA DO PROGRESSO;8652872;b3S;S5;I;2;SANTA TEREZINHA DO PROGRESSO;SC;03/2021;NA;NA;NA;NA;3.447;16.619;0;NA;NA;NA;0;1.273;17.891;NA;NA%;NA%;19,26%;NA%;8,49%
H.H.PICCHIONI - PRUDENCIAL;1000080226;n2;S4;C;2;BELO HORIZONTE;MG;03/2021;4.893;0;4.893;0;4.893;5.561;995;0;1;13;1.009;11.316;17.886;NA;27,36%;27,36%;27,36%;NA%;23,82%
COBANSA CH S.A. - PRUDENCIAL;1000081878;n1;S5;I;2;GUARULHOS;SP;03/2021;NA;NA;NA;NA;3.235;16.859;0;NA;NA;NA;0;1.026;17.885;NA;NA%;NA%;18,09%;NA%;0,04%
COOPERATIVA DE ECONOMIA E CREDITO MUTUO DOS FUNCIONARIOS DA COMIGO;1062439;b3S;S5;I;2;RIO VERDE;GO;03/2021;NA;NA;NA;NA;14.109;16.010;0;NA;NA;NA;0;1.873;17.883;NA;NA%;NA%;78,90%;NA%;2,82%
COOPERATIVA DE ECONOMIA E CREDITO MUTUO DOS COLABORADORES DA SG INDUSTRIA E COMERCIO DE MATERIAIS DE CONSTRUCAO, VIDROS E AFINS;61039038;b3S;S5;I;2;SAO PAULO;SP;03/2021;NA;NA;NA;NA;17.621;16.401;0;NA;NA;NA;0;879;17.280;NA;NA%;NA%;101,97%;NA%;0,73%
COOPERATIVA DE CRÉDITO DE LIVRE ADMISSÃO DA REGIÃO SUL DO MARANHÃO - SICREDI SUL DO MARANHÃO;26191078;b3S;S5;I;2;IMPERATRIZ;MA;03/2021;NA;NA;NA;NA;5.512;15.636;0;NA;NA;NA;0;1.637;17.273;NA;NA%;NA%;31,91%;NA%;0,44%
COOPERATIVA DE CRÉDITO MÚTUO DOS SERVIDORES DA ASSEMBLEIA LEGISLATIVA DO ESTADO DE SÃO PAULO - COOPERALESP;4791645;b3S;S5;I;2;SAO PAULO;SP;03/2021;NA;NA;NA;NA;18.195;16.112;0;NA;NA;NA;0;919;17.031;NA;NA%;NA%;106,84%;NA%;0,11%
COOPERATIVA DE CRÉDITO DOS SERVIDORES PÚBLICOS MUNICIPAIS DA GRANDE VITÓRIA/ES;1235921;b3S;S5;I;2;VITORIA;ES;03/2021;NA;NA;NA;NA;15.712;15.792;0;NA;NA;NA;0;1.014;16.806;NA;NA%;NA%;93,49%;NA%;2,09%
COOPERATIVA DE CRÉDITO CLÁSSICA DOS FUNCIONÁRIOS E PRESTADORES DE SERVIÇOS DAS EMPRESAS LIGADAS AO GRUPO EUCATUR LTDA. - SICOOB EUCRED;21110927;b3S;S5;I;2;JI-PARANA;RO;03/2021;NA;NA;NA;NA;4.018;14.990;0;NA;NA;NA;0;1.732;16.721;NA;NA%;NA%;24,03%;NA%;22,20%
STONE SOCIEDADE DE CRÉDITO DIRETO S.A.;34590184;n1;S5;I;2;SAO PAULO;SP;03/2021;NA;NA;NA;NA;65.935;13.989;0;NA;NA;NA;0;2.724;16.713;NA;NA%;NA%;394,52%;NA%;0,00%
COOPERATIVA DE ECONOMIA E CRÉDITO MÚTUO DOS PEQUENOS EMPRESÁRIOS, MICROEMPRESÁRIOS E MICROEMPREENDEDORES DA REGIÃO METROPOLITANA DE PORTO ALEGRE - COOPESA;6975532;b3S;S5;I;2;PORTO ALEGRE;RS;03/2021;NA;NA;NA;NA;3.967;15.799;0;NA;NA;NA;0;721;16.521;NA;NA%;NA%;24,01%;NA%;5,61%
INTEGRAL ACCESS DTVM - PRUDENCIAL;1000085049;n2;S4;I;2;SAO PAULO;SP;03/2021;3.484;0;3.484;0;3.484;1.669;0;0;0;0;0;14.606;16.275;NA;21,41%;21,41%;21,41%;NA%;0,55%
COOPERATIVA DE CRÉDITO E INVESTIMENTO SICOOB INDEPENDÊNCIA - SICOOB INDEPENDÊNCIA;4306351;b3S;S5;I;2;SAO PAULO;SP;03/2021;NA;NA;NA;NA;1.835;14.827;0;NA;NA;NA;0;1.393;16.220;NA;NA%;NA%;11,31%;NA%;4,01%
IB CCTVM - PRUDENCIAL;1000084765;n2;S4;I;2;SAO PAULO;SP;03/2021;2.195;0;2.195;0;2.195;1.338;15;0;11.459;0;11.474;3.401;16.213;NA;13,54%;13,54%;13,54%;NA%;8,65%
COOPERATIVA DE ECONOMIA E CRÉDITO MÚTUO SICOOB CRED-ACILPA;9004796;b3S;S5;I;2;LENCOIS PAULISTA;SP;03/2021;NA;NA;NA;NA;6.234;14.536;0;NA;NA;NA;0;1.662;16.198;NA;NA%;NA%;38,49%;NA%;4,04%
COOPERATIVA DE CREDITO RURAL DE GUACUI - CREDIGUAÇUÍ;32422628;b3S;S5;I;2;GUACUI;ES;03/2021;NA;NA;NA;NA;8.121;15.223;0;NA;NA;NA;0;694;15.917;NA;NA%;NA%;51,02%;NA%;3,58%
DASCAM CC LTDA - PRUDENCIAL;1000081964;n2;S5;I;2;SAO PAULO;SP;03/2021;NA;NA;NA;NA;5.196;5.710;0;NA;NA;NA;0;9.911;15.622;NA;NA%;NA%;33,26%;NA%;4,42%
COOPERATIVA DE ECONOMIA E CRÉDITO MÚTUO DOS PETROLEIROS NO ESTADO DE MINAS GERAIS LTDA. - COPETRO;26758433;b3S;S5;I;2;BELO HORIZONTE;MG;03/2021;NA;NA;NA;NA;19.398;14.554;0;NA;NA;NA;0;925;15.479;NA;NA%;NA%;125,32%;NA%;0,13%
COOPERATIVA DE ECONOMIA E CRÉDITO MÚTUO DOS SERVIDORES DA UNIVERSIDADE ESTADUAL DE CAMPINAS - COOPERUNICAMP;2285107;b3S;S5;I;2;CAMPINAS;SP;03/2021;NA;NA;NA;NA;24.269;14.011;0;NA;NA;NA;0;1.331;15.342;NA;NA%;NA%;158,19%;NA%;0,00%
BRX CC LTDA. - PRUDENCIAL;1000082413;n2;S4;I;2;RIO DE JANEIRO;RJ;03/2021;453;0;453;0;453;154;1.616;0;0;0;1.616;13.429;15.199;NA;2,98%;2,98%;2,98%;NA%;6,71%
PINTOS CFI - PRUDENCIAL;1000085142;n1;S5;I;2;TERESINA;PI;03/2021;NA;NA;NA;NA;14.002;13.734;0;NA;NA;NA;0;1.373;15.108;NA;NA%;NA%;92,68%;NA%;0,00%
COOPERATIVA DE ECONOMIA E CRÉDITO MÚTUO DOS EMPREGADOS DA MINERACÃO RIO DO NORTE S/A, EM PORTO TROMBETAS LIMITADA -  CREDNORTE;4998845;b3S;S5;I;2;ORIXIMINA;PA;03/2021;NA;NA;NA;NA;16.727;14.393;0;NA;NA;NA;0;691;15.084;NA;NA%;NA%;110,89%;NA%;0,54%
FRAM CAPITAL DTVM S.A. - PRUDENCIAL;1000084253;n2;S4;I;2;SAO PAULO;SP;03/2021;2.575;0;2.575;0;2.575;4.732;1;0;8;0;9;10.319;15.061;NA;17,10%;17,10%;17,10%;NA%;15,96%
MEDCRED COOPERATIVA DE CRÉDITO;3575699;b3S;S5;I;2;RIBEIRAO PRETO;SP;03/2021;NA;NA;NA;NA;2.398;13.768;0;NA;NA;NA;0;1.159;14.927;NA;NA%;NA%;16,06%;NA%;5,87%
COOPERATIVA DE CRÉDITO RURAL ASCOOB COOPERAR;2025743;b3S;S5;I;2;ARACI;BA;03/2021;NA;NA;NA;NA;2.263;12.976;0;NA;NA;NA;0;1.856;14.832;NA;NA%;NA%;15,26%;NA%;15,22%
FFA SCMEPP LTDA - PRUDENCIAL;1000084569;n1;S5;I;2;SAO PAULO;SP;03/2021;NA;NA;NA;NA;2.676;4.742;0;NA;NA;NA;0;9.996;14.737;NA;NA%;NA%;18,16%;NA%;0,83%
SUMUP SCD - PRUDENCIAL;1000085238;n1;S5;I;2;SAO PAULO;SP;03/2021;NA;NA;NA;NA;18.166;12.939;0;NA;NA;NA;0;1.294;14.233;NA;NA%;NA%;127,64%;NA%;0,00%
DEBONI DTVM LTDA - PRUDENCIAL;1000084150;n2;S4;I;2;CURITIBA;PR;03/2021;2.323;0;2.323;0;2.323;823;6.233;0;0;0;6.233;7.089;14.146;NA;16,42%;16,42%;16,42%;NA%;6,71%
COOPERATIVA DE ECONOMIA E CRÉDITO MÚTUO DOS FUNCIONÁRIOS DA VILLARES METALS;53846242;b3S;S5;I;2;SUMARE;SP;03/2021;NA;NA;NA;NA;17.802;12.700;0;NA;NA;NA;0;1.337;14.037;NA;NA%;NA%;126,83%;NA%;0,02%
AG. FOMENTO ESTADO DE RORAIMA - PRUDENCIAL;1000081036;n1;S4;I;1;BOA VISTA;RR;03/2021;6.332;0;6.332;0;6.332;12.842;0;0;7;0;7;1.032;13.881;NA;45,62%;45,62%;45,62%;NA%;13,87%
COOPERATIVA DE CRÉDITO SICOOB CREDMETAL;3535065;b3S;S5;I;2;OSASCO;SP;03/2021;NA;NA;NA;NA;11.012;11.825;0;NA;NA;NA;0;1.993;13.818;NA;NA%;NA%;79,69%;NA%;4,07%
COOPERATIVA DE ECONOMIA E CREDITO MUTUO DOS TRABALHADORES PORTUARIOS DA GRANDE VITORIA - CREDESTIVA.;3844699;b3S;S5;I;2;VITORIA;ES;03/2021;NA;NA;NA;NA;13.314;12.177;0;NA;NA;NA;0;1.368;13.545;NA;NA%;NA%;98,30%;NA%;5,76%
COOPERATIVA DE ECONOMIA E CRÉDITO MÚTUO DOS COLABORADORES DA VALE S.A LTDA. - SICOOB CREDIVALE;20961629;b3S;S5;I;2;ITABIRA;MG;03/2021;NA;NA;NA;NA;5.372;12.313;0;NA;NA;NA;0;1.215;13.528;NA;NA%;NA%;39,71%;NA%;24,12%
ACCREDITO SOCIEDADE DE CREDITO DIRETO - PRUDENCIAL;1000085331;n1;S5;I;2;SAO PAULO;SP;03/2021;NA;NA;NA;NA;70.088;12.140;0;NA;NA;NA;0;1.214;13.354;NA;NA%;NA%;524,84%;NA%;0,46%
COOPERATIVA DE ECONOMIA E CRÉDITO MÚTUO DOS EMPREGADOS DA JOYSON SAFETY SYSTEMS - COOPERJSS;47944277;b3S;S5;I;2;JUNDIAI;SP;03/2021;NA;NA;NA;NA;15.619;12.039;0;NA;NA;NA;0;1.159;13.198;NA;NA%;NA%;118,35%;NA%;0,11%
WARREN CCVM LTDA - PRUDENCIAL;1000082664;n2;S4;I;2;PORTO ALEGRE;RS;03/2021;8.834;0;8.834;0;8.834;7.584;0;0;0;0;0;5.578;13.162;NA;67,12%;67,12%;67,12%;NA%;44,87%
COOPERATIVA DE ECONOMIA E CRÉDITO MÚTUO DOS COLABORADORES DO GRUPO EMPRESARIAL A COSTA LTDA.;20062766;b3S;S5;I;2;VISCONDE DO RIO BRANCO;MG;03/2021;NA;NA;NA;NA;14.176;12.684;0;NA;NA;NA;0;468;13.152;NA;NA%;NA%;107,79%;NA%;0,12%
COOPERATIVA DE ECONOMIA E CRÉDITO MÚTUO DOS TRABALHADORES DA CIA. DE PROCESSAMENTO DE DADOS DO ESTADO DE SÃO PAULO - CREDIPRODESP;67915868;b3S;S5;I;2;TABOAO DA SERRA;SP;03/2021;NA;NA;NA;NA;19.791;11.709;0;NA;NA;NA;0;1.283;12.992;NA;NA%;NA%;152,33%;NA%;0,14%
AMAZÔNIA CC LTDA. - PRUDENCIAL;1000082365;n2;S4;I;2;MANAUS;AM;03/2021;1.671;0;1.671;0;1.671;555;1.797;0;0;0;1.797;10.609;12.962;NA;12,89%;12,89%;12,89%;NA%;27,51%
MONOPÓLIO CC - PRUDENCIAL;1000084356;n2;S4;I;2;BELEM;PA;03/2021;4.370;0;4.370;0;4.370;455;6.256;0;0;0;6.256;6.194;12.904;NA;33,87%;33,87%;33,87%;NA%;0,17%
COOPERATIVA DE CRÉDITO DOS MAGISTRADOS DO ESTADO DO RIO DE JANEIRO LTDA. - MAGICREDI-RJ;5040680;b3S;S5;I;2;RIO DE JANEIRO;RJ;03/2021;NA;NA;NA;NA;9.392;12.117;0;NA;NA;NA;0;733;12.850;NA;NA%;NA%;73,09%;NA%;2,15%
COOPERATIVA DE ECONOMIA E CRÉDITO MÚTUO DOS SERVIDORES PÚBLICOS DO PODER EXECUTIVO FEDERAL NO ESTADO DO ESPÍRITO SANTO - COOPSEFES;3639902;b3S;S5;I;2;VITORIA;ES;03/2021;NA;NA;NA;NA;11.987;11.157;0;NA;NA;NA;0;1.685;12.842;NA;NA%;NA%;93,34%;NA%;2,97%
DIBRAN DTVM LTDA - PRUDENCIAL;1000083845;n2;S4;I;2;SAO PAULO;SP;03/2021;16.277;0;16.277;0;16.277;4.887;471;0;24;4.718;5.213;2.641;12.741;NA;127,76%;127,76%;127,76%;NA%;0,50%
COOPERATIVA DE ECONOMIA E CREDITO MUTUO DOS EMPREGADOS DO GRUPO BAYER LTDA;73631483;b3S;S5;I;2;BELFORD ROXO;RJ;03/2021;NA;NA;NA;NA;15.118;11.616;0;NA;NA;NA;0;1.020;12.635;NA;NA%;NA%;119,65%;NA%;0,10%
EXECUTIVE CC LTDA. - PRUDENCIAL;1000082468;n2;S5;I;2;NOVO HAMBURGO;RS;03/2021;NA;NA;NA;NA;2.978;605;1.629;NA;NA;NA;1.629;10.269;12.503;NA;NA%;NA%;23,82%;NA%;1,48%
COOPERATIVA DE ECONOMIA E CRÉDITO MÚTUO DOS FUNCIONÁRIOS DA TICKET SERVIÇOS COMÉRCIO E ADMINISTRAÇÃO;57440521;b3S;S5;I;2;SAO PAULO;SP;03/2021;NA;NA;NA;NA;8.685;11.962;0;NA;NA;NA;0;452;12.414;NA;NA%;NA%;69,96%;NA%;0,25%
COOPERATIVA DE ECONOMIA E CRÉDITO MÚTUO DOS SERVIDORES PÚBLICOS MUNICIPAIS EM JOÃO MONLEVADE LTDA. - COPREMON;18310649;b3S;S5;I;2;JOAO MONLEVADE;MG;03/2021;NA;NA;NA;NA;13.905;11.598;0;NA;NA;NA;0;776;12.374;NA;NA%;NA%;112,37%;NA%;0,32%
COOPERATIVA DE ECONOMIA E CRÉDITO MÚTUO DOS FUNCIONÁRIOS DA ASTRAZENECA DO BRASIL;1288797;b3S;S5;I;2;COTIA;SP;03/2021;NA;NA;NA;NA;13.001;11.840;0;NA;NA;NA;0;524;12.364;NA;NA%;NA%;105,16%;NA%;0,08%
LISTO SCD - PRUDENCIAL;1000084930;n1;S5;I;2;SAO PAULO;SP;03/2021;NA;NA;NA;NA;12.557;9.334;0;NA;NA;NA;0;2.986;12.320;NA;NA%;NA%;101,93%;NA%;0,00%
COOPERATIVA DE CRÉDITO MÚTUO DOS POLICIAIS FEDERAIS E SERVIDORES DA UNIÃO NO ESPÍRITO SANTO - CREDFEDERAL;2083914;b3S;S5;I;2;VILA VELHA;ES;03/2021;NA;NA;NA;NA;4.731;11.807;0;NA;NA;NA;0;475;12.281;NA;NA%;NA%;38,52%;NA%;0,82%
COOPERATIVA DE ECONOMIA E CRÉDITO MÚTUO DOS FUNCIONÁRIOS DO GRUPO JAL LTDA.;5548335;b3S;S5;I;2;SAO JOAO DE MERITI;RJ;03/2021;NA;NA;NA;NA;15.507;10.882;0;NA;NA;NA;0;1.224;12.107;NA;NA%;NA%;128,09%;NA%;28,80%
PATAÇÃO DTVM LTDA. - PRUDENCIAL;1000083821;n2;S4;I;2;SOROCABA;SP;03/2021;669;0;669;0;669;284;78;0;0;0;78;11.737;12.099;NA;5,53%;5,53%;5,53%;NA%;3,42%
COOPERATIVA DE ECONOMIA E CRÉDITO MÚTUO DOS SERVIDORES DA PREFEITURA MUNICIPAL DE ORLÂNDIA - CRED SERV;946465;b3S;S5;I;2;ORLANDIA;SP;03/2021;NA;NA;NA;NA;13.791;10.995;0;NA;NA;NA;0;1.059;12.054;NA;NA%;NA%;114,41%;NA%;0,16%
ASPECIR SCMEPP LTDA. - PRUDENCIAL;1000083058;n1;S5;I;2;PORTO ALEGRE;RS;03/2021;NA;NA;NA;NA;9.265;10.108;0;NA;NA;NA;0;1.928;12.036;NA;NA%;NA%;76,98%;NA%;1,18%
COOPERATIVA DE CREDITO DOS FORNECEDORES DE CANA E DEMAIS PRODUTORES RURAIS DO CENTRO DO ESTADO DE SAO PAULO - CREDICENTRO;53776852;b3S;S5;I;2;ARARAQUARA;SP;03/2021;NA;NA;NA;NA;13.807;11.158;0;NA;NA;NA;0;795;11.952;NA;NA%;NA%;115,51%;NA%;0,16%
PLANTAE CFI - PRUDENCIAL;1000085630;n1;S4;I;2;PRESIDENTE PRUDENTE;SP;03/2021;19.336;0;19.336;0;19.336;11.132;0;0;0;0;0;688;11.820;NA;163,58%;163,58%;163,58%;NA%;0,71%
COOPERATIVA DE ECONOMIA E CREDITO MUTUO JOHN F. KENNEDY LTDA;33735192;b3S;S5;I;2;RIO DE JANEIRO;RJ;03/2021;NA;NA;NA;NA;5.569;11.245;0;NA;NA;NA;0;558;11.803;NA;NA%;NA%;47,18%;NA%;1,08%
COOPERATIVA DE ECONOMIA CRÉDITO MÚTUO - SICOOB CREDSAÚDE;2072790;b3S;S5;I;2;PIRACICABA;SP;03/2021;NA;NA;NA;NA;2.405;10.827;0;NA;NA;NA;0;886;11.712;NA;NA%;NA%;20,53%;NA%;1,03%
COOPERATIVA DE ECONOMIA E CRÉDITO MÚTUO DOS FUNCIONÁRIOS DA INTERNATIONAL INDÚSTRIA AUTOMOTIVA DA AMÉRICA DO SUL;59620708;b3S;S5;I;2;SAO PAULO;SP;03/2021;NA;NA;NA;NA;13.468;11.100;0;NA;NA;NA;0;544;11.644;NA;NA%;NA%;115,66%;NA%;0,17%
CONECTA CC LTDA - PRUDENCIAL;1000082406;n2;S5;I;2;SALVADOR;BA;03/2021;NA;NA;NA;NA;1.588;353;2.076;NA;NA;NA;2.076;8.918;11.347;NA;NA%;NA%;14,00%;NA%;1,21%
COOPERATIVA DE ECONOMIA E CREDITO MUTUO DOS EMPREGADOS DE ELEVADORES ATLAS SCHINDLER LTDA.;42107706;b3S;S5;I;2;RIO DE JANEIRO;RJ;03/2021;NA;NA;NA;NA;12.842;10.517;0;NA;NA;NA;0;829;11.346;NA;NA%;NA%;113,19%;NA%;0,02%
COOPERATIVA DE ECONOMIA E CRÉDITO MÚTUO DOS COLABORADORES DA CEBRACE;53184438;b3S;S5;I;2;JACAREI;SP;03/2021;NA;NA;NA;NA;15.578;10.585;0;NA;NA;NA;0;681;11.267;NA;NA%;NA%;138,27%;NA%;0,07%
COOPERATIVA DE ECONOMIA E CRÉDITO MÚTUO DOS FUNCIONÁRIOS DA ABRIL;43438662;b3S;S5;I;2;SAO PAULO;SP;03/2021;NA;NA;NA;NA;8.650;10.194;0;NA;NA;NA;0;1.059;11.253;NA;NA%;NA%;76,87%;NA%;0,29%
SIMPLIFIC PAVARINI - PRUDENCIAL;1000083766;n2;S4;I;2;RIO DE JANEIRO;RJ;03/2021;1.948;0;1.948;0;1.948;702;0;0;0;0;0;10.431;11.133;NA;17,49%;17,49%;17,49%;NA%;12,82%
COOPERATIVA DE ECONOMIA E CREDITO MUTUO DOS SERVIDORES PUBLICOS DE PINHÃO - CRESERV-PINHÃO;4831810;b3S;S5;I;2;PINHAO;PR;03/2021;NA;NA;NA;NA;5.986;10.180;0;NA;NA;NA;0;912;11.092;NA;NA%;NA%;53,96%;NA%;1,04%
COOPERATIVA DE CREDITO DOS SERVIDORES DA UNIVERSIDADE FEDERAL DO ESPIRITO SANTO;27302181;b3S;S5;I;2;VITORIA;ES;03/2021;NA;NA;NA;NA;9.178;9.929;0;NA;NA;NA;0;1.043;10.973;NA;NA%;NA%;83,65%;NA%;0,61%
COOPERATIVA DE ECONOMIA E CRÉDITO MÚTUO DOS EMPREGADOS DA TEKSID DO BRASIL LTDA., E NEMAK ALUMÍNIO DO BRASIL LTDA.;4249235;b3S;S5;I;2;BETIM;MG;03/2021;NA;NA;NA;NA;15.977;10.255;0;NA;NA;NA;0;613;10.869;NA;NA%;NA%;147,00%;NA%;0,13%
LASTRO RDV DTVM LTDA - PRUDENCIAL;1000084129;n2;S4;C;2;ARARAS;SP;03/2021;1.842;0;1.842;0;1.842;6.018;140;0;5;0;145;4.642;10.805;NA;17,05%;17,05%;17,05%;NA%;6,29%
COOPERATIVA DE CRÉDITO MÚTUO DO GRUPO ABC - COOPER 7;4414354;b3S;S5;I;2;SAO BERNARDO DO CAMPO;SP;03/2021;NA;NA;NA;NA;8.378;9.430;0;NA;NA;NA;0;1.373;10.803;NA;NA%;NA%;77,55%;NA%;0,31%
SCD CREDITAS - PRUDENCIAL;1000084909;n1;S5;I;2;SAO PAULO;SP;03/2021;NA;NA;NA;NA;9.883;7.054;0;NA;NA;NA;0;3.561;10.615;NA;NA%;NA%;93,10%;NA%;0,00%
COOPERATIVA DE CRÉDITO DOS EMPREGADOS DE ELEVADORES ATLAS;43730498;b3S;S5;I;2;SAO PAULO;SP;03/2021;NA;NA;NA;NA;17.993;9.603;0;NA;NA;NA;0;946;10.549;NA;NA%;NA%;170,58%;NA%;0,02%
COOPERATIVA DE ECONOMIA E CRÉDITO MÚTUO DOS COLABORADORES DA UNIÃO BRASILEIRA DE EDUCAÇÃO E ENSINO, UNIÃO NORTE BRASILEIRA DE EDUCAÇÃO E CULTURA & UNIÃO BRASILEIRA DE EDUCAÇÃO CATÓLICA LTDA - COOMAR;2588819;b3S;S5;I;2;BELO HORIZONTE;MG;03/2021;NA;NA;NA;NA;13.289;9.849;0;NA;NA;NA;0;616;10.465;NA;NA%;NA%;126,99%;NA%;1,47%
COOPERATIVA DE ECONOMIA E CRÉDITO MÚTUO DOS EMPREGADOS DAS EMPRESAS CONTROLADAS E COLIGADAS DA USINA SANTA ADELIA - USAGRO;68969625;b3S;S5;I;2;JABOTICABAL;SP;03/2021;NA;NA;NA;NA;11.189;9.313;0;NA;NA;NA;0;1.050;10.362;NA;NA%;NA%;107,98%;NA%;0,43%
COOPERATIVA DE ECONOMIA E CREDITO MUTUO DOS SERVIDORES ESTATUTARIOS DA ADMINISTRACAO DIRETA DO ESTADO DO ESPIRITO SANTO - COOPFISCO;2475222;b3S;S5;I;2;VITORIA;ES;03/2021;NA;NA;NA;NA;6.913;9.644;0;NA;NA;NA;0;536;10.180;NA;NA%;NA%;67,91%;NA%;8,33%
COPERCRED - COOPERATIVA DE ECONOMIA E CRÉDITO MÚTUO DOS EMPREGADOS DAS EMPRESAS ZILLO LORENZETTI;58022195;b3S;S5;I;2;LENCOIS PAULISTA;SP;03/2021;NA;NA;NA;NA;11.434;9.359;0;NA;NA;NA;0;808;10.168;NA;NA%;NA%;112,45%;NA%;0,55%
COOPERATIVA DE ECONOMIA E CRÉDITO MÚTUO DOS CORRETORES DE SEGUROS DO RIO GRANDE DO SUL - CREDICOR;2999687;b3S;S5;I;2;PORTO ALEGRE;RS;03/2021;NA;NA;NA;NA;4.880;9.154;0;NA;NA;NA;0;1.011;10.165;NA;NA%;NA%;48,01%;NA%;3,40%
COOPERATIVA DE ECONOMIA E CRÉDITO MÚTUO DOS FUNCIONÁRIOS DA BOMBRIL;57038408;b3S;S5;I;2;SAO BERNARDO DO CAMPO;SP;03/2021;NA;NA;NA;NA;10.416;9.536;0;NA;NA;NA;0;536;10.072;NA;NA%;NA%;103,42%;NA%;0,17%
COOPERATIVA DE ECONOMIA E CRÉDITO MÚTUO DOS EMPREGADOS DO GRUPO ALGAR E EMPREENDEDORES DO TRIÂNGULO MINEIRO LTDA - SICOOB TRIÂNGULO;1296040;b3S;S5;I;2;UBERLANDIA;MG;03/2021;NA;NA;NA;NA;6.366;8.654;0;NA;NA;NA;0;1.390;10.044;NA;NA%;NA%;63,38%;NA%;4,74%
COOPERATIVA DE ECONOMIA E CRÉDITO MÚTUO DOS EMPREGADOS DA CEMIG E DAS INDÚSTRIAS METALÚRGICAS E DE MATERIAL ELÉTRICO E DOS SERVIDORES PÚBLICOS MUNICIPAIS DE JUIZ DE FORA LTDA. - SICOOB CECREMEC;17502881;b3S;S5;I;2;BELO HORIZONTE;MG;03/2021;NA;NA;NA;NA;6.744;8.454;0;NA;NA;NA;0;1.559;10.013;NA;NA%;NA%;67,35%;NA%;5,63%
COOPERATIVA DE ECONOMIA E CRÉDITO MÚTUO DOS EMPREGADOS DAS EMPRESAS METALÚRGICAS DE MATÃO - METALCOOPERCRED;53505681;b3S;S5;I;2;MATAO;SP;03/2021;NA;NA;NA;NA;12.553;9.019;0;NA;NA;NA;0;953;9.973;NA;NA%;NA%;125,87%;NA%;0,14%
COOPERATIVA DE ECONOMIA E CRÉDITO MÚTUO DOS TRABALHADORES NAS INDÚSTRIAS DE EXTRAÇÃO DE FERRO E METAIS BÁSICOS DA REGIÃO DE CONGONHAS LTDA. - COOFERSE;71384697;b3S;S5;I;2;CONGONHAS;MG;03/2021;NA;NA;NA;NA;10.159;9.380;0;NA;NA;NA;0;476;9.856;NA;NA%;NA%;103,08%;NA%;6,64%
COOPERATIVA DE CRÉDITO MÚTUO DE SERVIDORES PÚBLICOS DO ESTADO DE SÃO PAULO - CREDIFISCO;4546162;b3S;S5;I;2;SAO PAULO;SP;03/2021;NA;NA;NA;NA;5.732;9.106;0;NA;NA;NA;0;563;9.669;NA;NA%;NA%;59,28%;NA%;2,48%
COOPERATIVA DE CRÉDITO E INVESTIMENTO DOS EMPREGADOS E SERVIDORES DA SECRETARIA ESTADUAL DE LOGÍSTICA E TRANSPORTES E ÓRGÃOS SUBORDINADOS DO ESTADO DE SÃO PAULO - SICOOB COOPTRANSP;66555665;b3S;S5;I;2;SAO PAULO;SP;03/2021;NA;NA;NA;NA;6.777;8.077;0;NA;NA;NA;0;1.385;9.461;NA;NA%;NA%;71,63%;NA%;0,54%
COOPERATIVA DE CRÉDITO MÚTUO DOS EMPREGADOS DA SKF E COLIGADAS;49091119;b3S;S5;I;2;CAJAMAR;SP;03/2021;NA;NA;NA;NA;11.303;8.506;0;NA;NA;NA;0;797;9.303;NA;NA%;NA%;121,49%;NA%;0,03%
COOPERATIVA DE ECONOMIA E CRÉDITO MÚTUO DOS FUNCIONÁRIOS DO GRUPO COMOLATTI - SÃO PAULO;47196084;b3S;S5;I;2;SAO PAULO;SP;03/2021;NA;NA;NA;NA;10.145;8.689;0;NA;NA;NA;0;469;9.158;NA;NA%;NA%;110,77%;NA%;0,00%
NEON CTVM - PRUDENCIAL;1000082839;n2;S4;I;2;SAO PAULO;SP;03/2021;2.914;0;2.914;0;2.914;244;0;0;26;0;26;8.870;9.141;NA;31,88%;31,88%;31,88%;NA%;2,74%
FINERGY SCD;1000085379;n1;S5;I;2;JAGUARIUNA;SP;03/2021;NA;NA;NA;NA;14.661;8.293;0;NA;NA;NA;0;829;9.123;NA;NA%;NA%;160,70%;NA%;0,00%
NOSSA TERRA COOPERATIVA DE CRÉDITO DOS EMPREGADOS DAS EMPRESAS DE AGRONEGÓCIO E AFINS;49204605;b3S;S5;I;2;CAJATI;SP;03/2021;NA;NA;NA;NA;10.447;8.125;0;NA;NA;NA;0;925;9.050;NA;NA%;NA%;115,44%;NA%;0,16%
COOPERATIVA DE ECONOMIA E CRÉDITO MÚTUO DOS FUNCIONÁRIOS PÚBLICOS MUNICIPAIS DE ITAPIRA - CREDITA;2115870;b3S;S5;I;2;ITAPIRA;SP;03/2021;NA;NA;NA;NA;10.298;8.407;0;NA;NA;NA;0;538;8.945;NA;NA%;NA%;115,12%;NA%;0,39%
COOPERATIVA DE ECONOMIA E CRÉDITO MÚTUO DOS EMPREGADOS DA AÇO MINAS GERAIS S.A. - AÇOMINAS E EMPRESAS SUBSIDIÁRIAS EM OURO BRANCO LTDA. - COOPAÇO;17314501;b3S;S5;I;2;OURO BRANCO;MG;03/2021;NA;NA;NA;NA;13.786;8.128;0;NA;NA;NA;0;792;8.921;NA;NA%;NA%;154,53%;NA%;2,16%
PARATI - CFI S.A. - PRUDENCIAL;1000083443;n1;S5;I;2;VITORIA;ES;03/2021;NA;NA;NA;NA;8.934;7.681;0;NA;NA;NA;0;1.148;8.829;NA;NA%;NA%;101,19%;NA%;0,37%
COOPERATIVA DE ECONOMIA E CRÉDITO MÚTUO DOS FUNCIONÁRIOS DO FLEURY;71965313;b3S;S5;I;2;SAO PAULO;SP;03/2021;NA;NA;NA;NA;9.171;8.314;0;NA;NA;NA;0;413;8.726;NA;NA%;NA%;105,10%;NA%;0,64%
HARMONIA DTVM - PRUDENCIAL;1000085568;n2;S4;I;2;SAO PAULO;SP;03/2021;695;0;695;0;695;553;0;0;107;0;107;7.971;8.631;NA;8,06%;8,06%;8,06%;NA%;42,21%
ARC CORRETORA CAMBIO S.A. - PRUDENCIAL;1000082066;n2;S4;I;2;SANTOS;SP;03/2021;1.690;0;1.690;0;1.690;622;435;0;0;357;792;7.184;8.598;NA;19,66%;19,66%;19,66%;NA%;3,12%
COOPERATIVA DE ECONOMIA E CRÉDITO MÚTUO DOS EMPREGADOS DA NOVELIS;57545436;b3S;S5;I;2;SANTO ANDRE;SP;03/2021;NA;NA;NA;NA;10.390;7.588;0;NA;NA;NA;0;999;8.588;NA;NA%;NA%;120,98%;NA%;0,10%
COOPERATIVA DE ECONOMIA E CRÉDITO MÚTUO DOS FUNCIONÁRIOS DO GRUPO AVIBRAS - COOPER AVIBRAS;43268960;b3S;S5;I;2;JACAREI;SP;03/2021;NA;NA;NA;NA;9.742;8.031;0;NA;NA;NA;0;524;8.555;NA;NA%;NA%;113,87%;NA%;0,11%
PÓLOCRED SCMEPP LTDA. - PRUDENCIAL;1000083106;n1;S5;I;2;FLORIANOPOLIS;SC;03/2021;NA;NA;NA;NA;1.153;7.743;0;NA;NA;NA;0;795;8.538;NA;NA%;NA%;13,51%;NA%;2,36%
COOPERATIVA DE ECONOMIA E CRÉDITO MÚTUO DOS EMPREGADOS DA MERCK SHARP & DOHME FARMACÊUTICA - COOPERMSD;2814832;b3S;S5;I;2;SAO PAULO;SP;03/2021;NA;NA;NA;NA;13.386;7.954;0;NA;NA;NA;0;566;8.520;NA;NA%;NA%;157,11%;NA%;0,08%
DECYSEO CC LTDA. - PRUDENCIAL;1000082248;n2;S4;I;2;SAO PAULO;SP;03/2021;900;0;900;0;900;767;213;0;0;0;213;7.519;8.499;NA;10,58%;10,58%;10,58%;NA%;22,15%
BMS SCD - PRUDENCIAL;1000083333;n1;S5;I;2;FORTALEZA;CE;03/2021;NA;NA;NA;NA;6.700;5.978;0;NA;NA;NA;0;2.459;8.437;NA;NA%;NA%;79,41%;NA%;0,55%
CREDJUST - COOPERATIVA DE CRÉDITO MÚTUO DOS INTEGRANTES DA JUSTIÇA DO TRABALHO DA 13ª REGIÃO LTDA.;4608925;b3S;S5;I;2;JOAO PESSOA;PB;03/2021;NA;NA;NA;NA;6.718;7.946;0;NA;NA;NA;0;456;8.401;NA;NA%;NA%;79,97%;NA%;2,51%
COOPERATIVA DE ECONOMIA E CRÉDITO MÚTUO DOS SERVIDORES PÚBLICOS DA REGIÃO METROPOLITANA DE BELÉM - CREDISIS CREDBEM METROPOLITANA;991739;b3S;S5;I;2;BELEM;PA;03/2021;NA;NA;NA;NA;9.314;7.317;0;NA;NA;NA;0;1.002;8.319;NA;NA%;NA%;111,96%;NA%;3,27%
COOPERATIVA DE ECONOMIA E CRÉDITO MÚTUO DOS EMPREGADOS DO SISTEMA FIERGS - CRESUL;92675578;b3S;S5;I;2;PORTO ALEGRE;RS;03/2021;NA;NA;NA;NA;11.933;7.665;0;NA;NA;NA;0;625;8.290;NA;NA%;NA%;143,94%;NA%;0,04%
CORREPARTI CC LTDA - PRUDENCIAL;1000082231;n2;S4;I;2;SAO JOSE DOS PINHAIS;PR;03/2021;1.690;0;1.690;0;1.690;748;2;0;0;0;2;7.509;8.259;NA;20,46%;20,46%;20,46%;NA%;3,89%
SAGITUR CORRETORA DE CÂMBIO S.A. - PRUDENCIAL;1000084648;n2;S4;I;2;SAO PAULO;SP;03/2021;303;0;303;0;303;128;132;0;0;0;132;7.864;8.124;NA;3,73%;3,73%;3,73%;NA%;18,72%
COOPERATIVA DE ECONOMIA E CRÉDITO MÚTUO DOS EMPREGADOS DA CONFAB;59305565;b3S;S5;I;2;PINDAMONHANGABA;SP;03/2021;NA;NA;NA;NA;8.451;7.635;0;NA;NA;NA;0;425;8.059;NA;NA%;NA%;104,86%;NA%;0,12%
COOPERATIVA DE ECONOMIA E CREDITO MUTUO DOS SERVIDORES DA EMPRESA BRASILEIRA DE CORREIOS E TELEGRAFOS LTDA;42100982;b3S;S5;I;2;RIO DE JANEIRO;RJ;03/2021;NA;NA;NA;NA;8.136;7.173;0;NA;NA;NA;0;804;7.977;NA;NA%;NA%;101,98%;NA%;25,16%
SOL CC - PRUDENCIAL;1000082097;n2;S4;I;2;NATAL;RN;03/2021;524;0;524;0;524;758;342;0;0;0;342;6.857;7.957;NA;6,59%;6,59%;6,59%;NA%;18,68%
FÊNIX DTVM - PRUDENCIAL;1000085537;n2;S4;I;2;CUIABA;MT;03/2021;2.367;0;2.367;0;2.367;1.161;0;0;0;0;0;6.784;7.945;NA;29,79%;29,79%;29,79%;NA%;0,08%
CARTOS SCD - PRUDENCIAL;1000084442;n1;S5;I;2;SAO PAULO;SP;03/2021;NA;NA;NA;NA;2.466;6.752;0;NA;NA;NA;0;1.188;7.940;NA;NA%;NA%;31,06%;NA%;1,01%
PACIFIC INVEST DTVM LTDA - PRUDENCIAL;1000084143;n2;S4;I;2;JOACABA;SC;03/2021;1.897;0;1.897;0;1.897;71;3.421;0;0;0;3.421;4.403;7.895;NA;24,03%;24,03%;24,03%;NA%;1,34%
FAMILIA PAULISTA CI S.A. - PRUDENCIAL;1000083429;n1;S5;I;2;SANTOS;SP;03/2021;NA;NA;NA;NA;10.947;5.462;0;NA;NA;NA;0;2.407;7.868;NA;NA%;NA%;139,14%;NA%;2,71%
CASA CREDITO S.A. SCM - PRUDENCIAL;1000083175;n1;S5;I;2;SAO PAULO;SP;03/2021;NA;NA;NA;NA;3.131;7.572;0;NA;NA;NA;0;239;7.810;NA;NA%;NA%;40,09%;NA%;0,33%
COOPERATIVA DE ECONOMIA E CRÉDITO MÚTUO DOS SERVIDORES DO MUNICIPIO DE SANTO ANDRÉ - SP - SICOOB CECRESA;512839;b3S;S5;I;2;SANTO ANDRE;SP;03/2021;NA;NA;NA;NA;7.145;6.802;0;NA;NA;NA;0;989;7.792;NA;NA%;NA%;91,70%;NA%;2,24%
COOPERATIVA DE ECONOMIA E CRÉDITO MÚTUO DOS FUNCIONÁRIOS DA CIA AÇUCAREIRA VALE DO ROSÁRIO - COOPERVALE;44958981;b3S;S5;I;2;MORRO AGUDO;SP;03/2021;NA;NA;NA;NA;9.511;6.627;0;NA;NA;NA;0;960;7.588;NA;NA%;NA%;125,35%;NA%;0,06%
COOPERATIVA DE CRÉDITO DOS PLANTADORES DE CANA DA REGIÃO DE LENÇÓIS PAULISTA;50848910;b3S;S5;I;2;LENCOIS PAULISTA;SP;03/2021;NA;NA;NA;NA;12.397;7.112;0;NA;NA;NA;0;458;7.570;NA;NA%;NA%;163,76%;NA%;2,34%
HEMERA DTVM - PRUDENCIAL;1000085685;n2;S4;I;2;CURITIBA;PR;03/2021;1.439;0;1.439;0;1.439;292;0;0;0;0;0;7.222;7.515;NA;19,15%;19,15%;19,15%;NA%;0,00%
GOOD CC - PRUDENCIAL;1000084521;n2;S4;I;2;PORTO ALEGRE;RS;03/2021;1.974;0;1.974;0;1.974;890;1.185;0;0;0;1.185;5.436;7.511;NA;26,28%;26,28%;26,28%;NA%;1,09%
NUMBER ONE SCC LTDA. - PRUDENCIAL;1000081988;n2;S5;I;2;RIO DE JANEIRO;RJ;03/2021;NA;NA;NA;NA;2.633;1.428;0;NA;NA;NA;0;6.053;7.481;NA;NA%;NA%;35,19%;NA%;1,36%
SOCRED S.A. SCM - PRUDENCIAL;1000083247;n1;S5;I;2;BELEM;PA;03/2021;NA;NA;NA;NA;3.861;6.885;0;NA;NA;NA;0;594;7.479;NA;NA%;NA%;51,61%;NA%;3,26%
SOCIALCRED S/A SCMEPP - PRUDENCIAL;1000083027;n1;S5;I;2;RIO DE JANEIRO;RJ;03/2021;NA;NA;NA;NA;8.444;6.083;0;NA;NA;NA;0;1.371;7.454;NA;NA%;NA%;113,28%;NA%;3,28%
COOPERATIVA DE ECONOMIA E CRÉDITO MÚTUO DOS SERVIDORES MUNICIPAIS DE POÇOS DE CALDAS LTDA. - COOPOÇOS;41791005;b3S;S5;I;2;POCOS DE CALDAS;MG;03/2021;NA;NA;NA;NA;7.377;6.435;0;NA;NA;NA;0;983;7.418;NA;NA%;NA%;99,45%;NA%;0,27%
COOPERATIVA DE CRÉDITO MÚTUO DOS FUNCIONÁRIOS DAS EMPRESAS FERROVIÁRIAS NO ESTADO DE SÃO PAULO;53932869;b3S;S5;I;2;OSASCO;SP;03/2021;NA;NA;NA;NA;7.679;6.797;0;NA;NA;NA;0;515;7.312;NA;NA%;NA%;105,01%;NA%;1,72%
COOPERATIVA DE ECONOMIA E CRÉDITO MÚTUO DOS EMPREGADOS DO GRUPO TELEFÔNICA;57598120;b3S;S5;I;2;SAO PAULO;SP;03/2021;NA;NA;NA;NA;7.373;6.582;0;NA;NA;NA;0;594;7.176;NA;NA%;NA%;102,75%;NA%;1,57%
SCB CRÉDITO SCMEPP - PRUDENCIAL;1000083230;n1;S5;I;2;FORTALEZA;CE;03/2021;NA;NA;NA;NA;2.951;3.463;0;NA;NA;NA;0;3.602;7.065;NA;NA%;NA%;41,78%;NA%;0,00%
COOPERATIVA DE CRÉDITO MÚTUO DOS SERVIDORES DA SEGURANÇA PÚBLICA DE SÃO PAULO - CREDIAFAM;4804353;b3S;S5;I;2;SAO PAULO;SP;03/2021;NA;NA;NA;NA;7.187;6.663;0;NA;NA;NA;0;401;7.064;NA;NA%;NA%;101,74%;NA%;0,33%
COOPERATIVA DE ECONOMIA E CRÉDITO MÚTUO DOS SERVIDORES DA SECRETARIA DE DEFESA SOCIAL DO ESTADO DE MINAS GERAIS LTDA. - COOPSESP;5746715;b3S;S5;I;2;BELO HORIZONTE;MG;03/2021;NA;NA;NA;NA;6.832;6.617;0;NA;NA;NA;0;370;6.987;NA;NA%;NA%;97,78%;NA%;3,10%
COOPERATIVA DE CRÉDITO DOS BANCÁRIOS DE SÃO PAULO E MUNICÍPIOS LIMÍTROFES;3422007;b3S;S5;I;2;SAO PAULO;SP;03/2021;NA;NA;NA;NA;3.189;6.144;0;NA;NA;NA;0;811;6.956;NA;NA%;NA%;45,85%;NA%;0,45%
REAG DTVM - PRUDENCIAL;1000085111;n2;S4;I;2;SAO PAULO;SP;03/2021;1.170;0;1.170;0;1.170;1.595;0;21;1.274;75;1.370;3.947;6.913;NA;16,92%;16,92%;16,92%;NA%;33,35%
COOPERATIVA DE CRÉDITO DOS SERVIDORES PÚBLICOS MUNICIPAIS DE TIMÓTEO LTDA. - COOPERTIM;20833976;b3S;S5;I;2;TIMOTEO;MG;03/2021;NA;NA;NA;NA;9.229;5.939;0;NA;NA;NA;0;905;6.843;NA;NA%;NA%;134,86%;NA%;0,05%
COOPERATIVA DE ECONOMIA E CRÉDITO MÚTUO DOS EMPREGADOS DA SAINT-GOBAIN DO BRASIL PRODUTOS INDUSTRIAIS E PARA CONSTRUÇÃO - DIVISÃO VIDRO PLANO;48140925;b3S;S5;I;2;MAUA;SP;03/2021;NA;NA;NA;NA;6.554;6.148;0;NA;NA;NA;0;411;6.558;NA;NA%;NA%;99,94%;NA%;0,29%
TAMBASA SCD - PRUDENCIAL;1000085214;n1;S5;I;2;BELO HORIZONTE;MG;03/2021;NA;NA;NA;NA;2.924;5.906;0;NA;NA;NA;0;591;6.497;NA;NA%;NA%;45,01%;NA%;1,20%
COOPERATIVA DE CRÉDITO DOS EMPREGADOS DO IRB-BRASIL RE LTDA.;42153585;b3S;S5;I;2;RIO DE JANEIRO;RJ;03/2021;NA;NA;NA;NA;5.824;6.258;0;NA;NA;NA;0;234;6.492;NA;NA%;NA%;89,71%;NA%;2,16%
VIPS CC LTDA. - PRUDENCIAL;1000082444;n2;S5;I;2;SAO PAULO;SP;03/2021;NA;NA;NA;NA;1.275;534;702;NA;NA;NA;702;5.167;6.404;NA;NA%;NA%;19,91%;NA%;26,27%
CRETOVALE - COOPERATIVA DE ECONOMIA E CRÉDITO MÚTUO DOS TRABALHADORES DA VALE;28145589;b3S;S5;I;2;VITORIA;ES;03/2021;NA;NA;NA;NA;6.182;5.736;0;NA;NA;NA;0;666;6.402;NA;NA%;NA%;96,56%;NA%;2,25%
COOPERATIVA DE ECONOMIA E CRÉDITO MÚTUO DOS FUNCIONÁRIOS DA FACULDADE DE CIÊNCIAS AGRÁRIAS E VETERINÁRIAS - CAMPUS DE JABOTICABAL/SP - COOPERFAC;57259525;b3S;S5;I;2;JABOTICABAL;SP;03/2021;NA;NA;NA;NA;6.965;5.866;0;NA;NA;NA;0;470;6.336;NA;NA%;NA%;109,93%;NA%;0,84%
COINVALORES - PRUDENCIAL;1000080707;n2;S5;C;2;SAO PAULO;SP;03/2021;NA;NA;NA;NA;23.752;5.744;0;NA;NA;NA;0;574;6.318;NA;NA%;NA%;375,93%;NA%;0,86%
BR-CAPITAL DTVM S.A. - PRUDENCIAL;1000083814;n2;S4;C;2;SAO PAULO;SP;03/2021;2.397;0;2.397;0;2.397;1.328;0;0;0;0;0;4.985;6.313;NA;37,97%;37,97%;37,97%;NA%;2,68%
COOPERATIVA DE ECONOMIA E CRÉDITO MÚTUO DOS FUNCIONÁRIOS DAS EMPRESAS MELHORAMENTOS DE SÃO PAULO - COOPERMEL;1504952;b3S;S5;I;2;SAO PAULO;SP;03/2021;NA;NA;NA;NA;6.546;5.964;0;NA;NA;NA;0;328;6.293;NA;NA%;NA%;104,03%;NA%;0,22%
COOPERATIVA DE ECONOMIA E CRÉDITO MÚTUO DOS FUNCIONÁRIOS DA OWENS CORNING FIBERGLAS AMÉRICA DO SUL;48172860;b3S;S5;I;2;RIO CLARO;SP;03/2021;NA;NA;NA;NA;5.246;5.886;0;NA;NA;NA;0;384;6.270;NA;NA%;NA%;83,67%;NA%;0,64%
COOPERATIVA DE ECONOMIA E CREDITO MUTUO DOS APOSENTADOS, PENSIONISTAS E IDOSOS LIGADOS AO SINDICATO NACIONAL DOS APOSENTADOS, PENSIONISTAS E IDOSOS DA FORÇA SINDICAL - SICOOB COOPERNAPI;16564240;b3S;S5;I;2;SAO PAULO;SP;03/2021;NA;NA;NA;NA;926;5.698;0;NA;NA;NA;0;532;6.230;NA;NA%;NA%;14,87%;NA%;1,82%
COOPERATIVA DE ECONOMIA E CRÉDITO MÚTUO DOS EMPREGADOS DA EATON;73077398;b3S;S5;I;2;VALINHOS;SP;03/2021;NA;NA;NA;NA;8.055;5.739;0;NA;NA;NA;0;458;6.197;NA;NA%;NA%;129,99%;NA%;0,01%
LIONS TRUST DTVM PRUDENCIAL;1000085654;n2;S4;I;2;SAO PAULO;SP;03/2021;600;0;600;0;600;0;0;0;0;0;0;6.193;6.193;NA;9,69%;9,69%;9,69%;NA%;0,00%
COOPERATIVA DE ECONOMIA E CRÉDITO MÚTUO DOS MEMBROS DO MINISTÉRIO PÚBLICO DE SÃO PAULO - PROMOCRED;4478231;b3S;S5;I;2;SAO PAULO;SP;03/2021;NA;NA;NA;NA;8.611;5.707;0;NA;NA;NA;0;455;6.162;NA;NA%;NA%;139,74%;NA%;0,14%
COOPERATIVA DE ECONOMIA E CREDITO MUTUO DOS EMPREGADOS DE CHOCOLATES GAROTO LTDA. - CREDI-GAROTO;30949267;b3S;S5;I;2;VILA VELHA;ES;03/2021;NA;NA;NA;NA;2.576;5.526;0;NA;NA;NA;0;599;6.125;NA;NA%;NA%;42,05%;NA%;13,10%
COOPERATIVA DE ECONOMIA E CRÉDITO MÚTUO DOS EMPREGADOS DAS EMPRESAS PLASCAR;17411307;b3S;S5;I;2;JUNDIAI;SP;03/2021;NA;NA;NA;NA;6.212;5.740;0;NA;NA;NA;0;316;6.056;NA;NA%;NA%;102,58%;NA%;0,17%
COOPERATIVA DE ECONOMIA E CRÉDITO MÚTUO DOS SERVIDORES DO DISTRITO FEDERAL LTDA. - COOSERVCRED;778858;b3S;S5;I;2;BRASILIA;DF;03/2021;NA;NA;NA;NA;4.735;5.575;0;NA;NA;NA;0;470;6.046;NA;NA%;NA%;78,32%;NA%;4,39%
COOPERATIVA DE ECONOMIA E CRÉDITO MÚTUO DOS SERVIDORES DA ADMINISTRAÇÃO PÚBLICA MUNICIPAL DE PORTO ALEGRE;5460750;b3S;S5;I;2;PORTO ALEGRE;RS;03/2021;NA;NA;NA;NA;2.277;4.667;0;NA;NA;NA;0;1.331;5.998;NA;NA%;NA%;37,96%;NA%;15,34%
COOPERATIVA DE CRÉDITO DOS EMPREGADOS DO GRUPO AKZO NOBEL BRASIL - COOP AKZONOBEL;57996878;b3S;S5;I;2;MAUA;SP;03/2021;NA;NA;NA;NA;5.857;5.741;0;NA;NA;NA;0;236;5.977;NA;NA%;NA%;97,99%;NA%;0,18%
COOPERATIVA DE ECONOMIA E CRÉDITO MÚTUO DOS SERVIDORES MUNICIPAIS DE ITABIRA LTDA. - SICOOB COSEMI;16651002;b3S;S5;I;2;ITABIRA;MG;03/2021;NA;NA;NA;NA;6.603;5.025;0;NA;NA;NA;0;844;5.869;NA;NA%;NA%;112,50%;NA%;0,33%
COOPERATIVA DE ECONOMIA E CRÉDITO MÚTUO DOS FUNCIONÁRIOS DA MORLAN - CRED MORLAN;731320;b3S;S5;I;2;ORLANDIA;SP;03/2021;NA;NA;NA;NA;7.264;5.493;0;NA;NA;NA;0;363;5.855;NA;NA%;NA%;124,06%;NA%;0,00%
FINANSINOS S.A. CFI - PRUDENCIAL;1000083467;n1;S5;I;2;NOVO HAMBURGO;RS;03/2021;NA;NA;NA;NA;7.795;5.387;0;NA;NA;NA;0;381;5.768;NA;NA%;NA%;135,14%;NA%;12,43%
COOPERATIVA DE CRÉDITO MÚTUO DOS EMPREGADOS DA PILKINGTON BRASIL;2104058;b3S;S5;I;2;CACAPAVA;SP;03/2021;NA;NA;NA;NA;8.857;5.165;0;NA;NA;NA;0;515;5.680;NA;NA%;NA%;155,95%;NA%;0,17%
COOPERATIVA DE CRÉDITO MÚTUO DOS FUNCIONÁRIOS DA RICLAN;6077760;b3S;S5;I;2;RIO CLARO;SP;03/2021;NA;NA;NA;NA;6.164;5.301;0;NA;NA;NA;0;348;5.649;NA;NA%;NA%;109,12%;NA%;0,61%
COOPERATIVA DE ECONOMIA E CRÉDITO MÚTUO DOS SERVIDORES DA FACULDADE DE ENGENHARIA DE ILHA SOLTEIRA - COOPERFEIS;96409263;b3S;S5;I;2;ILHA SOLTEIRA;SP;03/2021;NA;NA;NA;NA;6.525;5.322;0;NA;NA;NA;0;311;5.633;NA;NA%;NA%;115,84%;NA%;0,25%
COOPERATIVA DE ECONOMIA E CRÉDITO MÚTUO DOS FUNCIONÁRIOS DO GRUPO GERDAU - AÇOS FINOS PIRATINI;88952130;b3S;S5;I;2;CHARQUEADAS;RS;03/2021;NA;NA;NA;NA;5.494;5.351;0;NA;NA;NA;0;260;5.610;NA;NA%;NA%;97,93%;NA%;1,54%
COOPERATIVA DE ECONOMIA E CRÉDITO MÚTUO DOS EMPREGADOS DA MAGNESITA REFRATÁRIOS S.A. LTDA. - CECREM;913314;b3S;S5;I;2;CONTAGEM;MG;03/2021;NA;NA;NA;NA;5.524;5.237;0;NA;NA;NA;0;323;5.560;NA;NA%;NA%;99,35%;NA%;0,06%
COOPERATIVA DE CRÉDITO, POUPANÇA E SERVIÇOS FINANCEIROS DO CENTRO OESTE;5491616;b3S;S5;I;2;MINEIROS;GO;03/2021;NA;NA;NA;NA;1.844;5.084;0;NA;NA;NA;0;404;5.488;NA;NA%;NA%;33,60%;NA%;1,23%
COOPERATIVA DE ECONOMIA E CRÉDITO MÚTUO DOS FABRICANTES DE CALÇADOS DE SAPIRANGA LTDA.;5841967;b3S;S5;I;2;SAPIRANGA;RS;03/2021;NA;NA;NA;NA;3.686;4.710;0;NA;NA;NA;0;759;5.469;NA;NA%;NA%;67,41%;NA%;2,42%
COOPERATIVA DE ECONOMIA E CRÉDITO MÚTUO DOS FUNCIONÁRIOS DAS EMPRESAS ITAÚ;43446335;b3S;S5;I;2;SAO PAULO;SP;03/2021;NA;NA;NA;NA;5.137;5.214;0;NA;NA;NA;0;229;5.443;NA;NA%;NA%;94,38%;NA%;0,01%
AVS CORRETORA DE CÂMBIO LTDA - PRUDENCIAL;1000084590;n2;S5;I;2;CURITIBA;PR;03/2021;NA;NA;NA;NA;1.229;399;265;NA;NA;NA;265;4.739;5.403;NA;NA%;NA%;22,75%;NA%;3,43%
COOPERATIVA DE ECONOMIA E CRÉDITO MÚTUO DOS EMPREGADOS DO GRUPO SBF LTDA. - COOPER ATIVA SBF;2232228;b3S;S5;I;2;SAO PAULO;SP;03/2021;NA;NA;NA;NA;8.494;4.622;0;NA;NA;NA;0;727;5.349;NA;NA%;NA%;158,79%;NA%;0,00%
COOPERATIVA DE ECONOMIA E CREDITO MUTUO DOS SERVIDORES DA COMLURB LTDA;29341260;b3S;S5;I;2;RIO DE JANEIRO;RJ;03/2021;NA;NA;NA;NA;9.878;4.660;0;NA;NA;NA;0;560;5.220;NA;NA%;NA%;189,22%;NA%;1,83%
GDC PART SERV FIDUC DTVM LTDA - PRUDENCIAL;1000084208;n2;S5;I;2;RIO DE JANEIRO;RJ;03/2021;NA;NA;NA;NA;1.570;1.930;0;NA;NA;NA;0;3.277;5.206;NA;NA%;NA%;30,16%;NA%;5,96%
COOPSEBRAE - COOPERATIVA DE CRÉDITO MÚTUO DOS FUNCIONÁRIOS DO SEBRAE/PB, SEBRAE/RN E SESC, SENAC E SENAR EM JOÃO PESSOA;41219353;b3S;S5;I;2;JOAO PESSOA;PB;03/2021;NA;NA;NA;NA;4.252;4.744;0;NA;NA;NA;0;335;5.079;NA;NA%;NA%;83,73%;NA%;0,87%
ONNIX CC LTDA. - PRUDENCIAL;1000082011;n2;S4;I;2;PORTO ALEGRE;RS;03/2021;839;0;839;0;839;462;0;0;0;0;0;4.586;5.049;NA;16,63%;16,63%;16,63%;NA%;15,84%
HSCM SCMEPP LTDA. - PRUDENCIAL;1000083089;n1;S5;I;2;IBIA;MG;03/2021;NA;NA;NA;NA;5.592;4.636;0;NA;NA;NA;0;372;5.009;NA;NA%;NA%;111,64%;NA%;0,27%
COOPERATIVA DE ECONOMIA E CRÉDITO MÚTUO SERVIDORES PÚBLICOS ATIVOS, INATIVOS E PENSIONISTAS DA ADMINISTRAÇÃO DIRETA, INDIRETA E ASSEMBLÉIA LEGISLATIVA DO ESTADO DO RIO GRANDE SUL - COOPSERGS;5591437;b3S;S5;I;2;PORTO ALEGRE;RS;03/2021;NA;NA;NA;NA;452;4.184;0;NA;NA;NA;0;791;4.974;NA;NA%;NA%;9,08%;NA%;82,08%
COOPERATIVA DE ECONOMIA E CRÉDITO MÚTUO DOS EMPREGADOS, APOSENTADOS E PENSIONISTAS DA COMPANHIA ESTADUAL DE ENERGIA ELÉTRICA E ELETRICITÁRIOS DO RIO GRANDE DO SUL   CRECE;92825397;b3S;S5;I;2;PORTO ALEGRE;RS;03/2021;NA;NA;NA;NA;2.636;4.175;0;NA;NA;NA;0;681;4.856;NA;NA%;NA%;54,28%;NA%;4,14%
COOPERATIVA DE ECONOMIA E CRÉDITO MÚTUO DOS EMPREGADOS DAS EMPRESAS SIDERÚRGICAS, METALÚRGICAS E ELETRO-MECÂNICAS DE JOÃO MONLEVADE LTDA. - CREDIBELGO;24235459;b3S;S5;I;2;JOAO MONLEVADE;MG;03/2021;NA;NA;NA;NA;3.942;4.309;0;NA;NA;NA;0;488;4.797;NA;NA%;NA%;82,17%;NA%;46,44%
CONEXION CC LTDA. - PRUDENCIAL;1000082420;n2;S4;I;2;RIBEIRAO PRETO;SP;03/2021;521;0;521;0;521;164;414;0;0;0;414;4.154;4.732;NA;11,02%;11,02%;11,02%;NA%;11,39%
COOPERATIVA DE ECONOMIA E CRÉDITO MÚTUO ALIANÇA - COOPERNITRO;52935442;b3S;S5;I;2;SAO PAULO;SP;03/2021;NA;NA;NA;NA;6.228;4.376;0;NA;NA;NA;0;348;4.724;NA;NA%;NA%;131,83%;NA%;0,37%
NEXOOS SEP - PRUDENCIAL;1000084947;n1;S5;I;2;SAO PAULO;SP;03/2021;NA;NA;NA;NA;1.171;2.405;0;NA;NA;NA;0;2.284;4.689;NA;NA%;NA%;24,98%;NA%;6,68%
SADOC CC - PRUDENCIAL;1000084758;n2;S5;I;2;FORTALEZA;CE;03/2021;NA;NA;NA;NA;2.084;350;1.298;NA;NA;NA;1.298;2.974;4.621;NA;NA%;NA%;45,10%;NA%;1,58%
COOPERATIVA DE ECONOMIA E CRÉDITO MÚTUO DOS FUNCIONÁRIOS DA COMPANHIA PAULISTA DE TRENS METROPOLITANOS - COOPERTREM;1530136;b3S;S5;I;2;OSASCO;SP;03/2021;NA;NA;NA;NA;7.153;4.143;0;NA;NA;NA;0;398;4.541;NA;NA%;NA%;157,49%;NA%;0,04%
COOPERATIVA DE CRÉDITO MÚTUO DOS SERVIDORES MUNICIPAIS DE BEBEDOURO - COOCRESB.;5969937;b3S;S5;I;2;BEBEDOURO;SP;03/2021;NA;NA;NA;NA;2.703;3.982;0;NA;NA;NA;0;484;4.465;NA;NA%;NA%;60,52%;NA%;2,70%
COOPERATIVA DE CRÉDITO MÚTUO DOS SERVIDORES DE ÓRGAOS GESTORES DE RECURSOS HÍDRICOS DO ESTADO DE SÃO PAULO - COOPERHIDRO;53800488;b3S;S5;I;2;SAO PAULO;SP;03/2021;NA;NA;NA;NA;5.437;3.968;0;NA;NA;NA;0;466;4.434;NA;NA%;NA%;122,61%;NA%;0,02%
COOPERATIVA DE CRÉDITO RURAL DO SERTÃO ALAGOANO ASCOOB COCREAL;7564184;b3S;S5;I;2;PAO DE ACUCAR;AL;03/2021;NA;NA;NA;NA;1.635;3.933;0;NA;NA;NA;0;480;4.413;NA;NA%;NA%;37,05%;NA%;17,50%
COOPERATIVA DE ECONOMIA E CRÉDITO MÚTUO DOS EMPREGADOS DA SAMARCO MINERAÇÃO S.A. LTDA - CREDISAM;20622809;b3S;S5;I;2;BELO HORIZONTE;MG;03/2021;NA;NA;NA;NA;8.182;4.105;0;NA;NA;NA;0;268;4.373;NA;NA%;NA%;187,10%;NA%;0,05%
CONSEGTUR CC - PRUDENCIAL;1000082303;n2;S4;I;2;SAO PAULO;SP;03/2021;396;0;396;0;396;248;0;0;0;0;0;3.908;4.156;NA;9,53%;9,53%;9,53%;NA%;1,84%
MOMENTO DTVM LTDA. - PRUDENCIAL;1000084181;n2;S4;I;2;RIO DE JANEIRO;RJ;03/2021;2.077;0;2.077;0;2.077;2.611;0;0;0;0;0;1.516;4.127;NA;50,34%;50,34%;50,34%;NA%;1,64%
COOPERATIVA DE ECONOMIA E CRÉDITO MÚTUO DOS FUNCIONÁRIOS DA ELGIN;45045671;b3S;S5;I;2;MOGI DAS CRUZES;SP;03/2021;NA;NA;NA;NA;5.132;3.685;0;NA;NA;NA;0;417;4.102;NA;NA%;NA%;125,13%;NA%;0,01%
COOPERATIVA DE ECONOMIA E CREDITO MUTUO DOS EMPREGADOS DAS EMPRESAS DE TRANSPORTES COLETIVOS RODOVIÁRIOS DE PASSAGEIROS DO GRANDE RIO LTDA;141155;b3S;S5;I;2;SAO GONCALO;RJ;03/2021;NA;NA;NA;NA;5.304;3.535;0;NA;NA;NA;0;561;4.097;NA;NA%;NA%;129,47%;NA%;6,18%
TANGER SCD - PRUDENCIAL;1000084992;n1;S5;I;2;LINS;SP;03/2021;NA;NA;NA;NA;4.596;3.916;0;NA;NA;NA;0;171;4.087;NA;NA%;NA%;112,46%;NA%;0,00%
COOPERATIVA DE ECONOMIA E CRÉDITO MÚTUO DOS SERVIDORES DA UNESP - COOPUNESP;69136075;b3S;S5;I;2;RIO CLARO;SP;03/2021;NA;NA;NA;NA;3.506;3.723;0;NA;NA;NA;0;231;3.955;NA;NA%;NA%;88,65%;NA%;7,14%
COOPERATIVA DE CRÉDITO RURAL DE PEQUENOS AGRICULTORES E DA REFORMA AGRÁRIA DO CENTRO OESTE DO PARANÁ - CREHNOR LARANJEIRAS;1330387;b3S;S5;I;2;LARANJEIRAS DO SUL;PR;03/2021;NA;NA;NA;NA;744;3.711;0;NA;NA;NA;0;184;3.894;NA;NA%;NA%;19,10%;NA%;7,78%
COOPERATIVA DE ECONOMIA E CREDITO MUTUO DOS SERVIDORES DA ASCAR/EMATER-RS LTDA-CRESAL;90278987;b3S;S5;I;2;PORTO ALEGRE;RS;03/2021;NA;NA;NA;NA;2.819;3.649;0;NA;NA;NA;0;183;3.833;NA;NA%;NA%;73,54%;NA%;0,21%
COOPERATIVA DE CRÉDITO MÚTUO DOS EMPREGADOS DA FIAÇÃO ALPINA - COOPERALPINA;55319370;b3S;S5;I;2;MORUNGABA;SP;03/2021;NA;NA;NA;NA;4.565;3.563;0;NA;NA;NA;0;253;3.816;NA;NA%;NA%;119,63%;NA%;0,35%
MEGA CC LTDA. - PRUDENCIAL;1000082327;n2;S4;I;2;RIO CLARO;SP;03/2021;952;0;952;0;952;124;2.600;0;0;0;2.600;1.085;3.809;NA;25,00%;25,00%;25,00%;NA%;0,62%
COOPERATIVA DE ECONOMIA E CRÉDITO MÚTUO DOS EMPREGADOS DAS INDÚSTRIAS UNILEVER DO BRASIL;53272365;b3S;S5;I;2;VALINHOS;SP;03/2021;NA;NA;NA;NA;4.055;3.456;0;NA;NA;NA;0;319;3.775;NA;NA%;NA%;107,44%;NA%;3,80%
COOPERATIVA DE ECONOMIA E CREDITO MUTUO DOS SERVIDORES PUBLICOS MUNICIPAIS DE PORTO ALEGRE;3990888;b3S;S5;I;2;PORTO ALEGRE;RS;03/2021;NA;NA;NA;NA;2.698;3.292;0;NA;NA;NA;0;413;3.706;NA;NA%;NA%;72,82%;NA%;13,62%
COOPERATIVA CENTRAL DE CRÉDITO DA AGRICULTURA FAMILIAR E ECONOMIA SOLIDÁRIA - ASCOOB CENTRAL;10013534;b3C;S4;I;2;SERRINHA;BA;03/2021;3.163;0;3.163;0;3.163;3.521;0;0;66;0;66;108;3.695;77.073;85,60%;85,60%;85,60%;4,10%;8,82%
COOPERATIVA DE CRéDITO MúTUO DOS FUNCIONáRIOS PúBLICOS DO PODER JUDICIáRIO DA CAPITAL DO ESTADO DE SãO PAULO - SICOOB JUDCRED;7651495;b3S;S5;I;2;SAO PAULO;SP;03/2021;NA;NA;NA;NA;2.293;2.995;0;NA;NA;NA;0;624;3.619;NA;NA%;NA%;63,36%;NA%;8,04%
EXIM CC LTDA - PRUDENCIAL;1000082217;n2;S4;I;2;PORTO ALEGRE;RS;03/2021;435;0;435;0;435;258;225;0;0;0;225;3.131;3.614;NA;12,04%;12,04%;12,04%;NA%;8,23%
EUROINVEST S/A CCTVM - PRUDENCIAL;1000082781;n2;S4;I;2;RIO DE JANEIRO;RJ;03/2021;1.987;0;1.987;0;1.987;2.045;0;0;0;0;0;1.522;3.567;NA;55,70%;55,70%;55,70%;NA%;0,00%
COOPERATIVA DE CRÉDITO RURAL DOS PLANTADORES DE CANA DA REGIÃO DE IGARAPAVA;52623311;b3S;S5;I;2;IGARAPAVA;SP;03/2021;NA;NA;NA;NA;7.260;3.284;0;NA;NA;NA;0;230;3.514;NA;NA%;NA%;206,59%;NA%;2,03%
MOVA SEP - PRUDENCIAL;1000084961;n1;S5;I;2;SAO PAULO;SP;03/2021;NA;NA;NA;NA;1.529;2.915;0;NA;NA;NA;0;590;3.505;NA;NA%;NA%;43,61%;NA%;9,84%
COOPERATIVA DE ECONOMIA E CRÉDITO MÚTUO DOS EMPREGADOS DA PRODAM/SP - CREDIPRODAM;67031757;b3S;S5;I;2;SAO PAULO;SP;03/2021;NA;NA;NA;NA;5.401;3.147;0;NA;NA;NA;0;306;3.453;NA;NA%;NA%;156,43%;NA%;0,04%
COOPERATIVA DE ECONOMIA E CREDITO MUTUO DOS EMPREGADOS DE ESTABELECIMENTOS HOSPITALARES DO SUL DO ESTADO DO ESPIRITO SANTO - SULCRED;31746993;b3S;S5;I;2;CACHOEIRO DE ITAPEMIRIM;ES;03/2021;NA;NA;NA;NA;3.519;3.217;0;NA;NA;NA;0;219;3.436;NA;NA%;NA%;102,43%;NA%;0,45%
LUMINA CC - PRUDENCIAL;1000082310;n2;S5;I;2;SALVADOR;BA;03/2021;NA;NA;NA;NA;1.214;354;933;NA;NA;NA;933;2.147;3.435;NA;NA%;NA%;35,36%;NA%;27,60%
ACCESSCREDITO SCMEPP - PRUDENCIAL;1000083319;n1;S5;I;3;MANAUS;AM;03/2021;NA;NA;NA;NA;2.506;2.429;0;NA;NA;NA;0;944;3.373;NA;NA%;NA%;74,31%;NA%;10,61%
COOPERATIVA DE CRÉDITO MÚTUO DOS EMPREGADOS EM INSTITUIÇÕES DO SISTEMA FINANCEIRO NAS REGIÕES DE SÃO PAULO E CAMPINAS (SP) - CREDISCOOP;3674133;b3S;S5;I;2;SAO PAULO;SP;03/2021;NA;NA;NA;NA;1.802;3.029;0;NA;NA;NA;0;340;3.368;NA;NA%;NA%;53,50%;NA%;0,62%
COOPERATIVA DE ECONOMIA E CREDITO MUTUO DOS FUNCIONARIOS DE INSTITUICOES FINANCEIRAS PUBLICAS NO ESTADO DO ESPIRITO SANTO - CREDBRASIL-ES;2869663;b3S;S5;I;2;VITORIA;ES;03/2021;NA;NA;NA;NA;2.844;3.045;0;NA;NA;NA;0;309;3.354;NA;NA%;NA%;84,78%;NA%;0,27%
COOPERATIVA DE ECONOMIA E CRÉDITO MÚTUO DOS FUNCIONÁRIOS DO GRUPO LORENZETTI;44905255;b3S;S5;I;2;SAO PAULO;SP;03/2021;NA;NA;NA;NA;9.416;3.133;0;NA;NA;NA;0;216;3.350;NA;NA%;NA%;281,10%;NA%;0,02%
NGO ASSOCIADOS CC LTDA. - PRUDENCIAL;1000082152;n2;S5;I;2;SAO PAULO;SP;03/2021;NA;NA;NA;NA;1.138;750;0;NA;NA;NA;0;2.542;3.292;NA;NA%;NA%;34,58%;NA%;3,98%
COOPERATIVA DE CRÉDITO DOS EMPREGADOS DA COMPANHIA INDUSTRIAL CATAGUASES E DA BAUMINAS LTDA. - SICOOB COOPECIC;19495266;b3S;S5;I;2;CATAGUASES;MG;03/2021;NA;NA;NA;NA;3.641;2.563;0;NA;NA;NA;0;719;3.282;NA;NA%;NA%;110,92%;NA%;5,39%
CREDEXTRA - COOPERATIVA DE ECONOMIA E CRÉDITO MÚTUO DOS EMPREGADOS DA REALMAR DISTRIBUIDORA LTDA;4899135;b3S;S5;I;2;SERRA;ES;03/2021;NA;NA;NA;NA;4.283;2.850;0;NA;NA;NA;0;398;3.249;NA;NA%;NA%;131,85%;NA%;0,11%
COOPERATIVA DE ECONOMIA E CRÉDITO MÚTUO DOS TRABALHADORES DA UNIVERSIDADE FEDERAL DE MINAS GERAIS LTDA. - COOPECREMT-UFMG;1918144;b3S;S5;I;2;BELO HORIZONTE;MG;03/2021;NA;NA;NA;NA;3.664;2.599;0;NA;NA;NA;0;582;3.181;NA;NA%;NA%;115,19%;NA%;1,59%
SINGRATUR CC LTDA. - PRUDENCIAL;1000082389;n2;S4;I;2;MARINGA;PR;03/2021;908;0;908;0;908;468;1.122;0;0;0;1.122;1.588;3.179;NA;28,57%;28,57%;28,57%;NA%;40,13%
COOPERATIVA DE CRÉDITO MÚTUO DOS EMPREGADOS EM EMPRESAS ADMINISTRADORAS DE AEROPORTOS - AEROCRED;5292849;b3S;S5;I;2;GUARULHOS;SP;03/2021;NA;NA;NA;NA;3.197;2.914;0;NA;NA;NA;0;245;3.159;NA;NA%;NA%;101,22%;NA%;0,30%
COOPERATIVA DE ECONOMIA E CREDITO MUTUO DOS SERVIDORES MUNICIPAIS DO SUL FLUMINENSE LTDA.;1819799;b3S;S5;I;2;VOLTA REDONDA;RJ;03/2021;NA;NA;NA;NA;4.169;2.916;0;NA;NA;NA;0;226;3.142;NA;NA%;NA%;132,70%;NA%;8,63%
COOPERATIVA DE ECONOMIA E CRÉDITO MÚTUO DOS FUNCIONÁRIOS DAS EMPRESAS DE CERÂMICA - COOPASPACER;2541707;b3S;S5;I;2;SANTA GERTRUDES;SP;03/2021;NA;NA;NA;NA;2.032;2.942;0;NA;NA;NA;0;159;3.100;NA;NA%;NA%;65,55%;NA%;1,30%
FONTECRED SCD - PRUDENCIAL;1000084954;n1;S5;I;2;LAGOA DA PRATA;MG;03/2021;NA;NA;NA;NA;3.014;2.356;0;NA;NA;NA;0;739;3.095;NA;NA%;NA%;97,37%;NA%;3,28%
COOPERATIVA DE ECONOMIA E CRÉDITO MÚTUO DOS SERVIDORES DA CNC SESC E SENAC ADMINISTRAÇÕES NACIONAIS LTDA;30304919;b3S;S5;I;2;RIO DE JANEIRO;RJ;03/2021;NA;NA;NA;NA;3.990;2.748;0;NA;NA;NA;0;241;2.989;NA;NA%;NA%;133,49%;NA%;0,36%
COOPERATIVA DE ECONOMIA E CRÉDITO MÚTUO DOS FUNCIONÁRIOS DA USINA SANTA MARIA - PILONCRED;1107759;b3S;S5;I;2;CERQUILHO;SP;03/2021;NA;NA;NA;NA;2.909;2.848;0;NA;NA;NA;0;139;2.988;NA;NA%;NA%;97,38%;NA%;0,35%
FFCRED SCD - PRUDENCIAL;1000085489;n1;S5;I;2;ERECHIM;RS;03/2021;NA;NA;NA;NA;4.828;2.620;0;NA;NA;NA;0;262;2.882;NA;NA%;NA%;167,51%;NA%;0,00%
COOPERATIVA DE ECONOMIA E CRÉDITO MÚTUO DOS EMPREGADOS DA RECKITT BENCKISER;44223196;b3S;S5;I;2;SAO PAULO;SP;03/2021;NA;NA;NA;NA;4.414;2.577;0;NA;NA;NA;0;251;2.828;NA;NA%;NA%;156,06%;NA%;0,38%
TRINUS CAPITAL DTVM - PRUDENCIAL;1000084631;n1;S4;C;2;GOIANIA;GO;03/2021;4.610;0;4.610;0;4.610;2.495;0;0;0;0;0;295;2.790;NA;165,21%;165,21%;165,21%;NA%;7,07%
CPCI - CIA CRED IMOBILIARIO - PRUDENCIAL;1000080972;n1;S4;I;2;PORTO ALEGRE;RS;03/2021;418;0;418;0;418;1.580;0;0;0;0;0;1.165;2.745;NA;15,23%;15,23%;15,23%;NA%;51,80%
COOPERATIVA DE CRÉDITO RURAL ASCOOB COOPEC - ASCOOB COOPEC;9244973;b3S;S5;I;2;POCO VERDE;SE;03/2021;NA;NA;NA;NA;1.204;2.369;0;NA;NA;NA;0;373;2.742;NA;NA%;NA%;43,89%;NA%;4,63%
COOPESTADO - COOPERATIVA DE ECONOMIA E CRÉDITO MÚTUO DOS SERVIDORES PÚBLICOS NA REGIÃO METROPOLITANA DO ESTADO DO RIO DE JANEIRO LIMITADA;4995006;b3S;S5;I;2;RIO DE JANEIRO;RJ;03/2021;NA;NA;NA;NA;4.071;2.286;0;NA;NA;NA;0;446;2.733;NA;NA%;NA%;148,99%;NA%;0,47%
COOPERATIVA DE ECONOMIA E CRÉDITO MÚTUO DOS FUNCIONÁRIOS DA ACUMENT BRASIL;45068632;b3S;S5;I;2;ATIBAIA;SP;03/2021;NA;NA;NA;NA;3.323;2.528;0;NA;NA;NA;0;203;2.731;NA;NA%;NA%;121,69%;NA%;0,08%
COOPERATIVA DE ECONOMIA E CRÉDITO MÚTUO DOS FUNCIONÁRIOS DAS EMPRESAS DO GRUPO DANA - COOPDANA;91018408;b3S;S5;I;2;GRAVATAI;RS;03/2021;NA;NA;NA;NA;4.293;2.550;0;NA;NA;NA;0;172;2.722;NA;NA%;NA%;157,72%;NA%;0,07%
COOPERATIVA DE ECONOMIA E CRÉDITO MÚTUO DOS EMPREGADOS DA MOSAIC FERTILIZANTES DE UBERABA - COPERURA LTDA.;17607375;b3S;S5;I;2;UBERABA;MG;03/2021;NA;NA;NA;NA;5.013;2.389;0;NA;NA;NA;0;265;2.654;NA;NA%;NA%;188,89%;NA%;3,86%
COOPERATIVA DE ECONOMIA E CRÉDITO MÚTUO DOS EMPREGADOS DOS SUPERMERCADOS RUSSI;2230138;b3S;S5;I;2;JUNDIAI;SP;03/2021;NA;NA;NA;NA;4.480;2.375;0;NA;NA;NA;0;234;2.609;NA;NA%;NA%;171,73%;NA%;0,00%
COOPERATIVA DE ECONOMIA E CREDITO MUTUO DOS FUNCIONARIOS DO EXPRESSO PRINCESA DOS CAMPOS;1551820;b3S;S5;I;2;PONTA GROSSA;PR;03/2021;NA;NA;NA;NA;3.460;2.313;0;NA;NA;NA;0;284;2.597;NA;NA%;NA%;133,22%;NA%;0,19%
COOPERATIVA DE ECONOMIA E CRÉDITO MÚTUO DOS FUNCIONÁRIOS DA NAKATA;9128022;b3S;S5;I;2;OSASCO;SP;03/2021;NA;NA;NA;NA;2.892;2.354;0;NA;NA;NA;0;165;2.519;NA;NA%;NA%;114,81%;NA%;0,14%
COOPERATIVA DE CRÉDITO MÚTUO DOS FUNCIONÁRIOS DA FIEP, SESI, SENAI, IEL E COND EDIFÍCIO AGOSTINHO VELLOSO DA SILVEIRA (CEAVS) - CREDFISP LTDA.;5747018;b3S;S5;I;2;CAMPINA GRANDE;PB;03/2021;NA;NA;NA;NA;2.300;2.290;0;NA;NA;NA;0;167;2.457;NA;NA%;NA%;93,62%;NA%;1,24%
COOPERATIVA DE ECONOMIA E CRÉDITO MÚTUO DOS COLABORADORES DA COOPEDER LTDA - COOPCREDER;21130869;b3S;S5;I;2;BELO HORIZONTE;MG;03/2021;NA;NA;NA;NA;2.704;2.149;0;NA;NA;NA;0;252;2.401;NA;NA%;NA%;112,62%;NA%;1,29%
COOPERATIVA DE ECONOMIA E CREDITO MUTUO DOS FUNCIONARIOS DO GRUPO MAUA LTDA;5048575;b3S;S5;I;2;SAO GONCALO;RJ;03/2021;NA;NA;NA;NA;4.704;2.081;0;NA;NA;NA;0;239;2.320;NA;NA%;NA%;202,75%;NA%;0,13%
CC AÇORIANA LTDA. - PRUDENCIAL;1000082341;n2;S4;I;2;FLORIANOPOLIS;SC;03/2021;510;0;510;0;510;92;127;0;0;0;127;2.098;2.318;NA;21,98%;21,98%;21,98%;NA%;8,58%
NUMATUR CC LTDA - PRUDENCIAL;1000082451;n2;S5;I;2;SAO PAULO;SP;03/2021;NA;NA;NA;NA;2.120;736;626;NA;NA;NA;626;956;2.317;NA;NA%;NA%;91,50%;NA%;0,99%
COOPERATIVA DE CRÉDITO DOS FUNCIONÁRIOS DA PERPART, DO IPA E DA ADAGRO - COOPEMATER;11356599;b3S;S5;I;2;RECIFE;PE;03/2021;NA;NA;NA;NA;2.860;1.991;0;NA;NA;NA;0;301;2.292;NA;NA%;NA%;124,80%;NA%;0,59%
LIMINE TRUST DTVM  - PRUDENCIAL;1000084617;n2;S4;I;2;SAO PAULO;SP;03/2021;951;0;951;0;951;432;0;0;59;0;59;1.747;2.238;NA;42,51%;42,51%;42,51%;NA%;8,77%
COOPERATIVA DE ECONOMIA E CRÉDITO MÚTUO DOS FUNCIONÁRIOS DO GRUPO SUGGAR LTDA.;548980;b3S;S5;I;2;BELO HORIZONTE;MG;03/2021;NA;NA;NA;NA;2.301;2.056;0;NA;NA;NA;0;166;2.222;NA;NA%;NA%;103,58%;NA%;0,03%
COOPERATIVA DE ECONOMIA E CRÉDITO MÚTUO DOS FUNCIONÁRIOS DA SELENE;72952138;b3S;S5;I;2;CERQUILHO;SP;03/2021;NA;NA;NA;NA;2.790;1.977;0;NA;NA;NA;0;237;2.214;NA;NA%;NA%;126,02%;NA%;0,40%
LAMARA SCD - PRUDENCIAL;1000084394;n1;S5;I;2;FORTALEZA;CE;03/2021;NA;NA;NA;NA;1.547;1.379;0;NA;NA;NA;0;826;2.205;NA;NA%;NA%;70,14%;NA%;1,72%
COOPERATIVA DE ECONOMIA E CRÉDITO MÚTUO DOS SERVIDORES DA POLÍCIA MILITAR DO ESTADO DE SÃO PAULO DA REGIÃO CENTRO-OESTE PAULISTA - CREDMIL;4152107;b3S;S5;I;2;BAURU;SP;03/2021;NA;NA;NA;NA;1.309;1.696;0;NA;NA;NA;0;503;2.199;NA;NA%;NA%;59,53%;NA%;25,03%
COOPERATIVA DE CREDITO RURAL COM INTERACAO SOLIDARIA DE OLIVEIRA DOS BREJINHOS - CRESOL OLIVEIRA DOS BREJINHOS;5428587;b3S;S5;I;2;OLIVEIRA DOS BREJINHOS;BA;03/2021;NA;NA;NA;NA;647;1.890;0;NA;NA;NA;0;286;2.176;NA;NA%;NA%;29,75%;NA%;7,92%
COOPERATIVA DE ECONOMIA E CRÉDITO MÚTUO DOS FUNCIONÁRIOS DOS CORREIOS NOS ESTADOS DO RIO GRANDE DO SUL, SANTA CATARINA E PARANÁ - CREDCORREIOS;87956355;b3S;S5;I;2;PORTO ALEGRE;RS;03/2021;NA;NA;NA;NA;2.702;1.731;0;NA;NA;NA;0;441;2.172;NA;NA%;NA%;124,40%;NA%;7,94%
COOPERATIVA DE ECONOMIA E CRÉDITO MÚTUO DOS FUNCIONÁRIOS DA ASSEMBLÉIA LEGISLATIVA DO ESTADO DA PARAÍBA LTDA. -  COOPERLEGIS;41146382;b3S;S5;I;2;JOAO PESSOA;PB;03/2021;NA;NA;NA;NA;2.193;1.849;0;NA;NA;NA;0;283;2.131;NA;NA%;NA%;102,87%;NA%;1,38%
FIDUCIAL DTVM LTDA - PRUDENCIAL;1000084198;n2;S5;I;2;BELO HORIZONTE;MG;03/2021;NA;NA;NA;NA;503;587;0;NA;NA;NA;0;1.514;2.101;NA;NA%;NA%;23,94%;NA%;2,06%
BRCARD SCD - PRUDENCIAL;1000085159;n1;S5;I;2;CALDAS NOVAS;GO;03/2021;NA;NA;NA;NA;2.003;1.857;0;NA;NA;NA;0;186;2.043;NA;NA%;NA%;98,05%;NA%;0,00%
COOPERATIVA DE ECONOMIA E CREDITO MUTUO DOS EMPREGADOS DOS LABORATORIOS B.BRAUN LTDA;30586895;b3S;S5;I;2;SAO GONCALO;RJ;03/2021;NA;NA;NA;NA;3.484;1.762;0;NA;NA;NA;0;255;2.017;NA;NA%;NA%;172,76%;NA%;1,01%
COOPERATIVA DE ECONOMIA E CRÉDITO MÚTUO DOS EMPREGADOS DA PONTIFÍCIA UNIVERSIDADE CATÓLICA DO RIO DE JANEIRO E EMPREGADOS EM ESTABELECIMENTOS PRIVADOS DE ENSINO DO MUNICÍPIO DO RIO DE JANEIRO LTDA.;42445122;b3S;S5;I;2;RIO DE JANEIRO;RJ;03/2021;NA;NA;NA;NA;2.233;1.779;0;NA;NA;NA;0;208;1.987;NA;NA%;NA%;112,41%;NA%;2,18%
COOPERATIVA DE ECONOMIA E CREDITO MUTUO DOS SERVIDORES DA UERJ LTDA. - COOPUERJ;28885036;b3S;S5;I;2;RIO DE JANEIRO;RJ;03/2021;NA;NA;NA;NA;2.194;1.738;0;NA;NA;NA;0;240;1.978;NA;NA%;NA%;110,91%;NA%;2,43%
COOPERATIVA DE ECONOMIA E CREDITO MUTUO DOS TRABALHADORES EM CONSELHOS DE FISCALIZACAO PROFISSIONAL NO MUNICIPIO DO RIO DE JANEIRO LTDA.;2850075;b3S;S5;I;2;RIO DE JANEIRO;RJ;03/2021;NA;NA;NA;NA;2.040;1.692;0;NA;NA;NA;0;170;1.862;NA;NA%;NA%;109,54%;NA%;39,49%
FINCAPITAL SCD;1000085403;n1;S5;I;2;SAO PAULO;SP;03/2021;NA;NA;NA;NA;1.624;1.644;0;NA;NA;NA;0;164;1.808;NA;NA%;NA%;89,79%;NA%;0,00%
CP & FRIZZO - DTVM LTDA - PRUDENCIAL;1000083838;n2;S4;I;2;SAO PAULO;SP;03/2021;641;0;641;0;641;322;0;0;0;0;0;1.483;1.805;NA;35,53%;35,53%;35,53%;NA%;1,46%
COOPERATIVA DE ECONOMIA E CRÉDITO MÚTUO DOS EMPREGADOS DA PROLEC GE BRASIL TRANSMISSÃO DE ENERGIA S.A.;88043187;b3S;S5;I;2;CANOAS;RS;03/2021;NA;NA;NA;NA;1.666;1.594;0;NA;NA;NA;0;163;1.757;NA;NA%;NA%;94,85%;NA%;0,40%
COOPERATIVA DE ECONOMIA E CREDITO MUTUO DOS FUNCIONARIOS DA VIACAO NOSSA SENHORA DO AMPARO LTDA. - COPERFAMP;2192115;b3S;S5;I;2;MARICA;RJ;03/2021;NA;NA;NA;NA;2.073;1.532;0;NA;NA;NA;0;177;1.709;NA;NA%;NA%;121,30%;NA%;13,71%
COOPERATIVA DE ECONOMIA E CREDITO MÚTUO DOS PROFESSORES ESTADUAIS DA REGIÃO METROPOLITANA DE PORTO ALEGRE - EDUCREDI;5419025;b3S;S5;I;2;PORTO ALEGRE;RS;03/2021;NA;NA;NA;NA;2.691;1.287;0;NA;NA;NA;0;415;1.702;NA;NA%;NA%;158,10%;NA%;1,78%
COOPERATIVA DE ECONOMIA E CRÉDITO MÚTUO DOS EMPREGADOS DA JOLIMODE ROUPAS E EMPRESAS COLIGADAS LTDA;28244622;b3S;S5;I;2;RIO DE JANEIRO;RJ;03/2021;NA;NA;NA;NA;2.733;1.386;0;NA;NA;NA;0;305;1.691;NA;NA%;NA%;161,60%;NA%;0,46%
EBADIVAL - E BAGGIO DTVM LTDA - PRUDENCIAL;1000083876;n2;S5;I;2;CURITIBA;PR;03/2021;NA;NA;NA;NA;937;404;360;NA;NA;NA;360;918;1.682;NA;NA%;NA%;55,72%;NA%;0,98%
FIDUCIA SCMEPP LTDA - PRUDENCIAL;1000083010;n1;S5;I;2;SOROCABA;SP;03/2021;NA;NA;NA;NA;1.781;1.279;0;NA;NA;NA;0;380;1.659;NA;NA%;NA%;107,37%;NA%;6,27%
COOPERATIVA DE ECONOMIA E CRÉDITO MÚTUO DOS EMPREGADOS DA EMPRESA SUPERMERCADOS JAU SERVE - COOPERJS;3400651;b3S;S5;I;2;JAU;SP;03/2021;NA;NA;NA;NA;2.425;1.424;0;NA;NA;NA;0;232;1.656;NA;NA%;NA%;146,41%;NA%;0,00%
DMCARD SCD - PRUDENCIAL;1000085166;n1;S5;I;2;SAO JOSE DOS CAMPOS;SP;03/2021;NA;NA;NA;NA;1.418;1.470;0;NA;NA;NA;0;147;1.618;NA;NA%;NA%;87,69%;NA%;0,00%
FINANCRED SCMEPP LTDA. - PRUDENCIAL;1000084679;n1;S5;I;2;CAMPO GRANDE;MS;03/2021;NA;NA;NA;NA;1.673;1.289;0;NA;NA;NA;0;190;1.479;NA;NA%;NA%;113,09%;NA%;0,00%
COOPERATIVA DE CRÉDITO DOS EMPREGADOS DAS EMPRESAS DO GRUPO INDORAMA NO BRASIL;62605290;b3S;S5;I;2;POCOS DE CALDAS;MG;03/2021;NA;NA;NA;NA;2.586;1.349;0;NA;NA;NA;0;117;1.466;NA;NA%;NA%;176,43%;NA%;0,10%
COOPERATIVA DE ECONOMIA E CRÉDITO MÚTUO DOS EMPREGADOS DAS EMPRESAS SOMART LTDA.;129753;b3S;S5;I;2;URUCANIA;MG;03/2021;NA;NA;NA;NA;1.362;1.322;0;NA;NA;NA;0;70;1.392;NA;NA%;NA%;97,86%;NA%;0,18%
COOPERASA - COOPERATIVA DE ECONOMIA E CRÉDITO MÚTUO DOS FUNCIONARIOS DAS EMPRESAS DA AGUIA PARTICIPAÇÕES;5296712;b3S;S5;I;2;PONTA GROSSA;PR;03/2021;NA;NA;NA;NA;1.542;1.176;0;NA;NA;NA;0;198;1.374;NA;NA%;NA%;112,24%;NA%;0,00%
COOPERATIVA DE ECONOMIA E CREDITO MUTUO DOS SERVIDORES DO COLEGIO PEDRO II;2910387;b3S;S5;I;2;RIO DE JANEIRO;RJ;03/2021;NA;NA;NA;NA;2.498;1.204;0;NA;NA;NA;0;165;1.369;NA;NA%;NA%;182,40%;NA%;1,25%
VNK SCMEPP - PRUDENCIAL;1000084404;n1;S5;I;2;FORTALEZA;CE;03/2021;NA;NA;NA;NA;1.004;935;0;NA;NA;NA;0;420;1.356;NA;NA%;NA%;74,09%;NA%;2,09%
CENTRAL COOPERATIVA DE CRÉDITO NO ESTADO DO ESPÍRITO SANTO - CECOOP;5790149;b3C;S4;I;2;VITORIA;ES;03/2021;1.033;0;1.033;0;1.033;993;0;0;0;0;0;304;1.297;5.323;79,64%;79,64%;79,64%;19,41%;33,16%
COOPERATIVA DE CRÉDITO MÚTUO DOS SERVIDORES PÚBLICOS MUNICIPAIS DE JABOTICABAL - COOPERSERV;881829;b3S;S5;I;2;JABOTICABAL;SP;03/2021;NA;NA;NA;NA;1.273;1.103;0;NA;NA;NA;0;170;1.273;NA;NA%;NA%;99,99%;NA%;2,79%
COOPSERJ - COOPERATIVA DE CRÉDITO MÚTUO DOS SERVIDORES PÚBLICOS DO PODER EXECUTIVO DO ESTADO DO RIO DE JANEIRO LTDA.;2723075;b3S;S5;I;2;RIO DE JANEIRO;RJ;03/2021;NA;NA;NA;NA;656;856;0;NA;NA;NA;0;407;1.263;NA;NA%;NA%;51,94%;NA%;4,28%
COOPERATIVA DE CRÉDITO MÚTUO DOS EMPREGADOS DAS INDÚSTRIAS DO PAPEL, PAPELÃO E CORTIÇA DE OTACÍLIO COSTA, LAGES E CORREA PINTO - PAPELCREDI;6369729;b3S;S5;I;2;OTACILIO COSTA;SC;03/2021;NA;NA;NA;NA;672;1.110;0;NA;NA;NA;0;143;1.254;NA;NA%;NA%;53,57%;NA%;12,36%
BONUSCRED SCD - PRUDENCIAL;1000085128;n1;S5;I;2;CASCAVEL;PR;03/2021;NA;NA;NA;NA;3.861;1.135;0;NA;NA;NA;0;114;1.249;NA;NA%;NA%;309,16%;NA%;0,00%
COOPERATIVA DE ECONOMIA E CRÉDITO MÚTUO DOS EMPREGADOS DO GRUPO PARAMOUNT;88183173;b3S;S5;I;2;SAPUCAIA DO SUL;RS;03/2021;NA;NA;NA;NA;2.093;1.083;0;NA;NA;NA;0;155;1.237;NA;NA%;NA%;169,19%;NA%;0,33%
COOPERATIVA DE ECONOMIA E CRÉDITO MÚTUO DOS SERVENTUÁRIOS DA CIMENTO TUPI S.A. E EMPRESAS COLIGADAS LTDA. - TUPICRED;19551787;b3S;S5;I;2;CARANDAI;MG;03/2021;NA;NA;NA;NA;1.794;1.090;0;NA;NA;NA;0;146;1.236;NA;NA%;NA%;145,16%;NA%;1,01%
GLOBAL SCM LTDA - PRUDENCIAL;1000083278;n1;S5;I;2;AMERICANA;SP;03/2021;NA;NA;NA;NA;1.287;905;0;NA;NA;NA;0;327;1.232;NA;NA%;NA%;104,50%;NA%;7,10%
COOPERATIVA DE CRÉDITO UNICOPER;977212;b3S;S5;I;2;SAO PAULO;SP;03/2021;NA;NA;NA;NA;1.100;982;0;NA;NA;NA;0;181;1.163;NA;NA%;NA%;94,58%;NA%;0,00%
COOPERATIVA DE ECONOMIA E CREDITO MUTUO DOS EMPREGADOS DA CIA DE ELETRICIDADE DO ESTADO DO RJ CREDICERJ LTDA;30138226;b3S;S5;I;2;NITEROI;RJ;03/2021;NA;NA;NA;NA;1.157;921;0;NA;NA;NA;0;231;1.152;NA;NA%;NA%;100,39%;NA%;3,55%
COOPSEBRAM - COOPERATIVA DE ECONOMIA E CRÉDITO LTDA.;2321862;b3S;S5;I;2;MANAUS;AM;03/2021;NA;NA;NA;NA;1.131;1.056;0;NA;NA;NA;0;88;1.145;NA;NA%;NA%;98,75%;NA%;8,25%
COOPERATIVA DE CRÉDITO DOS METALÚRGICOS DO ABC - CREDABC;5740092;b3S;S5;I;2;SAO BERNARDO DO CAMPO;SP;03/2021;NA;NA;NA;NA;3.554;1.055;0;NA;NA;NA;0;87;1.142;NA;NA%;NA%;311,20%;NA%;0,00%
CREDSYSTEM IP - PRUDENCIAL;1000085441;n1;S5;I;2;BARUERI;SP;03/2021;NA;NA;NA;NA;4.780;1.035;0;NA;NA;NA;0;103;1.138;NA;NA%;NA%;419,87%;NA%;0,00%
COOPERATIVA DE ECONOMIA E CREDITO MUTUO DOS FUNCIONARIOS DA GKN DO BRASIL LTDA;5331882;b3S;S5;I;2;PORTO ALEGRE;RS;03/2021;NA;NA;NA;NA;1.914;1.036;0;NA;NA;NA;0;77;1.114;NA;NA%;NA%;171,87%;NA%;0,00%
HR SCMEPP LTDA. - PRUDENCIAL;1000084411;n1;S5;I;2;MACEIO;AL;03/2021;NA;NA;NA;NA;740;727;0;NA;NA;NA;0;370;1.097;NA;NA%;NA%;67,44%;NA%;2,70%
COOPERATIVA DE ECONOMIA E CREDITO MUTUO DOS EMPREGADOS DO COLEGIO SANTO INACIO - COESI;2447184;b3S;S5;I;2;RIO DE JANEIRO;RJ;03/2021;NA;NA;NA;NA;1.429;975;0;NA;NA;NA;0;123;1.097;NA;NA%;NA%;130,27%;NA%;0,07%
COOPERATIVA DE ECONOMIA E CRÉDITO MÚTUO DOS EMPREGADOS DA BECTON DICKINSON INDÚSTRIAS CIRÚRGICAS LTDA., LTDA.;21597133;b3S;S5;I;2;JUIZ DE FORA;MG;03/2021;NA;NA;NA;NA;2.095;957;0;NA;NA;NA;0;132;1.089;NA;NA%;NA%;192,39%;NA%;0,18%
ATLANTA SCM LTDA - PRUDENCIAL;1000083034;n1;S5;I;2;PASSOS;MG;03/2021;NA;NA;NA;NA;1.586;885;0;NA;NA;NA;0;176;1.061;NA;NA%;NA%;149,53%;NA%;0,94%
COOPERATIVA DE CRÉDITO DOS EMPREGADOS DA CBA ITAPISSUMA E EMPREGADOS DE EMPRESAS PRESTADORA DE SERVIÇOS INDUSTRIAIS, NO ESTADO DE PERNAMBUCO - CREDCOOPE;8931800;b3S;S5;I;2;ITAPISSUMA;PE;03/2021;NA;NA;NA;NA;1.920;912;0;NA;NA;NA;0;140;1.052;NA;NA%;NA%;182,51%;NA%;0,10%
COOPERATIVA DE ECONOMIA E CRÉDITO MÚTUO DOS FUNCIONÁRIOS DA GERDAU S/A-UNIDADE MOGI DAS CRUZES;52575206;b3S;S5;I;2;MOGI DAS CRUZES;SP;03/2021;NA;NA;NA;NA;1.466;954;0;NA;NA;NA;0;92;1.046;NA;NA%;NA%;140,13%;NA%;0,15%
COOPERATIVA DE ECONOMIA E CRÉDITO MÚTUO DOS EMPREGADOS DA FUNDAÇÃO ARTHUR BERNARDES LTDA. - COOFAB;2738981;b3S;S5;I;2;VICOSA;MG;03/2021;NA;NA;NA;NA;1.279;952;0;NA;NA;NA;0;92;1.044;NA;NA%;NA%;122,51%;NA%;0,15%
COOPERATIVA DE ECONOMIA E CRÉDITO MÚTUO DOS EMPREGADOS DA UNIFI - CREDIUNIFI;3685335;b3S;S5;I;2;SAO PAULO;SP;03/2021;NA;NA;NA;NA;1.268;929;0;NA;NA;NA;0;95;1.024;NA;NA%;NA%;123,81%;NA%;0,79%
COOPERATIVA DE ECONOMIA E CRÉDITO MÚTUO DOS EMPREGADOS DO SEBRAE BAHIA LTDA.;5658367;b3S;S5;I;2;SALVADOR;BA;03/2021;NA;NA;NA;NA;1.709;885;0;NA;NA;NA;0;102;987;NA;NA%;NA%;173,19%;NA%;0,07%
COOPERATIVA DE CRÉDITO DOS FUNCIONÁRIOS DO GRUPO PPG;3657230;b3S;S5;I;2;SUMARE;SP;03/2021;NA;NA;NA;NA;1.455;842;0;NA;NA;NA;0;132;974;NA;NA%;NA%;149,39%;NA%;0,71%
CREDIFIT SCD - PRUDENCIAL;1000085465;n1;S5;I;2;SALVADOR;BA;03/2021;NA;NA;NA;NA;1.742;870;0;NA;NA;NA;0;87;957;NA;NA%;NA%;181,92%;NA%;0,00%
COOPERATIVA DE CRÉDITO DE SERVIDORES DA UESC - UESCOOP;10548608;b3S;S5;I;2;ILHEUS;BA;03/2021;NA;NA;NA;NA;960;883;0;NA;NA;NA;0;44;926;NA;NA%;NA%;103,59%;NA%;0,01%
COOPERATIVA DE ECONOMIA E CRÉDITO MÚTUO DOS FUNCIONÁRIOS DO GRUPO VOTORANTIM LIMITADA.;75174953;b3S;S5;I;2;RIO BRANCO DO SUL;PR;03/2021;NA;NA;NA;NA;1.335;807;0;NA;NA;NA;0;59;866;NA;NA%;NA%;154,19%;NA%;0,00%
COOPERATIVA DE CRÉDITO MÚTUO DOS TRABALHADORES DO SISTEMA FINANCEIRO DE CURITIBA E REGIÃO - COOPCREFI;6942423;b3S;S5;I;2;CURITIBA;PR;03/2021;NA;NA;NA;NA;1.256;768;0;NA;NA;NA;0;95;864;NA;NA%;NA%;145,35%;NA%;0,56%
LEND SCD - PRUDENCIAL;1000085276;n1;S5;I;2;SAO PAULO;SP;03/2021;NA;NA;NA;NA;1.356;774;0;NA;NA;NA;0;77;852;NA;NA%;NA%;159,18%;NA%;0,00%
COOPERATIVA DE ECONOMIA E CRÉDITO MÚTUO DOS EMPREGADOS DA INDÚSTRIA DE PAPÉIS SUDESTE LTDA . - CREDESTE;18340695;b3S;S5;I;2;JUIZ DE FORA;MG;03/2021;NA;NA;NA;NA;787;768;0;NA;NA;NA;0;82;849;NA;NA%;NA%;92,69%;NA%;0,09%
ID CTVM - PRUDENCIAL;1000085582;n2;S4;I;2;SAO PAULO;SP;03/2021;863;0;863;0;863;171;0;0;0;0;0;665;836;NA;103,20%;103,20%;103,20%;NA%;16,19%
COOPERATIVA DE ECONOMIA E CRÉDITO MÚTUO DOS BANCÁRIOS DO TRIÂNGULO LTDA.;1301541;b3S;S5;I;2;UBERLANDIA;MG;03/2021;NA;NA;NA;NA;781;766;0;NA;NA;NA;0;60;826;NA;NA%;NA%;94,62%;NA%;0,90%
COOPERATIVA DE ECONOMIA E CREDITO MUTUO DOS TRABALHADORES DO GRUPO EMPRESARIAL ITATIAIA LTDA. - COOPERITA;20177390;b3S;S5;I;2;UBA;MG;03/2021;NA;NA;NA;NA;1.319;740;0;NA;NA;NA;0;84;824;NA;NA%;NA%;160,03%;NA%;0,00%
COOPERATIVA DE ECONOMIA E CRÉDITO MÚTUO DOS EMPREGADOS DAS EMPRESAS DE DIVERSÕES DO ESTADO DE SÃO PAULO;68314921;b3S;S5;I;2;SAO PAULO;SP;03/2021;NA;NA;NA;NA;838;666;0;NA;NA;NA;0;152;818;NA;NA%;NA%;102,40%;NA%;0,13%
STARK SCD - PRUDENCIAL;1000085513;n1;S5;I;2;SAO PAULO;SP;03/2021;NA;NA;NA;NA;3.151;743;0;NA;NA;NA;0;74;817;NA;NA%;NA%;385,53%;NA%;0,00%
STARCRED SCD - PRUDENCIAL;1000085032;n1;S5;I;2;TAQUARA;RS;03/2021;NA;NA;NA;NA;1.600;753;0;NA;NA;NA;0;62;816;NA;NA%;NA%;196,18%;NA%;0,00%
CORPORE SCMEPP - PRUDENCIAL;1000083216;n1;S5;I;2;DOURADOS;MS;03/2021;NA;NA;NA;NA;786;716;0;NA;NA;NA;0;84;800;NA;NA%;NA%;98,22%;NA%;17,32%
COOPERATIVA DE ECONOMIA E CREDITO MUTUO DOS EMPREGADOS NAS INDUSTRIAS QUIMICAS, FARMACEUTICAS E SIMILARES DA REGIAO METROPOLITANA DO RIO DE JANEIRO LTDA;5424088;b3S;S5;I;2;SAO GONCALO;RJ;03/2021;NA;NA;NA;NA;1.386;697;0;NA;NA;NA;0;85;782;NA;NA%;NA%;177,23%;NA%;0,58%
CREDBRASIL - SCM LTDA - PRUDENCIAL;1000083003;n1;S5;I;2;PAULINIA;SP;03/2021;NA;NA;NA;NA;463;615;0;NA;NA;NA;0;148;763;NA;NA%;NA%;60,73%;NA%;0,00%
COOPERATIVA DE ECONOMIA E CRÉDITO MÚTUO DOS SERVIDORES DA PREFEITURA MUNICIPAL DE VOTORANTIM;52137361;b3S;S5;I;2;VOTORANTIM;SP;03/2021;NA;NA;NA;NA;854;682;0;NA;NA;NA;0;57;739;NA;NA%;NA%;115,52%;NA%;1,78%
COOPERATIVA DE ECONOMIA E CREDITO MUTUO DOS EMPREGADOS DO GRUPO USINA PAINEIRAS LTDA - CRED-PAN;27140946;b3S;S5;I;2;ITAPEMIRIM;ES;03/2021;NA;NA;NA;NA;1.616;626;0;NA;NA;NA;0;108;735;NA;NA%;NA%;219,95%;NA%;0,05%
CAPITAL CONSIG SCD - PRUDENCIAL;1000085599;n1;S5;I;2;SAO PAULO;SP;03/2021;NA;NA;NA;NA;720;667;0;NA;NA;NA;0;67;734;NA;NA%;NA%;98,11%;NA%;51,91%
COOPERATIVA DE CRÉDITO RURAL DO AGRESTE ALAGOANO - COOPERAGRE;8482873;b3S;S5;I;2;IGACI;AL;03/2021;NA;NA;NA;NA;442;623;0;NA;NA;NA;0;108;731;NA;NA%;NA%;60,51%;NA%;5,05%
COOPERATIVA DE CRÉDITO MÚTUO DOS EMPREGADOS DO CENTRO UNIVERSITÁRIO NEWTON PAIVA LTDA. - CREDIPAIVA;20833992;b3S;S5;I;2;BELO HORIZONTE;MG;03/2021;NA;NA;NA;NA;748;552;0;NA;NA;NA;0;178;730;NA;NA%;NA%;102,46%;NA%;3,06%
EMCASH SERVICOS FINANCEIROS SEP - PRUDENCIAL;1000085283;n1;S5;I;2;BELO HORIZONTE;MG;03/2021;NA;NA;NA;NA;620;657;0;NA;NA;NA;0;66;723;NA;NA%;NA%;85,77%;NA%;0,00%
ZIPDIN SCD - PRUDENCIAL;1000085221;n1;S5;I;2;RIO DE JANEIRO;RJ;03/2021;NA;NA;NA;NA;1.269;645;0;NA;NA;NA;0;65;710;NA;NA%;NA%;178,74%;NA%;0,00%
COOPERATIVA DE ECONOMIA E CREDITO MUTUO DOS FUNCIONARIOS DA FMC LTDA;42258376;b3S;S5;I;2;RIO DE JANEIRO;RJ;03/2021;NA;NA;NA;NA;996;609;0;NA;NA;NA;0;84;693;NA;NA%;NA%;143,80%;NA%;1,83%
COOPESA-COOPERATIVA DE ECONOMIA E CREDITO MUTUO DOS FUNCIONARIOS DA COESA TRANSPORTES E EMPRESAS COLIGADAS LTDA;68848563;b3S;S5;I;2;SAO GONCALO;RJ;03/2021;NA;NA;NA;NA;1.138;565;0;NA;NA;NA;0;125;690;NA;NA%;NA%;164,88%;NA%;0,31%
COOPERATIVA DE CRÉDITO DE CAPITAL E EMPRÉSTIMO DOS FUNCIONÁRIOS DA SAÚDE DO SETOR PRIVADO DE MANAUS LTDA - COOPCRESP MANAUS;34503581;b3S;S5;I;2;MANAUS;AM;03/2021;NA;NA;NA;NA;418;534;0;NA;NA;NA;0;154;689;NA;NA%;NA%;60,71%;NA%;4,71%
BIGCASH SCD - PRUDENCIAL;1000085056;n1;S5;I;2;GOVERNADOR VALADARES;MG;03/2021;NA;NA;NA;NA;2.692;563;0;NA;NA;NA;0;125;688;NA;NA%;NA%;391,09%;NA%;0,00%
COOPERATIVA DE ECONOMIA E CREDITO MUTUO DOS EMPREGADOS DO GRUPO JOSE NEFFA LTDA;29985421;b3S;S5;I;2;VITORIA;ES;03/2021;NA;NA;NA;NA;953;558;0;NA;NA;NA;0;77;636;NA;NA%;NA%;149,97%;NA%;0,18%
COOPERATIVA DE CRÉDITO DE CAPITAL E EMPRÉSTIMO DOS EMPREGADOS CELETISTAS DE COOPERATIVAS DOS ESTADOS DE SÃO PAULO E MINAS GERAIS - COCREUNI;57987273;b3S;S5;I;2;RIBEIRAO PRETO;SP;03/2021;NA;NA;NA;NA;914;586;0;NA;NA;NA;0;45;630;NA;NA%;NA%;144,95%;NA%;0,25%
COOPERATIVA DE ECONOMIA E CREDITO MUTUO DOS FUNCIONARIOS DA SANEPAR - CREDISANEPAR;3165497;b3S;S5;I;2;CASCAVEL;PR;03/2021;NA;NA;NA;NA;607;515;0;NA;NA;NA;0;81;596;NA;NA%;NA%;101,76%;NA%;0,19%
COOPERATIVA DE CRÉDITO MÚTUO DOS EMPREGADOS NA CAIXA ECONÔMICA FEDERAL NO ESTADO DE SÃO PAULO - APCEFCREDI-SP;7814673;b3S;S5;I;2;SAO PAULO;SP;03/2021;NA;NA;NA;NA;517;540;0;NA;NA;NA;0;34;574;NA;NA%;NA%;90,11%;NA%;0,00%
CORA SCD - PRUDENCIAL;1000085317;n1;S5;I;3;SAO PAULO;SP;03/2021;NA;NA;NA;NA;4.878;515;0;NA;NA;NA;0;51;566;NA;NA%;NA%;861,75%;NA%;0,00%
COOPERATIVA DE ECONOMIA E CRÉDITO MÚTUO DOS EMPREGADOS DA MOSAIC FERTILIZANTES DO BRASIL - COCRESGO LTDA.;968834;b3S;S5;I;2;CATALAO;GO;03/2021;NA;NA;NA;NA;722;493;0;NA;NA;NA;0;66;559;NA;NA%;NA%;128,99%;NA%;1,45%
FACILICRED SCM LTDA - PRUDENCIAL;1000083041;n1;S5;I;2;CURITIBA;PR;03/2021;NA;NA;NA;NA;939;504;0;NA;NA;NA;0;53;557;NA;NA%;NA%;168,60%;NA%;0,00%
COOPERATIVA DE ECONOMIA E CRÉDITO MÚTUO DOS FUNCIONÁRIOS DO BANESPA DE BOTUCATU E CIDADES LIMÍTROFES;3219207;b3S;S5;I;2;BOTUCATU;SP;03/2021;NA;NA;NA;NA;703;487;0;NA;NA;NA;0;61;549;NA;NA%;NA%;128,18%;NA%;0,00%
AVIPAM CC LTDA. - PRUDENCIAL;1000082042;n2;S4;I;2;RIO DE JANEIRO;RJ;03/2021;404;0;404;0;404;370;0;0;0;0;0;172;542;NA;74,61%;74,61%;74,61%;NA%;0,00%
SUDACRED SCMEPP LTDA. - PRUDENCIAL;1000084428;n1;S5;I;2;CAMPINAS;SP;03/2021;NA;NA;NA;NA;434;299;0;NA;NA;NA;0;236;535;NA;NA%;NA%;81,16%;NA%;0,10%
COOPERATIVA DE ECONOMIA E CRÉDITO MÚTUO DOS TRABALHADORES DAS INDÚSTRIAS METALÚRGICAS DE PORTO ALEGRE E GRANDE PORTO ALEGRE;90560434;b3S;S5;I;2;CACHOEIRINHA;RS;03/2021;NA;NA;NA;NA;636;427;0;NA;NA;NA;0;100;527;NA;NA%;NA%;120,62%;NA%;4,32%
ICARO CC LTDA - PRUDENCIAL;1000082190;n2;S5;I;2;CURITIBA;PR;03/2021;NA;NA;NA;NA;861;212;0;NA;NA;NA;0;308;520;NA;NA%;NA%;165,64%;NA%;0,00%
COOPERATIVA DE ECONOMIA E CREDITO MUTUO DOS FUNCIONARIOS DO GRUPO PROGRESSO LTDA - PROCRED;2931166;b3S;S5;I;2;TRES RIOS;RJ;03/2021;NA;NA;NA;NA;279;431;0;NA;NA;NA;0;42;473;NA;NA%;NA%;58,93%;NA%;0,18%
BULLLA SEP - PRUDENCIAL;1000084985;n1;S5;I;2;SAO PAULO;SP;03/2021;NA;NA;NA;NA;896;269;0;NA;NA;NA;0;196;465;NA;NA%;NA%;192,68%;NA%;2,62%
COOPERATIVA DE ECONOMIA E CRÉDITO MÚTUO DOS BANCÁRIOS DE BELO HORIZONTE E REGIÃO METROPOLITANA LTDA. - COOPEB;71502181;b3S;S5;I;2;BELO HORIZONTE;MG;03/2021;NA;NA;NA;NA;694;397;0;NA;NA;NA;0;35;432;NA;NA%;NA%;160,61%;NA%;0,22%
COOPERATIVA DE ECONOMIA E CREDITO MUTUO DOS FUNCIONARIOS DO GRUPO HELIO ALONSO-COOPERHA-LTDA;2786691;b3S;S5;I;2;RIO DE JANEIRO;RJ;03/2021;NA;NA;NA;NA;479;353;0;NA;NA;NA;0;60;414;NA;NA%;NA%;115,77%;NA%;0,31%
COOPERATIVA DE ECONOMIA E CRÉDITO MÚTUO DOS BANCÁRIOS DE JUIZ DE FORA LTDA. - COCBAN;4158581;b3S;S5;I;2;JUIZ DE FORA;MG;03/2021;NA;NA;NA;NA;547;330;0;NA;NA;NA;0;59;389;NA;NA%;NA%;140,75%;NA%;0,70%
COOPERATIVA DE ECONOMIA E CRÉDITO MÚTUO DOS BANCÁRIOS DE SOROCABA E REGIÃO;71491609;b3S;S5;I;2;SOROCABA;SP;03/2021;NA;NA;NA;NA;365;344;0;NA;NA;NA;0;24;368;NA;NA%;NA%;99,09%;NA%;0,00%
COOPERATIVA DE CRÉDITO RURAL DOS AGROPECUARISTAS DA REGIÃO DE PORTO FELIZ;50334234;b3S;S5;I;2;PORTO FELIZ;SP;03/2021;NA;NA;NA;NA;300;328;0;NA;NA;NA;0;40;368;NA;NA%;NA%;81,53%;NA%;2,40%
BOM CRÉDITO SCMEPP LTDA. - PRUDENCIAL;1000083065;n1;S5;I;2;VOLTA REDONDA;RJ;03/2021;NA;NA;NA;NA;384;222;0;NA;NA;NA;0;113;335;NA;NA%;NA%;114,57%;NA%;2,83%
UP.P SEP - PRUDENCIAL;1000085087;n1;S5;I;2;SAO PAULO;SP;03/2021;NA;NA;NA;NA;3.084;300;0;NA;NA;NA;0;30;330;NA;NA%;NA%;935,06%;NA%;0,00%
COOPERATIVA DE CRÉDITO MÚTUO DOS FUNCIONÁRIOS DA FÁBRICA DE CIMENTO VOTORAN;45421856;b3S;S5;I;2;VOTORANTIM;SP;03/2021;NA;NA;NA;NA;124;254;0;NA;NA;NA;0;59;313;NA;NA%;NA%;39,73%;NA%;0,00%
BNS SCM LTDA - PRUDENCIAL;1000083096;n1;S5;I;2;JACUTINGA;MG;03/2021;NA;NA;NA;NA;220;292;0;NA;NA;NA;0;3;295;NA;NA%;NA%;74,46%;NA%;0,00%
COOPERATIVA DE CRÉDITO DE CAPITAL E EMPRÉSTIMO DOS TRABALHADORES NAS EMPRESAS DE TECNOLOGIA E INFORMÁTICA DE BELO HORIZONTE E CIDADES LIMÍTROFES LTDA - COOPERINFOR;28435685;b3S;S5;I;2;BELO HORIZONTE;MG;03/2021;NA;NA;NA;NA;364;267;0;NA;NA;NA;0;15;282;NA;NA%;NA%;128,86%;NA%;0,00%
COOPERATIVA DE ECONOMIA E CREDITO MUTUO DOS EMPREGADOS IND.ALIMENTACAO REG.GRDE.VITORIA EST.ES-CREDI-ALIMENTO;3973743;b3S;S5;I;2;VITORIA;ES;03/2021;NA;NA;NA;NA;300;198;0;NA;NA;NA;0;75;273;NA;NA%;NA%;110,00%;NA%;1,42%
GIRO SCD - PRUDENCIAL;1000085496;n1;S5;I;2;CURITIBA;PR;03/2021;NA;NA;NA;NA;1.200;240;0;NA;NA;NA;0;24;264;NA;NA%;NA%;454,55%;NA%;0,00%
COOPERATIVA DE ECONOMIA E CRÉDITO MÚTUO DOS TRABALHADORES DA COOPER STANDARD AUTOMOTIVE BRASIL SEALING LTDA. E FLUID SYSTEMS LTDA.;4464352;b3S;S5;I;2;VARGINHA;MG;03/2021;NA;NA;NA;NA;463;200;0;NA;NA;NA;0;62;262;NA;NA%;NA%;177,07%;NA%;0,00%
TURMA CORRETORA DE CÂMBIO - PRUDENCIAL;1000084796;n2;S4;I;2;URUGUAIANA;RS;03/2021;529;0;529;0;529;105;0;0;0;0;0;156;261;NA;202,56%;202,56%;202,56%;NA%;0,20%
DOURADA SCMEPP LTDA - PRUDENCIAL;1000083302;n1;S5;I;2;LAGOA DOURADA;MG;03/2021;NA;NA;NA;NA;194;228;0;NA;NA;NA;0;9;237;NA;NA%;NA%;82,01%;NA%;0,00%
GERU SCD - PRUDENCIAL;1000085290;n1;S5;I;2;SAO PAULO;SP;03/2021;NA;NA;NA;NA;1.001;202;0;NA;NA;NA;0;20;222;NA;NA%;NA%;449,94%;NA%;0,00%
CREDILON SCM REG. LONDRINA LTD - PRUDENCIAL;1000083120;n1;S5;I;2;LONDRINA;PR;03/2021;NA;NA;NA;NA;400;175;0;NA;NA;NA;0;39;214;NA;NA%;NA%;187,20%;NA%;1,28%
COOPERATIVA DE CRÉDITO MÚTUO DOS DISTRIBUIDORES DE BEBIDAS DO ESTADO DE SÃO PAULO - SICOOB CREDIBESP;7753938;b3S;S5;I;2;SAO PAULO;SP;03/2021;NA;NA;NA;NA;127;155;0;NA;NA;NA;0;57;212;NA;NA%;NA%;60,12%;NA%;9,66%
COOPERATIVA DE ECONOMIA E CREDITO MUTUO DOS EMPREGADOS DA TEADIT E OUTRAS EMPRESAS ASSOCIADAS LTDA;27669753;b3S;S5;I;2;RIO DE JANEIRO;RJ;03/2021;NA;NA;NA;NA;362;168;0;NA;NA;NA;0;38;207;NA;NA%;NA%;175,31%;NA%;0,15%
MAGNETIS DTVM  - PRUDENCIAL;1000085135;n2;S4;I;3;SAO PAULO;SP;03/2021;4.289;0;4.289;0;4.289;57;0;0;0;0;0;145;202;NA;2.120,47%;2.120,47%;2.120,47%;NA%;0,13%
COOPERATIVA DE ECONOMIA E CRÉDITO MÚTUO DOS TRABALHADORES NAS INDÚSTRIAS METALÚRGICAS, MECÂNICA E MATERIAL ELÉTRICO DE SÃO LEOPOLDO E REGIÃO - COOPERMETAL;10719496;b3S;S5;I;2;SAO LEOPOLDO;RS;03/2021;NA;NA;NA;NA;119;110;0;NA;NA;NA;0;43;153;NA;NA%;NA%;77,83%;NA%;14,37%
CEM SCMEPP - PRUDENCIAL;1000083326;n1;S5;I;2;JAU;SP;03/2021;NA;NA;NA;NA;440;95;0;NA;NA;NA;0;11;106;NA;NA%;NA%;414,47%;NA%;0,17%
FIDO SEP - PRUDENCIAL;1000085609;n1;S5;I;2;BRASILIA;DF;03/2021;NA;NA;NA;NA;1.000;0;0;NA;NA;NA;0;0;0;NA;NA%;NA%;NI%;NA%;0,00%
VERDE ADMINISTRADORA DE CARTõES - PRUDENCIAL;1000085678;n4;;I;2;CACHOEIRINHA;RS;03/2021;NA;NA;NA;NA;NA;NA;NA;NA;NA;NA;NA;NA;NA;NA;NA%;NA%;NA%;NA%;NA%
IUGU IP - PRUDENCIAL;1000085434;n4;;I;2;SAO PAULO;SP;03/2021;NA;NA;NA;NA;NA;NA;NA;NA;NA;NA;NA;NA;NA;NA;NA%;NA%;NA%;NA%;NA%
GREEN NET - PRUDENCIAL;1000085362;n4;;I;2;CUIABA;MT;03/2021;NA;NA;NA;NA;NA;NA;NA;NA;NA;NA;NA;NA;NA;NA;NA%;NA%;NA%;NA%;NA%
HUB IP - PRUDENCIAL;1000085348;n4;;I;2;BARUERI;SP;03/2021;NA;NA;NA;NA;NA;NA;NA;NA;NA;NA;NA;NA;NA;NA;NA%;NA%;NA%;NA%;NA%
FORTBRASIL IP - PRUDENCIAL;1000085245;n4;;C;2;FORTALEZA;CE;03/2021;NA;NA;NA;NA;NA;NA;NA;NA;NA;NA;NA;NA;NA;NA;NA%;NA%;NA%;NA%;NA%
BOLETOBANCARIO.COM TEC PAGAMENTOS - PRUDENCIAL;1000085094;n4;;I;2;CURITIBA;PR;03/2021;NA;NA;NA;NA;NA;NA;NA;NA;NA;NA;NA;NA;NA;NA;NA%;NA%;NA%;NA%;NA%
PAYPAL DO BRASIL IP - PRUDENCIAL;1000085018;n4;;I;2;SAO PAULO;SP;03/2021;NA;NA;NA;NA;NA;NA;NA;NA;NA;NA;NA;NA;NA;NA;NA%;NA%;NA%;NA%;NA%
CREDI SHOP S.A. - PRUDENCIAL;1000084923;n4;;I;2;TERESINA;PI;03/2021;NA;NA;NA;NA;NA;NA;NA;NA;NA;NA;NA;NA;NA;NA;NA%;NA%;NA%;NA%;NA%
REPOM S.A. - PRUDENCIAL;1000084916;n4;;I;2;BARUERI;SP;03/2021;NA;NA;NA;NA;NA;NA;NA;NA;NA;NA;NA;NA;NA;NA;NA%;NA%;NA%;NA%;NA%
ACESSO SOLUÇÕES DE PAGAMENTO - PRUDENCIAL;1000084806;n4;;I;2;SAO PAULO;SP;03/2021;NA;NA;NA;NA;NA;NA;NA;NA;NA;NA;NA;NA;NA;NA;NA%;NA%;NA%;NA%;NA%
DOCK IP - PRUDENCIAL;1000084789;n4;;I;2;BARUERI;SP;03/2021;NA;NA;NA;NA;NA;NA;NA;NA;NA;NA;NA;NA;NA;NA;NA%;NA%;NA%;NA%;NA%
CIELO IP - PRUDENCIAL;1000084710;n4;;C;2;BARUERI;SP;03/2021;NA;NA;NA;NA;NA;NA;NA;NA;NA;NA;NA;NA;NA;NA;NA%;NA%;NA%;NA%;NA%
ORLA DTVM S.A. - PRUDENCIAL;1000083883;n2;S4;I;2;RIO DE JANEIRO;RJ;03/2021;NI;NI;NI;NI;NI;NI;NI;NI;NI;NI;NI;NI;NI;NA;NI%;NI%;NI%;NA%;NI%
MUTUAL APETRIM CI S/A - PRUDENCIAL;1000083412;n1;S4;I;2;BELO HORIZONTE;MG;03/2021;NI;NI;NI;NI;NI;NI;NI;NI;NI;NI;NI;NI;NI;NA;NI%;NI%;NI%;NA%;NI%
COOPERATIVA DE ECONOMIA E CRÉDITO MÚTUO DOS EMPREGADOS DAS EMPRESAS DE REDUTORES DE TRANSMISSÃO DO ESTADO DE SÃO PAULO - COOPER-PTI;62035456;b3S;S5;I;2;SAO PAULO;SP;03/2021;NA;NA;NA;NA;NI;NI;NI;NA;NA;NA;NI;NI;NI;NA;NA%;NA%;NI%;NA%;NI%
GERENCIANET SOCIEDADE DE CREDITO DIRETO S.A.;37229413;n1;S5;I;2;OURO PRETO;MG;03/2021;NA;NA;NA;NA;NI;NI;NI;NA;NA;NA;NI;NI;NI;NA;NA%;NA%;NI%;NA%;NI%
COOPERATIVA DE CRÉDITO RURAL DO AGRESTE CENTRAL ALAGOANO LTDA. - COOPCRAL;8202793;b3S;S5;I;2;ARAPIRACA;AL;03/2021;NA;NA;NA;NA;NI;NI;NI;NA;NA;NA;NI;NI;NI;NA;NA%;NA%;NI%;NA%;NI%
