Instituição;Código;TCB;TD;TC;SR;Segmento;Cidade;UF;Data;Total da Carteira de Pessoa Jurídica;Capital de Giro;Capital de Giro - A Vencer em até 90 Dias;Capital de Giro - A Vencer Entre 91 a 360 Dias;Capital de Giro - A Vencer Entre 361 a 1080 Dias;Capital de Giro - A Vencer Entre 1081 a 1800 Dias;Capital de Giro - A Vencer Entre 1801 a 5400 Dias;Capital de Giro - A vencer Acima de 5400 Dias;Capital de Giro - Total;Investimento;Investimento - A Vencer em até 90 Dias;Investimento - A Vencer Entre 91 a 360 Dias;Investimento - A Vencer Entre 361 a 1080 Dias;Investimento - A Vencer Entre 1081 a 1800 Dias;Investimento - A Vencer Entre 1801 a 5400 Dias;Investimento - A vencer Acima de 5400 Dias;Investimento - Total;Cheque Especial e Conta Garantida;Cheque Especial e Conta Garantida - A Vencer em até 90 Dias;Cheque Especial e Conta Garantida - A Vencer Entre 91 a 360 Dias;Cheque Especial e Conta Garantida - A Vencer Entre 361 a 1080 Dias;Cheque Especial e Conta Garantida - A Vencer Entre 1081 a 1800 Dias;Cheque Especial e Conta Garantida - A Vencer Entre 1801 a 5400 Dias;Cheque Especial e Conta Garantida - A vencer Acima de 5400 Dias;Cheque Especial e Conta Garantida - Total;Operações com Recebíveis;Operações com Recebíveis - A Vencer em até 90 Dias;Operações com Recebíveis - A Vencer Entre 91 a 360 Dias;Operações com Recebíveis - A Vencer Entre 361 a 1080 Dias;Operações com Recebíveis - A Vencer Entre 1081 a 1800 Dias;Operações com Recebíveis - A Vencer Entre 1801 a 5400 Dias;Operações com Recebíveis - A vencer Acima de 5400 Dias;Operações com Recebíveis - Total;Comércio Exterior;Comércio Exterior - A Vencer em até 90 Dias;Comércio Exterior - A Vencer Entre 91 a 360 Dias;Comércio Exterior - A Vencer Entre 361 a 1080 Dias;Comércio Exterior - A Vencer Entre 1081 a 1800 Dias;Comércio Exterior - A Vencer Entre 1801 a 5400 Dias;Comércio Exterior - A vencer Acima de 5400 Dias;Comércio Exterior - Total;Outros Créditos;Outros Créditos - A Vencer em até 90 Dias;Outros Créditos - A Vencer Entre 91 a 360 Dias;Outros Créditos - A Vencer Entre 361 a 1080 Dias;Outros Créditos - A Vencer Entre 1081 a 1800 Dias;Outros Créditos - A Vencer Entre 1801 a 5400 Dias;Outros Créditos - A vencer Acima de 5400 Dias;Outros Créditos - Total;Financiamento de Infraestrutura/Desenvolvimento/Projeto e Outros Créditos;Financiamento de Infraestrutura/Desenvolvimento/Projeto e Outros Créditos - A Vencer em até 90 Dias;Financiamento de Infraestrutura/Desenvolvimento/Projeto e Outros Créditos - A Vencer Entre 91 a 360 Dias;Financiamento de Infraestrutura/Desenvolvimento/Projeto e Outros Créditos - A Vencer Entre 361 a 1080 Dias;Financiamento de Infraestrutura/Desenvolvimento/Projeto e Outros Créditos - A Vencer Entre 1081 a 1800 Dias;Financiamento de Infraestrutura/Desenvolvimento/Projeto e Outros Créditos - A Vencer Entre 1801 a 5400 Dias;Financiamento de Infraestrutura/Desenvolvimento/Projeto e Outros Créditos - A vencer Acima de 5400 Dias;Financiamento de Infraestrutura/Desenvolvimento/Projeto e Outros Créditos - Total;Rural e Agroindustrial;Rural e Agroindustrial - A Vencer em até 90 Dias;Rural e Agroindustrial - A Vencer Entre 91 a 360 Dias;Rural e Agroindustrial - A Vencer Entre 361 a 1080 Dias;Rural e Agroindustrial - A Vencer Entre 1081 a 1800 Dias;Rural e Agroindustrial - A Vencer Entre 1801 a 5400 Dias;Rural e Agroindustrial - A vencer Acima de 5400 Dias;Rural e Agroindustrial - Total;Habitacional;Habitacional - A Vencer em até 90 Dias;Habitacional - A Vencer Entre 91 a 360 Dias;Habitacional - A Vencer Entre 361 a 1080 Dias;Habitacional - A Vencer Entre 1081 a 1800 Dias;Habitacional - A Vencer Entre 1801 a 5400 Dias;Habitacional - A vencer Acima de 5400 Dias;Habitacional - Total;Total Exterior Pessoa Jurídica
ITAU;10.069;b1;C;2;S1;199;SAO PAULO;SP;03/2022;452.679.958;336.045;13.028.611;28.312.054;35.733.216;5.845.552;1.765.552;119.910;85.140.941;51.083;2.186.436;5.797.758;9.040.712;2.099.504;8.876;0;19.184.369;771.073;12.771.667;70.379;0;0;0;0;13.613.119;102.062;23.576.168;5.769.086;829.339;101.032;8;0;30.377.695;12.191;6.604.493;9.527.054;6.584.709;3.257.350;7.284.646;0;33.270.442;1.393.725;5.056.427;8.122.779;4.746.711;992.656;676.368;24.301;21.012.967;59.959;1.074.146;3.092.115;3.697.175;1.522.792;1.793.301;99.582;11.339.071;2.623;1.114.418;2.849.663;1.108.752;351.271;173.096;0;5.599.823;17.799;609.403;1.235.203;1.075.351;78.813;29.757;0;3.046.326;230.095.204
BRADESCO;10.045;b1;C;2;S1;199;OSASCO;SP;03/2022;327.922.247;1.039.738;14.220.682;31.495.995;39.206.172;7.150.235;2.652.533;604.839;96.370.194;157.492;3.743.958;8.865.300;12.299.584;3.089.229;187.187;1;28.342.751;486.453;6.261.137;614.374;0;0;0;0;7.361.964;352.042;29.058.913;5.857.609;104.564;4.804;0;0;35.377.931;53.325;14.455.198;17.772.407;6.820.031;5.636.799;1.160.157;0;45.897.918;858.068;5.205.374;2.737.710;1.710.971;301.481;12.051;2;10.825.657;21.711;1.464.943;4.121.019;6.460.683;3.232.280;5.027.943;179.622;20.508.202;105;1.086.327;2.686.982;366.753;186.346;104.204;0;4.430.716;64.545;189.885;644.526;2.715.574;143.395;85.185;2.197;3.845.307;74.961.608
BB;49.906;b1;C;1;S1;199;BRASILIA;DF;03/2022;284.862.417;627.983;10.474.179;27.709.030;34.612.553;5.754.248;817.333;328.284;80.323.610;35.885;2.173.470;4.899.219;12.464.040;9.627.737;24.311.247;609.646;54.121.244;180.494;1.849.572;478.103;17.196;0;0;10.295;2.535.660;173.093;6.799.796;2.480.812;281.755;0;0;12;9.735.468;109.182;9.065.126;18.483.467;9.626.593;3.779.028;1.371.828;0;42.435.224;726.256;9.253.221;6.139.994;2.979.712;2.037.626;3.778.117;770.995;25.685.921;62.451;1.744.790;3.893.368;6.849.425;3.372.876;13.606.319;3.511.614;33.040.842;6.349;1.771.938;3.594.052;1.829.146;896.123;1.094.876;501;9.192.985;0;10.048;97.208;323.716;21.964;0;0;452.936;27.338.526
BANCO NACIONAL DE DESENVOLVIMENTO ECONOMICO E SOCIAL;33.657.248;b4;I;1;S2;4;RIO DE JANEIRO;RJ;03/2022;267.437.769;0;0;0;0;0;0;0;0;0;0;0;0;0;0;0;0;0;0;0;0;0;0;0;0;0;0;0;0;0;0;0;0;0;0;0;0;0;0;0;0;0;0;0;0;0;0;0;0;904.323;6.470.769;18.276.743;44.189.614;38.150.012;125.226.582;32.976.240;266.194.283;0;23.254;92.660;178.893;168.627;780.052;0;1.243.487;0;0;0;0;0;0;0;0;0
CAIXA ECONÔMICA FEDERAL;51.626;b1;C;1;S1;199;BRASILIA;DF;03/2022;193.801.501;694.927;5.770.679;18.618.529;35.589.912;5.747.262;2.057.703;406;68.479.417;6.314;105.604;287.824;740.611;414.011;65.000;0;1.619.364;183.069;371.212;1.378.424;8.593;0;0;0;1.941.299;2.201;38.795;4.298;0;0;0;0;45.295;4.990;809.226;2.176.829;981.662;164.515;0;0;4.137.223;229.663;947.817;2.223.642;1.843.726;524.380;393.632;2.047;6.164.907;49.758;5.081.025;8.700.006;19.449.652;16.135.459;40.318.026;5.706.617;95.440.542;331;1.588.101;3.663.968;211.087;91.075;310.242;0;5.864.804;103.959;1.443.019;3.967.822;3.787.749;758.122;47.978;0;10.108.650;0
SANTANDER;30.379;b1;C;3;S1;199;SAO PAULO;SP;03/2022;186.613.572;531.558;7.496.970;11.854.183;14.122.315;2.546.303;1.074.000;18.583;37.643.913;155.771;1.575.292;3.951.973;6.074.252;1.709.760;2.328.161;809.479;16.604.688;409.160;4.849.165;1.132.422;205.106;89.849;98.272;7.573;6.791.547;107.053;22.499.859;7.401.298;248.437;48.964;16.324;8.808;30.330.743;43.086;4.558.154;6.587.363;2.314.666;1.779.440;117.847;2.494;15.403.048;1.209.171;2.955.562;2.813.443;3.168.200;1.119.470;2.794.017;22.455;14.082.318;168.262;557.278;1.374.843;1.503.234;515.949;185.300;243;4.305.110;6.982;909.336;2.509.363;302.084;102.029;89.791;464;3.920.049;3.148;46.264;205.565;408.277;2.836;23.755;0;689.845;56.842.311
SAFRA;10.083;b1;C;2;S2;199;SAO PAULO;SP;03/2022;78.212.984;130.689;5.358.314;9.895.851;11.572.081;2.114.316;503.645;0;29.574.897;7.392;805.400;1.589.330;1.691.553;376.308;2.062;0;4.472.045;59.681;1.069.034;84.731;0;0;0;0;1.213.446;25.110;8.647.869;3.023.602;46.503;0;0;0;11.743.084;3.637;3.623.408;3.954.553;3.206.536;1.807.844;419.705;0;13.015.683;40.522;213.535;2.070.084;1.074.750;325.660;24.754;0;3.749.304;24.858;203.591;575.892;974.512;449.423;221.355;0;2.449.631;0;324.482;457.636;317.656;169.623;172.408;0;1.441.806;0;9.066;33.005;208.141;54.916;0;0;305.127;10.247.960
BTG PACTUAL;49.944;b1;C;2;S1;199;RIO DE JANEIRO;RJ;03/2022;67.148.039;113.005;2.209.135;3.720.289;4.570.517;781.902;587.405;20.000;12.002.251;40.471;9.359;20.304;26.323;7.720;42;0;104.218;4.156;41.679;38.270;663.023;519.831;233.926;0;1.500.884;1.173;12.438.595;6.189.992;93.954;1.515;1.650;0;18.726.879;0;659.011;4.197.822;2.562.454;156.300;0;0;7.575.586;192.497;225.747;863.305;2.928.359;190.268;1.875;0;4.402.051;0;71.573;234.515;564.558;326.484;1.845.217;1.248.748;4.291.095;0;0;0;0;0;0;0;0;0;0;0;0;0;0;0;0;18.545.074
CITIBANK;30.403;b1;C;3;S2;199;SAO PAULO;SP;03/2022;28.796.303;1.118;1.598.905;1.890.331;1.439.992;166.691;5.771;0;5.102.809;0;2.602;7.733;8.403;632;0;0;19.370;0;161.038;164.513;110.339;0;0;0;435.890;0;8.877.604;1.571.653;1.021;140;0;0;10.450.418;371;3.335.259;3.972.182;3.033.760;618.339;430.766;0;11.390.677;2.949;735.705;281.891;0;0;0;0;1.020.545;0;0;0;0;0;0;0;0;0;206.558;170.034;0;0;0;0;376.592;0;0;0;0;0;0;0;0;0
DAYCOVAL;51.987;b1;C;2;S3;199;SAO PAULO;SP;03/2022;26.120.354;78.152;1.768.785;4.011.098;4.606.418;212.682;5.952;2;10.683.088;3.267;259.928;630.411;974.731;267.055;18.964;55.914;2.210.270;15.143;1.026.803;1.082.532;9.076;0;0;0;2.133.554;28.157;6.211.477;934.418;61.480;194;0;0;7.235.726;2.103;1.099.731;969.453;271.766;10.793;0;0;2.353.846;7.120;31.286;10.831;9.070;2.612;0;0;60.919;534;18.172;67.514;82.598;26.621;537;0;195.976;0;60.336;117.111;156.121;0;0;0;333.568;0;0;0;0;0;0;0;0;913.407
ABC-BRASIL;41.856;b1;C;3;S3;199;SAO PAULO;SP;03/2022;22.340.852;43.056;1.725.184;2.998.535;3.184.572;391.299;19.974;0;8.362.618;24.021;116.657;538.679;676.988;59.730;0;0;1.416.074;6.024;152.712;100.722;0;0;0;0;259.457;1.087;821.788;609.481;119;0;0;0;1.432.475;791;1.431.321;1.788.184;1.257.443;106.291;1.528;0;4.585.557;59.286;395.173;218.028;257.030;69.576;73.858;0;1.072.951;99;43.608;129.362;267.652;133.214;13.345;0;587.280;0;194.558;780.652;521.139;100.054;103.945;0;1.700.347;0;0;0;0;0;0;0;0;2.924.091
BANCO VOLKSWAGEN S.A.;59.109.165;b2;I;3;S3;8;SAO PAULO;SP;03/2022;15.335.459;1.018;52.833;86.421;85.819;2.196;0;0;228.287;33.958;1.073.243;3.140.821;5.643.608;1.754.582;4.887;0;11.651.100;0;0;0;0;0;0;0;0;27;435.980;1.993.169;1.029;255;0;0;2.430.460;0;0;0;0;0;0;0;0;0;49.242;0;0;0;0;0;49.242;7.908;131.442;315.159;363.461;156.253;2.148;0;976.371;0;0;0;0;0;0;0;0;0;0;0;0;0;0;0;0;0
VOTORANTIM;51.011;b1;C;2;S2;199;SAO PAULO;SP;03/2022;14.412.185;22.525;535.283;903.439;1.269.583;120.704;39.400;0;2.890.935;16.361;216.551;555.068;815.703;213.961;19.529;0;1.837.172;0;7.350;29;0;0;0;0;7.378;811;1.532.149;381.737;60.158;0;0;0;1.974.855;0;963.133;1.486.887;1.233.171;185.701;11.192;0;3.880.085;9.479;87.918;455.080;226.748;82.625;357.153;620.316;1.839.318;0;48.980;205.299;264.450;39.148;473;0;558.350;0;98.836;173.661;79.976;29.418;8.092;0;389.984;0;0;0;0;0;0;0;0;1.034.109
MERCEDES-BENZ;51.262;b2;C;3;S3;198;SAO BERNARDO DO CAMPO;SP;03/2022;14.261.196;11.669;63.831;165.881;236.768;22.716;0;0;500.865;29.329;744.810;2.086.921;4.296.366;1.402.894;11.788;0;8.572.109;0;0;0;0;0;0;0;0;0;1.390.315;924.839;0;0;0;0;2.315.154;0;0;0;0;0;0;0;0;0;0;0;0;0;0;0;0;6.690;274.829;784.071;1.257.045;497.685;52.748;0;2.873.068;0;0;0;0;0;0;0;0;0;0;0;0;0;0;0;0;0
BANCO REGIONAL DE DESENVOLVIMENTO DO EXTREMO SUL;92.816.560;b4;I;1;S3;5;PORTO ALEGRE;RS;03/2022;11.450.795;923;28.182;94.869;227.382;69.753;24.723;0;445.832;296;24.884;79.709;219.763;135.568;187.413;3.497;651.130;0;0;0;0;0;0;0;0;0;0;0;0;0;0;0;0;0;0;0;0;0;0;0;0;6.042;359;1.034;0;0;0;0;7.435;12.726;288.627;833.680;1.952.115;1.133.392;1.698.012;123.823;6.042.376;164;196.200;729.833;1.354.486;979.961;1.043.379;0;4.304.023;0;0;0;0;0;0;0;0;0
BANCO RABOBANK INTERNATIONAL BRASIL S.A.;1.023.570;b1;I;3;S3;8;SAO PAULO;SP;03/2022;11.045.829;13.002;35.037;246.675;56.143;37.515;18.757;0;407.129;0;0;0;0;0;0;0;0;0;0;21.188;0;0;0;0;21.188;0;27.985;83.972;0;0;0;0;111.957;204.302;2.783.750;3.960.576;1.997.747;488.557;45.244;0;9.480.174;120.681;12.329;74.340;212.303;44.409;87.344;0;551.405;0;3.137;7.730;20.205;6.253;2.073;0;39.398;35.786;111.506;111.401;76.790;52.518;46.577;0;434.578;0;0;0;0;0;0;0;0;0
BANRISUL;30.173;b1;C;1;S2;199;PORTO ALEGRE;RS;03/2022;10.186.771;38.347;570.778;1.577.721;2.720.107;607.270;181.899;5.866;5.701.988;447;26.538;73.722;158.763;95.986;56.138;0;411.593;17.640;194.629;137.598;0;0;0;0;349.868;487;42.875;7.976;2;0;0;0;51.341;2.692;346.779;717.235;95;0;0;0;1.066.802;20.266;158.513;243.151;250.468;131.461;228.298;101.240;1.133.398;7.148;48.977;99.749;120.972;57.092;51.921;574;386.432;11.985;137.810;569.030;34.599;13.913;14.152;0;781.490;21.859;13.684;34.456;88.776;21.882;0;0;180.656;123.204
BOCOM;52.003;b1;C;3;S3;199;SALVADOR;BA;03/2022;10.091.521;3.114;393.218;821.543;1.880.758;467.969;2.357;0;3.568.960;0;0;0;0;0;0;0;0;0;0;0;0;0;0;0;0;0;16.564;15.932;9.884;0;0;0;42.380;0;180.601;823.954;703.922;121.949;600;0;1.831.026;0;33.448;506.323;528.515;172.217;0;0;1.240.502;0;0;0;0;0;0;0;0;0;0;0;0;0;0;0;0;0;0;0;0;0;0;0;0;3.408.653
BANCO VOLVO BRASIL S.A.;58.017.179;b2;I;3;S4;8;CURITIBA;PR;03/2022;8.937.112;0;2.258;6.111;12.267;7.590;15.277;0;43.503;11.650;535.783;1.488.614;2.499.229;704.428;2.594;0;5.242.299;0;0;0;0;0;0;0;0;0;88.079;220.221;0;0;0;0;308.299;0;0;0;0;0;0;0;0;566;12.088;32.186;46.194;5.494;0;0;96.528;13.421;240.601;716.169;1.479.346;757.691;39.255;0;3.246.483;0;0;0;0;0;0;0;0;0;0;0;0;0;0;0;0;0
CCB;32.119;b1;C;3;S3;199;SAO PAULO;SP;03/2022;8.765.129;535;144.706;506.998;758.105;186.075;0;0;1.596.420;37;10.210;35.406;28.415;4.815;17;0;78.901;0;1.491;0;0;0;0;0;1.491;6;922;1.621;1.913;226;0;0;4.688;15.035;925.948;1.536.471;1.607.391;287.613;556;0;4.373.013;2;79.071;312.542;57.145;8.292;34.874;0;491.927;0;0;0;0;0;0;0;0;0;12.882;77.265;12.281;0;0;0;102.428;0;0;0;0;0;0;0;0;2.116.261
BANCO CNH INDUSTRIAL CAPITAL S.A.;2.992.446;b2;I;3;S3;8;CURITIBA;PR;03/2022;8.165.102;146;441.906;3.934;0;0;0;0;445.985;20.702;302.919;855.452;1.611.873;600.797;1.337;0;3.393.081;0;0;0;0;0;0;0;0;889;3.316.224;18.788;63;0;0;0;3.335.964;0;0;0;0;0;0;0;0;101;19.182;24.277;69.236;40.048;2.371;0;155.215;9.353;60.446;160.951;247.518;59.612;918;0;538.798;383;39.831;30.488;107.578;74.653;43.127;0;296.060;0;0;0;0;0;0;0;0;0
ALFA;51.293;b1;C;2;S3;199;SAO PAULO;SP;03/2022;8.010.643;976;757.856;790.337;711.345;80.977;0;0;2.341.491;855;152.500;379.105;517.691;106.785;14.717;0;1.171.653;0;134.074;116.469;0;0;0;0;250.543;0;1.440.653;759.736;23.100;0;0;0;2.223.490;0;332.887;823.122;77.893;0;0;0;1.233.902;0;30;0;0;0;0;0;30;801;44.628;322.219;294.653;97.438;29.476;0;789.214;0;61;179;80;0;0;0;320;0;0;0;0;0;0;0;0;0
BNP PARIBAS;51.516;b1;C;3;S3;199;SAO PAULO;SP;03/2022;7.964.307;0;541.580;1.285.402;287.365;302.500;197.042;0;2.613.889;0;0;0;0;0;0;0;0;0;55.026;80.141;0;0;0;0;135.167;0;1.312.230;53.492;2.554;0;0;0;1.368.276;0;1.309.106;1.855.617;533.025;0;0;0;3.697.748;0;29.036;31.230;0;0;0;0;60.266;0;0;0;0;0;0;0;0;0;14.842;50.838;23.280;0;0;0;88.960;0;0;0;0;0;0;0;0;0
BANCO DO NORDESTE DO BRASIL S.A.;7.237.373;b1;I;1;S2;8;FORTALEZA;CE;03/2022;6.971.499;14.933;131.087;369.501;405.686;79.269;129.358;226;1.130.060;8.708;99.959;285.042;338.734;10.774;9.407;0;752.625;289;3.094;2.386;0;0;0;0;5.769;8;3.508;381;0;0;0;0;3.896;79.135;31.142;257.332;0;0;0;0;367.609;3.249;6.800;20.468;53.399;37.007;103.184;0;224.107;23;45.637;123.757;434.687;462.537;1.883.937;831.159;3.781.737;7.769;106.421;502.237;88.487;314;466;0;705.694;0;0;0;0;0;0;0;0;0
ORIGINAL;51.781;b1;C;2;S3;199;SAO PAULO;SP;03/2022;6.934.174;47.379;423.044;824.194;885.499;51.104;0;37.783;2.269.004;0;0;0;0;0;0;0;0;13.688;46.454;2.026;0;0;0;0;62.169;18.838;2.067.296;18.860;0;0;0;0;2.104.995;0;150.612;167.199;71.703;2.778;0;5.950;398.242;27.895;95.151;147.856;105.523;16.864;775;48.326;442.389;0;5.058;41.531;50.746;119;0;0;97.454;0;39.233;8.558;8.500;0;0;0;56.291;0;0;0;0;0;0;0;0;1.503.631
SOFISA;31.873;b1;C;2;S4;199;SAO PAULO;SP;03/2022;6.173.024;7.513;480.479;758.249;592.524;51.469;0;0;1.890.234;0;85;0;0;0;0;0;85;14.792;474.356;291.963;114.983;0;0;0;896.095;5.789;495.054;53.979;710;0;0;0;555.532;171;314.264;262.976;94.752;690;0;0;672.854;1.472;49.251;27.034;8.547;1.883;942;0;89.129;10.415;179.723;491.975;926.574;135.878;0;0;1.744.564;0;3.781;88.404;37.642;0;0;0;129.826;0;0;0;0;0;0;0;0;194.704
SCANIA BANCO S.A.;11.417.016;b2;I;3;S4;8;SAO BERNARDO DO CAMPO;SP;03/2022;6.154.790;1.417;6.269;15.796;29.912;5.834;0;0;59.227;12.884;440.913;1.205.978;2.106.193;645.953;100;0;4.412.020;0;0;0;0;0;0;0;0;0;46.802;0;0;0;0;0;46.802;0;0;0;0;0;0;0;0;0;0;0;0;0;0;0;0;5.161;153.116;419.033;776.886;279.949;2.596;0;1.636.741;0;0;0;0;0;0;0;0;0;0;0;0;0;0;0;0;0
CREDIT SUISSE;30.771;b1;C;3;S3;199;SAO PAULO;SP;03/2022;5.461.801;3.574;166.475;407.538;1.257.046;175.000;95.000;0;2.104.633;0;63.578;479.429;529.062;260.314;683.012;204.773;2.220.169;0;0;0;0;0;0;0;0;0;0;0;0;0;0;0;0;0;889;15.536;893.399;23.755;1.434;0;935.012;0;1.160;0;0;0;0;0;1.160;0;0;0;0;0;0;0;0;0;0;0;0;0;0;0;0;0;0;0;0;0;0;0;0;200.826
BANCO DE DESENVOLVIMENTO DE MINAS GERAIS S.A.-BDMG;38.486.817;b4;I;1;S3;5;BELO HORIZONTE;MG;03/2022;5.395.215;19.573;136.367;555.668;675.733;137.534;21.737;97.877;1.644.489;1.028;131.678;447.044;388.893;122.772;69.100;0;1.160.515;0;0;0;0;0;0;0;0;0;0;0;0;0;0;0;0;0;10.438;7.500;44.000;0;0;0;61.938;0;31.463;138.721;32.051;2.330;3.830;0;208.394;2.783;109.978;288.143;601.380;325.103;406.688;20.819;1.754.894;3.110;73.102;254.531;145.331;42.965;45.949;0;564.987;0;0;0;0;0;0;0;0;0
BANCO DA AMAZONIA S.A.;4.902.979;b1;I;1;S3;2;BELEM;PA;03/2022;5.250.368;20.014;160.430;488.694;588.797;358.322;97.875;233;1.714.365;19;114;1.600;5.514;7.104;4.671;0;19.022;0;399;873;6;0;0;0;1.278;0;235;0;0;0;0;0;235;11.582;33.641;107.368;115.994;59.458;0;0;328.044;774;4.996;33.005;3.851;1.958;1.125;45;45.755;833;96.936;369.975;656.604;300.210;802.269;290.033;2.516.861;2;104.729;227.934;192.958;41.833;57.024;326;624.807;0;0;0;0;0;0;0;0;0
BANCO SICOOB;51.750;b1;C;2;S3;199;BRASILIA;DF;03/2022;5.175.901;0;272.661;403.949;574.709;145.505;5.955;0;1.402.778;1.758;34.203;95.983;190.231;82.917;12.725;426;418.243;0;0;2;0;0;0;0;2;0;0;0;0;0;0;0;0;0;0;0;0;0;0;0;0;36.765;484.174;2.320.294;52.783;7;0;188;2.894.210;112;33.739;87.074;155.235;58.107;16.406;658;351.331;0;6.605;9.381;26.077;22.144;45.131;0;109.338;0;0;0;0;0;0;0;0;0
BANCO FIDIS S/A;62.237.425;b2;I;3;S4;8;BETIM;MG;03/2022;4.672.011;0;44.476;232.863;46.389;349;0;0;324.076;124;40.883;216.510;34.602;4.600;0;0;296.720;0;0;0;0;0;0;0;0;0;2.664.283;1.266.499;77.126;14.913;25.974;0;4.048.796;0;0;0;0;0;0;0;0;0;2.419;0;0;0;0;0;2.419;0;0;0;0;0;0;0;0;0;0;0;0;0;0;0;0;0;0;0;0;0;0;0;0;0
XP;52.120;b1;C;2;S3;199;RIO DE JANEIRO;RJ;03/2022;4.571.979;845;1.525.225;544.278;469.912;1.851.175;70.673;0;4.462.109;0;0;0;0;0;0;0;0;0;0;0;0;0;0;0;0;0;0;0;0;0;0;0;0;0;40.433;62.771;6.667;0;0;0;109.870;0;0;0;0;0;0;0;0;0;0;0;0;0;0;0;0;0;0;0;0;0;0;0;0;0;0;0;0;0;0;0;0;0
INTER;51.884;b1;C;2;S3;199;BELO HORIZONTE;MG;03/2022;4.310.276;7.619;140.259;542.841;477.139;192.487;124.498;6.884;1.491.727;1.183;17.930;30.400;142.203;22.143;30.469;6.678;251.007;0;0;437;0;0;526;0;962;577;1.434.234;107.780;93.912;11.480;0;0;1.647.984;0;0;36.948;0;0;0;0;36.948;33.123;331.160;91.172;11.807;1.923;2.418;0;471.604;0;45;121;309;322;832;0;1.628;0;126.156;269.801;12.459;0;0;0;408.416;0;0;0;0;0;0;0;0;0
JP MORGAN CHASE;20.107;b1;C;3;S3;199;SAO PAULO;SP;03/2022;4.216.706;0;5.721;137.429;584.160;262.632;0;0;989.942;0;0;0;0;0;0;0;0;0;0;0;0;0;0;145.869;145.869;0;1.064.022;335.780;0;0;0;0;1.399.802;0;519.845;910.347;249.145;0;0;0;1.679.337;0;1.756;0;0;0;0;0;1.756;0;0;0;0;0;0;0;0;0;0;0;0;0;0;0;0;0;0;0;0;0;0;0;0;0
PINE;50.304;b1;C;2;S3;199;SAO PAULO;SP;03/2022;4.079.147;6.311;344.484;708.790;1.028.848;60.943;56.002;0;2.205.378;0;2.765;3.553;3.686;0;0;0;10.004;2.744;32.641;106.230;109.174;0;0;0;250.789;7.729;414.442;97.596;0;0;0;0;519.767;0;350.447;349.888;100.711;31.216;10.000;0;842.261;159;84.049;13.475;38.971;28.767;49.948;0;215.369;0;1.919;5.216;5.402;0;0;0;12.537;0;0;0;0;0;0;0;0;0;0;0;0;0;0;0;0;23.041
INDUSTRIAL DO BRASIL;50.988;b1;C;2;S4;199;SAO PAULO;SP;03/2022;3.761.889;35.018;309.674;560.455;529.368;35.125;1.742;0;1.471.382;865;2.963;5.436;941;0;0;0;10.205;0;97.968;0;0;0;0;0;97.968;4.480;721.232;140.015;30.483;780;0;0;896.990;0;406.118;613.317;78.945;0;0;0;1.098.380;32;3.021;12.016;15.176;1.123;0;0;31.368;0;0;0;0;0;0;0;0;0;0;0;0;0;0;0;0;0;0;0;0;0;0;0;0;155.596
MASTER;50.201;b1;C;2;S4;199;RIO DE JANEIRO;RJ;03/2022;3.697.840;1.862;194.742;110.783;205.713;89.349;0;0;602.449;0;0;0;0;0;0;0;0;5.040;51.162;114.263;0;0;0;0;170.465;0;0;0;0;0;0;2.903.486;2.903.486;0;0;0;0;0;0;0;0;0;0;0;6.157;7.697;0;0;13.854;2;366;796;1.561;531;23;0;3.279;0;0;0;0;0;0;0;0;18;312;745;1.674;928;630;0;4.307;0
BANCO MUFG BRASIL S.A.;60.498.557;b1;I;3;S3;8;SAO PAULO;SP;03/2022;3.572.994;0;439.358;166.006;378.250;0;0;0;983.614;0;0;0;0;0;0;0;0;0;0;0;0;0;0;0;0;0;159.819;88.478;0;0;0;0;248.296;0;857.001;879.817;536.725;0;0;0;2.273.543;0;127;29.459;27.503;0;0;0;57.089;0;1.649;4.636;4.166;0;0;0;10.452;0;0;0;0;0;0;0;0;0;0;0;0;0;0;0;0;0
BANCO MIZUHO DO BRASIL S.A.;61.088.183;b1;I;3;S4;8;SAO PAULO;SP;03/2022;3.361.174;0;429.027;420.292;335.077;4.335;0;0;1.188.731;0;0;0;0;0;0;0;0;0;0;0;0;0;0;0;0;0;6;21;560;0;0;0;587;0;566.643;1.439.874;113.424;0;0;0;2.119.941;0;0;0;0;0;0;0;0;0;153;0;48.463;3.300;0;0;51.916;0;0;0;0;0;0;0;0;0;0;0;0;0;0;0;0;0
BANCO CATERPILLAR S.A.;2.658.435;b2;I;3;S4;8;SAO PAULO;SP;03/2022;3.325.123;908;86.741;209.729;312.581;38.717;403;0;649.079;3.283;228.672;631.581;1.077.938;223.246;415;0;2.165.136;0;0;0;0;0;0;0;0;0;244;524;92;0;0;0;860;0;0;0;0;0;0;0;0;0;10.234;2.316;5.101;72;0;0;17.723;1.033;42.973;128.050;248.125;71.004;1.138;0;492.325;0;0;0;0;0;0;0;0;0;0;0;0;0;0;0;0;0
BANCO FIBRA S.A.;58.616.418;b1;I;2;S3;8;SAO PAULO;SP;03/2022;3.286.248;1.388;264.898;285.848;265.641;18.185;5.228;0;841.190;0;0;0;0;0;0;0;0;5.676;30.297;50.131;0;0;0;0;86.104;186;711.467;237.685;4.827;686;0;0;954.851;9.493;318.802;457.498;197.662;7.667;0;0;991.122;11;73.473;36.762;20.654;0;0;0;130.900;0;0;0;0;0;0;0;0;0;56.108;134.635;25.641;0;0;0;216.383;0;0;0;0;0;0;0;0;65.700
BANCO SUMITOMO MITSUI BRASILEIRO S.A.;60.518.222;b1;I;3;S3;8;SAO PAULO;SP;03/2022;3.072.301;0;573.940;368.575;512.897;28.955;0;0;1.484.367;0;0;0;0;0;0;0;0;0;0;0;0;0;0;0;0;0;0;0;0;0;0;0;0;0;329.651;970.849;96.522;0;0;0;1.397.023;0;0;157.580;0;0;0;0;157.580;0;0;0;0;0;0;0;0;0;0;0;0;0;0;0;0;0;0;0;0;0;0;0;0;33.331
CREDIT AGRICOLE;51.066;b1;C;3;S3;199;SAO PAULO;SP;03/2022;2.905.192;0;13.996;85.336;13.965;0;0;0;113.298;0;0;0;0;0;0;0;0;0;14.539;29.982;0;0;0;0;44.521;0;211.688;20.048;0;0;0;0;231.736;0;818.496;1.121.131;576.010;0;0;0;2.515.637;0;0;0;0;0;0;0;0;0;0;0;0;0;0;0;0;0;0;0;0;0;0;0;0;0;0;0;0;0;0;0;0;0
BANCO JOHN DEERE S.A.;91.884.981;b1;I;3;S3;8;INDAIATUBA;SP;03/2022;2.897.232;0;160;550;1.156;0;0;0;1.866;7.584;87.879;201.318;336.981;106.800;395;0;740.959;0;0;29;0;0;0;0;29;0;1.150.935;21.974;0;0;0;0;1.172.909;0;0;0;0;0;0;0;0;452;77.290;87.340;279.505;178.323;12.051;0;634.962;35;2.702;7.067;6.616;3.901;0;0;20.321;15;77.416;31.861;139.734;62.460;14.701;0;326.186;0;0;0;0;0;0;0;0;0
BRB;31.976;b1;C;1;S3;199;BRASILIA;DF;03/2022;2.739.987;23.826;833.172;274.430;332.932;83.677;9.759;478;1.558.274;858;4.017;10.381;54.526;60.509;134.086;0;264.376;7.159;22.982;36.553;451;0;0;0;67.145;930;8.564;1.496;0;0;0;0;10.989;0;0;0;0;0;0;0;0;5.977;40.928;40.870;44.856;20.183;25.837;0;178.650;1.388;9.557;26.791;67.499;36.033;24.430;0;165.697;0;15.094;93.202;4.648;4.624;9.345;0;126.913;0;2.581;22.272;181.087;158.484;3.517;0;367.942;0
BANCO COOPERATIVO SICREDI S.A.;1.181.521;b1;I;2;S3;11;PORTO ALEGRE;RS;03/2022;2.718.926;0;0;0;160;147;69;0;377;227;4.172;10.430;18.337;2.006;0;0;35.172;0;0;0;0;0;0;0;0;0;0;0;0;0;0;0;0;0;117.783;317.144;1.403;0;0;0;436.330;0;30.631;49.412;198.048;198.048;0;0;476.138;0;143.721;343.660;704.128;266.488;108.342;0;1.566.339;0;6.867;21.740;50.307;49.204;76.452;0;204.570;0;0;0;0;0;0;0;0;0
INTESA SANPAOLO BRASIL S.A. - BANCO MÚLTIPLO;55.230.916;b1;I;3;S4;8;SAO PAULO;SP;03/2022;2.523.524;0;95.530;163.807;90.710;71.474;0;0;421.521;0;0;0;0;0;0;0;0;0;0;0;0;0;0;0;0;0;364.351;10.868;0;0;0;0;375.219;0;112.522;1.438.578;3.271;0;0;0;1.554.371;0;4.676;7.884;159.853;0;0;0;172.413;0;0;0;0;0;0;0;0;0;0;0;0;0;0;0;0;0;0;0;0;0;0;0;0;0
DEUTSCHE BANK S.A. - BANCO ALEMAO;62.331.228;b1;I;3;S3;8;SAO PAULO;SP;03/2022;2.496.921;0;102.104;211.801;58.610;1.423;0;0;373.938;0;0;0;0;0;0;0;0;0;203.294;188.145;4.163;0;0;0;395.603;0;302.263;118.237;83.848;4.526;0;0;508.874;0;395.788;83.864;0;0;0;0;479.652;121.731;342.718;170.436;103.970;0;0;0;738.855;0;0;0;0;0;0;0;0;0;0;0;0;0;0;0;0;0;0;0;0;0;0;0;0;0
SICOOB COCRED COOPERATIVA DE CRÉDITO;71.328.769;b3S;I;2;S4;9;SERTAOZINHO;SP;03/2022;2.415.824;3.669;121.506;312.414;570.927;198.278;14.253;0;1.221.045;224;14.381;42.002;91.587;34.815;7.137;0;190.145;4.541;77.743;23.804;0;0;0;0;106.087;1.318;82.355;5.613;0;0;0;0;89.286;0;0;0;0;0;0;0;0;3.457;2.504;5.201;13.859;7.822;9.761;0;42.604;0;0;0;0;0;0;0;0;0;63.989;322.743;242.606;129.818;7.500;0;766.656;0;0;0;0;0;0;0;0;0
BANCO IBM S.A.;34.270.520;b2;I;3;S4;8;RIO DE JANEIRO;RJ;03/2022;2.411.399;0;0;0;0;0;0;0;0;131;327.490;919.755;1.106.337;4.806;0;0;2.358.520;0;0;0;0;0;0;0;0;0;0;0;0;0;0;0;0;0;0;0;0;0;0;0;0;0;36.289;16.517;72;0;0;0;52.879;0;0;0;0;0;0;0;0;0;0;0;0;0;0;0;0;0;0;0;0;0;0;0;0;0
BANCO CARGILL S.A.;3.609.817;b1;I;3;S4;8;SAO PAULO;SP;03/2022;2.394.438;0;0;0;0;0;0;0;0;0;0;0;0;0;0;0;0;0;0;0;0;0;0;0;0;0;0;0;0;0;0;0;0;0;249.271;1.961.301;183.866;0;0;0;2.394.438;0;0;0;0;0;0;0;0;0;0;0;0;0;0;0;0;0;0;0;0;0;0;0;0;0;0;0;0;0;0;0;0;0
BANESTES;30.159;b1;C;1;S3;199;VITORIA;ES;03/2022;2.390.364;8.834;180.559;511.301;916.178;208.627;5.335;0;1.830.833;38;5.010;14.926;31.690;10.392;3.507;0;65.563;1.156;127.376;0;0;0;0;0;128.531;820;35.198;3.716;0;0;0;0;39.734;0;4.187;12.504;13.076;225;0;0;29.993;6.939;9.130;25.917;57.884;41.348;36.282;0;177.500;175;6.763;19.432;29.325;2.182;6.150;291;64.317;0;21.670;3.071;8.249;0;0;0;32.990;0;592;1.775;4.651;4.617;9.268;0;20.903;0
COOPERATIVA DE CREDITO VALE DO ITAJAI - VIACREDI;82.639.451;b3S;I;2;S4;9;BLUMENAU;SC;03/2022;2.372.109;11.649;165.530;398.209;517.165;118.424;16.134;0;1.227.111;3.014;57.416;151.498;259.210;114.951;90.879;627;677.595;0;22.151;89.495;9;0;0;0;111.654;2.928;153.355;11.325;34;23;1;0;167.667;0;0;0;0;0;0;0;0;9.813;8.543;13.814;17.815;4.467;2.753;0;57.206;1.598;16.156;41.475;54.989;12.935;3.723;0;130.875;0;0;0;0;0;0;0;0;0;0;0;0;0;0;0;0;0
COOPERATIVA DE CRÉDITO MAXI ALFA DE LIVRE ADMISSÃO DE ASSOCIADOS - SICOOB MAXICRÉDITO;78.825.270;b3S;I;2;S5;9;CHAPECO;SC;03/2022;2.304.789;7.004;148.646;391.614;553.599;186.755;127.764;0;1.415.381;372;30.359;81.740;185.740;87.719;43.906;0;429.836;1.530;13.914;13.463;53;0;0;0;28.959;4.686;259.516;43.050;0;0;0;0;307.251;0;0;0;0;0;0;0;0;3.121;1.446;2.097;4.030;2.654;4.840;0;18.187;0;0;0;0;0;0;0;0;0;1.650;96.971;3.214;1.605;1.735;0;105.175;0;0;0;0;0;0;0;0;0
BANCO PACCAR S.A.;28.517.628;b2;I;3;S4;8;PONTA GROSSA;PR;03/2022;2.205.110;117;30.963;179.478;0;0;0;0;210.558;5.727;121.110;381.551;739.826;228.220;74;0;1.476.509;0;0;0;0;0;0;0;0;0;470.043;0;0;0;0;0;470.043;0;0;0;0;0;0;0;0;0;430;1.206;2.576;927;0;0;5.139;0;521;5.990;18.082;18.054;214;0;42.861;0;0;0;0;0;0;0;0;0;0;0;0;0;0;0;0;0
BANCO DE LAGE LANDEN BRASIL S.A.;5.040.481;b2;I;3;S4;8;PORTO ALEGRE;RS;03/2022;2.140.486;0;51.554;38.057;0;0;0;0;89.611;5.777;135.808;352.127;565.525;164.867;26.872;0;1.250.977;0;0;0;0;0;0;0;0;0;278.518;110.649;0;0;0;0;389.167;0;0;0;0;0;0;0;0;248;20.653;37.782;90.156;43.926;9.315;0;202.080;8;4.750;12.791;17.245;12.386;9.306;0;56.487;329;15.134;26.847;59.862;31.910;18.083;0;152.165;0;0;0;0;0;0;0;0;0
DESENVOLVE SP - AGÊNCIA DE FOMENTO DO ESTADO DE SÃO PAULO S.A.;10.663.610;n1;I;1;S4;30;SAO PAULO;SP;03/2022;2.135.604;2.858;34.400;46.802;125.675;73.897;316;0;283.947;1.436;52.916;150.684;385.403;159.261;106.729;0;856.429;0;0;0;0;0;0;0;0;0;0;0;0;0;0;0;0;0;0;0;0;0;0;0;0;0;122;320;197;0;0;0;639;8.798;70.382;190.675;480.394;205.049;39.290;0;994.588;0;0;0;0;0;0;0;0;0;0;0;0;0;0;0;0;0
SCOTIABANK;52.230;b1;C;3;S3;199;SAO PAULO;SP;03/2022;2.087.945;0;211.643;163.914;0;0;0;0;375.557;0;0;0;0;0;0;0;0;0;0;0;0;0;0;0;0;0;0;0;0;0;0;0;0;0;516.050;958.853;237.485;0;0;0;1.712.388;0;0;0;0;0;0;0;0;0;0;0;0;0;0;0;0;0;0;0;0;0;0;0;0;0;0;0;0;0;0;0;0;0
COOPERATIVA DE CRÉDITO, POUPANÇA E INVESTIMENTO VANGUARDA DA REGIÃO DAS CATARATAS DO IGUAÇU E VALE DO PARAÍBA - SICREDI VANGUARDA PR/SP/RJ;78.414.067;b3S;I;2;S4;9;MEDIANEIRA;PR;03/2022;2.073.838;1.480;150.197;285.596;352.515;50.946;16.117;0;856.852;234;28.548;58.903;111.846;43.211;5.672;0;248.413;2.740;64.725;113.781;36;0;27;0;181.309;987;69.641;6.561;0;0;0;0;77.188;0;0;0;0;0;0;0;0;6.941;92.847;123.741;217.831;115.407;131.403;120;688.290;17;1.175;3.500;2.070;14;0;0;6.777;0;1.340;13.670;0;0;0;0;15.010;0;0;0;0;0;0;0;0;0
BANCO HSBC S.A.;53.518.684;b1;I;3;S4;8;SAO PAULO;SP;03/2022;2.048.646;0;265.209;527.215;12.000;0;0;0;804.424;0;0;0;0;0;0;0;0;0;0;0;0;0;0;0;0;0;204.165;9.036;0;0;0;0;213.201;0;210.650;712.088;108.283;0;0;0;1.031.021;0;0;0;0;0;0;0;0;0;0;0;0;0;0;0;0;0;0;0;0;0;0;0;0;0;0;0;0;0;0;0;0;0
COOPERATIVA DE CRÉDITO SICREDI SERRANA RS/ES;90.608.712;b3S;I;2;S4;9;CARLOS BARBOSA;RS;03/2022;2.047.993;1.166;88.252;247.728;419.593;221.992;265.133;0;1.243.864;94;17.099;49.933;114.480;62.102;40.957;0;284.665;3.645;57.384;127.897;2.890;0;0;0;191.816;1.747;60.696;6.792;102;0;0;0;69.337;0;0;0;0;0;0;0;0;2.273;46.704;67.711;44.509;26.789;37.182;0;225.168;9;458;1.370;396;0;0;0;2.233;0;0;28.409;821;778;903;0;30.910;0;0;0;0;0;0;0;0;0
SICOOB CREDICOM - COOPERATIVA DE ECONOMIA E CREDITO MUTUO DOS MEDICOS E PROFISSIONAIS DA AREA DE SAUDE DO BRASIL LTDA.;42.898.825;b3S;I;2;S5;9;BELO HORIZONTE;MG;03/2022;2.000.665;1.772;120.232;351.962;723.271;461.224;194.433;8;1.852.901;56;2.307;6.162;10.848;1.695;38;0;21.106;955;26.741;0;0;0;0;0;27.696;19;6.449;678;0;0;0;0;7.147;0;0;0;0;0;0;0;0;626;35;0;0;0;0;0;661;0;0;0;0;0;0;0;0;0;19.421;65.511;6.223;0;0;0;91.155;0;0;0;0;0;0;0;0;0
BANCO DA CHINA BRASIL S.A.;10.690.848;b1;I;3;S4;8;SAO PAULO;SP;03/2022;1.953.763;0;77.073;507;268.333;85.000;0;0;430.914;0;0;0;0;0;0;0;0;0;0;0;0;0;0;0;0;0;0;0;0;0;0;0;0;0;452.309;816.540;167.000;87.000;0;0;1.522.849;0;0;0;0;0;0;0;0;0;0;0;0;0;0;0;0;0;0;0;0;0;0;0;0;0;0;0;0;0;0;0;0;0
C6 BANK;52.072;b1;C;2;S4;199;SAO PAULO;SP;03/2022;1.919.952;3.922;149.764;325.522;539.012;309.343;105.436;0;1.432.998;0;0;0;0;0;0;0;0;440;177;14.392;0;0;0;0;15.009;0;0;0;0;0;0;0;0;0;107.626;106.853;25.211;965;0;0;240.655;28.897;139.141;62.324;928;0;0;0;231.290;0;0;0;0;0;0;0;0;0;0;0;0;0;0;0;0;0;0;0;0;0;0;0;0;0
COOPERATIVA DE CRÉDITO, POUPANÇA E INVESTIMENTO SICREDI PIONEIRA RS - SICREDI PIONEIRA RS;91.586.982;b3S;I;2;S4;9;NOVA PETROPOLIS;RS;03/2022;1.908.978;1.332;99.054;276.913;440.647;169.821;152.857;0;1.140.624;210;29.721;74.667;142.749;56.803;30.786;0;334.936;691;17.930;31.076;501;0;0;0;50.198;444;22.018;1.196;0;0;0;0;23.658;0;0;0;0;0;0;0;0;2.566;41.738;67.124;105.891;68.806;70.932;0;357.056;0;132;387;146;0;0;0;665;0;780;1.061;0;0;0;0;1.841;0;0;0;0;0;0;0;0;0
COOPERATIVA DE CRÉDITO DE LIVRE ADMISSÃO CENTRO BRASILEIRA LTDA.;37.395.399;b3S;I;2;S5;9;GOIANIA;GO;03/2022;1.895.317;9.089;108.091;296.647;613.522;264.038;242.850;16;1.534.254;398;13.083;36.866;84.904;30.277;29.459;4;194.992;3.623;26.659;249;282;0;0;3;30.815;3.386;43.765;5.531;0;0;0;0;52.682;0;0;0;0;0;0;0;0;5.748;1.663;2.240;3.150;931;1.290;826;15.847;0;0;0;0;0;0;0;0;0;19.189;21.337;25.135;1.068;0;0;66.728;0;0;0;0;0;0;0;0;0
BANCO RODOBENS S.A.;33.603.457;b1;I;2;S4;8;SAO PAULO;SP;03/2022;1.810.993;6.208;1.846;63.368;15.216;260;281;0;87.181;26.825;143.636;332.576;698.107;156.325;790;0;1.358.259;0;0;9.522;0;0;0;0;9.522;0;0;7.620;0;0;0;0;7.620;0;550;1.562;3.376;1.728;50;0;7.266;15.898;5.210;5.128;1.802;1.193;5.025;5.019;39.275;847;25.209;71.599;139.677;64.454;84;0;301.870;0;0;0;0;0;0;0;0;0;0;0;0;0;0;0;0;0
BANCO TRIANGULO S.A.;17.351.180;b1;I;2;S4;8;UBERLANDIA;MG;03/2022;1.752.270;19.479;192.689;441.766;454.735;36.363;0;0;1.145.032;0;0;0;0;0;0;0;0;3.598;49.439;110.056;529;61;0;0;163.683;1.495;110.224;7.350;5;0;0;0;119.075;0;1.787;4.031;1.468;0;0;0;7.286;14.518;148.636;42.567;2.084;0;0;0;207.805;280;13.014;35.249;50.533;10.313;0;0;109.390;0;0;0;0;0;0;0;0;0;0;0;0;0;0;0;0;0
BMG;30.290;b1;C;2;S3;199;SAO PAULO;SP;03/2022;1.702.841;335;62.800;246.586;122.904;726;6.543;3.947;443.842;0;0;0;0;0;0;0;0;0;25.318;91;517.129;114.382;199.402;0;856.323;0;31.442;33.563;47.391;0;0;0;112.396;0;27.767;85.669;35.655;0;0;0;149.091;1.398;68.410;21.952;6.327;0;0;0;98.086;0;0;22.487;0;0;0;0;22.487;0;10.308;10.308;0;0;0;0;20.615;0;0;0;0;0;0;0;0;0
UNIPRIME DO BRASIL - COOPERATIVA DE CRÉDITO LTDA.;2.398.976;b3S;I;2;S4;9;LONDRINA;PR;03/2022;1.657.119;1.732;114.665;296.031;361.004;74.654;37.604;634;886.323;113;22.480;90.250;99.147;23.850;22.513;4.583;262.936;2.191;63.454;82.042;6.035;0;0;0;153.722;311;42.199;3.736;0;0;0;0;46.247;0;0;0;0;0;0;0;0;3.339;39.462;55.656;128.585;52.909;27.940;0;307.892;0;0;0;0;0;0;0;0;0;0;0;0;0;0;0;0;0;0;0;0;0;0;0;0;0
COOPERATIVA DE CRÉDITO DE LIVRE ADMISSÃO DO SUDOESTE DA AMAZÔNIA LTDA. - SICOOB CREDISUL.;3.632.872;b3S;I;2;S5;9;VILHENA;RO;03/2022;1.652.149;6.625;162.541;373.585;418.352;99.627;10.518;0;1.071.249;209;12.118;34.130;77.713;20.541;32;0;144.742;3.911;67.244;0;0;0;0;0;71.155;7.014;67.680;16.335;0;0;0;0;91.029;0;0;0;0;0;0;0;0;2.705;402;404;942;0;0;0;4.452;0;0;0;0;0;0;0;0;0;120.733;102.014;37.746;7.557;1.472;0;269.523;0;0;0;0;0;0;0;0;0
COOPERATIVA DE CRÉDITO LESTE CAPIXABA - SICOOB LESTE CAPIXABA;32.430.233;b3S;I;2;S5;9;LINHARES;ES;03/2022;1.583.353;6.472;132.965;371.914;390.585;132.331;27.460;30;1.061.759;420;28.493;81.699;179.080;77.323;18.799;0;385.814;1.486;14.047;2.508;0;0;0;0;18.042;880;54.142;4.411;0;0;0;0;59.434;0;0;0;0;0;0;0;0;1.575;980;139;309;186;205;0;3.394;0;0;0;0;0;0;0;0;342;6.633;45.192;2.384;252;109;0;54.911;0;0;0;0;0;0;0;0;0
BANCO LUSO BRASILEIRO S.A.;59.118.133;b1;I;2;S4;8;SAO PAULO;SP;03/2022;1.556.818;18.672;204.770;381.921;359.207;35.334;481;0;1.000.385;6.411;44.681;113.555;210.722;65.497;349;0;441.215;0;9.859;3.908;0;0;0;0;13.768;0;839;0;0;0;0;0;839;0;61.759;38.495;0;0;0;0;100.254;44;186;127;0;0;0;0;357;0;0;0;0;0;0;0;0;0;0;0;0;0;0;0;0;0;0;0;0;0;0;0;0;0
HP FINANCIAL SERVICES ARRENDAMENTO MERCANTIL S.A.;97.406.706;n1;I;3;S4;19;BARUERI;SP;03/2022;1.554.507;0;0;0;0;0;0;0;0;6.796;198.269;466.981;726.908;154.896;657;0;1.554.507;0;0;0;0;0;0;0;0;0;0;0;0;0;0;0;0;0;0;0;0;0;0;0;0;0;0;0;0;0;0;0;0;0;0;0;0;0;0;0;0;0;0;0;0;0;0;0;0;0;0;0;0;0;0;0;0;0
CENTRAL DAS COOPERATIVAS DE ECONOMIA E CREDITO DO ESTADO DE MINAS GERAIS LTDA. - SICOOB CENTRAL CECREMGE;309.024;b3C;I;2;S4;9;BELO HORIZONTE;MG;03/2022;1.509.753;4.989;151.229;700.991;642.829;9.551;0;0;1.509.589;0;0;0;0;0;0;0;0;0;0;0;0;0;0;0;0;0;0;0;0;0;0;0;0;0;0;0;0;0;0;0;0;0;0;0;0;0;0;164;164;0;0;0;0;0;0;0;0;0;0;0;0;0;0;0;0;0;0;0;0;0;0;0;0;0
COOPERATIVA DE CRÉDITO, POUPANÇA E INVESTIMENTO CAMPOS GERAIS - SICREDI CAMPOS GERAIS PR/SP;81.466.286;b3S;I;2;S4;9;PONTA GROSSA;PR;03/2022;1.488.865;2.582;125.251;255.802;401.435;75.416;16.714;0;877.200;133;12.899;37.350;55.451;12.415;1.306;0;119.554;2.393;57.261;72.489;79;0;0;0;132.222;979;88.921;8.744;0;0;0;0;98.644;0;0;0;0;0;0;0;0;5.905;141.326;49.883;28.826;11.550;5.515;0;243.005;2;403;1.196;468;0;0;0;2.069;0;7.093;5.289;633;674;2.482;0;16.172;0;0;0;0;0;0;0;0;0
COOPERATIVA DE CRÉDITO, POUPANÇA E INVESTIMENTO VALE DO PIQUIRI ABCD - SICREDI VALE DO PIQUIRI ABCD PR/SP;81.099.491;b3S;I;2;S4;9;PALOTINA;PR;03/2022;1.419.405;2.698;72.668;206.069;263.965;46.458;1.986;0;593.844;595;23.518;60.769;93.869;20.243;7.099;0;206.092;7.382;75.098;67.345;659;0;0;0;150.485;1.172;32.880;1.854;0;0;0;0;35.906;0;0;0;0;0;0;0;0;7.474;69.209;91.862;143.186;74.795;41.300;0;427.826;0;481;1.425;533;0;0;0;2.439;0;594;2.218;0;0;0;0;2.812;0;0;0;0;0;0;0;0;0
COOPERATIVA DE CRÉDITO SICOOB METROPOLITANO;3.459.850;b3S;I;2;S5;9;MARINGA;PR;03/2022;1.406.035;12.485;94.891;264.761;355.462;49.948;377;0;777.923;635;16.357;45.496;98.489;51.476;7.948;0;220.401;5.490;14.388;10.248;7;0;0;0;30.133;6.586;152.253;13.293;0;0;0;0;172.132;0;0;0;0;0;0;0;0;8.045;2.792;2.727;1.840;1.480;0;0;16.885;2;0;0;0;0;0;0;2;0;43.466;107.732;23.223;6.493;7.646;0;188.559;0;0;0;0;0;0;0;0;0
COOPERATIVA DE CRÉDITO, POUPANÇA E INVESTIMENTO UNIÃO PARANÁ/SÃO PAULO - SICREDI UNIÃO PR/SP;79.342.069;b3S;I;2;S4;9;MARINGA;PR;03/2022;1.357.073;2.398;86.483;228.334;302.571;50.329;10.856;0;680.972;184;27.114;68.316;76.674;30.732;231;0;203.251;2.818;39.907;67.520;411;0;0;0;110.656;809;42.163;4.416;0;0;0;0;47.388;0;0;0;0;0;0;0;0;5.939;75.540;68.986;90.605;42.150;21.663;0;304.884;25;491;1.439;644;0;0;0;2.599;0;35;1.165;4.438;1.455;230;0;7.324;0;0;0;0;0;0;0;0;0
COOPERATIVA DE CRÉDITO, POUPANÇA E INVESTIMENTO UNIÃO DE ESTADOS RIO GRANDE DO SUL, SANTA CATARINA E MINAS GERAIS - SICREDI UNIESTADOS;87.780.268;b3S;I;2;S4;9;ERECHIM;RS;03/2022;1.356.840;1.812;60.956;163.586;270.377;85.112;30.665;2;612.509;294;21.197;66.506;64.219;19.882;3.700;0;175.797;1.259;24.256;68.291;1.908;0;0;0;95.715;979;49.502;4.239;0;0;0;0;54.720;0;0;0;0;0;0;0;0;3.182;40.391;75.907;122.170;70.081;103.447;0;415.178;1;244;729;231;0;0;0;1.205;0;294;909;256;78;180;0;1.716;0;0;0;0;0;0;0;0;0
SOCIETE GENERALE;31.859;b1;C;3;S3;199;SAO PAULO;SP;03/2022;1.347.440;0;25.192;51.778;85.136;15.142;2;0;177.250;797;28.569;67.250;103.273;23.508;0;0;223.398;0;0;0;0;0;0;0;0;3.033;65.226;186.456;25.543;110;0;0;280.368;0;523.393;143.032;0;0;0;0;666.425;0;0;0;0;0;0;0;0;0;0;0;0;0;0;0;0;0;0;0;0;0;0;0;0;0;0;0;0;0;0;0;0;0
BADESUL DESENVOLVIMENTO S.A - AGÊNCIA DE FOMENTO/RS;2.885.855;n1;I;1;S4;30;PORTO ALEGRE;RS;03/2022;1.305.799;333;1.808;5.296;3.885;0;0;0;11.322;444;22.784;68.669;165.268;57.845;64.081;3.344;382.435;0;0;0;0;0;0;0;0;0;0;0;0;0;0;0;0;0;0;0;0;0;0;0;0;46;582;391;3.049;2.310;3.479;0;9.857;2.181;37.020;118.435;265.107;157.454;214.680;9.014;803.890;1.950;3.053;13.023;28.612;20.750;30.905;0;98.294;0;0;0;0;0;0;0;0;0
BANCO TOYOTA DO BRASIL S.A.;3.215.790;b2;I;3;S3;8;SAO PAULO;SP;03/2022;1.299.898;0;6.714;25.216;0;0;0;0;31.930;1.862;114.380;306.735;329.487;34.693;69;0;787.225;0;0;0;0;0;0;0;0;0;103.576;377.167;0;0;0;0;480.742;0;0;0;0;0;0;0;0;0;0;0;0;0;0;0;0;0;0;0;0;0;0;0;0;0;0;0;0;0;0;0;0;0;0;0;0;0;0;0;0;0
COOPERATIVA DE CRÉDITO, POUPANÇA E INVESTIMENTO OURO VERDE DO MATO GROSSO - SICREDI OURO VERDE MT;26.529.420;b3S;I;2;S4;9;LUCAS DO RIO VERDE;MT;03/2022;1.273.025;2.769;70.091;195.304;182.959;26.368;781;0;478.273;714;27.554;78.759;157.523;61.774;352;0;326.676;2.396;15.844;20.805;0;0;0;0;39.044;425;24.927;3.838;0;0;0;0;29.190;0;0;0;0;0;0;0;0;4.877;87.677;112.122;122.802;60.249;7.238;13;394.977;0;171;509;642;6;0;0;1.328;0;0;218;3.319;0;0;0;3.537;0;0;0;0;0;0;0;0;0
AGÊNCIA DE FOMENTO DO PARANÁ S.A.;3.584.906;n1;I;1;S4;30;CURITIBA;PR;03/2022;1.261.891;167;243;867;1.418;985;458;0;4.138;261;80.674;194.833;364.386;180.153;42.968;0;863.276;0;0;0;0;0;0;0;0;0;0;0;0;0;0;0;0;0;0;0;0;0;0;0;0;617;2.014;5.768;13.216;1.152;18;0;22.784;5.577;28.057;88.042;181.894;52.088;15.787;247;371.692;0;0;0;0;0;0;0;0;0;0;0;0;0;0;0;0;0
BANCO RANDON S.A.;11.476.673;b2;I;2;S4;8;CAXIAS DO SUL;RS;03/2022;1.244.970;61;588;1.798;3.155;161;0;0;5.763;265;14.906;40.641;49.234;3.618;0;0;108.665;0;0;0;0;0;0;0;0;36;588.007;20.567;6.028;0;0;0;614.638;0;0;0;0;0;0;0;0;0;19.029;245;849;781;0;0;20.903;1.830;44.337;126.152;231.667;88.882;2.133;0;495.001;0;0;0;0;0;0;0;0;0;0;0;0;0;0;0;0;0
COOPERATIVA DE CREDITO CREDICITRUS;54.037.916;b3S;I;2;S4;9;BEBEDOURO;SP;03/2022;1.232.033;6.040;90.895;185.962;284.794;119.569;86;0;687.345;439;19.643;45.416;92.417;26.890;586;0;185.392;4.855;19.789;21.756;152;0;0;0;46.552;3.779;127.233;23.882;0;0;0;0;154.893;0;0;0;0;0;0;0;0;3.173;1.608;10.841;32.019;5.390;0;0;53.031;0;0;0;0;0;0;0;0;0;34.747;52.382;14.933;2.757;0;0;104.819;0;0;0;0;0;0;0;0;0
COOPERATIVA DE CRÉDITO SUL-SERRANA DO ESPÍRITO SANTO;815.319;b3S;I;2;S5;9;VENDA NOVA DO IMIGRANTE;ES;03/2022;1.193.683;5.953;109.254;337.180;350.255;91.219;8.719;0;902.579;250;15.473;41.658;90.318;36.249;12.939;0;196.887;1.583;9.580;2.412;0;0;1;0;13.576;895;42.066;5.279;0;0;0;0;48.240;0;0;0;0;0;0;0;0;2.590;1.460;2.520;5.492;5.195;3.923;0;21.181;0;0;0;0;0;0;0;0;0;0;1.649;2.404;2.967;4.201;0;11.221;0;0;0;0;0;0;0;0;0
BANCO GM S.A.;59.274.605;b2;I;3;S3;8;SAO PAULO;SP;03/2022;1.143.563;0;0;0;0;0;0;0;0;2.342;290.418;203.885;258.060;19.217;124;0;774.045;0;0;0;0;0;0;0;0;0;10.345;303.698;0;0;0;0;314.043;0;0;0;0;0;0;0;0;0;12.484;23.904;17.540;1.546;0;0;55.475;0;0;0;0;0;0;0;0;0;0;0;0;0;0;0;0;0;0;0;0;0;0;0;0;0
BMW;51.420;n1;C;3;S4;197;SAO PAULO;SP;03/2022;1.089.778;0;0;0;0;0;0;0;0;1.922;68.941;230.196;279.985;12.765;9;0;593.818;0;0;0;0;0;0;0;0;0;133.469;362.491;0;0;0;0;495.960;0;0;0;0;0;0;0;0;0;0;0;0;0;0;0;0;0;0;0;0;0;0;0;0;0;0;0;0;0;0;0;0;0;0;0;0;0;0;0;0;0
COOPERATIVA DE CRÉDITO SUL DO ESPÍRITO SANTO - SICOOB SUL;32.467.086;b3S;I;2;S5;9;CACHOEIRO DE ITAPEMIRIM;ES;03/2022;1.048.668;6.670;101.777;231.030;225.448;46.088;784;0;611.796;122;24.082;71.576;149.216;59.453;22.911;0;327.359;2.783;17.970;2.756;2;0;0;0;23.512;923;46.375;4.308;0;0;0;0;51.607;0;0;0;0;0;0;0;0;2.812;2.929;5.952;15.199;5.252;0;0;32.145;0;0;0;0;0;0;0;0;0;833;1.115;300;0;0;0;2.248;0;0;0;0;0;0;0;0;0
COOPERATIVA DE CRÉDITO, POUPANÇA E INVESTIMENTO DO SUDOESTE MT/PA - SICREDI SUDOESTE MT/PA;32.995.755;b3S;I;2;S4;9;TANGARA DA SERRA;MT;03/2022;1.040.502;2.717;66.355;175.731;234.996;36.743;1.750;0;518.291;720;27.051;88.637;129.156;30.365;664;0;276.593;4.657;34.985;21.610;200;0;0;0;61.452;437;27.150;2.154;0;0;0;0;29.741;0;0;0;0;0;0;0;0;10.716;72.229;43.872;16.858;5.188;2.022;0;150.884;2;360;1.072;426;0;0;0;1.860;0;0;1.681;0;0;0;0;1.681;0;0;0;0;0;0;0;0;0
MERCANTIL DO BRASIL;20.152;b1;C;2;S3;199;BELO HORIZONTE;MG;03/2022;1.003.855;1.048;55.757;157.677;272.168;101.125;24.258;0;612.032;169;621;1.811;3.589;1.505;39;0;7.733;1.785;29.125;0;0;0;0;0;30.910;113;1.807;39;0;0;0;0;1.959;0;0;0;0;0;0;0;0;124.497;13.253;43.033;68.685;55.309;38.814;0;343.590;0;0;0;0;0;0;0;0;0;4.265;3.365;0;0;0;0;7.630;0;0;0;0;0;0;0;0;0
BOFA MERRILL LYNCH;51.255;b1;C;3;S3;199;SAO PAULO;SP;03/2022;979.521;0;10.493;100.198;91.749;0;0;0;202.439;0;0;0;0;0;0;0;0;0;83.751;38.730;0;0;0;0;122.481;0;17.991;1.760;0;0;0;0;19.752;0;0;0;0;0;0;0;0;0;3.743;210.982;225.125;195.000;0;0;634.849;0;0;0;0;0;0;0;0;0;0;0;0;0;0;0;0;0;0;0;0;0;0;0;0;0
BANCO TOPÁZIO S.A.;7.679.404;b1;I;3;S4;8;PORTO ALEGRE;RS;03/2022;972.928;6.055;19.349;34.316;22.317;1.772;1.268;0;85.077;0;0;0;0;0;0;0;0;2.757;1.274;7.522;14;0;0;0;11.567;0;0;0;0;0;0;0;0;0;0;0;0;0;0;0;0;0;876.257;27;0;0;0;0;876.284;0;0;0;0;0;0;0;0;0;0;0;0;0;0;0;0;0;0;0;0;0;0;0;0;0
COOPERATIVA DE CRÉDITO, POUPANÇA E INVESTIMENTO NORTE MATO-GROSSENSE E OESTE PARAENSE - SICREDI GRANDES RIOS MT/PA;37.442.605;b3S;I;2;S4;9;COLIDER;MT;03/2022;962.664;1.439;51.138;146.710;236.353;61.503;23.883;0;521.025;432;22.669;61.926;122.879;49.951;6.211;0;264.068;1.745;16.471;17.359;9;0;0;0;35.583;227;30.802;5.026;0;0;0;0;36.055;0;0;0;0;0;0;0;0;6.018;47.639;26.814;9.299;4.525;3.562;0;97.857;0;908;2.732;4.396;39;0;0;8.075;0;0;0;0;0;0;0;0;0;0;0;0;0;0;0;0;0
COOPERATIVA DE CRÉDITO, POUPANÇA E INVESTIMENTO DO NORTE E NORDESTE DE SANTA CATARINA - SICREDI NORTE SC;2.843.443;b3S;I;2;S4;9;JOINVILLE;SC;03/2022;923.284;1.366;72.345;199.969;319.679;69.667;13.284;0;676.309;54;8.367;23.808;39.755;11.821;2.596;0;86.400;2.253;19.213;30.531;1.075;0;0;0;53.073;211;13.970;688;0;0;0;0;14.868;0;0;0;0;0;0;0;0;2.356;32.567;18.532;18.931;7.808;5.471;0;85.665;35;1.190;3.500;1.545;0;0;0;6.269;0;407;0;99;96;96;0;699;0;0;0;0;0;0;0;0;0
AGÊNCIA DE FOMENTO DO ESTADO DE SANTA CATARINA S.A.-BADESC;82.937.293;n1;I;1;S4;30;FLORIANOPOLIS;SC;03/2022;909.779;0;0;0;0;0;0;0;0;936;43.886;115.745;184.529;78.814;39.679;1.419;465.008;0;0;0;0;0;0;0;0;0;0;0;0;0;0;0;0;0;0;0;0;0;0;0;0;0;207;607;1.282;0;0;0;2.096;1.274;19.015;76.156;197.897;86.101;46.768;2.855;430.066;0;0;9.000;3.579;30;0;0;12.609;0;0;0;0;0;0;0;0;0
COOPERATIVA DE CRÉDITO DO VALE DO ITAJAÍ E LITORAL CATARINENSE - SICREDI VALE LITORAL SC;10.348.181;b3S;I;2;S4;9;ITAPEMA;SC;03/2022;908.785;1.901;45.135;120.802;188.407;49.738;11.314;0;417.298;346;14.216;40.631;80.247;28.115;11.080;0;174.635;1.923;43.463;73.162;7.672;0;0;0;126.220;2.482;50.942;8.950;0;0;0;0;62.374;0;0;0;0;0;0;0;0;2.675;33.042;31.827;26.482;14.935;15.316;0;124.276;0;634;1.858;1.069;0;0;0;3.561;0;0;53;105;105;157;0;420;0;0;0;0;0;0;0;0;0
COOPERATIVA DE CRÉDITO SICOOB ENGECRED LTDA.;4.388.688;b3S;I;2;S5;9;GOIANIA;GO;03/2022;892.061;1.818;76.399;229.973;273.298;58.510;33.068;478;673.545;255;3.601;13.241;19.701;4.506;52;0;41.356;1.156;10.954;2.741;19;0;0;0;14.870;0;1.525;28;0;0;0;0;1.553;0;0;0;0;0;0;0;0;497;5.882;313;1.445;946;2.964;0;12.048;0;0;0;0;0;0;0;0;0;25.951;82.846;39.894;0;0;0;148.690;0;0;0;0;0;0;0;0;0
COOPERATIVA DE CRÉDITO DE LIVRE ADMISSÃO DE ASSOCIADOS SÃO MIGUEL DO OESTE - SICOOB SÃO MIGUEL SC/PR/RS;81.607.046;b3S;I;2;S5;9;SAO MIGUEL D'OESTE;SC;03/2022;848.382;1.654;80.551;137.655;182.699;24.255;9.557;0;436.371;201;13.536;38.512;98.042;66.099;39.403;0;255.793;443;15.064;452;1;0;0;0;15.960;646;35.979;4.668;1;0;0;0;41.293;0;0;0;0;0;0;0;0;614;411;17.629;1.897;518;428;0;21.497;0;1;0;0;0;0;0;1;0;12.928;53.194;3.020;2.770;5.555;0;77.467;0;0;0;0;0;0;0;0;0
GRUPO BONSUCESSO - BS2;52.034;b1;C;2;S3;199;BELO HORIZONTE;MG;03/2022;847.928;1.018;103.535;130.291;125.006;21.212;0;0;381.062;0;59;159;423;194;0;0;835;0;2.624;13.499;0;0;0;0;16.124;725;62.258;33.068;0;0;0;309.598;405.650;0;0;2.470;0;0;0;0;2.470;0;357;0;0;0;0;0;357;110;5.730;13.891;20.139;1.561;0;0;41.431;0;0;0;0;0;0;0;0;0;0;0;0;0;0;0;0;0
COOPERATIVA DE CRÉDITO DE LIVRE ADMISSÃO DA ZONA DA MATA LTDA   SICOOB COOPEMATA;2.335.109;b3S;I;2;S5;9;CATAGUASES;MG;03/2022;846.370;1.652;71.066;183.138;317.187;79.506;8.439;0;660.988;92;6.472;18.362;40.158;10.105;1;0;75.190;938;38.707;0;0;0;0;0;39.645;331;48.482;3.949;0;0;0;0;52.761;0;0;0;0;0;0;0;0;393;255;526;1.210;1.121;0;0;3.504;0;0;0;0;0;0;0;0;0;0;4.452;9.830;0;0;0;14.282;0;0;0;0;0;0;0;0;0
COOPERATIVA DE CRÉDITO UNICRED VALOR CAPITAL LTDA - UNICRED VALOR CAPITAL;74.064.502;b3S;I;2;S5;9;FLORIANOPOLIS;SC;03/2022;841.399;1.501;34.921;125.011;218.840;126.601;55.137;3.189;565.201;53;11.626;31.386;69.545;44.587;24.840;0;182.037;209;31.910;49.214;0;0;0;0;81.333;1.462;10.198;222;0;0;0;0;11.883;0;0;0;0;0;0;0;0;225;138;134;257;191;0;0;946;0;0;0;0;0;0;0;0;0;0;0;0;0;0;0;0;0;0;0;0;0;0;0;0;0
COOPERATIVA DE CRÉDITO, POUPANÇA E INVESTIMENTO DE LAJEADO - SICREDI INTEGRAÇÃO RS/MG;91.159.764;b3S;I;2;S4;9;LAJEADO;RS;03/2022;824.428;1.133;30.080;85.522;145.906;50.224;27.785;0;340.650;110;20.027;54.008;98.111;28.092;9.134;0;209.482;392;22.562;29.424;624;0;0;0;53.002;155;25.530;1.985;0;0;0;0;27.670;0;0;0;0;0;0;0;0;832;19.578;29.494;55.112;38.516;44.946;0;188.478;0;180;536;163;0;0;0;879;0;4.267;0;0;0;0;0;4.267;0;0;0;0;0;0;0;0;0
COOPERATIVA DE CRÉDITO, POUPANÇA E INVESTIMENTO DA REGIÃO DA PRODUÇÃO - SICREDI REGIÃO DA PRODUÇÃO RS/SC/MG;89.468.565;b3S;I;2;S4;9;SARANDI;RS;03/2022;815.690;951;39.275;102.419;161.198;56.568;43.609;0;404.021;141;7.274;20.599;38.903;10.790;1.556;0;79.263;3.005;42.980;44.530;1.058;0;0;0;91.574;267;28.596;4.232;0;0;0;0;33.094;0;0;0;0;0;0;0;0;2.235;22.608;79.334;48.850;27.425;23.812;5;204.271;5;224;670;400;2;0;0;1.301;0;686;1.142;85;84;169;0;2.167;0;0;0;0;0;0;0;0;0
COOPERATIVA DE CRÉDITO, POUPANÇA E INVESTIMENTO DA REGIÃO DOS VALES - SICREDI REGIÃO DOS VALES RS;89.126.130;b3S;I;2;S4;9;ENCANTADO;RS;03/2022;806.184;391;57.301;98.233;201.221;111.936;67.997;868;537.948;74;6.260;15.958;34.129;17.876;11.399;0;85.696;311;23.787;32.997;28.917;0;0;0;86.012;40;24.799;1.386;0;0;0;0;26.225;0;0;0;0;0;0;0;0;574;7.923;12.854;16.659;12.939;15.331;14;66.294;0;369;1.088;481;0;0;0;1.938;0;0;2.071;0;0;0;0;2.071;0;0;0;0;0;0;0;0;0
COOPERATIVA DE CRÉDITO DE EMPRESÁRIOS - SICOOB/TRANSCREDI;4.247.370;b3S;I;2;S5;9;CONCORDIA;SC;03/2022;795.000;1.101;48.763;136.705;127.980;32.327;8.757;0;355.633;93;30.996;85.282;190.049;85.196;6.945;0;398.561;334;2.430;5.295;0;0;0;0;8.058;218;29.795;2.175;0;0;0;0;32.187;0;0;0;0;0;0;0;0;68;101;86;156;5;0;0;415;0;26;65;53;1;0;0;146;0;0;0;0;0;0;0;0;0;0;0;0;0;0;0;0;0
COOPERATIVA DE CRÉDITO, POUPANÇA E INVESTIMENTO SUL RIOGRANDENSE - SICREDI UNIÃO METROPOLITANA RS;92.796.564;b3S;I;2;S4;9;PORTO ALEGRE;RS;03/2022;791.427;851;38.882;106.645;157.511;28.608;5.820;0;338.316;47;8.442;24.538;47.043;21.988;14.153;0;116.210;986;14.050;25.521;118;0;0;0;40.675;400;22.222;3.585;0;0;0;0;26.207;0;0;0;0;0;0;0;0;3.071;29.643;42.801;82.842;50.159;59.944;0;268.460;2;280;828;375;0;0;0;1.485;0;0;15;30;30;0;0;74;0;0;0;0;0;0;0;0;0
COOPERATIVA DE CRÉDITO, POUPANÇA E INVESTIMENTO FRONTEIRAS DO PARANÁ, SANTA CATARINA E SÃO PAULO - SICREDI FRONTEIRAS PR/SC/SP;82.527.557;b3S;I;2;S4;9;CAPANEMA;PR;03/2022;791.342;1.119;50.606;126.444;196.003;52.658;11.604;0;438.432;75;8.228;19.100;31.179;10.833;1.885;0;71.299;803;25.575;15.111;0;0;0;0;41.489;287;42.476;3.228;0;0;0;0;45.991;0;0;0;0;0;0;0;0;1.855;25.000;37.067;65.669;33.826;18.686;0;182.103;0;348;1.032;309;0;0;0;1.689;0;0;10.208;29;29;73;0;10.339;0;0;0;0;0;0;0;0;0
COOPERATIVA DE CRÉDITO, POUPANÇA E INVESTIMENTO UNIÃO DOS ESTADOS DE MATO GROSSO DO SUL, TOCANTINS E OESTE DA BAHIA - SICREDI UNIÃO MS/TO;24.654.881;b3S;I;2;S4;9;CAMPO GRANDE;MS;03/2022;782.384;1.763;59.908;133.439;125.847;17.758;1.091;0;339.805;88;13.441;38.908;69.120;20.995;215;0;142.768;3.721;41.610;66.933;84;0;0;0;112.348;772;43.113;6.771;0;0;0;0;50.656;0;0;0;0;0;0;0;0;6.808;52.516;36.588;24.998;11.765;261;0;132.936;1;743;2.227;899;0;0;0;3.871;0;0;0;0;0;0;0;0;0;0;0;0;0;0;0;0;0
COOPERATIVA DE CRÉDITO, POUPANÇA E INVESTIMENTO ALTO URUGUAI - SICREDI ALTO URUGUAI RS/SC/MG;87.733.770;b3S;I;2;S4;9;RODEIO BONITO;RS;03/2022;777.760;903;49.938;121.358;190.316;61.098;21.775;0;445.388;29;8.344;20.184;23.712;10.238;5.428;0;67.935;1.492;20.843;46.161;2.139;0;0;0;70.636;834;39.372;6.871;1;0;0;0;47.077;0;0;0;0;0;0;0;0;2.583;20.524;33.467;44.446;23.523;14.633;0;139.176;0;0;0;0;0;0;0;0;0;93;7.127;86;86;155;0;7.548;0;0;0;0;0;0;0;0;0
MODAL;51.963;b1;C;2;S4;199;RIO DE JANEIRO;RJ;03/2022;775.946;0;47.546;357.790;128.380;236.300;16;0;770.031;0;0;0;0;0;0;0;0;0;0;0;0;0;0;0;0;0;0;0;0;0;0;0;0;0;0;0;0;0;0;0;0;0;0;4.175;0;1.740;0;0;5.915;0;0;0;0;0;0;0;0;0;0;0;0;0;0;0;0;0;0;0;0;0;0;0;0;0
COOPERATIVA DE CRÉDITO, POUPANÇA E INVESTIMENTO DO CENTRO SUL DO MATO GROSSO DO SUL - SICREDI CENTRO-SUL MS;26.408.161;b3S;I;2;S4;9;DOURADOS;MS;03/2022;772.170;610;47.042;74.051;71.465;11.735;7.028;0;211.931;209;16.278;40.107;78.817;31.215;3.651;0;170.277;2.080;50.009;93.532;206;0;0;0;145.826;287;27.357;2.618;0;0;0;0;30.262;0;0;0;0;0;0;0;0;3.167;56.207;39.102;52.387;30.448;28.311;0;209.623;0;194;581;181;0;0;0;956;0;1.246;2.049;0;0;0;0;3.294;0;0;0;0;0;0;0;0;0
COOPERATIVA DE CRÉDITO DE LIVRE ADMISSÃO DA REGIÃO CENTRAL E OESTE MINEIRO LTDA. - SICOOB DIVICRED;1.736.516;b3S;I;2;S5;9;DIVINOPOLIS;MG;03/2022;718.362;890;63.775;167.140;288.967;118.642;32.188;0;671.602;30;2.580;6.740;10.267;499;0;0;20.116;412;2.458;1.998;0;0;0;0;4.869;0;19.127;1.766;0;0;0;0;20.892;0;0;0;0;0;0;0;0;247;167;193;275;0;0;0;882;0;0;0;0;0;0;0;0;0;0;0;0;0;0;0;0;0;0;0;0;0;0;0;0;0
COOPERATIVA DE CRÉDITO, POUPANÇA E INVESTIMENTO OURO BRANCO - SICREDI OURO BRANCO RS;87.853.206;b3S;I;2;S4;9;TEUTONIA;RS;03/2022;715.591;395;38.509;103.880;164.928;64.740;52.854;0;425.307;89;9.783;29.395;53.652;27.420;13.265;0;133.604;463;11.835;24.768;201;0;0;0;37.267;96;12.926;883;0;0;0;0;13.905;0;0;0;0;0;0;0;0;1.092;15.873;20.131;26.807;15.927;17.906;1;97.737;7;506;1.482;694;0;0;0;2.689;0;423;4.219;106;108;228;0;5.083;0;0;0;0;0;0;0;0;0
BANCO GUANABARA S.A.;31.880.826;b1;I;2;S4;8;RIO DE JANEIRO;RJ;03/2022;714.355;8.341;89.493;204.898;192.525;17.755;0;0;513.013;1.448;22.812;60.150;98.953;3.999;0;0;187.361;0;3.550;5.718;0;0;0;0;9.268;0;3.538;0;0;0;0;0;3.538;0;0;0;0;0;0;0;0;0;105;218;748;104;0;0;1.176;0;0;0;0;0;0;0;0;0;0;0;0;0;0;0;0;0;0;0;0;0;0;0;0;0
BANCO DO ESTADO DE SERGIPE S.A.;13.009.717;b1;I;1;S4;8;ARACAJU;SE;03/2022;713.704;9.771;63.000;146.449;165.694;18.359;2.989;0;406.263;883;4.286;10.941;24.712;15.441;22.641;0;78.903;9.912;9.061;14.062;0;0;0;0;33.035;0;782;0;0;0;0;0;782;0;0;0;0;0;0;0;0;3.673;6.449;28.948;57.576;24.849;9.596;163;131.255;196;926;2.304;5.422;2.113;0;0;10.961;0;0;0;0;0;0;0;0;71;710;2.272;12.394;11.919;18.956;6.182;52.504;0
COOPERATIVA DE CREDITO CREDIROCHAS - SICOOB CREDIROCHAS;3.358.914;b3S;I;2;S5;9;CACHOEIRO DE ITAPEMIRIM;ES;03/2022;702.318;3.261;45.511;133.561;184.119;52.552;9.050;0;428.053;283;13.646;39.084;89.492;33.673;10.780;0;186.959;1.982;13.882;2.378;22;0;0;0;18.263;1.466;51.100;4.391;0;0;0;0;56.957;0;0;0;0;0;0;0;0;1.283;926;496;1.046;734;864;0;5.348;0;0;0;0;0;0;0;0;0;128;128;1.312;2.068;3.102;0;6.737;0;0;0;0;0;0;0;0;0
COOPERATIVA DE CRÉDITO, POUPANÇA E INVESTIMENTO VALE DO CERRADO - SICREDI VALE DO CERRADO;32.983.165;b3S;I;2;S4;9;CAMPO VERDE;MT;03/2022;700.844;5.522;30.733;87.763;94.156;25.771;4.687;69;248.701;3.409;30.300;47.148;92.015;32.609;7.649;0;213.130;3.430;18.337;20.756;0;0;0;0;42.523;4.020;45.459;12.015;0;0;0;0;61.493;0;0;0;0;0;0;0;0;7.885;26.813;29.143;34.721;17.435;18.746;0;134.744;0;50;149;56;0;0;0;254;0;0;0;0;0;0;0;0;0;0;0;0;0;0;0;0;0
BANCO MONEO S.A.;7.441.209;b2;I;2;S4;8;CAXIAS DO SUL;RS;03/2022;690.151;0;0;0;0;0;0;0;0;660;11.290;21.867;36.468;7.397;112;0;77.794;0;0;0;0;0;0;0;0;0;15.176;0;0;0;0;0;15.176;0;0;0;0;0;0;0;0;4.325;35.114;31.272;45.889;7.160;859;0;124.619;4.338;49.450;129.914;221.552;65.027;2.281;0;472.561;0;0;0;0;0;0;0;0;0;0;0;0;0;0;0;0;0
COOPERATIVA DE CRÉDITO, POUPANÇA E INVESTIMENTO UNIÃO - SICREDI UNIAO RS/ES;88.894.548;b3S;I;2;S4;9;CERRO LARGO;RS;03/2022;685.672;453;33.590;90.268;102.852;17.913;7.112;0;252.187;145;9.033;25.464;45.733;16.308;2.330;0;99.013;576;14.403;63.179;6.991;0;0;0;85.148;82;21.986;1.813;0;0;0;0;23.881;0;0;0;0;0;0;0;0;1.261;33.236;35.230;66.221;36.874;38.523;7;211.351;6;585;1.736;825;0;0;0;3.152;0;4.013;6.308;500;105;14;0;10.940;0;0;0;0;0;0;0;0;0
COOPERATIVA DE CRÉDITO, POUPANÇA E INVESTIMENTO DAS REGIÕES CENTRO DO RS E MG - SICREDI REGIÃO CENTRO RS/MG;95.594.941;b3S;I;2;S4;9;SANTA MARIA;RS;03/2022;676.736;488;37.638;91.643;90.585;16.101;4.885;0;241.341;111;12.321;39.314;64.306;20.506;1.401;0;137.959;569;11.720;40.929;2.982;0;0;0;56.200;383;8.965;610;0;0;0;0;9.958;0;0;0;0;0;0;0;0;1.409;20.718;36.452;65.434;41.736;63.279;0;229.029;0;131;391;184;0;0;0;705;0;1.546;0;0;0;0;0;1.546;0;0;0;0;0;0;0;0;0
BANCO PAULISTA S.A.;61.820.817;b1;I;2;S4;8;SAO PAULO;SP;03/2022;674.746;261;119.880;157.762;73.911;2.222;0;0;354.036;0;0;0;0;0;0;0;0;0;12.551;13.571;0;0;0;0;26.122;0;118.255;4.951;3.482;972;0;0;127.661;0;44.575;43.260;40.480;7.836;0;0;136.151;101;3;0;0;0;0;0;103;0;0;0;0;0;0;0;0;0;0;12.671;18.002;0;0;0;30.673;0;0;0;0;0;0;0;0;0
CARUANA S.A. - SOCIEDADE DE CRÉDITO, FINANCIAMENTO E INVESTIMENTO;9.313.766;n1;I;2;S4;14;SAO PAULO;SP;03/2022;664.139;10.998;63.049;141.599;196.272;48.663;5.579;0;466.161;2.820;20.093;50.471;84.976;17.912;26;0;176.298;817;5.829;1.153;0;0;0;0;7.799;0;1.327;3.706;6.329;2.151;368;0;13.882;0;0;0;0;0;0;0;0;0;0;0;0;0;0;0;0;0;0;0;0;0;0;0;0;0;0;0;0;0;0;0;0;0;0;0;0;0;0;0;0;0
RENDIMENTO;51.468;b1;C;2;S4;199;SAO PAULO;SP;03/2022;659.903;14.569;80.318;155.637;94.127;0;0;0;344.651;0;0;0;0;0;0;0;0;0;21.907;63.023;0;0;0;0;84.930;38;80.914;10.490;0;0;0;0;91.442;0;33.476;10.810;0;0;0;0;44.285;325;28;67;51;5;0;0;476;17;16.275;42.779;34.723;324;0;0;94.119;0;0;0;0;0;0;0;0;0;0;0;0;0;0;0;0;0
COOPERATIVA DE CRÉDITO ALIANÇA RS/SC/ES - SICREDI ALIANÇA RS/SC/ES;87.795.639;b3S;I;2;S4;9;MARAU;RS;03/2022;659.174;962;44.484;117.738;186.348;40.859;5.933;0;396.324;51;7.236;19.191;36.452;13.412;7.015;0;83.357;928;10.275;22.856;315;0;0;0;34.375;165;12.878;1.205;0;0;0;0;14.249;0;0;0;0;0;0;0;0;1.884;22.093;24.735;38.378;20.087;18.476;32;125.684;0;275;818;256;0;0;0;1.349;0;797;1.548;364;360;767;0;3.836;0;0;0;0;0;0;0;0;0
COOPERATIVA DE CRÉDITO COOPERMAIS - SICOOB COOPERMAIS;31.804.966;b3S;I;2;S5;9;SANTA MARIA DE JETIBA;ES;03/2022;654.376;4.155;52.325;185.523;185.662;34.942;3.406;0;466.013;87;10.924;29.423;61.139;28.681;10.437;0;140.692;937;6.019;1.567;0;0;0;0;8.523;86;13.741;827;0;0;0;0;14.654;0;0;0;0;0;0;0;0;1.466;520;1.938;5.668;600;0;0;10.191;0;0;0;0;0;0;0;0;0;1.241;10.532;2.409;120;0;0;14.302;0;0;0;0;0;0;0;0;0
COOPERATIVA DE CRÉDITO DE LIVRE ADMISSÃO DO MÉDIO PIRACICABA E DO CIRCUITO DO OURO LTDA. - SICOOB CREDIMEPI;1.644.264;b3S;I;2;S5;9;JOAO MONLEVADE;MG;03/2022;644.004;894;61.008;139.705;169.508;59.569;41.771;0;472.455;31;15.086;41.464;75.818;11.243;2.903;0;146.545;431;2.553;6.869;16;0;0;0;9.869;169;11.881;731;0;0;0;0;12.782;0;0;0;0;0;0;0;0;313;161;30;81;78;149;0;812;0;0;0;0;0;0;0;0;0;0;0;1.542;0;0;0;1.542;0;0;0;0;0;0;0;0;0
COOPERATIVA DE CRÉDITO DE CASCAVEL E REGIÃO - SICOOB CREDICAPITAL;4.529.074;b3S;I;2;S5;9;CASCAVEL;PR;03/2022;628.678;2.694;49.254;110.343;220.175;44.039;3.875;0;430.379;97;4.031;10.676;21.106;7.850;915;0;44.675;1.386;17.628;5;0;0;0;0;19.019;2.446;60.365;5.054;0;0;0;0;67.865;0;0;0;0;0;0;0;0;3.398;888;259;975;956;1.785;0;8.261;0;0;0;0;0;0;0;0;0;17.125;32.939;8.306;79;30;0;58.480;0;0;0;0;0;0;0;0;0
COOPERATIVA DE CRÉDITO E INVESTIMENTO DE LIVRE ADMISSÃO AGROEMPRESARIAL - SICREDI AGROEMPRESARIAL PR/SP;79.457.883;b3S;I;2;S4;9;MANDAGUARI;PR;03/2022;624.453;1.352;46.443;122.655;181.457;40.413;8;0;392.327;59;9.379;26.368;46.362;11.811;74;0;94.054;1.616;31.202;14.166;0;0;0;0;46.984;317;32.820;2.873;0;0;0;0;36.009;0;0;0;0;0;0;0;0;1.887;20.034;21.217;7.587;1.688;1.069;603;54.085;5;120;361;118;0;0;0;604;0;16;147;121;106;0;0;390;0;0;0;0;0;0;0;0;0
COOPERATIVA DE CRÉDITO, POUPANÇA E INVESTIMENTO DO SUL DO ESTADO DE SANTA CATARINA - SICREDI SUL SC;3.793.242;b3S;I;2;S4;9;CRICIUMA;SC;03/2022;620.748;1.614;36.088;90.892;134.121;28.445;1.690;0;292.849;63;9.311;25.992;39.257;12.206;716;0;87.545;2.250;16.369;20.611;3.505;0;0;0;42.734;859;60.547;4.946;0;0;0;0;66.352;0;0;0;0;0;0;0;0;2.198;22.318;37.835;44.621;16.811;5.989;564;130.336;0;176;525;151;0;0;0;853;0;40;40;0;0;0;0;79;0;0;0;0;0;0;0;0;0
COOPERATIVA DE CRÉDITO, POUPANÇA E INVESTIMENTO SORRISO - SICREDI CELEIRO MT/RR;26.555.235;b3S;I;2;S4;9;SORRISO;MT;03/2022;620.645;985;29.619;90.461;103.041;8.597;448;0;233.151;320;19.099;52.319;95.241;29.622;112;0;196.712;815;14.464;11.194;20;0;0;0;26.494;123;21.305;2.137;0;0;0;0;23.565;0;0;0;0;0;0;0;0;3.029;43.026;39.390;36.400;10.773;6.493;0;139.111;8;316;892;396;1;0;0;1.613;0;0;0;0;0;0;0;0;0;0;0;0;0;0;0;0;0
VOITER;50.531;b1;C;2;S4;199;SAO PAULO;SP;03/2022;619.979;31;29.057;86.484;26.003;16.508;0;0;158.083;0;0;0;0;0;0;0;0;0;0;0;0;0;0;0;0;0;120.751;21.171;21.822;4.928;0;0;168.672;0;81.385;75.865;25.190;0;0;0;182.440;0;4.857;40.386;33.486;23.771;8.107;0;110.608;0;98;73;4;0;0;0;175;0;0;0;0;0;0;0;0;0;0;0;0;0;0;0;0;0
CREFISA;52.010;b1;C;2;S4;199;SAO PAULO;SP;03/2022;618.506;237;9.370;5.203;1.771;8;0;0;16.588;0;0;0;0;0;0;0;0;0;0;0;0;0;0;0;0;6;436.942;36.599;8.156;5.036;0;0;486.739;0;0;0;0;0;0;0;0;0;180;15.497;99.502;0;0;0;115.179;0;0;0;0;0;0;0;0;0;0;0;0;0;0;0;0;0;0;0;0;0;0;0;0;0
COOPERATIVA DE CREDITO, POUPANCA E INVESTIMENTO IGUACU - SICREDI IGUACU PR/SC/SP;84.974.278;b3S;I;2;S4;9;SAO JOAO;PR;03/2022;606.860;452;38.557;90.769;141.158;35.185;10.069;0;316.190;32;17.542;21.716;32.623;11.987;2.030;0;85.929;610;22.412;50.113;3.529;0;0;0;76.664;258;27.691;2.962;0;0;0;0;30.912;0;0;0;0;0;0;0;0;1.225;18.345;23.111;32.306;13.676;7.288;0;95.950;0;155;460;162;1;0;0;778;0;0;92;172;172;0;0;436;0;0;0;0;0;0;0;0;0
COOPERATIVA DE CREDITO, POUPANÇA E INVESTIMENTO ALIANÇA - SICREDI ALIANÇA PR/SP;79.052.122;b3S;I;2;S4;9;MARECHAL CANDIDO RONDON;PR;03/2022;603.555;552;38.860;86.035;116.190;20.492;7.766;0;269.894;171;8.793;24.348;48.318;17.668;932;0;100.229;979;26.483;22.999;0;0;0;0;50.461;165;31.333;6.680;0;0;0;0;38.178;0;0;0;0;0;0;0;0;2.397;23.676;29.670;45.485;20.980;21.278;0;143.486;7;264;792;243;0;0;0;1.306;0;0;0;0;0;0;0;0;0;0;0;0;0;0;0;0;0
COOPERATIVA DE CRÉDITO DE LIVRE ADMISSÃO DE ASSOCIADOS DO VALE DO CANOINHAS - SICOOB CREDICANOINHAS/SC;78.834.975;b3S;I;2;S5;9;CANOINHAS;SC;03/2022;601.785;2.759;74.333;117.855;155.155;41.699;5.558;0;397.360;152;6.012;16.211;36.650;16.781;7.750;0;83.555;1.489;8.088;6.851;0;0;0;0;16.428;1.421;38.440;3.431;0;0;0;0;43.292;0;0;0;0;0;0;0;0;1.977;19.947;6.240;11.738;1.299;858;0;42.058;0;0;0;0;0;0;0;0;0;13.510;5.265;105;105;105;0;19.091;0;0;0;0;0;0;0;0;0
CHG-MERIDIAN DO BRASIL ARRENDAMENTO MERCANTIL S.A.;18.539.102;n1;I;3;S4;19;BARUERI;SP;03/2022;593.157;0;0;0;0;0;0;0;0;4.614;72.644;171.772;284.886;59.054;186;0;593.157;0;0;0;0;0;0;0;0;0;0;0;0;0;0;0;0;0;0;0;0;0;0;0;0;0;0;0;0;0;0;0;0;0;0;0;0;0;0;0;0;0;0;0;0;0;0;0;0;0;0;0;0;0;0;0;0;0
HAITONG;51.482;b2;C;3;S3;198;SAO PAULO;SP;03/2022;589.718;5.464;7.081;8.544;28.315;5.815;14.536;0;69.754;0;0;0;0;0;0;0;0;0;0;0;0;0;0;0;0;0;0;0;0;0;0;0;0;0;18.700;59.894;111.786;18.333;0;0;208.713;0;0;0;0;0;0;0;0;0;2.797;19.041;36.095;8.889;76.256;89.064;232.142;0;0;0;0;0;0;0;0;0;0;0;0;0;0;0;0;79.109
COOPERATIVA DE CRÉDITO SICOOB OURO VERDE;5.582.619;b3S;I;2;S5;9;LONDRINA;PR;03/2022;588.959;7.070;53.860;147.107;185.553;34.554;3.091;0;431.235;94;1.049;2.612;3.728;486;2;0;7.972;4.647;6.742;11.317;2;0;0;0;22.709;2.205;31.741;2.939;0;0;0;0;36.885;0;0;0;0;0;0;0;0;5.886;534;2.147;1.418;1.260;4.729;0;15.974;0;0;0;0;0;0;0;0;0;5.082;64.639;1.390;1.299;1.775;0;74.184;0;0;0;0;0;0;0;0;0
COOPERATIVA DE CRÉDITO DE LIVRE ADMISSÃO DO CENTRO NORTE GOIANO;2.282.709;b3S;I;2;S5;9;ANAPOLIS;GO;03/2022;588.353;4.718;54.153;132.682;177.261;35.530;3.790;0;408.133;153;5.969;15.697;36.052;16.065;2.606;0;76.542;2.961;15.839;1.082;11;0;1;0;19.894;3.297;54.251;10.087;0;0;0;0;67.635;0;0;0;0;0;0;0;0;4.042;215;310;804;419;0;0;5.790;0;0;0;0;0;0;0;0;0;3.503;0;4.356;2.500;0;0;10.358;0;0;0;0;0;0;0;0;0
COOPERATIVA DE CRÉDITO DOS EMPRESÁRIOS E EMPREGADOS DOS TRANSPORTES E CORREIOS DO SUL DO BRASIL - TRANSPOCRED;8.075.352;b3S;I;2;S5;9;FLORIANOPOLIS;SC;03/2022;588.199;595;15.829;40.128;58.172;23.540;19.243;2.044;159.552;1.144;26.969;72.555;134.909;50.595;2.333;62;288.566;0;3.455;15.598;0;0;0;0;19.053;975;42.613;1.870;17;17;17;0;45.510;0;0;0;0;0;0;0;0;1.651;1.097;1.864;3.349;1.352;681;62;10.056;144;2.942;9.910;25.993;20.355;6.117;0;65.461;0;0;0;0;0;0;0;0;0;0;0;0;0;0;0;0;0
COOPERATIVA CENTRAL DE CRÉDITO - AILOS;5.463.212;b3C;I;2;S4;9;BLUMENAU;SC;03/2022;575.536;0;0;0;0;0;0;0;0;0;820;2.211;2.651;0;0;0;5.682;0;0;0;0;0;0;0;0;0;0;0;0;0;0;0;0;0;0;0;0;0;0;0;0;0;38.785;122.479;294.442;114.003;145;0;569.854;0;0;0;0;0;0;0;0;0;0;0;0;0;0;0;0;0;0;0;0;0;0;0;0;0
COOPERATIVA DE CRÉDITO, POUPANÇA E INVESTIMENTO INTEGRAÇÃO DE ESTADOS DO RIO GRANDE DO SUL E SANTA CATARINA - SICREDI INTEGRAÇÃO DE ESTADOS RS/SC;87.781.530;b3S;I;2;S4;9;PASSO FUNDO;RS;03/2022;558.118;296;23.913;58.310;93.424;31.697;7.713;0;215.355;195;12.555;28.635;60.594;35.741;24.171;0;161.890;732;16.738;53.335;140;0;0;0;70.945;73;12.668;1.813;0;0;0;0;14.554;0;0;0;0;0;0;0;0;795;11.706;35.979;18.101;9.017;5.715;0;81.313;0;554;1.652;941;0;0;0;3.147;0;13;10.848;26;26;0;0;10.914;0;0;0;0;0;0;0;0;0
DESENBAHIA - AGENCIA DE FOMENTO DO ESTADO DA BAHIA S.A.;15.163.587;n1;I;1;S4;30;SALVADOR;BA;03/2022;534.063;140;4.140;10.943;24.480;8.302;0;0;48.005;0;12.601;30.358;75.915;60.911;33.756;0;213.542;0;0;0;0;0;0;0;0;0;0;0;0;0;0;0;0;0;0;0;0;0;0;0;0;0;33;60;283;283;401;0;1.060;4.440;8.705;27.505;63.017;36.298;44.923;17;184.903;0;576;75.051;1.668;2.376;6.881;0;86.553;0;0;0;0;0;0;0;0;0
COOPERATIVA DE CRÉDITO ARACOOP LTDA. - SICOOB ARACOOP;3.320.525;b3S;I;2;S5;9;ARAGUARI;MG;03/2022;531.042;4.037;37.334;108.038;165.208;42.105;883;0;357.606;78;5.637;15.166;33.471;9.622;150;0;64.124;567;7.115;7.665;0;0;0;0;15.347;207;48.595;3.635;0;0;0;0;52.437;0;0;0;0;0;0;0;0;904;467;603;1.367;689;0;0;4.030;0;0;0;0;0;0;0;0;0;4.327;18.602;6.790;3.572;4.208;0;37.499;0;0;0;0;0;0;0;0;0
COOPERATIVA DE CRÉDITO DE LIVRE ADMISSÃO DE ASSOCIADOS DO ALTO URUGUAI CATARINENSE - SICOOB CREDIAUC;78.840.071;b3S;I;2;S5;9;CONCORDIA;SC;03/2022;527.270;1.137;31.141;81.613;122.245;52.333;41.925;0;330.394;297;8.482;21.843;54.790;33.231;24.379;0;143.022;317;4.236;2.427;0;0;0;0;6.980;1.648;33.003;3.599;0;0;0;0;38.250;0;0;0;0;0;0;0;0;418;247;0;0;0;0;0;664;0;0;0;0;0;0;0;0;69;463;6.625;205;210;388;0;7.960;0;0;0;0;0;0;0;0;0
COOPERATIVA CENTRAL DE CRÉDITO DE MINAS GERAIS LTDA. - SICOOB CENTRAL CREDIMINAS;25.683.434;b3C;I;2;S3;9;BELO HORIZONTE;MG;03/2022;519.854;0;13.443;492.616;12.268;1.528;0;0;519.854;0;0;0;0;0;0;0;0;0;0;0;0;0;0;0;0;0;0;0;0;0;0;0;0;0;0;0;0;0;0;0;0;0;0;0;0;0;0;0;0;0;0;0;0;0;0;0;0;0;0;0;0;0;0;0;0;0;0;0;0;0;0;0;0;0
COOPERATIVA DE CRÉDITO, POUPANÇA E INVESTIMENTO CELEIRO CENTRO OESTE - SICREDI CELEIRO CENTRO OESTE;3.566.655;b3S;I;2;S4;9;SAO GABRIEL DO OESTE;MS;03/2022;519.392;918;33.601;89.117;115.929;18.213;1.537;0;259.315;43;6.196;17.924;31.677;5.958;322;0;62.120;2.184;17.472;62.699;1.717;0;0;0;84.072;278;46.892;9.210;0;0;0;0;56.380;0;0;0;0;0;0;0;0;4.825;24.644;13.350;10.699;2.977;184;0;56.680;10;162;484;167;1;0;0;824;0;0;0;0;0;0;0;0;0;0;0;0;0;0;0;0;0
COOPERATIVA DE CRÉDITO, POUPANÇA E INVESTIMENTO DO ARAGUAIA E XINGU - SICREDI ARAXINGU;33.021.064;b3S;I;2;S4;9;CANARANA;MT;03/2022;518.000;1.671;31.947;104.817;121.543;29.558;114;0;289.649;489;21.504;39.290;75.090;30.382;3.122;0;169.877;880;7.722;4.780;124;0;0;0;13.506;210;13.621;1.728;0;0;0;0;15.558;0;0;0;0;0;0;0;0;2.022;13.514;11.026;1.660;663;41;0;28.926;16;69;152;126;0;0;0;364;0;0;121;0;0;0;0;121;0;0;0;0;0;0;0;0;0
COOPERATIVA DE CRÉDITO, POUPANÇA E INVESTIMENTO DA REGIÃO ALTOS DA SERRA - SICREDI ALTOS DA SERRA RS/SC;92.555.150;b3S;I;2;S4;9;TAPEJARA;RS;03/2022;517.714;860;38.264;92.389;118.558;39.102;27.079;0;316.253;56;7.735;8.961;18.980;7.726;2.564;0;46.022;1.368;12.273;23.235;819;0;0;0;37.695;280;13.048;1.317;0;0;0;0;14.645;0;0;0;0;0;0;0;0;3.913;18.282;23.843;18.489;11.715;20.578;0;96.820;0;167;496;194;0;0;0;857;0;1.072;4.349;0;0;0;0;5.421;0;0;0;0;0;0;0;0;0
COOPERATIVA DE CRÉDITO NORTE DO ESPÍRITO SANTO - SICOOB NORTE;31.815.293;b3S;I;2;S5;9;SAO GABRIEL DA PALHA;ES;03/2022;512.023;1.520;30.474;125.804;139.310;59.823;12.451;0;369.383;39;3.385;11.807;28.993;14.819;4.341;0;63.384;375;3.957;800;0;0;0;0;5.133;718;18.632;3.953;0;0;0;0;23.303;0;0;0;0;0;0;0;0;524;279;1.565;667;0;0;0;3.036;0;0;0;0;0;0;0;0;0;12.035;31.644;4.107;0;0;0;47.785;0;0;0;0;0;0;0;0;0
SICOOB UNIMAIS MANTIQUEIRA - COOPERATIVA DE CRÉDITO DE LIVRE ADMISSÃO;71.698.674;b3S;I;2;S5;9;TAUBATE;SP;03/2022;510.921;2.824;46.097;109.581;166.160;65.995;27.866;0;418.522;244;4.354;12.249;26.771;13.076;650;0;57.345;765;8.033;1;0;41;0;0;8.841;1.152;21.865;1.468;0;0;0;0;24.485;0;0;0;0;0;0;0;0;1.105;359;220;42;0;0;0;1.727;0;0;0;0;0;0;0;0;0;0;0;0;0;0;0;0;0;0;0;0;0;0;0;0;0
COOPERATIVA DE CRÉDITO DE LIVRE ADMISSÃO DO SUDOESTE GOIANO;24.795.049;b3S;I;2;S5;9;RIO VERDE;GO;03/2022;507.506;1.581;23.022;64.183;76.362;9.153;418;0;174.720;133;45.383;57.452;130.277;65.660;12.763;0;311.668;959;3.635;2.289;66;0;0;0;6.949;95;10.453;2.117;0;0;0;0;12.665;0;0;0;0;0;0;0;0;886;176;0;0;0;0;0;1.062;4;0;0;0;0;0;0;4;0;0;177;0;0;261;0;438;0;0;0;0;0;0;0;0;0
BANCO KOMATSU DO BRASIL S.A.;23.903.068;b2;I;3;S4;8;SAO PAULO;SP;03/2022;501.465;0;0;0;0;0;0;0;0;304;53.867;141.714;220.730;44.642;157;0;461.415;0;0;0;0;0;0;0;0;0;0;0;0;0;0;0;0;0;0;0;0;0;0;0;0;0;0;0;0;0;0;0;0;0;2.094;9.010;19.521;9.426;0;0;40.051;0;0;0;0;0;0;0;0;0;0;0;0;0;0;0;0;0
BANCO RIBEIRAO PRETO S.A.;517.645;b1;I;2;S4;8;RIBEIRAO PRETO;SP;03/2022;496.142;139;19.194;55.120;60.640;2.692;0;0;137.785;192;6.546;28.012;70.017;15.472;1.906;0;122.145;0;1.248;9.485;6.033;0;0;0;16.766;0;19.070;4.169;558;0;0;0;23.798;0;1.610;18.064;3.333;0;0;0;23.007;6;2.929;5.867;5.983;368;335;0;15.488;0;654;846;1.248;1.003;0;0;3.752;0;44.492;96.832;12.041;35;0;0;153.400;0;0;0;0;0;0;0;0;0
COOPERATIVA DE CRÉDITO, POUPANÇA E INVESTIMENTO CAMINHO DAS ÁGUAS RS - SICREDI CAMINHO DAS ÁGUAS RS;95.213.211;b3S;I;2;S4;9;ROLANTE;RS;03/2022;495.112;670;25.602;67.579;111.213;22.215;510;0;227.789;42;6.388;20.133;33.554;13.252;5.338;0;78.706;761;9.846;11.832;0;0;0;0;22.440;67;11.680;2.313;0;0;0;0;14.059;0;0;0;0;0;0;0;0;1.785;21.035;33.314;53.780;27.187;14.329;0;151.430;3;83;248;71;0;0;0;404;0;0;41;81;81;81;0;283;0;0;0;0;0;0;0;0;0
COOPERATIVA DE CRÉDITO, POUPANÇA E INVESTIMENTO DO VALE DO RIO PARDO - SICREDI VALE DO RIO PARDO RS;95.424.891;b3S;I;2;S4;9;SANTA CRUZ DO SUL;RS;03/2022;495.006;375;35.968;74.269;80.067;23.417;15.385;0;229.482;98;14.245;33.527;60.133;22.960;15.172;0;146.135;367;15.130;31.233;0;0;0;0;46.729;31;8.679;678;0;0;0;0;9.388;0;0;0;0;0;0;0;0;567;10.390;12.365;19.220;7.787;8.748;1;59.078;0;353;1.051;596;1;0;0;2.000;0;359;1.289;546;0;0;0;2.193;0;0;0;0;0;0;0;0;0
COOPERATIVA DE CRÉDITO UNICRED CENTRO-SUL LTDA - UNICRED CENTRO-SUL;75.847;b3S;I;2;S5;9;CRICIUMA;SC;03/2022;491.828;355;27.204;70.769;129.980;71.838;55.872;8.475;364.493;27;6.728;18.473;36.230;14.768;15.254;57;91.536;0;4.639;6.543;0;0;0;0;11.182;830;19.382;4.177;0;0;0;0;24.390;0;0;0;0;0;0;0;0;110;92;25;0;0;0;0;227;0;0;0;0;0;0;0;0;0;0;0;0;0;0;0;0;0;0;0;0;0;0;0;0;0
COOPERATIVA DE CRÉDITO, POUPANÇA E INVESTIMENTO PLANALTO - SICREDI PLANALTO RS/MG;88.038.260;b3S;I;2;S4;9;CRUZ ALTA;RS;03/2022;487.340;885;41.000;80.969;111.838;20.016;1.881;0;256.591;70;6.624;18.281;26.954;12.739;1.596;0;66.263;727;7.822;30.657;91;0;0;0;39.298;150;31.292;6.100;0;0;0;0;37.541;0;0;0;0;0;0;0;0;1.842;19.413;23.802;17.705;7.952;1.953;0;72.668;0;52;147;172;1;0;0;372;0;4.955;9.652;0;0;0;0;14.607;0;0;0;0;0;0;0;0;0
COOPERATIVA DE CRÉDITO DE LIVRE ADMISSÃO DA REGIÃO METROPOLITANA DE GOIÂNIA LTDA.;7.599.206;b3S;I;2;S5;9;GOIANIA;GO;03/2022;482.468;2.920;29.498;75.585;132.218;62.820;54.429;0;357.469;34;1.666;4.218;9.737;3.597;779;0;20.031;1.222;13.983;0;0;0;0;0;15.205;3.634;54.716;5.909;0;0;0;0;64.259;0;0;0;0;0;0;0;0;1.536;3.645;704;1.628;1.338;1.667;0;10.517;0;0;0;0;0;0;0;0;0;247;187;6.241;5.541;2.770;0;14.987;0;0;0;0;0;0;0;0;0
COOPERATIVA DE CREDITO, POUPANÇA E INVESTIMENTO PARQUE DAS ARAUCARIAS - SICREDI PARQUE DAS ARAUCARIAS PR/SC/SP;82.065.285;b3S;I;2;S4;9;MARIOPOLIS;PR;03/2022;476.694;1.332;36.075;95.525;116.065;22.168;277;0;271.442;409;6.011;20.217;27.197;9.321;1.427;0;64.582;1.499;15.250;22.266;163;0;0;0;39.178;391;23.909;1.972;0;0;0;0;26.272;0;0;0;0;0;0;0;0;2.448;16.489;15.863;19.011;6.904;3.098;0;63.813;0;186;552;181;0;0;0;919;0;2.297;8.192;0;0;0;0;10.488;0;0;0;0;0;0;0;0;0
COOPERATIVA DE CRÉDITO, POUPANÇA E INVESTIMENTO PROGRESSO - SICREDI PROGRESSO PR/SP;76.059.997;b3S;I;2;S4;9;TOLEDO;PR;03/2022;473.076;752;23.997;64.815;94.596;24.760;13.631;0;222.551;164;5.529;15.607;29.149;9.450;4.174;0;64.073;1.025;11.190;23.198;206;0;0;0;35.619;227;21.474;3.655;0;0;0;0;25.357;0;0;0;0;0;0;0;0;2.619;15.270;20.639;36.491;23.710;26.236;0;124.965;12;85;248;127;0;0;0;471;0;40;0;0;0;0;0;40;0;0;0;0;0;0;0;0;0
COOPERATIVA DE ECONOMIA E CREDITO MUTUO DOS MEDICOS DE PORTO ALEGRE LTDA-UNICRED PORTO ALEGRE;94.433.109;b3S;I;2;S5;9;PORTO ALEGRE;RS;03/2022;472.106;101;6.981;20.015;35.539;18.571;11.680;117;93.003;1;1.634;5.589;11.953;5.982;5.788;988;31.935;0;1.528;1.663;0;0;0;0;3.191;0;131;58;0;0;0;0;190;0;0;0;0;0;0;0;0;128;11.836;33.862;93.776;72.016;131.981;188;343.787;0;0;0;0;0;0;0;0;0;0;0;0;0;0;0;0;0;0;0;0;0;0;0;0;0
COOPERATIVA DE CRÉDITO UNICRED DESBRAVADORA LTDA - UNICRED DESBRAVADORA;1.039.011;b3S;I;2;S5;9;CHAPECO;SC;03/2022;471.687;380;40.564;74.918;124.369;51.029;52.701;8.579;352.541;40;4.592;12.575;25.078;14.587;10.742;0;67.614;137;10.298;21.901;211;0;0;0;32.547;38;15.068;3.459;0;0;0;0;18.565;0;0;0;0;0;0;0;0;69;67;182;104;0;0;0;420;0;0;0;0;0;0;0;0;0;0;0;0;0;0;0;0;0;0;0;0;0;0;0;0;0
COOPERATIVA DE CRÉDITO DA REGIÃO MERIDIONAL DO BRASIL - SICOOB UNICOOB MERIDIONAL;5.392.810;b3S;I;2;S5;9;TOLEDO;PR;03/2022;456.714;1.642;47.548;106.972;145.921;28.143;9.517;0;339.742;43;2.745;7.234;14.856;6.954;4.810;0;36.642;671;2.339;5.427;0;0;0;0;8.436;792;47.826;4.151;0;0;0;0;52.769;0;0;0;0;0;0;0;0;782;76;0;0;0;0;0;858;0;0;0;0;0;0;0;0;0;2.640;11.452;2.957;423;794;0;18.267;0;0;0;0;0;0;0;0;0
COOPERATIVA DE CRÉDITO DE LIVRE ADMISSÃO DE ASSOCIADOS AURIVERDE -  SICOOB - CREDIAL SC/RS;78.858.107;b3S;I;2;S5;9;CUNHA PORA;SC;03/2022;455.561;149;19.663;91.888;116.835;20.113;7.590;0;256.238;37;8.535;25.747;64.585;33.478;39.117;0;171.498;59;2.090;11;12;0;0;0;2.171;90;15.063;2.558;0;0;0;0;17.711;0;0;0;0;0;0;0;0;92;53;965;823;772;1.637;0;4.341;0;0;0;0;0;0;0;0;0;0;678;996;996;932;0;3.602;0;0;0;0;0;0;0;0;0
COOPERATIVA DE CRÉDITO DE LIVRE ADMISSÃO DA REGIÃO DO CIRCUITO CAMPOS DAS VERTENTES LTDA - SICOOB COPERMEC;2.232.383;b3S;I;2;S5;9;CLAUDIO;MG;03/2022;454.292;879;35.160;91.239;137.102;60.786;44.338;0;369.503;40;2.423;6.994;17.231;8.432;555;0;35.676;1.041;7.344;5.840;0;0;0;0;14.225;200;32.417;1.472;0;0;0;0;34.089;0;0;0;0;0;0;0;0;519;279;0;0;0;0;0;798;0;0;0;0;0;0;0;0;0;0;0;0;0;0;0;0;0;0;0;0;0;0;0;0;0
COOPERATIVA DE CRÉDITO SUL - SICOOB SUL;5.888.589;b3S;I;2;S5;9;CURITIBA;PR;03/2022;453.748;4.311;53.818;121.445;169.111;28.833;561;0;378.079;112;2.509;7.139;13.552;3.559;46;0;26.917;1.089;3.568;2.906;0;0;0;0;7.563;425;13.666;1.090;0;0;0;0;15.181;0;0;0;0;0;0;0;0;1.785;8.038;878;2.539;918;625;0;14.783;0;0;0;0;0;0;0;0;0;0;10.535;346;346;0;0;11.226;0;0;0;0;0;0;0;0;0
PORTO SEGURO;51.444;n1;C;2;S3;197;SAO PAULO;SP;03/2022;451.179;4.386;28.795;53.492;75.698;22.460;81;0;184.912;3.105;15.879;38.430;43.678;5.046;28;0;106.167;0;0;0;0;0;0;0;0;0;0;0;0;0;0;0;0;0;0;0;0;0;0;0;0;23.441;91.546;41.220;3.567;326;0;0;160.100;0;0;0;0;0;0;0;0;0;0;0;0;0;0;0;0;0;0;0;0;0;0;0;0;0
ICBC DO BRASIL BANCO MÚLTIPLO S.A.;17.453.575;b1;I;3;S4;8;SAO PAULO;SP;03/2022;449.731;0;3.968;11.258;3.670;0;0;0;18.895;0;0;0;0;0;0;0;0;0;0;0;0;0;0;0;0;0;0;0;0;0;0;0;0;85.233;99.246;226.732;14.634;4.992;0;0;430.836;0;0;0;0;0;0;0;0;0;0;0;0;0;0;0;0;0;0;0;0;0;0;0;0;0;0;0;0;0;0;0;0;0
COOPERATIVA DE CRÉDITO, POUPANÇA E INVESTIMENTO INTERESTADOS - SICREDI INTERESTADOS RS/ES;90.497.256;b3S;I;2;S4;9;PELOTAS;RS;03/2022;449.002;535;22.099;54.801;73.495;13.270;5.374;0;169.575;35;6.187;17.190;30.918;10.369;1.812;0;66.511;486;13.429;46.449;0;0;0;0;60.365;196;11.079;720;0;0;0;0;11.995;0;0;0;0;0;0;0;0;944;20.254;28.494;50.359;22.051;11.032;0;133.134;4;241;716;208;0;0;0;1.168;0;5.234;738;282;0;0;0;6.254;0;0;0;0;0;0;0;0;0
COOPERATIVA DE CRÉDITO UNICRED EVOLUÇÃO LTDA. - UNICRED EVOLUÇÃO;1.727.929;b3S;I;2;S5;9;PATOS DE MINAS;MG;03/2022;447.099;451;26.453;74.793;127.707;65.966;61.556;0;356.926;19;1.970;5.903;11.280;5.869;5.019;0;30.059;253;2.322;16.303;18.839;81;0;0;37.799;0;18.971;3.054;4;0;0;0;22.030;0;0;0;0;0;0;0;0;82;204;0;0;0;0;0;286;0;0;0;0;0;0;0;0;0;0;0;0;0;0;0;0;0;0;0;0;0;0;0;0;0
COOPERATIVA DE CRÉDITO, POUPANÇA E INVESTIMENTO UNIVALES - SICREDI UNIVALES MT/RO;70.431.630;b3S;I;2;S4;9;JUINA;MT;03/2022;445.641;694;30.108;80.792;87.746;11.052;4.819;0;215.212;76;8.310;23.127;43.948;15.357;1.404;0;92.223;1.556;7.890;25.234;2.391;0;0;0;37.072;887;54.455;9.737;547;0;0;0;65.626;0;0;0;0;0;0;0;0;2.342;15.786;9.383;6.226;1.672;101;0;35.509;0;0;0;0;0;0;0;0;0;0;0;0;0;0;0;0;0;0;0;0;0;0;0;0;0
SICREDI EXPANSÃO - COOPERATIVA DE CRÉDITO;41.180.092;b3S;I;2;S5;9;MACEIO;AL;03/2022;445.507;1.301;29.055;78.810;161.088;73.830;21.373;0;365.457;19;1.763;5.113;11.389;4.463;72;0;22.819;299;4.109;0;0;0;0;0;4.408;0;0;0;0;0;0;0;0;0;0;0;0;0;0;0;0;1.172;9.838;8.854;14.446;10.549;7.965;0;52.823;0;0;0;0;0;0;0;0;0;0;0;0;0;0;0;0;0;0;0;0;0;0;0;0;0
COOPERATIVA DE CRÉDITO UNICRED UNIÃO LTDA - UNICRED UNIÃO;74.114.042;b3S;I;2;S5;9;ITAJAI;SC;03/2022;444.547;1.317;34.238;87.540;127.940;46.538;27.056;20;324.650;102;6.753;18.802;34.471;15.532;9.584;3;85.247;791;6.156;15.224;0;0;80;0;22.251;165;3.145;138;0;0;0;0;3.448;0;0;0;0;0;0;0;0;144;409;1.494;3.277;2.552;1.074;0;8.950;0;0;0;0;0;0;0;0;0;0;0;0;0;0;0;0;0;0;0;0;0;0;0;0;0
COOPERATIVA DE CRÉDITO, POUPANÇA E INVESTIMENTO DE IBIRAIARAS - SICREDI IBIRAIARAS RS/MG;89.990.501;b3S;I;2;S4;9;IBIRAIARAS;RS;03/2022;437.181;386;26.895;61.896;85.491;25.981;12.049;0;212.697;9;7.231;19.397;39.271;21.326;13.241;0;100.476;276;17.309;19.126;165;0;0;0;36.876;8;11.177;1.278;1;0;0;0;12.465;0;0;0;0;0;0;0;0;438;7.015;11.154;13.527;11.063;31.194;59;74.450;0;44;133;39;0;0;0;217;0;0;0;0;0;0;0;0;0;0;0;0;0;0;0;0;0
COOPERATIVA DE CRÉDITO DE LIVRE ADMISSÃO DO CENTRO SUL RONDONIENSE - SICOOB CREDIP.;2.015.588;b3S;I;2;S5;9;PIMENTA BUENO;RO;03/2022;435.442;3.761;50.134;117.140;104.321;6.144;539;0;282.039;99;5.968;16.588;35.537;9.806;2;0;67.999;1.097;5.583;4.762;0;0;0;0;11.443;626;52.346;5.926;0;0;0;0;58.897;0;0;0;0;0;0;0;0;1.698;227;51;114;18;3;0;2.111;0;0;0;0;0;0;0;0;346;1.536;9.647;1.425;0;0;0;12.954;0;0;0;0;0;0;0;0;0
COOPERATIVA DE CRÉDITO DE LIVRE ADMISSÃO DA PARAÍBA - SICOOB PARAÍBA;11.907.520;b3S;I;2;S5;9;CAMPINA GRANDE;PB;03/2022;427.841;3.196;43.471;112.406;153.766;32.602;1.258;0;346.699;38;2.427;6.782;15.872;6.366;47;0;31.532;332;6.374;1.998;0;0;0;0;8.704;2.595;32.549;4.025;0;0;0;0;39.169;0;0;0;0;0;0;0;0;410;248;184;579;316;0;0;1.737;0;0;0;0;0;0;0;0;0;0;0;0;0;0;0;0;0;0;0;0;0;0;0;0;0
COOPERATIVA DE CRÉDITO SICOOB VALE SUL;2.466.552;b3S;I;2;S5;9;FRANCISCO BELTRAO;PR;03/2022;427.678;1.064;40.717;135.122;131.015;30.126;2.323;0;340.367;10;2.075;5.566;11.779;4.732;300;0;24.461;494;5.498;5.163;0;0;0;0;11.155;96;33.772;3.560;0;0;0;0;37.428;0;0;0;0;0;0;0;0;503;241;838;293;140;0;0;2.015;0;0;0;0;0;0;0;0;0;17;9.483;1.227;1.087;438;0;12.251;0;0;0;0;0;0;0;0;0
COOPERATIVA DE CRÉDITO CREDIVAR LTDA. - SICOOB CREDIVAR;25.798.596;b3S;I;2;S5;9;VARGINHA;MG;03/2022;426.742;1.565;32.826;82.312;130.900;30.000;105;0;277.708;204;4.217;10.823;21.806;7.339;0;0;44.389;1.114;10.031;7.099;629;4.124;4.152;0;27.148;436;21.620;2.849;0;0;0;0;24.905;0;0;0;0;0;0;0;0;777;289;196;597;435;0;0;2.295;0;0;0;0;0;0;0;0;0;16.807;25.967;7.522;0;0;0;50.296;0;0;0;0;0;0;0;0;0
COOPERATIVA DE CRÉDITO LITORÂNEA;85.291.086;b3S;I;2;S5;9;JACINTO MACHADO;SC;03/2022;423.039;1.012;17.238;44.606;64.270;17.443;3.830;0;148.400;134;13.095;34.772;73.304;22.561;2.782;0;146.648;194;2.684;5.206;10;0;0;0;8.094;163;42.655;6.237;0;0;0;0;49.055;0;0;0;0;0;0;0;0;104;124;34;54;14;87;40;457;0;0;0;0;0;0;0;0;0;8.008;57.453;3.335;1.019;571;0;70.386;0;0;0;0;0;0;0;0;0
COOPERATIVA DE CRÉDITO, POUPANÇA E INVESTIMENTO RAÍZES - SICREDI RAÍZES RS/SC/MG;88.099.247;b3S;I;2;S4;9;CAMPO NOVO;RS;03/2022;410.490;201;16.689;43.617;49.611;14.599;3.714;0;128.431;77;4.179;11.266;20.111;7.932;2.488;0;46.054;445;12.114;36.043;1.108;0;0;0;49.710;19;23.293;2.991;0;0;0;0;26.303;0;0;0;0;0;0;0;0;759;17.879;41.389;50.065;30.332;19.375;0;159.800;0;40;118;35;0;0;0;193;0;0;0;0;0;0;0;0;0;0;0;0;0;0;0;0;0
COOPERATIVA DE CRÉDITO DE LIVRE ADMISSÃO DO ESTADO DE SÃO PAULO - SICOOB PAULISTA;10.262.276;b3S;I;2;S5;9;PRESIDENTE PRUDENTE;SP;03/2022;405.192;1.551;43.318;108.396;130.618;17.023;869;0;301.774;10;1.707;4.947;11.142;3.830;57;0;21.694;1.036;9.713;7.058;0;0;0;0;17.807;1.079;57.517;4.261;0;0;0;0;62.857;0;0;0;0;0;0;0;0;889;171;0;0;0;0;0;1.060;0;0;0;0;0;0;0;0;0;0;0;0;0;0;0;0;0;0;0;0;0;0;0;0;0
COOPERATIVA DE CRÉDITO DE LIVRE ADMISSÃO DO OESTE MINEIRO LTDA. - SICOOB CREDICOPA;71.297.899;b3S;I;2;S5;9;PATOS DE MINAS;MG;03/2022;401.990;2.984;52.145;88.896;127.048;39.658;17.878;0;328.608;0;1.977;4.560;9.054;1.942;4;0;17.537;481;2.686;1.801;8.377;382;0;0;13.727;458;34.455;2.253;0;0;0;0;37.165;0;0;0;0;0;0;0;0;165;54;0;0;0;0;0;219;0;0;0;0;0;0;0;0;0;1.024;2.141;0;497;1.071;0;4.734;0;0;0;0;0;0;0;0;0
COOPERATIVA DE CREDITO DO ALTO PARANAIBA E REGIÃO LTDA. - SICOOB CREDIPATOS;25.387.671;b3S;I;2;S5;9;PATOS DE MINAS;MG;03/2022;396.026;513;22.797;65.734;107.385;29.460;4.748;0;230.638;5;3.163;10.095;21.348;11.729;3.240;0;49.580;325;13.696;2.330;0;0;0;0;16.351;472;50.031;5.694;0;0;0;0;56.197;0;0;0;0;0;0;0;0;634;1.872;7.276;4.056;28;0;0;13.866;0;0;0;0;0;0;0;0;0;295;19.313;2.552;2.150;5.084;0;29.394;0;0;0;0;0;0;0;0;0
BRK S.A. CRÉDITO, FINANCIAMENTO E INVESTIMENTO;12.865.507;n1;I;2;S4;14;SAO PAULO;SP;03/2022;393.849;390;11.182;38.027;96.778;23.514;0;0;169.891;0;0;0;0;0;0;0;0;0;36.250;44.764;0;0;0;0;81.014;5.680;96.032;781;0;0;0;0;102.494;0;0;0;0;0;0;0;0;324;461;13.652;24.564;1.400;50;0;40.451;0;0;0;0;0;0;0;0;0;0;0;0;0;0;0;0;0;0;0;0;0;0;0;0;0
CAIXA GERAL;51.815;b1;C;3;S4;199;SAO PAULO;SP;03/2022;393.347;382;9.358;20.297;13.272;20.841;0;0;64.149;0;0;0;0;0;0;0;0;0;0;0;0;0;0;0;0;0;0;0;0;0;0;0;0;0;51.539;137.740;99.604;0;0;0;288.882;0;677;1.806;4.956;5.100;27.174;0;39.712;0;203;401;0;0;0;0;604;0;0;0;0;0;0;0;0;0;0;0;0;0;0;0;0;0
COOPERATIVA DE CRÉDITO, POUPANÇA E INVESTIMENTO ESSÊNCIA RS/ES - SICREDI ESSÊNCIA;87.733.077;b3S;I;2;S4;9;ITAQUI;RS;03/2022;391.620;530;20.007;54.227;77.869;21.724;9.225;0;183.582;124;9.339;18.426;36.965;18.034;8.670;0;91.558;634;8.345;25.893;2.583;0;0;0;37.455;46;11.087;1.652;0;0;0;0;12.785;0;0;0;0;0;0;0;0;1.118;9.650;23.653;16.719;9.038;1.827;0;62.005;0;66;194;55;0;0;0;315;0;207;2.629;1.005;31;47;0;3.919;0;0;0;0;0;0;0;0;0
COOPERATIVA DE CRÉDITO, POUPANÇA E INVESTIMENTO NOROESTE RS - SICREDI NOROESTE RS;89.049.738;b3S;I;2;S4;9;TRES DE MAIO;RS;03/2022;387.992;66;16.596;46.154;60.754;21.752;15.930;0;161.252;12;7.503;11.235;24.534;14.018;4.836;0;62.138;183;16.673;51.019;10;0;0;0;67.885;121;32.117;2.752;0;0;0;0;34.990;0;0;0;0;0;0;0;0;335;12.530;11.548;11.816;9.221;14.829;0;60.278;0;202;607;637;3;0;0;1.449;0;0;0;0;0;0;0;0;0;0;0;0;0;0;0;0;0
DEUTSCHE SPARKASSEN LEASING DO BRASIL BANCO MÚLTIPLO S.A.;23.511.655;b2;I;3;S4;8;SAO PAULO;SP;03/2022;387.838;0;0;0;0;0;0;0;0;1.955;38.792;91.184;180.553;74.100;1.254;0;387.838;0;0;0;0;0;0;0;0;0;0;0;0;0;0;0;0;0;0;0;0;0;0;0;0;0;0;0;0;0;0;0;0;0;0;0;0;0;0;0;0;0;0;0;0;0;0;0;0;0;0;0;0;0;0;0;0;0
COOPERATIVA DE CRÉDITO DE LIVRE ADMISSÃO DE ASSOCIADOS SUL CATARINENSE - SICOOB CREDISULCA SC;81.367.880;b3S;I;2;S5;9;TURVO;SC;03/2022;385.383;751;24.963;65.426;106.908;15.090;347;0;213.485;26;9.105;24.266;52.509;26.918;13.609;0;126.432;166;2.433;0;0;0;0;0;2.599;125;14.249;1.166;0;0;0;0;15.540;0;0;0;0;0;0;0;0;163;13.342;5.115;3.497;3.469;314;0;25.899;0;0;0;0;0;0;0;0;0;169;487;167;180;425;0;1.428;0;0;0;0;0;0;0;0;0
MONEY PLUS;52.137;n1;C;2;S5;197;SAO PAULO;SP;03/2022;384.860;2;0;0;0;0;0;0;3;249;40;106;249;67;0;0;711;0;0;0;0;0;0;0;0;0;0;0;0;0;0;0;0;0;0;0;0;0;0;0;0;0;0;0;0;0;0;0;0;49.342;49.105;149.442;136.257;0;0;0;384.146;0;0;0;0;0;0;0;0;0;0;0;0;0;0;0;0;0
COOPERATIVA DE CRÉDITO DOS MÉDICOS, PROFISSIONAIS DA SAÚDE E EMPRESÁRIOS DE MATO GROSSO;36.900.256;b3S;I;2;S5;9;CUIABA;MT;03/2022;373.361;221;10.714;26.789;37.881;12.456;3.692;0;91.754;112;12.555;37.146;69.950;29.591;19.943;1.320;170.616;220;3.799;28.384;0;0;0;0;32.403;119;2.941;670;0;0;0;0;3.730;0;0;0;0;0;0;0;0;1.077;6.622;17.348;28.345;11.335;10.123;7;74.858;0;0;0;0;0;0;0;0;0;0;0;0;0;0;0;0;0;0;0;0;0;0;0;0;0
COOPERATIVA DE CRÉDITO CENTRO LESTE - SICREDI CENTRO LESTE RS;88.471.024;b3S;I;2;S4;9;CACHOEIRA DO SUL;RS;03/2022;369.557;659;19.014;50.948;64.126;20.398;7.966;0;163.111;52;6.310;23.572;31.846;11.423;1.577;0;74.781;280;5.921;12.140;217;0;0;0;18.559;12;8.716;1.043;0;0;0;0;9.772;0;0;0;0;0;0;0;0;991;11.956;18.055;32.853;20.185;17.741;0;101.782;0;92;273;80;0;0;0;444;0;365;682;60;0;0;0;1.107;0;0;0;0;0;0;0;0;0
COOPERATIVA DE ECONOMIA E CREDITO MUTUO DOS MEDICOS E DEMAIS PROFISSIONAIS DA AREA DE SAUDE DO ESTADO DE SAO PAULO LTDA    UNICRED DO ESTADO DE SAO PAULO;71.884.498;b3S;I;2;S5;9;CAMPINAS;SP;03/2022;366.747;1.245;13.746;39.567;68.036;35.424;41.850;0;199.868;166;6.157;19.709;38.842;23.134;19.832;0;107.840;407;2.913;10.416;0;0;0;0;13.736;19;1.162;392;0;0;0;0;1.573;0;0;0;0;0;0;0;0;562;4.195;6.848;12.791;8.481;10.852;0;43.730;0;0;0;0;0;0;0;0;0;0;0;0;0;0;0;0;0;0;0;0;0;0;0;0;0
COOPERATIVA DE ECONOMIA E CRÉDITO MÚTUO UNICRED INTEGRAÇÃO LTDA.;73.750.424;b3S;I;2;S5;9;CAXIAS DO SUL;RS;03/2022;359.025;613;12.854;38.664;84.392;54.277;69.332;9.286;269.417;3;2.254;6.605;11.982;4.506;6.761;1.109;33.219;300;3.165;15.936;0;0;0;0;19.402;2;530;116;1;0;0;0;649;0;0;0;0;0;0;0;0;369;2.053;6.339;12.055;7.600;7.921;0;36.337;0;0;0;0;0;0;0;0;0;0;0;0;0;0;0;0;0;0;0;0;0;0;0;0;0
COOPERATIVA DE CRÉDITO DE LIVRE ADMISSÃO DE ASSOCIADOS DO VALE DO VINHO - SICOOB VALE DO VINHO;81.016.131;b3S;I;2;S5;9;VIDEIRA;SC;03/2022;357.232;2.059;15.470;45.333;44.790;15.694;1.973;0;125.320;152;14.492;38.991;71.899;26.062;7.316;0;158.912;514;1.842;6.029;81;0;0;0;8.466;357;36.840;1.878;0;0;0;0;39.075;0;0;0;0;0;0;0;0;517;88;442;0;0;0;0;1.047;0;0;0;0;0;0;0;0;0;1.022;15.988;5.895;655;851;0;24.412;0;0;0;0;0;0;0;0;0
COOPERATIVA DE CRÉDITO, POUPANÇA E INVESTIMENTO SICREDI EVOLUÇÃO - SICREDI EVOLUÇÃO;35.571.249;b3S;I;2;S5;9;JOAO PESSOA;PB;03/2022;355.934;1.074;24.134;52.645;58.778;6.379;229;0;143.238;112;4.035;12.183;27.065;12.346;9.463;84;65.288;676;6.624;25.239;96;0;0;0;32.635;23;3.169;560;0;0;0;0;3.752;0;0;0;0;0;0;0;0;2.132;13.985;18.743;34.719;19.816;20.847;0;110.242;0;6;17;43;1;0;0;67;0;0;713;0;0;0;0;713;0;0;0;0;0;0;0;0;0
COOPERATIVA DE CRÉDITO DO NORTE CATARINENSE E SUL PARANAENSE - SICOOB CREDINORTE;81.011.686;b3S;I;2;S5;9;MAFRA;SC;03/2022;352.895;1.165;23.590;66.435;82.108;17.559;748;0;191.604;103;6.583;18.707;44.345;19.720;7.527;0;96.985;782;1.774;4.017;50;0;0;0;6.623;421;17.855;1.621;0;0;0;0;19.897;0;0;0;0;0;0;0;0;324;287;1.086;2.335;2.111;8.157;0;14.301;0;0;0;0;0;0;0;0;0;11.982;8.773;1.366;1.296;69;0;23.485;0;0;0;0;0;0;0;0;0
CSILATINA ARRENDAMENTO MERCANTIL S.A.;5.883.884;n1;I;3;S4;19;BARUERI;SP;03/2022;352.517;0;0;0;0;0;0;0;0;778;55.837;123.602;157.221;15.079;0;0;352.517;0;0;0;0;0;0;0;0;0;0;0;0;0;0;0;0;0;0;0;0;0;0;0;0;0;0;0;0;0;0;0;0;0;0;0;0;0;0;0;0;0;0;0;0;0;0;0;0;0;0;0;0;0;0;0;0;0
COOPERATIVA DE CRÉDITO UNICRED VALE LTDA - UNICRED VALE;73.443.863;b3S;I;2;S5;9;BLUMENAU;SC;03/2022;351.800;331;21.437;58.352;100.175;37.377;21.498;0;239.170;157;5.650;17.086;35.374;15.069;7.389;1.386;82.111;0;14.227;9.029;0;0;0;0;23.256;339;6.380;423;0;0;0;0;7.142;0;0;0;0;0;0;0;0;50;71;0;0;0;0;0;121;0;0;0;0;0;0;0;0;0;0;0;0;0;0;0;0;0;0;0;0;0;0;0;0;0
COOPERATIVA DE CRÉDITO DE LIVRE ADMISSÃO DE ITAÚNA E REGIÃO LTDA - SICOOB CENTRO-OESTE;66.463.407;b3S;I;2;S5;9;ITAUNA;MG;03/2022;349.347;3.850;48.024;65.872;118.706;37.867;745;0;275.064;30;2.116;6.609;15.307;9.768;33;0;33.863;668;5.696;0;0;0;0;0;6.364;223;31.636;950;0;0;0;0;32.810;0;0;0;0;0;0;0;0;879;141;60;153;13;0;0;1.246;0;0;0;0;0;0;0;0;0;0;0;0;0;0;0;0;0;0;0;0;0;0;0;0;0
COOPERATIVA DE CRÉDITO - SICREDI RIO GRANDE DO NORTE;70.038.237;b3S;I;2;S5;9;NATAL;RN;03/2022;344.052;476;19.352;51.900;88.632;15.547;5.199;0;181.105;72;4.875;13.965;29.407;8.451;148;0;56.918;405;8.225;28.355;30;0;0;0;37.014;52;5.308;222;0;0;0;0;5.582;0;0;0;0;0;0;0;0;605;9.074;12.557;21.203;10.024;9.969;0;63.432;0;0;0;0;0;0;0;0;0;0;0;0;0;0;0;0;0;0;0;0;0;0;0;0;0
COOPERATIVA DE CRÉDITO DE LIVRE ADMISSÃO DO VALE - SICOOB CREDIVALE/SC;86.829.827;b3S;I;2;S5;9;BRACO DO NORTE;SC;03/2022;343.973;1.032;20.516;56.516;76.264;14.477;4.428;0;173.232;43;6.552;18.505;45.756;25.194;22.739;0;118.790;327;2.403;1.547;4;0;0;0;4.281;555;39.826;3.506;0;0;0;0;43.887;0;0;0;0;0;0;0;0;210;530;421;0;0;0;0;1.161;0;0;0;0;0;0;0;0;0;0;2.088;134;134;267;0;2.622;0;0;0;0;0;0;0;0;0
OMNI;50.940;b1;C;2;S4;199;SAO PAULO;SP;03/2022;338.653;6.532;35.732;60.525;35.946;2.082;0;0;140.817;1.538;15.837;36.894;49.580;6.562;0;0;110.411;0;2.024;265;19;0;0;0;2.307;69;83.737;0;0;0;0;0;83.806;0;0;0;0;0;0;0;0;0;1.276;35;0;0;0;0;1.311;0;0;0;0;0;0;0;0;0;0;0;0;0;0;0;0;0;0;0;0;0;0;0;0;0
BANCO SEMEAR S.A.;795.423;b1;I;2;S4;8;BELO HORIZONTE;MG;03/2022;336.873;1.791;106.601;136.794;55.917;576;0;0;301.678;0;278;820;834;22;0;0;1.953;0;1.731;217;0;0;0;0;1.948;0;28.869;0;0;0;0;0;28.869;0;0;0;0;0;0;0;0;96;194;299;913;581;342;0;2.425;0;0;0;0;0;0;0;0;0;0;0;0;0;0;0;0;0;0;0;0;0;0;0;0;0
COOPERATIVA DE CREDITO DE LIVRE ADMISSÃO DO SUL DE MINAS LTDA - SICOOB CREDIVASS;1.604.998;b3S;I;2;S5;9;SAO GONCALO DO SAPUCAI;MG;03/2022;333.112;484;19.127;55.770;76.382;14.955;828;0;167.546;50;8.204;23.693;51.627;18.204;2.083;0;103.861;779;7.083;5.338;0;0;0;0;13.200;84;23.359;2.216;0;0;0;0;25.659;0;0;0;0;0;0;0;0;559;420;0;407;0;0;0;1.386;0;0;0;0;0;0;0;0;0;4.918;16.542;0;0;0;0;21.460;0;0;0;0;0;0;0;0;0
COOPERATIVA DE CRÉDITO, POUPANÇA E INVESTIMENTO BOTUCARAÍ - SICREDI BOTUCARAÍ RS/MG;87.900.601;b3S;I;2;S4;9;SOLEDADE;RS;03/2022;328.740;197;32.143;51.558;64.169;26.682;9.272;0;184.020;80;3.080;8.297;16.900;8.573;7.874;0;44.804;335;13.241;18.592;11;0;0;0;32.178;201;13.315;1.975;0;0;0;0;15.491;0;0;0;0;0;0;0;0;936;7.770;8.867;13.332;7.683;13.265;3;51.855;0;80;236;76;0;0;0;392;0;0;0;0;0;0;0;0;0;0;0;0;0;0;0;0;0
COOPERATIVA DE CREDITO DE LIVRE ADMISSÃO DE ASSOCIADOS ITAIPU SICOOB CREDITAIPU;81.014.060;b3S;I;2;S5;9;PINHALZINHO;SC;03/2022;328.471;1.066;21.864;56.986;78.349;17.338;3.236;31;178.870;42;8.076;21.460;41.869;18.081;6.828;0;96.356;606;3.527;403;117;98;61;0;4.812;361;15.424;2.530;0;0;0;0;18.315;0;0;0;0;0;0;0;0;386;227;20.283;1.244;1.421;1.827;0;25.388;0;0;0;0;0;0;0;0;0;316;1.837;547;935;1.095;0;4.730;0;0;0;0;0;0;0;0;0
COOPERATIVA DE CRÉDITO, POUPANÇA E INVESTIMENTO DA REGIÃO CENTRO OESTE PAULISTA - SICREDI CENTRO OESTE PAULISTA;4.463.602;b3S;I;2;S4;9;MARILIA;SP;03/2022;322.896;638;15.220;35.362;49.881;15.617;8.588;0;125.305;124;6.428;18.346;36.149;11.242;864;0;73.153;1.465;16.548;18.435;255;0;0;0;36.702;235;16.374;1.922;0;0;0;0;18.531;0;0;0;0;0;0;0;0;2.183;15.717;15.145;21.535;11.393;2.422;0;68.395;0;166;497;146;0;0;0;809;0;0;0;0;0;0;0;0;0;0;0;0;0;0;0;0;0
AGENCIA DE FOMENTO DO ESTADO DO RIO DE JANEIRO S.A.;5.940.203;n1;I;1;S4;30;RIO DE JANEIRO;RJ;03/2022;319.722;0;0;0;0;0;0;0;0;2.471;14.596;43.965;100.614;39.628;8.511;0;209.784;0;0;0;0;0;0;0;0;0;0;0;0;0;0;0;0;0;0;0;0;0;0;0;0;0;0;0;0;0;0;0;0;675;6.118;19.842;50.353;29.234;3.715;0;109.937;0;0;0;0;0;0;0;0;0;0;0;0;0;0;0;0;0
COOPERATIVA DE CRÉDITO DE LIVRE ADMISSÃO DE ASSOCIADOS DO PLANALTO CATARINENSE SICOOB CREDIPLANALTO SC/RS;1.389.651;b3S;I;2;S5;9;PAPANDUVA;SC;03/2022;316.646;1.347;39.092;84.448;99.242;19.166;242;0;243.537;22;1.731;4.410;10.725;4.592;839;0;22.319;60;2.962;2.387;0;0;0;0;5.409;48;17.129;1.144;0;0;0;0;18.321;0;0;0;0;0;0;0;0;191;248;473;729;710;0;0;2.352;0;0;0;0;0;0;0;0;0;7.950;15.083;831;631;215;0;24.709;0;0;0;0;0;0;0;0;0
BANCO TRICURY S.A.;57.839.805;b2;I;2;S4;8;SAO PAULO;SP;03/2022;315.373;3.814;59.886;104.128;114.629;8.138;0;0;290.596;0;0;0;0;0;0;0;0;0;0;0;0;0;0;0;0;0;0;0;0;0;0;0;0;0;0;0;0;0;0;0;0;0;2.776;6.795;15.206;0;0;0;24.777;0;0;0;0;0;0;0;0;0;0;0;0;0;0;0;0;0;0;0;0;0;0;0;0;0
COOPERATIVA DE CRÉDITO, POUPANÇA E INVESTIMENTO DO NORTE DO PARANÁ E SUL DE SÃO PAULO - SICREDI NORTE SUL PR/SP;79.063.574;b3S;I;2;S4;9;SANTO ANTONIO DA PLATINA;PR;03/2022;297.118;144;14.040;35.989;50.845;9.074;781;0;110.872;19;6.304;17.802;33.304;10.617;222;0;68.268;457;18.442;30.895;36;0;0;0;49.830;68;20.163;2.318;0;0;0;0;22.549;0;0;0;0;0;0;0;0;961;14.661;12.162;8.900;4.485;2.672;0;43.842;0;331;982;446;0;0;0;1.758;0;0;0;0;0;0;0;0;0;0;0;0;0;0;0;0;0
COOPERATIVA DE CRÉDITO, POUPANÇA E INVESTIMENTO REGIÕES DAS CULTURAS - SICREDI DAS CULTURAS RS/MG;90.729.369;b3S;I;2;S4;9;IJUI;RS;03/2022;295.076;365;23.425;54.251;66.849;16.955;13.117;0;174.963;3;3.092;8.643;16.796;5.708;1.044;0;35.285;223;8.224;26.598;0;0;0;0;35.045;10;7.101;1.023;0;0;0;0;8.134;0;0;0;0;0;0;0;0;1.517;10.384;7.848;9.664;5.130;3.929;0;38.471;0;72;213;220;1;0;0;506;0;2.307;366;0;0;0;0;2.672;0;0;0;0;0;0;0;0;0
COOPERATIVA DE CRÉDITO CREDIGUAÇU - SICOOB CREDIGUAÇU;67.960.229;b3S;I;2;S4;9;DESCALVADO;SP;03/2022;291.970;2.220;39.240;86.974;56.942;6.682;4;0;192.061;91;2.066;5.423;8.436;1.357;0;0;17.373;835;7.385;6.040;0;0;0;0;14.260;1.528;43.272;2.326;0;0;0;0;47.127;0;0;0;0;0;0;0;0;473;4.515;16.160;0;0;0;0;21.148;0;0;0;0;0;0;0;0;0;0;0;0;0;0;0;0;0;0;0;0;0;0;0;0;0
COOPERATIVA DE CRÉDITO SUL-LITORÂNEA DO ESPÍRITO SANTO;32.474.884;b3S;I;2;S5;9;ALFREDO CHAVES;ES;03/2022;290.369;965;34.058;86.248;76.624;11.455;5;0;209.355;7;4.918;13.889;28.280;9.365;431;0;56.892;411;3.856;889;0;0;0;0;5.157;130;16.227;1.586;0;0;0;0;17.942;0;0;0;0;0;0;0;0;662;310;0;0;0;0;0;971;0;0;0;0;0;0;0;0;0;0;21;30;0;0;0;52;0;0;0;0;0;0;0;0;0
COOPERATIVA DE CRÉDITO EVOLUA;10.311.218;b3S;I;2;S5;9;FRANCISCO BELTRAO;PR;03/2022;288.688;732;10.536;27.254;37.942;10.231;2.139;0;88.835;329;9.051;24.952;48.331;22.552;14.932;0;120.148;0;3.989;9.678;0;0;0;0;13.667;386;19.968;2.449;0;0;0;0;22.803;0;0;0;0;0;0;0;0;2.216;1.030;1.252;1.592;437;2;0;6.530;47;1.850;5.320;11.445;9.228;8.815;0;36.704;0;0;0;0;0;0;0;0;0;0;0;0;0;0;0;0;0
SICOOB UNIMAIS METROPOLITANA - COOPERATIVA DE CRÉDITO DE LIVRE ADMISSÃO;259.231;b3S;I;2;S5;9;SANTOS;SP;03/2022;285.310;1.945;28.197;74.936;107.852;33.922;6.943;0;253.796;84;1.111;3.072;6.703;1.766;1.746;0;14.482;335;5.015;0;0;0;0;0;5.350;458;9.464;525;0;0;0;0;10.447;0;0;0;0;0;0;0;0;1.230;6;0;0;0;0;0;1.236;0;0;0;0;0;0;0;0;0;0;0;0;0;0;0;0;0;0;0;0;0;0;0;0;0
COOPERATIVA DE CRÉDITO CREDIFIEMG LTDA. - SICOOB CREDIFIEMG;7.469.260;b3S;I;2;S5;9;BELO HORIZONTE;MG;03/2022;281.135;1.501;29.120;72.918;114.102;30.927;1.711;0;250.279;0;547;1.451;3.001;708;0;0;5.706;34;19.118;0;0;0;0;0;19.152;66;5.422;403;0;0;0;0;5.891;0;0;0;0;0;0;0;0;100;7;0;0;0;0;0;107;0;0;0;0;0;0;0;0;0;0;0;0;0;0;0;0;0;0;0;0;0;0;0;0;0
COOPERATIVA DE CRÉDITO, POUPANÇA E INVESTIMENTO DO NOROESTE DE MATO GROSSO, ACRE E AMAZONAS - SICREDI BIOMAS;33.022.690;b3S;I;2;S4;9;ARAPUTANGA;MT;03/2022;280.508;756;19.614;49.069;57.105;9.774;1.432;0;137.751;378;5.456;14.293;28.149;8.048;79;0;56.403;778;10.044;26.918;10;0;0;0;37.750;281;20.197;1.740;0;0;0;0;22.218;0;0;0;0;0;0;0;0;1.833;13.077;7.196;2.700;876;363;0;26.044;13;70;203;56;0;0;0;342;0;0;0;0;0;0;0;0;0;0;0;0;0;0;0;0;0
COOPERATIVA DE CRÉDITO DO NORTE E NOROESTE DE MINAS GERAIS LTDA. - SICOOB CREDIGERAIS;698.609;b3S;I;2;S5;9;PARACATU;MG;03/2022;279.427;1.619;19.554;56.468;84.853;14.771;103;0;177.368;101;2.975;8.369;19.133;8.610;13;0;39.201;1.060;17.542;0;0;0;0;0;18.601;312;15.202;2.077;0;0;0;0;17.590;0;0;0;0;0;0;0;0;1.188;200;5.340;682;100;0;0;7.510;0;0;0;0;0;0;0;0;0;7.630;8.311;2.107;789;320;0;19.157;0;0;0;0;0;0;0;0;0
COOPERATIVA DE CREDITO, POUPANÇA E INVESTIMENTO RIO PARANA - SICREDI RIO PARANA PR/SP;81.206.039;b3S;I;2;S4;9;NOVA LONDRINA;PR;03/2022;277.176;361;17.454;45.840;58.838;11.184;824;0;134.501;13;4.046;13.826;20.421;5.796;822;0;44.924;1.001;15.076;16.364;139;0;0;0;32.580;89;24.239;2.413;0;0;0;0;26.741;0;0;0;0;0;0;0;0;1.501;14.954;10.804;7.968;1.991;126;0;37.344;0;214;643;228;0;0;0;1.085;0;0;0;0;0;0;0;0;0;0;0;0;0;0;0;0;0
STARA FINANCEIRA S.A. - CRÉDITO FINANCIAMENTO E INVESTIMENTO;17.359.351;n1;I;2;S5;14;NAO-ME-TOQUE;RS;03/2022;276.451;0;0;0;0;0;0;0;0;0;121.109;151.258;0;0;0;0;272.367;0;0;0;0;0;0;0;0;0;0;0;0;0;0;0;0;0;0;0;0;0;0;0;0;0;0;0;0;0;0;0;0;0;0;0;0;0;0;0;0;0;1.540;0;1.888;657;0;0;4.084;0;0;0;0;0;0;0;0;0
COOPERATIVA DE CRÉDITO DOS PROFISSIONAIS DA ÁREA DA SAÚDE E DE LIVRE ADMISSÃO LTDA - UNICRED ALIANÇA;70.937.271;b3S;I;2;S5;9;UBERLANDIA;MG;03/2022;275.669;529;20.145;50.784;83.103;33.350;13.185;0;201.096;32;4.465;12.025;18.471;6.747;1.486;0;43.225;376;3.249;14.633;463;0;0;0;18.721;77;8.654;966;1;0;0;0;9.697;0;0;0;0;0;0;0;0;143;253;728;1.368;437;0;0;2.929;0;0;0;0;0;0;0;0;0;0;0;0;0;0;0;0;0;0;0;0;0;0;0;0;0
COOPECREDI GUARIBA - COOPERATIVA DE CREDITO;44.469.161;b3S;I;2;S4;9;GUARIBA;SP;03/2022;275.105;177;30.439;38.238;129.104;15.666;48;0;213.671;5;1.864;5.374;9.181;1.106;0;0;17.531;265;6.636;3.348;0;0;0;0;10.249;0;21.619;1.359;0;0;0;0;22.978;0;0;0;0;0;0;0;0;346;59;183;534;31;0;0;1.153;0;0;0;0;0;0;0;0;0;4.967;4.516;40;0;0;0;9.523;0;0;0;0;0;0;0;0;0
COOPERATIVA DE CRÉDITO, POUPANÇA E INVESTIMENTO DO CERRADO DE GOIÁS - SICREDI CERRADO GO;6.332.931;b3S;I;2;S4;9;GOIANIA;GO;03/2022;274.191;942;16.408;39.128;44.246;3.963;55;0;104.742;46;3.048;9.612;17.818;6.344;542;0;37.410;843;9.175;15.244;0;0;0;0;25.263;73;16.840;2.280;0;0;0;0;19.194;0;0;0;0;0;0;0;0;1.803;17.302;20.087;30.714;12.357;4.812;341;87.416;6;36;97;29;0;0;0;168;0;0;0;0;0;0;0;0;0;0;0;0;0;0;0;0;0
COOPERATIVA DE CRÉDITO INTEGRADO - SICOOB INTEGRADO;7.122.321;b3S;I;2;S5;9;PATO BRANCO;PR;03/2022;273.688;2.815;26.288;75.696;92.315;21.518;3.720;0;222.352;0;36;95;107;0;0;0;238;789;2.266;3.150;163;0;0;0;6.368;367;27.790;2.523;0;0;0;0;30.680;0;0;0;0;0;0;0;0;734;5.289;83;19;0;0;0;6.125;0;0;0;0;0;0;0;0;0;877;6.993;56;0;0;0;7.926;0;0;0;0;0;0;0;0;0
COOPERATIVA DE CRÉDITO CREDILIVRE LTDA. - SICOOB CREDILIVRE;41.697.103;b3S;I;2;S5;9;MANHUACU;MG;03/2022;271.501;2.404;25.785;68.251;112.841;9.279;0;0;218.560;88;2.039;5.818;14.507;6.906;23;0;29.380;1.278;5.955;3.747;0;0;0;0;10.980;594;8.506;1.336;0;0;0;0;10.436;0;0;0;0;0;0;0;0;1.538;84;0;0;0;0;0;1.622;0;0;0;0;0;0;0;0;0;0;487;10;10;17;0;523;0;0;0;0;0;0;0;0;0
COOPERATIVA DE CRÉDITO, POUPANÇA E INVESTIMENTO DE CAMPO GRANDE E REGIÃO - SICREDI CAMPO GRANDE MS;3.042.597;b3S;I;2;S4;9;CAMPO GRANDE;MS;03/2022;271.218;1.065;15.411;37.045;54.584;14.108;3.211;0;125.423;124;3.219;9.218;17.669;5.142;4;0;35.376;1.379;15.185;23.825;204;0;0;0;40.592;104;8.969;1.002;0;0;0;0;10.075;0;0;0;0;0;0;0;0;2.582;20.859;11.879;12.343;6.662;2.662;0;56.987;5;124;371;130;0;0;0;631;0;1.492;642;0;0;0;0;2.134;0;0;0;0;0;0;0;0;0
BANCO DE DESENVOLVIMENTO DO ESPIRITO SANTO S.A.;28.145.829;b4;I;1;S4;5;VITORIA;ES;03/2022;270.847;0;0;0;0;0;0;0;0;224;9.593;28.528;60.904;19.517;5.686;0;124.451;0;0;0;0;0;0;0;0;0;0;0;0;0;0;0;0;0;0;0;0;0;0;0;0;361;3.155;7.861;13.499;2.835;394;0;28.105;519;8.892;22.037;54.319;21.996;6.129;0;113.891;0;544;515;1.743;1.576;22;0;4.399;0;0;0;0;0;0;0;0;0
COOPERATIVA DE CRÉDITO UNIQUE BR;73.647.935;b3S;I;2;S5;9;CAMPO GRANDE;MS;03/2022;265.711;483;12.992;33.522;40.780;6.657;25;0;94.459;61;7.395;21.029;48.390;22.516;1.727;56;101.175;0;14.288;4.867;0;0;0;0;19.156;312;4.806;666;0;0;0;0;5.784;0;0;0;0;0;0;0;0;398;5.218;14.173;20.814;3.896;638;0;45.138;0;0;0;0;0;0;0;0;0;0;0;0;0;0;0;0;0;0;0;0;0;0;0;0;0
COOPERATIVA DE CRÉDITO DE LIVRE ADMISSÃO E DOS TRANSPORTADORES RODOVIÁRIOS DE VEÍCULOS - SICOOB CREDCEG;7.789.195;b3S;I;2;S5;9;SAO BERNARDO DO CAMPO;SP;03/2022;264.722;718;17.366;27.124;36.284;8.909;5.532;0;95.933;605;13.405;41.063;74.553;24.411;21;0;154.060;462;4.032;5.227;0;0;0;0;9.721;264;2.753;1.566;0;0;0;0;4.584;0;0;0;0;0;0;0;0;219;205;0;0;0;0;0;425;0;0;0;0;0;0;0;0;0;0;0;0;0;0;0;0;0;0;0;0;0;0;0;0;0
COOPERATIVA DE CRÉDITO DE LIVRE ADMISSÃO DO ALTO VALE DO ITAJAÍ - VIACREDI ALTO VALE;16.779.741;b3S;I;2;S5;9;IBIRAMA;SC;03/2022;264.119;631;16.477;40.890;49.244;10.761;4.083;0;122.087;226;6.878;18.286;31.161;12.005;8.328;0;76.884;0;2.193;9.390;0;0;0;0;11.583;236;17.368;2.002;0;0;0;0;19.605;0;0;0;0;0;0;0;0;1.235;922;1.589;1.880;427;320;0;6.373;394;3.916;9.827;12.164;1.279;5;0;27.586;0;0;0;0;0;0;0;0;0;0;0;0;0;0;0;0;0
COOPERATIVA DE CRÉDITO, POUPANÇA E INVESTIMENTO DO PLANALTO CENTRAL - SICREDI PLANALTO CENTRAL;10.736.214;b3S;I;2;S4;9;CRISTALINA;GO;03/2022;264.074;566;12.291;28.924;36.798;3.511;351;0;82.440;75;4.686;13.703;27.022;7.828;334;0;53.646;917;13.158;18.551;45;0;0;0;32.670;300;9.385;1.574;0;0;0;0;11.259;0;0;0;0;0;0;0;0;2.291;18.846;20.401;28.383;13.309;485;0;83.714;0;29;87;26;0;0;0;141;0;0;0;203;0;0;0;203;0;0;0;0;0;0;0;0;0
COOPERATIVA DE CRÉDITO DE LIVRE ADMISSÃO DA GRANDE GOIÂNIA LTDA.;10.209.619;b3S;I;2;S5;9;GOIANIA;GO;03/2022;263.892;3.409;19.921;50.600;96.787;17.494;3.905;86;192.202;34;1.726;4.681;10.759;3.477;0;0;20.677;955;5.405;656;0;0;0;0;7.017;2.856;35.712;4.103;0;0;0;0;42.671;0;0;0;0;0;0;0;0;1.021;304;0;0;0;0;0;1.325;0;0;0;0;0;0;0;0;0;0;0;0;0;0;0;0;0;0;0;0;0;0;0;0;0
COOPERATIVA DE CRÉDITO ALTO VALE DO ITAJAÍ - SICOOB ALTO VALE;80.959.612;b3S;I;2;S5;9;RIO DO SUL;SC;03/2022;262.803;320;19.715;61.706;83.780;14.287;601;0;180.408;69;4.544;12.417;26.138;11.301;8.760;0;63.230;84;1.442;1.295;15;0;0;0;2.835;53;14.458;1.619;0;0;0;0;16.129;0;0;0;0;0;0;0;0;170;30;0;0;0;0;0;200;0;0;0;0;0;0;0;0;0;0;0;0;0;0;0;0;0;0;0;0;0;0;0;0;0
COOPERATIVA DE CRÉDITO, POUPANÇA E INVESTIMENTO NOVOS HORIZONTES - SICREDI NOVOS HORIZONTES PR/SP;7.206.072;b3S;I;2;S4;9;ARAPOTI;PR;03/2022;260.080;263;12.384;33.577;47.223;10.851;6.588;0;110.886;17;5.958;20.544;38.303;14.807;411;0;80.040;302;7.727;9.959;15;0;0;0;18.002;45;16.354;1.731;0;0;0;0;18.130;0;0;0;0;0;0;0;0;929;10.060;7.894;7.040;2.713;797;0;29.432;1;330;967;366;0;0;0;1.664;0;1.925;0;0;0;0;0;1.925;0;0;0;0;0;0;0;0;0
MOVA SOCIEDADE DE EMPRÉSTIMO ENTRE PESSOAS S.A.;33.959.738;n1;I;2;S5;44;SAO PAULO;SP;03/2022;256.711;0;0;0;0;0;0;0;0;0;0;0;0;0;0;0;0;0;0;0;0;0;0;0;0;0;0;0;0;0;0;0;0;0;0;0;0;0;0;0;0;19.624;99.992;112.340;24.295;460;0;0;256.711;0;0;0;0;0;0;0;0;0;0;0;0;0;0;0;0;0;0;0;0;0;0;0;0;0
COOPERATIVA DE CRÉDITO DO NORTE CATARINENSE - ACREDICOOP;3.461.243;b3S;I;2;S5;9;JOINVILLE;SC;03/2022;252.378;422;14.932;36.860;47.052;10.276;1.673;0;111.215;312;8.315;21.978;37.567;14.170;14.102;722;97.166;0;2.094;5.298;0;0;0;0;7.392;150;15.423;613;0;0;0;0;16.186;0;0;0;0;0;0;0;0;701;709;1.379;2.237;841;439;0;6.305;150;1.625;4.243;6.151;1.861;84;0;14.113;0;0;0;0;0;0;0;0;0;0;0;0;0;0;0;0;0
COOPERATIVA DE CRÉDITO, POUPANÇA E INVESTIMENTO NOSSA TERRA - SICREDI NOSSA TERRA PR/SP;81.192.106;b3S;I;2;S4;9;CAFELANDIA;PR;03/2022;250.654;321;17.076;37.214;44.100;8.495;3.421;0;110.628;40;2.581;7.389;9.803;2.386;600;0;22.798;739;5.573;15.366;1.052;0;0;0;22.731;157;7.623;1.342;0;0;0;0;9.121;0;0;0;0;0;0;0;0;851;12.966;16.811;29.332;12.381;12.095;0;84.437;0;185;554;199;0;0;0;939;0;0;0;0;0;0;0;0;0;0;0;0;0;0;0;0;0
COOPERATIVA DE CRÉDITO DE LIVRE ADMISSÃO DO NORTE DE MATO GROSSO - SICOOB NORTE MT;23.623.636;b3S;I;2;S5;9;SINOP;MT;03/2022;246.332;653;13.571;38.582;57.200;14.887;7;0;124.899;97;6.126;17.391;41.821;15.562;17;0;81.016;424;1.920;2.205;45;0;0;0;4.594;909;30.053;4.188;0;0;0;0;35.150;0;0;0;0;0;0;0;0;569;69;6;16;12;0;0;672;0;0;0;0;0;0;0;0;0;0;0;0;0;0;0;0;0;0;0;0;0;0;0;0;0
COOPERATIVA DE CRÉDITO INTEGRAÇÃO ROTA DAS TERRAS - SICREDI INTEGRAÇÃO ROTA DAS TERRAS RS/MG;87.510.475;b3S;I;2;S4;9;TAPERA;RS;03/2022;246.135;236;13.560;29.237;40.808;7.543;7.323;0;98.707;57;3.424;9.006;18.957;8.481;1.776;0;41.700;895;8.521;30.422;1.057;0;0;0;40.894;202;16.526;3.560;1;0;0;0;20.290;0;0;0;0;0;0;0;0;666;5.477;8.883;15.550;7.475;4.999;0;43.050;0;112;330;394;1;0;0;837;0;234;54;106;106;158;0;657;0;0;0;0;0;0;0;0;0
BANCO KEB HANA DO BRASIL S.A.;2.318.507;b1;I;3;S4;2;SAO PAULO;SP;03/2022;245.822;0;6.152;79.550;0;0;0;0;85.702;0;0;0;0;0;0;0;0;0;0;0;0;0;0;0;0;0;0;0;0;0;0;0;0;0;36.061;0;0;0;0;0;36.061;0;46.215;77.844;0;0;0;0;124.059;0;0;0;0;0;0;0;0;0;0;0;0;0;0;0;0;0;0;0;0;0;0;0;0;0
COOPERATIVA DE CREDITO CREDICERIPA - SICOOB CREDICERIPA;966.246;b3S;I;2;S4;9;ITAI;SP;03/2022;245.765;835;19.327;55.423;55.406;4.663;0;0;135.654;3;4.822;13.473;27.233;5.258;0;0;50.789;740;3.837;2.633;1;0;0;0;7.210;734;38.853;3.888;0;0;0;0;43.476;0;0;0;0;0;0;0;0;537;253;0;0;0;0;0;790;0;0;0;0;0;0;0;0;0;5.114;2.732;0;0;0;0;7.847;0;0;0;0;0;0;0;0;0
COOPERATIVA DE CRÉDITO, POUPANÇA E INVESTIMENTO CENTRO SUL - SICREDI CENTRO SUL PR/SC/RJ;78.907.607;b3S;I;2;S4;9;PRUDENTOPOLIS;PR;03/2022;244.026;328;14.727;39.110;54.453;17.014;2.683;0;128.315;49;5.720;9.531;18.550;7.417;213;0;41.480;524;7.014;15.700;62;0;0;0;23.301;20;12.103;793;0;0;0;0;12.917;0;0;0;0;0;0;0;0;1.028;11.096;8.480;9.090;3.002;487;0;33.182;0;105;306;141;0;0;0;552;0;2.545;941;466;327;0;0;4.278;0;0;0;0;0;0;0;0;0
COOPERATIVA DE CRÉDITO, POUPANÇA E INVESTIMENTO GRANDES LAGOS DO PARANÁ E LITORAL PAULISTA - SICREDI GRANDES LAGOS PR/SP;81.115.149;b3S;I;2;S4;9;LARANJEIRAS DO SUL;PR;03/2022;241.514;488;16.914;40.579;60.376;18.469;15.082;0;151.909;33;2.373;6.119;11.004;4.294;651;0;24.475;1.027;7.174;15.506;240;0;0;0;23.946;169;8.508;1.308;0;0;0;0;9.985;0;0;0;0;0;0;0;0;1.309;12.922;8.993;4.959;1.564;326;0;30.073;31;208;592;296;0;0;0;1.127;0;0;0;0;0;0;0;0;0;0;0;0;0;0;0;0;0
COOPERATIVA DE CRÉDITO CREDINOR LTDA - SICOOB CREDINOR;21.866.694;b3S;I;2;S5;9;MONTES CLAROS;MG;03/2022;240.273;1.664;18.381;46.450;55.038;3.954;457;0;125.944;131;4.327;12.546;26.815;9.843;10;0;53.671;738;9.777;0;59;0;0;0;10.574;788;40.757;5.944;0;0;0;0;47.488;0;0;0;0;0;0;0;0;727;123;169;265;0;0;0;1.284;0;0;0;0;0;0;0;0;0;0;494;682;135;0;0;1.311;0;0;0;0;0;0;0;0;0
COOPERATIVA DE CRÉDITO DE LIVRE ADMISSÃO SICOOB UNIMAIS CENTRO LESTE PAULISTA - SICOOB UNIMAIS CENTRO LESTE PAULISTA;1.259.518;b3S;I;2;S5;9;RIO CLARO;SP;03/2022;237.291;1.016;11.748;32.723;71.749;41.023;28.292;0;186.550;124;2.801;7.803;16.638;6.988;1.223;0;35.576;432;3.109;0;0;0;0;0;3.541;1.196;9.727;189;0;0;0;0;11.112;0;0;0;0;0;0;0;0;455;53;3;0;0;0;0;511;0;0;0;0;0;0;0;0;0;0;0;0;0;0;0;0;0;0;0;0;0;0;0;0;0
COOPERATIVA DE CRÉDITO, POUPANÇA E INVESTIMENTO TERRA DOS PINHEIRAIS DO PARANÁ E NOROESTE PAULISTA - SICREDI PLANALTO DAS ÁGUAS PR/SP;77.984.870;b3S;I;2;S4;9;GUARAPUAVA;PR;03/2022;235.005;550;16.115;38.622;48.082;7.919;276;0;111.564;47;1.950;6.056;13.496;4.356;253;0;26.158;410;7.554;20.958;17;0;0;0;28.939;222;14.899;1.533;0;0;0;0;16.654;0;0;0;0;0;0;0;0;905;10.516;10.969;16.631;9.039;3.213;0;51.272;0;86;258;71;0;0;0;416;0;0;0;0;0;0;0;0;0;0;0;0;0;0;0;0;0
UNIPRIME PIONEIRA COOPERATIVA DE CRÉDITO;1.286.361;b3S;I;2;S5;9;TOLEDO;PR;03/2022;233.651;213;4.042;11.206;19.531;4.908;882;0;40.783;383;6.376;17.634;35.784;18.257;13.333;0;91.767;228;4.020;24.458;8.527;317;0;0;37.549;660;11.504;1.354;0;0;0;0;13.518;0;0;0;0;0;0;0;0;779;3.809;11.617;19.470;7.661;6.697;0;50.034;0;0;0;0;0;0;0;0;0;0;0;0;0;0;0;0;0;0;0;0;0;0;0;0;0
COOPERATIVA DE CRÉDITO AGROCREDI LTDA. - SICOOB AGROCREDI;42.873.828;b3S;I;2;S4;9;GUAXUPE;MG;03/2022;232.375;1.315;15.838;51.850;55.245;5.501;215;0;129.963;28;3.019;8.740;16.679;4.150;12;0;32.626;939;39.407;5.999;0;0;0;0;46.344;84;19.712;1.428;0;0;0;0;21.224;0;0;0;0;0;0;0;0;643;311;26;25;0;0;0;1.005;0;0;0;0;0;0;0;0;0;0;1.212;0;0;0;0;1.212;0;0;0;0;0;0;0;0;0
COOPERATIVA DE ECONOMIA E CRÉDITO MÚTUO DOS MÉDICOS DOS VALES DO TAQUARI E RIO PARDO E REGIÃO DA PRODUÇÃO LTDA. - UNICRED PREMIUM;1.635.462;b3S;I;2;S5;9;LAJEADO;RS;03/2022;228.539;9;5.927;16.432;34.165;21.583;22.277;0;100.393;55;4.889;13.368;23.170;13.995;9.301;0;64.778;0;2.429;3.163;47;0;0;0;5.639;16;1.548;639;0;0;0;0;2.202;0;0;0;0;0;0;0;0;49;2.762;8.073;18.224;12.982;13.436;0;55.527;0;0;0;0;0;0;0;0;0;0;0;0;0;0;0;0;0;0;0;0;0;0;0;0;0
COOPERATIVA DE CRÉDITO COCRE;54.401.286;b3S;I;2;S4;9;PIRACICABA;SP;03/2022;227.625;818;22.150;53.768;45.583;5.901;13;0;128.233;34;4.534;12.988;27.829;7.242;87;0;52.714;650;1.924;6.264;0;0;0;0;8.838;152;11.089;993;0;0;0;0;12.234;0;0;0;0;0;0;0;0;400;239;3.812;10.779;325;0;0;15.555;0;0;0;0;0;0;0;0;0;0;10.048;4;0;0;0;10.051;0;0;0;0;0;0;0;0;0
COOPERATIVA DE CREDITO NOSSO - SICOOB NOSSO;59.869.560;b3S;I;2;S5;9;ADAMANTINA;SP;03/2022;227.239;1.255;19.195;67.823;68.453;9.599;0;0;166.326;1;2.063;6.032;12.964;2.567;7;0;23.633;603;5.261;5.400;239;0;0;0;11.502;434;22.643;1.903;0;0;0;0;24.981;0;0;0;0;0;0;0;0;309;116;0;0;0;0;0;424;0;0;0;0;0;0;0;0;0;136;187;50;0;0;0;373;0;0;0;0;0;0;0;0;0
COOPERATIVA DE CRÉDITO CREDISETE LTDA. - SICOOB CREDISETE;22.753.982;b3S;I;2;S5;9;SETE LAGOAS;MG;03/2022;225.589;1.252;18.971;40.790;61.205;9.695;424;0;132.337;151;6.329;19.319;41.707;9.101;5;0;76.613;472;3.942;2.742;86;0;0;0;7.243;68;6.181;858;0;0;0;0;7.107;0;0;0;0;0;0;0;0;544;177;740;703;125;0;0;2.289;0;0;0;0;0;0;0;0;0;0;0;0;0;0;0;0;0;0;0;0;0;0;0;0;0
COOPERATIVA DE CRÉDITO COM INTERAÇÃO SOLIDÁRIA DO VALE EUROPEU - CRESOL VALE EUROPEU;7.512.780;b3S;I;2;S5;9;AGUAS MORNAS;SC;03/2022;224.978;269;7.886;22.823;40.030;12.160;3.569;0;86.738;58;2.716;8.006;20.683;11.580;1.866;0;44.910;206;1.456;10.673;4.764;16;0;0;17.115;449;9.465;912;0;0;0;0;10.825;0;0;0;0;0;0;0;0;1.007;590;1.485;3.323;680;117;69;7.270;289;5.624;16.636;29.015;5.866;414;0;57.842;0;7;57;74;56;84;0;278;0;0;0;0;0;0;0;0;0
COOPERATIVA DE CRÉDITO DE LIVRE ADMISSÃO DA UNIÃO DOS VALES DO PIRANGA E MATIPÓ LTDA.   SICOOB UNIÃO;1.060.307;b3S;I;2;S5;9;RAUL SOARES;MG;03/2022;222.827;940;19.892;61.295;72.541;14.453;1.845;0;170.966;42;2.983;8.242;16.258;5.588;445;0;33.557;483;2.318;1.611;0;0;0;0;4.412;58;8.179;1.289;0;0;0;0;9.525;0;0;0;0;0;0;0;0;903;164;387;733;315;0;0;2.502;0;0;0;0;0;0;0;0;0;0;1.173;417;110;165;0;1.864;0;0;0;0;0;0;0;0;0
COOPERATIVA DE CRÉDITO NOROESTE DE MINAS LTDA. - SICOOB NOROESTE DE MINAS;86.564.051;b3S;I;2;S5;9;UNAI;MG;03/2022;222.727;121;11.207;48.684;50.526;31.769;23.791;0;166.098;19;1.589;3.892;8.594;3.732;1.538;0;19.364;109;566;1.855;61;0;0;0;2.591;6;1.583;349;0;0;0;0;1.938;0;0;0;0;0;0;0;0;100;97;0;65;0;0;0;262;0;0;0;0;0;0;0;0;0;15.771;12.784;699;2.221;1.000;0;32.475;0;0;0;0;0;0;0;0;0
COOPERATIVA DE CRÉDITO DE LIVRE ADMISSÃO DE BELO HORIZONTE E CIDADES POLO DO ESTADO DE MINAS GERAIS LTDA. - SICOOB NOSSACOOP;1.760.242;b3S;I;2;S5;9;BELO HORIZONTE;MG;03/2022;221.173;679;14.043;41.027;79.981;13.726;419;0;149.875;162;4.497;13.549;28.861;4.828;0;0;51.897;454;9.611;0;0;0;0;0;10.065;658;7.607;791;0;0;0;0;9.056;0;0;0;0;0;0;0;0;230;49;0;0;0;0;0;279;0;0;0;0;0;0;0;0;0;0;0;0;0;0;0;0;0;0;0;0;0;0;0;0;0
COOPERATIVA DE CRÉDITO CREDIFOR LTDA - SICOOB CREDIFOR;41.931.445;b3S;I;2;S5;9;FORMIGA;MG;03/2022;220.763;598;25.336;57.409;69.225;12.103;474;0;165.146;0;1.883;5.511;11.678;4.215;198;0;23.484;263;3.927;4.849;14;0;0;0;9.054;154;20.325;1.863;0;0;0;0;22.341;0;0;0;0;0;0;0;0;229;104;78;190;137;0;0;737;0;0;0;0;0;0;0;0;0;0;0;0;0;0;0;0;0;0;0;0;0;0;0;0;0
COOPERATIVA DE CRÉDITO DA FOZ DO RIO ITAJAÍ AÇU - CREDIFOZ;9.512.539;b3S;I;2;S5;9;ITAJAI;SC;03/2022;220.720;678;10.843;25.209;28.181;5.269;478;0;70.657;758;8.272;21.919;38.236;16.295;16.500;3;101.984;0;5.235;6.758;8;0;0;0;12.001;159;11.947;773;0;0;0;0;12.879;0;0;0;0;0;0;0;0;2.429;2.087;3.706;4.448;1.651;655;0;14.976;163;1.156;2.898;3.437;566;2;0;8.224;0;0;0;0;0;0;0;0;0;0;0;0;0;0;0;0;0
COOPERATIVA DE CRÉDITO DE LIVRE ADMISSÃO DO CENTRO NORTE DOS ESTADOS DE MATO GROSSO E MATO GROSSO DO SUL - SICOOB UNIÃO MT/MS;3.326.437;b3S;I;2;S5;9;CUIABA;MT;03/2022;220.653;2.407;18.949;52.050;47.981;6.851;2.489;0;130.727;278;5.039;14.593;34.816;12.255;20;0;67.002;931;3.522;1.618;0;0;0;0;6.070;518;12.190;1.287;0;0;0;0;13.995;0;0;0;0;0;0;0;0;962;301;100;289;328;609;271;2.859;0;0;0;0;0;0;0;0;0;0;0;0;0;0;0;0;0;0;0;0;0;0;0;0;0
COOPERATIVA DE CREDITO DO CENTRO DO ESTADO DE RONDONIA - SICOOB CENTRO;8.044.854;b3S;I;2;S5;9;JI-PARANA;RO;03/2022;220.346;1.365;27.582;46.938;45.893;5.769;0;0;127.548;38;2.095;5.714;13.188;6.690;15;0;27.740;562;4.761;0;0;0;0;0;5.324;266;11.458;898;0;0;0;0;12.622;0;0;0;0;0;0;0;0;723;142;5.226;0;0;0;0;6.091;0;0;0;0;0;0;0;0;0;11.257;27.609;2.154;0;0;0;41.021;0;0;0;0;0;0;0;0;0
COOPERATIVA DE CRÉDITO DE LIVRE ADMISSÃO DO MÉDIO LESTE DE MATO GROSSO - SICOOB PRIMAVERA MT;5.241.619;b3S;I;2;S5;9;PRIMAVERA DO LESTE;MT;03/2022;219.432;782;25.111;46.896;65.264;21.672;896;0;160.621;51;1.654;5.690;12.359;6.173;472;0;26.398;619;4.764;26;0;0;0;0;5.409;90;13.615;1.833;0;0;0;0;15.537;0;0;0;0;0;0;0;0;810;80;449;898;903;719;0;3.859;0;0;0;0;0;0;0;0;0;0;7.608;0;0;0;0;7.608;0;0;0;0;0;0;0;0;0
BANCO DO ESTADO DO PARÁ S.A.;4.913.711;b1;I;1;S3;8;BELEM;PA;03/2022;219.003;5.678;24.953;46.213;35.587;70;0;0;112.500;0;0;0;0;0;0;0;0;1.385;2.991;0;0;0;0;0;4.377;0;14;0;0;0;0;0;14;0;13.585;48.163;0;0;0;0;61.748;92;125;206;126;30;0;0;580;39;424;1.773;5.207;3.514;1.986;0;12.944;0;0;30;6;3;0;0;38;0;596;12.241;13.965;0;0;0;26.802;0
COOPERATIVA DE CRÉDITO POUPANÇA E INVESTIMENTO PANTANAL DO MATO GROSSO DO SUL - SICREDI PANTANAL MS;26.408.187;b3S;I;2;S4;9;MARACAJU;MS;03/2022;218.220;234;18.490;48.038;39.595;6.873;2;0;113.231;39;3.127;6.580;12.124;4.223;5;0;26.098;520;8.354;20.116;0;0;0;0;28.990;173;9.133;1.566;0;0;0;0;10.872;0;0;0;0;0;0;0;0;1.749;12.404;7.769;8.560;2.908;1.461;0;34.851;0;20;58;18;0;0;0;95;0;500;1.802;1.780;0;0;0;4.082;0;0;0;0;0;0;0;0;0
COOPERATIVA DE CRÉDITO DE LIVRE ADMISSÃO DE ASSOCIADOS DE MANAUS;1.566.038;b3S;I;2;S5;9;MANAUS;AM;03/2022;217.079;1.413;11.501;27.176;49.916;17.180;18.748;4.911;130.844;248;5.653;16.027;31.371;2.787;0;0;56.087;1.291;16.635;102;0;0;0;0;18.027;572;9.468;526;0;0;0;0;10.566;0;0;0;0;0;0;0;0;1.467;87;0;0;0;0;0;1.554;0;0;0;0;0;0;0;0;0;0;0;0;0;0;0;0;0;0;0;0;0;0;0;0;0
COOPERATIVA DE CRÉDITO COOPERAÇÃO RS/SC - SICREDI COOPERAÇÃO RS/SC;87.779.625;b3S;I;2;S4;9;NAO-ME-TOQUE;RS;03/2022;216.986;190;13.747;33.470;51.868;15.274;8.593;0;123.141;34;1.931;5.039;8.796;3.425;1.659;0;20.884;477;9.207;29.723;544;0;0;0;39.950;73;4.658;401;0;0;0;0;5.131;0;0;0;0;0;0;0;0;478;6.646;6.338;7.040;2.911;1.740;0;25.153;1;82;245;80;0;0;0;409;0;1.820;96;211;191;0;0;2.318;0;0;0;0;0;0;0;0;0
COOPERATIVA DE CRÉDITO, INVESTIMENTO E SERVIÇOS FINANCEIROS SICOOB UNI SUDESTE;86.389.236;b3S;I;2;S5;9;UBA;MG;03/2022;216.056;1.216;13.651;36.441;75.393;29.655;16.880;0;173.236;194;1.907;5.430;12.556;2.060;1.302;0;23.449;666;4.852;0;0;0;0;0;5.518;401;11.152;991;0;0;0;0;12.544;0;0;0;0;0;0;0;0;605;194;127;340;43;0;0;1.309;0;0;0;0;0;0;0;0;0;0;0;0;0;0;0;0;0;0;0;0;0;0;0;0;0
COOPERATIVA DE CREDITO CREDIMOTA   SICOOB CREDIMOTA;66.788.142;b3S;I;2;S5;9;CANDIDO MOTA;SP;03/2022;215.246;922;16.389;55.888;70.672;17.951;3.945;0;165.767;35;2.180;5.388;11.601;4.219;0;0;23.423;269;3.118;0;0;0;0;0;3.387;693;5.711;183;0;0;0;0;6.587;0;0;0;0;0;0;0;0;315;443;27;99;146;0;0;1.030;0;0;0;0;0;0;0;0;0;12.317;354;974;974;434;0;15.052;0;0;0;0;0;0;0;0;0
COOPERATIVA DE CRÉDITO DE LIVRE ADMISSÃO DE ASSOCIADOS OESTE CATARINENSE;78.825.023;b3S;I;2;S5;9;PALMITOS;SC;03/2022;213.721;406;11.569;29.956;53.811;21.102;4.341;0;121.185;113;4.204;11.519;27.364;15.705;11.308;0;70.214;62;745;2.126;17;10;0;0;2.959;59;13.406;3.769;0;0;0;0;17.235;0;0;0;0;0;0;0;0;45;49;162;371;220;247;0;1.095;0;0;0;0;0;0;0;0;0;687;203;41;41;62;0;1.034;0;0;0;0;0;0;0;0;0
LEASEPLAN ARRENDAMENTO MERCANTIL S.A.;4.836.002;n1;I;3;S4;19;BARUERI;SP;03/2022;212.058;0;0;0;0;0;0;0;0;704;41.603;77.137;90.572;2.042;0;0;212.058;0;0;0;0;0;0;0;0;0;0;0;0;0;0;0;0;0;0;0;0;0;0;0;0;0;0;0;0;0;0;0;0;0;0;0;0;0;0;0;0;0;0;0;0;0;0;0;0;0;0;0;0;0;0;0;0;0
COOPERATIVA DE CRÉDITO E INVESTIMENTO COM INTERAÇÃO SOLIDÁRIA TRADIÇÃO - CRESOL TRADIÇÃO;4.350.225;b3S;I;2;S5;9;FRANCISCO BELTRAO;PR;03/2022;210.014;332;6.429;18.957;34.040;13.821;1.814;0;75.393;157;1.355;3.515;9.575;5.755;919;0;21.276;23;3.184;23.437;22.172;7;0;0;48.822;273;11.967;2.063;0;0;0;0;14.303;0;0;0;0;0;0;0;0;344;6.597;5.556;940;789;59;35;14.320;22;2.479;7.468;17.668;7.565;441;0;35.643;8;15;39;105;88;0;0;255;0;0;0;0;0;0;0;0;0
COOPERATIVA DE CRÉDITO, POUPANÇA E INVESTIMENTO INTEGRAÇÃO DO SUL DE MATO GROSSO, AMAPÁ E PARÁ - SICREDI INTEGRAÇÃO MT/AP/PA;26.549.311;b3S;I;2;S4;9;RONDONOPOLIS;MT;03/2022;209.668;898;12.769;28.533;30.841;2.568;31;0;75.640;173;5.319;14.891;27.705;9.746;1.183;0;59.017;1.083;4.312;5.914;0;0;0;0;11.309;572;7.800;668;0;0;0;0;9.040;0;0;0;0;0;0;0;0;1.395;18.697;10.160;11.208;7.489;3.402;0;52.351;24;167;498;353;2;0;0;1.043;0;0;0;151;331;786;0;1.268;0;0;0;0;0;0;0;0;0
COOPERATIVA DE ECONOMIA E CRÉDITO MÚTUO UNICRED PONTO CAPITAL - UNICRED PONTO CAPITAL.;2.641.032;b3S;I;2;S5;9;SANTA MARIA;RS;03/2022;209.643;210;10.019;25.582;48.140;25.352;15.670;10;124.983;29;2.300;7.280;14.808;7.052;4.445;0;35.915;213;3.770;15.459;744;0;0;0;20.187;235;3.056;419;0;0;0;0;3.711;0;0;0;0;0;0;0;0;145;1.914;5.360;11.541;4.029;1.859;0;24.848;0;0;0;0;0;0;0;0;0;0;0;0;0;0;0;0;0;0;0;0;0;0;0;0;0
COOPERATIVA DE CRÉDITO, POUPANÇA E INVESTIMENTO SUL MINAS DO RIO GRANDE DO SUL E MINAS GERAIS - SICREDI SUL MINAS RS/MG.;87.784.088;b3S;I;2;S4;9;ESTACAO;RS;03/2022;208.015;457;17.412;30.893;33.629;15.242;15.021;0;112.654;51;4.677;7.327;13.116;6.611;1.323;0;33.105;293;5.923;10.152;0;0;0;0;16.368;46;5.140;411;0;0;0;0;5.597;0;0;0;0;0;0;0;0;378;4.366;5.466;9.609;7.871;11.933;66;39.690;0;14;40;14;0;0;0;69;0;532;0;0;0;0;0;532;0;0;0;0;0;0;0;0;0
COOPERATIVA DE CRÉDITO CREDIUNA LTDA - SICOOB CREDIUNA;64.237.530;b3S;I;2;S5;9;ITAUNA;MG;03/2022;207.665;1.153;20.641;51.053;69.949;17.192;5.377;0;165.363;1;1.910;4.719;8.991;1.674;0;0;17.295;73;2.440;2.426;0;0;0;0;4.939;89;12.127;907;0;0;0;0;13.123;0;0;0;0;0;0;0;0;269;62;16;37;0;0;0;383;0;0;0;0;0;0;0;0;0;286;2.316;2.788;1.170;0;0;6.561;0;0;0;0;0;0;0;0;0
BANCO XCMG BRASIL S.A.;36.658.769;b2;I;3;S4;8;POUSO ALEGRE;MG;03/2022;207.604;0;13.931;26.321;5.719;1.612;0;0;47.583;79;20.848;42.194;69.114;25.951;275;0;158.463;0;0;0;0;0;0;0;0;0;630;929;0;0;0;0;1.559;0;0;0;0;0;0;0;0;0;0;0;0;0;0;0;0;0;0;0;0;0;0;0;0;0;0;0;0;0;0;0;0;0;0;0;0;0;0;0;0;0
COOPERATIVA DE CRÉDITO DE LIVRE ADMISSÃO TRÊS FRONTEIRAS - SICOOB TRÊS FRONTEIRAS;4.876.393;b3S;I;2;S5;9;FOZ DO IGUACU;PR;03/2022;207.170;1.331;18.916;47.907;61.214;11.058;616;0;141.043;41;2.118;5.902;13.093;4.207;216;0;25.576;769;3.470;3.635;10;0;0;0;7.885;741;23.087;1.959;0;0;0;0;25.787;0;0;0;0;0;0;0;0;561;162;0;0;0;0;0;724;0;0;0;0;0;0;0;0;0;0;3.156;3.000;0;0;0;6.156;0;0;0;0;0;0;0;0;0
NOVO BANCO CONTINENTAL S.A. - BANCO MÚLTIPLO;74.828.799;b1;I;3;S4;8;PORTO ALEGRE;RS;03/2022;205.793;2.266;22.380;54.248;60.354;11.291;3.894;0;154.432;0;3.522;4.411;1.748;87;0;0;9.768;0;3;518;0;0;0;0;521;497;9.771;131;3;0;0;0;10.403;1.177;10.848;15.238;0;0;0;0;27.263;3;2;0;0;0;0;0;4;0;3.402;0;0;0;0;0;3.402;0;0;0;0;0;0;0;0;0;0;0;0;0;0;0;0;0
COOPERATIVA DE CREDITO DE LIVRE ADMISSAO DO VALE DO AÇO LTDA - SICOOB VALE DO AÇO;19.869.338;b3S;I;2;S5;9;IPATINGA;MG;03/2022;204.857;758;17.921;57.402;68.752;7.460;2;0;152.294;21;4.006;11.450;21.305;3.916;585;0;41.283;17;1.647;2.047;37;0;0;0;3.748;232;6.327;465;0;0;0;0;7.024;0;0;0;0;0;0;0;0;435;72;0;0;0;0;0;508;0;0;0;0;0;0;0;0;0;0;0;0;0;0;0;0;0;0;0;0;0;0;0;0;0
COOPERATIVA DE CRÉDITO DE LIVRE ADMISSÃO DE PERNAMBUCO - SICOOB PERNAMBUCO;3.732.359;b3S;I;2;S5;9;SAO JOSE DO EGITO;PE;03/2022;203.698;2.135;19.090;41.555;62.945;16.094;3.782;0;145.601;72;1.481;3.891;10.021;4.084;216;0;19.765;418;8.762;141;0;0;0;0;9.321;1.026;24.658;1.326;0;0;0;0;27.010;0;0;0;0;0;0;0;0;955;70;369;94;97;141;0;1.726;0;0;0;0;0;0;0;0;0;0;276;0;0;0;0;276;0;0;0;0;0;0;0;0;0
COOPERATIVA DE CRÉDITO DE LIVRE ADMISSÃO SICOOB ARENITO;7.026.923;b3S;I;2;S5;9;UMUARAMA;PR;03/2022;202.695;1.211;13.589;42.188;59.830;9.659;172;0;126.650;15;2.316;6.244;12.941;4.783;45;0;26.345;1.311;7.090;1.274;62;0;0;0;9.737;1.205;30.860;2.494;0;0;0;0;34.560;0;0;0;0;0;0;0;0;873;80;63;153;0;0;0;1.169;0;0;0;0;0;0;0;0;0;3.345;529;180;180;0;0;4.234;0;0;0;0;0;0;0;0;0
COOPERATIVA DE CRÉDITO DE LIVRE ADMISSÃO DA REGIÃO LESTE DA BACIA DO RIO DOCE LTDA   SICOOB CREDILESTE;5.158.093;b3S;I;2;S5;9;CARATINGA;MG;03/2022;200.986;1.295;14.445;38.449;49.321;19.624;20.262;0;143.397;113;2.501;7.109;15.613;3.840;14;0;29.190;311;5.941;0;0;0;0;0;6.252;537;19.083;2.058;0;0;0;0;21.678;0;0;0;0;0;0;0;0;401;70;0;0;0;0;0;470;0;0;0;0;0;0;0;0;0;0;0;0;0;0;0;0;0;0;0;0;0;0;0;0;0
COOPERATIVA DE CRÉDITO, POUPANÇA E INVESTIMENTO CENTRO SERRA - SICREDI CENTRO SERRA RS;87.067.757;b3S;I;2;S4;9;AGUDO;RS;03/2022;200.174;162;9.614;27.999;36.185;13.815;11.810;0;99.586;85;4.329;10.652;21.583;14.110;18.753;93;69.605;84;3.003;9.152;196;0;0;0;12.435;15;10.643;705;0;0;0;0;11.364;0;0;0;0;0;0;0;0;294;2.469;1.526;1.675;878;343;0;7.185;0;0;0;0;0;0;0;0;0;0;0;0;0;0;0;0;0;0;0;0;0;0;0;0;0
SICREDI CEARÁ CENTRO NORTE - COOPERATIVA DE CRÉDITO DA REGIÃO CENTRO NORTE DO CEARÁ;72.257.793;b3S;I;2;S5;9;FORTALEZA;CE;03/2022;197.952;1.141;21.335;46.385;46.278;3.021;505;0;118.664;60;3.962;11.443;22.794;9.350;494;0;48.103;273;2.505;2.706;0;0;0;0;5.484;285;6.034;533;0;0;0;0;6.851;0;0;0;0;0;0;0;0;885;7.830;4.933;2.982;1.135;129;0;17.894;0;134;386;437;0;0;0;956;0;0;0;0;0;0;0;0;0;0;0;0;0;0;0;0;0
COOPERATIVA DE CRÉDITO DOS PROFISSIONAIS DOS CREAS E DEMAIS ÁREAS TECNOLÓGICAS - CREDCREA;5.979.692;b3S;I;2;S5;9;FLORIANOPOLIS;SC;03/2022;193.654;1.147;18.701;45.934;55.422;9.167;348;0;130.719;173;2.857;7.501;12.720;5.762;3.827;1;32.840;0;1.666;5.613;0;0;0;0;7.279;313;5.700;446;5;4;0;0;6.467;0;0;0;0;0;0;0;0;1.659;1.081;2.333;4.272;2.003;1.608;0;12.957;10;101;281;900;917;1.182;0;3.392;0;0;0;0;0;0;0;0;0;0;0;0;0;0;0;0;0
COOPERATIVA DE CRÉDITO, POUPANÇA E INVESTIMENTO PARANAPANEMA PR/SP - SICREDI PARANAPANEMA PR/SP;79.086.997;b3S;I;2;S4;9;CAMBARA;PR;03/2022;192.594;425;17.215;30.783;36.547;8.135;2.937;0;96.042;23;2.771;7.502;13.310;4.005;256;0;27.866;892;11.266;5.383;0;0;0;0;17.541;282;12.371;1.079;0;0;0;0;13.731;0;0;0;0;0;0;0;0;1.212;10.377;9.202;9.561;4.005;2.429;0;36.786;0;54;161;48;0;0;0;264;0;0;363;0;0;0;0;363;0;0;0;0;0;0;0;0;0
COOPERATIVA DE CRÉDITO DE LIVRE ADMISSÃO UNIÃO DO CENTRO OESTE DE MINAS LTDA - SICOOB CREDESP;1.703.620;b3S;I;2;S5;9;BOM DESPACHO;MG;03/2022;192.557;351;26.533;54.304;67.480;7.736;11;0;156.415;0;928;2.567;5.421;1.343;0;0;10.258;140;763;335;1.707;0;0;0;2.945;38;20.445;1.398;0;0;0;0;21.881;0;0;0;0;0;0;0;0;93;46;22;33;0;0;0;194;0;0;0;0;0;0;0;0;0;0;864;0;0;0;0;864;0;0;0;0;0;0;0;0;0
COOPERATIVA DE CRÉDITO, POUPANÇA E INVESTIMENTO VALOR SUSTENTÁVEL - SICREDI VALOR SUSTENTÁVEL PR/SP;81.706.616;b3S;I;2;S4;9;JANDAIA DO SUL;PR;03/2022;191.459;395;10.617;26.534;43.085;9.423;653;0;90.706;26;2.506;6.321;13.636;4.662;60;0;27.211;471;13.722;19.904;715;0;0;0;34.811;95;13.507;1.575;0;0;0;0;15.178;0;0;0;0;0;0;0;0;1.074;8.293;5.993;4.301;1.883;1.045;0;22.589;8;90;270;75;0;0;0;443;0;0;521;0;0;0;0;521;0;0;0;0;0;0;0;0;0
COOPERATIVA DE CRÉDITO DE LIVRE ADMISSÃO DE ASSOCIADOS VALE DO CHAPECOZINHO - SICOOB VALCREDI SUL;2.090.126;b3S;I;2;S5;9;PASSOS MAIA;SC;03/2022;191.198;493;9.573;29.555;44.843;20.356;5.885;0;110.705;40;2.874;8.118;19.903;10.816;6.705;0;48.456;184;1.794;1.658;0;0;0;0;3.635;12;13.951;914;0;0;0;0;14.878;0;0;0;0;0;0;0;0;149;286;3.999;338;266;206;0;5.245;0;0;0;0;0;0;0;0;0;0;2.128;2.253;2.093;1.804;0;8.279;0;0;0;0;0;0;0;0;0
COOPERATIVA DE CREDITO CREDISUDESTE LTDA. - SICOOB CREDISUDESTE;22.656.789;b3S;I;2;S5;9;MURIAE;MG;03/2022;190.507;942;10.920;28.710;50.277;9.392;1.766;0;102.006;144;5.168;14.843;33.613;13.508;669;0;67.945;515;5.591;2.560;0;0;0;0;8.666;380;7.501;699;0;0;0;0;8.580;0;0;0;0;0;0;0;0;429;470;309;0;0;0;0;1.208;0;0;0;0;0;0;0;0;0;26;966;847;169;94;0;2.101;0;0;0;0;0;0;0;0;0
COOPERATIVA DE CREDITO COOPLIVRE;49.389.307;b3S;I;2;S5;9;CAPIVARI;SP;03/2022;189.663;2.267;17.633;38.200;55.306;15.178;2.898;0;131.482;24;2.007;5.463;12.381;3.531;0;0;23.405;612;11.869;184;0;0;0;0;12.665;474;16.789;1.701;0;0;0;0;18.964;0;0;0;0;0;0;0;0;284;261;2.603;0;0;0;0;3.147;0;0;0;0;0;0;0;0;0;0;0;0;0;0;0;0;0;0;0;0;0;0;0;0;0
COOPERATIVA DE POUPANÇA E CRÉDITO DO VALE DO RIO DOCE LTDA - SICOOB CREDIRIODOCE;25.606.237;b3S;I;2;S5;9;GOVERNADOR VALADARES;MG;03/2022;189.282;988;11.086;29.760;43.130;6.337;2.165;0;93.467;49;4.003;11.249;27.012;13.391;5.380;0;61.084;321;1.753;1.692;0;0;0;0;3.767;154;24.048;5.740;145;0;0;0;30.087;0;0;0;0;0;0;0;0;519;39;157;164;0;0;0;877;0;0;0;0;0;0;0;0;0;0;0;0;0;0;0;0;0;0;0;0;0;0;0;0;0
COOPERATIVA DE CRÉDITO DE LIVRE ADMISSÃO UNIÃO E NEGÓCIOS - SICOOB INTEGRAÇÃO;8.742.188;b3S;I;2;S5;9;CUIABA;MT;03/2022;185.727;2.902;20.087;43.564;49.830;10.625;220;0;127.228;207;2.441;5.404;10.557;3.805;258;0;22.671;1.875;5.403;3.261;0;0;0;0;10.539;1.662;13.461;1.924;0;0;0;0;17.047;0;0;0;0;0;0;0;0;1.820;162;471;1.055;879;1.513;0;5.899;0;0;0;0;0;0;0;0;0;0;2.341;0;0;0;0;2.341;0;0;0;0;0;0;0;0;0
COOPERATIVA DE CRÉDITO SICOOB CREDSEGURO LTDA.;2.935.307;b3S;I;2;S5;9;GOIANIA;GO;03/2022;184.722;1.380;14.227;43.789;60.550;18.802;6.384;0;145.131;628;1.852;4.750;11.361;3.765;41;0;22.397;705;8.018;0;0;0;0;0;8.724;419;5.092;794;0;0;0;0;6.305;0;0;0;0;0;0;0;0;830;425;175;512;219;3;0;2.165;0;0;0;0;0;0;0;0;0;0;0;0;0;0;0;0;0;0;0;0;0;0;0;0;0
FACTA FINANCEIRA S.A. - CRÉDITO FINANCIAMENTO E INVESTIMENTO;15.581.638;n1;I;2;S4;14;PORTO ALEGRE;RS;03/2022;184.618;156;12.241;53.026;61.136;36.262;21.796;0;184.618;0;0;0;0;0;0;0;0;0;0;0;0;0;0;0;0;0;0;0;0;0;0;0;0;0;0;0;0;0;0;0;0;0;0;0;0;0;0;0;0;0;0;0;0;0;0;0;0;0;0;0;0;0;0;0;0;0;0;0;0;0;0;0;0;0
COOPERATIVA DE CRÉDITO, POUPANÇA E INVESTIMENTO DE ESPUMOSO - SICREDI ESPUMOSO RS/MG;87.900.411;b3S;I;2;S4;9;ESPUMOSO;RS;03/2022;184.304;297;7.108;16.943;23.074;6.886;4.461;0;58.769;51;1.911;4.491;8.902;3.734;749;0;19.839;604;6.672;27.899;477;0;0;0;35.652;389;13.713;4.050;0;0;0;0;18.151;0;0;0;0;0;0;0;0;1.035;5.196;9.084;13.540;8.489;6.311;0;43.657;0;30;89;24;0;0;0;143;0;233;5.283;2.575;0;0;0;8.092;0;0;0;0;0;0;0;0;0
COOPERATIVA CENTRAL DE CRÉDITO DE SANTA CATARINA E RIO GRANDE DO SUL - SICOOB CENTRAL SC/RS;80.160.260;b3C;I;2;S3;9;FLORIANOPOLIS;SC;03/2022;184.152;0;13.665;148.718;10.553;7.925;3.291;0;184.152;0;0;0;0;0;0;0;0;0;0;0;0;0;0;0;0;0;0;0;0;0;0;0;0;0;0;0;0;0;0;0;0;0;0;0;0;0;0;0;0;0;0;0;0;0;0;0;0;0;0;0;0;0;0;0;0;0;0;0;0;0;0;0;0;0
COOPERATIVA DE CRÉDITO SICOOB ALIANÇA;6.174.009;b3S;I;2;S5;9;APUCARANA;PR;03/2022;183.051;1.522;20.364;51.046;54.972;6.429;101;0;134.434;7;1.452;3.867;6.623;936;0;0;12.885;528;1.382;2.869;0;0;0;0;4.780;506;17.523;689;0;0;0;0;18.718;0;0;0;0;0;0;0;0;544;612;1.160;1.556;444;0;0;4.315;0;0;0;0;0;0;0;0;0;344;6.164;958;453;0;0;7.919;0;0;0;0;0;0;0;0;0
COOPERATIVA DE CRÉDITO, POUPANÇA E INVESTIMENTO INTEGRAÇÃO - SICREDI INTEGRAÇÃO PR/SC;81.054.686;b3S;I;2;S4;9;LAPA;PR;03/2022;181.475;342;15.470;26.171;36.115;7.803;26;0;85.928;69;3.503;9.726;18.500;5.332;113;0;37.242;421;4.539;5.367;0;0;0;0;10.328;93;4.613;264;0;0;0;0;4.970;0;0;0;0;0;0;0;0;745;13.289;9.901;15.366;3.021;0;0;42.322;0;90;267;142;0;0;0;500;0;0;62;124;0;0;0;186;0;0;0;0;0;0;0;0;0
CENTRAL DAS COOPERATIVAS DE ECONOMIA E CRÉDITO DO PLANALTO CENTRAL LTDA - SICOOB PLANALTO CENTRAL;692.214;b3C;I;2;S4;9;BRASILIA;DF;03/2022;180.577;0;42.080;98.802;39.695;0;0;0;180.577;0;0;0;0;0;0;0;0;0;0;0;0;0;0;0;0;0;0;0;0;0;0;0;0;0;0;0;0;0;0;0;0;0;0;0;0;0;0;0;0;0;0;0;0;0;0;0;0;0;0;0;0;0;0;0;0;0;0;0;0;0;0;0;0;0
COOPERATIVA DE CRÉDITO, POUPANÇA E INVESTIMENTO SICREDI ARACAJU - SICREDI ARACAJU;2.923.389;b3S;I;2;S5;9;ARACAJU;SE;03/2022;176.470;1.084;16.721;38.094;51.556;13.860;7.723;0;129.038;8;1.389;3.673;7.580;3.140;782;0;16.572;213;3.274;687;0;0;0;0;4.174;248;4.459;209;0;0;0;0;4.916;0;0;0;0;0;0;0;0;809;7.162;5.853;4.631;2.178;1.126;9;21.769;0;0;0;0;0;0;0;0;0;0;0;0;0;0;0;0;0;0;0;0;0;0;0;0;0
COOPERATIVA DE CRÉDITO DE LIVRE ADMISSÃO DO PONTAL DO TRIANGULO LTDA - SICOOB CREDIPONTAL;26.178.533;b3S;I;2;S5;9;ITUIUTABA;MG;03/2022;175.578;115;23.891;33.236;47.693;16.648;8.531;0;130.113;9;1.287;3.639;7.298;2.000;81;0;14.314;131;4.488;2.144;0;0;0;0;6.764;11;17.271;1.519;0;0;0;0;18.801;0;0;0;0;0;0;0;0;57;64;1.176;1.432;58;93;0;2.880;0;0;0;0;0;0;0;0;0;0;494;909;893;411;0;2.707;0;0;0;0;0;0;0;0;0
COOPERATIVA DE CRÉDITO E INVESTIMENTO COM INTERAÇÃO SOLIDÁRIA FRONTEIRAS PR/SC/SP/ES - CRESOL FRONTEIRAS PR/SC/SP/ES;5.276.770;b3S;I;2;S5;9;REALEZA;PR;03/2022;174.918;244;6.209;15.241;28.511;9.190;2.253;0;61.648;92;2.105;5.520;13.524;6.341;657;0;28.240;123;8.265;18.843;5.131;52;0;0;32.414;255;11.218;1.767;0;0;0;0;13.241;0;0;0;0;0;0;0;0;724;570;3.264;2.251;1.294;384;44;8.530;74;1.628;4.142;8.727;3.549;2.172;0;20.292;0;17;10.259;96;48;134;0;10.554;0;0;0;0;0;0;0;0;0
COOPERATIVA DE CREDITO E INVESTIMENTO COM INTERACAO SOLIDARIA PIONEIRA - CRESOL PIONEIRA;971.300;b3S;I;2;S5;9;DOIS VIZINHOS;PR;03/2022;173.484;485;7.643;17.328;35.162;11.375;1.453;0;73.445;71;1.642;4.461;11.738;5.276;1.665;0;24.854;74;3.513;15.148;7.181;111;0;0;26.027;459;14.698;2.198;0;0;0;0;17.354;0;0;0;0;0;0;0;0;1.114;1.291;2.445;3.091;1.924;580;112;10.557;67;1.674;5.044;10.706;3.610;146;0;21.247;0;0;0;0;0;0;0;0;0;0;0;0;0;0;0;0;0
COOPERATIVA DE CRÉDITO, POUPANÇA E INVESTIMENTO VALE DO JAGUARI E ZONA DA MATA - SICREDI VALE DO JAGUARI E ZONA DA MATA RS/MG;87.780.284;b3S;I;2;S4;9;SANTIAGO;RS;03/2022;171.627;245;9.523;30.590;31.510;5.515;848;0;78.232;33;3.254;8.549;16.556;6.561;480;0;35.434;114;4.777;12.623;41;0;0;0;17.554;77;4.460;513;0;0;0;0;5.050;0;0;0;0;0;0;0;0;272;4.358;5.968;10.367;6.896;7.117;0;34.978;0;73;218;88;0;0;0;379;0;0;0;0;0;0;0;0;0;0;0;0;0;0;0;0;0
COOPERATIVA DE ECONOMIA E CRÉDITO MÚTUO UNICRED ELEVA LTDA.;95.163.002;b3S;I;2;S5;9;SANTO ANGELO;RS;03/2022;170.991;257;12.115;32.734;47.319;16.105;8.982;0;117.511;12;1.355;3.355;5.864;2.523;2.613;0;15.722;56;10.836;14.764;414;0;0;0;26.069;3;7.393;384;0;0;0;0;7.781;0;0;0;0;0;0;0;0;14;610;1.332;1.217;475;259;0;3.908;0;0;0;0;0;0;0;0;0;0;0;0;0;0;0;0;0;0;0;0;0;0;0;0;0
COOPERATIVA DE CRÉDITO COOPACREDI LTDA. - SICOOB COOPACREDI;65.229.254;b3S;I;2;S5;9;PATROCINIO;MG;03/2022;170.786;784;15.178;42.369;56.718;9.254;907;0;125.210;26;2.351;6.981;16.341;8.055;182;0;33.936;250;3.610;604;0;0;0;0;4.464;22;5.609;431;0;0;0;0;6.062;0;0;0;0;0;0;0;0;293;65;0;0;0;0;0;359;0;0;0;0;0;0;0;0;0;0;0;0;506;250;0;756;0;0;0;0;0;0;0;0;0
CREDISIS CREDIARI - COOPERATIVA DE CRÉDITO LTDA.;3.222.753;b3S;I;2;S5;9;ARIQUEMES;RO;03/2022;167.482;327;18.047;39.713;33.300;1.053;0;0;92.439;80;2.210;5.908;7.568;450;0;0;16.215;32;13.893;9.280;0;0;0;0;23.204;462;22.918;1.808;0;0;0;0;25.187;0;0;0;0;0;0;0;0;426;2.053;3.403;4.523;29;0;0;10.435;0;0;0;0;0;0;0;0;0;0;0;0;0;0;0;0;0;0;0;0;0;0;0;0;0
COOPERATIVA CENTRAL DE CRÉDITO COM INTERAÇÃO SOLIDÁRIA - CENTRAL CRESOL BASER;1.401.771;b3C;I;2;S4;9;FRANCISCO BELTRAO;PR;03/2022;167.000;0;0;0;0;0;0;0;0;0;0;0;0;0;0;0;0;0;0;0;0;0;0;0;0;0;0;0;0;0;0;0;0;0;0;0;0;0;0;0;0;0;10;30;29;0;0;0;69;0;79.624;77.577;9.731;0;0;0;166.931;0;0;0;0;0;0;0;0;0;0;0;0;0;0;0;0;0
COOPERATIVA  DE CRÉDITO DE LIVRE ADMISSÃO DE ASSOCIADOS UNIRONDÔNIA LTDA;1.664.968;b3S;I;2;S5;9;PORTO VELHO;RO;03/2022;166.262;2.070;15.592;38.846;51.240;18.379;2.553;0;128.681;168;700;1.651;3.279;1.586;0;0;7.384;665;4.658;20;7;0;0;0;5.351;1.717;19.013;1.641;0;0;0;0;22.372;0;0;0;0;0;0;0;0;1.608;36;0;0;2;0;0;1.647;0;0;0;0;0;0;0;0;0;0;256;571;0;0;0;827;0;0;0;0;0;0;0;0;0
COOPERATIVA DE CRÉDITO CREDICOPE LTDA. - SICOOB CREDICOPE;38.588.174;b3S;I;2;S5;9;CONSELHEIRO PENA;MG;03/2022;166.019;436;9.227;27.175;43.550;9.631;157;0;90.177;33;2.800;8.121;20.681;10.492;871;0;42.998;229;1.929;2.738;38;0;0;0;4.933;538;23.509;3.305;0;0;0;0;27.351;0;0;0;0;0;0;0;0;468;91;0;0;0;0;0;559;0;0;0;0;0;0;0;0;0;0;0;0;0;0;0;0;0;0;0;0;0;0;0;0;0
COOPERATIVA DE CRÉDITO DE LIVRE ADMISSÃO DE ASSOCIADOS NOVA TRENTO   SICOOB TRENTOCREDI SC;2.641.969;b3S;I;2;S5;9;NOVA TRENTO;SC;03/2022;163.619;317;10.441;34.392;45.639;14.976;3.784;11;109.560;3;2.346;6.477;14.388;6.397;1.394;0;31.004;266;2.685;1.011;0;0;0;0;3.962;86;17.015;1.614;0;0;0;0;18.716;0;0;0;0;0;0;0;0;161;217;0;0;0;0;0;377;0;0;0;0;0;0;0;0;0;0;0;0;0;0;0;0;0;0;0;0;0;0;0;0;0
NEXOOS SOCIEDADE DE EMPRÉSTIMO ENTRE PESSOAS S.A.;34.254.279;n1;I;2;S5;44;SAO PAULO;SP;03/2022;161.599;55.395;25.233;50.295;28.931;1.272;473;0;161.599;0;0;0;0;0;0;0;0;0;0;0;0;0;0;0;0;0;0;0;0;0;0;0;0;0;0;0;0;0;0;0;0;0;0;0;0;0;0;0;0;0;0;0;0;0;0;0;0;0;0;0;0;0;0;0;0;0;0;0;0;0;0;0;0;0
COOPERATIVA DE CRÉDITO CREDINTER LTDA. - SICOOB CREDINTER;24.048.910;b3S;I;2;S5;9;GUARANESIA;MG;03/2022;161.422;814;10.947;44.896;37.773;12.925;883;0;108.237;19;1.653;4.419;8.954;2.209;58;0;17.312;425;4.040;5.951;83;0;4;0;10.504;109;17.029;1.075;0;0;0;0;18.212;0;0;0;0;0;0;0;0;360;243;317;454;220;174;0;1.768;0;0;0;0;0;0;0;0;0;125;4.805;183;183;92;0;5.389;0;0;0;0;0;0;0;0;0
COOPERATIVA DE CRÉDITO E INVESTIMENTO COM INTERAÇÃO SOLIDÁRIA UNIÃO - CRESOL UNIÃO;2.446.089;b3S;I;2;S5;9;CORONEL VIVIDA;PR;03/2022;159.414;272;5.159;14.574;28.705;8.428;1.215;0;58.353;44;2.021;4.519;12.133;8.031;3.075;0;29.823;123;5.699;17.988;3.688;38;0;0;27.536;87;10.609;969;0;0;0;0;11.665;0;0;0;0;0;0;0;0;624;1.737;1.347;2.048;996;450;25;7.228;119;1.938;5.685;11.575;3.877;1.615;0;24.809;0;0;0;0;0;0;0;0;0;0;0;0;0;0;0;0;0
COOPERATIVA DE CRÉDITO CREDIVERTENTES LTDA. - SICOOB CREDIVERTENTES;22.724.710;b3S;I;2;S5;9;SAO TIAGO;MG;03/2022;159.332;514;11.522;29.825;47.130;17.610;6.879;0;113.480;106;2.086;5.546;11.755;3.930;1.497;0;24.919;117;1.652;2.743;17;1;0;0;4.530;347;14.185;1.187;2;0;0;0;15.720;0;0;0;0;0;0;0;0;282;132;0;0;0;0;0;414;0;0;0;0;0;0;0;0;0;0;269;0;0;0;0;269;0;0;0;0;0;0;0;0;0
BANCO BRASILEIRO DE CRÉDITO SOCIEDADE ANÔNIMA;1.852.137;b1;I;3;S4;8;SAO PAULO;SP;03/2022;159.242;0;0;0;0;0;0;0;0;2.016;22.117;56.495;63.335;14.831;449;0;159.242;0;0;0;0;0;0;0;0;0;0;0;0;0;0;0;0;0;0;0;0;0;0;0;0;0;0;0;0;0;0;0;0;0;0;0;0;0;0;0;0;0;0;0;0;0;0;0;0;0;0;0;0;0;0;0;0;0
COOPERATIVA DE CRÉDITO DE LIVRE ADMISSÃO DO VALE DO PARANAPANEMA;1.637.949;b3S;I;2;S5;9;PRESIDENTE PRUDENTE;SP;03/2022;158.093;1.841;20.177;47.272;32.962;3.163;0;0;105.415;184;2.062;5.541;8.520;1.185;17;0;17.510;534;5.623;1;0;0;0;0;6.157;292;25.618;2.737;0;0;0;0;28.647;0;0;0;0;0;0;0;0;204;161;0;0;0;0;0;365;0;0;0;0;0;0;0;0;0;0;0;0;0;0;0;0;0;0;0;0;0;0;0;0;0
SICREDI NORTE - COOPERATIVA DE CRÉDITO;83.315.408;b3S;I;2;S5;9;BELEM;PA;03/2022;157.853;548;10.725;27.792;36.457;5.879;0;0;81.401;138;3.142;8.443;13.726;2.716;362;0;28.527;536;1.902;3.869;0;0;0;0;6.308;254;5.546;128;0;0;0;0;5.927;0;0;0;0;0;0;0;0;1.421;5.479;7.741;13.520;6.055;1.474;0;35.689;0;0;0;0;0;0;0;0;0;0;0;0;0;0;0;0;0;0;0;0;0;0;0;0;0
COOPERATIVA DE CRÉDITO DE LIVRE ADMISSÃO DE GOIÂNIA E MICRORREGIÕES LTDA.;1.720.488;b3S;I;2;S5;9;GOIANIA;GO;03/2022;157.539;3.064;21.248;41.591;57.307;12.661;9.663;0;145.534;0;0;0;0;0;0;0;0;551;3.310;853;10;0;0;0;4.724;395;4.077;108;0;0;0;0;4.580;0;0;0;0;0;0;0;0;446;607;101;249;174;0;0;1.577;0;0;0;0;0;0;0;0;0;582;543;0;0;0;0;1.125;0;0;0;0;0;0;0;0;0
COOPERATIVA DE CRÉDITO CREDILUZ LTDA. - SICOOB CREDILUZ;25.536.764;b3S;I;2;S5;9;LUZ;MG;03/2022;157.122;367;14.873;47.322;37.810;7.790;1.770;0;109.932;26;2.155;6.020;14.041;6.439;176;0;28.856;343;2.479;4.007;0;0;0;0;6.829;198;8.576;409;0;0;0;0;9.183;0;0;0;0;0;0;0;0;405;88;100;234;93;361;0;1.281;0;0;0;0;0;0;0;0;0;1.041;0;0;0;0;0;1.041;0;0;0;0;0;0;0;0;0
CREDISIS JICRED - COOPERATIVA DE CRÉDITO DE LIVRE ADMISSÃO JICRED;2.309.070;b3S;I;2;S5;9;JI-PARANA;RO;03/2022;154.804;403;16.735;35.835;23.019;1.836;4;0;77.831;105;2.451;6.039;7.489;1.200;0;0;17.284;563;5.636;12.863;28;0;0;0;19.090;413;34.374;2.856;0;0;0;0;37.643;0;0;0;0;0;0;0;0;498;541;728;1.041;147;0;0;2.955;0;0;0;0;0;0;0;0;0;0;0;0;0;0;0;0;0;0;0;0;0;0;0;0;0
COOPERATIVA DE CRÉDITO, POUPANÇA E INVESTIMENTO DO NOROESTE DO ESTADO DE SÃO PAULO - SICREDI NOROESTE SP;3.065.046;b3S;I;2;S4;9;SAO JOSE DO RIO PRETO;SP;03/2022;152.133;175;8.330;18.611;24.505;3.837;64;0;55.522;16;2.003;5.695;10.016;2.625;24;0;20.379;287;7.131;5.775;466;0;0;0;13.660;48;25.118;1.799;0;0;0;0;26.966;0;0;0;0;0;0;0;0;645;8.883;8.301;11.214;4.622;1.612;0;35.277;0;15;44;14;0;0;0;72;0;0;258;0;0;0;0;258;0;0;0;0;0;0;0;0;0
SICOOB AC CREDI - COOPERATIVA DE CRÉDITO DE LIVRE ADMISSÃO DO LESTE E NORDESTE MINEIRO LTDA.;1.559.914;b3S;I;2;S5;9;GOVERNADOR VALADARES;MG;03/2022;151.085;755;12.646;35.159;41.389;8.614;781;0;99.344;91;2.708;7.764;16.729;7.076;30;0;34.397;271;2.798;48;0;0;0;0;3.117;69;12.832;972;0;0;0;0;13.873;0;0;0;0;0;0;0;0;335;19;1;0;0;0;0;354;0;0;0;0;0;0;0;0;0;0;0;0;0;0;0;0;0;0;0;0;0;0;0;0;0
COOPERATIVA DE CRÉDITO RURAL COM INTERAÇÃO SOLIDÁRIA CENTRO-SUL RS/MS - CRESOL CENTRO-SUL RS/MS;2.910.987;b3S;I;2;S5;9;ERECHIM;RS;03/2022;149.137;770;10.824;33.110;34.572;13.085;6.075;0;98.436;41;1.450;3.998;9.672;4.718;520;0;20.400;0;18;9;2.208;9;0;0;2.245;288;9.783;1.021;0;0;0;0;11.092;0;0;0;0;0;0;0;0;366;117;223;601;271;3;53;1.635;5;1.359;4.006;8.836;869;253;0;15.329;0;0;0;0;0;0;0;0;0;0;0;0;0;0;0;0;0
COOPERATIVA DE CRÉDITO COM INTERAÇÃO SOLIDÁRIA HORIZONTE - CRESOL HORIZONTE;5.277.312;b3S;I;2;S5;9;UNIAO DA VITORIA;PR;03/2022;148.691;365;4.031;8.050;11.157;1.906;54;0;25.563;248;2.119;5.278;12.991;6.812;317;0;27.766;146;802;4.565;4.138;11;0;0;9.661;1.093;4.621;273;0;0;0;0;5.986;0;0;0;0;0;0;0;0;1.163;732;1.889;4.763;3.225;94;21;11.886;396;4.130;12.744;31.169;16.265;2.215;0;66.919;0;0;0;114;227;568;0;909;0;0;0;0;0;0;0;0;0
AGENCIA DE FOMENTO DE GOIAS S/A;3.918.382;n1;I;1;S4;30;GOIANIA;GO;03/2022;148.197;1.828;9.329;26.344;24.422;412;57;0;62.392;832;8.346;21.467;19.062;1.878;621;0;52.206;0;0;0;0;0;0;0;0;0;0;0;0;0;0;0;0;0;0;0;0;0;0;0;0;0;0;0;0;0;0;0;0;379;2.850;8.746;17.308;3.591;724;0;33.599;0;0;0;0;0;0;0;0;0;0;0;0;0;0;0;0;0
COOPERATIVA DE ECONOMIA E CRÉDITO MÚTUO DOS PROFISSIONAIS DA SAÚDE DA REGIÃO DA ALTA MOGIANA - SICOOB CREDIMOGIANA;69.346.856;b3S;I;2;S5;9;FRANCA;SP;03/2022;147.853;632;15.733;23.430;46.760;14.623;2.266;0;103.444;13;2.998;8.645;15.742;4.221;167;0;31.785;163;2.409;53;10;0;12;204;2.852;580;6.745;657;0;0;0;0;7.981;0;0;0;0;0;0;0;0;269;110;100;286;298;728;0;1.791;0;0;0;0;0;0;0;0;0;0;0;0;0;0;0;0;0;0;0;0;0;0;0;0;0
COOPERATIVA DE CRÉDITO UNICRED REGIÃO DOS VALES LTDA. - UNICRED REGIÃO DOS VALES;1.796.302;b3S;I;2;S5;9;NOVO HAMBURGO;RS;03/2022;147.239;172;4.735;12.621;18.377;5.145;935;0;41.985;21;2.059;5.937;11.285;4.555;2.394;0;26.250;0;8.286;15.272;0;0;0;0;23.558;40;5.837;3.015;0;0;0;0;8.891;0;0;0;0;0;0;0;0;398;3.656;9.761;19.462;9.349;3.929;0;46.555;0;0;0;0;0;0;0;0;0;0;0;0;0;0;0;0;0;0;0;0;0;0;0;0;0
COOPERATIVA DE CRÉDITO POUPANÇA E INVESTIMENTO DA ALTA NOROESTE DE SÃO PAULO - SICREDI ALTA NOROESTE SP;4.484.490;b3S;I;2;S4;9;BIRIGUI;SP;03/2022;147.199;235;9.530;26.429;42.141;8.964;2.177;0;89.475;34;1.947;5.308;8.489;1.529;52;0;17.359;464;5.267;4.092;0;0;0;0;9.823;139;4.844;570;0;0;0;0;5.552;0;0;0;0;0;0;0;0;827;5.912;6.150;7.852;2.696;1.271;0;24.708;1;49;148;82;0;0;0;281;0;0;0;0;0;0;0;0;0;0;0;0;0;0;0;0;0
COOPERATIVA DE CRÉDITO DA AMAZÔNIA - SICOOB AMAZÔNIA;5.203.605;b3S;I;2;S5;9;BURITIS;RO;03/2022;146.446;1.517;16.505;45.433;40.271;6.689;790;200;111.405;73;1.395;3.793;7.709;1.403;0;0;14.373;451;3.890;0;0;0;0;0;4.341;1.162;13.402;754;0;0;0;0;15.318;0;0;0;0;0;0;0;0;764;246;0;0;0;0;0;1.010;0;0;0;0;0;0;0;0;0;0;0;0;0;0;0;0;0;0;0;0;0;0;0;0;0
COOPERATIVA DE CRÉDITO DO VALE DO ITAJAÍ E VALE DO ITAPOCÚ - SICOOB MULTICREDI;2.883.398;b3S;I;2;S5;9;BLUMENAU;SC;03/2022;145.870;677;15.299;37.072;44.947;13.733;719;0;112.447;8;1.584;4.381;10.533;5.245;2.595;0;24.345;257;1.634;1.029;0;0;0;0;2.920;110;5.223;336;0;0;0;0;5.668;0;0;0;0;0;0;0;0;373;48;51;18;0;0;0;490;0;0;0;0;0;0;0;0;0;0;0;0;0;0;0;0;0;0;0;0;0;0;0;0;0
COOPERATIVA DE CRÉDITO DE LIVRE ADMISSÃO DE ASSOCIADOS - SICOOB CREDICARU SC/RS;694.389;b3S;I;2;S5;9;SAO JOSE DO CERRITO;SC;03/2022;142.833;558;7.618;20.723;30.388;4.320;349;0;63.956;42;4.286;11.387;23.212;10.609;3.628;0;53.165;196;2.444;838;3;0;0;0;3.481;266;19.053;1.989;0;0;0;0;21.307;0;0;0;0;0;0;0;0;261;190;42;238;193;0;0;924;0;0;0;0;0;0;0;0;0;0;0;0;0;0;0;0;0;0;0;0;0;0;0;0;0
COOPERATIVA DE CREDITO DE LIVRE ADMISSAO DO CENTRO NORDESTE MINEIRO LTDA - SICOOB CREDICENM;2.173.447;b3S;I;2;S5;9;GUANHAES;MG;03/2022;142.733;255;13.450;32.773;54.029;9.951;1.359;6;111.824;2;1.427;3.974;8.772;2.182;0;0;16.358;239;4.471;0;0;0;0;0;4.711;55;8.391;1.016;0;0;0;0;9.462;0;0;0;0;0;0;0;0;127;135;82;34;0;0;0;378;0;0;0;0;0;0;0;0;0;0;0;0;0;0;0;0;0;0;0;0;0;0;0;0;0
COOPERATIVA DE ECONOMIA E CRÉDITO MÚTUO UNICRED REGIÃO DA CAMPANHA LTDA - UNICRED REGIÃO DA CAMPANHA;1.705.236;b3S;I;2;S5;9;SANTANA DO LIVRAMENTO;RS;03/2022;142.679;635;5.567;15.926;23.366;7.618;1.596;0;54.707;587;3.910;7.167;14.299;6.352;1.302;0;33.617;0;2.676;2.455;0;0;0;0;5.131;37;1.438;497;0;0;0;0;1.972;0;0;0;0;0;0;0;0;800;4.532;12.825;22.804;5.881;409;0;47.252;0;0;0;0;0;0;0;0;0;0;0;0;0;0;0;0;0;0;0;0;0;0;0;0;0
COOPERATIVA DE CRÉDITO, POUPANÇA E INVESTIMENTO DE ARARAQUARA E REGIÃO - SICREDI CENTRO NORTE SP;73.113.243;b3S;I;2;S4;9;ARARAQUARA;SP;03/2022;142.077;95;6.828;17.378;22.248;3.200;466;0;50.215;51;2.416;6.273;11.466;3.730;25;0;23.962;275;5.391;8.468;0;0;0;0;14.135;141;15.193;1.128;0;0;0;0;16.462;0;0;0;0;0;0;0;0;522;7.069;7.443;11.468;6.528;3.883;0;36.913;0;79;236;75;0;0;0;391;0;0;0;0;0;0;0;0;0;0;0;0;0;0;0;0;0
SICOOB CREDINOVA - COOPERATIVA DE CRÉDITO DE LIVRE ADMISSÃO DE NOVA SERRANA E REGIÃO CENTRO-OESTE LTDA.;1.667.766;b3S;I;2;S5;9;NOVA SERRANA;MG;03/2022;141.448;372;13.481;33.731;40.649;5.219;361;0;93.812;39;3.695;6.883;9.012;2.593;20;0;22.243;215;1.983;0;0;0;0;0;2.199;249;19.800;2.577;0;0;0;0;22.625;0;0;0;0;0;0;0;0;238;168;96;68;0;0;0;570;0;0;0;0;0;0;0;0;0;0;0;0;0;0;0;0;0;0;0;0;0;0;0;0;0
COOPERATIVA DE CRÉDITO DE LIVRE ADMISSÃO DE SÃO ROQUE DE MINAS LTDA.;66.402.207;b3S;I;2;S5;9;SAO ROQUE DE MINAS;MG;03/2022;140.359;576;12.790;37.354;50.058;12.978;6.674;0;120.430;15;651;1.896;3.486;1.989;177;0;8.214;442;2.215;1.518;15;0;0;0;4.190;50;6.378;744;0;0;0;0;7.171;0;0;0;0;0;0;0;0;178;128;32;16;0;0;0;354;0;0;0;0;0;0;0;0;0;0;0;0;0;0;0;0;0;0;0;0;0;0;0;0;0
COOPERATIVA DE CRÉDITO DE LIVRE ADMISSÃO DE  LAGOA DA PRATA E REGIÃO LTDA.   SICOOB LAGOACRED GERAIS;1.739.375;b3S;I;2;S5;9;LAGOA DA PRATA;MG;03/2022;137.319;797;9.410;27.310;40.327;6.307;0;0;84.151;38;818;2.465;5.907;2.292;0;0;11.521;371;23.616;0;0;0;0;0;23.987;100;12.869;2.149;0;0;0;0;15.119;0;0;0;0;0;0;0;0;275;1.234;509;358;17;0;0;2.393;0;2;0;0;0;0;0;2;0;16;46;86;0;0;0;148;0;0;0;0;0;0;0;0;0
COOPERATIVA DE CRÉDITO CREDSAOPAULO - SICOOB CREDSAOPAULO;2.197.569;b3S;I;2;S5;9;SAO JOSE DOS CAMPOS;SP;03/2022;133.251;724;10.676;27.307;42.418;18.011;9.298;0;108.434;9;1.345;3.919;5.868;3.155;1.548;0;15.845;102;1.329;0;0;0;0;0;1.430;184;2.069;148;0;0;0;0;2.401;0;0;0;0;0;0;0;0;200;202;630;930;480;2.700;0;5.141;0;0;0;0;0;0;0;0;0;0;0;0;0;0;0;0;0;0;0;0;0;0;0;0;0
COOPERATIVA DE CRÉDITO DA REGIÃO E COLAR METROPOLITANO DO VALE DO AÇO LTDA. - SICOOB COSMIPA;17.361.536;b3S;I;2;S5;9;IPATINGA;MG;03/2022;132.953;369;12.808;27.452;56.901;10.031;4.626;0;112.185;6;810;2.150;5.045;1.809;1.337;0;11.157;98;1.381;768;0;0;0;0;2.247;0;7.086;89;0;0;0;0;7.176;0;0;0;0;0;0;0;0;119;69;0;0;0;0;0;188;0;0;0;0;0;0;0;0;0;0;0;0;0;0;0;0;0;0;0;0;0;0;0;0;0
COOPERATIVA DE CREDITO RURAL DE PRIMAVERA DO LESTE;26.563.270;b3S;I;2;S5;9;PRIMAVERA DO LESTE;MT;03/2022;132.391;339;17.216;17.308;11.878;2.214;44;0;48.998;7;1.572;4.419;7.867;2.608;546;0;17.019;0;810;417;0;0;0;0;1.227;248;8.699;505;0;0;0;0;9.452;0;0;0;0;0;0;0;0;170;35.133;6.570;10.333;3.489;0;0;55.695;0;0;0;0;0;0;0;0;0;0;0;0;0;0;0;0;0;0;0;0;0;0;0;0;0
COOPERATIVA DE CRÉDITO DE LIVRE ADMISSÃO DE ASSOCIADOS VALE DO RIO DO PEIXE - SICOOB CREDIRIO SC;78.865.995;b3S;I;2;S5;9;JOACABA;SC;03/2022;129.332;243;9.682;23.172;30.615;8.578;2.884;0;75.175;32;2.726;7.622;16.485;7.920;1.680;0;36.465;120;1.563;91;0;0;0;0;1.774;204;11.352;957;0;0;0;0;12.512;0;0;0;0;0;0;0;0;92;64;199;597;597;99;0;1.648;0;0;0;0;0;0;0;0;0;173;144;576;576;288;0;1.757;0;0;0;0;0;0;0;0;0
COOPERATIVA DE CRÉDITO CREDCOOPER LTDA - SICOOB CREDCOOPER;19.449.602;b3S;I;2;S5;9;CARATINGA;MG;03/2022;126.404;1.326;8.198;24.333;40.350;6.866;424;0;81.496;36;974;2.714;5.628;2.797;292;0;12.441;517;3.525;927;0;0;0;0;4.969;233;7.796;1.125;0;0;0;0;9.154;0;0;0;0;0;0;0;0;364;36;0;0;0;0;0;400;0;0;0;0;0;0;0;0;0;2.878;4.963;8.210;1.861;31;0;17.943;0;0;0;0;0;0;0;0;0
COOPERATIVA DE CRÉDITO DE LIVRE ADMISSÃO DO ESTADO DO RIO DE JANEIRO - SICOOB FLUMINENSE;2.931.668;b3S;I;2;S5;9;CAMPOS DOS GOYTACAZES;RJ;03/2022;126.129;684;10.385;32.603;46.117;10.652;1.054;0;101.495;1;428;1.455;3.535;1.884;80;0;7.383;265;1.339;1.549;11;0;0;0;3.164;87;12.645;669;0;0;0;0;13.401;0;0;0;0;0;0;0;0;531;47;0;0;0;0;0;578;0;0;0;0;0;0;0;0;0;0;27;40;40;0;0;107;0;0;0;0;0;0;0;0;0
COOPERATIVA DE CRÉDITO DE LIVRE ADMISSÃO DO CERRADO MATO-GROSSENSE - SICOOB CERRADO MT;5.247.312;b3S;I;2;S5;9;RONDONOPOLIS;MT;03/2022;126.040;2.126;10.117;25.284;30.692;7.944;377;0;76.539;198;2.587;6.888;16.202;6.708;194;0;32.777;643;1.693;1.188;0;0;0;0;3.524;811;10.153;828;0;0;0;0;11.792;0;0;0;0;0;0;0;0;1.001;172;99;136;0;0;0;1.409;0;0;0;0;0;0;0;0;0;0;0;0;0;0;0;0;0;0;0;0;0;0;0;0;0
COOPERATIVA DE ECONOMIA E CRÉDITO MÚTUO UNICRED ERECHIM LTDA;1.572.667;b3S;I;2;S5;9;ERECHIM;RS;03/2022;124.595;181;5.046;12.867;24.709;16.306;21.992;0;81.101;5;1.242;3.483;7.166;4.227;3.870;343;20.335;0;4.487;4.248;2.665;0;0;0;11.401;0;721;68;0;0;0;0;788;0;0;0;0;0;0;0;0;43;588;1.622;3.561;2.644;2.511;0;10.969;0;0;0;0;0;0;0;0;0;0;0;0;0;0;0;0;0;0;0;0;0;0;0;0;0
COOPERATIVA DE CRÉDITO NOSSOCRÉDITO LTDA - SICOOB NOSSOCRÉDITO;22.760.839;b3S;I;2;S5;9;SAO SEBASTIAO DO PARAISO;MG;03/2022;122.299;812;7.248;25.463;36.547;15.021;2.929;0;88.020;0;1.489;3.687;10.749;5.791;1.139;0;22.855;200;2.067;2.401;0;0;0;0;4.668;75;4.435;438;0;0;0;0;4.949;0;0;0;0;0;0;0;0;303;115;11;8;0;0;0;438;0;0;0;0;0;0;0;0;0;1.037;93;96;104;39;0;1.369;0;0;0;0;0;0;0;0;0
COOPERATIVA DE CRÉDITO DE LIVRE ADMISSÃO DO SUL CATARINENSE - ACENTRA;3.427.097;b3S;I;2;S5;9;CRICIUMA;SC;03/2022;122.164;223;8.060;20.079;26.059;7.113;489;0;62.023;80;2.599;6.795;12.104;4.585;2.892;1;29.057;0;596;3.450;6;0;0;0;4.052;64;15.531;1.414;0;0;0;0;17.010;0;0;0;0;0;0;0;0;409;625;1.213;1.891;793;603;1;5.535;27;384;1.054;1.517;559;945;0;4.487;0;0;0;0;0;0;0;0;0;0;0;0;0;0;0;0;0
COOPERATIVA DE CRÉDITO DA REGIÃO DO CONTESTADO - CIVIA;10.218.474;b3S;I;2;S5;9;SAO BENTO DO SUL;SC;03/2022;120.662;549;7.439;17.906;22.247;3.671;821;0;52.634;240;3.172;8.407;14.620;6.525;6.390;33;39.386;0;1.094;3.249;106;0;0;0;4.449;53;6.798;538;7;0;0;0;7.397;0;0;0;0;0;0;0;0;915;488;861;1.081;196;223;0;3.764;321;1.776;4.459;5.819;625;32;0;13.032;0;0;0;0;0;0;0;0;0;0;0;0;0;0;0;0;0
COOPERATIVA CENTRAL DE CRÉDITO, POUPANÇA E INVESTIMENTO DO NORTE/NORDESTE - CENTRAL SICREDI NORTE/NORDESTE;70.119.680;b3C;I;2;S4;9;CABEDELO;PB;03/2022;119.020;0;23.167;58.041;36.954;857;0;0;119.020;0;0;0;0;0;0;0;0;0;0;0;0;0;0;0;0;0;0;0;0;0;0;0;0;0;0;0;0;0;0;0;0;0;0;0;0;0;0;0;0;0;0;0;0;0;0;0;0;0;0;0;0;0;0;0;0;0;0;0;0;0;0;0;0;0
COOPERATIVA DE CRÉDITO CREDIMATA LTDA. - SICOOB CREDIMATA;1.152.097;b3S;I;2;S5;9;VOLTA GRANDE;MG;03/2022;118.989;751;9.834;25.240;36.090;6.437;19;0;78.372;15;1.483;3.838;7.193;1.954;1.841;0;16.324;317;2.890;904;0;0;0;0;4.112;123;15.768;1.498;0;0;0;0;17.389;0;0;0;0;0;0;0;0;458;51;440;320;0;0;0;1.270;0;0;0;0;0;0;0;0;0;0;151;910;381;80;0;1.522;0;0;0;0;0;0;0;0;0
COOPERATIVA DE CRÉDITO DOS EMPRESÁRIOS DO ESTADO DE GOIÁS LTDA;4.406.371;b3S;I;2;S5;9;GOIANIA;GO;03/2022;118.908;1.537;10.370;32.327;44.154;7.660;2.977;0;99.025;32;796;2.230;4.316;858;600;0;8.832;811;1.870;358;0;0;0;0;3.038;1.176;4.279;0;0;0;0;0;5.455;0;0;0;0;0;0;0;0;1.037;110;259;691;461;0;0;2.559;0;0;0;0;0;0;0;0;0;0;0;0;0;0;0;0;0;0;0;0;0;0;0;0;0
COOPERATIVA DE CRÉDITO CREDICAF LTDA - SICOOB CREDICAF;25.395.435;b3S;I;2;S5;9;LAJINHA;MG;03/2022;118.086;553;8.050;21.387;31.164;5.526;452;0;67.132;63;3.616;7.498;18.264;7.107;3.197;0;39.746;254;534;1.896;47;0;0;0;2.731;41;6.686;1.505;0;0;0;0;8.232;0;0;0;0;0;0;0;0;188;13;4;0;0;0;0;204;40;0;0;0;0;0;0;40;0;0;0;0;0;0;0;0;0;0;0;0;0;0;0;0;0
COOPERATIVA DE CREDITO, POUPANCA E INVESTIMENTO DO RIO DE JANEIRO - SICREDI RIO RJ;72.128.440;b3S;I;2;S4;9;RIO DE JANEIRO;RJ;03/2022;117.610;173;8.047;20.759;34.243;11.975;669;0;75.866;20;711;2.009;3.364;765;20;0;6.889;310;3.412;3.954;0;0;0;0;7.676;54;1.443;46;0;0;0;0;1.543;0;0;0;0;0;0;0;0;1.302;3.579;5.702;10.090;4.287;493;0;25.453;0;34;102;47;0;0;0;183;0;0;0;0;0;0;0;0;0;0;0;0;0;0;0;0;0
COOPERATIVA DE CRÉDITO DE LIVRE ADMISSÃO DE ASSOCIADOS DO MEIO OESTE CATARINENSE - SICOOB CREDIMOC SC;80.959.638;b3S;I;2;S5;9;XANXERE;SC;03/2022;116.631;384;14.705;27.970;34.480;2.924;141;0;80.604;2;1.572;3.981;9.560;4.683;3.138;0;22.936;12;509;629;145;17;52;0;1.364;24;5.504;0;0;0;0;0;5.528;0;0;0;0;0;0;0;0;84;481;395;2.997;1.990;0;0;5.948;0;0;0;0;0;0;0;0;0;0;57;124;71;0;0;252;0;0;0;0;0;0;0;0;0
COOPERATIVA DE ECONOMIA E CRÉDITO MÚTUO DOS EMPREGADOS DE FURNAS E DAS DEMAIS EMPRESAS DO SISTEMA ELETROBRÁS LTDA. - SICOOB CECREMEF;33.370.115;b3S;I;2;S5;9;RIO DE JANEIRO;RJ;03/2022;116.547;814;8.025;23.797;45.844;10.006;0;0;88.487;17;864;2.594;6.862;3.095;18;0;13.449;165;3.752;4;0;0;0;0;3.921;61;10.220;26;0;0;0;0;10.307;0;0;0;0;0;0;0;0;376;7;0;0;0;0;0;383;0;0;0;0;0;0;0;0;0;0;0;0;0;0;0;0;0;0;0;0;0;0;0;0;0
COOPERATIVA DE CRÉDITO MÚTUO SERRA MAR LTDA. - UNICRED SERRA MAR;86.803.939;b3S;I;2;S5;9;RIO DE JANEIRO;RJ;03/2022;114.561;849;7.910;16.347;23.226;8.255;2.957;0;59.545;412;3.898;10.127;16.907;6.361;6.185;0;43.891;0;3.200;6.279;0;0;0;0;9.479;0;224;39;0;0;0;0;263;0;0;0;0;0;0;0;0;137;502;630;76;38;0;0;1.384;0;0;0;0;0;0;0;0;0;0;0;0;0;0;0;0;0;0;0;0;0;0;0;0;0
COOPERATIVA DE CREDITO DE LIVRE ADMISSAO DE PARA DE MINAS LTDA - SICOOB ASCICRED;1.009.908;b3S;I;2;S5;9;PARA DE MINAS;MG;03/2022;114.415;95;10.070;37.490;27.632;8.184;2;0;83.472;0;2.003;5.438;8.780;1.417;0;0;17.639;136;1.244;1.015;108;0;0;0;2.504;56;9.602;1.053;0;0;0;0;10.711;0;0;0;0;0;0;0;0;56;34;0;0;0;0;0;90;0;0;0;0;0;0;0;0;0;0;0;0;0;0;0;0;0;0;0;0;0;0;0;0;0
UNIPRIME DO IGUAÇU - COOPERATIVA DE CRÉDITO, POUPANÇA E INVESTIMENTO;1.848.322;b3S;I;2;S5;9;PATO BRANCO;PR;03/2022;113.823;161;3.719;9.385;13.688;6.588;4.835;0;38.376;59;2.331;7.155;13.161;7.182;9.110;6;39.002;14;306;2.162;131;0;0;0;2.613;8;2.716;383;0;0;0;0;3.107;0;0;0;0;0;0;0;0;269;1.862;5.392;12.938;6.445;3.819;0;30.724;0;0;0;0;0;0;0;0;0;0;0;0;0;0;0;0;0;0;0;0;0;0;0;0;0
BANCO ARBI S.A.;54.403.563;b1;I;2;S4;2;RIO DE JANEIRO;RJ;03/2022;111.460;710;7.707;17.500;15.606;1.576;0;0;43.099;0;0;0;0;0;0;0;0;201;422;61;0;0;0;0;683;0;0;0;0;0;0;0;0;0;0;0;0;0;0;0;0;12.020;45.961;3.209;5.106;1.221;160;0;67.677;0;0;0;0;0;0;0;0;0;0;0;0;0;0;0;0;0;0;0;0;0;0;0;0;0
COOPERATIVA DE CRÉDITO CREDIBOM LTDA. - SICOOB CREDIBOM;21.670.187;b3S;I;2;S5;9;BOM DESPACHO;MG;03/2022;111.433;1.352;8.019;27.199;29.051;5.070;365;0;71.057;67;2.377;6.589;12.258;2.501;0;0;23.792;208;1.765;1.136;0;0;0;0;3.108;334;12.107;772;0;0;0;0;13.214;0;0;0;0;0;0;0;0;192;66;4;0;0;0;0;262;0;0;0;0;0;0;0;0;0;0;0;0;0;0;0;0;0;0;0;0;0;0;0;0;0
COOPERATIVA DE CRÉDITO DA FRONTEIRA SUL - SICREDI FRONTEIRA SUL RS;88.530.142;b3S;I;2;S4;9;BAGE;RS;03/2022;111.297;121;5.331;13.819;14.218;2.587;1.199;0;37.275;10;1.703;4.651;7.826;3.668;1.234;0;19.092;262;2.185;3.788;0;0;0;0;6.235;12;1.235;175;0;0;0;0;1.422;0;0;0;0;0;0;0;0;550;5.630;11.158;16.870;7.631;4.504;0;46.343;0;70;211;64;0;0;0;345;0;221;364;0;0;0;0;585;0;0;0;0;0;0;0;0;0
PEFISA S.A. - CRÉDITO, FINANCIAMENTO E INVESTIMENTO;43.180.355;n1;I;2;S4;14;SAO PAULO;SP;03/2022;111.121;0;2.921;8.557;856;0;0;0;12.334;0;0;0;0;0;0;0;0;0;0;0;0;0;0;0;0;0;76.242;22.545;0;0;0;0;98.787;0;0;0;0;0;0;0;0;0;0;0;0;0;0;0;0;0;0;0;0;0;0;0;0;0;0;0;0;0;0;0;0;0;0;0;0;0;0;0;0;0
BANCO WOORI BANK DO BRASIL S.A.;15.357.060;b1;I;3;S4;8;SAO PAULO;SP;03/2022;111.025;0;18.136;29.014;840;0;0;0;47.991;2;175;479;441;0;0;0;1.097;0;14.000;9.705;0;0;0;0;23.705;0;8.720;0;0;0;0;0;8.720;0;14.288;0;0;0;0;0;14.288;0;19;15.205;0;0;0;0;15.224;0;0;0;0;0;0;0;0;0;0;0;0;0;0;0;0;0;0;0;0;0;0;0;0;0
COOPERATIVA DE CRÉDITO DE LIVRE ADMISSÃO DA REGIÃO DE DIVINÓPOLIS LTDA - SICOOB CREDIVERDE;25.528.753;b3S;I;2;S5;9;DIVINOPOLIS;MG;03/2022;110.918;1.140;9.264;26.099;38.764;5.817;67;0;81.151;3;533;2.672;7.630;4.013;1.080;0;15.929;244;2.020;608;0;0;0;0;2.871;206;9.010;867;0;0;0;0;10.083;0;0;0;0;0;0;0;0;220;318;56;160;130;0;0;883;0;0;0;0;0;0;0;0;0;0;0;0;0;0;0;0;0;0;0;0;0;0;0;0;0
COOPERATIVA DE CRÉDITO DO VALE EUROPEU - SICOOB EURO VALE;82.133.182;b3S;I;2;S5;9;TIMBO;SC;03/2022;109.999;214;10.830;20.585;47.253;7.064;1.929;0;87.876;10;781;2.176;4.743;2.293;905;0;10.908;159;2.301;0;0;0;0;0;2.460;68;8.250;283;0;0;0;0;8.601;0;0;0;0;0;0;0;0;102;53;0;0;0;0;0;155;0;0;0;0;0;0;0;0;0;0;0;0;0;0;0;0;0;0;0;0;0;0;0;0;0
COOPERATIVA DE CRÉDITO DE LIVRE ADMISSÃO DO ALTO SÃO FRANCISCO LTDA.;41.805.003;b3S;I;2;S5;9;PIUMHI;MG;03/2022;107.074;367;11.601;31.885;32.448;8.027;0;0;84.328;43;1.177;3.242;6.248;2.176;0;0;12.886;99;729;1.419;20;0;0;0;2.267;15;5.917;587;0;0;0;0;6.520;0;0;0;0;0;0;0;0;172;28;47;21;41;41;0;350;0;0;0;0;0;0;0;0;0;0;722;0;0;0;0;722;0;0;0;0;0;0;0;0;0
COOPERATIVA DE CRÉDITO DE LIVRE ADMISSÃO CENTRO OESTE LTDA.;7.502.031;b3S;I;2;S5;9;GOIANESIA;GO;03/2022;106.714;302;7.504;20.898;32.204;2.639;0;0;63.546;7;1.751;3.964;9.706;3.922;85;0;19.435;225;3.413;0;0;0;0;0;3.638;374;16.563;2.840;0;0;0;0;19.777;0;0;0;0;0;0;0;0;148;170;0;0;0;0;0;318;0;0;0;0;0;0;0;0;0;0;0;0;0;0;0;0;0;0;0;0;0;0;0;0;0
COOPERATIVA DE CRÉDITO CREDIJEQUITINHONHA LTDA. - SICOOB CREDIJEQUITINHONHA;71.243.034;b3S;I;2;S5;9;CAPELINHA;MG;03/2022;106.457;322;10.996;29.447;30.250;2.030;0;0;73.045;4;1.648;4.487;9.523;2.887;19;0;18.568;299;1.403;702;27;0;0;0;2.430;38;7.607;789;0;0;0;0;8.434;0;0;0;0;0;0;0;0;138;36;209;308;0;0;0;692;0;0;0;0;0;0;0;0;0;254;1.346;1.384;305;0;0;3.289;0;0;0;0;0;0;0;0;0
COOPERATIVA CENTRAL DE CREDITO DO ESPIRITO SANTO - SICOOB CENTRAL ES;32.428.294;b3C;I;2;S4;9;VITORIA;ES;03/2022;106.316;0;106.316;0;0;0;0;0;106.316;0;0;0;0;0;0;0;0;0;0;0;0;0;0;0;0;0;0;0;0;0;0;0;0;0;0;0;0;0;0;0;0;0;0;0;0;0;0;0;0;0;0;0;0;0;0;0;0;0;0;0;0;0;0;0;0;0;0;0;0;0;0;0;0;0
BANCO KDB DO BRASIL S.A.;7.656.500;b1;I;3;S4;8;SAO PAULO;SP;03/2022;105.320;0;65;30.000;37.998;0;0;0;68.063;0;0;0;0;0;0;0;0;0;0;0;0;0;0;0;0;0;0;0;0;0;0;0;0;0;37.257;0;0;0;0;0;37.257;0;0;0;0;0;0;0;0;0;0;0;0;0;0;0;0;0;0;0;0;0;0;0;0;0;0;0;0;0;0;0;0;0
COOPERATIVA DE CRÉDITO DA SERRA CATARINENSE - CREDICOMIN;9.590.601;b3S;I;2;S5;9;LAGES;SC;03/2022;104.952;210;5.331;12.633;17.062;3.299;63;0;38.598;28;3.744;10.442;20.150;8.265;1.619;0;44.248;0;2.567;1.907;0;0;0;0;4.474;54;10.781;1.150;0;0;0;0;11.984;0;0;0;0;0;0;0;0;159;230;311;508;241;157;0;1.606;39;496;1.335;1.702;470;0;0;4.042;0;0;0;0;0;0;0;0;0;0;0;0;0;0;0;0;0
BANCO SENFF S.A.;11.970.623;b1;I;2;S4;8;CURITIBA;PR;03/2022;104.911;171;6.095;21.378;29.592;12.508;0;0;69.745;258;19.703;5.318;4.587;1.913;0;0;31.778;0;999;309;0;0;0;0;1.308;0;165;457;574;0;0;0;1.196;0;0;0;0;0;0;0;0;435;237;152;60;0;0;0;883;0;0;0;0;0;0;0;0;0;0;0;0;0;0;0;0;0;0;0;0;0;0;0;0;0
COOPERATIVA DE CRÉDITO DE LIVRE ADMISSÃO DA REGIÃO DE  PARÁ DE MINAS LTDA - SICOOB CREDIRURAL;25.387.713;b3S;I;2;S5;9;PARA DE MINAS;MG;03/2022;104.223;40;11.623;17.803;20.923;3.240;2;0;53.632;15;2.074;5.292;10.853;4.530;4.417;0;27.180;5;721;419;0;0;0;0;1.145;9;13.739;1.364;0;0;0;0;15.112;0;0;0;0;0;0;0;0;70;1.021;6.056;8;0;0;0;7.155;0;0;0;0;0;0;0;0;0;0;0;0;0;0;0;0;0;0;0;0;0;0;0;0;0
COOPERATIVA DE CRÉDITO COM INTERAÇÃO SOLIDÁRIA INTEGRAÇÃO - CRESOL INTEGRAÇÃO;7.268.499;b3S;I;2;S5;9;TOLEDO;PR;03/2022;103.277;228;3.371;9.347;13.784;2.142;144;0;29.016;211;1.659;4.543;10.198;4.017;896;0;21.524;307;2.424;10.758;3.212;23;0;0;16.725;355;6.668;945;0;0;0;0;7.968;0;0;0;0;0;0;0;0;667;254;682;1.233;758;682;92;4.368;55;1.698;6.099;12.294;3.289;243;0;23.677;0;0;0;0;0;0;0;0;0;0;0;0;0;0;0;0;0
COOPERATIVA DE CRÉDITO SICOOB CRED-ACIF;4.013.172;b3S;I;2;S5;9;FRANCA;SP;03/2022;101.724;541;13.200;31.187;29.155;6.559;1.868;0;82.510;2;285;913;1.425;514;26;0;3.165;90;2.670;0;0;0;0;0;2.760;371;11.883;440;0;0;0;0;12.694;0;0;0;0;0;0;0;0;117;181;81;74;86;56;0;595;0;0;0;0;0;0;0;0;0;0;0;0;0;0;0;0;0;0;0;0;0;0;0;0;0
COOPERATIVA DE CREDITO DE LIVRE ADMISSAO DE PITANGUI E REGIAO LTDA. - SICOOB CREDPIT;4.181.542;b3S;I;2;S5;9;PITANGUI;MG;03/2022;101.703;204;10.994;20.725;28.832;3.810;125;0;64.691;3;1.879;4.519;9.508;4.333;2.434;0;22.676;100;1.887;0;0;0;0;0;1.987;19;10.599;1.378;0;0;0;0;11.996;0;0;0;0;0;0;0;0;118;151;85;0;0;0;0;354;0;0;0;0;0;0;0;0;0;0;0;0;0;0;0;0;0;0;0;0;0;0;0;0;0
COOPERATIVA DE CRÉDITO DE LIVRE ADMISSÃO MÉDIO OESTE - SICOOB MÉDIO OESTE;7.318.874;b3S;I;2;S5;9;ASSIS CHATEAUBRIAND;PR;03/2022;100.192;581;8.861;25.453;30.533;6.850;258;0;72.537;40;1.228;2.848;5.436;2.564;298;0;12.413;832;2.693;4.213;0;0;0;0;7.739;391;5.626;932;0;0;0;0;6.949;0;0;0;0;0;0;0;0;349;125;23;45;12;0;0;554;0;0;0;0;0;0;0;0;0;0;0;0;0;0;0;0;0;0;0;0;0;0;0;0;0
COOPERATIVA DE CRÉDITO E INVESTIMENTO COM INTERAÇÃO SOLIDÁRIA LIDERANÇA - CRESOL LIDERANÇA;2.934.201;b3S;I;2;S5;9;CHOPINZINHO;PR;03/2022;100.144;130;10.535;8.445;16.630;6.849;2.153;0;44.741;48;584;3.879;7.103;5.299;5.715;0;22.627;0;682;9.811;1.178;10;0;0;11.681;218;2.844;497;0;0;0;0;3.558;0;0;0;0;0;0;0;0;218;422;717;1.557;455;10;15;3.394;62;918;3.049;6.938;3.092;83;0;14.142;0;0;0;0;0;0;0;0;0;0;0;0;0;0;0;0;0
COOPERATIVA DE CRÉDITO CENTRO LESTE NORTE MARANHENSE - SICOOB CENTROLESTE;9.403.026;b3S;I;2;S5;9;GRAJAU;MA;03/2022;99.601;513;8.332;22.523;24.067;533;0;0;55.968;9;862;2.525;5.837;1.283;2;0;10.518;289;1.277;901;0;0;0;0;2.467;1.480;25.261;2.814;0;0;0;0;29.556;0;0;0;0;0;0;0;0;706;59;0;0;0;0;0;766;0;0;0;0;0;0;0;0;0;0;0;326;0;0;0;326;0;0;0;0;0;0;0;0;0
COOPERATIVA DE CRÉDITO DE LIVRE ADMISSÃO DE ASSOCIADOS CAMPOS NOVOS - SICOOB CAMPOS NOVOS;78.862.083;b3S;I;2;S5;9;CAMPOS NOVOS;SC;03/2022;99.286;78;5.474;22.285;26.534;5.377;7;0;59.755;0;1.124;3.423;7.147;2.890;208;0;14.793;28;608;98;0;0;0;0;734;115;7.300;567;0;0;0;0;7.983;0;0;0;0;0;0;0;0;40;24;0;0;0;0;0;64;0;0;0;0;0;0;0;0;0;4.807;648;4.925;3.012;2.566;0;15.958;0;0;0;0;0;0;0;0;0
COOPERATIVA DE CRÉDITO E INVESTIMENTO COM INTERAÇÃO SOLIDÁRIA VANGUARDA - CRESOL VANGUARDA;3.965.737;b3S;I;2;S5;9;XAXIM;SC;03/2022;99.259;41;2.125;3.657;7.139;2.880;1.165;0;17.006;197;1.191;3.222;6.546;2.253;0;0;13.409;83;4.755;11.530;2.299;2;0;0;18.669;67;6.711;551;0;0;0;0;7.328;0;0;0;0;0;0;0;0;344;414;1.062;1.850;881;115;20;4.685;60;6.521;7.071;16.269;7.733;509;0;38.162;0;0;0;0;0;0;0;0;0;0;0;0;0;0;0;0;0
COOPERATIVA DE CRÉDITO DE LIVRE ADMISSÃO DE PITANGUI, PAPAGAIOS, MARAVILHAS E REGIÃO LTDA. - SICOOB CREDICOOP;41.931.221;b3S;I;2;S5;9;PITANGUI;MG;03/2022;99.159;102;8.370;19.301;34.976;16.512;17;0;79.278;29;963;2.667;6.721;2.310;0;0;12.691;57;501;1.202;0;0;0;0;1.760;108;4.720;484;0;0;0;0;5.313;0;0;0;0;0;0;0;0;91;26;0;0;0;0;0;117;0;0;0;0;0;0;0;0;0;0;0;0;0;0;0;0;0;0;0;0;0;0;0;0;0
COOPERATIVA DE CRÉDITO DE LIVRE ADMISSÃO DA REGIÃO DE SÃO SEBASTIÃO DO PARAÍSO LTDA. - SICOOB PARAÍSOCRED;1.657.678;b3S;I;2;S5;9;SAO SEBASTIAO DO PARAISO;MG;03/2022;98.828;289;7.341;18.695;35.404;8.743;216;0;70.686;3;1.403;2.882;6.972;2.012;0;0;13.272;172;5.514;18;0;0;0;0;5.704;230;7.864;857;0;0;0;0;8.951;0;0;0;0;0;0;0;0;148;67;0;0;0;0;0;214;0;0;0;0;0;0;0;0;0;0;0;0;0;0;0;0;0;0;0;0;0;0;0;0;0
COOPERATIVA DE CRÉDITO COM INTERAÇÃO SOLIDÁRIA PROGRESSO - CRESOL PROGRESSO;2.448.310;b3S;I;2;S5;9;CASCAVEL;PR;03/2022;98.032;250;1.871;8.567;12.059;3.692;3.766;0;30.206;102;897;2.535;6.256;2.827;115;0;12.732;86;342;3.999;2.928;13;0;0;7.368;304;6.277;1.224;0;0;0;0;7.806;0;0;0;0;0;0;0;0;614;705;962;962;503;0;13;3.758;131;3.069;8.538;18.476;5.724;223;0;36.162;0;0;0;0;0;0;0;0;0;0;0;0;0;0;0;0;0
COOPERATIVA DE ECONOMIA E CRÉDITO DE LIVRE ADMISSÃO LTDA. - SICOOB EMPRESARIAL;5.856.736;b3S;I;2;S5;9;BRASILIA;DF;03/2022;97.911;5.038;14.844;25.737;32.057;7.240;511;0;85.427;12;152;409;714;168;36;0;1.492;907;1.626;2.080;0;0;0;0;4.613;390;4.770;90;0;0;0;0;5.250;0;0;0;0;0;0;0;0;1.113;16;0;0;0;0;0;1.129;0;0;0;0;0;0;0;0;0;0;0;0;0;0;0;0;0;0;0;0;0;0;0;0;0
HONDA;51.396;b2;C;3;S4;198;SAO PAULO;SP;03/2022;96.451;0;7.500;0;0;0;0;0;7.500;156;12.429;35.166;40.252;948;0;0;88.951;0;0;0;0;0;0;0;0;0;0;0;0;0;0;0;0;0;0;0;0;0;0;0;0;0;0;0;0;0;0;0;0;0;0;0;0;0;0;0;0;0;0;0;0;0;0;0;0;0;0;0;0;0;0;0;0;0
COOPERATIVA DE CRÉDITO E INVESTIMENTO COM INTERAÇÃO SOLIDÁRIA GRANDES LAGOS PR/SP - CRESOL GRANDES LAGOS PR/SP;6.126.780;b3S;I;2;S5;9;GUARAPUAVA;PR;03/2022;96.041;172;2.303;6.601;11.247;1.263;64;0;21.650;8;149;345;537;36;0;0;1.075;15;1.428;9.096;3.701;38;0;0;14.279;109;6.131;1.976;0;0;0;0;8.216;0;0;0;0;0;0;0;0;663;374;1.039;1.984;1.240;779;31;6.110;141;2.613;10.439;21.111;9.869;538;0;44.710;0;0;0;0;0;0;0;0;0;0;0;0;0;0;0;0;0
COOPERATIVA DE CRÉDITO ORIGINAL - SICOOB ORIGINAL;81.292.278;b3S;I;2;S5;9;SAO LOURENCO D'OESTE;SC;03/2022;95.091;271;5.214;11.979;25.548;8.054;596;0;51.662;20;1.623;5.012;9.492;4.783;1.565;0;22.495;92;983;881;0;0;0;0;1.956;237;9.895;792;0;0;0;0;10.924;0;0;0;0;0;0;0;0;112;98;1.419;0;0;0;0;1.629;0;0;0;0;0;0;0;0;0;3.885;2.540;0;0;0;0;6.425;0;0;0;0;0;0;0;0;0
COOPERATIVA DE CRÉDITO DE LIVRE ADMISSÃO DE RIO VERDE E REGIÃO LTDA.;9.033.698;b3S;I;2;S5;9;RIO VERDE;GO;03/2022;94.859;254;5.916;17.700;21.728;1.528;0;0;47.126;1;3.267;9.984;20.342;5.537;175;0;39.306;114;855;577;0;0;0;0;1.546;160;6.176;491;0;0;0;0;6.827;0;0;0;0;0;0;0;0;42;12;0;0;0;0;0;54;0;0;0;0;0;0;0;0;0;0;0;0;0;0;0;0;0;0;0;0;0;0;0;0;0
COOPERATIVA DE CRÉDITO DO RIO GRANDE DO NORTE - SICOOB RIO GRANDE DO NORTE;4.138.455;b3S;I;2;S5;9;NATAL;RN;03/2022;93.037;669;7.471;19.858;28.272;11.248;511;0;68.029;54;1.422;3.825;7.356;3.438;16;0;16.111;310;1.978;3.020;0;0;0;0;5.309;138;2.222;476;0;0;0;0;2.835;0;0;0;0;0;0;0;0;717;35;0;0;0;0;0;752;0;0;0;0;0;0;0;0;0;0;0;0;0;0;0;0;0;0;0;0;0;0;0;0;0
BANCO RNX S.A.;80.271.455;b2;I;2;S4;8;CURITIBA;PR;03/2022;92.547;448;13.122;30.032;23.488;252;0;0;67.343;27;289;705;891;64;0;0;1.976;0;0;0;0;0;0;0;0;106;20.921;2.202;0;0;0;0;23.229;0;0;0;0;0;0;0;0;0;0;0;0;0;0;0;0;0;0;0;0;0;0;0;0;0;0;0;0;0;0;0;0;0;0;0;0;0;0;0;0;0
COOPERATIVA DE CRÉDITO DE LIVRE ADMISSÃO DO VALE DO RIO GRANDE LTDA. - SICOOB UBERABA;25.683.475;b3S;I;2;S5;9;UBERABA;MG;03/2022;91.804;370;6.943;17.957;21.223;6.373;3.027;0;55.894;27;2.146;5.748;12.124;2.245;75;0;22.366;393;2.493;4.082;7;0;0;0;6.976;102;5.370;522;0;0;0;0;5.994;0;0;0;0;0;0;0;0;229;35;0;0;0;0;0;264;0;0;0;0;0;0;0;0;0;46;162;102;0;0;0;310;0;0;0;0;0;0;0;0;0
COOPERATIVA DE CRÉDITO E INVESTIMENTO COM INTERAÇÃO SOLIDÁRIA DE MINAS GERAIS - CRESOL MINAS GERAIS;8.624.548;b3S;I;2;S5;9;MURIAE;MG;03/2022;90.317;260;3.532;9.188;14.551;2.464;0;0;29.996;70;787;2.336;5.553;1.802;11;0;10.559;183;2.280;7.170;3.064;35;0;0;12.732;258;7.997;1.232;0;0;0;0;9.487;0;0;0;0;0;0;0;0;491;303;868;1.200;430;39;89;3.420;236;1.954;5.972;12.562;2.799;149;0;23.671;0;0;453;0;0;0;0;453;0;0;0;0;0;0;0;0;0
COOPERATIVA DE CRÉDITO TEIXEIRA DE FREITAS LTDA. - SICOOB EXTREMO SUL;2.447.120;b3S;I;2;S5;9;TEIXEIRA DE FREITAS;BA;03/2022;89.140;530;7.533;17.401;25.009;4.962;180;57;55.671;111;2.140;5.777;13.160;5.729;530;0;27.447;209;774;2.862;0;0;0;0;3.846;4;902;36;0;0;0;0;942;0;0;0;0;0;0;0;0;449;130;135;17;0;0;0;732;0;0;0;0;0;0;0;0;0;0;503;0;0;0;0;503;0;0;0;0;0;0;0;0;0
COOPERATIVA DE CRÉDITO DE LIVRE ADMISSÃO DE ASSOCIADOS ITAPIRANGA - SICOOB CREDITAPIRANGA SC/RS;78.483.310;b3S;I;2;S5;9;ITAPIRANGA;SC;03/2022;87.921;192;3.011;13.378;21.726;5.426;1.664;101;45.499;12;1.819;4.754;12.899;7.427;5.949;0;32.858;59;927;104;0;0;0;0;1.090;16;2.001;924;0;0;0;0;2.941;0;0;0;0;0;0;0;0;40;182;426;704;254;165;0;1.771;1;6;4;0;0;0;0;10;0;0;3.752;0;0;0;0;3.752;0;0;0;0;0;0;0;0;0
COOPERATIVA DE ECONOMIA E CRÉDITO MÚTUO DO VALE DAS ANTAS LTDA. - UNICRED VALE DAS ANTAS;94.243.839;b3S;I;2;S5;9;CASCA;RS;03/2022;87.631;87;4.091;9.799;15.659;10.715;13.656;0;54.006;25;706;1.871;3.587;2.023;500;0;8.712;0;312;2.689;300;0;0;0;3.300;83;4.037;1.248;0;0;0;0;5.367;0;0;0;0;0;0;0;0;22;1.188;4.115;6.145;2.607;2.168;0;16.245;0;0;0;0;0;0;0;0;0;0;0;0;0;0;0;0;0;0;0;0;0;0;0;0;0
SICREDI CARIRI - COOPERATIVA DE CRÉDITO DA REGIÃO DO CARIRI;86.913.993;b3S;I;2;S5;9;JUAZEIRO DO NORTE;CE;03/2022;87.493;105;2.008;5.820;6.288;923;42;0;15.186;387;3.240;9.189;19.381;7.658;975;0;40.830;108;2.675;1.103;15;0;0;0;3.901;136;1.052;161;0;0;0;0;1.350;0;0;0;0;0;0;0;0;638;4.165;3.872;6.195;5.532;5.824;0;26.227;0;0;0;0;0;0;0;0;0;0;0;0;0;0;0;0;0;0;0;0;0;0;0;0;0
COOPERATIVA DE CRÉDITO DE LIVRE ADMISSÃO SICOOB CREDIACIL;8.795.285;b3S;I;2;S5;9;LEME;SP;03/2022;86.736;203;6.932;22.497;25.738;4.806;1.031;0;61.205;15;1.174;3.051;5.422;2.304;876;427;13.269;85;2.406;0;0;0;0;0;2.491;0;8.714;275;0;0;0;0;8.990;0;0;0;0;0;0;0;0;8;151;29;91;98;405;0;782;0;0;0;0;0;0;0;0;0;0;0;0;0;0;0;0;0;0;0;0;0;0;0;0;0
COOPERATIVA DE CRÉDITO DA REGIÃO DE ARAXÁ LTDA. - SICOOB CREDIARA;66.398.496;b3S;I;2;S5;9;ARAXA;MG;03/2022;85.852;262;6.338;16.733;23.149;1.855;456;0;48.791;9;2.825;7.235;17.640;4.479;881;0;33.069;178;490;1.543;0;0;0;0;2.211;19;1.655;38;0;0;0;0;1.712;0;0;0;0;0;0;0;0;66;2;0;0;0;0;0;68;0;0;0;0;0;0;0;0;0;0;0;0;0;0;0;0;0;0;0;0;0;0;0;0;0
COOPERATIVA DE CRÉDITO RURAL COM INTERAÇÃO SOLIDÁRIA GERAÇÕES - CRESOL GERAÇÕES;4.622.657;b3S;I;2;S5;9;TENENTE PORTELA;RS;03/2022;85.852;385;4.836;17.693;22.385;10.996;4.269;0;60.564;24;573;1.441;3.974;2.725;1.305;116;10.159;0;2;24;929;8;0;0;963;169;6.548;579;0;0;0;0;7.296;0;0;0;0;0;0;0;0;219;108;885;141;53;0;16;1.421;6;1.201;2.707;847;138;243;0;5.142;0;0;46;58;58;145;0;307;0;0;0;0;0;0;0;0;0
COOPERATIVA DE CRÉDITO SICOOB ARACREDI LTDA - SICOOB ARACREDI;68.987;b3S;I;2;S5;9;ARAGUARI;MG;03/2022;85.130;587;4.352;13.701;11.063;1.069;4;0;30.776;30;3.159;8.141;19.105;8.081;282;0;38.799;325;1.836;1.572;0;0;0;0;3.733;69;6.593;1.297;0;0;0;0;7.959;0;0;0;0;0;0;0;0;306;21;0;0;0;0;0;327;0;0;0;0;0;0;0;0;0;775;1.387;1.312;24;37;0;3.535;0;0;0;0;0;0;0;0;0
COOPERATIVA DE CRÉDITO CREDICOCAPEC;67.096.909;b3S;I;2;S4;9;FRANCA;SP;03/2022;85.068;48;6.061;15.638;21.443;2.888;0;0;46.078;9;802;2.336;3.834;903;0;0;7.884;60;4.187;16;0;0;0;0;4.263;17;8.286;1.062;0;0;0;0;9.365;0;0;0;0;0;0;0;0;47;64;873;75;38;0;0;1.097;0;0;0;0;0;0;0;0;0;9.791;255;6.335;0;0;0;16.381;0;0;0;0;0;0;0;0;0
SANTINVEST S.A. - CREDITO, FINANCIAMENTO E INVESTIMENTOS;122.327;n1;I;2;S5;14;FLORIANOPOLIS;SC;03/2022;84.769;140;2.452;11.797;25.775;27.257;4.465;0;71.887;0;831;400;0;0;0;0;1.232;0;0;0;0;0;0;0;0;0;251;0;0;0;0;0;251;0;0;0;0;0;0;0;0;0;1.156;3.412;6.157;673;0;0;11.399;0;0;0;0;0;0;0;0;0;0;0;0;0;0;0;0;0;0;0;0;0;0;0;0;0
COOPERATIVA DE CRÉDITO DA REGIÃO DE FRONTEIRAS DE RO/MT LTDA. - SICOOB FRONTEIRAS;3.612.764;b3S;I;2;S5;9;CACOAL;RO;03/2022;84.586;416;7.263;23.065;19.305;579;0;0;50.626;115;893;2.815;6.166;2.181;6;0;12.176;473;4.049;0;0;0;0;0;4.522;173;14.331;2.051;0;0;0;0;16.555;0;0;0;0;0;0;0;0;585;122;0;0;0;0;0;707;0;0;0;0;0;0;0;0;0;0;0;0;0;0;0;0;0;0;0;0;0;0;0;0;0
COOPERATIVA DE CRÉDITO CREDISG LTDA. - SICOOB CREDISG;3.645.752;b3S;I;2;S5;9;SAO GOTARDO;MG;03/2022;84.271;50;8.199;8.593;7.504;505;0;0;24.850;44;2.943;7.773;16.434;6.329;5.938;0;39.462;11;496;398;0;0;0;0;905;0;0;0;0;0;0;0;0;0;0;0;0;0;0;0;0;43;414;4.016;1.799;1.045;460;0;7.777;10;2.628;137;0;0;0;0;2.776;0;1.801;2.628;2.059;2.015;0;0;8.502;0;0;0;0;0;0;0;0;0
COOPERATIVA DE CRÉDITO DE LIVRE ADMISSÃO DO CENTRO SUL DE MATO GROSSO DO SUL - SICOOB CENTRO SUL MS;10.319.386;b3S;I;2;S5;9;DOURADOS;MS;03/2022;84.207;92;6.389;24.887;15.031;1.653;0;0;48.052;5;651;1.817;5.004;1.609;15;0;9.101;160;3.659;0;0;0;0;0;3.820;99;18.886;2.080;0;0;0;0;21.065;0;0;0;0;0;0;0;0;76;90;229;611;398;765;0;2.170;0;0;0;0;0;0;0;0;0;0;0;0;0;0;0;0;0;0;0;0;0;0;0;0;0
COOPERATIVA DE CRÉDITO E ECONOMIA COM INTERAÇÃO SOLIDÁRIA DO NOROESTE - CRESOL NOROESTE RS/PE/CE;2.663.426;b3S;I;2;S5;9;CONSTANTINA;RS;03/2022;83.560;282;4.181;9.546;11.214;2.324;243;0;27.790;276;1.806;4.869;12.016;7.501;6.796;0;33.265;2;1.553;3.548;705;46;0;0;5.855;127;4.939;314;0;0;0;0;5.380;0;0;0;0;0;0;0;0;166;66;33;21;0;0;46;331;52;218;653;2.389;1.442;79;0;4.834;0;949;825;1.211;1.211;1.910;0;6.106;0;0;0;0;0;0;0;0;0
COOPERATIVA DE CRÉDITO CREDIVALE LTDA - SICOOB CREDIVALE;25.387.655;b3S;I;2;S5;9;TEOFILO OTONI;MG;03/2022;82.244;348;7.550;17.911;22.113;1.389;0;0;49.311;13;1.357;3.956;8.623;2.991;666;0;17.605;219;2.748;1.703;21;0;0;0;4.691;0;0;0;0;0;0;0;0;0;0;0;0;0;0;0;0;190;91;3;6;0;0;0;290;39;9.768;541;0;0;0;0;10.347;0;0;0;0;0;0;0;0;0;0;0;0;0;0;0;0;0
COOPERATIVA DE CRÉDITO UNICRED CENTRAL MULTIRREGIONAL LTDA. - UCM;184.068;b3C;I;2;S4;9;BELO HORIZONTE;MG;03/2022;81.820;0;6.670;17.700;35.294;22.156;0;0;81.820;0;0;0;0;0;0;0;0;0;0;0;0;0;0;0;0;0;0;0;0;0;0;0;0;0;0;0;0;0;0;0;0;0;0;0;0;0;0;0;0;0;0;0;0;0;0;0;0;0;0;0;0;0;0;0;0;0;0;0;0;0;0;0;0;0
AL5 S.A. CRÉDITO, FINANCIAMENTO E INVESTIMENTO;27.214.112;n1;I;2;S4;14;CUIABA;MT;03/2022;81.511;470;28.640;28.342;22.901;335;0;0;80.688;287;120;102;248;66;0;0;823;0;0;0;0;0;0;0;0;0;0;0;0;0;0;0;0;0;0;0;0;0;0;0;0;0;0;0;0;0;0;0;0;0;0;0;0;0;0;0;0;0;0;0;0;0;0;0;0;0;0;0;0;0;0;0;0;0
COOPERATIVA DE CRÉDITO E CAPTAÇÃO SICOOB UNICIDADES;3.047.549;b3S;I;2;S5;9;RIO VERDE;GO;03/2022;81.508;503;6.899;19.173;30.307;8.356;4.349;0;69.588;3;527;1.389;2.823;824;0;0;5.566;183;751;1.298;2;0;0;0;2.234;43;3.008;754;0;0;0;0;3.805;0;0;0;0;0;0;0;0;285;29;0;0;0;0;0;314;0;0;0;0;0;0;0;0;0;0;0;0;0;0;0;0;0;0;0;0;0;0;0;0;0
BANCO OURINVEST S.A.;78.632.767;b1;I;2;S4;8;SAO PAULO;SP;03/2022;81.126;22;36;40;2.200;0;0;0;2.298;0;58;130;117;0;0;0;305;0;0;0;0;0;0;0;0;644;41.572;10.845;0;0;0;0;53.061;0;5.274;18.701;0;0;0;0;23.975;0;1.262;0;225;0;0;0;1.487;0;0;0;0;0;0;0;0;0;0;0;0;0;0;0;0;0;0;0;0;0;0;0;0;0
COOPERATIVA DE CRÉDITO DE LIVRE ADMISSÃO DA REGIÃO DE FRUTAL LTDA.   SICOOB FRUTAL;71.419.600;b3S;I;2;S5;9;FRUTAL;MG;03/2022;80.509;215;6.178;23.654;21.460;2.814;2;0;54.324;4;1.271;3.649;7.846;3.461;26;0;16.258;121;1.010;696;4;0;0;0;1.832;209;3.436;30;0;0;0;0;3.676;0;0;0;0;0;0;0;0;212;565;424;1.116;0;0;0;2.317;0;0;0;0;0;0;0;0;0;0;137;1.199;767;0;0;2.103;0;0;0;0;0;0;0;0;0
COOPERATIVA DE CRÉDITO CREDINACIONAL LTDA. - SICOOB CREDINACIONAL;25.420.696;b3S;I;2;S5;9;ABAETE;MG;03/2022;80.507;626;7.428;18.584;28.224;4.057;396;0;59.315;0;1.102;3.121;7.124;549;133;0;12.029;233;2.092;1.330;0;0;0;0;3.655;141;3.643;130;0;0;0;0;3.914;0;0;0;0;0;0;0;0;361;304;489;0;0;0;0;1.155;0;0;0;0;0;0;0;0;0;0;87;155;197;0;0;439;0;0;0;0;0;0;0;0;0
COOPERATIVA CENTRAL DE CRÉDITO DO NORTE DO BRASIL - SICOOB NORTE;3.502.131;b3C;I;2;S4;9;PORTO VELHO;RO;03/2022;80.440;0;5.890;35.764;36.042;1.063;0;0;78.758;0;115;300;800;467;0;0;1.682;0;0;0;0;0;0;0;0;0;0;0;0;0;0;0;0;0;0;0;0;0;0;0;0;0;0;0;0;0;0;0;0;0;0;0;0;0;0;0;0;0;0;0;0;0;0;0;0;0;0;0;0;0;0;0;0;0
COOPERATIVA DE CRÉDITO RURAL COM INTERAÇÃO SOLIDÁRIA RAIZ - CRESOL RAIZ;17.343.510;b3S;I;2;S5;9;FREDERICO WESTPHALEN;RS;03/2022;80.316;209;4.353;12.160;19.298;10.417;2.509;0;48.946;3;667;1.677;4.619;4.008;4.967;0;15.942;0;1;1;1.208;2;0;0;1.212;277;3.582;851;0;0;0;0;4.710;0;0;0;0;0;0;0;0;50;27;20;23;9;32;39;200;2;517;4.511;3.668;561;48;0;9.306;0;0;0;0;0;0;0;0;0;0;0;0;0;0;0;0;0
COOPERATIVA DE CRÉDITO DE LIVRE ADMISSÃO DE MARECHAL CÂNDIDO RONDON E REGIÃO - SICOOB CONFIANÇA;7.097.064;b3S;I;2;S5;9;MARECHAL CANDIDO RONDON;PR;03/2022;79.878;294;4.894;18.784;23.048;3.450;352;0;50.822;96;1.390;3.724;8.995;5.005;3.495;0;22.706;177;998;996;0;0;0;0;2.171;274;3.293;356;0;0;0;0;3.923;0;0;0;0;0;0;0;0;129;83;44;0;0;0;0;256;0;0;0;0;0;0;0;0;0;0;0;0;0;0;0;0;0;0;0;0;0;0;0;0;0
COOPERATIVA DE CRÉDITO SICOOB COSTA DO DESCOBRIMENTO LTDA.;1.205.736;b3S;I;2;S5;9;ITAMARAJU;BA;03/2022;79.489;1.337;7.600;18.870;18.950;1.161;0;0;47.918;131;1.251;5.644;7.430;2.172;0;0;16.628;637;1.440;1.205;0;0;0;0;3.282;353;7.818;953;0;0;0;0;9.124;0;0;0;0;0;0;0;0;452;118;43;0;0;0;0;612;0;0;0;0;0;0;0;0;0;0;1.925;0;0;0;0;1.925;0;0;0;0;0;0;0;0;0
COOPERATIVA DE CRÉDITO COOCRELIVRE;53.935.029;b3S;I;2;S4;9;ORLANDIA;SP;03/2022;77.359;458;11.026;15.140;22.167;3.420;0;0;52.211;4;252;679;1.808;1.495;0;0;4.237;215;2.265;2.041;0;0;0;0;4.521;253;12.386;332;0;0;0;0;12.971;0;0;0;0;0;0;0;0;169;84;0;0;0;0;0;253;0;0;0;0;0;0;0;0;0;27;3.098;41;0;0;0;3.166;0;0;0;0;0;0;0;0;0
COOPERATIVA DE CRÉDITO DA GRANDE FLORIANÓPOLIS - ÚNILOS;2.405.189;b3S;I;2;S5;9;FLORIANOPOLIS;SC;03/2022;76.811;605;6.449;15.769;19.150;3.031;1.458;0;46.461;67;1.873;5.077;9.599;3.194;1.165;0;20.975;0;304;1.351;0;0;0;0;1.655;169;4.748;306;11;11;20;0;5.266;0;0;0;0;0;0;0;0;370;297;478;682;337;289;0;2.454;0;0;0;0;0;0;0;0;0;0;0;0;0;0;0;0;0;0;0;0;0;0;0;0;0
COOPERATIVA DE CRÉDITO DE LIVRE ADMISSÃO DE SANTO ANTÔNIO DO MONTE LTDA.   SICOOB CREDIMONTE;41.707.258;b3S;I;2;S5;9;SANTO ANTONIO DO MONTE;MG;03/2022;76.503;318;6.142;17.696;24.094;2.368;68;0;50.686;30;1.367;3.708;9.181;2.858;23;0;17.167;228;481;319;0;8;683;0;1.719;244;2.538;624;0;0;0;0;3.407;0;0;0;0;0;0;0;0;243;110;500;772;700;1.200;0;3.524;0;0;0;0;0;0;0;0;0;0;0;0;0;0;0;0;0;0;0;0;0;0;0;0;0
COOPERATIVA DE CRÉDITO DE LIVRE ADMISSÃO DE PEDRO LEOPOLDO LTDA - SICOOB CREDIPEL;71.441.406;b3S;I;2;S5;9;PEDRO LEOPOLDO;MG;03/2022;76.117;417;5.612;14.281;21.104;2.675;0;0;44.089;18;2.249;6.600;11.568;2.660;16;0;23.112;243;2.963;920;0;0;0;0;4.126;105;4.121;354;0;0;0;0;4.580;0;0;0;0;0;0;0;0;193;18;0;0;0;0;0;211;0;0;0;0;0;0;0;0;0;0;0;0;0;0;0;0;0;0;0;0;0;0;0;0;0
COOPERATIVA DE CRÉDITO RURAL COOPAVEL;76.461.557;b3S;I;2;S5;9;CASCAVEL;PR;03/2022;75.334;91;5.097;19.793;35.903;11.883;496;0;73.264;0;0;0;0;0;0;0;0;0;562;1.043;0;0;0;0;1.605;0;0;0;0;0;0;0;0;0;0;0;0;0;0;0;0;15;12;227;211;0;0;0;465;0;0;0;0;0;0;0;0;0;0;0;0;0;0;0;0;0;0;0;0;0;0;0;0;0
COOPERATIVA DE CRÉDITO DO VALE DO SÃO FRANCISCO - SICREDI VALE DO SÃO FRANCISCO;4.237.413;b3S;I;2;S5;9;PETROLINA;PE;03/2022;75.249;165;5.860;14.578;19.916;2.293;0;0;42.812;5;1.197;3.696;7.542;2.971;22;0;15.433;113;2.203;2.100;0;0;0;0;4.416;41;1.733;96;0;0;0;0;1.870;0;0;0;0;0;0;0;0;551;3.287;2.631;2.966;1.265;18;0;10.718;0;0;0;0;0;0;0;0;0;0;0;0;0;0;0;0;0;0;0;0;0;0;0;0;0
COOPERATIVA DE CRÉDITO, POUPANÇA E INVESTIMENTO DA REGIÃO DAS FLORES, DAS ÁGUAS E DOS VENTOS SP - SICREDI FORÇA DOS VENTOS SP;57.647.653;b3S;I;2;S4;9;JAGUARIUNA;SP;03/2022;75.176;81;3.701;10.350;14.262;2.300;5;0;30.699;0;901;2.521;4.592;1.870;139;0;10.022;115;1.959;1.712;12;0;0;0;3.798;14;7.373;309;0;0;0;0;7.696;0;0;0;0;0;0;0;0;220;3.364;3.682;6.929;4.087;4.374;6;22.662;3;62;178;56;0;0;0;299;0;0;0;0;0;0;0;0;0;0;0;0;0;0;0;0;0
COOPERATIVA DE CRÉDITO E INVESTIMENTO COM INTERAÇÃO SOLIDÁRIA UNIÃO DOS VALES - CRESOL UNIÃO DOS VALES;5.231.945;b3S;I;2;S5;9;IVAIPORA;PR;03/2022;75.099;302;1.914;4.873;9.854;2.511;193;0;19.648;109;705;2.040;5.257;1.780;280;0;10.171;43;3.654;13.584;1.998;30;0;0;19.309;203;3.278;372;0;0;0;0;3.853;0;0;0;0;0;0;0;0;599;547;1.195;2.684;1.322;15;40;6.402;109;1.094;3.164;7.488;3.476;39;0;15.371;0;0;346;0;0;0;0;346;0;0;0;0;0;0;0;0;0
COOPERATIVA DE CRÉDITO COM INTERAÇÃO SOLIDÁRIA NORTE PARANAENSE - CRESOL NORTE PARANAENSE;7.925.729;b3S;I;2;S5;9;LONDRINA;PR;03/2022;74.842;217;3.864;9.484;14.342;2.948;137;0;30.992;134;765;2.043;4.773;1.477;0;0;9.192;31;2.371;6.546;4.023;165;0;0;13.136;789;8.729;669;0;0;0;0;10.187;0;0;0;0;0;0;0;0;585;825;752;1.857;1.097;41;71;5.228;16;351;1.453;2.802;917;46;0;5.584;0;0;522;0;0;0;0;522;0;0;0;0;0;0;0;0;0
SOCIEDADE COOPERATIVA DE CRÉDITO COOPERE LTDA.  - SICOOB COOPERE;73.398.646;b3S;I;2;S5;9;VALENTE;BA;03/2022;74.164;812;4.388;11.686;10.216;844;115;0;28.062;33;282;922;1.850;746;13;0;3.846;253;2.643;0;0;0;0;0;2.896;1.354;32.572;4.860;0;0;0;0;38.786;0;0;0;0;0;0;0;0;323;140;82;29;0;0;0;574;0;0;0;0;0;0;0;0;0;0;0;0;0;0;0;0;0;0;0;0;0;0;0;0;0
COMMERZBANK BRASIL S.A. - BANCO MÚLTIPLO;23.522.214;b1;I;3;S4;8;SAO PAULO;SP;03/2022;74.064;0;32.609;4.626;0;0;0;0;37.235;0;0;0;0;0;0;0;0;0;0;0;0;0;0;0;0;0;0;0;0;0;0;0;0;0;36.829;0;0;0;0;0;36.829;0;0;0;0;0;0;0;0;0;0;0;0;0;0;0;0;0;0;0;0;0;0;0;0;0;0;0;0;0;0;0;0;0
COOPERATIVA DE CRÉDITO CREDIPEU LTDA.  - SICOOB CREDIPEU;66.262.643;b3S;I;2;S5;9;POMPEU;MG;03/2022;74.003;290;5.171;12.495;20.043;2.485;109;0;40.592;4;716;2.145;4.583;714;0;0;8.161;177;700;130;0;0;0;0;1.007;132;2.878;517;0;0;0;0;3.527;0;0;0;0;0;0;0;0;60;2.413;8.096;3.151;1.304;0;0;15.024;0;0;0;0;0;0;0;0;0;741;637;1.899;1.207;1.209;0;5.693;0;0;0;0;0;0;0;0;0
GENIAL;51.839;b1;C;2;S4;199;RIO DE JANEIRO;RJ;03/2022;73.703;0;28.545;9.813;21.616;2.079;0;0;62.052;0;0;0;0;0;0;0;0;0;0;0;0;0;0;0;0;0;0;0;0;0;0;0;0;0;0;0;0;0;0;0;0;0;0;1.194;10.365;0;0;92;11.651;0;0;0;0;0;0;0;0;0;0;0;0;0;0;0;0;0;0;0;0;0;0;0;0;0
COOPERATIVA DE CRÉDITO DE LIVRE ADMISSÃO DE ANÁPOLIS E REGIÃO LTDA;33.615.055;b3S;I;2;S5;9;ANAPOLIS;GO;03/2022;73.225;164;5.662;14.755;18.821;2.911;337;0;42.650;18;1.374;3.690;8.565;2.909;532;0;17.087;149;2.319;821;14;0;0;0;3.303;203;8.607;481;0;0;0;0;9.290;0;0;0;0;0;0;0;0;84;161;31;0;0;0;0;275;0;0;0;0;0;0;0;0;0;620;0;0;0;0;0;620;0;0;0;0;0;0;0;0;0
COOPERATIVA DE CRÉDITO COM INTERAÇÃO SOLIDÁRIA DO RIO GRANDE DO SUL - CRESOL RIO GRANDE DO SUL;6.139.650;b3S;I;2;S5;9;BENTO GONCALVES;RS;03/2022;73.011;166;2.534;6.616;13.927;6.990;1.518;0;31.751;5;688;1.934;4.459;1.897;82;0;9.065;70;862;4.646;2.323;14;0;0;7.915;84;2.945;439;0;0;0;0;3.468;0;0;0;0;0;0;0;0;502;225;717;1.290;883;216;23;3.856;250;1.607;4.250;8.585;2.249;13;0;16.955;0;0;0;0;0;0;0;0;0;0;0;0;0;0;0;0;0
COOPERATIVA DE CRÉDITO DE LIVRE ADMISSÃO DO VALE DO ARAGUAIA LTDA.;24.830.879;b3S;I;2;S5;9;MINEIROS;GO;03/2022;72.611;12;3.987;24.654;5.586;77;0;0;34.316;8;2.501;22.775;3.893;1.484;7;0;30.668;27;573;128;0;0;0;0;728;68;5.046;1.676;0;0;0;0;6.790;0;0;0;0;0;0;0;0;48;59;0;0;0;0;0;108;0;0;0;0;0;0;0;0;0;0;0;0;0;0;0;0;0;0;0;0;0;0;0;0;0
COOPERATIVA DE CREDITO DE LIVRE ADMISSÃO DO VALE DO SÃO PATRICIO LTDA.;968.602;b3S;I;2;S5;9;GOIANESIA;GO;03/2022;69.644;295;10.188;19.692;10.236;1.933;0;0;42.344;7;885;2.520;4.467;1.134;0;0;9.014;85;576;0;1;0;0;0;662;53;2.671;233;0;0;0;0;2.958;0;0;0;0;0;0;0;0;110;333;2.682;564;345;0;0;4.034;0;0;0;0;0;0;0;0;0;3.303;6.481;425;425;0;0;10.633;0;0;0;0;0;0;0;0;0
COOPERATIVA DE CRÉDITO DE LIVRE ADMISSÃO DE ASSOCIADOS DO SUL DO BRASIL - CREVISC;10.143.743;b3S;I;2;S5;9;GUARAMIRIM;SC;03/2022;69.537;236;5.069;13.097;17.771;4.375;1.411;0;41.959;53;1.695;4.369;6.724;2.689;1.485;0;17.014;0;1.607;774;0;0;0;0;2.382;154;4.356;313;0;0;0;0;4.823;0;0;0;0;0;0;0;0;162;156;150;248;103;13;0;832;30;344;871;1.109;168;4;0;2.527;0;0;0;0;0;0;0;0;0;0;0;0;0;0;0;0;0
COOPERATIVA DE CRÉDITO DE LIVRE ADMISSÃO DE ASSOCIADOS URUBICI - SICOOB CREDIARAUCÁRIA/SC;2.587.492;b3S;I;2;S5;9;URUBICI;SC;03/2022;69.437;263;5.416;13.696;17.834;2.800;510;0;40.520;25;1.385;3.784;7.960;3.746;2.673;0;19.574;172;1.763;753;563;0;0;0;3.251;49;5.299;571;0;0;0;0;5.919;0;0;0;0;0;0;0;0;155;19;0;0;0;0;0;174;0;0;0;0;0;0;0;0;0;0;0;0;0;0;0;0;0;0;0;0;0;0;0;0;0
COOPERATIVA DE CRÉDITO CREDIESMERALDAS LTDA. - SICOOB CREDIESMERALDAS;68.512.748;b3S;I;2;S5;9;ESMERALDAS;MG;03/2022;68.710;423;5.761;15.446;23.121;2.896;3;0;47.650;57;1.125;3.231;6.985;1.823;8;0;13.230;203;2.992;0;0;0;0;0;3.195;5;4.127;127;0;0;0;0;4.258;0;0;0;0;0;0;0;0;343;34;0;0;0;0;0;377;0;0;0;0;0;0;0;0;0;0;0;0;0;0;0;0;0;0;0;0;0;0;0;0;0
COOPERATIVA DE CRÉDITO DE LIVRE ADMISSÃO DO SERTÃO DE MINAS GERAIS LTDA. - SICOOB SERTÃO MINAS;1.667.352;b3S;I;2;S5;9;PIRAPORA;MG;03/2022;68.692;803;5.842;14.713;20.670;4.677;844;0;47.549;40;917;2.178;3.994;1.071;86;0;8.286;55;2.936;278;0;0;0;0;3.269;10;4.701;1.127;0;0;0;0;5.838;0;0;0;0;0;0;0;0;121;53;105;244;258;181;0;962;0;0;0;0;0;0;0;0;0;0;2.787;0;0;0;0;2.787;0;0;0;0;0;0;0;0;0
BANCO YAMAHA MOTOR DO BRASIL S.A.;10.371.492;b2;I;3;S4;8;GUARULHOS;SP;03/2022;68.134;0;0;0;0;0;0;0;0;158;67.053;451;391;42;0;0;68.096;0;0;0;0;0;0;0;0;0;38;0;0;0;0;0;38;0;0;0;0;0;0;0;0;0;0;0;0;0;0;0;0;0;0;0;0;0;0;0;0;0;0;0;0;0;0;0;0;0;0;0;0;0;0;0;0;0
COOPERATIVA DE CRÉDITO DE LIVRE ADMISSÃO DO TOCANTINS LTDA;26.960.328;b3S;I;2;S5;9;PARAISO DO NORTE DO TOCANTINS;TO;03/2022;68.062;594;3.487;10.058;15.888;4.202;1.124;0;35.352;99;1.583;4.711;10.722;5.751;1.081;0;23.948;283;2.104;429;0;51;0;0;2.867;203;4.096;482;0;0;0;0;4.781;0;0;0;0;0;0;0;0;513;194;74;95;95;143;0;1.115;0;0;0;0;0;0;0;0;0;0;0;0;0;0;0;0;0;0;0;0;0;0;0;0;0
COOPERATIVA DE CRÉDITO DE LIVRE ADMISSÃO E DOS ADVOGADOS LTDA. - SICOOB CREDIJUR;2.480.577;b3S;I;2;S5;9;GOIANIA;GO;03/2022;67.550;400;4.590;11.990;17.495;8.740;1.732;0;44.948;20;902;3.116;7.665;4.463;556;0;16.722;187;1.242;4;2;0;0;0;1.434;182;3.408;244;0;0;0;0;3.834;0;0;0;0;0;0;0;0;527;85;0;0;0;0;0;612;0;0;0;0;0;0;0;0;0;0;0;0;0;0;0;0;0;0;0;0;0;0;0;0;0
CREDISAN COOPERATIVA DE CRÉDITO;62.109.566;b3S;I;2;S5;9;SAO JOAO DA BOA VISTA;SP;03/2022;66.819;262;8.585;15.440;12.457;724;145;0;37.614;5;983;2.508;2.567;298;0;0;6.361;263;5.902;6.539;0;0;0;0;12.704;40;8.871;1.015;1;0;0;0;9.926;0;0;0;0;0;0;0;0;2;113;98;0;0;0;0;213;0;0;0;0;0;0;0;0;0;0;0;0;0;0;0;0;0;0;0;0;0;0;0;0;0
COOPERATIVA DE CRÉDITO DO CENTRO SUL MINEIRO LTDA. - SICOOB CENTRO SUL MINEIRO;71.238.232;b3S;I;2;S5;9;CARMOPOLIS DE MINAS;MG;03/2022;66.346;103;5.795;19.304;15.881;1.920;1.153;0;44.155;0;1.659;4.738;8.344;1.142;1.214;0;17.097;64;681;805;0;0;0;0;1.549;8;3.206;212;0;0;0;0;3.426;0;0;0;0;0;0;0;0;38;8;61;12;0;0;0;119;0;0;0;0;0;0;0;0;0;0;0;0;0;0;0;0;0;0;0;0;0;0;0;0;0
COOPERATIVA DE CRÉDITO HORIZONTE - SICOOB HORIZONTE;7.194.313;b3S;I;2;S5;9;ARAPONGAS;PR;03/2022;66.322;431;5.208;14.318;18.981;1.308;44;0;40.290;0;553;1.616;3.635;1.604;0;0;7.408;335;3.423;0;0;0;0;0;3.759;42;12.967;1.633;0;0;0;0;14.642;0;0;0;0;0;0;0;0;213;11;0;0;0;0;0;223;0;0;0;0;0;0;0;0;0;0;0;0;0;0;0;0;0;0;0;0;0;0;0;0;0
COOPERATIVA DE ECONOMIA E CRÉDITO MÚTUO UNICRED HORIZONTES LTDA - UNICRED HORIZONTES;1.526.924;b3S;I;2;S5;9;IJUI;RS;03/2022;66.064;27;3.344;9.221;17.341;9.663;7.121;0;46.717;0;913;2.617;5.353;2.717;2.204;0;13.805;0;543;954;0;0;0;0;1.497;14;1.063;248;0;0;0;0;1.325;0;0;0;0;0;0;0;0;4;205;540;1.196;560;214;0;2.721;0;0;0;0;0;0;0;0;0;0;0;0;0;0;0;0;0;0;0;0;0;0;0;0;0
COOPERATIVA DE CRÉDITO DE PRODUTORES RURAIS E DE LIVRE ADMISSÃO DO TRIÂNGULO LTDA    SICOOB CREDITRIL;41.669.227;b3S;I;2;S5;9;UBERLANDIA;MG;03/2022;65.809;116;5.031;13.922;19.489;4.611;5;0;43.175;12;1.620;4.367;10.005;1.934;0;0;17.938;65;2.725;1.315;3;0;0;0;4.108;0;385;55;0;0;0;0;440;0;0;0;0;0;0;0;0;129;20;0;0;0;0;0;149;0;0;0;0;0;0;0;0;0;0;0;0;0;0;0;0;0;0;0;0;0;0;0;0;0
COOPERATIVA DE CRÉDITO MÚTUO DOS ADVOGADOS DE SANTA CATARINA;5.861.932;b3S;I;2;S5;9;SAO JOSE;SC;03/2022;65.550;611;4.283;12.872;19.389;6.508;2.751;0;46.415;36;1.006;2.749;6.162;2.513;3.078;0;15.544;73;1.246;11;0;0;0;0;1.330;90;1.747;363;0;0;0;0;2.200;0;0;0;0;0;0;0;0;53;7;0;0;0;0;0;60;0;0;0;0;0;0;0;0;0;0;0;0;0;0;0;0;0;0;0;0;0;0;0;0;0
NEON PAGAMENTOS S.A.;20.855.875;n4;I;2;S4;41;SAO PAULO;SP;03/2022;65.246;0;0;0;0;0;0;0;0;0;0;0;0;0;0;0;0;0;0;0;0;0;0;0;0;0;0;0;0;0;0;0;0;0;0;0;0;0;0;0;0;0;50.361;14.822;63;0;0;0;65.246;0;0;0;0;0;0;0;0;0;0;0;0;0;0;0;0;0;0;0;0;0;0;0;0;0
COOPERATIVA DE CRÉDITO RURAL DE ABELARDO LUZ - SULCREDI/CREDILUZ;1.073.966;b3S;I;2;S5;9;ABELARDO LUZ;SC;03/2022;64.409;713;7.936;11.125;16.487;8.556;9.954;34;54.805;31;541;1.360;1.888;309;0;0;4.129;0;617;418;0;0;0;0;1.035;28;2.435;139;0;0;0;0;2.602;0;0;0;0;0;0;0;0;12;37;36;43;6;0;0;134;0;0;0;0;0;0;0;0;45;372;689;577;21;0;0;1.704;0;0;0;0;0;0;0;0;0
CENTRAL SICOOB UNI DE COOPERATIVAS DE CRÉDITO;4.243.780;b3C;I;2;S4;9;GOIANIA;GO;03/2022;63.323;0;35.071;28.206;46;0;0;0;63.323;0;0;0;0;0;0;0;0;0;0;0;0;0;0;0;0;0;0;0;0;0;0;0;0;0;0;0;0;0;0;0;0;0;0;0;0;0;0;0;0;0;0;0;0;0;0;0;0;0;0;0;0;0;0;0;0;0;0;0;0;0;0;0;0;0
COOPERATIVA DE CRÉDITO GUARANICREDI LTDA. - SICOOB GUARANICREDI;26.014.175;b3S;I;2;S5;9;GUARANI;MG;03/2022;63.095;31;5.834;16.251;21.771;5.234;0;0;49.122;0;707;2.053;4.502;1.404;0;0;8.665;21;866;0;0;0;0;0;887;0;2.988;257;0;0;0;0;3.245;0;0;0;0;0;0;0;0;25;146;223;670;112;0;0;1.176;0;0;0;0;0;0;0;0;0;0;0;0;0;0;0;0;0;0;0;0;0;0;0;0;0
COOPERATIVA DE CREDITO DE LIVRE ADMISSAO DE RUBIATABA E REGIAO LTDA;73.422.792;b3S;I;2;S5;9;RUBIATABA;GO;03/2022;62.941;260;4.611;10.659;13.586;1.268;0;0;30.383;92;2.022;5.243;11.736;3.355;6;0;22.454;129;3.018;7;0;0;0;0;3.154;81;5.893;674;0;0;0;0;6.648;0;0;0;0;0;0;0;0;134;125;0;0;0;0;0;259;0;0;0;0;0;0;0;0;0;44;0;0;0;0;0;44;0;0;0;0;0;0;0;0;0
DUFRIO FINANCEIRA, CRÉDITO, FINANCIAMENTO E INVESTIMENTOS S.A.;35.479.592;n1;I;2;S5;14;PORTO ALEGRE;RS;03/2022;62.302;65;81;168;95;0;0;0;409;942;3.928;5.132;2.639;194;0;0;12.836;0;0;0;0;0;0;0;0;875;43.351;4.832;0;0;0;0;49.058;0;0;0;0;0;0;0;0;0;0;0;0;0;0;0;0;0;0;0;0;0;0;0;0;0;0;0;0;0;0;0;0;0;0;0;0;0;0;0;0;0
COOPERATIVA DE CRÉDITO DA REGIÃO CENTRAL DE MINAS LTDA. - SICOOB UNIÃO CENTRAL;22.749.014;b3S;I;2;S5;9;PARAOPEBA;MG;03/2022;62.154;114;4.923;12.475;17.935;1.794;49;0;37.290;8;1.733;5.061;10.318;2.059;145;0;19.325;103;1.393;10;0;0;0;0;1.506;10;2.139;288;0;0;0;0;2.437;0;0;0;0;0;0;0;0;74;37;87;174;0;0;0;373;0;0;0;0;0;0;0;0;0;0;1.037;80;80;27;0;1.224;0;0;0;0;0;0;0;0;0
COOPERATIVA DE CRÉDITO DE LIVRE ADMISSÃO DO VALE DO PARANAÍBA LTDA.;24.799.033;b3S;I;2;S5;9;QUIRINOPOLIS;GO;03/2022;61.654;410;5.596;13.533;12.843;1.767;6;0;34.155;18;1.770;5.196;9.292;625;0;0;16.902;127;1.176;1.257;3;0;0;0;2.563;63;5.438;881;0;0;0;0;6.382;0;0;0;0;0;0;0;0;129;524;10;83;0;0;0;747;0;0;0;0;0;0;0;0;0;305;0;400;200;0;0;905;0;0;0;0;0;0;0;0;0
CENTRAL DAS COOPERATIVAS DE CREDITO UNICOOB - SICOOB CENTRAL UNICOOB;5.036.532;b3C;I;2;S4;9;MARINGA;PR;03/2022;61.035;0;6.407;18.875;23.958;10.417;0;0;59.657;0;0;0;0;0;0;0;0;0;0;0;0;0;0;0;0;0;0;0;0;0;0;0;0;0;0;0;0;0;0;0;0;0;42;92;245;245;755;0;1.378;0;0;0;0;0;0;0;0;0;0;0;0;0;0;0;0;0;0;0;0;0;0;0;0;0
CENTRAL DAS COOPERATIVAS DE CRÉDITO DO NORDESTE - SICOOB CENTRAL NE;70.116.611;b3C;I;2;S4;9;JOAO PESSOA;PB;03/2022;60.918;0;6.364;16.656;24.002;13.896;0;0;60.918;0;0;0;0;0;0;0;0;0;0;0;0;0;0;0;0;0;0;0;0;0;0;0;0;0;0;0;0;0;0;0;0;0;0;0;0;0;0;0;0;0;0;0;0;0;0;0;0;0;0;0;0;0;0;0;0;0;0;0;0;0;0;0;0;0
COOPERATIVA DE CREDITO POTIGUAR - SICOOB POTIGUAR;2.382.755;b3S;I;2;S5;9;NATAL;RN;03/2022;60.785;216;3.851;8.834;10.752;4.124;2.047;0;29.823;6;877;2.855;8.244;6.429;98;0;18.510;125;3.688;4.470;0;0;0;0;8.283;43;3.337;633;0;0;0;0;4.013;0;0;0;0;0;0;0;0;145;11;0;0;0;0;0;156;0;0;0;0;0;0;0;0;0;0;0;0;0;0;0;0;0;0;0;0;0;0;0;0;0
COOPERATIVA DE CRÉDITO COM INTERAÇÃO SOLIDÁRIA TRIUNFO - CRESOL TRIUNFO;8.560.508;b3S;I;2;S5;9;SAO JOAO DO TRIUNFO;PR;03/2022;60.565;74;1.849;4.552;10.059;3.646;676;0;20.856;10;501;1.410;3.420;2.003;17;0;7.360;0;286;1.496;1.372;63;0;0;3.217;60;2.097;215;0;0;0;0;2.372;0;0;0;0;0;0;0;0;204;139;297;1.536;2.448;40;15;4.679;66;999;4.923;12.318;3.703;72;0;22.081;0;0;0;0;0;0;0;0;0;0;0;0;0;0;0;0;0
COOPERATIVA DE CRÉDITO UNIÃO CENTRO OESTE LTDA. - SICOOB UNIÃO CENTRO OESTE;26.072.728;b3S;I;2;S5;9;ARCOS;MG;03/2022;60.172;286;8.935;14.523;13.538;2.390;0;0;39.672;11;758;2.764;7.108;3.080;1.160;0;14.882;55;919;79;0;0;0;0;1.053;24;4.207;291;0;0;0;0;4.522;0;0;0;0;0;0;0;0;38;5;0;0;0;0;0;43;0;0;0;0;0;0;0;0;0;0;0;0;0;0;0;0;0;0;0;0;0;0;0;0;0
BANCO INBURSA S.A.;4.866.275;b1;I;3;S4;8;SAO PAULO;SP;03/2022;59.928;0;45.761;14.168;0;0;0;0;59.928;0;0;0;0;0;0;0;0;0;0;0;0;0;0;0;0;0;0;0;0;0;0;0;0;0;0;0;0;0;0;0;0;0;0;0;0;0;0;0;0;0;0;0;0;0;0;0;0;0;0;0;0;0;0;0;0;0;0;0;0;0;0;0;0;0
COOPERATIVA DE CRÉDITO COOPCRED;53.623.781;b3S;I;2;S5;9;VALPARAISO;SP;03/2022;59.572;390;3.329;10.523;16.481;5.685;8;0;36.416;5;715;2.029;4.421;1.798;0;0;8.967;380;1.954;3.160;87;0;0;0;5.581;110;6.932;682;0;0;0;0;7.724;0;0;0;0;0;0;0;0;501;277;106;0;0;0;0;884;0;0;0;0;0;0;0;0;0;0;0;0;0;0;0;0;0;0;0;0;0;0;0;0;0
BANCO DIGIMAIS S.A.;92.874.270;b1;I;3;S4;8;SAO PAULO;SP;03/2022;59.197;835;21.602;13.691;13.770;1.822;0;0;51.721;7;1.017;1.312;379;0;0;0;2.714;0;0;0;35;0;0;0;35;569;4.111;0;0;0;0;0;4.680;0;0;0;0;0;0;0;0;3;38;5;2;0;0;0;48;0;0;0;0;0;0;0;0;0;0;0;0;0;0;0;0;0;0;0;0;0;0;0;0;0
COOPERATIVA DE CRÉDITO DO DISTRITO FEDERAL E ENTORNO LTDA;1.187.961;b3S;I;2;S5;9;BRASILIA;DF;03/2022;58.450;631;5.948;16.130;12.052;1.246;0;0;36.006;104;768;2.130;4.917;2.113;337;0;10.369;33;920;1.577;0;0;0;0;2.529;619;1.925;28;0;0;0;0;2.573;0;0;0;0;0;0;0;0;981;293;1.549;1.751;652;0;0;5.226;0;0;0;0;0;0;0;0;0;0;147;1.599;0;0;0;1.746;0;0;0;0;0;0;0;0;0
COOPERATIVA DE CRÉDITO COM INTERAÇÃO SOLIDÁRIA DA COSTA OESTE - CRESOL COSTA OESTE;11.969.853;b3S;I;2;S5;9;MEDIANEIRA;PR;03/2022;57.644;82;1.785;4.396;8.740;3.367;1.046;0;19.415;129;748;2.105;5.015;1.820;64;0;9.881;86;2.718;9.161;3.514;16;0;0;15.494;8;3.062;445;0;0;0;0;3.516;0;0;0;0;0;0;0;0;339;205;605;1.469;729;305;13;3.665;62;442;1.472;3.023;674;0;0;5.672;0;0;0;0;0;0;0;0;0;0;0;0;0;0;0;0;0
REPOM S.A.;65.697.260;n4;I;2;;41;BARUERI;SP;03/2022;57.337;0;0;0;0;0;0;0;0;0;0;0;0;0;0;0;0;0;0;0;0;0;0;0;0;0;0;0;0;0;0;0;0;0;0;0;0;0;0;0;0;0;57.337;0;0;0;0;0;57.337;0;0;0;0;0;0;0;0;0;0;0;0;0;0;0;0;0;0;0;0;0;0;0;0;0
BARIGUI;51.774;b1;C;2;S4;199;CURITIBA;PR;03/2022;57.328;3;268;403;271;143;0;0;1.088;82;694;1.453;3.123;1.932;2.054;10;9.347;0;0;0;0;0;0;0;0;0;0;0;0;0;0;0;0;0;0;0;0;0;0;0;0;253;2.241;6.885;14.401;9.208;13.345;561;46.893;0;0;0;0;0;0;0;0;0;0;0;0;0;0;0;0;0;0;0;0;0;0;0;0;0
NU PAGAMENTOS S.A. - INSTITUIÇÃO DE PAGAMENTO;18.236.120;n4;I;2;S3;41;SAO PAULO;SP;03/2022;56.890;0;0;0;0;0;0;0;0;0;0;0;0;0;0;0;0;0;0;0;0;0;0;0;0;0;0;0;0;0;0;0;0;0;0;0;0;0;0;0;0;0;28.195;28.427;268;0;0;0;56.890;0;0;0;0;0;0;0;0;0;0;0;0;0;0;0;0;0;0;0;0;0;0;0;0;0
COOPERATIVA DE CRÉDITO, POUPANÇA E INVESTIMENTO SICREDI RECIFE - SICREDI RECIFE;70.241.658;b3S;I;2;S5;9;RECIFE;PE;03/2022;56.833;139;4.672;12.756;17.951;1.375;0;0;36.894;0;560;1.943;4.781;1.634;2;0;8.921;29;1.211;662;400;0;0;0;2.302;0;325;15;0;0;0;0;340;0;0;0;0;0;0;0;0;208;1.547;2.172;3.138;1.149;46;0;8.260;0;13;39;63;0;0;0;116;0;0;0;0;0;0;0;0;0;0;0;0;0;0;0;0;0
ATRIA S.A.- CRÉDITO, FINANCIAMENTO E INVESTIMENTO;5.956.581;n1;I;2;S5;14;ARAUCARIA;PR;03/2022;56.451;3.237;12.372;15.363;17.304;3.720;565;0;52.560;67;90;168;120;0;0;0;446;0;0;0;0;0;0;0;0;196;877;1.097;973;302;0;0;3.445;0;0;0;0;0;0;0;0;0;0;0;0;0;0;0;0;0;0;0;0;0;0;0;0;0;0;0;0;0;0;0;0;0;0;0;0;0;0;0;0;0
COOPERATIVA DE CRÉDITO DO SUDOESTE BAIANO LTDA - SICOOB CREDICONQUISTA;2.282.165;b3S;I;2;S5;9;VITORIA DA CONQUISTA;BA;03/2022;56.058;598;5.346;11.687;14.488;1.201;2;0;33.321;73;1.251;3.496;6.213;1.705;5;0;12.742;470;1.684;607;21;0;0;0;2.782;706;5.547;366;0;0;0;0;6.619;0;0;0;0;0;0;0;0;372;220;0;0;0;0;0;593;0;0;0;0;0;0;0;0;0;0;0;0;0;0;0;0;0;0;0;0;0;0;0;0;0
COOPERATIVA DE CREDITO DO PLANALTO SUL - SICOOB CREDISSERRANA;3.033.469;b3S;I;2;S5;9;LAGES;SC;03/2022;55.357;209;3.617;9.326;22.539;2.956;289;0;38.937;0;400;1.168;3.155;1.184;69;0;5.976;146;431;988;21;0;0;0;1.586;281;5.608;848;0;0;0;0;6.737;0;0;0;0;0;0;0;0;182;19;0;140;117;233;0;691;0;0;0;0;0;0;0;0;0;733;413;226;58;0;0;1.430;0;0;0;0;0;0;0;0;0
COOPERATIVA DE CRÉDITO DE LIVRE ADMISSÃO DA REGIÃO DO ALTO SÃO FRANCISCO LTDA. - SICOOB CREDIPRATA;26.178.111;b3S;I;2;S5;9;LAGOA DA PRATA;MG;03/2022;55.199;250;5.865;14.013;17.644;3.408;23;0;41.203;0;59;161;148;5;0;0;373;68;2.456;4.797;0;0;0;0;7.322;11;5.387;744;0;0;0;0;6.141;0;0;0;0;0;0;0;0;118;41;1;0;0;0;0;160;0;0;0;0;0;0;0;0;0;0;0;0;0;0;0;0;0;0;0;0;0;0;0;0;0
COOPERATIVA DE CRÉDITO DE LIVRE ADMISSÃO DO CENTRO-SUL GOIANO LTDA;33.579.731;b3S;I;2;S5;9;MORRINHOS;GO;03/2022;54.222;943;3.753;9.449;10.851;946;70;0;26.012;146;1.329;3.612;7.615;3.384;293;0;16.380;388;2.109;457;0;0;0;0;2.954;340;7.032;401;0;0;0;0;7.773;0;0;0;0;0;0;0;0;380;54;56;150;144;319;0;1.103;0;0;0;0;0;0;0;0;0;0;0;0;0;0;0;0;0;0;0;0;0;0;0;0;0
COOPERATIVA DE CRÉDITO SICOOB SERTÃO LTDA;2.057.584;b3S;I;2;S5;9;PINTADAS;BA;03/2022;53.598;630;4.975;14.096;15.681;2.130;60;0;37.574;103;812;2.327;3.608;1.431;2;0;8.282;306;1.527;0;0;0;0;0;1.834;241;4.260;461;0;0;0;0;4.962;0;0;0;0;0;0;0;0;294;275;377;0;0;0;0;947;0;0;0;0;0;0;0;0;0;0;0;0;0;0;0;0;0;0;0;0;0;0;0;0;0
COOPERATIVA DE CRÉDITO DE LIVRE ADMISSÃO DO ESTADO DO ACRE LTDA.;1.608.685;b3S;I;2;S5;9;RIO BRANCO;AC;03/2022;52.793;513;3.236;7.830;12.271;4.720;1.781;0;30.351;241;1.516;3.316;6.984;4.482;247;0;16.787;240;1.029;495;0;0;0;0;1.765;1.326;2.074;407;0;0;0;0;3.806;0;0;0;0;0;0;0;0;79;5;0;0;0;0;0;84;0;0;0;0;0;0;0;0;0;0;0;0;0;0;0;0;0;0;0;0;0;0;0;0;0
CENTRAL DE COOPERATIVAS DE ECONOMIA E CRÉDITO MÚTUO DO ESTADO DO RIO GRANDE DO SUL LTDA - UNICRED CENTRAL RS;1.634.601;b3C;I;2;S4;9;PORTO ALEGRE;RS;03/2022;52.083;0;0;0;0;0;0;0;0;0;0;0;0;0;0;0;0;0;0;31.920;0;0;0;0;31.920;0;0;0;0;0;0;0;0;0;0;0;0;0;0;0;0;0;0;2.054;4.971;4.150;8.987;0;20.163;0;0;0;0;0;0;0;0;0;0;0;0;0;0;0;0;0;0;0;0;0;0;0;0;0
COOPERATIVA CENTRAL DE ECONOMIA E CRÉDITO MÚTUO  - SICOOB UNIMAIS;73.085.573;b3C;I;2;S4;9;SAO PAULO;SP;03/2022;51.980;0;5.358;26.141;20.480;0;0;0;51.980;0;0;0;0;0;0;0;0;0;0;0;0;0;0;0;0;0;0;0;0;0;0;0;0;0;0;0;0;0;0;0;0;0;0;0;0;0;0;0;0;0;0;0;0;0;0;0;0;0;0;0;0;0;0;0;0;0;0;0;0;0;0;0;0;0
CREDICOAMO CREDITO RURAL COOPERATIVA;81.723.108;b3S;I;2;S4;9;CAMPO MOURAO;PR;03/2022;51.942;0;90;7.639;15.426;15.070;7.408;0;45.634;0;0;0;0;0;0;0;0;0;28;0;0;0;0;0;28;0;0;0;0;0;0;0;0;0;0;0;0;0;0;0;0;0;48;684;176;0;0;0;908;0;0;0;0;0;0;0;0;0;5.292;81;0;0;0;0;5.373;0;0;0;0;0;0;0;0;0
COOPERATIVA DE CRÉDITO SICREDI CENTRO PERNAMBUCANA;41.255.225;b3S;I;2;S5;9;CARUARU;PE;03/2022;51.577;235;4.634;11.404;11.644;2.067;0;0;29.984;172;1.578;4.130;6.458;2.269;236;0;14.843;181;1.121;42;0;0;0;0;1.343;0;0;0;0;0;0;0;0;0;0;0;0;0;0;0;0;202;1.453;1.486;1.526;407;332;0;5.406;0;0;0;0;0;0;0;0;0;0;0;0;0;0;0;0;0;0;0;0;0;0;0;0;0
REALIZE CRÉDITO, FINANCIAMENTO E INVESTIMENTO S.A.;27.351.731;n1;I;3;S4;14;PORTO ALEGRE;RS;03/2022;51.180;0;9.230;10.818;0;0;0;0;20.048;0;0;0;0;0;0;0;0;0;0;0;0;0;0;0;0;0;21.456;9.676;0;0;0;0;31.132;0;0;0;0;0;0;0;0;0;0;0;0;0;0;0;0;0;0;0;0;0;0;0;0;0;0;0;0;0;0;0;0;0;0;0;0;0;0;0;0;0
COOPERATIVA DE CRÉDITO CREDICAMPO LTDA.- SICOOB CREDICAMPO;21.661.202;b3S;I;2;S5;9;ENTRE RIOS DE MINAS;MG;03/2022;51.092;748;3.684;11.425;11.888;3.042;7;0;30.793;28;1.200;3.358;6.863;2.275;995;0;14.719;221;688;813;0;0;0;0;1.722;100;3.399;213;0;0;0;0;3.712;0;0;0;0;0;0;0;0;93;51;0;0;0;0;0;144;0;0;0;0;0;0;0;0;0;0;0;0;0;0;0;0;0;0;0;0;0;0;0;0;0
COOPERATIVA DE CREDITO RURAL COM INTERACAO SOLIDARIA ESSENCIA - CRESOL ESSENCIA;6.031.727;b3S;I;2;S5;9;SANTO CRISTO;RS;03/2022;50.719;217;2.204;6.974;9.659;4.685;2.928;0;26.666;45;1.151;3.073;7.140;3.953;548;0;15.910;0;0;1;625;2;0;0;629;66;2.153;247;0;0;0;0;2.466;0;0;0;0;0;0;0;0;34;61;91;160;150;135;38;668;3;376;1.034;2.405;446;116;0;4.380;0;0;0;0;0;0;0;0;0;0;0;0;0;0;0;0;0
COOPERATIVA DE CRÉDITO DE LIVRE ADMISSÃO DO NOROESTE DE MINAS GERAIS LTDA.   SICOOB CREDIPINHO;71.154.876;b3S;I;2;S5;9;JOAO PINHEIRO;MG;03/2022;49.144;66;4.074;15.175;9.646;4.479;125;0;33.565;3;997;2.974;3.496;1.844;0;0;9.314;47;2.309;0;0;0;0;0;2.356;6;3.296;423;0;0;0;0;3.726;0;0;0;0;0;0;0;0;36;88;29;31;0;0;0;184;0;0;0;0;0;0;0;0;0;0;0;0;0;0;0;0;0;0;0;0;0;0;0;0;0
COOPERATIVA DE CRÉDITO RURAL COM INTERAÇÃO SOLIDÁRIA TRANSFORMAÇÃO - CRESOL TRANSFORMAÇÃO;4.261.151;b3S;I;2;S5;9;DONA EMMA;SC;03/2022;48.334;32;1.836;5.298;10.886;6.528;3.604;0;28.184;34;641;1.665;4.534;2.119;672;0;9.665;0;0;0;562;0;0;0;563;9;1.173;223;0;0;0;0;1.404;0;0;0;0;0;0;0;0;42;6;7;36;14;0;390;495;13;692;2.168;4.091;1.013;46;0;8.023;0;0;0;0;0;0;0;0;0;0;0;0;0;0;0;0;0
COOPERATIVA DE CRÉDITO RURAL E ECONOMIA COM INTERAÇÃO SOLIDÁRIA DO PLANALTO SERRA DO RIO GRANDE DO SUL - CRESOL PLANALTO SERRA;5.863.726;b3S;I;2;S5;9;SANANDUVA;RS;03/2022;47.914;330;1.242;3.225;4.736;665;91;0;10.289;27;1.358;3.378;8.743;5.248;3.799;0;22.553;41;1.393;5.412;624;7;0;0;7.477;134;5.008;478;0;0;0;0;5.621;0;0;0;0;0;0;0;0;136;30;38;61;35;41;14;356;0;111;277;689;498;43;0;1.619;0;0;0;0;0;0;0;0;0;0;0;0;0;0;0;0;0
COOPERATIVA DE CRÉDITO DE LIVRE ADMISSÃO DE JATAÍ E REGIÃO LTDA.;10.143.499;b3S;I;2;S5;9;JATAI;GO;03/2022;47.661;82;5.554;14.363;11.960;1.747;423;0;34.130;0;706;2.004;4.651;995;0;0;8.356;28;639;0;0;0;0;0;667;54;4.014;303;0;0;0;0;4.371;0;0;0;0;0;0;0;0;58;79;0;0;0;0;0;137;0;0;0;0;0;0;0;0;0;0;0;0;0;0;0;0;0;0;0;0;0;0;0;0;0
COOPERATIVA DE CRÉDITO SICREDI ALTO SERTÃO PARAIBANO - SICREDI ALTO SERTÃO PARAIBANO;9.343.038;b3S;I;2;S5;9;SOUSA;PB;03/2022;47.633;7;1.449;3.120;3.471;348;0;0;8.396;17;2.798;8.054;14.288;5.329;134;0;30.621;14;487;1.546;0;0;0;0;2.046;0;3.672;472;0;0;0;0;4.144;0;0;0;0;0;0;0;0;59;1.079;676;376;235;0;0;2.426;0;0;0;0;0;0;0;0;0;0;0;0;0;0;0;0;0;0;0;0;0;0;0;0;0
GAZINCRED S.A. SOCIEDADE DE CRÉDITO, FINANCIAMENTO E INVESTIMENTO;11.760.553;n1;I;2;S4;14;DOURADINA;PR;03/2022;47.592;291;2.823;6.448;5.717;0;0;0;15.278;0;104;254;263;28;0;0;648;0;0;0;0;0;0;0;0;10;24.951;6.253;452;0;0;0;31.665;0;0;0;0;0;0;0;0;0;0;0;0;0;0;0;0;0;0;0;0;0;0;0;0;0;0;0;0;0;0;0;0;0;0;0;0;0;0;0;0;0
COOPERATIVA DE CRÉDITO DOS MÉDICOS, SERVIDORES PÚBLICOS E EMPRESÁRIOS DO NORDESTE LTDA - UNICRED DO NORDESTE;2.602.922;b3S;I;2;S5;9;FEIRA DE SANTANA;BA;03/2022;47.500;483;2.248;6.333;10.254;3.644;4.577;0;27.539;45;1.025;3.100;5.723;2.939;3.013;0;15.846;0;560;770;0;0;0;0;1.330;0;47;0;0;0;0;0;47;0;0;0;0;0;0;0;0;78;253;637;1.173;596;0;0;2.738;0;0;0;0;0;0;0;0;0;0;0;0;0;0;0;0;0;0;0;0;0;0;0;0;0
COOPERATIVA DE CRÉDITO DO VALE DOS PINHAIS - SICOOB VALE DOS PINHAIS;86.791.837;b3S;I;2;S5;9;CACADOR;SC;03/2022;47.485;339;4.272;10.850;18.239;6.576;160;0;40.436;17;141;312;601;53;0;0;1.124;68;288;435;11;0;0;0;803;30;3.913;699;0;0;0;0;4.642;0;0;0;0;0;0;0;0;70;46;0;364;0;0;0;480;0;0;0;0;0;0;0;0;0;0;0;0;0;0;0;0;0;0;0;0;0;0;0;0;0
COOPERATIVA DE CRÉDITO DE LIVRE ADMISSÃO DA REGIÃO CENTRAL DE RONDÔNIA   SICOOB OUROCREDI;2.144.899;b3S;I;2;S5;9;OURO PRETO DO OESTE;RO;03/2022;47.125;138;6.716;12.941;12.623;785;0;0;33.203;1;492;1.373;2.752;1.201;21;0;5.841;142;1.023;487;0;0;0;0;1.651;133;5.537;546;0;0;0;0;6.216;0;0;0;0;0;0;0;0;100;113;0;0;0;0;0;214;0;0;0;0;0;0;0;0;0;0;0;0;0;0;0;0;0;0;0;0;0;0;0;0;0
COOPERATIVA DE CRÉDITO DE LIVRE ADMISSÃO DE ARCOS LTDA. - SICOOB ARCOMCREDI;71.230.338;b3S;I;2;S5;9;ARCOS;MG;03/2022;47.093;43;3.214;10.783;11.419;1.565;169;0;27.191;14;953;2.785;7.439;1.483;0;0;12.673;47;1.268;0;0;0;0;0;1.315;71;5.465;319;0;0;0;0;5.855;0;0;0;0;0;0;0;0;34;25;0;0;0;0;0;59;0;0;0;0;0;0;0;0;0;0;0;0;0;0;0;0;0;0;0;0;0;0;0;0;0
BR PARTNERS BANCO DE INVESTIMENTO S.A.;13.220.493;b2;I;2;S4;13;SAO PAULO;SP;03/2022;46.309;0;0;0;0;0;0;0;0;0;0;0;0;0;0;0;0;0;0;0;0;0;0;0;0;0;938;2.324;5.408;1.822;12.437;18.604;41.533;0;0;0;0;0;0;0;0;0;0;4.776;0;0;0;0;4.776;0;0;0;0;0;0;0;0;0;0;0;0;0;0;0;0;0;0;0;0;0;0;0;0;0
COOPERATIVA DE CRÉDITO DOS MAGISTRADOS, SERVIDORES DA JUSTIÇA DO ESTADO DE GOIÁS E EMPREGADOS DA CELG LTDA.;9.552.111;b3S;I;2;S5;9;GOIANIA;GO;03/2022;45.680;786;6.325;11.698;15.116;1.530;0;0;35.455;0;530;1.359;2.097;327;0;0;4.312;199;1.296;1.440;10;0;0;0;2.945;309;2.298;324;0;0;0;0;2.931;0;0;0;0;0;0;0;0;36;1;0;0;0;0;0;37;0;0;0;0;0;0;0;0;0;0;0;0;0;0;0;0;0;0;0;0;0;0;0;0;0
COOPERATIVA DE CRÉDITO UNIÃO DO CENTRO OESTE DE MINAS LTDA. - SICOOB CENTRO UNIÃO;65.239.402;b3S;I;2;S5;9;CARMO DO CAJURU;MG;03/2022;45.514;203;4.205;10.459;15.122;3.088;1;0;33.077;2;411;1.193;2.525;498;0;0;4.628;40;370;978;0;0;0;0;1.388;10;5.613;697;0;0;0;0;6.320;0;0;0;0;0;0;0;0;53;48;0;0;0;0;0;100;0;0;0;0;0;0;0;0;0;0;0;0;0;0;0;0;0;0;0;0;0;0;0;0;0
COOPERATIVA DE CRÉDITO E INVESTIMENTO COM INTERAÇÃO SOLIDÁRIA DA AMAZÔNIA - CRESOL AMAZÔNIA;10.520.232;b3S;I;2;S5;9;JI-PARANA;RO;03/2022;45.398;314;1.094;1.991;2.849;445;0;0;6.693;10;164;422;1.009;184;0;0;1.789;306;1.230;3.086;1.390;33;0;8;6.052;220;4.787;595;0;0;0;0;5.602;0;0;0;0;0;0;0;0;642;381;1.386;1.969;1.233;103;40;5.753;291;1.356;4.478;9.670;2.810;903;0;19.509;0;0;0;0;0;0;0;0;0;0;0;0;0;0;0;0;0
COOPERATIVA DE CRÉDITO E INVESTIMENTO COM INTERAÇÃO SOLIDÁRIA DE GOIÁS - CRESOL GOIÁS;4.490.531;b3S;I;2;S5;9;ORIZONA;GO;03/2022;45.392;20;1.401;4.333;7.168;3.379;1.083;0;17.385;15;318;901;1.691;96;0;0;3.020;30;1.191;3.899;859;4;0;0;5.984;17;2.057;525;0;0;0;0;2.599;0;0;0;0;0;0;0;0;140;854;401;1.285;500;43;9;3.233;12;577;2.618;6.754;2.476;190;0;12.626;0;0;545;0;0;0;0;545;0;0;0;0;0;0;0;0;0
COOPERATIVA DE CRÉDITO DE LIVRE ADMISSÃO DE ASSOCIADOS DE JARAGUÁ DO SUL E REGIÃO - SICOOB CEJASCRED;12.384.953;b3S;I;2;S5;9;JARAGUA DO SUL;SC;03/2022;44.689;494;4.158;10.358;12.516;2.978;1.856;0;32.360;17;559;1.549;3.260;1.174;57;0;6.617;186;1.226;993;0;0;0;0;2.405;24;3.088;145;0;0;0;0;3.258;0;0;0;0;0;0;0;0;35;13;0;0;0;0;0;48;0;0;0;0;0;0;0;0;0;0;0;0;0;0;0;0;0;0;0;0;0;0;0;0;0
COOPERATIVA DE CRÉDITO DE LIVRE ADMISSÃO DO CIRCUITO DAS ÁGUAS - SICOOB CIRCUITO DAS ÁGUAS;3.941.182;b3S;I;2;S5;9;AGUAS DE LINDOIA;SP;03/2022;44.469;31;3.056;7.000;7.397;2.697;622;0;20.802;4;234;673;1.809;840;0;0;3.560;31;1.005;567;0;0;0;0;1.603;1.766;13.964;2.513;0;0;0;0;18.243;0;0;0;0;0;0;0;0;16;55;46;108;35;0;0;260;0;0;0;0;0;0;0;0;0;0;0;0;0;0;0;0;0;0;0;0;0;0;0;0;0
COOPERATIVA DE CRÉDITO DE LIVRE ADMISSÃO CREDIEMBRAPA LTDA - SICOOB.;2.338.666;b3S;I;2;S5;9;BRASILIA;DF;03/2022;44.432;1.089;4.555;11.774;18.779;4.113;1.493;0;41.803;67;95;259;523;99;0;0;1.043;135;784;0;0;0;0;0;919;14;352;6;0;0;0;0;371;0;0;0;0;0;0;0;0;280;16;0;0;0;0;0;296;0;0;0;0;0;0;0;0;0;0;0;0;0;0;0;0;0;0;0;0;0;0;0;0;0
COOPERATIVA DE CRÉDITO DE LIVRE ADMISSÃO DE ITAJUBÁ LTDA - SICOOB SUL DE MINAS;4.079.285;b3S;I;2;S5;9;ITAJUBA;MG;03/2022;44.328;371;3.715;9.216;9.555;3.541;5.337;0;31.734;10;463;1.235;2.558;1.078;585;0;5.929;278;1.635;1.602;0;0;0;0;3.515;62;2.709;195;0;0;0;0;2.966;0;0;0;0;0;0;0;0;140;44;0;0;0;0;0;184;0;0;0;0;0;0;0;0;0;0;0;0;0;0;0;0;0;0;0;0;0;0;0;0;0
COOPERATIVA DE CRÉDITO, POUPANÇA E INVESTIMENTO EMPREENDEDORES - SICREDI EMPREENDEDORES PR;7.070.495;b3S;I;2;S4;9;CURITIBA;PR;03/2022;43.879;454;4.809;11.085;10.110;1.164;0;0;27.622;3;449;1.149;2.016;435;0;0;4.052;700;1.823;1.621;0;0;0;0;4.144;116;3.045;147;0;0;0;0;3.308;0;0;0;0;0;0;0;0;352;2.155;1.481;480;56;0;0;4.525;0;48;142;39;0;0;0;229;0;0;0;0;0;0;0;0;0;0;0;0;0;0;0;0;0
COOPERATIVA DE CREDITO CECRES - SICOOB CECRES;54.603.022;b3S;I;2;S5;9;SAO PAULO;SP;03/2022;43.578;905;2.696;8.275;20.276;7.681;199;0;40.032;0;0;0;0;0;0;0;0;339;1.811;0;0;0;0;0;2.150;226;787;0;0;0;0;0;1.012;0;0;0;0;0;0;0;0;383;1;0;0;0;0;0;384;0;0;0;0;0;0;0;0;0;0;0;0;0;0;0;0;0;0;0;0;0;0;0;0;0
COOPERATIVA DE CRÉDITO CREDIRAMA LTDA - SICOOB CREDIRAMA;3.412.878;b3S;I;2;S5;9;ITURAMA;MG;03/2022;42.398;133;3.414;10.020;11.031;580;115;0;25.293;4;621;1.742;4.018;1.255;0;0;7.640;100;438;1.443;0;0;0;0;1.982;0;3.503;281;0;0;0;0;3.784;0;0;0;0;0;0;0;0;56;21;526;0;0;0;0;603;0;0;0;0;0;0;0;0;0;0;3.096;0;0;0;0;3.096;0;0;0;0;0;0;0;0;0
AGÊNCIA DE FOMENTO DO ESTADO DE MATO GROSSO S/A - DESENVOLVE MT;6.284.531;n1;I;1;S4;30;CUIABA;MT;03/2022;41.219;0;0;0;0;0;0;0;0;0;0;0;0;0;0;0;0;0;0;0;0;0;0;0;0;0;0;0;0;0;0;0;0;0;0;0;0;0;0;0;0;0;0;0;0;0;0;0;0;501;4.020;12.513;21.510;2.281;394;0;41.219;0;0;0;0;0;0;0;0;0;0;0;0;0;0;0;0;0
COOPERATIVA DE CRÉDITO DE LIVRE ADMISSÃO DE SANTA CRUZ DAS PALMEIRAS E REGIÃO;6.910.457;b3S;I;2;S5;9;SANTA CRUZ DAS PALMEIRAS;SP;03/2022;40.861;168;2.980;8.712;12.363;2.688;959;0;27.871;12;145;352;580;78;0;0;1.166;170;2.001;2;0;0;0;0;2.172;444;7.708;968;0;0;0;0;9.119;0;0;0;0;0;0;0;0;233;70;143;58;30;0;0;533;0;0;0;0;0;0;0;0;0;0;0;0;0;0;0;0;0;0;0;0;0;0;0;0;0
LECCA;51.523;n1;C;2;S4;197;RIO DE JANEIRO;RJ;03/2022;40.727;0;7.961;10.542;1.880;0;0;0;20.383;0;0;0;0;0;0;0;0;0;1.405;100;0;0;0;0;1.505;773;17.855;212;0;0;0;0;18.840;0;0;0;0;0;0;0;0;0;0;0;0;0;0;0;0;0;0;0;0;0;0;0;0;0;0;0;0;0;0;0;0;0;0;0;0;0;0;0;0;0
COOPERATIVA DE ECONOMIA E CRÉDITO MÚTUO - SICOOB COOPERAC;8.071.414;b3S;I;2;S5;9;RIBEIRAO PRETO;SP;03/2022;40.416;436;5.093;12.521;8.410;983;0;0;27.443;0;315;889;1.779;226;0;0;3.208;198;2.334;100;0;20;0;0;2.652;78;6.310;173;0;0;0;0;6.561;0;0;0;0;0;0;0;0;174;36;0;0;0;0;0;210;0;0;0;0;0;0;0;0;0;31;88;224;0;0;0;342;0;0;0;0;0;0;0;0;0
BANCO INDUSCRED DE INVESTIMENTO S.A.;33.588.252;b2;I;2;S4;13;SAO PAULO;SP;03/2022;40.170;957;13.394;10.907;3.689;8;0;0;28.955;0;0;0;0;0;0;0;0;0;2.637;8.578;0;0;0;0;11.215;0;0;0;0;0;0;0;0;0;0;0;0;0;0;0;0;0;0;0;0;0;0;0;0;0;0;0;0;0;0;0;0;0;0;0;0;0;0;0;0;0;0;0;0;0;0;0;0;0
CREDISIS CAPITALCREDI - COOPERATIVA DE CRÉDITO DE LIVRE ADMISSÃO DO ACRE LTDA;5.439.425;b3S;I;2;S5;9;RIO BRANCO;AC;03/2022;40.029;37;9.634;7.102;2.085;0;0;0;18.858;30;1.273;3.549;4.094;49;0;0;8.995;0;557;1.526;0;0;0;0;2.084;0;1.773;51;0;0;0;0;1.824;0;0;0;0;0;0;0;0;352;2.234;2.476;2.054;1.152;0;0;8.268;0;0;0;0;0;0;0;0;0;0;0;0;0;0;0;0;0;0;0;0;0;0;0;0;0
COOPERATIVA DE CRÉDITO, POUPANÇA E INVESTIMENTO DOS MÉDICOS E DEMAIS PROFISSIONAIS DA SAÚDE E LIVRE ADMISSÃO MINAS - ESPÍRITO SANTO LTDA. - UNICRED MINAS - ES;1.110.032;b3S;I;2;S5;9;VITORIA;ES;03/2022;39.521;171;2.519;6.992;10.381;3.551;532;0;24.147;94;741;2.421;4.805;2.510;1.924;0;12.494;0;636;1.457;290;0;0;0;2.383;41;269;45;0;0;0;0;355;0;0;0;0;0;0;0;0;22;13;37;53;10;8;0;143;0;0;0;0;0;0;0;0;0;0;0;0;0;0;0;0;0;0;0;0;0;0;0;0;0
COOPERATIVA DE CRÉDITO, POUPANÇA E INVESTIMENTO BANDEIRANTES - SICREDI BANDEIRANTES SP;4.853.988;b3S;I;2;S4;9;SAO CARLOS;SP;03/2022;39.513;35;1.587;4.821;4.567;195;0;0;11.205;3;200;541;760;175;0;0;1.679;72;4.442;2.678;208;0;0;0;7.401;88;13.318;1.101;0;0;0;0;14.507;0;0;0;0;0;0;0;0;111;1.281;906;1.394;834;194;0;4.720;0;0;0;0;0;0;0;0;0;0;0;0;0;0;0;0;0;0;0;0;0;0;0;0;0
COOPERATIVA DE CRÉDITO RURAL COM INTERAÇÃO SOLIDÁRIA COOPERAR - CRESOL COOPERAR;5.983.995;b3S;I;2;S5;9;HUMAITA;RS;03/2022;39.126;106;3.455;8.984;11.386;2.791;1.095;0;27.818;2;397;1.140;1.634;454;12;0;3.638;1;0;14;547;55;0;0;617;38;2.408;301;0;0;0;0;2.748;0;0;0;0;0;0;0;0;18;40;14;19;0;0;5;97;2;326;928;2.228;616;108;0;4.208;0;0;0;0;0;0;0;0;0;0;0;0;0;0;0;0;0
COOPERATIVA DE CRÉDITO CREDIBELO LTDA. - SICOOB CREDIBELO;71.237.184;b3S;I;2;S5;9;CAMPO BELO;MG;03/2022;38.673;115;2.586;5.941;7.475;1.283;1.039;0;18.438;5;774;2.202;4.532;2.188;966;0;10.667;39;2.528;203;72;0;0;0;2.843;36;5.810;662;0;0;0;0;6.508;0;0;0;0;0;0;0;0;53;165;0;0;0;0;0;218;0;0;0;0;0;0;0;0;0;0;0;0;0;0;0;0;0;0;0;0;0;0;0;0;0
COOPERATIVA DE CRÉDITO SACRAMENTO LTDA - SICOOB SACRAMENTO;71.154.256;b3S;I;2;S5;9;SACRAMENTO;MG;03/2022;38.581;63;5.027;6.882;9.011;1.954;968;0;23.905;3;832;1.783;3.561;1.967;2.011;0;10.158;79;677;369;13;0;0;0;1.138;199;2.513;52;0;0;0;0;2.764;0;0;0;0;0;0;0;0;106;13;157;79;82;181;0;617;0;0;0;0;0;0;0;0;0;0;0;0;0;0;0;0;0;0;0;0;0;0;0;0;0
COOPERATIVA DE ECONOMIA E CRÉDITO MÚTUO DOS INTEGRANTES DO MINISTÉRIO PÚBLICO E DA DEFENSORIA PÚBLICA NO ESTADO DO RIO DE JANEIRO LIMITADA. - SICOOB COMPERJ;4.694.278;b3S;I;2;S5;9;RIO DE JANEIRO;RJ;03/2022;38.437;3.661;3.517;10.562;16.825;878;0;0;35.443;0;0;0;0;0;0;0;0;70;43;18;0;0;0;0;131;241;2.442;4;0;0;0;0;2.688;0;0;0;0;0;0;0;0;108;67;0;0;0;0;0;175;0;0;0;0;0;0;0;0;0;0;0;0;0;0;0;0;0;0;0;0;0;0;0;0;0
COOPERATIVA DE CRÉDITO RURAL COM INTERAÇÃO SOLIDÁRIA ALTERNATIVA - CRESOL ALTERNATIVA;7.215.632;b3S;I;2;S5;9;RIO DO SUL;SC;03/2022;38.243;158;2.167;6.770;8.408;3.732;1.642;0;22.877;0;197;632;1.660;956;204;0;3.648;0;0;3;708;0;0;0;711;20;2.570;156;0;0;0;0;2.745;0;0;0;0;0;0;0;0;30;42;21;83;101;196;5;477;8;515;1.825;3.425;1.329;478;0;7.579;0;0;25;40;40;100;0;205;0;0;0;0;0;0;0;0;0
AGÊNCIA DE FOMENTO DO ESTADO DO AMAZONAS S.A. - AFEAM;3.183.937;n1;I;1;S4;30;MANAUS;AM;03/2022;37.999;0;0;0;0;0;0;0;0;624;3.768;9.569;13.345;2.458;196;0;29.961;0;0;0;0;0;0;0;0;0;0;0;0;0;0;0;0;0;0;0;0;0;0;0;0;0;0;0;0;0;0;0;0;375;381;745;1.783;1.772;2.981;0;8.038;0;0;0;0;0;0;0;0;0;0;0;0;0;0;0;0;0
COOPERATIVA DE CRÉDITO DA REGIÃO DO VALE DO RIO GRANDE LTDA. - SICOOB CREDILEITE;86.585.049;b3S;I;2;S5;9;UBERABA;MG;03/2022;37.993;296;2.907;4.799;9.653;2.434;3;0;20.092;6;279;749;1.533;321;0;0;2.888;329;2.343;3.201;166;0;0;0;6.038;354;7.714;593;0;0;0;0;8.661;0;0;0;0;0;0;0;0;271;43;0;0;0;0;0;313;0;0;0;0;0;0;0;0;0;0;0;0;0;0;0;0;0;0;0;0;0;0;0;0;0
ALESTA SOCIEDADE DE CREDITO DIRETO S.A.;38.316.293;n1;I;2;S5;43;JAGUARIUNA;SP;03/2022;37.886;0;0;0;0;0;0;0;0;28;27;21;1;0;0;0;77;0;0;0;0;0;0;0;0;1.250;36.014;0;0;0;0;545;37.809;0;0;0;0;0;0;0;0;0;0;0;0;0;0;0;0;0;0;0;0;0;0;0;0;0;0;0;0;0;0;0;0;0;0;0;0;0;0;0;0;0
COOPERATIVA DE CRÉDITO DE LIVRE ADMISSÃO DA REGIÃO DO CAPARAÓ LTDA. - SICOOB SAÚDE;71.261.184;b3S;I;2;S5;9;CARATINGA;MG;03/2022;37.772;51;2.414;6.568;10.795;2.126;203;0;22.158;23;884;2.315;4.553;650;543;0;8.967;30;1.154;393;0;0;0;0;1.578;59;3.895;1.058;0;0;0;0;5.012;0;0;0;0;0;0;0;0;37;20;0;0;0;0;0;57;0;0;0;0;0;0;0;0;0;0;0;0;0;0;0;0;0;0;0;0;0;0;0;0;0
COOPERATIVA DE CRÉDITO SICOOB UNI SUL MS;37.554.441;b3S;I;2;S5;9;DOURADOS;MS;03/2022;37.617;58;724;1.581;2.613;1.348;1.096;0;7.420;0;1.317;3.858;8.380;4.738;6.164;499;24.957;0;251;393;51;0;0;0;695;0;274;4;0;0;0;0;278;0;0;0;0;0;0;0;0;29;342;874;1.608;851;563;0;4.267;0;0;0;0;0;0;0;0;0;0;0;0;0;0;0;0;0;0;0;0;0;0;0;0;0
COOPERATIVA DE CRÉDITO, POUPANÇA E INVESTIMENTO SICREDI INTEGRAÇÃO BAHIA - SICREDI INTEGRAÇÃO BAHIA;97.489.280;b3S;I;2;S5;9;ITABUNA;BA;03/2022;37.111;80;3.914;8.424;8.000;495;25;0;20.937;20;350;841;1.626;373;0;0;3.209;94;1.511;0;0;0;0;0;1.605;17;481;49;0;0;0;0;547;0;0;0;0;0;0;0;0;133;1.281;2.265;3.965;1.470;1.135;0;10.248;0;75;224;104;0;0;0;403;0;0;161;0;0;0;0;161;0;0;0;0;0;0;0;0;0
COOPERATIVA DE CRÉDITO COPERSUL LTDA - SICOOB COPERSUL;18.966.739;b3S;I;2;S5;9;TRES PONTAS;MG;03/2022;36.930;84;3.400;11.170;9.056;313;0;0;24.022;0;477;1.436;2.665;905;0;0;5.483;172;508;647;1.519;271;21;0;3.138;14;2.558;239;0;0;0;0;2.810;0;0;0;0;0;0;0;0;105;50;0;372;0;0;0;528;0;0;0;0;0;0;0;0;0;0;598;100;100;150;0;948;0;0;0;0;0;0;0;0;0
COOPERATIVA DE CRÉDITO CREDINOSSO LTDA - SICOOB CREDINOSSO;6.324.872;b3S;I;2;S5;9;MONTES CLAROS;MG;03/2022;36.529;64;2.198;6.268;9.137;1.420;690;0;19.777;0;321;850;2.101;1.037;13;0;4.322;21;1.324;0;61;0;0;0;1.406;54;9.177;1.236;0;0;0;0;10.467;0;0;0;0;0;0;0;0;33;24;38;105;105;252;0;557;0;0;0;0;0;0;0;0;0;0;0;0;0;0;0;0;0;0;0;0;0;0;0;0;0
COOPERATIVA DE CRÉDITO DE LIVRE ADMISSÃO DE CARMO DO RIO CLARO LTDA - SICOOB CREDICARMO;25.743.311;b3S;I;2;S5;9;CARMO DO RIO CLARO;MG;03/2022;36.489;181;1.968;6.364;12.720;1.453;447;0;23.132;7;338;854;2.512;2.158;917;0;6.786;30;351;1.250;0;0;0;0;1.632;0;4.186;596;0;0;0;0;4.781;0;0;0;0;0;0;0;0;69;12;0;0;0;0;0;81;0;0;0;0;0;0;0;0;0;0;52;26;0;0;0;77;0;0;0;0;0;0;0;0;0
COOPERATIVA DE ECONOMIA E CREDITO MÚTUO DOS MÉDICOS DO PLANALTO MÉDIO DO RIO GRANDE DO SUL LTDA - CREDIPLAN;97.259.253;b3S;I;2;S5;9;PASSO FUNDO;RS;03/2022;36.164;0;155;436;965;827;1.357;0;3.740;0;805;2.383;5.433;4.572;6.484;0;19.677;0;14;44;88;0;11;0;156;0;29;0;0;0;0;0;29;0;0;0;0;0;0;0;0;0;910;1.878;3.864;2.746;3.163;0;12.562;0;0;0;0;0;0;0;0;0;0;0;0;0;0;0;0;0;0;0;0;0;0;0;0;0
SICOOB CREDIMONTES - COOPERATIVA DE CRÉDITO DE LIVRE ADMISSÃO REGIONAL DE MONTES CLAROS LTDA;2.031.139;b3S;I;2;S5;9;MONTES CLAROS;MG;03/2022;35.633;73;2.563;6.937;10.284;3.136;6;0;22.997;6;418;1.176;2.180;244;0;0;4.025;4;412;0;0;0;0;0;416;8;6.192;1.561;3;0;0;0;7.763;0;0;0;0;0;0;0;0;52;28;5;0;0;0;0;85;0;0;0;0;0;0;0;0;0;0;347;0;0;0;0;347;0;0;0;0;0;0;0;0;0
COOPERATIVA DE CRÉDITO SICOOBMAIS  LTDA. - SICOOBMAIS;26.359.745;b3S;I;2;S5;9;IGUATAMA;MG;03/2022;35.412;87;3.606;9.553;9.448;1.507;4;0;24.204;14;486;1.445;3.113;309;0;0;5.367;69;515;600;0;0;0;0;1.184;83;2.568;252;0;0;0;0;2.904;0;0;0;0;0;0;0;0;108;251;100;0;0;0;0;459;0;0;0;0;0;0;0;0;0;117;160;445;445;127;0;1.295;0;0;0;0;0;0;0;0;0
COOPERATIVA DE CRÉDITO SICOOB IPÊ - SICOOB IPÊ;24.610.065;b3S;I;2;S5;9;CAMPO GRANDE;MS;03/2022;34.851;502;6.998;8.145;7.732;1.375;0;0;24.753;3;446;1.308;2.721;1.135;10;0;5.624;171;388;574;0;0;0;0;1.133;115;2.640;494;0;0;0;0;3.248;0;0;0;0;0;0;0;0;92;1;0;0;0;0;0;93;0;0;0;0;0;0;0;0;0;0;0;0;0;0;0;0;0;0;0;0;0;0;0;0;0
COOPERATIVA DE CRÉDITO DE LIVRE ADMISSÃO DA REGIÃO DE GUAXUPÉ LTDA. - SICOOB ACICREDI;1.699.652;b3S;I;2;S5;9;GUAXUPE;MG;03/2022;34.652;158;3.919;9.415;10.801;1.084;347;0;25.724;0;158;448;670;63;0;0;1.339;122;2.089;0;0;0;0;0;2.212;39;4.801;432;0;0;0;0;5.272;0;0;0;0;0;0;0;0;31;74;0;0;0;0;0;105;0;0;0;0;0;0;0;0;0;0;0;0;0;0;0;0;0;0;0;0;0;0;0;0;0
COOPERATIVA DE CRÉDITO DE LIVRE ADMISSÃO - SICOOB COPESITA;19.875.244;b3S;I;2;S5;9;TIMOTEO;MG;03/2022;34.549;40;1.825;5.214;7.455;530;27;0;15.091;5;428;1.330;2.645;420;0;0;4.827;50;88;352;57;0;0;0;548;259;12.492;1.244;0;0;0;0;13.995;0;0;0;0;0;0;0;0;64;24;0;0;0;0;0;88;0;0;0;0;0;0;0;0;0;0;0;0;0;0;0;0;0;0;0;0;0;0;0;0;0
COOPERATIVA DE CREDITO E ECONOMIA COM INTERACAO SOLIDARIA DE CHAPECO - CRESOL CHAPECO;4.281.182;b3S;I;2;S5;9;CHAPECO;SC;03/2022;34.379;171;1.250;2.740;3.712;356;20;0;8.249;30;655;1.201;3.812;2.113;552;0;8.362;27;436;1.770;641;1;0;0;2.874;170;3.621;517;0;0;0;0;4.308;0;0;0;0;0;0;0;0;41;33;11;78;0;0;54;216;21;664;2.457;4.967;1.795;465;0;10.370;0;0;0;0;0;0;0;0;0;0;0;0;0;0;0;0;0
COOPERATIVA DE CRÉDITO RURAL COM INTERAÇÃO SOLIDÁRIA MEIO OESTE - CRESOL MEIO OESTE;7.946.451;b3S;I;2;S5;9;TANGARA;SC;03/2022;33.961;87;1.543;4.980;6.167;3.544;1.586;0;17.907;11;859;2.391;4.769;2.580;655;0;11.265;21;19;6;311;4;0;0;361;63;1.063;101;0;0;0;0;1.227;0;0;0;0;0;0;0;0;20;23;1.039;16;0;0;14;1.111;0;47;1.388;497;144;13;0;2.089;0;0;0;0;0;0;0;0;0;0;0;0;0;0;0;0;0
COOPERATIVA DE ECONOMIA E CREDITO MUTUO SICOOB COOPERCREDI - SP;915.950;b3S;I;2;S5;9;SAO PAULO;SP;03/2022;33.834;349;3.283;8.930;14.460;2.604;0;0;29.626;9;119;353;507;32;1;0;1.021;22;295;3;0;0;3;0;323;104;2.713;8;0;0;0;0;2.825;0;0;0;0;0;0;0;0;37;1;0;0;0;0;0;38;0;0;0;0;0;0;0;0;0;0;0;0;0;0;0;0;0;0;0;0;0;0;0;0;0
COOPERATIVA CENTRAL DE CRÉDITO RURAL COM INTERAÇÃO SOLIDÁRIA -  CRESOL CENTRAL BRASIL;7.202.627;b3C;I;2;S4;9;CHAPECO;SC;03/2022;33.520;0;1.611;27.613;4.296;0;0;0;33.520;0;0;0;0;0;0;0;0;0;0;0;0;0;0;0;0;0;0;0;0;0;0;0;0;0;0;0;0;0;0;0;0;0;0;0;0;0;0;0;0;0;0;0;0;0;0;0;0;0;0;0;0;0;0;0;0;0;0;0;0;0;0;0;0;0
COOPERATIVA DE CREDITO RURAL COM INTERACAO SOLIDARIA ORIGENS -CRESOL ORIGENS;5.220.243;b3S;I;2;S5;9;SARANDI;RS;03/2022;33.266;288;2.839;7.812;7.110;3.845;579;0;22.473;16;238;646;1.460;759;341;0;3.460;0;5;2;978;2;0;0;988;76;3.350;402;0;0;0;0;3.828;0;0;0;0;0;0;0;0;43;54;60;184;186;236;12;776;4;171;453;754;283;78;0;1.742;0;0;0;0;0;0;0;0;0;0;0;0;0;0;0;0;0
COOPERATIVA DE CRÉDITO CREDICARPA LTDA. - SICOOB CREDICARPA;23.949.522;b3S;I;2;S5;9;CARMO DO PARANAIBA;MG;03/2022;33.235;82;2.896;7.091;5.651;470;0;0;16.190;0;712;1.763;4.157;2.029;711;0;9.372;15;351;214;7;0;0;0;586;16;3.385;66;0;0;0;0;3.466;0;0;0;0;0;0;0;0;10;352;336;977;777;151;0;2.604;0;0;0;0;0;0;0;0;0;0;1.017;0;0;0;0;1.017;0;0;0;0;0;0;0;0;0
COOPERATIVA DE CRÉDITO RURAL COM INTERAÇÃO SOLIDÁRIA CENTRO NORTE - CRESOL CENTRO NORTE;5.211.129;b3S;I;2;S5;9;MARCELINO RAMOS;RS;03/2022;32.854;94;1.719;4.251;8.895;5.588;1.314;0;21.860;34;256;702;2.023;1.784;1.307;0;6.105;0;0;11;731;1;0;0;743;68;1.862;113;0;0;0;0;2.043;0;0;0;0;0;0;0;0;20;61;17;79;43;24;2;246;0;53;1.036;353;230;184;0;1.857;0;0;0;0;0;0;0;0;0;0;0;0;0;0;0;0;0
COOPERATIVA DE CRÉDITO DE LIVRE ADMISSÃO DE ASSOCIADOS - SICOOB CRUZ ALTA;73.326.449;b3S;I;2;S5;9;CRUZ ALTA;RS;03/2022;32.584;204;3.667;7.065;9.322;1.996;498;0;22.752;14;406;1.127;2.197;787;418;0;4.949;84;990;0;12;0;0;0;1.085;63;2.314;453;0;0;0;0;2.829;0;0;0;0;0;0;0;0;78;58;285;543;6;0;0;969;0;0;0;0;0;0;0;0;0;0;0;0;0;0;0;0;0;0;0;0;0;0;0;0;0
COOPERATIVA CENTRAL DE CREDITO RURAL COM INTERAÇÃO SOLIDÁRIA   CENTRAL CRESOL SICOPER;21.198.087;b3C;I;2;S4;9;PASSO FUNDO;RS;03/2022;32.491;0;5.057;27.433;0;0;0;0;32.491;0;0;0;0;0;0;0;0;0;0;0;0;0;0;0;0;0;0;0;0;0;0;0;0;0;0;0;0;0;0;0;0;0;0;0;0;0;0;0;0;0;0;0;0;0;0;0;0;0;0;0;0;0;0;0;0;0;0;0;0;0;0;0;0;0
COOPERATIVA DE CREDITO CLASSICA DO ESTADO DO RIO DE JANEIRO - SICOOB EMPRESAS RJ;4.120.633;b3S;I;2;S5;9;RIO DE JANEIRO;RJ;03/2022;32.328;467;6.171;11.240;5.309;294;0;0;23.481;0;9;23;25;0;0;0;57;276;3.499;345;0;0;0;0;4.120;81;4.414;1;0;0;0;0;4.496;0;0;0;0;0;0;0;0;147;27;0;0;0;0;0;174;0;0;0;0;0;0;0;0;0;0;0;0;0;0;0;0;0;0;0;0;0;0;0;0;0
COOPERATIVA DE CRÉDITO DOS MÉDICOS, TÉCNICOS E DEMAIS PROFISSIONAIS DA SAÚDE DO SUL DE MINAS LTDA., UNICRED SUL DE MINAS;71.418.784;b3S;I;2;S5;9;VARGINHA;MG;03/2022;32.146;9;1.483;4.064;7.007;2.975;1.800;0;17.338;10;877;2.260;4.478;2.519;2.534;0;12.676;0;633;239;3;0;0;0;874;0;41;4;0;0;0;0;45;0;0;0;0;0;0;0;0;0;127;347;626;110;2;0;1.212;0;0;0;0;0;0;0;0;0;0;0;0;0;0;0;0;0;0;0;0;0;0;0;0;0
CENTRAL DAS COOPERATIVAS DE CRÉDITO DOS ESTADOS DE MATO GROSSO, MATO GROSSO DO SUL E DO MUNICÍPIO DE CACOAL/RO - SICOOB CENTRAL RONDON;106.180;b3C;I;2;S4;9;CUIABA;MT;03/2022;31.968;0;6.929;11.575;13.464;0;0;0;31.968;0;0;0;0;0;0;0;0;0;0;0;0;0;0;0;0;0;0;0;0;0;0;0;0;0;0;0;0;0;0;0;0;0;0;0;0;0;0;0;0;0;0;0;0;0;0;0;0;0;0;0;0;0;0;0;0;0;0;0;0;0;0;0;0;0
COOPERATIVA DE CRÉDITO CREDIALP LTDA - SICOOB CREDIALP;25.353.939;b3S;I;2;S5;9;ALPINOPOLIS;MG;03/2022;31.823;36;3.444;7.130;7.974;461;0;0;19.046;9;416;1.097;2.149;681;1;0;4.353;23;270;98;71;269;980;0;1.711;10;5.985;680;0;0;0;0;6.675;0;0;0;0;0;0;0;0;27;11;0;0;0;0;0;38;0;0;0;0;0;0;0;0;0;0;0;0;0;0;0;0;0;0;0;0;0;0;0;0;0
BANCO DE LA NACION ARGENTINA;33.042.151;b1;I;3;S4;28;SAO PAULO;SP;03/2022;31.485;0;0;0;0;0;0;0;0;0;0;0;0;0;0;0;0;0;0;0;0;0;0;0;0;0;0;0;0;0;0;0;0;0;3.582;26.950;0;0;0;0;30.532;0;0;0;0;0;0;0;0;0;227;726;0;0;0;0;953;0;0;0;0;0;0;0;0;0;0;0;0;0;0;0;0;0
AGÊNCIA DE FOMENTO E DESENVOLVIMENTO DO ESTADO DO PIAUÍ S.A. PIAUÍ FOMENTO;11.836.226;n1;I;1;S4;30;TERESINA;PI;03/2022;31.315;500;1.010;2.097;1.010;91;3;0;4.711;168;565;1.477;2.324;798;0;0;5.333;0;0;0;0;0;0;0;0;0;0;0;0;0;0;0;0;0;0;0;0;0;0;0;0;0;2;4;8;3;0;0;18;301;1.175;4.239;11.229;4.122;187;0;21.254;0;0;0;0;0;0;0;0;0;0;0;0;0;0;0;0;0
COOPERATIVA DE CRÉDITO CREDINORTE LTDA. - SICOOB CREDINORTE;64.276.058;b3S;I;2;S5;9;NANUQUE;MG;03/2022;30.769;22;2.389;8.051;8.091;1.099;0;0;19.653;0;601;1.592;3.082;1.720;5;0;7.000;34;587;367;1;0;0;0;990;0;2.224;460;0;0;0;0;2.684;0;0;0;0;0;0;0;0;17;97;283;47;0;0;0;443;0;0;0;0;0;0;0;0;0;0;0;0;0;0;0;0;0;0;0;0;0;0;0;0;0
COOPERATIVA CENTRAL DE CRÉDITO DA BAHIA LTDA - SICOOB CENTRAL BA;34.148.882;b3C;I;2;S4;9;SALVADOR;BA;03/2022;30.438;0;5.843;9.493;12.496;2.607;0;0;30.438;0;0;0;0;0;0;0;0;0;0;0;0;0;0;0;0;0;0;0;0;0;0;0;0;0;0;0;0;0;0;0;0;0;0;0;0;0;0;0;0;0;0;0;0;0;0;0;0;0;0;0;0;0;0;0;0;0;0;0;0;0;0;0;0;0
COOPERATIVA DE CRÉDITO E INVESTIMENTO COM INTERAÇÃO SOLIDÁRIA VALE DAS ÁGUAS - CRESOL VALE DAS ÁGUAS;4.663.561;b3S;I;2;S5;9;LARANJEIRAS DO SUL;PR;03/2022;30.210;55;1.735;2.480;4.687;1.000;162;0;10.118;24;250;803;1.662;671;99;0;3.509;18;374;2.006;1.863;13;0;0;4.274;46;1.406;137;0;0;0;0;1.589;0;0;0;0;0;0;0;0;167;83;197;404;134;0;7;991;35;755;1.711;3.990;1.649;344;0;8.484;0;1.245;0;0;0;0;0;1.245;0;0;0;0;0;0;0;0;0
COOPERATIVA DE CRÉDITO RURAL COM INTERAÇÃO SOLIDÁRIA DE CURITIBANOS - CRESOL CURITIBANOS;1.155.801;b3S;I;2;S5;9;CURITIBANOS;SC;03/2022;30.065;145;1.619;7.072;6.674;1.345;151;0;17.005;23;141;450;1.186;347;211;0;2.358;0;1;15;367;10;0;0;392;79;2.270;381;0;0;0;0;2.730;0;0;0;0;0;0;0;0;48;32;93;58;50;34;6;321;21;243;1.150;1.595;420;8;0;3.437;0;3.717;104;0;0;0;0;3.821;0;0;0;0;0;0;0;0;0
COOPERATIVA DE ECONOMIA E CRÉDITO MÚTUO DOS MÉDICOS E DEMAIS PROFISSIONAIS DA ÁREA DE SAÚDE DE NÍVEL SUPERIOR DE JUIZ DE FORA LTDA. - UNICRED JUIZ DE FORA;71.479.653;b3S;I;2;S5;9;JUIZ DE FORA;MG;03/2022;29.636;22;1.938;5.355;8.119;4.655;4.707;0;24.796;0;283;725;1.172;466;1.445;0;4.090;0;14;224;182;0;0;0;419;0;5;0;0;0;0;0;5;0;0;0;0;0;0;0;0;15;28;60;132;90;0;0;326;0;0;0;0;0;0;0;0;0;0;0;0;0;0;0;0;0;0;0;0;0;0;0;0;0
COOPERATIVA CENTRAL DE CRÉDITO DE GOIÁS LTDA;33.416.108;b3C;I;2;S4;9;GOIANIA;GO;03/2022;29.089;0;2.848;7.544;15.330;2.572;70;0;28.363;0;170;500;56;0;0;0;726;0;0;0;0;0;0;0;0;0;0;0;0;0;0;0;0;0;0;0;0;0;0;0;0;0;0;0;0;0;0;0;0;0;0;0;0;0;0;0;0;0;0;0;0;0;0;0;0;0;0;0;0;0;0;0;0;0
COOPERATIVA DE CRÉDITO CLÁSSICA DOS EMPREGADOS DA VALE S/A E ENTIDADES VINCULADAS LTDA. - SICOOB COOPVALE;33.924.028;b3S;I;2;S5;9;RIO DE JANEIRO;RJ;03/2022;28.508;405;2.646;7.586;10.634;907;0;0;22.177;0;95;261;519;84;0;0;959;209;3.337;0;0;0;0;0;3.546;240;1.457;18;0;0;0;0;1.715;0;0;0;0;0;0;0;0;96;14;0;0;0;0;0;111;0;0;0;0;0;0;0;0;0;0;0;0;0;0;0;0;0;0;0;0;0;0;0;0;0
COOPERATIVA DE CRÉDITO MÚTUO DOS PROFISSIONAIS DE NÍVEL SUPERIOR DA SAÚDE, ARQUITETOS E URBANISTAS DE SETE LAGOAS E REGIÃO LTDA - UNICRED SETE LAGOAS;71.163.315;b3S;I;2;S5;9;SETE LAGOAS;MG;03/2022;28.482;26;1.660;4.143;6.904;2.608;3.523;15;18.878;11;704;1.908;3.626;1.583;1.198;0;9.031;0;253;162;0;0;0;0;415;6;110;12;0;0;0;0;128;0;0;0;0;0;0;0;0;25;5;0;0;0;0;0;30;0;0;0;0;0;0;0;0;0;0;0;0;0;0;0;0;0;0;0;0;0;0;0;0;0
COOPERATIVA DE ECONOMIA E CRÉDITO DOS EMPRESÁRIOS, PROFISSIONAIS DO MERCADO IMOBILIÁRIO E DA CMI / SECOVI - SICOOB SECOVICRED MG;14.913.919;b3S;I;2;S5;9;BELO HORIZONTE;MG;03/2022;28.375;59;1.685;4.226;7.170;2.929;1.263;0;17.332;5;887;2.362;2.933;1.485;2.171;0;9.843;5;890;266;0;0;0;0;1.161;0;29;7;0;0;0;0;37;0;0;0;0;0;0;0;0;0;2;0;0;0;0;0;2;0;0;0;0;0;0;0;0;0;0;0;0;0;0;0;0;0;0;0;0;0;0;0;0;0
COOPERATIVA DE CRÉDITO CREDIVAZ LTDA. - SICOOB CREDIVAZ;803.287;b3S;I;2;S5;9;VAZANTE;MG;03/2022;28.044;25;3.121;7.193;8.302;1.055;369;0;20.066;1;730;2.010;2.687;515;1;0;5.943;50;220;254;0;0;0;0;524;0;1.303;170;0;0;0;0;1.473;0;0;0;0;0;0;0;0;24;14;0;0;0;0;0;38;0;0;0;0;0;0;0;0;0;0;0;0;0;0;0;0;0;0;0;0;0;0;0;0;0
AGENCIA DE FOMENTO DO RIO GRANDE DO NORTE S.A.;3.848.103;n1;I;1;S4;30;NATAL;RN;03/2022;27.885;0;0;0;0;0;0;0;0;643;4.818;11.728;5.730;68;0;0;22.987;0;0;0;0;0;0;0;0;0;0;0;0;0;0;0;0;0;0;0;0;0;0;0;0;0;0;0;0;0;0;0;0;44;213;1.134;2.977;446;83;0;4.897;0;0;0;0;0;0;0;0;0;0;0;0;0;0;0;0;0
COOPERATIVA DE CRÉDITO SICOOB UNIDAS;1.042.487;b3S;I;2;S5;9;BELEM;PA;03/2022;27.840;831;2.891;5.950;5.681;799;230;0;16.383;22;667;1.874;2.667;520;27;0;5.777;655;1.707;383;0;0;0;0;2.745;184;1.727;182;0;0;0;0;2.093;0;0;0;0;0;0;0;0;837;3;0;0;0;0;0;840;0;0;0;0;0;0;0;0;0;0;0;0;0;0;0;0;0;0;0;0;0;0;0;0;0
SINOSSERRA FINANCEIRA S/A - SOCIEDADE DE CRÉDITO, FINANCIAMENTO E INVESTIMENTO;22.639.377;n1;I;2;S4;14;NOVO HAMBURGO;RS;03/2022;27.577;27;864;2.349;158;6;0;0;3.404;99;1.826;4.642;7.462;653;0;0;14.682;0;0;0;0;0;0;0;0;260;9.073;159;0;0;0;0;9.491;0;0;0;0;0;0;0;0;0;0;0;0;0;0;0;0;0;0;0;0;0;0;0;0;0;0;0;0;0;0;0;0;0;0;0;0;0;0;0;0;0
COOPERATIVA DE CRÉDITO DE LIVRE ADMISSÃO SICOOB UNIÃO SUDESTE;7.946.216;b3S;I;2;S5;9;SANTO ANDRE;SP;03/2022;27.544;37;1.773;4.343;10.978;3.097;1.790;0;22.018;0;128;404;782;128;0;0;1.441;47;574;18;0;0;0;0;639;0;3.118;299;0;0;0;0;3.417;0;0;0;0;0;0;0;0;15;15;0;0;0;0;0;29;0;0;0;0;0;0;0;0;0;0;0;0;0;0;0;0;0;0;0;0;0;0;0;0;0
SICOOB CREDIGOIÁS COOPERATIVA DE CRÉDITO LTDA.;37.255.049;b3S;I;2;S5;9;GOIANIA;GO;03/2022;27.540;22;1.269;6.942;6.139;537;0;0;14.908;0;186;805;2.247;1.243;60;0;4.541;0;301;3;0;0;0;0;304;0;4.283;374;0;0;0;0;4.658;0;0;0;0;0;0;0;0;8;202;629;1.612;678;0;0;3.129;0;0;0;0;0;0;0;0;0;0;0;0;0;0;0;0;0;0;0;0;0;0;0;0;0
COOPERATIVA DE CRÉDITO MÚTUO DE LIVRE ADMISSÃO DA REGIÃO ADMINISTRATIVA DE SOROCABA - SICOOB COOPERASO;10.175.348;b3S;I;2;S5;9;SOROCABA;SP;03/2022;27.432;131;2.009;5.267;7.898;2.212;133;0;17.649;0;396;1.040;2.651;745;1;0;4.833;72;1.412;473;0;0;0;0;1.958;89;2.773;16;0;0;0;0;2.878;0;0;0;0;0;0;0;0;99;15;0;0;0;0;0;114;0;0;0;0;0;0;0;0;0;0;0;0;0;0;0;0;0;0;0;0;0;0;0;0;0
COOPERATIVA DE CREDITO DE LIVRE ADMISSÃO DO VALE DO GORUTUBA LTDA - SICOOB CREDIVAG;25.404.542;b3S;I;2;S5;9;JANAUBA;MG;03/2022;27.411;176;2.735;5.944;7.243;287;0;0;16.385;8;528;1.429;2.695;377;0;0;5.038;128;543;95;0;0;0;0;766;6;2.400;232;0;0;0;0;2.638;0;0;0;0;0;0;0;0;132;36;355;0;0;0;0;523;0;0;0;0;0;0;0;0;0;647;120;338;338;618;0;2.060;0;0;0;0;0;0;0;0;0
COOPERATIVA DE CREDITO CREDIAGRO LTDA. - SICOOB CREDIAGRO;429.890;b3S;I;2;S5;9;CAMPOS ALTOS;MG;03/2022;27.241;10;2.123;6.418;10.119;662;0;0;19.332;0;287;806;1.602;85;0;0;2.781;106;646;125;0;0;0;0;877;0;3.669;79;0;0;0;0;3.747;0;0;0;0;0;0;0;0;502;3;0;0;0;0;0;505;0;0;0;0;0;0;0;0;0;0;0;0;0;0;0;0;0;0;0;0;0;0;0;0;0
COOPERATIVA DE CRÉDITO VALE DO CANOAS - SICOOB/SC CREDICANOAS;707.903;b3S;I;2;S5;9;ABDON BATISTA;SC;03/2022;27.000;23;2.925;7.077;4.765;682;105;0;15.577;0;438;1.138;2.268;885;102;0;4.831;40;55;102;227;0;0;0;425;6;5.779;312;0;0;0;0;6.096;0;0;0;0;0;0;0;0;20;52;0;0;0;0;0;72;0;0;0;0;0;0;0;0;0;0;0;0;0;0;0;0;0;0;0;0;0;0;0;0;0
COOPERATIVA DE CRÉDITO SICOOB NORTE SUL LTDA;2.876.918;b3S;I;2;S5;9;GANDU;BA;03/2022;26.650;274;3.345;8.738;9.052;1.583;0;0;22.991;1;178;575;1.251;445;0;0;2.451;46;264;89;0;0;0;0;400;49;564;102;0;0;0;0;715;0;0;0;0;0;0;0;0;74;19;0;0;0;0;0;93;0;0;0;0;0;0;0;0;0;0;0;0;0;0;0;0;0;0;0;0;0;0;0;0;0
COOPERATIVA DE CRÉDITO RURAL DE SÃO MIGUEL DO OESTE - SULCREDI/SÃO MIGUEL;8.253.539;b3S;I;2;S5;9;SAO MIGUEL D'OESTE;SC;03/2022;26.029;263;2.293;4.579;6.689;2.262;493;0;16.579;0;37;0;120;0;0;0;157;5;88;1.243;0;0;0;0;1.335;10;3.683;385;0;0;0;0;4.078;0;0;0;0;0;0;0;0;270;715;813;1.155;625;302;0;3.879;0;0;0;0;0;0;0;0;0;0;0;0;0;0;0;0;0;0;0;0;0;0;0;0;0
COOPERATIVA DE CRÉDITO DE LIVRE ADMISSÃO DE ARAXÁ LTDA - SICOOB COOCREZ;71.378.426;b3S;I;2;S5;9;ARAXA;MG;03/2022;25.956;58;2.574;6.633;10.783;2.647;0;0;22.696;0;110;296;359;12;0;0;777;16;629;85;390;0;0;0;1.119;87;1.177;90;0;0;0;0;1.353;0;0;0;0;0;0;0;0;2;9;0;0;0;0;0;11;0;0;0;0;0;0;0;0;0;0;0;0;0;0;0;0;0;0;0;0;0;0;0;0;0
COOPERATIVA DE CREDITO , POUPANÇA E INVESTIMENTO DO ESTADO DO PIAUÍ - SICREDI PIAUÍ;3.128.973;b3S;I;2;S5;9;TERESINA;PI;03/2022;25.836;98;2.097;5.239;6.669;541;0;0;14.644;18;511;1.371;3.021;627;0;0;5.547;40;573;0;0;0;0;0;613;0;60;0;0;0;0;0;60;0;0;0;0;0;0;0;0;185;1.276;1.003;1.353;653;374;0;4.844;0;16;45;66;0;0;0;127;0;0;0;0;0;0;0;0;0;0;0;0;0;0;0;0;0
COOPERATIVA DE CREDITO DE LIVRE ADMISSÃO DE MARTINHO CAMPOS LTDA - SICOOB CREDIMAC;64.480.833;b3S;I;2;S5;9;MARTINHO CAMPOS;MG;03/2022;25.793;102;2.424;7.571;9.782;1.047;0;0;20.926;0;267;945;1.521;13;0;0;2.746;4;232;0;0;0;0;0;236;6;1.698;164;0;0;0;0;1.869;0;0;0;0;0;0;0;0;10;6;0;0;0;0;0;16;0;0;0;0;0;0;0;0;0;0;0;0;0;0;0;0;0;0;0;0;0;0;0;0;0
COOPERATIVA DE CRÉDITO DE LIVRE ADMISSÃO DO OESTE MARANHENSE - SICOOB OESTE MARANHENSE;9.424.988;b3S;I;2;S5;9;ACAILANDIA;MA;03/2022;25.697;905;3.634;7.196;5.712;18;0;0;17.466;105;163;241;365;0;0;0;874;178;362;703;8;0;0;0;1.251;307;4.592;652;0;0;0;0;5.552;0;0;0;0;0;0;0;0;196;24;0;0;0;0;0;220;0;0;0;0;0;0;0;0;0;333;0;0;0;0;0;333;0;0;0;0;0;0;0;0;0
CREDISIS SUDOESTE/RO - COOPERATIVA DE CRÉDITO E INVESTIMENTO DO SUDOESTE DE RONDÔNIA LTDA.;3.985.375;b3S;I;2;S5;9;ROLIM DE MOURA;RO;03/2022;25.667;110;1.963;2.679;2.215;371;97;0;7.434;0;172;423;552;121;0;0;1.268;88;2.690;2.951;0;0;0;0;5.729;214;7.234;805;0;0;0;0;8.253;0;0;0;0;0;0;0;0;158;375;976;1.058;304;111;0;2.982;0;0;0;0;0;0;0;0;0;0;0;0;0;0;0;0;0;0;0;0;0;0;0;0;0
COOPERATIVA DE CRÉDITO DOS EMPRESÁRIOS DE MANAUS - SICOOB CREDEMPRESAS-AM;10.808.037;b3S;I;2;S5;9;MANAUS;AM;03/2022;24.807;324;3.951;4.614;3.173;147;0;0;12.209;22;334;791;953;36;0;0;2.136;664;811;0;0;0;0;0;1.474;114;8.309;459;0;0;0;0;8.882;0;0;0;0;0;0;0;0;87;19;0;0;0;0;0;106;0;0;0;0;0;0;0;0;0;0;0;0;0;0;0;0;0;0;0;0;0;0;0;0;0
COOPERATIVA DE ECONOMIA E CRÉDITO MÚTUO DOS EMPRESÁRIOS DE AMERICANA, LIMEIRA E REGIÃO - SICOOB ACICRED;9.579.249;b3S;I;2;S5;9;AMERICANA;SP;03/2022;24.654;134;2.304;5.910;7.601;796;0;0;16.744;3;126;265;548;307;2;0;1.250;103;1.796;7;0;0;0;0;1.906;174;4.301;185;0;0;0;0;4.660;0;0;0;0;0;0;0;0;93;1;0;0;0;0;0;94;0;0;0;0;0;0;0;0;0;0;0;0;0;0;0;0;0;0;0;0;0;0;0;0;0
COOPERATIVA DE ECONOMIA E CRÉDITO MÚTUO DE LIVRE ADMISSÃO DE ARARAQUARA E REGIÃO - SICOOB;53.236.808;b3S;I;2;S5;9;ARARAQUARA;SP;03/2022;23.872;685;2.243;5.681;7.674;1.510;68;0;17.861;7;152;344;550;63;0;0;1.116;78;2.404;485;3;0;0;0;2.970;23;1.698;91;0;0;0;0;1.812;0;0;0;0;0;0;0;0;71;43;0;0;0;0;0;114;0;0;0;0;0;0;0;0;0;0;0;0;0;0;0;0;0;0;0;0;0;0;0;0;0
COOPERATIVA DE ECONOMIA E CREDITO MUTUO DOS MEDICOS E CATEGORIAS AFINS-UNICRED NITEROI LTDA;1.090.027;b3S;I;2;S5;9;NITEROI;RJ;03/2022;23.591;79;2.436;2.595;2.572;480;446;0;8.608;0;668;1.808;3.216;1.625;924;0;8.241;0;835;107;0;0;0;0;942;0;58;24;0;0;0;0;82;0;0;0;0;0;0;0;0;15;454;1.331;2.212;970;736;0;5.718;0;0;0;0;0;0;0;0;0;0;0;0;0;0;0;0;0;0;0;0;0;0;0;0;0
ACCREDITO - SOCIEDADE DE CRÉDITO DIRETO S.A.;37.715.993;n1;I;2;S5;43;SAO PAULO;SP;03/2022;23.498;2.008;3.668;10.346;5.186;0;0;0;21.208;109;178;444;439;0;0;0;1.169;0;0;0;0;0;0;0;0;501;534;86;0;0;0;0;1.121;0;0;0;0;0;0;0;0;0;0;0;0;0;0;0;0;0;0;0;0;0;0;0;0;0;0;0;0;0;0;0;0;0;0;0;0;0;0;0;0;0
COOPERATIVA DE CRÉDITO, POUPANÇA E INVESTIMENTO ALTO RIO GRANDE MG - SICREDI CREDIGRANDE MG;25.626.490;b3S;I;2;S4;9;LAVRAS;MG;03/2022;23.422;71;1.031;2.600;3.657;130;0;0;7.489;11;474;1.401;2.947;1.259;0;0;6.091;174;1.885;2.081;56;0;0;0;4.197;57;1.397;222;0;0;0;0;1.676;0;0;0;0;0;0;0;0;149;1.260;890;1.031;624;17;0;3.970;0;0;0;0;0;0;0;0;0;0;0;0;0;0;0;0;0;0;0;0;0;0;0;0;0
COOPERATIVA DE CRÉDITO DE LIVRE ADMISSÃO DE PALMEIRAS E REGIÃO LTDA.;37.631.058;b3S;I;2;S5;9;PALMEIRAS DE GOIAS;GO;03/2022;23.244;52;1.822;3.873;4.347;1.313;0;0;11.407;0;199;633;2.535;1.811;2.619;0;7.797;2;264;0;0;0;0;0;266;23;682;9;0;0;0;0;713;0;0;0;0;0;0;0;0;13;17;137;0;0;0;0;167;0;0;0;0;0;0;0;0;0;0;1.552;770;572;0;0;2.893;0;0;0;0;0;0;0;0;0
COOPERATIVA DE CRÉDITO SICOOB TRANSAMAZÔNICA;24.431.221;b3S;I;2;S5;9;PACAJA;PA;03/2022;22.828;357;2.224;4.719;8.053;1.121;0;0;16.473;9;311;965;2.447;517;0;0;4.249;341;749;0;0;0;0;0;1.090;12;528;0;0;0;0;0;540;0;0;0;0;0;0;0;0;464;13;0;0;0;0;0;477;0;0;0;0;0;0;0;0;0;0;0;0;0;0;0;0;0;0;0;0;0;0;0;0;0
COOPERATIVA DE CRÉDITO, POUPANÇA E INVESTIMENTO DOS PROFESSORES, FUNCIONÁRIOS E ALUNOS DA UNIVERSIDADE DE CAXIAS DO SUL - SICREDI COOPERUCS;4.525.997;b3S;I;2;S4;9;CAXIAS DO SUL;RS;03/2022;22.818;8;1.057;3.041;5.513;2.469;1.480;1;13.568;2;266;727;1.578;775;92;0;3.441;75;1.065;132;0;0;0;0;1.272;0;1.036;59;0;0;0;0;1.095;0;0;0;0;0;0;0;0;36;639;530;815;599;824;0;3.442;0;0;0;0;0;0;0;0;0;0;0;0;0;0;0;0;0;0;0;0;0;0;0;0;0
COOPERATIVA DE CREDITO DE LIVRE ADMISSÃO DA REGIÃO SUDESTE DE MINAS GERAIS LTDA. - SICOOB CREDISUCESSO;42.887.133;b3S;I;2;S5;9;BOM SUCESSO;MG;03/2022;22.794;25;2.333;7.589;5.675;699;0;0;16.321;7;354;949;2.138;773;0;0;4.221;10;282;469;8;0;0;0;768;2;1.369;101;0;0;0;0;1.472;0;0;0;0;0;0;0;0;4;8;0;0;0;0;0;12;0;0;0;0;0;0;0;0;0;0;0;0;0;0;0;0;0;0;0;0;0;0;0;0;0
COOPERATIVA DE CRÉDITO CREDPLUS LTDA. - SICOOB CREDPLUS;71.069.587;b3S;I;2;S5;9;DORES DO INDAIA;MG;03/2022;22.667;87;1.740;5.665;8.639;3.219;45;0;19.396;4;96;280;791;23;0;0;1.195;50;91;224;0;7;80;0;453;11;1.446;117;0;0;0;0;1.574;0;0;0;0;0;0;0;0;35;15;0;0;0;0;0;50;0;0;0;0;0;0;0;0;0;0;0;0;0;0;0;0;0;0;0;0;0;0;0;0;0
COOPERATIVA DE CRÉDITO E ECONOMIA COM INTERAÇÃO SOLIDÁRIA CRESOL EVOLUÇÃO;2.844.024;b3S;I;2;S5;9;DIONISIO CERQUEIRA;SC;03/2022;22.507;56;892;2.489;3.988;248;23;0;7.695;20;335;1.049;3.041;1.764;983;0;7.191;0;187;1.400;522;16;0;0;2.125;57;964;158;0;0;0;0;1.179;0;0;0;0;0;0;0;0;25;8;1;0;0;0;36;70;1;191;794;1.933;1.181;145;0;4.246;0;0;0;0;0;0;0;0;0;0;0;0;0;0;0;0;0
COOPERATIVA DE CRÉDITO CREDICAPI LTDA - SICOOB CREDICAPI;804.046;b3S;I;2;S5;9;CAPITOLIO;MG;03/2022;22.363;41;1.409;5.634;6.939;2.382;302;0;16.706;6;286;796;1.687;657;17;0;3.450;62;1.062;79;26;0;0;0;1.229;2;773;84;0;0;0;0;859;0;0;0;0;0;0;0;0;44;75;0;0;0;0;0;119;0;0;0;0;0;0;0;0;0;0;0;0;0;0;0;0;0;0;0;0;0;0;0;0;0
COOPERATIVA CENTRAL DE CRÉDITO DO RIO DE JANEIRO LTDA.;14.568.725;b3C;I;2;S4;9;RIO DE JANEIRO;RJ;03/2022;22.345;0;2.107;8.437;10.042;500;0;0;21.086;0;0;0;0;0;0;0;0;0;0;0;0;0;0;0;0;0;0;0;0;0;0;0;0;0;0;0;0;0;0;0;0;0;47;114;303;303;492;0;1.258;0;0;0;0;0;0;0;0;0;0;0;0;0;0;0;0;0;0;0;0;0;0;0;0;0
COOPERATIVA DE ECONOMIA E CRÉDITO MÚTUO DOS TRABALHADORES NA ÁREA DE SAÚDE, AFINS E EMPRESÁRIOS VINCULADOS À ACCI DE ERECHIM-RS-CREDISUL;7.494.300;b3S;I;2;S5;9;ERECHIM;RS;03/2022;21.926;398;1.882;3.659;4.556;547;6;0;11.049;0;0;0;0;0;0;0;0;0;308;5.821;7;0;0;0;6.136;44;4.036;227;0;0;0;0;4.307;0;0;0;0;0;0;0;0;417;17;0;0;0;0;0;434;0;0;0;0;0;0;0;0;0;0;0;0;0;0;0;0;0;0;0;0;0;0;0;0;0
COOPERATIVA DE CRÉDITO DOS SERVIDORES PÚBLICOS NO ESTADO DA BAHIA LTDA. - SICOOB CRED EXECUTIVO;4.321.309;b3S;I;2;S5;9;SALVADOR;BA;03/2022;21.815;172;1.217;4.074;7.009;798;0;0;13.270;39;285;1.079;2.742;2.221;187;0;6.554;69;567;153;0;0;0;0;789;323;725;39;0;0;0;0;1.087;0;0;0;0;0;0;0;0;96;18;0;0;0;0;0;114;0;0;0;0;0;0;0;0;0;0;0;0;0;0;0;0;0;0;0;0;0;0;0;0;0
M PAGAMENTOS S.A. - CRÉDITO FINANCIAMENTO E INVESTIMENTO;7.747.410;n1;I;2;S4;14;SAO PAULO;SP;03/2022;21.737;0;0;0;0;0;0;0;0;0;0;0;0;0;0;0;0;0;0;0;0;0;0;0;0;0;21.737;0;0;0;0;0;21.737;0;0;0;0;0;0;0;0;0;0;0;0;0;0;0;0;0;0;0;0;0;0;0;0;0;0;0;0;0;0;0;0;0;0;0;0;0;0;0;0;0
COOPERATIVA DE CRÉDITO CARLOS CHAGAS LTDA. - SICOOB CARLOS CHAGAS;41.753.500;b3S;I;2;S5;9;CARLOS CHAGAS;MG;03/2022;21.630;68;2.720;5.113;5.657;675;52;0;14.285;0;182;520;917;386;0;0;2.005;13;526;300;0;0;0;0;839;18;3.824;476;0;0;0;0;4.318;0;0;0;0;0;0;0;0;54;130;0;0;0;0;0;184;0;0;0;0;0;0;0;0;0;0;0;0;0;0;0;0;0;0;0;0;0;0;0;0;0
AGÊNCIA DE FOMENTO DO ESTADO DE PERNAMBUCO S.A.;13.178.690;n1;I;1;S4;30;RECIFE;PE;03/2022;21.466;205;2.664;7.167;7.841;704;28;0;18.609;17;188;510;669;0;0;0;1.384;0;0;0;0;0;0;0;0;0;0;0;0;0;0;0;0;0;0;0;0;0;0;0;0;91;165;331;241;0;0;0;829;0;113;330;201;0;0;0;644;0;0;0;0;0;0;0;0;0;0;0;0;0;0;0;0;0
COOPERATIVA DE CRÉDITO NO PIAUÍ - SICOOB PIAUÍ;5.477.038;b3S;I;2;S5;9;TERESINA;PI;03/2022;21.261;221;1.515;4.025;5.841;1.203;122;0;12.928;13;405;1.048;1.890;416;0;0;3.771;22;1.051;0;0;0;0;0;1.074;257;2.560;231;0;0;0;0;3.048;0;0;0;0;0;0;0;0;354;34;50;1;0;0;0;439;0;0;0;0;0;0;0;0;0;0;0;0;0;0;0;0;0;0;0;0;0;0;0;0;0
BANCO PORTO REAL DE INVESTIMENTOS S.A;40.429.946;b2;I;2;S4;13;PORTO REAL;RJ;03/2022;21.167;0;1.590;4.732;9.142;639;0;0;16.103;0;0;0;0;0;0;0;0;0;0;0;0;0;0;0;0;0;0;0;0;0;0;0;0;0;0;0;0;0;0;0;0;0;703;4.271;90;0;0;0;5.063;0;0;0;0;0;0;0;0;0;0;0;0;0;0;0;0;0;0;0;0;0;0;0;0;0
COOPERATIVA DE CRÉDITO RURAL COM INTERAÇÃO SOLIDÁRIA VALE DO CONTESTADO - CRESOL VALE DO CONTESTADO;9.433.005;b3S;I;2;S5;9;IRINEOPOLIS;SC;03/2022;20.962;144;1.242;3.549;5.076;1.877;299;0;12.186;0;465;475;1.138;902;674;0;3.655;0;2;3;539;1;0;0;545;11;485;66;0;0;0;0;562;0;0;0;0;0;0;0;0;108;9;1;0;0;0;5;123;12;163;1.414;1.584;553;165;0;3.892;0;0;0;0;0;0;0;0;0;0;0;0;0;0;0;0;0
COOPERATIVA DE CRÉDITO DE LIVRE ADMISSÃO CREDFAZ LTDA. - SICOOB CREDFAZ;952.415;b3S;I;2;S5;9;BRASILIA;DF;03/2022;20.771;453;2.426;4.977;6.969;1.122;63;0;16.009;0;0;0;0;0;0;0;0;54;1.921;0;0;0;0;0;1.975;267;1.945;80;0;0;0;0;2.292;0;0;0;0;0;0;0;0;377;119;0;0;0;0;0;495;0;0;0;0;0;0;0;0;0;0;0;0;0;0;0;0;0;0;0;0;0;0;0;0;0
COOPERATIVA DE CRÉDITO RURAL COM INTERAÇÃO SOLIDÁRIA CONFIANÇA - CRESOL CONFIANÇA;7.252.614;b3S;I;2;S5;9;PAIM FILHO;RS;03/2022;20.682;56;1.023;3.081;2.483;1.035;476;0;8.154;18;495;1.331;3.074;1.483;688;0;7.088;0;2;3;396;0;0;0;401;5;1.927;124;0;0;0;0;2.055;0;0;0;0;0;0;0;0;12;26;9;10;0;0;4;61;6;247;672;1.532;465;0;0;2.923;0;0;0;0;0;0;0;0;0;0;0;0;0;0;0;0;0
COOPERATIVA DE CRÉDITO DOS PROFISSIONAIS DE SAÚDE E DE LIVRE ADMISSÃO DO TRIÂNGULO MINEIRO E SUL DE MINAS LTDA. - UNICRED PROGRESSO;71.432.926;b3S;I;2;S5;9;UBERABA;MG;03/2022;20.657;10;1.903;5.304;7.662;2.400;849;0;18.127;0;120;390;719;366;168;0;1.763;0;228;92;0;0;0;0;319;0;0;0;0;0;0;0;0;0;0;0;0;0;0;0;0;4;64;154;180;45;0;0;447;0;0;0;0;0;0;0;0;0;0;0;0;0;0;0;0;0;0;0;0;0;0;0;0;0
COOPERATIVA DE CRÉDITO MONTECREDI LTDA. - SICOOB MONTECREDI;71.392.047;b3S;I;2;S5;9;MONTE CARMELO;MG;03/2022;20.629;39;1.954;3.355;4.180;134;1;0;9.663;0;260;759;1.132;92;0;0;2.243;46;1.467;1.345;0;0;0;0;2.858;18;1.675;214;0;0;0;0;1.906;0;0;0;0;0;0;0;0;24;1;13;24;0;0;0;63;0;0;0;0;0;0;0;0;0;58;3.786;52;0;0;0;3.896;0;0;0;0;0;0;0;0;0
COOPERATIVA DE CRÉDITO RURAL COM INTERAÇÃO SOLIDÁRIA DE WITMARSUM - CRESOL WITMARSUM;7.465.539;b3S;I;2;S5;9;WITMARSUM;SC;03/2022;20.540;75;1.582;3.842;4.913;1.748;1.058;0;13.217;11;232;631;1.656;1.084;167;0;3.781;0;6;19;302;4;0;0;331;38;1.149;278;0;0;0;0;1.466;0;0;0;0;0;0;0;0;22;12;8;0;0;0;4;45;2;108;553;886;151;0;0;1.700;0;0;0;0;0;0;0;0;0;0;0;0;0;0;0;0;0
COOPERATIVA DE CRÉDITO RURAL COM INTERAÇÃO SOLIDÁRIA DE GUARANI DAS MISSÕES - CRESOL GUARANI DAS MISSÕES;8.488.377;b3S;I;2;S5;9;GUARANI DAS MISSOES;RS;03/2022;20.122;117;1.192;3.392;5.067;1.836;784;0;12.388;16;286;737;1.829;885;271;0;4.022;1;11;30;672;4;0;0;719;15;1.393;168;0;0;0;0;1.576;0;0;0;0;0;0;0;0;80;6;4;0;0;0;2;92;0;138;399;660;129;0;0;1.326;0;0;0;0;0;0;0;0;0;0;0;0;0;0;0;0;0
COOPERATIVA DE ECONOMIA E CRÉDITO MÚTUO NOS ESTADOS DE ALAGOAS, SERGIPE E BAHIA - SICOOB LESTE;2.493.000;b3S;I;2;S5;9;MACEIO;AL;03/2022;19.982;208;1.508;3.262;4.184;513;0;0;9.674;14;410;1.114;2.598;999;8;0;5.143;84;427;1.221;0;0;0;0;1.733;29;2.959;142;0;0;0;0;3.130;0;0;0;0;0;0;0;0;272;30;0;0;0;0;0;302;0;0;0;0;0;0;0;0;0;0;0;0;0;0;0;0;0;0;0;0;0;0;0;0;0
UNICRED COSTA DO SOL RJ - COOPERATIVA DE ECONOMIA E CRÉDITO MÚTUO LTDA.;39.231.527;b3S;I;2;S5;9;MACAE;RJ;03/2022;19.544;46;1.210;3.458;3.787;554;1;0;9.056;1;428;1.734;3.390;1.953;1.097;0;8.603;0;483;561;0;0;0;0;1.044;0;17;1;0;0;0;0;18;0;0;0;0;0;0;0;0;10;159;346;283;26;0;0;823;0;0;0;0;0;0;0;0;0;0;0;0;0;0;0;0;0;0;0;0;0;0;0;0;0
COOPERATIVA DE CRÉDITO SICOOB COOPEMAR LTDA;4.174.720;b3S;I;2;S5;9;MAIRI;BA;03/2022;19.539;182;2.036;4.442;4.771;283;0;0;11.715;0;234;648;927;120;3;0;1.933;98;969;0;0;0;0;0;1.066;49;4.098;560;0;0;0;0;4.708;0;0;0;0;0;0;0;0;100;18;0;0;0;0;0;118;0;0;0;0;0;0;0;0;0;0;0;0;0;0;0;0;0;0;0;0;0;0;0;0;0
UNICRED REGIONAL NORTE LAGOS - COOPERATIVA DE ECONOMIA E CRÉDITO MÚTUO REGIONAL NORTE LAGOS LTDA;4.445.917;b3S;I;2;S5;9;CAMPOS DOS GOYTACAZES;RJ;03/2022;18.526;15;1.116;2.889;4.793;1.487;599;0;10.899;4;750;1.928;3.332;1.014;12;0;7.039;0;297;239;0;0;0;0;535;0;32;0;0;0;0;0;32;0;0;0;0;0;0;0;0;0;20;0;0;0;0;0;20;0;0;0;0;0;0;0;0;0;0;0;0;0;0;0;0;0;0;0;0;0;0;0;0;0
COOPERATIVA DE CREDITO CREDLIDER - SICOOB CREDLIDER;5.463.934;b3S;I;2;S5;9;VOTUPORANGA;SP;03/2022;18.483;141;1.706;4.963;6.034;765;0;0;13.608;0;54;112;216;0;0;0;381;40;1.360;73;10;0;0;0;1.483;1;2.635;261;0;0;0;0;2.897;0;0;0;0;0;0;0;0;75;39;0;0;0;0;0;113;0;0;0;0;0;0;0;0;0;0;0;0;0;0;0;0;0;0;0;0;0;0;0;0;0
COOPERATIVA DE CRÉDITO DE RIO RUFINO - SICOOB CREDIUNIÃO;2.448.839;b3S;I;2;S5;9;RIO RUFINO;SC;03/2022;18.314;12;978;2.165;3.061;469;0;0;6.686;0;496;1.358;3.548;1.921;37;0;7.362;17;395;0;0;0;0;0;412;11;2.972;858;0;0;0;0;3.840;0;0;0;0;0;0;0;0;8;8;0;0;0;0;0;15;0;0;0;0;0;0;0;0;0;0;0;0;0;0;0;0;0;0;0;0;0;0;0;0;0
AGÊNCIA DE FOMENTO DE ALAGOAS S.A.;10.769.660;n1;I;1;S4;30;MACEIO;AL;03/2022;18.188;102;310;874;930;3;0;0;2.220;59;44;91;78;0;0;0;273;0;0;0;0;0;0;0;0;0;0;0;0;0;0;0;0;0;0;0;0;0;0;0;0;14;140;842;2.007;1.034;0;0;4.037;221;926;2.607;6.126;1.778;0;0;11.659;0;0;0;0;0;0;0;0;0;0;0;0;0;0;0;0;0
SF3 CRÉDITO, FINANCIAMENTO E INVESTIMENTO S.A.;5.503.849;n1;I;2;S5;14;SAO PAULO;SP;03/2022;17.955;219;1.619;3.716;2.614;603;12;0;8.782;150;902;1.967;2.018;156;0;0;5.193;0;0;0;0;0;0;0;0;529;2.860;80;0;0;0;0;3.469;0;0;0;0;0;0;0;0;27;104;247;133;0;0;0;511;0;0;0;0;0;0;0;0;0;0;0;0;0;0;0;0;0;0;0;0;0;0;0;0;0
AGÊNCIA DE FOMENTO DO ESTADO DO TOCANTINS S.A.;5.474.540;n1;I;1;S4;30;PALMAS;TO;03/2022;17.878;734;1.791;4.470;5.479;383;0;0;12.856;9;12;34;49;4;0;0;107;0;0;0;0;0;0;0;0;0;0;0;0;0;0;0;0;0;0;0;0;0;0;0;0;0;27;58;113;23;26;0;248;57;257;838;2.202;681;631;0;4.667;0;0;0;0;0;0;0;0;0;0;0;0;0;0;0;0;0
GREENCRED - COOPERATIVA DE CREDITO;2.347.114;b3S;I;2;S5;9;CURITIBA;PR;03/2022;17.635;11;2.282;5.414;6.873;2.291;422;0;17.294;0;0;0;0;0;0;0;0;0;257;81;0;0;0;0;338;0;0;0;0;0;0;0;0;0;0;0;0;0;0;0;0;0;4;0;0;0;0;0;4;0;0;0;0;0;0;0;0;0;0;0;0;0;0;0;0;0;0;0;0;0;0;0;0;0
COOPERATIVA DE ECONOMIA E CRÉDITO MÚTUO DOS SERVIDORES MUNICIPAIS DA REGIÃO METROPOLITANA DO VALE DO PARAÍBA E LITORAL NORTE - SICOOB-CRESSEM;54.190.525;b3S;I;2;S5;9;SAO JOSE DOS CAMPOS;SP;03/2022;17.383;37;260;869;2.507;1.561;58;0;5.291;30;412;1.636;5.120;3.670;35;0;10.902;11;260;859;0;0;0;0;1.129;15;30;0;0;0;0;0;45;0;0;0;0;0;0;0;0;10;5;0;0;0;0;0;15;0;0;0;0;0;0;0;0;0;0;0;0;0;0;0;0;0;0;0;0;0;0;0;0;0
SOCINAL S.A. - CRÉDITO, FINANCIAMENTO E INVESTIMENTO;3.881.423;n1;I;2;S5;14;ARARUAMA;RJ;03/2022;17.304;6;2.317;1.743;4.413;3.659;5.043;0;17.181;0;0;0;0;0;0;0;0;0;0;0;0;0;0;0;0;0;4;10;23;19;49;18;123;0;0;0;0;0;0;0;0;0;0;0;0;0;0;0;0;0;0;0;0;0;0;0;0;0;0;0;0;0;0;0;0;0;0;0;0;0;0;0;0;0
COOPERATIVA DE CREDITO RURAL SEARA - CREDISEARA;204.963;b3S;I;2;S5;9;SEARA;SC;03/2022;17.262;0;0;0;0;0;0;0;0;64;306;849;1.338;359;376;0;3.292;0;0;0;0;0;0;0;0;414;1.832;307;0;0;0;0;2.553;0;0;0;0;0;0;0;0;491;1.223;4.288;3.881;1.263;271;0;11.417;0;0;0;0;0;0;0;0;0;0;0;0;0;0;0;0;0;0;0;0;0;0;0;0;0
COOPERATIVA DE CRÉDITO MÚTUO DOS DESPACHANTES DE TRÂNSITO DE SANTA CATARINA E RIO GRANDE DO SUL - SICOOB CREDITRAN;4.715.685;b3S;I;2;S5;9;FLORIANOPOLIS;SC;03/2022;17.118;55;1.520;3.980;4.473;598;0;0;10.625;2;604;1.734;2.795;326;0;0;5.461;15;407;396;0;0;0;0;818;0;100;12;0;0;0;0;112;0;0;0;0;0;0;0;0;46;56;0;0;0;0;0;102;0;0;0;0;0;0;0;0;0;0;0;0;0;0;0;0;0;0;0;0;0;0;0;0;0
COOPERATIVA CENTRAL DE ECONOMIA E CRÉDITO MÚTUO DAS UNICREDS DO ESTADO DO RIO DE JANEIRO E DO MATO GROSSO LTDA   UNICRED CENTRAL RJ/MT;86.774.775;b3C;I;2;S4;9;RIO DE JANEIRO;RJ;03/2022;17.033;0;692;2.527;5.259;1.774;123;0;10.376;0;173;1.486;3.374;1.624;0;0;6.658;0;0;0;0;0;0;0;0;0;0;0;0;0;0;0;0;0;0;0;0;0;0;0;0;0;0;0;0;0;0;0;0;0;0;0;0;0;0;0;0;0;0;0;0;0;0;0;0;0;0;0;0;0;0;0;0;0
COOPERATIVA DE CREDITO RURAL COM INTERACAO SOLIDARIA CONEXÕES -CRESOL CONEXÕES;5.220.232;b3S;I;2;S5;9;SANTA MARIA;RS;03/2022;16.920;120;1.137;2.643;4.706;1.838;1.477;0;11.921;9;159;428;1.122;484;187;0;2.389;0;6;6;565;0;0;0;578;8;302;69;0;0;0;0;379;0;0;0;0;0;0;0;0;38;4;0;24;20;50;2;137;7;117;268;635;240;248;0;1.515;0;0;0;0;0;0;0;0;0;0;0;0;0;0;0;0;0
COOPERATIVA DE CREDITO RURAL E ECONOMIA COM INTERAÇÃO SOLIDARIA DAS ENCOSTAS DA SERRA GERAL - CRESOL ENCOSTAS DA SERRA GERAL;3.485.130;b3S;I;2;S5;9;SANTA ROSA DE LIMA;SC;03/2022;16.853;35;665;1.790;2.444;117;19;0;5.069;66;548;1.586;3.558;1.465;230;0;7.453;0;74;504;239;0;0;0;817;17;420;64;0;0;0;0;502;0;0;0;0;0;0;0;0;24;196;19;14;2;0;28;283;14;138;1.277;1.197;91;11;0;2.729;0;0;0;0;0;0;0;0;0;0;0;0;0;0;0;0;0
COOPERATIVA DE CRÉDITO DE LIVRE ADMISSÃO DE CERES E RIALMA LTDA;9.576.849;b3S;I;2;S5;9;CERES;GO;03/2022;16.796;38;1.461;2.682;2.170;28;0;0;6.379;4;506;1.379;3.336;1.190;5;0;6.419;51;236;77;28;0;0;0;393;0;2.600;392;0;0;0;0;2.992;0;0;0;0;0;0;0;0;508;25;0;0;0;0;0;534;0;0;0;0;0;0;0;0;0;0;0;80;0;0;0;80;0;0;0;0;0;0;0;0;0
COOPERATIVA DE CRÉDITO DE LIVRE ADMISSÃO DE ASSOCIADOS DO PLANALTO SERRANO - SICOOB CREDISERRA SC;1.692.448;b3S;I;2;S5;9;URUPEMA;SC;03/2022;16.617;31;830;1.961;2.020;212;50;0;5.104;15;1.429;1.413;2.098;1.314;862;0;7.130;45;293;99;12;0;0;0;449;20;1.488;166;0;0;0;0;1.674;0;0;0;0;0;0;0;0;25;11;45;82;89;98;0;351;0;0;0;0;0;0;0;0;0;26;1.838;46;0;0;0;1.910;0;0;0;0;0;0;0;0;0
COOPERATIVA DE CRÉDITO DE LIVRE ADMISSÃO DE ASSOCIADOS DE DORES DO INDAIÁ LTDA - COOPCREDI;2.254.376;b3S;I;2;S5;9;DORES DO INDAIA;MG;03/2022;16.522;106;1.653;3.966;5.805;1.335;8;0;12.873;14;107;302;576;243;15;0;1.257;38;276;242;0;0;0;0;556;47;1.546;147;0;0;0;0;1.739;0;0;0;0;0;0;0;0;76;22;0;0;0;0;0;98;0;0;0;0;0;0;0;0;0;0;0;0;0;0;0;0;0;0;0;0;0;0;0;0;0
BANCO DE LA PROVINCIA DE BUENOS AIRES;44.189.447;b1;I;3;S4;28;SAO PAULO;SP;03/2022;16.200;0;12;7.000;0;0;0;0;7.012;0;0;0;0;0;0;0;0;0;2.964;0;0;0;0;0;2.964;0;0;0;0;0;0;0;0;0;0;0;0;0;0;0;0;0;1.778;4.446;0;0;0;0;6.224;0;0;0;0;0;0;0;0;0;0;0;0;0;0;0;0;0;0;0;0;0;0;0;0;0
COOPERATIVA DE ECONOMIA E CRÉDITO MÚTUO SICOOB METALCRED;4.833.655;b3S;I;2;S5;9;SAO PAULO;SP;03/2022;15.993;136;1.661;3.176;4.655;2.080;1;0;11.708;0;41;114;345;214;0;0;714;39;594;890;66;118;0;12;1.719;0;1.642;79;0;0;0;0;1.721;0;0;0;0;0;0;0;0;113;18;0;0;0;0;0;131;0;0;0;0;0;0;0;0;0;0;0;0;0;0;0;0;0;0;0;0;0;0;0;0;0
COOPERATIVA DE CRÉDITO DE LIVRE ADMISSÃO DE CAMPOS GERAIS E CAMPO DO MEIO LTDA - SICOOB CREDCAM;71.146.450;b3S;I;2;S5;9;CAMPOS GERAIS;MG;03/2022;15.669;83;1.664;4.412;5.530;533;0;0;12.222;4;177;572;965;99;0;0;1.817;19;109;413;24;18;0;0;582;0;978;17;0;0;0;0;995;0;0;0;0;0;0;0;0;51;2;0;0;0;0;0;53;0;0;0;0;0;0;0;0;0;0;0;0;0;0;0;0;0;0;0;0;0;0;0;0;0
CORA SOCIEDADE DE CRÉDITO DIRETO S.A.;37.880.206;n1;I;3;S5;43;SAO PAULO;SP;03/2022;15.611;0;0;0;0;0;0;0;0;0;0;0;0;0;0;0;0;0;0;0;0;0;0;0;0;0;0;0;0;0;0;0;0;0;0;0;0;0;0;0;0;9.883;5.007;630;91;0;0;0;15.611;0;0;0;0;0;0;0;0;0;0;0;0;0;0;0;0;0;0;0;0;0;0;0;0;0
COOPERATIVA DE CRÉDITO DE LIVRE ADMISSÃO DA MARGEM ESQUERDA DO URUCUIA E SÃO FRANCISCO LTDA - SICOOB CREDICHAPADA;14.046.512;b3S;I;2;S5;9;CHAPADA GAUCHA;MG;03/2022;15.146;87;828;2.410;2.999;513;0;0;6.837;8;330;1.108;2.403;1.352;97;0;5.297;73;145;256;0;0;0;0;474;5;576;74;0;0;0;0;655;0;0;0;0;0;0;0;0;57;97;664;1.061;1;0;0;1.882;0;0;0;0;0;0;0;0;0;0;0;0;0;0;0;0;0;0;0;0;0;0;0;0;0
COOPERATIVA DE CRÉDITO E ECONOMIA COM INTERAÇÃO SOLIDÁRIA DE XAVANTINA - CRESOL XAVANTINA;8.055.016;b3S;I;2;S5;9;XAVANTINA;SC;03/2022;15.083;56;430;1.005;1.789;467;66;0;3.814;11;355;932;2.610;1.909;1.566;0;7.383;0;87;493;147;0;0;0;727;3;1.107;28;0;0;0;0;1.138;0;0;0;0;0;0;0;0;15;24;50;39;0;0;1;128;0;0;1.209;675;6;3;0;1.893;0;0;0;0;0;0;0;0;0;0;0;0;0;0;0;0;0
COOPERATIVA DE CRÉDITO DE LIVRE ADMISSÃO DE BOA ESPERANÇA LTDA. - SICOOB BELCREDI;869.687;b3S;I;2;S5;9;BOA ESPERANCA;MG;03/2022;14.903;54;1.562;3.658;4.081;840;0;0;10.196;7;130;389;679;50;0;0;1.255;18;233;416;40;34;0;0;741;11;737;171;0;0;0;0;918;0;0;0;0;0;0;0;0;34;17;0;0;0;0;0;51;0;0;0;0;0;0;0;0;0;0;1.614;128;0;0;0;1.742;0;0;0;0;0;0;0;0;0
CREDISIS OESTE - COOPERATIVA DE CRÉDITO E INVESTIMENTO DO OESTE;4.985.665;b3S;I;2;S5;9;ESPIGAO D'OESTE;RO;03/2022;14.898;27;447;1.080;57;0;0;0;1.612;0;80;164;144;0;0;0;388;0;127;361;0;0;0;0;488;40;10.487;1.849;0;0;0;0;12.376;0;0;0;0;0;0;0;0;28;5;0;0;0;0;0;34;0;0;0;0;0;0;0;0;0;0;0;0;0;0;0;0;0;0;0;0;0;0;0;0;0
PLANTAE S.A. - CRÉDITO, FINANCIAMENTO E INVESTIMENTO;35.551.187;n1;I;2;S4;14;PRESIDENTE PRUDENTE;SP;03/2022;14.683;0;976;10.258;3.349;0;0;0;14.583;0;0;0;0;0;0;0;0;0;0;0;0;0;0;0;0;0;99;0;0;0;0;0;100;0;0;0;0;0;0;0;0;0;0;0;0;0;0;0;0;0;0;0;0;0;0;0;0;0;0;0;0;0;0;0;0;0;0;0;0;0;0;0;0;0
COOPERATIVA DE CRÉDITO NOSSA SENHORA DO DESTERRO - SICOOB CREDISC;3.419.786;b3S;I;2;S5;9;FLORIANOPOLIS;SC;03/2022;14.521;271;972;2.394;3.198;407;232;0;7.474;2;407;1.143;2.889;1.062;457;0;5.961;4;246;123;10;0;0;0;383;3;610;38;0;0;0;0;651;0;0;0;0;0;0;0;0;46;7;0;0;0;0;0;53;0;0;0;0;0;0;0;0;0;0;0;0;0;0;0;0;0;0;0;0;0;0;0;0;0
COOPERATIVA DE CRÉDITO DE LIVRE ADMISSÃO DE PIRACANJUBA LTDA;5.222.094;b3S;I;2;S5;9;PIRACANJUBA;GO;03/2022;14.390;22;1.143;2.507;2.244;169;0;0;6.085;0;116;305;721;250;164;0;1.556;76;1.162;0;0;0;0;0;1.238;0;2.039;105;0;0;0;0;2.143;0;0;0;0;0;0;0;0;23;35;0;0;0;0;0;58;0;0;0;0;0;0;0;0;0;0;3.310;0;0;0;0;3.310;0;0;0;0;0;0;0;0;0
COOPERATIVA DE CRÉDITO DE LIVRE ADMISSÃO SUL MARANHENSE - SICOOB SUL MARANHENSE;26.526.166;b3S;I;2;S5;9;BALSAS;MA;03/2022;14.183;21;2.582;2.176;1.975;4;0;0;6.758;9;548;1.473;2.839;1.225;0;0;6.095;16;222;0;0;0;0;0;238;121;731;29;0;0;0;0;880;0;0;0;0;0;0;0;0;61;151;0;0;0;0;0;212;0;0;0;0;0;0;0;0;0;0;0;0;0;0;0;0;0;0;0;0;0;0;0;0;0
COOPERATIVA DE CRÉDITO RURAL COM INTERAÇÃO SOLIDÁRIA NASCENTE - CRESOL NASCENTE;5.494.591;b3S;I;2;S5;9;ALFREDO WAGNER;SC;03/2022;13.982;101;900;2.358;3.719;1.799;163;0;9.039;3;84;225;491;194;667;273;1.938;8;4;6;346;4;0;0;369;5;828;157;0;0;0;0;990;0;0;0;0;0;0;0;0;7;2;2;0;0;0;4;16;1;86;583;796;90;74;0;1.630;0;0;0;0;0;0;0;0;0;0;0;0;0;0;0;0;0
COOPERATIVA DE CRÉDITO CLÁSSICA DOS FUNCIONÁRIOS E PRESTADORES DE SERVIÇOS DAS EMPRESAS LIGADAS AO GRUPO EUCATUR LTDA. - SICOOB EUCRED;21.110.927;b3S;I;2;S5;9;JI-PARANA;RO;03/2022;13.372;68;1.238;3.189;4.340;81;6;0;8.922;3;36;84;149;37;0;0;310;142;462;0;0;0;0;0;604;1.348;1.814;137;0;0;0;0;3.299;0;0;0;0;0;0;0;0;228;9;0;0;0;0;0;237;0;0;0;0;0;0;0;0;0;0;0;0;0;0;0;0;0;0;0;0;0;0;0;0;0
COOPERATIVA DE CRÉDITO MÚTUO DO CEARÁ - SICOOB CEARÁ;3.620.772;b3S;I;2;S5;9;FORTALEZA;CE;03/2022;13.348;46;1.214;3.511;5.343;551;93;0;10.757;0;61;241;547;275;72;0;1.196;103;416;0;0;0;0;0;519;17;712;95;0;0;0;0;825;0;0;0;0;0;0;0;0;44;8;0;0;0;0;0;51;0;0;0;0;0;0;0;0;0;0;0;0;0;0;0;0;0;0;0;0;0;0;0;0;0
COOPERATIVA DE CRÉDITO DE TIROS E MATUTINA LTDA.- SICOOB CREDITIROS;42.880.617;b3S;I;2;S5;9;TIROS;MG;03/2022;13.331;17;1.839;3.911;3.780;173;0;0;9.719;0;292;586;691;370;0;0;1.939;0;386;75;0;0;0;0;461;0;1.106;94;0;0;0;0;1.200;0;0;0;0;0;0;0;0;4;8;0;0;0;0;0;12;0;0;0;0;0;0;0;0;0;0;0;0;0;0;0;0;0;0;0;0;0;0;0;0;0
INCO SOCIEDADE DE EMPRÉSTIMO ENTRE PESSOAS S.A.;35.340.796;n1;I;2;S5;44;SAO PAULO;SP;03/2022;13.288;0;0;0;0;0;0;0;0;0;0;0;0;0;0;0;0;0;0;0;0;0;0;0;0;0;0;0;0;0;0;0;0;0;0;0;0;0;0;0;0;0;931;7.700;4.657;0;0;0;13.288;0;0;0;0;0;0;0;0;0;0;0;0;0;0;0;0;0;0;0;0;0;0;0;0;0
COOPERATIVA DE CRÉDITO RURAL E ECONOMIA COM INTERAÇÃO SOLIDÁRIA CONCÓRDIA - CRESOL CONCÓRDIA;5.425.526;b3S;I;2;S5;9;CONCORDIA;SC;03/2022;13.270;48;461;801;1.317;354;9;0;2.989;27;313;867;2.530;1.894;879;0;6.510;72;42;692;101;0;0;0;907;8;779;85;0;0;0;0;871;0;0;0;0;0;0;0;0;21;5;1;0;0;0;2;30;4;41;916;828;137;38;0;1.963;0;0;0;0;0;0;0;0;0;0;0;0;0;0;0;0;0
COOPERATIVA DE CRÉDITO RURAL COM INTERAÇÃO SOLIDÁRIA PLANALTO SERRANO - CRESOL PLANALTO SERRANO;2.766.672;b3S;I;2;S5;9;SAO JOAQUIM;SC;03/2022;13.202;96;702;1.802;3.575;1.300;128;0;7.603;6;222;573;1.304;618;83;0;2.806;0;2;7;292;15;0;0;316;46;1.377;229;0;0;0;0;1.652;0;0;0;0;0;0;0;0;35;27;34;60;0;0;4;161;0;11;327;253;37;37;0;665;0;0;0;0;0;0;0;0;0;0;0;0;0;0;0;0;0
TODESCREDI S/A - CRÉDITO, FINANCIAMENTO E INVESTIMENTO;9.473.806;n1;I;2;S5;14;BENTO GONCALVES;RS;03/2022;13.048;13;58;69;80;13;0;0;233;321;5.543;5.326;1.625;0;0;0;12.815;0;0;0;0;0;0;0;0;0;0;0;0;0;0;0;0;0;0;0;0;0;0;0;0;0;0;0;0;0;0;0;0;0;0;0;0;0;0;0;0;0;0;0;0;0;0;0;0;0;0;0;0;0;0;0;0;0
COOPER CARD INSTITUIÇÃO DE PAGAMENTO LTDA.;5.938.780;n4;I;2;;41;BARUERI;SP;03/2022;12.824;0;0;0;0;0;0;0;0;0;0;0;0;0;0;0;0;0;0;0;0;0;0;0;0;29;28;1;0;0;0;0;58;0;0;0;0;0;0;0;0;351;7.959;4.457;0;0;0;0;12.766;0;0;0;0;0;0;0;0;0;0;0;0;0;0;0;0;0;0;0;0;0;0;0;0;0
COOPERATIVA DE CRÉDITO DOS MÉDICOS E DEMAIS PROFISSIONAIS DA SAÚDE DE VITÓRIA DA CONQUISTA;2.833.202;b3S;I;2;S5;9;VITORIA DA CONQUISTA;BA;03/2022;12.819;4;1.232;3.270;3.341;488;386;0;8.719;0;171;477;883;261;1;0;1.792;0;142;15;477;0;0;0;633;0;38;15;0;0;0;0;53;0;0;0;0;0;0;0;0;1;164;366;817;273;0;0;1.621;0;0;0;0;0;0;0;0;0;0;0;0;0;0;0;0;0;0;0;0;0;0;0;0;0
COOPERATIVA DE CRÉDITO CREDIBAM LTDA. - SICOOB CREDIBAM;66.259.110;b3S;I;2;S5;9;BAMBUI;MG;03/2022;12.720;17;1.179;2.815;2.567;321;0;0;6.900;0;344;928;1.960;177;114;0;3.523;26;571;192;0;0;0;0;789;10;1.213;185;0;0;0;0;1.409;0;0;0;0;0;0;0;0;67;8;0;0;0;0;0;75;0;0;0;0;0;0;0;0;0;0;12;12;0;0;0;24;0;0;0;0;0;0;0;0;0
COOPERATIVA DE CRÉDITO CREDICAMPINA LTDA. - SICOOB CREDICAMPINA;1.609.345;b3S;I;2;S5;9;CAMPINA VERDE;MG;03/2022;12.594;3;1.144;2.720;3.494;899;277;0;8.537;0;220;656;1.512;480;2;0;2.872;1;110;70;0;0;0;0;181;0;745;57;0;0;0;0;802;0;0;0;0;0;0;0;0;1;1;0;0;0;0;0;3;0;0;0;0;0;0;0;0;0;0;0;51;74;74;0;199;0;0;0;0;0;0;0;0;0
FINSOL SOCIEDADE DE CRÉDITO AO MICROEMPREENDEDOR E À EMPRESA DE PEQUENO PORTE S.A.;18.810.553;n1;I;3;S4;10;RECIFE;PE;03/2022;12.161;1.309;4.574;5.959;304;0;0;0;12.146;0;0;0;0;0;0;0;0;0;0;0;0;0;0;0;0;0;0;0;0;0;0;0;0;0;0;0;0;0;0;0;0;0;3;9;3;0;0;0;15;0;0;0;0;0;0;0;0;0;0;0;0;0;0;0;0;0;0;0;0;0;0;0;0;0
COOPERATIVA DE CRÉDITO MÚTUO - SICOOB CREDIACISC;7.669.921;b3S;I;2;S5;9;SAO CARLOS;SP;03/2022;11.959;155;1.681;3.301;3.751;516;16;0;9.419;0;67;198;343;2;0;0;610;26;360;241;0;0;0;0;627;53;1.145;87;0;0;0;0;1.286;0;0;0;0;0;0;0;0;10;7;0;0;0;0;0;17;0;0;0;0;0;0;0;0;0;0;0;0;0;0;0;0;0;0;0;0;0;0;0;0;0
COOPERATIVA DE CRÉDITO DE LIVRE ADMISSÃO DO VALE RIO CRIXÁS LTDA.;7.108.146;b3S;I;2;S5;9;CRIXAS;GO;03/2022;11.778;0;1.234;3.345;5.136;41;0;0;9.757;0;42;131;239;136;0;0;548;5;439;0;0;0;0;0;444;0;1.008;1;0;0;0;0;1.009;0;0;0;0;0;0;0;0;7;13;0;0;0;0;0;21;0;0;0;0;0;0;0;0;0;0;0;0;0;0;0;0;0;0;0;0;0;0;0;0;0
PORTOCRED S.A. - CREDITO, FINANCIAMENTO E INVESTIMENTO;1.800.019;n1;I;2;S4;14;PORTO ALEGRE;RS;03/2022;11.770;0;1.635;3.495;6.055;581;5;0;11.770;0;0;0;0;0;0;0;0;0;0;0;0;0;0;0;0;0;0;0;0;0;0;0;0;0;0;0;0;0;0;0;0;0;0;0;0;0;0;0;0;0;0;0;0;0;0;0;0;0;0;0;0;0;0;0;0;0;0;0;0;0;0;0;0;0
CREDISIS CREDIBRÁS COOPERATIVA DE CRÉDITO E INVESTIMENTO DE LIVRE ADMISSÃO DO OESTE DE RONDÔNIA;5.597.773;b3S;I;2;S5;9;NOVA BRASILANDIA;RO;03/2022;11.503;10;1.942;3.675;356;0;0;0;5.983;1;49;130;82;0;0;0;262;0;312;1.793;204;0;0;0;2.309;0;2.742;84;0;0;0;0;2.827;0;0;0;0;0;0;0;0;2;77;44;0;0;0;0;122;0;0;0;0;0;0;0;0;0;0;0;0;0;0;0;0;0;0;0;0;0;0;0;0;0
CENTRAL DAS COOPERATIVAS DE CRÉDITO DO ESTADO DE SÃO PAULO - SICOOB CENTRAL CECRESP;62.931.522;b3C;I;2;S4;9;SAO PAULO;SP;03/2022;11.245;0;773;8.354;1.857;260;0;0;11.245;0;0;0;0;0;0;0;0;0;0;0;0;0;0;0;0;0;0;0;0;0;0;0;0;0;0;0;0;0;0;0;0;0;0;0;0;0;0;0;0;0;0;0;0;0;0;0;0;0;0;0;0;0;0;0;0;0;0;0;0;0;0;0;0;0
COOPERATIVA DE CRÉDITO RURAL E ECONOMIA COM INTERAÇÃO SOLIDÁRIA DE ARATIBA - CRESOL ARATIBA;4.565.791;b3S;I;2;S5;9;ARATIBA;RS;03/2022;11.222;31;704;1.715;1.499;287;0;0;4.237;7;242;585;1.536;1.163;635;0;4.170;0;107;1.440;104;11;0;0;1.662;12;847;121;0;0;0;0;980;0;0;0;0;0;0;0;0;1;19;18;26;27;14;1;107;0;0;10;22;22;13;0;66;0;0;0;0;0;0;0;0;0;0;0;0;0;0;0;0;0
COOPERATIVA DE CRÉDITO RURAL DE OURO   SULCREDI/OURO;7.853.842;b3S;I;2;S5;9;OURO;SC;03/2022;11.065;56;825;1.222;1.294;198;37;0;3.633;28;131;527;1.058;245;89;0;2.077;12;9;36;0;0;0;0;57;0;175;65;0;0;0;0;240;0;0;0;0;0;0;0;0;454;446;872;1.729;918;639;0;5.058;0;0;0;0;0;0;0;0;0;0;0;0;0;0;0;0;0;0;0;0;0;0;0;0;0
COOPERATIVA DE ECONOMIA E CRÉDITO MÚTUO DOS COLABORADORES DA VALE S.A LTDA. - SICOOB CREDIVALE;20.961.629;b3S;I;2;S5;9;ITABIRA;MG;03/2022;10.772;41;653;1.995;3.162;975;0;0;6.826;15;253;720;1.800;637;0;0;3.425;47;424;0;0;0;0;0;471;0;0;0;0;0;0;0;0;0;0;0;0;0;0;0;0;39;10;0;0;0;0;0;50;0;0;0;0;0;0;0;0;0;0;0;0;0;0;0;0;0;0;0;0;0;0;0;0;0
COOPERATIVA DE ECONOMIA E CRÉDITO MÚTUO DOS MÉDICOS E DEMAIS PROFISSIONAIS DE NÍVEL SUPERIOR DA ÁREA DE SAÚDE DE OURINHOS - OURICRED;2.179.673;b3S;I;2;S5;9;OURINHOS;SP;03/2022;10.749;101;578;1.384;1.157;168;270;0;3.657;40;558;1.586;2.191;741;242;0;5.358;16;995;0;0;0;0;0;1.011;5;579;111;0;0;0;0;695;0;0;0;0;0;0;0;0;10;18;0;0;0;0;0;28;0;0;0;0;0;0;0;0;0;0;0;0;0;0;0;0;0;0;0;0;0;0;0;0;0
COOPERATIVA DE CRÉDITO RURAL ASCOOB COOPERAR;2.025.743;b3S;I;2;S5;9;ARACI;BA;03/2022;10.718;337;897;2.044;2.348;240;0;0;5.867;79;330;758;1.407;509;5;0;3.088;4;1;23;470;4;9;0;511;41;733;23;0;0;0;0;797;0;0;0;0;0;0;0;0;241;85;58;54;15;0;4;456;0;0;0;0;0;0;0;0;0;0;0;0;0;0;0;0;0;0;0;0;0;0;0;0;0
BANCO LETSBANK S.A.;58.497.702;b1;I;2;S4;8;SAO PAULO;SP;03/2022;10.613;0;0;0;0;0;0;0;0;0;0;0;0;0;0;0;0;0;0;0;0;0;0;0;0;0;0;0;0;0;0;0;0;0;0;0;0;0;0;0;0;26;1.794;4.598;4.195;0;0;0;10.613;0;0;0;0;0;0;0;0;0;0;0;0;0;0;0;0;0;0;0;0;0;0;0;0;0
COOPERATIVA DE CRÉDITO E ECONOMIA COM INTERAÇÃO SOLIDÁRIA - CRESOL ALIANÇA;7.412.987;b3S;I;2;S5;9;PINHALZINHO;SC;03/2022;10.402;33;204;478;682;37;0;0;1.434;7;327;900;2.308;887;192;0;4.621;11;146;402;220;0;0;0;779;38;390;35;0;0;0;0;463;0;0;0;0;0;0;0;0;17;1;0;0;0;0;1;19;39;195;853;1.484;515;0;0;3.087;0;0;0;0;0;0;0;0;0;0;0;0;0;0;0;0;0
DIRECAO S.A. CREDITO, FINANCIAMENTO E INVESTIMENTO;58.158.387;n1;I;2;S5;14;SANTOS;SP;03/2022;10.324;175;461;1.898;4.893;2.245;170;0;9.840;0;104;290;90;0;0;0;484;0;0;0;0;0;0;0;0;0;0;0;0;0;0;0;0;0;0;0;0;0;0;0;0;0;0;0;0;0;0;0;0;0;0;0;0;0;0;0;0;0;0;0;0;0;0;0;0;0;0;0;0;0;0;0;0;0
COOPERATIVA DE CRÉDITO RURAL E ECONOMIA COM INTERAÇÃO SOLIDÁRIA DE SÃO VALENTIM - CRESOL SÃO VALENTIM;3.015.152;b3S;I;2;S5;9;SAO VALENTIM;RS;03/2022;10.240;26;452;1.047;1.333;218;28;0;3.104;0;175;637;1.535;543;87;0;2.977;16;10;1.114;165;10;0;0;1.315;57;1.350;112;0;0;0;0;1.520;0;0;0;0;0;0;0;0;25;6;10;18;7;6;1;73;1;61;208;496;133;3;0;903;0;0;60;116;116;58;0;349;0;0;0;0;0;0;0;0;0
GOLDMAN SACHS;51.585;b2;C;3;S3;198;SAO PAULO;SP;03/2022;10.210;0;0;0;0;0;0;0;0;0;0;0;0;0;0;0;0;0;0;0;0;0;0;0;0;0;0;0;0;0;0;0;0;0;0;0;0;0;0;0;0;0;10.210;0;0;0;0;0;10.210;0;0;0;0;0;0;0;0;0;0;0;0;0;0;0;0;0;0;0;0;0;0;0;0;0
COOPERATIVA DE CRÉDITO DE LIVRE ADMISSÃO DE RORAIMA LTDA.;2.137.018;b3S;I;2;S5;9;BOA VISTA;RR;03/2022;10.179;6;1.062;3.556;2.740;232;0;0;7.597;0;222;594;1.165;162;0;0;2.143;12;291;65;0;0;0;0;369;0;0;0;0;0;0;0;0;0;0;0;0;0;0;0;0;66;4;0;0;0;0;0;70;0;0;0;0;0;0;0;0;0;0;0;0;0;0;0;0;0;0;0;0;0;0;0;0;0
COOPERATIVA DE CRÉDITO, POUPANÇA E INVESTIMENTO DOS MILITARES ESTADUAIS DO RIO GRANDE DO SUL - SICREDI MIL RS;3.212.823;b3S;I;2;S4;9;PORTO ALEGRE;RS;03/2022;9.822;10;381;1.071;1.674;102;0;0;3.237;0;107;408;1.029;725;1.026;0;3.295;0;133;81;0;0;0;0;213;0;69;3;0;0;0;0;72;0;0;0;0;0;0;0;0;17;233;263;466;433;1.592;0;3.005;0;0;0;0;0;0;0;0;0;0;0;0;0;0;0;0;0;0;0;0;0;0;0;0;0
COOPERATIVA DE CRÉDITO RURAL DE IRAÍ DE MINAS LTDA -SICOOB CREDIMIL;71.207.740;b3S;I;2;S5;9;IRAI DE MINAS;MG;03/2022;9.733;0;386;2.652;808;0;0;0;3.846;0;0;0;0;0;0;0;0;0;32;0;0;0;0;0;32;0;14;0;0;0;0;0;14;0;0;0;0;0;0;0;0;0;1.199;0;0;0;0;0;1.199;0;0;0;0;0;0;0;0;0;0;3.922;160;160;400;0;4.642;0;0;0;0;0;0;0;0;0
CREDISIS - CENTRAL DE COOPERATIVAS DE CRÉDITO LTDA.;4.632.856;b3C;I;2;S4;9;JI-PARANA;RO;03/2022;9.688;0;485;9.203;0;0;0;0;9.688;0;0;0;0;0;0;0;0;0;0;0;0;0;0;0;0;0;0;0;0;0;0;0;0;0;0;0;0;0;0;0;0;0;0;0;0;0;0;0;0;0;0;0;0;0;0;0;0;0;0;0;0;0;0;0;0;0;0;0;0;0;0;0;0;0
ASSOCIACAO DE POUPANCA E EMPRESTIMO - POUPEX;655.522;n1;I;2;S3;25;BRASILIA;DF;03/2022;9.508;0;0;0;0;0;0;0;0;0;0;0;0;0;0;0;0;0;0;0;0;0;0;0;0;0;0;0;0;0;0;0;0;0;0;0;0;0;0;0;0;0;0;0;0;0;0;0;0;0;0;0;0;0;0;0;0;0;0;0;0;0;0;0;0;0;0;0;9.508;0;0;0;9.508;0
PEAK SOCIEDADE DE EMPRÉSTIMO ENTRE PESSOAS S.A.;44.019.481;n1;I;2;S5;44;SAO PAULO;SP;03/2022;9.233;0;0;0;0;0;0;0;0;0;0;0;0;0;0;0;0;0;0;0;0;0;0;0;0;0;0;0;0;0;0;0;0;0;0;0;0;0;0;0;0;0;1.402;4.102;3.506;224;0;0;9.233;0;0;0;0;0;0;0;0;0;0;0;0;0;0;0;0;0;0;0;0;0;0;0;0;0
COOPERATIVA DE CRÉDITO DE LIVRE ADMISSÃO DO ESTADO DO PARÁ - SICOOB COOESA;83.836.114;b3S;I;2;S5;9;BELEM;PA;03/2022;9.061;223;719;1.904;2.269;51;0;0;5.166;0;122;310;477;33;0;0;942;334;315;512;0;0;0;0;1.161;397;1.068;134;0;0;0;0;1.599;0;0;0;0;0;0;0;0;185;8;0;0;0;0;0;193;0;0;0;0;0;0;0;0;0;0;0;0;0;0;0;0;0;0;0;0;0;0;0;0;0
COOPERATIVA DE CRÉDITO MÚTUO DOS CORRETORES DE SEGUROS DO ESTADO DE SÃO PAULO - SICOOB CREDICOR/SP;8.030.602;b3S;I;2;S5;9;SAO PAULO;SP;03/2022;8.847;240;1.765;2.620;2.276;33;0;0;6.933;0;50;146;318;14;0;0;528;3;870;0;0;0;0;0;873;252;96;165;0;0;0;0;513;0;0;0;0;0;0;0;0;0;0;0;0;0;0;0;0;0;0;0;0;0;0;0;0;0;0;0;0;0;0;0;0;0;0;0;0;0;0;0;0;0
COOPERATIVA CENTRAL DE CRÉDITO DO ESTADO DE SÃO PAULO - SICOOB SÃO PAULO;63.917.579;b3C;I;2;S4;9;RIBEIRAO PRETO;SP;03/2022;8.803;0;3.648;4.435;720;0;0;0;8.803;0;0;0;0;0;0;0;0;0;0;0;0;0;0;0;0;0;0;0;0;0;0;0;0;0;0;0;0;0;0;0;0;0;0;0;0;0;0;0;0;0;0;0;0;0;0;0;0;0;0;0;0;0;0;0;0;0;0;0;0;0;0;0;0;0
COOPERATIVA DE ECONOMIA E CRÉDITO MÚTUO DOS EMPREGADOS DA CENTRAIS ELÉTRICAS DE SANTA CATARINA - CREDELESC;8.850.613;b3S;I;2;S5;9;FLORIANOPOLIS;SC;03/2022;8.754;138;883;2.135;2.092;153;13;0;5.413;43;177;515;951;340;164;0;2.190;0;278;191;0;0;0;0;469;9;113;1;0;0;0;0;123;0;0;0;0;0;0;0;0;94;69;116;209;70;1;0;559;0;0;0;0;0;0;0;0;0;0;0;0;0;0;0;0;0;0;0;0;0;0;0;0;0
LEBES FINANCEIRA S.A. - CRÉDITO, FINANCIAMENTO E INVESTIMENTO;11.271.860;n1;I;2;S5;14;ELDORADO;RS;03/2022;8.741;0;8.741;0;0;0;0;0;8.741;0;0;0;0;0;0;0;0;0;0;0;0;0;0;0;0;0;0;0;0;0;0;0;0;0;0;0;0;0;0;0;0;0;0;0;0;0;0;0;0;0;0;0;0;0;0;0;0;0;0;0;0;0;0;0;0;0;0;0;0;0;0;0;0;0
COOPERATIVA DE CRÉDITO DOS MÉDICOS E PROFISSIONAIS DE SAÚDE DE SÃO LUÍS - SICREDI SÃO LUÍS;8.143.326;b3S;I;2;S5;9;SAO LUIS;MA;03/2022;8.677;11;689;1.799;2.165;188;0;0;4.852;0;160;458;523;72;0;0;1.213;6;945;201;51;0;0;0;1.204;35;312;11;0;0;0;0;357;0;0;0;0;0;0;0;0;175;602;210;64;0;0;0;1.051;0;0;0;0;0;0;0;0;0;0;0;0;0;0;0;0;0;0;0;0;0;0;0;0;0
COOPERATIVA DE CRÉDITO RURAL E ECONOMIA COM INTERAÇÃO SOLIDÁRIA DE JAGUARUNA - CRESOL JAGUARUNA;5.410.056;b3S;I;2;S5;9;JAGUARUNA;SC;03/2022;8.677;19;337;883;887;33;0;0;2.158;26;339;832;1.746;503;89;0;3.534;27;174;405;160;0;0;0;767;7;779;119;0;0;0;0;905;0;0;0;0;0;0;0;0;18;13;54;29;0;0;2;116;5;49;498;591;53;0;0;1.196;0;0;0;0;0;0;0;0;0;0;0;0;0;0;0;0;0
COOPERATIVA DE CRÉDITO SICOOB CREDCOOP LTDA.;2.528.151;b3S;I;2;S5;9;VITORIA DA CONQUISTA;BA;03/2022;8.575;197;879;1.997;2.895;496;0;0;6.464;19;93;221;537;152;0;0;1.022;119;293;0;1;0;0;0;412;56;343;14;0;0;0;0;412;0;0;0;0;0;0;0;0;192;72;0;0;0;0;0;264;0;0;0;0;0;0;0;0;0;0;0;0;0;0;0;0;0;0;0;0;0;0;0;0;0
COOPERATIVA DE CRÉDITO DOS MILITARES E DA SEGURANÇA PÚBLICA NO DISTRITO FEDERAL LTDA. - SICOOB DFMIL;4.649.337;b3S;I;2;S5;9;BRASILIA;DF;03/2022;8.439;14;302;861;1.758;648;35;0;3.618;0;393;1.102;1.926;795;170;0;4.387;0;379;14;0;0;0;0;392;0;0;0;0;0;0;0;0;0;0;0;0;0;0;0;0;35;8;0;0;0;0;0;42;0;0;0;0;0;0;0;0;0;0;0;0;0;0;0;0;0;0;0;0;0;0;0;0;0
COOPERATIVA DE CREDITO RURAL ASCOOB SISAL;63.229.629;b3S;I;2;S5;9;SERRINHA;BA;03/2022;8.316;131;621;1.714;1.324;160;0;0;3.951;28;387;909;1.094;421;8;0;2.846;35;2;8;405;1;0;0;451;25;526;32;0;0;0;0;584;0;0;0;0;0;0;0;0;115;64;80;135;85;0;5;484;0;0;0;0;0;0;0;0;0;0;0;0;0;0;0;0;0;0;0;0;0;0;0;0;0
COOPERATIVA DE CRÉDITO DE LIVRE ADMISSÃO DO BRASIL CENTRAL LTDA. - SICOOB EXECUTIVO;694.877;b3S;I;2;S5;9;BRASILIA;DF;03/2022;8.313;154;470;1.139;1.669;621;58;0;4.112;0;249;660;1.440;578;10;0;2.936;107;616;94;0;0;0;0;816;87;58;2;0;0;0;0;146;0;0;0;0;0;0;0;0;280;22;0;0;0;0;0;302;0;0;0;0;0;0;0;0;0;0;0;0;0;0;0;0;0;0;0;0;0;0;0;0;0
COOPERATIVA DE CRÉDITO RURAL COM INTERAÇÃO SOLIDÁRIA DE POUSO REDONDO - CRESOL POUSO REDONDO;10.453.077;b3S;I;2;S5;9;POUSO REDONDO;SC;03/2022;8.299;76;358;988;1.853;830;58;0;4.163;10;119;335;926;477;24;0;1.891;0;1;2;151;3;0;0;158;0;424;19;0;0;0;0;442;0;0;0;0;0;0;0;0;26;15;3;22;0;0;5;70;7;108;435;677;202;146;0;1.575;0;0;0;0;0;0;0;0;0;0;0;0;0;0;0;0;0
COOPERATIVA DE CREDITO RURAL E ECONOMIA COM INTERAÇÃO SOLIDARIA DE RIO FORTUNA - CRESOL RIO FORTUNA;7.958.405;b3S;I;2;S5;9;RIO FORTUNA;SC;03/2022;8.298;14;231;587;860;101;0;0;1.793;19;337;961;2.242;958;32;0;4.550;94;21;309;107;0;0;0;531;12;519;18;0;0;0;0;549;0;0;0;0;0;0;0;0;14;56;41;76;0;0;169;356;1;18;233;220;34;14;0;519;0;0;0;0;0;0;0;0;0;0;0;0;0;0;0;0;0
ZEMA CRÉDITO, FINANCIAMENTO E INVESTIMENTO S/A;5.351.887;n1;I;2;S4;14;ARAXA;MG;03/2022;8.122;0;30;80;74;0;0;0;183;38;69;160;111;0;0;0;378;0;0;0;0;0;0;0;0;0;1.807;4.302;1.452;0;0;0;7.561;0;0;0;0;0;0;0;0;0;0;0;0;0;0;0;0;0;0;0;0;0;0;0;0;0;0;0;0;0;0;0;0;0;0;0;0;0;0;0;0;0
COOPERATIVA DE CRÉDITO E ECONOMIA COM INTERAÇÃO SOLIDÁRIA DE XANXERÊ - CRESOL XANXERÊ;7.509.426;b3S;I;2;S5;9;XANXERE;SC;03/2022;8.068;14;282;754;1.738;715;31;0;3.534;6;145;388;1.090;699;181;0;2.509;0;0;453;65;0;0;0;518;0;519;42;0;0;0;0;561;0;0;0;0;0;0;0;0;15;13;15;7;0;0;1;51;0;13;378;244;4;3;0;642;0;0;252;0;0;0;0;252;0;0;0;0;0;0;0;0;0
COOPERATIVA DE ECONOMIA E CRÉDITO MÚTUO DE PRAIA GRANDE E REGIÃO - SICOOB COOPERACE;9.639.338;b3S;I;2;S5;9;PRAIA GRANDE;SP;03/2022;7.977;25;688;2.334;1.824;102;0;0;4.974;0;0;0;0;0;0;0;0;11;860;0;0;0;0;0;871;48;1.395;94;0;0;0;0;1.536;0;0;0;0;0;0;0;0;2;29;121;308;137;0;0;596;0;0;0;0;0;0;0;0;0;0;0;0;0;0;0;0;0;0;0;0;0;0;0;0;0
BANCO SOROCRED S.A. - BANCO MÚLTIPLO;4.814.563;b1;I;2;S4;8;BARUERI;SP;03/2022;7.969;663;1.121;2.557;2.837;565;0;0;7.745;0;16;66;138;5;0;0;225;0;0;0;0;0;0;0;0;0;0;0;0;0;0;0;0;0;0;0;0;0;0;0;0;0;0;0;0;0;0;0;0;0;0;0;0;0;0;0;0;0;0;0;0;0;0;0;0;0;0;0;0;0;0;0;0;0
COOPERATIVA DE CRÉDITO DOS INTEGRANTES DO MINISTÉRIO PÚBLICO E DO PODER JUDICIÁRIO NOS ESTADOS DO AMAPÁ E CEARÁ E LIVRE ADMISSÃO NO ESTADO DO PARÁ - SICOOB COIMPPA;84.156.470;b3S;I;2;S5;9;BELEM;PA;03/2022;7.947;148;830;2.184;2.737;126;71;0;6.097;61;72;220;643;155;0;0;1.150;192;210;0;0;0;0;0;402;0;115;0;0;0;0;0;115;0;0;0;0;0;0;0;0;179;5;0;0;0;0;0;184;0;0;0;0;0;0;0;0;0;0;0;0;0;0;0;0;0;0;0;0;0;0;0;0;0
GERENCIANET S.A.;9.089.356;n4;I;2;S5;41;OURO PRETO;MG;03/2022;7.940;0;0;0;0;0;0;0;0;0;0;0;0;0;0;0;0;0;0;0;0;0;0;0;0;0;0;0;0;0;0;0;0;0;0;0;0;0;0;0;0;0;5.527;2.411;2;0;0;0;7.940;0;0;0;0;0;0;0;0;0;0;0;0;0;0;0;0;0;0;0;0;0;0;0;0;0
COOPERATIVA DE CRÉDITO E ECONOMIA COM INTERAÇÃO SOLIDARIA DE PORTO XAVIER - CRESOL PORTO XAVIER;5.442.759;b3S;I;2;S5;9;PORTO XAVIER;RS;03/2022;7.721;56;543;1.239;1.375;193;1;0;3.408;0;211;575;1.637;685;127;0;3.236;0;46;284;54;0;0;0;383;0;153;35;0;0;0;0;187;0;0;0;0;0;0;0;0;22;12;2;0;0;0;1;37;4;55;129;257;23;2;0;470;0;0;0;0;0;0;0;0;0;0;0;0;0;0;0;0;0
COOPERATIVA DE ECONOMIA E CRÉDITO MÚTUO DOS FUNCIONÁRIOS DA CEPLAC LTDA. - SICOOB COOPEC;32.615.247;b3S;I;2;S5;9;ITABUNA;BA;03/2022;7.515;185;524;1.533;2.394;370;0;0;5.007;12;131;367;926;265;4;0;1.706;140;308;61;0;0;0;0;510;63;60;3;0;0;0;0;126;0;0;0;0;0;0;0;0;159;6;0;0;0;0;0;166;0;0;0;0;0;0;0;0;0;0;0;0;0;0;0;0;0;0;0;0;0;0;0;0;0
COOPERATIVA DE CRÉDITO MÚTUO DOS PROFISSIONAIS DA SAÚDE E LIVRE ADMISSÃO DE TEÓFILO OTONI LTDA. - UNICRED TRÊS VALES;1.709.266;b3S;I;2;S5;9;TEOFILO OTONI;MG;03/2022;7.441;25;669;1.581;1.869;299;114;0;4.557;0;181;429;752;246;256;0;1.864;0;145;109;0;0;0;0;253;0;385;33;0;0;0;0;418;0;0;0;0;0;0;0;0;18;41;104;165;22;0;0;350;0;0;0;0;0;0;0;0;0;0;0;0;0;0;0;0;0;0;0;0;0;0;0;0;0
COOPERATIVA DE CRÉDITO DE LIVRE ADMISSÃO DE ASSOCIADOS LTDA. - SICOOB JUDICIÁRIO;37.076.205;b3S;I;2;S5;9;BRASILIA;DF;03/2022;7.294;78;706;1.840;2.951;1.429;149;0;7.152;0;0;0;0;0;0;0;0;21;20;49;0;0;0;0;90;0;25;0;0;0;0;0;25;0;0;0;0;0;0;0;0;26;0;0;0;0;0;0;26;0;0;0;0;0;0;0;0;0;0;0;0;0;0;0;0;0;0;0;0;0;0;0;0;0
COOPERATIVA DE CRÉDITO RURAL E ECONOMIA COM INTERAÇÃO SOLIDÁRIA DE JACUTINGA - CRESOL JACUTINGA;2.904.125;b3S;I;2;S5;9;JACUTINGA;RS;03/2022;7.111;38;397;992;1.376;93;14;0;2.910;6;174;459;1.125;575;36;0;2.376;0;1;661;179;0;0;0;841;4;645;23;0;0;0;0;672;0;0;0;0;0;0;0;0;6;1;0;0;0;0;2;10;0;52;161;69;13;7;0;302;0;0;0;0;0;0;0;0;0;0;0;0;0;0;0;0;0
COOPERATIVA DE ECONOMIA E CRÉDITO MÚTUO SICOOB CRED-ACILPA;9.004.796;b3S;I;2;S5;9;LENCOIS PAULISTA;SP;03/2022;7.043;15;963;1.829;1.766;292;165;0;5.031;0;35;102;288;40;0;0;465;14;271;205;0;0;0;0;489;11;1.013;15;0;0;0;0;1.039;0;0;0;0;0;0;0;0;14;6;0;0;0;0;0;19;0;0;0;0;0;0;0;0;0;0;0;0;0;0;0;0;0;0;0;0;0;0;0;0;0
COOPERATIVA DE CRÉDITO DE LIVRE ADMISSÃO DA REGIÃO SUL DO MARANHÃO - SICREDI SUL DO MARANHÃO;26.191.078;b3S;I;2;S5;9;IMPERATRIZ;MA;03/2022;7.023;0;400;1.208;1.593;326;0;0;3.527;1;179;504;1.145;380;0;0;2.209;14;71;0;0;0;0;0;85;72;328;30;0;0;0;0;430;0;0;0;0;0;0;0;0;32;459;206;75;0;0;0;772;0;0;0;0;0;0;0;0;0;0;0;0;0;0;0;0;0;0;0;0;0;0;0;0;0
COOPERATIVA DE CRÉDITO RURAL E ECONOMIA COM INTERAÇÃO SOLIDÁRIA DE GETÚLIO VARGAS - CRESOL GETÚLIO VARGAS;5.241.145;b3S;I;2;S5;9;GETULIO VARGAS;RS;03/2022;6.905;70;402;919;1.608;231;20;0;3.251;0;137;350;808;601;754;0;2.650;0;10;537;90;0;0;0;638;0;286;15;0;0;0;0;301;0;0;0;0;0;0;0;0;0;2;1;0;0;0;1;4;0;8;9;22;18;5;0;62;0;0;0;0;0;0;0;0;0;0;0;0;0;0;0;0;0
NUBANK;52.058;n1;C;2;S3;197;SAO PAULO;SP;03/2022;6.787;0;0;0;0;0;0;0;0;0;0;0;0;0;0;0;0;0;0;0;0;0;0;0;0;0;0;0;0;0;0;0;0;0;0;0;0;0;0;0;0;2.743;3.455;569;20;0;0;0;6.787;0;0;0;0;0;0;0;0;0;0;0;0;0;0;0;0;0;0;0;0;0;0;0;0;0
COOPERATIVA DE CRÉDITO RURAL E ECONOMIA COM INTERAÇÃO SOLIDÁRIA DE JACINTO MACHADO - CRESOL JACINTO MACHADO;9.463.721;b3S;I;2;S5;9;JACINTO MACHADO;SC;03/2022;6.748;11;204;561;781;92;0;0;1.649;12;316;828;1.195;297;44;0;2.691;0;24;220;95;0;0;0;339;0;1.540;158;0;0;0;0;1.698;0;0;0;0;0;0;0;0;12;27;15;12;0;0;7;72;0;0;199;100;0;0;0;299;0;0;0;0;0;0;0;0;0;0;0;0;0;0;0;0;0
COOPERATIVA DE CRÉDITO RURAL E ECONOMIA COM INTERAÇÃO SOLIDÁRIA DE ÁUREA - CRESOL ÁUREA;2.904.138;b3S;I;2;S5;9;AUREA;RS;03/2022;6.686;32;499;1.332;1.742;10;0;0;3.616;8;99;275;593;516;200;0;1.690;0;25;59;202;10;0;0;296;6;298;11;0;0;0;0;314;0;0;0;0;0;0;0;0;684;50;11;5;0;0;0;750;0;0;4;8;6;0;0;18;0;0;0;0;0;0;0;0;0;0;0;0;0;0;0;0;0
CREDIALIANÇA COOPERATIVA DE CRÉDITO RURAL;78.157.146;b3S;I;2;S5;9;ROLANDIA;PR;03/2022;6.683;0;226;2.045;31;0;0;0;2.302;0;618;619;2.152;969;0;0;4.358;0;0;23;0;0;0;0;23;0;0;0;0;0;0;0;0;0;0;0;0;0;0;0;0;0;0;0;0;0;0;0;0;0;0;0;0;0;0;0;0;0;0;0;0;0;0;0;0;0;0;0;0;0;0;0;0;0
PARANÁ BANCO;30.881;b1;C;2;S4;199;CURITIBA;PR;03/2022;6.546;59;716;3.629;1.328;115;0;0;5.847;0;0;0;0;0;0;0;0;16;315;367;0;0;0;0;699;0;0;0;0;0;0;0;0;0;0;0;0;0;0;0;0;0;0;0;0;0;0;0;0;0;0;0;0;0;0;0;0;0;0;0;0;0;0;0;0;0;0;0;0;0;0;0;0;0
COOPERATIVA DE CRÉDITO E ECONOMIA COM INTERAÇÃO SOLIDÁRIA CRESOL VALE;7.320.890;b3S;I;2;S5;9;VITOR MEIRELES;SC;03/2022;6.518;14;172;469;744;362;97;0;1.857;0;127;347;1.018;571;183;0;2.247;2;2;970;71;0;0;0;1.045;0;240;48;0;0;0;0;288;0;0;0;0;0;0;0;0;10;4;0;0;0;0;1;15;2;27;506;494;34;3;0;1.065;0;0;0;0;0;0;0;0;0;0;0;0;0;0;0;0;0
MEDCRED COOPERATIVA DE CRÉDITO;3.575.699;b3S;I;2;S5;9;RIBEIRAO PRETO;SP;03/2022;6.266;7;485;1.423;2.411;870;128;0;5.324;0;103;249;310;67;0;0;729;9;65;0;0;0;0;0;74;0;0;0;0;0;0;0;0;0;0;0;0;0;0;0;0;9;27;56;48;0;0;0;140;0;0;0;0;0;0;0;0;0;0;0;0;0;0;0;0;0;0;0;0;0;0;0;0;0
COOPERATIVA DE CRÉDITO E ECONOMIA COM INTERAÇÃO SOLIDÁRIA - CRESOL INOVAÇÃO;5.070.112;b3S;I;2;S5;9;CORONEL MARTINS;SC;03/2022;6.145;30;363;645;863;75;0;0;1.976;21;69;166;397;366;215;0;1.234;0;0;185;74;0;0;0;258;33;214;66;0;0;0;0;313;0;0;0;0;0;0;0;0;8;22;0;0;0;0;8;38;0;101;604;1.036;460;124;0;2.325;0;0;0;0;0;0;0;0;0;0;0;0;0;0;0;0;0
COOPERATIVA DE CRÉDITO E ECONOMIA COM INTERAÇÃO SOLIDÁRIA DE FORMOSA DO SUL - CRESOL FORMOSA;5.269.976;b3S;I;2;S5;9;FORMOSA DO SUL;SC;03/2022;6.093;12;161;371;512;3;0;0;1.060;1;190;476;1.249;1.005;1.142;0;4.062;0;5;33;108;0;0;0;147;2;196;58;0;0;0;0;255;0;0;0;0;0;0;0;0;10;7;14;7;0;0;2;41;0;20;163;241;96;6;0;527;0;0;0;0;0;0;0;0;0;0;0;0;0;0;0;0;0
COOPERATIVA DE CRÉDITO E INVESTIMENTOS DO ACRE - SICOOB ACRE;3.528.402;b3S;I;2;S5;9;RIO BRANCO;AC;03/2022;5.924;260;541;1.116;498;6;0;0;2.422;0;0;0;0;0;0;0;0;205;1.304;223;0;0;3;0;1.735;39;0;0;0;0;0;0;39;0;0;0;0;0;0;0;0;1.467;261;0;0;0;0;0;1.727;0;0;0;0;0;0;0;0;0;0;0;0;0;0;0;0;0;0;0;0;0;0;0;0;0
SIMPALA S.A. CRÉDITO, FINANCIAMENTO E INVESTIMENTO;34.991.938;n1;I;2;S4;14;PORTO ALEGRE;RS;03/2022;5.763;0;0;0;0;0;0;0;0;189;487;1.006;1.329;81;0;0;3.093;0;0;0;0;0;0;0;0;0;0;0;0;0;0;0;0;0;0;0;0;0;0;0;0;0;0;0;0;0;0;0;0;21;589;1.042;852;166;0;0;2.670;0;0;0;0;0;0;0;0;0;0;0;0;0;0;0;0;0
COOPERATIVA DE CREDITO E ECONOMIA COM INTERAÇÃO SOLIDARIA DE QUILOMBO - CRESOL QUILOMBO;73.254.757;b3S;I;2;S5;9;QUILOMBO;SC;03/2022;5.721;11;159;418;687;72;65;0;1.413;7;182;517;1.378;744;106;0;2.934;7;174;274;66;3;0;0;523;7;25;0;0;0;0;0;32;0;0;0;0;0;0;0;0;11;1;32;67;74;0;1;186;0;17;326;243;44;4;0;634;0;0;0;0;0;0;0;0;0;0;0;0;0;0;0;0;0
COOPERATIVA DE CRÉDITO DE SÃO FRANCISCO DE SALES LTDA. - SICOOB CREDISALES;1.374.196;b3S;I;2;S5;9;SAO FRANCISCO DE SALES;MG;03/2022;5.557;13;600;1.505;1.400;238;639;0;4.395;0;15;48;141;38;0;0;243;0;202;39;0;0;0;0;240;0;667;4;0;0;0;0;671;0;0;0;0;0;0;0;0;0;3;0;0;0;0;0;3;5;0;0;0;0;0;0;5;0;0;0;0;0;0;0;0;0;0;0;0;0;0;0;0;0
CF GROUP SOCIEDADE DE EMPRÉSTIMO ENTRE PESSOAS S.A.;41.349.521;n1;I;2;S5;44;PORTO ALEGRE;RS;03/2022;5.520;0;0;0;0;0;0;0;0;0;388;2.241;2.891;0;0;0;5.520;0;0;0;0;0;0;0;0;0;0;0;0;0;0;0;0;0;0;0;0;0;0;0;0;0;0;0;0;0;0;0;0;0;0;0;0;0;0;0;0;0;0;0;0;0;0;0;0;0;0;0;0;0;0;0;0;0
BIORC FINANCEIRA - CRÉDITO, FINANCIAMENTO E INVESTIMENTO S.A.;11.285.104;n1;I;2;S5;14;FLORIANOPOLIS;SC;03/2022;5.483;506;998;1.800;1.344;114;0;0;4.762;0;0;0;0;0;0;0;0;0;0;0;0;0;0;0;0;462;210;50;0;0;0;0;721;0;0;0;0;0;0;0;0;0;0;0;0;0;0;0;0;0;0;0;0;0;0;0;0;0;0;0;0;0;0;0;0;0;0;0;0;0;0;0;0;0
UP.P SOCIEDADE DE EMPRÉSTIMO ENTRE PESSOAS S.A.;35.977.097;n1;I;2;S5;44;SAO PAULO;SP;03/2022;5.436;1.078;285;403;553;147;0;0;2.466;57;714;862;1.167;0;0;0;2.800;0;0;0;0;0;0;0;0;0;0;0;0;0;0;0;0;0;0;0;0;0;0;0;0;0;29;83;59;0;0;0;170;0;0;0;0;0;0;0;0;0;0;0;0;0;0;0;0;0;0;0;0;0;0;0;0;0
SOCRED S.A. - SOCIEDADE DE CRÉDITO AO MICROEMPREENDEDOR E À EMPRESA DE PEQUENO PORTE;9.210.106;n1;I;2;S5;10;BELEM;PA;03/2022;5.182;477;981;1.034;280;20;0;0;2.792;0;0;0;0;0;0;0;0;0;0;0;0;0;0;0;0;50;702;142;0;0;0;0;894;0;0;0;0;0;0;0;0;0;0;0;0;0;0;0;0;509;583;405;0;0;0;0;1.497;0;0;0;0;0;0;0;0;0;0;0;0;0;0;0;0;0
COOPERATIVA DE CRÉDITO DOS SERVIDORES DA UNIÃO, EMPRESÁRIOS, PROFISSIONAIS AUTÔNOMOS E LIBERAIS - SICOOB CENTRO NORDESTE;3.102.185;b3S;I;2;S5;9;JOAO PESSOA;PB;03/2022;5.159;6;248;793;1.561;440;3;0;3.051;0;72;264;846;725;40;0;1.948;10;46;35;8;0;0;0;99;3;22;18;0;0;0;0;43;0;0;0;0;0;0;0;0;17;1;0;0;0;0;0;18;0;0;0;0;0;0;0;0;0;0;0;0;0;0;0;0;0;0;0;0;0;0;0;0;0
SICOOB UNISP - COOPERATIVA DE CRÉDITO;74.220.948;b3S;I;2;S5;9;PRESIDENTE PRUDENTE;SP;03/2022;5.022;2;121;304;628;69;47;0;1.171;0;177;485;870;617;1.320;0;3.468;26;257;61;0;0;0;0;345;0;32;2;0;0;0;0;33;0;0;0;0;0;0;0;0;5;0;0;0;0;0;0;5;0;0;0;0;0;0;0;0;0;0;0;0;0;0;0;0;0;0;0;0;0;0;0;0;0
COOPERATIVA DE CRÉDITO, POUPANÇA E INVESTIMENTO DOS ESCRIVÃES, NOTÁRIOS E REGISTRADORES NO ESTADO DO PARANÁ - SICREDI CREDENOREG PR;6.078.926;b3S;I;2;S4;9;CURITIBA;PR;03/2022;5.018;4;1.088;1.999;543;22;0;0;3.654;0;48;76;12;0;0;0;135;15;427;0;0;0;0;0;443;0;0;0;0;0;0;0;0;0;0;0;0;0;0;0;0;26;249;171;236;104;0;0;785;0;0;0;0;0;0;0;0;0;0;0;0;0;0;0;0;0;0;0;0;0;0;0;0;0
COOPERATIVA DE CRÉDITO E ECONOMIA COM INTERAÇÃO SOLIDÁRIA DE CORONEL FREITAS - CRESOL CORONEL FREITAS;8.647.473;b3S;I;2;S5;9;CORONEL FREITAS;SC;03/2022;4.996;14;91;404;413;121;0;0;1.042;4;105;290;874;465;113;0;1.850;0;27;36;34;0;0;0;97;28;683;9;0;0;0;0;720;0;0;0;0;0;0;0;0;7;4;0;0;0;0;8;19;13;103;437;632;71;12;0;1.268;0;0;0;0;0;0;0;0;0;0;0;0;0;0;0;0;0
MERCADO CRÉDITO SOCIEDADE DE CRÉDITO, FINANCIAMENTO E INVESTIMENTO S.A.;37.679.449;n1;I;2;S4;14;OSASCO;SP;03/2022;4.976;0;2.359;1.154;1.450;0;0;0;4.963;0;13;0;0;0;0;0;13;0;0;0;0;0;0;0;0;0;0;0;0;0;0;0;0;0;0;0;0;0;0;0;0;0;0;0;0;0;0;0;0;0;0;0;0;0;0;0;0;0;0;0;0;0;0;0;0;0;0;0;0;0;0;0;0;0
COOPERATIVA DE CRÉDITO SICOOB ITAPAGIPE LTDA - SICOOB ITAPAGIPE;71.506.513;b3S;I;2;S5;9;ITAPAGIPE;MG;03/2022;4.884;20;344;1.002;1.022;103;0;0;2.491;0;147;396;645;106;0;0;1.294;19;187;55;0;0;0;0;261;0;697;120;0;0;0;0;817;0;0;0;0;0;0;0;0;13;9;0;0;0;0;0;21;0;0;0;0;0;0;0;0;0;0;0;0;0;0;0;0;0;0;0;0;0;0;0;0;0
COOPERATIVA DE ECONOMIA E CRÉDITO MÚTUO DOS CONTABILISTAS E CORRETORES DE SEGUROS DA GRANDE BELO HORIZONTE LTDA. - SICOOB CREDITABIL;2.217.068;b3S;I;2;S5;9;BELO HORIZONTE;MG;03/2022;4.769;210;547;1.281;1.491;120;0;0;3.648;0;0;0;0;0;0;0;0;158;555;0;0;0;0;0;713;0;163;2;0;0;0;0;165;0;0;0;0;0;0;0;0;225;17;0;0;0;0;0;242;0;0;0;0;0;0;0;0;0;0;0;0;0;0;0;0;0;0;0;0;0;0;0;0;0
COOPERATIVA DE CRÉDITO, POUPANÇA E INVESTIMENTO DOS PROFISSIONAIS MÉDICOS E DA SAÚDE DE CURITIBA E REGIÃO METROPOLITANA - SICREDI MEDICRED PR;2.924.977;b3S;I;2;S4;9;CURITIBA;PR;03/2022;4.723;6;391;859;1.533;223;0;0;3.012;0;20;19;12;0;0;0;51;6;125;144;0;0;0;0;275;0;102;16;0;0;0;0;118;0;0;0;0;0;0;0;0;18;226;282;563;119;51;0;1.260;0;1;4;1;0;0;0;7;0;0;0;0;0;0;0;0;0;0;0;0;0;0;0;0;0
COOPERATIVA DE CRÉDITO, POUPANÇA E INVESTIMENTO DOS ADVOGADOS E SERVENTUÁRIOS DO PODER JUDICIÁRIO NO ESTADO DO RIO GRANDE DO SUL - SICREDI COOABCRED RS;19.962.468;b3S;I;2;S4;9;PORTO ALEGRE;RS;03/2022;4.696;21;425;1.127;1.207;9;0;0;2.790;0;69;248;447;159;48;0;972;18;123;0;0;0;0;0;140;0;33;2;0;0;0;0;35;0;0;0;0;0;0;0;0;15;266;180;174;57;68;0;759;0;0;0;0;0;0;0;0;0;0;0;0;0;0;0;0;0;0;0;0;0;0;0;0;0
COOPERATIVA DE ECONOMIA E CRÉDITO MÚTUO DOS EMPRESÁRIOS DE ITAPETININGA - SICOOB CRED-ACI;8.844.074;b3S;I;2;S5;9;ITAPETININGA;SP;03/2022;4.629;20;669;1.179;1.133;108;0;0;3.110;0;92;238;549;145;0;0;1.024;0;351;0;0;0;0;0;351;0;134;7;0;0;0;0;140;0;0;0;0;0;0;0;0;4;0;0;0;0;0;0;4;0;0;0;0;0;0;0;0;0;0;0;0;0;0;0;0;0;0;0;0;0;0;0;0;0
VIA CERTA FINANCIADORA S.A. - CRÉDITO, FINANCIAMENTO E INVESTIMENTOS;5.192.316;n1;I;2;S4;14;SANTO CRISTO;RS;03/2022;4.482;37;70;103;29;0;0;0;239;0;0;0;0;0;0;0;0;0;0;0;0;0;0;0;0;23;3.413;436;0;0;0;0;3.872;0;0;0;0;0;0;0;0;182;160;29;0;0;0;0;371;0;0;0;0;0;0;0;0;0;0;0;0;0;0;0;0;0;0;0;0;0;0;0;0;0
SOCIALCRED S/A - SOCIEDADE DE CRÉDITO AO MICROEMPREENDEDOR E À EMPRESA DE PEQUENO PORTE;4.316.357;n1;I;2;S5;10;RIO DE JANEIRO;RJ;03/2022;4.349;41;200;290;285;238;407;0;1.461;0;9;0;0;0;0;0;9;0;0;0;0;0;0;0;0;6;2.727;147;0;0;0;0;2.880;0;0;0;0;0;0;0;0;0;0;0;0;0;0;0;0;0;0;0;0;0;0;0;0;0;0;0;0;0;0;0;0;0;0;0;0;0;0;0;0;0
AGENCIA DE FOMENTO DO AMAPA S.A.;2.929.977;n1;I;1;S4;30;MACAPA;AP;03/2022;4.096;0;0;0;0;0;0;0;0;111;496;1.243;1.483;495;14;0;3.841;0;0;0;0;0;0;0;0;0;0;0;0;0;0;0;0;0;0;0;0;0;0;0;0;0;0;0;0;0;0;0;0;3;2;5;125;120;0;0;255;0;0;0;0;0;0;0;0;0;0;0;0;0;0;0;0;0
COMPANHIA HIPOTECÁRIA PIRATINI - CHP;18.282.093;n1;I;2;S4;29;PORTO ALEGRE;RS;03/2022;3.861;0;0;0;0;0;0;0;0;0;82;209;200;0;0;0;491;0;0;0;0;0;0;0;0;0;0;0;0;0;0;0;0;0;0;0;0;0;0;0;0;36;325;1.284;1.725;0;0;0;3.370;0;0;0;0;0;0;0;0;0;0;0;0;0;0;0;0;0;0;0;0;0;0;0;0;0
COOPERATIVA DE CREDITO RURAL E ECONOMIA COM INTERAÇÃO SOLIDARIA DE TREZE DE MAIO - CRESOL TREZE DE MAIO;9.330.158;b3S;I;2;S5;9;TREZE DE MAIO;SC;03/2022;3.818;1;40;162;215;0;0;0;418;0;44;87;214;73;0;0;419;0;0;0;54;0;0;0;54;0;196;97;0;0;0;0;293;0;0;0;0;0;0;0;0;2;2;1;0;0;0;3;7;10;153;724;1.282;457;2;0;2.628;0;0;0;0;0;0;0;0;0;0;0;0;0;0;0;0;0
COOPERATIVA DE CRÉDITO SICOOB COOPMIL;62.673.470;b3S;I;2;S4;9;SAO PAULO;SP;03/2022;3.785;90;390;1.223;1.508;205;0;0;3.415;0;4;10;33;14;0;0;60;44;179;0;0;0;0;0;223;0;22;1;0;0;0;0;23;0;0;0;0;0;0;0;0;55;9;0;0;0;0;0;63;0;0;0;0;0;0;0;0;0;0;0;0;0;0;0;0;0;0;0;0;0;0;0;0;0
COOPERATIVA DE CRÉDITO SICREDI PERNAMBUCRED;4.146.333;b3S;I;2;S5;9;RECIFE;PE;03/2022;3.777;18;302;789;992;46;0;0;2.146;0;43;134;349;286;0;0;812;6;364;10;0;0;0;0;381;0;0;0;0;0;0;0;0;0;0;0;0;0;0;0;0;30;303;104;1;0;0;0;437;0;0;0;0;0;0;0;0;0;0;0;0;0;0;0;0;0;0;0;0;0;0;0;0;0
COOPERATIVA DE CRÉDITO E SERVIÇOS FINANCEIROS DE CURITIBA E REGIÃO METROPOLITANA;5.097.757;b3S;I;2;S5;9;CURITIBA;PR;03/2022;3.747;15;1.153;782;763;6;0;0;2.719;0;0;0;0;0;0;0;0;0;0;490;0;0;0;0;490;0;480;60;0;0;0;0;539;0;0;0;0;0;0;0;0;0;0;0;0;0;0;0;0;0;0;0;0;0;0;0;0;0;0;0;0;0;0;0;0;0;0;0;0;0;0;0;0;0
HS FINANCEIRA S/A CREDITO, FINANCIAMENTO E INVESTIMENTOS;7.512.441;n1;I;2;S4;14;DOIS IRMAOS;RS;03/2022;3.717;0;0;0;0;0;0;0;0;0;0;0;0;0;0;0;0;0;0;0;0;0;0;0;0;0;3.159;558;0;0;0;0;3.717;0;0;0;0;0;0;0;0;0;0;0;0;0;0;0;0;0;0;0;0;0;0;0;0;0;0;0;0;0;0;0;0;0;0;0;0;0;0;0;0;0
COOPERATIVA DE ECONOMIA CRÉDITO MÚTUO - SICOOB CREDSAÚDE;2.072.790;b3S;I;2;S5;9;PIRACICABA;SP;03/2022;3.664;14;285;1.140;1.098;447;0;0;2.984;0;23;49;60;6;0;0;138;0;284;0;9;0;0;0;293;0;213;27;0;0;0;0;240;0;0;0;0;0;0;0;0;7;2;0;0;0;0;0;9;0;0;0;0;0;0;0;0;0;0;0;0;0;0;0;0;0;0;0;0;0;0;0;0;0
COOPERATIVA DE CRÉDITO RURAL  E ECONOMIA COM INTERAÇÃO SOLIDÁRIA DE ITATIBA DO SUL - CRESOL ITATIBA DO SUL;5.745.533;b3S;I;2;S5;9;ITATIBA DO SUL;RS;03/2022;3.588;42;119;228;294;12;0;0;696;31;115;314;750;178;0;0;1.387;12;89;67;119;6;0;0;293;0;156;5;0;0;0;0;161;0;0;0;0;0;0;0;0;5;3;7;19;0;0;0;35;9;80;237;529;117;45;0;1.016;0;0;0;0;0;0;0;0;0;0;0;0;0;0;0;0;0
SOLUÇÃO FINANÇAS SOCIEDADE DE CRÉDITO DIRETO S.A.;37.134.759;n1;I;2;S5;43;BELO HORIZONTE;MG;03/2022;3.464;0;295;334;361;65;0;0;1.055;0;382;910;1.042;75;0;0;2.410;0;0;0;0;0;0;0;0;0;0;0;0;0;0;0;0;0;0;0;0;0;0;0;0;0;0;0;0;0;0;0;0;0;0;0;0;0;0;0;0;0;0;0;0;0;0;0;0;0;0;0;0;0;0;0;0;0
COOPERATIVA DE CREDITO RURAL E ECONOMIA COM INTERAÇÃO SOLIDARIA DE SÃO JOÃO DO SUL - CRESOL SÃO JOÃO DO SUL;9.488.496;b3S;I;2;S5;9;SAO JOAO DO SUL;SC;03/2022;3.414;11;138;308;213;44;0;0;714;0;174;457;754;136;0;0;1.521;0;61;371;28;0;0;0;460;3;446;16;0;0;0;0;464;0;0;0;0;0;0;0;0;0;13;12;58;0;0;3;86;0;0;114;55;0;0;0;169;0;0;0;0;0;0;0;0;0;0;0;0;0;0;0;0;0
COOPERATIVA DE CRÉDITO CREDIPIMENTA LTDA. - SICOOB CREDIPIMENTA;42.934.794;b3S;I;2;S5;9;PIMENTA;MG;03/2022;3.268;4;322;792;707;58;1;0;1.883;0;56;162;275;51;0;0;544;2;276;57;0;0;0;0;335;0;497;1;0;0;0;0;498;0;0;0;0;0;0;0;0;4;5;0;0;0;0;0;9;0;0;0;0;0;0;0;0;0;0;0;0;0;0;0;0;0;0;0;0;0;0;0;0;0
COOPERATIVA DE CRÉDITO DOS SERVIDORES DOS PODERES LEGISLATIVOS DO ESTADO DE MINAS GERAIS E DO SEU ÓRGÃO AUXILIAR LTDA. - SICOOB COFAL;21.797.311;b3S;I;2;S5;9;BELO HORIZONTE;MG;03/2022;3.265;5;256;785;1.509;316;0;0;2.870;0;0;0;0;0;0;0;0;0;314;79;0;0;0;0;393;0;0;0;0;0;0;0;0;0;0;0;0;0;0;0;0;0;2;0;0;0;0;0;2;0;0;0;0;0;0;0;0;0;0;0;0;0;0;0;0;0;0;0;0;0;0;0;0;0
HSCM - SOCIEDADE DE CRÉDITO AO MICROEMPREENDEDOR E À EMPRESA DE PEQUENO PORTE LTDA.;7.693.858;n1;I;2;S5;10;IBIA;MG;03/2022;3.205;211;236;63;57;11;0;0;578;0;0;0;0;0;0;0;0;0;0;0;0;0;0;0;0;220;2.193;215;0;0;0;0;2.627;0;0;0;0;0;0;0;0;0;0;0;0;0;0;0;0;0;0;0;0;0;0;0;0;0;0;0;0;0;0;0;0;0;0;0;0;0;0;0;0;0
COOPERATIVA DE ECONOMIA E CRÉDITO MÚTUO DOS SERVIDORES DA UNIVERSIDADE FEDERAL DE VIÇOSA LTDA. - SICOOB UFVCREDI;2.794.761;b3S;I;2;S5;9;VICOSA;MG;03/2022;3.203;50;189;477;1.084;466;11;0;2.278;11;32;91;257;165;0;0;555;46;54;13;0;0;0;0;112;80;87;23;0;0;0;0;191;0;0;0;0;0;0;0;0;65;2;0;0;0;0;0;67;0;0;0;0;0;0;0;0;0;0;0;0;0;0;0;0;0;0;0;0;0;0;0;0;0
COOPERATIVA DE CRÉDITO MÚTUO DO ABC - COOPER 7;4.414.354;b3S;I;2;S5;9;SAO BERNARDO DO CAMPO;SP;03/2022;3.014;111;574;1.265;764;97;2;0;2.812;0;0;0;0;0;0;0;0;62;134;0;0;0;0;0;196;0;0;0;0;0;0;0;0;0;0;0;0;0;0;0;0;5;1;0;0;0;0;0;6;0;0;0;0;0;0;0;0;0;0;0;0;0;0;0;0;0;0;0;0;0;0;0;0;0
COOPERATIVA DE CREDITO RURAL DE GUACUI - CREDIGUAÇUÍ;32.422.628;b3S;I;2;S5;9;GUACUI;ES;03/2022;2.868;128;474;602;95;0;0;0;1.298;0;0;0;0;0;0;0;0;0;1.326;0;0;0;0;0;1.326;41;120;13;0;0;0;0;175;0;0;0;0;0;0;0;0;17;51;0;0;0;0;0;69;0;0;0;0;0;0;0;0;0;0;0;0;0;0;0;0;0;0;0;0;0;0;0;0;0
COOPERATIVA DE CRÉDITO RURAL DE PEQUENOS AGRICULTORES E DA REFORMA AGRÁRIA DO CENTRO OESTE DO PARANÁ - CREHNOR LARANJEIRAS;1.330.387;b3S;I;2;S5;9;LARANJEIRAS DO SUL;PR;03/2022;2.826;21;1.135;1.169;365;8;0;0;2.699;0;3;8;2;0;0;0;13;0;5;45;0;0;0;0;50;0;8;0;0;0;0;0;8;0;0;0;0;0;0;0;0;13;3;12;28;0;0;0;56;0;0;0;0;0;0;0;0;0;0;0;0;0;0;0;0;0;0;0;0;0;0;0;0;0
COOPERATIVA DE ECONOMIA E CRÉDITO MÚTUO DOS FABRICANTES DE CALÇADOS DE SAPIRANGA LTDA.;5.841.967;b3S;I;2;S5;9;SAPIRANGA;RS;03/2022;2.463;120;47;28;0;0;0;0;195;52;247;538;475;0;0;0;1.312;0;22;29;268;0;0;0;319;0;431;0;0;0;0;0;431;0;0;0;0;0;0;0;0;11;196;0;0;0;0;0;207;0;0;0;0;0;0;0;0;0;0;0;0;0;0;0;0;0;0;0;0;0;0;0;0;0
COOPERATIVA DE CRÉDITO RURAL DO SERTÃO ALAGOANO ASCOOB COCREAL;7.564.184;b3S;I;2;S5;9;PAO DE ACUCAR;AL;03/2022;2.446;19;186;409;716;102;0;0;1.432;10;29;79;137;42;0;0;296;0;0;0;106;0;0;0;107;0;61;0;0;0;0;0;61;0;0;0;0;0;0;0;0;26;226;140;68;90;0;1;551;0;0;0;0;0;0;0;0;0;0;0;0;0;0;0;0;0;0;0;0;0;0;0;0;0
COOPERATIVA DE CRÉDITO E INVESTIMENTOS DE RONDÔNIA - SICOOB CREDJURD;4.751.713;b3S;I;2;S5;9;PORTO VELHO;RO;03/2022;2.437;31;184;845;752;181;8;0;2.002;0;22;62;190;86;0;0;361;7;37;0;0;0;0;0;44;0;8;0;0;0;0;0;8;0;0;0;0;0;0;0;0;17;6;0;0;0;0;0;23;0;0;0;0;0;0;0;0;0;0;0;0;0;0;0;0;0;0;0;0;0;0;0;0;0
COOPERATIVA DE CRÉDITO DE LIVRE ADMISSÃO LTDA. - SICOOB CREDIJUSTRA;37.079.720;b3S;I;2;S5;9;BRASILIA;DF;03/2022;2.420;0;666;504;608;76;0;0;1.854;0;28;78;226;177;2;0;511;2;38;0;0;0;0;0;40;0;0;0;0;0;0;0;0;0;0;0;0;0;0;0;0;15;0;0;0;0;0;0;15;0;0;0;0;0;0;0;0;0;0;0;0;0;0;0;0;0;0;0;0;0;0;0;0;0
QUERO-QUERO VERDECARD INSTITUIÇÃO DE PAGAMENTO S.A.;1.722.480;n4;I;2;;41;CACHOEIRINHA;RS;03/2022;2.336;0;0;0;0;0;0;0;0;0;0;0;0;0;0;0;0;0;0;0;0;0;0;0;0;0;0;0;0;0;0;0;0;0;0;0;0;0;0;0;0;0;2.035;301;0;0;0;0;2.336;0;0;0;0;0;0;0;0;0;0;0;0;0;0;0;0;0;0;0;0;0;0;0;0;0
COOPERATIVA DE CRÉDITO RURAL DOS FORNECEDORES DE CANA DA REGIÃO DE CATANDUVA-COFOCRED;49.654.502;b3S;I;2;S5;9;CATANDUVA;SP;03/2022;2.032;0;0;208;0;0;0;0;208;0;0;0;0;0;0;0;0;0;0;0;0;0;0;0;0;0;0;0;0;0;0;0;0;0;0;0;0;0;0;0;0;0;253;1.571;0;0;0;0;1.824;0;0;0;0;0;0;0;0;0;0;0;0;0;0;0;0;0;0;0;0;0;0;0;0;0
SOCIAL BANK BANCO MÚLTIPLO S/A;15.173.776;b1;I;2;S4;8;SALVADOR;BA;03/2022;1.980;0;0;0;0;0;0;0;0;0;0;0;0;0;0;0;0;0;0;0;0;0;0;0;0;0;34;0;0;0;0;0;34;0;0;0;0;0;0;0;0;55;146;1.746;0;0;0;0;1.946;0;0;0;0;0;0;0;0;0;0;0;0;0;0;0;0;0;0;0;0;0;0;0;0;0
COOPERATIVA DE CRÉDITO E ECONOMIA COM INTERAÇÃO SOLIDÁRIA DE SANTA TEREZINHA DO PROGRESSO - CRESOL SANTA TEREZINHA DO PROGRESSO;8.652.872;b3S;I;2;S5;9;SANTA TEREZINHA DO PROGRESSO;SC;03/2022;1.980;24;72;202;355;46;0;0;699;0;43;130;311;137;10;0;630;10;120;95;30;3;0;0;259;0;18;0;0;0;0;0;18;0;0;0;0;0;0;0;0;10;10;24;12;0;0;2;58;1;16;54;128;112;5;0;316;0;0;0;0;0;0;0;0;0;0;0;0;0;0;0;0;0
COOPERATIVA DE CRÉDITO DOS SERVIDORES MILITARES, POLÍCIA CIVIL E DA SECRETARIA DE EDUCAÇÃO DO ESTADO DE MINAS GERAIS LTDA - SICOOB COOPEMG;3.269.540;b3S;I;2;S5;9;BELO HORIZONTE;MG;03/2022;1.960;15;451;506;300;59;0;0;1.331;3;13;35;68;30;0;0;147;33;77;300;0;0;0;0;410;0;19;4;0;0;0;0;24;0;0;0;0;0;0;0;0;43;5;0;0;0;0;0;48;0;0;0;0;0;0;0;0;0;0;0;0;0;0;0;0;0;0;0;0;0;0;0;0;0
FFCRED SOCIEDADE DE CRÉDITO DIRETO S.A..;39.738.065;n1;I;2;S5;43;ERECHIM;RS;03/2022;1.915;36;299;364;849;73;0;0;1.619;52;38;99;106;0;0;0;296;0;0;0;0;0;0;0;0;0;0;0;0;0;0;0;0;0;0;0;0;0;0;0;0;0;0;0;0;0;0;0;0;0;0;0;0;0;0;0;0;0;0;0;0;0;0;0;0;0;0;0;0;0;0;0;0;0
RAPIDIUM SOCIEDADE DE CRÉDITO AO MICROEMPREENDEDOR E À EMPRESA DE PEQUENO PORTE S.A.;40.269.467;n1;I;2;S5;10;TOLEDO;PR;03/2022;1.820;29;217;582;935;57;0;0;1.820;0;0;0;0;0;0;0;0;0;0;0;0;0;0;0;0;0;0;0;0;0;0;0;0;0;0;0;0;0;0;0;0;0;0;0;0;0;0;0;0;0;0;0;0;0;0;0;0;0;0;0;0;0;0;0;0;0;0;0;0;0;0;0;0;0
UNAVANTI SOCIEDADE DE CRÉDITO DIRETO S/A;42.047.025;n1;I;2;S5;43;MARINGA;PR;03/2022;1.789;0;13;54;55;0;0;0;122;0;0;0;0;0;0;0;0;0;0;0;0;0;0;0;0;0;1.388;279;0;0;0;0;1.667;0;0;0;0;0;0;0;0;0;0;0;0;0;0;0;0;0;0;0;0;0;0;0;0;0;0;0;0;0;0;0;0;0;0;0;0;0;0;0;0;0
BONUSPAGO SOCIEDADE DE CRÉDITO DIRETO S.A.;36.586.946;n1;I;2;S5;43;CASCAVEL;PR;03/2022;1.785;0;0;0;0;0;0;0;0;0;0;0;0;0;0;0;0;0;0;0;0;0;0;0;0;0;1.776;9;0;0;0;0;1.785;0;0;0;0;0;0;0;0;0;0;0;0;0;0;0;0;0;0;0;0;0;0;0;0;0;0;0;0;0;0;0;0;0;0;0;0;0;0;0;0;0
COOPERATIVA DE CRÉDITO DE SERVIDORES PÚBLICOS COOPERPLAN LTDA. - SICOOB COOPERPLAN;2.674.113;b3S;I;2;S5;9;BRASILIA;DF;03/2022;1.779;0;68;202;248;167;22;0;707;0;63;205;577;126;101;0;1.072;0;0;0;0;0;0;0;0;0;0;0;0;0;0;0;0;0;0;0;0;0;0;0;0;0;0;0;0;0;0;0;0;0;0;0;0;0;0;0;0;0;0;0;0;0;0;0;0;0;0;0;0;0;0;0;0;0
BANCO FATOR S.A.;33.644.196;b1;I;2;S4;8;SAO PAULO;SP;03/2022;1.721;0;0;0;0;0;0;0;0;0;0;0;0;0;0;0;0;0;0;1.721;0;0;0;0;1.721;0;0;0;0;0;0;0;0;0;0;0;0;0;0;0;0;0;0;0;0;0;0;0;0;0;0;0;0;0;0;0;0;0;0;0;0;0;0;0;0;0;0;0;0;0;0;0;0;0
ANDBANK;51.949;b1;C;3;S4;199;SAO PAULO;SP;03/2022;1.674;0;504;0;1.169;0;0;0;1.674;0;0;0;0;0;0;0;0;0;0;0;0;0;0;0;0;0;0;0;0;0;0;0;0;0;0;0;0;0;0;0;0;0;0;0;0;0;0;0;0;0;0;0;0;0;0;0;0;0;0;0;0;0;0;0;0;0;0;0;0;0;0;0;0;0
COOPERATIVA DE ECONOMIA E CRÉDITO DE LIVRE ADMISSÃO DOS EMPREGADOS DOS CORREIOS LTDA. - SICOOB COOPERCORREIOS;3.862.898;b3S;I;2;S5;9;BELO HORIZONTE;MG;03/2022;1.611;5;345;414;488;139;0;0;1.390;0;0;0;0;0;0;0;0;2;96;25;0;0;0;0;123;0;93;0;0;0;0;0;93;0;0;0;0;0;0;0;0;5;0;0;0;0;0;0;5;0;0;0;0;0;0;0;0;0;0;0;0;0;0;0;0;0;0;0;0;0;0;0;0;0
SERVICOOP - COOPERATIVA DE CRÉDITO DOS SERVIDORES PÚBLICOS ESTADUAIS E MUNICIPAIS DO RIO GRANDE DO SUL;3.973.814;b3S;I;2;S5;9;PORTO ALEGRE;RS;03/2022;1.597;23;228;533;750;49;1;0;1.583;6;0;0;0;0;0;0;6;0;1;6;0;0;0;0;7;0;0;0;0;0;0;0;0;0;0;0;0;0;0;0;0;0;0;0;0;0;0;0;0;0;0;0;0;0;0;0;0;0;0;0;0;0;0;0;0;0;0;0;0;0;0;0;0;0
FC FINANCEIRA S.A. - CRÉDITO, FINANCIAMENTO E INVESTIMENTO;36.583.700;n1;I;2;S4;14;SAO PAULO;SP;03/2022;1.574;0;0;1.574;0;0;0;0;1.574;0;0;0;0;0;0;0;0;0;0;0;0;0;0;0;0;0;0;0;0;0;0;0;0;0;0;0;0;0;0;0;0;0;0;0;0;0;0;0;0;0;0;0;0;0;0;0;0;0;0;0;0;0;0;0;0;0;0;0;0;0;0;0;0;0
BANCO CEDULA S.A.;33.132.044;b1;I;2;S4;8;RIO DE JANEIRO;RJ;03/2022;1.565;0;341;634;495;0;0;0;1.470;0;0;0;0;0;0;0;0;0;0;95;0;0;0;0;95;0;0;0;0;0;0;0;0;0;0;0;0;0;0;0;0;0;0;0;0;0;0;0;0;0;0;0;0;0;0;0;0;0;0;0;0;0;0;0;0;0;0;0;0;0;0;0;0;0
COOPERATIVA DE CREDITO RURAL DE IBIAM - SULCREDI/IBIAM;8.240.446;b3S;I;2;S5;9;IBIAM;SC;03/2022;1.562;14;208;468;386;31;0;0;1.107;0;52;130;122;14;0;0;319;0;2;20;0;0;0;0;22;0;70;1;0;0;0;0;71;0;0;0;0;0;0;0;0;1;5;14;23;0;0;0;43;0;0;0;0;0;0;0;0;0;0;0;0;0;0;0;0;0;0;0;0;0;0;0;0;0
COOPERATIVA DE ECONOMIA E CREDITO MUTUO DOS MEDICOS E DEMAIS PROFISSIONAIS DA SAUDE DE JOACABA;2.853.045;b3S;I;2;S5;9;JOACABA;SC;03/2022;1.551;0;118;354;736;207;0;0;1.415;0;0;0;0;0;0;0;0;0;136;0;0;0;0;0;136;0;0;0;0;0;0;0;0;0;0;0;0;0;0;0;0;0;0;0;0;0;0;0;0;0;0;0;0;0;0;0;0;0;0;0;0;0;0;0;0;0;0;0;0;0;0;0;0;0
COPERCRED - COOPERATIVA DE ECONOMIA E CRÉDITO MÚTUO DOS EMPREGADOS DAS EMPRESAS ZILLO LORENZETTI;58.022.195;b3S;I;2;S5;9;LENCOIS PAULISTA;SP;03/2022;1.521;0;103;230;0;0;0;0;333;0;0;0;0;0;0;0;0;300;0;0;0;0;0;0;300;0;0;0;0;0;0;0;0;0;0;0;0;0;0;0;0;887;0;0;0;0;0;0;887;0;0;0;0;0;0;0;0;0;0;0;0;0;0;0;0;0;0;0;0;0;0;0;0;0
STARCRED SOCIEDADE DE CRÉDITO DIRETO S.A.;35.911.258;n1;I;2;S5;43;TAQUARA;RS;03/2022;1.413;96;511;77;0;0;0;0;684;0;0;0;0;0;0;0;0;0;0;0;0;0;0;0;0;0;728;0;0;0;0;0;728;0;0;0;0;0;0;0;0;0;0;0;0;0;0;0;0;0;0;0;0;0;0;0;0;0;0;0;0;0;0;0;0;0;0;0;0;0;0;0;0;0
BANCO DIGIO S.A.;27.098.060;b2;I;3;S4;8;BARUERI;SP;03/2022;1.324;0;136;423;765;0;0;0;1.324;0;0;0;0;0;0;0;0;0;0;0;0;0;0;0;0;0;0;0;0;0;0;0;0;0;0;0;0;0;0;0;0;0;0;0;0;0;0;0;0;0;0;0;0;0;0;0;0;0;0;0;0;0;0;0;0;0;0;0;0;0;0;0;0;0
AGENCIA DE FOMENTO DO ESTADO DE RORAIMA S/A;3.058.464;n1;I;1;S4;30;BOA VISTA;RR;03/2022;1.277;18;55;303;862;1;0;0;1.240;0;0;0;0;0;0;0;0;0;0;0;0;0;0;0;0;0;0;0;0;0;0;0;0;0;0;0;0;0;0;0;0;0;8;26;3;0;0;0;37;0;0;0;0;0;0;0;0;0;0;0;0;0;0;0;0;0;0;0;0;0;0;0;0;0
FINANCRED - SOCIEDADE DE CRÉDITO AO MICROEMPREENDEDOR E A EMPRESA DE PEQUENO PORTE LTDA.;27.348.513;n1;I;2;S5;10;CAMPO GRANDE;MS;03/2022;1.275;15;327;374;63;36;1;0;816;0;28;63;77;0;0;0;168;0;0;0;0;0;0;0;0;0;271;20;0;0;0;0;291;0;0;0;0;0;0;0;0;0;0;0;0;0;0;0;0;0;0;0;0;0;0;0;0;0;0;0;0;0;0;0;0;0;0;0;0;0;0;0;0;0
ATICCA - SOCIEDADE DE CRÉDITO DIRETO S.A.;44.478.623;n1;I;2;S5;43;ARARAQUARA;SP;03/2022;1.231;0;1.120;76;35;0;0;0;1.231;0;0;0;0;0;0;0;0;0;0;0;0;0;0;0;0;0;0;0;0;0;0;0;0;0;0;0;0;0;0;0;0;0;0;0;0;0;0;0;0;0;0;0;0;0;0;0;0;0;0;0;0;0;0;0;0;0;0;0;0;0;0;0;0;0
COOPERATIVA DE ECONOMIA E CREDITO MUTUO DOS EMPREGADOS DE CHOCOLATES GAROTO LTDA. - CREDI-GAROTO;30.949.267;b3S;I;2;S5;9;VILA VELHA;ES;03/2022;1.174;0;8;22;56;34;0;0;119;0;0;0;0;0;0;0;0;0;0;0;0;0;0;0;0;0;70;95;236;253;400;0;1.054;0;0;0;0;0;0;0;0;0;0;0;0;0;0;0;0;0;0;0;0;0;0;0;0;0;0;0;0;0;0;0;0;0;0;0;0;0;0;0;0;0
COOPERATIVA DE CREDITO DOS FORNECEDORES DE CANA E DEMAIS PRODUTORES RURAIS DO CENTRO DO ESTADO DE SAO PAULO - CREDICENTRO;53.776.852;b3S;I;2;S5;9;ARARAQUARA;SP;03/2022;1.167;0;224;344;155;21;0;0;744;0;0;0;0;0;0;0;0;0;39;14;0;0;0;0;53;0;70;0;0;0;0;0;70;0;0;0;0;0;0;0;0;0;0;0;0;300;0;0;300;0;0;0;0;0;0;0;0;0;0;0;0;0;0;0;0;0;0;0;0;0;0;0;0;0
BECKER FINANCEIRA S.A. - CRÉDITO, FINANCIAMENTO E INVESTIMENTO;20.443.996;n1;I;2;S5;14;CERRO LARGO;RS;03/2022;1.151;33;130;362;411;36;0;0;972;0;2;177;0;0;0;0;179;0;0;0;0;0;0;0;0;0;0;0;0;0;0;0;0;0;0;0;0;0;0;0;0;0;0;0;0;0;0;0;0;0;0;0;0;0;0;0;0;0;0;0;0;0;0;0;0;0;0;0;0;0;0;0;0;0
SICOOB CREDIMED - COOPERATIVA DE CRÉDITO DE LIVRE ADMISSÃO DA CIDADE DE UBERABA LTDA.;71.336.432;b3S;I;2;S5;9;UBERABA;MG;03/2022;1.119;0;92;251;569;109;0;0;1.021;0;3;9;30;11;0;0;53;0;23;0;0;0;0;0;23;0;18;0;0;0;0;0;18;0;0;0;0;0;0;0;0;2;1;0;0;0;0;0;3;0;0;0;0;0;0;0;0;0;0;0;0;0;0;0;0;0;0;0;0;0;0;0;0;0
CONFIDENCE;51.671;b2;C;2;S4;198;SAO PAULO;SP;03/2022;1.114;0;0;0;0;0;0;0;0;0;0;0;0;0;0;0;0;0;0;0;0;0;0;0;0;0;0;0;0;0;0;0;0;0;921;193;0;0;0;0;1.114;0;0;0;0;0;0;0;0;0;0;0;0;0;0;0;0;0;0;0;0;0;0;0;0;0;0;0;0;0;0;0;0;0
COOPERATIVA DE ECONOMIA E CRÉDITO MÚTUO - COOPERSERV;5.667.301;b3S;I;2;S5;9;LENCOIS PAULISTA;SP;03/2022;1.073;22;84;196;528;81;0;0;912;0;0;0;0;0;0;0;0;1;84;0;0;0;0;0;85;21;42;0;0;0;0;0;64;0;0;0;0;0;0;0;0;14;0;0;0;0;0;0;14;0;0;0;0;0;0;0;0;0;0;0;0;0;0;0;0;0;0;0;0;0;0;0;0;0
SICOOB CREDICONSUMO - COOPERATIVA DE CRÉDITO;47.074.323;b3S;I;2;S5;9;SANTO ANDRE;SP;03/2022;1.045;0;31;110;579;294;0;0;1.015;0;0;0;0;0;0;0;0;0;31;0;0;0;0;0;31;0;0;0;0;0;0;0;0;0;0;0;0;0;0;0;0;0;0;0;0;0;0;0;0;0;0;0;0;0;0;0;0;0;0;0;0;0;0;0;0;0;0;0;0;0;0;0;0;0
FINAMAX S.A. - CREDITO, FINANCIAMENTO E INVESTIMENTO;411.939;n1;I;2;S5;14;JUNDIAI;SP;03/2022;1.035;0;37;52;20;0;0;0;109;0;7;12;0;0;0;0;19;0;0;0;0;0;0;0;0;20;763;123;0;0;0;0;907;0;0;0;0;0;0;0;0;0;0;0;0;0;0;0;0;0;0;0;0;0;0;0;0;0;0;0;0;0;0;0;0;0;0;0;0;0;0;0;0;0
CREDIARE S.A. - CRÉDITO, FINANCIAMENTO E INVESTIMENTO;5.676.026;n1;I;2;S4;14;FARROUPILHA;RS;03/2022;1.015;0;0;0;0;0;0;0;0;0;0;0;0;0;0;0;0;0;0;0;0;0;0;0;0;0;1.015;0;0;0;0;0;1.015;0;0;0;0;0;0;0;0;0;0;0;0;0;0;0;0;0;0;0;0;0;0;0;0;0;0;0;0;0;0;0;0;0;0;0;0;0;0;0;0;0
COOPERATIVA DE ECONOMIA E CRÉDITO MÚTUO DOS MILITARES ESTADUAIS DE SANTA CATARINA - CREDPOM;4.572.960;b3S;I;2;S5;9;FLORIANOPOLIS;SC;03/2022;1.012;2;528;346;94;20;0;0;990;0;0;0;0;0;0;0;0;0;16;0;0;0;0;0;16;0;0;0;0;0;0;0;0;0;0;0;0;0;0;0;0;4;1;0;0;0;0;0;5;0;0;0;0;0;0;0;0;0;0;0;0;0;0;0;0;0;0;0;0;0;0;0;0;0
COOPERATIVA DE ECONOMIA E CRÉDITO MÚTUO DOS PROFISSIONAIS DA ÁREA NOTARIAL E REGISTRAL - COOPNORE;7.714.057;b3S;I;2;S5;9;PORTO ALEGRE;RS;03/2022;989;2;136;192;125;48;0;0;503;0;0;0;0;0;0;0;0;0;119;159;0;0;0;0;278;0;0;0;0;0;0;0;0;0;0;0;0;0;0;0;0;6;44;84;69;5;0;0;208;0;0;0;0;0;0;0;0;0;0;0;0;0;0;0;0;0;0;0;0;0;0;0;0;0
ATLANTA SOCIEDADE DE CRÉDITO AO MICROEMPREENDEDOR LTDA;4.772.908;n1;I;2;S5;10;PASSOS;MG;03/2022;977;45;288;0;0;0;0;0;333;0;0;0;0;0;0;0;0;0;0;0;0;0;0;0;0;64;567;13;0;0;0;0;644;0;0;0;0;0;0;0;0;0;0;0;0;0;0;0;0;0;0;0;0;0;0;0;0;0;0;0;0;0;0;0;0;0;0;0;0;0;0;0;0;0
COOPERATIVA DE CRÉDITO MÚTUO DOS SERVIDORES PÚBLICOS MUNICIPAIS DE SÃO BERNARDO DO CAMPO - CREDIABC;3.612.679;b3S;I;2;S5;9;SAO BERNARDO DO CAMPO;SP;03/2022;973;0;92;244;638;0;0;0;973;0;0;0;0;0;0;0;0;0;0;0;0;0;0;0;0;0;0;0;0;0;0;0;0;0;0;0;0;0;0;0;0;0;0;0;0;0;0;0;0;0;0;0;0;0;0;0;0;0;0;0;0;0;0;0;0;0;0;0;0;0;0;0;0;0
SICREDI CREDUNI - COOPERATIVA DE ECONOMIA E CRÉDITO MÚTUO DOS SERV DAS INST PÚBLICAS DE ENSINO SUPERIOR DO ESTADO DA PARAÍBA E DAS DEMAIS INSTITUIÇÕES E ÓRGÃOS PÚBLICOS NO ESTADO DA PARAIBA LTDA.;3.428.338;b3S;I;2;S5;9;CAMPINA GRANDE;PB;03/2022;923;0;1;2;0;0;0;0;3;1;53;154;414;279;1;0;902;6;2;0;0;0;0;0;8;0;0;0;0;0;0;0;0;0;0;0;0;0;0;0;0;0;4;5;0;0;0;0;9;0;0;0;0;0;0;0;0;0;0;0;0;0;0;0;0;0;0;0;0;0;0;0;0;0
RPW S/A SOCIEDADE DE CRÉDITO, FINANCIAMENTO E INVESTIMENTO;6.249.129;n1;I;2;S5;14;SAO PAULO;SP;03/2022;878;116;142;231;115;165;23;0;793;0;0;0;0;0;0;0;0;0;0;0;0;0;0;0;0;0;62;22;0;0;0;0;84;0;0;0;0;0;0;0;0;0;0;0;0;0;0;0;0;0;0;0;0;0;0;0;0;0;0;0;0;0;0;0;0;0;0;0;0;0;0;0;0;0
GOLCRED S/A - CRÉDITO, FINANCIAMENTO E INVESTIMENTO;7.631.026;n1;I;2;S4;14;SAO JOSE;SC;03/2022;870;0;420;327;19;0;0;0;767;0;17;49;37;0;0;0;104;0;0;0;0;0;0;0;0;0;0;0;0;0;0;0;0;0;0;0;0;0;0;0;0;0;0;0;0;0;0;0;0;0;0;0;0;0;0;0;0;0;0;0;0;0;0;0;0;0;0;0;0;0;0;0;0;0
COOPERATIVA DE CRÉDITO SICOOB CREDMETAL;3.535.065;b3S;I;2;S5;9;OSASCO;SP;03/2022;857;15;112;331;334;15;0;0;807;0;0;0;0;0;0;0;0;9;28;0;0;0;0;0;37;0;0;0;0;0;0;0;0;0;0;0;0;0;0;0;0;10;3;0;0;0;0;0;13;0;0;0;0;0;0;0;0;0;0;0;0;0;0;0;0;0;0;0;0;0;0;0;0;0
COOPERATIVA DE CRÉDITO DE LIVRE ADMISSÃO LEGISLATIVO LTDA.– SICOOB LEGISLATIVO;3.329.154;b3S;I;2;S5;9;BRASILIA;DF;03/2022;849;1;89;231;499;0;0;0;821;0;0;0;0;0;0;0;0;3;25;0;0;0;0;0;28;0;0;0;0;0;0;0;0;0;0;0;0;0;0;0;0;0;0;0;0;0;0;0;0;0;0;0;0;0;0;0;0;0;0;0;0;0;0;0;0;0;0;0;0;0;0;0;0;0
COOPERATIVA DE CRÉDITO, POUPANÇA E SERVIÇOS FINANCEIROS DO CENTRO OESTE - CREDITAG;5.491.616;b3S;I;2;S5;9;MINEIROS;GO;03/2022;834;0;0;0;0;0;0;0;0;0;0;0;0;0;0;0;0;2;0;86;0;0;0;0;88;0;0;0;0;0;0;0;0;0;0;0;0;0;0;0;0;28;84;225;307;63;40;0;747;0;0;0;0;0;0;0;0;0;0;0;0;0;0;0;0;0;0;0;0;0;0;0;0;0
CASA DO CRÉDITO S.A. SOCIEDADE DE CRÉDITO AO MICROEMPREENDEDOR;5.442.029;n1;I;2;S5;10;SAO PAULO;SP;03/2022;828;84;6;10;1;0;0;0;101;0;0;0;0;0;0;0;0;0;0;0;0;0;0;0;0;424;303;0;0;0;0;0;727;0;0;0;0;0;0;0;0;0;0;0;0;0;0;0;0;0;0;0;0;0;0;0;0;0;0;0;0;0;0;0;0;0;0;0;0;0;0;0;0;0
AGORACRED S/A SOCIEDADE DE CRÉDITO, FINANCIAMENTO E INVESTIMENTO;36.321.990;n1;I;2;S5;14;VITORIA;ES;03/2022;801;98;703;0;0;0;0;0;801;0;0;0;0;0;0;0;0;0;0;0;0;0;0;0;0;0;0;0;0;0;0;0;0;0;0;0;0;0;0;0;0;0;0;0;0;0;0;0;0;0;0;0;0;0;0;0;0;0;0;0;0;0;0;0;0;0;0;0;0;0;0;0;0;0
UY3 SOCIEDADE DE CRÉDITO DIRETO S/A;39.587.424;n1;I;2;S5;43;PORTO ALEGRE;RS;03/2022;656;0;0;0;0;0;0;0;0;0;51;605;0;0;0;0;656;0;0;0;0;0;0;0;0;0;0;0;0;0;0;0;0;0;0;0;0;0;0;0;0;0;0;0;0;0;0;0;0;0;0;0;0;0;0;0;0;0;0;0;0;0;0;0;0;0;0;0;0;0;0;0;0;0
COOPERATIVA CENTRAL DE CRÉDITO DA AGRICULTURA FAMILIAR E ECONOMIA SOLIDÁRIA - ASCOOB CENTRAL;10.013.534;b3C;I;2;S4;9;SERRINHA;BA;03/2022;642;0;0;0;0;0;0;0;0;0;0;0;0;0;0;0;0;0;0;0;0;0;0;0;0;0;0;0;0;0;0;0;0;0;0;0;0;0;0;0;0;0;187;192;262;0;0;0;642;0;0;0;0;0;0;0;0;0;0;0;0;0;0;0;0;0;0;0;0;0;0;0;0;0
INDEPENDÊNCIA COOPERATIVA DE CRÉDITO E INVESTIMENTO - INDEPENDÊNCIA COOPERATIVA DE CRÉDITO;4.306.351;b3S;I;2;S5;9;SAO PAULO;SP;03/2022;632;0;0;0;0;0;0;0;0;0;0;0;0;0;0;0;0;10;0;0;0;0;0;0;10;0;0;0;0;0;0;0;0;0;0;0;0;0;0;0;0;130;59;151;255;27;0;0;622;0;0;0;0;0;0;0;0;0;0;0;0;0;0;0;0;0;0;0;0;0;0;0;0;0
COOPERATIVA DE ECONOMIA E CRÉDITO MÚTUO SERVIDORES PÚBLICOS ATIVOS, INATIVOS E PENSIONISTAS DA ADMINISTRAÇÃO DIRETA, INDIRETA E ASSEMBLÉIA LEGISLATIVA DO ESTADO DO RIO GRANDE SUL - COOPSERGS;5.591.437;b3S;I;2;S5;9;PORTO ALEGRE;RS;03/2022;629;0;58;250;279;42;0;0;629;0;0;0;0;0;0;0;0;0;0;0;0;0;0;0;0;0;0;0;0;0;0;0;0;0;0;0;0;0;0;0;0;0;0;0;0;0;0;0;0;0;0;0;0;0;0;0;0;0;0;0;0;0;0;0;0;0;0;0;0;0;0;0;0;0
BARU SOCIEDADE DE CRÉDITO DIRETO S/A;42.723.848;n1;I;2;S5;43;PORTO ALEGRE;RS;03/2022;583;0;61;92;0;0;0;0;153;1;40;113;276;0;0;0;430;0;0;0;0;0;0;0;0;0;0;0;0;0;0;0;0;0;0;0;0;0;0;0;0;0;0;0;0;0;0;0;0;0;0;0;0;0;0;0;0;0;0;0;0;0;0;0;0;0;0;0;0;0;0;0;0;0
GLOBAL FINANÇAS SOCIEDADE DE CRÉDITO AO MICROEMPREENDEDOR E À EMPRESA DE PEQUENO PORTE LTDA.;11.165.756;n1;I;2;S5;10;AMERICANA;SP;03/2022;580;4;10;42;7;0;0;0;64;0;0;0;0;0;0;0;0;0;0;0;0;0;0;0;0;0;408;108;0;0;0;0;516;0;0;0;0;0;0;0;0;0;0;0;0;0;0;0;0;0;0;0;0;0;0;0;0;0;0;0;0;0;0;0;0;0;0;0;0;0;0;0;0;0
CONFEDERAÇÃO NACIONAL DAS COOPERATIVAS CENTRAIS DE CRÉDITO E ECONOMIA FAMILIAR E SOLIDÁRIA - CRESOL CONFEDERAÇÃO;10.398.952;b3C;I;2;S4;9;FLORIANOPOLIS;SC;03/2022;560;0;0;117;443;0;0;0;560;0;0;0;0;0;0;0;0;0;0;0;0;0;0;0;0;0;0;0;0;0;0;0;0;0;0;0;0;0;0;0;0;0;0;0;0;0;0;0;0;0;0;0;0;0;0;0;0;0;0;0;0;0;0;0;0;0;0;0;0;0;0;0;0;0
BANSUR JM SOCIEDADE DE CRÉDITO DIRETO S/A;42.963.742;n1;I;2;S5;43;BELO HORIZONTE;MG;03/2022;481;0;481;0;0;0;0;0;481;0;0;0;0;0;0;0;0;0;0;0;0;0;0;0;0;0;0;0;0;0;0;0;0;0;0;0;0;0;0;0;0;0;0;0;0;0;0;0;0;0;0;0;0;0;0;0;0;0;0;0;0;0;0;0;0;0;0;0;0;0;0;0;0;0
COOPERATIVA DE CRÉDITO DOS INTEGRANTES DO PODER JUDICIÁRIO E DO MINISTÉRIO PÚBLICO DO ESTADO DE MINAS GERAIS LTDA. - SICOOB JUS-MP;3.519.240;b3S;I;2;S5;9;BELO HORIZONTE;MG;03/2022;470;1;83;191;126;45;0;0;447;0;0;0;0;0;0;0;0;0;24;0;0;0;0;0;24;0;0;0;0;0;0;0;0;0;0;0;0;0;0;0;0;0;0;0;0;0;0;0;0;0;0;0;0;0;0;0;0;0;0;0;0;0;0;0;0;0;0;0;0;0;0;0;0;0
EMCASH SERVIÇOS FINANCEIROS SOCIEDADE DE EMPRÉSTIMO ENTRE PESSOAS S.A.;34.139.916;n1;I;2;S5;44;BELO HORIZONTE;MG;03/2022;454;0;0;0;0;0;0;0;0;0;0;0;0;0;0;0;0;0;0;0;0;0;0;0;0;0;0;0;0;0;0;0;0;0;0;0;0;0;0;0;0;0;0;0;0;0;0;0;0;33;48;134;240;0;0;0;454;0;0;0;0;0;0;0;0;0;0;0;0;0;0;0;0;0
COOPERATIVA DE CRÉDITO DOS INTEGRANTES DO PODER JUDICIÁRIO E DAS INSTITUIÇÕES JURÍDICAS DA UNIÃO EM MINAS GERAIS LTDA.   SICOOB COOPJUS;25.363.615;b3S;I;2;S5;9;BELO HORIZONTE;MG;03/2022;449;17;56;104;160;47;0;0;384;0;0;0;0;0;0;0;0;10;29;0;0;0;0;0;39;0;0;0;0;0;0;0;0;0;0;0;0;0;0;0;0;25;0;0;0;0;0;0;25;0;0;0;0;0;0;0;0;0;0;0;0;0;0;0;0;0;0;0;0;0;0;0;0;0
NEGRESCO S.A. - CREDITO, FINANCIAMENTO E INVESTIMENTOS;4.379.829;n1;I;2;S5;14;CURITIBA;PR;03/2022;448;0;105;306;30;0;0;0;441;5;1;1;0;0;0;0;6;0;0;0;0;0;0;0;0;0;0;0;0;0;0;0;0;0;0;0;0;0;0;0;0;0;0;0;0;0;0;0;0;0;0;0;0;0;0;0;0;0;0;0;0;0;0;0;0;0;0;0;0;0;0;0;0;0
COOPERATIVA DE CRÉDITO, POUPANÇA E INVESTIMENTO DOS POLICIAIS FEDERAIS DO RIO GRANDE DO SUL E SANTA CATARINA - SICREDI POL RS/SC;3.000.142;b3S;I;2;S4;9;PORTO ALEGRE;RS;03/2022;407;0;0;0;0;0;0;0;0;0;8;21;53;55;112;0;249;0;13;33;0;0;0;0;46;0;40;0;0;0;0;0;40;0;0;0;0;0;0;0;0;22;37;13;0;0;0;0;72;0;0;0;0;0;0;0;0;0;0;0;0;0;0;0;0;0;0;0;0;0;0;0;0;0
BOM CRÉDITO   SOCIEDADE DE CRÉDITO AO MICROEMPREENDEDOR E À EMPRESA DE PEQUENO PORTE LTDA.;5.669.150;n1;I;2;S5;10;VOLTA REDONDA;RJ;03/2022;350;36;26;29;20;0;0;0;111;0;0;0;0;0;0;0;0;0;0;0;0;0;0;0;0;1;188;49;0;0;0;0;238;0;0;0;0;0;0;0;0;0;0;0;0;0;0;0;0;0;0;0;0;0;0;0;0;0;0;0;0;0;0;0;0;0;0;0;0;0;0;0;0;0
COOPERATIVA DE ECONOMIA E CRÉDITO MÚTUO DOS EMPREGADOS, APOSENTADOS E PENSIONISTAS DA COMPANHIA ESTADUAL DE ENERGIA ELÉTRICA E ELETRICITÁRIOS DO RIO GRANDE DO SUL   CRECE;92.825.397;b3S;I;2;S5;9;PORTO ALEGRE;RS;03/2022;296;0;34;125;138;0;0;0;296;0;0;0;0;0;0;0;0;0;0;0;0;0;0;0;0;0;0;0;0;0;0;0;0;0;0;0;0;0;0;0;0;0;0;0;0;0;0;0;0;0;0;0;0;0;0;0;0;0;0;0;0;0;0;0;0;0;0;0;0;0;0;0;0;0
FIDÚCIA SOCIEDADE DE CRÉDITO AO MICROEMPREENDEDOR E À EMPRESA DE PEQUENO PORTE LIMITADA.;4.307.598;n1;I;2;S5;10;SOROCABA;SP;03/2022;294;2;164;127;0;0;0;0;294;0;0;0;0;0;0;0;0;0;0;0;0;0;0;0;0;0;0;0;0;0;0;0;0;0;0;0;0;0;0;0;0;0;0;0;0;0;0;0;0;0;0;0;0;0;0;0;0;0;0;0;0;0;0;0;0;0;0;0;0;0;0;0;0;0
COOPERATIVA DE ECONOMIA E CRÉDITO MÚTUO DOS SERVIDORES PÚBLICOS NO ESTADO DO ESPÍRITO SANTO;1.330.295;b3S;I;2;S5;9;VITORIA;ES;03/2022;284;0;18;63;128;49;0;0;257;0;3;8;12;0;0;0;22;0;0;0;0;0;0;0;0;0;4;0;0;0;0;0;4;0;0;0;0;0;0;0;0;0;0;0;0;0;0;0;0;0;0;0;0;0;0;0;0;0;0;0;0;0;0;0;0;0;0;0;0;0;0;0;0;0
COOPERATIVA DE CRÉDITO UNICRED COOMARCA LTDA. - COOMARCA;4.355.489;b3S;I;2;S5;9;FLORIANOPOLIS;SC;03/2022;274;0;0;0;0;0;0;0;0;0;14;41;104;100;12;0;271;0;0;0;0;0;0;0;0;0;0;0;0;0;0;0;0;0;0;0;0;0;0;0;0;3;0;0;0;0;0;0;3;0;0;0;0;0;0;0;0;0;0;0;0;0;0;0;0;0;0;0;0;0;0;0;0;0
QI SOCIEDADE DE CRÉDITO DIRETO S.A.;32.402.502;n1;I;2;S5;43;SAO PAULO;SP;03/2022;231;3;228;0;0;0;0;0;231;0;0;0;0;0;0;0;0;0;0;0;0;0;0;0;0;0;0;0;0;0;0;0;0;0;0;0;0;0;0;0;0;0;0;0;0;0;0;0;0;0;0;0;0;0;0;0;0;0;0;0;0;0;0;0;0;0;0;0;0;0;0;0;0;0
COOPERATIVA DE CRÉDITO, POUPANÇA E INVESTIMENTO DAS CARREIRAS DO MINISTÉRIO PÚBLICO, TRIBUNAL DE CONTAS E SECRETARIA DA FAZENDA DO RIO GRANDE DO SUL - SICREDI MP RS;3.662.047;b3S;I;2;S4;9;PORTO ALEGRE;RS;03/2022;229;0;0;21;41;29;4;0;95;0;0;0;0;0;0;0;0;0;0;1;0;0;0;0;1;0;0;0;0;0;0;0;0;0;0;0;0;0;0;0;0;0;108;26;0;0;0;0;133;0;0;0;0;0;0;0;0;0;0;0;0;0;0;0;0;0;0;0;0;0;0;0;0;0
COOPERATIVA DE ECONOMIA E CRÉDITO MÚTUO DOS SERVIDORES DO MUNICIPIO DE SANTO ANDRÉ - SP - SICOOB CECRESA;512.839;b3S;I;2;S5;9;SANTO ANDRE;SP;03/2022;220;2;11;28;98;81;0;0;220;0;0;0;0;0;0;0;0;0;0;0;0;0;0;0;0;0;0;0;0;0;0;0;0;0;0;0;0;0;0;0;0;0;0;0;0;0;0;0;0;0;0;0;0;0;0;0;0;0;0;0;0;0;0;0;0;0;0;0;0;0;0;0;0;0
GERENCIANET S.A. - CRÉDITO, FINANCIAMENTO E INVESTIMENTO;37.229.413;n1;I;2;S5;14;OURO PRETO;MG;03/2022;215;0;0;0;0;0;0;0;0;0;0;0;0;0;0;0;0;0;0;0;0;0;0;0;0;0;0;0;0;0;0;0;0;0;0;0;0;0;0;0;0;149;64;2;0;0;0;0;215;0;0;0;0;0;0;0;0;0;0;0;0;0;0;0;0;0;0;0;0;0;0;0;0;0
CREDIFIT SOCIEDADE DE CRÉDITO DIRETO S.A.;39.676.772;n1;I;2;S5;43;SALVADOR;BA;03/2022;204;0;198;5;1;0;0;0;204;0;0;0;0;0;0;0;0;0;0;0;0;0;0;0;0;0;0;0;0;0;0;0;0;0;0;0;0;0;0;0;0;0;0;0;0;0;0;0;0;0;0;0;0;0;0;0;0;0;0;0;0;0;0;0;0;0;0;0;0;0;0;0;0;0
FACILICRED SOCIEDADE DE CRÉDITO AO MICROEMPREENDEDOR LTDA;4.849.745;n1;I;2;S5;10;CURITIBA;PR;03/2022;195;0;63;82;28;0;0;0;173;0;1;5;0;0;0;0;6;0;0;0;0;0;0;0;0;2;13;1;0;0;0;0;16;0;0;0;0;0;0;0;0;0;0;0;0;0;0;0;0;0;0;0;0;0;0;0;0;0;0;0;0;0;0;0;0;0;0;0;0;0;0;0;0;0
COOPERATIVA DE CRÉDITO MÚTUO DOS SERVIDORES FEDERAIS NA PARAÍBA - SICOOB COOPERCRET;2.275.781;b3S;I;2;S5;9;JOAO PESSOA;PB;03/2022;185;0;27;77;25;0;0;0;130;0;2;5;19;13;0;0;38;5;0;3;0;0;0;0;8;8;0;0;0;0;0;0;8;0;0;0;0;0;0;0;0;1;0;0;0;0;0;0;1;0;0;0;0;0;0;0;0;0;0;0;0;0;0;0;0;0;0;0;0;0;0;0;0;0
COOPERATIVA DE ECONOMIA E CRÉDITO MÚTUO DOS EMPREGADOS DA CEMIG E DAS INDÚSTRIAS METALÚRGICAS E DE MATERIAL ELÉTRICO E DOS SERVIDORES PÚBLICOS MUNICIPAIS DE JUIZ DE FORA LTDA. - SICOOB CECREMEC;17.502.881;b3S;I;2;S5;9;BELO HORIZONTE;MG;03/2022;185;3;31;76;74;0;0;0;185;0;0;0;0;0;0;0;0;0;0;0;0;0;0;0;0;0;0;0;0;0;0;0;0;0;0;0;0;0;0;0;0;0;0;0;0;0;0;0;0;0;0;0;0;0;0;0;0;0;0;0;0;0;0;0;0;0;0;0;0;0;0;0;0;0
CREFAZ SOCIEDADE DE CRÉDITO AO MICROEMPREENDEDOR E A EMPRESA DE PEQUENO PORTE LTDA.;18.188.384;n1;I;2;S5;10;MARINGA;PR;03/2022;169;23;62;85;0;0;0;0;169;0;0;0;0;0;0;0;0;0;0;0;0;0;0;0;0;0;0;0;0;0;0;0;0;0;0;0;0;0;0;0;0;0;0;0;0;0;0;0;0;0;0;0;0;0;0;0;0;0;0;0;0;0;0;0;0;0;0;0;0;0;0;0;0;0
ASPECIR - SOCIEDADE DE CRÉDITO AO MICROEMPREENDEDOR E À EMPRESA DE PEQUENO PORTE LTDA.;5.289.612;n1;I;2;S5;10;PORTO ALEGRE;RS;03/2022;164;8;38;45;74;0;0;0;164;0;0;0;0;0;0;0;0;0;0;0;0;0;0;0;0;0;0;0;0;0;0;0;0;0;0;0;0;0;0;0;0;0;0;0;0;0;0;0;0;0;0;0;0;0;0;0;0;0;0;0;0;0;0;0;0;0;0;0;0;0;0;0;0;0
CORPORE SOCIEDADE DE CRÉDITO AO MICROEMPREENDEDOR E ÀS EMPRESAS DE PEQUENO PORTE LTDA.;7.327.045;n1;I;2;S5;10;DOURADOS;MS;03/2022;148;0;51;20;0;0;0;0;72;0;0;0;0;0;0;0;0;0;0;0;0;0;0;0;0;0;77;0;0;0;0;0;77;0;0;0;0;0;0;0;0;0;0;0;0;0;0;0;0;0;0;0;0;0;0;0;0;0;0;0;0;0;0;0;0;0;0;0;0;0;0;0;0;0
COOPERATIVA DE ECONOMIA E CRÉDITO MÚTUO DOS SERVIDORES DA FUNDAÇÃO HOSPITALAR E EMPREGADOS DOS ESTABELECIMENTOS HOSPITALARES DE BELO HORIZONTE, REGIÃO METROPOLITANA E ZONA DA MATA LTDA.- SICOOB CECREF;19.402.130;b3S;I;2;S5;9;BELO HORIZONTE;MG;03/2022;124;3;16;14;9;0;0;0;43;0;4;11;37;16;0;0;68;3;5;0;0;0;0;0;8;0;5;0;0;0;0;0;5;0;0;0;0;0;0;0;0;0;0;0;0;0;0;0;0;0;0;0;0;0;0;0;0;0;0;0;0;0;0;0;0;0;0;0;0;0;0;0;0;0
HR DIGITAL - SOCIEDADE DE CRÉDITO DIRETO S/A;44.292.580;n1;I;2;S5;43;BRASILIA;DF;03/2022;122;0;0;0;0;0;0;0;0;0;3;26;50;31;12;0;122;0;0;0;0;0;0;0;0;0;0;0;0;0;0;0;0;0;0;0;0;0;0;0;0;0;0;0;0;0;0;0;0;0;0;0;0;0;0;0;0;0;0;0;0;0;0;0;0;0;0;0;0;0;0;0;0;0
COOPERATIVA DE ECONOMIA E CRÉDITO MÚTUO DOS EMPREGADOS DA CBMM LTDA.;18.140.913;b3S;I;2;S5;9;ARAXA;MG;03/2022;122;0;5;16;40;42;19;0;122;0;0;0;0;0;0;0;0;0;0;0;0;0;0;0;0;0;0;0;0;0;0;0;0;0;0;0;0;0;0;0;0;0;0;0;0;0;0;0;0;0;0;0;0;0;0;0;0;0;0;0;0;0;0;0;0;0;0;0;0;0;0;0;0;0
COOPERATIVA DE CRÉDITO, POUPANÇA E INVESTIMENTO DOS INTEGRANTES DA MAGISTRATURA E DO MINISTÉRIO PÚBLICO NO ESTADO DO PARANÁ - SICREDI CREDJURIS;4.886.317;b3S;I;2;S4;9;CURITIBA;PR;03/2022;122;0;0;0;0;0;0;0;0;0;0;0;0;0;0;0;0;0;0;0;0;0;0;0;0;0;0;0;0;0;0;0;0;0;0;0;0;0;0;0;0;0;119;2;0;0;0;0;122;0;0;0;0;0;0;0;0;0;0;0;0;0;0;0;0;0;0;0;0;0;0;0;0;0
AGIBANK;51.956;b1;C;2;S4;199;CAMPINAS;SP;03/2022;121;0;0;0;0;0;0;0;0;0;0;0;0;0;0;0;0;0;0;0;0;0;0;0;0;0;0;0;0;0;0;0;0;0;0;0;0;0;0;0;0;0;121;0;0;0;0;0;121;0;0;0;0;0;0;0;0;0;0;0;0;0;0;0;0;0;0;0;0;0;0;0;0;0
COOPERATIVA DE CRÉDITO MÚTUO DOS EMPREGADOS EM EMPRESAS ADMINISTRADORAS DE AEROPORTOS - AEROCRED;5.292.849;b3S;I;2;S5;9;GUARULHOS;SP;03/2022;117;0;18;44;55;0;0;0;117;0;0;0;0;0;0;0;0;0;0;0;0;0;0;0;0;0;0;0;0;0;0;0;0;0;0;0;0;0;0;0;0;0;0;0;0;0;0;0;0;0;0;0;0;0;0;0;0;0;0;0;0;0;0;0;0;0;0;0;0;0;0;0;0;0
COOPERATIVA DE ECONOMIA E CRÉDITO MÚTUO DOS PEQUENOS EMPRESÁRIOS, MICROEMPRESÁRIOS E MICROEMPREENDEDORES DA REGIÃO METROPOLITANA DE PORTO ALEGRE - COOPESA;6.975.532;b3S;I;2;S5;9;PORTO ALEGRE;RS;03/2022;117;9;9;17;18;0;0;0;53;0;0;0;0;0;0;0;0;0;5;0;1;0;0;0;6;0;14;0;0;0;0;0;14;0;0;0;0;0;0;0;0;9;7;14;13;2;0;0;44;0;0;0;0;0;0;0;0;0;0;0;0;0;0;0;0;0;0;0;0;0;0;0;0;0
ECONOMISA COMPANHIA HIPOTECÁRIA.;17.441.197;n1;I;2;S5;29;BELO HORIZONTE;MG;03/2022;117;0;0;0;0;0;0;0;0;0;0;0;0;0;0;0;0;0;0;0;0;0;0;0;0;0;0;0;0;0;0;0;0;0;0;0;0;0;0;0;0;0;0;0;0;0;0;0;0;0;0;0;0;0;0;0;0;0;0;0;0;0;0;0;0;0;7;19;52;40;0;0;117;0
CDC SOCIEDADE DE CRÉDITO AO MICROEMPREENDEDOR E À EMPRESADE PEQUENO PORTE LTDA.;18.394.228;n1;I;2;S5;10;BELO HORIZONTE;MG;03/2022;114;0;7;23;60;25;0;0;114;0;0;0;0;0;0;0;0;0;0;0;0;0;0;0;0;0;0;0;0;0;0;0;0;0;0;0;0;0;0;0;0;0;0;0;0;0;0;0;0;0;0;0;0;0;0;0;0;0;0;0;0;0;0;0;0;0;0;0;0;0;0;0;0;0
CREDILON SOCIEDADE DE CRÉDITO AO MICROEMPREENDEDOR DA REGIÃO DE LONDRINA LTDA.;4.223.451;n1;I;2;S5;10;LONDRINA;PR;03/2022;113;8;106;0;0;0;0;0;113;0;0;0;0;0;0;0;0;0;0;0;0;0;0;0;0;0;0;0;0;0;0;0;0;0;0;0;0;0;0;0;0;0;0;0;0;0;0;0;0;0;0;0;0;0;0;0;0;0;0;0;0;0;0;0;0;0;0;0;0;0;0;0;0;0
CODEPE;52.089;n1;C;2;S4;197;RECIFE;PE;03/2022;111;0;0;0;0;0;0;0;0;0;0;0;0;0;0;0;0;0;0;0;0;0;0;0;0;0;111;0;0;0;0;0;111;0;0;0;0;0;0;0;0;0;0;0;0;0;0;0;0;0;0;0;0;0;0;0;0;0;0;0;0;0;0;0;0;0;0;0;0;0;0;0;0;0
DELCRED SOCIEDADE DE CRÉDITO DIRETO S.A.;38.224.857;n1;I;2;S5;43;ARACAJU;SE;03/2022;105;5;0;100;0;0;0;0;105;0;0;0;0;0;0;0;0;0;0;0;0;0;0;0;0;0;0;0;0;0;0;0;0;0;0;0;0;0;0;0;0;0;0;0;0;0;0;0;0;0;0;0;0;0;0;0;0;0;0;0;0;0;0;0;0;0;0;0;0;0;0;0;0;0
BRASIL CARD INSTITUIÇÃO DE PAGAMENTOS LTDA;3.130.170;n4;I;2;S4;41;MONTE BELO;MG;03/2022;102;0;0;0;0;0;0;0;0;0;0;0;0;0;0;0;0;0;0;0;0;0;0;0;0;0;0;0;0;0;0;0;0;0;0;0;0;0;0;0;0;5;94;3;0;0;0;0;102;0;0;0;0;0;0;0;0;0;0;0;0;0;0;0;0;0;0;0;0;0;0;0;0;0
COOPERATIVA DE ECONOMIA E CREDITO MUTUO DOS EMPREGADOS NAS INDUSTRIAS QUIMICAS, FARMACEUTICAS E SIMILARES DA REGIAO METROPOLITANA DO RIO DE JANEIRO LTDA;5.424.088;b3S;I;2;S5;9;SAO GONCALO;RJ;03/2022;98;0;0;0;0;0;0;0;0;0;0;0;0;0;0;0;0;0;0;0;0;0;0;0;0;0;0;0;0;0;0;0;0;0;0;0;0;0;0;0;0;13;10;32;43;0;0;0;98;0;0;0;0;0;0;0;0;0;0;0;0;0;0;0;0;0;0;0;0;0;0;0;0;0
COOPERATIVA DE CRÉDITO, POUPANÇA E INVESTIMENTO DOS JUÍZES E CARREIRAS PÚBLICAS DO DIREITO DO ESTADO DO RIO GRANDE DO SUL - SICREDI AJURIS RS;3.750.034;b3S;I;2;S4;9;PORTO ALEGRE;RS;03/2022;97;0;5;11;0;0;0;0;15;0;0;0;0;0;0;0;0;0;7;0;0;0;0;0;7;0;0;0;0;0;0;0;0;0;0;0;0;0;0;0;0;0;62;13;0;0;0;0;75;0;0;0;0;0;0;0;0;0;0;0;0;0;0;0;0;0;0;0;0;0;0;0;0;0
COOPERATIVA DE ECONOMIA E CRÉDITO MÚTUO DOS SERVIDORES PÚBLICOS DO PODER EXECUTIVO FEDERAL NO ESTADO DO ESPÍRITO SANTO - COOPSEFES;3.639.902;b3S;I;2;S5;9;VITORIA;ES;03/2022;92;4;8;23;55;2;0;0;91;0;0;0;0;0;0;0;0;0;1;0;0;0;0;0;1;0;0;0;0;0;0;0;0;0;0;0;0;0;0;0;0;0;0;0;0;0;0;0;0;0;0;0;0;0;0;0;0;0;0;0;0;0;0;0;0;0;0;0;0;0;0;0;0;0
FONTECRED - SOCIEDADE DE CRÉDITO DIRETO S/A;33.890.605;n1;I;2;S5;43;LAGOA DA PRATA;MG;03/2022;81;17;26;33;5;0;0;0;81;0;0;0;0;0;0;0;0;0;0;0;0;0;0;0;0;0;0;0;0;0;0;0;0;0;0;0;0;0;0;0;0;0;0;0;0;0;0;0;0;0;0;0;0;0;0;0;0;0;0;0;0;0;0;0;0;0;0;0;0;0;0;0;0;0
COOPERATIVA DE CREDITO RURAL E ECONOMIA COM INTERAÇÃO SOLIDÁRIA DE OLIVEIRA DOS BREJINHOS - CRESOL OLIVEIRA DOS BREJINHOS;5.428.587;b3S;I;2;S5;9;OLIVEIRA DOS BREJINHOS;BA;03/2022;78;0;14;17;33;0;0;0;64;0;1;3;10;0;0;0;14;0;0;0;0;0;0;0;0;0;0;0;0;0;0;0;0;0;0;0;0;0;0;0;0;0;0;0;0;0;0;0;0;0;0;0;0;0;0;0;0;0;0;0;0;0;0;0;0;0;0;0;0;0;0;0;0;0
COOPERATIVA DE ECONOMIA E CRÉDITO MÚTUO DOS EMPREGADOS DA CONFAB;59.305.565;b3S;I;2;S5;9;PINDAMONHANGABA;SP;03/2022;77;0;0;0;0;0;0;0;0;0;0;0;0;0;0;0;0;0;0;0;0;0;0;0;0;0;0;0;0;0;0;0;0;0;0;0;0;0;0;0;0;0;77;0;0;0;0;0;77;0;0;0;0;0;0;0;0;0;0;0;0;0;0;0;0;0;0;0;0;0;0;0;0;0
J17 - SOCIEDADE DE CRÉDITO DIRETO S/A;40.475.846;n1;I;2;S5;43;LONDRINA;PR;03/2022;72;0;31;42;0;0;0;0;72;0;0;0;0;0;0;0;0;0;0;0;0;0;0;0;0;0;0;0;0;0;0;0;0;0;0;0;0;0;0;0;0;0;0;0;0;0;0;0;0;0;0;0;0;0;0;0;0;0;0;0;0;0;0;0;0;0;0;0;0;0;0;0;0;0
BRCARD SOCIEDADE DE CRÉDITO DIRETO S/A;39.431.423;n1;I;2;S5;43;CALDAS NOVAS;GO;03/2022;68;6;39;22;0;0;0;0;68;0;0;0;0;0;0;0;0;0;0;0;0;0;0;0;0;0;0;0;0;0;0;0;0;0;0;0;0;0;0;0;0;0;0;0;0;0;0;0;0;0;0;0;0;0;0;0;0;0;0;0;0;0;0;0;0;0;0;0;0;0;0;0;0;0
COOPERATIVA DE CRÉDITO DOS FORNECEDORES DE CANA DE BARRA BONITA E REGIÃO;44.746.352;b3S;I;2;S5;9;BARRA BONITA;SP;03/2022;62;0;0;0;0;0;0;0;0;0;0;0;0;0;0;0;0;0;16;0;0;0;0;0;16;0;0;0;0;0;0;0;0;0;0;0;0;0;0;0;0;0;46;0;0;0;0;0;46;0;0;0;0;0;0;0;0;0;0;0;0;0;0;0;0;0;0;0;0;0;0;0;0;0
COOPERATIVA DE CRÉDITO, POUPANÇA E INVESTIMENTO DO SISTEMA DE JUSTIÇA NO ESTADO DO CEARÁ - SICREDI COOPERJURIS;8.041.950;b3S;I;2;S5;9;FORTALEZA;CE;03/2022;53;0;2;5;12;1;0;0;18;0;6;5;2;0;0;0;12;0;10;0;0;0;0;0;10;0;0;0;0;0;0;0;0;0;0;0;0;0;0;0;0;0;12;0;0;0;0;0;12;0;0;0;0;0;0;0;0;0;0;0;0;0;0;0;0;0;0;0;0;0;0;0;0;0
COOPERATIVA DE CRÉDITO MÚTUO DOS EMPREGADOS DAS INDÚSTRIAS DO PAPEL, PAPELÃO E CORTIÇA DE OTACÍLIO COSTA, LAGES E CORREA PINTO - PAPELCREDI;6.369.729;b3S;I;2;S5;9;OTACILIO COSTA;SC;03/2022;53;0;0;0;0;0;0;0;0;0;0;0;0;0;0;0;0;0;0;0;0;0;0;0;0;0;0;0;0;0;0;0;0;0;0;0;0;0;0;0;0;2;11;23;16;0;0;0;53;0;0;0;0;0;0;0;0;0;0;0;0;0;0;0;0;0;0;0;0;0;0;0;0;0
SICREDI COOMAMP - COOPERATIVA DE CRÉDITO DOS MEMBROS DE INSTITUIÇÕES PÚBLICAS DAS CARREIRAS JURÍDICAS E DOS SERVIDORES PÚBLICOS FEDERAIS, ESTADUAIS E MUNICIPAIS EM SÃO LUÍS/MA E MUNICÍPIOS CIRCUNVIZIN;5.545.390;b3S;I;2;S5;9;SAO LUIS;MA;03/2022;51;0;1;0;0;0;0;0;1;0;0;0;0;0;0;0;0;0;0;0;0;0;0;0;0;0;0;0;0;0;0;0;0;0;0;0;0;0;0;0;0;0;44;6;0;0;0;0;50;0;0;0;0;0;0;0;0;0;0;0;0;0;0;0;0;0;0;0;0;0;0;0;0;0
COOPERATIVA DE CRÉDITO RURAL - CREDICANA;44.373.041;b3S;I;2;S5;9;ASSIS;SP;03/2022;40;0;0;0;0;0;0;0;0;0;0;0;0;0;0;0;0;0;0;0;0;0;0;0;0;0;0;0;0;0;0;0;0;0;0;0;0;0;0;0;0;0;8;26;6;0;0;0;40;0;0;0;0;0;0;0;0;0;0;0;0;0;0;0;0;0;0;0;0;0;0;0;0;0
WILL FINANCEIRA S.A. CRÉDITO, FINANCIAMENTO E INVESTIMENTO;23.862.762;n1;I;2;S4;14;SAO PAULO;SP;03/2022;40;16;14;9;0;0;0;0;40;0;0;0;0;0;0;0;0;0;0;0;0;0;0;0;0;0;0;0;0;0;0;0;0;0;0;0;0;0;0;0;0;0;0;0;0;0;0;0;0;0;0;0;0;0;0;0;0;0;0;0;0;0;0;0;0;0;0;0;0;0;0;0;0;0
COOPERATIVA DE CRÉDITO MÚTUO DOS SERVIDORES PÚBLICOS MUNICIPAIS DE JABOTICABAL - COOPERSERV;881.829;b3S;I;2;S5;9;JABOTICABAL;SP;03/2022;38;0;3;7;23;6;0;0;38;0;0;0;0;0;0;0;0;0;0;0;0;0;0;0;0;0;0;0;0;0;0;0;0;0;0;0;0;0;0;0;0;0;0;0;0;0;0;0;0;0;0;0;0;0;0;0;0;0;0;0;0;0;0;0;0;0;0;0;0;0;0;0;0;0
COOPERATIVA DE ECONOMIA E CRÉDITO MÚTUO DOS EMPREGADOS DA PONTIFÍCIA UNIVERSIDADE CATÓLICA DO RIO DE JANEIRO E EMPREGADOS EM ESTABELECIMENTOS PRIVADOS DE ENSINO DO MUNICÍPIO DO RIO DE JANEIRO LTDA.;42.445.122;b3S;I;2;S5;9;RIO DE JANEIRO;RJ;03/2022;32;10;9;13;0;0;0;0;32;0;0;0;0;0;0;0;0;0;0;0;0;0;0;0;0;0;0;0;0;0;0;0;0;0;0;0;0;0;0;0;0;0;0;0;0;0;0;0;0;0;0;0;0;0;0;0;0;0;0;0;0;0;0;0;0;0;0;0;0;0;0;0;0;0
COOPERATIVA DE CRÉDITO MÚTUO DOS EMPREGADOS DA SKF E COLIGADAS;49.091.119;b3S;I;2;S5;9;CAJAMAR;SP;03/2022;29;0;29;0;0;0;0;0;29;0;0;0;0;0;0;0;0;0;0;0;0;0;0;0;0;0;0;0;0;0;0;0;0;0;0;0;0;0;0;0;0;0;0;0;0;0;0;0;0;0;0;0;0;0;0;0;0;0;0;0;0;0;0;0;0;0;0;0;0;0;0;0;0;0
CARTOS SOCIEDADE DE CRÉDITO DIRETO S.A.;21.332.862;n1;I;2;S5;43;SAO PAULO;SP;03/2022;29;0;11;18;0;0;0;0;29;0;0;0;0;0;0;0;0;0;0;0;0;0;0;0;0;0;0;0;0;0;0;0;0;0;0;0;0;0;0;0;0;0;0;0;0;0;0;0;0;0;0;0;0;0;0;0;0;0;0;0;0;0;0;0;0;0;0;0;0;0;0;0;0;0
TULLETT PREBON BRASIL;52.027;n2;C;3;S4;196;SAO PAULO;SP;03/2022;18;0;0;0;0;0;0;0;0;0;0;0;0;0;0;0;0;0;0;0;0;0;0;0;0;0;0;0;0;0;0;0;0;0;0;0;0;0;0;0;0;0;0;0;0;0;0;18;18;0;0;0;0;0;0;0;0;0;0;0;0;0;0;0;0;0;0;0;0;0;0;0;0;0
PAGSEGURO INTERNET INSTITUIÇÃO DE PAGAMENTO S.A.;8.561.701;n4;I;2;S4;41;SAO PAULO;SP;03/2022;18;0;0;0;0;0;0;0;0;0;0;0;0;0;0;0;0;0;0;0;0;0;0;0;0;0;0;0;0;0;0;0;0;0;0;0;0;0;0;0;0;0;16;2;0;0;0;0;18;0;0;0;0;0;0;0;0;0;0;0;0;0;0;0;0;0;0;0;0;0;0;0;0;0
COOPERATIVA DE ECONOMIA E CRÉDITO MÚTUO DOS SERVIDORES DO PODER JUDICIÁRIO, DO TRIBUNAL DE CONTAS ESTADUAL E DEMAIS ÓRGÃOS PÚBLICOS MUNICIPAIS, ESTADUAIS E FEDERAIS NO ESTADO DO RIO DE JANEIRO LTDA. –;2.000.895;b3S;I;2;S5;9;RIO DE JANEIRO;RJ;03/2022;17;0;0;0;0;0;0;0;0;0;0;0;0;0;0;0;0;0;16;0;0;0;0;0;16;0;0;0;0;0;0;0;0;0;0;0;0;0;0;0;0;0;1;0;0;0;0;0;1;0;0;0;0;0;0;0;0;0;0;0;0;0;0;0;0;0;0;0;0;0;0;0;0;0
COOPERFORTE - COOPERATIVA DE ECONOMIA E CRÉDITO MÚTUO DE FUNCIONÁRIOS DE INSTITUIÇÕES FINANCEIRAS PÚBLICAS FEDERAIS LTDA.;1.658.426;b3S;I;2;S5;9;BRASILIA;DF;03/2022;14;0;0;0;0;0;0;0;0;0;0;0;0;0;0;0;0;0;0;0;0;0;0;0;0;0;0;0;0;0;0;0;0;0;0;0;0;0;0;0;0;0;6;9;0;0;0;0;14;0;0;0;0;0;0;0;0;0;0;0;0;0;0;0;0;0;0;0;0;0;0;0;0;0
COOPERATIVA DE ECONOMIA E CRÉDITO MÚTUO DOS SERVIDORES DA FACULDADE DE ENGENHARIA DE ILHA SOLTEIRA - COOPERFEIS;96.409.263;b3S;I;2;S5;9;ILHA SOLTEIRA;SP;03/2022;13;0;1;4;7;0;0;0;13;0;0;0;0;0;0;0;0;0;0;0;0;0;0;0;0;0;0;0;0;0;0;0;0;0;0;0;0;0;0;0;0;0;0;0;0;0;0;0;0;0;0;0;0;0;0;0;0;0;0;0;0;0;0;0;0;0;0;0;0;0;0;0;0;0
COBUCCIO SOCIEDADE DE CRÉDITO DIRETO S.A.;36.947.229;n1;I;2;S4;43;MONTE BELO;MG;03/2022;12;10;3;0;0;0;0;0;12;0;0;0;0;0;0;0;0;0;0;0;0;0;0;0;0;0;0;0;0;0;0;0;0;0;0;0;0;0;0;0;0;0;0;0;0;0;0;0;0;0;0;0;0;0;0;0;0;0;0;0;0;0;0;0;0;0;0;0;0;0;0;0;0;0
COOPERATIVA DE ECONOMIA E CRÉDITO MÚTUO DOS PETROLEIROS NO ESTADO DE MINAS GERAIS LTDA. - COPETRO;26.758.433;b3S;I;2;S5;9;BELO HORIZONTE;MG;03/2022;11;0;2;5;4;0;0;0;11;0;0;0;0;0;0;0;0;0;0;0;0;0;0;0;0;0;0;0;0;0;0;0;0;0;0;0;0;0;0;0;0;0;0;0;0;0;0;0;0;0;0;0;0;0;0;0;0;0;0;0;0;0;0;0;0;0;0;0;0;0;0;0;0;0
COOPERATIVA DE ECONOMIA E CREDITO MUTUO DOS SERVIDORES ESTATUTARIOS DA ADMINISTRACAO DIRETA DO ESTADO DO ESPIRITO SANTO - COOPFISCO;2.475.222;b3S;I;2;S5;9;VITORIA;ES;03/2022;9;0;4;6;0;0;0;0;9;0;0;0;0;0;0;0;0;0;0;0;0;0;0;0;0;0;0;0;0;0;0;0;0;0;0;0;0;0;0;0;0;0;0;0;0;0;0;0;0;0;0;0;0;0;0;0;0;0;0;0;0;0;0;0;0;0;0;0;0;0;0;0;0;0
COOPERATIVA DE CRÉDITO MÚTUO DOS DISTRIBUIDORES DE BEBIDAS DO ESTADO DE SÃO PAULO - SICOOB CREDIBESP;7.753.938;b3S;I;2;S5;9;SAO PAULO;SP;03/2022;9;0;3;6;0;0;0;0;9;0;0;0;0;0;0;0;0;0;0;0;0;0;0;0;0;0;0;0;0;0;0;0;0;0;0;0;0;0;0;0;0;0;0;0;0;0;0;0;0;0;0;0;0;0;0;0;0;0;0;0;0;0;0;0;0;0;0;0;0;0;0;0;0;0
COOPERATIVA DE ECONOMIA E CREDITO MUTUO DOS FUNCIONARIOS DA SANEPAR - CREDISANEPAR;3.165.497;b3S;I;2;S5;9;CASCAVEL;PR;03/2022;9;2;3;4;0;0;0;0;9;0;0;0;0;0;0;0;0;0;0;0;0;0;0;0;0;0;0;0;0;0;0;0;0;0;0;0;0;0;0;0;0;0;0;0;0;0;0;0;0;0;0;0;0;0;0;0;0;0;0;0;0;0;0;0;0;0;0;0;0;0;0;0;0;0
COOPERATIVA DE ECONOMIA E CRÉDITO MÚTUO DOS FUNCIONÁRIOS DA SECRETARIA DE ESTADO DA FAZENDA E ÓRGÃOS OFICIAIS DO ESTADO DE MINAS GERAIS LTDA - SICOOB COOPSEF;16.721.078;b3S;I;2;S5;9;BELO HORIZONTE;MG;03/2022;8;0;0;0;0;0;0;0;0;0;0;0;0;0;0;0;0;0;8;0;0;0;0;0;8;0;0;0;0;0;0;0;0;0;0;0;0;0;0;0;0;0;0;0;0;0;0;0;0;0;0;0;0;0;0;0;0;0;0;0;0;0;0;0;0;0;0;0;0;0;0;0;0;0
SCB CRÉDITO SOCIEDADE DE CRÉDITO AO MICROEMPREENDEDOR E À EMPRESA DE PEQUENO PORTE LTDA.;8.430.732;n1;I;2;S5;10;FORTALEZA;CE;03/2022;5;5;0;0;0;0;0;0;5;0;0;0;0;0;0;0;0;0;0;0;0;0;0;0;0;0;0;0;0;0;0;0;0;0;0;0;0;0;0;0;0;0;0;0;0;0;0;0;0;0;0;0;0;0;0;0;0;0;0;0;0;0;0;0;0;0;0;0;0;0;0;0;0;0
COOPERATIVA DE CRÉDITO MÚTUO DOS EMPREGADOS DO CENTRO UNIVERSITÁRIO NEWTON PAIVA LTDA. - CREDIPAIVA;20.833.992;b3S;I;2;S5;9;BELO HORIZONTE;MG;03/2022;5;0;2;3;0;0;0;0;5;0;0;0;0;0;0;0;0;0;0;0;0;0;0;0;0;0;0;0;0;0;0;0;0;0;0;0;0;0;0;0;0;0;0;0;0;0;0;0;0;0;0;0;0;0;0;0;0;0;0;0;0;0;0;0;0;0;0;0;0;0;0;0;0;0
CREDBRASIL - SOCIEDADE DE CRÉDITO AO MICROEMPREENDEDOR LTDA;3.635.061;n1;I;2;S5;10;PAULINIA;SP;03/2022;3;3;0;0;0;0;0;0;3;0;0;0;0;0;0;0;0;0;0;0;0;0;0;0;0;0;0;0;0;0;0;0;0;0;0;0;0;0;0;0;0;0;0;0;0;0;0;0;0;0;0;0;0;0;0;0;0;0;0;0;0;0;0;0;0;0;0;0;0;0;0;0;0;0
COOPERATIVA DE CRÉDITO MÚTUO DOS SERVIDORES MUNICIPAIS DE SÃO JOÃO DA BOA VISTA - CREDIVISTA;74.248.949;b3S;I;2;S5;9;SAO JOAO DA BOA VISTA;SP;03/2022;3;0;0;0;0;0;0;0;0;0;0;0;0;0;0;0;0;0;3;0;0;0;0;0;3;0;0;0;0;0;0;0;0;0;0;0;0;0;0;0;0;0;0;0;0;0;0;0;0;0;0;0;0;0;0;0;0;0;0;0;0;0;0;0;0;0;0;0;0;0;0;0;0;0
COOPERATIVA  ECONOMIA CRÉDITO MÚTUO  SERVS E EMPREGADOS PÚBLICOS MUNIC DE BELO HORIZONTE BETIM BRUMADINHO CONTAGEM IBIRITÉ NOVA LIMA RIBEIRÃO DAS NEVES SABARÁ SANTA LUZIA E VESPASIANO SICOOB CREDISERV;1.864.151;b3S;I;2;S5;9;BELO HORIZONTE;MG;03/2022;2;0;0;0;0;0;0;0;0;0;0;0;0;0;0;0;0;0;0;2;0;0;0;0;2;0;0;0;0;0;0;0;0;0;0;0;0;0;0;0;0;0;0;0;0;0;0;0;0;0;0;0;0;0;0;0;0;0;0;0;0;0;0;0;0;0;0;0;0;0;0;0;0;0
COOPERATIVA DE CRÉDITO RURAL DO AGRESTE ALAGOANO - COOPERAGRE;8.482.873;b3S;I;2;S5;9;IGACI;AL;03/2022;1;0;0;0;0;0;0;0;0;0;0;0;0;0;0;0;0;0;0;0;0;0;0;0;0;0;0;0;0;0;0;0;0;0;0;0;0;0;0;0;0;0;0;0;0;0;0;0;1;0;0;0;0;0;0;0;0;0;0;0;0;0;0;0;0;0;0;0;0;0;0;0;0;0
COOPERATIVA DE ECONOMIA E CRÉDITO MÚTUO DOS SERVIDORES DA ADMINISTRAÇÃO PÚBLICA MUNICIPAL DE PORTO ALEGRE - MUNICRED;5.460.750;b3S;I;2;S5;9;PORTO ALEGRE;RS;03/2022;0;0;0;0;0;0;0;0;0;0;0;0;0;0;0;0;0;0;0;0;0;0;0;0;0;0;0;0;0;0;0;0;0;0;0;0;0;0;0;0;0;0;0;0;0;0;0;0;0;0;0;0;0;0;0;0;0;0;0;0;0;0;0;0;0;0;0;0;0;0;0;0;0;0
VR;50.524;b1;C;2;S4;199;SAO PAULO;SP;03/2022;0;0;0;0;0;0;0;0;0;0;0;0;0;0;0;0;0;0;0;0;0;0;0;0;0;0;0;0;0;0;0;0;0;0;0;0;0;0;0;0;0;0;0;0;0;0;0;0;0;0;0;0;0;0;0;0;0;0;0;0;0;0;0;0;0;0;0;0;0;0;0;0;0;0
COOPERATIVA DE ECONOMIA E CRÉDITO MÚTUO DOS EMPREGADOS DAS EMPRESAS SOMART LTDA.;129.753;b3S;I;2;S5;9;URUCANIA;MG;03/2022;0;0;0;0;0;0;0;0;0;0;0;0;0;0;0;0;0;0;0;0;0;0;0;0;0;0;0;0;0;0;0;0;0;0;0;0;0;0;0;0;0;0;0;0;0;0;0;0;0;0;0;0;0;0;0;0;0;0;0;0;0;0;0;0;0;0;0;0;0;0;0;0;0;0
COOPERATIVA DE ECONOMIA E CREDITO MUTUO DOS EMPREGADOS DAS EMPRESAS DE TRANSPORTES COLETIVOS RODOVIÁRIOS DE PASSAGEIROS DO GRANDE RIO LTDA;141.155;b3S;I;2;S5;9;SAO GONCALO;RJ;03/2022;0;0;0;0;0;0;0;0;0;0;0;0;0;0;0;0;0;0;0;0;0;0;0;0;0;0;0;0;0;0;0;0;0;0;0;0;0;0;0;0;0;0;0;0;0;0;0;0;0;0;0;0;0;0;0;0;0;0;0;0;0;0;0;0;0;0;0;0;0;0;0;0;0;0
AGK CORRETORA DE CAMBIO S.A.;250.699;n2;I;2;S4;21;SAO PAULO;SP;03/2022;0;NA;NA;NA;NA;NA;NA;NA;NA;NA;NA;NA;NA;NA;NA;NA;NA;NA;NA;NA;NA;NA;NA;NA;NA;NA;NA;NA;NA;NA;NA;NA;NA;NA;NA;NA;NA;NA;NA;NA;NA;NA;NA;NA;NA;NA;NA;NA;NA;NA;NA;NA;NA;NA;NA;NA;NA;NA;NA;NA;NA;NA;NA;NA;NA;NA;NA;NA;NA;NA;NA;NA;NA;NA
CONFEDERAÇÃO NACIONAL DAS COOPERATIVAS CENTRAIS UNICRED LTDA. - UNICRED DO BRASIL.;315.557;b3C;I;2;S4;9;SAO PAULO;SP;03/2022;0;NI;NI;NI;NI;NI;NI;NI;NI;NI;NI;NI;NI;NI;NI;NI;NI;NI;NI;NI;NI;NI;NI;NI;NI;NI;NI;NI;NI;NI;NI;NI;NI;NI;NI;NI;NI;NI;NI;NI;NI;NI;NI;NI;NI;NI;NI;NI;NI;NI;NI;NI;NI;NI;NI;NI;NI;NI;NI;NI;NI;NI;NI;NI;NI;NI;NI;NI;NI;NI;NI;NI;NI;NI
ÍNDIGO INVESTIMENTOS DISTRIBUIDORA DE TÍTULOS E VALORES MOBILIÁRIOS LTDA.;329.598;n2;I;2;S4;16;SAO PAULO;SP;03/2022;0;NI;NI;NI;NI;NI;NI;NI;NI;NI;NI;NI;NI;NI;NI;NI;NI;NI;NI;NI;NI;NI;NI;NI;NI;NI;NI;NI;NI;NI;NI;NI;NI;NI;NI;NI;NI;NI;NI;NI;NI;NI;NI;NI;NI;NI;NI;NI;NI;NI;NI;NI;NI;NI;NI;NI;NI;NI;NI;NI;NI;NI;NI;NI;NI;NI;NI;NI;NI;NI;NI;NI;NI;NI
COINVALORES CORRETORA DE CÂMBIO E VALORES MOBILIÁRIOS LTDA.;336.036;n2;I;2;S5;15;SAO PAULO;SP;03/2022;0;NI;NI;NI;NI;NI;NI;NI;NI;NI;NI;NI;NI;NI;NI;NI;NI;NI;NI;NI;NI;NI;NI;NI;NI;NI;NI;NI;NI;NI;NI;NI;NI;NI;NI;NI;NI;NI;NI;NI;NI;NI;NI;NI;NI;NI;NI;NI;NI;NI;NI;NI;NI;NI;NI;NI;NI;NI;NI;NI;NI;NI;NI;NI;NI;NI;NI;NI;NI;NI;NI;NI;NI;NI
COLUNA S/A DISTRIBUIDORA DE TITULOS E VALORES MOBILIÁRIOS;460.065;n2;I;2;S4;16;RIO DE JANEIRO;RJ;03/2022;0;NI;NI;NI;NI;NI;NI;NI;NI;NI;NI;NI;NI;NI;NI;NI;NI;NI;NI;NI;NI;NI;NI;NI;NI;NI;NI;NI;NI;NI;NI;NI;NI;NI;NI;NI;NI;NI;NI;NI;NI;NI;NI;NI;NI;NI;NI;NI;NI;NI;NI;NI;NI;NI;NI;NI;NI;NI;NI;NI;NI;NI;NI;NI;NI;NI;NI;NI;NI;NI;NI;NI;NI;NI
COOPERATIVA CENTRAL DE CRÉDITO UNICRED CONEXÃO LTDA - UNICRED CENTRAL CONEXÃO;543.968;b3C;I;2;S4;9;FLORIANOPOLIS;SC;03/2022;0;NI;NI;NI;NI;NI;NI;NI;NI;NI;NI;NI;NI;NI;NI;NI;NI;NI;NI;NI;NI;NI;NI;NI;NI;NI;NI;NI;NI;NI;NI;NI;NI;NI;NI;NI;NI;NI;NI;NI;NI;NI;NI;NI;NI;NI;NI;NI;NI;NI;NI;NI;NI;NI;NI;NI;NI;NI;NI;NI;NI;NI;NI;NI;NI;NI;NI;NI;NI;NI;NI;NI;NI;NI
COOPERATIVA DE ECONOMIA E CRÉDITO MÚTUO DOS FUNCIONÁRIOS DO GRUPO SUGGAR LTDA.;548.980;b3S;I;2;S5;9;BELO HORIZONTE;MG;03/2022;0;0;0;0;0;0;0;0;0;0;0;0;0;0;0;0;0;0;0;0;0;0;0;0;0;0;0;0;0;0;0;0;0;0;0;0;0;0;0;0;0;0;0;0;0;0;0;0;0;0;0;0;0;0;0;0;0;0;0;0;0;0;0;0;0;0;0;0;0;0;0;0;0;0
COOPERATIVA DE ECONOMIA E CRÉDITO MÚTUO DOS FUNCIONÁRIOS DA MORLAN - CRED MORLAN;731.320;b3S;I;2;S5;9;ORLANDIA;SP;03/2022;0;0;0;0;0;0;0;0;0;0;0;0;0;0;0;0;0;0;0;0;0;0;0;0;0;0;0;0;0;0;0;0;0;0;0;0;0;0;0;0;0;0;0;0;0;0;0;0;0;0;0;0;0;0;0;0;0;0;0;0;0;0;0;0;0;0;0;0;0;0;0;0;0;0
COOPERATIVA DE ECONOMIA E CRÉDITO MÚTUO DOS SERVIDORES DO DISTRITO FEDERAL LTDA. - COOSERVCRED;778.858;b3S;I;2;S5;9;BRASILIA;DF;03/2022;0;0;0;0;0;0;0;0;0;0;0;0;0;0;0;0;0;0;0;0;0;0;0;0;0;0;0;0;0;0;0;0;0;0;0;0;0;0;0;0;0;0;0;0;0;0;0;0;0;0;0;0;0;0;0;0;0;0;0;0;0;0;0;0;0;0;0;0;0;0;0;0;0;0
COOPERATIVA DE ECONOMIA E CRÉDITO MÚTUO DOS EMPREGADOS DA MAGNESITA REFRATÁRIOS S.A. LTDA. - CECREM;913.314;b3S;I;2;S5;9;CONTAGEM;MG;03/2022;0;0;0;0;0;0;0;0;0;0;0;0;0;0;0;0;0;0;0;0;0;0;0;0;0;0;0;0;0;0;0;0;0;0;0;0;0;0;0;0;0;0;0;0;0;0;0;0;0;0;0;0;0;0;0;0;0;0;0;0;0;0;0;0;0;0;0;0;0;0;0;0;0;0
COOPERATIVA DE ECONOMIA E CRÉDITO MÚTUO DOS SERVIDORES DA PREFEITURA MUNICIPAL DE ORLÂNDIA - CRED SERV;946.465;b3S;I;2;S5;9;ORLANDIA;SP;03/2022;0;0;0;0;0;0;0;0;0;0;0;0;0;0;0;0;0;0;0;0;0;0;0;0;0;0;0;0;0;0;0;0;0;0;0;0;0;0;0;0;0;0;0;0;0;0;0;0;0;0;0;0;0;0;0;0;0;0;0;0;0;0;0;0;0;0;0;0;0;0;0;0;0;0
COOPERATIVA DE ECONOMIA E CRÉDITO MÚTUO DOS EMPREGADOS DA MOSAIC FERTILIZANTES DO BRASIL - COCRESGO LTDA.;968.834;b3S;I;2;S5;9;CATALAO;GO;03/2022;0;0;0;0;0;0;0;0;0;0;0;0;0;0;0;0;0;0;0;0;0;0;0;0;0;0;0;0;0;0;0;0;0;0;0;0;0;0;0;0;0;0;0;0;0;0;0;0;0;0;0;0;0;0;0;0;0;0;0;0;0;0;0;0;0;0;0;0;0;0;0;0;0;0
COOPERATIVA DE CRÉDITO UNICOPER;977.212;b3S;I;2;S5;9;SAO PAULO;SP;03/2022;0;0;0;0;0;0;0;0;0;0;0;0;0;0;0;0;0;0;0;0;0;0;0;0;0;0;0;0;0;0;0;0;0;0;0;0;0;0;0;0;0;0;0;0;0;0;0;0;0;0;0;0;0;0;0;0;0;0;0;0;0;0;0;0;0;0;0;0;0;0;0;0;0;0
WORLDPAY DO BRASIL INSTITUICAO DE PAGAMENTO LTDA;991.143;n4;I;2;;41;SAO PAULO;SP;03/2022;0;NI;NI;NI;NI;NI;NI;NI;NI;NI;NI;NI;NI;NI;NI;NI;NI;NI;NI;NI;NI;NI;NI;NI;NI;NI;NI;NI;NI;NI;NI;NI;NI;NI;NI;NI;NI;NI;NI;NI;NI;NI;NI;NI;NI;NI;NI;NI;NI;NI;NI;NI;NI;NI;NI;NI;NI;NI;NI;NI;NI;NI;NI;NI;NI;NI;NI;NI;NI;NI;NI;NI;NI;NI
COOPERATIVA DE ECONOMIA E CRÉDITO MÚTUO DOS SERVIDORES PÚBLICOS DA REGIÃO METROPOLITANA DE BELÉM - CREDISIS CREDBEM METROPOLITANA;991.739;b3S;I;2;S5;9;BELEM;PA;03/2022;0;0;0;0;0;0;0;0;0;0;0;0;0;0;0;0;0;0;0;0;0;0;0;0;0;0;0;0;0;0;0;0;0;0;0;0;0;0;0;0;0;0;0;0;0;0;0;0;0;0;0;0;0;0;0;0;0;0;0;0;0;0;0;0;0;0;0;0;0;0;0;0;0;0
BANCO B3 S.A.;997.185;b1;I;2;S4;2;SAO PAULO;SP;03/2022;0;NI;NI;NI;NI;NI;NI;NI;NI;NI;NI;NI;NI;NI;NI;NI;NI;NI;NI;NI;NI;NI;NI;NI;NI;NI;NI;NI;NI;NI;NI;NI;NI;NI;NI;NI;NI;NI;NI;NI;NI;NI;NI;NI;NI;NI;NI;NI;NI;NI;NI;NI;NI;NI;NI;NI;NI;NI;NI;NI;NI;NI;NI;NI;NI;NI;NI;NI;NI;NI;NI;NI;NI;NI
CIELO S.A.;1.027.058;n4;I;2;;41;BARUERI;SP;03/2022;0;NI;NI;NI;NI;NI;NI;NI;NI;NI;NI;NI;NI;NI;NI;NI;NI;NI;NI;NI;NI;NI;NI;NI;NI;NI;NI;NI;NI;NI;NI;NI;NI;NI;NI;NI;NI;NI;NI;NI;NI;NI;NI;NI;NI;NI;NI;NI;NI;NI;NI;NI;NI;NI;NI;NI;NI;NI;NI;NI;NI;NI;NI;NI;NI;NI;NI;NI;NI;NI;NI;NI;NI;NI
COOPERATIVA DE ECONOMIA E CREDITO MUTUO DOS FUNCIONARIOS DA COMIGO;1.062.439;b3S;I;2;S5;9;RIO VERDE;GO;03/2022;0;0;0;0;0;0;0;0;0;0;0;0;0;0;0;0;0;0;0;0;0;0;0;0;0;0;0;0;0;0;0;0;0;0;0;0;0;0;0;0;0;0;0;0;0;0;0;0;0;0;0;0;0;0;0;0;0;0;0;0;0;0;0;0;0;0;0;0;0;0;0;0;0;0
COOPERATIVA DE ECONOMIA E CRÉDITO MÚTUO DOS FUNCIONÁRIOS DA USINA SANTA MARIA - PILONCRED;1.107.759;b3S;I;2;S5;9;CERQUILHO;SP;03/2022;0;0;0;0;0;0;0;0;0;0;0;0;0;0;0;0;0;0;0;0;0;0;0;0;0;0;0;0;0;0;0;0;0;0;0;0;0;0;0;0;0;0;0;0;0;0;0;0;0;0;0;0;0;0;0;0;0;0;0;0;0;0;0;0;0;0;0;0;0;0;0;0;0;0
COOPERATIVA DE CRÉDITO DOS SERVIDORES PÚBLICOS MUNICIPAIS DA GRANDE VITÓRIA/ES;1.235.921;b3S;I;2;S5;9;VITORIA;ES;03/2022;0;0;0;0;0;0;0;0;0;0;0;0;0;0;0;0;0;0;0;0;0;0;0;0;0;0;0;0;0;0;0;0;0;0;0;0;0;0;0;0;0;0;0;0;0;0;0;0;0;0;0;0;0;0;0;0;0;0;0;0;0;0;0;0;0;0;0;0;0;0;0;0;0;0
COOPERATIVA DE ECONOMIA E CRÉDITO MÚTUO DOS FUNCIONÁRIOS DA ASTRAZENECA DO BRASIL;1.288.797;b3S;I;2;S5;9;COTIA;SP;03/2022;0;0;0;0;0;0;0;0;0;0;0;0;0;0;0;0;0;0;0;0;0;0;0;0;0;0;0;0;0;0;0;0;0;0;0;0;0;0;0;0;0;0;0;0;0;0;0;0;0;0;0;0;0;0;0;0;0;0;0;0;0;0;0;0;0;0;0;0;0;0;0;0;0;0
COOPERATIVA DE ECONOMIA E CRÉDITO MÚTUO DOS BANCÁRIOS DO TRIÂNGULO LTDA.;1.301.541;b3S;I;2;S5;9;UBERLANDIA;MG;03/2022;0;0;0;0;0;0;0;0;0;0;0;0;0;0;0;0;0;0;0;0;0;0;0;0;0;0;0;0;0;0;0;0;0;0;0;0;0;0;0;0;0;0;0;0;0;0;0;0;0;0;0;0;0;0;0;0;0;0;0;0;0;0;0;0;0;0;0;0;0;0;0;0;0;0
REDECARD INSTITUIÇÃO DE PAGAMENTO S.A.;1.425.787;n4;I;2;S1;41;SAO PAULO;SP;03/2022;0;NI;NI;NI;NI;NI;NI;NI;NI;NI;NI;NI;NI;NI;NI;NI;NI;NI;NI;NI;NI;NI;NI;NI;NI;NI;NI;NI;NI;NI;NI;NI;NI;NI;NI;NI;NI;NI;NI;NI;NI;NI;NI;NI;NI;NI;NI;NI;NI;NI;NI;NI;NI;NI;NI;NI;NI;NI;NI;NI;NI;NI;NI;NI;NI;NI;NI;NI;NI;NI;NI;NI;NI;NI
COOPERATIVA DE ECONOMIA E CRÉDITO MÚTUO DOS FUNCIONÁRIOS DO GRUPO COSAN - BARRACRED COSAN;1.439.107;b3S;I;2;S5;9;BARRA BONITA;SP;03/2022;0;0;0;0;0;0;0;0;0;0;0;0;0;0;0;0;0;0;0;0;0;0;0;0;0;0;0;0;0;0;0;0;0;0;0;0;0;0;0;0;0;0;0;0;0;0;0;0;0;0;0;0;0;0;0;0;0;0;0;0;0;0;0;0;0;0;0;0;0;0;0;0;0;0
COOPERATIVA DE ECONOMIA E CRÉDITO MÚTUO DOS FUNCIONÁRIOS DAS EMPRESAS MELHORAMENTOS DE SÃO PAULO - COOPERMEL;1.504.952;b3S;I;2;S5;9;SAO PAULO;SP;03/2022;0;0;0;0;0;0;0;0;0;0;0;0;0;0;0;0;0;0;0;0;0;0;0;0;0;0;0;0;0;0;0;0;0;0;0;0;0;0;0;0;0;0;0;0;0;0;0;0;0;0;0;0;0;0;0;0;0;0;0;0;0;0;0;0;0;0;0;0;0;0;0;0;0;0
COOPERATIVA DE ECONOMIA E CRÉDITO MÚTUO DOS FUNCIONÁRIOS DA COMPANHIA PAULISTA DE TRENS METROPOLITANOS - COOPERTREM;1.530.136;b3S;I;2;S5;9;OSASCO;SP;03/2022;0;0;0;0;0;0;0;0;0;0;0;0;0;0;0;0;0;0;0;0;0;0;0;0;0;0;0;0;0;0;0;0;0;0;0;0;0;0;0;0;0;0;0;0;0;0;0;0;0;0;0;0;0;0;0;0;0;0;0;0;0;0;0;0;0;0;0;0;0;0;0;0;0;0
COOPERATIVA DE ECONOMIA E CREDITO MUTUO DOS FUNCIONARIOS DO EXPRESSO PRINCESA DOS CAMPOS;1.551.820;b3S;I;2;S5;9;PONTA GROSSA;PR;03/2022;0;0;0;0;0;0;0;0;0;0;0;0;0;0;0;0;0;0;0;0;0;0;0;0;0;0;0;0;0;0;0;0;0;0;0;0;0;0;0;0;0;0;0;0;0;0;0;0;0;0;0;0;0;0;0;0;0;0;0;0;0;0;0;0;0;0;0;0;0;0;0;0;0;0
OPPORTUNITY DISTRIBUIDORA DE TÍTULOS E VALORES MOBILIÁRIOS LTDA;1.582.158;n2;I;2;S4;16;RIO DE JANEIRO;RJ;03/2022;0;NI;NI;NI;NI;NI;NI;NI;NI;NI;NI;NI;NI;NI;NI;NI;NI;NI;NI;NI;NI;NI;NI;NI;NI;NI;NI;NI;NI;NI;NI;NI;NI;NI;NI;NI;NI;NI;NI;NI;NI;NI;NI;NI;NI;NI;NI;NI;NI;NI;NI;NI;NI;NI;NI;NI;NI;NI;NI;NI;NI;NI;NI;NI;NI;NI;NI;NI;NI;NI;NI;NI;NI;NI
H.COMMCOR DISTRIBUIDORA DE TÍTULOS E VALORES MOBILIÁRIOS LTDA.;1.788.147;n2;I;2;S4;16;SAO PAULO;SP;03/2022;0;NI;NI;NI;NI;NI;NI;NI;NI;NI;NI;NI;NI;NI;NI;NI;NI;NI;NI;NI;NI;NI;NI;NI;NI;NI;NI;NI;NI;NI;NI;NI;NI;NI;NI;NI;NI;NI;NI;NI;NI;NI;NI;NI;NI;NI;NI;NI;NI;NI;NI;NI;NI;NI;NI;NI;NI;NI;NI;NI;NI;NI;NI;NI;NI;NI;NI;NI;NI;NI;NI;NI;NI;NI
COOPERATIVA DE ECONOMIA E CREDITO MUTUO DOS SERVIDORES MUNICIPAIS DO SUL FLUMINENSE LTDA.;1.819.799;b3S;I;2;S5;9;VOLTA REDONDA;RJ;03/2022;0;0;0;0;0;0;0;0;0;0;0;0;0;0;0;0;0;0;0;0;0;0;0;0;0;0;0;0;0;0;0;0;0;0;0;0;0;0;0;0;0;0;0;0;0;0;0;0;0;0;0;0;0;0;0;0;0;0;0;0;0;0;0;0;0;0;0;0;0;0;0;0;0;0
COOPERATIVA DE ECONOMIA E CRÉDITO MÚTUO DOS TRABALHADORES DA UNIVERSIDADE FEDERAL DE MINAS GERAIS LTDA. - COOPECREMT-UFMG;1.918.144;b3S;I;2;S5;9;BELO HORIZONTE;MG;03/2022;0;0;0;0;0;0;0;0;0;0;0;0;0;0;0;0;0;0;0;0;0;0;0;0;0;0;0;0;0;0;0;0;0;0;0;0;0;0;0;0;0;0;0;0;0;0;0;0;0;0;0;0;0;0;0;0;0;0;0;0;0;0;0;0;0;0;0;0;0;0;0;0;0;0
COOPERATIVA DE ECONOMIA E CRÉDITO MÚTUO DOS FUNCIONÁRIOS DA FUNDAÇÃO ZERBINI E DA FUNDAÇÃO FACULDADE DE MEDICINA (FFM) - COOPINCOR;1.997.612;b3S;I;2;S5;9;SAO PAULO;SP;03/2022;0;0;0;0;0;0;0;0;0;0;0;0;0;0;0;0;0;0;0;0;0;0;0;0;0;0;0;0;0;0;0;0;0;0;0;0;0;0;0;0;0;0;0;0;0;0;0;0;0;0;0;0;0;0;0;0;0;0;0;0;0;0;0;0;0;0;0;0;0;0;0;0;0;0
COOPERATIVA DE ECONOMIA E CRÉDITO MÚTUO DOS EMPREGADOS DO GRUPO COLORADO;2.024.442;b3S;I;2;S5;9;GUAIRA;SP;03/2022;0;0;0;0;0;0;0;0;0;0;0;0;0;0;0;0;0;0;0;0;0;0;0;0;0;0;0;0;0;0;0;0;0;0;0;0;0;0;0;0;0;0;0;0;0;0;0;0;0;0;0;0;0;0;0;0;0;0;0;0;0;0;0;0;0;0;0;0;0;0;0;0;0;0
COOPERATIVA DE CRÉDITO MÚTUO DOS POLICIAIS FEDERAIS E SERVIDORES DA UNIÃO NO ESPÍRITO SANTO - CREDFEDERAL;2.083.914;b3S;I;2;S5;9;VILA VELHA;ES;03/2022;0;0;0;0;0;0;0;0;0;0;0;0;0;0;0;0;0;0;0;0;0;0;0;0;0;0;0;0;0;0;0;0;0;0;0;0;0;0;0;0;0;0;0;0;0;0;0;0;0;0;0;0;0;0;0;0;0;0;0;0;0;0;0;0;0;0;0;0;0;0;0;0;0;0
COOPERATIVA DE CRÉDITO MÚTUO DOS EMPREGADOS DO MAGAZINE LUIZA, EMPRESAS CONTROLADAS E COLIGADAS - COOPLUIZA;2.093.154;b3S;I;2;S5;9;FRANCA;SP;03/2022;0;0;0;0;0;0;0;0;0;0;0;0;0;0;0;0;0;0;0;0;0;0;0;0;0;0;0;0;0;0;0;0;0;0;0;0;0;0;0;0;0;0;0;0;0;0;0;0;0;0;0;0;0;0;0;0;0;0;0;0;0;0;0;0;0;0;0;0;0;0;0;0;0;0
COOPERATIVA DE CRÉDITO MÚTUO DOS EMPREGADOS DA PILKINGTON BRASIL;2.104.058;b3S;I;2;S5;9;CACAPAVA;SP;03/2022;0;0;0;0;0;0;0;0;0;0;0;0;0;0;0;0;0;0;0;0;0;0;0;0;0;0;0;0;0;0;0;0;0;0;0;0;0;0;0;0;0;0;0;0;0;0;0;0;0;0;0;0;0;0;0;0;0;0;0;0;0;0;0;0;0;0;0;0;0;0;0;0;0;0
COOPERATIVA DE ECONOMIA E CRÉDITO MÚTUO DOS FUNCIONÁRIOS PÚBLICOS MUNICIPAIS DE ITAPIRA - CREDITA;2.115.870;b3S;I;2;S5;9;ITAPIRA;SP;03/2022;0;0;0;0;0;0;0;0;0;0;0;0;0;0;0;0;0;0;0;0;0;0;0;0;0;0;0;0;0;0;0;0;0;0;0;0;0;0;0;0;0;0;0;0;0;0;0;0;0;0;0;0;0;0;0;0;0;0;0;0;0;0;0;0;0;0;0;0;0;0;0;0;0;0
COOPERATIVA DE ECONOMIA E CREDITO MUTUO DOS FUNCIONARIOS DA VIACAO NOSSA SENHORA DO AMPARO LTDA. - COPERFAMP;2.192.115;b3S;I;2;S5;9;MARICA;RJ;03/2022;0;0;0;0;0;0;0;0;0;0;0;0;0;0;0;0;0;0;0;0;0;0;0;0;0;0;0;0;0;0;0;0;0;0;0;0;0;0;0;0;0;0;0;0;0;0;0;0;0;0;0;0;0;0;0;0;0;0;0;0;0;0;0;0;0;0;0;0;0;0;0;0;0;0
COOPERATIVA DE ECONOMIA E CRÉDITO MÚTUO DOS EMPREGADOS DOS SUPERMERCADOS RUSSI;2.230.138;b3S;I;2;S5;9;JUNDIAI;SP;03/2022;0;0;0;0;0;0;0;0;0;0;0;0;0;0;0;0;0;0;0;0;0;0;0;0;0;0;0;0;0;0;0;0;0;0;0;0;0;0;0;0;0;0;0;0;0;0;0;0;0;0;0;0;0;0;0;0;0;0;0;0;0;0;0;0;0;0;0;0;0;0;0;0;0;0
COOPERATIVA DE ECONOMIA E CRÉDITO MÚTUO DOS EMPREGADOS DO GRUPO SBF LTDA. - COOPER ATIVA SBF;2.232.228;b3S;I;2;S5;9;SAO PAULO;SP;03/2022;0;0;0;0;0;0;0;0;0;0;0;0;0;0;0;0;0;0;0;0;0;0;0;0;0;0;0;0;0;0;0;0;0;0;0;0;0;0;0;0;0;0;0;0;0;0;0;0;0;0;0;0;0;0;0;0;0;0;0;0;0;0;0;0;0;0;0;0;0;0;0;0;0;0
COOPERATIVA DE ECONOMIA E CRÉDITO MÚTUO DOS SERVIDORES DA UNIVERSIDADE ESTADUAL DE CAMPINAS - COOPERUNICAMP;2.285.107;b3S;I;2;S5;9;CAMPINAS;SP;03/2022;0;0;0;0;0;0;0;0;0;0;0;0;0;0;0;0;0;0;0;0;0;0;0;0;0;0;0;0;0;0;0;0;0;0;0;0;0;0;0;0;0;0;0;0;0;0;0;0;0;0;0;0;0;0;0;0;0;0;0;0;0;0;0;0;0;0;0;0;0;0;0;0;0;0
COOPERATIVA DE ECONOMIA E CREDITO MUTUO DOS EMPREGADOS DO COLEGIO SANTO INACIO - COESI;2.447.184;b3S;I;2;S5;9;RIO DE JANEIRO;RJ;03/2022;0;0;0;0;0;0;0;0;0;0;0;0;0;0;0;0;0;0;0;0;0;0;0;0;0;0;0;0;0;0;0;0;0;0;0;0;0;0;0;0;0;0;0;0;0;0;0;0;0;0;0;0;0;0;0;0;0;0;0;0;0;0;0;0;0;0;0;0;0;0;0;0;0;0
COOPERATIVA DE ECONOMIA E CRÉDITO MÚTUO DOS FUNCIONÁRIOS DAS EMPRESAS DE CERÂMICA - COOPASPACER;2.541.707;b3S;I;2;S5;9;SANTA GERTRUDES;SP;03/2022;0;0;0;0;0;0;0;0;0;0;0;0;0;0;0;0;0;0;0;0;0;0;0;0;0;0;0;0;0;0;0;0;0;0;0;0;0;0;0;0;0;0;0;0;0;0;0;0;0;0;0;0;0;0;0;0;0;0;0;0;0;0;0;0;0;0;0;0;0;0;0;0;0;0
COOPERATIVA DE ECONOMIA E CRÉDITO MÚTUO DOS TRABALHADORES DO GRUPO SÃO MARTINHO   USICRED;2.562.412;b3S;I;2;S5;9;PRADOPOLIS;SP;03/2022;0;0;0;0;0;0;0;0;0;0;0;0;0;0;0;0;0;0;0;0;0;0;0;0;0;0;0;0;0;0;0;0;0;0;0;0;0;0;0;0;0;0;0;0;0;0;0;0;0;0;0;0;0;0;0;0;0;0;0;0;0;0;0;0;0;0;0;0;0;0;0;0;0;0
COOPERATIVA DE ECONOMIA E CRÉDITO MÚTUO DOS COLABORADORES DA UNIÃO BRASILEIRA DE EDUCAÇÃO E ENSINO, UNIÃO NORTE BRASILEIRA DE EDUCAÇÃO E CULTURA & UNIÃO BRASILEIRA DE EDUCAÇÃO CATÓLICA LTDA - COOMAR;2.588.819;b3S;I;2;S5;9;BELO HORIZONTE;MG;03/2022;0;0;0;0;0;0;0;0;0;0;0;0;0;0;0;0;0;0;0;0;0;0;0;0;0;0;0;0;0;0;0;0;0;0;0;0;0;0;0;0;0;0;0;0;0;0;0;0;0;0;0;0;0;0;0;0;0;0;0;0;0;0;0;0;0;0;0;0;0;0;0;0;0;0
COOPSERJ - COOPERATIVA DE CRÉDITO MÚTUO DOS SERVIDORES PÚBLICOS DO PODER EXECUTIVO DO ESTADO DO RIO DE JANEIRO LTDA.;2.723.075;b3S;I;2;S5;9;RIO DE JANEIRO;RJ;03/2022;0;0;0;0;0;0;0;0;0;0;0;0;0;0;0;0;0;0;0;0;0;0;0;0;0;0;0;0;0;0;0;0;0;0;0;0;0;0;0;0;0;0;0;0;0;0;0;0;0;0;0;0;0;0;0;0;0;0;0;0;0;0;0;0;0;0;0;0;0;0;0;0;0;0
FORTBRASIL ADMINISTRADORA DE CARTOES DE CREDITO S/A;2.732.968;n4;I;2;;41;FORTALEZA;CE;03/2022;0;0;0;0;0;0;0;0;0;0;0;0;0;0;0;0;0;0;0;0;0;0;0;0;0;0;0;0;0;0;0;0;0;0;0;0;0;0;0;0;0;0;0;0;0;0;0;0;0;0;0;0;0;0;0;0;0;0;0;0;0;0;0;0;0;0;0;0;0;0;0;0;0;0
COOPERATIVA DE ECONOMIA E CRÉDITO MÚTUO DOS EMPREGADOS DA FUNDAÇÃO ARTHUR BERNARDES LTDA. - COOFAB;2.738.981;b3S;I;2;S5;9;VICOSA;MG;03/2022;0;0;0;0;0;0;0;0;0;0;0;0;0;0;0;0;0;0;0;0;0;0;0;0;0;0;0;0;0;0;0;0;0;0;0;0;0;0;0;0;0;0;0;0;0;0;0;0;0;0;0;0;0;0;0;0;0;0;0;0;0;0;0;0;0;0;0;0;0;0;0;0;0;0
COOPERATIVA DE CRÉDITO COOPHARMA;2.814.832;b3S;I;2;S5;9;SAO PAULO;SP;03/2022;0;0;0;0;0;0;0;0;0;0;0;0;0;0;0;0;0;0;0;0;0;0;0;0;0;0;0;0;0;0;0;0;0;0;0;0;0;0;0;0;0;0;0;0;0;0;0;0;0;0;0;0;0;0;0;0;0;0;0;0;0;0;0;0;0;0;0;0;0;0;0;0;0;0
COOPERATIVA DE ECONOMIA E CREDITO MUTUO DOS TRABALHADORES EM CONSELHOS DE FISCALIZACAO PROFISSIONAL NO MUNICIPIO DO RIO DE JANEIRO LTDA.;2.850.075;b3S;I;2;S5;9;RIO DE JANEIRO;RJ;03/2022;0;0;0;0;0;0;0;0;0;0;0;0;0;0;0;0;0;0;0;0;0;0;0;0;0;0;0;0;0;0;0;0;0;0;0;0;0;0;0;0;0;0;0;0;0;0;0;0;0;0;0;0;0;0;0;0;0;0;0;0;0;0;0;0;0;0;0;0;0;0;0;0;0;0
COOPERATIVA DE ECONOMIA E CREDITO MUTUO DOS FUNCIONARIOS DE INSTITUICOES FINANCEIRAS PUBLICAS NO ESTADO DO ESPIRITO SANTO - CREDBRASIL-ES;2.869.663;b3S;I;2;S5;9;VITORIA;ES;03/2022;0;0;0;0;0;0;0;0;0;0;0;0;0;0;0;0;0;0;0;0;0;0;0;0;0;0;0;0;0;0;0;0;0;0;0;0;0;0;0;0;0;0;0;0;0;0;0;0;0;0;0;0;0;0;0;0;0;0;0;0;0;0;0;0;0;0;0;0;0;0;0;0;0;0
COOPERATIVA DE ECONOMIA E CREDITO MUTUO DOS SERVIDORES DO COLEGIO PEDRO II;2.910.387;b3S;I;2;S5;9;RIO DE JANEIRO;RJ;03/2022;0;0;0;0;0;0;0;0;0;0;0;0;0;0;0;0;0;0;0;0;0;0;0;0;0;0;0;0;0;0;0;0;0;0;0;0;0;0;0;0;0;0;0;0;0;0;0;0;0;0;0;0;0;0;0;0;0;0;0;0;0;0;0;0;0;0;0;0;0;0;0;0;0;0
COOPERATIVA DE ECONOMIA E CREDITO MUTUO DOS FUNCIONARIOS DO GRUPO PROGRESSO LTDA - PROCRED;2.931.166;b3S;I;2;S5;9;TRES RIOS;RJ;03/2022;0;0;0;0;0;0;0;0;0;0;0;0;0;0;0;0;0;0;0;0;0;0;0;0;0;0;0;0;0;0;0;0;0;0;0;0;0;0;0;0;0;0;0;0;0;0;0;0;0;0;0;0;0;0;0;0;0;0;0;0;0;0;0;0;0;0;0;0;0;0;0;0;0;0
TREVISO CORRETORA DE CÂMBIO S.A.;2.992.317;n2;I;2;S4;21;SAO PAULO;SP;03/2022;0;NA;NA;NA;NA;NA;NA;NA;NA;NA;NA;NA;NA;NA;NA;NA;NA;NA;NA;NA;NA;NA;NA;NA;NA;NA;NA;NA;NA;NA;NA;NA;NA;NA;NA;NA;NA;NA;NA;NA;NA;NA;NA;NA;NA;NA;NA;NA;NA;NA;NA;NA;NA;NA;NA;NA;NA;NA;NA;NA;NA;NA;NA;NA;NA;NA;NA;NA;NA;NA;NA;NA;NA;NA
INFINITY CORRETORA DE CÂMBIO, TÍTULOS E VALORES MOBILIÁRIOS S.A.;3.014.007;n2;I;2;S4;15;SAO PAULO;SP;03/2022;0;NI;NI;NI;NI;NI;NI;NI;NI;NI;NI;NI;NI;NI;NI;NI;NI;NI;NI;NI;NI;NI;NI;NI;NI;NI;NI;NI;NI;NI;NI;NI;NI;NI;NI;NI;NI;NI;NI;NI;NI;NI;NI;NI;NI;NI;NI;NI;NI;NI;NI;NI;NI;NI;NI;NI;NI;NI;NI;NI;NI;NI;NI;NI;NI;NI;NI;NI;NI;NI;NI;NI;NI;NI
UNIPRIME CENTRAL - CENTRAL INTERESTADUAL DE COOPERATIVAS DE CREDITO LTDA.;3.046.391;b3C;I;2;S4;9;LONDRINA;PR;03/2022;0;NI;NI;NI;NI;NI;NI;NI;NI;NI;NI;NI;NI;NI;NI;NI;NI;NI;NI;NI;NI;NI;NI;NI;NI;NI;NI;NI;NI;NI;NI;NI;NI;NI;NI;NI;NI;NI;NI;NI;NI;NI;NI;NI;NI;NI;NI;NI;NI;NI;NI;NI;NI;NI;NI;NI;NI;NI;NI;NI;NI;NI;NI;NI;NI;NI;NI;NI;NI;NI;NI;NI;NI;NI
COOPERATIVA DE ECONOMIA E CRÉDITO MÚTUO DOS SERVIDORES PÚBLICOS DO ESTADO DE SÃO PAULO - CREDIPAULISTA;3.139.644;b3S;I;2;S5;9;SAO PAULO;SP;03/2022;0;0;0;0;0;0;0;0;0;0;0;0;0;0;0;0;0;0;0;0;0;0;0;0;0;0;0;0;0;0;0;0;0;0;0;0;0;0;0;0;0;0;0;0;0;0;0;0;0;0;0;0;0;0;0;0;0;0;0;0;0;0;0;0;0;0;0;0;0;0;0;0;0;0
COOPERATIVA DE ECONOMIA E CRÉDITO MÚTUO DOS FUNCIONÁRIOS DO BANESPA DE BOTUCATU E CIDADES LIMÍTROFES;3.219.207;b3S;I;2;S5;9;BOTUCATU;SP;03/2022;0;0;0;0;0;0;0;0;0;0;0;0;0;0;0;0;0;0;0;0;0;0;0;0;0;0;0;0;0;0;0;0;0;0;0;0;0;0;0;0;0;0;0;0;0;0;0;0;0;0;0;0;0;0;0;0;0;0;0;0;0;0;0;0;0;0;0;0;0;0;0;0;0;0
PARATI - CREDITO, FINANCIAMENTO E INVESTIMENTO S.A.;3.311.443;n1;I;2;S5;14;VITORIA;ES;03/2022;0;0;0;0;0;0;0;0;0;0;0;0;0;0;0;0;0;0;0;0;0;0;0;0;0;0;0;0;0;0;0;0;0;0;0;0;0;0;0;0;0;0;0;0;0;0;0;0;0;0;0;0;0;0;0;0;0;0;0;0;0;0;0;0;0;0;0;0;0;0;0;0;0;0
COOPERATIVA DE ECONOMIA E CRÉDITO MÚTUO DOS EMPREGADOS DA EMPRESA SUPERMERCADOS JAU SERVE - COOPERJS;3.400.651;b3S;I;2;S5;9;JAU;SP;03/2022;0;0;0;0;0;0;0;0;0;0;0;0;0;0;0;0;0;0;0;0;0;0;0;0;0;0;0;0;0;0;0;0;0;0;0;0;0;0;0;0;0;0;0;0;0;0;0;0;0;0;0;0;0;0;0;0;0;0;0;0;0;0;0;0;0;0;0;0;0;0;0;0;0;0
COOPERATIVA DE CRÉDITO DOS BANCÁRIOS DE SÃO PAULO E MUNICÍPIOS LIMÍTROFES;3.422.007;b3S;I;2;S5;9;SAO PAULO;SP;03/2022;0;0;0;0;0;0;0;0;0;0;0;0;0;0;0;0;0;0;0;0;0;0;0;0;0;0;0;0;0;0;0;0;0;0;0;0;0;0;0;0;0;0;0;0;0;0;0;0;0;0;0;0;0;0;0;0;0;0;0;0;0;0;0;0;0;0;0;0;0;0;0;0;0;0
AVIPAM CORRETORA DE CAMBIO LTDA;3.443.143;n2;I;2;S4;21;RIO DE JANEIRO;RJ;03/2022;0;NA;NA;NA;NA;NA;NA;NA;NA;NA;NA;NA;NA;NA;NA;NA;NA;NA;NA;NA;NA;NA;NA;NA;NA;NA;NA;NA;NA;NA;NA;NA;NA;NA;NA;NA;NA;NA;NA;NA;NA;NA;NA;NA;NA;NA;NA;NA;NA;NA;NA;NA;NA;NA;NA;NA;NA;NA;NA;NA;NA;NA;NA;NA;NA;NA;NA;NA;NA;NA;NA;NA;NA;NA
BANCO ABN AMRO S.A.;3.532.415;b1;I;3;S4;8;SAO PAULO;SP;03/2022;0;NI;NI;NI;NI;NI;NI;NI;NI;NI;NI;NI;NI;NI;NI;NI;NI;NI;NI;NI;NI;NI;NI;NI;NI;NI;NI;NI;NI;NI;NI;NI;NI;NI;NI;NI;NI;NI;NI;NI;NI;NI;NI;NI;NI;NI;NI;NI;NI;NI;NI;NI;NI;NI;NI;NI;NI;NI;NI;NI;NI;NI;NI;NI;NI;NI;NI;NI;NI;NI;NI;NI;NI;NI
COOPERATIVA DE ECONOMIA E CRÉDITO MÚTUO DOS SERVIDORES DA SECRETARIA DE ESTADO DE FAZENDA DO DISTRITO FEDERAL - SICOOB CREDSEF;3.603.683;b3S;I;2;S5;9;BRASILIA;DF;03/2022;0;0;0;0;0;0;0;0;0;0;0;0;0;0;0;0;0;0;0;0;0;0;0;0;0;0;0;0;0;0;0;0;0;0;0;0;0;0;0;0;0;0;0;0;0;0;0;0;0;0;0;0;0;0;0;0;0;0;0;0;0;0;0;0;0;0;0;0;0;0;0;0;0;0
COOPERATIVA DE CRÉDITO DOS FUNCIONÁRIOS DO GRUPO PPG;3.657.230;b3S;I;2;S5;9;SUMARE;SP;03/2022;0;0;0;0;0;0;0;0;0;0;0;0;0;0;0;0;0;0;0;0;0;0;0;0;0;0;0;0;0;0;0;0;0;0;0;0;0;0;0;0;0;0;0;0;0;0;0;0;0;0;0;0;0;0;0;0;0;0;0;0;0;0;0;0;0;0;0;0;0;0;0;0;0;0
COOPERATIVA DE CRÉDITO MÚTUO DOS EMPREGADOS EM INSTITUIÇÕES DO SISTEMA FINANCEIRO NAS REGIÕES DE SÃO PAULO E CAMPINAS (SP) - CREDISCOOP;3.674.133;b3S;I;2;S5;9;SAO PAULO;SP;03/2022;0;0;0;0;0;0;0;0;0;0;0;0;0;0;0;0;0;0;0;0;0;0;0;0;0;0;0;0;0;0;0;0;0;0;0;0;0;0;0;0;0;0;0;0;0;0;0;0;0;0;0;0;0;0;0;0;0;0;0;0;0;0;0;0;0;0;0;0;0;0;0;0;0;0
COOPERATIVA DE ECONOMIA E CRÉDITO MÚTUO DOS EMPREGADOS DA UNIFI - CREDIUNIFI;3.685.335;b3S;I;2;S5;9;SAO PAULO;SP;03/2022;0;0;0;0;0;0;0;0;0;0;0;0;0;0;0;0;0;0;0;0;0;0;0;0;0;0;0;0;0;0;0;0;0;0;0;0;0;0;0;0;0;0;0;0;0;0;0;0;0;0;0;0;0;0;0;0;0;0;0;0;0;0;0;0;0;0;0;0;0;0;0;0;0;0
COOPERATIVA DE ECONOMIA E CREDITO MUTUO DOS TRABALHADORES PORTUARIOS DA GRANDE VITORIA - CREDESTIVA.;3.844.699;b3S;I;2;S5;9;VITORIA;ES;03/2022;0;0;0;0;0;0;0;0;0;0;0;0;0;0;0;0;0;0;0;0;0;0;0;0;0;0;0;0;0;0;0;0;0;0;0;0;0;0;0;0;0;0;0;0;0;0;0;0;0;0;0;0;0;0;0;0;0;0;0;0;0;0;0;0;0;0;0;0;0;0;0;0;0;0
SENFFNET INSTITUIÇÃO DE PAGAMENTO LTDA.;3.877.288;n4;I;2;S4;41;CURITIBA;PR;03/2022;0;0;0;0;0;0;0;0;0;0;0;0;0;0;0;0;0;0;0;0;0;0;0;0;0;0;0;0;0;0;0;0;0;0;0;0;0;0;0;0;0;0;0;0;0;0;0;0;0;0;0;0;0;0;0;0;0;0;0;0;0;0;0;0;0;0;0;0;0;0;0;0;0;0
COOPERATIVA DE ECONOMIA E CREDITO MUTUO DOS EMPREGADOS IND.ALIMENTACAO REG.GRDE.VITORIA EST.ES-CREDI-ALIMENTO;3.973.743;b3S;I;2;S5;9;VITORIA;ES;03/2022;0;NI;NI;NI;NI;NI;NI;NI;NI;NI;NI;NI;NI;NI;NI;NI;NI;NI;NI;NI;NI;NI;NI;NI;NI;NI;NI;NI;NI;NI;NI;NI;NI;NI;NI;NI;NI;NI;NI;NI;NI;NI;NI;NI;NI;NI;NI;NI;NI;NI;NI;NI;NI;NI;NI;NI;NI;NI;NI;NI;NI;NI;NI;NI;NI;NI;NI;NI;NI;NI;NI;NI;NI;NI
COOPERATIVA DE ECONOMIA E CREDITO MUTUO DOS SERVIDORES PUBLICOS MUNICIPAIS DE PORTO ALEGRE;3.990.888;b3S;I;2;S5;9;PORTO ALEGRE;RS;03/2022;0;0;0;0;0;0;0;0;0;0;0;0;0;0;0;0;0;0;0;0;0;0;0;0;0;0;0;0;0;0;0;0;0;0;0;0;0;0;0;0;0;0;0;0;0;0;0;0;0;0;0;0;0;0;0;0;0;0;0;0;0;0;0;0;0;0;0;0;0;0;0;0;0;0
VISION S.A. CORRETORA DE CAMBIO;4.062.902;n2;I;2;S4;21;SAO PAULO;SP;03/2022;0;NA;NA;NA;NA;NA;NA;NA;NA;NA;NA;NA;NA;NA;NA;NA;NA;NA;NA;NA;NA;NA;NA;NA;NA;NA;NA;NA;NA;NA;NA;NA;NA;NA;NA;NA;NA;NA;NA;NA;NA;NA;NA;NA;NA;NA;NA;NA;NA;NA;NA;NA;NA;NA;NA;NA;NA;NA;NA;NA;NA;NA;NA;NA;NA;NA;NA;NA;NA;NA;NA;NA;NA;NA
COOPERATIVA DE ECONOMIA E CRÉDITO MÚTUO DOS SERVIDORES DA POLÍCIA MILITAR DO ESTADO DE SÃO PAULO DA REGIÃO CENTRO-OESTE PAULISTA - CREDMIL;4.152.107;b3S;I;2;S5;9;BAURU;SP;03/2022;0;0;0;0;0;0;0;0;0;0;0;0;0;0;0;0;0;0;0;0;0;0;0;0;0;0;0;0;0;0;0;0;0;0;0;0;0;0;0;0;0;0;0;0;0;0;0;0;0;0;0;0;0;0;0;0;0;0;0;0;0;0;0;0;0;0;0;0;0;0;0;0;0;0
COOPERATIVA DE ECONOMIA E CRÉDITO MÚTUO DOS BANCÁRIOS DE JUIZ DE FORA LTDA. - COCBAN;4.158.581;b3S;I;2;S5;9;JUIZ DE FORA;MG;03/2022;0;0;0;0;0;0;0;0;0;0;0;0;0;0;0;0;0;0;0;0;0;0;0;0;0;0;0;0;0;0;0;0;0;0;0;0;0;0;0;0;0;0;0;0;0;0;0;0;0;0;0;0;0;0;0;0;0;0;0;0;0;0;0;0;0;0;0;0;0;0;0;0;0;0
JBCRED S.A. SOCIEDADE DE CREDITO, FINANCIAMENTO E INVESTIMENTO;4.230.630;n1;I;2;S5;14;SAO PAULO;SP;03/2022;0;0;0;0;0;0;0;0;0;0;0;0;0;0;0;0;0;0;0;0;0;0;0;0;0;0;0;0;0;0;0;0;0;0;0;0;0;0;0;0;0;0;0;0;0;0;0;0;0;0;0;0;0;0;0;0;0;0;0;0;0;0;0;0;0;0;0;0;0;0;0;0;0;0
COOPERATIVA DE ECONOMIA E CRÉDITO MÚTUO DOS EMPREGADOS DA TEKSID DO BRASIL LTDA., NEMAK ALUMÍNIO DO BRASIL LTDA. E TUPY MINAS GERAIS LTDA.;4.249.235;b3S;I;2;S5;9;BETIM;MG;03/2022;0;0;0;0;0;0;0;0;0;0;0;0;0;0;0;0;0;0;0;0;0;0;0;0;0;0;0;0;0;0;0;0;0;0;0;0;0;0;0;0;0;0;0;0;0;0;0;0;0;0;0;0;0;0;0;0;0;0;0;0;0;0;0;0;0;0;0;0;0;0;0;0;0;0
NOVA FUTURA CORRETORA DE TÍTULOS E VALORES MOBILIÁRIOS LTDA.;4.257.795;n2;I;2;S4;15;SAO PAULO;SP;03/2022;0;NI;NI;NI;NI;NI;NI;NI;NI;NI;NI;NI;NI;NI;NI;NI;NI;NI;NI;NI;NI;NI;NI;NI;NI;NI;NI;NI;NI;NI;NI;NI;NI;NI;NI;NI;NI;NI;NI;NI;NI;NI;NI;NI;NI;NI;NI;NI;NI;NI;NI;NI;NI;NI;NI;NI;NI;NI;NI;NI;NI;NI;NI;NI;NI;NI;NI;NI;NI;NI;NI;NI;NI;NI
COOPERATIVA DE ECONOMIA E CRÉDITO MÚTUO DOS MEMBROS DO MINISTÉRIO PÚBLICO DE SÃO PAULO - PROMOCRED;4.478.231;b3S;I;2;S5;9;SAO PAULO;SP;03/2022;0;0;0;0;0;0;0;0;0;0;0;0;0;0;0;0;0;0;0;0;0;0;0;0;0;0;0;0;0;0;0;0;0;0;0;0;0;0;0;0;0;0;0;0;0;0;0;0;0;0;0;0;0;0;0;0;0;0;0;0;0;0;0;0;0;0;0;0;0;0;0;0;0;0
COOPERATIVA DE CRÉDITO MÚTUO DE SERVIDORES PÚBLICOS DO ESTADO DE SÃO PAULO - CREDIFISCO;4.546.162;b3S;I;2;S5;9;SAO PAULO;SP;03/2022;0;0;0;0;0;0;0;0;0;0;0;0;0;0;0;0;0;0;0;0;0;0;0;0;0;0;0;0;0;0;0;0;0;0;0;0;0;0;0;0;0;0;0;0;0;0;0;0;0;0;0;0;0;0;0;0;0;0;0;0;0;0;0;0;0;0;0;0;0;0;0;0;0;0
CREDJUST - COOPERATIVA DE CRÉDITO MÚTUO DOS INTEGRANTES DA JUSTIÇA DO TRABALHO DA 13ª REGIÃO LTDA.;4.608.925;b3S;I;2;S5;9;JOAO PESSOA;PB;03/2022;0;0;0;0;0;0;0;0;0;0;0;0;0;0;0;0;0;0;0;0;0;0;0;0;0;0;0;0;0;0;0;0;0;0;0;0;0;0;0;0;0;0;0;0;0;0;0;0;0;0;0;0;0;0;0;0;0;0;0;0;0;0;0;0;0;0;0;0;0;0;0;0;0;0
CREDSYSTEM INSTITUIÇÃO DE PAGAMENTO LTDA;4.670.195;n4;I;2;S5;41;BARUERI;SP;03/2022;0;0;0;0;0;0;0;0;0;0;0;0;0;0;0;0;0;0;0;0;0;0;0;0;0;0;0;0;0;0;0;0;0;0;0;0;0;0;0;0;0;0;0;0;0;0;0;0;0;0;0;0;0;0;0;0;0;0;0;0;0;0;0;0;0;0;0;0;0;0;0;0;0;0
ARC CORRETORA DE CAMBIO, ASSOCIADOS GOUVEIA, CAMPEDELLI S.A.;4.684.647;n2;I;2;S4;21;SANTOS;SP;03/2022;0;NA;NA;NA;NA;NA;NA;NA;NA;NA;NA;NA;NA;NA;NA;NA;NA;NA;NA;NA;NA;NA;NA;NA;NA;NA;NA;NA;NA;NA;NA;NA;NA;NA;NA;NA;NA;NA;NA;NA;NA;NA;NA;NA;NA;NA;NA;NA;NA;NA;NA;NA;NA;NA;NA;NA;NA;NA;NA;NA;NA;NA;NA;NA;NA;NA;NA;NA;NA;NA;NA;NA;NA;NA
COOPERATIVA DE CRÉDITO MÚTUO DOS SERVIDORES DA ASSEMBLEIA LEGISLATIVA DO ESTADO DE SÃO PAULO - COOPERALESP;4.791.645;b3S;I;2;S5;9;SAO PAULO;SP;03/2022;0;0;0;0;0;0;0;0;0;0;0;0;0;0;0;0;0;0;0;0;0;0;0;0;0;0;0;0;0;0;0;0;0;0;0;0;0;0;0;0;0;0;0;0;0;0;0;0;0;0;0;0;0;0;0;0;0;0;0;0;0;0;0;0;0;0;0;0;0;0;0;0;0;0
COOPERATIVA DE CRÉDITO MÚTUO DOS SERVIDORES DA SEGURANÇA PÚBLICA DE SÃO PAULO - CREDIAFAM;4.804.353;b3S;I;2;S5;9;SAO PAULO;SP;03/2022;0;0;0;0;0;0;0;0;0;0;0;0;0;0;0;0;0;0;0;0;0;0;0;0;0;0;0;0;0;0;0;0;0;0;0;0;0;0;0;0;0;0;0;0;0;0;0;0;0;0;0;0;0;0;0;0;0;0;0;0;0;0;0;0;0;0;0;0;0;0;0;0;0;0
COOPERATIVA DE ECONOMIA E CREDITO MUTUO DOS SERVIDORES PUBLICOS DE PINHÃO - CRESERV-PINHÃO;4.831.810;b3S;I;2;S5;9;PINHAO;PR;03/2022;0;0;0;0;0;0;0;0;0;0;0;0;0;0;0;0;0;0;0;0;0;0;0;0;0;0;0;0;0;0;0;0;0;0;0;0;0;0;0;0;0;0;0;0;0;0;0;0;0;0;0;0;0;0;0;0;0;0;0;0;0;0;0;0;0;0;0;0;0;0;0;0;0;0
COOPERATIVA DE ECONOMIA E CRÉDITO MÚTUO DOS SERVIDORES DA JUSTIÇA DO ESTADO DE MINAS GERAIS LTDA. - SICOOB CREDJUS;4.894.460;b3S;I;2;S5;9;BELO HORIZONTE;MG;03/2022;0;0;0;0;0;0;0;0;0;0;0;0;0;0;0;0;0;0;0;0;0;0;0;0;0;0;0;0;0;0;0;0;0;0;0;0;0;0;0;0;0;0;0;0;0;0;0;0;0;0;0;0;0;0;0;0;0;0;0;0;0;0;0;0;0;0;0;0;0;0;0;0;0;0
CREDEXTRA - COOPERATIVA DE ECONOMIA E CRÉDITO MÚTUO DOS EMPREGADOS DA REALMAR DISTRIBUIDORA LTDA;4.899.135;b3S;I;2;S5;9;SERRA;ES;03/2022;0;0;0;0;0;0;0;0;0;0;0;0;0;0;0;0;0;0;0;0;0;0;0;0;0;0;0;0;0;0;0;0;0;0;0;0;0;0;0;0;0;0;0;0;0;0;0;0;0;0;0;0;0;0;0;0;0;0;0;0;0;0;0;0;0;0;0;0;0;0;0;0;0;0
COOPESTADO - COOPERATIVA DE ECONOMIA E CRÉDITO MÚTUO DOS SERVIDORES PÚBLICOS NA REGIÃO METROPOLITANA DO ESTADO DO RIO DE JANEIRO LIMITADA;4.995.006;b3S;I;2;S5;9;RIO DE JANEIRO;RJ;03/2022;0;0;0;0;0;0;0;0;0;0;0;0;0;0;0;0;0;0;0;0;0;0;0;0;0;0;0;0;0;0;0;0;0;0;0;0;0;0;0;0;0;0;0;0;0;0;0;0;0;0;0;0;0;0;0;0;0;0;0;0;0;0;0;0;0;0;0;0;0;0;0;0;0;0
COOPERATIVA DE ECONOMIA E CRÉDITO MÚTUO DOS EMPREGADOS DA MINERACÃO RIO DO NORTE S/A, EM PORTO TROMBETAS LIMITADA -  CREDNORTE;4.998.845;b3S;I;2;S5;9;ORIXIMINA;PA;03/2022;0;0;0;0;0;0;0;0;0;0;0;0;0;0;0;0;0;0;0;0;0;0;0;0;0;0;0;0;0;0;0;0;0;0;0;0;0;0;0;0;0;0;0;0;0;0;0;0;0;0;0;0;0;0;0;0;0;0;0;0;0;0;0;0;0;0;0;0;0;0;0;0;0;0
COOPERATIVA DE CRÉDITO DOS MAGISTRADOS DO ESTADO DO RIO DE JANEIRO LTDA. - MAGICREDI-RJ;5.040.680;b3S;I;2;S5;9;RIO DE JANEIRO;RJ;03/2022;0;0;0;0;0;0;0;0;0;0;0;0;0;0;0;0;0;0;0;0;0;0;0;0;0;0;0;0;0;0;0;0;0;0;0;0;0;0;0;0;0;0;0;0;0;0;0;0;0;0;0;0;0;0;0;0;0;0;0;0;0;0;0;0;0;0;0;0;0;0;0;0;0;0
COOPERATIVA DE ECONOMIA E CREDITO MUTUO DOS FUNCIONARIOS DO GRUPO MAUA LTDA;5.048.575;b3S;I;2;S5;9;SAO GONCALO;RJ;03/2022;0;0;0;0;0;0;0;0;0;0;0;0;0;0;0;0;0;0;0;0;0;0;0;0;0;0;0;0;0;0;0;0;0;0;0;0;0;0;0;0;0;0;0;0;0;0;0;0;0;0;0;0;0;0;0;0;0;0;0;0;0;0;0;0;0;0;0;0;0;0;0;0;0;0
COOPERASA - COOPERATIVA DE ECONOMIA E CRÉDITO MÚTUO DOS FUNCIONARIOS DAS EMPRESAS DA AGUIA PARTICIPAÇÕES;5.296.712;b3S;I;2;S5;9;PONTA GROSSA;PR;03/2022;0;NI;NI;NI;NI;NI;NI;NI;NI;NI;NI;NI;NI;NI;NI;NI;NI;NI;NI;NI;NI;NI;NI;NI;NI;NI;NI;NI;NI;NI;NI;NI;NI;NI;NI;NI;NI;NI;NI;NI;NI;NI;NI;NI;NI;NI;NI;NI;NI;NI;NI;NI;NI;NI;NI;NI;NI;NI;NI;NI;NI;NI;NI;NI;NI;NI;NI;NI;NI;NI;NI;NI;NI;NI
COOPERATIVA DE ECONOMIA E CREDITO MUTUO DOS FUNCIONARIOS DA GKN DO BRASIL LTDA;5.331.882;b3S;I;2;S5;9;PORTO ALEGRE;RS;03/2022;0;0;0;0;0;0;0;0;0;0;0;0;0;0;0;0;0;0;0;0;0;0;0;0;0;0;0;0;0;0;0;0;0;0;0;0;0;0;0;0;0;0;0;0;0;0;0;0;0;0;0;0;0;0;0;0;0;0;0;0;0;0;0;0;0;0;0;0;0;0;0;0;0;0
COOPERATIVA DE ECONOMIA E CREDITO MÚTUO DOS PROFESSORES ESTADUAIS DA REGIÃO METROPOLITANA DE PORTO ALEGRE - EDUCREDI;5.419.025;b3S;I;2;S5;9;PORTO ALEGRE;RS;03/2022;0;0;0;0;0;0;0;0;0;0;0;0;0;0;0;0;0;0;0;0;0;0;0;0;0;0;0;0;0;0;0;0;0;0;0;0;0;0;0;0;0;0;0;0;0;0;0;0;0;0;0;0;0;0;0;0;0;0;0;0;0;0;0;0;0;0;0;0;0;0;0;0;0;0
COOPERATIVA DE ECONOMIA E CRÉDITO MÚTUO DOS FUNCIONÁRIOS DO GRUPO JAL LTDA.;5.548.335;b3S;I;2;S5;9;SAO JOAO DE MERITI;RJ;03/2022;0;0;0;0;0;0;0;0;0;0;0;0;0;0;0;0;0;0;0;0;0;0;0;0;0;0;0;0;0;0;0;0;0;0;0;0;0;0;0;0;0;0;0;0;0;0;0;0;0;0;0;0;0;0;0;0;0;0;0;0;0;0;0;0;0;0;0;0;0;0;0;0;0;0
COOPERATIVA DE ECONOMIA E CRÉDITO MÚTUO DOS EMPREGADOS DO SEBRAE BAHIA LTDA.;5.658.367;b3S;I;2;S5;9;SALVADOR;BA;03/2022;0;0;0;0;0;0;0;0;0;0;0;0;0;0;0;0;0;0;0;0;0;0;0;0;0;0;0;0;0;0;0;0;0;0;0;0;0;0;0;0;0;0;0;0;0;0;0;0;0;0;0;0;0;0;0;0;0;0;0;0;0;0;0;0;0;0;0;0;0;0;0;0;0;0
COOPERATIVA DE CRÉDITO DOS METALÚRGICOS DO ABC - CREDABC;5.740.092;b3S;I;2;S5;9;SAO BERNARDO DO CAMPO;SP;03/2022;0;0;0;0;0;0;0;0;0;0;0;0;0;0;0;0;0;0;0;0;0;0;0;0;0;0;0;0;0;0;0;0;0;0;0;0;0;0;0;0;0;0;0;0;0;0;0;0;0;0;0;0;0;0;0;0;0;0;0;0;0;0;0;0;0;0;0;0;0;0;0;0;0;0
COOPERATIVA DE ECONOMIA E CRÉDITO MÚTUO DOS SERVIDORES DA SECRETARIA DE DEFESA SOCIAL DO ESTADO DE MINAS GERAIS LTDA. - COOPSESP;5.746.715;b3S;I;2;S5;9;BELO HORIZONTE;MG;03/2022;0;0;0;0;0;0;0;0;0;0;0;0;0;0;0;0;0;0;0;0;0;0;0;0;0;0;0;0;0;0;0;0;0;0;0;0;0;0;0;0;0;0;0;0;0;0;0;0;0;0;0;0;0;0;0;0;0;0;0;0;0;0;0;0;0;0;0;0;0;0;0;0;0;0
COOPERATIVA DE CRÉDITO MÚTUO DOS FUNCIONÁRIOS DA FIEP, SESI, SENAI, IEL E DO CONDOMÍNIO AGOSTINHO VELLOSO DA SILVEIRA (CEAVS) - CREDFISP LTDA.;5.747.018;b3S;I;2;S5;9;CAMPINA GRANDE;PB;03/2022;0;0;0;0;0;0;0;0;0;0;0;0;0;0;0;0;0;0;0;0;0;0;0;0;0;0;0;0;0;0;0;0;0;0;0;0;0;0;0;0;0;0;0;0;0;0;0;0;0;0;0;0;0;0;0;0;0;0;0;0;0;0;0;0;0;0;0;0;0;0;0;0;0;0
CENTRAL COOPERATIVA DE CRÉDITO NO ESTADO DO ESPÍRITO SANTO - CECOOP;5.790.149;b3C;I;2;S4;9;VITORIA;ES;03/2022;0;NI;NI;NI;NI;NI;NI;NI;NI;NI;NI;NI;NI;NI;NI;NI;NI;NI;NI;NI;NI;NI;NI;NI;NI;NI;NI;NI;NI;NI;NI;NI;NI;NI;NI;NI;NI;NI;NI;NI;NI;NI;NI;NI;NI;NI;NI;NI;NI;NI;NI;NI;NI;NI;NI;NI;NI;NI;NI;NI;NI;NI;NI;NI;NI;NI;NI;NI;NI;NI;NI;NI;NI;NI
COOPERATIVA DE CRÉDITO MÚTUO DOS SERVIDORES MUNICIPAIS DE BEBEDOURO - COOCRESB.;5.969.937;b3S;I;2;S5;9;BEBEDOURO;SP;03/2022;0;0;0;0;0;0;0;0;0;0;0;0;0;0;0;0;0;0;0;0;0;0;0;0;0;0;0;0;0;0;0;0;0;0;0;0;0;0;0;0;0;0;0;0;0;0;0;0;0;0;0;0;0;0;0;0;0;0;0;0;0;0;0;0;0;0;0;0;0;0;0;0;0;0
KREDILIG S.A. - CRÉDITO, FINANCIAMENTO E INVESTIMENTO;6.040.559;n1;I;2;S5;14;BIGUACU;SC;03/2022;0;0;0;0;0;0;0;0;0;0;0;0;0;0;0;0;0;0;0;0;0;0;0;0;0;0;0;0;0;0;0;0;0;0;0;0;0;0;0;0;0;0;0;0;0;0;0;0;0;0;0;0;0;0;0;0;0;0;0;0;0;0;0;0;0;0;0;0;0;0;0;0;0;0
COOPERATIVA DE CRÉDITO MÚTUO DOS FUNCIONÁRIOS DA RICLAN;6.077.760;b3S;I;2;S5;9;RIO CLARO;SP;03/2022;0;0;0;0;0;0;0;0;0;0;0;0;0;0;0;0;0;0;0;0;0;0;0;0;0;0;0;0;0;0;0;0;0;0;0;0;0;0;0;0;0;0;0;0;0;0;0;0;0;0;0;0;0;0;0;0;0;0;0;0;0;0;0;0;0;0;0;0;0;0;0;0;0;0
LABOR SOCIEDADE CORRETORA DE CÂMBIO LTDA.;6.132.348;n2;I;2;S5;21;RECIFE;PE;03/2022;0;NA;NA;NA;NA;NA;NA;NA;NA;NA;NA;NA;NA;NA;NA;NA;NA;NA;NA;NA;NA;NA;NA;NA;NA;NA;NA;NA;NA;NA;NA;NA;NA;NA;NA;NA;NA;NA;NA;NA;NA;NA;NA;NA;NA;NA;NA;NA;NA;NA;NA;NA;NA;NA;NA;NA;NA;NA;NA;NA;NA;NA;NA;NA;NA;NA;NA;NA;NA;NA;NA;NA;NA;NA
GRAZZIOTIN FINANCIADORA S/A - CRÉDITO, FINANCIAMENTO E INVESTIMENTOS;6.339.468;n1;I;2;S5;14;PASSO FUNDO;RS;03/2022;0;0;0;0;0;0;0;0;0;0;0;0;0;0;0;0;0;0;0;0;0;0;0;0;0;0;0;0;0;0;0;0;0;0;0;0;0;0;0;0;0;0;0;0;0;0;0;0;0;0;0;0;0;0;0;0;0;0;0;0;0;0;0;0;0;0;0;0;0;0;0;0;0;0
BOA VIAGEM SOCIEDADE CORRETORA DE CÂMBIO LTDA.;6.373.777;n2;I;2;S4;21;RECIFE;PE;03/2022;0;NA;NA;NA;NA;NA;NA;NA;NA;NA;NA;NA;NA;NA;NA;NA;NA;NA;NA;NA;NA;NA;NA;NA;NA;NA;NA;NA;NA;NA;NA;NA;NA;NA;NA;NA;NA;NA;NA;NA;NA;NA;NA;NA;NA;NA;NA;NA;NA;NA;NA;NA;NA;NA;NA;NA;NA;NA;NA;NA;NA;NA;NA;NA;NA;NA;NA;NA;NA;NA;NA;NA;NA;NA
COOPERATIVA DE CRÉDITO MÚTUO DOS TRABALHADORES DO SISTEMA FINANCEIRO DE CURITIBA E REGIÃO - COOPCREFI;6.942.423;b3S;I;2;S5;9;CURITIBA;PR;03/2022;0;0;0;0;0;0;0;0;0;0;0;0;0;0;0;0;0;0;0;0;0;0;0;0;0;0;0;0;0;0;0;0;0;0;0;0;0;0;0;0;0;0;0;0;0;0;0;0;0;0;0;0;0;0;0;0;0;0;0;0;0;0;0;0;0;0;0;0;0;0;0;0;0;0
HEDGE INVESTMENTS DISTRIBUIDORA DE TÍTULOS E VALORES MOBILIÁRIOS LTDA.;7.253.654;n2;I;2;S4;16;SAO PAULO;SP;03/2022;0;NI;NI;NI;NI;NI;NI;NI;NI;NI;NI;NI;NI;NI;NI;NI;NI;NI;NI;NI;NI;NI;NI;NI;NI;NI;NI;NI;NI;NI;NI;NI;NI;NI;NI;NI;NI;NI;NI;NI;NI;NI;NI;NI;NI;NI;NI;NI;NI;NI;NI;NI;NI;NI;NI;NI;NI;NI;NI;NI;NI;NI;NI;NI;NI;NI;NI;NI;NI;NI;NI;NI;NI;NI
ONNIX CORRETORA DE CÂMBIO LTDA.;7.333.726;n2;I;2;S4;21;PORTO ALEGRE;RS;03/2022;0;NA;NA;NA;NA;NA;NA;NA;NA;NA;NA;NA;NA;NA;NA;NA;NA;NA;NA;NA;NA;NA;NA;NA;NA;NA;NA;NA;NA;NA;NA;NA;NA;NA;NA;NA;NA;NA;NA;NA;NA;NA;NA;NA;NA;NA;NA;NA;NA;NA;NA;NA;NA;NA;NA;NA;NA;NA;NA;NA;NA;NA;NA;NA;NA;NA;NA;NA;NA;NA;NA;NA;NA;NA
WESTERN ASSET MANAGEMENT COMPANY DISTRIBUIDORA DE TÍTULOS E VALORES MOBILIÁRIOS LIMITADA;7.437.241;n2;I;3;S4;16;SAO PAULO;SP;03/2022;0;NI;NI;NI;NI;NI;NI;NI;NI;NI;NI;NI;NI;NI;NI;NI;NI;NI;NI;NI;NI;NI;NI;NI;NI;NI;NI;NI;NI;NI;NI;NI;NI;NI;NI;NI;NI;NI;NI;NI;NI;NI;NI;NI;NI;NI;NI;NI;NI;NI;NI;NI;NI;NI;NI;NI;NI;NI;NI;NI;NI;NI;NI;NI;NI;NI;NI;NI;NI;NI;NI;NI;NI;NI
COOPERATIVA DE CRÉDITO MÚTUO DOS FUNCIONÁRIOS PÚBLICOS DO PODER JUDICIÁRIO DA CAPITAL DO ESTADO DE SÃO PAULO - SICOOB JUDCRED;7.651.495;b3S;I;2;S5;9;SAO PAULO;SP;03/2022;0;0;0;0;0;0;0;0;0;0;0;0;0;0;0;0;0;0;0;0;0;0;0;0;0;0;0;0;0;0;0;0;0;0;0;0;0;0;0;0;0;0;0;0;0;0;0;0;0;0;0;0;0;0;0;0;0;0;0;0;0;0;0;0;0;0;0;0;0;0;0;0;0;0
VALOR SOCIEDADE DE CRÉDITO DIRETO S.A.;7.799.277;n1;I;2;S5;43;SAO PAULO;SP;03/2022;0;0;0;0;0;0;0;0;0;0;0;0;0;0;0;0;0;0;0;0;0;0;0;0;0;0;0;0;0;0;0;0;0;0;0;0;0;0;0;0;0;0;0;0;0;0;0;0;0;0;0;0;0;0;0;0;0;0;0;0;0;0;0;0;0;0;0;0;0;0;0;0;0;0
PÓLOCRED   SOCIEDADE DE CRÉDITO AO MICROEMPREENDEDOR E À EMPRESA DE PEQUENO PORTE LTDA.;7.945.233;n1;I;2;S5;10;FLORIANOPOLIS;SC;03/2022;0;0;0;0;0;0;0;0;0;0;0;0;0;0;0;0;0;0;0;0;0;0;0;0;0;0;0;0;0;0;0;0;0;0;0;0;0;0;0;0;0;0;0;0;0;0;0;0;0;0;0;0;0;0;0;0;0;0;0;0;0;0;0;0;0;0;0;0;0;0;0;0;0;0
BANCO CSF S.A.;8.357.240;b2;I;3;S3;8;SAO PAULO;SP;03/2022;0;0;0;0;0;0;0;0;0;0;0;0;0;0;0;0;0;0;0;0;0;0;0;0;0;0;0;0;0;0;0;0;0;0;0;0;0;0;0;0;0;0;0;0;0;0;0;0;0;0;0;0;0;0;0;0;0;0;0;0;0;0;0;0;0;0;0;0;0;0;0;0;0;0
SOL CORRETORA DE CÂMBIO LTDA.;8.520.517;n2;I;2;S4;21;NATAL;RN;03/2022;0;NA;NA;NA;NA;NA;NA;NA;NA;NA;NA;NA;NA;NA;NA;NA;NA;NA;NA;NA;NA;NA;NA;NA;NA;NA;NA;NA;NA;NA;NA;NA;NA;NA;NA;NA;NA;NA;NA;NA;NA;NA;NA;NA;NA;NA;NA;NA;NA;NA;NA;NA;NA;NA;NA;NA;NA;NA;NA;NA;NA;NA;NA;NA;NA;NA;NA;NA;NA;NA;NA;NA;NA;NA
MONEYCORP BANCO DE CÂMBIO S.A.;8.609.934;b2;I;2;S4;39;SAO PAULO;SP;03/2022;0;NI;NI;NI;NI;NI;NI;NI;NI;NI;NI;NI;NI;NI;NI;NI;NI;NI;NI;NI;NI;NI;NI;NI;NI;NI;NI;NI;NI;NI;NI;NI;NI;NI;NI;NI;NI;NI;NI;NI;NI;NI;NI;NI;NI;NI;NI;NI;NI;NI;NI;NI;NI;NI;NI;NI;NI;NI;NI;NI;NI;NI;NI;NI;NI;NI;NI;NI;NI;NI;NI;NI;NI;NI
F.D'GOLD - DISTRIBUIDORA DE TÍTULOS E VALORES MOBILIÁRIOS LTDA.;8.673.569;n2;I;2;S4;16;SAO PAULO;SP;03/2022;0;NI;NI;NI;NI;NI;NI;NI;NI;NI;NI;NI;NI;NI;NI;NI;NI;NI;NI;NI;NI;NI;NI;NI;NI;NI;NI;NI;NI;NI;NI;NI;NI;NI;NI;NI;NI;NI;NI;NI;NI;NI;NI;NI;NI;NI;NI;NI;NI;NI;NI;NI;NI;NI;NI;NI;NI;NI;NI;NI;NI;NI;NI;NI;NI;NI;NI;NI;NI;NI;NI;NI;NI;NI
WIRECARD BRAZIL INSTITUIÇÃO DE PAGAMENTO S.A.;8.718.431;n4;I;2;S4;41;SAO PAULO;SP;03/2022;0;NI;NI;NI;NI;NI;NI;NI;NI;NI;NI;NI;NI;NI;NI;NI;NI;NI;NI;NI;NI;NI;NI;NI;NI;NI;NI;NI;NI;NI;NI;NI;NI;NI;NI;NI;NI;NI;NI;NI;NI;NI;NI;NI;NI;NI;NI;NI;NI;NI;NI;NI;NI;NI;NI;NI;NI;NI;NI;NI;NI;NI;NI;NI;NI;NI;NI;NI;NI;NI;NI;NI;NI;NI
COOPERATIVA DE CRÉDITO DOS EMPREGADOS DA CBA ITAPISSUMA E EMPREGADOS DE EMPRESAS PRESTADORA DE SERVIÇOS INDUSTRIAIS, NO ESTADO DE PERNAMBUCO - CREDCOOPE;8.931.800;b3S;I;2;S5;9;ITAPISSUMA;PE;03/2022;0;0;0;0;0;0;0;0;0;0;0;0;0;0;0;0;0;0;0;0;0;0;0;0;0;0;0;0;0;0;0;0;0;0;0;0;0;0;0;0;0;0;0;0;0;0;0;0;0;0;0;0;0;0;0;0;0;0;0;0;0;0;0;0;0;0;0;0;0;0;0;0;0;0
COOPERATIVA DE ECONOMIA E CRÉDITO MÚTUO DOS FUNCIONÁRIOS DA NAKATA;9.128.022;b3S;I;2;S5;9;OSASCO;SP;03/2022;0;0;0;0;0;0;0;0;0;0;0;0;0;0;0;0;0;0;0;0;0;0;0;0;0;0;0;0;0;0;0;0;0;0;0;0;0;0;0;0;0;0;0;0;0;0;0;0;0;0;0;0;0;0;0;0;0;0;0;0;0;0;0;0;0;0;0;0;0;0;0;0;0;0
STATE STREET BRASIL S.A. - BANCO COMERCIAL;9.274.232;b1;I;3;S4;2;SAO PAULO;SP;03/2022;0;NI;NI;NI;NI;NI;NI;NI;NI;NI;NI;NI;NI;NI;NI;NI;NI;NI;NI;NI;NI;NI;NI;NI;NI;NI;NI;NI;NI;NI;NI;NI;NI;NI;NI;NI;NI;NI;NI;NI;NI;NI;NI;NI;NI;NI;NI;NI;NI;NI;NI;NI;NI;NI;NI;NI;NI;NI;NI;NI;NI;NI;NI;NI;NI;NI;NI;NI;NI;NI;NI;NI;NI;NI
MIDWAY S.A. - CRÉDITO, FINANCIAMENTO E INVESTIMENTO;9.464.032;n1;I;2;S4;14;SAO PAULO;SP;03/2022;0;0;0;0;0;0;0;0;0;0;0;0;0;0;0;0;0;0;0;0;0;0;0;0;0;0;0;0;0;0;0;0;0;0;0;0;0;0;0;0;0;0;0;0;0;0;0;0;0;0;0;0;0;0;0;0;0;0;0;0;0;0;0;0;0;0;0;0;0;0;0;0;0;0
BANCO VIPAL S.A.;9.526.594;b2;I;2;S4;8;PORTO ALEGRE;RS;03/2022;0;NI;NI;NI;NI;NI;NI;NI;NI;NI;NI;NI;NI;NI;NI;NI;NI;NI;NI;NI;NI;NI;NI;NI;NI;NI;NI;NI;NI;NI;NI;NI;NI;NI;NI;NI;NI;NI;NI;NI;NI;NI;NI;NI;NI;NI;NI;NI;NI;NI;NI;NI;NI;NI;NI;NI;NI;NI;NI;NI;NI;NI;NI;NI;NI;NI;NI;NI;NI;NI;NI;NI;NI;NI
SUPER PAGAMENTOS E ADMINISTRAÇÃO DE MEIOS ELETRÔNICOS S.A.;9.554.480;n4;I;3;S1;41;SAO PAULO;SP;03/2022;0;NI;NI;NI;NI;NI;NI;NI;NI;NI;NI;NI;NI;NI;NI;NI;NI;NI;NI;NI;NI;NI;NI;NI;NI;NI;NI;NI;NI;NI;NI;NI;NI;NI;NI;NI;NI;NI;NI;NI;NI;NI;NI;NI;NI;NI;NI;NI;NI;NI;NI;NI;NI;NI;NI;NI;NI;NI;NI;NI;NI;NI;NI;NI;NI;NI;NI;NI;NI;NI;NI;NI;NI;NI
BANCOSEGURO S.A.;10.264.663;b1;I;2;S4;8;SAO PAULO;SP;03/2022;0;0;0;0;0;0;0;0;0;0;0;0;0;0;0;0;0;0;0;0;0;0;0;0;0;0;0;0;0;0;0;0;0;0;0;0;0;0;0;0;0;0;0;0;0;0;0;0;0;0;0;0;0;0;0;0;0;0;0;0;0;0;0;0;0;0;0;0;0;0;0;0;0;0
FIDUCIAL DISTRIBUIDORA DE TÍTULOS E VALORES MOBILIÁRIOS LTDA.;10.280.601;n2;I;2;S5;16;BELO HORIZONTE;MG;03/2022;0;NI;NI;NI;NI;NI;NI;NI;NI;NI;NI;NI;NI;NI;NI;NI;NI;NI;NI;NI;NI;NI;NI;NI;NI;NI;NI;NI;NI;NI;NI;NI;NI;NI;NI;NI;NI;NI;NI;NI;NI;NI;NI;NI;NI;NI;NI;NI;NI;NI;NI;NI;NI;NI;NI;NI;NI;NI;NI;NI;NI;NI;NI;NI;NI;NI;NI;NI;NI;NI;NI;NI;NI;NI
GREEN NET INSTITUIÇÃO DE PAGAMENTO LTDA;10.314.753;n4;I;2;;41;CUIABA;MT;03/2022;0;NI;NI;NI;NI;NI;NI;NI;NI;NI;NI;NI;NI;NI;NI;NI;NI;NI;NI;NI;NI;NI;NI;NI;NI;NI;NI;NI;NI;NI;NI;NI;NI;NI;NI;NI;NI;NI;NI;NI;NI;NI;NI;NI;NI;NI;NI;NI;NI;NI;NI;NI;NI;NI;NI;NI;NI;NI;NI;NI;NI;NI;NI;NI;NI;NI;NI;NI;NI;NI;NI;NI;NI;NI
GETNET ADQUIRÊNCIA E SERVIÇOS PARA MEIOS DE PAGAMENTO S.A.;10.440.482;n4;I;3;S1;41;SAO PAULO;SP;03/2022;0;NI;NI;NI;NI;NI;NI;NI;NI;NI;NI;NI;NI;NI;NI;NI;NI;NI;NI;NI;NI;NI;NI;NI;NI;NI;NI;NI;NI;NI;NI;NI;NI;NI;NI;NI;NI;NI;NI;NI;NI;NI;NI;NI;NI;NI;NI;NI;NI;NI;NI;NI;NI;NI;NI;NI;NI;NI;NI;NI;NI;NI;NI;NI;NI;NI;NI;NI;NI;NI;NI;NI;NI;NI
COOPERATIVA DE CRÉDITO DE SERVIDORES DA UESC - UESCOOP;10.548.608;b3S;I;2;S5;9;ILHEUS;BA;03/2022;0;0;0;0;0;0;0;0;0;0;0;0;0;0;0;0;0;0;0;0;0;0;0;0;0;0;0;0;0;0;0;0;0;0;0;0;0;0;0;0;0;0;0;0;0;0;0;0;0;0;0;0;0;0;0;0;0;0;0;0;0;0;0;0;0;0;0;0;0;0;0;0;0;0
MERCADO PAGO INSTITUIÇÃO DE PAGAMENTO LTDA.;10.573.521;n4;I;2;S4;41;OSASCO;SP;03/2022;0;0;0;0;0;0;0;0;0;0;0;0;0;0;0;0;0;0;0;0;0;0;0;0;0;0;0;0;0;0;0;0;0;0;0;0;0;0;0;0;0;0;0;0;0;0;0;0;0;0;0;0;0;0;0;0;0;0;0;0;0;0;0;0;0;0;0;0;0;0;0;0;0;0
COOPERATIVA DE ECONOMIA E CRÉDITO MÚTUO DOS TRABALHADORES NAS INDÚSTRIAS METALÚRGICAS, MECÂNICA E MATERIAL ELÉTRICO DE SÃO LEOPOLDO E REGIÃO - COOPERMETAL;10.719.496;b3S;I;2;S5;9;SAO LEOPOLDO;RS;03/2022;0;NI;NI;NI;NI;NI;NI;NI;NI;NI;NI;NI;NI;NI;NI;NI;NI;NI;NI;NI;NI;NI;NI;NI;NI;NI;NI;NI;NI;NI;NI;NI;NI;NI;NI;NI;NI;NI;NI;NI;NI;NI;NI;NI;NI;NI;NI;NI;NI;NI;NI;NI;NI;NI;NI;NI;NI;NI;NI;NI;NI;NI;NI;NI;NI;NI;NI;NI;NI;NI;NI;NI;NI;NI
GDC PARTNERS SERVIÇOS FIDUCIÁRIOS DISTRIBUIDORA DE TÍTULOS E VALORES MOBILIÁRIOS LTDA.;10.749.264;n2;I;2;S5;16;RIO DE JANEIRO;RJ;03/2022;0;NI;NI;NI;NI;NI;NI;NI;NI;NI;NI;NI;NI;NI;NI;NI;NI;NI;NI;NI;NI;NI;NI;NI;NI;NI;NI;NI;NI;NI;NI;NI;NI;NI;NI;NI;NI;NI;NI;NI;NI;NI;NI;NI;NI;NI;NI;NI;NI;NI;NI;NI;NI;NI;NI;NI;NI;NI;NI;NI;NI;NI;NI;NI;NI;NI;NI;NI;NI;NI;NI;NI;NI;NI
GET MONEY CORRETORA DE CÂMBIO S.A.;10.853.017;n2;I;2;S5;21;SAO PAULO;SP;03/2022;0;NA;NA;NA;NA;NA;NA;NA;NA;NA;NA;NA;NA;NA;NA;NA;NA;NA;NA;NA;NA;NA;NA;NA;NA;NA;NA;NA;NA;NA;NA;NA;NA;NA;NA;NA;NA;NA;NA;NA;NA;NA;NA;NA;NA;NA;NA;NA;NA;NA;NA;NA;NA;NA;NA;NA;NA;NA;NA;NA;NA;NA;NA;NA;NA;NA;NA;NA;NA;NA;NA;NA;NA;NA
ACG INSTITUIÇÃO DE PAGAMENTO S.A.;10.868.663;n4;I;2;;41;SAO PAULO;SP;03/2022;0;NI;NI;NI;NI;NI;NI;NI;NI;NI;NI;NI;NI;NI;NI;NI;NI;NI;NI;NI;NI;NI;NI;NI;NI;NI;NI;NI;NI;NI;NI;NI;NI;NI;NI;NI;NI;NI;NI;NI;NI;NI;NI;NI;NI;NI;NI;NI;NI;NI;NI;NI;NI;NI;NI;NI;NI;NI;NI;NI;NI;NI;NI;NI;NI;NI;NI;NI;NI;NI;NI;NI;NI;NI
PAYPAL DO BRASIL SERVICOS DE PAGAMENTOS LTDA;10.878.448;n4;I;2;;41;SAO PAULO;SP;03/2022;0;NI;NI;NI;NI;NI;NI;NI;NI;NI;NI;NI;NI;NI;NI;NI;NI;NI;NI;NI;NI;NI;NI;NI;NI;NI;NI;NI;NI;NI;NI;NI;NI;NI;NI;NI;NI;NI;NI;NI;NI;NI;NI;NI;NI;NI;NI;NI;NI;NI;NI;NI;NI;NI;NI;NI;NI;NI;NI;NI;NI;NI;NI;NI;NI;NI;NI;NI;NI;NI;NI;NI;NI;NI
RECARGAPAY INSTITUICAO DE PAGAMENTO LTDA.;11.275.560;n4;I;2;S5;41;SAO PAULO;SP;03/2022;0;NI;NI;NI;NI;NI;NI;NI;NI;NI;NI;NI;NI;NI;NI;NI;NI;NI;NI;NI;NI;NI;NI;NI;NI;NI;NI;NI;NI;NI;NI;NI;NI;NI;NI;NI;NI;NI;NI;NI;NI;NI;NI;NI;NI;NI;NI;NI;NI;NI;NI;NI;NI;NI;NI;NI;NI;NI;NI;NI;NI;NI;NI;NI;NI;NI;NI;NI;NI;NI;NI;NI;NI;NI
COOPERATIVA DE CRÉDITO DOS FUNCIONÁRIOS DA PERPART, DO IPA E DA ADAGRO - COOPEMATER;11.356.599;b3S;I;2;S5;9;RECIFE;PE;03/2022;0;0;0;0;0;0;0;0;0;0;0;0;0;0;0;0;0;0;0;0;0;0;0;0;0;0;0;0;0;0;0;0;0;0;0;0;0;0;0;0;0;0;0;0;0;0;0;0;0;0;0;0;0;0;0;0;0;0;0;0;0;0;0;0;0;0;0;0;0;0;0;0;0;0
OM DISTRIBUIDORA DE TÍTULOS E VALORES MOBILIÁRIOS LTDA;11.495.073;n2;I;2;S4;16;SAO PAULO;SP;03/2022;0;NI;NI;NI;NI;NI;NI;NI;NI;NI;NI;NI;NI;NI;NI;NI;NI;NI;NI;NI;NI;NI;NI;NI;NI;NI;NI;NI;NI;NI;NI;NI;NI;NI;NI;NI;NI;NI;NI;NI;NI;NI;NI;NI;NI;NI;NI;NI;NI;NI;NI;NI;NI;NI;NI;NI;NI;NI;NI;NI;NI;NI;NI;NI;NI;NI;NI;NI;NI;NI;NI;NI;NI;NI
DOURADA - SOCIEDADE DE CRÉDITO AO MICROEMPREENDEDOR E À EMPRESA DE PEQUENO PORTE LTDA;11.545.653;n1;I;2;S5;10;LAGOA DOURADA;MG;03/2022;0;NI;NI;NI;NI;NI;NI;NI;NI;NI;NI;NI;NI;NI;NI;NI;NI;NI;NI;NI;NI;NI;NI;NI;NI;NI;NI;NI;NI;NI;NI;NI;NI;NI;NI;NI;NI;NI;NI;NI;NI;NI;NI;NI;NI;NI;NI;NI;NI;NI;NI;NI;NI;NI;NI;NI;NI;NI;NI;NI;NI;NI;NI;NI;NI;NI;NI;NI;NI;NI;NI;NI;NI;NI
COOPERATIVA DE CRÉDITO RURAL DOS PLANTADORES DE CANA DE ALAGOAS;12.272.183;b3S;I;2;S5;9;MACEIO;AL;03/2022;0;0;0;0;0;0;0;0;0;0;0;0;0;0;0;0;0;0;0;0;0;0;0;0;0;0;0;0;0;0;0;0;0;0;0;0;0;0;0;0;0;0;0;0;0;0;0;0;0;0;0;0;0;0;0;0;0;0;0;0;0;0;0;0;0;0;0;0;0;0;0;0;0;0
MIRAE ASSET WEALTH MANAGEMENT (BRAZIL) CORRETORA DE CÂMBIO, TÍTULOS E VALORES MOBILIÁRIOS LTDA.;12.392.983;n2;I;3;S4;15;SAO PAULO;SP;03/2022;0;NI;NI;NI;NI;NI;NI;NI;NI;NI;NI;NI;NI;NI;NI;NI;NI;NI;NI;NI;NI;NI;NI;NI;NI;NI;NI;NI;NI;NI;NI;NI;NI;NI;NI;NI;NI;NI;NI;NI;NI;NI;NI;NI;NI;NI;NI;NI;NI;NI;NI;NI;NI;NI;NI;NI;NI;NI;NI;NI;NI;NI;NI;NI;NI;NI;NI;NI;NI;NI;NI;NI;NI;NI
CREDITÁ S/A CRÉDITO, FINANCIAMENTO E INVESTIMENTO;12.599.971;n1;I;2;S5;14;PORTO ALEGRE;RS;03/2022;0;0;0;0;0;0;0;0;0;0;0;0;0;0;0;0;0;0;0;0;0;0;0;0;0;0;0;0;0;0;0;0;0;0;0;0;0;0;0;0;0;0;0;0;0;0;0;0;0;0;0;0;0;0;0;0;0;0;0;0;0;0;0;0;0;0;0;0;0;0;0;0;0;0
ACESSO SOLUÇÕES DE PAGAMENTO S.A.;13.140.088;n4;I;2;;41;SAO PAULO;SP;03/2022;0;0;0;0;0;0;0;0;0;0;0;0;0;0;0;0;0;0;0;0;0;0;0;0;0;0;0;0;0;0;0;0;0;0;0;0;0;0;0;0;0;0;0;0;0;0;0;0;0;0;0;0;0;0;0;0;0;0;0;0;0;0;0;0;0;0;0;0;0;0;0;0;0;0
FITBANK INSTITUIÇÃO DE PAGAMENTOS ELETRÔNICOS S.A.;13.203.354;n4;I;2;;41;SAO PAULO;SP;03/2022;0;NI;NI;NI;NI;NI;NI;NI;NI;NI;NI;NI;NI;NI;NI;NI;NI;NI;NI;NI;NI;NI;NI;NI;NI;NI;NI;NI;NI;NI;NI;NI;NI;NI;NI;NI;NI;NI;NI;NI;NI;NI;NI;NI;NI;NI;NI;NI;NI;NI;NI;NI;NI;NI;NI;NI;NI;NI;NI;NI;NI;NI;NI;NI;NI;NI;NI;NI;NI;NI;NI;NI;NI;NI
ÓRAMA DISTRIBUIDORA DE TÍTULOS E VALORES MOBILIÁRIOS S.A.;13.293.225;n2;I;2;S4;16;RIO DE JANEIRO;RJ;03/2022;0;NI;NI;NI;NI;NI;NI;NI;NI;NI;NI;NI;NI;NI;NI;NI;NI;NI;NI;NI;NI;NI;NI;NI;NI;NI;NI;NI;NI;NI;NI;NI;NI;NI;NI;NI;NI;NI;NI;NI;NI;NI;NI;NI;NI;NI;NI;NI;NI;NI;NI;NI;NI;NI;NI;NI;NI;NI;NI;NI;NI;NI;NI;NI;NI;NI;NI;NI;NI;NI;NI;NI;NI;NI
BPP INSTITUIÇÃO DE PAGAMENTO S.A.;13.370.835;n4;I;2;;41;BARUERI;SP;03/2022;0;NI;NI;NI;NI;NI;NI;NI;NI;NI;NI;NI;NI;NI;NI;NI;NI;NI;NI;NI;NI;NI;NI;NI;NI;NI;NI;NI;NI;NI;NI;NI;NI;NI;NI;NI;NI;NI;NI;NI;NI;NI;NI;NI;NI;NI;NI;NI;NI;NI;NI;NI;NI;NI;NI;NI;NI;NI;NI;NI;NI;NI;NI;NI;NI;NI;NI;NI;NI;NI;NI;NI;NI;NI
BRL TRUST DISTRIBUIDORA DE TÍTULOS E VALORES MOBILIÁRIOS S.A.;13.486.793;n2;I;2;S4;16;SAO PAULO;SP;03/2022;0;NI;NI;NI;NI;NI;NI;NI;NI;NI;NI;NI;NI;NI;NI;NI;NI;NI;NI;NI;NI;NI;NI;NI;NI;NI;NI;NI;NI;NI;NI;NI;NI;NI;NI;NI;NI;NI;NI;NI;NI;NI;NI;NI;NI;NI;NI;NI;NI;NI;NI;NI;NI;NI;NI;NI;NI;NI;NI;NI;NI;NI;NI;NI;NI;NI;NI;NI;NI;NI;NI;NI;NI;NI
FRAM CAPITAL DISTRIBUIDORA DE TÍTULOS E VALORES MOBILIÁRIOS S.A.;13.673.855;n2;I;2;S4;16;SAO PAULO;SP;03/2022;0;NI;NI;NI;NI;NI;NI;NI;NI;NI;NI;NI;NI;NI;NI;NI;NI;NI;NI;NI;NI;NI;NI;NI;NI;NI;NI;NI;NI;NI;NI;NI;NI;NI;NI;NI;NI;NI;NI;NI;NI;NI;NI;NI;NI;NI;NI;NI;NI;NI;NI;NI;NI;NI;NI;NI;NI;NI;NI;NI;NI;NI;NI;NI;NI;NI;NI;NI;NI;NI;NI;NI;NI;NI
AGILLITAS SOLUÇÕES DE PAGAMENTOS LTDA.;13.776.742;n4;I;2;S4;41;SAO PAULO;SP;03/2022;0;0;0;0;0;0;0;0;0;0;0;0;0;0;0;0;0;0;0;0;0;0;0;0;0;0;0;0;0;0;0;0;0;0;0;0;0;0;0;0;0;0;0;0;0;0;0;0;0;0;0;0;0;0;0;0;0;0;0;0;0;0;0;0;0;0;0;0;0;0;0;0;0;0
HUB PAGAMENTOS S.A;13.884.775;n4;I;2;;41;BARUERI;SP;03/2022;0;NI;NI;NI;NI;NI;NI;NI;NI;NI;NI;NI;NI;NI;NI;NI;NI;NI;NI;NI;NI;NI;NI;NI;NI;NI;NI;NI;NI;NI;NI;NI;NI;NI;NI;NI;NI;NI;NI;NI;NI;NI;NI;NI;NI;NI;NI;NI;NI;NI;NI;NI;NI;NI;NI;NI;NI;NI;NI;NI;NI;NI;NI;NI;NI;NI;NI;NI;NI;NI;NI;NI;NI;NI
CELCOIN INSTITUICAO DE PAGAMENTO S.A.;13.935.893;n4;I;2;;41;BARUERI;SP;03/2022;0;NI;NI;NI;NI;NI;NI;NI;NI;NI;NI;NI;NI;NI;NI;NI;NI;NI;NI;NI;NI;NI;NI;NI;NI;NI;NI;NI;NI;NI;NI;NI;NI;NI;NI;NI;NI;NI;NI;NI;NI;NI;NI;NI;NI;NI;NI;NI;NI;NI;NI;NI;NI;NI;NI;NI;NI;NI;NI;NI;NI;NI;NI;NI;NI;NI;NI;NI;NI;NI;NI;NI;NI;NI
CAMBIONET CORRETORA DE CÂMBIO LTDA.;14.190.547;n2;I;2;S5;21;PORTO ALEGRE;RS;03/2022;0;NA;NA;NA;NA;NA;NA;NA;NA;NA;NA;NA;NA;NA;NA;NA;NA;NA;NA;NA;NA;NA;NA;NA;NA;NA;NA;NA;NA;NA;NA;NA;NA;NA;NA;NA;NA;NA;NA;NA;NA;NA;NA;NA;NA;NA;NA;NA;NA;NA;NA;NA;NA;NA;NA;NA;NA;NA;NA;NA;NA;NA;NA;NA;NA;NA;NA;NA;NA;NA;NA;NA;NA;NA
VIC-DISTRIBUIDORA DE TITULOS E VALORES MOBILIARIOS S/A;14.388.516;n2;I;2;S4;16;RIO DE JANEIRO;RJ;03/2022;0;NI;NI;NI;NI;NI;NI;NI;NI;NI;NI;NI;NI;NI;NI;NI;NI;NI;NI;NI;NI;NI;NI;NI;NI;NI;NI;NI;NI;NI;NI;NI;NI;NI;NI;NI;NI;NI;NI;NI;NI;NI;NI;NI;NI;NI;NI;NI;NI;NI;NI;NI;NI;NI;NI;NI;NI;NI;NI;NI;NI;NI;NI;NI;NI;NI;NI;NI;NI;NI;NI;NI;NI;NI
MEGA CORRETORA DE CÂMBIO LTDA.;15.077.393;n2;I;2;S4;21;RIO CLARO;SP;03/2022;0;NA;NA;NA;NA;NA;NA;NA;NA;NA;NA;NA;NA;NA;NA;NA;NA;NA;NA;NA;NA;NA;NA;NA;NA;NA;NA;NA;NA;NA;NA;NA;NA;NA;NA;NA;NA;NA;NA;NA;NA;NA;NA;NA;NA;NA;NA;NA;NA;NA;NA;NA;NA;NA;NA;NA;NA;NA;NA;NA;NA;NA;NA;NA;NA;NA;NA;NA;NA;NA;NA;NA;NA;NA
IUGU INSTITUIÇÃO DE PAGAMENTO S.A.;15.111.975;n4;I;2;;41;SAO PAULO;SP;03/2022;0;NI;NI;NI;NI;NI;NI;NI;NI;NI;NI;NI;NI;NI;NI;NI;NI;NI;NI;NI;NI;NI;NI;NI;NI;NI;NI;NI;NI;NI;NI;NI;NI;NI;NI;NI;NI;NI;NI;NI;NI;NI;NI;NI;NI;NI;NI;NI;NI;NI;NI;NI;NI;NI;NI;NI;NI;NI;NI;NI;NI;NI;NI;NI;NI;NI;NI;NI;NI;NI;NI;NI;NI;NI
LÚMINA CORRETORA DE CÂMBIO LTDA.;15.122.605;n2;I;2;S5;21;SALVADOR;BA;03/2022;0;NA;NA;NA;NA;NA;NA;NA;NA;NA;NA;NA;NA;NA;NA;NA;NA;NA;NA;NA;NA;NA;NA;NA;NA;NA;NA;NA;NA;NA;NA;NA;NA;NA;NA;NA;NA;NA;NA;NA;NA;NA;NA;NA;NA;NA;NA;NA;NA;NA;NA;NA;NA;NA;NA;NA;NA;NA;NA;NA;NA;NA;NA;NA;NA;NA;NA;NA;NA;NA;NA;NA;NA;NA
CONSEGTUR CORRETORA DE CÂMBIO LTDA.;15.168.152;n2;I;2;S4;21;SAO PAULO;SP;03/2022;0;NA;NA;NA;NA;NA;NA;NA;NA;NA;NA;NA;NA;NA;NA;NA;NA;NA;NA;NA;NA;NA;NA;NA;NA;NA;NA;NA;NA;NA;NA;NA;NA;NA;NA;NA;NA;NA;NA;NA;NA;NA;NA;NA;NA;NA;NA;NA;NA;NA;NA;NA;NA;NA;NA;NA;NA;NA;NA;NA;NA;NA;NA;NA;NA;NA;NA;NA;NA;NA;NA;NA;NA;NA
SIMPLIFIC PAVARINI DISTRIBUIDORA DE TÍTULOS E VALORES MOBILIÁRIOS LTDA;15.227.994;n2;I;2;S4;16;RIO DE JANEIRO;RJ;03/2022;0;NI;NI;NI;NI;NI;NI;NI;NI;NI;NI;NI;NI;NI;NI;NI;NI;NI;NI;NI;NI;NI;NI;NI;NI;NI;NI;NI;NI;NI;NI;NI;NI;NI;NI;NI;NI;NI;NI;NI;NI;NI;NI;NI;NI;NI;NI;NI;NI;NI;NI;NI;NI;NI;NI;NI;NI;NI;NI;NI;NI;NI;NI;NI;NI;NI;NI;NI;NI;NI;NI;NI;NI;NI
TURCÂMBIO - CORRETORA DE CÂMBIO LTDA.;15.482.499;n2;I;2;S5;21;GAROPABA;SC;03/2022;0;NA;NA;NA;NA;NA;NA;NA;NA;NA;NA;NA;NA;NA;NA;NA;NA;NA;NA;NA;NA;NA;NA;NA;NA;NA;NA;NA;NA;NA;NA;NA;NA;NA;NA;NA;NA;NA;NA;NA;NA;NA;NA;NA;NA;NA;NA;NA;NA;NA;NA;NA;NA;NA;NA;NA;NA;NA;NA;NA;NA;NA;NA;NA;NA;NA;NA;NA;NA;NA;NA;NA;NA;NA
INTRADER DISTRIBUIDORA DE TÍTULOS E VALORES MOBILIÁRIOS LTDA;15.489.568;n2;I;2;S4;16;SAO PAULO;SP;03/2022;0;NI;NI;NI;NI;NI;NI;NI;NI;NI;NI;NI;NI;NI;NI;NI;NI;NI;NI;NI;NI;NI;NI;NI;NI;NI;NI;NI;NI;NI;NI;NI;NI;NI;NI;NI;NI;NI;NI;NI;NI;NI;NI;NI;NI;NI;NI;NI;NI;NI;NI;NI;NI;NI;NI;NI;NI;NI;NI;NI;NI;NI;NI;NI;NI;NI;NI;NI;NI;NI;NI;NI;NI;NI
CORRETORA DE CÂMBIO AÇORIANA LIMITADA.;15.761.217;n2;I;2;S4;21;FLORIANOPOLIS;SC;03/2022;0;NA;NA;NA;NA;NA;NA;NA;NA;NA;NA;NA;NA;NA;NA;NA;NA;NA;NA;NA;NA;NA;NA;NA;NA;NA;NA;NA;NA;NA;NA;NA;NA;NA;NA;NA;NA;NA;NA;NA;NA;NA;NA;NA;NA;NA;NA;NA;NA;NA;NA;NA;NA;NA;NA;NA;NA;NA;NA;NA;NA;NA;NA;NA;NA;NA;NA;NA;NA;NA;NA;NA;NA;NA
STONE INSTITUIÇÃO DE PAGAMENTO S.A.;16.501.555;n4;I;2;S5;41;SAO PAULO;SP;03/2022;0;NI;NI;NI;NI;NI;NI;NI;NI;NI;NI;NI;NI;NI;NI;NI;NI;NI;NI;NI;NI;NI;NI;NI;NI;NI;NI;NI;NI;NI;NI;NI;NI;NI;NI;NI;NI;NI;NI;NI;NI;NI;NI;NI;NI;NI;NI;NI;NI;NI;NI;NI;NI;NI;NI;NI;NI;NI;NI;NI;NI;NI;NI;NI;NI;NI;NI;NI;NI;NI;NI;NI;NI;NI
COOPERATIVA DE ECONOMIA E CRÉDITO MÚTUO DOS APOSENTADOS, PENSIONISTAS E IDOSOS - SICOOB COOPERNAPI;16.564.240;b3S;I;2;S5;9;SAO PAULO;SP;03/2022;0;0;0;0;0;0;0;0;0;0;0;0;0;0;0;0;0;0;0;0;0;0;0;0;0;0;0;0;0;0;0;0;0;0;0;0;0;0;0;0;0;0;0;0;0;0;0;0;0;0;0;0;0;0;0;0;0;0;0;0;0;0;0;0;0;0;0;0;0;0;0;0;0;0
COOPERATIVA DE ECONOMIA E CRÉDITO MÚTUO DOS SERVIDORES MUNICIPAIS DE ITABIRA LTDA. - SICOOB COSEMI;16.651.002;b3S;I;2;S5;9;ITABIRA;MG;03/2022;0;0;0;0;0;0;0;0;0;0;0;0;0;0;0;0;0;0;0;0;0;0;0;0;0;0;0;0;0;0;0;0;0;0;0;0;0;0;0;0;0;0;0;0;0;0;0;0;0;0;0;0;0;0;0;0;0;0;0;0;0;0;0;0;0;0;0;0;0;0;0;0;0;0
ID CORRETORA DE TÍTULOS E VALORES MOBILIÁRIOS S.A.;16.695.922;n2;I;2;S4;15;SAO PAULO;SP;03/2022;0;NI;NI;NI;NI;NI;NI;NI;NI;NI;NI;NI;NI;NI;NI;NI;NI;NI;NI;NI;NI;NI;NI;NI;NI;NI;NI;NI;NI;NI;NI;NI;NI;NI;NI;NI;NI;NI;NI;NI;NI;NI;NI;NI;NI;NI;NI;NI;NI;NI;NI;NI;NI;NI;NI;NI;NI;NI;NI;NI;NI;NI;NI;NI;NI;NI;NI;NI;NI;NI;NI;NI;NI;NI
SINGRATUR CORRETORA DE CÂMBIO LTDA;16.854.999;n2;I;2;S4;21;MARINGA;PR;03/2022;0;NA;NA;NA;NA;NA;NA;NA;NA;NA;NA;NA;NA;NA;NA;NA;NA;NA;NA;NA;NA;NA;NA;NA;NA;NA;NA;NA;NA;NA;NA;NA;NA;NA;NA;NA;NA;NA;NA;NA;NA;NA;NA;NA;NA;NA;NA;NA;NA;NA;NA;NA;NA;NA;NA;NA;NA;NA;NA;NA;NA;NA;NA;NA;NA;NA;NA;NA;NA;NA;NA;NA;NA;NA
AMAZÔNIA CORRETORA DE CÂMBIO LTDA.;16.927.221;n2;I;2;S4;21;MANAUS;AM;03/2022;0;NA;NA;NA;NA;NA;NA;NA;NA;NA;NA;NA;NA;NA;NA;NA;NA;NA;NA;NA;NA;NA;NA;NA;NA;NA;NA;NA;NA;NA;NA;NA;NA;NA;NA;NA;NA;NA;NA;NA;NA;NA;NA;NA;NA;NA;NA;NA;NA;NA;NA;NA;NA;NA;NA;NA;NA;NA;NA;NA;NA;NA;NA;NA;NA;NA;NA;NA;NA;NA;NA;NA;NA;NA
BROKER BRASIL CORRETORA DE CÂMBIO LTDA.;16.944.141;n2;I;2;S4;21;SAO PAULO;SP;03/2022;0;NA;NA;NA;NA;NA;NA;NA;NA;NA;NA;NA;NA;NA;NA;NA;NA;NA;NA;NA;NA;NA;NA;NA;NA;NA;NA;NA;NA;NA;NA;NA;NA;NA;NA;NA;NA;NA;NA;NA;NA;NA;NA;NA;NA;NA;NA;NA;NA;NA;NA;NA;NA;NA;NA;NA;NA;NA;NA;NA;NA;NA;NA;NA;NA;NA;NA;NA;NA;NA;NA;NA;NA;NA
H H PICCHIONI S/A CORRETORA DE CAMBIO E VALORES MOBILIARIOS;17.312.083;n2;I;2;S4;15;BELO HORIZONTE;MG;03/2022;0;NI;NI;NI;NI;NI;NI;NI;NI;NI;NI;NI;NI;NI;NI;NI;NI;NI;NI;NI;NI;NI;NI;NI;NI;NI;NI;NI;NI;NI;NI;NI;NI;NI;NI;NI;NI;NI;NI;NI;NI;NI;NI;NI;NI;NI;NI;NI;NI;NI;NI;NI;NI;NI;NI;NI;NI;NI;NI;NI;NI;NI;NI;NI;NI;NI;NI;NI;NI;NI;NI;NI;NI;NI
AMARIL FRANKLIN CORRETORA DE TÍTULOS E VALORES LTDA;17.312.661;n2;I;2;S4;15;BELO HORIZONTE;MG;03/2022;0;NI;NI;NI;NI;NI;NI;NI;NI;NI;NI;NI;NI;NI;NI;NI;NI;NI;NI;NI;NI;NI;NI;NI;NI;NI;NI;NI;NI;NI;NI;NI;NI;NI;NI;NI;NI;NI;NI;NI;NI;NI;NI;NI;NI;NI;NI;NI;NI;NI;NI;NI;NI;NI;NI;NI;NI;NI;NI;NI;NI;NI;NI;NI;NI;NI;NI;NI;NI;NI;NI;NI;NI;NI
COOPERATIVA DE ECONOMIA E CRÉDITO MÚTUO DOS EMPREGADOS DA AÇO MINAS GERAIS S.A. - AÇOMINAS E EMPRESAS SUBSIDIÁRIAS EM OURO BRANCO LTDA. - COOPAÇO;17.314.501;b3S;I;2;S5;9;OURO BRANCO;MG;03/2022;0;0;0;0;0;0;0;0;0;0;0;0;0;0;0;0;0;0;0;0;0;0;0;0;0;0;0;0;0;0;0;0;0;0;0;0;0;0;0;0;0;0;0;0;0;0;0;0;0;0;0;0;0;0;0;0;0;0;0;0;0;0;0;0;0;0;0;0;0;0;0;0;0;0
SITA SOCIEDADE CORRETORA DE CAMBIO E VALORES MOBILIARIOS S.A;17.315.359;n2;I;2;S4;15;BELO HORIZONTE;MG;03/2022;0;NI;NI;NI;NI;NI;NI;NI;NI;NI;NI;NI;NI;NI;NI;NI;NI;NI;NI;NI;NI;NI;NI;NI;NI;NI;NI;NI;NI;NI;NI;NI;NI;NI;NI;NI;NI;NI;NI;NI;NI;NI;NI;NI;NI;NI;NI;NI;NI;NI;NI;NI;NI;NI;NI;NI;NI;NI;NI;NI;NI;NI;NI;NI;NI;NI;NI;NI;NI;NI;NI;NI;NI;NI
PENTAGONO S/A DISTRIBUIDORA DE TITULOS E VALORES MOBILIARIOS;17.343.682;n2;I;2;S5;16;RIO DE JANEIRO;RJ;03/2022;0;NI;NI;NI;NI;NI;NI;NI;NI;NI;NI;NI;NI;NI;NI;NI;NI;NI;NI;NI;NI;NI;NI;NI;NI;NI;NI;NI;NI;NI;NI;NI;NI;NI;NI;NI;NI;NI;NI;NI;NI;NI;NI;NI;NI;NI;NI;NI;NI;NI;NI;NI;NI;NI;NI;NI;NI;NI;NI;NI;NI;NI;NI;NI;NI;NI;NI;NI;NI;NI;NI;NI;NI;NI
SENSO CORRETORA DE CAMBIO E VALORES MOBILIARIOS S.A;17.352.220;n2;I;2;S4;15;RIO DE JANEIRO;RJ;03/2022;0;NI;NI;NI;NI;NI;NI;NI;NI;NI;NI;NI;NI;NI;NI;NI;NI;NI;NI;NI;NI;NI;NI;NI;NI;NI;NI;NI;NI;NI;NI;NI;NI;NI;NI;NI;NI;NI;NI;NI;NI;NI;NI;NI;NI;NI;NI;NI;NI;NI;NI;NI;NI;NI;NI;NI;NI;NI;NI;NI;NI;NI;NI;NI;NI;NI;NI;NI;NI;NI;NI;NI;NI;NI
COOPERATIVA DE ECONOMIA E CRÉDITO MÚTUO DOS EMPREGADOS DAS EMPRESAS PLASCAR;17.411.307;b3S;I;2;S5;9;JUNDIAI;SP;03/2022;0;0;0;0;0;0;0;0;0;0;0;0;0;0;0;0;0;0;0;0;0;0;0;0;0;0;0;0;0;0;0;0;0;0;0;0;0;0;0;0;0;0;0;0;0;0;0;0;0;0;0;0;0;0;0;0;0;0;0;0;0;0;0;0;0;0;0;0;0;0;0;0;0;0
INVEST CORRETORA DE CÂMBIO LTDA.;17.508.380;n2;I;2;S4;21;PORTO ALEGRE;RS;03/2022;0;NA;NA;NA;NA;NA;NA;NA;NA;NA;NA;NA;NA;NA;NA;NA;NA;NA;NA;NA;NA;NA;NA;NA;NA;NA;NA;NA;NA;NA;NA;NA;NA;NA;NA;NA;NA;NA;NA;NA;NA;NA;NA;NA;NA;NA;NA;NA;NA;NA;NA;NA;NA;NA;NA;NA;NA;NA;NA;NA;NA;NA;NA;NA;NA;NA;NA;NA;NA;NA;NA;NA;NA;NA
COOPERATIVA DE ECONOMIA E CRÉDITO MÚTUO DOS EMPREGADOS DA MOSAIC FERTILIZANTES DE UBERABA - COPERURA LTDA.;17.607.375;b3S;I;2;S5;9;UBERABA;MG;03/2022;0;0;0;0;0;0;0;0;0;0;0;0;0;0;0;0;0;0;0;0;0;0;0;0;0;0;0;0;0;0;0;0;0;0;0;0;0;0;0;0;0;0;0;0;0;0;0;0;0;0;0;0;0;0;0;0;0;0;0;0;0;0;0;0;0;0;0;0;0;0;0;0;0;0
CONEXION CORRETORA DE CÂMBIO LTDA.;17.635.177;n2;I;2;S4;21;RIBEIRAO PRETO;SP;03/2022;0;NA;NA;NA;NA;NA;NA;NA;NA;NA;NA;NA;NA;NA;NA;NA;NA;NA;NA;NA;NA;NA;NA;NA;NA;NA;NA;NA;NA;NA;NA;NA;NA;NA;NA;NA;NA;NA;NA;NA;NA;NA;NA;NA;NA;NA;NA;NA;NA;NA;NA;NA;NA;NA;NA;NA;NA;NA;NA;NA;NA;NA;NA;NA;NA;NA;NA;NA;NA;NA;NA;NA;NA;NA
VIP'S CORRETORA DE CÂMBIO LTDA.;17.772.370;n2;I;2;S5;21;SAO PAULO;SP;03/2022;0;NA;NA;NA;NA;NA;NA;NA;NA;NA;NA;NA;NA;NA;NA;NA;NA;NA;NA;NA;NA;NA;NA;NA;NA;NA;NA;NA;NA;NA;NA;NA;NA;NA;NA;NA;NA;NA;NA;NA;NA;NA;NA;NA;NA;NA;NA;NA;NA;NA;NA;NA;NA;NA;NA;NA;NA;NA;NA;NA;NA;NA;NA;NA;NA;NA;NA;NA;NA;NA;NA;NA;NA;NA
BMS SOCIEDADE DE CRÉDITO DIRETO S.A.;17.826.860;n1;I;2;S5;43;FORTALEZA;CE;03/2022;0;0;0;0;0;0;0;0;0;0;0;0;0;0;0;0;0;0;0;0;0;0;0;0;0;0;0;0;0;0;0;0;0;0;0;0;0;0;0;0;0;0;0;0;0;0;0;0;0;0;0;0;0;0;0;0;0;0;0;0;0;0;0;0;0;0;0;0;0;0;0;0;0;0
BRX CORRETORA DE CÂMBIO LTDA.;17.904.906;n2;I;2;S4;21;RIO DE JANEIRO;RJ;03/2022;0;NA;NA;NA;NA;NA;NA;NA;NA;NA;NA;NA;NA;NA;NA;NA;NA;NA;NA;NA;NA;NA;NA;NA;NA;NA;NA;NA;NA;NA;NA;NA;NA;NA;NA;NA;NA;NA;NA;NA;NA;NA;NA;NA;NA;NA;NA;NA;NA;NA;NA;NA;NA;NA;NA;NA;NA;NA;NA;NA;NA;NA;NA;NA;NA;NA;NA;NA;NA;NA;NA;NA;NA;NA
NUMATUR CORRETORA DE CÂMBIO LTDA.;18.145.784;n2;I;2;S5;21;SAO PAULO;SP;03/2022;0;NA;NA;NA;NA;NA;NA;NA;NA;NA;NA;NA;NA;NA;NA;NA;NA;NA;NA;NA;NA;NA;NA;NA;NA;NA;NA;NA;NA;NA;NA;NA;NA;NA;NA;NA;NA;NA;NA;NA;NA;NA;NA;NA;NA;NA;NA;NA;NA;NA;NA;NA;NA;NA;NA;NA;NA;NA;NA;NA;NA;NA;NA;NA;NA;NA;NA;NA;NA;NA;NA;NA;NA;NA
CONECTA CORRETORA DE CÂMBIO LTDA.;18.287.740;n2;I;2;S5;21;SALVADOR;BA;03/2022;0;NA;NA;NA;NA;NA;NA;NA;NA;NA;NA;NA;NA;NA;NA;NA;NA;NA;NA;NA;NA;NA;NA;NA;NA;NA;NA;NA;NA;NA;NA;NA;NA;NA;NA;NA;NA;NA;NA;NA;NA;NA;NA;NA;NA;NA;NA;NA;NA;NA;NA;NA;NA;NA;NA;NA;NA;NA;NA;NA;NA;NA;NA;NA;NA;NA;NA;NA;NA;NA;NA;NA;NA;NA
COOPERATIVA DE ECONOMIA E CRÉDITO MÚTUO DOS SERVIDORES PÚBLICOS MUNICIPAIS EM JOÃO MONLEVADE LTDA. - COPREMON;18.310.649;b3S;I;2;S5;9;JOAO MONLEVADE;MG;03/2022;0;0;0;0;0;0;0;0;0;0;0;0;0;0;0;0;0;0;0;0;0;0;0;0;0;0;0;0;0;0;0;0;0;0;0;0;0;0;0;0;0;0;0;0;0;0;0;0;0;0;0;0;0;0;0;0;0;0;0;0;0;0;0;0;0;0;0;0;0;0;0;0;0;0
COOPERATIVA DE ECONOMIA E CRÉDITO MÚTUO DOS EMPREGADOS DA INDÚSTRIA DE PAPÉIS SUDESTE LTDA . - CREDESTE;18.340.695;b3S;I;2;S5;9;JUIZ DE FORA;MG;03/2022;0;0;0;0;0;0;0;0;0;0;0;0;0;0;0;0;0;0;0;0;0;0;0;0;0;0;0;0;0;0;0;0;0;0;0;0;0;0;0;0;0;0;0;0;0;0;0;0;0;0;0;0;0;0;0;0;0;0;0;0;0;0;0;0;0;0;0;0;0;0;0;0;0;0
AZIMUT BRASIL DISTRIBUIDORA DE TÍTULOS E VALORES MOBILIÁRIOS LTDA;18.684.408;n2;I;2;S4;16;SAO PAULO;SP;03/2022;0;NI;NI;NI;NI;NI;NI;NI;NI;NI;NI;NI;NI;NI;NI;NI;NI;NI;NI;NI;NI;NI;NI;NI;NI;NI;NI;NI;NI;NI;NI;NI;NI;NI;NI;NI;NI;NI;NI;NI;NI;NI;NI;NI;NI;NI;NI;NI;NI;NI;NI;NI;NI;NI;NI;NI;NI;NI;NI;NI;NI;NI;NI;NI;NI;NI;NI;NI;NI;NI;NI;NI;NI;NI
EXECUTIVE CORRETORA DE CÂMBIO LTDA.;19.086.249;n2;I;2;S5;21;NOVO HAMBURGO;RS;03/2022;0;NA;NA;NA;NA;NA;NA;NA;NA;NA;NA;NA;NA;NA;NA;NA;NA;NA;NA;NA;NA;NA;NA;NA;NA;NA;NA;NA;NA;NA;NA;NA;NA;NA;NA;NA;NA;NA;NA;NA;NA;NA;NA;NA;NA;NA;NA;NA;NA;NA;NA;NA;NA;NA;NA;NA;NA;NA;NA;NA;NA;NA;NA;NA;NA;NA;NA;NA;NA;NA;NA;NA;NA;NA
MS BANK S.A. BANCO DE CÂMBIO;19.307.785;b2;I;2;S4;39;CURITIBA;PR;03/2022;0;NI;NI;NI;NI;NI;NI;NI;NI;NI;NI;NI;NI;NI;NI;NI;NI;NI;NI;NI;NI;NI;NI;NI;NI;NI;NI;NI;NI;NI;NI;NI;NI;NI;NI;NI;NI;NI;NI;NI;NI;NI;NI;NI;NI;NI;NI;NI;NI;NI;NI;NI;NI;NI;NI;NI;NI;NI;NI;NI;NI;NI;NI;NI;NI;NI;NI;NI;NI;NI;NI;NI;NI;NI
LAMARA SOCIEDADE DE CRÉDITO DIRETO S.A.;19.324.634;n1;I;2;S5;43;FORTALEZA;CE;03/2022;0;0;0;0;0;0;0;0;0;0;0;0;0;0;0;0;0;0;0;0;0;0;0;0;0;0;0;0;0;0;0;0;0;0;0;0;0;0;0;0;0;0;0;0;0;0;0;0;0;0;0;0;0;0;0;0;0;0;0;0;0;0;0;0;0;0;0;0;0;0;0;0;0;0
COOPERATIVA DE CRÉDITO DOS EMPREGADOS DA COMPANHIA INDUSTRIAL CATAGUASES E DA BAUMINAS LTDA. - SICOOB COOPECIC;19.495.266;b3S;I;2;S5;9;CATAGUASES;MG;03/2022;0;0;0;0;0;0;0;0;0;0;0;0;0;0;0;0;0;0;0;0;0;0;0;0;0;0;0;0;0;0;0;0;0;0;0;0;0;0;0;0;0;0;0;0;0;0;0;0;0;0;0;0;0;0;0;0;0;0;0;0;0;0;0;0;0;0;0;0;0;0;0;0;0;0
ASAAS GESTÃO FINANCEIRA INSTITUIÇÃO DE PAGAMENTO S.A.;19.540.550;n4;I;2;;41;JOINVILLE;SC;03/2022;0;NI;NI;NI;NI;NI;NI;NI;NI;NI;NI;NI;NI;NI;NI;NI;NI;NI;NI;NI;NI;NI;NI;NI;NI;NI;NI;NI;NI;NI;NI;NI;NI;NI;NI;NI;NI;NI;NI;NI;NI;NI;NI;NI;NI;NI;NI;NI;NI;NI;NI;NI;NI;NI;NI;NI;NI;NI;NI;NI;NI;NI;NI;NI;NI;NI;NI;NI;NI;NI;NI;NI;NI;NI
COOPERATIVA DE ECONOMIA E CRÉDITO MÚTUO DOS SERVENTUÁRIOS DA CIMENTO TUPI S.A. E EMPRESAS COLIGADAS LTDA. - TUPICRED;19.551.787;b3S;I;2;S5;9;CARANDAI;MG;03/2022;0;0;0;0;0;0;0;0;0;0;0;0;0;0;0;0;0;0;0;0;0;0;0;0;0;0;0;0;0;0;0;0;0;0;0;0;0;0;0;0;0;0;0;0;0;0;0;0;0;0;0;0;0;0;0;0;0;0;0;0;0;0;0;0;0;0;0;0;0;0;0;0;0;0
COOPERATIVA DE ECONOMIA E CRÉDITO MÚTUO DOS COLABORADORES DO GRUPO EMPRESARIAL A COSTA LTDA.;20.062.766;b3S;I;2;S5;9;VISCONDE DO RIO BRANCO;MG;03/2022;0;0;0;0;0;0;0;0;0;0;0;0;0;0;0;0;0;0;0;0;0;0;0;0;0;0;0;0;0;0;0;0;0;0;0;0;0;0;0;0;0;0;0;0;0;0;0;0;0;0;0;0;0;0;0;0;0;0;0;0;0;0;0;0;0;0;0;0;0;0;0;0;0;0
PARMETAL DISTRIBUIDORA DE TÍTULOS E VALORES MOBILIÁRIOS LTDA;20.155.248;n2;I;2;S4;16;BARUERI;SP;03/2022;0;NI;NI;NI;NI;NI;NI;NI;NI;NI;NI;NI;NI;NI;NI;NI;NI;NI;NI;NI;NI;NI;NI;NI;NI;NI;NI;NI;NI;NI;NI;NI;NI;NI;NI;NI;NI;NI;NI;NI;NI;NI;NI;NI;NI;NI;NI;NI;NI;NI;NI;NI;NI;NI;NI;NI;NI;NI;NI;NI;NI;NI;NI;NI;NI;NI;NI;NI;NI;NI;NI;NI;NI;NI
HR SOCIEDADE DE CRÉDITO AO MICROEMPREENDEDOR E À EMPRESA DE PEQUENO PORTE LTDA.;20.158.571;n1;I;2;S5;10;MACEIO;AL;03/2022;0;0;0;0;0;0;0;0;0;0;0;0;0;0;0;0;0;0;0;0;0;0;0;0;0;0;0;0;0;0;0;0;0;0;0;0;0;0;0;0;0;0;0;0;0;0;0;0;0;0;0;0;0;0;0;0;0;0;0;0;0;0;0;0;0;0;0;0;0;0;0;0;0;0
COOPERATIVA DE ECONOMIA E CREDITO MUTUO DOS TRABALHADORES DO GRUPO EMPRESARIAL ITATIAIA LTDA. - COOPERITA;20.177.390;b3S;I;2;S5;9;UBA;MG;03/2022;0;0;0;0;0;0;0;0;0;0;0;0;0;0;0;0;0;0;0;0;0;0;0;0;0;0;0;0;0;0;0;0;0;0;0;0;0;0;0;0;0;0;0;0;0;0;0;0;0;0;0;0;0;0;0;0;0;0;0;0;0;0;0;0;0;0;0;0;0;0;0;0;0;0
SUDACRED - SOCIEDADE DE CRÉDITO AO MICROEMPREENDEDOR E À EMPRESA DE PEQUENO PORTE LTDA.;20.251.847;n1;I;2;S5;10;CURITIBA;PR;03/2022;0;0;0;0;0;0;0;0;0;0;0;0;0;0;0;0;0;0;0;0;0;0;0;0;0;0;0;0;0;0;0;0;0;0;0;0;0;0;0;0;0;0;0;0;0;0;0;0;0;0;0;0;0;0;0;0;0;0;0;0;0;0;0;0;0;0;0;0;0;0;0;0;0;0
VNK SOCIEDADE DE CRÉDITO AO MICROEMPREENDEDOR E À EMPRESA DE PEQUENO PORTE LTDA.;20.269.566;n1;I;2;S5;10;FORTALEZA;CE;03/2022;0;0;0;0;0;0;0;0;0;0;0;0;0;0;0;0;0;0;0;0;0;0;0;0;0;0;0;0;0;0;0;0;0;0;0;0;0;0;0;0;0;0;0;0;0;0;0;0;0;0;0;0;0;0;0;0;0;0;0;0;0;0;0;0;0;0;0;0;0;0;0;0;0;0
ADIQ INSTITUIÇÃO DE PAGAMENTO S.A.;20.520.298;n4;I;2;S3;41;BELO HORIZONTE;MG;03/2022;0;NI;NI;NI;NI;NI;NI;NI;NI;NI;NI;NI;NI;NI;NI;NI;NI;NI;NI;NI;NI;NI;NI;NI;NI;NI;NI;NI;NI;NI;NI;NI;NI;NI;NI;NI;NI;NI;NI;NI;NI;NI;NI;NI;NI;NI;NI;NI;NI;NI;NI;NI;NI;NI;NI;NI;NI;NI;NI;NI;NI;NI;NI;NI;NI;NI;NI;NI;NI;NI;NI;NI;NI;NI
COOPERATIVA DE ECONOMIA E CRÉDITO MÚTUO DOS EMPREGADOS DA SAMARCO MINERAÇÃO S.A. LTDA - CREDISAM;20.622.809;b3S;I;2;S5;9;BELO HORIZONTE;MG;03/2022;0;0;0;0;0;0;0;0;0;0;0;0;0;0;0;0;0;0;0;0;0;0;0;0;0;0;0;0;0;0;0;0;0;0;0;0;0;0;0;0;0;0;0;0;0;0;0;0;0;0;0;0;0;0;0;0;0;0;0;0;0;0;0;0;0;0;0;0;0;0;0;0;0;0
COOPERATIVA DE CRÉDITO DOS SERVIDORES PÚBLICOS MUNICIPAIS DE TIMÓTEO LTDA. - COOPERTIM;20.833.976;b3S;I;2;S5;9;TIMOTEO;MG;03/2022;0;0;0;0;0;0;0;0;0;0;0;0;0;0;0;0;0;0;0;0;0;0;0;0;0;0;0;0;0;0;0;0;0;0;0;0;0;0;0;0;0;0;0;0;0;0;0;0;0;0;0;0;0;0;0;0;0;0;0;0;0;0;0;0;0;0;0;0;0;0;0;0;0;0
EBANX INSTITUICAO DE PAGAMENTOS LTDA.;21.018.182;n4;I;2;;41;CURITIBA;PR;03/2022;0;NI;NI;NI;NI;NI;NI;NI;NI;NI;NI;NI;NI;NI;NI;NI;NI;NI;NI;NI;NI;NI;NI;NI;NI;NI;NI;NI;NI;NI;NI;NI;NI;NI;NI;NI;NI;NI;NI;NI;NI;NI;NI;NI;NI;NI;NI;NI;NI;NI;NI;NI;NI;NI;NI;NI;NI;NI;NI;NI;NI;NI;NI;NI;NI;NI;NI;NI;NI;NI;NI;NI;NI;NI
GLOBAL EXCHANGE DO BRASIL SOCIEDADE CORRETORA DE CÂMBIO LTDA.;21.040.668;n2;I;3;S4;21;RIO DE JANEIRO;RJ;03/2022;0;NA;NA;NA;NA;NA;NA;NA;NA;NA;NA;NA;NA;NA;NA;NA;NA;NA;NA;NA;NA;NA;NA;NA;NA;NA;NA;NA;NA;NA;NA;NA;NA;NA;NA;NA;NA;NA;NA;NA;NA;NA;NA;NA;NA;NA;NA;NA;NA;NA;NA;NA;NA;NA;NA;NA;NA;NA;NA;NA;NA;NA;NA;NA;NA;NA;NA;NA;NA;NA;NA;NA;NA;NA
COOPERATIVA DE ECONOMIA E CRÉDITO MÚTUO DOS COLABORADORES DA COOPEDER LTDA - COOPCREDER;21.130.869;b3S;I;2;S5;9;BELO HORIZONTE;MG;03/2022;0;0;0;0;0;0;0;0;0;0;0;0;0;0;0;0;0;0;0;0;0;0;0;0;0;0;0;0;0;0;0;0;0;0;0;0;0;0;0;0;0;0;0;0;0;0;0;0;0;0;0;0;0;0;0;0;0;0;0;0;0;0;0;0;0;0;0;0;0;0;0;0;0;0
COOPERATIVA DE ECONOMIA E CRÉDITO MÚTUO DOS EMPREGADOS DA BECTON DICKINSON INDÚSTRIAS CIRÚRGICAS LTDA., LTDA.;21.597.133;b3S;I;2;S5;9;JUIZ DE FORA;MG;03/2022;0;0;0;0;0;0;0;0;0;0;0;0;0;0;0;0;0;0;0;0;0;0;0;0;0;0;0;0;0;0;0;0;0;0;0;0;0;0;0;0;0;0;0;0;0;0;0;0;0;0;0;0;0;0;0;0;0;0;0;0;0;0;0;0;0;0;0;0;0;0;0;0;0;0
GRANITO INSTITUIÇÃO DE PAGAMENTO S.A.;22.177.858;n4;I;2;;41;BARUERI;SP;03/2022;0;NI;NI;NI;NI;NI;NI;NI;NI;NI;NI;NI;NI;NI;NI;NI;NI;NI;NI;NI;NI;NI;NI;NI;NI;NI;NI;NI;NI;NI;NI;NI;NI;NI;NI;NI;NI;NI;NI;NI;NI;NI;NI;NI;NI;NI;NI;NI;NI;NI;NI;NI;NI;NI;NI;NI;NI;NI;NI;NI;NI;NI;NI;NI;NI;NI;NI;NI;NI;NI;NI;NI;NI;NI
M18 INSTITUIÇÃO DE PAGAMENTO S.A.;22.575.466;n4;I;2;;41;SAO PAULO;SP;03/2022;0;NI;NI;NI;NI;NI;NI;NI;NI;NI;NI;NI;NI;NI;NI;NI;NI;NI;NI;NI;NI;NI;NI;NI;NI;NI;NI;NI;NI;NI;NI;NI;NI;NI;NI;NI;NI;NI;NI;NI;NI;NI;NI;NI;NI;NI;NI;NI;NI;NI;NI;NI;NI;NI;NI;NI;NI;NI;NI;NI;NI;NI;NI;NI;NI;NI;NI;NI;NI;NI;NI;NI;NI;NI
VORTX DISTRIBUIDORA DE TITULOS E VALORES MOBILIARIOS LTDA.;22.610.500;n2;I;2;S4;16;SAO PAULO;SP;03/2022;0;NI;NI;NI;NI;NI;NI;NI;NI;NI;NI;NI;NI;NI;NI;NI;NI;NI;NI;NI;NI;NI;NI;NI;NI;NI;NI;NI;NI;NI;NI;NI;NI;NI;NI;NI;NI;NI;NI;NI;NI;NI;NI;NI;NI;NI;NI;NI;NI;NI;NI;NI;NI;NI;NI;NI;NI;NI;NI;NI;NI;NI;NI;NI;NI;NI;NI;NI;NI;NI;NI;NI;NI;NI
PICPAY INSTITUIÇÃO DE PAGAMENTO S.A.;22.896.431;n4;I;2;S3;41;SAO PAULO;SP;03/2022;0;NI;NI;NI;NI;NI;NI;NI;NI;NI;NI;NI;NI;NI;NI;NI;NI;NI;NI;NI;NI;NI;NI;NI;NI;NI;NI;NI;NI;NI;NI;NI;NI;NI;NI;NI;NI;NI;NI;NI;NI;NI;NI;NI;NI;NI;NI;NI;NI;NI;NI;NI;NI;NI;NI;NI;NI;NI;NI;NI;NI;NI;NI;NI;NI;NI;NI;NI;NI;NI;NI;NI;NI;NI
GOOD CORRETORA DE CÂMBIO LTDA;23.010.182;n2;I;2;S5;21;PORTO ALEGRE;RS;03/2022;0;NA;NA;NA;NA;NA;NA;NA;NA;NA;NA;NA;NA;NA;NA;NA;NA;NA;NA;NA;NA;NA;NA;NA;NA;NA;NA;NA;NA;NA;NA;NA;NA;NA;NA;NA;NA;NA;NA;NA;NA;NA;NA;NA;NA;NA;NA;NA;NA;NA;NA;NA;NA;NA;NA;NA;NA;NA;NA;NA;NA;NA;NA;NA;NA;NA;NA;NA;NA;NA;NA;NA;NA;NA
CREBEL - COOPERATIVA DE ECONOMIA E CRÉDITO MÚTUO DOS COLABORADORES DAS EMPRESAS BELGO BEKAERT - CREBEL LTDA.;23.241.540;b3S;I;2;S5;9;CONTAGEM;MG;03/2022;0;0;0;0;0;0;0;0;0;0;0;0;0;0;0;0;0;0;0;0;0;0;0;0;0;0;0;0;0;0;0;0;0;0;0;0;0;0;0;0;0;0;0;0;0;0;0;0;0;0;0;0;0;0;0;0;0;0;0;0;0;0;0;0;0;0;0;0;0;0;0;0;0;0
GUITTA CORRETORA DE CAMBIO LTDA.;24.074.692;n2;I;2;S4;21;SAO PAULO;SP;03/2022;0;NA;NA;NA;NA;NA;NA;NA;NA;NA;NA;NA;NA;NA;NA;NA;NA;NA;NA;NA;NA;NA;NA;NA;NA;NA;NA;NA;NA;NA;NA;NA;NA;NA;NA;NA;NA;NA;NA;NA;NA;NA;NA;NA;NA;NA;NA;NA;NA;NA;NA;NA;NA;NA;NA;NA;NA;NA;NA;NA;NA;NA;NA;NA;NA;NA;NA;NA;NA;NA;NA;NA;NA;NA
COOPERATIVA DE ECONOMIA E CRÉDITO MÚTUO DOS EMPREGADOS DAS EMPRESAS SIDERÚRGICAS, METALÚRGICAS E ELETRO-MECÂNICAS DE JOÃO MONLEVADE LTDA. - CREDIBELGO;24.235.459;b3S;I;2;S5;9;JOAO MONLEVADE;MG;03/2022;0;0;0;0;0;0;0;0;0;0;0;0;0;0;0;0;0;0;0;0;0;0;0;0;0;0;0;0;0;0;0;0;0;0;0;0;0;0;0;0;0;0;0;0;0;0;0;0;0;0;0;0;0;0;0;0;0;0;0;0;0;0;0;0;0;0;0;0;0;0;0;0;0;0
LIMINE TRUST DISTRIBUIDORA DE TÍTULOS E VALORES MOBILIÁRIOS LTDA.;24.361.690;n2;I;2;S4;16;SAO PAULO;SP;03/2022;0;NI;NI;NI;NI;NI;NI;NI;NI;NI;NI;NI;NI;NI;NI;NI;NI;NI;NI;NI;NI;NI;NI;NI;NI;NI;NI;NI;NI;NI;NI;NI;NI;NI;NI;NI;NI;NI;NI;NI;NI;NI;NI;NI;NI;NI;NI;NI;NI;NI;NI;NI;NI;NI;NI;NI;NI;NI;NI;NI;NI;NI;NI;NI;NI;NI;NI;NI;NI;NI;NI;NI;NI;NI
FFA SOCIEDADE DE CRÉDITO AO MICROEMPREENDEDOR E À EMPRESA DE PEQUENO PORTE LTDA.;24.537.861;n1;I;2;S5;10;SAO PAULO;SP;03/2022;0;0;0;0;0;0;0;0;0;0;0;0;0;0;0;0;0;0;0;0;0;0;0;0;0;0;0;0;0;0;0;0;0;0;0;0;0;0;0;0;0;0;0;0;0;0;0;0;0;0;0;0;0;0;0;0;0;0;0;0;0;0;0;0;0;0;0;0;0;0;0;0;0;0
AVS CORRETORA DE CÂMBIO LTDA.;25.280.945;n2;I;2;S5;21;CURITIBA;PR;03/2022;0;NA;NA;NA;NA;NA;NA;NA;NA;NA;NA;NA;NA;NA;NA;NA;NA;NA;NA;NA;NA;NA;NA;NA;NA;NA;NA;NA;NA;NA;NA;NA;NA;NA;NA;NA;NA;NA;NA;NA;NA;NA;NA;NA;NA;NA;NA;NA;NA;NA;NA;NA;NA;NA;NA;NA;NA;NA;NA;NA;NA;NA;NA;NA;NA;NA;NA;NA;NA;NA;NA;NA;NA;NA
MUNDINVEST S.A.-CORRETORA DE CAMBIO E VALORES MOBILIARIOS;25.674.235;n2;I;2;S4;15;BELO HORIZONTE;MG;03/2022;0;NI;NI;NI;NI;NI;NI;NI;NI;NI;NI;NI;NI;NI;NI;NI;NI;NI;NI;NI;NI;NI;NI;NI;NI;NI;NI;NI;NI;NI;NI;NI;NI;NI;NI;NI;NI;NI;NI;NI;NI;NI;NI;NI;NI;NI;NI;NI;NI;NI;NI;NI;NI;NI;NI;NI;NI;NI;NI;NI;NI;NI;NI;NI;NI;NI;NI;NI;NI;NI;NI;NI;NI;NI
CENTROCRED S.A. CRÉDITO, FINANCIAMENTO E INVESTIMENTOS;26.225.776;n1;I;2;S5;14;SANTA CRUZ DO SUL;RS;03/2022;0;0;0;0;0;0;0;0;0;0;0;0;0;0;0;0;0;0;0;0;0;0;0;0;0;0;0;0;0;0;0;0;0;0;0;0;0;0;0;0;0;0;0;0;0;0;0;0;0;0;0;0;0;0;0;0;0;0;0;0;0;0;0;0;0;0;0;0;0;0;0;0;0;0
COOPERATIVA DE ECONOMIA E CREDITO MUTUO DOS EMPREGADOS DO GRUPO USINA PAINEIRAS LTDA - CRED-PAN;27.140.946;b3S;I;2;S5;9;ITAPEMIRIM;ES;03/2022;0;0;0;0;0;0;0;0;0;0;0;0;0;0;0;0;0;0;0;0;0;0;0;0;0;0;0;0;0;0;0;0;0;0;0;0;0;0;0;0;0;0;0;0;0;0;0;0;0;0;0;0;0;0;0;0;0;0;0;0;0;0;0;0;0;0;0;0;0;0;0;0;0;0
COOPERÁGUIA - COOPERATIVA DE ECONOMIA E CRÉDITO MÚTUO DOS EMPREGADOS DO GRUPO ÁGUIA BRANCA;27.171.974;b3S;I;2;S5;9;CARIACICA;ES;03/2022;0;0;0;0;0;0;0;0;0;0;0;0;0;0;0;0;0;0;0;0;0;0;0;0;0;0;0;0;0;0;0;0;0;0;0;0;0;0;0;0;0;0;0;0;0;0;0;0;0;0;0;0;0;0;0;0;0;0;0;0;0;0;0;0;0;0;0;0;0;0;0;0;0;0
COOPERATIVA DE CREDITO DOS SERVIDORES DA UNIVERSIDADE FEDERAL DO ESPIRITO SANTO;27.302.181;b3S;I;2;S5;9;VITORIA;ES;03/2022;0;0;0;0;0;0;0;0;0;0;0;0;0;0;0;0;0;0;0;0;0;0;0;0;0;0;0;0;0;0;0;0;0;0;0;0;0;0;0;0;0;0;0;0;0;0;0;0;0;0;0;0;0;0;0;0;0;0;0;0;0;0;0;0;0;0;0;0;0;0;0;0;0;0
IB CORRETORA DE CÂMBIO, TÍTULOS E VALORES MOBILIÁRIOS S.A.;27.842.177;n2;I;2;S4;15;SAO PAULO;SP;03/2022;0;NI;NI;NI;NI;NI;NI;NI;NI;NI;NI;NI;NI;NI;NI;NI;NI;NI;NI;NI;NI;NI;NI;NI;NI;NI;NI;NI;NI;NI;NI;NI;NI;NI;NI;NI;NI;NI;NI;NI;NI;NI;NI;NI;NI;NI;NI;NI;NI;NI;NI;NI;NI;NI;NI;NI;NI;NI;NI;NI;NI;NI;NI;NI;NI;NI;NI;NI;NI;NI;NI;NI;NI;NI
ELITE CORRETORA DE CÂMBIO E VALORES MOBILIÁRIOS LTDA;28.048.783;n2;I;2;S4;15;RIO DE JANEIRO;RJ;03/2022;0;NI;NI;NI;NI;NI;NI;NI;NI;NI;NI;NI;NI;NI;NI;NI;NI;NI;NI;NI;NI;NI;NI;NI;NI;NI;NI;NI;NI;NI;NI;NI;NI;NI;NI;NI;NI;NI;NI;NI;NI;NI;NI;NI;NI;NI;NI;NI;NI;NI;NI;NI;NI;NI;NI;NI;NI;NI;NI;NI;NI;NI;NI;NI;NI;NI;NI;NI;NI;NI;NI;NI;NI;NI
BOLT CARD INSTITUIÇÃO DE PAGAMENTOS LTDA.;28.080.769;n4;I;2;S4;41;MONTE BELO;MG;03/2022;0;NI;NI;NI;NI;NI;NI;NI;NI;NI;NI;NI;NI;NI;NI;NI;NI;NI;NI;NI;NI;NI;NI;NI;NI;NI;NI;NI;NI;NI;NI;NI;NI;NI;NI;NI;NI;NI;NI;NI;NI;NI;NI;NI;NI;NI;NI;NI;NI;NI;NI;NI;NI;NI;NI;NI;NI;NI;NI;NI;NI;NI;NI;NI;NI;NI;NI;NI;NI;NI;NI;NI;NI;NI
CRETOVALE - COOPERATIVA DE ECONOMIA E CRÉDITO MÚTUO DOS TRABALHADORES DA VALE;28.145.589;b3S;I;2;S5;9;VITORIA;ES;03/2022;0;0;0;0;0;0;0;0;0;0;0;0;0;0;0;0;0;0;0;0;0;0;0;0;0;0;0;0;0;0;0;0;0;0;0;0;0;0;0;0;0;0;0;0;0;0;0;0;0;0;0;0;0;0;0;0;0;0;0;0;0;0;0;0;0;0;0;0;0;0;0;0;0;0
COOPERATIVA DE ECONOMIA E CRÉDITO MÚTUO DOS EMPREGADOS DA JOLIMODE ROUPAS E EMPRESAS COLIGADAS LTDA;28.244.622;b3S;I;2;S5;9;RIO DE JANEIRO;RJ;03/2022;0;0;0;0;0;0;0;0;0;0;0;0;0;0;0;0;0;0;0;0;0;0;0;0;0;0;0;0;0;0;0;0;0;0;0;0;0;0;0;0;0;0;0;0;0;0;0;0;0;0;0;0;0;0;0;0;0;0;0;0;0;0;0;0;0;0;0;0;0;0;0;0;0;0
COOPERATIVA DE CRÉDITO DE CAPITAL E EMPRÉSTIMO DOS TRABALHADORES NAS EMPRESAS DE TECNOLOGIA E INFORMÁTICA DE BELO HORIZONTE E CIDADES LIMÍTROFES LTDA - COOPERINFOR;28.435.685;b3S;I;2;S5;9;BELO HORIZONTE;MG;03/2022;0;0;0;0;0;0;0;0;0;0;0;0;0;0;0;0;0;0;0;0;0;0;0;0;0;0;0;0;0;0;0;0;0;0;0;0;0;0;0;0;0;0;0;0;0;0;0;0;0;0;0;0;0;0;0;0;0;0;0;0;0;0;0;0;0;0;0;0;0;0;0;0;0;0
SADOC SOCIEDADE CORRETORA DE CÂMBIO LTDA.;28.762.249;n2;I;2;S5;21;FORTALEZA;CE;03/2022;0;NA;NA;NA;NA;NA;NA;NA;NA;NA;NA;NA;NA;NA;NA;NA;NA;NA;NA;NA;NA;NA;NA;NA;NA;NA;NA;NA;NA;NA;NA;NA;NA;NA;NA;NA;NA;NA;NA;NA;NA;NA;NA;NA;NA;NA;NA;NA;NA;NA;NA;NA;NA;NA;NA;NA;NA;NA;NA;NA;NA;NA;NA;NA;NA;NA;NA;NA;NA;NA;NA;NA;NA;NA
COOPERATIVA DE ECONOMIA E CREDITO MUTUO DOS SERVIDORES DA UERJ LTDA. - COOPUERJ;28.885.036;b3S;I;2;S5;9;RIO DE JANEIRO;RJ;03/2022;0;0;0;0;0;0;0;0;0;0;0;0;0;0;0;0;0;0;0;0;0;0;0;0;0;0;0;0;0;0;0;0;0;0;0;0;0;0;0;0;0;0;0;0;0;0;0;0;0;0;0;0;0;0;0;0;0;0;0;0;0;0;0;0;0;0;0;0;0;0;0;0;0;0
COOPERATIVA DE ECONOMIA E CREDITO MUTUO DOS SERVIDORES DA COMLURB LTDA;29.341.260;b3S;I;2;S5;9;RIO DE JANEIRO;RJ;03/2022;0;0;0;0;0;0;0;0;0;0;0;0;0;0;0;0;0;0;0;0;0;0;0;0;0;0;0;0;0;0;0;0;0;0;0;0;0;0;0;0;0;0;0;0;0;0;0;0;0;0;0;0;0;0;0;0;0;0;0;0;0;0;0;0;0;0;0;0;0;0;0;0;0;0
COOPERATIVA DE ECONOMIA E CREDITO MUTUO DOS EMPREGADOS DO GRUPO JOSE NEFFA LTDA;29.985.421;b3S;I;2;S5;9;VITORIA;ES;03/2022;0;0;0;0;0;0;0;0;0;0;0;0;0;0;0;0;0;0;0;0;0;0;0;0;0;0;0;0;0;0;0;0;0;0;0;0;0;0;0;0;0;0;0;0;0;0;0;0;0;0;0;0;0;0;0;0;0;0;0;0;0;0;0;0;0;0;0;0;0;0;0;0;0;0
COOPERATIVA DE ECONOMIA E CREDITO MUTUO DOS EMPREGADOS DA CIA DE ELETRICIDADE DO ESTADO DO RJ CREDICERJ LTDA;30.138.226;b3S;I;2;S5;9;NITEROI;RJ;03/2022;0;0;0;0;0;0;0;0;0;0;0;0;0;0;0;0;0;0;0;0;0;0;0;0;0;0;0;0;0;0;0;0;0;0;0;0;0;0;0;0;0;0;0;0;0;0;0;0;0;0;0;0;0;0;0;0;0;0;0;0;0;0;0;0;0;0;0;0;0;0;0;0;0;0
TURMA CORRETORA DE CÂMBIO LTDA;30.183.111;n2;I;2;S4;21;URUGUAIANA;RS;03/2022;0;NA;NA;NA;NA;NA;NA;NA;NA;NA;NA;NA;NA;NA;NA;NA;NA;NA;NA;NA;NA;NA;NA;NA;NA;NA;NA;NA;NA;NA;NA;NA;NA;NA;NA;NA;NA;NA;NA;NA;NA;NA;NA;NA;NA;NA;NA;NA;NA;NA;NA;NA;NA;NA;NA;NA;NA;NA;NA;NA;NA;NA;NA;NA;NA;NA;NA;NA;NA;NA;NA;NA;NA;NA
COOPERATIVA DE ECONOMIA E CRÉDITO MÚTUO DOS EMPREGADOS DA CNC, SESC E SENAC ADMINISTRAÇÕES NACIONAIS LTDA.;30.304.919;b3S;I;2;S5;9;RIO DE JANEIRO;RJ;03/2022;0;0;0;0;0;0;0;0;0;0;0;0;0;0;0;0;0;0;0;0;0;0;0;0;0;0;0;0;0;0;0;0;0;0;0;0;0;0;0;0;0;0;0;0;0;0;0;0;0;0;0;0;0;0;0;0;0;0;0;0;0;0;0;0;0;0;0;0;0;0;0;0;0;0
COOPERATIVA DE ECONOMIA E CREDITO MUTUO DOS EMPREGADOS DOS LABORATORIOS B.BRAUN LTDA;30.586.895;b3S;I;2;S5;9;SAO GONCALO;RJ;03/2022;0;0;0;0;0;0;0;0;0;0;0;0;0;0;0;0;0;0;0;0;0;0;0;0;0;0;0;0;0;0;0;0;0;0;0;0;0;0;0;0;0;0;0;0;0;0;0;0;0;0;0;0;0;0;0;0;0;0;0;0;0;0;0;0;0;0;0;0;0;0;0;0;0;0
BANQI INSTITUICAO DE PAGAMENTO LTDA.;30.723.871;n4;I;2;S5;41;SAO PAULO;SP;03/2022;0;NI;NI;NI;NI;NI;NI;NI;NI;NI;NI;NI;NI;NI;NI;NI;NI;NI;NI;NI;NI;NI;NI;NI;NI;NI;NI;NI;NI;NI;NI;NI;NI;NI;NI;NI;NI;NI;NI;NI;NI;NI;NI;NI;NI;NI;NI;NI;NI;NI;NI;NI;NI;NI;NI;NI;NI;NI;NI;NI;NI;NI;NI;NI;NI;NI;NI;NI;NI;NI;NI;NI;NI;NI
BEN BENEFÍCIOS E SERVIÇOS INSTITUIÇÃO DE PAGAMENTO S.A.;30.798.783;n4;I;3;S1;41;SAO PAULO;SP;03/2022;0;NI;NI;NI;NI;NI;NI;NI;NI;NI;NI;NI;NI;NI;NI;NI;NI;NI;NI;NI;NI;NI;NI;NI;NI;NI;NI;NI;NI;NI;NI;NI;NI;NI;NI;NI;NI;NI;NI;NI;NI;NI;NI;NI;NI;NI;NI;NI;NI;NI;NI;NI;NI;NI;NI;NI;NI;NI;NI;NI;NI;NI;NI;NI;NI;NI;NI;NI;NI;NI;NI;NI;NI;NI
BANCO CLASSICO S.A.;31.597.552;b1;I;2;S3;8;RIO DE JANEIRO;RJ;03/2022;0;NI;NI;NI;NI;NI;NI;NI;NI;NI;NI;NI;NI;NI;NI;NI;NI;NI;NI;NI;NI;NI;NI;NI;NI;NI;NI;NI;NI;NI;NI;NI;NI;NI;NI;NI;NI;NI;NI;NI;NI;NI;NI;NI;NI;NI;NI;NI;NI;NI;NI;NI;NI;NI;NI;NI;NI;NI;NI;NI;NI;NI;NI;NI;NI;NI;NI;NI;NI;NI;NI;NI;NI;NI
COOPERATIVA DE ECONOMIA E CREDITO MUTUO DOS EMPREGADOS DE ESTABELECIMENTOS HOSPITALARES DO SUL DO ESTADO DO ESPIRITO SANTO - SULCRED;31.746.993;b3S;I;2;S5;9;CACHOEIRO DE ITAPEMIRIM;ES;03/2022;0;0;0;0;0;0;0;0;0;0;0;0;0;0;0;0;0;0;0;0;0;0;0;0;0;0;0;0;0;0;0;0;0;0;0;0;0;0;0;0;0;0;0;0;0;0;0;0;0;0;0;0;0;0;0;0;0;0;0;0;0;0;0;0;0;0;0;0;0;0;0;0;0;0
IDEAL CORRETORA DE TÍTULOS E VALORES MOBILIÁRIOS S.A.;31.749.596;n2;I;2;S4;15;SAO PAULO;SP;03/2022;0;NI;NI;NI;NI;NI;NI;NI;NI;NI;NI;NI;NI;NI;NI;NI;NI;NI;NI;NI;NI;NI;NI;NI;NI;NI;NI;NI;NI;NI;NI;NI;NI;NI;NI;NI;NI;NI;NI;NI;NI;NI;NI;NI;NI;NI;NI;NI;NI;NI;NI;NI;NI;NI;NI;NI;NI;NI;NI;NI;NI;NI;NI;NI;NI;NI;NI;NI;NI;NI;NI;NI;NI;NI
SUL AMERICA INVESTIMENTOS DISTRIBUIDORA DE TITULOS E VALORES MOBILIARIOS S.A.;32.206.435;n2;I;3;S4;16;SAO PAULO;SP;03/2022;0;NI;NI;NI;NI;NI;NI;NI;NI;NI;NI;NI;NI;NI;NI;NI;NI;NI;NI;NI;NI;NI;NI;NI;NI;NI;NI;NI;NI;NI;NI;NI;NI;NI;NI;NI;NI;NI;NI;NI;NI;NI;NI;NI;NI;NI;NI;NI;NI;NI;NI;NI;NI;NI;NI;NI;NI;NI;NI;NI;NI;NI;NI;NI;NI;NI;NI;NI;NI;NI;NI;NI;NI;NI
FAIR CORRETORA DE CAMBIO S.A.;32.648.370;n2;I;2;S4;21;SAO PAULO;SP;03/2022;0;NA;NA;NA;NA;NA;NA;NA;NA;NA;NA;NA;NA;NA;NA;NA;NA;NA;NA;NA;NA;NA;NA;NA;NA;NA;NA;NA;NA;NA;NA;NA;NA;NA;NA;NA;NA;NA;NA;NA;NA;NA;NA;NA;NA;NA;NA;NA;NA;NA;NA;NA;NA;NA;NA;NA;NA;NA;NA;NA;NA;NA;NA;NA;NA;NA;NA;NA;NA;NA;NA;NA;NA;NA
CREDITAS SOCIEDADE DE CRÉDITO DIRETO S.A.;32.997.490;n1;I;2;S5;43;SAO PAULO;SP;03/2022;0;0;0;0;0;0;0;0;0;0;0;0;0;0;0;0;0;0;0;0;0;0;0;0;0;0;0;0;0;0;0;0;0;0;0;0;0;0;0;0;0;0;0;0;0;0;0;0;0;0;0;0;0;0;0;0;0;0;0;0;0;0;0;0;0;0;0;0;0;0;0;0;0;0
COOPERATIVA CENTRAL DE CRÉDITO, POUPANÇA E INVESTIMENTO DO CENTRO NORTE DO BRASIL - CENTRAL SICREDI CENTRO NORTE;33.667.205;b3C;I;2;S4;9;CUIABA;MT;03/2022;0;0;0;0;0;0;0;0;0;0;0;0;0;0;0;0;0;0;0;0;0;0;0;0;0;0;0;0;0;0;0;0;0;0;0;0;0;0;0;0;0;0;0;0;0;0;0;0;0;0;0;0;0;0;0;0;0;0;0;0;0;0;0;0;0;0;0;0;0;0;0;0;0;0
COOPERATIVA DE ECONOMIA E CREDITO MUTUO JOHN F. KENNEDY LTDA;33.735.192;b3S;I;2;S5;9;RIO DE JANEIRO;RJ;03/2022;0;0;0;0;0;0;0;0;0;0;0;0;0;0;0;0;0;0;0;0;0;0;0;0;0;0;0;0;0;0;0;0;0;0;0;0;0;0;0;0;0;0;0;0;0;0;0;0;0;0;0;0;0;0;0;0;0;0;0;0;0;0;0;0;0;0;0;0;0;0;0;0;0;0
COOPERATIVA CENTRAL DE CRÉDITO, POUPANÇA E INVESTIMENTO DE MATO GROSSO DO SUL, GOIÁS, DISTRITO FEDERAL E TOCANTINS - CENTRAL SICREDI BRASIL CENTRAL;33.737.818;b3C;I;2;S4;9;GOIANIA;GO;03/2022;0;0;0;0;0;0;0;0;0;0;0;0;0;0;0;0;0;0;0;0;0;0;0;0;0;0;0;0;0;0;0;0;0;0;0;0;0;0;0;0;0;0;0;0;0;0;0;0;0;0;0;0;0;0;0;0;0;0;0;0;0;0;0;0;0;0;0;0;0;0;0;0;0;0
ATIVA INVESTIMENTOS S.A. CORRETORA DE TÍTULOS, CÂMBIO E VALORES;33.775.974;n2;I;2;S4;15;RIO DE JANEIRO;RJ;03/2022;0;0;0;0;0;0;0;0;0;0;0;0;0;0;0;0;0;0;0;0;0;0;0;0;0;0;0;0;0;0;0;0;0;0;0;0;0;0;0;0;0;0;0;0;0;0;0;0;0;0;0;0;0;0;0;0;0;0;0;0;0;0;0;0;0;0;0;0;0;0;0;0;0;0
DILLON S/A DISTRIBUIDORA DE TITULOS E VALORES MOBILIARIOS;33.851.064;n2;I;2;S4;16;RIO DE JANEIRO;RJ;03/2022;0;NI;NI;NI;NI;NI;NI;NI;NI;NI;NI;NI;NI;NI;NI;NI;NI;NI;NI;NI;NI;NI;NI;NI;NI;NI;NI;NI;NI;NI;NI;NI;NI;NI;NI;NI;NI;NI;NI;NI;NI;NI;NI;NI;NI;NI;NI;NI;NI;NI;NI;NI;NI;NI;NI;NI;NI;NI;NI;NI;NI;NI;NI;NI;NI;NI;NI;NI;NI;NI;NI;NI;NI;NI
BGC LIQUIDEZ DISTRIBUIDORA DE TÍTULOS E VALORES MOBILIÁRIOS LTDA;33.862.244;n2;I;3;S4;16;RIO DE JANEIRO;RJ;03/2022;0;NI;NI;NI;NI;NI;NI;NI;NI;NI;NI;NI;NI;NI;NI;NI;NI;NI;NI;NI;NI;NI;NI;NI;NI;NI;NI;NI;NI;NI;NI;NI;NI;NI;NI;NI;NI;NI;NI;NI;NI;NI;NI;NI;NI;NI;NI;NI;NI;NI;NI;NI;NI;NI;NI;NI;NI;NI;NI;NI;NI;NI;NI;NI;NI;NI;NI;NI;NI;NI;NI;NI;NI;NI
BRKB DISTRIBUIDORA DE TÍTULOS E VALORES MOBILIÁRIOS S.A.;33.923.111;n2;I;3;S4;16;RIO DE JANEIRO;RJ;03/2022;0;NI;NI;NI;NI;NI;NI;NI;NI;NI;NI;NI;NI;NI;NI;NI;NI;NI;NI;NI;NI;NI;NI;NI;NI;NI;NI;NI;NI;NI;NI;NI;NI;NI;NI;NI;NI;NI;NI;NI;NI;NI;NI;NI;NI;NI;NI;NI;NI;NI;NI;NI;NI;NI;NI;NI;NI;NI;NI;NI;NI;NI;NI;NI;NI;NI;NI;NI;NI;NI;NI;NI;NI;NI
LISTO SOCIEDADE DE CREDITO DIRETO S.A.;34.088.029;n1;I;2;S5;43;SAO PAULO;SP;03/2022;0;0;0;0;0;0;0;0;0;0;0;0;0;0;0;0;0;0;0;0;0;0;0;0;0;0;0;0;0;0;0;0;0;0;0;0;0;0;0;0;0;0;0;0;0;0;0;0;0;0;0;0;0;0;0;0;0;0;0;0;0;0;0;0;0;0;0;0;0;0;0;0;0;0
EUROINVEST S.A. CORRETORA DE CÂMBIO, TÍTULOS E VALORES MOBILIÁRIOS;34.190.991;n2;I;2;S4;15;RIO DE JANEIRO;RJ;03/2022;0;NI;NI;NI;NI;NI;NI;NI;NI;NI;NI;NI;NI;NI;NI;NI;NI;NI;NI;NI;NI;NI;NI;NI;NI;NI;NI;NI;NI;NI;NI;NI;NI;NI;NI;NI;NI;NI;NI;NI;NI;NI;NI;NI;NI;NI;NI;NI;NI;NI;NI;NI;NI;NI;NI;NI;NI;NI;NI;NI;NI;NI;NI;NI;NI;NI;NI;NI;NI;NI;NI;NI;NI;NI
INTERCAM CORRETORA DE CÂMBIO LTDA.;34.265.629;n2;I;2;S4;21;SAO PAULO;SP;03/2022;0;NA;NA;NA;NA;NA;NA;NA;NA;NA;NA;NA;NA;NA;NA;NA;NA;NA;NA;NA;NA;NA;NA;NA;NA;NA;NA;NA;NA;NA;NA;NA;NA;NA;NA;NA;NA;NA;NA;NA;NA;NA;NA;NA;NA;NA;NA;NA;NA;NA;NA;NA;NA;NA;NA;NA;NA;NA;NA;NA;NA;NA;NA;NA;NA;NA;NA;NA;NA;NA;NA;NA;NA;NA
STONE SOCIEDADE DE CRÉDITO DIRETO S.A.;34.590.184;n1;I;2;S5;43;SAO PAULO;SP;03/2022;0;NI;NI;NI;NI;NI;NI;NI;NI;NI;NI;NI;NI;NI;NI;NI;NI;NI;NI;NI;NI;NI;NI;NI;NI;NI;NI;NI;NI;NI;NI;NI;NI;NI;NI;NI;NI;NI;NI;NI;NI;NI;NI;NI;NI;NI;NI;NI;NI;NI;NI;NI;NI;NI;NI;NI;NI;NI;NI;NI;NI;NI;NI;NI;NI;NI;NI;NI;NI;NI;NI;NI;NI;NI
MONOPÓLIO CORRETORA DE CÂMBIO LTDA.;34.666.362;n2;I;2;S4;21;BELEM;PA;03/2022;0;NA;NA;NA;NA;NA;NA;NA;NA;NA;NA;NA;NA;NA;NA;NA;NA;NA;NA;NA;NA;NA;NA;NA;NA;NA;NA;NA;NA;NA;NA;NA;NA;NA;NA;NA;NA;NA;NA;NA;NA;NA;NA;NA;NA;NA;NA;NA;NA;NA;NA;NA;NA;NA;NA;NA;NA;NA;NA;NA;NA;NA;NA;NA;NA;NA;NA;NA;NA;NA;NA;NA;NA;NA
REAG DISTRIBUIDORA DE TÍTULOS E VALORES MOBILIÁRIOS S.A.;34.829.992;n2;I;2;S4;16;SAO PAULO;SP;03/2022;0;NI;NI;NI;NI;NI;NI;NI;NI;NI;NI;NI;NI;NI;NI;NI;NI;NI;NI;NI;NI;NI;NI;NI;NI;NI;NI;NI;NI;NI;NI;NI;NI;NI;NI;NI;NI;NI;NI;NI;NI;NI;NI;NI;NI;NI;NI;NI;NI;NI;NI;NI;NI;NI;NI;NI;NI;NI;NI;NI;NI;NI;NI;NI;NI;NI;NI;NI;NI;NI;NI;NI;NI;NI
BULLLA SOCIEDADE DE EMPRÉSTIMO ENTRE PESSOAS S.A.;34.831.910;n1;I;2;S5;44;SAO PAULO;SP;03/2022;0;NI;NI;NI;NI;NI;NI;NI;NI;NI;NI;NI;NI;NI;NI;NI;NI;NI;NI;NI;NI;NI;NI;NI;NI;NI;NI;NI;NI;NI;NI;NI;NI;NI;NI;NI;NI;NI;NI;NI;NI;NI;NI;NI;NI;NI;NI;NI;NI;NI;NI;NI;NI;NI;NI;NI;NI;NI;NI;NI;NI;NI;NI;NI;NI;NI;NI;NI;NI;NI;NI;NI;NI;NI
TANGER SOCIEDADE DE CRÉDITO DIRETO S.A.;34.846.868;n1;I;2;S5;43;LINS;SP;03/2022;0;0;0;0;0;0;0;0;0;0;0;0;0;0;0;0;0;0;0;0;0;0;0;0;0;0;0;0;0;0;0;0;0;0;0;0;0;0;0;0;0;0;0;0;0;0;0;0;0;0;0;0;0;0;0;0;0;0;0;0;0;0;0;0;0;0;0;0;0;0;0;0;0;0
INTEGRAL ACCESS DISTRIBUIDORA DE TÍTULOS E VALORES MOBILIÁRIOS LTDA.;34.978.626;n2;I;2;S4;16;SAO PAULO;SP;03/2022;0;NI;NI;NI;NI;NI;NI;NI;NI;NI;NI;NI;NI;NI;NI;NI;NI;NI;NI;NI;NI;NI;NI;NI;NI;NI;NI;NI;NI;NI;NI;NI;NI;NI;NI;NI;NI;NI;NI;NI;NI;NI;NI;NI;NI;NI;NI;NI;NI;NI;NI;NI;NI;NI;NI;NI;NI;NI;NI;NI;NI;NI;NI;NI;NI;NI;NI;NI;NI;NI;NI;NI;NI;NI
PINTOS S.A. CREDITO, FINANCIAMENTO E INVESTIMENTO;35.274.306;n1;I;2;S5;14;TERESINA;PI;03/2022;0;0;0;0;0;0;0;0;0;0;0;0;0;0;0;0;0;0;0;0;0;0;0;0;0;0;0;0;0;0;0;0;0;0;0;0;0;0;0;0;0;0;0;0;0;0;0;0;0;0;0;0;0;0;0;0;0;0;0;0;0;0;0;0;0;0;0;0;0;0;0;0;0;0
HEDGEPOINT GLOBAL MARKETS DISTRIBUIDORA DE TITULOS E VALORES MOBILIÁRIOS LTDA.;35.470.647;n2;I;2;S4;16;CAMPINAS;SP;03/2022;0;NI;NI;NI;NI;NI;NI;NI;NI;NI;NI;NI;NI;NI;NI;NI;NI;NI;NI;NI;NI;NI;NI;NI;NI;NI;NI;NI;NI;NI;NI;NI;NI;NI;NI;NI;NI;NI;NI;NI;NI;NI;NI;NI;NI;NI;NI;NI;NI;NI;NI;NI;NI;NI;NI;NI;NI;NI;NI;NI;NI;NI;NI;NI;NI;NI;NI;NI;NI;NI;NI;NI;NI;NI
OLIVEIRA TRUST DISTRIBUIDORA DE TÍTULOS E VALORES MOBILIARIOS S.A.;36.113.876;n2;I;2;S4;16;RIO DE JANEIRO;RJ;03/2022;0;NI;NI;NI;NI;NI;NI;NI;NI;NI;NI;NI;NI;NI;NI;NI;NI;NI;NI;NI;NI;NI;NI;NI;NI;NI;NI;NI;NI;NI;NI;NI;NI;NI;NI;NI;NI;NI;NI;NI;NI;NI;NI;NI;NI;NI;NI;NI;NI;NI;NI;NI;NI;NI;NI;NI;NI;NI;NI;NI;NI;NI;NI;NI;NI;NI;NI;NI;NI;NI;NI;NI;NI;NI
CAPTALYS DISTRIBUIDORA DE TÍTULOS E VALORES MOBILIÁRIOS LTDA.;36.266.751;n2;I;2;S4;16;SAO PAULO;SP;03/2022;0;NI;NI;NI;NI;NI;NI;NI;NI;NI;NI;NI;NI;NI;NI;NI;NI;NI;NI;NI;NI;NI;NI;NI;NI;NI;NI;NI;NI;NI;NI;NI;NI;NI;NI;NI;NI;NI;NI;NI;NI;NI;NI;NI;NI;NI;NI;NI;NI;NI;NI;NI;NI;NI;NI;NI;NI;NI;NI;NI;NI;NI;NI;NI;NI;NI;NI;NI;NI;NI;NI;NI;NI;NI
BIGCASH SOCIEDADE DE CREDITO DIRETO S.A.;36.452.762;n1;I;2;S5;43;GOVERNADOR VALADARES;MG;03/2022;0;0;0;0;0;0;0;0;0;0;0;0;0;0;0;0;0;0;0;0;0;0;0;0;0;0;0;0;0;0;0;0;0;0;0;0;0;0;0;0;0;0;0;0;0;0;0;0;0;0;0;0;0;0;0;0;0;0;0;0;0;0;0;0;0;0;0;0;0;0;0;0;0;0
WISE BRASIL CORRETORA DE CÂMBIO LTDA;36.588.217;n2;I;2;S4;21;SAO PAULO;SP;03/2022;0;NA;NA;NA;NA;NA;NA;NA;NA;NA;NA;NA;NA;NA;NA;NA;NA;NA;NA;NA;NA;NA;NA;NA;NA;NA;NA;NA;NA;NA;NA;NA;NA;NA;NA;NA;NA;NA;NA;NA;NA;NA;NA;NA;NA;NA;NA;NA;NA;NA;NA;NA;NA;NA;NA;NA;NA;NA;NA;NA;NA;NA;NA;NA;NA;NA;NA;NA;NA;NA;NA;NA;NA;NA
CALCRED S.A. - CRÉDITO, FINANCIAMENTO E INVESTIMENTO;37.122.487;n1;I;2;S4;14;SAO JOSE;SC;03/2022;0;0;0;0;0;0;0;0;0;0;0;0;0;0;0;0;0;0;0;0;0;0;0;0;0;0;0;0;0;0;0;0;0;0;0;0;0;0;0;0;0;0;0;0;0;0;0;0;0;0;0;0;0;0;0;0;0;0;0;0;0;0;0;0;0;0;0;0;0;0;0;0;0;0
SUMUP SOCIEDADE DE CRÉDITO DIRETO S.A.;37.241.230;n1;I;2;S5;43;SAO PAULO;SP;03/2022;0;NI;NI;NI;NI;NI;NI;NI;NI;NI;NI;NI;NI;NI;NI;NI;NI;NI;NI;NI;NI;NI;NI;NI;NI;NI;NI;NI;NI;NI;NI;NI;NI;NI;NI;NI;NI;NI;NI;NI;NI;NI;NI;NI;NI;NI;NI;NI;NI;NI;NI;NI;NI;NI;NI;NI;NI;NI;NI;NI;NI;NI;NI;NI;NI;NI;NI;NI;NI;NI;NI;NI;NI;NI
ZIPDIN SOLUÇÕES DIGITAIS SOCIEDADE DE CRÉDITO DIRETO S/A;37.414.009;n1;I;2;S5;43;RIO DE JANEIRO;RJ;03/2022;0;0;0;0;0;0;0;0;0;0;0;0;0;0;0;0;0;0;0;0;0;0;0;0;0;0;0;0;0;0;0;0;0;0;0;0;0;0;0;0;0;0;0;0;0;0;0;0;0;0;0;0;0;0;0;0;0;0;0;0;0;0;0;0;0;0;0;0;0;0;0;0;0;0
WORK SOCIEDADE DE CRÉDITO DIRETO S.A.;37.526.080;n1;I;2;S5;43;SAO PAULO;SP;03/2022;0;NI;NI;NI;NI;NI;NI;NI;NI;NI;NI;NI;NI;NI;NI;NI;NI;NI;NI;NI;NI;NI;NI;NI;NI;NI;NI;NI;NI;NI;NI;NI;NI;NI;NI;NI;NI;NI;NI;NI;NI;NI;NI;NI;NI;NI;NI;NI;NI;NI;NI;NI;NI;NI;NI;NI;NI;NI;NI;NI;NI;NI;NI;NI;NI;NI;NI;NI;NI;NI;NI;NI;NI;NI
DMCARD SOCIEDADE DE CRÉDITO DIRETO S.A.;37.555.231;n1;I;2;S5;43;SAO JOSE DOS CAMPOS;SP;03/2022;0;0;0;0;0;0;0;0;0;0;0;0;0;0;0;0;0;0;0;0;0;0;0;0;0;0;0;0;0;0;0;0;0;0;0;0;0;0;0;0;0;0;0;0;0;0;0;0;0;0;0;0;0;0;0;0;0;0;0;0;0;0;0;0;0;0;0;0;0;0;0;0;0;0
FIDD DISTRIBUIDORA DE TÍTULOS E VALORES MOBILIÁRIOS LTDA.;37.678.915;n2;I;2;S4;16;SAO PAULO;SP;03/2022;0;NI;NI;NI;NI;NI;NI;NI;NI;NI;NI;NI;NI;NI;NI;NI;NI;NI;NI;NI;NI;NI;NI;NI;NI;NI;NI;NI;NI;NI;NI;NI;NI;NI;NI;NI;NI;NI;NI;NI;NI;NI;NI;NI;NI;NI;NI;NI;NI;NI;NI;NI;NI;NI;NI;NI;NI;NI;NI;NI;NI;NI;NI;NI;NI;NI;NI;NI;NI;NI;NI;NI;NI;NI
GERU SOCIEDADE DE CRÉDITO DIRETO S.A.;37.763.847;n1;I;2;S5;43;SAO PAULO;SP;03/2022;0;NI;NI;NI;NI;NI;NI;NI;NI;NI;NI;NI;NI;NI;NI;NI;NI;NI;NI;NI;NI;NI;NI;NI;NI;NI;NI;NI;NI;NI;NI;NI;NI;NI;NI;NI;NI;NI;NI;NI;NI;NI;NI;NI;NI;NI;NI;NI;NI;NI;NI;NI;NI;NI;NI;NI;NI;NI;NI;NI;NI;NI;NI;NI;NI;NI;NI;NI;NI;NI;NI;NI;NI;NI
HARMONIA DISTRIBUIDORA DE TÍTULOS E VALORES MOBILIÁRIOS S.A.;37.800.856;n2;I;2;S4;16;SAO PAULO;SP;03/2022;0;NI;NI;NI;NI;NI;NI;NI;NI;NI;NI;NI;NI;NI;NI;NI;NI;NI;NI;NI;NI;NI;NI;NI;NI;NI;NI;NI;NI;NI;NI;NI;NI;NI;NI;NI;NI;NI;NI;NI;NI;NI;NI;NI;NI;NI;NI;NI;NI;NI;NI;NI;NI;NI;NI;NI;NI;NI;NI;NI;NI;NI;NI;NI;NI;NI;NI;NI;NI;NI;NI;NI;NI;NI
NUMBRS SOCIEDADE DE CRÉDITO DIRETO S.A.;38.129.006;n1;I;2;S5;43;SAO PAULO;SP;03/2022;0;NI;NI;NI;NI;NI;NI;NI;NI;NI;NI;NI;NI;NI;NI;NI;NI;NI;NI;NI;NI;NI;NI;NI;NI;NI;NI;NI;NI;NI;NI;NI;NI;NI;NI;NI;NI;NI;NI;NI;NI;NI;NI;NI;NI;NI;NI;NI;NI;NI;NI;NI;NI;NI;NI;NI;NI;NI;NI;NI;NI;NI;NI;NI;NI;NI;NI;NI;NI;NI;NI;NI;NI;NI
FÊNIX DISTRIBUIDORA DE TÍTULOS E VALORES MOBILIÁRIOS LTDA.;38.429.045;n2;I;2;S4;16;CUIABA;MT;03/2022;0;NI;NI;NI;NI;NI;NI;NI;NI;NI;NI;NI;NI;NI;NI;NI;NI;NI;NI;NI;NI;NI;NI;NI;NI;NI;NI;NI;NI;NI;NI;NI;NI;NI;NI;NI;NI;NI;NI;NI;NI;NI;NI;NI;NI;NI;NI;NI;NI;NI;NI;NI;NI;NI;NI;NI;NI;NI;NI;NI;NI;NI;NI;NI;NI;NI;NI;NI;NI;NI;NI;NI;NI;NI
MULTICRED SOCIEDADE DE CRÉDITO DIRETO S.A.;38.593.706;n1;I;2;S5;43;SALVADOR;BA;03/2022;0;0;0;0;0;0;0;0;0;0;0;0;0;0;0;0;0;0;0;0;0;0;0;0;0;0;0;0;0;0;0;0;0;0;0;0;0;0;0;0;0;0;0;0;0;0;0;0;0;0;0;0;0;0;0;0;0;0;0;0;0;0;0;0;0;0;0;0;0;0;0;0;0;0
FACEBOOK INSTITUIÇÃO DE PAGAMENTO DO BRASIL LTDA.;39.321.657;n4;I;2;;41;SAO PAULO;SP;03/2022;0;NI;NI;NI;NI;NI;NI;NI;NI;NI;NI;NI;NI;NI;NI;NI;NI;NI;NI;NI;NI;NI;NI;NI;NI;NI;NI;NI;NI;NI;NI;NI;NI;NI;NI;NI;NI;NI;NI;NI;NI;NI;NI;NI;NI;NI;NI;NI;NI;NI;NI;NI;NI;NI;NI;NI;NI;NI;NI;NI;NI;NI;NI;NI;NI;NI;NI;NI;NI;NI;NI;NI;NI;NI
LAR COOPERATIVA DE CRÉDITO - LAR CREDI;39.343.350;b3S;I;2;S5;9;MEDIANEIRA;PR;03/2022;0;0;0;0;0;0;0;0;0;0;0;0;0;0;0;0;0;0;0;0;0;0;0;0;0;0;0;0;0;0;0;0;0;0;0;0;0;0;0;0;0;0;0;0;0;0;0;0;0;0;0;0;0;0;0;0;0;0;0;0;0;0;0;0;0;0;0;0;0;0;0;0;0;0
CREDIHOME SOCIEDADE DE CRÉDITO DIRETO S.A.;39.416.705;n1;I;2;S5;43;SAO PAULO;SP;03/2022;0;NI;NI;NI;NI;NI;NI;NI;NI;NI;NI;NI;NI;NI;NI;NI;NI;NI;NI;NI;NI;NI;NI;NI;NI;NI;NI;NI;NI;NI;NI;NI;NI;NI;NI;NI;NI;NI;NI;NI;NI;NI;NI;NI;NI;NI;NI;NI;NI;NI;NI;NI;NI;NI;NI;NI;NI;NI;NI;NI;NI;NI;NI;NI;NI;NI;NI;NI;NI;NI;NI;NI;NI;NI
MARÚ SOCIEDADE DE CRÉDITO DIRETO S.A.;39.519.944;n1;I;2;S5;43;SAO PAULO;SP;03/2022;0;NI;NI;NI;NI;NI;NI;NI;NI;NI;NI;NI;NI;NI;NI;NI;NI;NI;NI;NI;NI;NI;NI;NI;NI;NI;NI;NI;NI;NI;NI;NI;NI;NI;NI;NI;NI;NI;NI;NI;NI;NI;NI;NI;NI;NI;NI;NI;NI;NI;NI;NI;NI;NI;NI;NI;NI;NI;NI;NI;NI;NI;NI;NI;NI;NI;NI;NI;NI;NI;NI;NI;NI;NI
CRED-SYSTEM SOCIEDADE DE CRÉDITO DIRETO S.A.;39.664.698;n1;I;2;S5;43;BARUERI;SP;03/2022;0;NI;NI;NI;NI;NI;NI;NI;NI;NI;NI;NI;NI;NI;NI;NI;NI;NI;NI;NI;NI;NI;NI;NI;NI;NI;NI;NI;NI;NI;NI;NI;NI;NI;NI;NI;NI;NI;NI;NI;NI;NI;NI;NI;NI;NI;NI;NI;NI;NI;NI;NI;NI;NI;NI;NI;NI;NI;NI;NI;NI;NI;NI;NI;NI;NI;NI;NI;NI;NI;NI;NI;NI;NI
HEMERA DISTRIBUIDORA DE TÍTULOS E VALORES MOBILIÁRIOS LTDA.;39.669.186;n2;I;2;S4;16;CURITIBA;PR;03/2022;0;NI;NI;NI;NI;NI;NI;NI;NI;NI;NI;NI;NI;NI;NI;NI;NI;NI;NI;NI;NI;NI;NI;NI;NI;NI;NI;NI;NI;NI;NI;NI;NI;NI;NI;NI;NI;NI;NI;NI;NI;NI;NI;NI;NI;NI;NI;NI;NI;NI;NI;NI;NI;NI;NI;NI;NI;NI;NI;NI;NI;NI;NI;NI;NI;NI;NI;NI;NI;NI;NI;NI;NI;NI
STARK SOCIEDADE DE CRÉDITO DIRETO S.A.;39.908.427;n1;I;2;S5;43;SAO PAULO;SP;03/2022;0;NI;NI;NI;NI;NI;NI;NI;NI;NI;NI;NI;NI;NI;NI;NI;NI;NI;NI;NI;NI;NI;NI;NI;NI;NI;NI;NI;NI;NI;NI;NI;NI;NI;NI;NI;NI;NI;NI;NI;NI;NI;NI;NI;NI;NI;NI;NI;NI;NI;NI;NI;NI;NI;NI;NI;NI;NI;NI;NI;NI;NI;NI;NI;NI;NI;NI;NI;NI;NI;NI;NI;NI;NI
CAPITAL CONSIG SOCIEDADE DE CRÉDITO DIRETO S.A.;40.083.667;n1;I;2;S5;43;SAO PAULO;SP;03/2022;0;0;0;0;0;0;0;0;0;0;0;0;0;0;0;0;0;0;0;0;0;0;0;0;0;0;0;0;0;0;0;0;0;0;0;0;0;0;0;0;0;0;0;0;0;0;0;0;0;0;0;0;0;0;0;0;0;0;0;0;0;0;0;0;0;0;0;0;0;0;0;0;0;0
GIRO - SOCIEDADE DE CRÉDITO DIRETO S/A;40.112.555;n1;I;2;S5;43;CURITIBA;PR;03/2022;0;NI;NI;NI;NI;NI;NI;NI;NI;NI;NI;NI;NI;NI;NI;NI;NI;NI;NI;NI;NI;NI;NI;NI;NI;NI;NI;NI;NI;NI;NI;NI;NI;NI;NI;NI;NI;NI;NI;NI;NI;NI;NI;NI;NI;NI;NI;NI;NI;NI;NI;NI;NI;NI;NI;NI;NI;NI;NI;NI;NI;NI;NI;NI;NI;NI;NI;NI;NI;NI;NI;NI;NI;NI
PROSEFTUR CORRETORA DE CÂMBIO LTDA.;40.333.582;n2;I;2;S4;21;JUNDIAI;SP;03/2022;0;NA;NA;NA;NA;NA;NA;NA;NA;NA;NA;NA;NA;NA;NA;NA;NA;NA;NA;NA;NA;NA;NA;NA;NA;NA;NA;NA;NA;NA;NA;NA;NA;NA;NA;NA;NA;NA;NA;NA;NA;NA;NA;NA;NA;NA;NA;NA;NA;NA;NA;NA;NA;NA;NA;NA;NA;NA;NA;NA;NA;NA;NA;NA;NA;NA;NA;NA;NA;NA;NA;NA;NA;NA
FOURTRADE CORRETORA DE CÂMBIO LTDA.;40.353.377;n2;I;2;S4;21;RIO DE JANEIRO;RJ;03/2022;0;NA;NA;NA;NA;NA;NA;NA;NA;NA;NA;NA;NA;NA;NA;NA;NA;NA;NA;NA;NA;NA;NA;NA;NA;NA;NA;NA;NA;NA;NA;NA;NA;NA;NA;NA;NA;NA;NA;NA;NA;NA;NA;NA;NA;NA;NA;NA;NA;NA;NA;NA;NA;NA;NA;NA;NA;NA;NA;NA;NA;NA;NA;NA;NA;NA;NA;NA;NA;NA;NA;NA;NA;NA
AZUMI DISTRIBUIDORA DE TÍTULOS E VALORES MOBILIÁRIOS LTDA.;40.434.681;n2;I;2;S4;16;SAO PAULO;SP;03/2022;0;NI;NI;NI;NI;NI;NI;NI;NI;NI;NI;NI;NI;NI;NI;NI;NI;NI;NI;NI;NI;NI;NI;NI;NI;NI;NI;NI;NI;NI;NI;NI;NI;NI;NI;NI;NI;NI;NI;NI;NI;NI;NI;NI;NI;NI;NI;NI;NI;NI;NI;NI;NI;NI;NI;NI;NI;NI;NI;NI;NI;NI;NI;NI;NI;NI;NI;NI;NI;NI;NI;NI;NI;NI
LIONS TRUST DISTRIBUIDORA DE TÍTULOS E VALORES MOBILIÁRIOS LTDA.;40.768.766;n2;I;2;S4;16;SAO PAULO;SP;03/2022;0;NI;NI;NI;NI;NI;NI;NI;NI;NI;NI;NI;NI;NI;NI;NI;NI;NI;NI;NI;NI;NI;NI;NI;NI;NI;NI;NI;NI;NI;NI;NI;NI;NI;NI;NI;NI;NI;NI;NI;NI;NI;NI;NI;NI;NI;NI;NI;NI;NI;NI;NI;NI;NI;NI;NI;NI;NI;NI;NI;NI;NI;NI;NI;NI;NI;NI;NI;NI;NI;NI;NI;NI;NI
FIDO SOCIEDADE DE EMPRÉSTIMO ENTRE PESSOAS S.A.;40.819.834;n1;I;2;S5;44;BRASILIA;DF;03/2022;0;NI;NI;NI;NI;NI;NI;NI;NI;NI;NI;NI;NI;NI;NI;NI;NI;NI;NI;NI;NI;NI;NI;NI;NI;NI;NI;NI;NI;NI;NI;NI;NI;NI;NI;NI;NI;NI;NI;NI;NI;NI;NI;NI;NI;NI;NI;NI;NI;NI;NI;NI;NI;NI;NI;NI;NI;NI;NI;NI;NI;NI;NI;NI;NI;NI;NI;NI;NI;NI;NI;NI;NI;NI
N26 SOCIEDADE DE CRÉDITO DIRETO S.A.;40.867.163;n1;I;2;S5;43;SAO PAULO;SP;03/2022;0;0;0;0;0;0;0;0;0;0;0;0;0;0;0;0;0;0;0;0;0;0;0;0;0;0;0;0;0;0;0;0;0;0;0;0;0;0;0;0;0;0;0;0;0;0;0;0;0;0;0;0;0;0;0;0;0;0;0;0;0;0;0;0;0;0;0;0;0;0;0;0;0;0
COOPERATIVA DE ECONOMIA E CRÉDITO MÚTUO DOS FUNCIONÁRIOS DA ASSEMBLÉIA LEGISLATIVA DO ESTADO DA PARAÍBA LTDA. -  COOPERLEGIS;41.146.382;b3S;I;2;S5;9;JOAO PESSOA;PB;03/2022;0;0;0;0;0;0;0;0;0;0;0;0;0;0;0;0;0;0;0;0;0;0;0;0;0;0;0;0;0;0;0;0;0;0;0;0;0;0;0;0;0;0;0;0;0;0;0;0;0;0;0;0;0;0;0;0;0;0;0;0;0;0;0;0;0;0;0;0;0;0;0;0;0;0
COOPSEBRAE - COOPERATIVA DE CRÉDITO MÚTUO DOS FUNCIONÁRIOS DO SEBRAE/PB, SEBRAE/RN E SESC, SENAC E SENAR EM JOÃO PESSOA;41.219.353;b3S;I;2;S5;9;JOAO PESSOA;PB;03/2022;0;0;0;0;0;0;0;0;0;0;0;0;0;0;0;0;0;0;0;0;0;0;0;0;0;0;0;0;0;0;0;0;0;0;0;0;0;0;0;0;0;0;0;0;0;0;0;0;0;0;0;0;0;0;0;0;0;0;0;0;0;0;0;0;0;0;0;0;0;0;0;0;0;0
TENTOS S.A. CRÉDITO, FINANCIAMENTO E INVESTIMENTO;41.498.340;n1;I;2;S5;14;IJUI;RS;03/2022;0;0;0;0;0;0;0;0;0;0;0;0;0;0;0;0;0;0;0;0;0;0;0;0;0;0;0;0;0;0;0;0;0;0;0;0;0;0;0;0;0;0;0;0;0;0;0;0;0;0;0;0;0;0;0;0;0;0;0;0;0;0;0;0;0;0;0;0;0;0;0;0;0;0
MÉRITO DISTRIBUIDORA DE TÍTULOS E VALORES MOBILIÁRIOS LTDA.;41.592.532;n2;I;2;S4;16;SAO PAULO;SP;03/2022;0;NI;NI;NI;NI;NI;NI;NI;NI;NI;NI;NI;NI;NI;NI;NI;NI;NI;NI;NI;NI;NI;NI;NI;NI;NI;NI;NI;NI;NI;NI;NI;NI;NI;NI;NI;NI;NI;NI;NI;NI;NI;NI;NI;NI;NI;NI;NI;NI;NI;NI;NI;NI;NI;NI;NI;NI;NI;NI;NI;NI;NI;NI;NI;NI;NI;NI;NI;NI;NI;NI;NI;NI;NI
COOPERATIVA DE ECONOMIA E CRÉDITO MÚTUO DOS SERVIDORES MUNICIPAIS DE POÇOS DE CALDAS LTDA. - COOPOÇOS;41.791.005;b3S;I;2;S5;9;POCOS DE CALDAS;MG;03/2022;0;0;0;0;0;0;0;0;0;0;0;0;0;0;0;0;0;0;0;0;0;0;0;0;0;0;0;0;0;0;0;0;0;0;0;0;0;0;0;0;0;0;0;0;0;0;0;0;0;0;0;0;0;0;0;0;0;0;0;0;0;0;0;0;0;0;0;0;0;0;0;0;0;0
QUANTO NETWORK INSTITUICAO DE PAGAMENTO LTDA.;42.064.545;n4;I;2;;41;SAO PAULO;SP;03/2022;0;NI;NI;NI;NI;NI;NI;NI;NI;NI;NI;NI;NI;NI;NI;NI;NI;NI;NI;NI;NI;NI;NI;NI;NI;NI;NI;NI;NI;NI;NI;NI;NI;NI;NI;NI;NI;NI;NI;NI;NI;NI;NI;NI;NI;NI;NI;NI;NI;NI;NI;NI;NI;NI;NI;NI;NI;NI;NI;NI;NI;NI;NI;NI;NI;NI;NI;NI;NI;NI;NI;NI;NI;NI
RJI CORRETORA DE TITULOS E VALORES MOBILIARIOS LTDA;42.066.258;n2;I;2;S4;15;SALVADOR;BA;03/2022;0;NI;NI;NI;NI;NI;NI;NI;NI;NI;NI;NI;NI;NI;NI;NI;NI;NI;NI;NI;NI;NI;NI;NI;NI;NI;NI;NI;NI;NI;NI;NI;NI;NI;NI;NI;NI;NI;NI;NI;NI;NI;NI;NI;NI;NI;NI;NI;NI;NI;NI;NI;NI;NI;NI;NI;NI;NI;NI;NI;NI;NI;NI;NI;NI;NI;NI;NI;NI;NI;NI;NI;NI;NI
COOPERATIVA DE ECONOMIA E CREDITO MUTUO DOS SERVIDORES DA EMPRESA BRASILEIRA DE CORREIOS E TELEGRAFOS LTDA;42.100.982;b3S;I;2;S5;9;RIO DE JANEIRO;RJ;03/2022;0;0;0;0;0;0;0;0;0;0;0;0;0;0;0;0;0;0;0;0;0;0;0;0;0;0;0;0;0;0;0;0;0;0;0;0;0;0;0;0;0;0;0;0;0;0;0;0;0;0;0;0;0;0;0;0;0;0;0;0;0;0;0;0;0;0;0;0;0;0;0;0;0;0
COOPERATIVA DE ECONOMIA E CREDITO MUTUO DOS EMPREGADOS DE ELEVADORES ATLAS SCHINDLER LTDA.;42.107.706;b3S;I;2;S5;9;RIO DE JANEIRO;RJ;03/2022;0;0;0;0;0;0;0;0;0;0;0;0;0;0;0;0;0;0;0;0;0;0;0;0;0;0;0;0;0;0;0;0;0;0;0;0;0;0;0;0;0;0;0;0;0;0;0;0;0;0;0;0;0;0;0;0;0;0;0;0;0;0;0;0;0;0;0;0;0;0;0;0;0;0
COOPERATIVA DE ECONOMIA E CREDITO MUTUO DOS FUNCIONARIOS DA FMC LTDA;42.258.376;b3S;I;2;S5;9;RIO DE JANEIRO;RJ;03/2022;0;0;0;0;0;0;0;0;0;0;0;0;0;0;0;0;0;0;0;0;0;0;0;0;0;0;0;0;0;0;0;0;0;0;0;0;0;0;0;0;0;0;0;0;0;0;0;0;0;0;0;0;0;0;0;0;0;0;0;0;0;0;0;0;0;0;0;0;0;0;0;0;0;0
SBCASH SOCIEDADE DE CRÉDITO DIRETO S.A.;42.259.084;n1;I;2;S5;43;SAO PAULO;SP;03/2022;0;NI;NI;NI;NI;NI;NI;NI;NI;NI;NI;NI;NI;NI;NI;NI;NI;NI;NI;NI;NI;NI;NI;NI;NI;NI;NI;NI;NI;NI;NI;NI;NI;NI;NI;NI;NI;NI;NI;NI;NI;NI;NI;NI;NI;NI;NI;NI;NI;NI;NI;NI;NI;NI;NI;NI;NI;NI;NI;NI;NI;NI;NI;NI;NI;NI;NI;NI;NI;NI;NI;NI;NI;NI
TRYBE SOCIEDADE DE CRÉDITO DIRETO S.A.;42.622.791;n1;I;2;S5;43;SAO PAULO;SP;03/2022;0;NI;NI;NI;NI;NI;NI;NI;NI;NI;NI;NI;NI;NI;NI;NI;NI;NI;NI;NI;NI;NI;NI;NI;NI;NI;NI;NI;NI;NI;NI;NI;NI;NI;NI;NI;NI;NI;NI;NI;NI;NI;NI;NI;NI;NI;NI;NI;NI;NI;NI;NI;NI;NI;NI;NI;NI;NI;NI;NI;NI;NI;NI;NI;NI;NI;NI;NI;NI;NI;NI;NI;NI;NI
PROVU SOCIEDADE DE CRÉDITO DIRETO S.A.;42.627.615;n1;I;2;S5;43;SAO PAULO;SP;03/2022;0;0;0;0;0;0;0;0;0;0;0;0;0;0;0;0;0;0;0;0;0;0;0;0;0;0;0;0;0;0;0;0;0;0;0;0;0;0;0;0;0;0;0;0;0;0;0;0;0;0;0;0;0;0;0;0;0;0;0;0;0;0;0;0;0;0;0;0;0;0;0;0;0;0
FRIDAY INSTITUIÇÃO DE PAGAMENTOS LTDA.;42.926.025;n4;I;2;;41;RIO DE JANEIRO;RJ;03/2022;0;NI;NI;NI;NI;NI;NI;NI;NI;NI;NI;NI;NI;NI;NI;NI;NI;NI;NI;NI;NI;NI;NI;NI;NI;NI;NI;NI;NI;NI;NI;NI;NI;NI;NI;NI;NI;NI;NI;NI;NI;NI;NI;NI;NI;NI;NI;NI;NI;NI;NI;NI;NI;NI;NI;NI;NI;NI;NI;NI;NI;NI;NI;NI;NI;NI;NI;NI;NI;NI;NI;NI;NI;NI
ACTIVTRADES CORRETORA DE CÂMBIO, TÍTULOS E VALORES MOBILIÁRIOS LTDA.;43.050.917;n2;I;2;S4;15;FLORIANOPOLIS;SC;03/2022;0;NI;NI;NI;NI;NI;NI;NI;NI;NI;NI;NI;NI;NI;NI;NI;NI;NI;NI;NI;NI;NI;NI;NI;NI;NI;NI;NI;NI;NI;NI;NI;NI;NI;NI;NI;NI;NI;NI;NI;NI;NI;NI;NI;NI;NI;NI;NI;NI;NI;NI;NI;NI;NI;NI;NI;NI;NI;NI;NI;NI;NI;NI;NI;NI;NI;NI;NI;NI;NI;NI;NI;NI;NI
NOVINVEST CORRETORA DE VALORES MOBILIARIOS LTDA.;43.060.029;n2;I;2;S4;15;SAO PAULO;SP;03/2022;0;NI;NI;NI;NI;NI;NI;NI;NI;NI;NI;NI;NI;NI;NI;NI;NI;NI;NI;NI;NI;NI;NI;NI;NI;NI;NI;NI;NI;NI;NI;NI;NI;NI;NI;NI;NI;NI;NI;NI;NI;NI;NI;NI;NI;NI;NI;NI;NI;NI;NI;NI;NI;NI;NI;NI;NI;NI;NI;NI;NI;NI;NI;NI;NI;NI;NI;NI;NI;NI;NI;NI;NI;NI
BNQI SOCIEDADE DE CREDITO DIRETO S.A.;43.167.610;n1;I;2;S5;43;SAO PAULO;SP;03/2022;0;NI;NI;NI;NI;NI;NI;NI;NI;NI;NI;NI;NI;NI;NI;NI;NI;NI;NI;NI;NI;NI;NI;NI;NI;NI;NI;NI;NI;NI;NI;NI;NI;NI;NI;NI;NI;NI;NI;NI;NI;NI;NI;NI;NI;NI;NI;NI;NI;NI;NI;NI;NI;NI;NI;NI;NI;NI;NI;NI;NI;NI;NI;NI;NI;NI;NI;NI;NI;NI;NI;NI;NI;NI
COOPERATIVA DE ECONOMIA E CRÉDITO MÚTUO DOS FUNCIONÁRIOS DO GRUPO OWENS-ILLINOIS DO BRASIL;43.182.278;b3S;I;2;S5;9;SAO PAULO;SP;03/2022;0;0;0;0;0;0;0;0;0;0;0;0;0;0;0;0;0;0;0;0;0;0;0;0;0;0;0;0;0;0;0;0;0;0;0;0;0;0;0;0;0;0;0;0;0;0;0;0;0;0;0;0;0;0;0;0;0;0;0;0;0;0;0;0;0;0;0;0;0;0;0;0;0;0
COOPERATIVA DE ECONOMIA E CRÉDITO MÚTUO DOS FUNCIONÁRIOS DO GRUPO AVIBRAS - COOPER AVIBRAS;43.268.960;b3S;I;2;S5;9;JACAREI;SP;03/2022;0;0;0;0;0;0;0;0;0;0;0;0;0;0;0;0;0;0;0;0;0;0;0;0;0;0;0;0;0;0;0;0;0;0;0;0;0;0;0;0;0;0;0;0;0;0;0;0;0;0;0;0;0;0;0;0;0;0;0;0;0;0;0;0;0;0;0;0;0;0;0;0;0;0
COOPERATIVA DE ECONOMIA E CRÉDITO MÚTUO DOS FUNCIONÁRIOS DA ABRIL;43.438.662;b3S;I;2;S5;9;SAO PAULO;SP;03/2022;0;0;0;0;0;0;0;0;0;0;0;0;0;0;0;0;0;0;0;0;0;0;0;0;0;0;0;0;0;0;0;0;0;0;0;0;0;0;0;0;0;0;0;0;0;0;0;0;0;0;0;0;0;0;0;0;0;0;0;0;0;0;0;0;0;0;0;0;0;0;0;0;0;0
COOPERATIVA DE ECONOMIA E CRÉDITO MÚTUO DOS FUNCIONÁRIOS DAS EMPRESAS ITAÚ;43.446.335;b3S;I;2;S5;9;OSASCO;SP;03/2022;0;0;0;0;0;0;0;0;0;0;0;0;0;0;0;0;0;0;0;0;0;0;0;0;0;0;0;0;0;0;0;0;0;0;0;0;0;0;0;0;0;0;0;0;0;0;0;0;0;0;0;0;0;0;0;0;0;0;0;0;0;0;0;0;0;0;0;0;0;0;0;0;0;0
COOPERATIVA DE ECONOMIA E CRÉDITO MÚTUO DOS EMPREGADOS DO GRUPO FEMSA BRASIL;43.488.782;b3S;I;2;S5;9;SAO PAULO;SP;03/2022;0;0;0;0;0;0;0;0;0;0;0;0;0;0;0;0;0;0;0;0;0;0;0;0;0;0;0;0;0;0;0;0;0;0;0;0;0;0;0;0;0;0;0;0;0;0;0;0;0;0;0;0;0;0;0;0;0;0;0;0;0;0;0;0;0;0;0;0;0;0;0;0;0;0
COOPERATIVA DE CRÉDITO DOS EMPREGADOS DE ELEVADORES ATLAS;43.730.498;b3S;I;2;S5;9;SAO PAULO;SP;03/2022;0;0;0;0;0;0;0;0;0;0;0;0;0;0;0;0;0;0;0;0;0;0;0;0;0;0;0;0;0;0;0;0;0;0;0;0;0;0;0;0;0;0;0;0;0;0;0;0;0;0;0;0;0;0;0;0;0;0;0;0;0;0;0;0;0;0;0;0;0;0;0;0;0;0
AGROLEND SOCIEDADE DE CREDITO DIRETO S.A.;43.774.196;n1;I;2;S5;43;SAO PAULO;SP;03/2022;0;0;0;0;0;0;0;0;0;0;0;0;0;0;0;0;0;0;0;0;0;0;0;0;0;0;0;0;0;0;0;0;0;0;0;0;0;0;0;0;0;0;0;0;0;0;0;0;0;0;0;0;0;0;0;0;0;0;0;0;0;0;0;0;0;0;0;0;0;0;0;0;0;0
BR-CAPITAL DISTRIBUIDORA DE TÍTULOS E VALORES MOBILIÁRIOS S.A.;44.077.014;n2;I;2;S4;16;SAO PAULO;SP;03/2022;0;NI;NI;NI;NI;NI;NI;NI;NI;NI;NI;NI;NI;NI;NI;NI;NI;NI;NI;NI;NI;NI;NI;NI;NI;NI;NI;NI;NI;NI;NI;NI;NI;NI;NI;NI;NI;NI;NI;NI;NI;NI;NI;NI;NI;NI;NI;NI;NI;NI;NI;NI;NI;NI;NI;NI;NI;NI;NI;NI;NI;NI;NI;NI;NI;NI;NI;NI;NI;NI;NI;NI;NI;NI
COOPERATIVA DE ECONOMIA E CRÉDITO MÚTUO DOS EMPREGADOS DA RECKITT BENCKISER;44.223.196;b3S;I;2;S5;9;SAO PAULO;SP;03/2022;0;0;0;0;0;0;0;0;0;0;0;0;0;0;0;0;0;0;0;0;0;0;0;0;0;0;0;0;0;0;0;0;0;0;0;0;0;0;0;0;0;0;0;0;0;0;0;0;0;0;0;0;0;0;0;0;0;0;0;0;0;0;0;0;0;0;0;0;0;0;0;0;0;0
COOPERATIVA DE CRÉDITO COGEM;44.401.800;b3S;I;2;S5;9;SAO BERNARDO DO CAMPO;SP;03/2022;0;0;0;0;0;0;0;0;0;0;0;0;0;0;0;0;0;0;0;0;0;0;0;0;0;0;0;0;0;0;0;0;0;0;0;0;0;0;0;0;0;0;0;0;0;0;0;0;0;0;0;0;0;0;0;0;0;0;0;0;0;0;0;0;0;0;0;0;0;0;0;0;0;0
MAGNUM SOCIEDADE DE CRÉDITO DIRETO S.A.;44.683.140;n1;I;2;S5;43;SAO PAULO;SP;03/2022;0;NI;NI;NI;NI;NI;NI;NI;NI;NI;NI;NI;NI;NI;NI;NI;NI;NI;NI;NI;NI;NI;NI;NI;NI;NI;NI;NI;NI;NI;NI;NI;NI;NI;NI;NI;NI;NI;NI;NI;NI;NI;NI;NI;NI;NI;NI;NI;NI;NI;NI;NI;NI;NI;NI;NI;NI;NI;NI;NI;NI;NI;NI;NI;NI;NI;NI;NI;NI;NI;NI;NI;NI;NI
SOMAPAY SOCIEDADE DE CRÉDITO DIRETO S.A.;44.705.774;n1;I;2;S5;43;FORTALEZA;CE;03/2022;0;NI;NI;NI;NI;NI;NI;NI;NI;NI;NI;NI;NI;NI;NI;NI;NI;NI;NI;NI;NI;NI;NI;NI;NI;NI;NI;NI;NI;NI;NI;NI;NI;NI;NI;NI;NI;NI;NI;NI;NI;NI;NI;NI;NI;NI;NI;NI;NI;NI;NI;NI;NI;NI;NI;NI;NI;NI;NI;NI;NI;NI;NI;NI;NI;NI;NI;NI;NI;NI;NI;NI;NI;NI
COOPERATIVA DE ECONOMIA E CRÉDITO MÚTUO DOS FUNCIONÁRIOS DO GRUPO LORENZETTI;44.905.255;b3S;I;2;S5;9;SAO PAULO;SP;03/2022;0;0;0;0;0;0;0;0;0;0;0;0;0;0;0;0;0;0;0;0;0;0;0;0;0;0;0;0;0;0;0;0;0;0;0;0;0;0;0;0;0;0;0;0;0;0;0;0;0;0;0;0;0;0;0;0;0;0;0;0;0;0;0;0;0;0;0;0;0;0;0;0;0;0
COOPERATIVA DE ECONOMIA E CRÉDITO MÚTUO DOS FUNCIONÁRIOS DA CIA AÇUCAREIRA VALE DO ROSÁRIO - COOPERVALE;44.958.981;b3S;I;2;S5;9;MORRO AGUDO;SP;03/2022;0;0;0;0;0;0;0;0;0;0;0;0;0;0;0;0;0;0;0;0;0;0;0;0;0;0;0;0;0;0;0;0;0;0;0;0;0;0;0;0;0;0;0;0;0;0;0;0;0;0;0;0;0;0;0;0;0;0;0;0;0;0;0;0;0;0;0;0;0;0;0;0;0;0
COOPERATIVA DE ECONOMIA E CRÉDITO MÚTUO DOS FUNCIONÁRIOS DA ELGIN;45.045.671;b3S;I;2;S5;9;MOGI DAS CRUZES;SP;03/2022;0;0;0;0;0;0;0;0;0;0;0;0;0;0;0;0;0;0;0;0;0;0;0;0;0;0;0;0;0;0;0;0;0;0;0;0;0;0;0;0;0;0;0;0;0;0;0;0;0;0;0;0;0;0;0;0;0;0;0;0;0;0;0;0;0;0;0;0;0;0;0;0;0;0
COOPERATIVA DE ECONOMIA E CRÉDITO MÚTUO DOS FUNCIONÁRIOS DA ACUMENT BRASIL;45.068.632;b3S;I;2;S5;9;ATIBAIA;SP;03/2022;0;0;0;0;0;0;0;0;0;0;0;0;0;0;0;0;0;0;0;0;0;0;0;0;0;0;0;0;0;0;0;0;0;0;0;0;0;0;0;0;0;0;0;0;0;0;0;0;0;0;0;0;0;0;0;0;0;0;0;0;0;0;0;0;0;0;0;0;0;0;0;0;0;0
BBVA BRASIL BANCO DE INVESTIMENTO S.A.;45.283.173;b2;I;3;S4;13;SAO PAULO;SP;03/2022;0;NI;NI;NI;NI;NI;NI;NI;NI;NI;NI;NI;NI;NI;NI;NI;NI;NI;NI;NI;NI;NI;NI;NI;NI;NI;NI;NI;NI;NI;NI;NI;NI;NI;NI;NI;NI;NI;NI;NI;NI;NI;NI;NI;NI;NI;NI;NI;NI;NI;NI;NI;NI;NI;NI;NI;NI;NI;NI;NI;NI;NI;NI;NI;NI;NI;NI;NI;NI;NI;NI;NI;NI;NI
COOPERATIVA DE CRÉDITO MÚTUO DOS FUNCIONÁRIOS DA FÁBRICA DE CIMENTO VOTORAN;45.421.856;b3S;I;2;S5;9;VOTORANTIM;SP;03/2022;0;0;0;0;0;0;0;0;0;0;0;0;0;0;0;0;0;0;0;0;0;0;0;0;0;0;0;0;0;0;0;0;0;0;0;0;0;0;0;0;0;0;0;0;0;0;0;0;0;0;0;0;0;0;0;0;0;0;0;0;0;0;0;0;0;0;0;0;0;0;0;0;0;0
BIZCAPITAL SOCIEDADE DE CRÉDITO DIRETO S.A.;45.597.546;n1;I;2;S5;43;RIO DE JANEIRO;RJ;03/2022;0;NI;NI;NI;NI;NI;NI;NI;NI;NI;NI;NI;NI;NI;NI;NI;NI;NI;NI;NI;NI;NI;NI;NI;NI;NI;NI;NI;NI;NI;NI;NI;NI;NI;NI;NI;NI;NI;NI;NI;NI;NI;NI;NI;NI;NI;NI;NI;NI;NI;NI;NI;NI;NI;NI;NI;NI;NI;NI;NI;NI;NI;NI;NI;NI;NI;NI;NI;NI;NI;NI;NI;NI;NI
COOPERATIVA DE ECONOMIA E CRÉDITO MÚTUO DOS EMPREGADOS DA JOHNSON & JOHNSON;45.691.128;b3S;I;2;S5;9;SAO JOSE DOS CAMPOS;SP;03/2022;0;0;0;0;0;0;0;0;0;0;0;0;0;0;0;0;0;0;0;0;0;0;0;0;0;0;0;0;0;0;0;0;0;0;0;0;0;0;0;0;0;0;0;0;0;0;0;0;0;0;0;0;0;0;0;0;0;0;0;0;0;0;0;0;0;0;0;0;0;0;0;0;0;0
COOPERATIVA DE ECONOMIA E CRÉDITO MÚTUO DOS EMPREGADOS DO GRUPO CASINO, GRUPO PÃO DE AÇÚCAR E GRUPO ASSAÍ;46.277.273;b3S;I;2;S5;9;SAO PAULO;SP;03/2022;0;0;0;0;0;0;0;0;0;0;0;0;0;0;0;0;0;0;0;0;0;0;0;0;0;0;0;0;0;0;0;0;0;0;0;0;0;0;0;0;0;0;0;0;0;0;0;0;0;0;0;0;0;0;0;0;0;0;0;0;0;0;0;0;0;0;0;0;0;0;0;0;0;0
COOPERATIVA DE CRÉDITO MÚTUO DOS EMPREGADOS DA EMBRAER - COOPEREMB;46.642.294;b3S;I;2;S5;9;SAO JOSE DOS CAMPOS;SP;03/2022;0;0;0;0;0;0;0;0;0;0;0;0;0;0;0;0;0;0;0;0;0;0;0;0;0;0;0;0;0;0;0;0;0;0;0;0;0;0;0;0;0;0;0;0;0;0;0;0;0;0;0;0;0;0;0;0;0;0;0;0;0;0;0;0;0;0;0;0;0;0;0;0;0;0
COOPERATIVA DE ECONOMIA E CRÉDITO MÚTUO DOS FUNCIONÁRIOS DO GRUPO COMOLATTI - SÃO PAULO;47.196.084;b3S;I;2;S5;9;SAO PAULO;SP;03/2022;0;0;0;0;0;0;0;0;0;0;0;0;0;0;0;0;0;0;0;0;0;0;0;0;0;0;0;0;0;0;0;0;0;0;0;0;0;0;0;0;0;0;0;0;0;0;0;0;0;0;0;0;0;0;0;0;0;0;0;0;0;0;0;0;0;0;0;0;0;0;0;0;0;0
COOPERATIVA DE ECONOMIA E CRÉDITO MÚTUO DOS EMPREGADOS DA JOYSON SAFETY SYSTEMS - COOPERJSS;47.944.277;b3S;I;2;S5;9;JUNDIAI;SP;03/2022;0;0;0;0;0;0;0;0;0;0;0;0;0;0;0;0;0;0;0;0;0;0;0;0;0;0;0;0;0;0;0;0;0;0;0;0;0;0;0;0;0;0;0;0;0;0;0;0;0;0;0;0;0;0;0;0;0;0;0;0;0;0;0;0;0;0;0;0;0;0;0;0;0;0
COOPERATIVA DE ECONOMIA E CRÉDITO MÚTUO DOS EMPREGADOS DA SAINT-GOBAIN DO BRASIL PRODUTOS INDUSTRIAIS E PARA CONSTRUÇÃO - DIVISÃO VIDRO PLANO;48.140.925;b3S;I;2;S5;9;MAUA;SP;03/2022;0;0;0;0;0;0;0;0;0;0;0;0;0;0;0;0;0;0;0;0;0;0;0;0;0;0;0;0;0;0;0;0;0;0;0;0;0;0;0;0;0;0;0;0;0;0;0;0;0;0;0;0;0;0;0;0;0;0;0;0;0;0;0;0;0;0;0;0;0;0;0;0;0;0
COOPERATIVA DE ECONOMIA E CRÉDITO MÚTUO DOS FUNCIONÁRIOS DA OWENS CORNING FIBERGLAS AMÉRICA DO SUL;48.172.860;b3S;I;2;S5;9;RIO CLARO;SP;03/2022;0;0;0;0;0;0;0;0;0;0;0;0;0;0;0;0;0;0;0;0;0;0;0;0;0;0;0;0;0;0;0;0;0;0;0;0;0;0;0;0;0;0;0;0;0;0;0;0;0;0;0;0;0;0;0;0;0;0;0;0;0;0;0;0;0;0;0;0;0;0;0;0;0;0
COOPERATIVA DE ECONOMIA E CRÉDITO MÚTUO DOS FUNCIONÁRIOS DA ERICSSON - COOPERICSSON;48.718.183;b3S;I;2;S5;9;SAO PAULO;SP;03/2022;0;0;0;0;0;0;0;0;0;0;0;0;0;0;0;0;0;0;0;0;0;0;0;0;0;0;0;0;0;0;0;0;0;0;0;0;0;0;0;0;0;0;0;0;0;0;0;0;0;0;0;0;0;0;0;0;0;0;0;0;0;0;0;0;0;0;0;0;0;0;0;0;0;0
NOSSA TERRA COOPERATIVA DE CRÉDITO DOS EMPREGADOS DAS EMPRESAS DE AGRONEGÓCIO E AFINS;49.204.605;b3S;I;2;S5;9;CAJATI;SP;03/2022;0;0;0;0;0;0;0;0;0;0;0;0;0;0;0;0;0;0;0;0;0;0;0;0;0;0;0;0;0;0;0;0;0;0;0;0;0;0;0;0;0;0;0;0;0;0;0;0;0;0;0;0;0;0;0;0;0;0;0;0;0;0;0;0;0;0;0;0;0;0;0;0;0;0
COOPERATIVA DE CRÉDITO RURAL DOS AGROPECUARISTAS DA REGIÃO DE PORTO FELIZ;50.334.234;b3S;I;2;S5;9;PORTO FELIZ;SP;03/2022;0;0;0;0;0;0;0;0;0;0;0;0;0;0;0;0;0;0;0;0;0;0;0;0;0;0;0;0;0;0;0;0;0;0;0;0;0;0;0;0;0;0;0;0;0;0;0;0;0;0;0;0;0;0;0;0;0;0;0;0;0;0;0;0;0;0;0;0;0;0;0;0;0;0
LEVYCAM - CORRETORA DE CAMBIO E VALORES LTDA.;50.579.044;n2;I;2;S4;15;SAO PAULO;SP;03/2022;0;NI;NI;NI;NI;NI;NI;NI;NI;NI;NI;NI;NI;NI;NI;NI;NI;NI;NI;NI;NI;NI;NI;NI;NI;NI;NI;NI;NI;NI;NI;NI;NI;NI;NI;NI;NI;NI;NI;NI;NI;NI;NI;NI;NI;NI;NI;NI;NI;NI;NI;NI;NI;NI;NI;NI;NI;NI;NI;NI;NI;NI;NI;NI;NI;NI;NI;NI;NI;NI;NI;NI;NI;NI
SLW CORRETORA DE VALORES E CÂMBIO LTDA.;50.657.675;n2;I;2;S4;15;SAO PAULO;SP;03/2022;0;NI;NI;NI;NI;NI;NI;NI;NI;NI;NI;NI;NI;NI;NI;NI;NI;NI;NI;NI;NI;NI;NI;NI;NI;NI;NI;NI;NI;NI;NI;NI;NI;NI;NI;NI;NI;NI;NI;NI;NI;NI;NI;NI;NI;NI;NI;NI;NI;NI;NI;NI;NI;NI;NI;NI;NI;NI;NI;NI;NI;NI;NI;NI;NI;NI;NI;NI;NI;NI;NI;NI;NI;NI
COOPERATIVA DE CAPITAL E EMPRÉSTIMO COOPERMULTICRED - COOPERMC;51.010.858;b3S;I;2;S5;9;GUARULHOS;SP;03/2022;0;0;0;0;0;0;0;0;0;0;0;0;0;0;0;0;0;0;0;0;0;0;0;0;0;0;0;0;0;0;0;0;0;0;0;0;0;0;0;0;0;0;0;0;0;0;0;0;0;0;0;0;0;0;0;0;0;0;0;0;0;0;0;0;0;0;0;0;0;0;0;0;0;0
COOPERATIVA DE ECONOMIA E CRÉDITO MÚTUO DOS MAGISTRADOS DE SÃO PAULO - MAGISCRED;51.489.318;b3S;I;2;S5;9;SAO PAULO;SP;03/2022;0;0;0;0;0;0;0;0;0;0;0;0;0;0;0;0;0;0;0;0;0;0;0;0;0;0;0;0;0;0;0;0;0;0;0;0;0;0;0;0;0;0;0;0;0;0;0;0;0;0;0;0;0;0;0;0;0;0;0;0;0;0;0;0;0;0;0;0;0;0;0;0;0;0
COOPERATIVA DE ECONOMIA E CRÉDITO MÚTUO DOS FUNCIONÁRIOS DO ATACADÃO;52.046.299;b3S;I;2;S5;9;SAO PAULO;SP;03/2022;0;0;0;0;0;0;0;0;0;0;0;0;0;0;0;0;0;0;0;0;0;0;0;0;0;0;0;0;0;0;0;0;0;0;0;0;0;0;0;0;0;0;0;0;0;0;0;0;0;0;0;0;0;0;0;0;0;0;0;0;0;0;0;0;0;0;0;0;0;0;0;0;0;0
COOPERATIVA DE ECONOMIA E CRÉDITO MÚTUO DOS SERVIDORES DA PREFEITURA MUNICIPAL DE VOTORANTIM;52.137.361;b3S;I;2;S5;9;VOTORANTIM;SP;03/2022;0;0;0;0;0;0;0;0;0;0;0;0;0;0;0;0;0;0;0;0;0;0;0;0;0;0;0;0;0;0;0;0;0;0;0;0;0;0;0;0;0;0;0;0;0;0;0;0;0;0;0;0;0;0;0;0;0;0;0;0;0;0;0;0;0;0;0;0;0;0;0;0;0;0
COOPERATIVA DE CRÉDITO RURAL DOS PLANTADORES DE CANA DA REGIÃO DE IGARAPAVA;52.623.311;b3S;I;2;S5;9;IGARAPAVA;SP;03/2022;0;0;0;0;0;0;0;0;0;0;0;0;0;0;0;0;0;0;0;0;0;0;0;0;0;0;0;0;0;0;0;0;0;0;0;0;0;0;0;0;0;0;0;0;0;0;0;0;0;0;0;0;0;0;0;0;0;0;0;0;0;0;0;0;0;0;0;0;0;0;0;0;0;0
COOPERATIVA DE ECONOMIA E CRÉDITO MÚTUO ALIANÇA - COOPERNITRO;52.935.442;b3S;I;2;S5;9;SAO PAULO;SP;03/2022;0;0;0;0;0;0;0;0;0;0;0;0;0;0;0;0;0;0;0;0;0;0;0;0;0;0;0;0;0;0;0;0;0;0;0;0;0;0;0;0;0;0;0;0;0;0;0;0;0;0;0;0;0;0;0;0;0;0;0;0;0;0;0;0;0;0;0;0;0;0;0;0;0;0
FAMÍLIA PAULISTA COMPANHIA HIPOTECÁRIA;53.146.221;n1;I;2;S5;29;SANTOS;SP;03/2022;0;0;0;0;0;0;0;0;0;0;0;0;0;0;0;0;0;0;0;0;0;0;0;0;0;0;0;0;0;0;0;0;0;0;0;0;0;0;0;0;0;0;0;0;0;0;0;0;0;0;0;0;0;0;0;0;0;0;0;0;0;0;0;0;0;0;0;0;0;0;0;0;0;0
COOPERATIVA DE ECONOMIA E CRÉDITO MÚTUO DOS COLABORADORES DA CEBRACE;53.184.438;b3S;I;2;S5;9;JACAREI;SP;03/2022;0;0;0;0;0;0;0;0;0;0;0;0;0;0;0;0;0;0;0;0;0;0;0;0;0;0;0;0;0;0;0;0;0;0;0;0;0;0;0;0;0;0;0;0;0;0;0;0;0;0;0;0;0;0;0;0;0;0;0;0;0;0;0;0;0;0;0;0;0;0;0;0;0;0
COBANSA COMPANHIA HIPOTECARIA;53.263.331;n1;I;2;S5;29;GUARULHOS;SP;03/2022;0;NI;NI;NI;NI;NI;NI;NI;NI;NI;NI;NI;NI;NI;NI;NI;NI;NI;NI;NI;NI;NI;NI;NI;NI;NI;NI;NI;NI;NI;NI;NI;NI;NI;NI;NI;NI;NI;NI;NI;NI;NI;NI;NI;NI;NI;NI;NI;NI;NI;NI;NI;NI;NI;NI;NI;NI;NI;NI;NI;NI;NI;NI;NI;NI;NI;NI;NI;NI;NI;NI;NI;NI;NI
COOPERATIVA DE ECONOMIA E CRÉDITO MÚTUO DOS EMPREGADOS DAS INDÚSTRIAS UNILEVER DO BRASIL;53.272.365;b3S;I;2;S5;9;VALINHOS;SP;03/2022;0;0;0;0;0;0;0;0;0;0;0;0;0;0;0;0;0;0;0;0;0;0;0;0;0;0;0;0;0;0;0;0;0;0;0;0;0;0;0;0;0;0;0;0;0;0;0;0;0;0;0;0;0;0;0;0;0;0;0;0;0;0;0;0;0;0;0;0;0;0;0;0;0;0
COOPERATIVA DE ECONOMIA E CRÉDITO MÚTUO DOS EMPREGADOS DAS EMPRESAS METALÚRGICAS DE MATÃO - METALCOOPERCRED;53.505.681;b3S;I;2;S5;9;MATAO;SP;03/2022;0;0;0;0;0;0;0;0;0;0;0;0;0;0;0;0;0;0;0;0;0;0;0;0;0;0;0;0;0;0;0;0;0;0;0;0;0;0;0;0;0;0;0;0;0;0;0;0;0;0;0;0;0;0;0;0;0;0;0;0;0;0;0;0;0;0;0;0;0;0;0;0;0;0
COOPERATIVA DE CRÉDITO MÚTUO DOS SERVIDORES DE ÓRGAOS GESTORES DE RECURSOS HÍDRICOS DO ESTADO DE SÃO PAULO - COOPERHIDRO;53.800.488;b3S;I;2;S5;9;SAO PAULO;SP;03/2022;0;0;0;0;0;0;0;0;0;0;0;0;0;0;0;0;0;0;0;0;0;0;0;0;0;0;0;0;0;0;0;0;0;0;0;0;0;0;0;0;0;0;0;0;0;0;0;0;0;0;0;0;0;0;0;0;0;0;0;0;0;0;0;0;0;0;0;0;0;0;0;0;0;0
COOPERATIVA DE ECONOMIA E CRÉDITO MÚTUO DOS FUNCIONÁRIOS DA VILLARES METALS;53.846.242;b3S;I;2;S5;9;SUMARE;SP;03/2022;0;0;0;0;0;0;0;0;0;0;0;0;0;0;0;0;0;0;0;0;0;0;0;0;0;0;0;0;0;0;0;0;0;0;0;0;0;0;0;0;0;0;0;0;0;0;0;0;0;0;0;0;0;0;0;0;0;0;0;0;0;0;0;0;0;0;0;0;0;0;0;0;0;0
COOPERATIVA DE CRÉDITO MÚTUO DOS FUNCIONÁRIOS DAS EMPRESAS FERROVIÁRIAS NO ESTADO DE SÃO PAULO;53.932.869;b3S;I;2;S5;9;OSASCO;SP;03/2022;0;0;0;0;0;0;0;0;0;0;0;0;0;0;0;0;0;0;0;0;0;0;0;0;0;0;0;0;0;0;0;0;0;0;0;0;0;0;0;0;0;0;0;0;0;0;0;0;0;0;0;0;0;0;0;0;0;0;0;0;0;0;0;0;0;0;0;0;0;0;0;0;0;0
COOPERATIVA DE ECONOMIA E CRÉDITO MÚTUO DOS EMPREGADOS DA COMPANHIA BRASILEIRA DE ALUMÍNIO;54.335.401;b3S;I;2;S5;9;ALUMINIO;SP;03/2022;0;0;0;0;0;0;0;0;0;0;0;0;0;0;0;0;0;0;0;0;0;0;0;0;0;0;0;0;0;0;0;0;0;0;0;0;0;0;0;0;0;0;0;0;0;0;0;0;0;0;0;0;0;0;0;0;0;0;0;0;0;0;0;0;0;0;0;0;0;0;0;0;0;0
COOPERATIVA DE CRÉDITO MÚTUO DOS EMPREGADOS DA FIAÇÃO ALPINA - COOPERALPINA;55.319.370;b3S;I;2;S5;9;MORUNGABA;SP;03/2022;0;0;0;0;0;0;0;0;0;0;0;0;0;0;0;0;0;0;0;0;0;0;0;0;0;0;0;0;0;0;0;0;0;0;0;0;0;0;0;0;0;0;0;0;0;0;0;0;0;0;0;0;0;0;0;0;0;0;0;0;0;0;0;0;0;0;0;0;0;0;0;0;0;0
COOPERATIVA DE ECONOMIA E CRÉDITO MÚTUO DOS FUNCIONÁRIOS DA BOMBRIL;57.038.408;b3S;I;2;S5;9;SAO BERNARDO DO CAMPO;SP;03/2022;0;0;0;0;0;0;0;0;0;0;0;0;0;0;0;0;0;0;0;0;0;0;0;0;0;0;0;0;0;0;0;0;0;0;0;0;0;0;0;0;0;0;0;0;0;0;0;0;0;0;0;0;0;0;0;0;0;0;0;0;0;0;0;0;0;0;0;0;0;0;0;0;0;0
COOPERATIVA DE ECONOMIA E CRÉDITO MÚTUO DOS FUNCIONÁRIOS DA FACULDADE DE CIÊNCIAS AGRÁRIAS E VETERINÁRIAS - CAMPUS DE JABOTICABAL/SP - COOPERFAC;57.259.525;b3S;I;2;S5;9;JABOTICABAL;SP;03/2022;0;0;0;0;0;0;0;0;0;0;0;0;0;0;0;0;0;0;0;0;0;0;0;0;0;0;0;0;0;0;0;0;0;0;0;0;0;0;0;0;0;0;0;0;0;0;0;0;0;0;0;0;0;0;0;0;0;0;0;0;0;0;0;0;0;0;0;0;0;0;0;0;0;0
COOPERATIVA DE ECONOMIA E CRÉDITO MÚTUO DOS FUNCIONÁRIOS DA TICKET SERVIÇOS COMÉRCIO E ADMINISTRAÇÃO;57.440.521;b3S;I;2;S5;9;SAO PAULO;SP;03/2022;0;0;0;0;0;0;0;0;0;0;0;0;0;0;0;0;0;0;0;0;0;0;0;0;0;0;0;0;0;0;0;0;0;0;0;0;0;0;0;0;0;0;0;0;0;0;0;0;0;0;0;0;0;0;0;0;0;0;0;0;0;0;0;0;0;0;0;0;0;0;0;0;0;0
COOPERATIVA DE ECONOMIA E CRÉDITO MÚTUO DOS EMPREGADOS DA NOVELIS;57.545.436;b3S;I;2;S5;9;SANTO ANDRE;SP;03/2022;0;0;0;0;0;0;0;0;0;0;0;0;0;0;0;0;0;0;0;0;0;0;0;0;0;0;0;0;0;0;0;0;0;0;0;0;0;0;0;0;0;0;0;0;0;0;0;0;0;0;0;0;0;0;0;0;0;0;0;0;0;0;0;0;0;0;0;0;0;0;0;0;0;0
COOPERATIVA DE ECONOMIA E CRÉDITO MÚTUO DOS EMPREGADOS DAS EMPRESAS DO GRUPO ECONÔMICO RHODIA - CREDIRHODIA;57.563.728;b3S;I;2;S5;9;PAULINIA;SP;03/2022;0;0;0;0;0;0;0;0;0;0;0;0;0;0;0;0;0;0;0;0;0;0;0;0;0;0;0;0;0;0;0;0;0;0;0;0;0;0;0;0;0;0;0;0;0;0;0;0;0;0;0;0;0;0;0;0;0;0;0;0;0;0;0;0;0;0;0;0;0;0;0;0;0;0
COOPERATIVA DE ECONOMIA E CRÉDITO MÚTUO DOS EMPREGADOS DO GRUPO TELEFÔNICA;57.598.120;b3S;I;2;S5;9;SAO PAULO;SP;03/2022;0;0;0;0;0;0;0;0;0;0;0;0;0;0;0;0;0;0;0;0;0;0;0;0;0;0;0;0;0;0;0;0;0;0;0;0;0;0;0;0;0;0;0;0;0;0;0;0;0;0;0;0;0;0;0;0;0;0;0;0;0;0;0;0;0;0;0;0;0;0;0;0;0;0
COOPERATIVA DE CRÉDITO DE CAPITAL E EMPRÉSTIMO DOS EMPREGADOS CELETISTAS DE COOPERATIVAS DOS ESTADOS DE SÃO PAULO E MINAS GERAIS - COCREUNI;57.987.273;b3S;I;2;S5;9;RIBEIRAO PRETO;SP;03/2022;0;0;0;0;0;0;0;0;0;0;0;0;0;0;0;0;0;0;0;0;0;0;0;0;0;0;0;0;0;0;0;0;0;0;0;0;0;0;0;0;0;0;0;0;0;0;0;0;0;0;0;0;0;0;0;0;0;0;0;0;0;0;0;0;0;0;0;0;0;0;0;0;0;0
COOPERATIVA DE CRÉDITO DOS EMPREGADOS DO GRUPO AKZO NOBEL BRASIL - COOP AKZONOBEL;57.996.878;b3S;I;2;S5;9;MAUA;SP;03/2022;0;0;0;0;0;0;0;0;0;0;0;0;0;0;0;0;0;0;0;0;0;0;0;0;0;0;0;0;0;0;0;0;0;0;0;0;0;0;0;0;0;0;0;0;0;0;0;0;0;0;0;0;0;0;0;0;0;0;0;0;0;0;0;0;0;0;0;0;0;0;0;0;0;0
COOPERATIVA DE CRÉDITO MÚTUO DOS EMPREGADOS DA MAXION - CREDMAXION;58.290.800;b3S;I;2;S5;9;CRUZEIRO;SP;03/2022;0;0;0;0;0;0;0;0;0;0;0;0;0;0;0;0;0;0;0;0;0;0;0;0;0;0;0;0;0;0;0;0;0;0;0;0;0;0;0;0;0;0;0;0;0;0;0;0;0;0;0;0;0;0;0;0;0;0;0;0;0;0;0;0;0;0;0;0;0;0;0;0;0;0
PATACÃO DISTRIBUIDORA DE TÍTULOS E VALORES MOBILIÁRIOS LTDA.;59.615.005;n2;I;2;S4;16;SOROCABA;SP;03/2022;0;NI;NI;NI;NI;NI;NI;NI;NI;NI;NI;NI;NI;NI;NI;NI;NI;NI;NI;NI;NI;NI;NI;NI;NI;NI;NI;NI;NI;NI;NI;NI;NI;NI;NI;NI;NI;NI;NI;NI;NI;NI;NI;NI;NI;NI;NI;NI;NI;NI;NI;NI;NI;NI;NI;NI;NI;NI;NI;NI;NI;NI;NI;NI;NI;NI;NI;NI;NI;NI;NI;NI;NI;NI
COOPERATIVA DE ECONOMIA E CRÉDITO MÚTUO DOS FUNCIONÁRIOS DA INTERNATIONAL INDÚSTRIA AUTOMOTIVA DA AMÉRICA DO SUL;59.620.708;b3S;I;2;S5;9;SAO PAULO;SP;03/2022;0;0;0;0;0;0;0;0;0;0;0;0;0;0;0;0;0;0;0;0;0;0;0;0;0;0;0;0;0;0;0;0;0;0;0;0;0;0;0;0;0;0;0;0;0;0;0;0;0;0;0;0;0;0;0;0;0;0;0;0;0;0;0;0;0;0;0;0;0;0;0;0;0;0
SOROCRED INSTITUIÇÃO DE PAGAMENTO S.A.;60.114.865;n4;I;2;S4;41;BARUERI;SP;03/2022;0;0;0;0;0;0;0;0;0;0;0;0;0;0;0;0;0;0;0;0;0;0;0;0;0;0;0;0;0;0;0;0;0;0;0;0;0;0;0;0;0;0;0;0;0;0;0;0;0;0;0;0;0;0;0;0;0;0;0;0;0;0;0;0;0;0;0;0;0;0;0;0;0;0
COOPERATIVA DE ECONOMIA E CREDITO MUTUO DOS COLABORADORES DA SG INDUSTRIA E COMERCIO DE MATERIAIS DE CONSTRUCAO, VIDROS E AFINS;61.039.038;b3S;I;2;S5;9;SAO PAULO;SP;03/2022;0;0;0;0;0;0;0;0;0;0;0;0;0;0;0;0;0;0;0;0;0;0;0;0;0;0;0;0;0;0;0;0;0;0;0;0;0;0;0;0;0;0;0;0;0;0;0;0;0;0;0;0;0;0;0;0;0;0;0;0;0;0;0;0;0;0;0;0;0;0;0;0;0;0
AVENUE SECURITIES DISTRIBUIDORA DE TÍTULOS E VALORES MOBILIÁRIOS LTDA.;61.384.004;n2;I;2;S4;16;SAO PAULO;SP;03/2022;0;NI;NI;NI;NI;NI;NI;NI;NI;NI;NI;NI;NI;NI;NI;NI;NI;NI;NI;NI;NI;NI;NI;NI;NI;NI;NI;NI;NI;NI;NI;NI;NI;NI;NI;NI;NI;NI;NI;NI;NI;NI;NI;NI;NI;NI;NI;NI;NI;NI;NI;NI;NI;NI;NI;NI;NI;NI;NI;NI;NI;NI;NI;NI;NI;NI;NI;NI;NI;NI;NI;NI;NI;NI
SAGITUR CORRETORA DE CÂMBIO LTDA.;61.444.949;n2;I;2;S4;21;SAO PAULO;SP;03/2022;0;NA;NA;NA;NA;NA;NA;NA;NA;NA;NA;NA;NA;NA;NA;NA;NA;NA;NA;NA;NA;NA;NA;NA;NA;NA;NA;NA;NA;NA;NA;NA;NA;NA;NA;NA;NA;NA;NA;NA;NA;NA;NA;NA;NA;NA;NA;NA;NA;NA;NA;NA;NA;NA;NA;NA;NA;NA;NA;NA;NA;NA;NA;NA;NA;NA;NA;NA;NA;NA;NA;NA;NA;NA
NEON CORRETORA DE TÍTULOS E VALORES MOBILIÁRIOS S.A.;61.723.847;n2;I;2;S4;15;SAO PAULO;SP;03/2022;0;NI;NI;NI;NI;NI;NI;NI;NI;NI;NI;NI;NI;NI;NI;NI;NI;NI;NI;NI;NI;NI;NI;NI;NI;NI;NI;NI;NI;NI;NI;NI;NI;NI;NI;NI;NI;NI;NI;NI;NI;NI;NI;NI;NI;NI;NI;NI;NI;NI;NI;NI;NI;NI;NI;NI;NI;NI;NI;NI;NI;NI;NI;NI;NI;NI;NI;NI;NI;NI;NI;NI;NI;NI
CAROL DISTRIBUIDORA DE TITULOS E VALORES MOBILIARIOS LTDA.;62.237.649;n2;I;2;S5;16;SAO PAULO;SP;03/2022;0;NI;NI;NI;NI;NI;NI;NI;NI;NI;NI;NI;NI;NI;NI;NI;NI;NI;NI;NI;NI;NI;NI;NI;NI;NI;NI;NI;NI;NI;NI;NI;NI;NI;NI;NI;NI;NI;NI;NI;NI;NI;NI;NI;NI;NI;NI;NI;NI;NI;NI;NI;NI;NI;NI;NI;NI;NI;NI;NI;NI;NI;NI;NI;NI;NI;NI;NI;NI;NI;NI;NI;NI;NI
CP & FRIZZO - DISTRIBUIDORA DE TÍTULOS E VALORES MOBILIÁRIOS LTDA;62.264.924;n2;I;2;S4;16;SAO PAULO;SP;03/2022;0;NI;NI;NI;NI;NI;NI;NI;NI;NI;NI;NI;NI;NI;NI;NI;NI;NI;NI;NI;NI;NI;NI;NI;NI;NI;NI;NI;NI;NI;NI;NI;NI;NI;NI;NI;NI;NI;NI;NI;NI;NI;NI;NI;NI;NI;NI;NI;NI;NI;NI;NI;NI;NI;NI;NI;NI;NI;NI;NI;NI;NI;NI;NI;NI;NI;NI;NI;NI;NI;NI;NI;NI;NI
DIBRAN DISTRIBUIDORA DE TÍTULOS E VALORES MOBILIÁRIOS LTDA.;62.280.490;n2;I;2;S4;16;SAO PAULO;SP;03/2022;0;NI;NI;NI;NI;NI;NI;NI;NI;NI;NI;NI;NI;NI;NI;NI;NI;NI;NI;NI;NI;NI;NI;NI;NI;NI;NI;NI;NI;NI;NI;NI;NI;NI;NI;NI;NI;NI;NI;NI;NI;NI;NI;NI;NI;NI;NI;NI;NI;NI;NI;NI;NI;NI;NI;NI;NI;NI;NI;NI;NI;NI;NI;NI;NI;NI;NI;NI;NI;NI;NI;NI;NI;NI
COOPERATIVA DE ECONOMIA E CRÉDITO MÚTUO DOS EMPREGADOS DO GRUPO SCHAEFFLER;62.284.385;b3S;I;2;S5;9;SOROCABA;SP;03/2022;0;0;0;0;0;0;0;0;0;0;0;0;0;0;0;0;0;0;0;0;0;0;0;0;0;0;0;0;0;0;0;0;0;0;0;0;0;0;0;0;0;0;0;0;0;0;0;0;0;0;0;0;0;0;0;0;0;0;0;0;0;0;0;0;0;0;0;0;0;0;0;0;0;0
SINGULARE CORRETORA DE TÍTULOS E VALORES MOBILIÁRIOS S.A.;62.285.390;n2;I;2;S4;15;SAO PAULO;SP;03/2022;0;NI;NI;NI;NI;NI;NI;NI;NI;NI;NI;NI;NI;NI;NI;NI;NI;NI;NI;NI;NI;NI;NI;NI;NI;NI;NI;NI;NI;NI;NI;NI;NI;NI;NI;NI;NI;NI;NI;NI;NI;NI;NI;NI;NI;NI;NI;NI;NI;NI;NI;NI;NI;NI;NI;NI;NI;NI;NI;NI;NI;NI;NI;NI;NI;NI;NI;NI;NI;NI;NI;NI;NI;NI
RENASCENCA DISTRIBUIDORA DE TÍTULOS E VALORES MOBILIÁRIOS LTDA;62.287.735;n2;I;2;S4;16;SAO PAULO;SP;03/2022;0;NI;NI;NI;NI;NI;NI;NI;NI;NI;NI;NI;NI;NI;NI;NI;NI;NI;NI;NI;NI;NI;NI;NI;NI;NI;NI;NI;NI;NI;NI;NI;NI;NI;NI;NI;NI;NI;NI;NI;NI;NI;NI;NI;NI;NI;NI;NI;NI;NI;NI;NI;NI;NI;NI;NI;NI;NI;NI;NI;NI;NI;NI;NI;NI;NI;NI;NI;NI;NI;NI;NI;NI;NI
COOPERATIVA DE ECONOMIA E CRÉDITO MÚTUO DOS FUNCIONÁRIOS DA NESTLÉ - CREDI NESTLÉ;62.562.012;b3S;I;2;S5;9;SAO PAULO;SP;03/2022;0;0;0;0;0;0;0;0;0;0;0;0;0;0;0;0;0;0;0;0;0;0;0;0;0;0;0;0;0;0;0;0;0;0;0;0;0;0;0;0;0;0;0;0;0;0;0;0;0;0;0;0;0;0;0;0;0;0;0;0;0;0;0;0;0;0;0;0;0;0;0;0;0;0
COOPERATIVA DE CRÉDITO DOS EMPREGADOS DAS EMPRESAS DO GRUPO INDORAMA NO BRASIL;62.605.290;b3S;I;2;S5;9;POCOS DE CALDAS;MG;03/2022;0;0;0;0;0;0;0;0;0;0;0;0;0;0;0;0;0;0;0;0;0;0;0;0;0;0;0;0;0;0;0;0;0;0;0;0;0;0;0;0;0;0;0;0;0;0;0;0;0;0;0;0;0;0;0;0;0;0;0;0;0;0;0;0;0;0;0;0;0;0;0;0;0;0
COOPERATIVA DE ECONOMIA E CRÉDITO MÚTUO DOS EMPREGADOS DA MONDELEZ BRASIL, PHILIP MORRIS BRASIL E K&S ALIMENTOS - SICOOB COOPMOND;62.795.257;b3S;I;2;S5;9;SAO PAULO;SP;03/2022;0;0;0;0;0;0;0;0;0;0;0;0;0;0;0;0;0;0;0;0;0;0;0;0;0;0;0;0;0;0;0;0;0;0;0;0;0;0;0;0;0;0;0;0;0;0;0;0;0;0;0;0;0;0;0;0;0;0;0;0;0;0;0;0;0;0;0;0;0;0;0;0;0;0
CREDI-SHOP S/A - INSTITUIÇÃO DE PAGAMENTO;62.895.230;n4;I;2;;41;TERESINA;PI;03/2022;0;0;0;0;0;0;0;0;0;0;0;0;0;0;0;0;0;0;0;0;0;0;0;0;0;0;0;0;0;0;0;0;0;0;0;0;0;0;0;0;0;0;0;0;0;0;0;0;0;0;0;0;0;0;0;0;0;0;0;0;0;0;0;0;0;0;0;0;0;0;0;0;0;0
COOPERATIVA DE ECONOMIA E CRÉDITO MÚTUO DOS SERVIDORES DA FEDERAÇÃO DO COMÉRCIO, SESC E SENAC DE SÃO PAULO;62.928.320;b3S;I;2;S5;9;SAO PAULO;SP;03/2022;0;0;0;0;0;0;0;0;0;0;0;0;0;0;0;0;0;0;0;0;0;0;0;0;0;0;0;0;0;0;0;0;0;0;0;0;0;0;0;0;0;0;0;0;0;0;0;0;0;0;0;0;0;0;0;0;0;0;0;0;0;0;0;0;0;0;0;0;0;0;0;0;0;0
COOPERATIVA DE CRÉDITO DOS EMPREGADOS DO GRUPO VALLOUREC NO BRASIL - COOVALL LTDA.;64.293.582;b3S;I;2;S5;9;BELO HORIZONTE;MG;03/2022;0;0;0;0;0;0;0;0;0;0;0;0;0;0;0;0;0;0;0;0;0;0;0;0;0;0;0;0;0;0;0;0;0;0;0;0;0;0;0;0;0;0;0;0;0;0;0;0;0;0;0;0;0;0;0;0;0;0;0;0;0;0;0;0;0;0;0;0;0;0;0;0;0;0
SICOOB CRED COPERCANA COOPERATIVA DE CRÉDITO;64.739.121;b3S;I;2;S5;9;SERTAOZINHO;SP;03/2022;0;0;0;0;0;0;0;0;0;0;0;0;0;0;0;0;0;0;0;0;0;0;0;0;0;0;0;0;0;0;0;0;0;0;0;0;0;0;0;0;0;0;0;0;0;0;0;0;0;0;0;0;0;0;0;0;0;0;0;0;0;0;0;0;0;0;0;0;0;0;0;0;0;0
NGO ASSOCIADOS CORRETORA DE CÂMBIO LTDA.;65.635.377;n2;I;2;S5;21;SAO PAULO;SP;03/2022;0;NA;NA;NA;NA;NA;NA;NA;NA;NA;NA;NA;NA;NA;NA;NA;NA;NA;NA;NA;NA;NA;NA;NA;NA;NA;NA;NA;NA;NA;NA;NA;NA;NA;NA;NA;NA;NA;NA;NA;NA;NA;NA;NA;NA;NA;NA;NA;NA;NA;NA;NA;NA;NA;NA;NA;NA;NA;NA;NA;NA;NA;NA;NA;NA;NA;NA;NA;NA;NA;NA;NA;NA;NA
DASCAM CORRETORA DE CÂMBIO LTDA.;65.645.137;n2;I;2;S5;21;SAO PAULO;SP;03/2022;0;NA;NA;NA;NA;NA;NA;NA;NA;NA;NA;NA;NA;NA;NA;NA;NA;NA;NA;NA;NA;NA;NA;NA;NA;NA;NA;NA;NA;NA;NA;NA;NA;NA;NA;NA;NA;NA;NA;NA;NA;NA;NA;NA;NA;NA;NA;NA;NA;NA;NA;NA;NA;NA;NA;NA;NA;NA;NA;NA;NA;NA;NA;NA;NA;NA;NA;NA;NA;NA;NA;NA;NA;NA
COOPERATIVA DE ECONOMIA E CRÉDITO MÚTUO DOS EMPREGADOS DA PRODAM/SP - CREDIPRODAM;67.031.757;b3S;I;2;S5;9;SAO PAULO;SP;03/2022;0;0;0;0;0;0;0;0;0;0;0;0;0;0;0;0;0;0;0;0;0;0;0;0;0;0;0;0;0;0;0;0;0;0;0;0;0;0;0;0;0;0;0;0;0;0;0;0;0;0;0;0;0;0;0;0;0;0;0;0;0;0;0;0;0;0;0;0;0;0;0;0;0;0
COOPERATIVA DE ECONOMIA E CRÉDITO MÚTUO DOS FUNCIONÁRIOS DA TETRA PAK;67.341.487;b3S;I;2;S5;9;MONTE MOR;SP;03/2022;0;0;0;0;0;0;0;0;0;0;0;0;0;0;0;0;0;0;0;0;0;0;0;0;0;0;0;0;0;0;0;0;0;0;0;0;0;0;0;0;0;0;0;0;0;0;0;0;0;0;0;0;0;0;0;0;0;0;0;0;0;0;0;0;0;0;0;0;0;0;0;0;0;0
COOPERATIVA DE ECONOMIA E CRÉDITO MÚTUO DOS TRABALHADORES DA CIA. DE PROCESSAMENTO DE DADOS DO ESTADO DE SÃO PAULO - CREDIPRODESP;67.915.868;b3S;I;2;S5;9;TABOAO DA SERRA;SP;03/2022;0;0;0;0;0;0;0;0;0;0;0;0;0;0;0;0;0;0;0;0;0;0;0;0;0;0;0;0;0;0;0;0;0;0;0;0;0;0;0;0;0;0;0;0;0;0;0;0;0;0;0;0;0;0;0;0;0;0;0;0;0;0;0;0;0;0;0;0;0;0;0;0;0;0
COOPERATIVA DE ECONOMIA E CRÉDITO MÚTUO DOS FUNCIONÁRIOS DA CARGILL;68.228.006;b3S;I;2;S5;9;SAO PAULO;SP;03/2022;0;0;0;0;0;0;0;0;0;0;0;0;0;0;0;0;0;0;0;0;0;0;0;0;0;0;0;0;0;0;0;0;0;0;0;0;0;0;0;0;0;0;0;0;0;0;0;0;0;0;0;0;0;0;0;0;0;0;0;0;0;0;0;0;0;0;0;0;0;0;0;0;0;0
COOPERATIVA DE ECONOMIA E CRÉDITO MÚTUO DOS EMPREGADOS DAS EMPRESAS DE DIVERSÕES DO ESTADO DE SÃO PAULO;68.314.921;b3S;I;2;S5;9;SAO PAULO;SP;03/2022;0;0;0;0;0;0;0;0;0;0;0;0;0;0;0;0;0;0;0;0;0;0;0;0;0;0;0;0;0;0;0;0;0;0;0;0;0;0;0;0;0;0;0;0;0;0;0;0;0;0;0;0;0;0;0;0;0;0;0;0;0;0;0;0;0;0;0;0;0;0;0;0;0;0
NUMBER ONE SOCIEDADE CORRETORA DE CAMBIO LTDA.;68.742.204;n2;I;2;S5;21;RIO DE JANEIRO;RJ;03/2022;0;NA;NA;NA;NA;NA;NA;NA;NA;NA;NA;NA;NA;NA;NA;NA;NA;NA;NA;NA;NA;NA;NA;NA;NA;NA;NA;NA;NA;NA;NA;NA;NA;NA;NA;NA;NA;NA;NA;NA;NA;NA;NA;NA;NA;NA;NA;NA;NA;NA;NA;NA;NA;NA;NA;NA;NA;NA;NA;NA;NA;NA;NA;NA;NA;NA;NA;NA;NA;NA;NA;NA;NA;NA
SIMPAUL CORRETORA DE CAMBIO E VALORES MOBILIARIOS  S.A.;68.757.681;n2;I;2;S4;15;PORTO ALEGRE;RS;03/2022;0;NI;NI;NI;NI;NI;NI;NI;NI;NI;NI;NI;NI;NI;NI;NI;NI;NI;NI;NI;NI;NI;NI;NI;NI;NI;NI;NI;NI;NI;NI;NI;NI;NI;NI;NI;NI;NI;NI;NI;NI;NI;NI;NI;NI;NI;NI;NI;NI;NI;NI;NI;NI;NI;NI;NI;NI;NI;NI;NI;NI;NI;NI;NI;NI;NI;NI;NI;NI;NI;NI;NI;NI;NI
COOPESA-COOPERATIVA DE ECONOMIA E CREDITO MUTUO DOS FUNCIONARIOS DA COESA TRANSPORTES E EMPRESAS COLIGADAS LTDA;68.848.563;b3S;I;2;S5;9;SAO GONCALO;RJ;03/2022;0;0;0;0;0;0;0;0;0;0;0;0;0;0;0;0;0;0;0;0;0;0;0;0;0;0;0;0;0;0;0;0;0;0;0;0;0;0;0;0;0;0;0;0;0;0;0;0;0;0;0;0;0;0;0;0;0;0;0;0;0;0;0;0;0;0;0;0;0;0;0;0;0;0
COOPERATIVA DE ECONOMIA E CRÉDITO MÚTUO DOS EMPREGADOS DAS EMPRESAS CONTROLADAS E COLIGADAS DA USINA SANTA ADELIA - USAGRO;68.969.625;b3S;I;2;S5;9;JABOTICABAL;SP;03/2022;0;0;0;0;0;0;0;0;0;0;0;0;0;0;0;0;0;0;0;0;0;0;0;0;0;0;0;0;0;0;0;0;0;0;0;0;0;0;0;0;0;0;0;0;0;0;0;0;0;0;0;0;0;0;0;0;0;0;0;0;0;0;0;0;0;0;0;0;0;0;0;0;0;0
COOPERATIVA DE ECONOMIA E CRÉDITO MÚTUO DOS SERVIDORES DA UNESP - COOPUNESP;69.136.075;b3S;I;2;S5;9;RIO CLARO;SP;03/2022;0;0;0;0;0;0;0;0;0;0;0;0;0;0;0;0;0;0;0;0;0;0;0;0;0;0;0;0;0;0;0;0;0;0;0;0;0;0;0;0;0;0;0;0;0;0;0;0;0;0;0;0;0;0;0;0;0;0;0;0;0;0;0;0;0;0;0;0;0;0;0;0;0;0
COOPERATIVA DE ECONOMIA E CRÉDITO MÚTUO DOS TRABALHADORES NAS INDÚSTRIAS DE EXTRAÇÃO DE FERRO E METAIS BÁSICOS DA REGIÃO DE CONGONHAS LTDA. - COOFERSE;71.384.697;b3S;I;2;S5;9;CONGONHAS;MG;03/2022;0;0;0;0;0;0;0;0;0;0;0;0;0;0;0;0;0;0;0;0;0;0;0;0;0;0;0;0;0;0;0;0;0;0;0;0;0;0;0;0;0;0;0;0;0;0;0;0;0;0;0;0;0;0;0;0;0;0;0;0;0;0;0;0;0;0;0;0;0;0;0;0;0;0
COOPERATIVA DE ECONOMIA E CRÉDITO MÚTUO DOS BANCÁRIOS DE SOROCABA E REGIÃO;71.491.609;b3S;I;2;S5;9;SOROCABA;SP;03/2022;0;0;0;0;0;0;0;0;0;0;0;0;0;0;0;0;0;0;0;0;0;0;0;0;0;0;0;0;0;0;0;0;0;0;0;0;0;0;0;0;0;0;0;0;0;0;0;0;0;0;0;0;0;0;0;0;0;0;0;0;0;0;0;0;0;0;0;0;0;0;0;0;0;0
COOPERATIVA DE ECONOMIA E CRÉDITO MÚTUO DOS BANCÁRIOS DE BELO HORIZONTE E REGIÃO METROPOLITANA LTDA. - COOPEB;71.502.181;b3S;I;2;S5;9;BELO HORIZONTE;MG;03/2022;0;0;0;0;0;0;0;0;0;0;0;0;0;0;0;0;0;0;0;0;0;0;0;0;0;0;0;0;0;0;0;0;0;0;0;0;0;0;0;0;0;0;0;0;0;0;0;0;0;0;0;0;0;0;0;0;0;0;0;0;0;0;0;0;0;0;0;0;0;0;0;0;0;0
LASTRO RDV DISTRIBUIDORA DE TÍTULOS E VALORES MOBILIÁRIOS LTDA.;71.590.442;n2;I;2;S4;16;ARARAS;SP;03/2022;0;NI;NI;NI;NI;NI;NI;NI;NI;NI;NI;NI;NI;NI;NI;NI;NI;NI;NI;NI;NI;NI;NI;NI;NI;NI;NI;NI;NI;NI;NI;NI;NI;NI;NI;NI;NI;NI;NI;NI;NI;NI;NI;NI;NI;NI;NI;NI;NI;NI;NI;NI;NI;NI;NI;NI;NI;NI;NI;NI;NI;NI;NI;NI;NI;NI;NI;NI;NI;NI;NI;NI;NI;NI
FRENTE CORRETORA DE CÂMBIO LTDA.;71.677.850;n2;I;2;S4;21;SAO PAULO;SP;03/2022;0;NA;NA;NA;NA;NA;NA;NA;NA;NA;NA;NA;NA;NA;NA;NA;NA;NA;NA;NA;NA;NA;NA;NA;NA;NA;NA;NA;NA;NA;NA;NA;NA;NA;NA;NA;NA;NA;NA;NA;NA;NA;NA;NA;NA;NA;NA;NA;NA;NA;NA;NA;NA;NA;NA;NA;NA;NA;NA;NA;NA;NA;NA;NA;NA;NA;NA;NA;NA;NA;NA;NA;NA;NA
COOPERATIVA DE ECONOMIA E CRÉDITO MÚTUO DOS FUNCIONÁRIOS DO FLEURY;71.965.313;b3S;I;2;S5;9;SAO PAULO;SP;03/2022;0;0;0;0;0;0;0;0;0;0;0;0;0;0;0;0;0;0;0;0;0;0;0;0;0;0;0;0;0;0;0;0;0;0;0;0;0;0;0;0;0;0;0;0;0;0;0;0;0;0;0;0;0;0;0;0;0;0;0;0;0;0;0;0;0;0;0;0;0;0;0;0;0;0
ÍCARO CORRETORA DE CÂMBIO LTDA;72.556.996;n2;I;2;S5;21;CURITIBA;PR;03/2022;0;NA;NA;NA;NA;NA;NA;NA;NA;NA;NA;NA;NA;NA;NA;NA;NA;NA;NA;NA;NA;NA;NA;NA;NA;NA;NA;NA;NA;NA;NA;NA;NA;NA;NA;NA;NA;NA;NA;NA;NA;NA;NA;NA;NA;NA;NA;NA;NA;NA;NA;NA;NA;NA;NA;NA;NA;NA;NA;NA;NA;NA;NA;NA;NA;NA;NA;NA;NA;NA;NA;NA;NA;NA
COOPERATIVA DE ECONOMIA E CRÉDITO MÚTUO DOS FUNCIONÁRIOS DA SELENE;72.952.138;b3S;I;2;S5;9;CERQUILHO;SP;03/2022;0;0;0;0;0;0;0;0;0;0;0;0;0;0;0;0;0;0;0;0;0;0;0;0;0;0;0;0;0;0;0;0;0;0;0;0;0;0;0;0;0;0;0;0;0;0;0;0;0;0;0;0;0;0;0;0;0;0;0;0;0;0;0;0;0;0;0;0;0;0;0;0;0;0
COOPERATIVA DE ECONOMIA E CRÉDITO MÚTUO DOS EMPREGADOS DA EATON;73.077.398;b3S;I;2;S5;9;VALINHOS;SP;03/2022;0;0;0;0;0;0;0;0;0;0;0;0;0;0;0;0;0;0;0;0;0;0;0;0;0;0;0;0;0;0;0;0;0;0;0;0;0;0;0;0;0;0;0;0;0;0;0;0;0;0;0;0;0;0;0;0;0;0;0;0;0;0;0;0;0;0;0;0;0;0;0;0;0;0
COOPERATIVA DE CRÉDITO MÚTUO DOS SERVIDORES DO MINISTERIO DA EDUCAÇÃO EM SÃO PAULO - COOPEMESP;73.092.827;b3S;I;2;S5;9;SAO PAULO;SP;03/2022;0;0;0;0;0;0;0;0;0;0;0;0;0;0;0;0;0;0;0;0;0;0;0;0;0;0;0;0;0;0;0;0;0;0;0;0;0;0;0;0;0;0;0;0;0;0;0;0;0;0;0;0;0;0;0;0;0;0;0;0;0;0;0;0;0;0;0;0;0;0;0;0;0;0
PACIFIC INVEST DISTRIBUIDORA DE TITULOS E VALORES MOBILIARIOS LTDA;73.279.093;n2;I;2;S4;16;JOACABA;SC;03/2022;0;NI;NI;NI;NI;NI;NI;NI;NI;NI;NI;NI;NI;NI;NI;NI;NI;NI;NI;NI;NI;NI;NI;NI;NI;NI;NI;NI;NI;NI;NI;NI;NI;NI;NI;NI;NI;NI;NI;NI;NI;NI;NI;NI;NI;NI;NI;NI;NI;NI;NI;NI;NI;NI;NI;NI;NI;NI;NI;NI;NI;NI;NI;NI;NI;NI;NI;NI;NI;NI;NI;NI;NI;NI
EXIM CORRETORA DE CAMBIO LTDA;73.302.408;n2;I;2;S4;21;PORTO ALEGRE;RS;03/2022;0;NA;NA;NA;NA;NA;NA;NA;NA;NA;NA;NA;NA;NA;NA;NA;NA;NA;NA;NA;NA;NA;NA;NA;NA;NA;NA;NA;NA;NA;NA;NA;NA;NA;NA;NA;NA;NA;NA;NA;NA;NA;NA;NA;NA;NA;NA;NA;NA;NA;NA;NA;NA;NA;NA;NA;NA;NA;NA;NA;NA;NA;NA;NA;NA;NA;NA;NA;NA;NA;NA;NA;NA;NA
B&T CORRETORA DE CAMBIO LTDA.;73.622.748;n2;I;2;S4;21;RIO DE JANEIRO;RJ;03/2022;0;NA;NA;NA;NA;NA;NA;NA;NA;NA;NA;NA;NA;NA;NA;NA;NA;NA;NA;NA;NA;NA;NA;NA;NA;NA;NA;NA;NA;NA;NA;NA;NA;NA;NA;NA;NA;NA;NA;NA;NA;NA;NA;NA;NA;NA;NA;NA;NA;NA;NA;NA;NA;NA;NA;NA;NA;NA;NA;NA;NA;NA;NA;NA;NA;NA;NA;NA;NA;NA;NA;NA;NA;NA
COOPERATIVA DE ECONOMIA E CREDITO MUTUO DOS EMPREGADOS DO GRUPO BAYER LTDA;73.631.483;b3S;I;2;S5;9;BELFORD ROXO;RJ;03/2022;0;0;0;0;0;0;0;0;0;0;0;0;0;0;0;0;0;0;0;0;0;0;0;0;0;0;0;0;0;0;0;0;0;0;0;0;0;0;0;0;0;0;0;0;0;0;0;0;0;0;0;0;0;0;0;0;0;0;0;0;0;0;0;0;0;0;0;0;0;0;0;0;0;0
COOPERATIVA DE ECONOMIA E CRÉDITO MÚTUO DO GRUPO BASF;74.244.344;b3S;I;2;S5;9;SAO PAULO;SP;03/2022;0;0;0;0;0;0;0;0;0;0;0;0;0;0;0;0;0;0;0;0;0;0;0;0;0;0;0;0;0;0;0;0;0;0;0;0;0;0;0;0;0;0;0;0;0;0;0;0;0;0;0;0;0;0;0;0;0;0;0;0;0;0;0;0;0;0;0;0;0;0;0;0;0;0
COOPERATIVA DE ECONOMIA E CRÉDITO MÚTUO DOS FUNCIONÁRIOS DO GRUPO VOTORANTIM LIMITADA.;75.174.953;b3S;I;2;S5;9;RIO BRANCO DO SUL;PR;03/2022;0;0;0;0;0;0;0;0;0;0;0;0;0;0;0;0;0;0;0;0;0;0;0;0;0;0;0;0;0;0;0;0;0;0;0;0;0;0;0;0;0;0;0;0;0;0;0;0;0;0;0;0;0;0;0;0;0;0;0;0;0;0;0;0;0;0;0;0;0;0;0;0;0;0
DOURADA CORRETORA DE CÂMBIO LTDA.;76.641.497;n2;I;2;S4;21;CURITIBA;PR;03/2022;0;NA;NA;NA;NA;NA;NA;NA;NA;NA;NA;NA;NA;NA;NA;NA;NA;NA;NA;NA;NA;NA;NA;NA;NA;NA;NA;NA;NA;NA;NA;NA;NA;NA;NA;NA;NA;NA;NA;NA;NA;NA;NA;NA;NA;NA;NA;NA;NA;NA;NA;NA;NA;NA;NA;NA;NA;NA;NA;NA;NA;NA;NA;NA;NA;NA;NA;NA;NA;NA;NA;NA;NA;NA
DEBONI DISTRIBUIDORA DE TITULOS E VALORES MOBILIARIOS LTDA;77.162.881;n2;I;2;S4;16;CURITIBA;PR;03/2022;0;NI;NI;NI;NI;NI;NI;NI;NI;NI;NI;NI;NI;NI;NI;NI;NI;NI;NI;NI;NI;NI;NI;NI;NI;NI;NI;NI;NI;NI;NI;NI;NI;NI;NI;NI;NI;NI;NI;NI;NI;NI;NI;NI;NI;NI;NI;NI;NI;NI;NI;NI;NI;NI;NI;NI;NI;NI;NI;NI;NI;NI;NI;NI;NI;NI;NI;NI;NI;NI;NI;NI;NI;NI
CORREPARTI CORRETORA DE CAMBIO LTDA;80.202.872;n2;I;2;S4;21;SAO JOSE DOS PINHAIS;PR;03/2022;0;NA;NA;NA;NA;NA;NA;NA;NA;NA;NA;NA;NA;NA;NA;NA;NA;NA;NA;NA;NA;NA;NA;NA;NA;NA;NA;NA;NA;NA;NA;NA;NA;NA;NA;NA;NA;NA;NA;NA;NA;NA;NA;NA;NA;NA;NA;NA;NA;NA;NA;NA;NA;NA;NA;NA;NA;NA;NA;NA;NA;NA;NA;NA;NA;NA;NA;NA;NA;NA;NA;NA;NA;NA
COOPERATIVA CENTRAL DE CRÉDITO, POUPANÇA E INVESTIMENTO DOS ESTADOS DO PARANÁ, SÃO PAULO E RIO DE JANEIRO - CENTRAL SICREDI PR/SP/RJ;80.230.774;b3C;I;2;S3;9;CURITIBA;PR;03/2022;0;0;0;0;0;0;0;0;0;0;0;0;0;0;0;0;0;0;0;0;0;0;0;0;0;0;0;0;0;0;0;0;0;0;0;0;0;0;0;0;0;0;0;0;0;0;0;0;0;0;0;0;0;0;0;0;0;0;0;0;0;0;0;0;0;0;0;0;0;0;0;0;0;0
CREDIBRF - COOPERATIVA DE CRÉDITO;82.096.447;b3S;I;2;S5;9;CURITIBA;PR;03/2022;0;0;0;0;0;0;0;0;0;0;0;0;0;0;0;0;0;0;0;0;0;0;0;0;0;0;0;0;0;0;0;0;0;0;0;0;0;0;0;0;0;0;0;0;0;0;0;0;0;0;0;0;0;0;0;0;0;0;0;0;0;0;0;0;0;0;0;0;0;0;0;0;0;0
CREDISIS COOPERUFPA - COOPERATIVA DE ECONOMIA E CRÉDITO MÚTUO DOS SERVIDORES PÚBLICOS FEDERAIS E ESTADUAIS E DAS ENTIDADES DE ENSINO COM SEUS RESPECTIVOS FUNCIONÁRIOS NO ESTADO DO PARÁ;83.325.811;b3S;I;2;S5;9;BELEM;PA;03/2022;0;0;0;0;0;0;0;0;0;0;0;0;0;0;0;0;0;0;0;0;0;0;0;0;0;0;0;0;0;0;0;0;0;0;0;0;0;0;0;0;0;0;0;0;0;0;0;0;0;0;0;0;0;0;0;0;0;0;0;0;0;0;0;0;0;0;0;0;0;0;0;0;0;0
CPCI - COMPANHIA DE CRÉDITO IMOBILIÁRIO S/A;87.091.716;n1;I;2;S5;31;PORTO ALEGRE;RS;03/2022;0;0;0;0;0;0;0;0;0;0;0;0;0;0;0;0;0;0;0;0;0;0;0;0;0;0;0;0;0;0;0;0;0;0;0;0;0;0;0;0;0;0;0;0;0;0;0;0;0;0;0;0;0;0;0;0;0;0;0;0;0;0;0;0;0;0;0;0;0;0;0;0;0;0
COOPERATIVA CENTRAL DE CRÉDITO, POUPANÇA E INVESTIMENTO DO SUL E SUDESTE - CENTRAL SICREDI SUL/SUDESTE;87.437.687;b3C;I;2;S3;9;PORTO ALEGRE;RS;03/2022;0;NI;NI;NI;NI;NI;NI;NI;NI;NI;NI;NI;NI;NI;NI;NI;NI;NI;NI;NI;NI;NI;NI;NI;NI;NI;NI;NI;NI;NI;NI;NI;NI;NI;NI;NI;NI;NI;NI;NI;NI;NI;NI;NI;NI;NI;NI;NI;NI;NI;NI;NI;NI;NI;NI;NI;NI;NI;NI;NI;NI;NI;NI;NI;NI;NI;NI;NI;NI;NI;NI;NI;NI;NI
MAGNETIS - DISTRIBUIDORA DE TÍTULOS E VALORES MOBILIÁRIOS LTDA;87.963.450;n2;I;3;S4;16;SAO PAULO;SP;03/2022;0;NI;NI;NI;NI;NI;NI;NI;NI;NI;NI;NI;NI;NI;NI;NI;NI;NI;NI;NI;NI;NI;NI;NI;NI;NI;NI;NI;NI;NI;NI;NI;NI;NI;NI;NI;NI;NI;NI;NI;NI;NI;NI;NI;NI;NI;NI;NI;NI;NI;NI;NI;NI;NI;NI;NI;NI;NI;NI;NI;NI;NI;NI;NI;NI;NI;NI;NI;NI;NI;NI;NI;NI;NI
COOPERATIVA DE ECONOMIA E CRÉDITO MÚTUO DOS EMPREGADOS DA PROLEC GE BRASIL TRANSMISSÃO DE ENERGIA S.A.;88.043.187;b3S;I;2;S5;9;CANOAS;RS;03/2022;0;0;0;0;0;0;0;0;0;0;0;0;0;0;0;0;0;0;0;0;0;0;0;0;0;0;0;0;0;0;0;0;0;0;0;0;0;0;0;0;0;0;0;0;0;0;0;0;0;0;0;0;0;0;0;0;0;0;0;0;0;0;0;0;0;0;0;0;0;0;0;0;0;0
COOPERATIVA DE ECONOMIA E CRÉDITO MÚTUO DOS EMPREGADOS DO GRUPO PARAMOUNT;88.183.173;b3S;I;2;S5;9;SAPUCAIA DO SUL;RS;03/2022;0;0;0;0;0;0;0;0;0;0;0;0;0;0;0;0;0;0;0;0;0;0;0;0;0;0;0;0;0;0;0;0;0;0;0;0;0;0;0;0;0;0;0;0;0;0;0;0;0;0;0;0;0;0;0;0;0;0;0;0;0;0;0;0;0;0;0;0;0;0;0;0;0;0
COOPERATIVA    DE    ECONOMIA    E    CRÉDITO   MÚTUO  MINUANO;88.325.113;b3S;I;2;S5;9;CANOAS;RS;03/2022;0;0;0;0;0;0;0;0;0;0;0;0;0;0;0;0;0;0;0;0;0;0;0;0;0;0;0;0;0;0;0;0;0;0;0;0;0;0;0;0;0;0;0;0;0;0;0;0;0;0;0;0;0;0;0;0;0;0;0;0;0;0;0;0;0;0;0;0;0;0;0;0;0;0
COOPERATIVA DE ECONOMIA E CRÉDITO MÚTUO DOS FUNCIONÁRIOS DO GRUPO GERDAU - AÇOS FINOS PIRATINI;88.952.130;b3S;I;2;S5;9;CHARQUEADAS;RS;03/2022;0;0;0;0;0;0;0;0;0;0;0;0;0;0;0;0;0;0;0;0;0;0;0;0;0;0;0;0;0;0;0;0;0;0;0;0;0;0;0;0;0;0;0;0;0;0;0;0;0;0;0;0;0;0;0;0;0;0;0;0;0;0;0;0;0;0;0;0;0;0;0;0;0;0
COOPERATIVA DE ECONOMIA E CREDITO MUTUO DOS EMPREGADOS DAS EMPRESAS RANDON;89.280.960;b3S;I;2;S5;9;CAXIAS DO SUL;RS;03/2022;0;0;0;0;0;0;0;0;0;0;0;0;0;0;0;0;0;0;0;0;0;0;0;0;0;0;0;0;0;0;0;0;0;0;0;0;0;0;0;0;0;0;0;0;0;0;0;0;0;0;0;0;0;0;0;0;0;0;0;0;0;0;0;0;0;0;0;0;0;0;0;0;0;0
EBADIVAL - E. BAGGIO DISTRIBUIDORA DE TÍTULOS E VALORES MOBILIÁRIOS LTDA.;89.784.367;n2;I;2;S5;16;CURITIBA;PR;03/2022;0;NI;NI;NI;NI;NI;NI;NI;NI;NI;NI;NI;NI;NI;NI;NI;NI;NI;NI;NI;NI;NI;NI;NI;NI;NI;NI;NI;NI;NI;NI;NI;NI;NI;NI;NI;NI;NI;NI;NI;NI;NI;NI;NI;NI;NI;NI;NI;NI;NI;NI;NI;NI;NI;NI;NI;NI;NI;NI;NI;NI;NI;NI;NI;NI;NI;NI;NI;NI;NI;NI;NI;NI;NI
RB INVESTIMENTOS DISTRIBUIDORA DE TITULOS E VALORES MOBILIARIOS LIMITADA;89.960.090;n2;I;2;S4;16;SAO PAULO;SP;03/2022;0;NI;NI;NI;NI;NI;NI;NI;NI;NI;NI;NI;NI;NI;NI;NI;NI;NI;NI;NI;NI;NI;NI;NI;NI;NI;NI;NI;NI;NI;NI;NI;NI;NI;NI;NI;NI;NI;NI;NI;NI;NI;NI;NI;NI;NI;NI;NI;NI;NI;NI;NI;NI;NI;NI;NI;NI;NI;NI;NI;NI;NI;NI;NI;NI;NI;NI;NI;NI;NI;NI;NI;NI;NI
COOPERATIVA DE ECONOMIA E CREDITO MUTUO DOS SERVIDORES DA ASCAR/EMATER-RS LTDA-CRESAL;90.278.987;b3S;I;2;S5;9;PORTO ALEGRE;RS;03/2022;0;0;0;0;0;0;0;0;0;0;0;0;0;0;0;0;0;0;0;0;0;0;0;0;0;0;0;0;0;0;0;0;0;0;0;0;0;0;0;0;0;0;0;0;0;0;0;0;0;0;0;0;0;0;0;0;0;0;0;0;0;0;0;0;0;0;0;0;0;0;0;0;0;0
COOPERATIVA DE ECONOMIA E CRÉDITO MÚTUO DOS TRABALHADORES DAS INDÚSTRIAS METALÚRGICAS DE PORTO ALEGRE E GRANDE PORTO ALEGRE;90.560.434;b3S;I;2;S5;9;CACHOEIRINHA;RS;03/2022;0;0;0;0;0;0;0;0;0;0;0;0;0;0;0;0;0;0;0;0;0;0;0;0;0;0;0;0;0;0;0;0;0;0;0;0;0;0;0;0;0;0;0;0;0;0;0;0;0;0;0;0;0;0;0;0;0;0;0;0;0;0;0;0;0;0;0;0;0;0;0;0;0;0
COOPERATIVA DE ECONOMIA E CRÉDITO MÚTUO DOS FUNCIONÁRIOS DAS EMPRESAS DO GRUPO DANA - COOPDANA;91.018.408;b3S;I;2;S5;9;GRAVATAI;RS;03/2022;0;0;0;0;0;0;0;0;0;0;0;0;0;0;0;0;0;0;0;0;0;0;0;0;0;0;0;0;0;0;0;0;0;0;0;0;0;0;0;0;0;0;0;0;0;0;0;0;0;0;0;0;0;0;0;0;0;0;0;0;0;0;0;0;0;0;0;0;0;0;0;0;0;0
FINANSINOS S.A. CREDITO, FINANCIAMENTO E INVESTIMENTO;91.669.747;n1;I;2;S5;14;NOVO HAMBURGO;RS;03/2022;0;0;0;0;0;0;0;0;0;0;0;0;0;0;0;0;0;0;0;0;0;0;0;0;0;0;0;0;0;0;0;0;0;0;0;0;0;0;0;0;0;0;0;0;0;0;0;0;0;0;0;0;0;0;0;0;0;0;0;0;0;0;0;0;0;0;0;0;0;0;0;0;0;0
COOPERATIVA DE ECONOMIA E CRÉDITO MÚTUO DOS EMPREGADOS DO SISTEMA FIERGS - CRESUL;92.675.578;b3S;I;2;S5;9;PORTO ALEGRE;RS;03/2022;0;0;0;0;0;0;0;0;0;0;0;0;0;0;0;0;0;0;0;0;0;0;0;0;0;0;0;0;0;0;0;0;0;0;0;0;0;0;0;0;0;0;0;0;0;0;0;0;0;0;0;0;0;0;0;0;0;0;0;0;0;0;0;0;0;0;0;0;0;0;0;0;0;0
ADVANCED CORRETORA DE CÂMBIO LTDA;92.856.905;n2;I;2;S5;21;SAO PAULO;SP;03/2022;0;NA;NA;NA;NA;NA;NA;NA;NA;NA;NA;NA;NA;NA;NA;NA;NA;NA;NA;NA;NA;NA;NA;NA;NA;NA;NA;NA;NA;NA;NA;NA;NA;NA;NA;NA;NA;NA;NA;NA;NA;NA;NA;NA;NA;NA;NA;NA;NA;NA;NA;NA;NA;NA;NA;NA;NA;NA;NA;NA;NA;NA;NA;NA;NA;NA;NA;NA;NA;NA;NA;NA;NA;NA
CORRETORA GERAL DE VALORES E CÂMBIO LTDA;92.858.380;n2;I;2;S4;15;PORTO ALEGRE;RS;03/2022;0;NI;NI;NI;NI;NI;NI;NI;NI;NI;NI;NI;NI;NI;NI;NI;NI;NI;NI;NI;NI;NI;NI;NI;NI;NI;NI;NI;NI;NI;NI;NI;NI;NI;NI;NI;NI;NI;NI;NI;NI;NI;NI;NI;NI;NI;NI;NI;NI;NI;NI;NI;NI;NI;NI;NI;NI;NI;NI;NI;NI;NI;NI;NI;NI;NI;NI;NI;NI;NI;NI;NI;NI;NI
WARREN CORRETORA DE VALORES MOBILIÁRIOS E CÂMBIO LTDA.;92.875.780;n2;I;2;S4;15;PORTO ALEGRE;RS;03/2022;0;NI;NI;NI;NI;NI;NI;NI;NI;NI;NI;NI;NI;NI;NI;NI;NI;NI;NI;NI;NI;NI;NI;NI;NI;NI;NI;NI;NI;NI;NI;NI;NI;NI;NI;NI;NI;NI;NI;NI;NI;NI;NI;NI;NI;NI;NI;NI;NI;NI;NI;NI;NI;NI;NI;NI;NI;NI;NI;NI;NI;NI;NI;NI;NI;NI;NI;NI;NI;NI;NI;NI;NI;NI
COOPERATIVA DE ECONOMIA E CRÉDITO MÚTUO DOS EMPREGADOS DO BANRISUL;92.935.741;b3S;I;2;S5;9;PORTO ALEGRE;RS;03/2022;0;0;0;0;0;0;0;0;0;0;0;0;0;0;0;0;0;0;0;0;0;0;0;0;0;0;0;0;0;0;0;0;0;0;0;0;0;0;0;0;0;0;0;0;0;0;0;0;0;0;0;0;0;0;0;0;0;0;0;0;0;0;0;0;0;0;0;0;0;0;0;0;0;0
EFX CORRETORA DE CÂMBIO LTDA.;94.968.518;n2;I;2;S4;21;SAO PAULO;SP;03/2022;0;NA;NA;NA;NA;NA;NA;NA;NA;NA;NA;NA;NA;NA;NA;NA;NA;NA;NA;NA;NA;NA;NA;NA;NA;NA;NA;NA;NA;NA;NA;NA;NA;NA;NA;NA;NA;NA;NA;NA;NA;NA;NA;NA;NA;NA;NA;NA;NA;NA;NA;NA;NA;NA;NA;NA;NA;NA;NA;NA;NA;NA;NA;NA;NA;NA;NA;NA;NA;NA;NA;NA;NA;NA
SOLIDEZ - CORRETORA DE CÂMBIO, TÍTULOS E VALORES MOBILIÁRIOS LTDA;96.477.906;n2;I;2;S4;15;SAO PAULO;SP;03/2022;0;0;0;0;0;0;0;0;0;0;0;0;0;0;0;0;0;0;0;0;0;0;0;0;0;0;0;0;0;0;0;0;0;0;0;0;0;0;0;0;0;0;0;0;0;0;0;0;0;0;0;0;0;0;0;0;0;0;0;0;0;0;0;0;0;0;0;0;0;0;0;0;0;0
MOMENTO DISTRIBUIDORA DE TITULOS E VALORES MOBILIARIOS LTDA;97.447.304;n2;I;2;S4;16;RIO DE JANEIRO;RJ;03/2022;0;NI;NI;NI;NI;NI;NI;NI;NI;NI;NI;NI;NI;NI;NI;NI;NI;NI;NI;NI;NI;NI;NI;NI;NI;NI;NI;NI;NI;NI;NI;NI;NI;NI;NI;NI;NI;NI;NI;NI;NI;NI;NI;NI;NI;NI;NI;NI;NI;NI;NI;NI;NI;NI;NI;NI;NI;NI;NI;NI;NI;NI;NI;NI;NI;NI;NI;NI;NI;NI;NI;NI;NI;NI
TRINUS;52.223;n1;C;2;S4;197;GOIANIA;GO;03/2022;NI;NI;NI;NI;NI;NI;NI;NI;NI;NI;NI;NI;NI;NI;NI;NI;NI;NI;NI;NI;NI;NI;NI;NI;NI;NI;NI;NI;NI;NI;NI;NI;NI;NI;NI;NI;NI;NI;NI;NI;NI;NI;NI;NI;NI;NI;NI;NI;NI;NI;NI;NI;NI;NI;NI;NI;NI;NI;NI;NI;NI;NI;NI;NI;NI;NI;NI;NI;NI;NI;NI;NI;NI;NI
TERRA;52.113;n2;C;2;S4;196;SAO PAULO;SP;03/2022;NI;NI;NI;NI;NI;NI;NI;NI;NI;NI;NI;NI;NI;NI;NI;NI;NI;NI;NI;NI;NI;NI;NI;NI;NI;NI;NI;NI;NI;NI;NI;NI;NI;NI;NI;NI;NI;NI;NI;NI;NI;NI;NI;NI;NI;NI;NI;NI;NI;NI;NI;NI;NI;NI;NI;NI;NI;NI;NI;NI;NI;NI;NI;NI;NI;NI;NI;NI;NI;NI;NI;NI;NI;NI
GUIDE RBDTVM;52.065;n2;C;3;S4;196;SAO PAULO;SP;03/2022;NI;NI;NI;NI;NI;NI;NI;NI;NI;NI;NI;NI;NI;NI;NI;NI;NI;NI;NI;NI;NI;NI;NI;NI;NI;NI;NI;NI;NI;NI;NI;NI;NI;NI;NI;NI;NI;NI;NI;NI;NI;NI;NI;NI;NI;NI;NI;NI;NI;NI;NI;NI;NI;NI;NI;NI;NI;NI;NI;NI;NI;NI;NI;NI;NI;NI;NI;NI;NI;NI;NI;NI;NI;NI
INTL FCSTONE;52.041;b2;C;3;S4;198;SAO PAULO;SP;03/2022;NI;NI;NI;NI;NI;NI;NI;NI;NI;NI;NI;NI;NI;NI;NI;NI;NI;NI;NI;NI;NI;NI;NI;NI;NI;NI;NI;NI;NI;NI;NI;NI;NI;NI;NI;NI;NI;NI;NI;NI;NI;NI;NI;NI;NI;NI;NI;NI;NI;NI;NI;NI;NI;NI;NI;NI;NI;NI;NI;NI;NI;NI;NI;NI;NI;NI;NI;NI;NI;NI;NI;NI;NI;NI
UBS;51.877;b2;C;3;S4;198;SAO PAULO;SP;03/2022;NI;NI;NI;NI;NI;NI;NI;NI;NI;NI;NI;NI;NI;NI;NI;NI;NI;NI;NI;NI;NI;NI;NI;NI;NI;NI;NI;NI;NI;NI;NI;NI;NI;NI;NI;NI;NI;NI;NI;NI;NI;NI;NI;NI;NI;NI;NI;NI;NI;NI;NI;NI;NI;NI;NI;NI;NI;NI;NI;NI;NI;NI;NI;NI;NI;NI;NI;NI;NI;NI;NI;NI;NI;NI
BNY MELLON;51.808;b1;C;3;S4;199;RIO DE JANEIRO;RJ;03/2022;NI;NI;NI;NI;NI;NI;NI;NI;NI;NI;NI;NI;NI;NI;NI;NI;NI;NI;NI;NI;NI;NI;NI;NI;NI;NI;NI;NI;NI;NI;NI;NI;NI;NI;NI;NI;NI;NI;NI;NI;NI;NI;NI;NI;NI;NI;NI;NI;NI;NI;NI;NI;NI;NI;NI;NI;NI;NI;NI;NI;NI;NI;NI;NI;NI;NI;NI;NI;NI;NI;NI;NI;NI;NI
WESTERN UNION;51.767;b1;C;3;S4;199;SAO PAULO;SP;03/2022;NI;NI;NI;NI;NI;NI;NI;NI;NI;NI;NI;NI;NI;NI;NI;NI;NI;NI;NI;NI;NI;NI;NI;NI;NI;NI;NI;NI;NI;NI;NI;NI;NI;NI;NI;NI;NI;NI;NI;NI;NI;NI;NI;NI;NI;NI;NI;NI;NI;NI;NI;NI;NI;NI;NI;NI;NI;NI;NI;NI;NI;NI;NI;NI;NI;NI;NI;NI;NI;NI;NI;NI;NI;NI
BEXS;51.743;b2;C;2;S4;198;SAO PAULO;SP;03/2022;NI;NI;NI;NI;NI;NI;NI;NI;NI;NI;NI;NI;NI;NI;NI;NI;NI;NI;NI;NI;NI;NI;NI;NI;NI;NI;NI;NI;NI;NI;NI;NI;NI;NI;NI;NI;NI;NI;NI;NI;NI;NI;NI;NI;NI;NI;NI;NI;NI;NI;NI;NI;NI;NI;NI;NI;NI;NI;NI;NI;NI;NI;NI;NI;NI;NI;NI;NI;NI;NI;NI;NI;NI;NI
FINAXIS;51.688;b1;C;2;S4;199;CURITIBA;PR;03/2022;NI;NI;NI;NI;NI;NI;NI;NI;NI;NI;NI;NI;NI;NI;NI;NI;NI;NI;NI;NI;NI;NI;NI;NI;NI;NI;NI;NI;NI;NI;NI;NI;NI;NI;NI;NI;NI;NI;NI;NI;NI;NI;NI;NI;NI;NI;NI;NI;NI;NI;NI;NI;NI;NI;NI;NI;NI;NI;NI;NI;NI;NI;NI;NI;NI;NI;NI;NI;NI;NI;NI;NI;NI;NI
MORGAN STANLEY;51.413;b1;C;3;S3;199;SAO PAULO;SP;03/2022;NI;NI;NI;NI;NI;NI;NI;NI;NI;NI;NI;NI;NI;NI;NI;NI;NI;NI;NI;NI;NI;NI;NI;NI;NI;NI;NI;NI;NI;NI;NI;NI;NI;NI;NI;NI;NI;NI;NI;NI;NI;NI;NI;NI;NI;NI;NI;NI;NI;NI;NI;NI;NI;NI;NI;NI;NI;NI;NI;NI;NI;NI;NI;NI;NI;NI;NI;NI;NI;NI;NI;NI;NI;NI
PLANNER;51.341;n1;C;2;S4;197;SAO PAULO;SP;03/2022;NI;NI;NI;NI;NI;NI;NI;NI;NI;NI;NI;NI;NI;NI;NI;NI;NI;NI;NI;NI;NI;NI;NI;NI;NI;NI;NI;NI;NI;NI;NI;NI;NI;NI;NI;NI;NI;NI;NI;NI;NI;NI;NI;NI;NI;NI;NI;NI;NI;NI;NI;NI;NI;NI;NI;NI;NI;NI;NI;NI;NI;NI;NI;NI;NI;NI;NI;NI;NI;NI;NI;NI;NI;NI
CM CAPITAL MARKETS;51.248;n2;C;3;S4;196;SAO PAULO;SP;03/2022;NI;NI;NI;NI;NI;NI;NI;NI;NI;NI;NI;NI;NI;NI;NI;NI;NI;NI;NI;NI;NI;NI;NI;NI;NI;NI;NI;NI;NI;NI;NI;NI;NI;NI;NI;NI;NI;NI;NI;NI;NI;NI;NI;NI;NI;NI;NI;NI;NI;NI;NI;NI;NI;NI;NI;NI;NI;NI;NI;NI;NI;NI;NI;NI;NI;NI;NI;NI;NI;NI;NI;NI;NI;NI
