Instituição;Código;TCB;SR;TD;TC;Cidade;UF;Data;Captações;Captações - Depósitos de Poupança (a2);Captações - Depósitos Interfinanceiros (a3);Captações - Depósitos a Prazo (a4);Captações - Conta de Pagamento Pré-Paga (a5);Captações - Depósitos Outros (a6);Captações - Depósito Total (a);Captações - Obrigações por Operações Compromissadas (b);Captações - Letras de Crédito Imobiliário (c1);Captações - Letras de Crédito do Agronegócio (c2);Captações - Letras Financeiras (c3);Captações - Obrigações por Títulos e Valores Mobiliários no Exterior (c4);Captações - Outros Recursos de Aceites e Emissão de Títulos (c5);Captações - Recursos de Aceites e Emissão de Títulos (c);Captações - Obrigações por Empréstimos e Repasses (d);Captações - Captações (e) = (a) + (b) + (c) + (d);Instrumentos Derivativos (f);Outras Obrigações (g);Passivo Circulante e Exigível a Longo Prazo (h) = (e) + (f) + (g);Patrimônio Líquido (i);Passivo Total (j) = (h) + (i)
ITAU - PRUDENCIAL;1000080099;b1;S1;C;2;SAO PAULO;SP;03/2024;106.842.210;174.191.733;6.429.176;681.706.429;7.476.217;640.431;977.286.195;397.269.815;46.740.270;40.618.528;82.256.060;62.737.481;70.636.009;302.988.348;105.818.873;1.783.363.231;70.995.416;463.356.925;2.317.715.572;184.802.337;2.502.517.909
BB - PRUDENCIAL;1000080329;b1;S1;C;1;BRASILIA;DF;03/2024;102.880.544;205.678.658;22.498.008;479.375.977;207.868;11.473.362;822.114.417;686.919.763;14.295.613;185.832.663;7.923.491;28.788.146;354.606;237.194.519;63.120.232;1.809.348.931;4.255.774;299.296.153;2.112.900.858;169.200.865;2.282.101.723
CAIXA ECONÔMICA FEDERAL - PRUDENCIAL;1000080738;b1;S1;C;1;BRASILIA;DF;03/2024;46.971.739;358.684.429;1.923.684;269.451.675;0;30.501.431;707.532.958;257.698.073;158.224.527;14.794.871;6.121.048;0;0;179.140.445;449.062.385;1.593.433.861;122;188.584.925;1.782.018.908;96.020.823;1.878.039.731
BRADESCO - PRUDENCIAL;1000080075;b1;S1;C;2;OSASCO;SP;03/2024;40.916.328;127.387.209;1.998.214;439.885.227;881.505;563.107;611.631.590;320.310.245;51.825.531;45.793.293;114.437.961;7.526.563;41.472.987;261.056.335;45.848.081;1.238.846.251;24.861.345;210.355.688;1.474.063.284;161.989.261;1.636.052.544
SANTANDER - PRUDENCIAL;1000080185;b1;S1;C;3;SAO PAULO;SP;03/2024;37.185.781;57.093.130;3.882.105;374.383.810;330.958;257.031;473.132.814;139.714.095;39.109.938;40.602.641;27.713.950;13.103.402;30.542.556;151.072.487;94.322.653;858.242.049;27.137.032;220.214.766;1.105.593.847;96.681.825;1.202.275.672
BNDES - PRUDENCIAL;1000081847;b4;S2;C;1;RIO DE JANEIRO;RJ;03/2024;0;0;667.520;0;0;4.570.458;5.237.979;29.182.908;0;821.522;0;2.536.789;525.198;3.883.509;79.056.550;117.360.945;1.103.090;466.232.450;584.696.485;155.009.773;739.706.258
BTG PACTUAL - PRUDENCIAL;1000080336;b1;S1;C;2;RIO DE JANEIRO;RJ;03/2024;7.326.503;0;8.667.334;144.347.761;0;248.393;160.589.990;116.265.133;1.407.897;13.791.368;49.306.569;10.835.114;8.010.124;83.351.072;16.060.784;376.266.979;45.360.587;77.429.127;499.056.693;55.950.092;555.006.785
SAFRA - PRUDENCIAL;1000080109;b1;S2;C;2;SAO PAULO;SP;03/2024;1.688.711;2.982.886;1.197.141;74.430.815;120.619;294;80.420.467;42.296.499;342.795;21.168.025;43.290.242;0;9.235.616;74.036.678;18.848.591;215.602.235;11.141.616;32.177.077;258.920.928;27.317.536;286.238.464
XP - PRUDENCIAL;1000082475;b1;S2;C;2;RIO DE JANEIRO;RJ;03/2024;1.346.242;0;782.506;27.131.969;0;13.672.834;42.933.551;66.511.872;0;216.378;8.644.174;2.008.058;19.355.612;30.224.222;2.261.239;141.930.884;23.018.084;36.388.385;201.337.353;8.735.691;210.073.044
NU PAGAMENTOS - PRUDENCIAL;1000084693;n1;S3;C;2;SAO PAULO;SP;03/2024;0;0;0;104.083.576;7.648.605;1.207.450;112.939.630;3.153.856;0;0;2.432.926;0;0;2.432.926;1.880.910;120.407.322;47;60.630.957;181.038.326;13.005.020;194.043.347
CITIBANK - PRUDENCIAL;1000080192;b1;S2;C;3;SAO PAULO;SP;03/2024;7.623.815;0;615.636;64.601.781;0;263.853;73.105.084;6.228.292;0;0;7.020.064;0;270.582;7.290.646;35.425.674;122.049.695;11.691.691;46.451.267;180.192.653;12.811.994;193.004.647
BCO COOPERATIVO SICREDI - PRUDENCIAL;1000080745;b1;S2;C;2;PORTO ALEGRE;RS;03/2024;86.703;28.309.768;15.386.416;7.466.805;0;0;51.249.691;11.913.235;0;39.246.117;9.075.274;0;0;48.321.391;31.717.125;143.201.442;336.624;16.525.974;160.064.040;4.806.810;164.870.850
BANCOOB - PRUDENCIAL;1000080879;b1;S3;C;2;BRASILIA;DF;03/2024;174.026;12.800.414;88.414.151;3.870.066;82.685;0;105.341.342;1.883.890;0;1.018.743;0;0;0;1.018.743;7.478.437;115.722.411;710;17.892.125;133.615.246;4.348.386;137.963.631
VOTORANTIM - PRUDENCIAL;1000080484;b1;S2;C;2;SAO PAULO;SP;03/2024;734.027;0;380.738;30.109.976;240.682;0;31.465.423;17.528.911;192.753;4.469.292;32.530.724;6.029.611;0;43.222.380;4.932.156;97.148.870;2.164.460;22.508.467;121.821.797;14.038.635;135.860.432
BANRISUL - PRUDENCIAL;1000080154;b1;S2;C;1;PORTO ALEGRE;RS;03/2024;3.315.125;11.045.695;1.988.611;55.362.322;203.080;9.689;71.924.523;18.345.161;1.789.427;3.808.040;1.235.669;0;0;6.833.136;3.223.257;100.326.077;8.613;18.321.195;118.655.885;9.801.834;128.457.719
JP MORGAN CHASE - PRUDENCIAL;1000080116;b1;S3;C;3;SAO PAULO;SP;03/2024;1.178.731;0;134.963;25.240.417;0;2.164.832;28.718.942;4.213.228;0;0;0;0;132.713;132.713;25.136.661;58.201.544;30.065.264;19.889.243;108.156.050;10.305.294;118.461.344
CIELO IP - PRUDENCIAL;1000084710;n4;;C;2;BARUERI;SP;03/2024;0;0;0;0;46.971;0;46.971;0;0;0;0;0;0;0;4.085.962;4.132.933;0;78.598.101;82.731.034;20.307.732;103.038.766
BNP PARIBAS - PRUDENCIAL;1000080673;b1;S3;C;3;SAO PAULO;SP;03/2024;880.357;0;601.551;6.205.438;0;186.080;7.873.426;3.471.874;0;0;393.328;0;622.583;1.015.911;12.696.966;25.058.176;4.336.337;54.325.388;83.719.902;4.047.106;87.767.007
BANCO C6 - PRUDENCIAL;1000084844;b1;S3;C;2;SAO PAULO;SP;03/2024;2.149.338;0;333.897;39.477.984;5.137.843;450;47.099.513;3.458.839;504.101;630.657;852.819;0;0;1.987.576;0;52.545.928;60.846;20.774.749;73.381.523;3.243.282;76.624.805
BCO DAYCOVAL S.A - PRUDENCIAL;1000081744;b1;S3;C;2;SAO PAULO;SP;03/2024;1.342.252;0;1.005.547;21.157.192;0;12.553;23.517.544;7.626.179;2.025.798;2.576.129;20.384.001;2.977.727;0;27.963.655;4.575.586;63.682.964;151.479;6.076.452;69.910.894;6.423.701;76.334.595
BCO DO NORDESTE DO BRASIL S.A. - PRUDENCIAL;1000081593;b1;S2;C;1;FORTALEZA;CE;03/2024;2.801.720;1.127.544;1.509.331;6.179.203;0;3.396.447;15.014.245;3.590.307;0;0;35.570;0;0;35.570;2.724.495;21.364.618;99.518;34.051.740;55.515.875;11.335.439;66.851.314
INTER - PRUDENCIAL;1000080996;b1;S3;C;2;BELO HORIZONTE;MG;03/2024;1.707.491;1.549.652;1.681.142;29.885.549;0;0;34.823.834;1.075.015;7.937.578;140.688;143.334;0;27.939;8.249.539;102.020;44.250.407;13.893;9.981.660;54.245.960;7.352.803;61.598.763
ABC-BRASIL - PRUDENCIAL;1000080312;b1;S3;C;3;SAO PAULO;SP;03/2024;378.181;0;582.508;9.372.776;0;0;10.333.465;1.671.471;1.732.993;3.264.042;16.283.859;0;2.766;21.283.659;9.386.338;42.674.933;1.784.014;9.645.411;54.104.358;6.147.059;60.251.418
PAGSEGURO - PRUDENCIAL;1000084813;b1;S4;C;2;SAO PAULO;SP;03/2024;0;0;1.268.753;26.532.537;2.255.673;0;30.056.963;6.093;0;0;3.345.124;0;0;3.345.124;900.233;34.308.413;17.543;14.530.221;48.856.177;10.981.063;59.837.240
BCO RABOBANK INTL BRASIL S.A. - PRUDENCIAL;1000081555;b1;S3;I;3;SAO PAULO;SP;03/2024;38.626;0;114.329;809.024;0;0;961.978;2.240.377;2.029.808;3.800.579;1.755.021;0;0;7.585.407;24.530.937;35.318.700;1.020.377;15.266.157;51.605.235;5.376.561;56.981.796
BRB - PRUDENCIAL;1000080288;b1;S3;C;1;BRASILIA;DF;03/2024;1.370.156;2.601.935;503.882;27.998.638;100.388;8.152;32.583.151;1.774.494;7.100.028;25.706;0;0;0;7.125.734;410.023;41.893.402;0;5.723.265;47.616.667;2.565.921;50.182.588
BCO DA AMAZONIA S.A. - PRUDENCIAL;1000081249;b1;S3;I;1;BELEM;PA;03/2024;1.905.651;722.973;362.389;2.792.625;0;6.285.008;12.068.645;99.994;0;813.706;0;0;0;813.706;469.586;13.451.930;0;28.628.932;42.080.862;6.113.977;48.194.840
BMG - PRUDENCIAL;1000080178;b1;S3;C;2;SAO PAULO;SP;03/2024;363.805;0;85.366;29.013.556;301;0;29.463.028;3.512.056;18.551;90.032;1.410.627;0;2.319.726;3.838.936;721.149;37.535.169;105.979;3.930.584;41.571.732;3.986.038;45.557.770
VOLKSWAGEN - PRUDENCIAL;1000080202;b2;S3;C;3;SAO PAULO;SP;03/2024;0;0;7.899.748;14.200.416;0;0;22.100.164;0;0;0;11.208.506;0;0;11.208.506;1.793.789;35.102.459;133.044;4.582.294;39.817.798;4.228.745;44.046.543
BANESTES - PRUDENCIAL;1000080147;b1;S3;C;1;VITORIA;ES;03/2024;1.130.449;4.283.248;197.609;17.590.975;0;7.800;23.210.081;15.068.832;272.312;343.586;0;0;0;615.899;118.929;39.013.741;0;1.405.750;40.419.491;2.271.978;42.691.470
BCO MUFG BRASIL S.A. - PRUDENCIAL;1000081713;b1;S3;I;3;SAO PAULO;SP;03/2024;139.260;0;0;2.777.200;0;0;2.916.460;1.028.029;0;0;0;0;0;0;5.614.287;9.558.776;232.219;31.382.396;41.173.391;1.506.906;42.680.297
GOLDMAN SACHS - PRUDENCIAL;1000080714;b2;S3;C;3;SAO PAULO;SP;03/2024;0;0;123.629;5.694.368;0;0;5.817.997;245.727;0;0;0;0;268.136;268.136;8.178.334;14.510.194;13.916.785;10.464.881;38.891.860;3.233.460;42.125.319
BANCO MASTER - PRUDENCIAL;1000080367;b1;S3;C;2;RIO DE JANEIRO;RJ;03/2024;597.295;0;73.389;33.816.576;1.268;0;34.488.529;1.045.612;781.395;0;774.941;0;0;1.556.336;0;37.090.476;327.222;1.648.993;39.066.691;2.740.054;41.806.744
STONE IP - PRUDENCIAL;1000084686;n1;S4;C;3;SAO PAULO;SP;03/2024;0;0;0;0;5.490.226;0;5.490.226;0;0;0;0;0;0;0;2.659.693;8.149.918;776;21.921.437;30.072.131;11.408.145;41.480.276
ORIGINAL - PRUDENCIAL;1000080903;b1;S3;C;2;SAO PAULO;SP;03/2024;408.382;0;273.558;24.925.805;760.491;42.116;26.410.352;22.267;2.574.898;2.612.497;183.645;0;0;5.371.040;0;31.803.660;178.622;4.331.724;36.314.005;2.741.127;39.055.132
MERCADO PAGO IP - PRUDENCIAL;1000084820;n1;S4;C;3;OSASCO;SP;03/2024;0;0;201.908;4.536.776;13.574.504;0;18.313.187;0;0;0;140.635;0;0;140.635;1.345.385;19.799.208;18.821;16.020.953;35.838.982;2.918.486;38.757.468
BOFA MERRILL LYNCH - PRUDENCIAL;1000080556;b1;S3;C;3;SAO PAULO;SP;03/2024;1.362.595;0;457.153;16.078.142;0;0;17.897.890;2.788.091;0;0;0;0;0;0;0;20.685.981;6.750.354;5.620.407;33.056.743;5.476.916;38.533.658
TERRA INVESTIMENTOS DTVM - PRUDENCIAL;1000084514;n2;S4;C;2;SAO PAULO;SP;03/2024;0;0;0;0;0;49.562;49.562;1.661.793;0;0;0;0;0;0;0;1.711.355;32.212.217;35.280;33.958.852;71.614;34.030.466
CREDIT AGRICOLE - PRUDENCIAL;1000080491;b1;S3;C;3;SAO PAULO;SP;03/2024;2.495;0;297.054;803.655;0;0;1.103.204;1.079.234;0;0;53.587;0;0;53.587;8.109.144;10.345.169;346.831;16.283.604;26.975.604;2.639.104;29.614.709
MIZUHO - PRUDENCIAL;1000080697;b1;S4;I;3;SAO PAULO;SP;03/2024;41.684;0;50.628;1.170.948;0;0;1.263.260;4.865.388;0;29.886;0;0;0;29.886;6.184.109;12.342.642;104.031;14.809.320;27.255.992;1.110.173;28.366.166
BANCO CNH INDUSTRIAL CAPITAL S.A - PRUDENCIAL;1000081407;b2;S3;I;3;CURITIBA;PR;03/2024;0;0;2.363.911;2.344.656;0;0;4.708.567;0;0;5.639.674;4.323.930;0;0;9.963.604;8.057.983;22.730.155;155.889;1.892.231;24.778.274;2.429.137;27.207.411
BOCOM - PRUDENCIAL;1000084624;b1;S3;C;3;SALVADOR;BA;03/2024;397.991;0;0;2.127.030;0;0;2.525.021;2.746.934;16.072;7.382.793;1.744.135;0;0;9.143.000;6.720.869;21.135.824;2.733.984;1.555.197;25.425.004;1.286.948;26.711.952
BANCO HSBC - PRUDENCIAL;1000084741;b1;S3;I;3;SAO PAULO;SP;03/2024;374.896;0;0;3.552.836;0;0;3.927.732;1.385.969;0;0;927.012;0;0;927.012;1.079.616;7.320.328;1.275.254;15.391.352;23.986.935;1.212.449;25.199.383
SOCIETE GENERALE - PRUDENCIAL;1000080264;b1;S4;C;3;SAO PAULO;SP;03/2024;36.170;0;0;649.501;0;0;685.671;320.275;0;0;0;0;0;0;2.291.184;3.297.129;205.755;19.962.947;23.465.832;1.718.766;25.184.598
CREDIT SUISSE - PRUDENCIAL;1000080219;b1;S3;C;3;SAO PAULO;SP;03/2024;1.140;0;0;829.138;0;29.570;859.848;1.455.080;0;0;0;0;1.275.419;1.275.419;466.229;4.056.577;3.383.218;11.104.800;18.544.595;6.305.865;24.850.460
PINE - PRUDENCIAL;1000080374;b1;S3;C;2;SAO PAULO;SP;03/2024;93.337;0;1.178.094;10.116.338;0;0;11.387.769;4.961.725;1.184.004;876.812;746.741;0;0;2.807.557;66.622;19.223.674;2.179.275;1.961.651;23.364.600;1.083.474;24.448.074
BCO CLASSICO S.A. - PRUDENCIAL;1000081665;b1;S3;C;2;RIO DE JANEIRO;RJ;03/2024;133;0;0;0;0;0;133;0;0;0;0;0;0;0;0;133;0;8.205.767;8.205.900;14.995.437;23.201.337
DEUTSCHE - PRUDENCIAL;1000080532;b1;S3;I;3;SAO PAULO;SP;03/2024;625.027;0;311.151;2.476.496;0;0;3.412.675;0;0;0;0;0;0;0;5.235.707;8.648.381;4.472.350;6.829.155;19.949.887;2.699.905;22.649.792
AGIBANK - PRUDENCIAL;1000083694;b1;S3;C;2;CAMPINAS;SP;03/2024;256.465;0;342.835;14.697.493;0;0;15.296.793;242.398;0;0;996.541;0;0;996.541;0;16.535.732;725;3.647.695;20.184.152;1.699.626;21.883.778
BD REGIONAL DO EXTREMO SUL - PRUDENCIAL;1000081311;b4;S3;C;1;PORTO ALEGRE;RS;03/2024;0;0;0;80.530;0;0;80.530;0;0;0;0;0;0;0;16.067.730;16.148.260;3.728;1.250.415;17.402.403;4.167.903;21.570.306
MORGAN STANLEY - PRUDENCIAL;1000080628;b1;S3;C;3;SAO PAULO;SP;03/2024;0;0;0;1.035.737;0;0;1.035.737;260.074;0;0;254.437;0;1.878.062;2.132.499;829.155;4.257.465;3.083.576;8.074.300;15.415.341;5.491.742;20.907.083
MERCANTIL DO BRASIL - PRUDENCIAL;1000080123;b1;S3;C;2;BELO HORIZONTE;MG;03/2024;464.101;145.910;633.461;13.747.426;0;1.117;14.992.015;84.081;0;32.536;619.621;0;1.001.430;1.653.586;0;16.729.683;0;2.379.919;19.109.602;1.714.625;20.824.227
COOPERATIVA CENTRAL DE CRÉDITO DE MINAS GERAIS LTDA. - SICOOB CENTRAL CREDIMINAS;25683434;b3C;S3;I;2;BELO HORIZONTE;MG;03/2024;0;0;0;24.428;0;0;24.428;0;0;0;0;0;0;0;271.243;295.671;0;18.554.242;18.849.913;1.142.981;19.992.894
MERCEDES-BENZ - PRUDENCIAL;1000080563;b2;S3;C;3;SAO BERNARDO DO CAMPO;SP;03/2024;0;0;2.530.546;4.678.067;0;0;7.208.612;0;0;0;3.217.825;0;0;3.217.825;6.407.107;16.833.544;32.226;689.282;17.555.053;2.422.545;19.977.597
BCO CSF S.A. - PRUDENCIAL;1000081610;b2;S3;I;2;SAO PAULO;SP;03/2024;17.624;0;350.249;490.005;0;0;857.878;234.001;0;0;2.497.720;0;0;2.497.720;0;3.589.599;0;12.220.419;15.810.018;3.344.786;19.154.803
PORTO SEGURO - PRUDENCIAL;1000080642;n1;S3;C;2;SAO PAULO;SP;03/2024;0;0;0;129.170;0;778;129.947;0;0;0;2.897.240;0;0;2.897.240;0;3.027.188;37.916;13.623.719;16.688.823;1.437.434;18.126.257
JOHN DEERE - PRUDENCIAL;1000080343;b1;S3;I;3;INDAIATUBA;SP;03/2024;402.809;0;0;586.652;0;0;989.461;0;0;1.018.732;2.715.189;0;0;3.733.922;10.450.009;15.173.392;0;232.930;15.406.322;2.643.780;18.050.102
BCO DO EST. DO PA S.A. - PRUDENCIAL;1000081586;b1;S3;I;1;BELEM;PA;03/2024;1.149.620;1.748.159;466.104;10.259.019;0;0;13.622.902;713.941;11.428;0;522.703;0;0;534.131;53.327;14.924.301;0;700.770;15.625.071;1.983.700;17.608.770
COOPERATIVA CENTRAL DE CRÉDITO DE SANTA CATARINA E RIO GRANDE DO SUL - SICOOB CENTRAL SC/RS;80160260;b3C;S3;I;2;FLORIANOPOLIS;SC;03/2024;259.052;0;0;961.915;0;1.020;1.221.987;0;0;0;0;0;0;0;614;1.222.601;0;14.415.797;15.638.398;981.950;16.620.348
BCO DE LAGE LANDEN BRASIL S.A. - PRUDENCIAL;1000081421;b2;S3;I;3;PORTO ALEGRE;RS;03/2024;0;0;1.923.626;71.740;0;0;1.995.366;0;0;0;2.586.125;0;0;2.586.125;8.625.873;13.207.364;145.418;1.629.108;14.981.889;1.424.621;16.406.510
SCOTIABANK BRASIL - PRUDENCIAL;1000081452;b1;S3;C;3;SAO PAULO;SP;03/2024;83;0;149.268;2.962.887;0;0;3.112.238;924.942;0;0;0;0;0;0;7.323.908;11.361.088;326.301;1.149.608;12.836.997;3.504.519;16.341.516
BCO FIBRA S.A. - PRUDENCIAL;1000081483;b1;S3;C;2;SAO PAULO;SP;03/2024;133.787;0;5.944;9.208.889;0;0;9.348.620;3.803.153;6.615;182.085;67.853;0;0;256.553;310.019;13.718.345;113.531;1.061.537;14.893.413;1.192.800;16.086.213
CENTRAL DAS COOPERATIVAS DE ECONOMIA E CREDITO DO ESTADO DE MINAS GERAIS LTDA. - SICOOB CENTRAL CECREMGE;309024;b3C;S3;I;2;BELO HORIZONTE;MG;03/2024;0;0;0;548;0;0;548;0;0;0;0;0;0;0;0;548;0;15.265.615;15.266.163;703.826;15.969.989
SOFISA - PRUDENCIAL;1000080271;b1;S3;C;2;SAO PAULO;SP;03/2024;619.134;0;28.208;9.483.375;0;0;10.130.717;556.113;265.208;398.793;1.395.307;0;0;2.059.308;1.243.834;13.989.972;39.049;681.162;14.710.183;1.095.126;15.805.309
VOLVO - PRUDENCIAL;1000080769;b2;S3;C;3;CURITIBA;PR;03/2024;0;0;1.763.577;142.727;0;0;1.906.304;0;0;0;190.388;0;0;190.388;10.610.200;12.706.891;0;275.710;12.982.602;2.807.763;15.790.364
CCB - PRUDENCIAL;1000080295;b1;S3;C;3;SAO PAULO;SP;03/2024;47.584;2.208;0;3.994.720;0;0;4.044.512;1.988.568;140;1.030.897;52.162;0;0;1.083.200;4.222.101;11.338.380;12.387;1.967.739;13.318.507;1.609.108;14.927.615
COOPERATIVA DE CREDITO CREDICITRUS;54037916;b3S;S3;I;2;BEBEDOURO;SP;03/2024;1.613.430;0;0;4.978.678;0;1.750;6.593.859;0;453.008;3.434.709;0;0;0;3.887.717;335;10.481.911;0;1.635.776;12.117.687;2.771.720;14.889.407
SCANIA - PRUDENCIAL;1000080776;b2;S4;C;3;SAO BERNARDO DO CAMPO;SP;03/2024;0;0;28.009;9.295.261;0;0;9.323.270;0;0;0;0;0;0;0;2.672.459;11.995.729;0;321.868;12.317.597;1.452.764;13.770.362
COOPERATIVA CENTRAL DE CRÉDITO DO ESTADO DE SÃO PAULO - SICOOB SÃO PAULO;63917579;b3C;S3;I;2;RIBEIRAO PRETO;SP;03/2024;0;0;0;1.055.417;0;0;1.055.417;0;0;0;0;0;0;0;0;1.055.417;0;12.020.609;13.076.026;557.593;13.633.619
STELLANTIS - PRUDENCIAL;1000087298;b2;S4;C;3;SAO PAULO;SP;03/2024;36;0;2.317.776;3.830.721;0;0;6.148.533;0;1.376.070;0;2.010.225;0;0;3.386.295;0;9.534.827;0;368.011;9.902.839;3.170.383;13.073.222
COOPERATIVA DE CREDITO VALE DO ITAJAI - VIACREDI;82639451;b3S;S3;I;2;BLUMENAU;SC;03/2024;1.553.324;483.244;99.314;7.055.617;0;16.488;9.207.987;0;183.490;0;3.816;0;0;187.306;0;9.395.293;0;895.938;10.291.231;2.720.530;13.011.761
GM - PRUDENCIAL;1000080848;b2;S3;C;3;SAO PAULO;SP;03/2024;0;0;1.324.447;1.095.509;0;0;2.419.955;0;0;0;5.543.302;0;0;5.543.302;0;7.963.258;0;1.815.739;9.778.997;3.207.126;12.986.123
SICOOB COCRED COOPERATIVA DE CRÉDITO;71328769;b3S;S4;I;2;SERTAOZINHO;SP;03/2024;875.401;0;0;5.034.768;0;0;5.910.169;0;924.550;2.675.708;0;0;0;3.600.258;817;9.511.244;0;1.212.638;10.723.882;1.459.359;12.183.241
BCO TOYOTA DO BRASIL S.A. - PRUDENCIAL;1000081562;b2;S3;C;3;SAO PAULO;SP;03/2024;0;0;2.748.084;402.036;0;0;3.150.120;13.496;0;0;4.844.339;0;0;4.844.339;2.067.179;10.075.134;186.234;493.768;10.755.137;1.324.841;12.079.978
BS2 - PRUDENCIAL;1000080422;b1;S3;C;2;BELO HORIZONTE;MG;03/2024;700.657;0;227.410;3.272.413;9.660;0;4.210.139;175.575;361.168;35.033;21.042;0;0;417.243;12.210;4.815.167;0;5.922.559;10.737.726;916.037;11.653.764
COOPERATIVA CENTRAL DE CRÉDITO COM INTERAÇÃO SOLIDÁRIA - CENTRAL CRESOL BASER;1401771;b3C;S4;I;2;FRANCISCO BELTRAO;PR;03/2024;0;0;360.327;0;0;0;360.327;0;0;0;0;0;0;0;6.826.331;7.186.658;394;3.886.255;11.073.307;433.480;11.506.787
HONDA - PRUDENCIAL;1000080611;b2;S4;C;3;SAO PAULO;SP;03/2024;0;0;836.516;235.430;0;0;1.071.946;0;0;0;2.070.339;0;0;2.070.339;1.863.328;5.005.613;77.197;1.386.533;6.469.342;4.908.534;11.377.876
WILL IP - PRUDENCIAL;1000084600;n1;S4;C;2;SAO PAULO;SP;03/2024;0;0;93.729;5.091.809;278.327;0;5.463.866;0;0;0;0;0;466.602;466.602;0;5.930.468;0;5.265.299;11.195.767;-51.805;11.143.962
COOPERATIVA DE CRÉDITO, POUPANÇA E INVESTIMENTO DEXIS - SICREDI DEXIS;79342069;b3S;S4;I;2;MARINGA;PR;03/2024;1.126.756;0;192.675;4.220.036;0;3.009;5.542.476;0;52.688;0;0;0;0;52.688;9.381;5.604.545;0;4.297.794;9.902.340;1.140.129;11.042.469
COOPERATIVA DE CRÉDITO, POUPANÇA E INVESTIMENTO OURO VERDE DO MATO GROSSO - SICREDI OURO VERDE MT;26529420;b3S;S4;I;2;LUCAS DO RIO VERDE;MT;03/2024;1.339.360;10.072;170.490;3.604.111;0;5.128;5.129.160;0;17.691;0;0;0;0;17.691;13.286;5.160.137;89;4.484.883;9.645.109;1.385.614;11.030.722
BR PARTNERS - PRUDENCIAL;1000080934;b2;S4;C;2;SAO PAULO;SP;03/2024;0;0;410.009;1.957.894;0;0;2.367.903;6.150.207;185.595;37.861;368.797;0;0;592.253;0;9.110.363;333.523;796.635;10.240.521;727.833;10.968.354
APE POUPEX - PRUDENCIAL;1000081184;n1;S3;I;2;BRASILIA;DF;03/2024;23;0;65.996;0;0;1.790.183;1.856.202;0;947.821;0;0;0;0;947.821;0;2.804.023;0;119.376;2.923.398;7.568.843;10.492.241
BCO DO EST. DE SE S.A. - PRUDENCIAL;1000081634;b1;S4;C;1;ARACAJU;SE;03/2024;1.452.444;2.109.133;159.000;4.565.936;6.767;234;8.293.514;8.792;23.272;0;20.793;0;0;44.065;228.771;8.575.142;0;1.182.415;9.757.557;716.586;10.474.143
PARANÁ BANCO - PRUDENCIAL;1000080233;b1;S4;C;2;CURITIBA;PR;03/2024;5.775;0;106.976;3.581.212;0;0;3.693.963;376.168;0;0;4.762.030;0;0;4.762.030;0;8.832.161;0;189.165;9.021.326;1.240.628;10.261.954
CLOUDWALK IP - PRUDENCIAL;1000086581;n4;;C;3;SAO PAULO;SP;03/2024;0;0;0;0;320.939;0;320.939;0;0;0;0;0;0;0;0;320.939;0;5.746.863;6.067.802;3.850.281;9.918.084
COOPERATIVA CENTRAL DE CREDITO DO ESPIRITO SANTO - SICOOB CENTRAL ES;32428294;b3C;S4;I;2;VITORIA;ES;03/2024;0;0;0;0;0;0;0;0;0;0;0;0;0;0;262.432;262.432;0;9.029.372;9.291.804;592.354;9.884.158
COOPERATIVA CENTRAL DE CRÉDITO - AILOS;5463212;b3C;S3;I;2;BLUMENAU;SC;03/2024;0;0;0;0;0;0;0;0;0;0;0;0;0;0;1.778.995;1.778.995;0;7.067.527;8.846.522;713.135;9.559.657
BCO SUMITOMO MITSUI BRASIL S.A. - PRUDENCIAL;1000081720;b1;S3;C;3;SAO PAULO;SP;03/2024;57.250;0;85.024;1.827.994;0;0;1.970.268;0;0;0;117.844;0;0;117.844;3.990.544;6.078.656;173.786;850.440;7.102.882;2.374.769;9.477.652
COOPERATIVA CENTRAL DE CRÉDITO, POUPANÇA E INVESTIMENTO DO SUL E SUDESTE - CENTRAL SICREDI SUL/SUDESTE;87437687;b3C;S3;I;2;PORTO ALEGRE;RS;03/2024;0;0;0;0;0;0;0;0;0;0;0;0;0;0;0;0;0;7.658.279;7.658.279;1.696.429;9.354.709
COOPERATIVA DE CRÉDITO, POUPANÇA E INVESTIMENTO VALE DO PIQUIRI ABCD - SICREDI VALE DO PIQUIRI ABCD PR/SP;81099491;b3S;S4;I;2;PALOTINA;PR;03/2024;686.837;0;712.417;3.648.872;0;897;5.049.023;0;3.800;0;0;0;0;3.800;13.082;5.065.905;0;3.276.521;8.342.426;915.009;9.257.435
COOPERATIVA DE CRÉDITO, POUPANÇA E INVESTIMENTO VANGUARDA - SICREDI VANGUARDA PR/SP/RJ;78414067;b3S;S4;I;2;MEDIANEIRA;PR;03/2024;1.021.809;0;31.684;3.214.710;0;2.252;4.270.455;0;289.207;0;0;0;0;289.207;12;4.559.674;0;3.351.691;7.911.365;1.026.896;8.938.262
BCO DES. DE MG S.A. - PRUDENCIAL;1000081328;b4;S3;I;1;BELO HORIZONTE;MG;03/2024;0;0;62.849;551.493;0;0;614.342;0;0;913.112;360.454;0;0;1.273.566;3.410.467;5.298.376;160.755;1.257.588;6.716.719;2.168.499;8.885.218
NEON PAGAMENTOS IP - PRUDENCIAL;1000085702;n1;S4;C;2;SAO PAULO;SP;03/2024;0;0;0;3.141.190;726.168;30;3.867.388;0;0;0;0;0;19.114;19.114;0;3.886.501;0;3.213.235;7.099.736;1.625.192;8.724.928
COOPERATIVA DE CRÉDITO MAXI ALFA DE LIVRE ADMISSÃO DE ASSOCIADOS - SICOOB MAXICRÉDITO;78825270;b3S;S4;I;2;CHAPECO;SC;03/2024;995.426;0;0;4.897.871;0;779;5.894.075;0;421.040;284.870;0;0;0;705.910;806;6.600.791;0;1.001.290;7.602.081;1.007.543;8.609.624
COOPERATIVA DE CRÉDITO, POUPANÇA E INVESTIMENTO CAMPOS GERAIS E GRANDE CURITIBA - SICREDI CAMPOS GERAIS E GRANDE CURITIBA PR/SP;81466286;b3S;S4;I;2;PONTA GROSSA;PR;03/2024;938.076;0;27.417;4.427.111;0;582;5.393.186;0;29.487;0;0;0;0;29.487;3.076;5.425.749;0;2.308.799;7.734.548;855.217;8.589.765
COOPERATIVA DE CRÉDITO CONEXÃO - SICOOB CONEXÃO;32430233;b3S;S5;I;2;LINHARES;ES;03/2024;1.409.418;0;0;3.335.854;0;3.213;4.748.485;0;272.442;585.192;50;0;0;857.684;22.000;5.628.170;0;1.156.210;6.784.380;1.651.672;8.436.053
BANCO DIGIMAIS - PRUDENCIAL;1000081799;b1;S4;C;3;SAO PAULO;SP;03/2024;25.583;0;0;6.399.781;0;0;6.425.365;0;0;0;0;0;0;0;0;6.425.365;0;1.193.482;7.618.846;635.594;8.254.440
COOPERATIVA DE CRÉDITO, POUPANÇA E INVESTIMENTO SICREDI PIONEIRA RS - SICREDI PIONEIRA RS;91586982;b3S;S4;I;2;NOVA PETROPOLIS;RS;03/2024;811.943;2.507;75.326;4.713.629;0;9.422;5.612.826;0;73.112;0;0;0;0;73.112;2;5.685.940;0;1.464.400;7.150.339;867.355;8.017.694
COOPERATIVA DE CRÉDITO, POUPANÇA E INVESTIMENTO DO SUDOESTE MT/PA - SICREDI SUDOESTE MT/PA;32995755;b3S;S4;I;2;TANGARA DA SERRA;MT;03/2024;1.160.444;0;336.947;2.740.185;0;224;4.237.800;0;99.745;0;0;0;0;99.745;6.546;4.344.092;0;2.436.291;6.780.383;1.008.174;7.788.557
CREFISA S.A. CFI - PRUDENCIAL;1000083632;b1;S4;C;2;SAO PAULO;SP;03/2024;316.363;0;0;258.347;8.428;0;583.138;0;0;0;0;0;0;0;0;583.138;0;816.885;1.400.024;6.335.870;7.735.894
WARREN CCVM LTDA - PRUDENCIAL;1000082664;n2;S4;C;2;PORTO ALEGRE;RS;03/2024;0;0;0;0;0;101.886;101.886;7.513.005;0;0;0;0;0;0;10.130;7.625.020;0;41.236;7.666.256;69.353;7.735.609
COOPERATIVA DE CRÉDITO SICREDI SERRANA RS/ES;90608712;b3S;S4;I;2;CARLOS BARBOSA;RS;03/2024;752.760;30.908;44.572;4.105.401;0;10.502;4.944.142;0;95.090;0;0;0;0;95.090;1;5.039.233;0;1.803.937;6.843.170;855.699;7.698.870
SISPRIME DO BRASIL - COOPERATIVA DE CRÉDITO;2398976;b3S;S4;I;2;LONDRINA;PR;03/2024;706.530;26.383;0;4.307.509;0;4.370;5.044.792;0;598.408;276.661;2.003;0;0;877.071;0;5.921.863;0;418.583;6.340.446;1.150.916;7.491.362
HAITONG - PRUDENCIAL;1000080666;b2;S4;C;3;SAO PAULO;SP;03/2024;0;0;0;1.193.334;0;0;1.193.334;3.757.917;0;164.825;1.175.197;0;0;1.340.022;133.525;6.424.797;3.214;401.505;6.829.517;515.852;7.345.368
COOPERATIVA DE CRÉDITO DE LIVRE ADMISSÃO CENTRO BRASILEIRA LTDA.;37395399;b3S;S5;I;2;GOIANIA;GO;03/2024;1.183.964;0;0;3.234.766;0;1.309;4.420.039;0;741.909;572.886;0;0;0;1.314.795;5.629;5.740.463;0;459.433;6.199.896;971.698;7.171.594
OMNI - PRUDENCIAL;1000080460;b1;S4;C;2;SAO PAULO;SP;03/2024;104.006;0;4.051;5.484.941;602;0;5.593.601;0;0;0;328.849;0;16.099;344.948;116.622;6.055.171;7.843;402.018;6.465.032;705.335;7.170.367
COOPERATIVA CENTRAL DE CRÉDITO, POUPANÇA E INVESTIMENTO DOS ESTADOS DO PARANÁ, SÃO PAULO E RIO DE JANEIRO - CENTRAL SICREDI PR/SP/RJ;80230774;b3C;S4;I;2;CURITIBA;PR;03/2024;0;0;0;0;0;0;0;0;0;0;0;0;0;0;11.507;11.507;0;5.701.942;5.713.450;1.375.980;7.089.430
FACTA S.A. CFI - PRUDENCIAL;1000083704;n1;S4;C;2;PORTO ALEGRE;RS;03/2024;0;0;633.474;4.731.861;0;0;5.365.334;0;0;0;0;0;122.004;122.004;0;5.487.339;0;1.025.330;6.512.669;487.244;6.999.912
COOPERATIVA DE CRÉDITO, POUPANÇA E INVESTIMENTO UNIÃO - SICREDI UNIAO RS/ES;88894548;b3S;S4;I;2;CERRO LARGO;RS;03/2024;639.768;0;339.653;2.500.939;0;8.293;3.488.654;0;90.462;0;0;0;0;90.462;0;3.579.116;0;2.511.400;6.090.517;869.262;6.959.779
SICOOB CREDICOM - COOPERATIVA DE ECONOMIA E CREDITO MUTUO DOS MEDICOS E PROFISSIONAIS DA AREA DE SAUDE DO BRASIL LTDA.;42898825;b3S;S5;I;2;BELO HORIZONTE;MG;03/2024;625.580;0;0;3.514.219;0;30.658;4.170.457;0;543.895;641.430;152;0;0;1.185.477;0;5.355.934;0;479.872;5.835.806;1.014.981;6.850.787
COOPERATIVA DE CRÉDITO, POUPANÇA E INVESTIMENTO UNIÃO DE ESTADOS RIO GRANDE DO SUL, SANTA CATARINA E MINAS GERAIS - SICREDI UNIESTADOS;87780268;b3S;S4;I;2;ERECHIM;RS;03/2024;567.109;28.777;407.108;2.740.175;0;12.269;3.755.439;0;79.459;0;0;0;0;79.459;22.928;3.857.826;0;2.188.999;6.046.825;769.530;6.816.355
BANCO PACCAR - PRUDENCIAL;1000084899;b2;S4;I;3;PONTA GROSSA;PR;03/2024;0;0;222.054;773.050;0;0;995.104;0;0;0;0;0;0;0;3.729.158;4.724.262;0;201.837;4.926.099;1.803.379;6.729.478
CENTRAL SICOOB UNI DE COOPERATIVAS DE CRÉDITO;4243780;b3C;S4;I;2;GOIANIA;GO;03/2024;0;0;0;0;0;0;0;0;0;0;0;0;0;0;0;0;0;6.298.938;6.298.938;267.472;6.566.410
COOPERATIVA DE CRÉDITO, POUPANÇA E INVESTIMENTO DO CENTRO SUL DO MATO GROSSO DO SUL E BAHIA - SICREDI CENTRO-SUL MS/BA;26408161;b3S;S4;I;2;DOURADOS;MS;03/2024;683.081;54;332.142;2.363.584;0;687;3.379.548;0;32.346;0;0;0;0;32.346;2;3.411.896;0;1.912.809;5.324.705;1.099.393;6.424.098
COOPERATIVA DE CRÉDITO, POUPANÇA E INVESTIMENTO UNIÃO DOS ESTADOS DE MATO GROSSO DO SUL, TOCANTINS E OESTE DA BAHIA - SICREDI UNIÃO MS/TO;24654881;b3S;S4;I;2;CAMPO GRANDE;MS;03/2024;919.895;0;17.308;2.277.052;0;352;3.214.607;0;53.500;0;0;0;0;53.500;9.383;3.277.490;0;2.406.158;5.683.648;730.578;6.414.225
COOPERATIVA DE CRÉDITO E INVESTIMENTO DO SUDOESTE  DA AMAZÔNIA LTDA - SICOOB CREDISUL;3632872;b3S;S5;I;2;VILHENA;RO;03/2024;1.204.489;0;0;1.638.618;0;97;2.843.203;0;178.775;768.538;0;0;0;947.314;90.544;3.881.060;0;1.351.152;5.232.212;1.123.504;6.355.716
INTESA SANPAOLO BRASIL S.A. - PRUDENCIAL;1000084057;b1;S4;I;3;SAO PAULO;SP;03/2024;2.830;0;0;130.027;0;0;132.857;0;0;0;0;0;0;0;4.586.699;4.719.556;45.039;486.946;5.251.541;1.087.680;6.339.221
INDUSTRIAL DO BRASIL - PRUDENCIAL;1000080477;b1;S4;C;2;SAO PAULO;SP;03/2024;158.324;0;903.083;1.673.480;0;0;2.734.886;127.865;17.142;291.829;1.129.910;0;0;1.438.881;892.740;5.194.373;12.166;361.252;5.567.791;754.274;6.322.065
PAYPAL DO BRASIL IP - PRUDENCIAL;1000085018;n4;;I;3;SAO PAULO;SP;03/2024;0;0;0;0;278.566;0;278.566;0;0;0;0;0;0;0;0;278.566;0;5.480.794;5.759.360;520.810;6.280.170
MIDWAY S.A. - SCFI - PRUDENCIAL;1000083553;n1;S4;I;2;SAO PAULO;SP;03/2024;20.457;0;252.748;1.025.438;432;0;1.299.075;0;0;0;0;0;378.267;378.267;0;1.677.341;0;3.166.602;4.843.943;1.223.653;6.067.596
COOPERATIVA CENTRAL DE CRÉDITO UNICRED CONEXÃO LTDA - UNICRED CENTRAL CONEXÃO;543968;b3C;S4;I;2;FLORIANOPOLIS;SC;03/2024;0;0;0;0;0;0;0;0;0;0;0;0;0;0;0;0;0;5.773.502;5.773.502;275.709;6.049.211
COOPERATIVA DE CRÉDITO, POUPANÇA E INVESTIMENTO SORRISO - SICREDI CELEIRO MT/RR;26555235;b3S;S4;I;2;SORRISO;MT;03/2024;1.113.606;0;41.069;2.164.230;0;326;3.319.230;0;6.850;0;0;0;0;6.850;0;3.326.080;0;1.768.696;5.094.776;889.432;5.984.208
PEFISA S.A. - PRUDENCIAL;1000080305;n1;S4;I;2;SAO PAULO;SP;03/2024;4;0;0;2.340.182;49.726;0;2.389.912;0;0;0;0;0;14.896;14.896;0;2.404.808;0;2.660.174;5.064.982;752.831;5.817.814
RODOBENS - PRUDENCIAL;1000080855;b1;S4;C;2;SAO PAULO;SP;03/2024;2.292;0;0;2.027.337;1.170;0;2.030.799;0;104.999;112.112;461.606;0;0;678.718;323.881;3.033.397;25.774;554.126;3.613.298;2.157.610;5.770.908
COOPERATIVA DE CRÉDITO, POUPANÇA E INVESTIMENTO DO ARAGUAIA E XINGU - SICREDI ARAXINGU;33021064;b3S;S4;I;2;CANARANA;MT;03/2024;652.322;0;9.842;1.238.453;0;581;1.901.198;0;1.112;0;0;0;0;1.112;5.027;1.907.338;0;2.925.520;4.832.858;835.260;5.668.118
CENTRAL DAS COOPERATIVAS DE CREDITO UNICOOB - SICOOB CENTRAL UNICOOB;5036532;b3C;S4;I;2;MARINGA;PR;03/2024;0;0;0;0;0;0;0;0;0;0;0;0;0;0;0;0;0;5.309.589;5.309.589;266.422;5.576.012
REALIZE CFI - PRUDENCIAL;1000084703;n1;S4;I;3;PORTO ALEGRE;RS;03/2024;0;0;591.633;264.889;6.603;0;863.125;0;0;0;0;0;0;0;0;863.125;0;3.653.401;4.516.526;1.038.834;5.555.360
COOPERATIVA DE CRÉDITO, POUPANÇA E INVESTIMENTO PLANALTO - SICREDI PLANALTO RS/MG;88038260;b3S;S4;I;2;CRUZ ALTA;RS;03/2024;395.517;0;22.541;1.155.226;0;1.910;1.575.194;0;0;0;0;0;0;0;19.514;1.594.708;0;2.701.740;4.296.448;1.106.644;5.403.092
BCO CATERPILLAR S.A. - PRUDENCIAL;1000081397;b2;S4;I;3;SAO PAULO;SP;03/2024;0;0;758.747;0;0;0;758.747;0;0;0;0;0;0;0;3.202.070;3.960.817;38.717;178.430;4.177.965;1.167.223;5.345.188
FISERV DO BRASIL IP - PRUDENCIAL;1000086457;n1;S4;C;3;SAO PAULO;SP;03/2024;0;0;0;0;0;0;0;0;0;0;0;0;0;0;970.499;970.499;0;3.072.177;4.042.676;1.179.963;5.222.639
COOPERATIVA DE CRÉDITO, POUPANÇA E INVESTIMENTO NORTE MATO-GROSSENSE E OESTE PARAENSE - SICREDI GRANDES RIOS MT/PA/AM;37442605;b3S;S4;I;2;COLIDER;MT;03/2024;893.522;0;281.863;1.150.409;0;82;2.325.877;0;11.675;0;0;0;0;11.675;5.808;2.343.360;0;2.092.643;4.436.003;674.650;5.110.653
COOPERATIVA DE CRÉDITO DE LIVRE ADMISSÃO DO SUDOESTE GOIANO;24795049;b3S;S5;I;2;RIO VERDE;GO;03/2024;737.493;0;0;1.352.297;0;0;2.089.790;0;123.727;750.274;0;0;0;874.001;0;2.963.791;0;738.681;3.702.472;1.321.190;5.023.662
COOPERATIVA DE CRÉDITO, POUPANÇA E INVESTIMENTO CELEIRO CENTRO OESTE - SICREDI CELEIRO CENTRO OESTE;3566655;b3S;S4;I;2;SAO GABRIEL DO OESTE;MS;03/2024;508.113;0;148.962;1.475.157;0;52;2.132.285;0;67.317;0;0;0;0;67.317;3.127;2.202.729;0;1.973.703;4.176.432;652.944;4.829.376
COOPERATIVA DE CRÉDITO, POUPANÇA E INVESTIMENTO DA REGIÃO DOS VALES - SICREDI REGIÃO DOS VALES RS;89126130;b3S;S4;I;2;ENCANTADO;RS;03/2024;344.017;5.304;17.776;2.846.800;0;13.170;3.227.067;0;63.738;0;0;0;0;63.738;0;3.290.805;0;575.268;3.866.072;959.342;4.825.414
CREDICOAMO CREDITO RURAL COOPERATIVA;81723108;b3S;S4;I;2;CAMPO MOURAO;PR;03/2024;234.383;130.598;827.608;1.713.437;0;0;2.906.026;0;0;0;0;0;0;0;335.706;3.241.732;963;161.207;3.403.902;1.366.790;4.770.691
BANCO VOITER - PRUDENCIAL;1000080415;b1;S4;C;2;SAO PAULO;SP;03/2024;39.435;0;0;3.674.243;0;0;3.713.677;117.312;59.435;80.251;0;0;0;139.686;4.986;3.975.661;109.392;162.278;4.247.331;418.301;4.665.633
COOPERATIVA CENTRAL DE CRÉDITO, POUPANÇA E INVESTIMENTO DO CENTRO NORTE DO BRASIL - CENTRAL SICREDI CENTRO NORTE;33667205;b3C;S4;I;2;CUIABA;MT;03/2024;0;0;0;0;0;0;0;0;0;0;0;0;0;0;0;0;0;3.673.494;3.673.494;988.638;4.662.132
COOPERATIVA DE CRÉDITO SUL-SERRANA DO ESPÍRITO SANTO;815319;b3S;S5;I;2;VENDA NOVA DO IMIGRANTE;ES;03/2024;799.479;0;0;2.061.240;0;6.675;2.867.395;0;376.561;131.810;0;0;0;508.371;28.000;3.403.765;0;394.823;3.798.588;860.030;4.658.618
AF DESENVOLVE SP S.A. - PRUDENCIAL;1000081153;n1;S4;I;1;SAO PAULO;SP;03/2024;68;0;0;0;0;0;68;0;0;0;0;0;0;0;982.124;982.192;3.428;120.177;1.105.796;3.445.340;4.551.136
COOPERATIVA DE CRÉDITO DE LIVRE ADMISSÃO DE ASSOCIADOS SÃO MIGUEL DO OESTE - SICOOB SÃO MIGUEL SC/PR/RS;81607046;b3S;S5;I;2;SAO MIGUEL D'OESTE;SC;03/2024;465.409;0;0;1.874.441;0;2.635;2.342.486;0;179.612;751.775;0;0;0;931.386;17.379;3.291.251;0;737.343;4.028.594;515.853;4.544.447
STATE STREET BRASIL - PRUDENCIAL;1000081627;b1;S4;I;3;SAO PAULO;SP;03/2024;0;0;0;603.872;0;0;603.872;0;0;0;0;0;0;0;544.809;1.148.680;0;2.692.268;3.840.948;700.744;4.541.693
COOPERATIVA DE CRÉDITO SICOOB METROPOLITANO;3459850;b3S;S5;I;2;MARINGA;PR;03/2024;797.495;0;0;2.169.626;0;2.882;2.970.002;0;152.530;390.857;0;0;0;543.386;0;3.513.389;0;464.127;3.977.516;515.892;4.493.408
COOPERATIVA CENTRAL DE CRÉDITO DE GOIÁS, DISTRITO FEDERAL E TOCANTINS LTDA. - SICOOB NOVA CENTRAL;33416108;b3C;S4;I;2;GOIANIA;GO;03/2024;0;0;0;0;0;0;0;0;0;0;0;0;0;0;0;0;0;3.818.784;3.818.784;643.031;4.461.815
COOPERATIVA CENTRAL DE CRÉDITO, POUPANÇA E INVESTIMENTO DO NORDESTE - CENTRAL SICREDI NORDESTE;70119680;b3C;S4;I;2;JOAO PESSOA;PB;03/2024;0;0;0;0;0;0;0;0;0;0;0;0;0;0;0;0;0;4.327.818;4.327.818;114.166;4.441.983
COOPERATIVA CENTRAL DE CRÉDITO E ECONOMIA COM INTERAÇÃO SOLIDÁRIA - CRESOL CENTRAL BRASIL;7202627;b3C;S4;I;2;CHAPECO;SC;03/2024;0;0;491.791;0;0;0;491.791;0;0;0;0;0;0;0;1.971.873;2.463.664;0;1.702.355;4.166.018;202.182;4.368.201
COOPERATIVA CENTRAL DE CRÉDITO E INVESTIMENTO COM INTERAÇÃO SOLIDÁRIA - CENTRAL CRESOL SICOPER;21198087;b3C;S4;I;2;PASSO FUNDO;RS;03/2024;0;0;261.739;0;0;0;261.739;0;0;6.248;0;0;0;6.248;2.248.291;2.516.278;755;1.621.420;4.138.453;186.689;4.325.142
COOPERATIVA DE CRÉDITO, POUPANÇA E INVESTIMENTO DA REGIÃO DA PRODUÇÃO - SICREDI REGIÃO DA PRODUÇÃO RS/SC/MG;89468565;b3S;S4;I;2;SARANDI;RS;03/2024;323.119;0;173.794;2.299.304;0;2.699;2.798.916;0;71.294;0;0;0;0;71.294;0;2.870.210;0;1.056.670;3.926.880;376.846;4.303.726
COOPERATIVA DE CRÉDITO, POUPANÇA E INVESTIMENTO VALE DO CERRADO - SICREDI VALE DO CERRADO;32983165;b3S;S4;I;2;CAMPO VERDE;MT;03/2024;445.734;0;287.426;838.651;0;304;1.572.114;0;13.679;0;0;0;0;13.679;3.128;1.588.922;0;2.162.487;3.751.409;521.731;4.273.140
COOPERATIVA DE CRÉDITO ALIANÇA RS/SC/ES - SICREDI ALIANÇA RS/SC/ES;87795639;b3S;S4;I;2;MARAU;RS;03/2024;519.157;12.724;388.753;1.912.828;0;4.477;2.837.938;0;39.561;0;0;0;0;39.561;0;2.877.499;0;960.983;3.838.482;411.752;4.250.233
BCO INBURSA S.A. - PRUDENCIAL;1000081335;b1;S4;I;3;SAO PAULO;SP;03/2024;16.860;0;0;3.727.317;0;0;3.744.177;6.875;0;0;0;0;0;0;0;3.751.052;0;57.627;3.808.679;380.413;4.189.092
RENDIMENTO - PRUDENCIAL;1000080659;b1;S4;C;2;SAO PAULO;SP;03/2024;326.675;0;6.077;1.290.963;64.626;262.910;1.951.252;0;106.584;4.667;0;0;0;111.251;158.610;2.221.113;3.983;1.409.809;3.634.904;497.754;4.132.658
BCO ABN AMRO S.A. - PRUDENCIAL;1000081579;b1;S4;C;3;SAO PAULO;SP;03/2024;0;0;0;0;0;0;0;1.599;0;0;0;0;0;0;782.014;783.613;0;2.717.455;3.501.067;613.772;4.114.839
COOPERATIVA DE CRÉDITO, POUPANÇA E INVESTIMENTO CONEXÃO - SICREDI CONEXÃO;87733770;b3S;S4;I;2;RODEIO BONITO;RS;03/2024;297.386;0;114.067;2.145.555;0;8.014;2.565.022;0;56.480;0;0;0;0;56.480;0;2.621.502;0;888.788;3.510.290;574.539;4.084.829
BCO TRIANGULO S.A. - PRUDENCIAL;1000081438;b1;S4;C;2;UBERLANDIA;MG;03/2024;382.883;0;342.835;791.501;14.855;0;1.532.075;0;41.936;0;486.839;0;0;528.775;26.404;2.087.253;0;1.418.423;3.505.677;523.247;4.028.924
AF PARANÁ - PRUDENCIAL;1000081115;n1;S4;C;1;CURITIBA;PR;03/2024;0;0;0;0;0;0;0;0;0;0;0;0;0;0;472.496;472.496;0;165.326;637.822;3.293.315;3.931.137
COOPERATIVA DE CRÉDITO ARACOOP LTDA. - SICOOB ARACOOP;3320525;b3S;S5;I;2;ARAGUARI;MG;03/2024;470.303;0;0;891.645;0;59;1.362.007;0;382.390;305.527;0;0;0;687.918;295.429;2.345.354;0;1.022.928;3.368.282;526.071;3.894.353
CONFEDERAÇÃO NACIONAL DAS COOPERATIVAS CENTRAIS DE CRÉDITO E ECONOMIA FAMILIAR E SOLIDÁRIA - CRESOL CONFEDERAÇÃO;10398952;b3C;S4;I;2;FLORIANOPOLIS;SC;03/2024;0;0;0;0;0;0;0;0;0;391.172;0;0;0;391.172;231;391.403;0;3.294.227;3.685.630;109.465;3.795.096
YAMAHA MOTOR - PRUDENCIAL;1000080721;b1;S4;C;3;SAO PAULO;SP;03/2024;0;0;664.924;194.597;0;0;859.521;0;0;0;1.845.402;0;0;1.845.402;275.404;2.980.327;66.760;175.160;3.222.248;493.765;3.716.013
COOPERATIVA DE CRÉDITO DE LIVRE ADMISSÃO DO CENTRO SUL RONDONIENSE - SICOOB CREDIP.;2015588;b3S;S5;I;2;PIMENTA BUENO;RO;03/2024;683.685;0;0;915.894;0;0;1.599.579;0;209.557;423.595;0;0;0;633.152;125.798;2.358.529;0;696.268;3.054.797;594.888;3.649.686
COOPERATIVA DE CRÉDITO SUL DO ESPÍRITO SANTO - SICOOB SUL;32467086;b3S;S5;I;2;CACHOEIRO DE ITAPEMIRIM;ES;03/2024;646.300;0;0;1.505.607;0;28.233;2.180.139;0;243.507;200.420;0;0;0;443.927;28.000;2.652.067;0;282.423;2.934.490;713.262;3.647.752
COOPERATIVA DE CRÉDITO, POUPANÇA E INVESTIMENTO DA REGIÃO ALTOS DA SERRA - SICREDI ALTOS DA SERRA RS/SC;92555150;b3S;S4;I;2;TAPEJARA;RS;03/2024;405.228;0;176.876;1.308.387;0;4.242;1.894.733;0;11.195;0;0;0;0;11.195;1;1.905.929;0;1.317.785;3.223.714;412.518;3.636.232
COOPERATIVA DE CRÉDITO E INVESTIMENTO DE LIVRE ADMISSÃO AGROEMPRESARIAL - SICREDI AGROEMPRESARIAL PR/SP;79457883;b3S;S4;I;2;MANDAGUARI;PR;03/2024;412.929;0;257.259;1.832.305;0;2.022;2.504.515;0;0;0;0;0;0;0;1;2.504.516;0;764.830;3.269.346;363.697;3.633.043
OURIBANK - PRUDENCIAL;1000081012;b1;S4;I;2;SAO PAULO;SP;03/2024;24.770;0;0;481.957;0;29.359;536.086;2.514;0;0;0;0;0;0;43.422;582.022;710;2.865.915;3.448.647;167.970;3.616.617
COOPERATIVA DE CRÉDITO, POUPANÇA E INVESTIMENTO SUL RIOGRANDENSE - SICREDI ORIGENS RS;92796564;b3S;S4;I;2;PORTO ALEGRE;RS;03/2024;418.778;0;186.190;2.195.965;0;10.576;2.811.509;0;114.298;0;0;0;0;114.298;1;2.925.809;0;378.139;3.303.948;267.902;3.571.850
COOPERATIVA DE CRÉDITO DO VALE DO ITAJAÍ E LITORAL CATARINENSE - SICREDI VALE LITORAL SC;10348181;b3S;S4;I;2;ITAPEMA;SC;03/2024;568.657;4.445;150.679;2.010.632;0;0;2.734.414;0;32.261;0;0;0;0;32.261;3.105;2.769.780;0;364.585;3.134.365;414.053;3.548.419
COOPERATIVA DE CRÉDITO, POUPANÇA E INVESTIMENTO DAS REGIÕES CENTRO DO RS E MG - SICREDI REGIÃO CENTRO RS/MG;95594941;b3S;S4;I;2;SANTA MARIA;RS;03/2024;348.108;0;211.765;1.393.709;0;7.922;1.961.504;0;69.658;0;0;0;0;69.658;18.754;2.049.917;0;902.987;2.952.904;539.670;3.492.574
COOPERATIVA DE CRÉDITO UNICRED VALOR CAPITAL LTDA - UNICRED VALOR CAPITAL;74064502;b3S;S5;I;2;FLORIANOPOLIS;SC;03/2024;390.423;0;0;2.133.926;0;127;2.524.477;0;305.667;0;66.266;0;0;371.934;0;2.896.411;0;157.937;3.054.348;421.379;3.475.727
COOPERATIVA DE CRÉDITO, POUPANÇA E INVESTIMENTO FRONTEIRAS DO PARANÁ, SANTA CATARINA E SÃO PAULO - SICREDI FRONTEIRAS PR/SC/SP;82527557;b3S;S4;I;2;CAPANEMA;PR;03/2024;485.533;0;137.901;1.168.799;0;1.487;1.793.721;0;6.377;0;0;0;0;6.377;7.567;1.807.665;0;1.232.292;3.039.957;432.734;3.472.691
COOPERATIVA DE CRÉDITO DE LIVRE ADMISSÃO DE ASSOCIADOS DO VALE DO CANOINHAS - SICOOB CREDICANOINHAS/SC;78834975;b3S;S5;I;2;CANOINHAS;SC;03/2024;470.686;0;0;1.430.119;0;0;1.900.805;0;69.252;515.793;0;0;0;585.045;3.419;2.489.269;0;573.531;3.062.800;359.056;3.421.856
BCO DA CHINA BRASIL S.A. - PRUDENCIAL;1000081816;b1;S4;I;3;SAO PAULO;SP;03/2024;204.939;0;3.636;812.543;0;1.970;1.023.087;17.505;0;160.324;0;0;0;160.324;1.548.297;2.749.213;0;155.605;2.904.818;512.947;3.417.765
COOPERATIVA DE CREDITO, POUPANÇA E INVESTIMENTO ALIANÇA - SICREDI ALIANÇA PR/SP;79052122;b3S;S4;I;2;MARECHAL CANDIDO RONDON;PR;03/2024;322.786;524;190.586;1.292.833;0;344;1.807.073;0;5.147;0;0;0;0;5.147;5.424;1.817.645;0;1.169.540;2.987.185;403.810;3.390.995
COOPERATIVA DE CRÉDITO, POUPANÇA E INVESTIMENTO UNIVALES - SICREDI UNIVALES MT/RO;70431630;b3S;S4;I;2;JUINA;MT;03/2024;474.160;0;106.181;1.057.044;0;341;1.637.726;0;3.349;0;0;0;0;3.349;5.487;1.646.562;0;1.247.391;2.893.954;484.966;3.378.920
COOPERATIVA CENTRAL DE CRÉDITO UNICRED GERAÇÃO LTDA. - UNICRED CENTRAL GERAÇÃO;1634601;b3C;S4;I;2;PORTO ALEGRE;RS;03/2024;0;0;0;0;0;0;0;0;0;0;0;0;0;0;0;0;0;3.198.349;3.198.349;170.540;3.368.889
BMW - PRUDENCIAL;1000080635;n1;S4;C;3;SAO PAULO;SP;03/2024;0;0;0;2.265.139;0;0;2.265.139;0;0;0;0;0;0;0;370.278;2.635.417;21.758;141.383;2.798.558;568.509;3.367.067
COOPERATIVA DE CRÉDITO, POUPANÇA E INVESTIMENTO DE LAJEADO - SICREDI INTEGRAÇÃO RS/MG;91159764;b3S;S4;I;2;LAJEADO;RS;03/2024;365.308;6.607;153.903;2.008.334;0;12.439;2.546.591;0;6.268;0;0;0;0;6.268;0;2.552.859;0;304.948;2.857.807;451.668;3.309.475
COOPERATIVA DE CRÉDITO, POUPANÇA E INVESTIMENTO REGIÕES DAS CULTURAS - SICREDI DAS CULTURAS RS/MG;90729369;b3S;S4;I;2;IJUI;RS;03/2024;252.771;9.557;109.978;1.388.411;0;2.527;1.763.245;0;11.629;0;0;0;0;11.629;0;1.774.874;0;980.655;2.755.528;529.817;3.285.345
COOPERFORTE - COOPERATIVA DE ECONOMIA E CRÉDITO MÚTUO DE FUNCIONÁRIOS DE INSTITUIÇÕES FINANCEIRAS PÚBLICAS FEDERAIS LTDA.;1658426;b3S;S5;I;2;BRASILIA;DF;03/2024;46;0;0;2.168.779;0;103.651;2.272.476;0;0;0;168.126;0;0;168.126;0;2.440.602;0;69.886;2.510.488;767.939;3.278.426
COOPERATIVA DE CRÉDITO, POUPANÇA E INVESTIMENTO INTERESTADOS - SICREDI INTERESTADOS RS/ES;90497256;b3S;S4;I;2;PELOTAS;RS;03/2024;482.191;7.553;185.043;1.169.525;0;6.822;1.851.134;0;37.739;0;0;0;0;37.739;15.621;1.904.495;0;907.650;2.812.145;447.141;3.259.286
COOPERATIVA DE CRÉDITO, POUPANÇA E INVESTIMENTO OURO BRANCO - SICREDI OURO BRANCO RS/MG;87853206;b3S;S4;I;2;TEUTONIA;RS;03/2024;367.467;0;11.725;1.718.643;0;7.447;2.105.282;0;2.057;0;0;0;0;2.057;15;2.107.355;0;647.700;2.755.055;488.320;3.243.375
COOPERATIVA CENTRAL DE CRÉDITO DO NORTE DO BRASIL - SICOOB NORTE;3502131;b3C;S4;I;2;PORTO VELHO;RO;03/2024;4.437;0;0;0;0;0;4.437;0;0;0;0;0;0;0;33.325;37.763;0;2.992.533;3.030.295;205.073;3.235.369
BCO LUSO BRASILEIRO S.A. - PRUDENCIAL;1000081706;b1;S4;I;3;SAO PAULO;SP;03/2024;88.433;0;0;2.411.888;0;0;2.500.321;0;52.547;0;10.542;0;0;63.088;117.252;2.680.662;4.921;256.358;2.941.941;279.028;3.220.969
COOPERATIVA DE CRÉDITO, POUPANÇA E INVESTIMENTO DO NORTE E NORDESTE DE SANTA CATARINA - SICREDI NORTE SC;2843443;b3S;S4;I;2;JOINVILLE;SC;03/2024;416.674;0;62.717;1.929.818;0;214;2.409.422;0;24.703;0;0;0;0;24.703;4;2.434.129;0;296.361;2.730.490;435.756;3.166.246
COOPERATIVA DE CRÉDITO, POUPANÇA E INVESTIMENTO DO PLANALTO CENTRAL - SICREDI PLANALTO CENTRAL;10736214;b3S;S4;I;2;CRISTALINA;GO;03/2024;343.791;0;183.142;1.582.835;0;0;2.109.768;0;386;0;0;0;0;386;3.116;2.113.269;0;674.127;2.787.396;366.467;3.153.863
COOPERATIVA DE CRÉDITO SICOOB ENGECRED LTDA.;4388688;b3S;S5;I;2;GOIANIA;GO;03/2024;254.528;0;0;1.486.915;0;458;1.741.901;0;167.253;212.258;0;0;0;379.511;35.000;2.156.411;0;510.333;2.666.745;444.451;3.111.196
COOPERATIVA DE CRÉDITO, POUPANÇA E INVESTIMENTO DO NOROESTE DE MATO GROSSO, ACRE E AMAZONAS - SICREDI BIOMAS;33022690;b3S;S4;I;2;ARAPUTANGA;MT;03/2024;348.621;5.379;471.039;549.717;0;318;1.375.075;0;7.264;0;0;0;0;7.264;6.422;1.388.761;0;1.392.188;2.780.949;324.927;3.105.875
COOPERATIVA DE CRÉDITO, POUPANÇA E INVESTIMENTO SICREDI EVOLUÇÃO - SICREDI EVOLUÇÃO;35571249;b3S;S4;I;2;JOAO PESSOA;PB;03/2024;313.521;2.281;5.247;1.895.822;0;0;2.216.871;0;25.686;0;0;0;0;25.686;1.411;2.243.968;0;290.628;2.534.596;542.094;3.076.690
COOPERATIVA DE CRÉDITO, POUPANÇA E INVESTIMENTO DE IBIRAIARAS - SICREDI IBIRAIARAS RS/MG;89990501;b3S;S4;I;2;IBIRAIARAS;RS;03/2024;334.722;0;194.318;1.156.840;0;9.713;1.695.594;0;18.263;0;0;0;0;18.263;0;1.713.857;0;849.467;2.563.324;510.469;3.073.793
COOPERATIVA DE CRÉDITO DE LIVRE ADMISSÃO DE ASSOCIADOS DO ALTO URUGUAI CATARINENSE - SICOOB CREDIAUC;78840071;b3S;S5;I;2;CONCORDIA;SC;03/2024;239.208;0;0;1.371.074;0;10.798;1.621.080;0;327.980;179.283;0;0;0;507.263;4.984;2.133.327;0;585.526;2.718.853;342.968;3.061.822
COOPERATIVA DE CRÉDITO, POUPANÇA E INVESTIMENTO ESSÊNCIA RS/ES - SICREDI ESSÊNCIA;87733077;b3S;S4;I;2;ITAQUI;RS;03/2024;317.237;0;43.628;1.238.432;0;6.446;1.605.743;0;34.394;0;0;0;0;34.394;0;1.640.137;0;863.164;2.503.301;523.436;3.026.737
COOPERATIVA DE CREDITO, POUPANÇA E INVESTIMENTO PARQUE DAS ARAUCARIAS - SICREDI PARQUE DAS ARAUCARIAS PR/SC/SP;82065285;b3S;S4;I;2;MARIOPOLIS;PR;03/2024;368.348;0;114.809;1.342.614;0;2.524;1.828.295;0;22.538;0;0;0;0;22.538;5.019;1.855.852;0;847.766;2.703.619;304.122;3.007.740
COOPERATIVA DE CRÉDITO COOPERMAIS - SICOOB COOPERMAIS;31804966;b3S;S5;I;2;SANTA MARIA DE JETIBA;ES;03/2024;583.078;0;0;1.344.402;0;4.442;1.931.921;0;81.979;215.306;0;0;0;297.285;28.000;2.257.207;0;290.970;2.548.177;447.937;2.996.114
BADESUL DESENVOLVIMENTO AF/RS - PRUDENCIAL;1000081029;n1;S4;I;1;PORTO ALEGRE;RS;03/2024;0;0;0;0;0;0;0;0;0;0;0;0;0;0;1.848.113;1.848.113;0;185.742;2.033.855;958.040;2.991.895
GENIAL - PRUDENCIAL;1000080941;b1;S4;C;2;RIO DE JANEIRO;RJ;03/2024;624.617;0;24.551;396.714;0;68.598;1.114.480;1.136.690;30.818;0;0;0;0;30.818;0;2.281.988;6;503.425;2.785.420;196.749;2.982.169
NOVO BCO CONTINENTAL S.A. - BM - PRUDENCIAL;1000081768;b1;S4;I;3;PORTO ALEGRE;RS;03/2024;9.055;0;0;2.110.150;0;0;2.119.205;0;0;31.435;333.556;0;0;364.992;60.805;2.545.002;10.027;116.952;2.671.981;268.321;2.940.302
BANCO IBM S.A. - PRUDENCIAL;1000081689;b2;S4;I;3;RIO DE JANEIRO;RJ;03/2024;0;0;0;2.149.752;0;0;2.149.752;0;0;0;0;0;0;0;0;2.149.752;0;283.407;2.433.160;465.507;2.898.667
COOPERATIVA DE CRÉDITO DE LIVRE ADMISSÃO DO CENTRO NORTE BRASILEIRO;2282709;b3S;S5;I;2;ANAPOLIS;GO;03/2024;377.984;0;0;1.134.415;0;0;1.512.399;0;88.854;197.411;0;0;0;286.264;14.675;1.813.339;0;722.339;2.535.678;358.256;2.893.934
COOPERATIVA DE CRÉDITO, POUPANÇA E INVESTIMENTO INTEGRAÇÃO DE ESTADOS DO RIO GRANDE DO SUL, SANTA CATARINA E MINAS GERAIS - SICREDI INTEGRAÇÃO DE ESTADOS RS/SC/MG;87781530;b3S;S4;I;2;PASSO FUNDO;RS;03/2024;293.695;0;116.338;1.244.341;0;3.306;1.657.680;0;10.715;0;0;0;0;10.715;10.508;1.678.903;0;761.636;2.440.539;374.302;2.814.841
COOPERATIVA DE CRÉDITO, POUPANÇA E INVESTIMENTO DE CAMPO GRANDE E REGIÃO - SICREDI CAMPO GRANDE MS;3042597;b3S;S4;I;2;CAMPO GRANDE;MS;03/2024;318.235;0;130.234;881.511;0;60;1.330.041;0;9.581;0;0;0;0;9.581;3;1.339.624;0;1.088.016;2.427.640;361.594;2.789.234
COOPERATIVA DE CRÉDITO UNICRED CENTRO-SUL LTDA - UNICRED CENTRO-SUL;75847;b3S;S5;I;2;CRICIUMA;SC;03/2024;292.053;0;0;1.823.518;0;0;2.115.571;0;203.760;0;69.088;0;0;272.848;0;2.388.420;0;135.110;2.523.529;255.533;2.779.062
HUB IP - PRUDENCIAL;1000085348;n4;;I;2;BARUERI;SP;03/2024;0;0;0;0;133.541;0;133.541;0;0;0;0;0;0;0;0;133.541;0;2.388.972;2.522.513;256.209;2.778.722
COOPERATIVA CENTRAL DE ECONOMIA E CRÉDITO SICOOB UNIMAIS RIO LTDA.;14568725;b3C;S4;I;2;RIO DE JANEIRO;RJ;03/2024;0;0;0;0;0;0;0;0;0;0;0;0;0;0;0;0;0;2.598.756;2.598.756;169.801;2.768.557
SHPP BRASIL IP - PRUDENCIAL;1000086275;n4;;I;3;SAO PAULO;SP;03/2024;0;0;0;0;530.733;0;530.733;0;0;0;0;0;0;0;0;530.733;0;2.090.451;2.621.184;119.285;2.740.470
BCO CARGILL S.A. - PRUDENCIAL;1000081414;b1;S4;I;2;SAO PAULO;SP;03/2024;18.881;0;0;0;0;0;18.881;0;0;0;0;0;0;0;1.575.943;1.594.824;715;300.820;1.896.359;837.760;2.734.120
COOPERATIVA CENTRAL DE CRÉDITO, POUPANÇA E INVESTIMENTO DE MATO GROSSO DO SUL, GOIÁS, DISTRITO FEDERAL E TOCANTINS - CENTRAL SICREDI BRASIL CENTRAL;33737818;b3C;S4;I;2;GOIANIA;GO;03/2024;0;0;0;0;0;0;0;0;0;0;0;0;0;0;0;0;0;2.334.554;2.334.554;386.552;2.721.107
COOPERATIVA DE CREDITO, POUPANCA E INVESTIMENTO IGUACU - SICREDI IGUACU PR/SC/SP;84974278;b3S;S4;I;2;SAO JOAO;PR;03/2024;315.792;0;119.680;1.138.139;0;1.159;1.574.769;0;22.683;0;0;0;0;22.683;4.352;1.601.804;0;653.772;2.255.576;418.903;2.674.479
COOPERATIVA DE ECONOMIA E CREDITO MUTUO DOS MEDICOS DE PORTO ALEGRE LTDA-UNICRED PORTO ALEGRE;94433109;b3S;S5;I;2;PORTO ALEGRE;RS;03/2024;243.393;0;0;1.574.856;0;4.166;1.822.415;0;298.369;0;27.052;0;0;325.421;0;2.147.836;0;193.365;2.341.201;326.887;2.668.089
RANDON - PRUDENCIAL;1000080800;b2;S4;C;2;CAXIAS DO SUL;RS;03/2024;0;0;125.619;666.790;76;0;792.485;0;0;0;90.881;0;0;90.881;964.117;1.847.483;0;308.012;2.155.495;506.922;2.662.417
CREDSYSTEM IP - PRUDENCIAL;1000085441;n1;S5;C;2;BARUERI;SP;03/2024;348;0;0;0;4.532;0;4.880;0;0;0;0;0;0;0;0;4.880;0;2.292.886;2.297.766;332.749;2.630.514
COOPERATIVA DE CRÉDITO, POUPANÇA E INVESTIMENTO DO SUL DO ESTADO DE SANTA CATARINA - SICREDI SUL SC;3793242;b3S;S4;I;2;CRICIUMA;SC;03/2024;304.868;0;135.904;1.531.986;0;20;1.972.778;0;36.246;0;0;0;0;36.246;0;2.009.024;0;340.286;2.349.310;243.101;2.592.411
COOPERATIVA DE CRÉDITO DE LIVRE ADMISSÃO DO MÉDIO PIRACICABA, CIRCUITO DO OURO, GRANDE BH E RIO GRANDE DO NORTE LTDA. -  SICOOB CREDIMEPI;1644264;b3S;S5;I;2;JOAO MONLEVADE;MG;03/2024;311.888;0;0;1.437.908;0;155;1.749.951;0;172.891;57.393;0;0;0;230.284;146.022;2.126.256;0;110.157;2.236.413;298.086;2.534.499
COOPERATIVA DE CRÉDITO UNICRED UNIÃO LTDA - UNICRED UNIÃO;74114042;b3S;S5;I;2;ITAJAI;SC;03/2024;242.709;0;0;1.568.026;0;0;1.810.735;0;207.896;0;104.867;0;0;312.764;0;2.123.499;0;136.029;2.259.528;269.326;2.528.854
COOPERATIVA DE CRÉDITO ROTA DAS TERRAS - SICREDI ROTA DAS TERRAS RS/MG;87510475;b3S;S4;I;2;TAPERA;RS;03/2024;216.044;0;97.846;616.325;0;1.718;931.933;0;24.335;0;0;0;0;24.335;0;956.268;0;1.196.156;2.152.424;352.709;2.505.133
ICBC DO BRASIL BM S.A. - PRUDENCIAL;1000081830;b1;S4;I;3;SAO PAULO;SP;03/2024;15.366;0;755.636;1.114.758;0;0;1.885.760;0;0;0;0;0;0;0;187.169;2.072.929;0;260.881;2.333.810;155.968;2.489.778
COOPERATIVA DE CRÉDITO, POUPANÇA E INVESTIMENTO CENTRO SUL - SICREDI CENTRO SUL PR/SC/RJ;78907607;b3S;S4;I;2;PRUDENTOPOLIS;PR;03/2024;366.875;0;174.829;737.357;0;129;1.279.190;0;21.283;0;0;0;0;21.283;5.539;1.306.013;0;862.553;2.168.566;292.898;2.461.464
COOPERATIVA DE CRÉDITO, POUPANÇA E INVESTIMENTO RAÍZES - SICREDI RAÍZES RS/SC/MG;88099247;b3S;S4;I;2;CAMPO NOVO;RS;03/2024;204.881;0;76.927;1.051.648;0;1.531;1.334.988;0;19.447;0;0;0;0;19.447;0;1.354.435;0;616.437;1.970.871;467.549;2.438.421
BCO KDB BRASIL S.A. - PRUDENCIAL;1000081603;b1;S4;C;3;SAO PAULO;SP;03/2024;113.699;0;78.149;14.033;0;0;205.881;0;0;0;0;0;0;0;1.508.200;1.714.081;15.242;217.285;1.946.608;472.241;2.418.849
BANCO TOPÁZIO S.A. - PRUDENCIAL;1000081517;b1;S4;I;3;PORTO ALEGRE;RS;03/2024;76.133;0;0;777.865;0;37.050;891.048;211.764;0;0;0;0;0;0;0;1.102.812;0;1.057.080;2.159.892;257.850;2.417.742
COOPERATIVA DE CRÉDITO AGROCREDI LTDA. - SICOOB AGROCREDI;42873828;b3S;S4;I;2;GUAXUPE;MG;03/2024;374.770;0;0;1.020.277;0;2.037;1.397.084;0;0;78.167;0;0;0;78.167;176.548;1.651.799;0;255.284;1.907.084;510.324;2.417.408
COOPERATIVA DE CRÉDITO, POUPANÇA E INVESTIMENTO PROGRESSO - SICREDI PROGRESSO PR/SP;76059997;b3S;S4;I;2;TOLEDO;PR;03/2024;256.707;0;86.253;1.022.725;0;484;1.366.170;0;34.004;0;0;0;0;34.004;3.077;1.403.251;0;737.151;2.140.402;268.728;2.409.130
COOPERATIVA DE CRÉDITO, POUPANÇA E INVESTIMENTO BOTUCARAÍ - SICREDI BOTUCARAÍ RS/MG;87900601;b3S;S4;I;2;SOLEDADE;RS;03/2024;254.742;5.564;88.320;982.582;0;3.953;1.335.161;0;9.169;0;0;0;0;9.169;0;1.344.330;0;703.705;2.048.035;344.683;2.392.718
COOPERATIVA DE CRÉDITO DE LIVRE ADMISSÃO DO PONTAL DO TRIANGULO LTDA - SICOOB CREDIPONTAL;26178533;b3S;S5;I;2;ITUIUTABA;MG;03/2024;200.270;0;0;361.606;0;0;561.876;0;10.074;439.468;0;0;0;449.543;163.091;1.174.510;0;931.765;2.106.275;271.225;2.377.499
ANDBANK - PRUDENCIAL;1000081256;b1;S4;C;3;SAO PAULO;SP;03/2024;44.797;0;0;1.921.275;0;0;1.966.072;0;0;0;0;0;0;0;0;1.966.072;475;50.741;2.017.287;346.845;2.364.133
COOPERATIVA DE CRÉDITO POUPANÇA E INVESTIMENTO PANTANAL DO MATO GROSSO DO SUL - SICREDI PANTANAL MS;26408187;b3S;S4;I;2;MARACAJU;MS;03/2024;237.747;0;59.961;529.529;0;238;827.476;0;2.331;0;0;0;0;2.331;1.836;831.643;0;1.105.322;1.936.965;401.467;2.338.432
COOPERATIVA DE CRÉDITO, POUPANÇA E INVESTIMENTO NOVOS HORIZONTES - SICREDI NOVOS HORIZONTES PR/SP/RJ;7206072;b3S;S4;I;2;ARAPOTI;PR;03/2024;263.948;0;211.068;1.004.055;0;0;1.479.071;0;4.602;0;0;0;0;4.602;3.085;1.486.758;0;617.391;2.104.149;230.051;2.334.200
COOPERATIVA DE CREDITO DE LIVRE ADMISSÃO DE ASSOCIADOS ITAIPU SICOOB CREDITAIPU;81014060;b3S;S5;I;2;PINHALZINHO;SC;03/2024;201.122;0;0;1.094.450;0;13;1.295.585;0;37.409;191.605;0;0;0;229.014;3.858;1.528.456;0;503.195;2.031.651;295.677;2.327.328
COOPERATIVA DE CRÉDITO, POUPANÇA E INVESTIMENTO NOROESTE RS/MG - SICREDI NOROESTE RS/MG;89049738;b3S;S4;I;2;TRES DE MAIO;RS;03/2024;192.635;0;184.053;818.039;0;3.907;1.198.634;0;14.166;0;0;0;0;14.166;17.934;1.230.734;0;587.039;1.817.773;500.819;2.318.592
COOPERATIVA DE CRÉDITO, POUPANÇA E INVESTIMENTO INTEGRAÇÃO DO SUL DE MATO GROSSO, AMAPÁ E PARÁ - SICREDI INTEGRAÇÃO MT/AP/PA;26549311;b3S;S4;I;2;RONDONOPOLIS;MT;03/2024;370.917;13.556;20.010;896.370;0;5;1.300.857;0;10.309;0;0;0;0;10.309;4.246;1.315.412;0;681.891;1.997.303;300.925;2.298.228
COOPERATIVA DE CREDITO CREDIROCHAS - SICOOB CREDIROCHAS;3358914;b3S;S5;I;2;CACHOEIRO DE ITAPEMIRIM;ES;03/2024;332.920;0;0;1.389.189;0;126;1.722.236;0;62.734;65.684;0;0;0;128.418;22.000;1.872.654;0;90.092;1.962.747;272.753;2.235.500
COOPECREDI GUARIBA - COOPERATIVA DE CREDITO;44469161;b3S;S4;I;2;GUARIBA;SP;03/2024;153.410;0;0;1.070.365;0;368;1.224.143;0;5.563;435.006;0;0;0;440.568;99;1.664.810;0;163.397;1.828.207;393.765;2.221.972
COOPERATIVA DE CRÉDITO DE LIVRE ADMISSÃO DE ASSOCIADOS SUL CATARINENSE - SICOOB CREDISULCA SC;81367880;b3S;S5;I;2;TURVO;SC;03/2024;352.138;0;0;1.019.027;0;0;1.371.165;0;34.760;210.923;0;0;0;245.683;3.582;1.620.430;0;263.098;1.883.529;304.188;2.187.717
SUMUP IP - PRUDENCIAL;1000085238;n1;S4;C;3;SAO PAULO;SP;03/2024;0;0;0;0;218.174;0;218.174;0;0;0;0;0;0;0;117.599;335.773;0;680.485;1.016.258;1.155.497;2.171.755
BMP SCMEPP LTDA - PRUDENCIAL;1000083292;n1;S5;C;2;SAO PAULO;SP;03/2024;0;0;0;0;1.748.321;0;1.748.321;0;0;0;0;0;0;0;261;1.748.582;0;157.957;1.906.539;239.841;2.146.380
COOPERATIVA DE CRÉDITO CREDIVAR LTDA. - SICOOB CREDIVAR;25798596;b3S;S5;I;2;VARGINHA;MG;03/2024;386.258;0;0;725.599;0;0;1.111.857;0;60.492;219.763;0;0;0;280.255;173.441;1.565.553;0;254.944;1.820.497;307.057;2.127.554
COOPERATIVA DE CRÉDITO, POUPANÇA E INVESTIMENTO DO VALE DO RIO PARDO - SICREDI VALE DO RIO PARDO RS;95424891;b3S;S4;I;2;SANTA CRUZ DO SUL;RS;03/2024;291.416;5.187;88.555;1.009.121;0;6.588;1.400.867;0;21.947;0;0;0;0;21.947;12.165;1.434.978;0;355.435;1.790.413;309.923;2.100.336
COOPERATIVA DE CRÉDITO DE LIVRE ADMISSÃO DE ASSOCIADOS AURIVERDE -  SICOOB - CREDIAL SC/RS;78858107;b3S;S5;I;2;CUNHA PORA;SC;03/2024;209.910;0;0;1.092.842;0;3.425;1.306.177;0;29.860;149.385;0;0;0;179.245;3.921;1.489.342;0;260.747;1.750.089;331.850;2.081.939
COOPERATIVA DE CREDITO DO ALTO PARANAIBA E REGIÃO LTDA. - SICOOB CREDIPATOS;25387671;b3S;S5;I;2;PATOS DE MINAS;MG;03/2024;246.039;0;0;555.677;0;0;801.716;0;130.032;182.991;0;0;0;313.023;6.608;1.121.347;0;676.263;1.797.610;276.176;2.073.786
COOPERATIVA DE CRÉDITO UNICRED CENTRAL MULTIRREGIONAL LTDA. - UCM;184068;b3C;S4;I;2;BELO HORIZONTE;MG;03/2024;0;0;0;0;0;0;0;0;0;0;0;0;0;0;0;0;0;1.962.306;1.962.306;109.230;2.071.536
COOPERATIVA DE CRÉDITO, POUPANÇA E INVESTIMENTO SUL MINAS DO RIO GRANDE DO SUL E MINAS GERAIS - SICREDI SUL MINAS RS/MG.;87784088;b3S;S4;I;2;ESTACAO;RS;03/2024;170.053;7.834;90.865;913.965;0;1.341;1.184.059;0;12.805;0;0;0;0;12.805;6.236;1.203.100;0;662.544;1.865.644;203.042;2.068.686
COOPERATIVA DE CRÉDITO - SICREDI EXPANSÃO;41180092;b3S;S5;I;2;MACEIO;AL;03/2024;197.513;1.080;22.758;1.349.779;0;14.279;1.585.409;0;0;0;0;0;0;0;5.692;1.591.101;0;151.700;1.742.801;310.532;2.053.333
AFINZ IP - PRUDENCIAL;1000083539;b1;S4;C;2;BARUERI;SP;03/2024;478;0;0;1.135.291;0;0;1.135.769;0;0;0;0;0;4.512;4.512;78.006;1.218.288;0;698.487;1.916.775;129.664;2.046.439
COOPERATIVA DE CRÉDITO, POUPANÇA E INVESTIMENTO NOSSA TERRA - SICREDI NOSSA TERRA PR/SP;81192106;b3S;S4;I;2;CAFELANDIA;PR;03/2024;226.454;0;195.291;597.947;0;222;1.019.915;0;71.223;0;0;0;0;71.223;5.102;1.096.240;0;722.437;1.818.677;218.191;2.036.868
COOPERATIVA DE CREDITO E INVESTIMENTO COM INTERACAO SOLIDARIA PIONEIRA - CRESOL PIONEIRA;971300;b3S;S5;I;2;DOIS VIZINHOS;PR;03/2024;174.118;62.815;11.604;650.693;0;0;899.230;0;0;0;0;0;0;0;0;899.230;0;846.043;1.745.272;287.211;2.032.483
COOPERATIVA DE CRÉDITO, POUPANÇA E INVESTIMENTO NORTE SUL - SICREDI NORTE SUL;79063574;b3S;S4;I;2;SANTO ANTONIO DA PLATINA;PR;03/2024;257.374;0;189.963;686.139;0;295;1.133.770;0;35.071;0;0;0;0;35.071;2.836;1.171.677;0;618.862;1.790.539;234.177;2.024.716
COOPERATIVA DE CRÉDITO, POUPANÇA E INVESTIMENTO RIO PARANÁ - SICREDI RIO PARANÁ;81206039;b3S;S4;I;2;NOVA LONDRINA;PR;03/2024;264.992;0;126.663;696.379;0;608;1.088.642;0;8.527;0;0;0;0;8.527;2.546;1.099.715;0;624.628;1.724.342;284.609;2.008.952
COOPERATIVA DE CRÉDITO SICOOB VALE SUL;2466552;b3S;S5;I;2;FRANCISCO BELTRAO;PR;03/2024;301.664;0;0;831.871;0;714;1.134.248;0;82.757;155.221;0;0;0;237.978;0;1.372.227;0;384.500;1.756.726;229.637;1.986.363
COOPERATIVA DE CRÉDITO, POUPANÇA E INVESTIMENTO DO CERRADO DE GOIÁS - SICREDI CERRADO GO;6332931;b3S;S4;I;2;GOIANIA;GO;03/2024;317.054;0;212.360;606.047;0;0;1.135.460;0;53.915;0;0;0;0;53.915;1.238;1.190.614;0;551.103;1.741.717;242.468;1.984.185
COOPERATIVA DE CRÉDITO GERAÇÕES - SICREDI GERAÇÕES RS/MG;88471024;b3S;S4;I;2;CACHOEIRA DO SUL;RS;03/2024;249.970;0;34.269;889.100;0;318;1.173.657;0;9.879;0;0;0;0;9.879;8.861;1.192.397;0;501.203;1.693.600;285.579;1.979.179
COOPERATIVA DE CRÉDITO, POUPANÇA E INVESTIMENTO CAMINHO DAS ÁGUAS RS - SICREDI CAMINHO DAS ÁGUAS RS;95213211;b3S;S4;I;2;ROLANTE;RS;03/2024;243.942;0;3.643;1.193.744;0;3.096;1.444.426;0;15.675;0;0;0;0;15.675;6.090;1.466.191;0;322.564;1.788.755;166.891;1.955.646
CAIXA GERAL - PRUDENCIAL;1000080927;b1;S4;C;3;SAO PAULO;SP;03/2024;8.239;0;0;651.941;0;0;660.180;24.402;2.086;253.614;50;0;0;255.750;571.351;1.511.683;70.413;59.430;1.641.527;311.899;1.953.426
COOPERATIVA DE CRÉDITO DE LIVRE ADMISSÃO DA REGIÃO CENTRAL E OESTE MINEIRO LTDA. - SICOOB DIVICRED;1736516;b3S;S5;I;2;DIVINOPOLIS;MG;03/2024;295.305;0;0;1.047.122;0;0;1.342.427;0;332.295;21.645;0;0;0;353.940;0;1.696.367;0;46.077;1.742.444;201.758;1.944.201
COOPERATIVA DE CRÉDITO SICOOB OURO VERDE;5582619;b3S;S5;I;2;LONDRINA;PR;03/2024;314.987;0;0;865.105;0;5.054;1.185.145;0;62.408;207.196;0;0;0;269.604;0;1.454.750;0;271.055;1.725.804;200.085;1.925.890
COOPERATIVA DE CRÉDITO DO NORTE CATARINENSE E SUL PARANAENSE - SICOOB CREDINORTE;81011686;b3S;S5;I;2;MAFRA;SC;03/2024;296.227;0;0;690.363;0;3.667;990.258;0;78.970;161.505;0;0;0;240.474;7.664;1.238.396;0;432.612;1.671.008;222.053;1.893.061
COOPERATIVA DE CRÉDITO, POUPANÇA E INVESTIMENTO CENTRO SERRA - SICREDI CENTRO SERRA RS;87067757;b3S;S4;I;2;AGUDO;RS;03/2024;239.777;1.337;125.551;687.179;0;10.248;1.064.092;0;4.226;0;0;0;0;4.226;0;1.068.318;0;390.463;1.458.781;428.155;1.886.936
COOPERATIVA DE CRÉDITO, POUPANÇA E INVESTIMENTO PARANAPANEMA SERRANA PR/SP/RJ - SICREDI PARANAPANEMA SERRANA PR/SP/RJ;79086997;b3S;S4;I;2;CAMBARA;PR;03/2024;181.582;0;173.833;809.077;0;752;1.165.243;0;11.814;0;0;0;0;11.814;3.095;1.180.151;0;490.983;1.671.135;204.607;1.875.742
COOPERATIVA DE CRÉDITO DE LIVRE ADMISSÃO DA ZONA DA MATA LTDA   SICOOB COOPEMATA;2335109;b3S;S5;I;2;CATAGUASES;MG;03/2024;229.903;0;0;942.361;0;22;1.172.286;0;83.342;90.982;0;0;0;174.324;133.609;1.480.220;0;158.811;1.639.031;235.940;1.874.970
COOPERATIVA DE CRÉDITO, POUPANÇA E INVESTIMENTO TERRA DOS PINHEIRAIS DO PARANÁ E NOROESTE PAULISTA - SICREDI PLANALTO DAS ÁGUAS PR/SP;77984870;b3S;S4;I;2;GUARAPUAVA;PR;03/2024;146.423;0;122.177;698.641;0;838;968.080;0;949;0;0;0;0;949;0;969.030;0;698.512;1.667.542;207.143;1.874.684
COOPERATIVA DE CRÉDITO COCRE;54401286;b3S;S4;I;2;PIRACICABA;SP;03/2024;201.061;0;0;964.947;0;2.628;1.168.635;0;20.268;265.281;0;0;0;285.548;0;1.454.184;0;201.721;1.655.905;201.609;1.857.515
COOPERATIVA DE CRÉDITO, POUPANÇA E INVESTIMENTO DE ESPUMOSO - SICREDI ESPUMOSO RS/MG;87900411;b3S;S4;I;2;ESPUMOSO;RS;03/2024;127.806;0;91.374;553.603;0;1.143;773.925;0;11.392;0;0;0;0;11.392;15.130;800.446;0;636.229;1.436.675;401.664;1.838.339
COOPERATIVA DE CRÉDITO DE LIVRE ADMISSÃO DE ASSOCIADOS OESTE CATARINENSE;78825023;b3S;S5;I;2;PALMITOS;SC;03/2024;151.688;0;0;788.918;0;0;940.606;0;53.287;217.418;0;0;0;270.705;2.457;1.213.768;0;425.374;1.639.142;198.170;1.837.312
COOPERATIVA DE CRÉDITO LITORÂNEA;85291086;b3S;S5;I;2;JACINTO MACHADO;SC;03/2024;361.421;0;0;806.473;0;1.699;1.169.594;0;53.168;149.442;0;0;0;202.610;2.953;1.375.157;0;191.358;1.566.515;267.337;1.833.852
CREDISIS - CENTRAL DE COOPERATIVAS DE CRÉDITO LTDA.;4632856;b3C;S4;I;2;JI-PARANA;RO;03/2024;0;0;207.800;0;0;1.700;209.500;0;0;0;0;0;0;0;0;209.500;0;1.478.892;1.688.393;129.508;1.817.901
COOPERATIVA DE CREDITO DE LIVRE ADMISSÃO DO SUL DE MINAS LTDA - SICOOB CREDIVASS;1604998;b3S;S5;I;2;SAO GONCALO DO SAPUCAI;MG;03/2024;391.738;0;0;705.450;0;433;1.097.622;0;24.879;181.264;0;0;0;206.143;0;1.303.765;0;280.157;1.583.922;221.433;1.805.355
DOCK IP - PRUDENCIAL;1000084789;n4;;I;2;BARUERI;SP;03/2024;0;0;0;0;1.285.317;0;1.285.317;0;0;0;0;0;0;0;0;1.285.317;0;347.964;1.633.281;170.898;1.804.178
COOPERATIVA DE CRÉDITO DE LIVRE ADMISSÃO DE ASSOCIADOS DO VALE DO VINHO - SICOOB VALE DO VINHO;81016131;b3S;S5;I;2;VIDEIRA;SC;03/2024;186.574;0;0;866.520;0;4.390;1.057.484;0;38.393;92.436;0;0;0;130.829;2.979;1.191.291;0;384.426;1.575.717;224.674;1.800.391
CENTRAL DAS COOPERATIVAS DE CRÉDITO DO ESTADO DE SÃO PAULO - SICOOB CENTRAL CECRESP;62931522;b3C;S4;I;2;SAO PAULO;SP;03/2024;0;0;0;1.421.031;0;0;1.421.031;0;0;0;0;0;0;0;0;1.421.031;0;138.441;1.559.472;239.067;1.798.539
COOPERATIVA DE CRÉDITO SICOOB PRIMAVERA - SICOOB PRIMAVERA;5241619;b3S;S5;I;2;PRIMAVERA DO LESTE;MT;03/2024;284.879;0;0;572.590;0;0;857.469;0;123.645;223.154;0;0;0;346.799;91.146;1.295.414;0;259.097;1.554.510;230.116;1.784.626
COOPERATIVA DE CRÉDITO, POUPANÇA E INVESTIMENTO INTEGRAÇÃO - SICREDI INTEGRAÇÃO PR/SC;81054686;b3S;S4;I;2;LAPA;PR;03/2024;296.752;0;109.732;825.779;0;1.481;1.233.744;0;1.504;0;0;0;0;1.504;0;1.235.248;0;365.194;1.600.442;178.461;1.778.903
BCO GUANABARA S.A. - PRUDENCIAL;1000081672;b1;S4;C;2;RIO DE JANEIRO;RJ;03/2024;84.783;0;9.266;1.355.220;0;0;1.449.269;0;37.683;32.356;0;0;0;70.039;4.043;1.523.351;0;24.017;1.547.368;230.449;1.777.817
COOPERATIVA DE CRÉDITO UNICRED DESBRAVADORA LTDA - UNICRED DESBRAVADORA;1039011;b3S;S5;I;2;CHAPECO;SC;03/2024;179.129;0;0;1.123.984;0;0;1.303.113;0;198.598;0;3.600;0;0;202.198;0;1.505.311;0;100.005;1.605.316;172.160;1.777.476
BNY MELLON - PRUDENCIAL;1000080910;b1;S4;C;3;RIO DE JANEIRO;RJ;03/2024;165.707;0;0;0;0;0;165.707;828.757;0;0;0;0;0;0;0;994.465;0;138.296;1.132.760;610.117;1.742.878
COOPERATIVA DE CRÉDITO SUL - SICOOB SUL;5888589;b3S;S5;I;2;CURITIBA;PR;03/2024;310.691;0;0;931.444;0;966;1.243.101;0;80.200;67.441;0;0;0;147.641;3.744;1.394.486;0;117.408;1.511.894;218.547;1.730.441
BANCO PAULISTA - PRUDENCIAL;1000080381;b1;S4;C;2;SAO PAULO;SP;03/2024;56.997;0;13.504;1.063.245;0;3;1.133.749;98.189;103.348;151.716;0;0;0;255.064;5.821;1.492.823;0;63.530;1.556.353;171.292;1.727.645
COOPERATIVA DE CRÉDITO DA REGIÃO MERIDIONAL DO BRASIL - SICOOB UNICOOB MERIDIONAL;5392810;b3S;S5;I;2;TOLEDO;PR;03/2024;260.452;0;0;809.130;0;906;1.070.487;0;41.277;167.707;0;0;0;208.984;0;1.279.471;0;243.906;1.523.377;203.681;1.727.058
COOPERATIVA DE CRÉDITO DOS MÉDICOS, PROFISSIONAIS DA SAÚDE E EMPRESÁRIOS DE MATO GROSSO;36900256;b3S;S5;I;2;CUIABA;MT;03/2024;230.673;0;0;628.235;0;0;858.907;0;329.473;0;125.008;0;0;454.480;0;1.313.388;0;125.285;1.438.673;267.566;1.706.239
ADYEN DO BRASIL IP - PRUDENCIAL;1000087401;n4;;I;3;SAO PAULO;SP;03/2024;0;0;0;0;46.085;0;46.085;0;0;0;0;0;0;0;0;46.085;0;1.262.161;1.308.246;381.411;1.689.657
HP FINANCIAL SERVICES AM S.A - PRUDENCIAL;1000082987;n1;S4;I;3;BARUERI;SP;03/2024;0;0;0;0;0;0;0;0;0;0;0;0;0;0;527.815;527.815;0;200.814;728.629;957.657;1.686.285
COOPERATIVA DE CRÉDITO DE EMPRESÁRIOS - SICOOB/TRANSCREDI;4247370;b3S;S5;I;2;CONCORDIA;SC;03/2024;181.290;0;0;1.065.180;0;445;1.246.915;0;72.797;39.558;0;0;0;112.355;6.930;1.366.199;0;28.041;1.394.240;290.965;1.685.206
COOPERATIVA DE CRÉDITO DE LIVRE ADMISSÃO DA REGIÃO METROPOLITANA DE GOIÂNIA LTDA.;7599206;b3S;S5;I;2;GOIANIA;GO;03/2024;320.868;0;0;623.840;0;0;944.707;0;0;123.431;0;0;0;123.431;0;1.068.139;0;233.171;1.301.310;377.649;1.678.959
COOPERATIVA DE CRÉDITO, POUPANÇA E INVESTIMENTO GRANDES LAGOS DO PARANÁ E LITORAL PAULISTA - SICREDI GRANDES LAGOS PR/SP;81115149;b3S;S4;I;2;LARANJEIRAS DO SUL;PR;03/2024;188.639;0;101.013;635.642;0;168;925.462;0;1.147;0;0;0;0;1.147;3.263;929.872;0;548.622;1.478.494;194.347;1.672.841
COOPERATIVA DE CRÉDITO DE LIVRE ADMISSÃO DO VALE - SICOOB CREDIVALE/SC;86829827;b3S;S5;I;2;BRACO DO NORTE;SC;03/2024;269.174;0;0;654.422;0;3;923.599;0;108.156;117.665;0;0;0;225.821;2.009;1.151.429;0;318.152;1.469.581;189.635;1.659.216
BANCO RIBEIRÃO PRETO - PRUDENCIAL;1000084349;b1;S4;I;3;RIBEIRAO PRETO;SP;03/2024;16.254;0;0;195.871;0;0;212.125;304.051;338.962;138.966;128.232;0;0;606.160;282.653;1.404.989;0;19.933;1.424.923;218.144;1.643.067
COOPERATIVA DE CRÉDITO DE LIVRE ADMISSÃO DA REGIÃO DO CIRCUITO CAMPOS DAS VERTENTES LTDA - SICOOB COPERMEC;2232383;b3S;S5;I;2;CLAUDIO;MG;03/2024;205.646;0;0;926.850;0;1.333;1.133.829;0;129.025;61.610;0;0;0;190.635;0;1.324.464;0;97.794;1.422.258;218.310;1.640.569
CORA SCD - PRUDENCIAL;1000085317;n1;S5;I;2;SAO PAULO;SP;03/2024;0;0;0;0;1.362.601;0;1.362.601;0;0;0;0;0;0;0;1.923;1.364.524;0;127.752;1.492.276;137.864;1.630.140
COOPERATIVA DE CRÉDITO DOS EMPRESÁRIOS E EMPREGADOS DOS TRANSPORTES E CORREIOS DO SUL DO BRASIL - TRANSPOCRED;8075352;b3S;S5;I;2;FLORIANOPOLIS;SC;03/2024;136.077;0;0;677.222;0;0;813.299;0;6.543;0;0;0;0;6.543;136.996;956.838;0;473.838;1.430.676;195.527;1.626.203
LEASEPLAN AM S.A. - PRUDENCIAL;1000082963;n1;S4;I;3;SAO PAULO;SP;03/2024;0;0;0;0;0;0;0;0;0;0;0;0;0;0;1.046.390;1.046.390;0;174.395;1.220.785;398.365;1.619.151
COOPERATIVA DE CRÉDITO DO NORTE E NOROESTE DE MINAS GERAIS LTDA. - SICOOB CREDIGERAIS;698609;b3S;S5;I;2;PARACATU;MG;03/2024;227.075;0;0;387.134;0;0;614.209;0;8.902;162.507;0;0;0;171.408;163.063;948.680;0;424.956;1.373.636;245.021;1.618.657
BCO DES. DO ES S.A. - PRUDENCIAL;1000081304;b4;S4;I;1;VITORIA;ES;03/2024;29.494;0;0;158.365;0;0;187.859;0;0;0;0;0;0;0;433.455;621.314;0;532.871;1.154.185;447.934;1.602.119
COOPERATIVA DE CRÉDITO, POUPANÇA E INVESTIMENTO VALE DO JAGUARI E ZONA DA MATA - SICREDI VALE DO JAGUARI E ZONA DA MATA RS/MG;87780284;b3S;S4;I;2;SANTIAGO;RS;03/2024;161.301;0;130.892;331.638;0;1.649;625.480;0;6.776;0;0;0;0;6.776;5;632.260;0;608.850;1.241.111;352.522;1.593.633
BANCO BARI DE INVESTIMENTO E FINANCI. - PRUDENCIAL;1000080893;b1;S4;C;2;CURITIBA;PR;03/2024;18.704;0;0;465.198;134;0;484.035;0;879.211;0;0;0;0;879.211;99;1.363.346;438;68.733;1.432.516;160.726;1.593.242
COOPERATIVA DE ECONOMIA E CRÉDITO MÚTUO UNICRED INTEGRAÇÃO LTDA.;73750424;b3S;S5;I;2;CAXIAS DO SUL;RS;03/2024;138.413;0;0;982.527;0;2.737;1.123.677;0;196.609;0;0;0;0;196.609;0;1.320.286;0;98.614;1.418.900;161.458;1.580.358
EDENRED SOLUCOES E IP AHA - PRUDENCIAL;1000084916;n4;;C;3;BARUERI;SP;03/2024;0;0;0;0;221.745;0;221.745;0;0;0;0;0;0;0;0;221.745;4.912;1.124.180;1.350.838;210.869;1.561.706
TULLETT PREBON BRASIL S.A. CTVM - PRUDENCIAL;1000082619;n2;S4;C;3;SAO PAULO;SP;03/2024;0;0;0;0;0;35.502;35.502;0;0;0;0;0;0;0;0;35.502;1.309.498;91.862;1.436.862;108.923;1.545.785
COOPERATIVA DE CRÉDITO E INVESTIMENTO COM INTERAÇÃO SOLIDÁRIA DO VALE EUROPEU - CRESOL VALE EUROPEU;7512780;b3S;S5;I;2;AGUAS MORNAS;SC;03/2024;168.071;99.446;4.335;599.029;0;0;870.880;0;0;0;0;0;0;0;0;870.880;0;441.382;1.312.262;219.540;1.531.802
PRIMACREDI CREDISIS - COOPERATIVA DE CRÉDITO DE PRIMAVERA DO LESTE;26563270;b3S;S5;I;2;PRIMAVERA DO LESTE;MT;03/2024;183.730;0;0;319.226;0;0;502.957;0;0;786.372;0;0;0;786.372;25.474;1.314.803;0;47.218;1.362.021;167.306;1.529.327
COOPERATIVA DE CRÉDITO ALTO VALE DO ITAJAÍ - SICOOB ALTO VALE;80959612;b3S;S5;I;2;RIO DO SUL;SC;03/2024;286.691;0;0;714.896;0;0;1.001.587;0;30.330;92.709;0;0;0;123.040;6.517;1.131.143;0;216.993;1.348.136;175.677;1.523.813
COOPERATIVA DE CRÉDITO CREDILIVRE LTDA. - SICOOB CREDILIVRE;41697103;b3S;S5;I;2;MANHUACU;MG;03/2024;274.346;0;0;554.784;0;0;829.131;0;8.796;55.814;0;0;0;64.610;0;893.741;0;381.731;1.275.472;247.431;1.522.903
SICOOB MANTIQUEIRA - COOPERATIVA DE CRÉDITO DE LIVRE ADMISSÃO;71698674;b3S;S5;I;2;TAUBATE;SP;03/2024;202.714;0;0;832.302;0;1.126;1.036.141;0;232.744;13.628;0;0;0;246.372;0;1.282.513;0;52.931;1.335.444;181.158;1.516.602
COOPERATIVA DE CREDITO CREDICERIPA - SICOOB CREDICERIPA;966246;b3S;S4;I;2;ITAI;SP;03/2024;264.343;0;0;672.060;0;139;936.542;0;70.550;162.603;0;0;0;233.153;0;1.169.695;0;168.118;1.337.813;175.801;1.513.614
COOPERATIVA DE CRÉDITO CREDIGUAÇU - SICOOB CREDIGUAÇU;67960229;b3S;S4;I;2;DESCALVADO;SP;03/2024;273.929;0;0;830.430;0;0;1.104.359;0;2.381;165.736;0;0;0;168.117;0;1.272.477;0;30.248;1.302.724;208.927;1.511.651
COOPERATIVA DE CRÉDITO UNICRED VALE LTDA - UNICRED VALE;73443863;b3S;S5;I;2;BLUMENAU;SC;03/2024;134.554;0;0;985.732;0;1.995;1.122.281;0;167.212;0;0;0;0;167.212;0;1.289.493;0;82.017;1.371.510;132.340;1.503.850
COOPERATIVA DE CREDITO DO CENTRO DO ESTADO DE RONDONIA - SICOOB CENTRO;8044854;b3S;S5;I;2;JI-PARANA;RO;03/2024;264.921;0;0;303.058;0;0;567.979;0;35.030;166.396;0;0;0;201.426;1.061;770.466;0;519.564;1.290.029;211.804;1.501.833
S3 CACEIS BRASIL DTVM - PRUDENCIAL;1000086622;n2;S4;I;3;SAO PAULO;SP;03/2024;0;0;0;0;0;0;0;0;0;0;0;0;0;0;0;0;0;250.955;250.955;1.244.582;1.495.537
IUGU IP - PRUDENCIAL;1000085434;n4;;C;2;SAO PAULO;SP;03/2024;0;0;0;0;349.188;0;349.188;0;0;0;0;0;0;0;36.183;385.371;0;887.523;1.272.893;219.990;1.492.884
COOPERATIVA DE CRÉDITO DE LIVRE ADMISSÃO DO ALTO VALE DO ITAJAÍ - VIACREDI ALTO VALE;16779741;b3S;S5;I;2;IBIRAMA;SC;03/2024;187.507;46.104;0;890.288;0;0;1.123.899;0;49.759;0;0;0;0;49.759;0;1.173.657;0;101.746;1.275.403;214.234;1.489.637
COOPERATIVA DE CRÉDITO E ECONOMIA COM INTERAÇÃO SOLIDÁRIA - CRESOL NOROESTE;2663426;b3S;S5;I;2;CONSTANTINA;RS;03/2024;86.353;17.817;177;485.385;0;0;589.733;0;0;0;0;0;0;0;21.571;611.304;0;708.338;1.319.643;165.967;1.485.609
COOPERATIVA DE CRÉDITO DOS MÉDICOS, DENTISTAS, PROFISSIONAIS DA ÁREA DE SAÚDE E DE LIVRE ADMISSÃO DO ESTADO DE SÃO PAULO LTDA. - UNICRED DO ESTADO DE SÃO PAULO;71884498;b3S;S5;I;2;CAMPINAS;SP;03/2024;182.104;0;0;951.542;0;5.075;1.138.722;0;61.229;0;0;0;0;61.229;0;1.199.950;0;70.412;1.270.362;213.521;1.483.883
CENTRAL DAS COOPERATIVAS DE CRÉDITO DOS ESTADOS DE MATO GROSSO, MATO GROSSO DO SUL E DO MUNICÍPIO DE CACOAL/RO - SICOOB CENTRAL RONDON;106180;b3C;S4;I;2;CUIABA;MT;03/2024;0;0;0;0;0;0;0;0;0;0;0;0;0;0;0;0;0;1.358.518;1.358.518;121.938;1.480.456
COOPERATIVA DE CRÉDITO, POUPANÇA E INVESTIMENTO VALOR SUSTENTÁVEL - SICREDI VALOR SUSTENTÁVEL PR/SP;81706616;b3S;S4;I;2;JANDAIA DO SUL;PR;03/2024;136.865;0;236.437;375.964;0;349;749.615;0;13.647;0;0;0;0;13.647;2.105;765.366;0;538.160;1.303.527;174.108;1.477.634
AF DO ESTADO DE SC S.A. - PRUDENCIAL;1000081074;n1;S4;C;1;FLORIANOPOLIS;SC;03/2024;2.062;0;0;0;0;0;2.062;0;0;0;0;0;0;0;452.889;454.951;0;91.722;546.673;914.277;1.460.950
BRAZA BANK BCO CÂMBIO - PRUDENCIAL;1000081294;b2;S4;I;2;CURITIBA;PR;03/2024;7.905;0;0;0;0;0;7.905;300;0;0;0;0;0;0;74.907;83.112;0;1.340.304;1.423.416;35.886;1.459.302
COOPERATIVA DE CRÉDITO E INVESTIMENTO COM INTERAÇÃO SOLIDÁRIA UNIÃO - CRESOL UNIÃO;2446089;b3S;S5;I;2;CORONEL VIVIDA;PR;03/2024;112.619;24.600;2.425;531.709;0;0;671.353;0;0;0;0;0;0;0;1.001;672.355;0;637.584;1.309.939;143.822;1.453.761
COOPERATIVA DE CRÉDITO UNICRED EVOLUÇÃO LTDA. - UNICRED EVOLUÇÃO;1727929;b3S;S5;I;2;PATOS DE MINAS;MG;03/2024;167.436;0;0;748.992;0;0;916.428;0;195.251;0;8.930;0;0;204.181;21.214;1.141.823;0;123.021;1.264.844;185.134;1.449.978
SENFFNET IP - PRUDENCIAL;1000083670;b1;S4;C;2;CURITIBA;PR;03/2024;6.060;0;0;424.206;2.017;0;432.283;0;34.129;13.375;0;0;14.297;61.801;1.744;495.828;0;703.516;1.199.344;246.415;1.445.759
COOPERATIVA DE CRÉDITO, POUPANÇA E INVESTIMENTO DA REGIÃO CENTRO OESTE PAULISTA - SICREDI CENTRO OESTE PAULISTA;4463602;b3S;S4;I;2;MARILIA;SP;03/2024;161.452;0;73.424;848.420;0;155;1.083.451;0;8.615;0;0;0;0;8.615;7;1.092.072;0;199.693;1.291.766;144.991;1.436.756
COOPERATIVA DE CRÉDITO SICOOB CREDICAPITAL;4529074;b3S;S5;I;2;CASCAVEL;PR;03/2024;235.011;0;0;541.626;0;869;777.505;0;84.710;172.524;0;0;0;257.234;896;1.035.636;0;253.623;1.289.259;146.324;1.435.583
COOPERATIVA DE CRÉDITO E INVESTIMENTO COM INTERAÇÃO SOLIDÁRIA RAIZ - CRESOL RAIZ;17343510;b3S;S5;I;2;FREDERICO WESTPHALEN;RS;03/2024;78.529;81.814;1.391;545.729;0;0;707.462;0;0;0;0;0;0;0;9.879;717.341;0;556.676;1.274.018;155.201;1.429.219
BANCO B3 - PRUDENCIAL;1000081225;b1;S4;C;2;SAO PAULO;SP;03/2024;52.322;0;0;0;0;440.535;492.858;699.920;0;0;0;0;0;0;0;1.192.777;0;43.974;1.236.752;188.105;1.424.856
COOPERATIVA DE CRÉDITO - SICREDI RIO GRANDE DO NORTE;70038237;b3S;S4;I;2;NATAL;RN;03/2024;391.046;0;860;721.623;0;3.308;1.116.838;0;0;0;0;0;0;0;0;1.116.838;0;119.853;1.236.691;186.333;1.423.024
COOPERATIVA DE CRÉDITO SUL-LITORÂNEA DO ESPÍRITO SANTO;32474884;b3S;S5;I;2;ALFREDO CHAVES;ES;03/2024;271.603;0;0;720.379;0;822;992.804;0;14.170;54.692;0;0;0;68.863;18.000;1.079.667;0;80.836;1.160.503;228.224;1.388.727
COOPERATIVA CENTRAL DE CRÉDITO DA BAHIA LTDA - SICOOB CENTRAL BA;34148882;b3C;S4;I;2;SALVADOR;BA;03/2024;0;0;0;168.146;0;178;168.324;0;0;0;0;0;0;0;0;168.324;0;1.096.210;1.264.534;119.894;1.384.427
COOPERATIVA DE CRÉDITO DE LIVRE ADMISSÃO DO OESTE MINEIRO LTDA. - SICOOB CREDICOPA;71297899;b3S;S5;I;2;PATOS DE MINAS;MG;03/2024;224.326;0;0;574.951;0;763;800.039;0;118.477;60.555;0;0;0;179.031;0;979.070;0;151.283;1.130.354;251.634;1.381.988
COOPERATIVA DE CRÉDITO CREDINTER LTDA. - SICOOB CREDINTER;24048910;b3S;S5;I;2;GUARANESIA;MG;03/2024;170.486;0;0;527.699;0;270;698.455;0;62.755;89.700;0;0;0;152.455;59.702;910.612;0;265.418;1.176.030;199.822;1.375.852
COOPERATIVA DE CRÉDITO NOROESTE DE MINAS LTDA. - SICOOB NOROESTE DE MINAS;86564051;b3S;S5;I;2;UNAI;MG;03/2024;168.853;0;0;281.789;0;0;450.643;0;50.250;223.857;0;0;0;274.107;63.188;787.937;0;405.077;1.193.014;168.583;1.361.597
COOPERATIVA DE CRÉDITO DA AMAZÔNIA - SICOOB AMAZÔNIA;5203605;b3S;S5;I;2;BURITIS;RO;03/2024;299.857;0;0;271.377;0;0;571.234;0;0;92.977;0;0;0;92.977;123.295;787.506;0;346.493;1.133.999;213.548;1.347.547
SICREDI CEARÁ - COOPERATIVA DE CRÉDITO DO ESTADO DO CEARÁ;72257793;b3S;S5;I;2;FORTALEZA;CE;03/2024;182.580;0;0;833.511;0;83;1.016.173;0;0;0;0;0;0;0;916;1.017.090;0;134.859;1.151.949;191.762;1.343.711
COOPERATIVA DE CRÉDITO E INVESTIMENTO COM INTERAÇÃO SOLIDÁRIA FRONTEIRAS PR/SC/SP/ES - CRESOL FRONTEIRAS PR/SC/SP/ES;5276770;b3S;S5;I;2;REALEZA;PR;03/2024;84.607;53.116;2.088;426.400;0;0;566.212;0;0;0;0;0;0;0;0;566.212;0;578.486;1.144.697;197.645;1.342.343
ZOOP TECNOLOGIA IP - PRUDENCIAL;1000087346;n4;;I;2;RIO DE JANEIRO;RJ;03/2024;0;0;0;0;285.093;0;285.093;0;0;0;0;0;0;0;151.887;436.980;0;879.695;1.316.675;25.512;1.342.186
COOPERATIVA DE CRÉDITO E INVESTIMENTO COM INTERAÇÃO SOLIDÁRIA TRADIÇÃO - CRESOL TRADIÇÃO;4350225;b3S;S5;I;2;FRANCISCO BELTRAO;PR;03/2024;105.809;38.071;2.991;508.619;0;0;655.491;0;0;0;0;0;0;0;0;655.491;0;497.500;1.152.990;188.718;1.341.708
COOPERATIVA DE CRÉDITO E INVESTIMENTO LIBERDADE - SICREDI LIBERDADE;88530142;b3S;S4;I;2;BAGE;RS;03/2024;138.862;0;103.932;405.452;0;3.925;652.171;0;1.971;0;0;0;0;1.971;0;654.142;0;428.864;1.083.006;253.980;1.336.986
COOPERATIVA DE CRÉDITO DE LIVRE ADMISSÃO DE ITAÚNA E REGIÃO LTDA - SICOOB CENTRO-OESTE;66463407;b3S;S5;I;2;ITAUNA;MG;03/2024;174.895;0;0;884.894;0;2.400;1.062.189;0;83.235;0;0;0;0;83.235;0;1.145.424;0;24.434;1.169.857;150.356;1.320.213
COOPERATIVA DE CRÉDITO DE LIVRE ADMISSÃO DA UNIÃO DOS VALES DO PIRANGA E MATIPÓ LTDA. - SICOOB UNIÃO DOS VALES;1060307;b3S;S5;I;2;RAUL SOARES;MG;03/2024;250.852;0;0;604.512;0;738;856.103;0;5.473;76.673;0;0;0;82.146;0;938.248;0;230.126;1.168.375;141.770;1.310.144
COOPERATIVA DE CRÉDITO DE LIVRE ADMISSÃO DE ASSOCIADOS DO PLANALTO CATARINENSE SICOOB CREDIPLANALTO SC/RS;1389651;b3S;S5;I;2;PAPANDUVA;SC;03/2024;176.563;0;0;608.754;0;73;785.390;0;58.233;100.968;0;0;0;159.201;1.751;946.342;0;215.106;1.161.448;143.613;1.305.061
UBS - PRUDENCIAL;1000080989;b2;S4;C;3;SAO PAULO;SP;03/2024;0;0;0;0;0;113.955;113.955;0;0;0;0;0;0;0;0;113.955;0;590.922;704.877;585.540;1.290.417
BCO KEB DO BRASIL SA - PRUDENCIAL;1000081232;b1;S4;I;3;SAO PAULO;SP;03/2024;58.436;0;0;719.622;0;0;778.058;0;0;0;0;0;0;0;310.211;1.088.269;0;6.724;1.094.993;184.984;1.279.977
COOPERATIVA DE CRÉDITO COOPERAÇÃO - SICREDI COOPERAÇÃO;87779625;b3S;S4;I;2;NAO-ME-TOQUE;RS;03/2024;149.173;4.288;5.791;464.423;0;2.300;625.974;0;4.509;0;0;0;0;4.509;1;630.485;0;389.799;1.020.283;259.470;1.279.754
COOPERATIVA DE CRÉDITO DE LIVRE ADMISSÃO DO CENTRO NORTE DOS ESTADOS DE MATO GROSSO E MATO GROSSO DO SUL - SICOOB UNIÃO MT/MS;3326437;b3S;S5;I;2;CUIABA;MT;03/2024;207.737;0;0;380.645;0;0;588.382;0;32.044;135.327;0;0;0;167.371;152.096;907.850;0;166.956;1.074.805;178.092;1.252.897
COOPERATIVA DE CRÉDITO DE LIVRE ADMISSÃO DO NORTE DE MATO GROSSO - SICOOB NORTE MT;23623636;b3S;S5;I;2;SINOP;MT;03/2024;293.276;0;0;316.840;0;0;610.115;0;84.129;93.321;0;0;0;177.449;130.873;918.438;0;136.356;1.054.793;170.391;1.225.185
COOPERATIVA DE CRÉDITO COOPACREDI LTDA. - SICOOB COOPACREDI;65229254;b3S;S5;I;2;PATROCINIO;MG;03/2024;163.175;0;0;262.586;0;0;425.761;0;8.288;171.017;0;0;0;179.305;116.175;721.240;0;275.156;996.396;208.089;1.204.485
CARUANA SCFI - PRUDENCIAL;1000083591;n1;S4;I;2;SAO PAULO;SP;03/2024;0;0;0;917.755;41.182;0;958.937;0;0;0;981;0;65.050;66.031;0;1.024.967;0;38.289;1.063.256;131.898;1.195.154
AME DIGITAL BRASIL IP - PRUDENCIAL;1000086488;n1;S5;C;2;SAO PAULO;SP;03/2024;0;0;0;0;179.398;0;179.398;0;0;0;0;0;0;0;0;179.398;0;462.677;642.075;532.679;1.174.754
COOPERATIVA DE CRÉDITO E INVESTIMENTO COM INTERAÇÃO SOLIDÁRIA INTEGRAÇÃO - CRESOL INTEGRAÇÃO;7268499;b3S;S5;I;2;TOLEDO;PR;03/2024;76.492;39.364;1.153;337.644;0;0;454.653;0;0;0;0;0;0;0;0;454.653;0;585.716;1.040.369;131.510;1.171.879
DESENBAHIA AG FOMENTO BAHIA SA - PRUDENCIAL;1000081067;n1;S4;I;1;SALVADOR;BA;03/2024;0;0;0;0;0;0;0;0;0;0;0;0;0;0;258.303;258.303;0;127.150;385.454;783.792;1.169.246
COOPERATIVA DE CRÉDITO DE LIVRE ADMISSÃO SICOOB ARENITO PARANÁ / SÃO PAULO;7026923;b3S;S5;I;2;UMUARAMA;PR;03/2024;188.719;0;0;477.067;0;123;665.909;0;3.248;142.914;0;0;0;146.162;0;812.071;0;234.769;1.046.840;120.998;1.167.837
BBC S.A. - PRUDENCIAL;1000084480;b1;S4;C;2;SAO PAULO;SP;03/2024;0;0;25.458;662.219;6.114;0;693.791;0;0;0;0;0;31.942;31.942;0;725.734;0;169.272;895.005;258.892;1.153.897
COOPERATIVA DE CRÉDITO E INVESTIMENTO COM INTERAÇÃO SOLIDÁRIA UNIÃO DOS VALES - CRESOL UNIÃO DOS VALES;5231945;b3S;S5;I;2;IVAIPORA;PR;03/2024;98.254;34.495;15.703;252.076;0;0;400.528;0;0;0;0;0;0;0;21.809;422.337;0;576.998;999.335;140.124;1.139.460
CONFEDERAÇÃO NACIONAL DAS COOPERATIVAS CENTRAIS UNICRED LTDA. - UNICRED DO BRASIL.;315557;b3C;S4;I;2;SAO PAULO;SP;03/2024;0;0;0;0;0;0;0;0;0;0;0;0;0;0;0;0;0;856.187;856.187;271.712;1.127.899
FORTBRASIL IP - PRUDENCIAL;1000085245;n4;;C;2;FORTALEZA;CE;03/2024;0;0;0;0;0;0;0;0;0;0;0;0;0;0;267.412;267.412;0;611.925;879.337;246.161;1.125.497
STARK SCD - PRUDENCIAL;1000085513;n1;S5;C;2;SAO PAULO;SP;03/2024;0;0;0;0;862.926;0;862.926;0;0;0;0;0;0;0;0;862.926;0;49.215;912.141;207.580;1.119.722
COOPERATIVA DE CRÉDITO INTEGRADO - SICOOB INTEGRADO;7122321;b3S;S5;I;2;PATO BRANCO;PR;03/2024;182.213;0;0;545.166;0;71;727.450;0;35.855;78.856;0;0;0;114.711;0;842.161;0;159.486;1.001.647;112.651;1.114.299
BANCO MONEO S.A. - PRUDENCIAL;1000081500;b2;S4;I;2;CAXIAS DO SUL;RS;03/2024;0;0;0;39.066;0;0;39.066;0;0;0;0;0;0;0;765.782;804.848;0;21.656;826.505;274.801;1.101.306
BANCO SEMEAR - PRUDENCIAL;1000081380;b1;S4;I;2;BELO HORIZONTE;MG;03/2024;26.861;0;0;891.018;0;0;917.879;0;8.358;0;0;0;0;8.358;0;926.236;10;59.947;986.193;112.380;1.098.573
CENTRAL DAS COOPERATIVAS DE CRÉDITO DO NORDESTE - SICOOB CENTRAL NE;70116611;b3C;S4;I;2;JOAO PESSOA;PB;03/2024;0;0;0;78.807;0;0;78.807;0;0;0;0;0;0;0;0;78.807;0;962.381;1.041.187;55.753;1.096.940
COOPERATIVA DE CRÉDITO DE LIVRE ADMISSÃO DE ASSOCIADOS - SICOOB CREDICARU SC/RS;694389;b3S;S5;I;2;SAO JOSE DO CERRITO;SC;03/2024;102.871;0;0;272.099;0;0;374.970;0;43.779;123.639;0;0;0;167.418;2.405;544.793;0;350.190;894.983;200.821;1.095.804
COOPERATIVA DE CRÉDITO E INVESTIMENTO COM INTERAÇÃO SOLIDÁRIA CENTRO SUL RS/MS - CRESOL CENTRO SUL RS/MS;2910987;b3S;S5;I;2;ERECHIM;RS;03/2024;85.911;77.291;4.607;396.887;0;0;564.697;0;0;0;0;0;0;0;13.342;578.039;0;372.153;950.192;142.071;1.092.263
COOPERATIVA DE ECONOMIA E CRÉDITO MÚTUO UNICRED PONTO CAPITAL - UNICRED PONTO CAPITAL.;2641032;b3S;S5;I;2;SANTA MARIA;RS;03/2024;71.426;0;0;573.082;0;1.588;646.097;0;192.706;0;97.175;0;0;289.881;0;935.978;0;50.860;986.838;103.479;1.090.318
COOPERATIVA DE CRÉDITO CREDIVERTENTES LTDA. - SICOOB CREDIVERTENTES;22724710;b3S;S5;I;2;SAO TIAGO;MG;03/2024;188.591;0;0;493.308;0;1.879;683.778;0;33.718;138.486;0;0;0;172.203;0;855.982;0;64.553;920.535;165.223;1.085.757
COOPERATIVA DE CRÉDITO DE LIVRE ADMISSÃO DE SÃO ROQUE DE MINAS LTDA.;66402207;b3S;S5;I;2;SAO ROQUE DE MINAS;MG;03/2024;161.917;0;0;451.089;0;107;613.113;0;52.819;103.258;0;0;0;156.077;0;769.190;0;179.233;948.423;124.687;1.073.110
CREDISIS CREDIARI - COOPERATIVA DE CRÉDITO LTDA.;3222753;b3S;S5;I;2;ARIQUEMES;RO;03/2024;161.083;0;0;412.155;0;0;573.238;0;0;29.851;0;0;0;29.851;0;603.089;0;99.998;703.088;369.426;1.072.514
COOPERATIVA DE CRÉDITO CREDICAF LTDA - SICOOB CREDICAF;25395435;b3S;S5;I;2;LAJINHA;MG;03/2024;145.226;0;0;284.370;0;0;429.596;0;4.224;115.513;0;0;0;119.737;0;549.333;0;360.159;909.492;157.085;1.066.577
CHG-MERIDIAN DO BRASIL AM S.A. - PRUDENCIAL;1000082994;n1;S4;I;3;BARUERI;SP;03/2024;0;0;0;0;0;0;0;0;0;0;0;0;24.793;24.793;725.753;750.546;3.899;118.534;872.979;181.429;1.054.408
COOPERATIVA DE CRÉDITO EVOLUA;10311218;b3S;S5;I;2;FRANCISCO BELTRAO;PR;03/2024;77.158;0;0;260.567;0;0;337.725;0;65.020;0;0;0;0;65.020;177.821;580.566;0;349.645;930.211;122.972;1.053.183
CONFIDENCE - PRUDENCIAL;1000080783;b2;S4;C;3;SAO PAULO;SP;03/2024;0;0;0;0;32.144;127.303;159.447;0;0;0;0;0;0;0;7.926;167.373;210;564.976;732.559;319.226;1.051.785
DLOCAL BRASIL INSTITUIÇÃO DE PAGAMENTO - PRUDENCIA;1000087133;n4;;I;3;SAO PAULO;SP;03/2024;0;0;0;0;367.272;0;367.272;0;0;0;0;0;0;0;0;367.272;0;545.479;912.751;138.877;1.051.627
SINGULARE CTVM - PRUDENCIAL;1000085386;n2;S4;I;2;SAO PAULO;SP;03/2024;0;0;0;0;0;266.216;266.216;659.262;0;0;0;0;0;0;0;925.478;0;46.222;971.700;76.459;1.048.159
COOPERATIVA DE CRÉDITO DE LIVRE ADMISSÃO DA PARAÍBA - SICOOB PARAÍBA;11907520;b3S;S5;I;2;CAMPINA GRANDE;PB;03/2024;190.167;0;0;575.574;0;0;765.741;0;45.850;3.751;0;0;0;49.601;0;815.342;0;35.996;851.338;191.182;1.042.520
COOPERATIVA DE CRÉDITO DOS PROFISSIONAIS DA ÁREA DA SAÚDE E DE LIVRE ADMISSÃO LTDA - UNICRED ALIANÇA;70937271;b3S;S5;I;2;UBERLANDIA;MG;03/2024;135.260;0;0;615.266;0;0;750.526;0;108.086;0;0;0;0;108.086;0;858.612;0;89.687;948.299;91.226;1.039.525
COOPERATIVA DE CRÉDITO CREDIFOR LTDA - SICOOB CREDIFOR;41931445;b3S;S5;I;2;FORMIGA;MG;03/2024;169.752;0;0;597.322;0;0;767.075;0;19.227;27.079;0;0;0;46.306;0;813.381;0;132.819;946.200;93.126;1.039.327
COOPERATIVA DE CRÉDITO CREDINOR LTDA - SICOOB CREDINOR;21866694;b3S;S5;I;2;MONTES CLAROS;MG;03/2024;188.828;0;0;448.148;0;2.049;639.025;0;1.193;120.380;0;0;0;121.572;14.859;775.457;0;104.018;879.474;152.409;1.031.883
COOPERATIVA DE CREDITO COOPLIVRE;49389307;b3S;S5;I;2;CAPIVARI;SP;03/2024;155.661;0;0;468.148;0;0;623.810;0;48.382;110.137;0;0;0;158.519;945;783.274;0;127.903;911.176;113.656;1.024.833
SWAP MEIOS DE PAGAMENTOS IP - PRUDENCIAL;1000086732;n4;;I;3;SAO PAULO;SP;03/2024;0;0;0;0;153.787;0;153.787;0;0;0;0;0;0;0;0;153.787;0;834.736;988.523;22.811;1.011.335
BCO WOORI BANK DO BRASIL S.A. - PRUDENCIAL;1000081823;b1;S4;I;3;SAO PAULO;SP;03/2024;49.337;0;0;473.483;0;3.747;526.567;350.105;0;0;0;0;0;0;29.552;906.224;0;2.600;908.824;96.505;1.005.329
COOPERATIVA DE CRÉDITO CREDICOCAPEC;67096909;b3S;S4;I;2;FRANCA;SP;03/2024;119.432;0;0;332.353;0;0;451.785;0;18.137;193.806;0;0;0;211.943;0;663.728;0;129.469;793.197;209.352;1.002.549
COOPERATIVA DE CRÉDITO E ECONOMIA COM INTERAÇÃO SOLIDÁRIA DO PLANALTO SERRA DO RIO GRANDE DO SUL - CRESOL PLANALTO SERRA;5863726;b3S;S5;I;2;SANANDUVA;RS;03/2024;96.468;59.255;3.906;334.723;0;0;494.352;0;0;0;0;0;0;0;0;494.352;0;406.581;900.933;96.757;997.690
COOPERATIVA DE CRÉDITO DE LIVRE ADMISSÃO TRÊS FRONTEIRAS - SICOOB TRÊS FRONTEIRAS;4876393;b3S;S5;I;2;FOZ DO IGUACU;PR;03/2024;146.409;0;0;446.429;0;186;593.024;0;48.083;76.805;0;0;0;124.888;0;717.912;0;175.112;893.024;102.773;995.796
ASAAS GESTAO FINANCEIRA IP - PRUDENCIAL;1000085771;n1;S4;C;2;JOINVILLE;SC;03/2024;0;0;0;0;524.479;0;524.479;0;0;0;0;0;0;0;2.775;527.254;0;407.475;934.729;58.677;993.406
COOPERATIVA DE CREDITO CREDISUDESTE LTDA. - SICOOB CREDISUDESTE;22656789;b3S;S5;I;2;MURIAE;MG;03/2024;193.140;0;0;341.460;0;30;534.630;0;14.474;74.224;0;0;0;88.697;205;623.533;0;233.983;857.516;111.384;968.900
ACG IP - PRUDENCIAL;1000086093;n4;;I;2;SAO PAULO;SP;03/2024;0;0;0;0;684.072;0;684.072;0;0;0;0;0;0;0;0;684.072;0;227.812;911.885;51.212;963.097
CREDISIS JICRED - COOPERATIVA DE CRÉDITO DE LIVRE ADMISSÃO JICRED;2309070;b3S;S5;I;2;JI-PARANA;RO;03/2024;181.105;0;0;337.557;0;0;518.662;0;0;133.119;0;0;0;133.119;50;651.831;0;131.024;782.855;178.172;961.027
COBUCCIO SCFI - PRUDENCIAL;1000085173;n1;S4;C;2;MONTE BELO;MG;03/2024;0;0;0;0;0;0;0;0;0;0;0;0;0;0;20.000;20.000;0;809.197;829.197;129.682;958.879
COOPERATIVA DE CRÉDITO DE LIVRE ADMISSÃO DE ASSOCIADOS NOVA TRENTO   SICOOB TRENTOCREDI SC;2641969;b3S;S5;I;2;NOVA TRENTO;SC;03/2024;181.577;0;0;527.130;0;803;709.510;0;55.924;0;0;0;0;55.924;1.880;767.314;0;16.828;784.142;165.696;949.838
ZEMA CFI - PRUDENCIAL;1000083584;n1;S4;C;2;ARAXA;MG;03/2024;0;0;5.006;635.203;144;0;640.354;0;0;0;0;0;13.517;13.517;0;653.871;0;50.169;704.040;245.664;949.704
COOPERATIVA DE CREDITO NOSSO - SICOOB NOSSO;59869560;b3S;S5;I;2;ADAMANTINA;SP;03/2024;124.390;0;0;394.719;0;391;519.499;0;56.425;92.797;0;0;0;149.222;0;668.721;0;146.202;814.922;132.782;947.704
COOPERATIVA DE CRÉDITO CREDISG LTDA. - SICOOB CREDISG;3645752;b3S;S5;I;2;SAO GOTARDO;MG;03/2024;139.652;0;0;318.123;0;0;457.775;0;17.108;87.124;0;0;0;104.232;1.035;563.042;0;221.793;784.835;158.013;942.848
COOPERATIVA DE CRÉDITO DE LIVRE ADMISSÃO DE ASSOCIADOS ITAPIRANGA - SICOOB CREDITAPIRANGA SC/RS;78483310;b3S;S5;I;2;ITAPIRANGA;SC;03/2024;87.734;0;0;386.580;0;3.789;478.102;0;12.701;110.381;0;0;0;123.082;1.247;602.431;0;239.439;841.870;99.596;941.465
COOPERATIVA DE CRÉDITO CREDIUNA LTDA - SICOOB CREDIUNA;64237530;b3S;S5;I;2;ITAUNA;MG;03/2024;161.833;0;0;424.393;0;463;586.689;0;29.385;33.751;0;0;0;63.135;0;649.825;0;127.951;777.775;161.420;939.196
COOPERATIVA DE ECONOMIA E CRÉDITO MÚTUO DOS MÉDICOS DOS VALES DO TAQUARI E RIO PARDO E REGIÃO DA PRODUÇÃO LTDA. - UNICRED PREMIUM;1635462;b3S;S5;I;2;LAJEADO;RS;03/2024;58.696;0;0;536.617;0;0;595.314;0;167.485;0;14.522;0;0;182.007;0;777.321;0;49.185;826.506;109.229;935.735
HS FINANCEIRA - PRUDENCIAL;1000083522;n1;S4;C;2;DOIS IRMAOS;RS;03/2024;0;0;0;9.505;0;0;9.505;0;0;0;0;0;89.012;89.012;0;98.517;0;303.142;401.659;533.449;935.107
COOPERATIVA DE CRÉDITO NOSSOCRÉDITO LTDA - SICOOB NOSSOCRÉDITO;22760839;b3S;S5;I;2;SAO SEBASTIAO DO PARAISO;MG;03/2024;135.767;0;0;397.631;0;20;533.417;0;65.035;110.964;0;0;0;175.999;233;709.648;0;83.355;793.004;140.595;933.599
DEUTSCHE SPARKASSEN LEASING DO BRASIL - PRUDENCIAL;1000084545;b2;S4;I;3;SAO PAULO;SP;03/2024;0;0;260.974;0;0;0;260.974;0;0;0;0;0;0;0;414.816;675.790;1.833;152.234;829.858;102.689;932.546
BANCO KOMATSU DO BRASIL - PRUDENCIAL;1000084576;b2;S4;I;3;SAO PAULO;SP;03/2024;0;0;71.170;0;0;0;71.170;0;0;0;27.532;0;0;27.532;552.440;651.142;39.704;48.165;739.011;191.519;930.530
COOPERATIVA DE POUPANÇA E CRÉDITO DO VALE DO RIO DOCE LTDA - SICOOB CREDIRIODOCE;25606237;b3S;S5;I;2;GOVERNADOR VALADARES;MG;03/2024;195.234;0;0;417.403;0;636;613.272;0;24.274;86.370;0;0;0;110.644;0;723.916;0;96.325;820.241;108.304;928.544
COOPERATIVA DE CRÉDITO DE LIVRE ADMISSÃO DO ESTADO DE SÃO PAULO - SICOOB PAULISTA;10262276;b3S;S5;I;2;PRESIDENTE PRUDENTE;SP;03/2024;159.563;0;0;561.105;0;0;720.668;0;47.482;12.480;0;0;0;59.961;0;780.629;0;53.014;833.643;91.244;924.887
COOPERATIVA DE CRÉDITO E CAPTAÇÃO SICOOB UNICIDADES;3047549;b3S;S5;I;2;RIO VERDE;GO;03/2024;128.889;0;0;286.989;0;0;415.878;0;21.160;68.784;0;0;0;89.944;0;505.822;0;258.747;764.569;159.900;924.469
COOPERATIVA DE CRÉDITO CREDCOOPER LTDA - SICOOB CREDCOOPER;19449602;b3S;S5;I;2;CARATINGA;MG;03/2024;155.556;0;0;301.366;0;232;457.153;0;16.654;56.408;0;0;0;73.062;246;530.461;0;256.976;787.437;128.075;915.512
VORTX DTVM - PRUDENCIAL;1000084538;n1;S4;C;2;SAO PAULO;SP;03/2024;0;0;0;0;259.231;0;259.231;529.961;0;0;0;0;0;0;0;789.192;0;40.529;829.721;85.737;915.457
COOPERATIVA DE CRÉDITO CREDISETE LTDA. - SICOOB CREDISETE;22753982;b3S;S5;I;2;SETE LAGOAS;MG;03/2024;173.980;0;0;554.506;0;41;728.527;0;9.634;27.675;0;0;0;37.309;0;765.836;0;33.811;799.647;103.551;903.198
COOPERATIVA DE CRÉDITO DA FOZ DO RIO ITAJAÍ AÇU - CREDIFOZ;9512539;b3S;S5;I;2;ITAJAI;SC;03/2024;145.262;8.185;0;432.429;0;0;585.877;0;21.581;0;0;0;0;21.581;45.183;652.641;0;100.747;753.388;145.927;899.315
COOPERATIVA DE CRÉDITO DE LIVRE ADMISSÃO DO VALE DO ARAGUAIA LTDA.;24830879;b3S;S5;I;2;MINEIROS;GO;03/2024;233.565;0;0;206.876;0;715;441.156;0;45;87.726;0;0;0;87.771;0;528.927;0;51.300;580.227;316.763;896.989
QI SCD - PRUDENCIAL;1000084882;n1;S4;C;2;SAO PAULO;SP;03/2024;0;0;0;0;678.797;0;678.797;0;0;0;0;0;0;0;0;678.797;0;70.916;749.713;140.463;890.176
COOPERATIVA DE CRÉDITO UNIQUE BR;73647935;b3S;S5;I;2;CAMPO GRANDE;MS;03/2024;107.427;0;0;453.246;0;0;560.674;0;69.826;36.728;1.154;0;0;107.708;0;668.382;0;68.368;736.750;151.324;888.074
COOPERATIVA DE ECONOMIA E CRÉDITO MÚTUO UNICRED ELEVA LTDA.;95163002;b3S;S5;I;2;SANTO ANGELO;RS;03/2024;72.419;0;0;493.362;0;113;565.894;0;133.929;0;45.643;0;0;179.572;0;745.466;0;42.562;788.027;93.194;881.221
COOPERATIVA DE CRÉDITO DO NORTE CATARINENSE - ACREDICOOP;3461243;b3S;S5;I;2;JOINVILLE;SC;03/2024;116.113;8.898;0;337.527;0;7;462.545;0;19.861;0;0;0;0;19.861;187.008;669.413;0;101.777;771.191;102.921;874.112
GRANITO IP - PRUDENCIAL;1000086189;n4;;I;2;BARUERI;SP;03/2024;0;0;0;0;0;0;0;0;0;0;0;0;0;0;0;0;0;839.006;839.006;34.772;873.778
BCO ARBI S.A. - PRUDENCIAL;1000081201;b1;S4;I;2;RIO DE JANEIRO;RJ;03/2024;272.123;0;0;353.517;0;0;625.640;147.867;0;0;0;0;0;0;0;773.508;0;37.714;811.221;58.496;869.717
COOPERATIVA DE CRÉDITO E INVESTIMENTO COM INTERAÇÃO SOLIDÁRIA LIDERANÇA - CRESOL LIDERANÇA;2934201;b3S;S5;I;2;CHOPINZINHO;PR;03/2024;63.204;26.747;2.497;216.412;0;0;308.860;0;0;0;0;0;0;0;0;308.860;0;414.731;723.590;129.971;853.561
COOPERATIVA DE CRÉDITO ORIGINAL - SICOOB ORIGINAL;81292278;b3S;S5;I;2;SAO LOURENCO D'OESTE;SC;03/2024;99.196;0;0;298.952;0;1.674;399.823;0;4.317;104.978;0;0;0;109.295;1.568;510.686;0;201.566;712.252;139.307;851.559
SICREDI RECIFE - COOPERATIVA DE CRÉDITO, POUPANÇA E INVESTIMENTO SICREDI RECIFE;70241658;b3S;S5;I;2;RECIFE;PE;03/2024;79.492;189;6.434;599.963;0;892;686.970;0;0;0;0;0;0;0;4.062;691.032;0;59.312;750.344;94.164;844.508
COOPERATIVA DE CRÉDITO, POUPANÇA E INVESTIMENTO DO NOROESTE DO ESTADO DE SÃO PAULO - SICREDI NOROESTE SP;3065046;b3S;S4;I;2;SAO JOSE DO RIO PRETO;SP;03/2024;138.737;0;119.805;348.640;0;151;607.333;0;0;0;0;0;0;0;1.924;609.256;0;138.238;747.494;94.353;841.847
COOPERATIVA DE CRÉDITO DE LIVRE ADMISSÃO DE ASSOCIADOS VALE DO RIO DO PEIXE - SICOOB CREDIRIO SC;78865995;b3S;S5;I;2;JOACABA;SC;03/2024;93.916;0;0;473.292;0;35;567.243;0;21.019;57.596;0;0;0;78.615;937;646.795;0;108.467;755.262;82.820;838.082
COOPERATIVA DE CRÉDITO DE LIVRE ADMISSÃO DE ASSOCIADOS VALE DO CHAPECOZINHO - SICOOB VALCREDI SUL;2090126;b3S;S5;I;2;PASSOS MAIA;SC;03/2024;98.040;0;0;356.250;0;10;454.299;0;51.559;99.272;0;0;0;150.831;1.999;607.129;0;119.565;726.694;100.691;827.386
COOPERATIVA DE CRÉDITO DE LIVRE ADMISSÃO DE BELO HORIZONTE E CIDADES POLO DO ESTADO DE MINAS GERAIS LTDA. - SICOOB NOSSACOOP;1760242;b3S;S5;I;2;BELO HORIZONTE;MG;03/2024;117.745;0;0;417.884;0;0;535.628;0;43.944;3.676;0;0;0;47.619;116.271;699.519;0;34.513;734.031;90.992;825.024
CSILATINA A.M. S.A. - PRUDENCIAL;1000082970;n1;S4;I;3;BARUERI;SP;03/2024;0;0;0;0;0;0;0;0;0;0;0;0;0;0;474.731;474.731;67.463;139.518;681.712;140.984;822.696
COOPERATIVA DE CRÉDITO CREDIBOM LTDA. - SICOOB CREDIBOM;21670187;b3S;S5;I;2;BOM DESPACHO;MG;03/2024;161.873;0;0;395.278;0;6.228;563.379;0;6.391;57.969;0;0;0;64.359;0;627.738;0;68.767;696.505;123.002;819.507
COOPERATIVA DE CRÉDITO E INVESTIMENTO COM INTERAÇÃO SOLIDÁRIA PROGRESSO - CRESOL PROGRESSO;2448310;b3S;S5;I;2;CASCAVEL;PR;03/2024;70.434;23.777;831;281.516;0;0;376.558;0;0;0;0;0;0;0;0;376.558;0;370.247;746.805;72.373;819.178
COOPERATIVA DE CRÉDITO DOS PROFISSIONAIS DOS CREAS E DEMAIS ÁREAS TECNOLÓGICAS - CREDCREA;5979692;b3S;S5;I;2;FLORIANOPOLIS;SC;03/2024;119.073;2.446;0;489.314;0;583;611.416;0;30.458;0;0;0;0;30.458;0;641.874;0;51.510;693.384;125.323;818.707
COOPERATIVA DE CRÉDITO CREDICARPA LTDA. - SICOOB CREDICARPA;23949522;b3S;S5;I;2;CARMO DO PARANAIBA;MG;03/2024;107.186;0;0;221.724;0;0;328.910;0;0;85.587;0;0;0;85.587;22.293;436.790;0;197.374;634.164;170.695;804.859
COOPERATIVA DE CRÉDITO DE LIVRE ADMISSÃO DA REGIÃO DE FRUTAL LTDA.   SICOOB FRUTAL;71419600;b3S;S5;I;2;FRUTAL;MG;03/2024;110.792;0;0;287.185;0;0;397.977;0;2.905;128.042;0;0;0;130.947;46.258;575.183;0;112.517;687.700;117.100;804.800
COOPERATIVA DE CRÉDITO DE LIVRE ADMISSÃO DO VALE DO PARANAÍBA LTDA.;24799033;b3S;S5;I;2;QUIRINOPOLIS;GO;03/2024;151.739;0;0;184.898;0;33;336.670;0;31;113.537;0;0;0;113.568;671;450.909;0;128.549;579.459;224.974;804.433
WISE BRASIL CC - PRUDENCIAL;1000085647;n2;S4;C;3;SAO PAULO;SP;03/2024;0;0;0;0;299.223;0;299.223;0;0;0;0;0;0;0;0;299.223;0;363.201;662.424;138.205;800.629
CREDIARE CFI - PRUDENCIAL;1000085427;n1;S4;C;2;FARROUPILHA;RS;03/2024;0;0;45.725;368.713;0;0;414.438;0;0;0;0;0;3;3;0;414.441;0;222.111;636.552;146.311;782.862
RECARGAPAY IP - PRUDENCIAL;1000085898;n1;S5;C;3;SAO PAULO;SP;03/2024;0;0;0;0;251.969;0;251.969;0;0;0;0;0;0;0;105.727;357.696;0;243.121;600.817;181.250;782.067
COOPERATIVA DE CRÉDITO DE LIVRE ADMISSÃO UNIÃO E NEGÓCIOS - SICOOB INTEGRAÇÃO;8742188;b3S;S5;I;2;CUIABA;MT;03/2024;163.839;0;0;236.252;0;0;400.091;0;24.007;80.420;0;0;0;104.426;89.238;593.755;0;85.264;679.019;99.685;778.705
COOPERATIVA DE CRÉDITO DE LIVRE ADMISSÃO DE ASSOCIADOS NOVOS CAMPOS - SICOOB NOVOS CAMPOS;78862083;b3S;S5;I;2;CAMPOS NOVOS;SC;03/2024;86.073;0;0;250.351;0;44;336.468;0;343;110.099;0;0;0;110.442;21.069;467.979;0;217.619;685.598;92.792;778.390
COOPERATIVA DE CRÉDITO UNIÃO CENTRO OESTE LTDA. - SICOOB UNIÃO CENTRO OESTE;26178111;b3S;S5;I;2;LAGOA DA PRATA;MG;03/2024;133.302;0;0;330.992;0;519;464.813;0;2.674;79.694;0;0;0;82.367;0;547.180;0;103.579;650.759;121.827;772.586
COOPERATIVA DE CRÉDITO E INVESTIMENTO COM INTERAÇÃO SOLIDÁRIA VANGUARDA - CRESOL VANGUARDA;3965737;b3S;S5;I;2;CHAPECO;SC;03/2024;44.389;12.415;256;254.086;0;0;311.146;0;0;0;0;0;0;0;6.227;317.373;0;374.973;692.346;73.701;766.047
FATOR - PRUDENCIAL;1000080350;b1;S4;C;2;SAO PAULO;SP;03/2024;807;0;0;434.469;0;0;435.276;0;0;0;0;0;0;0;0;435.276;0;6.155;441.430;318.581;760.011
BCO TRICURY S.A. - PRUDENCIAL;1000081696;b2;S4;I;2;SAO PAULO;SP;03/2024;7.891;0;0;234.534;0;0;242.425;0;214.972;0;0;0;0;214.972;5.889;463.286;0;10.682;473.968;285.312;759.280
COOPERATIVA DE CRÉDITO E INVESTIMENTO COM INTERAÇÃO SOLIDÁRIA DE MINAS GERAIS - CRESOL MINAS GERAIS;8624548;b3S;S5;I;2;MURIAE;MG;03/2024;69.903;22.906;340;263.231;0;0;356.380;0;0;0;0;0;0;0;16.526;372.906;0;290.269;663.175;84.832;748.007
COOPERATIVA DE CREDITO DE LIVRE ADMISSAO DO VALE DO AÇO LTDA - SICOOB VALE DO AÇO;19869338;b3S;S5;I;2;IPATINGA;MG;03/2024;132.910;0;0;448.245;0;1.182;582.336;0;7.744;0;0;0;0;7.744;0;590.080;0;47.102;637.182;106.740;743.922
COOPERATIVA DE CRÉDITO DE LIVRE ADMISSÃO DO VALE DO PARANAPANEMA;1637949;b3S;S5;I;2;PRESIDENTE PRUDENTE;SP;03/2024;99.732;0;0;387.891;0;686;488.309;0;13.033;54.806;0;0;0;67.839;0;556.149;0;51.743;607.891;132.400;740.291
COOPERATIVA DE CRÉDITO DE PRODUTORES RURAIS E DE LIVRE ADMISSÃO DO TRIÂNGULO LTDA    SICOOB CREDITRIL;41669227;b3S;S5;I;2;UBERLANDIA;MG;03/2024;165.737;0;0;434.409;0;0;600.146;0;0;0;0;0;0;0;0;600.146;0;12.778;612.925;127.162;740.087
COOPERATIVA DE CRÉDITO COOCRELIVRE;53935029;b3S;S4;I;2;ORLANDIA;SP;03/2024;74.385;0;0;194.959;0;13.324;282.669;0;8.470;120.024;0;0;0;128.495;0;411.163;0;108.078;519.241;219.898;739.139
COOPERATIVA DE CRÉDITO, POUPANÇA E INVESTIMENTO DE ARARAQUARA E REGIÃO - SICREDI MORADA DO SOL SP;73113243;b3S;S4;I;2;ARARAQUARA;SP;03/2024;98.739;17;76.553;368.659;0;19;543.988;0;10.982;0;0;0;0;10.982;0;554.970;0;97.929;652.898;79.714;732.613
UNIPRIME PIONEIRA COOPERATIVA DE CRÉDITO;1286361;b3S;S5;I;2;TOLEDO;PR;03/2024;63.617;1.153;0;461.291;0;5.036;531.097;0;95.706;0;475;0;0;96.182;0;627.279;0;16.310;643.589;86.959;730.548
AGENCIA FOMENTO EST RJ S.A. - PRUDENCIAL;1000081139;n1;S4;C;1;RIO DE JANEIRO;RJ;03/2024;9.709;0;0;0;0;0;9.709;0;0;0;0;0;0;0;90.778;100.487;5;95.626;196.117;532.225;728.342
COOPERATIVA DE CRÉDITO E INVESTIMENTO COM INTERAÇÃO SOLIDÁRIA DA AMAZÔNIA - CRESOL AMAZÔNIA;10520232;b3S;S5;I;2;JI-PARANA;RO;03/2024;68.987;16.057;34;155.615;0;0;240.692;0;0;0;0;0;0;0;0;240.692;0;394.046;634.739;88.692;723.430
COOPERATIVA DE CREDITO CREDIMOTA   SICOOB CREDIMOTA;66788142;b3S;S5;I;2;CANDIDO MOTA;SP;03/2024;112.488;0;0;284.864;0;0;397.352;0;33.391;69.939;0;0;0;103.330;2.149;502.831;0;138.857;641.689;80.681;722.370
COOPERATIVA DE CRÉDITO, POUPANÇA E INVESTIMENTO SICREDI ARACAJU - SICREDI ARACAJU;2923389;b3S;S5;I;2;ARACAJU;SE;03/2024;115.587;0;7.779;432.410;0;224;556.000;0;0;0;0;0;0;0;1.756;557.756;0;69.915;627.671;93.475;721.146
SICOOB UNIMAIS METROPOLITANA - COOPERATIVA DE CRÉDITO DE LIVRE ADMISSÃO;259231;b3S;S5;I;2;SANTOS;SP;03/2024;112.814;0;0;456.437;0;6.558;575.809;0;10.334;0;0;0;0;10.334;0;586.143;0;23.981;610.124;107.221;717.345
CREDI SHOP S.A. - PRUDENCIAL;1000084923;n1;S5;C;2;TERESINA;PI;03/2024;0;0;0;0;0;0;0;0;0;0;0;0;0;0;0;0;0;398.779;398.779;309.739;708.518
MIRAE ASSET (BRASIL) CCTVM - PRUDENCIAL;1000082932;n2;S4;I;3;SAO PAULO;SP;03/2024;0;0;0;0;0;260.755;260.755;0;0;0;0;0;0;0;0;260.755;0;112.755;373.510;334.879;708.390
COOPERATIVA DE CRÉDITO SICOOB CREDSEGURO LTDA.;2935307;b3S;S5;I;2;GOIANIA;GO;03/2024;131.713;0;0;270.437;0;0;402.150;0;41.646;18.957;0;0;0;60.604;0;462.754;0;42.958;505.712;202.355;708.068
COOPERATIVA DE CRÉDITO CREDICOPE LTDA. - SICOOB CREDICOPE;38588174;b3S;S5;I;2;CONSELHEIRO PENA;MG;03/2024;134.556;0;0;340.611;0;209;475.376;0;3.158;23.704;0;0;0;26.861;0;502.238;0;116.315;618.553;80.457;699.011
COOPERATIVA DE CRÉDITO POUPANÇA E INVESTIMENTO DA ALTA NOROESTE DE SÃO PAULO - SICREDI ALTA NOROESTE SP;4484490;b3S;S4;I;2;BIRIGUI;SP;03/2024;87.055;0;55.758;351.577;0;11;494.402;0;8.219;0;0;0;0;8.219;0;502.621;0;107.152;609.773;85.684;695.458
COOPERATIVA DE CRÉDITO SICOOB EXTREMO SUL LTDA.;2447120;b3S;S5;I;2;TEIXEIRA DE FREITAS;BA;03/2024;153.900;0;0;179.349;0;525;333.774;0;7.651;79.713;0;0;0;87.364;0;421.138;0;103.899;525.037;167.396;692.433
COOPERATIVA DE CRÉDITO E INVESTIMENTO COM INTERAÇÃO SOLIDÁRIA NORTE PARANAENSE - CRESOL NORTE PARANAENSE;7925729;b3S;S5;I;2;LONDRINA;PR;03/2024;49.716;13.956;1.078;340.709;0;0;405.458;0;0;0;0;0;0;0;0;405.458;0;222.442;627.900;62.317;690.217
COOPERATIVA DE CRÉDITO DE LIVRE ADMISSÃO SICOOB UNIMAIS CENTRO LESTE PAULISTA - SICOOB UNIMAIS CENTRO LESTE PAULISTA;1259518;b3S;S5;I;2;RIO CLARO;SP;03/2024;111.516;0;0;301.079;0;6.577;419.172;0;171.824;1.105;0;0;0;172.928;0;592.100;0;11.755;603.855;85.291;689.146
COOPERATIVA DE CRÉDITO CREDIVALE LTDA - SICOOB CREDIVALE;25387655;b3S;S5;I;2;TEOFILO OTONI;MG;03/2024;146.954;0;0;353.052;0;0;500.006;0;2.375;28.981;0;0;0;31.356;0;531.362;0;60.746;592.108;96.408;688.516
COOPERATIVA DE CRÉDITO E INVESTIMENTO COM INTERAÇÃO SOLIDÁRIA TRIUNFO - CRESOL TRIUNFO;8560508;b3S;S5;I;2;SAO JOAO DO TRIUNFO;PR;03/2024;60.067;22.681;11.547;211.254;0;0;305.548;0;0;0;0;0;0;0;8.321;313.869;0;295.686;609.556;78.670;688.226
COOPERATIVA DE CRÉDITO E INVESTIMENTO COM INTERAÇÃO SOLIDÁRIA HORIZONTE - CRESOL HORIZONTE;5277312;b3S;S5;I;2;UNIAO DA VITORIA;PR;03/2024;65.798;12.744;0;271.520;0;0;350.062;0;0;0;0;0;0;0;0;350.062;0;258.368;608.430;78.733;687.164
SICOOB CREDINOVA - COOPERATIVA DE CRÉDITO DE LIVRE ADMISSÃO DE NOVA SERRANA E REGIÃO CENTRO-OESTE LTDA.;1667766;b3S;S5;I;2;NOVA SERRANA;MG;03/2024;156.880;0;0;376.123;0;0;533.003;0;15.127;5.304;0;0;0;20.430;0;553.434;0;39.139;592.572;93.820;686.393
COOPERATIVA DE CRÉDITO E INVESTIMENTO COM INTERAÇÃO SOLIDÁRIA DO RIO GRANDE DO SUL - CRESOL RIO GRANDE DO SUL;6139650;b3S;S5;I;2;BENTO GONCALVES;RS;03/2024;41.351;25.462;1.477;241.661;0;0;309.952;0;0;0;0;0;0;0;0;309.952;0;298.271;608.222;74.006;682.228
COOPERATIVA DE CRÉDITO DE LIVRE ADMISSÃO DE PERNAMBUCO - SICOOB PERNAMBUCO;3732359;b3S;S5;I;2;SAO JOSE DO EGITO;PE;03/2024;168.497;0;0;289.421;0;51;457.969;0;18.498;10.780;0;0;0;29.279;45.414;532.661;0;59.579;592.240;88.846;681.086
COOPERATIVA DE CRÉDITO DE LIVRE ADMISSÃO DA GRANDE GOIÂNIA LTDA.;10209619;b3S;S5;I;2;GOIANIA;GO;03/2024;145.705;0;0;264.611;0;0;410.317;0;40.459;11.867;0;0;0;52.326;0;462.643;0;78.013;540.656;140.236;680.892
LEBES FINANCEIRA S.A. - CFI - PRUDENCIAL;1000083656;n1;S5;I;2;ELDORADO;RS;03/2024;0;0;0;530.537;0;0;530.537;0;0;0;0;0;0;0;0;530.537;0;25.543;556.080;124.699;680.779
COOPERATIVA DE CRÉDITO MÚTUO DOS ADVOGADOS DE SANTA CATARINA;5861932;b3S;S5;I;2;SAO JOSE;SC;03/2024;126.095;0;0;423.037;0;1.148;550.279;0;27.111;0;0;0;0;27.111;0;577.390;0;12.513;589.903;90.704;680.607
CELCOIN IP - PRUDENCIAL;1000085960;n4;;I;2;BARUERI;SP;03/2024;0;0;0;0;358.479;0;358.479;0;0;0;0;0;0;0;19.840;378.319;0;201.566;579.885;95.984;675.869
COOPERATIVA DE CRÉDITO DA REGIÃO DO CONTESTADO - CIVIA;10218474;b3S;S5;I;2;SAO BENTO DO SUL;SC;03/2024;92.502;0;0;276.694;0;0;369.196;0;22.461;0;0;0;0;22.461;112.199;503.857;0;84.970;588.827;82.936;671.763
COOPERATIVA DE CRÉDITO DE LIVRE ADMISSÃO DE  LAGOA DA PRATA E REGIÃO LTDA.   SICOOB LAGOACRED GERAIS;1739375;b3S;S5;I;2;LAGOA DA PRATA;MG;03/2024;109.555;0;0;324.923;0;0;434.478;0;18.236;17.117;0;0;0;35.353;723;470.554;0;82.846;553.400;118.236;671.636
COOPERATIVA DE CRÉDITO E INVESTIMENTO COM INTERAÇÃO SOLIDÁRIA GRANDES LAGOS PR/SP - CRESOL GRANDES LAGOS PR/SP;6126780;b3S;S5;I;2;GUARAPUAVA;PR;03/2024;44.789;15.407;1.483;202.921;0;0;264.599;0;0;0;0;0;0;0;11.991;276.590;0;310.655;587.245;81.877;669.122
COOPERATIVA DE CRÉDITO CREDIARA LTDA - SICOOB CREDIARA;66398496;b3S;S5;I;2;ARAXA;MG;03/2024;104.028;0;0;237.085;0;0;341.113;0;6.648;96.984;0;0;0;103.632;0;444.744;0;121.084;565.829;97.533;663.362
COOPERATIVA DE CRÉDITO CREDIFIEMG LTDA. - SICOOB CREDIFIEMG;7469260;b3S;S5;I;2;BELO HORIZONTE;MG;03/2024;51.009;0;0;442.486;0;7;493.502;0;70.068;0;0;0;0;70.068;0;563.570;0;6.621;570.191;86.155;656.346
COOPERATIVA DE ECONOMIA E CRÉDITO MÚTUO DOS PROFISSIONAIS DA SAÚDE DA REGIÃO DA ALTA MOGIANA - SICOOB CREDIMOGIANA;69346856;b3S;S5;I;2;FRANCA;SP;03/2024;75.220;0;0;329.379;0;1.735;406.335;0;41.164;85.923;0;0;0;127.087;0;533.421;0;44.045;577.466;77.722;655.188
COOPERATIVA DE CRÉDITO SICOOB ALIANÇA;6174009;b3S;S5;I;2;APUCARANA;PR;03/2024;106.910;0;0;265.311;0;921;373.142;0;1.488;69.249;0;0;0;70.737;9.075;452.955;0;101.097;554.052;90.624;644.676
COOPERATIVA DE CREDITO DE LIVRE ADMISSAO DO CENTRO NORDESTE MINEIRO LTDA - SICOOB CREDICENM;2173447;b3S;S5;I;2;GUANHAES;MG;03/2024;123.014;0;0;334.938;0;0;457.952;0;31.981;38.312;0;0;0;70.292;0;528.244;0;30.814;559.058;83.666;642.725
COOPERATIVA DE CRÉDITO CREDIPEU LTDA.  - SICOOB CREDIPEU;66262643;b3S;S5;I;2;POMPEU;MG;03/2024;64.623;0;0;288.412;0;0;353.035;0;1.635;92.129;0;0;0;93.764;0;446.800;0;99.882;546.682;94.201;640.883
UNIPRIME CENTRAL NACIONAL - CENTRAL NACIONAL DE COOPERATIVA DE CREDITO;3046391;b3C;S4;I;2;LONDRINA;PR;03/2024;4.606;0;0;0;0;0;4.606;0;0;0;0;0;0;0;0;4.606;0;619.750;624.355;14.915;639.271
COOPERATIVA DE CRÉDITO E INVESTIMENTO COM INTERAÇÃO SOLIDÁRIA ESSÊNCIA - CRESOL ESSÊNCIA;6031727;b3S;S5;I;2;SANTO CRISTO;RS;03/2024;45.364;32.486;584;280.747;0;0;359.181;0;0;0;0;0;0;0;0;359.181;0;202.960;562.140;70.730;632.870
COOPERATIVA DE CREDITO DE LIVRE ADMISSÃO DO VALE DO SÃO PATRICIO LTDA.;968602;b3S;S5;I;2;GOIANESIA;GO;03/2024;39.864;0;0;178.744;0;0;218.608;0;447;79.932;0;0;0;80.379;32.196;331.183;0;148.956;480.139;151.292;631.431
COOPERATIVA DE CRÉDITO DE LIVRE ADMISSÃO E DOS TRANSPORTADORES RODOVIÁRIOS DE VEÍCULOS - SICOOB CREDCEG;7789195;b3S;S5;I;2;SAO BERNARDO DO CAMPO;SP;03/2024;123.236;0;0;346.518;0;17;469.772;0;0;0;0;0;0;0;0;469.772;0;9.830;479.602;148.893;628.495
COOPERATIVA DE CRÉDITO SICOOB UNI SUDESTE;86389236;b3S;S5;I;2;UBA;MG;03/2024;111.865;0;0;354.619;0;0;466.483;0;40.558;0;0;0;0;40.558;1.895;508.936;0;34.397;543.333;72.082;615.414
COOPERATIVA DE CRÉDITO DE LIVRE ADMISSÃO DA REGIÃO DE  PARÁ DE MINAS LTDA - SICOOB CREDIRURAL;25387713;b3S;S5;I;2;PARA DE MINAS;MG;03/2024;89.442;0;0;354.399;0;1.839;445.680;0;12.442;65.051;0;0;0;77.493;0;523.172;0;13.040;536.213;76.933;613.146
COOPERATIVA DE CRÉDITO CREDIMATA LTDA. - SICOOB CREDIMATA;1152097;b3S;S5;I;2;VOLTA GRANDE;MG;03/2024;120.765;0;0;267.878;0;47;388.690;0;7.897;46.478;0;0;0;54.375;0;443.065;0;86.508;529.573;76.862;606.435
COOPERATIVA DE CRÉDITO E INVESTIMENTO COM INTERAÇÃO SOLIDÁRIA CONEXÃO - CRESOL CONEXÃO;11969853;b3S;S5;I;2;MEDIANEIRA;PR;03/2024;36.161;11.747;1.803;219.045;0;0;268.755;0;0;0;0;0;0;0;0;268.755;0;280.950;549.705;55.578;605.283
COOPERATIVA DE CRÉDITO DE LIVRE ADMISSÃO DE ASSOCIADOS DO MEIO OESTE CATARINENSE - SICOOB CREDIMOC SC;80959638;b3S;S5;I;2;XANXERE;SC;03/2024;103.299;0;0;335.414;0;599;439.313;0;14.684;30.115;0;0;0;44.799;1.104;485.215;0;33.562;518.777;83.224;602.001
SICREDI NORTE - COOPERATIVA DE CRÉDITO;83315408;b3S;S4;I;2;BELEM;PA;03/2024;91.678;0;182.442;195.515;0;3.321;472.956;0;0;0;0;0;0;0;422;473.378;0;79.133;552.511;46.024;598.534
COOPERATIVA DE CRÉDITO ARACREDI LTDA. - SICOOB ARACREDI;68987;b3S;S5;I;2;ARAGUARI;MG;03/2024;84.733;0;0;166.103;0;0;250.836;0;4.293;69.799;0;0;0;74.092;50;324.979;0;195.142;520.120;70.758;590.879
COOPERATIVA DE CREDITO DE LIVRE ADMISSAO DE PARA DE MINAS LTDA - SICOOB ASCICRED;1009908;b3S;S5;I;2;PARA DE MINAS;MG;03/2024;111.638;0;0;348.633;0;41;460.312;0;4.232;25.200;0;0;0;29.432;0;489.743;0;15.229;504.973;76.754;581.727
COOPERATIVA DE CRÉDITO SICOOB MÉDIO OESTE;7318874;b3S;S5;I;2;ASSIS CHATEAUBRIAND;PR;03/2024;72.362;0;0;220.294;0;5;292.661;0;22.240;27.772;0;0;0;50.012;1.683;344.355;0;157.459;501.814;78.253;580.067
COOPERATIVA DE CRÉDITO SICOOB 3 COLINAS;4013172;b3S;S5;I;2;FRANCA;SP;03/2024;100.768;0;0;285.093;0;0;385.861;0;1.638;107.759;0;0;0;109.397;0;495.258;0;17.994;513.252;60.802;574.054
COOPERATIVA DE CRÉDITO DO CENTRO SUL MINEIRO LTDA. - SICOOB CENTRO SUL MINEIRO;71238232;b3S;S5;I;2;CARMOPOLIS DE MINAS;MG;03/2024;97.566;0;0;252.649;0;0;350.214;0;9.494;60.209;0;0;0;69.703;0;419.918;0;56.272;476.190;87.827;564.016
WORLDPAY DO BRASIL IP - PRUDENCIAL;1000086110;n4;;I;3;SAO PAULO;SP;03/2024;0;0;0;0;0;0;0;0;0;0;0;0;0;0;0;0;0;516.384;516.384;44.747;561.130
COOPERATIVA DE CRÉDITO CREDPLUS LTDA. - SICOOB CREDPLUS;25536764;b3S;S5;I;2;LUZ;MG;03/2024;85.443;0;0;309.029;0;0;394.472;0;5.692;45.676;0;0;0;51.368;2.085;447.925;0;51.878;499.803;60.410;560.213
FITBANK IP - PRUDENCIAL;1000085726;n4;;I;2;SAO PAULO;SP;03/2024;0;0;0;0;455.532;0;455.532;0;0;0;0;0;0;0;10.406;465.938;0;27.146;493.083;65.634;558.718
COOPERATIVA DE CRÉDITO RURAL COOPAVEL;76461557;b3S;S5;I;2;CASCAVEL;PR;03/2024;106.871;0;0;219.291;0;0;326.162;0;630;0;0;0;0;630;26.149;352.941;0;17.009;369.949;185.610;555.560
STARA FINANCEIRA S.A. - CFI - PRUDENCIAL;1000083711;n1;S5;I;2;NAO-ME-TOQUE;RS;03/2024;0;0;0;0;0;0;0;0;0;0;0;0;69.069;69.069;303.715;372.784;0;6.419;379.203;173.904;553.107
BANCO XCMG BRASIL - PRUDENCIAL;1000085300;b2;S4;I;3;POUSO ALEGRE;MG;03/2024;0;0;70.585;229.522;0;0;300.106;10.182;0;0;0;0;0;0;0;310.288;0;8.692;318.980;232.852;551.832
COOPERATIVA DE CRÉDITO DE LIVRE ADMISSÃO DA REGIÃO CENTRAL DE RONDÔNIA   SICOOB OUROCREDI;2144899;b3S;S5;I;2;OURO PRETO DO OESTE;RO;03/2024;118.443;0;0;60.625;0;0;179.068;0;1.401;52.726;0;0;0;54.127;8.553;241.748;0;205.016;446.764;104.336;551.101
COOPERATIVA DE CREDITO DE LIVRE ADMISSAO DE RUBIATABA E REGIAO LTDA;73422792;b3S;S5;I;2;RUBIATABA;GO;03/2024;113.031;0;0;169.104;0;26;282.161;0;11.121;53.119;0;0;0;64.239;6.854;353.254;0;88.617;441.870;102.639;544.510
EBURY BANCO DE CÂMBIO - PRUDENCIAL;1000080862;b2;S4;C;2;SAO PAULO;SP;03/2024;0;0;0;0;4.198;0;4.198;0;0;0;0;0;0;0;0;4.198;0;458.172;462.371;81.264;543.634
COOPERATIVA DE CRÉDITO CREDIJEQUITINHONHA LTDA. - SICOOB CREDIJEQUITINHONHA;71243034;b3S;S5;I;2;CAPELINHA;MG;03/2024;112.368;0;0;257.849;0;0;370.217;0;5.228;13.485;0;0;0;18.713;0;388.930;0;49.277;438.207;102.575;540.782
COOPERATIVA DE CRÉDITO UNICRED REGIÃO DOS VALES LTDA. - UNICRED REGIÃO DOS VALES;1796302;b3S;S5;I;2;NOVO HAMBURGO;RS;03/2024;41.594;0;0;279.412;0;0;321.006;0;95.445;0;34.483;0;0;129.927;0;450.934;0;36.930;487.863;52.430;540.294
COOPERATIVA DE CRÉDITO DE LIVRE ADMISSÃO DE SANTO ANTÔNIO DO MONTE LTDA.   SICOOB CREDIMONTE;41707258;b3S;S5;I;2;SANTO ANTONIO DO MONTE;MG;03/2024;106.715;0;0;263.211;0;0;369.926;0;13.611;16.706;0;0;0;30.317;2.269;402.513;0;77.424;479.937;59.223;539.160
COOPERATIVA DE CRÉDITO CREDSAOPAULO - SICOOB CREDSAOPAULO;2197569;b3S;S5;I;2;SAO JOSE DOS CAMPOS;SP;03/2024;110.045;0;0;343.891;0;291;454.227;0;0;0;0;0;0;0;0;454.227;0;11.496;465.723;73.315;539.038
BLU IP - PRUDENCIAL;1000086677;n1;S5;C;2;RIO DE JANEIRO;RJ;03/2024;0;0;0;0;59.391;0;59.391;0;0;0;0;0;0;0;0;59.391;0;442.290;501.682;35.645;537.327
COOPERATIVA DE CRÉDITO CREDINACIONAL LTDA. - SICOOB CREDINACIONAL;25420696;b3S;S5;I;2;ABAETE;MG;03/2024;111.755;0;0;220.373;0;132;332.260;0;12.746;23.798;0;0;0;36.544;0;368.804;0;93.458;462.262;64.613;526.875
COOPERATIVA DE CRÉDITO DE LIVRE ADMISSÃO DA REGIÃO LESTE DA BACIA DO RIO DOCE LTDA   SICOOB CREDILESTE;5158093;b3S;S5;I;2;CARATINGA;MG;03/2024;102.432;0;0;259.129;0;0;361.561;0;53.254;4.231;0;0;0;57.485;0;419.046;0;16.568;435.614;87.466;523.080
COOPERATIVA DE CRÉDITO MONTECREDI LTDA. - SICOOB MONTECREDI;71392047;b3S;S5;I;2;MONTE CARMELO;MG;03/2024;38.381;0;0;233.592;0;0;271.972;0;3.120;40.465;0;0;0;43.586;5.880;321.438;0;131.007;452.445;66.401;518.846
COOPERATIVA DE CRÉDITO DE LIVRE ADMISSÃO DO TOCANTINS LTDA;26960328;b3S;S5;I;2;PARAISO DO NORTE DO TOCANTINS;TO;03/2024;145.094;0;0;174.562;0;0;319.656;0;3.925;56.954;0;0;0;60.879;637;381.172;0;57.278;438.450;73.727;512.177
COOPERATIVA DE CRÉDITO CREDIVERDE LTDA. - SICOOB CREDIVERDE;25528753;b3S;S5;I;2;DIVINOPOLIS;MG;03/2024;106.089;0;0;257.407;0;481;363.976;0;25.159;18.698;0;0;0;43.857;0;407.833;0;22.928;430.762;78.451;509.212
COOPERATIVA DE CRÉDITO  DE FRONTEIRAS  LTDA. - SICOOB FRONTEIRAS;3612764;b3S;S5;I;2;CACOAL;RO;03/2024;103.877;0;0;155.004;0;0;258.881;0;668;70.440;0;0;0;71.108;23.876;353.866;0;79.126;432.992;73.387;506.379
COOPERATIVA DE CRÉDITO MÚTUO DOS EMPREGADOS DA EMBRAER- SICOOB COOPEREMB;46642294;b3S;S5;I;2;SAO JOSE DOS CAMPOS;SP;03/2024;12.956;0;0;70.617;0;0;83.573;0;0;0;0;0;0;0;0;83.573;0;29.734;113.307;382.202;495.510
SICOOB AC CREDI - COOPERATIVA DE CRÉDITO DE LIVRE ADMISSÃO DO LESTE E NORDESTE MINEIRO LTDA.;1559914;b3S;S5;I;2;GOVERNADOR VALADARES;MG;03/2024;122.787;0;0;250.105;0;782;373.673;0;9.777;9.817;0;0;0;19.593;0;393.266;0;23.349;416.615;78.344;494.959
COOPERATIVA DE CRÉDITO DO DISTRITO FEDERAL E ENTORNO LTDA;1187961;b3S;S5;I;2;BRASILIA;DF;03/2024;93.589;0;0;165.075;0;0;258.664;0;1.560;67.513;0;0;0;69.073;0;327.737;0;90.739;418.476;75.175;493.651
COOPERATIVA DE ECONOMIA E CRÉDITO MÚTUO DOS EMPREGADOS DE FURNAS E DAS DEMAIS EMPRESAS DO SISTEMA ELETROBRÁS LTDA. - SICOOB CECREMEF;33370115;b3S;S5;I;2;RIO DE JANEIRO;RJ;03/2024;32.671;0;0;352.646;0;33.428;418.746;0;11.152;3.402;0;0;0;14.554;0;433.300;0;9.022;442.322;48.375;490.697
COOPERATIVA DE ECONOMIA E CRÉDITO MÚTUO UNICRED PROSPERAR LTDA. - UNICRED PROSPERAR;1705236;b3S;S5;I;2;SANTANA DO LIVRAMENTO;RS;03/2024;34.127;0;0;247.784;0;60;281.971;0;103.860;0;21.657;0;0;125.517;0;407.488;0;22.864;430.352;59.411;489.764
COOPERATIVA DE CRÉDITO CENTRO LESTE NORTE MARANHENSE - SICOOB CENTROLESTE;9403026;b3S;S5;I;2;GRAJAU;MA;03/2024;121.088;0;0;104.422;0;0;225.510;0;5.141;6.383;0;0;0;11.524;0;237.033;0;165.731;402.764;83.518;486.282
COOPERATIVA DE CRÉDITO DE LIVRE ADMISSÃO DO ALTO SÃO FRANCISCO LTDA.;41805003;b3S;S5;I;2;PIUMHI;MG;03/2024;62.900;0;0;216.060;0;0;278.960;0;5.921;24.483;0;0;0;30.404;0;309.364;0;108.529;417.893;65.131;483.024
COOPERATIVA DE CRÉDITO CREDICAMPO LTDA.- SICOOB CREDICAMPO;21661202;b3S;S5;I;2;ENTRE RIOS DE MINAS;MG;03/2024;104.684;0;0;195.827;0;310;300.821;0;0;60.584;0;0;0;60.584;0;361.405;0;37.847;399.252;83.508;482.760
COOPERATIVA DE CRÉDITO DA SERRA CATARINENSE - CREDICOMIN;9590601;b3S;S5;I;2;LAGES;SC;03/2024;43.828;0;0;256.613;0;0;300.442;0;22.815;0;0;0;0;22.815;22.732;345.988;0;68.738;414.726;65.485;480.211
COOPERATIVA DE CRÉDITO DE LIVRE ADMISSÃO DO VALE DO RIO GRANDE LTDA. - SICOOB UBERABA;25683475;b3S;S5;I;2;UBERABA;MG;03/2024;92.569;0;0;196.800;0;0;289.369;0;24.801;26.172;0;0;0;50.973;0;340.342;0;73.161;413.502;61.867;475.369
AL5 S.A. CFI - PRUDENCIAL;1000084734;n1;S4;I;2;CUIABA;MT;03/2024;0;0;0;107.468;14.285;0;121.754;0;0;153.000;0;0;92.454;245.454;0;367.207;0;20.024;387.232;84.328;471.559
GUIDE INVESTIMENTOS - PRUDENCIAL;1000084837;n2;S4;C;3;SAO PAULO;SP;03/2024;0;0;0;0;0;178.725;178.725;54.621;0;0;0;0;0;0;0;233.346;338;131.314;364.998;104.296;469.294
COOPERATIVA DE CRÉDITO E INVESTIMENTO COM INTERAÇÃO SOLIDÁRIA VALE DAS ÁGUAS PR/MG - CRESOL VALE DAS ÁGUAS PR/MG;4663561;b3S;S5;I;2;LARANJEIRAS DO SUL;PR;03/2024;33.593;11.664;688;126.435;0;0;172.380;0;0;0;0;0;0;0;1.947;174.327;0;212.433;386.760;80.218;466.978
INOVANTI IP - PRUDENCIAL;1000087456;n4;;I;2;SAO PAULO;SP;03/2024;0;0;0;0;456.119;0;456.119;0;0;0;0;0;0;0;0;456.119;0;2.831;458.950;6.029;464.979
SOCIEDADE COOPERATIVA DE CRÉDITO COOPERE LTDA.  - SICOOB COOPERE;73398646;b3S;S5;I;2;VALENTE;BA;03/2024;111.376;0;0;192.179;0;358;303.914;0;0;13.101;0;0;0;13.101;0;317.015;0;40.120;357.134;96.840;453.975
COOPERATIVA DE CRÉDITO DE LIVRE ADMISSÃO DO ESTADO DO RIO DE JANEIRO - SICOOB FLUMINENSE;2931668;b3S;S5;I;2;CAMPOS DOS GOYTACAZES;RJ;03/2024;93.849;0;0;201.702;0;612;296.162;0;24.337;16.819;0;0;0;41.156;3.472;340.790;0;46.730;387.520;63.545;451.065
COOPERATIVA DE CRÉDITO DE LIVRE ADMISSÃO DE RIO VERDE E REGIÃO LTDA.;9033698;b3S;S5;I;2;RIO VERDE;GO;03/2024;81.678;0;0;184.730;0;0;266.408;0;3.810;25.129;0;0;0;28.939;13.026;308.374;0;65.694;374.067;76.160;450.227
COOPERATIVA DE CRÉDITO GUARANICREDI LTDA. - SICOOB GUARANICREDI;26014175;b3S;S5;I;2;GUARANI;MG;03/2024;83.315;0;0;263.544;0;0;346.859;0;0;29.014;0;0;0;29.014;0;375.873;0;28.474;404.347;41.650;445.997
EFI S.A. IP - PRUDENCIAL;1000084978;n1;S5;C;2;OURO PRETO;MG;03/2024;0;0;0;3.186;342.973;0;346.159;0;0;0;0;0;0;0;11.744;357.904;0;41.876;399.780;45.186;444.967
COOPERATIVA DE CRÉDITO DE LIVRE ADMISSÃO CENTRO OESTE LTDA.;7502031;b3S;S5;I;2;GOIANESIA;GO;03/2024;123.324;0;0;108.814;0;0;232.138;0;14.149;41.705;0;0;0;55.854;2.142;290.134;0;37.443;327.578;111.097;438.675
COOPERATIVA  DE CRÉDITO DE LIVRE ADMISSÃO DE ASSOCIADOS UNIRONDÔNIA LTDA;1664968;b3S;S5;I;2;PORTO VELHO;RO;03/2024;78.905;0;0;171.971;0;0;250.876;0;30.319;31.944;0;0;0;62.263;0;313.139;0;83.186;396.324;41.551;437.875
SICOOB CREDIGOIÁS COOPERATIVA DE CRÉDITO LTDA.;37255049;b3S;S5;I;2;GOIANIA;GO;03/2024;51.678;0;0;112.393;0;0;164.071;0;0;79.345;0;0;0;79.345;0;243.416;0;60.674;304.090;133.501;437.591
FLASH TECNOLOGIA IP - PRUDENCIAL;1000087315;n4;;I;2;SAO PAULO;SP;03/2024;0;0;0;0;37.106;0;37.106;0;0;0;0;0;0;0;0;37.106;0;91.108;128.214;309.049;437.263
COOPERATIVA DE CRÉDITO E INVESTIMENTO COM INTERAÇÃO SOLIDÁRIA CONFIANÇA - CRESOL CONFIANÇA;7252614;b3S;S5;I;2;PAIM FILHO;RS;03/2024;26.830;23.216;1.670;114.690;0;0;166.407;0;0;0;0;0;0;0;0;166.407;0;220.691;387.098;47.618;434.716
COOPERATIVA DE CRÉDITO DE LIVRE ADMISSÃO BURITIS - SICOOB BURITIS;5247312;b3S;S5;I;2;RONDONOPOLIS;MT;03/2024;119.562;0;0;125.405;0;0;244.967;0;24.237;29.860;0;0;0;54.097;10.399;309.463;0;70.299;379.762;53.516;433.278
COOPERATIVA DE CRÉDITO DE LIVRE ADMISSÃO LTDA. - SICOOB CREDIJUSTRA;37079720;b3S;S5;I;2;BRASILIA;DF;03/2024;55.845;0;0;300.743;0;0;356.588;0;0;0;0;0;0;0;128;356.716;0;6.031;362.747;70.277;433.023
COOPERATIVA DE CRÉDITO E INVESTIMENTO COM INTERAÇÃO SOLIDÁRIA COOPERAR - CRESOL COOPERAR;5983995;b3S;S5;I;2;HUMAITA;RS;03/2024;24.923;36.019;677;156.212;0;0;217.831;0;0;0;0;0;0;0;0;217.831;0;166.712;384.543;44.448;428.991
COOPERATIVA E ECONOMIA E CRÉDITO MÚTUO DOS MÉDICOS DO PLANALTO MÉDIO DO RIO GRANDE DO SUL LTDA. - CREDISIS/CREDIPLAN;97259253;b3S;S5;I;2;PASSO FUNDO;RS;03/2024;54.163;0;0;313.895;0;0;368.058;0;0;8.319;0;0;0;8.319;0;376.377;0;10.108;386.485;39.725;426.211
COOPERATIVA DE CRÉDITO E INVESTIMENTO COM INTERAÇÃO SOLIDÁRIA MEIO OESTE - CRESOL MEIO OESTE;7946451;b3S;S5;I;2;TANGARA;SC;03/2024;35.789;21.397;876;164.706;0;0;222.768;0;0;0;0;0;0;0;0;222.768;0;152.615;375.383;49.313;424.696
BANQI IP - PRUDENCIAL;1000085829;n1;S5;C;2;SAO PAULO;SP;03/2024;0;0;0;0;39.366;0;39.366;0;0;0;0;0;0;0;0;39.366;0;47.974;87.340;333.626;420.966
COOPERATIVA DE CRÉDITO E INVESTIMENTO COM INTERAÇÃO SOLIDÁRIA ORIGENS - CRESOL ORIGENS;5220243;b3S;S5;I;2;SARANDI;RS;03/2024;21.315;12.886;275;182.734;0;0;217.210;0;0;0;0;0;0;0;0;217.210;0;154.117;371.327;49.125;420.452
M PAGAMENTOS S.A. CFI - PRUDENCIAL;1000083515;n1;S4;I;2;SAO PAULO;SP;03/2024;0;0;0;390.847;0;0;390.847;0;0;0;0;0;0;0;0;390.847;0;21.529;412.376;7.926;420.302
COOPERATIVA DE CRÉDITO DE LIVRE ADMISSÃO UNIÃO DO CENTRO OESTE DE MINAS LTDA - SICOOB CREDESP;1703620;b3S;S5;I;2;BOM DESPACHO;MG;03/2024;84.552;0;0;237.304;0;0;321.856;0;15.845;0;0;0;0;15.845;6.596;344.297;0;11.918;356.215;62.392;418.607
NATURA &CO PAY SCD;1000086598;n1;S5;I;2;SAO PAULO;SP;03/2024;0;0;0;0;0;0;0;0;0;0;0;0;0;0;0;0;0;106.732;106.732;310.251;416.983
COOPERATIVA DE CRÉDITO SICOOB SERTÃO LTDA;2057584;b3S;S5;I;2;PINTADAS;BA;03/2024;94.314;0;0;185.031;0;303;279.648;0;528;15.916;0;0;0;16.444;0;296.092;0;31.283;327.375;86.476;413.851
QUERO-QUERO VERDECARD IP - PRUDENCIAL;1000085678;n4;;I;2;CACHOEIRINHA;RS;03/2024;0;0;0;0;8.003;0;8.003;0;0;0;0;0;0;0;0;8.003;0;313.548;321.551;91.953;413.504
COOPERATIVA DE CRÉDITO E ECONOMIA COM INTERAÇÃO SOLIDÁRIA - CRESOL ALIANÇA;7412987;b3S;S5;I;2;PINHALZINHO;SC;03/2024;39.423;9.788;387;170.622;0;0;220.219;0;0;0;0;0;0;0;3.397;223.616;0;152.969;376.585;35.282;411.867
KREDILIG S.A. - CFI - PRUDENCIAL;1000083498;n1;S5;I;2;BIGUACU;SC;03/2024;0;0;0;46.141;0;0;46.141;0;0;0;0;0;75.187;75.187;0;121.328;0;90.467;211.795;198.852;410.647
COOPERATIVA DE CRÉDITO COPERSUL LTDA - SICOOB COPERSUL;18966739;b3S;S5;I;2;TRES PONTAS;MG;03/2024;75.693;0;0;148.085;0;0;223.779;0;119;39.524;0;0;0;39.643;4.024;267.446;0;89.422;356.868;53.579;410.448
COOPERATIVA DE CRÉDITO DA REGIÃO CENTRAL DE MINAS LTDA. - SICOOB UNIÃO CENTRAL;22749014;b3S;S5;I;2;PARAOPEBA;MG;03/2024;88.056;0;0;167.272;0;0;255.327;0;0;36.151;0;0;0;36.151;0;291.478;0;44.532;336.010;74.249;410.259
COOPERATIVA DE CRÉDITO RURAL DE SÃO MIGUEL DO OESTE - SULCREDI/SÃO MIGUEL;8253539;b3S;S5;I;2;SAO MIGUEL D'OESTE;SC;03/2024;191.755;0;0;158.149;0;0;349.904;0;0;0;0;0;0;0;19.580;369.484;0;1.545;371.029;39.013;410.042
COOPERATIVA DE CRÉDITO E INVESTIMENTO COM INTERAÇÃO SOLIDÁRIA ALTO VALE - CRESOL ALTO VALE;7465539;b3S;S5;I;2;WITMARSUM;SC;03/2024;29.219;18.839;40;145.577;0;0;193.674;0;0;0;0;0;0;0;5.655;199.329;0;147.903;347.231;60.004;407.236
COOPERATIVA DE CRÉDITO, POUPANÇA E INVESTIMENTO DA REGIÃO DAS FLORES, DAS ÁGUAS E DOS VENTOS SP - SICREDI FORÇA DOS VENTOS SP;57647653;b3S;S4;I;2;JAGUARIUNA;SP;03/2024;57.969;0;45.450;204.248;0;0;307.666;0;6.534;0;0;0;0;6.534;0;314.201;0;57.322;371.523;35.600;407.123
COOPERATIVA DE CRÉDITO E INVESTIMENTO COM INTERAÇÃO SOLIDÁRIA PLANALTO SUL - CRESOL PLANALTO SUL;2766672;b3S;S5;I;2;SAO JOAQUIM;SC;03/2024;40.227;21.649;129;122.864;0;0;184.868;0;0;0;0;0;0;0;0;184.868;0;168.878;353.747;51.644;405.391
COOPERATIVA DE CRÉDITO CREDIALP LTDA - SICOOB CREDIALP;25353939;b3S;S5;I;2;ALPINOPOLIS;MG;03/2024;48.594;0;0;73.693;0;601;122.888;0;0;39.618;0;0;0;39.618;53.166;215.673;0;131.570;347.243;54.754;401.997
COOPERATIVA DE CRÉDITO E INVESTIMENTO COM INTERAÇÃO SOLIDÁRIA TRANSFORMAÇÃO - CRESOL TRANSFORMAÇÃO;4261151;b3S;S5;I;2;DONA EMMA;SC;03/2024;35.692;36.137;1.078;134.021;0;0;206.928;0;0;0;0;0;0;0;88;207.016;0;146.248;353.263;42.242;395.506
COOPERATIVA DE CRÉDITO UNIPRIME SUL LTDA;1572667;b3S;S5;I;2;ERECHIM;RS;03/2024;22.499;0;0;226.139;0;0;248.638;0;95.374;0;5.700;0;0;101.075;0;349.713;0;4.143;353.856;41.489;395.345
COOPERATIVA DE CRÉDITO DE LIVRE ADMISSÃO DE ASSOCIADOS URUBICI - SICOOB CREDIARAUCÁRIA/SC;2587492;b3S;S5;I;2;URUBICI;SC;03/2024;70.360;0;0;162.926;0;0;233.286;0;6.193;39.030;0;0;0;45.223;721;279.229;0;52.270;331.500;60.319;391.819
COOPERATIVA DE CRÉDITO UNIÃO DO CENTRO OESTE DE MINAS LTDA. - SICOOB CENTRO UNIÃO;65239402;b3S;S5;I;2;CARMO DO CAJURU;MG;03/2024;72.163;0;0;197.033;0;2.883;272.078;0;1.272;13.141;0;0;0;14.412;0;286.491;0;44.993;331.484;58.242;389.726
STRIPE BRASIL IP PRUDENCIAL;1000086251;n4;;I;3;SAO PAULO;SP;03/2024;0;0;0;0;0;0;0;0;0;0;0;0;0;0;0;0;0;369.339;369.339;20.234;389.573
CREDIBRF - COOPERATIVA DE CRÉDITO;82096447;b3S;S5;I;2;CURITIBA;PR;03/2024;11.164;0;0;197.194;0;0;208.358;0;0;0;0;0;0;0;0;208.358;0;15.016;223.374;163.617;386.991
COOPERATIVA DE CRÉDITO DA REGIÃO E COLAR METROPOLITANO DO VALE DO AÇO LTDA. - SICOOB COSMIPA;17361536;b3S;S5;I;2;IPATINGA;MG;03/2024;63.604;0;0;184.365;0;24;247.993;0;26.001;0;0;0;0;26.001;785;274.778;0;18.824;293.602;91.744;385.345
COOPERATIVA DE CRÉDITO DE LIVRE ADMISSÃO DO NOROESTE DE MINAS GERAIS LTDA.   SICOOB CREDIPINHO;71154876;b3S;S5;I;2;JOAO PINHEIRO;MG;03/2024;73.187;0;0;112.707;0;0;185.894;0;9.168;40.092;0;0;0;49.259;0;235.153;0;95.371;330.525;51.445;381.969
COOPERATIVA DE CRÉDITO CARLOS CHAGAS LTDA. - SICOOB CARLOS CHAGAS;41753500;b3S;S5;I;2;CARLOS CHAGAS;MG;03/2024;63.674;0;0;108.042;0;206;171.922;0;0;53.654;0;0;0;53.654;0;225.576;0;61.080;286.656;95.259;381.915
COOPERATIVA DE CRÉDITO DE LIVRE ADMISSÃO DO SUL CATARINENSE - ACENTRA;3427097;b3S;S5;I;2;CRICIUMA;SC;03/2024;52.971;0;0;151.208;0;697;204.876;0;18.355;0;0;0;0;18.355;66.467;289.698;0;40.456;330.154;50.319;380.473
COOPERATIVA DE ECONOMIA E CRÉDITO MÚTUO DOS INTEGRANTES DO MINISTÉRIO PÚBLICO E DA DEFENSORIA PÚBLICA NO ESTADO DO RIO DE JANEIRO LIMITADA. - SICOOB COMPERJ;4694278;b3S;S5;I;2;RIO DE JANEIRO;RJ;03/2024;20.274;0;0;312.799;0;0;333.074;0;0;0;0;0;0;0;0;333.074;0;6.075;339.149;40.055;379.204
COOPERATIVA DE CRÉDITO DE LIVRE ADMISSÃO DE BOA ESPERANÇA LTDA. - SICOOB BELCREDI;869687;b3S;S5;I;2;BOA ESPERANCA;MG;03/2024;39.548;0;0;124.665;0;0;164.213;0;3.013;62.300;0;0;0;65.314;2.504;232.030;0;92.084;324.113;53.302;377.416
COOPERATIVA DE CREDITO DE LIVRE ADMISSAO DE PITANGUI E REGIAO LTDA. - SICOOB CREDPIT;4181542;b3S;S5;I;2;PITANGUI;MG;03/2024;68.754;0;0;230.872;0;0;299.626;0;7.607;4.871;0;0;0;12.478;0;312.103;0;15.641;327.744;47.127;374.871
VIA CERTA CFI - PRUDENCIAL;1000080831;n1;S4;I;2;SANTO CRISTO;RS;03/2024;12;0;0;100.492;0;0;100.504;0;0;0;51.813;0;156.321;208.134;0;308.638;0;26.364;335.002;39.445;374.447
COOPERATIVA DE CRÉDITO CREDIRAMA LTDA - SICOOB CREDIRAMA;3412878;b3S;S5;I;2;ITURAMA;MG;03/2024;66.284;0;0;74.129;0;1;140.413;0;0;55.769;0;0;0;55.769;5.084;201.266;0;75.122;276.388;95.224;371.612
COOPERATIVA DE CRÉDITO NOSSA SENHORA DO DESTERRO - SICOOB CREDISC;3419786;b3S;S5;I;2;FLORIANOPOLIS;SC;03/2024;101.236;0;0;214.511;0;1.777;317.525;0;1.554;0;0;0;0;1.554;554;319.633;0;6.845;326.477;43.335;369.812
COOPERATIVA DE CRÉDITO RURAL DE IRAÍ DE MINAS LTDA -SICOOB CREDIMIL;71207740;b3S;S5;I;2;IRAI DE MINAS;MG;03/2024;40.712;0;0;167.272;0;0;207.984;0;0;0;0;0;0;0;0;207.984;0;104.070;312.055;56.667;368.721
COOPERATIVA DE CRÉDITO E INVESTIMENTO COM INTERAÇÃO SOLIDÁRIA DE GOIÁS - CRESOL GOIÁS;4490531;b3S;S5;I;2;ORIZONA;GO;03/2024;27.304;3.528;0;94.201;0;0;125.033;0;0;0;0;0;0;0;0;125.033;0;178.495;303.528;65.021;368.549
COOPERATIVA DE CRÉDITO DE LIVRE ADMISSÃO DO ESTADO DO ACRE LTDA.;1608685;b3S;S5;I;2;RIO BRANCO;AC;03/2024;67.176;0;0;112.506;0;0;179.682;0;1.605;29.786;0;0;0;31.391;0;211.073;0;107.010;318.083;47.360;365.444
COOPERATIVA DE CRÉDITO SACRAMENTO LTDA - SICOOB SACRAMENTO;71154256;b3S;S5;I;2;SACRAMENTO;MG;03/2024;44.075;0;0;107.564;0;0;151.639;0;18.636;33.966;0;0;0;52.602;6.921;211.163;0;107.844;319.007;46.174;365.181
SEM PARAR SCD - PRUDENCIAL;1000086158;n1;S5;I;3;SAO PAULO;SP;03/2024;0;0;0;0;0;0;0;0;0;0;0;0;0;0;0;0;0;22.863;22.863;340.117;362.981
COOPERATIVA DE CRÉDITO UNICRED AMPLA LTDA - UNICRED AMPLA;71163315;b3S;S5;I;2;SETE LAGOAS;MG;03/2024;55.586;0;0;161.574;0;0;217.160;0;47.629;0;6.936;0;0;54.564;2.977;274.701;0;28.530;303.231;57.590;360.821
COOPERATIVA DE CRÉDITO DOS PROFISSIONAIS DA SAÚDE E LIVRE ADMISSÃO DO SUL DE MINAS LTDA;71418784;b3S;S5;I;2;VARGINHA;MG;03/2024;49.731;0;0;227.498;0;0;277.229;0;11.422;0;626;0;0;12.048;0;289.277;0;23.777;313.054;46.406;359.460
COOPERATIVA DE CRÉDITO DOS INTEGRANTES DO PODER JUDICIÁRIO E DO MINISTÉRIO PÚBLICO DO ESTADO DE MINAS GERAIS LTDA. - SICOOB JUS-MP;3519240;b3S;S5;I;2;BELO HORIZONTE;MG;03/2024;22.030;0;0;269.795;0;0;291.825;0;0;0;0;0;0;0;0;291.825;0;4.212;296.037;63.205;359.242
COOPERATIVA DE CRÉDITO DOS SERVIDORES MILITARES, POLÍCIA CIVIL E DA SECRETARIA DE EDUCAÇÃO DO ESTADO DE MINAS GERAIS LTDA - SICOOB COOPEMG;3269540;b3S;S5;I;2;BELO HORIZONTE;MG;03/2024;24.166;0;0;195.657;0;7;219.831;0;536;0;0;0;0;536;61.058;281.424;0;7.361;288.785;68.287;357.072
COOPERATIVA DE CRÉDITO DE LIVRE ADMISSÃO DE PITANGUI, PAPAGAIOS, MARAVILHAS E REGIÃO LTDA. - SICOOB CREDICOOP;41931221;b3S;S5;I;2;PITANGUI;MG;03/2024;53.248;0;0;188.923;0;0;242.172;0;0;19.745;0;0;0;19.745;0;261.916;0;43.834;305.750;46.655;352.405
COOPERATIVA DE CRÉDITO DE LIVRE ADMISSÃO DE ANÁPOLIS E REGIÃO LTDA;33615055;b3S;S5;I;2;ANAPOLIS;GO;03/2024;87.917;0;0;145.136;0;0;233.053;0;9.249;22.035;0;0;0;31.284;1.044;265.380;0;13.692;279.072;71.457;350.530
CREDISAN COOPERATIVA DE CRÉDITO;62109566;b3S;S5;I;2;SAO JOAO DA BOA VISTA;SP;03/2024;52.462;0;635;216.395;0;0;269.492;0;0;0;0;0;0;0;0;269.492;0;26.885;296.377;51.190;347.567
COOPERATIVA DE CRÉDITO DO VALE DO ITAJAÍ E VALE DO ITAPOCÚ - SICOOB MULTICREDI;2883398;b3S;S5;I;2;BLUMENAU;SC;03/2024;56.774;0;0;194.726;0;0;251.500;0;6.242;0;0;0;0;6.242;1.050;258.792;0;8.441;267.232;79.655;346.887
COOPERATIVA DE CRÉDITO SICOOB COSTA DO DESCOBRIMENTO LTDA.;1205736;b3S;S5;I;2;ITAMARAJU;BA;03/2024;92.138;0;0;132.885;0;0;225.023;0;3.097;28.304;0;0;0;31.401;0;256.424;0;44.790;301.215;45.529;346.744
SIMPALA CFI - PRUDENCIAL;1000085070;n1;S4;C;2;PORTO ALEGRE;RS;03/2024;0;0;0;244.439;0;0;244.439;0;0;0;0;0;310;310;2.109;246.858;0;46.073;292.931;53.165;346.097
COOPERATIVA DE CRÉDITO DE LIVRE ADMISSÃO DO CENTRO-SUL GOIANO LTDA;33579731;b3S;S5;I;2;MORRINHOS;GO;03/2024;74.054;0;0;86.298;0;0;160.352;0;101;46.911;0;0;0;47.012;710;208.074;0;77.162;285.236;60.496;345.732
QISTA S.A. CFI - PRUDENCIAL;1000085506;n1;S4;C;2;SAO PAULO;SP;03/2024;0;0;0;205.621;0;0;205.621;0;0;0;0;0;0;0;0;205.621;0;84.573;290.194;55.485;345.679
COOPERATIVA DE CRÉDITO E ECONOMIA COM INTERAÇÃO SOLIDÁRIA - CRESOL INTERAÇÃO;8055016;b3S;S5;I;2;XAVANTINA;SC;03/2024;25.243;14.232;2.737;114.250;0;0;156.462;0;0;0;0;0;0;0;0;156.462;0;151.876;308.338;37.171;345.509
AFEAM - PRUDENCIAL;1000081108;n1;S4;I;1;MANAUS;AM;03/2024;0;0;0;0;0;0;0;0;0;0;0;0;0;0;10.204;10.204;0;219.586;229.790;114.762;344.552
SANTINVEST - PRUDENCIAL;1000080446;n1;S5;I;2;FLORIANOPOLIS;SC;03/2024;0;0;10.061;120.024;0;0;130.085;0;0;0;0;0;57.562;57.562;0;187.647;0;4.954;192.600;150.223;342.824
TODESCREDI S/A - CFI - PRUDENCIAL;1000083546;n1;S5;I;2;BENTO GONCALVES;RS;03/2024;0;0;0;0;0;0;0;0;0;0;0;0;261.205;261.205;0;261.205;0;4.536;265.741;74.761;340.503
COOPERATIVA DE CREDITO DO MERCADO IMOBILIÁRIO - SICOOB IMOB.VC;14913919;b3S;S5;I;2;BELO HORIZONTE;MG;03/2024;70.233;0;0;198.638;0;0;268.870;0;18.140;0;0;0;0;18.140;0;287.010;0;5.646;292.656;47.359;340.015
SOCINAL S.A. CFI - PRUDENCIAL;1000083577;n1;S5;I;2;ARARUAMA;RJ;03/2024;0;0;0;205.447;9.837;0;215.284;0;0;0;0;0;68.916;68.916;0;284.200;0;4.906;289.106;50.628;339.734
COOPERATIVA DE CRÉDITO DO VALE DO SÃO FRANCISCO - SICREDI VALE DO SÃO FRANCISCO;4237413;b3S;S5;I;2;PETROLINA;PE;03/2024;66.000;0;8.098;188.833;0;7;262.938;0;0;0;0;0;0;0;0;262.938;0;27.630;290.567;48.881;339.448
COOPERATIVA DE CREDITO CREDIAGRO LTDA. - SICOOB CREDIAGRO;429890;b3S;S5;I;2;CAMPOS ALTOS;MG;03/2024;37.639;0;0;90.794;0;0;128.432;0;0;38.192;0;0;0;38.192;3.460;170.085;0;115.841;285.925;53.324;339.249
COOPERATIVA DE CREDITO, POUPANCA E INVESTIMENTO DO RIO DE JANEIRO - SICREDI RIO RJ;72128440;b3S;S4;I;2;RIO DE JANEIRO;RJ;03/2024;39.380;0;5.207;186.704;0;0;231.291;0;0;0;0;0;0;0;0;231.291;0;48.170;279.461;57.637;337.098
COOPERATIVA DE CRÉDITO CREDIBELO LTDA. - SICOOB CREDIBELO;71237184;b3S;S5;I;2;CAMPO BELO;MG;03/2024;74.286;0;0;128.696;0;136;203.118;0;3.351;26.833;0;0;0;30.184;0;233.302;0;61.664;294.966;41.886;336.852
COOPERATIVA DE CRÉDITO DE LIVRE ADMISSÃO SICOOB CREDIACIL;8795285;b3S;S5;I;2;LEME;SP;03/2024;61.642;0;0;203.838;0;30;265.510;0;21.480;0;0;0;0;21.480;0;286.990;0;8.856;295.846;39.949;335.795
UNIPRIME DO IGUAÇU - COOPERATIVA DE CRÉDITO, POUPANÇA E INVESTIMENTO;1848322;b3S;S5;I;2;PATO BRANCO;PR;03/2024;32.777;820;0;194.531;0;1.620;229.747;0;62.506;0;0;0;0;62.506;0;292.253;0;4.649;296.901;38.118;335.020
AGORACRED S/A SCFI - PRUDENCIAL;1000083618;n1;S5;I;2;VITORIA;ES;03/2024;0;0;0;97.424;0;0;97.424;0;0;0;0;0;150.654;150.654;0;248.078;0;15.947;264.025;69.731;333.756
COOPERATIVA DE CRÉDITO CREDINORTE LTDA. - SICOOB CREDINORTE;64276058;b3S;S5;I;2;NANUQUE;MG;03/2024;65.961;0;0;82.995;0;6;148.963;0;0;46.505;0;0;0;46.505;0;195.468;0;50.041;245.509;82.587;328.095
COOPERATIVA DE CRÉDITO UNICRED COOMARCA LTDA. - COOMARCA;4355489;b3S;S5;I;2;FLORIANOPOLIS;SC;03/2024;32.056;0;0;227.273;0;365;259.693;0;14.813;0;0;0;0;14.813;0;274.506;0;19.403;293.910;32.731;326.640
COOPERATIVA DE CRÉDITO DE LIVRE ADMISSÃO DO ESTADO DE GOIÁS;4406371;b3S;S5;I;2;GOIANIA;GO;03/2024;82.908;0;0;121.945;0;0;204.853;0;19.072;19.050;0;0;0;38.123;0;242.976;0;40.538;283.514;42.428;325.942
COOPERATIVA DE CRÉDITO DE LIVRE ADMISSÃO DE PIRACANJUBA LTDA. - SICOOB CERRADO;5222094;b3S;S5;I;2;PIRACANJUBA;GO;03/2024;61.062;0;0;43.525;0;0;104.587;0;0;63.854;0;0;0;63.854;33.231;201.673;0;77.306;278.979;46.837;325.816
COOPERATIVA DE CRÉDITO DO VALE EUROPEU - SICOOB EURO VALE;82133182;b3S;S5;I;2;TIMBO;SC;03/2024;54.147;0;0;198.133;0;0;252.280;0;12.103;1.894;0;0;0;13.996;2.057;268.333;0;12.629;280.962;42.727;323.689
EBANX IP - PRUDENCIAL;1000085094;n4;;I;2;CURITIBA;PR;03/2024;0;0;0;0;192.634;0;192.634;0;0;0;0;0;0;0;0;192.634;0;7.972;200.607;122.669;323.276
COOPERATIVA DE CRÉDITO DOS SERVIDORES DOS PODERES LEGISLATIVOS DO ESTADO DE MINAS GERAIS E DO SEU ÓRGÃO AUXILIAR E DE LIVRE ADMISSÃO LTDA. - SICOOB COFAL;21797311;b3S;S5;I;2;BELO HORIZONTE;MG;03/2024;24.163;0;0;233.272;0;2.261;259.695;0;0;0;0;0;0;0;0;259.695;0;6.589;266.284;56.437;322.721
PINBANK BRASIL IP - PRUDENCIAL;1000086361;n1;S5;C;3;SAO PAULO;SP;03/2024;0;0;0;0;211.719;0;211.719;0;0;0;0;0;0;0;0;211.719;0;75.127;286.846;34.330;321.176
ÓRAMA DTVM S.A. - PRUDENCIAL;1000084260;n2;S4;I;2;RIO DE JANEIRO;RJ;03/2024;0;0;0;0;0;248.045;248.045;0;0;0;0;0;0;0;0;248.045;0;91.636;339.682;-18.803;320.879
OLIVEIRA TRUST DTVM S.A. - PRUDENCIAL;1000084040;n2;S4;I;2;RIO DE JANEIRO;RJ;03/2024;0;0;0;0;209.380;0;209.380;0;0;0;0;0;0;0;34;209.413;0;58.661;268.074;52.794;320.868
COOPERATIVA DE CRÉDITO DE LIVRE ADMISSÃO E DOS ADVOGADOS LTDA. - SICOOB CREDIJUR;2480577;b3S;S5;I;2;GOIANIA;GO;03/2024;82.344;0;0;144.794;0;535;227.673;0;21.873;0;0;0;0;21.873;0;249.546;0;6.708;256.255;63.337;319.592
AGROLEND SCFI - PRUDENCIAL;1000085867;n1;S5;I;2;SAO PAULO;SP;03/2024;0;0;0;0;0;0;0;0;0;212.147;0;0;0;212.147;0;212.147;0;3.413;215.560;102.615;318.175
VR - PRUDENCIAL;1000080408;b1;S4;C;2;SAO PAULO;SP;03/2024;5.014;0;0;182.317;7;0;187.338;0;0;0;0;0;0;0;0;187.338;0;94.696;282.034;35.687;317.721
COOPERATIVA DE CRÉDITO E INVESTIMENTO COM INTERAÇÃO SOLIDÁRIA ALTERNATIVA - CRESOL ALTERNATIVA;7215632;b3S;S5;I;2;RIO DO SUL;SC;03/2024;21.599;13.919;53;115.077;0;0;150.648;0;0;0;0;0;0;0;8.088;158.737;0;127.981;286.717;30.954;317.671
COOPERATIVA DE CRÉDITO E ECONOMIA COM INTERAÇÃO SOLIDÁRIA - CRESOL MAIS;5269976;b3S;S5;I;2;QUILOMBO;SC;03/2024;22.311;12.998;0;114.080;0;0;149.389;0;0;0;0;0;0;0;0;149.389;0;129.251;278.640;38.267;316.907
COOPERATIVA DE CRÉDITO SICOOB CONFIANÇA;7097064;b3S;S5;I;2;MARECHAL CANDIDO RONDON;PR;03/2024;43.055;0;0;137.227;0;400;180.682;0;17.463;40.916;0;0;0;58.379;191;239.253;0;45.530;284.783;31.739;316.522
COOPERATIVA DE CREDITO DO PLANALTO SUL - SICOOB CREDISSERRANA;3033469;b3S;S5;I;2;LAGES;SC;03/2024;50.446;0;0;132.243;0;0;182.688;0;2.264;40.587;0;0;0;42.850;433;225.972;0;54.718;280.690;35.237;315.928
COOPERATIVA DE CRÉDITO DA GRANDE FLORIANÓPOLIS - ÚNILOS;2405189;b3S;S5;I;2;FLORIANOPOLIS;SC;03/2024;58.034;0;0;194.623;0;70;252.727;0;13.139;0;0;0;0;13.139;0;265.866;0;5.808;271.675;42.391;314.066
COOPERATIVA DE CRÉDITO DE LIVRE ADMISSÃO DO CENTRO SUL DE MATO GROSSO DO SUL - SICOOB CENTRO SUL MS;10319386;b3S;S5;I;2;DOURADOS;MS;03/2024;54.113;0;0;137.508;0;0;191.621;0;7.784;3.711;0;0;0;11.495;28.317;231.433;0;38.928;270.361;41.836;312.196
GAZINCRED SCFI - PRUDENCIAL;1000080824;n1;S4;C;2;DOURADINA;PR;03/2024;0;0;0;0;2.178;0;2.178;0;0;0;0;0;76.960;76.960;0;79.138;0;76.882;156.020;152.888;308.908
COOPERATIVA DE CRÉDITO DE LIVRE ADMISSÃO DE CARMO DO RIO CLARO LTDA - SICOOB CREDICARMO;25743311;b3S;S5;I;2;CARMO DO RIO CLARO;MG;03/2024;34.418;0;0;64.827;0;15;99.260;0;220;38.211;0;0;0;38.431;57.648;195.339;0;48.496;243.835;64.762;308.597
COOPERATIVA DE CRÉDITO CREDIVAZ LTDA. - SICOOB CREDIVAZ;803287;b3S;S5;I;2;VAZANTE;MG;03/2024;49.520;0;0;76.968;0;0;126.488;0;0;53.107;0;0;0;53.107;29.712;209.308;0;40.288;249.596;58.969;308.565
SUPERLÓGICA SCD PRUDENCIAL;1000085843;n1;S5;I;2;BARUERI;SP;03/2024;0;0;0;0;294.908;0;294.908;0;0;0;0;0;0;0;0;294.908;0;5.454;300.362;7.514;307.876
COOPERATIVA DE CRÉDITO E ECONOMIA COM INTERAÇÃO SOLIDÁRIA - CRESOL ENCOSTAS DA SERRA GERAL;3485130;b3S;S5;I;2;SANTA ROSA DE LIMA;SC;03/2024;33.136;14.047;617;151.781;0;0;199.580;0;0;0;0;0;0;0;0;199.580;0;81.959;281.539;25.637;307.176
COOPERATIVA DE ECONOMIA E CRÉDITO MÚTUO DOS SERVIDORES DO PODER JUDICIÁRIO, DO TRIBUNAL DE CONTAS ESTADUAL E DEMAIS ÓRGÃOS PÚBLICOS MUNICIPAIS, ESTADUAIS E FEDERAIS NO ESTADO DO RIO DE JANEIRO LTDA.;2000895;b3S;S5;I;2;RIO DE JANEIRO;RJ;03/2024;20.868;0;0;173.202;0;80;194.150;0;0;0;0;0;0;0;0;194.150;0;13.229;207.379;95.972;303.351
COOPERATIVA DE CRÉDITO SICOOB COOPMIL;62673470;b3S;S5;I;2;SAO PAULO;SP;03/2024;11.788;0;0;130.535;0;0;142.323;0;0;4.862;0;0;0;4.862;54.303;201.487;0;11.680;213.167;85.165;298.332
FINAMAX S.A. CFI - PRUDENCIAL;1000083436;n1;S5;I;2;JUNDIAI;SP;03/2024;0;0;0;134.849;0;0;134.849;0;0;0;0;0;126.556;126.556;0;261.404;0;5.524;266.928;31.051;297.979
VIC DTVM S/A - PRUDENCIAL;1000084002;n2;S4;I;2;RIO DE JANEIRO;RJ;03/2024;0;0;0;0;0;0;0;0;0;0;0;0;0;0;0;0;5.194;90.109;95.303;201.013;296.316
SUL AMERICA INVEST DTVM S.A. - PRUDENCIAL;1000084026;n2;S4;C;3;SAO PAULO;SP;03/2024;0;0;0;0;0;0;0;0;0;0;0;0;0;0;0;0;0;116.653;116.653;176.261;292.914
COOPERATIVA DE CRÉDITO E ECONOMIA COM INTERAÇÃO SOLIDÁRIA CRESOL EVOLUÇÃO;2844024;b3S;S5;I;2;DIONISIO CERQUEIRA;SC;03/2024;15.150;11.574;176;109.594;0;0;136.495;0;0;0;0;0;0;0;10.191;146.685;0;114.467;261.153;31.758;292.910
COOPERATIVA DE CRÉDITO DE LIVRE ADMISSÃO CREDFAZ LTDA. - SICOOB CREDFAZ;952415;b3S;S5;I;2;BRASILIA;DF;03/2024;33.377;0;0;126.739;0;186;160.302;0;955;0;0;0;0;955;11.149;172.405;0;12.811;185.216;107.314;292.530
COOPERATIVA DE CRÉDITO E INVESTIMENTO COM INTERAÇÃO SOLIDÁRIA NASCENTE - CRESOL NASCENTE;5494591;b3S;S5;I;2;ALFREDO WAGNER;SC;03/2024;25.770;9.369;0;73.710;0;0;108.850;0;0;0;0;0;0;0;25.898;134.748;0;121.641;256.389;35.474;291.863
COOPERATIVA DE CRÉDITO DE LIVRE ADMISSÃO DE PEDRO LEOPOLDO LTDA - SICOOB CREDIPEL;71441406;b3S;S5;I;2;PEDRO LEOPOLDO;MG;03/2024;69.438;0;0;154.955;0;0;224.393;0;4.347;3.523;0;0;0;7.870;1.015;233.278;0;16.364;249.642;40.628;290.270
LAUNCH PAD SCD - PRUDENCIAL;1000086048;n1;S5;I;3;BELO HORIZONTE;MG;03/2024;0;0;0;0;243.048;0;243.048;0;0;0;0;0;0;0;0;243.048;0;22.447;265.495;24.482;289.978
COOPERATIVA DE ECONOMIA E CRÉDITO MÚTUO DO VALE DAS ANTAS LTDA. - UNICRED PIONEIRA;94243839;b3S;S5;I;2;CASCA;RS;03/2024;18.237;0;0;132.814;0;0;151.051;0;92.470;0;6.727;0;0;99.197;0;250.248;0;6.080;256.328;33.338;289.667
COOPERATIVA DE CRÉDITO RURAL DE ABELARDO LUZ - SULCREDI/CREDILUZ;1073966;b3S;S5;I;2;ABELARDO LUZ;SC;03/2024;19.414;0;0;166.410;0;0;185.825;0;0;0;0;0;0;0;48.422;234.247;0;5.554;239.802;49.711;289.513
CREDIALIANÇA COOPERATIVA DE CRÉDITO RURAL;78157146;b3S;S5;I;2;ROLANDIA;PR;03/2024;46.450;0;23.640;151.579;0;0;221.668;0;0;0;0;0;0;0;0;221.668;0;6.700;228.369;56.262;284.631
COOPERATIVA DE CRÉDITO SICREDI CENTRO PERNAMBUCANA;41255225;b3S;S5;I;2;CARUARU;PE;03/2024;43.388;0;7.317;150.273;0;12;200.990;0;0;0;0;0;0;0;1.222;202.211;0;19.815;222.027;62.335;284.361
SICREDI CREDUNI - COOPERATIVA DE ECONOMIA E CRÉDITO MÚTUO DOS SERV DAS INST PÚBLICAS DE ENSINO SUPERIOR DO ESTADO DA PARAÍBA E DAS DEMAIS INSTITUIÇÕES E ÓRGÃOS PÚBLICOS NO ESTADO DA PARAÍBA;3428338;b3S;S5;I;2;CAMPINA GRANDE;PB;03/2024;13.796;0;5.700;157.131;0;0;176.628;0;0;0;0;0;0;0;15.221;191.849;0;26.265;218.114;65.535;283.649
COOPERATIVA DE CRÉDITO E INVESTIMENTO COM INTERAÇÃO SOLIDÁRIA CENTRO SERRA - CRESOL CENTRO SERRA;1155801;b3S;S5;I;2;CURITIBANOS;SC;03/2024;21.524;8.390;176;91.263;0;0;121.352;0;0;0;0;0;0;0;0;121.352;0;128.726;250.078;31.369;281.447
NEGRESCO S.A. - CFI - PRUDENCIAL;1000083450;n1;S5;I;2;CURITIBA;PR;03/2024;7;0;0;0;0;0;7;0;0;0;0;0;180.111;180.111;0;180.118;0;14.669;194.787;85.495;280.282
COOPERATIVA DE CRÉDITO DE LIVRE ADMISSÃO DE ASSOCIADOS DO PLANALTO SERRANO - SICOOB CREDISERRA SC;1692448;b3S;S5;I;2;URUPEMA;SC;03/2024;30.994;0;0;65.842;0;0;96.836;0;0;52.747;0;0;0;52.747;538;150.121;0;82.124;232.245;45.945;278.190
COOPERATIVA DE CRÉDITO DE LIVRE ADMISSÃO DO SERTÃO DE MINAS GERAIS LTDA. - SICOOB SERTÃO MINAS;1667352;b3S;S5;I;2;PIRAPORA;MG;03/2024;44.616;0;0;103.565;0;0;148.180;0;16.367;5.550;0;0;0;21.917;17.995;188.092;0;51.275;239.367;35.824;275.192
COOPERATIVA DE CRÉDITO, POUPANÇA E INVESTIMENTO DOS JUÍZES E CARREIRAS PÚBLICAS DO DIREITO DO ESTADO DO RIO GRANDE DO SUL - SICREDI AJURIS RS;3750034;b3S;S4;I;2;PORTO ALEGRE;RS;03/2024;8.411;0;29.521;203.646;0;907;242.485;0;0;0;0;0;0;0;0;242.485;0;8.512;250.997;24.061;275.058
CREDISIS CAPITALCREDI - COOPERATIVA DE CRÉDITO DE LIVRE ADMISSÃO DO ACRE LTDA;5439425;b3S;S5;I;2;RIO BRANCO;AC;03/2024;50.050;0;0;175.384;0;0;225.434;0;0;5.411;0;0;0;5.411;2.756;233.600;0;4.999;238.599;35.043;273.642
COOPERATIVA DE CRÉDITO DE LIVRE ADMISSÃO DE ASSOCIADOS LTDA. - SICOOB JUDICIÁRIO;37076205;b3S;S5;I;2;BRASILIA;DF;03/2024;29.007;0;0;181.357;0;65;210.429;0;404;484;0;0;0;887;0;211.316;0;3.827;215.144;56.272;271.415
COOPERATIVA DE ECONOMIA E CRÉDITO MÚTUO UNICRED HORIZONTES LTDA - UNICRED HORIZONTES;1526924;b3S;S5;I;2;IJUI;RS;03/2024;24.848;0;0;133.245;0;0;158.093;0;37.928;0;0;0;0;37.928;0;196.022;0;13.817;209.839;60.444;270.283
COOPERATIVA DE CREDITO DE LIVRE ADMISSÃO DO VALE DO GORUTUBA LTDA - SICOOB CREDIVAG;25404542;b3S;S5;I;2;JANAUBA;MG;03/2024;59.820;0;0;105.136;0;31;164.987;0;0;20.662;0;0;0;20.662;0;185.649;0;30.108;215.757;54.121;269.878
COOPERATIVA DE ECONOMIA E CRÉDITO MÚTUO - SICOOB COOPERAC;8071414;b3S;S5;I;2;RIBEIRAO PRETO;SP;03/2024;61.756;0;0;171.390;0;0;233.145;0;0;0;0;0;0;0;0;233.145;0;6.296;239.442;29.298;268.740
COOPERATIVA DE ECONOMIA E CRÉDITO MÚTUO NOS ESTADOS DE ALAGOAS, SERGIPE E BAHIA - SICOOB LESTE;2493000;b3S;S5;I;2;MACEIO;AL;03/2024;64.082;0;0;128.169;0;648;192.899;0;652;0;0;0;0;652;0;193.550;0;15.014;208.564;59.850;268.414
COOPERATIVA DE ECONOMIA E CRÉDITO DE LIVRE ADMISSÃO LTDA. - SICOOB EMPRESARIAL;5856736;b3S;S5;I;2;BRASILIA;DF;03/2024;57.991;0;0;125.688;0;222;183.902;0;10.016;0;0;0;0;10.016;7.593;201.510;0;8.597;210.108;58.297;268.404
COOPERATIVA DE CRÉDITO DE LIVRE ADMISSÃO DE PALMEIRAS E REGIÃO LTDA.;37631058;b3S;S5;I;2;PALMEIRAS DE GOIAS;GO;03/2024;41.866;0;0;45.181;0;0;87.047;0;0;26.166;0;0;0;26.166;0;113.213;0;57.362;170.576;97.132;267.707
WESTERN UNION - PRUDENCIAL;1000080886;b1;S4;C;3;SAO PAULO;SP;03/2024;0;0;0;0;0;0;0;0;0;0;0;0;0;0;0;0;0;81.587;81.587;185.675;267.262
GREEN NET - PRUDENCIAL;1000085362;n4;;I;3;CUIABA;MT;03/2024;0;0;0;0;64.829;0;64.829;0;0;0;0;0;0;0;0;64.829;0;162.044;226.873;39.986;266.859
COOPERATIVA DE ECONOMIA E CRÉDITO MÚTUO DOS FUNCIONÁRIOS DA SECRETARIA DE ESTADO DA FAZENDA  DO ESTADO DE MINAS GERAIS E DE LIVRE ADMISSÃO LTDA - SICOOB COOPSEF;16721078;b3S;S5;I;2;BELO HORIZONTE;MG;03/2024;6.012;0;0;163.640;0;0;169.652;0;0;0;0;0;0;0;0;169.652;0;15.243;184.895;81.561;266.456
COOPERATIVA DE CRÉDITO DOS SERVIDORES PÚBLICOS NO ESTADO DA BAHIA LTDA. - SICOOB CRED EXECUTIVO;4321309;b3S;S5;I;2;SALVADOR;BA;03/2024;50.026;0;0;164.197;0;2.128;216.351;0;3.042;1.165;0;0;0;4.207;3.681;224.239;0;5.019;229.258;37.010;266.268
ATIVA S.A. CTCV - PRUDENCIAL;1000082547;n2;S4;I;2;RIO DE JANEIRO;RJ;03/2024;0;0;0;0;0;100.222;100.222;0;0;0;0;0;0;0;0;100.222;0;106.266;206.488;55.668;262.156
CLARA IP - PRUDENCIAL;1000087205;n4;;I;3;SAO PAULO;SP;03/2024;0;0;0;0;40.165;0;40.165;0;0;0;0;0;0;0;0;40.165;0;202.584;242.748;18.463;261.212
COOPERATIVA DE CRÉDITO E INVESTIMENTO COM INTERAÇÃO SOLIDÁRIA MISSÕES FRONTEIRA RS - CRESOL MISSÕES FRONTEIRA RS;8488377;b3S;S5;I;2;GUARANI DAS MISSOES;RS;03/2024;16.058;9.224;140;93.201;0;0;118.623;0;0;0;0;0;0;0;0;118.623;0;109.436;228.059;30.712;258.771
AGENCIA FOMENTO GOIAS - PRUDENCIAL;1000081050;n1;S4;I;1;GOIANIA;GO;03/2024;0;0;0;0;0;0;0;0;0;0;0;0;0;0;42.053;42.053;0;14.479;56.531;201.689;258.221
COOPERATIVA DE CRÉDITO DE LIVRE ADMISSÃO DE JATAÍ E REGIÃO LTDA.;10143499;b3S;S5;I;2;JATAI;GO;03/2024;73.181;0;0;102.566;0;0;175.746;0;8.051;9.192;0;0;0;17.242;10.000;202.989;0;21.253;224.242;31.970;256.212
COOPERATIVA DE CRÉDITO DE LIVRE ADMISSÃO DE ASSOCIADOS DO SUL DO BRASIL - CREVISC;10143743;b3S;S5;I;2;GUARAMIRIM;SC;03/2024;51.918;0;0;127.059;0;0;178.976;0;2.109;0;0;0;0;2.109;19.750;200.835;0;13.129;213.963;39.329;253.292
BARRACRED - COOPERATIVA DE ECONOMIA E CRÉDITO MÚTUO;1439107;b3S;S5;I;2;BARRA BONITA;SP;03/2024;0;0;0;0;0;0;0;0;0;0;0;0;0;0;0;0;0;8.024;8.024;245.070;253.094
COOPERATIVA DE CRÉDITO E ECONOMIA COM INTERAÇÃO SOLIDÁRIA DE JACUTINGA - CRESOL JACUTINGA;2904125;b3S;S5;I;2;JACUTINGA;RS;03/2024;20.468;11.847;74;82.497;0;0;114.886;0;0;0;0;0;0;0;5.095;119.981;0;106.566;226.547;24.627;251.174
COOPERATIVA DE CRÉDITO E INVESTIMENTO COM INTERAÇÃO SOLIDÁRIA CENTRO NORTE - CRESOL CENTRO NORTE;5211129;b3S;S5;I;2;MARCELINO RAMOS;RS;03/2024;16.524;9.740;0;93.081;0;0;119.345;0;0;0;0;0;0;0;3.861;123.206;0;99.324;222.530;27.027;249.557
COOPERATIVA DE CRÉDITO E ECONOMIA COM INTERAÇÃO SOLIDÁRIA DE ARATIBA - CRESOL ARATIBA;4565791;b3S;S5;I;2;ARATIBA;RS;03/2024;15.302;15.686;281;91.532;0;0;122.801;0;0;0;0;0;0;0;0;122.801;0;103.399;226.200;23.024;249.225
COOPERATIVA DE CRÉDITO DOS PROFISSIONAIS DE SAÚDE E DE LIVRE ADMISSÃO DO TRIÂNGULO MINEIRO E SUL DE MINAS LTDA. - UNICRED PROGRESSO;71432926;b3S;S5;I;2;UBERABA;MG;03/2024;30.089;0;0;145.151;0;0;175.240;0;18.307;0;0;0;0;18.307;0;193.547;0;20.236;213.783;33.357;247.140
COOPERATIVA DE CRÉDITO COOPCRED;53623781;b3S;S5;I;2;VALPARAISO;SP;03/2024;45.343;0;0;109.315;0;0;154.658;0;817;23.107;0;0;0;23.924;322;178.904;0;36.060;214.964;31.973;246.937
COOPERATIVA DE CRÉDITO DE LIVRE ADMISSÃO DE CAMPOS GERAIS E CAMPO DO MEIO LTDA - SICOOB CREDCAM;71146450;b3S;S5;I;2;CAMPOS GERAIS;MG;03/2024;28.703;0;0;67.687;0;0;96.390;0;0;19.587;0;0;0;19.587;0;115.977;0;95.477;211.454;34.871;246.325
COOPERATIVA DE CRÉDITO, POUPANÇA E INVESTIMENTO SICREDI INTEGRAÇÃO BAHIA - SICREDI INTEGRAÇÃO BAHIA;97489280;b3S;S4;I;2;ITABUNA;BA;03/2024;45.217;0;0;118.544;0;2.227;165.988;0;0;0;0;0;0;0;0;165.988;0;31.996;197.985;45.517;243.502
BGC LIQUIDEZ DTVM LTDA - PRUDENCIAL;1000084033;n2;S4;I;3;RIO DE JANEIRO;RJ;03/2024;0;0;0;0;0;0;0;0;0;0;0;0;0;0;0;0;0;57.786;57.786;185.160;242.946
SICOOB CRESSEM - COOPERATIVA DE ECONOMIA E CRÉDITO MÚTUO DOS SERVIDORES MUNICIPAIS DA REGIÃO METROPOLITANA DO VALE DO PARAÍBA E LITORAL NORTE;54190525;b3S;S5;I;2;SAO JOSE DOS CAMPOS;SP;03/2024;23.562;0;0;47.702;0;0;71.264;0;0;0;0;0;0;0;0;71.264;0;12.446;83.710;156.538;240.248
COOPERATIVA DE CRÉDITO HORIZONTE - SICOOB HORIZONTE;7194313;b3S;S5;I;2;ARAPONGAS;PR;03/2024;62.696;0;0;130.687;0;122;193.505;0;0;7.934;0;0;0;7.934;0;201.439;0;9.330;210.769;28.467;239.236
COOPERATIVA DE CRÉDITO DOS MAGISTRADOS, SERVIDORES DA JUSTIÇA DO ESTADO DE GOIÁS E EMPREGADOS DA CELG LTDA.;9552111;b3S;S5;I;2;GOIANIA;GO;03/2024;33.928;0;0;132.215;0;0;166.143;0;3.824;4.469;0;0;0;8.293;0;174.437;0;10.216;184.653;54.268;238.921
COOPERATIVA DE CRÉDITO DE LIVRE ADMISSÃO SICOOB COOPJUS LTDA.;25363615;b3S;S5;I;2;BELO HORIZONTE;MG;03/2024;16.853;0;0;139.067;0;0;155.921;0;0;0;0;0;0;0;0;155.921;0;8.918;164.838;73.817;238.655
ACQIO ADQUIRENCIA IP - PRUDENCIAL;1000086653;n4;;C;2;SAO PAULO;SP;03/2024;0;0;0;0;0;0;0;0;0;0;0;0;0;0;1.222;1.222;0;82.484;83.707;153.151;236.858
CALCRED CFI PRUDENCIAL;1000085733;n1;S4;I;2;SAO JOSE;SC;03/2024;0;0;0;192.277;0;0;192.277;0;0;0;0;0;0;0;0;192.277;0;6.079;198.356;37.246;235.602
COOPERATIVA DE CRÉDITO E ECONOMIA COM INTERAÇÃO SOLIDÁRIA CRESOL VALE;7320890;b3S;S5;I;2;VITOR MEIRELES;SC;03/2024;23.691;9.628;442;81.388;0;0;115.149;0;0;0;0;0;0;0;0;115.149;0;93.009;208.158;25.418;233.576
COOPERATIVA DE CRÉDITO CREDICAMPINA LTDA. - SICOOB CREDICAMPINA;1609345;b3S;S5;I;2;CAMPINA VERDE;MG;03/2024;29.342;0;0;53.666;0;0;83.008;0;0;46.886;0;0;0;46.886;0;129.893;0;69.071;198.965;28.935;227.899
COOPERATIVA DE CREDITO CLASSICA DO ESTADO DO RIO DE JANEIRO - SICOOB EMPRESAS RJ;4120633;b3S;S5;I;2;RIO DE JANEIRO;RJ;03/2024;65.466;0;0;103.163;0;0;168.629;0;403;0;0;0;0;403;0;169.032;0;13.762;182.794;44.300;227.094
COOPERATIVA DE CRÉDITO DO VALE DOS PINHAIS - SICOOB VALE DOS PINHAIS;86791837;b3S;S5;I;2;CACADOR;SC;03/2024;49.085;0;0;108.368;0;0;157.453;0;6.443;15.047;0;0;0;21.491;316;179.260;0;21.705;200.965;25.583;226.548
COOPERATIVA DE CRÉDITO CREDIBAM LTDA. - SICOOB CREDIBAM;66259110;b3S;S5;I;2;BAMBUI;MG;03/2024;48.063;0;0;72.893;0;0;120.957;0;41;35.668;0;0;0;35.708;0;156.665;0;20.470;177.135;48.323;225.459
AGÊNCIA DE FOMENTO MATO GROSSO - PRUDENCIAL;1000081146;n1;S4;I;1;CUIABA;MT;03/2024;0;0;0;0;0;0;0;0;0;0;0;0;0;0;5.191;5.191;0;4.295;9.486;215.676;225.162
COOPERATIVA DE CRÉDITO DE LIVRE ADMISSÃO DE SANTA CRUZ DAS PALMEIRAS E REGIÃO;6910457;b3S;S5;I;2;SANTA CRUZ DAS PALMEIRAS;SP;03/2024;31.054;0;0;148.501;0;1.458;181.013;0;3.174;0;0;0;0;3.174;0;184.187;0;11.588;195.776;26.387;222.162
COOPERATIVA DE CRÉDITO SICREDI ALTO SERTÃO PARAIBANO - SICREDI ALTO SERTÃO PARAIBANO;9343038;b3S;S4;I;2;SOUSA;PB;03/2024;44.140;0;0;101.244;0;0;145.384;0;0;0;0;0;0;0;284;145.668;0;10.902;156.570;64.863;221.433
STONEX DTVM - PRUDENCIAL;1000084088;b2;S4;C;3;SAO PAULO;SP;03/2024;0;0;0;0;0;13.025;13.025;0;0;0;0;0;0;0;0;13.025;0;62.810;75.835;145.576;221.412
COOPERATIVA DE CRÉDITO DO SUDOESTE BAIANO LTDA - SICOOB CREDICONQUISTA;2282165;b3S;S5;I;2;VITORIA DA CONQUISTA;BA;03/2024;81.057;0;0;86.867;0;0;167.924;0;0;0;0;0;0;0;0;167.924;0;10.920;178.844;41.331;220.175
PAGUEVELOZ IP - PRUDENCIAL;1000086505;n4;;C;3;BLUMENAU;SC;03/2024;0;0;0;0;67.376;0;67.376;0;0;0;0;0;0;0;0;67.376;0;102.305;169.682;47.346;217.027
COOPERATIVA DE CRÉDITO DE TIROS E MATUTINA LTDA.- SICOOB CREDITIROS;42880617;b3S;S5;I;2;TIROS;MG;03/2024;34.239;0;0;48.563;0;0;82.802;0;0;28.381;0;0;0;28.381;378;111.561;0;61.738;173.299;43.517;216.816
COOPERATIVA DE CRÉDITO VALE DO CANOAS - SICOOB/SC CREDICANOAS;707903;b3S;S5;I;2;ABDON BATISTA;SC;03/2024;23.448;0;0;93.090;0;0;116.538;0;1.611;17.789;0;0;0;19.399;437;136.374;0;41.059;177.433;37.142;214.574
COOPERATIVA DE CRÉDITO DE LIVRE ADMISSÃO CREDIEMBRAPA LTDA - SICOOB.;2338666;b3S;S5;I;2;BRASILIA;DF;03/2024;26.090;0;0;105.860;0;30;131.979;0;1.007;0;0;0;0;1.007;22.183;155.170;0;5.697;160.867;51.327;212.194
COOPERATIVA DE CREDITO POTIGUAR - SICOOB POTIGUAR;2382755;b3S;S5;I;2;NATAL;RN;03/2024;43.275;0;0;123.374;0;0;166.649;0;5.493;0;0;0;0;5.493;0;172.142;0;7.745;179.887;31.462;211.349
ALESTA SOCIEDADE DE CREDITO DIRETO - PRUDENCIAL;1000085379;n1;S5;I;3;JAGUARIUNA;SP;03/2024;0;0;0;0;0;0;0;0;0;0;0;0;0;0;0;0;0;12.321;12.321;196.148;208.469
COOPERATIVA DE CRÉDITO DE LIVRE ADMISSÃO DO BRASIL CENTRAL LTDA. - SICOOB EXECUTIVO;694877;b3S;S5;I;2;BRASILIA;DF;03/2024;32.722;0;0;114.950;0;5;147.678;0;1.957;0;0;0;0;1.957;13.572;163.207;0;5.296;168.503;39.411;207.914
COMPANHIA HIPOTECARIA PIRATINI - CHP - PRUDENCIAL;1000085520;n1;S4;I;2;PORTO ALEGRE;RS;03/2024;0;0;0;0;0;0;0;0;114.367;0;0;0;0;114.367;0;114.367;0;53.945;168.312;38.901;207.213
COOPERATIVA DE CRÉDITO E ECONOMIA COM INTERAÇÃO SOLIDÁRIA - CRESOL DESENVOLVIMENTO;5425526;b3S;S5;I;2;CONCORDIA;SC;03/2024;13.535;10.550;244;85.642;0;0;109.971;0;0;0;0;0;0;0;887;110.858;0;76.865;187.723;19.160;206.883
COOPERATIVA DE CRÉDITO SICOOB NORTE SUL LTDA;2876918;b3S;S5;I;2;GANDU;BA;03/2024;58.085;0;0;85.755;0;29;143.869;0;1.440;10.615;0;0;0;12.054;0;155.923;0;18.466;174.389;28.738;203.127
COOPERATIVA DE ECONOMIA E CRÉDITO MÚTUO DOS PROFISSIONAIS DA ÁREA NOTARIAL E REGISTRAL - COOPNORE;7714057;b3S;S5;I;2;PORTO ALEGRE;RS;03/2024;53.456;0;0;111.257;0;0;164.713;0;1.043;0;0;0;0;1.043;0;165.756;0;17.255;183.011;19.106;202.117
COOPERATIVA DE CRÉDITO E INVESTIMENTO COM INTERAÇÃO SOLIDÁRIA TRANSAMAZÔNICA - CRESOL TRANSAMAZÔNICA;24431221;b3S;S5;I;2;PACAJA;PA;03/2024;51.482;375;1.304;70.556;0;0;123.717;0;0;4.132;0;0;0;4.132;0;127.849;0;48.306;176.155;24.436;200.591
SINOSSERRA FINANCEIRA S/A - PRUDENCIAL;1000084552;n1;S4;C;2;NOVO HAMBURGO;RS;03/2024;0;0;15.407;127.697;0;0;143.104;0;0;0;0;0;9.278;9.278;0;152.382;0;13.429;165.811;33.328;199.140
PLANTAE CFI - PRUDENCIAL;1000085630;n1;S4;I;2;PRESIDENTE PRUDENTE;SP;03/2024;0;0;0;30.962;0;0;30.962;0;0;140.395;0;0;0;140.395;0;171.358;0;1.316;172.674;25.397;198.071
COOPERATIVA DE ECONOMIA E CRÉDITO MÚTUO DOS SERVIDORES DA FEDERAÇÃO DO COMÉRCIO, SESC E SENAC DE SÃO PAULO;62928320;b3S;S5;I;2;SAO PAULO;SP;03/2024;0;0;0;0;0;0;0;0;0;0;0;0;0;0;0;0;0;7.913;7.913;188.832;196.746
PAY4FUN IP S.A. - PRUDENCIAL;1000086299;n4;;I;2;SAO PAULO;SP;03/2024;0;0;0;0;120.539;0;120.539;0;0;0;0;0;0;0;0;120.539;0;13.686;134.224;61.395;195.619
COOPERATIVA DE CRÉDITO DE LIVRE ADMISSÃO DA MARGEM ESQUERDA DO URUCUIA E SÃO FRANCISCO LTDA - SICOOB CREDICHAPADA;14046512;b3S;S5;I;2;CHAPADA GAUCHA;MG;03/2024;41.939;0;0;25.339;0;0;67.278;0;0;16.885;0;0;0;16.885;0;84.164;0;74.441;158.604;36.476;195.080
COOPERATIVA DE ECONOMIA E CRÉDITO MÚTUO DE LIVRE ADMISSÃO DE ARARAQUARA E REGIÃO - SICOOB;53236808;b3S;S5;I;2;ARARAQUARA;SP;03/2024;52.825;0;0;118.641;0;141;171.607;0;0;75;0;0;0;75;0;171.682;0;4.560;176.242;18.668;194.910
COOPERATIVA DE CRÉDITO DE LIVRE ADMISSÃO DE ARCOS LTDA. - SICOOB ARCOMCREDI;71230338;b3S;S5;I;2;ARCOS;MG;03/2024;31.463;0;0;125.825;0;0;157.289;0;4.993;346;0;0;0;5.339;1.306;163.933;0;3.442;167.375;27.526;194.901
COOPERATIVA DE CRÉDITO E ECONOMIA COM INTERAÇÃO SOLIDÁRIA DE SÃO VALENTIM - CRESOL SÃO VALENTIM;3015152;b3S;S5;I;2;SAO VALENTIM;RS;03/2024;12.027;7.959;0;73.772;0;0;93.758;0;0;0;0;0;0;0;0;93.758;0;80.651;174.409;20.478;194.887
COOPERATIVA DE CRÉDITO DE LIVRE ADMISSÃO DA REGIÃO DE SÃO SEBASTIÃO DO PARAÍSO LTDA. - SICOOB PARAÍSOCRED;1657678;b3S;S5;I;2;SAO SEBASTIAO DO PARAISO;MG;03/2024;40.275;0;0;85.680;0;0;125.955;0;22.691;7.136;0;0;0;29.826;5.632;161.413;0;5.692;167.105;27.706;194.811
NVIO BRASIL IP - PRUDENCIAL;1000086945;n1;S5;C;3;OSASCO;SP;03/2024;0;0;0;0;18.739;0;18.739;0;0;0;0;0;0;0;0;18.739;0;17.603;36.342;157.949;194.291
COOPERATIVA DE CRÉDITO, POUPANÇA E INVESTIMENTO BANDEIRANTES - SICREDI BANDEIRANTES SP;4853988;b3S;S4;I;2;SAO CARLOS;SP;03/2024;22.946;0;370;127.611;0;0;150.927;0;0;0;0;0;0;0;4;150.931;0;14.566;165.497;27.517;193.014
BECKER FINANCEIRA S.A. - CFI - PRUDENCIAL;1000084507;n1;S5;I;2;CERRO LARGO;RS;03/2024;0;0;0;0;0;0;0;0;0;0;0;0;45.915;45.915;0;45.915;0;71.526;117.441;75.134;192.575
COOPERATIVA DE CRÉDITO DE LIVRE ADMISSÃO DE ITAJUBÁ LTDA - SICOOB SUDESTE MAIS;4079285;b3S;S5;I;2;ITAJUBA;MG;03/2024;40.533;0;0;103.153;0;0;143.686;0;18.777;1.582;0;0;0;20.359;0;164.045;0;7.020;171.064;21.486;192.550
COOPERATIVA DE CRÉDITO, POUPANÇA E INVESTIMENTO EMPREENDEDORES - SICREDI EMPREENDEDORES PR;7070495;b3S;S4;I;2;CURITIBA;PR;03/2024;40.094;0;903;115.883;0;6;156.886;0;0;0;0;0;0;0;0;156.886;0;16.653;173.539;18.895;192.434
COOPERATIVA DE CRÉDITO DE LIVRE ADMISSÃO DE CERES E RIALMA LTDA;9576849;b3S;S5;I;2;CERES;GO;03/2024;38.724;0;0;105.230;0;0;143.954;0;8.535;0;0;0;0;8.535;0;152.489;0;12.951;165.440;26.905;192.346
LATAM TECNOLOGIA IP - PRUDENCIAL;1000087023;n4;;I;2;MARINGA;PR;03/2024;0;0;0;0;12.736;0;12.736;0;0;0;0;0;0;0;0;12.736;0;167.977;180.713;8.044;188.756
COOPERATIVA DE CRÉDITO CREDIESMERALDAS LTDA. - SICOOB CREDIESMERALDAS;68512748;b3S;S5;I;2;ESMERALDAS;MG;03/2024;70.689;0;0;87.931;0;0;158.620;0;0;1.788;0;0;0;1.788;0;160.408;0;8.024;168.433;18.503;186.936
LAR COOPERATIVA DE CRÉDITO - LAR CREDI;39343350;b3S;S5;I;2;MEDIANEIRA;PR;03/2024;31.146;0;0;113.121;0;0;144.268;0;0;0;0;0;0;0;0;144.268;0;3.363;147.630;37.170;184.800
COOPERATIVA DE CRÉDITO DA REGIÃO DO VALE DO RIO GRANDE LTDA. - SICOOB CREDILEITE;86585049;b3S;S5;I;2;UBERABA;MG;03/2024;46.776;0;0;94.677;0;81;141.534;0;0;3.343;0;0;0;3.343;0;144.877;0;16.621;161.498;21.321;182.819
COOPERATIVA DE CREDITO CREDLIDER - SICOOB CREDLIDER;5463934;b3S;S5;I;2;VOTUPORANGA;SP;03/2024;37.692;0;0;95.522;0;0;133.214;0;3.145;0;0;0;0;3.145;0;136.359;0;15.183;151.541;30.182;181.723
COOPERATIVA DE CRÉDITO SICOOB COOPEMAR LTDA;4174720;b3S;S5;I;2;MAIRI;BA;03/2024;63.538;0;0;84.604;0;0;148.142;0;460;1.039;0;0;0;1.499;0;149.641;0;5.422;155.063;25.144;180.207
COOPERATIVA DE CRÉDITO DOS INTEGRANTES DO MINISTÉRIO PÚBLICO E DO PODER JUDICIÁRIO NOS ESTADOS DO AMAPÁ E CEARÁ E LIVRE ADMISSÃO NO ESTADO DO PARÁ - SICOOB COIMPPA;84156470;b3S;S5;I;2;BELEM;PA;03/2024;25.956;0;0;69.888;0;0;95.843;0;0;0;0;0;0;0;0;95.843;0;12.146;107.990;72.112;180.102
PROVER PROMOCAO DE VENDAS IP - PRUDENCIAL;1000087212;n1;S5;C;2;MANAUS;AM;03/2024;0;0;0;0;0;0;0;0;0;0;0;0;0;0;0;0;0;109.799;109.799;68.469;178.269
COOPERATIVA DE CREDITO DE LIVRE ADMISSÃO DA REGIÃO SUDESTE DE MINAS GERAIS LTDA. - SICOOB CREDISUCESSO;42887133;b3S;S5;I;2;BOM SUCESSO;MG;03/2024;34.818;0;0;108.609;0;536;143.964;0;0;6.645;0;0;0;6.645;0;150.609;0;3.952;154.561;23.477;178.038
BCO LA PROVINCIA B AIRES BCE - PRUDENCIAL;1000081263;b1;S4;I;3;SAO PAULO;SP;03/2024;0;0;0;0;0;0;0;26.209;0;0;0;0;0;0;5.946;32.155;0;3.854;36.008;140.680;176.689
COOPERATIVA DE CRÉDITO RURAL E ECONOMIA COM INTERAÇÃO SOLIDÁRIA DE GETÚLIO VARGAS - CRESOL GETÚLIO VARGAS;5241145;b3S;S5;I;2;GETULIO VARGAS;RS;03/2024;13.297;3.893;59;69.899;0;0;87.148;0;0;0;0;0;0;0;0;87.148;0;66.376;153.524;20.012;173.537
COOPERATIVA DE CRÉDITO E INVESTIMENTO COM INTERAÇÃO SOLIDÁRIA NORDESTE - CRESOL NORDESTE;2025743;b3S;S5;I;2;LAURO DE FREITAS;BA;03/2024;39.358;0;0;128.186;0;0;167.544;0;0;0;0;0;0;0;6.101;173.645;0;10.900;184.546;-12.726;171.819
COOPERATIVA DE CRÉDITO SICOOB ITAPAGIPE LTDA - SICOOB ITAPAGIPE;71506513;b3S;S5;I;2;ITAPAGIPE;MG;03/2024;18.575;0;0;41.464;0;0;60.038;0;0;22.821;0;0;0;22.821;0;82.860;0;47.207;130.067;41.390;171.457
COOPERATIVA DE CRÉDITO SICOOB UNI SUL MS;37554441;b3S;S5;I;2;DOURADOS;MS;03/2024;27.662;0;0;69.428;0;0;97.089;0;10.956;217;420;0;0;11.592;0;108.681;0;14.154;122.835;46.716;169.551
COOPERATIVA DE CREDITO RURAL SEARA - CREDISEARA;204963;b3S;S5;I;2;SEARA;SC;03/2024;13.542;0;0;98.934;0;0;112.476;0;0;0;0;0;0;0;23.927;136.403;0;4.512;140.915;26.293;167.207
COOPERATIVA DE CRÉDITO SICOOBMAIS  LTDA. - SICOOBMAIS;26359745;b3S;S5;I;2;IGUATAMA;MG;03/2024;35.994;0;0;88.990;0;49;125.033;0;43;9.241;0;0;0;9.284;6.248;140.566;0;24.798;165.364;1.236;166.600
COOPERATIVA DE CRÉDITO E ECONOMIA COM INTERAÇÃO SOLIDÁRIA - CRESOL INOVAÇÃO;5070112;b3S;S5;I;2;CORONEL MARTINS;SC;03/2024;11.961;2.286;0;55.013;0;0;69.260;0;0;0;0;0;0;0;10.198;79.458;0;64.519;143.976;21.631;165.607
CREDITÁ S.A. CFI - PRUDENCIAL;1000083687;n1;S5;I;2;PORTO ALEGRE;RS;03/2024;0;0;0;19.913;91;0;20.004;0;0;95.928;0;0;9.698;105.626;0;125.630;0;3.942;129.571;35.135;164.707
COOPERATIVA DE ECONOMIA E CRÉDITO MÚTUO DOS EMPREGADOS DO GRUPO CASINO, GRUPO PÃO DE AÇÚCAR E GRUPO ASSAÍ;46277273;b3S;S5;I;2;SAO PAULO;SP;03/2024;0;0;0;0;0;0;0;0;0;0;0;0;0;0;0;0;0;35.666;35.666;126.517;162.184
COOPER CARD IP - PRUDENCIAL;1000086134;n4;;C;2;BARUERI;SP;03/2024;0;0;0;0;268;0;268;0;0;0;0;0;0;0;3.923;4.191;0;109.311;113.503;47.984;161.487
COOPERATIVA DE ECONOMIA E CRÉDITO MÚTUO DOS MÉDICOS E DEMAIS PROFISSIONAIS DE NÍVEL SUPERIOR DA ÁREA DE SAÚDE DE OURINHOS - OURICRED;2179673;b3S;S5;I;2;OURINHOS;SP;03/2024;22.038;0;0;107.968;0;0;130.006;0;2.453;0;0;0;0;2.453;0;132.458;0;2.345;134.804;26.247;161.050
COOPERATIVA DE CRÉDITO, POUPANÇA E INVESTIMENTO DOS INTEGRANTES DA MAGISTRATURA E DO MINISTÉRIO PÚBLICO NO ESTADO DO PARANÁ - SICREDI CREDJURIS;4886317;b3S;S4;I;2;CURITIBA;PR;03/2024;17.934;0;2.505;104.187;0;0;124.626;0;0;0;0;0;0;0;0;124.626;0;10.790;135.416;24.386;159.802
ONEKEY PAYMENTS IP - PRUDENCIAL;1000087535;n4;;I;3;BARUERI;SP;03/2024;0;0;0;0;149.363;0;149.363;0;0;0;0;0;0;0;0;149.363;0;1.935;151.299;5.073;156.371
UNICRED REGIONAL NORTE LAGOS - COOPERATIVA DE ECONOMIA E CRÉDITO MÚTUO REGIONAL NORTE LAGOS LTDA;4445917;b3S;S5;I;2;CAMPOS DOS GOYTACAZES;RJ;03/2024;26.577;0;0;90.774;0;209;117.559;0;4.778;0;0;0;0;4.778;0;122.338;0;11.000;133.337;22.279;155.617
MONTE BRAVO CTVM - PRUDENCIAL;1000087281;n2;S4;I;2;SAO PAULO;SP;03/2024;0;0;0;0;0;0;0;0;0;0;0;0;0;0;0;0;0;1.271;1.271;153.502;154.773
BRL TRUST DTVM SA - PRUDENCIAL;1000084277;n2;S4;I;2;SAO PAULO;SP;03/2024;0;0;0;0;0;102.935;102.935;0;0;0;0;0;0;0;0;102.935;0;13.134;116.069;37.742;153.812
RPW S/A SCFI - PRUDENCIAL;1000083209;n1;S4;I;2;SAO PAULO;SP;03/2024;0;0;0;129.436;0;0;129.436;0;0;0;0;0;0;0;0;129.436;0;2.125;131.561;21.717;153.278
COOPERATIVA CENTRAL DE CRÉDITO UNICRED CENTRAL COALIZÃO LTDA - UNICRED CENTRAL COALIZÃO;86774775;b3C;S4;I;2;RIO DE JANEIRO;RJ;03/2024;31;0;0;0;0;0;31;0;0;0;0;0;0;0;0;31;0;123.946;123.977;28.451;152.428
C&A PAY SCD - PRUDENCIAL;1000086787;n1;S5;I;3;BARUERI;SP;03/2024;0;0;0;0;0;0;0;0;0;0;0;0;0;0;0;0;0;55.386;55.386;96.776;152.162
CREDISIS SUDOESTE/RO - COOPERATIVA DE CRÉDITO E INVESTIMENTO DO SUDOESTE DE RONDÔNIA;3985375;b3S;S5;I;2;ROLIM DE MOURA;RO;03/2024;29.686;0;0;45.257;0;0;74.943;0;0;28.166;0;0;0;28.166;10.074;113.183;0;13.569;126.752;24.301;151.053
SF3 CFI - PRUDENCIAL;1000083474;n1;S5;I;2;SAO PAULO;SP;03/2024;0;0;0;100.009;0;0;100.009;0;0;0;0;0;20.703;20.703;0;120.713;0;2.009;122.721;28.113;150.834
FRENTE CC - PRUDENCIAL;1000084387;n2;S4;I;2;SAO PAULO;SP;03/2024;0;0;0;0;0;0;0;0;0;0;0;0;0;0;0;0;0;136.608;136.608;10.882;147.490
COOPERATIVA DE CRÉDITO DE LIVRE ADMISSÃO DE ASSOCIADOS - SICOOB CRUZ ALTA;73326449;b3S;S5;I;2;CRUZ ALTA;RS;03/2024;13.811;0;0;90.160;0;0;103.971;0;8.431;6.350;0;0;0;14.781;276;119.028;0;5.557;124.586;21.958;146.544
COOPERATIVA DE CREDITO E ECONOMIA COM INTERAÇÃO SOLIDÁRIA - CRESOL SERRA MAR;7958405;b3S;S5;I;2;RIO FORTUNA;SC;03/2024;21.560;12.056;0;67.831;0;0;101.447;0;0;0;0;0;0;0;0;101.447;0;29.080;130.527;15.260;145.788
SERVNET IP - PRUDENCIAL;1000086701;n4;;I;2;UBERLANDIA;MG;03/2024;0;0;0;0;8.374;0;8.374;0;0;0;0;0;0;0;0;8.374;0;125.490;133.865;11.813;145.678
COOPERATIVA DE ECONOMIA E CRÉDITO MÚTUO DOS EMPREGADOS DA JOHNSON & JOHNSON;45691128;b3S;S5;I;2;SAO JOSE DOS CAMPOS;SP;03/2024;0;0;0;0;0;0;0;0;0;0;0;0;0;0;0;0;0;11.964;11.964;133.372;145.336
COOPERATIVA DE ECONOMIA E CRÉDITO MÚTUO DOS MÉDICOS E CATEGORIAS AFINS - UNICRED MÚLTIPLO VALOR LTDA.;1090027;b3S;S5;I;2;NITEROI;RJ;03/2024;27.896;0;0;77.160;0;725;105.781;0;2.052;0;0;0;0;2.052;0;107.833;0;12.264;120.097;25.084;145.181
COOPERATIVA DE ECONOMIA E CRÉDITO MÚTUO DOS FUNCIONÁRIOS DO ATACADÃO;52046299;b3S;S5;I;2;SAO PAULO;SP;03/2024;0;0;0;0;0;0;0;0;0;0;0;0;0;0;0;0;0;10.595;10.595;130.964;141.559
COOPERATIVA DE CRÉDITO CREDICAPI LTDA - SICOOB CREDICAPI;804046;b3S;S5;I;2;CAPITOLIO;MG;03/2024;16.862;0;0;56.655;0;0;73.518;0;36;15.386;0;0;0;15.422;0;88.940;0;26.189;115.128;24.978;140.107
EQI INVESTIMENTOS CTVM - PRUDENCIAL;1000087119;n2;S4;I;2;SAO PAULO;SP;03/2024;0;0;0;0;0;0;0;0;0;0;0;0;0;0;19.522;19.522;0;29.603;49.125;89.212;138.337
COOPERATIVA DE CRÉDITO DE LIVRE ADMISSÃO DO OESTE MARANHENSE - SICOOB OESTE MARANHENSE;9424988;b3S;S5;I;2;ACAILANDIA;MA;03/2024;53.816;0;0;42.658;0;0;96.473;0;0;0;0;0;0;0;0;96.473;0;13.954;110.427;27.253;137.680
SICOOB CREDIMONTES - COOPERATIVA DE CRÉDITO DE LIVRE ADMISSÃO REGIONAL DE MONTES CLAROS LTDA;2031139;b3S;S5;I;2;MONTES CLAROS;MG;03/2024;31.569;0;0;58.350;0;0;89.919;0;9.579;2.551;0;0;0;12.130;0;102.049;0;7.444;109.492;26.467;135.960
COOPERATIVA DE CREDITO CECRES - SICOOB CECRES;54603022;b3S;S5;I;2;SAO PAULO;SP;03/2024;8.854;0;0;26.755;0;0;35.609;0;0;0;0;0;0;0;0;35.609;0;56.164;91.773;43.974;135.746
COOPERATIVA DE ECONOMIA E CRÉDITO MÚTUO DOS TRABALHADORES DO GRUPO SÃO MARTINHO   USICRED;2562412;b3S;S5;I;2;PRADOPOLIS;SP;03/2024;0;0;0;2.159;0;0;2.159;0;0;0;0;0;0;0;0;2.159;0;3.622;5.782;129.238;135.020
COOPERATIVA DE ECONOMIA E CRÉDITO MÚTUO DOS MILITARES ESTADUAIS DE SANTA CATARINA - CREDPOM;4572960;b3S;S5;I;2;FLORIANOPOLIS;SC;03/2024;26.368;0;0;92.325;0;0;118.693;0;0;0;0;0;0;0;197;118.891;0;2.048;120.938;13.812;134.751
COOPERATIVA DE CRÉDITO RURAL DOS FORNECEDORES DE CANA DA REGIÃO DE CATANDUVA-COFOCRED;49654502;b3S;S5;I;2;CATANDUVA;SP;03/2024;0;0;0;0;0;0;0;0;0;0;0;0;0;0;0;0;0;14.004;14.004;120.275;134.279
COOPERATIVA DE CRÉDITO DE LIVRE ADMISSÃO DE ASSOCIADOS DE JARAGUÁ DO SUL E REGIÃO - SICOOB CEJASCRED;12384953;b3S;S5;I;2;JARAGUA DO SUL;SC;03/2024;29.791;0;0;72.791;0;0;102.582;0;1.192;0;0;0;0;1.192;326;104.100;0;3.792;107.892;25.576;133.468
COOPERATIVA DE CRÉDITO DE RIO RUFINO - SICOOB CREDIUNIÃO;2448839;b3S;S5;I;2;RIO RUFINO;SC;03/2024;17.593;0;0;45.422;0;4;63.019;0;2.363;18.808;0;0;0;21.171;271;84.462;0;28.843;113.304;19.932;133.236
COOPERATIVA DE CRÉDITO SICOOB IPÊ - SICOOB IPÊ;24610065;b3S;S5;I;2;CAMPO GRANDE;MS;03/2024;15.960;0;0;90.107;0;9;106.075;0;1.806;0;0;0;0;1.806;2.380;110.261;0;6.398;116.659;15.554;132.213
TENTOS CFI - PRUDENCIAL;1000085788;n1;S4;I;2;IJUI;RS;03/2024;0;0;0;21;0;0;21;0;0;92.723;0;0;0;92.723;0;92.744;0;4.569;97.313;33.448;130.760
COOPERATIVA DE CRÉDITO DE LIVRE ADMISSÃO DFMIL LTDA. - SICOOB DFMIL;4649337;b3S;S5;I;2;BRASILIA;DF;03/2024;31.716;0;0;64.113;0;1;95.830;0;660;0;0;0;0;660;7.454;103.944;0;2.819;106.763;23.777;130.540
UNICRED COSTA DO SOL RJ - COOPERATIVA DE ECONOMIA E CRÉDITO MÚTUO LTDA.;39231527;b3S;S5;I;2;MACAE;RJ;03/2024;29.576;0;0;72.880;0;80;102.536;0;0;0;940;0;0;940;0;103.475;0;11.709;115.184;14.573;129.757
COOPERATIVA DE CRÉDITO E ECONOMIA COM INTERAÇÃO SOLIDÁRIA - CRESOL XANXERÊ;7509426;b3S;S5;I;2;XANXERE;SC;03/2024;10.201;7.283;205;50.118;0;0;67.808;0;0;0;0;0;0;0;0;67.808;0;47.093;114.901;14.845;129.746
CENTROCRED CFI - PRUDENCIAL;1000084727;n1;S5;I;2;SANTA CRUZ DO SUL;RS;03/2024;0;0;0;17.208;0;0;17.208;0;0;0;0;0;68.963;68.963;0;86.170;0;4.112;90.283;39.069;129.351
COOPERATIVA DE CRÉDITO DE LIVRE ADMISSÃO DA REGIÃO DE GUAXUPÉ LTDA. - SICOOB ACICREDI;1699652;b3S;S5;I;2;GUAXUPE;MG;03/2024;27.758;0;0;73.847;0;0;101.605;0;0;0;0;0;0;0;0;101.605;0;3.676;105.280;23.727;129.007
WESTERN ASSET DTVM LTDA. - PRUDENCIAL;1000083900;n2;S4;I;3;SAO PAULO;SP;03/2024;0;0;0;0;0;0;0;0;0;0;0;0;0;0;0;0;0;23.733;23.733;104.538;128.270
COOPERATIVA DE CREDITO E ECONOMIA COM INTERAÇÃO SOLIDARIA - CRESOL LITORAL;5410056;b3S;S5;I;2;JAGUARUNA;SC;03/2024;16.953;2.107;215;63.193;0;0;82.467;0;0;0;0;0;0;0;0;82.467;0;32.178;114.645;12.325;126.970
COOPERATIVA DE CRÉDITO DOS EMPREGADOS DO GRUPO VALLOUREC NO BRASIL - COOVALL LTDA.;64293582;b3S;S5;I;2;BELO HORIZONTE;MG;03/2024;0;0;0;0;0;0;0;0;0;0;0;0;0;0;0;0;0;7.268;7.268;119.448;126.716
COOPERATIVA DE CREDITO DE LIVRE ADMISSÃO DE MARTINHO CAMPOS LTDA - SICOOB CREDIMAC;64480833;b3S;S5;I;2;MARTINHO CAMPOS;MG;03/2024;19.488;0;0;58.785;0;5;78.277;0;0;9.038;0;0;0;9.038;0;87.315;0;12.843;100.159;25.039;125.198
GREENCRED - COOPERATIVA DE CREDITO;2347114;b3S;S5;I;2;CURITIBA;PR;03/2024;12.750;0;0;73.582;0;1.399;87.731;0;0;0;0;0;0;0;0;87.731;0;9.994;97.725;27.095;124.820
COOPERATIVA DE CRÉDITO E INVESTIMENTOS DE RONDÔNIA - SICOOB CREDJURD;4751713;b3S;S5;I;2;PORTO VELHO;RO;03/2024;69.084;0;0;18.895;0;0;87.980;0;0;0;0;0;0;0;0;87.980;0;4.283;92.262;31.914;124.177
BANCO LETSBANK - PRUDENCIAL;1000086206;b1;S4;I;2;SAO PAULO;SP;03/2024;483;0;15.095;74.418;0;0;89.997;0;0;0;0;0;0;0;0;89.997;0;18.010;108.007;15.891;123.897
CM CAPITAL MARKETS - PRUDENCIAL;1000080549;n2;S4;C;3;SAO PAULO;SP;03/2024;0;0;0;0;0;39.286;39.286;0;0;0;0;0;0;0;0;39.286;0;47.353;86.639;36.442;123.081
BBVA BRASIL BI S.A. - PRUDENCIAL;1000081366;b2;S4;I;3;SAO PAULO;SP;03/2024;0;0;0;0;0;0;0;0;0;0;0;0;0;0;0;0;0;4.879;4.879;115.600;120.479
BANCO RNX S.A. - PRUDENCIAL;1000081775;b2;S4;I;2;CURITIBA;PR;03/2024;0;0;0;91.815;0;0;91.815;0;0;0;0;0;0;0;0;91.815;0;7.055;98.870;20.881;119.751
COOPERATIVA DE CRÉDITO, POUPANÇA E INVESTIMENTO DOS MILITARES ESTADUAIS E SERVIDORES DA SEGURANÇA DO ESTADO DO RIO GRANDE DO SUL - SICREDI MIL RS;3212823;b3S;S4;I;2;PORTO ALEGRE;RS;03/2024;12.902;0;12.090;63.248;0;653;88.894;0;0;0;0;0;0;0;0;88.894;0;10.721;99.615;17.590;117.205
COOPERATIVA DE CRÉDITO CREDINOSSO LTDA - SICOOB CREDINOSSO;6324872;b3S;S5;I;2;MONTES CLAROS;MG;03/2024;28.469;0;0;70.299;0;5;98.773;0;0;0;0;0;0;0;0;98.773;0;3.741;102.513;14.603;117.116
BRINKS PAY IP - PRUDENCIAL;1000086811;n4;;C;3;SAO PAULO;SP;03/2024;0;0;0;0;17.923;0;17.923;0;0;0;0;0;0;0;52.919;70.842;0;23.944;94.786;22.079;116.864
COOPERATIVA DE CRÉDITO DE LIVRE ADMISSÃO SICOOB UNIÃO SUDESTE;7946216;b3S;S5;I;2;SANTO ANDRE;SP;03/2024;22.592;0;0;72.444;0;60;95.096;0;11.352;0;0;0;0;11.352;0;106.448;0;4.549;110.997;5.737;116.734
ADVANCED CC LTDA - PRUDENCIAL;1000082004;n2;S5;I;2;SAO PAULO;SP;03/2024;0;0;0;0;0;0;0;0;0;0;0;0;0;0;0;0;0;103.057;103.057;12.893;115.951
OPEA SCD - PRUDENCIAL;1000085269;n1;S5;I;3;SAO PAULO;SP;03/2024;0;0;0;0;108.857;0;108.857;0;0;0;0;0;0;0;0;108.857;0;1.479;110.336;4.727;115.064
COOPERATIVA DE CRÉDITO MÚTUO DOS EMPREGADOS DA MAXION - CREDMAXION;58290800;b3S;S5;I;2;CRUZEIRO;SP;03/2024;0;0;0;0;0;0;0;0;0;0;0;0;0;0;0;0;0;2.259;2.259;111.968;114.226
COOPERATIVA DE CRÉDITO RURAL - CREDICANA;44373041;b3S;S5;I;2;ASSIS;SP;03/2024;6.180;0;0;88.640;0;0;94.820;0;0;0;0;0;0;0;0;94.820;0;1.512;96.332;17.852;114.185
GOOGLE PAY BRASIL IP - PRUDENCIAL;1000086684;n4;;I;3;SAO PAULO;SP;03/2024;0;0;0;0;0;0;0;0;0;0;0;0;0;0;0;0;0;6.368;6.368;106.815;113.183
B & T ASSOCIADOS CC LTDA. - PRUDENCIAL;1000081995;n2;S4;I;2;SAO PAULO;SP;03/2024;0;0;0;0;0;0;0;0;0;0;0;0;0;0;0;0;0;85.919;85.919;27.262;113.181
COOPERATIVA DE CRÉDITO DE LIVRE ADMISSÃO DO CIRCUITO DAS ÁGUAS - SICOOB CIRCUITO DAS ÁGUAS;3941182;b3S;S5;I;2;AGUAS DE LINDOIA;SP;03/2024;28.685;0;0;67.682;0;0;96.368;0;1.400;49;0;0;0;1.449;0;97.817;0;3.443;101.260;11.801;113.061
LECCA - PRUDENCIAL;1000080680;n1;S4;I;2;RIO DE JANEIRO;RJ;03/2024;0;0;0;88.226;0;0;88.226;0;0;0;0;0;10;10;0;88.236;0;6.133;94.369;18.311;112.680
PLANNER - PRUDENCIAL;1000080587;n1;S4;C;2;SAO PAULO;SP;03/2024;0;0;0;0;7.687;63.496;71.183;0;0;0;0;0;0;0;0;71.183;0;21.201;92.384;19.887;112.271
PIAUÍ FOMENTO - PRUDENCIAL;1000081160;n1;S4;I;1;TERESINA;PI;03/2024;0;0;0;0;0;0;0;0;0;0;0;0;0;0;16.396;16.396;0;28.714;45.110;66.325;111.435
CREDISIS CREDIBRÁS COOPERATIVA DE CRÉDITO E INVESTIMENTO DE LIVRE ADMISSÃO DO OESTE DE RONDÔNIA;5597773;b3S;S5;I;2;NOVA BRASILANDIA;RO;03/2024;14.962;0;0;32.629;0;0;47.591;0;0;20.386;0;0;0;20.386;0;67.977;0;14.636;82.613;28.477;111.090
COOPERATIVA DE ECONOMIA E CRÉDITO MÚTUO DE LIVRE ADMISSÃO DOS SERVIDORES DA UNIVERSIDADE FEDERAL DE VIÇOSA LTDA. - SICOOB UFVCREDI;2794761;b3S;S5;I;2;VICOSA;MG;03/2024;9.117;0;0;64.381;0;0;73.498;0;0;0;0;0;0;0;0;73.498;0;2.981;76.478;34.463;110.941
COOPERATIVA DE ECONOMIA E CRÉDITO MÚTUO SICOOB METALCRED;4833655;b3S;S5;I;2;SAO PAULO;SP;03/2024;15.512;0;0;25.499;0;0;41.011;0;0;0;0;0;0;0;20.942;61.953;0;4.118;66.071;44.814;110.885
NOVA FUTURA CTVM LTDA - PRUDENCIAL;1000083759;n2;S4;I;2;SAO PAULO;SP;03/2024;0;0;0;0;0;53.278;53.278;0;0;0;0;0;0;0;0;53.278;0;30.768;84.046;26.754;110.800
FLAGSHIP IP - PRUDENCIAL;1000086282;n4;;I;2;SAO PAULO;SP;03/2024;0;0;0;0;68.282;0;68.282;0;0;0;0;0;0;0;0;68.282;0;4.793;73.074;36.743;109.817
COOPERATIVA DE CRÉDITO DE LIVRE ADMISSÃO DO ESTADO DO PARÁ - SICOOB COOESA;83836114;b3S;S5;I;2;BELEM;PA;03/2024;24.901;0;0;60.006;0;3;84.910;0;0;0;0;0;0;0;0;84.910;0;4.786;89.696;19.996;109.692
COOPERATIVA DE ECONOMIA E CRÉDITO MÚTUO DOS SERVIDORES PÚBLICOS NO ESTADO DO ESPÍRITO SANTO;1330295;b3S;S5;I;2;VITORIA;ES;03/2024;15.728;0;0;54.577;0;0;70.306;0;0;0;0;0;0;0;0;70.306;0;4.246;74.552;35.125;109.677
ISSUER IP - PRUDENCIAL;1000087140;n4;;I;3;PORTO ALEGRE;RS;03/2024;0;0;0;0;17.041;0;17.041;0;0;0;0;0;0;0;0;17.041;0;68.765;85.805;23.744;109.549
COOPERATIVA DE CRÉDITO MÚTUO DO CEARÁ - SICOOB CEARÁ;3620772;b3S;S5;I;2;FORTALEZA;CE;03/2024;19.337;0;0;63.368;0;0;82.705;0;0;0;0;0;0;0;5.571;88.276;0;4.131;92.408;14.103;106.510
COOPERATIVA DE CRÉDITO DE LIVRE ADMISSÃO DE RORAIMA LTDA.;2137018;b3S;S5;I;2;BOA VISTA;RR;03/2024;21.290;0;0;29.630;0;0;50.920;0;2.762;10.906;0;0;0;13.668;0;64.587;0;18.797;83.385;22.301;105.685
COOPERATIVA DE CRÉDITO NO PIAUÍ - SICOOB PIAUÍ;5477038;b3S;S5;I;2;TERESINA;PI;03/2024;39.341;0;0;42.494;0;0;81.835;0;1.041;0;0;0;0;1.041;0;82.876;0;4.512;87.388;17.969;105.357
SIMPAUL CCVM - PRUDENCIAL;1000082640;n2;S4;I;2;PORTO ALEGRE;RS;03/2024;0;0;0;0;0;89.265;89.265;0;0;0;0;0;0;0;0;89.265;0;1.657;90.922;13.664;104.586
COOPERATIVA DE CREDITO E ECONOMIA COM INTERAÇÃO SOLIDÁRIA - CRESOL JACINTO MACHADO;9463721;b3S;S5;I;2;JACINTO MACHADO;SC;03/2024;11.813;4.616;0;49.663;0;0;66.091;0;0;0;0;0;0;0;0;66.091;0;27.673;93.764;10.415;104.179
COOPERATIVA DE CRÉDITO SICOOB CREDCOOP LTDA.;2528151;b3S;S5;I;2;VITORIA DA CONQUISTA;BA;03/2024;17.732;0;0;44.916;0;0;62.648;0;0;0;0;0;0;0;11.822;74.471;0;1.855;76.326;27.258;103.583
COOPERATIVA DE CRÉDITO DE LIVRE ADMISSÃO DA REGIÃO DO CAPARAÓ LTDA. - SICOOB SAÚDE;71261184;b3S;S5;I;2;CARATINGA;MG;03/2024;20.126;0;0;56.278;0;0;76.404;0;5.206;602;0;0;0;5.809;0;82.213;0;3.636;85.848;17.408;103.257
COOPERATIVA DE ECONOMIA E CRÉDITO MÚTUO DOS SERVIDORES DA JUSTIÇA DO ESTADO DE MINAS GERAIS LTDA. - SICOOB CREDJUS;4894460;b3S;S5;I;2;BELO HORIZONTE;MG;03/2024;3;0;0;49.695;0;0;49.698;0;0;0;0;0;0;0;0;49.698;0;5.268;54.966;47.266;102.232
GALAPAGOS CAPITAL DTVM - PRUDENCIAL;1000087092;n2;S4;I;2;SAO PAULO;SP;03/2024;0;0;0;0;0;67.892;67.892;0;0;0;0;0;0;0;0;67.892;0;3.695;71.587;30.462;102.049
ATRIA S.A. - CFI - PRUDENCIAL;1000083508;n1;S5;I;2;ARAUCARIA;PR;03/2024;0;0;0;0;0;0;0;0;0;0;0;0;0;0;0;0;0;17.962;17.962;83.009;100.971
COOPERATIVA DE CRÉDITO MÚTUO DOS CORRETORES DE SEGUROS DO ESTADO DE SÃO PAULO - SICOOB CREDICOR/SP;8030602;b3S;S5;I;2;SAO PAULO;SP;03/2024;17.848;0;0;67.781;0;4;85.633;0;0;0;0;0;0;0;0;85.633;0;986;86.619;14.197;100.816
COOPERATIVA DE ECONOMIA E CRÉDITO MÚTUO DOS EMPREGADOS DO GRUPO FEMSA BRASIL;43488782;b3S;S5;I;2;SAO PAULO;SP;03/2024;0;0;0;0;0;0;0;0;0;0;0;0;0;0;0;0;0;7.994;7.994;92.620;100.614
COOPERATIVA DE CRÉDITO DE LIVRE ADMISSÃO DE ASSOCIADOS DE DORES DO INDAIÁ LTDA - COOPCREDI;2254376;b3S;S5;I;2;DORES DO INDAIA;MG;03/2024;18.842;0;0;62.878;0;0;81.721;0;0;0;0;0;0;0;0;81.721;0;1.708;83.429;17.132;100.561
COOPERATIVA DE ECONOMIA E CRÉDITO MÚTUO DOS MAGISTRADOS DE SÃO PAULO - MAGISCRED;51489318;b3S;S5;I;2;SAO PAULO;SP;03/2024;1.635;0;0;79.784;0;1.043;82.462;0;0;0;0;0;0;0;0;82.462;0;1.245;83.706;16.611;100.317
SEFER INVESTIMENTOS DTVM - PRUDENCIAL;1000083924;n2;S4;I;3;SAO PAULO;SP;03/2024;0;0;0;0;4.499;0;4.499;13.003;0;0;0;0;0;0;0;17.502;0;65.547;83.050;16.806;99.856
COOPERATIVA DE CRÉDITO DE LIVRE ADMISSÃO - SICOOB COPESITA;19875244;b3S;S5;I;2;TIMOTEO;MG;03/2024;19.541;0;0;46.700;0;0;66.241;0;0;0;0;0;0;0;0;66.241;0;3.746;69.987;29.238;99.225
COOPERATIVA DE CRÉDITO COGEM;44401800;b3S;S5;I;2;SAO BERNARDO DO CAMPO;SP;03/2024;0;0;0;2.520;0;0;2.520;0;0;0;0;0;0;0;0;2.520;0;8.918;11.438;87.143;98.581
COOPERATIVA DE ECONOMIA E CRÉDITO MÚTUO DOS SERVIDORES PÚBLICOS - SICOOB COOPERPLAN CREDSEF;3603683;b3S;S5;I;2;BRASILIA;DF;03/2024;6.267;0;0;47.758;0;274;54.299;0;0;0;0;0;0;0;14.499;68.798;0;2.793;71.592;25.088;96.680
COOPERATIVA DE CRÉDITO, POUPANÇA E INVESTIMENTO DOS POLICIAIS FEDERAIS DO RIO GRANDE DO SUL E SANTA CATARINA - SICREDI POL RS/SC;3000142;b3S;S4;I;2;PORTO ALEGRE;RS;03/2024;2.751;0;18.740;56.175;0;36;77.701;0;0;0;0;0;0;0;0;77.701;0;11.830;89.531;7.124;96.655
SITA SCCVM S.A. - PRUDENCIAL;1000082743;n2;S4;I;2;BELO HORIZONTE;MG;03/2024;0;0;0;0;0;0;0;0;0;0;0;0;0;0;0;0;43;36.273;36.316;60.091;96.408
COOPERATIVA DE CRÉDITO, POUPANÇA E INVESTIMENTO DOS PROFESSORES, FUNCIONÁRIOS E ALUNOS DA UNIVERSIDADE DE CAXIAS DO SUL - SICREDI COOPERUCS;4525997;b3S;S4;I;2;CAXIAS DO SUL;RS;03/2024;10.297;0;14.544;46.062;0;187;71.089;0;0;0;0;0;0;0;0;71.089;0;9.219;80.308;16.055;96.364
COOPERATIVA DE CRÉDITO MÚTUO DOS DESPACHANTES DE TRÂNSITO DE SANTA CATARINA E RIO GRANDE DO SUL - SICOOB CREDITRAN;4715685;b3S;S5;I;2;FLORIANOPOLIS;SC;03/2024;16.356;0;0;35.065;0;0;51.421;0;0;0;0;0;0;0;282;51.703;0;19.620;71.323;24.547;95.869
JBCRED S.A. SCFI - PRUDENCIAL;1000083137;n1;S5;I;2;SAO PAULO;SP;03/2024;0;0;0;0;0;0;0;0;0;0;0;0;0;0;0;0;0;4.356;4.356;90.517;94.873
BELLUNO IP - PRUDENCIAL;1000086983;n4;;I;2;JARAGUA DO SUL;SC;03/2024;0;0;0;0;8.995;0;8.995;0;0;0;0;0;0;0;0;8.995;0;81.472;90.467;4.276;94.744
COOPERATIVA DE CRÉDITO DE SÃO FRANCISCO DE SALES LTDA. - SICOOB CREDISALES;1374196;b3S;S5;I;2;SAO FRANCISCO DE SALES;MG;03/2024;10.459;0;0;23.782;0;0;34.241;0;0;14.323;0;0;0;14.323;0;48.564;0;26.297;74.861;19.564;94.425
BCO LA NACION ARGENTINA - PRUDENCIAL;1000081270;b1;S4;I;3;SAO PAULO;SP;03/2024;708;0;0;26;0;0;733;11.011;0;0;0;0;0;0;38.587;50.331;0;4.980;55.311;38.966;94.277
DELCRED SCD - PRUDENCIAL;1000085393;n1;S5;I;2;ARACAJU;SE;03/2024;0;0;0;0;78.439;0;78.439;0;0;0;0;0;0;0;2.500;80.939;0;7.413;88.351;5.857;94.208
COOPERATIVA DE CREDITO E ECONOMIA COM INTERAÇÃO SOLIDÁRIA - CRESOL TREZE DE MAIO;9330158;b3S;S5;I;2;TREZE DE MAIO;SC;03/2024;6.930;3.497;0;51.931;0;0;62.358;0;0;0;0;0;0;0;0;62.358;0;22.923;85.282;8.343;93.625
COOPERATIVA DE CRÉDITO, POUPANÇA E INVESTIMENTO DOS ESCRIVÃES, NOTÁRIOS E REGISTRADORES NO ESTADO DO PARANÁ - SICREDI CREDENOREG PR;6078926;b3S;S4;I;2;CURITIBA;PR;03/2024;31.167;0;6.768;31.658;0;13;69.606;0;0;0;0;0;0;0;0;69.606;0;8.343;77.949;15.561;93.510
COOPERATIVA DE ECONOMIA E CRÉDITO DE LIVRE ADMISSÃO DOS EMPREGADOS DOS CORREIOS LTDA. - SICOOB COOPERCORREIOS;3862898;b3S;S5;I;2;BELO HORIZONTE;MG;03/2024;14.805;0;0;39.474;0;0;54.279;0;0;0;0;0;0;0;0;54.279;0;2.871;57.150;34.703;91.854
AGENCIA DE FOMENTO DO RN S.A. - PRUDENCIAL;1000081043;n1;S4;I;1;NATAL;RN;03/2024;0;0;0;0;0;0;0;0;0;0;0;0;0;0;9.827;9.827;0;16.368;26.194;64.787;90.982
FAIR CC S.A. - PRUDENCIAL;1000081919;n2;S4;I;2;SAO PAULO;SP;03/2024;0;0;0;0;0;0;0;0;0;0;0;0;0;0;0;0;0;59.046;59.046;31.738;90.784
DM FINANCEIRA CFI - PRUDENCIAL;1000083467;n1;S5;C;2;SAO JOSE DOS CAMPOS;SP;03/2024;0;0;0;73.541;0;0;73.541;0;0;0;0;0;0;0;0;73.541;0;1.078;74.619;15.623;90.242
COOPERATIVA DE CRÉDITO RURAL E ECONOMIA COM INTERAÇÃO SOLIDÁRIA DE ÁUREA - CRESOL ÁUREA;2904138;b3S;S5;I;2;AUREA;RS;03/2024;4.557;5.487;0;30.362;0;0;40.406;0;0;0;0;0;0;0;0;40.406;0;38.772;79.178;10.838;90.016
COOPERATIVA DE CRÉDITO DE LIVRE ADMISSÃO SUL MARANHENSE - SICOOB SUL MARANHENSE;26526166;b3S;S5;I;2;BALSAS;MA;03/2024;22.544;0;0;40.769;0;0;63.313;0;0;3.638;0;0;0;3.638;0;66.951;0;3.306;70.256;18.561;88.817
COOPERATIVA DE CRÉDITO MÚTUO DE LIVRE ADMISSÃO DA REGIÃO ADMINISTRATIVA DE SOROCABA - SICOOB COOPERASO;10175348;b3S;S5;I;2;SOROCABA;SP;03/2024;27.504;0;0;38.084;0;0;65.588;0;2.537;93;0;0;0;2.629;0;68.217;0;3.933;72.150;15.732;87.882
SICOOB CRED COPERCANA COOPERATIVA DE CRÉDITO;64739121;b3S;S5;I;2;SERTAOZINHO;SP;03/2024;7.251;0;0;39.293;0;0;46.544;0;3.022;0;0;0;0;3.022;0;49.567;0;1.710;51.277;34.863;86.140
COOPERATIVA DE ECONOMIA E CRÉDITO MÚTUO DOS FUNCIONÁRIOS DA NESTLÉ - CREDI NESTLÉ;62562012;b3S;S5;I;2;SAO PAULO;SP;03/2024;0;0;0;0;0;0;0;0;0;0;0;0;0;0;0;0;0;2.365;2.365;83.439;85.803
COOPERATIVA DE CRÉDITO DE LIVRE ADMISSÃO DE VITÓRIA DA CONQUISTA;2833202;b3S;S5;I;2;VITORIA DA CONQUISTA;BA;03/2024;20.874;0;0;36.938;0;0;57.812;0;0;0;0;0;0;0;0;57.812;0;9.186;66.997;18.474;85.471
MAF DTVM - PRUDENCIAL;1000086471;n2;S4;C;3;SAO PAULO;SP;03/2024;0;0;0;0;0;16.325;16.325;0;0;0;0;0;0;0;0;16.325;0;6.000;22.325;61.948;84.272
COOPERATIVA DE CREDITO E ECONOMIA COM INTERAÇÃO SOLIDARIA - CRESOL SÃO JOÃO DO SUL;9488496;b3S;S5;I;2;SAO JOAO DO SUL;SC;03/2024;11.770;5.265;0;33.623;0;0;50.658;0;0;0;0;0;0;0;0;50.658;0;24.542;75.200;8.806;84.005
COOPERATIVA DE CRÉDITO CLÁSSICA DOS EMPREGADOS DA VALE S/A E ENTIDADES VINCULADAS LTDA. - SICOOB COOPVALE;33924028;b3S;S5;I;2;RIO DE JANEIRO;RJ;03/2024;17.486;0;0;47.609;0;0;65.095;0;0;0;0;0;0;0;0;65.095;0;3.410;68.505;13.267;81.772
ECONOMIA CI S.A.-ECONOMISA - PRUDENCIAL;1000083364;n1;S5;I;2;BELO HORIZONTE;MG;03/2024;0;0;0;0;0;0;0;0;0;0;0;0;0;0;14.526;14.526;0;42.815;57.341;23.299;80.640
COOPERATIVA DE ECONOMIA E CRÉDITO MÚTUO DOS EMPREGADOS DO BANRISUL;92935741;b3S;S5;I;2;PORTO ALEGRE;RS;03/2024;0;0;0;32.945;0;0;32.945;0;0;0;0;0;0;0;0;32.945;0;5.234;38.179;42.239;80.418
COOPERATIVA DE CRÉDITO MÚTUO DOS SERVIDORES MUNICIPAIS DE SÃO JOÃO DA BOA VISTA - CREDIVISTA;74248949;b3S;S5;I;2;SAO JOAO DA BOA VISTA;SP;03/2024;4.328;0;0;42.884;0;0;47.212;0;0;0;0;0;0;0;0;47.212;0;8.241;55.453;24.618;80.071
REAG DTVM - PRUDENCIAL;1000085111;n2;S4;C;2;SAO PAULO;SP;03/2024;0;0;0;0;0;65.917;65.917;0;0;0;0;0;0;0;0;65.917;0;10.279;76.196;3.042;79.238
COOPERATIVA DE ECONOMIA E CRÉDITO MÚTUO DOS EMPRESÁRIOS DE AMERICANA, LIMEIRA E REGIÃO - SICOOB ACICRED;9579249;b3S;S5;I;2;AMERICANA;SP;03/2024;18.395;0;0;47.106;0;0;65.501;0;0;0;0;0;0;0;0;65.501;0;3.138;68.639;10.363;79.002
COOPERATIVA DE CRÉDITO RURAL DE PEQUENOS AGRICULTORES E DA REFORMA AGRÁRIA DO CENTRO OESTE DO PARANÁ - CREHNOR LARANJEIRAS;1330387;b3S;S5;I;2;LARANJEIRAS DO SUL;PR;03/2024;37.857;0;0;35.306;0;0;73.163;0;0;0;0;0;0;0;0;73.163;0;612;73.775;4.553;78.329
TRINUS CAPITAL DTVM - PRUDENCIAL;1000084631;n1;S4;C;2;GOIANIA;GO;03/2024;0;0;0;0;68.696;2.442;71.139;0;0;0;0;0;0;0;0;71.139;0;1.159;72.297;5.612;77.909
SICOOB UNISP - COOPERATIVA DE CRÉDITO;74220948;b3S;S5;I;2;PRESIDENTE PRUDENTE;SP;03/2024;9.794;0;0;54.673;0;936;65.404;0;0;0;0;0;0;0;0;65.404;0;1.987;67.391;10.181;77.573
EWALLY IP - PRUDENCIAL;1000086495;n4;;I;2;SAO PAULO;SP;03/2024;0;0;0;0;64.314;0;64.314;0;0;0;0;0;0;0;0;64.314;0;8.811;73.124;4.346;77.471
COOPERATIVA DE CRÉDITO MÚTUO DOS PROFISSIONAIS DA SAÚDE E LIVRE ADMISSÃO DE TEÓFILO OTONI LTDA. - UNICRED TRÊS VALES;1709266;b3S;S5;I;2;TEOFILO OTONI;MG;03/2024;14.816;0;0;36.897;0;0;51.713;0;3.987;0;1.010;0;0;4.997;0;56.711;0;7.528;64.239;12.848;77.087
SRM BANK IP - PRUDENCIAL;1000086024;n4;;I;2;SAO PAULO;SP;03/2024;0;0;0;0;69.240;0;69.240;0;0;0;0;0;0;0;0;69.240;0;1.344;70.584;6.175;76.759
COOPERATIVA DE CRÉDITO, POUPANÇA E INVESTIMENTO DOS PROFISSIONAIS MÉDICOS E DA SAÚDE DE CURITIBA E REGIÃO METROPOLITANA - SICREDI MEDICRED PR;2924977;b3S;S4;I;2;CURITIBA;PR;03/2024;13.223;0;827;41.855;0;359;56.264;0;0;0;0;0;0;0;0;56.264;0;7.768;64.031;12.594;76.625
AF ESTADO DE PERNAMBUCO S.A. - PRUDENCIAL;1000081177;n1;S4;I;1;RECIFE;PE;03/2024;0;0;0;0;0;0;0;0;0;0;0;0;0;0;4.509;4.509;0;4.373;8.883;67.408;76.291
CREDISIS OESTE - COOPERATIVA DE CRÉDITO E INVESTIMENTO DO OESTE;4985665;b3S;S5;I;2;ESPIGAO D'OESTE;RO;03/2024;20.082;0;0;13.341;0;0;33.423;0;0;7.727;0;0;0;7.727;0;41.150;0;15.634;56.784;18.542;75.325
COOPERATIVA DE CRÉDITO, POUPANÇA E INVESTIMENTO DO SISTEMA DE JUSTIÇA NO ESTADO DO CEARÁ - SICREDI COOPERJURIS;8041950;b3S;S4;I;2;FORTALEZA;CE;03/2024;4.493;0;3.238;49.698;0;0;57.430;0;0;0;0;0;0;0;2.002;59.432;0;4.902;64.333;10.788;75.121
COOPERATIVA DE CRÉDITO, POUPANÇA E INVESTIMENTO DAS CARREIRAS DO MINISTÉRIO PÚBLICO, TRIBUNAL DE CONTAS E SECRETARIA DA FAZENDA DO RIO GRANDE DO SUL - SICREDI MP RS;3662047;b3S;S4;I;2;PORTO ALEGRE;RS;03/2024;2.827;0;18.356;40.590;0;1.198;62.971;0;0;0;0;0;0;0;0;62.971;0;3.887;66.858;8.191;75.049
COOPERATIVA DE ECONOMIA E CREDITO MUTUO DOS EMPREGADOS DAS EMPRESAS RANDON;89280960;b3S;S5;I;2;CAXIAS DO SUL;RS;03/2024;1.080;0;0;2.330;0;0;3.410;0;0;0;0;0;0;0;922;4.332;0;5.329;9.661;65.190;74.851
COOPERATIVA DE CRÉDITO DOS CONTADORES, ADMINISTRADORES DE EMPRESAS, ECONOMISTAS E CORRETORES DE SEGUROS LTDA. - SICOOB CREDITABIL;2217068;b3S;S5;I;2;BELO HORIZONTE;MG;03/2024;15.827;0;0;46.521;0;0;62.348;0;111;0;0;0;0;111;0;62.458;0;1.184;63.643;10.731;74.374
COOPERATIVA DE ECONOMIA E CRÉDITO MÚTUO - COOPERSERV;5667301;b3S;S5;I;2;LENCOIS PAULISTA;SP;03/2024;11.090;0;0;40.461;0;0;51.551;0;0;0;0;0;0;0;0;51.551;0;2.058;53.610;20.588;74.197
COOPERATIVA DE ECONOMIA E CRÉDITO MÚTUO DO GRUPO BASF;74244344;b3S;S5;I;2;SAO BERNARDO DO CAMPO;SP;03/2024;0;0;0;0;0;0;0;0;0;0;0;0;0;0;0;0;0;7.642;7.642;63.280;70.922
COOPERATIVA DE ECONOMIA E CRÉDITO MÚTUO DOS SERVIDORES DA FUNDAÇÃO HOSPITALAR E EMPREGADOS DOS ESTABELECIMENTOS HOSPITALARES DE BELO HORIZONTE, REGIÃO METROPOLITANA E ZONA DA MATA LTDA.- SICOOB CECREF;19402130;b3S;S5;I;2;BELO HORIZONTE;MG;03/2024;4.557;0;0;27.560;0;0;32.117;0;0;0;0;0;0;0;2.368;34.486;0;6.779;41.265;29.499;70.764
TRANSFEERA IP - PRUDENCIAL;1000087353;n4;;I;2;CURITIBA;PR;03/2024;0;0;0;0;47.089;0;47.089;0;0;0;0;0;0;0;0;47.089;0;16.032;63.121;6.960;70.082
TRUSTEE DTVM PRUDENCIAL;1000086354;n2;S4;I;2;SAO PAULO;SP;03/2024;0;0;0;0;0;46.920;46.920;0;0;0;0;0;0;0;0;46.920;0;6.109;53.029;16.498;69.527
COOPERATIVA DE CRÉDITO MÚTUO - SICOOB CREDIACISC;7669921;b3S;S5;I;2;SAO CARLOS;SP;03/2024;20.572;0;0;36.408;0;1;56.981;0;0;0;0;0;0;0;0;56.981;0;1.453;58.434;11.011;69.445
COOPERATIVA DE CRÉDITO CREDIPIMENTA LTDA. - SICOOB CREDIPIMENTA;42934794;b3S;S5;I;2;PIMENTA;MG;03/2024;12.358;0;0;28.422;0;0;40.780;0;0;6.318;0;0;0;6.318;0;47.098;0;10.237;57.334;9.842;67.176
MOVA SEP - PRUDENCIAL;1000084961;n1;S5;I;3;SAO PAULO;SP;03/2024;0;0;0;0;0;0;0;0;0;0;0;0;0;0;0;0;0;41.347;41.347;25.657;67.004
SICOOB CREDICONSUMO - COOPERATIVA DE CRÉDITO;47074323;b3S;S5;I;2;SANTO ANDRE;SP;03/2024;11.728;0;0;17.068;0;38;28.834;0;0;0;0;0;0;0;0;28.834;0;3.016;31.850;34.937;66.787
SCD CREDITAS - PRUDENCIAL;1000084909;n1;S5;I;3;SAO PAULO;SP;03/2024;0;0;0;0;0;0;0;0;0;0;0;0;0;0;0;0;0;40.136;40.136;26.387;66.523
COOPERATIVA DE CRÉDITO DOS EMPRESÁRIOS DE MANAUS - SICOOB CREDEMPRESAS-AM;10808037;b3S;S5;I;2;MANAUS;AM;03/2024;16.578;0;0;36.509;0;0;53.087;0;0;0;0;0;0;0;1.167;54.254;0;989;55.243;10.865;66.107
COOPERATIVA DE ECONOMIA E CRÉDITO MÚTUO DOS SERVIDORES PÚBLICOS DO ESTADO DE SÃO PAULO - CREDIPAULISTA;3139644;b3S;S5;I;2;SAO PAULO;SP;03/2024;0;0;0;0;0;0;0;0;0;0;0;0;0;0;0;0;0;3.286;3.286;61.313;64.599
COOPERÁGUIA - COOPERATIVA DE ECONOMIA E CRÉDITO MÚTUO DOS EMPREGADOS DO GRUPO ÁGUIA BRANCA;27171974;b3S;S5;I;2;CARIACICA;ES;03/2024;0;0;0;0;0;0;0;0;0;0;0;0;0;0;0;0;0;10.511;10.511;54.078;64.589
COOPERATIVA DE CRÉDITO, POUPANÇA E INVESTIMENTO DA ADVOCACIA E SERVENTUÁRIOS DO PODER JUDICIÁRIO NO ESTADO DO RIO GRANDE DO SUL - SICREDI COOABCRED RS;19962468;b3S;S4;I;2;PORTO ALEGRE;RS;03/2024;17.519;0;1.655;33.655;0;0;52.829;0;0;0;0;0;0;0;0;52.829;0;4.615;57.444;6.817;64.261
AFAL - PRUDENCIAL;1000081081;n1;S4;I;1;MACEIO;AL;03/2024;0;0;0;0;0;0;0;0;0;0;0;0;0;0;15.706;15.706;0;1.806;17.512;46.581;64.094
WE PAY OUT IP - PRUDENCIAL;1000086907;n4;;I;2;CURITIBA;PR;03/2024;0;0;0;0;3.019;0;3.019;0;0;0;0;0;0;0;0;3.019;0;48.320;51.339;12.739;64.078
COOPERATIVA DE CRÉDITO DOS SERVIDORES DA UNIÃO, EMPRESÁRIOS, PROFISSIONAIS AUTÔNOMOS E LIBERAIS - SICOOB CENTRO NORDESTE;3102185;b3S;S5;I;2;JOAO PESSOA;PB;03/2024;14.357;0;0;26.269;0;0;40.627;0;0;0;0;0;0;0;0;40.627;0;3.115;43.742;18.417;62.159
OM DTVM LTDA - PRUDENCIAL;1000084239;n2;S4;I;2;SAO PAULO;SP;03/2024;0;0;0;0;0;0;0;0;0;0;0;0;0;0;0;0;1.995;26.221;28.216;33.842;62.058
SICOOB CREDIMED - COOPERATIVA DE CRÉDITO DE LIVRE ADMISSÃO DA CIDADE DE UBERABA LTDA.;71336432;b3S;S5;I;2;UBERABA;MG;03/2024;7.219;0;0;39.885;0;50;47.154;0;0;0;0;0;0;0;0;47.154;0;1.434;48.588;13.189;61.777
SUPERBID PAY IP - PRUDENCIAL;1000086749;n4;;I;2;SAO PAULO;SP;03/2024;0;0;0;0;54.860;0;54.860;0;0;0;0;0;0;0;0;54.860;0;1.170;56.030;5.601;61.631
TREVISO CC S.A. - PRUDENCIAL;1000081885;n2;S4;I;2;SAO PAULO;SP;03/2024;0;0;0;0;0;0;0;0;0;0;0;0;0;0;0;0;0;41.456;41.456;20.135;61.592
COOPERATIVA DE ECONOMIA E CRÉDITO MÚTUO DOS FUNCIONÁRIOS DA CARGILL;68228006;b3S;S5;I;2;SAO PAULO;SP;03/2024;0;0;0;11.216;0;0;11.216;0;0;0;0;0;0;0;0;11.216;0;1.776;12.992;46.811;59.803
CREDISIS/CREDISUL COOPERATIVA DE CRÉDITO;7494300;b3S;S5;I;2;ERECHIM;RS;03/2024;7.644;0;0;41.675;0;0;49.318;0;0;1.067;0;0;0;1.067;0;50.386;0;1.208;51.594;8.088;59.682
H.H.PICCHIONI - PRUDENCIAL;1000080226;n2;S4;I;2;BELO HORIZONTE;MG;03/2024;0;0;0;0;0;0;0;0;0;0;0;0;0;0;0;0;0;53.146;53.146;5.805;58.952
DIRECAO S.A. CFI - PRUDENCIAL;1000083625;n1;S5;I;2;SANTOS;SP;03/2024;0;0;0;0;0;0;0;0;0;0;0;0;0;0;0;0;0;410;410;58.430;58.840
FIDUCIA SCMEPP LTDA - PRUDENCIAL;1000083010;n1;S5;I;2;SOROCABA;SP;03/2024;0;0;0;0;49.609;0;49.609;0;0;0;0;0;0;0;0;49.609;0;2.244;51.853;6.913;58.765
BRASIL CASH IP - PRUDENCIAL;1000087566;n4;;I;2;BARUERI;SP;03/2024;0;0;0;0;20.953;0;20.953;0;0;0;0;0;0;0;25.440;46.393;0;9.679;56.073;2.067;58.140
COOPERATIVA DE CREDITO SICOOB COOPEC LTDA.;32615247;b3S;S5;I;2;ITABUNA;BA;03/2024;7.215;0;0;15.977;0;0;23.191;0;0;0;0;0;0;0;0;23.191;0;3.813;27.004;31.128;58.132
COOPERATIVA DE CRÉDITO MÚTUO DOS EMPREGADOS DO MAGAZINE LUIZA, EMPRESAS CONTROLADAS E COLIGADAS - COOPLUIZA;2093154;b3S;S5;I;2;FRANCA;SP;03/2024;0;0;0;0;0;0;0;0;0;0;0;0;0;0;0;0;0;8.132;8.132;49.810;57.942
COOPERATIVA DE ECONOMIA E CRÉDITO MÚTUO DOS EMPREGADOS DA CENTRAIS ELÉTRICAS DE SANTA CATARINA - CREDELESC;8850613;b3S;S5;I;2;FLORIANOPOLIS;SC;03/2024;11.672;0;0;32.517;0;0;44.189;0;1.815;0;0;0;0;1.815;0;46.004;0;1.896;47.900;9.931;57.831
COOPERATIVA DE CRÉDITO - SICREDI COOMAMP;5545390;b3S;S5;I;2;SAO LUIS;MA;03/2024;3.438;0;132;28.874;0;2;32.446;0;0;0;0;0;0;0;765;33.212;0;6.234;39.446;17.514;56.960
COOPERATIVA DE ECONOMIA E CRÉDITO MÚTUO DOS COLABORADORES DA VALE S.A LTDA. - SICOOB CREDIVALE;20961629;b3S;S5;I;2;ITABIRA;MG;03/2024;13.150;0;0;27.379;0;0;40.530;0;3.443;0;0;0;0;3.443;1.665;45.638;0;3.641;49.279;6.496;55.775
CODEPE CORRETORA DE VAL. S.A. - PRUDENCIAL;1000082712;n1;S4;C;2;BARUERI;SP;03/2024;0;0;0;0;325;614;939;146;0;0;0;0;0;0;0;1.086;0;948;2.034;51.389;53.423
COOPERATIVA DE ECONOMIA E CREDITO MUTUO DOS MEDICOS E DEMAIS PROFISSIONAIS DA SAUDE DE JOACABA;2853045;b3S;S5;I;2;JOACABA;SC;03/2024;4.714;0;0;34.152;0;0;38.866;0;0;0;0;0;0;0;0;38.866;0;1.012;39.878;13.504;53.382
HINOVA PAY IP - PRUDENCIAL;1000086220;n4;;I;2;BELO HORIZONTE;MG;03/2024;0;0;0;0;37.749;0;37.749;0;0;0;0;0;0;0;88;37.836;0;5.439;43.275;8.850;52.125
COOPERATIVA DE ECONOMIA E CRÉDITO MÚTUO DOS EMPREGADOS DA MONDELEZ BRASIL, PHILIP MORRIS BRASIL E K&S ALIMENTOS - SICOOB COOPMOND;62795257;b3S;S5;I;2;SAO PAULO;SP;03/2024;0;0;0;0;0;0;0;0;0;0;0;0;0;0;0;0;0;4.960;4.960;46.169;51.128
UNIDA DTVM LTDA - PRUDENCIAL;1000084019;n2;S4;I;2;BARUERI;SP;03/2024;0;0;0;0;0;0;0;0;0;0;0;0;0;0;0;0;0;23.295;23.295;27.503;50.798
OKTO IP - PRUDENCIAL;1000086323;n4;;I;2;BELO HORIZONTE;MG;03/2024;0;0;0;0;34.585;0;34.585;0;0;0;0;0;0;0;0;34.585;0;12.099;46.684;3.859;50.543
AG. FOMENTO ESTADO DO TOCANTINS - PRUDENCIAL;1000081122;n1;S4;I;1;PALMAS;TO;03/2024;0;0;0;0;0;0;0;0;0;0;0;0;0;0;16.274;16.274;0;942;17.216;33.269;50.485
PAGME IP - PRUDENCIAL;1000087542;n4;;I;2;PORTO ALEGRE;RS;03/2024;0;0;0;0;43.592;0;43.592;0;0;0;0;0;0;0;0;43.592;0;4.443;48.035;2.426;50.461
PAGOL SCD - PRUDENCIAL;1000086419;n1;S5;I;2;BARUERI;SP;03/2024;0;0;0;0;13.083;0;13.083;0;0;0;0;0;0;0;0;13.083;0;22.442;35.525;14.697;50.222
COOPERATIVA DE CAPITAL E EMPRÉSTIMO COOPERMULTICRED - COOPERMC;51010858;b3S;S5;I;2;GUARULHOS;SP;03/2024;0;0;0;0;0;0;0;0;0;0;0;0;0;0;0;0;0;592;592;49.450;50.042
FINAXIS - PRUDENCIAL;1000080790;b1;S4;C;2;CURITIBA;PR;03/2024;10.826;0;0;0;0;0;10.826;0;0;0;0;0;0;0;0;10.826;0;13.498;24.324;25.336;49.660
COOPERATIVA DE CRÉDITO DOS MÉDICOS E PROFISSIONAIS DE SAÚDE DE SÃO LUÍS - SICREDI SÃO LUÍS;8143326;b3S;S4;I;2;SAO LUIS;MA;03/2024;11.226;0;2.177;22.101;0;0;35.505;0;0;0;0;0;0;0;190;35.695;0;6.927;42.622;6.508;49.130
CARTOS SCD - PRUDENCIAL;1000084442;n1;S5;I;2;SAO PAULO;SP;03/2024;0;0;0;0;38.635;0;38.635;0;0;0;0;0;0;0;1.490;40.125;0;3.172;43.297;4.876;48.174
MEDCRED COOPERATIVA DE CRÉDITO;3575699;b3S;S5;I;2;RIBEIRAO PRETO;SP;03/2024;9.746;0;0;31.150;0;502;41.398;0;1.123;0;0;0;0;1.123;0;42.521;0;822;43.343;3.195;46.538
FORIS GFS BR IP - PRUDENCIAL;1000086725;n4;;I;3;SAO PAULO;SP;03/2024;0;0;0;0;7.633;0;7.633;0;0;0;0;0;0;0;5.397;13.030;0;19.779;32.809;13.435;46.244
COOPERATIVA  ECONOMIA CRÉDITO MÚTUO  SERVS E EMPREGADOS PÚBLICOS MUNIC DE BELO HORIZONTE BETIM BRUMADINHO CONTAGEM IBIRITÉ NOVA LIMA RIBEIRÃO DAS NEVES SABARÁ SANTA LUZIA E VESPASIANO SICOOB CREDISERV;1864151;b3S;S5;I;2;BELO HORIZONTE;MG;03/2024;3.387;0;0;18.533;0;0;21.919;0;0;0;0;0;0;0;0;21.919;0;2.778;24.697;21.468;46.165
MONEYCORP - PRUDENCIAL;1000082028;b2;S4;I;3;SAO PAULO;SP;03/2024;0;0;0;0;0;0;0;0;0;0;0;0;0;0;0;0;0;26.696;26.696;19.468;46.164
COOPERATIVA DE CRÉDITO MÚTUO DOS SERVIDORES PÚBLICOS MUNICIPAIS DE SÃO BERNARDO DO CAMPO - CREDIABC;3612679;b3S;S5;I;2;SAO BERNARDO DO CAMPO;SP;03/2024;9;0;0;16.169;0;0;16.177;0;0;0;0;0;0;0;0;16.177;0;2.253;18.430;27.522;45.951
OSLO CAPITAL DTVM S.A. - PRUDENCIAL;1000084253;n2;S4;I;2;SAO PAULO;SP;03/2024;0;0;0;0;0;8.033;8.033;27.228;0;0;0;0;0;0;0;35.261;0;6.296;41.557;4.068;45.625
GERAL CCVM LTDA - PRUDENCIAL;1000082918;n2;S4;I;2;PORTO ALEGRE;RS;03/2024;0;0;0;0;0;5.607;5.607;0;0;0;0;0;0;0;0;5.607;0;15.369;20.975;24.145;45.121
GRAZZIOTIN FINANCEIRA - PRUDENCIAL;1000083481;n1;S5;I;2;PASSO FUNDO;RS;03/2024;0;0;0;0;0;0;0;0;0;0;0;0;0;0;0;0;0;8.694;8.694;36.005;44.699
BCO CEDULA S.A. - PRUDENCIAL;1000081469;b1;S4;I;3;RIO DE JANEIRO;RJ;03/2024;1.634;0;0;9.840;0;0;11.474;0;0;0;0;0;0;0;0;11.474;0;6.106;17.580;27.072;44.652
GUITTA CC LTDA - PRUDENCIAL;1000082107;n2;S4;I;2;SAO PAULO;SP;03/2024;0;0;0;0;0;0;0;0;0;0;0;0;0;0;0;0;0;31.863;31.863;12.769;44.633
COOPERATIVA DE CRÉDITO DE LIVRE ADMISSÃO DA REGIÃO SUL DO MARANHÃO - SICREDI SUL DO MARANHÃO;26191078;b3S;S5;I;2;IMPERATRIZ;MA;03/2024;19.080;0;0;13.269;0;0;32.349;0;0;0;0;0;0;0;320;32.669;0;3.686;36.355;8.202;44.557
HEDGEPOINT GLOBAL MARKETS DTVM - PRUDENCIAL;1000085197;n2;S4;I;3;CAMPINAS;SP;03/2024;0;0;0;0;0;0;0;0;0;0;0;0;0;0;0;0;0;19.831;19.831;22.160;41.990
COOPERATIVA DE CRÉDITO DE ITAPETININGA - SICOOB CRED-ACI;8844074;b3S;S5;I;2;ITAPETININGA;SP;03/2024;11.028;0;0;22.807;0;0;33.835;0;0;0;0;0;0;0;0;33.835;0;1.092;34.927;6.746;41.673
COOPERATIVA DE ECONOMIA E CRÉDITO MÚTUO SICOOB CRED-ACILPA;9004796;b3S;S5;I;2;LENCOIS PAULISTA;SP;03/2024;10.202;0;0;19.498;0;0;29.700;0;0;0;0;0;0;0;0;29.700;0;1.070;30.770;10.288;41.058
CREDISIS COOPERUFPA - COOPERATIVA DE ECONOMIA E CRÉDITO MÚTUO DOS SERVIDORES PÚBLICOS FEDERAIS E ESTADUAIS E DAS ENTIDADES DE ENSINO COM SEUS RESPECTIVOS FUNCIONÁRIOS NO ESTADO DO PARÁ;83325811;b3S;S5;I;2;BELEM;PA;03/2024;0;0;0;0;0;0;0;0;0;0;0;0;0;0;0;0;0;6.982;6.982;33.925;40.907
F D GOLD DTVM LTDA - PRUDENCIAL;1000083993;n2;S4;I;2;SAO PAULO;SP;03/2024;0;0;0;0;0;0;0;0;0;0;0;0;0;0;0;0;0;11.158;11.158;29.625;40.783
CONTA PRONTA IP - PRUDENCIAL;1000086835;n4;;I;2;BARUERI;SP;03/2024;0;0;0;0;17.716;0;17.716;0;0;0;0;0;0;0;235;17.950;0;5.980;23.931;15.861;39.792
COOPERATIVA DE ECONOMIA E CRÉDITO MÚTUO DOS EMPREGADOS DO GRUPO COLORADO;2024442;b3S;S5;I;2;GUAIRA;SP;03/2024;0;0;0;0;0;0;0;0;0;0;0;0;0;0;0;0;0;346;346;39.263;39.609
SERVICOOP - COOPERATIVA DE CRÉDITO DOS SERVIDORES PÚBLICOS ESTADUAIS E MUNICIPAIS DO RIO GRANDE DO SUL;3973814;b3S;S5;I;2;PORTO ALEGRE;RS;03/2024;6.317;0;0;18.573;0;0;24.890;0;0;0;0;0;0;0;0;24.890;0;2.367;27.257;11.863;39.119
COOPERATIVA DE ECONOMIA E CREDITO MUTUO DOS FUNCIONARIOS DA COMIGO;1062439;b3S;S5;I;2;RIO VERDE;GO;03/2024;10.163;0;0;6.931;0;0;17.094;0;0;0;0;0;0;0;0;17.094;0;2.347;19.440;19.205;38.646
ACCREDITO SOCIEDADE DE CREDITO DIRETO - PRUDENCIAL;1000085331;n1;S5;I;2;SAO PAULO;SP;03/2024;0;0;0;0;466;0;466;996;0;0;0;0;0;0;0;1.462;0;606;2.068;36.488;38.556
COOPERATIVA CENTRAL DE CRÉDITO COM INTERAÇÃO SOLIDÁRIA - CENTRAL CRESOL NORDESTE;10013534;b3C;S4;I;2;LAURO DE FREITAS;BA;03/2024;0;0;0;0;0;0;0;0;0;0;0;0;0;0;4.200;4.200;0;26.938;31.138;7.078;38.216
COOPERATIVA DE CRÉDITO CLÁSSICA DOS FUNCIONÁRIOS E PRESTADORES DE SERVIÇOS DAS EMPRESAS LIGADAS AO GRUPO EUCATUR LTDA. - SICOOB EUCRED;21110927;b3S;S5;I;2;JI-PARANA;RO;03/2024;7.895;0;0;20.108;0;0;28.003;0;2.552;0;0;0;0;2.552;0;30.556;0;1.021;31.577;6.393;37.970
COOPERATIVA DE ECONOMIA E CRÉDITO MÚTUO DOS EMPREGADOS DO GRUPO SCHAEFFLER;62284385;b3S;S5;I;2;SOROCABA;SP;03/2024;0;0;0;0;0;0;0;0;0;0;0;0;0;0;0;0;0;713;713;36.992;37.705
VALOR - PRUDENCIAL;1000083223;n1;S5;I;2;SAO PAULO;SP;03/2024;0;0;0;0;0;0;0;0;0;0;0;0;0;0;0;0;0;4.152;4.152;33.384;37.536
INDEPENDÊNCIA COOPERATIVA DE CRÉDITO E INVESTIMENTO - INDEPENDÊNCIA COOPERATIVA DE CRÉDITO;4306351;b3S;S5;I;2;SAO PAULO;SP;03/2024;5.927;0;0;14.092;0;0;20.019;0;0;0;0;0;0;0;0;20.019;0;5.187;25.206;12.288;37.494
RB INVESTIMENTOS DTVM - PRUDENCIAL;1000084174;n2;S4;I;2;SAO PAULO;SP;03/2024;0;0;0;0;0;19.466;19.466;0;0;0;0;0;0;0;0;19.466;0;4.656;24.122;13.175;37.297
COOPERATIVA DE CREDITO DOS FORNECEDORES DE CANA E DEMAIS PRODUTORES RURAIS DO CENTRO DO ESTADO DE SAO PAULO - CREDICENTRO;53776852;b3S;S5;I;2;ARARAQUARA;SP;03/2024;1.597;0;0;12.288;0;0;13.885;0;0;0;0;0;0;0;0;13.885;0;2.151;16.036;21.090;37.126
COOPERATIVA DE CRÉDITO RURAL DOS PLANTADORES DE CANA DE ALAGOAS;12272183;b3S;S5;I;2;MACEIO;AL;03/2024;3.750;0;0;0;0;0;3.750;0;0;0;0;0;0;0;0;3.750;0;1.754;5.505;31.580;37.085
COOPERATIVA DE ECONOMIA E CRÉDITO MÚTUO DOS FUNCIONÁRIOS DA FUNDAÇÃO ZERBINI E DA FUNDAÇÃO FACULDADE DE MEDICINA (FFM) - COOPINCOR;1997612;b3S;S5;I;2;SAO PAULO;SP;03/2024;0;0;0;0;0;0;0;0;0;0;0;0;0;0;0;0;0;3.543;3.543;33.294;36.837
MERCADO BITCOIN IP - PRUDENCIAL;1000087061;n4;;I;2;SAO PAULO;SP;03/2024;0;0;0;0;23.714;0;23.714;0;0;0;0;0;0;0;0;23.714;0;1.758;25.472;11.189;36.661
UNIPRIME OURO - COOPERATIVA DE CRÉDITO DE OURO;7853842;b3S;S5;I;2;OURO;SC;03/2024;4.010;0;0;28.623;0;0;32.633;0;2.226;0;0;0;0;2.226;0;34.859;0;4.203;39.063;-2.466;36.597
H.COMMCOR DTVM LTDA. - PRUDENCIAL;1000084222;n2;S4;I;2;SAO PAULO;SP;03/2024;0;0;0;0;0;10.048;10.048;0;0;0;0;0;0;0;0;10.048;0;11.646;21.694;14.708;36.402
COOPERATIVA DE CRÉDITO MÚTUO DOS SERVIDORES FEDERAIS NA PARAÍBA - SICOOB COOPERCRET;2275781;b3S;S5;I;2;JOAO PESSOA;PB;03/2024;5.135;0;0;17.611;0;130;22.876;0;0;0;0;0;0;0;0;22.876;0;1.772;24.648;10.734;35.381
COOPERATIVA DE ECONOMIA E CRÉDITO MÚTUO DOS EMPREGADOS DA CBMM LTDA.;18140913;b3S;S5;I;2;ARAXA;MG;03/2024;0;0;0;0;0;0;0;0;0;0;0;0;0;0;0;0;0;1.002;1.002;33.513;34.515
AGK CC S.A. - PRUDENCIAL;1000082035;n2;S4;I;2;SAO PAULO;SP;03/2024;0;0;0;0;0;0;0;0;0;0;0;0;0;0;0;0;0;27.882;27.882;6.484;34.366
COOPERATIVA    DE    ECONOMIA    E    CRÉDITO   MÚTUO  MINUANO;88325113;b3S;S5;I;2;CANOAS;RS;03/2024;0;0;0;11.266;0;0;11.266;0;0;0;0;0;0;0;0;11.266;0;2.369;13.635;19.841;33.476
Z1 INSTITUIÇÃO DE PAGAMENTO - PRUDENCIAL;1000087102;n4;;I;3;SAO PAULO;SP;03/2024;0;0;0;0;15.506;0;15.506;0;0;0;0;0;0;0;0;15.506;0;7.421;22.927;10.370;33.297
PINTOS CFI - PRUDENCIAL;1000085142;n1;S5;I;2;TERESINA;PI;03/2024;0;0;0;0;0;0;0;0;0;0;0;0;0;0;0;0;0;1.339;1.339;30.645;31.984
COOPERATIVA DE ECONOMIA E CRÉDITO MÚTUO DOS SERVIDORES DA UNIVERSIDADE ESTADUAL DE CAMPINAS - COOPERUNICAMP;2285107;b3S;S5;I;2;CAMPINAS;SP;03/2024;0;0;0;0;0;0;0;0;0;0;0;0;0;0;0;0;0;1.975;1.975;29.990;31.964
COMPREV SCD - PRUDENCIAL;1000086244;n1;S5;I;2;RIO DE JANEIRO;RJ;03/2024;0;0;0;0;0;0;0;0;0;0;0;0;0;0;0;0;0;446;446;31.148;31.594
PROTEGE PAY CASH IP PRUDENCIAL;1000086969;n4;;I;2;SAO PAULO;SP;03/2024;0;0;0;0;24.188;0;24.188;0;0;0;0;0;0;0;0;24.188;0;949;25.137;6.054;31.191
COOPERATIVA DE ECONOMIA E CRÉDITO MÚTUO DOS FUNCIONÁRIOS DA ERICSSON - COOPERICSSON;48718183;b3S;S5;I;2;SAO PAULO;SP;03/2024;0;0;0;0;0;0;0;0;0;0;0;0;0;0;0;0;0;625;625;29.731;30.357
BANCO PORTO REAL DE INVEST.S.A - PRUDENCIAL;1000081359;b2;S4;I;2;PORTO REAL;RJ;03/2024;0;0;0;0;0;0;0;0;0;0;0;0;0;0;0;0;0;555;555;29.577;30.132
COOPERATIVA DE CRÉDITO MÚTUO DOS SERVIDORES DO MINISTERIO DA EDUCAÇÃO EM SÃO PAULO - COOPEMESP;73092827;b3S;S5;I;2;SAO PAULO;SP;03/2024;1.962;0;0;7.675;0;0;9.637;0;0;0;0;0;0;0;986;10.624;0;627;11.250;18.726;29.976
COOPERATIVA DE CRÉDITO DOS FORNECEDORES DE CANA DE BARRA BONITA E REGIÃO;44746352;b3S;S5;I;2;BARRA BONITA;SP;03/2024;867;0;0;4.293;0;0;5.160;0;0;0;0;0;0;0;0;5.160;0;3.395;8.555;21.336;29.891
CREFAZ SCMEPP LTDA - PRUDENCIAL;1000083357;n1;S5;I;2;MARINGA;PR;03/2024;0;0;0;0;0;0;0;0;0;0;0;0;0;0;0;0;0;9.766;9.766;19.485;29.251
COOPERATIVA DE ECONOMIA E CRÉDITO MÚTUO DOS EMPREGADOS DAS EMPRESAS DO GRUPO ECONÔMICO RHODIA - CREDIRHODIA;57563728;b3S;S5;I;2;PAULINIA;SP;03/2024;145;0;0;5.987;0;0;6.131;0;0;0;0;0;0;0;0;6.131;0;947;7.079;21.533;28.612
COOPERATIVA DE CRÉDITO SICOOB CREDMETAL;3535065;b3S;S5;I;2;OSASCO;SP;03/2024;2.102;0;0;9.869;0;0;11.971;0;0;0;0;0;0;0;0;11.971;0;1.139;13.109;14.811;27.920
COOPERATIVA DE ECONOMIA CRÉDITO MÚTUO - SICOOB CREDSAÚDE;2072790;b3S;S5;I;2;PIRACICABA;SP;03/2024;4.629;0;0;17.554;0;36;22.220;0;0;0;0;0;0;0;0;22.220;0;847;23.066;4.607;27.673
N26 SCD - PRUDENCIAL;1000085623;n1;S5;I;3;SAO PAULO;SP;03/2024;0;0;0;0;532;0;532;0;0;0;0;0;0;0;15.107;15.639;0;5.041;20.680;6.663;27.343
BROKER BRASIL CC LTDA. - PRUDENCIAL;1000082372;n2;S4;I;2;SAO PAULO;SP;03/2024;0;0;0;0;0;0;0;0;0;0;0;0;0;0;0;0;0;18.819;18.819;8.315;27.134
CREBEL - COOPERATIVA DE ECONOMIA E CRÉDITO MÚTUO DOS COLABORADORES DAS EMPRESAS BELGO BEKAERT - CREBEL LTDA.;23241540;b3S;S5;I;2;CONTAGEM;MG;03/2024;0;0;0;0;0;0;0;0;0;0;0;0;0;0;0;0;0;1.582;1.582;25.159;26.741
COINVALORES - PRUDENCIAL;1000080707;n2;S5;I;2;SAO PAULO;SP;03/2024;0;0;0;0;0;0;0;0;0;0;0;0;0;0;0;0;0;5.230;5.230;21.382;26.613
COOPERATIVA DE ECONOMIA E CRÉDITO MÚTUO DOS TRABALHADORES DA CIA. DE PROCESSAMENTO DE DADOS DO ESTADO DE SÃO PAULO - CREDIPRODESP;67915868;b3S;S5;I;2;TABOAO DA SERRA;SP;03/2024;0;0;0;0;0;0;0;0;0;0;0;0;0;0;0;0;0;1.617;1.617;24.587;26.204
SMART SOLUTIONS GROUP IP - PRUDENCIAL;1000087425;n4;;I;2;SAO PAULO;SP;03/2024;0;0;0;0;2.737;0;2.737;0;0;0;0;0;0;0;0;2.737;0;1.396;4.134;22.021;26.155
CAPITAL CONSIG SCD - PRUDENCIAL;1000085599;n1;S5;I;2;SAO PAULO;SP;03/2024;0;0;0;0;51;0;51;0;0;0;0;0;0;0;0;51;0;17.588;17.638;7.851;25.489
COOPERATIVA DE ECONOMIA E CRÉDITO MÚTUO DOS FUNCIONÁRIOS DA TETRA PAK;67341487;b3S;S5;I;2;MONTE MOR;SP;03/2024;0;0;0;0;0;0;0;0;0;0;0;0;0;0;0;0;0;301;301;25.160;25.461
RAPIDIUM SCMEPP - PRUDENCIAL;1000085575;n1;S5;I;2;TOLEDO;PR;03/2024;0;0;0;0;0;0;0;0;0;0;0;0;0;0;15.871;15.871;0;4.238;20.108;4.387;24.496
COOPERATIVA DE CREDITO RURAL DE IBIAM - SULCREDI/IBIAM;8240446;b3S;S5;I;2;IBIAM;SC;03/2024;1.493;0;0;17.643;0;0;19.136;0;0;0;0;0;0;0;0;19.136;0;477;19.613;4.732;24.345
DUFRIO CFI - PRUDENCIAL;1000085324;n1;S5;I;2;PORTO ALEGRE;RS;03/2024;0;0;0;11.607;0;0;11.607;0;0;0;0;0;0;0;0;11.607;0;423;12.030;12.290;24.320
COOPERATIVA DE CRÉDITO DOS MAGISTRADOS DO ESTADO DO RIO DE JANEIRO LTDA. - MAGICREDI-RJ;5040680;b3S;S5;I;2;RIO DE JANEIRO;RJ;03/2024;0;0;0;13.619;0;0;13.619;0;0;0;0;0;0;0;0;13.619;0;1.077;14.696;9.421;24.117
SOCIAL BANK BANCO MULTIPLO - PRUDENCIAL;1000081641;b1;S4;I;2;SALVADOR;BA;03/2024;3.138;0;0;0;0;0;3.138;0;0;0;0;0;0;0;0;3.138;0;813;3.951;20.027;23.978
PAGPRIME IP - PRUDENCIAL;1000086880;n4;;I;2;GOIANIA;GO;03/2024;0;0;0;0;305;0;305;0;0;0;0;0;0;0;930;1.235;0;18.141;19.376;4.094;23.470
BCO INDUSCRED DE INVESTIM. S/A - PRUDENCIAL;1000081342;b2;S4;I;2;SAO PAULO;SP;03/2024;0;0;0;5.704;0;0;5.704;0;0;0;0;0;0;0;0;5.704;0;409;6.113;17.337;23.451
SENSO CCVM S.A. - PRUDENCIAL;1000082750;n2;S4;I;2;RIO DE JANEIRO;RJ;03/2024;0;0;0;0;0;0;0;0;0;0;0;0;0;0;0;0;0;7.893;7.893;14.830;22.723
COOPERATIVA DE CRÉDITO MÚTUO DO ABC - COOPER 7;4414354;b3S;S5;I;2;SAO BERNARDO DO CAMPO;SP;03/2024;1.858;0;0;1.733;0;0;3.591;0;0;0;0;0;0;0;804;4.395;0;1.290;5.685;17.015;22.700
COOPERATIVA DE ECONOMIA E CRÉDITO MÚTUO DOS FUNCIONÁRIOS DO GRUPO OWENS-ILLINOIS DO BRASIL;43182278;b3S;S5;I;2;SAO PAULO;SP;03/2024;0;0;0;0;0;0;0;0;0;0;0;0;0;0;0;0;0;369;369;22.262;22.631
COOPERATIVA DE ECONOMIA E CRÉDITO MÚTUO DOS FUNCIONÁRIOS DA VILLARES METALS;53846242;b3S;S5;I;2;SUMARE;SP;03/2024;0;0;0;0;0;0;0;0;0;0;0;0;0;0;0;0;0;180;180;22.312;22.492
COOPERATIVA DE ECONOMIA E CRÉDITO MÚTUO DOS APOSENTADOS, PENSIONISTAS E IDOSOS - SICOOB COOPERNAPI;16564240;b3S;S5;I;2;SAO PAULO;SP;03/2024;4.897;0;0;14.005;0;0;18.901;0;0;0;0;0;0;0;0;18.901;0;189;19.090;3.196;22.286
COOPERATIVA DE CRÉDITO MÚTUO DOS SERVIDORES DA ASSEMBLEIA LEGISLATIVA DO ESTADO DE SÃO PAULO - COOPERALESP;4791645;b3S;S5;I;2;SAO PAULO;SP;03/2024;0;0;0;0;0;0;0;0;0;0;0;0;0;0;0;0;0;910;910;21.185;22.095
TAMBASA SCD - PRUDENCIAL;1000085214;n1;S5;I;2;BELO HORIZONTE;MG;03/2024;0;0;0;0;0;0;0;0;0;0;0;0;0;0;0;0;0;500;500;20.670;21.170
COOPERATIVA DE ECONOMIA E CRÉDITO MÚTUO DOS COLABORADORES DO GRUPO EMPRESARIAL A COSTA LTDA.;20062766;b3S;S5;I;2;VISCONDE DO RIO BRANCO;MG;03/2024;0;0;0;0;0;0;0;0;0;0;0;0;0;0;1;1;0;1.607;1.608;19.554;21.162
COOPERATIVA DE ECONOMIA E CRÉDITO MÚTUO DOS EMPREGADOS DA COMPANHIA BRASILEIRA DE ALUMÍNIO;54335401;b3S;S5;I;2;ALUMINIO;SP;03/2024;0;0;0;0;0;0;0;0;0;0;0;0;0;0;61;61;0;598;659;20.466;21.125
COOPERATIVA DE ECONOMIA E CRÉDITO MÚTUO DOS FUNCIONÁRIOS DO GRUPO JAL LTDA.;5548335;b3S;S5;I;2;SAO JOAO DE MERITI;RJ;03/2024;0;0;0;0;0;0;0;0;0;0;0;0;0;0;0;0;0;3.866;3.866;17.199;21.065
EAGLE SCD - PRUDENCIAL;1000086172;n1;S5;I;2;PORTO ALEGRE;RS;03/2024;0;0;0;0;0;0;0;0;0;0;0;0;0;0;0;0;0;7.446;7.446;13.531;20.977
COOPERATIVA DE ECONOMIA E CRÉDITO MÚTUO DOS EMPREGADOS DA AÇO MINAS GERAIS S.A. - AÇOMINAS E EMPRESAS SUBSIDIÁRIAS EM OURO BRANCO LTDA. - COOPAÇO;17314501;b3S;S5;I;2;OURO BRANCO;MG;03/2024;0;0;0;0;0;0;0;0;0;0;0;0;0;0;0;0;0;2.949;2.949;17.994;20.943
FÊNIX DTVM - PRUDENCIAL;1000085537;n2;S4;I;2;CUIABA;MT;03/2024;0;0;0;0;0;0;0;0;0;0;0;0;0;0;0;0;0;14.731;14.731;6.048;20.779
COOPERATIVA DE ECONOMIA E CRÉDITO MÚTUO DOS SERVIDORES DA PREFEITURA MUNICIPAL DE ORLÂNDIA - CRED SERV;946465;b3S;S5;I;2;ORLANDIA;SP;03/2024;0;0;0;0;0;0;0;0;0;0;0;0;0;0;1.679;1.679;0;431;2.109;18.534;20.643
COOPERATIVA DE ECONOMIA E CREDITO MUTUO DOS SERVIDORES PUBLICOS DE PINHÃO - CRESERV-PINHÃO;4831810;b3S;S5;I;2;PINHAO;PR;03/2024;1.872;0;0;10.649;0;0;12.521;0;0;0;0;0;0;0;0;12.521;0;721;13.242;7.151;20.392
SOMAPAY SCD - PRUDENCIAL;1000086017;n1;S5;I;2;FORTALEZA;CE;03/2024;0;0;0;0;8.163;0;8.163;0;0;0;0;0;0;0;0;8.163;0;6.295;14.458;5.930;20.388
KANASTRA SCD - PRUDENCIAL;1000086770;n1;S4;I;2;UBERLANDIA;MG;03/2024;0;0;0;0;18.024;0;18.024;0;0;0;0;0;0;0;0;18.024;0;1.227;19.251;733;19.984
HEDGE INVESTMENTS - PRUDENCIAL;1000083986;n2;S4;I;2;SAO PAULO;SP;03/2024;0;0;0;0;0;0;0;0;0;0;0;0;0;0;0;0;0;6.056;6.056;13.778;19.834
COOPERATIVA DE CRÉDITO DOS EMPREGADOS DA MINERAÇÃO RIO DO NORTE;4998845;b3S;S5;I;2;ORIXIMINA;PA;03/2024;0;0;0;0;0;0;0;0;0;0;0;0;0;0;0;0;0;372;372;19.278;19.650
AMARIL FRANKLIN CTV LTDA - PRUDENCIAL;1000082516;n2;S4;I;2;BELO HORIZONTE;MG;03/2024;0;0;0;0;0;4.848;4.848;0;0;0;0;0;0;0;0;4.848;0;3.497;8.345;11.293;19.639
AG. FOMENTO AMAPA S.A. - PRUDENCIAL;1000081098;n1;S4;I;1;MACAPA;AP;03/2024;0;0;0;0;0;0;0;0;0;0;0;0;0;0;0;0;0;2.248;2.248;17.160;19.408
COOPERATIVA DE ECONOMIA E CRÉDITO MÚTUO DOS EMPREGADOS DAS EMPRESAS METALÚRGICAS DE MATÃO - METALCOOPERCRED;53505681;b3S;S5;I;2;MATAO;SP;03/2024;0;0;0;0;0;0;0;0;0;0;0;0;0;0;0;0;0;1.620;1.620;17.709;19.329
COPERCRED - COOPERATIVA DE ECONOMIA E CRÉDITO MÚTUO DOS EMPREGADOS DAS EMPRESAS ZILLO LORENZETTI;58022195;b3S;S5;I;2;LENCOIS PAULISTA;SP;03/2024;736;0;0;2.438;0;0;3.174;0;0;0;0;0;0;0;0;3.174;0;953;4.127;15.186;19.313
TYCOON TECHNOLOGY IP - PRUDENCIAL;1000087274;n4;;I;2;CURITIBA;PR;03/2024;0;0;0;0;154;0;154;0;0;0;0;0;0;0;65;219;0;10.776;10.995;8.300;19.295
GLOBAL EXCHANGE CC - PRUDENCIAL;1000084435;n2;S4;I;3;RIO DE JANEIRO;RJ;03/2024;0;0;0;0;0;0;0;0;0;0;0;0;0;0;0;0;0;1.746;1.746;17.535;19.281
COOPERATIVA DE ECONOMIA E CRÉDÍTO MÚTUO DOS FUNCIONÁRIOS DA MWM TUPY DO BRASIL;59620708;b3S;S5;I;2;SAO PAULO;SP;03/2024;0;0;0;0;0;0;0;0;0;0;0;0;0;0;0;0;0;1.709;1.709;17.305;19.015
ASPECIR SCMEPP LTDA. - PRUDENCIAL;1000083058;n1;S5;I;2;PORTO ALEGRE;RS;03/2024;0;0;0;0;0;0;0;0;0;0;0;0;0;0;0;0;0;4.718;4.718;14.287;19.004
COOPERATIVA DE CRÉDITO DOS EMPREGADOS DE ELEVADORES ATLAS;43730498;b3S;S5;I;2;SAO PAULO;SP;03/2024;0;0;0;0;0;0;0;0;0;0;0;0;0;0;0;0;0;1.065;1.065;17.771;18.836
ID CTVM - PRUDENCIAL;1000085582;n2;S4;I;2;SAO PAULO;SP;03/2024;0;0;0;0;10.179;0;10.179;0;0;0;0;0;0;0;0;10.179;0;5.724;15.903;2.779;18.682
COOPERATIVA DE CRÉDITO DOS SERVIDORES PÚBLICOS MUNICIPAIS DA GRANDE VITÓRIA/ES;1235921;b3S;S5;I;2;VITORIA;ES;03/2024;0;0;0;0;0;0;0;0;0;0;0;0;0;0;0;0;0;2.168;2.168;16.468;18.636
COOPERATIVA DE ECONOMIA E CRÉDITO MÚTUO DOS EMPREGADOS DAS EMPRESAS CONTROLADAS E COLIGADAS DA USINA SANTA ADELIA - USAGRO;68969625;b3S;S5;I;2;JABOTICABAL;SP;03/2024;360;0;0;501;0;0;861;0;0;0;0;0;0;0;0;861;0;1.339;2.200;16.390;18.589
INVEST CC - PRUDENCIAL;1000082396;n2;S5;I;2;PORTO ALEGRE;RS;03/2024;0;0;0;0;0;0;0;0;0;0;0;0;0;0;0;0;0;13.682;13.682;4.637;18.319
OPPORTUNITY - PRUDENCIAL;1000080518;n2;S4;I;2;RIO DE JANEIRO;RJ;03/2024;0;0;0;0;0;0;0;0;0;0;0;0;0;0;0;0;0;2.545;2.545;15.299;17.844
COOPERATIVA DE ECONOMIA E CRÉDITO MÚTUO DOS EMPREGADOS DA CEMIG E DAS INDÚSTRIAS METALÚRGICAS E DE MATERIAL ELÉTRICO E DOS SERVIDORES PÚBLICOS MUNICIPAIS DE JUIZ DE FORA LTDA. - SICOOB CECREMEC;17502881;b3S;S5;I;2;BELO HORIZONTE;MG;03/2024;2.105;0;0;5.384;0;38;7.527;0;0;0;0;0;0;0;0;7.527;0;1.185;8.712;8.930;17.641
COOPERATIVA DE ECONOMIA E CRÉDITO MÚTUO DOS SERVIDORES PÚBLICOS MUNICIPAIS EM JOÃO MONLEVADE LTDA. - COPREMON;18310649;b3S;S5;I;2;JOAO MONLEVADE;MG;03/2024;0;0;0;0;0;0;0;0;0;0;0;0;0;0;0;0;0;1.047;1.047;16.485;17.531
BIGCASH SCD - PRUDENCIAL;1000085056;n1;S5;I;2;GOVERNADOR VALADARES;MG;03/2024;0;0;0;0;0;0;0;0;0;0;0;0;0;0;0;0;0;1.121;1.121;16.361;17.482
COOPERATIVA DE ECONOMIA E CRÉDITO MÚTUO DOS COLABORADORES DA CEBRACE;53184438;b3S;S5;I;2;JACAREI;SP;03/2024;0;0;0;0;0;0;0;0;0;0;0;0;0;0;0;0;0;314;314;17.142;17.457
J17 SCD - PRUDENCIAL;1000085616;n1;S5;I;2;LONDRINA;PR;03/2024;0;0;0;0;2.494;0;2.494;0;0;0;0;0;0;0;0;2.494;0;6.272;8.766;8.627;17.394
COOPERATIVA DE CRÉDITO MÚTUO DOS POLICIAIS FEDERAIS E SERVIDORES DA UNIÃO NO ESPÍRITO SANTO - CREDFEDERAL;2083914;b3S;S5;I;2;VILA VELHA;ES;03/2024;390;0;0;11.333;0;0;11.723;0;0;0;0;0;0;0;0;11.723;0;597;12.320;4.921;17.241
COOPERATIVA DE ECONOMIA E CRÉDITO MÚTUO DOS PETROLEIROS NO ESTADO DE MINAS GERAIS LTDA. - COPETRO;26758433;b3S;S5;I;2;BELO HORIZONTE;MG;03/2024;0;0;0;0;0;0;0;0;0;0;0;0;0;0;0;0;0;1.370;1.370;15.781;17.151
BONUSPAGO SCD - PRUDENCIAL;1000085128;n1;S5;I;2;CASCAVEL;PR;03/2024;0;0;0;0;14.571;0;14.571;0;0;0;0;0;0;0;0;14.571;0;75;14.647;2.343;16.990
COOPERATIVA DE ECONOMIA E CREDITO MUTUO DOS EMPREGADOS DE CHOCOLATES GAROTO LTDA. - CREDI-GAROTO;30949267;b3S;S5;I;2;VILA VELHA;ES;03/2024;224;0;0;13.442;0;0;13.666;0;0;0;0;0;0;0;0;13.666;0;565;14.231;2.757;16.988
COOPERATIVA DE ECONOMIA E CRÉDITO MÚTUO DOS COLABORADORES DA UNIÃO BRASILEIRA DE EDUCAÇÃO E ENSINO, UNIÃO NORTE BRASILEIRA DE EDUCAÇÃO E CULTURA & UNIÃO BRASILEIRA DE EDUCAÇÃO CATÓLICA LTDA - COOMAR;2588819;b3S;S5;I;2;BELO HORIZONTE;MG;03/2024;0;0;0;0;0;0;0;0;0;0;0;0;0;0;0;0;0;2.053;2.053;14.935;16.988
BNK DIGITAL SCD - PRUDENCIAL;1000086031;n1;S5;I;2;SAO JOSE DO RIO PRETO;SP;03/2024;0;0;0;0;14.458;0;14.458;0;0;0;0;0;0;0;0;14.458;0;181;14.639;2.346;16.986
COOPERATIVA DE ECONOMIA E CREDITO MUTUO DOS EMPREGADOS DO GRUPO BAYER LTDA;73631483;b3S;S5;I;2;BELFORD ROXO;RJ;03/2024;0;0;0;0;0;0;0;0;0;0;0;0;0;0;0;0;0;1.349;1.349;15.551;16.900
COOPERATIVA DE ECONOMIA E CRÉDITO MÚTUO DOS  EMPREGADOS DA TUPY MINAS GERAIS LTDA. E NEMAK ALUMÍNIO DO BRASIL LTDA.;4249235;b3S;S5;I;2;BETIM;MG;03/2024;0;0;0;0;0;0;0;0;0;0;0;0;0;0;0;0;0;542;542;15.943;16.484
LIONS TRUST DTVM PRUDENCIAL;1000085654;n2;S4;I;2;SAO PAULO;SP;03/2024;0;0;0;0;0;12.728;12.728;0;0;0;0;0;0;0;0;12.728;0;2.217;14.945;1.516;16.460
COOPERATIVA DE CRÉDITO E SERVIÇOS FINANCEIROS DE CURITIBA E REGIÃO METROPOLITANA;5097757;b3S;S5;I;2;CURITIBA;PR;03/2024;1;0;0;7.775;0;0;7.776;0;0;0;0;0;0;0;0;7.776;0;745;8.521;7.840;16.361
COOPERATIVA DE ECONOMIA E CRÉDITO MÚTUO DOS FUNCIONÁRIOS DA TICKET SERVIÇOS COMÉRCIO E ADMINISTRAÇÃO;57440521;b3S;S5;I;2;SAO PAULO;SP;03/2024;0;0;0;0;0;0;0;0;0;0;0;0;0;0;0;0;0;4.483;4.483;11.841;16.324
COOPERATIVA DE CRÉDITO COOPHARMA;2814832;b3S;S5;I;2;SAO PAULO;SP;03/2024;0;0;0;0;0;0;0;0;0;0;0;0;0;0;0;0;0;513;513;15.773;16.286
GOLCRED - PRUDENCIAL;1000080965;n1;S4;I;2;SAO JOSE;SC;03/2024;0;0;0;0;0;0;0;0;0;0;0;0;8.041;8.041;0;8.041;0;303;8.343;7.919;16.262
INTERCAM CC LTDA - PRUDENCIAL;1000081926;n2;S4;I;2;SAO PAULO;SP;03/2024;0;0;0;0;0;0;0;0;0;0;0;0;0;0;0;0;0;7.746;7.746;8.361;16.107
COOPERATIVA DE CREDITO RURAL DE GUACUI - CREDIGUAÇUÍ;32422628;b3S;S5;I;2;GUACUI;ES;03/2024;1.408;0;0;4.554;0;0;5.962;0;0;0;0;0;0;0;0;5.962;0;1.474;7.436;8.659;16.095
CREDISIS COOPESA - COOPERATIVA DE ECONOMIA E CRÉDITO;6975532;b3S;S5;I;2;PORTO ALEGRE;RS;03/2024;479;0;0;1.410;0;0;1.888;0;0;848;0;0;0;848;0;2.736;0;1.127;3.863;12.227;16.090
COBANSA CH S.A. - PRUDENCIAL;1000081878;n1;S5;I;2;SAO PAULO;SP;03/2024;0;0;0;0;0;0;0;0;0;0;0;0;0;0;48;48;0;11.590;11.639;4.175;15.813
DIBRAN DTVM LTDA - PRUDENCIAL;1000083845;n2;S4;I;2;SAO PAULO;SP;03/2024;0;0;0;0;0;119;119;0;0;0;0;0;0;0;0;119;0;506;625;15.087;15.712
COOPERATIVA DE ECONOMIA E CRÉDITO MÚTUO DOS EMPREGADOS DO SISTEMA FIERGS - CRESUL;92675578;b3S;S5;I;2;PORTO ALEGRE;RS;03/2024;0;0;0;0;0;0;0;0;0;0;0;0;0;0;0;0;0;525;525;14.586;15.111
SISPAY IP - PRUDENCIAL;1000087528;n4;;I;2;SAO PAULO;SP;03/2024;0;0;0;0;9.863;0;9.863;0;0;0;0;0;0;0;60;9.923;0;365;10.288;4.594;14.881
AZUMI DTVM PRUDENCIAL;1000085719;n2;S4;I;2;SAO PAULO;SP;03/2024;0;0;0;0;9.825;0;9.825;0;0;0;0;0;0;0;0;9.825;0;882;10.707;4.103;14.810
COOPERATIVA DE ECONOMIA E CRÉDITO MÚTUO DOS FUNCIONÁRIOS PÚBLICOS MUNICIPAIS DE ITAPIRA - CREDITA;2115870;b3S;S5;I;2;ITAPIRA;SP;03/2024;0;0;0;0;0;0;0;0;0;0;0;0;0;0;0;0;0;430;430;14.311;14.741
POMELO IP - PRUDENCIAL;1000086938;n4;;I;3;SAO PAULO;SP;03/2024;0;0;0;0;0;0;0;0;0;0;0;0;0;0;0;0;0;10.959;10.959;3.767;14.726
COOPERATIVA DE ECONOMIA E CREDITO MUTUO DOS EMPREGADOS DE ELEVADORES ATLAS SCHINDLER LTDA.;42107706;b3S;S5;I;2;RIO DE JANEIRO;RJ;03/2024;0;0;0;0;0;0;0;0;0;0;0;0;0;0;0;0;0;564;564;13.984;14.548
COOPERATIVA DE ECONOMIA E CRÉDITO MÚTUO DOS SERVIDORES PÚBLICOS DO PODER EXECUTIVO FEDERAL NO ESTADO DO ESPÍRITO SANTO - CREDES;3639902;b3S;S5;I;2;VITORIA;ES;03/2024;73;0;0;526;0;0;599;0;0;0;0;0;0;0;0;599;0;1.194;1.793;12.448;14.241
COOPERATIVA DE ECONOMIA E CREDITO MUTUO DOS TRABALHADORES PORTUARIOS DA GRANDE VITORIA - CREDESTIVA.;3844699;b3S;S5;I;2;VITORIA;ES;03/2024;695;0;0;1.599;0;0;2.294;0;0;0;0;0;0;0;0;2.294;0;971;3.265;10.858;14.123
FACEBOOK INSTITUICAO PAGAMENTO - PRUDENCIAL;1000085692;n4;;I;3;SAO PAULO;SP;03/2024;0;0;0;0;0;0;0;0;0;0;0;0;0;0;0;0;0;3.650;3.650;10.438;14.087
COOPERATIVA DE ECONOMIA E CRÉDITO MÚTUO DOS EMPREGADOS DA NOVELIS;57545436;b3S;S5;I;2;SANTO ANDRE;SP;03/2024;0;0;0;0;0;0;0;0;0;0;0;0;0;0;0;0;0;635;635;13.401;14.036
UZZIPAY IP - PRUDENCIAL;1000086763;n4;;I;2;PORTO VELHO;RO;03/2024;0;0;0;0;1.557;0;1.557;0;0;0;0;0;0;0;0;1.557;0;11.544;13.101;884;13.985
COOPERATIVA DE CREDITO DOS SERVIDORES DA UNIVERSIDADE FEDERAL DO ESPIRITO SANTO;27302181;b3S;S5;I;2;VITORIA;ES;03/2024;206;0;0;1.326;0;0;1.532;0;0;0;0;0;0;0;0;1.532;0;2.183;3.715;10.190;13.905
COOPERATIVA DE ECONOMIA E CREDITO MUTUO DOS SERVIDORES DA COMLURB LTDA;29341260;b3S;S5;I;2;RIO DE JANEIRO;RJ;03/2024;0;0;0;0;0;0;0;0;0;0;0;0;0;0;0;0;0;991;991;12.875;13.865
COOPERATIVA DE CRÉDITO DOS SERVIDORES PÚBLICOS MUNICIPAIS DE TIMÓTEO LTDA. - COOPERTIM;20833976;b3S;S5;I;2;TIMOTEO;MG;03/2024;0;0;0;0;0;0;0;0;0;0;0;0;0;0;0;0;0;1.265;1.265;12.582;13.847
FAMILIA PAULISTA CI S.A. - PRUDENCIAL;1000083429;n1;S5;I;2;SANTOS;SP;03/2024;0;0;0;0;0;0;0;0;0;0;0;0;0;0;0;0;0;3.800;3.800;10.034;13.834
DANK SCD - PRUDENCIAL;1000086330;n1;S5;I;2;JARAGUA DO SUL;SC;03/2024;0;0;0;0;0;0;0;0;0;0;0;0;0;0;0;0;0;778;778;12.925;13.702
MICROCASH SCMEPP - PRUDENCIAL;1000086079;n1;S5;I;2;SAO PAULO;SP;03/2024;0;0;0;0;4.157;0;4.157;0;0;0;0;0;0;0;0;4.157;0;7.327;11.484;2.180;13.664
DILLON S/A DTVM - PRUDENCIAL;1000083807;n2;S4;I;2;RIO DE JANEIRO;RJ;03/2024;0;0;0;0;0;7;7;0;0;0;0;0;0;0;0;7;0;2.917;2.924;10.466;13.390
COOPERATIVA DE ECONOMIA E CRÉDITO MÚTUO DOS FUNCIONÁRIOS DA ASTRAZENECA DO BRASIL;1288797;b3S;S5;I;2;COTIA;SP;03/2024;0;0;0;0;0;0;0;0;0;0;0;0;0;0;0;0;0;475;475;12.896;13.370
RJI CTVM - PRUDENCIAL;1000082798;n2;S4;I;2;RIO DE JANEIRO;RJ;03/2024;0;0;0;0;0;0;0;0;0;0;0;0;0;0;0;0;0;3.053;3.053;10.317;13.369
COOPERATIVA DE ECONOMIA E CRÉDITO MÚTUO DOS SERVIDORES MUNICIPAIS DE POÇOS DE CALDAS LTDA. - COOPOÇOS;41791005;b3S;S5;I;2;POCOS DE CALDAS;MG;03/2024;0;0;0;492;0;0;492;0;0;0;0;0;0;0;0;492;0;2.074;2.566;10.676;13.241
WEALTH HIGH GOVERNANCE DTVM - PRUDENCIAL;1000087229;n2;S5;I;2;SAO PAULO;SP;03/2024;0;0;0;0;0;0;0;0;0;0;0;0;0;0;0;0;0;3.350;3.350;9.780;13.130
COOPERATIVA DE ECONOMIA E CRÉDITO MÚTUO DOS EMPREGADOS DA SAMARCO MINERAÇÃO S.A. LTDA - CREDISAM;20622809;b3S;S5;I;2;BELO HORIZONTE;MG;03/2024;0;0;0;0;0;0;0;0;0;0;0;0;0;0;0;0;0;724;724;12.248;12.973
COOPERATIVA DE ECONOMIA E CRÉDITO MÚTUO DOS SERVIDORES MUNICIPAIS DE ITABIRA LTDA. - SICOOB COSEMI;16651002;b3S;S5;I;2;ITABIRA;MG;03/2024;3;0;0;2.156;0;0;2.160;0;0;0;0;0;0;0;1.385;3.545;0;962;4.507;8.464;12.971
UNAVANTI SCD - PRUDENCIAL;1000085740;n1;S5;I;2;MARINGA;PR;03/2024;0;0;0;0;7.703;0;7.703;0;0;0;0;0;0;0;0;7.703;0;2.329;10.032;2.929;12.961
COOPERATIVA DE ECONOMIA E CRÉDITO MÚTUO DOS SERVIDORES PÚBLICOS DA REGIÃO METROPOLITANA DE BELÉM - CREDISIS CREDBEM METROPOLITANA;991739;b3S;S5;I;2;BELEM;PA;03/2024;0;0;0;0;0;0;0;0;0;0;0;0;0;0;0;0;0;1.777;1.777;11.085;12.863
COOPERATIVA DE ECONOMIA E CRÉDITO MÚTUO DOS EMPREGADOS DO GRUPO SBF LTDA. - COOPER ATIVA SBF;2232228;b3S;S5;I;2;SAO PAULO;SP;03/2024;0;0;0;0;0;0;0;0;0;0;0;0;0;0;0;0;0;1.292;1.292;11.457;12.749
COOPERATIVA DE ECONOMIA E CREDITO MUTUO DOS SERVIDORES ESTATUTARIOS DA ADMINISTRAÇÃO DIRETA DO ESTADO DO ESPIRITO SANTO - COOPSERVIDOR ES;2475222;b3S;S5;I;2;VITORIA;ES;03/2024;1.099;0;0;3.336;0;0;4.435;0;0;0;0;0;0;0;0;4.435;0;977;5.412;6.836;12.248
COOPERATIVA DE CRÉDITO, POUPANÇA E SERVIÇOS FINANCEIROS;5491616;b3S;S5;I;2;MINEIROS;GO;03/2024;1.066;0;0;8.237;0;0;9.304;0;0;0;0;0;0;0;0;9.304;0;1.010;10.313;1.788;12.101
COOPERATIVA DE CRÉDITO MÚTUO DOS EMPREGADOS DA SKF E COLIGADAS;49091119;b3S;S5;I;2;CAJAMAR;SP;03/2024;0;0;0;0;0;0;0;0;0;0;0;0;0;0;0;0;0;167;167;11.881;12.049
FFA SCMEPP LTDA - PRUDENCIAL;1000084569;n1;S5;I;2;SAO PAULO;SP;03/2024;0;0;0;0;0;0;0;0;0;0;0;0;0;0;407;407;0;10.306;10.713;1.278;11.991
COOPERATIVA DE ECONOMIA E CREDITO MUTUO JOHN F. KENNEDY LTDA;33735192;b3S;S5;I;2;RIO DE JANEIRO;RJ;03/2024;0;0;0;3.849;0;0;3.849;0;0;0;0;0;0;0;0;3.849;0;1.070;4.919;7.025;11.944
COOPERATIVA DE ECONOMIA E CRÉDITO MÚTUO DOS MEMBROS DO MINISTÉRIO PÚBLICO DE SÃO PAULO - PROMOCRED;4478231;b3S;S5;I;2;SAO PAULO;SP;03/2024;0;0;0;2;0;0;2;0;0;0;0;0;0;0;0;2;0;796;798;10.991;11.789
COOPERATIVA DE ECONOMIA E CRÉDITO MÚTUO DOS EMPREGADOS DA CONFAB;59305565;b3S;S5;I;2;PINDAMONHANGABA;SP;03/2024;0;0;0;0;0;0;0;0;0;0;0;0;0;0;0;0;0;241;241;11.190;11.431
PARTNERBANK IP - PRUDENCIAL;1000087391;n4;;I;2;SAO PAULO;SP;03/2024;0;0;0;0;1.501;0;1.501;0;0;0;0;0;0;0;0;1.501;0;2.806;4.307;7.117;11.423
IB CCTVM - PRUDENCIAL;1000084765;n2;S4;I;2;SAO PAULO;SP;03/2024;0;0;0;0;0;1.266;1.266;0;0;0;0;0;0;0;0;1.266;0;6.007;7.273;4.031;11.304
COOPERATIVA DE ECONOMIA E CRÉDITO MÚTUO DOS FUNCIONÁRIOS DO GRUPO COMOLATTI - SÃO PAULO;47196084;b3S;S5;I;2;SAO PAULO;SP;03/2024;0;0;0;0;0;0;0;0;0;0;0;0;0;0;0;0;0;951;951;10.288;11.238
COOPERATIVA DE ECONOMIA E CRÉDITO MÚTUO DOS FUNCIONÁRIOS DA BOMBRIL;57038408;b3S;S5;I;2;SAO BERNARDO DO CAMPO;SP;03/2024;0;0;0;0;0;0;0;0;0;0;0;0;0;0;0;0;0;1.061;1.061;10.147;11.208
COOPERATIVA DE ECONOMIA E CRÉDITO MÚTUO DOS FUNCIONÁRIOS DO FLEURY;71965313;b3S;S5;I;2;SAO PAULO;SP;03/2024;0;0;0;0;0;0;0;0;0;0;0;0;0;0;0;0;0;112;112;11.019;11.131
ACTIVTRADES CCTVM - PRUDENCIAL;1000085977;n2;S4;I;3;FLORIANOPOLIS;SC;03/2024;0;0;0;0;0;272;272;0;0;0;0;0;0;0;0;272;0;1.133;1.405;9.460;10.865
LISTO SCD - PRUDENCIAL;1000084930;n1;S5;I;3;SAO PAULO;SP;03/2024;0;0;0;0;0;0;0;0;0;0;0;0;0;0;0;0;0;7.453;7.453;3.369;10.822
AZIMUT BRASIL DTVM - PRUDENCIAL;1000084325;n2;S4;I;3;SAO PAULO;SP;03/2024;0;0;0;0;0;6.009;6.009;0;0;0;0;0;0;0;0;6.009;0;508;6.517;4.261;10.778
A27 IP - PRUDENCIAL;1000087504;n4;;I;2;FLORES DA CUNHA;RS;03/2024;0;0;0;0;5.506;0;5.506;0;0;0;0;0;0;0;0;5.506;0;5;5.511;5.259;10.770
CREDJUST - COOPERATIVA DE CRÉDITO MÚTUO DOS INTEGRANTES DA JUSTIÇA DO TRABALHO DA 13- REGIÃO LTDA.;4608925;b3S;S5;I;2;JOAO PESSOA;PB;03/2024;327;0;0;2.993;0;0;3.320;0;0;0;0;0;0;0;0;3.320;0;323;3.643;7.028;10.672
NOSSA TERRA COOPERATIVA DE CRÉDITO DOS EMPREGADOS DAS EMPRESAS DE AGRONEGÓCIO E AFINS;49204605;b3S;S5;I;2;CAJATI;SP;03/2024;0;0;0;0;0;0;0;0;0;0;0;0;0;0;0;0;0;316;316;10.158;10.474
FOURTRADE COR. DE CAMBIO LTDA - PRUDENCIAL;1000081957;n2;S4;I;2;RIO DE JANEIRO;RJ;03/2024;0;0;0;0;0;0;0;0;0;0;0;0;0;0;0;0;0;5.331;5.331;5.078;10.409
GET MONEY CC - PRUDENCIAL;1000082255;n2;S5;I;2;SAO PAULO;SP;03/2024;0;0;0;0;0;0;0;0;0;0;0;0;0;0;0;0;0;1.665;1.665;8.713;10.378
COOPERATIVA DE CRÉDITO RURAL DOS PLANTADORES DE CANA DA REGIÃO DE IGARAPAVA;52623311;b3S;S5;I;2;IGARAPAVA;SP;03/2024;0;0;0;0;0;0;0;0;0;0;0;0;0;0;0;0;0;1.398;1.398;8.743;10.141
LEV DTVM - PRUDENCIAL;1000086347;n2;S4;I;2;SAO PAULO;SP;03/2024;0;0;0;0;0;0;0;0;0;0;0;0;0;0;0;0;0;3.555;3.555;6.523;10.079
SOCIALCRED S/A SCMEPP - PRUDENCIAL;1000083027;n1;S5;I;2;RIO DE JANEIRO;RJ;03/2024;0;0;0;0;0;0;0;0;0;0;0;0;0;0;108;108;0;145;253;9.667;9.920
AG. FOMENTO ESTADO DE RORAIMA - PRUDENCIAL;1000081036;n1;S4;I;1;BOA VISTA;RR;03/2024;0;0;0;0;0;0;0;0;0;0;0;0;0;0;0;0;0;1.061;1.061;8.812;9.874
COOPERATIVA DE ECONOMIA E CRÉDITO MÚTUO DOS FUNCIONÁRIOS DO GRUPO LORENZETTI;44905255;b3S;S5;I;2;SAO PAULO;SP;03/2024;0;0;0;0;0;0;0;0;0;0;0;0;0;0;0;0;0;408;408;9.279;9.688
DOURADA CORRETORA - PRUDENCIAL;1000082224;n2;S4;I;2;CURITIBA;PR;03/2024;0;0;0;0;0;0;0;0;0;0;0;0;0;0;0;0;0;6.909;6.909;2.513;9.422
UY3 SCD - PRUDENCIAL;1000085472;n1;S5;I;2;PORTO ALEGRE;RS;03/2024;0;0;0;0;257;0;257;0;0;0;0;0;0;0;0;257;0;1.999;2.256;7.022;9.279
COOPERATIVA DE ECONOMIA E CRÉDITO MÚTUO DOS SERVIDORES DA SECRETARIA DE DEFESA SOCIAL DO ESTADO DE MINAS GERAIS LTDA. - COOPSESP;5746715;b3S;S5;I;2;BELO HORIZONTE;MG;03/2024;0;0;0;0;0;0;0;0;0;0;0;0;0;0;0;0;0;924;924;8.331;9.255
COOPERATIVA DE CRÉDITO MÚTUO DOS EMPREGADOS DA PILKINGTON BRASIL;2104058;b3S;S5;I;2;CACAPAVA;SP;03/2024;0;0;0;0;0;0;0;0;0;0;0;0;0;0;0;0;0;181;181;9.048;9.228
CDC SCD - PRUDENCIAL;1000083326;n1;S5;I;2;BELO HORIZONTE;MG;03/2024;0;0;0;0;2.110;0;2.110;0;0;0;0;0;0;0;0;2.110;0;3.902;6.013;3.178;9.191
COOPERATIVA DE CRÉDITO MÚTUO DOS SERVIDORES DA SEGURANÇA PÚBLICA DE SÃO PAULO - CREDIAFAM;4804353;b3S;S5;I;2;SAO PAULO;SP;03/2024;0;0;0;0;0;0;0;0;0;0;0;0;0;0;0;0;0;548;548;8.638;9.185
BEETELLERPAY IP - PRUDENCIAL;1000086718;n4;;I;2;CAMPO GRANDE;MS;03/2024;0;0;0;0;4.615;0;4.615;0;0;0;0;0;0;0;0;4.615;0;559;5.174;3.884;9.058
COOPERATIVA DE ECONOMIA E CRÉDITO MÚTUO DOS TRABALHADORES NAS INDÚSTRIAS DE EXTRAÇÃO DE FERRO E METAIS BÁSICOS DA REGIÃO DE CONGONHAS LTDA. - COOFERSE;71384697;b3S;S5;I;2;CONGONHAS;MG;03/2024;0;0;0;0;0;0;0;0;0;0;0;0;0;0;0;0;0;873;873;8.147;9.019
FFCRED SCD - PRUDENCIAL;1000085489;n1;S5;I;2;ERECHIM;RS;03/2024;0;0;0;0;402;0;402;0;0;0;0;0;0;0;0;402;0;203;605;8.408;9.013
COOPERATIVA DE ECONOMIA E CRÉDITO MÚTUO DOS SERVIDORES DO DISTRITO FEDERAL LTDA. - COOSERVCRED;778858;b3S;S5;I;2;BRASILIA;DF;03/2024;0;0;0;2.812;0;0;2.812;0;0;0;0;0;0;0;0;2.812;0;1.100;3.912;4.927;8.839
COOPERATIVA DE ECONOMIA E CRÉDITO MÚTUO DOS EMPREGADOS DA EATON;73077398;b3S;S5;I;2;VALINHOS;SP;03/2024;0;0;0;0;0;0;0;0;0;0;0;0;0;0;0;0;0;511;511;8.288;8.799
LABOR CC - PRUDENCIAL;1000082073;n2;S5;I;2;RECIFE;PE;03/2024;0;0;0;0;0;0;0;0;0;0;0;0;0;0;0;0;0;2.061;2.061;6.610;8.671
IDEA MAKER IP - PRUDENCIAL;1000086914;n4;;I;2;SAO PAULO;SP;03/2024;0;0;0;0;0;0;0;0;0;0;0;0;0;0;0;0;0;111;111;8.522;8.633
COOPERATIVA DE ECONOMIA E CRÉDITO MÚTUO DOS FUNCIONÁRIOS DA FACULDADE DE CIÊNCIAS AGRÁRIAS E VETERINÁRIAS - CAMPUS DE JABOTICABAL/SP - COOPERFAC;57259525;b3S;S5;I;2;JABOTICABAL;SP;03/2024;0;0;0;0;0;0;0;0;0;0;0;0;0;0;0;0;0;501;501;8.094;8.595
EMBRACRED SCD - PRUDENCIAL;1000086608;n1;S5;I;2;SANTANA DE PARNAIBA;SP;03/2024;0;0;0;0;61;0;61;0;0;0;0;0;0;0;0;61;0;148;209;8.339;8.549
CRETOVALE - COOPERATIVA DE ECONOMIA E CRÉDITO MÚTUO DOS TRABALHADORES DA VALE;28145589;b3S;S5;I;2;VITORIA;ES;03/2024;0;0;0;0;0;0;0;0;0;0;0;0;0;0;0;0;0;1.209;1.209;7.264;8.473
HEMERA DTVM - PRUDENCIAL;1000085685;n2;S4;I;2;CURITIBA;PR;03/2024;0;0;0;0;0;0;0;0;0;0;0;0;0;0;0;0;0;4.136;4.136;4.310;8.446
BOA VIAGEM SCC LTDA. - PRUDENCIAL;1000082080;n2;S4;I;2;RECIFE;PE;03/2024;0;0;0;0;0;0;0;0;0;0;0;0;0;0;0;0;0;3.267;3.267;5.134;8.401
COOPERATIVA DE ECONOMIA E CRÉDITO MÚTUO DOS FUNCIONÁRIOS DO GRUPO AVIBRAS - COOPER AVIBRAS;43268960;b3S;S5;I;2;JACAREI;SP;03/2024;0;0;0;0;0;0;0;0;0;0;0;0;0;0;0;0;0;855;855;7.507;8.362
FACILITA IP - PRUDENCIAL;1000087449;n4;;I;2;NOVA LIMA;MG;03/2024;0;0;0;0;0;0;0;0;0;0;0;0;0;0;0;0;0;5.617;5.617;2.688;8.305
SUDACRED SCD - PRUDENCIAL;1000084428;n1;S5;I;2;CURITIBA;PR;03/2024;0;0;0;0;0;0;0;0;0;0;0;0;0;0;0;0;0;1.036;1.036;7.236;8.272
COOPERATIVA DE ECONOMIA E CRÉDITO MÚTUO DOS FUNCIONÁRIOS DA MORLAN - CRED MORLAN;731320;b3S;S5;I;2;ORLANDIA;SP;03/2024;0;0;0;0;0;0;0;0;0;0;0;0;0;0;0;0;0;169;169;7.932;8.102
COOPERATIVA DE CRÉDITO E INVESTIMENTO COM INTERAÇÃO SOLIDÁRIA DE NOVA MUTUM E REGIÃO - CRESOL MATO GROSSO;50735161;b3S;S5;I;2;NOVA MUTUM;MT;03/2024;846;16;0;3.744;0;0;4.606;0;0;0;0;0;0;0;3.000;7.606;0;342;7.948;143;8.091
COOPERATIVA DE ECONOMIA E CRÉDITO MÚTUO DOS EMPREGADOS DO GRUPO TELEFÔNICA;57598120;b3S;S5;I;2;SAO PAULO;SP;03/2024;0;0;0;0;0;0;0;0;0;0;0;0;0;0;0;0;0;304;304;7.774;8.078
COOPERATIVA DE ECONOMIA E CRÉDITO MÚTUO ALIANÇA - COOPERNITRO;52935442;b3S;S5;I;2;SAO PAULO;SP;03/2024;0;0;0;0;0;0;0;0;0;0;0;0;0;0;0;0;0;160;160;7.903;8.064
MULTICRED SCD - PRUDENCIAL;1000085355;n1;S5;I;2;SALVADOR;BA;03/2024;0;0;0;0;0;0;0;0;0;0;0;0;0;0;0;0;0;136;136;7.809;7.944
HSCM SCMEPP LTDA. - PRUDENCIAL;1000083089;n1;S5;I;2;IBIA;MG;03/2024;0;0;0;0;0;0;0;0;0;0;0;0;0;0;0;0;0;1.280;1.280;6.654;7.934
COOPERATIVA DE ECONOMIA E CRÉDITO MÚTUO DOS SERVIDORES DA FACULDADE DE ENGENHARIA DE ILHA SOLTEIRA - COOPERFEIS;96409263;b3S;S5;I;2;ILHA SOLTEIRA;SP;03/2024;0;0;0;0;0;0;0;0;0;0;0;0;0;0;0;0;0;126;126;7.775;7.902
COOPERATIVA DE ECONOMIA E CRÉDITO MÚTUO DOS FUNCIONÁRIOS DA ELGIN;45045671;b3S;S5;I;2;MOGI DAS CRUZES;SP;03/2024;0;0;0;0;0;0;0;0;0;0;0;0;0;0;0;0;0;437;437;7.408;7.844
COOPERATIVA DE ECONOMIA E CREDITO MUTUO DOS SERVIDORES DA EMPRESA BRASILEIRA DE CORREIOS E TELEGRAFOS LTDA;42100982;b3S;S5;I;2;RIO DE JANEIRO;RJ;03/2024;0;0;0;0;0;0;0;0;0;0;0;0;0;0;332;332;0;159;491;7.345;7.836
COOPERATIVA DE CRÉDITO RURAL DO AGRESTE ALAGOANO - COOPERAGRE;8482873;b3S;S5;I;2;IGACI;AL;03/2024;3.226;0;0;1.054;0;0;4.281;0;0;0;0;0;0;0;200;4.481;0;98;4.579;3.228;7.807
OPEN CO SCD - PRUDENCIAL;1000085290;n1;S5;I;2;SAO PAULO;SP;03/2024;0;0;0;0;0;0;0;0;0;0;0;0;0;0;0;0;0;1.599;1.599;6.145;7.744
COLUNA S.A. DTVM - PRUDENCIAL;1000083728;n2;S4;I;2;RIO DE JANEIRO;RJ;03/2024;0;0;0;0;0;0;0;0;0;0;0;0;0;0;0;0;0;3.793;3.793;3.945;7.738
BMS SCD - PRUDENCIAL;1000083333;n1;S5;I;2;FORTALEZA;CE;03/2024;0;0;0;0;573;0;573;0;0;0;0;0;0;0;0;573;0;606;1.179;6.524;7.703
SCB CRÉDITO SCMEPP - PRUDENCIAL;1000083230;n1;S5;I;2;FORTALEZA;CE;03/2024;0;0;0;0;0;0;0;0;0;0;0;0;0;0;0;0;0;5.356;5.356;2.194;7.551
MONOPÓLIO CC - PRUDENCIAL;1000084356;n2;S4;I;2;BELEM;PA;03/2024;0;0;0;0;0;0;0;0;0;0;0;0;0;0;0;0;0;2.670;2.670;4.817;7.487
UP.P SEP - PRUDENCIAL;1000085087;n1;S5;I;2;SAO PAULO;SP;03/2024;0;0;0;0;251;0;251;0;0;0;0;0;0;0;0;251;0;2.666;2.917;4.534;7.451
COOPERATIVA DE CRÉDITO DOS SERVIDORES DO MUNICIPIO DE SANTO ANDRÉ - SP - CECRESA;512839;b3S;S5;I;2;SANTO ANDRE;SP;03/2024;2;0;0;2.623;0;0;2.625;0;0;0;0;0;0;0;0;2.625;0;338;2.964;4.434;7.398
COOPERATIVA DE ECONOMIA E CRÉDITO MÚTUO DOS ELETRICITÁRIOS E DOS TRABALHADORES DAS EMPRESAS DO SETOR DE ENERGIA - COOPCRECE;92825397;b3S;S5;I;2;PORTO ALEGRE;RS;03/2024;54;0;0;4.478;0;0;4.532;0;0;0;0;0;0;0;0;4.532;0;506;5.038;2.343;7.382
COOPERATIVA DE ECONOMIA E CRÉDITO MÚTUO DOS EMPREGADOS DA SAINT-GOBAIN DO BRASIL PRODUTOS INDUSTRIAIS E PARA CONSTRUÇÃO - DIVISÃO VIDRO PLANO;48140925;b3S;S5;I;2;MAUA;SP;03/2024;0;0;0;0;0;0;0;0;0;0;0;0;0;0;0;0;0;663;663;6.654;7.317
COOPERATIVA DE ECONOMIA E CRÉDITO MÚTUO DOS FABRICANTES DE CALÇADOS DE SAPIRANGA LTDA.;5841967;b3S;S5;I;2;SAPIRANGA;RS;03/2024;821;0;0;1.428;0;0;2.249;0;0;0;0;0;0;0;0;2.249;0;567;2.816;4.359;7.175
COOPERATIVA DE ECONOMIA E CRÉDITO MÚTUO DOS FUNCIONÁRIOS DA OWENS CORNING FIBERGLAS AMÉRICA DO SUL;48172860;b3S;S5;I;2;RIO CLARO;SP;03/2024;0;0;0;1.097;0;0;1.097;0;0;0;0;0;0;0;0;1.097;0;310;1.407;5.628;7.035
PENTAGONO S/A DTVM - PRUDENCIAL;1000083773;n2;S5;I;2;RIO DE JANEIRO;RJ;03/2024;0;0;0;0;0;0;0;0;0;0;0;0;0;0;0;0;0;2.182;2.182;4.823;7.005
OZ CC - PRUDENCIAL;1000081892;n2;S4;I;2;SAO PAULO;SP;03/2024;0;0;0;0;0;0;0;0;0;0;0;0;0;0;0;0;0;3.962;3.962;2.971;6.933
COOPSEBRAE - COOPERATIVA DE CRÉDITO MÚTUO DOS FUNCIONÁRIOS DO SEBRAE/PB, SEBRAE/RN E SESC, SENAC E SENAR EM JOÃO PESSOA;41219353;b3S;S5;I;2;JOAO PESSOA;PB;03/2024;0;0;0;1.719;0;0;1.719;0;0;0;0;0;0;0;0;1.719;0;369;2.088;4.787;6.875
CAMBIONET CC LTDA - PRUDENCIAL;1000082286;n2;S5;I;2;PORTO ALEGRE;RS;03/2024;0;0;0;0;0;0;0;0;0;0;0;0;0;0;0;0;0;3.353;3.353;3.479;6.832
FINVEST DTVM - PRUDENCIAL;1000085544;n2;S4;C;2;SAO PAULO;SP;03/2024;0;0;0;0;1.386;0;1.386;0;0;0;0;0;0;0;0;1.386;0;292;1.678;5.048;6.726
COOPERATIVA DE ECONOMIA E CRÉDITO MÚTUO DOS EMPREGADOS DA MAGNESITA REFRATÁRIOS S.A. LTDA. - CECREM;913314;b3S;S5;I;2;CONTAGEM;MG;03/2024;0;0;0;0;0;0;0;0;0;0;0;0;0;0;0;0;0;484;484;6.198;6.682
COOPERATIVA DE CRÉDITO MÚTUO DOS FUNCIONÁRIOS DA RICLAN;6077760;b3S;S5;I;2;RIO CLARO;SP;03/2024;0;0;0;0;0;0;0;0;0;0;0;0;0;0;0;0;0;283;283;6.372;6.655
COOPERATIVA DE ECONOMIA E CRÉDITO MÚTUO DOS EMPREGADOS DA MOSAIC FERTILIZANTES DE UBERABA - COPERURA LTDA.;17607375;b3S;S5;I;2;UBERABA;MG;03/2024;0;0;0;0;0;0;0;0;0;0;0;0;0;0;0;0;0;194;194;6.399;6.593
COOPERATIVA DE ECONOMIA E CRÉDITO MÚTUO DOS FUNCIONÁRIOS DAS EMPRESAS ITAÚ;43446335;b3S;S5;I;2;OSASCO;SP;03/2024;0;0;0;0;0;0;0;0;0;0;0;0;0;0;0;0;0;562;562;6.009;6.570
COOPERATIVA DE CRÉDITO MÚTUO DOS SERVIDORES MUNICIPAIS DE BEBEDOURO - COOCRESB.;5969937;b3S;S5;I;2;BEBEDOURO;SP;03/2024;552;0;0;1.749;0;0;2.301;0;0;0;0;0;0;0;1.019;3.320;0;132;3.452;3.057;6.508
INTRA INVESTIMENTOS DTVM - PRUDENCIAL;1000084301;n2;S4;C;2;SAO PAULO;SP;03/2024;0;0;0;0;0;0;0;0;0;0;0;0;0;0;0;0;0;3.555;3.555;2.881;6.437
COOPERATIVA DE CRÉDITO DOS BANCÁRIOS DE SÃO PAULO E MUNICÍPIOS LIMÍTROFES;3422007;b3S;S5;I;2;SAO PAULO;SP;03/2024;0;0;0;3.758;0;0;3.758;0;0;0;0;0;0;0;0;3.758;0;158;3.916;2.508;6.424
ZM SCD PRUDENCIAL;1000086828;n1;S5;I;2;AGUAS LINDAS DE GOIAS;GO;03/2024;0;0;0;0;0;0;0;0;0;0;0;0;0;0;0;0;0;693;693;5.703;6.396
COOPERATIVA DE ECONOMIA E CREDITO MUTUO DOS EMPREGADOS DAS EMPRESAS DE TRANSPORTES COLETIVOS RODOVIÁRIOS DE PASSAGEIROS DO GRANDE RIO LTDA;141155;b3S;S5;I;2;SAO GONCALO;RJ;03/2024;0;0;0;0;0;0;0;0;0;0;0;0;0;0;0;0;0;730;730;5.610;6.340
COOPERATIVA DE ECONOMIA E CRÉDITO MÚTUO DOS FUNCIONÁRIOS DO GRUPO MAUÁ E EMPRESAS COLIGADAS LTDA. - COOPMAUÁ;5048575;b3S;S5;I;2;SAO GONCALO;RJ;03/2024;0;0;0;0;0;0;0;0;0;0;0;0;0;0;0;0;0;541;541;5.754;6.295
TURCAMBIO CC LTDA. - PRUDENCIAL;1000082334;n2;S5;I;2;IMBITUBA;SC;03/2024;0;0;0;0;0;0;0;0;0;0;0;0;0;0;0;0;0;1.691;1.691;4.564;6.255
ONCRED SCD - PRUDENCIAL;1000086000;n1;S5;I;2;SAO CAETANO DO SUL;SP;03/2024;0;0;0;0;0;0;0;0;0;0;0;0;0;0;0;0;0;160;160;5.989;6.149
EFX CC LTDA. - PRUDENCIAL;1000082248;n2;S4;I;2;SAO PAULO;SP;03/2024;0;0;0;0;0;0;0;0;0;0;0;0;0;0;0;0;0;1.731;1.731;4.417;6.149
TRYBE SCD - PRUDENCIAL;1000085757;n1;S5;I;2;SAO PAULO;SP;03/2024;0;0;0;0;0;0;0;0;0;0;0;0;0;0;0;0;0;82;82;6.046;6.128
COOPERATIVA DE CRÉDITO MÚTUO DOS FUNCIONÁRIOS DAS EMPRESAS FERROVIÁRIAS NO ESTADO DE SÃO PAULO;53932869;b3S;S5;I;2;OSASCO;SP;03/2024;0;0;0;0;0;0;0;0;0;0;0;0;0;0;0;0;0;106;106;5.954;6.060
WNT CAPITAL DTVM - PRUDENCIAL;1000086392;n2;S4;I;2;SAO PAULO;SP;03/2024;0;0;0;0;0;1.535;1.535;0;0;0;0;0;0;0;159;1.695;0;654;2.348;3.657;6.005
LEVYCAM CCV LTDA - PRUDENCIAL;1000082592;n2;S4;I;2;SAO PAULO;SP;03/2024;0;0;0;0;0;0;0;0;0;0;0;0;0;0;0;0;0;4.543;4.543;1.429;5.972
COOPERATIVA DE ECONOMIA E CRÉDITO MÚTUO DOS FUNCIONÁRIOS DAS EMPRESAS DO GRUPO DANA - COOPDANA;91018408;b3S;S5;I;2;GRAVATAI;RS;03/2024;0;0;0;0;0;0;0;0;0;0;0;0;0;0;0;0;0;466;466;5.487;5.953
COOPERATIVA DE ECONOMIA E CREDITO MÚTUO DOS PROFESSORES ESTADUAIS DA REGIÃO METROPOLITANA DE PORTO ALEGRE - EDUCREDI;5419025;b3S;S5;I;2;PORTO ALEGRE;RS;03/2024;0;0;0;0;0;0;0;0;0;0;0;0;0;0;0;0;0;1.253;1.253;4.644;5.897
COOPERATIVA DE ECONOMIA E CRÉDITO MÚTUO DOS EMPREGADOS DA PRODAM/SP - CREDIPRODAM;67031757;b3S;S5;I;2;SAO PAULO;SP;03/2024;0;0;0;0;0;0;0;0;0;0;0;0;0;0;0;0;0;96;96;5.783;5.879
COOPERATIVA DE CRÉDITO MÚTUO DOS EMPREGADOS DA FIAÇÃO ALPINA - COOPERALPINA;55319370;b3S;S5;I;2;MORUNGABA;SP;03/2024;0;0;0;0;0;0;0;0;0;0;0;0;0;0;0;0;0;259;259;5.589;5.848
COOPERATIVA DE ECONOMIA E CRÉDITO MÚTUO DOS FUNCIONÁRIOS DAS EMPRESAS MELHORAMENTOS DE SÃO PAULO - COOPERMEL;1504952;b3S;S5;I;2;SAO PAULO;SP;03/2024;0;0;0;0;0;0;0;0;0;0;0;0;0;0;0;0;0;542;542;5.298;5.840
COOPERATIVA DE CRÉDITO DOS EMPREGADOS DA COMPANHIA INDUSTRIAL CATAGUASES E DA BAUMINAS LTDA. - COOPECIC;19495266;b3S;S5;I;2;CATAGUASES;MG;03/2024;0;0;0;0;0;0;0;0;0;0;0;0;0;0;0;0;0;755;755;4.944;5.699
COOPERATIVA DE ECONOMIA E CRÉDITO MÚTUO DOS EMPREGADOS DAS INDÚSTRIAS UNILEVER DO BRASIL;53272365;b3S;S5;I;2;VALINHOS;SP;03/2024;0;0;0;0;0;0;0;0;0;0;0;0;0;0;0;0;0;346;346;5.334;5.680
COOPERATIVA DE ECONOMIA E CRÉDITO MÚTUO DOS FUNCIONÁRIOS DO GRUPO GERDAU - AÇOS FINOS PIRATINI;88952130;b3S;S5;I;2;CHARQUEADAS;RS;03/2024;0;0;0;0;0;0;0;0;0;0;0;0;0;0;0;0;0;640;640;4.942;5.582
COOPERATIVA DE CRÉDITO MÚTUO DOS SERVIDORES DE ÓRGAOS GESTORES DE RECURSOS HÍDRICOS DO ESTADO DE SÃO PAULO - COOPERHIDRO;53800488;b3S;S5;I;2;SAO PAULO;SP;03/2024;0;0;0;153;0;0;153;0;0;0;0;0;0;0;0;153;0;391;544;4.989;5.533
BAMAQ CAPITAL SCD - PRUDENCIAL;1000086691;n1;S5;I;2;CONTAGEM;MG;03/2024;0;0;0;0;0;0;0;0;0;0;0;0;0;0;0;0;0;92;92;5.327;5.419
COOPERATIVA DE ECONOMIA E CREDITO MUTUO DOS SERVIDORES MUNICIPAIS DO SUL FLUMINENSE LTDA.;1819799;b3S;S5;I;2;VOLTA REDONDA;RJ;03/2024;0;0;0;0;0;0;0;0;0;0;0;0;0;0;0;0;0;842;842;4.539;5.381
DGBK CREDIT SCD - PRUDENCIAL;1000086543;n1;S5;I;2;SALVADOR;BA;03/2024;0;0;0;0;0;0;0;0;0;0;0;0;0;0;0;0;0;98;98;5.280;5.378
BRX CC LTDA. - PRUDENCIAL;1000082413;n2;S4;I;2;RIO DE JANEIRO;RJ;03/2024;0;0;0;0;0;0;0;0;0;0;0;0;0;0;0;0;0;4.093;4.093;1.252;5.345
TROCKA CC  - PRUDENCIAL;1000084796;n2;S4;I;2;RIO DE JANEIRO;RJ;03/2024;0;0;0;0;0;0;0;0;0;0;0;0;0;0;0;0;0;4.123;4.123;1.199;5.322
EXECUTIVE CC LTDA. - PRUDENCIAL;1000082468;n2;S5;I;2;NOVO HAMBURGO;RS;03/2024;0;0;0;0;0;0;0;0;0;0;0;0;0;0;0;0;0;2.055;2.055;3.243;5.297
FIDD DTVM - PRUDENCIAL;1000085458;n2;S4;I;2;SAO PAULO;SP;03/2024;0;0;0;0;0;0;0;0;0;0;0;0;0;0;0;0;0;4.085;4.085;1.091;5.176
COOPERATIVA DE CRÉDITO DOS EMPREGADOS DO GRUPO AKZO NOBEL BRASIL - COOP AKZONOBEL;57996878;b3S;S5;I;2;MAUA;SP;03/2024;0;0;0;0;0;0;0;0;0;0;0;0;0;0;0;0;0;516;516;4.638;5.154
COOPERATIVA DE ECONOMIA E CRÉDITO MÚTUO DOS EMPREGADOS DA RECKITT BENCKISER;44223196;b3S;S5;I;2;SAO PAULO;SP;03/2024;0;0;0;0;0;0;0;0;0;0;0;0;0;0;0;0;0;63;63;5.073;5.135
COOPERATIVA DE CRÉDITO DOS METALÚRGICOS DO ABC - CREDABC;5740092;b3S;S5;I;2;SAO BERNARDO DO CAMPO;SP;03/2024;0;0;0;1.070;0;0;1.070;0;0;0;0;0;0;0;0;1.070;0;224;1.294;3.828;5.122
CAROL DTVM LTDA. - PRUDENCIAL;1000084095;n2;S5;I;2;SAO PAULO;SP;03/2024;0;0;0;0;0;0;0;0;0;0;0;0;0;0;0;0;0;957;957;4.164;5.121
NOVINVEST CVM LTDA - PRUDENCIAL;1000082808;n2;S4;I;2;SAO PAULO;SP;03/2024;0;0;0;0;0;0;0;0;0;0;0;0;0;0;0;0;0;2.314;2.314;2.803;5.116
ARC CORRETORA CAMBIO S.A. - PRUDENCIAL;1000082066;n2;S4;I;2;SANTOS;SP;03/2024;0;0;0;0;0;0;0;0;0;0;0;0;0;0;0;0;0;1.602;1.602;3.458;5.061
COOPERATIVA DE ECONOMIA E CRÉDITO MÚTUO DOS FUNCIONÁRIOS DAS EMPRESAS DE CERÂMICA - COOPASPACER;2541707;b3S;S5;I;2;SANTA GERTRUDES;SP;03/2024;0;0;0;829;0;0;829;0;0;0;0;0;0;0;0;829;0;233;1.062;3.949;5.011
MAG IP - PRUDENCIAL;1000086385;n4;;I;2;RIO DE JANEIRO;RJ;03/2024;0;0;0;0;988;0;988;0;0;0;0;0;0;0;0;988;0;550;1.539;3.472;5.010
GALLERIA SCD - PRUDENCIAL;1000087078;n1;S5;I;2;VOTORANTIM;SP;03/2024;0;0;0;0;0;0;0;0;0;0;0;0;0;0;0;0;0;3.992;3.992;978;4.970
PROSEFTUR CC - PRUDENCIAL;1000085795;n2;S4;I;2;JUNDIAI;SP;03/2024;0;0;0;0;0;0;0;0;0;0;0;0;0;0;0;0;0;4.250;4.250;675;4.925
ATF CREDIT SCD - PRUDENCIAL;1000085915;n1;S5;I;2;PORTO ALEGRE;RS;03/2024;0;0;0;0;1.539;0;1.539;0;0;0;0;0;0;0;0;1.539;0;66;1.605;3.286;4.892
EXIM CC LTDA - PRUDENCIAL;1000082217;n2;S4;I;2;PORTO ALEGRE;RS;03/2024;0;0;0;0;0;0;0;0;0;0;0;0;0;0;0;0;0;3.446;3.446;1.410;4.856
MUNDINVEST S.A. - CCVM - PRUDENCIAL;1000082774;n2;S4;I;2;BELO HORIZONTE;MG;03/2024;0;0;0;0;0;0;0;0;0;0;0;0;0;0;0;0;0;186;186;4.654;4.839
FONTECRED SCD - PRUDENCIAL;1000084954;n1;S5;I;2;LAGOA DA PRATA;MG;03/2024;0;0;0;0;0;0;0;0;0;0;0;0;0;0;0;0;0;1.799;1.799;3.036;4.835
COOPERATIVA DE ECONOMIA E CREDITO MUTUO DOS SERVIDORES PUBLICOS MUNICIPAIS DE PORTO ALEGRE;3990888;b3S;S5;I;2;PORTO ALEGRE;RS;03/2024;0;0;0;57;0;0;57;0;0;0;0;0;0;0;0;57;0;791;848;3.937;4.785
DASCAM CC LTDA - PRUDENCIAL;1000081964;n2;S5;I;2;SAO PAULO;SP;03/2024;0;0;0;0;0;0;0;0;0;0;0;0;0;0;0;0;0;1.395;1.395;3.242;4.637
SOCRED S.A. SCM - PRUDENCIAL;1000083247;n1;S5;I;2;BELEM;PA;03/2024;0;0;0;0;0;0;0;0;0;0;0;0;0;0;628;628;0;306;934;3.670;4.604
COOPERATIVA DE ECONOMIA E CRÉDITO MÚTUO DOS FUNCIONÁRIOS DA SELENE;72952138;b3S;S5;I;2;CERQUILHO;SP;03/2024;0;0;0;0;0;0;0;0;0;0;0;0;0;0;0;0;0;197;197;4.384;4.581
COOPERATIVA DE ECONOMIA E CRÉDITO MÚTUO DOS SERVIDORES DA UNESP - COOPUNESP;69136075;b3S;S5;I;2;RIO CLARO;SP;03/2024;0;0;0;737;0;0;737;0;0;0;0;0;0;0;0;737;0;197;934;3.641;4.576
BR-CAPITAL DTVM S.A. - PRUDENCIAL;1000083814;n2;S4;C;2;SAO PAULO;SP;03/2024;0;0;0;0;0;0;0;0;0;0;0;0;0;0;0;0;0;591;591;3.925;4.515
FOR YOU SCD - PRUDENCIAL;1000086165;n1;S5;I;2;GOIANIA;GO;03/2024;0;0;0;0;0;0;0;0;0;0;0;0;0;0;0;0;0;4.916;4.916;-454;4.462
GLOBAL SCM LTDA - PRUDENCIAL;1000083278;n1;S5;I;2;AMERICANA;SP;03/2024;0;0;0;0;1.998;0;1.998;0;0;0;0;0;0;0;115;2.113;0;110;2.223;2.237;4.460
GDC PART SERV FIDUC DTVM LTDA - PRUDENCIAL;1000084208;n2;S5;I;2;RIO DE JANEIRO;RJ;03/2024;0;0;0;0;0;0;0;0;0;0;0;0;0;0;0;0;0;2.671;2.671;1.767;4.438
COOPERATIVA DE ECONOMIA E CRÉDITO MÚTUO DOS EMPREGADOS DE KYN COMÉRCIO VAREJISTA E ATACADISTA - COOPER KYN;2230138;b3S;S5;I;2;JUNDIAI;SP;03/2024;0;0;0;0;0;0;0;0;0;0;0;0;0;0;0;0;0;375;375;4.020;4.395
COOPERATIVA DE ECONOMIA E CRÉDITO MÚTUO DOS EMPREGADOS DA CNC, SESC E SENAC ADMINISTRAÇÕES NACIONAIS LTDA.;30304919;b3S;S5;I;2;RIO DE JANEIRO;RJ;03/2024;0;0;0;0;0;0;0;0;0;0;0;0;0;0;0;0;0;243;243;4.108;4.352
SOLFÁCIL SCD - PRUDENCIAL;1000086440;n1;S5;I;2;SAO PAULO;SP;03/2024;0;0;0;0;0;0;0;0;0;0;0;0;0;0;0;0;0;1.375;1.375;2.947;4.322
COOPESTADO - COOPERATIVA DE ECONOMIA E CRÉDITO MÚTUO DOS SERVIDORES PÚBLICOS NA REGIÃO METROPOLITANA DO ESTADO DO RIO DE JANEIRO LIMITADA;4995006;b3S;S5;I;2;RIO DE JANEIRO;RJ;03/2024;0;0;0;0;0;0;0;0;0;0;0;0;0;0;0;0;0;611;611;3.697;4.309
CASA CREDITO S.A. SCM - PRUDENCIAL;1000083175;n1;S5;I;2;SAO PAULO;SP;03/2024;0;0;0;0;736;0;736;0;0;0;0;0;0;0;0;736;0;838;1.574;2.630;4.204
COOPERATIVA DE CRÉDITO MÚTUO DOS FUNCIONÁRIOS DA FIEP, SESI, SENAI, IEL E DO CONDOMÍNIO EDIFÍCIO AGOSTINHO VELLOSO DA SILVEIRA (CEAVS  - CREDFISP LTDA.;5747018;b3S;S5;I;2;CAMPINA GRANDE;PB;03/2024;0;0;0;0;0;0;0;0;0;0;0;0;0;0;0;0;0;408;408;3.776;4.183
COOPERATIVA DE ECONOMIA E CREDITO MUTUO DOS EMPREGADOS DOS LABORATORIOS B.BRAUN LTDA;30586895;b3S;S5;I;2;SAO GONCALO;RJ;03/2024;0;0;0;0;0;0;0;0;0;0;0;0;0;0;0;0;0;136;136;3.996;4.132
BANSUR JM SCD - PRUDENCIAL;1000085812;n1;S5;I;2;BELO HORIZONTE;MG;03/2024;0;0;0;0;0;0;0;0;0;0;0;0;0;0;0;0;0;191;191;3.937;4.128
LEND SCD - PRUDENCIAL;1000085276;n1;S5;C;2;SAO PAULO;SP;03/2024;0;0;0;0;1.270;0;1.270;0;0;0;0;0;0;0;0;1.270;0;585;1.855;2.222;4.078
SER FINANCE SCD - PRUDENCIAL;1000086378;n1;S5;I;2;RECIFE;PE;03/2024;0;0;0;0;0;0;0;0;0;0;0;0;0;0;0;0;0;326;326;3.723;4.049
NEXOOS SEP - PRUDENCIAL;1000084947;n1;S5;I;2;SAO PAULO;SP;03/2024;0;0;0;0;0;0;0;0;0;0;0;0;0;0;0;0;0;2.594;2.594;1.396;3.990
COOPERATIVA DE ECONOMIA E CRÉDITO MÚTUO DOS COLABORADORES DA COOPEDER LTDA - COOPCREDER;21130869;b3S;S5;I;2;BELO HORIZONTE;MG;03/2024;0;0;0;0;0;0;0;0;0;0;0;0;0;0;0;0;0;684;684;3.194;3.878
CREDIFIT SCD - PRUDENCIAL;1000085465;n1;S5;I;2;SALVADOR;BA;03/2024;0;0;0;0;781;0;781;0;0;0;0;0;0;0;0;781;0;397;1.179;2.698;3.876
PALMA SCD - PRUDENCIAL;1000086873;n1;S5;I;2;SAO PAULO;SP;03/2024;0;0;0;0;0;0;0;0;0;0;0;0;0;0;0;0;0;22;22;3.847;3.868
DAUX SCD - PRUDENCIAL;1000084992;n1;S5;I;2;LINS;SP;03/2024;0;0;0;0;0;0;0;0;0;0;0;0;0;0;0;0;0;131;131;3.726;3.858
ZIPDIN SCD - PRUDENCIAL;1000085221;n1;S5;I;2;SAO PAULO;SP;03/2024;0;0;0;0;0;0;0;0;0;0;0;0;0;0;0;0;0;2.684;2.684;1.132;3.816
COOPERATIVA DE ECONOMIA E CREDITO MUTUO DOS EMPREGADOS DE ESTABELECIMENTOS HOSPITALARES DO SUL DO ESTADO DO ESPIRITO SANTO - SULCRED;31746993;b3S;S5;I;2;CACHOEIRO DE ITAPEMIRIM;ES;03/2024;0;0;0;0;0;0;0;0;0;0;0;0;0;0;0;0;0;107;107;3.660;3.767
MOVILEPAY SCD - PRUDENCIAL;1000086990;n1;S5;I;3;OSASCO;SP;03/2024;0;0;0;0;0;0;0;0;0;0;0;0;0;0;0;0;0;59;59;3.665;3.725
COOPERATIVA DE ECONOMIA E CRÉDITO MÚTUO DOS EMPREGADOS DAS EMPRESAS SIDERÚRGICAS, METALÚRGICAS E ELETRO-MECÂNICAS DE JOÃO MONLEVADE LTDA. - CREDIBELGO;24235459;b3S;S5;I;2;JOAO MONLEVADE;MG;03/2024;0;0;0;170;0;0;170;0;0;0;0;0;0;0;0;170;0;183;353;3.357;3.710
RED SCD - PRUDENCIAL;1000086316;n1;S5;I;2;SAO PAULO;SP;03/2024;0;0;0;0;0;0;0;0;0;0;0;0;0;0;0;0;0;674;674;3.032;3.707
COOPERATIVA DE ECONOMIA E CRÉDITO MUTUO DOS FUNCIONÁRIOS DE INSTITUIÇÕES FINANCEIRAS PUBLICAS E PRIVADAS NO TERRITÓRIO NACIONAL - CREDBRASIL;2869663;b3S;S5;I;2;VITORIA;ES;03/2024;0;0;0;0;0;0;0;0;0;0;0;0;0;0;0;0;0;699;699;2.982;3.680
RV2 SEP - PRUDENCIAL;1000086976;n1;S5;I;2;FORTALEZA;CE;03/2024;0;0;0;0;0;0;0;0;0;0;0;0;0;0;0;0;0;306;306;3.371;3.677
COOPERATIVA DE ECONOMIA E CRÉDITO MÚTUO DOS FUNCIONÁRIOS DA EDUCAÇÃO E COMUNICAÇÃO;43438662;b3S;S5;I;2;SAO PAULO;SP;03/2024;0;0;0;0;0;0;0;0;0;0;0;0;0;0;0;0;0;721;721;2.948;3.668
SADOC CC - PRUDENCIAL;1000084758;n2;S5;I;2;FORTALEZA;CE;03/2024;0;0;0;0;0;0;0;0;0;0;0;0;0;0;0;0;0;1.358;1.358;2.287;3.645
COOPERATIVA DE ECONOMIA E CREDITO MUTUO DOS FUNCIONARIOS DO EXPRESSO PRINCESA DOS CAMPOS;1551820;b3S;S5;I;2;PONTA GROSSA;PR;03/2024;0;0;0;0;0;0;0;0;0;0;0;0;0;0;0;0;0;38;38;3.573;3.611
COOPERATIVA DE ECONOMIA E CRÉDITO MÚTUO DOS EMPREGADOS DA JOYSON SAFETY SYSTEMS - COOPERJSS;47944277;b3S;S5;I;2;JUNDIAI;SP;03/2024;0;0;0;0;0;0;0;0;0;0;0;0;0;0;1.166;1.166;0;1.112;2.278;1.323;3.601
HR DIGITAL SCD - PRUDENCIAL;1000085908;n1;S5;I;2;BRASILIA;DF;03/2024;0;0;0;0;476;0;476;0;0;0;0;0;0;0;0;476;0;292;768;2.820;3.588
COOPERATIVA DE ECONOMIA E CREDITO MUTUO DOS SERVIDORES DA ASCAR/EMATER-RS LTDA-CRESAL;90278987;b3S;S5;I;2;PORTO ALEGRE;RS;03/2024;0;0;0;338;0;0;338;0;0;0;0;0;0;0;0;338;0;207;545;2.980;3.526
COOPERATIVA DE ECONOMIA E CRÉDITO MÚTUO DOS FUNCIONÁRIOS DA ACUMENT BRASIL;45068632;b3S;S5;I;2;ATIBAIA;SP;03/2024;0;0;0;0;0;0;0;0;0;0;0;0;0;0;0;0;0;230;230;3.245;3.476
COOPERATIVA DE ECONOMIA E CRÉDITO MÚTUO DOS EMPREGADOS DAS EMPRESAS PLASCAR;17411307;b3S;S5;I;2;JUNDIAI;SP;03/2024;0;0;0;0;0;0;0;0;0;0;0;0;0;0;0;0;0;409;409;2.999;3.408
COOPERATIVA DE ECONOMIA E CRÉDITO MÚTUO DOS EMPREGADOS DA EMPRESA SUPERMERCADOS JAU SERVE - COOPERJS;3400651;b3S;S5;I;2;JAU;SP;03/2024;0;0;0;0;0;0;0;0;0;0;0;0;0;0;0;0;0;98;98;3.296;3.394
TRIO IP - PRUDENCIAL;1000087432;n4;;I;2;CURITIBA;PR;03/2024;0;0;0;0;0;0;0;0;0;0;0;0;0;0;0;0;0;167;167;3.226;3.393
ATICCA SCD PRUDENCIAL;1000085946;n1;S5;I;2;ARARAQUARA;SP;03/2024;0;0;0;0;0;0;0;0;0;0;0;0;0;0;0;0;0;133;133;3.235;3.368
COOPERATIVA DE ECONOMIA E CRÉDITO MÚTUO DOS FUNCIONÁRIOS DO GRUPO SUGGAR LTDA.;548980;b3S;S5;I;2;BELO HORIZONTE;MG;03/2024;0;0;0;0;0;0;0;0;0;0;0;0;0;0;0;0;0;159;159;3.199;3.358
COOPERATIVA DE ECONOMIA E CREDITO MUTUO DOS SERVIDORES DA UERJ LTDA. - COOPUERJ;28885036;b3S;S5;I;2;RIO DE JANEIRO;RJ;03/2024;0;0;0;0;0;0;0;0;0;0;0;0;0;0;0;0;0;358;358;2.943;3.301
COOPERATIVA DE CRÉDITO MÚTUO DOS EMPREGADOS EM INSTITUIÇÕES DO SISTEMA FINANCEIRO NAS REGIÕES DE SÃO PAULO E CAMPINAS (SP) - CREDISCOOP;3674133;b3S;S5;I;2;SAO PAULO;SP;03/2024;5;0;0;1.460;0;0;1.465;0;0;0;0;0;0;0;0;1.465;0;187;1.652;1.647;3.299
NUMBRS SCD - PRUDENCIAL;1000085410;n1;S5;I;2;SAO PAULO;SP;03/2024;0;0;0;0;1;0;1;0;0;0;0;0;0;0;0;1;0;8;9;3.252;3.260
COOPERATIVA DE ECONOMIA E CRÉDITO MÚTUO DOS FUNCIONÁRIOS DA USINA SANTA MARIA - PILONCRED;1107759;b3S;S5;I;2;CERQUILHO;SP;03/2024;0;0;0;0;0;0;0;0;0;0;0;0;0;0;0;0;0;175;175;3.073;3.248
QUADRA SCD - PRUDENCIAL;1000086646;n1;S5;I;2;SAO PAULO;SP;03/2024;0;0;0;0;0;0;0;0;0;0;0;0;0;0;0;0;0;551;551;2.683;3.233
GLOBAL INV SERVICES DTVM - PRUDENCIAL;1000086859;n2;S4;I;2;SAO PAULO;SP;03/2024;0;0;0;0;0;0;0;0;0;0;0;0;0;0;0;0;0;213;213;3.006;3.219
A55 SCD - PRUDENCIAL;1000086512;n1;S5;I;2;SAO PAULO;SP;03/2024;0;0;0;0;0;0;0;0;0;0;0;0;0;0;0;0;0;72;72;3.101;3.174
COOPERATIVA DE ECONOMIA E CRÉDITO MÚTUO DOS FUNCIONÁRIOS DA NAKATA;9128022;b3S;S5;I;2;OSASCO;SP;03/2024;0;0;0;0;0;0;0;0;0;0;0;0;0;0;0;0;0;38;38;3.110;3.148
DAPPER SCD - PRUDENCIAL;1000086402;n1;S5;I;2;BLUMENAU;SC;03/2024;0;0;0;0;0;0;0;0;0;0;0;0;0;0;0;0;0;91;91;3.026;3.118
MAGNUM SCD - PRUDENCIAL;1000085984;n1;S5;I;2;SAO PAULO;SP;03/2024;0;0;0;0;1.070;0;1.070;0;0;0;0;0;0;0;0;1.070;0;2.026;3.096;-37;3.059
COOPERATIVA DE ECONOMIA E CRÉDITO MÚTUO DOS EMPREGADOS DA JOLIMODE ROUPAS E EMPRESAS COLIGADAS LTDA;28244622;b3S;S5;I;2;RIO DE JANEIRO;RJ;03/2024;0;0;0;0;0;0;0;0;0;0;0;0;0;0;0;0;0;247;247;2.808;3.055
MOMENTO DTVM LTDA. - PRUDENCIAL;1000084181;n2;S4;I;2;RIO DE JANEIRO;RJ;03/2024;0;0;0;0;0;0;0;0;0;0;0;0;0;0;0;0;0;427;427;2.472;2.899
COOPSERJ - COOPERATIVA DE CRÉDITO MÚTUO DOS SERVIDORES PÚBLICOS DO PODER EXECUTIVO DO ESTADO DO RIO DE JANEIRO LTDA.;2723075;b3S;S5;I;2;RIO DE JANEIRO;RJ;03/2024;0;0;0;0;0;0;0;0;0;0;0;0;0;0;0;0;0;800;800;2.096;2.896
COOPERATIVA DE ECONOMIA E CRÉDITO MÚTUO DOS EMPREGADOS DA BECTON DICKINSON INDÚSTRIAS CIRÚRGICAS LTDA., LTDA.;21597133;b3S;S5;I;2;JUIZ DE FORA;MG;03/2024;0;0;0;0;0;0;0;0;0;0;0;0;0;0;0;0;0;344;344;2.549;2.893
DATANOMIK BRASIL IP - PRUDENCIAL;1000087470;n4;;I;3;SAO PAULO;SP;03/2024;0;0;0;0;0;0;0;0;0;0;0;0;0;0;0;0;0;2.593;2.593;286;2.880
COOPERATIVA DE ECONOMIA E CRÉDITO MÚTUO DOS FUNCIONÁRIOS DO PODER JUDICIÁRIO E SERVIDORES PÚBLICOS DO ESTADO DE SÃO PAULO - SPCRED;7651495;b3S;S5;I;2;SAO PAULO;SP;03/2024;0;0;0;217;0;0;217;0;0;0;0;0;0;0;0;217;0;944;1.162;1.697;2.858
COOPERATIVA DE CRÉDITO DOS EMPREGADOS DAS EMPRESAS DO GRUPO INDORAMA NO BRASIL;62605290;b3S;S5;I;2;POCOS DE CALDAS;MG;03/2024;0;0;0;0;0;0;0;0;0;0;0;0;0;0;0;0;0;127;127;2.701;2.828
INTEGRAL ACCESS DTVM - PRUDENCIAL;1000085049;n2;S4;I;2;SAO PAULO;SP;03/2024;0;0;0;0;0;0;0;0;0;0;0;0;0;0;0;0;0;342;342;2.451;2.793
INCO SEP - PRUDENCIAL;1000086086;n1;S5;I;2;SAO PAULO;SP;03/2024;0;0;0;0;0;0;0;0;0;0;0;0;0;0;0;0;0;1.488;1.488;1.274;2.762
PACIFIC INVEST DTVM LTDA - PRUDENCIAL;1000084143;n2;S4;I;2;JOACABA;SC;03/2024;0;0;0;0;0;0;0;0;0;0;0;0;0;0;0;0;0;838;838;1.910;2.748
BIZCAPITAL SCD - PRUDENCIAL;1000086103;n1;S5;I;2;RIO DE JANEIRO;RJ;03/2024;0;0;0;0;0;0;0;0;0;0;0;0;0;0;0;0;0;870;870;1.866;2.736
COOPERATIVA DE ECONOMIA E CREDITO MUTUO DOS FUNCIONARIOS DA VIACAO NOSSA SENHORA DO AMPARO LTDA. - COPERFAMP;2192115;b3S;S5;I;2;MARICA;RJ;03/2024;0;0;0;0;0;0;0;0;0;0;0;0;0;0;0;0;0;235;235;2.481;2.716
HR SCMEPP LTDA. - PRUDENCIAL;1000084411;n1;S5;I;2;MACEIO;AL;03/2024;0;0;0;0;0;0;0;0;0;0;0;0;0;0;0;0;0;36;36;2.611;2.647
GOOD CC - PRUDENCIAL;1000084521;n2;S5;I;2;PORTO ALEGRE;RS;03/2024;0;0;0;0;0;0;0;0;0;0;0;0;0;0;0;0;0;428;428;2.200;2.628
COOPERATIVA DE ECONOMIA E CREDITO MUTUO DOS FUNCIONARIOS DA GKN DO BRASIL LTDA;5331882;b3S;S5;I;2;PORTO ALEGRE;RS;03/2024;0;0;0;0;0;0;0;0;0;0;0;0;0;0;0;0;0;127;127;2.484;2.611
CONECTA CC LTDA - PRUDENCIAL;1000082406;n2;S5;I;2;SALVADOR;BA;03/2024;0;0;0;0;0;0;0;0;0;0;0;0;0;0;0;0;0;1.920;1.920;688;2.608
COOPERATIVA DE ECONOMIA E CRÉDITO MÚTUO DOS EMPREGADOS DA PONTIFÍCIA UNIVERSIDADE CATÓLICA DO RIO DE JANEIRO E EMPREGADOS EM ESTABELECIMENTOS PRIVADOS DE ENSINO DO MUNICÍPIO DO RIO DE JANEIRO LTDA.;42445122;b3S;S5;I;2;RIO DE JANEIRO;RJ;03/2024;0;0;0;0;0;0;0;0;0;0;0;0;0;0;0;0;0;1.111;1.111;1.475;2.586
SBCASH SCD PRUDENCIAL;1000085661;n1;S5;I;2;SAO PAULO;SP;03/2024;0;0;0;0;687;0;687;0;0;0;0;0;0;0;0;687;0;222;908;1.644;2.552
LIMINE TRUST DTVM  - PRUDENCIAL;1000084617;n2;S4;I;2;SAO PAULO;SP;03/2024;0;0;0;0;0;0;0;0;0;0;0;0;0;0;0;0;0;836;836;1.698;2.535
COOPERATIVA DE ECONOMIA E CREDITO MUTUO DOS SERVIDORES DO COLEGIO PEDRO II;2910387;b3S;S5;I;2;RIO DE JANEIRO;RJ;03/2024;0;0;0;0;0;0;0;0;0;0;0;0;0;0;0;0;0;140;140;2.355;2.495
PÓLOCRED SCMEPP LTDA. - PRUDENCIAL;1000083106;n1;S5;I;2;FLORIANOPOLIS;SC;03/2024;0;0;0;0;0;0;0;0;0;0;0;0;0;0;0;0;0;1.378;1.378;1.100;2.478
NUMATUR CC LTDA - PRUDENCIAL;1000082451;n2;S5;I;2;SAO PAULO;SP;03/2024;0;0;0;0;0;0;0;0;0;0;0;0;0;0;0;0;0;41;41;2.407;2.448
COOPERATIVA DE ECONOMIA E CRÉDITO MÚTUO DOS EMPREGADOS DO SEBRAE BAHIA LTDA.;5658367;b3S;S5;I;2;SALVADOR;BA;03/2024;0;0;0;0;0;0;0;0;0;0;0;0;0;0;0;0;0;43;43;2.353;2.396
FACILICRED SCM LTDA - PRUDENCIAL;1000083041;n1;S5;I;2;LEOPOLDINA;MG;03/2024;0;0;0;0;0;0;0;0;0;0;0;0;0;0;0;0;0;323;323;2.060;2.384
COOPERATIVA DE CRÉDITO DOS FUNCIONÁRIOS DA PERPART, DO IPA E DA ADAGRO - COOPEMATER;11356599;b3S;S5;I;2;RECIFE;PE;03/2024;0;0;0;0;0;0;0;0;0;0;0;0;0;0;0;0;0;129;129;2.218;2.347
COOPERATIVA DE ECONOMIA E CRÉDITO MÚTUO DOS EMPREGADOS DO GRUPO PARAMOUNT;88183173;b3S;S5;I;2;SAPUCAIA DO SUL;RS;03/2024;0;0;0;0;0;0;0;0;0;0;0;0;0;0;0;0;0;91;91;2.242;2.333
MÉRITO DTVM - PRUDENCIAL;1000085874;n2;S4;I;2;SAO PAULO;SP;03/2024;0;0;0;0;0;218;218;0;0;0;0;0;0;0;0;218;0;90;308;2.022;2.330
CREDPAR SCD - PRUDENCIAL;1000086550;n1;S5;I;2;UBERLANDIA;MG;03/2024;0;0;0;0;0;0;0;0;0;0;0;0;0;0;0;0;0;1.094;1.094;1.230;2.324
FRIDAY IP - PRUDENCIAL;1000086062;n4;;I;2;RIO DE JANEIRO;RJ;03/2024;0;0;0;0;0;0;0;0;0;0;0;0;0;0;0;0;0;20;20;2.289;2.310
COOPERATIVA DE ECONOMIA E CREDITO MUTUO DOS TRABALHADORES EM CONSELHOS DE FISCALIZACAO PROFISSIONAL NO MUNICIPIO DO RIO DE JANEIRO LTDA.;2850075;b3S;S5;I;2;RIO DE JANEIRO;RJ;03/2024;0;0;0;0;0;0;0;0;0;0;0;0;0;0;0;0;0;336;336;1.965;2.301
ALL IN CRED SCD - PRUDENCIAL;1000087085;n1;S5;I;2;SAO PAULO;SP;03/2024;0;0;0;0;0;0;0;0;0;0;0;0;0;0;0;0;0;14;15;2.273;2.288
BRCARD SCD - PRUDENCIAL;1000085159;n1;S5;I;2;CALDAS NOVAS;GO;03/2024;0;0;0;0;0;0;0;0;0;0;0;0;0;0;0;0;0;167;167;2.104;2.271
TRANSFERO IP - PRUDENCIAL;1000087236;n4;;I;2;RIO DE JANEIRO;RJ;03/2024;0;0;0;0;0;0;0;0;0;0;0;0;0;0;0;0;0;151;151;2.119;2.270
CORPORE SCD - PRUDENCIAL;1000083216;n1;S5;I;2;DOURADOS;MS;03/2024;0;0;0;0;0;0;0;0;0;0;0;0;0;0;0;0;0;70;70;2.146;2.216
AVS CORRETORA DE CÂMBIO LTDA - PRUDENCIAL;1000084590;n2;S5;I;2;CURITIBA;PR;03/2024;0;0;0;0;0;0;0;0;0;0;0;0;0;0;0;0;0;412;412;1.797;2.209
BARU SCD - PRUDENCIAL;1000085805;n1;S5;I;2;PORTO ALEGRE;RS;03/2024;0;0;0;0;0;0;0;0;0;0;0;0;0;0;0;0;0;290;290;1.892;2.182
EUROINVEST S/A CCTVM - PRUDENCIAL;1000082781;n2;S4;I;2;RIO DE JANEIRO;RJ;03/2024;0;0;0;0;0;0;0;0;0;0;0;0;0;0;0;0;0;273;273;1.867;2.139
COOPERATIVA DE ECONOMIA E CRÉDITO MÚTUO SERVIDORES PÚBLICOS ATIVOS, INATIVOS E PENSIONISTAS DA ADMINISTRAÇÃO DIRETA, INDIRETA E ASSEMBLÉIA LEGISLATIVA DO ESTADO DO RIO GRANDE SUL - COOPSERGS;5591437;b3S;S5;I;2;PORTO ALEGRE;RS;03/2024;0;0;0;0;0;0;0;0;0;0;0;0;0;0;0;0;0;1.707;1.707;423;2.129
COOPERATIVA DE CRÉDITO DOS EMPREGADOS DA CBA ITAPISSUMA E EMPREGADOS DE EMPRESAS PRESTADORA DE SERVIÇOS INDUSTRIAIS, NO ESTADO DE PERNAMBUCO - CREDCOOPE;8931800;b3S;S5;I;2;ITAPISSUMA;PE;03/2024;0;0;0;0;0;0;0;0;0;0;0;0;0;0;0;0;0;96;96;2.028;2.125
SETHI SCD - PRUDENCIAL;1000087016;n1;S5;I;2;FLORIANOPOLIS;SC;03/2024;0;0;0;0;0;0;0;0;0;0;0;0;0;0;0;0;0;13;13;2.082;2.095
BRCONDOS SCD - PRUDENCIAL;1000086921;n1;S5;I;2;JOINVILLE;SC;03/2024;0;0;0;0;0;0;0;0;0;0;0;0;0;0;0;0;0;7;7;2.047;2.054
MONETARIE SCD - PRUDENCIAL;1000085991;n1;S5;I;2;PORTO ALEGRE;RS;03/2024;0;0;0;0;473;0;473;0;0;0;0;0;0;0;0;473;0;422;894;1.110;2.004
FINANCRED SCMEPP LTDA. - PRUDENCIAL;1000084679;n1;S5;I;2;CAMPO GRANDE;MS;03/2024;0;0;0;0;0;0;0;0;0;0;0;0;0;0;0;0;0;81;81;1.919;2.000
COOPERATIVA DE ECONOMIA E CRÉDITO MÚTUO DOS EMPREGADOS DA PROLEC GE BRASIL TRANSMISSÃO DE ENERGIA S.A.;88043187;b3S;S5;I;2;CANOAS;RS;03/2024;0;0;0;390;0;0;390;0;0;0;0;0;0;0;0;390;0;54;444;1.506;1.950
STARCRED SCD - PRUDENCIAL;1000085032;n1;S5;I;2;TAQUARA;RS;03/2024;0;0;0;0;0;0;0;0;0;0;0;0;0;0;0;0;0;29;29;1.880;1.909
NUMBER ONE SCC LTDA. - PRUDENCIAL;1000081988;n2;S5;I;2;RIO DE JANEIRO;RJ;03/2024;0;0;0;0;0;0;0;0;0;0;0;0;0;0;0;0;0;738;738;1.168;1.906
GIRO SCD - PRUDENCIAL;1000085496;n1;S5;I;2;CURITIBA;PR;03/2024;0;0;0;0;0;0;0;0;0;0;0;0;0;0;0;0;0;386;386;1.509;1.896
DEBONI DTVM LTDA - PRUDENCIAL;1000084150;n2;S4;I;2;CURITIBA;PR;03/2024;0;0;0;0;0;0;0;0;0;0;0;0;0;0;0;0;0;841;841;1.023;1.864
COOPERATIVA DE ECONOMIA E CRÉDITO MÚTUO DOS EMPREGADOS DAS EMPRESAS SOMART LTDA.;129753;b3S;S5;I;2;URUCANIA;MG;03/2024;0;0;0;0;0;0;0;0;0;0;0;0;0;0;0;0;0;306;306;1.548;1.854
LAMARA SCD - PRUDENCIAL;1000084394;n1;S5;I;2;FORTALEZA;CE;03/2024;0;0;0;0;0;0;0;0;0;0;0;0;0;0;0;0;0;264;264;1.577;1.841
LUMINA CC - PRUDENCIAL;1000082310;n2;S5;I;2;SALVADOR;BA;03/2024;0;0;0;0;0;0;0;0;0;0;0;0;0;0;0;0;0;222;222;1.602;1.824
COOPERATIVA DE ECONOMIA E CRÉDITO MÚTUO DOS EMPREGADOS DA FUNDAÇÃO ARTHUR BERNARDES LTDA. - COOFAB;2738981;b3S;S5;I;2;VICOSA;MG;03/2024;0;0;0;0;0;0;0;0;0;0;0;0;0;0;0;0;0;205;205;1.616;1.821
COOPERATIVA DE CRÉDITO MÚTUO DOS EMPREGADOS EM EMPRESAS ADMINISTRADORAS DE AEROPORTOS - AEROCRED;5292849;b3S;S5;I;2;GUARULHOS;SP;03/2024;0;0;0;0;0;0;0;0;0;0;0;0;0;0;0;0;0;66;66;1.727;1.793
COOPERATIVA DE CRÉDITO E INVESTIMENTO UNINDÚSTRIA;53841911;b3S;S5;I;2;CONCORDIA;SC;03/2024;0;0;0;0;0;0;0;0;0;0;0;0;0;0;0;0;0;32;32;1.735;1.767
COOPERATIVA DE CRÉDITO MÚTUO DOS SERVIDORES PÚBLICOS MUNICIPAIS DE JABOTICABAL - COOPERSERV;881829;b3S;S5;I;2;JABOTICABAL;SP;03/2024;0;0;0;0;0;0;0;0;0;0;0;0;0;0;0;0;0;288;288;1.474;1.762
ACTUAL DTVM - PRUDENCIAL;1000087243;n2;S4;I;2;BELO HORIZONTE;MG;03/2024;0;0;0;0;0;0;0;0;0;0;0;0;0;0;0;0;0;0;0;1.761;1.761
CUMBUCA IP - PRUDENCIAL;1000086866;n4;;I;2;SAO PAULO;SP;03/2024;0;0;0;0;0;0;0;0;0;0;0;0;0;0;0;0;0;45;45;1.716;1.761
CONSEGTUR CC - PRUDENCIAL;1000082303;n2;S4;I;2;SAO PAULO;SP;03/2024;0;0;0;0;0;0;0;0;0;0;0;0;0;0;0;0;0;1.262;1.262;494;1.756
AMAZÔNIA CC LTDA. - PRUDENCIAL;1000082365;n2;S4;I;2;MANAUS;AM;03/2024;0;0;0;0;0;0;0;0;0;0;0;0;0;0;0;0;0;117;117;1.627;1.744
FINLEV SCD PRUDENCIAL;1000085850;n1;S5;I;2;BELEM;PA;03/2024;0;0;0;0;0;0;0;0;0;0;0;0;0;0;0;0;0;495;495;1.215;1.710
COOPERATIVA DE CRÉDITO MÚTUO DOS TRABALHADORES DO SISTEMA FINANCEIRO DE CURITIBA E REGIÃO - COOPCREFI;6942423;b3S;S5;I;2;CURITIBA;PR;03/2024;0;0;0;0;0;0;0;0;0;0;0;0;0;0;0;0;0;62;62;1.639;1.701
ATLANTA SCM LTDA - PRUDENCIAL;1000083034;n1;S5;I;2;PASSOS;MG;03/2024;0;0;0;0;0;0;0;0;0;0;0;0;0;0;0;0;0;17;17;1.614;1.630
COOPERATIVA DE ECONOMIA E CRÉDITO MÚTUO DOS EMPREGADOS DAS EMPRESAS DE DIVERSÕES DO ESTADO DE SÃO PAULO;68314921;b3S;S5;I;2;SAO PAULO;SP;03/2024;0;0;0;0;0;0;0;0;0;0;0;0;0;0;0;0;0;183;183;1.443;1.626
GREEN ALTERNATIVE INVESTMENTS DTVM - PRUDENCIAL;1000085568;n2;S4;I;2;SAO PAULO;SP;03/2024;0;0;0;0;0;0;0;0;0;0;0;0;0;0;0;0;0;185;185;1.426;1.611
PEAK SEP - PRUDENCIAL;1000085881;n1;S5;I;2;SAO PAULO;SP;03/2024;0;0;0;0;0;0;0;0;0;0;0;0;0;0;0;0;0;608;608;989;1.597
FALCON DTVM PRUDENCIAL;1000086952;n2;S4;I;2;CURITIBA;PR;03/2024;0;0;0;0;0;0;0;0;0;0;0;0;0;0;0;0;0;5;5;1.571;1.576
QUEROCRED SCD - PRUDENCIAL;1000086615;n1;S5;I;2;CANOAS;RS;03/2024;0;0;0;0;0;0;0;0;0;0;0;0;0;0;0;0;0;28;28;1.530;1.559
COOPERATIVA DE ECONOMIA E CRÉDITO MÚTUO DOS SERVIDORES DA POLÍCIA MILITAR DO ESTADO DE SÃO PAULO DA REGIÃO CENTRO-OESTE PAULISTA - CREDMIL;4152107;b3S;S5;I;2;BAURU;SP;03/2024;0;0;0;0;0;0;0;0;0;0;0;0;0;0;0;0;0;416;416;1.129;1.545
ICARO CC LTDA - PRUDENCIAL;1000082190;n2;S5;I;2;CURITIBA;PR;03/2024;0;0;0;0;0;0;0;0;0;0;0;0;0;0;0;0;0;307;307;1.232;1.539
VNK SCMEPP - PRUDENCIAL;1000084404;n1;S5;I;2;FORTALEZA;CE;03/2024;0;0;0;0;0;0;0;0;0;0;0;0;0;0;0;0;0;119;119;1.413;1.533
FINAZO SCD - PRUDENCIAL;1000086567;n1;S5;I;2;BALNEARIO CAMBORIU;SC;03/2024;0;0;0;0;0;0;0;0;0;0;0;0;0;0;0;0;0;74;74;1.456;1.530
COOPERATIVA DE ECONOMIA E CRÉDITO MÚTUO DOS SERVIDORES DA PREFEITURA MUNICIPAL DE VOTORANTIM;52137361;b3S;S5;I;2;VOTORANTIM;SP;03/2024;0;0;0;0;0;0;0;0;0;0;0;0;0;0;0;0;0;48;48;1.473;1.521
COOPERATIVA DE ECONOMIA E CRÉDITO MÚTUO DOS FUNCIONÁRIOS DO GRUPO VOTORANTIM LIMITADA.;75174953;b3S;S5;I;2;RIO BRANCO DO SUL;PR;03/2024;0;0;0;0;0;0;0;0;0;0;0;0;0;0;0;0;0;46;46;1.459;1.505
OMIE IP - PRUDENCIAL;1000087157;n4;;I;3;SAO PAULO;SP;03/2024;0;0;0;0;0;0;0;0;0;0;0;0;0;0;0;0;0;41;41;1.463;1.505
SINGRATUR CC LTDA. - PRUDENCIAL;1000082389;n2;S4;I;2;MARINGA;PR;03/2024;0;0;0;0;0;0;0;0;0;0;0;0;0;0;0;0;0;132;132;1.331;1.463
PROVU SCD - PRUDENCIAL;1000085764;n1;S5;I;2;SAO PAULO;SP;03/2024;0;0;0;0;0;0;0;0;0;0;0;0;0;0;0;0;0;184;184;1.274;1.458
FIDO SEP - PRUDENCIAL;1000085609;n1;S5;I;2;BRASILIA;DF;03/2024;0;0;0;0;0;0;0;0;0;0;0;0;0;0;0;0;0;584;584;864;1.448
COOPERATIVA DE ECONOMIA E CREDITO MUTUO DOS EMPREGADOS DO COLEGIO SANTO INACIO - COESI;2447184;b3S;S5;I;2;RIO DE JANEIRO;RJ;03/2024;0;0;0;0;0;0;0;0;0;0;0;0;0;0;0;0;0;472;472;962;1.434
VERT DTVM - PRUDENCIAL;1000087171;n2;S4;I;2;SAO PAULO;SP;03/2024;0;0;0;0;0;0;0;0;0;0;0;0;0;0;0;0;0;7;7;1.411;1.417
COOPERATIVA DE ECONOMIA E CRÉDITO MÚTUO DOS EMPREGADOS DA INDÚSTRIA DE PAPÉIS SUDESTE LTDA . - CREDESTE;18340695;b3S;S5;I;2;JUIZ DE FORA;MG;03/2024;0;0;0;0;0;0;0;0;0;0;0;0;0;0;0;0;0;107;107;1.305;1.411
BULLLA SEP - PRUDENCIAL;1000084985;n1;S5;I;2;SAO PAULO;SP;03/2024;0;0;0;0;0;0;0;0;0;0;0;0;0;0;0;0;0;368;368;1.039;1.407
VIA CAPITAL SCD  - PRUDENCIAL;1000086536;n1;S5;I;2;BELO HORIZONTE;MG;03/2024;0;0;0;0;0;0;0;0;0;0;0;0;0;0;0;0;0;29;29;1.375;1.403
VIPS CC LTDA. - PRUDENCIAL;1000082444;n2;S5;I;2;SAO PAULO;SP;03/2024;0;0;0;0;0;0;0;0;0;0;0;0;0;0;0;0;0;200;200;1.171;1.371
COOPERATIVA DE ECONOMIA E CREDITO MUTUO DOS EMPREGADOS NAS INDUSTRIAS QUIMICAS, FARMACEUTICAS E SIMILARES DA REGIAO METROPOLITANA DO RIO DE JANEIRO LTDA;5424088;b3S;S5;I;2;SAO GONCALO;RJ;03/2024;0;0;0;0;0;0;0;0;0;0;0;0;0;0;0;0;0;50;50;1.311;1.362
COOPERATIVA DE CRÉDITO DOS FUNCIONÁRIOS DO GRUPO PPG;3657230;b3S;S5;I;2;SUMARE;SP;03/2024;0;0;0;0;0;0;0;0;0;0;0;0;0;0;0;0;0;18;18;1.336;1.354
INICIADOR IP - PRUDENCIAL;1000086756;n4;;I;2;SAO PAULO;SP;03/2024;0;0;0;0;0;0;0;0;0;0;0;0;0;0;0;0;0;85;85;1.269;1.354
FATORI SCMEPP - PRUDENCIAL;1000083065;n1;S5;I;2;JOINVILLE;SC;03/2024;0;0;0;0;0;0;0;0;0;0;0;0;0;0;0;0;0;1;1;1.353;1.354
SOLIDEZ CCTVM LTDA. - PRUDENCIAL;1000082925;n2;S4;I;2;SAO PAULO;SP;03/2024;0;0;0;0;0;0;0;0;0;0;0;0;0;0;0;0;0;102.306;102.306;-100.973;1.333
COOPERATIVA DE CRÉDITO DE CAPITAL E EMPRÉSTIMO DOS EMPREGADOS CELETISTAS DE COOPERATIVAS DOS ESTADOS DE SÃO PAULO E MINAS GERAIS - COCREUNI;57987273;b3S;S5;I;2;RIBEIRAO PRETO;SP;03/2024;0;0;0;0;0;0;0;0;0;0;0;0;0;0;0;0;0;116;116;1.212;1.329
COOPERATIVA DE CRÉDITO DE SERVIDORES DA UESC - UESCOOP;10548608;b3S;S5;I;2;ILHEUS;BA;03/2024;0;0;0;0;0;0;0;0;0;0;0;0;0;0;0;0;0;102;102;1.216;1.318
OPPENS SEP - PRUDENCIAL;1000086639;n1;S5;I;2;BRASILIA;DF;03/2024;0;0;0;0;0;0;0;0;0;0;0;0;0;0;0;0;0;41;41;1.261;1.302
COOPERATIVA DE CRÉDITO DOS EMPREGADOS DO GRUPO NEFFA E DEMAIS ESTABELECIMENTOS DO SETOR DE ALIMENTOS DA GRANDE VITÓRIA.;29985421;b3S;S5;I;2;VITORIA;ES;03/2024;0;0;0;0;0;0;0;0;0;0;0;0;0;0;0;0;0;43;43;1.240;1.284
CREDIMÓVEL SCD - PRUDENCIAL;1000086055;n1;S5;I;2;GOIANIA;GO;03/2024;0;0;0;0;0;0;0;0;0;0;0;0;0;0;0;0;0;128;128;1.142;1.270
COOPERATIVA DE ECONOMIA E CRÉDITO MÚTUO DOS EMPREGADOS DA UNIFI - CREDIUNIFI;3685335;b3S;S5;I;2;ALFENAS;MG;03/2024;0;0;0;0;0;0;0;0;0;0;0;0;0;0;0;0;0;60;60;1.206;1.266
EMCASH SERVICOS FINANCEIROS SEP - PRUDENCIAL;1000085283;n1;S5;I;2;BELO HORIZONTE;MG;03/2024;0;0;0;0;0;0;0;0;0;0;0;0;0;0;0;0;0;206;206;1.057;1.263
LASTRO RDV DTVM LTDA - PRUDENCIAL;1000084129;n2;S4;I;2;ARARAS;SP;03/2024;0;0;0;0;0;69;69;0;0;0;0;0;0;0;0;69;0;132;200;1.060;1.260
COOPERATIVA DE ECONOMIA E CREDITO MUTUO DOS EMPREGADOS DA CIA DE ELETRICIDADE DO ESTADO DO RJ CREDICERJ LTDA;30138226;b3S;S5;I;2;NITEROI;RJ;03/2024;0;0;0;0;0;0;0;0;0;0;0;0;0;0;0;0;0;135;135;1.101;1.236
COOPERATIVA DE ECONOMIA E CREDITO MUTUO DOS TRABALHADORES DO GRUPO EMPRESARIAL ITATIAIA LTDA. - COOPERITA;20177390;b3S;S5;I;2;UBA;MG;03/2024;0;0;0;0;0;0;0;0;0;0;0;0;0;0;0;0;0;171;171;1.063;1.234
COOPERATIVA DE CRÉDITO MÚTUO DOS EMPREGADOS DAS INDÚSTRIAS DO PAPEL, PAPELÃO E CORTIÇA DE OTACÍLIO COSTA, LAGES E CORREA PINTO - PAPELCREDI;6369729;b3S;S5;I;2;OTACILIO COSTA;SC;03/2024;0;0;0;610;0;0;610;0;0;0;0;0;0;0;0;610;0;14;624;609;1.233
NIXFIN SCD - PRUDENCIAL;1000085922;n1;S5;I;2;FLORIANOPOLIS;SC;03/2024;0;0;0;0;0;0;0;0;0;0;0;0;0;0;0;0;0;3;3;1.221;1.223
CF GROUP SEP - PRUDENCIAL;1000085551;n1;S5;I;2;PORTO ALEGRE;RS;03/2024;0;0;0;0;0;0;0;0;0;0;0;0;0;0;0;0;0;155;155;1.045;1.200
NGO ASSOCIADOS CC LTDA. - PRUDENCIAL;1000082152;n2;S5;I;2;SAO PAULO;SP;03/2024;0;0;0;0;0;0;0;0;0;0;0;0;0;0;0;0;0;455;455;740;1.195
PERCAPITAL SCD - PRUDENCIAL;1000086426;n1;S5;I;2;CAMPO GRANDE;MS;03/2024;0;0;0;0;0;0;0;0;0;0;0;0;0;0;0;0;0;38;38;1.143;1.181
KIKAI SCD PRUDENCIAL;1000085836;n1;S5;I;2;BARUERI;SP;03/2024;0;0;0;0;0;0;0;0;0;0;0;0;0;0;0;0;0;28;28;1.147;1.175
COOPERATIVA DE ECONOMIA E CREDITO MUTUO DOS FUNCIONARIOS DA FMC LTDA;42258376;b3S;S5;I;2;RIO DE JANEIRO;RJ;03/2024;0;0;0;0;0;0;0;0;0;0;0;0;0;0;0;0;0;40;40;1.123;1.163
G5 SCD - PRUDENCIAL;1000087047;n1;S5;I;2;SAO JOSE;SC;03/2024;0;0;0;0;0;0;0;0;0;0;0;0;0;0;0;0;0;29;29;1.119;1.148
CREDILON SCM REG. LONDRINA LTD - PRUDENCIAL;1000083120;n1;S5;I;2;LONDRINA;PR;03/2024;0;0;0;0;0;0;0;0;0;0;0;0;0;0;0;0;0;20;20;1.085;1.105
MARMARIS CC - PRUDENCIAL;1000086660;n2;S5;I;2;SAO PAULO;SP;03/2024;0;0;0;0;0;0;0;0;0;0;0;0;0;0;0;0;0;116;116;976;1.091
BELVO IP - PRUDENCIAL;1000086433;n4;;I;3;SAO PAULO;SP;03/2024;0;0;0;0;0;0;0;0;0;0;0;0;0;0;0;0;0;99;99;987;1.086
PRONANCE SCC - PRUDENCIAL;1000086804;n2;S5;I;2;CURITIBA;PR;03/2024;0;0;0;0;0;0;0;0;0;0;0;0;0;0;0;0;0;13;13;1.050;1.063
COOPERATIVA DE ECONOMIA E CRÉDITO MÚTUO DOS FUNCIONÁRIOS DA ASSEMBLÉIA LEGISLATIVA DO ESTADO DA PARAÍBA LTDA. -  COOPERLEGIS;41146382;b3S;S5;I;2;JOAO PESSOA;PB;03/2024;0;0;0;0;0;0;0;0;0;0;0;0;0;0;0;0;0;433;433;624;1.057
CRYSTAL BMC IP - PRUDENCIAL;1000086196;n4;;I;2;BARUERI;SP;03/2024;0;0;0;0;0;0;0;0;0;0;0;0;0;0;0;0;0;44;44;1.005;1.049
ONNIX CC LTDA. - PRUDENCIAL;1000082011;n2;S4;I;2;PORTO ALEGRE;RS;03/2024;0;0;0;0;0;0;0;0;0;0;0;0;0;0;0;0;0;166;166;879;1.045
COOPERATIVA DE ECONOMIA E CRÉDITO MÚTUO DOS EMPREGADOS DA MOSAIC FERTILIZANTES DO BRASIL - COCRESGO LTDA.;968834;b3S;S5;I;2;CATALAO;GO;03/2024;0;0;0;0;0;0;0;0;0;0;0;0;0;0;0;0;0;25;25;1.013;1.039
QUANTO NETWORK IP - PRUDENCIAL;1000085939;n4;;I;2;SAO PAULO;SP;03/2024;0;0;0;0;0;0;0;0;0;0;0;0;0;0;0;0;0;36;36;1.000;1.036
CREDBRASIL - SCM LTDA - PRUDENCIAL;1000083003;n1;S5;I;2;PAULINIA;SP;03/2024;0;0;0;0;0;0;0;0;0;0;0;0;0;0;0;0;0;58;58;972;1.031
KONECT SCD - PRUDENCIAL;1000087009;n1;S5;I;2;SAO PAULO;SP;03/2024;0;0;0;0;0;0;0;0;0;0;0;0;0;0;0;0;0;31;31;945;976
COOPERATIVA DE ECONOMIA E CRÉDITO MÚTUO DOS BANCÁRIOS DO TRIÂNGULO LTDA.;1301541;b3S;S5;I;2;UBERLANDIA;MG;03/2024;0;0;0;0;0;0;0;0;0;0;0;0;0;0;0;0;0;208;208;764;972
COOPERATIVA DE ECONOMIA E CRÉDITO MÚTUO DOS TRABALHADORES DAS INDÚSTRIAS METALÚRGICAS DE PORTO ALEGRE E GRANDE PORTO ALEGRE;90560434;b3S;S5;I;2;CACHOEIRINHA;RS;03/2024;0;0;0;0;0;0;0;0;0;0;0;0;0;0;0;0;0;24;24;936;960
BEZZ SCD - PRUDENCIAL;1000086127;n1;S5;I;2;RIO DE JANEIRO;RJ;03/2024;0;0;0;0;0;0;0;0;0;0;0;0;0;0;0;0;0;86;86;832;918
CORREPARTI CC LTDA - PRUDENCIAL;1000082231;n2;S5;I;2;SAO JOSE DOS PINHAIS;PR;03/2024;0;0;0;0;0;0;0;0;0;0;0;0;0;0;0;0;0;281;281;633;914
EBADIVAL - E BAGGIO DTVM LTDA - PRUDENCIAL;1000083876;n2;S5;I;2;CURITIBA;PR;03/2024;0;0;0;0;0;0;0;0;0;0;0;0;0;0;0;0;0;5;5;861;866
CREDIHOME SCD - PRUDENCIAL;1000085403;n1;S5;I;2;SAO PAULO;SP;03/2024;0;0;0;0;0;0;0;0;0;0;0;0;0;0;0;0;0;18;18;845;863
COOPERATIVA DE ECONOMIA E CRÉDITO MÚTUO DOS BANCÁRIOS DE BELO HORIZONTE E REGIÃO METROPOLITANA LTDA. - COOPEB;71502181;b3S;S5;I;2;BELO HORIZONTE;MG;03/2024;0;0;0;0;0;0;0;0;0;0;0;0;0;0;0;0;0;53;53;725;778
COOPERATIVA DE CRÉDITO MÚTUO DOS EMPREGADOS DO CENTRO UNIVERSITÁRIO NEWTON PAIVA LTDA. - CREDIPAIVA;20833992;b3S;S5;I;2;BELO HORIZONTE;MG;03/2024;0;0;0;0;0;0;0;0;0;0;0;0;0;0;0;0;0;12;12;740;752
COOPERATIVA DE CRÉDITO DE CAPITAL E EMPRÉSTIMO DOS TRABALHADORES NAS EMPRESAS DE TECNOLOGIA E INFORMÁTICA DE BELO HORIZONTE E CIDADES LIMÍTROFES LTDA - COOPERINFOR;28435685;b3S;S5;I;2;BELO HORIZONTE;MG;03/2024;0;0;0;0;0;0;0;0;0;0;0;0;0;0;0;0;0;20;20;723;744
FIDUCIAL DTVM LTDA - PRUDENCIAL;1000084198;n2;S5;I;2;BELO HORIZONTE;MG;03/2024;0;0;0;0;0;0;0;0;0;0;0;0;0;0;0;0;0;93;93;634;727
CC AÇORIANA LTDA. - PRUDENCIAL;1000082341;n2;S5;I;2;FLORIANOPOLIS;SC;03/2024;0;0;0;0;0;0;0;0;0;0;0;0;0;0;0;0;0;97;97;597;695
COOPERATIVA DE ECONOMIA E CREDITO MUTUO DOS FUNCIONARIOS DA SANEPAR - CREDISANEPAR;3165497;b3S;S5;I;2;CASCAVEL;PR;03/2024;7;0;0;1;0;0;8;0;0;0;0;0;0;0;0;8;0;33;41;650;691
COOPERATIVA DE ECONOMIA E CRÉDITO MÚTUO DOS FUNCIONÁRIOS DO BANESPA DE BOTUCATU E CIDADES LIMÍTROFES;3219207;b3S;S5;I;2;BOTUCATU;SP;03/2024;0;0;0;0;0;0;0;0;0;0;0;0;0;0;0;0;0;22;22;653;675
CONEXION CC LTDA. - PRUDENCIAL;1000082420;n2;S4;I;2;RIBEIRAO PRETO;SP;03/2024;0;0;0;0;0;0;0;0;0;0;0;0;0;0;0;0;0;71;71;561;632
FIDEM SCD - PRUDENCIAL;1000086141;n1;S5;I;2;SANTA MARIA;RS;03/2024;0;0;0;0;0;0;0;0;0;0;0;0;0;0;0;0;0;50;50;565;615
HC - DTVM LTDA - PRUDENCIAL;1000083838;n2;S4;I;2;SAO PAULO;SP;03/2024;0;0;0;0;0;0;0;0;0;0;0;0;0;0;0;0;0;99;99;509;608
COOPERATIVA DE ECONOMIA E CRÉDITO MÚTUO DOS BANCÁRIOS DE JUIZ DE FORA LTDA. - COCBAN;4158581;b3S;S5;I;2;JUIZ DE FORA;MG;03/2024;0;0;0;0;0;0;0;0;0;0;0;0;0;0;0;0;0;11;11;533;544
AVIPAM CC LTDA. - PRUDENCIAL;1000082042;n2;S4;I;2;RIO DE JANEIRO;RJ;03/2024;0;0;0;0;0;0;0;0;0;0;0;0;0;0;0;0;0;15;15;523;538
SOL CC - PRUDENCIAL;1000082097;n2;S4;I;2;NATAL;RN;03/2024;0;0;0;0;0;0;0;0;0;0;0;0;0;0;0;0;0;200;200;323;522
INIPAY IP - PRUDENCIAL;1000086794;n4;;I;2;SAO PAULO;SP;03/2024;0;0;0;0;0;0;0;0;0;0;0;0;0;0;0;0;0;0;0;311;311
MEGA CC LTDA. - PRUDENCIAL;1000082327;n2;S4;I;2;RIO CLARO;SP;03/2024;0;0;0;0;0;0;0;0;0;0;0;0;0;0;0;0;0;9;9;294;302
COOPERATIVA DE ECONOMIA E CRÉDITO MÚTUO DOS BANCÁRIOS DE SOROCABA E REGIÃO;71491609;b3S;S5;I;2;SOROCABA;SP;03/2024;0;0;0;0;0;0;0;0;0;0;0;0;0;0;0;0;0;62;62;217;279
COOPERATIVA DE CRÉDITO E INVESTIMENTO COM INTERAÇÃO SOLIDÁRIA DE TOLEDO E REGIÃO - CRESOL PRIMATO CREDI;53575491;b3S;S5;I;2;TOLEDO;PR;03/2024;0;0;0;0;0;0;0;0;0;0;0;0;0;0;0;0;0;0;0;10;10
QESH IP - PRUDENCIAL;1000087030;n4;;I;2;NOVA LIMA;MG;03/2024;NI;NI;NI;NI;NI;NI;NI;NI;NI;NI;NI;NI;NI;NI;NI;NI;NI;NI;NI;NI;NI
DOURADA SCMEPP LTDA - PRUDENCIAL;1000083302;n1;S5;I;2;LAGOA DOURADA;MG;03/2024;NI;NI;NI;NI;NI;NI;NI;NI;NI;NI;NI;NI;NI;NI;NI;NI;NI;NI;NI;NI;NI
