Instituição;Código;Conglomerado Financeiro;Conglomerado Financeiro;Conglomerado Prudencial;TCB;TC;TI;Cidade;UF;Data;Captações;Captações - Depósitos de Poupança (a2);Captações - Depósitos Interfinanceiros (a3);Captações - Depósitos a Prazo (a4);Captações - Outros Depósitos (a5);Captações - Depósito Total (a);Captações - Obrigações por Operações Compromissadas (b);Captações - Letras de Crédito Imobiliário (c1);Captações - Letras de Crédito do Agronegócio (c2);Captações - Letras Financeiras (c3);Captações - Obrigações por Títulos e Valores Mobiliários no Exterior (c4);Captações - Outros Recursos de Aceites e Emissão de Títulos (c5);Captações - Recursos de Aceites e Emissão de Títulos (c);Captações - Obrigações por Empréstimos e Repasses (d);Captações - Captações (e) = (a) + (b) + (c) + (d);Instrumentos Derivativos (f);Outras Obrigações (g);Passivo Circulante e Exigível a Longo Prazo (h) = (e) + (f) + (g);Resultados de Exercícios Futuros (i);Patrimônio Líquido (j);Passivo Total (k) = (h) + (i) + (j)
BANCO DO BRASIL S.A.;0;BB;49906;80329;b1;1;1;BRASILIA;DF;06/2017;53.036.671;150.982.353;2.565.992;180.293.567;6.535.511;393.414.095;455.316.759;20.131.501;100.665.142;2.886.114;0;201.499;123.884.256;153.049.151;1.125.664.261;16.263.876;179.318.197;1.321.246.334;388.006;79.741.790;1.401.376.130
CAIXA ECONOMICA FEDERAL;360305;;;80738;b1;1;6;BRASILIA;DF;06/2017;30.227.888;261.251.049;1.022.926;222.214.715;14.217.565;528.934.145;146.151.863;93.928.824;247.624;36.967.674;13.473.502;701.524;145.319.147;256.990.598;1.077.395.753;1.006.414;169.684.884;1.248.087.051;0;28.901.138;1.276.988.190
ITAÚ UNIBANCO S.A.;60701190;ITAU;10069;80099;b1;2;8;SAO PAULO;SP;06/2017;15.048.752;98.992.727;126.209.024;102.763.462;403.873;343.417.838;380.416.465;18.871.894;16.139.363;27.157.017;34.802.463;4.218.725;101.189.462;80.182.363;905.206.128;25.374.959;104.899.304;1.035.480.392;229.870;72.093.861;1.107.804.122
BANCO BRADESCO S.A.;60746948;BRADESCO;10045;80075;b1;2;8;OSASCO;SP;06/2017;28.706.010;95.736.763;29.679.684;120.307.522;526.957;274.956.935;332.967.900;25.885.306;7.338.033;112.574.952;1.656.133;399.738;147.854.162;92.059.797;847.838.795;12.312.217;110.145.866;970.296.877;101.281;106.807.514;1.077.205.672
BANCO NACIONAL DE DESENVOLVIMENTO ECONOMICO E SOCIAL;33657248;;;81847;b4;1;4;RIO DE JANEIRO;RJ;06/2017;0;0;0;0;12.235.658;12.235.658;7.652.785;0;4.326.226;0;22.684.358;0;27.010.584;464.151.107;511.050.134;1.311.786;314.299.208;826.661.128;0;50.169.642;876.830.770
BANCO SANTANDER (BRASIL) S.A.;90400888;SANTANDER;30379;80185;b1;3;8;SAO PAULO;SP;06/2017;14.560.332;37.063.761;44.449.397;116.610.401;181.898;212.865.790;161.911.654;26.257.625;7.783.113;42.148.749;20.426.846;1.330.247;97.946.581;26.601.344;499.325.368;6.860.432;112.516.639;618.702.439;332.386;63.973.827;683.008.651
ITAÚ UNIBANCO HOLDING S.A.;60872504;ITAU;10069;80099;b1;2;8;SAO PAULO;SP;06/2017;0;0;0;0;0;0;0;0;0;0;13.240.796;0;13.240.796;0;13.240.796;4.321.089;3.090.411;20.652.296;0;120.679.258;141.331.554
BANCO SAFRA S.A.;58160789;SAFRA;10083;80109;b1;2;8;SAO PAULO;SP;06/2017;414.786;1.533.708;6.628.935;8.836.839;150;17.414.419;68.307.285;1.235.902;6.396.786;16.453.537;2.230.939;2.424.842;28.742.005;3.982.358;118.446.067;3.123.330;7.397.366;128.966.763;46.772;9.631.090;138.644.625
BANCO BTG PACTUAL S.A.;30306294;BTG PACTUAL;49944;80336;b1;2;8;RIO DE JANEIRO;RJ;06/2017;88.423;0;4.105.997;4.846.971;0;9.041.391;33.420.661;641.206;633.567;5.132.116;0;83.324;6.490.213;9.113.688;58.065.952;26.280.798;18.411.729;102.758.479;78.070;18.024.849;120.861.399
DIBENS LEASING S.A. ARRENDAMENTO MERCANTIL;65654303;ITAU;10069;80099;n1;2;19;SAO PAULO;SP;06/2017;0;0;0;0;0;0;0;0;0;0;0;103.980.248;103.980.248;0;103.980.248;0;168.460;104.148.708;0;4.584.666;108.733.374
BANCO VOTORANTIM S.A.;59588111;VOTORANTIM;51011;80484;b1;2;8;SAO PAULO;SP;06/2017;68.009;0;2.170.001;7.806.387;0;10.044.397;37.176.503;647.078;2.016.596;20.431.658;0;9.085;23.104.418;5.010.289;75.335.608;2.947.264;7.723.828;86.006.699;28.958;8.508.175;94.543.833
BANCO ITAUCARD S.A.;17192451;ITAU;10069;80099;b2;2;8;SAO PAULO;SP;06/2017;0;0;36.459.186;0;2.120;36.461.306;6.316.578;0;0;0;0;0;0;203.523;42.981.407;143.034;41.596.665;84.721.105;1.051.751;8.289.387;94.062.243
BRADESCO LEASING S.A. - ARRENDAMENTO MERCANTIL;47509120;BRADESCO;10045;80075;n1;2;19;OSASCO;SP;06/2017;0;0;0;0;0;0;0;0;0;0;0;74.162.011;74.162.011;28.205;74.190.216;0;2.328.003;76.518.219;0;3.357.449;79.875.668
BANCO CITIBANK S.A.;33479023;CITIBANK;30403;80192;b1;3;8;SAO PAULO;SP;06/2017;3.927.668;864.858;3.314.606;15.895.777;145.127;24.148.035;9.725.610;542.229;0;2.135.126;0;553.621;3.230.976;10.344.011;47.448.632;3.608.197;20.458.670;71.515.499;27.359;5.551.944;77.094.802
BANCO DO ESTADO DO RIO GRANDE DO SUL S.A.;92702067;BANRISUL;30173;80154;b1;1;8;PORTO ALEGRE;RS;06/2017;2.655.567;7.844.713;261.871;33.577.446;6.988;44.346.586;4.624.980;877.686;0;1.342.332;0;0;2.220.019;3.510.958;54.702.542;523.030;8.340.036;63.565.608;33.345;6.599.874;70.198.828
SANTANDER LEASING S.A. ARRENDAMENTO MERCANTIL;47193149;SANTANDER;30379;80185;n1;3;19;SAO PAULO;SP;06/2017;0;0;0;0;0;0;0;0;0;0;0;47.640.919;47.640.919;0;47.640.919;0;2.010.153;49.651.072;0;5.899.400;55.550.471
BANCO DO NORDESTE DO BRASIL S.A.;7237373;;;81593;b1;1;8;FORTALEZA;CE;06/2017;288.938;2.117.379;1.539.553;6.252.643;765.950;10.964.463;992.834;0;209.646;0;1.020.328;0;1.229.974;2.806.035;15.993.306;0;31.332.875;47.326.181;0;3.288.522;50.614.703
BANCO BRADESCO CARTÕES S.A.;59438325;BRADESCO;10045;80075;b1;2;8;OSASCO;SP;06/2017;8;0;26.226.369;0;0;26.226.377;0;0;0;0;0;0;0;0;26.226.377;6.673;18.720.575;44.953.626;0;3.377.270;48.330.895
BANCO BRADESCO FINANCIAMENTOS S.A.;7207996;BRADESCO;10045;80075;b1;2;8;OSASCO;SP;06/2017;0;0;30.902.640;0;0;30.902.640;0;0;0;0;0;0;0;0;30.902.640;0;2.573.032;33.475.672;305.136;10.300.277;44.081.085
BANCO COOPERATIVO DO BRASIL S.A. - BANCOOB;2038232;BANCOOB;51750;80879;b1;2;11;BRASILIA;DF;06/2017;31.103;3.380.171;26.366.741;333.789;0;30.111.805;1.631.712;0;450.889;0;0;0;450.889;2.410.903;34.605.310;0;4.621.686;39.226.996;35;1.448.678;40.675.709
BANCO BNP PARIBAS BRASIL S.A.;1522368;BNP PARIBAS;51516;80673;b1;3;8;SAO PAULO;SP;06/2017;496.076;0;218.421;5.286.656;129.563;6.130.715;2.475.891;0;444.172;2.870.372;0;285.871;3.600.414;5.207.850;17.414.871;3.967.638;16.530.559;37.913.067;4.546;2.021.538;39.939.152
BV FINANCEIRA S.A. - CREDITO, FINANCIAMENTO E INVESTIMENTO;1149953;VOTORANTIM;51011;80484;n1;2;14;SAO PAULO;SP;06/2017;0;0;23.247.744;0;0;23.247.744;1.102.743;0;0;0;0;0;0;0;24.350.487;0;13.174.830;37.525.317;0;1.925.531;39.450.848
BANCO COOPERATIVO SICREDI S.A.;1181521;;;80745;b1;2;11;PORTO ALEGRE;RS;06/2017;81.732;7.753.682;5.420.582;20.634;0;13.276.630;14.403.549;0;349.198;262.269;0;0;611.467;7.462.963;35.754.609;26;1.569.403;37.324.038;0;1.259.934;38.583.972
BANCO DE INVESTIMENTOS CREDIT SUISSE (BRASIL) S.A.;33987793;CREDIT SUISSE;30771;80219;b2;3;13;SAO PAULO;SP;06/2017;176;0;324.585;1.390.724;0;1.715.485;18.681.951;0;0;228.565;0;30.759;259.325;4.081.891;24.738.652;1.490.205;7.888.531;34.117.388;18.449;3.828.179;37.964.015
BANCO J.P. MORGAN S.A.;33172537;JP MORGAN CHASE;20107;80116;b1;3;8;SAO PAULO;SP;06/2017;128.805;0;1.666.067;5.535.973;0;7.330.845;6.376.348;0;0;0;0;35.432;35.432;8.310.206;22.052.831;3.120.546;5.307.542;30.480.919;1.513;4.376.439;34.858.871
AYMORÉ CRÉDITO, FINANCIAMENTO E INVESTIMENTO S.A.;7707650;SANTANDER;30379;80185;n1;3;14;SAO PAULO;SP;06/2017;13.845;0;30.220.128;0;0;30.233.973;0;0;0;0;0;0;0;0;30.233.973;0;2.536.963;32.770.936;0;1.616.686;34.387.622
BANCO ITAÚ CONSIGNADO S.A.;33885724;ITAU;10069;80099;b1;2;8;SAO PAULO;SP;06/2017;0;0;27.317.334;0;0;27.317.334;0;0;0;0;0;0;0;0;27.317.334;0;290.159;27.607.493;0;2.514.437;30.121.930
BANCO PAN S.A.;59285411;PAN;31323;80257;b1;2;8;SAO PAULO;SP;06/2017;43.975;0;12.018.564;3.651.357;0;15.713.895;1.110.979;1.566.632;148.681;826.598;0;0;2.541.911;0;19.366.785;168.955;4.245.535;23.781.275;388;3.460.210;27.241.873
BANCO ABC BRASIL S.A.;28195667;ABC-BRASIL;41856;80312;b1;3;8;SAO PAULO;SP;06/2017;19.964;0;413.529;5.627.165;0;6.060.658;27.864;1.034.287;2.672.301;3.538.242;0;6.853;7.251.684;6.007.151;19.347.357;753.982;2.000.618;22.101.957;28.163;3.089.924;25.220.043
BANCO DAYCOVAL S.A.;62232889;DAYCOVAL;51987;81744;b1;2;8;SAO PAULO;SP;06/2017;410.413;0;371.470;4.142.730;7.396;4.932.009;1.615.635;562.008;455.641;5.343.040;1.707.775;0;8.068.464;2.570.962;17.187.069;7.103;2.933.646;20.127.818;35.694;2.827.658;22.991.170
BANCO ALVORADA S.A.;33870163;BRADESCO;10045;80075;b1;2;8;OSASCO;SP;06/2017;0;0;636.416;0;0;636.416;0;0;0;0;0;0;0;0;636.416;0;446.506;1.082.922;0;21.198.651;22.281.573
BANCO RABOBANK INTERNATIONAL BRASIL S.A.;1023570;;;81555;b1;3;8;SAO PAULO;SP;06/2017;17.682;0;397;773.517;0;791.596;638.857;1.192.431;1.450.946;0;0;0;2.643.377;12.427.397;16.501.227;241.501;2.408.859;19.151.587;277;2.291.126;21.442.990
BANESTES S.A. BANCO DO ESTADO DO ESPIRITO SANTO;28127603;BANESTES;30159;80147;b1;1;8;VITORIA;ES;06/2017;920.475;2.515.313;127.240;6.553.452;16.644;10.133.124;7.419.484;447.478;245.880;0;0;0;693.358;382.238;18.628.205;0;748.381;19.376.585;3.924;1.351.527;20.732.037
BANK OF AMERICA MERRILL LYNCH BANCO MÚLTIPLO S.A.;62073200;BOFA MERRILL LYNCH;51255;80556;b1;3;8;SAO PAULO;SP;06/2017;541.939;0;693.045;9.502.712;0;10.737.696;1.316.503;0;0;0;0;0;0;0;12.054.200;3.796.961;2.640.918;18.492.078;1.951;2.043.235;20.537.265
BB-LEASING S/A ARRENDAMENTO MERCANTIL;31546476;BB;49906;80329;n1;1;19;BRASILIA;DF;06/2017;0;0;0;0;0;0;0;0;0;0;0;14.850.053;14.850.053;608;14.850.661;34;489.805;15.340.500;0;4.474.015;19.814.515
BANCO DE TOKYO-MITSUBISHI UFJ BRASIL S.A.;60498557;;;81713;b1;3;8;SAO PAULO;SP;06/2017;122.320;0;17.028;2.753.678;0;2.893.027;6.460;0;0;0;0;0;0;3.127.341;6.026.827;991.130;11.106.779;18.124.736;944;1.413.649;19.539.328
SAFRA LEASING S.A. ARRENDAMENTO MERCANTIL;62063177;SAFRA;10083;80109;n1;2;19;SAO PAULO;SP;06/2017;0;0;0;0;0;0;0;0;0;0;0;16.980.241;16.980.241;22.939;17.003.180;3.672;1.164.477;18.171.330;0;660.876;18.832.206
CHINA CONSTRUCTION BANK (BRASIL) BANCO MÚLTIPLO S/A;7450604;CCB;32119;80295;b1;3;8;SAO PAULO;SP;06/2017;81.618;9.122;475.116;2.398.566;0;2.964.422;4.369.322;97.352;131.394;89.735;55.066;0;373.547;5.526.796;13.234.088;58.948;3.437.591;16.730.627;29.089;1.122.348;17.882.063
BANCO SOCIETE GENERALE BRASIL S.A.;61533584;SOCIETE GENERALE;31859;80264;b1;3;8;SAO PAULO;SP;06/2017;5.700;0;549.337;414.055;0;969.092;1.289.246;0;0;0;0;0;0;3.916.778;6.175.116;530.714;9.842.692;16.548.522;1.866;1.280.772;17.831.160
BANCO BMG S.A.;61186680;BMG;30290;80178;b1;2;8;SAO PAULO;SP;06/2017;30.517;0;1.794.497;7.514.587;0;9.339.600;55.002;24.166;145.912;567.913;311.759;0;1.049.750;601.154;11.045.506;520.274;3.108.651;14.674.432;0;2.600.720;17.275.151
BANCO REGIONAL DE DESENVOLVIMENTO DO EXTREMO SUL;92816560;;;81311;b4;1;5;PORTO ALEGRE;RS;06/2017;0;0;0;0;0;0;0;0;0;0;0;0;0;13.554.003;13.554.003;0;785.602;14.339.605;6.506;2.485.555;16.831.666
BANCO VOLKSWAGEN S.A.;59109165;;;80202;b2;3;8;SAO PAULO;SP;06/2017;0;0;303.105;3.352.039;0;3.655.144;0;0;0;613.772;0;0;613.772;5.550.520;9.819.436;6.547;3.257.784;13.083.767;115.550;2.861.217;16.060.535
BANCO DA AMAZONIA S.A.;4902979;;;81249;b1;1;2;BELEM;PA;06/2017;710.161;495.457;22.545;1.382.173;728.119;3.338.456;119.993;0;426.780;0;0;0;426.780;819.461;4.704.690;0;9.002.042;13.706.732;0;1.977.392;15.684.123
HIPERCARD BANCO MÚLTIPLO S.A.;3012230;ITAU;10069;80099;b1;2;8;SAO PAULO;SP;06/2017;0;0;4.213.642;0;0;4.213.642;0;0;0;0;0;0;0;0;4.213.642;0;5.693.767;9.907.409;4.697;4.341.254;14.253.360
BANCO J. SAFRA S.A.;3017677;SAFRA;10083;80109;b1;2;8;SAO PAULO;SP;06/2017;0;0;9.169.823;0;0;9.169.823;0;0;0;0;0;0;0;3.158.941;12.328.764;0;335.219;12.663.984;0;900.388;13.564.372
BRB - BANCO DE BRASILIA S.A.;208;BRB;31976;80288;b1;1;8;BRASILIA;DF;06/2017;701.925;1.633.844;63.820;6.514.144;5.233;8.918.967;779.315;307.196;0;44.981;0;0;352.176;249.604;10.300.063;0;1.912.450;12.212.513;76;1.208.886;13.421.475
BANCO BRADESCO BBI S.A.;6271464;BRADESCO;10045;80075;b1;2;8;OSASCO;SP;06/2017;0;0;2.565.266;0;0;2.565.266;0;0;0;0;0;0;0;0;2.565.266;354.126;149.638;3.069.030;149;9.122.118;12.191.298
COOPERATIVA CENTRAL DE CRÉDITO, POUPANÇA E INVESTIMENTO DO SUL E SUDESTE - CENTRAL SICREDI SUL/SUDESTE;87437687;;;;b3C;2;9;PORTO ALEGRE;RS;06/2017;0;0;0;0;0;0;0;0;0;0;0;0;0;0;0;0;11.533.297;11.533.297;0;361.526;11.894.823
ING BANK N.V.;49336860;ING;51073;80501;b1;3;28;SAO PAULO;SP;06/2017;1.376;0;295.477;1.207.811;0;1.504.664;8.905;0;0;0;0;0;0;2.494.882;4.008.451;197.864;7.023.555;11.229.870;4.372;519.637;11.753.879
BANCO ITAULEASING S.A.;49925225;ITAU;10069;80099;b2;2;8;SAO PAULO;SP;06/2017;0;0;15;0;0;15;0;0;0;0;0;0;0;98.616;98.630;0;235.628;334.259;0;11.388.610;11.722.869
BANCO GMAC S.A.;59274605;;;80848;b2;3;8;SAO PAULO;SP;06/2017;0;0;1.965.944;1.777.913;0;3.743.858;0;0;0;1.710.200;0;0;1.710.200;0;5.454.058;0;3.879.172;9.333.230;245.226;1.895.778;11.474.235
BANCO ALFA DE INVESTIMENTO S.A.;60770336;ALFA;51293;80570;b2;2;13;SAO PAULO;SP;06/2017;0;0;1.236.527;165.662;0;1.402.189;1.902.480;0;162.609;3.992.928;0;0;4.155.537;1.859.745;9.319.951;49.681;95.726;9.465.358;5.811;1.381.423;10.852.593
GOLDMAN SACHS DO BRASIL BANCO MULTIPLO S.A.;4332281;GOLDMAN SACHS;51585;80714;b2;3;8;SAO PAULO;SP;06/2017;0;0;163.495;189.560;0;353.055;2.076.819;0;0;0;0;0;0;2.539.525;4.969.400;3.615.621;801.404;9.386.425;0;1.461.485;10.847.910
BANCO CETELEM S.A.;558456;BNP PARIBAS;51516;80673;b1;3;8;SAO PAULO;SP;06/2017;929;0;7.549.831;67.493;0;7.618.253;0;0;0;0;0;0;0;0;7.618.253;0;1.282.956;8.901.209;29.700;1.223.090;10.153.999
DEUTSCHE BANK S.A. - BANCO ALEMAO;62331228;DEUTSCHE;51183;80532;b1;3;8;SAO PAULO;SP;06/2017;245.870;0;127.600;1.775.987;0;2.149.457;0;0;0;0;0;0;0;1.621.538;3.770.995;405.667;4.236.400;8.413.062;6.539;1.566.522;9.986.123
BANCO CRÉDIT AGRICOLE BRASIL S.A.;75647891;CREDIT AGRICOLE;51066;80491;b1;3;8;SAO PAULO;SP;06/2017;8.428;0;0;585.863;0;594.291;0;0;452.464;261.373;0;0;713.837;1.831.314;3.139.442;282.565;5.686.378;9.108.385;754;827.008;9.936.147
BANCO MERCANTIL DO BRASIL S.A.;17184037;MERCANTIL DO BRASIL;20152;80123;b1;2;8;BELO HORIZONTE;MG;06/2017;255.149;177.071;66.243;6.143.656;0;6.642.119;346.236;36.956;286.845;208.247;0;0;532.049;39.503;7.559.906;86;1.535.861;9.095.853;670;705.851;9.802.374
BV LEASING - ARRENDAMENTO MERCANTIL S.A.;1858774;VOTORANTIM;51011;80484;n1;2;19;SAO PAULO;SP;06/2017;0;0;0;0;0;0;0;0;0;0;0;8.646.915;8.646.915;7.890;8.654.805;0;38.202;8.693.007;0;999.794;9.692.801
BANCO RCI BRASIL S.A.;62307848;SANTANDER;30379;80185;b2;3;8;SAO PAULO;SP;06/2017;3.026;0;1.158.888;0;0;1.161.914;0;0;0;3.138.870;0;1.070.778;4.209.648;0;5.371.563;175.315;2.934.918;8.481.795;0;1.169.014;9.650.810
BANCO PINE S.A.;62144175;PINE;50304;80374;b1;2;8;SAO PAULO;SP;06/2017;26.795;0;113.702;3.630.000;0;3.770.497;465.401;687.773;503.863;135.690;89.235;0;1.416.560;907.140;6.559.598;1.064.058;172.008;7.795.664;100.235;1.126.706;9.022.605
BANCO OLÉ BONSUCESSO CONSIGNADO S.A.;71371686;SANTANDER;30379;80185;b2;3;8;SAO PAULO;SP;06/2017;0;0;7.947.656;142.319;0;8.089.975;418;0;0;29.059;0;0;29.059;0;8.119.452;0;181.792;8.301.244;0;706.452;9.007.697
KIRTON BANK S.A. - BANCO MÚLTIPLO;1701201;BRADESCO;10045;80075;b1;2;8;OSASCO;SP;06/2017;0;0;0;0;0;0;0;0;0;0;0;0;0;0;0;0;661.970;661.970;0;8.122.696;8.784.666
BANCO BRADESCARD S.A.;4184779;BRADESCO;10045;80075;b1;2;8;OSASCO;SP;06/2017;2.173;0;325.367;2.572;0;330.112;0;0;0;0;0;0;0;0;330.112;0;5.054.336;5.384.448;0;2.866.875;8.251.323
BANCO CLASSICO S.A.;31597552;;;81665;b1;2;8;RIO DE JANEIRO;RJ;06/2017;16;0;0;0;0;16;972.491;0;0;0;0;0;0;0;972.507;0;1.978.585;2.951.092;0;5.283.795;8.234.887
BANCO MERCEDES-BENZ DO BRASIL S.A.;60814191;MERCEDES-BENZ;51262;80563;b2;3;8;SAO PAULO;SP;06/2017;0;0;321.000;130.647;0;451.647;0;0;0;246.365;0;0;246.365;5.252.246;5.950.258;0;632.522;6.582.779;22.447;1.523.054;8.128.281
BANCO ORIGINAL S.A.;92894922;ORIGINAL;51781;80903;b1;2;8;SAO PAULO;SP;06/2017;108.343;0;157.643;2.750.116;0;3.016.102;478.431;923.426;790.808;145.723;0;1.265;1.861.223;98.766;5.454.522;19.596;309.063;5.783.181;6.874;2.087.326;7.877.382
BANCO MORGAN STANLEY S.A.;2801938;MORGAN STANLEY;51413;80628;b1;3;8;SAO PAULO;SP;06/2017;0;0;0;1.860.113;0;1.860.113;2.205.505;0;0;0;0;373.863;373.863;988;4.440.469;1.085.569;315.807;5.841.845;0;1.907.835;7.749.680
BANCO SISTEMA S.A.;76543115;BTG PACTUAL;49944;80336;b1;2;8;RIO DE JANEIRO;RJ;06/2017;0;0;0;0;0;0;0;0;2.003;0;0;0;2.003;33.178;35.181;342;1.199.440;1.234.963;0;6.271.708;7.506.671
BB-BANCO DE INVESTIMENTO S/A;24933830;BB;49906;80329;b2;1;13;BRASILIA;DF;06/2017;0;0;3.410.308;0;0;3.410.308;0;0;0;0;0;0;0;0;3.410.308;14;984.281;4.394.603;0;3.014.376;7.408.979
BANCO DE DESENVOLVIMENTO DE MINAS GERAIS S.A.-BDMG;38486817;;;81328;b4;1;5;BELO HORIZONTE;MG;06/2017;263;0;0;301;0;564;0;0;197.996;346.473;0;0;544.468;4.381.084;4.926.116;14.691;664.917;5.605.724;11.691;1.721.937;7.339.351
BANCO CNH INDUSTRIAL CAPITAL S.A.;2992446;;;81407;b2;3;8;CURITIBA;PR;06/2017;0;0;0;760.422;0;760.422;0;0;41.973;262.771;0;0;304.744;4.556.929;5.622.095;4.693;175.736;5.802.524;182.165;1.278.711;7.263.399
BANCO FIBRA S.A.;58616418;;;81483;b1;2;8;SAO PAULO;SP;06/2017;38.231;0;12.716;3.434.933;0;3.485.881;122.960;469.854;382.805;155.256;0;0;1.007.915;810.970;5.427.726;102.484;660.848;6.191.058;8.783;1.013.881;7.213.722
COOPERATIVA CENTRAL DE CRÉDITO,POUPANÇA E INVESTIMENTO DOS ESTADOS DO PARANÁ, SÃO PAULO E RIO DE JANEIRO - CENTRAL SICREDI PR/SP/RJ;80230774;;;;b3C;2;9;CURITIBA;PR;06/2017;0;0;0;0;0;0;0;0;0;0;0;0;0;0;0;0;6.859.177;6.859.177;0;193.352;7.052.529
ASSOCIACAO DE POUPANCA E EMPRESTIMO - POUPEX;655522;;;81184;n1;2;25;BRASILIA;DF;06/2017;0;0;51.979;0;785.078;837.057;0;315.000;0;0;0;0;315.000;0;1.152.057;0;104.032;1.256.089;0;5.433.707;6.689.796
BANCO JOHN DEERE S.A.;91884981;JOHN DEERE;50071;80343;b1;3;8;INDAIATUBA;SP;06/2017;55.451;0;31.407;142.057;0;228.915;0;0;0;0;0;0;0;5.006.514;5.235.428;0;276.194;5.511.622;17.240;982.490;6.511.351
BANCO DO ESTADO DO PARÁ S.A.;4913711;;;81586;b1;1;8;BELEM;PA;06/2017;569.151;802.592;613.157;2.906.683;0;4.891.582;312.446;0;0;71.960;0;0;71.960;1.350;5.277.339;0;278.305;5.555.644;0;909.286;6.464.930
BANCO CSF S.A.;8357240;;;81610;b2;3;8;SAO PAULO;SP;06/2017;0;0;33.622;0;0;33.622;211.755;0;0;426.380;0;0;426.380;0;671.757;0;3.825.068;4.496.825;0;1.959.208;6.456.034
COOPERATIVA CENTRAL DE CRÉDITO DE SANTA CATARINA E RIO GRANDE DO SUL - SICOOB CENTRAL SC/RS;80160260;;;;b3C;2;9;FLORIANOPOLIS;SC;06/2017;85;0;0;3.731.942;631;3.732.658;0;0;0;0;0;0;0;252.606;3.985.264;0;1.976.722;5.961.986;0;284.249;6.246.236
HAITONG BANCO DE INVESTIMENTO DO BRASIL S.A.;34111187;HAITONG;51482;80666;b2;3;13;SAO PAULO;SP;06/2017;0;0;426.687;1.162.398;0;1.589.085;3.279.940;0;0;91.061;0;8.530;99.591;236.102;5.204.718;76.836;199.541;5.481.095;532;575.529;6.057.156
BANCO BRADESCO BERJ S.A.;33147315;BRADESCO;10045;80075;b1;2;8;OSASCO;SP;06/2017;0;0;0;0;0;0;0;0;0;0;0;0;0;1.318;1.318;1.377;1.138.878;1.141.574;0;4.873.765;6.015.338
BANCO SUMITOMO MITSUI BRASILEIRO S.A.;60518222;;;81720;b1;3;8;SAO PAULO;SP;06/2017;81.418;0;0;2.225.712;1;2.307.131;141.379;0;0;0;0;0;0;2.132.213;4.580.723;145.082;302.721;5.028.526;3.708;907.007;5.939.241
XP INVESTIMENTOS CORRETORA DE CÂMBIO,TÍTULOS E VALORES MOBILIÁRIOS S/A;2332886;XP INVESTIMENTOS;51994;82475;n2;2;15;RIO DE JANEIRO;RJ;06/2017;0;0;0;0;0;0;655.003;0;0;0;0;0;0;229.151;884.154;58.322;3.950.865;4.893.341;179;1.015.480;5.908.999
COOPERATIVA CENTRAL DE CRÉDITO DE MINAS GERAIS LTDA. - SICOOB CENTRAL CREDIMINAS;25683434;;;;b3C;2;9;BELO HORIZONTE;MG;06/2017;0;0;0;0;0;0;0;0;0;0;0;0;0;167.385;167.385;0;5.074.556;5.241.942;0;427.991;5.669.933
CITIBANK N.A.;33042953;CITIBANK;30403;80192;b1;3;28;SAO PAULO;SP;06/2017;0;0;0;0;0;0;0;0;0;0;0;0;0;1.554.817;1.554.817;11.744;1.248.230;2.814.790;141;2.601.623;5.416.554
PARANÁ BANCO S.A.;14388334;PARANÁ BANCO;30881;80233;b1;2;8;CURITIBA;PR;06/2017;9.054;0;153.305;2.813.897;0;2.976.256;8.380;31.159;0;929.870;0;0;961.029;43.484;3.989.149;0;111.897;4.101.046;12;1.262.189;5.363.247
COOPERATIVA DE CREDITO CREDICITRUS;54037916;;;;b3S;2;9;BEBEDOURO;SP;06/2017;416.037;0;0;1.645.706;23.643;2.085.386;0;0;768.867;0;0;0;768.867;2.777;2.857.029;0;1.143.517;4.000.546;0;1.315.125;5.315.672
PORTOSEG S.A. - CREDITO, FINANCIAMENTO E INVESTIMENTO;4862600;PORTO SEGURO;51444;80642;n1;2;14;SAO PAULO;SP;06/2017;0;0;841.039;0;0;841.039;0;0;0;205.839;0;0;205.839;116.418;1.163.295;11.553;3.589.743;4.764.591;0;509.330;5.273.921
BANCO DE LAGE LANDEN BRASIL S.A.;5040481;;;81421;b2;3;8;PORTO ALEGRE;RS;06/2017;0;0;0;44.494;0;44.494;0;0;0;0;0;0;0;4.018.581;4.063.075;0;185.247;4.248.322;67.683;871.574;5.187.579
BANCO BBM S/A;15114366;BOCOM;52003;84624;b1;3;8;SALVADOR;BA;06/2017;136.585;0;30.825;694.912;0;862.322;743.716;45.471;1.034.230;759.681;166.537;0;2.005.918;768.048;4.380.004;5.509;147.244;4.532.758;8.232;571.808;5.112.798
BANCO TOYOTA DO BRASIL S.A.;3215790;;;81562;b2;3;8;SAO PAULO;SP;06/2017;0;0;447.735;194.521;0;642.257;0;0;0;921.422;0;0;921.422;2.277.908;3.841.587;172.129;426.663;4.440.379;50.453;581.171;5.072.003
COOPERATIVA CENTRAL DE CRÉDITO DO ESTADO DE SÃO PAULO - SICOOB SÃO PAULO;63917579;;;;b3C;2;9;RIBEIRAO PRETO;SP;06/2017;0;0;0;4.451.197;0;4.451.197;0;0;0;0;0;0;0;0;4.451.197;0;185.127;4.636.324;0;247.890;4.884.214
LUIZACRED S.A. SOCIEDADE DE CRÉDITO, FINANCIAMENTO E INVESTIMENTO;2206577;ITAU;10069;80099;n1;2;14;SAO PAULO;SP;06/2017;0;0;1.994.206;0;0;1.994.206;0;0;0;0;0;0;0;0;1.994.206;0;2.142.209;4.136.415;39.233;638.554;4.814.203
BANCO SOFISA S.A.;60889128;SOFISA;31873;80271;b1;2;8;SAO PAULO;SP;06/2017;57.126;0;66.244;3.243.095;0;3.366.465;78.454;161.585;38.816;34.912;0;0;235.312;109.312;3.789.544;18;254.747;4.044.309;2.008;742.928;4.789.244
BANCO DO ESTADO DE SERGIPE S.A.;13009717;;;81634;b1;1;8;ARACAJU;SE;06/2017;579.361;1.150.660;119.506;1.901.005;210;3.750.741;38.591;28.017;0;40.628;0;0;68.645;82.892;3.940.869;0;350.886;4.291.755;54;333.969;4.625.777
CENTRAL DAS COOPERATIVAS DE ECONOMIA E CREDITO DO ESTADO DE MINAS GERAIS LTDA. - SICOOB CENTRAL CECREMGE;309024;;;;b3C;2;9;BELO HORIZONTE;MG;06/2017;99;0;0;68.629;0;68.728;0;0;0;0;0;0;0;0;68.728;0;4.289.434;4.358.161;0;175.277;4.533.438
BANCO FIDIS S/A;62237425;;;81751;b2;3;8;BETIM;MG;06/2017;0;0;155.552;2.160.918;0;2.316.471;115.049;0;0;1.017.333;0;0;1.017.333;102.312;3.551.164;4.756;309.751;3.865.672;1.154;644.529;4.511.355
CREFISA S.A.-CREDITO, FINANCIAMENTO E INVESTIMENTOS;60779196;CREFISA;52010;83632;n1;2;14;SAO PAULO;SP;06/2017;0;0;0;0;0;0;0;0;0;0;0;0;0;0;0;0;344.717;344.717;0;4.091.140;4.435.857
FINANCEIRA ALFA S.A. - CREDITO, FINANCIAMENTO E INVESTIMENTOS;17167412;ALFA;51293;80570;n1;2;14;SAO PAULO;SP;06/2017;0;0;3.149.830;0;0;3.149.830;0;0;0;0;0;0;0;70.033;3.219.863;105.497;184.171;3.509.531;14.366;820.101;4.343.998
COOPERATIVA DE CREDITO VALE DO ITAJAI - VIACREDI;82639451;;;;b3S;2;9;BLUMENAU;SC;06/2017;358.852;0;129.711;2.402.084;31.961;2.922.608;0;0;0;0;0;0;0;7.816;2.930.424;0;285.601;3.216.025;0;997.635;4.213.661
FINANCEIRA ITAÚ CBD S.A. CRÉDITO, FINANCIAMENTO E INVESTIMENTO;6881898;ITAU;10069;80099;n1;2;14;SAO PAULO;SP;06/2017;0;0;747.148;0;0;747.148;0;0;0;0;0;0;0;0;747.148;0;2.431.115;3.178.263;13.427;947.435;4.139.124
BANCO MIZUHO DO BRASIL S.A.;61088183;MIZUHO;51554;80697;b1;3;8;SAO PAULO;SP;06/2017;32.806;0;0;1.944.344;0;1.977.150;35.231;0;0;0;0;0;0;398.161;2.410.543;80.048;1.010.384;3.500.975;103;572.159;4.073.237
COOPERATIVA CENTRAL DE CRÉDITO DO CENTRO NORTE DO BRASIL   CENTRAL SICREDI CENTRO NORTE;33667205;;;;b3C;2;9;CUIABA;MT;06/2017;0;0;0;0;0;0;0;0;0;0;0;0;0;0;0;0;3.730.673;3.730.673;0;122.831;3.853.504
BANCO HONDA S.A.;3634220;HONDA;51396;80611;b2;3;8;SAO PAULO;SP;06/2017;0;0;2.480.837;122.549;0;2.603.387;0;0;0;0;0;0;0;335.664;2.939.051;45.022;112.977;3.097.050;5.534;658.950;3.761.534
BANCO BANDEPE S.A.;10866788;SANTANDER;30379;80185;b1;3;8;SAO PAULO;SP;06/2017;0;0;302.562;0;0;302.562;0;0;0;0;0;0;0;0;302.562;0;227.612;530.173;0;3.189.524;3.719.698
BANCO IBM S.A.;34270520;;;81689;b2;3;8;RIO DE JANEIRO;RJ;06/2017;0;0;15.806;2.933.606;0;2.949.412;0;0;0;0;0;0;0;0;2.949.412;0;265.954;3.215.366;0;493.500;3.708.866
BANCO VOLVO BRASIL S.A.;58017179;;;80769;b2;3;8;CURITIBA;PR;06/2017;0;0;0;27.732;0;27.732;0;0;0;0;0;0;0;2.805.708;2.833.440;0;64.748;2.898.188;20.687;751.100;3.669.975
BANCO INTERMEDIUM S/A;416968;INTERMEDIUM;51884;80996;b1;2;8;BELO HORIZONTE;MG;06/2017;105.310;0;1.137;1.589.785;0;1.696.231;17.169;1.304.650;18.244;1.680;0;0;1.324.573;36.566;3.074.539;0;119.593;3.194.133;0;366.035;3.560.168
BADESUL DESENVOLVIMENTO S.A - AGÊNCIA DE FOMENTO/RS;2885855;;;81029;n1;1;30;PORTO ALEGRE;RS;06/2017;0;0;0;0;0;0;0;0;0;0;0;0;0;2.764.186;2.764.186;0;131.872;2.896.058;91;660.845;3.556.995
BANCO CARGILL S.A.;3609817;;;81414;b1;3;8;SAO PAULO;SP;06/2017;6.377;0;0;113.596;0;119.973;0;124.530;141.002;0;0;0;265.532;1.839.341;2.224.846;141.481;633.506;2.999.832;0;472.961;3.472.793
SCOTIABANK BRASIL S.A. BANCO MÚLTIPLO;29030467;;;81452;b1;3;8;SAO PAULO;SP;06/2017;206;0;70.089;1.664.919;0;1.735.214;0;0;0;21.673;0;0;21.673;1.036.183;2.793.069;50.975;120.128;2.964.173;0;501.168;3.465.341
BANCO LOSANGO S.A. - BANCO MÚLTIPLO;33254319;BRADESCO;10045;80075;b2;2;8;OSASCO;SP;06/2017;19.671;0;2.119.819;0;0;2.139.490;0;0;0;0;0;0;0;0;2.139.490;0;1.064.709;3.204.199;0;150.802;3.355.001
BANCO INDUSVAL S.A.;61024352;INDUSVAL;50531;80415;b1;2;8;SAO PAULO;SP;06/2017;24.415;0;184.290;1.657.601;0;1.866.306;161.267;78.042;657.975;5.093;0;0;741.110;105.149;2.873.832;3.499;56.391;2.933.722;4.585;407.090;3.345.396
BRADESCO S.A. CORRETORA DE TITULOS E VALORES MOBILIARIOS;61855045;BRADESCO;10045;80075;n2;2;15;OSASCO;SP;06/2017;0;0;0;0;0;0;0;0;0;0;0;0;0;0;0;0;1.495.576;1.495.576;0;1.715.207;3.210.783
MIDWAY S.A. - CRÉDITO, FINANCIAMENTO E INVESTIMENTO;9464032;;;83553;n1;2;14;SAO PAULO;SP;06/2017;0;0;0;0;0;0;0;0;0;0;0;1.053.305;1.053.305;0;1.053.305;0;1.399.606;2.452.911;0;752.580;3.205.491
BANCO PAULISTA S.A.;61820817;SOCOPA;50328;80381;b1;2;8;SAO PAULO;SP;06/2017;68.600;0;134.054;641.039;51.875;895.569;1.013.661;46.054;42.518;0;0;0;88.573;38.345;2.036.147;4.247;858.446;2.898.841;0;211.475;3.110.316
BANCO MODAL S.A.;30723886;MODAL;51963;81658;b1;2;8;RIO DE JANEIRO;RJ;06/2017;70.978;0;28.000;1.230.893;0;1.329.871;704.721;153.018;15.278;0;0;0;168.296;0;2.202.888;23.094;480.269;2.706.251;0;377.484;3.083.735
COOPERATIVA CENTRAL DE CRÉDITO URBANO - CECRED;5463212;;;;b3C;2;9;BLUMENAU;SC;06/2017;0;0;0;2.597.202;0;2.597.202;0;0;0;0;0;0;0;112.585;2.709.786;0;131.972;2.841.759;0;214.006;3.055.764
BANCO INDUSTRIAL DO BRASIL S.A.;31895683;INDUSTRIAL DO BRASIL;50988;80477;b1;2;8;SAO PAULO;SP;06/2017;46.410;0;121.905;1.094.145;0;1.262.461;119.892;221.835;0;242.183;0;0;464.018;512.616;2.358.988;0;117.173;2.476.160;1.078;504.190;2.981.428
OMNI S.A. - CREDITO FINANCIAMENTO E INVESTIMENTO;92228410;OMNI;50940;80460;n1;2;14;SAO PAULO;SP;06/2017;0;0;57.753;628.364;0;686.118;0;0;0;0;0;1.459.387;1.459.387;0;2.145.504;0;405.286;2.550.790;3.262;272.808;2.826.860
STANDARD CHARTERED BANK (BRASIL) S.A. - BANCO DE INVESTIMENTO;11932017;;;81373;b2;3;13;SAO PAULO;SP;06/2017;0;0;0;1.214.768;0;1.214.768;0;0;0;0;0;0;0;224.917;1.439.685;69.238;989.532;2.498.455;0;312.055;2.810.510
BANCO CATERPILLAR S.A.;2658435;;;81397;b2;3;8;SAO PAULO;SP;06/2017;0;0;210.783;0;0;210.783;0;0;0;0;0;0;0;1.715.739;1.926.522;2.289;97.647;2.026.458;14.596;751.138;2.792.191
SICOOB COCRED COOPERATIVA DE CRÉDITO;71328769;;;;b3S;2;9;SERTAOZINHO;SP;06/2017;188.644;0;0;860.076;7.423;1.056.143;0;0;380.955;0;0;0;380.955;89.417;1.526.515;0;908.457;2.434.972;0;349.330;2.784.302
CITIBANK DISTRIBUIDORA DE TITULOS E VALORES MOBILIARIOS S.A;33868597;CITIBANK;30403;80192;n2;3;16;SAO PAULO;SP;06/2017;0;0;0;0;0;0;0;0;0;0;0;0;0;0;0;0;2.499.283;2.499.283;5.076;236.006;2.740.366
BANCO BOAVISTA INTERATLANTICO S.A.;33485541;BRADESCO;10045;80075;b1;2;8;OSASCO;SP;06/2017;0;0;0;0;0;0;0;0;0;0;0;0;0;0;0;0;41.852;41.852;0;2.583.859;2.625.711
ITAU CORRETORA DE VALORES S.A.;61194353;ITAU;10069;80099;n2;2;15;SAO PAULO;SP;06/2017;0;0;0;0;0;0;0;0;0;0;0;0;0;0;0;0;1.427.112;1.427.112;0;1.173.531;2.600.644
PERNAMBUCANAS FINANCIADORA S.A. - CRÉDITO, FINANCIAMENTO E INVESTIMENTO;43180355;;;80305;n1;2;14;SAO PAULO;SP;06/2017;0;0;308.796;0;0;308.796;0;0;0;0;0;93.722;93.722;0;402.519;0;1.540.396;1.942.915;0;588.168;2.531.083
COOPERATIVA CENTRAL DE CRÉDITO DO NORTE/NORDESTE - CENTRAL SICREDI NORTE/NORDESTE;70119680;;;;b3C;2;9;CABEDELO;PB;06/2017;0;0;0;0;0;0;0;0;0;0;0;0;0;0;0;0;2.358.123;2.358.123;0;149.900;2.508.023
COOPERATIVA CENTRAL DE CRÉDITO RURAL COM INTERAÇÃO SOLIDÁRIA - CENTRAL CRESOL BASER;1401771;;;;b3C;2;9;FRANCISCO BELTRAO;PR;06/2017;0;0;0;0;0;0;0;0;0;0;0;0;0;1.683.831;1.683.831;0;732.245;2.416.076;0;80.666;2.496.742
CREDICOAMO CREDITO RURAL COOPERATIVA;81723108;;;;b3S;2;9;CAMPO MOURAO;PR;06/2017;68.504;0;0;572.544;0;641.048;0;0;0;0;0;0;0;1.230.968;1.872.016;0;57.209;1.929.224;0;529.870;2.459.094
COOPERATIVA CENTRAL DE CREDITO DO ESPIRITO SANTO - SICOOB CENTRAL ES;32428294;;;;b3C;2;9;VITORIA;ES;06/2017;0;0;0;42.472;0;42.472;0;0;0;0;0;0;0;156.056;198.529;0;2.060.926;2.259.455;0;115.574;2.375.029
BANCO BONSUCESSO S.A.;71027866;;;80422;b1;2;8;BELO HORIZONTE;MG;06/2017;10.033;0;117.984;1.123.833;127;1.251.977;0;60.848;0;605;0;0;61.453;5.085;1.318.514;34;470.471;1.789.019;40;514.498;2.303.557
CCB BRASIL S.A. - CRÉDITO, FINANCIAMENTOS E INVESTIMENTOS;92764489;CCB;32119;80295;n1;3;14;SAO PAULO;SP;06/2017;0;0;2.150.878;0;0;2.150.878;0;0;0;0;0;297;297;0;2.151.176;0;38.102;2.189.278;0;92.502;2.281.780
BANCO TRIANGULO S.A.;17351180;;;81438;b1;2;8;UBERLANDIA;MG;06/2017;172.488;0;42.200;727.708;20.370;962.766;0;130.315;0;224.278;0;0;354.593;132.079;1.449.438;0;353.941;1.803.379;49;463.868;2.267.296
BANCO ITAÚ BBA S.A.;17298092;ITAU;10069;80099;b1;2;8;SAO PAULO;SP;06/2017;0;0;0;0;0;0;0;0;0;0;0;0;0;0;0;0;215.597;215.597;0;2.042.694;2.258.291
ALFA ARRENDAMENTO MERCANTIL S.A.;46570800;ALFA;51293;80570;n1;2;19;SAO PAULO;SP;06/2017;0;0;0;0;0;0;0;0;0;0;0;1.753.891;1.753.891;0;1.753.891;12;138.611;1.892.514;45;312.601;2.205.159
COOPERATIVA DE CRÉDITO, POUPANÇA E INVESTIMENTO UNIÃO PARANÁ/SÃO PAULO - SICREDI UNIÃO PR/SP;79342069;;;;b3S;2;9;MARINGA;PR;06/2017;261.259;0;427;1.054.584;11.458;1.327.729;0;0;0;0;0;0;0;16.859;1.344.588;0;537.905;1.882.493;0;282.264;2.164.757
COOPERFORTE - COOPERATIVA DE ECONOMIA E CRÉDITO MÚTUO DOS FUNCIONÁRIOS DE INSTITUIÇÕES FINANCEIRAS PÚBLICAS FEDERAIS LTDA.;1658426;;;;b3S;2;9;BRASILIA;DF;06/2017;20;0;0;1.205.887;399.225;1.605.132;0;0;0;0;0;0;0;8.092;1.613.224;0;66.065;1.679.289;0;478.788;2.158.077
COOPERATIVA DE CRÉDITO, POUPANÇA E INVESTIMENTO SICREDI PIONEIRA RS - SICREDI PIONEIRA RS;91586982;;;;b3S;2;9;NOVA PETROPOLIS;RS;06/2017;170.339;0;0;1.450.080;15.697;1.636.116;0;0;0;0;0;0;0;16.393;1.652.509;0;169.965;1.822.474;0;315.549;2.138.024
COOPERATIVA CENTRAL DE ECONOMIA E CRÉDITO MÚTUO DAS UNICRED'S DE SANTA CATARINA E DO PARANÁ LTDA - UNICRED CENTRAL SC/PR;543968;;;;b3C;2;9;FLORIANOPOLIS;SC;06/2017;0;0;0;0;0;0;0;0;0;0;0;0;0;0;0;0;2.042.446;2.042.446;0;80.151;2.122.597
BANCO CAIXA GERAL - BRASIL S.A.;33466988;CAIXA GERAL;51815;80927;b1;3;8;SAO PAULO;SP;06/2017;13.374;0;151.672;459.893;0;624.938;217.167;47.856;96.859;32.225;0;0;176.940;476.266;1.495.312;30.249;152.791;1.678.353;557;405.056;2.083.966
SICOOB CREDICOM - COOPERATIVA DE ECONOMIA E CRÉDITO MÚTUO DOS MÉDICOS E PROFISSIONAIS DA ÁREA DE SAÚDE DE MINAS GERAIS LTDA.;42898825;;;;b3S;2;9;BELO HORIZONTE;MG;06/2017;260.723;0;0;1.390.126;36.261;1.687.110;0;0;0;0;0;0;0;0;1.687.110;0;41.527;1.728.638;0;278.231;2.006.868
COOPERATIVA DE CRÉDITO, POUPANÇA E INVESTIMENTO OURO VERDE DO MATO GROSSO - SICREDI OURO VERDE MT;26529420;;;;b3S;2;9;LUCAS DO RIO VERDE;MT;06/2017;224.598;0;0;641.322;4.827;870.747;0;0;0;0;0;0;0;134.496;1.005.244;0;515.844;1.521.088;0;472.402;1.993.490
CENTRAL DAS COOPERATIVAS DE CREDITO UNICOOB - SICOOB CENTRAL UNICOOB;5036532;;;;b3C;2;9;MARINGA;PR;06/2017;0;0;0;0;0;0;0;0;0;0;0;0;0;0;0;0;1.872.313;1.872.313;0;90.061;1.962.374
COOPERATIVA DE CRÉDITO, POUPANÇA E INVESTIMENTO VANGUARDA DA REGIÃO DAS CATARATAS DO IGUAÇU E VALE DO PARAÍBA - SICREDI VANGUARDA PR/SP/RJ;78414067;;;;b3S;2;9;MEDIANEIRA;PR;06/2017;200.585;0;0;952.142;8.005;1.160.732;0;0;0;0;0;0;0;15.751;1.176.483;0;394.423;1.570.906;0;303.992;1.874.898
BANCO PSA FINANCE BRASIL S.A.;3502961;SANTANDER;30379;80185;b2;3;8;SAO PAULO;SP;06/2017;0;0;1.021.125;152.350;0;1.173.475;0;0;0;0;0;0;0;0;1.173.475;0;311.469;1.484.944;96.111;292.454;1.873.509
AGÊNCIA DE FOMENTO DO PARANÁ S.A.;3584906;;;81115;n1;1;30;CURITIBA;PR;06/2017;0;0;0;0;0;0;0;0;0;0;0;0;0;190.115;190.115;0;84.891;275.006;0;1.555.901;1.830.906
BANCO RENDIMENTO S.A.;68900810;RENDIMENTO;51468;80659;b1;2;2;SAO PAULO;SP;06/2017;44.673;0;56.884;627.126;106.355;835.038;12.167;39.816;0;0;0;0;39.816;63.659;950.680;0;700.653;1.651.333;420;178.957;1.830.711
COOPERATIVA CENTRAL DE CRÉDITO DE GOIÁS LTDA;33416108;;;;b3C;2;9;GOIANIA;GO;06/2017;0;0;0;0;0;0;0;0;0;0;0;0;0;0;0;0;1.711.152;1.711.152;0;110.713;1.821.866
SCANIA BANCO S.A.;11417016;;;80776;b2;3;8;SAO BERNARDO DO CAMPO;SP;06/2017;0;0;0;0;0;0;0;0;0;0;0;0;0;1.471.203;1.471.203;0;97.022;1.568.225;2.492;245.722;1.816.439
BANCO RODOBENS S.A.;33603457;;;80855;b1;2;8;SAO PAULO;SP;06/2017;4.092;0;752;268.345;0;273.188;0;375.644;0;44.978;0;0;420.622;338.803;1.032.613;1.763;152.804;1.187.180;1.671;608.179;1.797.030
UNIPRIME NORTE DO PARANA - COOPERATIVA DE ECONOMIA E CRÉDITO MÚTUO DOS MÉDICOS, PROFISSIONAIS DAS CIÊNCIAS E DAS ARTES E EMPRESÁRIOS LTDA.;2398976;;;;b3S;2;9;LONDRINA;PR;06/2017;169.937;0;0;974.778;5.826;1.150.541;0;0;0;0;0;0;0;4.784;1.155.324;0;68.003;1.223.327;0;526.026;1.749.353
COOPERATIVA CENTRAL DE CRÉDITO, POUPANÇA E INVESTIMENTO DE MATO GROSSO DO SUL, GOIÁS, DISTRITO FEDERAL E TOCANTINS – CENTRAL SICREDI BRASIL CENTRAL;33737818;;;;b3C;2;9;GOIANIA;GO;06/2017;0;0;0;0;0;0;0;0;0;0;0;0;0;0;0;0;1.684.695;1.684.695;0;35.912;1.720.608
COOPERATIVA DE CRÉDITO MAXI ALFA DE LIVRE ADMISSÃO DE ASSOCIADOS - SICOOB MAXICRÉDITO;78825270;;;;b3S;2;9;CHAPECO;SC;06/2017;167.334;0;0;1.135.512;5.776;1.308.623;0;0;7.345;0;0;0;7.345;7.460;1.323.428;0;180.777;1.504.205;0;207.417;1.711.622
UNIPRIME CENTRAL - CENTRAL INTERESTADUAL DE COOPERATIVAS DE CREDITO LTDA.;3046391;;;;b3C;2;9;LONDRINA;PR;06/2017;0;0;0;0;0;0;0;0;0;0;0;0;0;6.901;6.901;0;1.641.848;1.648.749;0;22.582;1.671.331
COOPERATIVA DE CRÉDITO, POUPANÇA E INVESTIMENTO DE CARLOS BARBOSA - SICREDI SERRANA RS;90608712;;;;b3S;2;9;CARLOS BARBOSA;RS;06/2017;145.401;0;0;1.056.767;20.760;1.222.929;0;0;0;0;0;0;0;9.286;1.232.215;0;182.713;1.414.928;0;215.504;1.630.431
COOPERATIVA DE CRÉDITO, POUPANÇA E INVESTIMENTO DA REGIÃO DOS VALES - SICREDI REGIÃO DOS VALES RS;89126130;;;;b3S;2;9;ENCANTADO;RS;06/2017;84.312;0;2.185;1.048.808;20.551;1.155.855;0;0;0;0;0;0;0;13.920;1.169.775;0;114.894;1.284.669;0;330.280;1.614.949
BANCO ABN AMRO S.A.;3532415;;;81579;b1;3;8;SAO PAULO;SP;06/2017;420;0;0;3.338;0;3.758;0;0;248.035;0;0;0;248.035;712.058;963.852;1.775;90.449;1.056.076;5.217;550.993;1.612.286
COOPERATIVA DE CRÉDITO DE LIVRE ADMISSÃO DE ASSOCIADOS SERRO AZUL - SICREDI UNIÃO RS;88894548;;;;b3S;2;9;CERRO LARGO;RS;06/2017;147.867;0;4.125;785.838;13.888;951.718;0;0;0;0;0;0;0;14.528;966.246;0;324.876;1.291.122;0;304.683;1.595.805
MORGAN STANLEY CORRETORA DE TÍTULOS E VALORES MOBILIÁRIOS S.A.;4323351;MORGAN STANLEY;51413;80628;n2;3;15;SAO PAULO;SP;06/2017;0;0;0;0;0;0;0;0;0;0;0;0;0;0;0;0;540.035;540.035;0;1.015.534;1.555.570
DESENVOLVE SP - AGÊNCIA DE FOMENTO DO ESTADO DE SÃO PAULO S.A.;10663610;;;81153;n1;1;30;SAO PAULO;SP;06/2017;52;0;0;0;0;52;0;0;0;0;0;0;0;459.726;459.778;0;33.898;493.676;0;1.058.570;1.552.246
CENTRAL DE COOPERATIVAS DE ECONOMIA E CRÉDITO MÚTUO DO ESTADO DO RIO GRANDE DO SUL LTDA - UNICRED CENTRAL RS;1634601;;;;b3C;2;9;PORTO ALEGRE;RS;06/2017;0;0;0;0;0;0;0;0;0;0;0;0;0;0;0;0;1.485.851;1.485.851;0;44.119;1.529.970
COOPERATIVA DE CRÉDITO, POUPANÇA E INVESTIMENTO VALE DO PIQUIRI ABCD - SICREDI VALE DO PIQUIRI ABCD PR/SP;81099491;;;;b3S;2;9;PALOTINA;PR;06/2017;134.380;0;0;744.755;4.290;883.425;0;0;0;0;0;0;0;13.899;897.324;0;397.704;1.295.027;0;225.919;1.520.946
BANCO DE DESENVOLVIMENTO DO ESPIRITO SANTO S.A.;28145829;;;81304;b4;1;5;VITORIA;ES;06/2017;10.353;0;0;9.949;0;20.302;0;0;0;0;0;0;0;824.114;844.416;0;213.115;1.057.531;1;449.162;1.506.695
BANCO CREDIT SUISSE (BRASIL) S.A.;32062580;CREDIT SUISSE;30771;80219;b1;3;8;SAO PAULO;SP;06/2017;4.714;0;0;1.217.518;0;1.222.232;0;0;0;67.073;0;0;67.073;0;1.289.304;0;11.475;1.300.779;480;172.242;1.473.501
COOPERATIVA DE CRÉDITO DE LIVRE ADMISSÃO CENTRO BRASILEIRA LTDA.;37395399;;;;b3S;2;9;GOIANIA;GO;06/2017;206.580;0;0;871.392;0;1.077.972;0;0;12.882;0;0;0;12.882;0;1.090.854;0;76.644;1.167.498;0;301.151;1.468.649
COOPERATIVA DE CRÉDITO, POUPANÇA E INVESTIMENTO SORRISO - SICREDI CELEIRO DO MT;26555235;;;;b3S;2;9;SORRISO;MT;06/2017;206.733;0;4.236;491.289;893;703.151;0;0;0;0;0;0;0;9.421;712.572;0;437.297;1.149.869;0;297.772;1.447.641
BANCO MÁXIMA S.A.;33923798;MÁXIMA;50201;80367;b1;2;2;RIO DE JANEIRO;RJ;06/2017;3.264;0;0;885.523;0;888.788;42.488;294.202;0;0;0;0;294.202;0;1.225.478;0;97.229;1.322.707;0;63.830;1.386.536
BMW FINANCEIRA S.A. - CREDITO, FINANCIAMENTO E INVESTIMENTO;4452473;BMW;51420;80635;n1;3;14;SAO PAULO;SP;06/2017;0;0;465.122;40.524;0;505.647;0;0;0;0;0;0;0;535.738;1.041.385;21.055;35.882;1.098.322;11.024;261.201;1.370.548
CREDIT SUISSE (BRASIL) S.A. CORRETORA DE TÍTULOS E VALORES MOBILIÁRIOS;42584318;CREDIT SUISSE;30771;80219;n2;3;15;SAO PAULO;SP;06/2017;0;0;0;0;0;0;0;0;0;0;0;0;0;0;0;0;951.667;951.667;0;409.852;1.361.518
J.P. MORGAN CORRETORA DE CAMBIO E VALORES MOBILIARIOS S.A.;32588139;JP MORGAN CHASE;20107;80116;n2;3;15;SAO PAULO;SP;06/2017;0;0;0;0;0;0;0;0;0;0;0;0;0;0;0;0;673.408;673.408;0;673.240;1.346.648
COOPERATIVA DE CRÉDITO UNICRED DA GRANDE FLORIANÓPOLIS LTDA - UNICRED FLORIANÓPOLIS;74064502;;;;b3S;2;9;FLORIANOPOLIS;SC;06/2017;118.414;0;0;935.519;681;1.054.615;0;0;0;0;0;0;0;0;1.054.615;0;30.475;1.085.090;0;241.479;1.326.568
HP FINANCIAL SERVICES ARRENDAMENTO MERCANTIL S.A.;97406706;;;82987;n1;3;19;BARUERI;SP;06/2017;0;0;0;0;0;0;0;0;0;0;0;0;0;559.437;559.437;0;201.245;760.682;0;565.216;1.325.898
COOPERATIVA DE CRÉDITO, POUPANÇA E INVESTIMENTO DO CENTRO SUL DO MATO GROSSO DO SUL – SICREDI CENTRO-SUL MS;26408161;;;;b3S;2;9;DOURADOS;MS;06/2017;161.195;0;0;507.103;1.986;670.284;0;0;0;0;0;0;0;0;670.284;0;333.838;1.004.122;0;292.608;1.296.730
BB GESTÃO DE RECURSOS - DISTRIBUIDORA DE TÍTULOS E VALORES MOBILIÁRIOS S.A.;30822936;BB;49906;80329;n2;1;16;BRASILIA;DF;06/2017;0;0;0;0;0;0;0;0;0;0;0;0;0;0;0;0;1.164.114;1.164.114;0;131.633;1.295.747
BANCO GUANABARA S.A.;31880826;;;81672;b1;2;8;RIO DE JANEIRO;RJ;06/2017;19.428;0;0;1.042.820;0;1.062.248;0;41.652;0;0;0;0;41.652;32.306;1.136.205;0;15.925;1.152.130;47;139.678;1.291.854
HSBC BRASIL S.A. - BANCO DE INVESTIMENTO;53518684;;;80525;b2;3;13;SAO PAULO;SP;06/2017;0;0;11.339;0;0;11.339;0;0;0;0;0;0;0;0;11.339;50.686;118.953;180.977;0;1.102.233;1.283.210
CENTRAL DAS COOPERATIVAS DE CRÉDITO DO ESTADO DE SÃO PAULO - SICOOB CENTRAL CECRESP;62931522;;;;b3C;2;9;SAO PAULO;SP;06/2017;0;0;0;1.061.369;0;1.061.369;0;0;0;0;0;0;0;0;1.061.369;0;116.676;1.178.045;0;104.282;1.282.327
ITAÚ DISTRIBUIDORA DE TÍTULOS E VALORES MOBILIÁRIOS S.A.;33311713;ITAU;10069;80099;n2;2;16;SAO PAULO;SP;06/2017;0;0;0;0;0;0;0;0;0;0;0;0;0;0;0;0;586.909;586.909;95;693.880;1.280.883
COOPERATIVA DE CRÉDITO DE LIVRE ADMISSÃO DE ASSOCIADOS DO NORTE DO RIO GRANDE DO SUL E OESTE DE SANTA CATARINA - SICREDI NORTE RS/SC;87780268;;;;b3S;2;9;ERECHIM;RS;06/2017;119.751;0;0;641.009;23.297;784.057;0;0;0;0;0;0;0;8.150;792.207;0;269.336;1.061.543;0;171.227;1.232.770
BANCO LUSO BRASILEIRO S.A.;59118133;;;81706;b1;2;8;SAO PAULO;SP;06/2017;17.261;0;0;910.351;0;927.612;0;39.166;0;0;0;0;39.166;86.526;1.053.304;0;22.710;1.076.015;39;155.395;1.231.448
DESENBAHIA - AGENCIA DE FOMENTO DO ESTADO DA BAHIA S.A.;15163587;;;81067;n1;1;30;SALVADOR;BA;06/2017;0;0;0;0;0;0;0;0;0;0;0;0;0;595.574;595.574;0;95.381;690.955;0;537.826;1.228.781
COOPERATIVA DE CRÉDITO, POUPANÇA E INVESTIMENTO CAMPOS GERAIS - SICREDI CAMPOS GERAIS PR/SP;81466286;;;;b3S;2;9;PONTA GROSSA;PR;06/2017;136.187;0;0;728.021;2.484;866.692;0;0;0;0;0;0;0;7.049;873.741;0;174.712;1.048.453;0;168.282;1.216.735
BANCO A.J. RENNER S.A.;92874270;;;81799;b1;2;8;PORTO ALEGRE;RS;06/2017;76.455;0;0;830.873;0;907.328;0;0;0;0;0;0;0;0;907.328;8;173.731;1.081.067;0;131.273;1.212.340
BRB - CREDITO, FINANCIAMENTO E INVESTIMENTO S/A;33136888;BRB;31976;80288;n1;1;14;BRASILIA;DF;06/2017;0;0;1.078.410;0;0;1.078.410;0;0;0;0;0;0;0;0;1.078.410;0;19.977;1.098.387;0;102.773;1.201.160
COOPERATIVA DE CRÉDITO DE LIVRE ADMISSÃO LESTE CAPIXABA - SICOOB LESTE CAPIXABA;32430233;;;;b3S;2;9;LINHARES;ES;06/2017;152.317;0;0;539.386;1.624;693.327;0;0;0;0;0;0;0;9.634;702.961;0;175.446;878.407;0;320.860;1.199.268
COOPERATIVA DE CRÉDITO DE LIVRE ADMISSÃO DA REGIÃO DE GUARIBA;44469161;;;;b3S;2;9;GUARIBA;SP;06/2017;37.538;0;0;542.510;7.399;587.448;0;0;22.853;0;0;0;22.853;443;610.744;0;417.584;1.028.328;0;163.161;1.191.489
BCV - BANCO DE CRÉDITO E VAREJO S.A.;50585090;BMG;30290;80178;b1;2;8;SAO PAULO;SP;06/2017;0;0;0;0;0;0;0;0;0;0;0;0;0;0;0;0;36.639;36.639;0;1.141.538;1.178.178
BANCO CBSS S.A.;27098060;;;84655;b2;3;8;BARUERI;SP;06/2017;0;0;429.115;4.382;0;433.497;0;0;0;0;0;0;0;0;433.497;0;285.725;719.222;0;410.842;1.130.065
COOPERATIVA DE CRÉDITO DE LIVRE ADMISSÃO DE ASSOCIADOS DA REGIÃO CENTRO DO RGS - SICREDI REGIÃO CENTRO;95594941;;;;b3S;2;9;SANTA MARIA;RS;06/2017;100.822;0;0;537.653;13.909;652.384;0;0;0;0;0;0;0;12.721;665.105;0;218.617;883.722;0;235.096;1.118.818
COOPERATIVA DE CRÉDITO DE LIVRE ADMISSÃO - SICOOB CREDICOONAI;53923116;;;;b3S;2;9;RIBEIRAO PRETO;SP;06/2017;83.234;0;0;456.467;16.783;556.483;0;0;20.329;0;0;0;20.329;6.433;583.245;0;311.819;895.064;0;184.895;1.079.959
COOPERATIVA DE CRÉDITO DE LIVRE ADMISSÃO DE ASSOCIADOS SÃO MIGUEL DO OESTE - SICOOB SÃO MIGUEL SC;81607046;;;;b3S;2;9;SAO MIGUEL D'OESTE;SC;06/2017;78.990;0;0;638.193;7.419;724.602;0;0;0;0;0;0;0;8.612;733.214;0;162.979;896.193;0;179.956;1.076.149
MERRILL LYNCH S.A. CORRETORA DE TÍTULOS E VALORES MOBILIÁRIOS;2670590;BOFA MERRILL LYNCH;51255;80556;n2;3;15;SAO PAULO;SP;06/2017;0;0;0;0;0;0;0;0;0;0;0;0;0;0;0;0;856.863;856.863;0;214.821;1.071.684
JPMORGAN CHASE BANK, NATIONAL ASSOCIATION;46518205;JP MORGAN CHASE;20107;80116;b1;3;28;SAO PAULO;SP;06/2017;0;0;0;12.433;0;12.433;0;0;0;0;0;0;0;0;12.433;52.662;603.566;668.661;0;386.556;1.055.217
COOPERATIVA DE CRÉDITO DE LIVRE ADMISSÃO DE ASSOCIADOS PLANALTO   SICREDI PLANALTO RS/SC;88038260;;;;b3S;2;9;CRUZ ALTA;RS;06/2017;86.489;0;633;377.542;3.871;468.535;0;0;0;0;0;0;0;12.098;480.633;0;280.574;761.207;0;291.953;1.053.160
COOPERATIVA DE CRÉDITO SICREDI JOÃO PESSOA;35571249;;;;b3S;2;9;JOAO PESSOA;PB;06/2017;101.911;0;0;596.707;0;698.618;0;0;0;0;0;0;0;0;698.618;0;54.659;753.277;0;299.349;1.052.626
CENTRAL DAS COOPERATIVAS DE CRÉDITO DO BRASIL CENTRAL, AMAZONAS OCIDENTAL E MUNICÍPIO DE UBÁ;4243780;;;;b3C;2;9;GOIANIA;GO;06/2017;0;0;0;0;0;0;0;0;0;0;0;0;0;0;0;0;988.710;988.710;0;63.739;1.052.449
COOPERATIVA DE CRÉDITO DE LIVRE ADMISSÃO SUL-SERRANA DO ESPÍRITO SANTO;815319;;;;b3S;2;9;VENDA NOVA DO IMIGRANTE;ES;06/2017;140.297;0;0;549.930;9.586;699.814;0;0;0;0;0;0;0;8.343;708.157;0;114.697;822.854;0;229.583;1.052.438
SANTANDER CORRETORA DE CÂMBIO E VALORES MOBILIÁRIOS S.A.;51014223;SANTANDER;30379;80185;n2;3;15;SAO PAULO;SP;06/2017;0;0;0;0;0;0;0;0;0;0;0;0;0;0;0;0;490.112;490.112;0;559.381;1.049.492
BANCO KDB DO BRASIL S.A.;7656500;;;81603;b1;3;8;SAO PAULO;SP;06/2017;4.298;0;0;97.124;0;101.422;0;0;0;0;0;0;0;663.047;764.469;1.624;71.696;837.789;1.254;205.039;1.044.082
COOPERATIVA CENTRAL DE CRÉDITO RURAL COM INTERAÇÃO SOLIDÁRIA - CRESOL CENTRAL SC/RS;7202627;;;;b3C;2;9;CHAPECO;SC;06/2017;43;0;0;0;0;43;0;0;0;0;0;0;0;544.650;544.693;0;454.151;998.844;0;38.472;1.037.316
COOPERATIVA DE POUPANÇA E CRÉDITO DE LIVRE ADMISSÃO DA REGIÃO DE MARINGÁ - SICOOB METROPOLITANO;3459850;;;;b3S;2;9;MARINGA;PR;06/2017;171.883;0;0;617.006;5.583;794.472;0;0;19.844;0;0;0;19.844;0;814.316;0;82.989;897.305;0;129.736;1.027.042
AGÊNCIA DE FOMENTO DO ESTADO DE SANTA CATARINA S.A.-BADESC;82937293;;;81074;n1;1;30;FLORIANOPOLIS;SC;06/2017;0;0;0;0;0;0;0;0;0;0;0;0;0;458.951;458.951;0;32.335;491.286;0;534.518;1.025.804
COOPERATIVA DE CRÉDITO, POUPANÇA E INVESTIMENTO DO ARAGUAIA E XINGU - SICREDI ARAXINGU;33021064;;;;b3S;2;9;CANARANA;MT;06/2017;123.594;0;4.680;172.741;1.402;302.417;0;0;0;0;0;0;0;144.433;446.850;0;379.525;826.375;0;195.556;1.021.931
COOPERATIVA DE CRÉDITO DE LIVRE ADMISSÃO DE ASSOCIADOS PAMPA GAÚCHO - SICREDI PAMPA GAÚCHO;87733077;;;;b3S;2;9;ITAQUI;RS;06/2017;92.912;0;0;293.485;11.883;398.280;0;0;0;0;0;0;0;13.120;411.399;0;312.831;724.231;0;297.349;1.021.580
BANCO FORD S.A.;90731688;;;81782;b2;3;8;SAO PAULO;SP;06/2017;0;0;390.891;146.873;0;537.764;0;0;0;226.802;0;0;226.802;0;764.566;0;28.472;793.038;0;228.174;1.021.213
COOPERATIVA DE ECONOMIA E CREDITO MUTUO DOS MEDICOS DE PORTO ALEGRE LTDA-UNICRED PORTO ALEGRE;94433109;;;;b3S;2;9;PORTO ALEGRE;RS;06/2017;85.026;0;0;751.218;17.160;853.404;0;0;0;0;0;0;0;0;853.404;0;24.731;878.135;0;136.319;1.014.454
BANCO FATOR S.A.;33644196;FATOR;50122;80350;b1;2;8;SAO PAULO;SP;06/2017;6.349;0;16.064;557.666;0;580.079;58.803;20.114;2.583;0;0;0;22.697;0;661.578;463;8.444;670.486;5;322.809;993.300
SANTANDER SECURITIES SERVICES BRASIL DISTRIBUIDORA DE TÍTULOS E VALORES MOBILIÁRIOS S.A.;62318407;SANTANDER;30379;80185;n2;3;16;SAO PAULO;SP;06/2017;0;0;0;0;0;0;0;0;0;0;0;0;0;0;0;0;65.332;65.332;0;918.451;983.783
CREDIT SUISSE HEDGING-GRIFFO CORRETORA DE VALORES S.A;61809182;CREDIT SUISSE;30771;80219;n2;3;15;SAO PAULO;SP;06/2017;0;0;0;0;0;0;0;0;0;0;0;0;0;0;0;1.844;742.274;744.118;0;238.002;982.120
DACASA FINANCEIRA S/A - SOCIEDADE DE CRÉDITO, FINANCIAMENTO E INVESTIMENTO;27406222;DACASA FINANCEIRA;51891;81005;n1;2;14;VITORIA;ES;06/2017;0;0;0;180.579;0;180.579;0;0;0;0;0;534.014;534.014;0;714.593;0;148.720;863.313;0;104.554;967.866
COOPERATIVA DE CRÉDITO, POUPANÇA E INVESTIMENTO DO SUDOESTE MT/PA - SICREDI SUDOESTE MT/PA;32995755;;;;b3S;2;9;TANGARA DA SERRA;MT;06/2017;150.717;0;0;381.597;1.784;534.099;0;0;0;0;0;0;0;5.743;539.842;0;213.356;753.199;0;209.737;962.936
CITIGROUP GLOBAL MARKETS BRASIL, CORRETORA DE CÂMBIO, TÍTULOS E VALORES MOBILIÁRIOS S.A.;33709114;CITIBANK;30403;80192;n2;3;15;SAO PAULO;SP;06/2017;0;0;0;0;0;0;0;0;0;0;0;0;0;0;0;0;420.121;420.121;0;531.977;952.098
SG EQUIPMENT FINANCE S.A. ARRENDAMENTO MERCANTIL;62816426;SOCIETE GENERALE;31859;80264;n1;3;19;SAO PAULO;SP;06/2017;0;0;495.585;0;0;495.585;0;0;0;0;0;0;0;182.257;677.842;31.207;125.214;834.262;19.713;96.343;950.318
COOPERATIVA DE CRÉDITO UNICRED CENTRAL MULTIRREGIONAL LTDA. - UCM;184068;;;;b3C;2;9;BELO HORIZONTE;MG;06/2017;0;0;0;0;0;0;0;0;0;0;0;0;0;0;0;0;915.827;915.827;0;34.259;950.086
MERCANTIL DO BRASIL FINANCEIRA S.A. - CRÉDITO, FINANCIAMENTO E INVESTIMENTOS;33040601;MERCANTIL DO BRASIL;20152;80123;n1;2;14;BELO HORIZONTE;MG;06/2017;0;0;389.092;191.006;0;580.098;0;0;0;0;0;0;0;0;580.098;0;139.086;719.184;0;204.422;923.607
COOPERATIVA DE CRÉDITO DE LIVRE ADMISSÃO SUL DO ESPÍRITO SANTO - SICOOB SUL;32467086;;;;b3S;2;9;CACHOEIRO DE ITAPEMIRIM;ES;06/2017;109.506;0;0;420.781;25.462;555.749;0;0;0;0;0;0;0;7.560;563.309;0;124.274;687.583;0;228.000;915.583
J.P. MORGAN S.A. - DISTRIBUIDORA DE TÍTULOS E VALORES MOBILIÁRIOS;33851205;JP MORGAN CHASE;20107;80116;n2;3;16;SAO PAULO;SP;06/2017;0;0;0;0;0;0;0;0;0;0;0;0;0;0;0;0;467.064;467.064;0;438.650;905.714
ICBC DO BRASIL BANCO MÚLTIPLO S.A.;17453575;;;81830;b1;3;8;SAO PAULO;SP;06/2017;32.947;0;0;186.791;0;219.738;0;0;66.092;0;0;0;66.092;311.364;597.194;0;88.272;685.466;0;217.234;902.700
BANCO AGIPLAN S.A.;10664513;AGIPLAN;51956;83694;b1;2;2;PORTO ALEGRE;RS;06/2017;2.783;0;0;343.482;0;346.265;0;0;0;0;0;209.173;209.173;0;555.438;0;86.646;642.084;0;259.290;901.374
BRASIL PLURAL S.A. BANCO MÚLTIPLO;45246410;BRASIL PLURAL;51839;80941;b1;2;8;RIO DE JANEIRO;RJ;06/2017;9.000;0;79.952;243.530;0;332.482;288.502;31.432;1.796;0;0;0;33.229;0;654.213;8.002;129.635;791.850;0;102.438;894.288
COOPERATIVA DE CRÉDITO, POUPANÇA E INVESTIMENTO OURO BRANCO – SICREDI OURO BRANCO RS;87853206;;;;b3S;2;9;TEUTONIA;RS;06/2017;91.517;0;366;471.862;13.819;577.564;0;0;0;0;0;0;0;8.105;585.669;0;137.859;723.528;0;168.184;891.711
BANCO DA CHINA BRASIL S.A.;10690848;;;81816;b1;3;8;SAO PAULO;SP;06/2017;53.924;0;0;235.351;2.402;291.677;0;0;0;0;0;0;0;354.241;645.918;9.748;115.343;771.010;243;108.012;879.265
BANCO SEMEAR S.A.;795423;;;81380;b1;2;8;BELO HORIZONTE;MG;06/2017;13.635;0;0;686.495;0;700.130;0;16.370;0;0;0;0;16.370;0;716.500;0;40.538;757.039;1.969;106.720;865.727
COOPERATIVA DE CRÉDITO DE LIVRE ADMISSÃO DE ASSOCIADOS DO LESTE DE SANTA CATARINA E DO PARANÁ LTDA - UNICRED UNIÃO;74114042;;;;b3S;2;9;ITAJAI;SC;06/2017;68.573;0;0;646.764;2.395;717.732;0;0;0;0;0;0;0;0;717.732;0;18.644;736.376;0;122.873;859.249
COOPERATIVA DE CRÉDITO DE LIVRE ADMISSÃO DO SUDOESTE DE MINAS GERAIS E NORDESTE DE SÃO PAULO LTDA - SICOOB AGROCREDI;42873828;;;;b3S;2;9;GUAXUPE;MG;06/2017;97.305;0;0;359.823;1.452;458.580;0;0;0;0;0;0;0;143.649;602.229;0;64.002;666.231;43;187.306;853.581
COOPERATIVA DE CRÉDITO DE LIVRE ADMISSÃO DO SUDOESTE GOIANO;24795049;;;;b3S;2;9;RIO VERDE;GO;06/2017;96.600;0;0;182.582;0;279.182;0;0;106.503;0;0;0;106.503;0;385.684;0;120.909;506.594;0;337.649;844.243
COOPERATIVA DE CRÉDITO DE LIVRE ADMISSÃO NORTE DO ESPÍRITO SANTO - SICOOB NORTE;31815293;;;;b3S;2;9;SAO GABRIEL DA PALHA;ES;06/2017;92.830;0;0;269.034;4.822;366.687;0;0;0;0;0;0;0;7.644;374.331;0;279.497;653.828;0;188.634;842.462
COOPERATIVA DE ECONOMIA E CREDITO MUTUO DOS MEDICOS E DEMAIS PROFISSIONAIS DA AREA DE SAUDE DO ESTADO DE SAO PAULO LTDA    UNICRED DO ESTADO DE SAO PAULO;71884498;;;;b3S;2;9;CAMPINAS;SP;06/2017;88.273;0;0;624.386;5.725;718.384;0;0;0;0;0;0;0;0;718.384;0;17.897;736.282;0;103.151;839.433
COOPERATIVA CENTRAL DE ECONOMIA E CRÉDITO MÚTUO  - SICOOB UNIMAIS;73085573;;;;b3C;2;9;SAO PAULO;SP;06/2017;0;0;0;0;0;0;0;0;0;0;0;0;0;0;0;0;801.251;801.251;0;34.330;835.581
ÁGORA CORRETORA DE TITULOS E VALORES MOBILIARIOS S.A.;74014747;BRADESCO;10045;80075;n2;2;15;OSASCO;SP;06/2017;0;0;0;0;0;0;0;0;0;0;0;0;0;0;0;0;349.085;349.085;0;465.562;814.647
COOPERATIVA DE CRÉDITO DE LIVRE ADMISSÃO DE ASSOCIADOS ALTO URUGUAI - SICREDI ALTO URUGUAI RS/SC;87733770;;;;b3S;2;9;RODEIO BONITO;RS;06/2017;70.500;0;0;421.810;12.516;504.826;0;0;0;0;0;0;0;8.554;513.380;0;114.003;627.383;0;185.089;812.472
COOPERATIVA DE CRÉDITO, POUPANÇA E INVESTIMENTO FRONTEIRAS DO PARANÁ, SANTA CATARINA E SÃO PAULO - SICREDI FRONTEIRAS PR/SC/SP;82527557;;;;b3S;2;9;CAPANEMA;PR;06/2017;93.845;0;0;341.421;4.447;439.712;0;0;0;0;0;0;0;8.596;448.309;0;191.535;639.844;0;158.407;798.251
BANIF - BANCO INTERNACIONAL DO FUNCHAL (BRASIL), S.A.;33884941;BANIF;20255;80130;b1;3;8;SAO PAULO;SP;06/2017;1.859;0;13.079;272.735;0;287.674;1.180;0;0;25.339;0;0;25.339;0;314.193;0;439.950;754.142;2;43.808;797.952
COOPERATIVA DE CRÉDITO, POUPANÇA E INVESTIMENTO DO NORTE MATO-GROSSENSE – SICREDI NORTE MT/PA;37442605;;;;b3S;2;9;COLIDER;MT;06/2017;142.666;0;2.147;214.032;129;358.975;0;0;0;0;0;0;0;46.782;405.757;0;179.411;585.167;0;203.505;788.672
COOPERATIVA DE CRÉDITO, POUPANÇA E INVESTIMENTO DE LAJEADO - SICREDI VALE DO TAQUARI RS;91159764;;;;b3S;2;9;LAJEADO;RS;06/2017;88.359;0;0;462.946;16.312;567.617;0;0;0;0;0;0;0;6.933;574.551;0;45.504;620.055;0;149.588;769.643
COOPERATIVA DE CRÉDITO DE LIVRE ADMISSÃO DE ASSOCIADOS DE IBIRAIARAS - SICREDI IBIRAIARAS - RS;89990501;;;;b3S;2;9;IBIRAIARAS;RS;06/2017;75.818;0;0;411.147;14.117;501.082;0;0;0;0;0;0;0;6.991;508.073;0;106.960;615.033;0;141.770;756.803
BANCO MONEO S.A.;7441209;;;81500;b2;2;8;CAXIAS DO SUL;RS;06/2017;0;0;28.559;0;0;28.559;0;0;0;0;0;0;0;535.953;564.512;0;8.411;572.923;172;174.934;748.029
COOPERATIVA DE CREDITO CENTRO-SERRANA DO ESPIRITO SANTO - SICOOB CENTRO-SERRANO;31804966;;;;b3S;2;9;SANTA MARIA DE JETIBA;ES;06/2017;81.642;0;0;359.090;6.046;446.778;0;0;0;0;0;0;0;5.009;451.787;0;167.462;619.249;0;123.861;743.110
COOPERATIVA DE CRÉDITO, POUPANÇA E INVESTIMENTO UNIÃO DOS ESTADOS DE MATO GROSSO DO SUL, TOCANTINS E OESTE DA BAHIA - SICREDI UNIÃO MS/TO;24654881;;;;b3S;2;9;CAMPO GRANDE;MS;06/2017;112.286;0;0;379.767;285;492.337;0;0;0;0;0;0;0;0;492.337;0;111.450;603.787;0;130.117;733.904
COOPERATIVA CENTRAL DE CRÉDITO DO NORTE DO BRASIL - SICOOB NORTE;3502131;;;;b3C;2;9;PORTO VELHO;RO;06/2017;0;0;0;0;0;0;0;0;0;0;0;0;0;0;0;0;686.882;686.882;0;42.532;729.413
COOPERATIVA DE CRÉDITO DE LIVRE ADMISSÃO DE ASSOCIADOS ALTOS DA SERRA - SICREDI ALTOS DA SERRA RS/SC;92555150;;;;b3S;2;9;TAPEJARA;RS;06/2017;85.023;0;0;332.648;8.437;426.109;0;0;0;0;0;0;0;8.146;434.255;0;144.838;579.093;0;147.809;726.901
COOPERATIVA DE CRÉDITO POUPANÇA E INVESTIMENTO DA ZONA SUL - SICREDI ZONA SUL RS;90497256;;;;b3S;2;9;PELOTAS;RS;06/2017;98.110;0;0;321.254;9.321;428.686;0;0;0;0;0;0;0;6.165;434.850;0;150.788;585.638;0;134.770;720.409
COOPERATIVA DE CRÉDITO DE LIVRE ADMISSÃO DE ASSOCIADOS DO ALTO URUGUAI CATARINENSE - SICOOB - CREDIAUC/SC;78840071;;;;b3S;2;9;CONCORDIA;SC;06/2017;60.711;0;0;428.750;19.948;509.410;0;0;16.597;0;0;0;16.597;2.084;528.091;0;81.582;609.673;0;104.108;713.780
BANCO CIFRA S.A.;62421979;BMG;30290;80178;b1;2;8;SAO PAULO;SP;06/2017;0;0;0;0;0;0;0;0;0;0;0;0;0;0;0;0;28.828;28.828;0;683.720;712.548
CENTRAL DAS COOPERATIVAS DE ECONOMIA E CRÉDITO DO PLANALTO CENTRAL LTDA - SICOOB PLANALTO CENTRAL;692214;;;;b3C;2;9;BRASILIA;DF;06/2017;0;0;0;0;0;0;0;0;0;0;0;0;0;0;0;0;557.318;557.318;0;152.938;710.256
COOPERATIVA DE CRÉDITO DE LIVRE ADMISSÃO DO CENTRO SUL RONDONIENSE - SICOOB CREDIP.;2015588;;;;b3S;2;9;PIMENTA BUENO;RO;06/2017;168.282;0;0;275.036;0;443.318;0;0;28.415;0;0;0;28.415;0;471.733;0;112.988;584.721;0;120.995;705.716
COOPERATIVA DE CRÉDITO DE LIVRE ADMISSÃO DO NORTE DO PARANÁ - SICOOB NORTE DO PARANÁ;5582619;;;;b3S;2;9;LONDRINA;PR;06/2017;95.935;0;0;457.548;6.172;559.655;0;0;2.948;0;0;0;2.948;0;562.604;0;57.770;620.374;0;82.811;703.185
CARUANA S.A. - SOCIEDADE DE CRÉDITO, FINANCIAMENTO E INVESTIMENTO;9313766;;;83591;n1;2;14;SAO PAULO;SP;06/2017;0;0;0;126.056;607;126.662;0;0;0;0;0;471.789;471.789;0;598.451;0;25.249;623.701;0;75.436;699.136
COOPERATIVA DE CRÉDITO E INVESTIMENTO DE LIVRE ADMISSÃO AGROEMPRESARIAL - SICREDI AGROEMPRESARIAL PR/SP;79457883;;;;b3S;2;9;MANDAGUARI;PR;06/2017;73.489;0;0;410.395;1.853;485.738;0;0;0;0;0;0;0;4.704;490.442;0;99.414;589.855;0;98.103;687.958
COOPERATIVA CENTRAL DE CRÉDITO DO RIO DE JANEIRO LTDA.;14568725;;;;b3C;2;9;RIO DE JANEIRO;RJ;06/2017;0;0;0;0;0;0;0;0;0;0;0;0;0;0;0;0;644.409;644.409;0;26.623;671.032
COOPERATIVA DE CRÉDITO, POUPANÇA E INVESTIMENTO CENTRO SERRA - SICREDI CENTRO SERRA RS;87067757;;;;b3S;2;9;AGUDO;RS;06/2017;49.507;0;0;344.037;14.439;407.983;0;0;0;0;0;0;0;8.734;416.717;0;85.251;501.969;0;167.491;669.460
COOPERATIVA DE CRÉDITO DE LIVRE ADMISSÃO DE ASSOCIADOS NOROESTE DO RIO GRANDE DO SUL - SICREDI NOROESTE RS;89049738;;;;b3S;2;9;TRES DE MAIO;RS;06/2017;49.925;0;0;306.528;6.909;363.361;0;0;0;0;0;0;0;9.780;373.141;0;94.411;467.553;0;191.278;658.830
COOPERATIVA DE CRÉDITO DE LIVRE ADMISSÃO DE ASSOCIADOS ALIANÇA RS/SC - SICREDI ALIANÇA RS/SC;87795639;;;;b3S;2;9;MARAU;RS;06/2017;72.933;0;0;319.326;10.622;402.882;0;0;0;0;0;0;0;5.266;408.147;0;128.280;536.427;0;110.045;646.472
COOPERATIVA DE CRÉDITO DE LIVRE ADMISSÃO DE ASSOCIADOS DO VALE DO JURUENA - SICREDI UNIVALES MT/RO;70431630;;;;b3S;2;9;JUINA;MT;06/2017;139.814;0;0;119.967;975;260.756;0;0;0;0;0;0;0;5.931;266.687;0;133.792;400.479;0;243.470;643.949
BANCO YAMAHA MOTOR DO BRASIL S.A.;10371492;;;80721;b2;3;8;GUARULHOS;SP;06/2017;0;0;160.402;163.960;0;324.363;0;0;0;20.042;0;0;20.042;111.769;456.174;24.610;18.985;499.769;11.710;130.726;642.204
COOPERATIVA DE CRÉDITO DE LIVRE ADMISSÃO DO SUDOESTE DA AMAZÔNIA LTDA. - SICOOB CREDISUL.;3632872;;;;b3S;2;9;VILHENA;RO;06/2017;159.637;0;0;211.204;140;370.981;0;0;31.860;0;0;0;31.860;0;402.842;0;105.027;507.868;0;133.470;641.338
COOPERATIVA DE CRÉDITO DE LIVRE ADMISSÃO DE ASSOCIADOS VALE DO CERRADO - SICREDI VALE DO CERRADO;32983165;;;;b3S;2;9;CAMPO VERDE;MT;06/2017;71.192;0;0;146.373;1.035;218.600;0;0;0;0;0;0;0;86.256;304.856;0;214.328;519.184;0;121.381;640.565
COOPERATIVA DE CRÉDITO DE LIVRE ADMISSÃO DE ASSOCIADOS REGIÃO DAS CULTURAS - SICREDI DAS CULTURAS RS;90729369;;;;b3S;2;9;IJUI;RS;06/2017;61.189;0;0;240.517;4.909;306.615;0;0;0;0;0;0;0;8.231;314.846;0;153.846;468.692;0;168.022;636.714
COOPERATIVA DE CRÉDITO DE LIVRE ADMISSÃO DE ASSOCIADOS BOTUCARAÍ - SICREDI BOTUCARAÍ RS;87900601;;;;b3S;2;9;SOLEDADE;RS;06/2017;65.472;0;0;275.612;6.228;347.313;0;0;0;0;0;0;0;6.986;354.299;0;134.509;488.808;0;142.457;631.265
CONFEDERAÇÃO NACIONAL DAS COOPERATIVAS CENTRAIS UNICRED LTDA. - UNICRED DO BRASIL.;315557;;;;b3C;2;9;SAO PAULO;SP;06/2017;0;0;0;0;0;0;0;0;0;0;0;0;0;0;0;0;581.648;581.648;0;49.007;630.655
BTG PACTUAL CORRETORA DE TÍTULOS E VALORES MOBILIÁRIOS S.A.;43815158;BTG PACTUAL;49944;80336;n2;2;15;RIO DE JANEIRO;RJ;06/2017;0;0;0;0;0;0;0;0;0;0;0;0;0;0;0;0;279.823;279.823;0;347.405;627.228
BANCO OURINVEST S.A.;78632767;OURINVEST;51901;81012;b2;2;8;SAO PAULO;SP;06/2017;99;0;10.030;268.712;0;278.840;402;8.194;62.652;12.531;0;6.927;90.304;0;369.546;1.314;164.737;535.597;0;90.032;625.630
COOPERATIVA DE CRÉDITO DE LIVRE ADMISSÃO DE ASSOCIADOS SUL CATARINENSE - SICOOB CREDISULCA SC;81367880;;;;b3S;2;9;TURVO;SC;06/2017;68.116;0;0;376.446;0;444.562;0;0;0;0;0;0;0;10.422;454.985;0;53.977;508.962;0;114.459;623.420
BANCO TRICURY S.A.;57839805;;;81696;b2;2;8;SAO PAULO;SP;06/2017;14.264;0;0;211.666;0;225.931;0;149.791;0;0;0;0;149.791;12.195;387.917;0;13.503;401.420;31;218.605;620.055
BRADESCO-KIRTON CORRETORA DE TÍTULOS E VALORES MOBILIÁRIOS S.A.;58229246;BRADESCO;10045;80075;n2;2;15;OSASCO;SP;06/2017;0;0;0;0;0;0;0;0;0;0;0;0;0;0;0;0;201.488;201.488;0;413.081;614.569
COOPERATIVA DE CRÉDITO UNICRED SUL CATARINENSE LTDA - UNICRED SUL CATARINENSE;75847;;;;b3S;2;9;CRICIUMA;SC;06/2017;50.515;0;0;442.764;2.527;495.807;0;0;0;0;0;0;0;0;495.807;0;11.897;507.703;0;105.405;613.109
COOPERATIVA DE CRÉDITO, POUPANÇA E INVESTIMENTO DO VALE DO RIO PARDO - SICREDI VALE DO RIO PARDO RS;95424891;;;;b3S;2;9;SANTA CRUZ DO SUL;RS;06/2017;72.009;0;0;350.341;14.463;436.813;0;0;0;0;0;0;0;4.332;441.145;0;66.455;507.600;0;100.443;608.042
SICREDI CEARÁ CENTRO NORTE - COOPERATIVA DE CRÉDITO DA REGIÃO CENTRO NORTE DO CEARÁ;72257793;;;;b3S;2;9;FORTALEZA;CE;06/2017;61.616;0;0;408.753;259;470.628;0;0;0;0;0;0;0;0;470.628;0;22.101;492.729;0;112.203;604.932
COOPERATIVA DE CRÉDITO DE LIVRE ADMISSÃO DE ASSOCIADOS DA REGIÃO DA PRODUÇÃO - SICREDI REGIÃO DA PRODUÇÃO;89468565;;;;b3S;2;9;SARANDI;RS;06/2017;65.865;0;0;280.301;5.519;351.684;0;0;0;0;0;0;0;4.306;355.990;0;147.211;503.201;0;99.389;602.591
COOPERATIVA DE CREDITO DE LIVRE ADMISSÃO DE ASSOCIADOS ITAIPU SICOOB CREDITAIPU;81014060;;;;b3S;2;9;PINHALZINHO;SC;06/2017;45.224;0;0;348.133;1.858;395.215;0;0;0;0;0;0;0;3.510;398.725;0;69.389;468.114;0;133.700;601.813
INTESA SANPAOLO BRASIL S.A. - BANCO MÚLTIPLO;55230916;;;84057;b1;3;8;SAO PAULO;SP;06/2017;0;0;0;18.244;0;18.244;0;0;0;0;0;0;0;238.942;257.186;823;10.085;268.094;488;332.560;601.142
COOPERATIVA DE CREDITO, POUPANÇA E INVESTIMENTO ALIANÇA - SICREDI ALIANÇA PR/SP;79052122;;;;b3S;2;9;MARECHAL CANDIDO RONDON;PR;06/2017;82.470;0;0;253.141;1.925;337.536;0;0;0;0;0;0;0;5.987;343.523;0;132.876;476.399;0;124.584;600.983
COOPERATIVA DE CREDITO, POUPANCA E INVESTIMENTO IGUACU - SICREDI IGUACU PR/SC/SP;84974278;;;;b3S;2;9;SAO JOAO;PR;06/2017;88.563;0;0;262.504;3.167;354.234;0;0;0;0;0;0;0;6.146;360.380;0;98.016;458.396;0;139.452;597.848
COOPERATIVA DE CRÉDITO DE LIVRE ADMISSÃO DE ASSOCIADOS AURIVERDE   SICOOB CREDIAL/SC;78858107;;;;b3S;2;9;CUNHA PORA;SC;06/2017;42.002;0;0;353.591;8.800;404.393;0;0;0;0;0;0;0;1.951;406.343;0;68.302;474.645;0;116.325;590.970
COOPERATIVA CENTRAL DE ECONOMIA E CRÉDITO MÚTUO DAS UNICREDS DO ESTADO DO RIO DE JANEIRO E DO MATO GROSSO LTDA   UNICRED CENTRAL RJ/MT;86774775;;;;b3C;2;9;RIO DE JANEIRO;RJ;06/2017;0;0;0;0;0;0;0;0;0;0;0;0;0;0;0;0;556.747;556.747;0;29.350;586.097
COOPERATIVA DE CRÉDITO DOS MÉDICOS, PROFISSIONAIS DA SAÚDE E EMPRESÁRIOS DE MATO GROSSO;36900256;;;;b3S;2;9;CUIABA;MT;06/2017;94.032;0;0;309.842;0;403.874;0;0;0;0;0;0;0;0;403.874;0;25.276;429.150;0;156.719;585.869
COOPERATIVA DE CRÉDITO DE LIVRE ADMISSÃO DE ASSOCIADOS INTEGRAÇÃO ROTA DAS TERRAS - SICREDI INTEGRAÇÃO ROTA DAS TERRAS RS;87510475;;;;b3S;2;9;TAPERA;RS;06/2017;40.188;0;0;202.909;4.329;247.427;0;0;0;0;0;0;0;7.168;254.595;0;182.281;436.875;0;147.934;584.809
COOPERATIVA DE ECONOMIA E CRÉDITO MÚTUO UNICRED INTEGRAÇÃO LTDA.;73750424;;;;b3S;2;9;CAXIAS DO SUL;RS;06/2017;44.753;0;0;432.825;16.425;494.003;0;0;0;0;0;0;0;259;494.262;0;8.415;502.676;0;80.016;582.692
BANCO RIBEIRAO PRETO S.A.;517645;;;84349;b1;2;8;RIBEIRAO PRETO;SP;06/2017;12.717;0;0;55.254;0;67.971;74.694;208.588;25.301;0;0;0;233.889;93.301;469.855;0;8.626;478.481;0;93.408;571.890
COOPERATIVA DE CREDITO UNICRED DESBRAVADORA LTDA   UNICRED DESBRAVADORA SUL;1039011;;;;b3S;2;9;CHAPECO;SC;06/2017;47.245;0;0;442.964;5.023;495.233;0;0;0;0;0;0;0;0;495.233;0;8.597;503.830;0;67.944;571.774
COOPERATIVA DE CRÉDITO, POUPANÇA E INVESTIMENTO NOSSA TERRA - SICREDI NOSSA TERRA PR/SP;81192106;;;;b3S;2;9;CAFELANDIA;PR;06/2017;85.071;0;0;292.394;1.179;378.644;0;0;0;0;0;0;0;5.359;384.004;0;98.038;482.041;0;86.171;568.212
COOPERATIVA DE CRÉDITO DE LIVRE ADMISSÃO DE ASSOCIADOS CELEIRO CENTRO OESTE - SICREDI CELEIRO CENTRO OESTE;3566655;;;;b3S;2;9;SAO GABRIEL DO OESTE;MS;06/2017;78.095;0;0;164.977;296;243.368;0;0;0;0;0;0;0;0;243.368;0;210.429;453.797;0;108.007;561.804
AGENCIA DE FOMENTO DO ESTADO DO RIO DE JANEIRO S.A.;5940203;;;81139;n1;1;30;RIO DE JANEIRO;RJ;06/2017;0;0;0;0;0;0;0;0;0;0;0;0;0;78.571;78.571;0;31.802;110.372;0;448.750;559.123
UBS BRASIL CORRETORA DE CÂMBIO, TÍTULOS E VALORES MOBILIÁRIOS S.A.;2819125;UBS;51877;80989;n2;3;15;SAO PAULO;SP;06/2017;0;0;0;0;0;0;0;0;0;0;0;0;0;0;0;0;361.119;361.119;0;196.180;557.299
COOPERATIVA DE CRÉDITO, POUPANÇA E INVESTIMENTO SUL RIOGRANDENSE - SICREDI UNIÃO METROPOLITANA RS;92796564;;;;b3S;2;9;PORTO ALEGRE;RS;06/2017;86.958;0;0;333.406;12.821;433.186;0;0;0;0;0;0;0;3.101;436.287;0;53.158;489.445;0;56.873;546.319
COOPERATIVA DE CRÉDITO SUL - SICOOB SUL;5888589;;;;b3S;2;9;CURITIBA;PR;06/2017;98.438;0;0;343.581;4.503;446.522;0;0;1.450;0;0;0;1.450;0;447.972;0;45.471;493.443;0;47.496;540.939
BANCO WOORI BANK DO BRASIL S.A.;15357060;;;81823;b1;3;8;SAO PAULO;SP;06/2017;23.104;0;0;395.796;443;419.344;0;0;0;0;0;0;0;4.951;424.295;0;8.749;433.044;79;98.311;531.434
COOPERATIVA DE CRÉDITO DE LIVRE ADMISSÃO DE ASSOCIADOS DO SUL DE MATO GROSSO - SICREDI SUL MT;26549311;;;;b3S;2;9;RONDONOPOLIS;MT;06/2017;86.236;0;0;209.628;146;296.010;0;0;0;0;0;0;0;3.981;299.991;0;115.035;415.026;0;111.139;526.165
BTG PACTUAL ASSET MANAGEMENT S.A. DISTRIBUIDORA DE TÍTULOS E VALORES MOBILIÁRIOS;29650082;BTG PACTUAL;49944;80336;n2;2;16;RIO DE JANEIRO;RJ;06/2017;0;0;0;0;0;0;0;0;0;0;0;0;0;0;0;0;175.555;175.555;0;347.636;523.191
COOPERATIVA DE CRÉDITO DOS MÉDICOS E DEMAIS PROFISSIONAIS DA SAÚDE, CONTABILISTAS, PROFESSORES E EMPRESÁRIOS DE BLUMENAU E VALE DO ITAJAÍ LTDA - UNICRED BLUMENAU;73443863;;;;b3S;2;9;BLUMENAU;SC;06/2017;39.719;0;0;390.236;21.573;451.529;0;0;0;0;0;0;0;0;451.529;0;8.832;460.361;0;56.906;517.267
COOPERATIVA DE CREDITO, POUPANÇA E INVESTIMENTO PARQUE DAS ARAUCARIAS - SICREDI PARQUE DAS ARAUCARIAS PR/SC/SP;82065285;;;;b3S;2;9;MARIOPOLIS;PR;06/2017;57.882;0;0;267.947;3.071;328.900;0;0;0;0;0;0;0;4.225;333.125;0;94.666;427.792;0;87.135;514.926
BANCO KEB HANA DO BRASIL S.A.;2318507;;;81232;b1;3;2;SAO PAULO;SP;06/2017;33.918;0;0;147.847;0;181.764;0;0;0;0;0;0;0;178.126;359.890;0;17.961;377.851;21;129.557;507.429
COOPERATIVA DE CRÉDITO DE LIVRE ADMISSÃO DE GOIÂNIA E REGIÃO LTDA;4388688;;;;b3S;2;9;GOIANIA;GO;06/2017;59.900;0;0;289.165;623;349.688;0;0;0;0;0;0;0;0;349.688;0;5.721;355.410;0;144.766;500.176
BANCO ALFA S.A.;3323840;ALFA;51293;80570;b1;2;2;SAO PAULO;SP;06/2017;30.397;0;0;0;0;30.397;0;0;0;0;0;0;0;0;30.397;0;368.535;398.933;0;99.799;498.732
COOPERATIVA DE CRÉDITO DE LIVRE ADMISSÃO DE ASSOCIADOS VALE DO JAGUARI - SICREDI VALE DO JAGUARI RS;87780284;;;;b3S;2;9;SANTIAGO;RS;06/2017;42.235;0;0;146.925;2.338;191.498;0;0;0;0;0;0;0;6.741;198.239;0;139.549;337.787;0;160.856;498.643
SICREDI ALAGOAS - COOPERATIVA DE CRÉDITO;41180092;;;;b3S;2;9;MACEIO;AL;06/2017;51.170;0;0;275.608;7.939;334.717;0;0;0;0;0;0;0;0;334.717;0;16.017;350.735;0;142.576;493.310
COOPERATIVA DE CRÉDITO DE LIVRE ADMISSÃO DE ASSOCIADOS LITORÂNEA;85291086;;;;b3S;2;9;JACINTO MACHADO;SC;06/2017;63.743;0;0;273.651;2.058;339.452;0;0;2.034;0;0;0;2.034;1.309;342.795;0;59.692;402.487;0;80.345;482.832
COOPERATIVA DE CRÉDITO DE LIVRE ADMISSÃO DE ASSOCIADOS INTEGRAÇÃO DE ESTADOS DO RIO GRANDE DO SUL E SANTA CATARINA - SICREDI INTEGRAÇÃO DE ESTADOS RS/SC;87781530;;;;b3S;2;9;PASSO FUNDO;RS;06/2017;52.068;0;0;245.255;5.152;302.476;0;0;0;0;0;0;0;4.033;306.509;0;86.823;393.332;0;88.373;481.706
DAYCOVAL LEASING - BANCO MÚLTIPLO S.A.;43818780;DAYCOVAL;51987;81744;b2;2;8;SAO PAULO;SP;06/2017;0;0;58.289;0;0;58.289;0;0;0;0;0;0;0;0;58.289;0;83.604;141.893;2.008;337.195;481.096
BRAM - BRADESCO ASSET MANAGEMENT S.A. DISTRIBUIDORA DE TÍTULOS E VALORES MOBILIÁRIOS;62375134;BRADESCO;10045;80075;n2;2;16;OSASCO;SP;06/2017;0;0;0;0;0;0;0;0;0;0;0;0;0;0;0;0;63.675;63.675;0;415.063;478.738
COOPERATIVA DE ECONOMIA E CRÉDITO MÚTUO DOS MÉDICOS, PROFISSIONAIS DAS CIÊNCIAS E DAS ARTES E EMPRESÁRIOS DA REGIÃO OESTE DO PARANÁ LTDA. - UNIPRIME OESTE DO PARANÁ;1736243;;;;b3S;2;9;CASCAVEL;PR;06/2017;58.353;0;0;347.023;7.044;412.420;0;0;0;0;0;0;0;0;412.420;0;7.810;420.230;0;56.847;477.077
COOPERATIVA DE CRÉDITO DE LIVRE ADMISSÃO DE ASSOCIADOS CENTRO LESTE - SICREDI CENTRO LESTE RS;88471024;;;;b3S;2;9;CACHOEIRA DO SUL;RS;06/2017;63.607;0;0;241.743;1.547;306.897;0;0;0;0;0;0;0;3.488;310.384;0;90.107;400.491;0;72.385;472.876
COOPERATIVA DE CRÉDITO, POUPANÇA E INVESTIMENTO CENTRO SUL - SICREDI CENTRO SUL PR/SC/RJ;78907607;;;;b3S;2;9;PRUDENTOPOLIS;PR;06/2017;73.402;0;0;210.540;270;284.212;0;0;0;0;0;0;0;3.996;288.208;0;97.068;385.276;0;77.790;463.066
SOROCRED   CRÉDITO, FINANCIAMENTO E INVESTIMENTO S.A.;4814563;;;83539;n1;2;14;BARUERI;SP;06/2017;0;0;0;181.815;0;181.815;0;0;0;0;0;148.889;148.889;0;330.704;0;84.234;414.938;0;44.722;459.660
BANCO BM&FBOVESPA DE SERVIÇOS DE LIQUIDAÇÃO E CUSTÓDIA S.A.;997185;;;81225;b1;2;2;SAO PAULO;SP;06/2017;29.530;0;0;0;119.532;149.062;211.443;0;0;0;0;0;0;0;360.504;0;10.730;371.234;0;87.667;458.902
COOPERATIVA DE CRÉDITO DE LIVRE ADMISSÃO DE ASSOCIADOS CELEIRO - SICREDI CELEIRO RS/SC;88099247;;;;b3S;2;9;CAMPO NOVO;RS;06/2017;34.323;0;0;235.054;2.507;271.884;0;0;0;0;0;0;0;4.453;276.336;0;78.744;355.080;0;95.866;450.946
COOPERATIVA DE ECONOMIA E CRÉDITO MÚTUO DOS PROFISSIONAIS DA SAÚDE DAS REGIÕES METROPOLITANAS DA BAIXADA SANTISTA E GRANDE SÃO PAULO LTDA. - SICOOB UNIMAIS METROPOLITANA;259231;;;;b3S;2;9;SANTOS;SP;06/2017;56.921;0;0;314.430;7.792;379.143;0;0;0;0;0;0;0;621;379.763;0;11.878;391.642;208;55.986;447.835
COOPERATIVA DE ECONOMIA E CRÉDITO MÚTUO DOS EMPREGADOS DE FURNAS E DEMAIS EMPRESAS DO SISTEMA ELETROBRÁS LTDA.;33370115;;;;b3S;2;9;RIO DE JANEIRO;RJ;06/2017;8.881;0;0;317.600;47.228;373.709;0;0;0;0;0;0;0;0;373.709;0;8.272;381.980;0;63.294;445.275
CREDIARE S.A. - CRÉDITO, FINANCIAMENTO E INVESTIMENTO;5676026;BRADESCO;10045;80075;n1;2;14;OSASCO;SP;06/2017;0;0;215.380;0;0;215.380;0;0;0;0;0;0;0;0;215.380;0;103.599;318.979;0;125.579;444.558
COOPERATIVA DE CRÉDITO DOS PROPRIETÁRIOS DA INDÚSTRIA DE ROCHAS ORNAMENTAIS, CAL E CALCÁRIOS DO ESTADO DO ESPÍRITO SANTO - SICOOB CREDIROCHAS;3358914;;;;b3S;2;9;CACHOEIRO DE ITAPEMIRIM;ES;06/2017;42.007;0;0;291.086;4.598;337.690;0;0;0;0;0;0;0;2.410;340.100;0;23.811;363.912;0;75.845;439.756
COOPERATIVA DE CRÉDITO, POUPANÇA E INVESTIMENTO PROGRESSO - SICREDI PROGRESSO PR/SP;76059997;;;;b3S;2;9;TOLEDO;PR;06/2017;51.826;0;0;199.951;2.048;253.826;0;0;0;0;0;0;0;4.307;258.133;0;93.634;351.767;0;87.127;438.894
COOPERATIVA DE CRÉDITO COCRE;54401286;;;;b3S;2;9;PIRACICABA;SP;06/2017;33.694;0;0;207.725;9.926;251.344;0;0;6.423;0;0;0;6.423;18.093;275.860;0;63.286;339.146;0;98.017;437.163
COOPERATIVA DE CRÉDITO DE LIVRE ADMISSÃO DE ASSOCIADOS DO PLANALTO CENTRAL - SICREDI PLANALTO CENTRAL;10736214;;;;b3S;2;9;CRISTALINA;GO;06/2017;68.608;0;0;216.190;0;284.799;0;0;0;0;0;0;0;0;284.799;0;89.937;374.736;0;59.640;434.376
COOPERATIVA DE CRÉDITO DE LIVRE ADMISSÃO DE ASSOCIADOS DO VALE DO VINHO - SICOOB VALE DO VINHO;81016131;;;;b3S;2;9;VIDEIRA;SC;06/2017;28.346;0;0;278.076;5.364;311.786;0;0;0;0;0;0;0;1.311;313.096;0;49.636;362.733;0;70.706;433.439
COOPERATIVA DE CRÉDITO, POUPANÇA E INVESTIMENTO DE CAMPO GRANDE E REGIÃO - SICREDI CAMPO GRANDE MS;3042597;;;;b3S;2;9;CAMPO GRANDE;MS;06/2017;56.803;0;0;184.869;177;241.849;0;0;0;0;0;0;0;0;241.849;0;110.474;352.324;0;77.767;430.091
VOTORANTIM - CORRETORA DE TÍTULOS E VALORES MOBILIÁRIOS LTDA.;1170892;VOTORANTIM;51011;80484;n2;2;15;SAO PAULO;SP;06/2017;0;0;0;0;0;0;866;0;0;0;0;0;0;0;866;0;157.862;158.728;0;270.900;429.628
COOPERATIVA DE CREDITO DE LIVRE ADMISSÃO DE ASSOCIADOS DO NOROESTE DE MATO GROSSO E ACRE - SICREDI NOROESTE MT E ACRE;33022690;;;;b3S;2;9;ARAPUTANGA;MT;06/2017;72.860;0;0;95.219;490;168.569;0;0;0;0;0;0;0;67.973;236.542;0;92.957;329.499;0;97.525;427.024
COOPERATIVA CENTRAL DE CREDITO RURAL COM INTERAÇÃO SOLIDÁRIA   CENTRAL CRESOL SICOPER;21198087;;;;b3C;2;9;PASSO FUNDO;RS;06/2017;0;0;0;0;0;0;0;0;0;0;0;0;0;94.725;94.725;0;295.033;389.758;0;31.437;421.195
COOPERATIVA DE CRÉDITO DO TRIÂNGULO MINEIRO E SÃO FRANCISCO LTDA. - SICOOB ARACOOP;3320525;;;;b3S;2;9;ARAGUARI;MG;06/2017;59.014;0;0;153.854;111;212.980;0;0;24.907;0;0;0;24.907;16.094;253.981;0;95.483;349.465;0;71.415;420.880
COOPERATIVA CENTRAL DE CRÉDITO DA BAHIA - SICOOB CENTRAL BA;34148882;;;;b3C;2;9;SALVADOR;BA;06/2017;0;0;0;12.284;108;12.392;0;0;0;0;0;0;0;664;13.057;0;354.621;367.677;0;52.828;420.505
COOPERATIVA DE CRÉDITO E INVESTIMENTO DE LIVRE ADMISSÃO DO NORTE DO PARANÁ E SUL DE SÃO PAULO - SICREDI NORTE SUL PR/SP;79063574;;;;b3S;2;9;SANTO ANTONIO DA PLATINA;PR;06/2017;68.118;0;0;204.592;3.093;275.803;0;0;0;0;0;0;0;2.454;278.257;0;80.182;358.439;0;61.225;419.664
BANCO TOPÁZIO S.A.;7679404;;;81517;b1;2;8;PORTO ALEGRE;RS;06/2017;13.949;0;681;276.564;0;291.194;0;0;0;0;0;0;0;0;291.194;0;37.617;328.811;0;85.806;414.618
COOPERATIVA DE CRÉDITO DE LIVRE ADMISSÃO DE ASSOCIADOS DO VALE DO ITAJAÍ E LITORAL CATARINENSE - SICREDI VALE LITORAL SC;10348181;;;;b3S;2;9;ITAPEMA;SC;06/2017;71.209;0;0;258.496;0;329.705;0;0;0;0;0;0;0;1.583;331.288;0;30.077;361.365;0;46.934;408.299
AGÊNCIA DE FOMENTO DO ESTADO DO AMAZONAS S.A. - AFEAM;3183937;;;81108;n1;1;30;MANAUS;AM;06/2017;0;0;0;0;0;0;0;0;0;0;0;0;0;64.368;64.368;0;226.895;291.263;0;116.122;407.385
COOPERATIVA DE CRÉDITO DE CASCAVEL E REGIÃO - SICOOB CREDICAPITAL;4529074;;;;b3S;2;9;CASCAVEL;PR;06/2017;45.315;0;0;257.367;2.576;305.258;0;0;14.107;0;0;0;14.107;0;319.365;0;45.019;364.385;0;42.803;407.188
COOPERATIVA DE CRÉDITO DE LIVRE ADMISSÃO DE ASSOCIADOS DA FRONTEIRA SUL - SICREDI FRONTEIRA SUL RS;88530142;;;;b3S;2;9;BAGE;RS;06/2017;52.797;0;0;142.749;3.516;199.062;0;0;0;0;0;0;0;3.294;202.356;0;122.910;325.266;0;76.381;401.647
COOPERATIVA DE CRÉDITO DE EMPRESÁRIOS - SICOOB/TRANSCREDI;4247370;;;;b3S;2;9;CONCORDIA;SC;06/2017;33.946;0;0;274.536;939;309.422;0;0;0;0;0;0;0;1.973;311.395;0;8.171;319.566;0;79.926;399.492
COOPERATIVA DE ECONOMIA E CRÉDITO MÚTUO DOS MÉDICOS, PROF.  CIÊNCIAS E  ARTES E SERV. DO PODER JUDICIÁRIO, DO MINISTÉRIO PÚBLICO E DE ÓRGÃOS JURÍDICOS DA REGIÃO METROPOLITANA DE NATAL - SICREDI NATAL;70038237;;;;b3S;2;9;NATAL;RN;06/2017;62.158;0;0;236.353;4.433;302.944;0;0;0;0;0;0;0;0;302.944;0;17.543;320.487;0;77.225;397.712
COOPERATIVA DE CRÉDITO, POUPANÇA E INVESTIMENTO INTEGRAÇÃO - SICREDI INTEGRAÇÃO PR/SC;81054686;;;;b3S;2;9;LAPA;PR;06/2017;68.359;0;0;228.239;2.467;299.065;0;0;0;0;0;0;0;2.434;301.500;0;52.940;354.440;0;40.063;394.502
BANCO CACIQUE S.A.;33349358;SOCIETE GENERALE;31859;80264;b1;3;8;SAO PAULO;SP;06/2017;1.100;0;0;51.010;0;52.110;0;0;0;0;0;0;0;0;52.110;0;191.174;243.284;0;150.486;393.770
RICO CORRETORA DE TÍTULOS E VALORES MOBILIÁRIOS S.A.;13434335;XP INVESTIMENTOS;51994;;n2;2;15;RIO DE JANEIRO;RJ;06/2017;0;0;0;0;0;0;0;0;0;0;0;0;0;0;0;0;344.092;344.092;0;49.461;393.552
SANTANDER FINANCE ARRENDAMENTO MERCANTIL S.A;3502968;SANTANDER;30379;80185;n1;3;19;SAO PAULO;SP;06/2017;0;0;0;0;0;0;0;0;0;0;0;0;0;0;0;0;9.466;9.466;0;383.469;392.935
COOPERATIVA DE CREDITO DE LIVRE ADMISSÃO DO SUL DE MINAS LTDA - SICOOB CREDIVASS;1604998;;;;b3S;2;9;SAO GONCALO DO SAPUCAI;MG;06/2017;81.462;0;0;193.684;1.056;276.202;0;0;0;0;0;0;0;0;276.202;0;56.296;332.498;0;57.757;390.254
SICREDI RECIFE - COOPERATIVA DE CRÉDITO DO GRANDE RECIFE, ZONA DA MATA NORTE E SUL;70241658;;;;b3S;2;9;RECIFE;PE;06/2017;40.288;0;0;254.370;2.659;297.317;0;0;0;0;0;0;0;0;297.317;0;15.807;313.124;0;76.189;389.313
ABC BRASIL DISTRIBUIDORA DE TÍTULOS E VALORES MOBILIÁRIOS S.A.;33817677;ABC-BRASIL;41856;80312;n2;3;16;SAO PAULO;SP;06/2017;0;0;0;0;0;0;0;0;0;0;0;0;0;0;0;289.088;2.380;291.468;0;94.046;385.514
COOPERATIVA DE CRÉDITO DE LIVRE ADMISSÃO DE ASSOCIADOS DE ESPUMOSO - SICREDI ESPUMOSO RS;87900411;;;;b3S;2;9;ESPUMOSO;RS;06/2017;36.510;0;0;113.310;1.630;151.449;0;0;0;0;0;0;0;4.975;156.424;0;113.542;269.966;0;114.909;384.875
LEASEPLAN ARRENDAMENTO MERCANTIL S.A.;4836002;;;82963;n1;3;19;BARUERI;SP;06/2017;0;0;0;0;0;0;0;0;0;0;0;0;0;212.867;212.867;0;71.057;283.924;0;97.607;381.531
CITIBANK LEASING S.A. - ARRENDAMENTO MERCANTIL;34112128;CITIBANK;30403;80192;n1;3;19;SAO PAULO;SP;06/2017;0;0;104.789;0;0;104.789;0;0;0;0;0;0;0;0;104.789;0;23.204;127.993;0;253.310;381.303
COOPERATIVA DE CRÉDITO DE LIVRE ADMISSÃO DA ZONA DA MATA DE MINAS LTDA - SICOOB CREDILIVRE;41697103;;;;b3S;2;9;MANHUACU;MG;06/2017;63.700;0;0;130.353;0;194.053;0;0;0;0;0;0;0;33;194.086;0;98.743;292.830;0;82.582;375.412
COOPERATIVA DE CRÉDITO DE LIVRE ADMISSÃO DA REGIÃO DE VARGINHA LTDA - SICOOB CREDIVAR;25798596;;;;b3S;2;9;VARGINHA;MG;06/2017;75.313;0;0;159.822;0;235.135;0;0;0;0;0;0;0;35.321;270.456;0;26.372;296.828;47;76.692;373.566
COOPERATIVA DE CREDITO RURAL DE PRIMAVERA DO LESTE;26563270;;;;b3S;2;9;PRIMAVERA DO LESTE;MT;06/2017;74.273;0;0;182.909;0;257.183;0;0;0;0;0;0;0;12.003;269.186;0;6.733;275.919;0;93.216;369.134
COOPERATIVA DE CRÉDITO SICOOB VALE DO IGUAÇU;2466552;;;;b3S;2;9;FRANCISCO BELTRAO;PR;06/2017;38.572;0;0;178.779;1.341;218.692;0;0;11.745;0;0;0;11.745;0;230.437;0;85.737;316.173;0;52.583;368.756
COOPERATIVA DE CRÉDITO DE LIVRE ADMISSÃO DO ALTO PARANAÍBA, NOROESTE E OESTE DE MINAS LTDA - UNICRED INTEGRAÇÃO DE MINAS;1727929;;;;b3S;2;9;PATOS DE MINAS;MG;06/2017;52.718;0;0;263.691;0;316.410;0;0;0;0;0;0;0;0;316.410;0;10.888;327.297;0;40.480;367.777
J. SAFRA CORRETORA DE VALORES E CÂMBIO LTDA;60783503;SAFRA;10083;80109;n2;2;15;SAO PAULO;SP;06/2017;0;0;0;0;0;0;0;0;0;0;0;0;0;0;0;0;215.643;215.643;0;151.224;366.867
COOPERATIVA DE CRÉDITO DE LIVRE ADMISSÃO DE ASSOCIADOS DO NORTE E NORDESTE DE SANTA CATARINA - SICREDI NORTE SC;2843443;;;;b3S;2;9;JOINVILLE;SC;06/2017;50.651;0;0;236.154;627;287.432;0;0;0;0;0;0;0;1.710;289.141;0;22.234;311.375;0;55.260;366.636
COOPERATIVA DE CRÉDITO MÚTUO DOS EMPREGADOS DA EMBRAER;46642294;;;;b3S;2;9;SAO JOSE DOS CAMPOS;SP;06/2017;0;0;0;69.755;0;69.755;0;0;0;0;0;0;0;0;69.755;0;10.940;80.696;0;284.278;364.974
PAN ARRENDAMENTO MERCANTIL S.A.;2682287;PAN;31323;80257;n1;2;19;SAO PAULO;SP;06/2017;0;0;1.474;0;0;1.474;0;0;0;0;0;0;0;0;1.474;0;108.296;109.770;0;252.171;361.941
COOPERATIVA DE CRÉDITO DE LIVRE ADMISSÃO DE ASSOCIADOS OESTE CATARINENSE;78825023;;;;b3S;2;9;PALMITOS;SC;06/2017;24.144;0;0;219.873;1.778;245.795;0;0;0;0;0;0;0;979;246.774;0;48.608;295.381;0;62.889;358.271
COOPERATIVA DE CRÉDITO DA REGIÃO MERIDIONAL DO BRASIL - SICOOB UNICOOB MERIDIONAL;5392810;;;;b3S;2;9;TOLEDO;PR;06/2017;44.268;0;0;230.443;3.770;278.482;0;0;5.669;0;0;0;5.669;0;284.151;0;28.270;312.420;0;43.904;356.324
BMG LEASING S.A. - ARRENDAMENTO MERCANTIL;34265561;BMG;30290;80178;n1;2;19;SAO PAULO;SP;06/2017;0;0;0;0;0;0;0;0;0;0;0;0;0;0;0;0;22.877;22.877;0;330.310;353.187
COOPERATIVA DE CREDITO, POUPANÇA E INVESTIMENTO RIO PARANA - SICREDI RIO PARANA PR/SP;81206039;;;;b3S;2;9;NOVA LONDRINA;PR;06/2017;51.946;0;0;177.830;1.730;231.506;0;0;0;0;0;0;0;2.374;233.880;0;61.172;295.052;0;54.056;349.108
COOPERATIVA DE CRÉDITO DE LIVRE ADMISSÃO DE ASSOCIADOS DO VALE DO CANOINHAS - SICOOB CREDICANOINHAS/SC;78834975;;;;b3S;2;9;CANOINHAS;SC;06/2017;59.065;0;0;191.545;11;250.621;0;0;0;0;0;0;0;15.170;265.791;0;25.840;291.632;0;53.853;345.484
COOPERATIVA DE CRÉDITO DE LIVRE ADMISSÃO DE ASSOCIADOS ENCOSTA SUPERIOR DO NORDESTE RS - SICREDI NORDESTE RS;95213211;;;;b3S;2;9;ROLANTE;RS;06/2017;41.191;0;0;213.636;4.565;259.392;0;0;0;0;0;0;0;2.259;261.651;0;46.068;307.719;0;36.646;344.365
COOPERATIVA DE CRÉDITO DE LIVRE ADMISSÃO DO ALTO VALE DO ITAJAÍ - VIACREDI ALTO VALE;16779741;;;;b3S;2;9;IBIRAMA;SC;06/2017;32.358;0;15.229;214.797;178;262.563;0;0;0;0;0;0;0;1.353;263.915;0;17.175;281.090;0;62.292;343.383
COOPERATIVA DE CRÉDITO DE LIVRE ADMISSÃO DE ASSOCIADOS PANTANAL DO MATO GROSSO DO SUL - SICREDI PANTANAL MS;26408187;;;;b3S;2;9;MARACAJU;MS;06/2017;47.210;0;0;99.567;2.025;148.802;0;0;0;0;0;0;0;0;148.802;0;112.151;260.953;0;82.378;343.331
COOPERATIVA DE ECONOMIA E CRÉDITO MÚTUO DOS POLICIAIS MILITARES E SERVIDORES DA SECRETARIA DOS NEGÓCIOS DA SEGURANÇA PÚBLICA DO ESTADO DE SÃO PAULO;62673470;;;;b3S;2;9;SAO PAULO;SP;06/2017;3.538;0;0;137.884;0;141.422;0;0;0;0;0;0;0;0;141.422;0;16.065;157.487;0;182.396;339.883
GOLDMAN SACHS DO BRASIL CORRETORA DE TÍTULOS E VALORES MOBILIÁRIOS S.A.;9605581;GOLDMAN SACHS;51585;80714;n2;3;15;SAO PAULO;SP;06/2017;0;0;0;0;0;0;0;0;0;0;0;0;0;0;0;0;128.290;128.290;0;208.119;336.408
BR PARTNERS BANCO DE INVESTIMENTO S.A.;13220493;BR PARTNERS;51822;80934;b2;2;13;SAO PAULO;SP;06/2017;0;0;22.173;109.544;0;131.716;0;6.428;0;0;0;0;6.428;0;138.144;32.512;9.451;180.107;0;155.122;335.229
COOPERATIVA DE CRÉDITO DOS MÉDICOS E DEMAIS PROFISSIONAIS DA SAÚDE, PEQUENOS EMPRESÁRIOS, MICROEMPRESÁRIOS E MICROEMPREENDEDORES - SICOOB UNIMAIS BANDEIRANTE;3055269;;;;b3S;2;9;AMERICANA;SP;06/2017;51.402;0;0;263.100;3.550;318.052;0;0;0;0;0;0;0;1.212;319.264;0;4.890;324.154;0;9.157;333.311
COOPERATIVA DE CREDITO CREDICERIPA - SICOOB CREDICERIPA;966246;;;;b3S;2;9;ITAI;SP;06/2017;39.036;0;0;144.638;876;184.550;0;0;32.874;0;0;0;32.874;0;217.424;0;71.567;288.991;0;43.564;332.556
COOPERATIVA DE ECONOMIA E CRÉDITO MÚTUO BRF - CREDIBRF;82096447;;;;b3S;2;9;CURITIBA;PR;06/2017;4.125;0;0;170.265;2.161;176.551;0;0;0;0;0;0;0;0;176.551;0;10.219;186.770;0;142.504;329.274
BANCO RANDON S.A.;11476673;;;80800;b2;2;8;CAXIAS DO SUL;RS;06/2017;0;0;0;32.864;0;32.864;0;0;0;0;0;0;0;118.270;151.134;0;95.380;246.514;997;79.868;327.378
MIRAE ASSET WEALTH MANAGEMENT (BRAZIL) CORRETORA DE CÂMBIO, TÍTULOS E VALORES MOBILIÁRIOS LTDA.;12392983;;;82932;n2;3;15;SAO PAULO;SP;06/2017;0;0;0;0;0;0;0;0;0;0;0;0;0;0;0;0;88.922;88.922;0;237.363;326.285
COOPERATIVA DE ECONOMIA E CRÉDITO MÚTUO DOS PROFISSIONAIS DAS CIÊNCIAS E DAS ARTES DO CENTRO OESTE DO BRASIL LTDA;73647935;;;;b3S;2;9;CAMPO GRANDE;MS;06/2017;36.031;0;0;187.109;3.488;226.628;0;0;0;0;0;0;0;0;226.628;0;9.446;236.074;0;90.179;326.253
CCB BRASIL ARRENDAMENTO MERCANTIL S/A;69720910;CCB;32119;80295;n1;3;19;SAO PAULO;SP;06/2017;0;0;0;0;0;0;0;0;0;0;0;0;0;0;0;0;69.823;69.823;0;254.474;324.297
COMMERZBANK BRASIL S.A. - BANCO MÚLTIPLO;23522214;;;84583;b1;3;8;SAO PAULO;SP;06/2017;3.068;0;0;53;0;3.120;0;0;0;0;0;0;0;79.856;82.977;0;7.210;90.186;285;233.219;323.690
PORTOCRED S.A. - CREDITO, FINANCIAMENTO E INVESTIMENTO;1800019;;;83560;n1;2;14;PORTO ALEGRE;RS;06/2017;0;0;0;15.712;0;15.712;0;0;0;0;0;203.803;203.803;0;219.516;0;51.591;271.106;0;52.420;323.526
COOPERATIVA DE CRÉDITO DE LIVRE ADMISSÃO DE ASSOCIADOS ALTO JACUÍ - SICREDI ALTO JACUÍ RS;87779625;;;;b3S;2;9;NAO-ME-TOQUE;RS;06/2017;33.474;0;0;136.125;3.172;172.771;0;0;0;0;0;0;0;4.278;177.049;0;54.872;231.922;0;91.371;323.293
COOPERATIVA DE CREDITO, POUPANCA E INVESTIMENTO DO RIO DE JANEIRO - SICREDI RIO RJ;72128440;;;;b3S;2;9;RIO DE JANEIRO;RJ;06/2017;34.450;0;0;204.974;0;239.424;0;0;0;0;0;0;0;2.010;241.433;0;10.865;252.298;0;69.844;322.142
COOPERATIVA DE CRÉDITO DE LIVRE ADMISSÃO DE ITAÚNA E REGIÃO LTDA - SICOOB CENTRO-OESTE;66463407;;;;b3S;2;9;ITAUNA;MG;06/2017;33.036;0;0;215.511;3.364;251.910;0;0;0;0;0;0;0;0;251.910;0;5.719;257.629;0;64.057;321.686
COOPERATIVA DE CRÉDITO DE LIVRE ADMISSÃO DO VALE - SICOOB CREDIVALE/SC;86829827;;;;b3S;2;9;BRACO DO NORTE;SC;06/2017;38.305;0;0;195.675;26;234.007;0;0;0;0;0;0;0;625;234.631;0;41.282;275.914;0;43.251;319.165
ING CORRETORA DE CAMBIO E TITULOS S.A.;4848115;ING;51073;80501;n2;3;15;SAO PAULO;SP;06/2017;0;0;0;0;0;0;0;0;0;0;0;0;0;0;0;0;32.381;32.381;0;284.378;316.759
COOPERATIVA DE CRÉDITO DE LIVRE ADMISSÃO DO PONTAL DO TRIANGULO LTDA - SICOOB CREDIPONTAL;26178533;;;;b3S;2;9;ITUIUTABA;MG;06/2017;48.239;0;0;115.021;0;163.260;0;0;41.976;0;0;0;41.976;7.059;212.295;0;45.638;257.934;0;57.396;315.329
COOPERATIVA DE CRÉDITO DE LIVRE ADMISSÃO DO VALE DO MOGI GUAÇU E SUDOESTE PAULISTA - SICOOB CREDIGUAÇU;67960229;;;;b3S;2;9;DESCALVADO;SP;06/2017;40.712;0;0;173.119;0;213.832;0;0;4.103;0;0;0;4.103;0;217.935;0;15.395;233.330;0;81.768;315.098
COOPERATIVA DE CRÉDITO, POUPANÇA E INVESTIMENTO NOVOS HORIZONTES - SICREDI NOVOS HORIZONTES PR/SP;7206072;;;;b3S;2;9;ARAPOTI;PR;06/2017;33.421;0;0;196.975;44;230.440;0;0;0;0;0;0;0;1.926;232.366;0;44.637;277.003;0;33.582;310.584
EASYNVEST - TÍTULO CORRETORA DE VALORES SA;62169875;;;82877;n2;2;15;SAO PAULO;SP;06/2017;0;0;0;0;0;0;14.999;0;0;0;0;0;0;0;14.999;0;267.790;282.790;0;25.316;308.106
COOPERATIVA DE CRÉDITO DO NORTE CATARINENSE E SUL PARANAENSE - SICOOB CREDINORTE;81011686;;;;b3S;2;9;MAFRA;SC;06/2017;47.204;0;0;159.006;3.778;209.988;0;0;4.121;0;0;0;4.121;10.123;224.232;0;32.017;256.249;0;51.726;307.974
COOPERATIVA DE CRÉDITO DE LIVRE ADMISSÃO DO VALE DO PARANAÍBA LTDA.;24799033;;;;b3S;2;9;QUIRINOPOLIS;GO;06/2017;55.825;0;0;75.650;23;131.497;0;0;31.441;0;0;0;31.441;0;162.938;0;45.920;208.858;0;97.855;306.714
ALFA CORRETORA DE CAMBIO E VALORES MOBILIARIOS S.A.;62178421;ALFA;51293;80570;n2;2;15;SAO PAULO;SP;06/2017;0;0;0;0;0;0;0;0;0;0;0;0;0;0;0;0;49.702;49.702;0;253.947;303.649
COOPERATIVA DE CRÉDITO DE LIVRE ADMISSÃO CAMPOS DAS VERTENTES LTDA. - SICOOB CREDIVERTENTES;22724710;;;;b3S;2;9;SAO TIAGO;MG;06/2017;39.000;0;0;136.198;2.229;177.426;0;0;34.536;0;0;0;34.536;0;211.962;0;36.570;248.532;0;54.866;303.398
COOPERATIVA DE ECONOMIA E CRÉDITO MÚTUO DOS INTEGRANTES DO MINISTÉRIO PÚBLICO E DA DEFENSORIA PÚBLICA NO ESTADO DO RIO DE JANEIRO LIMITADA. - SICOOB COMPERJ;4694278;;;;b3S;2;9;RIO DE JANEIRO;RJ;06/2017;5.746;0;0;259.521;0;265.267;0;0;0;0;0;0;0;0;265.267;0;2.570;267.837;0;35.029;302.866
COOPERATIVA DE CRÉDITO DE LIVRE ADMISSÃO DE ASSOCIADOS DA GRANDE GETÚLIO VARGAS DO RIO GRANDE DO SUL - SICREDI ESTAÇÃO RS;87784088;;;;b3S;2;9;ESTACAO;RS;06/2017;22.844;0;0;118.653;2.504;144.000;0;0;0;0;0;0;0;3.976;147.976;0;61.957;209.933;0;92.680;302.613
COOPERATIVA DE CRÉDITO DE LIVRE ADMISSÃO SUL-LITORÂNEA DO ESPÍRITO SANTO;32474884;;;;b3S;2;9;ALFREDO CHAVES;ES;06/2017;40.973;0;0;167.115;1.406;209.494;0;0;0;0;0;0;0;2.174;211.668;0;25.208;236.876;0;64.915;301.792
REALIZE CRÉDITO, FINANCIAMENTO E INVESTIMENTO S.A.;27351731;;;84703;n1;3;14;PORTO ALEGRE;RS;06/2017;0;0;150.000;0;0;150.000;0;0;0;0;0;0;0;0;150.000;0;1.735;151.735;0;149.758;301.493
BRICKELL S.A. CRÉDITO, FINANCIAMENTO E INVESTIMENTO;12865507;;;83601;n1;2;14;SAO PAULO;SP;06/2017;3.876;0;0;11.409;0;15.284;0;0;59.254;0;0;181.559;240.813;0;256.097;0;20.966;277.063;0;24.040;301.102
COOPERATIVA DE CRÉDITO E INVESTIMENTO DE LIVRE ADMISSÃO GRANDES LAGOS DO PARANÁ E LITORAL PAULISTA - SICREDI GRANDES LAGOS PR/SP;81115149;;;;b3S;2;9;LARANJEIRAS DO SUL;PR;06/2017;33.441;0;0;131.374;752;165.566;0;0;0;0;0;0;0;3.336;168.902;0;61.752;230.654;0;68.167;298.821
COOPERATIVA DE CRÉDITO DE LIVRE ADMISSÃO DE ASSOCIADOS DO SUL DO ESTADO DE SANTA CATARINA   SICREDI SUL SC;3793242;;;;b3S;2;9;CRICIUMA;SC;06/2017;44.665;0;0;187.643;184;232.492;0;0;0;0;0;0;0;1.440;233.931;0;28.396;262.327;0;35.992;298.319
COOPERATIVA DE CREDITO DE LIVRE ADMISSÃO DO VALE DO SÃO PATRICIO LTDA.;968602;;;;b3S;2;9;GOIANESIA;GO;06/2017;11.188;0;0;120.857;0;132.045;0;0;16.464;0;0;0;16.464;0;148.508;0;42.189;190.697;0;106.852;297.549
COOPERATIVA DE CRÉDITO DE LIVRE ADMISSÃO DO OESTE MINEIRO LTDA. - SICOOB CREDICOPA;71297899;;;;b3S;2;9;PATOS DE MINAS;MG;06/2017;46.160;0;0;151.475;579;198.214;0;0;0;0;0;0;0;375;198.589;0;18.947;217.535;0;78.249;295.784
BARIGUI S.A. CREDITO, FINANCIAMENTO E INVESTIMENTOS;556603;BARIGUI;51774;80893;n1;2;14;CURITIBA;PR;06/2017;0;0;0;21.652;0;21.652;0;0;0;0;0;206.496;206.496;0;228.148;403;9.413;237.964;0;53.689;291.653
RENASCENCA DISTRIBUIDORA DE TÍTULOS E VALORES MOBILIÁRIOS LTDA;62287735;;;84105;n2;2;16;SAO PAULO;SP;06/2017;0;0;0;0;0;0;200.597;0;0;0;0;0;0;0;200.597;0;26.125;226.722;0;63.850;290.572
COOPERATIVA DE CRÉDITO DE LIVRE ADMISSÃO DE ASSOCIADOS VALE DO CHAPECOZINHO - SICOOB VALCREDI SUL;2090126;;;;b3S;2;9;PASSOS MAIA;SC;06/2017;19.698;0;0;132.642;136;152.476;0;0;3.893;0;0;0;3.893;1.308;157.678;0;71.502;229.179;0;60.433;289.612
COOPERATIVA DE CRÉDITO DE LIVRE ADMISSÃO DE ASSOCIADOS SICOOB ECOCREDI;11565109;;;;b3S;2;9;TRES COROAS;RS;06/2017;22.136;0;0;207.651;0;229.788;0;0;0;0;0;0;0;1.068;230.856;0;21.113;251.969;0;37.366;289.335
COOPERATIVA DE CRÉDITO DE LIVRE ADMISSÃO DE ASSOCIADOS ITAPIRANGA - SICOOB CREDITAPIRANGA SC/RS;78483310;;;;b3S;2;9;ITAPIRANGA;SC;06/2017;17.643;0;0;180.273;9.249;207.165;0;0;0;0;0;0;0;3.072;210.237;0;36.823;247.060;0;40.412;287.472
COOPERATIVA DE CRÉDITO DE LIVRE ADMISSÃO DE BOM DESPACHO LTDA - SICOOB CREDIBOM;21670187;;;;b3S;2;9;BOM DESPACHO;MG;06/2017;40.278;0;0;156.805;14.524;211.607;0;0;0;0;0;0;0;0;211.607;0;27.242;238.849;0;46.804;285.652
COOPERATIVA DE CREDITO DE LIVRE ADMISSAO DA ALTA MOGIANA;67096909;;;;b3S;2;9;FRANCA;SP;06/2017;31.652;0;0;79.492;0;111.144;0;0;15.633;0;0;0;15.633;20;126.797;0;84.103;210.900;0;73.292;284.192
COOPERATIVA DE POUPANÇA E CRÉDITO DE LIVRE ADMISSÃO DO VALE DO RIO DOCE LTDA. - SICOOB CREDIRIODOCE;25606237;;;;b3S;2;9;GOVERNADOR VALADARES;MG;06/2017;46.629;0;0;138.009;887;185.525;0;0;650;0;0;0;650;0;186.175;0;49.282;235.457;0;47.878;283.335
CGD INVESTIMENTOS CORRETORA DE VALORES E CÂMBIO S.A.;7554076;CAIXA GERAL;51815;80927;n2;3;15;SAO PAULO;SP;06/2017;0;0;0;0;0;0;0;0;0;0;0;0;0;39.863;39.863;0;94.073;133.937;0;148.214;282.151
C H B - COMPANHIA HIPOTECARIA BRASILEIRA;10694628;;;81854;n1;2;29;NATAL;RN;06/2017;0;0;0;0;0;0;3.100;250.177;0;0;0;0;250.177;4.653;257.931;0;11.137;269.068;0;12.755;281.823
COOPERATIVA DE CRÉDITO, POUPANÇA E INVESTIMENTO TERRA DOS PINHEIRAIS DO PARANÁ E NOROESTE PAULISTA - SICREDI PLANALTO DAS ÁGUAS PR/SP;77984870;;;;b3S;2;9;GUARAPUAVA;PR;06/2017;27.126;0;0;109.028;4.135;140.288;0;0;0;0;0;0;0;3.172;143.460;0;66.629;210.088;0;71.627;281.715
COOPERATIVA DE CREDITO DE LIVRE ADMISSÃO DA ALTA PAULISTA - SICOOB COCREALPA;59869560;;;;b3S;2;9;ADAMANTINA;SP;06/2017;21.205;0;0;181.960;1.747;204.911;0;0;0;0;0;0;0;0;204.911;0;26.946;231.857;0;49.682;281.539
COOPERATIVA DE CRÉDITO, POUPANÇA E INVESTIMENTO DA REGIÃO CENTRO OESTE PAULISTA - SICREDI CENTRO OESTE PAULISTA;4463602;;;;b3S;2;9;MARILIA;SP;06/2017;35.806;0;0;173.853;7.474;217.134;0;0;0;0;0;0;0;2.405;219.539;0;17.271;236.810;0;44.058;280.868
FINAMAX S.A. - CREDITO, FINANCIAMENTO E INVESTIMENTO;411939;;;83436;n1;2;14;JUNDIAI;SP;06/2017;0;0;0;96.706;0;96.706;0;0;0;0;0;127.935;127.935;0;224.641;0;6.411;231.053;0;46.565;277.618
COOPERATIVA DE CRÉDITO, POUPANÇA E INVESTIMENTO PARANAPANEMA PR/SP - SICREDI PARANAPANEMA PR/SP;79086997;;;;b3S;2;9;CAMBARA;PR;06/2017;40.208;0;0;126.138;2.277;168.622;0;0;0;0;0;0;0;4.099;172.721;0;65.137;237.858;0;39.216;277.075
BANCO VR S.A.;78626983;VR;50524;80408;b1;2;8;BARUERI;SP;06/2017;1.257;0;12.624;136.437;0;150.318;0;0;0;0;0;0;0;0;150.318;0;16.556;166.874;0;109.943;276.817
COOPERATIVA DE CRÉDITO MÚTUO SERRA MAR LTDA. - UNICRED SERRA MAR;86803939;;;;b3S;2;9;NOVA IGUACU;RJ;06/2017;36.100;0;0;195.747;3.682;235.530;0;0;0;0;0;0;0;0;235.530;0;8.137;243.667;0;32.629;276.296
COOPERATIVA DE CRÉDITO DE LIVRE ADMISSÃO DO MÉDIO PIRACICABA E DO CIRCUITO DO OURO LTDA. - SICOOB CREDIMEPI;1644264;;;;b3S;2;9;JOAO MONLEVADE;MG;06/2017;35.060;0;0;178.889;0;213.949;0;0;0;0;0;0;0;5.502;219.451;0;5.225;224.675;0;51.255;275.931
COOPERATIVA DE CRÉDITO DO ALTO PARANAÍBA E REGIÃO LTDA.;25387671;;;;b3S;2;9;PATOS DE MINAS;MG;06/2017;56.971;0;0;122.319;0;179.290;0;0;14.448;0;0;0;14.448;0;193.738;0;40.296;234.035;1;41.494;275.530
COOPERATIVA DE CRÉDITO DE LIVRE ADMISSÃO DO CENTRO NORTE GOIANO;2282709;;;;b3S;2;9;ANAPOLIS;GO;06/2017;39.904;0;0;160.795;0;200.699;0;0;0;0;0;0;0;0;200.699;0;11.974;212.673;0;62.345;275.018
COOPERATIVA DE CRÉDITO DE LIVRE ADMISSÃO DE ASSOCIADOS TEIXEIRA DE FREITAS LTDA. - SICOOB EXTREMO SUL;2447120;;;;b3S;2;9;TEIXEIRA DE FREITAS;BA;06/2017;48.166;0;0;104.888;984;154.038;0;0;0;0;0;0;0;0;154.038;0;21.251;175.289;0;97.811;273.100
COOPERATIVA DE CRÉDITO DE LIVRE ADMISSÃO DA REGIÃO DO CIRCUITO CAMPOS DAS VERTENTES LTDA - SICOOB COPERMEC;2232383;;;;b3S;2;9;CLAUDIO;MG;06/2017;20.791;0;0;187.588;1.610;209.989;0;0;0;0;0;0;0;0;209.989;0;14.459;224.448;0;48.023;272.471
SANTINVEST S.A. - CREDITO, FINANCIAMENTO E INVESTIMENTOS;122327;SANTINVEST;50816;80446;n1;2;14;FLORIANOPOLIS;SC;06/2017;0;0;550;66.654;0;67.204;0;0;0;0;0;105.106;105.106;0;172.310;0;1.742;174.053;0;97.163;271.216
BRASIL PLURAL CORRETORA DE CÂMBIO, TÍTULOS E VALORES MOBILIÁRIOS S.A.;5816451;BRASIL PLURAL;51839;80941;n2;2;15;RIO DE JANEIRO;RJ;06/2017;0;0;0;0;0;0;0;0;0;0;0;0;0;0;0;0;185.490;185.490;0;84.092;269.582
COOPERATIVA REGIONAL DE CRÉDITO DE LIVRE ADMISSÃO DO SUDOESTE MINEIRO E NORDESTE PAULISTA LTDA - SICOOB NOSSO CRÉDITO;22760839;;;;b3S;2;9;SAO SEBASTIAO DO PARAISO;MG;06/2017;30.979;0;0;133.675;630;165.284;0;0;0;0;0;0;0;844;166.128;0;55.842;221.970;8;43.203;265.181
COOPERATIVA DE CRÉDITO DE LIVRE ADMISSÃO DO VALE DO ARAGUAIA LTDA.;24830879;;;;b3S;2;9;MINEIROS;GO;06/2017;59.475;0;0;43.257;1.047;103.778;0;0;0;0;0;0;0;0;103.778;0;29.726;133.504;0;130.070;263.574
COOPERATIVA DE CRÉDITO DE LIVRE ADMISSÃO DE ASSOCIADOS DO PLANALTO CATARINENSE SICOOB CREDIPLANALTO SC/RS;1389651;;;;b3S;2;9;PAPANDUVA;SC;06/2017;40.377;0;0;152.196;46;192.620;0;0;3.005;0;0;0;3.005;552;196.177;0;29.415;225.592;0;37.326;262.918
BANCO CONFIDENCE DE CÂMBIO S.A.;11703662;CONFIDENCE;51671;80783;b2;2;39;SAO PAULO;SP;06/2017;0;0;0;0;47.679;47.679;0;0;0;0;0;0;0;0;47.679;709;172.638;221.026;0;39.944;260.970
ICAP DO BRASIL CORRETORA DE TÍTULOS E VALORES MOBILIÁRIOS LTDA.;9105360;;;82705;n2;3;15;RIO DE JANEIRO;RJ;06/2017;0;0;0;0;0;0;0;0;0;0;0;0;0;0;0;33.900;179.013;212.913;0;47.942;260.855
COOPERATIVA DE CRÉDITO DE LIVRE ADMISSÃO DE ASSOCIADOS NOVA TRENTO   SICOOB TRENTOCREDI SC;2641969;;;;b3S;2;9;NOVA TRENTO;SC;06/2017;29.604;0;0;176.606;1.513;207.724;0;0;0;0;0;0;0;706;208.430;0;4.949;213.379;0;47.262;260.641
ECONOMISA COMPANHIA HIPOTECÁRIA.;17441197;;;83364;n1;2;29;BELO HORIZONTE;MG;06/2017;0;0;0;0;0;0;0;0;0;0;0;0;0;20.730;20.730;0;211.652;232.382;0;26.936;259.318
COOPERATIVA DE CRÉDITO DAS MATAS DE MINAS LTDA. - SICOOB CREDISUDESTE;22656789;;;;b3S;2;9;MURIAE;MG;06/2017;53.854;0;0;123.803;329;177.986;0;0;1.289;0;0;0;1.289;0;179.275;0;45.363;224.638;0;34.312;258.949
COOPERATIVA DE CRÉDITO DE LIVRE ADMISSÃO DE ASSOCIADOS ALTO VALE DO ITAJAÍ - SICOOB ALTO VALE;80959612;;;;b3S;2;9;RIO DO SUL;SC;06/2017;45.421;0;0;171.212;0;216.633;0;0;0;0;0;0;0;396;217.029;0;12.101;229.130;0;27.531;256.661
COOPERATIVA DE ECONOMIA E CRÉDITO MÚTUO DOS MÉDICOS DOS VALES DO TAQUARI E RIO PARDO E REGIÃO DA PRODUÇÃO LTDA;1635462;;;;b3S;2;9;LAJEADO;RS;06/2017;16.188;0;0;195.529;1.338;213.054;0;0;0;0;0;0;0;0;213.054;0;6.038;219.092;0;37.135;256.227
CENTRAL DAS COOPERATIVAS DE CREDITO MUTUO DO RIO GRANDE DO SUL;3618104;;;;b3C;2;9;PORTO ALEGRE;RS;06/2017;0;0;0;0;0;0;0;0;0;0;0;0;0;0;0;0;246.506;246.506;0;8.575;255.082
COOPERATIVA DE CRÉDITO DE LIVRE ADMISSÃO DA REGIÃO CENTRAL E OESTE MINEIRO LTDA. - SICOOB DIVICRED;1736516;;;;b3S;2;9;DIVINOPOLIS;MG;06/2017;54.115;0;0;151.547;1.026;206.689;0;0;0;0;0;0;0;25;206.714;0;9.550;216.264;0;38.257;254.521
COOPERATIVA DE CRÉDITO DE LIVRE ADMISSÃO DA REGIÃO DO ALTO PARANAÍBA LTDA - SICOOB CREDISG;3645752;;;;b3S;2;9;SAO GOTARDO;MG;06/2017;36.656;0;0;92.419;0;129.075;0;0;6.642;0;0;0;6.642;0;135.717;0;62.730;198.447;0;53.340;251.787
CSILATINA ARRENDAMENTO MERCANTIL S.A.;5883884;;;82970;n1;3;19;BARUERI;SP;06/2017;0;0;0;0;0;0;0;0;0;0;0;0;0;139.819;139.819;11.948;53.151;204.917;9.606;36.642;251.166
COOPERATIVA DE ECONOMIA E CREDITO MÚTUO DOS MÉDICOS DO PLANALTO MÉDIO DO RIO GRANDE DO SUL LTDA - CREDIPLAN;97259253;;;;b3S;2;9;PASSO FUNDO;RS;06/2017;29.788;0;0;198.979;0;228.767;0;0;0;0;0;0;0;0;228.767;0;4.311;233.078;0;17.554;250.632
NOVO BANCO CONTINENTAL S.A. - BANCO MÚLTIPLO;74828799;;;81768;b1;3;8;PORTO ALEGRE;RS;06/2017;3.981;0;0;106.486;0;110.466;694;0;0;0;0;0;0;30.376;141.536;0;49.620;191.156;0;59.475;250.631
BANCO CREFISA S.A.;61033106;CREFISA;52010;83632;b1;2;2;SAO PAULO;SP;06/2017;1.761;0;56.301;54.863;0;112.925;0;0;0;0;0;0;0;4.072;116.997;0;5.982;122.980;29;125.271;248.280
COOPERATIVA DE CRÉDITO COOCRELIVRE;53935029;;;;b3S;2;9;ORLANDIA;SP;06/2017;13.340;0;0;66.856;10.976;91.171;0;0;0;0;0;0;0;0;91.171;0;40.932;132.103;0;115.115;247.218
COOPERATIVA DE CRÉDITO DE LIVRE ADMISSÃO DE ASSOCIADOS DO NORTE DE MINAS LTDA - SICOOB CREDINOR;21866694;;;;b3S;2;9;MONTES CLAROS;MG;06/2017;37.632;0;0;100.553;2.140;140.325;0;0;0;0;0;0;0;12.577;152.902;0;47.375;200.277;0;45.279;245.556
COOPERATIVA DE CRÉDITO DE LIVRE ADMISSÃO DO CENTRO GOIANO LTDA.;3730508;;;;b3S;2;9;GOIANIA;GO;06/2017;42.289;0;0;72.459;0;114.748;0;0;8.691;0;0;0;8.691;4.058;127.498;0;58.547;186.045;0;59.009;245.054
SOCOPA SOCIEDADE CORRETORA PAULISTA S.A.;62285390;SOCOPA;50328;80381;n2;2;15;SAO PAULO;SP;06/2017;0;0;0;0;0;0;0;0;0;0;0;0;0;0;0;0;141.133;141.133;0;103.400;244.533
SICREDI PERNAMBUCRED - COOPERATIVA DE CRÉDITO DOS SERVIDORES PÚBLICOS DOS PODERES EXECUTIVO, LEGISLATIVO, JUDICIÁRIO E DO MINISTÉRIO PÚBLICO EM PERNAMBUCO;4146333;;;;b3S;2;9;RECIFE;PE;06/2017;8.661;0;0;135.563;660;144.885;0;0;0;0;0;0;0;39.883;184.768;0;10.218;194.985;0;48.137;243.122
COOPERATIVA DE CRÉDITO DE LIVRE ADMISSÃO DA REGIÃO METROPOLITANA DE GOIÂNIA LTDA. - SECOVICRED;7599206;;;;b3S;2;9;GOIANIA;GO;06/2017;57.677;0;0;125.862;11;183.550;0;0;0;0;0;0;0;24;183.574;0;4.067;187.641;0;54.925;242.566
BARIGUI COMPANHIA HIPOTECÁRIA;14511781;BARIGUI;51774;80893;n1;2;29;CURITIBA;PR;06/2017;0;0;27.514;0;0;27.514;0;187.630;0;0;0;0;187.630;0;215.145;0;13.402;228.547;0;13.833;242.380
COOPERATIVA DE CRÉDITO DE LIVRE ADMISSÃO DE ASSOCIADOS VALE DO RIO DO PEIXE - SICOOB CREDIRIO SC;78865995;;;;b3S;2;9;JOACABA;SC;06/2017;25.657;0;0;173.789;21;199.467;0;0;0;0;0;0;0;526;199.993;0;17.949;217.942;0;23.729;241.671
AVISTA S.A. CRÉDITO, FINANCIAMENTO E INVESTIMENTO;23862762;;;84600;n1;2;14;VITORIA;ES;06/2017;0;0;0;1.655;0;1.655;0;0;0;0;0;194.682;194.682;0;196.337;0;16.326;212.663;0;28.792;241.455
INTRAG DISTRIBUIDORA DE TITULOS E VALORES MOBILIARIOS LTDA.;62418140;ITAU;10069;80099;n2;2;16;SAO PAULO;SP;06/2017;0;0;0;0;0;0;0;0;0;0;0;0;0;0;0;0;24.432;24.432;20;214.225;238.677
COOPERATIVA DE CRÉDITO DE LIVRE ADMISSÃO LTDA - UNICRED ALIANÇA;70937271;;;;b3S;2;9;UBERLANDIA;MG;06/2017;38.195;0;0;164.312;0;202.507;0;0;0;0;0;0;0;0;202.507;0;11.738;214.246;0;23.502;237.748
AGENCIA DE FOMENTO DE GOIAS S/A;3918382;;;81050;n1;1;30;GOIANIA;GO;06/2017;0;0;0;0;0;0;0;0;0;0;0;0;0;60.016;60.016;0;3.902;63.917;0;173.705;237.622
COOPERATIVA DE ECONOMIA E CRÉDITO MÚTUO DOS PROFISSIONAIS DO CREA DOS ESTADOS DE SANTA CATARINA E PARANÁ - CREDCREA;5979692;;;;b3S;2;9;FLORIANOPOLIS;SC;06/2017;30.071;0;0;160.123;896;191.091;0;0;0;0;0;0;0;11.414;202.505;0;4.540;207.045;0;28.922;235.967
HS FINANCEIRA S/A CREDITO, FINANCIAMENTO E INVESTIMENTOS;7512441;;;83522;n1;2;14;DOIS IRMAOS;RS;06/2017;0;0;0;0;8;8;0;0;0;0;0;110.622;110.622;0;110.630;0;46.372;157.002;0;77.490;234.492
COOPERATIVA DE CRÉDITO DE LIVRE ADMISSÃO DO LESTE DE MINAS LTDA. - SICOOB CREDICAF;25395435;;;;b3S;2;9;LAJINHA;MG;06/2017;33.471;0;0;102.384;3.645;139.500;0;0;0;0;0;0;0;0;139.500;0;49.634;189.133;0;43.993;233.127
BANCO NEON S.A.;253448;;;81218;b1;2;2;BELO HORIZONTE;MG;06/2017;3.657;0;0;141.229;9.139;154.025;0;0;0;0;0;0;0;21.684;175.709;0;17.421;193.130;0;39.610;232.740
BNY MELLON SERVIÇOS FINANCEIROS DISTRIBUIDORA DE TÍTULOS E VALORES MOBILIÁRIOS S.A.;2201501;BNY MELLON;51808;80910;n2;3;16;RIO DE JANEIRO;RJ;06/2017;0;0;0;0;0;0;0;0;0;0;0;0;0;0;0;0;50.391;50.391;103;182.076;232.570
COOPERATIVA DE CRÉDITO DE LIVRE ADMISSÃO DAS MICRO-REGIÕES DE GOIÂNIA E ANÁPOLIS LTDA;2935307;;;;b3S;2;9;GOIANIA;GO;06/2017;30.909;0;0;102.372;43;133.324;0;0;0;0;0;0;0;0;133.324;0;4.676;138.000;0;93.620;231.620
SANTANDER BRASIL ASSET MANAGEMENT DISTRIBUIDORA DE TITULOS E VALORES MOBILIÁRIOS S.A.;10977742;SANTANDER;30379;80185;n2;3;16;SAO PAULO;SP;06/2017;0;0;0;0;0;0;0;0;0;0;0;0;0;0;0;0;83.116;83.116;0;145.587;228.703
NEGRESCO S.A. - CREDITO, FINANCIAMENTO E INVESTIMENTOS;4379829;;;83450;n1;2;14;CURITIBA;PR;06/2017;0;0;0;18.633;0;18.633;0;0;0;0;0;115.288;115.288;0;133.921;0;46.994;180.915;0;45.647;226.562
BANCO ITAUBANK S.A.;60394079;ITAU;10069;80099;b1;2;8;SAO PAULO;SP;06/2017;0;0;0;0;0;0;0;0;0;0;0;0;0;0;0;0;12.140;12.140;0;214.304;226.444
COOPERATIVA DE CRÉDITO DE LIVRE ADMISSÃO DE ASSOCIADOS - SICOOB CREDICARU SC/RS;694389;;;;b3S;2;9;SAO JOSE DO CERRITO;SC;06/2017;22.218;0;0;79.739;0;101.957;0;0;0;0;0;0;0;1.063;103.019;0;61.691;164.711;0;60.780;225.491
KREDILIG S.A. - CRÉDITO, FINANCIAMENTO E INVESTIMENTO;6040559;;;83498;n1;2;14;FLORIANOPOLIS;SC;06/2017;0;0;0;13.586;0;13.586;0;0;0;0;0;72.887;72.887;0;86.473;0;34.701;121.174;0;103.628;224.803
COOPERATIVA DE CRÉDITO RURAL COOPAVEL;76461557;;;;b3S;2;9;CASCAVEL;PR;06/2017;44.715;0;0;78.068;0;122.783;0;0;0;0;0;0;0;33.671;156.454;0;8.218;164.672;0;59.573;224.245
COOPERATIVA DE CRÉDITO NOROESTE - SICOOB NOROESTE;81292278;;;;b3S;2;9;SAO LOURENCO D'OESTE;SC;06/2017;19.073;0;0;127.299;1.330;147.702;0;0;3.992;0;0;0;3.992;1.097;152.791;0;35.587;188.378;0;34.844;223.222
COOPERATIVA DE CREDITO DO CENTRO DO ESTADO DE RONDONIA ? SICOOB CENTRO;8044854;;;;b3S;2;9;JI-PARANA;RO;06/2017;62.582;0;0;78.527;0;141.109;0;0;0;0;0;0;0;0;141.109;0;28.789;169.898;0;52.565;222.463
COOPERATIVA DE CRÉDITO SICOOB ALIANÇA;6174009;;;;b3S;2;9;APUCARANA;PR;06/2017;33.801;0;0;133.862;915;168.578;0;0;0;0;0;0;0;0;168.578;0;16.459;185.037;0;35.067;220.104
COOPERATIVA DE CRÉDITO DE LIVRE ADMISSÃO DE SÃO ROQUE DE MINAS LTDA.   SICOOB SAROMCREDI;66402207;;;;b3S;2;9;SAO ROQUE DE MINAS;MG;06/2017;36.834;0;0;100.075;0;136.909;0;0;2.740;0;0;0;2.740;2.020;141.670;0;38.269;179.939;0;37.927;217.865
COOPERATIVA DE CRÉDITO DE PRODUTORES RURAIS E DE LIVRE ADMISSÃO DO TRIÂNGULO LTDA    SICOOB CREDITRIL;41669227;;;;b3S;2;9;UBERLANDIA;MG;06/2017;39.487;0;0;111.540;0;151.027;0;0;0;0;0;0;0;0;151.027;0;28.221;179.248;0;36.791;216.039
COOPERATIVA DE CRÉDITO DE LIVRE ADMISSÃO DO NOROESTE DE MINAS LTDA. SICOOB CREDIPARNOR;698609;;;;b3S;2;9;PARACATU;MG;06/2017;38.921;0;0;84.038;0;122.959;0;0;3.573;0;0;0;3.573;494;127.025;0;26.028;153.054;0;62.812;215.865
COOPERATIVA DE CRÉDITO DE LIVRE ADMISSÃO DO VALE DO JAMARI - SICOOB VALE DO JAMARI;5203605;;;;b3S;2;9;BURITIS;RO;06/2017;44.282;0;0;35.441;0;79.723;0;0;0;0;0;0;0;0;79.723;0;74.142;153.865;0;61.901;215.766
COOPERATIVA DE ECONOMIA E CRÉDITO MÚTUO DOS MÉDICOS E DEMAIS PROFISSIONAIS DA SAÚDE DE TOLEDO E REGIÃO LTDA. - UNIPRIME PIONEIRA DO PARANÁ;1286361;;;;b3S;2;9;TOLEDO;PR;06/2017;20.185;0;0;146.461;4.908;171.554;0;0;0;0;0;0;0;0;171.554;0;5.158;176.712;0;38.853;215.564
COOPERATIVA DE CRÉDITO DE LIVRE ADMISSÃO DA UNIÃO DOS VALES DO PIRANGA E MATIPÓ LTDA.   SICOOB UNIÃO;1060307;;;;b3S;2;9;RAUL SOARES;MG;06/2017;38.640;0;0;100.874;745;140.259;0;0;11.681;0;0;0;11.681;0;151.940;0;29.127;181.067;0;32.510;213.577
COOPERATIVA DE CRÉDITO DE LIVRE ADMISSÃO DA REGIÃO DE CARMO DO PARANAÍBA LTDA - SICOOB CREDICARPA;23949522;;;;b3S;2;9;CARMO DO PARANAIBA;MG;06/2017;29.047;0;0;66.962;0;96.010;0;0;0;0;0;0;0;0;96.010;0;54.423;150.432;188;62.007;212.627
COOPERATIVA DE CRÉDITO DE LIVRE ADMISSÃO DA REGIÃO DE CARATINGA LTDA.   SICOOB CREDCOOPER;19449602;;;;b3S;2;9;CARATINGA;MG;06/2017;36.689;0;0;75.396;416;112.501;0;0;6.010;0;0;0;6.010;0;118.511;0;57.649;176.160;0;35.500;211.659
COOPERATIVA DE CRÉDITO DE LIVRE ADMISSÃO DO VALE DO PARANAPANEMA;1637949;;;;b3S;2;9;PRESIDENTE PRUDENTE;SP;06/2017;23.270;0;0;130.466;1.135;154.871;0;0;0;0;0;0;0;0;154.871;0;17.764;172.635;0;37.011;209.645
ESTRELA MINEIRA CREDITO, FINANCIAMENTO E INVESTIMENTO S/A;5351887;;;83584;n1;2;14;ARAXA;MG;06/2017;0;0;0;26.021;0;26.021;0;0;0;0;0;126.400;126.400;0;152.421;0;23.384;175.805;0;30.666;206.471
CHG-MERIDIAN DO BRASIL ARRENDAMENTO MERCANTIL S.A.;18539102;;;82994;n1;3;19;BARUERI;SP;06/2017;0;0;0;0;0;0;0;0;0;0;0;76;76;148.966;149.042;0;39.561;188.603;0;16.275;204.878
COOPERATIVA CENTRAL DE CRÉDITO NOROESTE BRASILEIRO LTDA.;4632856;;;;b3C;2;9;JI-PARANA;RO;06/2017;0;0;0;3.152;0;3.152;0;0;0;0;0;0;0;0;3.152;0;182.067;185.219;0;19.571;204.790
COOPERATIVA DE CRÉDITO DO IGUAÇU INTEGRADO - SICOOB INTEGRADO;7122321;;;;b3S;2;9;PATO BRANCO;PR;06/2017;26.458;0;0;120.594;46;147.097;0;0;1.719;0;0;0;1.719;0;148.816;0;33.148;181.965;0;22.450;204.415
COOPERATIVA DE CRÉDITO SICREDI ARACAJU;2923389;;;;b3S;2;9;ARACAJU;SE;06/2017;23.158;0;0;122.071;1.459;146.688;0;0;0;0;0;0;0;0;146.688;0;8.286;154.974;0;49.312;204.286
COOPERATIVA DE CRÉDITO DE LIVRE ADMISSÃO DE UNAÍ E NOROESTE DE MINAS LTDA. - SICOOB NOROESTE DE MINAS;86564051;;;;b3S;2;9;UNAI;MG;06/2017;40.945;0;0;53.673;0;94.618;0;0;0;0;0;0;0;0;94.618;0;61.027;155.645;0;44.864;200.508
COOPERATIVA DE CRÉDITO DE LIVRE ADMISSÃO DE PATROCÍNIO E REGIÃO LTDA. - SICOOB COOPACREDI;65229254;;;;b3S;2;9;PATROCINIO;MG;06/2017;29.374;0;0;56.878;0;86.253;0;0;6.499;0;0;0;6.499;26.211;118.963;0;32.009;150.971;0;47.971;198.942
CONCÓRDIA S.A. CORRETORA DE VALORES MOBILIÁRIOS, CÂMBIO E COMMODITIES;52904364;;;82822;n2;2;15;SAO PAULO;SP;06/2017;0;0;0;0;0;0;32.113;0;0;0;0;0;0;0;32.113;0;120.483;152.596;0;46.109;198.705
COOPERATIVA DE ECONOMIA E CRÉDITO MÚTUO DOS MÉDICOS E DEMAIS PROFISSIONAIS DA SAÚDE, ENGENHARIA, ARQUITETURA, CONTABILIDADE, ADMINISTRAÇÃO E ECONOMIA DE ERECHIM LTDA.;1572667;;;;b3S;2;9;ERECHIM;RS;06/2017;9.881;0;0;169.036;226;179.144;0;0;0;0;0;0;0;0;179.144;0;2.165;181.308;0;17.102;198.411
MODAL DISTRIBUIDORA DE TITULOS E VALORES MOBILIARIOS LTDA;5389174;MODAL;51963;81658;n2;2;16;RIO DE JANEIRO;RJ;06/2017;0;0;0;0;0;0;0;0;0;0;0;0;0;0;0;0;173.673;173.673;0;24.359;198.032
SICOOB CREDINOVA - COOPERATIVA DE CRÉDITO DE LIVRE ADMISSÃO DE NOVA SERRANA E REGIÃO CENTRO-OESTE LTDA.;1667766;;;;b3S;2;9;NOVA SERRANA;MG;06/2017;44.067;0;0;109.132;0;153.199;0;0;0;0;0;0;0;0;153.199;0;6.107;159.306;0;37.624;196.930
COOPERATIVA DE CRÉDITO MÚTUO DOS TRANSPORTADORES RODOVIÁRIOS DE VEÍCULOS DO ABCD, MAÚA, RIBEIRÃO PIRES E VALE DO PARAÍBA - SICOOB CREDCEG;7789195;;;;b3S;2;9;SAO BERNARDO DO CAMPO;SP;06/2017;31.027;0;0;122.845;15;153.887;0;0;0;0;0;0;0;0;153.887;0;4.216;158.103;0;38.072;196.174
COOPERATIVA DE ECONOMIA E CRÉDITO MÚTUO DOS FUNCIONÁRIOS DA SECRETARIA DE ESTADO DA FAZENDA DE MINAS GERAIS E ÓRGÃOS OFICIAIS DO ESTADO DE MINAS GERAIS LTDA   SICOOB COOPSEF;16721078;;;;b3S;2;9;BELO HORIZONTE;MG;06/2017;2.248;0;0;113.905;0;116.153;0;0;0;0;0;0;0;0;116.153;0;13.608;129.761;0;66.219;195.980
COOPERATIVA DE CRÉDITO MÚTUO DOS ADVOGADOS DE SANTA CATARINA;5861932;;;;b3S;2;9;FLORIANOPOLIS;SC;06/2017;29.850;0;0;135.209;805;165.864;0;0;0;0;0;0;0;343;166.207;0;3.976;170.183;0;25.767;195.950
VIA CERTA FINANCIADORA S.A. - CRÉDITO, FINANCIAMENTO E INVESTIMENTOS;5192316;;;80831;n1;2;14;SANTO CRISTO;RS;06/2017;0;0;0;56;0;56;0;0;0;0;0;150.473;150.473;0;150.529;0;8.100;158.630;0;37.045;195.674
COOPERATIVA DE CRÉDITO DO NOROESTE DO PARANÁ - SICOOB NOROESTE DO PARANÁ;5772229;;;;b3S;2;9;PARANAVAI;PR;06/2017;32.858;0;0;96.451;449;129.758;0;0;3.527;0;0;0;3.527;0;133.285;0;27.210;160.495;0;34.636;195.131
COOPERATIVA DE ECONOMIA E CRÉDITO MÚTUO DOS MÉDICOS E DEMAIS PROFISSIONAIS DA SAÚDE DA REGIÃO CENTRO-OESTE DO RS LTDA. - UNICRED CENTRO-OESTE RS;2641032;;;;b3S;2;9;SANTA MARIA;RS;06/2017;22.308;0;0;133.971;3.697;159.976;0;0;0;0;0;0;0;16;159.992;0;2.854;162.846;0;29.042;191.889
BANCO INTERCAP S.A.;58497702;INDUSVAL;50531;80415;b1;2;8;SAO PAULO;SP;06/2017;0;0;43.767;437;0;44.204;0;3.838;1.206;0;0;0;5.043;135;49.383;0;31.405;80.788;0;110.450;191.238
COOPERATIVA DE CRÉDITO DE LIVRE ADMISSÃO DE ASSOCIADOS DA REGIÃO SUDOESTE DE GOIÁS - SICREDI SUDOESTE GO;6332931;;;;b3S;2;9;RIO VERDE;GO;06/2017;30.078;0;0;71.418;22;101.517;0;0;0;0;0;0;0;11.616;113.133;0;44.814;157.947;0;33.070;191.017
SICREDI CREDUNI - COOPERATIVA DE ECONOMIA E CRÉDITO MÚTUO DOS SERV DAS INST PÚBLICAS DE ENSINO SUPERIOR DO ESTADO DA PARAÍBA E DAS DEMAIS INSTITUIÇÕES E ÓRGÃOS PÚBLICOS NO ESTADO DA PARAIBA LTDA.;3428338;;;;b3S;2;9;CAMPINA GRANDE;PB;06/2017;2.079;0;0;108.413;311;110.803;0;0;0;0;0;0;0;7.672;118.476;0;10.745;129.221;0;61.787;191.008
COOPERATIVA DE CREDITO, POUPANCA E INVESTIMENTO VALOR SUSTENTAVEL - SICREDI VALOR SUSTENTAVEL PR;81706616;;;;b3S;2;9;JANDAIA DO SUL;PR;06/2017;25.328;0;0;105.601;1.851;132.781;0;0;0;0;0;0;0;1.513;134.294;0;27.626;161.920;0;28.692;190.612
COOPERATIVA DE CRÉDITO DE LIVRE ADMISSÃO DE ASSOCIADOS DA REGIÃO DE PALMEIRA DAS MISSÕES - SICREDI GRANDE PALMEIRA/RS;87789178;;;;b3S;2;9;PALMEIRA DAS MISSOES;RS;06/2017;18.395;0;0;64.469;1.223;84.087;0;0;0;0;0;0;0;2.824;86.911;0;51.573;138.484;0;51.478;189.961
COOPERATIVA DE CRÉDITO DE LIVRE ADMISSÃO DE SETE LAGOAS LTDA - SICOOB CREDISETE;22753982;;;;b3S;2;9;SETE LAGOAS;MG;06/2017;35.083;0;0;110.468;1.466;147.016;0;0;0;0;0;0;0;0;147.016;0;14.753;161.769;0;27.678;189.447
VOTORANTIM ASSET MANAGEMENT DISTRIBUIDORA DE TÍTULOS E VALORES MOBILIÁRIOS LTDA;3384738;VOTORANTIM;51011;80484;n2;2;16;SAO PAULO;SP;06/2017;0;0;0;0;0;0;0;0;0;0;0;0;0;0;0;0;94.269;94.269;0;94.720;188.989
COOPERATIVA DE CRÉDITO DE LIVRE ADMISSÃO DA REGIÃO DE  PARÁ DE MINAS LTDA - SICOOB CREDIRURAL;25387713;;;;b3S;2;9;PARA DE MINAS;MG;06/2017;30.836;0;0;119.794;2.227;152.857;0;0;0;0;0;0;0;0;152.857;0;9.996;162.853;0;25.700;188.552
COOPERATIVA DE CRÉDITO DE LIVRE ADMISSÃO DA ZONA DA MATA LTDA   SICOOB COOPEMATA;2335109;;;;b3S;2;9;CATAGUASES;MG;06/2017;38.898;0;0;94.219;67;133.185;0;0;0;0;0;0;0;0;133.185;0;5.902;139.087;0;49.041;188.128
BANCO DE LA PROVINCIA DE BUENOS AIRES;44189447;;;81263;b1;3;28;SAO PAULO;SP;06/2017;0;0;0;0;0;0;196;0;0;0;0;0;0;58.900;59.096;0;25.141;84.237;0;102.663;186.900
COOPERATIVA DE CRÉDITO DE CAMPINA GRANDE - SICREDI CENTRO PARAIBANA;1151186;;;;b3S;2;9;CAMPINA GRANDE;PB;06/2017;23.702;0;0;107.023;23;130.748;0;0;0;0;0;0;0;0;130.748;0;10.263;141.011;0;44.478;185.489
COOPERATIVA DE CRÉDITO DE LIVRE ADMISSÃO DA REGIÃO DE ARAXÁ LTDA. - SICOOB CREDIARA;66398496;;;;b3S;2;9;ARAXA;MG;06/2017;34.879;0;0;77.902;0;112.781;0;0;4.056;0;0;0;4.056;91;116.928;0;28.927;145.855;0;38.002;183.857
COOPERATIVA DE CRÉDITO DE LIVRE ADMISSÃO VALE DO MUCURI LTDA. - SICOOB CREDIVALE;25387655;;;;b3S;2;9;TEOFILO OTONI;MG;06/2017;37.413;0;0;90.155;0;127.568;0;0;0;0;0;0;0;0;127.568;0;13.318;140.885;0;41.316;182.202
COOPERATIVA DE CRÉDITO RURAL E DOS PEQUENOS EMPRESÁRIOS, MICROEMPRESARIOS E MICROEMPREENDEDORES DA REGIÃO DE CAPIVARI;49389307;;;;b3S;2;9;CAPIVARI;SP;06/2017;36.189;0;0;108.280;0;144.470;0;0;0;0;0;0;0;0;144.470;0;13.371;157.841;0;23.586;181.427
COOPERATIVA DE CRÉDITO DE LIVRE ADMISSÃO DE ASSOCIADOS CAMPOS NOVOS - SICOOB CAMPOS NOVOS;78862083;;;;b3S;2;9;CAMPOS NOVOS;SC;06/2017;21.971;0;0;90.653;2.064;114.688;0;0;0;0;0;0;0;523;115.211;0;32.432;147.643;0;32.662;180.306
GUIDE INVESTIMENTOS S.A. CORRETORA DE VALORES;65913436;INDUSVAL;50531;80415;n2;2;15;SAO PAULO;SP;06/2017;0;0;0;0;0;0;548;0;0;0;0;0;0;0;548;0;140.640;141.187;0;37.663;178.850
COOPERATIVA DE CRÉDITO DE LIVRE ADMISSÃO DE SANTO ANTÔNIO DO MONTE LTDA.   SICOOB CREDIMONTE;41707258;;;;b3S;2;9;SANTO ANTONIO DO MONTE;MG;06/2017;24.530;0;0;91.894;0;116.425;0;0;0;0;0;0;0;146;116.571;0;23.772;140.343;0;36.582;176.925
COOPERATIVA DE ECONOMIA E CRÉDITO MÚTUO DOS EMPREGADOS E SERVIDORES DA SABESP E EM EMPRESAS DE SANEAMENTO AMBIENTAL DO ESTADO DE SÃO PAULO - CECRES;54603022;;;;b3S;2;9;SAO PAULO;SP;06/2017;1.134;0;0;14.755;0;15.889;0;0;0;0;0;0;0;0;15.889;0;4.214;20.103;0;156.500;176.603
COOPERATIVA DE CREDITO DE LIVRE ADMISSAO DE PARA DE MINAS LTDA - SICOOB ASCICRED;1009908;;;;b3S;2;9;PARA DE MINAS;MG;06/2017;32.887;0;0;115.003;86;147.975;0;0;0;0;0;0;0;0;147.975;0;4.723;152.699;0;22.875;175.574
COOPERATIVA DE CRÉDITO DE LIVRE ADMISSÃO DE CONSELHEIRO PENA E REGIÃO LTDA. - SICOOB CREDICOPE;38588174;;;;b3S;2;9;CONSELHEIRO PENA;MG;06/2017;25.531;0;0;94.149;780;120.460;0;0;0;0;0;0;0;0;120.460;0;16.670;137.130;0;38.261;175.391
COOPERATIVA DE ECONOMIA E CRÉDITO MÚTUO DOS PROFISSIONAIS DA SAÚDE DA REGIÃO DA ALTA MOGIANA   SICOOB CREDIMOGIANA;69346856;;;;b3S;2;9;FRANCA;SP;06/2017;23.748;0;0;125.511;2.484;151.743;0;0;0;0;0;0;0;0;151.743;0;5.349;157.092;0;17.710;174.802
COOPERATIVA DE CRÉDITO DE LIVRE ADMISSÃO DO VALE DO MACHADO - CREDISIS JICRED;2309070;;;;b3S;2;9;JI-PARANA;RO;06/2017;34.158;0;0;84.070;0;118.228;0;0;0;0;0;0;0;0;118.228;0;7.008;125.236;0;49.486;174.722
COOPERATIVA DE ECONOMIA E CREDITO MUTUO DOS MAGISTRADOS, MEMBROS DO MINISTÉRIO PÚBLICO E PROFISSIONAIS DO DIREITO CATARINENSES LTDA - COOMARCA;4355489;;;;b3S;2;9;FLORIANOPOLIS;SC;06/2017;11.868;0;0;134.047;1.601;147.516;0;0;0;0;0;0;0;0;147.516;0;2.820;150.337;0;24.288;174.625
COOPERATIVA DE ECONOMIA E CREDITO MUTUO DOS JUIZES DO RIO GRANDE DO SUL - SICREDI AJURIS;3750034;;;;b3S;2;9;PORTO ALEGRE;RS;06/2017;2.189;0;0;132.649;21.182;156.021;0;0;0;0;0;0;0;900;156.921;0;3.348;160.269;0;13.370;173.639
COOPERATIVA DE CRÉDITO DE LIVRE ADMISSÃO DA BORBOREMA E AGRESTE PARAIBANO E DOS SERVIDORES DO INSTITUTO NACIONAL DO SEGURO SOCIAL NA PARAÍBA - SICOOB BORBOREMA PARAIBANO COOPREV;11907520;;;;b3S;2;9;CAMPINA GRANDE;PB;06/2017;41.751;0;0;84.983;0;126.734;0;0;0;0;0;0;0;0;126.734;0;5.555;132.288;0;41.219;173.508
BANCO ANDBANK (BRASIL) S.A.;48795256;ANDBANK;51949;81256;b1;3;8;SAO PAULO;SP;06/2017;5.344;0;0;55.502;0;60.846;0;0;0;0;0;0;0;0;60.846;0;12.715;73.561;0;99.867;173.428
CENTRAL DAS COOPERATIVAS DE CRÉDITO DOS ESTADOS DE MATO GROSSO E MATO GROSSO DO SUL;106180;;;;b3C;2;9;CUIABA;MT;06/2017;0;0;0;0;0;0;0;0;0;0;0;0;0;0;0;0;148.712;148.712;0;24.476;173.188
COOPERATIVA DE ECONOMIA E CRÉDITO MÚTUO DOS MÉDICOS E DEMAIS PROFISSIONAIS DA SAÚDE DO VALE DO PARAÍBA LTDA - SICOOB VALE DO PARAIBA;2197569;;;;b3S;2;9;SAO JOSE DOS CAMPOS;SP;06/2017;15.845;0;0;134.014;0;149.860;0;0;0;0;0;0;0;0;149.860;0;1.186;151.045;0;20.738;171.783
SANTANA S.A. - CRÉDITO, FINANCIAMENTO E INVESTIMENTO;5503849;;;83474;n1;2;14;SAO PAULO;SP;06/2017;0;0;0;13.806;0;13.806;0;0;0;0;0;112.911;112.911;0;126.717;0;5.423;132.140;0;38.715;170.855
GRADUAL CORRETORA DE CÂMBIO, TÍTULOS E VALORES MOBILIÁRIOS S.A.;33918160;;;82554;n2;2;15;SAO PAULO;SP;06/2017;0;0;0;0;0;0;8.156;0;0;0;0;0;0;0;8.156;0;143.882;152.037;0;18.446;170.483
COOPERATIVA DE ECONOMIA E CRÉDITO MÚTUO DOS SERVIDORES MUNICIPAIS DO VALE DO PARAIBA, LITORAL NORTE PAULISTA E SERRA DA MANTIQUEIRA - CRESSEM;54190525;;;;b3S;2;9;SAO JOSE DOS CAMPOS;SP;06/2017;5.259;0;0;8.183;0;13.442;0;0;0;0;0;0;0;0;13.442;0;13.530;26.972;0;143.065;170.037
CENTRAL DAS COOPERATIVAS DE CRÉDITO DO NORDESTE - SICOOB CENTRAL NE;70116611;;;;b3C;2;9;CABEDELO;PB;06/2017;0;0;0;24.446;0;24.446;0;0;0;0;0;0;0;0;24.446;0;126.413;150.859;0;19.035;169.894
COOPERATIVA DE CRÉDITO RURAL COM INTERAÇÃO SOLIDÁRIA DO PLANALTO SERRA DO RIO GRANDE DO SUL - CRESOL  PLANALTO SERRA;5863726;;;;b3S;2;9;SANANDUVA;RS;06/2017;14.425;0;0;74.635;0;89.060;0;0;0;0;0;0;0;0;89.060;0;58.758;147.818;0;21.482;169.299
NATIXIS BRASIL S.A. BANCO MÚLTIPLO;9274232;;;81627;b1;3;8;SAO PAULO;SP;06/2017;0;0;0;4.408;0;4.408;0;0;0;0;0;0;0;0;4.408;0;5.333;9.742;0;159.140;168.881
COOPERATIVA DE CRÉDITO DOS INTEGRANTES DO PODER JUDICIÁRIO E DO MINISTÉRIO PÚBLICO DO ESTADO DE MINAS GERAIS LTDA. - SICOOB JUS-MP;3519240;;;;b3S;2;9;BELO HORIZONTE;MG;06/2017;11.918;0;0;125.702;177;137.796;0;0;0;0;0;0;0;0;137.796;0;1.093;138.889;0;29.745;168.634
COOPERATIVA DE CRÉDITO DE LIVRE ADMISSÃO DO SUL E SUDOESTE DE MINAS GERAIS, BAIXA MOGIANA E REGIÃO LTDA. - SICOOB CREDINTER;24048910;;;;b3S;2;9;GUARANESIA;MG;06/2017;24.571;0;0;81.772;303;106.647;0;0;0;0;0;0;0;22;106.669;0;35.480;142.150;90;26.099;168.339
BANCO ARBI S.A.;54403563;;;81201;b1;2;2;RIO DE JANEIRO;RJ;06/2017;6.932;0;0;102.683;0;109.615;30.068;0;0;0;0;0;0;0;139.683;0;4.399;144.082;8;22.977;167.066
COOPERATIVA DE CREDITO RURAL COM INTERACAO SOLIDARIA DE CONSTANTINA-CRESOL CONSTANTINA.;2663426;;;;b3S;2;9;CONSTANTINA;RS;06/2017;8.901;0;0;57.098;0;65.999;0;0;0;0;0;0;0;0;65.999;0;72.016;138.015;0;28.426;166.441
CREDIALIANÇA COOPERATIVA DE CRÉDITO RURAL;78157146;;;;b3S;2;9;ROLANDIA;PR;06/2017;14.425;0;0;80.409;0;94.833;0;0;0;0;0;0;0;27.282;122.116;0;7.684;129.800;42;36.478;166.320
COOPERATIVA DE CRÉDITO DE LIVRE ADMISSÃO DE ASSOCIADOS DO MEIO OESTE CATARINENSE - SICOOB CREDIMOC SC;80959638;;;;b3S;2;9;XANXERE;SC;06/2017;22.656;0;0;103.638;366;126.660;0;0;0;0;0;0;0;4.150;130.810;0;12.069;142.879;0;22.478;165.357
COOPERATIVA DE CREDITO DE LIVRE ADMISSÃO DO NORDESTE DE MINAS GERAIS LTDA - SICOOB CARLOS CHAGAS;41753500;;;;b3S;2;9;CARLOS CHAGAS;MG;06/2017;19.092;0;0;71.079;339;90.510;0;0;0;0;0;0;0;150;90.660;0;28.718;119.378;0;45.957;165.335
COOPERATIVA DE CREDITO DE LIVRE ADMISSAO DO VALE DO AÇO LTDA - SICOOB VALE DO AÇO;19869338;;;;b3S;2;9;IPATINGA;MG;06/2017;22.235;0;0;96.957;868;120.060;0;0;0;0;0;0;0;0;120.060;0;6.452;126.512;0;38.582;165.094
COOPERATIVA DE CRÉDITO DE LIVRE ADMISSÃO DA REGIÃO DE ITAÚNA LTDA. - SICOOB CREDIUNA;64237530;;;;b3S;2;9;ITAUNA;MG;06/2017;27.226;0;0;85.925;633;113.784;0;0;0;0;0;0;0;0;113.784;0;22.254;136.038;0;28.475;164.513
COOPERATIVA DE ECONOMIA E CRÉDITO MÚTUO DOS MÉDICOS DA REGIÃO DAS MISSÕES E NOROESTE DO RS LTDA;95163002;;;;b3S;2;9;SANTO ANGELO;RS;06/2017;11.648;0;0;126.873;590;139.111;0;0;0;0;0;0;0;0;139.111;0;2.965;142.076;0;21.861;163.937
MERCEDES-BENZ LEASING DO BRASIL ARRENDAMENTO MERCANTIL S.A.;162760;MERCEDES-BENZ;51262;80563;n1;3;19;SAO PAULO;SP;06/2017;0;0;62.305;0;0;62.305;0;0;0;0;0;0;0;3.634;65.939;0;67.831;133.770;1.041;27.723;162.534
COOPERATIVA DE ECONOMIA E CRÉDITO MÚTUO SERV MEMBROS JUSTIÇA TRABALHO MPT TERRITÓRIO NACIONAL PODER JUDICIÁRIO FEDERAL MPU PA SC TSE  STM DF BOMBEIROS PA-SICOOB CREDIJUSTRA;37079720;;;;b3S;2;9;BRASILIA;DF;06/2017;14.228;0;0;96.436;0;110.664;0;0;0;0;0;0;0;13.854;124.518;0;3.048;127.566;0;34.672;162.238
COOPERATIVA DE CREDITO RURAL COM INTERACAO SOLIDARIA DE DOIS VIZINHOS - CRESOL DOIS VIZINHOS;971300;;;;b3S;2;9;DOIS VIZINHOS;PR;06/2017;8.309;0;0;31.613;0;39.923;0;0;0;0;0;0;0;0;39.923;0;103.679;143.602;0;18.459;162.062
COOPERATIVA DE CRÉDITO DE LIVRE ADMISSÃO DA REGIÃO DE FRUTAL LTDA.   SICOOB FRUTAL;71419600;;;;b3S;2;9;FRUTAL;MG;06/2017;28.824;0;0;38.690;0;67.514;0;0;7.712;0;0;0;7.712;0;75.225;0;37.515;112.741;0;48.310;161.051
BANCO DE LA NACION ARGENTINA;33042151;;;81270;b1;3;28;SAO PAULO;SP;06/2017;1.076;0;0;3.533;2.120;6.729;0;0;0;0;0;0;0;88.595;95.324;0;30.208;125.533;0;34.942;160.474
COOPERATIVA DE ECONOMIA E CRÉDITO MÚTUO DOS MÉDICOS E DEMAIS PROFISSIONAIS DA REGIÃO DOS VALES DO SINOS, PARANHANA E CAÍ LTDA - UNICRED REGIÃO DOS VALES;1796302;;;;b3S;2;9;NOVO HAMBURGO;RS;06/2017;15.177;0;0;122.845;499;138.521;0;0;0;0;0;0;0;3;138.523;0;4.050;142.574;0;17.438;160.012
COOPERATIVA DE CRÉDITO DE LIVRE ADMISSÃO DE ARIQUEMES LTDA. - CREDISIS CREDIARI;3222753;;;;b3S;2;9;ARIQUEMES;RO;06/2017;21.039;0;0;56.536;0;77.575;0;0;0;0;0;0;0;0;77.575;0;5.735;83.310;0;75.443;158.753
COOPERATIVA DE CREDITO DE LIVRE ADMISSAO DA MATA MINEIRA LTDA - SICOOB CREDIMATA;1152097;;;;b3S;2;9;VOLTA GRANDE;MG;06/2017;28.394;0;0;81.533;257;110.185;0;0;0;0;0;0;0;0;110.185;0;17.349;127.534;0;28.957;156.491
COOPERATIVA DE CRÉDITO DE LIVRE ADMISSÃO DE GOIÂNIA, SENADOR CANEDO E REGIÕES LTDA. - CREDIGOIÁS;37255049;;;;b3S;2;9;GOIANIA;GO;06/2017;29.854;0;0;3.035;0;32.889;0;0;8.109;0;0;0;8.109;0;40.997;0;18.882;59.879;0;96.580;156.458
BNY MELLON BANCO S.A.;42272526;BNY MELLON;51808;80910;b1;3;2;RIO DE JANEIRO;RJ;06/2017;58.686;0;0;0;0;58.686;0;0;0;0;0;0;0;0;58.686;0;14.697;73.384;0;82.189;155.572
COOPERATIVA DE CRÉDITO DE LIVRE ADMISSÃO DE MONTE CARMELO E REGIÃO LTDA - SICOOB MONTECREDI;71392047;;;;b3S;2;9;MONTE CARMELO;MG;06/2017;11.556;0;0;67.693;0;79.250;0;0;12.618;0;0;0;12.618;0;91.868;0;32.650;124.518;2;30.418;154.937
UNIPRIME CAMPOS GERAIS - COOPERATIVA DE CRÉDITO DOS MÉDICOS, PROFISSIONAIS DA ÁREA DE SAÚDE E EMPRESÁRIOS DA REGIÃO DOS CAMPOS GERAIS LTDA.;3234384;;;;b3S;2;9;PONTA GROSSA;PR;06/2017;15.050;0;0;108.763;1.152;124.965;0;0;0;0;0;0;0;0;124.965;0;3.891;128.855;0;26.017;154.873
COOPERATIVA DE CREDITO DE LIVRE ADMISSAO DE FORMIGA LTDA - SICOOB CREDIFOR;41931445;;;;b3S;2;9;FORMIGA;MG;06/2017;25.785;0;0;77.756;0;103.541;0;0;0;0;0;0;0;1.493;105.034;0;24.982;130.016;7;24.812;154.834
COOPERATIVA DE CRÉDITO DE LIVRE ADMISSÃO DO VALE MADEIRA-MAMORÉ - SICOOB PORTOCREDI;4544165;;;;b3S;2;9;PORTO VELHO;RO;06/2017;47.315;0;0;43.823;0;91.138;0;0;1.281;0;0;0;1.281;0;92.419;0;31.150;123.568;0;31.234;154.803
COOPERATIVA DE ECONOMIA E CRÉDITO MÚTUO DOS EMPRESÁRIOS DE TRANSPORTES DOS ESTADOS DE SANTA CATARINA E RIO GRANDE DO SUL - TRANSPOCRED;8075352;;;;b3S;2;9;FLORIANOPOLIS;SC;06/2017;16.987;0;0;92.903;0;109.890;0;0;0;0;0;0;0;9.050;118.940;0;6.175;125.115;0;29.072;154.188
COOPERATIVA DE CRÉDITO DOS PROFISSIONAIS DA SAÚDE DA ZONA DA MATA MINEIRA E SUL DO ESPÍRITO SANTO;86389236;;;;b3S;2;9;UBA;MG;06/2017;24.759;0;0;106.765;0;131.524;0;0;0;0;0;0;0;501;132.025;0;4.107;136.132;0;17.601;153.733
COOPERATIVA DE ECONOMIA E CRÉDITO MÚTUO DOS PEQUENOS EMPRESÁRIOS, MICROEMPRESÁRIOS E MICROEMPREENDEDORES DO DISTRITO FEDERAL LTDA - SICOOB EMPRESARIAL;5856736;;;;b3S;2;9;BRASILIA;DF;06/2017;39.721;0;0;74.075;148;113.944;0;0;0;0;0;0;0;6.040;119.984;0;5.595;125.578;0;27.819;153.397
COOPERATIVA DE CRÉDITO DE LIVRE ADMISSÃO DO TRIÂNGULO MINEIRO E SUDESTE DE GOIÁS LTDA. - SICOOB ARACREDI;68987;;;;b3S;2;9;ARAGUARI;MG;06/2017;19.588;0;0;35.653;0;55.241;0;0;3.935;0;0;0;3.935;0;59.176;0;64.014;123.190;0;29.606;152.796
COOPERATIVA DE CRÉDITO E INVESTIMENTO DE ARARAQUARA E REGIÃO - SICREDI CENTRO NORTE SP;73113243;;;;b3S;2;9;ARARAQUARA;SP;06/2017;23.501;0;0;99.075;33;122.609;0;0;0;0;0;0;0;1.035;123.644;0;9.080;132.723;0;18.473;151.196
COOPERATIVA DE CRÉDITO DE LIVRE ADMISSÃO DE  LAGOA DA PRATA E REGIÃO LTDA.   SICOOB LAGOACRED GERAIS;1739375;;;;b3S;2;9;LAGOA DA PRATA;MG;06/2017;23.580;0;0;90.559;0;114.139;0;0;0;0;0;0;0;0;114.139;0;9.460;123.599;0;26.704;150.303
FACTA FINANCEIRA S.A. - CRÉDITO FINANCIAMENTO E INVESTIMENTO;15581638;;;83704;n1;2;14;PORTO ALEGRE;RS;06/2017;0;0;0;47.577;0;47.577;0;0;0;0;0;71.201;71.201;0;118.779;0;8.911;127.690;0;20.939;148.629
WESTERN UNION CORRETORA DE CÂMBIO S.A.;13728156;WESTERN UNION;51767;80886;n2;3;21;SAO PAULO;SP;06/2017;0;0;0;0;0;0;0;0;0;0;0;0;0;0;0;0;48.738;48.738;0;99.707;148.445
SICREDI BELEM - COOPERATIVA DE CRÉDITO;83315408;;;;b3S;2;9;BELEM;PA;06/2017;10.390;0;0;100.577;3.375;114.343;0;0;0;0;0;0;0;0;114.343;0;6.640;120.983;0;27.075;148.057
SAX S.A. - CRÉDITO, FINANCIAMENTO E INVESTIMENTO;7747410;;;83515;n1;2;14;BARUERI;SP;06/2017;0;0;18.252;0;0;18.252;0;0;0;180;0;0;180;0;18.431;0;32.706;51.137;0;94.014;145.151
COOPERATIVA DE CREDITO DE LIVRE ADMISSAO DO ALTO E MEDIO JEQUITINHONHA LTDA - SICOOB CREDIJEQUITINHONHA;71243034;;;;b3S;2;9;CAPELINHA;MG;06/2017;21.563;0;0;58.355;0;79.918;0;0;4.009;0;0;0;4.009;0;83.927;0;19.464;103.391;0;41.408;144.799
COOPERATIVA DE CRÉDITO DE LIVRE ADMISSÃO DE ASSOCIADOS DO NORDESTE DO PARÁ - SICREDI NORDESTE PA;10772401;;;;b3S;2;9;PARAGOMINAS;PA;06/2017;36.602;0;759;34.130;0;71.490;0;0;0;0;0;0;0;18.788;90.279;0;29.176;119.455;0;24.562;144.017
COOPERATIVA DE CRÉDITO DE LIVRE ADMISSÃO TRÊS FRONTEIRAS - SICOOB TRÊS FRONTEIRAS;4876393;;;;b3S;2;9;FOZ DO IGUACU;PR;06/2017;23.690;0;0;83.695;244;107.628;0;0;4.067;0;0;0;4.067;0;111.695;0;12.710;124.405;0;19.567;143.972
COOPERATIVA DE CREDITO RURAL COM INTERACAO SOLIDARIA DE ERECHIM - CRESOL ERECHIM;2910987;;;;b3S;2;9;ERECHIM;RS;06/2017;8.348;0;0;69.925;0;78.272;0;0;0;0;0;0;0;0;78.272;0;31.514;109.786;0;33.872;143.658
COOPERATIVA DE CRÉDITO DO DISTRITO FEDERAL E ENTORNO LTDA. - SICOOB;1187961;;;;b3S;2;9;BRASILIA;DF;06/2017;34.092;0;0;38.833;0;72.924;0;0;8.791;0;0;0;8.791;11.939;93.655;0;20.035;113.690;0;29.040;142.730
COOPERATIVA DE CRÉDITO RURAL DA REGIÃO DA MOGIANA;62109566;;;;b3S;2;9;SAO JOAO DA BOA VISTA;SP;06/2017;21.910;0;0;88.164;0;110.074;0;0;0;0;0;0;0;0;110.074;0;10.342;120.416;0;22.111;142.527
COOPERATIVA DE CREDITO RURAL COM INTERACAO SOLIDARIA DE FRANCISCO BELTRAO - CRESOL FRANCISCO BELTRAO;2698001;;;;b3S;2;9;FRANCISCO BELTRAO;PR;06/2017;7.569;0;0;29.638;0;37.207;0;0;0;0;0;0;0;0;37.207;0;85.980;123.187;0;19.022;142.209
LEBES FINANCEIRA S.A. - CRÉDITO, FINANCIAMENTO E INVESTIMENTO;11271860;;;83656;n1;2;14;ELDORADO;RS;06/2017;0;0;0;0;0;0;0;0;0;0;0;97.132;97.132;0;97.132;0;12.122;109.254;0;32.472;141.727
COOPERATIVA DE CRÉDITO DOS SERVIDORES DOS PODERES LEGISLATIVOS DO ESTADO DE MINAS GERAIS E DO SEU ÓRGÃO AUXILIAR LTDA. - SICOOB COFAL;21797311;;;;b3S;2;9;BELO HORIZONTE;MG;06/2017;8.466;0;0;89.293;2.070;99.830;0;0;0;0;0;0;0;0;99.830;0;6.609;106.439;0;35.152;141.591
JSL ARRENDAMENTO MERCANTIL S.A.;1852137;;;84480;n1;3;19;BARUERI;SP;06/2017;0;0;0;0;16.128;16.128;0;0;0;0;0;40.538;40.538;0;56.666;0;65.821;122.487;0;18.176;140.663
COOPERATIVA DE CRÉDITO DE LIVRE ADMISSÃO DE PARAÍSO DO TOCANTINS E REGIÃO LTDA;26960328;;;;b3S;2;9;PARAISO DO NORTE DO TOCANTINS;TO;06/2017;34.926;0;0;46.743;0;81.669;0;0;870;0;0;0;870;1.333;83.871;0;18.895;102.767;0;37.354;140.121
COOPERATIVA DE CRÉDITO DE LIVRE ADMISSÃO DA REGIÃO DE UMUARAMA - SICOOB ARENITO;7026923;;;;b3S;2;9;UMUARAMA;PR;06/2017;18.441;0;0;79.393;158;97.991;0;0;7.556;0;0;0;7.556;0;105.548;0;20.096;125.643;0;13.511;139.154
COOPERATIVA DE CREDITO CREDIMOTA   SICOOB CREDIMOTA;66788142;;;;b3S;2;9;CANDIDO MOTA;SP;06/2017;25.200;0;0;53.746;0;78.946;0;0;0;0;0;0;0;95;79.041;0;32.064;111.105;0;27.758;138.863
COOPERATIVA DE ECONOMIA E CRÉDITO MÚTUO DOS PROFISSIONAIS DA SAÚDE, EMPRESÁRIOS, PEQUENOS EMPRESÁRIOS, MICROEMPRESÁRIOS E MICROEMPREENDEDORES DAS REGIÕES SERRANAS E DO MÉDIO VALE DO PARAÍBA;71698674;;;;b3S;2;9;TAUBATE;SP;06/2017;17.946;0;0;86.456;2.878;107.280;0;0;0;0;0;0;0;3.135;110.414;0;5.344;115.759;0;22.912;138.671
SICOOB AC CREDI - COOPERATIVA DE CRÉDITO DE LIVRE ADMISSÃO DO LESTE E NORDESTE MINEIRO LTDA.;1559914;;;;b3S;2;9;GOVERNADOR VALADARES;MG;06/2017;24.306;0;0;75.783;1.194;101.283;0;0;0;0;0;0;0;0;101.283;0;5.331;106.615;0;31.366;137.981
COOPERATIVA DE CRÉDITO DE LIVRE ADMISSÃO DE POMPÉU LTDA. - SICOOB CREDIPÉU;66262643;;;;b3S;2;9;POMPEU;MG;06/2017;17.266;0;0;71.682;0;88.948;0;0;0;0;0;0;0;274;89.222;0;19.541;108.762;0;28.826;137.589
COOPERATIVA DE CRÉDITO DOS MÉDICOS E DEMAIS PROFISSIONAIS DA SAÚDE DO SUL DE MINAS LTDA. - UNICRED SUL DE MINAS;71418784;;;;b3S;2;9;VARGINHA;MG;06/2017;26.114;0;0;95.279;0;121.393;0;0;0;0;0;0;0;0;121.393;0;4.798;126.191;0;11.083;137.274
COOPERATIVA DE CRÉDITO DE LIVRE ADMISSÃO DA REGIÃO DO ALTO SÃO FRANCISCO LTDA. - SICOOB CREDIPRATA;26178111;;;;b3S;2;9;LAGOA DA PRATA;MG;06/2017;26.662;0;0;62.439;1.647;90.748;0;0;0;0;0;0;0;234;90.982;0;21.071;112.053;0;25.190;137.242
COOPERATIVA DE CRÉDITO DOS PROFISSIONAIS DE SAÚDE DO TRIÂNGULO MINEIRO E SUL DE MINAS LTDA.;71432926;;;;b3S;2;9;UBERABA;MG;06/2017;19.212;0;0;97.194;0;116.406;0;0;0;0;0;0;0;0;116.406;0;3.901;120.306;0;16.284;136.590
AGORACRED S/A SOCIEDADE DE CRÉDITO, FINANCIAMENTO E INVESTIMENTO;36321990;;;83618;n1;2;14;VITORIA;ES;06/2017;0;0;0;3.516;0;3.516;0;0;0;0;0;106.185;106.185;287;109.988;0;5.024;115.012;0;19.621;134.633
BBVA BRASIL BANCO DE INVESTIMENTO S.A.;45283173;;;81366;b2;3;13;SAO PAULO;SP;06/2017;0;0;0;0;0;0;0;0;0;0;0;0;0;0;0;0;21.301;21.301;0;113.043;134.344
COOPERATIVA DE CRÉDITO, POUPANÇA E INVESTIMENTO DOS INTEGRANTES DA MAGISTRATURA E DO MINISTÉRIO PÚBLICO NO ESTADO DO PARANÁ - SICREDI CREDJURIS;4886317;;;;b3S;2;9;CURITIBA;PR;06/2017;7.358;0;0;112.125;36;119.520;0;0;0;0;0;0;0;781;120.300;0;4.179;124.480;0;8.019;132.498
BGC LIQUIDEZ DISTRIBUIDORA DE TÍTULOS E VALORES MOBILIÁRIOS LTDA;33862244;;;84033;n2;3;16;RIO DE JANEIRO;RJ;06/2017;0;0;0;0;0;0;0;0;0;0;0;0;0;0;0;0;88.208;88.208;0;44.199;132.406
BANCO ORIGINAL DO AGRONEGÓCIO S.A.;9516419;ORIGINAL;51781;80903;b1;2;8;SAO PAULO;SP;06/2017;257;0;0;252;0;509;0;0;0;0;0;0;0;0;509;0;7.386;7.895;0;124.242;132.136
LECCA CRÉDITO, FINANCIAMENTO E INVESTIMENTO S/A;7652226;LECCA;51523;80680;n1;2;14;RIO DE JANEIRO;RJ;06/2017;0;0;321;67.494;0;67.815;0;0;0;0;0;36.066;36.066;0;103.881;0;5.883;109.764;0;20.206;129.971
COOPERATIVA DE CRÉDITO DO SERVIDOR FEDERAL LTDA   SICOOB CREDFAZ SERVIDOR FEDERAL;952415;;;;b3S;2;9;BRASILIA;DF;06/2017;1.468;0;0;15.623;470;17.561;0;0;0;0;0;0;0;18.704;36.265;0;12.558;48.823;0;80.942;129.764
COOPERATIVA DE CRÉDITO DE LIVRE ADMISSÃO CAMPOS DA MANTIQUEIRA LTDA. - SICOOB CREDICAMPO;21661202;;;;b3S;2;9;ENTRE RIOS DE MINAS;MG;06/2017;26.318;0;0;70.464;715;97.497;0;0;0;0;0;0;0;0;97.497;0;11.484;108.981;0;20.148;129.129
STARA FINANCEIRA S.A. - CRÉDITO FINANCIAMENTO E INVESTIMENTO;17359351;;;83711;n1;2;14;NAO-ME-TOQUE;RS;06/2017;0;0;0;20.626;0;20.626;0;0;0;0;0;15.384;15.384;49.296;85.306;0;906;86.212;0;42.603;128.815
COOPERATIVA DE CRÉDITO, POUPANÇA E INVESTIMENTO DO NOROESTE DO ESTADO DE SÃO PAULO - SICREDI NOROESTE SP;3065046;;;;b3S;2;9;SAO JOSE DO RIO PRETO;SP;06/2017;22.988;0;0;77.116;132;100.236;0;0;0;0;0;0;0;1.004;101.240;0;10.056;111.296;0;17.264;128.560
COOPERATIVA DE CRÉDITO DA FOZ DO RIO ITAJAÍ AÇU - CREDIFOZ;9512539;;;;b3S;2;9;ITAJAI;SC;06/2017;22.506;0;0;59.295;0;81.801;0;0;0;0;0;0;0;4.325;86.126;0;13.644;99.769;0;27.772;127.541
COOPERATIVA DE CRÉDITO RURAL COM INTERAÇÃO SOLIDÁRIA UNIÃO DOS PINHAIS - CRESOL UNIÃO DOS PINHAIS;2446089;;;;b3S;2;9;CORONEL VIVIDA;PR;06/2017;6.806;0;0;26.875;0;33.681;0;0;0;0;0;0;0;0;33.681;0;76.363;110.044;0;16.520;126.564
COOPERATIVA DE CRÉDITO SICREDI CENTRO PERNAMBUCANA;41255225;;;;b3S;2;9;CARUARU;PE;06/2017;16.993;0;0;63.737;491;81.221;0;0;0;0;0;0;0;0;81.221;0;6.918;88.139;0;38.249;126.387
COOPERATIVA DE ECONOMIA E CRÉDITO MÚTUO DOS SERVIDORES DA FEDERAÇÃO DO COMÉRCIO, SESC E SENAC DE SÃO PAULO;62928320;;;;b3S;2;9;SAO PAULO;SP;06/2017;0;0;0;0;0;0;0;0;0;0;0;0;0;0;0;0;5.823;5.823;0;120.033;125.857
COOPERATIVA DE CRÉDITO DOS INTEGRANTES DO PODER JUDICIÁRIO E DAS INSTITUIÇÕES JURÍDICAS DA UNIÃO EM MINAS GERAIS LTDA.   SICOOB COOPJUS;25363615;;;;b3S;2;9;BELO HORIZONTE;MG;06/2017;2.002;0;0;67.675;0;69.678;0;0;0;0;0;0;0;0;69.678;0;3.793;73.470;0;52.339;125.810
COOPERATIVA DE CRÉDITO DO OESTE MINEIRO E REGIÃO METROPOLITANA DE BELO HORIZONTE LTDA. - SICOOB CREDIOESTE;25420696;;;;b3S;2;9;ABAETE;MG;06/2017;20.571;0;0;49.455;204;70.230;0;0;0;0;0;0;0;0;70.230;0;25.329;95.559;0;30.149;125.708
COOPERATIVA DE CRÉDITO RURAL COM INTERAÇÃO SOLIDÁRIA DE ÁGUAS MORNAS - CRESOL ÁGUAS MORNAS;7512780;;;;b3S;2;9;AGUAS MORNAS;SC;06/2017;6.435;0;0;57.542;0;63.976;0;0;0;0;0;0;0;0;63.976;0;47.290;111.266;0;13.872;125.138
SPINELLI S.A. CORRETORA DE VALORES MOBILIARIOS E CAMBIO;61739629;;;82853;n2;2;15;SAO PAULO;SP;06/2017;0;0;0;0;0;0;0;0;0;0;0;0;0;0;0;0;99.005;99.005;0;26.113;125.118
COOPERATIVA DE CRÉDITO DE LIVRE ADMISSÃO DO PAJEÚ, AGRESTE E RECIFE - SICOOB PERNAMBUCO;3732359;;;;b3S;2;9;SAO JOSE DO EGITO;PE;06/2017;18.430;0;0;54.902;99;73.431;0;0;0;0;0;0;0;18.709;92.140;0;5.971;98.111;0;26.501;124.612
COOPERATIVA DE CRÉDITO DE LIVRE ADMISSÃO DO ALTO SÃO FRANCISCO LTDA.;41805003;;;;b3S;2;9;PIUMHI;MG;06/2017;20.391;0;0;63.668;0;84.059;0;0;5.679;0;0;0;5.679;0;89.737;0;17.079;106.816;10;17.456;124.282
COOPERATIVA DE CRÉDITO DE LIVRE ADMISSÃO DA REGIÃO CENTRAL DE RONDÔNIA   SICOOB OUROCREDI;2144899;;;;b3S;2;9;OURO PRETO DO OESTE;RO;06/2017;38.393;0;0;14.970;0;53.362;0;0;0;0;0;0;0;730;54.093;0;41.473;95.566;0;28.484;124.050
SICOOB NOSSACOOP - COOPERATIVA DE ECONOMIA E CRÉDITO DOS EMPREGADOS DAS INSTITUIÇÕES DE ENSINO E PESQUISA E DE SERVIDORES PÚBLICOS DE MINAS GERAIS LTDA.;1760242;;;;b3S;2;9;BELO HORIZONTE;MG;06/2017;3.896;0;0;79.200;0;83.095;0;0;0;0;0;0;0;7.765;90.861;0;4.758;95.619;0;28.056;123.674
COOPERATIVA DE CRÉDITO DE LIVRE ADMISSÃO DA REGIÃO DE TRÊS PONTAS LTDA. - SICOOB COPERSUL;18966739;;;;b3S;2;9;TRES PONTAS;MG;06/2017;23.214;0;0;62.511;0;85.726;0;0;0;0;0;0;0;0;85.726;0;17.769;103.495;0;19.355;122.850
COOPERATIVA DE CRÉDITO RURAL DE GUARANI LTDA - SICOOB GUARANICREDI;26014175;;;;b3S;2;9;GUARANI;MG;06/2017;20.896;0;0;81.114;0;102.010;0;0;0;0;0;0;0;0;102.010;0;6.276;108.286;0;14.008;122.295
COOPERATIVA DE CRÉDITO DE LIVRE ADMISSÃO DA REGIÃO DE ITURAMA LTDA. - SICOOB CREDIRAMA;3412878;;;;b3S;2;9;ITURAMA;MG;06/2017;19.760;0;0;32.851;14;52.625;0;0;0;0;0;0;0;796;53.421;0;44.084;97.505;0;23.921;121.426
SICREDI CREDSUPER - COOPERATIVA DE CRÉDITO SICREDI CREDSUPER;4138455;;;;b3S;2;9;NATAL;RN;06/2017;6.982;0;0;32.981;128;40.091;0;0;0;0;0;0;0;44.814;84.905;0;5.394;90.299;0;30.710;121.009
COOPERATIVA DE ECONOMIA E CRÉDITO MÚTUO UNICRED IJUÍ LTDA - UNICRED IJUÍ;1526924;;;;b3S;2;9;IJUI;RS;06/2017;7.929;0;0;85.757;0;93.686;0;0;0;0;0;0;0;0;93.686;0;3.201;96.887;0;24.054;120.940
COOPERATIVA DE ECONOMIA E CRÉDITO MÚTUO DOS EMPREGADOS DA JOHNSON & JOHNSON;45691128;;;;b3S;2;9;SAO JOSE DOS CAMPOS;SP;06/2017;0;0;0;0;0;0;0;0;0;0;0;0;0;0;0;0;9.315;9.315;0;110.786;120.102
SICREDI JURISCRED - COOPERATIVA DE CRÉDITO DOS MEMBROS DO PODER JUDICIÁRIO, DO MINISTÉRIO PÚBLICO, DA ADVOCACIA, DE ÓRGÃOS JURÍDICOS E DE SERVIDORES PÚBLICOS ESTADUAIS E MUNICIPAIS EM ALAGOAS;4179861;;;;b3S;2;9;MACEIO;AL;06/2017;7.159;0;0;64.377;679;72.215;0;0;0;0;0;0;0;0;72.215;0;10.693;82.908;0;36.956;119.864
COOPERATIVA  DE CRÉDITO DE LIVRE ADMISSÃO DE ASSOCIADOS UNIRONDÔNIA LTDA;1664968;;;;b3S;2;9;PORTO VELHO;RO;06/2017;23.931;0;0;72.744;0;96.674;0;0;0;0;0;0;0;0;96.674;0;2.533;99.208;0;20.641;119.848
BANCO CEDULA S.A.;33132044;;;81469;b1;2;8;RIO DE JANEIRO;RJ;06/2017;1.465;0;0;79.433;0;80.898;0;0;0;0;0;0;0;0;80.898;66;3.500;84.464;0;35.201;119.665
COOPERATIVA DE CRÉDITO DE LIVRE ADMISSÃO DE ASSOCIADOS DO SERTÃO BAIANO LTDA   SICOOB SERTÃO;2057584;;;;b3S;2;9;PINTADAS;BA;06/2017;20.668;0;0;55.457;11;76.137;0;0;0;0;0;0;0;0;76.137;0;7.488;83.625;0;35.160;118.786
BANCO PECUNIA S.A.;60850229;OMNI;50940;80460;b1;2;8;SAO PAULO;SP;06/2017;0;0;0;0;0;0;0;0;0;0;0;0;0;0;0;0;64.647;64.647;24;53.984;118.655
COOPERATIVA DE CRÉDITO DE LIVRE ADMISSÃO DA REGIÃO DE DIVINÓPOLIS LTDA - SICOOB CREDIVERDE;25528753;;;;b3S;2;9;DIVINOPOLIS;MG;06/2017;27.960;0;0;59.811;740;88.510;0;0;0;0;0;0;0;0;88.510;0;8.359;96.869;0;21.577;118.446
BANCO INBURSA DE INVESTIMENTOS S.A.;4866275;;;81335;b2;3;13;SAO PAULO;SP;06/2017;0;0;0;30.367;0;30.367;0;0;0;0;0;0;0;0;30.367;0;7.353;37.720;0;79.898;117.618
COOPERATIVA DE CREDITO RURAL COM INTERACAO SOLIDARIA DE CASCAVEL - CRESOL CASCAVEL;2448310;;;;b3S;2;9;CASCAVEL;PR;06/2017;6.190;0;0;19.331;0;25.520;0;0;0;0;0;0;0;0;25.520;0;76.776;102.296;0;15.033;117.330
COOPERATIVA DE CRÉDITO DA REGIÃO DO CONTESTADO - SCRCRED;10218474;;;;b3S;2;9;SAO BENTO DO SUL;SC;06/2017;13.524;0;0;66.739;0;80.262;0;0;0;0;0;0;0;10.888;91.150;0;9.838;100.988;0;15.747;116.735
TODESCREDI S/A - CRÉDITO, FINANCIAMENTO E INVESTIMENTO;9473806;;;83546;n1;2;14;BENTO GONCALVES;RS;06/2017;0;0;0;0;0;0;0;0;0;0;0;91.019;91.019;0;91.019;0;5.956;96.976;0;19.440;116.415
DEUTSCHE SPARKASSEN LEASING DO BRASIL S.A. - SOCIEDADE DE ARRENDAMENTO MERCANTIL;23511655;;;84545;n1;3;19;SAO PAULO;SP;06/2017;0;0;0;0;0;0;0;0;0;0;0;0;0;47.255;47.255;0;30.289;77.544;0;38.835;116.379
COOPERATIVA DE CRÉDITO RURAL DE IRAÍ DE MINAS LTDA -SICOOB CREDIMIL;71207740;;;;b3S;2;9;IRAI DE MINAS;MG;06/2017;9.597;0;0;55.420;0;65.017;0;0;0;0;0;0;0;0;65.017;0;25.778;90.795;0;25.201;115.996
COOPERATIVA DE CRÉDITO DE LIVRE ADMISSÃO CREDIEMBRAPA LTDA - SICOOB.;2338666;;;;b3S;2;9;BRASILIA;DF;06/2017;8.563;0;0;57.773;165;66.501;0;0;0;0;0;0;0;11.559;78.059;0;3.890;81.949;0;33.943;115.893
COOPERATIVA DE CRÉDITO DOS EMPRESÁRIOS INDUSTRIAIS VINCULADOS À FIEMG LTDA - SICOOB CREDIFIEMG;7469260;;;;b3S;2;9;BELO HORIZONTE;MG;06/2017;18.218;0;0;73.161;1.295;92.673;0;0;0;0;0;0;0;0;92.673;0;2.337;95.010;257;20.239;115.506
COOPERATIVA DE ECONOMIA E CRÉDITO MÚTUO UNICRED REGIÃO DA CAMPANHA LTDA - UNICRED REGIÃO DA CAMPANHA;1705236;;;;b3S;2;9;SANTANA DO LIVRAMENTO;RS;06/2017;9.939;0;0;84.674;261;94.874;0;0;0;0;0;0;0;0;94.874;0;2.660;97.534;0;17.849;115.383
COOPERATIVA DE CRÉDITO DO NORDESTE E CENTROS NORTE E SUL DA BAHIA LTDA. - SICOOB COOPERE;73398646;;;;b3S;2;9;VALENTE;BA;06/2017;23.409;0;0;54.542;689;78.640;0;0;0;0;0;0;0;0;78.640;0;7.999;86.639;0;28.319;114.958
COOPERATIVA DE ECONOMIA E CRÉDITO MÚTUO DOS PROFISSIONAIS DA SAÚDE E EMPRESÁRIOS DA REGIÃO DO IGUAÇU - UNIPRIME DO IGUAÇU;1848322;;;;b3S;2;9;PATO BRANCO;PR;06/2017;11.177;0;0;72.842;7.320;91.339;0;0;0;0;0;0;0;0;91.339;0;3.866;95.204;0;19.124;114.329
VIC-DISTRIBUIDORA DE TITULOS E VALORES MOBILIARIOS S/A;14388516;;;84002;n2;2;16;RIO DE JANEIRO;RJ;06/2017;0;0;0;0;0;0;0;0;0;0;0;0;0;0;0;0;42.870;42.870;0;71.054;113.924
COOPERATIVA ECONOMIA CRÉDITO MÚTUO SERVIDORES PODER JUDICIÁRIO, TRIBUNAL CONTAS ESTADUAL E SERVIDORES ÓRGÃOS ENTIDADES ÁREA CIÊNCIA TECNOLOGIA NO ESTADO DO RIO DE JANEIRO LTDA.;2000895;;;;b3S;2;9;RIO DE JANEIRO;RJ;06/2017;5.519;0;0;47.769;196;53.483;0;0;0;0;0;0;0;3.700;57.183;0;4.918;62.101;0;50.860;112.962
COOPERATIVA DE CRÉDITO DE LIVRE ADMISSÃO DO MÉDIO LESTE DE MATO GROSSO - SICOOB PRIMAVERA MT;5241619;;;;b3S;2;9;PRIMAVERA DO LESTE;MT;06/2017;22.066;0;0;44.990;0;67.056;0;0;0;0;0;0;0;0;67.056;0;29.115;96.171;0;16.706;112.877
COOPERATIVA DE CRÉDITO POUPANÇA E INVESTIMENTO DA ALTA NOROESTE DE SÃO PAULO - SICREDI ALTA NOROESTE SP;4484490;;;;b3S;2;9;BIRIGUI;SP;06/2017;16.787;0;0;70.398;190;87.375;0;0;0;0;0;0;0;720;88.095;0;7.043;95.137;0;17.678;112.815
MS BANK S.A. BANCO DE CÂMBIO;19307785;;;81294;b2;2;39;CURITIBA;PR;06/2017;2.323;0;0;0;0;2.323;2.598;0;0;0;0;0;0;26.145;31.065;0;65.116;96.181;0;15.080;111.261
COOPERATIVA DE CRÉDITO DE LIVRE ADMISSÃO DE PITANGUI, PAPAGAIOS, MARAVILHAS E REGIÃO LTDA. - SICOOB CREDICOOP;41931221;;;;b3S;2;9;PITANGUI;MG;06/2017;16.147;0;0;58.166;0;74.313;0;0;0;0;0;0;0;0;74.313;0;11.845;86.158;0;24.469;110.627
COOPERATIVA DE CRÉDITO DE LIVRE ADMISSÃO DAS REGIÕES SUDOESTE, SUL E OESTE DE GOIÁS;3047549;;;;b3S;2;9;RIO VERDE;GO;06/2017;18.670;0;0;63.014;0;81.684;0;0;0;0;0;0;0;0;81.684;0;7.137;88.821;0;21.393;110.214
COOPERATIVA DE CRÉDITO DE LIVRE ADMISSÃO SICOOB UNIMAIS CENTRO LESTE PAULISTA - SICOOB UNIMAIS CENTRO LESTE PAULISTA;1259518;;;;b3S;2;9;RIO CLARO;SP;06/2017;14.605;0;0;67.621;6.713;88.939;0;0;0;0;0;0;0;425;89.364;0;2.304;91.668;0;17.735;109.402
COOPERATIVA DE CREDITO DE LIVRE ADMISSÃO DO VALE DO GORUTUBA LTDA - SICOOB CREDIVAG;25404542;;;;b3S;2;9;JANAUBA;MG;06/2017;25.555;0;0;32.166;87;57.808;0;0;0;0;0;0;0;593;58.401;0;24.309;82.710;0;26.569;109.279
COOPERATIVA DE CREDITO DE LIVRE ADMISSAO DE RUBIATABA E REGIAO LTDA;73422792;;;;b3S;2;9;RUBIATABA;GO;06/2017;26.634;0;0;49.470;13;76.117;0;0;1.376;0;0;0;1.376;0;77.493;0;11.943;89.437;0;19.834;109.270
COOPERATIVA DE CRÉDITO MÚTUO DOS EMPRESÁRIOS DE FRANCA E REGIÃO SICOOB CRED-ACIF;4013172;;;;b3S;2;9;FRANCA;SP;06/2017;16.908;0;0;73.900;0;90.808;0;0;0;0;0;0;0;0;90.808;0;5.437;96.245;0;12.175;108.420
BANCO KOMATSU DO BRASIL S.A.;23903068;;;84576;b2;3;8;SAO PAULO;SP;06/2017;0;0;0;4.964;0;4.964;0;0;0;0;0;0;0;624;5.588;0;1.814;7.403;2.051;98.197;107.650
COOPERATIVA DE ECONOMIA E CRÉDITO MÚTUO DOS PROFISSIONAIS DA SAÚDE E EMPRESÁRIOS DE ARARAS E REGIÃO - SICOOB UNIMAIS ANHANGUERA;2647564;;;;b3S;2;9;ARARAS;SP;06/2017;17.059;0;0;81.479;1.230;99.767;0;0;0;0;0;0;0;0;99.767;0;3.094;102.861;0;4.354;107.215
BANRISUL S/A - CORRETORA DE VALORES MOBILIARIOS E CAMBIO;93026847;BANRISUL;30173;80154;n2;1;15;PORTO ALEGRE;RS;06/2017;0;0;0;0;0;0;0;0;0;0;0;0;0;0;0;0;26.181;26.181;0;80.871;107.052
COTACAO DISTRIBUIDORA DE TITULOS E VALORES MOBILIARIOS S.A;17354911;RENDIMENTO;51468;80659;n2;2;16;SAO PAULO;SP;06/2017;0;0;0;0;0;0;0;0;0;0;0;0;0;0;0;0;77.854;77.854;0;28.295;106.149
CONFEDERACAO NACIONAL DAS COOPERATIVAS CENTRAIS DE CREDITO E ECONOMIA FAMILIAR E SOLIDARIA - CONFESOL;10398952;;;;b3C;2;9;FLORIANOPOLIS;SC;06/2017;0;0;0;0;0;0;0;0;0;0;0;0;0;0;0;0;88.646;88.646;0;17.091;105.737
COOPERATIVA DE CRÉDITO DE LIVRE ADMISSÃO UNIÃO DO CENTRO OESTE DE MINAS LTDA;1703620;;;;b3S;2;9;BOM DESPACHO;MG;06/2017;14.678;0;0;65.299;0;79.977;0;0;0;0;0;0;0;0;79.977;0;8.874;88.851;0;16.867;105.718
COOPERATIVA DE CRÉDITO DE LIVRE ADMISSÃO DA REGIÃO LESTE DA BACIA DO RIO DOCE LTDA   SICOOB CREDILESTE;5158093;;;;b3S;2;9;CARATINGA;MG;06/2017;16.653;0;0;59.726;0;76.379;0;0;0;0;0;0;0;0;76.379;0;1.895;78.275;0;27.212;105.486
BTG PACTUAL SERVIÇOS FINANCEIROS S.A. DISTRIBUIDORA DE TÍTULOS E VALORES MOBILIÁRIOS;59281253;BTG PACTUAL;49944;80336;n2;2;16;RIO DE JANEIRO;RJ;06/2017;0;0;0;0;0;0;0;0;0;0;0;0;0;0;0;0;60.472;60.472;0;44.984;105.456
COOPERATIVA DE ECONOMIA E CRÉDITO MÚTUO DOS FUNCIONÁRIOS DO GRUPO COSAN - BARRACRED COSAN;1439107;;;;b3S;2;9;BARRA BONITA;SP;06/2017;0;0;0;0;0;0;0;0;0;0;0;0;0;0;0;0;10.134;10.134;0;94.754;104.888
GREENCRED - COOPERATIVA DE CREDITO DOS MEDICOS, DEMAIS CATEGORIAS AFINS E PROFESSORES DE ENSINO SUPERIOR DE CURITIBA, REGIAO METROPOLITANA E LITORAL;2347114;;;;b3S;2;9;CURITIBA;PR;06/2017;7.637;0;0;57.999;5.491;71.126;0;0;0;0;0;0;0;0;71.126;0;10.730;81.857;0;22.781;104.638
COOPERATIVA DE CRÉDITO DOS EMPREGADOS DO GRUPO VALLOUREC NO BRASIL - COOVALL LTDA.;64293582;;;;b3S;2;9;BELO HORIZONTE;MG;06/2017;0;0;0;0;0;0;0;0;0;0;0;0;0;0;0;0;8.572;8.572;0;95.245;103.818
SOCIETE GENERALE S.A. CORRETORA DE CÂMBIO, TÍTULOS E VALORES MOBILIÁRIOS;61668117;SOCIETE GENERALE;31859;80264;n2;3;15;SAO PAULO;SP;06/2017;0;0;0;0;0;0;0;0;0;0;0;0;0;0;0;0;13.767;13.767;0;88.791;102.558
COOPERATIVA DE CRÉDITO DE LIVRE ADMISSÃO DE ASSOCIADOS DE MANAUS;1566038;;;;b3S;2;9;MANAUS;AM;06/2017;10.138;0;0;44.855;0;54.992;0;0;0;0;0;0;0;0;54.992;0;7.804;62.796;0;39.579;102.375
FINSOL SOCIEDADE DE CRÉDITO AO MICROEMPREENDEDOR E À EMPRESA DE PEQUENO PORTE S.A.;18810553;;;83340;n1;3;10;RECIFE;PE;06/2017;0;0;8.012;0;0;8.012;0;0;0;0;0;0;0;64.076;72.088;0;5.925;78.012;0;24.227;102.240
COOPERATIVA DE CRÉDITO DE LIVRE ADMISSÃO DE CAMPOS ALTOS LTDA - SICOOB CREDIAGRO;429890;;;;b3S;2;9;CAMPOS ALTOS;MG;06/2017;12.015;0;0;24.130;0;36.145;0;0;3.232;0;0;0;3.232;0;39.377;0;33.589;72.965;46;29.091;102.103
COOPERATIVA DE CRÉDITO RURAL COM INTERAÇÃO SOLIDÁRIA OESTE CATARINENSE - CRESOL OESTE CATARINENSE;3965737;;;;b3S;2;9;XAXIM;SC;06/2017;3.416;0;0;34.034;0;37.450;0;0;0;0;0;0;0;0;37.450;0;53.719;91.169;0;10.500;101.670
COOPERATIVA DE CRÉDITO DO NORTE CATARINENSE - ACREDICOOP;3461243;;;;b3S;2;9;JOINVILLE;SC;06/2017;10.209;0;4.570;44.409;61;59.249;0;0;0;0;0;0;0;18.800;78.049;0;8.922;86.970;0;14.654;101.624
COOPERATIVA DE CRÉDITO DE LIVRE ADMISSÃO DA REGIÃO DE ALPINÓPOLIS LTDA. - SICOOB CREDIALP;25353939;;;;b3S;2;9;ALPINOPOLIS;MG;06/2017;12.519;0;0;31.981;1.069;45.569;0;0;0;0;0;0;0;15.729;61.298;0;19.603;80.901;167;20.040;101.108
COOPERATIVA DE ECONOMIA E CREDITO MUTUO DOS MEDICOS E CATEGORIAS AFINS-UNICRED NITEROI LTDA;1090027;;;;b3S;2;9;NITEROI;RJ;06/2017;17.864;0;0;53.506;1.285;72.655;0;0;0;0;0;0;0;0;72.655;0;3.193;75.847;0;24.564;100.411
COOPERATIVA DE ECONOMIA E CRÉDITO MÚTUO DOS MÉDICOS, DEMAIS PROFISSIONAIS DE NÍVEL SUPERIOR DA ÁREA DE SAÚDE E EMPRESÁRIOS DE GUARULHOS E REGIÃO;2250794;;;;b3S;2;9;GUARULHOS;SP;06/2017;15.178;0;0;64.131;275;79.584;0;0;0;0;0;0;0;0;79.584;0;4.518;84.102;0;16.129;100.231
HAITONG SECURITIES DO BRASIL CORRETORA DE CÂMBIO E VALORES MOBILIÁRIOS S.A.;33894445;HAITONG;51482;80666;n2;3;15;SAO PAULO;SP;06/2017;0;0;0;0;0;0;0;0;0;0;0;0;0;0;0;0;13.299;13.299;0;86.891;100.190
COOPERATIVA DE CRÉDITO E INVESTIMENTO DE LIVRE ADMISSÃO DE ASSOCIADOS DA REGIÃO DAS FLORES, DAS ÁGUAS E DOS VENTOS SP - SICREDI FORÇA DOS VENTOS SP;57647653;;;;b3S;2;9;HOLAMBRA;SP;06/2017;13.720;0;0;60.585;1;74.306;0;0;0;0;0;0;0;800;75.106;0;12.211;87.317;0;11.740;99.057
COOPERATIVA DE CRÉDITO SICREDI REGIÃO SUL DA BAHIA -SICREDI REGIÃO SUL DA BAHIA;97489280;;;;b3S;2;9;ITABUNA;BA;06/2017;13.667;0;0;41.547;2.461;57.675;0;0;0;0;0;0;0;0;57.675;0;5.107;62.783;0;35.513;98.295
COOPERATIVA DE CRÉDITO DE LIVRE ADMISSÃO DE BOA ESPERANÇA LTDA. - SICOOB BELCREDI;869687;;;;b3S;2;9;BOA ESPERANCA;MG;06/2017;11.596;0;0;47.670;465;59.732;0;0;0;0;0;0;0;716;60.447;0;21.763;82.210;0;15.757;97.967
COOPERATIVA DE CRÉDITO DE LIVRE ADMISSÃO DE SANTA CRUZ DAS PALMEIRAS E REGIÃO;6910457;;;;b3S;2;9;SANTA CRUZ DAS PALMEIRAS;SP;06/2017;13.153;0;0;66.402;2.159;81.714;0;0;0;0;0;0;0;0;81.714;0;5.179;86.893;0;10.614;97.506
PLANNER CORRETORA DE VALORES S.A.;806535;PLANNER;51341;80587;n2;2;15;SAO PAULO;SP;06/2017;0;0;0;0;0;0;0;0;0;0;0;0;0;0;0;0;80.158;80.158;0;17.188;97.346
SICREDI CARIRI - COOPERATIVA DE ECONOMIA E CRÉDITO MÚTUO DOS MÉDICOS E DEMAIS PROFISSIONAIS DA SAÚDE DA REGIÃO DO CARIRI;86913993;;;;b3S;2;9;JUAZEIRO DO NORTE;CE;06/2017;14.421;0;0;50.165;4.227;68.812;0;0;0;0;0;0;0;0;68.812;0;3.346;72.158;0;24.840;96.998
COOPERATIVA DE POUPANCA E CRÉDITO MÚTUO DOS EMPRESÁRIOS E PROFISSIONAIS LIBERAIS DO OESTE PAULISTA - SICOOB PAULISTA;10262276;;;;b3S;2;9;PRESIDENTE PRUDENTE;SP;06/2017;24.076;0;0;53.336;10;77.422;0;0;0;0;0;0;0;0;77.422;0;7.436;84.858;0;11.955;96.812
UNIPRIME DOURADOS - COOPERATIVA DE ECONOMIA E CRÉDITO MÚTUO DOS PROFISSIONAIS DA SAÚDE,  DAS CIÊNCIAS E DAS ARTES DE DOURADOS;37554441;;;;b3S;2;9;DOURADOS;MS;06/2017;14.620;0;0;48.569;3.457;66.646;0;0;0;0;0;0;0;0;66.646;0;5.042;71.688;0;24.915;96.603
COOPERATIVA DE ECONOMIA E CRÉDITO MÚTUO DOS PROFISSIONAIS DA ÁREA NOTARIAL E REGISTRAL - COOPNORE;7714057;;;;b3S;2;9;PORTO ALEGRE;RS;06/2017;38.211;0;0;49.719;88;88.018;0;0;0;0;0;0;0;0;88.018;0;1.533;89.551;0;6.389;95.940
COOPERATIVA DE CRÉDITO DE LIVRE ADMISSÃO DO NORDESTE DE MINAS GERAIS E SUL DA BAHIA LTDA - SICOOB CREDINORTE;64276058;;;;b3S;2;9;NANUQUE;MG;06/2017;13.958;0;0;37.086;132;51.176;0;0;0;0;0;0;0;0;51.176;0;20.840;72.017;0;23.247;95.264
CONFIDENCE CORRETORA DE CÂMBIO S.A.;4913129;CONFIDENCE;51671;80783;n2;2;21;SAO PAULO;SP;06/2017;0;0;0;0;0;0;0;0;0;0;0;0;0;222;222;0;66.877;67.099;0;28.085;95.184
COOPERATIVA DE ECONOMIA E CREDITO MUTUO DOS SERVIDORES DO PODER JUDICIARIO DO ESTADO DE MATO GROSSO - SICOOB CREDIJUD;3326437;;;;b3S;2;9;CUIABA;MT;06/2017;17.058;0;0;37.310;27;54.395;0;0;0;0;0;0;0;556;54.950;0;8.445;63.395;0;29.866;93.261
JBCRED S/A SOCIEDADE DE CRÉDITO AO MICROEMPREENDEDOR;4230630;;;83137;n1;2;10;SAO PAULO;SP;06/2017;0;0;0;0;0;0;0;0;0;0;0;0;0;0;0;0;7.089;7.089;0;86.172;93.260
SOCINAL S.A. - CRÉDITO, FINANCIAMENTO E INVESTIMENTO;3881423;;;83577;n1;2;14;ARARUAMA;RJ;06/2017;0;0;0;26.368;0;26.368;0;0;0;0;0;49.302;49.302;0;75.670;0;5.792;81.461;0;11.300;92.761
COOPERATIVA DE CRÉDITO DE LIVRE ADMISSÃO DO CENTRO OESTE MINEIRO LTDA.   SICOOB UNIÃO CENTRO OESTE;26072728;;;;b3S;2;9;ARCOS;MG;06/2017;14.288;0;0;44.800;69;59.157;0;0;0;0;0;0;0;0;59.157;0;10.582;69.739;0;22.366;92.105
COOPERATIVA DE CRÉDITO DO VALE DO ITAJAÍ E VALE DO ITAPOCÚ - SICOOB MULTICREDI;2883398;;;;b3S;2;9;BLUMENAU;SC;06/2017;12.406;0;0;49.909;0;62.315;0;0;0;0;0;0;0;437;62.752;0;2.838;65.590;0;25.851;91.441
BANIF BANCO DE INVESTIMENTO (BRASIL) S.A.;33753740;BANIF;20255;80130;b2;3;13;SAO PAULO;SP;06/2017;0;0;0;0;0;0;0;0;0;0;0;0;0;0;0;0;21.585;21.585;0;69.519;91.104
WESTERN ASSET MANAGEMENT COMPANY DISTRIBUIDORA DE TÍTULOS E VALORES MOBILIÁRIOS LIMITADA;7437241;;;83900;n2;3;16;SAO PAULO;SP;06/2017;0;0;0;0;0;0;0;0;0;0;0;0;0;0;0;0;11.688;11.688;0;79.402;91.090
COOPERATIVA DE ECONOMIA E CRÉDITO MÚTUO DOS PROFISSIONAIS DAS ÁREAS DE TECNOLOGIA, DE ENGENHARIA E DE ARQUITETURA DE BELO HORIZONTE E REGIÃO METROPOLITANA DE BELO HORIZONTE LTDA - SICOOB ENGECRED;2606305;;;;b3S;2;9;BELO HORIZONTE;MG;06/2017;7.268;0;0;65.933;0;73.201;0;0;0;0;0;0;0;0;73.201;0;2.466;75.667;0;14.916;90.583
COOPERATIVA DE CRÉDITO DE LIVRE ADMISSÃO DO CENTRO-SUL GOIANO LTDA;33579731;;;;b3S;2;9;MORRINHOS;GO;06/2017;21.145;0;0;34.646;0;55.791;0;0;4.140;0;0;0;4.140;0;59.931;0;10.073;70.004;0;20.133;90.137
COOPERATIVA DE CREDITO DE LIVRE ADMISSAO DO CENTRO NORDESTE MINEIRO LTDA - SICOOB CREDICENM;2173447;;;;b3S;2;9;GUANHAES;MG;06/2017;13.653;0;0;60.131;0;73.783;0;0;0;0;0;0;0;0;73.783;0;2.056;75.839;0;14.029;89.869
COOPERATIVA DE CREDITO DE LIVRE ADMISSÃO DO CENTRO LESTE DE RONDÔNIA LTDA - CREDISIS LESTE;3612764;;;;b3S;2;9;CACOAL;RO;06/2017;11.955;0;0;49.345;0;61.300;0;0;0;0;0;0;0;0;61.300;0;3.177;64.477;0;25.185;89.662
COOPERATIVA DE ECONOMIA E CRÉDITO MÚTUO SERVIDORES PJ, MP, ENSINO SUPERIOR ADVOGADOS PÚBLICOS, DEFENSORES PÚBLICOS E DELEGADOS POLÍCIA FEDERAL NO DISTRITO FEDERAL - SICOOB JUDICIÁRIO;37076205;;;;b3S;2;9;BRASILIA;DF;06/2017;5.825;0;0;59.160;86;65.071;0;0;0;0;0;0;0;8.467;73.538;0;1.354;74.892;0;14.719;89.611
COOPERATIVA DE CRÉDITO DE LIVRE ADMISSÃO DE ASSOCIADOS URUBICI - SICOOB CREDIARAUCÁRIA/SC;2587492;;;;b3S;2;9;URUBICI;SC;06/2017;11.883;0;0;48.812;0;60.695;0;0;0;0;0;0;0;202;60.896;0;14.879;75.775;0;13.455;89.230
BANCO MERCANTIL DE INVESTIMENTOS S/A;34169557;MERCANTIL DO BRASIL;20152;80123;b2;2;13;BELO HORIZONTE;MG;06/2017;0;0;0;3.814;0;3.814;0;0;20.296;0;0;0;20.296;0;24.110;0;6.640;30.750;0;57.937;88.687
COOPERATIVA DE CRÉDITO DE LIVRE ADMISSÃO DE PARAOPEBA LTDA. - SICOOB CREDIPARAOPEBA;22749014;;;;b3S;2;9;PARAOPEBA;MG;06/2017;12.538;0;0;47.444;0;59.982;0;0;0;0;0;0;0;0;59.982;0;8.197;68.179;0;20.438;88.617
COOPERATIVA DE CRÉDITO RURAL DE ABELARDO LUZ - SULCREDI/CREDILUZ;1073966;;;;b3S;2;9;ABELARDO LUZ;SC;06/2017;8.348;0;0;41.567;0;49.915;0;0;0;0;0;0;0;11.553;61.468;0;5.381;66.849;0;21.533;88.382
COOPERATIVA DE CREDITO RURAL COM INTERACAO SOLIDARIA DE ITAPEJARA D`OESTE - CRESOL ITAPEJARA D`OESTE;4973378;;;;b3S;2;9;ITAPEJARA D'OESTE;PR;06/2017;5.417;0;0;14.704;0;20.121;0;0;0;0;0;0;0;0;20.121;0;55.645;75.766;0;12.615;88.381
SOLIDEZ - CORRETORA DE CÂMBIO, TÍTULOS E VALORES MOBILIÁRIOS LTDA;96477906;;;82925;n2;2;15;SAO PAULO;SP;06/2017;0;0;0;0;0;0;0;0;0;0;0;0;0;0;0;0;34.888;34.888;0;53.300;88.188
COOPERATIVA DE CRÉDITO DE LIVRE ADMISSÃO DE CAMPINA VERDE LTDA. - SICOOB CREDICAMPINA;1609345;;;;b3S;2;9;CAMPINA VERDE;MG;06/2017;14.211;0;0;29.488;0;43.699;0;0;0;0;0;0;0;0;43.699;0;25.391;69.090;0;18.984;88.073
COOPERATIVA DE CRÉDITO DOS EMPREGADOS DO SISTEMA FIESC - CREDIFIESC;2405189;;;;b3S;2;9;FLORIANOPOLIS;SC;06/2017;10.822;0;0;54.297;2.535;67.653;0;0;0;0;0;0;0;0;67.653;0;1.899;69.553;0;17.872;87.424
BEXS BANCO DE CÂMBIO S/A;13059145;BEXS;51743;80862;b2;2;39;SAO PAULO;SP;06/2017;0;0;0;0;0;0;0;0;0;0;0;0;0;0;0;0;49.700;49.700;0;37.247;86.947
CM CAPITAL MARKETS CORRETORA DE CÂMBIO, TÍTULOS E VALORES MOBILIÁRIOS LTDA;2685483;CM CAPITAL MARKETS;51248;80549;n2;3;15;SAO PAULO;SP;06/2017;0;0;0;0;0;0;0;0;0;0;0;0;0;0;0;0;70.225;70.225;0;16.691;86.917
SUL AMERICA INVESTIMENTOS DISTRIBUIDORA DE TITULOS E VALORES MOBILIARIOS S.A.;32206435;;;84026;n2;3;16;SAO PAULO;SP;06/2017;0;0;0;0;0;0;0;0;0;0;0;0;0;0;0;0;36.321;36.321;0;50.534;86.855
COOPERATIVA DE CRÉDITO NOSSA SENHORA DO DESTERRO - SICOOB CREDISC;3419786;;;;b3S;2;9;FLORIANOPOLIS;SC;06/2017;11.481;0;0;57.646;1.803;70.930;0;0;0;0;0;0;0;167;71.097;0;3.065;74.162;0;12.354;86.516
COINVALORES CORRETORA DE CÂMBIO E VALORES MOBILIÁRIOS LTDA.;336036;COINVALORES;51561;80707;n2;2;15;SAO PAULO;SP;06/2017;0;0;0;0;0;0;0;0;0;0;0;0;0;0;0;0;54.856;54.856;0;31.350;86.207
COOPERATIVA DE CREDITO RURAL COM INTERACAO SOLIDARIA DE CRUZ MACHADO - CRESOL CRUZ MACHADO;5277312;;;;b3S;2;9;CRUZ MACHADO;PR;06/2017;3.131;0;0;17.851;0;20.981;0;0;0;0;0;0;0;1.669;22.650;0;50.834;73.484;0;11.566;85.050
COOPERATIVA DE CRÉDITO RURAL COM INTERAÇÃO SOLIDÁRIA DE SANTO CRISTO - CRESOL SANTO CRISTO;6031727;;;;b3S;2;9;SANTO CRISTO;RS;06/2017;6.515;0;0;44.794;0;51.309;0;0;0;0;0;0;0;0;51.309;0;18.289;69.599;0;15.402;85.001
COOPERATIVA DE ECONOMIA E CRÉDITO MÚTUO DOS MÉDICOS E DEMAIS PROFISSIONAIS DA ÁREA DE SAÚDE DE NÍVEL SUPERIOR DE JUIZ DE FORA LTDA. - UNICRED JUIZ DE FORA;71479653;;;;b3S;2;9;JUIZ DE FORA;MG;06/2017;11.081;0;0;57.141;0;68.222;0;0;0;0;0;0;0;0;68.222;0;2.987;71.209;0;13.023;84.232
COOPERATIVA DE CRÉDITO DE LIVRE ADMISSÃO DE LUZ LTDA.   SICOOB CREDILUZ;25536764;;;;b3S;2;9;LUZ;MG;06/2017;10.129;0;0;41.737;151;52.018;0;0;0;0;0;0;0;0;52.018;0;15.512;67.530;0;16.111;83.640
COOPERATIVA DE ECONOMIA E CRÉDITO MÚTUO DOS ADVOGADOS DE GOIÁS LTDA - SICOOB CREDIJUR;2480577;;;;b3S;2;9;GOIANIA;GO;06/2017;14.265;0;0;35.969;951;51.184;0;0;0;0;0;0;0;0;51.184;0;1.950;53.135;0;30.267;83.402
COOPERATIVA DE CREDITO RURAL COM INTERAÇÃO SOLIDÁRIA DE TENENTE PORTELA - CRESOL TENENTE PORTELA;4622657;;;;b3S;2;9;TENENTE PORTELA;RS;06/2017;5.588;0;0;35.272;0;40.860;0;0;0;0;0;0;0;0;40.860;0;26.601;67.461;0;15.601;83.062
COOPERATIVA DE CREDITO RURAL COM INTERACAO SOLIDARIA DE CHOPINZINHO - CRESOL CHOPINZINHO;2511232;;;;b3S;2;9;CHOPINZINHO;PR;06/2017;3.769;0;0;16.454;0;20.223;0;0;0;0;0;0;0;0;20.223;0;50.063;70.286;0;12.767;83.053
COOPERATIVA DE ECONOMIA E CRÉDITO MÚTUO DOS SERVIDORES DO PODER EXECUTIVO FEDERAL, DOS SERVIDORES DA SECRETARIA DE SAÚDE E DOS TRABALHADORES EM ENSINO DO DISTRITO FEDERAL LTDA.   SICOOB EXECUTIVO;694877;;;;b3S;2;9;BRASILIA;DF;06/2017;10.674;0;0;39.310;8;49.993;0;0;0;0;0;0;0;12.376;62.369;0;2.268;64.637;0;18.319;82.955
COOPERATIVA DE CRÉDITO DE LIVRE ADMISSÃO DE BAMBUÍ LTDA. - SICOOB CREDIBAM;66259110;;;;b3S;2;9;BAMBUI;MG;06/2017;15.078;0;0;39.705;0;54.783;0;0;0;0;0;0;0;0;54.783;0;7.574;62.357;0;19.933;82.290
COOPERATIVA DE CRÉDITO DOS MAGISTRADOS, SERVIDORES DA JUSTIÇA DO ESTADO DE GOIÁS E EMPREGADOS DA CELG LTDA.;9552111;;;;b3S;2;9;GOIANIA;GO;06/2017;15.098;0;0;46.341;0;61.438;0;0;0;0;0;0;0;0;61.438;0;3.040;64.478;0;17.622;82.100
SITA SOCIEDADE CORRETORA DE CAMBIO E VALORES MOBILIARIOS S.A;17315359;;;82743;n2;2;15;BELO HORIZONTE;MG;06/2017;0;0;0;0;0;0;0;0;0;0;0;0;0;0;0;0;27.064;27.064;0;54.479;81.543
COOPERATIVA DE ECONOMIA E CRÉDITO MÚTUO DOS MAGISTRADOS DE SÃO PAULO - MAGISCRED;51489318;;;;b3S;2;9;SAO PAULO;SP;06/2017;902;0;0;61.847;1.474;64.223;0;0;0;0;0;0;0;0;64.223;0;759;64.982;0;16.452;81.434
COOPERATIVA DE ECONOMIA E CRÉDITO MÚTUO DOS PROFISSIONAIS DA SAÚDE DO SUDESTE PAULISTA LTDA. - SICOOB UNIMAIS SUDESTE PAULISTA;5608957;;;;b3S;2;9;SOROCABA;SP;06/2017;11.470;0;0;57.671;3.407;72.548;0;0;0;0;0;0;0;320;72.868;0;1.291;74.158;0;7.157;81.315
COOPERATIVA DE CRÉDITO DOS INTEGRANTES DO MINISTÉRIO PÚBLICO E DO PODER JUDICIÁRIO NOS ESTADOS DO AMAPÁ E CEARÁ E LIVRE ADMISSÃO NO ESTADO DO PARÁ - SICOOB COIMPPA;84156470;;;;b3S;2;9;BELEM;PA;06/2017;4.276;0;0;16.669;0;20.944;0;0;0;0;0;0;0;0;20.944;0;3.871;24.816;0;56.203;81.019
COOPERATIVA DE CRÉDITO DE LIVRE ADMISSÃO DE PEDRO LEOPOLDO LTDA - SICOOB CREDIPEL;71441406;;;;b3S;2;9;PEDRO LEOPOLDO;MG;06/2017;11.313;0;0;46.152;0;57.465;0;0;558;0;0;0;558;61;58.084;0;7.263;65.346;0;15.601;80.947
COOPERATIVA DE CRÉDITO RURAL DOS PRODUTORES AGRÍCOLAS E PECUÁRIOS DA MÉDIA SOROCABANA - CREDICANA;44373041;;;;b3S;2;9;ASSIS;SP;06/2017;2.443;0;0;57.792;0;60.235;0;0;0;0;0;0;0;7.246;67.481;0;690;68.171;0;12.604;80.775
COOPERATIVA DE CRÉDITO RURAL COM INTERAÇÃO SOLIDÁRIA DO VALE EUROPEU - CRESOL VALE EUROPEU;8297831;;;;b3S;2;9;BOTUVERA;SC;06/2017;4.200;0;0;51.575;0;55.776;0;0;0;0;0;0;0;0;55.776;0;16.053;71.829;0;8.933;80.762
COOPERATIVA DE CRÉDITO DE LIVRE ADMISSÃO DE GOIÂNIA E MICRORREGIÕES LTDA.;1720488;;;;b3S;2;9;GOIANIA;GO;06/2017;17.712;0;0;35.664;0;53.376;0;0;0;0;0;0;0;0;53.376;0;7.080;60.456;0;20.304;80.760
COOPERATIVA DE CRÉDITO DE LIVRE ADMISSÃO DA REGIÃO DE CAMPO BELO LTDA.   SICOOB CREDIBELO;71237184;;;;b3S;2;9;CAMPO BELO;MG;06/2017;13.160;0;0;35.498;329;48.987;0;0;0;0;0;0;0;0;48.987;0;21.998;70.985;55;9.519;80.559
COOPERATIVA DE CRÉDITO DE LIVRE ADMISSÃO DO ESTADO DO RIO DE JANEIRO - SICOOB FLUMINENSE;2931668;;;;b3S;2;9;CAMPOS DOS GOYTACAZES;RJ;06/2017;8.421;0;0;38.744;404;47.569;0;0;0;0;0;0;0;0;47.569;0;7.967;55.537;0;24.977;80.514
COOPERATIVA DE CRÉDITO DE LIVRE ADMISSÃO CENTRO OESTE GOIANO LTDA.;7502031;;;;b3S;2;9;GOIANESIA;GO;06/2017;18.186;0;0;24.612;0;42.798;0;0;0;0;0;0;0;0;42.798;0;7.928;50.726;0;29.359;80.085
COOPERATIVA DE CRÉDITO DA REGIÃO DO SUDOESTE DO PARANÁ - RODOCRÉDITO;10311218;;;;b3S;2;9;FRANCISCO BELTRAO;PR;06/2017;10.412;0;0;46.859;0;57.271;0;0;0;0;0;0;0;3.913;61.184;0;2.836;64.020;0;16.059;80.078
COOPERATIVA DE CRÉDITO MÚTUO DOS EMPREGADOS DA MAXION - CREDMAXION;58290800;;;;b3S;2;9;CRUZEIRO;SP;06/2017;0;0;0;0;0;0;0;0;0;0;0;0;0;0;0;0;1.773;1.773;0;78.007;79.781
BANCO DE LA REPUBLICA ORIENTAL DEL URUGUAY;51938876;;;81287;b1;3;28;SAO PAULO;SP;06/2017;846;0;0;0;0;846;0;0;0;0;0;0;0;3.436;4.282;0;7.922;12.203;0;66.660;78.864
COOPERATIVA DE CRÉDITO DE LIVRE ADMISSÃO DE ASSOCIADOS DO PLANALTO SERRANO - SICOOB CREDISERRA SC;1692448;;;;b3S;2;9;URUPEMA;SC;06/2017;10.236;0;0;34.132;154;44.521;0;0;0;0;0;0;0;273;44.795;0;17.531;62.326;0;16.242;78.567
COOPERATIVA DE ECONOMIA E CRÉDITO MÚTUO DOS TRABALHADORES DO GRUPO SÃO MARTINHO   USICRED;2562412;;;;b3S;2;9;PRADOPOLIS;SP;06/2017;0;0;0;3.545;0;3.545;0;0;0;0;0;0;0;0;3.545;0;1.889;5.434;0;73.082;78.516
COOPERATIVA DE CRÉDITO DO VALE DO SÃO FRANCISCO - SICREDI VALE DO SÃO FRANCISCO;4237413;;;;b3S;2;9;PETROLINA;PE;06/2017;14.443;0;0;34.231;10;48.684;0;0;0;0;0;0;0;0;48.684;0;3.816;52.500;0;25.833;78.333
COOPERATIVA DE CREDITO RURAL COM INTERACAO SOLIDARIA DE VERE - CRESOL VERE;3348165;;;;b3S;2;9;VERE;PR;06/2017;2.806;0;0;16.396;0;19.203;0;0;0;0;0;0;0;0;19.203;0;49.209;68.412;0;9.419;77.831
COOPERATIVA DE CRÉDITO DOS FORNECEDORES DE CANA E AGROPECUARISTAS DA REGIÃO OESTE PAULISTA - SICOOB COOPCRED;53623781;;;;b3S;2;9;VALPARAISO;SP;06/2017;10.052;0;0;30.616;0;40.668;0;0;0;0;0;0;0;0;40.668;0;11.024;51.692;0;26.131;77.822
COOPERATIVA DE CRÉDITO DE LIVRE ADMISSÃO UNIÃO E NEGÓCIOS - SICOOB INTEGRAÇÃO;8742188;;;;b3S;2;9;CUIABA;MT;06/2017;19.135;0;0;41.648;0;60.783;0;0;0;0;0;0;0;0;60.783;0;3.781;64.564;0;12.895;77.459
UNIPRIME OESTE PAULISTA - COOPERATIVA DE CRÉDITO DOS PROFISSIONAIS DA ÁREA DA SAÚDE DE PRESIDENTE PRUDENTE E REGIÃO;74220948;;;;b3S;2;9;PRESIDENTE PRUDENTE;SP;06/2017;4.114;0;0;62.470;1.549;68.133;0;0;0;0;0;0;0;0;68.133;0;1.209;69.342;0;8.012;77.354
COOPERATIVA DE CRÉDITO DE LIVRE ADMISSÃO DE CARMO DO RIO CLARO LTDA - SICOOB CREDICARMO;25743311;;;;b3S;2;9;CARMO DO RIO CLARO;MG;06/2017;9.233;0;0;28.576;109;37.918;0;0;0;0;0;0;0;8.492;46.410;0;8.972;55.382;10;21.902;77.294
COOPERATIVA DE CRÉDITO RURAL COM INTERAÇAO SOLIDÁRIA DO VALE DAS ARAUCÁRIAS - CRESOL VALE DAS ARAUCÁRIAS;2483330;;;;b3S;2;9;TURVO;PR;06/2017;3.421;0;0;10.598;0;14.019;0;0;0;0;0;0;0;1.597;15.616;0;50.256;65.872;0;10.709;76.581
COOPERATIVA DE CRÉDITO DE LIVRE ADMISSÃO DE VAZANTE LTDA. - SICOOB CREDIVAZ;803287;;;;b3S;2;9;VAZANTE;MG;06/2017;11.907;0;0;27.331;10;39.248;0;0;0;0;0;0;0;0;39.248;0;13.680;52.928;0;23.131;76.059
COOPERATIVA DE CRÉDITO RURAL DOS FORNECEDORES DE CANA DA REGIÃO DE CATANDUVA-COFOCRED;49654502;;;;b3S;2;9;CATANDUVA;SP;06/2017;0;0;0;0;0;0;0;0;0;0;0;0;0;0;0;0;6.284;6.284;0;69.711;75.995
AGENCIA DE FOMENTO DO RIO GRANDE DO NORTE S.A.;3848103;;;81043;n1;1;30;NATAL;RN;06/2017;0;0;0;0;0;0;0;0;0;0;0;0;0;1.919;1.919;0;31.360;33.280;0;41.592;74.871
COOPERATIVA DE CRÉDITO DE LIVRE ADMISSÃO DO CENTRO-OESTE DE MINAS LTDA - SICOOB CREDICARMOMINAS;71238232;;;;b3S;2;9;CARMOPOLIS DE MINAS;MG;06/2017;13.885;0;0;39.571;0;53.456;0;0;0;0;0;0;0;0;53.456;0;8.570;62.026;0;12.651;74.677
COOPERATIVA DE CREDITO RURAL COM INTERACAO SOLIDARIA DE TRES BARRAS DO PARANA - CRESOL TRES BARRAS DO PARANA;4273001;;;;b3S;2;9;TRES BARRAS DO PARANA;PR;06/2017;3.921;0;0;18.933;0;22.855;0;0;0;0;0;0;0;0;22.855;0;42.919;65.774;0;8.604;74.378
COOPERATIVA DE ECONOMIA E CRÉDITO MÚTUO DOS EMPREGADOS DO GRUPO PÃO DE AÇÚCAR;46277273;;;;b3S;2;9;SAO PAULO;SP;06/2017;0;0;0;0;0;0;0;0;0;0;0;0;0;0;0;0;18.118;18.118;0;55.096;73.214
COOPERATIVA DE CREDITO RURAL SEARA - CREDISEARA;204963;;;;b3S;2;9;SEARA;SC;06/2017;4.891;0;0;38.744;0;43.635;0;0;0;0;0;0;0;0;43.635;0;19.395;63.030;0;10.107;73.137
COOPERATIVA DE ECONOMIA E CRÉDITO MÚTUO DOS SERV. MUNICIPAIS DE SÃO PAULO E MAUÁ, SERV. PÚBLICOS, EMPRESÁRIOS E PROF. LIBERAIS DA REGIÃO METROP. OESTE DA CAPITAL DE SÃO PAULO   SICOOB COOPERCREDI-SP;915950;;;;b3S;2;9;SAO PAULO;SP;06/2017;1.892;0;0;9.613;0;11.505;0;0;0;0;0;0;0;0;11.505;0;3.334;14.839;0;57.908;72.747
COOPERATIVA DE CRÉDITO VALE DO CANOAS - SICOOB/SC CREDICANOAS;707903;;;;b3S;2;9;ABDON BATISTA;SC;06/2017;6.100;0;0;39.823;0;45.923;0;0;0;0;0;0;0;298;46.221;0;8.938;55.159;0;17.434;72.593
COOPERATIVA DE CRÉDITO DE LIVRE ADMISSÃO DO NOROESTE DE MINAS GERAIS LTDA.   SICOOB CREDIPINHO;71154876;;;;b3S;2;9;JOAO PINHEIRO;MG;06/2017;15.480;0;0;28.854;0;44.334;0;0;0;0;0;0;0;455;44.789;0;13.312;58.101;0;14.393;72.495
NOVA FUTURA CORRETORA DE TÍTULOS E VALORES MOBILIÁRIOS LTDA.;4257795;;;83759;n2;2;15;SAO PAULO;SP;06/2017;0;0;0;0;0;0;0;0;0;0;0;0;0;0;0;0;52.091;52.091;0;20.285;72.376
COOPERATIVA DE CRÉDITO HORIZONTE - SICOOB HORIZONTE;7194313;;;;b3S;2;9;ARAPONGAS;PR;06/2017;16.820;0;0;39.455;319;56.593;0;0;0;0;0;0;0;0;56.593;0;2.258;58.851;0;13.447;72.298
H H PICCHIONI S/A CORRETORA DE CAMBIO E VALORES MOBILIARIOS;17312083;H.H.PICCHIONI;30829;80226;n2;2;15;BELO HORIZONTE;MG;06/2017;0;0;0;0;0;0;0;0;0;0;0;0;0;0;0;1;44.980;44.982;0;26.922;71.903
COOPERATIVA DE CRÉDITO DE LIVRE ADMISSÃO MÉDIO OESTE - SICOOB MÉDIO OESTE;7318874;;;;b3S;2;9;ASSIS CHATEAUBRIAND;PR;06/2017;8.436;0;0;38.100;41;46.577;0;0;0;0;0;0;0;450;47.027;0;13.318;60.346;0;11.372;71.718
COOPERATIVA DE CREDITO DE LIVRE ADMISSAO DE PITANGUI E REGIAO LTDA. - SICOOB CREDPIT;4181542;;;;b3S;2;9;PITANGUI;MG;06/2017;9.821;0;0;47.192;0;57.014;0;0;0;0;0;0;0;0;57.014;0;3.404;60.418;0;11.289;71.707
COOPERATIVA DE CRÉDITO RURAL COM INTERAÇÃO SOLIDÁRIA DE GRANDES RIOS - CRESOL GRANDES RIOS;7925729;;;;b3S;2;9;GRANDES RIOS;PR;06/2017;4.151;0;0;16.877;0;21.028;0;0;0;0;0;0;0;0;21.028;0;38.153;59.181;0;12.182;71.364
COOPERATIVA DE CREDITO RURAL COM INTERACAO SOLIDARIA DE SAO JORGE D'OESTE - CRESOL SAO JORGE D'OESTE;2934201;;;;b3S;2;9;SAO JORGE D'OESTE;PR;06/2017;3.407;0;0;11.940;0;15.347;0;0;0;0;0;0;0;0;15.347;0;46.822;62.169;0;9.172;71.340
COOPERATIVA DE CRÉDITO RURAL COM INTERAÇÃO SOLIDÁRIA DE VITOR MEIRELES - CRESOL VITOR MEIRELES;7320890;;;;b3S;2;9;VITOR MEIRELES;SC;06/2017;4.976;0;0;27.725;0;32.700;0;0;0;0;0;0;0;0;32.700;0;26.048;58.748;0;12.588;71.336
COOPERATIVA DE CRÉDITO RURAL DE RIO BRANCO LTDA.;5439425;;;;b3S;2;9;RIO BRANCO;AC;06/2017;13.712;0;0;44.710;0;58.422;0;0;0;0;0;0;0;0;58.422;0;1.176;59.598;0;11.694;71.292
COOPERATIVA DE CRÉDITO DE SERVIDORES PÚBLICOS E TRABALHADORES DA REDE DE ENSINO DA REGIÃO E COLAR METROPOLITANO DO VALE DO AÇO LTDA. - SICOOB COSMIPA;17361536;;;;b3S;2;9;IPATINGA;MG;06/2017;4.471;0;0;23.623;52;28.145;0;0;0;0;0;0;0;0;28.145;0;2.143;30.289;0;40.701;70.990
COOPERATIVA DE CRÉDITO DE LIVRE ADMISSÃO DE MARECHAL CÂNDIDO RONDON E REGIÃO - SICOOB MARECHAL;7097064;;;;b3S;2;9;MARECHAL CANDIDO RONDON;PR;06/2017;8.910;0;0;37.784;509;47.203;0;0;262;0;0;0;262;0;47.464;0;10.675;58.140;0;11.628;69.767
COOPERATIVA DE CREDITO DE ITAPAGIPE LTDA - SICOOB ITAPAGIPE;71506513;;;;b3S;2;9;ITAPAGIPE;MG;06/2017;7.705;0;0;21.556;0;29.261;0;0;0;0;0;0;0;0;29.261;0;16.821;46.082;0;23.562;69.644
COOPERATIVA DE CRÉDITO RURAL COM INTERAÇÃO SOLIDÁRIA TRIUNFO - CRESOL TRIUNFO;8560508;;;;b3S;2;9;SAO JOAO DO TRIUNFO;PR;06/2017;5.468;0;0;10.162;0;15.630;0;0;0;0;0;0;0;0;15.630;0;41.159;56.789;0;10.370;67.159
BRB - DISTRIBUIDORA DE TITULOS E VALORES MOBILIARIOS SA;33850686;BRB;31976;80288;n2;1;16;BRASILIA;DF;06/2017;0;0;0;0;0;0;0;0;0;0;0;0;0;0;0;0;8.834;8.834;0;57.558;66.392
COOPERATIVA DE ECONOMIA E CRÉDITO MÚTUO DOS MÉDICOS E DEMAIS PROFISSIONAIS DA SAÚDE DA REGIÃO CENTRO PAULISTA - SICOOB UNIMAIS CENTRO PAULISTA;71988653;;;;b3S;2;9;SAO CARLOS;SP;06/2017;9.870;0;0;46.312;0;56.182;0;0;0;0;0;0;0;0;56.182;0;1.211;57.393;0;8.725;66.117
COOPERATIVA DE CRÉDITO DE LIVRE ADMISSÃO DO VALE DO RIO GRANDE LTDA. - SICOOB UBERABA;25683475;;;;b3S;2;9;UBERABA;MG;06/2017;17.243;0;0;24.017;0;41.260;0;0;0;0;0;0;0;0;41.260;0;9.664;50.923;0;15.116;66.039
UNICRED COSTA DO SOL RJ - COOPERATIVA DE ECONOMIA E CRÉDITO MÚTUO DOS PROFISSIONAIS DE SAÚDE DA COSTA DO SOL LTDA.;39231527;;;;b3S;2;9;MACAE;RJ;06/2017;12.259;0;0;38.080;889;51.229;0;0;0;0;0;0;0;0;51.229;0;2.248;53.477;0;12.504;65.981
COOPERATIVA DE CRÉDITO RURAL COM INTERAÇÃO SOLIDÁRIA DE RONDÔNIA - CRESOL RONDÔNIA;10520232;;;;b3S;2;9;JI-PARANA;RO;06/2017;4.490;0;0;11.002;0;15.491;0;0;0;0;0;0;0;0;15.491;0;41.866;57.358;0;8.517;65.875
COOPERATIVA DE CRÉDITO DE LIVRE ADMISSÃO DA REGIÃO DE TIROS E MATUTINA LTDA - SICOOB CREDITIROS;42880617;;;;b3S;2;9;TIROS;MG;06/2017;12.233;0;0;19.717;0;31.950;0;0;0;0;0;0;0;0;31.950;0;18.165;50.115;0;15.740;65.854
UNICRED REGIONAL NORTE LAGOS - COOPERATIVA DE ECONOMIA E CRÉDITO MÚTUO REGIONAL NORTE LAGOS LTDA;4445917;;;;b3S;2;9;CAMPOS DOS GOYTACAZES;RJ;06/2017;12.030;0;0;37.790;293;50.113;0;0;0;0;0;0;0;0;50.113;0;1.575;51.688;0;14.021;65.709
BEM - DISTRIBUIDORA DE TITULOS E VALORES MOBILIARIOS LTDA;66670;BRADESCO;10045;80075;n2;2;16;OSASCO;SP;06/2017;0;0;0;0;0;0;0;0;0;0;0;0;0;0;0;0;6.063;6.063;0;59.632;65.695
COOPERATIVA DE CRÉDITO MÚTUO DOS PROFISSIONAIS DE NÍVEL SUPERIOR DA SAÚDE, ARQUITETOS E URBANISTAS DE SETE LAGOAS E REGIÃO LTDA - UNICRED SETE LAGOAS;71163315;;;;b3S;2;9;SETE LAGOAS;MG;06/2017;9.678;0;0;42.054;0;51.731;0;0;0;0;0;0;0;0;51.731;0;1.655;53.387;0;11.868;65.254
ÓRAMA DISTRIBUIDORA DE TÍTULOS E VALORES MOBILIÁRIOS S.A.;13293225;;;84260;n2;2;16;RIO DE JANEIRO;RJ;06/2017;0;0;0;0;0;0;0;0;0;0;0;0;0;0;0;0;13.799;13.799;0;50.501;64.300
COOPERATIVA DE CRÉDITO DE LIVRE ADMISSÃO DE CARMO DO CAJURU LTDA. - SICOOB CARMOCREDI;65239402;;;;b3S;2;9;CARMO DO CAJURU;MG;06/2017;9.877;0;0;36.917;726;47.520;0;0;0;0;0;0;0;0;47.520;0;4.004;51.525;0;12.650;64.175
BANCO FICSA S.A.;61348538;;;81737;b1;2;8;SAO PAULO;SP;06/2017;407;0;0;6.945;0;7.352;0;0;0;0;0;0;0;0;7.352;0;16.357;23.709;0;39.303;63.013
COOPERATIVA DE ECONOMIA E CRÉDITO MÚTUO DOS EMPREGADOS DO BANRISUL;92935741;;;;b3S;2;9;PORTO ALEGRE;RS;06/2017;0;0;0;34.249;0;34.249;0;0;0;0;0;0;0;0;34.249;0;3.482;37.731;0;25.083;62.814
DOMUS COMPANHIA HIPOTECÁRIA;10372647;;;81861;n1;2;29;RIO DE JANEIRO;RJ;06/2017;0;0;0;0;0;0;0;28.729;0;0;0;0;28.729;10.040;38.769;0;15.691;54.459;0;8.334;62.793
COOPERATIVA DE CRÉDITO DE LIVRE ADMISSÃO DE ASSOCIADOS DO MÉDIO SUL BAIANO LTDA. - SICOOB COSTA DO DESCOBRIMENTO;1205736;;;;b3S;2;9;ITAMARAJU;BA;06/2017;17.493;0;0;17.109;32;34.634;0;0;0;0;0;0;0;0;34.634;0;11.743;46.377;0;16.235;62.611
ELITE CORRETORA DE CÂMBIO E VALORES MOBILIÁRIOS LTDA;28048783;;;82530;n2;2;15;RIO DE JANEIRO;RJ;06/2017;0;0;0;0;0;0;2.831;0;0;0;0;0;0;0;2.831;0;46.410;49.241;0;13.274;62.516
COOPERATIVA DE CRÉDITO DOS SERVIDORES PÚBLICOS NO ESTADO DA BAHIA LTDA. - SICOOB CRED EXECUTIVO;4321309;;;;b3S;2;9;SALVADOR;BA;06/2017;3.559;0;0;38.406;3.008;44.972;0;0;0;0;0;0;0;3.831;48.804;0;1.243;50.047;0;12.425;62.472
COOPERATIVA DE ECONOMIA E CRÉDITO MÚTUO DOS MÉDICOS, SERVIDORES PÚBLICOS E PROFISSIONAIS DA ÁREA DE SAÚDE DA BAHIA LTDA. - UNICRED DA BAHIA;2602922;;;;b3S;2;9;FEIRA DE SANTANA;BA;06/2017;15.267;0;0;33.842;0;49.109;0;0;0;0;0;0;0;0;49.109;0;3.648;52.757;0;9.275;62.032
SICREDI PIAUÍ - COOPERATIVA DE CRÉDITO DOS PROFISSIONAIS DA SAÚDE DAS REGIÕES CENTRO E NORTE DO PIAUÍ;3128973;;;;b3S;2;9;TERESINA;PI;06/2017;6.172;0;0;43.013;638;49.822;0;0;0;0;0;0;0;0;49.822;0;2.397;52.220;0;9.670;61.890
COOPERATIVA DE ECONOMIA E CRÉDITO MÚTUO DOS SERVIDORES MILITARES, POLÍCIA CIVIL E DA SECRETARIA DA EDUCAÇÃO DO ESTADO DE MINAS GERAIS LTDA. - SICOOB COOPEMG;3269540;;;;b3S;2;9;BELO HORIZONTE;MG;06/2017;3.888;0;0;25.922;5;29.814;0;0;0;0;0;0;0;19.963;49.778;0;1.456;51.234;0;10.642;61.876
COOPERATIVA DE CRÉDITO DE LIVRE ADMISSÃO DO CENTRO LESTE MARANHENSE   SICOOB CENTRO LESTE MARANHENSE;9403026;;;;b3S;2;9;GRAJAU;MA;06/2017;14.095;0;0;13.226;0;27.320;0;0;0;0;0;0;0;0;27.320;0;10.693;38.013;0;23.540;61.553
COOPERATIVA DE CREDITO DO PLANALTO SUL - SICOOB CREDISSERRANA;3033469;;;;b3S;2;9;LAGES;SC;06/2017;11.042;0;0;29.555;0;40.597;0;0;0;0;0;0;0;161;40.759;0;11.624;52.383;0;9.120;61.503
BANCO WESTERN UNION DO BRASIL S.A.;13720915;WESTERN UNION;51767;80886;b1;3;2;SAO PAULO;SP;06/2017;2.808;0;0;0;0;2.808;0;0;0;0;0;0;0;0;2.808;28.999;789;32.596;0;28.821;61.417
COOPERATIVA DE ECONOMIA E CRÉDITO MÚTUO DOS FUNCIONÁRIOS DA NESTLÉ - CREDI NESTLÉ;62562012;;;;b3S;2;9;SAO PAULO;SP;06/2017;0;0;0;0;0;0;0;0;0;0;0;0;0;0;0;0;1.169;1.169;0;60.193;61.361
TULLETT PREBON BRASIL CORRETORA DE VALORES E CÂMBIO LTDA;61747085;;;82619;n2;2;15;SAO PAULO;SP;06/2017;0;0;0;0;0;0;0;0;0;0;0;0;0;0;0;0;26.524;26.524;0;34.720;61.243
COOPERATIVA DE CRÉDITO DE LIVRE ADMISSÃO DA REGIÃO DE SÃO SEBASTIÃO DO PARAÍSO LTDA. - SICOOB PARAÍSOCRED;1657678;;;;b3S;2;9;SAO SEBASTIAO DO PARAISO;MG;06/2017;6.743;0;0;43.312;0;50.055;0;0;0;0;0;0;0;0;50.055;0;1.511;51.567;0;9.268;60.835
COOPERATIVA DE CRÉDITO COGEM;44401800;;;;b3S;2;9;SAO BERNARDO DO CAMPO;SP;06/2017;0;0;0;0;0;0;0;0;0;0;0;0;0;0;0;0;5.309;5.309;0;55.015;60.323
COOPERATIVA DE CRÉDITO RURAL COM INTERAÇÃO SOLIDÁRIA DAS ENCOSTAS DA SERRA GERAL - CRESOL ENCOSTAS DA SERRA GERAL;3485130;;;;b3S;2;9;SANTA ROSA DE LIMA;SC;06/2017;3.701;0;0;39.464;0;43.165;0;0;0;0;0;0;0;0;43.165;0;10.610;53.775;0;6.513;60.287
BRKB DISTRIBUIDORA DE TÍTULOS E VALORES MOBILIÁRIOS S.A.;33923111;;;80453;n2;3;16;RIO DE JANEIRO;RJ;06/2017;0;0;0;0;0;0;0;0;0;0;0;0;0;0;0;0;32.040;32.040;0;28.242;60.282
COOPERATIVA DE CRÉDITO DE LIVRE ADMISSÃO DE CURVELO LTDA. - SICOOB CREDICENTRO;21682737;;;;b3S;2;9;CURVELO;MG;06/2017;14.885;0;0;28.414;0;43.299;0;0;0;0;0;0;0;0;43.299;0;10.694;53.993;0;6.248;60.241
FAIR CORRETORA DE CAMBIO S.A.;32648370;;;81919;n2;2;21;SAO PAULO;SP;06/2017;0;0;0;0;0;0;0;0;0;0;0;0;0;448;448;0;43.995;44.443;0;15.623;60.065
PINE INVESTIMENTOS DISTRIBUIDORA DE TÍTULOS E VALORES MOBILIÁRIOS LTDA;92236777;PINE;50304;80374;n2;2;16;SAO PAULO;SP;06/2017;0;0;0;0;0;0;0;0;0;0;0;0;0;0;0;0;1.849;1.849;0;58.209;60.058
COOPERATIVA DE CRÉDITO DOS EMPRESÁRIOS DO ESTADO DE GOIÁS LTDA;4406371;;;;b3S;2;9;GOIANIA;GO;06/2017;14.434;0;0;25.127;0;39.561;0;0;0;0;0;0;0;0;39.561;0;2.242;41.803;0;18.045;59.848
COOPERATIVA DE CRÉDITO DE LIVRE ADMISSÃO DE ANÁPOLIS E REGIÃO LTDA;33615055;;;;b3S;2;9;ANAPOLIS;GO;06/2017;13.828;0;0;24.672;2;38.502;0;0;0;0;0;0;0;0;38.502;0;4.520;43.021;0;16.636;59.658
COOPERATIVA DE ECONOMIA E CRÉDITO MÚTUO DOS MÉDICOS E DEMAIS PROFISSIONAIS DE NÍVEL SUPERIOR DA ÁREA DE SAÚDE DE OURINHOS - OURICRED;2179673;;;;b3S;2;9;OURINHOS;SP;06/2017;5.755;0;0;44.334;229;50.318;0;0;0;0;0;0;0;0;50.318;0;712;51.030;0;8.549;59.579
UBS BRASIL BANCO DE INVESTIMENTO S.A.;18520834;UBS;51877;80989;b2;3;13;SAO PAULO;SP;06/2017;0;0;0;0;0;0;0;0;0;0;0;0;0;0;0;0;2.297;2.297;0;57.244;59.541
COOPERATIVA DE CRÉDITO RURAL COM INTERAÇÃO SOLIDÁRIA DE SCHROEDER - CRESOL SCHROEDER;8387258;;;;b3S;2;9;SCHROEDER;SC;06/2017;3.456;0;0;31.484;0;34.939;0;0;0;0;0;0;0;0;34.939;0;16.634;51.574;0;7.765;59.339
COOPERATIVA DE CRÉDITO DE LIVRE ADMISSÃO DE RIO VERDE E REGIÃO LTDA.;9033698;;;;b3S;2;9;RIO VERDE;GO;06/2017;11.969;0;0;29.082;0;41.051;0;0;0;0;0;0;0;0;41.051;0;4.482;45.534;0;13.598;59.132
B & T ASSOCIADOS CORRETORA DE CÂMBIO LTDA.;73622748;;;81995;n2;2;21;RIO DE JANEIRO;RJ;06/2017;0;0;0;0;0;0;0;0;0;0;0;0;0;0;0;0;42.346;42.346;0;16.703;59.049
COOPERATIVA DE ECONOMIA E CRÉDITO MÚTUO DOS FUNCIONÁRIOS DA CEPLAC LTDA. ? SICOOB COOPEC;32615247;;;;b3S;2;9;ILHEUS;BA;06/2017;1.139;0;0;15.474;0;16.613;0;0;0;0;0;0;0;0;16.613;0;5.285;21.898;0;36.913;58.810
GERAÇÃO FUTURO CORRETORA DE VALORES SA.;27652684;BRASIL PLURAL;51839;80941;n2;2;15;RIO DE JANEIRO;RJ;06/2017;0;0;0;0;0;0;0;0;0;0;0;0;0;0;0;0;52.340;52.340;0;6.313;58.654
TIBRE DISTRIBUIDORA DE TÍTULOS E VALORES MOBILIÁRIOS LTDA.;62042890;BRADESCO;10045;80075;n2;2;16;OSASCO;SP;06/2017;0;0;0;0;0;0;0;0;0;0;0;0;0;0;0;0;1.283;1.283;0;57.109;58.392
FATOR S.A. - CORRETORA DE VALORES;63062749;FATOR;50122;80350;n2;2;15;SAO PAULO;SP;06/2017;0;0;0;0;0;0;0;0;0;0;0;0;0;0;0;0;37.541;37.541;0;20.508;58.049
COOPERATIVA DE ECONOMIA E CRÉDITO MÚTUO DOS INTEGRANTES DAS CARREIRAS JURÍDICAS E DOS SERVENTUÁRIOS DE ÓRGÃOS DA JUSTIÇA E AFINS, NO ESTADO DE RONDÔNIA   SICOOB CREDJURD;4751713;;;;b3S;2;9;PORTO VELHO;RO;06/2017;34.909;0;0;3.865;7;38.782;0;0;0;0;0;0;0;0;38.782;0;1.464;40.246;0;17.678;57.924
COOPERATIVA DE ECONOMIA E CRÉDITO MÚTUO DOS SERVIDORES PÚBLICOS NOS ESTADOS DE ALAGOAS, SERGIPE, BAHIA E EMPRESÁRIOS DA REGIÃO METROPOLITANA DO AGRESTE ALAGOANO - SICOOB LESTE;2493000;;;;b3S;2;9;MACEIO;AL;06/2017;4.564;0;0;21.782;1.069;27.415;0;0;0;0;0;0;0;0;27.415;0;3.486;30.901;0;26.785;57.686
COOPERATIVA DE CRÉDITO SICREDI ALTO SERTÃO PARAIBANO - SICREDI ALTO SERTÃO PARAIBANO;9343038;;;;b3S;2;9;SOUSA;PB;06/2017;10.913;0;0;30.535;0;41.449;0;0;0;0;0;0;0;0;41.449;0;2.388;43.837;0;13.825;57.661
COOPERATIVA DE CREDITO RURAL COM INTERACAO SOLIDARIA DE ARATIBA-CRESOL ARATIBA;4565791;;;;b3S;2;9;ARATIBA;RS;06/2017;2.554;0;0;31.937;0;34.491;0;0;0;0;0;0;0;0;34.491;0;15.837;50.328;0;6.686;57.014
AGÊNCIA DE FOMENTO DO ESTADO DE PERNAMBUCO S.A.;13178690;;;81177;n1;1;30;RECIFE;PE;06/2017;0;0;0;0;0;0;0;0;0;0;0;0;0;8.605;8.605;0;837;9.441;0;47.550;56.991
COOPERATIVA DE CRÉDITO DE LIVRE ADMISSÃO DE RIO BRANCO LTDA;1608685;;;;b3S;2;9;RIO BRANCO;AC;06/2017;5.482;0;0;33.726;0;39.208;0;0;0;0;0;0;0;0;39.208;0;2.095;41.302;0;15.681;56.983
COOPERATIVA DE CRÉDITO DE LIVRE ADMISSÃO DE PALMEIRAS E REGIÃO LTDA.;37631058;;;;b3S;2;9;PALMEIRAS DE GOIAS;GO;06/2017;10.136;0;0;13.286;0;23.422;0;0;855;0;0;0;855;0;24.277;0;2.349;26.626;0;30.289;56.915
BMW LEASING DO BRASIL S.A. - ARRENDAMENTO MERCANTIL;60872983;BMW;51420;80635;n1;3;19;SAO PAULO;SP;06/2017;0;0;2.091;0;0;2.091;0;0;0;0;0;0;0;0;2.091;0;8.892;10.983;0;45.909;56.892
COOPERATIVA DE ECONOMIA E CRÉDITO MÚTUO DO GRUPO BASF;74244344;;;;b3S;2;9;SAO PAULO;SP;06/2017;0;0;0;0;0;0;0;0;0;0;0;0;0;0;0;0;6.683;6.683;0;50.071;56.754
COOPERATIVA DE CREDITO CLASSICA DO ESTADO DO RIO DE JANEIRO - SICOOB EMPRESAS RJ;4120633;;;;b3S;2;9;RIO DE JANEIRO;RJ;06/2017;13.376;0;0;29.129;0;42.505;0;0;0;0;0;0;0;0;42.505;0;1.828;44.332;0;12.037;56.369
COOPERATIVA DE CRÉDITO RURAL COM INTERAÇÃO SOLIDÁRIA CÂNDIDO DE ABREU - CRESOL CÂNDIDO DE ABREU;6100881;;;;b3S;2;9;CANDIDO DE ABREU;PR;06/2017;3.684;0;0;9.173;0;12.856;0;0;0;0;0;0;0;0;12.856;0;36.074;48.930;0;7.434;56.364
COOPERATIVA DE ECONOMIA E CRÉDITO MÚTUO DOS SERVIDORES PÚBLICOS NO ESTADO DO ESPÍRITO SANTO;1330295;;;;b3S;2;9;VITORIA;ES;06/2017;5.346;0;0;23.706;0;29.052;0;0;0;0;0;0;0;0;29.052;0;3.819;32.871;0;23.363;56.234
COOPERATIVA DE CRÉDITO RURAL COM INTERAÇÃO SOLIDÁRIA DE SÃO MIGUEL DO IGUAÇU - CRESOL SÃO MIGUEL DO IGUAÇU;11969853;;;;b3S;2;9;SAO MIGUEL DO IGUACU;PR;06/2017;1.937;0;0;13.844;0;15.782;0;0;0;0;0;0;0;0;15.782;0;33.016;48.797;0;7.351;56.148
GAZINCRED S.A. SOCIEDADE DE CRÉDITO, FINANCIAMENTO E INVESTIMENTO;11760553;;;80824;n1;2;14;DOURADINA;PR;06/2017;0;0;0;0;0;0;0;0;0;0;0;18.713;18.713;0;18.713;0;3.779;22.492;0;33.031;55.523
COOPERATIVA DE CRÉDITO DE LIVRE ADMISSÃO DE CAMPOS GERAIS E CAMPO DO MEIO LTDA - SICOOB CREDCAM;71146450;;;;b3S;2;9;CAMPOS GERAIS;MG;06/2017;8.315;0;0;26.044;0;34.359;0;0;0;0;0;0;0;242;34.602;0;9.502;44.104;0;11.366;55.469
COOPERATIVA DE CRÉDITO RURAL COM INTERAÇÃO SOLIDÁRIA DE DONA EMMA - CRESOL DONA EMMA;4261151;;;;b3S;2;9;DONA EMMA;SC;06/2017;3.931;0;0;32.486;0;36.417;0;0;0;0;0;0;0;0;36.417;0;10.317;46.734;0;8.313;55.046
DIRECAO S.A. CREDITO, FINANCIAMENTO E INVESTIMENTO;58158387;;;83625;n1;2;14;SANTOS;SP;06/2017;0;0;0;0;0;0;0;0;0;0;0;0;0;0;0;0;1.562;1.562;0;53.058;54.619
COOPERATIVA DE ECONOMIA E CRÉDITO MÚTUO DOS EMPRESÁRIOS DE LEME - SICOOB CREDIACIL;8795285;;;;b3S;2;9;LEME;SP;06/2017;7.735;0;0;36.681;84;44.501;0;0;0;0;0;0;0;0;44.501;0;1.143;45.644;0;8.873;54.517
AGIPLAN FINANCEIRA S.A. - CREDITO FINANCIAMENTO E INVESTIMENTO;13660104;AGIPLAN;51956;83694;n1;2;14;PORTO ALEGRE;RS;06/2017;0;0;31.001;0;0;31.001;0;0;0;0;0;0;0;0;31.001;0;9.718;40.718;0;13.300;54.019
COOPERATIVA DE CRÉDITO DE LIVRE ADMISSÃO DA CIDADE DE GOIÂNIA E ENTORNO LTDA.;97360804;;;;b3S;2;9;GOIANIA;GO;06/2017;11.169;0;0;25.641;642;37.452;0;0;0;0;0;0;0;0;37.452;0;1.200;38.651;0;15.113;53.764
AGÊNCIA DE FOMENTO DE ALAGOAS S.A.;10769660;;;81081;n1;1;30;MACEIO;AL;06/2017;0;0;0;0;0;0;0;0;0;0;0;0;0;2.880;2.880;0;14.734;17.614;0;35.962;53.576
COOPERATIVA DE CRÉDITO DE LIVRE ADMISSÃO DE CAPITÓLIO LTDA   SICOOB CREDICAPI;804046;;;;b3S;2;9;CAPITOLIO;MG;06/2017;6.149;0;0;23.419;0;29.568;0;0;0;0;0;0;0;0;29.568;0;12.699;42.267;0;11.053;53.320
COOPERATIVA DE ECONOMIA E CREDITO MUTUO DOS SERVIDORES PUBLICOS DOS PODERES EXECUTIVO E LEGISLATIVO NO ESTADO DE MATO GROSSO - SICOOB SERVIDOR;4346379;;;;b3S;2;9;CUIABA;MT;06/2017;4.583;0;0;13.805;0;18.388;0;0;0;0;0;0;0;18.979;37.367;0;1.575;38.942;0;14.373;53.316
COOPERATIVA DE CRÉDITO DE LIVRE ADMISSÃO DE SACRAMENTO LTDA. - SICOOB SACRAMENTO;71154256;;;;b3S;2;9;SACRAMENTO;MG;06/2017;6.669;0;0;23.058;0;29.728;0;0;0;0;0;0;0;0;29.728;0;7.141;36.869;0;16.359;53.228
COOPERATIVA DE CRÉDITO RURAL COM INTERAÇÃO SOLIDÁRIA DE XAVANTINA - CRESOL XAVANTINA;8055016;;;;b3S;2;9;XAVANTINA;SC;06/2017;2.262;0;0;24.864;0;27.126;0;0;0;0;0;0;0;0;27.126;0;15.802;42.928;0;10.202;53.131
COOPERATIVA DE ECONOMIA E CRÉDITO DOS EMPRESÁRIOS, PROFISSIONAIS DO MERCADO IMOBILIÁRIO E DA CMI / SECOVI - SICOOB SECOVICRED MG;14913919;;;;b3S;2;9;BELO HORIZONTE;MG;06/2017;13.039;0;0;30.373;0;43.412;0;0;0;0;0;0;0;0;43.412;0;1.640;45.053;0;7.734;52.786
BEC DISTRIBUIDORA DE TITULOS E VALORES MOBILIARIOS LTDA.;7299480;BRADESCO;10045;80075;n2;2;16;OSASCO;SP;06/2017;0;0;0;0;0;0;0;0;0;0;0;0;0;0;0;0;1.111;1.111;0;51.431;52.542
COOPERATIVA DE ECONOMIA E CRÉDITO MÚTUO DOS FUNCIONÁRIOS DO ATACADÃO;52046299;;;;b3S;2;9;SAO PAULO;SP;06/2017;0;0;0;0;0;0;0;0;0;0;0;0;0;0;0;0;3.173;3.173;0;49.349;52.522
COOPERATIVA DE CREDITO DE LIVRE ADMISSÃO DA REGIÃO SUDESTE DE MINAS GERAIS LTDA. - SICOOB CREDISUCESSO;42887133;;;;b3S;2;9;BOM SUCESSO;MG;06/2017;10.788;0;0;26.691;779;38.258;0;0;0;0;0;0;0;0;38.258;0;4.971;43.229;0;9.287;52.516
COOPERATIVA DE CRÉDITO RURAL CAZOLA - SICOOB CREDICAZOLA;315406;;;;b3S;2;9;LUCELIA;SP;06/2017;4.249;0;0;42.534;345;47.128;0;0;0;0;0;0;0;0;47.128;0;2.084;49.212;0;3.145;52.357
WALPIRES S.A. CORRETORA DE CÂMBIO, TÍTULOS E VALORES MOBILIÁRIOS;61769790;;;82860;n2;2;15;SAO PAULO;SP;06/2017;0;0;0;0;0;0;0;0;0;0;0;0;0;0;0;0;44.141;44.141;0;8.013;52.154
SENFF S.A. - CRÉDITO, FINANCIAMENTO E INVESTIMENTO;11970623;;;83670;n1;2;14;CURITIBA;PR;06/2017;0;0;0;6.390;0;6.390;0;0;0;0;0;22.271;22.271;0;28.661;0;1.720;30.381;0;21.481;51.862
COOPERATIVA DE ECONOMIA E CREDITO MUTUO DOS EMPREGADOS DAS EMPRESAS RANDON;89280960;;;;b3S;2;9;CAXIAS DO SUL;RS;06/2017;0;0;0;1.631;0;1.631;0;0;0;0;0;0;0;0;1.631;0;8.563;10.194;0;40.928;51.122
COOPERATIVA DE CRÉDITO DE LIVRE ADMISSÃO DO NORTE DE MATO GROSSO - SICOOB NORTE MT;23623636;;;;b3S;2;9;SINOP;MT;06/2017;13.764;0;0;14.601;0;28.365;0;0;0;0;0;0;0;0;28.365;0;16.340;44.705;0;6.403;51.108
COMPANHIA HIPOTECÁRIA PIRATINI - CHP;18282093;COMPANHIA PROVINCIA DE CREDITO IMOBILIARIO;51860;80972;n1;2;29;PORTO ALEGRE;RS;06/2017;0;0;0;0;0;0;0;6.019;0;0;0;0;6.019;0;6.019;0;40.896;46.916;0;4.028;50.943
COOPERATIVA DE CRÉDITO RURAL COM INTERAÇÃO SOLIDÁRIA DE LARANJEIRAS DO SUL - CRESOL LARANJEIRAS DO SUL;1086342;;;;b3S;2;9;LARANJEIRAS DO SUL;PR;06/2017;2.117;0;0;7.233;0;9.350;0;0;0;0;0;0;0;0;9.350;0;35.923;45.274;0;5.309;50.583
COOPERATIVA DE CRÉDITO RURAL COM INTERAÇÃO SOLIDÁRIA DE FREDERICO WESTPHALEN - CRESOL FREDERICO WESTPHALEN;17343510;;;;b3S;2;9;FREDERICO WESTPHALEN;RS;06/2017;2.748;0;0;31.891;0;34.639;0;0;0;0;0;0;0;0;34.639;0;9.059;43.698;0;6.777;50.475
COOPERATIVA DE CRÉDITO RURAL COM INTERAÇÃO SOLIDÁRIA DE SANTA LÚCIA - CRESOL SANTA LÚCIA;7268499;;;;b3S;2;9;SANTA LUCIA;PR;06/2017;2.547;0;0;9.421;0;11.968;0;0;0;0;0;0;0;0;11.968;0;31.342;43.310;0;6.877;50.187
COOPERATIVA DE ECONOMIA E CRÉDITO MÚTUO DO VALE DAS ANTAS LTDA. - UNICRED VALE DAS ANTAS;94243839;;;;b3S;2;9;CASCA;RS;06/2017;3.304;0;0;34.206;0;37.510;0;0;0;0;0;0;0;0;37.510;0;1.053;38.563;0;11.290;49.853
COOPERATIVA DE ECONOMIA E CRÉDITO MÚTUO DOS SERVIDORES DA UNIVERSIDADE FEDERAL DE VIÇOSA LTDA. - SICOOB UFVCREDI;2794761;;;;b3S;2;9;VICOSA;MG;06/2017;3.114;0;0;23.649;0;26.764;0;0;0;0;0;0;0;0;26.764;0;681;27.445;0;22.328;49.772
COOPERATIVA DE ECONOMIA E CREDITO MUTUO DOS INTEGRANTES DO MINISTERIO PUBLICO DO RIO GRANDE DO SUL - SICREDI MP;3662047;;;;b3S;2;9;PORTO ALEGRE;RS;06/2017;987;0;0;38.137;2.496;41.620;0;0;0;0;0;0;0;455;42.076;0;673;42.749;0;6.937;49.686
COOPERATIVA DE ECONOMIA E CRÉDITO MÚTUO DOS SERVIDORES DA FUNDAÇÃO HOSPITALAR E EMPREGADOS DOS ESTABELECIMENTOS HOSPITALARES DE BELO HORIZONTE, REGIÃO METROPOLITANA E ZONA DA MATA LTDA. - CECREF;19402130;;;;b3S;2;9;BELO HORIZONTE;MG;06/2017;2.049;0;0;14.857;0;16.906;0;0;0;0;0;0;0;10.046;26.952;0;3.063;30.015;0;19.541;49.556
COOPERATIVA DE CREDITO RURAL COM INTERACAO SOLIDARIA DE GETULIO VARGAS-CRESOL GETÚLIO VARGAS;5241145;;;;b3S;2;9;GETULIO VARGAS;RS;06/2017;2.717;0;0;16.705;0;19.421;0;0;0;0;0;0;0;0;19.421;0;22.675;42.096;0;7.247;49.343
COOPERATIVA DE CRÉDITO DE LIVRE ADMISSÃO DA MARGEM ESQUERDA DO URUCUIA E SÃO FRANCISCO LTDA - SICOOB CREDICHAPADA;14046512;;;;b3S;2;9;CHAPADA GAUCHA;MG;06/2017;5.631;0;0;4.157;0;9.788;0;0;285;0;0;0;285;7.320;17.393;0;20.625;38.019;0;11.197;49.216
PARMETAL DISTRIBUIDORA DE TÍTULOS E VALORES MOBILIÁRIOS LTDA;20155248;;;84019;n2;2;16;SAO PAULO;SP;06/2017;0;0;0;0;0;0;0;0;0;0;0;0;0;0;0;1.654;34.848;36.502;0;12.464;48.966
COOPERATIVA DE CRÉDITO CAPITAL FORTE - SICOOB CREDIFORTE;3497143;;;;b3S;2;9;PORTO VELHO;RO;06/2017;3.856;0;0;14.000;0;17.856;0;0;0;0;0;0;0;10.352;28.208;0;1.062;29.270;0;19.576;48.846
ITAUVEST DISTRIBUIDORA DE TITULOS E VALORES MOBILIARIOS S.A.;92880749;ITAU;10069;80099;n2;2;16;SAO PAULO;SP;06/2017;0;0;0;0;0;0;0;0;0;0;0;0;0;0;0;0;1.763;1.763;0;46.910;48.673
COOPERATIVA DE CRÉDITO DE LIVRE ADMISSÃO DO LESTE MINEIRO LTDA.- UNICRED LESTE MINEIRO;1110032;;;;b3S;2;9;GOVERNADOR VALADARES;MG;06/2017;6.481;0;0;32.728;0;39.209;0;0;0;0;0;0;0;0;39.209;0;2.023;41.232;0;7.246;48.478
COOPERATIVA DE CREDITO RURAL COM INTERACAO SOLIDARIA DE MARMELEIRO - CRESOL MARMELEIRO;971297;;;;b3S;2;9;MARMELEIRO;PR;06/2017;2.001;0;0;7.983;0;9.984;0;0;0;0;0;0;0;0;9.984;0;29.798;39.781;0;8.407;48.189
COOPERATIVA DE CRÉDITO DE LIVRE ADMISSÃO DE ASSOCIADOS DE GUARAMIRIM - CREVISC;10143743;;;;b3S;2;9;GUARAMIRIM;SC;06/2017;6.648;0;0;22.144;0;28.793;0;0;0;0;0;0;0;5.602;34.395;0;1.770;36.165;0;11.903;48.068
COOPERATIVA DE ECONOMIA E CRÉDITO MÚTUO DOS INTEGRANTES DA BRIGADA MILITAR DO RIO GRANDE DO SUL - SICREDI MIL RS;3212823;;;;b3S;2;9;PORTO ALEGRE;RS;06/2017;2.876;0;0;30.206;732;33.814;0;0;0;0;0;0;0;501;34.315;0;4.079;38.394;0;9.671;48.065
COOPERATIVA DE CRÉDITO DE LIVRE ADMISSÃO DE IGUATAMA LTDA. - SICOOB CREDITAMA;26359745;;;;b3S;2;9;IGUATAMA;MG;06/2017;5.478;0;0;20.109;232;25.819;0;0;0;0;0;0;0;0;25.819;0;6.102;31.922;0;15.838;47.759
COOPERATIVA DE CREDITO RURAL COM INTERACAO SOLIDARIA DE IBEMA - CRESOL IBEMA;4232022;;;;b3S;2;9;IBEMA;PR;06/2017;1.801;0;0;7.787;0;9.587;0;0;0;0;0;0;0;0;9.587;0;30.826;40.413;0;7.144;47.557
COOPERATIVA DE CRÉDITO DOS EMPRESÁRIOS DA GRANDE DOURADOS - SICOOB DOURADOS;10319386;;;;b3S;2;9;DOURADOS;MS;06/2017;8.774;0;0;28.859;0;37.633;0;0;0;0;0;0;0;1.618;39.251;0;1.324;40.576;0;6.520;47.096
COOPERATIVA DE CRÉDITO RURAL COM INTERAÇÃO SOLIDÁRIA DE CURITIBANOS - CRESOL CURITIBANOS;1155801;;;;b3S;2;9;CURITIBANOS;SC;06/2017;7.451;0;0;18.304;0;25.755;0;0;0;0;0;0;0;0;25.755;0;10.871;36.626;0;10.351;46.977
COOPERATIVA DE ECONOMIA E CRÉDITO MÚTUO DOS MÉDICOS, DEMAIS PROFISSIONAIS DA SAÚDE E EMPRESÁRIOS DE CRUZ ALTA LTDA.;73326449;;;;b3S;2;9;CRUZ ALTA;RS;06/2017;5.165;0;0;32.184;88;37.436;0;0;0;0;0;0;0;0;37.436;0;736;38.172;0;8.746;46.918
COOPERATIVA DE CRÉDITO RURAL COM INTERAÇÃO SOLIDÁRIA DE ITUPORANGA - CRESOL ITUPORANGA;7507647;;;;b3S;2;9;ITUPORANGA;SC;06/2017;3.031;0;0;17.239;0;20.270;0;0;0;0;0;0;0;0;20.270;0;21.532;41.802;0;4.694;46.496
SICOOB CREDIMONTES - COOPERATIVA DE CRÉDITO DE LIVRE ADMISSÃO REGIONAL DE MONTES CLAROS LTDA;2031139;;;;b3S;2;9;MONTES CLAROS;MG;06/2017;10.322;0;0;20.059;0;30.381;0;0;0;0;0;0;0;0;30.381;0;5.724;36.105;0;10.381;46.486
COOPERATIVA DE CRÉDITO DE LIVRE ADMISSÃO DE ESMERALDAS E REGIÃO LTDA - SICOOB CREDIESMERALDAS;68512748;;;;b3S;2;9;ESMERALDAS;MG;06/2017;11.257;0;0;24.568;0;35.826;0;0;0;0;0;0;0;0;35.826;0;2.532;38.357;0;7.827;46.184
COOPERATIVA DE CREDITO RURAL COM INTERAÇÃO SOLIDÁRIA. DE JACUTINGA - CRESOL JACUTINGA;2904125;;;;b3S;2;9;JACUTINGA;RS;06/2017;2.789;0;0;17.248;0;20.037;0;0;0;0;0;0;0;4;20.040;0;19.458;39.499;0;6.550;46.049
SENSO CORRETORA DE CAMBIO E VALORES MOBILIARIOS S.A;17352220;;;82750;n2;2;15;RIO DE JANEIRO;RJ;06/2017;0;0;0;0;0;0;0;0;0;0;0;0;0;0;0;0;15.784;15.784;0;30.082;45.866
CODEPE CORRETORA DE VALORES E CÂMBIO S.A.;9512542;;;82712;n2;2;15;RECIFE;PE;06/2017;0;0;0;0;0;0;0;0;0;0;0;0;0;0;0;0;7.230;7.230;0;38.632;45.862
COOPERATIVA DE CRÉDITO DE LIVRE ADMISSÃO DO OESTE MARANHENSE - SICOOB OESTE MARANHENSE;9424988;;;;b3S;2;9;ACAILANDIA;MA;06/2017;14.389;0;0;16.504;0;30.893;0;0;0;0;0;0;0;0;30.893;0;1.322;32.215;0;13.507;45.722
BANCO FINAXIS S.A.;11758741;FINAXIS;51688;80790;b1;2;2;CURITIBA;PR;06/2017;17.899;0;0;0;0;17.899;0;0;0;0;0;0;0;0;17.899;0;5.835;23.734;0;21.904;45.638
COOPERATIVA DE CRÉDITO DE LIVRE ADMISSÃO DE ASSOCIADOS DO SUDOESTE BAIANO LTDA - SICOOB CREDICONQUISTA;2282165;;;;b3S;2;9;VITORIA DA CONQUISTA;BA;06/2017;12.040;0;0;16.131;0;28.170;0;0;0;0;0;0;0;0;28.170;0;3.682;31.852;0;13.755;45.607
COOPERATIVA DE CRÉDITO DE LIVRE ADMISSÃO DE CERES E RIALMA LTDA;9576849;;;;b3S;2;9;CERES;GO;06/2017;9.450;0;0;23.972;0;33.422;0;0;0;0;0;0;0;0;33.422;0;575;33.997;0;11.570;45.567
COOPERATIVA DE CREDITO DE LIVRE ADMISSAO DA REGIAO SUL DE MATO GROSSO - SICOOB SUL;5247312;;;;b3S;2;9;RONDONOPOLIS;MT;06/2017;16.059;0;0;12.537;0;28.596;0;0;0;0;0;0;0;0;28.596;0;7.461;36.057;0;9.257;45.314
COOPERATIVA DE CRÉDITO RURAL DE SÃO VICENTE DE MINAS LTDA. - SICOOB CREDISAVI;86476199;;;;b3S;2;9;SAO VICENTE DE MINAS;MG;06/2017;6.085;0;0;17.543;0;23.629;0;0;0;0;0;0;0;182;23.811;0;14.061;37.872;0;7.341;45.213
COOPERATIVA DE CRÉDITO DE LIVRE ADMISSÃO DO SUL CATARINENSE - ACENTRA;3427097;;;;b3S;2;9;CRICIUMA;SC;06/2017;4.267;0;0;28.541;1.299;34.107;0;0;0;0;0;0;0;0;34.107;0;1.122;35.229;0;9.821;45.050
BBN BANCO BRASILEIRO DE NEGÓCIOS S.A.;10264663;RENDIMENTO;51468;80659;b1;2;8;SAO PAULO;SP;06/2017;0;0;0;0;0;0;0;0;0;0;0;0;0;0;0;0;276;276;0;44.429;44.704
COOPERATIVA DE ECONOMIA E CRÉDITO MÚTUO DOS SERVIDORES PÚBLICOS DO ESTADO DE SÃO PAULO - CREDIPAULISTA;3139644;;;;b3S;2;9;SAO PAULO;SP;06/2017;0;0;0;0;0;0;0;0;0;0;0;0;0;0;0;0;4.218;4.218;0;40.333;44.552
COOPERATIVA DE ECONOMIA E CRÉDITO MÚTUO DOS SERVIDORES MUNICIPAIS DE SÃO JOÃO DA BOA VISTA - CREDIVISTA;74248949;;;;b3S;2;9;SAO JOAO DA BOA VISTA;SP;06/2017;2.569;0;0;22.550;1.471;26.589;0;0;0;0;0;0;0;0;26.589;0;2.496;29.085;0;15.465;44.550
COOPERATIVA DE ECONOMIA E CRÉDITO MÚTUO DOS MILITARES ESTADUAIS DE SANTA CATARINA - CREDPOM;4572960;;;;b3S;2;9;FLORIANOPOLIS;SC;06/2017;4.698;0;0;30.574;0;35.272;0;0;0;0;0;0;0;2.140;37.412;0;760;38.172;0;6.355;44.527
COOPERATIVA DE CRÉDITO SICREDI MOSSORÓ - SICREDI MOSSORÓ;70027388;;;;b3S;2;9;MOSSORO;RN;06/2017;9.643;0;0;24.838;731;35.211;0;0;0;0;0;0;0;0;35.211;0;2.547;37.758;0;6.712;44.470
COOPERATIVA DE ECONOMIA E CRÉDITO MÚTUO DOS EMPREGADOS DA EMPRESA BRASILEIRA DE CORREIOS E TELÉGRAFOS DO ESTADO DE MINAS GERAIS LTDA. - SICOOB COOPERCORREIOS;3862898;;;;b3S;2;9;BELO HORIZONTE;MG;06/2017;3.749;0;0;21.076;0;24.825;0;0;0;0;0;0;0;0;24.825;0;523;25.348;0;19.111;44.459
COOPERATIVA DE CRÉDITO MÚTUO DOS DESPACHANTES DE TRÂNSITO DE SANTA CATARINA E RIO GRANDE DO SUL - SICOOB CREDITRAN;4715685;;;;b3S;2;9;FLORIANOPOLIS;SC;06/2017;5.236;0;0;20.854;0;26.090;0;0;0;0;0;0;0;307;26.397;0;9.739;36.136;0;8.200;44.336
COOPERATIVA DE CRÉDITO DE LIVRE ADMISSÃO NORTE SUL DA BAHIA LTDA.   SICOOB NORTE SUL;2876918;;;;b3S;2;9;GANDU;BA;06/2017;9.505;0;0;20.688;94;30.287;0;0;0;0;0;0;0;0;30.287;0;3.828;34.115;0;10.077;44.192
COOPERATIVA DE ECONOMIA E CREDITO MUTUO DOS MEDICOS E DEMAIS PROFISSIONAIS DA SAUDE DE JOACABA;2853045;;;;b3S;2;9;JOACABA;SC;06/2017;319;0;0;28.823;0;29.142;0;0;0;0;0;0;0;0;29.142;0;686;29.828;0;14.355;44.183
COOPERATIVA DE CREDITO RURAL COM INTERACAO SOLIDARIA DE NOVA PRATA DO IGUACU - CRESOL NOVA PRATA DO IGUACU;3014407;;;;b3S;2;9;NOVA PRATA DO IGUACU;PR;06/2017;1.674;0;0;4.876;0;6.550;0;0;0;0;0;0;0;0;6.550;0;30.664;37.214;0;6.838;44.052
FAMÍLIA PAULISTA COMPANHIA HIPOTECÁRIA;53146221;;;83429;n1;2;29;SANTOS;SP;06/2017;0;0;0;0;0;0;0;0;0;0;0;0;0;0;0;0;33.770;33.770;0;10.186;43.956
COOPERATIVA DE CRÉDITO RURAL DE MAIRI LTDA. - SICOOB COOPEMAR;4174720;;;;b3S;2;9;MAIRI;BA;06/2017;14.722;0;0;20.519;5;35.246;0;0;0;0;0;0;0;0;35.246;0;2.058;37.305;0;6.648;43.952
COOPERATIVA DE ECONOMIA E CRÉDITO MÚTUO DOS EMPREGADOS DA MONDELEZ BRASIL, PHILIP MORRIS BRASIL E K&S ALIMENTOS;62795257;;;;b3S;2;9;SAO PAULO;SP;06/2017;0;0;0;0;0;0;0;0;0;0;0;0;0;0;0;0;1.955;1.955;0;41.942;43.897
COOPERATIVA DE CRÉDITO DE LIVRE ADMISSÃO DE ITAJUBÁ LTDA - SICOOB SUL DE MINAS;4079285;;;;b3S;2;9;ITAJUBA;MG;06/2017;7.994;0;0;30.278;0;38.272;0;0;0;0;0;0;0;0;38.272;0;811;39.082;0;4.797;43.880
COOPERATIVA DE CRÉDITO DE LIVRE ADMISSÃO DE ASSOCIADOS DE CAÇADOR   SICOOB CAÇADOR SC;86791837;;;;b3S;2;9;CACADOR;SC;06/2017;6.320;0;0;27.212;58;33.590;0;0;0;0;0;0;0;111;33.701;0;2.962;36.663;0;7.205;43.868
COOPERATIVA DE CRÉDITO RURAL COM INTERAÇÃO SOLIDÁRIA DE GUARANI DAS MISSÕES - CRESOL GUARANI DAS MISSÕES;8488377;;;;b3S;2;9;GUARANI DAS MISSOES;RS;06/2017;3.131;0;0;15.009;0;18.140;0;0;0;0;0;0;0;825;18.965;0;17.256;36.222;0;7.557;43.779
COOPERATIVA DE CRÉDITO DE LIVRE ADMISSÃO DE ASSOCIADOS PÉROLA DO VALE - SICOOB CREDIPÉROLA;82133182;;;;b3S;2;9;TIMBO;SC;06/2017;5.087;0;0;27.993;5;33.085;0;0;0;0;0;0;0;111;33.196;0;1.396;34.592;0;9.015;43.607
ATRIA S.A.- CRÉDITO, FINANCIAMENTO E INVESTIMENTO;5956581;;;83508;n1;2;14;ARAUCARIA;PR;06/2017;0;0;0;0;0;0;0;0;0;0;0;0;0;0;0;0;8.545;8.545;0;34.914;43.459
BANCO INVESTCRED UNIBANCO S.A.;61182408;ITAU;10069;80099;b1;2;2;SAO PAULO;SP;06/2017;0;0;0;0;0;0;0;0;0;0;0;0;0;0;0;0;1.851;1.851;0;41.418;43.270
COOPERATIVA DE ECONOMIA E CRÉDITO MÚTUO DOS SERVIDORES DO PODER LEGISLATIVO FEDERAL E DO DISTRITO FEDERAL - SICOOB LEGISLATIVO;3329154;;;;b3S;2;9;BRASILIA;DF;06/2017;1.319;0;0;14.788;5.189;21.296;0;0;0;0;0;0;0;11.824;33.120;0;477;33.598;0;9.350;42.948
COOPERATIVA DE CRÉDITO DA SERRA CATARINENSE - CREDICOMIN;9590601;;;;b3S;2;9;LAGES;SC;06/2017;6.695;0;0;25.696;0;32.391;0;0;0;0;0;0;0;760;33.151;0;1.212;34.363;0;8.399;42.762
COOPERATIVA DE CREDITO RURAL COM INTERACAO SOLIDARIA DE SARANDI-CRESOL SARANDI;5220243;;;;b3S;2;9;SARANDI;RS;06/2017;3.467;0;0;14.773;0;18.239;0;0;0;0;0;0;0;4.599;22.838;0;14.504;37.342;0;5.392;42.734
COOPERATIVA DE CRÉDITO RURAL COM INTERAÇÃO SOLIDÁRIA DE HUMAITÁ - CRESOL HUMAITÁ;5983995;;;;b3S;2;9;HUMAITA;RS;06/2017;2.853;0;0;22.789;0;25.642;0;0;0;0;0;0;0;0;25.642;0;11.385;37.027;0;5.537;42.564
COOPERATIVA DE CRÉDITO DOS LOJISTAS DO DISTRITO FEDERAL - SICOOB CREDILOJISTA;7836458;;;;b3S;2;9;BRASILIA;DF;06/2017;11.313;0;0;17.649;0;28.962;0;0;0;0;0;0;0;3.097;32.059;0;716;32.775;0;9.745;42.520
COOPERATIVA DE CREDITO DE LIVRE ADMISSÃO DE MARTINHO CAMPOS LTDA - SICOOB CREDIMAC;64480833;;;;b3S;2;9;MARTINHO CAMPOS;MG;06/2017;5.472;0;0;22.409;673;28.554;0;0;0;0;0;0;0;0;28.554;0;4.344;32.899;0;9.467;42.366
COOPERATIVA DE CRÉDITO RURAL COM INTERAÇÃO SOLIDÁRIA ALIANÇA - CRESOL ALIANÇA;5138766;;;;b3S;2;9;PEROLA D'OESTE;PR;06/2017;1.649;0;0;8.214;0;9.863;0;0;0;0;0;0;0;0;9.863;0;24.930;34.793;0;7.559;42.352
COOPERATIVA DE CRÉDITO DE LIVRE ADMISSÃO DE ARAXÁ LTDA - SICOOB COOCREZ;71378426;;;;b3S;2;9;ARAXA;MG;06/2017;3.719;0;0;19.002;0;22.721;0;0;0;0;0;0;0;0;22.721;0;1.560;24.282;0;17.921;42.203
COOPERATIVA DE ECONOMIA E CRÉDITO MÚTUO DOS MÉDICOS E DEMAIS PROFISSIONAIS  DE NÍVEL SUPERIOR DA SAÚDE DE VITÓRIA LTDA. - UNICRED VITÓRIA;39808449;;;;b3S;2;9;VITORIA;ES;06/2017;7.315;0;0;22.551;0;29.866;0;0;0;0;0;0;0;0;29.866;0;2.932;32.797;0;9.280;42.077
COOPERATIVA DE CREDITO RURAL COM INTERACAO SOLIDARIA CONCORDIA- CRESOL CONCÓRDIA;5425526;;;;b3S;2;9;CONCORDIA;SC;06/2017;2.399;0;0;17.920;0;20.319;0;0;0;0;0;0;0;0;20.319;0;16.646;36.965;0;4.900;41.865
COOPERATIVA DE ECONOMIA E CRÉDITO MÚTUO DOS EMPREGADOS DAS EMPRESAS E PRESTADORES DE SERVIÇO DO GRUPO ARCELORMITTAL - SICOOB COPESITA;19875244;;;;b3S;2;9;TIMOTEO;MG;06/2017;2.815;0;0;23.232;0;26.047;0;0;0;0;0;0;0;0;26.047;0;1.943;27.990;0;13.813;41.803
COOPERATIVA DE ECONOMIA E CRÉDITO MÚTUO DOS MÉDICOS E PROFISSIONAIS DA SAÚDE DA REGIÃO DE CARATINGA, MANHUAÇU E CARANGOLA LTDA. - SICOOB PROFISSIONAIS DA SAÚDE;71261184;;;;b3S;2;9;CARATINGA;MG;06/2017;6.989;0;0;26.568;0;33.556;0;0;0;0;0;0;0;0;33.556;0;1.880;35.437;0;5.923;41.360
COOPERATIVA DE CREDITO RURAL COM INTERACAO SOLIDARIA DE CANDOI - CRESOL CANDOI;3356447;;;;b3S;2;9;CANDOI;PR;06/2017;2.239;0;0;5.868;0;8.107;0;0;0;0;0;0;0;0;8.107;0;27.395;35.502;0;5.780;41.282
COOPERATIVA DE CREDITO RURAL COM INTERACAO SOLIDARIA DE CHAPECO-CRESOL CHAPECÓ;4281182;;;;b3S;2;9;CHAPECO;SC;06/2017;2.187;0;0;19.238;0;21.425;0;0;0;0;0;0;0;0;21.425;0;13.997;35.423;0;5.833;41.256
COOPERATIVA DE CRÉDITO DE LIVRE ADMISSÃO DE ASSOCIADOS DE JARAGUÁ DO SUL E REGIÃO - SICOOB CEJASCRED;12384953;;;;b3S;2;9;JARAGUA DO SUL;SC;06/2017;5.552;0;0;28.207;0;33.759;0;0;0;0;0;0;0;88;33.847;0;1.056;34.903;0;6.091;40.994
COOPERATIVA DE CRÉDITO RURAL COM INTERAÇÃO SOLIDÁRIA DE FERVEDOURO - CRESOL FERVEDOURO;8624548;;;;b3S;2;9;FERVEDOURO;MG;06/2017;2.526;0;0;14.701;0;17.227;0;0;0;0;0;0;0;12;17.239;0;18.281;35.520;0;5.335;40.855
COOPERATIVA DE ECONOMIA E CRÉDITO MÚTUO DOS SERVIDORES DA JUSTIÇA DO ESTADO DE MINAS GERAIS LTDA. - SICOOB CREDJUS;4894460;;;;b3S;2;9;BELO HORIZONTE;MG;06/2017;0;0;0;19.767;0;19.767;0;0;0;0;0;0;0;0;19.767;0;1.445;21.212;0;19.567;40.778
COOPERATIVA DE CRÉDITO DOS MÉDICOS E DEMAIS PROFISSIONAIS DA SAÚDE DE VITÓRIA DA CONQUISTA;2833202;;;;b3S;2;9;VITORIA DA CONQUISTA;BA;06/2017;6.479;0;0;21.619;0;28.098;0;0;0;0;0;0;0;0;28.098;0;1.715;29.812;0;10.517;40.329
COOPERATIVA DE CRÉDITO DOS FUNCIONÁRIOS DA ABB - COOPERABB;51010858;;;;b3S;2;9;GUARULHOS;SP;06/2017;0;0;0;0;0;0;0;0;0;0;0;0;0;0;0;0;971;971;0;39.310;40.281
INTL FCSTONE DISTRIBUIDORA DE TÍTULOS E VALORES MOBILIÁRIOS LTDA.;62090873;;;84088;n2;3;16;SAO PAULO;SP;06/2017;0;0;0;0;0;0;0;0;0;0;0;0;0;0;0;0;9.396;9.396;0;30.849;40.245
OM DISTRIBUIDORA DE TÍTULOS E VALORES MOBILIÁRIOS LTDA;11495073;;;84239;n2;2;16;SAO PAULO;SP;06/2017;0;0;0;0;0;0;0;0;0;0;0;0;0;0;0;7.215;14.856;22.071;0;17.716;39.788
BANESTES DISTRIBUIDORA DE TITULOS E VALORES MOBILIARIOS S/A;28156057;BANESTES;30159;80147;n2;1;16;VITORIA;ES;06/2017;0;0;0;0;0;0;0;0;0;0;0;0;0;0;0;0;2.042;2.042;0;37.742;39.785
COOPERATIVA DE CREDITO DE SALVADOR - SICREDI SALVADOR;2245493;;;;b3S;2;9;SALVADOR;BA;06/2017;2.495;0;0;3.359;54;5.907;0;0;0;0;0;0;0;0;5.907;0;9.055;14.963;0;24.625;39.588
COOPERATIVA DE ECONOMIA E CRÉDITO MÚTUO DOS EMPRESÁRIOS DE RIBEIRÃO PRETO E REGIÃO - SICOOB COOPERAC;8071414;;;;b3S;2;9;RIBEIRAO PRETO;SP;06/2017;12.033;0;0;18.105;172;30.310;0;0;0;0;0;0;0;0;30.310;0;1.418;31.729;0;7.757;39.485
COOPERATIVA DE CRÉDITO MÚTUO DOS ESCRIVÃES, NOTÁRIOS E REGISTRADORES NO ESTADO DO PARANÁ - SICREDI CREDENOREG PR.;6078926;;;;b3S;2;9;CURITIBA;PR;06/2017;7.177;0;0;25.665;25;32.867;0;0;0;0;0;0;0;221;33.088;0;2.168;35.256;0;4.197;39.453
COOPERATIVA DE CREDITO RURAL COM INTERACAO SOLIDARIA DE SAO JOAQUIM-CRESOL SÃO JOAQUIM;2766672;;;;b3S;2;9;SAO JOAQUIM;SC;06/2017;3.538;0;0;18.808;0;22.346;0;0;0;0;0;0;0;0;22.346;0;8.918;31.264;0;8.094;39.358
COOPERATIVA DE CRÉDITO RURAL COM INTERAÇÃO SOLIDÁRIA DE PAIM FILHO - CRESOL PAIM FILHO;7252614;;;;b3S;2;9;PAIM FILHO;RS;06/2017;3.351;0;0;19.060;0;22.411;0;0;0;0;0;0;0;0;22.411;0;9.504;31.915;0;7.182;39.098
COOPERATIVA DE CRÉDITO MÚTUO DOS COMERCIANTES DE VEÍCULOS, PEÇAS E ACESSÓRIOS PARA VEÍCULOS DE CURITIBA E REGIÃO - SICREDI SINCOCRED PR;7070495;;;;b3S;2;9;CURITIBA;PR;06/2017;6.145;0;0;26.032;35;32.213;0;0;0;0;0;0;0;195;32.408;0;2.022;34.430;0;4.478;38.908
COOPERATIVA DE CRÉDITO DE LIVRE ADMISSÃO DE ASSOCIADOS DAS REGIÕES NORTE E NORDESTE DO PARÁ - SICOOB UNIDAS;1042487;;;;b3S;2;9;BELEM;PA;06/2017;4.332;0;0;5.645;0;9.976;0;0;0;0;0;0;0;6.000;15.976;0;3.341;19.317;0;19.246;38.563
COOPERATIVA DE ECONOMIA E CRÉDITO MÚTUO DOS EMPRESÁRIOS DE RIO CLARO - SICOOB CREDIACIRC;9527069;;;;b3S;2;9;RIO CLARO;SP;06/2017;5.756;0;0;23.449;0;29.205;0;0;0;0;0;0;0;0;29.205;0;650;29.854;0;8.545;38.399
COOPERATIVA DE CRÉDITO DE LIVRE ADMISSÃO DO SERTÃO DE MINAS GERAIS LTDA. - SICOOB SERTÃO MINAS;1667352;;;;b3S;2;9;PIRAPORA;MG;06/2017;6.109;0;0;20.965;0;27.074;0;0;0;0;0;0;0;2.439;29.513;0;1.945;31.458;0;6.805;38.263
SOFISA S.A. CRÉDITO, FINANCIAMENTO E INVESTIMENTO;8257293;SOFISA;31873;80271;n1;2;14;SAO PAULO;SP;06/2017;0;0;0;0;0;0;0;0;0;0;0;0;0;0;0;0;14.454;14.454;0;23.700;38.153
COOPERATIVA DE CRÉDITO DE LIVRE ADMISSÃO DO ESTADO DO PARÁ - SICOOB COOESA;83836114;;;;b3S;2;9;BELEM;PA;06/2017;6.143;0;0;18.393;3;24.538;0;0;0;0;0;0;0;0;24.538;0;2.811;27.349;0;10.674;38.023
COOPERATIVA DE CRÉDITO RURAL DE OURO   SULCREDI/OURO;7853842;;;;b3S;2;9;OURO;SC;06/2017;1.808;0;0;21.269;0;23.077;0;0;0;0;0;0;0;2.254;25.332;0;4.677;30.009;0;7.962;37.970
COOPERATIVA DE CREDITO RURAL DE RIO RUFINO - SICOOB/SC CREDIUNIÃO;2448839;;;;b3S;2;9;RIO RUFINO;SC;06/2017;5.490;0;0;14.360;3;19.853;0;0;0;0;0;0;0;2.114;21.966;0;9.900;31.866;0;5.975;37.841
BANCO MAXINVEST S.A.;80271455;;;81775;b2;2;8;CURITIBA;PR;06/2017;0;0;0;0;0;0;0;0;0;0;0;0;0;0;0;0;7.855;7.855;0;29.912;37.767
COOPERATIVA DE CREDITO DE LIVRE ADMISSÃO DE SAO GONÇALO DO PARA LTDA - SICOOB CREDISAOGONÇALO;41683228;;;;b3S;2;9;SAO GONCALO DO PARA;MG;06/2017;6.975;0;0;16.516;2.511;26.002;0;0;0;0;0;0;0;0;26.002;0;2.837;28.839;0;8.789;37.629
COOPERATIVA DE CREDITO RURAL COM INTERAÇÃO SOLIDÁRIA DE SAO VALENTIM-CRESOL SAO VALENTIM;3015152;;;;b3S;2;9;SAO VALENTIM;RS;06/2017;1.643;0;0;15.996;0;17.638;0;0;0;0;0;0;0;0;17.638;0;14.284;31.922;0;5.669;37.591
RPW SOCIEDADE DE CRÉDITO AO MICROEMPREENDEDOR E À EMPRESA DE PEQUENO PORTE S.A.;6249129;;;83209;n1;2;10;SAO PAULO;SP;06/2017;0;0;0;0;0;0;0;0;0;0;0;0;0;207;207;0;28.132;28.339;0;9.194;37.533
COOPERATIVA DE CRÉDITO RURAL COM INTERAÇÃO SOLIDÁRIA DE WITMARSUM - CRESOL WITMARSUM;7465539;;;;b3S;2;9;WITMARSUM;SC;06/2017;3.506;0;0;20.425;0;23.931;0;0;0;0;0;0;0;0;23.931;0;5.647;29.578;0;7.861;37.439
COOPERATIVA DE CREDITO RURAL COM INTERAÇÃO SOLIDARIA DE TOMBOS-CRESOL TOMBOS;7208637;;;;b3S;2;9;TOMBOS;MG;06/2017;1.671;0;0;10.541;0;12.212;0;0;0;0;0;0;0;12;12.224;0;19.432;31.656;0;5.359;37.015
COOPERATIVA DE CRÉDITO RURAL COM INTERAÇÃO SOLIDÁRIA LESTE PARANAENSE - CRESOL LESTE PARANAENSE;5326643;;;;b3S;2;9;CERRO AZUL;PR;06/2017;2.217;0;0;7.405;0;9.622;0;0;0;0;0;0;0;0;9.622;0;22.566;32.188;0;4.822;37.010
TERRA INVESTIMENTOS DISTRIBUIDORA DE TÍTULOS E VALORES MOBILIÁRIOS LTDA.;3751794;;;84514;n2;2;16;SAO PAULO;SP;06/2017;0;0;0;0;0;0;0;0;0;0;0;0;0;0;0;0;26.748;26.748;0;10.220;36.967
COOPERATIVA DE CRÉDITO, POUPANÇA E INVESTIMENTO DOS PROFISSIONAIS MÉDICOS E DA SAÚDE DE CURITIBA E REGIÃO METROPOLITANA - SICREDI MEDICRED PR;2924977;;;;b3S;2;9;CURITIBA;PR;06/2017;6.286;0;0;21.081;913;28.280;0;0;0;0;0;0;0;319;28.600;0;2.543;31.143;0;5.650;36.793
COOPERATIVA DE ECONOMIA E CRÉDITO MÚTUO DOS FUNCIONÁRIOS E PRESTADORES DE SERVIÇOS DA COCRED-COPERCANA-CANAOESTE - SICOOB CRED COPERCANA;64739121;;;;b3S;2;9;SERTAOZINHO;SP;06/2017;2.814;0;0;18.039;0;20.853;0;0;0;0;0;0;0;0;20.853;0;1.667;22.520;0;14.104;36.625
COOPERATIVA DE CREDITO RURAL COM INTERACAO SOLIDARIA DE SALTO DO LONTRA - CRESOL SALTO DO LONTRA;5135542;;;;b3S;2;9;SALTO DO LONTRA;PR;06/2017;2.226;0;0;9.625;0;11.851;0;0;0;0;0;0;0;0;11.851;0;19.744;31.595;0;4.979;36.574
COOPERATIVA DE CRÉDITO DA REGIÃO DO VALE DO RIO GRANDE LTDA. - SICOOB CREDILEITE;86585049;;;;b3S;2;9;UBERABA;MG;06/2017;12.773;0;0;13.887;127;26.787;0;0;0;0;0;0;0;0;26.787;0;3.183;29.971;0;6.597;36.567
MAXIMA S.A. CORRETORA DE CAMBIO, TITULOS E VALORES MOBILIARIOS;33886862;MÁXIMA;50201;80367;n2;2;15;RIO DE JANEIRO;RJ;06/2017;0;0;0;0;0;0;0;0;0;0;0;0;0;0;0;0;5.786;5.786;0;30.661;36.448
BANCO ITAÚ VEÍCULOS S.A.;61190658;ITAU;10069;80099;b2;2;8;SAO PAULO;SP;06/2017;0;0;0;0;0;0;0;0;0;0;0;0;0;0;0;0;767;767;0;35.558;36.325
COOPERATIVA DE CRÉDITO RURAL COM INTERAÇÃO SOLIDÁRIA DE SANTIAGO DO SUL - CRESOL SANTIAGO;3661027;;;;b3S;2;9;SANTIAGO DO SUL;SC;06/2017;1.482;0;0;11.177;0;12.660;0;0;0;0;0;0;0;0;12.660;0;21.431;34.091;0;2.123;36.214
COOPERATIVA DE CREDITO RURAL COM INTERACAO SOLIDARIA DE QUILOMBO -  CRESOL QUILOMBO;73254757;;;;b3S;2;9;QUILOMBO;SC;06/2017;1.802;0;0;15.279;0;17.081;0;0;0;0;0;0;0;0;17.081;0;13.314;30.394;0;5.803;36.198
LEROSA S.A. CORRETORA DE VALORES E CAMBIO;61973863;;;82633;n2;2;15;SAO PAULO;SP;06/2017;0;0;0;0;0;0;0;0;0;0;0;0;0;0;0;738;11.433;12.171;0;23.958;36.130
COOPERATIVA DE CRÉDITO RURAL COM INTERAÇÃO SOLIDÁRIA DE RIO FORTUNA - CRESOL RIO FORTUNA;7958405;;;;b3S;2;9;RIO FORTUNA;SC;06/2017;2.420;0;0;22.889;0;25.309;0;0;0;0;0;0;0;0;25.309;0;6.530;31.839;0;4.175;36.015
COOPERATIVA DE CREDITO CREDLIDER - SICOOB CREDLIDER;5463934;;;;b3S;2;9;VOTUPORANGA;SP;06/2017;8.221;0;0;11.190;0;19.410;0;0;0;0;0;0;0;0;19.410;0;5.520;24.930;0;11.066;35.996
COOPERATIVA DE CREDITO RURAL COM INTERACAO SOLIDARIA DE RENASCENÇA - CRESOL RENASCENÇA;4350225;;;;b3S;2;9;RENASCENCA;PR;06/2017;2.276;0;0;6.290;0;8.567;0;0;0;0;0;0;0;0;8.567;0;21.278;29.845;0;6.055;35.899
COOPERATIVA DE CRÉDITO DOS FUNCIONÁRIOS DO GRUPO WALMART LTDA. – SICOOB COOPERBOM;74026998;;;;b3S;2;9;SALVADOR;BA;06/2017;2.350;0;0;4.871;250;7.471;0;0;0;0;0;0;0;6.013;13.484;0;1.692;15.175;0;20.666;35.841
AGÊNCIA DE FOMENTO DO ESTADO DE MATO GROSSO S.A.;6284531;;;81146;n1;1;30;CUIABA;MT;06/2017;0;0;0;0;0;0;0;0;0;0;0;0;0;15.666;15.666;0;2.139;17.806;0;18.008;35.813
COOPERATIVA DE ECONOMIA E CRÉDITO MÚTUO DOS EMPREGADOS DO GRUPO SCHAEFFLER;62284385;;;;b3S;2;9;SOROCABA;SP;06/2017;0;0;0;0;0;0;0;0;0;0;0;0;0;0;0;0;668;668;0;35.083;35.751
BECKER FINANCEIRA S.A. - CRÉDITO, FINANCIAMENTO E INVESTIMENTO;20443996;;;84507;n1;2;14;CERRO LARGO;RS;06/2017;0;0;0;21.113;0;21.113;0;0;0;0;0;3.736;3.736;0;24.849;0;809;25.657;0;10.044;35.701
COOPERATIVA DE CREDITO RURAL ASCOOB SISAL;63229629;;;;b3S;2;9;SERRINHA;BA;06/2017;4.450;0;0;22.723;0;27.174;0;0;0;0;0;0;0;3.537;30.711;0;946;31.657;0;3.719;35.376
COOPERATIVA DE CRÉDITO DE LIVRE ADMISSÃO DE DORES DO INDAIÁ LTDA. - SICOOB CREDINDAIÁ;71069587;;;;b3S;2;9;DORES DO INDAIA;MG;06/2017;4.011;0;0;16.535;0;20.546;0;0;0;0;0;0;0;0;20.546;0;6.436;26.981;0;8.351;35.333
CA INDOSUEZ WEALTH (BRAZIL) S.A. DISTRIBUIDORA DE TÍTULOS E VALORES MOBILIÁRIOS;1638542;CREDIT AGRICOLE;51066;80491;n2;3;16;SAO PAULO;SP;06/2017;0;0;0;0;0;0;0;0;0;0;0;0;0;0;0;0;24.791;24.791;0;10.332;35.123
COOPERATIVA DE CREDITO RURAL COM INTERACAO SOLIDARIA DE PITANGA - CRESOL PITANGA;2645093;;;;b3S;2;9;PITANGA;PR;06/2017;2.086;0;0;5.553;0;7.638;0;0;0;0;0;0;0;0;7.638;0;24.425;32.063;0;3.030;35.093
COOPERATIVA DE ECONOMIA E CRÉDITO MÚTUO DOS MÉDICOS E DEMAIS PROFISSIONAIS DA ÁREA DE SAÚDE DA REGIÃO DE RIBEIRÃO PRETO - MEDCRED DE RIBEIRÃO PRETO;3575699;;;;b3S;2;9;RIBEIRAO PRETO;SP;06/2017;9.126;0;0;21.441;0;30.567;0;0;0;0;0;0;0;0;30.567;0;414;30.981;0;3.978;34.959
ADVANCED CORRETORA DE CÂMBIO LTDA;92856905;;;82004;n2;2;21;SAO PAULO;SP;06/2017;0;0;0;0;0;0;0;0;0;0;0;0;0;0;0;0;27.682;27.682;0;7.166;34.848
COOPERATIVA DE CREDITO RURAL COM INTERACAO SOLIDARIA DE IVAIPORA - CRESOL IVAIPORA;5231945;;;;b3S;2;9;IVAIPORA;PR;06/2017;2.263;0;0;8.213;0;10.476;0;0;0;0;0;0;0;0;10.476;0;19.709;30.185;0;4.620;34.805
OMNI S.A. ARRENDAMENTO MERCANTIL;18846364;OMNI;50940;80460;n1;2;19;SAO PAULO;SP;06/2017;0;0;3.279;0;0;3.279;0;0;0;0;0;0;0;0;3.279;0;19.296;22.575;737;11.377;34.689
COOPERATIVA DE CREDITO RURAL COM INTERACAO SOLIDARIA DE JAGUARUNA-CRESOL JAGUARUNA;5410056;;;;b3S;2;9;JAGUARUNA;SC;06/2017;2.269;0;0;20.252;0;22.521;0;0;0;0;0;0;0;0;22.521;0;7.814;30.335;0;4.204;34.539
COOPERATIVA DE CRÉDITO MÚTUO DOS POLICIAIS FEDERAIS E SERVIDORES DA UNIÃO NO CEARÁ - SICOOB CEARÁ;3620772;;;;b3S;2;9;FORTALEZA;CE;06/2017;2.074;0;0;15.977;0;18.051;0;0;0;0;0;0;0;6.663;24.714;0;614;25.328;0;9.128;34.456
BANCO CAPITAL S.A.;15173776;;;81641;b1;2;8;SALVADOR;BA;06/2017;2.558;0;0;0;0;2.558;0;0;0;0;0;0;0;0;2.558;0;10.842;13.400;0;21.017;34.417
COOPERATIVA DE CRÉDITO DE LIVRE ADMISSÃO DO VALE RIO CRIXÁS LTDA.;7108146;;;;b3S;2;9;CRIXAS;GO;06/2017;7.626;0;0;9.688;109;17.422;0;0;0;0;0;0;0;0;17.422;0;4.797;22.220;0;11.914;34.134
COOPERATIVA DE CRÉDITO RURAL COM INTERAÇÃO SOLIDÁRIA DE SÃO JOÃO - CRESOL SÃO JOÃO;7557462;;;;b3S;2;9;SAO JOAO;PR;06/2017;1.841;0;0;5.433;0;7.275;0;0;0;0;0;0;0;0;7.275;0;22.533;29.808;0;4.310;34.118
COOPERATIVA DE CRÉDITO RURAL COM INTERAÇÃO SOLIDÁRIA DE PINHALZINHO - CRESOL PINHALZINHO;7412987;;;;b3S;2;9;PINHALZINHO;SC;06/2017;1.680;0;0;15.130;0;16.810;0;0;0;0;0;0;0;0;16.810;0;12.726;29.536;0;4.553;34.088
EVEREST LEASING S.A. ARRENDAMENTO MERCANTIL;74533787;BRADESCO;10045;80075;n1;2;19;OSASCO;SP;06/2017;0;0;0;0;0;0;0;0;0;0;0;0;0;0;0;0;1.367;1.367;0;32.368;33.735
COOPERATIVA DE CREDITO RURAL COM INTERACAO SOLIDARIA DE MANGUEIRINHA - CRESOL MANGUEIRINHA;2961072;;;;b3S;2;9;MANGUEIRINHA;PR;06/2017;1.110;0;0;3.999;0;5.109;0;0;0;0;0;0;0;0;5.109;0;23.117;28.226;0;5.322;33.548
COOPERATIVA DE CRÉDITO DO CENTRO OESTE DE GOIAS - SICREDI CENTRO OESTE GO;9576038;;;;b3S;2;9;GOIANIA;GO;06/2017;6.813;0;0;19.159;0;25.972;0;0;0;0;0;0;0;0;25.972;0;2.584;28.556;0;4.882;33.439
COOPERATIVA DE ECONOMIA E CRÉDITO MUTUO DOS MEDICOS E DEMAIS PROFISSIONAIS DE NIVEL SUPERIOR DA AREA DE SAUDE DE SALVADOR E REGIAO METROPOLITANA LTDA - SICOOB CREDMED;7440317;;;;b3S;2;9;SALVADOR;BA;06/2017;7.925;0;0;12.451;40;20.416;0;0;0;0;0;0;0;0;20.416;0;1.940;22.356;0;11.069;33.425
COOPERATIVA DE CRÉDITO RURAL DE SÃO MIGUEL DO OESTE - SULCREDI/SÃO MIGUEL;8253539;;;;b3S;2;9;SAO MIGUEL D'OESTE;SC;06/2017;1.148;0;0;22.547;0;23.695;0;0;0;0;0;0;0;3.340;27.035;0;2.240;29.275;0;4.004;33.279
COOPERATIVA DE CREDITO RURAL COM INTERACAO SOLIDARIA DE FORMOSA DO SUL-CRESOL FORMOSA;5269976;;;;b3S;2;9;FORMOSA DO SUL;SC;06/2017;1.803;0;0;12.783;0;14.586;0;0;0;0;0;0;0;0;14.586;0;13.273;27.860;0;5.376;33.235
CREDSEF - COOPERATIVA DE ECONOMIA E CRÉDITO MÚTUO DOS SERVIDORES DA SECRETARIA DE FAZENDA DO DISTRITO FEDERAL;3603683;;;;b3S;2;9;BRASILIA;DF;06/2017;271;0;0;19.548;271;20.090;0;0;0;0;0;0;0;2.896;22.986;0;1.178;24.164;0;9.016;33.180
COOPERATIVA DE CRÉDITO DE LIVRE ADMISSÃO DE SÃO FRANCISCO DE SALES LTDA.- SICOOB CREDICOOPERTRIL;1374196;;;;b3S;2;9;SAO FRANCISCO DE SALES;MG;06/2017;4.486;0;0;11.998;0;16.484;0;0;0;0;0;0;0;0;16.484;0;6.619;23.102;0;9.763;32.865
COOPERATIVA DE CREDITO RURAL COM INTERACAO SOLIDARIA DE CORONEL MARTINS-CRESOL PEDRA BRANCA;5070112;;;;b3S;2;9;CORONEL MARTINS;SC;06/2017;1.757;0;0;7.718;0;9.474;0;0;0;0;0;0;0;0;9.474;0;16.053;25.528;0;7.272;32.800
COOPERATIVA DE CRÉDITO RURAL COM INTERAÇÃO SOLIDÁRIA DO NOROESTE CAPIXABA   CRESOL NOROESTE CAPIXABA;7475376;;;;b3S;2;9;COLATINA;ES;06/2017;2.132;0;0;8.181;0;10.313;0;0;0;0;0;0;0;12;10.325;0;18.718;29.043;0;3.747;32.790
COOPERATIVA DE CRÉDITO RURAL COM INTERAÇÃO SOLIDÁRIA DE PRUDENTÓPOLIS - CRESOL PRUDENTÓPOLIS;6126780;;;;b3S;2;9;PRUDENTOPOLIS;PR;06/2017;3.296;0;0;9.417;0;12.713;0;0;0;0;0;0;0;0;12.713;0;16.906;29.619;0;3.137;32.756
COOPERATIVA DE CRÉDITO DE LIVRE ADMISSÃO DE MICRO REGIÕES DE GOIÂNIA E ADJACENTES LTDA.;1601342;;;;b3S;2;9;GOIANIA;GO;06/2017;6.362;0;0;12.692;0;19.054;0;0;0;0;0;0;0;261;19.315;0;981;20.296;0;12.295;32.591
UM INVESTIMENTOS S/A CORRETORA DE TITULOS E VALORES MOBILIARIOS;33968066;;;82561;n2;2;15;RIO DE JANEIRO;RJ;06/2017;0;0;0;0;0;0;0;0;0;0;0;0;0;0;0;0;22.149;22.149;0;10.362;32.511
COOPERATIVA DE CRÉDITO DE LIVRE ADMISSÃO DO SUDOESTE RONDONIENSE LTDA. - CREDISIS ROLIMCREDI;3985375;;;;b3S;2;9;ROLIM DE MOURA;RO;06/2017;8.613;0;0;12.665;0;21.278;0;0;0;0;0;0;0;0;21.278;0;1.677;22.955;0;9.411;32.366
COOPERATIVA DE ECONOMIA E CRÉDITO MÚTUO DOS SERVIDORES PÚBLICOS FEDERAIS DE UBERLÂNDIA LTDA.;65308447;;;;b3S;2;9;UBERLANDIA;MG;06/2017;2.447;0;0;4.363;0;6.810;0;0;0;0;0;0;0;5.780;12.591;0;1.573;14.164;0;17.863;32.027
COOPERATIVA DE CRÉDITO DE LIVRE ADMISSÃO DE PIRACANJUBA LTDA;5222094;;;;b3S;2;9;PIRACANJUBA;GO;06/2017;7.400;0;0;5.646;0;13.045;0;0;0;0;0;0;0;0;13.045;0;7.627;20.672;0;11.284;31.956
COOPERATIVA DE ECONOMIA E CRÉDITO MÚTUO DOS EMPREGADOS DO GRUPO FEMSA BRASIL;43488782;;;;b3S;2;9;SAO PAULO;SP;06/2017;0;0;0;0;0;0;0;0;0;0;0;0;0;0;0;0;4.619;4.619;0;27.074;31.693
COOPERATIVA DE ECONOMIA E CRÉDITO MÚTUO DOS EMPREGADOS DAS INSTITUIÇÕES DE ENSINO SUPERIOR DO SUL DE MINAS LTDA. - CREDFENAS;2414044;;;;b3S;2;9;ALFENAS;MG;06/2017;2.898;0;0;24.464;921;28.282;0;0;0;0;0;0;0;0;28.282;0;510;28.792;0;2.819;31.611
SOLIDUS S.A. CORRETORA DE CAMBIO E VALORES MOBILIARIOS;68757681;;;82640;n2;2;15;PORTO ALEGRE;RS;06/2017;0;0;0;0;0;0;0;0;0;0;0;0;0;0;0;0;19.178;19.178;0;12.026;31.204
COOPERATIVA DE CRÉDITO DOS PROFISSIONAIS DA SAÚDE, DA EDUCAÇÃO, PEQUENOS EMPRESÁRIOS, MICROEMPRESÁRIOS E MICROEMPREENDEDORES DO NORTE PAULISTA - SICOOB UNIMAIS NORTE PAULISTA;2250781;;;;b3S;2;9;BEBEDOURO;SP;06/2017;5.023;0;0;19.767;5;24.794;0;0;0;0;0;0;0;478;25.273;0;1.202;26.475;0;4.665;31.140
COOPERATIVA DE CRÉDITO DE GUAPÉ LTDA - SICOOB CREDIGUAPÉ;71009237;;;;b3S;2;9;GUAPE;MG;06/2017;3.651;0;0;11.141;0;14.792;0;0;0;0;0;0;0;0;14.792;0;9.969;24.761;0;6.343;31.104
COOPERATIVA DE ECONOMIA E CREDITO MUTUO DOS SERVIDORES PÚBLICOS ESTADUAIS DO RIO GRANDE DO SUL EM PORTO ALEGRE E GRANDE PORTO ALEGRE;3973814;;;;b3S;2;9;PORTO ALEGRE;RS;06/2017;1.281;0;0;16.475;0;17.756;0;0;0;0;0;0;0;0;17.756;0;1.147;18.904;0;12.010;30.914
COOPERATIVA DE CRÉDITO DE LIVRE ADMISSÃO DE ASSOCIADOS DE DORES DO INDAIÁ LTDA - COOPCREDI;2254376;;;;b3S;2;9;DORES DO INDAIA;MG;06/2017;2.917;0;0;18.755;0;21.672;0;0;0;0;0;0;0;0;21.672;0;927;22.599;0;8.113;30.712
COOPERATIVA DE ECONOMIA E CRÉDITO MÚTUO DOS METALÚRGICOS DA GRANDE SÃO PAULO - SICOOB METALCRED;4833655;;;;b3S;2;9;SAO PAULO;SP;06/2017;2.005;0;0;4.602;0;6.607;0;0;0;0;0;0;0;0;6.607;0;2.079;8.686;0;22.009;30.695
COOPERATIVA DE CRÉDITO MÚTUO DOS SERVIDORES PÚBLICOS MUNICIPAIS DE SÃO BERNARDO DO CAMPO - CREDIABC;3612679;;;;b3S;2;9;SAO BERNARDO DO CAMPO;SP;06/2017;0;0;0;3.924;0;3.924;0;0;0;0;0;0;0;3.498;7.422;0;935;8.357;0;22.173;30.530
COOPERATIVA DE CRÉDITO RURAL COM INTERAÇÃO SOLIDÁRIA NOROESTE - CRESOL NOROESTE;11453724;;;;b3S;2;9;ALTO PARANA;PR;06/2017;2.133;0;0;7.774;0;9.908;0;0;0;0;0;0;0;0;9.908;0;16.909;26.816;0;3.683;30.499
COOPERATIVA DE CRÉDITO RURAL COM INTERAÇÃO SOLIDÁRIA DE CAPÃO BONITO - CRESOL CAPÃO BONITO;9476168;;;;b3S;2;9;CAPAO BONITO;SP;06/2017;1.225;0;0;20.100;0;21.324;0;0;0;0;0;0;0;0;21.324;0;6.177;27.501;0;2.995;30.496
COOPERATIVA DE CREDITO RURAL COM INTERACAO SOLIDARIA DE DIONISIO CERQUEIRA-CRESOL DIONÍSIO CERQUEIRA;2844024;;;;b3S;2;9;DIONISIO CERQUEIRA;SC;06/2017;1.493;0;0;8.319;0;9.813;0;0;0;0;0;0;0;0;9.813;0;14.782;24.594;0;5.594;30.188
SICREDI CRATEÚS - COOPERATIVA DE CRÉDITO DE PEQUENOS EMPRESÁRIOS, MICROEMPRESÁRIOS E MICROEMPREENDEDORES DA REGIÃO DE CRATEÚS;68389;;;;b3S;2;9;CRATEUS;CE;06/2017;2.611;0;0;16.953;15;19.579;0;0;0;0;0;0;0;0;19.579;0;888;20.466;0;9.633;30.099
BANCO PORTO REAL DE INVESTIMENTOS S.A;40429946;;;81359;b2;2;13;PORTO REAL;RJ;06/2017;0;0;0;120;0;120;0;0;0;0;0;0;0;0;120;0;595;715;0;29.342;30.057
COOPERATIVA DE ECONOMIA E CRÉDITO MÚTUO DOS FUNCIONÁRIOS DA ASSOCIAÇÃO CONGREGAÇÃO DE SANTA CATARINA;65560658;;;;b3S;2;9;SAO PAULO;SP;06/2017;0;0;0;1.219;0;1.219;0;0;0;0;0;0;0;0;1.219;0;646;1.865;0;28.140;30.005
COOPERATIVA DE CREDITO RURAL COM INTERACAO SOLIDARIA DE AMPERE - CRESOL AMPERE;3066193;;;;b3S;2;9;AMPERE;PR;06/2017;944;0;0;6.501;0;7.445;0;0;0;0;0;0;0;0;7.445;0;17.810;25.254;0;4.658;29.912
OURINVEST DISTRIBUIDORA DE TÍTULOS E VALORES MOBILIÁRIOS S.A.;997804;OURINVEST;51901;81012;n2;2;16;SAO PAULO;SP;06/2017;0;0;0;0;0;0;6.023;0;0;0;0;0;0;0;6.023;0;6.848;12.871;0;16.994;29.865
COOPERATIVA DE ECONOMIA E CRÉDITO MÚTUO DOS ADVOGADOS DO RIO GRANDE DO SUL - SICREDI COOABCRED/RS;19962468;;;;b3S;2;9;PORTO ALEGRE;RS;06/2017;2.462;0;0;24.623;0;27.086;0;0;0;0;0;0;0;8;27.093;0;1.276;28.370;0;1.401;29.771
COOPERATIVA DE CREDITO RURAL COM INTERACAO SOLIDARIA DE VIRMOND - CRESOL VIRMOND;4663561;;;;b3S;2;9;VIRMOND;PR;06/2017;1.843;0;0;6.963;0;8.806;0;0;0;0;0;0;0;0;8.806;0;16.110;24.917;0;4.819;29.735
COOPERATIVA DE CRÉDITO RURAL COM INTERAÇÃO SOLIDÁRIA DE ALFREDO WAGNER - CRESOL ALFREDO WAGNER;5494591;;;;b3S;2;9;ALFREDO WAGNER;SC;06/2017;2.448;0;0;10.736;0;13.184;0;0;0;0;0;0;0;0;13.184;0;9.751;22.934;0;6.761;29.695
MUNDINVEST S.A.-CORRETORA DE CAMBIO E VALORES MOBILIARIOS;25674235;;;82774;n2;2;15;BELO HORIZONTE;MG;06/2017;0;0;0;0;0;0;0;0;0;0;0;0;0;0;0;0;3.950;3.950;0;25.598;29.548
COOPERATIVA DE CRÉDITO RURAL COM INTERAÇÃO SOLIDÁRIA DE UNIÃO DOS PLANALTOS - CRESOL UNIÃO DOS PLANALTOS;8597482;;;;b3S;2;9;LAPA;PR;06/2017;1.756;0;0;7.454;0;9.210;0;0;0;0;0;0;0;0;9.210;0;16.770;25.980;0;3.365;29.345
COOPERATIVA DE CRÉDITO RURAL COM INTERAÇÃO SOLIDÁRIA DE TANGARÁ - CRESOL TANGARÁ;7946451;;;;b3S;2;9;TANGARA;SC;06/2017;1.712;0;0;16.901;0;18.612;0;0;0;0;0;0;0;0;18.612;0;6.404;25.016;0;4.268;29.284
GLOBAL EXCHANGE DO BRASIL SOCIEDADE CORRETORA DE CÂMBIO LTDA.;21040668;;;84435;n2;3;21;RIO DE JANEIRO;RJ;06/2017;0;0;0;0;0;0;0;0;0;0;0;0;0;0;0;0;1.906;1.906;0;27.296;29.202
COOPERATIVA DE ECONOMIA E CRÉDITO MÚTUO DOS EMPRESÁRIOS DE AMERICANA, LIMEIRA E REGIÃO - SICOOB ACICRED;9579249;;;;b3S;2;9;AMERICANA;SP;06/2017;5.746;0;0;17.589;0;23.335;0;0;0;0;0;0;0;0;23.335;0;767;24.102;0;5.074;29.177
COOPERATIVA DE CRÉDITO DE LIVRE ADMISSÃO DE JATAÍ E REGIÃO LTDA.;10143499;;;;b3S;2;9;JATAI;GO;06/2017;8.831;0;0;11.580;0;20.411;0;0;0;0;0;0;0;0;20.411;0;619;21.030;0;7.990;29.019
COOPERÁGUIA - COOPERATIVA DE ECONOMIA E CRÉDITO MÚTUO DOS EMPREGADOS DO GRUPO ÁGUIA BRANCA;27171974;;;;b3S;2;9;CARIACICA;ES;06/2017;0;0;0;0;0;0;0;0;0;0;0;0;0;0;0;0;3.386;3.386;0;25.401;28.787
COOPERATIVA DE CREDITO RURAL COM INTERACAO SOLIDARIA DE SANTO ANTONIO DO SUDOESTE - CRESOL SANTO ANTONIO DO SUDOESTE;4649750;;;;b3S;2;9;SANTO ANTONIO DO SUDOESTE;PR;06/2017;905;0;0;3.772;0;4.678;0;0;0;0;0;0;0;1.982;6.660;0;17.225;23.885;0;4.766;28.651
COOPERATIVA DE CRÉDITO DE LIVRE ADMISSÃO DA GRANDE GOIÂNIA LTDA.;10209619;;;;b3S;2;9;GOIANIA;GO;06/2017;5.168;0;0;10.664;0;15.832;0;0;0;0;0;0;0;0;15.832;0;626;16.458;0;12.174;28.632
COOPERATIVA DE ECONOMIA E CRÉDITO MÚTUO DE LIVRE ADMISSÃO DE ARARAQUARA E REGIÃO - SICOOB;53236808;;;;b3S;2;9;ARARAQUARA;SP;06/2017;5.985;0;0;15.880;240;22.105;0;0;0;0;0;0;0;0;22.105;0;906;23.010;0;5.551;28.561
COOPERATIVA DE CRÉDITO DE LIVRE ADMISSÃO DE MANAUS   SICOOB MANAUS;5580585;;;;b3S;2;9;MANAUS;AM;06/2017;5.240;0;0;19.818;0;25.058;0;0;0;0;0;0;0;0;25.058;0;670;25.728;0;2.826;28.554
COOPERATIVA DE ECONOMIA E CRÉDITO MÚTUO DOS EMPREGADOS DA COOP - COOPERATIVA DE CONSUMO E DOS EMPREGADOS DO SUPER MERCADO ZONA SUL S/A;47074323;;;;b3S;2;9;SANTO ANDRE;SP;06/2017;2.143;0;0;4.888;33;7.064;0;0;0;0;0;0;0;6.012;13.076;0;1.366;14.443;0;13.997;28.439
COOPERATIVA DE ECONOMIA E CRÉDITO MÚTUO DOS MÉDICOS E DEMAIS PROFISSIONAIS DA SAÚDE DE TEÓFILO OTONI LTDA.;1709266;;;;b3S;2;9;TEOFILO OTONI;MG;06/2017;3.307;0;0;17.486;0;20.793;0;0;0;0;0;0;0;0;20.793;0;1.454;22.247;0;6.129;28.376
MERCANTIL DO BRASIL CORRETORA S.A. - CÂMBIO, TÍTULOS E VALORES MOBILIÁRIOS;16683062;MERCANTIL DO BRASIL;20152;80123;n2;2;15;BELO HORIZONTE;MG;06/2017;0;0;0;0;0;0;0;0;0;0;0;0;0;0;0;0;3.278;3.278;0;24.923;28.201
COOPERATIVA DE CRÉDITO RURAL ALTO RIO GRANDE LTDA. - SICOOB CREDIGRANDE;25626490;;;;b3S;2;9;LAVRAS;MG;06/2017;4.775;0;0;11.399;0;16.174;0;0;0;0;0;0;0;1.543;17.717;0;5.087;22.804;0;5.301;28.105
CREDITÁ S/A CRÉDITO, FINANCIAMENTO E INVESTIMENTO;12599971;;;83687;n1;2;14;PORTO ALEGRE;RS;06/2017;0;0;0;3.328;0;3.328;0;0;0;0;0;10.842;10.842;0;14.171;0;167;14.337;0;13.461;27.798
COOPERATIVA DE CRÉDITO DE LIVRE ADMISSÃO DO CIRCUITO DAS MALHAS LTDA. - SICOOB CREDMALHAS;3941182;;;;b3S;2;9;MONTE SIAO;MG;06/2017;4.466;0;0;15.529;0;19.995;0;0;0;0;0;0;0;0;19.995;0;1.573;21.569;0;6.205;27.774
MICROINVEST S.A. SOCIEDADE DE CRÉDITO A MICROEMPREENDEDOR;5076239;ITAU;10069;80099;n1;2;10;SAO PAULO;SP;06/2017;0;0;6.658;0;0;6.658;0;0;0;0;0;0;0;0;6.658;0;2.469;9.127;0;18.473;27.599
COOPERATIVA DE CRÉDITO RURAL ASCOOB ITAPICURU;3921543;;;;b3S;2;9;SANTALUZ;BA;06/2017;3.125;0;0;19.444;0;22.569;0;0;0;0;0;0;0;720;23.289;0;644;23.933;0;3.642;27.575
COOPERATIVA DE ECONOMIA E CRÉDITO MÚTUO DOS FUNCIONÁRIOS DA ERICSSON;48718183;;;;b3S;2;9;SAO PAULO;SP;06/2017;0;0;0;0;0;0;0;0;0;0;0;0;0;0;0;0;740;740;0;26.750;27.489
COOPERATIVA DE CRÉDITO MÚTUO DOS CORRETORES DE SEGUROS DO ESTADO DE SÃO PAULO - SICOOB CREDICOR/SP;8030602;;;;b3S;2;9;SAO PAULO;SP;06/2017;7.990;0;0;14.127;4;22.120;0;0;0;0;0;0;0;0;22.120;0;461;22.581;0;4.798;27.379
COOPERATIVA DE CRÉDITO RURAL COM INTERAÇÃO SOLIDÁRIA DE ENÉAS MARQUES - CRESOL ENÉAS MARQUES;8812388;;;;b3S;2;9;ENEAS MARQUES;PR;06/2017;1.092;0;0;3.821;0;4.913;0;0;0;0;0;0;0;0;4.913;0;17.778;22.691;0;4.550;27.241
SICREDI COOMAMP - COOPERATIVA DE CRÉDITO DOS MEMBROS DE INSTITUIÇÕES PÚBLICAS DAS CARREIRAS JURÍDICAS E DOS SERVIDORES PÚBLICOS FEDERAIS, ESTADUAIS E MUNICIPAIS EM SÃO LUÍS/MA E MUNICÍPIOS CIRCUNVIZIN;5545390;;;;b3S;2;9;SAO LUIS;MA;06/2017;1.594;0;0;9.964;118;11.675;0;0;0;0;0;0;0;4.511;16.187;0;693;16.879;0;10.333;27.212
COOPERATIVA DE CRÉDITO RURAL COM INTERAÇÃO SOLIDÁRIA DE CAPANEMA - CRESOL CAPANEMA;1201006;;;;b3S;2;9;CAPANEMA;PR;06/2017;861;0;0;6.417;0;7.278;0;0;0;0;0;0;0;0;7.278;0;15.902;23.180;0;3.945;27.125
COOPERATIVA DE ECONOMIA E CRÉDITO MÚTUO DOS CONTABILISTAS E CORRETORES DE SEGUROS DA GRANDE BELO HORIZONTE LTDA. - SICOOB CREDITABIL;2217068;;;;b3S;2;9;BELO HORIZONTE;MG;06/2017;4.859;0;0;15.309;0;20.168;0;0;0;0;0;0;0;0;20.168;0;740;20.908;0;6.206;27.114
COOPERATIVA DE CRÉDITO DE LIVRE ADMISSÃO DE ARCOS LTDA. - SICOOB ARCOMCREDI;71230338;;;;b3S;2;9;ARCOS;MG;06/2017;4.849;0;0;15.869;0;20.718;0;0;0;0;0;0;0;0;20.718;0;803;21.522;0;5.540;27.062
NOVINVEST CORRETORA DE VALORES MOBILIARIOS LTDA.;43060029;;;82808;n2;2;15;SAO PAULO;SP;06/2017;0;0;0;0;0;0;0;0;0;0;0;0;0;0;0;1.498;15.754;17.253;0;9.646;26.898
COOPERATIVA DE ECONOMIA E CRÉDITO MÚTUO DOS SERVIDORES PÚBLICOS FEDERAIS DO MUNICÍPIO DE UBERABA E SUAS FUNDAÇÕES - SICOOB - CREDIMED LTDA.;71336432;;;;b3S;2;9;UBERABA;MG;06/2017;1.310;0;0;17.619;314;19.243;0;0;0;0;0;0;0;0;19.243;0;519;19.762;0;7.111;26.873
BANCO INDUSCRED DE INVESTIMENTO S.A.;33588252;;;81342;b2;2;13;SAO PAULO;SP;06/2017;0;0;0;4.967;0;4.967;0;0;0;0;0;0;0;0;4.967;0;80;5.047;0;21.815;26.862
COOPERATIVA DE CREDITO RURAL COM INTERACAO SOLIDARIA DE PLANALTO - CRESOL PLANALTO;4225119;;;;b3S;2;9;PLANALTO;PR;06/2017;1.013;0;0;5.421;0;6.433;0;0;0;0;0;0;0;0;6.433;0;16.176;22.609;0;4.182;26.791
COOPERUFPA  - COOPERATIVA DE ECONOMIA E CRÉDITO MÚTUO DOS SERVIDORES PÚBLICOS FEDERAIS E ESTADUAIS E DAS ENTIDADES DE ENSINO COM SEUS RESPECTIVOS FUNCIONÁRIOS NO ESTADO DO PARÁ;83325811;;;;b3S;2;9;BELEM;PA;06/2017;0;0;0;2.146;0;2.146;0;0;0;0;0;0;0;0;2.146;0;4.832;6.978;0;19.804;26.782
COOPERATIVA DE CRÉDITO E INVESTIMENTOS DO ACRE - SICOOB ACRE;3528402;;;;b3S;2;9;RIO BRANCO;AC;06/2017;3.365;0;0;2.327;0;5.692;0;0;0;0;0;0;0;6.549;12.242;0;1.325;13.566;0;13.189;26.755
COOPERATIVA DE ECONOMIA E CRÉDITO MÚTUO DOS FUNCIONÁRIOS DA ABRIL;43438662;;;;b3S;2;9;SAO PAULO;SP;06/2017;0;0;0;0;0;0;0;0;0;0;0;0;0;0;0;0;1.172;1.172;0;25.480;26.652
H.COMMCOR DISTRIBUIDORA DE TÍTULOS E VALORES MOBILIÁRIOS LTDA.;1788147;;;84222;n2;2;16;SAO PAULO;SP;06/2017;0;0;0;0;0;0;0;0;0;0;0;0;0;0;0;0;15.554;15.554;0;11.064;26.618
COOPERATIVA DE ECONOMIA E CRÉDITO MÚTUO DOS EMPRESÁRIOS DE PRAIA GRANDE E REGIÃO - SICOOB COOPERACE;9639338;;;;b3S;2;9;PRAIA GRANDE;SP;06/2017;6.412;0;0;13.072;0;19.484;0;0;0;0;0;0;0;0;19.484;0;564;20.047;0;6.460;26.507
SLW CORRETORA DE VALORES E CÂMBIO LTDA.;50657675;;;82815;n2;2;15;SAO PAULO;SP;06/2017;0;0;0;0;0;0;0;0;0;0;0;0;0;0;0;0;24.349;24.349;0;2.146;26.495
COOPERATIVA DE CREDITO RURAL COM INTERACAO SOLIDARIA DE PORTO XAVIER-CRESOL PORTO XAVIER;5442759;;;;b3S;2;9;PORTO XAVIER;RS;06/2017;1.224;0;0;8.040;0;9.264;0;0;0;0;0;0;0;0;9.264;0;12.505;21.769;0;4.596;26.364
COOPERATIVA DE CRÉDITO RURAL DE NOVA BRASILÂNDIA D'OESTE LTDA.;5597773;;;;b3S;2;9;NOVA BRASILANDIA;RO;06/2017;4.447;0;0;12.424;0;16.870;0;0;0;0;0;0;0;0;16.870;0;1.209;18.079;0;8.279;26.358
COOPERATIVA DE ECONOMIA E CRÉDITO MÚTUO DOS MAGISTRADOS, MEMBROS DO MINISTÉRIO PÚBLICO, DEFENSORES PÚBLICOS E SERVIDORES DO PODER JUDICIÁRIO NO ESTADO DO CEARÁ - SICREDI COOPERJURIS;8041950;;;;b3S;2;9;FORTALEZA;CE;06/2017;309;0;0;14.078;12;14.399;0;0;0;0;0;0;0;4.948;19.347;0;837;20.184;0;5.979;26.163
COOPERATIVA DE ECONOMIA E CRÉDITO MÚTUO DAS FORÇAS ARMADAS, DO CORPO DE BOMBEIROS E POLÍCIA MILITAR DO DISTRITO FEDERAL LTDA. - SICOOB CABECRED;4649337;;;;b3S;2;9;BRASILIA;DF;06/2017;1.196;0;0;2.321;1;3.518;0;0;0;0;0;0;0;16.246;19.764;0;571;20.335;0;5.823;26.158
COOPERATIVA DE CREDITO RURAL COM INTERACAO SOLIDARIA DE PRANCHITA - CRESOL PRANCHITA;3190530;;;;b3S;2;9;PRANCHITA;PR;06/2017;929;0;0;4.905;0;5.833;0;0;0;0;0;0;0;0;5.833;0;16.206;22.039;0;3.881;25.920
COOPERATIVA DE ECONOMIA E CRÉDITO MÚTUO DA ALIANÇA DOS MÉDICOS E DEMAIS PROFISSIONAIS DA ÁREA DE SAÚDE DA REGIÃO NOROESTE PAULISTA - GRANCRED NOROESTE PAULISTA;3149086;;;;b3S;2;9;VOTUPORANGA;SP;06/2017;3.130;0;0;20.447;286;23.863;0;0;0;0;0;0;0;0;23.863;0;299;24.163;0;1.726;25.889
COOPERATIVA DE CRÉDITO DE LIVRE ADMISSÃO DE PIMENTA LTDA. - SICOOB CREDIPIMENTA;42934794;;;;b3S;2;9;PIMENTA;MG;06/2017;4.414;0;0;13.364;0;17.778;0;0;0;0;0;0;0;0;17.778;0;2.216;19.995;0;5.772;25.767
COOPERATIVA DE ECONOMIA E CREDITO MUTUO DOS POLICIAIS FEDERAIS DO RIO GRANDE DO SUL - SICREDI POL RS;3000142;;;;b3S;2;9;PORTO ALEGRE;RS;06/2017;2.206;0;0;18.451;220;20.877;0;0;0;0;0;0;0;227;21.104;0;1.547;22.651;0;3.088;25.740
COOPERATIVA DE CREDITO DOS SERVIDORES DA UNIAO NO NORDESTE - SICOOB CENTRO NORDESTE;3102185;;;;b3S;2;9;JOAO PESSOA;PB;06/2017;3.232;0;0;7.765;0;10.997;0;0;0;0;0;0;0;839;11.836;0;1.759;13.595;0;12.091;25.686
COOPERATIVA DE CRÉDITO RURAL COM INTERAÇÃO SOLIDÁRIA DE ESTRADA DE FERRO - CRESOL ESTRADA DE FERRO;4490531;;;;b3S;2;9;ORIZONA;GO;06/2017;2.225;0;0;5.712;0;7.937;0;0;0;0;0;0;0;0;7.937;0;10.686;18.623;0;6.994;25.617
COOPERATIVA DE CRÉDITO DOS MÉDICOS, DEMAIS PROFISSIONAIS DE SAÚDE E DOS EMPRESÁRIOS DA REGIÃO DO SUL DO MARANHÃO - SICREDI SUL DO MARANHÃO;26191078;;;;b3S;2;9;IMPERATRIZ;MA;06/2017;5.801;0;0;16.608;0;22.409;0;0;0;0;0;0;0;0;22.409;0;551;22.960;0;2.628;25.588
COOPERATIVA DE CRÉDITO MÚTUO DOS PROFESSORES E FUNCIONÁRIOS DA UNIVERSIDADE DE CAXIAS DO SUL - SICREDI COOPERUCS;4525997;;;;b3S;2;9;CAXIAS DO SUL;RS;06/2017;1.667;0;0;14.738;583;16.987;0;0;0;0;0;0;0;344;17.331;0;1.994;19.325;0;6.226;25.551
COOPERATIVA DE CRÉDITO RURAL COM INTERAÇÃO SOLIDÁRIA DE ÁUREA - CRESOL ÁUREA;2904138;;;;b3S;2;9;AUREA;RS;06/2017;1.151;0;0;11.190;0;12.341;0;0;0;0;0;0;0;0;12.341;0;9.279;21.620;0;3.858;25.478
F.D'GOLD - DISTRIBUIDORA DE TÍTULOS E VALORES MOBILIÁRIOS LTDA.;8673569;;;83993;n2;2;16;SAO PAULO;SP;06/2017;0;0;0;0;0;0;0;0;0;0;0;0;0;0;0;0;18.245;18.245;0;7.213;25.458
COOPERATIVA DE CRÉDITO RURAL HORIZONTES NOVOS DE IBIRAIARAS LTDA - CREHNOR NORDESTE;6139650;;;;b3S;2;9;IBIRAIARAS;RS;06/2017;2.241;0;0;11.783;0;14.023;0;0;0;0;0;0;0;94;14.117;0;6.263;20.380;0;4.997;25.377
COOPERATIVA DE ECONOMIA E CRÉDITO MÚTUO DOS EMPREGADOS DA CENTRAIS ELÉTRICAS DE SANTA CATARINA - CREDELESC;8850613;;;;b3S;2;9;FLORIANOPOLIS;SC;06/2017;3.341;0;0;17.634;0;20.976;0;0;0;0;0;0;0;0;20.976;0;441;21.417;0;3.728;25.146
COBANSA COMPANHIA HIPOTECARIA;53263331;;;81878;n1;2;29;SAO PAULO;SP;06/2017;0;0;0;0;0;0;0;0;0;0;0;0;0;4.342;4.342;0;11.448;15.790;2.227;6.853;24.870
COOPERATIVA DE ECONOMIA E CRÉDITO MÚTUO DOS FUNCIONÁRIOS DA FUNDACAO ZERBINI - COOPINCOR;1997612;;;;b3S;2;9;SAO PAULO;SP;06/2017;0;0;0;0;0;0;0;0;0;0;0;0;0;0;0;0;698;698;0;24.054;24.752
MAGLIANO S.A. CORRETORA DE CAMBIO E VALORES MOBILIARIOS;61723847;;;82839;n2;2;15;SAO PAULO;SP;06/2017;0;0;0;0;0;0;0;0;0;0;0;0;0;0;0;0;9.244;9.244;0;15.485;24.730
BANCO VIPAL S.A.;9526594;;;81531;b2;2;8;PORTO ALEGRE;RS;06/2017;0;0;0;7.750;0;7.750;0;0;0;0;0;0;0;0;7.750;0;578;8.328;0;16.254;24.582
COOPERATIVA DE CRÉDITO RURAL COM INTERAÇÃO SOLIDÁRIA DE POUSO REDONDO - CRESOL POUSO REDONDO;10453077;;;;b3S;2;9;POUSO REDONDO;SC;06/2017;1.657;0;0;14.154;0;15.812;0;0;0;0;0;0;0;0;15.812;0;4.687;20.499;0;4.030;24.529
JGP DISTRIBUIDORA DE TÍTULOS E VALORES MOBILIÁRIOS LTDA.;14035129;;;84284;n2;2;16;RIO DE JANEIRO;RJ;06/2017;0;0;0;0;0;0;0;0;0;0;0;0;0;0;0;0;13.425;13.425;0;11.015;24.439
COOPERATIVA DE CRÉDITO DOS CORRETORES E DEMAIS TÉCNICOS DE SEGUROS DO ESTADO DE SANTA CATARINA, E EMPRESÁRIOS DE BLUMENAU - SICOOB CREDICOR-SC;2295034;;;;b3S;2;9;BLUMENAU;SC;06/2017;7.162;0;0;12.924;37;20.123;0;0;0;0;0;0;0;178;20.301;0;527;20.828;0;3.112;23.941
COOPERATIVA DE CRÉDITO RURAL COM INTERAÇÃO SOLIDÁRIA DE XANXERÊ - CRESOL XANXERÊ;7509426;;;;b3S;2;9;XANXERE;SC;06/2017;1.804;0;0;10.102;0;11.906;0;0;0;0;0;0;0;0;11.906;0;8.254;20.160;0;3.638;23.798
COOPERATIVA DE CREDITO RURAL COM INTERACAO SOLIDARIA DE SANTA IZABEL DO OESTE - CRESOL SANTA IZABEL DO OESTE;5276770;;;;b3S;2;9;SANTA IZABEL DO OESTE;PR;06/2017;722;0;0;3.728;0;4.450;0;0;0;0;0;0;0;0;4.450;0;14.441;18.891;0;4.770;23.661
COOPERATIVA DE ECONOMIA E CRÉDITO MÚTUO DOS FUNCIONÁRIOS DA CARGILL;68228006;;;;b3S;2;9;SAO PAULO;SP;06/2017;3.267;0;0;0;0;3.267;0;0;0;0;0;0;0;0;3.267;0;1.205;4.472;0;19.047;23.519
DIBRAN DISTRIBUIDORA DE TÍTULOS E VALORES MOBILIÁRIOS LTDA.;62280490;;;83845;n2;2;16;SAO PAULO;SP;06/2017;0;0;0;0;0;0;0;0;0;0;0;0;0;0;0;0;2.080;2.080;0;21.203;23.283
COOPERATIVA DE CRÉDITO RURAL COM INTERAÇÃO SOLIDÁRIA DE APIÚNA - CRESOL APIÚNA;7215632;;;;b3S;2;9;APIUNA;SC;06/2017;1.951;0;0;13.297;0;15.248;0;0;0;0;0;0;0;0;15.248;0;4.275;19.523;0;3.645;23.168
AGÊNCIA DE FOMENTO DO ESTADO DO TOCANTINS S.A.;5474540;;;81122;n1;1;30;PALMAS;TO;06/2017;0;0;0;0;0;0;0;0;0;0;0;0;0;12;12;0;518;530;0;22.500;23.030
COOPERATIVA DE CRÉDITO MÚTUO DOS SERVIDORES DO MINISTERIO DA EDUCAÇÃO EM SÃO PAULO - COOPEMESP;73092827;;;;b3S;2;9;SAO PAULO;SP;06/2017;1.218;0;0;4.792;0;6.010;0;0;0;0;0;0;0;0;6.010;0;393;6.403;0;16.606;23.009
COOPERATIVA DE ECONOMIA E CREDITO MUTUO  DOS CORRETORES DE SEGUROS DE PORTO ALEGRE;2999687;;;;b3S;2;9;PORTO ALEGRE;RS;06/2017;3.142;0;0;13.149;948;17.240;0;0;0;0;0;0;0;0;17.240;0;411;17.650;0;5.296;22.947
S. HAYATA CORRETORA DE CÂMBIO S.A.;67391821;;;81971;n2;2;21;SAO PAULO;SP;06/2017;0;0;0;0;0;0;0;0;0;0;0;0;0;0;0;0;17.154;17.154;0;5.439;22.593
COOPERATIVA DE CRÉDITO RURAL COM INTERAÇÃO SOLIDÁRIA DE TREZE DE MAIO - CRESOL TREZE DE MAIO;9330158;;;;b3S;2;9;TREZE DE MAIO;SC;06/2017;1.159;0;0;16.078;0;17.237;0;0;0;0;0;0;0;0;17.237;0;3.240;20.476;0;2.061;22.537
COOPERATIVA DE CREDITO RURAL COM INTERAÇÃO SOLIDARIA DE REALEZA - CRESOL REALEZA;7076644;;;;b3S;2;9;REALEZA;PR;06/2017;737;0;0;3.241;0;3.978;0;0;0;0;0;0;0;0;3.978;0;13.656;17.635;0;4.685;22.320
GRAZZIOTIN FINANCIADORA S/A - CRÉDITO, FINANCIAMENTO E INVESTIMENTOS;6339468;;;83481;n1;2;14;PASSO FUNDO;RS;06/2017;0;0;0;0;0;0;0;0;0;0;0;694;694;0;694;0;364;1.059;0;20.807;21.866
COOPERATIVA DE ECONOMIA E CREDITO MUTUO DOS EMPREGADOS DE CHOCOLATES GAROTO LTDA. - CREDI-GAROTO;30949267;;;;b3S;2;9;VILA VELHA;ES;06/2017;224;0;0;17.781;0;18.005;0;0;0;0;0;0;0;0;18.005;0;602;18.607;0;3.050;21.657
COOPERATIVA DE CRÉDITO DE LIVRE ADMISSÃO DA REGIÃO DE GUAXUPÉ LTDA. - SICOOB ACICREDI;1699652;;;;b3S;2;9;GUAXUPE;MG;06/2017;4.739;0;0;9.904;0;14.643;0;0;0;0;0;0;0;0;14.643;0;1.497;16.140;0;5.501;21.641
COOPERATIVA DE CREDITO RURAL COM INTERACAO SOLIDARIA DE GUARACIABA-CRESOL GUARACIABA;5400634;;;;b3S;2;9;GUARACIABA;SC;06/2017;884;0;0;11.142;0;12.025;0;0;0;0;0;0;0;0;12.025;0;7.026;19.051;0;2.573;21.624
COOPERATIVA DE ECONOMIA E CRÉDITO MÚTUO DOS EMPRESÁRIOS DE ITAPETININGA - SICOOB CRED-ACI;8844074;;;;b3S;2;9;ITAPETININGA;SP;06/2017;3.366;0;0;13.420;0;16.785;0;0;0;0;0;0;0;0;16.785;0;691;17.476;0;4.036;21.512
COOPERATIVA DE CRÉDITO DOS MAGISTRADOS DO ESTADO DO RIO DE JANEIRO LTDA. - MAGICREDI-RJ;5040680;;;;b3S;2;9;RIO DE JANEIRO;RJ;06/2017;0;0;0;13.612;0;13.612;0;0;0;0;0;0;0;0;13.612;0;427;14.039;0;7.428;21.467
COOPERATIVA DE ECONOMIA E CRÉDITO MÚTUO DOS EMPREGADOS DA CBMM LTDA.;18140913;;;;b3S;2;9;ARAXA;MG;06/2017;0;0;0;0;0;0;0;0;0;0;0;0;0;0;0;0;1.286;1.286;0;19.978;21.264
COOPERATIVA DE CREDITO DE LIVRE ADMISSAO DO VALE DO ARAGUAIA - SICOOB ARAGUAIA;5244177;;;;b3S;2;9;BARRA DO GARCAS;MT;06/2017;5.385;0;0;12.396;0;17.782;0;0;0;0;0;0;0;0;17.782;0;736;18.518;0;2.746;21.263
COOPERATIVA DE ECONOMIA E CRÉDITO MÚTUO DOS MAGISTRADOS E SERVIDORES DO PODER JUDICIÁRIO E ÓRGÃOS JURÍDICOS ESTADUAIS E FEDERAIS NA GRANDE TERESINA - SICOOB JURISCRED/PI;5477038;;;;b3S;2;9;TERESINA;PI;06/2017;4.223;0;0;10.880;36;15.138;0;0;0;0;0;0;0;0;15.138;0;387;15.525;0;5.717;21.243
AMARIL FRANKLIN CORRETORA DE TÍTULOS E VALORES LTDA;17312661;;;82516;n2;2;15;BELO HORIZONTE;MG;06/2017;0;0;0;0;0;0;0;0;0;0;0;0;0;0;0;0;5.898;5.898;0;15.251;21.148
COOPERATIVA DE CRÉDITO RURAL DOS PLANTADORES DE CANA DE ALAGOAS;12272183;;;;b3S;2;9;MACEIO;AL;06/2017;1.376;0;0;0;0;1.376;0;0;0;0;0;0;0;5.088;6.464;0;534;6.997;0;14.142;21.140
COOPERATIVA    DE    ECONOMIA    E    CRÉDITO   MÚTUO  MINUANO;88325113;;;;b3S;2;9;CANOAS;RS;06/2017;0;0;0;5.555;0;5.555;0;0;0;0;0;0;0;0;5.555;0;932;6.487;0;14.558;21.045
COOPERATIVA DE CRÉDITO RURAL DE ALTEROSA LTDA - SICOOB COOPEROSA;71437123;;;;b3S;2;9;ALTEROSA;MG;06/2017;2.678;0;0;8.999;0;11.678;0;0;0;0;0;0;0;521;12.198;0;3.530;15.729;0;5.296;21.025
CCB BRASIL DISTRIBUIDORA DE TÍTULOS E VALORES MOBILIÁRIOS S.A.;69720894;CCB;32119;80295;n2;3;16;SAO PAULO;SP;06/2017;0;0;0;0;0;0;0;0;0;0;0;0;0;0;0;0;640;640;0;20.242;20.882
CIFRA S.A. CRÉDITO, FINANCIAMENTO E INVESTIMENTO;8030215;BMG;30290;80178;n1;2;14;SAO PAULO;SP;06/2017;0;0;0;0;0;0;0;0;0;0;0;0;0;0;0;0;6.882;6.882;0;14.000;20.882
COOPERATIVA DE ECONOMIA E CRÉDITO MÚTUO DOS SECURITARIOS, DOS CORRETORES DE SEGUROS E DE CAPITALIZACAO DO RIO DE JANEIRO LTDA.;3930587;;;;b3S;2;9;RIO DE JANEIRO;RJ;06/2017;5.119;0;0;8.097;47;13.263;0;0;0;0;0;0;0;0;13.263;0;693;13.956;0;6.736;20.692
COOPERATIVA DE CRÉDITO DOS PEQUENOS EMPRESÁRIOS, MICROEMPRESÁRIOS E MICROEMPREENDEDORES DO NORTE DE MINAS LTDA - SICOOB CREDINOSSO;6324872;;;;b3S;2;9;MONTES CLAROS;MG;06/2017;4.511;0;0;8.609;118;13.238;0;0;0;0;0;0;0;1.034;14.272;0;1.036;15.307;0;5.247;20.554
COOPERATIVA ECONOMIA CRÉDITO MÚTUO SERVIDORES E EMPREGADOS MUNIC PREF MUNIC BELO HORIZONTE BETIM BRUMADINHO CONTAGEM IBIRITÉ NOVA LIMA RIBEIRÃO DAS NEVES SABARÁ SANTA LUZIA VESPASIANO SICOOB CREDISERV;1864151;;;;b3S;2;9;BELO HORIZONTE;MG;06/2017;552;0;0;5.765;0;6.316;0;0;0;0;0;0;0;1.678;7.995;0;1.324;9.319;0;11.073;20.392
COOPERATIVA DE ECONOMIA E CRÉDITO MÚTUO DOS SERVIDORES DA UNIVERSIDADE ESTADUAL DE CAMPINAS - COOPERUNICAMP;2285107;;;;b3S;2;9;CAMPINAS;SP;06/2017;0;0;0;0;0;0;0;0;0;0;0;0;0;0;0;0;1.597;1.597;0;18.768;20.365
COOPERATIVA DE CRÉDITO E SERVIÇOS FINANCEIROS DE CURITIBA E REGIÃO METROPOLITANA;5097757;;;;b3S;2;9;CURITIBA;PR;06/2017;197;0;0;10.016;0;10.213;0;0;0;0;0;0;0;0;10.213;0;393;10.606;0;9.730;20.336
HONDA LEASING S.A. - ARRENDAMENTO MERCANTIL;3634239;HONDA;51396;80611;n1;3;19;SAO PAULO;SP;06/2017;0;0;0;0;0;0;0;0;0;0;0;0;0;0;0;0;1.074;1.074;0;19.240;20.314
COOPERATIVA DE ECONOMIA E CRÉDITO MÚTUO DOS PETROLEIROS NO ESTADO DE MINAS GERAIS LTDA. - COPETRO;26758433;;;;b3S;2;9;BELO HORIZONTE;MG;06/2017;0;0;0;0;0;0;0;0;0;0;0;0;0;0;0;0;662;662;0;19.528;20.190
COOPERATIVA DE CREDITO RURAL COM INTERACAO SOLIDARIA DE IPUMIRIM - CRESOL IPUMIRIM;5427501;;;;b3S;2;9;IPUMIRIM;SC;06/2017;709;0;0;8.856;0;9.565;0;0;0;0;0;0;0;0;9.565;0;8.140;17.705;0;2.455;20.160
DISTRIBUIDORA INTERCAP DE TÍTULOS E VALORES MOBILIÁRIOS S.A.;2927433;INDUSVAL;50531;80415;n2;2;16;SAO PAULO;SP;06/2017;0;0;0;0;0;0;0;0;0;0;0;0;0;0;0;0;430;430;0;19.584;20.014
COOPERATIVA DE CRÉDITO DOS SERVIDORES PÚBLICOS, EMPRESAS PRIVADAS E SEUS EMPREGADOS DE VITÓRIA DA CONQUISTA LTDA. – SICOOB CREDCOOP;2528151;;;;b3S;2;9;VITORIA DA CONQUISTA;BA;06/2017;2.327;0;0;4.690;0;7.017;0;0;0;0;0;0;0;0;7.017;0;454;7.472;0;12.511;19.983
COOPERATIVA DE CRÉDITO MÚTUO DOS SERVIDORES FEDERAIS NA PARAÍBA - SICOOB COOPERCRET;2275781;;;;b3S;2;9;JOAO PESSOA;PB;06/2017;1.445;0;0;11.530;82;13.058;0;0;0;0;0;0;0;0;13.058;0;669;13.726;0;6.240;19.967
COOPERATIVA DE ECONOMIA E CRÉDITO MÚTUO DOS FUNCIONÁRIOS DO GRUPO JAL LTDA.;5548335;;;;b3S;2;9;SAO JOAO DE MERITI;RJ;06/2017;0;0;0;0;0;0;0;0;0;0;0;0;0;0;0;0;1.911;1.911;0;18.050;19.961
COOPERATIVA DE CRÉDITO E INVESTIMENTO BANDEIRANTES  - SICREDI BANDEIRANTES SP;4853988;;;;b3S;2;9;SAO CARLOS;SP;06/2017;2.222;0;0;12.005;0;14.227;0;0;0;0;0;0;0;172;14.399;0;1.742;16.142;0;3.754;19.896
COOPERATIVA DE CRÉDITO MÚTUO DOS SERVIDORES PÚBLICOS MUNICIPAIS DE LENÇÓIS PAULISTA - COOPERSERV;5667301;;;;b3S;2;9;LENCOIS PAULISTA;SP;06/2017;0;0;0;3.859;0;3.859;0;0;0;0;0;0;0;5.607;9.466;0;569;10.034;0;9.856;19.890
COOPERATIVA DE CRÉDITO DOS FORNECEDORES DE CANA DE BARRA BONITA E REGIÃO;44746352;;;;b3S;2;9;BARRA BONITA;SP;06/2017;444;0;0;780;0;1.223;0;0;0;0;0;0;0;0;1.223;0;3.092;4.315;0;15.564;19.879
CORRETORA GERAL DE VALORES E CÂMBIO LTDA;92858380;;;82918;n2;2;15;PORTO ALEGRE;RS;06/2017;0;0;0;0;0;0;499;0;0;0;0;0;0;0;499;0;6.103;6.602;0;13.241;19.843
COOPERATIVA DE CRÉDITO RURAL COM INTERAÇÃO SOLIDÁRIA DE NOVA ESPERANÇA DO SUDOESTE - CRESOL NOVA ESPERANÇA DO SUDOESTE;7926510;;;;b3S;2;9;NOVA ESPERANCA DO SUDOESTE;PR;06/2017;940;0;0;4.588;0;5.527;0;0;0;0;0;0;0;0;5.527;0;11.671;17.198;0;2.528;19.727
CREBEL - COOPERATIVA DE ECONOMIA E CRÉDITO MÚTUO DOS COLABORADORES DAS EMPRESAS BELGO BEKAERT - CREBEL LTDA.;23241540;;;;b3S;2;9;CONTAGEM;MG;06/2017;0;0;0;0;0;0;0;0;0;0;0;0;0;0;0;0;1.226;1.226;0;18.396;19.622
COOPERATIVA DE ECONOMIA E CRÉDITO MÚTUO DOS EMPRESÁRIOS DE SOROCABA E REGIÃO - SICOOB;10175348;;;;b3S;2;9;SOROCABA;SP;06/2017;2.656;0;0;6.338;0;8.994;0;0;0;0;0;0;0;0;8.994;0;684;9.678;0;9.773;19.451
COOPERATIVA DE ECONOMIA E CRÉDITO DE LIVRE ADMISSÃO DA SERRA DA CANTAREIRA - SICOOB CANTAREIRA;49069990;;;;b3S;2;9;GUARULHOS;SP;06/2017;3.314;0;0;11.463;0;14.777;0;0;0;0;0;0;0;0;14.777;0;523;15.300;0;3.685;18.985
COOPERATIVA DE ECONOMIA E CRÉDITO MÚTUO DOS TRABALHADORES DA CIA. DE PROCESSAMENTO DE DADOS DO ESTADO DE SÃO PAULO - CREDIPRODESP;67915868;;;;b3S;2;9;TABOAO DA SERRA;SP;06/2017;0;0;0;0;0;0;0;0;0;0;0;0;0;0;0;0;639;639;0;18.309;18.947
COOPERATIVA DE CRÉDITO RURAL COM INTERAÇÃO SOLIDÁRIA DE SÃO JOÃO DO ITAPERIÚ   CRESOL SÃO JOÃO DO ITAPERIÚ;13059232;;;;b3S;2;9;SAO JOAO DO ITAPERIU;SC;06/2017;2.332;0;0;5.613;0;7.946;0;0;0;0;0;0;0;0;7.946;0;7.785;15.730;0;3.215;18.945
EUROINVEST S.A. CORRETORA DE CÂMBIO, TÍTULOS E VALORES MOBILIÁRIOS;34190991;;;82781;n2;2;15;RIO DE JANEIRO;RJ;06/2017;0;0;0;0;0;0;0;0;0;0;0;0;0;0;0;0;11.713;11.713;0;7.092;18.805
FINANSINOS S.A. CREDITO, FINANCIAMENTO E INVESTIMENTO;91669747;;;83467;n1;2;14;NOVO HAMBURGO;RS;06/2017;0;0;0;0;0;0;0;0;0;0;0;372;372;0;372;0;2.030;2.402;0;16.370;18.772
COOPERATIVA DE CREDITO RURAL COM INTERACAO SOLIDARIA DE MARCELINO RAMOS-CRESOL MARCELINO RAMOS;5211129;;;;b3S;2;9;MARCELINO RAMOS;RS;06/2017;1.402;0;0;10.329;0;11.731;0;0;0;0;0;0;0;0;11.731;0;4.346;16.077;0;2.614;18.691
BR PARTNERS CORRETORA DE TÍTULOS E VALORES MOBILIÁRIOS S.A.;16695922;BR PARTNERS;51822;80934;n2;2;15;SAO PAULO;SP;06/2017;0;0;0;0;0;0;0;0;0;0;0;0;0;0;0;0;1.035;1.035;0;17.548;18.583
COOPERATIVA DE CRÉDITO MÚTUO DOS MICRO E PEQUENOS EMPRESÁRIOS E MICROEMPREENDEDORES DO GRANDE ABC - SICOOB GRANDE ABC.;7946216;;;;b3S;2;9;SANTO ANDRE;SP;06/2017;3.481;0;0;9.803;173;13.457;0;0;0;0;0;0;0;0;13.457;0;560;14.016;0;4.534;18.551
COOPERATIVA DE ECONOMIA E CRÉDITO MÚTUO DOS EMPREGADOS DO GRUPO COLORADO;2024442;;;;b3S;2;9;GUAIRA;SP;06/2017;0;0;0;0;0;0;0;0;0;0;0;0;0;0;0;0;1.107;1.107;0;17.442;18.550
COOPERATIVA DE CRÉDITO MÚTUO DOS EMPREGADOS E SERVIDORES DA DERSA, SECRETARIA ESTADUAL DE LOGÍSTICA E TRANSPORTES E ÓRGÃOS SUBORDINADOS DO ESTADO DE SÃO PAULO - COOPTRANSP;66555665;;;;b3S;2;9;SAO PAULO;SP;06/2017;785;0;0;4.765;0;5.550;0;0;0;0;0;0;0;0;5.550;0;443;5.993;0;12.428;18.422
COOPERATIVA DE ECONOMIA E CRÉDITO MÚTUO DOS FUNCIONÁRIOS DA TETRA PAK;67341487;;;;b3S;2;9;MONTE MOR;SP;06/2017;0;0;0;0;0;0;0;0;0;0;0;0;0;0;0;0;277;277;0;18.069;18.346
COOPERATIVA DE CREDITO DOS FORNECEDORES DE CANA E DEMAIS PRODUTORES RURAIS DO CENTRO DO ESTADO DE SAO PAULO - CREDICENTRO;53776852;;;;b3S;2;9;ARARAQUARA;SP;06/2017;789;0;0;4.711;0;5.500;0;0;0;0;0;0;0;0;5.500;0;4.010;9.511;0;8.678;18.189
COOPERATIVA DE CRÉDITO DE LIVRE ADMISSÃO DE BOA VISTA LTDA.;2137018;;;;b3S;2;9;BOA VISTA;RR;06/2017;3.107;0;0;10.304;0;13.411;0;0;0;0;0;0;0;0;13.411;0;330;13.741;0;4.415;18.156
COOPERATIVA DE CRÉDITO DE LIVRE ADMISSÃO DO ESTADO DO AMAPÁ - SICOOB AMAPÁ;13517050;;;;b3S;2;9;MACAPA;AP;06/2017;3.219;0;0;10.130;0;13.349;0;0;0;0;0;0;0;0;13.349;0;715;14.064;0;4.056;18.120
TREVISO CORRETORA DE CÂMBIO S.A.;2992317;;;81885;n2;2;21;SAO PAULO;SP;06/2017;0;0;0;0;0;0;0;0;0;0;0;0;0;0;0;0;11.957;11.957;0;5.907;17.864
BROKER BRASIL CORRETORA DE CÂMBIO LTDA.;16944141;;;82372;n2;2;21;SAO PAULO;SP;06/2017;0;0;0;0;0;0;0;0;0;0;0;0;0;0;0;0;12.923;12.923;0;4.897;17.820
COOPERATIVA DE CRÉDITO RURAL DE ESPIGÃO DO OESTE LTDA.;4985665;;;;b3S;2;9;ESPIGAO D'OESTE;RO;06/2017;6.286;0;0;5.011;0;11.297;0;0;0;0;0;0;0;0;11.297;0;827;12.124;0;5.686;17.809
COOPERATIVA DE ECONOMIA E CRÉDITO MÚTUO DOS FUNCIONÁRIOS DO GRUPO OWENS-ILLINOIS DO BRASIL;43182278;;;;b3S;2;9;SAO PAULO;SP;06/2017;0;0;0;0;0;0;0;0;0;0;0;0;0;0;0;0;797;797;0;17.006;17.804
COOPERATIVA DE ECONOMIA E CRÉDITO MÚTUO DOS EMPREGADOS DA RHODIA PAULINIA;46058731;;;;b3S;2;9;PAULINIA;SP;06/2017;0;0;0;0;0;0;0;0;0;0;0;0;0;0;0;0;299;299;0;17.484;17.783
MOMENTO DISTRIBUIDORA DE TITULOS E VALORES MOBILIARIOS LTDA;97447304;;;84181;n2;2;16;RIO DE JANEIRO;RJ;06/2017;0;0;0;0;0;0;0;0;0;0;0;0;0;0;0;0;11.071;11.071;0;6.602;17.673
COOPERATIVA DE ECONOMIA E CREDITO MUTUO DOS COLABORADORES DA SG INDUSTRIA E COMERCIO DE MATERIAIS DE CONSTRUCAO, VIDROS E AFINS;61039038;;;;b3S;2;9;SAO PAULO;SP;06/2017;0;0;0;0;0;0;0;0;0;0;0;0;0;0;0;0;1.206;1.206;0;16.376;17.582
COOPERATIVA DE CRÉDITO DE SERVIDORES PÚBLICOS COOPERPLAN LTDA. - SICOOB COOPERPLAN;2674113;;;;b3S;2;9;BRASILIA;DF;06/2017;493;0;0;3.456;2;3.951;0;0;0;0;0;0;0;8.245;12.196;0;582;12.779;0;4.730;17.508
COOPERATIVA DE CRÉDITO DOS EMPREGADOS DE ELEVADORES ATLAS;43730498;;;;b3S;2;9;SAO PAULO;SP;06/2017;0;0;0;0;0;0;0;0;0;0;0;0;0;0;0;0;992;992;0;16.351;17.343
COOPERATIVA DE ECONOMIA E CREDITO MUTUO DOS SERV DA SEC  DE E  DA SEG  PUB  E DA DEFESA SOCIAL DO E DO RN E DOS TRAB  SINDICALIZADOS DA AREA DE SAUDE E AFINS NA REG  MET  DE NATAL - SICOOB POTIGUAR;2382755;;;;b3S;2;9;NATAL;RN;06/2017;4.303;0;0;6.111;0;10.413;0;0;0;0;0;0;0;0;10.413;0;798;11.211;0;5.946;17.157
AGK CORRETORA DE CAMBIO S.A.;250699;;;82035;n2;2;21;SAO PAULO;SP;06/2017;0;0;0;0;0;0;0;0;0;0;0;0;0;0;0;0;14.203;14.203;0;2.953;17.156
COPERCRED - COOPERATIVA DE ECONOMIA E CRÉDITO MÚTUO DOS EMPREGADOS DAS EMPRESAS ZILLO LORENZETTI;58022195;;;;b3S;2;9;LENCOIS PAULISTA;SP;06/2017;304;0;0;3.086;0;3.390;0;0;0;0;0;0;0;0;3.390;0;610;4.000;0;13.101;17.101
COOPERATIVA DE ECONOMIA E CRÉDITO MÚTUO DOS SERVIDORES PÚBLICOS DO PODER EXECUTIVO FEDERAL NO ESTADO DO ESPÍRITO SANTO - COOPSEFES;3639902;;;;b3S;2;9;VITORIA;ES;06/2017;129;0;0;2.469;0;2.597;0;0;0;0;0;0;0;0;2.597;0;769;3.367;0;13.710;17.076
GOLCRED S/A - CRÉDITO, FINANCIAMENTO E INVESTIMENTO;7631026;;;80965;n1;2;14;SAO JOSE;SC;06/2017;0;0;0;0;0;0;0;0;0;0;0;5.314;5.314;0;5.314;0;2.155;7.469;0;9.375;16.844
COOPERATIVA DE CRÉDITO RURAL COM INTERAÇÃO SOLIDÁRIA DE ITATIBA DO SUL - CRESOL ITATIBA DO SUL;5745533;;;;b3S;2;9;ITATIBA DO SUL;RS;06/2017;708;0;0;4.724;0;5.431;0;0;0;0;0;0;0;0;5.431;0;8.103;13.534;0;3.231;16.764
ALBATROSS CORRETORA DE CAMBIO E VALORES S.A;5452073;;;82499;n2;2;15;SAO PAULO;SP;06/2017;0;0;0;0;0;0;0;0;0;0;0;0;0;0;0;0;9.955;9.955;0;6.789;16.743
OLIVEIRA TRUST DISTRIBUIDORA DE TÍTULOS E VALORES MOBILIARIOS S.A.;36113876;;;84040;n2;2;16;RIO DE JANEIRO;RJ;06/2017;0;0;0;0;0;0;0;0;0;0;0;0;0;0;0;0;9.893;9.893;0;6.678;16.571
OLIVEIRA FRANCO SOCIEDADE CORRETORA DE VALORES E CAMBIO LTDA;76633486;;;82901;n2;2;15;CURITIBA;PR;06/2017;0;0;0;0;0;0;12.273;0;0;0;0;0;0;0;12.273;0;246;12.518;0;4.015;16.534
NOSSA TERRA COOPERATIVA DE CRÉDITO DOS EMPREGADOS DAS EMPRESAS DE AGRONEGÓCIO E AFINS;49204605;;;;b3S;2;9;CAJATI;SP;06/2017;0;0;0;0;0;0;0;0;0;0;0;0;0;0;0;0;391;391;0;16.028;16.419
COOPERATIVA DE ECONOMIA E CRÉDITO MÚTUO DOS FUNCIONÁRIOS DA VILLARES METALS;53846242;;;;b3S;2;9;SUMARE;SP;06/2017;0;0;0;0;0;0;0;0;0;0;0;0;0;0;0;0;135;135;0;16.187;16.322
COOPERATIVA DE CRÉDITO DOS MÉDICOS E PROFISSIONAIS DE SAÚDE DE SÃO LUÍS - SICREDI SÃO LUÍS;8143326;;;;b3S;2;9;SAO LUIS;MA;06/2017;3.104;0;0;7.827;0;10.931;0;0;0;0;0;0;0;388;11.319;0;1.798;13.117;0;3.191;16.309
COOPERATIVA DE CRÉDITO RURAL COM INTERAÇÃO SOLIDÁRIA DE CORONEL FREITAS - CRESOL CORONEL FREITAS;8647473;;;;b3S;2;9;CORONEL FREITAS;SC;06/2017;655;0;0;5.380;0;6.035;0;0;0;0;0;0;0;0;6.035;0;7.693;13.728;0;2.354;16.081
COOPERATIVA DE CRÉDITO RURAL COM INTERAÇÃO SOLIDÁRIA DE TIRADENTES DO SUL - CRESOL TIRADENTES DO SUL;8805562;;;;b3S;2;9;TIRADENTES DO SUL;RS;06/2017;1.052;0;0;8.355;0;9.407;0;0;0;0;0;0;0;0;9.407;0;3.907;13.313;0;2.718;16.031
COOPERATIVA DE ECONOMIA E CREDITO MUTUO DOS FUNCIONARIOS DA COMIGO;1062439;;;;b3S;2;9;RIO VERDE;GO;06/2017;1.523;0;0;2.589;0;4.112;0;0;0;0;0;0;0;0;4.112;0;675;4.787;0;11.147;15.934
COOPERATIVA DE ECONOMIA E CRÉDITO MÚTUO DOS EMPREGADOS DA AÇO MINAS GERAIS S.A. - AÇOMINAS E EMPRESAS SUBSIDIÁRIAS EM OURO BRANCO LTDA. - COOPAÇO;17314501;;;;b3S;2;9;OURO BRANCO;MG;06/2017;0;0;0;0;0;0;0;0;0;0;0;0;0;0;0;0;2.257;2.257;0;13.665;15.921
COMPANHIA PROVINCIA DE CREDITO IMOBILIARIO;87091716;COMPANHIA PROVINCIA DE CREDITO IMOBILIARIO;51860;80972;n1;2;31;PORTO ALEGRE;RS;06/2017;0;0;0;0;0;0;0;0;0;0;0;0;0;9.190;9.190;0;1.898;11.088;0;4.621;15.709
COOPERATIVA DE ECONOMIA E CRÉDITO MÚTUO DOS EMPREGADOS DA MINERACÃO RIO DO NORTE S/A, EM PORTO TROMBETAS LIMITADA -  CREDNORTE;4998845;;;;b3S;2;9;ORIXIMINA;PA;06/2017;0;0;0;0;0;0;0;0;0;0;0;0;0;0;0;0;1.066;1.066;0;14.606;15.672
COOPERATIVA DE ECONOMIA E CREDITO MUTUO DOS EMPREGADOS DO GRUPO CVRD E ENTIDADES VINCULADAS LTDA.;33924028;;;;b3S;2;9;RIO DE JANEIRO;RJ;06/2017;370;0;0;7.737;0;8.107;0;0;0;0;0;0;0;0;8.107;0;1.221;9.328;0;6.336;15.665
COOPERATIVA DE ECONOMIA E CRÉDITO MÚTUO DOS EMPREGADOS DA COMPANHIA BRASILEIRA DE ALUMÍNIO;54335401;;;;b3S;2;9;ALUMINIO;SP;06/2017;0;0;0;0;0;0;0;0;0;0;0;0;0;0;0;0;278;278;0;15.382;15.660
COOPERATIVA DE CRÉDITO RURAL COM INTERAÇÃO SOLIDÁRIA DE SÃO JOÃO DO SUL - CRESOL SÃO JOÃO DO SUL;9488496;;;;b3S;2;9;SAO JOAO DO SUL;SC;06/2017;1.222;0;0;9.634;0;10.856;0;0;0;0;0;0;0;0;10.856;0;3.252;14.107;0;1.538;15.645
COOPERATIVA DE ECONOMIA E CRÉDITO MÚTUO DOS EMPREGADOS DAS EMPRESAS DO GRUPO ECONÔMICO RHODIA;57563728;;;;b3S;2;9;SANTO ANDRE;SP;06/2017;82;0;0;4.068;0;4.150;0;0;0;0;0;0;0;0;4.150;0;272;4.422;0;10.870;15.292
DILLON S/A DISTRIBUIDORA DE TITULOS E VALORES MOBILIARIOS;33851064;;;83807;n2;2;16;RIO DE JANEIRO;RJ;06/2017;0;0;0;0;0;0;0;0;0;0;0;0;0;0;0;0;6.051;6.051;0;9.100;15.151
COOPERATIVA DE ECONOMIA E CRÉDITO MÚTUO DOS SERVIDORES DO PODER JUDICIÁRIO DO RIO GRANDE DO SUL - SICOOB JUSTIÇA;3453295;;;;b3S;2;9;PORTO ALEGRE;RS;06/2017;1.049;0;0;11.390;74;12.513;0;0;0;0;0;0;0;47;12.560;0;671;13.231;0;1.897;15.128
COOPERATIVA DE CRÉDITO MÚTUO DOS SERVIDORES DA ASSEMBLEIA LEGISLATIVA DO ESTADO DE SÃO PAULO - COOPERALESP;4791645;;;;b3S;2;9;SAO PAULO;SP;06/2017;0;0;0;387;0;387;0;0;0;0;0;0;0;0;387;0;377;764;0;14.336;15.100
COOPERATIVA DE ECONOMIA E CRÉDITO MÚTUO DOS TRABALHADORES NA ÁREA DE SAÚDE, AFINS E EMPRESÁRIOS VINCULADOS À ACCI DE ERECHIM-RS-CREDISUL;7494300;;;;b3S;2;9;ERECHIM;RS;06/2017;1.925;0;0;11.160;0;13.084;0;0;0;0;0;0;0;0;13.084;0;228;13.313;0;1.760;15.072
COOPERATIVA DE ECONOMIA E CRÉDITO MÚTUO DOS EMPREGADOS DA TEKSID DO BRASIL LTDA., E NEMAK ALUMÍNIO DO BRASIL LTDA.;4249235;;;;b3S;2;9;BETIM;MG;06/2017;0;0;0;21;0;21;0;0;0;0;0;0;0;0;21;0;903;924;0;14.091;15.016
COOPERATIVA DE CREDITO RURAL HORIZONTES NOVOS DE CANGUCU - CREHNOR SUL;5132104;;;;b3S;2;9;CANGUCU;RS;06/2017;996;0;0;2.577;0;3.574;0;0;0;0;0;0;0;69;3.643;0;3.763;7.406;0;7.565;14.971
BACOR CORRETORA DE CÂMBIO E VALORES MOBILÍÁRIOS S.A.;15213150;BOCOM;52003;84624;n2;3;15;SALVADOR;BA;06/2017;0;0;0;0;0;0;0;0;0;0;0;0;0;0;0;0;4.250;4.250;0;10.718;14.968
PARATI - CREDITO, FINANCIAMENTO E INVESTIMENTO S.A.;3311443;;;83443;n1;2;14;VITORIA;ES;06/2017;0;0;0;0;0;0;0;0;0;0;0;0;0;0;0;0;967;967;0;13.995;14.962
VALOR - SOCIEDADE DE CRÉDITO AO MICROEMPREENDEDOR E À EMPRESA DE PEQUENO PORTE LTDA.;7799277;;;83223;n1;2;10;SAO PAULO;SP;06/2017;0;0;0;0;0;0;0;0;0;0;0;0;0;0;0;0;1.566;1.566;0;13.297;14.863
COOPERATIVA DE ECONOMIA E CRÉDITO MÚTUO DOS SERVIDORES PÚBLICOS ESTADUAIS DA PARAÍBA - CREDS LTDA.;3373150;;;;b3S;2;9;JOAO PESSOA;PB;06/2017;2.237;0;0;6.126;67;8.430;0;0;0;0;0;0;0;1.061;9.491;0;309;9.800;0;5.015;14.815
COOPERATIVA DE CRÉDITO RURAL COM INTERAÇÃO SOLIDÁRIA DE JACINTO MACHADO - CRESOL JACINTO MACHADO;9463721;;;;b3S;2;9;JACINTO MACHADO;SC;06/2017;693;0;0;8.159;0;8.852;0;0;0;0;0;0;0;0;8.852;0;4.378;13.230;0;1.550;14.779
COOPERATIVA DE ECONOMIA E CREDITO MUTUO DOS EMPREGADOS DO GRUPO BAYER LTDA;73631483;;;;b3S;2;9;BELFORD ROXO;RJ;06/2017;0;0;0;0;0;0;0;0;0;0;0;0;0;0;0;0;1.779;1.779;0;12.979;14.757
COOPERATIVA DE CREDITO RURAL COM INTERACAO SOLIDARIA DE SANTA MARIA-CRESOL SANTA MARIA;5220232;;;;b3S;2;9;SANTA MARIA;RS;06/2017;1.426;0;0;7.551;0;8.977;0;0;0;0;0;0;0;610;9.587;0;2.680;12.268;0;2.362;14.630
COOPERATIVA DE ECONOMIA E CRÉDITO MÚTUO DOS MEMBROS DO MINISTÉRIO PÚBLICO DE SÃO PAULO - PROMOCRED;4478231;;;;b3S;2;9;SAO PAULO;SP;06/2017;478;0;0;2.581;0;3.059;0;0;0;0;0;0;0;0;3.059;0;533;3.592;0;10.975;14.567
AGENCIA DE FOMENTO DO AMAPA S.A.;2929977;;;81098;n1;1;30;MACAPA;AP;06/2017;0;0;0;0;0;0;0;0;0;0;0;0;0;0;0;0;2.976;2.976;0;11.525;14.502
COOPERATIVA DE CRÉDITO RURAL COM INTERAÇÃO SOLIDÁRIA DO EXTREMO NORTE DO ESPÍRITO SANTO   CRESOL EXTREMO NORTE ES;7642803;;;;b3S;2;9;NOVA VENECIA;ES;06/2017;1.054;0;0;3.226;0;4.279;0;0;0;0;0;0;0;212;4.492;0;8.752;13.244;0;1.226;14.470
COOPERATIVA DE ECONOMIA E CRÉDITO MÚTUO DOS COLABORADORES DA CEBRACE;53184438;;;;b3S;2;9;JACAREI;SP;06/2017;0;0;0;0;0;0;0;0;0;0;0;0;0;0;0;0;354;354;0;13.946;14.300
PBM - PICCHIONI - BELGO - MINEIRA DISTRIBUIDORA DE TÍTULOS E VALORES MOBILIÁRIOS S/A;17401944;H.H.PICCHIONI;30829;80226;n2;2;16;BELO HORIZONTE;MG;06/2017;0;0;0;0;0;0;0;0;0;0;0;0;0;0;0;0;13.505;13.505;0;793;14.297
COOPERATIVA DE CRÉDITO MÚTUO DOS MICROS E PEQUENOS EMPRESÁRIOS E MICROEMPREENDEDORES DE SÃO CARLOS - SICOOB CREDIACISC;7669921;;;;b3S;2;9;SAO CARLOS;SP;06/2017;3.519;0;0;7.221;50;10.791;0;0;0;0;0;0;0;8;10.799;0;416;11.215;0;3.060;14.276
COOPERATIVA DE ECONOMIA E CRÉDITO MÚTUO DOS SERVIDORES PÚBLICOS DOS MUNICÍPIOS DA REGIÃO METROPOLITANA DA GRANDE VITÓRIA/ES;1235921;;;;b3S;2;9;VITORIA;ES;06/2017;20;0;0;0;0;20;0;0;0;0;0;0;0;0;20;0;886;906;0;13.209;14.115
GUITTA CORRETORA DE CAMBIO LTDA.;24074692;;;82107;n2;2;21;SAO PAULO;SP;06/2017;0;0;0;0;0;0;0;0;0;0;0;0;0;0;0;0;8.286;8.286;0;5.551;13.837
AGENCIA DE FOMENTO DO ESTADO DE RORAIMA S/A;3058464;;;81036;n1;1;30;BOA VISTA;RR;06/2017;0;0;0;0;0;0;0;0;0;0;0;0;0;0;0;0;1.103;1.103;0;12.702;13.804
COOPERATIVA DE ECONOMIA E CRÉDITO MÚTUO DOS FUNCIONÁRIOS DO GRUPO VONPAR;89523518;;;;b3S;2;9;PORTO ALEGRE;RS;06/2017;0;0;0;1.075;0;1.075;0;0;0;0;0;0;0;0;1.075;0;723;1.798;0;11.945;13.743
AGÊNCIA DE FOMENTO E DESENVOLVIMENTO DO ESTADO DO PIAUÍ S.A. PIAUÍ FOMENTO;11836226;;;81160;n1;1;30;TERESINA;PI;06/2017;0;0;0;0;0;0;0;0;0;0;0;0;0;0;0;0;324;324;0;13.273;13.597
COOPERATIVA DE ECONOMIA E CRÉDITO MÚTUO DOS EMPREGADOS DAS EMPRESAS METALÚRGICAS DE OSASCO E REGIÃO - CREDMETAL;3535065;;;;b3S;2;9;OSASCO;SP;06/2017;493;0;0;1.273;0;1.766;0;0;0;0;0;0;0;0;1.766;0;754;2.520;0;11.050;13.570
COOPERATIVA DE ECONOMIA E CREDITO MUTUO DOS TRABALHADORES PORTUARIOS DA GRANDE VITORIA - CREDESTIVA.;3844699;;;;b3S;2;9;VITORIA;ES;06/2017;591;0;0;1.429;0;2.020;0;0;0;0;0;0;0;550;2.570;0;554;3.123;0;10.420;13.543
COOPERATIVA DE ECONOMIA E CRÉDITO MÚTUO DOS FUNCIONÁRIOS DA CIA AÇUCAREIRA VALE DO ROSÁRIO - COOPERVALE;44958981;;;;b3S;2;9;MORRO AGUDO;SP;06/2017;0;0;0;0;0;0;0;0;0;0;0;0;0;0;0;0;221;221;0;13.288;13.509
COOPERATIVA DE ECONOMIA E CRÉDITO MÚTUO DOS EMPREGADOS DA TAKATA-PETRI;47944277;;;;b3S;2;9;JUNDIAI;SP;06/2017;0;0;0;0;0;0;0;0;0;0;0;0;0;0;0;0;328;328;0;12.813;13.141
NOVO MUNDO CORRETORA DE CÂMBIO S.A.;8609934;;;82028;n2;2;21;SAO PAULO;SP;06/2017;0;0;0;0;0;0;0;0;0;0;0;0;0;0;0;0;9.063;9.063;0;4.000;13.063
VR DISTRIBUIDORA DE TÍTULOS E VALORES MOBILIÁRIOS LTDA.;64835226;VR;50524;80408;n2;2;16;BARUERI;SP;06/2017;0;0;0;0;0;0;0;0;0;0;0;0;0;0;0;0;251;251;0;12.669;12.920
SOCIALCRED S/A - SOCIEDADE DE CRÉDITO AO MICROEMPREENDEDOR E À EMPRESA DE PEQUENO PORTE;4316357;;;83027;n1;2;10;RIO DE JANEIRO;RJ;06/2017;0;0;0;0;0;0;0;0;0;0;0;0;0;4.227;4.227;0;919;5.145;0;7.740;12.885
COOPERATIVA DE CREDITO RURAL COM INTERACAO SOLIDARIA DE HONORIO SERPA - CRESOL HONORIO SERPA;2565350;;;;b3S;2;9;HONORIO SERPA;PR;06/2017;703;0;0;2.112;0;2.815;0;0;0;0;0;0;0;0;2.815;0;7.663;10.478;0;2.402;12.881
BMC ASSET MANAGEMENT - DISTRIBUIDORA DE TÍTULOS E VALORES MOBILIÁRIOS LTDA.;4163016;BRADESCO;10045;80075;n2;2;16;OSASCO;SP;06/2017;0;0;0;0;0;0;0;0;0;0;0;0;0;0;0;0;788;788;0;12.013;12.802
COOPERATIVA DE ECONOMIA E CRÉDITO MÚTUO DOS EMPRESÁRIOS DA REGIÃO NORTE MARANHENSE E DOS EMPREGADOS DA ALUMAR- SICOOB NORTE MARANHENSE;22491263;;;;b3S;2;9;SAO LUIS;MA;06/2017;1.246;0;0;6.811;0;8.057;0;0;0;0;0;0;0;0;8.057;0;647;8.705;0;4.041;12.746
COOPERATIVA DE CREDITO MUTUO DOS SERVIDORES PÚBLICOS ESTADUAIS CIVIS,MILITARES E PENSIONISTAS EM ARARAQUARA E REGIÃO, SERVIDORES E MAGISTRADOS  JUDICIÁRIO FEDERAL NO ESTADO DE SÃO PAULO-SICOOB COOPARA;4219215;;;;b3S;2;9;ARARAQUARA;SP;06/2017;1.167;0;0;2.860;0;4.026;0;0;0;0;0;0;0;1.366;5.392;0;308;5.700;0;7.004;12.704
COOPERATIVA DE CRÉDITO DOS PLANTADORES DE CANA DA REGIÃO DE LENÇÓIS PAULISTA;50848910;;;;b3S;2;9;LENCOIS PAULISTA;SP;06/2017;0;0;0;0;0;0;0;0;0;0;0;0;0;0;0;0;313;313;64;12.290;12.667
INFINITY CORRETORA DE CÂMBIO, TÍTULOS E VALORES MOBILIÁRIOS S.A.;3014007;;;82671;n2;2;15;SAO PAULO;SP;06/2017;0;0;0;0;0;0;0;0;0;0;0;0;0;0;0;8.179;1.432;9.611;0;2.974;12.585
COOPERATIVA DE ECONOMIA E CREDITO MUTUO DOS SERVIDORES UNIVERSIDADE FEDERAL DO ESPIRITO SANTO - CRED-UFES;27302181;;;;b3S;2;9;VITORIA;ES;06/2017;125;0;0;2.767;0;2.892;0;0;0;0;0;0;0;0;2.892;0;3.251;6.143;0;6.369;12.512
COOPERATIVA DE ECONOMIA E CRÉDITO MÚTUO DOS MÉDICOS DE JABOTICABAL - COPERMED JABOTICABAL;2159014;;;;b3S;2;9;JABOTICABAL;SP;06/2017;2.200;0;0;7.439;558;10.196;0;0;0;0;0;0;0;0;10.196;0;179;10.375;0;2.012;12.387
MULTIMONEY CORRETORA DE CÂMBIO LTDA;12586596;;;82262;n2;2;21;SAO PAULO;SP;06/2017;0;0;0;0;0;0;0;0;0;0;0;0;0;0;0;0;7.955;7.955;0;4.370;12.325
COOPERATIVA DE ECONOMIA E CRÉDITO MÚTUO DOS MÉDICOS E PROFISSIONAIS DA ÁREA DE SAÚDE DE SÃO PAULO - SICOOB GRANDE SÃO PAULO;69181709;;;;b3S;2;9;SAO PAULO;SP;06/2017;2.166;0;0;8.316;0;10.482;0;0;0;0;0;0;0;0;10.482;0;327;10.809;0;1.397;12.206
SINOSSERRA FINANCEIRA S/A - SOCIEDADE DE CRÉDITO, FINANCIAMENTO E INVESTIMENTO;22639377;;;84552;n1;2;14;NOVO HAMBURGO;RS;06/2017;0;0;0;0;0;0;0;0;0;0;0;5.170;5.170;0;5.170;0;896;6.066;360;5.753;12.179
COOPERATIVA DE ECONOMIA E CRÉDITO MÚTUO DOS EMPRESÁRIOS DE LENÇÓIS PAULISTA - SICOOB CRED-ACILPA;9004796;;;;b3S;2;9;LENCOIS PAULISTA;SP;06/2017;1.852;0;0;5.853;0;7.705;0;0;0;0;0;0;0;0;7.705;0;625;8.330;0;3.846;12.176
COOPERATIVA DE ECONOMIA E CRÉDITO MÚTUO DOS FUNCIONÁRIOS DA ASTRAZENECA DO BRASIL;1288797;;;;b3S;2;9;COTIA;SP;06/2017;0;0;0;0;0;0;0;0;0;0;0;0;0;0;0;0;330;330;0;11.698;12.028
COOPERATIVA DE ECONOMIA E CRÉDITO MÚTUO DOS FUNCIONÁRIOS DA TICKET SERVIÇOS COMÉRCIO E ADMINISTRAÇÃO;57440521;;;;b3S;2;9;SAO PAULO;SP;06/2017;0;0;0;0;0;0;0;0;0;0;0;0;0;0;0;0;3.021;3.021;0;9.000;12.021
COOPERATIVA DE ECONOMIA E CRÉDITO MÚTUO CECREB;67087569;;;;b3S;2;9;SAO PAULO;SP;06/2017;0;0;0;0;0;0;0;0;0;0;0;0;0;0;0;0;258;258;0;11.724;11.983
COOPERATIVA DE ECONOMIA E CREDITO MUTUO DOS SERVIDORES PUBLICOS DE PINHÃO - CRESERV-PINHÃO;4831810;;;;b3S;2;9;PINHAO;PR;06/2017;880;0;0;7.062;0;7.942;0;0;0;0;0;0;0;0;7.942;0;341;8.283;0;3.655;11.938
COOPERATIVA DE ECONOMIA E CRÉDITO MÚTUO DOS EMPREGADOS DA MERCK SHARP & DOHME FARMACÊUTICA - COOPERMSD;2814832;;;;b3S;2;9;SAO PAULO;SP;06/2017;0;0;0;0;0;0;0;0;0;0;0;0;0;0;0;0;98;98;0;11.730;11.827
COOPERATIVA DE ECONOMIA E CRÉDITO MÚTUO DOS FUNCIONÁRIOS DA INTERNATIONAL INDÚSTRIA AUTOMOTIVA DA AMÉRICA DO SUL;59620708;;;;b3S;2;9;SAO PAULO;SP;06/2017;0;0;0;0;0;0;0;0;0;0;0;0;0;0;0;0;95;95;0;11.698;11.793
COOPERATIVA DE CREDITO RURAL DE GUACUI - CREDIGUAÇUÍ;32422628;;;;b3S;2;9;GUACUI;ES;06/2017;1.254;0;0;2.577;0;3.832;0;0;0;0;0;0;0;0;3.832;0;669;4.500;0;7.168;11.669
COOPERATIVA DE ECONOMIA E CREDITO MUTUO DOS EMPREGADOS DE ELEVADORES ATLAS SCHINDLER LTDA.;42107706;;;;b3S;2;9;RIO DE JANEIRO;RJ;06/2017;0;0;0;0;0;0;0;0;0;0;0;0;0;0;0;0;652;652;0;11.012;11.664
COOPERATIVA DE ECONOMIA E CRÉDITO MÚTUO DOS EMPRESÁRIOS DA REGIÃO METROPOLITANA DE JOÃO PESSOA E LITORAL DA PARAÍBA - SICOOB LITORAL PARAIBANO;23295315;;;;b3S;2;9;JOAO PESSOA;PB;06/2017;2.580;0;0;7.173;0;9.754;0;0;0;0;0;0;0;0;9.754;0;383;10.136;0;1.525;11.662
COOPERATIVA DE ECONOMIA E CREDITO MUTUO DOS SERVIDORES ESTATUTARIOS DA ADMINISTRACAO DIRETA DO ESTADO DO ESPIRITO SANTO - COOPFISCO;2475222;;;;b3S;2;9;VITORIA;ES;06/2017;915;0;0;3.222;0;4.137;0;0;0;0;0;0;0;0;4.137;0;905;5.042;0;6.609;11.651
PROSPER S/A CORRETORA DE VALORES E CAMBIO;36178887;;;80398;n2;2;15;RIO DE JANEIRO;RJ;06/2017;0;0;0;0;0;0;0;0;0;0;0;0;0;0;0;0;10.403;10.403;0;1.091;11.494
INTERCAM CORRETORA DE CÂMBIO LTDA.;34265629;;;81926;n2;2;21;SAO BERNARDO DO CAMPO;SP;06/2017;0;0;0;0;0;0;0;0;0;0;0;0;0;0;0;0;4.589;4.589;0;6.732;11.321
COOPERATIVA DE ECONOMIA E CRÉDITO MÚTUO DOS SERVIDORES PÚBLICOS MUNICIPAIS EM JOÃO MONLEVADE LTDA.;18310649;;;;b3S;2;9;JOAO MONLEVADE;MG;06/2017;0;0;0;0;0;0;0;0;0;0;0;0;0;0;0;0;1.763;1.763;0;9.552;11.315
VINCI DISTRIBUIDORA DE TÍTULOS E VALORES MOBILIÁRIOS LTDA.;21112244;;;84459;n2;2;16;RIO DE JANEIRO;RJ;06/2017;0;0;0;0;0;0;0;0;0;0;0;0;0;0;0;0;3.473;3.473;0;7.770;11.243
COOPERATIVA DE CRÉDITO MÚTUO DE SERVIDORES PÚBLICOS DO ESTADO DE SÃO PAULO - CREDIFISCO;4546162;;;;b3S;2;9;SAO PAULO;SP;06/2017;384;0;0;755;0;1.140;0;0;0;0;0;0;0;0;1.140;0;1.748;2.888;0;8.303;11.191
COOPERATIVA DE CRÉDITO MÚTUO DOS EMPREGADOS DA SKF E COLIGADAS;49091119;;;;b3S;2;9;CAJAMAR;SP;06/2017;0;0;0;0;0;0;0;0;0;0;0;0;0;0;0;0;142;142;0;11.035;11.177
COOPERATIVA DE CRÉDITO DOS EMPRESÁRIOS DE MANAUS - SICOOB CREDEMPRESAS-AM;10808037;;;;b3S;2;9;MANAUS;AM;06/2017;1.286;0;0;5.905;0;7.191;0;0;0;0;0;0;0;852;8.043;0;254;8.297;0;2.720;11.017
COOPERATIVA DE CRÉDITO RURAL ASCOOB COOPERAR;2025743;;;;b3S;2;9;ARACI;BA;06/2017;1.155;0;0;7.620;0;8.775;0;0;0;0;0;0;0;944;9.719;0;265;9.983;0;964;10.948
COOPERATIVA DE ECONOMIA E CRÉDITO MÚTUO DOS SERVIDORES DO SEMASA - SICOOB CECRESA;512839;;;;b3S;2;9;SANTO ANDRE;SP;06/2017;92;0;0;956;0;1.048;0;0;0;0;0;0;0;0;1.048;0;429;1.478;0;9.339;10.817
COOPERATIVA DE CRÉDITO MÚTUO DOS POLICIAIS FEDERAIS E SERVIDORES DA UNIÃO NO ESPÍRITO SANTO - CREDFEDERAL;2083914;;;;b3S;2;9;VILA VELHA;ES;06/2017;496;0;0;5.911;274;6.681;0;0;0;0;0;0;0;0;6.681;0;637;7.318;0;3.256;10.574
COOPERATIVA DE ECONOMIA E CRÉDITO MÚTUO DOS PROFISSIONAIS DA ÁREA DE SAÚDE DE PIRACICABA E REGIÃO;2072790;;;;b3S;2;9;PIRACICABA;SP;06/2017;1.033;0;0;6.813;88;7.934;0;0;0;0;0;0;0;0;7.934;0;393;8.327;0;2.087;10.414
COOPERATIVA DE ECONOMIA E CRÉDITO MÚTUO DOS EMPREGADOS DA CONFAB;59305565;;;;b3S;2;9;PINDAMONHANGABA;SP;06/2017;0;0;0;0;0;0;0;0;0;0;0;0;0;0;0;0;368;368;0;10.022;10.390
FINAXIS CORRETORA DE TÍTULOS E VALORES MOBILIÁRIOS S.A.;3317692;FINAXIS;51688;80790;n2;2;15;CURITIBA;PR;06/2017;0;0;0;0;0;0;0;0;0;0;0;0;0;0;0;0;2.441;2.441;0;7.864;10.305
COOPERATIVA DE ECONOMIA E CRÉDITO MÚTUO DOS FUNCIONÁRIOS DA GERDAU S.A. - UNIDADE PINDAMONHANGABA;60219045;;;;b3S;2;9;PINDAMONHANGABA;SP;06/2017;0;0;0;0;0;0;0;0;0;0;0;0;0;0;0;0;559;559;0;9.727;10.285
COOPERATIVA DE ECONOMIA E CRÉDITO MÚTUO DOS EMPREGADOS DAS EMPRESAS CONTROLADAS E COLIGADAS DA USINA SANTA ADELIA - USAGRO;68969625;;;;b3S;2;9;JABOTICABAL;SP;06/2017;0;0;0;267;0;267;0;0;0;0;0;0;0;0;267;0;397;663;0;9.596;10.260
COOPERATIVA DE CRÉDITO RURAL COM INTERAÇÃO SOLIDÁRIA DE SANTA TEREZINHA DO PROGRESSO - CRESOL SANTA TEREZINHA DO PROGRESSO;8652872;;;;b3S;2;9;SANTA TEREZINHA DO PROGRESSO;SC;06/2017;776;0;0;4.031;0;4.806;0;0;0;0;0;0;0;241;5.047;0;3.198;8.245;0;1.930;10.175
COOPERATIVA DE CRÉDITO RURAL COM INTERAÇÃO SOLIDÁRIA DE ARAPONGA - CRESOL ARAPONGA;7016503;;;;b3S;2;9;ARAPONGA;MG;06/2017;677;0;0;3.050;0;3.727;0;0;0;0;0;0;0;0;3.727;0;4.684;8.411;0;1.732;10.143
COOPERATIVA DE ECONOMIA E CRÉDITO MÚTUO DOS EMPREGADOS DA CEMIG E DAS INDÚSTRIAS METALÚRGICAS E DE MATERIAL ELÉTRICO E DOS SERVIDORES PÚBLICO MUNICIPAL DE JUIZ DE FORA LTDA. - SICOOB CECREMEC;17502881;;;;b3S;2;9;BELO HORIZONTE;MG;06/2017;281;0;0;2.011;42;2.334;0;0;0;0;0;0;0;0;2.334;0;958;3.292;0;6.821;10.113
COOPERATIVA DE CRÉDITO DE LIVRE ADMISSÃO DE PACAJÁ E REGIÃO - SICOOB TRANSAMAZÔNICA;24431221;;;;b3S;2;9;PACAJA;PA;06/2017;3.407;0;0;2.276;0;5.684;0;0;0;0;0;0;0;0;5.684;0;308;5.992;0;4.073;10.065
COOPERATIVA DE ECONOMIA E CRÉDITO MÚTUO DOS EMPREGADOS DA NOVELIS;57545436;;;;b3S;2;9;SANTO ANDRE;SP;06/2017;0;0;0;0;0;0;0;0;0;0;0;0;0;0;0;0;496;496;0;9.543;10.038
BIORC FINANCEIRA - CRÉDITO, FINANCIAMENTO E INVESTIMENTO S.A.;11285104;;;83663;n1;2;14;FLORIANOPOLIS;SC;06/2017;0;0;0;0;0;0;0;0;0;0;0;3.246;3.246;0;3.246;0;617;3.863;0;6.149;10.013
COOPERATIVA DE ECONOMIA E CRÉDITO MÚTUO DOS SERVIDORES DA PREFEITURA MUNICIPAL DE ORLÂNDIA - CRED SERV;946465;;;;b3S;2;9;ORLANDIA;SP;06/2017;0;0;0;0;0;0;0;0;0;0;0;0;0;0;0;0;130;130;0;9.853;9.984
COOPERATIVA DE ECONOMIA E CRÉDITO MÚTUO DOS FUNCIONÁRIOS DO GRUPO COMOLATTI - SÃO PAULO;47196084;;;;b3S;2;9;SAO PAULO;SP;06/2017;0;0;0;0;0;0;0;0;0;0;0;0;0;0;0;0;772;772;0;9.115;9.887
MERCANTIL DO BRASIL DISTRIBUIDORA S.A. - TÍTULOS E VALORES MOBILIÁRIOS;17364795;MERCANTIL DO BRASIL;20152;80123;n2;2;16;BELO HORIZONTE;MG;06/2017;0;0;0;0;0;0;0;0;0;0;0;0;0;0;0;0;3.711;3.711;0;6.081;9.792
COOPERATIVA DE CREDITO RURAL DE IBIAM - SULCREDI/IBIAM;8240446;;;;b3S;2;9;IBIAM;SC;06/2017;699;0;0;5.295;0;5.994;0;0;0;0;0;0;0;195;6.189;0;1.079;7.268;0;2.476;9.743
COOPERATIVA DE CRÉDITO RURAL COM INTERAÇÃO SOLIDÁRIA DE IRINEÓPOLIS - CRESOL IRINEÓPOLIS;9433005;;;;b3S;2;9;IRINEOPOLIS;SC;06/2017;1.563;0;0;4.624;0;6.187;0;0;0;0;0;0;0;0;6.187;0;1.911;8.098;0;1.624;9.722
OPPORTUNITY DISTRIBUIDORA DE TÍTULOS E VALORES MOBILIÁRIOS LTDA;1582158;;;80518;n2;2;16;RIO DE JANEIRO;RJ;06/2017;0;0;0;0;0;0;0;0;0;0;0;0;0;0;0;0;2.679;2.679;0;7.026;9.704
COOPERATIVA DE ECONOMIA E CRÉDITO MÚTUO DOS EMPREGADOS DA SAMARCO MINERAÇÃO S.A. LTDA - CREDISAM;20622809;;;;b3S;2;9;BELO HORIZONTE;MG;06/2017;0;0;0;0;0;0;0;0;0;0;0;0;0;0;0;0;771;771;0;8.889;9.660
COOPERATIVA DE ECONOMIA E CRÉDITO MÚTUO DOS EMPREGADOS DAS EMPRESAS METALÚRGICAS DE MATÃO - METALCOOPERCRED;53505681;;;;b3S;2;9;MATAO;SP;06/2017;0;0;0;0;0;0;0;0;0;0;0;0;0;0;0;0;412;412;0;9.239;9.651
J. MALUCELLI DISTRIBUIDORA DE TÍTULOS E VALORES MOBILIÁRIOS LTDA;76621457;PARANÁ BANCO;30881;80233;n2;2;16;CURITIBA;PR;06/2017;0;0;0;0;0;0;0;0;0;0;0;0;0;0;0;0;524;524;0;9.110;9.635
COOPERATIVA DE ECONOMIA E CRÉDITO MÚTUO DOS COLABORADORES DA UNIÃO BRASILEIRA DE EDUCAÇÃO E ENSINO, UNIÃO NORTE BRASILEIRA DE EDUCAÇÃO E CULTURA & UNIÃO BRASILIENSE DE EDUCAÇÃO E CULTURA LTDA - COOMAR;2588819;;;;b3S;2;9;BELO HORIZONTE;MG;06/2017;0;0;0;0;0;0;0;0;0;0;0;0;0;0;0;0;960;960;0;8.618;9.579
COOPERATIVA DE ECONOMIA E CREDITO MUTUO DOS FUNCIONARIOS DE PRODUTOS ROCHE QUIMICOS E FARMACEUTICOS S.A., LTDA;42123000;;;;b3S;2;9;RIO DE JANEIRO;RJ;06/2017;0;0;0;0;0;0;0;0;0;0;0;0;0;0;0;0;1.176;1.176;0;8.295;9.471
CAMBIONET CORRETORA DE CÂMBIO LTDA.;14190547;;;82286;n2;2;21;PORTO ALEGRE;RS;06/2017;0;0;0;0;0;0;0;0;0;0;0;0;0;0;0;0;3.187;3.187;0;6.246;9.433
COOPERATIVA DE CRÉDITO MÚTUO DOS FUNCIONÁRIOS DO GRUPO ABC - COOPER 7;4414354;;;;b3S;2;9;SAO BERNARDO DO CAMPO;SP;06/2017;0;0;0;0;0;0;0;0;0;0;0;0;0;201;201;0;477;678;0;8.727;9.406
COOPERATIVA DE ECONOMIA E CRÉDITO MÚTUO DOS FUNCIONÁRIOS DO FLEURY;71965313;;;;b3S;2;9;SAO PAULO;SP;06/2017;0;0;0;0;0;0;0;0;0;0;0;0;0;0;0;0;199;199;0;9.173;9.372
COOPERATIVA DE ECONOMIA E CRÉDITO MÚTUO DOS EMPREGADOS DO GRUPO ALGAR LTDA. - SICOOB CREDIEMPAR;1296040;;;;b3S;2;9;UBERLANDIA;MG;06/2017;300;0;0;654;0;953;0;0;0;0;0;0;0;0;953;0;1.146;2.099;0;7.230;9.329
COOPERATIVA DE CRÉDITO RURAL HORIZONTES NOVOS DE BARÃO DE COTEGIPE - CREHNOR NORTE;5996245;;;;b3S;2;9;BARAO DE COTEGIPE;RS;06/2017;1.052;0;0;6.519;0;7.571;0;0;0;0;0;0;0;0;7.571;0;628;8.199;0;1.113;9.312
ACCESSCRÉDITO - SOCIEDADE DE CRÉDITO AO MICROEMPREENDEDOR E À EMPRESA DE PEQUENO PORTE S.A;13058743;;;83319;n1;3;10;MANAUS;AM;06/2017;0;0;0;0;0;0;0;0;0;0;0;0;0;3.278;3.278;0;406;3.684;162;5.422;9.268
COOPERATIVA DE ECONOMIA E CRÉDITO MÚTUO DOS FUNCIONÁRIOS DA BOMBRIL;57038408;;;;b3S;2;9;SAO BERNARDO DO CAMPO;SP;06/2017;0;0;0;0;0;0;0;0;0;0;0;0;0;0;0;0;508;508;0;8.691;9.199
COOPERATIVA DE ECONOMIA E CRÉDITO MÚTUO DOS TRABALHADORES NAS INDÚSTRIAS DE EXTRAÇÃO DE FERRO E METAIS BÁSICOS DA REGIÃO DE CONGONHAS LTDA. - COOFERSE;71384697;;;;b3S;2;9;CONGONHAS;MG;06/2017;0;0;0;0;0;0;0;0;0;0;0;0;0;0;0;0;354;354;0;8.817;9.172
COOPERATIVA DE CRÉDITO RURAL COM INTERAÇÃO SOLIDÁRIA DE RIO BRANCO DO SUL - CRESOL RIO BRANCO DO SUL;10512171;;;;b3S;2;9;RIO BRANCO DO SUL;PR;06/2017;724;0;0;1.973;0;2.698;0;0;0;0;0;0;0;0;2.698;0;4.267;6.965;0;2.195;9.159
COOPERATIVA DE ECONOMIA E CRÉDITO MÚTUO DOS EMPRESÁRIOS DE PRESIDENTE VENCESLAU - SICOOB CREDIACIPREV;8937938;;;;b3S;2;9;PRESIDENTE VENCESLAU;SP;06/2017;2.526;0;0;3.832;0;6.357;0;0;0;0;0;0;0;0;6.357;0;704;7.061;0;2.030;9.091
COOPERATIVA DE CRÉDITO DOS BANCÁRIOS DE SÃO PAULO E MUNICÍPIOS LIMÍTROFES;3422007;;;;b3S;2;9;SAO PAULO;SP;06/2017;0;0;0;4.960;0;4.960;0;0;0;0;0;0;0;0;4.960;0;272;5.232;0;3.838;9.070
COOPERATIVA DE ECONOMIA E CRÉDITO MÚTUO DOS FUNCIONÁRIOS DO HOSPITAL VERA CRUZ E VERA CRUZ ASSOCIAÇÃO DE SAÚDE;44588366;;;;b3S;2;9;CAMPINAS;SP;06/2017;0;0;0;0;0;0;0;0;0;0;0;0;0;0;0;0;221;221;0;8.730;8.952
SOCICRED SOCIEDADE DE CREDITO AO MICROEMPREENDEDOR LTDA;5289612;;;83058;n1;2;10;PORTO ALEGRE;RS;06/2017;0;0;0;0;0;0;0;0;0;0;0;0;0;0;0;0;3.066;3.066;0;5.879;8.945
COOPERATIVA DE ECONOMIA E CRÉDITO MÚTUO DOS EMPREGADOS DO SISTEMA FIERGS - CRESUL;92675578;;;;b3S;2;9;PORTO ALEGRE;RS;06/2017;0;0;0;0;0;0;0;0;0;0;0;0;0;0;0;0;734;734;0;8.196;8.930
COOPERATIVA DE ECONOMIA E CRÉDITO MÚTUO DOS COLABORADORES DA VALE S.A. - LTDA. - SICOOB CREDIVALE;20961629;;;;b3S;2;9;ITABIRA;MG;06/2017;416;0;0;1.101;0;1.517;0;0;0;0;0;0;0;0;1.517;0;1.267;2.784;0;5.993;8.777
COOPERATIVA DE ECONOMIA E CRÉDITO MÚTUO DOS FUNCIONÁRIOS DA COMPANHIA PAULISTA DE TRENS METROPOLITANOS - COOPERTREM;1530136;;;;b3S;2;9;OSASCO;SP;06/2017;0;0;0;0;0;0;0;0;0;0;0;0;0;0;0;0;166;166;0;8.605;8.771
COOPERATIVA DE ECONOMIA E CRÉDITO MÚTUO DOS EMPREGADOS DA PRODAM/SP - CREDIPRODAM;67031757;;;;b3S;2;9;SAO PAULO;SP;06/2017;0;0;0;0;0;0;0;0;0;0;0;0;0;0;0;0;81;81;0;8.558;8.639
GET MONEY CORRETORA DE CÂMBIO S.A.;10853017;;;82255;n2;2;21;SAO PAULO;SP;06/2017;0;0;0;0;0;0;0;0;0;0;0;0;0;0;0;0;1.984;1.984;0;6.634;8.618
COOPERATIVA DE ECONOMIA E CREDITO MUTUO DOS APOSENTADOS, PENSIONISTAS E IDOSOS LIGADOS AO SINDICATO NACIONAL DOS APOSENTADOS, PENSIONISTAS E IDOSOS DA FORÇA SINDICAL - SICOOB COOPERNAPI;16564240;;;;b3S;2;9;SAO PAULO;SP;06/2017;1.818;0;0;3.434;0;5.252;0;0;0;0;0;0;0;0;5.252;0;375;5.627;0;2.863;8.490
COOPERATIVA DE ECONOMIA E CRÉDITO MÚTUO DOS FUNCIONÁRIOS PÚBLICOS MUNICIPAIS DE ITAPIRA;2115870;;;;b3S;2;9;ITAPIRA;SP;06/2017;0;0;0;389;0;389;0;0;0;0;0;0;0;0;389;0;352;741;0;7.722;8.464
COOPERATIVA DE ECONOMIA E CRÉDITO MÚTUO DOS COLABORADORES DO GRUPO EMPRESARIAL A COSTA LTDA.;20062766;;;;b3S;2;9;VISCONDE DO RIO BRANCO;MG;06/2017;0;0;0;0;0;0;0;0;0;0;0;0;0;8;8;0;797;805;0;7.556;8.361
COOPERATIVA DE ECONOMIA E CRÉDITO MÚTUO DOS FUNCIONÁRIOS DAS EMPRESAS MELHORAMENTOS DE SÃO PAULO;1504952;;;;b3S;2;9;SAO PAULO;SP;06/2017;0;0;0;0;0;0;0;0;0;0;0;0;0;0;0;0;153;153;0;8.023;8.176
COOPERATIVA DE ECONOMIA E CRÉDITO MÚTUO DOS ENGENHEIROS, ARQUITETOS, AGRÔNOMOS E AFINS DO ESTADO DO RIO GRANDE DO SUL;9187555;;;;b3S;2;9;PORTO ALEGRE;RS;06/2017;1.253;0;0;5.639;0;6.892;0;0;0;0;0;0;0;14;6.906;0;574;7.479;0;690;8.169
CRETOVALE - COOPERATIVA DE ECONOMIA E CRÉDITO MÚTUO DOS TRABALHADORES DA VALE;28145589;;;;b3S;2;9;VITORIA;ES;06/2017;0;0;0;0;0;0;0;0;0;0;0;0;0;0;0;0;2.765;2.765;0;5.395;8.160
COOPERATIVA DE ECONOMIA E CRÉDITO MÚTUO DOS FUNCIONÁRIOS DO GRUPO AVIBRAS;43268960;;;;b3S;2;9;JACAREI;SP;06/2017;0;0;0;0;0;0;0;0;0;0;0;0;0;0;0;0;282;282;0;7.873;8.155
COOPERATIVA CENTRAL DE CRÉDITO DA AGRICULTURA FAMILIAR E ECONOMIA SOLIDÁRIA - ASCOOB CENTRAL;10013534;;;;b3C;2;9;SERRINHA;BA;06/2017;0;0;0;0;0;0;0;0;0;0;0;0;0;0;0;0;6.450;6.450;0;1.647;8.096
COOPERATIVA DE ECONOMIA E CREDITO MUTUO JOHN F. KENNEDY LTDA;33735192;;;;b3S;2;9;RIO DE JANEIRO;RJ;06/2017;0;0;0;2.830;0;2.830;0;0;0;0;0;0;0;0;2.830;0;155;2.985;0;4.994;7.979
COOPERATIVA DE ECONOMIA E CRÉDITO MÚTUO DOS FUNCIONÁRIOS DO GRUPO LORENZETTI;44905255;;;;b3S;2;9;SAO PAULO;SP;06/2017;0;0;0;0;0;0;0;0;0;0;0;0;0;0;0;0;793;793;0;7.186;7.979
COOPERATIVA DE ECONOMIA E CRÉDITO MÚTUO DOS SERVIDORES DA ADMINISTRAÇÃO PÚBLICA MUNICIPAL DE PORTO ALEGRE;5460750;;;;b3S;2;9;PORTO ALEGRE;RS;06/2017;0;0;0;1.127;0;1.127;0;0;0;0;0;0;0;0;1.127;0;2.370;3.497;0;4.453;7.950
COOPERATIVA DE ECONOMIA E CRÉDITO MÚTUO DOS FUNCIONÁRIOS E SERVIDORES PÚBLICOS DO ESTADO DE MATO GROSSO DO SUL - SICOOB COCRESUL;24610065;;;;b3S;2;9;CAMPO GRANDE;MS;06/2017;1.917;0;0;4.652;10;6.579;0;0;0;0;0;0;0;0;6.579;0;370;6.949;0;993;7.942
COOPERATIVA DE ECONOMIA E CRÉDITO MÚTUO DOS SERVIDORES MUNICIPAIS DE ITABIRA LTDA. - SICOOB COSEMI;16651002;;;;b3S;2;9;ITABIRA;MG;06/2017;0;0;0;914;0;914;0;0;0;0;0;0;0;0;914;0;569;1.483;0;6.348;7.831
COOPERATIVA DE ECONOMIA E CRÉDITO MÚTUO DOS EMPREGADOS DA EATON DE VALINHOS;73077398;;;;b3S;2;9;VALINHOS;SP;06/2017;0;0;0;0;0;0;0;0;0;0;0;0;0;0;0;0;728;728;0;7.088;7.816
COOPERATIVA DE ECONOMIA E CRÉDITO MÚTUO DOS EMPREGADOS DO GRUPO TELEFÔNICA;57598120;;;;b3S;2;9;SAO PAULO;SP;06/2017;0;0;0;0;0;0;0;0;0;0;0;0;0;0;0;0;453;453;0;7.257;7.710
COOPERATIVA DE ECONOMIA E CRÉDITO MÚTUO DOS SERVIDORES PÚBLICOS DA REGIÃO METROPOLITANA DE BELÉM LTDA.;991739;;;;b3S;2;9;BELEM;PA;06/2017;0;0;0;0;0;0;0;0;0;0;0;0;0;299;299;0;587;885;0;6.770;7.655
PORTOPAR DISTRIBUIDORA DE TITULOS E VALORES MOBILIARIOS LTDA.;40303299;PORTO SEGURO;51444;80642;n2;2;16;SAO PAULO;SP;06/2017;0;0;0;0;0;0;0;0;0;0;0;0;0;0;0;0;2.502;2.502;0;5.143;7.645
TURCÂMBIO - CORRETORA DE CÂMBIO LTDA.;15482499;;;82334;n2;2;21;GAROPABA;SC;06/2017;0;0;0;0;0;0;0;0;0;0;0;0;0;0;0;0;5.292;5.292;0;2.213;7.505
COOPERATIVA DE CRÉDITO MÚTUO DOS SERVIDORES DA SEGURANÇA PÚBLICA DE SÃO PAULO - CREDIAFAM;4804353;;;;b3S;2;9;SAO PAULO;SP;06/2017;0;0;0;0;0;0;0;0;0;0;0;0;0;0;0;0;170;170;0;7.335;7.505
COOPERATIVA DE CRÉDITO MÚTUO DOS EMPREGADOS DA PILKINGTON BRASIL;2104058;;;;b3S;2;9;CACAPAVA;SP;06/2017;0;0;0;0;0;0;0;0;0;0;0;0;0;0;0;0;273;273;0;7.212;7.484
BRL TRUST DISTRIBUIDORA DE TÍTULOS E VALORES MOBILIÁRIOS S.A.;13486793;;;84277;n2;2;16;SAO PAULO;SP;06/2017;0;0;0;0;0;0;0;0;0;0;0;0;0;2;2;0;2.343;2.346;0;5.055;7.401
COOPERATIVA DE CRÉDITO DOS EMPREGADOS DO GRUPO AKZO NOBEL BRASIL - COOP AKZONOBEL;57996878;;;;b3S;2;9;MAUA;SP;06/2017;0;0;0;0;0;0;0;0;0;0;0;0;0;0;0;0;358;358;0;7.032;7.391
COOPERATIVA DE CRÉDITO MÚTUO DOS SERVIDORES DE ÓRGAOS GESTORES DE RECURSOS HÍDRICOS DO ESTADO DE SÃO PAULO - COOPERHIDRO;53800488;;;;b3S;2;9;SAO PAULO;SP;06/2017;0;0;0;2.101;0;2.101;0;0;0;0;0;0;0;0;2.101;0;130;2.231;0;5.139;7.370
COOPERATIVA DE ECONOMIA E CREDITO MUTUO DOS SERVIDORES DA COMLURB LTDA;29341260;;;;b3S;2;9;RIO DE JANEIRO;RJ;06/2017;0;0;0;0;0;0;0;0;0;0;0;0;0;0;0;0;202;202;0;7.137;7.339
RIO BRAVO INVESTIMENTOS - DISTRIBUIDORA DE TÍTULOS E VALORES MOBILIÁRIOS LTDA.;72600026;;;84136;n2;2;16;SAO PAULO;SP;06/2017;0;0;0;0;0;0;0;0;0;0;0;0;0;0;0;0;2.897;2.897;0;4.432;7.329
CREDJUST - COOPERATIVA DE CRÉDITO MÚTUO DOS INTEGRANTES DA JUSTIÇA DO TRABALHO DA 13ª REGIÃO LTDA.;4608925;;;;b3S;2;9;JOAO PESSOA;PB;06/2017;60;0;0;1.475;0;1.535;0;0;0;0;0;0;0;0;1.535;0;620;2.156;0;5.139;7.295
NOMINAL DISTRIBUIDORA DE TITULOS E VALORES MOBILIARIOS LTDA;76637263;;;83869;n2;2;16;RIO DE JANEIRO;RJ;06/2017;0;0;0;0;0;0;0;0;0;0;0;0;0;0;0;0;941;941;0;6.298;7.239
BESC-DISTRIBUIDORA DE TITULOS E VALORES MOBILIARIOS SA-BESCVAL;82518523;BB;49906;80329;n2;1;16;BRASILIA;DF;06/2017;0;0;0;0;0;0;0;0;0;0;0;0;0;0;0;0;53;53;0;7.176;7.229
COOPERATIVA DE CRÉDITO RURAL DOS PLANTADORES DE CANA DA REGIÃO DE IGARAPAVA;52623311;;;;b3S;2;9;IGARAPAVA;SP;06/2017;0;0;0;0;0;0;0;0;0;0;0;0;0;0;0;0;359;359;0;6.831;7.190
COOPERATIVA DE ECONOMIA E CRÉDITO MÚTUO DOS SERVIDORES MUNICIPAIS DE POÇOS DE CALDAS LTDA. - COOPOÇOS;41791005;;;;b3S;2;9;POCOS DE CALDAS;MG;06/2017;0;0;0;695;0;695;0;0;0;0;0;0;0;543;1.238;0;1.250;2.488;0;4.676;7.163
COOPERATIVA DE ECONOMIA E CREDITO MUTUO DOS SERVIDORES DA EMPRESA BRASILEIRA DE CORREIOS E TELEGRAFOS LTDA;42100982;;;;b3S;2;9;RIO DE JANEIRO;RJ;06/2017;0;0;0;0;0;0;0;0;0;0;0;0;0;0;0;0;197;197;0;6.960;7.158
COOPERATIVA DE ECONOMIA E CRÉDITO MÚTUO DOS FUNCIONÁRIOS DA OWENS CORNING FIBERGLAS AMÉRICA DO SUL;48172860;;;;b3S;2;9;RIO CLARO;SP;06/2017;0;0;0;2.488;0;2.488;0;0;0;0;0;0;0;0;2.488;0;163;2.651;0;4.498;7.149
FOURTRADE CORRETORA DE CÂMBIO LTDA.;40353377;;;81957;n2;2;21;RIO DE JANEIRO;RJ;06/2017;0;0;0;0;0;0;0;0;0;0;0;0;0;0;0;0;4.711;4.711;0;2.425;7.136
COOPERATIVA DE ECONOMIA E CREDITO MUTUO DOS EMPREGADOS DAS EMPRESAS DE TRANSPORTES COLETIVOS RODOVIÁRIOS DE PASSAGEIROS DO GRANDE RIO LTDA;141155;;;;b3S;2;9;SAO GONCALO;RJ;06/2017;0;0;0;0;0;0;0;0;0;0;0;0;0;0;0;0;784;784;0;6.343;7.127
COOPERATIVA DE CRÉDITO RURAL COM INTERAÇÃO SOLIDÁRIA DE IBAITI - CRESOL IBAITI;11239236;;;;b3S;2;9;IBAITI;PR;06/2017;279;0;0;1.552;0;1.831;0;0;0;0;0;0;0;0;1.831;0;4.753;6.584;0;536;7.120
HOYA CORRETORA DE VALORES E CAMBIO LTDA;34974170;;;82578;n2;2;15;RIO DE JANEIRO;RJ;06/2017;0;0;0;0;0;0;0;0;0;0;0;0;0;0;0;0;883;883;0;6.202;7.084
COOPERATIVA DE ECONOMIA E CRÉDITO MÚTUO DOS EMPREGADOS DO GRUPO SBF LTDA. - COOPER ATIVA SBF;2232228;;;;b3S;2;9;SAO PAULO;SP;06/2017;0;0;0;0;0;0;0;0;0;0;0;0;0;0;0;0;1.478;1.478;0;5.531;7.009
PILLA CORRETORA DE VALORES MOBILIÁRIOS E CÂMBIO LTDA.;92875780;;;82664;n2;2;15;PORTO ALEGRE;RS;06/2017;0;0;0;0;0;0;0;0;0;0;0;0;0;0;0;0;4.401;4.401;0;2.601;7.002
COOPERATIVA DE CRÉDITO RURAL SENHOR DO BONFIM LTDA. - SICOOB BONFIM;4317316;;;;b3S;2;9;SENHOR DO BONFIM;BA;06/2017;1.554;0;0;3.094;2;4.649;0;0;0;0;0;0;0;0;4.649;0;261;4.910;0;2.085;6.995
COOPERATIVA DE ECONOMIA E CRÉDITO MÚTUO DOS SERVIDORES DO DISTRITO FEDERAL LTDA. - COOSERVCRED;778858;;;;b3S;2;9;BRASILIA;DF;06/2017;0;0;0;1.485;0;1.485;0;0;0;0;0;0;0;0;1.485;0;772;2.258;0;4.730;6.987
COOPERATIVA DE CRÉDITO DOS EMPREGADOS DO IRB-BRASIL RE LTDA.;42153585;;;;b3S;2;9;RIO DE JANEIRO;RJ;06/2017;0;0;0;0;0;0;0;0;0;0;0;0;0;0;0;0;530;530;0;6.297;6.827
COOPERATIVA DE CRÉDITO MÚTUO DOS EMPREGADOS DO MAGAZINE LUIZA, EMPRESAS CONTROLADAS E COLIGADAS - COOPLUIZA;2093154;;;;b3S;2;9;FRANCA;SP;06/2017;0;0;0;125;0;125;0;0;0;0;0;0;0;0;125;0;326;451;0;6.373;6.824
COOPERATIVA DE CRÉDITO MÚTUO DOS FUNCIONÁRIOS DAS EMPRESAS FERROVIÁRIAS NO ESTADO DE SÃO PAULO;53932869;;;;b3S;2;9;OSASCO;SP;06/2017;0;0;0;0;0;0;0;0;0;0;0;0;0;0;0;0;178;178;0;6.557;6.734
COOPERATIVA DE ECONOMIA E CRÉDITO MÚTUO ALIANÇA - COOPERNITRO;52935442;;;;b3S;2;9;SAO PAULO;SP;06/2017;0;0;0;0;0;0;0;0;0;0;0;0;0;0;0;0;193;193;0;6.515;6.708
INDUSTRIAL DO BRASIL DISTRIBUIDORA DE TÍTULOS E VALORES MOBILIÁRIOS LTDA.;999403;INDUSTRIAL DO BRASIL;50988;80477;n2;2;16;SAO PAULO;SP;06/2017;0;0;0;0;0;0;0;0;0;0;0;0;0;0;0;0;1.800;1.800;0;4.857;6.656
COOPERATIVA DE ECONOMIA E CRÉDITO MÚTUO DOS SERVIDORES DA SECRETARIA DE DEFESA SOCIAL DO ESTADO DE MINAS GERAIS LTDA. - COOPSESP;5746715;;;;b3S;2;9;BELO HORIZONTE;MG;06/2017;0;0;0;892;0;892;0;0;0;0;0;0;0;0;892;0;479;1.371;0;5.284;6.655
COOPERATIVA DE CREDITO CLASSICA DOS FUNCIONARIOS E PRESTADORES DE SERVIÇOS DAS EMPRESAS LIGADAS AO GRUPO EUCATUR LTDA. - EUCRED;21110927;;;;b3S;2;9;JI-PARANA;RO;06/2017;844;0;0;3.954;0;4.797;0;0;0;0;0;0;0;0;4.797;0;321;5.119;0;1.454;6.572
COOPERATIVA DE ECONOMIA E CREDITO MUTUO DOS ADVOGADOS DO ESTADO DO RIO DE JANEIRO LTDA.;7755335;;;;b3S;2;9;RIO DE JANEIRO;RJ;06/2017;1.006;0;0;5.015;0;6.021;0;0;0;0;0;0;0;0;6.021;0;159;6.180;0;389;6.569
COOPERATIVA DE ECONOMIA E CRÉDITO MÚTUO DOS FUNCIONÁRIOS DAS EMPRESAS ITAÚ;43446335;;;;b3S;2;9;SAO PAULO;SP;06/2017;0;0;0;0;0;0;0;0;0;0;0;0;0;0;0;0;271;271;0;6.291;6.562
LEVYCAM - CORRETORA DE CAMBIO E VALORES LTDA.;50579044;;;82592;n2;2;15;SAO PAULO;SP;06/2017;0;0;0;0;0;0;0;0;0;0;0;0;0;146;146;0;4.208;4.354;0;2.178;6.532
COOPERATIVA DE CRÉDITO DOS SERVIDORES PÚBLICOS MUNICIPAIS DE TIMÓTEO LTDA. - COOPERTIM;20833976;;;;b3S;2;9;TIMOTEO;MG;06/2017;0;0;0;0;0;0;0;0;0;0;0;0;0;0;0;0;582;582;0;5.837;6.418
COOPERATIVA DE ECONOMIA E CRÉDITO MÚTUO DOS EMPREGADOS DA MAGNESITA REFRATÁRIOS S.A. LTDA. - CECREM;913314;;;;b3S;2;9;CONTAGEM;MG;06/2017;0;0;0;0;0;0;0;0;0;0;0;0;0;0;0;0;422;422;0;5.979;6.401
COOPERATIVA DE ECONOMIA E CRÉDITO MÚTUO DOS FUNCIONÁRIOS DE PARKER HANNIFIN;45214947;;;;b3S;2;9;JACAREI;SP;06/2017;0;0;0;0;0;0;0;0;0;0;0;0;0;0;0;0;418;418;0;5.850;6.268
HAITONG DO BRASIL DISTRIBUIDORA DE TÍTULOS E VALORES MOBILIÁRIOS S.A.;11406965;HAITONG;51482;80666;n2;3;16;SAO PAULO;SP;06/2017;0;0;0;0;0;0;0;0;0;0;0;0;0;0;0;0;2.175;2.175;0;4.051;6.225
SOL CORRETORA DE CÂMBIO LTDA.;8520517;;;82097;n2;2;21;NATAL;RN;06/2017;0;0;0;0;0;0;0;0;0;0;0;0;0;347;347;0;425;771;0;5.394;6.166
COOPERATIVA DE ECONOMIA E CRÉDITO MÚTUO DOS SERVIDORES DA FACULDADE DE ENGENHARIA DE ILHA SOLTEIRA - COOPERFEIS;96409263;;;;b3S;2;9;ILHA SOLTEIRA;SP;06/2017;0;0;0;0;0;0;0;0;0;0;0;0;0;0;0;0;117;117;0;6.021;6.138
TENDÊNCIA CORRETORA DE CÂMBIO, TÍTULOS E VALORES MOBILIÁRIOS LTDA.;58506221;;;82602;n2;2;15;SAO PAULO;SP;06/2017;0;0;0;0;0;0;0;0;0;0;0;0;0;0;0;0;5.193;5.193;0;933;6.126
COOPERATIVA DE CRÉDITO MÚTUO DOS EMPREGADOS EM INSTITUIÇÕES DO SISTEMA FINANCEIRO NAS REGIÕES DE SÃO PAULO E CAMPINAS (SP) - CREDISCOOP;3674133;;;;b3S;2;9;SAO PAULO;SP;06/2017;0;0;0;2.781;0;2.781;0;0;0;0;0;0;0;0;2.781;0;544;3.325;0;2.788;6.113
ORLA DISTRIBUIDORA DE TÍTULOS E VALORES MOBILIÁRIOS S.A.;92904564;;;83883;n2;2;16;RIO DE JANEIRO;RJ;06/2017;0;0;0;0;0;0;2.909;0;0;0;0;0;0;0;2.909;0;1.618;4.527;0;1.521;6.048
COOPERATIVA DE ECONOMIA E CRÉDITO MÚTUO DOS EMPREGADOS DA SAINT-GOBAIN DO BRASIL PRODUTOS INDUSTRIAIS E PARA CONSTRUÇÃO - DIVISÃO VIDRO PLANO;48140925;;;;b3S;2;9;MAUA;SP;06/2017;0;0;0;457;0;457;0;0;0;0;0;0;0;0;457;0;321;778;0;5.260;6.038
COOPERATIVA DE ECONOMIA E CRÉDITO MÚTUO DOS FUNCIONÁRIOS DA FACULDADE DE CIÊNCIAS AGRÁRIAS E VETERINÁRIAS - CAMPUS DE JABOTICABAL/SP - SICOOB COOPERFAC;57259525;;;;b3S;2;9;JABOTICABAL;SP;06/2017;0;0;0;3;0;3;0;0;0;0;0;0;0;142;146;0;404;549;0;5.463;6.013
BANCOOB DISTRIBUIDORA DE TÍTULOS E VALORES MOBILIÁRIOS LTDA.;7397614;BANCOOB;51750;80879;n2;2;16;BRASILIA;DF;06/2017;0;0;0;0;0;0;0;0;0;0;0;0;0;0;0;0;2.303;2.303;0;3.706;6.009
COOPERATIVA DE ECONOMIA E CRÉDITO MÚTUO DOS FUNCIONÁRIOS DA MORLAN;731320;;;;b3S;2;9;ORLANDIA;SP;06/2017;0;0;0;0;0;0;0;0;0;0;0;0;0;0;0;0;67;67;0;5.867;5.934
FUTURAINVEST DISTRIBUIDORA DE TÍTULOS E VALORES MOBILIÁRIOS LTDA.;18684408;;;84325;n2;2;16;SALVADOR;BA;06/2017;0;0;0;0;0;0;0;0;0;0;0;0;0;0;0;0;5.280;5.280;0;644;5.924
COOPERATIVA DE ECONOMIA E CRÉDITO MÚTUO DOS FUNCIONÁRIOS DO GRUPO GERDAU - AÇOS FINOS PIRATINI;88952130;;;;b3S;2;9;CHARQUEADAS;RS;06/2017;0;0;0;150;0;150;0;0;0;0;0;0;0;0;150;0;421;570;0;5.348;5.918
COOPERATIVA DE CRÉDITO DOS EMPREGADOS DA COMPANHIA INDUSTRIAL CATAGUASES E DA BAUMINAS LTDA. - SICOOB COOPECIC;19495266;;;;b3S;2;9;CATAGUASES;MG;06/2017;0;0;0;0;0;0;0;0;0;0;0;0;0;0;0;0;641;641;0;5.196;5.837
COOPERATIVA DE ECONOMIA E CRÉDITO MÚTUO DOS FABRICANTES DE CALÇADOS DE SAPIRANGA LTDA.;5841967;;;;b3S;2;9;SAPIRANGA;RS;06/2017;1.146;0;0;2.373;0;3.519;0;0;0;0;0;0;0;0;3.519;0;187;3.706;0;2.072;5.778
GDC PARTNERS SERVIÇOS FIDUCIÁRIOS DISTRIBUIDORA DE TÍTULOS E VALORES MOBILIÁRIOS LTDA.;10749264;;;84208;n2;2;16;RIO DE JANEIRO;RJ;06/2017;0;0;0;0;0;0;0;0;0;0;0;0;0;0;0;0;4.993;4.993;0;720;5.713
COOPERATIVA DE ECONOMIA E CRÉDITO MÚTUO DOS EMPREGADOS DOS SUPERMERCADOS RUSSI;2230138;;;;b3S;2;9;JUNDIAI;SP;06/2017;0;0;0;0;0;0;0;0;0;0;0;0;0;0;0;0;414;414;0;5.272;5.686
COOPERATIVA DE CRÉDITO DOS FUNCIONÁRIOS DAS  SECRETARIAS DA AGRICULTURA, MEIO AMBIENTE E DESENVOLVIMENTO AGRÍCOLA DO ESTADO DE SÃO PAULO - COOPERCERES;2208747;;;;b3S;2;9;SAO PAULO;SP;06/2017;0;0;0;0;0;0;0;0;0;0;0;0;0;0;0;0;116;116;0;5.538;5.653
BBM ADMINISTRAÇÃO DE RECURSOS DISTRIBUIDORA DE TÍTULOS E VALORES MOBILIÁRIOS S.A.;2276653;;;84631;n2;2;16;SALVADOR;BA;06/2017;0;0;0;0;0;0;0;0;0;0;0;0;0;0;0;0;24;24;0;5.615;5.639
COOPERATIVA DE ECONOMIA E CRÉDITO MÚTUO DOS TRABALHADORES DA UNIVERSIDADE FEDERAL DE MINAS GERAIS LTDA. - COOPECREMT-UFMG;1918144;;;;b3S;2;9;BELO HORIZONTE;MG;06/2017;0;0;0;1.055;0;1.055;0;0;0;0;0;0;0;0;1.055;0;289;1.344;0;4.292;5.636
COOPERATIVA DE CRÉDITO MÚTUO DOS PRAÇAS E OFICIAIS DA POLÍCIA MILITAR DO ESTADO DE SÃO PAULO - COOPERACS- SP;7030145;;;;b3S;2;9;SAO PAULO;SP;06/2017;0;0;0;154;0;154;0;0;0;0;0;0;0;367;521;0;742;1.263;0;4.347;5.610
CONECTA CORRETORA DE CÂMBIO LTDA.;18287740;;;82406;n2;2;21;SALVADOR;BA;06/2017;0;0;0;0;0;0;0;0;0;0;0;0;0;0;0;0;4.260;4.260;0;1.350;5.609
COOPERATIVA DE CRÉDITO MÚTUO DOS FUNCIONÁRIOS DA RICLAN;6077760;;;;b3S;2;9;RIO CLARO;SP;06/2017;0;0;0;479;0;479;0;0;0;0;0;0;0;0;479;0;116;595;0;5.013;5.608
COOPERATIVA DE ECONOMIA E CRÉDITO MÚTUO DOS EMPREGADOS DA MONSANTO;59133793;;;;b3S;2;9;SAO PAULO;SP;06/2017;0;0;0;0;0;0;0;0;0;0;0;0;0;0;0;0;336;336;0;5.118;5.453
CAROL DISTRIBUIDORA DE TITULOS E VALORES MOBILIARIOS LTDA.;62237649;;;84095;n2;2;16;SAO PAULO;SP;06/2017;0;0;0;0;0;0;0;0;0;0;0;0;0;0;0;0;2.526;2.526;0;2.916;5.442
MONEY PLUS SOCIEDADE DE CRÉDITO AO MICROEMPREENDEDOR E A EMPRESA DE PEQUENO PORTE LTDA.;11581339;;;83292;n1;2;10;SAO PAULO;SP;06/2017;0;0;0;0;0;0;0;0;0;0;0;0;0;0;0;0;2.624;2.624;0;2.785;5.409
LLA - DISTRIBUIDORA DE TÍTULOS E VALORES MOBILIÁRIOS LTDA.;67600379;ANDBANK;51949;81256;n2;3;16;SAO PAULO;SP;06/2017;0;0;0;0;0;0;0;0;0;0;0;0;0;0;0;0;4.730;4.730;0;611;5.341
COOPERATIVA DE ECONOMIA E CRÉDITO MÚTUO DOS EMPREGADOS DAS EMPRESAS SIDERÚRGICAS, METALÚRGICAS E ELETRO-MECÂNICAS DE JOÃO MONLEVADE LTDA. - SICOOB CREDIBELGO;24235459;;;;b3S;2;9;JOAO MONLEVADE;MG;06/2017;0;0;0;16;0;16;0;0;0;0;0;0;0;359;375;0;758;1.133;0;4.178;5.312
COOPERATIVA DE ECONOMIA E CRÉDITO MÚTUO DOS EMPREGADOS, APOSENTADOS E PENSIONISTAS DA COMPANHIA ESTADUAL DE ENERGIA ELÉTRICA E ELETRICITÁRIOS DO RIO GRANDE DO SUL   CRECE;92825397;;;;b3S;2;9;PORTO ALEGRE;RS;06/2017;12;0;0;2.894;0;2.906;0;0;0;0;0;0;0;0;2.906;0;405;3.311;0;1.965;5.276
COOPERATIVA DE ECONOMIA E CRÉDITO MÚTUO SERVIDORES PÚBLICOS ATIVOS, INATIVOS E PENSIONISTAS DA ADMINISTRAÇÃO DIRETA, INDIRETA E ASSEMBLÉIA LEGISLATIVA DO ESTADO DO RIO GRANDE SUL - COOPSERGS;5591437;;;;b3S;2;9;PORTO ALEGRE;RS;06/2017;0;0;0;0;0;0;0;0;0;0;0;0;0;0;0;0;3.556;3.556;0;1.695;5.251
COIN-DISTRIBUIDORA DE TITULOS E VALORES MOBILIARIOS LTDA;61384004;COINVALORES;51561;80707;n2;2;16;SAO PAULO;SP;06/2017;0;0;0;0;0;0;0;0;0;0;0;0;0;0;0;0;3.491;3.491;0;1.746;5.236
COOPERATIVA DE ECONOMIA E CRÉDITO MÚTUO DOS EMPREGADOS DA COELBA E DA CHESF LTDA.   SICOOB COPELBA;86784089;;;;b3S;2;9;SALVADOR;BA;06/2017;26;0;0;190;0;216;0;0;0;0;0;0;0;0;216;0;371;587;0;4.606;5.194
COOPERATIVA DE ECONOMIA E CRÉDITO MÚTUO DOS EMPREGADOS DAS EMPRESAS PLASCAR;17411307;;;;b3S;2;9;JUNDIAI;SP;06/2017;0;0;0;0;0;0;0;0;0;0;0;0;0;0;0;0;339;339;0;4.803;5.142
COOPERATIVA DE CREDITO DE MENDES LTDA;28572261;;;;b3S;2;9;MENDES;RJ;06/2017;945;0;0;3.101;0;4.047;0;0;0;0;0;0;0;0;4.047;0;178;4.225;0;846;5.071
COOPERATIVA DE ECONOMIA E CREDITO MUTUO DOS SERVIDORES DA ASCAR/EMATER-RS LTDA-CRESAL;90278987;;;;b3S;2;9;PORTO ALEGRE;RS;06/2017;0;0;0;1.863;0;1.863;0;0;0;0;0;0;0;0;1.863;0;160;2.023;0;2.986;5.009
COOPERATIVA DE CRÉDITO DOS METALÚRGICOS DO ABC - CREDABC;5740092;;;;b3S;2;9;SAO BERNARDO DO CAMPO;SP;06/2017;0;0;0;1.249;0;1.249;0;0;0;0;0;0;0;0;1.249;0;81;1.330;0;3.656;4.986
COOPERATIVA DE ECONOMIA E CRÉDITO MÚTUO DOS EMPREGADOS DA VALE FERTILIZANTES DE UBERABA - COPERURA LTDA.;17607375;;;;b3S;2;9;UBERABA;MG;06/2017;0;0;0;0;0;0;0;0;0;0;0;0;0;0;0;0;247;247;0;4.719;4.966
RELIANCE - DISTRIBUIDORA DE TÍTULOS E VALORES MOBILIÁRIOS LTDA.;4215594;;;83742;n2;2;16;SAO PAULO;SP;06/2017;0;0;0;0;0;0;0;0;0;0;0;0;0;0;0;0;2.161;2.161;0;2.708;4.869
COOPERATIVA DE ECONOMIA E CRÉDITO MÚTUO DOS EMPREGADOS DA JOLIMODE ROUPAS E EMPRESAS COLIGADAS LTDA;28244622;;;;b3S;2;9;RIO DE JANEIRO;RJ;06/2017;0;0;0;0;0;0;0;0;0;0;0;0;0;0;0;0;161;161;0;4.446;4.607
COOPERATIVA DE ECONOMIA E CRÉDITO MÚTUO DOS EMPRESÁRIOS DA REGIÃO METROPOLITANA DE PATOS - SICOOB SERTÃO PARAIBANO;22150505;;;;b3S;2;9;PATOS;PB;06/2017;1.451;0;0;1.395;0;2.847;0;0;0;0;0;0;0;208;3.055;0;306;3.361;0;1.099;4.460
BOA VIAGEM SOCIEDADE CORRETORA DE CÂMBIO LTDA.;6373777;;;82080;n2;2;21;RECIFE;PE;06/2017;0;0;0;0;0;0;0;0;0;0;0;0;0;0;0;0;1.731;1.731;0;2.714;4.445
COOPERATIVA DE ECONOMIA E CREDITO MUTUO DOS FUNCIONARIOS DO GRUPO MAUA LTDA;5048575;;;;b3S;2;9;SAO GONCALO;RJ;06/2017;0;0;0;0;0;0;0;0;0;0;0;0;0;0;0;0;500;500;0;3.932;4.431
COOPERATIVA DE ECONOMIA E CREDITO MUTUO DOS FUNCIONARIOS DO EXPRESSO PRINCESA DOS CAMPOS;1551820;;;;b3S;2;9;PONTA GROSSA;PR;06/2017;0;0;0;0;0;0;0;0;0;0;0;0;0;0;0;0;18;18;0;4.366;4.384
BRX CORRETORA DE CÂMBIO LTDA.;17904906;;;82413;n2;2;21;RIO DE JANEIRO;RJ;06/2017;0;0;0;0;0;0;0;0;0;0;0;0;0;0;0;0;2.733;2.733;0;1.633;4.365
COOPSEBRAE - COOPERATIVA DE CRÉDITO MÚTUO DOS FUNCIONÁRIOS DO SEBRAE/PB, SEBRAE/RN E SESC, SENAC E SENAR EM JOÃO PESSOA;41219353;;;;b3S;2;9;JOAO PESSOA;PB;06/2017;0;0;0;1.146;6;1.152;0;0;0;0;0;0;0;0;1.152;0;211;1.363;0;2.950;4.313
DEBONI DISTRIBUIDORA DE TITULOS E VALORES MOBILIARIOS LTDA;77162881;;;84150;n2;2;16;CURITIBA;PR;06/2017;0;0;0;0;0;0;0;0;0;0;0;0;0;0;0;0;986;986;0;3.326;4.312
COOPERATIVA DE ECONOMIA E CRÉDITO MÚTUO DOS EMPREGADOS DAS INDÚSTRIAS UNILEVER DO BRASIL;53272365;;;;b3S;2;9;VALINHOS;SP;06/2017;0;0;0;0;0;0;0;0;0;0;0;0;0;0;0;0;328;328;0;3.960;4.288
COOPERATIVA DE ECONOMIA E CRÉDITO MÚTUO DOS FUNCIONÁRIOS DA ELGIN;45045671;;;;b3S;2;9;MOGI DAS CRUZES;SP;06/2017;0;0;0;0;0;0;0;0;0;0;0;0;0;0;0;0;247;247;0;3.977;4.224
COOPERATIVA DE ECONOMIA E CRÉDITO MÚTUO DOS EMPREGADOS DA ALCATEL-LUCENT BRASIL;62781232;;;;b3S;2;9;SAO PAULO;SP;06/2017;0;0;0;0;0;0;0;0;0;0;0;0;0;0;0;0;122;122;0;4.098;4.219
J. ALVES CORRETORA DE CAMBIO LTDA;69078350;;;82176;n2;2;21;SAO PAULO;SP;06/2017;0;0;0;0;0;0;0;0;0;0;0;0;0;0;0;0;1.957;1.957;0;2.240;4.197
COOPERATIVA DE ECONOMIA E CREDITO MUTUO DOS EMPREGADOS DOS LABORATORIOS B.BRAUN LTDA;30586895;;;;b3S;2;9;SAO GONCALO;RJ;06/2017;0;0;0;0;0;0;0;0;0;0;0;0;0;0;0;0;338;338;0;3.838;4.177
COOPERATIVA DE ECONOMIA E CRÉDITO MÚTUO DOS SERVIDORES DA UNESP - COOPUNESP;69136075;;;;b3S;2;9;RIO CLARO;SP;06/2017;0;0;0;1.047;0;1.047;0;0;0;0;0;0;0;0;1.047;0;90;1.137;0;3.005;4.141
COOPERATIVA DE ECONOMIA E CREDITO MUTUO DOS FUNCIONARIOS DE INSTITUICOES FINANCEIRAS PUBLICAS NO ESTADO DO ESPIRITO SANTO - CREDBRASIL-ES;2869663;;;;b3S;2;9;VITORIA;ES;06/2017;0;0;0;288;0;288;0;0;0;0;0;0;0;0;288;0;684;972;0;3.155;4.126
COOPERATIVA DE CRÉDITO RURAL COM INTERAÇÃO SOLIDÁRIA DO MATO GROSSO DO SUL - CRESOL MS;23256599;;;;b3S;2;9;GLORIA DE DOURADOS;MS;06/2017;334;0;0;2.259;0;2.593;0;0;0;0;0;0;0;72;2.665;0;431;3.096;0;986;4.081
COOPERATIVA DE CRÉDITO MÚTUO DOS EMPREGADOS DA FIAÇÃO ALPINA - COOPERALPINA;55319370;;;;b3S;2;9;MORUNGABA;SP;06/2017;0;0;0;0;0;0;0;0;0;0;0;0;0;0;0;0;56;56;0;3.998;4.054
COOPESTADO - COOPERATIVA DE ECONOMIA E CRÉDITO MÚTUO DOS SERVIDORES PÚBLICOS NA REGIÃO METROPOLITANA DO ESTADO DO RIO DE JANEIRO LIMITADA;4995006;;;;b3S;2;9;RIO DE JANEIRO;RJ;06/2017;0;0;0;0;0;0;0;0;0;0;0;0;0;0;0;0;897;897;0;3.121;4.018
PENTAGONO S/A DISTRIBUIDORA DE TITULOS E VALORES MOBILIARIOS;17343682;;;83773;n2;2;16;RIO DE JANEIRO;RJ;06/2017;0;0;0;0;0;0;0;0;0;0;0;0;0;0;0;0;1.628;1.628;0;2.365;3.993
COOPERATIVA DE ECONOMIA E CRÉDITO MÚTUO DOS FUNCIONÁRIOS DA DANA;50654300;;;;b3S;2;9;OSASCO;SP;06/2017;0;0;0;0;0;0;0;0;0;0;0;0;0;0;0;0;80;80;0;3.911;3.991
ADVALOR DISTRIBUIDORA DE TÍTULOS E VALORES MOBILIÁRIOS LTDA;33824012;;;83797;n2;2;16;RIO DE JANEIRO;RJ;06/2017;0;0;0;0;0;0;0;0;0;0;0;0;0;0;0;0;551;551;0;3.432;3.982
PACIFIC INVEST DISTRIBUIDORA DE TITULOS E VALORES MOBILIARIOS LTDA;73279093;;;84143;n2;2;16;JOACABA;SC;06/2017;0;0;0;0;0;0;0;0;0;0;0;0;0;0;0;0;1.143;1.143;0;2.818;3.960
COOPERATIVA DE ECONOMIA E CREDITO MUTUO DOS SERVIDORES MUNICIPAIS DO SUL FLUMINENSE LTDA.;1819799;;;;b3S;2;9;VOLTA REDONDA;RJ;06/2017;0;0;0;0;0;0;0;0;0;0;0;0;0;0;0;0;457;457;0;3.492;3.950
COOPERATIVA DE ECONOMIA E CRÉDITO MÚTUO DOS SERVIDORES DA CNC SESC E SENAC ADMINISTRAÇÕES NACIONAIS LTDA;30304919;;;;b3S;2;9;RIO DE JANEIRO;RJ;06/2017;0;0;0;0;0;0;0;0;0;0;0;0;0;0;0;0;480;480;0;3.421;3.901
UNILETRA CORRETORA DE CÂMBIO, TÍTULOS E VALORES MOBILIÁRIOS S.A.;28156214;DACASA FINANCEIRA;51891;81005;n2;2;15;VITORIA;ES;06/2017;0;0;0;0;0;0;0;0;0;0;0;0;0;0;0;0;3.257;3.257;0;599;3.855
COOPERATIVA DE CRÉDITO MÚTUO DOS SERVIDORES DO MINISTÉRIO DA SAÚDE EM MACEIÓ - SAUDECRED;5728016;;;;b3S;2;9;MACEIO;AL;06/2017;73;0;0;583;0;656;0;0;0;0;0;0;0;0;656;0;327;983;0;2.825;3.808
COOPERATIVA DE CRÉDITO MÚTUO DOS FUNCIONÁRIOS DA PERPART E DO IPA - COOPEMATER;11356599;;;;b3S;2;9;RECIFE;PE;06/2017;0;0;0;0;0;0;0;0;0;0;0;0;0;0;0;0;476;476;0;3.319;3.795
COOPERATIVA DE ECONOMIA E CRÉDITO MÚTUO DOS EMPREGADOS DA RECKITT BENCKISER;44223196;;;;b3S;2;9;SAO PAULO;SP;06/2017;0;0;0;0;0;0;0;0;0;0;0;0;0;0;0;0;76;76;0;3.616;3.692
TORRE CORRETORA DE CÂMBIO LTDA;57582264;;;82138;n2;2;21;SAO PAULO;SP;06/2017;0;0;0;0;0;0;0;0;0;0;0;0;0;0;0;0;2.095;2.095;0;1.571;3.666
VISION S.A. CORRETORA DE CAMBIO;4062902;;;81892;n2;2;21;SAO PAULO;SP;06/2017;0;0;0;0;0;0;0;0;0;0;0;0;0;0;0;0;1.446;1.446;0;2.220;3.665
DASCAM CORRETORA DE CÂMBIO LTDA.;65645137;;;81964;n2;2;21;SAO PAULO;SP;06/2017;0;0;0;0;0;0;0;0;0;0;0;0;0;0;0;0;792;792;0;2.874;3.665
COOPERATIVA DE CRÉDITO MÚTUO DOS TRABALHADORES DO SETOR AEROESPACIAL DE SÃO JOSE DOS CAMPOS - COSAE;8227676;;;;b3S;2;9;SAO JOSE DOS CAMPOS;SP;06/2017;0;0;0;471;0;471;0;0;0;0;0;0;0;55;526;0;113;639;0;3.017;3.656
COOPERATIVA DE CRÉDITO MÚTUO DOS FUNCIONÁRIOS DA CAMDA-COCREALPA - CREDI-CAMDA;5165103;;;;b3S;2;9;ADAMANTINA;SP;06/2017;0;0;0;0;0;0;0;0;0;0;0;0;0;0;0;0;435;435;0;3.141;3.576
COOPERATIVA DE CRÉDITO DOS EMPREGADOS DAS EMPRESAS DO GRUPPO M&G NO BRASIL;62605290;;;;b3S;2;9;POCOS DE CALDAS;MG;06/2017;0;0;0;0;0;0;0;0;0;0;0;0;0;0;0;0;141;141;0;3.364;3.505
UNIÃO ALTERNATIVA CORRETORA DE CÂMBIO LTDA.;17508380;;;82396;n2;2;21;PORTO ALEGRE;RS;06/2017;0;0;0;0;0;0;0;0;0;0;0;0;0;0;0;0;1.000;1.000;0;2.469;3.469
COOPERATIVA DE CRÉDITO MÚTUO DOS SERVIDORES MUNICIPAIS DE BEBEDOURO - COOCRESB.;5969937;;;;b3S;2;9;BEBEDOURO;SP;06/2017;0;0;0;602;0;602;0;0;0;0;0;0;0;483;1.085;0;44;1.129;0;2.293;3.422
COOPERATIVA DE ECONOMIA E CRÉDITO MÚTUO DOS FUNCIONÁRIOS DA ANDORINHA - COFASA;64761471;;;;b3S;2;9;PRESIDENTE PRUDENTE;SP;06/2017;0;0;0;0;0;0;0;0;0;0;0;0;0;0;0;0;115;115;0;3.307;3.421
EXECUTIVE CORRETORA DE CÂMBIO LTDA.;19086249;;;82468;n2;2;21;NOVO HAMBURGO;RS;06/2017;0;0;0;0;0;0;0;0;0;0;0;0;0;0;0;0;592;592;0;2.820;3.413
COOPERATIVA DE ECONOMIA E CRÉDITO MÚTUO DOS FUNCIONÁRIOS DA ACUMENT BRASIL;45068632;;;;b3S;2;9;ATIBAIA;SP;06/2017;0;0;0;0;0;0;0;0;0;0;0;0;0;0;0;0;212;212;0;3.186;3.398
HSCM - SOCIEDADE DE CRÉDITO AO MICROEMPREENDEDOR E À EMPRESA DE PEQUENO PORTE LTDA.;7693858;;;83089;n1;2;10;IBIA;MG;06/2017;0;0;0;0;0;0;0;0;0;0;0;0;0;0;0;0;1.043;1.043;0;2.340;3.383
LABOR SOCIEDADE CORRETORA DE CÂMBIO LTDA.;6132348;;;82073;n2;2;21;RECIFE;PE;06/2017;0;0;0;0;0;0;0;0;0;0;0;0;0;0;0;0;304;304;0;3.009;3.313
COOPERATIVA DE CRÉDITO MÚTUO DOS EMPREGADOS EM EMPRESAS ADMINISTRADORAS DE AEROPORTOS - AEROCRED;5292849;;;;b3S;2;9;GUARULHOS;SP;06/2017;0;0;0;0;0;0;0;0;0;0;0;0;0;0;0;0;40;40;0;3.195;3.235
COOPERATIVA DE ECONOMIA E CRÉDITO MÚTUO DOS COLABORADORES DA COOPEDER LTDA. - CREDER;21130869;;;;b3S;2;9;BELO HORIZONTE;MG;06/2017;0;0;0;0;0;0;0;0;0;0;0;0;0;0;0;0;289;289;0;2.911;3.201
COOPERATIVA DE CRÉDITO DE LIVRE ADMISSÃO SUL MARANHENSE - SICOOB SUL MARANHENSE;26526166;;;;b3S;2;9;BALSAS;MA;06/2017;1.560;0;0;55;0;1.615;0;0;0;0;0;0;0;0;1.615;0;756;2.371;0;806;3.178
COOPERATIVA DE CRÉDITO RURAL ASCOOB PARAGUASSU;4588258;;;;b3S;2;9;GOVERNADOR MANGABEIRA;BA;06/2017;754;0;0;1.872;0;2.626;0;0;0;0;0;0;0;238;2.863;0;109;2.973;0;201;3.174
COOPERATIVA DE ECONOMIA E CREDITO MUTUO DOS SERVIDORES PUBLICOS MUNICIPAIS DE PORTO ALEGRE;3990888;;;;b3S;2;9;PORTO ALEGRE;RS;06/2017;0;0;0;37;0;37;0;0;0;0;0;0;0;0;37;0;1.398;1.435;0;1.725;3.160
DOURADA CORRETORA DE CÂMBIO LTDA.;76641497;;;82224;n2;2;21;CURITIBA;PR;06/2017;0;0;0;0;0;0;0;0;0;0;0;0;0;285;285;0;592;877;0;2.241;3.118
COOPERATIVA DE ECONOMIA E CRÉDITO MÚTUO DOS FUNCIONÁRIOS DAS EMPRESAS DE CERÂMICA - COOPASPACER;2541707;;;;b3S;2;9;SANTA GERTRUDES;SP;06/2017;0;0;0;2.064;0;2.064;0;0;0;0;0;0;0;0;2.064;0;49;2.113;0;991;3.104
MELHOR - CORRETORA DE CÂMBIO LTDA.;13839639;;;82279;n2;2;21;CURITIBA;PR;06/2017;0;0;0;0;0;0;0;0;0;0;0;0;0;0;0;0;1.055;1.055;0;2.044;3.099
COOPERATIVA DE ECONOMIA E CRÉDITO MÚTUO DOS FUNCIONÁRIOS DA DANA INDÚSTRIAS;91018408;;;;b3S;2;9;GRAVATAI;RS;06/2017;0;0;0;0;0;0;0;0;0;0;0;0;0;0;0;0;104;104;0;2.952;3.055
MS SOCIEDADE DE CRÉDITO AO MICROEMPREENDEDOR E À EMPRESA DE PEQUENO PORTE LTDA;17826860;;;83333;n1;2;10;FORTALEZA;CE;06/2017;0;0;0;0;0;0;0;0;0;0;0;0;0;0;0;0;351;351;0;2.689;3.040
COOPERATIVA DE CRÉDITO MÚTUO DOS FUNCIONÁRIOS PÚBLICOS DO PODER JUDICIÁRIO DA CAPITAL DO ESTADO DE SÃO PAULO - JUDCRED;7651495;;;;b3S;2;9;SAO PAULO;SP;06/2017;0;0;0;0;0;0;0;0;0;0;0;0;0;86;86;0;405;491;0;2.538;3.029
COOPERATIVA DE ECONOMIA E CRÉDITO MÚTUO DOS FUNCIONÁRIOS DOS CORREIOS NOS ESTADOS DO RIO GRANDE DO SUL, SANTA CATARINA E PARANÁ - CREDCORREIOS;87956355;;;;b3S;2;9;PORTO ALEGRE;RS;06/2017;100;0;0;79;0;179;0;0;0;0;0;0;0;0;179;0;348;527;0;2.501;3.028
COOPERATIVA DE CRÉDITO RURAL E SERVIDORES PÚBLICOS DE MINEIROS GOIÁS;5491616;;;;b3S;2;9;MINEIROS;GO;06/2017;540;0;0;1.507;0;2.048;0;0;0;0;0;0;0;0;2.048;0;77;2.124;0;895;3.019
POLO CORRETORA DE CÂMBIO LTDA.;17902616;;;82437;n2;2;21;PORTO ALEGRE;RS;06/2017;0;0;0;0;0;0;0;0;0;0;0;0;0;0;0;0;292;292;0;2.653;2.945
COOPERATIVA DE ECONOMIA E CRÉDITO MÚTUO DOS FUNCIONÁRIOS DA NAKATA;9128022;;;;b3S;2;9;OSASCO;SP;06/2017;0;0;0;0;0;0;0;0;0;0;0;0;0;0;0;0;42;42;0;2.826;2.867
ICATU DISTRIBUIDORA DE TÍTULOS E VALORES MOBILIÁRIOS LTDA.;3282508;;;83735;n2;2;16;RIO DE JANEIRO;RJ;06/2017;0;0;0;0;0;0;0;0;0;0;0;0;0;0;0;0;437;437;0;2.394;2.830
CONSEGTUR CORRETORA DE CÂMBIO LTDA.;15168152;;;82303;n2;2;21;SAO PAULO;SP;06/2017;0;0;0;0;0;0;0;0;0;0;0;0;0;0;0;0;1.947;1.947;0;811;2.758
COOPERATIVA DE ECONOMIA E CREDITO MUTUO DOS SERVIDORES DO COLEGIO PEDRO II;2910387;;;;b3S;2;9;RIO DE JANEIRO;RJ;06/2017;0;0;0;0;0;0;0;0;0;0;0;0;0;0;0;0;213;213;0;2.505;2.718
RB CAPITAL DISTRIBUIDORA DE TÍTULOS E VALORES MOBILIÁRIOS LTDA.;89960090;;;84174;n2;2;16;SAO PAULO;SP;06/2017;0;0;0;0;0;0;0;0;0;0;0;0;0;0;0;0;113;113;0;2.602;2.714
CREDICORES - COOPERATIVA DE ECONOMIA E CRÉDITO MÚTUO DOS PROFISSIONAIS DA ÁREA DE SEGUROS DO ESPÍRITO SANTO;2996857;;;;b3S;2;9;VITORIA;ES;06/2017;713;0;0;1.203;0;1.917;0;0;0;0;0;0;0;0;1.917;0;241;2.157;0;526;2.684
CARTOS SOCIEDADE DE CRÉDITO AO MICROEMPREENDEDOR E À EMPRESA DE PEQUENO PORTE LTDA.;21332862;;;84442;n1;2;10;SAO PAULO;SP;06/2017;0;0;0;0;0;0;0;0;0;0;0;0;0;0;0;0;146;146;0;2.465;2.611
POSITIVA CORRETORA DE TÍTULOS E VALORES MOBILIÁRIOS S.A.;40161713;NSG CAPITAL;51640;80752;n2;2;15;RIO DE JANEIRO;RJ;06/2017;0;0;0;0;0;0;0;0;0;0;0;0;0;0;0;0;6.182;6.182;0;-3.573;2.609
COOPERATIVA DE ECONOMIA E CRÉDITO MÚTUO DOS FUNCIONÁRIOS DA SELENE;72952138;;;;b3S;2;9;CERQUILHO;SP;06/2017;0;0;0;0;0;0;0;0;0;0;0;0;0;0;0;0;164;164;0;2.431;2.596
BR-CAPITAL DISTRIBUIDORA DE TÍTULOS E VALORES MOBILIÁRIOS S.A.;44077014;;;83814;n2;2;16;SAO PAULO;SP;06/2017;0;0;0;0;0;0;0;0;0;0;0;0;0;0;0;0;580;580;0;2.009;2.589
COOPERATIVA DE ECONOMIA E CRÉDITO MÚTUO DOS SERVIDORES DA POLÍCIA MILITAR DO ESTADO DE SÃO PAULO DA REGIÃO CENTRO-OESTE PAULISTA - CREDMIL;4152107;;;;b3S;2;9;BAURU;SP;06/2017;0;0;0;668;0;668;0;0;0;0;0;0;0;0;668;0;172;840;0;1.722;2.562
COOPERATIVA DE ECONOMIA E CRÉDITO MÚTUO DOS FUNCIONÁRIOS DAS EMPRESAS DE ENERGIA ELÉTRICA DO ESTADO DE SÃO PAULO - COOPENERG;52301496;;;;b3S;2;9;SAO PAULO;SP;06/2017;17;0;0;1.504;0;1.521;0;0;0;0;0;0;0;0;1.521;0;284;1.805;0;746;2.552
COOPERATIVA DE ECONOMIA E CRÉDITO MÚTUO DOS EMPREGADOS DO GRUPO PARAMOUNT;88183173;;;;b3S;2;9;SAPUCAIA DO SUL;RS;06/2017;0;0;0;0;0;0;0;0;0;0;0;0;0;0;0;0;192;192;0;2.355;2.547
CREDEXTRA - COOPERATIVA DE ECONOMIA E CRÉDITO MÚTUO DOS EMPREGADOS DA REALMAR DISTRIBUIDORA LTDA;4899135;;;;b3S;2;9;SERRA;ES;06/2017;0;0;0;0;0;0;0;0;0;0;0;0;0;0;0;0;333;333;0;2.176;2.509
COOPERATIVA DE ECONOMIA E CREDITO MUTUO DOS FUNCIONARIOS DA GKN DO BRASIL LTDA;5331882;;;;b3S;2;9;PORTO ALEGRE;RS;06/2017;0;0;0;0;0;0;0;0;0;0;0;0;0;0;0;0;44;44;0;2.450;2.495
SANTINVEST S.A. DISTRIBUIDORA DE TÍTULOS E VALORES MOBILIÁRIOS;122328;SANTINVEST;50816;80446;n2;2;16;FLORIANOPOLIS;SC;06/2017;0;0;0;0;0;0;0;0;0;0;0;0;0;0;0;0;14;14;0;2.469;2.483
NUMBER ONE SOCIEDADE CORRETORA DE CAMBIO LTDA.;68742204;;;81988;n2;2;21;RIO DE JANEIRO;RJ;06/2017;0;0;0;0;0;0;0;0;0;0;0;0;0;0;0;0;971;971;0;1.510;2.480
DECYSEO CORRETORA DE CAMBIO LTDA.;94968518;;;82248;n2;2;21;SAO PAULO;SP;06/2017;0;0;0;0;0;0;0;0;0;0;0;0;0;0;0;0;1.349;1.349;0;1.085;2.434
GÁVEA DISTRIBUIDORA DE TÍTULOS E VALORES MOBILIÁRIOS LTDA;7253654;;;83986;n2;2;16;RIO DE JANEIRO;RJ;06/2017;0;0;0;0;0;0;0;0;0;0;0;0;0;0;0;0;31;31;0;2.401;2.432
COOPERATIVA DE ECONOMIA E CRÉDITO MÚTUO DOS EMPREGADOS DA PONTIFÍCIA UNIVERSIDADE CATÓLICA DO RIO DE JANEIRO E EMPREGADOS EM ESTABELECIMENTOS PRIVADOS DE ENSINO DO MUNICÍPIO DO RIO DE JANEIRO LTDA.;42445122;;;;b3S;2;9;RIO DE JANEIRO;RJ;06/2017;0;0;0;88;0;88;0;0;0;0;0;0;0;0;88;0;288;376;0;2.048;2.424
COOPERATIVA DE ECONOMIA E CRÉDITO MÚTUO DOS EMPREGADOS DA EATON LTDA.;43553049;;;;b3S;2;9;SAO JOSE DOS CAMPOS;SP;06/2017;0;0;0;0;0;0;0;0;0;0;0;0;0;0;0;0;61;61;0;2.347;2.407
VIP'S CORRETORA DE CÂMBIO LTDA.;17772370;;;82444;n2;2;21;SAO PAULO;SP;06/2017;0;0;0;0;0;0;0;0;0;0;0;0;0;0;0;0;278;278;0;2.118;2.396
COOPERATIVA DE CRÉDITO RURAL DE PEQUENOS AGRICULTORES E DA REFORMA AGRÁRIA DO CENTRO OESTE DO PARANÁ - CREHNOR LARANJEIRAS;1330387;;;;b3S;2;9;LARANJEIRAS DO SUL;PR;06/2017;139;0;0;1.097;0;1.237;0;0;0;0;0;0;0;0;1.237;0;538;1.775;0;603;2.378
COOPERATIVA DE ECONOMIA E CREDITO MUTUO DOS EMPREGADOS DE ESTABELECIMENTOS HOSPITALARES DO SUL DO ESTADO DO ESPIRITO SANTO - SULCRED;31746993;;;;b3S;2;9;CACHOEIRO DE ITAPEMIRIM;ES;06/2017;25;0;0;0;0;25;0;0;0;0;0;0;0;0;25;0;240;265;0;2.093;2.359
COOPERATIVA DE ECONOMIA E CRÉDITO MÚTUO DOS FUNCIONÁRIOS DA ASSEMBLÉIA LEGISLATIVA DO ESTADO DA PARAÍBA LTDA. -  COOPERLEGIS;41146382;;;;b3S;2;9;JOAO PESSOA;PB;06/2017;0;0;0;0;0;0;0;0;0;0;0;0;0;0;0;0;125;125;0;2.223;2.347
COLUNA S/A. DISTRIBUIDORA DE TITULOS E VALORES MOBILIÁRIOS;460065;;;83728;n2;2;16;RIO DE JANEIRO;RJ;06/2017;0;0;0;0;0;0;0;0;0;0;0;0;0;0;0;0;1.318;1.318;0;1.019;2.336
NUMATUR CORRETORA DE CÂMBIO LTDA.;18145784;;;82451;n2;2;21;SAO PAULO;SP;06/2017;0;0;0;0;0;0;0;0;0;0;0;0;0;0;0;0;85;85;0;2.238;2.323
COOPSERJ - COOPERATIVA DE CRÉDITO MÚTUO DOS SERVIDORES PÚBLICOS DO PODER EXECUTIVO DO ESTADO DO RIO DE JANEIRO LTDA.;2723075;;;;b3S;2;9;RIO DE JANEIRO;RJ;06/2017;267;0;0;0;0;267;0;0;0;0;0;0;0;0;267;0;642;909;0;1.379;2.288
ICLA TRUST DISTRIBUIDORA DE TÍTULOS E VALORES MOBILIÁRIOS S.A.;10274584;NSG CAPITAL;51640;80752;n2;2;16;RIO DE JANEIRO;RJ;06/2017;0;0;0;0;0;0;0;0;0;0;0;0;0;0;0;0;7.243;7.243;0;-5.028;2.216
COOPERATIVA DE ECONOMIA E CRÉDITO MÚTUO DOS FUNCIONÁRIOS DA USINA SANTA MARIA - PILONCRED;1107759;;;;b3S;2;9;CERQUILHO;SP;06/2017;0;0;0;0;0;0;0;0;0;0;0;0;0;0;0;0;97;97;0;2.095;2.192
COOPERATIVA DE ECONOMIA E CRÉDITO MÚTUO DOS SERVIDORES DA UNIVERSIDADE ESTADUAL DO SUDOESTE DA BAHIA (UESB) - CREDIUESB;3606488;;;;b3S;2;9;VITORIA DA CONQUISTA;BA;06/2017;152;0;0;1.092;0;1.244;0;0;0;0;0;0;0;0;1.244;0;59;1.303;0;881;2.185
COOPERATIVA DE CRÉDITO MÚTUO DOS FUNCIONÁRIOS DA FIEP, SESI, SENAI, IEL E COND EDIFÍCIO AGOSTINHO VELLOSO DA SILVEIRA (CEAVS) - CREDFISP LTDA.;5747018;;;;b3S;2;9;CAMPINA GRANDE;PB;06/2017;0;0;0;0;0;0;0;0;0;0;0;0;0;0;0;0;329;329;0;1.832;2.161
COOPERATIVA DE ECONOMIA E CRÉDITO MÚTUO DOS EMPREGADOS DA EMPRESA SUPERMERCADOS JAU SERVE - COOPERJS;3400651;;;;b3S;2;9;JAU;SP;06/2017;0;0;0;0;0;0;0;0;0;0;0;0;0;0;0;0;92;92;0;2.034;2.127
AMAZÔNIA CORRETORA DE CÂMBIO LTDA.;16927221;;;82365;n2;2;21;MANAUS;AM;06/2017;0;0;0;0;0;0;0;0;0;0;0;0;0;0;0;0;452;452;0;1.672;2.125
COOPERATIVA DE CRÉDITO DOS FUNCIONÁRIOS DO GRUPO PPG;3657230;;;;b3S;2;9;SUMARE;SP;06/2017;0;0;0;0;0;0;0;0;0;0;0;0;0;0;0;0;10;10;0;2.102;2.112
COOPERATIVA DE ECONOMIA E CRÉDITO MÚTUO DOS EMPREGADOS DO GRUPO ALCOA EM PERNAMBUCO;8931800;;;;b3S;2;9;ITAPISSUMA;PE;06/2017;0;0;0;0;0;0;0;0;0;0;0;0;0;0;0;0;180;180;0;1.928;2.108
COOPERATIVA DE ECONOMIA E CREDITO MUTUO DOS FUNCIONARIOS DA VIACAO NOSSA SENHORA DO AMPARO LTDA. - COPERFAMP;2192115;;;;b3S;2;9;MARICA;RJ;06/2017;0;0;0;90;0;90;0;0;0;0;0;0;0;0;90;0;156;246;0;1.839;2.084
SOCRED S.A. - SOCIEDADE DE CRÉDITO AO MICROEMPREENDEDOR;9210106;;;83247;n1;2;10;BELEM;PA;06/2017;0;0;0;0;0;0;0;0;0;0;0;0;0;0;0;0;48;48;0;2.030;2.078
INTRADER DISTRIBUIDORA DE TÍTULOS E VALORES MOBILIÁRIOS LTDA;15489568;;;84301;n2;2;16;SAO PAULO;SP;06/2017;0;0;0;0;0;0;0;0;0;0;0;0;0;0;0;0;200;200;0;1.875;2.076
LASTRO RDV DISTRIBUIDORA DE TÍTULOS E VALORES MOBILIÁRIOS LTDA.;71590442;;;84129;n2;2;16;ARARAS;SP;06/2017;0;0;0;0;0;0;0;0;0;0;0;0;0;0;0;0;819;819;0;1.238;2.057
COOPERATIVA DE ECONOMIA E CRÉDITO MÚTUO DOS EMPREGADOS DAS EMPRESAS DE DIVERSÕES DO ESTADO DE SÃO PAULO;68314921;;;;b3S;2;9;SAO PAULO;SP;06/2017;0;0;0;0;0;0;0;0;0;0;0;0;0;227;227;0;118;345;0;1.702;2.047
COOPERATIVA DE ECONOMIA E CRÉDITO MÚTUO DOS EMPREGADOS DA HELIBRAS - HELICOOP;41790809;;;;b3S;2;9;ITAJUBA;MG;06/2017;0;0;0;0;0;0;0;0;0;0;0;0;0;0;0;0;38;38;0;2.002;2.039
CORREPARTI CORRETORA DE CAMBIO LTDA;80202872;;;82231;n2;2;21;SAO JOSE DOS PINHAIS;PR;06/2017;0;0;0;0;0;0;0;0;0;0;0;0;0;0;0;0;1.240;1.240;0;759;2.000
COOPERATIVA DE ECONOMIA E CRÉDITO MÚTUO DOS SERVIDORES ESTADUAIS DO PODER EXECUTIVO DO ESTADO DO ACRE EM RIO BRANCO - CBCRED-ACRE;3232959;;;;b3S;2;9;RIO BRANCO;AC;06/2017;142;0;0;1.085;0;1.227;0;0;0;0;0;0;0;0;1.227;0;101;1.328;0;648;1.976
PLANNER TRUSTEE DISTRIBUIDORA DE TÍTULOS E VALORES MOBILIÁRIOS LTDA.;67030395;PLANNER;51341;80587;n2;2;16;SAO PAULO;SP;06/2017;0;0;0;0;0;0;0;0;0;0;0;0;0;0;0;0;1.190;1.190;0;774;1.964
COOPERATIVA DE ECONOMIA E CREDITO MUTUO DOS SERVIDORES DA UERJ LTDA. - COOPUERJ;28885036;;;;b3S;2;9;RIO DE JANEIRO;RJ;06/2017;0;0;0;0;0;0;0;0;0;0;0;0;0;0;0;0;433;433;0;1.528;1.961
COOPERATIVA DE CRÉDITO RURAL DO SERTÃO ALAGOANO ASCOOB COCREAL;7564184;;;;b3S;2;9;PAO DE ACUCAR;AL;06/2017;42;0;0;271;0;313;0;0;0;0;0;0;0;475;788;0;77;865;0;1.071;1.936
CREFAZ SOCIEDADE DE CRÉDITO AO MICROEMPREENDEDOR E A EMPRESA DE PEQUENO PORTE LTDA.;18188384;;;83357;n1;2;10;MARINGA;PR;06/2017;0;0;0;0;0;0;0;0;0;0;0;0;0;0;0;0;1.029;1.029;0;870;1.899
BEXS CORRETORA DE CÂMBIO S/A;52937216;BEXS;51743;80862;n2;2;21;SAO PAULO;SP;06/2017;0;0;0;0;0;0;0;0;0;0;0;0;0;0;0;0;460;460;0;1.436;1.896
COOPERATIVA DE ECONOMIA E CREDITO MUTUO DOS TRABALHADORES EM CONSELHOS DE FISCALIZACAO PROFISSIONAL NO MUNICIPIO DO RIO DE JANEIRO LTDA.;2850075;;;;b3S;2;9;RIO DE JANEIRO;RJ;06/2017;0;0;0;0;0;0;0;0;0;0;0;0;0;0;0;0;140;140;0;1.752;1.893
GLOBAL FINANÇAS SOCIEDADE DE CRÉDITO AO MICROEMPREENDEDOR E À EMPRESA DE PEQUENO PORTE LTDA.;11165756;;;83278;n1;2;10;AMERICANA;SP;06/2017;0;0;0;0;0;0;0;0;0;0;0;0;0;16;16;0;214;230;0;1.658;1.888
SICOOB CREDICONT - COOPERATIVA ECONOMIA CRÉDITO MÚTUO EMPREGADOS EMPRESAS INDUSTRIAIS, COMERCIAIS,DE ASSIST. TÉCNICA E LOCADORAS, NAS ÁREAS DE METALURGIA E MAT. ELÉTRICO REGIÕES SÃO PAULO E CAMPINAS;56882988;;;;b3S;2;9;HORTOLANDIA;SP;06/2017;0;0;0;0;0;0;0;0;0;0;0;0;0;0;0;0;1.353;1.353;0;524;1.877
GOOD CORRETORA DE CÂMBIO LTDA;23010182;;;84521;n2;2;21;PORTO ALEGRE;RS;06/2017;0;0;0;0;0;0;0;0;0;0;0;0;0;0;0;0;291;291;0;1.577;1.868
COOPERATIVA DE CRÉDITO DOS SERVIDORES DO MINISTÉRIO DA AGRICULTURA, PECUÁRIA E ABASTECIMENTO NA REGIÃO METROPOLITANA DE BELÉM;83347294;;;;b3S;2;9;BELEM;PA;06/2017;0;0;0;0;0;0;0;0;0;0;0;0;0;0;0;0;137;137;0;1.731;1.867
COOPERATIVA DE ECONOMIA E CRÉDITO MÚTUO DOS PEQUENOS EMPRESÁRIOS, MICROEMPRESÁRIOS E MICROEMPREENDEDORES DA REGIÃO METROPOLITANA DE PORTO ALEGRE - COOPESA;6975532;;;;b3S;2;9;PORTO ALEGRE;RS;06/2017;545;0;0;882;0;1.427;0;0;0;0;0;0;0;0;1.427;0;131;1.558;0;308;1.866
ARC CORRETORA DE CAMBIO, ASSOCIADOS GOUVEIA, CAMPEDELLI S.A.;4684647;;;82066;n2;2;21;SANTOS;SP;06/2017;0;0;0;0;0;0;0;0;0;0;0;0;0;0;0;0;907;907;0;952;1.859
COOPERATIVA DE CRÉDITO RURAL DO AGRESTE ALAGOANO - COOPERAGRE;8482873;;;;b3S;2;9;IGACI;AL;06/2017;93;0;0;335;0;428;0;0;0;0;0;0;0;572;1.000;0;132;1.132;0;721;1.853
COOPERATIVA DE CRÉDITO MÚTUO DOS EMPREGADOS DAS INDÚSTRIAS DO PAPEL, PAPELÃO E CORTIÇA DE OTACÍLIO COSTA, LAGES E CORREA PINTO - PAPELCREDI;6369729;;;;b3S;2;9;OTACILIO COSTA;SC;06/2017;0;0;0;1.039;0;1.039;0;0;0;0;0;0;0;0;1.039;0;15;1.055;0;758;1.813
PÓLOCRED   SOCIEDADE DE CRÉDITO AO MICROEMPREENDEDOR E À EMPRESA DE PEQUENO PORTE LTDA.;7945233;;;83106;n1;2;10;FLORIANOPOLIS;SC;06/2017;0;0;0;0;0;0;0;0;0;0;0;0;0;193;193;0;1.021;1.214;0;596;1.809
COOPERATIVA DE ECONOMIA E CRÉDITO MÚTUO DOS FUNCIONÁRIOS DAS INSTITUIÇÕES DE SERVIÇO SOCIAL AUTÔNOMO EM MANAUS LTDA.;2321862;;;;b3S;2;9;MANAUS;AM;06/2017;0;0;0;0;0;0;0;0;0;0;0;0;0;0;0;0;238;238;0;1.565;1.803
MONOPÓLIO CORRETORA DE CÂMBIO LTDA.;34666362;;;84356;n2;2;21;BELEM;PA;06/2017;0;0;0;0;0;0;0;0;0;0;0;0;0;134;134;0;370;503;0;1.264;1.767
COOPERATIVA DE ECONOMIA E CRÉDITO MÚTUO DOS EMPREGADOS DA ALSTOM;88043187;;;;b3S;2;9;CANOAS;RS;06/2017;0;0;0;404;0;404;0;0;0;0;0;0;0;0;404;0;38;442;0;1.293;1.735
FOCO DISTRIBUIDORA DE TÍTULOS E VALORES MOBILIÁRIOS LTDA.;329598;;;83924;n2;2;16;SAO PAULO;SP;06/2017;0;0;0;0;0;0;0;0;0;0;0;0;0;0;0;0;1.486;1.486;0;246;1.732
CALTEC DISTRIBUIDORA DE TÍTULOS E VALORES MOBILIÁRIOS LTDA.;14425205;;;84291;n2;2;16;RIO DE JANEIRO;RJ;06/2017;0;0;0;0;0;0;0;0;0;0;0;0;0;0;0;0;199;199;0;1.521;1.720
COOPERATIVA DE ECONOMIA E CRÉDITO MÚTUO DOS SERVENTUÁRIOS DA CIMENTO TUPI S.A. E EMPRESAS COLIGADAS LTDA. - TUPICRED;19551787;;;;b3S;2;9;CARANDAI;MG;06/2017;0;0;0;0;0;0;0;0;0;0;0;0;0;0;0;0;183;183;0;1.519;1.702
COOPERATIVA DE CREDITO RURAL COM INTERACAO SOLIDARIA DE OLIVEIRA DOS BREJINHOS - CRESOL OLIVEIRA DOS BREJINHOS;5428587;;;;b3S;2;9;OLIVEIRA DOS BREJINHOS;BA;06/2017;40;0;0;934;0;974;0;0;0;0;0;0;0;174;1.148;0;28;1.176;0;509;1.684
COOPERATIVA DE CRÉDITO DE CAPITAL E EMPRÉSTIMO DOS FUNCIONÁRIOS DA SAÚDE DO SETOR PRIVADO DE MANAUS LTDA - COOPCRESP MANAUS;34503581;;;;b3S;2;9;MANAUS;AM;06/2017;0;0;0;0;0;0;0;0;0;0;0;0;0;0;0;0;235;235;0;1.447;1.681
CENTRAL DAS COOPERATIVAS DE ECONOMIA E CRÉDITO MÚTUO DO ESTADO DO ESPÍRITO SANTO LTDA. - CECOOPES;5790149;;;;b3C;2;9;VITORIA;ES;06/2017;80;0;0;0;0;80;0;0;0;0;0;0;0;0;80;0;1.195;1.274;0;403;1.678
COOPERATIVA DE ECONOMIA E CREDITO MUTUO DOS EMPREGADOS DO COLEGIO SANTO INACIO - COESI;2447184;;;;b3S;2;9;RIO DE JANEIRO;RJ;06/2017;0;0;0;0;0;0;0;0;0;0;0;0;0;0;0;0;21;21;0;1.641;1.662
COOPERATIVA DE ECONOMIA E CRÉDITO MÚTUO DOS BANCÁRIOS DO TRIÂNGULO LTDA.;1301541;;;;b3S;2;9;UBERLANDIA;MG;06/2017;0;0;0;0;0;0;0;0;0;0;0;0;0;0;0;0;1.047;1.047;0;600;1.647
COOPERATIVA DE ECONOMIA E CRÉDITO MÚTUO DOS FUNCIONÁRIOS DA GERDAU S/A-UNIDADE MOGI DAS CRUZES;52575206;;;;b3S;2;9;MOGI DAS CRUZES;SP;06/2017;0;0;0;0;0;0;0;0;0;0;0;0;0;0;0;0;93;93;0;1.542;1.635
COOPERATIVA DE ECONOMIA E CRÉDITO MÚTUO DOS EMPREGADOS DA BECTON DICKINSON INDÚSTRIAS CIRÚRGICAS LTDA., LTDA.;21597133;;;;b3S;2;9;JUIZ DE FORA;MG;06/2017;0;0;0;0;0;0;0;0;0;0;0;0;0;0;0;0;100;100;0;1.527;1.628
COOPERATIVA DE CRÉDITO MÚTUO DOS SERVIDORES PÚBLICOS DA ESTÂNCIA TURÍSTICA DE RIBEIRÃO PIRES - CREDIRP;4587402;;;;b3S;2;9;RIBEIRAO PIRES;SP;06/2017;0;0;0;0;0;0;0;0;0;0;0;0;0;0;0;0;61;61;0;1.563;1.624
COOPERATIVA DE ECONOMIA E CRÉDITO MÚTUO DOS EMPREGADOS DO SEBRAE BAHIA - COOPSOL;5658367;;;;b3S;2;9;SALVADOR;BA;06/2017;0;0;0;0;0;0;0;0;0;0;0;0;0;0;0;0;152;152;0;1.448;1.600
LÚMINA CORRETORA DE CÂMBIO LTDA.;15122605;;;82310;n2;2;21;SALVADOR;BA;06/2017;0;0;0;0;0;0;0;0;0;0;0;0;0;0;0;0;139;139;0;1.440;1.578
COOPERATIVA DE ECONOMIA E CRÉDITO MÚTUO DOS EMPREGADOS DO GRUPO METALAC - COOPERMETA;65594772;;;;b3S;2;9;SOROCABA;SP;06/2017;0;0;0;0;0;0;0;0;0;0;0;0;0;0;0;0;98;98;0;1.477;1.574
COOPERATIVA DE CRÉDITO DOS EMPREGADOS DO GRUPO COPERSUCAR E CTC - UNICOPER;977212;;;;b3S;2;9;SAO PAULO;SP;06/2017;0;0;0;0;0;0;0;0;0;0;0;0;0;0;0;0;120;120;0;1.447;1.567
AVS CORRETORA DE CÂMBIO LTDA.;25280945;;;84590;n2;2;21;CURITIBA;PR;06/2017;0;0;0;0;0;0;0;0;0;0;0;0;0;0;0;0;451;451;0;1.116;1.566
COOPERATIVA DE ECONOMIA E CRÉDITO MÚTUO DOS COMERCIANTES DO VESTUÁRIO, CONFECÇÕES E ROCHAS ORNAMENTAIS - CREDSUL.;2330334;;;;b3S;2;9;CACHOEIRO DE ITAPEMIRIM;ES;06/2017;8;0;0;664;0;672;0;0;0;0;0;0;0;16;688;0;194;882;0;678;1.559
NGO ASSOCIADOS CORRETORA DE CÂMBIO LTDA.;65635377;;;82152;n2;2;21;SAO PAULO;SP;06/2017;0;0;0;0;0;0;0;0;0;0;0;0;0;0;0;0;539;539;0;1.017;1.557
ATLANTA SOCIEDADE DE CRÉDITO AO MICROEMPREENDEDOR LTDA;4772908;;;83034;n1;2;10;PASSOS;MG;06/2017;0;0;0;0;0;0;0;0;0;0;0;0;0;0;0;0;12;12;0;1.469;1.480
COOPERATIVA DE ECONOMIA E CREDITO MUTUO DOS EMPREGADOS DA CIA DE ELETRICIDADE DO ESTADO DO RJ CREDICERJ LTDA;30138226;;;;b3S;2;9;NITEROI;RJ;06/2017;54;0;0;0;0;54;0;0;0;0;0;0;0;0;54;0;304;357;0;1.113;1.470
JOHN DEERE DISTRIBUIDORA DE TÍTULOS E VALORES MOBILIÁRIOS LTDA.;87963450;JOHN DEERE;50071;80343;n2;3;16;INDAIATUBA;SP;06/2017;0;0;0;0;0;0;0;0;0;0;0;0;0;0;0;0;9;9;0;1.454;1.462
COOPERATIVA DE ECONOMIA E CRÉDITO MÚTUO DOS FUNCIONÁRIOS DE ZANETTINI BAROSSI;52218849;;;;b3S;2;9;SAO PAULO;SP;06/2017;0;0;0;0;0;0;0;0;0;0;0;0;0;0;0;0;117;117;0;1.336;1.453
CP & FRIZZO - DISTRIBUIDORA DE TÍTULOS E VALORES MOBILIÁRIOS LTDA;62264924;;;83838;n2;2;16;SAO PAULO;SP;06/2017;0;0;0;0;0;0;0;0;0;0;0;0;0;0;0;0;138;138;0;1.314;1.452
CREDBRASIL - SOCIEDADE DE CRÉDITO AO MICROEMPREENDEDOR LTDA;3635061;;;83003;n1;2;10;PAULINIA;SP;06/2017;0;0;0;0;0;0;0;0;0;0;0;0;0;0;0;0;169;169;0;1.282;1.451
LAMARA SOCIEDADE DE CRÉDITO AO MICROEMPREENDEDOR E A EMPRESA DE PEQUENO PORTE LTDA;19324634;;;84394;n1;2;10;FORTALEZA;CE;06/2017;0;0;0;0;0;0;0;0;0;0;0;0;0;0;0;0;451;451;0;988;1.438
COOPERATIVA DE ECONOMIA E CRÉDITO MÚTUO DOS FUNCIONÁRIOS DO GRUPO VOTORANTIM LIMITADA.;75174953;;;;b3S;2;9;RIO BRANCO DO SUL;PR;06/2017;0;0;0;0;0;0;0;0;0;0;0;0;0;0;0;0;45;45;0;1.374;1.419
EXIM CORRETORA DE CAMBIO LTDA;73302408;;;82217;n2;2;21;PORTO ALEGRE;RS;06/2017;0;0;0;0;0;0;0;0;0;0;0;0;0;0;0;0;1.019;1.019;0;396;1.415
COOPERATIVA DE CRÉDITO MÚTUO DOS TRABALHADORES DO SISTEMA FINANCEIRO DE CURITIBA E REGIÃO - COOPCREFI;6942423;;;;b3S;2;9;CURITIBA;PR;06/2017;9;0;0;412;0;420;0;0;0;0;0;0;0;0;420;0;25;446;0;968;1.414
ONNIX CORRETORA DE CÂMBIO LTDA.;7333726;;;82011;n2;2;21;PORTO ALEGRE;RS;06/2017;0;0;0;0;0;0;0;0;0;0;0;0;0;0;0;0;744;744;0;661;1.405
FRAM CAPITAL DISTRIBUIDORA DE TÍTULOS E VALORES MOBILIÁRIOS S.A.;13673855;;;84253;n2;2;16;SAO PAULO;SP;06/2017;0;0;0;0;0;0;0;0;0;0;0;0;0;0;0;0;654;654;0;747;1.401
COOPERATIVA DE ECONOMIA E CRÉDITO MÚTUO DOS EMPREGADOS DA UNIFI - CREDIUNIFI;3685335;;;;b3S;2;9;SAO PAULO;SP;06/2017;0;0;0;0;0;0;0;0;0;0;0;0;0;0;0;0;42;42;0;1.301;1.343
CORPAL SOCIEDADE DE CRÉDITO AO MICROEMPREENDEDOR E ÀS EMPRESAS DE PEQUENO PORTE LTDA.;7327045;;;83216;n1;2;10;DOURADOS;MS;06/2017;0;0;0;0;0;0;0;0;0;0;0;0;0;0;0;0;225;225;0;1.111;1.336
COOPESA-COOPERATIVA DE ECONOMIA E CREDITO MUTUO DOS FUNCIONARIOS DA COESA TRANSPORTES E EMPRESAS COLIGADAS LTDA;68848563;;;;b3S;2;9;SAO GONCALO;RJ;06/2017;0;0;0;0;0;0;0;0;0;0;0;0;0;0;0;0;109;109;0;1.209;1.318
COOPERATIVA DE ECONOMIA E CRÉDITO MÚTUO DOS FUNCIONÁRIOS DA FUNDACAO EDUCACIONAL DE BARRETOS - COOPERFEB;2846074;;;;b3S;2;9;BARRETOS;SP;06/2017;0;0;0;0;0;0;0;0;0;0;0;0;0;0;0;0;19;19;0;1.295;1.314
COOPERATIVA DE ECONOMIA E CRÉDITO MÚTUO DOS EMPREGADOS DA FUNDAÇÃO ARTHUR BERNARDES LTDA. - COOFAB;2738981;;;;b3S;2;9;VICOSA;MG;06/2017;0;0;0;0;0;0;0;0;0;0;0;0;0;0;0;0;116;116;0;1.197;1.313
PLANNER SOCIEDADE DE CRÉDITO AO MICROEMPREENDEDOR S.A.;5684234;PLANNER;51341;80587;n1;2;10;SAO PAULO;SP;06/2017;0;0;0;0;0;0;0;0;0;0;0;0;0;0;0;0;1;1;0;1.304;1.305
COOPERATIVA DE ECONOMIA E CRÉDITO MÚTUO DOS FUNCIONÁRIOS DO GRUPO SUGGAR LTDA.;548980;;;;b3S;2;9;BELO HORIZONTE;MG;06/2017;0;0;0;0;0;0;0;0;0;0;0;0;0;0;0;0;83;83;0;1.221;1.304
EBADIVAL - E. BAGGIO DISTRIBUIDORA DE TÍTULOS E VALORES MOBILIÁRIOS LTDA.;89784367;;;83876;n2;2;16;CURITIBA;PR;06/2017;0;0;0;0;0;0;0;0;0;0;0;0;0;0;0;0;70;70;0;1.234;1.304
VORTX DISTRIBUIDORA DE TITULOS E VALORES MOBILIARIOS LTDA.;22610500;;;84538;n2;2;16;SAO PAULO;SP;06/2017;0;0;0;0;0;0;0;0;0;0;0;0;0;0;0;0;246;246;0;1.039;1.285
COOPERATIVA DE CRÉDITO RURAL ASCOOB SUDOESTE;3071386;;;;b3S;2;9;BARRA DO CHOCA;BA;06/2017;331;0;0;782;0;1.113;0;0;0;0;0;0;0;164;1.276;0;158;1.434;0;-153;1.281
COOPERATIVA DE ECONOMIA E CRÉDITO MÚTUO DOS SERVIDORES PÚBLICOS DO LITORAL NORTE DO RIO GRANDE DO SUL   CRESOL COOPERSLIN;11051952;;;;b3S;2;9;TORRES;RS;06/2017;25;0;0;477;0;503;0;0;0;0;0;0;0;438;941;0;27;968;0;310;1.278
COOPERATIVA DE ECONOMIA E CREDITO MUTUO DOS TRABALHADORES DO GRUPO EMPRESARIAL ITATIAIA LTDA. - COOPERITA;20177390;;;;b3S;2;9;UBA;MG;06/2017;0;0;0;0;0;0;0;0;0;0;0;0;0;0;0;0;176;176;0;1.096;1.272
SINGRATUR CORRETORA DE CÂMBIO LTDA;16854999;;;82389;n2;2;21;MARINGA;PR;06/2017;0;0;0;0;0;0;0;0;0;0;0;0;0;0;0;0;115;115;0;1.151;1.265
COOPERATIVA DE ECONOMIA E CREDITO MUTUO DOS FUNCIONARIOS DA FMC LTDA;42258376;;;;b3S;2;9;RIO DE JANEIRO;RJ;06/2017;0;0;0;0;0;0;0;0;0;0;0;0;0;0;0;0;46;46;0;1.189;1.235
COOPERATIVA DE ECONOMIA E CREDITO MUTUO DOS EMPREGADOS NAS INDUSTRIAS QUIMICAS, FARMACEUTICAS E SIMILARES DA REGIAO METROPOLITANA DO RIO DE JANEIRO LTDA;5424088;;;;b3S;2;9;SAO GONCALO;RJ;06/2017;0;0;0;0;0;0;0;0;0;0;0;0;0;0;0;0;155;155;0;1.062;1.217
INTERMEDIUM DISTRIBUIDORA DE TÍTULOS E VALORES MOBILIÁRIOS LTDA.;18945670;INTERMEDIUM;51884;80996;n2;2;16;BELO HORIZONTE;MG;06/2017;0;0;0;0;0;0;0;0;0;0;0;0;0;0;0;0;352;352;0;862;1.214
FUTURA SOCIEDADE DE CREDITO AO MICROEMPREENDEDOR LTDA.;6039009;;;83199;n1;2;10;JOAO PESSOA;PB;06/2017;0;0;0;0;0;0;0;0;0;0;0;0;0;0;0;0;31;31;0;1.174;1.205
COOPERATIVA DE ECONOMIA E CRÉDITO MÚTUO DOS  EMPREGADOS DO BANCO DA AMAZÔNIA;2827982;;;;b3S;2;9;BELEM;PA;06/2017;0;0;0;112;0;112;0;0;0;0;0;0;0;0;112;0;355;467;0;719;1.186
COOPERATIVA DE ECONOMIA E CRÉDITO MÚTUO DOS EMPREGADOS DAS EMPRESAS SOMART LTDA.;129753;;;;b3S;2;9;URUCANIA;MG;06/2017;0;0;0;0;0;0;0;0;0;0;0;0;0;0;0;0;119;119;0;1.062;1.182
COOPERATIVA DE ECONOMIA E CRÉDITO MÚTUO DOS TRABALHADORES EM SANEAMENTO BÁSICO NO ESTADO DO ESPÍRITO SANTO - CECMESB-ES;27418557;;;;b3S;2;9;VITORIA;ES;06/2017;0;0;0;0;0;0;0;0;0;0;0;0;0;0;0;0;108;108;0;1.051;1.159
COOPERATIVA DE ECONOMIA E CRÉDITO MÚTUO DE RIO CLARO - COOPRIOCLARO;56396682;;;;b3S;2;9;RIO CLARO;SP;06/2017;0;0;0;32;0;32;0;0;0;0;0;0;0;97;129;0;105;234;0;923;1.156
SIMPLIFIC PAVARINI DISTRIBUIDORA DE TÍTULOS E VALORES MOBILIÁRIOS LTDA;15227994;;;83766;n2;2;16;RIO DE JANEIRO;RJ;06/2017;0;0;0;0;0;0;0;0;0;0;0;0;0;0;0;0;269;269;0;879;1.148
CONEXION CORRETORA DE CÂMBIO LTDA.;17635177;;;82420;n2;2;21;RIBEIRAO PRETO;SP;06/2017;0;0;0;0;0;0;0;0;0;0;0;0;0;0;0;0;324;324;0;822;1.147
COOPERATIVA DE CRÉDITO RURAL DO AGRESTE CENTRAL ALAGOANO LTDA. - COOPCRAL;8202793;;;;b3S;2;9;ARAPIRACA;AL;06/2017;13;0;0;137;0;150;0;0;0;0;0;0;0;523;673;0;22;695;0;441;1.136
JN-MAXI CORRETORA DE CÂMBIO LTDA.;20283069;;;84370;n2;2;21;SALVADOR;BA;06/2017;0;0;0;0;0;0;0;0;0;0;0;0;0;0;0;0;476;476;0;660;1.136
COOPERATIVA DE ECONOMIA E CREDITO MUTUO DOS EMPREGADOS DO GRUPO USINA PAINEIRAS LTDA - CRED-PAN;27140946;;;;b3S;2;9;ITAPEMIRIM;ES;06/2017;0;0;0;0;0;0;0;0;0;0;0;0;0;0;0;0;83;83;0;1.008;1.091
SCB CRÉDITO SOCIEDADE DE CRÉDITO AO MICROEMPREENDEDOR E À EMPRESA DE PEQUENO PORTE LTDA.;8430732;;;83230;n1;2;10;FORTALEZA;CE;06/2017;0;0;0;0;0;0;0;0;0;0;0;0;0;0;0;0;215;215;0;866;1.081
COOPERATIVA DE CRÉDITO MÚTUO DOS SERVIDORES PÚBLICOS MUNICIPAIS DE JABOTICABAL - COOPERSERV;881829;;;;b3S;2;9;JABOTICABAL;SP;06/2017;0;0;0;0;0;0;0;0;0;0;0;0;0;0;0;0;99;99;0;966;1.065
COOPERATIVA DE CRÉDITO RURAL DE ECONOMIA SOLIDÁRIA DE CODAJÁS - CODCRED;17015842;;;;b3S;2;9;CODAJAS;AM;06/2017;55;0;0;726;0;780;0;0;0;0;0;0;0;0;780;0;7;787;0;255;1.042
SAGITUR CORRETORA DE CÂMBIO LTDA.;61444949;;;84648;n2;2;21;SAO PAULO;SP;06/2017;0;0;0;0;0;0;0;0;0;0;0;0;0;0;0;0;160;160;0;876;1.036
FIDUCIAL DISTRIBUIDORA DE TÍTULOS E VALORES MOBILIÁRIOS LTDA.;10280601;;;84198;n2;2;16;BELO HORIZONTE;MG;06/2017;0;0;0;0;0;0;0;0;0;0;0;0;0;0;0;0;61;61;0;969;1.030
MEGA CORRETORA DE CÂMBIO LTDA.;15077393;;;82327;n2;2;21;RIO CLARO;SP;06/2017;0;0;0;0;0;0;0;0;0;0;0;0;0;0;0;0;47;47;0;973;1.020
VNK SOCIEDADE DE CRÉDITO AO MICROEMPREENDEDOR E À EMPRESA DE PEQUENO PORTE LTDA.;20269566;;;84404;n1;2;10;FORTALEZA;CE;06/2017;0;0;0;0;0;0;0;0;0;0;0;0;0;0;0;0;123;123;0;881;1.004
COOPERATIVA DE CRÉDITO RURAL ASCOOB COOPEC - ASCOOB COOPEC;9244973;;;;b3S;2;9;POCO VERDE;SE;06/2017;71;0;0;263;0;333;0;0;0;0;0;0;0;303;637;0;23;660;0;327;986
COOPERATIVA DE ECONOMIA E CRÉDITO MÚTUO DOS FUNCIONÁRIOS DO RÁPIDO LUXO CAMPINAS;2312896;;;;b3S;2;9;VALINHOS;SP;06/2017;0;0;0;0;0;0;0;0;0;0;0;0;0;88;88;0;203;291;0;679;970
COOPERATIVA DE ECONOMIA E CRÉDITO MÚTUO DOS FUNCIONÁRIOS DA VB TRANSPORTES E TURISMO;51920502;;;;b3S;2;9;CAMPINAS;SP;06/2017;0;0;0;0;0;0;0;0;0;0;0;0;0;0;0;0;368;368;0;589;957
LIMINE TRUST DISTRIBUIDORA DE TÍTULOS E VALORES MOBILIÁRIOS LTDA.;24361690;;;84617;n2;2;16;SAO PAULO;SP;06/2017;0;0;0;0;0;0;0;0;0;0;0;0;0;0;0;0;5;5;0;950;955
COOPERATIVA DE ECONOMIA E CREDITO MÚTUO DOS PROFESSORES ESTADUAIS DA REGIÃO METROPOLITANA DE PORTO ALEGRE - EDUCREDI;5419025;;;;b3S;2;9;PORTO ALEGRE;RS;06/2017;0;0;0;0;0;0;0;0;0;0;0;0;0;0;0;0;109;109;0;839;948
COOPERATIVA DE ECONOMIA E CRÉDITO MÚTUO DOS FUNCIONÁRIOS DO GRUPO GARDÊNIA LTDA. - COOPERGARDÊNIA;1499278;;;;b3S;2;9;POUSO ALEGRE;MG;06/2017;0;0;0;0;0;0;0;0;0;0;0;0;0;0;0;0;88;88;0;833;921
COOPERATIVA DE ECONOMIA E CREDITO MUTUO DOS FUNCIONARIOS DO GRUPO HELIO ALONSO-COOPERHA-LTDA;2786691;;;;b3S;2;9;RIO DE JANEIRO;RJ;06/2017;0;0;0;0;0;0;0;0;0;0;0;0;0;0;0;0;95;95;0;822;917
COOPERATIVA DE ECONOMIA E CREDITO MUTUO DOS EMPREGADOS DO GRUPO JOSE NEFFA LTDA;29985421;;;;b3S;2;9;VITORIA;ES;06/2017;0;0;0;0;0;0;0;0;0;0;0;0;0;0;0;0;47;47;0;857;904
PATACÃO DISTRIBUIDORA DE TÍTULOS E VALORES MOBILIÁRIOS LTDA.;59615005;;;83821;n2;2;16;SOROCABA;SP;06/2017;0;0;0;0;0;0;0;0;0;0;0;0;0;0;0;0;377;377;0;494;872
COOPERATIVA DE CRÉDITO DE CAPITAL E EMPRÉSTIMO DOS EMPREGADOS CELETISTAS DE COOPERATIVAS DOS ESTADOS DE SÃO PAULO E MINAS GERAIS - COCREUNI;57987273;;;;b3S;2;9;ORLANDIA;SP;06/2017;0;0;0;0;0;0;0;0;0;0;0;0;0;0;0;0;233;233;0;615;848
CORRETORA DE CÂMBIO AÇORIANA LIMITADA.;15761217;;;82341;n2;2;21;FLORIANOPOLIS;SC;06/2017;0;0;0;0;0;0;0;0;0;0;0;0;0;0;0;0;130;130;0;669;800
COOPERATIVA DE ECONOMIA E CRÉDITO MÚTUO DOS FUNCIONÁRIOS DO BANESPA DE BOTUCATU E CIDADES LIMÍTROFES;3219207;;;;b3S;2;9;BOTUCATU;SP;06/2017;0;0;0;0;0;0;0;0;0;0;0;0;0;0;0;0;1;1;0;773;774
FACILICRED SOCIEDADE DE CRÉDITO AO MICROEMPREENDEDOR LTDA;4849745;;;83041;n1;2;10;CURITIBA;PR;06/2017;0;0;0;0;0;0;0;0;0;0;0;0;0;0;0;0;12;12;0;757;769
HR SOCIEDADE DE CRÉDITO AO MICROEMPREENDEDOR E À EMPRESA DE PEQUENO PORTE LTDA.;20158571;;;84411;n1;2;10;MACEIO;AL;06/2017;0;0;0;0;0;0;0;0;0;0;0;0;0;178;178;0;76;254;0;500;755
COOPERATIVA DE ECONOMIA E CRÉDITO MÚTUO DOS BANCÁRIOS DE BELO HORIZONTE E REGIÃO METROPOLITANA LTDA. - COOPEB;71502181;;;;b3S;2;9;BELO HORIZONTE;MG;06/2017;0;0;0;0;0;0;0;0;0;0;0;0;0;0;0;0;70;70;0;666;737
COOPERATIVA DE CRÉDITO MÚTUO DOS EMPREGADOS NA CAIXA ECONÔMICA FEDERAL NO ESTADO DE SÃO PAULO - APCEFCREDI-SP;7814673;;;;b3S;2;9;SAO PAULO;SP;06/2017;0;0;0;0;0;0;0;0;0;0;0;0;0;0;0;0;139;139;0;595;734
FINANCRED - SOCIEDADE DE CRÉDITO AO MICROEMPREENDEDOR E A EMPRESA DE PEQUENO PORTE LTDA.;27348513;;;84679;n1;2;10;CAMPO GRANDE;MS;06/2017;0;0;0;0;0;0;0;0;0;0;0;0;0;0;0;0;9;9;0;716;725
COOPERATIVA DE ECONOMIA E CREDITO MUTUO DOS SERVIDORES DOS ORGAOS DO MINISTERIO DA SAUDE NO ESTADO DO RIO DE JANEIRO - CREDISAU;2966385;;;;b3S;2;9;RIO DE JANEIRO;RJ;06/2017;0;0;0;0;0;0;0;0;0;0;0;0;0;0;0;0;451;451;0;253;704
COOPERATIVA DE CRÉDITO MÚTUO DOS FUNCIONÁRIOS DA FÁBRICA DE CIMENTO VOTORAN;45421856;;;;b3S;2;9;VOTORANTIM;SP;06/2017;0;0;0;0;0;0;0;0;0;0;0;0;0;0;0;0;279;279;0;415;694
COOPERATIVA DE ECONOMIA E CRÉDITO MÚTUO DOS EMPREGADOS DA INDÚSTRIA DE PAPÉIS SUDESTE LTDA . - CREDESTE;18340695;;;;b3S;2;9;JUIZ DE FORA;MG;06/2017;0;0;0;0;0;0;0;0;0;0;0;0;0;0;0;0;76;76;0;610;686
FRENTE CORRETORA DE CÂMBIO LTDA.;71677850;;;84387;n2;2;21;SAO PAULO;SP;06/2017;0;0;0;0;0;0;0;0;0;0;0;0;0;0;0;0;30;30;0;636;666
COOPERATIVA DE CRÉDITO MÚTUO DOS DISTRIBUIDORES DE BEBIDAS DO ESTADO DE SÃO PAULO - SICOOB CREDIBESP;7753938;;;;b3S;2;9;SAO PAULO;SP;06/2017;0;0;0;0;0;0;0;0;0;0;0;0;0;0;0;0;73;73;0;586;659
LECCA DISTRIBUIDORA DE TITULOS E VALORES MOBILIARIOS LTDA;7138049;LECCA;51523;80680;n2;2;16;RIO DE JANEIRO;RJ;06/2017;0;0;0;0;0;0;0;0;0;0;0;0;0;0;0;0;12;12;0;641;653
COOPERATIVA DE CRÉDITO RURAL DOS PRODUTORES DA REGIÃO DE IRECÊ - CREDIRURAL;5853210;;;;b3S;2;9;IRECE;BA;06/2017;527;0;0;22;0;549;0;0;0;0;0;0;0;135;684;0;50;734;0;-86;648
COOPERATIVA DE ECONOMIA E CRÉDITO MÚTUO DOS SERVIDORES DA PREFEITURA MUNICIPAL DE VOTORANTIM;52137361;;;;b3S;2;9;VOTORANTIM;SP;06/2017;0;0;0;0;0;0;0;0;0;0;0;0;0;0;0;0;73;73;0;570;643
COOPERATIVA DE CRÉDITO RURAL NORTE DO ITAPICURU;5644916;;;;b3S;2;9;JAGUARARI;BA;06/2017;26;0;0;301;0;327;0;0;0;0;0;0;0;247;574;0;50;624;0;8;632
MONETAR DISTRIBUIDORA DE TÍTULOS E VALORES MOBILIÁRIOS LTDA.;12063256;;;84246;n2;2;16;RIO DE JANEIRO;RJ;06/2017;0;0;0;0;0;0;0;0;0;0;0;0;0;0;0;0;33;33;0;578;611
COOPERATIVA DE ECONOMIA E CREDITO MUTUO DOS FUNCIONARIOS DA SANEPAR - CREDISANEPAR;3165497;;;;b3S;2;9;CASCAVEL;PR;06/2017;9;0;0;145;0;153;0;0;0;0;0;0;0;0;153;0;42;195;0;393;588
COOPERATIVA DE ECONOMIA E CRÉDITO MÚTUO DOS TRABALHADORES DA COOPER STANDARD AUTOMOTIVE BRASIL SEALING LTDA. E FLUID SYSTEMS LTDA.;4464352;;;;b3S;2;9;VARGINHA;MG;06/2017;0;0;0;0;0;0;0;0;0;0;0;0;0;0;0;0;6;6;0;570;576
ÍCARO CORRETORA DE CÂMBIO LTDA;72556996;;;82190;n2;2;21;CURITIBA;PR;06/2017;0;0;0;0;0;0;0;0;0;0;0;0;0;0;0;0;45;45;0;527;572
COOPERATIVA DE CRÉDITO RURAL DOS AGROPECUARISTAS DA REGIÃO DE PORTO FELIZ;50334234;;;;b3S;2;9;PORTO FELIZ;SP;06/2017;0;0;0;0;0;0;0;0;0;0;0;0;0;0;0;0;81;81;0;490;570
FINACRED - SOCIEDADE DE CREDITO AO MICROEMPREENDEDOR LTDA.;4275302;;;83144;n1;2;10;SAO PAULO;SP;06/2017;0;0;0;0;0;0;0;0;0;0;0;0;0;0;0;0;0;0;0;554;555
FFA SOCIEDADE DE CRÉDITO AO MICROEMPREENDEDOR E À EMPRESA DE PEQUENO PORTE LTDA.;24537861;;;84569;n1;2;10;SAO PAULO;SP;06/2017;0;0;0;0;0;0;0;0;0;0;0;0;0;0;0;0;4;4;0;545;550
COOPERATIVA DE ECONOMIA E CRÉDITO MÚTUO DOS TRABALHADORES DAS INDÚSTRIAS METALÚRGICAS DE PORTO ALEGRE E GRANDE PORTO ALEGRE;90560434;;;;b3S;2;9;CACHOEIRINHA;RS;06/2017;12;0;0;98;0;110;0;0;0;0;0;0;0;0;110;0;19;129;0;416;545
RJI CORRETORA DE TITULOS E VALORES MOBILIARIOS LTDA;42066258;;;82798;n2;2;15;SALVADOR;BA;06/2017;0;0;0;0;0;0;0;0;0;0;0;0;0;0;0;0;94;94;0;437;530
COOPERATIVA DE CRÉDITO MÚTUO DOS EMPREGADOS DO CENTRO UNIVERSITÁRIO NEWTON PAIVA LTDA. - CREDIPAIVA;20833992;;;;b3S;2;9;BELO HORIZONTE;MG;06/2017;0;0;0;0;0;0;0;0;0;0;0;0;0;0;0;0;10;10;0;515;524
COOPERATIVA DE CRÉDITO DE SERVIDORES DA UESC - UESCOOP;10548608;;;;b3S;2;9;ILHEUS;BA;06/2017;0;0;0;0;0;0;0;0;0;0;0;0;0;0;0;0;5;5;0;517;522
COOPERATIVA DE ECONOMIA E CRÉDITO MÚTUO DOS EMPREGADOS DAS EMPRESAS DE REDUTORES DE TRANSMISSÃO DO ESTADO DE SÃO PAULO - COOPER-PTI;62035456;;;;b3S;2;9;SAO PAULO;SP;06/2017;0;0;0;0;0;0;0;0;0;0;0;0;0;0;0;0;1;1;0;515;515
EGONCRED - SOCIEDADE DE CRÉDITO AO MICROEMPREENDEDOR E À EMPRESA DE PEQUENO PORTE LTDA.;20251847;;;84428;n1;2;10;CAMPINAS;SP;06/2017;0;0;0;0;0;0;0;0;0;0;0;0;0;0;0;0;76;76;0;433;509
COOPERATIVA DE ECONOMIA E CREDITO MUTUO DOS FUNCIONARIOS DO GRUPO PROGRESSO LTDA - PROCRED;2931166;;;;b3S;2;9;TRES RIOS;RJ;06/2017;0;0;0;0;0;0;0;0;0;0;0;0;0;0;0;0;71;71;0;432;503
CORRETORA AMAZONENSE DE CAMBIO LTDA.;4623781;;;82059;n2;2;21;MANAUS;AM;06/2017;0;0;0;0;0;0;0;0;0;0;0;0;0;0;0;0;242;242;0;246;487
CM CAPITAL MARKETS DISTRIBUIDORA DE TÍTULOS E VALORES MOBILIÁRIOS LTDA;2671743;CM CAPITAL MARKETS;51248;80549;n2;3;16;SAO PAULO;SP;06/2017;0;0;0;0;0;0;0;0;0;0;0;0;0;0;0;0;454;454;0;25;479
COOPERATIVA DE ECONOMIA E CRÉDITO MÚTUO DOS BANCÁRIOS DE JUIZ DE FORA LTDA. - COCBAN;4158581;;;;b3S;2;9;JUIZ DE FORA;MG;06/2017;0;0;0;0;0;0;0;0;0;0;0;0;0;0;0;0;16;16;0;454;470
FIDÚCIA SOCIEDADE DE CRÉDITO AO MICROEMPREENDEDOR E À EMPRESA DE PEQUENO PORTE LIMITADA.;4307598;;;83010;n1;2;10;BELO HORIZONTE;MG;06/2017;0;0;0;0;0;0;0;0;0;0;0;0;0;0;0;0;49;49;0;406;455
COOPERATIVA DE ECONOMIA E CRÉDITO MÚTUO DOS EMPREGADOS DA VALE FERTILIZANTES S/A - COCRESGO LTDA.;968834;;;;b3S;2;9;CATALAO;GO;06/2017;0;0;0;0;0;0;0;0;0;0;0;0;0;1;1;0;6;7;0;442;449
SEALANDAIR CORRETORA DE CÂMBIO LTDA.;21148439;;;84466;n2;2;21;PORTO ALEGRE;RS;06/2017;0;0;0;0;0;0;0;0;0;0;0;0;0;0;0;0;22;22;0;419;441
BOM CRÉDITO   SOCIEDADE DE CRÉDITO AO MICROEMPREENDEDOR E À EMPRESA DE PEQUENO PORTE LTDA.;5669150;;;83065;n1;2;10;VOLTA REDONDA;RJ;06/2017;0;0;0;0;0;0;0;0;0;0;0;0;0;12;12;0;3;15;0;400;415
COOPERATIVA DE ECONOMIA E CRÉDITO MÚTUO DOS BANCÁRIOS DE SOROCABA E REGIÃO;71491609;;;;b3S;2;9;SOROCABA;SP;06/2017;0;0;0;0;0;0;0;0;0;0;0;0;0;0;0;0;55;55;0;355;409
COOPERATIVA DE CRÉDITO RURAL ILHÉUS LTDA;16348005;;;;b3S;2;9;ILHEUS;BA;06/2017;94;0;0;67;0;161;0;0;0;0;0;0;0;0;161;0;15;176;0;217;393
BNS SOCIEDADE DE CRÉDITO AO MICROEMPREENDEDOR E À EMPRESA DE PEQUENO PORTE LTDA.;7835244;;;83096;n1;2;10;JACUTINGA;MG;06/2017;0;0;0;0;0;0;0;0;0;0;0;0;0;0;0;0;63;63;0;314;377
AVIPAM CORRETORA DE CAMBIO LTDA;3443143;;;82042;n2;2;21;RIO DE JANEIRO;RJ;06/2017;0;0;0;0;0;0;0;0;0;0;0;0;0;0;0;0;9;9;0;359;368
COOPERATIVA DE ECONOMIA E CREDITO MUTUO DOS EMPREGADOS DA TEADIT E OUTRAS EMPRESAS ASSOCIADAS LTDA;27669753;;;;b3S;2;9;RIO DE JANEIRO;RJ;06/2017;0;0;0;0;0;0;0;0;0;0;0;0;0;0;0;0;33;33;0;332;365
TURISCAM CORRETORA DE CÂMBIO LTDA.;16789470;;;82358;n2;2;21;MACEIO;AL;06/2017;0;0;0;0;0;0;0;0;0;0;0;0;0;0;0;0;160;160;0;182;343
CHLOE DISTRIBUIDORA DE TÍTULOS E VALORES MOBILIÁRIOS LTDA.;16657210;;;84318;n2;2;16;BELO HORIZONTE;MG;06/2017;0;0;0;0;0;0;0;0;0;0;0;0;0;0;0;0;4;4;0;319;323
COOPERATIVA DE ECONOMIA E CRÉDITO MÚTUO DOS SERVIDORES DO PODER JUDICIÁRIO FEDERAL E MINISTÉRIO PÚBLICO DA UNIÃO NO ESTADO DO PARÁ - COOPERJUS-PA;83332700;;;;b3S;2;9;BELEM;PA;06/2017;0;0;0;0;0;0;0;0;0;0;0;0;0;0;0;0;128;128;0;187;315
CASA DO CRÉDITO S.A. SOCIEDADE DE CRÉDITO AO MICROEMPREENDEDOR;5442029;;;83175;n1;2;10;SAO PAULO;SP;06/2017;0;0;0;0;0;0;0;0;0;0;0;0;0;0;0;0;23;23;0;286;308
CREDILON SOCIEDADE DE CREDITO AO MICROEMPREENDEDOR DA REGIAO DE LONDRINA LTDA;4223451;;;83120;n1;2;10;LONDRINA;PR;06/2017;0;0;0;0;0;0;0;0;0;0;0;0;0;0;0;0;48;48;0;216;263
FLEX SOCIEDADE DE CRÉDITO AO MICROEMPREENDEDOR LTDA;7584094;;;83072;n1;2;10;BELO HORIZONTE;MG;06/2017;0;0;0;0;0;0;0;0;0;0;0;0;0;0;0;0;36;36;0;227;262
GRACO CORRETORA DE CAMBIO S.A.;65982589;;;82169;n2;2;21;POA;SP;06/2017;0;0;0;0;0;0;0;0;0;0;0;0;0;0;0;0;3.505;3.505;0;-3.245;260
TORRES MENDES & MENDES SOCIEDADE DE CRÉDITO AO MICROEMPREENDEDOR E À EMPRESA DE PEQUENO PORTE LTDA.;18394228;;;83326;n1;2;10;JAU;SP;06/2017;0;0;0;0;0;0;0;0;0;0;0;0;0;0;0;0;27;27;0;227;253
TATICA S.A. - DISTRIBUIDORA DE TITULOS E VALORES MOBILIARIOS;66616632;;;83852;n2;2;16;SAO PAULO;SP;06/2017;0;0;0;0;0;0;0;0;0;0;0;0;0;0;0;0;59;59;0;189;248
COOPERATIVA DE ECONOMIA E CRÉDITO MÚTUO DOS TRABALHADORES NAS INDÚSTRIAS METALÚRGICAS, MECÂNICA E MATERIAL ELÉTRICO DE SÃO LEOPOLDO E REGIÃO - COOPERMETAL;10719496;;;;b3S;2;9;SAO LEOPOLDO;RS;06/2017;0;0;0;42;0;42;0;0;0;0;0;0;0;0;42;0;8;50;0;186;236
DOURADA - SOCIEDADE DE CRÉDITO AO MICROEMPREENDEDOR E À EMPRESA DE PEQUENO PORTE LTDA;11545653;;;83302;n1;2;10;LAGOA DOURADA;MG;06/2017;0;0;0;0;0;0;0;0;0;0;0;0;0;0;0;0;4;4;0;218;221
COOPERATIVA DE ECONOMIA E CREDITO MUTUO DOS EMPREGADOS IND.ALIMENTACAO REG.GRDE.VITORIA EST.ES-CREDI-ALIMENTO;3973743;;;;b3S;2;9;VITORIA;ES;06/2017;2;0;0;4;0;5;0;0;0;0;0;0;0;60;66;0;112;178;0;34;212
CAMBIALL CASH CORRETORA DE CÂMBIO LTDA.;14652687;;;82293;n2;2;21;RECIFE;PE;06/2017;0;0;0;0;0;0;0;0;0;0;0;0;0;0;0;0;3;3;0;199;202
COOPERATIVA DE ECONOMIA E CREDITO MUTUO DOS EMPREGADOS DO GRUPO BEZERRA DE MELLO LTDA;33916883;;;;b3S;2;9;RIO DE JANEIRO;RJ;06/2017;0;0;0;0;0;0;0;0;0;0;0;0;0;0;0;0;22;22;0;141;163
COOPERATIVA DE ECONOMIA E CREDITO MUTUO DOS FUNCIONARIOS DA EVANIL - COOFE;2825208;;;;b3S;2;9;NOVA IGUACU;RJ;06/2017;0;0;0;0;0;0;0;0;0;0;0;0;0;0;0;0;57;57;0;87;143
COOPERATIVA DE ECONOMIA E CRÉDITO MÚTUO DOS EMPREGADOS DA BORCOL;73156218;;;;b3S;2;9;SOROCABA;SP;06/2017;NI;NI;NI;NI;NI;NI;NI;NI;NI;NI;NI;NI;NI;NI;NI;NI;NI;NI;NI;NI;NI
BRAZILIAN MORTGAGES COMPANHIA HIPOTECARIA;62237367;PAN;31323;80257;n1;2;29;SAO PAULO;SP;06/2017;NI;NI;NI;NI;NI;NI;NI;NI;NI;NI;NI;NI;NI;NI;NI;NI;NI;NI;NI;NI;NI
BALUARTE S.A. CORRETORA DE CAMBIO;61688131;;;82145;n2;2;21;SAO PAULO;SP;06/2017;NI;NI;NI;NI;NI;NI;NI;NI;NI;NI;NI;NI;NI;NI;NI;NI;NI;NI;NI;NI;NI
COOPERATIVA DE ECONOMIA E CRÉDITO MÚTUO DOS EMPREGADOS DA FLAMMA AUTOMOTIVA LTDA.;59301762;;;;b3S;2;9;POUSO ALEGRE;MG;06/2017;NI;NI;NI;NI;NI;NI;NI;NI;NI;NI;NI;NI;NI;NI;NI;NI;NI;NI;NI;NI;NI
COOPERATIVA DE ECONOMIA E CREDITO MUTUO DOS EMPREGADOS DA FABRIMAR S.A. INDUSTRIA E COMERCIO LTDA;42240382;;;;b3S;2;9;RIO DE JANEIRO;RJ;06/2017;NI;NI;NI;NI;NI;NI;NI;NI;NI;NI;NI;NI;NI;NI;NI;NI;NI;NI;NI;NI;NI
ATIVA INVESTIMENTOS S.A. CORRETORA DE TÍTULOS, CÂMBIO E VALORES;33775974;;;82547;n2;2;15;RIO DE JANEIRO;RJ;06/2017;NI;NI;NI;NI;NI;NI;NI;NI;NI;NI;NI;NI;NI;NI;NI;NI;NI;NI;NI;NI;NI
COOPERATIVA DE ECONOMIA E CRÉDITO MÚTUO DOS SERVIDORES DA UNIVERSIDADE FEDERAL FLUMINENSE E DOS SERVIDORES PÚBLICOS DA EDUCAÇÃO, SAÚDE E CULTURA NOS MUNICÍPIOS DO RIO DE JANEIRO E NITERÓI LTDA.;29283884;;;;b3S;2;9;NITEROI;RJ;06/2017;NI;NI;NI;NI;NI;NI;NI;NI;NI;NI;NI;NI;NI;NI;NI;NI;NI;NI;NI;NI;NI
MUTUAL APETRIM CREDITO IMOBILIARIO S/A;18941229;;;83412;n1;2;31;BELO HORIZONTE;MG;06/2017;NI;NI;NI;NI;NI;NI;NI;NI;NI;NI;NI;NI;NI;NI;NI;NI;NI;NI;NI;NI;NI
ESCRITORIO RUY LAGE SOCIEDADE CORRETORA DE TITULOS LTDA;17305319;;;82509;n2;2;15;BELO HORIZONTE;MG;06/2017;NI;NI;NI;NI;NI;NI;NI;NI;NI;NI;NI;NI;NI;NI;NI;NI;NI;NI;NI;NI;NI
COOPERATIVA CENTRAL DE CREDITO RURAL HORIZONTES NOVOS - CREHNOR CENTRAL;5879577;;;;b3C;2;9;SARANDI;RS;06/2017;NI;NI;NI;NI;NI;NI;NI;NI;NI;NI;NI;NI;NI;NI;NI;NI;NI;NI;NI;NI;NI
COOPERASA - COOPERATIVA DE ECONOMIA E CRÉDITO MÚTUO DOS FUNCIONARIOS DAS EMPRESAS DA AGUIA PARTICIPAÇÕES;5296712;;;;b3S;2;9;PONTA GROSSA;PR;06/2017;NI;NI;NI;NI;NI;NI;NI;NI;NI;NI;NI;NI;NI;NI;NI;NI;NI;NI;NI;NI;NI
COOPERATIVA DE CRÉDITO E INVESTIMENTO SICOOB INDEPENDÊNCIA - SICOOB INDEPENDÊNCIA;4306351;;;;b3S;2;9;SAO PAULO;SP;06/2017;NI;NI;NI;NI;NI;NI;NI;NI;NI;NI;NI;NI;NI;NI;NI;NI;NI;NI;NI;NI;NI
ALPES CORRETORA DE CÂMBIO, TITULOS E VALORES MOBILIÁRIOS LTDA;3882245;;;82482;n2;2;15;SAO PAULO;SP;06/2017;NI;NI;NI;NI;NI;NI;NI;NI;NI;NI;NI;NI;NI;NI;NI;NI;NI;NI;NI;NI;NI
AKRO DISTRIBUIDORA DE TÍTULOS E VALORES MOBILIÁRIOS S.A.;2678955;;;83931;n2;2;16;RIO DE JANEIRO;RJ;06/2017;NI;NI;NI;NI;NI;NI;NI;NI;NI;NI;NI;NI;NI;NI;NI;NI;NI;NI;NI;NI;NI
COOPERATIVA DE CRÉDITO MÚTUO DOS SERVIDORES PÚBLICOS MUNICIPAIS DO MUNICÍPIO DE BAURU - CREDISERV;2191265;;;;b3S;2;9;BAURU;SP;06/2017;NI;NI;NI;NI;NI;NI;NI;NI;NI;NI;NI;NI;NI;NI;NI;NI;NI;NI;NI;NI;NI
