Instituição;Código;Conglomerado Prudencial;Conglomerado Financeiro;Conglomerado Prudencial;TCB;TC;TI;Cidade;UF;Data;Captações;Captações - Depósitos de Poupança (a2);Captações - Depósitos Interfinanceiros (a3);Captações - Depósitos a Prazo (a4);Captações - Conta de Pagamento Pré-Paga (a5);Captações - Depósitos Outros (a6);Captações - Depósito Total (a);Captações - Obrigações por Operações Compromissadas (b);Captações - Letras de Crédito Imobiliário (c1);Captações - Letras de Crédito do Agronegócio (c2);Captações - Letras Financeiras (c3);Captações - Obrigações por Títulos e Valores Mobiliários no Exterior (c4);Captações - Outros Recursos de Aceites e Emissão de Títulos (c5);Captações - Recursos de Aceites e Emissão de Títulos (c);Captações - Obrigações por Empréstimos e Repasses (d);Captações - Captações (e) = (a) + (b) + (c) + (d);Instrumentos Derivativos (f);Outras Obrigações (g);Passivo Circulante e Exigível a Longo Prazo (h) = (e) + (f) + (g);Patrimônio Líquido (i);Passivo Total (j) = (h) + (i)
BANCO DO BRASIL S.A.;0;BB - PRUDENCIAL;49906;80329;b1;1;1;BRASILIA;DF;06/2024;94.994.666;212.664.316;6.922.052;454.869.339;205.619;11.951.549;781.607.540;688.331.169;14.238.704;188.586.757;8.136.191;0;242.267;211.203.920;114.252.003;1.795.394.632;3.952.578;280.699.272;2.080.046.482;171.884.694;2.251.931.176
ITAÚ UNIBANCO S.A.;60701190;ITAU - PRUDENCIAL;10069;80099;b1;2;8;SAO PAULO;SP;06/2024;31.394.284;155.325.282;8.382.299;554.535.518;502;486.325;750.124.210;466.251.354;43.908.006;39.329.579;78.856.881;66.297.090;73.772.667;302.164.222;118.875.296;1.637.415.082;18.646.852;216.289.833;1.872.351.766;146.465.175;2.018.816.941
CAIXA ECONOMICA FEDERAL;360305;CAIXA ECONÔMICA FEDERAL - PRUDENCIAL;51626;80738;b1;1;6;BRASILIA;DF;06/2024;55.443.097;374.543.003;2.043.955;274.065.664;0;37.139.811;743.235.530;222.339.919;162.533.966;15.362.516;6.920.279;0;0;184.816.760;467.714.127;1.618.106.337;0;189.796.579;1.807.902.916;98.974.672;1.906.877.588
BANCO BRADESCO S.A.;60746948;BRADESCO - PRUDENCIAL;10045;80075;b1;2;8;OSASCO;SP;06/2024;41.692.006;131.429.729;2.569.648;405.617.649;382.262;259.392;581.950.685;343.075.333;54.166.185;44.775.757;125.695.004;2.793.876;42.669.909;270.100.732;79.190.905;1.274.317.655;16.888.566;199.173.659;1.490.379.880;160.085.624;1.650.465.504
BANCO SANTANDER (BRASIL) S.A.;90400888;SANTANDER - PRUDENCIAL;30379;80185;b1;3;8;SAO PAULO;SP;06/2024;17.789.115;57.979.899;3.766.314;369.595.626;0;201.653;449.332.607;156.818.416;41.435.620;39.948.151;15.667.633;84.792.591;31.125.081;212.969.076;61.822.692;880.942.790;25.895.670;178.087.653;1.084.926.113;87.557.165;1.172.483.279
BANCO NACIONAL DE DESENVOLVIMENTO ECONOMICO E SOCIAL;33657248;BNDES - PRUDENCIAL;;81847;b4;1;4;RIO DE JANEIRO;RJ;06/2024;0;0;661.926;0;0;4.390.813;5.052.739;44.857.866;0;1.344.972;0;0;483.631;1.828.603;91.105.761;142.844.969;373.246;469.413.243;612.631.458;160.048.352;772.679.810
BANCO BTG PACTUAL S.A.;30306294;BTG PACTUAL - PRUDENCIAL;49944;80336;b1;2;8;RIO DE JANEIRO;RJ;06/2024;3.467.124;0;7.406.385;82.577.205;0;0;93.450.713;130.311.700;701.097;12.805.930;34.552.118;0;3.828.486;51.887.631;39.558.433;315.208.478;41.564.386;42.333.513;399.106.377;53.075.586;452.181.963
ITAÚ UNIBANCO HOLDING S.A.;60872504;ITAU - PRUDENCIAL;10069;80099;b2;2;8;SAO PAULO;SP;06/2024;253.335;0;86.866.789;0;171;0;87.120.295;0;0;0;1.479.545;0;0;1.479.545;0;88.599.840;734.559;120.322.279;209.656.679;185.128.878;394.785.557
BANCO SAFRA S.A.;58160789;SAFRA - PRUDENCIAL;10083;80109;b1;2;8;SAO PAULO;SP;06/2024;1.397.362;2.890.890;8.279.892;56.457.872;113.402;0;69.139.417;42.310.597;347.622;19.261.986;39.113.047;58.132;7.004.548;65.785.335;19.354.719;196.590.068;9.277.822;21.091.863;226.959.754;26.856.075;253.815.829
BANCO CITIBANK S.A.;33479023;CITIBANK - PRUDENCIAL;30403;80192;b1;3;8;SAO PAULO;SP;06/2024;7.799.234;0;11.435.202;63.655.396;0;253.242;83.143.074;19.933.599;0;0;6.579.360;0;266.056;6.845.416;30.325.265;140.247.354;16.171.923;41.019.128;197.438.404;5.282.216;202.720.620
BANCO COOPERATIVO SICREDI S.A.;1181521;BCO COOPERATIVO SICREDI - PRUDENCIAL;;80745;b1;2;11;PORTO ALEGRE;RS;06/2024;105.881;31.038.571;16.645.426;6.599.867;0;0;54.389.743;12.566.876;0;38.955.201;10.316.458;0;0;49.271.658;34.211.502;150.439.780;215.562;16.974.730;167.630.071;4.795.884;172.425.955
NU FINANCEIRA S.A. - SOCIEDADE DE CRÉDITO, FINANCIAMENTO E INVESTIMENTO;30680829;NU PAGAMENTOS - PRUDENCIAL;52058;84693;n1;2;14;SAO PAULO;SP;06/2024;0;0;0;115.800.925;0;0;115.800.925;4.866.427;0;0;5.335.813;0;0;5.335.813;0;126.003.164;39.683;8.673.805;134.716.653;12.382.244;147.098.896
BANCO COOPERATIVO SICOOB S.A. - BANCO SICOOB;2038232;BANCOOB - PRUDENCIAL;51750;80879;b1;2;11;BRASILIA;DF;06/2024;693.741;13.977.957;86.069.859;4.955.934;0;0;105.697.492;7.891.824;1.660;879.708;0;0;0;881.368;8.076.992;122.547.676;5.121;18.852.702;141.405.500;4.506.750;145.912.250
BANCO J.P. MORGAN S.A.;33172537;JP MORGAN CHASE - PRUDENCIAL;20107;80116;b1;3;8;SAO PAULO;SP;06/2024;1.615.362;0;1.691.454;30.426.337;0;0;33.733.153;6.724.352;0;0;0;0;65.060;65.060;27.880.708;68.403.274;31.922.428;31.542.034;131.867.736;10.042.101;141.909.837
BANCO XP S.A.;33264668;XP - PRUDENCIAL;52120;82475;b1;2;8;RIO DE JANEIRO;RJ;06/2024;1.266.255;0;814.072;34.943.181;0;0;37.023.508;26.172.884;72.025;182.315;10.248.602;0;19.944.577;30.447.518;1.999.347;95.643.257;12.528.284;23.443.209;131.614.750;8.642.537;140.257.287
BANCO DO ESTADO DO RIO GRANDE DO SUL S.A.;92702067;BANRISUL - PRUDENCIAL;30173;80154;b1;1;8;PORTO ALEGRE;RS;06/2024;3.895.609;11.542.970;2.144.634;67.979.884;6.258;8.147;85.577.502;18.451.855;2.003.771;3.494.215;1.655.003;0;0;7.152.989;3.312.880;114.495.226;0;10.962.425;125.457.651;10.096.060;135.553.711
REDECARD INSTITUIÇÃO DE PAGAMENTO S.A.;1425787;ITAU - PRUDENCIAL;;80099;n4;2;41;SAO PAULO;SP;06/2024;0;0;0;0;0;0;0;0;0;0;0;0;0;0;0;0;0;84.912.965;84.912.965;50.186.326;135.099.291
BANCO VOTORANTIM S.A.;59588111;VOTORANTIM - PRUDENCIAL;51011;80484;b1;2;8;SAO PAULO;SP;06/2024;705.147;0;238.645;29.622.379;0;0;30.566.171;14.827.790;126.415;3.605.947;33.670.355;6.507.801;0;43.910.519;7.476.671;96.781.151;1.473.375;16.940.219;115.194.746;13.451.969;128.646.715
XP INVESTIMENTOS CORRETORA DE CÂMBIO,TÍTULOS E VALORES MOBILIÁRIOS S/A;2332886;XP - PRUDENCIAL;52120;82475;n2;2;15;RIO DE JANEIRO;RJ;06/2024;0;0;0;0;0;13.789.895;13.789.895;66.869.918;0;0;0;0;0;0;1.118.042;81.777.854;17.049.497;12.476.482;111.303.833;7.620.329;118.924.163
CIELO S.A. - INSTITUIÇÃO DE PAGAMENTO;1027058;CIELO IP - PRUDENCIAL;;84710;n4;2;41;BARUERI;SP;06/2024;0;0;0;0;47.175;0;47.175;0;0;0;0;0;0;0;3.612.595;3.659.770;0;89.315.898;92.975.669;12.357.588;105.333.257
BANCO BNP PARIBAS BRASIL S.A.;1522368;BNP PARIBAS - PRUDENCIAL;;80673;b1;3;8;SAO PAULO;SP;06/2024;854.312;0;509.834;5.748.301;0;237.801;7.350.248;6.644.912;0;0;170.512;0;656.251;826.763;12.038.324;26.860.248;9.354.112;57.669.144;93.883.504;3.890.013;97.773.517
NU PAGAMENTOS S.A. - INSTITUIÇÃO DE PAGAMENTO;18236120;NU PAGAMENTOS - PRUDENCIAL;;84693;n4;2;41;SAO PAULO;SP;06/2024;0;0;0;0;7.941.132;0;7.941.132;0;0;0;0;0;0;0;2.142.133;10.083.265;0;67.932.473;78.015.738;14.249.194;92.264.932
BANCO DAYCOVAL S.A.;62232889;BCO DAYCOVAL S.A - PRUDENCIAL;51987;81744;b1;2;8;SAO PAULO;SP;06/2024;1.353.389;0;1.216.821;20.487.093;0;22.714;23.080.017;8.079.668;1.587.764;2.813.148;21.764.521;1.895.093;0;28.060.525;5.026.493;64.246.702;138.487;6.042.853;70.428.042;6.742.460;77.170.502
AYMORÉ CRÉDITO, FINANCIAMENTO E INVESTIMENTO S.A.;7707650;SANTANDER - PRUDENCIAL;30379;80185;n1;3;14;SAO PAULO;SP;06/2024;71.343;0;47.390.839;0;0;0;47.462.181;0;0;0;0;0;0;0;0;47.462.181;0;2.751.574;50.213.755;23.635.873;73.849.628
BANCO DO NORDESTE DO BRASIL S.A.;7237373;BCO DO NORDESTE DO BRASIL S.A. - PRUDENCIAL;;81593;b1;1;8;FORTALEZA;CE;06/2024;3.467.087;1.207.464;1.225.468;6.956.285;0;3.468.347;16.324.652;2.809.830;0;10;10.211;0;0;10.221;2.979.129;22.123.832;0;34.560.830;56.684.662;11.528.178;68.212.840
BANCO PAN S.A.;59285411;BTG PACTUAL - PRUDENCIAL;49944;80336;b1;2;8;RIO DE JANEIRO;RJ;06/2024;87.992;0;11.056.644;20.341.667;0;0;31.486.303;5.895.765;2.687;0;16.393.065;0;0;16.395.752;313.387;54.091.207;11.670;4.728.164;58.831.041;8.179.175;67.010.216
BANCO INTER S.A.;416968;INTER - PRUDENCIAL;51884;80996;b1;2;8;BELO HORIZONTE;MG;06/2024;1.662.995;1.715.785;1.763.695;33.049.760;0;0;38.192.235;1.477.353;8.167.219;93.524;207.360;0;77.898;8.546.001;101.630;48.317.219;13.882;9.460.859;57.791.960;7.279.192;65.071.152
GETNET ADQUIRÊNCIA E SERVIÇOS PARA MEIOS DE PAGAMENTO S.A. INSTITUIÇÃO DE PAGAMENTO;10440482;SANTANDER - PRUDENCIAL;;80185;n4;3;41;SAO PAULO;SP;06/2024;0;0;0;0;0;0;0;0;0;0;0;0;0;0;1.289.818;1.289.818;0;59.184.613;60.474.431;3.500.336;63.974.767
BANCO BRADESCO FINANCIAMENTOS S.A.;7207996;BRADESCO - PRUDENCIAL;10045;80075;b1;2;8;OSASCO;SP;06/2024;67.834;0;59.155.022;0;0;0;59.222.855;0;0;0;0;0;0;0;0;59.222.855;0;3.548.977;62.771.833;1.039.559;63.811.392
BANCO ABC BRASIL S.A.;28195667;ABC-BRASIL - PRUDENCIAL;41856;80312;b1;3;8;SAO PAULO;SP;06/2024;593.122;0;337.499;9.897.288;0;0;10.827.909;2.229.710;1.603.822;3.403.551;16.577.397;0;2.769;21.587.539;9.868.748;44.513.906;1.327.003;10.541.144;56.382.053;6.235.065;62.617.118
BANCO C6 S.A.;31872495;BANCO C6 - PRUDENCIAL;52072;84844;b1;2;8;SAO PAULO;SP;06/2024;1.153.536;0;783.718;26.062.726;0;56;28.000.036;15.017.284;701.881;522.895;1.147.731;0;0;2.372.507;783.025;46.172.852;98.027;13.638.496;59.909.374;2.517.971;62.427.345
BRB - BANCO DE BRASILIA S.A.;208;BRB - PRUDENCIAL;31976;80288;b1;1;8;BRASILIA;DF;06/2024;1.608.210;2.742.643;516.160;30.516.983;0;8.202;35.392.198;1.843.199;7.788.089;26.276;0;0;0;7.814.365;406.819;45.456.580;0;5.022.266;50.478.847;2.489.437;52.968.284
PAGSEGURO INTERNET INSTITUIÇÃO DE PAGAMENTO S.A.;8561701;PAGSEGURO - PRUDENCIAL;;84813;n4;2;41;SAO PAULO;SP;06/2024;0;0;0;0;2.308.942;0;2.308.942;0;0;0;0;0;0;0;21.274.230;23.583.172;0;19.301.713;42.884.885;9.659.100;52.543.985
STONE INSTITUIÇÃO DE PAGAMENTO S.A.;16501555;STONE IP - PRUDENCIAL;;84686;n4;3;41;SAO PAULO;SP;06/2024;0;0;0;0;10.036.943;0;10.036.943;0;0;0;0;0;0;0;2.692.628;12.729.571;25.372;37.558.770;50.313.713;2.196.367;52.510.080
BANCO RABOBANK INTERNATIONAL BRASIL S.A.;1023570;BCO RABOBANK INTL BRASIL S.A. - PRUDENCIAL;;81555;b1;3;8;SAO PAULO;SP;06/2024;52.587;0;242.965;2.818.867;0;0;3.114.419;1.515.405;2.079.928;2.330.304;2.354.295;0;0;6.764.527;28.255.525;39.649.876;1.352.843;5.097.337;46.100.056;5.042.918;51.142.974
BANCO DA AMAZONIA S.A.;4902979;BCO DA AMAZONIA S.A. - PRUDENCIAL;;81249;b1;1;2;BELEM;PA;06/2024;3.390.950;762.959;0;2.703.329;0;6.442.687;13.299.925;49.999;0;747.081;0;0;0;747.081;443.054;14.540.059;0;30.047.672;44.587.731;6.461.355;51.049.087
BANCO MASTER S/A;33923798;BANCO MASTER - PRUDENCIAL;50201;80367;b1;2;2;RIO DE JANEIRO;RJ;06/2024;310.057;0;11.852.994;28.761.465;948;0;40.925.465;1.679.219;583.612;0;1.430.175;0;0;2.013.787;0;44.618.471;659.861;1.519.519;46.797.852;4.187.941;50.985.793
BANCO BMG S.A.;61186680;BMG - PRUDENCIAL;30290;80178;b1;2;8;SAO PAULO;SP;06/2024;345.877;0;1.236.071;29.276.909;82;0;30.858.939;2.245.857;0;42.226;1.301.817;0;0;1.344.043;740.668;35.189.507;87.459;7.888.747;43.165.712;4.120.425;47.286.137
BANCO VOLKSWAGEN S.A.;59109165;VOLKSWAGEN - PRUDENCIAL;;80202;b2;3;8;SAO PAULO;SP;06/2024;0;0;7.656.520;15.298.439;0;0;22.954.959;0;0;0;11.855.715;0;0;11.855.715;1.865.007;36.675.680;37.698;4.755.536;41.468.914;4.681.647;46.150.561
MERCADO PAGO INSTITUIÇÃO DE PAGAMENTO LTDA.;10573521;MERCADO PAGO IP - PRUDENCIAL;;84820;n4;3;41;OSASCO;SP;06/2024;0;0;0;0;16.197.659;0;16.197.659;0;0;0;0;0;0;0;600.772;16.798.431;0;24.251.091;41.049.523;2.681.462;43.730.984
BANCO MUFG BRASIL S.A.;60498557;BCO MUFG BRASIL S.A. - PRUDENCIAL;;81713;b1;3;8;SAO PAULO;SP;06/2024;157.425;0;0;2.743.707;0;0;2.901.132;544.314;0;0;0;0;0;0;3.991.715;7.437.161;819.609;32.880.172;41.136.942;1.521.828;42.658.770
BANK OF AMERICA MERRILL LYNCH BANCO MÚLTIPLO S.A.;62073200;BOFA MERRILL LYNCH - PRUDENCIAL;51255;80556;b1;3;8;SAO PAULO;SP;06/2024;1.603.705;0;1.002.112;16.732.896;0;0;19.338.714;2.916.605;0;0;0;0;0;0;111.201;22.366.520;7.938.491;6.016.052;36.321.063;5.119.562;41.440.625
BANCOSEGURO S.A.;10264663;PAGSEGURO - PRUDENCIAL;52182;84813;b1;2;8;SAO PAULO;SP;06/2024;0;0;2.039.760;31.313.813;0;0;33.353.573;17.455;0;0;3.978.370;0;0;3.978.370;0;37.349.398;7.891;394.511;37.751.800;803.307;38.555.107
BANESTES S.A. BANCO DO ESTADO DO ESPIRITO SANTO;28127603;BANESTES - PRUDENCIAL;30159;80147;b1;1;8;VITORIA;ES;06/2024;1.127.617;4.527.936;403.065;18.127.594;0;7.933;24.194.145;9.807.268;123.156;401.365;0;0;0;524.521;148.856;34.674.790;0;1.542.724;36.217.515;2.250.874;38.468.388
BANCO ITAÚ CONSIGNADO S.A.;33885724;ITAU - PRUDENCIAL;10069;80099;b1;2;8;SAO PAULO;SP;06/2024;0;0;36.179.013;0;0;0;36.179.013;0;0;0;0;0;0;0;0;36.179.013;0;535.908;36.714.921;1.198.933;37.913.854
GOLDMAN SACHS DO BRASIL BANCO MULTIPLO S.A.;4332281;GOLDMAN SACHS - PRUDENCIAL;51585;80714;b2;3;8;SAO PAULO;SP;06/2024;0;0;816.386;6.803.114;0;0;7.619.500;151.259;0;0;0;0;226.473;226.473;7.587.474;15.584.706;13.650.362;4.569.814;33.804.882;3.553.876;37.358.759
BANCO MORGAN STANLEY S.A.;2801938;MORGAN STANLEY - PRUDENCIAL;51413;80628;b1;3;8;SAO PAULO;SP;06/2024;0;0;400.576;5.820.592;0;0;6.221.168;2.802.640;0;0;516.963;0;1.706.507;2.223.470;617.215;11.864.493;7.358.846;11.038.525;30.261.864;3.927.497;34.189.361
BANCO MIZUHO DO BRASIL S.A.;61088183;MIZUHO - PRUDENCIAL;;80697;b1;3;8;SAO PAULO;SP;06/2024;49.596;0;21.187;2.142.560;0;0;2.213.343;3.952.282;0;0;0;0;0;0;6.875.057;13.040.681;573.866;17.573.810;31.188.358;1.131.079;32.319.437
SAFRA CRÉDITO, FINANCIAMENTO E INVESTIMENTO S.A.;45437547;SAFRA - PRUDENCIAL;10083;80109;n1;2;14;SAO PAULO;SP;06/2024;11.406;0;26.039.688;0;0;0;26.051.094;4.885.410;0;0;0;0;0;0;0;30.936.504;17.721;585.819;31.540.045;474.870;32.014.916
BANCO C6 CONSIGNADO S.A.;61348538;BANCO C6 - PRUDENCIAL;52072;84844;b1;2;8;SAO PAULO;SP;06/2024;0;0;4.176.287;18.312.887;0;0;22.489.174;65.552;0;0;95.169;0;0;95.169;440.255;23.090.149;0;5.875.160;28.965.310;2.756.282;31.721.592
BANCO SOCIETE GENERALE BRASIL S.A.;61533584;SOCIETE GENERALE - PRUDENCIAL;31859;80264;b1;3;8;SAO PAULO;SP;06/2024;33.455;0;72.718;1.569.034;0;0;1.675.207;221.789;0;0;0;0;0;0;2.462.715;4.359.711;1.098.690;23.272.643;28.731.044;1.702.647;30.433.690
BANCO CLASSICO S.A.;31597552;BCO CLASSICO S.A. - PRUDENCIAL;;81665;b1;2;8;RIO DE JANEIRO;RJ;06/2024;255;0;0;0;0;0;255;3.138.444;0;0;0;0;0;0;0;3.138.699;0;8.868.842;12.007.541;15.901.283;27.908.824
TERRA INVESTIMENTOS DISTRIBUIDORA DE TÍTULOS E VALORES MOBILIÁRIOS LTDA.;3751794;TERRA INVESTIMENTOS DTVM - PRUDENCIAL;52113;84514;n2;2;16;SAO PAULO;SP;06/2024;0;0;0;0;0;83.485;83.485;3.224.640;0;0;0;0;0;0;0;3.308.125;23.838.461;41.936;27.188.523;71.295;27.259.818
CITIBANK N.A.;33042953;CITIBANK - PRUDENCIAL;30403;80192;b1;3;28;SAO PAULO;SP;06/2024;0;0;0;0;0;0;0;0;0;0;0;0;0;0;13.242.526;13.242.526;4.121.346;2.847.049;20.210.921;6.689.927;26.900.848
BANCO HSBC S.A.;53518684;BANCO HSBC - PRUDENCIAL;;84741;b1;3;8;SAO PAULO;SP;06/2024;720.269;0;0;2.938.625;0;0;3.658.893;928.872;0;0;1.475.541;0;0;1.475.541;1.434.304;7.497.611;2.233.311;15.878.495;25.609.416;1.224.230;26.833.646
BANCO CRÉDIT AGRICOLE BRASIL S.A.;75647891;CREDIT AGRICOLE - PRUDENCIAL;;80491;b1;3;8;SAO PAULO;SP;06/2024;1.485;0;194.354;815.935;0;0;1.011.774;1.141.415;0;0;55.046;0;0;55.046;9.881.554;12.089.788;1.364.445;10.383.908;23.838.142;2.668.340;26.506.481
BANCO CNH INDUSTRIAL CAPITAL S.A.;2992446;BANCO CNH INDUSTRIAL CAPITAL S.A - PRUDENCIAL;;81407;b2;3;8;CURITIBA;PR;06/2024;0;0;656.126;2.318.393;0;0;2.974.518;0;0;5.853.023;5.181.014;0;0;11.034.037;7.145.382;21.153.937;68.397;2.041.240;23.263.574;2.458.549;25.722.123
BANCO BOCOM BBM S.A.;15114366;BOCOM - PRUDENCIAL;52003;84624;b1;3;8;SALVADOR;BA;06/2024;348.142;0;19.038;1.654.838;0;0;2.022.018;2.798.858;13.986;7.345.469;1.860.501;4.482.147;0;13.702.103;3.265.796;21.788.776;725.085;1.859.333;24.373.194;1.317.271;25.690.465
BANCO PINE S.A.;62144175;PINE - PRUDENCIAL;50304;80374;b1;2;8;SAO PAULO;SP;06/2024;83.585;0;888.948;12.647.875;0;0;13.620.408;4.352.228;941.142;524.933;776.667;0;0;2.242.742;358.855;20.574.234;2.167.501;1.281.619;24.023.353;1.118.469;25.141.823
BANCO ALFA DE INVESTIMENTO S.A.;60770336;SAFRA - PRUDENCIAL;10083;80109;b2;2;13;SAO PAULO;SP;06/2024;0;0;6.091.375;6.791.806;0;0;12.883.181;644.617;0;788.779;5.972.389;0;0;6.761.168;2.725.717;23.014.683;66.212;441.483;23.522.378;1.578.742;25.101.121
BANCO ORIGINAL S.A.;92894922;ORIGINAL - PRUDENCIAL;51781;80903;b1;2;8;SAO PAULO;SP;06/2024;363.725;0;1.286.188;10.391.021;586;0;12.041.521;300.001;1.978.316;5.050.643;256.347;0;0;7.285.307;1.763.820;21.390.649;134.260;1.651.904;23.176.813;1.461.562;24.638.375
BANCO AGIBANK S.A.;10664513;AGIBANK - PRUDENCIAL;51956;83694;b1;2;2;CAMPINAS;SP;06/2024;394.771;0;406.802;15.284.673;0;0;16.086.246;4.334;0;0;2.189.888;0;0;2.189.888;0;18.280.467;0;3.975.185;22.255.652;1.930.696;24.186.349
BANCO REGIONAL DE DESENVOLVIMENTO DO EXTREMO SUL;92816560;BD REGIONAL DO EXTREMO SUL - PRUDENCIAL;;81311;b4;1;5;PORTO ALEGRE;RS;06/2024;0;0;0;82.709;0;0;82.709;0;0;357.187;0;0;0;357.187;17.062.133;17.502.028;1.887;1.289.634;18.793.550;4.408.973;23.202.523
COOPERATIVA CENTRAL DE CRÉDITO DE MINAS GERAIS LTDA. - SICOOB CENTRAL CREDIMINAS;25683434;;;;b3C;2;9;BELO HORIZONTE;MG;06/2024;0;0;0;25.108;0;0;25.108;0;0;0;0;0;0;0;275.614;300.722;0;20.814.802;21.115.524;1.156.930;22.272.454
BANCO MERCANTIL DO BRASIL S.A.;17184037;MERCANTIL DO BRASIL - PRUDENCIAL;20152;80123;b1;2;8;BELO HORIZONTE;MG;06/2024;569.400;142.301;502.881;14.969.666;0;0;16.184.248;43.059;0;23.131;617.645;0;0;640.775;0;16.868.083;0;3.597.705;20.465.788;1.798.950;22.264.738
BANCO DE INVESTIMENTOS CREDIT SUISSE (BRASIL) S.A.;33987793;CREDIT SUISSE - PRUDENCIAL;30771;80219;b2;3;13;SAO PAULO;SP;06/2024;126;0;0;492.522;0;0;492.648;2.688.644;0;0;0;0;1.263.281;1.263.281;3.152.427;7.596.999;76.522;7.348.239;15.021.761;6.406.670;21.428.431
BANCO MERCEDES-BENZ DO BRASIL S.A.;60814191;MERCEDES-BENZ - PRUDENCIAL;51262;80563;b2;3;8;SAO BERNARDO DO CAMPO;SP;06/2024;0;0;2.728.577;4.313.325;0;0;7.041.902;0;0;0;3.271.130;0;0;3.271.130;6.490.731;16.803.763;18.621;727.511;17.549.895;2.461.233;20.011.128
SCOTIABANK BRASIL S.A. BANCO MÚLTIPLO;29030467;SCOTIABANK BRASIL - PRUDENCIAL;52230;81452;b1;3;8;SAO PAULO;SP;06/2024;102;0;50.131;1.507.917;0;0;1.558.150;1.006.770;0;0;0;0;0;0;9.922.882;12.487.801;1.487.034;2.308.188;16.283.023;3.548.477;19.831.500
DEUTSCHE BANK S.A. - BANCO ALEMAO;62331228;DEUTSCHE - PRUDENCIAL;;80532;b1;3;8;SAO PAULO;SP;06/2024;519.140;0;163.855;2.347.506;0;0;3.030.501;0;0;0;0;0;0;0;5.780.141;8.810.641;1.401.563;6.535.358;16.747.563;2.669.300;19.416.863
BANCO CSF S.A.;8357240;BCO CSF S.A. - PRUDENCIAL;;81610;b2;2;8;SAO PAULO;SP;06/2024;18.076;0;0;802.108;0;0;820.184;0;0;0;2.592.058;0;0;2.592.058;0;3.412.242;0;12.501.407;15.913.649;3.449.414;19.363.063
REDECARD SOCIEDADE DE CRÉDITO DIRETO S.A.;46743943;ITAU - PRUDENCIAL;10069;80099;n1;2;43;SAO PAULO;SP;06/2024;0;0;0;0;0;0;0;0;0;0;0;0;0;0;0;0;0;297.435;297.435;18.429.791;18.727.225
LUIZACRED S.A. SOCIEDADE DE CRÉDITO, FINANCIAMENTO E INVESTIMENTO;2206577;ITAU - PRUDENCIAL;10069;80099;n1;2;14;SAO PAULO;SP;06/2024;32.827;0;4.540.617;0;0;0;4.573.444;0;0;0;0;0;0;0;0;4.573.444;0;12.684.534;17.257.978;1.260.506;18.518.484
BANCO DO ESTADO DO PARÁ S.A.;4913711;BCO DO EST. DO PA S.A. - PRUDENCIAL;;81586;b1;1;8;BELEM;PA;06/2024;1.252.256;1.821.255;548.166;10.424.871;0;0;14.046.548;581.643;134.903;0;536.718;0;0;671.621;159.679;15.459.490;0;742.465;16.201.955;2.051.264;18.253.219
PICPAY BANK - BANCO MÚLTIPLO S.A;9516419;ORIGINAL - PRUDENCIAL;51781;80903;b1;2;8;SAO PAULO;SP;06/2024;108.434;0;0;14.019.673;0;0;14.128.108;955.185;0;0;0;0;0;0;0;15.083.292;0;2.680.386;17.763.678;424.053;18.187.731
COOPERATIVA CENTRAL DE CRÉDITO DE SANTA CATARINA E RIO GRANDE DO SUL - SICOOB CENTRAL SC/RS;80160260;;;;b3C;2;9;FLORIANOPOLIS;SC;06/2024;13.773;0;0;956.330;0;0;970.103;0;0;0;0;0;0;0;530;970.633;0;16.037.832;17.008.465;1.000.281;18.008.746
PORTOSEG S.A. - CREDITO, FINANCIAMENTO E INVESTIMENTO;4862600;PORTO SEGURO - PRUDENCIAL;51444;80642;n1;2;14;SAO PAULO;SP;06/2024;0;0;0;165.643;0;0;165.643;0;0;0;3.210.172;0;0;3.210.172;0;3.375.814;19.570;13.268.109;16.663.493;958.682;17.622.175
CENTRAL DAS COOPERATIVAS DE ECONOMIA E CREDITO DO ESTADO DE MINAS GERAIS LTDA. - SICOOB CENTRAL CECREMGE;309024;;;;b3C;2;9;BELO HORIZONTE;MG;06/2024;0;0;0;562;0;0;562;0;0;0;0;0;0;0;0;562;0;16.326.528;16.327.090;721.582;17.048.672
BANCO JOHN DEERE S.A.;91884981;JOHN DEERE - PRUDENCIAL;;80343;b1;3;8;INDAIATUBA;SP;06/2024;353.623;0;0;590.603;0;0;944.226;0;0;1.043.765;2.387.143;0;0;3.430.909;9.525.401;13.900.536;0;256.088;14.156.624;2.653.466;16.810.090
BANCO DE LAGE LANDEN BRASIL S.A.;5040481;BCO DE LAGE LANDEN BRASIL S.A. - PRUDENCIAL;;81421;b2;3;8;PORTO ALEGRE;RS;06/2024;0;0;3.334.994;61.656;0;0;3.396.650;0;0;0;2.661.222;0;0;2.661.222;7.423.199;13.481.071;108.347;1.829.912;15.419.331;1.335.105;16.754.436
BANCO FIBRA S.A.;58616418;BCO FIBRA S.A. - PRUDENCIAL;;81483;b1;2;8;SAO PAULO;SP;06/2024;104.662;0;21.919;8.983.090;0;0;9.109.672;3.703.499;6.797;99.389;84.431;0;0;190.617;1.039.769;14.043.557;328.169;790.686;15.162.411;1.215.987;16.378.399
BANCO VOLVO BRASIL S.A.;58017179;VOLVO - PRUDENCIAL;;80769;b2;3;8;CURITIBA;PR;06/2024;0;0;2.060.527;267.482;0;0;2.328.010;0;0;0;195.630;0;0;195.630;10.119.240;12.642.880;0;153.720;12.796.600;3.368.862;16.165.462
BRADESCO LEASING S.A. - ARRENDAMENTO MERCANTIL;47509120;BRADESCO - PRUDENCIAL;10045;80075;n1;2;19;OSASCO;SP;06/2024;0;0;1.025.722;0;0;0;1.025.722;0;0;0;0;0;7.264.756;7.264.756;0;8.290.478;0;3.771.495;12.061.973;4.030.390;16.092.363
SANTANDER LEASING S.A. ARRENDAMENTO MERCANTIL;47193149;SANTANDER - PRUDENCIAL;30379;80185;n1;3;19;SAO PAULO;SP;06/2024;67;0;233.510;0;0;0;233.576;0;0;0;0;0;436.141;436.141;0;669.717;0;3.745.438;4.415.155;11.673.504;16.088.659
CHINA CONSTRUCTION BANK (BRASIL) BANCO MÚLTIPLO S/A;7450604;CCB - PRUDENCIAL;32119;80295;b1;3;8;SAO PAULO;SP;06/2024;61.858;2.208;653.399;4.209.376;0;0;4.926.842;1.512.034;0;668.457;29.432;0;0;697.889;6.288.095;13.424.861;20.034;961.591;14.406.486;1.537.580;15.944.066
BANCO SOFISA S.A.;60889128;SOFISA - PRUDENCIAL;31873;80271;b1;2;8;SAO PAULO;SP;06/2024;575.870;0;8.720;10.178.462;0;0;10.763.053;329.004;114.170;336.496;1.376.902;0;0;1.827.568;957.479;13.877.104;21.045;863.135;14.761.285;1.103.378;15.864.663
COOPERATIVA DE CREDITO CREDICITRUS;54037916;;;;b3S;2;9;BEBEDOURO;SP;06/2024;1.820.388;0;0;5.857.384;0;1.769;7.679.541;0;0;3.501.422;0;0;0;3.501.422;335;11.181.297;0;1.393.270;12.574.567;2.908.722;15.483.289
KIRTON BANK S.A. - BANCO MÚLTIPLO;1701201;BRADESCO - PRUDENCIAL;10045;80075;b1;2;8;OSASCO;SP;06/2024;0;0;1.850.150;0;0;0;1.850.150;0;0;0;0;0;0;0;0;1.850.150;0;1.414.352;3.264.502;11.785.235;15.049.737
BANCO ITAUCARD S.A.;17192451;ITAU - PRUDENCIAL;10069;80099;b2;2;8;SAO PAULO;SP;06/2024;4.934;0;0;0;7.644.526;0;7.649.459;0;0;0;0;0;0;0;0;7.649.459;61.869;2.064.237;9.775.565;5.250.242;15.025.807
SCANIA BANCO S.A.;11417016;SCANIA - PRUDENCIAL;;80776;b2;3;8;SAO BERNARDO DO CAMPO;SP;06/2024;0;0;0;10.574.272;0;0;10.574.272;0;0;0;0;0;0;0;2.726.784;13.301.056;0;212.085;13.513.141;1.202.006;14.715.147
HIPERCARD BANCO MÚLTIPLO S.A.;3012230;ITAU - PRUDENCIAL;10069;80099;b1;2;8;SAO PAULO;SP;06/2024;15.595;0;1.475.703;0;0;0;1.491.299;0;0;0;0;0;0;0;0;1.491.299;0;10.441.230;11.932.528;2.756.975;14.689.503
BANCO BRADESCARD S.A.;4184779;BRADESCO - PRUDENCIAL;10045;80075;b1;2;8;OSASCO;SP;06/2024;0;0;6.967.741;0;0;0;6.967.741;0;0;0;0;0;0;0;0;6.967.741;0;7.267.446;14.235.187;175.123;14.410.311
BANCO GM S.A.;59274605;GM - PRUDENCIAL;;80848;b2;3;8;SAO PAULO;SP;06/2024;0;0;1.244.969;2.337.214;0;0;3.582.184;0;0;0;5.798.105;0;0;5.798.105;0;9.380.289;0;2.459.332;11.839.621;2.537.954;14.377.575
BANCO DIGIO S.A.;27098060;BRADESCO - PRUDENCIAL;10045;80075;b2;2;8;OSASCO;SP;06/2024;0;0;11.372.729;7.353;482.188;0;11.862.270;105.427;0;0;0;0;0;0;0;11.967.697;0;1.916.731;13.884.428;137.700;14.022.128
BTG PACTUAL CORRETORA DE TÍTULOS E VALORES MOBILIÁRIOS S.A.;43815158;BTG PACTUAL - PRUDENCIAL;49944;80336;n2;2;15;RIO DE JANEIRO;RJ;06/2024;0;0;0;0;0;1.453;1.453;31.441;0;0;0;0;0;0;0;32.894;11.210.182;1.079.767;12.322.842;1.687.551;14.010.393
COOPERATIVA CENTRAL DE CRÉDITO DO ESTADO DE SÃO PAULO - SICOOB SÃO PAULO;63917579;;;;b3C;2;9;RIBEIRAO PRETO;SP;06/2024;0;0;0;978.013;0;0;978.013;0;0;0;0;0;0;0;0;978.013;0;12.078.611;13.056.624;590.869;13.647.493
COOPERATIVA DE CREDITO VALE DO ITAJAI - VIACREDI;82639451;;;;b3S;2;9;BLUMENAU;SC;06/2024;1.674.466;546.714;28.625;7.307.903;0;16.393;9.574.101;0;205.502;0;3.930;0;0;209.432;0;9.783.533;0;978.973;10.762.506;2.759.878;13.522.384
BANCO BRADESCO BBI S.A.;6271464;BRADESCO - PRUDENCIAL;10045;80075;b1;2;8;OSASCO;SP;06/2024;0;0;7.667.696;0;0;0;7.667.696;0;0;0;0;0;0;0;0;7.667.696;163.871;733.154;8.564.721;4.751.068;13.315.789
BR PARTNERS BANCO DE INVESTIMENTO S.A.;13220493;BR PARTNERS - PRUDENCIAL;;80934;b2;2;13;SAO PAULO;SP;06/2024;0;0;392.797;2.060.567;0;0;2.453.364;7.277.565;92.849;45.973;759.134;0;0;897.956;0;10.628.885;338.376;911.634;11.878.894;731.625;12.610.519
BANCO BANDEPE S.A.;10866788;SANTANDER - PRUDENCIAL;30379;80185;b1;3;8;SAO PAULO;SP;06/2024;0;0;6.155.631;0;0;0;6.155.631;0;0;0;0;0;0;0;0;6.155.631;0;426.655;6.582.287;5.777.746;12.360.033
SICOOB COCRED COOPERATIVA DE CRÉDITO;71328769;;;;b3S;2;9;SERTAOZINHO;SP;06/2024;943.371;0;0;5.101.199;0;0;6.044.570;0;755.081;2.687.644;0;0;0;3.442.725;823;9.488.119;0;1.195.528;10.683.647;1.523.006;12.206.653
BANCO TOYOTA DO BRASIL S.A.;3215790;BCO TOYOTA DO BRASIL S.A. - PRUDENCIAL;;81562;b2;3;8;SAO PAULO;SP;06/2024;0;0;2.926.382;427.761;0;0;3.354.143;0;0;0;5.235.628;0;0;5.235.628;1.729.525;10.319.296;75.031;201.566;10.595.892;1.379.018;11.974.910
COOPERATIVA CENTRAL DE CRÉDITO COM INTERAÇÃO SOLIDÁRIA - CENTRAL CRESOL BASER;1401771;;;;b3C;2;9;FRANCISCO BELTRAO;PR;06/2024;0;0;1.367.408;0;0;0;1.367.408;0;0;0;0;0;0;0;5.878.556;7.245.964;0;4.153.378;11.399.341;455.734;11.855.076
COOPERATIVA DE CRÉDITO, POUPANÇA E INVESTIMENTO OURO VERDE DO MATO GROSSO - SICREDI OURO VERDE MT;26529420;;;;b3S;2;9;LUCAS DO RIO VERDE;MT;06/2024;1.245.507;11.639;149.156;3.906.551;0;5.003;5.317.856;0;17.175;0;0;0;0;17.175;10.739;5.345.770;6.324;5.028.636;10.380.730;1.464.791;11.845.521
BANCO SUMITOMO MITSUI BRASILEIRO S.A.;60518222;BCO SUMITOMO MITSUI BRASIL S.A. - PRUDENCIAL;;81720;b1;3;8;SAO PAULO;SP;06/2024;68.833;0;0;1.872.533;0;0;1.941.366;2.000;0;0;121.160;0;0;121.160;5.631.359;7.695.886;274.715;980.752;8.951.353;2.394.489;11.345.842
COOPERATIVA DE CRÉDITO, POUPANÇA E INVESTIMENTO DEXIS - SICREDI DEXIS;79342069;;;;b3S;2;9;MARINGA;PR;06/2024;1.216.675;0;161.016;4.457.082;0;3.047;5.837.820;0;46.845;0;0;0;0;46.845;7.583;5.892.248;0;4.192.132;10.084.380;1.195.636;11.280.016
BANCO RCI BRASIL S.A.;62307848;SANTANDER - PRUDENCIAL;30379;80185;b2;3;8;SAO PAULO;SP;06/2024;13.906;0;1.771.227;228.566;0;0;2.013.699;0;0;0;5.740.283;0;1.464.764;7.205.048;0;9.218.747;24.954;555.444;9.799.145;1.380.753;11.179.898
COOPERATIVA CENTRAL DE CREDITO DO ESPIRITO SANTO - SICOOB CENTRAL ES;32428294;;;;b3C;2;9;VITORIA;ES;06/2024;0;0;0;0;0;0;0;0;0;0;0;0;0;0;242.117;242.117;0;10.119.545;10.361.662;606.349;10.968.011
CLOUDWALK INSTITUIÇÃO DE PAGAMENTO E SERVICOS LTDA;18189547;CLOUDWALK IP - PRUDENCIAL;;86581;n4;3;41;SAO PAULO;SP;06/2024;0;0;0;0;454.972;0;454.972;0;0;0;0;0;0;0;0;454.972;0;9.235.843;9.690.815;821.361;10.512.176
ASSOCIACAO DE POUPANCA E EMPRESTIMO - POUPEX;655522;APE POUPEX - PRUDENCIAL;;81184;n1;2;25;BRASILIA;DF;06/2024;9;0;66.076;0;0;1.958.375;2.024.461;0;639.283;0;0;0;0;639.283;0;2.663.743;0;110.610;2.774.354;7.662.448;10.436.802
COOPERATIVA CENTRAL DE CRÉDITO - AILOS;5463212;;;;b3C;2;9;BLUMENAU;SC;06/2024;0;0;0;0;0;0;0;0;0;0;0;0;0;0;2.037.302;2.037.302;0;7.597.070;9.634.373;785.747;10.420.120
BANCO MASTER DE INVESTIMENTO S.A.;9526594;BANCO MASTER - PRUDENCIAL;50201;80367;b2;2;13;RIO DE JANEIRO;RJ;06/2024;0;0;0;10.264.569;0;0;10.264.569;0;0;0;0;0;0;0;0;10.264.569;0;34.418;10.298.987;4.240;10.303.227
FINANCEIRA ALFA S.A. - CREDITO, FINANCIAMENTO E INVESTIMENTOS;17167412;SAFRA - PRUDENCIAL;10083;80109;n1;2;14;SAO PAULO;SP;06/2024;0;0;8.831.821;0;0;0;8.831.821;0;0;0;0;0;0;0;681;8.832.502;44.205;331.605;9.208.313;1.024.521;10.232.834
BANCO DO ESTADO DE SERGIPE S.A.;13009717;BCO DO EST. DE SE S.A. - PRUDENCIAL;;81634;b1;1;8;ARACAJU;SE;06/2024;1.448.841;2.210.968;160.402;4.781.549;0;227;8.601.988;14.711;23.402;0;21.346;0;0;44.747;232.759;8.894.205;0;522.398;9.416.602;714.729;10.131.331
PARANÁ BANCO S.A.;14388334;PARANÁ BANCO - PRUDENCIAL;30881;80233;b1;2;8;CURITIBA;PR;06/2024;6.140;0;322.679;3.321.987;0;0;3.650.806;112.761;0;0;4.823.634;0;0;4.823.634;0;8.587.201;0;207.756;8.794.957;1.272.208;10.067.165
COOPERATIVA CENTRAL DE CRÉDITO, POUPANÇA E INVESTIMENTO DO SUL E SUDESTE - CENTRAL SICREDI SUL/SUDESTE;87437687;;;;b3C;2;9;PORTO ALEGRE;RS;06/2024;0;0;0;0;0;0;0;0;0;0;0;0;0;0;0;0;0;8.196.291;8.196.291;1.687.633;9.883.924
COOPERATIVA DE CRÉDITO, POUPANÇA E INVESTIMENTO VALE DO PIQUIRI ABCD - SICREDI VALE DO PIQUIRI ABCD PR/SP;81099491;;;;b3S;2;9;PALOTINA;PR;06/2024;773.137;0;805.877;3.792.296;0;843;5.372.153;0;4.871;0;0;0;0;4.871;10.572;5.387.596;0;3.198.848;8.586.444;1.002.705;9.589.148
COOPERATIVA DE CRÉDITO CONEXÃO - SICOOB CONEXÃO;32430233;;;;b3S;2;9;LINHARES;ES;06/2024;1.652.851;0;0;3.872.557;0;3.256;5.528.663;0;134.560;668.496;1.710;0;0;804.766;28.000;6.361.429;0;1.379.819;7.741.248;1.722.940;9.464.188
BANCO DE DESENVOLVIMENTO DE MINAS GERAIS S.A.-BDMG;38486817;BCO DES. DE MG S.A. - PRUDENCIAL;;81328;b4;1;5;BELO HORIZONTE;MG;06/2024;0;0;173.394;664.268;0;3.462;841.124;89.170;0;1.065.271;387.122;0;0;1.452.393;3.603.518;5.986.205;38.204;1.203.976;7.228.385;2.225.329;9.453.714
BANCO STELLANTIS S.A.;62237425;STELLANTIS - PRUDENCIAL;52508;87298;b2;3;8;SAO PAULO;SP;06/2024;36;0;709.512;4.067.245;0;0;4.776.793;0;629.329;0;2.065.864;0;0;2.695.194;0;7.471.987;0;334.201;7.806.188;1.443.027;9.249.214
COOPERATIVA DE CRÉDITO, POUPANÇA E INVESTIMENTO VANGUARDA - SICREDI VANGUARDA PR/SP/RJ;78414067;;;;b3S;2;9;MEDIANEIRA;PR;06/2024;1.074.591;0;33.104;3.518.402;0;2.238;4.628.335;0;295.104;0;0;0;0;295.104;8;4.923.447;0;3.165.619;8.089.066;1.079.034;9.168.100
COOPERATIVA DE CRÉDITO, POUPANÇA E INVESTIMENTO SICREDI PIONEIRA RS - SICREDI PIONEIRA RS;91586982;;;;b3S;2;9;NOVA PETROPOLIS;RS;06/2024;1.026.846;2.566;100.128;5.086.420;0;9.515;6.225.475;0;74.243;0;0;0;0;74.243;0;6.299.718;0;1.837.661;8.137.379;912.372;9.049.751
FINANCEIRA ITAÚ CBD S.A. CRÉDITO, FINANCIAMENTO E INVESTIMENTO;6881898;ITAU - PRUDENCIAL;10069;80099;n1;2;14;SAO PAULO;SP;06/2024;23.258;0;562.132;0;0;0;585.390;0;0;0;0;0;0;0;0;585.390;0;6.942.871;7.528.261;1.422.267;8.950.528
COOPERATIVA DE CRÉDITO SICREDI SERRANA RS/ES;90608712;;;;b3S;2;9;CARLOS BARBOSA;RS;06/2024;934.946;40.863;49.113;4.625.518;0;10.460;5.660.900;0;95.994;0;0;0;0;95.994;3;5.756.898;0;2.238.118;7.995.016;918.088;8.913.103
COOPERATIVA DE CRÉDITO MAXI ALFA DE LIVRE ADMISSÃO DE ASSOCIADOS - SICOOB MAXICRÉDITO;78825270;;;;b3S;2;9;CHAPECO;SC;06/2024;1.056.055;0;1;5.124.710;0;779;6.181.544;0;252.600;282.964;0;0;0;535.564;9.747;6.726.855;0;1.025.042;7.751.898;1.017.516;8.769.414
MERCADO CRÉDITO SOCIEDADE DE CRÉDITO, FINANCIAMENTO E INVESTIMENTO S.A.;37679449;MERCADO PAGO IP - PRUDENCIAL;;84820;n1;3;14;OSASCO;SP;06/2024;0;0;150.102;5.571.662;0;0;5.721.764;0;0;0;474.372;0;0;474.372;1.498.321;7.694.457;0;694.982;8.389.439;326.549;8.715.988
ITAU CORRETORA DE VALORES S.A.;61194353;ITAU - PRUDENCIAL;10069;80099;n2;2;15;SAO PAULO;SP;06/2024;0;0;0;0;0;209.656;209.656;0;0;0;0;0;0;0;0;209.656;0;5.010.926;5.220.583;3.368.482;8.589.064
RENASCENCA DISTRIBUIDORA DE TÍTULOS E VALORES MOBILIÁRIOS LTDA;62287735;WARREN CCVM LTDA - PRUDENCIAL;52333;82664;n2;2;16;PORTO ALEGRE;RS;06/2024;0;0;0;0;0;288;288;8.359.938;0;0;0;0;0;0;0;8.360.226;0;30.302;8.390.528;64.282;8.454.810
COOPERATIVA DE CRÉDITO, POUPANÇA E INVESTIMENTO CAMPOS GERAIS E GRANDE CURITIBA - SICREDI CAMPOS GERAIS E GRANDE CURITIBA PR/SP;81466286;;;;b3S;2;9;PONTA GROSSA;PR;06/2024;1.044.785;0;28.498;4.388.282;0;592;5.462.157;0;29.808;0;0;0;0;29.808;2.488;5.494.453;0;1.998.760;7.493.213;934.538;8.427.751
BANCO DIGIMAIS S.A.;92874270;BANCO DIGIMAIS - PRUDENCIAL;;81799;b1;3;8;SAO PAULO;SP;06/2024;26.843;0;0;6.435.001;0;0;6.461.844;0;0;0;0;0;0;0;0;6.461.844;0;1.190.655;7.652.500;743.319;8.395.818
ALELO INSTITUICAO DE PAGAMENTO SA;4740876;ALELO IP - PRUDENCIAL;;87580;n4;2;41;BARUERI;SP;06/2024;0;0;0;0;2.574.769;0;2.574.769;0;0;0;0;0;0;0;0;2.574.769;0;4.837.303;7.412.072;751.104;8.163.176
COOPERATIVA DE CRÉDITO, POUPANÇA E INVESTIMENTO DO SUDOESTE MT/PA - SICREDI SUDOESTE MT/PA;32995755;;;;b3S;2;9;TANGARA DA SERRA;MT;06/2024;1.399.727;0;185.987;2.844.700;0;227;4.430.641;0;101.927;0;0;0;0;101.927;5.284;4.537.852;0;2.523.149;7.061.001;1.021.365;8.082.366
SISPRIME DO BRASIL - COOPERATIVA DE CRÉDITO;2398976;;;;b3S;2;9;LONDRINA;PR;06/2024;793.801;28.381;0;4.727.195;0;4.425;5.553.802;0;499.466;260.989;2.458;0;0;762.913;0;6.316.714;0;453.787;6.770.502;1.218.640;7.989.142
WILL S.A. INSTITUICAO DE PAGAMENTO;36272465;WILL IP - PRUDENCIAL;;84600;n4;2;41;SAO PAULO;SP;06/2024;0;0;0;0;364.462;0;364.462;0;0;0;0;0;0;0;0;364.462;0;7.637.225;8.001.687;-22.996;7.978.691
COOPERATIVA DE CRÉDITO, POUPANÇA E INVESTIMENTO UNIÃO - SICREDI UNIAO RS/ES;88894548;;;;b3S;2;9;CERRO LARGO;RS;06/2024;793.045;0;347.441;2.723.992;0;8.402;3.872.879;0;94.816;0;0;0;0;94.816;2;3.967.697;0;2.909.025;6.876.722;900.595;7.777.317
PICPAY INSTITUIÇÃO DE PAGAMENTO S.A.;22896431;ORIGINAL - PRUDENCIAL;51781;80903;n4;2;41;SAO PAULO;SP;06/2024;0;0;0;0;854.115;0;854.115;0;0;0;0;0;0;0;2.360.674;3.214.789;0;3.471.939;6.686.728;1.030.177;7.716.906
BANCO BESA S.A.;15124464;BTG PACTUAL - PRUDENCIAL;49944;80336;b2;2;8;RIO DE JANEIRO;RJ;06/2024;0;0;0;0;0;0;0;0;0;0;0;0;0;0;0;0;0;3.541.972;3.541.972;4.029.949;7.571.921
BANCO BV S.A.;1858774;VOTORANTIM - PRUDENCIAL;51011;80484;b1;2;8;SAO PAULO;SP;06/2024;178.463;0;1.962.507;237.635;0;0;2.378.604;0;0;0;0;0;0;0;0;2.378.604;0;3.222.069;5.600.673;1.910.249;7.510.923
BANCO VOITER S.A.;61024352;BANCO MASTER - PRUDENCIAL;50201;80367;b1;2;8;RIO DE JANEIRO;RJ;06/2024;96.377;0;20.061;5.828.063;0;0;5.944.501;226.775;73.058;167.691;0;0;0;240.749;42.983;6.455.007;37.111;323.762;6.815.881;679.497;7.495.378
SICOOB CREDICOM - COOPERATIVA DE ECONOMIA E CREDITO MUTUO DOS MEDICOS E PROFISSIONAIS DA AREA DE SAUDE DO BRASIL LTDA.;42898825;;;;b3S;2;9;BELO HORIZONTE;MG;06/2024;702.228;0;0;4.146.003;0;30.572;4.878.803;0;250.194;731.132;157;0;0;981.482;0;5.860.286;0;489.769;6.350.055;1.077.754;7.427.809
COOPERATIVA DE CRÉDITO DE LIVRE ADMISSÃO CENTRO BRASILEIRA LTDA.;37395399;;;;b3S;2;9;GOIANIA;GO;06/2024;1.285.430;0;0;3.528.306;0;1.342;4.815.078;0;510.978;677.972;0;0;0;1.188.950;608;6.004.636;0;436.709;6.441.345;983.751;7.425.097
FACTA FINANCEIRA S.A. - CRÉDITO FINANCIAMENTO E INVESTIMENTO;15581638;FACTA S.A. CFI - PRUDENCIAL;;83704;n1;2;14;PORTO ALEGRE;RS;06/2024;0;0;723.643;4.883.029;0;0;5.606.672;0;0;0;0;0;78.446;78.446;0;5.685.118;0;1.213.221;6.898.339;500.054;7.398.393
BB-BANCO DE INVESTIMENTO S/A;24933830;BB - PRUDENCIAL;49906;80329;b2;1;13;BRASILIA;DF;06/2024;0;0;5.059.901;0;0;0;5.059.901;0;0;0;0;0;0;0;0;5.059.901;0;1.462.590;6.522.491;858.082;7.380.574
COOPERATIVA DE CRÉDITO, POUPANÇA E INVESTIMENTO UNIÃO DE ESTADOS RIO GRANDE DO SUL, SANTA CATARINA E MINAS GERAIS - SICREDI UNIESTADOS;87780268;;;;b3S;2;9;ERECHIM;RS;06/2024;667.671;36.491;401.986;2.907.111;0;12.018;4.025.276;0;76.477;0;0;0;0;76.477;18.530;4.120.283;0;2.371.631;6.491.914;775.790;7.267.704
BANCO INDUSTRIAL DO BRASIL S.A.;31895683;INDUSTRIAL DO BRASIL - PRUDENCIAL;50988;80477;b1;2;8;SAO PAULO;SP;06/2024;171.716;0;1.152.951;2.144.440;0;0;3.469.107;103.693;9.840;211.404;1.444.929;0;0;1.666.172;841.171;6.080.144;16.403;379.062;6.475.609;767.079;7.242.687
BANCO HONDA S.A.;3634220;HONDA - PRUDENCIAL;51396;80611;b2;3;8;SAO PAULO;SP;06/2024;0;0;793.620;838.543;0;0;1.632.163;0;0;0;1.785.970;0;0;1.785.970;2.361.465;5.779.598;27.388;242.152;6.049.138;1.162.756;7.211.894
HAITONG BANCO DE INVESTIMENTO DO BRASIL S.A.;34111187;HAITONG - PRUDENCIAL;51482;80666;b2;3;13;SAO PAULO;SP;06/2024;0;0;0;1.176.475;0;0;1.176.475;3.934.036;0;150.114;981.982;0;0;1.132.096;127.540;6.370.147;1.991;317.223;6.689.360;514.504;7.203.864
BANCO BS2 S.A.;71027866;BS2 - PRUDENCIAL;;80422;b1;2;8;BELO HORIZONTE;MG;06/2024;434.518;0;195.387;3.492.472;10.458;0;4.132.835;545.656;337.004;24.195;21.660;0;0;382.859;148.070;5.209.420;88;1.234.351;6.443.858;737.777;7.181.635
WILL FINANCEIRA S.A. CRÉDITO, FINANCIAMENTO E INVESTIMENTO;23862762;WILL IP - PRUDENCIAL;;84600;n1;2;14;SAO PAULO;SP;06/2024;0;0;0;5.716.507;0;0;5.716.507;361.070;0;0;0;0;419.966;419.966;0;6.497.543;0;306.960;6.804.503;279.966;7.084.469
COOPERATIVA DE CRÉDITO, POUPANÇA E INVESTIMENTO UNIÃO DOS ESTADOS DE MATO GROSSO DO SUL, TOCANTINS E OESTE DA BAHIA - SICREDI UNIÃO MS/TO;24654881;;;;b3S;2;9;CAMPO GRANDE;MS;06/2024;998.949;0;15.904;2.645.609;0;320;3.660.782;0;49.983;0;0;0;0;49.983;7.586;3.718.350;0;2.520.671;6.239.021;771.268;7.010.289
ÁGORA CORRETORA DE TITULOS E VALORES MOBILIARIOS S.A.;74014747;BRADESCO - PRUDENCIAL;10045;80075;n2;2;15;OSASCO;SP;06/2024;0;0;0;0;0;0;0;0;0;0;0;0;0;0;0;0;0;3.898.490;3.898.490;3.089.969;6.988.459
COOPERATIVA DE CRÉDITO E INVESTIMENTO DO SUDOESTE  DA AMAZÔNIA LTDA - SICOOB CREDISUL;3632872;;;;b3S;2;9;VILHENA;RO;06/2024;1.271.339;0;0;2.308.184;0;99;3.579.622;0;29.318;813.530;0;0;0;842.848;64.492;4.486.962;0;1.378.959;5.865.922;1.106.650;6.972.571
COOPERATIVA CENTRAL DE CRÉDITO, POUPANÇA E INVESTIMENTO DOS ESTADOS DO PARANÁ, SÃO PAULO E RIO DE JANEIRO - CENTRAL SICREDI PR/SP/RJ;80230774;;;;b3C;2;9;CURITIBA;PR;06/2024;0;0;0;0;0;0;0;0;0;0;0;0;0;0;11.965;11.965;0;5.452.701;5.464.666;1.368.552;6.833.217
BANCO PACCAR S.A.;28517628;BANCO PACCAR - PRUDENCIAL;;84899;b2;3;8;PONTA GROSSA;PR;06/2024;0;0;142.610;431.594;0;0;574.204;0;0;0;507.871;0;0;507.871;3.654.069;4.736.143;0;229.053;4.965.196;1.831.189;6.796.385
INTESA SANPAOLO BRASIL S.A. - BANCO MÚLTIPLO;55230916;INTESA SANPAOLO BRASIL S.A. - PRUDENCIAL;;84057;b1;3;8;SAO PAULO;SP;06/2024;2.563;0;3.743;141.947;0;0;148.253;0;0;0;0;0;0;0;5.234.523;5.382.776;130.532;92.094;5.605.402;1.121.605;6.727.007
OMNI S.A. - CREDITO FINANCIAMENTO E INVESTIMENTO;92228410;OMNI - PRUDENCIAL;50940;80460;n1;2;14;SAO PAULO;SP;06/2024;0;0;2.314.341;3.408.943;0;0;5.723.284;0;0;0;0;0;1.159;1.159;56.558;5.781.001;636;190.398;5.972.034;709.873;6.681.907
C6 CORRETORA DE TÍTULOS E VALORES MOBILIÁRIOS LTDA.;32345784;BANCO C6 - PRUDENCIAL;52072;84844;n2;2;15;SAO PAULO;SP;06/2024;0;0;0;0;6.135.434;0;6.135.434;0;0;0;0;0;0;0;0;6.135.434;0;331.755;6.467.188;204.720;6.671.909
CENTRAL SICOOB UNI DE COOPERATIVAS DE CRÉDITO;4243780;;;;b3C;2;9;GOIANIA;GO;06/2024;0;0;0;0;0;0;0;0;0;0;0;0;0;0;0;0;0;6.388.444;6.388.444;275.082;6.663.527
CREFISA S.A.-CREDITO, FINANCIAMENTO E INVESTIMENTOS;60779196;CREFISA S.A. CFI - PRUDENCIAL;52010;83632;n1;2;14;SAO PAULO;SP;06/2024;0;0;0;0;8.117;0;8.117;0;0;0;0;0;0;0;0;8.117;0;337.202;345.320;6.187.154;6.532.474
COOPERATIVA DE CRÉDITO, POUPANÇA E INVESTIMENTO DO CENTRO SUL DO MATO GROSSO DO SUL E BAHIA - SICREDI CENTRO-SUL MS/BA;26408161;;;;b3S;2;9;DOURADOS;MS;06/2024;628.173;58;329.370;2.452.710;0;635;3.410.946;0;32.639;0;0;0;0;32.639;1;3.443.585;0;1.965.616;5.409.202;1.106.230;6.515.432
COOPERATIVA CENTRAL DE CRÉDITO UNICRED CONEXÃO LTDA - UNICRED CENTRAL CONEXÃO;543968;;;;b3C;2;9;FLORIANOPOLIS;SC;06/2024;0;0;0;0;0;0;0;0;0;0;0;0;0;0;0;0;0;6.150.490;6.150.490;273.152;6.423.642
COOPERATIVA DE CRÉDITO, POUPANÇA E INVESTIMENTO SORRISO - SICREDI CELEIRO MT/RR;26555235;;;;b3S;2;9;SORRISO;MT;06/2024;1.103.894;0;40.044;2.341.934;0;268;3.486.139;0;6.390;0;0;0;0;6.390;0;3.492.529;0;1.927.768;5.420.297;913.231;6.333.528
BANCO INBURSA S.A.;4866275;BCO INBURSA S.A. - PRUDENCIAL;;81335;b1;3;8;SAO PAULO;SP;06/2024;22.851;0;0;4.721.106;0;0;4.743.958;7.347;0;0;0;0;0;0;0;4.751.305;0;70.926;4.822.231;1.269.272;6.091.502
FISERV DO BRASIL  INSTITUIÇÃO DE PAGAMENTO LTDA;4962772;FISERV DO BRASIL IP - PRUDENCIAL;;86457;n4;3;41;SAO PAULO;SP;06/2024;0;0;0;0;0;0;0;0;0;0;0;0;0;0;1.053.728;1.053.728;0;3.850.451;4.904.180;1.169.697;6.073.876
CENTRAL DAS COOPERATIVAS DE CREDITO UNICOOB - SICOOB CENTRAL UNICOOB;5036532;;;;b3C;2;9;MARINGA;PR;06/2024;0;0;0;0;0;0;0;0;0;0;0;0;0;0;0;0;0;5.770.096;5.770.096;292.681;6.062.777
PEFISA S.A. - CRÉDITO, FINANCIAMENTO E INVESTIMENTO;43180355;PEFISA S.A. - PRUDENCIAL;;80305;n1;2;14;SAO PAULO;SP;06/2024;4;0;0;2.458.196;47.792;0;2.505.992;0;0;0;0;0;5.494;5.494;0;2.511.486;0;2.634.566;5.146.051;818.748;5.964.799
MIDWAY S.A. - CRÉDITO, FINANCIAMENTO E INVESTIMENTO;9464032;MIDWAY S.A. - SCFI - PRUDENCIAL;;83553;n1;2;14;SAO PAULO;SP;06/2024;21.277;0;260.376;933.590;345;0;1.215.589;0;0;0;0;0;177.042;177.042;0;1.392.630;0;3.408.419;4.801.049;1.158.785;5.959.834
CITIBANK DISTRIBUIDORA DE TITULOS E VALORES MOBILIARIOS S.A;33868597;CITIBANK - PRUDENCIAL;30403;80192;n2;3;16;SAO PAULO;SP;06/2024;0;0;0;0;0;0;0;0;0;0;0;0;0;0;0;0;0;5.750.173;5.750.173;199.894;5.950.067
COOPERATIVA DE CRÉDITO, POUPANÇA E INVESTIMENTO PLANALTO - SICREDI PLANALTO RS/MG;88038260;;;;b3S;2;9;CRUZ ALTA;RS;06/2024;511.242;0;90.603;1.425.527;0;1.909;2.029.282;0;0;0;0;0;0;0;15.633;2.044.915;0;2.747.651;4.792.566;1.135.367;5.927.933
BANCO HYUNDAI CAPITAL BRASIL S.A.;30172491;SANTANDER - PRUDENCIAL;30379;80185;b2;3;8;SAO PAULO;SP;06/2024;627;0;5.205.721;0;0;0;5.206.348;0;0;0;0;0;0;0;0;5.206.348;0;93.510;5.299.858;583.145;5.883.003
REALIZE CRÉDITO, FINANCIAMENTO E INVESTIMENTO S.A.;27351731;REALIZE CFI - PRUDENCIAL;;84703;n1;3;14;PORTO ALEGRE;RS;06/2024;0;0;577.889;406.085;271;0;984.245;0;0;0;0;0;0;0;0;984.245;0;3.773.274;4.757.519;1.061.517;5.819.036
PAYPAL DO BRASIL INSTITUIÇÃO DE PAGAMENTO LTDA.;10878448;PAYPAL DO BRASIL IP - PRUDENCIAL;;85018;n4;3;41;SAO PAULO;SP;06/2024;0;0;0;0;239.912;0;239.912;0;0;0;0;0;0;0;0;239.912;0;5.049.802;5.289.715;525.211;5.814.925
BANCO J. SAFRA S.A.;3017677;SAFRA - PRUDENCIAL;10083;80109;b1;2;8;SAO PAULO;SP;06/2024;23.090;0;4.405.903;0;0;0;4.428.992;0;0;0;0;0;0;0;4.454;4.433.447;0;365.428;4.798.875;946.808;5.745.683
BANCO CATERPILLAR S.A.;2658435;BCO CATERPILLAR S.A. - PRUDENCIAL;;81397;b2;3;8;SAO PAULO;SP;06/2024;0;0;891.582;0;0;0;891.582;0;0;0;0;0;0;0;3.417.282;4.308.865;0;205.978;4.514.842;1.212.808;5.727.650
J.P. MORGAN CORRETORA DE CAMBIO E VALORES MOBILIARIOS S.A.;32588139;JP MORGAN CHASE - PRUDENCIAL;20107;80116;n2;3;15;SAO PAULO;SP;06/2024;0;0;0;0;0;1.989.366;1.989.366;0;0;0;0;0;0;0;0;1.989.366;0;1.824.285;3.813.651;1.871.155;5.684.806
NEON PAGAMENTOS S.A. - INSTITUIÇÃO DE PAGAMENTO;20855875;NEON PAGAMENTOS IP - PRUDENCIAL;;85702;n4;2;41;SAO PAULO;SP;06/2024;0;0;0;0;952.411;0;952.411;0;0;0;0;0;0;0;0;952.411;0;4.237.114;5.189.525;430.461;5.619.986
COOPERATIVA DE CRÉDITO, POUPANÇA E INVESTIMENTO DO ARAGUAIA E XINGU - SICREDI ARAXINGU;33021064;;;;b3S;2;9;CANARANA;MT;06/2024;717.002;0;10.100;1.363.818;0;590;2.091.510;0;487;0;0;0;0;487;4.063;2.096.060;0;2.652.380;4.748.440;716.261;5.464.701
BB-LEASING S/A ARRENDAMENTO MERCANTIL;31546476;BB - PRUDENCIAL;49906;80329;n1;1;19;BRASILIA;DF;06/2024;0;0;0;0;0;0;0;0;0;0;0;0;0;0;0;0;0;540.795;540.795;4.823.194;5.363.990
COOPERATIVA DE CRÉDITO, POUPANÇA E INVESTIMENTO DA REGIÃO DOS VALES - SICREDI REGIÃO DOS VALES RS;89126130;;;;b3S;2;9;ENCANTADO;RS;06/2024;498.459;7.565;209.529;2.926.016;0;13.048;3.654.617;0;92.099;0;0;0;0;92.099;0;3.746.716;0;604.295;4.351.011;983.253;5.334.264
COOPERATIVA CENTRAL DE CRÉDITO DE GOIÁS, DISTRITO FEDERAL E TOCANTINS LTDA. - SICOOB NOVA CENTRAL;33416108;;;;b3C;2;9;GOIANIA;GO;06/2024;0;0;0;0;0;0;0;0;0;0;0;0;0;0;0;0;0;4.646.486;4.646.486;653.193;5.299.679
COOPERATIVA DE CRÉDITO, POUPANÇA E INVESTIMENTO NORTE MATO-GROSSENSE E OESTE PARAENSE - SICREDI GRANDES RIOS MT/PA/AM;37442605;;;;b3S;2;9;COLIDER;MT;06/2024;968.723;0;262.631;1.391.349;0;81;2.622.784;0;10.892;0;0;0;0;10.892;4.694;2.638.370;0;1.938.077;4.576.447;689.159;5.265.606
COOPERATIVA DE CRÉDITO DE LIVRE ADMISSÃO DO SUDOESTE GOIANO;24795049;;;;b3S;2;9;RIO VERDE;GO;06/2024;685.552;0;0;1.695.896;0;0;2.381.448;0;98.135;694.196;0;0;0;792.332;0;3.173.780;0;631.761;3.805.541;1.437.531;5.243.072
BANRISUL SOLUÇÕES EM PAGAMENTOS S.A. - INSTITUIÇÃO DE PAGAMENTO;92934215;BANRISUL - PRUDENCIAL;;80154;n4;1;41;PORTO ALEGRE;RS;06/2024;0;0;0;0;255.611;0;255.611;0;0;0;0;0;0;0;0;255.611;0;2.455.275;2.710.886;2.434.930;5.145.817
STELLANTIS FINANCIAMENTOS SOCIEDADE DE CRÉDITO, FINANCIAMENTO E INVESTIMENTO S.A;3502961;STELLANTIS - PRUDENCIAL;52508;87298;n1;3;14;SAO PAULO;SP;06/2024;0;0;2.998.403;757.503;0;0;3.755.907;0;0;0;312.690;0;0;312.690;0;4.068.596;0;214.773;4.283.369;805.174;5.088.543
COOPERATIVA DE CRÉDITO, POUPANÇA E INVESTIMENTO CELEIRO CENTRO OESTE - SICREDI CELEIRO CENTRO OESTE;3566655;;;;b3S;2;9;SAO GABRIEL DO OESTE;MS;06/2024;485.577;0;139.521;1.649.871;0;53;2.275.022;0;63.546;0;0;0;0;63.546;2.531;2.341.099;0;1.911.159;4.252.258;664.877;4.917.134
COOPERATIVA DE CRÉDITO SUL-SERRANA DO ESPÍRITO SANTO;815319;;;;b3S;2;9;VENDA NOVA DO IMIGRANTE;ES;06/2024;957.080;0;0;2.152.709;0;6.550;3.116.338;0;299.869;121.507;452;0;0;421.828;28.000;3.566.166;0;420.229;3.986.394;901.106;4.887.501
COOPERATIVA CENTRAL DE CRÉDITO, POUPANÇA E INVESTIMENTO DO NORDESTE - CENTRAL SICREDI NORDESTE;70119680;;;;b3C;2;9;JOAO PESSOA;PB;06/2024;0;0;0;0;0;0;0;0;0;0;0;0;0;0;0;0;0;4.749.935;4.749.935;111.512;4.861.447
BANCO BRADESCO BERJ S.A.;33147315;BRADESCO - PRUDENCIAL;10045;80075;b1;2;8;OSASCO;SP;06/2024;0;0;3.048.739;0;0;0;3.048.739;0;0;0;0;0;0;0;1.319;3.050.058;0;1.399.091;4.449.149;395.100;4.844.249
COOPERATIVA DE CRÉDITO DE LIVRE ADMISSÃO DE ASSOCIADOS SÃO MIGUEL DO OESTE - SICOOB SÃO MIGUEL SC/PR/RS;81607046;;;;b3S;2;9;SAO MIGUEL D'OESTE;SC;06/2024;557.870;0;0;2.083.381;0;2.685;2.643.935;0;143.325;726.516;2.610;0;0;872.450;19.555;3.535.940;0;735.651;4.271.591;543.098;4.814.690
COOPERATIVA DE CRÉDITO SICOOB METROPOLITANO;3459850;;;;b3S;2;9;MARINGA;PR;06/2024;873.867;0;0;2.449.132;0;2.895;3.325.894;0;13;455.288;0;0;0;455.302;0;3.781.195;0;417.793;4.198.989;540.201;4.739.190
BANCO MODAL S.A.;30723886;XP - PRUDENCIAL;52120;82475;b1;2;8;RIO DE JANEIRO;RJ;06/2024;4.689;0;3.026.064;0;0;0;3.030.753;600.947;0;0;0;0;0;0;0;3.631.700;108.911;517.897;4.258.509;479.584;4.738.093
COOPERATIVA DE CRÉDITO ALIANÇA RS/SC/ES - SICREDI ALIANÇA RS/SC/ES;87795639;;;;b3S;2;9;MARAU;RS;06/2024;602.658;17.911;404.247;2.008.379;0;4.406;3.037.602;0;36.583;0;0;0;0;36.583;0;3.074.185;0;1.224.477;4.298.662;427.214;4.725.877
COOPERATIVA CENTRAL DE CRÉDITO, POUPANÇA E INVESTIMENTO DO CENTRO NORTE DO BRASIL - CENTRAL SICREDI CENTRO NORTE;33667205;;;;b3C;2;9;CUIABA;MT;06/2024;0;0;0;0;0;0;0;0;0;0;0;0;0;0;0;0;0;3.738.643;3.738.643;980.940;4.719.583
SAFRA LEASING S.A. ARRENDAMENTO MERCANTIL;62063177;SAFRA - PRUDENCIAL;10083;80109;n1;2;19;SAO PAULO;SP;06/2024;0;0;1.010.130;0;0;0;1.010.130;0;0;0;0;0;1.662.530;1.662.530;0;2.672.660;0;964.868;3.637.529;1.058.199;4.695.727
NU DISTRIBUIDORA DE TÍTULOS E VALORES MOBILIÁRIOS LTDA.;39544456;NU PAGAMENTOS - PRUDENCIAL;52058;84693;n2;2;16;SAO PAULO;SP;06/2024;0;0;0;0;0;0;0;0;0;0;0;0;0;0;0;0;0;28.585;28.585;4.652.556;4.681.141
COOPERATIVA CENTRAL DE CRÉDITO E INVESTIMENTO COM INTERAÇÃO SOLIDÁRIA - CENTRAL CRESOL SICOPER;21198087;;;;b3C;2;9;PASSO FUNDO;RS;06/2024;0;0;166.547;0;0;0;166.547;0;0;6.385;0;0;0;6.385;2.244.439;2.417.371;0;1.958.652;4.376.023;189.166;4.565.188
COOPERATIVA DE CRÉDITO, POUPANÇA E INVESTIMENTO DA REGIÃO DA PRODUÇÃO - SICREDI REGIÃO DA PRODUÇÃO RS/SC/MG;89468565;;;;b3S;2;9;SARANDI;RS;06/2024;366.301;0;210.978;2.438.951;0;2.654;3.018.884;0;57.171;0;0;0;0;57.171;0;3.076.055;0;1.026.340;4.102.395;367.464;4.469.859
COOPERATIVA DE CRÉDITO, POUPANÇA E INVESTIMENTO VALE DO CERRADO - SICREDI VALE DO CERRADO;32983165;;;;b3S;2;9;CAMPO VERDE;MT;06/2024;461.836;0;292.296;944.581;0;270;1.698.983;0;13.789;0;0;0;0;13.789;2.529;1.715.301;0;2.167.218;3.882.519;539.707;4.422.226
COOPERATIVA DE CRÉDITO, POUPANÇA E INVESTIMENTO CONEXÃO - SICREDI CONEXÃO;87733770;;;;b3S;2;9;RODEIO BONITO;RS;06/2024;358.195;0;230.897;2.237.689;0;8.080;2.834.860;0;57.001;0;0;0;0;57.001;0;2.891.861;0;935.918;3.827.780;593.235;4.421.014
OURIBANK S.A. BANCO MÚLTIPLO;78632767;OURIBANK - PRUDENCIAL;;81012;b1;2;8;SAO PAULO;SP;06/2024;51.237;0;0;553.353;0;22.627;627.217;39.310;0;0;0;0;0;0;0;666.527;15.659;3.536.606;4.218.792;178.149;4.396.941
DAYCOVAL LEASING - BANCO MÚLTIPLO S.A.;43818780;BCO DAYCOVAL S.A - PRUDENCIAL;51987;81744;b2;2;8;SAO PAULO;SP;06/2024;0;0;2.101.808;0;0;0;2.101.808;0;0;0;0;0;0;0;0;2.101.808;147;1.407.229;3.509.185;881.897;4.391.082
DESENVOLVE SP - AGÊNCIA DE FOMENTO DO ESTADO DE SÃO PAULO S.A.;10663610;AF DESENVOLVE SP S.A. - PRUDENCIAL;;81153;n1;1;30;SAO PAULO;SP;06/2024;69;0;0;0;0;0;69;0;0;0;0;0;0;0;923.910;923.979;0;150.220;1.074.200;3.315.602;4.389.801
NEON FINANCEIRA - CRÉDITO, FINANCIAMENTO E INVESTIMENTO S.A.;11285104;NEON PAGAMENTOS IP - PRUDENCIAL;52285;85702;n1;2;14;SAO PAULO;SP;06/2024;0;0;0;3.727.670;0;0;3.727.670;0;0;0;0;0;12.452;12.452;0;3.740.122;0;109.513;3.849.635;513.785;4.363.420
BANCO TRIANGULO S.A.;17351180;BCO TRIANGULO S.A. - PRUDENCIAL;;81438;b1;2;8;UBERLANDIA;MG;06/2024;374.173;0;316.744;1.051.250;16.252;0;1.758.419;0;0;0;474.526;0;0;474.526;19.708;2.252.654;6.001;1.566.256;3.824.911;532.236;4.357.147
CONFEDERAÇÃO NACIONAL DAS COOPERATIVAS CENTRAIS DE CRÉDITO E ECONOMIA FAMILIAR E SOLIDÁRIA - CRESOL CONFEDERAÇÃO;10398952;;;;b3C;2;9;FLORIANOPOLIS;SC;06/2024;0;0;0;0;0;0;0;0;0;441.747;0;0;0;441.747;172;441.919;0;3.796.251;4.238.170;103.754;4.341.924
COOPERATIVA CENTRAL DE CRÉDITO E ECONOMIA COM INTERAÇÃO SOLIDÁRIA - CRESOL CENTRAL BRASIL;7202627;;;;b3C;2;9;CHAPECO;SC;06/2024;0;0;256.977;0;0;0;256.977;0;0;0;0;0;0;0;1.938.957;2.195.934;0;1.882.309;4.078.243;219.752;4.297.995
COOPERATIVA DE CRÉDITO ARACOOP LTDA. - SICOOB ARACOOP;3320525;;;;b3S;2;9;ARAGUARI;MG;06/2024;540.030;0;0;1.028.337;0;60;1.568.427;0;295.906;371.914;0;0;0;667.821;305.881;2.542.129;0;1.083.000;3.625.129;562.869;4.187.998
COOPERATIVA DE CRÉDITO, POUPANÇA E INVESTIMENTO SUL RIOGRANDENSE - SICREDI ORIGENS RS;92796564;;;;b3S;2;9;PORTO ALEGRE;RS;06/2024;583.590;0;197.260;2.464.399;0;9.937;3.255.185;0;74.556;0;0;0;0;74.556;0;3.329.741;0;561.997;3.891.738;290.440;4.182.178
BANCO SISTEMA S.A.;76543115;BTG PACTUAL - PRUDENCIAL;49944;80336;b1;2;8;RIO DE JANEIRO;RJ;06/2024;0;0;0;0;0;0;0;0;0;0;0;0;0;0;3.640;3.640;0;74.306;77.946;4.051.964;4.129.911
ADIQ INSTITUIÇÃO DE PAGAMENTO S.A.;20520298;BS2 - PRUDENCIAL;;80422;n4;2;41;BELO HORIZONTE;MG;06/2024;0;0;0;0;57;0;57;44.013;0;0;0;0;0;0;0;44.070;0;3.810.570;3.854.640;271.780;4.126.421
COOPERATIVA CENTRAL DE CRÉDITO DO NORTE DO BRASIL - SICOOB NORTE;3502131;;;;b3C;2;9;PORTO VELHO;RO;06/2024;4.566;0;0;0;0;0;4.566;0;0;0;0;0;0;0;15.684;20.251;0;3.846.713;3.866.964;218.290;4.085.255
BRB - CREDITO, FINANCIAMENTO E INVESTIMENTO S/A;33136888;BRB - PRUDENCIAL;31976;80288;n1;1;14;BRASILIA;DF;06/2024;0;0;3.530.061;0;0;0;3.530.061;0;0;0;0;0;0;0;0;3.530.061;0;150.366;3.680.426;399.942;4.080.369
CREDICOAMO CREDITO RURAL COOPERATIVA;81723108;;;;b3S;2;9;CAMPO MOURAO;PR;06/2024;198.121;131.261;375.580;1.517.666;0;0;2.222.628;0;0;0;0;0;0;0;241.690;2.464.317;4.496;175.548;2.644.361;1.424.478;4.068.839
COOPERATIVA DE CRÉDITO DE LIVRE ADMISSÃO DO CENTRO SUL RONDONIENSE - SICOOB CREDIP.;2015588;;;;b3S;2;9;PIMENTA BUENO;RO;06/2024;835.699;0;0;1.092.413;0;0;1.928.111;0;175.340;431.251;0;0;0;606.591;162.066;2.696.769;0;727.267;3.424.035;620.631;4.044.667
BANCO RENDIMENTO S.A.;68900810;RENDIMENTO - PRUDENCIAL;51468;80659;b1;2;2;SAO PAULO;SP;06/2024;348.240;0;6.073;1.352.108;0;294.108;2.000.529;11.155;64.556;1.347;0;0;0;65.903;169.059;2.246.645;36.291;1.298.186;3.581.122;452.736;4.033.858
STATE STREET BRASIL S.A. - BANCO COMERCIAL;9274232;STATE STREET BRASIL - PRUDENCIAL;;81627;b1;3;2;SAO PAULO;SP;06/2024;0;0;0;303.246;0;0;303.246;0;0;0;0;0;0;0;672.792;976.038;0;2.241.251;3.217.289;699.484;3.916.773
BANCO RODOBENS S.A.;33603457;RODOBENS - PRUDENCIAL;;80855;b1;2;8;SAO PAULO;SP;06/2024;2.771;0;0;1.946.825;1.108;0;1.950.703;0;73.650;94.966;475.097;0;0;643.712;312.982;2.907.397;12.959;134.150;3.054.506;850.045;3.904.551
COOPERATIVA DE CRÉDITO, POUPANÇA E INVESTIMENTO DAS REGIÕES CENTRO DO RS E MG - SICREDI REGIÃO CENTRO RS/MG;95594941;;;;b3S;2;9;SANTA MARIA;RS;06/2024;405.248;0;357.827;1.594.217;0;7.985;2.365.277;0;70.011;0;0;0;0;70.011;15.159;2.450.447;0;904.450;3.354.897;545.969;3.900.865
COOPERATIVA DE CRÉDITO SUL DO ESPÍRITO SANTO - SICOOB SUL;32467086;;;;b3S;2;9;CACHOEIRO DE ITAPEMIRIM;ES;06/2024;728.022;0;0;1.693.945;0;28.545;2.450.512;0;185.021;207.153;2.313;0;0;394.487;28.000;2.872.999;0;271.017;3.144.016;747.279;3.891.295
NU INVEST CORRETORA DE VALORES S.A.;62169875;NU PAGAMENTOS - PRUDENCIAL;52058;84693;n2;2;15;SAO PAULO;SP;06/2024;0;0;0;0;0;258.435;258.435;0;0;0;0;0;0;0;0;258.435;0;228.094;486.529;3.393.424;3.879.953
BANCO GENIAL S.A.;45246410;GENIAL - PRUDENCIAL;51839;80941;b1;2;8;RIO DE JANEIRO;RJ;06/2024;1.423.019;0;0;394.862;0;5;1.817.886;1.291.814;39.503;0;0;0;0;39.503;0;3.149.204;606;514.039;3.663.850;207.039;3.870.889
COOPERATIVA DE CRÉDITO, POUPANÇA E INVESTIMENTO DA REGIÃO ALTOS DA SERRA - SICREDI ALTOS DA SERRA RS/SC;92555150;;;;b3S;2;9;TAPEJARA;RS;06/2024;467.017;0;314.732;1.339.625;0;4.290;2.125.664;0;11.206;0;0;0;0;11.206;0;2.136.869;0;1.227.185;3.364.055;443.380;3.807.434
COOPERATIVA DE CRÉDITO, POUPANÇA E INVESTIMENTO OURO BRANCO - SICREDI OURO BRANCO RS/MG;87853206;;;;b3S;2;9;TEUTONIA;RS;06/2024;495.831;0;185.077;1.901.229;0;7.290;2.589.428;0;2.104;0;0;0;0;2.104;15;2.591.546;0;671.355;3.262.901;523.335;3.786.236
COOPERATIVA DE CRÉDITO, POUPANÇA E INVESTIMENTO INTERESTADOS - SICREDI INTERESTADOS RS/ES;90497256;;;;b3S;2;9;PELOTAS;RS;06/2024;603.980;11.423;378.708;1.339.644;0;6.966;2.340.721;0;35.656;0;0;0;0;35.656;14.143;2.390.520;0;909.457;3.299.977;474.214;3.774.191
COOPERATIVA DE CRÉDITO, POUPANÇA E INVESTIMENTO DE LAJEADO - SICREDI INTEGRAÇÃO RS/MG;91159764;;;;b3S;2;9;LAJEADO;RS;06/2024;481.375;11.426;281.523;2.161.393;0;12.441;2.948.158;0;6.275;0;0;0;0;6.275;0;2.954.433;0;342.438;3.296.871;470.679;3.767.550
COOPERATIVA CENTRAL DE CRÉDITO UNICRED GERAÇÃO LTDA. - UNICRED CENTRAL GERAÇÃO;1634601;;;;b3C;2;9;PORTO ALEGRE;RS;06/2024;0;0;0;0;0;0;0;0;0;0;0;0;0;0;0;0;0;3.591.429;3.591.429;169.434;3.760.862
BANCO DA CHINA BRASIL S.A.;10690848;CCB - PRUDENCIAL;32119;80295;b1;3;8;SAO PAULO;SP;06/2024;251.958;0;113;782.485;0;1.059;1.035.614;103.976;0;121.711;0;0;0;121.711;1.846.511;3.107.813;0;129.086;3.236.898;520.715;3.757.613
COOPERATIVA DE CRÉDITO DE LIVRE ADMISSÃO DE ASSOCIADOS DO VALE DO CANOINHAS - SICOOB CREDICANOINHAS/SC;78834975;;;;b3S;2;9;CANOINHAS;SC;06/2024;557.393;0;0;1.679.742;0;0;2.237.135;0;43.231;521.807;0;0;0;565.037;3.436;2.805.608;0;545.856;3.351.464;393.792;3.745.256
COOPERATIVA DE CREDITO, POUPANÇA E INVESTIMENTO ALIANÇA - SICREDI ALIANÇA PR/SP;79052122;;;;b3S;2;9;MARECHAL CANDIDO RONDON;PR;06/2024;359.311;510;189.075;1.517.206;0;316;2.066.418;0;5.278;0;0;0;0;5.278;4.385;2.076.080;0;1.224.153;3.300.233;439.619;3.739.852
COOPERATIVA DE CRÉDITO E INVESTIMENTO DE LIVRE ADMISSÃO AGROEMPRESARIAL - SICREDI AGROEMPRESARIAL PR/SP;79457883;;;;b3S;2;9;MANDAGUARI;PR;06/2024;455.005;0;249.798;1.914.568;0;2.043;2.621.414;0;0;0;0;0;0;0;3;2.621.417;0;659.825;3.281.242;385.829;3.667.071
COOPERATIVA DE CRÉDITO, POUPANÇA E INVESTIMENTO FRONTEIRAS DO PARANÁ, SANTA CATARINA E SÃO PAULO - SICREDI FRONTEIRAS PR/SC/SP;82527557;;;;b3S;2;9;CAPANEMA;PR;06/2024;549.982;0;138.396;1.293.584;0;1.521;1.983.484;0;5.808;0;0;0;0;5.808;6.114;1.995.406;0;1.205.036;3.200.441;463.046;3.663.488
BMW FINANCEIRA S.A. - CREDITO, FINANCIAMENTO E INVESTIMENTO;4452473;BMW - PRUDENCIAL;51420;80635;n1;3;14;SAO PAULO;SP;06/2024;0;0;58.474;2.579.485;0;0;2.637.959;0;0;0;0;0;0;0;330.743;2.968.702;4.379;163.445;3.136.525;523.199;3.659.724
COOPERATIVA DE CRÉDITO, POUPANÇA E INVESTIMENTO REGIÕES DAS CULTURAS - SICREDI DAS CULTURAS RS/MG;90729369;;;;b3S;2;9;IJUI;RS;06/2024;278.014;12.657;215.970;1.576.944;0;2.398;2.085.982;0;11.344;0;0;0;0;11.344;0;2.097.326;0;1.001.348;3.098.674;553.076;3.651.750
COOPERATIVA DE CRÉDITO UNICRED VALOR CAPITAL LTDA - UNICRED VALOR CAPITAL;74064502;;;;b3S;2;9;FLORIANOPOLIS;SC;06/2024;391.145;0;0;2.286.900;0;130;2.678.175;0;300.721;0;65.492;0;0;366.213;0;3.044.388;0;169.703;3.214.091;435.689;3.649.780
OMNI BANCO S.A.;60850229;OMNI - PRUDENCIAL;50940;80460;b1;2;8;SAO PAULO;SP;06/2024;119.363;0;360.513;2.599.321;1.099;0;3.080.296;0;0;0;0;0;0;0;0;3.080.296;0;109.181;3.189.477;454.648;3.644.126
COOPERATIVA DE CRÉDITO DO VALE DO ITAJAÍ E LITORAL CATARINENSE - SICREDI VALE LITORAL SC;10348181;;;;b3S;2;9;ITAPEMA;SC;06/2024;579.658;5.346;142.290;2.022.928;0;0;2.750.221;0;30.863;0;0;0;0;30.863;2.514;2.783.599;0;376.164;3.159.762;451.574;3.611.336
BANCO YAMAHA MOTOR DO BRASIL S.A.;10371492;YAMAHA MOTOR - PRUDENCIAL;;80721;b1;3;8;SAO PAULO;SP;06/2024;0;0;806.005;214.092;0;0;1.020.098;0;0;0;1.541.675;0;0;1.541.675;479.432;3.041.205;23.116;111.092;3.175.413;413.697;3.589.110
COOPERATIVA DE CRÉDITO, POUPANÇA E INVESTIMENTO DO PLANALTO CENTRAL - SICREDI PLANALTO CENTRAL;10736214;;;;b3S;2;9;CRISTALINA;GO;06/2024;375.626;0;176.493;1.903.197;0;0;2.455.317;0;395;0;0;0;0;395;2.518;2.458.230;48;727.063;3.185.341;391.471;3.576.811
COOPERATIVA DE CRÉDITO, POUPANÇA E INVESTIMENTO UNIVALES - SICREDI UNIVALES MT/RO;70431630;;;;b3S;2;9;JUINA;MT;06/2024;548.742;0;98.405;1.169.033;0;337;1.816.518;0;3.199;0;0;0;0;3.199;4.434;1.824.151;0;1.148.963;2.973.114;495.943;3.469.058
BB GESTÃO DE RECURSOS - DISTRIBUIDORA DE TÍTULOS E VALORES MOBILIÁRIOS S.A.;30822936;BB - PRUDENCIAL;49906;80329;n2;1;16;BRASILIA;DF;06/2024;0;0;0;0;0;0;0;0;0;0;0;0;0;0;0;0;0;2.017.843;2.017.843;1.429.652;3.447.495
AGÊNCIA DE FOMENTO DO PARANÁ S.A.;3584906;AF PARANÁ - PRUDENCIAL;;81115;n1;1;30;CURITIBA;PR;06/2024;0;0;0;0;0;0;0;0;0;0;0;0;0;0;534.507;534.507;0;98.105;632.612;2.801.347;3.433.959
COOPERATIVA DE CRÉDITO, POUPANÇA E INVESTIMENTO ESSÊNCIA RS/ES - SICREDI ESSÊNCIA;87733077;;;;b3S;2;9;ITAQUI;RS;06/2024;415.140;0;147.755;1.328.764;0;6.544;1.898.203;0;30.484;0;0;0;0;30.484;0;1.928.687;0;940.465;2.869.152;539.967;3.409.119
COOPERATIVA DE CRÉDITO, POUPANÇA E INVESTIMENTO DE IBIRAIARAS - SICREDI IBIRAIARAS RS/MG;89990501;;;;b3S;2;9;IBIRAIARAS;RS;06/2024;378.110;0;360.667;1.248.549;0;9.788;1.997.115;0;18.604;0;0;0;0;18.604;0;2.015.719;0;832.119;2.847.837;528.427;3.376.264
COOPERATIVA DE CRÉDITO, POUPANÇA E INVESTIMENTO DO NORTE E NORDESTE DE SANTA CATARINA - SICREDI NORTE SC;2843443;;;;b3S;2;9;JOINVILLE;SC;06/2024;432.505;0;67.761;2.081.477;0;191;2.581.934;0;21.559;0;0;0;0;21.559;5;2.603.498;0;307.284;2.910.782;451.594;3.362.377
BANCO LUSO BRASILEIRO S.A.;59118133;BCO LUSO BRASILEIRO S.A. - PRUDENCIAL;;81706;b1;3;8;SAO PAULO;SP;06/2024;102.782;0;0;2.495.801;0;0;2.598.583;0;37.360;0;10.840;0;0;48.201;145.409;2.792.193;23.822;233.349;3.049.364;302.160;3.351.524
COOPERFORTE - COOPERATIVA DE ECONOMIA E CRÉDITO MÚTUO DE FUNCIONÁRIOS DE INSTITUIÇÕES FINANCEIRAS PÚBLICAS FEDERAIS LTDA.;1658426;;;;b3S;2;9;BRASILIA;DF;06/2024;47;0;0;2.251.505;0;100.298;2.351.850;0;0;0;170.131;0;0;170.131;0;2.521.982;0;69.084;2.591.065;731.331;3.322.396
COOPERATIVA DE CRÉDITO COOPERMAIS - SICOOB COOPERMAIS;31804966;;;;b3S;2;9;SANTA MARIA DE JETIBA;ES;06/2024;600.194;0;0;1.530.476;0;4.454;2.135.124;0;68.918;236.537;50;0;0;305.506;28.000;2.468.630;0;326.827;2.795.457;458.682;3.254.139
COOPERATIVA DE CRÉDITO, POUPANÇA E INVESTIMENTO SICREDI EVOLUÇÃO - SICREDI EVOLUÇÃO;35571249;;;;b3S;2;9;JOAO PESSOA;PB;06/2024;322.130;2.758;5.228;1.963.508;0;0;2.293.624;0;22.332;0;0;0;0;22.332;1.140;2.317.096;0;309.133;2.626.229;579.957;3.206.186
COOPERATIVA DE CREDITO, POUPANÇA E INVESTIMENTO PARQUE DAS ARAUCARIAS - SICREDI PARQUE DAS ARAUCARIAS PR/SC/SP;82065285;;;;b3S;2;9;MARIOPOLIS;PR;06/2024;435.283;0;125.209;1.422.553;0;2.577;1.985.622;0;21.471;0;0;0;0;21.471;4.057;2.011.150;0;867.312;2.878.462;325.994;3.204.456
BANCO CARGILL S.A.;3609817;BCO CARGILL S.A. - PRUDENCIAL;;81414;b1;3;8;SAO PAULO;SP;06/2024;67.006;0;0;31.708;0;0;98.714;0;0;0;0;0;0;0;2.140.016;2.238.730;0;77.468;2.316.198;847.813;3.164.011
COOPERATIVA DE CRÉDITO, POUPANÇA E INVESTIMENTO DO NOROESTE DE MATO GROSSO, ACRE E AMAZONAS - SICREDI BIOMAS;33022690;;;;b3S;2;9;ARAPUTANGA;MT;06/2024;399.928;7.279;388.000;610.696;0;326;1.406.229;0;6.460;0;0;0;0;6.460;5.249;1.417.938;0;1.393.304;2.811.242;329.593;3.140.835
COOPERATIVA DE CRÉDITO DE LIVRE ADMISSÃO DE ASSOCIADOS DO ALTO URUGUAI CATARINENSE - SICOOB CREDIAUC;78840071;;;;b3S;2;9;CONCORDIA;SC;06/2024;268.747;0;0;1.397.939;0;10.924;1.677.610;0;263.827;238.282;0;0;0;502.109;5.488;2.185.207;0;581.102;2.766.309;356.466;3.122.775
COOPERATIVA DE CRÉDITO SICOOB ENGECRED LTDA.;4388688;;;;b3S;2;9;GOIANIA;GO;06/2024;330.865;0;0;1.479.682;0;469;1.811.016;0;149.819;239.546;0;0;0;389.365;35.000;2.235.381;0;410.847;2.646.228;456.984;3.103.212
BRAZA BANK S.A. BANCO DE CÂMBIO;19307785;BRAZA BANK BCO CÂMBIO - PRUDENCIAL;;81294;b2;2;39;CURITIBA;PR;06/2024;14.811;0;0;0;0;0;14.811;31.002;0;0;0;0;0;0;10.956;56.769;147;2.983.552;3.040.468;39.759;3.080.228
COOPERATIVA DE CRÉDITO, POUPANÇA E INVESTIMENTO INTEGRAÇÃO DE ESTADOS DO RIO GRANDE DO SUL, SANTA CATARINA E MINAS GERAIS - SICREDI INTEGRAÇÃO DE ESTADOS RS/SC/MG;87781530;;;;b3S;2;9;PASSO FUNDO;RS;06/2024;331.638;0;176.893;1.422.589;0;3.330;1.934.449;0;18.455;0;0;0;0;18.455;8.494;1.961.397;0;720.982;2.682.380;393.196;3.075.576
COOPERATIVA DE CRÉDITO, POUPANÇA E INVESTIMENTO DE CAMPO GRANDE E REGIÃO - SICREDI CAMPO GRANDE MS;3042597;;;;b3S;2;9;CAMPO GRANDE;MS;06/2024;333.770;0;120.482;1.006.320;0;62;1.460.633;0;3.528;0;0;0;0;3.528;2;1.464.163;0;1.234.910;2.699.073;371.841;3.070.914
SHPP BRASIL INSTITUIÇÃO DE PAGAMENTO E SERVIÇOS DE PAGAMENTOS LTDA.;38372267;SHPP BRASIL IP - PRUDENCIAL;;86275;n4;3;41;SAO PAULO;SP;06/2024;0;0;0;0;588.325;0;588.325;0;0;0;0;0;0;0;0;588.325;0;2.332.453;2.920.778;141.071;3.061.849
BADESUL DESENVOLVIMENTO S.A - AGÊNCIA DE FOMENTO/RS;2885855;BADESUL DESENVOLVIMENTO AF/RS - PRUDENCIAL;;81029;n1;1;30;PORTO ALEGRE;RS;06/2024;0;0;0;0;0;0;0;0;0;0;0;0;0;0;1.854.754;1.854.754;0;242.462;2.097.216;964.351;3.061.567
CREDSYSTEM INSTITUIÇÃO DE PAGAMENTO LTDA;4670195;CREDSYSTEM IP - PRUDENCIAL;;85441;n4;2;41;BARUERI;SP;06/2024;330;0;0;0;0;0;330;0;0;0;0;0;0;0;0;330;0;2.661.872;2.662.203;353.650;3.015.852
COOPERATIVA DE CRÉDITO DE LIVRE ADMISSÃO DO CENTRO NORTE BRASILEIRO;2282709;;;;b3S;2;9;ANAPOLIS;GO;06/2024;379.074;0;0;1.262.539;0;0;1.641.613;0;73.985;207.846;0;0;0;281.831;13.419;1.936.863;0;666.675;2.603.538;387.438;2.990.976
DM FINANCEIRA S.A. - CRÉDITO, FINANCIAMENTO E INVESTIMENTO;91669747;DM FINANCEIRA CFI - PRUDENCIAL;52357;83467;n1;2;14;SAO JOSE DOS CAMPOS;SP;06/2024;0;0;0;1.018.916;0;0;1.018.916;0;0;0;0;0;0;0;0;1.018.916;0;1.265.482;2.284.398;675.905;2.960.303
COOPERATIVA DE CRÉDITO UNICRED CENTRO-SUL LTDA - UNICRED CENTRO-SUL;75847;;;;b3S;2;9;CRICIUMA;SC;06/2024;308.919;0;0;1.956.938;0;0;2.265.857;0;188.544;0;97.355;0;0;285.899;0;2.551.756;0;142.558;2.694.314;265.927;2.960.241
COOPERATIVA DE CRÉDITO, POUPANÇA E INVESTIMENTO IGUAÇU - SICREDI IGUAÇU PR/SC E REGIÃO METROPOLITANA DE CAMPINAS/SP;84974278;;;;b3S;2;9;SAO JOAO;PR;06/2024;375.814;0;126.338;1.270.982;0;848;1.773.981;0;18.520;0;0;0;0;18.520;3.515;1.796.016;0;715.073;2.511.090;441.854;2.952.944
BANCO ABN AMRO CLEARING S.A.;3532415;BCO ABN AMRO CLEARING - PRUDENCIAL;52302;81579;b1;3;8;SAO PAULO;SP;06/2024;15;0;104.653;0;0;0;104.668;99;0;0;0;0;0;0;659.509;764.275;0;1.563.493;2.327.768;623.059;2.950.827
BANCO IBM S.A.;34270520;BANCO IBM S.A. - PRUDENCIAL;;81689;b2;3;8;RIO DE JANEIRO;RJ;06/2024;0;0;0;2.144.594;0;0;2.144.594;0;0;0;0;0;0;0;0;2.144.594;0;307.874;2.452.468;472.799;2.925.267
NOVO BANCO CONTINENTAL S.A. - BANCO MÚLTIPLO;74828799;NOVO BCO CONTINENTAL S.A. - BM - PRUDENCIAL;;81768;b1;3;8;PORTO ALEGRE;RS;06/2024;11.830;0;12.018;2.078.084;0;0;2.101.933;0;0;7.849;274.723;0;0;282.572;126.596;2.511.101;326;69.747;2.581.174;264.369;2.845.543
COOPERATIVA DE CRÉDITO ROTA DAS TERRAS - SICREDI ROTA DAS TERRAS RS/MG;87510475;;;;b3S;2;9;TAPERA;RS;06/2024;251.378;0;139.955;688.892;0;1.657;1.081.881;0;21.767;0;0;0;0;21.767;0;1.103.648;0;1.301.906;2.405.554;359.700;2.765.253
COOPERATIVA DE ECONOMIA E CREDITO MUTUO DOS MEDICOS DE PORTO ALEGRE LTDA-UNICRED PORTO ALEGRE;94433109;;;;b3S;2;9;PORTO ALEGRE;RS;06/2024;294.081;0;0;1.626.782;0;2.992;1.923.855;0;276.086;0;32.745;0;0;308.830;0;2.232.686;0;193.254;2.425.940;324.079;2.750.019
BANCO ALFA S.A.;3323840;SAFRA - PRUDENCIAL;10083;80109;b1;2;2;SAO PAULO;SP;06/2024;87.533;0;2.483.854;0;0;0;2.571.386;0;0;0;0;0;0;0;0;2.571.386;0;43.004;2.614.390;128.285;2.742.675
COOPERATIVA CENTRAL DE ECONOMIA E CRÉDITO SICOOB UNIMAIS RIO LTDA.;14568725;;;;b3C;2;9;RIO DE JANEIRO;RJ;06/2024;0;0;0;0;0;0;0;0;0;0;0;0;0;0;0;0;0;2.565.048;2.565.048;160.523;2.725.571
COOPERATIVA DE CRÉDITO, POUPANÇA E INVESTIMENTO DO SUL DO ESTADO DE SANTA CATARINA - SICREDI SUL SC;3793242;;;;b3S;2;9;CRICIUMA;SC;06/2024;344.465;0;135.127;1.609.416;0;20;2.089.028;0;34.698;0;0;0;0;34.698;3;2.123.729;0;340.601;2.464.330;259.766;2.724.096
COOPERATIVA DE CRÉDITO UNICRED UNIÃO LTDA - UNICRED UNIÃO;74114042;;;;b3S;2;9;ITAJAI;SC;06/2024;264.513;0;0;1.691.562;0;0;1.956.075;0;211.195;0;117.725;0;0;328.919;0;2.284.995;0;144.180;2.429.175;284.472;2.713.647
MORGAN STANLEY CORRETORA DE TÍTULOS E VALORES MOBILIÁRIOS S.A.;4323351;MORGAN STANLEY - PRUDENCIAL;51413;80628;n2;3;15;SAO PAULO;SP;06/2024;0;0;0;0;0;0;0;0;0;0;0;0;0;0;0;0;0;819.486;819.486;1.893.761;2.713.247
BANCO CREFISA S.A.;61033106;CREFISA S.A. CFI - PRUDENCIAL;52010;83632;b1;2;2;SAO PAULO;SP;06/2024;402.165;0;1.139.873;305.448;0;0;1.847.486;90.019;0;0;0;0;0;0;0;1.937.505;0;520.986;2.458.492;238.487;2.696.978
COOPERATIVA DE CRÉDITO DE LIVRE ADMISSÃO DO MÉDIO PIRACICABA, CIRCUITO DO OURO, GRANDE BH E RIO GRANDE DO NORTE LTDA. -  SICOOB CREDIMEPI;1644264;;;;b3S;2;9;JOAO MONLEVADE;MG;06/2024;350.732;0;0;1.559.452;0;159;1.910.342;0;139.401;59.768;0;0;0;199.169;129.081;2.238.592;0;114.124;2.352.716;341.607;2.694.323
COOPERATIVA DE CRÉDITO, POUPANÇA E INVESTIMENTO RAÍZES - SICREDI RAÍZES RS/SC/MG;88099247;;;;b3S;2;9;CAMPO NOVO;RS;06/2024;232.669;0;130.835;1.184.193;0;1.541;1.549.238;0;18.877;0;0;0;0;18.877;0;1.568.115;0;637.897;2.206.011;482.531;2.688.542
COOPERATIVA DE CRÉDITO, POUPANÇA E INVESTIMENTO BOTUCARAÍ - SICREDI BOTUCARAÍ RS/MG;87900601;;;;b3S;2;9;SOLEDADE;RS;06/2024;292.414;8.655;149.371;1.114.610;0;3.891;1.568.941;0;13.749;0;0;0;0;13.749;0;1.582.690;0;731.629;2.314.319;356.417;2.670.735
COOPERATIVA DE CRÉDITO AGROCREDI LTDA. - SICOOB AGROCREDI;42873828;;;;b3S;2;9;GUAXUPE;MG;06/2024;446.534;0;0;1.123.108;0;1.991;1.571.633;0;0;77.210;0;0;0;77.210;169.213;1.818.056;0;266.954;2.085.010;522.055;2.607.065
HUB INSTITUIÇÃO DE PAGAMENTO S.A.;13884775;HUB IP - PRUDENCIAL;;85348;n4;2;41;BARUERI;SP;06/2024;0;0;0;0;132.590;0;132.590;0;0;0;0;0;0;0;0;132.590;0;2.195.853;2.328.442;270.990;2.599.433
ICBC DO BRASIL BANCO MÚLTIPLO S.A.;17453575;ICBC DO BRASIL BM S.A. - PRUDENCIAL;;81830;b1;3;8;SAO PAULO;SP;06/2024;26.756;0;900.622;1.110.524;0;0;2.037.902;0;0;0;0;0;0;0;125.356;2.163.258;0;291.596;2.454.854;130.989;2.585.843
COOPERATIVA DE CRÉDITO DE LIVRE ADMISSÃO DO PONTAL DO TRIANGULO LTDA - SICOOB CREDIPONTAL;26178533;;;;b3S;2;9;ITUIUTABA;MG;06/2024;208.767;0;0;457.147;0;0;665.913;0;0;439.640;0;0;0;439.640;154.824;1.260.377;0;1.023.214;2.283.591;284.573;2.568.164
COOPERATIVA CENTRAL DE CRÉDITO, POUPANÇA E INVESTIMENTO DE MATO GROSSO DO SUL, GOIÁS, DISTRITO FEDERAL E TOCANTINS - CENTRAL SICREDI BRASIL CENTRAL;33737818;;;;b3C;2;9;GOIANIA;GO;06/2024;0;0;0;0;0;0;0;0;0;0;0;0;0;0;0;0;0;2.177.633;2.177.633;384.727;2.562.360
ITAÚ DISTRIBUIDORA DE TÍTULOS E VALORES MOBILIÁRIOS S.A.;33311713;ITAU - PRUDENCIAL;10069;80099;n2;2;16;SAO PAULO;SP;06/2024;0;0;0;0;0;0;0;0;0;0;0;0;0;0;0;0;0;806.871;806.871;1.743.665;2.550.536
COOPERATIVA DE CRÉDITO, POUPANÇA E INVESTIMENTO CENTRO SUL - SICREDI CENTRO SUL PR/SC/RJ;78907607;;;;b3S;2;9;PRUDENTOPOLIS;PR;06/2024;387.464;0;173.136;818.848;0;129;1.379.578;0;21.383;0;0;0;0;21.383;4.477;1.405.438;0;791.997;2.197.436;321.321;2.518.757
BANCO ANDBANK (BRASIL) S.A.;48795256;ANDBANK - PRUDENCIAL;51949;81256;b1;3;8;SAO PAULO;SP;06/2024;100.785;0;0;2.006.909;0;0;2.107.693;0;0;0;0;0;0;0;0;2.107.693;27;59.576;2.167.296;344.440;2.511.736
BANCO KDB DO BRASIL S.A.;7656500;BCO KDB BRASIL S.A. - PRUDENCIAL;;81603;b1;3;8;SAO PAULO;SP;06/2024;110.371;0;78.902;13.196;0;0;202.469;0;0;0;0;0;0;0;1.795.001;1.997.470;0;19.886;2.017.356;480.797;2.498.153
COOPERATIVA DE CRÉDITO, POUPANÇA E INVESTIMENTO PROGRESSO - SICREDI PROGRESSO PR/SP;76059997;;;;b3S;2;9;TOLEDO;PR;06/2024;249.726;0;88.335;1.035.276;0;495;1.373.831;0;27.184;0;0;0;0;27.184;2.487;1.403.502;0;766.431;2.169.933;291.491;2.461.425
COOPERATIVA DE CRÉDITO, POUPANÇA E INVESTIMENTO DO VALE DO RIO PARDO - SICREDI VALE DO RIO PARDO RS;95424891;;;;b3S;2;9;SANTA CRUZ DO SUL;RS;06/2024;343.167;7.282;233.674;1.138.082;0;6.497;1.728.702;0;15.525;0;0;0;0;15.525;9.831;1.754.058;0;360.660;2.114.717;325.597;2.440.314
COOPERATIVA DE CRÉDITO, POUPANÇA E INVESTIMENTO INTEGRAÇÃO DO SUL DE MATO GROSSO, AMAPÁ E PARÁ - SICREDI INTEGRAÇÃO MT/AP/PA;26549311;;;;b3S;2;9;RONDONOPOLIS;MT;06/2024;399.799;15.617;20.241;929.359;0;5;1.365.021;0;3.589;0;0;0;0;3.589;3.434;1.372.044;0;730.273;2.102.316;321.483;2.423.799
COOPERATIVA DE CRÉDITO POUPANÇA E INVESTIMENTO PANTANAL DO MATO GROSSO DO SUL - SICREDI PANTANAL MS;26408187;;;;b3S;2;9;MARACAJU;MS;06/2024;206.069;0;54.630;580.875;0;243;841.818;0;1.647;0;0;0;0;1.647;1.484;844.948;0;1.149.793;1.994.741;427.014;2.421.756
COOPERATIVA DE CREDITO CREDIROCHAS - SICOOB CREDIROCHAS;3358914;;;;b3S;2;9;CACHOEIRO DE ITAPEMIRIM;ES;06/2024;361.601;0;0;1.550.770;0;129;1.912.500;0;24.153;69.968;2.206;0;0;96.327;22.000;2.030.827;0;94.573;2.125.400;285.658;2.411.058
BMP SOCIEDADE DE CRÉDITO AO MICROEMPREENDEDOR E A EMPRESA DE PEQUENO PORTE LTDA.;11581339;BMP SCMEPP LTDA - PRUDENCIAL;52137;83292;n1;2;10;SAO PAULO;SP;06/2024;0;0;0;0;2.182.821;0;2.182.821;0;0;0;0;0;0;0;37.902;2.220.723;0;47.257;2.267.980;137.395;2.405.375
J.P. MORGAN S.A. - DISTRIBUIDORA DE TÍTULOS E VALORES MOBILIÁRIOS;33851205;JP MORGAN CHASE - PRUDENCIAL;20107;80116;n2;3;16;SAO PAULO;SP;06/2024;0;0;0;0;0;1.461.202;1.461.202;0;0;0;0;0;0;0;0;1.461.202;0;76.168;1.537.369;858.481;2.395.850
COOPERATIVA DE CREDITO DE LIVRE ADMISSÃO DE ASSOCIADOS ITAIPU SICOOB CREDITAIPU;81014060;;;;b3S;2;9;PINHALZINHO;SC;06/2024;219.937;0;0;1.089.372;0;13;1.309.322;0;33.926;196.268;0;0;0;230.194;3.877;1.543.393;0;505.533;2.048.926;297.933;2.346.859
COOPERATIVA DE CRÉDITO, POUPANÇA E INVESTIMENTO NOROESTE RS/MG - SICREDI NOROESTE RS/MG;89049738;;;;b3S;2;9;TRES DE MAIO;RS;06/2024;215.935;0;261.643;778.802;0;3.962;1.260.343;0;13.387;0;0;0;0;13.387;14.492;1.288.223;0;531.148;1.819.370;515.113;2.334.484
COOPERATIVA DE CRÉDITO PRO;44469161;;;;b3S;2;9;GUARIBA;SP;06/2024;181.728;0;0;1.199.360;0;370;1.381.458;0;1.296;393.200;0;0;0;394.497;100;1.776.054;0;148.767;1.924.822;394.067;2.318.889
BANCO CAIXA GERAL - BRASIL S.A.;33466988;CAIXA GERAL - PRUDENCIAL;51815;80927;b1;3;8;SAO PAULO;SP;06/2024;3.761;0;27.923;687.772;0;0;719.456;39.972;0;259.274;51;0;0;259.325;644.448;1.663.201;94.593;232.078;1.989.872;309.424;2.299.296
COOPERATIVA DE CRÉDITO, POUPANÇA E INVESTIMENTO SUL MINAS DO RIO GRANDE DO SUL E MINAS GERAIS - SICREDI SUL MINAS RS/MG.;87784088;;;;b3S;2;9;ESTACAO;RS;06/2024;218.228;9.491;152.557;955.553;0;1.365;1.337.194;0;12.241;0;0;0;0;12.241;5.040;1.354.475;0;714.639;2.069.114;218.193;2.287.307
COOPERATIVA DE CRÉDITO CREDIVAR LTDA. - SICOOB CREDIVAR;25798596;;;;b3S;2;9;VARGINHA;MG;06/2024;470.247;0;0;771.223;0;0;1.241.470;0;43.617;251.460;0;0;0;295.077;166.401;1.702.948;0;256.337;1.959.285;303.934;2.263.219
COOPERATIVA DE CRÉDITO, POUPANÇA E INVESTIMENTO NOVOS HORIZONTES - SICREDI NOVOS HORIZONTES PR/SP/RJ;7206072;;;;b3S;2;9;ARAPOTI;PR;06/2024;260.869;0;206.244;1.011.612;0;0;1.478.725;0;4.662;0;0;0;0;4.662;2.493;1.485.881;0;505.810;1.991.690;263.752;2.255.443
COOPERATIVA DE CRÉDITO GERAÇÕES - SICREDI GERAÇÕES RS/MG;88471024;;;;b3S;2;9;CACHOEIRA DO SUL;RS;06/2024;295.272;0;158.552;970.529;0;325;1.424.678;0;10.114;0;0;0;0;10.114;7.161;1.441.953;0;512.957;1.954.910;299.665;2.254.575
COOPERATIVA DE CRÉDITO DE LIVRE ADMISSÃO DE ASSOCIADOS AURIVERDE -  SICOOB - CREDIAL SC/RS;78858107;;;;b3S;2;9;CUNHA PORA;SC;06/2024;209.657;0;0;1.247.581;0;3.490;1.460.729;0;18.957;137.010;0;0;0;155.967;3.940;1.620.636;0;273.711;1.894.347;338.979;2.233.326
COOPERATIVA DE CRÉDITO UNICRED CENTRAL MULTIRREGIONAL LTDA. - UCM;184068;;;;b3C;2;9;BELO HORIZONTE;MG;06/2024;0;0;0;0;0;0;0;0;0;0;0;0;0;0;0;0;0;2.120.991;2.120.991;109.503;2.230.494
COOPERATIVA DE CRÉDITO DE LIVRE ADMISSÃO DE ASSOCIADOS SUL CATARINENSE - SICOOB CREDISULCA SC;81367880;;;;b3S;2;9;TURVO;SC;06/2024;366.744;0;0;1.052.494;0;0;1.419.238;0;18.799;215.789;0;0;0;234.588;3.600;1.657.426;0;237.521;1.894.947;327.560;2.222.507
BANCO RANDON S.A.;11476673;RANDON - PRUDENCIAL;;80800;b2;2;8;CAXIAS DO SUL;RS;06/2024;0;0;41.094;663.203;156;0;704.453;0;0;0;93.489;0;0;93.489;991.735;1.789.678;0;28.842;1.818.519;381.973;2.200.492
COOPERATIVA DE CRÉDITO SICOOB VALE SUL;2466552;;;;b3S;2;9;FRANCISCO BELTRAO;PR;06/2024;343.847;0;0;937.351;0;731;1.281.930;0;78.217;153.699;0;0;0;231.916;0;1.513.845;0;449.808;1.963.653;232.648;2.196.301
COOPERATIVA DE CRÉDITO, POUPANÇA E INVESTIMENTO NORTE SUL - SICREDI NORTE SUL;79063574;;;;b3S;2;9;SANTO ANTONIO DA PLATINA;PR;06/2024;299.906;0;191.675;756.803;0;292;1.248.676;0;33.961;0;0;0;0;33.961;2.281;1.284.918;0;660.652;1.945.570;248.632;2.194.202
COOPERATIVA DE CREDITO DO ALTO PARANAIBA E REGIÃO LTDA. - SICOOB CREDIPATOS;25387671;;;;b3S;2;9;PATOS DE MINAS;MG;06/2024;238.687;0;0;684.588;0;0;923.276;0;102.531;169.309;0;0;0;271.840;54.040;1.249.156;0;654.618;1.903.773;273.344;2.177.117
COOPERATIVA DE CRÉDITO, POUPANÇA E INVESTIMENTO CENTRO SERRA - SICREDI CENTRO SERRA RS;87067757;;;;b3S;2;9;AGUDO;RS;06/2024;240.842;2.238;242.744;805.731;0;10.308;1.301.863;0;4.260;0;0;0;0;4.260;0;1.306.123;0;392.261;1.698.384;453.674;2.152.058
COOPERATIVA DE CRÉDITO, POUPANÇA E INVESTIMENTO CAMINHO DAS ÁGUAS RS - SICREDI CAMINHO DAS ÁGUAS RS;95213211;;;;b3S;2;9;ROLANTE;RS;06/2024;296.951;0;89.396;1.225.946;0;2.988;1.615.281;0;14.065;0;0;0;0;14.065;4.923;1.634.268;0;339.725;1.973.994;177.147;2.151.140
BANCO TOPÁZIO S.A.;7679404;BANCO TOPÁZIO S.A. - PRUDENCIAL;;81517;b1;3;8;PORTO ALEGRE;RS;06/2024;105.465;0;0;793.330;0;23.683;922.478;209.823;0;0;0;0;0;0;0;1.132.301;0;737.812;1.870.113;275.617;2.145.730
COOPERATIVA DE CRÉDITO, POUPANÇA E INVESTIMENTO RIO PARANÁ - SICREDI RIO PARANÁ;81206039;;;;b3S;2;9;NOVA LONDRINA;PR;06/2024;291.295;0;124.667;753.862;0;622;1.170.446;0;8.633;0;0;0;0;8.633;2.058;1.181.137;0;643.151;1.824.288;308.997;2.133.285
COOPERATIVA DE CRÉDITO, POUPANÇA E INVESTIMENTO DO CERRADO DE GOIÁS - SICREDI CERRADO GO;6332931;;;;b3S;2;9;GOIANIA;GO;06/2024;329.202;0;195.549;702.992;0;0;1.227.743;0;33.273;0;0;0;0;33.273;1.001;1.262.017;0;589.428;1.851.444;259.402;2.110.846
COOPERATIVA DE CRÉDITO DE LIVRE ADMISSÃO DA REGIÃO CENTRAL E OESTE MINEIRO LTDA. - SICOOB DIVICRED;1736516;;;;b3S;2;9;DIVINOPOLIS;MG;06/2024;334.071;0;0;1.140.237;0;0;1.474.308;0;278.766;75.748;0;0;0;354.514;0;1.828.822;0;49.704;1.878.526;225.843;2.104.369
COOPERATIVA DE CRÉDITO, POUPANÇA E INVESTIMENTO NOSSA TERRA - SICREDI NOSSA TERRA PR/SP;81192106;;;;b3S;2;9;CAFELANDIA;PR;06/2024;241.542;0;250.871;663.094;0;227;1.155.733;0;66.950;0;0;0;0;66.950;4.127;1.226.810;0;611.036;1.837.847;235.807;2.073.654
JPMORGAN CHASE BANK, NATIONAL ASSOCIATION;46518205;JP MORGAN CHASE - PRUDENCIAL;20107;80116;b1;3;28;SAO PAULO;SP;06/2024;0;0;0;44.095;0;0;44.095;0;0;0;0;0;0;0;0;44.095;352.544;1.156.103;1.552.742;515.645;2.068.388
COOPERATIVA DE CRÉDITO - SICREDI EXPANSÃO;41180092;;;;b3S;2;9;MACEIO;AL;06/2024;211.571;1.803;26.529;1.308.806;0;14.222;1.562.931;0;0;0;0;0;0;0;2.911;1.565.842;0;181.555;1.747.398;319.701;2.067.099
COOPERATIVA DE CRÉDITO, POUPANÇA E INVESTIMENTO PARANAPANEMA SERRANA PR/SP/RJ - SICREDI PARANAPANEMA SERRANA PR/SP/RJ;79086997;;;;b3S;2;9;CAMBARA;PR;06/2024;217.146;0;161.777;897.697;0;740;1.277.360;0;8.461;0;0;0;0;8.461;2.501;1.288.322;0;521.571;1.809.894;222.116;2.032.009
COOPERATIVA DE CREDITO E INVESTIMENTO COM INTERACAO SOLIDARIA PIONEIRA - CRESOL PIONEIRA;971300;;;;b3S;2;9;DOIS VIZINHOS;PR;06/2024;177.092;70.651;0;709.436;0;0;957.179;0;0;0;0;0;0;0;0;957.179;0;760.918;1.718.097;308.847;2.026.944
CITIGROUP GLOBAL MARKETS BRASIL, CORRETORA DE CÂMBIO, TÍTULOS E VALORES MOBILIÁRIOS S.A.;33709114;CITIBANK - PRUDENCIAL;30403;80192;n2;3;15;SAO PAULO;SP;06/2024;0;0;0;0;0;0;0;0;0;0;0;0;0;0;0;0;0;1.188.830;1.188.830;829.296;2.018.126
COOPERATIVA DE CRÉDITO SICOOB OURO VERDE;5582619;;;;b3S;2;9;LONDRINA;PR;06/2024;318.287;0;0;1.007.404;0;5.039;1.330.730;0;11.289;257.389;0;0;0;268.678;0;1.599.408;0;206.079;1.805.487;206.240;2.011.727
COOPERATIVA DE CREDITO DE LIVRE ADMISSÃO DO SUL DE MINAS LTDA - SICOOB CREDIVASS;1604998;;;;b3S;2;9;SAO GONCALO DO SAPUCAI;MG;06/2024;405.943;0;0;825.904;0;426;1.232.274;0;0;212.835;0;0;0;212.835;0;1.445.109;0;297.561;1.742.670;234.141;1.976.811
COOPERATIVA DE CRÉDITO, POUPANÇA E INVESTIMENTO DE ESPUMOSO - SICREDI ESPUMOSO RS/MG;87900411;;;;b3S;2;9;ESPUMOSO;RS;06/2024;163.284;0;120.693;560.040;0;1.153;845.169;0;10.654;0;0;0;0;10.654;14.123;869.947;0;683.557;1.553.504;422.402;1.975.906
CENTRAL DAS COOPERATIVAS DE CRÉDITO DO ESTADO DE SÃO PAULO - SICOOB CENTRAL CECRESP;62931522;;;;b3C;2;9;SAO PAULO;SP;06/2024;0;0;0;1.480.366;0;0;1.480.366;0;0;0;0;0;0;0;0;1.480.366;0;201.871;1.682.237;263.485;1.945.722
SANTANDER CORRETORA DE CÂMBIO E VALORES MOBILIÁRIOS S.A.;51014223;SANTANDER - PRUDENCIAL;30379;80185;n2;3;15;SAO PAULO;SP;06/2024;0;0;0;0;0;0;0;0;0;0;0;0;0;0;0;0;0;952.881;952.881;989.770;1.942.651
COOPERATIVA DE CRÉDITO SUL - SICOOB SUL;5888589;;;;b3S;2;9;CURITIBA;PR;06/2024;343.431;0;0;1.042.592;0;973;1.386.996;0;63.234;81.847;0;0;0;145.081;2.548;1.534.625;0;153.090;1.687.716;237.230;1.924.945
DOCK INSTITUIÇÃO DE PAGAMENTO S.A.;13370835;DOCK IP - PRUDENCIAL;;84789;n4;2;41;BARUERI;SP;06/2024;0;0;0;0;1.347.274;0;1.347.274;0;0;0;0;0;0;0;0;1.347.274;0;364.655;1.711.928;184.429;1.896.358
BANCO GUANABARA S.A.;31880826;BCO GUANABARA S.A. - PRUDENCIAL;;81672;b1;2;8;RIO DE JANEIRO;RJ;06/2024;84.313;0;9.429;1.456.756;0;0;1.550.498;0;34.421;30.025;0;0;0;64.445;4.121;1.619.065;0;35.276;1.654.340;241.313;1.895.653
SUMUP INSTITUICAO DE PAGAMENTO BRASIL LTDA;16668076;SUMUP IP - PRUDENCIAL;;85238;n4;3;41;SAO PAULO;SP;06/2024;0;0;0;0;0;0;0;0;0;0;0;0;0;0;149.091;149.091;0;1.340.982;1.490.073;391.936;1.882.009
COOPERATIVA DE CRÉDITO DO NORTE CATARINENSE E SUL PARANAENSE - SICOOB CREDINORTE;81011686;;;;b3S;2;9;MAFRA;SC;06/2024;277.315;0;0;775.640;0;3.758;1.056.713;0;67.646;167.116;0;0;0;234.762;7.264;1.298.739;0;360.787;1.659.527;221.862;1.881.389
COOPERATIVA DE CRÉDITO COCRE;54401286;;;;b3S;2;9;PIRACICABA;SP;06/2024;200.995;0;0;1.047.359;0;2.621;1.250.975;0;419;241.118;0;0;0;241.537;0;1.492.513;0;177.064;1.669.577;202.993;1.872.570
COOPERATIVA DE CRÉDITO, POUPANÇA E INVESTIMENTO TERRA DOS PINHEIRAIS DO PARANÁ E NOROESTE PAULISTA - SICREDI PLANALTO DAS ÁGUAS PR/SP;77984870;;;;b3S;2;9;GUARAPUAVA;PR;06/2024;152.648;0;123.239;750.464;0;857;1.027.208;0;863;0;0;0;0;863;0;1.028.071;0;616.875;1.644.947;216.848;1.861.795
COOPERATIVA DE CRÉDITO LITORÂNEA;85291086;;;;b3S;2;9;JACINTO MACHADO;SC;06/2024;378.659;0;0;862.108;0;1.727;1.242.495;0;37.739;157.776;0;0;0;195.515;2.884;1.440.894;0;146.881;1.587.775;272.413;1.860.188
COOPERATIVA DE CRÉDITO DOS EMPRESÁRIOS E EMPREGADOS DOS TRANSPORTES E CORREIOS DO SUL DO BRASIL - TRANSPOCRED;8075352;;;;b3S;2;9;FLORIANOPOLIS;SC;06/2024;157.423;0;0;747.278;0;0;904.700;0;5.740;0;0;0;0;5.740;133.563;1.044.003;0;588.057;1.632.060;218.126;1.850.186
ADYEN DO BRASIL INSTITUICAO DE PAGAMENTO LTDA.;14796606;ADYEN DO BRASIL IP - PRUDENCIAL;;87401;n4;3;41;SAO PAULO;SP;06/2024;0;0;0;0;202.792;0;202.792;0;0;0;0;0;0;0;0;202.792;0;1.352.405;1.555.197;294.883;1.850.080
CORA SOCIEDADE DE CRÉDITO, FINANCIAMENTO E INVESTIMENTO S.A.;37880206;CORA SCFI - PRUDENCIAL;;85317;n1;2;14;SAO PAULO;SP;06/2024;0;0;0;0;1.562.612;0;1.562.612;0;0;0;0;0;0;0;2.000;1.564.613;0;135.309;1.699.922;143.791;1.843.713
COOPERATIVA DE CRÉDITO DE LIVRE ADMISSÃO DE ASSOCIADOS DO VALE DO VINHO - SICOOB VALE DO VINHO;81016131;;;;b3S;2;9;VIDEIRA;SC;06/2024;199.782;0;0;904.568;0;4.386;1.108.736;0;21.637;99.810;0;0;0;121.447;2.993;1.233.176;0;374.386;1.607.562;234.300;1.841.862
COOPERATIVA DE CRÉDITO UNICRED DESBRAVADORA LTDA - UNICRED DESBRAVADORA;1039011;;;;b3S;2;9;CHAPECO;SC;06/2024;192.559;0;0;1.162.139;0;0;1.354.698;0;190.830;0;3.704;0;0;194.534;0;1.549.232;0;105.997;1.655.229;184.951;1.840.180
COOPERATIVA DE CRÉDITO SICOOB PRIMAVERA - SICOOB PRIMAVERA;5241619;;;;b3S;2;9;PRIMAVERA DO LESTE;MT;06/2024;335.846;0;0;623.872;0;0;959.718;0;80.344;227.521;0;0;0;307.865;90.923;1.358.507;0;244.333;1.602.840;234.360;1.837.200
COOPERATIVA DE CRÉDITO DE LIVRE ADMISSÃO DE ASSOCIADOS OESTE CATARINENSE;78825023;;;;b3S;2;9;PALMITOS;SC;06/2024;153.720;0;0;793.296;0;0;947.016;0;45.126;185.541;0;0;0;230.667;2.470;1.180.153;0;449.544;1.629.697;202.131;1.831.828
COOPERATIVA DE CRÉDITO, POUPANÇA E INVESTIMENTO VALE DO JAGUARI E ZONA DA MATA - SICREDI VALE DO JAGUARI E ZONA DA MATA RS/MG;87780284;;;;b3S;2;9;SANTIAGO;RS;06/2024;200.331;0;213.058;418.861;0;1.683;833.932;0;6.421;0;0;0;0;6.421;0;840.353;0;631.539;1.471.893;351.032;1.822.925
CREDISIS - CENTRAL DE COOPERATIVAS DE CRÉDITO LTDA.;4632856;;;;b3C;2;9;JI-PARANA;RO;06/2024;0;0;196.115;0;0;0;196.115;0;0;0;0;0;0;0;0;196.115;0;1.483.910;1.680.025;132.884;1.812.909
BNY MELLON BANCO S.A.;42272526;BNY MELLON - PRUDENCIAL;51808;80910;b1;3;2;RIO DE JANEIRO;RJ;06/2024;269.537;0;0;0;0;0;269.537;1.104.841;0;0;0;0;0;0;0;1.374.379;0;28.879;1.403.258;372.898;1.776.156
COOPERATIVA DE CRÉDITO DE EMPRESÁRIOS - SICOOB/TRANSCREDI;4247370;;;;b3S;2;9;CONCORDIA;SC;06/2024;199.124;0;0;1.184.509;0;417;1.384.050;0;18.784;57.854;0;0;0;76.638;6.544;1.467.231;0;32.560;1.499.792;276.235;1.776.026
COOPERATIVA DE CRÉDITO DOS MÉDICOS, PROFISSIONAIS DA SAÚDE E EMPRESÁRIOS DE MATO GROSSO;36900256;;;;b3S;2;9;CUIABA;MT;06/2024;251.672;0;0;685.860;0;0;937.532;0;323.416;0;119.811;0;0;443.227;0;1.380.759;0;138.156;1.518.915;255.533;1.774.448
COOPERATIVA DE CRÉDITO, POUPANÇA E INVESTIMENTO GRANDES LAGOS DO PARANÁ E LITORAL PAULISTA - SICREDI GRANDES LAGOS PR/SP;81115149;;;;b3S;2;9;LARANJEIRAS DO SUL;PR;06/2024;210.150;0;100.697;715.142;0;154;1.026.144;0;1.152;0;0;0;0;1.152;2.639;1.029.934;0;522.511;1.552.445;210.873;1.763.318
COOPERATIVA DE CRÉDITO DE LIVRE ADMISSÃO DA ZONA DA MATA LTDA   SICOOB COOPEMATA;2335109;;;;b3S;2;9;CATAGUASES;MG;06/2024;250.321;0;0;984.104;0;17;1.234.442;0;64.281;85.092;0;0;0;149.373;0;1.383.815;0;125.735;1.509.550;251.935;1.761.486
COOPERATIVA DE CRÉDITO DA REGIÃO MERIDIONAL DO BRASIL - SICOOB UNICOOB MERIDIONAL;5392810;;;;b3S;2;9;TOLEDO;PR;06/2024;272.183;0;0;905.874;0;928;1.178.985;0;13.187;140.291;0;0;0;153.478;0;1.332.462;0;218.225;1.550.687;208.946;1.759.633
COOPERATIVA DE CRÉDITO E INVESTIMENTO COM INTERAÇÃO SOLIDÁRIA RAIZ - CRESOL RAIZ;17343510;;;;b3S;2;9;FREDERICO WESTPHALEN;RS;06/2024;153.817;112.025;0;589.776;0;0;855.619;0;0;0;0;0;0;0;7.850;863.469;0;674.312;1.537.781;214.525;1.752.306
BANCO PAULISTA S.A.;61820817;BANCO PAULISTA - PRUDENCIAL;;80381;b1;2;8;SAO PAULO;SP;06/2024;62.571;0;11.803;1.103.136;0;3;1.177.514;88.895;109.695;128.270;0;0;0;237.965;5.187;1.509.561;0;66.902;1.576.463;172.076;1.748.539
SAFRA WEALTH DISTRIBUIDORA DE TÍTULOS E VALORES MOBILIÁRIOS LTDA.;1638542;SAFRA - PRUDENCIAL;10083;80109;n2;2;16;SAO PAULO;SP;06/2024;0;0;0;0;0;264;264;0;0;0;0;0;0;0;0;264;0;1.411.731;1.411.995;322.470;1.734.464
COOPERATIVA DE CRÉDITO CREDILIVRE LTDA. - SICOOB CREDILIVRE;41697103;;;;b3S;2;9;MANHUACU;MG;06/2024;363.074;0;0;644.065;0;0;1.007.140;0;5.264;49.902;0;0;0;55.166;0;1.062.305;0;410.807;1.473.112;255.310;1.728.423
COOPERATIVA DE CRÉDITO DE LIVRE ADMISSÃO DA REGIÃO METROPOLITANA DE GOIÂNIA LTDA.;7599206;;;;b3S;2;9;GOIANIA;GO;06/2024;325.811;0;0;677.770;0;0;1.003.580;0;0;106.582;0;0;0;106.582;0;1.110.163;0;219.019;1.329.182;389.310;1.718.491
COOPERATIVA DE CRÉDITO DE LIVRE ADMISSÃO DO VALE - SICOOB CREDIVALE/SC;86829827;;;;b3S;2;9;BRACO DO NORTE;SC;06/2024;257.362;0;0;721.727;0;3;979.092;0;95.095;106.457;0;0;0;201.553;2.020;1.182.664;0;336.040;1.518.704;196.368;1.715.072
SICOOB MANTIQUEIRA - COOPERATIVA DE CRÉDITO DE LIVRE ADMISSÃO;71698674;;;;b3S;2;9;TAUBATE;SP;06/2024;206.999;0;0;963.248;0;1.033;1.171.281;0;178.939;17.185;0;0;0;196.125;0;1.367.405;0;66.913;1.434.319;262.400;1.696.718
COOPERATIVA DE CRÉDITO DE LIVRE ADMISSÃO DA REGIÃO DO CIRCUITO CAMPOS DAS VERTENTES LTDA - SICOOB COPERMEC;2232383;;;;b3S;2;9;CLAUDIO;MG;06/2024;244.489;0;0;994.551;0;1.366;1.240.405;0;85.372;67.651;0;0;0;153.023;0;1.393.428;0;87.781;1.481.209;204.069;1.685.278
BANCO DE DESENVOLVIMENTO DO ESPIRITO SANTO S.A.;28145829;BCO DES. DO ES S.A. - PRUDENCIAL;;81304;b4;1;5;VITORIA;ES;06/2024;37.897;0;0;163.413;0;0;201.310;0;0;0;0;0;0;0;418.827;620.137;0;597.986;1.218.123;464.343;1.682.466
HP FINANCIAL SERVICES ARRENDAMENTO MERCANTIL S.A.;97406706;HP FINANCIAL SERVICES AM S.A - PRUDENCIAL;;82987;n1;3;19;BARUERI;SP;06/2024;0;0;0;0;0;0;0;0;0;0;0;0;0;0;475.404;475.404;0;206.599;682.003;987.497;1.669.500
BANCO RIBEIRAO PRETO S.A.;517645;BANCO RIBEIRÃO PRETO - PRUDENCIAL;;84349;b1;3;8;RIBEIRAO PRETO;SP;06/2024;27.363;0;0;262.054;0;0;289.416;300.052;330.819;134.058;132.107;0;0;596.984;234.523;1.420.975;0;10.934;1.431.908;236.251;1.668.160
AGÊNCIA DE FOMENTO DO ESTADO DE SANTA CATARINA S.A.-BADESC;82937293;AF DO ESTADO DE SC S.A. - PRUDENCIAL;;81074;n1;1;30;FLORIANOPOLIS;SC;06/2024;2.119;0;0;0;0;0;2.119;0;0;0;0;0;0;0;587.542;589.662;0;125.024;714.685;931.973;1.646.658
COOPERATIVA DE ECONOMIA E CRÉDITO MÚTUO UNICRED INTEGRAÇÃO LTDA.;73750424;;;;b3S;2;9;CAXIAS DO SUL;RS;06/2024;160.370;0;0;1.023.266;0;2.351;1.185.987;0;195.974;0;0;0;0;195.974;0;1.381.961;0;104.334;1.486.295;158.828;1.645.123
COOPERATIVA DE CRÉDITO, POUPANÇA E INVESTIMENTO INTEGRAÇÃO - SICREDI INTEGRAÇÃO PR/SC;81054686;;;;b3S;2;9;LAPA;PR;06/2024;317.583;0;110.228;670.495;0;1.473;1.099.778;0;1.403;0;0;0;0;1.403;0;1.101.182;0;350.695;1.451.877;187.946;1.639.822
COOPERATIVA DE CRÉDITO E INVESTIMENTO SICOOB CENTRO - SICOOB CENTRO;8044854;;;;b3S;2;9;JI-PARANA;RO;06/2024;308.706;0;0;367.424;0;0;676.130;0;30.171;165.896;0;0;0;196.067;825;873.021;0;534.667;1.407.688;225.049;1.632.737
LEASEPLAN ARRENDAMENTO MERCANTIL S.A.;4836002;LEASEPLAN AM S.A. - PRUDENCIAL;;82963;n1;3;19;SAO PAULO;SP;06/2024;0;0;0;0;0;0;0;0;0;0;0;0;0;0;1.035.805;1.035.805;0;179.418;1.215.223;414.959;1.630.182
COOPERATIVA DE CRÉDITO E INVESTIMENTO COM INTERAÇÃO SOLIDÁRIA DO VALE EUROPEU - CRESOL VALE EUROPEU;7512780;;;;b3S;2;9;AGUAS MORNAS;SC;06/2024;174.939;113.950;0;640.945;0;0;929.834;0;0;0;0;0;0;0;0;929.834;0;451.692;1.381.527;235.243;1.616.769
IUGU INSTITUIÇÃO DE PAGAMENTO S.A.;15111975;IUGU IP - PRUDENCIAL;;85434;n4;2;41;SAO PAULO;SP;06/2024;0;0;0;0;429.478;0;429.478;0;0;0;0;0;0;0;33.001;462.479;0;1.088.723;1.551.201;57.134;1.608.335
COOPERATIVA DE CRÉDITO E ECONOMIA COM INTERAÇÃO SOLIDÁRIA - CRESOL NOROESTE;2663426;;;;b3S;2;9;CONSTANTINA;RS;06/2024;91.654;26.131;0;520.820;0;0;638.605;0;0;0;0;0;0;0;15.555;654.160;0;755.589;1.409.749;195.292;1.605.041
PRIMACREDI CREDISIS - COOPERATIVA DE CRÉDITO DE PRIMAVERA DO LESTE;26563270;;;;b3S;2;9;PRIMAVERA DO LESTE;MT;06/2024;185.418;0;0;408.063;0;0;593.481;0;0;693.222;0;0;0;693.222;84.798;1.371.500;0;50.157;1.421.657;179.684;1.601.341
TRAVELEX BANCO DE CÂMBIO S.A.;11703662;CONFIDENCE - PRUDENCIAL;51671;80783;b2;3;39;SAO PAULO;SP;06/2024;0;0;0;0;41.812;127.190;169.002;0;0;0;0;0;0;0;1.062;170.063;189;1.202.211;1.372.464;228.370;1.600.834
S3 CACEIS BRASIL DISTRIBUIDORA DE TÍTULOS E VALORES MOBILIÁRIOS S.A.;62318407;S3 CACEIS BRASIL DTVM - PRUDENCIAL;;86622;n2;3;16;SAO PAULO;SP;06/2024;0;0;0;0;0;0;0;0;0;0;0;0;0;0;0;0;0;322.144;322.144;1.277.057;1.599.201
BANCO KEB HANA DO BRASIL S.A.;2318507;BCO KEB DO BRASIL SA - PRUDENCIAL;;81232;b1;3;2;SAO PAULO;SP;06/2024;69.417;0;20.184;809.219;0;0;898.820;0;0;0;0;0;0;0;500.202;1.399.023;0;8.074;1.407.096;188.971;1.596.068
ALFA ARRENDAMENTO MERCANTIL S.A.;46570800;SAFRA - PRUDENCIAL;10083;80109;n1;2;19;SAO PAULO;SP;06/2024;0;0;430.452;0;0;0;430.452;0;0;0;0;0;403.254;403.254;0;833.706;0;398.949;1.232.654;363.368;1.596.022
COOPERATIVA DE CRÉDITO DO NORTE E NOROESTE DE MINAS GERAIS LTDA. - SICOOB CREDIGERAIS;698609;;;;b3S;2;9;PARACATU;MG;06/2024;236.076;0;0;410.325;0;0;646.401;0;340;145.262;0;0;0;145.602;182.602;974.605;0;372.577;1.347.182;243.635;1.590.817
COOPERATIVA DE CRÉDITO CREDIGUAÇU - SICOOB CREDIGUAÇU;67960229;;;;b3S;2;9;DESCALVADO;SP;06/2024;312.418;0;0;845.939;0;0;1.158.357;0;0;178.365;0;0;0;178.365;0;1.336.721;0;28.362;1.365.083;218.097;1.583.179
COOPERATIVA DE CRÉDITO ALTO VALE DO ITAJAÍ - SICOOB ALTO VALE;80959612;;;;b3S;2;9;RIO DO SUL;SC;06/2024;269.076;0;0;765.859;0;0;1.034.935;0;24.790;96.811;0;0;0;121.602;6.276;1.162.812;0;228.587;1.391.400;187.085;1.578.485
COOPERATIVA DE CRÉDITO DE LIVRE ADMISSÃO DO ALTO VALE DO ITAJAÍ - VIACREDI ALTO VALE;16779741;;;;b3S;2;9;IBIRAMA;SC;06/2024;194.594;52.620;0;925.330;0;0;1.172.545;0;52.842;0;0;0;0;52.842;0;1.225.386;0;121.637;1.347.024;218.571;1.565.595
COOPERATIVA DE CRÉDITO, POUPANÇA E INVESTIMENTO VALOR SUSTENTÁVEL - SICREDI VALOR SUSTENTÁVEL PR/SP;81706616;;;;b3S;2;9;JANDAIA DO SUL;PR;06/2024;162.471;0;223.485;428.460;0;357;814.773;0;11.922;0;0;0;0;11.922;1.702;828.397;0;550.616;1.379.013;185.089;1.564.102
STONE SOCIEDADE DE CREDITO, FINANCIAMENTO E INVESTIMENTO S.A.;53505601;STONE IP - PRUDENCIAL;;84686;n1;3;14;SAO PAULO;SP;06/2024;0;0;501;302.446;0;0;302.947;0;0;0;750.657;0;0;750.657;0;1.053.604;0;489.680;1.543.283;20.243;1.563.526
BCV - BANCO DE CRÉDITO E VAREJO S.A.;50585090;BMG - PRUDENCIAL;30290;80178;b1;2;8;SAO PAULO;SP;06/2024;0;0;0;0;0;0;0;0;0;0;0;0;0;0;0;0;6.626;73.479;80.105;1.482.029;1.562.134
COOPERATIVA DE CRÉDITO UNICRED VALE LTDA - UNICRED VALE;73443863;;;;b3S;2;9;BLUMENAU;SC;06/2024;160.472;0;0;1.032.625;0;1.934;1.195.031;0;129.323;0;0;0;0;129.323;0;1.324.354;0;81.868;1.406.222;150.475;1.556.698
COOPERATIVA DE CRÉDITO, POUPANÇA E INVESTIMENTO DA REGIÃO CENTRO OESTE PAULISTA - SICREDI CENTRO OESTE PAULISTA;4463602;;;;b3S;2;9;MARILIA;SP;06/2024;192.848;0;71.559;921.855;0;159;1.186.420;0;7.353;0;0;0;0;7.353;1;1.193.774;0;206.497;1.400.271;153.844;1.554.115
BTG PACTUAL SERVIÇOS FINANCEIROS S.A. DISTRIBUIDORA DE TÍTULOS E VALORES MOBILIÁRIOS;59281253;BTG PACTUAL - PRUDENCIAL;49944;80336;n2;2;16;RIO DE JANEIRO;RJ;06/2024;0;0;0;0;0;0;0;0;0;0;0;0;0;0;0;0;0;664.695;664.695;866.840;1.531.534
COOPERATIVA DE CRÉDITO SUL-LITORÂNEA DO ESPÍRITO SANTO;32474884;;;;b3S;2;9;ALFREDO CHAVES;ES;06/2024;296.662;0;0;820.509;0;832;1.118.002;0;11.868;56.028;100;0;0;67.997;18.000;1.204.000;0;92.551;1.296.551;233.893;1.530.444
COOPERATIVA DE CRÉDITO - SICREDI RIO GRANDE DO NORTE;70038237;;;;b3S;2;9;NATAL;RN;06/2024;421.401;0;1.000;772.985;0;3.067;1.198.453;0;0;0;0;0;0;0;0;1.198.453;0;137.104;1.335.558;187.604;1.523.162
COOPERATIVA DE CRÉDITO UNICRED EVOLUÇÃO LTDA. - UNICRED EVOLUÇÃO;1727929;;;;b3S;2;9;PATOS DE MINAS;MG;06/2024;192.106;0;0;798.550;0;0;990.656;0;191.452;0;11.157;0;0;202.609;19.029;1.212.294;0;130.997;1.343.291;177.952;1.521.243
ZOOP TECNOLOGIA & INSTITUICAO DE PAGAMENTO S.A.;19468242;ZOOP TECNOLOGIA IP - PRUDENCIAL;;87346;n4;2;41;RIO DE JANEIRO;RJ;06/2024;0;0;0;0;184.743;0;184.743;0;0;0;0;0;0;0;206.823;391.566;0;1.089.514;1.481.080;34.779;1.515.859
BANCO BRASILEIRO DE CRÉDITO SOCIEDADE ANÔNIMA;1852137;BBC S.A. - PRUDENCIAL;;84480;b1;2;8;SAO PAULO;SP;06/2024;0;0;42.891;1.044.925;6.114;0;1.093.930;0;0;0;0;0;2.564;2.564;0;1.096.494;0;156.839;1.253.333;258.789;1.512.121
COOPERATIVA DE CREDITO CREDICERIPA - SICOOB CREDICERIPA;966246;;;;b3S;2;9;ITAI;SP;06/2024;269.511;0;0;808.435;0;143;1.078.088;0;0;130.604;0;0;0;130.604;0;1.208.692;0;111.435;1.320.127;181.548;1.501.675
CENTRAL DAS COOPERATIVAS DE CRÉDITO DOS ESTADOS DE MATO GROSSO, MATO GROSSO DO SUL E DO MUNICÍPIO DE CACOAL/RO - SICOOB CENTRAL RONDON;106180;;;;b3C;2;9;CUIABA;MT;06/2024;0;0;0;0;0;0;0;0;0;0;0;0;0;0;0;0;0;1.351.758;1.351.758;138.303;1.490.061
COOPERATIVA CENTRAL DE CRÉDITO DA BAHIA LTDA - SICOOB CENTRAL BA;34148882;;;;b3C;2;9;SALVADOR;BA;06/2024;0;0;0;164.829;0;182;165.012;0;0;0;0;0;0;0;0;165.012;0;1.198.821;1.363.832;125.140;1.488.972
COOPERATIVA DE CRÉDITO DOS MÉDICOS, DENTISTAS, PROFISSIONAIS DA ÁREA DE SAÚDE E DE LIVRE ADMISSÃO DO ESTADO DE SÃO PAULO LTDA. - UNICRED DO ESTADO DE SÃO PAULO;71884498;;;;b3S;2;9;CAMPINAS;SP;06/2024;159.832;0;0;970.836;0;4.992;1.135.659;0;63.444;0;0;0;0;63.444;0;1.199.103;0;72.600;1.271.703;216.814;1.488.517
MERRILL LYNCH S.A. CORRETORA DE TÍTULOS E VALORES MOBILIÁRIOS;2670590;BOFA MERRILL LYNCH - PRUDENCIAL;51255;80556;n2;3;15;SAO PAULO;SP;06/2024;0;0;0;0;0;0;0;0;0;0;0;0;0;0;0;0;0;973.110;973.110;512.393;1.485.503
DLOCAL BRASIL INSTITUIÇÃO DE PAGAMENTO S.A.;25021356;DLOCAL BRASIL INSTITUIÇÃO DE PAGAMENTO - PRUDENCIA;;87133;n4;3;41;SAO PAULO;SP;06/2024;0;0;0;0;502.090;0;502.090;0;0;0;0;0;0;0;0;502.090;0;832.872;1.334.962;145.586;1.480.548
COOPERATIVA DE CRÉDITO E INVESTIMENTO LIBERDADE - SICREDI LIBERDADE;88530142;;;;b3S;2;9;BAGE;RS;06/2024;177.657;0;144.047;452.485;0;4.012;778.201;0;2.017;0;0;0;0;2.017;0;780.218;0;435.766;1.215.984;262.298;1.478.281
COOPERATIVA DE CRÉDITO CREDINTER LTDA. - SICOOB CREDINTER;24048910;;;;b3S;2;9;GUARANESIA;MG;06/2024;192.979;0;0;593.522;0;277;786.778;0;52.656;86.768;0;0;0;139.424;62.683;988.884;0;258.116;1.247.000;217.278;1.464.278
COOPERATIVA DE CRÉDITO DE LIVRE ADMISSÃO DO OESTE MINEIRO LTDA. - SICOOB CREDICOPA;71297899;;;;b3S;2;9;PATOS DE MINAS;MG;06/2024;259.929;0;0;611.058;0;770;871.758;0;70.808;78.104;0;0;0;148.912;0;1.020.670;0;154.743;1.175.413;266.718;1.442.131
COOPERATIVA DE CRÉDITO DA AMAZÔNIA - SICOOB AMAZÔNIA;5203605;;;;b3S;2;9;BURITIS;RO;06/2024;343.872;0;0;311.930;0;0;655.801;0;0;94.046;0;0;0;94.046;96.562;846.409;0;369.717;1.216.126;216.257;1.432.383
COOPERATIVA DE CRÉDITO DE LIVRE ADMISSÃO DA UNIÃO DOS VALES DO PIRANGA E MATIPÓ LTDA. - SICOOB UNIÃO DOS VALES;1060307;;;;b3S;2;9;RAUL SOARES;MG;06/2024;297.625;0;0;658.605;0;756;956.987;0;0;93.789;0;0;0;93.789;0;1.050.775;0;236.324;1.287.099;143.782;1.430.881
COOPERATIVA DE CRÉDITO SICOOB CREDICAPITAL;4529074;;;;b3S;2;9;CASCAVEL;PR;06/2024;232.872;0;0;590.106;0;801;823.778;0;66.120;159.300;0;0;0;225.420;623;1.049.822;0;233.249;1.283.071;140.006;1.423.077
COOPERATIVA DE CRÉDITO NOROESTE DE MINAS LTDA. - SICOOB NOROESTE DE MINAS;86564051;;;;b3S;2;9;UNAI;MG;06/2024;215.166;0;0;307.182;0;0;522.348;0;41.208;225.155;0;0;0;266.362;89.796;878.507;0;363.793;1.242.299;178.719;1.421.019
COOPERATIVA DE CRÉDITO E INVESTIMENTO COM INTERAÇÃO SOLIDÁRIA TRADIÇÃO - CRESOL TRADIÇÃO;4350225;;;;b3S;2;9;FRANCISCO BELTRAO;PR;06/2024;120.294;33.560;0;618.410;0;0;772.263;0;0;0;0;0;0;0;0;772.264;0;452.503;1.224.767;195.847;1.420.614
CREDIT SUISSE HEDGING-GRIFFO CORRETORA DE VALORES S.A;61809182;CREDIT SUISSE - PRUDENCIAL;30771;80219;n2;3;15;SAO PAULO;SP;06/2024;0;0;0;0;0;27.906;27.906;0;0;0;0;0;0;0;0;27.906;0;1.224.772;1.252.678;164.448;1.417.126
COOPERATIVA DE CRÉDITO E INVESTIMENTO COM INTERAÇÃO SOLIDÁRIA FRONTEIRAS PR/SC/SP/ES - CRESOL FRONTEIRAS PR/SC/SP/ES;5276770;;;;b3S;2;9;REALEZA;PR;06/2024;114.637;72.037;0;458.161;0;0;644.835;0;0;0;0;0;0;0;0;644.835;0;554.430;1.199.264;214.312;1.413.576
BANCO AFINZ S.A. - BANCO MÚLTIPLO;4814563;AFINZ IP - PRUDENCIAL;;83539;b1;2;8;BARUERI;SP;06/2024;1.178;0;0;1.282.754;0;0;1.283.932;0;0;0;0;0;1.591;1.591;0;1.285.523;0;39.570;1.325.093;85.934;1.411.026
BANCO BARI DE INVESTIMENTOS E FINANCIAMENTOS S.A.;556603;BANCO BARI DE INVESTIMENTO E FINANCI. - PRUDENCIAL;51774;80893;b1;2;8;CURITIBA;PR;06/2024;25.675;0;0;488.111;75;0;513.860;0;684.475;0;0;0;0;684.475;0;1.198.335;0;39.102;1.237.437;166.064;1.403.501
BTG PACTUAL ASSET MANAGEMENT S.A. DISTRIBUIDORA DE TÍTULOS E VALORES MOBILIÁRIOS;29650082;BTG PACTUAL - PRUDENCIAL;49944;80336;n2;2;16;RIO DE JANEIRO;RJ;06/2024;0;0;0;0;0;0;0;0;0;0;0;0;0;0;0;0;0;219.021;219.021;1.184.470;1.403.492
SICREDI CEARÁ - COOPERATIVA DE CRÉDITO DO ESTADO DO CEARÁ;72257793;;;;b3S;2;9;FORTALEZA;CE;06/2024;198.680;0;0;861.481;0;85;1.060.246;0;0;0;0;0;0;0;742;1.060.988;0;135.781;1.196.769;199.710;1.396.479
COOPERATIVA DE CRÉDITO COOPERAÇÃO - SICREDI COOPERAÇÃO;87779625;;;;b3S;2;9;NAO-ME-TOQUE;RS;06/2024;168.640;4.873;37.807;512.373;0;2.352;726.045;0;4.614;0;0;0;0;4.614;3;730.662;0;377.937;1.108.600;273.453;1.382.053
COOPERATIVA DE CRÉDITO DE LIVRE ADMISSÃO DE ITAÚNA E REGIÃO LTDA - SICOOB CENTRO-OESTE;66463407;;;;b3S;2;9;ITAUNA;MG;06/2024;173.571;0;0;942.027;0;2.461;1.118.059;0;59.767;0;0;0;0;59.767;0;1.177.826;0;28.052;1.205.878;159.878;1.365.756
BRAM - BRADESCO ASSET MANAGEMENT S.A. DISTRIBUIDORA DE TÍTULOS E VALORES MOBILIÁRIOS;62375134;BRADESCO - PRUDENCIAL;10045;80075;n2;2;16;OSASCO;SP;06/2024;0;0;0;0;0;0;0;0;0;0;0;0;0;0;0;0;0;229.431;229.431;1.131.179;1.360.610
COOPERATIVA DE CRÉDITO DE LIVRE ADMISSÃO DO CENTRO NORTE DOS ESTADOS DE MATO GROSSO E MATO GROSSO DO SUL - SICOOB UNIÃO MT/MS;3326437;;;;b3S;2;9;CUIABA;MT;06/2024;226.300;0;0;454.061;0;0;680.361;0;1.660;161.470;0;0;0;163.130;174.638;1.018.129;0;156.467;1.174.596;178.432;1.353.028
COOPERATIVA DE CRÉDITO DE LIVRE ADMISSÃO DE ASSOCIADOS DO PLANALTO CATARINENSE SICOOB CREDIPLANALTO SC/RS;1389651;;;;b3S;2;9;PAPANDUVA;SC;06/2024;172.878;0;0;660.466;0;74;833.419;0;40.112;111.726;0;0;0;151.838;1.760;987.017;0;206.216;1.193.232;152.744;1.345.976
COOPERATIVA DE CRÉDITO E INVESTIMENTO COM INTERAÇÃO SOLIDÁRIA UNIÃO DOS VALES - CRESOL UNIÃO DOS VALES;5231945;;;;b3S;2;9;IVAIPORA;PR;06/2024;130.712;63.420;71.468;394.252;0;0;659.852;0;0;0;0;0;0;0;23.300;683.152;0;465.019;1.148.171;188.811;1.336.982
VORTX DISTRIBUIDORA DE TITULOS E VALORES MOBILIARIOS LTDA.;22610500;VORTX DTVM - PRUDENCIAL;52364;84538;n2;2;16;SAO PAULO;SP;06/2024;0;0;0;0;330.469;0;330.469;891.794;0;0;0;0;0;0;0;1.222.263;0;42.830;1.265.093;46.758;1.311.851
COOPERATIVA DE CRÉDITO DE LIVRE ADMISSÃO DO NORTE DE MATO GROSSO - SICOOB NORTE MT;23623636;;;;b3S;2;9;SINOP;MT;06/2024;298.686;0;0;384.373;0;0;683.058;0;70.294;85.389;0;0;0;155.683;178.461;1.017.203;0;124.609;1.141.812;169.234;1.311.046
AFINZ INSTITUIÇÃO DE PAGAMENTO S.A.;60114865;AFINZ IP - PRUDENCIAL;;83539;n4;2;41;BARUERI;SP;06/2024;0;0;0;0;0;0;0;0;0;0;0;0;0;0;71.518;71.518;0;1.088.210;1.159.728;151.033;1.310.761
COOPERATIVA DE CRÉDITO E INVESTIMENTO COM INTERAÇÃO SOLIDÁRIA UNIÃO - CRESOL UNIÃO;2446089;;;;b3S;2;9;CORONEL VIVIDA;PR;06/2024;113.991;28.308;0;515.405;0;0;657.704;0;0;0;0;0;0;0;12.183;669.887;0;484.569;1.154.456;152.334;1.306.791
COOPERATIVA DE CRÉDITO COOPACREDI LTDA. - SICOOB COOPACREDI;65229254;;;;b3S;2;9;PATROCINIO;MG;06/2024;195.500;0;0;323.373;0;0;518.872;0;5.765;158.284;0;0;0;164.049;124.587;807.508;0;277.235;1.084.744;219.112;1.303.856
RECARGAPAY INSTITUICAO DE PAGAMENTO LTDA.;11275560;RECARGAPAY IP - PRUDENCIAL;;85898;n4;3;41;SAO PAULO;SP;06/2024;0;0;0;0;391.581;0;391.581;0;0;0;0;0;0;0;100.330;491.911;0;660.451;1.152.362;145.928;1.298.291
CENTRAL DAS COOPERATIVAS DE CRÉDITO DO NORDESTE - SICOOB CENTRAL NE;70116611;;;;b3C;2;9;JOAO PESSOA;PB;06/2024;0;0;0;81.848;0;0;81.848;0;0;0;0;0;0;0;0;81.848;0;1.131.519;1.213.367;56.624;1.269.990
CONFEDERAÇÃO NACIONAL DAS COOPERATIVAS CENTRAIS UNICRED LTDA. - UNICRED DO BRASIL.;315557;;;;b3C;2;9;SAO PAULO;SP;06/2024;0;0;0;0;0;0;0;0;0;0;0;0;0;0;0;0;0;901.591;901.591;302.641;1.204.233
DESENBAHIA - AGENCIA DE FOMENTO DO ESTADO DA BAHIA S.A.;15163587;DESENBAHIA AG FOMENTO BAHIA SA - PRUDENCIAL;;81067;n1;1;30;SALVADOR;BA;06/2024;0;0;0;0;0;0;0;0;0;0;0;0;0;0;269.597;269.597;0;146.843;416.440;786.852;1.203.291
COOPERATIVA DE CRÉDITO CREDICAF LTDA - SICOOB CREDICAF;25395435;;;;b3S;2;9;LAJINHA;MG;06/2024;236.151;0;0;334.473;0;0;570.624;0;2.114;107.967;0;0;0;110.081;0;680.705;0;357.791;1.038.496;163.561;1.202.058
GOLDMAN SACHS DO BRASIL CORRETORA DE TÍTULOS E VALORES MOBILIÁRIOS S.A.;9605581;GOLDMAN SACHS - PRUDENCIAL;51585;80714;n2;3;15;SAO PAULO;SP;06/2024;0;0;0;0;0;0;0;0;0;0;0;0;0;0;0;0;440;504.860;505.300;695.161;1.200.461
BANCO MONEO S.A.;7441209;BANCO MONEO S.A. - PRUDENCIAL;;81500;b2;2;8;CAXIAS DO SUL;RS;06/2024;0;0;0;41.086;0;0;41.086;0;0;0;0;0;0;0;847.974;889.060;0;23.795;912.855;282.975;1.195.830
COOPERATIVA DE CRÉDITO DE LIVRE ADMISSÃO SICOOB ARENITO PARANÁ / SÃO PAULO;7026923;;;;b3S;2;9;UMUARAMA;PR;06/2024;198.402;0;0;536.883;0;115;735.400;0;70;113.671;0;0;0;113.741;0;849.141;0;222.400;1.071.541;122.605;1.194.147
COOPERATIVA DE CRÉDITO E INVESTIMENTO COM INTERAÇÃO SOLIDÁRIA CENTRO SUL RS/MS - CRESOL CENTRO SUL RS/MS;2910987;;;;b3S;2;9;ERECHIM;RS;06/2024;95.895;92.693;0;422.286;0;0;610.874;0;0;8.381;0;0;0;8.381;14.013;633.268;0;404.176;1.037.444;147.162;1.184.606
COOPERATIVA DE CRÉDITO DE LIVRE ADMISSÃO DE SÃO ROQUE DE MINAS LTDA.;66402207;;;;b3S;2;9;SAO ROQUE DE MINAS;MG;06/2024;186.175;0;0;517.346;0;110;703.631;0;39.791;103.803;0;0;0;143.594;0;847.225;0;185.678;1.032.903;130.653;1.163.556
COOPERATIVA DE CRÉDITO INTEGRADO - SICOOB INTEGRADO;7122321;;;;b3S;2;9;PATO BRANCO;PR;06/2024;205.016;0;0;570.832;0;73;775.921;0;14.891;94.813;0;0;0;109.704;0;885.625;0;156.608;1.042.233;118.478;1.160.711
UBS BRASIL CORRETORA DE CÂMBIO, TÍTULOS E VALORES MOBILIÁRIOS S.A.;2819125;UBS - PRUDENCIAL;51877;80989;n2;3;15;SAO PAULO;SP;06/2024;0;0;0;0;0;3.118;3.118;0;0;0;0;0;0;0;0;3.118;0;577.202;580.320;579.361;1.159.681
CARUANA S.A. - SOCIEDADE DE CRÉDITO, FINANCIAMENTO E INVESTIMENTO;9313766;CARUANA SCFI - PRUDENCIAL;;83591;n1;2;14;SAO PAULO;SP;06/2024;0;0;0;903.236;41.261;0;944.496;0;0;0;853;0;28.398;29.251;0;973.748;0;40.263;1.014.011;135.896;1.149.907
COOPERATIVA DE CRÉDITO DE LIVRE ADMISSÃO DE ASSOCIADOS - SICOOB CREDICARU SC/RS;694389;;;;b3S;2;9;SAO JOSE DO CERRITO;SC;06/2024;111.455;0;0;317.058;0;0;428.513;0;30.816;131.123;0;0;0;161.939;2.417;592.869;0;349.227;942.095;206.107;1.148.202
ASAAS GESTÃO FINANCEIRA INSTITUIÇÃO DE PAGAMENTO S.A.;19540550;ASAAS GESTAO FINANCEIRA IP - PRUDENCIAL;;85771;n4;2;41;JOINVILLE;SC;06/2024;0;0;0;0;625.074;0;625.074;0;0;0;0;0;0;0;1.773;626.846;0;457.443;1.084.289;61.501;1.145.791
COOPERATIVA DE CRÉDITO CREDINOR LTDA - SICOOB CREDINOR;21866694;;;;b3S;2;9;MONTES CLAROS;MG;06/2024;211.774;0;0;521.901;0;2.042;735.717;0;0;123.982;0;0;0;123.982;12.972;872.671;0;112.852;985.523;155.844;1.141.367
COOPERATIVA DE CRÉDITO DE LIVRE ADMISSÃO DA PARAÍBA - SICOOB PARAÍBA;11907520;;;;b3S;2;9;CAMPINA GRANDE;PB;06/2024;203.065;0;0;644.591;0;0;847.655;0;38.851;3.842;0;0;0;42.693;0;890.349;0;45.199;935.548;205.668;1.141.216
BANCO B3 S.A.;997185;BANCO B3 - PRUDENCIAL;;81225;b1;2;2;SAO PAULO;SP;06/2024;51.920;0;0;0;0;243.857;295.776;583.120;0;0;0;0;0;0;0;878.896;0;66.817;945.713;194.926;1.140.640
COOPERATIVA DE ECONOMIA E CRÉDITO MÚTUO UNICRED PONTO CAPITAL - UNICRED PONTO CAPITAL.;2641032;;;;b3S;2;9;SANTA MARIA;RS;06/2024;91.534;0;0;645.870;0;417;737.822;0;179.641;0;67.946;0;0;247.587;0;985.409;0;53.301;1.038.710;97.581;1.136.291
COOPERATIVA DE CRÉDITO CREDIVERTENTES LTDA. - SICOOB CREDIVERTENTES;22724710;;;;b3S;2;9;SAO TIAGO;MG;06/2024;196.255;0;0;528.364;0;1.868;726.487;0;22.328;153.285;0;0;0;175.613;0;902.100;0;60.060;962.159;173.012;1.135.171
GRANITO INSTITUIÇÃO DE PAGAMENTO S.A.;22177858;GRANITO IP - PRUDENCIAL;;86189;n4;2;41;BARUERI;SP;06/2024;0;0;0;0;0;0;0;0;0;0;0;0;0;0;303.643;303.643;0;790.562;1.094.206;34.328;1.128.534
BANCO SEMEAR S.A.;795423;BANCO SEMEAR - PRUDENCIAL;;81380;b1;2;8;BELO HORIZONTE;MG;06/2024;44.311;0;0;903.241;0;0;947.552;0;5.437;0;0;0;0;5.437;0;952.989;0;58.356;1.011.345;113.681;1.125.027
FORTBRASIL INSTITUIÇÃO DE PAGAMENTO S/A;2732968;FORTBRASIL IP - PRUDENCIAL;;85245;n4;2;41;FORTALEZA;CE;06/2024;0;0;0;0;0;0;0;0;0;0;0;0;0;0;6.997;6.997;0;1.052.835;1.059.832;54.164;1.113.996
COOPERATIVA DE CRÉDITO EVOLUA;10311218;;;;b3S;2;9;FRANCISCO BELTRAO;PR;06/2024;78.244;0;0;276.454;0;0;354.698;0;65.963;0;0;0;0;65.963;191.112;611.773;0;374.080;985.853;126.542;1.112.396
BMG LEASING S.A. ARRENDAMENTO MERCANTIL;34265561;BMG - PRUDENCIAL;30290;80178;n1;2;19;SAO PAULO;SP;06/2024;0;0;0;0;0;0;0;0;0;0;0;0;0;0;0;0;0;96.712;96.712;1.014.934;1.111.646
COOPERATIVA DE CRÉDITO DOS PROFISSIONAIS DA ÁREA DA SAÚDE E DE LIVRE ADMISSÃO LTDA - UNICRED ALIANÇA;70937271;;;;b3S;2;9;UBERLANDIA;MG;06/2024;140.479;0;0;664.158;0;0;804.637;0;105.588;0;0;0;0;105.588;0;910.225;0;89.461;999.686;99.951;1.099.637
CHG-MERIDIAN DO BRASIL ARRENDAMENTO MERCANTIL S.A.;18539102;CHG-MERIDIAN DO BRASIL AM S.A. - PRUDENCIAL;;82994;n1;3;19;BARUERI;SP;06/2024;0;0;0;0;0;0;0;0;0;0;0;0;46.160;46.160;706.183;752.342;2.550;133.636;888.528;206.664;1.095.192
SWAP MEIOS DE PAGAMENTOS INSTITUICAO DE PAGAMENTO S.A.;31680151;SWAP MEIOS DE PAGAMENTOS IP - PRUDENCIAL;;86732;n4;3;41;SAO PAULO;SP;06/2024;0;0;0;0;129.620;0;129.620;0;0;0;0;0;0;0;0;129.620;0;902.935;1.032.555;61.024;1.093.578
CREDISIS CREDIARI - COOPERATIVA DE CRÉDITO LTDA.;3222753;;;;b3S;2;9;ARIQUEMES;RO;06/2024;177.651;0;0;392.612;0;0;570.262;0;0;42.859;0;0;0;42.859;50;613.171;0;99.736;712.907;378.347;1.091.254
COOPERATIVA DE CREDITO CREDISUDESTE LTDA. - SICOOB CREDISUDESTE;22656789;;;;b3S;2;9;MURIAE;MG;06/2024;252.020;0;0;400.169;0;30;652.220;0;0;80.490;0;0;0;80.490;211;732.921;0;242.745;975.667;113.711;1.089.377
COOPERATIVA DE CRÉDITO E ECONOMIA COM INTERAÇÃO SOLIDÁRIA DO PLANALTO SERRA DO RIO GRANDE DO SUL - CRESOL PLANALTO SERRA;5863726;;;;b3S;2;9;SANANDUVA;RS;06/2024;107.527;87.591;0;386.820;0;0;581.939;0;0;2.365;0;0;0;2.365;0;584.304;0;401.644;985.948;99.411;1.085.359
COOPERATIVA DE CRÉDITO CREDICOCAPEC;67096909;;;;b3S;2;9;FRANCA;SP;06/2024;131.653;0;0;394.213;0;0;525.865;0;16.643;179.053;0;0;0;195.695;0;721.561;0;143.356;864.917;218.745;1.083.662
SINGULARE CORRETORA DE TÍTULOS E VALORES MOBILIÁRIOS S.A.;62285390;SINGULARE CTVM - PRUDENCIAL;;85386;n2;2;15;SAO PAULO;SP;06/2024;0;0;0;0;0;209.839;209.839;736.675;0;0;0;0;0;0;0;946.514;0;59.736;1.006.249;71.017;1.077.266
COOPERATIVA DE CRÉDITO E INVESTIMENTO COM INTERAÇÃO SOLIDÁRIA INTEGRAÇÃO - CRESOL INTEGRAÇÃO;7268499;;;;b3S;2;9;TOLEDO;PR;06/2024;69.825;49.203;0;332.603;0;0;451.631;0;0;570;0;0;0;570;0;452.201;0;463.974;916.176;137.493;1.053.668
COOPERATIVA DE CREDITO COOPLIVRE;49389307;;;;b3S;2;9;CAPIVARI;SP;06/2024;174.022;0;0;462.653;0;0;636.674;0;45.592;107.949;0;0;0;153.541;255;790.470;0;121.790;912.260;132.220;1.044.480
CREDISIS JICRED - COOPERATIVA DE CRÉDITO DE LIVRE ADMISSÃO JICRED;2309070;;;;b3S;2;9;JI-PARANA;RO;06/2024;205.111;0;0;379.588;0;0;584.699;0;0;119.423;0;0;0;119.423;49;704.172;0;160.072;864.244;175.834;1.040.078
BANCO KOMATSU DO BRASIL S.A.;23903068;BANCO KOMATSU DO BRASIL - PRUDENCIAL;;84576;b2;3;8;SAO PAULO;SP;06/2024;0;0;75.223;0;0;0;75.223;0;0;0;28.332;0;0;28.332;664.676;768.231;13.106;56.793;838.130;201.507;1.039.637
COOPERATIVA DE CRÉDITO CREDIFOR LTDA - SICOOB CREDIFOR;41931445;;;;b3S;2;9;FORMIGA;MG;06/2024;185.215;0;0;615.824;0;0;801.039;0;0;26.578;0;0;0;26.578;0;827.617;0;122.152;949.769;85.978;1.035.746
BANCO ARBI S.A.;54403563;BCO ARBI S.A. - PRUDENCIAL;;81201;b1;2;2;RIO DE JANEIRO;RJ;06/2024;171.422;0;0;381.093;0;0;552.516;361.376;0;0;0;0;0;0;0;913.892;0;65.105;978.997;56.547;1.035.544
INTRAG DISTRIBUIDORA DE TITULOS E VALORES MOBILIARIOS LTDA.;62418140;ITAU - PRUDENCIAL;10069;80099;n2;2;16;SAO PAULO;SP;06/2024;0;0;0;0;0;0;0;0;0;0;0;0;0;0;0;0;0;53.061;53.061;975.889;1.028.949
COOPERATIVA DE CRÉDITO DE LIVRE ADMISSÃO TRÊS FRONTEIRAS - SICOOB TRÊS FRONTEIRAS;4876393;;;;b3S;2;9;FOZ DO IGUACU;PR;06/2024;142.273;0;0;535.557;0;191;678.021;0;0;70.865;0;0;0;70.865;0;748.886;0;169.499;918.385;105.475;1.023.861
COOPERATIVA DE CRÉDITO CREDCOOPER LTDA - SICOOB CREDCOOPER;19449602;;;;b3S;2;9;CARATINGA;MG;06/2024;230.899;0;0;330.010;0;237;561.146;0;11.573;60.100;0;0;0;71.674;223;633.043;0;253.357;886.399;132.078;1.018.477
COOPERATIVA DE POUPANÇA E CRÉDITO DO VALE DO RIO DOCE LTDA - SICOOB CREDIRIODOCE;25606237;;;;b3S;2;9;GOVERNADOR VALADARES;MG;06/2024;211.383;0;0;478.513;0;595;690.492;0;22.800;78.978;0;0;0;101.777;0;792.269;0;101.116;893.385;113.164;1.006.548
COOPERATIVA DE CRÉDITO CREDISG LTDA. - SICOOB CREDISG;3645752;;;;b3S;2;9;SAO GOTARDO;MG;06/2024;143.562;0;0;370.584;0;0;514.146;0;316;87.341;0;0;0;87.658;774;602.578;0;237.134;839.712;163.865;1.003.577
COOPERATIVA DE CRÉDITO DE LIVRE ADMISSÃO DE ASSOCIADOS NOVA TRENTO   SICOOB TRENTOCREDI SC;2641969;;;;b3S;2;9;NOVA TRENTO;SC;06/2024;189.213;0;0;564.332;0;798;754.343;0;52.788;0;0;0;0;52.788;1.890;809.020;0;18.518;827.539;170.434;997.973
COOPERATIVA DE CRÉDITO DE LIVRE ADMISSÃO DE ASSOCIADOS ITAPIRANGA - SICOOB CREDITAPIRANGA SC/RS;78483310;;;;b3S;2;9;ITAPIRANGA;SC;06/2024;93.111;0;0;411.882;0;3.821;508.813;0;7.501;110.346;0;0;0;117.847;1.253;627.913;0;260.302;888.215;105.824;994.040
COOPERATIVA DE CRÉDITO NOSSOCRÉDITO LTDA - SICOOB NOSSOCRÉDITO;22760839;;;;b3S;2;9;SAO SEBASTIAO DO PARAISO;MG;06/2024;153.233;0;0;437.662;0;20;590.915;0;53.158;115.027;0;0;0;168.185;217;759.317;0;85.346;844.663;148.115;992.778
ZEMA CRÉDITO, FINANCIAMENTO E INVESTIMENTO S/A;5351887;ZEMA CFI - PRUDENCIAL;;83584;n1;2;14;ARAXA;MG;06/2024;0;0;5.008;707.371;229;0;712.608;0;0;0;0;0;18.996;18.996;0;731.604;0;37.587;769.191;216.006;985.197
COOPERATIVA DE CRÉDITO CREDIUNA LTDA - SICOOB CREDIUNA;64237530;;;;b3S;2;9;ITAUNA;MG;06/2024;175.755;0;0;474.088;0;405;650.247;0;0;35.781;0;0;0;35.781;0;686.028;0;132.003;818.031;164.599;982.631
COOPERATIVA DE CRÉDITO DE LIVRE ADMISSÃO DO ESTADO DE SÃO PAULO - SICOOB PAULISTA;10262276;;;;b3S;2;9;PRESIDENTE PRUDENTE;SP;06/2024;167.536;0;0;618.740;0;0;786.276;0;38.689;6.267;0;0;0;44.956;0;831.232;0;57.140;888.373;93.298;981.670
COOPERATIVA DE ECONOMIA E CRÉDITO MÚTUO DOS MÉDICOS DOS VALES DO TAQUARI E RIO PARDO E REGIÃO DA PRODUÇÃO LTDA. - UNICRED PREMIUM;1635462;;;;b3S;2;9;LAJEADO;RS;06/2024;71.512;0;0;582.256;0;0;653.768;0;147.751;0;18.403;0;0;166.153;0;819.921;0;49.169;869.091;111.572;980.662
COOPERATIVA DE CRÉDITO CREDISETE LTDA. - SICOOB CREDISETE;22753982;;;;b3S;2;9;SETE LAGOAS;MG;06/2024;195.140;0;0;602.948;0;39;798.127;0;8.791;27.706;0;0;0;36.497;0;834.624;0;35.191;869.814;109.983;979.797
DIBENS LEASING S.A. ARRENDAMENTO MERCANTIL;65654303;ITAU - PRUDENCIAL;10069;80099;n1;2;19;SAO PAULO;SP;06/2024;0;0;0;0;0;0;0;0;0;0;0;0;5.188;5.188;0;5.188;0;18.158;23.346;954.335;977.681
ACG INSTITUIÇÃO DE PAGAMENTO S.A.;10868663;ACG IP - PRUDENCIAL;;86093;n4;2;41;SAO PAULO;SP;06/2024;0;0;0;0;655.729;0;655.729;0;0;0;0;0;0;0;0;655.729;0;253.806;909.534;59.962;969.496
COOPERATIVA DE CRÉDITO DA FOZ DO RIO ITAJAÍ AÇU - CREDIFOZ;9512539;;;;b3S;2;9;ITAJAI;SC;06/2024;144.791;21.233;0;454.726;0;0;620.751;0;19.532;0;0;0;0;19.532;40.169;680.452;0;132.118;812.570;155.325;967.895
BANCO CIFRA S.A.;62421979;BMG - PRUDENCIAL;30290;80178;b1;2;8;SAO PAULO;SP;06/2024;0;0;0;0;0;0;0;0;0;0;0;0;0;0;0;0;15.352;83.159;98.511;865.203;963.714
COOPERATIVA DE CREDITO NOSSO - SICOOB NOSSO;59869560;;;;b3S;2;9;ADAMANTINA;SP;06/2024;132.050;0;0;432.359;0;401;564.809;0;46.678;87.799;0;0;0;134.477;0;699.286;0;133.681;832.967;129.261;962.228
BANCO WOORI BANK DO BRASIL S.A.;15357060;BCO WOORI BANK DO BRASIL S.A. - PRUDENCIAL;;81823;b1;3;8;SAO PAULO;SP;06/2024;47.982;0;0;408.017;0;2.071;458.071;350.094;0;0;0;0;0;0;49.549;857.713;0;3.800;861.513;92.147;953.660
COOPERATIVA DE CRÉDITO DO NORTE CATARINENSE - ACREDICOOP;3461243;;;;b3S;2;9;JOINVILLE;SC;06/2024;116.878;11.588;0;369.624;0;7;498.098;0;18.767;0;0;0;0;18.767;183.143;700.009;0;123.068;823.077;113.828;936.905
COOPERATIVA DE CRÉDITO E CAPTAÇÃO SICOOB UNICIDADES;3047549;;;;b3S;2;9;RIO VERDE;GO;06/2024;124.004;0;0;314.882;0;0;438.886;0;13.854;75.275;0;0;0;89.129;0;528.015;0;237.721;765.736;159.295;925.031
COOPERATIVA DE CRÉDITO, POUPANÇA E INVESTIMENTO DO NOROESTE DO ESTADO DE SÃO PAULO - SICREDI NOROESTE SP;3065046;;;;b3S;2;9;SAO JOSE DO RIO PRETO;SP;06/2024;152.260;0;113.698;392.246;0;154;658.359;0;0;0;0;0;0;0;1.555;659.913;0;153.434;813.348;100.195;913.542
CELCOIN INSTITUICAO DE PAGAMENTO S.A.;13935893;CELCOIN IP - PRUDENCIAL;;85960;n4;2;41;BARUERI;SP;06/2024;0;0;0;0;401.510;0;401.510;0;0;0;0;0;0;0;57;401.567;0;190.343;591.910;315.921;907.831
COOPERATIVA DE CRÉDITO CREDICARPA LTDA. - SICOOB CREDICARPA;23949522;;;;b3S;2;9;CARMO DO PARANAIBA;MG;06/2024;124.993;0;0;278.906;0;0;403.899;0;0;83.565;0;0;0;83.565;22.308;509.772;0;211.449;721.221;180.367;901.587
COOPERATIVA DE CRÉDITO DE LIVRE ADMISSÃO DE ASSOCIADOS VALE DO CHAPECOZINHO - SICOOB VALCREDI SUL;2090126;;;;b3S;2;9;PASSOS MAIA;SC;06/2024;122.712;0;0;440.929;0;10;563.651;0;16.523;96.853;0;0;0;113.376;1.733;678.760;0;117.512;796.272;105.128;901.399
COOPERATIVA DE CRÉDITO DE LIVRE ADMISSÃO DE ASSOCIADOS VALE DO RIO DO PEIXE - SICOOB CREDIRIO SC;78865995;;;;b3S;2;9;JOACABA;SC;06/2024;104.999;0;0;530.052;0;36;635.087;0;0;63.881;0;0;0;63.881;942;699.910;0;112.030;811.940;85.213;897.153
COOPERATIVA DE ECONOMIA E CRÉDITO MÚTUO UNICRED ELEVA LTDA.;95163002;;;;b3S;2;9;SANTO ANGELO;RS;06/2024;75.523;0;0;497.090;0;116;572.729;0;129.390;0;45.838;0;0;175.228;0;747.957;0;46.649;794.606;100.638;895.244
COOPERATIVA DE CRÉDITO UNIQUE BR;73647935;;;;b3S;2;9;CAMPO GRANDE;MS;06/2024;111.297;0;0;462.681;0;0;573.978;0;29.399;74.727;1.045;0;0;105.171;0;679.150;0;61.614;740.764;152.241;893.005
SICREDI RECIFE - COOPERATIVA DE CRÉDITO, POUPANÇA E INVESTIMENTO SICREDI RECIFE;70241658;;;;b3S;2;9;RECIFE;PE;06/2024;80.502;174;8.000;628.713;0;894;718.284;0;0;0;0;0;0;0;3.126;721.410;0;71.788;793.198;97.811;891.009
DEUTSCHE SPARKASSEN LEASING DO BRASIL BANCO MÚLTIPLO S.A.;23511655;DEUTSCHE SPARKASSEN LEASING DO BRASIL - PRUDENCIAL;;84545;b2;3;8;SAO PAULO;SP;06/2024;0;0;245.316;0;0;0;245.316;0;0;0;0;0;0;0;381.590;626.907;299;151.568;778.774;104.573;883.347
COOPERATIVA DE CRÉDITO DE LIVRE ADMISSÃO DA REGIÃO DE FRUTAL LTDA.   SICOOB FRUTAL;71419600;;;;b3S;2;9;FRUTAL;MG;06/2024;137.268;0;0;269.907;0;0;407.174;0;2.342;119.544;0;0;0;121.885;86.695;615.755;0;133.568;749.322;126.339;875.662
BANCO INVESTCRED UNIBANCO S.A.;61182408;ITAU - PRUDENCIAL;10069;80099;b1;2;2;SAO PAULO;SP;06/2024;4.641;0;256.671;0;0;0;261.312;0;0;0;0;0;0;0;0;261.312;0;494.276;755.589;116.605;872.194
COOPERATIVA DE CRÉDITO DOS PROFISSIONAIS DOS CREAS E DEMAIS ÁREAS TECNOLÓGICAS - CREDCREA;5979692;;;;b3S;2;9;FLORIANOPOLIS;SC;06/2024;124.359;3.339;0;521.130;0;525;649.353;0;37.802;0;0;0;0;37.802;0;687.155;0;54.458;741.612;129.810;871.422
BITZ INSTITUICAO DE PAGAMENTO S.A.;15011719;BRADESCO - PRUDENCIAL;;80075;n4;2;41;OSASCO;SP;06/2024;0;0;0;0;0;0;0;0;0;0;0;0;0;0;0;0;0;14.357;14.357;855.952;870.309
CSILATINA ARRENDAMENTO MERCANTIL S.A.;5883884;CSILATINA A.M. S.A. - PRUDENCIAL;;82970;n1;3;19;BARUERI;SP;06/2024;0;0;0;0;0;0;0;0;0;0;0;0;0;0;519.224;519.224;74.047;143.632;736.903;133.349;870.253
AME DIGITAL BRASIL INSTITUICAO DE PAGAMENTO LTDA;32778350;AME DIGITAL BRASIL IP - PRUDENCIAL;;86488;n4;2;41;SAO PAULO;SP;06/2024;0;0;0;0;134.714;0;134.714;0;0;0;0;0;0;0;0;134.714;0;191.474;326.188;543.487;869.675
STARK SOCIEDADE DE CRÉDITO DIRETO S.A.;39908427;STARK SCD - PRUDENCIAL;;85513;n1;2;43;SAO PAULO;SP;06/2024;0;0;0;0;0;0;0;0;0;0;0;0;0;0;0;0;0;738.363;738.363;128.872;867.236
COOPERATIVA DE CRÉDITO DE LIVRE ADMISSÃO DO VALE DO PARANAÍBA LTDA.;24799033;;;;b3S;2;9;QUIRINOPOLIS;GO;06/2024;168.583;0;0;216.176;0;33;384.791;0;0;110.115;0;0;0;110.115;268;495.174;0;134.934;630.109;233.329;863.438
COOPERATIVA DE CRÉDITO CREDIBOM LTDA. - SICOOB CREDIBOM;21670187;;;;b3S;2;9;BOM DESPACHO;MG;06/2024;186.833;0;0;420.536;0;6.049;613.418;0;0;52.277;0;0;0;52.277;0;665.695;0;70.885;736.579;125.652;862.231
COOPERATIVA DE CRÉDITO DE LIVRE ADMISSÃO DO VALE DO ARAGUAIA LTDA.;24830879;;;;b3S;2;9;MINEIROS;GO;06/2024;258.402;0;0;160.742;0;728;419.872;0;46;89.358;0;0;0;89.403;0;509.275;0;31.359;540.635;319.103;859.738
BRASIL CARD INSTITUIÇÃO DE PAGAMENTOS LTDA;3130170;COBUCCIO SCFI - PRUDENCIAL;;85173;n4;2;41;MONTE BELO;MG;06/2024;0;0;0;0;0;0;0;0;0;0;0;0;0;0;17.000;17.000;0;797.746;814.746;42.020;856.766
INTER DISTRIBUIDORA DE TITULOS E VALORES MOBILIARIOS LTDA;18945670;INTER - PRUDENCIAL;51884;80996;n2;2;16;BELO HORIZONTE;MG;06/2024;0;0;0;0;0;0;0;81.357;0;0;0;0;0;0;71.802;153.159;0;306.384;459.543;393.021;852.564
COOPERATIVA DE CRÉDITO E INVESTIMENTO COM INTERAÇÃO SOLIDÁRIA DA AMAZÔNIA - CRESOL AMAZÔNIA;10520232;;;;b3S;2;9;JI-PARANA;RO;06/2024;101.010;15.565;20.361;175.039;0;0;311.975;0;0;0;0;0;0;0;0;311.975;0;440.773;752.749;96.928;849.676
QI SOCIEDADE DE CRÉDITO DIRETO S.A.;32402502;QI SCD - PRUDENCIAL;52395;84882;n1;2;43;SAO PAULO;SP;06/2024;0;0;0;0;598.261;0;598.261;0;0;0;0;0;0;0;0;598.261;0;81.873;680.134;167.623;847.757
COOPERATIVA DE CRÉDITO E INVESTIMENTO COM INTERAÇÃO SOLIDÁRIA DE MINAS GERAIS - CRESOL MINAS GERAIS;8624548;;;;b3S;2;9;MURIAE;MG;06/2024;128.726;31.403;0;294.875;0;0;455.004;0;0;0;0;0;0;0;12.976;467.980;0;282.333;750.313;91.759;842.072
COOPERATIVA DE CRÉDITO DE LIVRE ADMISSÃO UNIÃO E NEGÓCIOS - SICOOB INTEGRAÇÃO;8742188;;;;b3S;2;9;CUIABA;MT;06/2024;190.576;0;0;278.832;0;0;469.409;0;17.064;83.007;0;0;0;100.071;75.493;644.973;0;82.803;727.776;114.286;842.062
COOPERATIVA DE CRÉDITO ORIGINAL - SICOOB ORIGINAL;81292278;;;;b3S;2;9;SAO LOURENCO D'OESTE;SC;06/2024;107.919;0;0;308.074;0;1.682;417.674;0;0;106.041;0;0;0;106.041;1.576;525.291;0;164.225;689.516;146.329;835.845
COOPERATIVA DE CRÉDITO DE LIVRE ADMISSÃO DE BELO HORIZONTE E CIDADES POLO DO ESTADO DE MINAS GERAIS LTDA. - SICOOB NOSSACOOP;1760242;;;;b3S;2;9;BELO HORIZONTE;MG;06/2024;123.793;0;0;433.559;0;0;557.353;0;38.040;15.962;0;0;0;54.002;92.545;703.900;0;32.888;736.788;88.489;825.276
WORLDPAY DO BRASIL INSTITUICAO DE PAGAMENTO LTDA;991143;WORLDPAY DO BRASIL IP - PRUDENCIAL;;86110;n4;3;41;SAO PAULO;SP;06/2024;0;0;0;0;0;0;0;0;0;0;0;0;0;0;0;0;0;757.515;757.515;46.090;803.606
COOPERATIVA DE CRÉDITO DE LIVRE ADMISSÃO DO VALE DO PARANAPANEMA;1637949;;;;b3S;2;9;PRESIDENTE PRUDENTE;SP;06/2024;110.124;0;0;438.124;0;621;548.868;0;0;56.920;0;0;0;56.920;0;605.788;0;57.888;663.676;135.395;799.071
COOPERATIVA DE CRÉDITO E INVESTIMENTO COM INTERAÇÃO SOLIDÁRIA LIDERANÇA - CRESOL LIDERANÇA;2934201;;;;b3S;2;9;CHOPINZINHO;PR;06/2024;67.417;27.808;15.228;223.323;0;0;333.776;0;0;0;0;0;0;0;0;333.776;0;327.865;661.641;133.393;795.034
COOPERATIVA DE CRÉDITO DE PRODUTORES RURAIS E DE LIVRE ADMISSÃO DO TRIÂNGULO LTDA    SICOOB CREDITRIL;41669227;;;;b3S;2;9;UBERLANDIA;MG;06/2024;165.907;0;0;477.069;0;0;642.975;0;0;0;0;0;0;0;0;642.975;0;13.013;655.988;135.550;791.538
COOPERATIVA DE CRÉDITO, POUPANÇA E INVESTIMENTO DE ARARAQUARA E REGIÃO - SICREDI MORADA DO SOL SP;73113243;;;;b3S;2;9;ARARAQUARA;SP;06/2024;131.666;17;75.016;378.003;0;20;584.722;0;10.112;0;0;0;0;10.112;0;594.834;0;107.663;702.497;86.305;788.802
UNIPRIME PIONEIRA COOPERATIVA DE CRÉDITO;1286361;;;;b3S;2;9;TOLEDO;PR;06/2024;74.134;1.701;0;507.967;0;5.163;588.966;0;88.005;0;488;0;0;88.494;0;677.459;0;12.617;690.076;93.803;783.878
COOPERATIVA DE CRÉDITO CREDPLUS LTDA. - SICOOB CREDPLUS;25536764;;;;b3S;2;9;LUZ;MG;06/2024;134.947;0;0;432.417;0;50;567.414;0;3.148;64.003;0;0;0;67.151;1.820;636.384;0;64.779;701.163;80.570;781.733
COOPERATIVA DE CRÉDITO E INVESTIMENTO COM INTERAÇÃO SOLIDÁRIA VANGUARDA - CRESOL VANGUARDA;3965737;;;;b3S;2;9;CHAPECO;SC;06/2024;46.570;12.095;20.304;279.953;0;0;358.922;0;0;0;0;0;0;0;5.695;364.617;0;331.207;695.824;82.366;778.190
COOPERATIVA DE CRÉDITO COOCRELIVRE;53935029;;;;b3S;2;9;ORLANDIA;SP;06/2024;74.743;0;0;245.595;0;13.661;334.000;0;0;124.027;0;0;0;124.027;0;458.027;0;95.655;553.681;221.789;775.470
COOPERATIVA DE CRÉDITO, POUPANÇA E INVESTIMENTO SICREDI SERIGY - SICREDI SERIGY;2923389;;;;b3S;2;9;ARACAJU;SE;06/2024;125.291;0;8.744;458.509;0;229;592.773;0;0;0;0;0;0;0;1.419;594.192;0;79.944;674.136;96.067;770.203
GENIAL INSTITUCIONAL CORRETORA DE CÂMBIO, TÍTULOS E VALORES MOBILIÁRIOS S.A.;5816451;GENIAL - PRUDENCIAL;51839;80941;n2;2;15;RIO DE JANEIRO;RJ;06/2024;0;0;0;0;0;1.714;1.714;0;0;0;0;0;0;0;0;1.714;0;651.176;652.889;116.996;769.885
COOPERATIVA DE CREDITO DE LIVRE ADMISSAO DO VALE DO AÇO LTDA - SICOOB VALE DO AÇO;19869338;;;;b3S;2;9;IPATINGA;MG;06/2024;131.183;0;0;469.299;0;1.205;601.687;0;869;0;0;0;0;869;0;602.556;0;52.083;654.639;112.962;767.601
COOPERATIVA DE CRÉDITO POUPANÇA E INVESTIMENTO DA ALTA NOROESTE DE SÃO PAULO - SICREDI ALTA NOROESTE SP;4484490;;;;b3S;2;9;BIRIGUI;SP;06/2024;96.033;0;61.281;392.243;0;11;549.568;0;6.209;0;0;0;0;6.209;0;555.778;0;118.605;674.384;90.730;765.113
COOPERATIVA DE CRÉDITO CREDIVALE LTDA - SICOOB CREDIVALE;25387655;;;;b3S;2;9;TEOFILO OTONI;MG;06/2024;173.404;0;0;392.279;0;0;565.682;0;0;26.868;0;0;0;26.868;0;592.550;0;67.249;659.799;102.749;762.548
COOPERATIVA DE CRÉDITO UNIÃO CENTRO OESTE LTDA. - SICOOB UNIÃO CENTRO OESTE;26178111;;;;b3S;2;9;LAGOA DA PRATA;MG;06/2024;124.018;0;0;342.364;0;481;466.863;0;2.187;68.812;0;0;0;70.999;0;537.862;0;96.151;634.013;124.153;758.165
BANCO CREDIT SUISSE (BRASIL) S.A.;32062580;CREDIT SUISSE - PRUDENCIAL;30771;80219;b1;3;8;SAO PAULO;SP;06/2024;5.502;0;129.976;372.652;0;0;508.129;0;0;0;0;0;0;0;0;508.129;0;22.223;530.352;227.550;757.903
COOPERATIVA DE CRÉDITO DE LIVRE ADMISSÃO DE ASSOCIADOS NOVOS CAMPOS - SICOOB NOVOS CAMPOS;78862083;;;;b3S;2;9;CAMPOS NOVOS;SC;06/2024;88.549;0;0;251.741;0;32;340.321;0;0;120.787;0;0;0;120.787;16.074;477.182;0;173.724;650.906;98.028;748.934
SICOOB UNIMAIS METROPOLITANA - COOPERATIVA DE CRÉDITO DE LIVRE ADMISSÃO;259231;;;;b3S;2;9;SANTOS;SP;06/2024;138.487;0;0;460.583;0;6.719;605.789;0;10.109;0;0;0;0;10.109;0;615.898;0;23.486;639.384;109.074;748.458
COOPERATIVA DE CRÉDITO DE LIVRE ADMISSÃO DE PERNAMBUCO - SICOOB PERNAMBUCO;3732359;;;;b3S;2;9;SAO JOSE DO EGITO;PE;06/2024;193.678;0;0;334.800;0;52;528.531;0;0;14.593;0;0;0;14.593;39.516;582.640;0;70.431;653.071;94.608;747.679
STONE SOCIEDADE DE CRÉDITO DIRETO S.A.;34590184;STONE IP - PRUDENCIAL;;84686;n1;3;43;SAO PAULO;SP;06/2024;0;0;0;0;0;0;0;0;0;0;0;0;0;0;0;0;0;9.443;9.443;737.468;746.910
COOPERATIVA DE CRÉDITO E INVESTIMENTO COM INTERAÇÃO SOLIDÁRIA PROGRESSO - CRESOL PROGRESSO;2448310;;;;b3S;2;9;CASCAVEL;PR;06/2024;55.125;24.009;0;299.370;0;0;378.504;0;0;0;0;0;0;0;0;378.504;0;294.031;672.535;72.129;744.664
COOPERATIVA DE CRÉDITO SICOOB CREDSEGURO LTDA.;2935307;;;;b3S;2;9;GOIANIA;GO;06/2024;138.243;0;0;300.417;0;0;438.660;0;14.210;35.625;0;0;0;49.835;0;488.496;0;43.291;531.787;211.386;743.173
COOPERATIVA DE CRÉDITO CREDICOPE LTDA. - SICOOB CREDICOPE;38588174;;;;b3S;2;9;CONSELHEIRO PENA;MG;06/2024;160.194;0;0;358.167;0;214;518.575;0;0;25.524;0;0;0;25.524;0;544.099;0;113.516;657.616;84.304;741.920
BANCO TRICURY S.A.;57839805;BCO TRICURY S.A. - PRUDENCIAL;;81696;b2;2;8;SAO PAULO;SP;06/2024;7.502;0;0;273.530;0;0;281.032;0;157.081;0;0;0;0;157.081;5.889;444.003;0;12.362;456.364;284.575;740.939
BANCO FATOR S.A.;33644196;FATOR - PRUDENCIAL;;80350;b1;2;8;SAO PAULO;SP;06/2024;2.267;0;0;431.002;0;0;433.269;7.499;0;0;0;0;0;0;0;440.769;0;9.250;450.019;289.313;739.332
COOPERATIVA DE ECONOMIA E CRÉDITO MÚTUO DOS PROFISSIONAIS DA SAÚDE DA REGIÃO DA ALTA MOGIANA - SICOOB CREDIMOGIANA;69346856;;;;b3S;2;9;FRANCA;SP;06/2024;83.935;0;0;379.274;0;1.779;464.988;0;33.223;104.340;0;0;0;137.563;0;602.552;0;45.827;648.378;87.357;735.736
COOPERATIVA DE CREDITO CREDIMOTA   SICOOB CREDIMOTA;66788142;;;;b3S;2;9;CANDIDO MOTA;SP;06/2024;126.142;0;0;323.252;0;0;449.394;0;0;77.523;0;0;0;77.523;658;527.574;0;122.409;649.983;83.891;733.874
COOPERATIVA DE CRÉDITO SICOOB EXTREMO SUL LTDA.;2447120;;;;b3S;2;9;TEIXEIRA DE FREITAS;BA;06/2024;165.790;0;0;198.192;0;538;364.520;0;0;86.192;0;0;0;86.192;0;450.712;0;108.803;559.515;172.153;731.668
SICOOB CREDINOVA - COOPERATIVA DE CRÉDITO DE LIVRE ADMISSÃO DE NOVA SERRANA E REGIÃO CENTRO-OESTE LTDA.;1667766;;;;b3S;2;9;NOVA SERRANA;MG;06/2024;159.990;0;0;426.981;0;0;586.972;0;0;1.700;0;0;0;1.700;0;588.672;0;44.632;633.304;98.020;731.325
COOPERATIVA DE CRÉDITO E INVESTIMENTO COM INTERAÇÃO SOLIDÁRIA ESSÊNCIA - CRESOL ESSÊNCIA;6031727;;;;b3S;2;9;SANTO CRISTO;RS;06/2024;57.999;48.911;0;299.029;0;0;405.939;0;0;0;0;0;0;0;0;405.939;0;244.636;650.575;72.423;722.998
LEBES FINANCEIRA S.A. - CRÉDITO, FINANCIAMENTO E INVESTIMENTO;11271860;LEBES FINANCEIRA S.A. - CFI - PRUDENCIAL;;83656;n1;2;14;ELDORADO;RS;06/2024;0;0;0;547.648;0;0;547.648;0;0;0;0;0;0;0;0;547.648;0;38.420;586.068;136.727;722.795
COOPERATIVA DE CRÉDITO E INVESTIMENTO COM INTERAÇÃO SOLIDÁRIA HORIZONTE - CRESOL HORIZONTE;5277312;;;;b3S;2;9;UNIAO DA VITORIA;PR;06/2024;83.773;19.463;0;297.297;0;0;400.532;0;0;0;0;0;0;0;0;400.532;0;236.996;637.528;82.138;719.666
COOPERATIVA DE CRÉDITO DA REGIÃO DO CONTESTADO - CIVIA;10218474;;;;b3S;2;9;SAO BENTO DO SUL;SC;06/2024;94.086;0;0;288.303;0;0;382.389;0;24.247;0;0;0;0;24.247;112.963;519.599;0;101.242;620.842;88.720;709.562
COOPERATIVA DE CREDITO DE LIVRE ADMISSAO DO CENTRO NORDESTE MINEIRO LTDA - SICOOB CREDICENM;2173447;;;;b3S;2;9;GUANHAES;MG;06/2024;143.232;0;0;394.493;0;0;537.726;0;0;50.305;0;0;0;50.305;0;588.031;0;29.489;617.520;90.148;707.669
COOPERATIVA DE CRÉDITO DE LIVRE ADMISSÃO DA GRANDE GOIÂNIA LTDA.;10209619;;;;b3S;2;9;GOIANIA;GO;06/2024;150.336;0;0;261.577;0;0;411.912;0;37.427;16.125;0;0;0;53.552;20.000;485.465;0;87.146;572.611;134.382;706.993
COOPERATIVA DE CRÉDITO DE LIVRE ADMISSÃO DE  LAGOA DA PRATA E REGIÃO LTDA.   SICOOB LAGOACRED GERAIS;1739375;;;;b3S;2;9;LAGOA DA PRATA;MG;06/2024;123.822;0;0;354.188;0;0;478.010;0;0;18.121;0;0;0;18.121;570;496.700;0;84.978;581.678;124.665;706.343
COOPERATIVA DE CRÉDITO DE LIVRE ADMISSÃO SICOOB UNIMAIS CENTRO LESTE PAULISTA - SICOOB UNIMAIS CENTRO LESTE PAULISTA;1259518;;;;b3S;2;9;RIO CLARO;SP;06/2024;115.706;0;0;334.435;0;6.559;456.700;0;147.332;1.169;0;0;0;148.501;0;605.202;0;11.232;616.434;89.242;705.676
WIRECARD BRAZIL INSTITUIÇÃO DE PAGAMENTO S.A.;8718431;PAGSEGURO - PRUDENCIAL;;84813;n4;2;41;SAO PAULO;SP;06/2024;0;0;0;0;33.833;0;33.833;0;0;0;0;0;0;0;0;33.833;0;5.969;39.802;664.096;703.898
COOPERATIVA DE CRÉDITO E INVESTIMENTO COM INTERAÇÃO SOLIDÁRIA NORTE PARANAENSE - CRESOL NORTE PARANAENSE;7925729;;;;b3S;2;9;LONDRINA;PR;06/2024;58.922;14.769;0;371.708;0;0;445.399;0;0;0;0;0;0;0;0;445.399;0;189.493;634.892;68.481;703.373
COOPERATIVA DE CRÉDITO CREDIPEU LTDA.  - SICOOB CREDIPEU;66262643;;;;b3S;2;9;POMPEU;MG;06/2024;86.412;0;0;329.663;0;0;416.075;0;817;86.064;0;0;0;86.881;0;502.956;0;99.528;602.484;99.726;702.211
CREDI-SHOP S/A - INSTITUIÇÃO DE PAGAMENTO;62895230;CREDI SHOP S.A. - PRUDENCIAL;;84923;n4;2;41;TERESINA;PI;06/2024;0;0;0;0;0;0;0;0;0;0;0;0;0;0;0;0;0;393.478;393.478;304.275;697.753
COOPERATIVA DE CRÉDITO E INVESTIMENTO COM INTERAÇÃO SOLIDÁRIA GRANDES LAGOS PR/SP - CRESOL GRANDES LAGOS PR/SP;6126780;;;;b3S;2;9;GUARAPUAVA;PR;06/2024;58.331;15.309;20.199;248.987;0;0;342.825;0;0;0;0;0;0;0;17.503;360.328;0;245.553;605.880;85.127;691.008
COOPERATIVA DE CRÉDITO CREDIARA LTDA - SICOOB CREDIARA;66398496;;;;b3S;2;9;ARAXA;MG;06/2024;128.192;0;0;259.528;0;0;387.720;0;2.008;89.740;0;0;0;91.748;0;479.468;0;112.043;591.511;97.991;689.502
AGENCIA DE FOMENTO DO ESTADO DO RIO DE JANEIRO S.A.;5940203;AGENCIA FOMENTO EST RJ S.A. - PRUDENCIAL;;81139;n1;1;30;RIO DE JANEIRO;RJ;06/2024;12.074;0;0;0;0;0;12.074;0;0;0;0;0;0;0;91.533;103.608;0;70.953;174.561;512.826;687.387
COOPERATIVA DE CRÉDITO MÚTUO DOS ADVOGADOS DE SANTA CATARINA;5861932;;;;b3S;2;9;SAO JOSE;SC;06/2024;126.161;0;0;432.552;0;1.176;559.889;0;22.803;0;0;0;0;22.803;0;582.692;0;12.163;594.856;91.885;686.740
COOPERATIVA DE CRÉDITO DE LIVRE ADMISSÃO E DOS TRANSPORTADORES RODOVIÁRIOS DE VEÍCULOS - SICOOB CREDCEG;7789195;;;;b3S;2;9;SAO BERNARDO DO CAMPO;SP;06/2024;150.744;0;0;374.122;0;18;524.884;0;0;0;0;0;0;0;0;524.884;0;9.291;534.175;140.955;675.130
QISTA S.A. - CRÉDITO, FINANCIAMENTO E INVESTIMENTO;36583700;QISTA S.A. CFI - PRUDENCIAL;;85506;n1;2;14;SAO PAULO;SP;06/2024;0;0;0;387.532;0;0;387.532;0;0;0;0;0;0;0;0;387.532;0;214.302;601.834;71.733;673.567
CREDIARE S.A. - CRÉDITO, FINANCIAMENTO E INVESTIMENTO;5676026;CREDIARE CFI - PRUDENCIAL;;85427;n1;2;14;FARROUPILHA;RS;06/2024;0;0;40.981;365.301;0;0;406.282;0;0;0;0;0;2;2;0;406.283;0;182.538;588.822;84.504;673.326
COOPERATIVA DE CRÉDITO RURAL COOPAVEL;76461557;;;;b3S;2;9;CASCAVEL;PR;06/2024;222.497;0;0;227.260;0;0;449.757;0;513;0;0;0;0;513;5.664;455.933;0;14.048;469.982;202.633;672.615
COOPERATIVA DE CRÉDITO DE LIVRE ADMISSÃO DA REGIÃO DE  PARÁ DE MINAS LTDA - SICOOB CREDIRURAL;25387713;;;;b3S;2;9;PARA DE MINAS;MG;06/2024;104.929;0;0;397.375;0;1.884;504.188;0;11.927;59.478;0;0;0;71.405;0;575.592;0;13.826;589.419;83.179;672.597
COOPERATIVA DE CRÉDITO CREDIFIEMG LTDA. - SICOOB CREDIFIEMG;7469260;;;;b3S;2;9;BELO HORIZONTE;MG;06/2024;66.385;0;0;441.366;0;7;507.758;0;63.969;0;0;0;0;63.969;0;571.728;0;7.034;578.762;87.621;666.383
UNIPRIME CENTRAL NACIONAL - CENTRAL NACIONAL DE COOPERATIVA DE CREDITO;3046391;;;;b3C;2;9;LONDRINA;PR;06/2024;11.302;0;0;0;0;0;11.302;0;0;0;0;0;0;0;0;11.302;0;634.286;645.588;14.974;660.563
CAIXA DISTRIBUIDORA DE TÍTULOS E VALORES MOBILIÁRIOS S.A.;42040639;CAIXA ECONÔMICA FEDERAL - PRUDENCIAL;51626;80738;n2;1;16;BRASILIA;DF;06/2024;0;0;0;0;0;0;0;0;0;0;0;0;0;0;0;0;0;75.775;75.775;583.441;659.216
COOPERATIVA DE CRÉDITO SICOOB UNI SUDESTE;86389236;;;;b3S;2;9;UBA;MG;06/2024;122.679;0;0;375.609;0;0;498.288;0;38.124;0;0;0;0;38.124;1.461;537.873;0;36.516;574.389;75.434;649.822
COOPERATIVA DE CRÉDITO CREDIMATA LTDA. - SICOOB CREDIMATA;1152097;;;;b3S;2;9;VOLTA GRANDE;MG;06/2024;130.651;0;0;292.294;0;47;422.991;0;7.600;44.667;0;0;0;52.267;0;475.258;0;89.269;564.526;82.882;647.408
COOPERATIVA DE CRÉDITO SICOOB ALIANÇA;6174009;;;;b3S;2;9;APUCARANA;PR;06/2024;118.998;0;0;278.589;0;887;398.474;0;0;54.084;2.159;0;0;56.244;6.257;460.974;0;83.961;544.936;89.856;634.792
COOPERATIVA DE CRÉDITO DE LIVRE ADMISSÃO DE ASSOCIADOS DO MEIO OESTE CATARINENSE - SICOOB CREDIMOC SC;80959638;;;;b3S;2;9;XANXERE;SC;06/2024;108.077;0;0;372.041;0;615;480.732;0;3.450;28.779;0;0;0;32.229;967;513.928;0;33.628;547.556;86.308;633.863
EDENRED SOLUCOES E INSTITUICAO DE PAGAMENTO AHA S.A.;59158642;EDENRED SOLUCOES E IP AHA - PRUDENCIAL;;84916;n4;3;41;BARUERI;SP;06/2024;0;0;0;0;107.733;0;107.733;0;0;0;0;0;0;0;0;107.733;0;498.432;606.165;26.325;632.490
STARA FINANCEIRA S.A. - CRÉDITO FINANCIAMENTO E INVESTIMENTO;17359351;STARA FINANCEIRA S.A. - CFI - PRUDENCIAL;;83711;n1;2;14;NAO-ME-TOQUE;RS;06/2024;0;0;0;0;0;0;0;0;0;0;0;0;135.736;135.736;301.895;437.630;0;14.830;452.460;177.745;630.205
COOPERATIVA DE CRÉDITO E INVESTIMENTO COM INTERAÇÃO SOLIDÁRIA TRIUNFO - CRESOL TRIUNFO;8560508;;;;b3S;2;9;SAO JOAO DO TRIUNFO;PR;06/2024;54.880;25.204;10.462;228.355;0;0;318.900;0;0;0;0;0;0;0;8.592;327.492;0;219.924;547.416;82.341;629.757
COOPERATIVA DE CRÉDITO E INVESTIMENTO COM INTERAÇÃO SOLIDÁRIA DO RIO GRANDE DO SUL - CRESOL RIO GRANDE DO SUL;6139650;;;;b3S;2;9;BENTO GONCALVES;RS;06/2024;49.401;27.658;0;231.938;0;0;308.997;0;0;0;0;0;0;0;0;308.997;0;238.385;547.382;80.119;627.501
BANCO SENFF S.A.;11970623;SENFFNET IP - PRUDENCIAL;;83670;b1;2;8;CURITIBA;PR;06/2024;3.366;0;0;432.690;0;0;436.056;0;38.600;13.701;0;0;9.946;62.247;0;498.303;0;19.884;518.187;105.192;623.379
EBURY BANCO DE CÂMBIO S.A.;13059145;EBURY BANCO DE CÂMBIO - PRUDENCIAL;;80862;b2;3;39;SAO PAULO;SP;06/2024;3.316;0;0;0;6.267;0;9.583;0;0;0;0;0;0;0;0;9.583;0;528.561;538.145;83.081;621.226
COOPERATIVA DE CREDITO DE LIVRE ADMISSAO DE PARA DE MINAS LTDA - SICOOB ASCICRED;1009908;;;;b3S;2;9;PARA DE MINAS;MG;06/2024;120.911;0;0;377.164;0;42;498.117;0;0;30.381;0;0;0;30.381;0;528.497;0;15.037;543.534;75.928;619.462
SICREDI NORTE - COOPERATIVA DE CRÉDITO;83315408;;;;b3S;2;9;BELEM;PA;06/2024;86.768;0;187.231;194.934;0;3.260;472.193;0;0;0;0;0;0;0;341;472.534;0;99.420;571.953;42.838;614.791
COOPERATIVA DE CRÉDITO E INVESTIMENTO COM INTERAÇÃO SOLIDÁRIA CONEXÃO - CRESOL CONEXÃO;11969853;;;;b3S;2;9;MEDIANEIRA;PR;06/2024;35.946;12.655;15.149;245.496;0;0;309.247;0;0;0;0;0;0;0;0;309.247;0;238.199;547.446;65.116;612.562
COOPERATIVA DE CRÉDITO DO CENTRO SUL MINEIRO LTDA. - SICOOB CENTRO SUL MINEIRO;71238232;;;;b3S;2;9;CARMOPOLIS DE MINAS;MG;06/2024;111.048;0;0;286.194;0;0;397.241;0;0;58.385;0;0;0;58.385;0;455.626;0;62.902;518.529;93.472;612.001
MODAL DISTRIBUIDORA DE TITULOS E VALORES MOBILIARIOS LTDA;5389174;XP - PRUDENCIAL;52120;82475;n2;2;16;RIO DE JANEIRO;RJ;06/2024;0;0;0;0;0;0;0;0;0;0;0;0;0;0;0;0;0;69.146;69.146;537.505;606.650
MIRAE ASSET (BRASIL) CORRETORA DE CÂMBIO, TÍTULOS  E VALORES MOBILIÁRIOS LTDA.;12392983;MIRAE ASSET (BRASIL) CCTVM - PRUDENCIAL;;82932;n2;3;15;SAO PAULO;SP;06/2024;0;0;0;0;0;210.146;210.146;0;0;0;0;0;0;0;0;210.146;0;57.258;267.404;338.517;605.920
COOPERATIVA DE CREDITO DE LIVRE ADMISSÃO DO VALE DO SÃO PATRICIO LTDA.;968602;;;;b3S;2;9;GOIANESIA;GO;06/2024;58.449;0;0;198.589;0;0;257.038;0;0;79.782;0;0;0;79.782;2.253;339.072;0;116.551;455.623;149.934;605.557
TORO CORRETORA DE TÍTULOS E VALORES MOBILIÁRIOS S.A.;29162769;SANTANDER - PRUDENCIAL;30379;80185;n2;3;15;SAO PAULO;SP;06/2024;0;0;0;0;0;176.549;176.549;0;0;0;0;0;0;0;63.789;240.338;0;54.036;294.374;295.942;590.316
COOPERATIVA DE CRÉDITO CENTRO LESTE NORTE MARANHENSE - SICOOB CENTROLESTE;9403026;;;;b3S;2;9;GRAJAU;MA;06/2024;176.523;0;0;123.675;0;0;300.198;0;5.001;7.462;0;0;0;12.463;0;312.661;0;188.808;501.469;87.629;589.098
ACESSO SOLUÇÕES DE PAGAMENTO S.A. - INSTITUIÇÃO DE PAGAMENTO;13140088;VOTORANTIM - PRUDENCIAL;;80484;n4;2;41;SAO PAULO;SP;06/2024;0;0;0;0;302.209;0;302.209;0;0;0;0;0;0;0;0;302.209;0;227.293;529.501;59.368;588.869
COOPERATIVA DE CRÉDITO ARACREDI LTDA. - SICOOB ARACREDI;68987;;;;b3S;2;9;ARAGUARI;MG;06/2024;109.918;0;0;168.327;0;0;278.245;0;0;66.786;0;0;0;66.786;52;345.084;0;168.349;513.432;72.254;585.686
COOPERATIVA DE CRÉDITO SICOOB 3 COLINAS;4013172;;;;b3S;2;9;FRANCA;SP;06/2024;106.252;0;0;300.143;0;0;406.394;0;0;96.339;0;0;0;96.339;0;502.733;0;16.651;519.384;65.011;584.395
COOPERATIVA DE CRÉDITO DE LIVRE ADMISSÃO DA REGIÃO LESTE DA BACIA DO RIO DOCE LTDA   SICOOB CREDILESTE;5158093;;;;b3S;2;9;CARATINGA;MG;06/2024;124.953;0;0;299.130;0;0;424.083;0;32.096;12.899;0;0;0;44.996;0;469.079;0;21.823;490.902;91.868;582.770
COOPERATIVA DE CREDITO DE LIVRE ADMISSAO DE RUBIATABA E REGIAO LTDA;73422792;;;;b3S;2;9;RUBIATABA;GO;06/2024;135.977;0;0;188.115;0;26;324.118;0;1.755;53.977;0;0;0;55.733;5.264;385.114;0;89.952;475.067;106.752;581.818
WISE BRASIL CORRETORA DE CÂMBIO LTDA;36588217;WISE BRASIL CC - PRUDENCIAL;;85647;n2;3;21;SAO PAULO;SP;06/2024;0;0;0;0;0;0;0;0;0;0;0;0;0;0;0;0;0;445.352;445.352;131.874;577.225
COOPERATIVA DE CRÉDITO CREDIJEQUITINHONHA LTDA. - SICOOB CREDIJEQUITINHONHA;71243034;;;;b3S;2;9;CAPELINHA;MG;06/2024;119.189;0;0;281.681;0;0;400.869;0;0;15.052;0;0;0;15.052;0;415.921;0;53.606;469.527;107.545;577.072
BLU INSTITUIÇÃO DE PAGAMENTO LTDA.;10506341;BLU IP - PRUDENCIAL;;86677;n4;2;41;RIO DE JANEIRO;RJ;06/2024;0;0;0;0;57.247;0;57.247;0;0;0;0;0;0;0;0;57.247;0;487.714;544.961;29.790;574.751
BRADESCO-KIRTON CORRETORA DE CÂMBIO S.A.;58229246;BRADESCO - PRUDENCIAL;10045;80075;n2;2;21;OSASCO;SP;06/2024;0;0;0;0;0;0;0;0;0;0;0;0;0;0;0;0;0;49.780;49.780;523.801;573.581
COOPERATIVA DE CRÉDITO SICOOB MÉDIO OESTE;7318874;;;;b3S;2;9;ASSIS CHATEAUBRIAND;PR;06/2024;65.319;0;0;243.345;0;5;308.669;0;13.584;32.715;0;0;0;46.299;1.450;356.418;0;131.883;488.300;81.200;569.500
COOPERATIVA DE CRÉDITO CREDINACIONAL LTDA. - SICOOB CREDINACIONAL;25420696;;;;b3S;2;9;ABAETE;MG;06/2024;127.991;0;0;238.686;0;135;366.813;0;0;30.249;0;0;0;30.249;0;397.062;0;102.188;499.249;68.406;567.655
COOPERATIVA DE CRÉDITO DE LIVRE ADMISSÃO DA REGIÃO CENTRAL DE RONDÔNIA   SICOOB OUROCREDI;2144899;;;;b3S;2;9;OURO PRETO DO OESTE;RO;06/2024;137.961;0;0;77.654;0;0;215.615;0;0;41.209;0;0;0;41.209;7.088;263.912;0;200.625;464.537;102.259;566.795
COOPERATIVA DE CRÉDITO DE LIVRE ADMISSÃO DE SANTO ANTÔNIO DO MONTE LTDA.   SICOOB CREDIMONTE;41707258;;;;b3S;2;9;SANTO ANTONIO DO MONTE;MG;06/2024;108.313;0;0;289.948;0;0;398.262;0;0;17.780;0;0;0;17.780;2.287;418.329;0;77.323;495.652;63.980;559.632
FITBANK INSTITUIÇÃO DE PAGAMENTOS ELETRÔNICOS S.A.;13203354;FITBANK IP - PRUDENCIAL;;85726;n4;2;41;SAO PAULO;SP;06/2024;0;0;0;0;426.730;0;426.730;0;0;0;0;0;0;0;17.408;444.138;0;42.911;487.049;72.412;559.461
BANCO XCMG BRASIL S.A.;36658769;BANCO XCMG BRASIL - PRUDENCIAL;;85300;b2;3;8;POUSO ALEGRE;MG;06/2024;0;0;86.167;209.749;0;0;295.916;0;0;0;0;0;0;0;0;295.916;0;13.123;309.039;249.276;558.315
COOPERATIVA DE CRÉDITO DA SERRA CATARINENSE - CREDICOMIN;9590601;;;;b3S;2;9;LAGES;SC;06/2024;48.354;0;0;300.079;0;0;348.433;0;25.560;0;0;0;0;25.560;36.611;410.604;0;71.079;481.683;74.264;555.947
FLASH TECNOLOGIA E  INSTITUICAO DE PAGAMENTO LTDA;32223020;FLASH TECNOLOGIA IP - PRUDENCIAL;;87315;n4;2;41;SAO PAULO;SP;06/2024;0;0;0;0;111.062;0;111.062;0;0;0;0;0;0;0;0;111.062;0;166.927;277.989;276.334;554.324
COOPERATIVA DE CRÉDITO CREDSAOPAULO - SICOOB CREDSAOPAULO;2197569;;;;b3S;2;9;SAO JOSE DOS CAMPOS;SP;06/2024;112.445;0;0;353.011;0;255;465.711;0;0;0;0;0;0;0;0;465.711;0;11.464;477.175;75.543;552.717
COOPERATIVA DE CRÉDITO DE LIVRE ADMISSÃO DO TOCANTINS LTDA;26960328;;;;b3S;2;9;PARAISO DO NORTE DO TOCANTINS;TO;06/2024;170.817;0;0;191.006;0;0;361.823;0;1.866;51.313;0;0;0;53.179;583;415.586;0;63.678;479.263;72.706;551.969
SENFFNET INSTITUIÇÃO DE PAGAMENTO LTDA.;3877288;SENFFNET IP - PRUDENCIAL;;83670;n4;2;41;CURITIBA;PR;06/2024;0;0;0;0;1.651;0;1.651;0;0;0;0;0;0;0;1.533;3.184;0;485.395;488.579;61.159;549.738
SICOOB AC CREDI - COOPERATIVA DE CRÉDITO DE LIVRE ADMISSÃO DO LESTE E NORDESTE MINEIRO LTDA.;1559914;;;;b3S;2;9;GOVERNADOR VALADARES;MG;06/2024;134.970;0;0;284.667;0;724;420.360;0;1.454;8.894;0;0;0;10.347;0;430.707;0;25.953;456.660;80.764;537.424
COOPERATIVA DE CRÉDITO CREDIVERDE LTDA. - SICOOB CREDIVERDE;25528753;;;;b3S;2;9;DIVINOPOLIS;MG;06/2024;117.233;0;0;292.356;0;492;410.081;0;0;17.370;0;0;0;17.370;0;427.451;0;25.859;453.309;82.057;535.367
COOPERATIVA DE CRÉDITO  DE FRONTEIRAS  LTDA. - SICOOB FRONTEIRAS;3612764;;;;b3S;2;9;CACOAL;RO;06/2024;117.757;0;0;176.373;0;0;294.130;0;521;60.141;0;0;0;60.662;19.126;373.919;0;81.895;455.813;75.755;531.568
COOPERATIVA DE CRÉDITO DE LIVRE ADMISSÃO DO ALTO SÃO FRANCISCO LTDA.;41805003;;;;b3S;2;9;PIUMHI;MG;06/2024;73.498;0;0;250.579;0;0;324.078;0;6.006;27.960;0;0;0;33.966;0;358.044;0;104.098;462.142;66.737;528.879
REPOM INSTITUIÇÃO DE PAGAMENTO HUSA S.A.;65697260;EDENRED SOLUCOES E IP AHA - PRUDENCIAL;;84916;n4;3;41;BARUERI;SP;06/2024;0;0;0;0;59.850;0;59.850;0;0;0;0;0;0;0;0;59.850;5.233;361.291;426.375;101.028;527.403
COOPERATIVA DE ECONOMIA E CRÉDITO MÚTUO UNICRED PROSPERAR LTDA. - UNICRED PROSPERAR;1705236;;;;b3S;2;9;SANTANA DO LIVRAMENTO;RS;06/2024;41.913;0;0;280.890;0;0;322.803;0;93.430;0;24.484;0;0;117.914;0;440.717;0;22.011;462.728;63.764;526.492
COOPERATIVA DE CRÉDITO MONTECREDI LTDA. - SICOOB MONTECREDI;71392047;;;;b3S;2;9;MONTE CARMELO;MG;06/2024;54.156;0;0;226.007;0;0;280.163;0;2.813;38.314;0;0;0;41.127;3.633;324.924;0;134.539;459.463;66.771;526.234
COOPERATIVA DE CRÉDITO DO DISTRITO FEDERAL E ENTORNO LTDA;1187961;;;;b3S;2;9;BRASILIA;DF;06/2024;117.763;0;0;183.859;0;0;301.622;0;1.214;57.265;0;0;0;58.479;0;360.100;0;83.173;443.273;77.670;520.943
NATURA &CO PAY SOCIEDADE DE CRÉDITO DIRETO S.A.;48805820;NATURA &CO PAY SCD;;86598;n1;2;43;SAO PAULO;SP;06/2024;0;0;0;0;0;0;0;0;0;0;0;0;0;0;0;0;0;207.378;207.378;310.666;518.044
SOCIÉTÉ GÉNÉRALE EQUIPMENT FINANCE S.A. - ARRENDAMENTO MERCANTIL;62816426;SOCIETE GENERALE - PRUDENCIAL;31859;80264;n1;3;19;SAO PAULO;SP;06/2024;0;0;246.000;0;0;0;246.000;0;0;0;0;0;0;0;43.904;289.904;0;132.570;422.474;92.729;515.203
COOPERATIVA DE CRÉDITO MÚTUO DOS EMPREGADOS DA EMBRAER- SICOOB COOPEREMB;46642294;;;;b3S;2;9;SAO JOSE DOS CAMPOS;SP;06/2024;11.919;0;0;77.120;0;0;89.040;0;0;0;0;0;0;0;0;89.040;0;33.004;122.043;390.338;512.381
BOLT CARD INSTITUIÇÃO DE PAGAMENTOS LTDA.;28080769;COBUCCIO SCFI - PRUDENCIAL;;85173;n4;2;41;MONTE BELO;MG;06/2024;0;0;0;0;0;0;0;0;0;0;0;0;0;0;0;0;0;431.904;431.904;80.289;512.194
EFÍ S.A. - INSTITUIÇÃO DE PAGAMENTO;9089356;EFI S.A. IP - PRUDENCIAL;;84978;n4;2;41;OURO PRETO;MG;06/2024;0;0;0;0;403.625;0;403.625;0;0;0;0;0;0;0;9.894;413.519;0;48.402;461.921;43.766;505.687
COOPERATIVA DE CRÉDITO CREDICAMPO LTDA.- SICOOB CREDICAMPO;21661202;;;;b3S;2;9;ENTRE RIOS DE MINAS;MG;06/2024;107.864;0;0;206.616;0;317;314.797;0;0;61.327;0;0;0;61.327;0;376.123;0;40.677;416.800;88.775;505.575
GENIAL INVESTIMENTOS CORRETORA DE VALORES MOBILIÁRIOS S.A.;27652684;GENIAL - PRUDENCIAL;51839;80941;n2;2;15;RIO DE JANEIRO;RJ;06/2024;0;0;0;0;0;87.651;87.651;0;0;0;0;0;0;0;0;87.651;0;167.071;254.722;249.963;504.685
MERCANTIL FINANCEIRA S.A. - CRÉDITO, FINANCIAMENTO E INVESTIMENTO;33040601;MERCANTIL DO BRASIL - PRUDENCIAL;20152;80123;n1;2;14;BELO HORIZONTE;MG;06/2024;0;0;214.729;0;0;0;214.729;0;0;0;0;0;0;0;0;214.729;0;26.579;241.308;251.965;493.273
COOPERATIVA DE CRÉDITO DE LIVRE ADMISSÃO DO VALE DO RIO GRANDE LTDA. - SICOOB UBERABA;25683475;;;;b3S;2;9;UBERABA;MG;06/2024;101.856;0;0;196.891;0;0;298.747;0;22.321;29.603;0;0;0;51.924;0;350.671;0;76.004;426.675;63.799;490.474
COOPERATIVA DE CRÉDITO DE LIVRE ADMISSÃO BURITIS - SICOOB BURITIS;5247312;;;;b3S;2;9;RONDONOPOLIS;MT;06/2024;122.126;0;0;182.733;0;0;304.858;0;0;39.086;0;0;0;39.086;27.389;371.333;0;64.068;435.401;54.701;490.102
SOCIEDADE COOPERATIVA DE CRÉDITO COOPERE LTDA.  - SICOOB COOPERE;73398646;;;;b3S;2;9;VALENTE;BA;06/2024;123.207;0;0;203.349;0;367;326.923;0;0;13.532;0;0;0;13.532;0;340.456;0;47.274;387.730;101.314;489.044
SANTANDER DISTRIBUIDORA DE TÍTULOS E VALORES MOBILIÁRIOS S.A.;3502968;SANTANDER - PRUDENCIAL;30379;80185;n2;3;16;SAO PAULO;SP;06/2024;0;0;0;0;0;0;0;0;0;0;0;0;0;0;0;0;0;22.640;22.640;465.201;487.841
COOPERATIVA DE ECONOMIA E CRÉDITO MÚTUO DOS EMPREGADOS DE FURNAS E DAS DEMAIS EMPRESAS DO SISTEMA ELETROBRÁS LTDA. - SICOOB CECREMEF;33370115;;;;b3S;2;9;RIO DE JANEIRO;RJ;06/2024;35.827;0;0;349.208;0;27.412;412.446;0;9.662;3.231;0;0;0;12.893;0;425.340;0;8.565;433.904;47.321;481.225
COOPERATIVA DE CRÉDITO E INVESTIMENTO COM INTERAÇÃO SOLIDÁRIA COOPERAR - CRESOL COOPERAR;5983995;;;;b3S;2;9;HUMAITA;RS;06/2024;33.218;47.664;0;169.211;0;0;250.093;0;0;0;0;0;0;0;0;250.093;0;187.484;437.577;43.116;480.692
SUPERDIGITAL INSTITUIÇÃO DE PAGAMENTO S.A.;9554480;SANTANDER - PRUDENCIAL;;80185;n4;3;41;SAO PAULO;SP;06/2024;0;0;0;0;171.274;0;171.274;0;0;0;0;0;0;0;0;171.274;0;41.278;212.552;267.989;480.541
COOPERATIVA DE CRÉDITO DE LIVRE ADMISSÃO DO ESTADO DO RIO DE JANEIRO - SICOOB FLUMINENSE;2931668;;;;b3S;2;9;CAMPOS DOS GOYTACAZES;RJ;06/2024;109.009;0;0;209.249;0;600;318.858;0;18.668;19.591;0;0;0;38.259;2.930;360.048;0;49.753;409.800;65.061;474.861
COOPERATIVA  DE CRÉDITO DE LIVRE ADMISSÃO DE ASSOCIADOS UNIRONDÔNIA LTDA;1664968;;;;b3S;2;9;PORTO VELHO;RO;06/2024;90.934;0;0;210.570;0;0;301.503;0;16.152;33.370;0;0;0;49.523;0;351.026;0;86.015;437.041;35.709;472.750
COOPERATIVA DE CRÉDITO RURAL DE SÃO MIGUEL DO OESTE - SULCREDI/SÃO MIGUEL;8253539;;;;b3S;2;9;SAO MIGUEL D'OESTE;SC;06/2024;240.801;0;0;168.474;0;0;409.274;0;0;0;0;0;0;0;19.775;429.049;0;1.997;431.046;39.972;471.017
COOPERATIVA DE CRÉDITO E INVESTIMENTO COM INTERAÇÃO SOLIDÁRIA ORIGENS - CRESOL ORIGENS;5220243;;;;b3S;2;9;SARANDI;RS;06/2024;29.610;16.715;0;210.004;0;0;256.328;0;0;0;0;0;0;0;0;256.328;0;159.813;416.141;53.146;469.287
COOPERATIVA DE CRÉDITO GUARANICREDI LTDA. - SICOOB GUARANICREDI;26014175;;;;b3S;2;9;GUARANI;MG;06/2024;86.741;0;0;276.415;0;0;363.156;0;0;30.223;0;0;0;30.223;0;393.379;0;31.542;424.921;44.014;468.934
SICOOB CREDIGOIÁS COOPERATIVA DE CRÉDITO LTDA.;37255049;;;;b3S;2;9;GOIANIA;GO;06/2024;61.608;0;0;138.166;0;0;199.774;0;0;74.630;0;0;0;74.630;0;274.403;0;62.981;337.385;130.720;468.105
COOPERATIVA DE CRÉDITO DE LIVRE ADMISSÃO CENTRO OESTE LTDA.;7502031;;;;b3S;2;9;GOIANESIA;GO;06/2024;130.346;0;0;130.842;0;0;261.188;0;36;47.752;0;0;0;47.788;2.189;311.165;0;38.448;349.614;117.595;467.208
GUIDE INVESTIMENTOS S.A. CORRETORA DE VALORES;65913436;GUIDE INVESTIMENTOS - PRUDENCIAL;52065;84837;n2;3;15;SAO PAULO;SP;06/2024;0;0;0;0;0;186.254;186.254;56.086;0;0;0;0;0;0;0;242.339;0;123.875;366.214;97.163;463.377
CREDIT SUISSE (BRASIL) S.A. CORRETORA DE TÍTULOS E VALORES MOBILIÁRIOS;42584318;CREDIT SUISSE - PRUDENCIAL;30771;80219;n2;3;15;SAO PAULO;SP;06/2024;0;0;0;0;0;1.854;1.854;0;0;0;0;0;0;0;0;1.854;0;103.387;105.241;357.803;463.044
COOPERATIVA DE CRÉDITO COPERSUL LTDA - SICOOB COPERSUL;18966739;;;;b3S;2;9;TRES PONTAS;MG;06/2024;81.994;0;0;185.810;0;0;267.803;0;0;33.845;0;0;0;33.845;3.950;305.598;0;101.307;406.905;55.094;461.998
QUERO-QUERO VERDECARD INSTITUIÇÃO DE PAGAMENTO S.A.;1722480;QUERO-QUERO VERDECARD IP - PRUDENCIAL;;85678;n4;2;41;CACHOEIRINHA;RS;06/2024;0;0;0;0;9.902;0;9.902;0;0;0;0;0;0;0;0;9.902;0;352.341;362.243;91.812;454.055
COOPERATIVA DE CRÉDITO SICOOB SERTÃO LTDA;2057584;;;;b3S;2;9;PINTADAS;BA;06/2024;112.551;0;0;199.008;0;307;311.867;0;0;17.815;0;0;0;17.815;0;329.682;0;34.053;363.735;89.858;453.594
COOPERATIVA DE CRÉDITO E INVESTIMENTO COM INTERAÇÃO SOLIDÁRIA CONFIANÇA - CRESOL CONFIANÇA;7252614;;;;b3S;2;9;PAIM FILHO;RS;06/2024;42.273;34.937;0;120.671;0;0;197.880;0;0;0;0;0;0;0;0;197.880;0;203.398;401.279;49.419;450.698
COOPERATIVA DE CRÉDITO DE LIVRE ADMISSÃO LTDA. - SICOOB CREDIJUSTRA;37079720;;;;b3S;2;9;BRASILIA;DF;06/2024;60.654;0;0;308.939;0;0;369.594;0;0;0;0;0;0;0;96;369.690;0;6.496;376.186;72.648;448.834
INOVANTI INSTITUIÇÃO DE PAGAMENTO S.A.;37511258;INOVANTI IP - PRUDENCIAL;;87456;n4;2;41;SAO PAULO;SP;06/2024;0;0;0;0;432.507;0;432.507;0;0;0;0;0;0;0;0;432.507;0;6.110;438.617;7.819;446.437
COOPERATIVA DE CRÉDITO E INVESTIMENTO COM INTERAÇÃO SOLIDÁRIA VALE DAS ÁGUAS PR/MG - CRESOL VALE DAS ÁGUAS PR/MG;4663561;;;;b3S;2;9;LARANJEIRAS DO SUL;PR;06/2024;51.359;17.400;0;119.783;0;0;188.542;0;0;0;0;0;0;0;2.595;191.137;0;169.568;360.705;84.877;445.582
COOPERATIVA DE CRÉDITO DE LIVRE ADMISSÃO DE RIO VERDE E REGIÃO LTDA.;9033698;;;;b3S;2;9;RIO VERDE;GO;06/2024;74.208;0;0;190.688;0;0;264.897;0;2.213;24.550;0;0;0;26.764;30.574;322.234;0;48.067;370.301;74.786;445.087
COOPERATIVA DE CRÉDITO DE LIVRE ADMISSÃO UNIÃO DO CENTRO OESTE DE MINAS LTDA - SICOOB CREDESP;1703620;;;;b3S;2;9;BOM DESPACHO;MG;06/2024;81.723;0;0;273.408;0;0;355.131;0;7.405;0;0;0;0;7.405;1.692;364.228;0;13.095;377.323;63.960;441.283
COOPERATIVA E ECONOMIA E CRÉDITO MÚTUO DOS MÉDICOS DO PLANALTO MÉDIO DO RIO GRANDE DO SUL LTDA. - CREDISIS/CREDIPLAN;97259253;;;;b3S;2;9;PASSO FUNDO;RS;06/2024;62.881;0;0;325.783;0;0;388.665;0;0;10.125;0;0;0;10.125;0;398.790;0;6.027;404.817;34.589;439.406
AL5 S.A. CRÉDITO, FINANCIAMENTO E INVESTIMENTO;27214112;AL5 S.A. CFI - PRUDENCIAL;;84734;n1;2;14;CUIABA;MT;06/2024;0;0;0;129.946;6.850;0;136.796;0;0;123.875;0;0;86.786;210.661;0;347.457;0;8.481;355.937;83.458;439.396
COOPERATIVA DE CRÉDITO DA REGIÃO CENTRAL DE MINAS LTDA. - SICOOB UNIÃO CENTRAL;22749014;;;;b3S;2;9;PARAOPEBA;MG;06/2024;91.220;0;0;189.437;0;0;280.657;0;0;35.558;0;0;0;35.558;0;316.214;0;47.241;363.456;75.435;438.891
COOPERATIVA DE CRÉDITO, POUPANÇA E INVESTIMENTO DA REGIÃO DAS FLORES, DAS ÁGUAS E DOS VENTOS SP - SICREDI FORÇA DOS VENTOS SP;57647653;;;;b3S;2;9;JAGUARIUNA;SP;06/2024;55.854;0;44.854;231.798;0;0;332.507;0;6.664;0;0;0;0;6.664;1;339.171;0;61.209;400.380;38.052;438.432
COOPERATIVA DE CRÉDITO CREDIALP LTDA - SICOOB CREDIALP;25353939;;;;b3S;2;9;ALPINOPOLIS;MG;06/2024;59.247;0;0;112.448;0;616;172.310;0;0;38.309;0;0;0;38.309;34.740;245.358;0;131.368;376.726;56.957;433.683
COOPERATIVA DE CRÉDITO E INVESTIMENTO COM INTERAÇÃO SOLIDÁRIA ATIVA - CRESOL ATIVA;7946451;;;;b3S;2;9;TANGARA;SC;06/2024;38.905;28.823;0;170.958;0;0;238.686;0;0;0;0;0;0;0;0;238.686;0;139.013;377.699;52.497;430.196
COOPERATIVA DE CRÉDITO E INVESTIMENTO COM INTERAÇÃO SOLIDÁRIA ALTO VALE - CRESOL ALTO VALE;7465539;;;;b3S;2;9;WITMARSUM;SC;06/2024;32.065;22.091;0;161.931;0;0;216.087;0;0;0;0;0;0;0;5.817;221.904;0;145.129;367.033;61.579;428.612
COOPERATIVA DE CRÉDITO DE LIVRE ADMISSÃO DE ASSOCIADOS URUBICI - SICOOB CREDIARAUCÁRIA/SC;2587492;;;;b3S;2;9;URUBICI;SC;06/2024;76.000;0;0;190.665;0;0;266.665;0;4.710;38.852;0;0;0;43.563;724;310.952;0;55.424;366.376;61.073;427.449
COOPERATIVA DE ECONOMIA E CRÉDITO MÚTUO DOS INTEGRANTES DO MINISTÉRIO PÚBLICO E DA DEFENSORIA PÚBLICA NO ESTADO DO RIO DE JANEIRO LIMITADA. - SICOOB COMPERJ;4694278;;;;b3S;2;9;RIO DE JANEIRO;RJ;06/2024;24.455;0;0;355.526;0;0;379.981;0;0;0;0;0;0;0;0;379.981;0;5.533;385.513;40.764;426.277
VIA CERTA FINANCIADORA S.A. - CRÉDITO, FINANCIAMENTO E INVESTIMENTOS;5192316;VIA CERTA CFI - PRUDENCIAL;;80831;n1;2;14;SANTO CRISTO;RS;06/2024;12;0;0;140.402;0;0;140.414;0;0;0;53.524;0;156.692;210.216;0;350.630;0;34.650;385.280;40.718;425.998
PAN FINANCEIRA S.A. - CRÉDITO, FINANCIAMENTO E INVESTIMENTOS;2682287;BTG PACTUAL - PRUDENCIAL;49944;80336;n1;2;14;RIO DE JANEIRO;RJ;06/2024;0;0;0;0;0;0;0;0;0;0;0;0;0;0;0;0;0;82.731;82.731;342.963;425.694
AGROLEND SOCIEDADE DE CREDITO, FINANCIAMENTO E INVESTIMENTO S.A.;43774196;AGROLEND SCFI - PRUDENCIAL;;85867;n1;2;14;SAO PAULO;SP;06/2024;0;0;0;0;0;0;0;0;0;235.409;0;0;0;235.409;0;235.409;0;2.683;238.092;183.974;422.066
COOPERATIVA DE CRÉDITO UNIPRIME SUL;1572667;;;;b3S;2;9;ERECHIM;RS;06/2024;22.417;0;0;252.432;0;0;274.850;0;91.526;0;5.893;0;0;97.419;0;372.268;0;4.550;376.819;41.882;418.700
ÓRAMA DISTRIBUIDORA DE TÍTULOS E VALORES MOBILIÁRIOS S.A.;13293225;BTG PACTUAL - PRUDENCIAL;49944;80336;n2;2;16;RIO DE JANEIRO;RJ;06/2024;0;0;0;0;0;239.267;239.267;0;0;0;0;0;0;0;0;239.267;0;59.511;298.777;119.231;418.008
COOPERATIVA DE CRÉDITO DA REGIÃO E COLAR METROPOLITANO DO VALE DO AÇO LTDA. - SICOOB COSMIPA;17361536;;;;b3S;2;9;IPATINGA;MG;06/2024;75.092;0;0;202.659;0;22;277.773;0;23.125;0;0;0;0;23.125;713;301.611;0;19.881;321.492;96.030;417.522
COOPERATIVA DE CRÉDITO E INVESTIMENTO COM INTERAÇÃO SOLIDÁRIA TRANSFORMAÇÃO - CRESOL TRANSFORMAÇÃO;4261151;;;;b3S;2;9;DONA EMMA;SC;06/2024;33.321;38.315;0;154.235;0;0;225.871;0;0;0;0;0;0;0;88;225.959;0;146.392;372.351;44.200;416.552
COOPERATIVA DE CRÉDITO UNIÃO DO CENTRO OESTE DE MINAS LTDA. - SICOOB CENTRO UNIÃO;65239402;;;;b3S;2;9;CARMO DO CAJURU;MG;06/2024;74.136;0;0;216.086;0;2.940;293.162;0;0;13.631;0;0;0;13.631;0;306.792;0;47.681;354.473;60.439;414.912
COOPERATIVA DE CRÉDITO CREDIRAMA LTDA - SICOOB CREDIRAMA;3412878;;;;b3S;2;9;ITURAMA;MG;06/2024;92.658;0;0;79.237;0;1;171.896;0;0;49.060;0;0;0;49.060;15.381;236.337;0;80.951;317.288;96.510;413.798
BANQI INSTITUICAO DE PAGAMENTO LTDA.;30723871;BANQI IP - PRUDENCIAL;;85829;n4;2;41;SAO PAULO;SP;06/2024;0;0;0;0;44.482;0;44.482;0;0;0;0;0;0;0;0;44.482;0;44.547;89.030;323.234;412.264
COOPERATIVA DE CRÉDITO DE LIVRE ADMISSÃO DE BOA ESPERANÇA LTDA. - SICOOB BELCREDI;869687;;;;b3S;2;9;BOA ESPERANCA;MG;06/2024;44.127;0;0;149.925;0;0;194.052;0;3.015;65.687;0;0;0;68.702;1.897;264.651;0;88.756;353.407;56.273;409.680
PLUXEE INSTITUIÇÃO DE PAGAMENTO S.A.;30798783;PLUXEE IP - PRUDENCIAL;;87889;n4;3;41;SAO PAULO;SP;06/2024;0;0;0;0;0;0;0;0;0;0;0;0;0;0;0;0;0;341.253;341.253;66.123;407.376
KREDILIG S.A. - CRÉDITO, FINANCIAMENTO E INVESTIMENTO;6040559;KREDILIG S.A. - CFI - PRUDENCIAL;;83498;n1;2;14;BIGUACU;SC;06/2024;0;0;0;39.462;0;0;39.462;0;0;0;0;0;80.893;80.893;0;120.355;0;84.326;204.681;201.465;406.146
COOPERATIVA DE CRÉDITO SACRAMENTO LTDA - SICOOB SACRAMENTO;71154256;;;;b3S;2;9;SACRAMENTO;MG;06/2024;69.039;0;0;135.114;0;0;204.153;0;12.039;29.389;0;0;0;41.429;7.195;252.777;0;102.878;355.655;48.408;404.063
COOPERATIVA DE CRÉDITO CARLOS CHAGAS LTDA. - SICOOB CARLOS CHAGAS;41753500;;;;b3S;2;9;CARLOS CHAGAS;MG;06/2024;68.649;0;0;126.876;0;206;195.731;0;0;43.273;0;0;0;43.273;0;239.004;0;62.902;301.906;98.016;399.922
COOPERATIVA DE CRÉDITO DE LIVRE ADMISSÃO SICOOB CREDIACIL;8795285;;;;b3S;2;9;LEME;SP;06/2024;86.572;0;0;246.709;0;31;333.311;0;15.252;0;0;0;0;15.252;0;348.563;0;8.681;357.244;42.463;399.707
TODESCREDI S/A - CRÉDITO, FINANCIAMENTO E INVESTIMENTO;9473806;TODESCREDI S/A - CFI - PRUDENCIAL;;83546;n1;2;14;BENTO GONCALVES;RS;06/2024;0;0;0;0;0;0;0;0;0;0;0;0;314.067;314.067;0;314.067;0;6.016;320.083;78.612;398.695
COOPERATIVA DE CRÉDITO DE LIVRE ADMISSÃO DO NOROESTE DE MINAS GERAIS LTDA.   SICOOB CREDIPINHO;71154876;;;;b3S;2;9;JOAO PINHEIRO;MG;06/2024;81.805;0;0;131.613;0;0;213.418;0;317;39.696;0;0;0;40.013;0;253.431;0;92.897;346.329;52.160;398.489
CREDIBRF - COOPERATIVA DE CRÉDITO;82096447;;;;b3S;2;9;CURITIBA;PR;06/2024;5.876;0;0;205.888;0;0;211.764;0;0;0;0;0;0;0;0;211.764;0;16.994;228.757;167.251;396.008
STRIPE BRASIL SOLUCOES DE PAGAMENTO INSTITUICAO DE PAGAMENTO LTDA;22121209;STRIPE BRASIL IP PRUDENCIAL;;86251;n4;3;41;SAO PAULO;SP;06/2024;0;0;0;0;0;0;0;0;0;0;0;0;0;0;0;0;0;372.141;372.141;22.221;394.361
COOPERATIVA DE CREDITO DE LIVRE ADMISSAO DE PITANGUI E REGIAO LTDA. - SICOOB CREDPIT;4181542;;;;b3S;2;9;PITANGUI;MG;06/2024;81.414;0;0;233.535;0;0;314.949;0;7.488;5.648;0;0;0;13.136;0;328.085;0;16.940;345.025;48.598;393.623
COOPERATIVA DE CRÉDITO E ECONOMIA COM INTERAÇÃO SOLIDÁRIA - CRESOL ALIANÇA;7412987;;;;b3S;2;9;PINHALZINHO;SC;06/2024;35.467;9.330;0;177.761;0;0;222.557;0;0;0;0;0;0;0;2.336;224.894;0;126.800;351.694;41.693;393.387
BANCO MASTER MÚLTIPLO S.A.;33884941;BANCO MASTER - PRUDENCIAL;50201;80367;b1;2;8;RIO DE JANEIRO;RJ;06/2024;0;0;0;0;0;0;0;0;0;0;0;0;0;0;0;0;0;81.952;81.952;308.033;389.985
CCB BRASIL ARRENDAMENTO MERCANTIL S/A.;69720910;CCB - PRUDENCIAL;32119;80295;n1;3;19;SAO PAULO;SP;06/2024;0;0;0;0;0;0;0;0;0;0;0;0;0;0;0;0;0;182.010;182.010;207.241;389.250
COOPERATIVA DE CRÉDITO DE LIVRE ADMISSÃO DO ESTADO DO ACRE LTDA.;1608685;;;;b3S;2;9;RIO BRANCO;AC;06/2024;59.231;0;0;134.472;0;0;193.702;0;0;35.530;0;0;0;35.530;0;229.232;0;110.285;339.517;48.497;388.014
COOPERATIVA DE CRÉDITO DE LIVRE ADMISSÃO DO SUL CATARINENSE - ACENTRA;3427097;;;;b3S;2;9;CRICIUMA;SC;06/2024;49.222;0;0;156.560;0;712;206.494;0;19.411;0;0;0;0;19.411;62.248;288.153;0;40.655;328.808;52.113;380.921
COOPERATIVA DE CRÉDITO E INVESTIMENTO COM INTERAÇÃO SOLIDÁRIA PLANALTO SUL - CRESOL PLANALTO SUL;2766672;;;;b3S;2;9;SAO JOAQUIM;SC;06/2024;44.742;26.110;0;130.939;0;0;201.790;0;0;0;0;0;0;0;0;201.790;0;125.105;326.895;52.555;379.450
BANCO VR S.A.;78626983;VR - PRUDENCIAL;50524;80408;b1;2;8;SAO PAULO;SP;06/2024;7.320;0;6.066;240.822;8;0;254.217;0;0;0;0;0;0;0;0;254.217;0;89.267;343.483;35.371;378.854
BNY MELLON SERVIÇOS FINANCEIROS DISTRIBUIDORA DE TÍTULOS E VALORES MOBILIÁRIOS S.A.;2201501;BNY MELLON - PRUDENCIAL;51808;80910;n2;3;16;RIO DE JANEIRO;RJ;06/2024;0;0;0;0;0;0;0;0;0;0;0;0;0;0;0;0;0;133.084;133.084;242.887;375.971
COOPERATIVA DE CRÉDITO DO VALE DO ITAJAÍ E VALE DO ITAPOCÚ - SICOOB MULTICREDI;2883398;;;;b3S;2;9;BLUMENAU;SC;06/2024;70.060;0;0;210.549;0;0;280.608;0;3.188;0;0;0;0;3.188;1.055;284.851;0;9.222;294.073;81.358;375.431
COOPERATIVA DE CRÉDITO E INVESTIMENTO COM INTERAÇÃO SOLIDÁRIA DE GOIÁS - CRESOL GOIÁS;4490531;;;;b3S;2;9;ORIZONA;GO;06/2024;34.999;3.436;20.341;107.040;0;0;165.816;0;0;0;0;0;0;0;7.032;172.849;0;132.253;305.102;69.402;374.504
COOPERATIVA DE CRÉDITO DOS INTEGRANTES DO PODER JUDICIÁRIO E DO MINISTÉRIO PÚBLICO DO ESTADO DE MINAS GERAIS LTDA. - SICOOB JUS-MP;3519240;;;;b3S;2;9;BELO HORIZONTE;MG;06/2024;25.697;0;0;274.119;0;0;299.816;0;0;0;0;0;0;0;0;299.816;0;4.946;304.762;64.912;369.674
COOPERATIVA DE CRÉDITO NOSSA SENHORA DO DESTERRO - SICOOB CREDISC;3419786;;;;b3S;2;9;FLORIANOPOLIS;SC;06/2024;95.782;0;0;219.610;0;1.821;317.213;0;0;0;0;0;0;0;556;317.769;0;7.361;325.131;44.215;369.345
COOPERATIVA DE CRÉDITO UNICRED AMPLA LTDA - UNICRED AMPLA;71163315;;;;b3S;2;9;SETE LAGOAS;MG;06/2024;58.364;0;0;170.729;0;0;229.093;0;46.368;0;5.393;0;0;51.761;0;280.854;0;29.392;310.246;59.062;369.308
COOPERATIVA DE CREDITO CREDIAGRO LTDA. - SICOOB CREDIAGRO;429890;;;;b3S;2;9;CAMPOS ALTOS;MG;06/2024;61.270;0;0;94.925;0;0;156.194;0;0;34.184;0;0;0;34.184;3.379;193.757;0;122.354;316.111;53.088;369.199
CREDISAN COOPERATIVA DE CRÉDITO;62109566;;;;b3S;2;9;SAO JOAO DA BOA VISTA;SP;06/2024;60.562;0;650;225.676;0;0;286.888;0;0;0;0;0;0;0;0;286.888;0;29.934;316.821;52.072;368.893
COOPERATIVA DE CRÉDITO DOS PROFISSIONAIS DA SAÚDE E LIVRE ADMISSÃO DO SUL DE MINAS LTDA;71418784;;;;b3S;2;9;VARGINHA;MG;06/2024;52.468;0;0;231.593;0;0;284.061;0;11.074;0;643;0;0;11.717;0;295.778;0;25.170;320.948;45.450;366.398
COOPERATIVA DE CREDITO DO MERCADO IMOBILIÁRIO - SICOOB IMOB.VC;14913919;;;;b3S;2;9;BELO HORIZONTE;MG;06/2024;66.878;0;0;225.249;0;0;292.127;0;16.954;0;0;0;0;16.954;0;309.081;0;6.644;315.726;50.109;365.835
COOPERATIVA DE CRÉDITO DE LIVRE ADMISSÃO DE ANÁPOLIS E REGIÃO LTDA;33615055;;;;b3S;2;9;ANAPOLIS;GO;06/2024;86.437;0;0;159.199;0;0;245.636;0;3.731;20.635;0;0;0;24.366;938;270.940;0;18.084;289.024;76.423;365.448
SEM PARAR SOCIEDADE DE CRÉDITO DIRETO S.A.;45879000;SEM PARAR SCD - PRUDENCIAL;;86158;n1;3;43;SAO PAULO;SP;06/2024;0;0;0;0;0;0;0;0;0;0;0;0;0;0;0;0;0;21.896;21.896;343.110;365.006
COOPERATIVA DE CRÉDITO DE LIVRE ADMISSÃO DE PITANGUI, PAPAGAIOS, MARAVILHAS E REGIÃO LTDA. - SICOOB CREDICOOP;41931221;;;;b3S;2;9;PITANGUI;MG;06/2024;57.085;0;0;196.247;0;0;253.333;0;0;20.420;0;0;0;20.420;0;273.753;0;44.404;318.157;46.553;364.710
COOPERATIVA DE CRÉDITO CREDIBELO LTDA. - SICOOB CREDIBELO;71237184;;;;b3S;2;9;CAMPO BELO;MG;06/2024;82.131;0;0;141.428;0;139;223.697;0;1.807;27.622;0;0;0;29.429;0;253.126;0;67.478;320.604;43.575;364.179
COOPERATIVA DE CRÉDITO DE LIVRE ADMISSÃO DE PIRACANJUBA LTDA. - SICOOB CERRADO;5222094;;;;b3S;2;9;PIRACANJUBA;GO;06/2024;74.636;0;0;69.871;0;0;144.506;0;0;69.099;0;0;0;69.099;30.339;243.945;0;70.846;314.791;48.782;363.573
SOCINAL S.A. - CRÉDITO, FINANCIAMENTO E INVESTIMENTO;3881423;SOCINAL S.A. CFI - PRUDENCIAL;;83577;n1;2;14;ARARUAMA;RJ;06/2024;0;0;0;221.444;11.642;0;233.086;0;0;0;0;0;69.072;69.072;0;302.158;0;6.747;308.905;52.417;361.322
BARI COMPANHIA HIPOTECÁRIA;14511781;BANCO BARI DE INVESTIMENTO E FINANCI. - PRUDENCIAL;51774;80893;n1;2;29;CURITIBA;PR;06/2024;0;0;0;0;0;0;0;0;250.961;0;0;0;0;250.961;83;251.044;0;40.443;291.487;69.412;360.899
NUPAY FOR BUSINESS INSTITUICAO DE PAGAMENTO LTDA.;32219232;NU PAGAMENTOS - PRUDENCIAL;;84693;n4;2;41;SAO PAULO;SP;06/2024;0;0;0;0;27.839;0;27.839;0;0;0;0;0;0;0;0;27.839;0;182.183;210.021;149.207;359.228
COOPERATIVA DE CRÉDITO DE LIVRE ADMISSÃO DO CENTRO-SUL GOIANO LTDA;33579731;;;;b3S;2;9;MORRINHOS;GO;06/2024;76.015;0;0;98.942;0;0;174.957;0;104;45.469;0;0;0;45.572;461;220.991;0;71.816;292.807;66.182;358.989
COOPERATIVA DE CRÉDITO DE LIVRE ADMISSÃO DO ESTADO DE GOIÁS;4406371;;;;b3S;2;9;GOIANIA;GO;06/2024;84.245;0;0;155.661;0;0;239.906;0;10.194;16.406;0;0;0;26.600;0;266.506;0;46.774;313.281;45.011;358.292
COOPERATIVA DE CRÉDITO SICOOB COSTA DO DESCOBRIMENTO LTDA.;1205736;;;;b3S;2;9;ITAMARAJU;BA;06/2024;114.726;0;0;120.616;0;0;235.341;0;0;26.614;0;0;0;26.614;0;261.955;0;47.540;309.496;48.446;357.942
OLIVEIRA TRUST DISTRIBUIDORA DE TÍTULOS E VALORES MOBILIARIOS S.A.;36113876;OLIVEIRA TRUST DTVM S.A. - PRUDENCIAL;;84040;n2;2;16;RIO DE JANEIRO;RJ;06/2024;0;0;0;0;203.895;0;203.895;0;0;0;0;0;0;0;32;203.927;0;79.679;283.606;73.382;356.988
COOPERATIVA DE CRÉDITO DOS SERVIDORES MILITARES, POLÍCIA CIVIL E DA SECRETARIA DE EDUCAÇÃO DO ESTADO DE MINAS GERAIS LTDA - SICOOB COOPEMG;3269540;;;;b3S;2;9;BELO HORIZONTE;MG;06/2024;24.993;0;0;181.107;0;7;206.107;0;338;0;0;0;0;338;72.914;279.359;0;6.533;285.892;70.349;356.241
COOPERATIVA DE CRÉDITO RURAL DE IRAÍ DE MINAS LTDA -SICOOB CREDIMIL;71207740;;;;b3S;2;9;IRAI DE MINAS;MG;06/2024;44.581;0;0;155.871;0;0;200.452;0;0;0;0;0;0;0;0;200.452;0;98.358;298.810;56.177;354.987
COOPERATIVA DE CRÉDITO DO VALE DO SÃO FRANCISCO - SICREDI VALE DO SÃO FRANCISCO;4237413;;;;b3S;2;9;PETROLINA;PE;06/2024;69.167;0;7.931;194.405;0;7;271.510;0;0;0;0;0;0;0;0;271.510;0;32.364;303.874;50.734;354.608
COOPERATIVA DE CRÉDITO UNICRED COOMARCA LTDA. - COOMARCA;4355489;;;;b3S;2;9;FLORIANOPOLIS;SC;06/2024;36.172;0;0;248.963;0;373;285.508;0;10.677;0;0;0;0;10.677;0;296.185;0;19.754;315.939;33.919;349.858
AGORACRED S/A SOCIEDADE DE CRÉDITO, FINANCIAMENTO E INVESTIMENTO;36321990;AGORACRED S/A SCFI - PRUDENCIAL;;83618;n1;2;14;VITORIA;ES;06/2024;0;0;0;92.593;0;0;92.593;0;0;0;0;0;158.148;158.148;0;250.741;0;19.300;270.041;76.851;346.892
COOPERATIVA DE CRÉDITO DO VALE EUROPEU - SICOOB EURO VALE;82133182;;;;b3S;2;9;TIMBO;SC;06/2024;63.669;0;0;207.550;0;0;271.219;0;11.925;2.000;0;0;0;13.925;1.960;287.105;0;14.882;301.986;44.471;346.457
BANCO LOSANGO S.A. - BANCO MÚLTIPLO;33254319;BRADESCO - PRUDENCIAL;10045;80075;b2;2;8;OSASCO;SP;06/2024;0;0;0;0;0;0;0;0;0;0;0;0;0;0;0;0;0;106.449;106.449;238.958;345.406
UNIPRIME DO IGUAÇU - COOPERATIVA DE CRÉDITO, POUPANÇA E INVESTIMENTO;1848322;;;;b3S;2;9;PATO BRANCO;PR;06/2024;36.882;922;0;205.320;0;1.634;244.758;0;56.937;0;0;0;0;56.937;0;301.696;0;4.008;305.704;38.986;344.690
SANTINVEST S.A. - CREDITO, FINANCIAMENTO E INVESTIMENTOS;122327;SANTINVEST - PRUDENCIAL;;80446;n1;2;14;FLORIANOPOLIS;SC;06/2024;0;0;10.023;115.663;0;0;125.686;0;0;0;0;0;57.139;57.139;0;182.825;0;8.561;191.386;152.949;344.335
COOPERATIVA DE CRÉDITO DE LIVRE ADMISSÃO E DOS ADVOGADOS LTDA. - SICOOB CREDIJUR;2480577;;;;b3S;2;9;GOIANIA;GO;06/2024;81.509;0;0;168.523;0;548;250.581;0;18.679;0;0;0;0;18.679;0;269.260;0;6.233;275.493;68.139;343.632
COOPERATIVA DE CREDITO DO PLANALTO SUL - SICOOB CREDISSERRANA;3033469;;;;b3S;2;9;LAGES;SC;06/2024;50.154;0;0;162.240;0;0;212.394;0;1.932;35.819;0;0;0;37.750;427;250.571;0;55.824;306.394;36.747;343.141
SUMUP SOCIEDADE DE CRÉDITO DIRETO S.A.;37241230;SUMUP IP - PRUDENCIAL;;85238;n1;3;43;SAO PAULO;SP;06/2024;0;0;0;0;250.868;0;250.868;0;0;0;0;0;0;0;0;250.868;0;20.643;271.512;66.645;338.156
COOPERATIVA DE CRÉDITO CREDINORTE LTDA. - SICOOB CREDINORTE;64276058;;;;b3S;2;9;NANUQUE;MG;06/2024;69.731;0;0;82.336;0;6;152.074;0;0;44.053;0;0;0;44.053;0;196.127;0;53.119;249.246;86.471;335.717
PINBANK BRASIL INSTITUIÇÃO DE PAGAMENTO S.A.;17079937;PINBANK BRASIL IP - PRUDENCIAL;;86361;n4;3;41;SAO PAULO;SP;06/2024;0;0;0;0;221.623;0;221.623;0;0;0;0;0;0;0;0;221.623;0;75.586;297.210;35.740;332.950
COOPERATIVA DE CRÉDITO DOS SERVIDORES DOS PODERES LEGISLATIVOS DO ESTADO DE MINAS GERAIS E DO SEU ÓRGÃO AUXILIAR E DE LIVRE ADMISSÃO LTDA. - SICOOB COFAL;21797311;;;;b3S;2;9;BELO HORIZONTE;MG;06/2024;26.957;0;0;238.639;0;2.227;267.824;0;0;0;0;0;0;0;0;267.824;0;6.675;274.499;57.964;332.463
COOPERATIVA DE CRÉDITO DE LIVRE ADMISSÃO DO CENTRO SUL DE MATO GROSSO DO SUL - SICOOB CENTRO SUL MS;10319386;;;;b3S;2;9;DOURADOS;MS;06/2024;57.290;0;0;142.963;0;0;200.253;0;25;8.150;0;0;0;8.176;39.896;248.324;0;38.395;286.719;45.624;332.344
COOPERATIVA DE CRÉDITO E ECONOMIA COM INTERAÇÃO SOLIDÁRIA - CRESOL INTERAÇÃO;8055016;;;;b3S;2;9;XAVANTINA;SC;06/2024;22.835;14.244;0;115.065;0;0;152.143;0;0;0;0;0;0;0;0;152.143;0;139.478;291.621;38.771;330.392
COOPERATIVA DE CRÉDITO E INVESTIMENTO COM INTERAÇÃO SOLIDÁRIA ALTERNATIVA - CRESOL ALTERNATIVA;7215632;;;;b3S;2;9;RIO DO SUL;SC;06/2024;21.633;14.316;0;133.526;0;0;169.475;0;0;0;0;0;0;0;13.430;182.905;0;114.802;297.707;31.322;329.029
BANCO MERCANTIL DE INVESTIMENTOS S/A;34169557;MERCANTIL DO BRASIL - PRUDENCIAL;20152;80123;b2;2;13;BELO HORIZONTE;MG;06/2024;0;0;24.668;147.616;0;0;172.284;0;0;842;0;0;0;842;0;173.125;0;17.885;191.011;137.896;328.907
COOPERATIVA DE CRÉDITO DA GRANDE FLORIANÓPOLIS - ÚNILOS;2405189;;;;b3S;2;9;FLORIANOPOLIS;SC;06/2024;68.581;0;0;196.036;0;72;264.689;0;12.077;0;0;0;0;12.077;0;276.766;0;6.840;283.606;44.949;328.554
COOPERATIVA DE CRÉDITO SICOOB CONFIANÇA;7097064;;;;b3S;2;9;MARECHAL CANDIDO RONDON;PR;06/2024;51.440;0;0;154.506;0;405;206.351;0;8.017;40.760;0;0;0;48.777;122;255.250;0;39.180;294.430;32.524;326.953
COOPERATIVA DE ECONOMIA E CRÉDITO MÚTUO DOS SERVIDORES DO PODER JUDICIÁRIO, DO TRIBUNAL DE CONTAS ESTADUAL E DEMAIS ÓRGÃOS PÚBLICOS MUNICIPAIS, ESTADUAIS E FEDERAIS NO ESTADO DO RIO DE JANEIRO LTDA.;2000895;;;;b3S;2;9;RIO DE JANEIRO;RJ;06/2024;29.024;0;0;188.843;0;82;217.949;0;0;0;0;0;0;0;0;217.949;0;13.652;231.600;93.872;325.472
COOPERATIVA DE CRÉDITO DE LIVRE ADMISSÃO DE PEDRO LEOPOLDO LTDA - SICOOB CREDIPEL;71441406;;;;b3S;2;9;PEDRO LEOPOLDO;MG;06/2024;73.325;0;0;184.936;0;0;258.262;0;0;3.743;0;0;0;3.743;1.250;263.255;0;19.260;282.515;41.957;324.472
AGÊNCIA DE FOMENTO DO ESTADO DO AMAZONAS S.A. - AFEAM;3183937;AFEAM - PRUDENCIAL;;81108;n1;1;30;MANAUS;AM;06/2024;0;0;0;0;0;0;0;0;0;0;0;0;0;0;9.801;9.801;0;194.151;203.951;116.860;320.811
SIMPALA S.A. CRÉDITO, FINANCIAMENTO E INVESTIMENTO;34991938;SIMPALA CFI - PRUDENCIAL;;85070;n1;2;14;PORTO ALEGRE;RS;06/2024;0;0;0;304.739;0;0;304.739;0;0;0;0;0;0;0;0;304.739;0;8.336;313.075;5.313;318.388
COOPERATIVA DE CRÉDITO E ECONOMIA COM INTERAÇÃO SOLIDÁRIA - CRESOL ENCOSTAS DA SERRA GERAL;3485130;;;;b3S;2;9;SANTA ROSA DE LIMA;SC;06/2024;33.102;16.446;0;159.524;0;0;209.072;0;0;0;0;0;0;0;0;209.072;0;83.310;292.383;25.928;318.311
COOPERATIVA DE CREDITO, POUPANCA E INVESTIMENTO DO RIO DE JANEIRO - SICREDI RIO RJ;72128440;;;;b3S;2;9;RIO DE JANEIRO;RJ;06/2024;38.793;0;5.338;195.533;0;0;239.665;0;0;0;0;0;0;0;1;239.665;0;20.934;260.599;56.954;317.553
COOPERATIVA DE CRÉDITO CREDIVAZ LTDA. - SICOOB CREDIVAZ;803287;;;;b3S;2;9;VAZANTE;MG;06/2024;57.739;0;0;88.409;0;0;146.148;0;0;54.955;0;0;0;54.955;21.379;222.482;0;33.299;255.781;61.479;317.260
COOPERATIVA DE CRÉDITO DE LIVRE ADMISSÃO DE CARMO DO RIO CLARO LTDA - SICOOB CREDICARMO;25743311;;;;b3S;2;9;CARMO DO RIO CLARO;MG;06/2024;44.502;0;0;74.318;0;15;118.835;0;91;40.801;0;0;0;40.893;43.382;203.110;0;50.094;253.204;63.267;316.471
SUPERLÓGICA SOCIEDADE DE CRÉDITO DIRETO S.A.;43599047;SUPERLÓGICA SCD PRUDENCIAL;;85843;n1;2;43;BARUERI;SP;06/2024;0;0;0;0;301.564;0;301.564;0;0;0;0;0;0;0;0;301.564;0;4.035;305.598;8.813;314.411
COOPERATIVA DE CRÉDITO DE LIVRE ADMISSÃO DE ASSOCIADOS DO PLANALTO SERRANO - SICOOB CREDISERRA SC;1692448;;;;b3S;2;9;URUPEMA;SC;06/2024;47.747;0;0;84.902;0;0;132.650;0;0;52.316;0;0;0;52.316;540;185.507;0;77.593;263.100;48.862;311.961
COOPERATIVA DE ECONOMIA E CRÉDITO MÚTUO DO VALE DAS ANTAS LTDA. - UNICRED PIONEIRA;94243839;;;;b3S;2;9;CASCA;RS;06/2024;23.586;0;0;149.443;0;0;173.030;0;87.122;0;11.455;0;0;98.577;0;271.606;0;6.544;278.150;31.227;309.377
COOPERATIVA DE CRÉDITO RURAL DE ABELARDO LUZ - SULCREDI/CREDILUZ;1073966;;;;b3S;2;9;ABELARDO LUZ;SC;06/2024;21.866;0;0;163.861;0;0;185.727;0;0;0;0;0;0;0;59.142;244.870;0;6.163;251.032;56.387;307.419
COOPERATIVA DE CRÉDITO SICOOB COOPMIL;62673470;;;;b3S;2;9;SAO PAULO;SP;06/2024;10.010;0;0;129.130;0;0;139.140;0;0;11.213;0;0;0;11.213;55.814;206.167;0;11.013;217.181;89.845;307.025
COOPERATIVA DE CRÉDITO E ECONOMIA COM INTERAÇÃO SOLIDÁRIA CRESOL EVOLUÇÃO;2844024;;;;b3S;2;9;DIONISIO CERQUEIRA;SC;06/2024;21.940;12.821;0;121.148;0;0;155.909;0;0;0;0;0;0;0;7.009;162.918;0;105.963;268.882;35.380;304.261
COOPERATIVA DE CRÉDITO E INVESTIMENTO COM INTERAÇÃO SOLIDÁRIA CENTRO NORTE - CRESOL CENTRO NORTE;5211129;;;;b3S;2;9;MARCELINO RAMOS;RS;06/2024;19.869;13.493;0;118.409;0;0;151.771;0;0;0;0;0;0;0;13.667;165.437;0;107.423;272.861;29.563;302.424
COOPERATIVA DE CRÉDITO E ECONOMIA COM INTERAÇÃO SOLIDÁRIA - CRESOL MAIS;5269976;;;;b3S;2;9;QUILOMBO;SC;06/2024;25.266;17.260;0;113.410;0;0;155.936;0;0;0;0;0;0;0;0;155.936;0;106.779;262.714;38.834;301.548
COOPERATIVA DE CRÉDITO, POUPANÇA E INVESTIMENTO SICREDI CENTRO PERNAMBUCANA;41255225;;;;b3S;2;9;CARUARU;PE;06/2024;47.979;0;6.939;159.970;0;12;214.901;0;0;0;0;0;0;0;987;215.888;0;20.965;236.853;63.245;300.097
FINAMAX S.A. - CREDITO, FINANCIAMENTO E INVESTIMENTO;411939;FINAMAX S.A. CFI - PRUDENCIAL;;83436;n1;2;14;JUNDIAI;SP;06/2024;0;0;0;137.363;0;0;137.363;0;0;0;0;0;124.798;124.798;0;262.161;0;4.547;266.708;29.873;296.581
VIC-DISTRIBUIDORA DE TITULOS E VALORES MOBILIARIOS S/A;14388516;VIC DTVM S/A - PRUDENCIAL;;84002;n2;2;16;RIO DE JANEIRO;RJ;06/2024;0;0;0;0;0;0;0;0;0;0;0;0;0;0;0;0;2.953;94.335;97.288;199.266;296.554
ONEKEY PAYMENTS INSTITUICAO DE PAGAMENTO SA;35210410;ONEKEY PAYMENTS IP - PRUDENCIAL;;87535;n4;3;41;BARUERI;SP;06/2024;0;0;0;0;288.045;0;288.045;0;0;0;0;0;0;0;0;288.045;0;1.828;289.873;6.522;296.395
COOPERATIVA DE ECONOMIA E CRÉDITO MÚTUO NOS ESTADOS DE ALAGOAS, SERGIPE E BAHIA - SICOOB LESTE;2493000;;;;b3S;2;9;MACEIO;AL;06/2024;74.743;0;0;138.822;0;664;214.230;0;489;0;0;0;0;489;0;214.718;0;18.364;233.082;61.309;294.390
NEGRESCO S.A. - CREDITO, FINANCIAMENTO E INVESTIMENTOS;4379829;NEGRESCO S.A. - CFI - PRUDENCIAL;;83450;n1;2;14;CURITIBA;PR;06/2024;7;0;0;0;0;0;7;0;0;0;0;0;177.702;177.702;0;177.709;0;21.038;198.747;93.761;292.508
COOPERATIVA DE ECONOMIA E CRÉDITO MÚTUO UNICRED HORIZONTES LTDA - UNICRED HORIZONTES;1526924;;;;b3S;2;9;IJUI;RS;06/2024;31.416;0;0;149.407;0;0;180.822;0;37.150;0;0;0;0;37.150;0;217.972;0;14.995;232.967;58.748;291.715
COOPERATIVA DE CRÉDITO, POUPANÇA E INVESTIMENTO DOS JUÍZES E CARREIRAS PÚBLICAS DO DIREITO DO ESTADO DO RIO GRANDE DO SUL - SICREDI AJURIS RS;3750034;;;;b3S;2;9;PORTO ALEGRE;RS;06/2024;14.293;0;34.569;205.322;0;929;255.112;0;0;0;0;0;0;0;0;255.112;0;9.038;264.150;22.900;287.051
SICREDI CREDUNI - COOPERATIVA DE ECONOMIA E CRÉDITO MÚTUO DOS SERV DAS INST PÚBLICAS DE ENSINO SUPERIOR DO ESTADO DA PARAÍBA E DAS DEMAIS INSTITUIÇÕES E ÓRGÃOS PÚBLICOS NO ESTADO DA PARAÍBA;3428338;;;;b3S;2;9;CAMPINA GRANDE;PB;06/2024;16.662;0;6.376;157.758;0;0;180.796;0;0;0;0;0;0;0;12.472;193.268;0;26.715;219.983;65.601;285.584
HS FINANCEIRA S/A CREDITO, FINANCIAMENTO E INVESTIMENTOS;7512441;HS FINANCEIRA - PRUDENCIAL;;83522;n1;2;14;DOIS IRMAOS;RS;06/2024;0;0;0;9.780;0;0;9.780;0;0;0;0;0;162.193;162.193;0;171.973;0;48.892;220.865;64.685;285.550
COOPERATIVA DE CRÉDITO DE LIVRE ADMISSÃO CREDFAZ LTDA. - SICOOB CREDFAZ;952415;;;;b3S;2;9;BRASILIA;DF;06/2024;33.866;0;0;120.317;0;190;154.374;0;760;0;0;0;0;760;9.161;164.295;0;11.873;176.168;109.049;285.218
COOPERATIVA DE CRÉDITO DE LIVRE ADMISSÃO DE CAMPOS GERAIS E CAMPO DO MEIO LTDA - SICOOB CREDCAM;71146450;;;;b3S;2;9;CAMPOS GERAIS;MG;06/2024;39.844;0;0;90.264;0;0;130.108;0;0;18.079;0;0;0;18.079;0;148.187;0;100.382;248.569;36.549;285.118
COOPERATIVA DE CRÉDITO E INVESTIMENTO COM INTERAÇÃO SOLIDÁRIA NASCENTE - CRESOL NASCENTE;5494591;;;;b3S;2;9;ALFREDO WAGNER;SC;06/2024;28.843;8.298;0;94.656;0;0;131.797;0;0;0;0;0;0;0;0;131.797;0;118.207;250.004;34.697;284.700
BGC LIQUIDEZ DISTRIBUIDORA DE TÍTULOS E VALORES MOBILIÁRIOS LTDA;33862244;BGC LIQUIDEZ DTVM LTDA - PRUDENCIAL;;84033;n2;3;16;RIO DE JANEIRO;RJ;06/2024;0;0;0;0;0;0;0;0;0;0;0;0;0;0;0;0;0;88.806;88.806;195.862;284.667
IDEAL CORRETORA DE TÍTULOS E VALORES MOBILIÁRIOS S.A.;31749596;ITAU - PRUDENCIAL;10069;80099;n2;2;15;SAO PAULO;SP;06/2024;0;0;0;0;0;24;24;0;0;0;0;0;0;0;0;24;0;12.386;12.410;271.082;283.492
COOPERATIVA DE ECONOMIA E CRÉDITO MÚTUO - SICOOB COOPERAC;8071414;;;;b3S;2;9;RIBEIRAO PRETO;SP;06/2024;65.667;0;0;179.520;0;0;245.187;0;0;0;0;0;0;0;0;245.187;0;6.184;251.371;30.462;281.833
COOPERATIVA DE CREDITO DE LIVRE ADMISSÃO DO VALE DO GORUTUBA LTDA - SICOOB CREDIVAG;25404542;;;;b3S;2;9;JANAUBA;MG;06/2024;59.789;0;0;112.164;0;27;171.980;0;0;18.571;0;0;0;18.571;0;190.551;0;33.085;223.636;57.735;281.371
CREDIALIANÇA COOPERATIVA DE CRÉDITO RURAL;78157146;;;;b3S;2;9;ROLANDIA;PR;06/2024;47.034;0;7.992;160.855;0;0;215.881;0;0;0;0;0;0;0;0;215.881;0;7.727;223.608;57.178;280.786
COOPERATIVA DE ECONOMIA E CRÉDITO DE LIVRE ADMISSÃO LTDA. - SICOOB EMPRESARIAL;5856736;;;;b3S;2;9;BRASILIA;DF;06/2024;68.735;0;0;130.199;0;0;198.934;0;8.016;0;0;0;0;8.016;6.508;213.458;0;9.078;222.536;58.109;280.645
COOPERATIVA DE CRÉDITO DE LIVRE ADMISSÃO SICOOB CREDMISSÃO LTDA. - SICOOB CREDMISSÃO;1667352;;;;b3S;2;9;PIRAPORA;MG;06/2024;49.271;0;0;121.027;0;0;170.298;0;3.545;9.019;0;0;0;12.565;10.404;193.266;0;52.414;245.680;32.483;278.163
COOPERATIVA DE CRÉDITO DE LIVRE ADMISSÃO DE ASSOCIADOS DO SUL DO BRASIL - CREVISC;10143743;;;;b3S;2;9;GUARAMIRIM;SC;06/2024;50.651;0;0;149.098;0;0;199.749;0;2.350;0;0;0;0;2.350;18.721;220.820;0;14.852;235.673;41.957;277.630
COOPERATIVA DE CRÉDITO DOS SERVIDORES PÚBLICOS NO ESTADO DA BAHIA LTDA. - SICOOB CRED EXECUTIVO;4321309;;;;b3S;2;9;SALVADOR;BA;06/2024;53.736;0;0;170.841;0;2.182;226.759;0;3.050;1.194;0;0;0;4.245;3.223;234.227;0;5.444;239.671;37.695;277.366
COOPERATIVA DE CRÉDITO DE LIVRE ADMISSÃO DE PALMEIRAS E REGIÃO LTDA.;37631058;;;;b3S;2;9;PALMEIRAS DE GOIAS;GO;06/2024;47.100;0;0;62.665;0;0;109.765;0;0;21.189;0;0;0;21.189;0;130.954;0;46.840;177.794;99.482;277.276
COOPERATIVA DE CRÉDITO E INVESTIMENTO COM INTERAÇÃO SOLIDÁRIA MISSÕES FRONTEIRA RS - CRESOL MISSÕES FRONTEIRA RS;8488377;;;;b3S;2;9;GUARANI DAS MISSOES;RS;06/2024;25.453;11.864;0;106.174;0;0;143.490;0;0;0;0;0;0;0;0;143.490;0;101.401;244.891;32.006;276.897
ISSUER INSTITUICAO DE PAGAMENTO LTDA.;34747388;ISSUER IP - PRUDENCIAL;;87140;n4;3;41;PORTO ALEGRE;RS;06/2024;0;0;0;0;10.798;0;10.798;0;0;0;0;0;0;0;0;10.798;0;240.012;250.810;25.085;275.895
CLARA INSTITUICAO DE PAGAMENTO LTDA.;41538335;CLARA IP - PRUDENCIAL;;87205;n4;3;41;SAO PAULO;SP;06/2024;0;0;0;0;33.484;0;33.484;0;0;0;0;0;0;0;0;33.484;0;204.355;237.839;37.073;274.912
COOPERATIVA DE CRÉDITO E ECONOMIA COM INTERAÇÃO SOLIDÁRIA DE JACUTINGA - CRESOL JACUTINGA;2904125;;;;b3S;2;9;JACUTINGA;RS;06/2024;24.436;17.865;0;92.366;0;0;134.667;0;0;0;0;0;0;0;3.505;138.172;0;109.713;247.885;26.472;274.357
COOPERATIVA DE ECONOMIA E CRÉDITO MÚTUO DOS FUNCIONÁRIOS DA SECRETARIA DE ESTADO DA FAZENDA  DO ESTADO DE MINAS GERAIS E DE LIVRE ADMISSÃO LTDA - SICOOB COOPSEF;16721078;;;;b3S;2;9;BELO HORIZONTE;MG;06/2024;6.625;0;0;167.613;0;0;174.238;0;0;0;0;0;0;0;0;174.238;0;15.254;189.492;83.601;273.093
COOPERATIVA DE CRÉDITO E ECONOMIA COM INTERAÇÃO SOLIDÁRIA DE ARATIBA - CRESOL ARATIBA;4565791;;;;b3S;2;9;ARATIBA;RS;06/2024;21.438;22.078;0;100.845;0;0;144.361;0;0;0;0;0;0;0;0;144.361;0;105.247;249.608;21.331;270.939
GREEN NET INSTITUIÇÃO DE PAGAMENTO LTDA;10314753;GREEN NET - PRUDENCIAL;;85362;n4;3;41;CUIABA;MT;06/2024;0;0;0;0;57.455;0;57.455;0;0;0;0;0;0;0;0;57.455;0;157.538;214.993;52.013;267.006
EBANX INSTITUICAO DE PAGAMENTOS LTDA.;21018182;EBANX IP - PRUDENCIAL;;85094;n4;2;41;CURITIBA;PR;06/2024;0;0;0;0;225.980;0;225.980;0;0;0;0;0;0;0;0;225.980;0;7.613;233.593;32.317;265.909
LAUNCH PAD SOCIEDADE DE CRÉDITO DIRETO S.A.;45220646;LAUNCH PAD SCD - PRUDENCIAL;;86048;n1;3;43;BELO HORIZONTE;MG;06/2024;0;0;0;0;214.003;0;214.003;0;0;0;0;0;0;0;0;214.003;0;24.490;238.494;27.227;265.720
COOPERATIVA DE CRÉDITO DE LIVRE ADMISSÃO DE ASSOCIADOS LTDA. - SICOOB JUDICIÁRIO;37076205;;;;b3S;2;9;BRASILIA;DF;06/2024;33.221;0;0;169.510;0;66;202.797;0;358;482;0;0;0;840;0;203.637;0;4.197;207.834;56.901;264.735
BARRACRED - COOPERATIVA DE ECONOMIA E CRÉDITO MÚTUO;1439107;;;;b3S;2;9;BARRA BONITA;SP;06/2024;0;0;0;0;0;0;0;0;0;0;0;0;0;0;0;0;0;12.274;12.274;251.407;263.680
COOPERATIVA DE CRÉDITO DOS PROFISSIONAIS DE SAÚDE E DE LIVRE ADMISSÃO DO TRIÂNGULO MINEIRO E SUL DE MINAS LTDA. - UNICRED PROGRESSO;71432926;;;;b3S;2;9;UBERABA;MG;06/2024;34.979;0;0;157.556;0;0;192.535;0;17.938;0;0;0;0;17.938;0;210.473;0;20.456;230.929;32.029;262.958
VITREO DISTRIBUIDORA DE TÍTULOS E VALORES MOBILIÁRIOS S.A.;34711571;BTG PACTUAL - PRUDENCIAL;49944;80336;n2;2;16;RIO DE JANEIRO;RJ;06/2024;0;0;0;0;0;0;0;0;0;0;0;0;0;0;110.563;110.563;0;12.023;122.586;140.099;262.685
GREENPASS TECNOLOGIA E INSTITUICAO DE PAGAMENTO HUE S.A.;28581308;EDENRED SOLUCOES E IP AHA - PRUDENCIAL;;84916;n4;3;41;BARUERI;SP;06/2024;0;0;0;0;0;0;0;0;0;0;0;0;0;0;0;0;0;248.639;248.639;13.424;262.063
GETNET SOCIEDADE DE CREDITO DIRETO S.A.;42054886;SANTANDER - PRUDENCIAL;30379;80185;n1;3;43;SAO PAULO;SP;06/2024;0;0;0;0;0;0;0;0;0;0;0;0;0;0;0;0;0;8.210;8.210;252.884;261.094
EDENRED SOLUCOES DE MOBILIDADE E INSTITUICAO DE PAGAMENTO HU S.A.;18587586;EDENRED SOLUCOES E IP AHA - PRUDENCIAL;;84916;n4;3;41;BARUERI;SP;06/2024;0;0;0;0;0;0;0;0;0;0;0;0;0;0;0;0;0;191.597;191.597;68.884;260.481
GAZINCRED S.A. SOCIEDADE DE CRÉDITO, FINANCIAMENTO E INVESTIMENTO;11760553;GAZINCRED SCFI - PRUDENCIAL;;80824;n1;2;14;DOURADINA;PR;06/2024;0;0;0;0;3.351;0;3.351;0;0;0;0;0;75.310;75.310;0;78.661;0;34.911;113.572;146.823;260.395
COOPERATIVA DE CRÉDITO DOS MAGISTRADOS, SERVIDORES DA JUSTIÇA DO ESTADO DE GOIÁS E EMPREGADOS DA CELG LTDA.;9552111;;;;b3S;2;9;GOIANIA;GO;06/2024;36.542;0;0;147.081;0;0;183.623;0;0;4.223;0;0;0;4.223;0;187.846;0;13.138;200.984;57.358;258.342
AGENCIA DE FOMENTO DE GOIAS S/A;3918382;AGENCIA FOMENTO GOIAS - PRUDENCIAL;;81050;n1;1;30;GOIANIA;GO;06/2024;0;0;0;0;0;0;0;0;0;0;0;0;0;0;42.618;42.618;0;13.439;56.057;202.100;258.157
BEM - DISTRIBUIDORA DE TITULOS E VALORES MOBILIARIOS LTDA;66670;BRADESCO - PRUDENCIAL;10045;80075;n2;2;16;OSASCO;SP;06/2024;0;0;0;0;0;0;0;0;0;0;0;0;0;0;0;0;0;57.048;57.048;201.074;258.122
COOPERATIVA DE CRÉDITO, POUPANÇA E INVESTIMENTO SICREDI INTEGRAÇÃO BAHIA - SICREDI INTEGRAÇÃO BAHIA;97489280;;;;b3S;2;9;ITABUNA;BA;06/2024;49.441;0;0;119.414;0;2.275;171.129;0;0;0;0;0;0;0;0;171.129;0;35.674;206.803;47.746;254.549
CREDISIS CAPITALCREDI - COOPERATIVA DE CRÉDITO DE LIVRE ADMISSÃO DO ACRE LTDA;5439425;;;;b3S;2;9;RIO BRANCO;AC;06/2024;46.751;0;0;161.975;0;0;208.725;0;0;3.269;0;0;0;3.269;0;211.994;0;5.821;217.815;35.903;253.719
ATIVA INVESTIMENTOS S.A. CORRETORA DE TÍTULOS, CÂMBIO E VALORES;33775974;ATIVA S.A. CTCV - PRUDENCIAL;;82547;n2;2;15;RIO DE JANEIRO;RJ;06/2024;0;0;0;0;0;97.522;97.522;0;0;0;0;0;0;0;0;97.522;0;100.851;198.373;55.166;253.539
COOPERATIVA DE CRÉDITO DE LIVRE ADMISSÃO DE JATAÍ E REGIÃO LTDA.;10143499;;;;b3S;2;9;JATAI;GO;06/2024;60.609;0;0;121.062;0;0;181.671;0;0;12.781;0;0;0;12.781;0;194.452;0;21.425;215.877;34.967;250.844
BMP SOCIEDADE DE CRÉDITO DIRETO S.A;34337707;BMP SCMEPP LTDA - PRUDENCIAL;52137;83292;n1;2;43;SAO PAULO;SP;06/2024;0;0;0;0;0;0;0;0;0;0;0;0;0;0;0;0;0;76.494;76.494;174.101;250.595
COOPERATIVA DE CRÉDITO COOPCRED;53623781;;;;b3S;2;9;VALPARAISO;SP;06/2024;48.418;0;0;111.177;0;0;159.595;0;0;19.537;0;0;0;19.537;221;179.353;0;37.623;216.977;33.551;250.528
COOPERATIVA DE CRÉDITO DO SUDOESTE BAIANO LTDA - SICOOB CREDICONQUISTA;2282165;;;;b3S;2;9;VITORIA DA CONQUISTA;BA;06/2024;92.627;0;0;98.499;0;0;191.127;0;0;0;0;0;0;0;0;191.127;0;11.915;203.041;44.051;247.093
COOPERATIVA DE CRÉDITO HORIZONTE - SICOOB HORIZONTE;7194313;;;;b3S;2;9;ARAPONGAS;PR;06/2024;64.430;0;0;139.480;0;125;204.034;0;0;5.434;0;0;0;5.434;0;209.468;0;8.709;218.177;28.554;246.732
COOPERATIVA DE CRÉDITO CREDIBAM LTDA. - SICOOB CREDIBAM;66259110;;;;b3S;2;9;BAMBUI;MG;06/2024;53.958;0;0;86.875;0;0;140.833;0;42;34.433;0;0;0;34.474;0;175.307;0;22.720;198.027;48.239;246.266
SUL AMERICA INVESTIMENTOS DISTRIBUIDORA DE TITULOS E VALORES MOBILIARIOS S.A.;32206435;SUL AMERICA INVEST DTVM S.A. - PRUDENCIAL;;84026;n2;3;16;SAO PAULO;SP;06/2024;0;0;0;0;0;0;0;0;0;0;0;0;0;0;0;0;0;23.576;23.576;220.386;243.962
SICOOB CRESSEM - COOPERATIVA DE ECONOMIA E CRÉDITO MÚTUO DOS SERVIDORES MUNICIPAIS DA REGIÃO METROPOLITANA DO VALE DO PARAÍBA E LITORAL NORTE;54190525;;;;b3S;2;9;SAO JOSE DOS CAMPOS;SP;06/2024;26.227;0;0;48.274;0;0;74.501;0;0;0;0;0;0;0;0;74.501;0;12.907;87.409;155.480;242.889
BRADESCO S.A. CORRETORA DE TITULOS E VALORES MOBILIARIOS;61855045;BRADESCO - PRUDENCIAL;10045;80075;n2;2;15;OSASCO;SP;06/2024;0;0;0;0;0;0;0;0;0;0;0;0;0;0;0;0;0;166.126;166.126;75.971;242.097
COOPERATIVA DE CRÉDITO E INVESTIMENTO COM INTERAÇÃO SOLIDÁRIA CENTRO SERRA - CRESOL CENTRO SERRA;1155801;;;;b3S;2;9;CURITIBANOS;SC;06/2024;26.700;9.233;0;65.403;0;0;101.337;0;0;0;0;0;0;0;0;101.337;0;106.227;207.564;34.173;241.737
COOPERATIVA DE CRÉDITO SICREDI ALTO SERTÃO PARAIBANO - SICREDI ALTO SERTÃO PARAIBANO;9343038;;;;b3S;2;9;SOUSA;PB;06/2024;52.082;0;0;111.358;0;0;163.440;0;0;0;0;0;0;0;229;163.669;0;13.601;177.270;62.898;240.168
COOPERATIVA DE CRÉDITO DE LIVRE ADMISSÃO SICOOB COOPJUS LTDA.;25363615;;;;b3S;2;9;BELO HORIZONTE;MG;06/2024;18.245;0;0;136.618;0;0;154.863;0;0;0;0;0;0;0;0;154.863;0;8.654;163.517;74.908;238.425
COOPERATIVA DE CRÉDITO CREDICAMPINA LTDA. - SICOOB CREDICAMPINA;1609345;;;;b3S;2;9;CAMPINA VERDE;MG;06/2024;33.664;0;0;58.422;0;0;92.086;0;0;43.825;0;0;0;43.825;0;135.910;0;71.187;207.097;29.691;236.788
COOPERATIVA DE CRÉDITO DE TIROS E MATUTINA LTDA.- SICOOB CREDITIROS;42880617;;;;b3S;2;9;TIROS;MG;06/2024;42.234;0;0;52.812;0;0;95.046;0;0;28.661;0;0;0;28.661;170;123.877;0;67.639;191.516;44.733;236.249
COOPERATIVA DE CRÉDITO DO VALE DOS PINHAIS - SICOOB VALE DOS PINHAIS;86791837;;;;b3S;2;9;CACADOR;SC;06/2024;53.257;0;0;133.179;0;0;186.436;0;0;7.488;0;0;0;7.488;318;194.242;0;12.498;206.740;28.605;235.345
AVENUE SECURITIES DISTRIBUIDORA DE TÍTULOS E VALORES MOBILIÁRIOS LTDA.;61384004;ITAU - PRUDENCIAL;10069;80099;n2;2;16;SAO PAULO;SP;06/2024;0;0;0;0;151.825;0;151.825;0;0;0;0;0;0;0;0;151.825;0;52.914;204.739;29.439;234.179
ABASTECE AI CLUBE AUTOMOBILISTA INSTITUIÇÃO DE PAGAMENTO LTDA.;9515813;ABASTECE AI IP - PRUDENCIAL;;87690;n4;2;41;SAO PAULO;SP;06/2024;0;0;0;0;50.033;0;50.033;0;0;0;0;0;0;0;0;50.033;0;172.619;222.652;11.174;233.826
ALFA CORRETORA DE CAMBIO E VALORES MOBILIARIOS S.A.;62178421;SAFRA - PRUDENCIAL;10083;80109;n2;2;15;SAO PAULO;SP;06/2024;0;0;0;0;0;0;0;0;0;0;0;0;0;0;0;0;0;41.298;41.298;190.856;232.154
COOPERATIVA DE CRÉDITO SICOOB NORTE SUL LTDA;2876918;;;;b3S;2;9;GANDU;BA;06/2024;75.982;0;0;92.649;0;29;168.661;0;0;11.518;0;0;0;11.518;0;180.179;0;19.066;199.245;31.366;230.610
CALCRED S.A. - CRÉDITO, FINANCIAMENTO E INVESTIMENTO;37122487;CALCRED CFI PRUDENCIAL;;85733;n1;2;14;SAO JOSE;SC;06/2024;0;0;0;185.654;0;0;185.654;0;0;0;0;0;0;0;0;185.654;0;6.351;192.005;37.008;229.013
PAGUEVELOZ INSTITUIÇÃO DE PAGAMENTO LTDA.;3816413;PAGUEVELOZ IP - PRUDENCIAL;;86505;n4;3;41;BLUMENAU;SC;06/2024;0;0;0;0;71.016;0;71.016;0;0;0;0;0;0;0;0;71.016;0;100.049;171.064;56.538;227.602
COOPERATIVA DE CRÉDITO DE LIVRE ADMISSÃO DO BRASIL CENTRAL LTDA. - SICOOB EXECUTIVO;694877;;;;b3S;2;9;BRASILIA;DF;06/2024;45.586;0;0;120.698;0;5;166.290;0;1.960;0;0;0;0;1.960;11.194;179.444;0;5.852;185.296;39.848;225.144
COOPERATIVA DE ECONOMIA E CRÉDITO MÚTUO DOS PROFISSIONAIS DA ÁREA NOTARIAL E REGISTRAL - COOPNORE;7714057;;;;b3S;2;9;PORTO ALEGRE;RS;06/2024;69.153;0;0;118.375;0;0;187.528;0;1.350;0;0;0;0;1.350;0;188.878;0;16.464;205.342;19.525;224.867
WESTERN UNION CORRETORA DE CÂMBIO S.A.;13728156;WESTERN UNION - PRUDENCIAL;51767;80886;n2;3;21;SAO PAULO;SP;06/2024;0;0;0;0;0;0;0;0;0;0;0;0;0;0;0;0;0;80.771;80.771;144.074;224.845
AGÊNCIA DE FOMENTO DO ESTADO DE MATO GROSSO S/A - DESENVOLVE MT;6284531;AGÊNCIA DE FOMENTO MATO GROSSO - PRUDENCIAL;;81146;n1;1;30;CUIABA;MT;06/2024;0;0;0;0;0;0;0;0;0;0;0;0;0;0;3.901;3.901;0;3.537;7.439;215.251;222.690
COOPERATIVA DE CRÉDITO DE LIVRE ADMISSÃO DE SANTA CRUZ DAS PALMEIRAS E REGIÃO;6910457;;;;b3S;2;9;SANTA CRUZ DAS PALMEIRAS;SP;06/2024;31.532;0;0;145.909;0;1.170;178.611;0;3.076;0;0;0;0;3.076;0;181.686;0;12.693;194.379;27.789;222.168
COOPERATIVA DE CRÉDITO, POUPANÇA E INVESTIMENTO BANDEIRANTES - SICREDI BANDEIRANTES SP;4853988;;;;b3S;2;9;SAO CARLOS;SP;06/2024;25.582;0;379;148.207;0;0;174.168;0;0;0;0;0;0;0;0;174.168;0;15.316;189.484;30.664;220.148
COOPERATIVA DE CRÉDITO VALE DO CANOAS - SICOOB/SC CREDICANOAS;707903;;;;b3S;2;9;ABDON BATISTA;SC;06/2024;29.768;0;0;98.325;0;0;128.092;0;198;18.170;0;0;0;18.368;439;146.899;0;32.625;179.524;38.982;218.506
COOPERATIVA DE CRÉDITO E ECONOMIA COM INTERAÇÃO SOLIDÁRIA CRESOL VALE;7320890;;;;b3S;2;9;VITOR MEIRELES;SC;06/2024;14.494;8.736;0;82.828;0;0;106.058;0;0;0;0;0;0;0;0;106.058;0;85.184;191.242;27.176;218.418
COOPERATIVA DE CRÉDITO DE LIVRE ADMISSÃO DE ITAJUBÁ LTDA - SICOOB SUDESTE MAIS;4079285;;;;b3S;2;9;ITAJUBA;MG;06/2024;44.743;0;0;125.782;0;0;170.525;0;12.573;4.451;0;0;0;17.023;0;187.548;0;8.609;196.157;21.868;218.024
COMPANHIA HIPOTECÁRIA PIRATINI - CHP;18282093;COMPANHIA HIPOTECARIA PIRATINI - CHP - PRUDENCIAL;;85520;n1;2;29;PORTO ALEGRE;RS;06/2024;0;0;0;0;0;0;0;0;112.205;0;0;0;0;112.205;0;112.205;0;66.017;178.221;39.718;217.940
STONEX DISTRIBUIDORA DE TÍTULOS E VALORES MOBILIÁRIOS LTDA.;62090873;STONEX DTVM - PRUDENCIAL;52041;84088;n2;3;16;SAO PAULO;SP;06/2024;0;0;0;0;0;12.770;12.770;0;0;0;0;0;0;0;0;12.770;0;47.462;60.233;157.447;217.680
LAR COOPERATIVA DE CRÉDITO - LAR CREDI;39343350;;;;b3S;2;9;MEDIANEIRA;PR;06/2024;30.870;0;0;143.919;0;0;174.790;0;0;0;0;0;0;0;0;174.790;0;3.737;178.526;38.795;217.321
COOPERATIVA DE CRÉDITO E ECONOMIA COM INTERAÇÃO SOLIDÁRIA DE SÃO VALENTIM - CRESOL SÃO VALENTIM;3015152;;;;b3S;2;9;SAO VALENTIM;RS;06/2024;15.326;8.810;0;85.772;0;0;109.908;0;0;0;0;0;0;0;0;109.908;0;81.756;191.663;20.124;211.787
COOPERATIVA DE CRÉDITO DE LIVRE ADMISSÃO DA MARGEM ESQUERDA DO URUCUIA E SÃO FRANCISCO LTDA - SICOOB CREDICHAPADA;14046512;;;;b3S;2;9;CHAPADA GAUCHA;MG;06/2024;41.274;0;0;33.669;0;0;74.942;0;0;17.338;0;0;0;17.338;0;92.281;0;80.220;172.501;37.349;209.850
COOPERATIVA DE CRÉDITO DE LIVRE ADMISSÃO CREDIEMBRAPA LTDA - SICOOB.;2338666;;;;b3S;2;9;BRASILIA;DF;06/2024;28.189;0;0;109.078;0;31;137.298;0;710;0;0;0;0;710;13.969;151.977;0;5.230;157.207;52.091;209.298
COOPERATIVA DE CREDITO CLASSICA DO ESTADO DO RIO DE JANEIRO - SICOOB EMPRESAS RJ;4120633;;;;b3S;2;9;RIO DE JANEIRO;RJ;06/2024;65.086;0;0;86.396;0;0;151.482;0;413;0;0;0;0;413;0;151.895;0;12.992;164.887;44.039;208.926
COOPERATIVA DE ECONOMIA E CRÉDITO MÚTUO DE LIVRE ADMISSÃO DE ARARAQUARA E REGIÃO - SICOOB;53236808;;;;b3S;2;9;ARARAQUARA;SP;06/2024;58.194;0;0;126.543;0;144;184.882;0;0;49;0;0;0;49;0;184.931;0;3.397;188.328;18.534;206.862
COOPERATIVA DE CRÉDITO E INVESTIMENTO COM INTERAÇÃO SOLIDÁRIA TRANSAMAZÔNICA - CRESOL TRANSAMAZÔNICA;24431221;;;;b3S;2;9;PACAJA;PA;06/2024;50.539;443;0;76.227;0;0;127.210;0;0;3.857;0;0;0;3.857;0;131.066;0;49.492;180.559;24.994;205.553
COOPERATIVA DE CREDITO POTIGUAR - SICOOB POTIGUAR;2382755;;;;b3S;2;9;NATAL;RN;06/2024;47.672;0;0;110.581;0;0;158.253;0;5.365;0;0;0;0;5.365;0;163.618;0;8.414;172.031;32.976;205.007
COOPERATIVA DE CRÉDITO DE LIVRE ADMISSÃO DE ARCOS LTDA. - SICOOB ARCOMCREDI;71230338;;;;b3S;2;9;ARCOS;MG;06/2024;35.808;0;0;130.452;0;0;166.260;0;2.190;307;0;0;0;2.497;1.306;170.063;0;4.439;174.502;29.402;203.904
ADVANCED CORRETORA DE CÂMBIO LTDA;92856905;ADVANCED CC LTDA - PRUDENCIAL;;82004;n2;2;21;SAO PAULO;SP;06/2024;0;0;0;0;0;0;0;0;0;0;0;0;0;0;0;0;0;189.655;189.655;13.973;203.628
COOPERATIVA DE CREDITO DE LIVRE ADMISSÃO DA REGIÃO SUDESTE DE MINAS GERAIS LTDA. - SICOOB CREDISUCESSO;42887133;;;;b3S;2;9;BOM SUCESSO;MG;06/2024;43.617;0;0;123.726;0;549;167.892;0;0;5.873;0;0;0;5.873;0;173.766;0;4.230;177.995;24.895;202.890
SCOTIABANK BRASIL S.A. CORRETORA DE TÍTULOS E VALORES MOBILIÁRIOS;39696805;SCOTIABANK BRASIL - PRUDENCIAL;52230;81452;n2;3;15;SAO PAULO;SP;06/2024;0;0;0;0;0;0;0;0;0;0;0;0;0;0;0;0;40.514;95.847;136.361;65.883;202.243
COOPERATIVA DE ECONOMIA E CRÉDITO MÚTUO DOS SERVIDORES DA FEDERAÇÃO DO COMÉRCIO, SESC E SENAC DE SÃO PAULO;62928320;;;;b3S;2;9;SAO PAULO;SP;06/2024;0;0;0;0;0;0;0;0;0;0;0;0;0;0;0;0;0;7.736;7.736;193.804;201.540
TIVIO CAPITAL DISTRIBUIDORA DE TÍTULOS E VALORES MOBILIÁRIOS S.A.;3384738;BRADESCO - PRUDENCIAL;10045;80075;n2;2;16;OSASCO;SP;06/2024;0;0;0;0;0;0;0;0;0;0;0;0;0;0;0;0;0;115.151;115.151;85.445;200.596
COOPERATIVA DE CRÉDITO DA REGIÃO DO VALE DO RIO GRANDE LTDA. - SICOOB CREDILEITE;86585049;;;;b3S;2;9;UBERABA;MG;06/2024;50.032;0;0;106.705;0;83;156.819;0;0;3.159;0;0;0;3.159;0;159.978;0;16.774;176.752;22.526;199.277
COOPERATIVA DE CRÉDITO CREDIESMERALDAS LTDA. - SICOOB CREDIESMERALDAS;68512748;;;;b3S;2;9;ESMERALDAS;MG;06/2024;75.977;0;0;93.779;0;0;169.757;0;0;1.242;0;0;0;1.242;0;170.998;0;7.942;178.940;20.212;199.152
COOPERATIVA DE CRÉDITO E ECONOMIA COM INTERAÇÃO SOLIDÁRIA - CRESOL DESENVOLVIMENTO;5425526;;;;b3S;2;9;CONCORDIA;SC;06/2024;14.861;12.740;0;87.812;0;0;115.412;0;0;0;0;0;0;0;862;116.275;0;64.312;180.586;18.102;198.689
PLANTAE S.A. - CRÉDITO, FINANCIAMENTO E INVESTIMENTO;35551187;PLANTAE CFI - PRUDENCIAL;;85630;n1;2;14;PRESIDENTE PRUDENTE;SP;06/2024;0;0;0;41.521;1;0;41.521;0;0;128.845;0;0;0;128.845;0;170.366;0;1.760;172.126;26.302;198.429
MERCEDES-BENZ LEASING DO BRASIL ARRENDAMENTO MERCANTIL S.A.;162760;MERCEDES-BENZ - PRUDENCIAL;51262;80563;n1;3;19;SAO BERNARDO DO CAMPO;SP;06/2024;0;0;0;0;0;0;0;0;0;0;0;0;0;0;0;0;0;63.199;63.199;135.069;198.268
COOPERATIVA DE CRÉDITO DE LIVRE ADMISSÃO DE CERES E RIALMA LTDA;9576849;;;;b3S;2;9;CERES;GO;06/2024;38.758;0;0;115.794;0;0;154.552;0;0;0;0;0;0;0;0;154.552;0;15.999;170.551;27.433;197.985
COOPERATIVA DE CRÉDITO, POUPANÇA E INVESTIMENTO EMPREENDEDORES - SICREDI EMPREENDEDORES PR;7070495;;;;b3S;2;9;CURITIBA;PR;06/2024;45.073;0;925;112.042;0;6;158.047;0;0;0;0;0;0;0;0;158.047;0;17.902;175.949;19.595;195.545
COOPERATIVA DE CRÉDITO SICOOB COOPEMAR LTDA;4174720;;;;b3S;2;9;MAIRI;BA;06/2024;74.512;0;0;86.800;0;0;161.312;0;468;1.700;0;0;0;2.169;0;163.481;0;5.521;169.002;25.740;194.742
TULLETT PREBON BRASIL CORRETORA DE VALORES E CÂMBIO LTDA;61747085;TULLETT PREBON BRASIL S.A. CTVM - PRUDENCIAL;52027;82619;n2;3;15;SAO PAULO;SP;06/2024;0;0;0;0;0;792;792;0;0;0;0;0;0;0;0;792;0;108.056;108.848;83.802;192.651
COOPERATIVA DE CRÉDITO DE LIVRE ADMISSÃO DA REGIÃO DE SÃO SEBASTIÃO DO PARAÍSO LTDA. - SICOOB PARAÍSOCRED;1657678;;;;b3S;2;9;SAO SEBASTIAO DO PARAISO;MG;06/2024;39.447;0;0;98.921;0;0;138.368;0;11.840;11.591;0;0;0;23.431;2.694;164.493;0;5.989;170.483;21.998;192.481
ALESTA SOCIEDADE DE CREDITO DIRETO S.A.;38316293;ALESTA SOCIEDADE DE CREDITO DIRETO - PRUDENCIAL;;85379;n1;3;43;JAGUARIUNA;SP;06/2024;0;0;0;0;0;0;0;0;0;0;0;0;0;0;0;0;0;34.072;34.072;157.192;191.264
COOPERATIVA DE CREDITO CREDLIDER - SICOOB CREDLIDER;5463934;;;;b3S;2;9;VOTUPORANGA;SP;06/2024;50.443;0;0;90.058;0;0;140.500;0;0;201;0;0;0;201;0;140.701;0;15.931;156.632;31.891;188.523
BEES INSTITUICAO DE PAGAMENTO LTDA.;35523352;BEES IP - PRUDENCIAL;;87731;n4;3;41;SAO PAULO;SP;06/2024;0;0;0;0;135.829;0;135.829;0;0;0;0;0;0;0;0;135.829;0;16.130;151.959;35.265;187.224
PAY4FUN INSTITUICAO DE PAGAMENTO S.A.;20757199;PAY4FUN IP S.A. - PRUDENCIAL;;86299;n4;2;41;SAO PAULO;SP;06/2024;0;0;0;0;98.077;0;98.077;0;0;0;0;0;0;0;0;98.077;0;38.028;136.105;50.416;186.522
LATAM TECNOLOGIA INSTITUICAO DE PAGAMENTO LTDA;33630661;LATAM TECNOLOGIA IP - PRUDENCIAL;;87023;n4;2;41;MARINGA;PR;06/2024;0;0;0;0;15.364;0;15.364;0;0;0;0;0;0;0;0;15.364;0;161.901;177.265;9.208;186.473
BANCO LETSBANK S.A.;58497702;BANCO MASTER - PRUDENCIAL;50201;80367;b1;2;8;RIO DE JANEIRO;RJ;06/2024;426;0;0;122.114;0;0;122.540;0;0;0;0;0;0;0;0;122.540;0;18.536;141.076;44.920;185.996
COOPERATIVA DE CRÉDITO DOS INTEGRANTES DO MINISTÉRIO PÚBLICO E DO PODER JUDICIÁRIO NOS ESTADOS DO AMAPÁ E CEARÁ E LIVRE ADMISSÃO NO ESTADO DO PARÁ - SICOOB COIMPPA;84156470;;;;b3S;2;9;BELEM;PA;06/2024;24.715;0;0;75.706;0;0;100.421;0;0;0;0;0;0;0;0;100.421;0;12.406;112.827;71.290;184.118
COOPERATIVA DE CRÉDITO RURAL E ECONOMIA COM INTERAÇÃO SOLIDÁRIA DE GETÚLIO VARGAS - CRESOL GETÚLIO VARGAS;5241145;;;;b3S;2;9;GETULIO VARGAS;RS;06/2024;14.898;5.416;0;86.228;0;0;106.541;0;0;0;0;0;0;0;0;106.541;0;54.231;160.773;21.407;182.180
BRINKS PAY INSTITUICAO DE PAGAMENTO LTDA;9437293;BRINKS PAY IP - PRUDENCIAL;;86811;n4;3;41;SAO PAULO;SP;06/2024;0;0;0;0;9.058;0;9.058;0;0;0;0;0;0;0;60.186;69.244;0;90.175;159.419;21.919;181.338
COOPERATIVA DE CRÉDITO SICOOB UNI SUL MS;37554441;;;;b3S;2;9;DOURADOS;MS;06/2024;27.736;0;0;80.075;0;0;107.811;0;10.857;221;83;0;0;11.161;0;118.972;0;14.500;133.472;47.307;180.779
CM CAPITAL MARKETS CORRETORA DE CÂMBIO, TÍTULOS E VALORES MOBILIÁRIOS LTDA;2685483;CM CAPITAL MARKETS - PRUDENCIAL;51248;80549;n2;3;15;SAO PAULO;SP;06/2024;0;0;0;0;0;63.609;63.609;0;0;0;0;0;0;0;0;63.609;0;86.191;149.800;29.795;179.595
SINOSSERRA FINANCEIRA S/A - SOCIEDADE DE CRÉDITO, FINANCIAMENTO E INVESTIMENTO;22639377;SINOSSERRA FINANCEIRA S/A - PRUDENCIAL;;84552;n1;2;14;NOVO HAMBURGO;RS;06/2024;0;0;15.285;122.367;0;0;137.652;0;0;0;0;0;20.001;20.001;0;157.652;0;11.116;168.768;10.817;179.585
COOPERATIVA DE CRÉDITO SICOOB ITAPAGIPE LTDA - SICOOB ITAPAGIPE;71506513;;;;b3S;2;9;ITAPAGIPE;MG;06/2024;22.243;0;0;40.060;0;0;62.303;0;0;26.743;0;0;0;26.743;0;89.046;0;49.682;138.728;40.512;179.239
RPW S/A SOCIEDADE DE CRÉDITO, FINANCIAMENTO E INVESTIMENTO;6249129;RPW S/A SCFI - PRUDENCIAL;;83209;n1;2;14;SAO PAULO;SP;06/2024;0;0;0;154.195;0;0;154.195;0;0;0;0;0;0;0;0;154.195;0;2.049;156.244;21.910;178.154
BECKER FINANCEIRA S.A. - CRÉDITO, FINANCIAMENTO E INVESTIMENTO;20443996;BECKER FINANCEIRA S.A. - CFI - PRUDENCIAL;;84507;n1;2;14;CERRO LARGO;RS;06/2024;0;0;0;0;0;0;0;0;0;0;0;0;33.961;33.961;7;33.968;0;59.032;92.999;82.958;175.957
BANCO DE LA PROVINCIA DE BUENOS AIRES;44189447;BCO LA PROVINCIA B AIRES BCE - PRUDENCIAL;;81263;b1;3;28;SAO PAULO;SP;06/2024;0;0;0;0;0;0;0;23.003;0;0;0;0;0;0;4.193;27.197;0;3.970;31.166;143.272;174.438
LIONS TRUST DISTRIBUIDORA DE TÍTULOS E VALORES MOBILIÁRIOS LTDA.;40768766;LIONS TRUST DTVM PRUDENCIAL;;85654;n2;2;16;SAO PAULO;SP;06/2024;0;0;0;0;0;164.377;164.377;0;0;0;0;0;0;0;0;164.377;0;3.274;167.652;3.559;171.210
PROVER PROMOCAO DE VENDAS INSTITUICAO DE PAGAMENTO LTDA;20308187;PROVER PROMOCAO DE VENDAS IP - PRUDENCIAL;;87212;n4;2;41;MANAUS;AM;06/2024;0;0;0;0;0;0;0;0;0;0;0;0;0;0;0;0;0;102.593;102.593;66.767;169.360
CREDISIS SUDOESTE/RO - COOPERATIVA DE CRÉDITO E INVESTIMENTO DO SUDOESTE DE RONDÔNIA;3985375;;;;b3S;2;9;ROLIM DE MOURA;RO;06/2024;37.580;0;0;60.010;0;0;97.591;0;0;28.388;0;0;0;28.388;12;125.990;0;18.572;144.562;24.082;168.645
BANCO ITAUBANK S.A.;60394079;ITAU - PRUDENCIAL;10069;80099;b1;2;8;SAO PAULO;SP;06/2024;0;0;0;0;0;0;0;0;0;0;0;0;0;0;0;0;0;12.628;12.628;155.551;168.179
COOPERATIVA DE CRÉDITO E ECONOMIA COM INTERAÇÃO SOLIDÁRIA - CRESOL INOVAÇÃO;5070112;;;;b3S;2;9;CORONEL MARTINS;SC;06/2024;15.611;2.370;0;58.572;0;0;76.553;0;0;0;0;0;0;0;9.023;85.576;0;58.169;143.745;24.339;168.083
COOPERATIVA DE CREDITO RURAL SEARA - CREDISEARA;204963;;;;b3S;2;9;SEARA;SC;06/2024;14.276;0;0;101.292;0;0;115.567;0;0;0;0;0;0;0;19.797;135.364;0;4.368;139.732;26.408;166.140
EQI INVESTIMENTOS CORRETORA DE TÍTULOS E VALORES MOBILIÁRIOS S.A.;47965438;EQI INVESTIMENTOS CTVM - PRUDENCIAL;;87119;n2;2;15;SAO PAULO;SP;06/2024;0;0;0;0;0;0;0;0;0;0;0;0;0;0;20.117;20.117;0;59.556;79.673;86.165;165.838
COOPERATIVA DE ECONOMIA E CRÉDITO MÚTUO DOS MÉDICOS E DEMAIS PROFISSIONAIS DE NÍVEL SUPERIOR DA ÁREA DE SAÚDE DE OURINHOS - SICOOB OURICRED;2179673;;;;b3S;2;9;OURINHOS;SP;06/2024;24.891;0;0;110.548;0;0;135.439;0;1.144;0;0;0;0;1.144;0;136.583;0;2.668;139.250;26.139;165.389
COOPERATIVA CENTRAL DE CRÉDITO UNICRED CENTRAL COALIZÃO LTDA - UNICRED CENTRAL COALIZÃO;86774775;;;;b3C;2;9;RIO DE JANEIRO;RJ;06/2024;606;0;0;0;0;0;606;0;0;0;0;0;0;0;0;606;0;134.280;134.886;29.564;164.450
WARREN CORRETORA DE VALORES MOBILIÁRIOS E CÂMBIO LTDA.;92875780;WARREN CCVM LTDA - PRUDENCIAL;52333;82664;n2;2;15;PORTO ALEGRE;RS;06/2024;0;0;0;0;0;97.345;97.345;0;0;0;0;0;0;0;10.130;107.475;0;48.577;156.053;7.223;163.276
MONTE BRAVO CORRETORA DE TÍTULOS E VALORES MOBILIÁRIOS S.A.;50489148;MONTE BRAVO CTVM - PRUDENCIAL;;87281;n2;2;15;SAO PAULO;SP;06/2024;0;0;0;0;0;0;0;0;0;0;0;0;0;0;0;0;0;26.903;26.903;134.971;161.874
COOPERATIVA DE CRÉDITO DE LIVRE ADMISSÃO DO OESTE MARANHENSE - SICOOB OESTE MARANHENSE;9424988;;;;b3S;2;9;ACAILANDIA;MA;06/2024;78.411;0;0;42.052;0;0;120.463;0;0;0;0;0;0;0;0;120.463;0;13.331;133.794;27.722;161.516
BANESTES DISTRIBUIDORA DE TITULOS E VALORES MOBILIARIOS S/A;28156057;BANESTES - PRUDENCIAL;30159;80147;n2;1;16;VITORIA;ES;06/2024;0;0;0;0;0;0;0;0;0;0;0;0;0;0;0;0;0;7.858;7.858;151.670;159.528
GPATIVA - COOPERATIVA DE ECONOMIA E CRÉDITO MÚTUO DOS EMPREGADOS DO GRUPO PÃO DE AÇÚCAR;46277273;;;;b3S;2;9;SAO PAULO;SP;06/2024;0;0;0;0;0;0;0;0;0;0;0;0;0;0;0;0;0;56.101;56.101;101.709;157.810
COOPERATIVA DE CRÉDITO, POUPANÇA E INVESTIMENTO DOS INTEGRANTES DA MAGISTRATURA E DO MINISTÉRIO PÚBLICO NO ESTADO DO PARANÁ - SICREDI CREDJURIS;4886317;;;;b3S;2;9;CURITIBA;PR;06/2024;16.423;0;2.568;102.611;0;0;121.603;0;0;0;0;0;0;0;0;121.603;0;11.078;132.681;25.114;157.794
CREDITÁ S/A CRÉDITO, FINANCIAMENTO E INVESTIMENTO;12599971;CREDITÁ S.A. CFI - PRUDENCIAL;;83687;n1;2;14;PORTO ALEGRE;RS;06/2024;0;0;0;36.645;1.095;0;37.740;0;0;49.075;0;0;5.130;54.205;0;91.945;0;7.614;99.559;57.938;157.497
UNICRED REGIONAL NORTE LAGOS - COOPERATIVA DE ECONOMIA E CRÉDITO MÚTUO REGIONAL NORTE LAGOS LTDA;4445917;;;;b3S;2;9;CAMPOS DOS GOYTACAZES;RJ;06/2024;26.937;0;0;91.312;0;214;118.463;0;3.856;0;0;0;0;3.856;0;122.320;0;11.387;133.707;23.525;157.232
COOPER CARD INSTITUIÇÃO DE PAGAMENTO LTDA.;5938780;COOPER CARD IP - PRUDENCIAL;;86134;n4;2;41;BARUERI;SP;06/2024;0;0;0;0;265;0;265;0;0;0;0;0;0;0;2.852;3.117;0;105.232;108.349;45.145;153.494
COOPERATIVA DE CREDITO E ECONOMIA COM INTERAÇÃO SOLIDÁRIA - CRESOL SERRA MAR;7958405;;;;b3S;2;9;RIO FORTUNA;SC;06/2024;19.815;12.092;0;70.760;0;0;102.667;0;0;0;0;0;0;0;0;102.667;0;31.886;134.553;17.753;152.306
COOPERATIVA DE CRÉDITO DE LIVRE ADMISSÃO DE ASSOCIADOS - SICOOB CRUZ ALTA;73326449;;;;b3S;2;9;CRUZ ALTA;RS;06/2024;19.589;0;0;90.615;0;0;110.203;0;2.221;9.240;0;0;0;11.461;277;121.942;0;5.502;127.443;23.941;151.385
BANRISUL S/A - CORRETORA DE VALORES MOBILIARIOS E CAMBIO;93026847;BANRISUL - PRUDENCIAL;30173;80154;n2;1;15;PORTO ALEGRE;RS;06/2024;0;0;0;0;0;1.276;1.276;0;0;0;0;0;0;0;0;1.276;0;19.393;20.669;130.100;150.770
ACQIO ADQUIRENCIA INSTITUICAO DE PAGAMENTO S.A.;33171211;ACQIO ADQUIRENCIA IP - PRUDENCIAL;;86653;n4;2;41;SAO PAULO;SP;06/2024;0;0;0;0;0;0;0;0;0;0;0;0;0;0;94.237;94.237;0;53.013;147.251;3.089;150.340
COOPERATIVA DE CRÉDITO CREDICAPI LTDA - SICOOB CREDICAPI;804046;;;;b3S;2;9;CAPITOLIO;MG;06/2024;18.038;0;0;61.443;0;0;79.481;0;0;15.601;0;0;0;15.601;0;95.082;0;27.132;122.214;25.625;147.839
C&A PAY SOCIEDADE DE CRÉDITO DIRETO S.A.;49173791;C&A PAY SCD - PRUDENCIAL;;86787;n1;3;43;BARUERI;SP;06/2024;0;0;0;0;0;0;0;0;0;0;0;0;0;0;0;0;0;50.170;50.170;96.972;147.142
COOPERATIVA DE ECONOMIA E CRÉDITO MÚTUO DOS FUNCIONÁRIOS DO ATACADÃO;52046299;;;;b3S;2;9;SAO PAULO;SP;06/2024;0;0;0;0;0;0;0;0;0;0;0;0;0;0;0;0;0;10.635;10.635;136.379;147.014
TENTOS S.A. CRÉDITO, FINANCIAMENTO E INVESTIMENTO;41498340;TENTOS CFI - PRUDENCIAL;;85788;n1;2;14;IJUI;RS;06/2024;0;0;5.012;24.090;0;0;29.102;0;0;57.756;0;0;0;57.756;0;86.858;0;8.131;94.988;51.903;146.891
COOPERATIVA DE CRÉDITO DE RIO RUFINO - SICOOB CREDIUNIÃO;2448839;;;;b3S;2;9;RIO RUFINO;SC;06/2024;19.323;0;0;55.016;0;4;74.343;0;1.516;20.020;0;0;0;21.536;273;96.151;0;28.416;124.567;21.177;145.744
COOPERATIVA DE ECONOMIA E CRÉDITO MÚTUO DOS MÉDICOS E CATEGORIAS AFINS - UNICRED MÚLTIPLO VALOR LTDA.;1090027;;;;b3S;2;9;NITEROI;RJ;06/2024;26.254;0;0;79.992;0;524;106.770;0;1.848;0;0;0;0;1.848;0;108.618;0;12.340;120.958;24.741;145.699
COOPERATIVA DE ECONOMIA E CRÉDITO MÚTUO DOS EMPREGADOS DA JOHNSON & JOHNSON;45691128;;;;b3S;2;9;SAO JOSE DOS CAMPOS;SP;06/2024;0;0;0;0;0;0;0;0;0;0;0;0;0;0;0;0;0;14.552;14.552;130.893;145.445
REAG DISTRIBUIDORA DE TÍTULOS E VALORES MOBILIÁRIOS S.A.;34829992;REAG DTVM - PRUDENCIAL;;85111;n2;2;16;SAO PAULO;SP;06/2024;0;0;0;0;0;123.211;123.211;0;0;0;0;0;0;0;0;123.211;0;12.836;136.047;9.335;145.381
SICOOB CREDIMONTES - COOPERATIVA DE CRÉDITO DE LIVRE ADMISSÃO REGIONAL DE MONTES CLAROS LTDA;2031139;;;;b3S;2;9;MONTES CLAROS;MG;06/2024;35.098;0;0;63.242;0;0;98.340;0;9.092;1.483;0;0;0;10.575;0;108.916;0;7.739;116.655;28.208;144.864
COOPERATIVA DE CRÉDITO DE LIVRE ADMISSÃO DE ASSOCIADOS DE JARAGUÁ DO SUL E REGIÃO - SICOOB CEJASCRED;12384953;;;;b3S;2;9;JARAGUA DO SUL;SC;06/2024;33.997;0;0;80.751;0;0;114.748;0;99;0;0;0;0;99;327;115.174;0;4.552;119.726;24.922;144.648
COOPERATIVA DE CRÉDITO DE LIVRE ADMISSÃO DFMIL LTDA. - SICOOB DFMIL;4649337;;;;b3S;2;9;BRASILIA;DF;06/2024;37.309;0;0;70.212;0;1;107.522;0;591;0;0;0;0;591;6.332;114.445;0;3.183;117.628;24.830;142.458
COOPERATIVA DE CRÉDITO DE LIVRE ADMISSÃO DA REGIÃO DE GUAXUPÉ LTDA. - SICOOB ACICREDI;1699652;;;;b3S;2;9;GUAXUPE;MG;06/2024;35.795;0;0;75.426;0;0;111.221;0;0;0;0;0;0;0;0;111.221;0;3.671;114.892;25.103;139.995
HAITONG SECURITIES DO BRASIL CORRETORA DE CÂMBIO E VALORES MOBILIÁRIOS S.A.;33894445;HAITONG - PRUDENCIAL;51482;80666;n2;3;15;SAO PAULO;SP;06/2024;0;0;0;0;0;0;0;0;0;0;0;0;0;0;0;0;0;32.797;32.797;106.559;139.357
SF3 CRÉDITO, FINANCIAMENTO E INVESTIMENTO S.A.;5503849;SF3 CFI - PRUDENCIAL;;83474;n1;2;14;SAO PAULO;SP;06/2024;0;0;0;99.588;0;0;99.588;0;0;0;0;0;9.426;9.426;0;109.014;0;2.104;111.118;27.911;139.028
M PAGAMENTOS S.A. - CRÉDITO FINANCIAMENTO E INVESTIMENTO;7747410;M PAGAMENTOS S.A. CFI - PRUDENCIAL;;83515;n1;2;14;SAO PAULO;SP;06/2024;0;0;0;127.280;0;0;127.280;0;0;0;0;0;0;0;0;127.280;0;8.160;135.440;2.875;138.315
COOPERATIVA DE ECONOMIA E CRÉDITO MÚTUO DOS MILITARES ESTADUAIS DE SANTA CATARINA - CREDPOM;4572960;;;;b3S;2;9;FLORIANOPOLIS;SC;06/2024;27.827;0;0;93.970;0;0;121.798;0;0;0;0;0;0;0;198;121.996;0;2.375;124.371;13.695;138.067
COOPERATIVA DE ECONOMIA E CRÉDITO MÚTUO DOS TRABALHADORES DO GRUPO SÃO MARTINHO   USICRED;2562412;;;;b3S;2;9;PRADOPOLIS;SP;06/2024;0;0;0;2.212;0;0;2.212;0;0;0;0;0;0;0;0;2.212;0;3.639;5.851;130.826;136.678
GREENCRED - COOPERATIVA DE CREDITO;2347114;;;;b3S;2;9;CURITIBA;PR;06/2024;12.598;0;0;85.828;0;1.436;99.861;0;0;0;0;0;0;0;0;99.861;0;7.763;107.624;28.222;135.845
UNICRED COSTA DO SOL RJ - COOPERATIVA DE ECONOMIA E CRÉDITO MÚTUO LTDA.;39231527;;;;b3S;2;9;MACAE;RJ;06/2024;32.904;0;0;74.456;0;83;107.443;0;0;0;1.031;0;0;1.031;0;108.474;0;11.474;119.948;14.586;134.535
CREDISIS CREDIBRÁS COOPERATIVA DE CRÉDITO E INVESTIMENTO DE LIVRE ADMISSÃO DO OESTE DE RONDÔNIA;5597773;;;;b3S;2;9;NOVA BRASILANDIA;RO;06/2024;30.279;0;0;35.942;0;0;66.221;0;0;22.434;0;0;0;22.434;0;88.655;0;15.985;104.640;29.320;133.960
BANCO DE LA NACION ARGENTINA;33042151;BCO LA NACION ARGENTINA - PRUDENCIAL;;81270;b1;3;28;SAO PAULO;SP;06/2024;591;0;0;52;0;0;643;11.506;0;0;0;0;0;0;72.211;84.359;0;8.316;92.676;39.942;132.618
COOPERATIVA DE CRÉDITO, POUPANÇA E INVESTIMENTO DOS MILITARES ESTADUAIS E SERVIDORES DA SEGURANÇA DO ESTADO DO RIO GRANDE DO SUL - SICREDI TRADIÇÃO RS;3212823;;;;b3S;2;9;PORTO ALEGRE;RS;06/2024;17.139;0;18.616;67.299;0;668;103.722;0;0;0;0;0;0;0;0;103.722;0;10.945;114.667;17.753;132.420
COOPERATIVA DE CRÉDITO RURAL DOS FORNECEDORES DE CANA DA REGIÃO DE CATANDUVA-COFOCRED;49654502;;;;b3S;2;9;CATANDUVA;SP;06/2024;0;0;0;0;0;0;0;0;0;0;0;0;0;0;0;0;0;14.083;14.083;118.308;132.390
COOPERATIVA DE CRÉDITO DE LIVRE ADMISSÃO SICOOB UNIÃO SUDESTE;7946216;;;;b3S;2;9;SANTO ANDRE;SP;06/2024;29.528;0;0;71.860;0;56;101.445;0;9.839;0;0;0;0;9.839;0;111.283;0;6.453;117.737;14.535;132.272
CONFIDENCE CORRETORA DE CÂMBIO S.A.;4913129;CONFIDENCE - PRUDENCIAL;51671;80783;n2;3;21;SAO PAULO;SP;06/2024;0;0;0;0;0;0;0;0;0;0;0;0;0;0;0;0;1.446;34.272;35.718;96.071;131.789
COOPERATIVA DE CREDITO E ECONOMIA COM INTERAÇÃO SOLIDARIA - CRESOL LITORAL;5410056;;;;b3S;2;9;JAGUARUNA;SC;06/2024;17.375;3.676;0;67.735;0;0;88.785;0;0;0;0;0;0;0;0;88.785;0;30.695;119.480;12.308;131.788
COOPERATIVA DE CRÉDITO SICOOB IPÊ - SICOOB IPÊ;24610065;;;;b3S;2;9;CAMPO GRANDE;MS;06/2024;15.548;0;0;92.468;0;9;108.025;0;1.129;0;0;0;0;1.129;1.274;110.429;0;3.448;113.877;16.719;130.595
COOPERATIVA DE CREDITO DE LIVRE ADMISSÃO DE MARTINHO CAMPOS LTDA - SICOOB CREDIMAC;64480833;;;;b3S;2;9;MARTINHO CAMPOS;MG;06/2024;23.200;0;0;59.550;0;5;82.755;0;0;9.041;0;0;0;9.041;0;91.797;0;13.081;104.878;25.391;130.268
COTACAO DISTRIBUIDORA DE TITULOS E VALORES MOBILIARIOS S.A;17354911;RENDIMENTO - PRUDENCIAL;51468;80659;n2;2;16;SAO PAULO;SP;06/2024;0;0;0;0;0;0;0;0;0;0;0;0;0;0;0;0;0;96.142;96.142;34.001;130.142
COOPERATIVA DE CRÉDITO DE LIVRE ADMISSÃO DO CIRCUITO DAS ÁGUAS - SICOOB CIRCUITO DAS ÁGUAS;3941182;;;;b3S;2;9;AGUAS DE LINDOIA;SP;06/2024;35.910;0;0;74.588;0;0;110.498;0;1.126;290;0;0;0;1.417;0;111.915;0;4.146;116.061;11.269;127.330
COOPERATIVA DE CRÉDITO DOS EMPREGADOS DO GRUPO VALLOUREC NO BRASIL - COOVALL LTDA.;64293582;;;;b3S;2;9;BELO HORIZONTE;MG;06/2024;0;0;0;0;0;0;0;0;0;0;0;0;0;0;0;0;0;8.166;8.166;118.035;126.201
PICPAY INVEST DISTRIBUIDORA DE TÍTULOS E VALORES MOBILIÁRIOS LTDA;7138049;ORIGINAL - PRUDENCIAL;51781;80903;n2;2;16;SAO PAULO;SP;06/2024;0;0;0;0;0;43.104;43.104;0;0;0;0;0;0;0;0;43.104;0;12.418;55.522;70.464;125.985
COOPERATIVA DE CRÉDITO E INVESTIMENTOS DE RONDÔNIA - SICOOB CREDJURD;4751713;;;;b3S;2;9;PORTO VELHO;RO;06/2024;65.338;0;0;21.220;0;0;86.558;0;0;0;0;0;0;0;0;86.558;0;4.923;91.481;34.059;125.540
OPEA SOCIEDADE DE CRÉDITO DIRETO S.A.;39519944;OPEA SCD - PRUDENCIAL;;85269;n1;3;43;SAO PAULO;SP;06/2024;0;0;0;0;113.995;0;113.995;0;0;0;0;0;0;0;0;113.995;0;5.433;119.428;4.595;124.023
SERVNET INSTITUIÇÃO DE PAGAMENTO LTDA.;29759316;SERVNET IP - PRUDENCIAL;;86701;n4;2;41;UBERLANDIA;MG;06/2024;0;0;0;0;7.695;0;7.695;0;0;0;0;0;0;0;0;7.695;0;105.156;112.851;10.922;123.773
COOPERATIVA DE CRÉDITO E ECONOMIA COM INTERAÇÃO SOLIDÁRIA - CRESOL XANXERÊ;7509426;;;;b3S;2;9;XANXERE;SC;06/2024;11.830;7.369;0;49.639;0;0;68.838;0;0;0;0;0;0;0;0;68.838;0;37.337;106.175;15.772;121.947
COOPERATIVA DE CRÉDITO CREDINOSSO LTDA - SICOOB CREDINOSSO;6324872;;;;b3S;2;9;MONTES CLAROS;MG;06/2024;28.827;0;0;74.631;0;5;103.464;0;0;0;0;0;0;0;0;103.464;0;3.640;107.104;14.680;121.783
CENTROCRED S.A. CRÉDITO, FINANCIAMENTO E INVESTIMENTOS;26225776;CENTROCRED CFI - PRUDENCIAL;;84727;n1;2;14;SANTA CRUZ DO SUL;RS;06/2024;0;0;0;17.303;0;0;17.303;0;0;0;0;0;58.606;58.606;0;75.909;0;5.610;81.519;39.249;120.769
COOPERATIVA DE CRÉDITO MÚTUO DOS EMPREGADOS DA MAXION - CREDMAXION;58290800;;;;b3S;2;9;CRUZEIRO;SP;06/2024;0;0;0;0;0;0;0;0;0;0;0;0;0;0;0;0;0;2.311;2.311;117.431;119.742
COOPERATIVA DE CRÉDITO NO PIAUÍ - SICOOB PIAUÍ;5477038;;;;b3S;2;9;TERESINA;PI;06/2024;43.527;0;0;50.912;0;0;94.438;0;1.064;0;0;0;0;1.064;0;95.503;0;5.478;100.980;18.643;119.624
COOPERATIVA DE CRÉDITO RURAL - CREDICANA;44373041;;;;b3S;2;9;ASSIS;SP;06/2024;8.344;0;0;90.119;0;0;98.463;0;0;0;0;0;0;0;0;98.463;0;1.604;100.067;18.526;118.593
COOPERATIVA DE CRÉDITO DE LIVRE ADMISSÃO DO ESTADO DO PARÁ - SICOOB COOESA;83836114;;;;b3S;2;9;BELEM;PA;06/2024;28.694;0;0;63.370;0;3;92.066;0;0;0;0;0;0;0;0;92.066;0;4.662;96.728;20.246;116.973
FLAGSHIP INSTITUICAO DE PAGAMENTOS LTDA;23114447;FLAGSHIP IP - PRUDENCIAL;;86282;n4;2;41;SAO PAULO;SP;06/2024;0;0;0;0;75.303;0;75.303;0;0;0;0;0;0;0;0;75.303;0;3.561;78.864;37.548;116.412
BBVA BRASIL BANCO DE INVESTIMENTO S.A.;45283173;BBVA BRASIL BI S.A. - PRUDENCIAL;;81366;b2;3;13;SAO PAULO;SP;06/2024;0;0;0;0;0;0;0;0;0;0;0;0;0;0;0;0;0;5.371;5.371;109.838;115.210
WESTERN ASSET MANAGEMENT COMPANY DISTRIBUIDORA DE TÍTULOS E VALORES MOBILIÁRIOS LIMITADA;7437241;WESTERN ASSET DTVM LTDA. - PRUDENCIAL;;83900;n2;3;16;SAO PAULO;SP;06/2024;0;0;0;0;0;0;0;0;0;0;0;0;0;0;0;0;0;25.604;25.604;89.570;115.174
COOPERATIVA DE CRÉDITO DE LIVRE ADMISSÃO DE RORAIMA LTDA.;2137018;;;;b3S;2;9;BOA VISTA;RR;06/2024;26.816;0;0;30.281;0;0;57.097;0;2.617;11.635;0;0;0;14.252;0;71.349;0;20.468;91.817;23.057;114.874
COOPERATIVA DE ECONOMIA E CRÉDITO MÚTUO DE LIVRE ADMISSÃO DOS SERVIDORES DA UNIVERSIDADE FEDERAL DE VIÇOSA LTDA. - SICOOB UFVCREDI;2794761;;;;b3S;2;9;VICOSA;MG;06/2024;10.374;0;0;68.197;0;0;78.571;0;0;0;0;0;0;0;0;78.571;0;3.064;81.635;32.586;114.221
COOPERATIVA DE ECONOMIA E CRÉDITO MÚTUO DOS SERVIDORES PÚBLICOS NO ESTADO DO ESPÍRITO SANTO;1330295;;;;b3S;2;9;VITORIA;ES;06/2024;17.345;0;0;56.230;0;0;73.575;0;0;0;0;0;0;0;0;73.575;0;5.190;78.765;34.636;113.401
GOOGLE PAY BRASIL INSTITUICAO DE PAGAMENTO LTDA.;43394419;GOOGLE PAY BRASIL IP - PRUDENCIAL;;86684;n4;3;41;SAO PAULO;SP;06/2024;0;0;0;0;0;0;0;0;0;0;0;0;0;0;0;0;0;4.789;4.789;108.488;113.277
MICROINVEST S.A. SOCIEDADE DE CRÉDITO A MICROEMPREENDEDOR;5076239;ITAU - PRUDENCIAL;10069;80099;n1;2;10;SAO PAULO;SP;06/2024;0;0;0;0;0;0;0;0;0;0;0;0;0;0;0;0;0;1.534;1.534;110.854;112.388
COOPERATIVA DE ECONOMIA E CRÉDITO MÚTUO SICOOB METALCRED;4833655;;;;b3S;2;9;SAO PAULO;SP;06/2024;9.370;0;0;35.320;0;0;44.690;0;0;0;0;0;0;0;19.482;64.172;0;5.083;69.255;42.991;112.246
NOVA FUTURA CORRETORA DE TÍTULOS E VALORES MOBILIÁRIOS LTDA.;4257795;NOVA FUTURA CTVM LTDA - PRUDENCIAL;;83759;n2;2;15;SAO PAULO;SP;06/2024;0;0;0;0;0;50.208;50.208;0;0;0;0;0;0;0;0;50.208;0;35.579;85.788;25.645;111.433
COOPERATIVA DE CRÉDITO, POUPANÇA E INVESTIMENTO DOS PROFESSORES, FUNCIONÁRIOS E ALUNOS DA UNIVERSIDADE DE CAXIAS DO SUL - SICREDI COOPERUCS;4525997;;;;b3S;2;9;CAXIAS DO SUL;RS;06/2024;14.687;0;18.613;50.840;0;191;84.331;0;0;0;0;0;0;0;0;84.331;0;9.895;94.226;17.032;111.258
AGIBANK FINANCEIRA S.A. - CRÉDITO, FINANCIAMENTO E INVESTIMENTO;13660104;AGIBANK - PRUDENCIAL;51956;83694;n1;2;14;CAMPINAS;SP;06/2024;0;0;24.924;0;0;0;24.924;0;0;0;0;0;0;0;0;24.924;0;53.696;78.620;31.947;110.567
RENDIMENTOPAY INSTITUIÇÃO DE PAGAMENTO S.A.;13776742;RENDIMENTO - PRUDENCIAL;;80659;n4;2;41;SAO PAULO;SP;06/2024;0;0;0;0;62.326;0;62.326;0;0;0;0;0;0;0;0;62.326;0;36.957;99.284;10.529;109.812
BANCO RNX S.A.;80271455;BANCO RNX S.A. - PRUDENCIAL;;81775;b2;2;8;CURITIBA;PR;06/2024;0;0;0;83.258;0;0;83.258;0;0;0;0;0;0;0;0;83.258;0;5.272;88.530;21.135;109.666
COOPERATIVA DE CRÉDITO DE LIVRE ADMISSÃO DE ASSOCIADOS DE DORES DO INDAIÁ LTDA - COOPCREDI;2254376;;;;b3S;2;9;DORES DO INDAIA;MG;06/2024;20.789;0;0;69.668;0;0;90.457;0;0;0;0;0;0;0;0;90.457;0;1.827;92.284;17.341;109.625
COOPERATIVA DE CRÉDITO SICOOB CREDCOOP LTDA.;2528151;;;;b3S;2;9;VITORIA DA CONQUISTA;BA;06/2024;22.409;0;0;45.982;0;0;68.390;0;0;0;0;0;0;0;10.232;78.622;0;2.135;80.757;28.438;109.195
COOPERATIVA DE CRÉDITO MÚTUO DO CEARÁ - SICOOB CEARÁ;3620772;;;;b3S;2;9;FORTALEZA;CE;06/2024;21.647;0;0;63.336;0;0;84.984;0;0;0;0;0;0;0;4.942;89.925;0;4.084;94.009;15.133;109.142
LECCA CRÉDITO, FINANCIAMENTO E INVESTIMENTO S/A;7652226;LECCA - PRUDENCIAL;;80680;n1;2;14;RIO DE JANEIRO;RJ;06/2024;0;0;0;85.649;0;0;85.649;0;0;0;0;0;10;10;0;85.659;0;2.971;88.630;19.305;107.936
COOPERATIVA DE CRÉDITO DE LIVRE ADMISSÃO SUL MARANHENSE - SICOOB SUL MARANHENSE;26526166;;;;b3S;2;9;BALSAS;MA;06/2024;28.467;0;0;52.174;0;0;80.641;0;0;2.167;0;0;0;2.167;0;82.808;0;3.514;86.321;20.203;106.524
COOPERATIVA DE CRÉDITO, POUPANÇA E INVESTIMENTO DOS POLICIAIS FEDERAIS DO RIO GRANDE DO SUL E SANTA CATARINA - SICREDI POL RS/SC;3000142;;;;b3S;2;9;PORTO ALEGRE;RS;06/2024;4.075;0;28.788;54.089;0;37;86.989;0;0;0;0;0;0;0;0;86.989;0;11.958;98.947;7.223;106.170
GALAPAGOS CAPITAL DISTRIBUIDORA DE TÍTULOS E VALORES MOBILIÁRIOS S.A.;28650236;GALAPAGOS CAPITAL DTVM - PRUDENCIAL;;87092;n2;2;16;SAO PAULO;SP;06/2024;0;0;0;0;0;70.526;70.526;0;0;0;0;0;0;0;0;70.526;0;5.089;75.614;30.103;105.718
COOPERATIVA DE ECONOMIA E CRÉDITO MÚTUO DOS EMPREGADOS DO GRUPO FEMSA BRASIL;43488782;;;;b3S;2;9;SAO PAULO;SP;06/2024;0;0;0;0;0;0;0;0;0;0;0;0;0;0;0;0;0;10.335;10.335;94.489;104.824
GALAX PAY INSTITUIÇÃO DE PAGAMENTO S.A.;30765018;CELCOIN IP - PRUDENCIAL;;85960;n4;2;41;BARUERI;SP;06/2024;0;0;0;0;36.340;0;36.340;0;0;0;0;0;0;0;0;36.340;0;56.198;92.538;11.688;104.226
STONEX BANCO DE CÂMBIO S.A.;28811341;STONEX DTVM - PRUDENCIAL;52041;84088;b2;3;39;SAO PAULO;SP;06/2024;0;0;0;0;0;0;0;0;0;0;0;0;0;0;0;0;0;45.577;45.577;58.649;104.225
COOPERATIVA DE CRÉDITO MÚTUO DOS CORRETORES DE SEGUROS DO ESTADO DE SÃO PAULO - SICOOB CREDICOR/SP;8030602;;;;b3S;2;9;SAO PAULO;SP;06/2024;18.863;0;0;71.652;0;4;90.519;0;0;0;0;0;0;0;0;90.519;0;1.036;91.555;12.649;104.203
ATRIA S.A.- CRÉDITO, FINANCIAMENTO E INVESTIMENTO;5956581;ATRIA S.A. - CFI - PRUDENCIAL;;83508;n1;2;14;ARAUCARIA;PR;06/2024;0;0;0;0;0;0;0;0;0;0;0;0;0;0;0;0;0;12.967;12.967;90.698;103.665
FINSOL SOCIEDADE DE CRÉDITO AO MICROEMPREENDEDOR E À EMPRESA DE PEQUENO PORTE S.A.;18810553;OMNI - PRUDENCIAL;50940;80460;n1;2;10;SAO PAULO;SP;06/2024;0;0;5.716;0;0;0;5.716;0;0;0;0;0;0;0;61.927;67.643;0;4.816;72.459;30.991;103.450
COOPERATIVA DE ECONOMIA E CRÉDITO MÚTUO DOS SERVIDORES DA JUSTIÇA DO ESTADO DE MINAS GERAIS LTDA. - SICOOB CREDJUS;4894460;;;;b3S;2;9;BELO HORIZONTE;MG;06/2024;3;0;0;49.649;0;0;49.652;0;0;0;0;0;0;0;0;49.652;0;4.990;54.642;48.188;102.829
AGÊNCIA DE FOMENTO E DESENVOLVIMENTO DO ESTADO DO PIAUÍ S.A.;11836226;PIAUÍ FOMENTO - PRUDENCIAL;;81160;n1;1;30;TERESINA;PI;06/2024;0;0;0;0;0;0;0;0;0;0;0;0;0;0;25.449;25.449;0;3.360;28.809;73.467;102.276
COOPERATIVA DE CRÉDITO DE LIVRE ADMISSÃO - SICOOB COPESITA;19875244;;;;b3S;2;9;TIMOTEO;MG;06/2024;19.852;0;0;46.358;0;0;66.210;0;0;0;0;0;0;0;0;66.210;0;4.607;70.817;30.911;101.728
COOPERATIVA DE CRÉDITO COGEM;44401800;;;;b3S;2;9;SAO BERNARDO DO CAMPO;SP;06/2024;0;0;0;2.535;0;0;2.535;0;0;0;0;0;0;0;0;2.535;0;11.443;13.978;87.448;101.426
COOPERATIVA DE ECONOMIA E CRÉDITO MÚTUO DOS MAGISTRADOS DE SÃO PAULO - MAGISCRED;51489318;;;;b3S;2;9;SAO PAULO;SP;06/2024;1.975;0;0;80.286;0;1.069;83.331;0;0;0;0;0;0;0;0;83.331;0;1.021;84.352;16.612;100.964
BELLUNO INSTITUICAO DE PAGAMENTO LTDA;25238191;BELLUNO IP - PRUDENCIAL;;86983;n4;2;41;JARAGUA DO SUL;SC;06/2024;0;0;0;0;9.137;0;9.137;0;0;0;0;0;0;0;0;9.137;0;87.366;96.504;4.303;100.807
COOPERATIVA DE CRÉDITO MÚTUO DOS DESPACHANTES DE TRÂNSITO DE SANTA CATARINA E RIO GRANDE DO SUL - SICOOB CREDITRAN;4715685;;;;b3S;2;9;FLORIANOPOLIS;SC;06/2024;15.509;0;0;36.063;0;0;51.572;0;0;0;0;0;0;0;283;51.855;0;22.861;74.716;25.814;100.530
BRL TRUST DISTRIBUIDORA DE TÍTULOS E VALORES MOBILIÁRIOS S.A.;13486793;MAF-BRL TRUST - PRUDENCIAL;52560;84277;n2;2;16;SAO PAULO;SP;06/2024;0;0;0;0;0;44.630;44.630;0;0;0;0;0;0;0;0;44.630;0;18.943;63.573;36.361;99.934
COOPERATIVA DE CRÉDITO DE SÃO FRANCISCO DE SALES LTDA. - SICOOB CREDISALES;1374196;;;;b3S;2;9;SAO FRANCISCO DE SALES;MG;06/2024;13.526;0;0;23.848;0;0;37.374;0;0;13.994;0;0;0;13.994;0;51.368;0;26.835;78.203;20.052;98.255
COOPERATIVA DE ECONOMIA E CRÉDITO MÚTUO DOS SERVIDORES PÚBLICOS - SICOOB COOPERPLAN CREDSEF;3603683;;;;b3S;2;9;BRASILIA;DF;06/2024;5.937;0;0;47.670;0;281;53.888;0;0;0;0;0;0;0;15.600;69.487;0;3.046;72.533;25.650;98.183
COOPERATIVA DE CREDITO E ECONOMIA COM INTERAÇÃO SOLIDÁRIA - CRESOL JACINTO MACHADO;9463721;;;;b3S;2;9;JACINTO MACHADO;SC;06/2024;10.668;4.940;0;47.793;0;0;63.402;0;0;0;0;0;0;0;0;63.402;0;24.053;87.454;10.625;98.079
DELCRED SOCIEDADE DE CRÉDITO DIRETO S.A.;38224857;DELCRED SCD - PRUDENCIAL;;85393;n1;2;43;ARACAJU;SE;06/2024;0;0;0;0;69.145;0;69.145;0;0;0;0;0;0;0;0;69.145;0;16.107;85.252;12.527;97.779
JBCRED S.A. SOCIEDADE DE CREDITO, FINANCIAMENTO E INVESTIMENTO;4230630;JBCRED S.A. SCFI - PRUDENCIAL;;83137;n1;2;14;SAO PAULO;SP;06/2024;0;0;0;0;0;0;0;0;0;0;0;0;0;0;0;0;0;8.458;8.458;89.201;97.659
COOPERATIVA DE CRÉDITO, POUPANÇA E INVESTIMENTO DOS ESCRIVÃES, NOTÁRIOS E REGISTRADORES NO ESTADO DO PARANÁ - SICREDI CREDENOREG PR;6078926;;;;b3S;2;9;CURITIBA;PR;06/2024;30.454;0;6.336;35.079;0;13;71.883;0;0;0;0;0;0;0;0;71.883;0;9.287;81.170;16.486;97.656
COOPERATIVA DE CREDITO E ECONOMIA COM INTERAÇÃO SOLIDÁRIA - CRESOL TREZE DE MAIO;9330158;;;;b3S;2;9;TREZE DE MAIO;SC;06/2024;7.656;4.206;0;54.974;0;0;66.837;0;0;0;0;0;0;0;0;66.837;0;21.973;88.809;7.968;96.778
MAF DISTRIBUIDORA DE TÍTULOS E VALORES MOBILIÁRIOS S.A.;36864992;MAF-BRL TRUST - PRUDENCIAL;52560;84277;n2;2;16;SAO PAULO;SP;06/2024;0;0;0;0;0;26.483;26.483;0;0;0;0;0;0;0;0;26.483;0;9.278;35.761;60.977;96.738
COOPERATIVA DE CRÉDITO RURAL E ECONOMIA COM INTERAÇÃO SOLIDÁRIA DE ÁUREA - CRESOL ÁUREA;2904138;;;;b3S;2;9;AUREA;RS;06/2024;5.694;6.348;0;35.141;0;0;47.182;0;0;0;0;0;0;0;0;47.182;0;36.989;84.171;10.720;94.891
ICAP DO BRASIL CORRETORA DE TÍTULOS E VALORES MOBILIÁRIOS LTDA.;9105360;TULLETT PREBON BRASIL S.A. CTVM - PRUDENCIAL;52027;82619;n2;3;15;SAO PAULO;SP;06/2024;0;0;0;0;0;38.603;38.603;0;0;0;0;0;0;0;0;38.603;0;8.997;47.601;46.465;94.066
PLANNER CORRETORA DE VALORES S.A.;806535;PLANNER - PRUDENCIAL;51341;80587;n2;2;15;SAO PAULO;SP;06/2024;0;0;0;0;0;49.523;49.523;0;0;0;0;0;0;0;0;49.523;0;28.121;77.644;16.271;93.915
AGENCIA DE FOMENTO DO RIO GRANDE DO NORTE S.A.;3848103;AGENCIA DE FOMENTO DO RN S.A. - PRUDENCIAL;;81043;n1;1;30;NATAL;RN;06/2024;0;0;0;0;0;0;0;0;0;0;0;0;0;0;9.396;9.396;0;19.298;28.694;65.084;93.778
B&T CORRETORA DE CAMBIO LTDA.;73622748;B & T ASSOCIADOS CC LTDA. - PRUDENCIAL;;81995;n2;2;21;SAO PAULO;SP;06/2024;0;0;0;0;0;0;0;0;0;0;0;0;0;0;0;0;0;65.914;65.914;26.751;92.665
COOPERATIVA DE ECONOMIA E CRÉDITO DE LIVRE ADMISSÃO DOS EMPREGADOS DOS CORREIOS LTDA. - SICOOB COOPERCORREIOS;3862898;;;;b3S;2;9;BELO HORIZONTE;MG;06/2024;15.966;0;0;40.057;0;0;56.023;0;0;0;0;0;0;0;0;56.023;0;2.332;58.355;34.280;92.635
FIDÚCIA SOCIEDADE DE CRÉDITO AO MICROEMPREENDEDOR E À EMPRESA DE PEQUENO PORTE LIMITADA.;4307598;FIDUCIA SCMEPP LTDA - PRUDENCIAL;;83010;n1;2;10;SOROCABA;SP;06/2024;0;0;0;0;66.704;0;66.704;0;0;0;0;0;0;0;0;66.704;0;17.097;83.801;7.425;91.226
PARATI - CREDITO, FINANCIAMENTO E INVESTIMENTO S.A.;3311443;AME DIGITAL BRASIL IP - PRUDENCIAL;;86488;n1;2;14;SAO PAULO;SP;06/2024;0;0;0;20.360;26.923;0;47.284;0;0;0;0;0;0;0;0;47.284;0;30.876;78.160;12.455;90.615
COOPERATIVA DE CRÉDITO MÚTUO DE LIVRE ADMISSÃO DA REGIÃO ADMINISTRATIVA DE SOROCABA - SICOOB COOPERASO;10175348;;;;b3S;2;9;SOROCABA;SP;06/2024;29.813;0;0;40.500;0;0;70.313;0;1.239;74;0;0;0;1.312;0;71.625;0;3.379;75.004;15.515;90.520
SITA SOCIEDADE CORRETORA DE CAMBIO E VALORES MOBILIARIOS S.A;17315359;SITA SCCVM S.A. - PRUDENCIAL;;82743;n2;2;15;BELO HORIZONTE;MG;06/2024;0;0;0;0;0;0;0;0;0;0;0;0;0;0;0;0;75;32.019;32.094;58.116;90.210
COOPERATIVA DE CRÉDITO DE LIVRE ADMISSÃO DE VITÓRIA DA CONQUISTA;2833202;;;;b3S;2;9;VITORIA DA CONQUISTA;BA;06/2024;21.284;0;0;39.118;0;0;60.402;0;0;0;0;0;0;0;0;60.402;0;11.252;71.654;18.437;90.092
COOPERATIVA DE ECONOMIA E CRÉDITO MÚTUO DOS FUNCIONÁRIOS DA NESTLÉ - CREDI NESTLÉ;62562012;;;;b3S;2;9;SAO PAULO;SP;06/2024;0;0;0;0;0;0;0;0;0;0;0;0;0;0;0;0;0;2.143;2.143;86.320;88.462
SICOOB CRED COPERCANA COOPERATIVA DE CRÉDITO;64739121;;;;b3S;2;9;SERTAOZINHO;SP;06/2024;7.033;0;0;40.642;0;0;47.674;0;2.448;0;0;0;0;2.448;0;50.122;0;1.803;51.925;35.559;87.484
SEFER INVESTIMENTOS DISTRIBUIDORA DE TÍTULOS E VALORES MOBILIÁRIOS LTDA;329598;SEFER INVESTIMENTOS DTVM - PRUDENCIAL;;83924;n2;3;16;SAO PAULO;SP;06/2024;0;0;0;0;3.730;0;3.730;5.434;0;0;0;0;0;0;0;9.164;0;61.973;71.137;15.089;86.226
COOPERATIVA DE CRÉDITO CLÁSSICA DOS EMPREGADOS DA VALE S/A E ENTIDADES VINCULADAS LTDA. - SICOOB COOPVALE;33924028;;;;b3S;2;9;RIO DE JANEIRO;RJ;06/2024;17.338;0;0;51.520;0;0;68.858;0;0;0;0;0;0;0;0;68.858;0;3.067;71.925;12.978;84.903
COOPERATIVA DE CRÉDITO E ECONOMIA COM INTERAÇÃO SOLIDÁRIA - CRESOL COOPERACRED;9488496;;;;b3S;2;9;SAO JOAO DO SUL;SC;06/2024;12.104;6.020;0;33.356;0;0;51.480;0;0;0;0;0;0;0;0;51.480;0;23.922;75.402;9.087;84.488
REPASSES FINANCEIROS E SOLUCOES TECNOLOGICAS INSTITUICAO DE PAGAMENTO S.A.;40473435;BRADESCO - PRUDENCIAL;;80075;n4;2;41;OSASCO;SP;06/2024;0;0;0;0;60.312;0;60.312;0;0;0;0;0;0;0;0;60.312;0;18.967;79.279;3.938;83.217
NVIO BRASIL INSTITUICAO DE PAGAMENTO LTDA;35136120;NVIO BRASIL IP - PRUDENCIAL;;86945;n4;3;41;OSASCO;SP;06/2024;0;0;0;0;28.600;0;28.600;0;0;0;0;0;0;0;0;28.600;0;21.769;50.369;31.795;82.164
COOPERATIVA DE ECONOMIA E CRÉDITO MÚTUO DOS EMPRESÁRIOS DE AMERICANA, LIMEIRA E REGIÃO - SICOOB ACICRED;9579249;;;;b3S;2;9;AMERICANA;SP;06/2024;18.946;0;0;48.711;0;0;67.657;0;0;0;0;0;0;0;0;67.657;0;3.215;70.872;11.112;81.985
COOPERATIVA DE CRÉDITO, POUPANÇA E INVESTIMENTO DOS PROFISSIONAIS MÉDICOS E DA SAÚDE DE CURITIBA E REGIÃO METROPOLITANA - SICREDI MEDICRED PR;2924977;;;;b3S;2;9;CURITIBA;PR;06/2024;14.519;0;848;44.499;0;245;60.111;0;0;0;0;0;0;0;0;60.111;0;8.197;68.309;12.989;81.298
PAYMEE BRASIL INSTITUIÇÃO DE PAGAMENTO S.A.;28683892;PAYMEE BRASIL IP - PRUDENCIAL;;87700;n4;2;41;SAO PAULO;SP;06/2024;0;0;0;0;17.791;0;17.791;0;0;0;0;0;0;0;0;17.791;0;9.227;27.018;53.965;80.983
AZUMI DISTRIBUIDORA DE TÍTULOS E VALORES MOBILIÁRIOS LTDA.;40434681;AZUMI DTVM PRUDENCIAL;;85719;n2;2;16;SAO PAULO;SP;06/2024;0;0;0;0;74.674;0;74.674;0;0;0;0;0;0;0;0;74.674;0;1.281;75.956;4.736;80.691
COOPERATIVA DE CRÉDITO MÚTUO DOS PROFISSIONAIS DA SAÚDE E LIVRE ADMISSÃO DE TEÓFILO OTONI LTDA. - UNICRED TRÊS VALES;1709266;;;;b3S;2;9;TEOFILO OTONI;MG;06/2024;12.327;0;0;42.157;0;0;54.483;0;3.648;0;1.037;0;0;4.686;0;59.169;0;7.766;66.934;13.213;80.148
SRM BANK INSTITUIÇÃO DE PAGAMENTO S/A;22575466;SRM BANK IP - PRUDENCIAL;;86024;n4;2;41;SAO PAULO;SP;06/2024;0;0;0;0;71.256;0;71.256;0;0;0;0;0;0;0;0;71.256;0;2.178;73.434;6.348;79.782
CREDISIS OESTE - COOPERATIVA DE CRÉDITO E INVESTIMENTO DO OESTE;4985665;;;;b3S;2;9;ESPIGAO D'OESTE;RO;06/2024;25.734;0;0;12.081;0;0;37.815;0;0;9.699;0;0;0;9.699;6;47.520;0;13.189;60.709;19.065;79.774
COOPERATIVA DE ECONOMIA E CRÉDITO MÚTUO DOS EMPREGADOS DO BANRISUL;92935741;;;;b3S;2;9;PORTO ALEGRE;RS;06/2024;0;0;0;32.374;0;0;32.374;0;0;0;0;0;0;0;0;32.374;0;4.931;37.305;42.399;79.704
COOPERATIVA DE CRÉDITO DOS CONTADORES, ADMINISTRADORES DE EMPRESAS, ECONOMISTAS E CORRETORES DE SEGUROS LTDA. - SICOOB CREDITABIL;2217068;;;;b3S;2;9;BELO HORIZONTE;MG;06/2024;17.184;0;0;49.370;0;0;66.553;0;11;0;0;0;0;11;0;66.564;0;1.191;67.755;11.177;78.932
COOPERATIVA DE ECONOMIA E CRÉDITO MÚTUO - COOPERSERV;5667301;;;;b3S;2;9;LENCOIS PAULISTA;SP;06/2024;12.308;0;0;42.826;0;0;55.134;0;0;0;0;0;0;0;0;55.134;0;2.115;57.249;20.972;78.221
FRENTE CORRETORA DE CÂMBIO S.A.;71677850;FRENTE CC - PRUDENCIAL;;84387;n2;2;21;SAO PAULO;SP;06/2024;0;0;0;0;0;0;0;0;0;0;0;0;0;0;0;0;0;65.870;65.870;12.335;78.205
SICOOB UNISP - COOPERATIVA DE CRÉDITO;74220948;;;;b3S;2;9;PRESIDENTE PRUDENTE;SP;06/2024;9.122;0;0;55.314;0;959;65.394;0;0;0;0;0;0;0;0;65.394;0;2.928;68.322;9.394;77.716
FAIR CORRETORA DE CAMBIO S.A.;32648370;FAIR CC S.A. - PRUDENCIAL;;81919;n2;2;21;SAO PAULO;SP;06/2024;0;0;0;0;0;0;0;0;0;0;0;0;0;0;0;0;0;42.517;42.517;35.056;77.573
CARTOS SOCIEDADE DE CRÉDITO DIRETO S.A.;21332862;CARTOS SCD - PRUDENCIAL;;84442;n1;2;43;SAO PAULO;SP;06/2024;0;0;0;0;65.125;0;65.125;0;0;0;0;0;0;0;841;65.966;0;5.961;71.928;5.249;77.177
COOPERATIVA DE CRÉDITO, POUPANÇA E INVESTIMENTO DAS CARREIRAS DO MINISTÉRIO PÚBLICO, TRIBUNAL DE CONTAS E SECRETARIA DA FAZENDA DO RIO GRANDE DO SUL - SICREDI MP RS;3662047;;;;b3S;2;9;PORTO ALEGRE;RS;06/2024;3.347;0;19.621;40.202;0;1.227;64.397;0;0;0;0;0;0;0;0;64.397;0;4.250;68.647;8.212;76.859
ECONOMISA COMPANHIA HIPOTECÁRIA.;17441197;ECONOMIA CI S.A.-ECONOMISA - PRUDENCIAL;;83364;n1;2;29;BELO HORIZONTE;MG;06/2024;0;0;0;0;0;0;0;0;0;0;0;0;0;0;14.658;14.658;0;38.680;53.338;23.461;76.798
COOPERATIVA DE CRÉDITO MÚTUO DOS SERVIDORES MUNICIPAIS DE SÃO JOÃO DA BOA VISTA - CREDIVISTA;74248949;;;;b3S;2;9;SAO JOAO DA BOA VISTA;SP;06/2024;5.019;0;0;44.535;0;0;49.555;0;0;0;0;0;0;0;0;49.555;0;1.754;51.308;25.227;76.535
AGÊNCIA DE FOMENTO DO ESTADO DE PERNAMBUCO S.A.;13178690;AF ESTADO DE PERNAMBUCO S.A. - PRUDENCIAL;;81177;n1;1;30;RECIFE;PE;06/2024;0;0;0;0;0;0;0;0;0;0;0;0;0;0;4.388;4.388;0;4.262;8.651;66.819;75.469
COOPERATIVA DE CRÉDITO, POUPANÇA E INVESTIMENTO DO SISTEMA DE JUSTIÇA NO ESTADO DO CEARÁ - SICREDI COOPERJURIS;8041950;;;;b3S;2;9;FORTALEZA;CE;06/2024;5.369;0;3.296;49.000;0;0;57.665;0;0;0;0;0;0;0;1.450;59.115;0;5.177;64.291;11.125;75.416
COOPERATIVA DE CRÉDITO MÚTUO - SICOOB CREDIACISC;7669921;;;;b3S;2;9;SAO CARLOS;SP;06/2024;22.116;0;0;40.470;0;1;62.587;0;0;0;0;0;0;0;0;62.587;0;1.664;64.251;11.119;75.370
COOPERATIVA DE ECONOMIA E CREDITO MUTUO DOS EMPREGADOS DAS EMPRESAS RANDON;89280960;;;;b3S;2;9;CAXIAS DO SUL;RS;06/2024;1.079;0;0;2.997;0;0;4.076;0;0;0;0;0;0;0;926;5.003;0;6.458;11.461;63.548;75.008
EWALLY INSTITUIÇÃO DE PAGAMENTO S.A.;714671;EWALLY IP - PRUDENCIAL;;86495;n4;2;41;SAO PAULO;SP;06/2024;0;0;0;0;60.995;0;60.995;0;0;0;0;0;0;0;0;60.995;0;8.209;69.205;5.728;74.932
TRANSFEERA INSTITUIÇÃO DE PAGAMENTO S.A;27084098;TRANSFEERA IP - PRUDENCIAL;;87353;n4;2;41;CURITIBA;PR;06/2024;0;0;0;0;54.520;0;54.520;0;0;0;0;0;0;0;0;54.520;0;13.226;67.746;6.458;74.204
SUPERBID PAY INSTITUICAO DE PAGAMENTO LTDA;35084163;SUPERBID PAY IP - PRUDENCIAL;;86749;n4;2;41;SAO PAULO;SP;06/2024;0;0;0;0;61.737;0;61.737;0;0;0;0;0;0;0;0;61.737;0;6.446;68.183;5.714;73.897
BRB - DISTRIBUIDORA DE TITULOS E VALORES MOBILIARIOS SA;33850686;BRB - PRUDENCIAL;31976;80288;n2;1;16;BRASILIA;DF;06/2024;0;0;0;0;0;0;0;0;0;0;0;0;0;0;0;0;0;14.804;14.804;58.963;73.766
COOPERATIVA DE ECONOMIA E CRÉDITO MÚTUO DOS SERVIDORES DA FUNDAÇÃO HOSPITALAR E EMPREGADOS DOS ESTABELECIMENTOS HOSPITALARES DE BELO HORIZONTE, REGIÃO METROPOLITANA E ZONA DA MATA LTDA.- SICOOB CECREF;19402130;;;;b3S;2;9;BELO HORIZONTE;MG;06/2024;5.486;0;0;27.902;0;0;33.389;0;0;0;0;0;0;0;1.697;35.086;0;6.571;41.658;31.055;72.712
COOPERATIVA DE CRÉDITO DOS EMPRESÁRIOS DE MANAUS - SICOOB CREDEMPRESAS-AM;10808037;;;;b3S;2;9;MANAUS;AM;06/2024;14.505;0;0;41.894;0;0;56.398;0;0;0;0;0;0;0;1.000;57.398;0;967;58.366;11.841;70.207
BEC DISTRIBUIDORA DE TITULOS E VALORES MOBILIARIOS LTDA.;7299480;BRADESCO - PRUDENCIAL;10045;80075;n2;2;16;OSASCO;SP;06/2024;0;0;0;0;0;0;0;0;0;0;0;0;0;0;0;0;0;5.251;5.251;63.938;69.189
SICOOB CREDIMED - COOPERATIVA DE CRÉDITO DE LIVRE ADMISSÃO DA CIDADE DE UBERABA LTDA.;71336432;;;;b3S;2;9;UBERABA;MG;06/2024;8.276;0;0;45.443;0;52;53.770;0;0;0;0;0;0;0;0;53.770;0;1.501;55.271;13.476;68.748
COOPERÁGUIA - COOPERATIVA DE ECONOMIA E CRÉDITO MÚTUO DOS EMPREGADOS DO GRUPO ÁGUIA BRANCA;27171974;;;;b3S;2;9;CARIACICA;ES;06/2024;0;0;0;0;0;0;0;0;0;0;0;0;0;0;0;0;0;11.786;11.786;55.670;67.456
PAGME INSTITUIÇÃO DE PAGAMENTO LTDA.;34471744;PAGME IP - PRUDENCIAL;;87542;n4;2;41;PORTO ALEGRE;RS;06/2024;0;0;0;0;61.646;0;61.646;0;0;0;0;0;0;0;0;61.646;0;1.567;63.213;4.048;67.261
COOPERATIVA DE ECONOMIA E CRÉDITO MÚTUO DO GRUPO BASF;74244344;;;;b3S;2;9;SAO BERNARDO DO CAMPO;SP;06/2024;0;0;0;0;0;0;0;0;0;0;0;0;0;0;0;0;0;1.587;1.587;65.195;66.782
COOPERATIVA DE CRÉDITO DOS SERVIDORES DA UNIÃO, EMPRESÁRIOS, PROFISSIONAIS AUTÔNOMOS E LIBERAIS - SICOOB CENTRO NORDESTE;3102185;;;;b3S;2;9;JOAO PESSOA;PB;06/2024;15.678;0;0;28.707;0;0;44.385;0;0;0;0;0;0;0;0;44.385;0;2.651;47.036;19.013;66.049
COOPERATIVA DE ECONOMIA E CRÉDITO MÚTUO DOS SERVIDORES PÚBLICOS DO ESTADO DE SÃO PAULO - CREDIPAULISTA;3139644;;;;b3S;2;9;SAO PAULO;SP;06/2024;0;0;0;0;0;0;0;0;0;0;0;0;0;0;0;0;0;4.526;4.526;61.140;65.666
COOPERATIVA DE CRÉDITO - SICREDI COOMAMP;5545390;;;;b3S;2;9;SAO LUIS;MA;06/2024;4.287;0;135;36.544;0;2;40.968;0;0;0;0;0;0;0;669;41.637;0;6.600;48.237;17.270;65.507
CREDITAS SOCIEDADE DE CRÉDITO DIRETO S.A.;32997490;SCD CREDITAS - PRUDENCIAL;;84909;n1;3;43;SAO PAULO;SP;06/2024;0;0;0;0;0;0;0;0;0;0;0;0;0;0;0;0;0;38.523;38.523;26.811;65.334
SICOOB CREDICONSUMO - COOPERATIVA DE CRÉDITO;47074323;;;;b3S;2;9;SANTO ANDRE;SP;06/2024;10.018;0;0;17.489;0;39;27.546;0;0;0;0;0;0;0;0;27.546;0;3.392;30.938;34.304;65.242
COOPERATIVA DE CRÉDITO CREDIPIMENTA LTDA. - SICOOB CREDIPIMENTA;42934794;;;;b3S;2;9;PIMENTA;MG;06/2024;8.928;0;0;32.864;0;0;41.791;0;0;6.256;0;0;0;6.256;0;48.048;0;6.919;54.967;10.115;65.081
COOPERATIVA DE CRÉDITO, POUPANÇA E SERVIÇOS FINANCEIROS;5491616;;;;b3S;2;9;MINEIROS;GO;06/2024;55.036;0;0;8.426;0;0;63.462;0;0;0;0;0;0;0;0;63.462;0;366;63.829;1.135;64.963
OSLO CAPITAL DISTRIBUIDORA DE TÍTULOS E VALORES MOBILIÁRIOS S.A;13673855;OSLO CAPITAL DTVM S.A. - PRUDENCIAL;;84253;n2;2;16;SAO PAULO;SP;06/2024;0;0;0;0;0;8.774;8.774;38.882;0;0;0;0;0;0;0;47.655;0;11.097;58.752;5.486;64.238
CREDISIS/CREDISUL COOPERATIVA DE CRÉDITO;7494300;;;;b3S;2;9;ERECHIM;RS;06/2024;6.751;0;0;45.871;0;0;52.621;0;0;1.889;0;0;0;1.889;0;54.510;0;1.550;56.060;7.857;63.916
AGÊNCIA DE FOMENTO DE ALAGOAS S.A.;10769660;AFAL - PRUDENCIAL;;81081;n1;1;30;MACEIO;AL;06/2024;0;0;0;0;0;0;0;0;0;0;0;0;0;0;15.727;15.727;0;1.871;17.598;45.763;63.361
COOPERATIVA DE CRÉDITO, POUPANÇA E INVESTIMENTO DA ADVOCACIA E SERVENTUÁRIOS DO PODER JUDICIÁRIO NO ESTADO DO RIO GRANDE DO SUL - SICREDI COOABCRED RS;19962468;;;;b3S;2;9;PORTO ALEGRE;RS;06/2024;13.235;0;4.742;32.496;0;0;50.474;0;0;0;0;0;0;0;0;50.474;0;4.967;55.441;6.918;62.359
COOPERATIVA DE ECONOMIA E CRÉDITO MÚTUO DOS FUNCIONÁRIOS DA CARGILL;68228006;;;;b3S;2;9;SAO PAULO;SP;06/2024;0;0;0;11.587;0;0;11.587;0;0;0;0;0;0;0;0;11.587;0;1.065;12.652;49.703;62.355
CONTA PRONTA INSTITUICAO DE PAGAMENTO LTDA;12473687;CONTA PRONTA IP - PRUDENCIAL;;86835;n4;2;41;BARUERI;SP;06/2024;0;0;0;0;20.114;0;20.114;0;0;0;0;0;0;0;207;20.321;0;11.576;31.897;30.139;62.036
BMW LEASING DO BRASIL S.A. - ARRENDAMENTO MERCANTIL;60872983;BMW - PRUDENCIAL;51420;80635;n1;3;19;SAO PAULO;SP;06/2024;0;0;0;0;0;0;0;0;0;0;0;0;0;0;0;0;0;1.461;1.461;60.508;61.969
Z1 INSTITUIÇÃO DE PAGAMENTO LTDA.;35810871;Z1 INSTITUIÇÃO DE PAGAMENTO - PRUDENCIAL;;87102;n4;3;41;SAO PAULO;SP;06/2024;0;0;0;0;19.863;0;19.863;0;0;0;0;0;0;0;16.663;36.526;0;20.601;57.127;4.774;61.900
TREVISO CORRETORA DE CÂMBIO S.A.;2992317;TREVISO CC S.A. - PRUDENCIAL;;81885;n2;2;21;SAO PAULO;SP;06/2024;0;0;0;0;0;0;0;0;0;0;0;0;0;0;0;0;0;37.770;37.770;23.331;61.102
DIRECAO S.A. CREDITO, FINANCIAMENTO E INVESTIMENTO;58158387;DIRECAO S.A. CFI - PRUDENCIAL;;83625;n1;2;14;SANTOS;SP;06/2024;0;0;0;0;0;0;0;0;0;0;0;0;0;0;0;0;0;662;662;59.470;60.132
H H PICCHIONI S/A CORRETORA DE CAMBIO E VALORES MOBILIARIOS;17312083;H.H.PICCHIONI - PRUDENCIAL;;80226;n2;2;15;BELO HORIZONTE;MG;06/2024;0;0;0;0;0;0;0;0;0;0;0;0;0;0;0;0;0;53.866;53.866;5.882;59.749
BANCO FINAXIS S.A.;11758741;FINAXIS - PRUDENCIAL;51688;80790;b1;2;2;CURITIBA;PR;06/2024;28.073;0;0;0;0;0;28.073;0;0;0;0;0;0;0;0;28.073;0;7.531;35.604;24.082;59.686
MERCADO BITCOIN INSTITUICAO DE PAGAMENTO LTDA;11351086;MERCADO BITCOIN IP - PRUDENCIAL;;87061;n4;2;41;SAO PAULO;SP;06/2024;0;0;0;0;45.697;0;45.697;0;0;0;0;0;0;0;0;45.697;0;2.191;47.889;11.749;59.638
COOPERATIVA DE CRÉDITO MÚTUO DOS EMPREGADOS DO MAGAZINE LUIZA, EMPRESAS CONTROLADAS E COLIGADAS - COOPLUIZA;2093154;;;;b3S;2;9;FRANCA;SP;06/2024;0;0;0;0;0;0;0;0;0;0;0;0;0;0;0;0;0;5.740;5.740;53.880;59.621
COOPERATIVA DE CREDITO SICOOB COOPEC LTDA.;32615247;;;;b3S;2;9;ITABUNA;BA;06/2024;8.831;0;0;15.804;0;0;24.635;0;0;0;0;0;0;0;0;24.635;0;2.856;27.491;31.255;58.746
BRASIL CASH INSTITUICAO DE PAGAMENTO S.A;30507541;BRASIL CASH IP - PRUDENCIAL;;87566;n4;2;41;BARUERI;SP;06/2024;0;0;0;0;25.196;0;25.196;0;0;0;0;0;0;0;24.325;49.521;0;7.894;57.415;1.233;58.648
COOPERATIVA DE ECONOMIA E CRÉDITO MÚTUO DOS EMPREGADOS DA CENTRAIS ELÉTRICAS DE SANTA CATARINA - CREDELESC;8850613;;;;b3S;2;9;FLORIANOPOLIS;SC;06/2024;10.823;0;0;33.278;0;0;44.101;0;1.873;0;0;0;0;1.873;0;45.974;0;2.027;48.001;9.988;57.989
HEDGEPOINT GLOBAL MARKETS DISTRIBUIDORA DE TITULOS E VALORES MOBILIÁRIOS LTDA.;35470647;HEDGEPOINT GLOBAL MARKETS DTVM - PRUDENCIAL;;85197;n2;3;16;CAMPINAS;SP;06/2024;0;0;0;0;0;0;0;0;0;0;0;0;0;0;0;0;0;22.221;22.221;34.335;56.556
SIMPAUL CORRETORA DE CAMBIO E VALORES MOBILIARIOS  S.A.;68757681;SIMPAUL CCVM - PRUDENCIAL;;82640;n2;2;15;PORTO ALEGRE;RS;06/2024;0;0;0;0;38.090;0;38.090;0;0;0;0;0;0;0;0;38.090;0;1.953;40.044;15.361;55.405
BIZ INSTITUIÇÃO PAGAMENTO LTDA;12481100;OMNI - PRUDENCIAL;;80460;n4;2;41;SAO PAULO;SP;06/2024;0;0;0;0;44.325;0;44.325;0;0;0;0;0;0;0;0;44.325;0;7.905;52.230;2.517;54.747
TRUSTEE DISTRIBUIDORA DE TÍTULOS E VALORES MOBILIÁRIOS LTDA.;67030395;TRUSTEE DTVM PRUDENCIAL;;86354;n2;2;16;SAO PAULO;SP;06/2024;0;0;0;0;0;29.949;29.949;0;0;0;0;0;0;0;0;29.949;0;6.377;36.325;18.311;54.636
MOVA SOCIEDADE DE EMPRÉSTIMO ENTRE PESSOAS S.A.;33959738;MOVA SEP - PRUDENCIAL;;84961;n1;3;44;SAO PAULO;SP;06/2024;0;0;0;0;0;0;0;0;0;0;0;0;0;0;0;0;0;28.695;28.695;25.488;54.183
COOPERATIVA DE ECONOMIA E CRÉDITO MÚTUO DOS COLABORADORES DA VALE S.A LTDA. - SICOOB CREDIVALE;20961629;;;;b3S;2;9;ITABIRA;MG;06/2024;11.618;0;0;29.470;0;0;41.088;0;2.702;0;0;0;0;2.702;1.047;44.837;0;2.157;46.994;6.833;53.827
CCB BRASIL S.A. - CRÉDITO, FINANCIAMENTOS E INVESTIMENTOS;92764489;CCB - PRUDENCIAL;32119;80295;n1;3;14;SAO PAULO;SP;06/2024;0;0;0;0;0;0;0;0;0;0;0;0;0;0;0;0;0;43.526;43.526;9.938;53.464
COOPERATIVA DE CRÉDITO DOS MÉDICOS E PROFISSIONAIS DE SAÚDE DE SÃO LUÍS - SICREDI SÃO LUÍS;8143326;;;;b3S;2;9;SAO LUIS;MA;06/2024;12.494;0;2.254;23.890;0;0;38.638;0;0;0;0;0;0;0;132;38.770;0;6.925;45.694;7.086;52.780
COOPERATIVA DE ECONOMIA E CREDITO MUTUO DOS MEDICOS E DEMAIS PROFISSIONAIS DA SAUDE DE JOACABA;2853045;;;;b3S;2;9;JOACABA;SC;06/2024;4.635;0;0;33.187;0;0;37.822;0;0;0;0;0;0;0;0;37.822;0;1.025;38.848;13.609;52.457
MONEYCORP BANCO DE CÂMBIO S.A.;8609934;MONEYCORP - PRUDENCIAL;;82028;b2;3;39;SAO PAULO;SP;06/2024;0;0;0;0;0;0;0;0;0;0;0;0;0;0;0;0;0;32.858;32.858;19.500;52.358
OM DISTRIBUIDORA DE TÍTULOS E VALORES MOBILIÁRIOS LTDA;11495073;OM DTVM LTDA - PRUDENCIAL;;84239;n2;2;16;SAO PAULO;SP;06/2024;0;0;0;0;0;0;0;0;0;0;0;0;0;0;0;0;0;17.846;17.846;34.190;52.036
COOPERATIVA DE CAPITAL E EMPRÉSTIMO COOPERMULTICRED - COOPERMC;51010858;;;;b3S;2;9;GUARULHOS;SP;06/2024;0;0;0;0;0;0;0;0;0;0;0;0;0;0;0;0;0;561;561;50.955;51.516
WE PAY OUT INSTITUICAO DE PAGAMENTO LTDA.;32708748;WE PAY OUT IP - PRUDENCIAL;;86907;n4;2;41;CURITIBA;PR;06/2024;0;0;0;0;3.128;0;3.128;0;0;0;0;0;0;0;0;3.128;0;31.660;34.788;16.455;51.243
F.D'GOLD - DISTRIBUIDORA DE TÍTULOS E VALORES MOBILIÁRIOS LTDA.;8673569;F D GOLD DTVM LTDA - PRUDENCIAL;;83993;n2;2;16;SAO PAULO;SP;06/2024;0;0;0;0;0;0;0;0;0;0;0;0;0;0;0;0;0;20.037;20.037;30.931;50.968
COOPERATIVA DE ECONOMIA E CRÉDITO MÚTUO DOS EMPREGADOS DA MONDELEZ BRASIL, PHILIP MORRIS BRASIL E K&S ALIMENTOS - SICOOB COOPMOND;62795257;;;;b3S;2;9;SAO PAULO;SP;06/2024;0;0;0;0;0;0;0;0;0;0;0;0;0;0;0;0;0;4.164;4.164;46.726;50.890
BANCO INDUSCRED DE INVESTIMENTO S.A.;33588252;BCO INDUSCRED DE INVESTIM. S/A - PRUDENCIAL;;81342;b2;2;13;SAO PAULO;SP;06/2024;0;0;0;3.957;0;0;3.957;0;0;0;0;0;0;0;0;3.957;0;273;4.230;46.505;50.735
COOPERATIVA DE CRÉDITO, POUPANÇA E SERVIÇOS FINANCEIROS DE AGRICULTORES E AEROPORTUÁRIOS DO BRASIL - CREHNOR;1330387;;;;b3S;2;9;LARANJEIRAS DO SUL;PR;06/2024;14.417;0;0;28.622;0;0;43.039;0;0;0;0;0;0;0;0;43.039;0;972;44.011;6.359;50.369
HINOVA PAY INSTITUICAO DE PAGAMENTO S.A.;27970567;HINOVA PAY IP - PRUDENCIAL;;86220;n4;2;41;BELO HORIZONTE;MG;06/2024;0;0;0;0;36.461;0;36.461;0;0;0;0;0;0;0;92;36.553;0;4.178;40.731;9.620;50.351
AGÊNCIA DE FOMENTO DO ESTADO DO TOCANTINS S.A.;5474540;AG. FOMENTO ESTADO DO TOCANTINS - PRUDENCIAL;;81122;n1;1;30;PALMAS;TO;06/2024;0;0;0;0;0;0;0;0;0;0;0;0;0;0;15.852;15.852;0;772;16.625;33.429;50.054
UBS BRASIL BANCO DE INVESTIMENTO S.A.;18520834;UBS - PRUDENCIAL;51877;80989;b2;3;13;SAO PAULO;SP;06/2024;0;0;0;0;0;0;0;0;0;0;0;0;0;0;0;0;0;974;974;48.989;49.963
UNIDA DISTRIBUIDORA DE TÍTULOS E VALORES MOBILIÁRIOS LTDA.;20155248;UNIDA DTVM LTDA - PRUDENCIAL;;84019;n2;2;16;BARUERI;SP;06/2024;0;0;0;0;0;0;0;0;0;0;0;0;0;0;0;0;0;23.104;23.104;26.484;49.589
PAGOL SOCIEDADE DE CRÉDITO DIRETO S.A.;48176336;PAGOL SCD - PRUDENCIAL;;86419;n1;2;43;BARUERI;SP;06/2024;0;0;0;0;10.270;0;10.270;0;0;0;0;0;0;0;0;10.270;0;18.915;29.185;19.216;48.401
MEDCRED COOPERATIVA DE CRÉDITO;3575699;;;;b3S;2;9;RIBEIRAO PRETO;SP;06/2024;10.055;0;0;32.171;0;515;42.740;0;862;0;0;0;0;862;0;43.602;0;923;44.525;3.697;48.222
HAITONG DO BRASIL DISTRIBUIDORA DE TÍTULOS E VALORES MOBILIÁRIOS S.A.;11406965;HAITONG - PRUDENCIAL;51482;80666;n2;3;16;SAO PAULO;SP;06/2024;0;0;0;0;0;0;0;0;0;0;0;0;0;0;0;0;0;1.844;1.844;45.279;47.123
ABC BRASIL DISTRIBUIDORA DE TÍTULOS E VALORES MOBILIÁRIOS S.A.;33817677;ABC-BRASIL - PRUDENCIAL;41856;80312;n2;3;16;SAO PAULO;SP;06/2024;0;0;0;0;0;0;0;0;0;0;0;0;0;0;0;0;0;15.876;15.876;31.207;47.083
CODEPE CORRETORA DE VALORES E CÂMBIO S.A.;9512542;CODEPE CORRETORA DE VAL. S.A. - PRUDENCIAL;52089;82712;n2;2;15;BARUERI;SP;06/2024;0;0;0;0;0;604;604;165;0;0;0;0;0;0;0;769;0;996;1.765;45.200;46.964
COOPERATIVA DE CRÉDITO MÚTUO DOS SERVIDORES PÚBLICOS MUNICIPAIS DE SÃO BERNARDO DO CAMPO - CREDIABC;3612679;;;;b3S;2;9;SAO BERNARDO DO CAMPO;SP;06/2024;1;0;0;17.042;0;0;17.043;0;0;0;0;0;0;0;0;17.043;0;2.696;19.739;27.202;46.942
COOPERATIVA  ECONOMIA CRÉDITO MÚTUO  SERVS E EMPREGADOS PÚBLICOS MUNIC DE BELO HORIZONTE BETIM BRUMADINHO CONTAGEM IBIRITÉ NOVA LIMA RIBEIRÃO DAS NEVES SABARÁ SANTA LUZIA E VESPASIANO SICOOB CREDISERV;1864151;;;;b3S;2;9;BELO HORIZONTE;MG;06/2024;4.153;0;0;18.617;0;0;22.769;0;0;0;0;0;0;0;0;22.769;0;2.193;24.962;21.939;46.901
BANCO ITAÚ VEÍCULOS S.A.;61190658;ITAU - PRUDENCIAL;10069;80099;b2;2;8;SAO PAULO;SP;06/2024;0;0;0;0;0;0;0;0;0;0;0;0;0;0;0;0;0;935;935;45.693;46.628
COOPERATIVA DE CRÉDITO DE LIVRE ADMISSÃO DA REGIÃO SUL DO MARANHÃO - SICREDI SUL DO MARANHÃO;26191078;;;;b3S;2;9;IMPERATRIZ;MA;06/2024;16.286;0;0;16.711;0;0;32.997;0;0;0;0;0;0;0;258;33.256;0;4.721;37.977;8.513;46.490
H.COMMCOR DISTRIBUIDORA DE TÍTULOS E VALORES MOBILIÁRIOS LTDA.;1788147;H.COMMCOR DTVM LTDA. - PRUDENCIAL;;84222;n2;2;16;SAO PAULO;SP;06/2024;0;0;0;0;0;8.514;8.514;0;0;0;0;0;0;0;0;8.514;0;19.022;27.536;17.212;44.748
GUITTA CORRETORA DE CAMBIO LTDA.;24074692;GUITTA CC LTDA - PRUDENCIAL;;82107;n2;2;21;SAO PAULO;SP;06/2024;0;0;0;0;0;0;0;0;0;0;0;0;0;0;0;0;0;31.982;31.982;12.742;44.724
SOFISA S.A. CRÉDITO, FINANCIAMENTO E INVESTIMENTO;8257293;SOFISA - PRUDENCIAL;31873;80271;n1;2;14;SAO PAULO;SP;06/2024;0;0;0;0;0;0;0;0;0;0;0;0;0;0;0;0;0;15.802;15.802;28.897;44.699
GRAZZIOTIN FINANCEIRA S/A - CRÉDITO, FINANCIAMENTO E INVESTIMENTOS;6339468;GRAZZIOTIN FINANCEIRA - PRUDENCIAL;;83481;n1;2;14;PASSO FUNDO;RS;06/2024;0;0;0;0;0;0;0;0;0;0;0;0;8.188;8.188;0;8.188;0;8.884;17.072;27.297;44.370
COOPERATIVA DE ECONOMIA E CRÉDITO MÚTUO DOS EMPREGADOS DO GRUPO COLORADO;2024442;;;;b3S;2;9;GUAIRA;SP;06/2024;0;0;0;0;0;0;0;0;0;0;0;0;0;0;0;0;0;2.451;2.451;40.457;42.907
PAGCERTO INSTITUICAO DE PAGAMENTO LTDA.;17819084;PAGCERTO IP - PRUDENCIAL;;87724;n4;3;41;ARACAJU;SE;06/2024;0;0;0;0;32.503;0;32.503;0;0;0;0;0;0;0;11;32.514;0;5.384;37.899;4.948;42.847
COOPERATIVA DE CRÉDITO DE ITAPETININGA - SICOOB CRED-ACI;8844074;;;;b3S;2;9;ITAPETININGA;SP;06/2024;10.337;0;0;24.875;0;0;35.212;0;0;0;0;0;0;0;0;35.212;0;918;36.130;6.568;42.698
CREDISIS COOPERUFPA - COOPERATIVA DE ECONOMIA E CRÉDITO MÚTUO DOS SERVIDORES PÚBLICOS FEDERAIS E ESTADUAIS E DAS ENTIDADES DE ENSINO COM SEUS RESPECTIVOS FUNCIONÁRIOS NO ESTADO DO PARÁ;83325811;;;;b3S;2;9;BELEM;PA;06/2024;0;0;0;0;0;0;0;0;0;0;0;0;0;0;0;0;0;6.961;6.961;35.687;42.647
BANCO WESTERN UNION DO BRASIL S.A.;13720915;WESTERN UNION - PRUDENCIAL;51767;80886;b1;3;2;SAO PAULO;SP;06/2024;2.832;0;0;0;0;0;2.832;0;0;0;0;0;0;0;0;2.832;0;1.503;4.335;38.115;42.450
TRINUS SOCIEDADE DE CRÉDITO DIRETO S.A.;40654622;TRINUS CAPITAL DTVM - PRUDENCIAL;52223;84631;n1;2;43;GOIANIA;GO;06/2024;0;0;0;0;37.757;0;37.757;0;0;0;0;0;0;0;0;37.757;0;477;38.235;4.019;42.254
CORRETORA GERAL DE VALORES E CÂMBIO LTDA;92858380;GERAL CCVM LTDA - PRUDENCIAL;;82918;n2;2;15;PORTO ALEGRE;RS;06/2024;0;0;0;0;0;5.673;5.673;0;0;0;0;0;0;0;0;5.673;0;14.561;20.234;21.838;42.072
COOPERATIVA DE ECONOMIA E CRÉDITO MÚTUO SICOOB CRED-ACILPA;9004796;;;;b3S;2;9;LENCOIS PAULISTA;SP;06/2024;9.686;0;0;20.363;0;0;30.049;0;0;0;0;0;0;0;0;30.049;0;1.174;31.223;10.784;42.007
MASTER S/A CORRETORA DE CÂMBIO, TÍTULOS E VALORES MOBILIÁRIOS;33886862;BANCO MASTER - PRUDENCIAL;50201;80367;n2;2;15;RIO DE JANEIRO;RJ;06/2024;0;0;0;0;0;0;0;0;0;0;0;0;0;0;0;0;0;12.574;12.574;28.995;41.569
FORIS GFS BR INSTITUICAO DE PAGAMENTO LTDA;39993186;FORIS GFS BR IP - PRUDENCIAL;;86725;n4;3;41;SAO PAULO;SP;06/2024;0;0;0;0;6.659;0;6.659;0;0;0;0;0;0;0;3.260;9.919;0;20.852;30.771;10.241;41.011
VALOR SOCIEDADE DE CRÉDITO DIRETO S.A.;7799277;VALOR - PRUDENCIAL;;83223;n1;2;43;SAO PAULO;SP;06/2024;0;0;0;0;0;0;0;0;0;0;0;0;0;0;0;0;0;5.480;5.480;34.913;40.393
UY3 SOCIEDADE DE CRÉDITO DIRETO S/A;39587424;UY3 SCD - PRUDENCIAL;;85472;n1;2;43;PORTO ALEGRE;RS;06/2024;0;0;0;0;31.522;0;31.522;0;0;0;0;0;0;0;0;31.522;0;2.859;34.381;5.465;39.846
COOPERATIVA DE CREDITO DOS FORNECEDORES DE CANA E DEMAIS PRODUTORES RURAIS DO CENTRO DO ESTADO DE SAO PAULO - CREDICENTRO;53776852;;;;b3S;2;9;ARARAQUARA;SP;06/2024;3.427;0;0;11.736;0;0;15.164;0;0;0;0;0;0;0;0;15.164;0;2.431;17.595;21.852;39.447
SERVICOOP - COOPERATIVA DE CRÉDITO DOS SERVIDORES PÚBLICOS ESTADUAIS E MUNICIPAIS DO RIO GRANDE DO SUL;3973814;;;;b3S;2;9;PORTO ALEGRE;RS;06/2024;7.473;0;0;17.611;0;0;25.083;0;0;0;0;0;0;0;0;25.083;0;2.009;27.093;11.666;38.758
ACCREDITO - SOCIEDADE DE CRÉDITO DIRETO S.A.;37715993;ACCREDITO SOCIEDADE DE CREDITO DIRETO - PRUDENCIAL;;85331;n1;2;43;SAO PAULO;SP;06/2024;0;0;0;0;1.127;0;1.127;991;0;0;0;0;0;0;0;2.118;0;540;2.658;35.716;38.375
BANCO CEDULA S.A.;33132044;BCO CEDULA S.A. - PRUDENCIAL;;81469;b1;2;8;RIO DE JANEIRO;RJ;06/2024;1.588;0;0;4.455;0;0;6.043;0;0;0;0;0;0;0;0;6.043;0;5.285;11.327;26.360;37.687
COOPERATIVA DE CRÉDITO RURAL DOS PLANTADORES DE CANA DE ALAGOAS;12272183;;;;b3S;2;9;MACEIO;AL;06/2024;2.999;0;0;0;0;0;2.999;0;0;0;0;0;0;0;0;2.999;0;1.336;4.334;33.075;37.410
EAGLE INSTITUICAO DE PAGAMENTO LTDA.;11414839;EAGLE SCD - PRUDENCIAL;;86172;n4;2;41;PORTO ALEGRE;RS;06/2024;0;0;0;0;0;0;0;0;0;0;0;0;0;0;0;0;0;6.800;6.800;30.323;37.123
COOPERATIVA DE ECONOMIA E CRÉDITO MÚTUO DOS EMPREGADOS DO GRUPO SCHAEFFLER;62284385;;;;b3S;2;9;SOROCABA;SP;06/2024;0;0;0;0;0;0;0;0;0;0;0;0;0;0;0;0;0;611;611;36.457;37.069
COOPERATIVA DE CRÉDITO MÚTUO DOS SERVIDORES FEDERAIS NA PARAÍBA - SICOOB COOPERCRET;2275781;;;;b3S;2;9;JOAO PESSOA;PB;06/2024;5.684;0;0;18.627;0;133;24.444;0;0;0;0;0;0;0;0;24.444;0;1.561;26.005;10.655;36.660
COOPERATIVA DE ECONOMIA E CRÉDITO MÚTUO DOS FUNCIONÁRIOS DA FUNDAÇÃO ZERBINI E DA FUNDAÇÃO FACULDADE DE MEDICINA (FFM) - COOPINCOR;1997612;;;;b3S;2;9;SAO PAULO;SP;06/2024;0;0;0;0;0;0;0;0;0;0;0;0;0;0;0;0;0;1.252;1.252;34.480;35.733
RB INVESTIMENTOS DISTRIBUIDORA DE TITULOS E VALORES MOBILIARIOS LIMITADA;89960090;RB INVESTIMENTOS DTVM - PRUDENCIAL;;84174;n2;2;16;SAO PAULO;SP;06/2024;0;0;0;0;0;22.027;22.027;0;0;0;0;0;0;0;0;22.027;0;3.061;25.088;9.453;34.541
COOPERATIVA DE ECONOMIA E CREDITO MUTUO DOS FUNCIONARIOS DA COMIGO;1062439;;;;b3S;2;9;RIO VERDE;GO;06/2024;4.311;0;0;7.669;0;0;11.980;0;0;0;0;0;0;0;0;11.980;0;2.068;14.048;19.792;33.840
FFCRED SOCIEDADE DE CRÉDITO DIRETO S.A..;39738065;FFCRED SCD - PRUDENCIAL;;85489;n1;2;43;ERECHIM;RS;06/2024;0;0;0;0;24.532;0;24.532;0;0;0;0;0;0;0;0;24.532;0;619;25.151;8.628;33.779
COOPERATIVA    DE    ECONOMIA    E    CRÉDITO   MÚTUO  MINUANO;88325113;;;;b3S;2;9;CANOAS;RS;06/2024;0;0;0;11.371;0;0;11.371;0;0;0;0;0;0;0;0;11.371;0;1.380;12.751;20.417;33.168
PORTOPAR DISTRIBUIDORA DE TITULOS E VALORES MOBILIARIOS LTDA.;40303299;PORTO SEGURO - PRUDENCIAL;51444;80642;n2;2;16;SAO PAULO;SP;06/2024;0;0;0;0;0;1.686;1.686;0;0;0;0;0;0;0;0;1.686;0;5.135;6.821;26.194;33.014
UNIPRIME OURO - COOPERATIVA DE CRÉDITO DE OURO;7853842;;;;b3S;2;9;OURO;SC;06/2024;3.306;0;0;28.086;0;0;31.392;0;2.012;0;0;0;0;2.012;0;33.404;0;2.562;35.966;-2.991;32.975
PINTOS S.A. CREDITO, FINANCIAMENTO E INVESTIMENTO;35274306;PINTOS CFI - PRUDENCIAL;;85142;n1;2;14;TERESINA;PI;06/2024;0;0;0;0;0;0;0;0;0;0;0;0;0;0;0;0;0;1.582;1.582;31.349;32.931
COOPERATIVA DE ECONOMIA E CRÉDITO MÚTUO DOS EMPREGADOS DA CBMM LTDA.;18140913;;;;b3S;2;9;ARAXA;MG;06/2024;0;0;0;0;0;0;0;0;0;0;0;0;0;0;0;0;0;1.510;1.510;31.223;32.733
KANASTRA SOCIEDADE DE CRÉDITO DIRETO S.A.;49288113;KANASTRA SCD - PRUDENCIAL;;86770;n1;2;43;UBERLANDIA;MG;06/2024;0;0;0;0;18.025;0;18.025;0;0;0;0;0;0;0;0;18.025;0;1.493;19.519;13.126;32.645
COOPERATIVA DE ECONOMIA E CRÉDITO MÚTUO DOS SERVIDORES DA UNIVERSIDADE ESTADUAL DE CAMPINAS - COOPERUNICAMP;2285107;;;;b3S;2;9;CAMPINAS;SP;06/2024;0;0;0;0;0;0;0;0;0;0;0;0;0;0;0;0;0;2.590;2.590;29.760;32.350
VX PAVARINI DISTRIBUIDORA DE TÍTULOS E VALORES MOBILIÁRIOS LTDA;15227994;VORTX DTVM - PRUDENCIAL;52364;84538;n2;2;16;SAO PAULO;SP;06/2024;0;0;0;0;0;0;0;0;0;0;0;0;0;0;0;0;0;5.082;5.082;26.815;31.897
COBUCCIO S/A - SOCIEDADE DE CRÉDITO, FINANCIAMENTO E INVESTIMENTOS;36947229;COBUCCIO SCFI - PRUDENCIAL;;85173;n1;2;14;MONTE BELO;MG;06/2024;0;0;0;0;13.660;0;13.660;0;0;0;0;0;0;0;0;13.660;0;10.290;23.951;7.742;31.693
CAPITAL CONSIG SOCIEDADE DE CRÉDITO DIRETO S.A.;40083667;CAPITAL CONSIG SCD - PRUDENCIAL;;85599;n1;2;43;SAO PAULO;SP;06/2024;0;0;0;0;130;0;130;0;0;0;0;0;0;0;0;130;0;19.518;19.648;11.881;31.529
COMPREV - CRÉDITO, FINANCIAMENTO E INVESTIMENTO S.A.;46241852;COMPREV CFI - PRUDENCIAL;;86244;n1;2;14;RIO DE JANEIRO;RJ;06/2024;0;0;0;0;0;0;0;0;0;0;0;0;0;0;0;0;0;140;140;31.330;31.470
SMART SOLUTIONS GROUP INSTITUICAO DE PAGAMENTO LTDA;37470405;SMART SOLUTIONS GROUP IP - PRUDENCIAL;;87425;n4;2;41;SAO PAULO;SP;06/2024;0;0;0;0;1.254;0;1.254;0;0;0;0;0;0;0;0;1.254;0;1.598;2.853;28.182;31.034
COOPERATIVA DE ECONOMIA E CRÉDITO MÚTUO DOS FUNCIONÁRIOS DA ERICSSON - COOPERICSSON;48718183;;;;b3S;2;9;SAO PAULO;SP;06/2024;0;0;0;0;0;0;0;0;0;0;0;0;0;0;0;0;0;695;695;30.294;30.989
BANCO PORTO REAL DE INVESTIMENTOS S.A;40429946;BANCO PORTO REAL DE INVEST.S.A - PRUDENCIAL;;81359;b2;2;13;PORTO REAL;RJ;06/2024;0;0;0;0;0;0;0;0;0;0;0;0;0;0;0;0;0;651;651;29.875;30.526
PROTEGE PAY CASH INSTITUICAO DE PAGAMENTO S/A;40276692;PROTEGE PAY CASH IP PRUDENCIAL;;86969;n4;2;41;SAO PAULO;SP;06/2024;0;0;0;0;23.277;0;23.277;0;0;0;0;0;0;0;0;23.277;0;2.349;25.626;4.549;30.176
COOPERATIVA DE ECONOMIA CRÉDITO MÚTUO - SICOOB CREDSAÚDE;2072790;;;;b3S;2;9;PIRACICABA;SP;06/2024;5.449;0;0;17.989;0;36;23.474;0;0;0;0;0;0;0;636;24.110;0;852;24.962;4.983;29.945
COOPERATIVA DE CRÉDITO MÚTUO DOS SERVIDORES DO MINISTERIO DA EDUCAÇÃO EM SÃO PAULO - COOPEMESP;73092827;;;;b3S;2;9;SAO PAULO;SP;06/2024;1.974;0;0;8.297;0;0;10.271;0;0;0;0;0;0;0;224;10.495;0;926;11.421;18.334;29.755
COOPERATIVA DE CRÉDITO DOS FORNECEDORES DE CANA DE BARRA BONITA E REGIÃO;44746352;;;;b3S;2;9;BARRA BONITA;SP;06/2024;542;0;0;4.057;0;0;4.599;0;0;0;0;0;0;0;0;4.599;0;3.104;7.703;21.952;29.654
SOMAPAY SOCIEDADE DE CRÉDITO DIRETO S.A.;44705774;SOMAPAY SCD - PRUDENCIAL;;86017;n1;2;43;FORTALEZA;CE;06/2024;0;0;0;0;11.544;0;11.544;0;0;0;0;0;0;0;0;11.544;0;11.178;22.722;6.903;29.625
CGD INVESTIMENTOS CORRETORA DE VALORES E CÂMBIO S.A.;7554076;CAIXA GERAL - PRUDENCIAL;51815;80927;n2;3;15;SAO PAULO;SP;06/2024;0;0;0;0;0;0;0;0;0;0;0;0;0;0;0;0;0;1.094;1.094;28.381;29.475
COOPERATIVA DE ECONOMIA E CRÉDITO MÚTUO DOS APOSENTADOS, PENSIONISTAS E IDOSOS - SICOOB COOPERNAPI;16564240;;;;b3S;2;9;SAO PAULO;SP;06/2024;1.356;0;0;24.688;0;0;26.044;0;0;0;0;0;0;0;0;26.044;0;216;26.261;3.139;29.400
COOPERATIVA DE ECONOMIA E CRÉDITO MÚTUO DOS EMPREGADOS DAS EMPRESAS DO GRUPO ECONÔMICO RHODIA - CREDIRHODIA;57563728;;;;b3S;2;9;PAULINIA;SP;06/2024;256;0;0;6.754;0;0;7.010;0;0;0;0;0;0;0;0;7.010;0;886;7.896;21.228;29.124
COOPERATIVA DE CRÉDITO SICOOB CREDMETAL;3535065;;;;b3S;2;9;OSASCO;SP;06/2024;2.287;0;0;10.909;0;0;13.196;0;0;0;0;0;0;0;0;13.196;0;1.358;14.554;14.251;28.805
INDEPENDÊNCIA COOPERATIVA DE CRÉDITO E INVESTIMENTO - INDEPENDÊNCIA COOPERATIVA DE CRÉDITO;4306351;;;;b3S;2;9;SAO PAULO;SP;06/2024;11.746;0;0;605;0;0;12.351;0;0;0;0;0;0;0;0;12.351;0;3.121;15.471;13.136;28.607
SISPAY INSTITUIÇÃO DE PAGAMENTO LTDA.;12651789;SISPAY IP - PRUDENCIAL;;87528;n4;2;41;SAO PAULO;SP;06/2024;0;0;0;0;24.875;0;24.875;0;0;0;0;0;0;0;30;24.905;0;984;25.890;2.711;28.601
BROKER BRASIL CORRETORA DE CÂMBIO LTDA.;16944141;BROKER BRASIL CC LTDA. - PRUDENCIAL;;82372;n2;2;21;SAO PAULO;SP;06/2024;0;0;0;0;0;0;0;0;0;0;0;0;0;0;0;0;0;19.462;19.462;9.094;28.555
MERCANTIL DO BRASIL CORRETORA S.A. - CÂMBIO, TÍTULOS E VALORES MOBILIÁRIOS;16683062;MERCANTIL DO BRASIL - PRUDENCIAL;20152;80123;n2;2;15;BELO HORIZONTE;MG;06/2024;0;0;0;0;0;1.531;1.531;0;0;0;0;0;0;0;0;1.531;0;5.081;6.612;21.865;28.477
EAGLE SOCIEDADE DE CRÉDITO DIRETO S.A.;45745537;EAGLE SCD - PRUDENCIAL;;86172;n1;2;43;PORTO ALEGRE;RS;06/2024;0;0;0;0;0;0;0;0;0;0;0;0;0;0;0;0;0;13.314;13.314;14.671;27.985
U4C INSTITUIÇÃO DE PAGAMENTO S.A.;30980539;OKTO IP - PRUDENCIAL;;86323;n4;2;41;BELO HORIZONTE;MG;06/2024;0;0;0;0;8.660;0;8.660;0;0;0;0;0;0;0;0;8.660;0;16.624;25.283;2.073;27.357
RAPIDIUM SOCIEDADE DE CRÉDITO AO MICROEMPREENDEDOR E À EMPRESA DE PEQUENO PORTE S.A.;40269467;RAPIDIUM SCMEPP - PRUDENCIAL;;85575;n1;2;10;TOLEDO;PR;06/2024;0;0;0;0;0;0;0;0;0;0;0;0;0;0;18.285;18.285;0;4.338;22.623;4.499;27.122
CREBEL - COOPERATIVA DE ECONOMIA E CRÉDITO MÚTUO DOS COLABORADORES DAS EMPRESAS BELGO BEKAERT - CREBEL LTDA.;23241540;;;;b3S;2;9;CONTAGEM;MG;06/2024;0;0;0;0;0;0;0;0;0;0;0;0;0;0;0;0;0;2.362;2.362;24.651;27.013
CREFAZ SOCIEDADE DE CRÉDITO AO MICROEMPREENDEDOR E A EMPRESA DE PEQUENO PORTE S.A.;18188384;CREFAZ SCMEPP - PRUDENCIAL;;83357;n1;2;10;MARINGA;PR;06/2024;0;0;0;0;0;0;0;0;0;0;0;0;0;0;0;0;0;10.448;10.448;16.439;26.888
COOPERATIVA DE ECONOMIA E CRÉDITO MÚTUO DOS TRABALHADORES DA CIA. DE PROCESSAMENTO DE DADOS DO ESTADO DE SÃO PAULO - CREDIPRODESP;67915868;;;;b3S;2;9;TABOAO DA SERRA;SP;06/2024;0;0;0;0;0;0;0;0;0;0;0;0;0;0;0;0;0;1.645;1.645;25.207;26.851
COINVALORES CORRETORA DE CÂMBIO E VALORES MOBILIÁRIOS LTDA.;336036;COINVALORES - PRUDENCIAL;;80707;n2;2;15;SAO PAULO;SP;06/2024;0;0;0;0;0;0;0;0;0;0;0;0;0;0;0;0;0;5.332;5.332;21.258;26.590
COOPERATIVA DE ECONOMIA E CRÉDITO MÚTUO DOS FUNCIONÁRIOS DA TETRA PAK;67341487;;;;b3S;2;9;MONTE MOR;SP;06/2024;0;0;0;0;0;0;0;0;0;0;0;0;0;0;0;0;0;146;146;26.357;26.503
FXC CORRETORA DE VALORES S.A.;63062749;BTG PACTUAL - PRUDENCIAL;49944;80336;n2;2;15;RIO DE JANEIRO;RJ;06/2024;0;0;0;0;0;0;0;0;0;0;0;0;0;0;0;0;0;4.076;4.076;22.164;26.240
AGK CORRETORA DE CAMBIO S.A.;250699;AGK CC S.A. - PRUDENCIAL;;82035;n2;2;21;SAO PAULO;SP;06/2024;0;0;0;0;0;0;0;0;0;0;0;0;0;0;0;0;0;19.557;19.557;6.586;26.143
BONUSPAGO SOCIEDADE DE CRÉDITO DIRETO S.A.;36586946;BONUSPAGO SCD - PRUDENCIAL;;85128;n1;2;43;CASCAVEL;PR;06/2024;0;0;0;0;22.951;0;22.951;0;0;0;0;0;0;0;0;22.951;0;158;23.109;2.675;25.785
MERCANTIL DO BRASIL DISTRIBUIDORA S.A. - TÍTULOS E VALORES MOBILIÁRIOS;17364795;MERCANTIL DO BRASIL - PRUDENCIAL;20152;80123;n2;2;16;BELO HORIZONTE;MG;06/2024;0;0;0;0;0;0;0;0;0;0;0;0;0;0;0;0;0;3.423;3.423;22.147;25.571
COOPERATIVA DE CREDITO RURAL DE IBIAM - SULCREDI/IBIAM;8240446;;;;b3S;2;9;IBIAM;SC;06/2024;1.747;0;0;18.454;0;0;20.200;0;0;0;0;0;0;0;0;20.200;0;502;20.703;4.492;25.195
CCB BRASIL DISTRIBUIDORA DE TÍTULOS E VALORES MOBILIÁRIOS S.A.;69720894;CCB - PRUDENCIAL;32119;80295;n2;3;16;SAO PAULO;SP;06/2024;0;0;0;0;0;0;0;0;0;0;0;0;0;0;0;0;0;1.101;1.101;23.887;24.988
COOPERATIVA DE CRÉDITO MÚTUO DO ABC - COOPER 7;4414354;;;;b3S;2;9;SAO BERNARDO DO CAMPO;SP;06/2024;1.355;0;0;3.027;0;0;4.382;0;0;0;0;0;0;0;1.889;6.271;0;1.231;7.503;17.385;24.887
HONDA LEASING S.A. - ARRENDAMENTO MERCANTIL;3634239;HONDA - PRUDENCIAL;51396;80611;n1;3;19;SAO PAULO;SP;06/2024;0;0;0;0;0;0;0;0;0;0;0;0;0;0;0;0;0;368;368;24.402;24.770
DISTRIBUIDORA INTERCAP DE TÍTULOS E VALORES MOBILIÁRIOS S.A.;2927433;BANCO MASTER - PRUDENCIAL;50201;80367;n2;2;16;RIO DE JANEIRO;RJ;06/2024;0;0;0;0;0;0;0;0;0;0;0;0;0;0;0;0;0;0;0;24.495;24.495
ID CORRETORA DE TÍTULOS E VALORES MOBILIÁRIOS S.A.;16695922;ID CTVM - PRUDENCIAL;;85582;n2;2;15;SAO PAULO;SP;06/2024;0;0;0;0;15.073;0;15.073;0;0;0;0;0;0;0;0;15.073;0;6.158;21.231;2.909;24.140
TAMBASA SOCIEDADE DE CRÉDITO DIRETO S.A.;37134759;TAMBASA SCD - PRUDENCIAL;;85214;n1;2;43;BELO HORIZONTE;MG;06/2024;0;0;0;0;0;0;0;0;0;0;0;0;0;0;0;0;0;607;607;22.923;23.530
BOCOM BBM CORRETORA DE CÂMBIO E VALORES MOBILIÁRIOS S.A.;15213150;BOCOM - PRUDENCIAL;52003;84624;n2;3;15;SALVADOR;BA;06/2024;0;0;0;0;0;0;0;0;0;0;0;0;0;0;0;0;0;2.210;2.210;21.228;23.438
COOPERATIVA DE ECONOMIA E CRÉDITO MÚTUO DOS FUNCIONÁRIOS DO GRUPO OWENS-ILLINOIS DO BRASIL;43182278;;;;b3S;2;9;SAO PAULO;SP;06/2024;0;0;0;0;0;0;0;0;0;0;0;0;0;0;0;0;0;573;573;22.780;23.354
COOPERATIVA DE CRÉDITO DOS MAGISTRADOS DO ESTADO DO RIO DE JANEIRO LTDA. - MAGICREDI-RJ;5040680;;;;b3S;2;9;RIO DE JANEIRO;RJ;06/2024;0;0;0;12.715;0;0;12.715;0;0;0;0;0;0;0;0;12.715;0;1.170;13.885;9.436;23.321
SOCIAL BANK BANCO MÚLTIPLO S/A;15173776;SOCIAL BANK BANCO MULTIPLO - PRUDENCIAL;;81641;b1;2;8;SALVADOR;BA;06/2024;2.215;0;0;0;0;0;2.215;0;0;0;0;0;0;0;0;2.215;0;1.350;3.565;19.394;22.959
COOPERATIVA DE CRÉDITO MÚTUO DOS SERVIDORES DA ASSEMBLEIA LEGISLATIVA DO ESTADO DE SÃO PAULO - COOPERALESP;4791645;;;;b3S;2;9;SAO PAULO;SP;06/2024;0;0;0;0;0;0;0;0;0;0;0;0;0;0;0;0;0;1.011;1.011;21.771;22.782
COOPERATIVA DE ECONOMIA E CRÉDITO MÚTUO DOS FUNCIONÁRIOS DA VILLARES METALS;53846242;;;;b3S;2;9;SUMARE;SP;06/2024;0;0;0;0;0;0;0;0;0;0;0;0;0;0;0;0;0;223;223;21.786;22.009
COOPERATIVA DE CRÉDITO E INVESTIMENTO COM INTERAÇÃO SOLIDÁRIA DE NOVA MUTUM E REGIÃO - CRESOL MATO GROSSO;50735161;;;;b3S;2;9;NOVA MUTUM;MT;06/2024;2.483;66;0;7.921;0;0;10.470;0;0;0;0;0;0;0;3.081;13.551;0;5.556;19.107;2.581;21.688
CREDSYSTEM SOCIEDADE DE CRÉDITO DIRETO S.A.;39664698;CREDSYSTEM IP - PRUDENCIAL;;85441;n1;2;43;BARUERI;SP;06/2024;0;0;0;0;7.295;0;7.295;0;0;0;0;0;0;0;0;7.295;0;2.543;9.838;11.777;21.616
AMARIL FRANKLIN CORRETORA DE TÍTULOS E VALORES LTDA;17312661;AMARIL FRANKLIN CTV LTDA - PRUDENCIAL;;82516;n2;2;15;BELO HORIZONTE;MG;06/2024;0;0;0;0;0;5.102;5.102;0;0;0;0;0;0;0;0;5.102;0;5.845;10.946;10.493;21.440
COOPERATIVA DE ECONOMIA E CRÉDITO MÚTUO DOS EMPREGADOS DA COMPANHIA BRASILEIRA DE ALUMÍNIO;54335401;;;;b3S;2;9;ALUMINIO;SP;06/2024;0;0;0;0;0;0;0;0;0;0;0;0;0;0;137;137;0;583;720;20.698;21.418
COOPERATIVA DE ECONOMIA E CRÉDITO MÚTUO DOS EMPREGADOS DA AÇO MINAS GERAIS S.A. - AÇOMINAS E EMPRESAS SUBSIDIÁRIAS EM OURO BRANCO LTDA. - COOPAÇO;17314501;;;;b3S;2;9;OURO BRANCO;MG;06/2024;0;0;0;0;0;0;0;0;0;0;0;0;0;0;0;0;0;2.922;2.922;18.411;21.333
COOPERATIVA DE ECONOMIA E CRÉDITO MÚTUO DOS COLABORADORES DO GRUPO EMPRESARIAL A COSTA LTDA.;20062766;;;;b3S;2;9;VISCONDE DO RIO BRANCO;MG;06/2024;0;0;0;0;0;0;0;0;0;0;0;0;0;0;0;0;0;1.426;1.426;19.898;21.325
COOPERATIVA DE ECONOMIA E CRÉDITO MÚTUO DOS FUNCIONÁRIOS DO GRUPO JAL LTDA.;5548335;;;;b3S;2;9;SAO JOAO DE MERITI;RJ;06/2024;0;0;0;0;0;0;0;0;0;0;0;0;0;0;0;0;0;3.690;3.690;17.599;21.289
COOPERATIVA DE ECONOMIA E CREDITO MUTUO DOS SERVIDORES PUBLICOS DE PINHÃO - CRESERV-PINHÃO;4831810;;;;b3S;2;9;PINHAO;PR;06/2024;1.652;0;0;11.425;0;0;13.076;0;0;0;0;0;0;0;0;13.076;0;853;13.929;7.317;21.246
COPERCRED - COOPERATIVA DE ECONOMIA E CRÉDITO MÚTUO DOS EMPREGADOS DAS EMPRESAS ZILLO LORENZETTI;58022195;;;;b3S;2;9;LENCOIS PAULISTA;SP;06/2024;1.440;0;0;3.179;0;0;4.619;0;0;0;0;0;0;0;0;4.619;0;1.006;5.624;15.271;20.895
COOPERATIVA DE ECONOMIA E CRÉDITO MÚTUO DOS SERVIDORES DA PREFEITURA MUNICIPAL DE ORLÂNDIA - CRED SERV;946465;;;;b3S;2;9;ORLANDIA;SP;06/2024;0;0;0;0;0;0;0;0;0;0;0;0;0;0;1.392;1.392;0;422;1.815;18.925;20.739
DAYCOVAL CORRETORA DE TÍTULOS E VALORES MOBILIÁRIOS LTDA.;49241570;BCO DAYCOVAL S.A - PRUDENCIAL;51987;81744;n2;2;15;SAO PAULO;SP;06/2024;0;0;0;0;0;0;0;0;0;0;0;0;0;0;0;0;0;243;243;20.481;20.724
ASPECIR - SOCIEDADE DE CRÉDITO AO MICROEMPREENDEDOR E À EMPRESA DE PEQUENO PORTE LTDA.;5289612;ASPECIR SCMEPP LTDA. - PRUDENCIAL;;83058;n1;2;10;PORTO ALEGRE;RS;06/2024;0;0;0;0;0;0;0;0;0;0;0;0;0;0;0;0;0;5.797;5.797;14.588;20.385
BIGCASH SOCIEDADE DE CREDITO DIRETO S.A.;36452762;BIGCASH SCD - PRUDENCIAL;;85056;n1;2;43;GOVERNADOR VALADARES;MG;06/2024;0;0;0;0;0;0;0;0;0;0;0;0;0;0;0;0;0;1.099;1.099;19.277;20.376
SENSO CORRETORA DE CAMBIO E VALORES MOBILIARIOS S.A;17352220;SENSO CCVM S.A. - PRUDENCIAL;;82750;n2;2;15;RIO DE JANEIRO;RJ;06/2024;0;0;0;0;0;0;0;0;0;0;0;0;0;0;0;0;0;6.448;6.448;13.659;20.107
NILCO DISTRIBUIDORA DE TÍTULOS E VALORES MOBILIÁRIOS LTDA.;87963450;NILCO DTVM - PRUDENCIAL;;87621;n2;2;16;RIO DE JANEIRO;RJ;06/2024;0;0;0;0;0;0;0;0;0;0;0;0;0;0;10.426;10.426;0;2.598;13.023;7.024;20.047
AGENCIA DE FOMENTO DO ESTADO DE RORAIMA S/A;3058464;AG. FOMENTO ESTADO DE RORAIMA - PRUDENCIAL;;81036;n1;1;30;BOA VISTA;RR;06/2024;0;0;0;0;0;0;0;0;0;0;0;0;0;0;0;0;0;1.185;1.185;18.860;20.045
POMELO INSTITUICAO DE PAGAMENTO LTDA.;44128548;POMELO IP - PRUDENCIAL;;86938;n4;3;41;SAO PAULO;SP;06/2024;0;0;0;0;0;0;0;0;0;0;0;0;0;0;0;0;0;14.814;14.814;5.123;19.937
HEDGE INVESTMENTS DISTRIBUIDORA DE TÍTULOS E VALORES MOBILIÁRIOS LTDA.;7253654;HEDGE INVESTMENTS - PRUDENCIAL;;83986;n2;2;16;SAO PAULO;SP;06/2024;0;0;0;0;0;0;0;0;0;0;0;0;0;0;0;0;0;6.167;6.167;13.719;19.886
COOPERATIVA DE ECONOMIA E CRÉDITO MÚTUO DOS EMPREGADOS DAS EMPRESAS METALÚRGICAS DE MATÃO - METALCOOPERCRED;53505681;;;;b3S;2;9;MATAO;SP;06/2024;0;0;0;0;0;0;0;0;0;0;0;0;0;0;0;0;0;1.594;1.594;18.249;19.843
COOPERATIVA DE CRÉDITO DOS EMPREGADOS DA MINERAÇÃO RIO DO NORTE;4998845;;;;b3S;2;9;ORIXIMINA;PA;06/2024;0;0;0;0;0;0;0;0;0;0;0;0;0;0;0;0;0;534;534;19.140;19.673
PLANNER SOCIEDADE DE CRÉDITO DIRETO S.A.;5684234;PLANNER - PRUDENCIAL;51341;80587;n1;2;43;SAO PAULO;SP;06/2024;0;0;0;0;13.940;0;13.940;0;0;0;0;0;0;0;0;13.940;0;132;14.072;5.527;19.600
J17 - SOCIEDADE DE CRÉDITO DIRETO S/A;40475846;J17 SCD - PRUDENCIAL;;85616;n1;2;43;LONDRINA;PR;06/2024;0;0;0;0;3.012;0;3.012;0;0;0;0;0;0;0;0;3.012;0;7.078;10.090;9.431;19.521
OPPORTUNITY DISTRIBUIDORA DE TÍTULOS E VALORES MOBILIÁRIOS LTDA;1582158;OPPORTUNITY - PRUDENCIAL;;80518;n2;2;16;RIO DE JANEIRO;RJ;06/2024;0;0;0;0;0;0;0;0;0;0;0;0;0;0;0;0;0;4.286;4.286;15.215;19.501
AGENCIA DE FOMENTO DO AMAPA S.A.;2929977;AG. FOMENTO AMAPA S.A. - PRUDENCIAL;;81098;n1;1;30;MACAPA;AP;06/2024;0;0;0;0;0;0;0;0;0;0;0;0;0;0;0;0;0;2.500;2.500;16.985;19.485
INVEST CORRETORA DE CÂMBIO LTDA.;17508380;INVEST CC - PRUDENCIAL;;82396;n2;2;21;PORTO ALEGRE;RS;06/2024;0;0;0;0;0;0;0;0;0;0;0;0;0;0;0;0;0;14.380;14.380;5.041;19.421
COOPERATIVA DE CRÉDITO DOS EMPREGADOS DE ELEVADORES ATLAS;43730498;;;;b3S;2;9;SAO PAULO;SP;06/2024;0;0;0;0;0;0;0;0;0;0;0;0;0;0;0;0;0;984;984;18.286;19.271
PAGPRIME INSTITUICAO DE PAGAMENTO LTDA;30944783;PAGPRIME IP - PRUDENCIAL;;86880;n4;2;41;GOIANIA;GO;06/2024;0;0;0;0;48;0;48;0;0;0;0;0;0;0;865;912;0;13.769;14.682;4.511;19.193
GLOBAL EXCHANGE DO BRASIL SOCIEDADE CORRETORA DE CÂMBIO LTDA.;21040668;GLOBAL EXCHANGE CC - PRUDENCIAL;;84435;n2;3;21;RIO DE JANEIRO;RJ;06/2024;0;0;0;0;0;0;0;0;0;0;0;0;0;0;0;0;0;1.885;1.885;17.194;19.079
COOPERATIVA DE ECONOMIA E CRÉDITO MÚTUO DOS EMPREGADOS DA CEMIG E DAS INDÚSTRIAS METALÚRGICAS E DE MATERIAL ELÉTRICO E DOS SERVIDORES PÚBLICOS MUNICIPAIS DE JUIZ DE FORA LTDA. - SICOOB CECREMEC;17502881;;;;b3S;2;9;BELO HORIZONTE;MG;06/2024;3.161;0;0;5.466;0;35;8.662;0;0;0;0;0;0;0;0;8.662;0;1.089;9.751;9.317;19.067
COBANSA COMPANHIA HIPOTECARIA;53263331;COBANSA CH S.A. - PRUDENCIAL;;81878;n1;2;29;SAO PAULO;SP;06/2024;0;0;0;0;0;0;0;0;0;0;0;0;0;0;0;0;0;14.733;14.733;3.819;18.552
COOPERATIVA DE ECONOMIA E CRÉDITO MÚTUO DOS EMPREGADOS DAS EMPRESAS CONTROLADAS E COLIGADAS DA USINA SANTA ADELIA - USAGRO;68969625;;;;b3S;2;9;JABOTICABAL;SP;06/2024;526;0;0;705;0;0;1.231;0;0;0;0;0;0;0;0;1.231;0;1.267;2.498;15.902;18.400
COOPERATIVA DE ECONOMIA E CRÉDITO MÚTUO DOS COLABORADORES DA CEBRACE;53184438;;;;b3S;2;9;JACAREI;SP;06/2024;0;0;0;0;0;0;0;0;0;0;0;0;0;0;0;0;0;304;304;17.767;18.070
COOPERATIVA DE ECONOMIA E CRÉDITO MÚTUO DOS SERVIDORES PÚBLICOS MUNICIPAIS EM JOÃO MONLEVADE LTDA. - COPREMON;18310649;;;;b3S;2;9;JOAO MONLEVADE;MG;06/2024;0;0;0;0;0;0;0;0;0;0;0;0;0;0;0;0;0;1.581;1.581;16.340;17.921
COOPERATIVA DE CRÉDITO DOS SERVIDORES PÚBLICOS MUNICIPAIS DA GRANDE VITÓRIA/ES;1235921;;;;b3S;2;9;VITORIA;ES;06/2024;0;0;0;0;0;0;0;0;0;0;0;0;0;0;0;0;0;1.412;1.412;16.487;17.899
UZZIPAY INSTITUIÇÃO DE PAGAMENTO S.A.;32192325;UZZIPAY IP - PRUDENCIAL;;86763;n4;2;41;PORTO VELHO;RO;06/2024;0;0;0;0;1.601;0;1.601;0;0;0;0;0;0;0;0;1.601;0;9.101;10.702;6.967;17.670
COOPERATIVA DE CRÉDITO MÚTUO DOS POLICIAIS FEDERAIS E SERVIDORES DA UNIÃO NO ESPÍRITO SANTO - CREDFEDERAL;2083914;;;;b3S;2;9;VILA VELHA;ES;06/2024;287;0;0;11.675;0;0;11.963;0;0;0;0;0;0;0;0;11.963;0;601;12.563;5.020;17.584
COOPERATIVA DE ECONOMIA E CRÉDÍTO MÚTUO DOS FUNCIONÁRIOS DA MWM TUPY DO BRASIL;59620708;;;;b3S;2;9;SAO PAULO;SP;06/2024;0;0;0;0;0;0;0;0;0;0;0;0;0;0;0;0;0;193;193;17.384;17.577
FÊNIX DISTRIBUIDORA DE TÍTULOS E VALORES MOBILIÁRIOS LTDA.;38429045;FÊNIX DTVM - PRUDENCIAL;;85537;n2;2;16;CUIABA;MT;06/2024;0;0;0;0;0;0;0;0;0;0;0;0;0;0;0;0;0;13.424;13.424;4.029;17.453
TTSCD SOCIEDADE DE CRÉDITO DIRETO S.A.;46743997;ITAU - PRUDENCIAL;10069;80099;n1;2;43;SAO PAULO;SP;06/2024;0;0;0;0;0;0;0;0;0;0;0;0;0;0;0;0;0;1.242;1.242;16.194;17.435
OMNI S.A. ARRENDAMENTO MERCANTIL;18846364;OMNI - PRUDENCIAL;50940;80460;n1;2;19;SAO PAULO;SP;06/2024;0;0;0;0;0;0;0;0;0;0;0;0;0;0;0;0;0;4.629;4.629;12.533;17.162
COOPERATIVA DE ECONOMIA E CRÉDITO MÚTUO DOS PETROLEIROS NO ESTADO DE MINAS GERAIS LTDA. - COPETRO;26758433;;;;b3S;2;9;BELO HORIZONTE;MG;06/2024;0;0;0;0;0;0;0;0;0;0;0;0;0;0;0;0;0;1.440;1.440;15.303;16.743
COOPERATIVA DE CREDITO RURAL DE GUACUI - CREDIGUAÇUÍ;32422628;;;;b3S;2;9;GUACUI;ES;06/2024;2.183;0;0;4.435;0;0;6.618;0;0;0;0;0;0;0;0;6.618;0;1.206;7.824;8.876;16.700
COOPERATIVA DE ECONOMIA E CRÉDITO MÚTUO DOS COLABORADORES DA UNIÃO BRASILEIRA DE EDUCAÇÃO E ENSINO, UNIÃO NORTE BRASILEIRA DE EDUCAÇÃO E CULTURA & UNIÃO BRASILEIRA DE EDUCAÇÃO CATÓLICA LTDA - COOMAR;2588819;;;;b3S;2;9;BELO HORIZONTE;MG;06/2024;0;0;0;0;0;0;0;0;0;0;0;0;0;0;0;0;0;1.447;1.447;15.189;16.636
PAGINVEST CORRETORA DE TITULOS E VALORES MOBILIARIOS LTDA.;46403683;PAGSEGURO - PRUDENCIAL;52182;84813;n2;2;15;SAO PAULO;SP;06/2024;0;0;0;0;0;0;0;0;0;0;0;0;0;0;0;0;0;260;260;16.369;16.628
COOPERATIVA DE CRÉDITO E SERVIÇOS FINANCEIROS DE CURITIBA E REGIÃO METROPOLITANA;5097757;;;;b3S;2;9;CURITIBA;PR;06/2024;82;0;0;7.963;0;0;8.045;0;0;0;0;0;0;0;0;8.045;0;319;8.364;8.257;16.621
COOPERATIVA DE ECONOMIA E CRÉDITO MÚTUO DOS  EMPREGADOS DA TUPY MINAS GERAIS LTDA. E NEMAK ALUMÍNIO DO BRASIL LTDA.;4249235;;;;b3S;2;9;BETIM;MG;06/2024;0;0;0;0;0;0;0;0;0;0;0;0;0;0;0;0;0;833;833;15.777;16.610
COOPERATIVA DE ECONOMIA E CRÉDITO MÚTUO DOS FUNCIONÁRIOS DA TICKET SERVIÇOS COMÉRCIO E ADMINISTRAÇÃO;57440521;;;;b3S;2;9;SAO PAULO;SP;06/2024;0;0;0;0;0;0;0;0;0;0;0;0;0;0;0;0;0;3.620;3.620;12.976;16.596
FINAXIS CORRETORA DE TÍTULOS E VALORES MOBILIÁRIOS S.A.;3317692;FINAXIS - PRUDENCIAL;51688;80790;n2;2;15;CURITIBA;PR;06/2024;0;0;0;0;0;0;0;0;0;0;0;0;0;0;0;0;0;4.870;4.870;11.514;16.384
COOPERATIVA DE ECONOMIA E CREDITO MUTUO DOS EMPREGADOS DO GRUPO BAYER LTDA;73631483;;;;b3S;2;9;BELFORD ROXO;RJ;06/2024;0;0;0;0;0;0;0;0;0;0;0;0;0;0;0;0;0;1.279;1.279;15.096;16.374
GOLCRED S/A - CRÉDITO, FINANCIAMENTO E INVESTIMENTO;7631026;GOLCRED - PRUDENCIAL;;80965;n1;2;14;SAO JOSE;SC;06/2024;0;0;0;0;0;0;0;0;0;0;0;0;7.894;7.894;0;7.894;0;420;8.314;7.996;16.310
INTERCAM CORRETORA DE CÂMBIO LTDA.;34265629;INTERCAM CC LTDA - PRUDENCIAL;;81926;n2;2;21;SAO PAULO;SP;06/2024;0;0;0;0;0;0;0;0;0;0;0;0;0;0;0;0;0;8.494;8.494;7.793;16.287
COOPERATIVA DE CRÉDITO COOPHARMA;2814832;;;;b3S;2;9;SAO PAULO;SP;06/2024;0;0;0;0;0;0;0;0;0;0;0;0;0;0;0;0;0;675;675;15.500;16.176
CREDISIS COOPESA - COOPERATIVA DE ECONOMIA E CRÉDITO;6975532;;;;b3S;2;9;PORTO ALEGRE;RS;06/2024;706;0;0;1.272;0;0;1.978;0;0;885;0;0;0;885;0;2.862;0;1.239;4.101;12.062;16.163
COOPERATIVA DE ECONOMIA E CREDITO MUTUO DOS EMPREGADOS DE CHOCOLATES GAROTO LTDA. - CREDI-GAROTO;30949267;;;;b3S;2;9;VILA VELHA;ES;06/2024;767;0;0;11.920;0;0;12.686;0;0;0;0;0;0;0;0;12.686;0;688;13.375;2.726;16.101
ELITE CORRETORA DE CÂMBIO E VALORES MOBILIÁRIOS LTDA;28048783;BTG PACTUAL - PRUDENCIAL;49944;80336;n2;2;15;RIO DE JANEIRO;RJ;06/2024;0;0;0;0;0;0;0;0;0;0;0;0;0;0;0;0;0;187;187;15.854;16.041
DANK SOCIEDADE DE CRÉDITO DIRETO S.A.;48430050;DANK SCD - PRUDENCIAL;;86330;n1;2;43;JARAGUA DO SUL;SC;06/2024;0;0;0;0;0;0;0;0;0;0;0;0;0;0;0;0;0;8.423;8.423;7.512;15.935
DIBRAN DISTRIBUIDORA DE TÍTULOS E VALORES MOBILIÁRIOS LTDA.;62280490;DIBRAN DTVM LTDA - PRUDENCIAL;;83845;n2;2;16;SAO PAULO;SP;06/2024;0;0;0;0;0;1;1;0;0;0;0;0;0;0;0;1;0;466;467;15.213;15.680
BMG S.A. DISTRIBUIDORA DE TÍTULOS E VALORES MOBILIÁRIOS;8030215;BMG - PRUDENCIAL;30290;80178;n2;2;16;SAO PAULO;SP;06/2024;0;0;0;0;0;0;0;0;0;0;0;0;0;0;0;0;0;1.456;1.456;14.000;15.456
COOPERATIVA DE ECONOMIA E CRÉDITO MÚTUO DOS EMPREGADOS DO SISTEMA FIERGS - CRESUL;92675578;;;;b3S;2;9;PORTO ALEGRE;RS;06/2024;0;0;0;0;0;0;0;0;0;0;0;0;0;0;0;0;0;697;697;14.735;15.432
COOPERATIVA DE ECONOMIA E CREDITO MUTUO DOS EMPREGADOS DE ELEVADORES ATLAS SCHINDLER LTDA.;42107706;;;;b3S;2;9;RIO DE JANEIRO;RJ;06/2024;0;0;0;0;0;0;0;0;0;0;0;0;0;0;0;0;0;916;916;14.352;15.268
COOPERATIVA DE ECONOMIA E CRÉDITO MÚTUO DOS FUNCIONÁRIOS PÚBLICOS MUNICIPAIS DE ITAPIRA - CREDITA;2115870;;;;b3S;2;9;ITAPIRA;SP;06/2024;0;0;0;0;0;0;0;0;0;0;0;0;0;0;0;0;0;547;547;14.674;15.221
SICOOB DISTRIBUIDORA DE TÍTULOS E VALORES MOBILIÁRIOS LTDA.;7397614;BANCOOB - PRUDENCIAL;51750;80879;n2;2;16;BRASILIA;DF;06/2024;0;0;0;0;0;0;0;0;0;0;0;0;0;0;0;0;0;5.203;5.203;9.890;15.093
RJI CORRETORA DE TITULOS E VALORES MOBILIARIOS LTDA;42066258;RJI CTVM - PRUDENCIAL;;82798;n2;2;15;RIO DE JANEIRO;RJ;06/2024;0;0;0;0;0;0;0;0;0;0;0;0;0;0;0;0;0;3.674;3.674;11.225;14.898
COOPERATIVA DE ECONOMIA E CREDITO MUTUO DOS TRABALHADORES PORTUARIOS DA GRANDE VITORIA - CREDESTIVA.;3844699;;;;b3S;2;9;VITORIA;ES;06/2024;780;0;0;1.669;0;0;2.449;0;0;0;0;0;0;0;0;2.449;0;1.122;3.571;10.914;14.485
FACEBOOK INSTITUIÇÃO DE PAGAMENTO DO BRASIL LTDA.;39321657;FACEBOOK INSTITUICAO PAGAMENTO - PRUDENCIAL;;85692;n4;3;41;SAO PAULO;SP;06/2024;0;0;0;0;0;0;0;0;0;0;0;0;0;0;0;0;0;2.796;2.796;11.549;14.345
COOPERATIVA DE ECONOMIA E CRÉDITO MÚTUO DOS EMPREGADOS DA NOVELIS;57545436;;;;b3S;2;9;SANTO ANDRE;SP;06/2024;0;0;0;0;0;0;0;0;0;0;0;0;0;0;0;0;0;1.103;1.103;13.079;14.182
COOPERATIVA DE ECONOMIA E CRÉDITO MÚTUO DOS SERVIDORES PÚBLICOS DO PODER EXECUTIVO FEDERAL NO ESTADO DO ESPÍRITO SANTO - CREDES;3639902;;;;b3S;2;9;VITORIA;ES;06/2024;34;0;0;541;0;0;576;0;0;0;0;0;0;0;0;576;0;1.198;1.774;12.382;14.156
COOPERATIVA DE ECONOMIA E CREDITO MUTUO DOS SERVIDORES DA COMLURB LTDA;29341260;;;;b3S;2;9;RIO DE JANEIRO;RJ;06/2024;0;0;0;0;0;0;0;0;0;0;0;0;0;0;0;0;0;1.047;1.047;13.026;14.073
FAMÍLIA PAULISTA COMPANHIA HIPOTECÁRIA;53146221;FAMILIA PAULISTA CI S.A. - PRUDENCIAL;;83429;n1;2;29;SANTOS;SP;06/2024;0;0;0;0;0;0;0;0;0;0;0;0;0;0;0;0;0;3.981;3.981;10.062;14.044
COOPERATIVA DE CREDITO DOS SERVIDORES DA UNIVERSIDADE FEDERAL DO ESPIRITO SANTO;27302181;;;;b3S;2;9;VITORIA;ES;06/2024;230;0;0;1.336;0;0;1.566;0;0;0;0;0;0;0;0;1.566;0;2.164;3.729;10.228;13.958
COOPERATIVA DE CRÉDITO DOS SERVIDORES PÚBLICOS MUNICIPAIS DE TIMÓTEO LTDA. - COOPERTIM;20833976;;;;b3S;2;9;TIMOTEO;MG;06/2024;0;0;0;0;0;0;0;0;0;0;0;0;0;0;0;0;0;1.332;1.332;12.538;13.870
COOPERATIVA DE ECONOMIA E CRÉDITO MÚTUO DOS SERVIDORES MUNICIPAIS DE POÇOS DE CALDAS LTDA. - COOPOÇOS;41791005;;;;b3S;2;9;POCOS DE CALDAS;MG;06/2024;0;0;0;562;0;0;562;0;0;0;0;0;0;0;0;562;0;2.418;2.979;10.842;13.821
RIO BRAVO INVESTIMENTOS - DISTRIBUIDORA DE TÍTULOS E VALORES MOBILIÁRIOS LTDA.;72600026;GUIDE INVESTIMENTOS - PRUDENCIAL;52065;84837;n2;3;16;SAO PAULO;SP;06/2024;0;0;0;0;0;0;0;0;0;0;0;0;0;0;0;0;0;4.968;4.968;8.587;13.555
COOPERATIVA DE ECONOMIA E CRÉDITO MÚTUO DOS FUNCIONÁRIOS DA ASTRAZENECA DO BRASIL;1288797;;;;b3S;2;9;COTIA;SP;06/2024;0;0;0;0;0;0;0;0;0;0;0;0;0;0;0;0;0;452;452;13.035;13.487
EMBRACRED S/A SOCIEDADE DE CRÉDITO DIRETO;48703388;EMBRACRED SCD - PRUDENCIAL;;86608;n1;2;43;SANTANA DE PARNAIBA;SP;06/2024;0;0;0;0;76;0;76;0;0;0;0;0;0;0;0;76;0;71;147;13.322;13.469
COOPERATIVA DE ECONOMIA E CRÉDITO MÚTUO DOS EMPREGADOS DA SAMARCO MINERAÇÃO S.A. LTDA - CREDISAM;20622809;;;;b3S;2;9;BELO HORIZONTE;MG;06/2024;0;0;0;0;0;0;0;0;0;0;0;0;0;0;0;0;0;670;670;12.756;13.425
COOPERATIVA DE ECONOMIA E CRÉDITO MÚTUO DOS SERVIDORES MUNICIPAIS DE ITABIRA LTDA. - SICOOB COSEMI;16651002;;;;b3S;2;9;ITABIRA;MG;06/2024;2;0;0;2.277;0;0;2.279;0;0;0;0;0;0;0;1.030;3.309;0;1.495;4.804;8.524;13.328
LISTO SOCIEDADE DE CREDITO DIRETO S.A.;34088029;LISTO SCD - PRUDENCIAL;;84930;n1;3;43;SAO PAULO;SP;06/2024;0;0;0;0;9.017;0;9.017;0;0;0;0;0;0;0;0;9.017;0;625;9.642;3.460;13.102
SER FINANCE SOCIEDADE DE CRÉDITO DIRETO S.A.;47873449;SER FINANCE SCD - PRUDENCIAL;;86378;n1;2;43;RECIFE;PE;06/2024;0;0;0;0;0;0;0;0;0;0;0;0;0;0;0;0;0;502;502;12.496;12.997
COOPERATIVA DE ECONOMIA E CRÉDITO MÚTUO DOS EMPREGADOS DO GRUPO SBF LTDA. - COOPER ATIVA SBF;2232228;;;;b3S;2;9;SAO PAULO;SP;06/2024;0;0;0;0;0;0;0;0;0;0;0;0;0;0;0;0;0;1.300;1.300;11.575;12.875
SOLFÁCIL SOCIEDADE DE CRÉDITO DIRETO S.A.;48755901;SOLFÁCIL SCD - PRUDENCIAL;;86440;n1;2;43;SAO PAULO;SP;06/2024;0;0;0;0;0;0;0;0;0;0;0;0;0;0;0;0;0;5.903;5.903;6.895;12.799
COOPERATIVA DE ECONOMIA E CRÉDITO MÚTUO DOS SERVIDORES PÚBLICOS DA REGIÃO METROPOLITANA DE BELÉM - CREDISIS CREDBEM METROPOLITANA;991739;;;;b3S;2;9;BELEM;PA;06/2024;0;0;0;0;0;0;0;0;0;0;0;0;0;0;0;0;0;1.619;1.619;11.150;12.769
PARTNERBANK INSTITUICAO DE PAGAMENTO S.A.;28979546;PARTNERBANK IP - PRUDENCIAL;;87391;n4;2;41;SAO PAULO;SP;06/2024;0;0;0;0;2.092;0;2.092;0;0;0;0;0;0;0;0;2.092;0;2.886;4.978;7.693;12.671
COOPERATIVA DE ECONOMIA E CREDITO MUTUO DOS SERVIDORES ESTATUTARIOS DA ADMINISTRAÇÃO DIRETA DO ESTADO DO ESPIRITO SANTO - COOPSERVIDOR ES;2475222;;;;b3S;2;9;VITORIA;ES;06/2024;1.341;0;0;3.089;0;0;4.430;0;0;0;0;0;0;0;0;4.430;0;1.121;5.552;6.746;12.298
SOCIEDADE DE CRÉDITO, FINANCIAMENTO E INVESTIMENTO EFÍ S.A.;37229413;EFI S.A. IP - PRUDENCIAL;;84978;n1;2;14;OURO PRETO;MG;06/2024;0;0;0;3.876;0;0;3.876;0;0;0;0;0;0;0;0;3.876;0;1.619;5.495;6.791;12.287
COOPERATIVA DE ECONOMIA E CREDITO MUTUO JOHN F. KENNEDY LTDA;33735192;;;;b3S;2;9;RIO DE JANEIRO;RJ;06/2024;0;0;0;4.000;0;0;4.000;0;0;0;0;0;0;0;0;4.000;0;919;4.919;7.133;12.052
N26 SOCIEDADE DE CRÉDITO DIRETO S.A.;40867163;N26 SCD - PRUDENCIAL;;85623;n1;3;43;SAO PAULO;SP;06/2024;0;0;0;0;517;0;517;0;0;0;0;0;0;0;7.740;8.256;0;3.874;12.131;-82;12.049
AZIMUT BRASIL DISTRIBUIDORA DE TÍTULOS E VALORES MOBILIÁRIOS LTDA;18684408;AZIMUT BRASIL DTVM - PRUDENCIAL;;84325;n2;3;16;SAO PAULO;SP;06/2024;0;0;0;0;0;6.899;6.899;0;0;0;0;0;0;0;0;6.899;0;475;7.374;4.571;11.946
DILLON S/A DISTRIBUIDORA DE TITULOS E VALORES MOBILIARIOS;33851064;DILLON S/A DTVM - PRUDENCIAL;;83807;n2;2;16;RIO DE JANEIRO;RJ;06/2024;0;0;0;0;0;10;10;0;0;0;0;0;0;0;0;10;0;1.915;1.926;10.005;11.931
BNQI SOCIEDADE DE CREDITO DIRETO S.A.;43167610;BANQI IP - PRUDENCIAL;;85829;n1;2;43;SAO PAULO;SP;06/2024;0;0;0;0;0;0;0;0;0;0;0;0;0;0;0;0;0;168;168;11.718;11.886
COOPERATIVA DE ECONOMIA E CRÉDITO MÚTUO DOS EMPREGADOS DA CONFAB;59305565;;;;b3S;2;9;PINDAMONHANGABA;SP;06/2024;0;0;0;0;0;0;0;0;0;0;0;0;0;0;0;0;0;235;235;11.628;11.863
RP SOCIEDADE DE CRÉDITO DIRETO  S.A.;44431743;RECARGAPAY IP - PRUDENCIAL;;85898;n1;3;43;SAO PAULO;SP;06/2024;0;0;0;0;0;0;0;0;0;0;0;0;0;0;0;0;0;739;739;11.097;11.836
COOPERATIVA DE ECONOMIA E CRÉDITO MÚTUO DOS MEMBROS DO MINISTÉRIO PÚBLICO DE SÃO PAULO - PROMOCRED;4478231;;;;b3S;2;9;SAO PAULO;SP;06/2024;0;0;0;0;0;0;0;0;0;0;0;0;0;0;0;0;0;903;903;10.926;11.829
FOURTRADE CORRETORA DE CÂMBIO LTDA.;40353377;FOURTRADE COR. DE CAMBIO LTDA - PRUDENCIAL;;81957;n2;2;21;RIO DE JANEIRO;RJ;06/2024;0;0;0;0;0;0;0;0;0;0;0;0;0;0;0;0;0;6.873;6.873;4.853;11.726
BNK DIGITAL SOCIEDADE DE CRÉDITO DIRETO S.A.;45331622;BNK DIGITAL SCD - PRUDENCIAL;;86031;n1;2;43;SAO JOSE DO RIO PRETO;SP;06/2024;0;0;0;0;9.028;0;9.028;0;0;0;0;0;0;0;0;9.028;0;145;9.173;2.284;11.457
UNAVANTI SOCIEDADE DE CRÉDITO DIRETO S/A;42047025;UNAVANTI SCD - PRUDENCIAL;;85740;n1;2;43;MARINGA;PR;06/2024;0;0;0;0;6.294;0;6.294;0;0;0;0;0;0;0;0;6.294;0;2.209;8.503;2.917;11.421
COOPERATIVA DE CRÉDITO MÚTUO DOS EMPREGADOS DA SKF E COLIGADAS;49091119;;;;b3S;2;9;CAJAMAR;SP;06/2024;0;0;0;0;0;0;0;0;0;0;0;0;0;0;0;0;0;171;171;11.190;11.361
WEALTH HIGH GOVERNANCE DISTRIBUIDORA DE TÍTULOS E VALORES MOBILIÁRIOS S.A.;47631123;WEALTH HIGH GOVERNANCE DTVM - PRUDENCIAL;;87229;n2;2;16;SAO PAULO;SP;06/2024;0;0;0;0;0;0;0;0;0;0;0;0;0;0;0;0;0;2.840;2.840;8.508;11.349
COOPERATIVA DE ECONOMIA E CRÉDITO MÚTUO DOS FUNCIONÁRIOS DO FLEURY;71965313;;;;b3S;2;9;SAO PAULO;SP;06/2024;0;0;0;0;0;0;0;0;0;0;0;0;0;0;0;0;0;145;145;11.203;11.348
MICROCASH SOCIEDADE DE CRÉDITO AO MICROEMPREENDEDOR E À EMPRESA DE PEQUENO PORTE LTDA.;45756448;MICROCASH SCMEPP - PRUDENCIAL;;86079;n1;2;10;SAO PAULO;SP;06/2024;0;0;0;0;8.638;0;8.638;0;0;0;0;0;0;0;0;8.638;0;462;9.100;2.206;11.306
COOPERATIVA DE ECONOMIA E CRÉDITO MÚTUO DOS FUNCIONÁRIOS DA BOMBRIL;57038408;;;;b3S;2;9;SAO BERNARDO DO CAMPO;SP;06/2024;0;0;0;0;0;0;0;0;0;0;0;0;0;0;0;0;0;1.061;1.061;10.219;11.280
GLOBAL FINANÇAS SOCIEDADE DE CRÉDITO AO MICROEMPREENDEDOR E À EMPRESA DE PEQUENO PORTE LTDA.;11165756;GLOBAL SCM LTDA - PRUDENCIAL;;83278;n1;2;10;AMERICANA;SP;06/2024;0;0;0;0;9.177;0;9.177;0;0;0;0;0;0;0;103;9.280;0;104;9.384;1.885;11.269
FFA SOCIEDADE DE CRÉDITO AO MICROEMPREENDEDOR E À EMPRESA DE PEQUENO PORTE LTDA.;24537861;FFA SCMEPP LTDA - PRUDENCIAL;;84569;n1;2;10;SAO PAULO;SP;06/2024;0;0;0;0;0;0;0;0;0;0;0;0;0;0;697;697;0;9.294;9.992;1.242;11.234
IB CORRETORA DE CÂMBIO, TÍTULOS E VALORES MOBILIÁRIOS S.A.;27842177;IB CCTVM - PRUDENCIAL;;84765;n2;2;15;SAO PAULO;SP;06/2024;0;0;0;0;0;53;53;600;0;0;0;0;0;0;0;654;0;6.532;7.186;4.038;11.224
COOPERATIVA DE ECONOMIA E CRÉDITO MÚTUO DOS FUNCIONÁRIOS DO GRUPO COMOLATTI - SÃO PAULO;47196084;;;;b3S;2;9;SAO PAULO;SP;06/2024;0;0;0;0;0;0;0;0;0;0;0;0;0;0;0;0;0;1.038;1.038;9.993;11.031
DUFRIO FINANCEIRA, CRÉDITO, FINANCIAMENTO E INVESTIMENTOS S.A.;35479592;DUFRIO CFI - PRUDENCIAL;;85324;n1;2;14;PORTO ALEGRE;RS;06/2024;0;0;0;0;0;0;0;0;0;0;0;0;0;0;0;0;0;332;332;10.594;10.926
GET MONEY CORRETORA DE CÂMBIO S.A.;10853017;GET MONEY CC - PRUDENCIAL;;82255;n2;2;21;SAO PAULO;SP;06/2024;0;0;0;0;0;0;0;0;0;0;0;0;0;0;0;0;0;2.098;2.098;8.761;10.859
CREDJUST - COOPERATIVA DE CRÉDITO MÚTUO DOS INTEGRANTES DA JUSTIÇA DO TRABALHO DA 13- REGIÃO LTDA.;4608925;;;;b3S;2;9;JOAO PESSOA;PB;06/2024;252;0;0;3.195;0;0;3.447;0;0;0;0;0;0;0;0;3.447;0;323;3.770;7.083;10.852
A27 INSTITUICAO DE PAGAMENTOS S/A;35534511;A27 IP - PRUDENCIAL;;87504;n4;2;41;FLORES DA CUNHA;RS;06/2024;0;0;0;0;5.415;0;5.415;0;0;0;0;0;0;0;0;5.415;0;20;5.435;5.154;10.589
BEETELLER INSTITUIÇÃO DE PAGAMENTO LTDA.;32074986;BEETELLERPAY IP - PRUDENCIAL;;86718;n4;2;41;CAMPO GRANDE;MS;06/2024;0;0;0;0;5.456;0;5.456;0;0;0;0;0;0;0;0;5.456;0;1.378;6.834;3.747;10.581
NOSSA TERRA COOPERATIVA DE CRÉDITO DOS EMPREGADOS DAS EMPRESAS DE AGRONEGÓCIO E AFINS;49204605;;;;b3S;2;9;CAJATI;SP;06/2024;0;0;0;0;0;0;0;0;0;0;0;0;0;0;0;0;0;350;350;9.924;10.274
HEMERA DISTRIBUIDORA DE TÍTULOS E VALORES MOBILIÁRIOS LTDA.;39669186;HEMERA DTVM - PRUDENCIAL;;85685;n2;2;16;CURITIBA;PR;06/2024;0;0;0;0;0;0;0;0;0;0;0;0;0;0;0;0;0;4.667;4.667;5.602;10.269
COOPERATIVA DE CRÉDITO RURAL DOS PLANTADORES DE CANA DA REGIÃO DE IGARAPAVA;52623311;;;;b3S;2;9;IGARAPAVA;SP;06/2024;0;0;0;0;0;0;0;0;0;0;0;0;0;0;0;0;0;1.490;1.490;8.762;10.253
ABN AMRO CLEARING CORRETORA DE TÍTULOS E VALORES MOBILIÁRIOS LTDA.;44527444;BCO ABN AMRO CLEARING - PRUDENCIAL;52302;81579;n2;3;15;SAO PAULO;SP;06/2024;0;0;0;0;0;0;0;0;0;0;0;0;0;0;0;0;0;578;578;9.603;10.181
CREDI-SHOP - SOCIEDADE DE CRÉDITO DIRETO S.A.;54733010;CREDI SHOP S.A. - PRUDENCIAL;;84923;n1;2;43;TERESINA;PI;06/2024;0;0;0;0;0;0;0;0;0;0;0;0;0;0;0;0;0;159;159;9.896;10.055
COOPERATIVA DE ECONOMIA E CRÉDITO MÚTUO DOS FUNCIONÁRIOS DO GRUPO LORENZETTI;44905255;;;;b3S;2;9;SAO PAULO;SP;06/2024;0;0;0;0;0;0;0;0;0;0;0;0;0;0;0;0;0;340;340;9.606;9.945
SOCIALCRED S/A - SOCIEDADE DE CRÉDITO AO MICROEMPREENDEDOR E À EMPRESA DE PEQUENO PORTE;4316357;SOCIALCRED S/A SCMEPP - PRUDENCIAL;;83027;n1;2;10;RIO DE JANEIRO;RJ;06/2024;0;0;0;0;0;0;0;0;0;0;0;0;0;0;0;0;0;170;170;9.700;9.870
HR DIGITAL - SOCIEDADE DE CRÉDITO DIRETO S/A;44292580;HR DIGITAL SCD - PRUDENCIAL;;85908;n1;2;43;BRASILIA;DF;06/2024;0;0;0;0;989;0;989;0;0;0;0;0;0;0;0;989;0;5.604;6.593;3.271;9.864
COOPERATIVA DE CRÉDITO RURAL DO AGRESTE ALAGOANO - COOPERAGRE;8482873;;;;b3S;2;9;IGACI;AL;06/2024;1.362;0;0;4.732;0;0;6.094;0;0;0;0;0;0;0;160;6.254;0;193;6.447;3.253;9.699
ACTIVTRADES CORRETORA DE CÂMBIO, TÍTULOS E VALORES MOBILIÁRIOS LTDA.;43050917;ACTIVTRADES CCTVM - PRUDENCIAL;;85977;n2;3;15;FLORIANOPOLIS;SC;06/2024;0;0;0;0;0;249;249;0;0;0;0;0;0;0;0;249;0;1.403;1.651;8.035;9.687
UP.P SOCIEDADE DE EMPRÉSTIMO ENTRE PESSOAS S.A.;35977097;UP.P SEP - PRUDENCIAL;;85087;n1;2;44;SAO PAULO;SP;06/2024;0;0;0;0;2.693;0;2.693;0;0;0;0;0;0;0;0;2.693;0;2.806;5.498;4.168;9.666
QI DISTRIBUIDORA DE TÍTULOS E VALORES MOBILIÁRIOS LTDA.;46955383;QI SCD - PRUDENCIAL;52395;84882;n2;2;16;SAO PAULO;SP;06/2024;0;0;0;0;0;0;0;0;0;0;0;0;0;0;0;0;0;1.988;1.988;7.646;9.634
DOURADA CORRETORA DE CÂMBIO LTDA.;76641497;DOURADA CORRETORA - PRUDENCIAL;;82224;n2;2;21;CURITIBA;PR;06/2024;0;0;0;0;0;0;0;0;0;0;0;0;0;0;0;0;0;6.773;6.773;2.821;9.594
SUDACRED SOCIEDADE DE CRÉDITO DIRETO S.A.;20251847;SUDACRED SCD - PRUDENCIAL;;84428;n1;2;43;CURITIBA;PR;06/2024;0;0;0;0;0;0;0;0;0;0;0;0;0;0;0;0;0;1.052;1.052;8.398;9.450
COOPERATIVA DE CRÉDITO MÚTUO DOS EMPREGADOS DA PILKINGTON BRASIL;2104058;;;;b3S;2;9;CACAPAVA;SP;06/2024;0;0;0;0;0;0;0;0;0;0;0;0;0;0;0;0;0;130;130;9.282;9.413
COOPERATIVA DE CRÉDITO MÚTUO DOS SERVIDORES DA SEGURANÇA PÚBLICA DE SÃO PAULO - CREDIAFAM;4804353;;;;b3S;2;9;SAO PAULO;SP;06/2024;0;0;0;0;0;0;0;0;0;0;0;0;0;0;0;0;0;600;600;8.718;9.318
COOPERATIVA DE ECONOMIA E CRÉDITO MÚTUO DOS SERVIDORES DA SECRETARIA DE DEFESA SOCIAL DO ESTADO DE MINAS GERAIS LTDA. - COOPSESP;5746715;;;;b3S;2;9;BELO HORIZONTE;MG;06/2024;0;0;0;0;0;0;0;0;0;0;0;0;0;0;0;0;0;836;836;8.444;9.280
LABOR SOCIEDADE CORRETORA DE CÂMBIO LTDA.;6132348;LABOR CC - PRUDENCIAL;;82073;n2;2;21;RECIFE;PE;06/2024;0;0;0;0;0;0;0;0;0;0;0;0;0;0;0;0;0;2.308;2.308;6.883;9.191
CDC SOCIEDADE DE CRÉDITO DIRETO S.A.;18394228;CDC SCD - PRUDENCIAL;;83326;n1;2;43;BELO HORIZONTE;MG;06/2024;0;0;0;0;2.368;0;2.368;0;0;0;0;0;0;0;0;2.368;0;3.626;5.994;3.193;9.187
G5 SOCIEDADE DE CRÉDITO DIRETO S.A.;51212088;G5 SCD - PRUDENCIAL;;87047;n1;2;43;SAO JOSE;SC;06/2024;0;0;0;0;0;0;0;0;0;0;0;0;0;0;0;0;0;149;149;8.996;9.144
COOPERATIVA DE ECONOMIA E CRÉDITO MÚTUO DOS TRABALHADORES NAS INDÚSTRIAS DE EXTRAÇÃO DE FERRO E METAIS BÁSICOS DA REGIÃO DE CONGONHAS LTDA. - COOFERSE;71384697;;;;b3S;2;9;CONGONHAS;MG;06/2024;0;0;0;0;0;0;0;0;0;0;0;0;0;0;0;0;0;1.120;1.120;7.969;9.089
WNT CAPITAL DISTRIBUIDORA DE TÍTULOS E VALORES MOBILIÁRIOS S.A.;45854066;WNT CAPITAL DTVM - PRUDENCIAL;;86392;n2;2;16;SAO PAULO;SP;06/2024;0;0;0;0;0;2.143;2.143;0;0;0;0;0;0;0;159;2.302;0;2.339;4.641;4.247;8.888
COOPERATIVA DE ECONOMIA E CRÉDITO MÚTUO DOS SERVIDORES DO DISTRITO FEDERAL LTDA. - COOSERVCRED;778858;;;;b3S;2;9;BRASILIA;DF;06/2024;0;0;0;2.695;0;0;2.695;0;0;0;0;0;0;0;0;2.695;0;803;3.498;5.363;8.861
COOPERATIVA DE ECONOMIA E CRÉDITO MÚTUO DOS FUNCIONÁRIOS DA FACULDADE DE CIÊNCIAS AGRÁRIAS E VETERINÁRIAS - CAMPUS DE JABOTICABAL/SP - COOPERFAC;57259525;;;;b3S;2;9;JABOTICABAL;SP;06/2024;0;0;0;0;0;0;0;0;0;0;0;0;0;0;0;0;0;489;489;8.242;8.731
COOPERATIVA DE ECONOMIA E CRÉDITO MÚTUO DOS EMPREGADOS DA EATON;73077398;;;;b3S;2;9;VALINHOS;SP;06/2024;0;0;0;0;0;0;0;0;0;0;0;0;0;0;0;0;0;463;463;8.245;8.708
LEV DISTRIBUIDORA DE TÍTULOS E VALORES MOBILIÁRIOS LTDA.;45457891;LEV DTVM - PRUDENCIAL;;86347;n2;2;16;SAO PAULO;SP;06/2024;0;0;0;0;0;0;0;0;0;0;0;0;0;0;0;0;0;1.760;1.760;6.881;8.641
COOPERATIVA DE ECONOMIA E CRÉDITO MÚTUO DOS FUNCIONÁRIOS DO GRUPO AVIBRAS - COOPER AVIBRAS;43268960;;;;b3S;2;9;JACAREI;SP;06/2024;0;0;0;0;0;0;0;0;0;0;0;0;0;0;0;0;0;886;886;7.659;8.545
OZ CORRETORA DE CÂMBIO S.A.;4062902;OZ CC - PRUDENCIAL;;81892;n2;2;21;SAO PAULO;SP;06/2024;0;0;0;0;0;0;0;0;0;0;0;0;0;0;0;0;0;5.020;5.020;3.522;8.542
QUADRA SOCIEDADE DE CRÉDITO DIRETO S.A.;49555647;QUADRA SCD - PRUDENCIAL;;86646;n1;2;43;SAO PAULO;SP;06/2024;0;0;0;0;5.375;0;5.375;0;0;0;0;0;0;0;0;5.375;0;553;5.928;2.593;8.521
OPEN CO SOCIEDADE DE CRÉDITO DIRETO S.A;37763847;OPEN CO SCD - PRUDENCIAL;;85290;n1;3;43;SAO PAULO;SP;06/2024;0;0;0;0;0;0;0;0;0;0;0;0;0;0;0;0;0;2.302;2.302;6.191;8.494
CRETOVALE - COOPERATIVA DE ECONOMIA E CRÉDITO MÚTUO DOS TRABALHADORES DA VALE;28145589;;;;b3S;2;9;VITORIA;ES;06/2024;0;0;0;0;0;0;0;0;0;0;0;0;0;0;0;0;0;1.091;1.091;7.379;8.470
COOPERATIVA DE ECONOMIA E CRÉDITO MÚTUO ALIANÇA - COOPERNITRO;52935442;;;;b3S;2;9;SAO PAULO;SP;06/2024;0;0;0;0;0;0;0;0;0;0;0;0;0;0;0;0;0;207;207;8.215;8.422
COLUNA S/A DISTRIBUIDORA DE TITULOS E VALORES MOBILIÁRIOS;460065;COLUNA S.A. DTVM - PRUDENCIAL;;83728;n2;2;16;RIO DE JANEIRO;RJ;06/2024;0;0;0;0;0;0;0;0;0;0;0;0;0;0;0;0;0;5.758;5.758;2.599;8.357
BOA VIAGEM SOCIEDADE CORRETORA DE CÂMBIO LTDA.;6373777;BOA VIAGEM SCC LTDA. - PRUDENCIAL;;82080;n2;2;21;RECIFE;PE;06/2024;0;0;0;0;0;0;0;0;0;0;0;0;0;0;0;0;0;2.827;2.827;5.498;8.325
COOPERATIVA DE ECONOMIA E CRÉDITO MÚTUO DOS EMPREGADOS DO GRUPO TELEFÔNICA;57598120;;;;b3S;2;9;SAO PAULO;SP;06/2024;0;0;0;0;0;0;0;0;0;0;0;0;0;0;0;0;0;466;466;7.829;8.296
COOPERATIVA DE ECONOMIA E CRÉDITO MÚTUO DOS FUNCIONÁRIOS DA MORLAN - CRED MORLAN;731320;;;;b3S;2;9;ORLANDIA;SP;06/2024;0;0;0;0;0;0;0;0;0;0;0;0;0;0;0;0;0;161;161;8.025;8.186
ZM SOCIEDADE DE CRÉDITO DIRETO S.A.;49947715;ZM SCD PRUDENCIAL;;86828;n1;2;43;AGUAS LINDAS DE GOIAS;GO;06/2024;0;0;0;0;0;0;0;0;0;0;0;0;0;0;0;0;0;868;868;7.302;8.170
COOPERATIVA DE ECONOMIA E CREDITO MUTUO DOS SERVIDORES DA EMPRESA BRASILEIRA DE CORREIOS E TELEGRAFOS LTDA;42100982;;;;b3S;2;9;RIO DE JANEIRO;RJ;06/2024;0;0;0;0;0;0;0;0;0;0;0;0;0;0;308;308;0;209;517;7.648;8.165
HSCM - SOCIEDADE DE CRÉDITO AO MICROEMPREENDEDOR E À EMPRESA DE PEQUENO PORTE LTDA.;7693858;HSCM SCMEPP LTDA. - PRUDENCIAL;;83089;n1;2;10;IBIA;MG;06/2024;0;0;0;0;0;0;0;0;0;0;0;0;0;0;0;0;0;1.364;1.364;6.770;8.134
COOPERATIVA DE ECONOMIA E CRÉDITO MÚTUO DOS FUNCIONÁRIOS DA ELGIN;45045671;;;;b3S;2;9;MOGI DAS CRUZES;SP;06/2024;0;0;0;0;0;0;0;0;0;0;0;0;0;0;0;0;0;573;573;7.518;8.091
MULTICRED SOCIEDADE DE CRÉDITO DIRETO S.A.;38593706;MULTICRED SCD - PRUDENCIAL;;85355;n1;2;43;SALVADOR;BA;06/2024;0;0;0;0;0;0;0;0;0;0;0;0;0;0;0;0;0;185;185;7.860;8.045
COOPERATIVA DE ECONOMIA E CRÉDITO MÚTUO DOS SERVIDORES DA FACULDADE DE ENGENHARIA DE ILHA SOLTEIRA - COOPERFEIS;96409263;;;;b3S;2;9;ILHA SOLTEIRA;SP;06/2024;0;0;0;0;0;0;0;0;0;0;0;0;0;0;0;0;0;123;123;7.887;8.010
MONOPÓLIO CORRETORA DE CÂMBIO LTDA.;34666362;MONOPÓLIO CC - PRUDENCIAL;;84356;n2;2;21;BELEM;PA;06/2024;0;0;0;0;0;0;0;0;0;0;0;0;0;0;0;0;0;2.970;2.970;5.002;7.973
IDEA MAKER INSTITUICAO DE PAGAMENTO LTDA;45860531;IDEA MAKER IP - PRUDENCIAL;;86914;n4;2;41;SAO PAULO;SP;06/2024;0;0;0;0;0;0;0;0;0;0;0;0;0;0;0;0;0;130;130;7.763;7.893
COOPERATIVA DE ECONOMIA E CRÉDITO MÚTUO DOS FABRICANTES DE CALÇADOS DE SAPIRANGA LTDA.;5841967;;;;b3S;2;9;SAPIRANGA;RS;06/2024;869;0;0;1.833;0;0;2.702;0;0;0;0;0;0;0;0;2.702;0;617;3.319;4.543;7.862
PINE INVESTIMENTOS DISTRIBUIDORA DE TÍTULOS E VALORES MOBILIÁRIOS LTDA;92236777;PINE - PRUDENCIAL;50304;80374;n2;2;16;SAO PAULO;SP;06/2024;0;0;0;0;0;0;0;0;0;0;0;0;0;0;0;0;0;1.049;1.049;6.794;7.843
SCB CRÉDITO SOCIEDADE DE CRÉDITO AO MICROEMPREENDEDOR E À EMPRESA DE PEQUENO PORTE LTDA.;8430732;SCB CRÉDITO SCMEPP - PRUDENCIAL;;83230;n1;2;10;FORTALEZA;CE;06/2024;0;0;0;0;0;0;0;0;0;0;0;0;0;0;0;0;0;5.472;5.472;2.317;7.788
CAMBIONET CORRETORA DE CÂMBIO LTDA.;14190547;CAMBIONET CC LTDA - PRUDENCIAL;;82286;n2;2;21;PORTO ALEGRE;RS;06/2024;0;0;0;0;0;0;0;0;0;0;0;0;0;0;0;0;0;4.181;4.181;3.391;7.572
COOPERATIVA DE ECONOMIA E CRÉDITO MÚTUO DOS ELETRICITÁRIOS E DOS TRABALHADORES DAS EMPRESAS DO SETOR DE ENERGIA - COOPCRECE;92825397;;;;b3S;2;9;PORTO ALEGRE;RS;06/2024;266;0;0;4.486;0;0;4.752;0;0;0;0;0;0;0;0;4.752;0;587;5.339;2.169;7.508
COOPERATIVA DE CRÉDITO DOS SERVIDORES DO MUNICIPIO DE SANTO ANDRÉ - SP - CECRESA;512839;;;;b3S;2;9;SANTO ANDRE;SP;06/2024;2;0;0;2.769;0;0;2.771;0;0;0;0;0;0;0;0;2.771;0;310;3.081;4.333;7.414
MAG INSTITUICAO DE PAGAMENTO LTDA;21995256;MAG IP - PRUDENCIAL;;86385;n4;2;41;RIO DE JANEIRO;RJ;06/2024;0;0;0;0;1.150;0;1.150;0;0;0;0;0;0;0;0;1.150;0;831;1.981;5.423;7.403
COOPERATIVA DE ECONOMIA E CRÉDITO MÚTUO DOS EMPREGADOS DA SAINT-GOBAIN DO BRASIL PRODUTOS INDUSTRIAIS E PARA CONSTRUÇÃO - DIVISÃO VIDRO PLANO;48140925;;;;b3S;2;9;MAUA;SP;06/2024;0;0;0;0;0;0;0;0;0;0;0;0;0;0;0;0;0;606;606;6.743;7.349
ONCRED - SOCIEDADE DE CRÉDITO DIRETO S.A.;44650156;ONCRED SCD - PRUDENCIAL;;86000;n1;2;43;SAO CAETANO DO SUL;SP;06/2024;0;0;0;0;0;0;0;0;0;0;0;0;0;0;0;0;0;726;726;6.575;7.300
BMS SOCIEDADE DE CRÉDITO DIRETO S.A.;17826860;BMS SCD - PRUDENCIAL;;83333;n1;2;43;FORTALEZA;CE;06/2024;0;0;0;0;679;0;679;0;0;0;0;0;0;0;0;679;0;788;1.467;5.707;7.175
PENTAGONO S/A DISTRIBUIDORA DE TITULOS E VALORES MOBILIARIOS;17343682;PENTAGONO S/A DTVM - PRUDENCIAL;;83773;n2;2;16;RIO DE JANEIRO;RJ;06/2024;0;0;0;0;0;0;0;0;0;0;0;0;0;0;0;0;0;3.045;3.045;4.123;7.168
RED SOCIEDADE DE CRÉDITO DIRETO S.A.;47593544;RED SCD - PRUDENCIAL;;86316;n1;2;43;SAO PAULO;SP;06/2024;0;0;0;0;0;0;0;0;0;0;0;0;0;0;0;0;0;2.295;2.295;4.817;7.112
EXIM CORRETORA DE CAMBIO LTDA;73302408;EXIM CC LTDA - PRUDENCIAL;;82217;n2;2;21;PORTO ALEGRE;RS;06/2024;0;0;0;0;0;0;0;0;0;0;0;0;0;0;0;0;0;5.520;5.520;1.543;7.063
MONETARIE SOCIEDADE DE CRÉDITO DIRETO S.A.;46026562;MONETARIE SCD - PRUDENCIAL;;85991;n1;2;43;PORTO ALEGRE;RS;06/2024;0;0;0;0;5.312;0;5.312;0;0;0;0;0;0;0;0;5.312;0;373;5.685;1.373;7.058
FINVEST DISTRIBUIDORA DE TÍTULOS E VALORES MOBILIÁRIOS LTDA.;36266751;FINVEST DTVM - PRUDENCIAL;;85544;n2;2;16;SAO PAULO;SP;06/2024;0;0;0;0;779;0;779;0;0;0;0;0;0;0;0;779;0;783;1.562;5.438;7.000
COOPERATIVA DE ECONOMIA E CRÉDITO MÚTUO DOS FUNCIONÁRIOS DA OWENS CORNING FIBERGLAS AMÉRICA DO SUL;48172860;;;;b3S;2;9;RIO CLARO;SP;06/2024;0;0;0;1.105;0;0;1.105;0;0;0;0;0;0;0;0;1.105;0;319;1.425;5.570;6.995
COOPSEBRAE - COOPERATIVA DE CRÉDITO MÚTUO DOS FUNCIONÁRIOS DO SEBRAE/PB, SEBRAE/RN E SESC, SENAC E SENAR EM JOÃO PESSOA;41219353;;;;b3S;2;9;JOAO PESSOA;PB;06/2024;0;0;0;1.830;0;0;1.830;0;0;0;0;0;0;0;0;1.830;0;303;2.133;4.831;6.963
PROSEFTUR CORRETORA DE CAMBIO S.A;40333582;PROSEFTUR CC - PRUDENCIAL;;85795;n2;2;21;JUNDIAI;SP;06/2024;0;0;0;0;0;0;0;0;0;0;0;0;0;0;0;0;0;6.470;6.470;484;6.954
PAGARE INSTITUICAO DE PAGAMENTO S.A.;25104230;PAGARE IP - PRUDENCIAL;;87607;n4;2;41;SAO PAULO;SP;06/2024;0;0;0;0;1.550;0;1.550;0;0;0;0;0;0;0;1.647;3.196;0;3.248;6.445;456;6.900
COOPERATIVA DE ECONOMIA E CRÉDITO MÚTUO DOS EMPREGADOS DA MAGNESITA REFRATÁRIOS S.A. LTDA. - CECREM;913314;;;;b3S;2;9;CONTAGEM;MG;06/2024;0;0;0;0;0;0;0;0;0;0;0;0;0;0;0;0;0;557;557;6.243;6.800
COOPERATIVA DE CRÉDITO MÚTUO DOS FUNCIONÁRIOS DA RICLAN;6077760;;;;b3S;2;9;RIO CLARO;SP;06/2024;0;0;0;0;0;0;0;0;0;0;0;0;0;0;0;0;0;305;305;6.443;6.749
COOPERATIVA DE ECONOMIA E CRÉDITO MÚTUO DOS EMPREGADOS DA MOSAIC FERTILIZANTES DE UBERABA - COPERURA LTDA.;17607375;;;;b3S;2;9;UBERABA;MG;06/2024;0;0;0;0;0;0;0;0;0;0;0;0;0;0;0;0;0;278;278;6.445;6.723
COOPERATIVA DE ECONOMIA E CRÉDITO MÚTUO DOS FUNCIONÁRIOS DAS EMPRESAS ITAÚ;43446335;;;;b3S;2;9;OSASCO;SP;06/2024;0;0;0;0;0;0;0;0;0;0;0;0;0;0;0;0;0;563;563;5.995;6.558
COOPERATIVA DE ECONOMIA E CREDITO MUTUO DOS EMPREGADOS DAS EMPRESAS DE TRANSPORTES COLETIVOS RODOVIÁRIOS DE PASSAGEIROS DO GRANDE RIO LTDA;141155;;;;b3S;2;9;SAO GONCALO;RJ;06/2024;0;0;0;0;0;0;0;0;0;0;0;0;0;0;0;0;0;660;660;5.868;6.528
COOPERATIVA DE CRÉDITO MÚTUO DOS SERVIDORES MUNICIPAIS DE BEBEDOURO - COOCRESB.;5969937;;;;b3S;2;9;BEBEDOURO;SP;06/2024;721;0;0;1.787;0;0;2.508;0;0;0;0;0;0;0;879;3.386;0;81;3.468;3.054;6.522
TROCKA CORRETORA DE CAMBIO LTDA.;30183111;TROCKA CC  - PRUDENCIAL;;84796;n2;2;21;RIO DE JANEIRO;RJ;06/2024;0;0;0;0;0;0;0;0;0;0;0;0;0;0;0;0;0;5.229;5.229;1.274;6.503
BRX CORRETORA DE CÂMBIO LTDA.;17904906;BRX CC LTDA. - PRUDENCIAL;;82413;n2;2;21;RIO DE JANEIRO;RJ;06/2024;0;0;0;0;0;0;0;0;0;0;0;0;0;0;0;0;0;5.061;5.061;1.406;6.467
TURCÂMBIO - CORRETORA DE CÂMBIO LTDA.;15482499;TURCAMBIO CC LTDA. - PRUDENCIAL;;82334;n2;2;21;IMBITUBA;SC;06/2024;0;0;0;0;0;0;0;0;0;0;0;0;0;0;0;0;0;1.722;1.722;4.642;6.364
COOPERATIVA DE CRÉDITO DOS BANCÁRIOS DE SÃO PAULO E MUNICÍPIOS LIMÍTROFES;3422007;;;;b3S;2;9;SAO PAULO;SP;06/2024;0;0;0;3.774;0;0;3.774;0;0;0;0;0;0;0;0;3.774;0;143;3.917;2.323;6.240
VR DISTRIBUIDORA DE TÍTULOS E VALORES MOBILIÁRIOS LTDA.;64835226;VR - PRUDENCIAL;50524;80408;n2;2;16;SAO PAULO;SP;06/2024;0;0;0;0;0;0;0;0;0;0;0;0;0;0;0;0;0;64;64;6.119;6.182
COOPERATIVA DE ECONOMIA E CREDITO MÚTUO DOS PROFESSORES ESTADUAIS DA REGIÃO METROPOLITANA DE PORTO ALEGRE - EDUCREDI;5419025;;;;b3S;2;9;PORTO ALEGRE;RS;06/2024;0;0;0;0;0;0;0;0;0;0;0;0;0;0;0;0;0;1.281;1.281;4.873;6.154
COOPERATIVA DE CRÉDITO MÚTUO DOS FUNCIONÁRIOS DAS EMPRESAS FERROVIÁRIAS NO ESTADO DE SÃO PAULO;53932869;;;;b3S;2;9;OSASCO;SP;06/2024;0;0;0;0;0;0;0;0;0;0;0;0;0;0;0;0;0;246;246;5.904;6.150
COOPERATIVA DE ECONOMIA E CRÉDITO MÚTUO DOS FUNCIONÁRIOS DO GRUPO MAUÁ E EMPRESAS COLIGADAS LTDA. - COOPMAUÁ;5048575;;;;b3S;2;9;SAO GONCALO;RJ;06/2024;0;0;0;0;0;0;0;0;0;0;0;0;0;0;0;0;0;567;567;5.571;6.137
TRINUS CAPITAL DISTRIBUIDORA DE TÍTULOS E VALORES MOBILIÁRIOS S.A.;2276653;TRINUS CAPITAL DTVM - PRUDENCIAL;52223;84631;n2;2;16;GOIANIA;GO;06/2024;0;0;0;0;0;0;0;0;0;0;0;0;0;0;0;0;0;1.214;1.214;4.904;6.118
TRYBE SOCIEDADE DE CRÉDITO DIRETO S.A.;42622791;TRYBE SCD - PRUDENCIAL;;85757;n1;2;43;SAO PAULO;SP;06/2024;0;0;0;0;0;0;0;0;0;0;0;0;0;0;0;0;0;46;46;6.026;6.072
4UM DISTRIBUIDORA DE TÍTULOS E VALORES MOBILIÁRIOS S.A.;76621457;PARANÁ BANCO - PRUDENCIAL;30881;80233;n2;2;16;CURITIBA;PR;06/2024;0;0;0;0;0;0;0;0;0;0;0;0;0;0;0;0;0;455;455;5.585;6.040
ÓTIMO SOCIEDADE DE CRÉDITO DIRETO S.A.;34335592;CODEPE CORRETORA DE VAL. S.A. - PRUDENCIAL;52089;82712;n1;2;43;BARUERI;SP;06/2024;0;0;0;0;309;0;309;0;0;0;0;0;0;0;0;309;0;99;407;5.546;5.953
EXECUTIVE CORRETORA DE CÂMBIO LTDA.;19086249;EXECUTIVE CC LTDA. - PRUDENCIAL;;82468;n2;2;21;NOVO HAMBURGO;RS;06/2024;0;0;0;0;0;0;0;0;0;0;0;0;0;0;0;0;0;2.663;2.663;3.276;5.939
COOPERATIVA DE CRÉDITO DOS EMPREGADOS DA COMPANHIA INDUSTRIAL CATAGUASES E DA BAUMINAS LTDA. - COOPECIC;19495266;;;;b3S;2;9;CATAGUASES;MG;06/2024;0;0;0;0;0;0;0;0;0;0;0;0;0;0;0;0;0;725;725;5.130;5.855
COOPERATIVA DE ECONOMIA E CRÉDITO MÚTUO DOS FUNCIONÁRIOS DAS EMPRESAS DO GRUPO DANA - COOPDANA;91018408;;;;b3S;2;9;GRAVATAI;RS;06/2024;0;0;0;0;0;0;0;0;0;0;0;0;0;0;0;0;0;177;177;5.642;5.819
FONTECRED - SOCIEDADE DE CRÉDITO DIRETO S/A;33890605;FONTECRED SCD - PRUDENCIAL;;84954;n1;2;43;LAGOA DA PRATA;MG;06/2024;0;0;0;0;0;0;0;0;0;0;0;0;0;0;0;0;0;2.361;2.361;3.450;5.811
COOPERATIVA DE ECONOMIA E CRÉDITO MÚTUO DOS EMPREGADOS DAS INDÚSTRIAS UNILEVER DO BRASIL;53272365;;;;b3S;2;9;VALINHOS;SP;06/2024;0;0;0;0;0;0;0;0;0;0;0;0;0;0;0;0;0;345;345;5.445;5.790
BANVOX DISTRIBUIDORA DE TÍTULOS E VALORES MOBILIÁRIOS LTDA;2671743;BANVOX DTVM - PRUDENCIAL;51248;87717;n2;3;16;SAO PAULO;SP;06/2024;0;0;0;0;0;0;0;0;0;0;0;0;0;0;0;0;0;3.922;3.922;1.867;5.788
DGBK CREDIT S.A. - SOCIEDADE DE CRÉDITO DIRETO.;48584954;DGBK CREDIT SCD - PRUDENCIAL;;86543;n1;2;43;SALVADOR;BA;06/2024;0;0;0;0;0;0;0;0;0;0;0;0;0;0;0;0;0;369;369;5.388;5.757
COOPERATIVA DE ECONOMIA E CRÉDITO MÚTUO DOS FUNCIONÁRIOS DAS EMPRESAS MELHORAMENTOS DE SÃO PAULO - COOPERMEL;1504952;;;;b3S;2;9;SAO PAULO;SP;06/2024;0;0;0;0;0;0;0;0;0;0;0;0;0;0;0;0;0;600;600;5.103;5.703
COOPERATIVA DE ECONOMIA E CRÉDITO MÚTUO DOS EMPREGADOS DA PRODAM/SP - CREDIPRODAM;67031757;;;;b3S;2;9;SAO PAULO;SP;06/2024;0;0;0;0;0;0;0;0;0;0;0;0;0;0;0;0;0;98;98;5.590;5.689
FACILITA INSTITUICAO DE PAGAMENTO S/A;10789035;FACILITA IP - PRUDENCIAL;;87449;n4;2;41;NOVA LIMA;MG;06/2024;0;0;0;0;0;0;0;0;0;0;0;0;0;0;139;139;0;3.277;3.416;2.258;5.673
COOPERATIVA DE CRÉDITO MÚTUO DOS SERVIDORES DE ÓRGAOS GESTORES DE RECURSOS HÍDRICOS DO ESTADO DE SÃO PAULO - COOPERHIDRO;53800488;;;;b3S;2;9;SAO PAULO;SP;06/2024;0;0;0;306;0;0;306;0;0;0;0;0;0;0;0;306;0;528;834;4.815;5.649
INTRA INVESTIMENTOS DISTRIBUIDORA DE TÍTULOS E VALORES MOBILIÁRIOS LTDA;15489568;INTRA INVESTIMENTOS DTVM - PRUDENCIAL;;84301;n2;2;16;SAO PAULO;SP;06/2024;0;0;0;0;0;0;0;0;0;0;0;0;0;0;0;0;0;3.031;3.031;2.604;5.635
INDUSTRIAL DO BRASIL DISTRIBUIDORA DE TÍTULOS E VALORES MOBILIÁRIOS LTDA.;999403;INDUSTRIAL DO BRASIL - PRUDENCIAL;50988;80477;n2;2;16;SAO PAULO;SP;06/2024;0;0;0;0;0;0;0;0;0;0;0;0;0;0;0;0;0;42;42;5.564;5.606
EFX CORRETORA DE CÂMBIO LTDA.;94968518;EFX CC LTDA. - PRUDENCIAL;;82248;n2;2;21;SAO PAULO;SP;06/2024;0;0;0;0;0;0;0;0;0;0;0;0;0;0;0;0;0;1.168;1.168;4.395;5.562
REVOLUT SOCIEDADE DE CRÉDITO DIRETO S.A.;51342763;REVOLUT SCD - PRUDENCIAL;;87054;n1;3;43;SAO PAULO;SP;06/2024;0;0;0;0;0;0;0;0;0;0;0;0;0;0;0;0;0;437;437;5.094;5.531
COOPERATIVA DE CRÉDITO MÚTUO DOS EMPREGADOS DA FIAÇÃO ALPINA - COOPERALPINA;55319370;;;;b3S;2;9;MORUNGABA;SP;06/2024;0;0;0;0;0;0;0;0;0;0;0;0;0;0;0;0;0;86;86;5.438;5.524
COOPERATIVA DE ECONOMIA E CREDITO MUTUO DOS SERVIDORES MUNICIPAIS DO SUL FLUMINENSE LTDA.;1819799;;;;b3S;2;9;VOLTA REDONDA;RJ;06/2024;0;0;0;0;0;0;0;0;0;0;0;0;0;0;0;0;0;753;753;4.661;5.413
COOPERATIVA DE ECONOMIA E CRÉDITO MÚTUO DOS FUNCIONÁRIOS DO GRUPO GERDAU - AÇOS FINOS PIRATINI;88952130;;;;b3S;2;9;CHARQUEADAS;RS;06/2024;0;0;0;0;0;0;0;0;0;0;0;0;0;0;0;0;0;99;99;5.303;5.403
BANSUR JM SOCIEDADE DE CRÉDITO DIRETO S/A;42963742;BANSUR JM SCD - PRUDENCIAL;;85812;n1;2;43;BELO HORIZONTE;MG;06/2024;0;0;0;0;0;0;0;0;0;0;0;0;0;0;0;0;0;204;204;5.085;5.289
ARC CORRETORA DE CAMBIO, ASSOCIADOS GOUVEIA, CAMPEDELLI S.A.;4684647;ARC CORRETORA CAMBIO S.A. - PRUDENCIAL;;82066;n2;2;21;SANTOS;SP;06/2024;0;0;0;0;0;0;0;0;0;0;0;0;0;0;0;0;0;1.640;1.640;3.626;5.266
FIDD DISTRIBUIDORA DE TÍTULOS E VALORES MOBILIÁRIOS LTDA.;37678915;FIDD DTVM - PRUDENCIAL;;85458;n2;2;16;SAO PAULO;SP;06/2024;0;0;0;0;0;0;0;0;0;0;0;0;0;0;0;0;0;4.055;4.055;1.192;5.246
COOPERATIVA DE CRÉDITO DOS METALÚRGICOS DO ABC - CREDABC;5740092;;;;b3S;2;9;SAO BERNARDO DO CAMPO;SP;06/2024;0;0;0;1.074;0;0;1.074;0;0;0;0;0;0;0;0;1.074;0;221;1.294;3.909;5.203
COOPERATIVA DE ECONOMIA E CRÉDITO MÚTUO DOS FUNCIONÁRIOS DAS EMPRESAS DE CERÂMICA - COOPASPACER;2541707;;;;b3S;2;9;SANTA GERTRUDES;SP;06/2024;0;0;0;825;0;0;825;0;0;0;0;0;0;0;0;825;0;261;1.087;4.085;5.171
COOPERATIVA DE CRÉDITO DOS EMPREGADOS DO GRUPO AKZO NOBEL BRASIL - COOP AKZONOBEL;57996878;;;;b3S;2;9;MAUA;SP;06/2024;0;0;0;0;0;0;0;0;0;0;0;0;0;0;0;0;0;530;530;4.632;5.162
COOPERATIVA DE ECONOMIA E CRÉDITO MÚTUO DOS EMPREGADOS DA RECKITT BENCKISER;44223196;;;;b3S;2;9;SAO PAULO;SP;06/2024;0;0;0;0;0;0;0;0;0;0;0;0;0;0;0;0;0;67;67;5.070;5.137
BAMAQ CAPITAL - SOCIEDADE DE CRÉDITO DIRETO S/A;48528314;BAMAQ CAPITAL SCD - PRUDENCIAL;;86691;n1;2;43;CONTAGEM;MG;06/2024;0;0;0;0;0;0;0;0;0;0;0;0;0;0;0;0;0;14;14;5.115;5.129
CAROL DISTRIBUIDORA DE TITULOS E VALORES MOBILIARIOS LTDA.;62237649;CAROL DTVM LTDA. - PRUDENCIAL;;84095;n2;2;16;SAO PAULO;SP;06/2024;0;0;0;0;0;0;0;0;0;0;0;0;0;0;0;0;0;784;784;4.289;5.074
MONETAR DISTRIBUIDORA DE TÍTULOS E VALORES MOBILIÁRIOS LTDA.;12063256;TERRA INVESTIMENTOS DTVM - PRUDENCIAL;52113;84514;n2;2;16;SAO PAULO;SP;06/2024;0;0;0;0;0;0;0;0;0;0;0;0;0;0;0;0;0;539;539;4.489;5.029
COOPERATIVA DE ECONOMIA E CREDITO MUTUO DOS SERVIDORES PUBLICOS MUNICIPAIS DE PORTO ALEGRE;3990888;;;;b3S;2;9;PORTO ALEGRE;RS;06/2024;0;0;0;57;0;0;57;0;0;0;0;0;0;0;0;57;0;872;928;4.011;4.939
NVIO BRASIL SOCIEDADE DE CRÉDITO DIRETO S.A.;51118718;NVIO BRASIL IP - PRUDENCIAL;;86945;n1;3;43;OSASCO;SP;06/2024;0;0;0;0;0;0;0;0;0;0;0;0;0;0;0;0;0;5;5;4.916;4.921
MH SOCIEDADE DE CRÉDITO DIRETO S.A.;51834986;MH SCD - PRUDENCIAL;;87188;n1;2;43;CIANORTE;PR;06/2024;0;0;0;0;0;0;0;0;0;0;0;0;0;0;0;0;0;56;56;4.768;4.824
DASCAM CORRETORA DE CÂMBIO LTDA.;65645137;DASCAM CC LTDA - PRUDENCIAL;;81964;n2;2;21;SAO PAULO;SP;06/2024;0;0;0;0;0;0;0;0;0;0;0;0;0;0;0;0;0;1.580;1.580;3.176;4.756
COOPERATIVA DE ECONOMIA E CRÉDITO MÚTUO DOS FUNCIONÁRIOS DA SELENE;72952138;;;;b3S;2;9;CERQUILHO;SP;06/2024;0;0;0;0;0;0;0;0;0;0;0;0;0;0;0;0;0;200;200;4.491;4.691
BR-CAPITAL DISTRIBUIDORA DE TÍTULOS E VALORES MOBILIÁRIOS S.A.;44077014;BR-CAPITAL DTVM S.A. - PRUDENCIAL;;83814;n2;2;16;SAO PAULO;SP;06/2024;0;0;0;0;0;0;0;0;0;0;0;0;0;0;0;0;0;513;513;4.133;4.645
NOVINVEST CORRETORA DE VALORES MOBILIARIOS LTDA.;43060029;NOVINVEST CVM LTDA - PRUDENCIAL;;82808;n2;2;15;SAO PAULO;SP;06/2024;0;0;0;0;0;3.512;3.512;0;0;0;0;0;0;0;0;3.512;0;2.081;5.593;-961;4.632
COOPERATIVA DE ECONOMIA E CRÉDITO MÚTUO DOS SERVIDORES DA UNESP - COOPUNESP;69136075;;;;b3S;2;9;RIO CLARO;SP;06/2024;0;0;0;737;0;0;737;0;0;0;0;0;0;0;0;737;0;193;930;3.673;4.604
LEND SOCIEDADE DE CRÉDITO DIRETO S.A.;37526080;LEND SCD - PRUDENCIAL;;85276;n1;2;43;SAO PAULO;SP;06/2024;0;0;0;0;3.281;0;3.281;0;0;0;0;0;0;0;0;3.281;0;292;3.573;988;4.561
LEVYCAM - CORRETORA DE CAMBIO E VALORES LTDA.;50579044;LEVYCAM CCV LTDA - PRUDENCIAL;;82592;n2;2;15;SAO PAULO;SP;06/2024;0;0;0;0;0;0;0;0;0;0;0;0;0;0;0;0;0;3.070;3.070;1.456;4.526
COOPERATIVA DE ECONOMIA E CRÉDITO MÚTUO DOS EMPREGADOS DA CNC, SESC E SENAC ADMINISTRAÇÕES NACIONAIS LTDA.;30304919;;;;b3S;2;9;RIO DE JANEIRO;RJ;06/2024;0;0;0;0;0;0;0;0;0;0;0;0;0;0;0;0;0;196;196;4.310;4.506
ATF SOCIEDADE DE CRÉDITO DIRETO S.A.;44728700;ATF SCD - PRUDENCIAL;;85915;n1;2;43;PORTO ALEGRE;RS;06/2024;0;0;0;0;810;0;810;0;0;0;0;0;0;0;0;810;0;101;911;3.539;4.451
COOPERATIVA DE ECONOMIA E CRÉDITO MÚTUO DOS EMPREGADOS DE KYN COMÉRCIO VAREJISTA E ATACADISTA - COOPER KYN;2230138;;;;b3S;2;9;JUNDIAI;SP;06/2024;0;0;0;0;0;0;0;0;0;0;0;0;0;0;0;0;0;420;420;4.030;4.450
TYCOON TECHNOLOGY INSTITUICAO DE PAGAMENTO S.A;26615279;TYCOON TECHNOLOGY IP - PRUDENCIAL;;87274;n4;2;41;CURITIBA;PR;06/2024;0;0;0;0;153;0;153;0;0;0;0;0;0;0;210;363;0;4.939;5.302;-873;4.429
CREDIFIT SOCIEDADE DE CRÉDITO DIRETO S.A.;39676772;CREDIFIT SCD - PRUDENCIAL;;85465;n1;2;43;SALVADOR;BA;06/2024;0;0;0;0;1.251;0;1.251;0;0;0;0;0;0;0;0;1.251;0;589;1.840;2.559;4.399
COOPERATIVA DE ECONOMIA E CREDITO MUTUO DOS EMPREGADOS DOS LABORATORIOS B.BRAUN LTDA;30586895;;;;b3S;2;9;SAO GONCALO;RJ;06/2024;0;0;0;0;0;0;0;0;0;0;0;0;0;0;0;0;0;243;243;3.996;4.238
MUNDINVEST S.A.-CORRETORA DE CAMBIO E VALORES MOBILIARIOS;25674235;MUNDINVEST S.A. - CCVM - PRUDENCIAL;;82774;n2;2;15;BELO HORIZONTE;MG;06/2024;0;0;0;0;0;0;0;0;0;0;0;0;0;0;0;0;76;76;153;4.038;4.191
COOPESTADO - COOPERATIVA DE ECONOMIA E CRÉDITO MÚTUO DOS SERVIDORES PÚBLICOS NA REGIÃO METROPOLITANA DO ESTADO DO RIO DE JANEIRO LIMITADA;4995006;;;;b3S;2;9;RIO DE JANEIRO;RJ;06/2024;0;0;0;0;0;0;0;0;0;0;0;0;0;0;0;0;0;392;392;3.796;4.188
SOCRED S.A. - SOCIEDADE DE CRÉDITO AO MICROEMPREENDEDOR E À EMPRESA DE PEQUENO PORTE;9210106;SOCRED S.A. SCM - PRUDENCIAL;;83247;n1;2;10;BELEM;PA;06/2024;0;0;0;0;0;0;0;0;0;0;0;0;0;0;317;317;0;276;593;3.539;4.132
COOPERATIVA DE ECONOMIA E CREDITO MUTUO DOS SERVIDORES DA UERJ LTDA. - COOPUERJ;28885036;;;;b3S;2;9;RIO DE JANEIRO;RJ;06/2024;0;0;0;0;0;0;0;0;0;0;0;0;0;0;0;0;0;1.177;1.177;2.923;4.101
ZIPDIN SOLUÇÕES DIGITAIS SOCIEDADE DE CRÉDITO DIRETO S/A;37414009;ZIPDIN SCD - PRUDENCIAL;;85221;n1;2;43;SAO PAULO;SP;06/2024;0;0;0;0;0;0;0;0;0;0;0;0;0;0;0;0;0;2.876;2.876;1.202;4.077
CONECTA CORRETORA DE CÂMBIO LTDA.;18287740;CONECTA CC LTDA - PRUDENCIAL;;82406;n2;2;21;SAO PAULO;SP;06/2024;0;0;0;0;0;0;0;0;0;0;0;0;0;0;0;0;0;3.593;3.593;465;4.058
NUMBRS SOCIEDADE DE CRÉDITO DIRETO S.A.;38129006;NUMBRS SCD - PRUDENCIAL;;85410;n1;2;43;SAO PAULO;SP;06/2024;0;0;0;0;725;0;725;0;0;0;0;0;0;0;0;725;0;8;733;3.267;4.001
DAUX SOCIEDADE DE CRÉDITO DIRETO S.A.;34846868;DAUX SCD - PRUDENCIAL;;84992;n1;2;43;LINS;SP;06/2024;0;0;0;0;0;0;0;0;0;0;0;0;0;0;0;0;0;161;161;3.796;3.957
PALMA SOCIEDADE DE CRÉDITO DIRETO S.A.;49889190;PALMA SCD - PRUDENCIAL;;86873;n1;2;43;SAO PAULO;SP;06/2024;0;0;0;0;0;0;0;0;0;0;0;0;0;0;0;0;0;67;67;3.880;3.947
CASA DO CRÉDITO S.A. SOCIEDADE DE CRÉDITO AO MICROEMPREENDEDOR;5442029;CASA CREDITO S.A. SCM - PRUDENCIAL;;83175;n1;2;10;SAO PAULO;SP;06/2024;0;0;0;0;736;0;736;0;0;0;0;0;0;0;0;736;0;1.004;1.741;2.196;3.937
COOPERATIVA DE CRÉDITO MÚTUO DOS FUNCIONÁRIOS DA FIEP, SESI, SENAI, IEL E DO CONDOMÍNIO EDIFÍCIO AGOSTINHO VELLOSO DA SILVEIRA (CEAVS  - CREDFISP LTDA.;5747018;;;;b3S;2;9;CAMPINA GRANDE;PB;06/2024;0;0;0;0;0;0;0;0;0;0;0;0;0;0;0;0;0;520;520;3.401;3.921
COOPERATIVA DE ECONOMIA E CREDITO MUTUO DOS EMPREGADOS DE ESTABELECIMENTOS HOSPITALARES DO SUL DO ESTADO DO ESPIRITO SANTO - SULCRED;31746993;;;;b3S;2;9;CACHOEIRO DE ITAPEMIRIM;ES;06/2024;0;0;0;0;0;0;0;0;0;0;0;0;0;0;0;0;0;173;173;3.707;3.880
NEXOOS SOCIEDADE DE EMPRÉSTIMO ENTRE PESSOAS S.A.;34254279;NEXOOS SEP - PRUDENCIAL;;84947;n1;2;44;SAO PAULO;SP;06/2024;0;0;0;0;0;0;0;11;0;0;0;0;0;0;0;11;0;2.543;2.554;1.241;3.795
MOVILEPAY SOCIEDADE DE CRÉDITO DIRETO S.A.;51556307;MOVILEPAY SCD - PRUDENCIAL;;86990;n1;3;43;OSASCO;SP;06/2024;0;0;0;0;0;0;0;0;0;0;0;0;0;0;0;0;0;76;76;3.675;3.752
COOPERATIVA DE ECONOMIA E CRÉDITO MÚTUO DOS COLABORADORES DA COOPEDER LTDA - COOPCREDER;21130869;;;;b3S;2;9;BELO HORIZONTE;MG;06/2024;0;0;0;0;0;0;0;0;0;0;0;0;0;0;0;0;0;532;532;3.180;3.712
COOPERATIVA DE ECONOMIA E CREDITO MUTUO DOS FUNCIONARIOS DO EXPRESSO PRINCESA DOS CAMPOS;1551820;;;;b3S;2;9;PONTA GROSSA;PR;06/2024;0;0;0;0;0;0;0;0;0;0;0;0;0;0;0;0;0;35;35;3.589;3.624
COOPERATIVA DE ECONOMIA E CRÉDITO MÚTUO DOS EMPREGADOS DAS EMPRESAS SIDERÚRGICAS, METALÚRGICAS E ELETRO-MECÂNICAS DE JOÃO MONLEVADE LTDA. - CREDIBELGO;24235459;;;;b3S;2;9;JOAO MONLEVADE;MG;06/2024;0;0;0;190;0;0;190;0;0;0;0;0;0;0;0;190;0;173;362;3.253;3.615
COOPERATIVA DE ECONOMIA E CRÉDITO MÚTUO DOS FUNCIONÁRIOS DA ACUMENT BRASIL;45068632;;;;b3S;2;9;ATIBAIA;SP;06/2024;0;0;0;0;0;0;0;0;0;0;0;0;0;0;0;0;0;273;273;3.296;3.568
COOPERATIVA DE ECONOMIA E CRÉDITO MUTUO DOS FUNCIONÁRIOS DE INSTITUIÇÕES FINANCEIRAS PUBLICAS E PRIVADAS NO TERRITÓRIO NACIONAL - CREDBRASIL;2869663;;;;b3S;2;9;VITORIA;ES;06/2024;0;0;0;0;0;0;0;0;0;0;0;0;0;0;0;0;0;740;740;2.822;3.562
MONERY INSTITUICAO DE PAGAMENTO S.A.;46505612;MONERY IP - PRUDENCIAL;;87164;n4;2;41;BARUERI;SP;06/2024;0;0;0;0;0;0;0;0;0;0;0;0;0;0;0;0;0;86;86;3.465;3.551
GALLERIA - SOCIEDADE DE CRÉDITO DIRETO S/A;51604356;GALLERIA SCD - PRUDENCIAL;;87078;n1;2;43;VOTORANTIM;SP;06/2024;0;0;0;0;0;0;0;0;0;0;0;0;0;0;0;0;0;2.113;2.113;1.429;3.542
COOPERATIVA DE ECONOMIA E CRÉDITO MÚTUO DOS EMPREGADOS DAS EMPRESAS PLASCAR;17411307;;;;b3S;2;9;JUNDIAI;SP;06/2024;0;0;0;0;0;0;0;0;0;0;0;0;0;0;0;0;0;527;527;3.004;3.531
CREDNOVO SOCIEDADE DE EMPRÉSTIMO ENTRE PESSOAS S. A.;38146949;ORIGINAL - PRUDENCIAL;51781;80903;n1;2;44;SAO PAULO;SP;06/2024;0;0;0;0;0;0;0;0;0;0;0;0;0;0;0;0;0;1.141;1.141;2.361;3.503
GDC PARTNERS SERVIÇOS FIDUCIÁRIOS DISTRIBUIDORA DE TÍTULOS E VALORES MOBILIÁRIOS LTDA.;10749264;GDC PART SERV FIDUC DTVM LTDA - PRUDENCIAL;;84208;n2;2;16;RIO DE JANEIRO;RJ;06/2024;0;0;0;0;0;0;0;0;0;0;0;0;0;0;0;0;0;1.241;1.241;2.248;3.488
RV2 SOCIEDADE DE EMPRÉSTIMO ENTRE PESSOAS S.A.;52690487;RV2 SEP - PRUDENCIAL;;86976;n1;2;44;FORTALEZA;CE;06/2024;0;0;0;0;0;0;0;0;0;0;0;0;0;0;0;0;0;186;186;3.294;3.480
COOPERATIVA DE ECONOMIA E CRÉDITO MÚTUO DOS FUNCIONÁRIOS DO GRUPO SUGGAR LTDA.;548980;;;;b3S;2;9;BELO HORIZONTE;MG;06/2024;0;0;0;0;0;0;0;0;0;0;0;0;0;0;0;0;0;138;138;3.342;3.480
DAPPER - SOCIEDADE DE CRÉDITO DIRETO S/A;48529228;DAPPER SCD - PRUDENCIAL;;86402;n1;2;43;BLUMENAU;SC;06/2024;0;0;0;0;0;0;0;0;0;0;0;0;0;0;0;0;0;100;100;3.359;3.459
COOPERATIVA DE ECONOMIA E CREDITO MUTUO DOS SERVIDORES DA ASCAR/EMATER-RS LTDA-CRESAL;90278987;;;;b3S;2;9;PORTO ALEGRE;RS;06/2024;0;0;0;329;0;0;329;0;0;0;0;0;0;0;0;329;0;75;404;3.034;3.439
COOPERATIVA DE ECONOMIA E CRÉDITO MÚTUO DOS EMPREGADOS DA EMPRESA SUPERMERCADOS JAU SERVE - COOPERJS;3400651;;;;b3S;2;9;JAU;SP;06/2024;0;0;0;0;0;0;0;0;0;0;0;0;0;0;0;0;0;70;70;3.358;3.427
ATICCA - SOCIEDADE DE CRÉDITO DIRETO S.A.;44478623;ATICCA SCD PRUDENCIAL;;85946;n1;2;43;ARARAQUARA;SP;06/2024;0;0;0;0;0;0;0;0;0;0;0;0;0;0;0;0;0;44;44;3.340;3.383
GLOBAL INVESTMENT SERVICES DISTRIBUIDORA DE TÍTULOS E VALORES MOBILIÁRIOS LTDA.;47227569;GLOBAL INV SERVICES DTVM - PRUDENCIAL;;86859;n2;2;16;SAO PAULO;SP;06/2024;0;0;0;0;0;0;0;0;0;0;0;0;0;0;0;0;0;252;252;3.043;3.295
COOPERATIVA DE ECONOMIA E CRÉDITO MÚTUO DOS FUNCIONÁRIOS DA USINA SANTA MARIA - PILONCRED;1107759;;;;b3S;2;9;CERQUILHO;SP;06/2024;0;0;0;0;0;0;0;0;0;0;0;0;0;0;0;0;0;172;172;3.110;3.283
BIZCAPITAL SOCIEDADE DE CRÉDITO DIRETO S.A.;45597546;BIZCAPITAL SCD - PRUDENCIAL;;86103;n1;3;43;RIO DE JANEIRO;RJ;06/2024;0;0;0;0;0;0;0;0;0;0;0;0;0;0;0;0;0;1.546;1.546;1.711;3.256
COOPERATIVA DE CRÉDITO MÚTUO DOS EMPREGADOS EM INSTITUIÇÕES DO SISTEMA FINANCEIRO NAS REGIÕES DE SÃO PAULO E CAMPINAS (SP) - CREDISCOOP;3674133;;;;b3S;2;9;SAO PAULO;SP;06/2024;0;0;0;1.499;0;0;1.499;0;0;0;0;0;0;0;0;1.499;0;186;1.685;1.553;3.238
COOPERATIVA DE ECONOMIA E CRÉDITO MÚTUO DOS FUNCIONÁRIOS DA NAKATA;9128022;;;;b3S;2;9;OSASCO;SP;06/2024;0;0;0;0;0;0;0;0;0;0;0;0;0;0;0;0;0;98;98;3.135;3.233
TRIO INSTITUICAO DE PAGAMENTO LTDA.;49931906;TRIO IP - PRUDENCIAL;;87432;n4;2;41;CURITIBA;PR;06/2024;0;0;0;0;0;0;0;0;0;0;0;0;0;0;0;0;0;165;165;3.065;3.230
COOPERATIVA DE ECONOMIA E CRÉDITO MÚTUO DOS EMPREGADOS DA JOYSON SAFETY SYSTEMS - COOPERJSS;47944277;;;;b3S;2;9;JUNDIAI;SP;06/2024;0;0;0;0;0;0;0;0;0;0;0;0;0;0;1.060;1.060;0;1.042;2.103;1.032;3.135
A55 SOCIEDADE DE CRÉDITO DIRETO S.A.;48756121;A55 SCD - PRUDENCIAL;;86512;n1;2;43;SAO PAULO;SP;06/2024;0;0;0;0;0;0;0;0;0;0;0;0;0;0;0;0;0;76;76;3.019;3.095
CREDPAR - SOCIEDADE DE CRÉDITO DIRETO S/A;48721937;CREDPAR SCD - PRUDENCIAL;;86550;n1;2;43;UBERLANDIA;MG;06/2024;0;0;0;0;0;0;0;0;0;0;0;0;0;0;0;0;0;1.955;1.955;1.111;3.066
COOPERATIVA DE ECONOMIA E CRÉDITO MÚTUO DOS EMPREGADOS DA JOLIMODE ROUPAS E EMPRESAS COLIGADAS LTDA;28244622;;;;b3S;2;9;RIO DE JANEIRO;RJ;06/2024;0;0;0;0;0;0;0;0;0;0;0;0;0;0;0;0;0;163;163;2.874;3.037
ANDBANK DISTRIBUIDORA DE TÍTULOS E VALORES MOBILIÁRIOS LTDA.;67600379;ANDBANK - PRUDENCIAL;51949;81256;n2;3;16;SAO PAULO;SP;06/2024;0;0;0;0;0;0;0;0;0;0;0;0;0;0;0;0;0;779;779;2.237;3.016
COOPERATIVA DE ECONOMIA E CRÉDITO MÚTUO DOS EMPREGADOS DA BECTON DICKINSON INDÚSTRIAS CIRÚRGICAS LTDA., LTDA.;21597133;;;;b3S;2;9;JUIZ DE FORA;MG;06/2024;0;0;0;0;0;0;0;0;0;0;0;0;0;0;0;0;0;348;348;2.616;2.964
BARU SOCIEDADE DE CRÉDITO DIRETO S/A;42723848;BARU SCD - PRUDENCIAL;;85805;n1;2;43;PORTO ALEGRE;RS;06/2024;0;0;0;0;0;0;0;0;0;0;0;0;0;0;0;0;0;979;979;1.984;2.963
MOMENTO DISTRIBUIDORA DE TITULOS E VALORES MOBILIARIOS LTDA;97447304;MOMENTO DTVM LTDA. - PRUDENCIAL;;84181;n2;2;16;RIO DE JANEIRO;RJ;06/2024;0;0;0;0;0;0;0;0;0;0;0;0;0;0;0;0;0;458;458;2.493;2.951
COOPERATIVA DE ECONOMIA E CRÉDITO MÚTUO DOS FUNCIONÁRIOS DA EDUCAÇÃO E COMUNICAÇÃO;43438662;;;;b3S;2;9;SAO PAULO;SP;06/2024;0;0;0;0;0;0;0;0;0;0;0;0;0;0;0;0;0;687;687;2.250;2.937
COOPSERJ - COOPERATIVA DE CRÉDITO MÚTUO DOS SERVIDORES PÚBLICOS DO PODER EXECUTIVO DO ESTADO DO RIO DE JANEIRO LTDA.;2723075;;;;b3S;2;9;RIO DE JANEIRO;RJ;06/2024;0;0;0;0;0;0;0;0;0;0;0;0;0;0;0;0;0;807;807;2.129;2.935
COOPERATIVA DE ECONOMIA E CRÉDITO MÚTUO DOS FUNCIONÁRIOS DO PODER JUDICIÁRIO E SERVIDORES PÚBLICOS DO ESTADO DE SÃO PAULO - SPCRED;7651495;;;;b3S;2;9;SAO PAULO;SP;06/2024;0;0;0;347;0;0;347;0;0;0;0;0;0;0;0;347;0;1.000;1.346;1.576;2.922
COOPERATIVA DE CRÉDITO DOS EMPREGADOS DAS EMPRESAS DO GRUPO INDORAMA NO BRASIL;62605290;;;;b3S;2;9;POCOS DE CALDAS;MG;06/2024;0;0;0;0;0;0;0;0;0;0;0;0;0;0;0;0;0;156;156;2.741;2.897
LIMINE TRUST DISTRIBUIDORA DE TÍTULOS E VALORES MOBILIÁRIOS LTDA.;24361690;LIMINE TRUST DTVM  - PRUDENCIAL;;84617;n2;2;16;SAO PAULO;SP;06/2024;0;0;0;0;0;0;0;0;0;0;0;0;0;0;0;0;0;1.033;1.033;1.755;2.788
COOPERATIVA DE ECONOMIA E CREDITO MUTUO DOS FUNCIONARIOS DA VIACAO NOSSA SENHORA DO AMPARO LTDA. - COPERFAMP;2192115;;;;b3S;2;9;MARICA;RJ;06/2024;0;0;0;0;0;0;0;0;0;0;0;0;0;0;0;0;0;199;199;2.561;2.760
SADOC SOCIEDADE CORRETORA DE CÂMBIO LTDA.;28762249;SADOC CC - PRUDENCIAL;;84758;n2;2;21;FORTALEZA;CE;06/2024;0;0;0;0;0;0;0;0;0;0;0;0;0;0;0;0;0;290;290;2.380;2.670
NEON CORRETORA DE TÍTULOS E VALORES MOBILIÁRIOS S.A.;61723847;NEON PAGAMENTOS IP - PRUDENCIAL;52285;85702;n2;2;15;SAO PAULO;SP;06/2024;0;0;0;0;0;30;30;0;0;0;0;0;0;0;0;30;0;53;82;2.573;2.655
PACIFIC INVEST DISTRIBUIDORA DE TITULOS E VALORES MOBILIARIOS LTDA;73279093;PACIFIC INVEST DTVM LTDA - PRUDENCIAL;;84143;n2;2;16;JOACABA;SC;06/2024;0;0;0;0;0;0;0;0;0;0;0;0;0;0;0;0;0;837;837;1.796;2.632
COOPERATIVA DE ECONOMIA E CRÉDITO MÚTUO DOS EMPREGADOS DA PONTIFÍCIA UNIVERSIDADE CATÓLICA DO RIO DE JANEIRO E EMPREGADOS EM ESTABELECIMENTOS PRIVADOS DE ENSINO DO MUNICÍPIO DO RIO DE JANEIRO LTDA.;42445122;;;;b3S;2;9;RIO DE JANEIRO;RJ;06/2024;0;0;0;0;0;0;0;0;0;0;0;0;0;0;0;0;0;1.148;1.148;1.477;2.625
COOPERATIVA DE ECONOMIA E CREDITO MUTUO DOS FUNCIONARIOS DA GKN DO BRASIL LTDA;5331882;;;;b3S;2;9;PORTO ALEGRE;RS;06/2024;0;0;0;0;0;0;0;0;0;0;0;0;0;0;0;0;0;100;100;2.522;2.622
GOOD CORRETORA DE CÂMBIO LTDA;23010182;GOOD CC - PRUDENCIAL;;84521;n2;2;21;PORTO ALEGRE;RS;06/2024;0;0;0;0;0;0;0;0;0;0;0;0;0;0;0;0;0;445;445;2.171;2.616
HR SOCIEDADE DE CRÉDITO AO MICROEMPREENDEDOR E À EMPRESA DE PEQUENO PORTE LTDA.;20158571;HR SCMEPP LTDA. - PRUDENCIAL;;84411;n1;2;10;MACEIO;AL;06/2024;0;0;0;0;0;0;0;0;0;0;0;0;0;0;0;0;0;30;30;2.575;2.605
NUMATUR CORRETORA DE CÂMBIO LTDA.;18145784;NUMATUR CC LTDA - PRUDENCIAL;;82451;n2;2;21;SAO PAULO;SP;06/2024;0;0;0;0;0;0;0;0;0;0;0;0;0;0;0;0;0;94;94;2.472;2.567
SBCASH SOCIEDADE DE CRÉDITO DIRETO S.A.;42259084;SBCASH SCD PRUDENCIAL;;85661;n1;2;43;CURITIBA;PR;06/2024;0;0;0;0;478;0;478;0;0;0;0;0;0;0;0;478;0;110;588;1.976;2.563
COOPERATIVA DE ECONOMIA E CREDITO MUTUO DOS SERVIDORES DO COLEGIO PEDRO II;2910387;;;;b3S;2;9;RIO DE JANEIRO;RJ;06/2024;0;0;0;0;0;0;0;0;0;0;0;0;0;0;0;0;0;150;150;2.358;2.508
DATANOMIK BRASIL INSTITUICAO DE PAGAMENTO LTDA;47438068;DATANOMIK BRASIL IP - PRUDENCIAL;;87470;n4;3;41;SAO PAULO;SP;06/2024;0;0;0;0;0;0;0;0;0;0;0;0;0;0;0;0;0;31;31;2.476;2.507
COOPERATIVA DE ECONOMIA E CRÉDITO MÚTUO DOS EMPREGADOS DO SEBRAE BAHIA LTDA.;5658367;;;;b3S;2;9;SALVADOR;BA;06/2024;0;0;0;0;0;0;0;0;0;0;0;0;0;0;0;0;0;34;34;2.449;2.482
MAGNUM SOCIEDADE DE CRÉDITO DIRETO S.A.;44683140;MAGNUM SCD - PRUDENCIAL;;85984;n1;2;43;SAO PAULO;SP;06/2024;0;0;0;0;947;0;947;0;0;0;0;0;0;0;0;947;0;2.461;3.408;-926;2.482
PÓLOCRED   SOCIEDADE DE CRÉDITO AO MICROEMPREENDEDOR E À EMPRESA DE PEQUENO PORTE LTDA.;7945233;PÓLOCRED SCMEPP LTDA. - PRUDENCIAL;;83106;n1;2;10;FLORIANOPOLIS;SC;06/2024;0;0;0;0;0;0;0;0;0;0;0;0;0;0;0;0;0;1.347;1.347;1.034;2.381
ALL IN CRED SOCIEDADE DE CREDITO DIRETO S.A.;51414521;ALL IN CRED SCD - PRUDENCIAL;;87085;n1;2;43;SAO PAULO;SP;06/2024;0;0;0;0;0;0;0;0;0;0;0;0;0;0;0;0;0;117;117;2.263;2.380
FRIDAY INSTITUIÇÃO DE PAGAMENTOS LTDA.;42926025;FRIDAY IP - PRUDENCIAL;;86062;n4;2;41;RIO DE JANEIRO;RJ;06/2024;0;0;0;0;0;0;0;0;0;0;0;0;0;0;0;0;0;22;22;2.317;2.339
MÉRITO DISTRIBUIDORA DE TÍTULOS E VALORES MOBILIÁRIOS LTDA.;41592532;MÉRITO DTVM - PRUDENCIAL;;85874;n2;2;16;SAO PAULO;SP;06/2024;0;0;0;0;0;36;36;0;0;0;0;0;0;0;0;36;0;126;162;2.153;2.314
INTEGRAL ACCESS DISTRIBUIDORA DE TÍTULOS E VALORES MOBILIÁRIOS LTDA.;34978626;INTEGRAL ACCESS DTVM - PRUDENCIAL;;85049;n2;2;16;SAO PAULO;SP;06/2024;0;0;0;0;0;0;0;0;0;0;0;0;0;0;0;0;0;59;59;2.232;2.291
COOPERATIVA DE ECONOMIA E CREDITO MUTUO DOS TRABALHADORES EM CONSELHOS DE FISCALIZACAO PROFISSIONAL NO MUNICIPIO DO RIO DE JANEIRO LTDA.;2850075;;;;b3S;2;9;RIO DE JANEIRO;RJ;06/2024;0;0;0;0;0;0;0;0;0;0;0;0;0;0;0;0;0;296;296;1.986;2.282
AVS CORRETORA DE CÂMBIO LTDA.;25280945;AVS CORRETORA DE CÂMBIO LTDA - PRUDENCIAL;;84590;n2;2;21;CURITIBA;PR;06/2024;0;0;0;0;0;0;0;0;0;0;0;0;0;0;0;0;0;513;513;1.750;2.263
CORPORE SOCIEDADE DE CRÉDITO DIRETO S.A.;7327045;CORPORE SCD - PRUDENCIAL;;83216;n1;2;43;DOURADOS;MS;06/2024;0;0;0;0;0;0;0;0;0;0;0;0;0;0;0;0;0;60;60;2.201;2.261
BRCARD SOCIEDADE DE CRÉDITO DIRETO S/A;39431423;BRCARD SCD - PRUDENCIAL;;85159;n1;2;43;CALDAS NOVAS;GO;06/2024;0;0;0;0;0;0;0;0;0;0;0;0;0;0;0;0;0;89;89;2.153;2.242
COOPERATIVA DE ECONOMIA E CRÉDITO MÚTUO DOS EMPREGADOS DO GRUPO PARAMOUNT;88183173;;;;b3S;2;9;SAPUCAIA DO SUL;RS;06/2024;0;0;0;0;0;0;0;0;0;0;0;0;0;0;0;0;0;109;109;2.108;2.217
EUROINVEST S.A. CORRETORA DE CÂMBIO, TÍTULOS E VALORES MOBILIÁRIOS;34190991;EUROINVEST S/A CCTVM - PRUDENCIAL;;82781;n2;2;15;RIO DE JANEIRO;RJ;06/2024;0;0;0;0;0;0;0;0;0;0;0;0;0;0;0;0;0;269;269;1.906;2.174
COOPERATIVA DE CRÉDITO DOS FUNCIONÁRIOS DA PERPART, DO IPA E DA ADAGRO - COOPEMATER;11356599;;;;b3S;2;9;RECIFE;PE;06/2024;0;0;0;0;0;0;0;0;0;0;0;0;0;0;0;0;0;153;153;2.009;2.162
SETHI SOCIEDADE DE CRÉDITO DIRETO S.A.;50946592;SETHI SCD - PRUDENCIAL;;87016;n1;2;43;FLORIANOPOLIS;SC;06/2024;0;0;0;0;0;0;0;0;0;0;0;0;0;0;0;0;0;36;36;2.119;2.154
BELVO INSTITUICAO DE PAGAMENTO LTDA;43215815;BELVO IP - PRUDENCIAL;;86433;n4;3;41;SAO PAULO;SP;06/2024;0;0;0;0;0;0;0;0;0;0;0;0;0;0;0;0;0;1.786;1.786;358;2.144
PEAK SOCIEDADE DE EMPRÉSTIMO ENTRE PESSOAS S.A.;44019481;PEAK SEP - PRUDENCIAL;;85881;n1;2;44;SAO PAULO;SP;06/2024;0;0;0;0;0;0;0;0;0;0;0;0;0;0;0;0;0;1.096;1.096;1.006;2.103
COOPERATIVA DE ECONOMIA E CRÉDITO MÚTUO SERVIDORES PÚBLICOS ATIVOS, INATIVOS E PENSIONISTAS DA ADMINISTRAÇÃO DIRETA, INDIRETA E ASSEMBLÉIA LEGISLATIVA DO ESTADO DO RIO GRANDE SUL - COOPSERGS;5591437;;;;b3S;2;9;PORTO ALEGRE;RS;06/2024;0;0;0;0;0;0;0;0;0;0;0;0;0;0;0;0;0;1.568;1.568;516;2.085
GIRO - SOCIEDADE DE CRÉDITO DIRETO S/A;40112555;GIRO SCD - PRUDENCIAL;;85496;n1;2;43;CURITIBA;PR;06/2024;0;0;0;0;0;0;0;0;0;0;0;0;0;0;0;0;0;538;538;1.529;2.067
NUMBER ONE SOCIEDADE CORRETORA DE CAMBIO LTDA.;68742204;NUMBER ONE SCC LTDA. - PRUDENCIAL;;81988;n2;2;21;RIO DE JANEIRO;RJ;06/2024;0;0;0;0;0;0;0;0;0;0;0;0;0;0;0;0;0;771;771;1.290;2.061
BRCONDOS SOCIEDADE DE CRÉDITO DIRETO S.A.;49933388;BRCONDOS SCD - PRUDENCIAL;;86921;n1;2;43;JOINVILLE;SC;06/2024;0;0;0;0;0;0;0;0;0;0;0;0;0;0;0;0;0;7;7;2.044;2.051
FIDEM SOCIEDADE DE CRÉDITO DIRETO S/A;45716916;FIDEM SCD - PRUDENCIAL;;86141;n1;2;43;SANTA MARIA;RS;06/2024;0;0;0;0;0;0;0;0;0;0;0;0;0;0;0;0;0;64;64;1.964;2.029
COOPERATIVA DE ECONOMIA E CRÉDITO MÚTUO DOS SERVIDORES DA POLÍCIA MILITAR DO ESTADO DE SÃO PAULO DA REGIÃO CENTRO-OESTE PAULISTA - CREDMIL;4152107;;;;b3S;2;9;BAURU;SP;06/2024;0;0;0;0;0;0;0;0;0;0;0;0;0;0;0;0;0;766;766;1.241;2.007
FINANCRED - SOCIEDADE DE CRÉDITO AO MICROEMPREENDEDOR E A EMPRESA DE PEQUENO PORTE LTDA.;27348513;FINANCRED SCMEPP LTDA. - PRUDENCIAL;;84679;n1;2;10;CAMPO GRANDE;MS;06/2024;0;0;0;0;0;0;0;0;0;0;0;0;0;0;0;0;0;88;88;1.908;1.996
COOPERATIVA DE CRÉDITO DOS EMPREGADOS DA CBA ITAPISSUMA E EMPREGADOS DE EMPRESAS PRESTADORA DE SERVIÇOS INDUSTRIAIS, NO ESTADO DE PERNAMBUCO - CREDCOOPE;8931800;;;;b3S;2;9;ITAPISSUMA;PE;06/2024;0;0;0;0;0;0;0;0;0;0;0;0;0;0;0;0;0;90;90;1.887;1.977
LÚMINA CORRETORA DE CÂMBIO LTDA.;15122605;LUMINA CC - PRUDENCIAL;;82310;n2;2;21;SALVADOR;BA;06/2024;0;0;0;0;0;0;0;0;0;0;0;0;0;0;0;0;0;365;365;1.611;1.977
TRANSFERO INSTITUICAO DE PAGAMENTO LTDA.;47133056;TRANSFERO IP - PRUDENCIAL;;87236;n4;2;41;RIO DE JANEIRO;RJ;06/2024;0;0;0;0;0;0;0;0;0;0;0;0;0;0;0;0;0;445;445;1.513;1.958
COOPERATIVA DE CRÉDITO MÚTUO DOS SERVIDORES PÚBLICOS MUNICIPAIS DE JABOTICABAL - COOPERSERV;881829;;;;b3S;2;9;JABOTICABAL;SP;06/2024;0;0;0;0;0;0;0;0;0;0;0;0;0;0;0;0;0;399;400;1.547;1.946
COOPERATIVA DE ECONOMIA E CRÉDITO MÚTUO DOS EMPREGADOS DAS EMPRESAS SOMART LTDA.;129753;;;;b3S;2;9;URUCANIA;MG;06/2024;0;0;0;0;0;0;0;0;0;0;0;0;0;0;0;0;0;384;384;1.542;1.926
STARCRED SOCIEDADE DE CRÉDITO DIRETO S.A.;35911258;STARCRED SCD - PRUDENCIAL;;85032;n1;2;43;TAQUARA;RS;06/2024;0;0;0;0;0;0;0;0;0;0;0;0;0;0;0;0;0;3;3;1.905;1.908
COOPERATIVA DE ECONOMIA E CRÉDITO MÚTUO DOS EMPREGADOS DA FUNDAÇÃO ARTHUR BERNARDES LTDA. - COOFAB;2738981;;;;b3S;2;9;VICOSA;MG;06/2024;0;0;0;0;0;0;0;0;0;0;0;0;0;0;0;0;0;229;229;1.641;1.871
PAY2ALL INSTITUICAO DE PAGAMENTO LTDA;44815065;BTG PACTUAL - PRUDENCIAL;;80336;n4;2;41;RIO DE JANEIRO;RJ;06/2024;0;0;0;0;0;0;0;0;0;0;0;0;0;0;0;0;0;9;9;1.846;1.855
LAMARA SOCIEDADE DE CRÉDITO DIRETO S.A.;19324634;LAMARA SCD - PRUDENCIAL;;84394;n1;2;43;FORTALEZA;CE;06/2024;0;0;0;0;0;0;0;0;0;0;0;0;0;0;0;0;0;260;260;1.589;1.848
INCO SOCIEDADE DE EMPRÉSTIMO ENTRE PESSOAS S.A.;35340796;INCO SEP - PRUDENCIAL;;86086;n1;2;44;SAO PAULO;SP;06/2024;0;0;0;0;0;0;0;0;0;0;0;0;0;0;0;0;0;446;446;1.398;1.843
FALCON DISTRIBUIDORA DE TÍTULOS E VALORES MOBILIÁRIOS LTDA.;47215387;FALCON DTVM PRUDENCIAL;;86952;n2;2;16;CURITIBA;PR;06/2024;0;0;0;0;0;0;0;0;0;0;0;0;0;0;0;0;0;266;266;1.576;1.842
COOPERATIVA DE CRÉDITO E INVESTIMENTO UNINDÚSTRIA;53841911;;;;b3S;2;9;CONCORDIA;SC;06/2024;34;0;0;6;0;0;40;0;0;0;0;0;0;0;0;40;0;179;219;1.599;1.818
DEBONI DISTRIBUIDORA DE TITULOS E VALORES MOBILIARIOS LTDA;77162881;DEBONI DTVM LTDA - PRUDENCIAL;;84150;n2;2;16;CURITIBA;PR;06/2024;0;0;0;0;0;0;0;0;0;0;0;0;0;0;0;0;0;774;774;1.024;1.798
COOPERATIVA DE ECONOMIA E CRÉDITO MÚTUO DOS EMPREGADOS DA PROLEC GE BRASIL TRANSMISSÃO DE ENERGIA S.A.;88043187;;;;b3S;2;9;CANOAS;RS;06/2024;0;0;0;307;0;0;307;0;0;0;0;0;0;0;0;307;0;34;340;1.456;1.797
COOPERATIVA DE CRÉDITO MÚTUO DOS TRABALHADORES DO SISTEMA FINANCEIRO DE CURITIBA E REGIÃO - COOPCREFI;6942423;;;;b3S;2;9;CURITIBA;PR;06/2024;0;0;0;0;0;0;0;0;0;0;0;0;0;0;0;0;0;112;112;1.627;1.739
CUMBUCA INSTITUIÇÃO DE PAGAMENTO LTDA.;44353942;CUMBUCA IP - PRUDENCIAL;;86866;n4;2;41;SAO PAULO;SP;06/2024;0;0;0;0;0;0;0;0;0;0;0;0;0;0;0;0;0;25;25;1.711;1.735
CREDIHOME SOCIEDADE DE CRÉDITO DIRETO S.A.;39416705;CREDIHOME SCD - PRUDENCIAL;;85403;n1;2;43;SAO PAULO;SP;06/2024;0;0;0;0;0;0;0;0;0;0;0;0;0;0;0;0;0;110;110;1.617;1.727
HBI SOCIEDADE DE CRÉDITO DIRETO S/A.;4849745;HBI SCD - PRUDENCIAL;;83041;n1;2;43;LEOPOLDINA;MG;06/2024;0;0;0;0;0;0;0;0;0;0;0;0;0;0;0;0;0;288;288;1.435;1.723
SINGRATUR CORRETORA DE CÂMBIO LTDA;16854999;SINGRATUR CC LTDA. - PRUDENCIAL;;82389;n2;2;21;MARINGA;PR;06/2024;0;0;0;0;0;0;0;0;0;0;0;0;0;0;0;0;0;330;330;1.351;1.681
GREEN ALTERNATIVE INVESTMENTS DISTRIBUIDORA DE TÍTULOS E VALORES MOBILIÁRIOS S.A.;37800856;GREEN ALTERNATIVE INVESTMENTS DTVM - PRUDENCIAL;;85568;n2;2;16;SAO PAULO;SP;06/2024;0;0;0;0;0;0;0;0;0;0;0;0;0;0;0;0;0;161;161;1.518;1.679
BLU SOCIEDADE DE CRÉDITO DIRETO S.A.;48751854;BLU IP - PRUDENCIAL;;86677;n1;2;43;RIO DE JANEIRO;RJ;06/2024;0;0;0;0;0;0;0;0;0;0;0;0;0;0;0;0;0;27;27;1.640;1.667
COOPERATIVA DE ECONOMIA E CRÉDITO MÚTUO DOS EMPREGADOS DAS EMPRESAS DE DIVERSÕES DO ESTADO DE SÃO PAULO;68314921;;;;b3S;2;9;SAO PAULO;SP;06/2024;0;0;0;0;0;0;0;0;0;0;0;0;0;0;0;0;0;190;190;1.462;1.652
FISERV SOCIEDADE DE CRÉDITO DIRETO S.A.;50053267;FISERV DO BRASIL IP - PRUDENCIAL;;86457;n1;3;43;SAO PAULO;SP;06/2024;0;0;0;0;0;0;0;0;0;0;0;0;0;0;0;0;0;12;12;1.638;1.650
ACTUAL DISTRIBUIDORA DE TÍTULOS E VALORES MOBILIÁRIOS S.A.;44782130;ACTUAL DTVM - PRUDENCIAL;;87243;n2;2;16;BELO HORIZONTE;MG;06/2024;0;0;0;0;0;0;0;0;0;0;0;0;0;0;0;0;0;14;14;1.628;1.641
INICIADOR INSTITUICAO DE PAGAMENTO LTDA;44471172;INICIADOR IP - PRUDENCIAL;;86756;n4;2;41;SAO PAULO;SP;06/2024;0;0;0;0;0;0;0;0;0;0;0;0;0;0;0;0;0;124;124;1.511;1.635
INTEGRAÇÃO DE CRÉDITO E COBRANÇA SOCIEDADE DE CRÉDITO DIRETO S.A.;51118615;INTEGRAÇÃO DE CRÉDITO E COBRANÇA SCD - PRUDENCIAL;;87913;n1;2;43;SAO PAULO;SP;06/2024;0;0;0;0;0;0;0;0;0;0;0;0;0;0;0;0;0;12;12;1.597;1.610
ÍCARO CORRETORA DE CÂMBIO LTDA;72556996;ICARO CC LTDA - PRUDENCIAL;;82190;n2;2;21;CURITIBA;PR;06/2024;0;0;0;0;0;0;0;0;0;0;0;0;0;0;0;0;0;321;321;1.275;1.596
ATLANTA SOCIEDADE DE CRÉDITO AO MICROEMPREENDEDOR LTDA;4772908;ATLANTA SCM LTDA - PRUDENCIAL;;83034;n1;2;10;PASSOS;MG;06/2024;0;0;0;0;0;0;0;0;0;0;0;0;0;0;0;0;0;12;12;1.582;1.594
VNK SOCIEDADE DE CRÉDITO AO MICROEMPREENDEDOR E À EMPRESA DE PEQUENO PORTE LTDA.;20269566;VNK SCMEPP - PRUDENCIAL;;84404;n1;2;10;FORTALEZA;CE;06/2024;0;0;0;0;0;0;0;0;0;0;0;0;0;0;0;0;0;111;111;1.480;1.591
COOPERATIVA DE ECONOMIA E CRÉDITO MÚTUO DOS SERVIDORES DA PREFEITURA MUNICIPAL DE VOTORANTIM;52137361;;;;b3S;2;9;VOTORANTIM;SP;06/2024;0;0;0;0;0;0;0;0;0;0;0;0;0;0;0;0;0;48;48;1.534;1.582
FINLEV SOCIEDADE DE CRÉDITO DIRETO S.A.;44564204;FINLEV SCD PRUDENCIAL;;85850;n1;2;43;BELEM;PA;06/2024;0;0;0;0;0;0;0;0;0;0;0;0;0;0;0;0;0;370;370;1.200;1.570
QUEROCRED SOCIEDADE DE CRÉDITO DIRETO S.A.;49035310;QUEROCRED SCD - PRUDENCIAL;;86615;n1;2;43;CANOAS;RS;06/2024;0;0;0;0;0;0;0;0;0;0;0;0;0;0;0;0;0;188;188;1.323;1.511
COOPERATIVA DE ECONOMIA E CRÉDITO MÚTUO DOS FUNCIONÁRIOS DO GRUPO VOTORANTIM LIMITADA.;75174953;;;;b3S;2;9;RIO BRANCO DO SUL;PR;06/2024;0;0;0;0;0;0;0;0;0;0;0;0;0;0;0;0;0;55;55;1.449;1.504
COOPERATIVA DE ECONOMIA E CRÉDITO MÚTUO DOS BANCÁRIOS DO TRIÂNGULO LTDA.;1301541;;;;b3S;2;9;UBERLANDIA;MG;06/2024;0;0;0;0;0;0;0;0;0;0;0;0;0;0;0;0;0;701;701;784;1.485
OMIE INSTITUICAO DE PAGAMENTO LTDA.;43010260;OMIE IP - PRUDENCIAL;;87157;n4;3;41;SAO PAULO;SP;06/2024;0;0;0;0;0;0;0;0;0;0;0;0;0;0;0;0;0;4;4;1.462;1.466
NIXFIN SOCIEDADE DE CRÉDITO DIRETO S.A.;44921281;NIXFIN SCD - PRUDENCIAL;;85922;n1;2;43;FLORIANOPOLIS;SC;06/2024;0;0;0;0;0;0;0;0;0;0;0;0;0;0;0;0;0;5;5;1.446;1.451
LOAN BRASIL SOCIEDADE DE CRÉDITO DIRETO S.A.;50032584;PROVER PROMOCAO DE VENDAS IP - PRUDENCIAL;;87212;n1;2;43;MANAUS;AM;06/2024;0;0;0;0;0;0;0;0;0;0;0;0;0;0;0;0;0;274;274;1.174;1.448
COOPERATIVA DE ECONOMIA E CRÉDITO MÚTUO DOS EMPREGADOS DA INDÚSTRIA DE PAPÉIS SUDESTE LTDA . - CREDESTE;18340695;;;;b3S;2;9;JUIZ DE FORA;MG;06/2024;0;0;0;0;0;0;0;0;0;0;0;0;0;0;0;0;0;107;107;1.331;1.438
BULLLA SOCIEDADE DE EMPRÉSTIMO ENTRE PESSOAS S.A.;34831910;BULLLA SEP - PRUDENCIAL;;84985;n1;2;44;SAO PAULO;SP;06/2024;0;0;0;0;0;0;0;0;0;0;0;0;0;0;0;0;0;413;413;1.022;1.435
FINAZO SOCIEDADE DE CRÉDITO DIRETO S.A.;48703302;FINAZO SCD - PRUDENCIAL;;86567;n1;2;43;BALNEARIO CAMBORIU;SC;06/2024;0;0;0;0;0;0;0;0;0;0;0;0;0;0;0;0;0;34;34;1.384;1.418
VIA CAPITAL - SOCIEDADE DE CRÉDITO DIRETO S/A;48632754;VIA CAPITAL SCD  - PRUDENCIAL;;86536;n1;2;43;BELO HORIZONTE;MG;06/2024;0;0;0;0;0;0;0;0;0;0;0;0;0;0;0;0;0;32;32;1.380;1.411
FIDO SOCIEDADE DE EMPRÉSTIMO ENTRE PESSOAS S.A.;40819834;FIDO SEP - PRUDENCIAL;;85609;n1;2;44;BRASILIA;DF;06/2024;0;0;0;0;0;0;0;0;0;0;0;0;0;0;0;0;0;94;94;1.292;1.386
XP DISTRIBUIDORA DE TÍTULOS E VALORES MOBILIÁRIOS LTDA.;44475245;XP - PRUDENCIAL;52120;82475;n2;2;16;RIO DE JANEIRO;RJ;06/2024;0;0;0;0;0;0;0;0;0;0;0;0;0;0;0;0;0;13;13;1.370;1.383
VERT DISTRIBUIDORA DE TÍTULOS E VALORES MOBILIÁRIOS LTDA;48967968;VERT DTVM - PRUDENCIAL;;87171;n2;2;16;SAO PAULO;SP;06/2024;0;0;0;0;0;0;0;0;0;0;0;0;0;0;0;0;0;29;29;1.354;1.382
VIP'S CORRETORA DE CÂMBIO LTDA.;17772370;VIPS CC LTDA. - PRUDENCIAL;;82444;n2;2;21;SAO PAULO;SP;06/2024;0;0;0;0;0;0;0;0;0;0;0;0;0;0;0;0;0;185;185;1.162;1.347
LEND INSTITUICAO DE PAGAMENTO LTDA;44154779;LEND SCD - PRUDENCIAL;;85276;n4;2;41;SAO PAULO;SP;06/2024;0;0;0;0;0;0;0;0;0;0;0;0;0;0;0;0;0;436;436;895;1.332
SOLIDEZ - CORRETORA DE CÂMBIO, TÍTULOS E VALORES MOBILIÁRIOS LTDA;96477906;SOLIDEZ CCTVM LTDA. - PRUDENCIAL;;82925;n2;2;15;SAO PAULO;SP;06/2024;0;0;0;0;0;0;0;0;0;0;0;0;0;0;0;0;0;102.408;102.408;-101.079;1.329
FATORI SOCIEDADE DE CRÉDITO AO MICROEMPREENDEDOR E À EMPRESA DE PEQUENO PORTE LTDA.;5669150;FATORI SCMEPP - PRUDENCIAL;;83065;n1;2;10;JOINVILLE;SC;06/2024;0;0;0;0;0;0;0;0;0;0;0;0;0;0;0;0;0;1;1;1.324;1.324
COOPERATIVA DE CRÉDITO DE CAPITAL E EMPRÉSTIMO DOS EMPREGADOS CELETISTAS DE COOPERATIVAS DOS ESTADOS DE SÃO PAULO E MINAS GERAIS - COCREUNI;57987273;;;;b3S;2;9;RIBEIRAO PRETO;SP;06/2024;0;0;0;0;0;0;0;0;0;0;0;0;0;0;0;0;0;121;121;1.202;1.322
COOPERATIVA DE ECONOMIA E CREDITO MUTUO DOS EMPREGADOS NAS INDUSTRIAS QUIMICAS, FARMACEUTICAS E SIMILARES DA REGIAO METROPOLITANA DO RIO DE JANEIRO LTDA;5424088;;;;b3S;2;9;SAO GONCALO;RJ;06/2024;0;0;0;0;0;0;0;0;0;0;0;0;0;0;0;0;0;50;50;1.262;1.312
COOPERATIVA DE CRÉDITO MÚTUO DOS EMPREGADOS DAS INDÚSTRIAS DO PAPEL, PAPELÃO E CORTIÇA DE OTACÍLIO COSTA, LAGES E CORREA PINTO - PAPELCREDI;6369729;;;;b3S;2;9;OTACILIO COSTA;SC;06/2024;0;0;0;734;0;0;734;0;0;0;0;0;0;0;0;734;0;14;748;559;1.307
COOPERATIVA DE CRÉDITO DE SERVIDORES DA UESC - UESCOOP;10548608;;;;b3S;2;9;ILHEUS;BA;06/2024;0;0;0;0;0;0;0;0;0;0;0;0;0;0;0;0;0;45;45;1.261;1.306
COOPERATIVA DE CRÉDITO DOS EMPREGADOS DO GRUPO NEFFA E DEMAIS ESTABELECIMENTOS DO SETOR DE ALIMENTOS DA GRANDE VITÓRIA.;29985421;;;;b3S;2;9;VITORIA;ES;06/2024;0;0;0;0;0;0;0;0;0;0;0;0;0;0;0;0;0;66;66;1.240;1.306
COOPERATIVA DE ECONOMIA E CREDITO MUTUO DOS TRABALHADORES DO GRUPO EMPRESARIAL ITATIAIA LTDA. - COOPERITA;20177390;;;;b3S;2;9;UBA;MG;06/2024;0;0;0;0;0;0;0;0;0;0;0;0;0;0;0;0;0;178;178;1.101;1.279
COOPERATIVA DE ECONOMIA E CRÉDITO MÚTUO DOS EMPREGADOS DA UNIFI - CREDIUNIFI;3685335;;;;b3S;2;9;ALFENAS;MG;06/2024;0;0;0;0;0;0;0;0;0;0;0;0;0;0;0;0;0;52;52;1.213;1.265
EMCASH SERVIÇOS FINANCEIROS SOCIEDADE DE EMPRÉSTIMO ENTRE PESSOAS S.A.;34139916;EMCASH SERVICOS FINANCEIROS SEP - PRUDENCIAL;;85283;n1;2;44;BELO HORIZONTE;MG;06/2024;0;0;0;0;0;0;0;0;0;0;0;0;0;0;0;0;0;205;205;1.056;1.261
CREDIMÓVEL SOCIEDADE DE CRÉDITO DIRETO S.A.;45341994;CREDIMÓVEL SCD - PRUDENCIAL;;86055;n1;2;43;GOIANIA;GO;06/2024;0;0;0;0;0;0;0;0;0;0;0;0;0;0;0;0;0;82;82;1.170;1.252
PROVU SOCIEDADE DE CRÉDITO DIRETO S.A.;42627615;PROVU SCD - PRUDENCIAL;;85764;n1;2;43;SAO PAULO;SP;06/2024;0;0;0;0;0;0;0;0;0;0;0;0;0;0;0;0;0;249;249;1.002;1.250
CF GROUP SOCIEDADE DE EMPRÉSTIMO ENTRE PESSOAS S.A.;41349521;CF GROUP SEP - PRUDENCIAL;;85551;n1;2;44;PORTO ALEGRE;RS;06/2024;0;0;0;0;0;0;0;0;0;0;0;0;0;0;0;0;0;201;201;1.042;1.243
KONECT SOCIEDADE DE CRÉDITO DIRETO S/A;50626276;KONECT SCD - PRUDENCIAL;;87009;n1;2;43;SAO PAULO;SP;06/2024;0;0;0;0;0;0;0;0;0;0;0;0;0;0;0;0;0;8;8;1.226;1.234
OPPENS SOCIEDADE DE EMPRESTIMO ENTRE PESSOAS S.A;44064068;OPPENS SEP - PRUDENCIAL;;86639;n1;2;44;BRASILIA;DF;06/2024;0;0;0;0;0;0;0;0;0;0;0;0;0;0;0;0;0;15;15;1.215;1.230
COOPERATIVA DE ECONOMIA E CREDITO MUTUO DOS EMPREGADOS DA CIA DE ELETRICIDADE DO ESTADO DO RJ CREDICERJ LTDA;30138226;;;;b3S;2;9;NITEROI;RJ;06/2024;0;0;0;0;0;0;0;0;0;0;0;0;0;0;0;0;0;129;129;1.097;1.226
LASTRO RDV DISTRIBUIDORA DE TÍTULOS E VALORES MOBILIÁRIOS LTDA.;71590442;LASTRO RDV DTVM LTDA - PRUDENCIAL;;84129;n2;2;16;ARARAS;SP;06/2024;0;0;0;0;0;22;22;0;0;0;0;0;0;0;0;22;0;109;131;1.086;1.216
COOPERATIVA DE CRÉDITO DOS FUNCIONÁRIOS DO GRUPO PPG;3657230;;;;b3S;2;9;SUMARE;SP;06/2024;0;0;0;0;0;0;0;0;0;0;0;0;0;0;0;0;0;8;8;1.205;1.214
CREDBRASIL - SOCIEDADE DE CRÉDITO AO MICROEMPREENDEDOR LTDA;3635061;CREDBRASIL - SCM LTDA - PRUDENCIAL;;83003;n1;2;10;PAULINIA;SP;06/2024;0;0;0;0;0;0;0;0;0;0;0;0;0;0;0;0;0;59;59;1.151;1.210
COOPERATIVA DE ECONOMIA E CREDITO MUTUO DOS FUNCIONARIOS DA FMC LTDA;42258376;;;;b3S;2;9;RIO DE JANEIRO;RJ;06/2024;0;0;0;0;0;0;0;0;0;0;0;0;0;0;0;0;0;25;25;1.168;1.193
PERCAPITAL SOCIEDADE DE CRÉDITO DIRETO S.A.;48707451;PERCAPITAL SCD - PRUDENCIAL;;86426;n1;2;43;CAMPO GRANDE;MS;06/2024;0;0;0;0;0;0;0;0;0;0;0;0;0;0;0;0;0;54;54;1.136;1.191
NGO ASSOCIADOS CORRETORA DE CÂMBIO LTDA.;65635377;NGO ASSOCIADOS CC LTDA. - PRUDENCIAL;;82152;n2;2;21;SAO PAULO;SP;06/2024;0;0;0;0;0;0;0;0;0;0;0;0;0;0;0;0;0;478;478;677;1.154
DM SOCIEDADE DE CRÉDITO DIRETO S.A.;37555231;DM FINANCEIRA CFI - PRUDENCIAL;52357;83467;n1;2;43;SAO JOSE DOS CAMPOS;SP;06/2024;0;0;0;0;0;0;0;0;0;0;0;0;0;0;0;0;0;64;64;1.081;1.145
PRONANCE SOCIEDADE CORRETORA DE CÂMBIO LTDA;41560568;PRONANCE SCC - PRUDENCIAL;;86804;n2;2;21;CURITIBA;PR;06/2024;0;0;0;0;0;0;0;0;0;0;0;0;0;0;0;0;0;38;38;1.100;1.138
KIKAI SOCIEDADE DE CRÉDITO DIRETO S.A.;43978697;KIKAI SCD PRUDENCIAL;;85836;n1;2;43;BARUERI;SP;06/2024;0;0;0;0;0;0;0;0;0;0;0;0;0;0;0;0;0;3;3;1.127;1.130
ASAAS SOCIEDADE DE CREDITO DIRETO S.A.;48786608;ASAAS GESTAO FINANCEIRA IP - PRUDENCIAL;;85771;n1;2;43;JOINVILLE;SC;06/2024;0;0;0;0;0;0;0;0;0;0;0;0;0;0;0;0;0;16;16;1.105;1.121
CREDILON SOCIEDADE DE CRÉDITO AO MICROEMPREENDEDOR DA REGIÃO DE LONDRINA LTDA.;4223451;CREDILON SCM REG. LONDRINA LTD - PRUDENCIAL;;83120;n1;2;10;LONDRINA;PR;06/2024;0;0;0;0;0;0;0;0;0;0;0;0;0;0;0;0;0;8;8;1.100;1.108
COOPERATIVA DE ECONOMIA E CRÉDITO MÚTUO DOS EMPREGADOS DA MOSAIC FERTILIZANTES DO BRASIL - COCRESGO LTDA.;968834;;;;b3S;2;9;CATALAO;GO;06/2024;0;0;0;0;0;0;0;0;0;0;0;0;0;0;0;0;0;26;26;1.051;1.076
COOPERATIVA DE ECONOMIA E CREDITO MUTUO DOS EMPREGADOS DO COLEGIO SANTO INACIO - COESI;2447184;;;;b3S;2;9;RIO DE JANEIRO;RJ;06/2024;0;0;0;0;0;0;0;0;0;0;0;0;0;0;0;0;0;80;80;979;1.060
CRYSTAL BMC - INSTITUICAO DE PAGAMENTO LTDA.;43561343;CRYSTAL BMC IP - PRUDENCIAL;;86196;n4;2;41;BARUERI;SP;06/2024;0;0;0;0;0;0;0;0;0;0;0;0;0;0;0;0;0;44;44;1.005;1.049
QUANTO NETWORK INSTITUICAO DE PAGAMENTO LTDA.;42064545;QUANTO NETWORK IP - PRUDENCIAL;;85939;n4;2;41;SAO PAULO;SP;06/2024;0;0;0;0;0;0;0;0;0;0;0;0;0;0;0;0;0;39;39;1.003;1.042
B3 INSTITUICAO DE PAGAMENTO LTDA;47825528;BANCO B3 - PRUDENCIAL;;81225;n4;2;41;SAO PAULO;SP;06/2024;0;0;0;0;0;0;0;0;0;0;0;0;0;0;0;0;0;61;61;976;1.037
CONSEGTUR CORRETORA DE CÂMBIO LTDA.;15168152;CONSEGTUR CC - PRUDENCIAL;;82303;n2;2;21;SAO PAULO;SP;06/2024;0;0;0;0;0;0;0;0;0;0;0;0;0;0;0;0;0;467;467;556;1.023
ONNIX CORRETORA DE CÂMBIO LTDA.;7333726;ONNIX CC LTDA. - PRUDENCIAL;;82011;n2;2;21;PORTO ALEGRE;RS;06/2024;0;0;0;0;0;0;0;0;0;0;0;0;0;0;0;0;0;199;199;806;1.005
MARMARIS CORRETORA DE CÂMBIO LTDA.;45056494;MARMARIS CC - PRUDENCIAL;;86660;n2;2;21;SAO PAULO;SP;06/2024;0;0;0;0;0;0;0;0;0;0;0;0;0;0;0;0;0;91;91;903;994
COOPERATIVA DE ECONOMIA E CRÉDITO MÚTUO DOS FUNCIONÁRIOS DA ASSEMBLÉIA LEGISLATIVA DO ESTADO DA PARAÍBA LTDA. -  COOPERLEGIS;41146382;;;;b3S;2;9;JOAO PESSOA;PB;06/2024;0;0;0;0;0;0;0;0;0;0;0;0;0;0;0;0;0;452;452;500;952
COOPERATIVA DE ECONOMIA E CRÉDITO MÚTUO DOS TRABALHADORES DAS INDÚSTRIAS METALÚRGICAS DE PORTO ALEGRE E GRANDE PORTO ALEGRE;90560434;;;;b3S;2;9;CACHOEIRINHA;RS;06/2024;0;0;0;0;0;0;0;0;0;0;0;0;0;0;0;0;0;33;33;915;948
CORREPARTI CORRETORA DE CAMBIO LTDA;80202872;CORREPARTI CC LTDA - PRUDENCIAL;;82231;n2;2;21;SAO JOSE DOS PINHAIS;PR;06/2024;0;0;0;0;0;0;0;0;0;0;0;0;0;0;0;0;0;129;129;764;893
EBADIVAL - E. BAGGIO DISTRIBUIDORA DE TÍTULOS E VALORES MOBILIÁRIOS LTDA.;89784367;EBADIVAL - E BAGGIO DTVM LTDA - PRUDENCIAL;;83876;n2;2;16;CURITIBA;PR;06/2024;0;0;0;0;0;0;0;0;0;0;0;0;0;0;0;0;0;6;6;839;845
COOPERATIVA DE CRÉDITO DE CAPITAL E EMPRÉSTIMO DOS TRABALHADORES NAS EMPRESAS DE TECNOLOGIA E INFORMÁTICA DE BELO HORIZONTE E CIDADES LIMÍTROFES LTDA - COOPERINFOR;28435685;;;;b3S;2;9;BELO HORIZONTE;MG;06/2024;0;0;0;0;0;0;0;0;0;0;0;0;0;0;0;0;0;23;23;735;758
COOPERATIVA DE ECONOMIA E CRÉDITO MÚTUO DOS BANCÁRIOS DE BELO HORIZONTE E REGIÃO METROPOLITANA LTDA. - COOPEB;71502181;;;;b3S;2;9;BELO HORIZONTE;MG;06/2024;0;0;0;0;0;0;0;0;0;0;0;0;0;0;0;0;0;50;50;703;753
BEZZ SOCIEDADE DE CRÉDITO DIRETO S.A.;46130566;BEZZ SCD - PRUDENCIAL;;86127;n1;2;43;RIO DE JANEIRO;RJ;06/2024;0;0;0;0;0;0;0;0;0;0;0;0;0;0;0;0;0;72;72;677;749
COOPERATIVA DE CRÉDITO MÚTUO DOS EMPREGADOS DO CENTRO UNIVERSITÁRIO NEWTON PAIVA LTDA. - CREDIPAIVA;20833992;;;;b3S;2;9;BELO HORIZONTE;MG;06/2024;0;0;0;0;0;0;0;0;0;0;0;0;0;0;0;0;0;11;11;736;746
FIDUCIAL DISTRIBUIDORA DE TÍTULOS E VALORES MOBILIÁRIOS LTDA.;10280601;FIDUCIAL DTVM LTDA - PRUDENCIAL;;84198;n2;2;16;BELO HORIZONTE;MG;06/2024;0;0;0;0;0;0;0;0;0;0;0;0;0;0;0;0;0;115;115;627;742
COOPERATIVA DE ECONOMIA E CRÉDITO MÚTUO DOS FUNCIONÁRIOS DO BANESPA DE BOTUCATU E CIDADES LIMÍTROFES;3219207;;;;b3S;2;9;BOTUCATU;SP;06/2024;0;0;0;0;0;0;0;0;0;0;0;0;0;0;0;0;0;20;20;647;666
COOPERATIVA DE ECONOMIA E CREDITO MUTUO DOS FUNCIONARIOS DA SANEPAR - CREDISANEPAR;3165497;;;;b3S;2;9;CASCAVEL;PR;06/2024;1;0;0;1;0;0;2;0;0;0;0;0;0;0;0;2;0;30;32;617;649
CORRETORA DE CÂMBIO AÇORIANA LIMITADA.;15761217;CC AÇORIANA LTDA. - PRUDENCIAL;;82341;n2;2;21;FLORIANOPOLIS;SC;06/2024;0;0;0;0;0;0;0;0;0;0;0;0;0;0;0;0;0;105;105;513;618
AVIPAM CORRETORA DE CAMBIO LTDA;3443143;AVIPAM CC LTDA. - PRUDENCIAL;;82042;n2;2;21;RIO DE JANEIRO;RJ;06/2024;0;0;0;0;0;0;0;0;0;0;0;0;0;0;0;0;0;25;25;575;600
COOPERATIVA DE ECONOMIA E CRÉDITO MÚTUO DOS BANCÁRIOS DE JUIZ DE FORA LTDA. - COCBAN;4158581;;;;b3S;2;9;JUIZ DE FORA;MG;06/2024;0;0;0;0;0;0;0;0;0;0;0;0;0;0;0;0;0;17;17;528;545
SOL CORRETORA DE CÂMBIO LTDA.;8520517;SOL CC - PRUDENCIAL;;82097;n2;2;21;NATAL;RN;06/2024;0;0;0;0;0;0;0;0;0;0;0;0;0;0;0;0;0;178;178;296;474
MEGA CORRETORA DE CÂMBIO LTDA.;15077393;MEGA CC LTDA. - PRUDENCIAL;;82327;n2;2;21;RIO CLARO;SP;06/2024;0;0;0;0;0;0;0;0;0;0;0;0;0;0;0;0;0;10;10;452;462
CP & FRIZZO - DISTRIBUIDORA DE TÍTULOS E VALORES MOBILIÁRIOS LTDA;62264924;HC - DTVM LTDA - PRUDENCIAL;;83838;n2;2;16;SAO PAULO;SP;06/2024;0;0;0;0;0;0;0;0;0;0;0;0;0;0;0;0;0;69;69;366;436
CONEXION CORRETORA DE CÂMBIO LTDA.;17635177;CONEXION CC LTDA. - PRUDENCIAL;;82420;n2;3;21;RIBEIRAO PRETO;SP;06/2024;0;0;0;0;0;0;0;0;0;0;0;0;0;0;0;0;0;18;18;347;365
COOPERATIVA DE ECONOMIA E CRÉDITO MÚTUO DOS BANCÁRIOS DE SOROCABA E REGIÃO;71491609;;;;b3S;2;9;SOROCABA;SP;06/2024;0;0;0;0;0;0;0;0;0;0;0;0;0;0;0;0;0;62;62;224;285
NITRO SOCIEDADE DE CRÉDITO DIRETO S.A.;52440987;NITRO SCD - PRUDENCIAL;;87250;n1;2;43;BARUERI;SP;06/2024;0;0;0;0;0;0;0;0;0;0;0;0;0;0;0;0;0;90;90;147;237
INIPAY INSTITUICAO DE PAGAMENTO LTDA;44459799;INIPAY IP - PRUDENCIAL;;86794;n4;2;41;SAO PAULO;SP;06/2024;0;0;0;0;0;0;0;0;0;0;0;0;0;0;0;0;0;1;1;169;170
COOPERATIVA DE CRÉDITO E INVESTIMENTO COM INTERAÇÃO SOLIDÁRIA DE TOLEDO E REGIÃO - CRESOL PRIMATO CREDI;53575491;;;;b3S;2;9;TOLEDO;PR;06/2024;0;0;0;60;0;0;60;0;0;0;0;0;0;0;0;60;0;0;61;102;163
QESH INSTITUICAO DE PAGAMENTO LTDA;31818873;QESH IP - PRUDENCIAL;;87030;n4;2;41;NOVA LIMA;MG;06/2024;NI;NI;NI;NI;NI;NI;NI;NI;NI;NI;NI;NI;NI;NI;NI;NI;NI;NI;NI;NI;NI
COOPERATIVA CENTRAL DE CRÉDITO COM INTERAÇÃO SOLIDÁRIA - CENTRAL CRESOL NORDESTE;10013534;;;;b3C;2;9;LAURO DE FREITAS;BA;06/2024;NI;NI;NI;NI;NI;NI;NI;NI;NI;NI;NI;NI;NI;NI;NI;NI;NI;NI;NI;NI;NI
